LayerId , meanDifference, maxDifference, meanOrigFloat, meanRelDifference, orgmax, quantizedMax,orgAtmaxDiff, quantizedAtMaxDiff,maxRelDifference, Scale , , , , Hist 
2,0.012087,0.044315,1.918983,1.119909,5.672358,5.628043,-0.421559,-0.443153,5.122353,22.565571, , , ,0,0,0,0,0,1,0,0,0,0,0,0,0,0,1,0,0,0,0,0,0,0,0,0,0,0,0,0,0,0,0,0,0,0,0,0,0,0,0,0,0,0,0,0,0,0,0,0,0,0,0,0,0,0,0,0,0,0,0,1,0,1,0,0,1,0,0,0,0,0,0,1,0,0,1,0,0,1,0,0,0,0,1,0,0,0,0,0,0,0,0,0,0,0,0,0,0,0,0,0,0,0,0,0,0,0,0,0,0,0,0,0,0,0,0,0,0,0,0,0,0,0,0,0,0,0,0,0,0,0,0,0,0,0,0,0,0,0,0,0,0,0,0,0,0,0,0,0,0,0,0,0,0,0,0,0,0,1,0,0,0,0,0,0,0,0,0,0,0,0,0,0,0,0,0,0,0,0,0,0,0,0,0,0,0,0,0,0,0,0,0,0,0,0,0,0,0,0,0,0,0,0,0,0,0,0,0,0,0,0,0,0,1,0,1,0,0,0,0,0,0,0,1,0,0,0,0,0,1,0,0,0,0,0,0,0,0,0,0,0,0,0,0,0,0,0,0,0,0,0,0,0,0,0,0,0,0,0,0,0,0,0,0,0,0,0,0,0,0,0,0,0,0,0,0,0,0,0,0,0,0,0,0,0,0,0,0,0,0,0,0,0,0,0,0,0,0,0,0,0,0,0,0,0,0,0,0,0,0,0,0,0,0,0,0,0,0,0,0,0,0,0,0,0,0,0,0,0,1,0,0,0,0,1,0,0,0,0,0,0,0,0,1,0,0,0,0,0,0,0,0,0,0,0,0,0,0,0,0,0,0,0,0,0,0,0,1,1,0,0,0,0,0,0,0,0,1,0,0,1,0,0,0,0,0,1,0,0,0,0,0,0,0,0,0,0,0,0,0,0,0,0,0,0,0,0,0,0,0,0,0,0,0,0,0,1,1,0,0,0,0,0,0,0,0,0,0,0,0,0,0,0,0,0,0,0,0,0,0,0,0,0,0,0,0,0,1,0,0,0,0,0,0,0,0,0,0,0,0,0,0,0,0,0,0,0,0,0,0,0,0,0,0,0,0,0,0,0,0,1,0,0,0,1,0,0,0,0,0,0,0,0,0,0,0,0,0,0,0,0,0,0,0,0,0,0,0,0,0,0,0,0,0,0,0,0,0,0,0,0,0,0,0,0,0,0,0,0,0,0,0,0,0,0,0,0,0,0,0,0,0,0,0,0,0,0,0,0,0,0,0,0,0,0,0,0,0,0,0,0,0,0,0,0,0,0,0,0,0,0,0,0,0,0,0,0,0,0,0,0,0,0,0,0,0,0,0,0,0,0,0,0,0,0,0,0,0,0,0,0,0,0,0,0,0,0,0,0,0,0,0,0,0,0,0,0,0,0,0,0,0,0,0,0,0,0,0,0,0,0,0,0,0,0,0,0,0,0,0,0,0,0,0,0,0,0,0,0,0,0,0,0,0,0,0,0,0,0,0,0,0,0,0,0,0,0,0,0,0,0,0,0,0,0,0,0,1,0,0,0,0,0,0,0,0,0,0,0,0,0,0,0,0,0,1,0,0,0,0,0,0,0,0,0,0,0,0,0,0,0,0,0,0,0,0,0,0,0,0,0,0,0,0,0,0,0,0,0,0,0,0,0,0,0,0,0,0,0,0,0,0,0,0,0,0,0,0,0,0,0,0,0,0,0,0,0,0,0,0,0,0,0,0,0,0,0,0,0,0,0,0,0,0,0,0,0,0,0,0,0,0,0,0,0,0,0,0,0,0,0,0,0,0,0,0,0,0,0,0,0,0,0,0,0,0,0,0,0,0,0,0,0,0,0,0,0,0,0,0,0,0,0,0,0,0,0,0,0,0,0,0,0,0,0,0,0,0,0,0,0,0,0,0,0,0,0,0,0,0,0,0,0,0,0,0,0,0,0,0,0,0,0,0,0,0,0,0,0,0,0,0,1,0,0,0,0,0,0,0,0,0,0,0,0,0,0,0,0,0,0,0,0,0,0,0,0,0,0,0,0,0,0,1,0,0,0,0,0,0,0,0,0,0,0,0,0,0,0,0,0,0,0,0,0,0,0,0,0,0,0,0,0,0,0,0,0,0,0,0,0,0,0,0,0,0,0,0,0,0,0,0,0,0,0,0,0,0,0,0,0,0,0,0,0,0,0,0,0,0,0,0,0,0,0,0,0,0,0,0,0,0,0,0,0,0,0,0,0,0,0,0,0,0,0,0,0,0,0,0,1,
2,0.000034,0.000091,0.001552,3.163359,0.022201,0.022156,0.000460,0.000549,19.352459,5461.333496, , , ,242,39,18,12,15,9,11,9,9,4,14,8,2,6,9,6,3,5,9,6,4,3,5,3,12,5,6,5,2,5,4,6,4,8,6,7,4,7,3,4,3,4,3,0,5,4,4,3,1,1,4,2,2,6,4,1,1,5,3,4,4,4,3,3,1,3,6,5,1,1,1,3,3,5,2,1,0,6,0,0,2,0,1,3,0,3,5,3,1,0,2,3,1,1,2,1,3,0,1,4,0,2,1,2,2,3,2,2,1,2,1,2,3,1,2,0,2,2,0,3,3,0,2,1,0,0,0,1,1,0,1,1,2,0,0,0,3,0,0,1,3,0,2,0,1,1,1,2,0,1,0,1,1,1,0,1,0,0,1,0,0,1,0,1,1,0,0,0,1,1,0,0,0,2,1,1,0,2,0,0,1,0,0,1,0,0,0,0,0,1,2,0,0,0,1,0,1,0,0,0,0,1,0,1,0,1,1,0,2,1,0,1,0,0,1,1,1,0,0,0,1,0,0,0,1,1,1,0,0,0,0,0,0,1,0,0,0,0,0,1,0,0,0,1,0,0,0,2,2,0,0,0,0,0,1,1,2,1,0,0,0,0,1,1,0,0,1,0,0,1,0,2,0,1,0,0,1,1,0,0,0,0,0,0,2,0,0,0,0,0,0,0,0,1,0,0,0,0,0,0,0,0,0,0,1,0,0,0,0,0,0,0,1,0,0,0,0,1,0,0,2,0,1,1,0,0,0,0,0,0,0,0,0,0,0,0,0,1,1,0,1,0,0,0,0,1,1,2,0,2,0,1,0,0,0,0,0,0,0,0,0,0,0,0,0,0,0,0,0,0,1,0,0,0,0,1,1,0,0,0,0,0,0,0,1,0,2,0,1,0,0,0,0,0,0,1,0,0,0,2,0,0,0,0,0,1,0,0,0,0,0,0,0,0,0,0,0,0,1,0,0,0,0,0,0,1,0,0,0,0,0,0,0,0,1,1,0,0,0,0,0,0,0,1,0,0,0,0,0,0,0,0,0,1,0,0,0,0,0,1,1,0,0,0,0,0,0,0,0,0,0,0,0,0,0,0,0,0,0,0,0,0,0,0,0,0,0,0,0,1,0,0,0,0,0,0,0,0,0,0,0,0,0,0,0,0,0,0,1,0,0,0,0,1,0,0,0,0,0,0,1,0,0,0,0,0,0,1,0,0,0,0,0,1,0,0,0,0,0,0,0,0,0,0,0,0,0,0,0,0,0,0,0,1,0,0,0,0,0,0,0,0,0,0,1,0,0,0,0,0,0,0,0,0,0,0,0,0,0,1,0,1,0,0,1,0,0,0,0,0,0,0,0,0,0,0,0,0,0,0,0,0,0,0,0,1,0,1,1,0,0,0,0,0,0,0,0,0,0,0,0,0,0,0,0,0,0,0,0,0,0,0,0,0,0,0,0,0,0,0,0,0,0,0,0,0,0,0,0,0,0,0,0,0,0,0,0,0,0,0,0,0,0,0,0,0,0,0,0,0,0,0,0,0,0,0,0,0,1,0,0,0,0,0,0,0,0,0,0,0,0,0,0,0,0,0,0,0,0,0,0,0,0,0,0,0,0,0,0,0,0,0,0,0,0,0,0,0,0,0,0,0,1,0,1,0,0,0,0,0,0,0,0,0,0,0,0,0,0,0,0,0,0,0,0,0,0,0,0,0,0,0,0,1,0,0,0,0,0,0,0,0,0,0,0,0,0,0,0,0,0,0,0,0,0,0,0,0,0,0,0,0,0,0,0,0,0,0,0,0,0,0,0,0,0,0,0,0,0,0,0,0,0,0,0,0,0,0,0,0,0,0,0,0,0,0,0,0,0,0,0,0,0,0,0,0,0,0,0,0,0,0,0,0,0,0,0,0,0,0,0,0,0,0,0,0,0,0,0,0,0,0,0,0,0,0,0,0,0,0,0,0,0,0,0,0,0,0,0,0,0,0,0,0,0,0,0,0,0,0,0,0,0,0,0,0,0,0,0,0,0,0,0,0,0,0,0,0,0,0,0,0,0,0,0,0,0,0,0,0,0,0,0,0,0,0,0,0,0,0,0,0,0,0,0,0,0,0,0,0,0,0,0,0,0,0,0,0,0,0,0,0,0,0,0,0,0,0,0,0,0,0,0,0,0,0,0,0,0,0,0,0,0,0,0,0,0,0,0,0,0,0,0,0,0,0,0,0,0,0,0,0,0,0,0,0,0,0,0,0,0,0,0,0,0,0,0,0,0,1,
3,0.013225,0.052573,1.701691,1.755044,6.729345,6.676772,0.187908,0.210292,11.912248,19.021168, , , ,0,0,0,0,0,0,0,0,0,1,0,0,0,0,0,0,0,0,0,0,0,0,0,0,0,0,0,1,0,0,0,0,0,0,1,0,0,1,0,0,0,0,0,0,0,0,0,0,0,0,0,0,0,0,0,0,0,0,0,0,0,0,1,0,0,0,0,0,0,0,1,0,0,1,0,0,0,0,1,0,1,0,0,0,0,0,0,0,0,0,1,0,0,0,0,0,0,0,0,0,0,0,0,0,0,0,0,0,0,0,0,0,0,0,1,0,1,0,0,0,0,0,0,0,1,0,1,0,0,0,0,0,0,1,0,1,0,0,0,0,0,1,1,0,0,0,0,0,1,0,0,0,0,0,0,0,0,0,0,0,0,0,0,0,0,0,0,0,0,0,0,0,0,1,0,0,0,0,0,0,0,0,0,0,0,0,0,0,0,0,0,0,0,0,0,0,0,0,0,0,0,0,0,0,0,0,0,0,0,0,0,0,0,0,0,0,0,0,0,0,0,0,0,0,0,0,0,0,0,0,0,0,0,0,0,0,0,0,0,0,0,0,0,1,0,0,0,0,0,0,0,0,1,0,0,0,0,0,0,0,0,0,0,0,0,0,0,0,0,0,0,0,0,0,0,0,0,0,1,0,0,0,0,0,0,0,0,0,0,0,0,0,0,0,0,0,0,0,0,0,0,0,0,0,0,0,0,0,0,0,0,0,0,0,0,0,0,0,0,0,0,0,0,0,0,0,0,0,0,0,0,0,1,0,0,0,0,0,0,0,0,0,0,0,0,0,0,0,0,0,0,0,0,0,0,0,0,0,0,0,0,0,0,0,0,0,0,0,0,0,0,0,0,0,0,0,0,0,0,0,0,0,0,1,0,0,0,0,0,1,0,0,0,0,0,0,0,0,0,0,0,0,0,0,0,0,0,0,0,0,0,0,0,0,0,0,1,0,0,0,0,0,0,0,0,0,0,0,0,0,0,0,0,0,0,0,0,0,0,0,0,0,0,0,0,0,0,0,0,0,0,0,0,0,0,0,0,0,0,0,0,0,0,0,0,0,0,0,0,0,0,0,0,0,0,0,0,0,0,0,0,0,0,0,0,0,0,0,0,0,0,0,0,0,0,0,0,0,0,0,0,0,0,0,0,0,0,0,0,0,0,0,0,0,0,0,0,0,0,0,0,0,0,0,0,0,0,0,0,0,0,0,0,0,0,0,0,0,0,0,0,0,0,0,0,0,0,0,0,0,0,0,0,0,0,0,0,0,0,0,0,0,0,0,0,0,0,0,0,0,0,0,0,0,0,0,0,0,0,0,0,0,0,0,0,0,0,0,0,0,0,0,0,0,0,0,0,0,0,0,0,0,0,0,0,0,0,0,0,0,0,0,0,0,0,0,0,0,0,0,0,0,0,0,0,0,0,0,0,0,0,0,1,0,0,0,0,0,0,0,0,0,0,0,0,1,0,0,0,0,0,0,0,0,0,0,0,0,0,0,0,0,0,0,0,0,0,0,0,0,0,0,0,0,0,0,0,0,0,0,0,0,0,0,0,0,0,0,0,0,0,0,0,0,0,0,0,0,1,0,0,0,0,0,0,0,0,0,0,0,0,0,0,0,0,0,0,0,0,0,0,0,0,0,0,0,0,0,0,0,0,0,0,0,0,0,0,0,0,0,0,0,0,0,0,0,0,0,0,0,0,0,0,0,0,0,0,0,0,0,0,0,0,0,0,0,0,0,0,0,0,0,0,0,0,0,0,0,0,0,0,0,0,0,0,0,0,0,0,0,0,0,0,0,0,0,0,0,0,0,0,0,0,0,0,0,0,0,0,0,0,0,0,0,0,0,0,0,0,0,0,0,0,0,0,0,0,0,0,0,0,0,0,0,0,0,0,0,0,0,0,0,0,0,0,0,0,0,0,0,0,0,0,0,0,0,0,0,0,0,0,0,0,0,0,0,0,0,0,0,0,0,0,0,0,0,0,0,0,0,0,0,0,0,0,0,0,0,1,0,0,0,0,0,0,0,0,0,0,0,0,0,0,0,0,0,0,0,0,0,0,0,0,0,0,0,0,0,0,0,0,0,0,0,0,0,0,0,0,0,0,0,0,0,0,0,0,0,0,0,0,0,0,0,0,0,0,0,0,0,0,0,0,0,0,0,0,0,0,0,0,0,0,0,0,0,0,0,0,0,0,0,0,0,0,0,0,0,0,0,0,0,0,0,0,0,0,0,0,0,0,0,0,0,0,0,0,0,0,1,
3,1.831142,35.282402,3.613420,15.195501,42.282402,7.000000,42.282402,7.000000,83.444649,16.000000, , , ,47,20,27,14,17,10,8,4,3,3,1,4,2,6,2,1,1,1,2,3,2,0,2,3,1,1,3,1,2,0,0,1,2,1,3,1,1,0,1,2,0,1,2,1,0,1,0,0,1,1,0,1,0,0,1,0,0,2,1,2,1,0,1,1,0,0,0,0,0,2,3,1,0,0,0,1,0,1,0,2,0,0,0,0,0,0,1,0,0,1,0,1,0,0,0,0,0,0,0,0,0,0,2,0,0,0,0,0,0,0,0,0,0,1,0,0,0,0,0,0,0,0,0,0,1,0,0,0,0,0,0,0,1,0,1,1,0,0,0,0,0,0,0,0,0,0,0,0,0,0,0,2,0,0,0,0,1,0,0,0,0,0,0,0,0,0,0,0,0,0,0,1,0,0,0,0,1,0,0,1,0,1,0,0,0,0,0,0,0,0,0,1,0,0,0,0,1,0,0,0,1,0,0,0,1,0,0,0,0,0,0,1,0,0,0,0,0,0,0,0,0,0,0,0,0,0,0,0,0,0,0,0,0,0,0,0,0,0,1,0,1,0,0,0,0,0,0,0,0,0,0,0,0,1,0,0,0,0,0,0,0,0,0,1,0,0,0,0,0,0,0,1,0,0,1,0,0,0,0,0,0,0,0,0,0,0,0,0,0,0,0,0,0,0,1,1,0,0,0,0,0,0,0,0,0,0,0,0,0,0,0,0,0,0,0,0,0,0,0,0,0,0,0,0,0,0,0,0,0,0,0,0,1,0,0,0,0,0,0,1,0,0,0,0,0,0,0,0,0,0,0,0,0,0,0,0,0,0,0,0,1,0,0,0,0,0,0,0,0,0,0,0,1,0,0,0,0,0,0,0,0,0,0,0,0,0,0,0,0,0,0,0,0,0,0,0,0,0,0,0,0,0,0,0,1,0,0,0,0,0,0,1,0,0,0,0,0,1,0,0,0,1,0,0,0,0,0,0,0,0,0,0,0,0,0,0,0,0,1,0,1,0,0,0,0,0,0,1,0,0,0,0,0,0,1,0,0,0,0,0,0,0,0,0,0,0,1,0,0,0,0,0,0,1,0,0,0,0,0,0,0,0,0,0,0,0,0,0,0,0,0,0,0,0,0,0,0,0,0,1,0,0,0,0,0,0,0,0,0,0,0,0,0,0,0,0,0,0,0,0,0,0,0,0,0,0,0,1,0,0,0,0,0,0,0,0,0,0,0,0,0,0,1,0,0,0,0,0,0,0,0,0,0,0,0,0,0,0,0,0,0,0,0,0,0,0,0,0,0,0,0,0,0,0,0,0,0,0,0,0,1,0,0,0,0,0,0,0,0,0,0,0,0,0,0,0,0,0,0,0,0,0,0,0,0,0,0,0,0,0,0,0,0,0,0,0,0,0,0,0,0,0,0,0,0,0,0,0,0,0,0,0,0,0,0,0,0,0,0,0,0,0,0,0,0,0,0,0,0,0,0,0,0,0,0,0,0,0,0,0,0,0,0,0,0,0,0,0,0,0,0,0,0,0,0,0,0,0,0,0,0,0,1,0,0,0,0,0,0,0,0,0,0,0,0,0,0,0,0,0,0,0,0,0,0,0,0,0,0,0,0,0,0,0,0,0,0,0,0,0,0,0,0,0,0,0,1,0,0,1,0,0,0,0,0,0,0,0,0,0,0,0,0,0,0,0,0,0,0,0,0,0,0,0,1,0,0,0,0,0,0,0,0,0,0,0,0,0,0,0,0,0,0,0,0,0,1,0,0,0,0,0,0,0,0,0,0,0,0,0,0,0,0,0,0,1,0,0,1,0,0,0,0,0,0,0,0,0,0,0,0,0,0,0,0,0,0,0,0,0,0,0,0,0,0,0,0,0,0,0,0,0,0,0,0,0,0,0,0,0,1,0,0,0,0,0,0,0,0,0,0,0,0,0,0,0,0,0,0,0,0,0,0,0,0,0,0,0,0,0,0,0,0,0,0,0,0,0,0,0,0,0,0,0,0,0,0,0,0,0,0,0,0,0,0,0,0,0,0,0,0,0,0,0,0,0,0,0,0,0,0,0,0,0,0,0,0,0,0,0,0,0,0,0,0,0,0,0,0,0,0,0,0,1,0,0,0,0,0,0,0,0,0,0,0,0,0,0,0,0,0,0,0,0,0,0,0,0,0,0,0,0,0,0,0,0,0,0,0,0,0,0,0,0,0,0,0,0,0,0,0,0,0,0,0,0,0,0,0,0,0,0,0,0,0,0,0,0,0,1,
4,0.037771,0.139402,3.649595,1.752887,17.843477,17.704075,0.635969,0.697011,9.598250,7.173490, , , ,0,0,0,2,1,1,1,0,0,0,0,0,0,1,0,0,0,0,0,1,0,0,0,0,0,1,0,0,0,0,1,1,0,0,0,1,0,0,1,1,0,0,0,0,0,1,1,0,0,0,1,0,1,1,1,0,0,0,0,0,0,0,0,0,0,0,0,0,0,0,0,2,0,0,0,1,0,0,0,1,0,1,0,1,0,0,1,0,0,0,0,0,0,0,0,0,0,1,0,0,0,0,0,0,0,1,0,0,0,0,0,1,0,0,0,0,0,0,0,0,0,0,0,1,0,0,0,0,0,1,0,0,0,0,0,0,0,0,0,0,0,0,0,0,0,1,1,0,0,0,0,0,1,0,0,0,0,1,0,0,0,0,0,1,0,0,0,0,0,0,0,0,0,0,0,0,0,0,0,0,0,0,0,0,0,0,0,0,0,1,0,0,0,0,0,0,0,0,0,0,1,0,0,0,0,0,0,0,0,0,0,0,0,0,0,0,0,0,0,0,0,0,1,1,0,0,0,0,0,0,0,0,0,0,0,0,1,0,0,0,1,1,0,1,0,0,0,0,0,0,1,0,1,0,0,0,0,0,0,0,0,0,0,0,0,0,0,0,0,0,0,0,0,0,0,0,0,1,0,0,0,0,0,0,0,1,0,0,1,0,0,0,0,0,0,0,0,0,0,1,0,0,0,1,0,0,0,0,0,0,1,0,0,0,0,0,0,0,0,0,0,0,0,0,1,0,0,0,0,0,0,0,0,0,0,0,0,1,0,0,0,0,1,0,0,0,0,0,0,0,0,0,0,0,0,0,0,0,0,0,0,0,0,0,0,0,1,0,0,0,0,0,0,0,0,0,0,0,0,0,0,0,0,0,0,0,0,0,0,0,0,0,0,0,0,0,0,0,0,0,0,0,0,2,0,0,0,0,0,0,0,0,0,0,0,0,0,0,0,0,0,0,0,0,0,0,0,0,0,0,0,0,0,0,0,0,0,0,0,0,0,0,0,0,0,0,0,0,0,0,0,0,0,0,0,0,0,0,0,1,0,0,0,0,0,0,0,0,0,0,0,0,0,0,0,0,0,0,0,0,0,0,0,0,0,0,0,0,0,0,0,0,0,0,0,0,0,0,0,0,0,0,0,0,0,0,0,0,0,0,0,0,0,0,0,0,0,0,0,0,0,0,0,0,0,0,0,0,0,0,0,0,0,0,0,0,0,0,0,0,0,0,0,0,0,0,0,0,0,0,0,0,0,0,0,0,0,0,0,0,0,0,0,0,0,0,0,0,0,0,0,0,0,0,0,0,0,0,0,0,0,0,0,0,0,0,0,0,0,0,0,0,0,0,0,0,0,0,0,0,0,0,0,0,0,0,0,0,0,0,0,0,0,0,0,0,0,0,0,0,0,0,0,0,0,0,0,0,0,0,0,0,0,0,0,0,0,0,0,0,0,0,0,0,0,0,0,0,0,0,0,0,0,0,0,0,0,0,0,0,0,0,0,0,0,0,0,0,0,0,0,0,2,0,0,0,0,0,0,0,0,0,0,0,0,0,0,0,0,0,0,0,0,0,0,0,1,0,0,0,0,0,0,0,0,0,0,0,0,0,0,0,0,0,0,0,0,0,0,0,0,0,0,0,0,0,0,0,0,0,0,0,0,0,0,0,0,0,0,0,0,0,0,0,0,0,0,0,0,0,0,0,0,0,0,0,0,0,0,0,0,0,0,0,0,0,0,0,0,0,0,0,0,0,0,0,0,0,0,0,0,0,0,0,0,0,0,0,0,0,0,0,0,0,0,0,0,0,0,0,0,0,0,0,0,0,0,0,0,0,0,0,0,0,0,0,0,0,0,0,0,0,0,0,0,0,0,0,0,0,0,0,0,0,0,0,0,0,0,0,0,0,0,0,0,0,0,0,0,0,0,0,0,0,0,0,0,0,0,0,0,0,0,0,0,0,0,0,0,0,0,0,0,0,0,0,0,0,0,0,0,0,0,0,0,0,0,1,0,0,0,0,0,0,0,0,0,0,0,0,0,0,0,0,0,0,0,0,0,0,0,0,0,0,0,0,0,0,0,0,0,0,0,0,0,0,0,0,0,0,0,0,0,0,0,0,0,0,0,0,0,0,0,0,0,0,0,0,0,0,0,0,0,0,0,0,0,0,0,0,0,0,0,0,0,0,0,0,0,0,0,0,0,0,0,0,0,0,0,0,0,0,0,0,0,0,0,0,0,0,0,0,0,0,0,0,0,0,1,0,
4,0.008735,0.031245,0.122990,4.584801,4.202650,4.187500,-0.156641,-0.187500,19.700809,16.000000, , , ,914,90,65,57,44,43,36,17,33,23,22,26,23,22,13,23,17,20,11,14,5,18,17,8,19,16,9,5,13,11,7,7,9,6,10,6,5,5,7,4,5,8,9,6,5,6,5,4,7,4,5,2,6,2,5,7,3,2,3,1,11,2,3,5,1,3,5,2,4,1,3,4,4,3,2,1,2,3,2,2,2,1,2,3,2,3,2,0,5,2,3,0,1,0,1,1,1,2,3,3,2,1,0,3,0,1,1,2,2,2,1,0,2,0,1,3,1,1,1,2,0,0,1,2,0,1,1,0,1,0,1,2,0,0,1,0,0,0,1,1,1,1,2,2,1,0,4,0,1,1,1,0,5,1,0,0,0,1,0,1,1,2,1,0,1,1,1,0,2,1,0,1,1,0,1,0,1,0,0,1,0,0,0,0,1,1,0,0,1,0,0,1,1,1,0,2,0,1,0,0,0,0,1,0,1,0,0,0,0,0,1,0,0,0,0,2,1,0,1,2,0,0,0,0,2,1,0,1,2,0,0,0,0,0,0,1,0,0,2,0,1,0,1,0,0,0,0,1,0,1,0,0,0,1,1,0,0,0,1,0,2,0,0,0,0,0,0,0,0,1,0,0,0,1,0,0,0,0,0,0,0,0,0,0,0,0,0,0,0,0,1,0,0,0,1,0,2,0,0,1,1,0,0,0,0,0,0,0,0,0,0,0,0,0,0,0,0,1,0,0,1,1,1,0,0,0,0,0,0,0,0,1,0,0,0,1,0,0,0,0,0,0,0,0,0,0,0,0,1,0,0,0,0,0,0,0,0,1,0,0,0,1,0,0,0,0,0,0,0,0,0,0,0,0,0,1,0,0,0,1,0,0,0,1,0,1,0,0,0,0,0,0,0,0,0,0,0,0,0,0,0,0,0,0,1,0,0,0,0,0,0,0,0,1,0,0,0,0,0,0,0,0,0,0,0,0,1,0,1,0,0,0,1,0,0,0,0,0,0,0,0,0,0,0,0,0,0,0,0,0,0,0,0,0,0,0,0,0,0,0,0,0,0,0,0,0,1,0,0,0,0,0,0,0,1,0,0,0,0,0,0,0,0,0,0,0,0,0,0,0,0,0,0,0,0,0,0,0,0,0,0,0,0,0,0,0,0,0,0,0,0,0,0,0,1,0,0,0,0,0,0,0,0,0,0,0,1,0,0,0,1,0,0,0,0,0,0,0,0,0,0,0,0,0,0,0,0,0,0,0,0,0,0,0,0,0,0,0,0,0,0,0,0,0,0,0,0,0,0,0,0,0,0,0,0,0,0,0,0,0,0,0,0,0,0,0,0,0,1,0,0,0,0,0,0,0,0,0,0,0,0,0,0,0,0,0,1,0,0,0,0,0,0,0,1,0,0,0,0,0,0,0,0,0,0,0,0,1,1,0,0,0,0,0,0,0,0,0,0,0,0,0,0,0,0,0,0,0,0,0,0,0,0,0,0,0,0,0,0,0,0,0,0,0,0,0,0,0,0,0,0,0,0,0,0,0,0,0,0,0,1,0,0,0,0,0,0,0,0,0,0,0,0,0,0,0,0,0,0,0,0,0,0,0,0,0,0,0,0,0,0,0,0,0,0,0,1,0,0,0,0,0,0,0,0,0,0,0,0,0,0,0,0,0,0,0,0,0,0,0,0,0,0,0,0,0,0,0,0,0,0,0,0,0,0,0,0,0,0,0,0,0,0,0,0,0,0,0,0,0,0,0,0,0,0,0,0,0,0,0,0,0,0,0,0,0,0,0,0,0,0,0,1,0,0,0,0,0,0,0,0,0,0,0,0,0,0,0,0,0,0,0,0,0,0,0,0,0,0,0,0,0,0,0,0,0,0,0,0,0,0,0,0,0,0,0,0,0,0,0,0,0,0,0,0,0,0,0,0,0,0,0,0,0,0,0,0,1,0,0,0,0,0,0,0,0,0,0,0,0,0,0,0,0,0,0,0,0,0,0,0,0,0,0,0,0,0,0,0,0,0,0,0,0,0,0,0,0,0,0,0,0,0,0,0,0,0,0,0,0,0,0,0,0,0,0,0,0,0,0,0,0,0,0,0,0,0,0,0,0,0,0,0,0,0,0,0,0,0,0,0,0,0,0,0,0,0,0,0,0,0,0,0,0,0,0,0,0,0,0,0,0,0,0,0,0,0,0,0,1,0,0,0,0,0,0,0,0,0,0,0,0,0,0,0,0,0,0,0,0,0,0,0,0,0,0,0,0,1,0,
5,0.011956,0.046516,1.226895,1.960430,5.954012,5.907496,-0.121900,-0.139547,14.476601,21.498110, , , ,2,1,1,1,0,1,0,0,1,0,0,0,1,0,0,1,0,2,1,1,1,0,0,0,0,0,1,0,0,1,0,0,1,1,0,0,0,0,0,0,0,0,0,0,1,0,0,0,0,0,0,0,0,0,0,1,0,0,0,0,0,1,0,0,0,1,0,0,0,0,0,1,0,0,0,0,0,1,0,0,0,0,0,0,0,0,0,0,0,0,1,0,1,0,1,0,0,0,0,1,0,0,0,1,0,1,0,0,0,0,0,1,0,0,0,0,0,0,0,0,1,0,1,0,1,0,0,0,0,0,0,0,0,1,0,0,0,0,1,0,0,0,0,0,0,0,0,0,0,0,0,0,0,0,0,0,0,0,0,1,0,1,0,0,0,0,0,0,0,0,0,0,0,1,0,0,0,0,0,0,0,0,0,0,0,0,0,0,0,0,0,0,0,1,2,0,0,0,0,0,0,0,0,0,0,0,0,0,0,0,0,0,0,0,0,1,0,0,0,0,0,0,0,1,0,0,0,0,0,0,0,0,0,0,0,0,1,0,0,0,0,0,0,0,0,0,0,0,0,0,0,0,0,0,0,2,0,0,0,0,0,0,0,0,0,0,0,0,0,1,0,0,0,0,0,1,0,0,0,0,0,0,0,0,0,0,0,0,0,0,0,0,0,0,0,0,0,1,0,0,0,0,0,0,0,0,0,0,0,0,0,0,0,0,0,0,0,0,0,0,1,1,0,0,0,0,0,0,0,0,0,0,0,0,0,0,0,0,0,0,1,0,0,0,0,0,0,0,0,0,0,0,0,0,0,0,0,0,0,1,0,0,0,0,0,0,0,0,0,0,0,0,0,0,1,0,0,0,0,0,0,0,0,0,1,0,0,0,0,0,0,0,0,0,0,0,0,0,0,0,0,0,0,0,0,0,0,0,0,0,0,0,0,0,0,0,0,0,0,0,0,0,0,0,0,0,0,0,0,0,0,0,0,0,0,0,0,0,0,0,0,0,0,0,0,0,0,0,0,0,0,0,0,0,0,0,0,0,0,0,0,0,0,0,0,0,0,0,0,0,0,0,0,0,0,0,0,0,0,0,0,0,0,0,0,1,0,0,0,0,0,0,0,0,0,0,0,0,0,0,0,0,0,0,0,0,0,0,0,0,0,0,0,0,0,0,0,0,0,0,0,0,0,0,0,0,0,0,0,0,0,0,0,0,0,0,0,0,0,0,0,0,0,0,0,1,0,0,0,0,0,0,0,0,0,0,0,0,0,0,0,0,0,0,0,0,0,0,0,0,0,0,0,0,0,0,0,0,0,1,0,0,0,0,0,0,0,0,0,0,0,0,0,0,0,0,0,0,0,0,0,0,0,0,0,0,0,0,0,0,0,0,0,0,0,0,0,0,0,0,0,0,0,0,0,0,0,0,0,0,0,0,0,0,0,0,0,0,0,0,0,0,0,0,0,0,0,0,0,0,0,0,0,0,0,0,0,0,0,0,0,0,0,0,0,0,0,0,0,0,0,0,0,0,0,0,0,0,0,0,0,0,0,0,0,0,0,0,0,0,0,0,0,0,0,0,0,0,0,0,0,0,0,0,0,0,0,0,0,0,0,0,0,0,0,0,0,0,0,0,0,0,0,0,0,0,0,0,0,0,0,0,0,0,1,0,0,0,0,0,0,0,0,0,0,0,0,0,0,0,0,0,0,0,0,0,0,0,0,0,0,0,0,0,0,0,0,0,0,0,0,0,0,0,0,0,0,0,0,0,0,0,0,0,0,0,0,0,0,0,0,1,0,0,0,0,0,0,0,0,0,0,0,0,0,0,0,0,0,0,0,0,0,0,0,0,0,0,0,0,0,0,0,0,0,0,0,0,0,0,0,0,0,0,0,0,0,0,0,0,0,0,0,0,0,0,0,0,0,0,0,0,0,0,0,0,0,0,0,0,0,0,0,0,0,0,0,0,0,0,0,0,0,0,0,0,0,0,0,0,0,0,0,0,0,0,0,0,0,0,0,0,0,0,0,0,0,0,0,0,0,0,0,0,0,0,0,0,0,0,0,0,0,0,0,0,1,0,0,0,0,0,0,0,0,0,0,0,0,0,0,0,0,0,0,0,1,0,0,0,0,0,0,0,0,0,0,0,0,0,0,0,0,0,0,0,0,0,0,0,0,0,0,0,0,0,0,0,0,0,0,0,0,0,0,0,0,0,0,0,0,0,0,0,0,0,0,0,0,0,0,0,0,0,0,0,0,0,0,1,
5,0.807121,45.269875,1.660458,8.823623,52.269875,7.000000,-52.269875,-7.000000,86.607964,16.000000, , , ,57,54,53,67,51,43,36,27,19,20,12,10,8,6,5,7,2,3,2,3,4,2,1,2,2,1,3,1,2,2,1,3,1,0,1,1,2,1,2,0,0,1,0,2,0,0,2,0,1,0,0,1,0,2,0,1,0,0,0,0,1,0,1,1,2,1,0,0,0,0,1,0,0,0,0,1,0,1,2,0,1,0,0,0,0,0,0,1,0,0,1,0,0,0,0,0,0,0,1,0,0,0,0,0,0,0,0,0,0,0,0,0,0,0,0,0,0,0,0,0,0,0,0,0,0,0,0,0,0,0,0,1,0,0,0,0,0,0,0,0,0,0,0,0,0,1,0,0,0,0,0,0,0,0,0,0,0,0,0,0,0,0,0,0,0,1,0,0,1,0,0,0,0,0,0,0,0,0,0,0,0,0,0,0,0,0,0,1,0,0,0,0,0,0,0,0,0,0,0,0,0,1,1,0,0,0,0,0,0,0,1,0,1,1,1,0,0,0,0,0,0,0,0,0,0,0,0,0,0,0,0,0,0,0,0,0,0,1,0,0,0,0,0,0,0,0,0,0,0,0,0,0,0,0,0,0,0,0,0,0,0,1,0,0,0,0,0,0,0,0,0,0,0,0,0,0,0,1,0,0,0,0,0,0,0,0,0,0,0,0,0,0,0,0,0,0,0,0,0,1,0,0,0,0,0,0,0,0,1,0,0,0,0,0,0,0,0,0,0,0,1,0,0,0,0,0,0,0,0,0,0,0,0,0,0,0,0,0,0,0,0,0,0,0,0,0,0,0,1,0,0,0,0,0,0,0,0,1,0,0,0,0,0,0,0,0,0,0,0,0,0,1,0,0,0,1,0,0,0,0,0,0,0,0,0,0,0,0,0,0,0,0,0,0,0,0,0,0,0,0,0,0,0,0,0,0,0,0,0,0,0,0,0,0,0,0,0,0,0,0,0,0,0,0,0,0,0,0,0,0,0,0,0,0,0,0,0,0,0,0,0,0,0,2,0,0,0,0,0,1,0,0,0,0,0,0,0,0,0,0,0,0,0,0,0,0,0,0,0,0,0,0,0,1,0,0,0,0,0,0,0,0,0,0,0,0,0,0,0,0,0,0,0,0,0,0,0,0,0,0,0,0,0,0,0,0,0,0,0,0,0,0,0,0,0,0,0,0,0,0,0,0,0,0,0,0,0,0,0,0,0,0,0,0,0,0,0,0,0,0,0,0,0,0,0,0,0,0,0,1,0,0,0,0,0,0,0,0,0,1,0,0,0,0,0,0,0,0,0,0,0,0,0,0,0,0,0,0,0,0,0,0,0,0,0,0,0,0,0,0,0,0,0,0,0,0,1,0,0,0,0,0,1,0,0,0,0,0,0,0,0,0,0,1,0,0,0,0,0,0,0,0,0,0,0,0,0,0,0,0,0,0,0,0,0,0,0,0,0,0,0,0,0,0,0,0,0,0,0,0,0,0,0,0,0,0,0,0,0,0,0,0,1,0,0,0,0,0,0,0,0,0,0,0,0,0,0,0,0,0,0,0,0,0,0,0,0,0,0,0,0,0,0,0,0,0,0,1,0,0,0,0,0,0,0,0,0,0,0,0,0,0,0,0,0,0,0,0,0,0,0,0,0,0,0,0,0,0,0,0,0,0,0,0,0,0,0,0,0,0,0,0,0,0,0,0,0,0,0,0,0,0,0,0,0,0,0,0,0,0,0,0,0,0,0,0,0,0,0,0,0,0,0,0,0,0,0,0,0,0,0,0,0,0,0,0,0,0,0,0,0,0,0,0,0,0,0,0,0,0,0,0,0,0,0,0,0,0,0,0,0,0,0,0,0,0,0,0,0,0,0,0,0,0,0,0,0,0,0,0,0,0,0,0,0,0,0,0,0,0,0,0,0,0,0,0,0,0,0,0,0,0,0,0,0,0,0,0,0,0,0,0,0,0,0,0,0,0,0,0,0,0,0,0,0,0,0,0,0,0,0,0,0,0,0,0,0,0,0,0,0,0,0,0,0,0,0,0,0,0,0,0,0,0,0,0,0,0,0,0,0,0,0,0,0,0,0,0,0,0,0,0,0,0,0,0,0,0,0,0,0,0,0,0,0,0,0,0,0,0,0,0,0,0,0,0,0,0,0,0,0,0,0,0,0,0,0,0,0,0,0,1,0,0,0,0,0,0,0,0,0,0,0,0,0,0,0,0,0,0,0,0,0,0,0,0,0,0,0,0,0,0,0,0,0,0,0,0,0,1,
6,0.017990,0.034836,1.978148,1.832658,9.004752,9.004752,-0.247361,-0.281399,13.760370,14.214717, , , ,0,1,0,1,0,0,0,1,1,0,0,0,0,0,1,1,0,0,0,0,0,0,0,0,0,2,0,1,1,1,1,0,0,0,0,0,0,0,0,0,1,0,1,0,0,0,0,0,1,1,0,1,0,2,1,1,0,1,0,1,0,1,1,1,0,0,1,0,0,0,0,0,2,1,1,1,1,0,0,0,1,2,0,0,0,0,1,0,0,0,1,0,0,0,1,0,0,0,0,1,1,0,0,0,0,1,2,0,0,0,1,1,1,1,0,0,0,1,0,1,1,0,0,0,0,1,0,0,0,0,0,1,0,0,0,1,0,1,0,0,0,0,2,0,0,0,0,1,0,0,1,0,0,0,0,0,0,0,0,0,0,0,0,0,0,0,0,1,1,1,0,1,0,2,0,0,1,1,1,0,0,1,0,0,0,0,0,1,0,2,0,0,0,0,0,0,0,0,0,1,0,0,0,0,0,0,0,0,0,1,0,1,0,0,0,0,0,0,0,0,0,0,0,0,0,0,2,0,0,1,0,0,0,1,0,0,0,0,0,0,1,0,0,1,0,1,0,0,0,0,0,1,0,0,0,0,0,0,0,1,0,0,0,0,1,0,0,0,0,0,0,0,0,0,0,0,0,1,0,2,1,0,0,0,0,0,0,1,0,0,0,0,0,1,1,0,0,1,0,0,0,0,0,0,0,1,0,0,0,1,1,0,0,0,0,1,0,0,0,0,0,0,0,0,1,0,0,0,0,0,1,0,0,1,0,0,0,0,0,0,0,1,1,0,0,0,0,0,0,0,0,0,0,0,0,0,0,0,0,0,0,0,0,0,0,0,1,0,1,0,1,1,1,0,0,0,0,0,2,0,0,0,0,0,0,1,1,0,1,0,0,0,0,0,0,0,0,1,0,0,0,0,0,0,0,0,0,0,0,0,0,0,0,0,0,0,0,0,0,0,0,0,0,0,0,0,1,0,1,0,0,1,0,0,0,0,0,0,0,0,0,0,0,0,0,0,0,0,0,0,0,0,0,0,0,0,0,0,0,0,0,0,0,0,0,0,0,0,0,0,0,0,0,0,0,0,0,0,0,0,0,0,0,0,0,0,0,0,0,0,0,0,0,0,0,0,0,0,0,0,2,1,0,0,1,1,0,0,0,0,0,0,0,0,0,0,0,0,0,0,0,0,0,0,0,0,0,0,0,0,0,0,0,1,0,0,0,0,0,0,0,0,0,0,0,0,0,0,0,0,0,0,0,0,0,0,0,0,0,0,0,0,0,0,0,0,0,0,0,0,0,0,0,0,0,1,0,0,0,0,0,0,0,0,0,0,0,0,0,0,0,0,0,0,0,0,0,0,0,0,0,0,0,0,0,0,0,0,0,0,0,0,0,0,0,0,0,0,0,0,0,0,0,0,0,0,0,0,0,0,0,0,0,0,0,0,0,0,0,0,0,0,0,0,0,0,0,0,0,0,0,0,0,0,0,1,0,0,0,0,0,0,0,0,0,0,0,0,0,0,0,0,0,0,0,0,0,0,0,0,0,0,0,0,0,0,0,0,0,0,0,0,0,0,0,0,0,0,0,0,0,0,0,0,0,0,0,0,0,0,0,0,0,0,0,0,0,0,0,0,0,0,0,0,0,0,0,0,0,1,0,1,0,0,0,0,0,0,0,0,0,0,0,0,0,0,0,0,0,0,0,0,0,0,0,0,0,0,0,0,0,0,0,0,0,0,0,0,0,0,0,0,0,0,0,0,0,0,0,0,0,0,0,0,0,0,0,0,0,0,0,0,0,0,0,0,0,0,0,0,0,0,0,0,0,0,0,0,0,0,0,0,0,0,0,0,0,0,0,0,0,0,0,0,0,0,0,0,0,0,0,0,0,0,0,0,0,0,0,0,0,0,0,0,0,0,0,0,0,0,0,0,0,0,0,0,0,0,0,0,0,0,0,0,0,0,0,0,0,0,0,0,0,0,0,0,0,0,0,0,0,0,0,0,0,0,0,0,0,0,0,0,0,0,0,0,0,0,0,0,0,0,0,0,0,0,0,0,0,0,0,0,0,0,0,0,0,0,0,0,0,1,0,0,0,0,0,0,0,0,0,0,0,0,0,0,0,0,0,0,0,0,0,0,0,0,0,0,0,0,0,0,0,0,0,0,0,0,0,0,0,0,0,0,0,0,0,0,0,0,0,0,0,0,0,0,0,0,0,0,0,0,0,0,0,0,0,0,0,0,0,0,0,0,0,0,0,0,1,0,
6,0.007082,0.015623,0.082663,5.253923,2.538532,2.531250,-0.078147,-0.093750,19.966112,32.000000, , , ,1130,340,310,295,265,267,252,229,196,183,175,156,184,145,138,142,129,113,119,114,113,95,95,98,85,81,77,71,82,71,78,50,64,56,51,59,51,55,42,57,42,47,35,44,43,39,36,31,37,27,31,29,37,36,23,24,29,21,24,23,19,27,14,16,23,22,20,20,21,20,22,14,16,21,17,14,15,16,7,16,16,13,19,6,8,17,15,10,5,12,8,12,15,13,17,12,12,14,5,8,8,11,9,9,12,7,5,5,11,3,7,3,5,5,7,8,10,7,7,4,6,7,5,10,7,4,5,10,8,9,8,2,7,2,4,4,7,4,6,8,4,8,3,6,3,3,2,5,1,6,5,4,6,7,4,1,7,4,3,1,2,2,0,3,8,4,1,2,5,2,2,5,0,5,3,3,2,3,2,2,4,5,1,1,0,1,2,1,4,3,1,3,4,2,2,2,1,3,2,1,1,4,0,0,3,1,1,1,5,4,0,1,3,2,3,0,1,0,2,0,1,1,1,1,3,0,2,0,2,2,1,1,2,0,2,3,2,0,0,1,1,1,0,3,0,0,1,2,0,2,2,2,1,1,2,1,1,2,0,0,0,0,1,2,0,1,0,1,1,1,1,0,0,0,2,0,1,0,2,1,0,0,5,1,2,0,1,0,0,1,2,0,0,1,1,0,1,1,0,1,0,0,2,0,2,1,2,1,1,1,1,0,1,0,0,0,0,2,0,0,1,0,0,0,0,1,1,0,4,2,0,0,1,1,0,1,0,0,1,0,2,1,0,0,0,1,0,1,0,1,1,0,0,0,2,0,0,0,0,0,0,0,1,0,0,0,0,0,1,0,0,0,0,0,1,0,0,0,0,0,0,0,1,0,0,0,0,0,0,0,0,0,0,0,0,0,1,0,0,0,0,0,0,0,0,1,0,0,0,0,1,0,1,0,1,0,0,0,0,0,0,0,0,0,0,0,0,0,0,0,0,0,0,1,1,0,0,0,0,0,0,1,0,0,0,0,0,1,0,0,1,0,1,0,0,1,0,0,0,0,0,0,0,0,0,0,1,1,0,0,0,0,0,0,0,1,0,0,0,0,0,0,0,0,0,0,0,0,0,0,0,0,0,0,0,0,1,0,0,0,0,0,1,0,0,0,0,0,0,0,0,0,0,0,0,0,0,0,0,0,0,0,0,0,0,0,0,0,0,0,0,0,0,0,0,0,0,1,0,0,0,0,0,0,0,0,0,0,0,0,0,0,0,0,0,0,0,1,0,1,0,0,0,0,0,0,0,0,0,1,0,0,0,0,0,0,0,0,0,0,1,0,0,0,0,0,0,0,0,0,0,0,0,0,0,0,0,0,0,0,0,0,0,0,0,0,1,0,0,0,0,0,0,0,0,0,0,0,1,0,0,0,0,0,0,0,0,0,0,0,0,0,0,0,0,0,0,0,0,0,0,0,0,0,0,0,0,0,0,0,0,0,0,0,0,0,0,0,0,0,0,0,0,0,0,0,0,0,0,0,0,0,0,0,0,0,0,0,0,0,0,0,0,0,0,0,0,0,0,0,0,0,0,1,0,0,0,0,0,0,0,0,0,0,0,0,0,0,0,0,0,0,0,0,0,0,0,0,0,0,0,0,0,0,0,0,0,0,0,0,0,0,0,0,0,0,0,0,0,0,0,0,0,0,0,0,0,0,0,0,0,0,0,0,0,0,0,0,0,0,0,0,0,0,0,0,0,0,0,0,0,0,0,0,0,0,0,0,0,0,0,0,0,0,0,0,0,0,0,0,0,0,0,0,0,0,0,0,0,0,0,0,0,0,0,0,0,0,0,0,0,0,0,0,0,0,0,0,0,0,0,0,0,0,0,0,0,0,0,0,0,0,0,0,0,0,0,0,0,0,0,0,0,0,0,0,0,0,0,0,0,0,0,0,0,0,0,0,0,0,0,0,0,0,0,0,0,0,0,0,0,0,0,0,0,0,0,0,0,0,0,0,0,0,0,0,0,0,0,0,0,0,0,0,0,0,0,0,0,0,0,0,0,0,0,0,0,0,0,0,0,0,0,0,0,0,0,0,0,0,0,0,0,0,0,0,0,0,0,0,0,0,0,0,0,0,0,0,0,0,0,0,0,0,0,0,0,0,0,0,0,0,0,0,0,0,0,0,0,0,0,0,0,0,0,0,0,0,0,0,0,0,0,0,0,0,0,0,0,0,0,0,0,0,0,0,0,0,0,0,0,0,0,0,0,0,0,0,0,1,
7,0.032530,0.111821,1.168754,4.013241,14.313123,14.201302,0.281272,0.335464,19.266874,8.942842, , , ,2,1,1,4,4,1,3,2,1,2,1,0,2,0,0,1,1,2,1,3,1,3,2,1,1,1,2,0,0,2,1,0,1,2,2,2,0,1,2,0,1,1,0,2,0,0,0,0,0,0,2,1,1,1,0,1,0,0,2,0,1,0,0,0,0,0,2,1,1,0,1,1,2,0,1,2,0,0,1,0,1,2,2,0,1,0,0,1,1,1,0,0,0,0,2,1,0,0,0,1,1,1,1,2,1,1,1,0,0,0,0,0,0,0,0,1,0,0,1,0,1,1,1,0,0,0,1,0,0,0,0,0,0,0,1,0,0,2,0,0,0,0,0,0,0,0,0,0,0,0,0,0,0,0,0,0,0,2,0,0,1,0,1,0,0,0,0,1,0,0,1,0,0,0,1,0,0,0,0,0,0,0,0,1,0,0,0,0,0,0,0,0,0,0,0,0,1,0,0,0,0,0,0,0,0,0,0,1,0,0,0,0,0,0,0,0,0,0,0,0,0,0,0,0,0,0,0,1,0,0,0,0,0,0,1,0,0,0,0,0,0,0,0,0,0,0,0,0,0,0,0,0,0,0,0,0,0,0,0,0,0,0,0,0,0,0,0,0,0,0,0,0,0,0,0,0,0,0,0,0,0,0,0,0,1,0,0,0,0,0,0,0,0,0,0,0,0,0,0,0,0,0,0,0,0,0,0,0,0,0,0,0,0,0,0,0,0,0,0,0,0,0,0,0,0,0,0,0,0,0,0,0,0,0,0,0,0,0,0,0,0,0,0,0,0,0,0,0,0,0,0,0,0,0,0,0,0,0,0,0,0,0,0,0,0,0,0,0,0,0,0,0,0,0,0,0,0,0,0,0,0,0,0,0,0,0,0,0,0,0,0,0,0,0,1,0,0,0,0,0,0,0,0,0,0,0,0,0,0,0,0,0,0,0,0,0,0,0,0,0,0,0,0,0,0,0,0,0,0,0,0,0,0,0,0,0,0,0,0,0,0,0,0,0,0,0,0,0,0,0,0,0,0,0,0,0,0,0,0,0,0,0,0,1,0,0,0,0,0,0,0,0,0,0,0,0,0,0,0,0,0,0,0,0,0,0,0,0,0,0,0,0,0,1,0,0,0,0,0,0,0,0,0,0,0,0,0,0,0,0,0,0,0,0,0,0,0,0,0,0,0,0,0,0,0,0,0,0,0,0,0,0,0,0,0,0,0,0,0,0,0,0,0,0,0,0,0,0,0,0,0,0,0,0,0,0,0,0,0,0,0,0,0,0,0,0,0,0,0,0,0,0,0,0,0,0,0,0,0,0,0,0,0,0,0,0,0,0,0,0,0,0,0,0,0,0,0,0,0,0,0,0,0,0,0,0,0,0,0,0,0,0,0,0,0,0,0,0,0,0,0,0,0,0,0,0,0,0,0,0,0,0,0,0,0,0,0,0,0,0,0,0,0,0,0,0,0,0,0,0,0,0,0,0,0,0,0,0,0,0,0,0,0,0,0,0,0,0,0,0,0,0,0,0,0,0,0,0,0,0,0,0,0,0,0,0,0,0,0,0,0,0,0,0,0,0,0,0,0,0,0,0,0,0,0,0,0,0,0,0,0,0,0,0,0,0,0,0,0,0,0,0,0,0,0,0,0,0,0,0,0,0,0,0,0,0,0,0,0,0,0,0,0,0,0,0,0,0,0,0,0,0,0,0,0,0,0,0,0,0,0,0,0,0,0,0,0,0,0,0,0,0,0,0,0,0,0,0,0,0,0,0,0,0,0,0,0,0,0,0,0,0,0,0,0,0,0,0,0,0,0,0,0,0,0,0,0,0,0,0,0,0,0,0,0,0,0,0,0,0,0,0,0,0,0,0,0,0,0,0,0,0,0,0,0,0,0,0,0,0,0,0,0,0,0,0,0,0,0,0,0,0,0,0,0,0,0,0,0,0,0,0,0,0,0,0,0,0,0,0,0,0,0,0,0,0,0,0,0,0,0,0,0,0,0,0,0,0,0,0,0,0,0,0,0,0,0,0,0,0,0,0,0,0,0,0,0,0,0,0,0,0,0,0,0,0,0,0,0,0,0,0,0,0,0,0,0,0,0,0,0,0,0,0,0,0,0,0,0,0,0,0,0,0,0,0,0,0,0,0,0,0,0,0,0,0,0,0,0,0,0,0,0,0,0,0,0,0,0,0,0,0,0,0,0,0,0,0,0,0,0,0,0,0,0,0,0,0,0,0,0,0,0,0,0,0,0,0,0,1,
7,0.031066,0.062496,0.416138,5.004115,10.869441,10.875000,-0.313638,-0.375000,19.564615,8.000000, , , ,48,39,48,30,30,43,37,31,31,24,32,25,23,20,29,20,26,15,17,14,18,15,18,13,13,21,13,14,11,8,8,8,11,15,11,7,6,8,11,10,6,8,8,5,4,6,3,4,6,11,5,7,3,5,4,6,5,7,6,6,6,3,2,2,5,5,4,6,3,4,1,0,4,1,4,3,3,1,5,3,1,1,1,2,2,3,4,2,2,2,2,3,1,4,1,4,1,1,0,3,2,1,0,3,3,3,0,2,2,2,5,0,1,1,4,3,0,0,1,1,0,2,1,1,0,1,2,4,1,5,2,0,1,0,0,1,2,0,1,1,0,1,2,0,2,1,1,0,0,2,0,1,0,2,1,0,1,1,0,1,1,0,0,0,1,0,1,2,0,0,0,0,0,0,0,1,0,0,0,0,1,0,0,1,0,1,1,0,1,0,1,1,0,1,0,0,0,0,0,0,0,0,0,0,3,2,0,0,1,0,0,0,1,0,0,0,0,0,0,0,0,0,1,0,0,0,0,0,0,1,0,0,0,0,0,0,0,1,0,0,0,0,0,0,0,0,0,0,0,1,0,0,0,0,0,0,1,0,0,0,0,0,0,0,0,0,0,0,1,0,0,0,0,0,0,0,0,0,0,1,1,1,0,0,0,1,0,0,0,0,1,0,0,0,0,0,0,0,0,0,0,0,0,0,0,0,0,0,0,0,0,0,0,0,0,0,0,0,0,0,0,1,0,0,0,0,0,0,0,0,0,0,0,0,0,0,0,0,0,0,0,0,0,0,0,0,0,0,0,0,0,0,1,0,0,0,0,0,0,0,0,0,0,0,0,0,0,0,0,0,0,0,0,0,0,0,0,0,0,0,0,0,0,0,0,0,0,0,0,0,0,0,0,0,0,0,0,0,0,0,0,0,0,0,0,0,0,0,0,0,0,0,0,0,0,0,0,0,0,0,0,0,0,0,0,0,0,0,0,0,0,0,0,0,0,0,0,0,0,0,0,0,0,0,0,0,0,0,0,0,0,0,0,0,0,0,0,0,0,0,0,0,0,0,0,0,0,0,0,0,0,0,0,0,0,0,0,0,0,0,0,0,0,0,0,0,0,0,0,0,0,0,0,0,0,0,0,0,0,0,0,0,0,0,0,0,0,0,0,0,0,0,0,0,0,0,0,0,0,0,0,0,0,0,0,0,0,0,0,0,0,0,0,0,0,0,0,0,0,0,0,0,0,0,0,0,0,0,0,0,0,0,0,0,0,0,0,0,0,0,0,0,0,0,0,0,0,0,0,0,0,0,0,0,0,0,0,0,0,0,0,0,0,0,0,0,0,0,0,0,0,0,0,0,0,0,0,0,0,0,0,0,0,0,0,0,0,0,0,0,0,0,0,0,0,0,0,0,0,0,0,0,0,0,0,0,0,0,0,0,0,0,0,0,0,0,0,0,0,0,0,0,0,0,0,0,0,0,0,0,0,0,0,0,0,0,0,0,0,0,0,0,0,0,0,0,0,0,0,0,0,0,0,1,0,0,0,0,0,0,0,0,0,0,0,0,0,0,0,0,0,0,0,0,0,0,0,0,0,0,0,0,0,0,0,0,0,0,0,0,0,0,0,0,0,0,0,0,0,0,0,0,0,0,0,0,0,0,0,0,0,0,0,0,0,0,0,0,0,0,0,0,0,0,0,0,0,0,0,0,0,0,0,0,0,0,0,0,0,0,0,0,0,0,0,0,0,0,0,0,0,0,0,0,0,0,0,0,0,0,0,0,0,0,0,0,0,0,0,0,0,0,0,0,0,0,0,0,0,0,0,0,0,0,0,0,0,0,0,0,0,0,0,0,0,0,0,0,0,0,0,0,0,0,0,0,0,0,0,0,0,0,0,0,0,0,0,0,0,0,0,0,0,0,0,0,0,0,0,0,0,0,0,0,0,0,0,0,0,0,0,0,0,0,0,0,0,0,0,0,0,0,0,0,0,0,0,0,0,0,0,0,0,0,0,0,0,0,0,0,0,0,0,0,0,0,0,0,0,0,0,0,0,0,0,0,0,0,0,0,0,0,0,0,0,0,0,0,0,0,0,0,0,0,0,0,0,0,0,0,0,0,0,0,0,0,0,0,0,0,0,0,0,0,0,0,0,0,0,0,0,0,0,0,0,0,0,0,0,0,0,0,0,0,0,0,0,0,0,0,0,0,0,0,0,0,0,0,0,0,0,0,0,0,0,0,0,0,0,0,0,0,0,0,0,0,0,0,0,1,
8,0.017870,0.031116,1.694819,1.721658,8.062682,8.062682,-0.222696,-0.251959,13.140401,15.875610, , , ,2,1,0,0,0,1,1,0,0,2,0,2,1,1,0,0,0,0,1,1,0,0,0,0,1,0,0,1,2,0,0,0,0,1,0,0,0,0,1,0,0,0,0,0,0,0,0,0,0,0,3,0,0,0,0,0,0,0,0,0,0,0,1,0,0,0,0,1,0,0,0,0,0,1,1,1,0,0,0,1,0,0,1,0,0,0,0,1,1,0,0,1,0,1,1,0,1,0,2,1,0,0,0,0,1,0,1,0,1,0,0,0,1,0,1,0,2,0,0,0,0,2,0,0,0,0,1,0,0,0,0,0,0,0,0,0,0,0,1,1,1,1,1,1,0,1,0,0,0,0,1,0,0,0,0,0,0,1,0,0,1,2,0,0,0,0,0,0,1,0,1,1,1,0,1,1,0,0,2,0,0,2,0,0,0,0,0,0,0,2,1,0,0,0,1,0,0,2,0,0,0,1,0,0,0,0,1,0,1,1,1,0,0,0,1,0,0,0,0,0,0,1,0,0,0,0,0,0,0,0,1,0,0,0,0,0,0,1,0,2,0,0,0,0,2,0,0,0,0,0,1,0,0,0,0,0,0,0,0,0,1,0,0,0,1,0,0,0,0,0,0,0,0,0,2,0,2,0,0,1,0,0,0,0,0,0,0,0,0,0,0,1,0,0,0,0,0,0,0,1,1,0,0,1,0,0,0,0,0,0,0,0,0,0,0,0,0,0,0,0,1,1,0,0,0,0,1,0,0,0,0,0,0,1,0,1,0,0,1,0,0,0,0,0,0,0,1,0,1,0,0,0,0,0,0,0,0,0,0,0,0,0,0,0,0,0,1,0,0,0,0,0,0,0,0,0,0,0,1,0,0,0,0,0,0,0,0,0,0,0,0,0,0,0,0,0,0,0,0,0,0,0,0,1,0,0,0,0,0,0,0,0,0,0,0,0,0,0,0,0,0,0,0,0,0,0,0,0,0,0,0,1,0,0,0,0,0,0,0,0,1,0,0,0,0,0,0,0,0,0,0,0,0,0,0,0,0,0,0,0,0,0,0,0,0,0,0,0,0,0,0,1,0,0,0,0,0,0,0,0,0,0,0,0,0,0,0,0,0,0,0,0,0,0,0,1,0,0,0,0,0,0,0,0,0,0,0,0,0,1,0,0,0,0,0,0,0,0,0,0,1,0,0,0,0,0,1,0,0,0,0,0,0,0,1,0,0,0,1,0,0,0,0,0,0,0,0,0,0,0,1,0,0,1,0,0,0,0,0,0,0,0,1,0,0,0,0,0,0,0,0,0,0,0,0,0,0,0,0,0,0,0,0,0,0,0,0,0,0,0,0,0,0,0,0,0,0,0,0,0,0,0,0,0,0,0,0,0,0,0,0,0,0,0,0,0,0,0,0,0,0,0,0,0,0,0,0,0,0,0,0,0,0,0,0,0,0,0,0,0,0,0,0,0,0,1,0,0,0,0,0,0,0,0,0,0,0,0,0,0,0,0,0,0,0,0,0,0,0,0,0,0,0,0,0,0,1,0,0,0,0,0,1,0,0,0,0,0,0,0,0,0,0,0,0,0,0,0,0,0,0,0,0,0,0,0,0,0,0,0,0,0,0,0,0,0,0,0,0,0,0,0,0,0,0,0,0,0,0,0,0,0,0,0,0,0,0,0,0,0,0,0,0,0,0,0,0,0,0,0,0,0,0,0,0,0,0,0,0,0,0,0,0,0,0,0,0,0,0,0,0,0,0,0,0,0,0,0,0,0,0,0,0,0,0,0,0,0,0,0,0,0,0,0,0,0,0,0,0,0,0,0,0,0,0,0,0,0,0,0,0,0,0,0,0,0,0,0,0,0,0,0,0,0,0,0,0,0,0,0,0,0,0,0,0,0,0,0,0,0,0,0,0,0,0,0,0,0,0,0,0,0,0,0,0,0,0,0,0,0,0,0,0,0,0,0,0,0,0,0,0,0,0,0,0,0,0,0,0,0,0,0,0,0,0,0,0,0,0,0,0,0,0,0,0,0,0,0,0,0,0,0,0,0,0,0,0,0,0,0,0,0,0,0,0,0,0,0,0,0,0,0,0,0,0,0,0,0,0,0,0,0,0,0,0,0,0,0,0,0,0,0,0,0,0,0,0,0,0,0,0,0,0,0,0,0,0,0,0,0,0,0,0,0,0,0,0,0,0,0,0,0,0,0,0,0,0,0,0,0,0,0,0,0,0,0,0,0,0,0,0,0,0,0,0,0,0,0,0,1,
8,0.007739,0.015625,0.070569,6.005341,2.224309,2.218750,0.078153,0.093750,19.957134,32.000000, , , ,558,584,584,540,507,514,420,473,441,419,432,382,402,401,387,321,338,308,307,297,248,250,285,223,232,251,220,200,202,198,183,176,160,147,145,158,132,121,122,107,117,102,108,108,111,93,93,92,93,105,66,93,79,69,61,77,66,50,64,58,67,50,45,64,56,43,58,38,53,42,47,38,39,35,37,36,30,36,36,22,27,40,26,35,29,19,29,29,31,23,27,29,25,27,22,19,17,12,15,19,18,25,23,15,12,13,14,9,20,11,19,17,13,11,14,12,15,17,14,10,15,17,11,12,13,7,12,12,11,13,5,13,7,9,5,7,9,7,4,9,8,9,7,7,6,7,7,8,5,9,3,3,8,8,6,4,4,2,4,5,3,4,12,3,5,5,5,4,6,5,2,5,5,4,6,6,2,2,5,3,2,4,2,4,2,3,6,3,3,1,0,3,5,4,2,0,5,1,2,6,2,4,2,1,4,2,3,2,3,2,2,1,3,3,4,1,0,2,2,0,2,1,2,0,1,3,0,2,2,1,0,2,2,0,1,0,1,1,3,0,1,1,1,2,0,4,2,1,1,0,1,0,2,2,2,0,0,2,0,2,1,1,0,0,0,0,2,0,1,1,0,0,0,1,0,3,0,0,0,3,1,2,3,0,0,1,1,1,0,0,1,1,0,1,3,1,1,1,0,0,0,0,0,0,0,2,0,0,0,0,0,0,1,0,0,0,0,1,0,1,0,0,1,1,0,1,1,0,0,0,0,1,2,0,0,0,0,0,0,0,1,0,1,0,0,0,0,0,0,0,0,0,0,0,0,0,0,0,2,0,0,1,0,0,0,0,0,0,0,1,0,0,1,0,0,0,0,0,0,0,1,0,0,0,0,0,0,0,0,0,0,0,0,0,1,0,0,0,0,1,1,0,1,0,0,1,0,0,0,0,0,0,1,1,0,0,0,1,0,0,0,0,0,0,0,1,0,0,0,0,0,0,0,1,1,0,0,0,0,0,0,0,0,1,0,0,0,0,0,0,0,0,0,0,0,0,1,0,0,0,0,0,0,0,0,0,0,0,0,0,0,0,0,0,0,0,0,0,0,0,0,0,0,0,0,0,0,0,0,0,0,0,0,0,0,0,0,0,0,1,0,0,0,0,0,0,0,0,0,0,0,0,0,0,0,0,1,0,0,0,0,0,1,0,0,0,0,0,0,0,0,0,0,0,0,0,0,0,0,0,0,0,0,0,0,0,0,0,0,0,0,0,0,0,1,0,0,0,1,0,0,0,0,0,0,0,1,0,0,0,0,0,0,0,0,0,0,0,0,0,0,0,0,0,0,0,0,0,0,0,0,0,0,0,0,0,0,0,0,0,0,0,0,0,0,0,0,0,0,0,0,0,0,0,0,0,0,0,0,0,0,0,0,0,0,0,0,0,0,0,0,0,0,0,0,0,0,0,0,0,0,0,0,0,0,0,0,0,0,0,0,0,0,0,0,0,0,0,0,0,0,0,0,0,0,0,0,0,0,0,0,0,0,0,0,0,0,0,0,0,0,0,0,0,0,0,0,0,0,0,0,0,0,0,0,0,0,0,0,0,0,0,0,0,0,0,0,0,0,0,0,0,0,0,0,0,0,0,0,0,0,0,0,0,0,0,0,0,0,0,0,0,0,0,0,0,0,0,0,0,0,0,0,0,0,0,0,0,0,0,0,0,0,0,0,0,0,0,0,0,0,0,0,0,0,0,0,0,0,0,0,0,0,0,0,0,0,0,0,0,0,0,0,0,0,0,0,0,0,0,0,0,0,0,0,0,0,0,0,0,0,0,0,0,0,0,0,0,0,0,0,0,0,0,0,0,0,0,0,0,0,0,0,0,0,0,0,0,0,0,0,0,0,0,0,0,0,0,0,0,0,0,0,0,0,0,0,0,0,0,0,0,0,0,0,0,0,0,0,0,0,0,0,0,0,0,0,0,0,0,0,0,0,0,0,0,0,0,0,0,0,0,0,0,0,0,0,0,0,0,0,0,0,0,0,0,0,0,0,0,0,0,0,0,0,0,0,0,0,0,0,0,0,0,0,0,0,0,0,0,0,0,0,0,0,0,0,0,0,0,0,0,0,0,0,0,0,0,0,0,0,0,0,0,0,0,0,0,0,0,0,0,0,0,0,0,0,0,0,0,0,0,0,0,0,0,0,0,0,0,0,0,0,0,0,0,0,0,0,0,0,0,0,0,0,0,0,0,0,0,0,0,0,0,0,0,0,0,0,1,
9,0.021436,0.079650,1.615317,2.403122,10.195265,10.115615,0.200311,0.238952,19.290535,12.554848, , , ,2,7,2,4,6,2,3,0,2,1,1,1,1,1,0,1,3,4,1,2,0,0,1,1,0,0,1,1,0,0,2,0,0,0,1,1,0,0,0,0,0,0,4,1,1,0,0,0,0,0,0,0,0,0,0,2,0,1,1,0,0,0,0,0,0,0,0,0,0,0,0,0,0,0,0,0,1,1,0,0,0,0,0,0,0,0,0,0,0,0,0,0,0,0,0,0,0,0,1,0,0,0,0,0,0,0,0,0,0,0,0,0,0,1,0,0,0,0,0,1,0,1,0,1,0,0,0,0,0,0,0,0,0,0,0,0,0,0,0,0,0,0,0,0,0,0,0,0,0,0,1,0,0,0,0,0,0,0,0,0,0,0,0,0,0,0,0,0,0,0,1,1,1,1,0,0,0,2,0,0,0,0,0,0,0,1,1,0,1,2,0,0,1,0,1,0,1,0,1,0,0,0,0,0,0,0,1,1,0,1,0,0,0,0,1,0,0,0,0,0,1,0,0,0,2,0,0,1,1,0,0,0,0,0,0,1,0,0,0,0,0,0,0,0,1,0,0,0,2,0,0,0,0,0,0,0,0,0,0,0,0,1,0,0,0,0,0,0,0,0,0,0,0,0,0,0,0,0,0,0,0,0,0,0,0,0,0,0,1,0,0,0,0,0,1,0,0,0,0,0,1,0,0,0,0,0,1,0,0,0,0,1,0,1,1,0,0,0,0,0,0,0,0,0,0,1,0,0,0,0,1,0,0,0,0,0,1,0,0,0,0,1,0,0,0,0,0,0,0,0,0,0,0,0,0,0,0,0,0,0,0,0,0,0,0,0,0,0,0,0,0,0,0,0,0,0,0,0,0,1,0,0,0,1,0,0,0,0,0,0,0,0,0,0,1,0,0,0,0,0,0,0,0,0,0,0,0,0,0,0,1,0,0,1,0,0,0,0,0,0,0,0,0,0,0,0,0,0,1,0,1,1,0,0,0,0,0,0,0,0,0,0,1,0,0,0,0,0,0,1,0,0,0,0,0,0,0,0,0,0,0,0,0,0,0,0,0,0,0,0,0,0,0,0,0,0,0,0,1,0,0,0,0,0,0,0,0,0,0,0,0,1,0,0,0,0,0,0,0,0,0,0,0,0,0,0,0,0,0,0,0,0,0,1,0,0,0,0,0,0,0,0,0,1,0,0,0,0,0,0,0,0,0,0,0,0,0,0,0,1,0,0,0,0,0,0,0,0,0,0,0,0,0,0,0,0,0,0,0,1,0,0,0,0,0,0,0,0,0,0,0,0,0,0,0,0,0,0,0,0,0,0,0,0,0,0,0,0,0,0,0,0,0,0,0,0,0,0,0,0,0,0,0,0,0,0,1,0,0,0,0,0,0,0,0,0,0,0,0,0,0,0,0,0,0,0,0,0,0,0,0,0,0,0,0,0,0,0,0,0,0,0,0,0,0,0,0,0,0,0,0,0,0,0,0,0,0,0,0,0,0,0,0,0,0,0,0,0,0,0,0,0,0,0,0,0,0,0,0,0,0,0,0,0,0,0,0,0,0,0,0,0,0,0,0,0,0,0,0,0,0,0,0,0,0,0,0,0,0,0,0,0,0,0,0,0,0,0,0,0,0,0,0,0,0,0,0,0,0,0,0,0,0,0,0,0,0,0,0,0,0,0,0,0,0,0,0,0,0,0,0,0,0,0,0,0,0,0,0,0,0,0,0,0,0,0,0,0,0,0,0,0,0,0,0,0,0,0,0,0,0,0,0,0,0,0,0,0,0,0,0,0,0,0,0,0,0,0,0,0,0,0,0,0,0,0,0,0,0,0,0,0,0,0,0,0,0,0,0,0,0,0,0,0,0,0,0,0,0,0,0,0,0,0,0,0,0,0,0,0,0,0,0,0,0,0,0,0,0,0,0,0,0,0,0,0,0,0,0,0,0,0,0,0,0,0,0,0,0,0,0,0,0,0,0,0,0,0,0,0,0,0,0,0,0,0,0,0,0,0,0,0,0,0,0,0,0,0,0,0,0,0,0,0,0,0,0,0,0,0,0,0,0,0,0,0,0,0,0,0,0,0,0,0,0,0,0,0,0,0,0,0,0,0,0,0,0,0,0,0,0,0,0,0,0,0,0,0,0,0,0,0,0,0,0,0,0,0,0,0,0,0,0,0,0,0,0,0,0,0,0,0,0,0,0,0,0,0,0,0,0,0,0,0,0,0,0,0,0,0,0,0,0,0,0,0,0,0,0,1,
9,0.007808,0.015615,0.342983,3.357213,2.224359,2.218750,0.078900,0.093750,18.821154,32.000000, , , ,1,0,2,1,1,2,0,0,2,1,1,3,0,1,2,1,1,4,1,0,0,0,2,1,1,0,3,2,1,0,2,1,1,3,2,5,4,5,7,5,2,4,0,0,4,7,5,9,5,7,4,4,6,4,8,6,10,7,4,8,6,6,6,4,9,7,8,5,7,3,4,4,13,14,5,14,5,8,8,4,7,3,7,8,10,4,5,4,5,7,5,7,6,5,7,5,3,7,6,8,10,3,7,10,6,7,8,6,6,9,6,2,7,5,4,6,8,7,7,6,8,8,8,4,3,7,5,5,3,3,7,6,9,3,6,6,8,5,7,7,5,4,9,7,3,7,3,2,3,1,7,4,6,5,3,2,5,8,3,2,3,2,4,2,6,2,1,2,3,1,1,3,6,1,5,3,5,3,4,2,4,1,5,5,2,2,3,4,3,4,3,6,2,2,5,4,3,7,4,1,0,1,0,4,3,2,1,2,3,4,1,0,2,1,3,5,2,1,2,1,3,5,3,1,4,1,1,0,0,3,3,2,0,0,4,0,3,2,1,0,0,2,4,0,0,3,0,2,1,4,3,3,1,1,4,5,1,0,0,1,1,0,2,2,3,2,2,2,3,1,0,0,0,0,0,0,0,0,0,3,1,2,0,1,1,0,3,0,0,0,1,1,2,1,2,1,0,2,0,3,0,1,3,1,1,0,2,1,1,0,0,1,0,0,1,0,0,1,0,1,0,1,2,1,0,2,0,1,0,0,2,0,0,0,2,0,1,0,1,0,0,0,0,0,0,1,0,0,1,2,0,1,1,0,2,1,1,2,1,0,1,1,1,0,1,0,0,1,0,1,0,0,0,1,0,2,2,0,0,0,0,0,1,0,0,0,1,0,0,0,0,0,1,0,0,0,0,0,0,1,0,0,0,0,1,0,0,0,0,0,0,0,0,0,0,1,1,0,0,1,0,0,0,0,2,0,0,1,0,1,1,0,0,0,0,0,0,1,0,0,0,1,0,1,0,1,0,0,0,1,1,0,0,1,0,0,0,0,0,1,0,0,0,1,0,0,0,1,0,0,0,0,0,0,0,0,0,0,1,0,0,0,1,1,0,0,0,0,0,0,0,0,0,1,0,0,0,0,0,0,0,0,0,0,0,0,0,0,0,0,0,0,0,0,0,0,0,1,0,0,0,0,0,0,0,0,0,0,0,0,0,0,0,0,0,0,0,0,0,0,0,0,0,0,0,0,0,0,0,0,0,0,0,1,0,0,0,0,1,0,0,0,0,0,0,2,0,0,0,0,1,0,0,0,0,0,0,0,0,0,0,1,0,0,0,0,0,0,0,0,0,0,0,0,0,0,0,0,0,0,0,0,0,0,0,1,0,0,0,0,0,0,1,0,0,0,1,0,0,0,0,0,0,0,0,0,0,0,0,0,0,0,0,0,0,0,0,0,0,0,0,0,0,0,0,0,0,0,0,0,0,0,0,0,0,0,0,0,0,0,0,0,0,0,0,0,0,0,1,0,0,0,0,0,0,0,0,0,0,0,0,0,0,0,0,2,0,0,0,1,0,0,0,0,0,1,0,0,0,0,0,0,1,0,0,0,0,0,0,0,0,0,0,0,0,0,1,0,0,0,0,0,1,0,0,0,0,0,0,0,0,0,0,0,0,0,0,0,0,0,0,0,0,0,0,0,0,0,0,0,0,0,0,0,0,0,0,0,0,0,0,0,0,0,0,0,0,0,0,0,0,0,0,0,0,0,0,0,0,0,0,0,0,0,0,0,0,0,0,0,0,0,0,0,0,0,0,0,0,0,0,0,0,0,0,0,0,0,0,0,0,0,0,0,0,0,0,0,0,0,0,0,0,0,0,0,0,0,0,0,0,0,0,0,0,0,0,0,0,0,0,0,0,0,0,0,0,0,0,0,0,0,0,0,0,0,0,0,0,0,0,0,0,0,0,0,1,0,0,0,0,0,0,0,0,0,0,1,0,1,0,0,0,0,0,0,0,0,0,0,0,0,0,0,0,0,0,0,0,0,0,1,0,0,0,0,0,0,1,0,0,0,0,0,0,0,0,0,0,0,0,0,0,0,0,0,0,0,0,0,0,0,0,0,0,0,0,0,0,0,0,0,0,0,0,0,0,0,0,0,0,0,1,0,0,0,0,0,0,0,0,0,0,0,0,0,0,0,0,0,0,0,0,0,0,0,0,0,0,0,0,0,0,0,0,0,0,0,0,0,0,0,0,0,0,0,0,0,0,1,
10,0.012934,0.050340,1.341487,1.582724,6.443512,6.393172,-0.128263,-0.151020,17.742636,19.864943, , , ,0,0,1,0,0,1,0,0,1,0,2,0,1,0,2,0,1,1,1,1,0,1,0,1,0,0,0,0,0,0,0,0,1,0,1,2,0,0,0,1,0,0,1,0,1,2,0,0,2,0,1,0,3,1,2,1,0,0,1,0,1,1,1,0,1,0,0,1,2,2,2,3,1,0,1,2,1,0,0,1,0,0,4,0,3,0,0,1,1,0,2,0,0,1,0,0,0,3,0,2,0,0,0,0,0,1,1,2,0,0,0,3,0,2,1,1,0,0,1,0,2,2,0,0,0,2,2,2,1,0,1,2,0,1,1,1,2,1,0,0,0,1,0,1,0,3,0,1,1,0,0,1,0,0,0,0,0,0,1,2,0,0,2,0,1,1,0,1,0,0,0,1,1,1,0,0,1,0,0,0,0,2,0,1,1,0,0,1,1,0,1,0,2,0,0,1,2,2,0,0,1,0,2,2,0,0,1,0,1,0,2,1,0,1,1,0,1,1,1,0,0,3,1,0,2,1,0,0,0,0,1,0,0,0,1,0,1,0,0,1,4,1,1,1,0,0,1,0,0,2,0,1,0,0,1,0,3,1,1,1,1,1,0,0,0,0,0,0,1,1,2,1,2,1,1,0,1,0,2,0,2,0,1,0,0,0,0,1,0,1,0,1,1,0,0,0,0,0,0,1,0,0,0,1,0,0,1,2,0,1,0,0,1,0,0,0,1,0,0,0,1,0,0,0,1,0,0,1,0,0,0,0,0,0,1,1,0,0,0,0,0,0,0,0,1,0,2,1,0,0,0,0,1,0,0,0,0,0,0,0,0,0,2,0,1,0,0,1,0,0,0,0,0,0,0,0,1,0,0,0,0,0,1,0,0,1,0,0,0,1,0,0,0,0,0,0,0,0,0,0,0,0,0,0,1,0,0,1,0,0,0,0,0,0,0,0,0,1,0,0,0,0,0,0,0,1,0,0,0,0,0,0,0,0,0,2,0,0,0,0,0,0,0,0,0,0,1,0,0,0,0,1,0,1,2,0,0,0,0,0,0,0,0,1,0,0,0,0,0,0,1,0,0,0,0,0,0,0,0,0,0,1,0,0,0,0,0,0,0,0,0,0,0,0,0,1,0,1,0,0,0,0,0,0,0,0,1,0,0,0,0,0,0,0,0,0,0,0,0,0,0,0,0,0,0,0,1,0,0,0,0,0,0,0,0,0,0,0,0,0,0,0,0,1,0,0,0,0,0,0,0,0,0,0,0,0,0,0,0,0,0,0,0,1,0,0,1,0,0,0,0,0,0,0,0,0,1,0,0,0,0,0,0,0,0,0,0,0,0,0,0,0,0,0,0,0,0,0,0,0,0,0,0,0,0,0,0,0,0,0,0,0,0,0,0,0,0,0,0,0,1,0,0,1,0,0,0,0,0,0,0,0,0,0,0,1,0,0,1,0,0,0,0,0,0,0,0,0,0,0,0,0,0,0,0,0,0,0,0,0,0,0,0,0,0,0,0,0,0,0,0,0,0,0,0,0,0,1,0,0,0,0,0,0,0,0,0,0,0,0,0,0,0,0,0,0,0,0,0,0,0,0,0,0,0,0,0,0,0,0,0,0,0,0,0,0,0,0,0,0,0,0,0,0,0,0,0,0,0,0,0,0,0,0,0,0,0,0,0,0,0,0,0,0,0,0,0,0,0,0,0,0,0,0,0,0,0,0,0,0,0,0,0,0,0,0,0,0,0,0,0,0,0,0,0,0,0,0,0,0,0,0,0,0,0,0,0,0,0,0,0,0,0,0,0,0,0,0,0,0,0,0,0,0,0,0,0,0,0,0,0,0,0,0,0,0,0,0,0,0,0,0,0,0,0,0,0,0,0,0,0,0,0,0,0,0,0,0,0,0,0,0,0,0,0,0,0,0,0,0,0,0,0,0,0,0,0,0,0,0,0,0,0,0,0,0,0,0,0,0,0,0,0,0,0,0,0,0,0,0,0,0,0,0,0,0,0,0,0,0,0,0,0,0,0,0,0,0,0,0,0,0,0,0,0,0,0,0,0,0,0,0,0,0,0,0,0,0,0,0,0,0,0,0,0,0,0,0,0,0,0,0,0,0,0,0,0,0,0,0,0,0,0,0,0,0,0,0,0,0,0,0,0,0,0,0,0,0,0,0,0,0,0,0,0,0,0,0,0,0,0,0,0,0,0,0,0,0,0,0,0,0,0,0,0,0,0,0,0,0,0,0,0,0,0,0,0,0,0,1,
10,0.003895,0.007812,0.050323,5.379758,1.151547,1.156250,-0.039063,-0.046875,19.997208,64.000000, , , ,846,832,794,785,767,758,751,742,759,730,686,681,669,643,595,627,577,552,545,503,548,497,468,438,445,393,396,397,369,393,387,367,318,333,324,317,295,275,290,282,280,272,235,263,225,209,206,216,226,204,215,195,181,201,179,167,188,157,174,166,148,140,147,153,149,133,134,114,114,128,113,99,96,93,113,104,94,94,94,86,99,85,81,92,87,85,76,66,68,83,74,74,55,55,56,57,58,69,67,53,57,48,57,64,62,58,61,41,68,50,46,51,47,27,41,45,42,50,35,29,44,37,42,47,39,38,30,40,39,28,26,24,29,37,30,27,26,23,26,20,24,32,35,29,15,27,21,25,32,17,15,19,16,19,14,14,23,19,24,21,14,17,19,26,20,14,20,23,16,21,19,14,10,16,16,16,16,15,22,12,19,15,10,13,14,12,16,5,17,14,13,11,9,5,16,12,8,11,8,8,10,14,8,8,10,9,6,4,6,7,9,3,8,12,8,11,9,5,10,7,9,4,8,9,9,11,8,3,7,7,12,9,12,10,4,11,2,6,3,4,7,3,6,7,9,5,4,4,4,3,5,5,6,5,2,8,3,4,0,6,5,6,2,2,3,2,5,1,4,4,2,0,4,0,2,2,3,2,2,3,0,1,4,5,2,1,3,2,4,5,3,3,4,2,8,3,4,2,5,1,2,8,6,3,2,1,1,0,4,3,4,1,2,4,2,4,3,1,2,4,1,5,2,0,2,2,1,5,0,1,2,2,2,2,3,1,3,7,2,2,1,2,4,0,0,0,3,0,3,2,1,3,0,3,3,2,1,3,1,1,1,1,2,1,3,2,1,0,0,0,2,1,1,2,3,2,5,1,2,2,0,1,0,2,1,1,1,1,1,0,2,1,1,1,0,3,2,0,1,1,0,1,1,1,1,1,1,1,0,1,0,1,1,2,1,0,0,0,0,1,0,0,2,0,1,1,1,1,1,0,1,0,2,0,0,1,0,1,0,0,1,0,0,0,0,0,1,1,2,1,0,0,2,0,0,0,0,1,0,0,2,1,0,0,1,1,0,0,0,0,0,0,0,0,0,0,1,1,1,0,0,0,0,0,0,0,1,0,0,0,0,0,0,0,0,0,1,0,0,1,1,1,0,0,0,1,1,0,1,0,1,0,0,1,0,0,2,0,0,1,0,0,0,0,1,0,0,0,1,0,1,0,1,0,1,1,0,0,0,0,0,1,0,0,0,0,0,0,0,0,0,0,1,1,0,0,0,0,0,0,0,0,0,0,0,2,2,0,0,0,0,0,0,0,0,0,0,0,0,0,0,0,0,0,0,0,1,0,0,0,0,0,0,0,0,0,0,0,0,0,0,0,0,0,0,0,2,0,0,0,0,0,0,0,0,0,0,0,0,0,0,1,0,0,0,0,0,0,0,0,0,0,0,0,0,0,0,0,0,0,0,0,0,0,1,0,1,1,0,0,1,0,0,0,1,0,0,0,0,1,0,0,1,0,0,0,0,0,2,0,0,0,0,0,0,0,0,0,0,0,0,0,0,0,0,0,0,0,0,0,0,0,0,0,0,0,0,0,0,0,0,0,0,0,0,1,0,0,0,0,0,0,0,0,0,0,0,0,0,0,0,0,0,0,0,0,0,0,0,0,0,0,0,0,0,0,0,0,0,0,0,0,0,0,0,0,0,0,0,0,0,0,0,0,0,0,0,0,0,0,0,0,0,0,0,0,0,0,0,0,0,0,0,0,0,0,0,0,0,0,0,0,0,0,0,0,0,0,0,0,0,0,0,0,0,0,0,0,0,0,0,0,0,0,0,0,0,0,0,0,0,0,0,0,0,0,0,0,0,0,0,0,0,0,0,0,0,0,0,0,0,0,0,0,0,0,0,0,0,0,0,0,0,0,0,0,0,0,0,0,0,0,0,0,0,0,0,0,0,0,0,0,0,0,0,0,0,0,0,0,0,0,0,0,0,0,0,0,0,0,0,0,0,0,0,0,0,0,0,0,0,0,0,0,0,0,0,0,0,0,0,0,0,0,0,0,0,0,0,0,0,0,0,0,0,0,0,0,0,0,0,0,0,0,0,0,0,0,0,0,0,0,0,0,0,0,0,0,0,0,0,0,0,0,0,0,0,0,0,0,0,0,0,0,0,0,0,0,0,0,0,0,0,0,0,0,0,0,0,0,0,0,0,0,0,0,0,0,0,0,0,0,0,0,0,0,0,0,0,0,0,0,0,0,0,0,0,0,0,1,
11,0.012893,0.048511,1.094424,2.166334,6.209377,6.160866,-0.169815,-0.194043,14.267193,20.613985, , , ,3,4,2,4,4,4,3,2,5,4,3,4,2,1,2,3,2,3,0,2,0,1,1,1,1,0,1,2,1,1,1,2,1,2,3,0,1,1,2,0,1,4,2,1,0,1,0,1,0,0,1,2,2,0,0,2,0,1,2,1,2,0,0,0,1,0,2,0,1,0,1,0,1,0,0,1,1,1,1,1,0,0,3,1,0,0,0,0,0,0,1,0,0,1,1,1,1,0,0,0,1,2,0,1,0,0,0,0,0,0,0,1,1,1,0,0,0,1,1,0,0,1,0,0,0,0,1,0,1,0,1,0,0,0,0,1,1,1,0,1,2,1,2,1,0,0,0,1,0,0,0,0,2,0,0,1,1,0,0,2,0,0,0,0,0,0,1,0,0,0,1,0,2,0,0,2,0,0,0,1,2,0,0,0,1,0,0,1,0,1,0,1,1,1,1,0,1,1,2,0,1,0,0,0,0,2,1,0,0,0,0,0,0,0,1,0,0,1,0,2,0,1,1,1,0,1,0,0,0,0,0,1,0,0,1,1,0,1,0,1,2,0,0,2,0,0,0,0,0,0,0,2,0,0,0,1,1,0,0,0,0,0,1,1,0,0,0,2,0,1,0,1,0,0,2,1,0,0,0,0,0,0,1,0,2,0,0,0,0,0,0,0,0,0,0,0,0,0,0,0,0,0,0,0,1,0,0,1,1,0,0,1,0,0,1,0,0,1,0,0,0,0,0,0,0,0,0,0,0,0,0,0,0,0,0,0,2,0,0,2,0,0,0,0,0,0,0,0,0,0,0,0,0,0,0,0,0,0,0,0,0,0,2,0,0,0,0,0,0,0,0,0,0,0,0,0,0,1,0,0,0,1,0,0,0,0,0,0,1,0,0,0,0,0,0,0,0,0,0,0,0,1,1,0,0,0,0,0,0,0,0,0,0,0,0,0,0,0,0,0,0,0,0,1,0,0,0,0,0,0,0,0,0,0,0,0,0,1,0,0,1,0,0,0,0,0,0,0,1,0,0,0,0,0,0,0,0,0,0,0,0,0,0,0,0,0,0,1,0,0,0,0,0,0,0,0,0,0,0,0,0,0,0,0,0,0,1,0,0,0,0,1,0,0,0,0,0,0,0,0,0,0,0,0,0,0,0,0,0,0,1,0,0,0,0,0,0,1,0,0,0,0,0,0,0,0,0,0,0,0,1,0,0,0,0,0,0,0,2,0,0,2,0,0,0,0,0,0,0,0,0,0,0,0,0,0,0,0,0,0,0,0,0,0,0,0,0,1,0,0,0,0,0,0,0,0,1,0,0,0,0,0,0,0,0,0,0,0,0,0,0,0,0,0,0,0,0,0,0,0,0,0,0,0,0,0,1,0,1,0,0,0,0,0,1,0,0,0,0,0,0,0,0,1,0,0,0,0,0,0,1,0,0,0,0,0,0,0,0,0,0,0,0,0,0,0,0,0,0,0,0,0,0,0,0,0,0,0,0,0,0,0,0,0,0,0,0,0,0,0,0,0,0,0,0,0,0,0,0,0,0,0,0,0,0,0,0,0,0,0,0,0,0,0,0,0,0,0,0,0,0,0,0,0,0,1,0,0,0,0,0,0,0,0,0,0,0,0,0,0,0,0,0,0,0,0,0,1,0,0,0,0,0,0,0,0,0,0,0,0,0,0,0,0,0,0,0,0,0,0,0,0,0,0,0,0,0,0,0,0,0,0,0,0,0,0,0,0,0,0,0,0,0,0,0,0,0,0,1,0,0,0,0,0,0,0,0,0,0,0,0,0,0,0,0,0,1,0,0,0,0,0,0,0,0,0,1,0,0,0,0,1,0,0,0,0,0,0,0,0,0,0,0,0,0,0,0,0,0,0,0,0,0,0,0,0,0,0,0,0,0,0,0,0,0,0,0,0,0,0,0,0,0,0,0,0,0,0,0,0,0,0,0,0,0,0,1,0,0,0,0,0,0,0,0,0,0,0,0,0,0,0,0,0,0,0,0,0,0,0,0,0,0,0,0,0,0,0,0,0,0,0,0,0,0,0,0,0,0,0,0,0,0,0,0,0,0,0,0,0,0,0,0,0,0,0,0,0,0,0,0,0,1,0,0,0,0,0,0,0,0,0,0,0,0,0,0,0,0,0,0,0,0,0,0,0,0,0,0,0,0,0,0,0,0,0,0,0,0,0,0,0,0,0,0,0,0,0,0,0,0,0,0,0,0,0,0,0,0,0,0,0,0,0,0,0,0,0,0,1,
11,0.015540,0.031246,0.480982,3.909635,5.257230,5.250000,-0.156313,-0.187500,19.951817,16.000000, , , ,26,26,29,30,30,34,22,32,26,33,29,23,33,21,25,31,27,23,17,38,33,33,29,10,23,31,22,17,18,20,20,15,25,18,15,23,22,24,18,14,15,20,15,14,18,13,16,19,17,11,21,22,11,10,9,11,9,14,10,9,12,10,17,14,12,4,14,13,11,17,10,13,15,7,13,6,13,7,14,7,9,2,13,9,5,6,5,5,9,3,12,6,5,6,4,11,6,5,8,7,4,8,3,2,6,10,4,7,2,9,2,4,8,6,13,11,6,7,6,3,6,8,3,5,9,3,4,8,2,5,7,4,4,6,4,4,4,3,3,7,8,3,4,9,2,2,3,6,3,3,2,3,2,4,2,4,4,1,2,1,3,4,7,3,2,2,2,3,1,3,2,3,7,1,1,1,3,2,5,2,7,0,2,3,3,6,1,2,3,2,2,1,0,4,3,2,1,2,0,0,0,0,1,3,3,2,3,2,2,1,4,3,1,1,4,5,1,0,2,1,4,2,5,2,1,2,3,3,2,3,1,1,2,0,1,1,1,3,1,2,3,0,4,2,1,3,2,1,0,0,1,0,0,1,3,2,0,1,1,0,2,1,4,2,2,0,0,0,2,2,0,2,1,1,2,2,0,1,0,0,0,3,1,0,2,1,1,0,0,3,1,1,2,1,2,1,0,0,1,0,1,0,1,1,1,0,1,1,0,0,2,0,1,2,1,0,0,1,0,2,1,1,0,1,0,1,0,1,1,0,0,2,2,0,0,1,1,0,0,1,2,0,0,0,0,2,0,0,1,0,0,0,1,0,0,0,2,0,1,0,0,1,1,0,0,0,1,0,1,1,0,0,1,0,1,1,0,1,1,1,1,0,0,0,0,1,0,1,0,1,0,1,0,1,1,1,0,1,0,1,1,0,2,0,0,0,0,0,0,0,0,1,0,0,1,2,0,0,0,1,0,0,0,1,0,0,0,2,1,0,1,1,1,0,0,1,0,0,0,0,0,0,0,0,3,0,0,3,0,0,0,0,1,0,0,0,0,0,1,0,0,0,1,1,0,1,0,0,2,0,1,1,1,0,1,0,0,0,0,0,0,0,0,0,1,0,0,0,0,1,1,0,1,0,0,0,0,0,0,0,1,0,1,0,0,0,1,0,1,0,0,1,0,1,0,0,0,0,0,0,1,1,0,0,1,1,0,1,0,0,1,0,0,0,0,0,0,1,0,1,0,2,0,0,0,0,1,0,0,0,0,0,0,0,0,0,0,0,0,0,0,0,0,0,0,0,0,0,0,0,0,0,0,0,0,0,0,0,0,1,0,0,0,0,0,0,0,0,0,0,0,1,0,0,0,1,0,0,1,0,0,1,1,0,0,0,0,0,0,0,0,1,0,0,0,0,0,1,1,0,0,0,0,0,0,0,0,0,1,0,0,0,0,0,0,0,0,0,0,0,0,0,0,0,0,0,0,0,0,0,0,0,0,0,0,1,0,0,0,0,0,0,0,0,0,0,0,0,0,0,0,0,0,0,0,0,0,0,0,0,0,0,0,0,0,0,0,0,0,0,0,0,0,0,1,0,0,0,0,0,0,0,0,0,0,0,0,0,0,0,0,0,0,0,0,0,1,0,0,1,0,0,0,0,0,0,0,0,0,0,1,0,0,0,0,0,0,0,0,0,1,0,0,0,0,0,0,0,0,0,0,0,0,0,0,0,0,0,0,0,0,0,0,0,0,0,0,0,0,0,0,0,0,0,0,0,0,0,0,0,0,0,0,0,0,0,0,0,0,0,0,0,0,0,0,0,0,0,0,0,0,0,0,0,0,0,0,0,0,0,0,0,0,0,0,0,0,0,0,0,0,0,0,0,0,0,0,0,0,0,0,0,0,0,0,0,0,0,0,0,0,0,0,0,0,0,0,0,0,0,0,0,0,0,0,0,0,0,0,0,0,0,0,0,0,0,0,0,0,0,0,0,0,0,1,0,0,0,0,0,0,0,0,0,0,0,0,0,0,0,0,0,0,0,0,0,0,0,0,0,0,0,0,0,0,0,0,0,0,0,0,0,0,0,0,0,0,0,0,0,0,0,0,0,0,0,0,0,0,0,0,0,0,0,0,0,0,0,0,0,0,1,0,0,0,0,0,0,0,0,0,0,0,0,0,0,0,0,0,0,0,0,0,0,0,0,0,0,0,0,0,0,0,0,0,0,0,0,0,0,1,0,0,0,0,0,0,0,1,0,0,0,0,0,0,0,0,0,0,1,
12,0.007470,0.014468,0.940282,1.504903,3.713353,3.713353,0.076470,0.087032,13.811265,34.470192, , , ,1,1,1,1,1,0,0,0,1,0,1,2,1,1,0,1,0,1,0,0,1,2,0,1,0,1,0,0,1,0,2,2,1,1,1,2,0,1,1,0,0,0,0,1,0,0,1,0,0,2,2,0,1,1,1,2,1,1,0,0,0,2,0,1,1,1,0,1,2,0,0,0,0,0,2,0,0,1,0,2,0,0,1,0,1,0,1,0,0,0,1,0,0,0,0,1,0,1,2,0,0,0,0,0,1,0,0,2,1,0,1,2,1,0,3,1,2,1,2,0,1,0,1,2,1,0,1,0,0,0,0,0,0,0,1,0,0,1,1,0,0,0,0,1,0,1,1,0,0,1,1,2,0,1,0,0,0,0,0,0,3,2,0,0,0,1,0,0,0,1,0,0,0,0,0,0,0,0,0,0,1,0,0,3,1,0,0,0,0,0,0,0,0,0,1,0,1,0,1,0,0,0,0,0,2,1,1,0,0,1,0,2,0,0,0,0,1,1,1,3,1,0,0,0,1,0,0,0,1,0,0,0,0,0,1,1,1,1,1,0,0,0,0,2,2,1,0,0,0,0,2,1,1,0,0,1,3,0,0,0,0,1,0,0,0,1,2,1,0,1,0,1,0,0,1,0,0,2,2,0,2,1,1,2,1,0,0,2,0,1,0,0,0,0,1,0,1,0,1,0,0,1,0,0,0,1,0,0,0,1,0,0,1,1,0,0,1,1,1,0,0,0,1,0,2,0,0,1,1,0,0,1,1,0,1,0,0,0,2,0,0,1,1,0,1,1,0,0,0,0,0,0,1,1,0,0,0,0,0,0,1,0,1,0,0,0,0,0,0,0,1,0,0,0,0,0,1,0,0,0,0,0,0,0,0,0,0,0,2,0,1,1,0,0,0,1,0,0,0,0,1,2,0,0,0,0,1,0,1,0,0,0,0,0,0,0,1,0,0,1,1,0,0,0,1,0,0,5,0,1,0,0,0,0,0,0,0,0,0,0,0,0,0,0,0,0,0,0,0,0,0,0,0,0,0,0,0,0,0,0,0,1,1,0,0,0,0,0,0,0,0,0,0,0,0,0,1,0,0,0,0,0,0,0,0,1,0,0,0,0,0,0,0,1,0,1,1,0,0,0,1,0,0,0,0,0,1,0,0,0,0,0,0,0,0,0,0,0,1,0,0,0,1,0,0,1,0,2,0,0,0,0,0,1,0,0,0,0,0,1,0,0,0,0,0,0,0,0,0,0,0,1,0,0,0,1,0,0,0,0,0,0,0,0,0,0,0,0,0,0,0,0,0,0,0,0,0,0,0,0,0,0,0,0,0,0,0,0,0,0,0,0,0,0,0,1,0,0,0,0,0,0,0,0,1,0,0,0,0,0,1,0,1,0,0,0,0,0,1,0,0,0,0,0,0,0,0,0,0,1,0,0,0,0,0,0,0,0,0,0,0,0,0,0,0,0,0,0,0,0,1,0,0,0,0,0,1,0,0,0,0,0,0,0,1,0,0,0,0,0,0,0,0,0,0,0,0,0,0,0,0,0,0,0,0,0,0,0,0,0,0,0,0,0,0,0,0,0,0,0,0,0,0,1,0,0,0,0,0,0,0,0,0,0,0,0,0,0,0,0,0,0,0,0,0,0,0,0,0,0,0,0,0,0,0,0,1,0,0,0,0,0,0,0,0,0,0,0,0,0,0,0,0,0,0,0,0,0,0,0,0,0,0,0,0,0,0,0,0,0,0,0,0,0,0,0,0,0,0,0,0,0,0,0,0,0,0,0,0,0,0,0,0,0,0,0,0,0,0,0,0,0,0,0,0,0,0,0,0,0,0,0,0,0,0,0,0,0,0,0,0,0,0,0,0,0,0,0,0,1,0,1,0,0,0,0,0,0,0,0,0,0,0,0,0,0,0,0,0,0,0,0,0,0,0,0,0,0,1,0,0,0,0,0,0,0,0,0,0,0,0,0,0,0,0,0,0,0,0,0,0,0,0,0,0,0,1,0,0,0,0,0,0,0,0,0,0,0,1,0,0,0,0,0,0,0,0,0,0,0,0,0,0,0,0,0,1,0,0,0,0,0,0,0,0,0,0,0,0,0,0,0,0,0,0,0,0,0,0,0,0,0,0,0,0,0,0,0,0,0,0,0,0,0,0,0,0,0,0,0,0,0,0,0,0,0,0,0,0,0,0,0,0,0,0,0,0,0,0,0,0,0,0,0,0,0,0,0,0,0,0,0,0,0,0,0,0,0,0,1,
12,0.001959,0.003906,0.048626,4.352444,0.863050,0.859375,0.019531,0.023438,19.999405,128.000000, , , ,1030,1035,1053,1106,1022,1024,1071,1002,1016,979,960,962,950,919,950,898,837,879,924,849,878,886,820,826,809,750,733,751,785,762,685,707,698,700,714,678,664,667,676,609,616,560,565,573,561,525,502,534,499,495,472,510,487,459,434,466,437,481,430,433,409,376,347,377,383,354,388,363,337,357,318,350,305,309,294,317,276,263,279,258,266,269,241,238,261,246,227,229,199,247,213,196,218,216,197,191,193,196,170,193,168,179,191,182,150,147,165,155,145,152,146,149,130,152,104,124,128,114,112,114,119,120,130,100,100,116,95,108,115,100,97,104,102,72,97,99,77,80,82,78,91,75,75,65,77,81,64,75,60,82,56,67,63,76,68,71,56,68,65,66,54,58,60,40,58,66,59,54,35,39,37,38,49,42,37,35,44,39,40,48,46,46,44,40,40,35,29,51,34,35,32,34,31,25,34,20,37,36,27,32,31,27,29,29,30,27,18,30,30,22,28,31,26,25,26,24,23,27,17,17,19,20,26,20,30,23,29,23,23,16,16,22,17,17,17,13,13,15,17,15,20,20,13,15,10,16,20,11,19,16,9,25,15,14,12,6,17,19,10,14,8,12,12,9,8,9,7,10,5,9,19,10,10,5,10,6,6,13,14,10,7,9,11,9,4,7,9,5,14,9,9,9,6,10,8,9,1,11,9,9,6,10,11,4,6,5,7,5,6,5,5,8,8,7,2,7,7,5,8,5,6,4,6,5,5,8,2,7,3,5,10,5,7,4,2,5,0,5,10,3,5,3,2,5,4,1,4,7,4,1,7,4,6,2,4,8,3,5,3,4,2,1,8,3,6,1,4,2,3,5,3,5,3,1,5,1,2,3,4,9,3,2,1,0,3,2,1,1,1,3,0,3,3,2,0,3,4,3,1,2,0,2,1,2,3,2,1,1,3,2,0,2,0,2,2,1,1,2,3,1,1,4,4,1,2,0,2,2,0,2,5,5,1,1,3,4,3,1,1,2,2,1,0,4,3,1,0,1,1,3,1,1,3,1,2,1,0,1,3,2,1,2,0,0,2,2,0,3,0,1,1,1,1,0,2,2,0,0,2,1,1,1,3,2,1,1,3,0,1,2,0,1,2,2,1,2,0,1,2,0,0,0,0,2,2,0,1,2,1,0,0,0,0,0,2,0,2,1,1,1,0,3,1,0,0,3,0,0,0,1,1,0,0,0,0,1,0,1,0,0,0,0,2,1,0,1,2,1,0,1,0,0,1,0,0,0,0,0,1,2,0,1,0,0,1,0,0,0,1,0,2,1,0,0,0,0,0,0,0,0,2,1,0,0,0,0,0,0,0,0,0,1,0,0,2,1,0,1,0,0,2,0,0,1,0,1,0,0,1,0,1,0,0,0,1,1,1,0,0,0,0,1,0,0,0,0,0,0,0,0,0,0,0,0,0,0,0,0,0,0,0,0,1,0,0,0,1,1,0,2,1,0,0,0,0,1,1,1,0,0,0,0,0,0,1,0,0,0,0,0,0,1,0,0,0,0,0,0,0,0,0,0,0,0,1,0,1,0,0,0,0,0,0,0,1,0,0,0,0,0,0,0,2,1,0,1,0,0,0,0,0,0,0,0,0,0,0,0,0,0,0,0,0,0,0,0,0,0,0,0,0,1,0,0,0,0,0,0,0,0,0,0,0,0,0,0,0,0,0,0,0,0,0,0,0,0,0,0,0,0,0,0,0,0,0,0,0,0,0,0,0,0,0,0,0,0,1,0,0,0,1,0,0,0,0,0,0,0,0,0,0,0,0,0,0,0,0,0,0,0,0,0,0,0,0,0,0,0,0,0,0,0,0,0,0,0,0,0,0,0,0,0,0,0,0,0,0,0,0,0,0,0,0,0,1,0,0,0,0,0,0,0,0,0,0,0,0,0,0,0,0,1,0,0,0,0,0,0,0,0,0,0,0,0,0,0,0,0,0,0,0,0,0,0,0,0,0,0,0,0,0,0,0,0,1,0,0,0,0,0,0,0,0,0,0,0,0,0,0,0,0,0,0,0,0,0,0,0,0,0,0,0,0,0,0,0,0,0,0,0,0,0,0,0,0,0,0,0,0,0,0,0,0,0,1,0,0,0,0,0,0,0,0,0,0,0,0,0,0,0,0,0,0,0,0,0,0,0,0,0,0,0,0,1,0,0,0,0,0,0,0,0,0,0,0,0,0,0,0,0,0,0,0,0,0,0,0,0,0,0,0,0,0,0,0,0,0,0,0,1,
13,0.017119,0.061462,1.422836,2.242265,7.867116,7.805654,0.154023,0.184386,19.713264,16.270258, , , ,13,5,15,8,7,3,3,2,4,3,3,5,0,6,2,1,4,2,3,5,2,2,0,0,1,2,1,2,1,3,1,1,0,1,0,2,2,0,0,0,0,0,0,1,0,0,1,1,0,1,0,0,0,0,0,0,0,0,0,0,2,0,1,1,2,1,0,0,0,1,0,0,0,0,1,0,0,0,0,0,0,0,0,0,0,1,0,0,1,0,0,1,0,0,0,0,0,0,0,0,0,0,0,0,0,0,0,0,0,0,0,0,0,0,0,0,0,1,0,1,0,1,0,0,0,0,0,1,0,1,0,0,0,0,0,0,0,0,1,0,0,0,0,0,1,0,0,0,0,0,0,1,0,0,0,0,1,0,0,0,1,0,0,0,0,0,0,0,0,0,0,0,1,0,0,0,0,0,0,0,0,0,1,1,0,0,1,0,0,0,0,0,0,0,0,0,1,0,0,1,1,0,0,0,0,0,0,1,0,2,0,0,1,1,1,2,1,0,0,0,0,0,0,1,0,0,0,0,0,0,0,4,0,0,1,1,0,0,0,0,1,1,0,0,0,1,0,1,1,0,0,1,0,2,1,0,1,0,0,0,0,1,1,0,0,0,1,1,1,0,0,1,0,0,0,1,0,0,0,0,0,0,0,1,1,1,1,1,0,0,0,0,1,2,0,0,0,1,1,0,0,0,1,0,0,2,1,1,1,0,1,2,0,1,0,0,1,1,0,0,0,1,1,0,2,0,0,0,0,0,1,0,1,0,0,0,0,2,0,1,0,0,0,1,0,0,0,0,0,0,0,1,0,1,0,0,0,0,0,0,0,1,0,0,0,0,2,0,0,0,0,0,2,1,0,0,0,0,1,0,0,0,0,0,0,1,0,1,0,0,0,0,0,0,2,0,0,0,0,0,0,0,0,0,0,0,0,0,0,0,0,0,0,0,0,0,0,1,0,0,0,0,0,0,0,0,0,0,0,0,1,0,0,0,0,0,0,0,0,0,0,0,1,0,0,0,0,1,0,0,0,1,0,0,0,0,0,0,0,0,0,0,0,0,0,0,0,0,0,0,0,0,0,0,0,0,0,0,1,0,1,0,0,0,0,0,0,0,0,0,0,0,0,0,0,0,0,0,0,0,0,0,0,0,0,0,0,0,0,0,0,0,1,0,0,1,0,0,0,0,0,0,0,0,0,1,0,0,0,1,0,0,0,0,0,0,0,0,0,1,0,0,0,0,0,0,0,0,0,0,0,0,0,1,1,0,0,0,1,0,1,0,0,0,0,0,0,1,0,0,0,0,0,0,0,0,0,0,0,0,0,0,0,0,0,0,0,0,0,0,0,0,0,0,0,0,0,0,0,0,0,0,1,0,0,0,0,0,0,0,0,0,0,0,0,0,0,0,0,0,0,0,0,0,0,1,0,1,0,0,1,0,0,0,0,0,0,0,0,0,0,0,0,0,0,0,0,0,0,0,0,0,0,0,1,0,0,0,0,0,0,0,0,0,0,0,0,0,0,0,0,0,0,0,0,0,0,0,0,0,0,0,0,0,0,0,0,0,0,0,0,0,0,1,0,0,0,0,0,0,0,0,0,0,0,0,0,0,0,0,0,0,0,0,0,0,0,0,0,0,0,0,0,0,0,0,0,0,0,0,0,0,0,0,0,0,0,0,0,0,0,0,0,0,0,0,0,0,0,0,0,0,0,0,0,0,0,0,0,0,0,0,0,0,0,0,0,0,0,1,0,0,0,0,0,0,0,1,0,0,0,0,0,0,0,0,0,0,0,0,0,0,0,0,0,0,0,0,0,0,1,0,0,0,0,0,0,0,0,0,0,0,0,0,0,0,0,0,0,0,0,0,0,0,0,0,0,0,0,0,0,0,0,0,0,0,0,0,0,0,0,0,0,0,0,0,0,0,0,0,0,0,0,0,0,0,0,0,0,0,0,0,0,0,0,0,0,0,0,0,0,0,0,0,0,0,0,0,0,0,0,0,0,0,0,0,0,0,0,0,0,0,0,0,0,0,0,0,0,0,0,0,0,0,0,0,0,0,0,0,0,0,0,0,1,0,0,0,0,0,0,0,0,0,0,0,0,1,0,0,0,0,0,0,0,0,0,0,0,0,0,0,0,0,0,0,0,0,0,0,0,0,0,0,0,0,1,0,0,0,0,0,0,0,0,0,0,0,0,0,0,0,0,0,0,0,0,0,0,0,0,0,0,0,0,0,0,0,0,0,0,0,0,0,0,0,0,0,0,1,
13,0.003819,0.007810,0.336256,1.580790,1.811671,1.812500,0.039850,0.046875,17.629827,64.000000, , , ,1,1,1,1,1,2,0,1,2,2,2,0,0,1,1,2,2,1,2,3,2,2,2,1,1,1,2,4,1,0,3,2,3,4,0,2,1,1,0,1,2,4,1,10,6,2,5,4,3,2,2,9,7,3,9,4,6,6,2,6,10,8,6,7,10,5,8,10,5,15,7,15,9,9,9,13,11,13,7,8,9,6,4,5,11,9,17,8,14,10,6,10,10,11,13,8,6,12,10,9,6,12,13,14,9,12,20,11,6,14,11,11,11,11,18,13,5,8,9,10,12,10,11,16,9,10,8,8,7,10,9,13,6,11,14,14,3,12,14,11,10,11,12,14,7,10,13,18,12,9,3,9,10,11,13,12,12,11,15,11,8,13,14,9,15,6,5,11,8,14,9,10,11,16,8,9,8,3,4,8,5,11,6,11,7,6,11,3,4,5,7,5,5,9,5,9,7,7,6,7,4,7,8,7,10,4,9,6,4,5,4,1,2,9,8,7,6,6,8,4,13,8,9,12,7,1,7,4,5,6,7,7,9,8,8,8,2,6,8,5,6,5,5,4,4,6,4,2,4,6,5,6,6,5,5,3,3,3,4,3,4,5,7,5,1,8,4,3,4,8,6,3,10,4,3,2,5,4,3,1,2,3,3,4,1,2,1,4,2,8,3,1,2,4,0,2,6,1,4,1,2,0,3,3,0,5,2,3,3,6,3,3,0,2,2,2,1,1,3,2,3,4,5,3,1,2,3,0,1,4,3,6,4,4,5,4,1,3,2,1,3,2,2,0,1,3,0,2,2,0,2,1,0,1,1,1,3,2,0,4,0,2,1,1,0,1,4,1,1,0,3,0,1,0,2,2,3,2,0,2,0,2,1,1,2,0,2,0,1,0,1,2,1,2,1,1,1,1,3,2,1,1,0,0,1,0,2,2,2,0,1,1,0,0,1,0,0,0,0,2,1,0,0,3,0,1,0,1,1,0,0,0,0,1,2,2,1,4,1,0,1,1,0,1,1,2,0,0,1,0,2,1,0,0,0,3,1,0,1,0,1,1,0,1,0,1,1,0,0,2,1,2,0,0,0,0,0,0,1,0,0,1,0,0,0,0,1,0,1,1,0,1,1,1,0,1,0,0,1,0,1,0,1,1,1,0,1,0,0,0,1,0,0,0,0,0,0,0,1,0,0,0,0,0,1,0,0,0,1,0,0,0,0,0,0,0,0,0,0,0,0,0,0,0,1,0,0,0,0,0,0,0,1,0,0,1,0,0,0,1,0,1,2,0,0,1,0,1,0,1,0,0,0,0,0,1,0,0,0,1,0,0,0,1,0,0,0,0,0,0,0,0,0,0,0,0,0,0,0,0,0,1,0,0,0,0,0,0,0,0,0,0,0,0,0,0,0,0,0,0,0,0,0,0,0,1,0,0,0,0,1,0,0,0,2,0,0,0,0,0,0,0,0,0,1,0,0,0,1,0,0,0,0,0,0,1,0,0,0,0,0,0,0,0,0,0,1,0,0,1,0,0,0,0,0,0,0,0,0,0,1,0,0,0,0,0,0,0,1,0,0,0,0,0,0,0,0,0,0,0,1,0,0,0,1,0,0,1,0,1,0,0,1,1,0,0,0,1,0,0,0,0,0,0,0,0,0,0,1,0,0,0,0,0,0,0,0,0,0,0,0,0,0,0,0,0,0,1,1,0,0,1,0,0,0,0,0,1,0,0,0,1,0,0,0,0,1,0,0,0,0,0,0,0,0,0,0,0,0,0,0,0,0,0,0,0,0,0,0,0,0,0,0,0,0,0,0,0,0,0,0,0,0,0,0,0,0,0,1,0,0,0,1,0,0,0,0,0,1,0,0,0,0,0,0,0,0,0,0,0,0,0,0,0,0,0,0,0,0,0,0,0,0,0,0,0,0,0,0,0,0,0,0,0,0,0,0,0,0,0,0,0,0,0,0,0,0,0,0,0,0,0,0,0,0,0,0,0,0,0,0,0,0,0,0,0,0,0,0,0,0,0,0,0,0,0,0,0,0,0,0,0,1,0,1,0,0,0,0,0,0,0,0,0,1,0,0,0,0,0,0,0,0,0,0,0,0,0,0,0,0,0,0,0,0,0,0,0,0,0,0,0,0,0,0,0,0,0,0,0,0,0,0,0,0,0,0,0,0,0,0,0,0,0,0,0,0,0,0,0,0,0,0,0,0,0,0,0,0,0,0,0,0,0,0,0,0,0,0,0,0,0,0,0,0,0,0,0,0,1,
14,0.011229,0.042700,1.237087,1.429671,5.465619,5.422919,-0.145052,-0.128100,11.686495,23.419123, , , ,0,1,1,2,1,0,1,2,1,0,0,2,1,2,1,1,1,2,0,0,0,0,1,0,1,3,1,0,2,0,0,2,0,1,1,1,0,2,0,0,0,0,1,2,0,0,1,0,1,2,1,0,1,3,1,0,0,2,4,1,2,1,3,1,1,0,1,2,2,0,2,0,2,1,4,3,1,4,1,2,1,1,2,0,1,3,4,1,4,2,2,0,2,2,2,1,1,1,1,0,0,0,0,2,2,0,2,1,0,1,1,2,3,4,2,2,1,0,0,1,1,2,1,2,1,3,2,0,1,3,1,0,0,2,2,1,2,1,0,0,2,2,1,2,1,2,0,1,0,1,1,0,1,1,0,1,1,1,2,0,2,0,2,3,1,2,1,0,0,1,3,2,0,1,1,1,2,1,1,3,0,1,3,1,0,0,2,1,0,2,2,0,2,4,1,1,1,0,2,3,2,2,2,1,1,1,0,3,0,1,1,2,1,1,3,1,2,1,1,4,0,3,2,0,2,0,3,0,3,1,2,2,1,0,3,3,1,2,2,2,3,3,0,1,1,0,2,1,0,0,0,0,0,5,1,0,1,0,1,4,2,1,3,0,1,0,1,1,1,2,1,0,3,1,0,1,0,1,0,1,1,1,4,2,0,1,3,2,0,0,1,1,3,2,1,1,2,0,0,2,2,0,0,3,2,1,0,2,1,1,1,0,0,1,3,1,0,0,0,0,2,1,1,0,0,1,0,1,2,0,2,1,1,0,1,1,1,2,3,0,0,3,3,2,2,1,1,2,0,0,1,0,1,0,1,3,0,0,0,1,0,1,0,1,0,0,0,1,0,0,0,1,1,0,0,1,1,0,0,0,0,0,1,0,0,0,0,2,0,1,0,0,0,2,1,0,2,0,0,0,0,0,0,2,2,1,0,1,1,0,0,0,1,0,1,0,2,2,1,0,0,1,2,1,1,0,0,0,0,0,1,2,1,1,0,0,0,1,0,0,0,0,0,0,1,0,0,1,1,1,0,0,1,1,0,0,0,1,1,1,0,0,1,0,0,0,0,0,0,0,0,0,1,0,1,0,0,0,0,1,0,2,0,0,0,0,0,0,0,0,0,0,0,1,0,0,0,0,0,0,0,1,0,0,0,1,1,0,2,0,0,0,0,0,0,1,0,0,0,0,0,0,1,0,0,0,0,1,1,0,0,1,0,0,0,0,0,0,0,0,0,0,0,0,0,0,0,0,0,0,0,0,1,0,0,0,0,0,0,0,0,0,0,0,0,0,0,0,0,0,0,0,1,1,0,0,0,1,0,0,0,1,0,0,0,0,0,0,0,0,0,0,0,0,0,0,0,0,0,0,0,0,0,0,0,0,0,0,0,0,0,0,1,0,0,0,0,0,0,0,0,0,0,0,0,0,0,0,0,0,0,0,1,0,0,0,0,2,0,0,0,0,0,0,0,0,0,0,0,0,0,0,0,0,0,0,0,0,0,0,0,0,0,0,0,0,0,0,0,0,0,0,0,0,0,0,0,0,0,0,0,0,0,0,0,0,0,1,0,0,1,0,0,0,0,0,0,0,0,0,0,0,0,0,0,0,0,0,0,0,0,0,0,0,0,0,0,0,1,0,0,0,0,0,0,0,0,0,0,0,0,0,0,0,0,0,0,0,0,0,0,0,0,0,0,0,0,0,0,0,0,0,0,0,0,0,0,0,0,0,0,0,0,0,0,0,0,0,0,0,0,0,0,0,0,0,0,0,0,0,0,0,0,0,0,0,0,0,0,0,0,0,0,0,0,0,0,0,0,0,0,0,0,0,0,0,0,0,0,0,0,0,0,0,0,0,0,0,0,0,0,0,0,0,0,0,0,0,0,0,0,0,0,0,0,0,0,0,0,0,1,0,0,0,0,0,0,0,0,0,0,0,0,0,0,0,0,0,0,0,0,0,0,0,0,0,0,0,0,0,0,0,0,0,0,0,0,0,0,0,0,0,0,0,0,0,0,0,0,0,0,0,0,0,0,0,0,0,0,0,0,0,0,0,0,0,0,0,0,0,0,0,0,0,0,0,0,0,0,0,0,0,0,0,0,0,0,0,0,0,0,0,0,0,0,0,0,0,0,0,0,0,0,0,0,0,0,0,0,0,0,0,0,0,0,0,0,0,0,0,0,0,0,0,0,0,0,0,0,0,0,0,0,0,0,0,0,0,0,0,0,0,0,0,0,0,0,0,0,0,0,0,0,0,0,0,0,0,0,1,
14,0.003910,0.007812,0.037406,5.925437,1.331717,1.328125,-0.039063,-0.046875,19.998947,64.000000, , , ,4765,4738,4684,4632,4451,4425,4248,4010,3942,3656,3603,3349,3323,3141,3003,2837,2646,2623,2538,2330,2234,2092,2001,1998,1753,1823,1634,1577,1599,1489,1465,1258,1212,1245,1148,1145,1126,1064,981,967,936,884,835,822,824,830,745,704,699,597,617,600,573,537,525,499,537,486,473,445,471,443,395,383,375,364,356,343,310,303,326,282,265,268,277,271,276,241,239,252,201,233,231,208,176,195,185,199,175,155,183,147,149,152,147,127,125,141,125,120,122,127,127,108,104,95,102,102,106,89,89,103,100,76,102,83,89,88,86,79,72,74,57,52,71,73,80,61,62,55,61,60,51,48,58,46,37,42,56,38,45,35,46,55,51,42,32,36,34,45,31,34,32,40,29,34,35,31,33,31,25,23,32,21,34,30,19,20,28,25,34,22,23,22,25,15,13,19,13,12,22,15,11,22,19,13,11,20,13,18,11,13,14,13,12,15,13,9,16,9,17,10,6,8,10,10,17,12,18,11,11,14,10,5,10,11,8,8,11,7,15,6,4,4,9,2,2,5,4,6,12,7,8,6,7,7,5,7,5,5,10,6,5,5,5,6,6,2,3,2,3,1,2,2,5,4,5,3,3,5,4,3,1,3,5,5,7,2,3,2,4,3,4,1,3,1,3,1,4,2,1,1,6,1,1,3,2,3,1,2,0,4,4,7,5,5,1,2,3,3,4,2,1,1,7,2,0,1,0,0,1,1,0,3,1,0,1,1,2,0,0,3,6,1,4,1,1,1,0,0,1,2,2,0,4,2,0,2,1,0,0,1,1,3,1,0,3,0,0,0,2,1,2,0,1,0,1,1,3,0,1,0,1,0,0,1,1,3,0,0,1,0,0,0,1,1,0,1,0,0,2,2,0,2,0,1,2,0,1,1,0,0,2,0,0,0,1,1,2,2,0,0,0,0,1,1,2,1,0,0,0,0,0,0,0,0,1,1,1,0,1,0,0,0,0,0,0,1,0,0,0,0,0,0,0,0,0,0,1,0,0,0,1,0,0,1,0,0,0,1,1,0,2,1,1,1,0,0,0,0,0,0,1,1,1,2,0,0,1,0,1,1,0,0,0,0,1,0,0,0,0,2,0,1,0,0,0,0,0,0,0,1,0,0,0,0,0,0,0,1,0,1,0,0,0,0,0,0,0,0,0,0,0,0,0,1,0,2,0,1,0,0,0,0,0,1,1,0,0,0,0,0,0,0,0,0,0,0,0,0,1,0,0,1,0,0,0,0,0,0,0,1,0,0,0,1,0,0,0,1,0,0,0,0,0,0,0,0,0,0,0,0,0,0,0,0,0,0,0,0,0,0,0,0,0,0,0,0,0,0,0,0,0,0,0,0,0,0,0,0,0,1,0,0,0,0,0,0,0,0,0,2,0,0,0,0,0,0,1,1,0,0,0,0,0,0,0,0,0,0,0,0,0,0,0,1,0,1,0,0,0,0,0,0,0,0,0,0,0,0,0,0,0,0,0,0,0,0,0,0,0,0,0,0,0,0,0,0,0,1,0,1,1,0,0,1,0,0,0,0,0,0,0,0,0,0,0,0,0,0,0,0,0,0,0,0,0,0,0,0,0,0,0,0,0,0,0,0,0,0,0,0,0,0,0,0,0,0,0,0,0,0,0,0,0,0,0,0,0,0,0,0,0,0,0,0,0,0,0,0,0,0,0,0,0,0,0,1,0,0,0,0,0,0,0,0,0,0,0,0,0,0,0,0,0,0,0,0,0,0,0,0,0,0,0,0,0,0,0,0,0,0,0,0,0,0,0,0,1,0,0,0,0,0,0,0,0,0,0,0,0,0,0,0,0,0,0,0,0,0,0,0,0,0,0,1,0,0,0,0,0,0,0,0,0,0,0,0,0,0,0,0,0,0,0,0,0,0,0,0,0,0,0,0,0,0,0,0,0,0,0,0,0,0,0,0,0,0,0,0,0,0,0,0,0,0,0,0,0,0,0,0,0,0,0,0,0,0,0,0,0,0,0,0,0,0,0,0,0,0,0,0,0,0,0,0,0,0,0,0,0,0,0,0,0,0,0,0,0,0,0,0,0,0,0,0,0,0,0,0,0,0,0,0,0,0,0,0,0,0,0,0,0,0,0,0,0,0,0,0,0,0,0,0,0,0,0,0,0,0,0,0,0,0,0,0,0,0,0,0,0,0,0,0,0,0,0,0,0,0,0,0,0,0,0,0,0,0,0,0,0,0,0,0,0,0,0,0,0,0,0,0,0,0,0,0,0,0,0,1,
15,0.017529,0.065472,0.852897,2.987909,8.380394,8.314922,-0.165210,-0.196415,18.888380,15.273745, , , ,15,8,12,13,10,7,7,6,4,5,10,9,3,3,4,6,3,6,6,7,8,2,3,3,2,1,6,4,3,5,1,3,4,2,3,5,2,4,3,1,1,0,0,3,0,3,1,1,2,3,3,1,1,3,3,1,2,5,4,3,2,0,5,1,0,2,0,4,1,3,2,2,1,4,3,0,1,3,1,1,2,2,5,2,0,1,3,2,3,0,1,1,2,1,1,0,1,2,2,0,2,0,0,2,2,1,0,0,0,0,3,2,1,1,2,2,0,1,2,0,1,0,2,3,1,3,3,2,5,0,0,2,1,4,2,6,3,1,4,0,2,2,2,1,2,2,0,1,0,2,2,0,3,1,2,0,1,3,1,0,1,0,0,2,1,1,0,0,4,1,2,1,1,3,0,0,1,0,0,0,0,0,1,1,1,0,0,1,0,1,2,0,3,1,0,3,0,1,0,0,0,0,1,0,1,1,0,0,0,0,0,0,1,1,0,1,0,0,1,1,1,1,1,1,0,1,0,1,1,1,0,2,1,0,0,2,0,0,0,0,0,1,0,1,0,1,0,0,0,1,0,0,0,1,0,0,1,1,1,0,0,0,0,1,0,1,0,0,0,1,0,0,0,0,0,1,0,0,1,0,0,0,0,0,0,0,0,1,1,0,1,0,1,2,0,0,0,0,0,0,0,0,0,0,1,0,0,0,0,0,0,0,0,0,0,0,0,0,0,0,0,0,0,0,0,0,0,2,0,1,1,0,1,0,0,0,0,1,0,0,1,0,0,0,0,0,0,0,0,0,0,0,1,0,1,1,0,0,0,1,0,0,0,0,0,0,0,0,0,0,0,0,1,0,0,0,0,0,0,0,0,0,0,0,0,0,0,0,0,1,0,0,1,0,0,0,0,0,0,0,0,1,0,0,0,0,0,0,1,0,0,0,0,0,1,0,0,0,0,0,0,0,0,0,0,1,0,0,0,0,0,1,0,0,0,0,0,0,0,1,0,0,0,0,0,0,0,0,0,0,0,0,0,0,0,0,0,0,1,0,0,0,0,0,1,0,0,0,0,0,0,0,0,0,0,0,0,0,0,0,0,0,0,0,1,0,0,1,0,0,0,1,0,0,0,0,1,0,0,0,0,0,0,0,0,0,0,0,0,0,0,0,0,0,0,0,0,0,0,0,0,0,0,0,0,0,0,0,0,0,0,0,0,0,0,0,0,0,1,0,0,0,0,0,0,0,1,0,0,0,0,0,0,0,0,0,0,0,0,0,0,0,0,0,0,0,0,0,0,0,0,0,0,0,0,0,0,0,0,0,0,0,0,0,0,0,0,0,0,0,0,0,0,0,0,0,0,0,0,0,0,0,0,0,0,0,0,0,0,0,0,0,0,1,0,0,0,0,0,0,0,0,0,0,0,0,0,0,0,0,0,0,0,0,0,0,0,0,0,0,0,0,0,0,0,0,0,0,0,0,0,0,0,0,0,0,0,0,0,0,0,0,0,0,0,0,0,0,0,0,0,0,0,0,0,0,0,0,0,0,0,0,0,0,0,0,0,0,0,0,0,0,1,0,0,0,0,0,0,0,0,0,0,0,0,0,0,0,0,0,0,0,0,0,0,0,0,0,0,0,0,0,0,0,0,0,0,0,0,0,0,0,0,0,0,0,0,0,0,0,0,0,0,0,0,0,0,0,0,0,0,0,0,0,0,0,0,0,0,0,0,0,0,0,0,0,0,0,0,0,0,0,0,0,0,0,0,0,0,0,0,0,0,0,0,0,0,0,0,0,0,0,0,0,0,0,0,0,0,0,0,0,0,0,0,0,0,0,0,0,0,0,0,0,0,0,0,0,0,0,0,0,0,0,0,0,0,0,0,0,0,0,0,0,0,0,0,0,0,0,0,0,0,0,0,0,0,0,0,0,0,0,0,0,0,0,0,0,0,0,0,0,0,0,0,0,0,0,0,0,0,0,0,0,0,0,0,0,0,0,0,0,0,0,0,0,0,0,0,0,0,0,0,0,0,0,0,0,0,0,0,0,0,0,0,0,0,0,0,0,0,0,0,0,0,0,0,0,0,0,0,0,0,0,0,0,0,0,0,0,0,0,0,0,0,0,0,0,0,0,0,0,0,0,0,0,0,0,0,0,0,0,0,0,0,0,0,0,0,0,0,0,0,0,0,0,0,0,0,0,0,0,0,0,0,0,0,0,0,0,0,0,0,0,0,0,0,0,0,0,0,0,0,0,0,0,0,0,0,1,
15,0.015495,0.031249,0.490067,3.963555,4.796671,4.812500,-0.156392,-0.187500,19.890673,16.000000, , , ,44,66,55,53,54,49,50,54,47,44,43,40,53,53,36,53,45,48,40,44,41,42,35,37,47,38,41,41,41,41,44,31,40,40,36,39,43,41,37,39,34,47,33,43,28,32,27,28,30,30,27,26,28,25,28,31,24,20,29,27,36,23,27,18,19,30,15,21,22,28,23,20,14,22,24,23,28,19,29,20,29,14,18,24,15,14,17,15,12,13,19,14,17,15,11,13,18,19,10,17,9,21,12,11,18,13,13,17,11,15,8,13,8,21,10,8,14,14,18,8,10,11,13,11,11,11,8,13,9,5,10,9,4,11,5,10,7,9,11,6,11,10,6,9,7,5,5,6,4,4,10,8,11,5,7,8,4,6,9,9,9,2,8,4,7,6,5,4,6,11,3,4,6,5,3,2,8,9,3,6,4,10,3,5,8,3,2,4,5,7,2,4,6,2,6,1,4,1,2,5,10,2,4,6,4,6,3,3,3,3,3,4,4,3,3,1,2,3,1,4,4,3,3,1,1,5,7,5,2,9,3,1,2,3,2,3,4,4,3,1,1,5,2,2,2,4,2,2,1,6,5,4,5,1,4,1,3,2,1,3,2,3,4,3,3,4,2,4,5,2,4,3,2,2,1,6,2,2,7,3,2,4,2,6,0,2,3,5,5,1,4,3,1,1,3,6,1,1,3,2,0,1,0,1,3,2,4,0,2,3,1,2,1,7,5,2,2,1,0,1,0,0,2,5,2,0,4,2,3,2,3,1,0,2,1,0,2,2,3,2,3,5,2,2,2,0,2,3,0,0,1,2,1,1,1,0,1,1,2,4,2,2,2,4,2,2,0,4,2,0,3,1,1,4,2,1,2,3,1,2,1,0,1,1,1,3,1,1,1,1,0,1,1,1,0,1,1,1,2,0,1,1,1,2,1,0,1,0,4,1,1,2,0,0,0,3,1,1,2,1,3,2,2,2,1,0,3,1,1,0,0,0,1,0,0,1,0,0,0,1,1,4,2,1,3,1,1,2,2,1,2,1,0,2,3,1,1,0,0,1,2,1,1,0,1,4,0,0,0,2,2,0,1,0,2,0,2,0,3,1,3,1,2,2,1,0,0,0,1,1,0,0,1,0,1,0,2,0,1,3,1,1,3,2,0,1,1,2,0,1,1,0,0,0,1,0,0,0,1,0,1,1,1,1,0,1,0,0,1,1,0,0,1,0,0,2,0,1,0,0,0,0,0,1,2,0,0,1,1,1,0,0,0,0,0,0,2,0,0,1,0,0,0,0,0,1,0,0,1,1,1,2,0,1,0,1,0,0,0,0,0,2,0,0,0,0,0,0,1,1,0,0,0,0,0,0,0,0,0,1,0,0,1,0,0,0,0,0,0,1,0,1,0,0,0,0,0,0,1,0,1,0,0,0,0,0,1,0,0,0,0,0,0,0,0,0,0,1,0,1,0,0,0,0,0,0,0,0,1,0,0,0,0,0,1,1,0,0,0,0,0,0,0,0,0,0,0,2,0,0,1,0,1,0,0,0,0,0,0,1,1,2,0,0,0,1,0,0,1,0,1,1,0,0,0,0,0,0,0,0,0,0,0,0,0,0,1,0,0,0,1,0,0,0,0,0,0,0,0,0,0,0,0,1,0,0,0,0,0,0,0,0,0,0,0,0,1,0,0,0,0,0,0,0,0,0,0,0,0,0,0,0,0,0,0,0,0,1,0,0,0,0,0,0,0,0,0,0,0,0,0,1,0,0,0,0,0,0,0,0,0,1,0,0,0,0,0,0,0,0,0,0,0,0,0,0,0,1,0,0,0,0,0,0,0,0,0,0,0,0,0,0,0,0,0,0,0,0,0,0,0,0,0,0,0,1,0,0,0,0,0,0,0,0,0,0,0,0,0,0,0,0,0,0,0,0,0,0,0,0,0,0,0,0,0,0,0,0,0,0,0,0,0,0,0,0,0,0,0,0,0,0,0,0,0,0,0,0,0,0,0,0,0,0,0,0,0,0,0,0,0,0,0,0,1,0,0,0,0,0,0,0,0,0,0,0,0,0,0,0,1,0,0,1,0,0,0,0,0,0,0,0,0,0,0,0,0,0,0,0,0,0,0,0,0,0,0,0,0,0,0,0,0,0,0,0,0,0,1,0,0,0,0,0,0,0,0,1,0,0,0,0,0,0,0,0,0,0,0,0,0,0,0,0,0,0,0,0,0,0,0,0,0,0,0,0,0,0,0,0,0,0,0,0,0,0,0,0,1,0,
16,0.006892,0.027627,0.830142,1.509455,3.536222,3.508595,-0.072112,-0.082880,14.932590,36.196823, , , ,1,0,0,0,0,2,2,2,2,0,1,0,2,0,5,1,1,3,2,1,2,1,2,0,0,2,2,1,0,3,0,1,2,1,2,2,0,0,0,1,0,1,1,1,1,1,0,4,4,1,2,2,0,3,1,1,1,1,3,1,4,1,0,0,0,1,1,0,0,0,1,5,2,1,0,0,0,2,2,4,1,0,4,0,4,2,0,1,2,2,2,3,3,1,0,2,0,3,0,1,2,1,3,3,4,1,1,2,1,0,0,1,2,0,1,1,3,1,0,2,2,0,2,1,3,3,0,2,0,0,1,1,1,2,2,2,0,0,1,1,1,2,2,4,0,2,0,0,1,2,0,2,1,1,0,1,1,1,1,1,1,0,3,3,2,0,1,1,2,1,1,3,0,3,4,0,5,2,3,0,1,1,0,0,0,1,0,2,1,1,2,0,0,3,1,0,2,1,0,3,3,0,0,1,0,2,1,1,2,1,2,0,0,2,1,0,0,0,1,0,0,0,1,0,1,0,4,4,0,2,2,1,1,1,0,0,0,2,0,0,2,2,1,1,1,0,2,1,1,0,1,1,1,3,0,0,2,0,2,0,1,0,0,1,0,0,1,1,0,0,1,2,0,2,1,1,0,3,1,1,1,1,1,0,2,1,0,2,1,1,0,3,0,2,0,1,1,1,1,1,1,0,1,0,1,1,0,0,2,1,2,0,0,0,0,0,0,0,1,1,3,2,1,1,1,0,0,0,0,1,2,1,0,4,1,0,1,0,0,1,0,0,1,0,0,0,1,1,1,1,0,0,0,1,0,1,0,0,2,1,2,0,1,0,0,3,0,0,0,1,1,1,0,0,2,1,1,0,1,0,2,0,2,0,1,1,1,0,1,0,0,0,0,1,1,0,1,1,0,1,5,1,0,0,0,0,1,0,1,1,1,3,2,1,1,0,0,0,0,0,1,0,1,0,1,2,1,0,1,1,1,0,0,0,0,1,1,0,0,0,1,0,0,1,0,0,0,1,1,0,0,0,1,0,0,1,2,0,0,0,2,0,2,0,0,0,1,0,1,0,0,0,0,0,0,0,0,0,0,0,0,0,1,0,1,0,0,1,0,1,1,0,0,0,0,0,0,0,0,2,0,0,2,0,0,0,0,1,1,1,1,0,1,0,0,1,0,0,0,1,0,0,0,0,0,0,0,0,0,0,1,0,0,1,0,1,0,0,0,0,0,1,0,0,0,1,0,0,0,0,0,0,0,0,1,0,0,0,0,1,0,1,0,0,1,0,0,0,0,0,0,1,0,0,0,1,0,0,1,0,0,0,1,0,0,0,0,1,0,0,0,0,0,0,0,0,1,0,0,0,0,1,0,1,0,0,0,1,0,0,0,0,0,0,0,0,0,0,0,0,0,1,0,0,1,0,0,1,0,0,0,0,0,0,0,0,0,0,0,0,0,1,0,0,0,1,0,0,0,0,0,0,0,0,0,0,0,0,0,0,0,0,0,0,0,0,1,0,0,0,0,0,0,0,1,0,0,0,0,0,0,0,0,0,0,0,0,0,0,0,0,0,0,0,0,0,0,0,0,0,0,0,0,0,0,0,0,0,0,0,0,0,0,0,1,0,0,0,0,0,1,0,0,0,0,0,0,0,0,1,0,0,0,0,0,0,0,0,0,0,0,0,0,0,0,1,0,0,0,0,0,0,0,0,0,0,0,0,0,0,0,0,0,0,0,0,0,0,0,0,0,0,0,0,0,0,0,0,0,0,0,0,0,0,0,0,0,0,0,0,0,0,0,0,0,0,0,0,0,0,0,0,0,0,0,0,0,0,0,0,0,0,0,1,0,0,0,0,0,0,0,0,0,0,0,0,0,0,0,0,0,0,0,0,0,0,0,0,0,0,0,0,0,0,0,1,0,0,0,0,0,0,0,0,0,0,0,0,0,0,0,0,0,0,0,0,0,0,0,0,0,0,0,1,0,0,0,0,0,0,0,0,0,0,0,0,0,0,0,0,0,0,0,0,0,0,0,0,0,0,0,0,0,0,0,0,0,0,0,0,0,0,0,0,0,0,0,0,0,0,0,0,0,0,0,0,0,0,0,0,0,0,0,0,0,0,0,0,0,0,0,0,0,0,0,0,0,0,0,0,0,0,0,0,0,0,0,0,0,0,0,0,0,0,0,0,0,0,0,0,0,0,0,0,0,0,0,0,0,0,0,0,0,0,0,0,0,0,0,0,0,0,0,0,0,0,0,0,0,1,
16,0.001956,0.003906,0.032061,5.162566,0.754207,0.757812,-0.019532,-0.023438,19.998192,128.000000, , , ,5186,5065,5006,4981,5024,5015,5027,4898,4957,4743,4727,4697,4622,4571,4553,4480,4406,4300,4154,4027,4046,3932,3755,3748,3685,3664,3512,3521,3468,3263,3212,3179,3107,3053,2990,2913,2783,2720,2697,2645,2585,2490,2497,2353,2356,2227,2173,2161,2119,2056,1919,1931,1885,1867,1798,1820,1679,1669,1646,1554,1532,1463,1505,1454,1406,1366,1283,1281,1221,1213,1201,1227,1072,1126,1026,995,1048,1014,978,905,897,875,836,835,805,796,748,740,782,672,672,711,632,646,609,631,586,566,576,532,542,508,504,468,492,488,456,446,485,442,393,396,384,382,340,366,371,331,354,309,299,322,310,302,244,276,315,275,279,277,251,246,261,234,223,224,211,196,193,207,195,181,176,175,167,167,169,161,129,164,166,147,141,138,121,135,128,122,125,110,122,113,113,104,85,79,116,95,106,87,100,107,97,90,98,96,75,81,75,78,73,66,69,54,59,69,65,65,67,58,76,57,54,48,52,55,70,49,60,46,50,52,40,49,47,46,40,48,46,41,37,35,44,40,41,38,40,34,33,27,30,33,39,22,29,25,21,30,35,22,19,38,29,24,15,22,24,19,16,27,13,30,21,33,16,26,14,18,20,22,17,23,14,19,16,14,15,17,19,21,15,19,17,14,18,19,14,17,8,11,17,19,10,9,11,12,16,14,15,13,15,9,10,11,14,5,7,14,6,10,9,6,14,10,5,10,6,9,8,8,8,3,7,6,9,4,12,10,5,11,4,8,8,13,4,11,0,4,4,8,7,4,5,4,4,8,7,5,4,3,8,8,4,3,3,3,4,4,4,7,4,3,2,2,7,2,2,4,4,4,4,4,3,6,7,4,5,5,1,2,2,3,2,2,6,2,3,2,0,2,1,6,7,1,2,3,1,1,3,3,4,4,5,4,5,3,1,1,1,3,0,1,3,2,2,0,2,2,3,2,0,4,2,0,3,4,3,3,1,2,2,3,0,3,1,4,0,3,1,0,3,2,3,1,2,2,0,0,1,3,1,0,2,0,2,2,2,4,3,2,2,0,2,3,2,1,0,2,0,2,1,0,0,0,0,0,1,2,1,2,0,1,1,2,0,2,1,2,0,3,2,0,1,2,1,0,0,0,0,1,0,1,0,1,0,0,0,2,1,0,0,0,1,0,0,1,1,0,0,1,0,1,1,0,1,0,1,1,1,1,0,0,1,1,0,0,1,0,1,2,0,2,0,0,0,1,0,0,2,1,2,1,1,1,0,0,1,0,1,0,0,0,1,0,0,2,0,0,1,0,0,0,1,1,0,1,0,0,1,0,0,1,0,1,0,1,0,0,0,0,0,0,0,1,0,1,2,1,1,0,0,1,0,0,1,0,0,0,0,0,0,0,0,0,0,0,0,0,0,0,0,0,1,0,0,0,0,0,0,0,0,1,0,1,1,0,2,0,0,0,0,0,0,0,0,0,0,1,0,0,0,0,0,0,0,0,0,0,0,1,0,0,0,0,0,0,0,0,0,0,0,0,0,0,0,0,0,0,1,1,0,0,0,0,0,0,0,0,0,0,0,0,0,1,0,0,0,1,2,0,0,0,0,0,0,0,0,0,0,0,0,1,0,0,0,0,0,0,1,0,1,0,0,1,0,0,0,0,0,0,0,0,0,0,0,0,0,0,0,0,0,0,0,0,0,0,0,0,0,0,0,0,0,0,0,0,0,0,0,0,0,0,0,0,0,0,1,0,0,0,0,0,0,0,0,0,0,0,0,0,0,0,0,1,0,0,0,0,0,0,0,0,0,0,0,0,0,0,0,0,0,0,0,0,1,0,0,1,0,0,0,0,0,0,0,0,0,0,0,0,1,0,0,0,0,0,0,0,0,0,0,1,0,0,0,0,0,0,0,0,0,0,0,0,0,0,0,0,0,0,0,0,0,0,0,0,0,0,0,1,0,0,0,0,0,0,0,0,0,0,0,0,0,0,0,0,0,0,0,0,0,0,0,0,0,0,0,0,0,0,0,0,0,0,0,0,0,0,0,0,0,0,0,0,0,0,0,0,0,0,0,0,0,0,0,0,0,0,0,0,0,0,0,0,0,0,0,0,0,0,0,0,0,0,0,0,0,0,0,0,0,0,0,0,0,0,0,0,0,0,0,0,0,0,0,0,0,0,0,0,0,0,0,0,0,0,0,0,0,0,0,0,0,0,0,0,0,0,0,0,0,0,0,0,0,0,0,0,0,0,0,0,0,0,0,0,0,0,0,0,0,0,0,0,0,0,0,0,0,0,0,0,0,0,0,0,0,0,0,1,
17,0.016059,0.028657,1.165798,2.182988,7.336763,7.336764,0.143511,0.171955,19.820169,17.446384, , , ,2,4,0,7,4,4,2,1,0,2,1,6,1,3,1,0,1,3,2,3,1,1,2,1,1,0,2,4,4,2,3,2,5,0,1,3,3,1,1,0,0,2,0,2,3,0,3,0,1,0,2,2,1,1,2,2,3,3,1,3,2,1,2,0,2,4,3,1,0,1,0,4,2,2,2,2,3,3,0,0,1,4,1,3,1,1,2,2,4,5,1,3,3,1,2,0,2,1,3,3,1,0,2,0,2,2,2,3,2,1,2,2,0,1,1,1,0,1,1,2,3,1,0,2,2,2,0,5,3,2,2,0,0,2,1,1,2,3,0,3,0,1,1,2,3,2,2,2,1,1,2,4,2,3,1,1,0,2,3,0,4,3,0,1,2,3,1,0,1,2,2,2,3,3,2,4,1,2,3,1,1,1,3,7,1,3,1,5,0,3,3,2,1,0,0,0,0,4,6,1,0,3,1,3,0,2,0,0,2,1,3,0,1,2,4,1,2,0,1,1,0,3,1,0,2,1,1,0,1,1,4,1,1,0,2,4,1,1,2,0,0,0,3,0,1,2,0,0,1,2,0,1,0,0,0,0,0,1,1,0,0,0,0,2,1,0,1,0,0,1,1,0,1,2,2,0,0,0,0,1,0,0,0,0,1,1,0,0,2,1,2,3,1,1,0,0,0,0,1,0,1,0,0,0,0,0,1,1,0,1,0,0,1,0,0,4,0,0,0,0,0,0,0,0,1,1,1,0,0,0,0,0,0,0,0,2,0,0,0,0,0,0,0,0,0,0,0,0,0,0,0,0,1,1,0,2,0,1,0,0,0,1,0,0,0,0,0,0,1,1,1,1,0,0,0,0,0,1,1,1,1,3,0,0,0,0,0,0,0,0,0,0,0,0,0,0,0,0,0,0,0,1,1,1,0,1,0,0,1,0,0,0,0,0,0,0,1,0,0,1,0,0,0,0,0,0,0,0,0,0,0,0,0,0,1,0,0,0,0,0,0,0,0,0,0,0,1,0,1,0,0,0,0,0,1,0,0,0,0,0,1,0,0,1,0,0,1,0,0,0,0,0,0,0,0,0,0,0,1,0,0,0,0,0,0,0,0,0,0,0,0,0,0,0,0,0,0,0,1,0,0,0,1,0,0,0,0,0,0,1,0,0,0,0,0,0,0,0,0,0,0,0,0,0,0,0,0,0,0,0,1,0,0,0,0,0,0,0,0,0,0,0,0,0,0,0,0,0,0,0,0,0,0,0,0,0,0,0,0,0,0,0,0,0,0,0,0,0,1,0,0,0,0,0,0,0,0,0,0,0,0,0,0,0,0,0,0,0,0,0,0,0,0,0,0,0,0,0,0,0,0,0,0,0,0,0,0,0,0,0,0,0,0,0,0,0,0,0,0,0,0,0,0,0,0,0,0,0,0,0,0,0,1,0,0,0,0,0,0,0,0,0,0,0,0,0,0,0,0,0,0,0,0,0,0,0,0,0,0,0,0,0,0,0,0,0,0,0,0,0,0,0,0,0,0,0,0,0,0,0,0,0,0,0,0,0,0,0,0,0,0,0,0,0,0,0,0,0,0,0,0,0,0,0,0,0,0,0,0,0,0,0,0,0,0,0,0,0,0,0,0,0,0,0,0,0,0,0,0,0,0,0,0,0,0,0,0,0,0,0,0,0,0,0,0,0,0,0,0,0,0,0,0,0,0,0,0,0,0,0,0,0,0,0,0,0,0,0,0,0,0,0,0,0,0,0,0,0,0,0,0,0,0,0,0,0,0,0,0,0,0,0,0,0,0,0,0,0,0,0,0,0,0,0,0,0,0,0,0,0,0,0,0,0,0,0,0,0,1,0,0,0,0,0,0,0,0,0,0,0,0,0,0,0,0,0,0,0,0,0,0,0,0,0,0,0,0,0,0,0,0,0,0,0,0,0,0,0,0,0,0,0,0,0,0,0,0,0,0,0,0,0,0,0,0,0,0,0,0,0,0,0,0,0,0,0,0,0,0,0,0,0,0,0,0,0,0,0,0,0,0,0,0,0,0,0,0,0,0,0,0,0,0,0,0,0,0,0,0,0,0,0,0,0,0,0,0,0,0,0,0,0,0,0,0,0,0,0,0,0,0,0,0,0,0,0,0,0,0,0,0,1,0,0,0,0,0,0,0,0,0,0,0,0,0,0,0,0,0,0,0,0,0,0,0,0,0,0,0,0,0,0,0,0,0,0,0,0,0,0,0,0,0,0,0,0,0,0,0,1,
17,0.015658,0.031246,0.314109,4.883721,6.920989,6.937500,-0.156263,-0.187500,19.990055,16.000000, , , ,89,105,96,89,91,95,97,99,74,84,101,78,81,89,77,70,84,91,69,80,74,64,72,70,64,70,87,70,48,71,60,60,52,45,49,51,39,65,51,41,46,54,40,37,33,37,32,43,39,32,26,26,35,20,27,28,20,22,31,25,28,22,17,14,17,16,14,17,21,18,16,11,18,16,15,10,12,12,8,8,8,16,9,15,6,17,12,6,9,16,11,11,7,4,9,6,9,7,5,6,8,7,8,5,6,5,6,4,5,5,6,7,7,3,5,5,7,12,4,5,5,6,5,5,2,6,7,9,5,8,4,3,6,6,5,3,8,4,3,7,8,3,2,4,3,3,8,9,5,2,4,6,0,5,6,0,6,3,3,2,4,7,5,3,10,2,4,1,3,4,2,4,1,5,5,0,2,2,0,1,4,5,3,0,2,4,4,3,2,0,2,4,1,2,1,0,1,0,0,0,1,3,1,0,5,1,1,2,2,1,2,1,1,1,1,1,1,1,1,0,1,0,1,0,0,1,0,1,1,0,0,0,0,2,1,3,0,0,1,0,1,0,0,0,1,0,2,0,1,0,0,1,0,1,1,0,0,0,1,1,0,1,0,0,0,0,0,0,2,2,1,1,0,1,0,0,0,0,0,1,1,0,4,0,0,1,0,0,0,0,0,0,0,2,1,0,1,0,0,0,1,0,0,1,0,0,0,0,0,0,0,0,0,0,0,0,0,0,2,1,0,0,0,0,0,0,0,1,1,1,0,0,0,2,0,1,0,0,0,0,1,0,1,0,0,1,0,2,1,0,0,0,0,0,0,0,0,0,0,0,0,0,1,0,0,0,0,0,0,0,0,0,0,0,0,0,0,0,0,0,0,0,0,0,0,0,0,1,0,0,0,1,0,0,0,0,0,1,0,0,0,0,0,0,0,0,0,0,0,0,0,0,0,0,0,0,0,0,0,0,1,1,0,1,0,0,0,0,0,0,0,0,0,2,0,0,0,0,0,0,0,0,0,0,1,0,0,0,0,0,0,0,0,0,0,0,0,0,0,0,0,0,0,0,0,0,0,1,1,0,0,0,0,0,0,0,0,0,0,0,0,1,0,0,0,0,0,0,0,0,0,0,0,1,0,0,0,0,0,0,0,0,0,0,0,0,0,1,0,0,0,0,0,0,0,0,0,0,0,0,0,0,0,0,0,0,0,0,0,0,0,0,0,0,0,0,0,0,0,0,0,0,0,0,0,0,0,0,0,0,0,0,0,0,0,0,0,0,0,0,0,0,0,0,0,0,0,0,0,0,0,0,0,0,0,0,0,0,0,0,0,1,0,0,0,0,0,0,0,0,0,0,0,0,0,0,0,0,0,0,0,0,0,0,0,0,0,0,0,0,0,0,0,0,0,0,0,0,0,0,0,0,0,0,0,0,0,0,0,0,0,0,0,0,0,0,0,0,0,0,0,0,0,0,0,0,0,0,0,0,0,0,0,0,0,0,0,0,0,0,0,0,0,0,0,0,0,0,0,0,0,0,0,0,0,0,0,0,0,0,0,0,0,0,0,0,0,0,0,0,0,0,0,0,0,0,0,0,0,0,0,0,0,0,0,0,0,0,0,0,0,0,0,0,0,0,0,0,0,0,0,0,0,0,0,0,0,0,0,0,0,0,0,0,0,0,0,0,0,0,0,0,0,0,0,0,0,0,0,0,0,0,0,0,0,0,0,0,0,0,0,0,0,0,0,0,0,0,0,0,0,0,0,0,0,0,0,0,0,0,0,0,0,0,0,0,0,0,0,0,0,0,0,0,0,0,0,0,0,0,0,0,0,0,0,0,0,0,0,0,0,0,0,0,0,0,0,0,0,0,0,0,0,0,0,0,0,0,0,0,0,0,0,0,0,0,0,0,0,0,0,0,0,0,0,0,0,0,0,0,0,0,0,0,0,0,0,0,0,0,0,0,0,0,0,0,0,0,0,0,0,0,0,0,0,0,0,0,0,0,0,0,0,0,0,0,0,0,0,0,0,0,0,0,0,0,0,0,0,0,0,0,0,0,0,0,0,0,0,0,0,0,0,0,0,0,0,0,0,0,0,0,0,0,0,0,0,0,0,0,0,0,0,0,0,0,0,0,0,0,0,0,0,0,0,0,0,0,0,0,0,0,0,0,0,0,0,0,0,0,0,0,0,0,0,0,0,0,0,0,0,0,0,0,0,0,0,0,0,0,0,0,0,0,0,0,0,0,0,0,0,0,0,0,0,0,0,0,0,1,
18,0.006098,0.011881,0.857419,1.452518,3.042714,3.042714,-0.059696,-0.071314,19.460732,42.067703, , , ,1,1,1,1,1,2,1,0,2,1,3,0,1,1,0,2,1,0,3,2,1,2,3,0,3,1,1,1,2,1,1,2,0,1,1,1,0,0,2,1,2,0,3,1,1,0,3,1,1,1,1,1,1,2,2,1,1,2,1,2,0,1,1,2,1,2,1,0,4,1,2,1,5,1,0,1,0,2,0,0,1,1,1,3,0,1,1,1,1,2,0,0,0,2,0,2,1,1,1,1,1,1,4,1,3,0,1,1,1,0,2,2,1,4,1,0,0,1,0,1,0,0,3,1,2,0,1,0,3,2,2,2,0,1,2,2,1,2,1,2,1,1,1,1,1,1,1,0,1,1,2,0,3,3,3,0,0,1,1,2,0,0,1,1,0,1,0,1,4,1,0,2,0,0,0,0,0,1,3,3,0,2,2,2,0,1,0,1,1,0,1,0,0,3,0,0,3,0,0,0,1,1,1,1,2,0,0,2,0,0,0,0,2,0,1,1,0,2,2,2,2,1,1,0,0,0,1,0,0,0,0,1,0,2,1,0,1,2,1,1,2,3,2,1,2,0,1,2,1,0,1,0,1,1,0,2,0,1,1,1,1,2,1,2,0,0,1,0,1,1,0,0,1,0,0,3,1,1,0,0,1,0,0,1,0,1,0,1,0,0,1,1,1,0,0,0,0,0,2,1,1,0,0,0,1,0,0,1,0,1,2,0,0,1,0,1,1,0,0,0,0,1,1,4,0,0,0,1,1,0,1,1,1,1,1,3,0,3,0,0,1,1,2,0,1,0,0,1,0,0,1,0,0,0,0,0,1,0,0,0,2,1,0,0,0,1,1,0,0,1,0,0,0,0,0,1,1,0,0,0,0,0,0,1,0,1,1,0,1,1,1,1,1,0,1,0,0,0,1,1,2,1,0,1,0,1,5,0,1,2,0,2,1,1,0,0,0,4,1,0,1,0,2,0,3,0,1,2,0,0,1,1,2,1,1,1,1,0,0,1,0,0,0,0,0,0,2,1,2,0,0,1,0,0,0,1,0,1,0,1,0,0,4,2,1,0,0,0,1,0,0,1,0,1,0,0,1,0,0,1,0,0,1,1,0,2,0,0,1,0,0,0,1,0,0,0,0,2,0,2,0,0,0,1,1,1,0,1,1,0,0,0,0,1,0,0,1,0,0,0,0,0,0,0,0,0,0,1,0,0,0,0,0,1,0,1,0,0,0,0,0,2,1,1,0,0,1,0,0,0,0,0,0,1,0,0,0,0,0,2,2,0,0,2,1,0,0,0,1,0,1,0,0,0,0,0,0,0,0,0,0,1,0,0,0,0,0,0,1,0,0,0,0,0,0,0,0,0,0,0,0,0,0,0,0,0,0,0,0,0,0,0,0,0,0,0,0,0,0,0,0,1,0,1,0,1,0,1,0,0,1,1,0,0,0,0,1,3,0,0,0,0,0,0,0,0,0,0,1,0,0,0,0,0,0,0,1,0,0,1,0,1,0,1,1,0,0,0,0,0,0,0,0,1,0,0,0,0,0,0,1,0,0,0,0,0,0,0,0,1,0,0,0,0,0,0,0,0,2,0,0,0,1,0,0,0,0,0,0,0,0,0,0,0,0,1,0,0,0,0,2,0,0,0,1,0,0,0,0,0,1,0,0,1,0,0,0,0,0,0,0,0,0,0,0,0,0,0,0,0,1,0,0,0,0,0,0,0,0,0,0,0,1,0,2,1,1,0,0,0,0,0,0,0,0,0,0,0,0,0,0,0,0,0,0,0,0,0,0,0,0,0,0,0,0,0,0,0,0,0,0,0,0,0,0,0,0,0,0,0,0,0,0,0,0,0,0,0,0,0,0,0,0,0,0,0,0,0,1,0,0,0,0,0,1,0,0,0,0,0,0,0,0,0,0,0,2,0,0,0,0,0,0,0,0,0,0,0,1,0,0,0,0,0,0,1,0,0,1,0,0,0,0,0,0,0,0,0,0,0,0,0,0,0,0,0,0,0,0,0,0,0,0,0,0,2,0,0,0,0,0,0,0,0,0,0,0,0,0,0,0,0,0,0,0,0,0,0,0,0,1,0,0,0,0,0,0,0,0,0,0,0,0,0,0,0,0,0,0,0,0,0,0,0,0,0,0,0,0,0,0,0,0,0,0,0,0,0,0,0,0,0,1,1,0,0,0,0,0,0,0,0,0,0,0,1,0,0,0,0,0,0,1,0,0,0,0,0,1,0,0,0,0,0,0,0,0,0,0,1,
18,0.001957,0.003906,0.039512,4.736915,0.640595,0.640625,-0.019532,-0.023438,19.995331,128.000000, , , ,3291,3283,3121,3292,3297,3189,3272,3198,3239,3188,3190,3139,3112,3135,3055,3095,3021,3004,3052,3096,2929,2914,2961,2813,2846,2788,2909,2798,2785,2724,2721,2701,2651,2674,2554,2577,2469,2436,2452,2431,2403,2332,2320,2319,2269,2243,2207,2179,2094,2102,2140,2080,1938,2065,1981,1963,1898,1894,1884,1908,1800,1753,1686,1673,1675,1674,1580,1658,1612,1565,1582,1532,1529,1419,1475,1385,1424,1357,1359,1266,1333,1258,1305,1251,1148,1214,1189,1130,1143,1101,1072,1169,1092,1042,1057,1044,987,962,959,929,950,933,850,882,882,795,832,840,885,735,771,713,717,734,681,645,695,666,653,643,628,577,618,576,630,548,567,553,576,589,515,525,484,489,503,470,442,467,442,460,413,394,428,413,381,348,349,378,351,341,349,334,349,320,328,320,313,336,303,300,295,310,277,321,266,275,261,236,240,233,249,252,196,217,204,207,197,204,214,184,203,197,201,168,161,161,176,185,162,145,165,152,135,144,141,160,143,170,146,139,139,130,127,135,108,122,122,121,108,124,112,108,114,106,102,88,97,101,95,75,80,72,85,72,91,80,83,74,81,83,73,76,69,85,64,84,58,61,62,61,66,60,71,69,52,64,54,55,53,57,55,46,48,58,46,64,32,53,53,56,43,41,53,34,48,39,38,41,34,30,37,34,42,27,31,42,39,30,24,27,41,33,34,33,26,30,31,25,33,27,34,28,22,16,29,19,34,23,15,25,17,13,22,26,13,28,19,24,22,17,17,15,21,22,26,14,15,19,17,12,17,12,15,16,12,21,14,17,20,21,10,12,9,11,15,13,16,10,9,16,14,13,19,16,13,5,15,18,15,17,12,6,9,10,6,4,4,12,9,15,11,11,14,10,16,8,4,6,9,11,6,2,5,14,7,3,3,9,3,6,9,7,10,4,6,8,10,5,6,7,2,9,4,4,9,7,5,5,8,3,2,4,2,3,9,6,8,7,2,7,6,6,6,8,6,3,6,7,2,3,4,4,2,4,5,4,3,3,4,6,1,2,1,0,7,3,8,1,5,2,3,1,6,4,2,0,4,2,1,6,3,2,3,4,3,5,6,4,1,0,0,3,3,4,1,4,2,2,2,2,3,2,1,2,1,2,4,1,3,2,4,0,0,0,2,1,1,4,0,5,5,1,2,2,2,1,4,1,0,2,2,1,0,1,2,0,2,2,0,4,2,2,2,3,3,0,3,4,0,1,3,3,1,3,0,1,2,1,3,2,0,1,0,1,2,3,0,1,0,3,1,0,1,2,2,0,1,0,0,0,0,1,0,0,1,1,2,2,1,1,0,2,3,3,1,4,0,0,1,2,0,0,1,1,1,1,1,1,4,1,0,0,0,0,0,0,1,1,1,1,0,0,2,0,0,0,1,1,3,0,2,0,0,0,1,0,0,0,0,0,0,1,1,2,0,0,2,1,1,2,0,0,1,0,1,0,0,0,0,0,0,1,0,0,0,1,0,0,1,2,0,0,0,0,0,1,1,0,0,2,1,1,0,1,0,0,0,0,0,1,0,1,0,0,1,0,1,0,1,0,0,0,1,0,3,0,0,0,0,0,1,0,0,0,0,0,1,2,0,0,0,0,0,0,0,0,0,0,1,1,1,0,0,0,0,0,0,0,0,0,0,0,0,0,0,1,1,0,0,2,0,0,0,0,1,1,0,0,1,0,0,0,0,0,0,0,0,0,1,0,0,0,0,0,1,0,0,0,0,0,0,0,1,0,1,0,0,1,0,1,0,0,0,1,0,0,1,0,0,0,0,1,0,0,0,1,0,0,2,0,0,0,1,0,0,0,0,0,0,0,0,0,1,0,1,0,0,0,1,0,0,0,0,0,0,0,0,1,0,0,1,0,0,0,0,0,0,0,0,0,1,0,0,0,0,0,0,0,0,1,0,0,0,0,0,0,0,0,1,1,0,0,0,0,0,1,0,0,0,0,1,0,0,0,1,0,0,0,0,0,0,1,0,0,0,0,0,0,0,0,0,1,0,0,0,0,0,0,0,0,0,0,0,0,0,1,0,0,1,1,0,0,0,0,0,0,0,0,0,2,0,0,0,0,0,0,0,0,0,0,0,0,0,1,0,0,0,0,0,0,1,0,0,0,0,0,0,0,0,0,0,0,0,0,0,0,0,0,0,0,0,0,0,0,0,0,0,1,0,0,0,0,0,0,0,0,0,0,0,0,0,0,0,0,0,0,0,0,0,0,0,0,0,0,0,0,0,0,0,0,0,0,0,0,0,1,0,0,0,0,0,0,0,0,0,0,0,0,0,1,
19,0.009850,0.018319,1.110217,1.492239,4.696989,4.696989,0.093627,0.110086,17.579218,27.251503, , , ,1,0,2,2,1,1,3,1,1,0,0,1,1,1,2,0,0,0,0,1,1,1,0,0,0,1,0,1,1,0,1,3,1,1,2,2,0,0,0,0,0,2,0,1,1,0,1,1,3,1,2,1,2,1,0,0,0,3,3,0,1,2,1,0,0,1,1,0,0,2,2,1,1,1,5,0,0,0,0,4,2,1,3,2,2,3,0,4,1,2,0,1,0,0,1,1,3,1,0,0,0,0,1,2,1,2,3,1,0,1,1,1,2,2,3,0,1,1,2,0,2,0,4,3,2,2,0,0,1,1,1,0,2,2,0,0,1,1,0,2,0,0,3,0,1,2,0,1,1,4,0,2,0,0,1,1,4,3,0,0,2,1,0,2,1,0,1,1,7,1,2,0,0,1,1,3,1,2,0,1,5,0,0,1,0,2,0,1,2,0,1,2,1,1,2,1,2,1,0,1,3,2,0,1,2,1,1,0,3,3,1,2,1,0,2,2,0,1,2,1,1,3,0,2,0,1,0,1,0,1,4,1,0,1,2,0,2,3,1,0,0,1,1,0,5,1,3,4,2,2,4,1,1,1,0,0,2,1,0,0,5,2,1,1,1,1,2,0,1,3,5,1,0,2,1,1,3,2,2,1,3,0,2,1,1,3,0,1,0,1,2,2,2,4,2,0,0,2,3,2,2,1,2,0,2,1,0,2,0,1,2,1,2,1,0,1,4,3,1,3,0,1,0,1,1,1,3,1,1,0,0,1,1,1,0,0,0,1,1,1,0,1,1,0,0,0,1,0,1,1,0,0,1,1,1,0,3,1,1,2,1,1,2,1,0,0,0,0,0,1,0,3,0,1,0,1,1,1,0,0,0,0,1,0,0,0,0,3,1,0,0,0,0,0,0,0,1,1,0,0,0,0,0,1,1,0,0,1,0,0,0,0,1,0,1,0,0,0,0,1,1,1,0,2,0,2,0,1,0,0,0,0,0,0,0,1,0,2,0,0,1,0,0,1,0,1,0,0,0,0,1,0,0,0,0,1,0,0,1,0,0,0,0,0,0,0,0,0,0,0,0,1,0,0,0,0,1,0,1,0,1,0,0,1,1,0,0,0,0,0,0,0,0,0,0,3,0,0,0,0,0,0,0,1,0,1,1,1,0,0,0,0,1,0,0,0,0,0,0,0,0,1,1,1,0,0,0,0,0,1,0,0,0,0,1,0,0,0,0,0,0,0,0,1,0,0,1,0,0,0,0,0,0,0,0,0,0,0,0,0,0,0,0,0,0,0,0,0,0,0,0,0,0,1,0,0,0,0,0,0,0,1,0,0,0,0,0,0,0,0,0,0,0,0,0,0,0,0,0,1,0,0,0,0,0,0,0,0,0,0,0,0,1,1,0,0,0,0,0,0,0,0,0,0,0,0,1,0,0,0,0,0,0,1,0,0,0,0,1,0,0,0,0,0,0,0,0,0,1,0,0,0,0,0,0,0,0,0,1,0,0,0,1,0,0,0,0,0,0,0,0,0,0,0,0,0,0,0,0,1,0,0,0,0,0,0,0,0,0,0,0,0,0,0,0,0,0,0,0,0,0,0,0,0,0,0,0,0,0,0,0,0,0,1,0,0,1,0,0,0,0,0,0,0,0,0,0,0,0,0,0,0,0,0,0,0,0,0,0,0,0,0,0,0,0,0,0,0,0,0,0,0,0,0,0,0,0,0,0,0,0,0,0,0,0,0,0,0,0,0,0,0,0,0,0,0,0,0,0,0,0,0,0,0,0,0,0,0,0,0,0,0,0,0,0,0,0,0,0,0,0,0,0,0,0,0,0,0,0,0,0,0,0,0,0,0,0,0,0,0,0,0,0,0,1,0,0,0,0,0,0,0,0,1,0,0,0,0,0,0,0,0,0,0,0,0,0,0,0,0,0,0,0,0,0,0,1,0,0,0,0,0,0,0,0,0,0,0,0,0,0,0,0,0,0,0,0,0,0,0,0,0,0,0,0,0,0,0,0,0,0,0,0,0,0,0,0,0,0,0,0,0,0,0,0,0,0,0,0,0,0,0,0,0,0,0,0,0,0,0,0,0,0,0,0,0,0,0,0,0,0,0,0,0,0,0,0,0,0,0,0,0,0,0,0,0,0,0,0,0,0,0,0,0,0,0,0,0,0,0,0,0,0,0,0,0,0,0,0,0,0,0,0,0,0,0,0,0,0,0,0,0,0,0,0,0,0,0,0,0,0,1,0,0,0,0,0,0,0,1,
19,0.007795,0.015620,0.294898,3.588599,3.626200,3.625000,-0.078148,-0.093750,19.965038,32.000000, , , ,50,40,39,34,42,38,40,40,48,48,54,39,55,46,46,53,49,56,40,41,53,39,37,47,35,45,41,42,33,43,41,53,41,27,37,30,44,36,44,34,34,32,46,36,27,44,37,42,29,28,29,31,34,37,32,25,37,54,31,34,35,35,36,36,35,24,35,27,35,25,34,34,26,28,31,21,29,40,26,25,20,39,30,21,19,30,22,21,21,20,22,11,13,16,21,22,25,14,17,18,26,17,9,8,14,25,13,16,14,7,9,12,12,19,14,15,12,9,10,13,16,15,11,12,13,8,10,9,4,5,10,5,9,11,9,9,9,6,10,14,6,4,3,6,4,5,10,9,9,9,1,2,5,5,4,10,10,7,5,3,8,4,4,3,4,5,6,9,7,8,5,5,2,4,3,4,3,1,5,7,4,7,7,2,1,5,3,1,4,3,2,2,9,4,2,5,3,0,5,2,4,5,2,6,1,6,1,5,1,4,2,2,3,2,4,4,5,4,1,2,3,4,3,3,2,3,4,2,2,2,3,4,1,2,2,4,1,2,0,5,1,3,5,3,1,6,3,4,2,4,3,2,4,6,2,3,5,2,2,3,1,2,3,3,4,1,3,3,0,4,2,3,1,2,2,1,3,3,3,2,5,4,5,1,3,4,4,2,2,3,1,4,1,3,5,0,4,2,0,4,1,3,1,4,1,0,0,0,3,2,5,1,0,2,2,2,1,1,1,1,2,2,0,1,1,1,0,1,1,2,0,1,1,1,1,0,2,2,2,1,0,1,2,0,0,3,1,1,2,1,0,2,1,0,1,1,1,0,0,0,0,1,0,0,1,1,1,2,0,1,3,1,0,2,1,0,1,0,0,2,1,0,0,0,0,2,2,0,0,0,0,0,1,0,1,1,1,1,0,0,0,0,0,0,0,0,2,0,0,0,0,1,0,0,0,0,0,0,0,0,0,0,1,0,0,1,1,0,0,0,0,0,0,0,0,0,0,0,0,1,1,0,0,0,0,1,0,0,0,1,0,0,0,0,0,1,0,0,0,0,0,0,0,0,0,1,0,0,0,0,0,1,0,0,0,1,1,0,0,1,0,0,1,0,0,0,0,0,0,0,0,0,0,1,0,0,0,0,0,0,0,0,0,0,2,0,0,0,0,0,0,1,0,0,0,0,0,0,0,0,0,1,0,0,0,0,0,0,0,0,0,0,0,0,0,0,0,0,0,0,0,0,0,0,1,0,0,0,1,1,0,0,0,0,0,0,0,0,0,1,0,0,0,0,0,0,0,0,0,0,0,0,0,0,0,1,0,0,0,0,0,0,0,0,0,0,0,0,0,0,0,0,0,0,0,0,0,0,0,0,0,0,0,0,0,0,1,0,0,0,0,0,0,0,1,0,0,0,0,0,0,0,0,0,0,0,0,0,0,0,0,0,0,0,0,0,0,0,0,0,0,0,0,0,0,0,0,0,1,0,0,0,0,0,0,0,0,0,0,0,0,0,0,0,0,0,0,0,0,0,0,0,0,0,0,0,0,0,0,0,0,0,0,0,0,0,0,0,0,0,0,0,0,0,0,0,0,0,0,0,0,0,0,0,1,0,0,0,0,0,0,0,0,0,0,0,0,0,0,0,0,0,0,0,0,0,0,0,0,0,0,0,0,0,0,0,0,0,0,0,0,0,0,0,0,1,0,0,0,0,0,0,0,0,0,0,0,0,0,0,0,0,0,0,0,0,0,0,0,0,0,0,0,0,0,0,0,0,0,0,0,0,0,0,0,0,0,0,0,0,0,0,0,0,0,0,0,0,0,0,0,0,0,0,0,0,0,0,0,0,0,0,0,0,0,0,0,0,0,0,0,0,0,0,0,0,0,0,0,0,0,0,0,0,0,0,0,0,0,1,0,0,0,0,0,0,0,0,0,0,0,0,0,0,0,0,0,0,0,0,0,0,0,0,0,0,0,0,0,0,0,0,0,0,0,0,0,0,0,0,0,0,0,0,0,0,0,0,0,0,0,0,0,0,0,0,0,0,0,0,0,0,0,0,0,0,0,0,0,0,0,0,0,0,0,0,0,0,0,0,0,0,0,0,0,0,0,0,0,0,0,0,0,0,0,0,0,0,0,0,0,0,0,0,0,0,0,0,0,0,0,0,0,0,0,0,0,0,0,0,0,0,0,0,0,0,0,0,0,0,0,0,0,0,0,0,0,0,0,0,0,1,0,0,0,0,0,0,0,0,0,0,0,1,0,0,0,0,0,1,
20,0.006448,0.012550,0.820953,1.367066,3.217640,3.217640,0.064965,0.075413,16.083319,39.780708, , , ,1,0,1,3,2,1,1,0,0,1,1,1,0,0,2,1,0,0,0,0,1,0,4,0,0,4,0,1,2,1,1,3,1,1,0,2,0,2,2,1,3,0,2,0,0,2,0,1,2,0,1,2,0,0,1,2,1,0,1,0,0,4,1,3,1,1,0,1,1,0,1,0,1,2,0,2,2,2,1,1,1,0,0,1,0,4,2,2,2,1,1,1,1,2,0,3,3,1,2,3,0,1,0,0,1,1,3,2,6,1,0,0,0,1,1,0,0,0,0,1,0,1,1,1,1,3,4,2,0,2,1,0,0,1,1,0,2,0,0,0,1,3,0,1,0,1,1,0,2,2,3,1,2,1,2,1,1,2,6,0,3,1,1,1,0,0,1,3,0,0,1,0,0,2,0,3,3,5,4,1,2,1,3,1,2,1,1,4,0,0,2,2,1,0,0,2,1,1,1,1,0,1,0,2,6,1,0,0,1,2,1,1,2,2,3,2,3,1,0,1,0,1,0,4,2,0,3,2,0,0,0,2,2,1,0,0,0,1,0,0,0,2,2,0,0,2,1,2,0,1,1,0,0,1,0,0,2,1,3,2,2,4,1,0,1,0,1,0,0,0,0,3,0,0,1,1,0,1,3,1,0,2,5,3,1,1,1,0,1,0,0,1,1,0,0,2,1,1,1,4,0,3,0,0,1,0,1,1,0,1,1,2,0,0,0,1,2,1,1,0,1,0,0,1,3,0,1,0,0,0,1,2,1,1,0,2,0,1,2,0,1,1,0,1,1,1,0,1,0,1,1,1,0,0,0,0,0,1,1,0,0,1,0,0,1,1,1,0,1,0,0,0,0,1,1,0,1,0,0,0,0,0,0,0,0,1,1,0,0,0,0,0,1,0,2,0,1,0,0,0,1,0,1,1,0,1,2,1,2,1,0,1,0,0,0,2,0,2,2,0,2,1,0,1,0,0,1,1,1,0,0,0,1,1,0,1,0,0,0,2,0,2,0,1,2,0,0,0,0,0,0,0,2,2,0,0,1,0,0,0,1,1,0,0,0,0,0,0,2,1,2,1,1,1,0,0,0,2,0,1,1,2,0,0,0,0,1,1,1,0,0,0,0,0,1,0,0,1,0,1,0,0,1,0,0,0,0,0,2,1,1,1,1,1,1,0,0,1,1,0,0,0,1,0,0,1,0,0,0,0,0,0,2,0,1,0,0,0,0,0,0,0,0,0,0,0,0,0,0,0,1,0,0,0,0,0,0,0,0,0,0,0,0,0,0,0,0,0,0,0,0,0,0,0,0,0,0,0,0,0,0,0,0,0,0,0,0,0,1,0,0,0,1,0,0,0,0,0,0,0,0,0,0,0,0,0,0,0,0,1,0,0,0,0,0,0,0,0,0,0,0,0,0,0,0,0,0,1,1,0,1,0,0,0,0,0,0,0,0,0,0,0,0,1,0,0,0,0,0,0,0,0,1,0,1,0,0,0,0,1,0,0,0,0,0,0,0,1,0,0,0,0,0,0,1,1,0,0,0,0,0,0,0,0,0,0,0,1,0,0,1,0,0,0,0,0,0,0,0,0,0,0,0,1,0,0,1,0,0,0,0,0,0,0,0,1,0,0,0,0,0,0,0,0,0,0,0,0,0,0,0,0,0,0,0,0,0,0,0,0,0,0,0,1,0,0,0,0,0,0,0,0,0,0,0,0,0,0,0,0,0,0,0,0,0,0,0,0,0,0,0,0,0,0,0,0,0,0,0,0,0,0,0,0,0,1,0,0,1,0,0,0,0,0,0,0,0,0,0,0,0,0,0,0,0,0,0,0,1,0,0,0,1,0,0,0,0,0,1,0,0,0,0,0,0,0,0,0,0,0,0,0,0,0,0,0,0,0,0,0,0,0,0,0,1,0,0,0,0,0,0,0,1,0,0,0,0,0,1,0,0,0,0,0,1,0,0,0,0,0,0,0,0,0,0,0,0,0,0,0,0,1,0,0,0,0,0,0,0,0,0,0,0,0,0,0,0,0,0,0,0,1,0,0,0,0,0,0,0,0,0,0,0,0,0,0,0,0,0,0,0,0,0,0,0,0,0,0,0,0,0,0,0,0,0,0,0,0,0,0,0,0,0,0,0,0,0,0,0,0,0,0,0,0,0,0,0,0,0,0,0,0,0,0,0,0,0,0,0,0,0,0,0,0,0,0,0,0,0,0,0,0,0,0,0,0,0,0,0,0,0,0,0,0,0,0,0,0,0,1,
20,0.003905,0.007812,0.042657,6.122448,1.302579,1.296875,-0.039063,-0.046875,19.997700,64.000000, , , ,6057,5843,6004,5805,5927,5838,5861,5693,5545,5650,5597,5542,5316,5322,5229,5212,5050,4886,4764,4657,4631,4534,4436,4235,4081,4293,3965,3832,3769,3642,3678,3532,3393,3335,3316,3202,3071,2902,2897,2773,2760,2634,2557,2491,2433,2324,2195,2196,2080,2011,1924,1858,1809,1782,1731,1697,1576,1560,1436,1368,1329,1373,1311,1225,1234,1226,1086,1141,1028,939,993,894,913,858,791,788,756,704,665,708,657,617,637,579,544,553,535,510,498,485,442,435,382,450,374,396,370,348,329,301,298,295,279,278,269,283,246,248,235,213,201,204,184,187,191,183,160,163,155,153,149,140,113,145,150,98,107,105,96,119,118,106,96,93,91,72,94,80,72,88,80,67,71,52,66,61,55,58,73,57,48,47,46,43,60,43,35,31,45,45,40,39,38,20,28,29,28,21,26,28,27,35,18,24,29,34,22,18,27,24,21,11,11,25,19,10,13,12,16,12,13,18,12,12,12,8,13,13,9,14,7,12,11,9,9,11,12,9,4,7,8,11,10,11,13,10,8,4,10,4,5,8,4,6,0,10,5,8,4,3,7,7,6,6,10,9,6,7,7,7,8,8,6,5,4,5,1,1,3,3,5,4,3,4,7,0,5,4,2,3,2,4,3,3,3,2,1,5,4,1,1,4,0,2,2,4,2,5,1,0,2,3,1,3,2,1,1,2,0,0,2,0,1,1,3,1,2,1,0,1,0,2,0,0,1,6,0,1,1,2,0,0,1,1,0,1,1,0,1,1,0,0,0,2,0,1,0,2,1,0,1,0,0,0,0,0,0,0,1,1,0,0,2,2,1,1,1,1,1,0,1,1,1,2,2,1,2,1,0,0,0,1,0,0,1,1,1,0,0,1,0,0,0,1,0,0,1,0,0,0,0,0,0,1,0,0,0,0,0,0,1,0,1,0,0,0,0,0,0,0,0,0,0,0,0,0,0,0,0,2,1,1,0,0,1,0,2,0,0,0,0,1,0,0,1,0,0,0,0,0,0,0,0,0,0,0,0,1,0,1,0,0,0,0,0,0,0,0,0,0,0,0,0,0,0,0,0,0,0,0,0,0,0,0,0,0,0,0,0,0,0,0,0,0,0,0,0,0,0,0,0,0,0,0,0,0,0,0,0,0,0,0,0,0,0,0,0,0,0,0,0,0,0,0,0,0,0,0,0,0,0,0,0,0,0,0,0,0,0,0,0,0,0,0,0,0,0,0,0,0,1,0,0,0,0,0,0,0,0,0,0,0,0,0,0,0,0,0,0,0,0,0,1,0,0,0,0,0,0,0,0,0,0,0,0,0,0,0,0,0,0,0,0,0,0,0,0,0,0,0,0,0,0,0,0,0,0,0,0,0,0,0,0,0,0,0,0,0,0,0,0,0,0,0,0,0,0,0,0,0,0,0,0,0,0,0,0,0,0,0,0,0,0,0,0,0,0,0,0,0,0,0,0,0,0,0,0,0,0,0,0,0,0,0,0,0,0,0,0,0,0,0,0,0,0,0,0,0,0,0,0,0,0,0,0,0,0,0,0,0,0,0,0,0,0,0,0,0,0,0,0,0,0,0,0,0,0,0,0,0,0,0,0,0,0,0,0,0,0,0,0,0,0,0,0,0,0,0,0,0,0,0,0,0,0,0,0,0,0,0,0,0,0,0,0,0,0,0,0,0,0,0,0,0,0,0,0,0,0,0,0,0,0,0,0,0,0,0,0,0,0,0,0,0,0,0,0,0,0,0,0,0,0,0,0,0,0,0,0,0,0,0,0,0,0,0,0,0,0,0,0,0,0,0,0,0,0,0,0,0,0,0,0,0,0,0,0,0,0,0,0,0,0,0,0,0,0,0,0,0,0,0,0,0,0,0,0,0,0,0,0,0,0,0,0,0,0,0,0,0,0,0,0,0,0,0,0,0,0,0,0,0,0,0,0,0,0,0,0,0,0,0,0,0,0,0,0,0,0,0,0,0,0,0,0,0,0,0,0,0,0,0,0,0,0,0,0,0,0,0,0,0,0,0,0,0,0,0,0,0,0,0,0,0,0,0,0,0,0,0,0,0,0,0,0,0,0,0,0,0,0,0,0,0,0,0,0,0,0,0,0,0,0,0,0,0,0,0,0,0,0,0,0,0,0,0,0,0,0,0,0,0,0,0,0,0,0,0,0,0,0,0,0,0,0,0,0,0,0,0,0,0,0,0,0,0,0,0,0,0,0,0,0,0,0,0,0,0,0,0,0,0,0,0,0,0,0,0,0,0,0,0,0,0,0,0,0,0,0,1,
21,0.009261,0.018165,1.106027,1.376292,4.655311,4.655311,-0.092350,-0.109109,18.147116,27.495478, , , ,0,2,1,2,0,0,0,0,4,0,1,0,1,0,2,0,0,0,0,6,0,1,1,1,2,0,0,2,1,0,0,0,1,1,2,0,1,1,0,2,0,1,3,1,1,1,1,0,2,1,2,1,1,0,0,1,0,1,0,3,4,1,2,0,2,0,0,1,1,1,2,0,0,2,0,1,2,0,1,3,0,1,4,1,0,2,1,0,1,1,1,0,2,1,1,3,1,0,1,2,0,0,2,0,1,4,2,0,2,1,3,1,1,1,4,3,1,2,1,1,1,1,2,0,3,0,1,1,1,1,0,1,1,1,0,2,1,2,0,1,3,0,0,0,0,0,1,1,2,3,1,3,1,1,0,2,0,1,1,0,2,2,1,2,2,1,0,2,0,1,3,0,1,0,1,1,0,3,2,1,2,2,0,1,1,1,0,0,3,1,1,1,0,3,0,3,1,0,1,5,1,1,0,0,1,0,1,1,1,0,0,0,3,0,1,0,0,3,2,2,0,0,1,1,2,0,3,1,1,1,3,0,0,1,2,0,0,3,5,0,1,2,0,3,1,1,2,2,3,2,2,2,0,2,2,4,0,3,4,0,2,3,0,0,0,2,1,0,1,3,1,0,2,1,6,2,4,1,1,1,2,3,1,0,1,5,2,0,0,1,1,1,3,1,4,1,2,0,0,2,2,1,3,4,1,2,0,1,1,1,1,2,1,1,0,2,1,1,2,1,0,1,1,0,0,1,1,3,3,0,0,1,0,1,1,0,1,0,0,0,0,0,1,1,0,1,2,2,0,0,0,0,2,0,1,1,0,1,2,0,0,0,1,0,1,1,0,1,2,1,1,0,1,1,0,0,0,1,0,1,0,2,1,0,1,1,1,0,0,0,0,1,0,0,0,2,2,1,0,1,0,0,1,2,3,0,0,0,1,0,1,0,0,0,2,0,0,1,1,0,0,3,0,2,1,1,0,1,0,1,0,0,1,2,2,1,0,0,0,1,1,0,1,0,0,0,0,0,1,1,0,0,1,0,0,0,1,1,0,0,1,1,0,0,0,0,0,0,0,0,0,0,0,1,1,0,0,0,2,1,1,0,1,0,0,1,0,0,0,2,0,2,0,0,0,0,0,1,0,1,1,0,0,0,0,0,1,0,0,0,0,0,0,0,0,0,1,0,0,0,0,0,0,0,0,0,1,0,0,0,0,1,0,0,0,0,0,0,0,0,0,0,0,0,0,0,0,0,0,0,0,1,0,0,0,0,0,0,0,0,1,0,1,0,0,1,0,0,0,0,0,0,1,0,0,0,0,0,1,0,0,0,0,0,0,0,0,0,0,0,0,0,0,0,0,0,1,0,0,0,0,0,0,0,0,0,0,0,0,0,0,0,0,0,0,0,0,0,0,0,0,1,0,0,0,0,0,0,0,0,0,0,0,0,0,0,0,0,0,0,0,0,0,0,0,0,0,0,0,1,0,0,0,0,1,0,0,0,1,0,0,1,0,0,0,0,0,0,0,0,0,0,0,0,0,0,0,0,0,0,0,0,0,0,0,0,0,0,0,0,0,0,0,0,0,0,0,0,0,0,0,0,0,0,0,0,0,0,0,0,0,0,0,1,0,0,0,0,0,0,0,0,0,0,0,0,0,0,0,0,0,0,0,0,0,0,0,0,0,0,0,0,0,0,0,0,0,0,0,0,0,0,0,0,0,0,0,0,0,0,0,0,0,0,0,0,0,0,0,0,0,0,0,0,0,0,0,0,0,0,0,0,0,0,0,0,0,0,0,0,0,0,0,0,0,0,0,0,0,0,0,0,0,0,0,0,0,0,0,0,0,0,0,0,0,0,0,0,0,0,0,0,0,0,0,0,0,0,0,0,0,0,0,0,0,0,0,0,0,0,0,0,0,0,0,0,0,0,0,0,0,0,0,0,0,0,0,0,0,0,0,0,0,0,0,0,0,0,0,0,0,0,0,0,0,0,0,0,0,0,0,0,0,0,0,0,0,0,0,0,0,0,0,0,0,0,0,0,0,0,0,0,0,0,0,0,0,1,0,0,0,0,0,0,0,0,0,0,0,0,0,0,0,0,0,0,0,0,0,0,0,0,0,0,0,0,0,0,0,0,0,0,0,0,0,0,0,0,0,0,0,0,0,0,0,0,0,0,0,0,0,0,0,0,0,0,0,0,0,0,0,0,0,0,0,0,0,0,0,0,0,0,0,0,0,0,0,0,0,0,0,0,0,0,0,0,0,0,0,1,
21,0.007756,0.015622,0.283333,3.660690,3.381212,3.375000,-0.078129,-0.093750,19.994129,32.000000, , , ,41,47,55,39,23,44,42,36,39,52,41,39,44,33,43,43,36,37,40,36,38,46,40,52,34,41,46,36,30,43,35,37,48,34,33,38,44,35,34,32,36,33,32,37,39,41,32,41,41,31,37,47,32,42,47,33,40,44,39,41,29,33,39,40,36,35,37,29,38,37,27,32,24,26,20,26,34,23,20,32,31,32,28,26,25,27,19,19,29,18,21,15,21,17,27,17,25,14,12,18,21,19,21,11,10,17,10,24,14,9,10,19,17,14,14,9,4,6,21,13,10,10,12,11,12,9,15,8,8,7,11,13,3,3,8,16,5,5,5,9,15,9,8,12,11,5,7,7,5,6,9,7,3,8,6,7,4,5,4,5,6,2,5,3,6,5,8,10,3,4,4,2,5,7,2,12,3,7,5,2,2,5,4,8,2,5,6,5,5,7,4,4,5,3,4,2,12,5,2,4,4,3,8,5,5,3,1,3,4,2,1,2,2,2,3,1,3,3,3,0,0,1,2,7,0,3,4,1,4,1,4,2,3,3,2,2,3,0,0,1,0,3,0,4,2,2,2,0,3,1,3,2,4,2,2,3,5,1,0,3,2,3,1,1,3,2,5,2,4,1,2,2,1,3,0,3,3,3,0,2,2,2,1,1,2,4,1,2,5,2,2,1,2,2,2,3,6,1,2,6,4,7,1,2,1,1,1,4,2,2,3,3,1,0,0,1,1,1,4,1,0,1,3,4,1,0,0,0,0,0,1,1,2,3,2,1,3,1,1,1,1,1,0,1,3,0,2,1,0,1,0,2,0,2,1,2,1,1,1,2,1,0,1,1,0,1,1,0,0,1,1,0,0,1,0,0,1,2,1,1,0,1,1,0,0,0,2,1,0,0,1,0,0,0,1,0,0,2,0,1,0,0,0,0,1,0,0,0,0,0,1,1,0,0,0,0,0,1,1,2,0,1,0,0,0,3,0,0,0,1,1,0,0,1,0,0,1,0,0,1,1,1,0,0,1,0,0,1,0,0,1,0,0,0,1,1,0,0,0,1,0,0,1,0,0,0,1,0,0,0,0,0,0,0,0,0,0,0,0,0,0,0,0,0,0,0,1,0,0,0,0,0,1,0,0,0,0,0,1,0,0,0,0,1,0,0,0,0,0,0,0,0,0,0,0,0,0,0,1,0,0,0,0,0,0,0,0,0,0,1,0,0,0,1,0,0,0,0,0,0,0,0,1,0,0,0,0,0,1,0,0,1,0,0,0,0,0,0,0,0,0,0,0,1,0,0,0,0,0,1,0,0,0,0,0,0,1,0,0,0,0,0,0,0,0,0,0,0,0,0,0,0,0,0,0,0,0,0,0,0,0,1,0,0,0,1,0,0,0,0,0,1,0,0,0,0,0,0,0,0,0,0,0,0,0,0,0,0,0,0,0,0,0,0,0,0,1,0,1,0,0,0,0,0,0,0,0,0,0,1,0,0,0,0,0,0,0,0,0,0,0,0,0,0,0,0,0,0,0,0,0,0,1,0,0,0,0,0,0,0,0,0,0,0,0,0,0,0,0,0,0,0,0,0,0,0,0,0,0,0,0,0,0,0,0,0,0,0,0,0,0,0,0,0,0,0,0,0,0,0,0,0,0,0,0,0,0,0,0,0,0,0,0,0,0,0,0,0,0,0,0,0,0,0,0,0,0,0,0,0,0,0,0,0,0,0,0,0,0,0,0,0,0,0,0,0,0,0,0,0,0,0,1,0,0,0,0,0,1,0,0,0,0,0,0,0,0,0,0,0,0,0,0,0,0,0,0,0,0,0,0,0,0,0,0,0,0,0,0,0,0,0,0,0,0,0,0,0,0,0,0,0,0,0,0,0,0,0,0,0,0,0,0,0,0,0,0,0,0,0,0,0,0,0,1,0,0,0,0,0,0,1,0,0,0,0,0,0,0,0,0,0,0,1,0,0,0,0,0,0,0,0,0,0,0,0,0,1,0,0,0,0,0,0,0,0,0,0,0,0,0,0,0,0,0,0,0,0,0,0,0,0,0,0,0,0,0,0,0,0,0,0,0,0,0,0,0,0,0,0,0,0,0,0,0,0,0,0,0,0,0,0,0,0,0,0,0,0,0,0,0,0,0,0,0,0,0,0,0,0,0,0,0,0,0,0,0,0,0,0,0,0,0,0,0,0,0,0,0,0,0,0,0,0,0,0,0,0,0,0,0,0,0,0,0,0,0,0,0,0,0,0,0,0,0,0,0,0,0,1,
22,0.008480,0.016548,0.979853,1.560676,4.250690,4.250690,-0.086222,-0.099626,15.545932,30.112755, , , ,0,2,1,4,2,1,2,3,1,5,0,2,1,1,1,1,0,1,1,0,1,1,1,0,1,2,1,1,2,0,0,1,2,1,4,0,2,2,0,0,1,1,1,2,1,3,3,0,1,0,2,2,0,2,0,2,3,2,1,2,0,1,0,0,4,2,0,1,3,0,3,2,2,1,1,1,1,0,3,2,0,0,2,1,0,1,0,2,0,1,1,1,0,1,1,2,4,3,0,0,1,2,2,3,3,1,2,1,0,1,1,3,2,1,4,0,0,1,2,2,1,1,2,3,1,1,0,1,2,1,2,2,1,1,2,4,4,1,3,0,1,0,4,0,2,1,0,2,0,1,1,0,0,0,4,1,1,0,1,0,2,1,2,1,0,0,0,2,3,1,1,3,0,2,0,2,2,2,1,3,0,1,2,0,1,1,2,3,1,0,1,1,2,1,1,0,0,0,2,3,2,0,1,3,0,0,1,2,1,2,2,2,1,0,0,2,1,0,0,3,0,0,1,1,0,2,2,0,0,1,1,4,0,1,0,0,0,0,3,1,5,1,1,1,0,1,1,0,1,0,0,0,3,2,1,4,2,1,0,0,3,1,0,0,1,0,1,1,1,0,0,1,2,0,2,2,2,0,0,1,1,1,0,0,1,0,0,0,1,2,1,0,0,3,2,0,1,1,0,2,0,0,1,0,0,2,2,0,0,0,0,0,0,0,3,0,1,0,2,3,2,0,2,2,1,2,1,0,0,0,1,1,1,0,0,0,0,3,0,1,3,0,0,0,0,0,3,1,0,0,0,2,0,0,1,1,1,2,0,0,0,1,0,0,0,1,1,0,0,0,0,0,2,0,0,1,2,0,0,0,1,0,2,1,0,1,1,1,2,0,2,0,0,1,0,1,0,0,1,0,0,0,1,0,0,1,1,0,0,1,1,1,1,0,0,1,0,2,0,0,1,1,0,0,0,0,0,2,0,0,0,0,0,0,1,3,3,0,1,0,0,0,1,2,0,0,0,0,0,0,1,0,0,0,0,1,1,0,0,1,1,0,0,1,0,0,0,1,0,0,0,0,1,1,0,1,2,1,1,0,0,0,0,0,0,0,0,0,1,0,0,1,1,0,1,0,0,0,0,0,0,0,0,0,0,0,2,0,0,1,0,0,1,0,3,0,0,1,1,0,0,0,1,0,0,1,0,0,2,0,0,0,1,0,1,0,1,0,0,1,0,0,0,0,0,0,0,1,0,0,0,0,1,0,0,0,0,1,0,0,0,0,0,0,2,1,0,0,1,1,1,0,0,0,0,0,0,0,0,0,0,0,0,0,0,0,0,1,0,0,0,0,1,0,0,0,0,0,0,0,0,0,1,1,0,0,0,0,0,1,0,0,0,0,1,0,0,1,0,0,0,1,0,0,0,0,0,0,0,0,0,0,0,0,1,0,0,0,0,0,0,1,0,0,0,0,0,0,0,0,0,0,0,0,0,0,0,0,0,0,0,0,0,0,0,0,0,0,0,0,0,0,0,0,0,0,0,0,0,0,0,0,1,0,0,0,1,0,0,0,0,0,0,0,0,0,0,0,0,0,0,0,0,0,0,0,0,0,0,0,0,0,0,0,0,0,0,0,0,0,0,0,0,0,0,0,0,0,0,0,0,0,0,0,0,0,0,0,0,0,0,0,0,0,0,0,1,0,0,0,0,0,0,0,0,0,0,0,0,0,0,0,0,0,0,0,0,1,1,0,0,0,0,0,0,0,0,0,0,0,0,0,0,0,0,0,0,0,0,0,0,0,0,0,0,0,0,1,0,0,0,0,0,0,0,0,0,0,0,0,0,0,0,0,0,0,0,0,0,0,0,0,0,0,0,0,0,0,0,0,0,0,0,0,0,0,0,0,0,0,0,0,0,0,0,0,0,0,0,0,0,0,0,0,0,0,0,0,0,0,0,0,0,0,0,0,0,0,0,0,0,0,0,0,0,0,0,0,0,0,0,0,0,0,0,0,0,0,0,0,0,0,0,0,0,0,0,0,0,0,0,0,0,0,0,0,0,0,0,0,0,0,0,0,0,0,0,0,0,0,0,0,0,0,0,0,0,0,0,0,0,0,0,0,0,0,0,0,0,0,0,0,0,0,0,0,0,0,0,0,0,0,0,0,0,0,0,0,0,0,0,0,0,0,0,0,0,0,0,0,0,0,0,0,0,0,0,0,0,0,0,0,0,0,0,0,0,0,0,0,0,0,0,0,0,0,0,0,0,1,
22,0.003901,0.007812,0.046118,5.923436,1.497696,1.500000,0.039063,0.046875,19.998512,64.000000, , , ,6103,6076,6073,6173,6064,5990,5985,5959,5785,5721,5610,5677,5637,5599,5424,5264,5214,5127,4934,5154,4781,4714,4600,4567,4372,4216,3981,4034,3878,3867,3661,3650,3551,3385,3151,3122,3123,3038,2892,2921,2780,2710,2599,2379,2362,2211,2214,2102,2103,2001,1932,1832,1727,1769,1672,1654,1569,1453,1400,1374,1360,1296,1187,1165,1125,1074,1000,1018,923,968,956,908,788,807,774,738,692,664,669,643,580,530,530,493,487,494,450,406,419,416,411,406,348,352,347,329,295,295,261,258,265,252,229,196,223,221,154,182,183,189,135,151,140,144,161,127,135,118,118,109,102,91,95,106,102,100,81,91,83,73,69,72,68,74,51,53,43,55,54,49,44,39,38,48,39,32,27,33,31,30,29,38,28,23,31,23,30,18,25,23,16,32,21,29,15,20,11,25,18,19,11,16,15,6,11,13,15,17,8,13,14,9,16,10,4,8,15,17,15,7,12,6,7,11,9,7,4,7,15,5,10,2,7,7,6,4,5,3,4,5,7,4,6,6,3,2,1,1,4,3,4,6,4,5,3,3,1,3,3,2,4,8,2,2,6,2,3,2,3,2,0,2,0,2,2,0,2,2,3,3,1,1,2,3,2,1,3,2,1,0,1,0,1,2,0,2,0,1,1,0,2,1,0,1,0,2,1,1,0,0,1,0,1,1,1,4,1,1,0,0,0,0,0,0,0,0,0,0,0,0,1,1,0,0,0,1,0,1,0,2,2,0,0,0,0,1,0,0,0,1,0,0,0,1,0,0,0,2,1,1,1,0,1,1,0,0,0,0,2,0,0,0,0,1,0,0,1,0,1,0,0,0,0,0,0,0,0,0,0,0,0,0,0,0,1,0,0,0,1,0,1,0,1,0,1,0,1,1,0,0,0,1,0,0,0,0,0,0,0,0,1,0,0,0,1,0,1,0,1,0,0,0,0,0,0,0,0,0,0,0,0,0,0,0,0,0,0,0,0,0,0,0,0,0,0,0,1,1,0,0,1,0,0,0,0,0,0,0,0,0,0,0,1,0,0,0,0,0,0,0,0,0,1,0,0,0,0,1,0,1,0,1,0,0,0,0,0,0,0,0,0,0,0,0,0,0,0,0,0,0,0,0,0,0,0,0,0,0,0,0,0,0,0,0,0,0,0,0,0,0,0,0,0,0,0,0,0,0,0,0,1,0,0,0,0,0,0,0,0,0,0,0,0,0,0,0,0,1,0,0,0,0,0,0,0,0,0,0,0,0,0,0,0,0,0,0,0,0,0,0,0,0,0,0,0,0,0,0,0,0,0,0,0,0,0,0,0,0,0,0,0,0,1,0,0,0,0,0,0,0,0,0,0,0,0,0,0,0,0,0,0,0,0,0,0,0,0,0,0,0,0,0,0,0,0,0,0,0,0,0,0,0,0,0,0,0,0,0,0,0,0,0,0,0,0,0,0,0,0,0,0,0,1,0,0,0,0,0,0,0,0,0,0,0,0,0,0,0,0,0,0,0,0,0,0,0,0,0,0,0,0,0,0,0,0,0,0,0,0,0,0,0,0,0,0,0,0,0,0,0,0,0,0,0,0,0,0,0,0,0,0,0,0,0,0,0,0,0,0,0,0,0,0,0,0,0,0,0,0,0,0,0,0,0,0,0,0,0,0,0,0,0,0,0,0,0,0,0,0,0,0,0,0,0,0,0,0,0,0,0,0,0,0,0,0,0,0,0,0,0,0,0,0,0,0,0,0,0,0,0,0,0,0,0,0,0,0,0,0,0,0,0,0,0,0,0,0,0,0,0,0,0,0,0,0,0,0,0,0,0,0,0,0,0,0,0,0,0,0,0,0,0,0,0,0,0,0,0,0,0,0,0,0,0,0,0,0,0,0,0,0,0,0,0,0,0,0,0,0,0,0,0,0,0,0,0,0,0,0,0,0,0,0,0,0,0,0,0,0,0,0,0,0,0,0,0,0,0,0,0,0,0,0,0,0,0,0,0,0,0,0,0,0,0,0,0,0,0,0,0,0,0,0,0,0,0,0,0,0,0,0,0,0,0,0,0,0,0,0,0,0,0,0,0,0,0,0,0,0,0,0,0,0,0,0,0,0,0,0,0,0,0,0,0,0,0,0,0,0,0,0,0,0,0,0,0,0,0,0,0,0,0,0,0,0,0,0,0,0,0,0,0,0,0,0,0,0,0,0,0,0,0,0,0,0,0,0,0,0,0,0,0,0,0,0,0,0,0,0,0,0,0,0,0,0,0,0,0,0,0,0,0,0,0,0,0,0,0,0,1,
23,0.010567,0.041067,1.078136,1.630231,5.256571,5.215504,-0.143010,-0.123201,13.851772,24.350473, , , ,7,6,7,2,3,3,1,1,0,4,2,3,1,0,0,0,1,2,0,3,0,3,2,1,2,2,4,1,1,3,2,1,2,2,0,2,0,5,2,2,1,1,0,0,2,2,1,1,2,3,1,1,3,1,3,0,0,2,2,3,0,0,0,3,2,1,1,0,1,1,4,0,5,1,1,1,0,1,2,0,0,0,4,1,1,2,1,2,1,1,3,3,3,0,0,1,1,0,1,3,1,1,0,0,0,1,2,1,0,0,0,1,2,0,1,1,1,0,1,0,0,0,3,1,2,2,0,0,2,2,0,1,1,2,0,1,0,0,0,1,1,1,1,2,0,0,1,1,2,0,0,1,1,0,2,0,2,1,1,3,1,0,0,0,0,1,1,0,0,0,1,1,1,0,0,2,0,0,0,1,0,0,1,1,1,0,0,0,0,0,0,0,1,1,0,0,0,1,0,0,0,1,1,1,1,0,0,0,0,0,2,0,4,1,0,0,0,1,0,2,1,1,1,2,1,1,3,4,1,5,4,2,2,3,0,4,1,2,4,2,3,1,4,4,2,3,2,3,4,1,2,1,3,3,3,0,4,2,4,1,4,1,2,1,0,1,2,2,0,1,0,0,2,1,1,0,0,2,2,3,1,0,0,2,2,0,4,2,0,1,2,0,0,0,1,1,2,0,2,3,3,2,1,1,0,0,0,3,2,2,1,0,0,1,2,4,1,1,0,1,1,1,0,0,0,0,2,0,0,2,3,2,0,2,0,1,0,0,1,0,0,1,0,1,1,2,1,2,1,0,1,0,0,1,1,0,1,1,0,1,3,0,0,1,0,0,0,1,0,0,0,1,2,0,2,1,2,0,0,1,0,0,1,0,0,0,3,1,0,1,0,4,2,0,2,0,1,0,0,0,0,0,1,1,1,1,0,0,1,0,0,1,0,1,0,0,1,0,1,0,0,0,1,1,1,0,2,0,0,1,1,1,0,1,0,0,0,0,0,0,0,0,0,0,0,1,0,1,0,0,0,1,1,0,0,0,0,0,0,0,0,0,0,2,0,1,1,0,0,0,0,1,1,0,0,0,0,1,0,1,0,0,0,1,1,0,0,0,0,1,0,0,0,0,0,0,0,0,0,0,0,0,0,0,0,0,0,0,0,1,0,0,0,0,0,0,0,0,0,0,0,0,0,0,0,1,0,0,0,0,0,1,0,0,0,0,0,0,0,0,1,0,0,0,0,0,0,0,0,0,0,0,0,0,0,0,1,0,0,0,0,0,0,0,0,0,0,0,0,0,0,0,0,0,0,0,0,0,0,0,0,0,0,1,0,0,0,0,0,0,0,0,0,0,0,0,0,0,0,0,0,0,0,0,0,0,0,0,0,0,0,0,0,0,0,0,0,0,0,0,0,0,0,0,0,0,0,0,0,0,0,0,0,0,0,0,0,0,0,0,0,0,0,0,0,0,0,0,0,0,0,0,0,0,0,0,0,0,0,0,0,0,0,0,0,0,0,0,0,0,0,0,0,0,0,0,0,0,0,0,1,0,0,0,0,0,0,0,0,0,0,0,0,0,0,0,0,0,0,0,0,0,0,0,0,0,0,0,0,0,0,0,0,0,0,0,0,0,0,0,0,0,0,0,0,0,0,0,0,0,0,0,0,0,0,0,0,0,0,0,0,0,0,0,0,0,0,0,0,0,0,0,0,0,0,0,0,0,0,0,0,0,0,0,0,0,0,0,0,0,0,0,0,0,0,0,0,0,0,0,0,0,0,0,0,0,0,0,0,0,0,0,0,0,0,0,0,0,0,0,0,0,0,0,0,0,0,0,0,0,0,0,0,0,0,0,0,0,0,0,0,0,0,0,0,0,0,0,0,0,0,0,0,0,0,0,0,0,0,0,0,0,0,0,0,0,0,0,0,0,0,0,0,0,0,0,0,0,0,0,0,0,0,0,0,0,0,0,0,0,0,0,0,0,0,0,0,0,0,0,0,0,1,0,0,0,0,0,0,0,0,0,0,0,0,0,0,0,0,0,0,0,0,0,0,0,0,0,0,0,0,0,0,0,0,0,0,0,0,0,0,0,0,0,0,0,0,0,0,0,0,0,0,0,0,0,0,0,0,0,0,0,0,0,0,0,0,0,0,0,0,0,0,0,0,0,0,0,0,0,0,0,0,0,0,0,0,0,0,0,0,0,0,0,0,0,0,0,0,0,0,0,0,0,0,0,0,0,0,0,0,0,0,0,0,0,0,0,0,1,
23,0.007698,0.015619,0.287459,3.505841,2.926483,2.937500,-0.078289,-0.093750,19.748039,32.000000, , , ,30,28,21,15,19,19,23,23,23,15,24,26,30,24,28,24,22,23,18,30,23,29,21,20,23,25,29,19,20,37,35,35,29,27,29,30,32,24,41,22,31,31,34,41,36,36,28,30,42,31,39,32,40,41,47,39,30,34,31,35,37,40,31,30,41,37,37,34,46,34,41,41,42,42,35,39,27,40,30,31,41,26,32,38,29,24,30,27,27,41,28,31,24,32,23,28,18,29,27,25,19,27,27,23,27,23,23,20,29,19,15,9,17,25,20,18,17,21,13,21,14,13,15,7,15,13,10,8,10,18,13,9,12,17,13,12,9,14,13,11,13,14,12,9,9,15,7,10,5,8,12,6,11,7,8,10,8,13,7,12,5,4,10,9,12,7,5,15,8,6,9,6,11,12,1,7,4,2,4,4,11,6,4,4,6,6,3,6,6,6,10,5,3,3,6,8,5,3,6,2,10,7,5,2,4,5,6,6,4,2,3,4,2,7,5,5,0,5,3,4,3,5,2,3,1,4,3,2,3,2,4,3,2,4,3,1,7,4,4,4,3,2,2,3,4,6,0,2,0,2,1,1,2,4,4,1,4,1,4,3,0,2,3,3,3,6,3,2,3,0,1,1,3,1,4,1,3,1,5,1,1,3,3,2,3,1,2,1,1,1,2,4,4,2,3,4,0,0,3,0,1,3,0,0,2,2,2,2,2,1,0,2,2,2,3,0,0,1,1,1,3,3,4,2,1,2,2,2,3,0,0,3,0,1,2,3,3,2,3,0,1,1,0,0,3,1,1,0,1,2,2,1,3,3,3,0,0,1,1,1,3,1,0,0,1,0,0,0,2,0,1,1,0,2,1,0,0,2,1,1,0,0,2,0,1,0,1,1,0,1,1,0,0,0,1,0,1,0,1,0,0,0,0,0,0,1,2,1,1,1,0,0,0,0,0,0,0,0,0,1,0,2,0,1,0,0,1,0,1,1,1,0,0,0,0,0,0,1,0,0,0,0,0,2,1,0,1,1,0,1,1,0,0,1,0,0,0,0,0,0,1,0,0,0,0,1,0,1,1,1,0,0,0,0,0,0,0,0,0,0,0,1,0,0,0,0,0,1,0,0,0,0,1,1,0,0,0,0,1,0,0,0,0,1,1,0,0,0,0,0,1,0,0,0,0,0,1,1,0,0,0,0,0,0,0,0,0,0,0,1,0,0,0,0,0,1,0,0,0,0,0,0,0,0,0,0,0,0,1,0,0,1,0,0,0,0,0,0,0,0,0,0,0,0,1,0,0,0,1,0,0,0,0,0,0,0,0,0,0,1,0,0,0,0,0,0,1,0,0,0,1,0,1,0,0,0,0,0,0,0,0,0,0,0,0,0,0,0,0,0,0,0,0,0,0,0,0,0,0,0,0,1,0,0,0,0,0,0,0,0,0,1,0,0,0,0,0,0,0,0,0,0,0,0,0,0,0,0,0,0,0,0,0,0,0,0,0,1,0,0,0,2,0,0,0,0,0,0,0,0,0,0,0,0,0,0,0,0,0,0,0,0,0,0,0,0,0,0,0,0,0,0,0,0,1,0,0,0,0,0,1,0,0,0,0,0,0,0,0,0,0,0,0,0,0,0,0,0,0,0,0,0,0,0,0,0,0,0,0,0,0,0,0,0,0,0,0,0,0,0,0,0,0,0,0,0,0,0,0,0,0,0,1,0,0,0,0,0,0,0,0,0,0,0,0,0,0,0,0,1,0,0,1,0,0,0,0,0,0,0,0,0,0,0,0,0,0,0,0,0,0,0,0,0,0,0,0,0,0,0,0,0,0,0,0,0,0,0,0,0,0,0,0,0,0,0,0,0,0,0,0,0,0,0,0,0,0,0,0,0,0,0,0,0,0,0,0,0,0,0,0,0,0,0,0,0,0,0,0,0,0,0,0,0,0,0,0,0,0,0,0,0,0,0,0,0,0,0,0,0,0,0,0,0,0,0,0,0,0,0,0,0,0,0,0,0,0,0,0,0,0,0,0,0,0,0,0,0,0,0,0,0,0,0,0,0,0,0,1,0,0,0,0,0,0,0,0,0,0,0,0,0,0,0,0,0,0,0,0,0,0,0,0,0,0,0,0,0,0,0,0,0,0,0,0,0,0,0,0,0,0,0,0,0,0,0,0,0,0,0,0,0,0,0,0,0,0,0,0,0,0,0,0,0,0,0,0,0,0,0,0,0,0,0,0,0,0,0,0,0,0,0,0,0,0,0,0,0,0,1,
24,0.008031,0.015466,1.100688,1.419123,3.961280,3.961280,-0.081834,-0.092843,13.452874,32.312786, , , ,2,1,2,3,2,1,0,2,1,2,1,0,0,0,1,3,1,1,1,0,1,1,0,0,1,2,1,1,1,2,1,0,2,2,3,2,2,0,0,0,1,1,2,1,1,1,0,1,0,3,0,1,0,0,0,1,0,1,2,3,0,2,1,1,1,2,0,1,0,3,1,1,2,0,0,2,0,0,1,1,0,2,0,0,2,0,1,1,1,1,0,1,0,0,2,0,1,2,4,0,0,0,1,1,2,1,1,1,0,2,1,5,2,0,3,1,1,0,2,1,0,0,1,1,1,0,0,0,1,2,1,2,0,0,0,1,4,0,3,3,1,0,2,4,1,2,2,0,1,0,1,0,0,2,1,1,0,0,1,2,0,2,1,0,2,1,1,0,0,0,0,1,0,1,1,0,0,4,0,0,2,2,2,1,1,1,1,0,2,1,0,0,0,3,0,1,2,0,1,1,2,1,3,2,0,0,3,0,1,1,2,2,1,2,2,2,1,2,0,2,1,4,2,0,2,2,2,1,1,0,2,0,2,0,2,2,1,2,2,1,1,1,3,1,2,2,2,1,2,3,0,1,0,2,2,0,0,0,0,0,1,1,2,0,2,2,1,0,2,2,0,0,2,1,0,1,1,1,1,0,1,0,3,2,0,0,0,0,0,2,1,0,3,1,1,1,0,1,1,0,1,1,0,0,1,2,1,1,0,0,0,1,1,0,1,1,1,0,0,1,0,1,0,1,2,1,1,0,1,0,1,1,1,2,2,0,0,3,0,0,0,0,1,1,0,1,1,1,1,1,0,1,3,1,0,1,5,0,1,0,0,0,1,0,0,2,1,0,0,1,0,0,0,1,0,2,1,1,1,0,0,1,0,2,1,0,0,0,0,1,0,0,2,2,0,0,1,0,0,1,1,0,2,2,0,1,0,1,1,0,0,0,0,1,1,1,0,0,0,2,0,0,0,2,0,0,2,0,0,0,0,0,0,0,0,1,2,0,0,0,0,0,1,0,0,0,0,1,0,0,0,0,0,0,0,0,1,0,1,0,0,0,0,1,1,0,0,0,0,1,1,1,0,0,0,0,0,0,0,1,0,0,0,0,1,0,2,0,0,1,0,0,0,0,0,0,0,1,0,1,0,0,0,1,0,0,0,1,0,2,0,0,0,3,0,0,0,0,1,0,1,0,2,0,0,1,0,0,0,0,0,1,0,1,2,0,1,0,1,0,1,1,1,0,0,0,0,0,1,0,1,0,0,2,0,0,0,1,0,1,0,0,1,0,1,2,0,0,2,0,0,0,1,1,0,0,0,0,0,2,0,0,0,2,1,0,0,0,1,0,0,0,0,0,0,0,1,1,0,0,0,1,0,0,1,0,0,0,0,0,1,0,0,0,1,0,0,0,0,0,0,1,0,1,0,0,0,0,0,0,0,0,0,0,0,0,0,0,3,0,1,0,0,2,0,1,0,0,0,0,0,0,0,1,0,0,0,0,1,0,0,0,0,0,1,0,0,0,0,0,0,0,0,0,0,0,0,1,1,0,0,0,0,0,0,0,0,1,0,0,0,0,0,0,0,0,0,0,0,1,0,0,0,0,0,0,1,0,0,0,0,0,0,0,1,0,0,0,0,1,0,0,0,1,0,0,0,0,0,0,0,1,0,0,0,0,0,0,0,0,1,0,1,0,0,0,0,0,0,0,0,0,0,1,0,1,1,0,0,0,0,0,0,0,0,0,0,1,0,0,0,0,1,0,0,0,0,0,0,0,0,0,0,0,0,0,0,0,0,0,0,0,0,0,0,0,0,0,0,0,1,0,1,0,0,0,0,0,1,0,0,0,0,0,0,0,0,0,0,0,0,0,0,0,0,0,0,0,0,0,0,0,0,1,0,0,0,0,0,0,0,0,2,0,0,0,0,0,0,0,0,0,0,0,0,0,0,0,0,0,0,0,0,0,0,0,0,0,0,0,0,0,0,0,0,0,0,0,0,0,0,0,0,0,0,0,0,0,0,1,0,0,0,0,0,0,0,0,0,0,0,0,0,0,0,0,0,0,0,0,0,0,0,0,0,0,0,0,0,0,0,0,0,0,0,0,0,0,0,0,0,0,0,0,0,0,0,0,0,0,0,0,0,0,0,0,0,0,0,0,0,0,0,0,1,0,0,0,0,0,0,0,0,0,0,0,0,0,0,0,0,0,0,0,0,0,0,0,0,0,0,0,0,0,0,0,0,0,0,0,0,0,0,0,0,0,0,0,0,1,
24,0.001953,0.003906,0.045757,4.375276,0.826719,0.828125,-0.019531,-0.023438,19.998981,128.000000, , , ,3427,3445,3366,3421,3278,3263,3324,3402,3283,3373,3278,3315,3203,3231,3234,3182,3164,3127,3219,3193,3076,3115,3036,2991,3033,2945,2967,2954,2801,2837,2811,2871,2759,2703,2735,2597,2611,2530,2576,2525,2537,2599,2435,2505,2407,2333,2370,2258,2280,2252,2220,2229,2145,2129,2008,2080,2083,2032,1965,1958,1838,1849,1815,1778,1794,1669,1727,1739,1638,1575,1630,1547,1514,1563,1526,1496,1423,1462,1417,1352,1284,1296,1313,1283,1221,1161,1197,1199,1158,1069,1129,1067,1062,1005,1046,1102,983,968,948,941,958,931,841,859,808,832,814,787,798,793,744,744,684,710,689,633,647,670,590,641,588,552,553,531,531,550,560,516,537,495,465,470,447,458,442,442,405,391,421,371,383,373,366,341,345,356,323,322,303,288,305,298,275,281,278,277,249,276,235,269,233,230,221,212,219,222,176,189,178,189,175,172,179,187,175,184,148,155,128,135,154,140,126,130,107,125,130,145,105,108,107,98,117,98,109,99,65,94,110,91,84,83,92,82,86,66,72,61,63,58,70,66,60,57,65,56,47,52,60,49,42,61,52,40,40,34,44,38,38,46,44,30,34,34,39,38,27,19,30,23,28,23,23,30,29,21,24,21,16,36,22,32,31,23,25,18,21,14,13,19,16,17,22,15,17,11,15,17,20,12,10,11,13,13,8,17,13,14,9,11,10,18,8,10,8,9,11,8,12,8,6,8,5,5,11,8,6,3,5,1,4,9,6,1,3,9,6,3,2,6,3,4,6,10,4,6,6,5,3,11,2,6,2,1,6,6,4,5,4,4,3,3,3,3,4,0,2,1,3,6,1,4,2,6,2,2,2,4,2,0,1,2,2,4,0,2,1,0,4,1,0,2,0,1,2,1,1,0,1,1,0,0,1,3,1,3,1,1,1,3,3,2,0,0,0,0,1,0,1,1,0,0,3,3,1,2,1,0,0,0,3,2,3,2,1,2,0,0,0,1,0,0,1,0,0,5,0,3,1,0,1,0,1,0,0,2,0,0,1,0,0,0,0,0,0,0,1,1,1,0,2,1,1,0,0,0,2,2,0,1,0,0,1,0,0,0,0,0,0,0,0,0,0,2,0,1,0,0,0,1,0,0,0,0,0,0,0,0,0,0,0,0,0,0,2,1,0,0,0,0,0,0,0,0,2,1,0,1,0,0,0,0,0,0,0,1,0,3,0,0,0,0,0,0,0,0,0,0,0,0,0,0,0,0,0,0,0,0,0,0,0,0,0,0,0,1,1,0,1,2,0,0,0,0,0,0,0,1,0,0,0,0,0,0,0,0,0,0,0,0,1,0,0,1,0,0,0,0,0,0,0,0,0,0,0,0,0,0,1,0,0,0,1,0,0,0,0,0,0,0,1,0,0,0,0,0,1,0,0,0,0,0,0,0,0,0,0,1,0,0,0,0,0,0,0,0,0,0,0,0,0,0,0,0,0,0,0,0,0,0,0,0,1,0,0,0,0,0,0,0,0,0,0,0,0,0,0,1,0,0,0,0,1,0,0,0,0,0,0,0,0,0,0,0,0,0,0,0,1,0,1,0,0,0,0,0,0,0,0,0,0,0,0,0,0,0,0,0,0,0,0,0,0,0,0,0,0,0,0,0,0,0,0,0,0,0,0,0,0,0,0,0,0,0,0,0,0,0,0,0,0,0,0,0,0,0,0,0,0,0,0,0,0,0,0,0,0,0,0,0,0,0,0,0,0,0,0,0,0,0,0,0,0,0,0,0,0,0,0,0,0,0,0,0,0,0,0,0,0,0,0,0,0,0,0,0,0,0,0,0,0,0,0,0,0,0,0,0,0,0,0,0,0,0,0,0,0,0,1,0,0,1,0,0,0,0,0,0,0,0,0,0,0,0,0,0,0,0,0,0,0,0,0,0,0,0,0,0,0,0,0,0,0,0,0,0,0,0,0,0,0,0,0,0,0,0,0,0,0,0,0,0,0,0,0,0,0,0,0,0,0,0,0,0,0,0,0,0,0,0,0,0,0,0,0,0,0,0,0,0,0,0,0,0,0,0,0,0,0,0,0,0,0,0,0,0,0,0,0,0,0,0,0,0,0,0,0,0,0,0,0,0,0,0,0,0,0,0,0,0,0,0,0,0,0,0,0,0,0,0,0,0,0,0,0,0,0,0,0,0,0,0,0,0,0,0,0,0,0,0,0,0,0,0,0,0,0,0,0,0,0,0,0,0,0,0,0,0,0,0,0,0,0,0,0,0,0,0,0,0,0,0,0,0,0,0,0,0,0,0,0,0,0,0,0,0,0,0,0,1,
25,0.007077,0.027672,0.918404,1.084790,3.542043,3.514371,0.071035,0.083017,16.867756,36.137337, , , ,31,30,22,30,21,12,8,9,3,8,4,4,6,3,3,4,1,1,4,0,3,1,2,2,0,3,2,1,1,1,5,2,0,0,0,0,0,0,0,1,0,1,0,0,0,0,0,2,1,0,0,0,0,0,0,0,0,0,0,0,1,0,0,2,0,0,0,0,1,0,0,0,0,0,0,1,0,0,0,0,0,1,0,0,0,1,0,0,0,1,0,0,1,0,0,0,0,0,0,1,0,1,0,1,0,0,1,0,0,1,0,1,1,1,0,0,1,1,2,0,0,0,1,0,0,0,0,0,1,0,0,1,0,0,0,1,0,0,0,1,0,1,0,0,1,0,0,0,0,0,0,1,0,0,0,0,0,0,0,0,0,0,0,0,0,0,1,0,0,0,0,0,1,0,0,0,0,0,0,1,0,0,1,0,1,1,0,0,0,0,0,0,0,0,0,0,0,0,0,0,0,0,0,0,0,0,0,1,0,1,1,0,0,0,0,0,0,0,0,0,0,0,0,0,0,0,0,0,0,0,0,1,1,0,0,0,0,0,0,0,0,1,0,0,0,0,0,0,0,0,0,1,0,0,0,0,0,0,0,0,0,0,0,1,0,0,0,0,0,2,0,1,0,0,0,0,1,0,1,0,1,0,0,0,0,0,1,0,0,2,1,0,1,1,0,0,0,1,0,0,2,1,2,0,0,0,0,0,0,1,1,1,1,0,1,3,0,1,0,0,0,0,1,2,0,0,0,0,1,1,1,0,0,2,0,1,0,0,1,1,0,0,0,2,0,0,1,1,1,2,0,0,1,2,0,0,0,0,1,1,0,1,0,0,1,0,1,0,2,1,0,0,0,1,0,1,1,2,0,1,0,0,1,1,1,0,1,0,0,0,0,1,0,0,0,0,0,1,0,1,2,1,0,0,0,0,0,1,2,0,0,0,0,0,1,2,0,3,1,0,0,0,0,0,1,0,0,1,0,0,0,0,0,0,0,2,0,0,1,0,0,1,0,0,0,2,1,0,0,1,0,0,0,0,0,0,0,1,0,0,0,1,0,0,0,0,0,1,1,0,0,0,1,0,0,0,0,1,1,2,0,1,0,1,1,0,1,1,0,0,1,0,0,0,0,0,0,0,1,0,0,0,1,0,1,0,0,0,1,0,0,0,0,1,0,1,1,1,1,1,1,0,0,1,1,0,1,1,0,0,0,1,0,1,0,0,0,0,0,0,0,0,0,2,0,0,1,1,0,0,2,0,0,0,2,0,0,0,0,0,0,1,0,0,1,0,2,0,0,0,0,0,0,0,0,0,0,0,0,0,1,0,3,0,1,1,0,0,0,1,0,0,2,0,1,0,1,1,1,0,0,1,0,0,2,0,0,0,0,0,2,0,0,1,1,0,2,0,2,0,1,0,2,0,0,0,1,0,0,2,2,1,0,0,1,2,1,0,1,1,1,2,1,0,2,0,0,1,1,0,0,0,0,1,0,1,2,0,0,0,1,2,0,0,1,0,0,0,0,2,0,0,1,0,0,0,0,0,1,3,0,2,2,0,0,0,0,1,0,1,0,0,0,1,0,1,0,0,0,0,0,0,1,1,0,0,0,0,0,0,0,0,0,1,1,1,1,1,0,0,0,0,0,1,0,0,0,0,0,1,0,0,0,0,0,0,2,0,0,0,0,1,0,0,0,0,0,0,0,1,0,0,0,1,0,0,0,1,0,0,0,0,0,0,0,1,0,1,0,0,0,0,1,0,0,0,0,0,0,0,0,0,0,1,0,0,0,0,0,0,0,0,0,0,0,0,0,0,0,0,0,0,0,0,0,0,0,0,0,0,0,0,0,0,0,0,0,1,1,0,0,0,0,0,0,0,0,0,0,0,0,0,0,0,0,0,0,0,0,0,1,0,0,0,0,0,0,0,0,0,0,0,0,0,0,0,0,0,0,0,0,0,0,1,0,0,1,0,0,0,0,0,0,0,0,0,0,0,0,0,0,0,0,0,0,0,0,0,0,0,0,0,0,0,0,0,0,0,0,0,0,0,0,0,0,0,0,0,0,0,0,0,0,0,0,0,1,0,0,1,0,0,0,0,0,0,0,0,1,0,0,0,0,0,0,0,0,0,0,0,0,0,0,0,0,0,0,0,1,0,0,0,0,0,0,0,0,0,0,0,0,0,0,0,1,0,0,0,0,0,0,0,0,0,0,0,0,0,0,0,0,0,0,0,0,0,0,0,0,0,0,1,0,0,0,0,0,0,0,1,
25,0.001968,0.003906,0.237897,1.184857,0.992526,0.992188,0.019543,0.023438,19.927408,128.000000, , , ,1,3,0,0,0,3,1,1,1,3,0,1,0,5,2,0,1,0,4,5,2,1,2,2,2,4,1,2,2,5,1,0,1,1,6,6,5,1,6,1,1,2,4,6,2,5,4,2,4,7,6,8,6,10,3,2,2,4,4,4,4,5,8,7,5,6,10,6,7,9,4,4,4,6,9,9,6,4,15,10,14,9,4,8,15,12,12,11,13,16,15,11,12,12,18,10,6,15,11,7,9,15,12,25,15,12,15,12,17,10,12,15,10,10,16,13,11,17,13,16,13,11,15,15,11,20,15,12,8,16,16,15,9,12,11,25,11,10,12,18,11,11,11,26,19,13,17,17,13,24,16,19,15,16,17,24,8,19,15,19,19,17,15,22,15,24,24,17,22,20,21,14,19,18,15,12,17,18,10,22,20,18,13,25,19,20,19,14,16,21,17,15,17,24,17,16,13,17,13,15,14,13,19,16,18,22,17,14,13,16,19,8,13,14,21,9,13,13,16,12,10,15,13,20,18,10,8,17,19,9,13,17,18,11,16,13,12,13,16,14,13,8,18,15,11,14,10,10,11,15,13,15,11,14,14,8,10,11,9,10,13,17,17,12,11,11,9,9,11,8,8,4,10,12,7,10,13,11,10,10,13,10,8,11,5,11,11,13,7,13,10,7,6,5,10,8,6,10,8,6,4,10,8,9,8,5,13,5,5,7,5,10,12,9,13,14,11,13,11,8,10,9,8,5,11,4,6,9,2,8,8,6,4,6,10,7,11,5,10,4,9,7,9,5,5,14,9,12,13,11,8,11,6,2,6,6,6,6,8,7,6,7,7,4,4,7,11,6,8,1,4,5,5,6,0,9,4,7,8,7,3,9,3,7,4,2,4,8,7,8,3,9,4,6,5,6,3,5,9,7,8,4,5,7,2,6,4,10,2,3,3,8,3,4,2,7,10,3,5,7,7,8,11,5,3,3,1,2,4,4,6,3,3,6,3,3,3,0,2,1,7,3,3,3,2,7,5,4,1,3,4,7,4,3,3,0,0,4,4,1,4,3,4,1,3,4,2,2,4,1,0,1,3,2,1,4,5,3,3,3,3,1,2,2,3,3,2,4,0,2,0,1,0,4,1,1,2,0,2,2,2,1,1,3,2,4,3,2,2,2,3,1,5,4,3,0,2,0,4,1,2,1,5,0,2,2,1,3,1,1,1,1,2,1,2,0,2,2,0,1,0,1,0,4,3,0,1,3,1,1,1,1,1,2,3,2,0,1,0,1,0,1,1,1,1,2,1,0,2,0,1,3,1,2,1,1,0,0,2,1,0,0,0,3,0,2,2,0,0,1,2,0,0,0,0,4,2,1,1,1,0,1,0,0,1,1,1,1,0,0,2,0,0,0,1,2,2,0,0,0,0,0,0,0,1,0,2,1,0,0,0,0,0,2,1,1,1,0,0,0,0,0,1,0,2,1,0,1,0,0,2,1,0,0,0,0,1,0,1,0,1,0,0,0,0,0,1,1,0,0,0,1,0,1,0,1,0,0,0,1,0,0,0,0,0,0,1,2,0,0,0,0,0,0,0,0,0,1,0,0,1,0,0,0,0,0,0,0,0,1,0,0,0,1,0,0,1,0,0,0,0,0,0,1,0,0,1,0,0,1,0,0,0,0,0,1,1,0,0,0,0,0,0,0,0,1,0,0,1,0,0,1,0,1,2,0,0,0,0,0,1,0,0,0,1,0,0,0,0,0,0,0,0,0,0,0,0,0,0,0,0,1,1,0,0,0,1,1,0,0,0,1,0,1,0,0,0,1,0,0,0,0,0,0,0,0,0,0,0,0,0,0,0,0,0,0,0,0,0,0,0,0,1,0,0,0,0,0,0,0,0,0,0,0,0,0,0,0,0,0,0,0,0,0,0,0,0,0,0,0,0,0,0,0,0,0,2,0,0,0,0,0,0,0,0,0,0,0,1,0,0,0,0,0,0,0,0,0,0,0,0,0,0,0,0,1,0,0,0,0,0,0,1,0,0,0,0,0,0,0,0,0,0,0,0,0,0,0,0,0,0,1,0,0,0,0,0,0,0,0,0,0,1,0,0,0,0,0,0,0,0,0,0,0,1,0,0,0,0,0,0,0,0,0,0,0,0,0,0,0,0,0,0,0,0,0,0,0,0,0,0,0,0,0,0,1,0,0,0,0,0,0,0,0,0,0,0,0,0,0,0,0,0,1,1,0,0,0,0,0,0,0,0,0,0,0,0,0,0,1,
26,0.011208,0.045031,1.070227,1.707842,5.763983,5.718952,-0.113947,-0.135093,18.557661,22.206865, , , ,4,2,5,5,7,2,2,5,3,3,4,5,5,5,3,6,3,2,3,3,3,4,2,5,3,4,2,2,2,3,4,5,5,5,1,2,5,4,0,4,0,3,1,3,6,3,2,3,2,4,5,2,2,2,2,3,4,1,5,3,3,2,3,1,3,4,1,3,4,1,3,5,3,2,4,5,5,4,5,2,3,10,1,4,2,1,3,2,1,6,6,3,3,4,1,2,2,0,2,1,6,3,1,4,5,3,3,2,4,3,5,4,6,3,0,6,6,2,2,3,3,1,1,2,6,0,4,9,5,0,2,3,4,1,2,1,1,4,4,3,2,0,3,0,3,2,5,4,8,1,4,3,1,3,5,2,6,2,5,3,2,0,5,2,4,1,3,4,2,1,3,2,3,5,2,5,3,3,2,8,1,4,4,7,2,2,1,0,2,6,2,7,0,3,3,2,1,3,1,3,3,4,2,4,1,3,1,1,2,1,6,5,3,5,4,1,1,4,0,0,3,1,3,3,2,3,3,0,4,1,3,4,3,1,3,4,2,1,1,5,2,3,2,0,3,1,3,3,1,1,3,2,2,4,1,1,1,3,3,2,4,1,2,1,2,1,5,0,0,3,2,1,0,0,2,2,2,2,1,0,2,2,1,3,2,4,2,0,1,5,4,1,1,1,1,1,1,3,0,0,0,1,0,0,1,2,4,3,2,3,0,1,1,3,2,3,1,0,1,2,2,3,1,3,0,1,2,3,2,1,1,0,0,2,4,3,1,2,0,1,1,3,1,1,0,0,1,1,0,0,2,0,3,0,1,1,1,1,1,0,0,2,1,0,0,1,1,0,1,3,0,0,1,0,2,0,1,1,1,4,0,0,1,2,0,1,0,0,1,0,0,0,1,1,1,0,0,3,5,0,1,1,0,1,1,1,4,2,0,0,2,0,0,0,1,0,0,1,0,0,0,0,1,0,2,0,0,1,2,0,0,1,1,1,0,2,0,1,1,0,0,0,0,2,0,0,2,1,0,2,2,0,0,0,0,0,0,0,1,0,2,1,0,1,0,0,3,0,0,1,0,0,0,0,0,0,0,0,0,1,1,0,0,0,0,0,0,0,0,0,0,1,0,0,0,0,0,0,2,0,0,0,0,0,0,1,0,0,0,0,0,0,1,0,0,0,0,2,0,0,0,1,0,1,0,0,1,0,1,0,0,0,0,0,0,1,1,1,0,0,0,0,0,0,0,0,0,0,1,0,1,0,1,0,0,0,0,1,0,0,1,0,0,0,1,0,0,0,1,0,0,0,0,0,0,0,0,0,0,0,0,0,0,0,0,0,0,0,0,0,0,0,0,0,0,0,0,0,0,0,0,0,0,0,0,0,0,0,0,0,0,0,0,0,1,1,2,0,0,0,0,0,0,0,0,0,0,0,0,0,0,0,0,0,0,0,1,0,1,0,0,0,0,0,0,0,0,0,0,0,0,0,0,0,0,0,0,0,0,0,0,0,0,0,0,0,0,0,0,0,0,0,0,1,0,1,0,0,0,0,0,0,0,0,0,0,0,1,0,0,0,0,0,0,0,0,0,0,0,0,0,0,0,0,0,0,0,0,0,0,0,0,0,0,0,0,0,0,0,0,0,0,0,0,0,0,0,0,0,0,0,0,0,0,0,0,0,0,0,0,0,0,0,0,0,0,0,0,0,0,0,0,0,0,0,0,0,0,0,0,0,0,0,0,0,0,0,0,0,0,0,0,0,0,0,0,0,0,0,0,0,0,0,0,0,0,0,0,0,0,0,0,0,0,0,0,0,0,0,0,0,1,0,0,0,0,0,0,0,0,0,0,0,0,0,0,0,0,0,0,0,0,0,0,0,0,0,0,0,0,0,0,0,0,0,0,0,0,0,0,0,0,0,0,0,0,0,0,0,0,0,0,0,0,0,0,0,0,0,0,0,0,0,0,0,0,0,0,0,0,0,0,0,0,0,0,0,0,0,0,0,0,0,0,0,0,0,0,0,0,0,0,0,0,0,0,0,0,0,0,0,0,0,0,0,0,0,0,0,0,0,0,0,0,0,0,0,0,0,0,0,0,0,0,0,0,0,0,0,0,0,0,0,0,0,0,0,0,0,0,0,0,0,0,0,0,0,0,0,0,0,0,0,0,0,0,0,0,0,0,0,0,0,0,0,0,0,0,0,0,0,0,0,0,0,0,0,0,0,0,0,0,0,0,0,0,0,0,0,0,0,0,0,0,0,0,0,0,0,1,
26,0.003907,0.007812,0.048702,5.847415,1.045058,1.046875,0.039062,0.046875,20.000000,64.000000, , , ,7627,7852,7967,7869,7809,7672,7704,7536,7959,7588,7625,7541,7479,7549,7350,7301,7286,7191,7296,7101,6966,7188,6985,6973,6788,6802,6645,6627,6517,6461,6417,6227,6291,6228,6140,6080,5808,5765,5595,5603,5525,5315,5348,5280,5159,5163,5001,4848,4767,4864,4627,4512,4383,4462,4275,4190,4137,4163,4023,4022,3629,3797,3515,3551,3553,3484,3458,3267,3247,3097,3019,3033,2924,2739,2842,2757,2670,2506,2546,2415,2362,2299,2358,2320,2148,2192,2048,2052,1964,1973,1922,1814,1808,1690,1764,1611,1603,1568,1537,1491,1433,1409,1336,1268,1332,1265,1270,1176,1193,1098,1053,1038,1023,970,966,960,860,876,853,843,794,828,764,791,727,714,692,669,651,606,587,592,569,593,568,536,548,542,480,494,430,422,436,427,381,364,335,375,329,318,332,346,311,316,305,286,287,315,264,269,269,261,230,247,187,227,208,181,183,193,188,167,174,192,182,153,138,128,133,141,145,141,119,138,117,88,109,109,90,94,113,90,92,105,92,91,104,70,61,86,89,55,74,67,52,79,64,49,51,52,52,54,62,45,50,46,54,45,33,42,45,33,36,34,34,32,27,40,31,37,33,30,20,27,20,33,25,29,18,14,23,23,13,22,15,19,21,24,19,20,15,14,15,21,20,11,19,13,15,9,8,11,10,8,10,7,6,11,9,11,8,11,10,5,10,9,12,6,6,11,4,4,5,6,4,9,11,5,3,5,5,6,5,2,6,5,3,9,4,4,4,2,2,3,5,3,3,3,3,3,3,1,5,6,3,3,4,0,1,3,2,3,2,4,1,3,2,3,3,2,4,2,3,3,0,1,3,3,2,2,5,0,1,1,1,2,1,1,0,0,0,2,2,2,1,2,2,2,0,4,1,1,0,0,1,3,1,1,1,0,2,1,0,1,5,0,1,6,0,0,0,1,2,0,1,0,0,0,2,2,0,1,0,0,0,1,1,1,1,2,2,1,0,1,1,0,0,1,0,2,3,0,0,2,2,0,0,0,1,0,0,1,1,0,0,0,0,0,1,1,0,0,1,0,2,0,0,0,2,0,0,0,0,0,0,1,0,0,0,0,1,1,0,0,0,0,0,0,0,0,0,1,0,0,0,0,0,0,0,0,0,0,0,0,0,0,0,0,0,0,0,0,0,0,1,0,0,0,1,0,0,1,0,0,1,0,0,0,0,0,0,0,0,0,0,0,2,0,0,0,0,1,0,0,0,0,1,0,0,0,0,1,1,0,0,0,0,0,1,0,0,0,0,0,1,0,0,2,1,0,0,0,0,0,0,1,0,0,0,0,0,0,0,0,0,0,0,0,0,1,0,0,1,0,0,0,0,0,0,0,0,0,1,0,0,0,0,0,0,0,0,0,0,1,0,0,0,0,0,1,0,0,0,1,0,0,0,0,0,0,0,0,0,0,0,0,0,0,1,0,0,0,0,0,0,0,0,0,0,0,0,0,0,0,0,0,0,0,0,0,0,0,0,0,0,0,0,0,0,0,0,0,0,0,0,0,0,0,0,0,0,0,0,0,0,0,0,0,0,0,0,0,0,1,0,0,0,0,1,1,0,0,0,0,0,0,0,0,0,0,0,0,0,0,0,0,0,0,0,0,0,0,0,0,0,0,0,0,0,0,0,0,0,0,0,0,0,0,0,0,0,0,0,0,0,0,0,0,0,0,0,0,0,0,0,0,0,0,0,0,0,0,1,0,0,0,0,0,0,0,0,1,0,0,0,0,0,0,0,0,0,0,0,0,0,0,0,0,0,0,0,0,0,0,0,0,0,0,0,0,0,0,0,0,0,0,0,0,0,0,0,0,0,0,0,0,0,0,0,0,0,0,0,0,0,0,0,0,0,0,0,0,0,0,0,0,0,0,0,0,0,0,0,0,0,0,0,0,0,0,0,0,0,0,0,0,0,0,0,0,0,0,0,0,1,0,0,0,0,0,0,0,0,0,0,0,0,0,0,0,0,0,0,0,0,0,0,0,0,0,0,0,0,0,0,0,0,0,0,0,0,0,0,0,0,1,0,0,0,0,0,0,0,0,0,0,0,0,0,0,0,0,0,0,0,0,0,0,0,1,0,0,0,0,0,0,1,0,0,0,0,0,0,0,0,0,0,0,0,0,0,0,0,0,0,0,0,0,0,0,0,0,0,0,0,0,0,1,0,0,0,0,0,0,0,0,0,0,0,0,0,0,0,0,0,0,0,1,0,0,0,0,1,0,0,0,0,0,0,0,0,0,0,0,0,1,0,0,0,0,0,0,0,0,0,0,0,0,0,1,0,0,0,0,0,0,0,0,0,1,
27,0.009686,0.036373,0.720632,1.640970,4.655786,4.619413,-0.093745,-0.109120,16.400667,27.492672, , , ,38,33,42,59,56,32,26,32,23,18,18,25,7,11,4,5,3,4,3,3,11,5,1,1,2,4,3,3,2,0,2,4,0,1,1,5,0,4,0,3,1,1,1,7,1,2,1,4,1,1,2,2,1,0,3,1,0,0,3,0,1,2,3,0,2,0,0,1,2,1,0,2,2,0,0,1,0,0,0,1,2,0,1,0,1,2,0,0,1,0,1,0,0,0,0,0,0,0,1,0,0,1,0,0,1,1,0,0,0,1,0,0,0,1,0,1,0,0,1,0,0,0,0,0,0,0,0,0,0,0,1,0,0,0,0,0,0,0,0,1,0,0,0,1,0,0,0,0,0,0,1,0,0,1,0,0,0,0,0,1,0,0,1,1,0,0,0,2,0,0,0,0,0,0,0,0,0,0,0,0,0,0,1,0,0,0,0,0,0,0,0,0,1,0,1,0,0,1,0,0,1,0,0,1,1,0,0,0,0,1,0,0,0,1,0,0,0,0,0,1,0,0,0,0,0,0,0,1,0,0,0,0,0,0,0,0,0,0,0,0,0,0,0,0,0,1,1,1,0,0,0,1,1,4,1,0,0,0,1,4,2,2,0,4,6,5,3,5,4,9,5,4,2,4,3,5,7,6,9,1,6,3,5,5,5,5,4,5,5,7,7,6,3,2,2,2,3,3,6,8,4,4,2,1,5,5,4,3,2,5,5,2,3,3,3,0,2,3,1,1,5,3,5,4,1,4,4,5,2,1,4,0,5,1,4,1,0,3,2,1,3,4,4,0,4,0,0,2,2,1,1,1,0,3,0,0,1,2,1,0,2,4,0,2,5,0,0,3,2,3,0,0,1,2,0,2,2,2,2,2,1,0,1,0,2,2,2,0,1,2,0,0,1,0,0,0,1,0,0,0,3,0,0,2,2,0,1,2,0,0,0,1,0,0,0,1,0,1,1,1,1,2,0,0,0,1,0,0,2,2,0,0,1,0,0,0,0,0,0,0,2,0,0,0,3,0,0,0,0,1,0,0,1,1,1,1,1,0,0,0,1,1,1,0,0,0,0,1,1,0,0,0,0,0,1,0,0,0,1,1,0,0,0,2,0,2,0,0,0,0,0,0,1,0,0,0,0,0,0,0,0,0,1,0,0,0,0,0,0,1,0,0,1,0,1,0,0,0,1,1,0,1,0,0,0,0,0,0,0,0,0,0,0,0,0,0,0,0,0,0,0,0,0,0,0,0,0,0,0,0,0,0,0,0,0,0,0,0,0,0,0,0,0,0,0,0,0,0,0,0,0,0,0,0,0,1,0,0,0,1,0,0,0,0,0,0,0,0,0,0,0,1,0,0,0,0,0,1,0,0,0,0,0,0,0,0,0,0,0,0,0,0,0,0,0,0,0,0,0,0,0,0,0,0,0,0,0,0,0,0,0,0,0,0,0,0,0,0,0,0,0,0,0,0,0,0,0,0,0,0,0,0,0,0,0,0,0,0,0,0,0,0,0,0,0,0,0,0,0,0,0,0,0,0,0,0,0,0,0,0,0,0,0,0,0,0,0,0,0,0,0,0,0,0,0,0,0,0,0,0,0,0,0,0,0,0,0,0,0,0,0,0,0,0,0,0,0,0,0,0,0,0,0,1,0,0,0,0,0,0,0,0,0,0,0,0,0,0,0,0,0,0,0,0,0,0,0,0,0,0,0,0,0,0,0,0,0,0,0,0,0,0,0,0,0,0,0,0,0,0,0,0,0,0,0,0,0,0,0,0,0,0,0,0,0,0,0,0,0,0,0,0,0,0,0,0,0,0,0,0,0,0,0,0,0,0,0,0,0,0,0,0,0,0,0,0,0,0,0,0,0,0,0,0,0,0,0,0,0,0,0,0,0,0,0,0,0,0,0,0,0,0,0,0,0,0,0,0,0,0,0,0,0,0,0,0,0,0,0,0,0,0,0,0,0,0,0,0,0,0,0,0,0,0,0,0,0,0,0,0,0,0,0,0,0,0,0,0,0,0,0,0,0,0,0,0,0,0,0,0,0,0,0,0,0,0,0,0,0,0,0,0,0,0,0,0,0,0,0,0,0,0,0,0,0,0,0,0,0,0,0,0,0,0,0,0,0,0,0,0,0,0,0,0,0,0,0,0,0,0,0,0,0,0,0,0,0,0,0,0,0,0,0,0,0,0,0,0,0,0,0,0,0,0,0,0,0,0,0,0,0,0,0,0,0,0,0,0,0,0,0,0,0,0,0,0,0,0,0,1,
27,0.036039,10.778049,0.754775,5.188012,25.778049,15.000000,-25.778049,-15.000000,41.810959,8.000000, , , ,7,8,10,20,26,85,105,122,146,138,204,253,337,383,383,378,362,333,365,356,349,288,312,267,239,216,213,202,199,203,169,165,150,165,140,125,104,105,104,96,90,89,92,68,86,68,55,53,57,53,31,34,28,33,24,20,20,18,15,11,14,12,12,14,8,9,10,8,14,4,8,5,11,6,7,4,2,7,6,11,9,5,6,7,2,6,7,5,3,6,3,8,5,1,4,2,2,5,3,3,3,2,1,3,0,2,1,0,2,1,3,0,0,0,2,2,2,1,2,5,2,0,1,2,2,2,3,4,0,1,1,1,1,4,3,1,2,1,2,1,2,3,0,1,3,0,2,2,3,4,1,1,0,0,3,0,3,2,1,1,0,1,1,0,2,2,1,0,2,1,0,0,0,0,0,0,0,0,0,1,0,0,1,0,1,0,1,0,0,0,1,2,1,0,0,0,0,0,1,0,0,0,1,1,1,1,0,0,1,0,1,0,0,0,0,0,0,0,0,0,0,0,1,1,0,0,0,0,0,0,0,0,0,0,0,0,0,0,0,0,0,0,0,0,0,0,0,0,0,1,0,0,0,0,0,0,0,0,0,0,0,0,0,0,0,1,0,0,0,1,1,0,0,0,0,1,0,0,0,0,0,0,0,0,0,0,0,0,0,0,0,0,0,0,0,0,0,0,0,0,1,0,0,1,0,0,0,0,0,0,0,0,0,0,0,0,0,0,0,0,0,0,0,0,0,0,1,0,0,0,0,0,0,0,0,0,0,0,1,0,0,0,1,1,0,0,0,0,0,1,0,0,0,0,0,0,0,0,0,0,1,1,0,0,0,0,0,0,0,0,0,0,0,0,1,0,0,0,0,0,1,0,0,0,0,0,0,0,1,0,0,0,0,0,0,0,0,0,0,0,0,0,0,0,0,0,0,0,0,0,0,0,0,0,0,0,0,1,0,0,0,0,0,0,0,0,0,0,0,0,0,0,0,0,0,0,0,0,0,0,0,0,0,0,0,0,0,0,0,0,0,1,0,0,0,1,0,0,0,0,0,0,0,0,0,0,0,0,2,0,0,0,0,0,2,0,0,1,0,0,1,0,0,0,0,0,0,0,0,0,1,0,0,0,0,0,0,0,1,0,0,0,0,0,0,0,0,1,0,0,0,0,0,0,0,0,0,0,0,0,0,0,0,0,0,1,0,0,0,0,0,0,0,0,0,0,0,0,0,0,0,1,0,0,1,0,0,0,0,0,0,0,0,0,0,0,0,0,0,0,0,0,0,0,1,0,0,0,1,0,0,0,0,0,0,1,0,0,0,0,0,0,0,0,0,0,0,0,1,0,0,0,0,0,0,0,0,0,0,0,0,1,0,0,0,0,0,0,0,0,0,0,0,0,0,0,0,0,0,0,0,0,0,0,0,0,0,1,0,0,0,0,0,0,0,0,0,0,0,0,1,0,1,0,0,1,0,0,0,0,0,0,0,0,0,0,1,1,0,0,0,0,0,0,0,0,0,0,1,0,0,0,0,0,0,0,0,0,0,0,1,0,0,0,0,0,0,0,0,0,0,0,0,0,0,0,0,0,0,0,0,0,0,0,0,0,0,0,0,0,0,0,0,0,0,0,0,0,0,0,0,0,0,0,0,0,0,0,0,0,0,0,0,0,0,0,0,0,0,0,0,0,0,1,0,0,0,0,0,0,0,0,0,0,0,0,0,0,0,0,0,0,0,0,0,0,0,0,0,0,0,0,0,0,0,0,0,1,0,0,0,0,0,0,0,0,0,0,0,0,0,0,0,0,0,0,0,0,0,0,0,0,0,0,0,0,0,0,1,0,0,0,0,0,0,0,0,0,0,0,0,0,0,0,0,1,0,0,0,0,0,0,0,0,0,0,0,0,0,0,0,0,0,0,0,0,0,0,0,0,0,0,0,0,0,0,0,0,0,0,0,0,0,0,0,0,0,0,0,0,0,0,0,0,0,0,0,0,0,0,0,0,0,0,0,0,0,0,0,0,0,0,0,0,0,0,0,0,0,0,0,0,0,0,0,0,0,0,0,0,0,0,0,0,0,0,0,0,0,0,0,0,0,0,0,0,0,0,0,0,0,0,0,0,0,0,0,0,0,0,0,0,0,0,0,0,0,0,0,0,0,0,0,0,0,0,0,0,0,0,0,0,0,0,0,0,0,0,0,0,0,0,0,0,0,0,0,0,0,0,0,0,0,0,0,0,0,0,0,0,0,0,0,0,0,0,0,0,0,1,
28,0.023834,0.095118,3.240814,1.463932,12.175006,12.079888,0.246546,0.285352,15.739675,10.513342, , , ,3,5,2,2,3,4,3,5,2,2,2,2,4,1,1,5,5,4,1,2,4,1,0,0,5,3,3,4,3,3,1,1,0,2,4,2,1,1,0,0,3,3,3,2,1,4,2,1,4,2,2,4,4,0,2,2,3,5,2,0,2,7,3,3,4,4,1,2,2,3,1,7,2,4,4,0,4,4,2,1,2,2,2,5,4,6,0,0,2,4,2,0,3,2,2,3,3,3,3,3,2,2,3,3,2,3,2,0,4,2,1,3,1,3,1,2,1,3,0,2,2,2,3,2,3,6,1,4,2,0,1,2,6,3,2,4,3,1,0,3,3,1,3,1,2,3,1,1,3,1,1,2,4,3,1,0,3,2,2,4,2,1,2,2,3,2,2,2,3,0,1,2,2,1,1,2,2,0,1,1,0,0,2,1,0,1,1,2,3,1,2,3,2,4,4,1,3,2,3,3,2,2,0,0,1,1,5,1,1,1,3,2,2,3,3,2,0,0,3,3,3,0,3,4,1,2,2,2,3,3,1,2,0,1,1,3,2,4,2,1,1,3,2,3,2,3,0,1,1,1,2,2,1,0,2,2,3,1,4,1,1,2,3,3,1,5,1,1,0,3,0,1,1,3,3,0,1,1,1,1,0,0,1,1,0,1,5,1,5,3,3,0,0,1,5,1,4,0,2,1,4,4,0,2,1,2,0,0,1,1,1,2,5,4,2,1,2,5,1,2,2,1,1,2,1,1,1,0,1,1,0,2,0,0,1,2,1,0,3,2,4,2,2,2,1,4,2,2,1,2,0,2,2,1,2,3,0,3,1,2,4,1,2,1,3,3,0,1,2,1,1,3,0,0,0,7,2,1,1,1,1,1,1,4,0,3,0,1,1,0,2,2,0,2,1,0,1,2,2,1,0,1,2,0,0,3,0,0,0,1,1,1,2,0,2,0,1,0,1,0,1,2,3,1,2,2,2,1,2,0,2,1,0,2,1,1,2,0,1,2,0,1,0,0,0,0,0,0,0,0,1,0,0,0,2,0,1,1,1,0,1,1,1,0,0,1,0,1,2,3,2,3,0,1,1,2,0,0,1,0,2,0,2,1,1,0,1,0,0,1,1,1,0,0,1,1,2,1,1,0,2,1,1,2,1,1,1,1,0,0,2,1,1,4,1,0,2,0,0,0,1,0,0,1,2,0,1,1,0,2,1,1,2,0,0,0,1,0,0,0,1,2,1,1,0,2,1,2,2,1,1,0,0,0,0,1,0,0,0,1,0,1,2,2,0,1,0,1,1,1,0,1,2,1,1,0,1,0,0,2,0,0,0,0,2,0,0,0,1,2,0,0,0,1,1,1,0,0,0,1,0,0,0,0,0,1,0,0,0,1,1,1,1,1,0,1,0,1,0,1,1,0,0,0,0,0,2,0,0,1,0,0,0,1,0,0,0,0,1,0,0,0,0,0,0,0,0,0,1,0,1,0,1,0,0,0,0,1,0,0,0,1,0,0,0,1,0,0,0,2,0,1,0,0,0,0,0,0,2,0,0,0,0,0,1,1,2,0,0,0,1,0,1,0,1,0,0,0,0,0,0,0,0,0,0,1,1,0,0,0,0,0,0,0,1,1,0,0,0,1,1,0,0,0,0,0,0,0,0,3,0,0,0,1,0,0,0,0,1,1,1,0,0,0,0,1,0,0,0,0,0,0,1,0,0,0,0,0,0,0,0,0,1,0,1,0,1,0,0,1,0,0,0,1,0,0,0,0,0,0,0,0,0,0,0,0,0,1,2,0,0,0,0,1,0,0,0,0,0,0,0,0,0,0,0,0,0,0,0,0,0,0,0,0,0,0,0,0,1,1,0,0,2,0,0,0,0,0,0,0,0,0,0,0,0,0,0,0,0,1,0,0,0,0,0,0,0,0,0,0,0,0,0,0,0,0,1,0,0,0,0,0,0,0,0,0,0,0,0,0,0,0,0,0,0,0,0,0,0,0,1,0,0,0,0,0,0,0,0,0,0,0,0,0,0,0,0,0,1,0,0,0,0,0,0,0,0,0,0,0,0,0,0,0,0,0,0,1,0,0,0,0,0,0,0,0,1,0,0,0,0,0,0,0,0,0,0,0,0,0,0,0,0,0,0,0,0,0,1,0,1,0,0,0,0,0,0,0,0,0,0,0,0,0,0,0,0,0,0,0,0,0,0,0,0,0,0,0,0,0,0,0,0,0,0,0,0,0,0,0,0,0,0,0,0,0,0,0,0,1,
28,0.007813,0.015625,0.211603,4.009687,2.864841,2.875000,-0.078125,-0.093750,19.999966,32.000000, , , ,9312,9285,9340,9380,9415,9328,9310,9217,9199,9318,9316,9368,9335,9082,9088,9186,9141,9152,9134,9218,9002,9006,9003,8860,8891,8866,8806,8829,8820,8866,8826,8620,8738,8656,8575,8532,8395,8419,8348,8379,8263,8225,8277,8229,8222,8163,7979,8184,7940,7929,7789,7836,7611,7747,7551,7626,7508,7443,7366,7368,7218,7276,7234,7142,6953,7024,6866,6802,6771,6625,6590,6703,6646,6275,6391,6197,6311,6202,6137,6082,6129,6085,5924,5953,5769,5687,5642,5567,5706,5414,5342,5302,5397,5242,5149,5174,4959,4926,4942,4892,4784,4761,4677,4535,4649,4516,4527,4412,4293,4215,4300,4178,4045,4123,3886,3871,3982,3807,3762,3737,3694,3601,3649,3522,3521,3507,3427,3361,3256,3208,3160,3186,3140,3014,3050,2868,2863,2857,2865,2738,2739,2686,2620,2591,2649,2534,2325,2447,2378,2326,2298,2294,2248,2177,2151,2240,2080,2122,2082,2005,1982,1842,1841,1809,1787,1761,1776,1728,1639,1579,1595,1602,1541,1553,1527,1506,1436,1434,1405,1375,1373,1290,1308,1299,1201,1208,1145,1132,1109,1129,1102,1127,1007,1008,1007,1002,937,992,885,899,942,886,839,851,811,780,812,789,718,742,722,669,688,682,651,645,615,641,617,641,574,590,573,536,525,496,494,490,531,500,438,444,448,427,407,378,399,365,365,386,353,356,344,328,324,320,307,295,303,310,318,288,236,251,231,258,225,238,224,206,192,203,218,208,177,196,165,168,189,182,169,159,184,144,132,137,125,129,146,131,116,128,115,107,120,99,98,101,109,91,78,86,75,90,94,88,82,84,81,84,76,62,66,57,76,64,52,72,51,46,49,49,52,64,45,44,40,53,35,54,45,44,34,41,39,32,27,35,25,41,40,35,31,34,25,29,31,31,24,36,22,18,23,25,28,16,22,22,21,16,20,10,11,11,13,16,10,6,10,15,12,16,15,12,8,9,12,12,12,12,6,7,12,10,9,12,11,9,1,6,7,8,6,7,5,4,3,7,8,7,6,3,5,4,5,10,5,9,9,4,7,3,4,3,2,1,3,1,0,6,2,3,4,3,2,1,2,3,2,3,3,1,2,4,2,2,3,3,2,2,1,0,2,0,1,0,3,3,2,1,2,1,1,0,2,2,0,1,0,2,1,1,1,1,0,0,0,0,1,2,0,0,0,0,1,1,1,1,1,0,0,0,0,0,1,2,0,3,0,0,0,1,0,0,0,0,0,0,0,1,0,3,0,1,0,0,0,0,1,0,2,2,0,0,0,0,0,0,0,0,1,0,0,1,0,0,0,0,0,0,0,0,0,0,0,0,0,1,0,0,0,0,0,0,0,0,0,0,0,0,1,0,0,0,0,1,0,0,0,1,0,0,0,0,0,0,0,0,0,1,0,0,0,0,0,0,0,1,0,0,0,0,0,0,0,0,0,0,0,1,0,0,0,0,0,0,0,0,0,0,0,0,0,0,1,1,0,0,0,0,0,0,0,0,0,0,0,0,0,1,0,0,0,0,0,0,0,0,0,0,0,0,0,0,0,0,0,0,0,0,0,0,0,0,0,0,0,0,0,0,0,0,0,0,0,0,0,0,0,0,0,0,0,0,0,0,0,0,0,0,0,0,0,0,0,0,0,0,0,0,0,0,0,0,0,0,0,0,0,0,0,0,0,0,0,0,0,0,0,0,0,0,0,0,0,0,0,1,0,0,0,0,0,0,0,0,0,0,0,0,0,0,0,0,0,0,0,0,0,0,0,0,0,0,0,0,0,0,0,0,0,0,0,0,0,0,0,0,0,0,0,0,0,0,0,0,0,0,0,0,0,0,0,0,0,0,0,0,0,0,0,0,0,0,0,0,0,0,0,0,0,0,0,0,0,0,0,0,0,0,0,0,0,0,0,0,0,0,0,0,0,0,0,0,0,0,0,0,0,0,0,0,0,0,0,0,0,0,0,0,0,0,0,0,0,0,0,0,0,0,0,0,0,0,0,0,0,0,0,0,0,0,0,0,0,0,0,0,0,0,0,0,0,0,0,0,0,0,0,0,0,0,0,0,0,0,0,0,0,0,0,0,0,0,0,0,0,0,0,0,0,0,0,0,0,0,0,0,0,0,0,0,0,0,0,0,0,0,0,0,0,0,0,0,0,0,0,0,0,0,0,0,0,0,0,0,0,0,0,0,0,0,0,0,0,1,0,0,0,0,0,0,0,0,0,0,0,0,0,0,0,0,0,0,0,0,0,0,0,0,0,0,0,0,0,0,0,0,0,0,0,0,0,0,0,0,0,0,0,0,0,0,0,0,0,0,0,0,0,0,0,0,0,0,0,1,0,0,0,0,0,0,0,0,0,0,0,0,0,0,0,0,0,0,0,0,0,0,0,1,
30,0.001782,0.003603,0.224619,1.410571,0.923529,0.923528,-0.018062,-0.021645,19.835062,138.598862, , , ,7,1,3,3,2,5,2,3,0,5,5,2,2,1,2,4,1,2,3,1,1,2,1,1,3,2,1,2,2,1,2,1,1,3,1,2,3,4,3,2,2,3,0,2,4,3,2,1,5,3,1,3,2,4,1,2,2,6,3,5,2,3,2,5,3,4,2,1,3,3,5,5,3,1,1,2,1,6,1,1,2,2,4,2,4,0,2,0,2,5,4,2,2,0,2,1,2,3,1,5,0,6,0,1,2,3,2,3,4,4,1,3,5,3,2,1,3,2,5,2,0,3,1,4,4,4,0,3,1,3,3,1,2,5,2,1,3,2,5,0,4,2,0,2,3,1,2,3,3,3,1,2,2,1,7,2,2,4,2,0,3,4,2,1,6,1,2,2,2,2,1,3,2,3,3,1,4,3,1,2,4,1,3,0,3,4,2,2,5,5,3,1,1,7,3,1,2,1,2,5,1,2,2,4,3,1,4,6,1,2,1,1,1,1,3,4,4,4,2,4,1,1,1,1,3,3,3,1,1,3,3,2,1,4,1,0,2,3,1,0,3,1,3,4,3,4,1,2,0,1,2,6,3,1,2,0,3,2,0,2,3,1,1,2,1,5,1,1,0,3,2,3,1,1,3,1,2,1,4,2,1,3,3,0,2,1,0,1,0,2,0,0,1,1,0,0,4,1,3,2,1,2,2,2,0,1,1,0,1,2,1,0,1,1,1,0,1,4,2,1,0,3,0,3,1,3,2,3,4,0,1,1,0,2,1,3,2,1,3,0,0,2,0,3,2,0,1,3,2,2,2,0,1,5,1,2,2,0,0,0,2,1,1,0,0,1,0,2,0,3,2,1,2,2,1,0,4,1,1,2,1,2,0,2,0,0,0,1,3,1,3,1,2,2,0,0,0,2,2,1,2,1,1,3,1,0,0,0,2,1,2,1,1,1,0,0,1,1,0,0,0,0,0,1,1,0,2,2,2,0,1,1,2,1,0,2,0,1,0,2,2,0,0,1,1,1,0,0,2,0,2,0,0,2,0,0,1,0,1,0,1,1,0,0,0,1,1,1,0,0,1,1,0,3,0,0,1,1,0,3,1,0,1,0,1,2,1,0,1,0,0,1,0,3,0,1,1,1,3,0,2,0,0,0,0,0,0,0,2,0,1,1,1,1,1,0,0,1,1,1,0,0,1,0,0,0,0,2,0,0,1,2,1,0,1,1,1,0,1,1,0,0,2,1,1,1,0,1,0,1,1,0,1,0,1,0,0,0,1,0,0,0,0,0,0,0,0,0,1,1,0,2,1,0,1,1,1,0,1,0,2,0,0,0,1,0,2,0,1,0,2,0,1,1,1,0,0,0,1,0,0,0,0,1,0,0,0,0,0,0,0,0,0,0,0,0,0,0,1,0,0,1,0,0,1,0,0,0,1,1,1,0,0,0,0,0,0,0,0,0,1,0,0,1,1,0,0,0,0,0,1,0,1,1,0,1,0,0,0,0,0,0,0,0,1,0,0,0,1,1,1,1,0,0,0,1,0,0,0,0,0,0,0,0,0,0,0,0,0,1,0,0,0,0,1,1,1,0,0,0,1,0,0,0,0,0,0,1,0,0,0,0,0,0,1,0,0,0,0,0,0,0,0,0,0,0,0,0,0,0,0,1,0,0,1,0,0,1,0,0,0,0,0,0,0,0,0,0,0,0,0,0,0,0,0,0,1,0,0,0,0,0,0,0,0,0,0,0,0,0,0,0,0,0,1,1,0,0,0,0,1,0,0,0,0,0,0,0,0,0,0,0,0,0,0,0,0,1,0,1,0,0,0,0,0,0,0,1,0,0,0,0,0,0,0,0,0,0,0,0,0,0,0,0,0,0,0,0,0,0,0,0,0,0,0,0,1,0,0,0,0,0,0,0,0,0,0,0,1,0,0,0,0,0,0,0,0,0,0,0,0,0,0,0,1,0,0,0,0,0,0,0,0,0,0,0,0,0,0,0,0,0,0,0,0,0,0,0,0,0,0,0,0,0,0,0,0,0,0,0,0,0,0,0,0,0,0,1,0,1,0,0,0,0,0,1,0,1,0,0,0,0,0,0,0,0,0,0,0,0,0,0,0,0,0,0,0,0,0,0,0,0,0,0,0,0,0,0,0,0,0,0,0,0,0,0,0,0,0,0,0,0,0,0,0,0,0,0,0,0,0,0,0,0,0,0,0,0,0,0,0,0,0,0,0,0,0,0,0,0,0,0,0,0,0,0,0,0,0,1,
30,0.001748,0.006981,0.055333,3.736407,0.893506,0.886526,0.017451,0.020942,19.999752,143.255859, , , ,11013,11058,11067,11135,11229,11170,11240,11070,11125,10987,11003,10926,11063,10793,11095,10768,10732,10804,10881,10648,10699,10772,10586,10514,10452,10500,10327,10236,10265,10365,10255,10188,10071,10110,10721,9392,9823,9757,9665,9710,9349,9627,9374,9414,9120,9212,9204,9024,8746,8930,8875,8677,8790,8439,8442,8146,8213,8241,7988,7972,7816,7676,7530,7621,7569,7235,7145,7283,7034,8263,6084,6700,6593,6564,6532,6267,6153,6057,6191,5838,5966,5898,5719,5415,5438,5330,5304,5168,5160,5075,5003,4899,4828,4636,4490,4668,4563,4298,4219,4209,3981,3895,3879,3874,3725,3709,3588,3509,3406,3266,3264,3210,3165,3066,3035,2895,2885,2772,2721,2600,2676,2640,2525,2450,2326,2391,2362,2342,2210,2102,2107,2098,2053,1960,1909,1806,1951,1806,1790,2106,1227,1599,1591,1583,1489,1470,1478,1405,1316,1322,1247,1307,1210,1207,1144,1158,1080,1059,1078,1026,997,993,941,908,883,893,870,889,832,796,763,803,744,757,726,714,689,671,665,602,650,590,577,588,574,544,595,553,534,534,494,506,499,481,439,442,469,444,433,431,408,387,379,401,402,373,344,372,343,333,335,358,328,311,343,295,269,295,309,267,268,270,264,276,249,261,254,241,261,219,245,238,252,225,211,215,216,186,211,212,166,197,170,183,201,173,198,183,167,155,151,184,166,169,136,168,128,145,129,129,145,143,128,136,134,116,126,122,125,120,117,120,110,114,110,139,103,116,114,95,29,72,96,107,111,92,85,86,96,79,76,79,76,79,73,66,86,80,78,78,76,67,72,76,68,58,74,66,67,67,61,65,49,58,64,63,47,69,53,52,48,57,52,67,56,59,57,37,48,36,39,39,39,39,30,40,39,37,41,36,41,41,40,41,40,29,35,37,38,33,41,37,36,48,40,34,37,40,30,33,26,30,29,28,26,34,32,19,32,17,24,23,32,32,21,21,20,24,14,23,24,20,19,19,17,28,12,22,32,28,22,14,12,23,23,17,20,21,22,14,16,16,17,15,18,21,16,15,17,15,13,16,17,16,12,11,18,8,10,10,18,11,9,12,16,11,12,9,10,11,16,7,10,15,6,9,6,7,10,15,3,5,6,20,6,6,9,6,10,7,5,7,6,8,9,6,3,8,3,3,9,7,5,8,9,3,7,3,2,1,6,9,9,8,7,5,9,4,9,5,5,4,9,7,5,9,5,2,3,9,3,8,4,6,3,3,3,6,6,4,2,0,1,3,0,3,3,2,4,6,1,2,3,5,4,3,1,2,1,4,3,3,4,2,3,5,3,1,2,6,0,3,3,0,1,2,1,7,1,0,5,5,0,2,5,1,0,2,2,1,3,4,3,3,1,4,3,3,3,1,3,0,2,1,2,1,1,3,3,1,3,2,2,2,3,1,2,0,4,2,4,1,2,4,2,1,6,3,0,2,0,2,2,2,0,0,3,2,0,2,0,1,4,1,0,1,2,0,1,1,3,0,0,1,0,1,1,0,2,1,3,2,1,3,1,2,0,0,0,4,2,1,0,0,1,0,0,0,3,0,0,0,0,0,0,0,0,1,0,0,2,0,2,0,0,1,0,0,0,0,0,0,1,1,1,1,1,1,0,0,1,1,1,0,2,0,2,0,0,0,1,1,1,0,0,0,2,0,0,1,0,1,0,0,2,0,0,0,0,0,0,0,0,1,0,0,1,0,1,1,0,0,1,0,0,1,0,0,0,0,0,0,0,0,0,0,0,1,1,0,1,0,0,0,0,0,3,0,0,0,0,0,0,0,0,0,2,1,0,0,0,0,1,0,0,0,0,0,0,0,0,0,0,0,1,0,0,0,1,0,0,0,0,0,1,0,0,0,0,1,0,0,1,0,0,0,0,0,0,0,0,0,0,0,0,0,0,0,0,0,1,0,0,0,0,2,0,0,0,0,0,1,0,0,0,0,0,0,0,0,0,0,0,0,0,0,0,0,0,0,0,0,0,0,0,0,0,0,0,0,0,0,0,0,0,0,0,0,1,0,0,0,0,0,0,0,0,0,0,0,0,0,0,0,0,0,0,0,0,0,0,0,0,0,0,0,0,0,1,0,0,0,0,0,0,0,0,0,0,0,0,0,0,0,0,0,0,0,0,0,0,0,0,0,0,0,0,0,0,0,0,0,0,0,0,0,0,0,0,0,0,0,0,0,0,0,0,0,0,0,0,0,0,0,0,0,0,0,0,0,0,0,0,0,0,0,0,0,0,0,0,0,0,1,0,0,0,0,0,0,0,0,0,0,0,0,0,0,0,0,0,0,0,0,0,0,0,0,0,0,0,0,0,0,0,0,0,0,0,0,0,0,0,0,0,0,0,0,0,1,
