Rank,Function_Name,Operation_Type,Category,Score,Reasoning_Summary,Message_Structures,SMIDs_Identified
1,drivers/video/tegra/nvmap/nvmap_dmabuf.c:_nvmap_dmabuf_map_dma_buf,functions_by_file,AIARelevantFunction,90,"**AIARelevantFunction Score (90)**: The function `_nvmap_dmabuf_map_dma_buf` is heavily involved in managing DMA buffers, which is critical for AI Accelerator integration. It utilizes functions lik...",[struct dma_buf_attachment; struct nvmap_handle_info; struct sg_table; struct dma_buf],[dma_address; phys_addr; size; flags; vaddr; dma_buf; file descriptor]
2,nvgpu_vm_map_buffer,dma_operations,AIARelevantFunction,90,"**AIARelevantFunction Score (90)**: The function `nvgpu_vm_map_buffer` is heavily involved in managing memory mappings for a GPU, which is critical for AI Accelerator (AIA) operations. It utilizes ...",[vm_gk20a_mapping_batch],[dma_buf; u64 buffer_offset; u64 mapping_size; u64 *map_addr]
3,nvgpu_mm_pin,dma_operations,AIARelevantFunction,90,"**AIARelevantFunction (90%)**: The function `nvgpu_mm_pin` is heavily involved in memory management for DMA operations, which is critical for AI Accelerator (AIA) integration. It utilizes `dma_buf_...",[struct dma_buf; struct dma_buf_attachment; struct sg_table],[dma_address; user virtual address; physical address; DMA address]
4,drivers/gpu/nvgpu/os/linux/linux-dma.c:nvgpu_dma_alloc_flags_sys,functions_by_file,AIARelevantFunction,80,"**AIARelevantFunction Score (80)**: The function `nvgpu_dma_alloc_flags_sys` is involved in allocating DMA memory, which is critical for AI Accelerator (AIA) operations. It utilizes functions like ...",[nvgpu_mem; sg_table],[gpu_va; cpu_va; dma_address; iova; size]
5,drivers/video/tegra/nvmap/nvmap_alloc.c:alloc_handle_from_va,functions_by_file,AIARelevantFunction,80,**AIARelevantFunction Score (80)**: The function `alloc_handle_from_va` is involved in memory management that is relevant to AI Accelerator integration. It pins user pages to memory using `nvmap_ge...,None,vaddr; size; orig_size; heap_type
6,nvgpu_gpu_ioctl_register_buffer,dma_operations,AIARelevantFunction,80,**AIARelevantFunction Score (80)**: The function `nvgpu_gpu_ioctl_register_buffer` is involved in registering a buffer for use with an AI accelerator. It utilizes the `dma_buf_get` function to obta...,[struct nvgpu_gpu_register_buffer_args],[dmabuf_fd; metadata_addr; metadata_size]
7,nvgpu_vm_map_buffer,dma_operations,AIARelevantFunction,80,"**AIARelevantFunction Score (80)**: The function `nvgpu_vm_map_buffer` is involved in mapping a DMA buffer to a virtual address space, which is critical for enabling an AI Accelerator (AIA) to acce...",[vm_gk20a_mapping_batch],[dma_buf_fd; buffer_offset; mapping_size; *map_addr]
8,nvgpu_vm_map_buffer,dma_operations,AIARelevantFunction,80,"**AIARelevantFunction Score (80)**: The function `nvgpu_vm_map_buffer` is involved in mapping a DMA buffer to a virtual address space, which is critical for enabling the AI Accelerator (AIA) to acc...",[vm_gk20a_mapping_batch],[buffer_offset; mapping_size; *map_addr; dmabuf->size]
9,nvgpu_vm_map_buffer,dma_operations,AIARelevantFunction,80,"**AIARelevantFunction Score (80)**: The function `nvgpu_vm_map_buffer` is involved in mapping a DMA buffer to a virtual address space, which is critical for enabling an AI Accelerator (AIA) to acce...",[vm_gk20a_mapping_batch],[dma_buf_fd; buffer_offset; mapping_size; *map_addr]
10,nvgpu_vm_map_buffer,dma_operations,AIARelevantFunction,80,"**AIARelevantFunction Score (80%)**: The function `nvgpu_vm_map_buffer` is involved in mapping a DMA buffer to a virtual address space, which is critical for enabling an AI Accelerator (AIA) to acc...",[vm_gk20a_mapping_batch],[dma_buf_fd; buffer_offset; mapping_size; *map_addr]
11,nvgpu_vm_map_buffer,dma_operations,AIARelevantFunction,80,"**AIARelevantFunction Score (80)**: The function `nvgpu_vm_map_buffer` is involved in mapping a DMA buffer to a virtual address space, which is crucial for enabling the AI Accelerator (AIA) to acce...",[vm_gk20a_mapping_batch],[buffer_offset; mapping_size; *map_addr; dmabuf_fd]
12,nvgpu_vm_map_buffer,dma_operations,AIARelevantFunction,80,"**AIARelevantFunction Score (80)**: The function `nvgpu_vm_map_buffer` is involved in mapping a DMA buffer to a virtual address space, which is critical for enabling access to shared memory between...",[vm_gk20a_mapping_batch],[dma_buf_fd; buffer_offset; mapping_size; *map_addr]
13,nvgpu_mm_pin,dma_operations,AIARelevantFunction,80,"**AIARelevantFunction Score (80)**: The function `nvgpu_mm_pin` is involved in memory management related to DMA buffers, which is critical for AI Accelerator integration. It utilizes `dma_buf_attac...",None,None
14,nvgpu_mm_pin,dma_operations,AIARelevantFunction,80,"**AIARelevantFunction Score (80)**: The function `nvgpu_mm_pin` is involved in managing DMA buffers, which is critical for sharing memory with an AI Accelerator (AIA). It utilizes the `dma_buf_atta...",[struct dma_buf; struct dma_buf_attachment],[size; file; attachments; sg_table; dev; direction]
15,nvgpu_usermode_buf_from_dmabuf,dma_operations,AIARelevantFunction,80,"**AIARelevantFunction Score (80)**: The function `nvgpu_usermode_buf_from_dmabuf` is involved in managing DMA buffers, which are critical for sharing memory between the CPU and an AI Accelerator (A...",[struct nvgpu_usermode_buf_linux; struct nvgpu_mem; struct dma_buf; struct dma_buf_attachment; struct sg_table],[gpu_va; cpu_va; size; dmabuf; attachment; sgt]
16,nvgpu_os_channel_free_usermode_buffers,dma_operations,AIARelevantFunction,80,**AIARelevantFunction Score (80)**: The function `nvgpu_os_channel_free_usermode_buffers` is involved in managing user-mode buffers associated with a GPU channel. It interacts with DMA buffers thro...,[nvgpu_usermode_buf_linux; gpfifo_desc],[dma_buf; attachment; sgt; userd_iova; userd_mem]
17,user_copy:gk20a_channel_ioctl,user_copy_operations,AIARelevantFunction,80,"**AIARelevantFunction Score (80)**: The function `gk20a_channel_ioctl` interacts with various structures that manage GPU channels and their operations, which are relevant for AI Accelerator integra...",[nvgpu_channel_open_args; nvgpu_alloc_obj_ctx_args; nvgpu_channel_setup_bind_args; nvgpu_alloc_gpfifo_ex_args; nvgpu_submit_gpfifo_args; nvgpu_wait_args; nvgpu_set_error_notifier; nvgpu_set_timeout_args; nvgpu_set_timeout_ex_args; nvgpu_get_param_args],[chid; tsgid; userd_dmabuf_fd; gpfifo_dmabuf_fd; userd_dmabuf_offset; gpfifo_dmabuf_offset; obj_id]
18,user_copy:gk20a_ctrl_dev_ioctl,user_copy_operations,AIARelevantFunction,80,"**AIARelevantFunction Score (80)**: The function `gk20a_ctrl_dev_ioctl` is involved in handling various IOCTL commands that interact with the GPU, including memory management and configuration for ...",[nvgpu_gpu_zcull_get_ctx_size_args; nvgpu_gpu_zcull_get_info_args; nvgpu_gpu_zbc_set_table_args; nvgpu_gpu_zbc_query_table_args; nvgpu_gpu_get_characteristics; nvgpu_gpu_prepare_compressible_read_args; nvgpu_gpu_mark_compressible_write_args; nvgpu_alloc_as_args; nvgpu_gpu_open_tsg_args; nvgpu_gpu_get_tpc_masks_args; nvgpu_gpu_get_fbp_l2_masks_args; nvgpu_channel_open_args; nvgpu_gpu_l2_fb_args; nvgpu_gpu_mmu_debug_mode_args; nvgpu_gpu_sm_debug_mode_args],[handle; gpu_instance_id; gr_instance_id; va_range_start; va_range_end; va_range_split; syncpt_unit_base; syncpt_size; userd_iova]
19,user_copy:gk20a_as_dev_ioctl,user_copy_operations,AIARelevantFunction,80,**AIARelevantFunction Score (80)**: The function `gk20a_as_dev_ioctl` is involved in handling various IOCTL commands that interact with the AI Accelerator (AIA). It includes operations that allocat...,[nvgpu_as_bind_channel_args; nvgpu32_as_alloc_space_args; nvgpu_as_alloc_space_args; nvgpu_as_free_space_args; nvgpu_as_map_buffer_ex_args; nvgpu_as_unmap_buffer_args; nvgpu_as_get_va_regions_args; nvgpu_as_map_buffer_batch_args; nvgpu_as_get_sync_ro_map_args; nvgpu_as_mapping_modify_args; nvgpu_as_remap_args],[channel_fd; pages; page_size; flags; offset; buffer_offset; buffer_size; base_gpuva; num_syncpoints]
20,user_copy:gk20a_as_dev_ioctl,user_copy_operations,AIARelevantFunction,80,**AIARelevantFunction Score (80)**: The function `gk20a_as_dev_ioctl` is involved in managing memory operations that are relevant to the AI Accelerator (AIA). It handles various IOCTL commands that...,[nvgpu_as_alloc_space_args; nvgpu_as_free_space_args; nvgpu_as_map_buffer_ex_args; nvgpu_as_unmap_buffer_args; nvgpu_as_get_va_regions_args; nvgpu_as_map_buffer_batch_args; nvgpu_as_get_sync_ro_map_args; nvgpu_as_mapping_modify_args; nvgpu_as_remap_args],[offset; pages; page_size; buffer_offset; buffer_size; base_gpuva]
21,user_copy:nvgpu_gpu_ioctl_register_buffer,user_copy_operations,AIARelevantFunction,80,"**AIARelevantFunction Score (80)**: The function `nvgpu_gpu_ioctl_register_buffer` is involved in registering a buffer for use with the GPU, which includes handling metadata and DMA buffers. It use...",[struct nvgpu_gpu_register_buffer_args],[dmabuf_fd; metadata_addr; metadata_size; flags]
22,user_copy:nvmap_ioctl_create_from_va,user_copy_operations,AIARelevantFunction,80,"**AIARelevantFunction Score (80)**: The function `nvmap_ioctl_create_from_va` is involved in creating a handle from a virtual address, which is relevant for memory management in the context of an A...",[struct nvmap_create_handle_from_va],[va; size; flags; handle]
23,gk20a_channel_ioctl,ioctl_operations,AIARelevantFunction,80,**AIARelevantFunction Score (80)**: The function `gk20a_channel_ioctl` interacts with various structures that are relevant for managing channels in the context of GPU operations. It handles command...,[nvgpu_channel_open_args; nvgpu_alloc_obj_ctx_args; nvgpu_channel_setup_bind_args; nvgpu_alloc_gpfifo_ex_args; nvgpu_wait_args; nvgpu_set_error_notifier; nvgpu_set_timeout_args; nvgpu_set_timeout_ex_args; nvgpu_get_param_args],[chid; tsgid; userd_dmabuf_fd; gpfifo_dmabuf_fd; userd_iova; userd_offset]
24,gk20a_ioctl_channel_submit_gpfifo,ioctl_operations,AIARelevantFunction,80,"**AIARelevantFunction Score (80)**: The function `gk20a_ioctl_channel_submit_gpfifo` is involved in submitting a GPU FIFO command, which is closely related to the AI Accelerator's operations. It ha...",[nvgpu_submit_gpfifo_args; nvgpu_channel_fence; nvgpu_user_fence; nvgpu_gpfifo_userdata],[fence.id; fence.value; args.gpfifo; args.num_entries; args.flags]
25,gk20a_ctrl_dev_ioctl,ioctl_operations,AIARelevantFunction,80,**AIARelevantFunction Score (80)**: The function `gk20a_ctrl_dev_ioctl` interacts with various GPU operations that involve memory management and communication with the AI Accelerator (AIA). It hand...,[nvgpu_gpu_zcull_get_ctx_size_args; nvgpu_gpu_zcull_get_info_args; nvgpu_gpu_zbc_set_table_args; nvgpu_gpu_zbc_query_table_args; nvgpu_gpu_get_characteristics; nvgpu_gpu_prepare_compressible_read_args; nvgpu_gpu_mark_compressible_write_args; nvgpu_alloc_as_args; nvgpu_gpu_open_tsg_args; nvgpu_gpu_get_tpc_masks_args; nvgpu_gpu_get_fbp_l2_masks_args; nvgpu_channel_open_args; nvgpu_gpu_l2_fb_args; nvgpu_gpu_mmu_debug_mode_args; nvgpu_gpu_sm_debug_mode_args],[handle; offset; va_range_start; va_range_end; va_range_split; zbc_color; tsg_fd; mask_buf_addr; syncpt_unit_base; syncpt_size]
26,gk20a_as_dev_ioctl,ioctl_operations,AIARelevantFunction,80,**AIARelevantFunction Score (80%)**: The function `gk20a_as_dev_ioctl` interacts with various memory management operations that are relevant for an AI Accelerator (AIA). It includes operations that...,[nvgpu_as_bind_channel_args; nvgpu32_as_alloc_space_args; nvgpu_as_alloc_space_args; nvgpu_as_free_space_args; nvgpu_as_map_buffer_ex_args; nvgpu_as_unmap_buffer_args; nvgpu_as_get_va_regions_args; nvgpu_as_map_buffer_batch_args; nvgpu_as_get_sync_ro_map_args; nvgpu_as_mapping_modify_args; nvgpu_as_remap_args],[channel_fd; pages; page_size; flags; buffer_offset; mapping_size; offset; base_gpuva; sync_size; num_syncpoints]
27,nvmap_ioctl_create_from_va,ioctl_operations,AIARelevantFunction,80,"**AIARelevantFunction Score (80)**: The function `nvmap_ioctl_create_from_va` is involved in creating a handle from a virtual address, which is a critical operation for managing shared memory betwe...",[nvmap_create_handle_from_va],[handle; fd; va; size; flags]
28,drivers/gpu/nvgpu/os/linux/linux-dma.c:nvgpu_dma_alloc_no_iommu,functions_by_file,AIARelevantFunction,70,"**AIARelevantFunction Score (70)**: The function `nvgpu_dma_alloc_no_iommu` is involved in memory allocation that could be relevant for an AI Accelerator (AIA) context, particularly in the manageme...",None,None
29,drivers/gpu/nvgpu/os/linux/linux-dma.c:nvgpu_get_sgtable_from_pages,functions_by_file,AIARelevantFunction,70,**AIARelevantFunction Score (70%)**: The function `nvgpu_get_sgtable_from_pages` is involved in managing memory for an AI Accelerator (AIA) by allocating a scatter-gather table (`sg_table`) from us...,None,None
30,drivers/video/tegra/nvmap/nvmap_alloc.c:handle_page_alloc,functions_by_file,AIARelevantFunction,70,"**AIARelevantFunction (70%)**: The function `handle_page_alloc` is responsible for allocating memory pages for a client, which is relevant for AI Accelerator integration as it manages memory that c...",[struct nvmap_handle; struct nvmap_client],[size; pages; vaddr; dma_buf; dma_buf_ro]
31,__dma_buf_export,dma_operations,AIARelevantFunction,70,"**AIARelevantFunction (70%)**: The function `__dma_buf_export` is involved in exporting a DMA buffer, which is relevant for AI Accelerator integration as it deals with memory management and buffer ...",[dma_buf_export_info; nvmap_handle_info],[phys_addr_t; dma_buf*; nvmap_handle*; size_t]
32,nvmap_handle_get_from_id,dma_operations,AIARelevantFunction,70,"**AIARelevantFunction Score (70)**: The function `nvmap_handle_get_from_id` interacts with DMA buffers, which are crucial for memory management in AI Accelerator contexts. It retrieves a `dma_buf` ...",[struct nvmap_handle_info; struct nvmap_handle; struct dma_buf],[dma_buf; nvmap_handle; nvmap_client]
33,nvmap_handle_get_from_id,dma_operations,AIARelevantFunction,70,"**AIARelevantFunction Score (70%)**: The function `nvmap_handle_get_from_id` interacts with DMA buffers, which are crucial for memory sharing between the CPU and AI Accelerators (AIA). It uses `dma...",[nvmap_handle_info; dma_buf],[dma_buf; nvmap_handle; nvmap_client]
34,nvgpu_gpu_ioctl_register_buffer,dma_operations,AIARelevantFunction,70,"**AIARelevantFunction Score (70)**: The function `nvgpu_gpu_ioctl_register_buffer` is involved in registering a buffer for use with the GPU, which includes handling DMA buffers. It utilizes the `dm...",[struct nvgpu_gpu_register_buffer_args],[dmabuf_fd; metadata_addr; metadata_size]
35,nvgpu_os_channel_free_usermode_buffers,dma_operations,AIARelevantFunction,70,**AIARelevantFunction Score (70)**: The function `nvgpu_os_channel_free_usermode_buffers` is involved in managing user-mode buffers associated with a GPU channel. It interacts with DMA buffers thro...,[nvgpu_usermode_buf_linux; gpfifo_desc],[dmabuf; attachment; sgt]
36,user_copy:gk20a_channel_ioctl,user_copy_operations,AIARelevantFunction,70,"**AIARelevantFunction Score (70)**: The function `gk20a_channel_ioctl` interacts with various structures that manage GPU channels and their operations, which can involve shared memory management. I...",[nvgpu_alloc_obj_ctx_args; nvgpu_channel_setup_bind_args; nvgpu_alloc_gpfifo_ex_args; nvgpu_wait_args; nvgpu_set_error_notifier; nvgpu_set_timeout_args; nvgpu_set_timeout_ex_args; nvgpu_get_param_args],[userd_dmabuf_fd; gpfifo_dmabuf_fd; userd_dmabuf_offset; gpfifo_dmabuf_offset; obj_id]
37,user_copy:gk20a_as_ioctl_get_va_regions,user_copy_operations,AIARelevantFunction,70,"**AIARelevantFunction Score (70)**: The function `gk20a_as_ioctl_get_va_regions` is involved in managing virtual address regions, which is relevant for AI Accelerator (AIA) operations. It interacts...",[struct nvgpu_as_get_va_regions_args; struct nvgpu_as_va_region],[buf_addr; buf_size; offset; pages]
38,user_copy:nvmap_ioctl_create,user_copy_operations,AIARelevantFunction,70,"**AIARelevantFunction Score (70)**: The function `nvmap_ioctl_create` is involved in creating a handle for shared memory, which is relevant for AI Accelerator integration. It interacts with DMA buf...",[nvmap_create_handle],[handle; fd; size; orig_size; dma_buf]
39,user_copy:nvmap_ioctl_create,user_copy_operations,AIARelevantFunction,70,"**AIARelevantFunction Score (70)**: The function `nvmap_ioctl_create` is involved in memory management and buffer handling, which is relevant for AI Accelerator integration. It creates a handle for...",[nvmap_create_handle],[handle; handle64; fd; size; orig_size; vaddr; dma_buf]
40,user_copy:nvmap_ioctl_alloc,user_copy_operations,AIARelevantFunction,70,"**AIARelevantFunction (70%)**: The function `nvmap_ioctl_alloc` is involved in memory allocation for an AI accelerator, specifically through the use of the `nvmap_alloc_handle` structure. It checks...",[struct nvmap_alloc_handle],[handle; heap_mask; flags; align; size; vaddr]
41,user_copy:nvmap_install_fd,user_copy_operations,AIARelevantFunction,70,"**AIARelevantFunction Score (70)**: The function `nvmap_install_fd` interacts with a `dma_buf`, which is a critical structure for managing shared memory between the CPU and an AI Accelerator (AIA)....",[nvmap_handle_info; dma_buf],[file descriptor (fd); dma_buf; nvmap_handle]
42,user_copy:nvgpu_ioctl_tsg_dev_ioctl,user_copy_operations,AIARelevantFunction,70,"**AIARelevantFunction Score (70)**: The function `nvgpu_ioctl_tsg_dev_ioctl` interacts with various aspects of the GPU's task scheduling and management, which can involve shared memory operations r...",[nvgpu_tsg_bind_channel_ex_args; nvgpu_event_id_ctrl_args; nvgpu_runlist_interleave_args; nvgpu_timeslice_args; nvgpu_tsg_read_single_sm_error_state_args; nvgpu_tsg_l2_max_ways_evict_last_args; nvgpu_tsg_set_l2_sector_promotion_args],[channel_fd; event_id; event_fd; timeslice_us; max_ways; promotion_flag; record_mem]
43,user_copy:nvmap_ioctl_create_from_va,user_copy_operations,AIARelevantFunction,70,"**AIARelevantFunction Score (70)**: The function `nvmap_ioctl_create_from_va` interacts with shared memory through the `nvmap_create_handle_from_va` structure, which contains fields like `va` (virt...",[struct nvmap_create_handle_from_va],[op.va; op.size; op.flags; op.handle]
44,nvmap_ioctl,ioctl_operations,AIARelevantFunction,70,"**AIARelevantFunction Score (70)**: The function `nvmap_ioctl` is involved in handling various IOCTL commands related to memory management, which can include operations relevant to AI Accelerators ...",[struct nvmap_rw_handle; struct nvmap_cache_op; struct nvmap_cache_op_32; struct nvmap_cache_op_64],[addr; handle]
45,gk20a_as_ioctl_alloc_space,ioctl_operations,AIARelevantFunction,70,"**AIARelevantFunction Score (70)**: The function `gk20a_as_ioctl_alloc_space` is responsible for allocating space in the GPU's address space, which is relevant for AI Accelerator integration. It ut...",[struct nvgpu_as_alloc_space_args],[pages; page_size; flags]
46,nvmap_ioctl_create,ioctl_operations,AIARelevantFunction,70,"**AIARelevantFunction (70%)**: The function `nvmap_ioctl_create` is involved in creating a handle for shared memory, which is relevant for AI Accelerator integration. It utilizes `dma_buf` structur...",[nvmap_create_handle],[handle; handle64; fd]
47,nvmap_ioctl_alloc,ioctl_operations,AIARelevantFunction,70,"**AIARelevantFunction (70%)**: The function `nvmap_ioctl_alloc` is involved in memory allocation for an AI accelerator, as it handles the allocation of memory buffers that can be shared with the ac...",[nvmap_alloc_handle],[handle; heap_mask; flags; align]
48,nvgpu_gpu_ioctl_register_buffer,ioctl_operations,AIARelevantFunction,70,"**AIARelevantFunction Score (70)**: The function `nvgpu_gpu_ioctl_register_buffer` interacts with a DMA buffer, which is relevant for AI Accelerator integration. It uses `dma_buf_get` to retrieve a...",[struct nvgpu_gpu_register_buffer_args],[dmabuf_fd; metadata_addr; metadata_size]
49,gk20a_as_ioctl_map_buffer_ex,ioctl_operations,AIARelevantFunction,70,**AIARelevantFunction Score (70%)**: The function `gk20a_as_ioctl_map_buffer_ex` is involved in mapping a buffer for the AI Accelerator (AIA) by utilizing the `nvgpu_vm_map_buffer` function. This i...,[nvgpu_as_map_buffer_ex_args],[dmabuf_fd; buffer_offset; mapping_size; offset]
50,nvgpu_ioctl_tsg_dev_ioctl,ioctl_operations,AIARelevantFunction,70,"**AIARelevantFunction Score (70)**: The function `nvgpu_ioctl_tsg_dev_ioctl` interacts with various aspects of the GPU's task scheduling and channel binding, which are relevant for AI Accelerator i...",[nvgpu_tsg_bind_channel_ex_args; nvgpu_tsg_bind_scheduling_domain_args; nvgpu_runlist_interleave_args; nvgpu_timeslice_args; nvgpu_tsg_read_single_sm_error_state_args; nvgpu_tsg_l2_max_ways_evict_last_args; nvgpu_tsg_set_l2_sector_promotion_args],[channel_fd; domain_fd; timeslice_us; max_ways; promotion_flag]
51,nvmap_handle_get_from_id,dma_operations,AIARelevantFunction,60,"**AIARelevantFunction (60%)**: The function `nvmap_handle_get_from_id` interacts with DMA buffers, which are crucial for memory management in AI Accelerator contexts. It uses `dma_buf_get` and `dma...",[nvmap_handle_info; dma_buf],[dma_buf; nvmap_handle; nvmap_client]
52,nvmap_handle_get_from_id,dma_operations,AIARelevantFunction,60,"**AIARelevantFunction Score (60)**: The function `nvmap_handle_get_from_id` interacts with DMA buffers, which are often used in AI Accelerator contexts for memory management. It retrieves a `dma_bu...",[nvmap_handle_info; dma_buf],[dma_buf*; nvmap_handle*; nvmap_client*]
53,drivers/video/tegra/nvmap/nvmap_dmabuf.c:_nvmap_dmabuf_unmap_dma_buf,functions_by_file,AIARelevantFunction,40,"**AIARelevantFunction Score (40)**: The function `_nvmap_dmabuf_unmap_dma_buf` deals with unmapping a DMA buffer, which is relevant to memory management between the CPU and an AI Accelerator (AIA)....",[struct dma_buf_attachment; struct sg_table; struct nvmap_handle_info],[dma_buf; device; dma_addr_t; nvmap_handle; heap_type]
54,nvgpu_dma_free_sys,dma_operations,AIARelevantFunction,20,**AIARelevantFunction (20%)**: The function `nvgpu_dma_free_sys` primarily deals with freeing DMA memory allocated for the GPU. While it does manage memory that could be relevant for an AI Accelera...,[nvgpu_mem; sg_table],[gpu_va; cpu_va; aligned_size; size; dma_address]
55,drivers/gpu/nvgpu/os/linux/linux-dma.c:nvgpu_iommuable,functions_by_file,AIARelevantFunction,0,**AIARelevantFunction Score (0%)**: The function `nvgpu_iommuable` does not perform any operations related to shared memory management or interactions with an AI Accelerator (AIA). It primarily che...,None,None
56,drivers/gpu/nvgpu/os/linux/linux-dma.c:nvgpu_dma_free_sys,functions_by_file,AIARelevantFunction,0,**AIARelevantFunction Score (0%)**: The function `nvgpu_dma_free_sys` is primarily focused on freeing system memory allocated for the GPU and does not involve any operations that directly relate to...,None,None
57,drivers/gpu/nvgpu/os/linux/linux-dma.c:nvgpu_dma_free_no_iommu,functions_by_file,AIARelevantFunction,0,**AIARelevantFunction Score (0)**: The function `nvgpu_dma_free_no_iommu` is primarily focused on freeing DMA memory allocated without IOMMU support. It does not involve any operations related to s...,None,None
58,drivers/gpu/nvgpu/os/linux/linux-dma.c:nvgpu_free_sgtable,functions_by_file,AIARelevantFunction,0,**AIARelevantFunction Score (0)**: The function `nvgpu_free_sgtable` does not involve any operations related to sharing memory with an AI Accelerator (AIA). It primarily deals with freeing a scatte...,None,None
59,drivers/gpu/nvgpu/os/linux/linux-dma.c:nvgpu_dma_flags_to_attrs,functions_by_file,AIARelevantFunction,0,**AIARelevantFunction Score (0%)**: The function `nvgpu_dma_flags_to_attrs` does not interact with shared memory or AI Accelerator (AIA) specific memory management patterns. It primarily translates...,None,None
60,drivers/gpu/nvgpu/os/linux/platform_gk20a_tegra.c:gk20a_tegra_idle,functions_by_file,AIARelevantFunction,0,**AIARelevantFunction Score (0)**: The function `gk20a_tegra_idle` does not involve any operations related to shared memory management or interactions with an AI Accelerator (AIA). It primarily foc...,None,None
61,drivers/gpu/nvgpu/os/linux/platform_gk20a_tegra.c:gk20a_tegra_busy,functions_by_file,AIARelevantFunction,0,**AIARelevantFunction Score (0%)**: The function `gk20a_tegra_busy` does not interact with shared memory or perform any operations related to an AI Accelerator (AIA). It primarily checks if the `nv...,None,None
62,drivers/video/tegra/nvmap/nvmap_dmabuf.c:dmabuf_is_nvmap,functions_by_file,AIARelevantFunction,0,**AIARelevantFunction Score (0)**: The function `dmabuf_is_nvmap` does not involve any operations related to shared memory (SMem) with an AI Accelerator (AIA). It simply checks if the `exp_name` fi...,None,None
63,drivers/video/tegra/nvmap/nvmap_dmabuf.c:nvmap_get_dmabuf_fd,functions_by_file,AIARelevantFunction,0,**AIARelevantFunction Score (0%)**: The function `nvmap_get_dmabuf_fd` does not directly interact with an AI Accelerator (AIA) or perform operations related to shared memory management that would t...,None,None
64,drivers/video/tegra/nvmap/nvmap_dmabuf.c:nvmap_dmabuf_attach,functions_by_file,AIARelevantFunction,0,**AIARelevantFunction Score (0)**: The function `nvmap_dmabuf_attach` does not directly involve any operations related to sharing memory with an AI Accelerator (AIA). It simply calls another functi...,None,None
65,drivers/video/tegra/nvmap/nvmap_dmabuf.c:nvmap_dmabuf_mmap,functions_by_file,AIARelevantFunction,0,**AIARelevantFunction Score (0%)**: The function `nvmap_dmabuf_mmap` does not involve any operations that directly relate to sharing memory with an AI Accelerator (AIA). It primarily deals with mem...,None,None
66,drivers/video/tegra/nvmap/nvmap_dmabuf.c:nvmap_dmabuf_vmap,functions_by_file,AIARelevantFunction,0,**AIARelevantFunction Score (0)**: The function `nvmap_dmabuf_vmap` does not interact with an AI Accelerator (AIA) or perform any operations related to shared memory management that would typically...,None,None
67,drivers/video/tegra/nvmap/nvmap_dmabuf.c:nvmap_dmabuf_get_drv_data,functions_by_file,AIARelevantFunction,0,**AIARelevantFunction Score (0)**: The function `nvmap_dmabuf_get_drv_data` does not interact with an AI Accelerator (AIA) or perform any operations related to shared memory management that would t...,None,None
68,drivers/video/tegra/nvmap/nvmap_dmabuf.c:nvmap_dmabuf_detach,functions_by_file,AIARelevantFunction,0,**AIARelevantFunction Score (0)**: The function `nvmap_dmabuf_detach` does not involve any operations related to sharing memory with an AI Accelerator (AIA). It primarily handles the detachment of ...,None,None
69,drivers/video/tegra/nvmap/nvmap_dmabuf.c:nvmap_dmabuf_release,functions_by_file,AIARelevantFunction,0,**AIARelevantFunction Score (0)**: The function `nvmap_dmabuf_release` does not involve any operations related to sharing memory with an AI Accelerator (AIA). It primarily focuses on releasing a DM...,None,None
70,drivers/video/tegra/nvmap/nvmap_dmabuf.c:nvmap_dmabuf_vunmap,functions_by_file,AIARelevantFunction,0,**AIARelevantFunction Score (0)**: The function `nvmap_dmabuf_vunmap` does not involve any operations that directly relate to sharing memory with an AI Accelerator (AIA). It primarily deals with un...,None,None
71,drivers/video/tegra/nvmap/nvmap_alloc.c:nvmap_alloc_handle,functions_by_file,AIARelevantFunction,0,**AIARelevantFunction Score (0)**: The function `nvmap_alloc_handle` does not directly interact with an AI Accelerator (AIA) or shared memory (SMem) management for an AIA. It primarily focuses on a...,None,None
72,drivers/video/tegra/nvmap/nvmap_alloc.c:alloc_handle,functions_by_file,AIARelevantFunction,0,**AIARelevantFunction Score (0%)**: The function `alloc_handle` does not interact with an AI Accelerator (AIA) or shared memory (SMem) directly. It primarily focuses on allocating memory handles fo...,None,None
73,drivers/video/tegra/nvmap/nvmap_alloc.c:nvmap_altalloc,functions_by_file,AIARelevantFunction,0,**AIARelevantFunction Score (0)**: The function `nvmap_altalloc` does not interact with any AI Accelerator (AIA) relevant operations. It is primarily focused on memory allocation using `vzalloc` an...,None,None
74,drivers/video/tegra/nvmap/nvmap_alloc.c:nvmap_alloc_pages_exact,functions_by_file,AIARelevantFunction,0,"**AIARelevantFunction Score (0)**: The function `nvmap_alloc_pages_exact` is primarily focused on memory allocation using the `alloc_pages` function, which is part of the Linux kernel's memory mana...",None,None
75,drivers/video/tegra/nvmap/nvmap_alloc.c:is_nvmap_id_ro,functions_by_file,AIARelevantFunction,0,**AIARelevantFunction Score (0%)**: The function `is_nvmap_id_ro` does not interact with an AI Accelerator (AIA) or shared memory management relevant to AIA operations. It primarily deals with chec...,None,None
76,drivers/video/tegra/nvmap/nvmap_alloc.c:nvmap_altfree,functions_by_file,AIARelevantFunction,0,**AIARelevantFunction Score (0)**: The function `nvmap_altfree` does not interact with any AI Accelerator (AIA) relevant operations. It is primarily concerned with freeing memory based on the size ...,None,None
77,drivers/video/tegra/nvmap/nvmap_alloc.c:nvmap_alloc_handle_from_va,functions_by_file,AIARelevantFunction,0,**AIARelevantFunction Score (0)**: The function `nvmap_alloc_handle_from_va` does not interact with an AI Accelerator (AIA) or shared memory management patterns that are typical for AIA integration...,None,None
78,drivers/video/tegra/nvmap/nvmap_alloc.c:nvmap_free_handle_from_fd,functions_by_file,AIARelevantFunction,0,**AIARelevantFunction Score (0)**: The function `nvmap_free_handle_from_fd` does not interact with an AI Accelerator (AIA) or shared memory management relevant to AIA operations. It primarily deals...,None,None
79,drivers/video/tegra/nvmap/nvmap_alloc.c:nvmap_free_handle,functions_by_file,AIARelevantFunction,0,**AIARelevantFunction Score (0%)**: The function `nvmap_free_handle` does not interact with an AI Accelerator (AIA) or shared memory (SMem) directly. It primarily deals with freeing a handle associ...,None,None
80,drivers/video/tegra/nvmap/nvmap_alloc.c:_nvmap_handle_free,functions_by_file,AIARelevantFunction,0,**AIARelevantFunction Score (0%)**: The function `_nvmap_handle_free` does not interact with an AI Accelerator (AIA) or shared memory (SMem) directly. It primarily deals with freeing resources asso...,None,None
81,drivers/video/tegra/nvmap/nvmap_alloc.c:nvmap_heap_pgfree,functions_by_file,AIARelevantFunction,0,**AIARelevantFunction Score (0%)**: The function `nvmap_heap_pgfree` does not involve any operations related to sharing memory with an AI Accelerator (AIA). It primarily focuses on freeing DMA memo...,None,None
82,drivers/video/tegra/nvmap/nvmap_alloc.c:nvmap_heap_pgalloc_dev,functions_by_file,AIARelevantFunction,0,**AIARelevantFunction Score (0%)**: The function `nvmap_heap_pgalloc_dev` does not involve any operations related to shared memory (SMem) with an AI Accelerator (AIA). It primarily focuses on alloc...,None,None
83,is_nvmap_id_ro,dma_operations,AIARelevantFunction,0,**AIARelevantFunction Score (0%)**: The function `is_nvmap_id_ro` does not interact with an AI Accelerator (AIA) or shared memory (SMem) management. It primarily deals with checking if a given NVMA...,None,None
84,nvmap_get_dmabuf_fd,dma_operations,AIARelevantFunction,0,**AIARelevantFunction Score (0%)**: The function `nvmap_get_dmabuf_fd` does not directly interact with an AI Accelerator (AIA) or manage shared memory in a way that would typically be associated wi...,[struct nvmap_handle; struct dma_buf],[fd; size; vaddr; dma_buf; file]
85,nvmap_ioctl_getfd,dma_operations,AIARelevantFunction,0,**AIARelevantFunction Score (0%)**: The function `nvmap_ioctl_getfd` does not directly interact with an AI Accelerator (AIA) or shared memory management patterns typically associated with AIA integ...,[nvmap_create_handle],[handle; fd]
86,gk20a_init_error_notifier,dma_operations,AIARelevantFunction,0,**AIARelevantFunction Score (0%)**: The function `gk20a_init_error_notifier` does not directly involve sharing memory with an AI Accelerator (AIA). It primarily deals with initializing an error not...,[struct nvgpu_set_error_notifier; struct nvgpu_notification],[mem; offset; size]
87,gk20a_channel_free_error_notifiers,dma_operations,AIARelevantFunction,0,**AIARelevantFunction Score (0%)**: The function `gk20a_channel_free_error_notifiers` does not interact with an AI Accelerator (AIA) or shared memory management relevant to AIA operations. It prima...,None,None
88,gk20a_init_error_notifier,dma_operations,AIARelevantFunction,0,**AIARelevantFunction Score (0)**: The function `gk20a_init_error_notifier` does not directly interact with an AI Accelerator (AIA) or manage shared memory (SMem) in a way that would qualify it as ...,[struct nvgpu_set_error_notifier; struct nvgpu_notification],[mem; offset; size]
89,gk20a_init_error_notifier,dma_operations,AIARelevantFunction,0,**AIARelevantFunction Score (0)**: The function `gk20a_init_error_notifier` does not directly involve sharing memory with an AI Accelerator (AIA). It primarily deals with initializing an error noti...,[struct nvgpu_set_error_notifier; struct nvgpu_notification],[args->mem; priv->error_notifier.notification; priv->error_notifier.vaddr]
90,nvgpu_mm_unpin,dma_operations,AIARelevantFunction,0,**AIARelevantFunction Score (0)**: The function `nvgpu_mm_unpin` does not involve any operations that directly relate to sharing memory with an AI Accelerator (AIA). It primarily deals with unpinni...,None,None
91,nvgpu_mm_unpin,dma_operations,AIARelevantFunction,0,**AIARelevantFunction Score (0)**: The function `nvgpu_mm_unpin` does not involve any operations that directly relate to sharing memory with an AI Accelerator (AIA). It primarily deals with unmappi...,None,None
92,nvgpu_vm_unmap_system,dma_operations,AIARelevantFunction,0,**AIARelevantFunction Score (0%)**: The function `nvgpu_vm_unmap_system` does not involve any operations that directly relate to sharing memory with an AI Accelerator (AIA). It primarily deals with...,None,None
93,nvmap_free_handle,dma_operations,AIARelevantFunction,0,**AIARelevantFunction Score (0)**: The function `nvmap_free_handle` does not interact with an AI Accelerator (AIA) or shared memory (SMem) management directly. It primarily deals with freeing a han...,None,None
94,nvmap_free_handle,dma_operations,AIARelevantFunction,0,**AIARelevantFunction Score (0%)**: The function `nvmap_free_handle` does not interact with an AI Accelerator (AIA) or shared memory (SMem) in a way that would qualify it as an AIA relevant functio...,None,None
95,nvmap_ioctl_free,dma_operations,AIARelevantFunction,0,**AIARelevantFunction Score (0)**: The function `nvmap_ioctl_free` does not directly involve any operations related to sharing memory with an AI Accelerator (AIA). It primarily deals with freeing a...,[None identified],[None identified]
96,nvmap_ioctl_free,dma_operations,AIARelevantFunction,0,**AIARelevantFunction Score (0%)**: The function `nvmap_ioctl_free` does not directly interact with an AI Accelerator (AIA) or manage shared memory (SMem) relevant to an AIA. It primarily deals wit...,[struct nvmap_client; struct dma_buf],[file descriptor (fd); dma_buf]
97,destroy_client,dma_operations,AIARelevantFunction,0,**AIARelevantFunction Score (0)**: The function `destroy_client` does not interact with any AI Accelerator (AIA) relevant functions or shared memory management patterns that would typically involve...,None,None
98,destroy_client,dma_operations,AIARelevantFunction,0,**AIARelevantFunction Score (0)**: The function `destroy_client` does not involve any operations related to sharing memory with an AI Accelerator (AIA). It primarily focuses on cleaning up resource...,None,None
99,user_copy:nvgpu_channel_copy_user_gpfifo,user_copy_operations,AIARelevantFunction,0,**AIARelevantFunction Score (0)**: The function `nvgpu_channel_copy_user_gpfifo` does not directly interact with an AI Accelerator (AIA) or perform operations that would typically be associated wit...,[struct nvgpu_gpfifo_userdata],[None identified]
100,user_copy:nvmap_ioctl_get_available_heaps,user_copy_operations,AIARelevantFunction,0,"**AIARelevantFunction Score (0)**: The function `nvmap_ioctl_get_available_heaps` does not directly interact with an AI Accelerator (AIA) or perform operations related to shared memory management, ...",[struct nvmap_available_heaps],[None identified]
101,user_copy:gk20a_power_write,user_copy_operations,AIARelevantFunction,0,**AIARelevantFunction Score (0)**: The function `gk20a_power_write` does not involve any operations related to shared memory (SMem) with an AI Accelerator (AIA). It primarily handles power manageme...,None,None
102,user_copy:gk20a_ctrl_ioctl_gpu_characteristics,user_copy_operations,AIARelevantFunction,0,**AIARelevantFunction Score (0)**: The function `gk20a_ctrl_ioctl_gpu_characteristics` does not directly involve sharing memory with an AI Accelerator (AIA). It primarily retrieves GPU characterist...,[struct nvgpu_gpu_get_characteristics],[gpu_characteristics_buf_addr; gpu_characteristics_buf_size]
103,user_copy:gk20a_ctrl_dev_ioctl,user_copy_operations,AIARelevantFunction,0,**AIARelevantFunction Score (0%)**: The function `gk20a_ctrl_dev_ioctl` does not directly interact with an AI Accelerator (AIA) or manage shared memory (SMem) for an AIA. It primarily serves as an ...,[nvgpu_gpu_zcull_get_ctx_size_args; nvgpu_gpu_zcull_get_info_args; nvgpu_gpu_zbc_set_table_args; nvgpu_gpu_zbc_query_table_args; nvgpu_gpu_get_characteristics; nvgpu_gpu_prepare_compressible_read_args; nvgpu_gpu_mark_compressible_write_args; nvgpu_alloc_as_args; nvgpu_gpu_open_tsg_args; nvgpu_gpu_get_tpc_masks_args; nvgpu_gpu_get_fbp_l2_masks_args; nvgpu_channel_open_args; nvgpu_gpu_l2_fb_args; nvgpu_gpu_mmu_debug_mode_args; nvgpu_gpu_sm_debug_mode_args],[as_fd; va_range_start; va_range_end; va_range_split; gpu_characteristics_buf_addr; handle; offset; zbc_color]
104,user_copy:gk20a_ctrl_get_tpc_masks,user_copy_operations,AIARelevantFunction,0,**AIARelevantFunction Score (0)**: The function `gk20a_ctrl_get_tpc_masks` does not interact with an AI Accelerator (AIA) directly. It primarily handles user space requests to copy TPC (Texture Pro...,struct nvgpu_gpu_get_tpc_masks_args,mask_buf_addr
105,user_copy:gk20a_ctrl_get_fbp_l2_masks,user_copy_operations,AIARelevantFunction,0,**AIARelevantFunction Score (0)**: The function `gk20a_ctrl_get_fbp_l2_masks` does not interact with an AI Accelerator (AIA) or shared memory in a manner typical of AIA-related functions. It primar...,[struct nvgpu_gpu_get_fbp_l2_masks_args],[mask_buf_addr]
106,user_copy:gk20a_ctrl_vsm_mapping,user_copy_operations,AIARelevantFunction,0,**AIARelevantFunction Score (0)**: The function `gk20a_ctrl_vsm_mapping` does not directly involve sharing memory with an AI Accelerator (AIA). It primarily allocates and populates a buffer with GP...,[struct nvgpu_gpu_vsms_mapping],[vsms_map_buf_addr]
107,user_copy:nvgpu_gpu_get_engine_info,user_copy_operations,AIARelevantFunction,0,"**AIARelevantFunction Score (0)**: The function `nvgpu_gpu_get_engine_info` does not interact with an AI Accelerator (AIA) or perform any operations related to shared memory management, DMA, or mem...",[struct nvgpu_gpu_get_engine_info_args; struct nvgpu_gpu_get_engine_info_item],[engine_info_buf_addr]
108,user_copy:nvgpu_gpu_clk_get_range,user_copy_operations,AIARelevantFunction,0,**AIARelevantFunction Score (0%)**: The function `nvgpu_gpu_clk_get_range` does not interact with an AI Accelerator (AIA) directly. It primarily deals with GPU clock range retrieval and does not in...,[struct nvgpu_gpu_clk_range_args; struct nvgpu_gpu_clk_range],[clk_range_entries; min_hz; max_hz]
109,user_copy:nvmap_ioctl_query_heap_params,user_copy_operations,AIARelevantFunction,0,**AIARelevantFunction Score (0)**: The function `nvmap_ioctl_query_heap_params` does not directly interact with an AI Accelerator (AIA) or manage shared memory (SMem) in a way that would be relevan...,[struct nvmap_query_heap_params],[heap_mask; total; free; largest_free_block]
110,user_copy:nvmap_ioctl_query_heap_params,user_copy_operations,AIARelevantFunction,0,**AIARelevantFunction Score (0)**: The function `nvmap_ioctl_query_heap_params` does not directly interact with an AI Accelerator (AIA) or perform operations related to shared memory management for...,[struct nvmap_query_heap_params],[heap_mask; total; free; largest_free_block]
111,user_copy:nvgpu_gpu_clk_get_info,user_copy_operations,AIARelevantFunction,0,**AIARelevantFunction Score (0)**: The function `nvgpu_gpu_clk_get_info` does not interact with an AI Accelerator (AIA) or shared memory (SMem) in a manner typical of AIA-related functions. It prim...,[struct nvgpu_gpu_clk_get_info_args; struct nvgpu_gpu_clk_info],[clk_info_entries]
112,user_copy:nvgpu_gpu_clk_get_info,user_copy_operations,AIARelevantFunction,0,**AIARelevantFunction Score (0%)**: The function `nvgpu_gpu_clk_get_info` does not directly interact with an AI Accelerator (AIA) or manage shared memory for an AIA. It primarily retrieves clock in...,[nvgpu_gpu_clk_get_info_args; nvgpu_gpu_clk_info],[clk_info_entries; clk_domain; freq_hz]
113,user_copy:nvmap_ioctl_getfd,user_copy_operations,AIARelevantFunction,0,**AIARelevantFunction Score (0)**: The function `nvmap_ioctl_getfd` does not directly interact with an AI Accelerator (AIA) or shared memory management patterns typically associated with AIA integr...,[nvmap_create_handle],[handle; fd]
114,user_copy:nvgpu_ioctl_tsg_dev_ioctl,user_copy_operations,AIARelevantFunction,0,**AIARelevantFunction Score (0)**: The function `nvgpu_ioctl_tsg_dev_ioctl` does not directly interact with an AI Accelerator (AIA) or manage shared memory for an AIA. It primarily handles IOCTL co...,[nvgpu_tsg_bind_channel_ex_args; nvgpu_event_id_ctrl_args; nvgpu_runlist_interleave_args; nvgpu_timeslice_args; nvgpu_tsg_read_single_sm_error_state_args; nvgpu_tsg_l2_max_ways_evict_last_args; nvgpu_tsg_set_l2_sector_promotion_args],[channel_fd; event_fd; record_mem; record_size; max_ways; promotion_flag]
115,gk20a_dbg_gpu_dev_release,ioctl_operations,AIARelevantFunction,0,**AIARelevantFunction Score (0)**: The function `gk20a_dbg_gpu_dev_release` does not involve any operations related to shared memory (SMem) with an AI Accelerator (AIA). It primarily focuses on rel...,None,None
116,gk20a_ctrl_dev_release,ioctl_operations,AIARelevantFunction,0,**AIARelevantFunction Score (0%)**: The function `gk20a_ctrl_dev_release` does not involve any operations related to shared memory management or interactions with an AI Accelerator (AIA). It primar...,None,None
117,nvmap_open,ioctl_operations,AIARelevantFunction,0,**AIARelevantFunction Score (0)**: The `nvmap_open` function does not interact with any AI Accelerator (AIA) relevant functions or memory management patterns that would typically involve shared mem...,None,None
118,nvmap_ioctl_get_available_heaps,ioctl_operations,AIARelevantFunction,0,**AIARelevantFunction (0%)**: The function `nvmap_ioctl_get_available_heaps` does not involve any direct interaction with an AI Accelerator (AIA) or shared memory management that would typically be...,[struct nvmap_available_heaps],[None identified]
119,gk20a_power_open,ioctl_operations,AIARelevantFunction,0,**AIARelevantFunction Score (0%)**: The function `gk20a_power_open` does not involve any operations related to sharing memory with an AI Accelerator (AIA). It primarily handles opening a device fil...,None,None
120,gk20a_power_release,ioctl_operations,AIARelevantFunction,0,**AIARelevantFunction Score (0%)**: The function `gk20a_power_release` does not involve any operations related to sharing memory with an AI Accelerator (AIA). It primarily deals with releasing powe...,None,None
121,gk20a_ctrl_dev_open,ioctl_operations,AIARelevantFunction,0,**AIARelevantFunction Score (0%)**: The function `gk20a_ctrl_dev_open` does not interact with shared memory or perform any operations that would typically be associated with an AI Accelerator (AIA)...,None,None
122,gk20a_ctrl_ioctl_gpu_characteristics,ioctl_operations,AIARelevantFunction,0,**AIARelevantFunction Score (0)**: The function `gk20a_ctrl_ioctl_gpu_characteristics` does not involve any operations related to sharing memory with an AI Accelerator (AIA). It primarily retrieves...,[struct nvgpu_gpu_get_characteristics; struct nvgpu_gpu_characteristics],[gpu_characteristics_buf_addr; gpu_instance_id; gr_instance_id]
123,nvgpu_ctrl_ioctl_gpu_characteristics_flags,ioctl_operations,AIARelevantFunction,0,**AIARelevantFunction Score (0%)**: The function `nvgpu_ctrl_ioctl_gpu_characteristics_flags` does not involve any operations related to shared memory management or interactions with an AI Accelera...,None,None
124,nvgpu_get_ioctl_graphics_preempt_mode_flags,ioctl_operations,AIARelevantFunction,0,**AIARelevantFunction Score (0)**: The function `nvgpu_get_ioctl_graphics_preempt_mode_flags` does not involve any operations related to shared memory (SMem) with an AI Accelerator (AIA). It simply...,None,None
125,nvgpu_get_ioctl_compute_preempt_mode_flags,ioctl_operations,AIARelevantFunction,0,"**AIARelevantFunction Score (0)**: The function `nvgpu_get_ioctl_compute_preempt_mode_flags` does not involve any operations related to shared memory management, DMA, or memory mapping that are typ...",None,None
126,nvgpu_get_ioctl_graphics_preempt_mode,ioctl_operations,AIARelevantFunction,0,**AIARelevantFunction Score (0)**: The function `nvgpu_get_ioctl_graphics_preempt_mode` does not involve any operations related to shared memory (SMem) with an AI Accelerator (AIA). It simply retur...,None,None
127,nvgpu_get_ioctl_compute_preempt_mode,ioctl_operations,AIARelevantFunction,0,"**AIARelevantFunction Score (0)**: The function `nvgpu_get_ioctl_compute_preempt_mode` does not involve any operations related to shared memory management, DMA, or memory mapping that would typical...",None,None
128,nvgpu_as_ioctl_get_sync_ro_map,ioctl_operations,AIARelevantFunction,0,**AIARelevantFunction Score (0)**: The function `nvgpu_as_ioctl_get_sync_ro_map` does not directly interact with shared memory or perform operations that would typically be associated with an AI Ac...,[struct nvgpu_as_get_sync_ro_map_args],[base_gpuva; sync_size; num_syncpoints]
129,gk20a_as_ioctl_get_va_regions,ioctl_operations,AIARelevantFunction,0,**AIARelevantFunction (0%)**: The function `gk20a_as_ioctl_get_va_regions` does not directly interact with an AI Accelerator (AIA) or manage shared memory (SMem) in a way that would qualify as an A...,[struct nvgpu_as_get_va_regions_args; struct nvgpu_as_va_region],[buf_addr; offset; pages]
130,nvmap_ioctl_query_heap_params,ioctl_operations,AIARelevantFunction,0,**AIARelevantFunction Score (0)**: The function `nvmap_ioctl_query_heap_params` does not directly interact with an AI Accelerator (AIA) or perform operations related to shared memory management for...,[struct nvmap_query_heap_params],[heap_mask; total; free; largest_free_block]
131,nvmap_ioctl_getfd,ioctl_operations,AIARelevantFunction,0,**AIARelevantFunction Score (0)**: The function `nvmap_ioctl_getfd` does not directly interact with an AI Accelerator (AIA) or manage shared memory (SMem) in a way that would qualify it as an AIA r...,[nvmap_create_handle],[handle; fd]
132,nvgpu_ioctl_tsg_open,ioctl_operations,AIARelevantFunction,0,**AIARelevantFunction Score (0%)**: The function `nvgpu_ioctl_tsg_open` does not involve any operations related to shared memory (SMem) with an AI Accelerator (AIA). It primarily handles the openin...,None,None
133,nvgpu_ioctl_channel_get_user_syncpoint,ioctl_operations,AIARelevantFunction,0,"**AIARelevantFunction Score (0)**: The function `nvgpu_ioctl_channel_get_user_syncpoint` does not directly involve sharing memory with an AI Accelerator (AIA). Instead, it focuses on managing user ...",[struct nvgpu_get_user_syncpoint_args],[gpu_va; syncpoint_id; syncpoint_max]
134,nvgpu_ioctl_channel_alloc_obj_ctx,ioctl_operations,AIARelevantFunction,0,**AIARelevantFunction Score (0)**: The function `nvgpu_ioctl_channel_alloc_obj_ctx` does not directly involve any operations related to shared memory (SMem) with an AI Accelerator (AIA). It primari...,None,None
135,gk20a_channel_open_ioctl,ioctl_operations,AIARelevantFunction,0,**AIARelevantFunction Score (0)**: The function `gk20a_channel_open_ioctl` does not directly involve operations related to shared memory (SMem) with an AI Accelerator (AIA). It primarily handles th...,None,None
136,gk20a_as_ioctl_bind_channel,ioctl_operations,AIARelevantFunction,0,**AIARelevantFunction Score (0%)**: The function `gk20a_as_ioctl_bind_channel` does not directly involve operations related to sharing memory with an AI Accelerator (AIA). It primarily focuses on b...,None,None
137,gk20a_tsg_ioctl_bind_channel_ex,ioctl_operations,AIARelevantFunction,0,**AIARelevantFunction Score (0)**: The function `gk20a_tsg_ioctl_bind_channel_ex` does not directly interact with an AI Accelerator (AIA) or manage shared memory (SMem) for an AIA. It primarily dea...,[nvgpu_tsg_bind_channel_ex_args],[channel_fd; subcontext_id]
138,nvgpu_gpu_ioctl_set_l2_max_ways_evict_last,ioctl_operations,AIARelevantFunction,0,**AIARelevantFunction Score (0%)**: The function `nvgpu_gpu_ioctl_set_l2_max_ways_evict_last` does not involve any operations related to shared memory (SMem) with an AI Accelerator (AIA). It primar...,struct nvgpu_tsg_l2_max_ways_evict_last_args,None
139,gk20a_as_ioctl_unmap_buffer,ioctl_operations,AIARelevantFunction,0,**AIARelevantFunction Score (0)**: The function `gk20a_as_ioctl_unmap_buffer` does not involve any operations that directly relate to sharing memory with an AI Accelerator (AIA). It primarily focus...,None,None
140,nvmap_ioctl_free,ioctl_operations,AIARelevantFunction,0,**AIARelevantFunction Score (0%)**: The function `nvmap_ioctl_free` does not directly involve operations related to sharing memory with an AI Accelerator (AIA). It primarily deals with freeing a DM...,[struct nvmap_client; struct dma_buf],[fd (file descriptor); dma_buf]
141,nvmap_release,ioctl_operations,AIARelevantFunction,0,**AIARelevantFunction Score (0%)**: The `nvmap_release` function does not involve any operations related to shared memory (SMem) with an AI Accelerator (AIA). It primarily handles the release of a ...,None,None
142,gk20a_event_id_release,ioctl_operations,AIARelevantFunction,0,**AIARelevantFunction Score (0)**: The function `gk20a_event_id_release` does not involve any operations related to shared memory (SMem) with an AI Accelerator (AIA). It primarily deals with releas...,None,None
143,gk20a_channel_release,ioctl_operations,AIARelevantFunction,0,**AIARelevantFunction Score (0%)**: The function `gk20a_channel_release` does not interact with shared memory or AI Accelerator (AIA) specific operations. It primarily handles the release of a chan...,None,None
144,nvgpu_ioctl_tsg_dev_release,ioctl_operations,AIARelevantFunction,0,"**AIARelevantFunction Score (0%)**: The function `nvgpu_ioctl_tsg_dev_release` does not interact with any AI Accelerator (AIA) relevant functions such as memory mapping, DMA operations, or shared m...",None,None
145,nvgpu_ioctl_tsg_release,ioctl_operations,AIARelevantFunction,0,**AIARelevantFunction Score (0)**: The function `nvgpu_ioctl_tsg_release` does not involve any operations related to sharing memory with an AI Accelerator (AIA). It primarily deals with releasing a...,None,None
146,gk20a_as_dev_release,ioctl_operations,AIARelevantFunction,0,**AIARelevantFunction Score (0%)**: The function `gk20a_as_dev_release` does not perform any operations related to shared memory management or interactions with an AI Accelerator (AIA). It simply r...,None,None
1,nvmap_ioctl_getfd,dma_operations,Relevant_KD_Entry_Point,100,**AIARelevantFunction Score (0%)**: The function `nvmap_ioctl_getfd` does not directly interact with an AI Accelerator (AIA) or shared memory management patterns typically associated with AIA integ...,[nvmap_create_handle],[handle; fd]
2,user_copy:gk20a_power_write,user_copy_operations,Relevant_KD_Entry_Point,100,**AIARelevantFunction Score (0)**: The function `gk20a_power_write` does not involve any operations related to shared memory (SMem) with an AI Accelerator (AIA). It primarily handles power manageme...,None,None
3,user_copy:gk20a_ctrl_ioctl_gpu_characteristics,user_copy_operations,Relevant_KD_Entry_Point,100,**AIARelevantFunction Score (0)**: The function `gk20a_ctrl_ioctl_gpu_characteristics` does not directly involve sharing memory with an AI Accelerator (AIA). It primarily retrieves GPU characterist...,[struct nvgpu_gpu_get_characteristics],[gpu_characteristics_buf_addr; gpu_characteristics_buf_size]
4,user_copy:nvmap_ioctl_query_heap_params,user_copy_operations,Relevant_KD_Entry_Point,100,**AIARelevantFunction Score (0)**: The function `nvmap_ioctl_query_heap_params` does not directly interact with an AI Accelerator (AIA) or manage shared memory (SMem) in a way that would be relevan...,[struct nvmap_query_heap_params],[heap_mask; total; free; largest_free_block]
5,user_copy:nvmap_ioctl_query_heap_params,user_copy_operations,Relevant_KD_Entry_Point,100,**AIARelevantFunction Score (0)**: The function `nvmap_ioctl_query_heap_params` does not directly interact with an AI Accelerator (AIA) or perform operations related to shared memory management for...,[struct nvmap_query_heap_params],[heap_mask; total; free; largest_free_block]
6,user_copy:nvgpu_gpu_clk_get_info,user_copy_operations,Relevant_KD_Entry_Point,100,**AIARelevantFunction Score (0)**: The function `nvgpu_gpu_clk_get_info` does not interact with an AI Accelerator (AIA) or shared memory (SMem) in a manner typical of AIA-related functions. It prim...,[struct nvgpu_gpu_clk_get_info_args; struct nvgpu_gpu_clk_info],[clk_info_entries]
7,user_copy:nvgpu_ioctl_tsg_dev_ioctl,user_copy_operations,Relevant_KD_Entry_Point,100,**AIARelevantFunction Score (0)**: The function `nvgpu_ioctl_tsg_dev_ioctl` does not directly interact with an AI Accelerator (AIA) or manage shared memory for an AIA. It primarily handles IOCTL co...,[nvgpu_tsg_bind_channel_ex_args; nvgpu_event_id_ctrl_args; nvgpu_runlist_interleave_args; nvgpu_timeslice_args; nvgpu_tsg_read_single_sm_error_state_args; nvgpu_tsg_l2_max_ways_evict_last_args; nvgpu_tsg_set_l2_sector_promotion_args],[channel_fd; event_fd; record_mem; record_size; max_ways; promotion_flag]
8,gk20a_ctrl_ioctl_gpu_characteristics,ioctl_operations,Relevant_KD_Entry_Point,100,**AIARelevantFunction Score (0)**: The function `gk20a_ctrl_ioctl_gpu_characteristics` does not involve any operations related to sharing memory with an AI Accelerator (AIA). It primarily retrieves...,[struct nvgpu_gpu_get_characteristics; struct nvgpu_gpu_characteristics],[gpu_characteristics_buf_addr; gpu_instance_id; gr_instance_id]
9,nvgpu_ctrl_ioctl_gpu_characteristics_flags,ioctl_operations,Relevant_KD_Entry_Point,100,**AIARelevantFunction Score (0%)**: The function `nvgpu_ctrl_ioctl_gpu_characteristics_flags` does not involve any operations related to shared memory management or interactions with an AI Accelera...,None,None
10,nvgpu_as_ioctl_get_sync_ro_map,ioctl_operations,Relevant_KD_Entry_Point,100,**AIARelevantFunction Score (0)**: The function `nvgpu_as_ioctl_get_sync_ro_map` does not directly interact with shared memory or perform operations that would typically be associated with an AI Ac...,[struct nvgpu_as_get_sync_ro_map_args],[base_gpuva; sync_size; num_syncpoints]
11,nvmap_ioctl_query_heap_params,ioctl_operations,Relevant_KD_Entry_Point,100,**AIARelevantFunction Score (0)**: The function `nvmap_ioctl_query_heap_params` does not directly interact with an AI Accelerator (AIA) or perform operations related to shared memory management for...,[struct nvmap_query_heap_params],[heap_mask; total; free; largest_free_block]
12,nvgpu_ioctl_channel_get_user_syncpoint,ioctl_operations,Relevant_KD_Entry_Point,100,"**AIARelevantFunction Score (0)**: The function `nvgpu_ioctl_channel_get_user_syncpoint` does not directly involve sharing memory with an AI Accelerator (AIA). Instead, it focuses on managing user ...",[struct nvgpu_get_user_syncpoint_args],[gpu_va; syncpoint_id; syncpoint_max]
13,nvgpu_ioctl_channel_alloc_obj_ctx,ioctl_operations,Relevant_KD_Entry_Point,100,**AIARelevantFunction Score (0)**: The function `nvgpu_ioctl_channel_alloc_obj_ctx` does not directly involve any operations related to shared memory (SMem) with an AI Accelerator (AIA). It primari...,None,None
14,gk20a_channel_open_ioctl,ioctl_operations,Relevant_KD_Entry_Point,100,**AIARelevantFunction Score (0)**: The function `gk20a_channel_open_ioctl` does not directly involve operations related to shared memory (SMem) with an AI Accelerator (AIA). It primarily handles th...,None,None
15,gk20a_as_ioctl_bind_channel,ioctl_operations,Relevant_KD_Entry_Point,100,**AIARelevantFunction Score (0%)**: The function `gk20a_as_ioctl_bind_channel` does not directly involve operations related to sharing memory with an AI Accelerator (AIA). It primarily focuses on b...,None,None
16,nvgpu_gpu_ioctl_set_l2_max_ways_evict_last,ioctl_operations,Relevant_KD_Entry_Point,100,**AIARelevantFunction Score (0%)**: The function `nvgpu_gpu_ioctl_set_l2_max_ways_evict_last` does not involve any operations related to shared memory (SMem) with an AI Accelerator (AIA). It primar...,struct nvgpu_tsg_l2_max_ways_evict_last_args,None
17,nvgpu_gpu_ioctl_register_buffer,dma_operations,Relevant_KD_Entry_Point,90,**AIARelevantFunction Score (80)**: The function `nvgpu_gpu_ioctl_register_buffer` is involved in registering a buffer for use with an AI accelerator. It utilizes the `dma_buf_get` function to obta...,[struct nvgpu_gpu_register_buffer_args],[dmabuf_fd; metadata_addr; metadata_size]
18,nvgpu_gpu_ioctl_register_buffer,dma_operations,Relevant_KD_Entry_Point,90,"**AIARelevantFunction Score (70)**: The function `nvgpu_gpu_ioctl_register_buffer` is involved in registering a buffer for use with the GPU, which includes handling DMA buffers. It utilizes the `dm...",[struct nvgpu_gpu_register_buffer_args],[dmabuf_fd; metadata_addr; metadata_size]
19,user_copy:gk20a_channel_ioctl,user_copy_operations,Relevant_KD_Entry_Point,90,"**AIARelevantFunction Score (70)**: The function `gk20a_channel_ioctl` interacts with various structures that manage GPU channels and their operations, which can involve shared memory management. I...",[nvgpu_alloc_obj_ctx_args; nvgpu_channel_setup_bind_args; nvgpu_alloc_gpfifo_ex_args; nvgpu_wait_args; nvgpu_set_error_notifier; nvgpu_set_timeout_args; nvgpu_set_timeout_ex_args; nvgpu_get_param_args],[userd_dmabuf_fd; gpfifo_dmabuf_fd; userd_dmabuf_offset; gpfifo_dmabuf_offset; obj_id]
20,user_copy:gk20a_channel_ioctl,user_copy_operations,Relevant_KD_Entry_Point,90,"**AIARelevantFunction Score (80)**: The function `gk20a_channel_ioctl` interacts with various structures that manage GPU channels and their operations, which are relevant for AI Accelerator integra...",[nvgpu_channel_open_args; nvgpu_alloc_obj_ctx_args; nvgpu_channel_setup_bind_args; nvgpu_alloc_gpfifo_ex_args; nvgpu_submit_gpfifo_args; nvgpu_wait_args; nvgpu_set_error_notifier; nvgpu_set_timeout_args; nvgpu_set_timeout_ex_args; nvgpu_get_param_args],[chid; tsgid; userd_dmabuf_fd; gpfifo_dmabuf_fd; userd_dmabuf_offset; gpfifo_dmabuf_offset; obj_id]
21,user_copy:gk20a_ctrl_dev_ioctl,user_copy_operations,Relevant_KD_Entry_Point,90,"**AIARelevantFunction Score (80)**: The function `gk20a_ctrl_dev_ioctl` is involved in handling various IOCTL commands that interact with the GPU, including memory management and configuration for ...",[nvgpu_gpu_zcull_get_ctx_size_args; nvgpu_gpu_zcull_get_info_args; nvgpu_gpu_zbc_set_table_args; nvgpu_gpu_zbc_query_table_args; nvgpu_gpu_get_characteristics; nvgpu_gpu_prepare_compressible_read_args; nvgpu_gpu_mark_compressible_write_args; nvgpu_alloc_as_args; nvgpu_gpu_open_tsg_args; nvgpu_gpu_get_tpc_masks_args; nvgpu_gpu_get_fbp_l2_masks_args; nvgpu_channel_open_args; nvgpu_gpu_l2_fb_args; nvgpu_gpu_mmu_debug_mode_args; nvgpu_gpu_sm_debug_mode_args],[handle; gpu_instance_id; gr_instance_id; va_range_start; va_range_end; va_range_split; syncpt_unit_base; syncpt_size; userd_iova]
22,user_copy:gk20a_ctrl_dev_ioctl,user_copy_operations,Relevant_KD_Entry_Point,90,**AIARelevantFunction Score (0%)**: The function `gk20a_ctrl_dev_ioctl` does not directly interact with an AI Accelerator (AIA) or manage shared memory (SMem) for an AIA. It primarily serves as an ...,[nvgpu_gpu_zcull_get_ctx_size_args; nvgpu_gpu_zcull_get_info_args; nvgpu_gpu_zbc_set_table_args; nvgpu_gpu_zbc_query_table_args; nvgpu_gpu_get_characteristics; nvgpu_gpu_prepare_compressible_read_args; nvgpu_gpu_mark_compressible_write_args; nvgpu_alloc_as_args; nvgpu_gpu_open_tsg_args; nvgpu_gpu_get_tpc_masks_args; nvgpu_gpu_get_fbp_l2_masks_args; nvgpu_channel_open_args; nvgpu_gpu_l2_fb_args; nvgpu_gpu_mmu_debug_mode_args; nvgpu_gpu_sm_debug_mode_args],[as_fd; va_range_start; va_range_end; va_range_split; gpu_characteristics_buf_addr; handle; offset; zbc_color]
23,user_copy:gk20a_as_dev_ioctl,user_copy_operations,Relevant_KD_Entry_Point,90,**AIARelevantFunction Score (80)**: The function `gk20a_as_dev_ioctl` is involved in handling various IOCTL commands that interact with the AI Accelerator (AIA). It includes operations that allocat...,[nvgpu_as_bind_channel_args; nvgpu32_as_alloc_space_args; nvgpu_as_alloc_space_args; nvgpu_as_free_space_args; nvgpu_as_map_buffer_ex_args; nvgpu_as_unmap_buffer_args; nvgpu_as_get_va_regions_args; nvgpu_as_map_buffer_batch_args; nvgpu_as_get_sync_ro_map_args; nvgpu_as_mapping_modify_args; nvgpu_as_remap_args],[channel_fd; pages; page_size; flags; offset; buffer_offset; buffer_size; base_gpuva; num_syncpoints]
24,user_copy:gk20a_as_dev_ioctl,user_copy_operations,Relevant_KD_Entry_Point,90,**AIARelevantFunction Score (80)**: The function `gk20a_as_dev_ioctl` is involved in managing memory operations that are relevant to the AI Accelerator (AIA). It handles various IOCTL commands that...,[nvgpu_as_alloc_space_args; nvgpu_as_free_space_args; nvgpu_as_map_buffer_ex_args; nvgpu_as_unmap_buffer_args; nvgpu_as_get_va_regions_args; nvgpu_as_map_buffer_batch_args; nvgpu_as_get_sync_ro_map_args; nvgpu_as_mapping_modify_args; nvgpu_as_remap_args],[offset; pages; page_size; buffer_offset; buffer_size; base_gpuva]
25,user_copy:nvmap_ioctl_create,user_copy_operations,Relevant_KD_Entry_Point,90,"**AIARelevantFunction Score (70)**: The function `nvmap_ioctl_create` is involved in creating a handle for shared memory, which is relevant for AI Accelerator integration. It interacts with DMA buf...",[nvmap_create_handle],[handle; fd; size; orig_size; dma_buf]
26,user_copy:nvmap_ioctl_create,user_copy_operations,Relevant_KD_Entry_Point,90,"**AIARelevantFunction Score (70)**: The function `nvmap_ioctl_create` is involved in memory management and buffer handling, which is relevant for AI Accelerator integration. It creates a handle for...",[nvmap_create_handle],[handle; handle64; fd; size; orig_size; vaddr; dma_buf]
27,user_copy:nvmap_ioctl_alloc,user_copy_operations,Relevant_KD_Entry_Point,90,"**AIARelevantFunction (70%)**: The function `nvmap_ioctl_alloc` is involved in memory allocation for an AI accelerator, specifically through the use of the `nvmap_alloc_handle` structure. It checks...",[struct nvmap_alloc_handle],[handle; heap_mask; flags; align; size; vaddr]
28,user_copy:nvgpu_gpu_ioctl_register_buffer,user_copy_operations,Relevant_KD_Entry_Point,90,"**AIARelevantFunction Score (80)**: The function `nvgpu_gpu_ioctl_register_buffer` is involved in registering a buffer for use with the GPU, which includes handling metadata and DMA buffers. It use...",[struct nvgpu_gpu_register_buffer_args],[dmabuf_fd; metadata_addr; metadata_size; flags]
29,user_copy:nvgpu_ioctl_tsg_dev_ioctl,user_copy_operations,Relevant_KD_Entry_Point,90,"**AIARelevantFunction Score (70)**: The function `nvgpu_ioctl_tsg_dev_ioctl` interacts with various aspects of the GPU's task scheduling and management, which can involve shared memory operations r...",[nvgpu_tsg_bind_channel_ex_args; nvgpu_event_id_ctrl_args; nvgpu_runlist_interleave_args; nvgpu_timeslice_args; nvgpu_tsg_read_single_sm_error_state_args; nvgpu_tsg_l2_max_ways_evict_last_args; nvgpu_tsg_set_l2_sector_promotion_args],[channel_fd; event_id; event_fd; timeslice_us; max_ways; promotion_flag; record_mem]
30,user_copy:nvmap_ioctl_create_from_va,user_copy_operations,Relevant_KD_Entry_Point,90,"**AIARelevantFunction Score (80)**: The function `nvmap_ioctl_create_from_va` is involved in creating a handle from a virtual address, which is relevant for memory management in the context of an A...",[struct nvmap_create_handle_from_va],[va; size; flags; handle]
31,user_copy:nvmap_ioctl_create_from_va,user_copy_operations,Relevant_KD_Entry_Point,90,"**AIARelevantFunction Score (70)**: The function `nvmap_ioctl_create_from_va` interacts with shared memory through the `nvmap_create_handle_from_va` structure, which contains fields like `va` (virt...",[struct nvmap_create_handle_from_va],[op.va; op.size; op.flags; op.handle]
32,gk20a_channel_ioctl,ioctl_operations,Relevant_KD_Entry_Point,90,**AIARelevantFunction Score (80)**: The function `gk20a_channel_ioctl` interacts with various structures that are relevant for managing channels in the context of GPU operations. It handles command...,[nvgpu_channel_open_args; nvgpu_alloc_obj_ctx_args; nvgpu_channel_setup_bind_args; nvgpu_alloc_gpfifo_ex_args; nvgpu_wait_args; nvgpu_set_error_notifier; nvgpu_set_timeout_args; nvgpu_set_timeout_ex_args; nvgpu_get_param_args],[chid; tsgid; userd_dmabuf_fd; gpfifo_dmabuf_fd; userd_iova; userd_offset]
33,gk20a_ioctl_channel_submit_gpfifo,ioctl_operations,Relevant_KD_Entry_Point,90,"**AIARelevantFunction Score (80)**: The function `gk20a_ioctl_channel_submit_gpfifo` is involved in submitting a GPU FIFO command, which is closely related to the AI Accelerator's operations. It ha...",[nvgpu_submit_gpfifo_args; nvgpu_channel_fence; nvgpu_user_fence; nvgpu_gpfifo_userdata],[fence.id; fence.value; args.gpfifo; args.num_entries; args.flags]
34,nvmap_ioctl,ioctl_operations,Relevant_KD_Entry_Point,90,"**AIARelevantFunction Score (70)**: The function `nvmap_ioctl` is involved in handling various IOCTL commands related to memory management, which can include operations relevant to AI Accelerators ...",[struct nvmap_rw_handle; struct nvmap_cache_op; struct nvmap_cache_op_32; struct nvmap_cache_op_64],[addr; handle]
35,gk20a_ctrl_dev_ioctl,ioctl_operations,Relevant_KD_Entry_Point,90,**AIARelevantFunction Score (80)**: The function `gk20a_ctrl_dev_ioctl` interacts with various GPU operations that involve memory management and communication with the AI Accelerator (AIA). It hand...,[nvgpu_gpu_zcull_get_ctx_size_args; nvgpu_gpu_zcull_get_info_args; nvgpu_gpu_zbc_set_table_args; nvgpu_gpu_zbc_query_table_args; nvgpu_gpu_get_characteristics; nvgpu_gpu_prepare_compressible_read_args; nvgpu_gpu_mark_compressible_write_args; nvgpu_alloc_as_args; nvgpu_gpu_open_tsg_args; nvgpu_gpu_get_tpc_masks_args; nvgpu_gpu_get_fbp_l2_masks_args; nvgpu_channel_open_args; nvgpu_gpu_l2_fb_args; nvgpu_gpu_mmu_debug_mode_args; nvgpu_gpu_sm_debug_mode_args],[handle; offset; va_range_start; va_range_end; va_range_split; zbc_color; tsg_fd; mask_buf_addr; syncpt_unit_base; syncpt_size]
36,gk20a_as_dev_ioctl,ioctl_operations,Relevant_KD_Entry_Point,90,**AIARelevantFunction Score (80%)**: The function `gk20a_as_dev_ioctl` interacts with various memory management operations that are relevant for an AI Accelerator (AIA). It includes operations that...,[nvgpu_as_bind_channel_args; nvgpu32_as_alloc_space_args; nvgpu_as_alloc_space_args; nvgpu_as_free_space_args; nvgpu_as_map_buffer_ex_args; nvgpu_as_unmap_buffer_args; nvgpu_as_get_va_regions_args; nvgpu_as_map_buffer_batch_args; nvgpu_as_get_sync_ro_map_args; nvgpu_as_mapping_modify_args; nvgpu_as_remap_args],[channel_fd; pages; page_size; flags; buffer_offset; mapping_size; offset; base_gpuva; sync_size; num_syncpoints]
37,nvmap_ioctl_create,ioctl_operations,Relevant_KD_Entry_Point,90,"**AIARelevantFunction (70%)**: The function `nvmap_ioctl_create` is involved in creating a handle for shared memory, which is relevant for AI Accelerator integration. It utilizes `dma_buf` structur...",[nvmap_create_handle],[handle; handle64; fd]
38,nvmap_ioctl_alloc,ioctl_operations,Relevant_KD_Entry_Point,90,"**AIARelevantFunction (70%)**: The function `nvmap_ioctl_alloc` is involved in memory allocation for an AI accelerator, as it handles the allocation of memory buffers that can be shared with the ac...",[nvmap_alloc_handle],[handle; heap_mask; flags; align]
39,nvgpu_gpu_ioctl_register_buffer,ioctl_operations,Relevant_KD_Entry_Point,90,"**AIARelevantFunction Score (70)**: The function `nvgpu_gpu_ioctl_register_buffer` interacts with a DMA buffer, which is relevant for AI Accelerator integration. It uses `dma_buf_get` to retrieve a...",[struct nvgpu_gpu_register_buffer_args],[dmabuf_fd; metadata_addr; metadata_size]
40,nvgpu_ioctl_tsg_dev_ioctl,ioctl_operations,Relevant_KD_Entry_Point,90,"**AIARelevantFunction Score (70)**: The function `nvgpu_ioctl_tsg_dev_ioctl` interacts with various aspects of the GPU's task scheduling and channel binding, which are relevant for AI Accelerator i...",[nvgpu_tsg_bind_channel_ex_args; nvgpu_tsg_bind_scheduling_domain_args; nvgpu_runlist_interleave_args; nvgpu_timeslice_args; nvgpu_tsg_read_single_sm_error_state_args; nvgpu_tsg_l2_max_ways_evict_last_args; nvgpu_tsg_set_l2_sector_promotion_args],[channel_fd; domain_fd; timeslice_us; max_ways; promotion_flag]
41,gk20a_tsg_ioctl_bind_channel_ex,ioctl_operations,Relevant_KD_Entry_Point,90,**AIARelevantFunction Score (0)**: The function `gk20a_tsg_ioctl_bind_channel_ex` does not directly interact with an AI Accelerator (AIA) or manage shared memory (SMem) for an AIA. It primarily dea...,[nvgpu_tsg_bind_channel_ex_args],[channel_fd; subcontext_id]
42,nvmap_ioctl_create_from_va,ioctl_operations,Relevant_KD_Entry_Point,90,"**AIARelevantFunction Score (80)**: The function `nvmap_ioctl_create_from_va` is involved in creating a handle from a virtual address, which is a critical operation for managing shared memory betwe...",[nvmap_create_handle_from_va],[handle; fd; va; size; flags]
43,nvgpu_vm_map_buffer,dma_operations,Relevant_KD_Entry_Point,80,"**AIARelevantFunction Score (90)**: The function `nvgpu_vm_map_buffer` is heavily involved in managing memory mappings for a GPU, which is critical for AI Accelerator (AIA) operations. It utilizes ...",[vm_gk20a_mapping_batch],[dma_buf; u64 buffer_offset; u64 mapping_size; u64 *map_addr]
44,nvgpu_mm_pin,dma_operations,Relevant_KD_Entry_Point,80,"**AIARelevantFunction (90%)**: The function `nvgpu_mm_pin` is heavily involved in memory management for DMA operations, which is critical for AI Accelerator (AIA) integration. It utilizes `dma_buf_...",[struct dma_buf; struct dma_buf_attachment; struct sg_table],[dma_address; user virtual address; physical address; DMA address]
45,gk20a_init_error_notifier,dma_operations,Relevant_KD_Entry_Point,80,**AIARelevantFunction Score (0)**: The function `gk20a_init_error_notifier` does not directly involve sharing memory with an AI Accelerator (AIA). It primarily deals with initializing an error noti...,[struct nvgpu_set_error_notifier; struct nvgpu_notification],[args->mem; priv->error_notifier.notification; priv->error_notifier.vaddr]
46,nvmap_ioctl_free,dma_operations,Relevant_KD_Entry_Point,80,**AIARelevantFunction Score (0)**: The function `nvmap_ioctl_free` does not directly involve any operations related to sharing memory with an AI Accelerator (AIA). It primarily deals with freeing a...,[None identified],[None identified]
47,nvmap_ioctl_free,dma_operations,Relevant_KD_Entry_Point,80,**AIARelevantFunction Score (0%)**: The function `nvmap_ioctl_free` does not directly interact with an AI Accelerator (AIA) or manage shared memory (SMem) relevant to an AIA. It primarily deals wit...,[struct nvmap_client; struct dma_buf],[file descriptor (fd); dma_buf]
48,user_copy:nvmap_ioctl_get_available_heaps,user_copy_operations,Relevant_KD_Entry_Point,80,"**AIARelevantFunction Score (0)**: The function `nvmap_ioctl_get_available_heaps` does not directly interact with an AI Accelerator (AIA) or perform operations related to shared memory management, ...",[struct nvmap_available_heaps],[None identified]
49,user_copy:nvgpu_gpu_clk_get_range,user_copy_operations,Relevant_KD_Entry_Point,80,**AIARelevantFunction Score (0%)**: The function `nvgpu_gpu_clk_get_range` does not interact with an AI Accelerator (AIA) directly. It primarily deals with GPU clock range retrieval and does not in...,[struct nvgpu_gpu_clk_range_args; struct nvgpu_gpu_clk_range],[clk_range_entries; min_hz; max_hz]
50,user_copy:gk20a_as_ioctl_get_va_regions,user_copy_operations,Relevant_KD_Entry_Point,80,"**AIARelevantFunction Score (70)**: The function `gk20a_as_ioctl_get_va_regions` is involved in managing virtual address regions, which is relevant for AI Accelerator (AIA) operations. It interacts...",[struct nvgpu_as_get_va_regions_args; struct nvgpu_as_va_region],[buf_addr; buf_size; offset; pages]
51,user_copy:nvgpu_gpu_clk_get_info,user_copy_operations,Relevant_KD_Entry_Point,80,**AIARelevantFunction Score (0%)**: The function `nvgpu_gpu_clk_get_info` does not directly interact with an AI Accelerator (AIA) or manage shared memory for an AIA. It primarily retrieves clock in...,[nvgpu_gpu_clk_get_info_args; nvgpu_gpu_clk_info],[clk_info_entries; clk_domain; freq_hz]
52,user_copy:nvmap_ioctl_getfd,user_copy_operations,Relevant_KD_Entry_Point,80,**AIARelevantFunction Score (0)**: The function `nvmap_ioctl_getfd` does not directly interact with an AI Accelerator (AIA) or shared memory management patterns typically associated with AIA integr...,[nvmap_create_handle],[handle; fd]
53,user_copy:nvmap_install_fd,user_copy_operations,Relevant_KD_Entry_Point,80,"**AIARelevantFunction Score (70)**: The function `nvmap_install_fd` interacts with a `dma_buf`, which is a critical structure for managing shared memory between the CPU and an AI Accelerator (AIA)....",[nvmap_handle_info; dma_buf],[file descriptor (fd); dma_buf; nvmap_handle]
54,nvmap_ioctl_get_available_heaps,ioctl_operations,Relevant_KD_Entry_Point,80,**AIARelevantFunction (0%)**: The function `nvmap_ioctl_get_available_heaps` does not involve any direct interaction with an AI Accelerator (AIA) or shared memory management that would typically be...,[struct nvmap_available_heaps],[None identified]
55,gk20a_power_open,ioctl_operations,Relevant_KD_Entry_Point,80,**AIARelevantFunction Score (0%)**: The function `gk20a_power_open` does not involve any operations related to sharing memory with an AI Accelerator (AIA). It primarily handles opening a device fil...,None,None
56,gk20a_as_ioctl_get_va_regions,ioctl_operations,Relevant_KD_Entry_Point,80,**AIARelevantFunction (0%)**: The function `gk20a_as_ioctl_get_va_regions` does not directly interact with an AI Accelerator (AIA) or manage shared memory (SMem) in a way that would qualify as an A...,[struct nvgpu_as_get_va_regions_args; struct nvgpu_as_va_region],[buf_addr; offset; pages]
57,gk20a_as_ioctl_alloc_space,ioctl_operations,Relevant_KD_Entry_Point,80,"**AIARelevantFunction Score (70)**: The function `gk20a_as_ioctl_alloc_space` is responsible for allocating space in the GPU's address space, which is relevant for AI Accelerator integration. It ut...",[struct nvgpu_as_alloc_space_args],[pages; page_size; flags]
58,nvmap_ioctl_getfd,ioctl_operations,Relevant_KD_Entry_Point,80,**AIARelevantFunction Score (0)**: The function `nvmap_ioctl_getfd` does not directly interact with an AI Accelerator (AIA) or manage shared memory (SMem) in a way that would qualify it as an AIA r...,[nvmap_create_handle],[handle; fd]
59,gk20a_as_ioctl_map_buffer_ex,ioctl_operations,Relevant_KD_Entry_Point,80,**AIARelevantFunction Score (70%)**: The function `gk20a_as_ioctl_map_buffer_ex` is involved in mapping a buffer for the AI Accelerator (AIA) by utilizing the `nvgpu_vm_map_buffer` function. This i...,[nvgpu_as_map_buffer_ex_args],[dmabuf_fd; buffer_offset; mapping_size; offset]
60,nvmap_ioctl_free,ioctl_operations,Relevant_KD_Entry_Point,80,**AIARelevantFunction Score (0%)**: The function `nvmap_ioctl_free` does not directly involve operations related to sharing memory with an AI Accelerator (AIA). It primarily deals with freeing a DM...,[struct nvmap_client; struct dma_buf],[fd (file descriptor); dma_buf]
61,drivers/video/tegra/nvmap/nvmap_dmabuf.c:_nvmap_dmabuf_map_dma_buf,functions_by_file,Relevant_KD_Entry_Point,70,"**AIARelevantFunction Score (90)**: The function `_nvmap_dmabuf_map_dma_buf` is heavily involved in managing DMA buffers, which is critical for AI Accelerator integration. It utilizes functions lik...",[struct dma_buf_attachment; struct nvmap_handle_info; struct sg_table; struct dma_buf],[dma_address; phys_addr; size; flags; vaddr; dma_buf; file descriptor]
62,nvmap_handle_get_from_id,dma_operations,Relevant_KD_Entry_Point,70,"**AIARelevantFunction (60%)**: The function `nvmap_handle_get_from_id` interacts with DMA buffers, which are crucial for memory management in AI Accelerator contexts. It uses `dma_buf_get` and `dma...",[nvmap_handle_info; dma_buf],[dma_buf; nvmap_handle; nvmap_client]
63,nvmap_handle_get_from_id,dma_operations,Relevant_KD_Entry_Point,70,"**AIARelevantFunction Score (60)**: The function `nvmap_handle_get_from_id` interacts with DMA buffers, which are often used in AI Accelerator contexts for memory management. It retrieves a `dma_bu...",[nvmap_handle_info; dma_buf],[dma_buf*; nvmap_handle*; nvmap_client*]
64,nvgpu_vm_map_buffer,dma_operations,Relevant_KD_Entry_Point,70,"**AIARelevantFunction Score (80)**: The function `nvgpu_vm_map_buffer` is involved in mapping a DMA buffer to a virtual address space, which is critical for enabling an AI Accelerator (AIA) to acce...",[vm_gk20a_mapping_batch],[dma_buf_fd; buffer_offset; mapping_size; *map_addr]
65,nvgpu_vm_map_buffer,dma_operations,Relevant_KD_Entry_Point,70,"**AIARelevantFunction Score (80)**: The function `nvgpu_vm_map_buffer` is involved in mapping a DMA buffer to a virtual address space, which is critical for enabling the AI Accelerator (AIA) to acc...",[vm_gk20a_mapping_batch],[buffer_offset; mapping_size; *map_addr; dmabuf->size]
66,nvgpu_usermode_buf_from_dmabuf,dma_operations,Relevant_KD_Entry_Point,70,"**AIARelevantFunction Score (80)**: The function `nvgpu_usermode_buf_from_dmabuf` is involved in managing DMA buffers, which are critical for sharing memory between the CPU and an AI Accelerator (A...",[struct nvgpu_usermode_buf_linux; struct nvgpu_mem; struct dma_buf; struct dma_buf_attachment; struct sg_table],[gpu_va; cpu_va; size; dmabuf; attachment; sgt]
67,drivers/gpu/nvgpu/os/linux/linux-dma.c:nvgpu_dma_alloc_flags_sys,functions_by_file,Relevant_KD_Entry_Point,60,"**AIARelevantFunction Score (80)**: The function `nvgpu_dma_alloc_flags_sys` is involved in allocating DMA memory, which is critical for AI Accelerator (AIA) operations. It utilizes functions like ...",[nvgpu_mem; sg_table],[gpu_va; cpu_va; dma_address; iova; size]
68,__dma_buf_export,dma_operations,Relevant_KD_Entry_Point,60,"**AIARelevantFunction (70%)**: The function `__dma_buf_export` is involved in exporting a DMA buffer, which is relevant for AI Accelerator integration as it deals with memory management and buffer ...",[dma_buf_export_info; nvmap_handle_info],[phys_addr_t; dma_buf*; nvmap_handle*; size_t]
69,nvmap_handle_get_from_id,dma_operations,Relevant_KD_Entry_Point,60,"**AIARelevantFunction Score (70)**: The function `nvmap_handle_get_from_id` interacts with DMA buffers, which are crucial for memory management in AI Accelerator contexts. It retrieves a `dma_buf` ...",[struct nvmap_handle_info; struct nvmap_handle; struct dma_buf],[dma_buf; nvmap_handle; nvmap_client]
70,nvmap_handle_get_from_id,dma_operations,Relevant_KD_Entry_Point,60,"**AIARelevantFunction Score (70%)**: The function `nvmap_handle_get_from_id` interacts with DMA buffers, which are crucial for memory sharing between the CPU and AI Accelerators (AIA). It uses `dma...",[nvmap_handle_info; dma_buf],[dma_buf; nvmap_handle; nvmap_client]
71,nvgpu_vm_map_buffer,dma_operations,Relevant_KD_Entry_Point,60,"**AIARelevantFunction Score (80)**: The function `nvgpu_vm_map_buffer` is involved in mapping a DMA buffer to a virtual address space, which is critical for enabling an AI Accelerator (AIA) to acce...",[vm_gk20a_mapping_batch],[dma_buf_fd; buffer_offset; mapping_size; *map_addr]
72,nvgpu_vm_map_buffer,dma_operations,Relevant_KD_Entry_Point,60,"**AIARelevantFunction Score (80%)**: The function `nvgpu_vm_map_buffer` is involved in mapping a DMA buffer to a virtual address space, which is critical for enabling an AI Accelerator (AIA) to acc...",[vm_gk20a_mapping_batch],[dma_buf_fd; buffer_offset; mapping_size; *map_addr]
73,nvgpu_vm_map_buffer,dma_operations,Relevant_KD_Entry_Point,60,"**AIARelevantFunction Score (80)**: The function `nvgpu_vm_map_buffer` is involved in mapping a DMA buffer to a virtual address space, which is crucial for enabling the AI Accelerator (AIA) to acce...",[vm_gk20a_mapping_batch],[buffer_offset; mapping_size; *map_addr; dmabuf_fd]
74,nvgpu_vm_map_buffer,dma_operations,Relevant_KD_Entry_Point,60,"**AIARelevantFunction Score (80)**: The function `nvgpu_vm_map_buffer` is involved in mapping a DMA buffer to a virtual address space, which is critical for enabling access to shared memory between...",[vm_gk20a_mapping_batch],[dma_buf_fd; buffer_offset; mapping_size; *map_addr]
75,drivers/video/tegra/nvmap/nvmap_dmabuf.c:_nvmap_dmabuf_unmap_dma_buf,functions_by_file,Relevant_KD_Entry_Point,20,"**AIARelevantFunction Score (40)**: The function `_nvmap_dmabuf_unmap_dma_buf` deals with unmapping a DMA buffer, which is relevant to memory management between the CPU and an AI Accelerator (AIA)....",[struct dma_buf_attachment; struct sg_table; struct nvmap_handle_info],[dma_buf; device; dma_addr_t; nvmap_handle; heap_type]
76,drivers/gpu/nvgpu/os/linux/linux-dma.c:nvgpu_iommuable,functions_by_file,Relevant_KD_Entry_Point,0,**AIARelevantFunction Score (0%)**: The function `nvgpu_iommuable` does not perform any operations related to shared memory management or interactions with an AI Accelerator (AIA). It primarily che...,None,None
77,drivers/gpu/nvgpu/os/linux/linux-dma.c:nvgpu_dma_free_sys,functions_by_file,Relevant_KD_Entry_Point,0,**AIARelevantFunction Score (0%)**: The function `nvgpu_dma_free_sys` is primarily focused on freeing system memory allocated for the GPU and does not involve any operations that directly relate to...,None,None
78,drivers/gpu/nvgpu/os/linux/linux-dma.c:nvgpu_dma_free_no_iommu,functions_by_file,Relevant_KD_Entry_Point,0,**AIARelevantFunction Score (0)**: The function `nvgpu_dma_free_no_iommu` is primarily focused on freeing DMA memory allocated without IOMMU support. It does not involve any operations related to s...,None,None
79,drivers/gpu/nvgpu/os/linux/linux-dma.c:nvgpu_free_sgtable,functions_by_file,Relevant_KD_Entry_Point,0,**AIARelevantFunction Score (0)**: The function `nvgpu_free_sgtable` does not involve any operations related to sharing memory with an AI Accelerator (AIA). It primarily deals with freeing a scatte...,None,None
80,drivers/gpu/nvgpu/os/linux/linux-dma.c:nvgpu_dma_flags_to_attrs,functions_by_file,Relevant_KD_Entry_Point,0,**AIARelevantFunction Score (0%)**: The function `nvgpu_dma_flags_to_attrs` does not interact with shared memory or AI Accelerator (AIA) specific memory management patterns. It primarily translates...,None,None
81,drivers/gpu/nvgpu/os/linux/linux-dma.c:nvgpu_dma_alloc_no_iommu,functions_by_file,Relevant_KD_Entry_Point,0,"**AIARelevantFunction Score (70)**: The function `nvgpu_dma_alloc_no_iommu` is involved in memory allocation that could be relevant for an AI Accelerator (AIA) context, particularly in the manageme...",None,None
82,drivers/gpu/nvgpu/os/linux/linux-dma.c:nvgpu_get_sgtable_from_pages,functions_by_file,Relevant_KD_Entry_Point,0,**AIARelevantFunction Score (70%)**: The function `nvgpu_get_sgtable_from_pages` is involved in managing memory for an AI Accelerator (AIA) by allocating a scatter-gather table (`sg_table`) from us...,None,None
83,drivers/gpu/nvgpu/os/linux/platform_gk20a_tegra.c:gk20a_tegra_idle,functions_by_file,Relevant_KD_Entry_Point,0,**AIARelevantFunction Score (0)**: The function `gk20a_tegra_idle` does not involve any operations related to shared memory management or interactions with an AI Accelerator (AIA). It primarily foc...,None,None
84,drivers/gpu/nvgpu/os/linux/platform_gk20a_tegra.c:gk20a_tegra_busy,functions_by_file,Relevant_KD_Entry_Point,0,**AIARelevantFunction Score (0%)**: The function `gk20a_tegra_busy` does not interact with shared memory or perform any operations related to an AI Accelerator (AIA). It primarily checks if the `nv...,None,None
85,drivers/video/tegra/nvmap/nvmap_dmabuf.c:dmabuf_is_nvmap,functions_by_file,Relevant_KD_Entry_Point,0,**AIARelevantFunction Score (0)**: The function `dmabuf_is_nvmap` does not involve any operations related to shared memory (SMem) with an AI Accelerator (AIA). It simply checks if the `exp_name` fi...,None,None
86,drivers/video/tegra/nvmap/nvmap_dmabuf.c:nvmap_get_dmabuf_fd,functions_by_file,Relevant_KD_Entry_Point,0,**AIARelevantFunction Score (0%)**: The function `nvmap_get_dmabuf_fd` does not directly interact with an AI Accelerator (AIA) or perform operations related to shared memory management that would t...,None,None
87,drivers/video/tegra/nvmap/nvmap_dmabuf.c:nvmap_dmabuf_attach,functions_by_file,Relevant_KD_Entry_Point,0,**AIARelevantFunction Score (0)**: The function `nvmap_dmabuf_attach` does not directly involve any operations related to sharing memory with an AI Accelerator (AIA). It simply calls another functi...,None,None
88,drivers/video/tegra/nvmap/nvmap_dmabuf.c:nvmap_dmabuf_mmap,functions_by_file,Relevant_KD_Entry_Point,0,**AIARelevantFunction Score (0%)**: The function `nvmap_dmabuf_mmap` does not involve any operations that directly relate to sharing memory with an AI Accelerator (AIA). It primarily deals with mem...,None,None
89,drivers/video/tegra/nvmap/nvmap_dmabuf.c:nvmap_dmabuf_vmap,functions_by_file,Relevant_KD_Entry_Point,0,**AIARelevantFunction Score (0)**: The function `nvmap_dmabuf_vmap` does not interact with an AI Accelerator (AIA) or perform any operations related to shared memory management that would typically...,None,None
90,drivers/video/tegra/nvmap/nvmap_dmabuf.c:nvmap_dmabuf_get_drv_data,functions_by_file,Relevant_KD_Entry_Point,0,**AIARelevantFunction Score (0)**: The function `nvmap_dmabuf_get_drv_data` does not interact with an AI Accelerator (AIA) or perform any operations related to shared memory management that would t...,None,None
91,drivers/video/tegra/nvmap/nvmap_dmabuf.c:nvmap_dmabuf_detach,functions_by_file,Relevant_KD_Entry_Point,0,**AIARelevantFunction Score (0)**: The function `nvmap_dmabuf_detach` does not involve any operations related to sharing memory with an AI Accelerator (AIA). It primarily handles the detachment of ...,None,None
92,drivers/video/tegra/nvmap/nvmap_dmabuf.c:nvmap_dmabuf_release,functions_by_file,Relevant_KD_Entry_Point,0,**AIARelevantFunction Score (0)**: The function `nvmap_dmabuf_release` does not involve any operations related to sharing memory with an AI Accelerator (AIA). It primarily focuses on releasing a DM...,None,None
93,drivers/video/tegra/nvmap/nvmap_dmabuf.c:nvmap_dmabuf_vunmap,functions_by_file,Relevant_KD_Entry_Point,0,**AIARelevantFunction Score (0)**: The function `nvmap_dmabuf_vunmap` does not involve any operations that directly relate to sharing memory with an AI Accelerator (AIA). It primarily deals with un...,None,None
94,drivers/video/tegra/nvmap/nvmap_alloc.c:nvmap_alloc_handle,functions_by_file,Relevant_KD_Entry_Point,0,**AIARelevantFunction Score (0)**: The function `nvmap_alloc_handle` does not directly interact with an AI Accelerator (AIA) or shared memory (SMem) management for an AIA. It primarily focuses on a...,None,None
95,drivers/video/tegra/nvmap/nvmap_alloc.c:alloc_handle,functions_by_file,Relevant_KD_Entry_Point,0,**AIARelevantFunction Score (0%)**: The function `alloc_handle` does not interact with an AI Accelerator (AIA) or shared memory (SMem) directly. It primarily focuses on allocating memory handles fo...,None,None
96,drivers/video/tegra/nvmap/nvmap_alloc.c:handle_page_alloc,functions_by_file,Relevant_KD_Entry_Point,0,"**AIARelevantFunction (70%)**: The function `handle_page_alloc` is responsible for allocating memory pages for a client, which is relevant for AI Accelerator integration as it manages memory that c...",[struct nvmap_handle; struct nvmap_client],[size; pages; vaddr; dma_buf; dma_buf_ro]
97,drivers/video/tegra/nvmap/nvmap_alloc.c:nvmap_altalloc,functions_by_file,Relevant_KD_Entry_Point,0,**AIARelevantFunction Score (0)**: The function `nvmap_altalloc` does not interact with any AI Accelerator (AIA) relevant operations. It is primarily focused on memory allocation using `vzalloc` an...,None,None
98,drivers/video/tegra/nvmap/nvmap_alloc.c:nvmap_alloc_pages_exact,functions_by_file,Relevant_KD_Entry_Point,0,"**AIARelevantFunction Score (0)**: The function `nvmap_alloc_pages_exact` is primarily focused on memory allocation using the `alloc_pages` function, which is part of the Linux kernel's memory mana...",None,None
99,drivers/video/tegra/nvmap/nvmap_alloc.c:is_nvmap_id_ro,functions_by_file,Relevant_KD_Entry_Point,0,**AIARelevantFunction Score (0%)**: The function `is_nvmap_id_ro` does not interact with an AI Accelerator (AIA) or shared memory management relevant to AIA operations. It primarily deals with chec...,None,None
100,drivers/video/tegra/nvmap/nvmap_alloc.c:nvmap_altfree,functions_by_file,Relevant_KD_Entry_Point,0,**AIARelevantFunction Score (0)**: The function `nvmap_altfree` does not interact with any AI Accelerator (AIA) relevant operations. It is primarily concerned with freeing memory based on the size ...,None,None
101,drivers/video/tegra/nvmap/nvmap_alloc.c:nvmap_alloc_handle_from_va,functions_by_file,Relevant_KD_Entry_Point,0,**AIARelevantFunction Score (0)**: The function `nvmap_alloc_handle_from_va` does not interact with an AI Accelerator (AIA) or shared memory management patterns that are typical for AIA integration...,None,None
102,drivers/video/tegra/nvmap/nvmap_alloc.c:alloc_handle_from_va,functions_by_file,Relevant_KD_Entry_Point,0,**AIARelevantFunction Score (80)**: The function `alloc_handle_from_va` is involved in memory management that is relevant to AI Accelerator integration. It pins user pages to memory using `nvmap_ge...,None,vaddr; size; orig_size; heap_type
103,drivers/video/tegra/nvmap/nvmap_alloc.c:nvmap_free_handle_from_fd,functions_by_file,Relevant_KD_Entry_Point,0,**AIARelevantFunction Score (0)**: The function `nvmap_free_handle_from_fd` does not interact with an AI Accelerator (AIA) or shared memory management relevant to AIA operations. It primarily deals...,None,None
104,drivers/video/tegra/nvmap/nvmap_alloc.c:nvmap_free_handle,functions_by_file,Relevant_KD_Entry_Point,0,**AIARelevantFunction Score (0%)**: The function `nvmap_free_handle` does not interact with an AI Accelerator (AIA) or shared memory (SMem) directly. It primarily deals with freeing a handle associ...,None,None
105,drivers/video/tegra/nvmap/nvmap_alloc.c:_nvmap_handle_free,functions_by_file,Relevant_KD_Entry_Point,0,**AIARelevantFunction Score (0%)**: The function `_nvmap_handle_free` does not interact with an AI Accelerator (AIA) or shared memory (SMem) directly. It primarily deals with freeing resources asso...,None,None
106,drivers/video/tegra/nvmap/nvmap_alloc.c:nvmap_heap_pgfree,functions_by_file,Relevant_KD_Entry_Point,0,**AIARelevantFunction Score (0%)**: The function `nvmap_heap_pgfree` does not involve any operations related to sharing memory with an AI Accelerator (AIA). It primarily focuses on freeing DMA memo...,None,None
107,drivers/video/tegra/nvmap/nvmap_alloc.c:nvmap_heap_pgalloc_dev,functions_by_file,Relevant_KD_Entry_Point,0,**AIARelevantFunction Score (0%)**: The function `nvmap_heap_pgalloc_dev` does not involve any operations related to shared memory (SMem) with an AI Accelerator (AIA). It primarily focuses on alloc...,None,None
108,nvgpu_dma_free_sys,dma_operations,Relevant_KD_Entry_Point,0,**AIARelevantFunction (20%)**: The function `nvgpu_dma_free_sys` primarily deals with freeing DMA memory allocated for the GPU. While it does manage memory that could be relevant for an AI Accelera...,[nvgpu_mem; sg_table],[gpu_va; cpu_va; aligned_size; size; dma_address]
109,is_nvmap_id_ro,dma_operations,Relevant_KD_Entry_Point,0,**AIARelevantFunction Score (0%)**: The function `is_nvmap_id_ro` does not interact with an AI Accelerator (AIA) or shared memory (SMem) management. It primarily deals with checking if a given NVMA...,None,None
110,nvmap_get_dmabuf_fd,dma_operations,Relevant_KD_Entry_Point,0,**AIARelevantFunction Score (0%)**: The function `nvmap_get_dmabuf_fd` does not directly interact with an AI Accelerator (AIA) or manage shared memory in a way that would typically be associated wi...,[struct nvmap_handle; struct dma_buf],[fd; size; vaddr; dma_buf; file]
111,nvgpu_mm_pin,dma_operations,Relevant_KD_Entry_Point,0,"**AIARelevantFunction Score (80)**: The function `nvgpu_mm_pin` is involved in memory management related to DMA buffers, which is critical for AI Accelerator integration. It utilizes `dma_buf_attac...",None,None
112,nvgpu_mm_pin,dma_operations,Relevant_KD_Entry_Point,0,"**AIARelevantFunction Score (80)**: The function `nvgpu_mm_pin` is involved in managing DMA buffers, which is critical for sharing memory with an AI Accelerator (AIA). It utilizes the `dma_buf_atta...",[struct dma_buf; struct dma_buf_attachment],[size; file; attachments; sg_table; dev; direction]
113,gk20a_init_error_notifier,dma_operations,Relevant_KD_Entry_Point,0,**AIARelevantFunction Score (0%)**: The function `gk20a_init_error_notifier` does not directly involve sharing memory with an AI Accelerator (AIA). It primarily deals with initializing an error not...,[struct nvgpu_set_error_notifier; struct nvgpu_notification],[mem; offset; size]
114,gk20a_channel_free_error_notifiers,dma_operations,Relevant_KD_Entry_Point,0,**AIARelevantFunction Score (0%)**: The function `gk20a_channel_free_error_notifiers` does not interact with an AI Accelerator (AIA) or shared memory management relevant to AIA operations. It prima...,None,None
115,gk20a_init_error_notifier,dma_operations,Relevant_KD_Entry_Point,0,**AIARelevantFunction Score (0)**: The function `gk20a_init_error_notifier` does not directly interact with an AI Accelerator (AIA) or manage shared memory (SMem) in a way that would qualify it as ...,[struct nvgpu_set_error_notifier; struct nvgpu_notification],[mem; offset; size]
116,nvgpu_mm_unpin,dma_operations,Relevant_KD_Entry_Point,0,**AIARelevantFunction Score (0)**: The function `nvgpu_mm_unpin` does not involve any operations that directly relate to sharing memory with an AI Accelerator (AIA). It primarily deals with unpinni...,None,None
117,nvgpu_mm_unpin,dma_operations,Relevant_KD_Entry_Point,0,**AIARelevantFunction Score (0)**: The function `nvgpu_mm_unpin` does not involve any operations that directly relate to sharing memory with an AI Accelerator (AIA). It primarily deals with unmappi...,None,None
118,nvgpu_vm_unmap_system,dma_operations,Relevant_KD_Entry_Point,0,**AIARelevantFunction Score (0%)**: The function `nvgpu_vm_unmap_system` does not involve any operations that directly relate to sharing memory with an AI Accelerator (AIA). It primarily deals with...,None,None
119,nvmap_free_handle,dma_operations,Relevant_KD_Entry_Point,0,**AIARelevantFunction Score (0)**: The function `nvmap_free_handle` does not interact with an AI Accelerator (AIA) or shared memory (SMem) management directly. It primarily deals with freeing a han...,None,None
120,nvmap_free_handle,dma_operations,Relevant_KD_Entry_Point,0,**AIARelevantFunction Score (0%)**: The function `nvmap_free_handle` does not interact with an AI Accelerator (AIA) or shared memory (SMem) in a way that would qualify it as an AIA relevant functio...,None,None
121,destroy_client,dma_operations,Relevant_KD_Entry_Point,0,**AIARelevantFunction Score (0)**: The function `destroy_client` does not interact with any AI Accelerator (AIA) relevant functions or shared memory management patterns that would typically involve...,None,None
122,destroy_client,dma_operations,Relevant_KD_Entry_Point,0,**AIARelevantFunction Score (0)**: The function `destroy_client` does not involve any operations related to sharing memory with an AI Accelerator (AIA). It primarily focuses on cleaning up resource...,None,None
123,nvgpu_os_channel_free_usermode_buffers,dma_operations,Relevant_KD_Entry_Point,0,**AIARelevantFunction Score (80)**: The function `nvgpu_os_channel_free_usermode_buffers` is involved in managing user-mode buffers associated with a GPU channel. It interacts with DMA buffers thro...,[nvgpu_usermode_buf_linux; gpfifo_desc],[dma_buf; attachment; sgt; userd_iova; userd_mem]
124,nvgpu_os_channel_free_usermode_buffers,dma_operations,Relevant_KD_Entry_Point,0,**AIARelevantFunction Score (70)**: The function `nvgpu_os_channel_free_usermode_buffers` is involved in managing user-mode buffers associated with a GPU channel. It interacts with DMA buffers thro...,[nvgpu_usermode_buf_linux; gpfifo_desc],[dmabuf; attachment; sgt]
125,user_copy:nvgpu_channel_copy_user_gpfifo,user_copy_operations,Relevant_KD_Entry_Point,0,**AIARelevantFunction Score (0)**: The function `nvgpu_channel_copy_user_gpfifo` does not directly interact with an AI Accelerator (AIA) or perform operations that would typically be associated wit...,[struct nvgpu_gpfifo_userdata],[None identified]
126,user_copy:gk20a_ctrl_get_tpc_masks,user_copy_operations,Relevant_KD_Entry_Point,0,**AIARelevantFunction Score (0)**: The function `gk20a_ctrl_get_tpc_masks` does not interact with an AI Accelerator (AIA) directly. It primarily handles user space requests to copy TPC (Texture Pro...,struct nvgpu_gpu_get_tpc_masks_args,mask_buf_addr
127,user_copy:gk20a_ctrl_get_fbp_l2_masks,user_copy_operations,Relevant_KD_Entry_Point,0,**AIARelevantFunction Score (0)**: The function `gk20a_ctrl_get_fbp_l2_masks` does not interact with an AI Accelerator (AIA) or shared memory in a manner typical of AIA-related functions. It primar...,[struct nvgpu_gpu_get_fbp_l2_masks_args],[mask_buf_addr]
128,user_copy:gk20a_ctrl_vsm_mapping,user_copy_operations,Relevant_KD_Entry_Point,0,**AIARelevantFunction Score (0)**: The function `gk20a_ctrl_vsm_mapping` does not directly involve sharing memory with an AI Accelerator (AIA). It primarily allocates and populates a buffer with GP...,[struct nvgpu_gpu_vsms_mapping],[vsms_map_buf_addr]
129,user_copy:nvgpu_gpu_get_engine_info,user_copy_operations,Relevant_KD_Entry_Point,0,"**AIARelevantFunction Score (0)**: The function `nvgpu_gpu_get_engine_info` does not interact with an AI Accelerator (AIA) or perform any operations related to shared memory management, DMA, or mem...",[struct nvgpu_gpu_get_engine_info_args; struct nvgpu_gpu_get_engine_info_item],[engine_info_buf_addr]
130,gk20a_dbg_gpu_dev_release,ioctl_operations,Relevant_KD_Entry_Point,0,**AIARelevantFunction Score (0)**: The function `gk20a_dbg_gpu_dev_release` does not involve any operations related to shared memory (SMem) with an AI Accelerator (AIA). It primarily focuses on rel...,None,None
131,gk20a_ctrl_dev_release,ioctl_operations,Relevant_KD_Entry_Point,0,**AIARelevantFunction Score (0%)**: The function `gk20a_ctrl_dev_release` does not involve any operations related to shared memory management or interactions with an AI Accelerator (AIA). It primar...,None,None
132,nvmap_open,ioctl_operations,Relevant_KD_Entry_Point,0,**AIARelevantFunction Score (0)**: The `nvmap_open` function does not interact with any AI Accelerator (AIA) relevant functions or memory management patterns that would typically involve shared mem...,None,None
133,gk20a_power_release,ioctl_operations,Relevant_KD_Entry_Point,0,**AIARelevantFunction Score (0%)**: The function `gk20a_power_release` does not involve any operations related to sharing memory with an AI Accelerator (AIA). It primarily deals with releasing powe...,None,None
134,gk20a_ctrl_dev_open,ioctl_operations,Relevant_KD_Entry_Point,0,**AIARelevantFunction Score (0%)**: The function `gk20a_ctrl_dev_open` does not interact with shared memory or perform any operations that would typically be associated with an AI Accelerator (AIA)...,None,None
135,nvgpu_get_ioctl_graphics_preempt_mode_flags,ioctl_operations,Relevant_KD_Entry_Point,0,**AIARelevantFunction Score (0)**: The function `nvgpu_get_ioctl_graphics_preempt_mode_flags` does not involve any operations related to shared memory (SMem) with an AI Accelerator (AIA). It simply...,None,None
136,nvgpu_get_ioctl_compute_preempt_mode_flags,ioctl_operations,Relevant_KD_Entry_Point,0,"**AIARelevantFunction Score (0)**: The function `nvgpu_get_ioctl_compute_preempt_mode_flags` does not involve any operations related to shared memory management, DMA, or memory mapping that are typ...",None,None
137,nvgpu_get_ioctl_graphics_preempt_mode,ioctl_operations,Relevant_KD_Entry_Point,0,**AIARelevantFunction Score (0)**: The function `nvgpu_get_ioctl_graphics_preempt_mode` does not involve any operations related to shared memory (SMem) with an AI Accelerator (AIA). It simply retur...,None,None
138,nvgpu_get_ioctl_compute_preempt_mode,ioctl_operations,Relevant_KD_Entry_Point,0,"**AIARelevantFunction Score (0)**: The function `nvgpu_get_ioctl_compute_preempt_mode` does not involve any operations related to shared memory management, DMA, or memory mapping that would typical...",None,None
139,nvgpu_ioctl_tsg_open,ioctl_operations,Relevant_KD_Entry_Point,0,**AIARelevantFunction Score (0%)**: The function `nvgpu_ioctl_tsg_open` does not involve any operations related to shared memory (SMem) with an AI Accelerator (AIA). It primarily handles the openin...,None,None
140,gk20a_as_ioctl_unmap_buffer,ioctl_operations,Relevant_KD_Entry_Point,0,**AIARelevantFunction Score (0)**: The function `gk20a_as_ioctl_unmap_buffer` does not involve any operations that directly relate to sharing memory with an AI Accelerator (AIA). It primarily focus...,None,None
141,nvmap_release,ioctl_operations,Relevant_KD_Entry_Point,0,**AIARelevantFunction Score (0%)**: The `nvmap_release` function does not involve any operations related to shared memory (SMem) with an AI Accelerator (AIA). It primarily handles the release of a ...,None,None
142,gk20a_event_id_release,ioctl_operations,Relevant_KD_Entry_Point,0,**AIARelevantFunction Score (0)**: The function `gk20a_event_id_release` does not involve any operations related to shared memory (SMem) with an AI Accelerator (AIA). It primarily deals with releas...,None,None
143,gk20a_channel_release,ioctl_operations,Relevant_KD_Entry_Point,0,**AIARelevantFunction Score (0%)**: The function `gk20a_channel_release` does not interact with shared memory or AI Accelerator (AIA) specific operations. It primarily handles the release of a chan...,None,None
144,nvgpu_ioctl_tsg_dev_release,ioctl_operations,Relevant_KD_Entry_Point,0,"**AIARelevantFunction Score (0%)**: The function `nvgpu_ioctl_tsg_dev_release` does not interact with any AI Accelerator (AIA) relevant functions such as memory mapping, DMA operations, or shared m...",None,None
145,nvgpu_ioctl_tsg_release,ioctl_operations,Relevant_KD_Entry_Point,0,**AIARelevantFunction Score (0)**: The function `nvgpu_ioctl_tsg_release` does not involve any operations related to sharing memory with an AI Accelerator (AIA). It primarily deals with releasing a...,None,None
146,gk20a_as_dev_release,ioctl_operations,Relevant_KD_Entry_Point,0,**AIARelevantFunction Score (0%)**: The function `gk20a_as_dev_release` does not perform any operations related to shared memory management or interactions with an AI Accelerator (AIA). It simply r...,None,None
1,nvmap_ioctl_getfd,dma_operations,Message_Structure_Handling,100,**AIARelevantFunction Score (0%)**: The function `nvmap_ioctl_getfd` does not directly interact with an AI Accelerator (AIA) or shared memory management patterns typically associated with AIA integ...,[nvmap_create_handle],[handle; fd]
2,user_copy:nvgpu_channel_copy_user_gpfifo,user_copy_operations,Message_Structure_Handling,100,**AIARelevantFunction Score (0)**: The function `nvgpu_channel_copy_user_gpfifo` does not directly interact with an AI Accelerator (AIA) or perform operations that would typically be associated wit...,[struct nvgpu_gpfifo_userdata],[None identified]
3,user_copy:gk20a_ctrl_ioctl_gpu_characteristics,user_copy_operations,Message_Structure_Handling,100,**AIARelevantFunction Score (0)**: The function `gk20a_ctrl_ioctl_gpu_characteristics` does not directly involve sharing memory with an AI Accelerator (AIA). It primarily retrieves GPU characterist...,[struct nvgpu_gpu_get_characteristics],[gpu_characteristics_buf_addr; gpu_characteristics_buf_size]
4,user_copy:gk20a_ctrl_get_tpc_masks,user_copy_operations,Message_Structure_Handling,100,**AIARelevantFunction Score (0)**: The function `gk20a_ctrl_get_tpc_masks` does not interact with an AI Accelerator (AIA) directly. It primarily handles user space requests to copy TPC (Texture Pro...,struct nvgpu_gpu_get_tpc_masks_args,mask_buf_addr
5,user_copy:gk20a_ctrl_get_fbp_l2_masks,user_copy_operations,Message_Structure_Handling,100,**AIARelevantFunction Score (0)**: The function `gk20a_ctrl_get_fbp_l2_masks` does not interact with an AI Accelerator (AIA) or shared memory in a manner typical of AIA-related functions. It primar...,[struct nvgpu_gpu_get_fbp_l2_masks_args],[mask_buf_addr]
6,user_copy:gk20a_ctrl_vsm_mapping,user_copy_operations,Message_Structure_Handling,100,**AIARelevantFunction Score (0)**: The function `gk20a_ctrl_vsm_mapping` does not directly involve sharing memory with an AI Accelerator (AIA). It primarily allocates and populates a buffer with GP...,[struct nvgpu_gpu_vsms_mapping],[vsms_map_buf_addr]
7,user_copy:nvgpu_gpu_get_engine_info,user_copy_operations,Message_Structure_Handling,100,"**AIARelevantFunction Score (0)**: The function `nvgpu_gpu_get_engine_info` does not interact with an AI Accelerator (AIA) or perform any operations related to shared memory management, DMA, or mem...",[struct nvgpu_gpu_get_engine_info_args; struct nvgpu_gpu_get_engine_info_item],[engine_info_buf_addr]
8,user_copy:nvmap_ioctl_query_heap_params,user_copy_operations,Message_Structure_Handling,100,**AIARelevantFunction Score (0)**: The function `nvmap_ioctl_query_heap_params` does not directly interact with an AI Accelerator (AIA) or manage shared memory (SMem) in a way that would be relevan...,[struct nvmap_query_heap_params],[heap_mask; total; free; largest_free_block]
9,user_copy:nvmap_ioctl_query_heap_params,user_copy_operations,Message_Structure_Handling,100,**AIARelevantFunction Score (0)**: The function `nvmap_ioctl_query_heap_params` does not directly interact with an AI Accelerator (AIA) or perform operations related to shared memory management for...,[struct nvmap_query_heap_params],[heap_mask; total; free; largest_free_block]
10,user_copy:nvgpu_gpu_clk_get_info,user_copy_operations,Message_Structure_Handling,100,**AIARelevantFunction Score (0)**: The function `nvgpu_gpu_clk_get_info` does not interact with an AI Accelerator (AIA) or shared memory (SMem) in a manner typical of AIA-related functions. It prim...,[struct nvgpu_gpu_clk_get_info_args; struct nvgpu_gpu_clk_info],[clk_info_entries]
11,user_copy:nvgpu_ioctl_tsg_dev_ioctl,user_copy_operations,Message_Structure_Handling,100,**AIARelevantFunction Score (0)**: The function `nvgpu_ioctl_tsg_dev_ioctl` does not directly interact with an AI Accelerator (AIA) or manage shared memory for an AIA. It primarily handles IOCTL co...,[nvgpu_tsg_bind_channel_ex_args; nvgpu_event_id_ctrl_args; nvgpu_runlist_interleave_args; nvgpu_timeslice_args; nvgpu_tsg_read_single_sm_error_state_args; nvgpu_tsg_l2_max_ways_evict_last_args; nvgpu_tsg_set_l2_sector_promotion_args],[channel_fd; event_fd; record_mem; record_size; max_ways; promotion_flag]
12,gk20a_ctrl_ioctl_gpu_characteristics,ioctl_operations,Message_Structure_Handling,100,**AIARelevantFunction Score (0)**: The function `gk20a_ctrl_ioctl_gpu_characteristics` does not involve any operations related to sharing memory with an AI Accelerator (AIA). It primarily retrieves...,[struct nvgpu_gpu_get_characteristics; struct nvgpu_gpu_characteristics],[gpu_characteristics_buf_addr; gpu_instance_id; gr_instance_id]
13,nvgpu_as_ioctl_get_sync_ro_map,ioctl_operations,Message_Structure_Handling,100,**AIARelevantFunction Score (0)**: The function `nvgpu_as_ioctl_get_sync_ro_map` does not directly interact with shared memory or perform operations that would typically be associated with an AI Ac...,[struct nvgpu_as_get_sync_ro_map_args],[base_gpuva; sync_size; num_syncpoints]
14,nvmap_ioctl_query_heap_params,ioctl_operations,Message_Structure_Handling,100,**AIARelevantFunction Score (0)**: The function `nvmap_ioctl_query_heap_params` does not directly interact with an AI Accelerator (AIA) or perform operations related to shared memory management for...,[struct nvmap_query_heap_params],[heap_mask; total; free; largest_free_block]
15,nvgpu_ioctl_channel_get_user_syncpoint,ioctl_operations,Message_Structure_Handling,100,"**AIARelevantFunction Score (0)**: The function `nvgpu_ioctl_channel_get_user_syncpoint` does not directly involve sharing memory with an AI Accelerator (AIA). Instead, it focuses on managing user ...",[struct nvgpu_get_user_syncpoint_args],[gpu_va; syncpoint_id; syncpoint_max]
16,nvgpu_vm_map_buffer,dma_operations,Message_Structure_Handling,90,"**AIARelevantFunction Score (80)**: The function `nvgpu_vm_map_buffer` is involved in mapping a DMA buffer to a virtual address space, which is critical for enabling an AI Accelerator (AIA) to acce...",[vm_gk20a_mapping_batch],[dma_buf_fd; buffer_offset; mapping_size; *map_addr]
17,nvgpu_vm_map_buffer,dma_operations,Message_Structure_Handling,90,"**AIARelevantFunction Score (80)**: The function `nvgpu_vm_map_buffer` is involved in mapping a DMA buffer to a virtual address space, which is critical for enabling the AI Accelerator (AIA) to acc...",[vm_gk20a_mapping_batch],[buffer_offset; mapping_size; *map_addr; dmabuf->size]
18,nvgpu_usermode_buf_from_dmabuf,dma_operations,Message_Structure_Handling,90,"**AIARelevantFunction Score (80)**: The function `nvgpu_usermode_buf_from_dmabuf` is involved in managing DMA buffers, which are critical for sharing memory between the CPU and an AI Accelerator (A...",[struct nvgpu_usermode_buf_linux; struct nvgpu_mem; struct dma_buf; struct dma_buf_attachment; struct sg_table],[gpu_va; cpu_va; size; dmabuf; attachment; sgt]
19,gk20a_init_error_notifier,dma_operations,Message_Structure_Handling,90,**AIARelevantFunction Score (0)**: The function `gk20a_init_error_notifier` does not directly involve sharing memory with an AI Accelerator (AIA). It primarily deals with initializing an error noti...,[struct nvgpu_set_error_notifier; struct nvgpu_notification],[args->mem; priv->error_notifier.notification; priv->error_notifier.vaddr]
20,user_copy:nvmap_ioctl_get_available_heaps,user_copy_operations,Message_Structure_Handling,90,"**AIARelevantFunction Score (0)**: The function `nvmap_ioctl_get_available_heaps` does not directly interact with an AI Accelerator (AIA) or perform operations related to shared memory management, ...",[struct nvmap_available_heaps],[None identified]
21,user_copy:nvgpu_gpu_clk_get_range,user_copy_operations,Message_Structure_Handling,90,**AIARelevantFunction Score (0%)**: The function `nvgpu_gpu_clk_get_range` does not interact with an AI Accelerator (AIA) directly. It primarily deals with GPU clock range retrieval and does not in...,[struct nvgpu_gpu_clk_range_args; struct nvgpu_gpu_clk_range],[clk_range_entries; min_hz; max_hz]
22,user_copy:gk20a_as_ioctl_get_va_regions,user_copy_operations,Message_Structure_Handling,90,"**AIARelevantFunction Score (70)**: The function `gk20a_as_ioctl_get_va_regions` is involved in managing virtual address regions, which is relevant for AI Accelerator (AIA) operations. It interacts...",[struct nvgpu_as_get_va_regions_args; struct nvgpu_as_va_region],[buf_addr; buf_size; offset; pages]
23,user_copy:nvgpu_gpu_clk_get_info,user_copy_operations,Message_Structure_Handling,90,**AIARelevantFunction Score (0%)**: The function `nvgpu_gpu_clk_get_info` does not directly interact with an AI Accelerator (AIA) or manage shared memory for an AIA. It primarily retrieves clock in...,[nvgpu_gpu_clk_get_info_args; nvgpu_gpu_clk_info],[clk_info_entries; clk_domain; freq_hz]
24,user_copy:nvmap_ioctl_getfd,user_copy_operations,Message_Structure_Handling,90,**AIARelevantFunction Score (0)**: The function `nvmap_ioctl_getfd` does not directly interact with an AI Accelerator (AIA) or shared memory management patterns typically associated with AIA integr...,[nvmap_create_handle],[handle; fd]
25,user_copy:nvmap_install_fd,user_copy_operations,Message_Structure_Handling,90,"**AIARelevantFunction Score (70)**: The function `nvmap_install_fd` interacts with a `dma_buf`, which is a critical structure for managing shared memory between the CPU and an AI Accelerator (AIA)....",[nvmap_handle_info; dma_buf],[file descriptor (fd); dma_buf; nvmap_handle]
26,nvmap_ioctl_get_available_heaps,ioctl_operations,Message_Structure_Handling,90,**AIARelevantFunction (0%)**: The function `nvmap_ioctl_get_available_heaps` does not involve any direct interaction with an AI Accelerator (AIA) or shared memory management that would typically be...,[struct nvmap_available_heaps],[None identified]
27,gk20a_as_ioctl_get_va_regions,ioctl_operations,Message_Structure_Handling,90,**AIARelevantFunction (0%)**: The function `gk20a_as_ioctl_get_va_regions` does not directly interact with an AI Accelerator (AIA) or manage shared memory (SMem) in a way that would qualify as an A...,[struct nvgpu_as_get_va_regions_args; struct nvgpu_as_va_region],[buf_addr; offset; pages]
28,gk20a_as_ioctl_alloc_space,ioctl_operations,Message_Structure_Handling,90,"**AIARelevantFunction Score (70)**: The function `gk20a_as_ioctl_alloc_space` is responsible for allocating space in the GPU's address space, which is relevant for AI Accelerator integration. It ut...",[struct nvgpu_as_alloc_space_args],[pages; page_size; flags]
29,nvmap_ioctl_getfd,ioctl_operations,Message_Structure_Handling,90,**AIARelevantFunction Score (0)**: The function `nvmap_ioctl_getfd` does not directly interact with an AI Accelerator (AIA) or manage shared memory (SMem) in a way that would qualify it as an AIA r...,[nvmap_create_handle],[handle; fd]
30,gk20a_as_ioctl_map_buffer_ex,ioctl_operations,Message_Structure_Handling,90,**AIARelevantFunction Score (70%)**: The function `gk20a_as_ioctl_map_buffer_ex` is involved in mapping a buffer for the AI Accelerator (AIA) by utilizing the `nvgpu_vm_map_buffer` function. This i...,[nvgpu_as_map_buffer_ex_args],[dmabuf_fd; buffer_offset; mapping_size; offset]
31,nvgpu_gpu_ioctl_register_buffer,dma_operations,Message_Structure_Handling,85,**AIARelevantFunction Score (80)**: The function `nvgpu_gpu_ioctl_register_buffer` is involved in registering a buffer for use with an AI accelerator. It utilizes the `dma_buf_get` function to obta...,[struct nvgpu_gpu_register_buffer_args],[dmabuf_fd; metadata_addr; metadata_size]
32,nvgpu_vm_map_buffer,dma_operations,Message_Structure_Handling,85,"**AIARelevantFunction Score (90)**: The function `nvgpu_vm_map_buffer` is heavily involved in managing memory mappings for a GPU, which is critical for AI Accelerator (AIA) operations. It utilizes ...",[vm_gk20a_mapping_batch],[dma_buf; u64 buffer_offset; u64 mapping_size; u64 *map_addr]
33,user_copy:gk20a_channel_ioctl,user_copy_operations,Message_Structure_Handling,85,"**AIARelevantFunction Score (70)**: The function `gk20a_channel_ioctl` interacts with various structures that manage GPU channels and their operations, which can involve shared memory management. I...",[nvgpu_alloc_obj_ctx_args; nvgpu_channel_setup_bind_args; nvgpu_alloc_gpfifo_ex_args; nvgpu_wait_args; nvgpu_set_error_notifier; nvgpu_set_timeout_args; nvgpu_set_timeout_ex_args; nvgpu_get_param_args],[userd_dmabuf_fd; gpfifo_dmabuf_fd; userd_dmabuf_offset; gpfifo_dmabuf_offset; obj_id]
34,user_copy:gk20a_channel_ioctl,user_copy_operations,Message_Structure_Handling,85,"**AIARelevantFunction Score (80)**: The function `gk20a_channel_ioctl` interacts with various structures that manage GPU channels and their operations, which are relevant for AI Accelerator integra...",[nvgpu_channel_open_args; nvgpu_alloc_obj_ctx_args; nvgpu_channel_setup_bind_args; nvgpu_alloc_gpfifo_ex_args; nvgpu_submit_gpfifo_args; nvgpu_wait_args; nvgpu_set_error_notifier; nvgpu_set_timeout_args; nvgpu_set_timeout_ex_args; nvgpu_get_param_args],[chid; tsgid; userd_dmabuf_fd; gpfifo_dmabuf_fd; userd_dmabuf_offset; gpfifo_dmabuf_offset; obj_id]
35,user_copy:gk20a_ctrl_dev_ioctl,user_copy_operations,Message_Structure_Handling,85,"**AIARelevantFunction Score (80)**: The function `gk20a_ctrl_dev_ioctl` is involved in handling various IOCTL commands that interact with the GPU, including memory management and configuration for ...",[nvgpu_gpu_zcull_get_ctx_size_args; nvgpu_gpu_zcull_get_info_args; nvgpu_gpu_zbc_set_table_args; nvgpu_gpu_zbc_query_table_args; nvgpu_gpu_get_characteristics; nvgpu_gpu_prepare_compressible_read_args; nvgpu_gpu_mark_compressible_write_args; nvgpu_alloc_as_args; nvgpu_gpu_open_tsg_args; nvgpu_gpu_get_tpc_masks_args; nvgpu_gpu_get_fbp_l2_masks_args; nvgpu_channel_open_args; nvgpu_gpu_l2_fb_args; nvgpu_gpu_mmu_debug_mode_args; nvgpu_gpu_sm_debug_mode_args],[handle; gpu_instance_id; gr_instance_id; va_range_start; va_range_end; va_range_split; syncpt_unit_base; syncpt_size; userd_iova]
36,user_copy:gk20a_as_dev_ioctl,user_copy_operations,Message_Structure_Handling,85,**AIARelevantFunction Score (80)**: The function `gk20a_as_dev_ioctl` is involved in handling various IOCTL commands that interact with the AI Accelerator (AIA). It includes operations that allocat...,[nvgpu_as_bind_channel_args; nvgpu32_as_alloc_space_args; nvgpu_as_alloc_space_args; nvgpu_as_free_space_args; nvgpu_as_map_buffer_ex_args; nvgpu_as_unmap_buffer_args; nvgpu_as_get_va_regions_args; nvgpu_as_map_buffer_batch_args; nvgpu_as_get_sync_ro_map_args; nvgpu_as_mapping_modify_args; nvgpu_as_remap_args],[channel_fd; pages; page_size; flags; offset; buffer_offset; buffer_size; base_gpuva; num_syncpoints]
37,user_copy:gk20a_as_dev_ioctl,user_copy_operations,Message_Structure_Handling,85,**AIARelevantFunction Score (80)**: The function `gk20a_as_dev_ioctl` is involved in managing memory operations that are relevant to the AI Accelerator (AIA). It handles various IOCTL commands that...,[nvgpu_as_alloc_space_args; nvgpu_as_free_space_args; nvgpu_as_map_buffer_ex_args; nvgpu_as_unmap_buffer_args; nvgpu_as_get_va_regions_args; nvgpu_as_map_buffer_batch_args; nvgpu_as_get_sync_ro_map_args; nvgpu_as_mapping_modify_args; nvgpu_as_remap_args],[offset; pages; page_size; buffer_offset; buffer_size; base_gpuva]
38,user_copy:nvgpu_gpu_ioctl_register_buffer,user_copy_operations,Message_Structure_Handling,85,"**AIARelevantFunction Score (80)**: The function `nvgpu_gpu_ioctl_register_buffer` is involved in registering a buffer for use with the GPU, which includes handling metadata and DMA buffers. It use...",[struct nvgpu_gpu_register_buffer_args],[dmabuf_fd; metadata_addr; metadata_size; flags]
39,user_copy:nvgpu_ioctl_tsg_dev_ioctl,user_copy_operations,Message_Structure_Handling,85,"**AIARelevantFunction Score (70)**: The function `nvgpu_ioctl_tsg_dev_ioctl` interacts with various aspects of the GPU's task scheduling and management, which can involve shared memory operations r...",[nvgpu_tsg_bind_channel_ex_args; nvgpu_event_id_ctrl_args; nvgpu_runlist_interleave_args; nvgpu_timeslice_args; nvgpu_tsg_read_single_sm_error_state_args; nvgpu_tsg_l2_max_ways_evict_last_args; nvgpu_tsg_set_l2_sector_promotion_args],[channel_fd; event_id; event_fd; timeslice_us; max_ways; promotion_flag; record_mem]
40,user_copy:nvmap_ioctl_create_from_va,user_copy_operations,Message_Structure_Handling,85,"**AIARelevantFunction Score (80)**: The function `nvmap_ioctl_create_from_va` is involved in creating a handle from a virtual address, which is relevant for memory management in the context of an A...",[struct nvmap_create_handle_from_va],[va; size; flags; handle]
41,gk20a_channel_ioctl,ioctl_operations,Message_Structure_Handling,85,**AIARelevantFunction Score (80)**: The function `gk20a_channel_ioctl` interacts with various structures that are relevant for managing channels in the context of GPU operations. It handles command...,[nvgpu_channel_open_args; nvgpu_alloc_obj_ctx_args; nvgpu_channel_setup_bind_args; nvgpu_alloc_gpfifo_ex_args; nvgpu_wait_args; nvgpu_set_error_notifier; nvgpu_set_timeout_args; nvgpu_set_timeout_ex_args; nvgpu_get_param_args],[chid; tsgid; userd_dmabuf_fd; gpfifo_dmabuf_fd; userd_iova; userd_offset]
42,gk20a_ioctl_channel_submit_gpfifo,ioctl_operations,Message_Structure_Handling,85,"**AIARelevantFunction Score (80)**: The function `gk20a_ioctl_channel_submit_gpfifo` is involved in submitting a GPU FIFO command, which is closely related to the AI Accelerator's operations. It ha...",[nvgpu_submit_gpfifo_args; nvgpu_channel_fence; nvgpu_user_fence; nvgpu_gpfifo_userdata],[fence.id; fence.value; args.gpfifo; args.num_entries; args.flags]
43,gk20a_ctrl_dev_ioctl,ioctl_operations,Message_Structure_Handling,85,**AIARelevantFunction Score (80)**: The function `gk20a_ctrl_dev_ioctl` interacts with various GPU operations that involve memory management and communication with the AI Accelerator (AIA). It hand...,[nvgpu_gpu_zcull_get_ctx_size_args; nvgpu_gpu_zcull_get_info_args; nvgpu_gpu_zbc_set_table_args; nvgpu_gpu_zbc_query_table_args; nvgpu_gpu_get_characteristics; nvgpu_gpu_prepare_compressible_read_args; nvgpu_gpu_mark_compressible_write_args; nvgpu_alloc_as_args; nvgpu_gpu_open_tsg_args; nvgpu_gpu_get_tpc_masks_args; nvgpu_gpu_get_fbp_l2_masks_args; nvgpu_channel_open_args; nvgpu_gpu_l2_fb_args; nvgpu_gpu_mmu_debug_mode_args; nvgpu_gpu_sm_debug_mode_args],[handle; offset; va_range_start; va_range_end; va_range_split; zbc_color; tsg_fd; mask_buf_addr; syncpt_unit_base; syncpt_size]
44,gk20a_as_dev_ioctl,ioctl_operations,Message_Structure_Handling,85,**AIARelevantFunction Score (80%)**: The function `gk20a_as_dev_ioctl` interacts with various memory management operations that are relevant for an AI Accelerator (AIA). It includes operations that...,[nvgpu_as_bind_channel_args; nvgpu32_as_alloc_space_args; nvgpu_as_alloc_space_args; nvgpu_as_free_space_args; nvgpu_as_map_buffer_ex_args; nvgpu_as_unmap_buffer_args; nvgpu_as_get_va_regions_args; nvgpu_as_map_buffer_batch_args; nvgpu_as_get_sync_ro_map_args; nvgpu_as_mapping_modify_args; nvgpu_as_remap_args],[channel_fd; pages; page_size; flags; buffer_offset; mapping_size; offset; base_gpuva; sync_size; num_syncpoints]
45,nvgpu_ioctl_tsg_dev_ioctl,ioctl_operations,Message_Structure_Handling,85,"**AIARelevantFunction Score (70)**: The function `nvgpu_ioctl_tsg_dev_ioctl` interacts with various aspects of the GPU's task scheduling and channel binding, which are relevant for AI Accelerator i...",[nvgpu_tsg_bind_channel_ex_args; nvgpu_tsg_bind_scheduling_domain_args; nvgpu_runlist_interleave_args; nvgpu_timeslice_args; nvgpu_tsg_read_single_sm_error_state_args; nvgpu_tsg_l2_max_ways_evict_last_args; nvgpu_tsg_set_l2_sector_promotion_args],[channel_fd; domain_fd; timeslice_us; max_ways; promotion_flag]
46,nvmap_ioctl_create_from_va,ioctl_operations,Message_Structure_Handling,85,"**AIARelevantFunction Score (80)**: The function `nvmap_ioctl_create_from_va` is involved in creating a handle from a virtual address, which is a critical operation for managing shared memory betwe...",[nvmap_create_handle_from_va],[handle; fd; va; size; flags]
47,drivers/video/tegra/nvmap/nvmap_dmabuf.c:_nvmap_dmabuf_map_dma_buf,functions_by_file,Message_Structure_Handling,80,"**AIARelevantFunction Score (90)**: The function `_nvmap_dmabuf_map_dma_buf` is heavily involved in managing DMA buffers, which is critical for AI Accelerator integration. It utilizes functions lik...",[struct dma_buf_attachment; struct nvmap_handle_info; struct sg_table; struct dma_buf],[dma_address; phys_addr; size; flags; vaddr; dma_buf; file descriptor]
48,__dma_buf_export,dma_operations,Message_Structure_Handling,80,"**AIARelevantFunction (70%)**: The function `__dma_buf_export` is involved in exporting a DMA buffer, which is relevant for AI Accelerator integration as it deals with memory management and buffer ...",[dma_buf_export_info; nvmap_handle_info],[phys_addr_t; dma_buf*; nvmap_handle*; size_t]
49,nvmap_handle_get_from_id,dma_operations,Message_Structure_Handling,80,"**AIARelevantFunction Score (70)**: The function `nvmap_handle_get_from_id` interacts with DMA buffers, which are crucial for memory management in AI Accelerator contexts. It retrieves a `dma_buf` ...",[struct nvmap_handle_info; struct nvmap_handle; struct dma_buf],[dma_buf; nvmap_handle; nvmap_client]
50,nvmap_handle_get_from_id,dma_operations,Message_Structure_Handling,80,"**AIARelevantFunction (60%)**: The function `nvmap_handle_get_from_id` interacts with DMA buffers, which are crucial for memory management in AI Accelerator contexts. It uses `dma_buf_get` and `dma...",[nvmap_handle_info; dma_buf],[dma_buf; nvmap_handle; nvmap_client]
51,nvmap_handle_get_from_id,dma_operations,Message_Structure_Handling,80,"**AIARelevantFunction Score (70%)**: The function `nvmap_handle_get_from_id` interacts with DMA buffers, which are crucial for memory sharing between the CPU and AI Accelerators (AIA). It uses `dma...",[nvmap_handle_info; dma_buf],[dma_buf; nvmap_handle; nvmap_client]
52,nvmap_handle_get_from_id,dma_operations,Message_Structure_Handling,80,"**AIARelevantFunction Score (60)**: The function `nvmap_handle_get_from_id` interacts with DMA buffers, which are often used in AI Accelerator contexts for memory management. It retrieves a `dma_bu...",[nvmap_handle_info; dma_buf],[dma_buf*; nvmap_handle*; nvmap_client*]
53,nvmap_get_dmabuf_fd,dma_operations,Message_Structure_Handling,80,**AIARelevantFunction Score (0%)**: The function `nvmap_get_dmabuf_fd` does not directly interact with an AI Accelerator (AIA) or manage shared memory in a way that would typically be associated wi...,[struct nvmap_handle; struct dma_buf],[fd; size; vaddr; dma_buf; file]
54,nvgpu_gpu_ioctl_register_buffer,dma_operations,Message_Structure_Handling,80,"**AIARelevantFunction Score (70)**: The function `nvgpu_gpu_ioctl_register_buffer` is involved in registering a buffer for use with the GPU, which includes handling DMA buffers. It utilizes the `dm...",[struct nvgpu_gpu_register_buffer_args],[dmabuf_fd; metadata_addr; metadata_size]
55,gk20a_init_error_notifier,dma_operations,Message_Structure_Handling,80,**AIARelevantFunction Score (0%)**: The function `gk20a_init_error_notifier` does not directly involve sharing memory with an AI Accelerator (AIA). It primarily deals with initializing an error not...,[struct nvgpu_set_error_notifier; struct nvgpu_notification],[mem; offset; size]
56,gk20a_init_error_notifier,dma_operations,Message_Structure_Handling,80,**AIARelevantFunction Score (0)**: The function `gk20a_init_error_notifier` does not directly interact with an AI Accelerator (AIA) or manage shared memory (SMem) in a way that would qualify it as ...,[struct nvgpu_set_error_notifier; struct nvgpu_notification],[mem; offset; size]
57,user_copy:gk20a_ctrl_dev_ioctl,user_copy_operations,Message_Structure_Handling,80,**AIARelevantFunction Score (0%)**: The function `gk20a_ctrl_dev_ioctl` does not directly interact with an AI Accelerator (AIA) or manage shared memory (SMem) for an AIA. It primarily serves as an ...,[nvgpu_gpu_zcull_get_ctx_size_args; nvgpu_gpu_zcull_get_info_args; nvgpu_gpu_zbc_set_table_args; nvgpu_gpu_zbc_query_table_args; nvgpu_gpu_get_characteristics; nvgpu_gpu_prepare_compressible_read_args; nvgpu_gpu_mark_compressible_write_args; nvgpu_alloc_as_args; nvgpu_gpu_open_tsg_args; nvgpu_gpu_get_tpc_masks_args; nvgpu_gpu_get_fbp_l2_masks_args; nvgpu_channel_open_args; nvgpu_gpu_l2_fb_args; nvgpu_gpu_mmu_debug_mode_args; nvgpu_gpu_sm_debug_mode_args],[as_fd; va_range_start; va_range_end; va_range_split; gpu_characteristics_buf_addr; handle; offset; zbc_color]
58,user_copy:nvmap_ioctl_create,user_copy_operations,Message_Structure_Handling,80,"**AIARelevantFunction Score (70)**: The function `nvmap_ioctl_create` is involved in creating a handle for shared memory, which is relevant for AI Accelerator integration. It interacts with DMA buf...",[nvmap_create_handle],[handle; fd; size; orig_size; dma_buf]
59,user_copy:nvmap_ioctl_create,user_copy_operations,Message_Structure_Handling,80,"**AIARelevantFunction Score (70)**: The function `nvmap_ioctl_create` is involved in memory management and buffer handling, which is relevant for AI Accelerator integration. It creates a handle for...",[nvmap_create_handle],[handle; handle64; fd; size; orig_size; vaddr; dma_buf]
60,user_copy:nvmap_ioctl_alloc,user_copy_operations,Message_Structure_Handling,80,"**AIARelevantFunction (70%)**: The function `nvmap_ioctl_alloc` is involved in memory allocation for an AI accelerator, specifically through the use of the `nvmap_alloc_handle` structure. It checks...",[struct nvmap_alloc_handle],[handle; heap_mask; flags; align; size; vaddr]
61,user_copy:nvmap_ioctl_create_from_va,user_copy_operations,Message_Structure_Handling,80,"**AIARelevantFunction Score (70)**: The function `nvmap_ioctl_create_from_va` interacts with shared memory through the `nvmap_create_handle_from_va` structure, which contains fields like `va` (virt...",[struct nvmap_create_handle_from_va],[op.va; op.size; op.flags; op.handle]
62,nvmap_ioctl,ioctl_operations,Message_Structure_Handling,80,"**AIARelevantFunction Score (70)**: The function `nvmap_ioctl` is involved in handling various IOCTL commands related to memory management, which can include operations relevant to AI Accelerators ...",[struct nvmap_rw_handle; struct nvmap_cache_op; struct nvmap_cache_op_32; struct nvmap_cache_op_64],[addr; handle]
63,nvmap_ioctl_create,ioctl_operations,Message_Structure_Handling,80,"**AIARelevantFunction (70%)**: The function `nvmap_ioctl_create` is involved in creating a handle for shared memory, which is relevant for AI Accelerator integration. It utilizes `dma_buf` structur...",[nvmap_create_handle],[handle; handle64; fd]
64,nvmap_ioctl_alloc,ioctl_operations,Message_Structure_Handling,80,"**AIARelevantFunction (70%)**: The function `nvmap_ioctl_alloc` is involved in memory allocation for an AI accelerator, as it handles the allocation of memory buffers that can be shared with the ac...",[nvmap_alloc_handle],[handle; heap_mask; flags; align]
65,nvgpu_gpu_ioctl_register_buffer,ioctl_operations,Message_Structure_Handling,80,"**AIARelevantFunction Score (70)**: The function `nvgpu_gpu_ioctl_register_buffer` interacts with a DMA buffer, which is relevant for AI Accelerator integration. It uses `dma_buf_get` to retrieve a...",[struct nvgpu_gpu_register_buffer_args],[dmabuf_fd; metadata_addr; metadata_size]
66,gk20a_tsg_ioctl_bind_channel_ex,ioctl_operations,Message_Structure_Handling,80,**AIARelevantFunction Score (0)**: The function `gk20a_tsg_ioctl_bind_channel_ex` does not directly interact with an AI Accelerator (AIA) or manage shared memory (SMem) for an AIA. It primarily dea...,[nvgpu_tsg_bind_channel_ex_args],[channel_fd; subcontext_id]
67,drivers/gpu/nvgpu/os/linux/linux-dma.c:nvgpu_dma_alloc_flags_sys,functions_by_file,Message_Structure_Handling,70,"**AIARelevantFunction Score (80)**: The function `nvgpu_dma_alloc_flags_sys` is involved in allocating DMA memory, which is critical for AI Accelerator (AIA) operations. It utilizes functions like ...",[nvgpu_mem; sg_table],[gpu_va; cpu_va; dma_address; iova; size]
68,nvgpu_vm_map_buffer,dma_operations,Message_Structure_Handling,70,"**AIARelevantFunction Score (80)**: The function `nvgpu_vm_map_buffer` is involved in mapping a DMA buffer to a virtual address space, which is critical for enabling an AI Accelerator (AIA) to acce...",[vm_gk20a_mapping_batch],[dma_buf_fd; buffer_offset; mapping_size; *map_addr]
69,nvgpu_vm_map_buffer,dma_operations,Message_Structure_Handling,70,"**AIARelevantFunction Score (80%)**: The function `nvgpu_vm_map_buffer` is involved in mapping a DMA buffer to a virtual address space, which is critical for enabling an AI Accelerator (AIA) to acc...",[vm_gk20a_mapping_batch],[dma_buf_fd; buffer_offset; mapping_size; *map_addr]
70,nvgpu_vm_map_buffer,dma_operations,Message_Structure_Handling,70,"**AIARelevantFunction Score (80)**: The function `nvgpu_vm_map_buffer` is involved in mapping a DMA buffer to a virtual address space, which is crucial for enabling the AI Accelerator (AIA) to acce...",[vm_gk20a_mapping_batch],[buffer_offset; mapping_size; *map_addr; dmabuf_fd]
71,nvgpu_vm_map_buffer,dma_operations,Message_Structure_Handling,70,"**AIARelevantFunction Score (80)**: The function `nvgpu_vm_map_buffer` is involved in mapping a DMA buffer to a virtual address space, which is critical for enabling access to shared memory between...",[vm_gk20a_mapping_batch],[dma_buf_fd; buffer_offset; mapping_size; *map_addr]
72,nvgpu_mm_pin,dma_operations,Message_Structure_Handling,70,"**AIARelevantFunction (90%)**: The function `nvgpu_mm_pin` is heavily involved in memory management for DMA operations, which is critical for AI Accelerator (AIA) integration. It utilizes `dma_buf_...",[struct dma_buf; struct dma_buf_attachment; struct sg_table],[dma_address; user virtual address; physical address; DMA address]
73,nvgpu_os_channel_free_usermode_buffers,dma_operations,Message_Structure_Handling,70,**AIARelevantFunction Score (80)**: The function `nvgpu_os_channel_free_usermode_buffers` is involved in managing user-mode buffers associated with a GPU channel. It interacts with DMA buffers thro...,[nvgpu_usermode_buf_linux; gpfifo_desc],[dma_buf; attachment; sgt; userd_iova; userd_mem]
74,drivers/gpu/nvgpu/os/linux/linux-dma.c:nvgpu_get_sgtable_from_pages,functions_by_file,Message_Structure_Handling,60,**AIARelevantFunction Score (70%)**: The function `nvgpu_get_sgtable_from_pages` is involved in managing memory for an AI Accelerator (AIA) by allocating a scatter-gather table (`sg_table`) from us...,None,None
75,drivers/video/tegra/nvmap/nvmap_dmabuf.c:_nvmap_dmabuf_unmap_dma_buf,functions_by_file,Message_Structure_Handling,60,"**AIARelevantFunction Score (40)**: The function `_nvmap_dmabuf_unmap_dma_buf` deals with unmapping a DMA buffer, which is relevant to memory management between the CPU and an AI Accelerator (AIA)....",[struct dma_buf_attachment; struct sg_table; struct nvmap_handle_info],[dma_buf; device; dma_addr_t; nvmap_handle; heap_type]
76,drivers/video/tegra/nvmap/nvmap_alloc.c:handle_page_alloc,functions_by_file,Message_Structure_Handling,60,"**AIARelevantFunction (70%)**: The function `handle_page_alloc` is responsible for allocating memory pages for a client, which is relevant for AI Accelerator integration as it manages memory that c...",[struct nvmap_handle; struct nvmap_client],[size; pages; vaddr; dma_buf; dma_buf_ro]
77,drivers/video/tegra/nvmap/nvmap_alloc.c:alloc_handle_from_va,functions_by_file,Message_Structure_Handling,60,**AIARelevantFunction Score (80)**: The function `alloc_handle_from_va` is involved in memory management that is relevant to AI Accelerator integration. It pins user pages to memory using `nvmap_ge...,None,vaddr; size; orig_size; heap_type
78,nvgpu_mm_pin,dma_operations,Message_Structure_Handling,60,"**AIARelevantFunction Score (80)**: The function `nvgpu_mm_pin` is involved in managing DMA buffers, which is critical for sharing memory with an AI Accelerator (AIA). It utilizes the `dma_buf_atta...",[struct dma_buf; struct dma_buf_attachment],[size; file; attachments; sg_table; dev; direction]
79,nvmap_ioctl_free,dma_operations,Message_Structure_Handling,60,**AIARelevantFunction Score (0)**: The function `nvmap_ioctl_free` does not directly involve any operations related to sharing memory with an AI Accelerator (AIA). It primarily deals with freeing a...,[None identified],[None identified]
80,nvmap_ioctl_free,dma_operations,Message_Structure_Handling,60,**AIARelevantFunction Score (0%)**: The function `nvmap_ioctl_free` does not directly interact with an AI Accelerator (AIA) or manage shared memory (SMem) relevant to an AIA. It primarily deals wit...,[struct nvmap_client; struct dma_buf],[file descriptor (fd); dma_buf]
81,nvgpu_os_channel_free_usermode_buffers,dma_operations,Message_Structure_Handling,60,**AIARelevantFunction Score (70)**: The function `nvgpu_os_channel_free_usermode_buffers` is involved in managing user-mode buffers associated with a GPU channel. It interacts with DMA buffers thro...,[nvgpu_usermode_buf_linux; gpfifo_desc],[dmabuf; attachment; sgt]
82,nvmap_ioctl_free,ioctl_operations,Message_Structure_Handling,60,**AIARelevantFunction Score (0%)**: The function `nvmap_ioctl_free` does not directly involve operations related to sharing memory with an AI Accelerator (AIA). It primarily deals with freeing a DM...,[struct nvmap_client; struct dma_buf],[fd (file descriptor); dma_buf]
83,nvgpu_dma_free_sys,dma_operations,Message_Structure_Handling,40,**AIARelevantFunction (20%)**: The function `nvgpu_dma_free_sys` primarily deals with freeing DMA memory allocated for the GPU. While it does manage memory that could be relevant for an AI Accelera...,[nvgpu_mem; sg_table],[gpu_va; cpu_va; aligned_size; size; dma_address]
84,drivers/gpu/nvgpu/os/linux/linux-dma.c:nvgpu_iommuable,functions_by_file,Message_Structure_Handling,0,**AIARelevantFunction Score (0%)**: The function `nvgpu_iommuable` does not perform any operations related to shared memory management or interactions with an AI Accelerator (AIA). It primarily che...,None,None
85,drivers/gpu/nvgpu/os/linux/linux-dma.c:nvgpu_dma_free_sys,functions_by_file,Message_Structure_Handling,0,**AIARelevantFunction Score (0%)**: The function `nvgpu_dma_free_sys` is primarily focused on freeing system memory allocated for the GPU and does not involve any operations that directly relate to...,None,None
86,drivers/gpu/nvgpu/os/linux/linux-dma.c:nvgpu_dma_free_no_iommu,functions_by_file,Message_Structure_Handling,0,**AIARelevantFunction Score (0)**: The function `nvgpu_dma_free_no_iommu` is primarily focused on freeing DMA memory allocated without IOMMU support. It does not involve any operations related to s...,None,None
87,drivers/gpu/nvgpu/os/linux/linux-dma.c:nvgpu_free_sgtable,functions_by_file,Message_Structure_Handling,0,**AIARelevantFunction Score (0)**: The function `nvgpu_free_sgtable` does not involve any operations related to sharing memory with an AI Accelerator (AIA). It primarily deals with freeing a scatte...,None,None
88,drivers/gpu/nvgpu/os/linux/linux-dma.c:nvgpu_dma_flags_to_attrs,functions_by_file,Message_Structure_Handling,0,**AIARelevantFunction Score (0%)**: The function `nvgpu_dma_flags_to_attrs` does not interact with shared memory or AI Accelerator (AIA) specific memory management patterns. It primarily translates...,None,None
89,drivers/gpu/nvgpu/os/linux/linux-dma.c:nvgpu_dma_alloc_no_iommu,functions_by_file,Message_Structure_Handling,0,"**AIARelevantFunction Score (70)**: The function `nvgpu_dma_alloc_no_iommu` is involved in memory allocation that could be relevant for an AI Accelerator (AIA) context, particularly in the manageme...",None,None
90,drivers/gpu/nvgpu/os/linux/platform_gk20a_tegra.c:gk20a_tegra_idle,functions_by_file,Message_Structure_Handling,0,**AIARelevantFunction Score (0)**: The function `gk20a_tegra_idle` does not involve any operations related to shared memory management or interactions with an AI Accelerator (AIA). It primarily foc...,None,None
91,drivers/gpu/nvgpu/os/linux/platform_gk20a_tegra.c:gk20a_tegra_busy,functions_by_file,Message_Structure_Handling,0,**AIARelevantFunction Score (0%)**: The function `gk20a_tegra_busy` does not interact with shared memory or perform any operations related to an AI Accelerator (AIA). It primarily checks if the `nv...,None,None
92,drivers/video/tegra/nvmap/nvmap_dmabuf.c:dmabuf_is_nvmap,functions_by_file,Message_Structure_Handling,0,**AIARelevantFunction Score (0)**: The function `dmabuf_is_nvmap` does not involve any operations related to shared memory (SMem) with an AI Accelerator (AIA). It simply checks if the `exp_name` fi...,None,None
93,drivers/video/tegra/nvmap/nvmap_dmabuf.c:nvmap_get_dmabuf_fd,functions_by_file,Message_Structure_Handling,0,**AIARelevantFunction Score (0%)**: The function `nvmap_get_dmabuf_fd` does not directly interact with an AI Accelerator (AIA) or perform operations related to shared memory management that would t...,None,None
94,drivers/video/tegra/nvmap/nvmap_dmabuf.c:nvmap_dmabuf_attach,functions_by_file,Message_Structure_Handling,0,**AIARelevantFunction Score (0)**: The function `nvmap_dmabuf_attach` does not directly involve any operations related to sharing memory with an AI Accelerator (AIA). It simply calls another functi...,None,None
95,drivers/video/tegra/nvmap/nvmap_dmabuf.c:nvmap_dmabuf_mmap,functions_by_file,Message_Structure_Handling,0,**AIARelevantFunction Score (0%)**: The function `nvmap_dmabuf_mmap` does not involve any operations that directly relate to sharing memory with an AI Accelerator (AIA). It primarily deals with mem...,None,None
96,drivers/video/tegra/nvmap/nvmap_dmabuf.c:nvmap_dmabuf_vmap,functions_by_file,Message_Structure_Handling,0,**AIARelevantFunction Score (0)**: The function `nvmap_dmabuf_vmap` does not interact with an AI Accelerator (AIA) or perform any operations related to shared memory management that would typically...,None,None
97,drivers/video/tegra/nvmap/nvmap_dmabuf.c:nvmap_dmabuf_get_drv_data,functions_by_file,Message_Structure_Handling,0,**AIARelevantFunction Score (0)**: The function `nvmap_dmabuf_get_drv_data` does not interact with an AI Accelerator (AIA) or perform any operations related to shared memory management that would t...,None,None
98,drivers/video/tegra/nvmap/nvmap_dmabuf.c:nvmap_dmabuf_detach,functions_by_file,Message_Structure_Handling,0,**AIARelevantFunction Score (0)**: The function `nvmap_dmabuf_detach` does not involve any operations related to sharing memory with an AI Accelerator (AIA). It primarily handles the detachment of ...,None,None
99,drivers/video/tegra/nvmap/nvmap_dmabuf.c:nvmap_dmabuf_release,functions_by_file,Message_Structure_Handling,0,**AIARelevantFunction Score (0)**: The function `nvmap_dmabuf_release` does not involve any operations related to sharing memory with an AI Accelerator (AIA). It primarily focuses on releasing a DM...,None,None
100,drivers/video/tegra/nvmap/nvmap_dmabuf.c:nvmap_dmabuf_vunmap,functions_by_file,Message_Structure_Handling,0,**AIARelevantFunction Score (0)**: The function `nvmap_dmabuf_vunmap` does not involve any operations that directly relate to sharing memory with an AI Accelerator (AIA). It primarily deals with un...,None,None
101,drivers/video/tegra/nvmap/nvmap_alloc.c:nvmap_alloc_handle,functions_by_file,Message_Structure_Handling,0,**AIARelevantFunction Score (0)**: The function `nvmap_alloc_handle` does not directly interact with an AI Accelerator (AIA) or shared memory (SMem) management for an AIA. It primarily focuses on a...,None,None
102,drivers/video/tegra/nvmap/nvmap_alloc.c:alloc_handle,functions_by_file,Message_Structure_Handling,0,**AIARelevantFunction Score (0%)**: The function `alloc_handle` does not interact with an AI Accelerator (AIA) or shared memory (SMem) directly. It primarily focuses on allocating memory handles fo...,None,None
103,drivers/video/tegra/nvmap/nvmap_alloc.c:nvmap_altalloc,functions_by_file,Message_Structure_Handling,0,**AIARelevantFunction Score (0)**: The function `nvmap_altalloc` does not interact with any AI Accelerator (AIA) relevant operations. It is primarily focused on memory allocation using `vzalloc` an...,None,None
104,drivers/video/tegra/nvmap/nvmap_alloc.c:nvmap_alloc_pages_exact,functions_by_file,Message_Structure_Handling,0,"**AIARelevantFunction Score (0)**: The function `nvmap_alloc_pages_exact` is primarily focused on memory allocation using the `alloc_pages` function, which is part of the Linux kernel's memory mana...",None,None
105,drivers/video/tegra/nvmap/nvmap_alloc.c:is_nvmap_id_ro,functions_by_file,Message_Structure_Handling,0,**AIARelevantFunction Score (0%)**: The function `is_nvmap_id_ro` does not interact with an AI Accelerator (AIA) or shared memory management relevant to AIA operations. It primarily deals with chec...,None,None
106,drivers/video/tegra/nvmap/nvmap_alloc.c:nvmap_altfree,functions_by_file,Message_Structure_Handling,0,**AIARelevantFunction Score (0)**: The function `nvmap_altfree` does not interact with any AI Accelerator (AIA) relevant operations. It is primarily concerned with freeing memory based on the size ...,None,None
107,drivers/video/tegra/nvmap/nvmap_alloc.c:nvmap_alloc_handle_from_va,functions_by_file,Message_Structure_Handling,0,**AIARelevantFunction Score (0)**: The function `nvmap_alloc_handle_from_va` does not interact with an AI Accelerator (AIA) or shared memory management patterns that are typical for AIA integration...,None,None
108,drivers/video/tegra/nvmap/nvmap_alloc.c:nvmap_free_handle_from_fd,functions_by_file,Message_Structure_Handling,0,**AIARelevantFunction Score (0)**: The function `nvmap_free_handle_from_fd` does not interact with an AI Accelerator (AIA) or shared memory management relevant to AIA operations. It primarily deals...,None,None
109,drivers/video/tegra/nvmap/nvmap_alloc.c:nvmap_free_handle,functions_by_file,Message_Structure_Handling,0,**AIARelevantFunction Score (0%)**: The function `nvmap_free_handle` does not interact with an AI Accelerator (AIA) or shared memory (SMem) directly. It primarily deals with freeing a handle associ...,None,None
110,drivers/video/tegra/nvmap/nvmap_alloc.c:_nvmap_handle_free,functions_by_file,Message_Structure_Handling,0,**AIARelevantFunction Score (0%)**: The function `_nvmap_handle_free` does not interact with an AI Accelerator (AIA) or shared memory (SMem) directly. It primarily deals with freeing resources asso...,None,None
111,drivers/video/tegra/nvmap/nvmap_alloc.c:nvmap_heap_pgfree,functions_by_file,Message_Structure_Handling,0,**AIARelevantFunction Score (0%)**: The function `nvmap_heap_pgfree` does not involve any operations related to sharing memory with an AI Accelerator (AIA). It primarily focuses on freeing DMA memo...,None,None
112,drivers/video/tegra/nvmap/nvmap_alloc.c:nvmap_heap_pgalloc_dev,functions_by_file,Message_Structure_Handling,0,**AIARelevantFunction Score (0%)**: The function `nvmap_heap_pgalloc_dev` does not involve any operations related to shared memory (SMem) with an AI Accelerator (AIA). It primarily focuses on alloc...,None,None
113,is_nvmap_id_ro,dma_operations,Message_Structure_Handling,0,**AIARelevantFunction Score (0%)**: The function `is_nvmap_id_ro` does not interact with an AI Accelerator (AIA) or shared memory (SMem) management. It primarily deals with checking if a given NVMA...,None,None
114,nvgpu_mm_pin,dma_operations,Message_Structure_Handling,0,"**AIARelevantFunction Score (80)**: The function `nvgpu_mm_pin` is involved in memory management related to DMA buffers, which is critical for AI Accelerator integration. It utilizes `dma_buf_attac...",None,None
115,gk20a_channel_free_error_notifiers,dma_operations,Message_Structure_Handling,0,**AIARelevantFunction Score (0%)**: The function `gk20a_channel_free_error_notifiers` does not interact with an AI Accelerator (AIA) or shared memory management relevant to AIA operations. It prima...,None,None
116,nvgpu_mm_unpin,dma_operations,Message_Structure_Handling,0,**AIARelevantFunction Score (0)**: The function `nvgpu_mm_unpin` does not involve any operations that directly relate to sharing memory with an AI Accelerator (AIA). It primarily deals with unpinni...,None,None
117,nvgpu_mm_unpin,dma_operations,Message_Structure_Handling,0,**AIARelevantFunction Score (0)**: The function `nvgpu_mm_unpin` does not involve any operations that directly relate to sharing memory with an AI Accelerator (AIA). It primarily deals with unmappi...,None,None
118,nvgpu_vm_unmap_system,dma_operations,Message_Structure_Handling,0,**AIARelevantFunction Score (0%)**: The function `nvgpu_vm_unmap_system` does not involve any operations that directly relate to sharing memory with an AI Accelerator (AIA). It primarily deals with...,None,None
119,nvmap_free_handle,dma_operations,Message_Structure_Handling,0,**AIARelevantFunction Score (0)**: The function `nvmap_free_handle` does not interact with an AI Accelerator (AIA) or shared memory (SMem) management directly. It primarily deals with freeing a han...,None,None
120,nvmap_free_handle,dma_operations,Message_Structure_Handling,0,**AIARelevantFunction Score (0%)**: The function `nvmap_free_handle` does not interact with an AI Accelerator (AIA) or shared memory (SMem) in a way that would qualify it as an AIA relevant functio...,None,None
121,destroy_client,dma_operations,Message_Structure_Handling,0,**AIARelevantFunction Score (0)**: The function `destroy_client` does not interact with any AI Accelerator (AIA) relevant functions or shared memory management patterns that would typically involve...,None,None
122,destroy_client,dma_operations,Message_Structure_Handling,0,**AIARelevantFunction Score (0)**: The function `destroy_client` does not involve any operations related to sharing memory with an AI Accelerator (AIA). It primarily focuses on cleaning up resource...,None,None
123,user_copy:gk20a_power_write,user_copy_operations,Message_Structure_Handling,0,**AIARelevantFunction Score (0)**: The function `gk20a_power_write` does not involve any operations related to shared memory (SMem) with an AI Accelerator (AIA). It primarily handles power manageme...,None,None
124,gk20a_dbg_gpu_dev_release,ioctl_operations,Message_Structure_Handling,0,**AIARelevantFunction Score (0)**: The function `gk20a_dbg_gpu_dev_release` does not involve any operations related to shared memory (SMem) with an AI Accelerator (AIA). It primarily focuses on rel...,None,None
125,gk20a_ctrl_dev_release,ioctl_operations,Message_Structure_Handling,0,**AIARelevantFunction Score (0%)**: The function `gk20a_ctrl_dev_release` does not involve any operations related to shared memory management or interactions with an AI Accelerator (AIA). It primar...,None,None
126,nvmap_open,ioctl_operations,Message_Structure_Handling,0,**AIARelevantFunction Score (0)**: The `nvmap_open` function does not interact with any AI Accelerator (AIA) relevant functions or memory management patterns that would typically involve shared mem...,None,None
127,gk20a_power_open,ioctl_operations,Message_Structure_Handling,0,**AIARelevantFunction Score (0%)**: The function `gk20a_power_open` does not involve any operations related to sharing memory with an AI Accelerator (AIA). It primarily handles opening a device fil...,None,None
128,gk20a_power_release,ioctl_operations,Message_Structure_Handling,0,**AIARelevantFunction Score (0%)**: The function `gk20a_power_release` does not involve any operations related to sharing memory with an AI Accelerator (AIA). It primarily deals with releasing powe...,None,None
129,gk20a_ctrl_dev_open,ioctl_operations,Message_Structure_Handling,0,**AIARelevantFunction Score (0%)**: The function `gk20a_ctrl_dev_open` does not interact with shared memory or perform any operations that would typically be associated with an AI Accelerator (AIA)...,None,None
130,nvgpu_ctrl_ioctl_gpu_characteristics_flags,ioctl_operations,Message_Structure_Handling,0,**AIARelevantFunction Score (0%)**: The function `nvgpu_ctrl_ioctl_gpu_characteristics_flags` does not involve any operations related to shared memory management or interactions with an AI Accelera...,None,None
131,nvgpu_get_ioctl_graphics_preempt_mode_flags,ioctl_operations,Message_Structure_Handling,0,**AIARelevantFunction Score (0)**: The function `nvgpu_get_ioctl_graphics_preempt_mode_flags` does not involve any operations related to shared memory (SMem) with an AI Accelerator (AIA). It simply...,None,None
132,nvgpu_get_ioctl_compute_preempt_mode_flags,ioctl_operations,Message_Structure_Handling,0,"**AIARelevantFunction Score (0)**: The function `nvgpu_get_ioctl_compute_preempt_mode_flags` does not involve any operations related to shared memory management, DMA, or memory mapping that are typ...",None,None
133,nvgpu_get_ioctl_graphics_preempt_mode,ioctl_operations,Message_Structure_Handling,0,**AIARelevantFunction Score (0)**: The function `nvgpu_get_ioctl_graphics_preempt_mode` does not involve any operations related to shared memory (SMem) with an AI Accelerator (AIA). It simply retur...,None,None
134,nvgpu_get_ioctl_compute_preempt_mode,ioctl_operations,Message_Structure_Handling,0,"**AIARelevantFunction Score (0)**: The function `nvgpu_get_ioctl_compute_preempt_mode` does not involve any operations related to shared memory management, DMA, or memory mapping that would typical...",None,None
135,nvgpu_ioctl_tsg_open,ioctl_operations,Message_Structure_Handling,0,**AIARelevantFunction Score (0%)**: The function `nvgpu_ioctl_tsg_open` does not involve any operations related to shared memory (SMem) with an AI Accelerator (AIA). It primarily handles the openin...,None,None
136,nvgpu_ioctl_channel_alloc_obj_ctx,ioctl_operations,Message_Structure_Handling,0,**AIARelevantFunction Score (0)**: The function `nvgpu_ioctl_channel_alloc_obj_ctx` does not directly involve any operations related to shared memory (SMem) with an AI Accelerator (AIA). It primari...,None,None
137,gk20a_channel_open_ioctl,ioctl_operations,Message_Structure_Handling,0,**AIARelevantFunction Score (0)**: The function `gk20a_channel_open_ioctl` does not directly involve operations related to shared memory (SMem) with an AI Accelerator (AIA). It primarily handles th...,None,None
138,gk20a_as_ioctl_bind_channel,ioctl_operations,Message_Structure_Handling,0,**AIARelevantFunction Score (0%)**: The function `gk20a_as_ioctl_bind_channel` does not directly involve operations related to sharing memory with an AI Accelerator (AIA). It primarily focuses on b...,None,None
139,nvgpu_gpu_ioctl_set_l2_max_ways_evict_last,ioctl_operations,Message_Structure_Handling,0,**AIARelevantFunction Score (0%)**: The function `nvgpu_gpu_ioctl_set_l2_max_ways_evict_last` does not involve any operations related to shared memory (SMem) with an AI Accelerator (AIA). It primar...,struct nvgpu_tsg_l2_max_ways_evict_last_args,None
140,gk20a_as_ioctl_unmap_buffer,ioctl_operations,Message_Structure_Handling,0,**AIARelevantFunction Score (0)**: The function `gk20a_as_ioctl_unmap_buffer` does not involve any operations that directly relate to sharing memory with an AI Accelerator (AIA). It primarily focus...,None,None
141,nvmap_release,ioctl_operations,Message_Structure_Handling,0,**AIARelevantFunction Score (0%)**: The `nvmap_release` function does not involve any operations related to shared memory (SMem) with an AI Accelerator (AIA). It primarily handles the release of a ...,None,None
142,gk20a_event_id_release,ioctl_operations,Message_Structure_Handling,0,**AIARelevantFunction Score (0)**: The function `gk20a_event_id_release` does not involve any operations related to shared memory (SMem) with an AI Accelerator (AIA). It primarily deals with releas...,None,None
143,gk20a_channel_release,ioctl_operations,Message_Structure_Handling,0,**AIARelevantFunction Score (0%)**: The function `gk20a_channel_release` does not interact with shared memory or AI Accelerator (AIA) specific operations. It primarily handles the release of a chan...,None,None
144,nvgpu_ioctl_tsg_dev_release,ioctl_operations,Message_Structure_Handling,0,"**AIARelevantFunction Score (0%)**: The function `nvgpu_ioctl_tsg_dev_release` does not interact with any AI Accelerator (AIA) relevant functions such as memory mapping, DMA operations, or shared m...",None,None
145,nvgpu_ioctl_tsg_release,ioctl_operations,Message_Structure_Handling,0,**AIARelevantFunction Score (0)**: The function `nvgpu_ioctl_tsg_release` does not involve any operations related to sharing memory with an AI Accelerator (AIA). It primarily deals with releasing a...,None,None
146,gk20a_as_dev_release,ioctl_operations,Message_Structure_Handling,0,**AIARelevantFunction Score (0%)**: The function `gk20a_as_dev_release` does not perform any operations related to shared memory management or interactions with an AI Accelerator (AIA). It simply r...,None,None
