Rank,Function_Name,Operation_Type,Category,Score,Reasoning_Summary,Message_Structures,SMIDs_Identified
1,drivers/video/tegra/nvmap/nvmap_dmabuf.c:_nvmap_dmabuf_map_dma_buf,functions_by_file,AIARelevantFunction,90,**AIARelevantFunction Score (90)**: The function `_nvmap_dmabuf_map_dma_buf` is heavily involved in mapping DMA buffers for an AI Accelerator (AIA). It utilizes the `dma_map_sg_attrs` function to m...,[struct dma_buf_attachment; struct nvmap_handle_info; struct sg_table],[dma_address; size; flags; handle; vaddr]
2,nvgpu_mm_pin,dma_operations,AIARelevantFunction,90,**AIARelevantFunction Score (90)**: The function `nvgpu_mm_pin` is primarily responsible for managing memory mappings between the CPU and an AI Accelerator (AIA). It utilizes the `dma_buf_attach` a...,None,None
3,nvgpu_usermode_buf_from_dmabuf,dma_operations,AIARelevantFunction,90,"**AIARelevantFunction Score (90)**: The function `nvgpu_usermode_buf_from_dmabuf` is heavily involved in managing DMA buffers, which are critical for sharing memory with AI Accelerators. It uses `d...",[nvgpu_usermode_buf_linux; nvgpu_mem],[dma_buf; dma_buf_attachment; sg_table; dma_addr_t; u64]
4,gk20a_ioctl_channel_submit_gpfifo,ioctl_operations,AIARelevantFunction,90,"**AIARelevantFunction Score (90)**: The function `gk20a_ioctl_channel_submit_gpfifo` is heavily involved in managing the submission of GPU commands through a FIFO (First In, First Out) mechanism. I...",[nvgpu_submit_gpfifo_args; nvgpu_channel_fence; nvgpu_user_fence; nvgpu_gpfifo_userdata],[fence.id; fence.value; args.gpfifo; args.num_entries]
5,drivers/gpu/nvgpu/os/linux/linux-dma.c:nvgpu_dma_alloc_flags_sys,functions_by_file,AIARelevantFunction,80,"**AIARelevantFunction Score (80)**: The function `nvgpu_dma_alloc_flags_sys` is involved in allocating DMA memory, which is critical for AI Accelerator (AIA) operations. It uses functions like `dma...",[nvgpu_mem; sg_table],[gpu_va; cpu_va; dma_address; iova; size]
6,drivers/video/tegra/nvmap/nvmap_alloc.c:handle_page_alloc,functions_by_file,AIARelevantFunction,80,"**AIARelevantFunction Score (80)**: The function `handle_page_alloc` is involved in memory allocation, which is crucial for managing shared memory between the CPU and an AI Accelerator (AIA). It al...",[nvmap_handle],[size; vaddr; pages; dma_buf]
7,drivers/video/tegra/nvmap/nvmap_alloc.c:alloc_handle_from_va,functions_by_file,AIARelevantFunction,80,**AIARelevantFunction Score (80)**: The function `alloc_handle_from_va` is involved in memory management that is relevant to an AI Accelerator (AIA) context. It pins user pages to memory using `nvm...,None,vaddr; size; flags
8,__dma_buf_export,dma_operations,AIARelevantFunction,80,"**AIARelevantFunction Score (80)**: The function `__dma_buf_export` is involved in exporting a DMA buffer, which is critical for sharing memory with an AI Accelerator (AIA). It utilizes the `dma_bu...",[dma_buf_export_info],[phys_addr_t; dma_buf*; size_t]
9,nvgpu_gpu_ioctl_register_buffer,dma_operations,AIARelevantFunction,80,**AIARelevantFunction (80)**: The function `nvgpu_gpu_ioctl_register_buffer` is involved in managing a DMA buffer that is likely shared with an AI Accelerator (AIA). It utilizes `dma_buf_get` to re...,[struct nvgpu_gpu_register_buffer_args],[dmabuf_fd; metadata_addr; metadata_size]
10,nvgpu_gpu_ioctl_register_buffer,dma_operations,AIARelevantFunction,80,"**AIARelevantFunction Score (80)**: The function `nvgpu_gpu_ioctl_register_buffer` is involved in managing a DMA buffer, which is crucial for AI Accelerator (AIA) operations. It utilizes the `dma_b...",[struct nvgpu_gpu_register_buffer_args],[dmabuf_fd; metadata_addr; metadata_size; flags]
11,nvgpu_vm_map_buffer,dma_operations,AIARelevantFunction,80,"**AIARelevantFunction Score (80)**: The function `nvgpu_vm_map_buffer` is involved in mapping a DMA buffer to a virtual address space, which is critical for enabling the AI Accelerator (AIA) to acc...",[vm_gk20a_mapping_batch],[dma_buf; buffer_offset; mapping_size; *map_addr]
12,nvgpu_vm_map_buffer,dma_operations,AIARelevantFunction,80,"**AIARelevantFunction Score (80)**: The function `nvgpu_vm_map_buffer` is involved in mapping a DMA buffer to a virtual address space, which is critical for enabling an AI Accelerator (AIA) to acce...",[vm_gk20a_mapping_batch],[buffer_offset; mapping_size; *map_addr; dmabuf->size]
13,nvgpu_vm_map_buffer,dma_operations,AIARelevantFunction,80,"**AIARelevantFunction Score (80)**: The function `nvgpu_vm_map_buffer` is involved in mapping a DMA buffer to a virtual address space, which is a critical operation for enabling an AI Accelerator (...",[vm_gk20a_mapping_batch],[buffer_offset; mapping_size; dmabuf->size; *map_addr]
14,nvgpu_vm_map_buffer,dma_operations,AIARelevantFunction,80,"**AIARelevantFunction Score (80)**: The function `nvgpu_vm_map_buffer` is involved in mapping a DMA buffer to a virtual address space, which is critical for enabling access to shared memory between...",[vm_gk20a_mapping_batch],[buffer_offset; mapping_size; dmabuf->size; *map_addr]
15,nvgpu_vm_map_buffer,dma_operations,AIARelevantFunction,80,"**AIARelevantFunction Score (80)**: The function `nvgpu_vm_map_buffer` is involved in mapping a DMA buffer to a virtual address space, which is crucial for enabling the AI Accelerator (AIA) to acce...",[vm_gk20a_mapping_batch],[dma_buf; buffer_offset; mapping_size; *map_addr]
16,nvgpu_vm_map_buffer,dma_operations,AIARelevantFunction,80,"**AIARelevantFunction Score (80)**: The function `nvgpu_vm_map_buffer` is involved in mapping a DMA buffer to a virtual address space, which is critical for enabling an AI Accelerator (AIA) to acce...",[vm_gk20a_mapping_batch],[dma_buf_fd; buffer_offset; mapping_size; map_addr]
17,nvgpu_mm_pin,dma_operations,AIARelevantFunction,80,"**AIARelevantFunction Score (80)**: The function `nvgpu_mm_pin` is involved in managing DMA buffers, which is critical for sharing memory with an AI Accelerator (AIA). It uses `dma_buf_attach` and ...",[struct dma_buf; struct dma_buf_attachment; struct sg_table],[size; file; attachments; flags; sgt; dev; nents]
18,nvgpu_mm_pin,dma_operations,AIARelevantFunction,80,"**AIARelevantFunction Score (80)**: The function `nvgpu_mm_pin` is involved in memory management for DMA buffers, which is critical for AI Accelerator integration. It uses `dma_buf_attach` and `dma...",[struct dma_buf; struct dma_buf_attachment],[size; file; attachments; flags; dev; sgt]
19,user_copy:gk20a_channel_ioctl,user_copy_operations,AIARelevantFunction,80,**AIARelevantFunction Score (80%)**: The function `gk20a_channel_ioctl` interacts with various structures that are crucial for managing GPU channels and their associated resources. It handles comma...,[nvgpu_alloc_obj_ctx_args; nvgpu_channel_setup_bind_args; nvgpu_alloc_gpfifo_ex_args; nvgpu_wait_args; nvgpu_set_error_notifier; nvgpu_set_timeout_args; nvgpu_set_timeout_ex_args; nvgpu_get_param_args],[chid; tsgid; userd_dmabuf_fd; gpfifo_dmabuf_fd; userd_dmabuf_offset; gpfifo_dmabuf_offset; timeout; flags]
20,user_copy:gk20a_ctrl_dev_ioctl,user_copy_operations,AIARelevantFunction,80,"**AIARelevantFunction Score (80)**: The function `gk20a_ctrl_dev_ioctl` interacts with various GPU operations that are relevant to AI Accelerator integration, such as memory allocation and manageme...",[nvgpu_gpu_zcull_get_ctx_size_args; nvgpu_gpu_zcull_get_info_args; nvgpu_gpu_zbc_set_table_args; nvgpu_gpu_zbc_query_table_args; nvgpu_gpu_get_characteristics; nvgpu_gpu_prepare_compressible_read_args; nvgpu_gpu_mark_compressible_write_args; nvgpu_alloc_as_args; nvgpu_gpu_open_tsg_args; nvgpu_gpu_get_tpc_masks_args; nvgpu_gpu_get_fbp_l2_masks_args; nvgpu_channel_open_args; nvgpu_gpu_l2_fb_args; nvgpu_gpu_mmu_debug_mode_args; nvgpu_gpu_sm_debug_mode_args],[handle; as_fd; gpu_instance_id; gr_instance_id; va_range_start; va_range_end; va_range_split; userd_iova; userd_mem; syncpt_unit_base; syncpt_unit_size; syncpt_size]
21,user_copy:gk20a_ctrl_dev_ioctl,user_copy_operations,AIARelevantFunction,80,**AIARelevantFunction Score (80)**: The function `gk20a_ctrl_dev_ioctl` is involved in handling various IOCTL commands that interact with the GPU and its subsystems. It includes operations that can...,[nvgpu_gpu_zcull_get_ctx_size_args; nvgpu_gpu_zcull_get_info_args; nvgpu_gpu_zbc_set_table_args; nvgpu_gpu_zbc_query_table_args; nvgpu_gpu_get_characteristics; nvgpu_gpu_prepare_compressible_read_args; nvgpu_gpu_mark_compressible_write_args; nvgpu_alloc_as_args; nvgpu_gpu_open_tsg_args; nvgpu_gpu_get_tpc_masks_args; nvgpu_gpu_get_fbp_l2_masks_args; nvgpu_channel_open_args; nvgpu_gpu_l2_fb_args; nvgpu_gpu_mmu_debug_mode_args; nvgpu_gpu_sm_debug_mode_args],[handle; offset; va_range_start; va_range_end; va_range_split; syncpt_unit_base; syncpt_unit_size; syncpt_size]
22,user_copy:gk20a_as_dev_ioctl,user_copy_operations,AIARelevantFunction,80,**AIARelevantFunction Score (80)**: The function `gk20a_as_dev_ioctl` interacts with various memory management operations that are relevant for an AI Accelerator (AIA). It handles memory allocation...,[nvgpu_as_alloc_space_args; nvgpu_as_free_space_args; nvgpu_as_map_buffer_ex_args; nvgpu_as_unmap_buffer_args; nvgpu_as_get_va_regions_args; nvgpu_as_map_buffer_batch_args; nvgpu_as_get_sync_ro_map_args; nvgpu_as_mapping_modify_args; nvgpu_as_remap_args],[offset; pages; page_size; buffer_offset; buffer_size; base_gpuva]
23,user_copy:gk20a_as_dev_ioctl,user_copy_operations,AIARelevantFunction,80,**AIARelevantFunction Score (80)**: The function `gk20a_as_dev_ioctl` is involved in handling various IOCTL commands that can lead to memory operations relevant to an AI Accelerator (AIA). It inter...,[nvgpu_as_bind_channel_args; nvgpu32_as_alloc_space_args; nvgpu_as_alloc_space_args; nvgpu_as_free_space_args; nvgpu_as_map_buffer_ex_args; nvgpu_as_unmap_buffer_args; nvgpu_as_get_va_regions_args; nvgpu_as_map_buffer_batch_args; nvgpu_as_get_sync_ro_map_args; nvgpu_as_mapping_modify_args; nvgpu_as_remap_args],[channel_fd; offset; pages; page_size; buffer_offset; buffer_size; map_address; base_gpuva]
24,user_copy:nvgpu_gpu_ioctl_register_buffer,user_copy_operations,AIARelevantFunction,80,**AIARelevantFunction Score (80)**: The function `nvgpu_gpu_ioctl_register_buffer` is involved in registering a buffer for an AI accelerator. It utilizes the `dma_buf_get` function to obtain a DMA ...,[struct nvgpu_gpu_register_buffer_args],[dmabuf_fd; metadata_addr; metadata_size; flags]
25,user_copy:nvmap_ioctl_create_from_va,user_copy_operations,AIARelevantFunction,80,"**AIARelevantFunction Score (80)**: The function `nvmap_ioctl_create_from_va` is involved in creating a handle from a virtual address, which is a critical operation for managing shared memory betwe...",[struct nvmap_create_handle_from_va],[op.handle; op.va; op.size; op.size64; fd]
26,gk20a_as_dev_ioctl,ioctl_operations,AIARelevantFunction,80,**AIARelevantFunction Score (80)**: The function `gk20a_as_dev_ioctl` interacts with various memory management operations that are relevant for an AI Accelerator (AIA). It handles commands that inv...,[nvgpu_as_bind_channel_args; nvgpu32_as_alloc_space_args; nvgpu_as_alloc_space_args; nvgpu_as_free_space_args; nvgpu_as_map_buffer_ex_args; nvgpu_as_unmap_buffer_args; nvgpu_as_get_va_regions_args; nvgpu_as_map_buffer_batch_args; nvgpu_as_get_sync_ro_map_args; nvgpu_as_mapping_modify_args; nvgpu_as_remap_args],[channel_fd; pages; page_size; flags; buffer_offset; buffer_size; base_gpuva; sync_size; num_syncpoints; ops; num_ops]
27,nvmap_ioctl_create,ioctl_operations,AIARelevantFunction,80,**AIARelevantFunction Score (80)**: The function `nvmap_ioctl_create` is involved in creating a handle for a shared memory buffer that can be used by an AI Accelerator (AIA). It interacts with DMA ...,[nvmap_create_handle],[handle; handle64; fd; size64; size]
28,gk20a_as_ioctl_map_buffer_ex,ioctl_operations,AIARelevantFunction,80,**AIARelevantFunction Score (80)**: The function `gk20a_as_ioctl_map_buffer_ex` is involved in mapping a buffer for an AI Accelerator (AIA) by utilizing the `nvgpu_vm_map_buffer` function. This fun...,[nvgpu_as_map_buffer_ex_args],[dmabuf_fd; buffer_offset; mapping_size; offset]
29,drivers/gpu/nvgpu/os/linux/linux-dma.c:nvgpu_dma_alloc_no_iommu,functions_by_file,AIARelevantFunction,70,"**AIARelevantFunction Score (70%)**: The function `nvgpu_dma_alloc_no_iommu` is involved in memory allocation, which is a critical aspect of managing shared memory between the CPU and an AI Acceler...",None,None
30,drivers/gpu/nvgpu/os/linux/linux-dma.c:nvgpu_get_sgtable_from_pages,functions_by_file,AIARelevantFunction,70,**AIARelevantFunction (70%)**: The function `nvgpu_get_sgtable_from_pages` is involved in creating a scatter-gather table (`sg_table`) from an array of pages. It allocates memory for the `sg_table`...,None,None
31,drivers/video/tegra/nvmap/nvmap_dmabuf.c:nvmap_dmabuf_mmap,functions_by_file,AIARelevantFunction,70,"**AIARelevantFunction Score (70%)**: The function `nvmap_dmabuf_mmap` is involved in mapping a DMA buffer to a virtual memory area, which is relevant for AI Accelerator integration as it may involv...",None,None
32,drivers/video/tegra/nvmap/nvmap_dmabuf.c:_nvmap_dmabuf_unmap_dma_buf,functions_by_file,AIARelevantFunction,70,"**AIARelevantFunction Score (70)**: The function `_nvmap_dmabuf_unmap_dma_buf` is involved in unmapping a DMA buffer, which is relevant to the interaction with AI Accelerators (AIA) as it deals wit...",[struct nvmap_handle_info; struct dma_buf; struct sg_table],[dma_buf; dma_buf_attachment; dma_address; phys_addr_t; size; flags]
33,nvmap_handle_get_from_id,dma_operations,AIARelevantFunction,70,"**AIARelevantFunction Score (70)**: The function `nvmap_handle_get_from_id` interacts with DMA buffers through the `dma_buf_get` and `dma_buf_put` functions, which are essential for managing shared...",[struct nvmap_handle_info; struct nvmap_handle; struct dma_buf],[dma_buf; nvmap_handle; nvmap_client; size; flags; vaddr]
34,nvmap_handle_get_from_id,dma_operations,AIARelevantFunction,70,"**AIARelevantFunction Score (70)**: The function `nvmap_handle_get_from_id` interacts with DMA buffers through the `dma_buf_get` and `dma_buf_put` functions, which are critical for managing shared ...",[struct nvmap_handle_info; struct dma_buf],[dma_buf; nvmap_handle; nvmap_client]
35,nvmap_get_dmabuf_fd,dma_operations,AIARelevantFunction,70,**AIARelevantFunction Score (70)**: The function `nvmap_get_dmabuf_fd` is involved in obtaining a file descriptor for a DMA buffer associated with an NVMAP handle. It utilizes the `__nvmap_dmabuf_e...,[struct nvmap_handle; struct dma_buf],[file descriptor (fd); dma_buf; nvmap_handle]
36,nvgpu_vm_map_buffer,dma_operations,AIARelevantFunction,70,"**AIARelevantFunction Score (70)**: The function `nvgpu_vm_map_buffer` is involved in mapping a DMA buffer to a virtual memory space, which is relevant for AI Accelerator integration. It utilizes t...",[vm_gk20a_mapping_batch],[dma_buf->size; vm_gk20a->handle]
37,gk20a_init_error_notifier,dma_operations,AIARelevantFunction,70,"**AIARelevantFunction Score (70)**: The function `gk20a_init_error_notifier` interacts with a DMA buffer through the `dma_buf_get` and `dma_buf_put` functions, which are relevant for managing share...",[nvgpu_set_error_notifier; nvgpu_notification],[mem (memory handle); notification (pointer to notification structure); vaddr (virtual address); dmabuf (DMA buffer)]
38,nvgpu_os_channel_free_usermode_buffers,dma_operations,AIARelevantFunction,70,"**AIARelevantFunction Score (70)**: The function `nvgpu_os_channel_free_usermode_buffers` is involved in managing user-mode buffers associated with a GPU channel. It interacts with DMA buffers, whi...",[nvgpu_usermode_buf_linux; gpfifo_desc],[dmabuf; attachment; sgt]
39,nvgpu_os_channel_free_usermode_buffers,dma_operations,AIARelevantFunction,70,"**AIARelevantFunction Score (70)**: The function `nvgpu_os_channel_free_usermode_buffers` is responsible for freeing user-mode buffers associated with a GPU channel. It interacts with DMA buffers, ...",[gpfifo_desc; nvgpu_usermode_buf_linux],[dmabuf; attachment; sgt]
40,user_copy:gk20a_channel_ioctl,user_copy_operations,AIARelevantFunction,70,**AIARelevantFunction Score (70)**: The function `gk20a_channel_ioctl` interacts with various structures that are relevant to memory management and communication with the AI Accelerator (AIA). It h...,[nvgpu_alloc_obj_ctx_args; nvgpu_channel_setup_bind_args; nvgpu_alloc_gpfifo_ex_args; nvgpu_set_error_notifier; nvgpu_set_timeout_args; nvgpu_set_timeout_ex_args; nvgpu_get_param_args],[userd_dmabuf_fd; gpfifo_dmabuf_fd; userd_dmabuf_offset; gpfifo_dmabuf_offset; offset; size; mem]
41,user_copy:gk20a_as_ioctl_get_va_regions,user_copy_operations,AIARelevantFunction,70,**AIARelevantFunction Score (70)**: The function `gk20a_as_ioctl_get_va_regions` is involved in managing virtual address regions for the AI Accelerator (AIA). It interacts with user space by copyin...,[nvgpu_as_get_va_regions_args; nvgpu_as_va_region],[buf_addr; buf_size; offset; page_size; pages]
42,user_copy:nvmap_ioctl_create,user_copy_operations,AIARelevantFunction,70,"**AIARelevantFunction (70%)**: The function `nvmap_ioctl_create` is involved in creating a handle for shared memory, which is relevant for AI Accelerator integration. It interacts with DMA buffers ...",[nvmap_create_handle],[handle; handle64; fd]
43,user_copy:nvmap_ioctl_alloc,user_copy_operations,AIARelevantFunction,70,"**AIARelevantFunction Score (70)**: The function `nvmap_ioctl_alloc` is involved in memory allocation for an AI accelerator, specifically through the use of the `nvmap_alloc_handle` structure. It c...",[struct nvmap_alloc_handle],[handle; heap_mask; flags; align; size]
44,user_copy:nvmap_install_fd,user_copy_operations,AIARelevantFunction,70,"**AIARelevantFunction Score (70)**: The function `nvmap_install_fd` interacts with a `dma_buf`, which is a structure used for managing shared memory buffers in the context of DMA (Direct Memory Acc...",[nvmap_handle_info; dma_buf],[file descriptor (fd); dma_buf; nvmap_handle]
45,user_copy:nvgpu_ioctl_tsg_dev_ioctl,user_copy_operations,AIARelevantFunction,70,**AIARelevantFunction Score (70%)**: The function `nvgpu_ioctl_tsg_dev_ioctl` interacts with the GPU's task scheduling group (TSG) and handles various commands that could involve memory management ...,[nvgpu_tsg_bind_channel_ex_args; nvgpu_event_id_ctrl_args; nvgpu_runlist_interleave_args; nvgpu_timeslice_args; nvgpu_tsg_read_single_sm_error_state_args; nvgpu_tsg_l2_max_ways_evict_last_args; nvgpu_tsg_set_l2_sector_promotion_args],[channel_fd; event_id; timeslice_us; max_ways; promotion_flag; record_mem; record_size]
46,user_copy:nvmap_ioctl_create_from_va,user_copy_operations,AIARelevantFunction,70,"**AIARelevantFunction (70%)**: The function `nvmap_ioctl_create_from_va` is involved in creating a handle from a virtual address, which is relevant for memory management in the context of an AI Acc...",[nvmap_create_handle_from_va],[handle; va; size; flags]
47,gk20a_channel_ioctl,ioctl_operations,AIARelevantFunction,70,"**AIARelevantFunction Score (70)**: The function `gk20a_channel_ioctl` interacts with various structures that are relevant for managing GPU channels and their operations, which can include memory m...",[nvgpu_channel_open_args; nvgpu_alloc_obj_ctx_args; nvgpu_channel_setup_bind_args; nvgpu_alloc_gpfifo_ex_args; nvgpu_submit_gpfifo_args; nvgpu_wait_args; nvgpu_set_error_notifier; nvgpu_set_timeout_args; nvgpu_set_timeout_ex_args; nvgpu_get_param_args],[userd_dmabuf_fd; gpfifo_dmabuf_fd; userd_dmabuf_offset; gpfifo_dmabuf_offset; obj_id]
48,nvmap_ioctl,ioctl_operations,AIARelevantFunction,70,**AIARelevantFunction (70%)**: The `nvmap_ioctl` function is involved in handling various IOCTL commands that can potentially relate to memory management and operations that could involve an AI Acc...,[struct nvmap_rw_handle; struct nvmap_cache_op; struct nvmap_cache_op_64; struct nvmap_cache_op_32; struct nvmap_rw_handle_32],[addr; handle; offset; elem_size; hmem_stride; user_stride; count]
49,gk20a_as_ioctl_alloc_space,ioctl_operations,AIARelevantFunction,70,**AIARelevantFunction Score (70)**: The function `gk20a_as_ioctl_alloc_space` is responsible for allocating space in the address space for the AI Accelerator (AIA). It interacts with the `nvgpu_vm_...,[nvgpu_as_alloc_space_args],[pages; page_size; flags; o_a]
50,nvmap_ioctl_alloc,ioctl_operations,AIARelevantFunction,70,"**AIARelevantFunction Score (70)**: The function `nvmap_ioctl_alloc` is responsible for allocating memory for an AI Accelerator (AIA) by interacting with the `nvmap_alloc_handle` structure, which c...",[nvmap_alloc_handle],[handle; heap_mask; flags; align; size; vaddr]
51,nvgpu_ioctl_channel_get_user_syncpoint,ioctl_operations,AIARelevantFunction,70,"**AIARelevantFunction Score (70)**: The function `nvgpu_ioctl_channel_get_user_syncpoint` interacts with the AI Accelerator (AIA) by managing synchronization points, which are crucial for coordinat...",[nvgpu_get_user_syncpoint_args],[gpu_va; syncpoint_id; syncpoint_max]
52,nvmap_ioctl_create_from_va,ioctl_operations,AIARelevantFunction,70,"**AIARelevantFunction (70%)**: The function `nvmap_ioctl_create_from_va` is involved in creating a handle from a virtual address, which is relevant for shared memory operations with an AI Accelerat...",[nvmap_create_handle_from_va],[handle; fd; va; size; flags]
53,user_copy:nvmap_ioctl_create,user_copy_operations,AIARelevantFunction,60,"**AIARelevantFunction Score (60)**: The function `nvmap_ioctl_create` is involved in creating a handle for shared memory, which is relevant for AI Accelerator integration. It interacts with DMA buf...",[nvmap_create_handle],[handle; handle64; fd; size; orig_size]
54,user_copy:nvgpu_ioctl_tsg_dev_ioctl,user_copy_operations,AIARelevantFunction,60,"**AIARelevantFunction Score (60)**: The function `nvgpu_ioctl_tsg_dev_ioctl` interacts with various aspects of the GPU's task scheduling and channel management, which can be relevant for AI Acceler...",[nvgpu_tsg_bind_channel_ex_args; nvgpu_tsg_bind_scheduling_domain_args; nvgpu_runlist_interleave_args; nvgpu_timeslice_args; nvgpu_tsg_read_single_sm_error_state_args; nvgpu_tsg_l2_max_ways_evict_last_args; nvgpu_tsg_set_l2_sector_promotion_args],[channel_fd; domain_fd; timeslice_us; sm_id; max_ways; promotion_flag]
55,drivers/gpu/nvgpu/os/linux/linux-dma.c:nvgpu_dma_free_sys,functions_by_file,AIARelevantFunction,20,**AIARelevantFunction Score (20)**: The function `nvgpu_dma_free_sys` primarily deals with freeing DMA memory allocated for the GPU. While it does manage memory that could be relevant for an AI Acc...,[struct nvgpu_mem; struct sg_table],[gpu_va; cpu_va; aligned_size; size; dma_address]
56,nvgpu_dma_free_sys,dma_operations,AIARelevantFunction,20,**AIARelevantFunction Score (20)**: The function `nvgpu_dma_free_sys` primarily deals with freeing DMA memory rather than directly interacting with an AI Accelerator (AIA). While it does manage mem...,[nvgpu_mem; sg_table],[gpu_va; cpu_va; aligned_size; size; dma_address]
57,nvmap_handle_get_from_id,dma_operations,AIARelevantFunction,20,**AIARelevantFunction Score (20)**: The function `nvmap_handle_get_from_id` does not directly interact with an AI Accelerator (AIA) or shared memory management in a way that is typical for AIA inte...,[struct nvmap_handle_info; struct dma_buf],[dma_buf*; nvmap_handle*; nvmap_client*]
58,drivers/gpu/nvgpu/os/linux/linux-dma.c:nvgpu_iommuable,functions_by_file,AIARelevantFunction,0,**AIARelevantFunction Score (0%)**: The function `nvgpu_iommuable` does not interact with shared memory or perform any operations that would typically be associated with an AI Accelerator (AIA). It...,None,None
59,drivers/gpu/nvgpu/os/linux/linux-dma.c:nvgpu_dma_free_no_iommu,functions_by_file,AIARelevantFunction,0,**AIARelevantFunction Score (0%)**: The function `nvgpu_dma_free_no_iommu` is primarily responsible for freeing DMA memory that has been allocated without IOMMU support. It does not involve any ope...,None,None
60,drivers/gpu/nvgpu/os/linux/linux-dma.c:nvgpu_free_sgtable,functions_by_file,AIARelevantFunction,0,**AIARelevantFunction Score (0)**: The function `nvgpu_free_sgtable` does not interact with an AI Accelerator (AIA) or shared memory management relevant to AIA operations. It primarily deals with f...,None,None
61,drivers/gpu/nvgpu/os/linux/linux-dma.c:nvgpu_dma_flags_to_attrs,functions_by_file,AIARelevantFunction,0,**AIARelevantFunction Score (0%)**: The function `nvgpu_dma_flags_to_attrs` does not interact with shared memory or AI Accelerator (AIA) specific operations. It primarily translates DMA flags into ...,None,None
62,drivers/gpu/nvgpu/os/linux/platform_gk20a_tegra.c:gk20a_tegra_idle,functions_by_file,AIARelevantFunction,0,**AIARelevantFunction Score (0%)**: The function `gk20a_tegra_idle` does not involve any operations related to shared memory management or interactions with an AI Accelerator (AIA). It primarily ha...,None,None
63,drivers/gpu/nvgpu/os/linux/platform_gk20a_tegra.c:gk20a_tegra_busy,functions_by_file,AIARelevantFunction,0,**AIARelevantFunction Score (0%)**: The function `gk20a_tegra_busy` does not interact with shared memory or perform any operations that would typically be associated with AI Accelerator integration...,None,None
64,drivers/video/tegra/nvmap/nvmap_dmabuf.c:dmabuf_is_nvmap,functions_by_file,AIARelevantFunction,0,**AIARelevantFunction Score (0)**: The function `dmabuf_is_nvmap` does not involve any operations related to sharing memory with an AI Accelerator (AIA). It simply checks if the `exp_name` field of...,None,None
65,drivers/video/tegra/nvmap/nvmap_dmabuf.c:nvmap_get_dmabuf_fd,functions_by_file,AIARelevantFunction,0,**AIARelevantFunction Score (0%)**: The function `nvmap_get_dmabuf_fd` does not directly interact with an AI Accelerator (AIA) or perform operations related to shared memory management that would t...,None,None
66,drivers/video/tegra/nvmap/nvmap_dmabuf.c:nvmap_dmabuf_attach,functions_by_file,AIARelevantFunction,0,**AIARelevantFunction Score (0%)**: The function `nvmap_dmabuf_attach` does not directly involve any operations related to sharing memory with an AI Accelerator (AIA). It simply calls another funct...,None,None
67,drivers/video/tegra/nvmap/nvmap_dmabuf.c:nvmap_dmabuf_vmap,functions_by_file,AIARelevantFunction,0,**AIARelevantFunction Score (0)**: The function `nvmap_dmabuf_vmap` does not interact with an AI Accelerator (AIA) or shared memory (SMem) directly. It primarily deals with a `dma_buf` structure an...,None,None
68,drivers/video/tegra/nvmap/nvmap_dmabuf.c:nvmap_dmabuf_get_drv_data,functions_by_file,AIARelevantFunction,0,**AIARelevantFunction Score (0)**: The function `nvmap_dmabuf_get_drv_data` does not interact with any AI Accelerator (AIA) relevant functions or patterns. It primarily retrieves driver data associ...,None,None
69,drivers/video/tegra/nvmap/nvmap_dmabuf.c:nvmap_dmabuf_detach,functions_by_file,AIARelevantFunction,0,**AIARelevantFunction Score (0)**: The function `nvmap_dmabuf_detach` does not involve any operations related to sharing memory with an AI Accelerator (AIA). It primarily deals with detaching a DMA...,None,None
70,drivers/video/tegra/nvmap/nvmap_dmabuf.c:nvmap_dmabuf_release,functions_by_file,AIARelevantFunction,0,**AIARelevantFunction Score (0)**: The function `nvmap_dmabuf_release` does not interact with an AI Accelerator (AIA) or shared memory management relevant to AIA operations. It primarily deals with...,None,None
71,drivers/video/tegra/nvmap/nvmap_dmabuf.c:nvmap_dmabuf_vunmap,functions_by_file,AIARelevantFunction,0,**AIARelevantFunction Score (0)**: The function `nvmap_dmabuf_vunmap` does not involve any operations that directly relate to sharing memory with an AI Accelerator (AIA). It primarily deals with un...,None,None
72,drivers/video/tegra/nvmap/nvmap_alloc.c:nvmap_alloc_handle,functions_by_file,AIARelevantFunction,0,**AIARelevantFunction Score (0)**: The function `nvmap_alloc_handle` does not interact with an AI Accelerator (AIA) or shared memory (SMem) directly. It primarily focuses on allocating a handle for...,None,None
73,drivers/video/tegra/nvmap/nvmap_alloc.c:alloc_handle,functions_by_file,AIARelevantFunction,0,**AIARelevantFunction Score (0%)**: The function `alloc_handle` does not interact with an AI Accelerator (AIA) or shared memory (SMem) directly. It primarily deals with memory allocation for a `nvm...,None,None
74,drivers/video/tegra/nvmap/nvmap_alloc.c:nvmap_altalloc,functions_by_file,AIARelevantFunction,0,**AIARelevantFunction Score (0)**: The function `nvmap_altalloc` does not interact with any AI Accelerator (AIA) relevant operations. It is primarily focused on memory allocation using `vzalloc` an...,None,None
75,drivers/video/tegra/nvmap/nvmap_alloc.c:nvmap_alloc_pages_exact,functions_by_file,AIARelevantFunction,0,**AIARelevantFunction Score (0%)**: The function `nvmap_alloc_pages_exact` does not interact with an AI Accelerator (AIA) or shared memory (SMem) in any way. It is primarily focused on memory alloc...,None,None
76,drivers/video/tegra/nvmap/nvmap_alloc.c:is_nvmap_id_ro,functions_by_file,AIARelevantFunction,0,**AIARelevantFunction Score (0%)**: The function `is_nvmap_id_ro` does not interact with an AI Accelerator (AIA) or shared memory (SMem) directly. It primarily deals with checking if a given NVMAP ...,None,None
77,drivers/video/tegra/nvmap/nvmap_alloc.c:nvmap_altfree,functions_by_file,AIARelevantFunction,0,**AIARelevantFunction Score (0)**: The function `nvmap_altfree` does not interact with any AI Accelerator (AIA) relevant operations. It is primarily concerned with freeing memory based on the size ...,None,None
78,drivers/video/tegra/nvmap/nvmap_alloc.c:nvmap_alloc_handle_from_va,functions_by_file,AIARelevantFunction,0,**AIARelevantFunction Score (0)**: The function `nvmap_alloc_handle_from_va` does not directly interact with an AI Accelerator (AIA) or perform operations related to shared memory management that w...,None,None
79,drivers/video/tegra/nvmap/nvmap_alloc.c:nvmap_free_handle_from_fd,functions_by_file,AIARelevantFunction,0,**AIARelevantFunction Score (0)**: The function `nvmap_free_handle_from_fd` does not interact with an AI Accelerator (AIA) or shared memory management that would typically involve functions like `g...,None,None
80,drivers/video/tegra/nvmap/nvmap_alloc.c:nvmap_free_handle,functions_by_file,AIARelevantFunction,0,**AIARelevantFunction Score (0%)**: The function `nvmap_free_handle` does not interact with an AI Accelerator (AIA) or shared memory management relevant to AIA operations. It primarily deals with f...,None,None
81,drivers/video/tegra/nvmap/nvmap_alloc.c:_nvmap_handle_free,functions_by_file,AIARelevantFunction,0,**AIARelevantFunction Score (0%)**: The function `_nvmap_handle_free` does not interact with an AI Accelerator (AIA) or shared memory management relevant to AIA operations. It primarily deals with ...,None,None
82,drivers/video/tegra/nvmap/nvmap_alloc.c:nvmap_heap_pgfree,functions_by_file,AIARelevantFunction,0,**AIARelevantFunction Score (0%)**: The function `nvmap_heap_pgfree` does not involve any operations related to sharing memory with an AI Accelerator (AIA). It primarily deals with freeing DMA memo...,None,None
83,drivers/video/tegra/nvmap/nvmap_alloc.c:nvmap_heap_pgalloc_dev,functions_by_file,AIARelevantFunction,0,**AIARelevantFunction Score (0%)**: The function `nvmap_heap_pgalloc_dev` does not involve any operations related to sharing memory with an AI Accelerator (AIA). It primarily focuses on allocating ...,None,None
84,nvmap_handle_get_from_id,dma_operations,AIARelevantFunction,0,**AIARelevantFunction Score (0)**: The function `nvmap_handle_get_from_id` does not directly involve any operations related to sharing memory with an AI Accelerator (AIA). It primarily deals with o...,None,None
85,is_nvmap_id_ro,dma_operations,AIARelevantFunction,0,**AIARelevantFunction Score (0%)**: The function `is_nvmap_id_ro` does not interact with an AI Accelerator (AIA) or shared memory (SMem) management directly. It primarily deals with checking if a D...,None,None
86,nvmap_ioctl_getfd,dma_operations,AIARelevantFunction,0,**AIARelevantFunction Score (0)**: The function `nvmap_ioctl_getfd` does not directly interact with an AI Accelerator (AIA) or manage shared memory (SMem) in a way that is typical for AIA integrati...,[nvmap_create_handle],[handle; fd]
87,gk20a_init_error_notifier,dma_operations,AIARelevantFunction,0,**AIARelevantFunction Score (0)**: The function `gk20a_init_error_notifier` does not directly interact with an AI Accelerator (AIA) or manage shared memory in a way that would qualify it as an AIA ...,[struct nvgpu_set_error_notifier; struct nvgpu_notification],[mem; offset; size]
88,gk20a_channel_free_error_notifiers,dma_operations,AIARelevantFunction,0,**AIARelevantFunction Score (0%)**: The function `gk20a_channel_free_error_notifiers` does not interact with any AI Accelerator (AIA) relevant functions or memory management patterns that would typ...,None,None
89,gk20a_init_error_notifier,dma_operations,AIARelevantFunction,0,**AIARelevantFunction Score (0)**: The function `gk20a_init_error_notifier` does not directly interact with an AI Accelerator (AIA) or manage shared memory in a way that would typically be associat...,[nvgpu_set_error_notifier; nvgpu_notification; dma_buf],[mem (handle); offset; size]
90,nvgpu_mm_unpin,dma_operations,AIARelevantFunction,0,**AIARelevantFunction Score (0)**: The function `nvgpu_mm_unpin` does not involve any operations that directly relate to sharing memory with an AI Accelerator (AIA). It primarily deals with unmappi...,None,None
91,nvgpu_mm_unpin,dma_operations,AIARelevantFunction,0,**AIARelevantFunction Score (0)**: The function `nvgpu_mm_unpin` does not involve any operations related to sharing memory with an AI Accelerator (AIA). It primarily deals with unmapping and detach...,None,None
92,nvgpu_vm_unmap_system,dma_operations,AIARelevantFunction,0,**AIARelevantFunction Score (0%)**: The function `nvgpu_vm_unmap_system` does not involve any operations that directly relate to sharing memory with an AI Accelerator (AIA). It primarily deals with...,None,None
93,nvmap_free_handle,dma_operations,AIARelevantFunction,0,**AIARelevantFunction Score (0)**: The function `nvmap_free_handle` does not interact with an AI Accelerator (AIA) or shared memory management relevant to AIA operations. It primarily deals with fr...,None,None
94,nvmap_free_handle,dma_operations,AIARelevantFunction,0,**AIARelevantFunction Score (0)**: The function `nvmap_free_handle` does not interact with an AI Accelerator (AIA) or shared memory management relevant to AI accelerators. It primarily deals with f...,None,None
95,nvmap_ioctl_free,dma_operations,AIARelevantFunction,0,**AIARelevantFunction Score (0%)**: The function `nvmap_ioctl_free` does not directly involve sharing memory with an AI Accelerator (AIA). It primarily deals with freeing a DMA buffer associated wi...,[None identified],[None identified]
96,nvmap_ioctl_free,dma_operations,AIARelevantFunction,0,**AIARelevantFunction Score (0)**: The function `nvmap_ioctl_free` does not directly interact with an AI Accelerator (AIA) or shared memory management patterns typically associated with AIA integra...,[None identified],[None identified]
97,destroy_client,dma_operations,AIARelevantFunction,0,**AIARelevantFunction Score (0)**: The `destroy_client` function does not interact with an AI Accelerator (AIA) or shared memory (SMem) management. It primarily focuses on cleaning up resources ass...,None,None
98,destroy_client,dma_operations,AIARelevantFunction,0,**AIARelevantFunction Score (0%)**: The `destroy_client` function does not involve any operations related to shared memory (SMem) with an AI Accelerator (AIA). It primarily focuses on cleaning up r...,None,None
99,user_copy:nvgpu_channel_copy_user_gpfifo,user_copy_operations,AIARelevantFunction,0,**AIARelevantFunction Score (0)**: The function `nvgpu_channel_copy_user_gpfifo` does not directly interact with an AI Accelerator (AIA) or perform operations that are typically associated with AIA...,[struct nvgpu_gpfifo_userdata],[entries]
100,user_copy:nvmap_ioctl_get_available_heaps,user_copy_operations,AIARelevantFunction,0,**AIARelevantFunction Score (0)**: The function `nvmap_ioctl_get_available_heaps` does not directly interact with an AI Accelerator (AIA) or perform operations related to shared memory management f...,[struct nvmap_available_heaps],[None identified]
101,user_copy:gk20a_power_write,user_copy_operations,AIARelevantFunction,0,**AIARelevantFunction Score (0)**: The function `gk20a_power_write` does not involve any operations related to sharing memory with an AI Accelerator (AIA). It primarily handles power management com...,None,None
102,user_copy:gk20a_ctrl_ioctl_gpu_characteristics,user_copy_operations,AIARelevantFunction,0,**AIARelevantFunction Score (0)**: The function `gk20a_ctrl_ioctl_gpu_characteristics` does not interact with an AI Accelerator (AIA) or shared memory (SMem) in a manner typical of AIA relevant fun...,[struct nvgpu_gpu_get_characteristics],[gpu_characteristics_buf_addr; gpu_characteristics_buf_size]
103,user_copy:gk20a_ctrl_get_tpc_masks,user_copy_operations,AIARelevantFunction,0,**AIARelevantFunction Score (0)**: The function `gk20a_ctrl_get_tpc_masks` does not interact with an AI Accelerator (AIA) directly. It primarily handles user space requests to copy TPC (Texture Pro...,[struct nvgpu_gpu_get_tpc_masks_args],[mask_buf_addr]
104,user_copy:gk20a_ctrl_get_fbp_l2_masks,user_copy_operations,AIARelevantFunction,0,"**AIARelevantFunction Score (0%)**: The function `gk20a_ctrl_get_fbp_l2_masks` does not interact with an AI Accelerator (AIA) or shared memory (SMem) in a way that involves pinning user pages, mana...",struct nvgpu_gpu_get_fbp_l2_masks_args,mask_buf_addr; mask_buf_size
105,user_copy:gk20a_ctrl_vsm_mapping,user_copy_operations,AIARelevantFunction,0,**AIARelevantFunction Score (0)**: The function `gk20a_ctrl_vsm_mapping` does not directly involve sharing memory with an AI Accelerator (AIA). It primarily allocates and prepares a buffer for GPU ...,[struct nvgpu_gpu_vsms_mapping],[vsms_map_buf_addr]
106,user_copy:nvgpu_gpu_get_engine_info,user_copy_operations,AIARelevantFunction,0,**AIARelevantFunction Score (0)**: The function `nvgpu_gpu_get_engine_info` does not involve any operations related to sharing memory with an AI Accelerator (AIA). It primarily retrieves engine inf...,[struct nvgpu_gpu_get_engine_info_args; struct nvgpu_gpu_get_engine_info_item],[engine_info_buf_addr; engine_id; runlist_id]
107,user_copy:nvgpu_gpu_clk_get_range,user_copy_operations,AIARelevantFunction,0,"**AIARelevantFunction Score (0)**: The function `nvgpu_gpu_clk_get_range` does not interact with an AI Accelerator (AIA) directly. It primarily deals with clock range retrieval for a GPU, which doe...",[struct nvgpu_gpu_clk_range_args; struct nvgpu_gpu_clk_range],[clk_range_entries; min_hz; max_hz]
108,user_copy:nvmap_ioctl_query_heap_params,user_copy_operations,AIARelevantFunction,0,**AIARelevantFunction Score (0)**: The function `nvmap_ioctl_query_heap_params` does not directly interact with an AI Accelerator (AIA) or manage shared memory (SMem) for an AIA. It primarily queri...,[struct nvmap_query_heap_params],[heap_mask; total; free; largest_free_block]
109,user_copy:nvmap_ioctl_query_heap_params,user_copy_operations,AIARelevantFunction,0,**AIARelevantFunction Score (0)**: The function `nvmap_ioctl_query_heap_params` does not directly interact with an AI Accelerator (AIA) or manage shared memory (SMem) in a way that would qualify it...,[struct nvmap_query_heap_params],[heap_mask; total; free; largest_free_block]
110,user_copy:nvgpu_gpu_clk_get_info,user_copy_operations,AIARelevantFunction,0,**AIARelevantFunction Score (0)**: The function `nvgpu_gpu_clk_get_info` does not interact with an AI Accelerator (AIA) or shared memory (SMem) in a manner typical of AIA relevant functions. It pri...,[nvgpu_gpu_clk_get_info_args; nvgpu_gpu_clk_info],[clk_info_entries]
111,user_copy:nvgpu_gpu_clk_get_info,user_copy_operations,AIARelevantFunction,0,**AIARelevantFunction Score (0)**: The function `nvgpu_gpu_clk_get_info` does not directly interact with an AI Accelerator (AIA) or manage shared memory for an AIA. It primarily deals with GPU cloc...,[struct nvgpu_gpu_clk_get_info_args; struct nvgpu_gpu_clk_info],[clk_info_entries; freq_hz; clk_domain]
112,user_copy:nvmap_ioctl_getfd,user_copy_operations,AIARelevantFunction,0,**AIARelevantFunction Score (0)**: The function `nvmap_ioctl_getfd` does not directly interact with an AI Accelerator (AIA) or shared memory management that would typically involve DMA operations o...,[nvmap_create_handle],[fd; handle]
113,gk20a_dbg_gpu_dev_release,ioctl_operations,AIARelevantFunction,0,**AIARelevantFunction Score (0%)**: The function `gk20a_dbg_gpu_dev_release` does not involve any operations related to sharing memory with an AI Accelerator (AIA). It primarily handles the cleanup...,None,None
114,gk20a_ctrl_dev_release,ioctl_operations,AIARelevantFunction,0,"**AIARelevantFunction Score (0%)**: The function `gk20a_ctrl_dev_release` does not interact with any AI Accelerator (AIA) relevant functions such as memory mapping, DMA operations, or shared memory...",None,None
115,nvmap_open,ioctl_operations,AIARelevantFunction,0,**AIARelevantFunction Score (0%)**: The `nvmap_open` function does not involve any operations related to shared memory management or interactions with an AI Accelerator (AIA). It primarily handles ...,None,None
116,nvmap_ioctl_get_available_heaps,ioctl_operations,AIARelevantFunction,0,**AIARelevantFunction (0%)**: The function `nvmap_ioctl_get_available_heaps` does not involve any operations that directly relate to sharing memory with an AI Accelerator (AIA). It primarily retrie...,[struct nvmap_available_heaps],[None identified]
117,gk20a_power_open,ioctl_operations,AIARelevantFunction,0,**AIARelevantFunction Score (0%)**: The function `gk20a_power_open` does not involve any operations related to shared memory (SMem) with an AI Accelerator (AIA). It primarily focuses on opening a d...,None,None
118,gk20a_power_release,ioctl_operations,AIARelevantFunction,0,**AIARelevantFunction Score (0%)**: The function `gk20a_power_release` does not interact with shared memory or perform any operations that would be relevant to an AI Accelerator (AIA). It primarily...,None,None
119,gk20a_ctrl_dev_open,ioctl_operations,AIARelevantFunction,0,"**AIARelevantFunction Score (0%)**: The function `gk20a_ctrl_dev_open` does not directly involve sharing memory with an AI Accelerator (AIA). It primarily handles device opening and initialization,...",[gk20a_ctrl_priv],[device*; gk20a*; nvgpu_clk_session*; nvgpu_cdev*]
120,gk20a_ctrl_dev_ioctl,ioctl_operations,AIARelevantFunction,0,**AIARelevantFunction Score (0)**: The function `gk20a_ctrl_dev_ioctl` does not directly interact with an AI Accelerator (AIA) or manage shared memory (SMem) for an AIA. It primarily serves as an i...,[nvgpu_gpu_zcull_get_ctx_size_args; nvgpu_gpu_zcull_get_info_args; nvgpu_gpu_zbc_set_table_args; nvgpu_gpu_zbc_query_table_args; nvgpu_gpu_get_characteristics; nvgpu_gpu_prepare_compressible_read_args; nvgpu_gpu_mark_compressible_write_args; nvgpu_alloc_as_args; nvgpu_gpu_open_tsg_args; nvgpu_gpu_get_tpc_masks_args; nvgpu_gpu_get_fbp_l2_masks_args; nvgpu_channel_open_args; nvgpu_gpu_l2_fb_args; nvgpu_gpu_mmu_debug_mode_args; nvgpu_gpu_sm_debug_mode_args],[as_fd; gpu_characteristics_buf_addr; va_range_start; va_range_end; va_range_split; handle]
121,gk20a_ctrl_ioctl_gpu_characteristics,ioctl_operations,AIARelevantFunction,0,**AIARelevantFunction Score (0%)**: The function `gk20a_ctrl_ioctl_gpu_characteristics` does not interact with an AI Accelerator (AIA) directly. It primarily retrieves GPU characteristics and prepa...,[struct nvgpu_gpu_get_characteristics],[gpu_characteristics_buf_addr; gpu_characteristics_buf_size]
122,nvgpu_ctrl_ioctl_gpu_characteristics_flags,ioctl_operations,AIARelevantFunction,0,**AIARelevantFunction Score (0%)**: The function `nvgpu_ctrl_ioctl_gpu_characteristics_flags` does not interact with shared memory or perform any operations that would typically be associated with ...,None,None
123,nvgpu_get_ioctl_graphics_preempt_mode_flags,ioctl_operations,AIARelevantFunction,0,**AIARelevantFunction Score (0)**: The function `nvgpu_get_ioctl_graphics_preempt_mode_flags` does not involve any operations related to shared memory (SMem) with an AI Accelerator (AIA). It simply...,None,None
124,nvgpu_get_ioctl_compute_preempt_mode_flags,ioctl_operations,AIARelevantFunction,0,**AIARelevantFunction Score (0)**: The function `nvgpu_get_ioctl_compute_preempt_mode_flags` does not involve any operations related to shared memory (SMem) or AI Accelerator (AIA) integration. It ...,None,None
125,nvgpu_get_ioctl_graphics_preempt_mode,ioctl_operations,AIARelevantFunction,0,"**AIARelevantFunction Score (0)**: The function `nvgpu_get_ioctl_graphics_preempt_mode` does not involve any operations related to shared memory management, DMA, or interactions with an AI Accelera...",None,None
126,nvgpu_get_ioctl_compute_preempt_mode,ioctl_operations,AIARelevantFunction,0,**AIARelevantFunction Score (0)**: The function `nvgpu_get_ioctl_compute_preempt_mode` does not involve any operations related to shared memory (SMem) with an AI Accelerator (AIA). It simply transl...,None,None
127,nvgpu_as_ioctl_get_sync_ro_map,ioctl_operations,AIARelevantFunction,0,**AIARelevantFunction Score (0%)**: The function `nvgpu_as_ioctl_get_sync_ro_map` does not directly interact with shared memory or manage memory for an AI Accelerator (AIA). It primarily retrieves ...,[struct nvgpu_as_get_sync_ro_map_args],[base_gpuva; sync_size; num_syncpoints]
128,gk20a_as_ioctl_get_va_regions,ioctl_operations,AIARelevantFunction,0,"**AIARelevantFunction Score (0)**: The function `gk20a_as_ioctl_get_va_regions` does not directly interact with an AI Accelerator (AIA) or manage shared memory between the CPU and an AIA. Instead, ...",[struct nvgpu_as_get_va_regions_args; struct nvgpu_as_va_region],[buf_addr; buf_size; offset; page_size; pages]
129,nvmap_ioctl_query_heap_params,ioctl_operations,AIARelevantFunction,0,**AIARelevantFunction Score (0)**: The function `nvmap_ioctl_query_heap_params` does not directly interact with an AI Accelerator (AIA) or perform operations that would typically be associated with...,[struct nvmap_query_heap_params],[heap_mask; total; free; largest_free_block]
130,nvmap_ioctl_getfd,ioctl_operations,AIARelevantFunction,0,**AIARelevantFunction Score (0)**: The function `nvmap_ioctl_getfd` does not directly interact with an AI Accelerator (AIA) or shared memory (SMem) management that is typical for AIA integration. I...,[nvmap_create_handle],[handle; fd]
131,nvgpu_gpu_ioctl_register_buffer,ioctl_operations,AIARelevantFunction,0,**AIARelevantFunction Score (0)**: The function `nvgpu_gpu_ioctl_register_buffer` does not directly interact with an AI Accelerator (AIA) or manage shared memory (SMem) in a way that would qualify ...,[struct nvgpu_gpu_register_buffer_args],[dmabuf_fd; metadata_addr; metadata_size]
132,nvgpu_ioctl_tsg_open,ioctl_operations,AIARelevantFunction,0,**AIARelevantFunction Score (0%)**: The function `nvgpu_ioctl_tsg_open` does not directly involve any operations related to shared memory (SMem) with an AI Accelerator (AIA). It primarily handles t...,None,None
133,nvgpu_ioctl_channel_alloc_obj_ctx,ioctl_operations,AIARelevantFunction,0,**AIARelevantFunction (0%)**: The function `nvgpu_ioctl_channel_alloc_obj_ctx` does not directly involve any operations related to shared memory management or interactions with an AI Accelerator (A...,None,None
134,gk20a_channel_open_ioctl,ioctl_operations,AIARelevantFunction,0,**AIARelevantFunction Score (0)**: The function `gk20a_channel_open_ioctl` does not interact with shared memory or AI Accelerator (AIA) specific operations. It primarily handles the opening of a ch...,None,None
135,gk20a_as_ioctl_bind_channel,ioctl_operations,AIARelevantFunction,0,**AIARelevantFunction Score (0%)**: The function `gk20a_as_ioctl_bind_channel` does not directly involve operations that share memory with an AI Accelerator (AIA). It primarily deals with binding a...,struct nvgpu_as_bind_channel_args,None
136,nvgpu_ioctl_tsg_dev_ioctl,ioctl_operations,AIARelevantFunction,0,**AIARelevantFunction Score (0)**: The function `nvgpu_ioctl_tsg_dev_ioctl` does not directly interact with an AI Accelerator (AIA) or manage shared memory (SMem) in a way that would qualify it as ...,[nvgpu_tsg_bind_channel_ex_args; nvgpu_tsg_bind_scheduling_domain_args; nvgpu_runlist_interleave_args; nvgpu_timeslice_args; nvgpu_tsg_read_single_sm_error_state_args; nvgpu_tsg_l2_max_ways_evict_last_args; nvgpu_tsg_set_l2_sector_promotion_args],[channel_fd; domain_fd; timeslice_us; sm_id; record_mem; record_size; max_ways; promotion_flag]
137,gk20a_tsg_ioctl_bind_channel_ex,ioctl_operations,AIARelevantFunction,0,"**AIARelevantFunction Score (0)**: The function `gk20a_tsg_ioctl_bind_channel_ex` does not directly interact with an AI Accelerator (AIA) or manage shared memory (SMem) for an AIA. Instead, it prim...",[nvgpu_tsg_bind_channel_ex_args],[channel_fd; subcontext_id]
138,nvgpu_gpu_ioctl_set_l2_max_ways_evict_last,ioctl_operations,AIARelevantFunction,0,**AIARelevantFunction Score (0)**: The function `nvgpu_gpu_ioctl_set_l2_max_ways_evict_last` does not involve any operations that directly relate to sharing memory with an AI Accelerator (AIA). It ...,struct nvgpu_tsg_l2_max_ways_evict_last_args,None
139,gk20a_as_ioctl_unmap_buffer,ioctl_operations,AIARelevantFunction,0,**AIARelevantFunction Score (0%)**: The function `gk20a_as_ioctl_unmap_buffer` does not involve any operations that directly relate to sharing memory with an AI Accelerator (AIA). It primarily focu...,None,None
140,nvmap_ioctl_free,ioctl_operations,AIARelevantFunction,0,**AIARelevantFunction Score (0)**: The function `nvmap_ioctl_free` does not directly involve operations that share memory with an AI Accelerator (AIA). It primarily deals with freeing a DMA buffer ...,None,None
141,nvmap_release,ioctl_operations,AIARelevantFunction,0,**AIARelevantFunction Score (0%)**: The `nvmap_release` function does not involve any operations related to shared memory (SMem) with an AI Accelerator (AIA). It primarily handles the release of a ...,None,None
142,gk20a_event_id_release,ioctl_operations,AIARelevantFunction,0,"**AIARelevantFunction Score (0%)**: The function `gk20a_event_id_release` does not interact with any AI Accelerator (AIA) relevant functions such as memory mapping, DMA operations, or shared memory...",None,None
143,gk20a_channel_release,ioctl_operations,AIARelevantFunction,0,**AIARelevantFunction Score (0%)**: The function `gk20a_channel_release` does not interact with shared memory or AI Accelerator (AIA) specific operations. It primarily handles the release of a chan...,None,None
144,nvgpu_ioctl_tsg_dev_release,ioctl_operations,AIARelevantFunction,0,**AIARelevantFunction Score (0)**: The function `nvgpu_ioctl_tsg_dev_release` does not involve any operations related to shared memory management or interactions with an AI Accelerator (AIA). It pr...,None,None
145,nvgpu_ioctl_tsg_release,ioctl_operations,AIARelevantFunction,0,**AIARelevantFunction Score (0)**: The function `nvgpu_ioctl_tsg_release` does not involve any operations related to shared memory (SMem) with an AI Accelerator (AIA). It primarily handles the rele...,None,None
146,gk20a_as_dev_release,ioctl_operations,AIARelevantFunction,0,**AIARelevantFunction Score (0)**: The function `gk20a_as_dev_release` does not involve any operations related to shared memory management or interactions with an AI Accelerator (AIA). It primarily...,None,None
1,nvmap_ioctl_getfd,dma_operations,Relevant_KD_Entry_Point,100,**AIARelevantFunction Score (0)**: The function `nvmap_ioctl_getfd` does not directly interact with an AI Accelerator (AIA) or manage shared memory (SMem) in a way that is typical for AIA integrati...,[nvmap_create_handle],[handle; fd]
2,user_copy:nvmap_ioctl_get_available_heaps,user_copy_operations,Relevant_KD_Entry_Point,100,**AIARelevantFunction Score (0)**: The function `nvmap_ioctl_get_available_heaps` does not directly interact with an AI Accelerator (AIA) or perform operations related to shared memory management f...,[struct nvmap_available_heaps],[None identified]
3,user_copy:gk20a_power_write,user_copy_operations,Relevant_KD_Entry_Point,100,**AIARelevantFunction Score (0)**: The function `gk20a_power_write` does not involve any operations related to sharing memory with an AI Accelerator (AIA). It primarily handles power management com...,None,None
4,user_copy:gk20a_ctrl_ioctl_gpu_characteristics,user_copy_operations,Relevant_KD_Entry_Point,100,**AIARelevantFunction Score (0)**: The function `gk20a_ctrl_ioctl_gpu_characteristics` does not interact with an AI Accelerator (AIA) or shared memory (SMem) in a manner typical of AIA relevant fun...,[struct nvgpu_gpu_get_characteristics],[gpu_characteristics_buf_addr; gpu_characteristics_buf_size]
5,user_copy:nvmap_ioctl_query_heap_params,user_copy_operations,Relevant_KD_Entry_Point,100,**AIARelevantFunction Score (0)**: The function `nvmap_ioctl_query_heap_params` does not directly interact with an AI Accelerator (AIA) or manage shared memory (SMem) for an AIA. It primarily queri...,[struct nvmap_query_heap_params],[heap_mask; total; free; largest_free_block]
6,user_copy:nvmap_ioctl_query_heap_params,user_copy_operations,Relevant_KD_Entry_Point,100,**AIARelevantFunction Score (0)**: The function `nvmap_ioctl_query_heap_params` does not directly interact with an AI Accelerator (AIA) or manage shared memory (SMem) in a way that would qualify it...,[struct nvmap_query_heap_params],[heap_mask; total; free; largest_free_block]
7,user_copy:nvgpu_gpu_clk_get_info,user_copy_operations,Relevant_KD_Entry_Point,100,**AIARelevantFunction Score (0)**: The function `nvgpu_gpu_clk_get_info` does not interact with an AI Accelerator (AIA) or shared memory (SMem) in a manner typical of AIA relevant functions. It pri...,[nvgpu_gpu_clk_get_info_args; nvgpu_gpu_clk_info],[clk_info_entries]
8,gk20a_ctrl_ioctl_gpu_characteristics,ioctl_operations,Relevant_KD_Entry_Point,100,**AIARelevantFunction Score (0%)**: The function `gk20a_ctrl_ioctl_gpu_characteristics` does not interact with an AI Accelerator (AIA) directly. It primarily retrieves GPU characteristics and prepa...,[struct nvgpu_gpu_get_characteristics],[gpu_characteristics_buf_addr; gpu_characteristics_buf_size]
9,nvgpu_ctrl_ioctl_gpu_characteristics_flags,ioctl_operations,Relevant_KD_Entry_Point,100,**AIARelevantFunction Score (0%)**: The function `nvgpu_ctrl_ioctl_gpu_characteristics_flags` does not interact with shared memory or perform any operations that would typically be associated with ...,None,None
10,nvgpu_as_ioctl_get_sync_ro_map,ioctl_operations,Relevant_KD_Entry_Point,100,**AIARelevantFunction Score (0%)**: The function `nvgpu_as_ioctl_get_sync_ro_map` does not directly interact with shared memory or manage memory for an AI Accelerator (AIA). It primarily retrieves ...,[struct nvgpu_as_get_sync_ro_map_args],[base_gpuva; sync_size; num_syncpoints]
11,nvmap_ioctl_query_heap_params,ioctl_operations,Relevant_KD_Entry_Point,100,**AIARelevantFunction Score (0)**: The function `nvmap_ioctl_query_heap_params` does not directly interact with an AI Accelerator (AIA) or perform operations that would typically be associated with...,[struct nvmap_query_heap_params],[heap_mask; total; free; largest_free_block]
12,nvgpu_gpu_ioctl_register_buffer,ioctl_operations,Relevant_KD_Entry_Point,100,**AIARelevantFunction Score (0)**: The function `nvgpu_gpu_ioctl_register_buffer` does not directly interact with an AI Accelerator (AIA) or manage shared memory (SMem) in a way that would qualify ...,[struct nvgpu_gpu_register_buffer_args],[dmabuf_fd; metadata_addr; metadata_size]
13,nvgpu_ioctl_tsg_open,ioctl_operations,Relevant_KD_Entry_Point,100,**AIARelevantFunction Score (0%)**: The function `nvgpu_ioctl_tsg_open` does not directly involve any operations related to shared memory (SMem) with an AI Accelerator (AIA). It primarily handles t...,None,None
14,nvgpu_ioctl_channel_alloc_obj_ctx,ioctl_operations,Relevant_KD_Entry_Point,100,**AIARelevantFunction (0%)**: The function `nvgpu_ioctl_channel_alloc_obj_ctx` does not directly involve any operations related to shared memory management or interactions with an AI Accelerator (A...,None,None
15,gk20a_channel_open_ioctl,ioctl_operations,Relevant_KD_Entry_Point,100,**AIARelevantFunction Score (0)**: The function `gk20a_channel_open_ioctl` does not interact with shared memory or AI Accelerator (AIA) specific operations. It primarily handles the opening of a ch...,None,None
16,gk20a_as_ioctl_bind_channel,ioctl_operations,Relevant_KD_Entry_Point,100,**AIARelevantFunction Score (0%)**: The function `gk20a_as_ioctl_bind_channel` does not directly involve operations that share memory with an AI Accelerator (AIA). It primarily deals with binding a...,struct nvgpu_as_bind_channel_args,None
17,nvgpu_ioctl_tsg_dev_ioctl,ioctl_operations,Relevant_KD_Entry_Point,100,**AIARelevantFunction Score (0)**: The function `nvgpu_ioctl_tsg_dev_ioctl` does not directly interact with an AI Accelerator (AIA) or manage shared memory (SMem) in a way that would qualify it as ...,[nvgpu_tsg_bind_channel_ex_args; nvgpu_tsg_bind_scheduling_domain_args; nvgpu_runlist_interleave_args; nvgpu_timeslice_args; nvgpu_tsg_read_single_sm_error_state_args; nvgpu_tsg_l2_max_ways_evict_last_args; nvgpu_tsg_set_l2_sector_promotion_args],[channel_fd; domain_fd; timeslice_us; sm_id; record_mem; record_size; max_ways; promotion_flag]
18,gk20a_tsg_ioctl_bind_channel_ex,ioctl_operations,Relevant_KD_Entry_Point,100,"**AIARelevantFunction Score (0)**: The function `gk20a_tsg_ioctl_bind_channel_ex` does not directly interact with an AI Accelerator (AIA) or manage shared memory (SMem) for an AIA. Instead, it prim...",[nvgpu_tsg_bind_channel_ex_args],[channel_fd; subcontext_id]
19,nvgpu_gpu_ioctl_set_l2_max_ways_evict_last,ioctl_operations,Relevant_KD_Entry_Point,100,**AIARelevantFunction Score (0)**: The function `nvgpu_gpu_ioctl_set_l2_max_ways_evict_last` does not involve any operations that directly relate to sharing memory with an AI Accelerator (AIA). It ...,struct nvgpu_tsg_l2_max_ways_evict_last_args,None
20,gk20a_ioctl_channel_submit_gpfifo,ioctl_operations,Relevant_KD_Entry_Point,95,"**AIARelevantFunction Score (90)**: The function `gk20a_ioctl_channel_submit_gpfifo` is heavily involved in managing the submission of GPU commands through a FIFO (First In, First Out) mechanism. I...",[nvgpu_submit_gpfifo_args; nvgpu_channel_fence; nvgpu_user_fence; nvgpu_gpfifo_userdata],[fence.id; fence.value; args.gpfifo; args.num_entries]
21,nvgpu_gpu_ioctl_register_buffer,dma_operations,Relevant_KD_Entry_Point,90,**AIARelevantFunction (80)**: The function `nvgpu_gpu_ioctl_register_buffer` is involved in managing a DMA buffer that is likely shared with an AI Accelerator (AIA). It utilizes `dma_buf_get` to re...,[struct nvgpu_gpu_register_buffer_args],[dmabuf_fd; metadata_addr; metadata_size]
22,nvgpu_gpu_ioctl_register_buffer,dma_operations,Relevant_KD_Entry_Point,90,"**AIARelevantFunction Score (80)**: The function `nvgpu_gpu_ioctl_register_buffer` is involved in managing a DMA buffer, which is crucial for AI Accelerator (AIA) operations. It utilizes the `dma_b...",[struct nvgpu_gpu_register_buffer_args],[dmabuf_fd; metadata_addr; metadata_size; flags]
23,user_copy:gk20a_channel_ioctl,user_copy_operations,Relevant_KD_Entry_Point,90,**AIARelevantFunction Score (70)**: The function `gk20a_channel_ioctl` interacts with various structures that are relevant to memory management and communication with the AI Accelerator (AIA). It h...,[nvgpu_alloc_obj_ctx_args; nvgpu_channel_setup_bind_args; nvgpu_alloc_gpfifo_ex_args; nvgpu_set_error_notifier; nvgpu_set_timeout_args; nvgpu_set_timeout_ex_args; nvgpu_get_param_args],[userd_dmabuf_fd; gpfifo_dmabuf_fd; userd_dmabuf_offset; gpfifo_dmabuf_offset; offset; size; mem]
24,user_copy:gk20a_channel_ioctl,user_copy_operations,Relevant_KD_Entry_Point,90,**AIARelevantFunction Score (80%)**: The function `gk20a_channel_ioctl` interacts with various structures that are crucial for managing GPU channels and their associated resources. It handles comma...,[nvgpu_alloc_obj_ctx_args; nvgpu_channel_setup_bind_args; nvgpu_alloc_gpfifo_ex_args; nvgpu_wait_args; nvgpu_set_error_notifier; nvgpu_set_timeout_args; nvgpu_set_timeout_ex_args; nvgpu_get_param_args],[chid; tsgid; userd_dmabuf_fd; gpfifo_dmabuf_fd; userd_dmabuf_offset; gpfifo_dmabuf_offset; timeout; flags]
25,user_copy:gk20a_ctrl_dev_ioctl,user_copy_operations,Relevant_KD_Entry_Point,90,"**AIARelevantFunction Score (80)**: The function `gk20a_ctrl_dev_ioctl` interacts with various GPU operations that are relevant to AI Accelerator integration, such as memory allocation and manageme...",[nvgpu_gpu_zcull_get_ctx_size_args; nvgpu_gpu_zcull_get_info_args; nvgpu_gpu_zbc_set_table_args; nvgpu_gpu_zbc_query_table_args; nvgpu_gpu_get_characteristics; nvgpu_gpu_prepare_compressible_read_args; nvgpu_gpu_mark_compressible_write_args; nvgpu_alloc_as_args; nvgpu_gpu_open_tsg_args; nvgpu_gpu_get_tpc_masks_args; nvgpu_gpu_get_fbp_l2_masks_args; nvgpu_channel_open_args; nvgpu_gpu_l2_fb_args; nvgpu_gpu_mmu_debug_mode_args; nvgpu_gpu_sm_debug_mode_args],[handle; as_fd; gpu_instance_id; gr_instance_id; va_range_start; va_range_end; va_range_split; userd_iova; userd_mem; syncpt_unit_base; syncpt_unit_size; syncpt_size]
26,user_copy:gk20a_ctrl_dev_ioctl,user_copy_operations,Relevant_KD_Entry_Point,90,**AIARelevantFunction Score (80)**: The function `gk20a_ctrl_dev_ioctl` is involved in handling various IOCTL commands that interact with the GPU and its subsystems. It includes operations that can...,[nvgpu_gpu_zcull_get_ctx_size_args; nvgpu_gpu_zcull_get_info_args; nvgpu_gpu_zbc_set_table_args; nvgpu_gpu_zbc_query_table_args; nvgpu_gpu_get_characteristics; nvgpu_gpu_prepare_compressible_read_args; nvgpu_gpu_mark_compressible_write_args; nvgpu_alloc_as_args; nvgpu_gpu_open_tsg_args; nvgpu_gpu_get_tpc_masks_args; nvgpu_gpu_get_fbp_l2_masks_args; nvgpu_channel_open_args; nvgpu_gpu_l2_fb_args; nvgpu_gpu_mmu_debug_mode_args; nvgpu_gpu_sm_debug_mode_args],[handle; offset; va_range_start; va_range_end; va_range_split; syncpt_unit_base; syncpt_unit_size; syncpt_size]
27,user_copy:gk20a_as_dev_ioctl,user_copy_operations,Relevant_KD_Entry_Point,90,**AIARelevantFunction Score (80)**: The function `gk20a_as_dev_ioctl` interacts with various memory management operations that are relevant for an AI Accelerator (AIA). It handles memory allocation...,[nvgpu_as_alloc_space_args; nvgpu_as_free_space_args; nvgpu_as_map_buffer_ex_args; nvgpu_as_unmap_buffer_args; nvgpu_as_get_va_regions_args; nvgpu_as_map_buffer_batch_args; nvgpu_as_get_sync_ro_map_args; nvgpu_as_mapping_modify_args; nvgpu_as_remap_args],[offset; pages; page_size; buffer_offset; buffer_size; base_gpuva]
28,user_copy:gk20a_as_dev_ioctl,user_copy_operations,Relevant_KD_Entry_Point,90,**AIARelevantFunction Score (80)**: The function `gk20a_as_dev_ioctl` is involved in handling various IOCTL commands that can lead to memory operations relevant to an AI Accelerator (AIA). It inter...,[nvgpu_as_bind_channel_args; nvgpu32_as_alloc_space_args; nvgpu_as_alloc_space_args; nvgpu_as_free_space_args; nvgpu_as_map_buffer_ex_args; nvgpu_as_unmap_buffer_args; nvgpu_as_get_va_regions_args; nvgpu_as_map_buffer_batch_args; nvgpu_as_get_sync_ro_map_args; nvgpu_as_mapping_modify_args; nvgpu_as_remap_args],[channel_fd; offset; pages; page_size; buffer_offset; buffer_size; map_address; base_gpuva]
29,user_copy:gk20a_as_ioctl_get_va_regions,user_copy_operations,Relevant_KD_Entry_Point,90,**AIARelevantFunction Score (70)**: The function `gk20a_as_ioctl_get_va_regions` is involved in managing virtual address regions for the AI Accelerator (AIA). It interacts with user space by copyin...,[nvgpu_as_get_va_regions_args; nvgpu_as_va_region],[buf_addr; buf_size; offset; page_size; pages]
30,user_copy:nvmap_ioctl_create,user_copy_operations,Relevant_KD_Entry_Point,90,"**AIARelevantFunction (70%)**: The function `nvmap_ioctl_create` is involved in creating a handle for shared memory, which is relevant for AI Accelerator integration. It interacts with DMA buffers ...",[nvmap_create_handle],[handle; handle64; fd]
31,user_copy:nvmap_ioctl_create,user_copy_operations,Relevant_KD_Entry_Point,90,"**AIARelevantFunction Score (60)**: The function `nvmap_ioctl_create` is involved in creating a handle for shared memory, which is relevant for AI Accelerator integration. It interacts with DMA buf...",[nvmap_create_handle],[handle; handle64; fd; size; orig_size]
32,user_copy:nvmap_ioctl_alloc,user_copy_operations,Relevant_KD_Entry_Point,90,"**AIARelevantFunction Score (70)**: The function `nvmap_ioctl_alloc` is involved in memory allocation for an AI accelerator, specifically through the use of the `nvmap_alloc_handle` structure. It c...",[struct nvmap_alloc_handle],[handle; heap_mask; flags; align; size]
33,user_copy:nvgpu_gpu_ioctl_register_buffer,user_copy_operations,Relevant_KD_Entry_Point,90,**AIARelevantFunction Score (80)**: The function `nvgpu_gpu_ioctl_register_buffer` is involved in registering a buffer for an AI accelerator. It utilizes the `dma_buf_get` function to obtain a DMA ...,[struct nvgpu_gpu_register_buffer_args],[dmabuf_fd; metadata_addr; metadata_size; flags]
34,user_copy:nvgpu_ioctl_tsg_dev_ioctl,user_copy_operations,Relevant_KD_Entry_Point,90,**AIARelevantFunction Score (70%)**: The function `nvgpu_ioctl_tsg_dev_ioctl` interacts with the GPU's task scheduling group (TSG) and handles various commands that could involve memory management ...,[nvgpu_tsg_bind_channel_ex_args; nvgpu_event_id_ctrl_args; nvgpu_runlist_interleave_args; nvgpu_timeslice_args; nvgpu_tsg_read_single_sm_error_state_args; nvgpu_tsg_l2_max_ways_evict_last_args; nvgpu_tsg_set_l2_sector_promotion_args],[channel_fd; event_id; timeslice_us; max_ways; promotion_flag; record_mem; record_size]
35,user_copy:nvgpu_ioctl_tsg_dev_ioctl,user_copy_operations,Relevant_KD_Entry_Point,90,"**AIARelevantFunction Score (60)**: The function `nvgpu_ioctl_tsg_dev_ioctl` interacts with various aspects of the GPU's task scheduling and channel management, which can be relevant for AI Acceler...",[nvgpu_tsg_bind_channel_ex_args; nvgpu_tsg_bind_scheduling_domain_args; nvgpu_runlist_interleave_args; nvgpu_timeslice_args; nvgpu_tsg_read_single_sm_error_state_args; nvgpu_tsg_l2_max_ways_evict_last_args; nvgpu_tsg_set_l2_sector_promotion_args],[channel_fd; domain_fd; timeslice_us; sm_id; max_ways; promotion_flag]
36,user_copy:nvmap_ioctl_create_from_va,user_copy_operations,Relevant_KD_Entry_Point,90,"**AIARelevantFunction Score (80)**: The function `nvmap_ioctl_create_from_va` is involved in creating a handle from a virtual address, which is a critical operation for managing shared memory betwe...",[struct nvmap_create_handle_from_va],[op.handle; op.va; op.size; op.size64; fd]
37,user_copy:nvmap_ioctl_create_from_va,user_copy_operations,Relevant_KD_Entry_Point,90,"**AIARelevantFunction (70%)**: The function `nvmap_ioctl_create_from_va` is involved in creating a handle from a virtual address, which is relevant for memory management in the context of an AI Acc...",[nvmap_create_handle_from_va],[handle; va; size; flags]
38,gk20a_channel_ioctl,ioctl_operations,Relevant_KD_Entry_Point,90,"**AIARelevantFunction Score (70)**: The function `gk20a_channel_ioctl` interacts with various structures that are relevant for managing GPU channels and their operations, which can include memory m...",[nvgpu_channel_open_args; nvgpu_alloc_obj_ctx_args; nvgpu_channel_setup_bind_args; nvgpu_alloc_gpfifo_ex_args; nvgpu_submit_gpfifo_args; nvgpu_wait_args; nvgpu_set_error_notifier; nvgpu_set_timeout_args; nvgpu_set_timeout_ex_args; nvgpu_get_param_args],[userd_dmabuf_fd; gpfifo_dmabuf_fd; userd_dmabuf_offset; gpfifo_dmabuf_offset; obj_id]
39,nvmap_ioctl,ioctl_operations,Relevant_KD_Entry_Point,90,**AIARelevantFunction (70%)**: The `nvmap_ioctl` function is involved in handling various IOCTL commands that can potentially relate to memory management and operations that could involve an AI Acc...,[struct nvmap_rw_handle; struct nvmap_cache_op; struct nvmap_cache_op_64; struct nvmap_cache_op_32; struct nvmap_rw_handle_32],[addr; handle; offset; elem_size; hmem_stride; user_stride; count]
40,gk20a_ctrl_dev_ioctl,ioctl_operations,Relevant_KD_Entry_Point,90,**AIARelevantFunction Score (0)**: The function `gk20a_ctrl_dev_ioctl` does not directly interact with an AI Accelerator (AIA) or manage shared memory (SMem) for an AIA. It primarily serves as an i...,[nvgpu_gpu_zcull_get_ctx_size_args; nvgpu_gpu_zcull_get_info_args; nvgpu_gpu_zbc_set_table_args; nvgpu_gpu_zbc_query_table_args; nvgpu_gpu_get_characteristics; nvgpu_gpu_prepare_compressible_read_args; nvgpu_gpu_mark_compressible_write_args; nvgpu_alloc_as_args; nvgpu_gpu_open_tsg_args; nvgpu_gpu_get_tpc_masks_args; nvgpu_gpu_get_fbp_l2_masks_args; nvgpu_channel_open_args; nvgpu_gpu_l2_fb_args; nvgpu_gpu_mmu_debug_mode_args; nvgpu_gpu_sm_debug_mode_args],[as_fd; gpu_characteristics_buf_addr; va_range_start; va_range_end; va_range_split; handle]
41,gk20a_as_dev_ioctl,ioctl_operations,Relevant_KD_Entry_Point,90,**AIARelevantFunction Score (80)**: The function `gk20a_as_dev_ioctl` interacts with various memory management operations that are relevant for an AI Accelerator (AIA). It handles commands that inv...,[nvgpu_as_bind_channel_args; nvgpu32_as_alloc_space_args; nvgpu_as_alloc_space_args; nvgpu_as_free_space_args; nvgpu_as_map_buffer_ex_args; nvgpu_as_unmap_buffer_args; nvgpu_as_get_va_regions_args; nvgpu_as_map_buffer_batch_args; nvgpu_as_get_sync_ro_map_args; nvgpu_as_mapping_modify_args; nvgpu_as_remap_args],[channel_fd; pages; page_size; flags; buffer_offset; buffer_size; base_gpuva; sync_size; num_syncpoints; ops; num_ops]
42,gk20a_as_ioctl_alloc_space,ioctl_operations,Relevant_KD_Entry_Point,90,**AIARelevantFunction Score (70)**: The function `gk20a_as_ioctl_alloc_space` is responsible for allocating space in the address space for the AI Accelerator (AIA). It interacts with the `nvgpu_vm_...,[nvgpu_as_alloc_space_args],[pages; page_size; flags; o_a]
43,nvmap_ioctl_create,ioctl_operations,Relevant_KD_Entry_Point,90,**AIARelevantFunction Score (80)**: The function `nvmap_ioctl_create` is involved in creating a handle for a shared memory buffer that can be used by an AI Accelerator (AIA). It interacts with DMA ...,[nvmap_create_handle],[handle; handle64; fd; size64; size]
44,nvmap_ioctl_alloc,ioctl_operations,Relevant_KD_Entry_Point,90,"**AIARelevantFunction Score (70)**: The function `nvmap_ioctl_alloc` is responsible for allocating memory for an AI Accelerator (AIA) by interacting with the `nvmap_alloc_handle` structure, which c...",[nvmap_alloc_handle],[handle; heap_mask; flags; align; size; vaddr]
45,gk20a_as_ioctl_map_buffer_ex,ioctl_operations,Relevant_KD_Entry_Point,90,**AIARelevantFunction Score (80)**: The function `gk20a_as_ioctl_map_buffer_ex` is involved in mapping a buffer for an AI Accelerator (AIA) by utilizing the `nvgpu_vm_map_buffer` function. This fun...,[nvgpu_as_map_buffer_ex_args],[dmabuf_fd; buffer_offset; mapping_size; offset]
46,nvgpu_ioctl_channel_get_user_syncpoint,ioctl_operations,Relevant_KD_Entry_Point,90,"**AIARelevantFunction Score (70)**: The function `nvgpu_ioctl_channel_get_user_syncpoint` interacts with the AI Accelerator (AIA) by managing synchronization points, which are crucial for coordinat...",[nvgpu_get_user_syncpoint_args],[gpu_va; syncpoint_id; syncpoint_max]
47,nvmap_ioctl_create_from_va,ioctl_operations,Relevant_KD_Entry_Point,90,"**AIARelevantFunction (70%)**: The function `nvmap_ioctl_create_from_va` is involved in creating a handle from a virtual address, which is relevant for shared memory operations with an AI Accelerat...",[nvmap_create_handle_from_va],[handle; fd; va; size; flags]
48,nvgpu_vm_map_buffer,dma_operations,Relevant_KD_Entry_Point,80,"**AIARelevantFunction Score (70)**: The function `nvgpu_vm_map_buffer` is involved in mapping a DMA buffer to a virtual memory space, which is relevant for AI Accelerator integration. It utilizes t...",[vm_gk20a_mapping_batch],[dma_buf->size; vm_gk20a->handle]
49,nvgpu_usermode_buf_from_dmabuf,dma_operations,Relevant_KD_Entry_Point,80,"**AIARelevantFunction Score (90)**: The function `nvgpu_usermode_buf_from_dmabuf` is heavily involved in managing DMA buffers, which are critical for sharing memory with AI Accelerators. It uses `d...",[nvgpu_usermode_buf_linux; nvgpu_mem],[dma_buf; dma_buf_attachment; sg_table; dma_addr_t; u64]
50,gk20a_init_error_notifier,dma_operations,Relevant_KD_Entry_Point,80,**AIARelevantFunction Score (0)**: The function `gk20a_init_error_notifier` does not directly interact with an AI Accelerator (AIA) or manage shared memory in a way that would typically be associat...,[nvgpu_set_error_notifier; nvgpu_notification; dma_buf],[mem (handle); offset; size]
51,gk20a_init_error_notifier,dma_operations,Relevant_KD_Entry_Point,80,"**AIARelevantFunction Score (70)**: The function `gk20a_init_error_notifier` interacts with a DMA buffer through the `dma_buf_get` and `dma_buf_put` functions, which are relevant for managing share...",[nvgpu_set_error_notifier; nvgpu_notification],[mem (memory handle); notification (pointer to notification structure); vaddr (virtual address); dmabuf (DMA buffer)]
52,nvmap_ioctl_free,dma_operations,Relevant_KD_Entry_Point,80,**AIARelevantFunction Score (0%)**: The function `nvmap_ioctl_free` does not directly involve sharing memory with an AI Accelerator (AIA). It primarily deals with freeing a DMA buffer associated wi...,[None identified],[None identified]
53,nvmap_ioctl_free,dma_operations,Relevant_KD_Entry_Point,80,**AIARelevantFunction Score (0)**: The function `nvmap_ioctl_free` does not directly interact with an AI Accelerator (AIA) or shared memory management patterns typically associated with AIA integra...,[None identified],[None identified]
54,user_copy:nvgpu_gpu_clk_get_range,user_copy_operations,Relevant_KD_Entry_Point,80,"**AIARelevantFunction Score (0)**: The function `nvgpu_gpu_clk_get_range` does not interact with an AI Accelerator (AIA) directly. It primarily deals with clock range retrieval for a GPU, which doe...",[struct nvgpu_gpu_clk_range_args; struct nvgpu_gpu_clk_range],[clk_range_entries; min_hz; max_hz]
55,user_copy:nvgpu_gpu_clk_get_info,user_copy_operations,Relevant_KD_Entry_Point,80,**AIARelevantFunction Score (0)**: The function `nvgpu_gpu_clk_get_info` does not directly interact with an AI Accelerator (AIA) or manage shared memory for an AIA. It primarily deals with GPU cloc...,[struct nvgpu_gpu_clk_get_info_args; struct nvgpu_gpu_clk_info],[clk_info_entries; freq_hz; clk_domain]
56,user_copy:nvmap_ioctl_getfd,user_copy_operations,Relevant_KD_Entry_Point,80,**AIARelevantFunction Score (0)**: The function `nvmap_ioctl_getfd` does not directly interact with an AI Accelerator (AIA) or shared memory management that would typically involve DMA operations o...,[nvmap_create_handle],[fd; handle]
57,user_copy:nvmap_install_fd,user_copy_operations,Relevant_KD_Entry_Point,80,"**AIARelevantFunction Score (70)**: The function `nvmap_install_fd` interacts with a `dma_buf`, which is a structure used for managing shared memory buffers in the context of DMA (Direct Memory Acc...",[nvmap_handle_info; dma_buf],[file descriptor (fd); dma_buf; nvmap_handle]
58,nvmap_ioctl_get_available_heaps,ioctl_operations,Relevant_KD_Entry_Point,80,**AIARelevantFunction (0%)**: The function `nvmap_ioctl_get_available_heaps` does not involve any operations that directly relate to sharing memory with an AI Accelerator (AIA). It primarily retrie...,[struct nvmap_available_heaps],[None identified]
59,gk20a_power_open,ioctl_operations,Relevant_KD_Entry_Point,80,**AIARelevantFunction Score (0%)**: The function `gk20a_power_open` does not involve any operations related to shared memory (SMem) with an AI Accelerator (AIA). It primarily focuses on opening a d...,None,None
60,gk20a_ctrl_dev_open,ioctl_operations,Relevant_KD_Entry_Point,80,"**AIARelevantFunction Score (0%)**: The function `gk20a_ctrl_dev_open` does not directly involve sharing memory with an AI Accelerator (AIA). It primarily handles device opening and initialization,...",[gk20a_ctrl_priv],[device*; gk20a*; nvgpu_clk_session*; nvgpu_cdev*]
61,gk20a_as_ioctl_get_va_regions,ioctl_operations,Relevant_KD_Entry_Point,80,"**AIARelevantFunction Score (0)**: The function `gk20a_as_ioctl_get_va_regions` does not directly interact with an AI Accelerator (AIA) or manage shared memory between the CPU and an AIA. Instead, ...",[struct nvgpu_as_get_va_regions_args; struct nvgpu_as_va_region],[buf_addr; buf_size; offset; page_size; pages]
62,nvmap_ioctl_getfd,ioctl_operations,Relevant_KD_Entry_Point,80,**AIARelevantFunction Score (0)**: The function `nvmap_ioctl_getfd` does not directly interact with an AI Accelerator (AIA) or shared memory (SMem) management that is typical for AIA integration. I...,[nvmap_create_handle],[handle; fd]
63,drivers/video/tegra/nvmap/nvmap_dmabuf.c:_nvmap_dmabuf_map_dma_buf,functions_by_file,Relevant_KD_Entry_Point,70,**AIARelevantFunction Score (90)**: The function `_nvmap_dmabuf_map_dma_buf` is heavily involved in mapping DMA buffers for an AI Accelerator (AIA). It utilizes the `dma_map_sg_attrs` function to m...,[struct dma_buf_attachment; struct nvmap_handle_info; struct sg_table],[dma_address; size; flags; handle; vaddr]
64,nvgpu_vm_map_buffer,dma_operations,Relevant_KD_Entry_Point,70,"**AIARelevantFunction Score (80)**: The function `nvgpu_vm_map_buffer` is involved in mapping a DMA buffer to a virtual address space, which is a critical operation for enabling an AI Accelerator (...",[vm_gk20a_mapping_batch],[buffer_offset; mapping_size; dmabuf->size; *map_addr]
65,nvgpu_vm_map_buffer,dma_operations,Relevant_KD_Entry_Point,70,"**AIARelevantFunction Score (80)**: The function `nvgpu_vm_map_buffer` is involved in mapping a DMA buffer to a virtual address space, which is crucial for enabling the AI Accelerator (AIA) to acce...",[vm_gk20a_mapping_batch],[dma_buf; buffer_offset; mapping_size; *map_addr]
66,nvgpu_vm_map_buffer,dma_operations,Relevant_KD_Entry_Point,70,"**AIARelevantFunction Score (80)**: The function `nvgpu_vm_map_buffer` is involved in mapping a DMA buffer to a virtual address space, which is critical for enabling an AI Accelerator (AIA) to acce...",[vm_gk20a_mapping_batch],[dma_buf_fd; buffer_offset; mapping_size; map_addr]
67,drivers/gpu/nvgpu/os/linux/linux-dma.c:nvgpu_dma_alloc_flags_sys,functions_by_file,Relevant_KD_Entry_Point,60,"**AIARelevantFunction Score (80)**: The function `nvgpu_dma_alloc_flags_sys` is involved in allocating DMA memory, which is critical for AI Accelerator (AIA) operations. It uses functions like `dma...",[nvgpu_mem; sg_table],[gpu_va; cpu_va; dma_address; iova; size]
68,__dma_buf_export,dma_operations,Relevant_KD_Entry_Point,60,"**AIARelevantFunction Score (80)**: The function `__dma_buf_export` is involved in exporting a DMA buffer, which is critical for sharing memory with an AI Accelerator (AIA). It utilizes the `dma_bu...",[dma_buf_export_info],[phys_addr_t; dma_buf*; size_t]
69,nvmap_handle_get_from_id,dma_operations,Relevant_KD_Entry_Point,60,"**AIARelevantFunction Score (70)**: The function `nvmap_handle_get_from_id` interacts with DMA buffers through the `dma_buf_get` and `dma_buf_put` functions, which are essential for managing shared...",[struct nvmap_handle_info; struct nvmap_handle; struct dma_buf],[dma_buf; nvmap_handle; nvmap_client; size; flags; vaddr]
70,nvmap_handle_get_from_id,dma_operations,Relevant_KD_Entry_Point,60,"**AIARelevantFunction Score (70)**: The function `nvmap_handle_get_from_id` interacts with DMA buffers through the `dma_buf_get` and `dma_buf_put` functions, which are critical for managing shared ...",[struct nvmap_handle_info; struct dma_buf],[dma_buf; nvmap_handle; nvmap_client]
71,nvmap_get_dmabuf_fd,dma_operations,Relevant_KD_Entry_Point,60,**AIARelevantFunction Score (70)**: The function `nvmap_get_dmabuf_fd` is involved in obtaining a file descriptor for a DMA buffer associated with an NVMAP handle. It utilizes the `__nvmap_dmabuf_e...,[struct nvmap_handle; struct dma_buf],[file descriptor (fd); dma_buf; nvmap_handle]
72,nvgpu_vm_map_buffer,dma_operations,Relevant_KD_Entry_Point,60,"**AIARelevantFunction Score (80)**: The function `nvgpu_vm_map_buffer` is involved in mapping a DMA buffer to a virtual address space, which is critical for enabling the AI Accelerator (AIA) to acc...",[vm_gk20a_mapping_batch],[dma_buf; buffer_offset; mapping_size; *map_addr]
73,nvgpu_vm_map_buffer,dma_operations,Relevant_KD_Entry_Point,60,"**AIARelevantFunction Score (80)**: The function `nvgpu_vm_map_buffer` is involved in mapping a DMA buffer to a virtual address space, which is critical for enabling an AI Accelerator (AIA) to acce...",[vm_gk20a_mapping_batch],[buffer_offset; mapping_size; *map_addr; dmabuf->size]
74,nvgpu_vm_map_buffer,dma_operations,Relevant_KD_Entry_Point,60,"**AIARelevantFunction Score (80)**: The function `nvgpu_vm_map_buffer` is involved in mapping a DMA buffer to a virtual address space, which is critical for enabling access to shared memory between...",[vm_gk20a_mapping_batch],[buffer_offset; mapping_size; dmabuf->size; *map_addr]
75,nvmap_handle_get_from_id,dma_operations,Relevant_KD_Entry_Point,40,**AIARelevantFunction Score (20)**: The function `nvmap_handle_get_from_id` does not directly interact with an AI Accelerator (AIA) or shared memory management in a way that is typical for AIA inte...,[struct nvmap_handle_info; struct dma_buf],[dma_buf*; nvmap_handle*; nvmap_client*]
76,drivers/video/tegra/nvmap/nvmap_dmabuf.c:_nvmap_dmabuf_unmap_dma_buf,functions_by_file,Relevant_KD_Entry_Point,30,"**AIARelevantFunction Score (70)**: The function `_nvmap_dmabuf_unmap_dma_buf` is involved in unmapping a DMA buffer, which is relevant to the interaction with AI Accelerators (AIA) as it deals wit...",[struct nvmap_handle_info; struct dma_buf; struct sg_table],[dma_buf; dma_buf_attachment; dma_address; phys_addr_t; size; flags]
77,drivers/gpu/nvgpu/os/linux/linux-dma.c:nvgpu_iommuable,functions_by_file,Relevant_KD_Entry_Point,0,**AIARelevantFunction Score (0%)**: The function `nvgpu_iommuable` does not interact with shared memory or perform any operations that would typically be associated with an AI Accelerator (AIA). It...,None,None
78,drivers/gpu/nvgpu/os/linux/linux-dma.c:nvgpu_dma_free_sys,functions_by_file,Relevant_KD_Entry_Point,0,**AIARelevantFunction Score (20)**: The function `nvgpu_dma_free_sys` primarily deals with freeing DMA memory allocated for the GPU. While it does manage memory that could be relevant for an AI Acc...,[struct nvgpu_mem; struct sg_table],[gpu_va; cpu_va; aligned_size; size; dma_address]
79,drivers/gpu/nvgpu/os/linux/linux-dma.c:nvgpu_dma_free_no_iommu,functions_by_file,Relevant_KD_Entry_Point,0,**AIARelevantFunction Score (0%)**: The function `nvgpu_dma_free_no_iommu` is primarily responsible for freeing DMA memory that has been allocated without IOMMU support. It does not involve any ope...,None,None
80,drivers/gpu/nvgpu/os/linux/linux-dma.c:nvgpu_free_sgtable,functions_by_file,Relevant_KD_Entry_Point,0,**AIARelevantFunction Score (0)**: The function `nvgpu_free_sgtable` does not interact with an AI Accelerator (AIA) or shared memory management relevant to AIA operations. It primarily deals with f...,None,None
81,drivers/gpu/nvgpu/os/linux/linux-dma.c:nvgpu_dma_flags_to_attrs,functions_by_file,Relevant_KD_Entry_Point,0,**AIARelevantFunction Score (0%)**: The function `nvgpu_dma_flags_to_attrs` does not interact with shared memory or AI Accelerator (AIA) specific operations. It primarily translates DMA flags into ...,None,None
82,drivers/gpu/nvgpu/os/linux/linux-dma.c:nvgpu_dma_alloc_no_iommu,functions_by_file,Relevant_KD_Entry_Point,0,"**AIARelevantFunction Score (70%)**: The function `nvgpu_dma_alloc_no_iommu` is involved in memory allocation, which is a critical aspect of managing shared memory between the CPU and an AI Acceler...",None,None
83,drivers/gpu/nvgpu/os/linux/linux-dma.c:nvgpu_get_sgtable_from_pages,functions_by_file,Relevant_KD_Entry_Point,0,**AIARelevantFunction (70%)**: The function `nvgpu_get_sgtable_from_pages` is involved in creating a scatter-gather table (`sg_table`) from an array of pages. It allocates memory for the `sg_table`...,None,None
84,drivers/gpu/nvgpu/os/linux/platform_gk20a_tegra.c:gk20a_tegra_idle,functions_by_file,Relevant_KD_Entry_Point,0,**AIARelevantFunction Score (0%)**: The function `gk20a_tegra_idle` does not involve any operations related to shared memory management or interactions with an AI Accelerator (AIA). It primarily ha...,None,None
85,drivers/gpu/nvgpu/os/linux/platform_gk20a_tegra.c:gk20a_tegra_busy,functions_by_file,Relevant_KD_Entry_Point,0,**AIARelevantFunction Score (0%)**: The function `gk20a_tegra_busy` does not interact with shared memory or perform any operations that would typically be associated with AI Accelerator integration...,None,None
86,drivers/video/tegra/nvmap/nvmap_dmabuf.c:dmabuf_is_nvmap,functions_by_file,Relevant_KD_Entry_Point,0,**AIARelevantFunction Score (0)**: The function `dmabuf_is_nvmap` does not involve any operations related to sharing memory with an AI Accelerator (AIA). It simply checks if the `exp_name` field of...,None,None
87,drivers/video/tegra/nvmap/nvmap_dmabuf.c:nvmap_get_dmabuf_fd,functions_by_file,Relevant_KD_Entry_Point,0,**AIARelevantFunction Score (0%)**: The function `nvmap_get_dmabuf_fd` does not directly interact with an AI Accelerator (AIA) or perform operations related to shared memory management that would t...,None,None
88,drivers/video/tegra/nvmap/nvmap_dmabuf.c:nvmap_dmabuf_attach,functions_by_file,Relevant_KD_Entry_Point,0,**AIARelevantFunction Score (0%)**: The function `nvmap_dmabuf_attach` does not directly involve any operations related to sharing memory with an AI Accelerator (AIA). It simply calls another funct...,None,None
89,drivers/video/tegra/nvmap/nvmap_dmabuf.c:nvmap_dmabuf_mmap,functions_by_file,Relevant_KD_Entry_Point,0,"**AIARelevantFunction Score (70%)**: The function `nvmap_dmabuf_mmap` is involved in mapping a DMA buffer to a virtual memory area, which is relevant for AI Accelerator integration as it may involv...",None,None
90,drivers/video/tegra/nvmap/nvmap_dmabuf.c:nvmap_dmabuf_vmap,functions_by_file,Relevant_KD_Entry_Point,0,**AIARelevantFunction Score (0)**: The function `nvmap_dmabuf_vmap` does not interact with an AI Accelerator (AIA) or shared memory (SMem) directly. It primarily deals with a `dma_buf` structure an...,None,None
91,drivers/video/tegra/nvmap/nvmap_dmabuf.c:nvmap_dmabuf_get_drv_data,functions_by_file,Relevant_KD_Entry_Point,0,**AIARelevantFunction Score (0)**: The function `nvmap_dmabuf_get_drv_data` does not interact with any AI Accelerator (AIA) relevant functions or patterns. It primarily retrieves driver data associ...,None,None
92,drivers/video/tegra/nvmap/nvmap_dmabuf.c:nvmap_dmabuf_detach,functions_by_file,Relevant_KD_Entry_Point,0,**AIARelevantFunction Score (0)**: The function `nvmap_dmabuf_detach` does not involve any operations related to sharing memory with an AI Accelerator (AIA). It primarily deals with detaching a DMA...,None,None
93,drivers/video/tegra/nvmap/nvmap_dmabuf.c:nvmap_dmabuf_release,functions_by_file,Relevant_KD_Entry_Point,0,**AIARelevantFunction Score (0)**: The function `nvmap_dmabuf_release` does not interact with an AI Accelerator (AIA) or shared memory management relevant to AIA operations. It primarily deals with...,None,None
94,drivers/video/tegra/nvmap/nvmap_dmabuf.c:nvmap_dmabuf_vunmap,functions_by_file,Relevant_KD_Entry_Point,0,**AIARelevantFunction Score (0)**: The function `nvmap_dmabuf_vunmap` does not involve any operations that directly relate to sharing memory with an AI Accelerator (AIA). It primarily deals with un...,None,None
95,drivers/video/tegra/nvmap/nvmap_alloc.c:nvmap_alloc_handle,functions_by_file,Relevant_KD_Entry_Point,0,**AIARelevantFunction Score (0)**: The function `nvmap_alloc_handle` does not interact with an AI Accelerator (AIA) or shared memory (SMem) directly. It primarily focuses on allocating a handle for...,None,None
96,drivers/video/tegra/nvmap/nvmap_alloc.c:alloc_handle,functions_by_file,Relevant_KD_Entry_Point,0,**AIARelevantFunction Score (0%)**: The function `alloc_handle` does not interact with an AI Accelerator (AIA) or shared memory (SMem) directly. It primarily deals with memory allocation for a `nvm...,None,None
97,drivers/video/tegra/nvmap/nvmap_alloc.c:handle_page_alloc,functions_by_file,Relevant_KD_Entry_Point,0,"**AIARelevantFunction Score (80)**: The function `handle_page_alloc` is involved in memory allocation, which is crucial for managing shared memory between the CPU and an AI Accelerator (AIA). It al...",[nvmap_handle],[size; vaddr; pages; dma_buf]
98,drivers/video/tegra/nvmap/nvmap_alloc.c:nvmap_altalloc,functions_by_file,Relevant_KD_Entry_Point,0,**AIARelevantFunction Score (0)**: The function `nvmap_altalloc` does not interact with any AI Accelerator (AIA) relevant operations. It is primarily focused on memory allocation using `vzalloc` an...,None,None
99,drivers/video/tegra/nvmap/nvmap_alloc.c:nvmap_alloc_pages_exact,functions_by_file,Relevant_KD_Entry_Point,0,**AIARelevantFunction Score (0%)**: The function `nvmap_alloc_pages_exact` does not interact with an AI Accelerator (AIA) or shared memory (SMem) in any way. It is primarily focused on memory alloc...,None,None
100,drivers/video/tegra/nvmap/nvmap_alloc.c:is_nvmap_id_ro,functions_by_file,Relevant_KD_Entry_Point,0,**AIARelevantFunction Score (0%)**: The function `is_nvmap_id_ro` does not interact with an AI Accelerator (AIA) or shared memory (SMem) directly. It primarily deals with checking if a given NVMAP ...,None,None
101,drivers/video/tegra/nvmap/nvmap_alloc.c:nvmap_altfree,functions_by_file,Relevant_KD_Entry_Point,0,**AIARelevantFunction Score (0)**: The function `nvmap_altfree` does not interact with any AI Accelerator (AIA) relevant operations. It is primarily concerned with freeing memory based on the size ...,None,None
102,drivers/video/tegra/nvmap/nvmap_alloc.c:nvmap_alloc_handle_from_va,functions_by_file,Relevant_KD_Entry_Point,0,**AIARelevantFunction Score (0)**: The function `nvmap_alloc_handle_from_va` does not directly interact with an AI Accelerator (AIA) or perform operations related to shared memory management that w...,None,None
103,drivers/video/tegra/nvmap/nvmap_alloc.c:alloc_handle_from_va,functions_by_file,Relevant_KD_Entry_Point,0,**AIARelevantFunction Score (80)**: The function `alloc_handle_from_va` is involved in memory management that is relevant to an AI Accelerator (AIA) context. It pins user pages to memory using `nvm...,None,vaddr; size; flags
104,drivers/video/tegra/nvmap/nvmap_alloc.c:nvmap_free_handle_from_fd,functions_by_file,Relevant_KD_Entry_Point,0,**AIARelevantFunction Score (0)**: The function `nvmap_free_handle_from_fd` does not interact with an AI Accelerator (AIA) or shared memory management that would typically involve functions like `g...,None,None
105,drivers/video/tegra/nvmap/nvmap_alloc.c:nvmap_free_handle,functions_by_file,Relevant_KD_Entry_Point,0,**AIARelevantFunction Score (0%)**: The function `nvmap_free_handle` does not interact with an AI Accelerator (AIA) or shared memory management relevant to AIA operations. It primarily deals with f...,None,None
106,drivers/video/tegra/nvmap/nvmap_alloc.c:_nvmap_handle_free,functions_by_file,Relevant_KD_Entry_Point,0,**AIARelevantFunction Score (0%)**: The function `_nvmap_handle_free` does not interact with an AI Accelerator (AIA) or shared memory management relevant to AIA operations. It primarily deals with ...,None,None
107,drivers/video/tegra/nvmap/nvmap_alloc.c:nvmap_heap_pgfree,functions_by_file,Relevant_KD_Entry_Point,0,**AIARelevantFunction Score (0%)**: The function `nvmap_heap_pgfree` does not involve any operations related to sharing memory with an AI Accelerator (AIA). It primarily deals with freeing DMA memo...,None,None
108,drivers/video/tegra/nvmap/nvmap_alloc.c:nvmap_heap_pgalloc_dev,functions_by_file,Relevant_KD_Entry_Point,0,**AIARelevantFunction Score (0%)**: The function `nvmap_heap_pgalloc_dev` does not involve any operations related to sharing memory with an AI Accelerator (AIA). It primarily focuses on allocating ...,None,None
109,nvgpu_dma_free_sys,dma_operations,Relevant_KD_Entry_Point,0,**AIARelevantFunction Score (20)**: The function `nvgpu_dma_free_sys` primarily deals with freeing DMA memory rather than directly interacting with an AI Accelerator (AIA). While it does manage mem...,[nvgpu_mem; sg_table],[gpu_va; cpu_va; aligned_size; size; dma_address]
110,nvmap_handle_get_from_id,dma_operations,Relevant_KD_Entry_Point,0,**AIARelevantFunction Score (0)**: The function `nvmap_handle_get_from_id` does not directly involve any operations related to sharing memory with an AI Accelerator (AIA). It primarily deals with o...,None,None
111,is_nvmap_id_ro,dma_operations,Relevant_KD_Entry_Point,0,**AIARelevantFunction Score (0%)**: The function `is_nvmap_id_ro` does not interact with an AI Accelerator (AIA) or shared memory (SMem) management directly. It primarily deals with checking if a D...,None,None
112,nvgpu_mm_pin,dma_operations,Relevant_KD_Entry_Point,0,"**AIARelevantFunction Score (80)**: The function `nvgpu_mm_pin` is involved in managing DMA buffers, which is critical for sharing memory with an AI Accelerator (AIA). It uses `dma_buf_attach` and ...",[struct dma_buf; struct dma_buf_attachment; struct sg_table],[size; file; attachments; flags; sgt; dev; nents]
113,nvgpu_mm_pin,dma_operations,Relevant_KD_Entry_Point,0,"**AIARelevantFunction Score (80)**: The function `nvgpu_mm_pin` is involved in memory management for DMA buffers, which is critical for AI Accelerator integration. It uses `dma_buf_attach` and `dma...",[struct dma_buf; struct dma_buf_attachment],[size; file; attachments; flags; dev; sgt]
114,nvgpu_mm_pin,dma_operations,Relevant_KD_Entry_Point,0,**AIARelevantFunction Score (90)**: The function `nvgpu_mm_pin` is primarily responsible for managing memory mappings between the CPU and an AI Accelerator (AIA). It utilizes the `dma_buf_attach` a...,None,None
115,gk20a_init_error_notifier,dma_operations,Relevant_KD_Entry_Point,0,**AIARelevantFunction Score (0)**: The function `gk20a_init_error_notifier` does not directly interact with an AI Accelerator (AIA) or manage shared memory in a way that would qualify it as an AIA ...,[struct nvgpu_set_error_notifier; struct nvgpu_notification],[mem; offset; size]
116,gk20a_channel_free_error_notifiers,dma_operations,Relevant_KD_Entry_Point,0,**AIARelevantFunction Score (0%)**: The function `gk20a_channel_free_error_notifiers` does not interact with any AI Accelerator (AIA) relevant functions or memory management patterns that would typ...,None,None
117,nvgpu_mm_unpin,dma_operations,Relevant_KD_Entry_Point,0,**AIARelevantFunction Score (0)**: The function `nvgpu_mm_unpin` does not involve any operations that directly relate to sharing memory with an AI Accelerator (AIA). It primarily deals with unmappi...,None,None
118,nvgpu_mm_unpin,dma_operations,Relevant_KD_Entry_Point,0,**AIARelevantFunction Score (0)**: The function `nvgpu_mm_unpin` does not involve any operations related to sharing memory with an AI Accelerator (AIA). It primarily deals with unmapping and detach...,None,None
119,nvgpu_vm_unmap_system,dma_operations,Relevant_KD_Entry_Point,0,**AIARelevantFunction Score (0%)**: The function `nvgpu_vm_unmap_system` does not involve any operations that directly relate to sharing memory with an AI Accelerator (AIA). It primarily deals with...,None,None
120,nvmap_free_handle,dma_operations,Relevant_KD_Entry_Point,0,**AIARelevantFunction Score (0)**: The function `nvmap_free_handle` does not interact with an AI Accelerator (AIA) or shared memory management relevant to AIA operations. It primarily deals with fr...,None,None
121,nvmap_free_handle,dma_operations,Relevant_KD_Entry_Point,0,**AIARelevantFunction Score (0)**: The function `nvmap_free_handle` does not interact with an AI Accelerator (AIA) or shared memory management relevant to AI accelerators. It primarily deals with f...,None,None
122,destroy_client,dma_operations,Relevant_KD_Entry_Point,0,**AIARelevantFunction Score (0)**: The `destroy_client` function does not interact with an AI Accelerator (AIA) or shared memory (SMem) management. It primarily focuses on cleaning up resources ass...,None,None
123,destroy_client,dma_operations,Relevant_KD_Entry_Point,0,**AIARelevantFunction Score (0%)**: The `destroy_client` function does not involve any operations related to shared memory (SMem) with an AI Accelerator (AIA). It primarily focuses on cleaning up r...,None,None
124,nvgpu_os_channel_free_usermode_buffers,dma_operations,Relevant_KD_Entry_Point,0,"**AIARelevantFunction Score (70)**: The function `nvgpu_os_channel_free_usermode_buffers` is involved in managing user-mode buffers associated with a GPU channel. It interacts with DMA buffers, whi...",[nvgpu_usermode_buf_linux; gpfifo_desc],[dmabuf; attachment; sgt]
125,nvgpu_os_channel_free_usermode_buffers,dma_operations,Relevant_KD_Entry_Point,0,"**AIARelevantFunction Score (70)**: The function `nvgpu_os_channel_free_usermode_buffers` is responsible for freeing user-mode buffers associated with a GPU channel. It interacts with DMA buffers, ...",[gpfifo_desc; nvgpu_usermode_buf_linux],[dmabuf; attachment; sgt]
126,user_copy:nvgpu_channel_copy_user_gpfifo,user_copy_operations,Relevant_KD_Entry_Point,0,**AIARelevantFunction Score (0)**: The function `nvgpu_channel_copy_user_gpfifo` does not directly interact with an AI Accelerator (AIA) or perform operations that are typically associated with AIA...,[struct nvgpu_gpfifo_userdata],[entries]
127,user_copy:gk20a_ctrl_get_tpc_masks,user_copy_operations,Relevant_KD_Entry_Point,0,**AIARelevantFunction Score (0)**: The function `gk20a_ctrl_get_tpc_masks` does not interact with an AI Accelerator (AIA) directly. It primarily handles user space requests to copy TPC (Texture Pro...,[struct nvgpu_gpu_get_tpc_masks_args],[mask_buf_addr]
128,user_copy:gk20a_ctrl_get_fbp_l2_masks,user_copy_operations,Relevant_KD_Entry_Point,0,"**AIARelevantFunction Score (0%)**: The function `gk20a_ctrl_get_fbp_l2_masks` does not interact with an AI Accelerator (AIA) or shared memory (SMem) in a way that involves pinning user pages, mana...",struct nvgpu_gpu_get_fbp_l2_masks_args,mask_buf_addr; mask_buf_size
129,user_copy:gk20a_ctrl_vsm_mapping,user_copy_operations,Relevant_KD_Entry_Point,0,**AIARelevantFunction Score (0)**: The function `gk20a_ctrl_vsm_mapping` does not directly involve sharing memory with an AI Accelerator (AIA). It primarily allocates and prepares a buffer for GPU ...,[struct nvgpu_gpu_vsms_mapping],[vsms_map_buf_addr]
130,user_copy:nvgpu_gpu_get_engine_info,user_copy_operations,Relevant_KD_Entry_Point,0,**AIARelevantFunction Score (0)**: The function `nvgpu_gpu_get_engine_info` does not involve any operations related to sharing memory with an AI Accelerator (AIA). It primarily retrieves engine inf...,[struct nvgpu_gpu_get_engine_info_args; struct nvgpu_gpu_get_engine_info_item],[engine_info_buf_addr; engine_id; runlist_id]
131,gk20a_dbg_gpu_dev_release,ioctl_operations,Relevant_KD_Entry_Point,0,**AIARelevantFunction Score (0%)**: The function `gk20a_dbg_gpu_dev_release` does not involve any operations related to sharing memory with an AI Accelerator (AIA). It primarily handles the cleanup...,None,None
132,gk20a_ctrl_dev_release,ioctl_operations,Relevant_KD_Entry_Point,0,"**AIARelevantFunction Score (0%)**: The function `gk20a_ctrl_dev_release` does not interact with any AI Accelerator (AIA) relevant functions such as memory mapping, DMA operations, or shared memory...",None,None
133,nvmap_open,ioctl_operations,Relevant_KD_Entry_Point,0,**AIARelevantFunction Score (0%)**: The `nvmap_open` function does not involve any operations related to shared memory management or interactions with an AI Accelerator (AIA). It primarily handles ...,None,None
134,gk20a_power_release,ioctl_operations,Relevant_KD_Entry_Point,0,**AIARelevantFunction Score (0%)**: The function `gk20a_power_release` does not interact with shared memory or perform any operations that would be relevant to an AI Accelerator (AIA). It primarily...,None,None
135,nvgpu_get_ioctl_graphics_preempt_mode_flags,ioctl_operations,Relevant_KD_Entry_Point,0,**AIARelevantFunction Score (0)**: The function `nvgpu_get_ioctl_graphics_preempt_mode_flags` does not involve any operations related to shared memory (SMem) with an AI Accelerator (AIA). It simply...,None,None
136,nvgpu_get_ioctl_compute_preempt_mode_flags,ioctl_operations,Relevant_KD_Entry_Point,0,**AIARelevantFunction Score (0)**: The function `nvgpu_get_ioctl_compute_preempt_mode_flags` does not involve any operations related to shared memory (SMem) or AI Accelerator (AIA) integration. It ...,None,None
137,nvgpu_get_ioctl_graphics_preempt_mode,ioctl_operations,Relevant_KD_Entry_Point,0,"**AIARelevantFunction Score (0)**: The function `nvgpu_get_ioctl_graphics_preempt_mode` does not involve any operations related to shared memory management, DMA, or interactions with an AI Accelera...",None,None
138,nvgpu_get_ioctl_compute_preempt_mode,ioctl_operations,Relevant_KD_Entry_Point,0,**AIARelevantFunction Score (0)**: The function `nvgpu_get_ioctl_compute_preempt_mode` does not involve any operations related to shared memory (SMem) with an AI Accelerator (AIA). It simply transl...,None,None
139,gk20a_as_ioctl_unmap_buffer,ioctl_operations,Relevant_KD_Entry_Point,0,**AIARelevantFunction Score (0%)**: The function `gk20a_as_ioctl_unmap_buffer` does not involve any operations that directly relate to sharing memory with an AI Accelerator (AIA). It primarily focu...,None,None
140,nvmap_ioctl_free,ioctl_operations,Relevant_KD_Entry_Point,0,**AIARelevantFunction Score (0)**: The function `nvmap_ioctl_free` does not directly involve operations that share memory with an AI Accelerator (AIA). It primarily deals with freeing a DMA buffer ...,None,None
141,nvmap_release,ioctl_operations,Relevant_KD_Entry_Point,0,**AIARelevantFunction Score (0%)**: The `nvmap_release` function does not involve any operations related to shared memory (SMem) with an AI Accelerator (AIA). It primarily handles the release of a ...,None,None
142,gk20a_event_id_release,ioctl_operations,Relevant_KD_Entry_Point,0,"**AIARelevantFunction Score (0%)**: The function `gk20a_event_id_release` does not interact with any AI Accelerator (AIA) relevant functions such as memory mapping, DMA operations, or shared memory...",None,None
143,gk20a_channel_release,ioctl_operations,Relevant_KD_Entry_Point,0,**AIARelevantFunction Score (0%)**: The function `gk20a_channel_release` does not interact with shared memory or AI Accelerator (AIA) specific operations. It primarily handles the release of a chan...,None,None
144,nvgpu_ioctl_tsg_dev_release,ioctl_operations,Relevant_KD_Entry_Point,0,**AIARelevantFunction Score (0)**: The function `nvgpu_ioctl_tsg_dev_release` does not involve any operations related to shared memory management or interactions with an AI Accelerator (AIA). It pr...,None,None
145,nvgpu_ioctl_tsg_release,ioctl_operations,Relevant_KD_Entry_Point,0,**AIARelevantFunction Score (0)**: The function `nvgpu_ioctl_tsg_release` does not involve any operations related to shared memory (SMem) with an AI Accelerator (AIA). It primarily handles the rele...,None,None
146,gk20a_as_dev_release,ioctl_operations,Relevant_KD_Entry_Point,0,**AIARelevantFunction Score (0)**: The function `gk20a_as_dev_release` does not involve any operations related to shared memory management or interactions with an AI Accelerator (AIA). It primarily...,None,None
1,nvmap_ioctl_getfd,dma_operations,Message_Structure_Handling,100,**AIARelevantFunction Score (0)**: The function `nvmap_ioctl_getfd` does not directly interact with an AI Accelerator (AIA) or manage shared memory (SMem) in a way that is typical for AIA integrati...,[nvmap_create_handle],[handle; fd]
2,user_copy:nvgpu_channel_copy_user_gpfifo,user_copy_operations,Message_Structure_Handling,100,**AIARelevantFunction Score (0)**: The function `nvgpu_channel_copy_user_gpfifo` does not directly interact with an AI Accelerator (AIA) or perform operations that are typically associated with AIA...,[struct nvgpu_gpfifo_userdata],[entries]
3,user_copy:nvmap_ioctl_get_available_heaps,user_copy_operations,Message_Structure_Handling,100,**AIARelevantFunction Score (0)**: The function `nvmap_ioctl_get_available_heaps` does not directly interact with an AI Accelerator (AIA) or perform operations related to shared memory management f...,[struct nvmap_available_heaps],[None identified]
4,user_copy:gk20a_power_write,user_copy_operations,Message_Structure_Handling,100,**AIARelevantFunction Score (0)**: The function `gk20a_power_write` does not involve any operations related to sharing memory with an AI Accelerator (AIA). It primarily handles power management com...,None,None
5,user_copy:gk20a_ctrl_ioctl_gpu_characteristics,user_copy_operations,Message_Structure_Handling,100,**AIARelevantFunction Score (0)**: The function `gk20a_ctrl_ioctl_gpu_characteristics` does not interact with an AI Accelerator (AIA) or shared memory (SMem) in a manner typical of AIA relevant fun...,[struct nvgpu_gpu_get_characteristics],[gpu_characteristics_buf_addr; gpu_characteristics_buf_size]
6,user_copy:gk20a_ctrl_get_tpc_masks,user_copy_operations,Message_Structure_Handling,100,**AIARelevantFunction Score (0)**: The function `gk20a_ctrl_get_tpc_masks` does not interact with an AI Accelerator (AIA) directly. It primarily handles user space requests to copy TPC (Texture Pro...,[struct nvgpu_gpu_get_tpc_masks_args],[mask_buf_addr]
7,user_copy:gk20a_ctrl_get_fbp_l2_masks,user_copy_operations,Message_Structure_Handling,100,"**AIARelevantFunction Score (0%)**: The function `gk20a_ctrl_get_fbp_l2_masks` does not interact with an AI Accelerator (AIA) or shared memory (SMem) in a way that involves pinning user pages, mana...",struct nvgpu_gpu_get_fbp_l2_masks_args,mask_buf_addr; mask_buf_size
8,user_copy:gk20a_ctrl_vsm_mapping,user_copy_operations,Message_Structure_Handling,100,**AIARelevantFunction Score (0)**: The function `gk20a_ctrl_vsm_mapping` does not directly involve sharing memory with an AI Accelerator (AIA). It primarily allocates and prepares a buffer for GPU ...,[struct nvgpu_gpu_vsms_mapping],[vsms_map_buf_addr]
9,user_copy:nvgpu_gpu_get_engine_info,user_copy_operations,Message_Structure_Handling,100,**AIARelevantFunction Score (0)**: The function `nvgpu_gpu_get_engine_info` does not involve any operations related to sharing memory with an AI Accelerator (AIA). It primarily retrieves engine inf...,[struct nvgpu_gpu_get_engine_info_args; struct nvgpu_gpu_get_engine_info_item],[engine_info_buf_addr; engine_id; runlist_id]
10,user_copy:nvmap_ioctl_query_heap_params,user_copy_operations,Message_Structure_Handling,100,**AIARelevantFunction Score (0)**: The function `nvmap_ioctl_query_heap_params` does not directly interact with an AI Accelerator (AIA) or manage shared memory (SMem) for an AIA. It primarily queri...,[struct nvmap_query_heap_params],[heap_mask; total; free; largest_free_block]
11,user_copy:nvmap_ioctl_query_heap_params,user_copy_operations,Message_Structure_Handling,100,**AIARelevantFunction Score (0)**: The function `nvmap_ioctl_query_heap_params` does not directly interact with an AI Accelerator (AIA) or manage shared memory (SMem) in a way that would qualify it...,[struct nvmap_query_heap_params],[heap_mask; total; free; largest_free_block]
12,user_copy:nvgpu_gpu_clk_get_info,user_copy_operations,Message_Structure_Handling,100,**AIARelevantFunction Score (0)**: The function `nvgpu_gpu_clk_get_info` does not interact with an AI Accelerator (AIA) or shared memory (SMem) in a manner typical of AIA relevant functions. It pri...,[nvgpu_gpu_clk_get_info_args; nvgpu_gpu_clk_info],[clk_info_entries]
13,gk20a_ctrl_ioctl_gpu_characteristics,ioctl_operations,Message_Structure_Handling,100,**AIARelevantFunction Score (0%)**: The function `gk20a_ctrl_ioctl_gpu_characteristics` does not interact with an AI Accelerator (AIA) directly. It primarily retrieves GPU characteristics and prepa...,[struct nvgpu_gpu_get_characteristics],[gpu_characteristics_buf_addr; gpu_characteristics_buf_size]
14,nvgpu_as_ioctl_get_sync_ro_map,ioctl_operations,Message_Structure_Handling,100,**AIARelevantFunction Score (0%)**: The function `nvgpu_as_ioctl_get_sync_ro_map` does not directly interact with shared memory or manage memory for an AI Accelerator (AIA). It primarily retrieves ...,[struct nvgpu_as_get_sync_ro_map_args],[base_gpuva; sync_size; num_syncpoints]
15,nvmap_ioctl_query_heap_params,ioctl_operations,Message_Structure_Handling,100,**AIARelevantFunction Score (0)**: The function `nvmap_ioctl_query_heap_params` does not directly interact with an AI Accelerator (AIA) or perform operations that would typically be associated with...,[struct nvmap_query_heap_params],[heap_mask; total; free; largest_free_block]
16,nvgpu_gpu_ioctl_register_buffer,ioctl_operations,Message_Structure_Handling,100,**AIARelevantFunction Score (0)**: The function `nvgpu_gpu_ioctl_register_buffer` does not directly interact with an AI Accelerator (AIA) or manage shared memory (SMem) in a way that would qualify ...,[struct nvgpu_gpu_register_buffer_args],[dmabuf_fd; metadata_addr; metadata_size]
17,nvgpu_ioctl_tsg_dev_ioctl,ioctl_operations,Message_Structure_Handling,100,**AIARelevantFunction Score (0)**: The function `nvgpu_ioctl_tsg_dev_ioctl` does not directly interact with an AI Accelerator (AIA) or manage shared memory (SMem) in a way that would qualify it as ...,[nvgpu_tsg_bind_channel_ex_args; nvgpu_tsg_bind_scheduling_domain_args; nvgpu_runlist_interleave_args; nvgpu_timeslice_args; nvgpu_tsg_read_single_sm_error_state_args; nvgpu_tsg_l2_max_ways_evict_last_args; nvgpu_tsg_set_l2_sector_promotion_args],[channel_fd; domain_fd; timeslice_us; sm_id; record_mem; record_size; max_ways; promotion_flag]
18,gk20a_tsg_ioctl_bind_channel_ex,ioctl_operations,Message_Structure_Handling,100,"**AIARelevantFunction Score (0)**: The function `gk20a_tsg_ioctl_bind_channel_ex` does not directly interact with an AI Accelerator (AIA) or manage shared memory (SMem) for an AIA. Instead, it prim...",[nvgpu_tsg_bind_channel_ex_args],[channel_fd; subcontext_id]
19,nvgpu_vm_map_buffer,dma_operations,Message_Structure_Handling,90,"**AIARelevantFunction Score (80)**: The function `nvgpu_vm_map_buffer` is involved in mapping a DMA buffer to a virtual address space, which is a critical operation for enabling an AI Accelerator (...",[vm_gk20a_mapping_batch],[buffer_offset; mapping_size; dmabuf->size; *map_addr]
20,nvgpu_vm_map_buffer,dma_operations,Message_Structure_Handling,90,"**AIARelevantFunction Score (80)**: The function `nvgpu_vm_map_buffer` is involved in mapping a DMA buffer to a virtual address space, which is crucial for enabling the AI Accelerator (AIA) to acce...",[vm_gk20a_mapping_batch],[dma_buf; buffer_offset; mapping_size; *map_addr]
21,nvgpu_vm_map_buffer,dma_operations,Message_Structure_Handling,90,"**AIARelevantFunction Score (80)**: The function `nvgpu_vm_map_buffer` is involved in mapping a DMA buffer to a virtual address space, which is critical for enabling an AI Accelerator (AIA) to acce...",[vm_gk20a_mapping_batch],[dma_buf_fd; buffer_offset; mapping_size; map_addr]
22,gk20a_init_error_notifier,dma_operations,Message_Structure_Handling,90,"**AIARelevantFunction Score (70)**: The function `gk20a_init_error_notifier` interacts with a DMA buffer through the `dma_buf_get` and `dma_buf_put` functions, which are relevant for managing share...",[nvgpu_set_error_notifier; nvgpu_notification],[mem (memory handle); notification (pointer to notification structure); vaddr (virtual address); dmabuf (DMA buffer)]
23,user_copy:nvgpu_gpu_clk_get_range,user_copy_operations,Message_Structure_Handling,90,"**AIARelevantFunction Score (0)**: The function `nvgpu_gpu_clk_get_range` does not interact with an AI Accelerator (AIA) directly. It primarily deals with clock range retrieval for a GPU, which doe...",[struct nvgpu_gpu_clk_range_args; struct nvgpu_gpu_clk_range],[clk_range_entries; min_hz; max_hz]
24,user_copy:nvgpu_gpu_clk_get_info,user_copy_operations,Message_Structure_Handling,90,**AIARelevantFunction Score (0)**: The function `nvgpu_gpu_clk_get_info` does not directly interact with an AI Accelerator (AIA) or manage shared memory for an AIA. It primarily deals with GPU cloc...,[struct nvgpu_gpu_clk_get_info_args; struct nvgpu_gpu_clk_info],[clk_info_entries; freq_hz; clk_domain]
25,user_copy:nvmap_ioctl_getfd,user_copy_operations,Message_Structure_Handling,90,**AIARelevantFunction Score (0)**: The function `nvmap_ioctl_getfd` does not directly interact with an AI Accelerator (AIA) or shared memory management that would typically involve DMA operations o...,[nvmap_create_handle],[fd; handle]
26,user_copy:nvmap_install_fd,user_copy_operations,Message_Structure_Handling,90,"**AIARelevantFunction Score (70)**: The function `nvmap_install_fd` interacts with a `dma_buf`, which is a structure used for managing shared memory buffers in the context of DMA (Direct Memory Acc...",[nvmap_handle_info; dma_buf],[file descriptor (fd); dma_buf; nvmap_handle]
27,nvmap_ioctl_get_available_heaps,ioctl_operations,Message_Structure_Handling,90,**AIARelevantFunction (0%)**: The function `nvmap_ioctl_get_available_heaps` does not involve any operations that directly relate to sharing memory with an AI Accelerator (AIA). It primarily retrie...,[struct nvmap_available_heaps],[None identified]
28,gk20a_as_ioctl_get_va_regions,ioctl_operations,Message_Structure_Handling,90,"**AIARelevantFunction Score (0)**: The function `gk20a_as_ioctl_get_va_regions` does not directly interact with an AI Accelerator (AIA) or manage shared memory between the CPU and an AIA. Instead, ...",[struct nvgpu_as_get_va_regions_args; struct nvgpu_as_va_region],[buf_addr; buf_size; offset; page_size; pages]
29,nvmap_ioctl_getfd,ioctl_operations,Message_Structure_Handling,90,**AIARelevantFunction Score (0)**: The function `nvmap_ioctl_getfd` does not directly interact with an AI Accelerator (AIA) or shared memory (SMem) management that is typical for AIA integration. I...,[nvmap_create_handle],[handle; fd]
30,nvgpu_gpu_ioctl_register_buffer,dma_operations,Message_Structure_Handling,85,**AIARelevantFunction (80)**: The function `nvgpu_gpu_ioctl_register_buffer` is involved in managing a DMA buffer that is likely shared with an AI Accelerator (AIA). It utilizes `dma_buf_get` to re...,[struct nvgpu_gpu_register_buffer_args],[dmabuf_fd; metadata_addr; metadata_size]
31,nvgpu_gpu_ioctl_register_buffer,dma_operations,Message_Structure_Handling,85,"**AIARelevantFunction Score (80)**: The function `nvgpu_gpu_ioctl_register_buffer` is involved in managing a DMA buffer, which is crucial for AI Accelerator (AIA) operations. It utilizes the `dma_b...",[struct nvgpu_gpu_register_buffer_args],[dmabuf_fd; metadata_addr; metadata_size; flags]
32,nvgpu_usermode_buf_from_dmabuf,dma_operations,Message_Structure_Handling,85,"**AIARelevantFunction Score (90)**: The function `nvgpu_usermode_buf_from_dmabuf` is heavily involved in managing DMA buffers, which are critical for sharing memory with AI Accelerators. It uses `d...",[nvgpu_usermode_buf_linux; nvgpu_mem],[dma_buf; dma_buf_attachment; sg_table; dma_addr_t; u64]
33,user_copy:gk20a_channel_ioctl,user_copy_operations,Message_Structure_Handling,85,**AIARelevantFunction Score (80%)**: The function `gk20a_channel_ioctl` interacts with various structures that are crucial for managing GPU channels and their associated resources. It handles comma...,[nvgpu_alloc_obj_ctx_args; nvgpu_channel_setup_bind_args; nvgpu_alloc_gpfifo_ex_args; nvgpu_wait_args; nvgpu_set_error_notifier; nvgpu_set_timeout_args; nvgpu_set_timeout_ex_args; nvgpu_get_param_args],[chid; tsgid; userd_dmabuf_fd; gpfifo_dmabuf_fd; userd_dmabuf_offset; gpfifo_dmabuf_offset; timeout; flags]
34,user_copy:gk20a_ctrl_dev_ioctl,user_copy_operations,Message_Structure_Handling,85,"**AIARelevantFunction Score (80)**: The function `gk20a_ctrl_dev_ioctl` interacts with various GPU operations that are relevant to AI Accelerator integration, such as memory allocation and manageme...",[nvgpu_gpu_zcull_get_ctx_size_args; nvgpu_gpu_zcull_get_info_args; nvgpu_gpu_zbc_set_table_args; nvgpu_gpu_zbc_query_table_args; nvgpu_gpu_get_characteristics; nvgpu_gpu_prepare_compressible_read_args; nvgpu_gpu_mark_compressible_write_args; nvgpu_alloc_as_args; nvgpu_gpu_open_tsg_args; nvgpu_gpu_get_tpc_masks_args; nvgpu_gpu_get_fbp_l2_masks_args; nvgpu_channel_open_args; nvgpu_gpu_l2_fb_args; nvgpu_gpu_mmu_debug_mode_args; nvgpu_gpu_sm_debug_mode_args],[handle; as_fd; gpu_instance_id; gr_instance_id; va_range_start; va_range_end; va_range_split; userd_iova; userd_mem; syncpt_unit_base; syncpt_unit_size; syncpt_size]
35,user_copy:gk20a_ctrl_dev_ioctl,user_copy_operations,Message_Structure_Handling,85,**AIARelevantFunction Score (80)**: The function `gk20a_ctrl_dev_ioctl` is involved in handling various IOCTL commands that interact with the GPU and its subsystems. It includes operations that can...,[nvgpu_gpu_zcull_get_ctx_size_args; nvgpu_gpu_zcull_get_info_args; nvgpu_gpu_zbc_set_table_args; nvgpu_gpu_zbc_query_table_args; nvgpu_gpu_get_characteristics; nvgpu_gpu_prepare_compressible_read_args; nvgpu_gpu_mark_compressible_write_args; nvgpu_alloc_as_args; nvgpu_gpu_open_tsg_args; nvgpu_gpu_get_tpc_masks_args; nvgpu_gpu_get_fbp_l2_masks_args; nvgpu_channel_open_args; nvgpu_gpu_l2_fb_args; nvgpu_gpu_mmu_debug_mode_args; nvgpu_gpu_sm_debug_mode_args],[handle; offset; va_range_start; va_range_end; va_range_split; syncpt_unit_base; syncpt_unit_size; syncpt_size]
36,user_copy:gk20a_as_dev_ioctl,user_copy_operations,Message_Structure_Handling,85,**AIARelevantFunction Score (80)**: The function `gk20a_as_dev_ioctl` interacts with various memory management operations that are relevant for an AI Accelerator (AIA). It handles memory allocation...,[nvgpu_as_alloc_space_args; nvgpu_as_free_space_args; nvgpu_as_map_buffer_ex_args; nvgpu_as_unmap_buffer_args; nvgpu_as_get_va_regions_args; nvgpu_as_map_buffer_batch_args; nvgpu_as_get_sync_ro_map_args; nvgpu_as_mapping_modify_args; nvgpu_as_remap_args],[offset; pages; page_size; buffer_offset; buffer_size; base_gpuva]
37,user_copy:gk20a_as_dev_ioctl,user_copy_operations,Message_Structure_Handling,85,**AIARelevantFunction Score (80)**: The function `gk20a_as_dev_ioctl` is involved in handling various IOCTL commands that can lead to memory operations relevant to an AI Accelerator (AIA). It inter...,[nvgpu_as_bind_channel_args; nvgpu32_as_alloc_space_args; nvgpu_as_alloc_space_args; nvgpu_as_free_space_args; nvgpu_as_map_buffer_ex_args; nvgpu_as_unmap_buffer_args; nvgpu_as_get_va_regions_args; nvgpu_as_map_buffer_batch_args; nvgpu_as_get_sync_ro_map_args; nvgpu_as_mapping_modify_args; nvgpu_as_remap_args],[channel_fd; offset; pages; page_size; buffer_offset; buffer_size; map_address; base_gpuva]
38,user_copy:nvgpu_gpu_ioctl_register_buffer,user_copy_operations,Message_Structure_Handling,85,**AIARelevantFunction Score (80)**: The function `nvgpu_gpu_ioctl_register_buffer` is involved in registering a buffer for an AI accelerator. It utilizes the `dma_buf_get` function to obtain a DMA ...,[struct nvgpu_gpu_register_buffer_args],[dmabuf_fd; metadata_addr; metadata_size; flags]
39,user_copy:nvgpu_ioctl_tsg_dev_ioctl,user_copy_operations,Message_Structure_Handling,85,**AIARelevantFunction Score (70%)**: The function `nvgpu_ioctl_tsg_dev_ioctl` interacts with the GPU's task scheduling group (TSG) and handles various commands that could involve memory management ...,[nvgpu_tsg_bind_channel_ex_args; nvgpu_event_id_ctrl_args; nvgpu_runlist_interleave_args; nvgpu_timeslice_args; nvgpu_tsg_read_single_sm_error_state_args; nvgpu_tsg_l2_max_ways_evict_last_args; nvgpu_tsg_set_l2_sector_promotion_args],[channel_fd; event_id; timeslice_us; max_ways; promotion_flag; record_mem; record_size]
40,user_copy:nvmap_ioctl_create_from_va,user_copy_operations,Message_Structure_Handling,85,"**AIARelevantFunction Score (80)**: The function `nvmap_ioctl_create_from_va` is involved in creating a handle from a virtual address, which is a critical operation for managing shared memory betwe...",[struct nvmap_create_handle_from_va],[op.handle; op.va; op.size; op.size64; fd]
41,gk20a_channel_ioctl,ioctl_operations,Message_Structure_Handling,85,"**AIARelevantFunction Score (70)**: The function `gk20a_channel_ioctl` interacts with various structures that are relevant for managing GPU channels and their operations, which can include memory m...",[nvgpu_channel_open_args; nvgpu_alloc_obj_ctx_args; nvgpu_channel_setup_bind_args; nvgpu_alloc_gpfifo_ex_args; nvgpu_submit_gpfifo_args; nvgpu_wait_args; nvgpu_set_error_notifier; nvgpu_set_timeout_args; nvgpu_set_timeout_ex_args; nvgpu_get_param_args],[userd_dmabuf_fd; gpfifo_dmabuf_fd; userd_dmabuf_offset; gpfifo_dmabuf_offset; obj_id]
42,gk20a_ioctl_channel_submit_gpfifo,ioctl_operations,Message_Structure_Handling,85,"**AIARelevantFunction Score (90)**: The function `gk20a_ioctl_channel_submit_gpfifo` is heavily involved in managing the submission of GPU commands through a FIFO (First In, First Out) mechanism. I...",[nvgpu_submit_gpfifo_args; nvgpu_channel_fence; nvgpu_user_fence; nvgpu_gpfifo_userdata],[fence.id; fence.value; args.gpfifo; args.num_entries]
43,nvmap_ioctl,ioctl_operations,Message_Structure_Handling,85,**AIARelevantFunction (70%)**: The `nvmap_ioctl` function is involved in handling various IOCTL commands that can potentially relate to memory management and operations that could involve an AI Acc...,[struct nvmap_rw_handle; struct nvmap_cache_op; struct nvmap_cache_op_64; struct nvmap_cache_op_32; struct nvmap_rw_handle_32],[addr; handle; offset; elem_size; hmem_stride; user_stride; count]
44,gk20a_as_dev_ioctl,ioctl_operations,Message_Structure_Handling,85,**AIARelevantFunction Score (80)**: The function `gk20a_as_dev_ioctl` interacts with various memory management operations that are relevant for an AI Accelerator (AIA). It handles commands that inv...,[nvgpu_as_bind_channel_args; nvgpu32_as_alloc_space_args; nvgpu_as_alloc_space_args; nvgpu_as_free_space_args; nvgpu_as_map_buffer_ex_args; nvgpu_as_unmap_buffer_args; nvgpu_as_get_va_regions_args; nvgpu_as_map_buffer_batch_args; nvgpu_as_get_sync_ro_map_args; nvgpu_as_mapping_modify_args; nvgpu_as_remap_args],[channel_fd; pages; page_size; flags; buffer_offset; buffer_size; base_gpuva; sync_size; num_syncpoints; ops; num_ops]
45,nvmap_ioctl_create,ioctl_operations,Message_Structure_Handling,85,**AIARelevantFunction Score (80)**: The function `nvmap_ioctl_create` is involved in creating a handle for a shared memory buffer that can be used by an AI Accelerator (AIA). It interacts with DMA ...,[nvmap_create_handle],[handle; handle64; fd; size64; size]
46,gk20a_as_ioctl_map_buffer_ex,ioctl_operations,Message_Structure_Handling,85,**AIARelevantFunction Score (80)**: The function `gk20a_as_ioctl_map_buffer_ex` is involved in mapping a buffer for an AI Accelerator (AIA) by utilizing the `nvgpu_vm_map_buffer` function. This fun...,[nvgpu_as_map_buffer_ex_args],[dmabuf_fd; buffer_offset; mapping_size; offset]
47,drivers/video/tegra/nvmap/nvmap_dmabuf.c:_nvmap_dmabuf_map_dma_buf,functions_by_file,Message_Structure_Handling,80,**AIARelevantFunction Score (90)**: The function `_nvmap_dmabuf_map_dma_buf` is heavily involved in mapping DMA buffers for an AI Accelerator (AIA). It utilizes the `dma_map_sg_attrs` function to m...,[struct dma_buf_attachment; struct nvmap_handle_info; struct sg_table],[dma_address; size; flags; handle; vaddr]
48,nvmap_handle_get_from_id,dma_operations,Message_Structure_Handling,80,"**AIARelevantFunction Score (70)**: The function `nvmap_handle_get_from_id` interacts with DMA buffers through the `dma_buf_get` and `dma_buf_put` functions, which are essential for managing shared...",[struct nvmap_handle_info; struct nvmap_handle; struct dma_buf],[dma_buf; nvmap_handle; nvmap_client; size; flags; vaddr]
49,nvmap_handle_get_from_id,dma_operations,Message_Structure_Handling,80,"**AIARelevantFunction Score (70)**: The function `nvmap_handle_get_from_id` interacts with DMA buffers through the `dma_buf_get` and `dma_buf_put` functions, which are critical for managing shared ...",[struct nvmap_handle_info; struct dma_buf],[dma_buf; nvmap_handle; nvmap_client]
50,nvmap_get_dmabuf_fd,dma_operations,Message_Structure_Handling,80,**AIARelevantFunction Score (70)**: The function `nvmap_get_dmabuf_fd` is involved in obtaining a file descriptor for a DMA buffer associated with an NVMAP handle. It utilizes the `__nvmap_dmabuf_e...,[struct nvmap_handle; struct dma_buf],[file descriptor (fd); dma_buf; nvmap_handle]
51,gk20a_init_error_notifier,dma_operations,Message_Structure_Handling,80,**AIARelevantFunction Score (0)**: The function `gk20a_init_error_notifier` does not directly interact with an AI Accelerator (AIA) or manage shared memory in a way that would qualify it as an AIA ...,[struct nvgpu_set_error_notifier; struct nvgpu_notification],[mem; offset; size]
52,nvgpu_os_channel_free_usermode_buffers,dma_operations,Message_Structure_Handling,80,"**AIARelevantFunction Score (70)**: The function `nvgpu_os_channel_free_usermode_buffers` is involved in managing user-mode buffers associated with a GPU channel. It interacts with DMA buffers, whi...",[nvgpu_usermode_buf_linux; gpfifo_desc],[dmabuf; attachment; sgt]
53,nvgpu_os_channel_free_usermode_buffers,dma_operations,Message_Structure_Handling,80,"**AIARelevantFunction Score (70)**: The function `nvgpu_os_channel_free_usermode_buffers` is responsible for freeing user-mode buffers associated with a GPU channel. It interacts with DMA buffers, ...",[gpfifo_desc; nvgpu_usermode_buf_linux],[dmabuf; attachment; sgt]
54,user_copy:gk20a_channel_ioctl,user_copy_operations,Message_Structure_Handling,80,**AIARelevantFunction Score (70)**: The function `gk20a_channel_ioctl` interacts with various structures that are relevant to memory management and communication with the AI Accelerator (AIA). It h...,[nvgpu_alloc_obj_ctx_args; nvgpu_channel_setup_bind_args; nvgpu_alloc_gpfifo_ex_args; nvgpu_set_error_notifier; nvgpu_set_timeout_args; nvgpu_set_timeout_ex_args; nvgpu_get_param_args],[userd_dmabuf_fd; gpfifo_dmabuf_fd; userd_dmabuf_offset; gpfifo_dmabuf_offset; offset; size; mem]
55,user_copy:gk20a_as_ioctl_get_va_regions,user_copy_operations,Message_Structure_Handling,80,**AIARelevantFunction Score (70)**: The function `gk20a_as_ioctl_get_va_regions` is involved in managing virtual address regions for the AI Accelerator (AIA). It interacts with user space by copyin...,[nvgpu_as_get_va_regions_args; nvgpu_as_va_region],[buf_addr; buf_size; offset; page_size; pages]
56,user_copy:nvmap_ioctl_create,user_copy_operations,Message_Structure_Handling,80,"**AIARelevantFunction (70%)**: The function `nvmap_ioctl_create` is involved in creating a handle for shared memory, which is relevant for AI Accelerator integration. It interacts with DMA buffers ...",[nvmap_create_handle],[handle; handle64; fd]
57,user_copy:nvmap_ioctl_create,user_copy_operations,Message_Structure_Handling,80,"**AIARelevantFunction Score (60)**: The function `nvmap_ioctl_create` is involved in creating a handle for shared memory, which is relevant for AI Accelerator integration. It interacts with DMA buf...",[nvmap_create_handle],[handle; handle64; fd; size; orig_size]
58,user_copy:nvmap_ioctl_alloc,user_copy_operations,Message_Structure_Handling,80,"**AIARelevantFunction Score (70)**: The function `nvmap_ioctl_alloc` is involved in memory allocation for an AI accelerator, specifically through the use of the `nvmap_alloc_handle` structure. It c...",[struct nvmap_alloc_handle],[handle; heap_mask; flags; align; size]
59,user_copy:nvgpu_ioctl_tsg_dev_ioctl,user_copy_operations,Message_Structure_Handling,80,"**AIARelevantFunction Score (60)**: The function `nvgpu_ioctl_tsg_dev_ioctl` interacts with various aspects of the GPU's task scheduling and channel management, which can be relevant for AI Acceler...",[nvgpu_tsg_bind_channel_ex_args; nvgpu_tsg_bind_scheduling_domain_args; nvgpu_runlist_interleave_args; nvgpu_timeslice_args; nvgpu_tsg_read_single_sm_error_state_args; nvgpu_tsg_l2_max_ways_evict_last_args; nvgpu_tsg_set_l2_sector_promotion_args],[channel_fd; domain_fd; timeslice_us; sm_id; max_ways; promotion_flag]
60,user_copy:nvmap_ioctl_create_from_va,user_copy_operations,Message_Structure_Handling,80,"**AIARelevantFunction (70%)**: The function `nvmap_ioctl_create_from_va` is involved in creating a handle from a virtual address, which is relevant for memory management in the context of an AI Acc...",[nvmap_create_handle_from_va],[handle; va; size; flags]
61,gk20a_ctrl_dev_ioctl,ioctl_operations,Message_Structure_Handling,80,**AIARelevantFunction Score (0)**: The function `gk20a_ctrl_dev_ioctl` does not directly interact with an AI Accelerator (AIA) or manage shared memory (SMem) for an AIA. It primarily serves as an i...,[nvgpu_gpu_zcull_get_ctx_size_args; nvgpu_gpu_zcull_get_info_args; nvgpu_gpu_zbc_set_table_args; nvgpu_gpu_zbc_query_table_args; nvgpu_gpu_get_characteristics; nvgpu_gpu_prepare_compressible_read_args; nvgpu_gpu_mark_compressible_write_args; nvgpu_alloc_as_args; nvgpu_gpu_open_tsg_args; nvgpu_gpu_get_tpc_masks_args; nvgpu_gpu_get_fbp_l2_masks_args; nvgpu_channel_open_args; nvgpu_gpu_l2_fb_args; nvgpu_gpu_mmu_debug_mode_args; nvgpu_gpu_sm_debug_mode_args],[as_fd; gpu_characteristics_buf_addr; va_range_start; va_range_end; va_range_split; handle]
62,gk20a_as_ioctl_alloc_space,ioctl_operations,Message_Structure_Handling,80,**AIARelevantFunction Score (70)**: The function `gk20a_as_ioctl_alloc_space` is responsible for allocating space in the address space for the AI Accelerator (AIA). It interacts with the `nvgpu_vm_...,[nvgpu_as_alloc_space_args],[pages; page_size; flags; o_a]
63,nvmap_ioctl_alloc,ioctl_operations,Message_Structure_Handling,80,"**AIARelevantFunction Score (70)**: The function `nvmap_ioctl_alloc` is responsible for allocating memory for an AI Accelerator (AIA) by interacting with the `nvmap_alloc_handle` structure, which c...",[nvmap_alloc_handle],[handle; heap_mask; flags; align; size; vaddr]
64,nvgpu_ioctl_channel_get_user_syncpoint,ioctl_operations,Message_Structure_Handling,80,"**AIARelevantFunction Score (70)**: The function `nvgpu_ioctl_channel_get_user_syncpoint` interacts with the AI Accelerator (AIA) by managing synchronization points, which are crucial for coordinat...",[nvgpu_get_user_syncpoint_args],[gpu_va; syncpoint_id; syncpoint_max]
65,nvmap_ioctl_create_from_va,ioctl_operations,Message_Structure_Handling,80,"**AIARelevantFunction (70%)**: The function `nvmap_ioctl_create_from_va` is involved in creating a handle from a virtual address, which is relevant for shared memory operations with an AI Accelerat...",[nvmap_create_handle_from_va],[handle; fd; va; size; flags]
66,drivers/gpu/nvgpu/os/linux/linux-dma.c:nvgpu_dma_alloc_flags_sys,functions_by_file,Message_Structure_Handling,70,"**AIARelevantFunction Score (80)**: The function `nvgpu_dma_alloc_flags_sys` is involved in allocating DMA memory, which is critical for AI Accelerator (AIA) operations. It uses functions like `dma...",[nvgpu_mem; sg_table],[gpu_va; cpu_va; dma_address; iova; size]
67,__dma_buf_export,dma_operations,Message_Structure_Handling,70,"**AIARelevantFunction Score (80)**: The function `__dma_buf_export` is involved in exporting a DMA buffer, which is critical for sharing memory with an AI Accelerator (AIA). It utilizes the `dma_bu...",[dma_buf_export_info],[phys_addr_t; dma_buf*; size_t]
68,nvgpu_vm_map_buffer,dma_operations,Message_Structure_Handling,70,"**AIARelevantFunction Score (80)**: The function `nvgpu_vm_map_buffer` is involved in mapping a DMA buffer to a virtual address space, which is critical for enabling the AI Accelerator (AIA) to acc...",[vm_gk20a_mapping_batch],[dma_buf; buffer_offset; mapping_size; *map_addr]
69,nvgpu_vm_map_buffer,dma_operations,Message_Structure_Handling,70,"**AIARelevantFunction Score (80)**: The function `nvgpu_vm_map_buffer` is involved in mapping a DMA buffer to a virtual address space, which is critical for enabling an AI Accelerator (AIA) to acce...",[vm_gk20a_mapping_batch],[buffer_offset; mapping_size; *map_addr; dmabuf->size]
70,nvgpu_vm_map_buffer,dma_operations,Message_Structure_Handling,70,"**AIARelevantFunction Score (80)**: The function `nvgpu_vm_map_buffer` is involved in mapping a DMA buffer to a virtual address space, which is critical for enabling access to shared memory between...",[vm_gk20a_mapping_batch],[buffer_offset; mapping_size; dmabuf->size; *map_addr]
71,gk20a_init_error_notifier,dma_operations,Message_Structure_Handling,70,**AIARelevantFunction Score (0)**: The function `gk20a_init_error_notifier` does not directly interact with an AI Accelerator (AIA) or manage shared memory in a way that would typically be associat...,[nvgpu_set_error_notifier; nvgpu_notification; dma_buf],[mem (handle); offset; size]
72,gk20a_ctrl_dev_open,ioctl_operations,Message_Structure_Handling,70,"**AIARelevantFunction Score (0%)**: The function `gk20a_ctrl_dev_open` does not directly involve sharing memory with an AI Accelerator (AIA). It primarily handles device opening and initialization,...",[gk20a_ctrl_priv],[device*; gk20a*; nvgpu_clk_session*; nvgpu_cdev*]
73,drivers/gpu/nvgpu/os/linux/linux-dma.c:nvgpu_get_sgtable_from_pages,functions_by_file,Message_Structure_Handling,60,**AIARelevantFunction (70%)**: The function `nvgpu_get_sgtable_from_pages` is involved in creating a scatter-gather table (`sg_table`) from an array of pages. It allocates memory for the `sg_table`...,None,None
74,drivers/video/tegra/nvmap/nvmap_dmabuf.c:_nvmap_dmabuf_unmap_dma_buf,functions_by_file,Message_Structure_Handling,60,"**AIARelevantFunction Score (70)**: The function `_nvmap_dmabuf_unmap_dma_buf` is involved in unmapping a DMA buffer, which is relevant to the interaction with AI Accelerators (AIA) as it deals wit...",[struct nvmap_handle_info; struct dma_buf; struct sg_table],[dma_buf; dma_buf_attachment; dma_address; phys_addr_t; size; flags]
75,drivers/video/tegra/nvmap/nvmap_alloc.c:handle_page_alloc,functions_by_file,Message_Structure_Handling,60,"**AIARelevantFunction Score (80)**: The function `handle_page_alloc` is involved in memory allocation, which is crucial for managing shared memory between the CPU and an AI Accelerator (AIA). It al...",[nvmap_handle],[size; vaddr; pages; dma_buf]
76,drivers/video/tegra/nvmap/nvmap_alloc.c:alloc_handle_from_va,functions_by_file,Message_Structure_Handling,60,**AIARelevantFunction Score (80)**: The function `alloc_handle_from_va` is involved in memory management that is relevant to an AI Accelerator (AIA) context. It pins user pages to memory using `nvm...,None,vaddr; size; flags
77,nvmap_handle_get_from_id,dma_operations,Message_Structure_Handling,60,**AIARelevantFunction Score (20)**: The function `nvmap_handle_get_from_id` does not directly interact with an AI Accelerator (AIA) or shared memory management in a way that is typical for AIA inte...,[struct nvmap_handle_info; struct dma_buf],[dma_buf*; nvmap_handle*; nvmap_client*]
78,nvgpu_vm_map_buffer,dma_operations,Message_Structure_Handling,60,"**AIARelevantFunction Score (70)**: The function `nvgpu_vm_map_buffer` is involved in mapping a DMA buffer to a virtual memory space, which is relevant for AI Accelerator integration. It utilizes t...",[vm_gk20a_mapping_batch],[dma_buf->size; vm_gk20a->handle]
79,nvgpu_mm_pin,dma_operations,Message_Structure_Handling,60,"**AIARelevantFunction Score (80)**: The function `nvgpu_mm_pin` is involved in managing DMA buffers, which is critical for sharing memory with an AI Accelerator (AIA). It uses `dma_buf_attach` and ...",[struct dma_buf; struct dma_buf_attachment; struct sg_table],[size; file; attachments; flags; sgt; dev; nents]
80,nvgpu_mm_pin,dma_operations,Message_Structure_Handling,60,"**AIARelevantFunction Score (80)**: The function `nvgpu_mm_pin` is involved in memory management for DMA buffers, which is critical for AI Accelerator integration. It uses `dma_buf_attach` and `dma...",[struct dma_buf; struct dma_buf_attachment],[size; file; attachments; flags; dev; sgt]
81,nvmap_ioctl_free,dma_operations,Message_Structure_Handling,60,**AIARelevantFunction Score (0%)**: The function `nvmap_ioctl_free` does not directly involve sharing memory with an AI Accelerator (AIA). It primarily deals with freeing a DMA buffer associated wi...,[None identified],[None identified]
82,nvmap_ioctl_free,dma_operations,Message_Structure_Handling,60,**AIARelevantFunction Score (0)**: The function `nvmap_ioctl_free` does not directly interact with an AI Accelerator (AIA) or shared memory management patterns typically associated with AIA integra...,[None identified],[None identified]
83,drivers/gpu/nvgpu/os/linux/linux-dma.c:nvgpu_dma_free_sys,functions_by_file,Message_Structure_Handling,40,**AIARelevantFunction Score (20)**: The function `nvgpu_dma_free_sys` primarily deals with freeing DMA memory allocated for the GPU. While it does manage memory that could be relevant for an AI Acc...,[struct nvgpu_mem; struct sg_table],[gpu_va; cpu_va; aligned_size; size; dma_address]
84,nvgpu_dma_free_sys,dma_operations,Message_Structure_Handling,40,**AIARelevantFunction Score (20)**: The function `nvgpu_dma_free_sys` primarily deals with freeing DMA memory rather than directly interacting with an AI Accelerator (AIA). While it does manage mem...,[nvgpu_mem; sg_table],[gpu_va; cpu_va; aligned_size; size; dma_address]
85,drivers/gpu/nvgpu/os/linux/linux-dma.c:nvgpu_iommuable,functions_by_file,Message_Structure_Handling,0,**AIARelevantFunction Score (0%)**: The function `nvgpu_iommuable` does not interact with shared memory or perform any operations that would typically be associated with an AI Accelerator (AIA). It...,None,None
86,drivers/gpu/nvgpu/os/linux/linux-dma.c:nvgpu_dma_free_no_iommu,functions_by_file,Message_Structure_Handling,0,**AIARelevantFunction Score (0%)**: The function `nvgpu_dma_free_no_iommu` is primarily responsible for freeing DMA memory that has been allocated without IOMMU support. It does not involve any ope...,None,None
87,drivers/gpu/nvgpu/os/linux/linux-dma.c:nvgpu_free_sgtable,functions_by_file,Message_Structure_Handling,0,**AIARelevantFunction Score (0)**: The function `nvgpu_free_sgtable` does not interact with an AI Accelerator (AIA) or shared memory management relevant to AIA operations. It primarily deals with f...,None,None
88,drivers/gpu/nvgpu/os/linux/linux-dma.c:nvgpu_dma_flags_to_attrs,functions_by_file,Message_Structure_Handling,0,**AIARelevantFunction Score (0%)**: The function `nvgpu_dma_flags_to_attrs` does not interact with shared memory or AI Accelerator (AIA) specific operations. It primarily translates DMA flags into ...,None,None
89,drivers/gpu/nvgpu/os/linux/linux-dma.c:nvgpu_dma_alloc_no_iommu,functions_by_file,Message_Structure_Handling,0,"**AIARelevantFunction Score (70%)**: The function `nvgpu_dma_alloc_no_iommu` is involved in memory allocation, which is a critical aspect of managing shared memory between the CPU and an AI Acceler...",None,None
90,drivers/gpu/nvgpu/os/linux/platform_gk20a_tegra.c:gk20a_tegra_idle,functions_by_file,Message_Structure_Handling,0,**AIARelevantFunction Score (0%)**: The function `gk20a_tegra_idle` does not involve any operations related to shared memory management or interactions with an AI Accelerator (AIA). It primarily ha...,None,None
91,drivers/gpu/nvgpu/os/linux/platform_gk20a_tegra.c:gk20a_tegra_busy,functions_by_file,Message_Structure_Handling,0,**AIARelevantFunction Score (0%)**: The function `gk20a_tegra_busy` does not interact with shared memory or perform any operations that would typically be associated with AI Accelerator integration...,None,None
92,drivers/video/tegra/nvmap/nvmap_dmabuf.c:dmabuf_is_nvmap,functions_by_file,Message_Structure_Handling,0,**AIARelevantFunction Score (0)**: The function `dmabuf_is_nvmap` does not involve any operations related to sharing memory with an AI Accelerator (AIA). It simply checks if the `exp_name` field of...,None,None
93,drivers/video/tegra/nvmap/nvmap_dmabuf.c:nvmap_get_dmabuf_fd,functions_by_file,Message_Structure_Handling,0,**AIARelevantFunction Score (0%)**: The function `nvmap_get_dmabuf_fd` does not directly interact with an AI Accelerator (AIA) or perform operations related to shared memory management that would t...,None,None
94,drivers/video/tegra/nvmap/nvmap_dmabuf.c:nvmap_dmabuf_attach,functions_by_file,Message_Structure_Handling,0,**AIARelevantFunction Score (0%)**: The function `nvmap_dmabuf_attach` does not directly involve any operations related to sharing memory with an AI Accelerator (AIA). It simply calls another funct...,None,None
95,drivers/video/tegra/nvmap/nvmap_dmabuf.c:nvmap_dmabuf_mmap,functions_by_file,Message_Structure_Handling,0,"**AIARelevantFunction Score (70%)**: The function `nvmap_dmabuf_mmap` is involved in mapping a DMA buffer to a virtual memory area, which is relevant for AI Accelerator integration as it may involv...",None,None
96,drivers/video/tegra/nvmap/nvmap_dmabuf.c:nvmap_dmabuf_vmap,functions_by_file,Message_Structure_Handling,0,**AIARelevantFunction Score (0)**: The function `nvmap_dmabuf_vmap` does not interact with an AI Accelerator (AIA) or shared memory (SMem) directly. It primarily deals with a `dma_buf` structure an...,None,None
97,drivers/video/tegra/nvmap/nvmap_dmabuf.c:nvmap_dmabuf_get_drv_data,functions_by_file,Message_Structure_Handling,0,**AIARelevantFunction Score (0)**: The function `nvmap_dmabuf_get_drv_data` does not interact with any AI Accelerator (AIA) relevant functions or patterns. It primarily retrieves driver data associ...,None,None
98,drivers/video/tegra/nvmap/nvmap_dmabuf.c:nvmap_dmabuf_detach,functions_by_file,Message_Structure_Handling,0,**AIARelevantFunction Score (0)**: The function `nvmap_dmabuf_detach` does not involve any operations related to sharing memory with an AI Accelerator (AIA). It primarily deals with detaching a DMA...,None,None
99,drivers/video/tegra/nvmap/nvmap_dmabuf.c:nvmap_dmabuf_release,functions_by_file,Message_Structure_Handling,0,**AIARelevantFunction Score (0)**: The function `nvmap_dmabuf_release` does not interact with an AI Accelerator (AIA) or shared memory management relevant to AIA operations. It primarily deals with...,None,None
100,drivers/video/tegra/nvmap/nvmap_dmabuf.c:nvmap_dmabuf_vunmap,functions_by_file,Message_Structure_Handling,0,**AIARelevantFunction Score (0)**: The function `nvmap_dmabuf_vunmap` does not involve any operations that directly relate to sharing memory with an AI Accelerator (AIA). It primarily deals with un...,None,None
101,drivers/video/tegra/nvmap/nvmap_alloc.c:nvmap_alloc_handle,functions_by_file,Message_Structure_Handling,0,**AIARelevantFunction Score (0)**: The function `nvmap_alloc_handle` does not interact with an AI Accelerator (AIA) or shared memory (SMem) directly. It primarily focuses on allocating a handle for...,None,None
102,drivers/video/tegra/nvmap/nvmap_alloc.c:alloc_handle,functions_by_file,Message_Structure_Handling,0,**AIARelevantFunction Score (0%)**: The function `alloc_handle` does not interact with an AI Accelerator (AIA) or shared memory (SMem) directly. It primarily deals with memory allocation for a `nvm...,None,None
103,drivers/video/tegra/nvmap/nvmap_alloc.c:nvmap_altalloc,functions_by_file,Message_Structure_Handling,0,**AIARelevantFunction Score (0)**: The function `nvmap_altalloc` does not interact with any AI Accelerator (AIA) relevant operations. It is primarily focused on memory allocation using `vzalloc` an...,None,None
104,drivers/video/tegra/nvmap/nvmap_alloc.c:nvmap_alloc_pages_exact,functions_by_file,Message_Structure_Handling,0,**AIARelevantFunction Score (0%)**: The function `nvmap_alloc_pages_exact` does not interact with an AI Accelerator (AIA) or shared memory (SMem) in any way. It is primarily focused on memory alloc...,None,None
105,drivers/video/tegra/nvmap/nvmap_alloc.c:is_nvmap_id_ro,functions_by_file,Message_Structure_Handling,0,**AIARelevantFunction Score (0%)**: The function `is_nvmap_id_ro` does not interact with an AI Accelerator (AIA) or shared memory (SMem) directly. It primarily deals with checking if a given NVMAP ...,None,None
106,drivers/video/tegra/nvmap/nvmap_alloc.c:nvmap_altfree,functions_by_file,Message_Structure_Handling,0,**AIARelevantFunction Score (0)**: The function `nvmap_altfree` does not interact with any AI Accelerator (AIA) relevant operations. It is primarily concerned with freeing memory based on the size ...,None,None
107,drivers/video/tegra/nvmap/nvmap_alloc.c:nvmap_alloc_handle_from_va,functions_by_file,Message_Structure_Handling,0,**AIARelevantFunction Score (0)**: The function `nvmap_alloc_handle_from_va` does not directly interact with an AI Accelerator (AIA) or perform operations related to shared memory management that w...,None,None
108,drivers/video/tegra/nvmap/nvmap_alloc.c:nvmap_free_handle_from_fd,functions_by_file,Message_Structure_Handling,0,**AIARelevantFunction Score (0)**: The function `nvmap_free_handle_from_fd` does not interact with an AI Accelerator (AIA) or shared memory management that would typically involve functions like `g...,None,None
109,drivers/video/tegra/nvmap/nvmap_alloc.c:nvmap_free_handle,functions_by_file,Message_Structure_Handling,0,**AIARelevantFunction Score (0%)**: The function `nvmap_free_handle` does not interact with an AI Accelerator (AIA) or shared memory management relevant to AIA operations. It primarily deals with f...,None,None
110,drivers/video/tegra/nvmap/nvmap_alloc.c:_nvmap_handle_free,functions_by_file,Message_Structure_Handling,0,**AIARelevantFunction Score (0%)**: The function `_nvmap_handle_free` does not interact with an AI Accelerator (AIA) or shared memory management relevant to AIA operations. It primarily deals with ...,None,None
111,drivers/video/tegra/nvmap/nvmap_alloc.c:nvmap_heap_pgfree,functions_by_file,Message_Structure_Handling,0,**AIARelevantFunction Score (0%)**: The function `nvmap_heap_pgfree` does not involve any operations related to sharing memory with an AI Accelerator (AIA). It primarily deals with freeing DMA memo...,None,None
112,drivers/video/tegra/nvmap/nvmap_alloc.c:nvmap_heap_pgalloc_dev,functions_by_file,Message_Structure_Handling,0,**AIARelevantFunction Score (0%)**: The function `nvmap_heap_pgalloc_dev` does not involve any operations related to sharing memory with an AI Accelerator (AIA). It primarily focuses on allocating ...,None,None
113,nvmap_handle_get_from_id,dma_operations,Message_Structure_Handling,0,**AIARelevantFunction Score (0)**: The function `nvmap_handle_get_from_id` does not directly involve any operations related to sharing memory with an AI Accelerator (AIA). It primarily deals with o...,None,None
114,is_nvmap_id_ro,dma_operations,Message_Structure_Handling,0,**AIARelevantFunction Score (0%)**: The function `is_nvmap_id_ro` does not interact with an AI Accelerator (AIA) or shared memory (SMem) management directly. It primarily deals with checking if a D...,None,None
115,nvgpu_mm_pin,dma_operations,Message_Structure_Handling,0,**AIARelevantFunction Score (90)**: The function `nvgpu_mm_pin` is primarily responsible for managing memory mappings between the CPU and an AI Accelerator (AIA). It utilizes the `dma_buf_attach` a...,None,None
116,gk20a_channel_free_error_notifiers,dma_operations,Message_Structure_Handling,0,**AIARelevantFunction Score (0%)**: The function `gk20a_channel_free_error_notifiers` does not interact with any AI Accelerator (AIA) relevant functions or memory management patterns that would typ...,None,None
117,nvgpu_mm_unpin,dma_operations,Message_Structure_Handling,0,**AIARelevantFunction Score (0)**: The function `nvgpu_mm_unpin` does not involve any operations that directly relate to sharing memory with an AI Accelerator (AIA). It primarily deals with unmappi...,None,None
118,nvgpu_mm_unpin,dma_operations,Message_Structure_Handling,0,**AIARelevantFunction Score (0)**: The function `nvgpu_mm_unpin` does not involve any operations related to sharing memory with an AI Accelerator (AIA). It primarily deals with unmapping and detach...,None,None
119,nvgpu_vm_unmap_system,dma_operations,Message_Structure_Handling,0,**AIARelevantFunction Score (0%)**: The function `nvgpu_vm_unmap_system` does not involve any operations that directly relate to sharing memory with an AI Accelerator (AIA). It primarily deals with...,None,None
120,nvmap_free_handle,dma_operations,Message_Structure_Handling,0,**AIARelevantFunction Score (0)**: The function `nvmap_free_handle` does not interact with an AI Accelerator (AIA) or shared memory management relevant to AIA operations. It primarily deals with fr...,None,None
121,nvmap_free_handle,dma_operations,Message_Structure_Handling,0,**AIARelevantFunction Score (0)**: The function `nvmap_free_handle` does not interact with an AI Accelerator (AIA) or shared memory management relevant to AI accelerators. It primarily deals with f...,None,None
122,destroy_client,dma_operations,Message_Structure_Handling,0,**AIARelevantFunction Score (0)**: The `destroy_client` function does not interact with an AI Accelerator (AIA) or shared memory (SMem) management. It primarily focuses on cleaning up resources ass...,None,None
123,destroy_client,dma_operations,Message_Structure_Handling,0,**AIARelevantFunction Score (0%)**: The `destroy_client` function does not involve any operations related to shared memory (SMem) with an AI Accelerator (AIA). It primarily focuses on cleaning up r...,None,None
124,gk20a_dbg_gpu_dev_release,ioctl_operations,Message_Structure_Handling,0,**AIARelevantFunction Score (0%)**: The function `gk20a_dbg_gpu_dev_release` does not involve any operations related to sharing memory with an AI Accelerator (AIA). It primarily handles the cleanup...,None,None
125,gk20a_ctrl_dev_release,ioctl_operations,Message_Structure_Handling,0,"**AIARelevantFunction Score (0%)**: The function `gk20a_ctrl_dev_release` does not interact with any AI Accelerator (AIA) relevant functions such as memory mapping, DMA operations, or shared memory...",None,None
126,nvmap_open,ioctl_operations,Message_Structure_Handling,0,**AIARelevantFunction Score (0%)**: The `nvmap_open` function does not involve any operations related to shared memory management or interactions with an AI Accelerator (AIA). It primarily handles ...,None,None
127,gk20a_power_open,ioctl_operations,Message_Structure_Handling,0,**AIARelevantFunction Score (0%)**: The function `gk20a_power_open` does not involve any operations related to shared memory (SMem) with an AI Accelerator (AIA). It primarily focuses on opening a d...,None,None
128,gk20a_power_release,ioctl_operations,Message_Structure_Handling,0,**AIARelevantFunction Score (0%)**: The function `gk20a_power_release` does not interact with shared memory or perform any operations that would be relevant to an AI Accelerator (AIA). It primarily...,None,None
129,nvgpu_ctrl_ioctl_gpu_characteristics_flags,ioctl_operations,Message_Structure_Handling,0,**AIARelevantFunction Score (0%)**: The function `nvgpu_ctrl_ioctl_gpu_characteristics_flags` does not interact with shared memory or perform any operations that would typically be associated with ...,None,None
130,nvgpu_get_ioctl_graphics_preempt_mode_flags,ioctl_operations,Message_Structure_Handling,0,**AIARelevantFunction Score (0)**: The function `nvgpu_get_ioctl_graphics_preempt_mode_flags` does not involve any operations related to shared memory (SMem) with an AI Accelerator (AIA). It simply...,None,None
131,nvgpu_get_ioctl_compute_preempt_mode_flags,ioctl_operations,Message_Structure_Handling,0,**AIARelevantFunction Score (0)**: The function `nvgpu_get_ioctl_compute_preempt_mode_flags` does not involve any operations related to shared memory (SMem) or AI Accelerator (AIA) integration. It ...,None,None
132,nvgpu_get_ioctl_graphics_preempt_mode,ioctl_operations,Message_Structure_Handling,0,"**AIARelevantFunction Score (0)**: The function `nvgpu_get_ioctl_graphics_preempt_mode` does not involve any operations related to shared memory management, DMA, or interactions with an AI Accelera...",None,None
133,nvgpu_get_ioctl_compute_preempt_mode,ioctl_operations,Message_Structure_Handling,0,**AIARelevantFunction Score (0)**: The function `nvgpu_get_ioctl_compute_preempt_mode` does not involve any operations related to shared memory (SMem) with an AI Accelerator (AIA). It simply transl...,None,None
134,nvgpu_ioctl_tsg_open,ioctl_operations,Message_Structure_Handling,0,**AIARelevantFunction Score (0%)**: The function `nvgpu_ioctl_tsg_open` does not directly involve any operations related to shared memory (SMem) with an AI Accelerator (AIA). It primarily handles t...,None,None
135,nvgpu_ioctl_channel_alloc_obj_ctx,ioctl_operations,Message_Structure_Handling,0,**AIARelevantFunction (0%)**: The function `nvgpu_ioctl_channel_alloc_obj_ctx` does not directly involve any operations related to shared memory management or interactions with an AI Accelerator (A...,None,None
136,gk20a_channel_open_ioctl,ioctl_operations,Message_Structure_Handling,0,**AIARelevantFunction Score (0)**: The function `gk20a_channel_open_ioctl` does not interact with shared memory or AI Accelerator (AIA) specific operations. It primarily handles the opening of a ch...,None,None
137,gk20a_as_ioctl_bind_channel,ioctl_operations,Message_Structure_Handling,0,**AIARelevantFunction Score (0%)**: The function `gk20a_as_ioctl_bind_channel` does not directly involve operations that share memory with an AI Accelerator (AIA). It primarily deals with binding a...,struct nvgpu_as_bind_channel_args,None
138,nvgpu_gpu_ioctl_set_l2_max_ways_evict_last,ioctl_operations,Message_Structure_Handling,0,**AIARelevantFunction Score (0)**: The function `nvgpu_gpu_ioctl_set_l2_max_ways_evict_last` does not involve any operations that directly relate to sharing memory with an AI Accelerator (AIA). It ...,struct nvgpu_tsg_l2_max_ways_evict_last_args,None
139,gk20a_as_ioctl_unmap_buffer,ioctl_operations,Message_Structure_Handling,0,**AIARelevantFunction Score (0%)**: The function `gk20a_as_ioctl_unmap_buffer` does not involve any operations that directly relate to sharing memory with an AI Accelerator (AIA). It primarily focu...,None,None
140,nvmap_ioctl_free,ioctl_operations,Message_Structure_Handling,0,**AIARelevantFunction Score (0)**: The function `nvmap_ioctl_free` does not directly involve operations that share memory with an AI Accelerator (AIA). It primarily deals with freeing a DMA buffer ...,None,None
141,nvmap_release,ioctl_operations,Message_Structure_Handling,0,**AIARelevantFunction Score (0%)**: The `nvmap_release` function does not involve any operations related to shared memory (SMem) with an AI Accelerator (AIA). It primarily handles the release of a ...,None,None
142,gk20a_event_id_release,ioctl_operations,Message_Structure_Handling,0,"**AIARelevantFunction Score (0%)**: The function `gk20a_event_id_release` does not interact with any AI Accelerator (AIA) relevant functions such as memory mapping, DMA operations, or shared memory...",None,None
143,gk20a_channel_release,ioctl_operations,Message_Structure_Handling,0,**AIARelevantFunction Score (0%)**: The function `gk20a_channel_release` does not interact with shared memory or AI Accelerator (AIA) specific operations. It primarily handles the release of a chan...,None,None
144,nvgpu_ioctl_tsg_dev_release,ioctl_operations,Message_Structure_Handling,0,**AIARelevantFunction Score (0)**: The function `nvgpu_ioctl_tsg_dev_release` does not involve any operations related to shared memory management or interactions with an AI Accelerator (AIA). It pr...,None,None
145,nvgpu_ioctl_tsg_release,ioctl_operations,Message_Structure_Handling,0,**AIARelevantFunction Score (0)**: The function `nvgpu_ioctl_tsg_release` does not involve any operations related to shared memory (SMem) with an AI Accelerator (AIA). It primarily handles the rele...,None,None
146,gk20a_as_dev_release,ioctl_operations,Message_Structure_Handling,0,**AIARelevantFunction Score (0)**: The function `gk20a_as_dev_release` does not involve any operations related to shared memory management or interactions with an AI Accelerator (AIA). It primarily...,None,None
