[   19.741956] CPU: 2 PID: 2095 Comm: gnome-shell Tainted: G           OE     5.10.216-tegra #1
[   19.741957] Hardware name: NVIDIA Jetson AGX Orin Developer Kit/Jetson, BIOS 6.1-39721438 03/04/2025
[   19.741958] Call trace:
[   19.741960]  dump_backtrace+0x0/0x1e0
[   19.741961]  show_stack+0x30/0x40
[   19.741963]  dump_stack+0xf0/0x130
[   19.742019]  nvgpu_vm_map_buffer+0x2d8/0x55c [nvgpu]
[   19.742074]  gk20a_as_dev_ioctl+0x5a8/0xab0 [nvgpu]
[   19.742075]  __arm64_sys_ioctl+0xac/0xf0
[   19.742077]  el0_svc_common.constprop.0+0x80/0x1d0
[   19.742079]  do_el0_svc+0x38/0xc0
[   19.742080]  el0_svc+0x1c/0x30
[   19.742082]  el0_sync_handler+0xa8/0xb0
[   19.742083]  el0_sync+0x16c/0x180
[   19.742084] DMA_STACK_END: End of stack trace for dma_buf_put
[   19.742085] DMA_INSTRUMENT: About to call dma_buf_put from function nvgpu_vm_map_buffer at /mnt/8e8fbd72-3ef4-4af6-854c-33dbfb634ac7/jetson_linux_r35_6_1/Linux_for_Tegra/source/public/kernel/nvgpu/drivers/gpu/nvgpu/os/linux/vm.c:460
[   19.742086] DMA_STACK_START: Stack trace for dma_buf_put called from nvgpu_vm_map_buffer
[   19.742087] CPU: 2 PID: 2095 Comm: gnome-shell Tainted: G           OE     5.10.216-tegra #1
[   19.742088] Hardware name: NVIDIA Jetson AGX Orin Developer Kit/Jetson, BIOS 6.1-39721438 03/04/2025
[   19.742088] Call trace:
[   19.742090]  dump_backtrace+0x0/0x1e0
[   19.742092]  show_stack+0x30/0x40
[   19.742094]  dump_stack+0xf0/0x130
[   19.742149]  nvgpu_vm_map_buffer+0x334/0x55c [nvgpu]
[   19.742204]  gk20a_as_dev_ioctl+0x5a8/0xab0 [nvgpu]
[   19.742205]  __arm64_sys_ioctl+0xac/0xf0
[   19.742207]  el0_svc_common.constprop.0+0x80/0x1d0
[   19.742209]  do_el0_svc+0x38/0xc0
[   19.742211]  el0_svc+0x1c/0x30
[   19.742212]  el0_sync_handler+0xa8/0xb0
[   19.742214]  el0_sync+0x16c/0x180
[   19.742214] DMA_STACK_END: End of stack trace for dma_buf_put
[   19.742216] DMA_INSTRUMENT: About to call dma_buf_put from function nvgpu_vm_map_buffer at /mnt/8e8fbd72-3ef4-4af6-854c-33dbfb634ac7/jetson_linux_r35_6_1/Linux_for_Tegra/source/public/kernel/nvgpu/drivers/gpu/nvgpu/os/linux/vm.c:472
[   19.742217] DMA_STACK_START: Stack trace for dma_buf_put called from nvgpu_vm_map_buffer
[   19.742218] CPU: 2 PID: 2095 Comm: gnome-shell Tainted: G           OE     5.10.216-tegra #1
[   19.742219] Hardware name: NVIDIA Jetson AGX Orin Developer Kit/Jetson, BIOS 6.1-39721438 03/04/2025
[   19.742220] Call trace:
[   19.742222]  dump_backtrace+0x0/0x1e0
[   19.742223]  show_stack+0x30/0x40
[   19.742225]  dump_stack+0xf0/0x130
[   19.742280]  nvgpu_vm_map_buffer+0x47c/0x55c [nvgpu]
[   19.742335]  gk20a_as_dev_ioctl+0x5a8/0xab0 [nvgpu]
[   19.742336]  __arm64_sys_ioctl+0xac/0xf0
[   19.742338]  el0_svc_common.constprop.0+0x80/0x1d0
[   19.742340]  do_el0_svc+0x38/0xc0
[   19.742341]  el0_svc+0x1c/0x30
[   19.742343]  el0_sync_handler+0xa8/0xb0
[   19.742344]  el0_sync+0x16c/0x180
[   19.742345] DMA_STACK_END: End of stack trace for dma_buf_put
[   19.742348] DMA_INSTRUMENT: About to call dma_buf_attach from function nvgpu_mm_pin at /mnt/8e8fbd72-3ef4-4af6-854c-33dbfb634ac7/jetson_linux_r35_6_1/Linux_for_Tegra/source/public/kernel/nvgpu/drivers/gpu/nvgpu/os/linux/dmabuf_priv.c:184
[   19.742349] DMA_STACK_START: Stack trace for dma_buf_attach called from nvgpu_mm_pin
[   19.742350] CPU: 2 PID: 2095 Comm: gnome-shell Tainted: G           OE     5.10.216-tegra #1
[   19.742351] Hardware name: NVIDIA Jetson AGX Orin Developer Kit/Jetson, BIOS 6.1-39721438 03/04/2025
[   19.742352] Call trace:
[   19.742353]  dump_backtrace+0x0/0x1e0
[   19.742355]  show_stack+0x30/0x40
[   19.742357]  dump_stack+0xf0/0x130
[   19.742412]  nvgpu_mm_pin+0x7c/0x1a0 [nvgpu]
[   19.742470]  nvgpu_vm_map_linux+0x110/0x290 [nvgpu]
[   19.742525]  nvgpu_vm_map_buffer+0x4d0/0x55c [nvgpu]
[   19.742580]  gk20a_as_dev_ioctl+0x5a8/0xab0 [nvgpu]
[   19.742581]  __arm64_sys_ioctl+0xac/0xf0
[   19.742583]  el0_svc_common.constprop.0+0x80/0x1d0
[   19.742585]  do_el0_svc+0x38/0xc0
[   19.742587]  el0_svc+0x1c/0x30
[   19.742588]  el0_sync_handler+0xa8/0xb0
[   19.742589]  el0_sync+0x16c/0x180
[   19.742590] DMA_STACK_END: End of stack trace for dma_buf_attach
[   19.742592] DMA_INSTRUMENT: About to call dma_buf_map_attachment from function nvgpu_mm_pin at /mnt/8e8fbd72-3ef4-4af6-854c-33dbfb634ac7/jetson_linux_r35_6_1/Linux_for_Tegra/source/public/kernel/nvgpu/drivers/gpu/nvgpu/os/linux/dmabuf_priv.c:195
[   19.742593] DMA_STACK_START: Stack trace for dma_buf_map_attachment called from nvgpu_mm_pin
[   19.742595] CPU: 2 PID: 2095 Comm: gnome-shell Tainted: G           OE     5.10.216-tegra #1
[   19.742596] Hardware name: NVIDIA Jetson AGX Orin Developer Kit/Jetson, BIOS 6.1-39721438 03/04/2025
[   19.742596] Call trace:
[   19.742598]  dump_backtrace+0x0/0x1e0
[   19.742600]  show_stack+0x30/0x40
[   19.742602]  dump_stack+0xf0/0x130
[   19.742656]  nvgpu_mm_pin+0xf4/0x1a0 [nvgpu]
[   19.742713]  nvgpu_vm_map_linux+0x110/0x290 [nvgpu]
[   19.742768]  nvgpu_vm_map_buffer+0x4d0/0x55c [nvgpu]
[   19.742822]  gk20a_as_dev_ioctl+0x5a8/0xab0 [nvgpu]
[   19.742823]  __arm64_sys_ioctl+0xac/0xf0
[   19.742825]  el0_svc_common.constprop.0+0x80/0x1d0
[   19.742827]  do_el0_svc+0x38/0xc0
[   19.742828]  el0_svc+0x1c/0x30
[   19.742830]  el0_sync_handler+0xa8/0xb0
[   19.742831]  el0_sync+0x16c/0x180
[   19.742832] DMA_STACK_END: End of stack trace for dma_buf_map_attachment
[   19.742834] DMA_INSTRUMENT: About to call dma_buf_detach from function nvgpu_mm_pin at /mnt/8e8fbd72-3ef4-4af6-854c-33dbfb634ac7/jetson_linux_r35_6_1/Linux_for_Tegra/source/public/kernel/nvgpu/drivers/gpu/nvgpu/os/linux/dmabuf_priv.c:200
[   19.742835] DMA_STACK_START: Stack trace for dma_buf_detach called from nvgpu_mm_pin
[   19.742836] CPU: 2 PID: 2095 Comm: gnome-shell Tainted: G           OE     5.10.216-tegra #1
[   19.742837] Hardware name: NVIDIA Jetson AGX Orin Developer Kit/Jetson, BIOS 6.1-39721438 03/04/2025
[   19.742838] Call trace:
[   19.742840]  dump_backtrace+0x0/0x1e0
[   19.742842]  show_stack+0x30/0x40
[   19.742844]  dump_stack+0xf0/0x130
[   19.742898]  nvgpu_mm_pin+0x13c/0x1a0 [nvgpu]
[   19.742954]  nvgpu_vm_map_linux+0x110/0x290 [nvgpu]
[   19.743009]  nvgpu_vm_map_buffer+0x4d0/0x55c [nvgpu]
[   19.743064]  gk20a_as_dev_ioctl+0x5a8/0xab0 [nvgpu]
[   19.743065]  __arm64_sys_ioctl+0xac/0xf0
[   19.743067]  el0_svc_common.constprop.0+0x80/0x1d0
[   19.743069]  do_el0_svc+0x38/0xc0
[   19.743070]  el0_svc+0x1c/0x30
[   19.743072]  el0_sync_handler+0xa8/0xb0
[   19.743073]  el0_sync+0x16c/0x180
[   19.743074] DMA_STACK_END: End of stack trace for dma_buf_detach
[   19.743089] FUNC_ENTRY: Entering function nvgpu_iommuable at /mnt/8e8fbd72-3ef4-4af6-854c-33dbfb634ac7/jetson_linux_r35_6_1/Linux_for_Tegra/source/public/kernel/nvgpu/drivers/gpu/nvgpu/os/linux/linux-dma.c:635
[   19.743100] FUNC_ENTRY: Entering function nvgpu_iommuable at /mnt/8e8fbd72-3ef4-4af6-854c-33dbfb634ac7/jetson_linux_r35_6_1/Linux_for_Tegra/source/public/kernel/nvgpu/drivers/gpu/nvgpu/os/linux/linux-dma.c:635
[   19.743105] FUNC_ENTRY: Entering function nvgpu_iommuable at /mnt/8e8fbd72-3ef4-4af6-854c-33dbfb634ac7/jetson_linux_r35_6_1/Linux_for_Tegra/source/public/kernel/nvgpu/drivers/gpu/nvgpu/os/linux/linux-dma.c:635
[   19.743109] FUNC_ENTRY: Entering function nvgpu_iommuable at /mnt/8e8fbd72-3ef4-4af6-854c-33dbfb634ac7/jetson_linux_r35_6_1/Linux_for_Tegra/source/public/kernel/nvgpu/drivers/gpu/nvgpu/os/linux/linux-dma.c:635
[   19.743112] FUNC_ENTRY: Entering function nvgpu_iommuable at /mnt/8e8fbd72-3ef4-4af6-854c-33dbfb634ac7/jetson_linux_r35_6_1/Linux_for_Tegra/source/public/kernel/nvgpu/drivers/gpu/nvgpu/os/linux/linux-dma.c:635
[   19.743114] FUNC_ENTRY: Entering function nvgpu_iommuable at /mnt/8e8fbd72-3ef4-4af6-854c-33dbfb634ac7/jetson_linux_r35_6_1/Linux_for_Tegra/source/public/kernel/nvgpu/drivers/gpu/nvgpu/os/linux/linux-dma.c:635
[   19.743122] FUNC_ENTRY: Entering function nvgpu_iommuable at /mnt/8e8fbd72-3ef4-4af6-854c-33dbfb634ac7/jetson_linux_r35_6_1/Linux_for_Tegra/source/public/kernel/nvgpu/drivers/gpu/nvgpu/os/linux/linux-dma.c:635
[   19.743135] USER_COPY: About to call copy_to_user from function gk20a_as_dev_ioctl at /mnt/8e8fbd72-3ef4-4af6-854c-33dbfb634ac7/jetson_linux_r35_6_1/Linux_for_Tegra/source/public/kernel/nvgpu/drivers/gpu/nvgpu/os/linux/ioctl_as.c:603
[   19.743136] USER_COPY_CONTEXT: Process PID=2095, COMM=gnome-shell
[   20.367925] FUNC_ENTRY: Entering function nvgpu_iommuable at /mnt/8e8fbd72-3ef4-4af6-854c-33dbfb634ac7/jetson_linux_r35_6_1/Linux_for_Tegra/source/public/kernel/nvgpu/drivers/gpu/nvgpu/os/linux/linux-dma.c:635
[   20.367933] FUNC_ENTRY: Entering function nvgpu_iommuable at /mnt/8e8fbd72-3ef4-4af6-854c-33dbfb634ac7/jetson_linux_r35_6_1/Linux_for_Tegra/source/public/kernel/nvgpu/drivers/gpu/nvgpu/os/linux/linux-dma.c:635
[   20.369459] FUNC_ENTRY: Entering function nvgpu_iommuable at /mnt/8e8fbd72-3ef4-4af6-854c-33dbfb634ac7/jetson_linux_r35_6_1/Linux_for_Tegra/source/public/kernel/nvgpu/drivers/gpu/nvgpu/os/linux/linux-dma.c:635
[   20.369572] FUNC_ENTRY: Entering function gk20a_tegra_idle at /mnt/8e8fbd72-3ef4-4af6-854c-33dbfb634ac7/jetson_linux_r35_6_1/Linux_for_Tegra/source/public/kernel/nvgpu/drivers/gpu/nvgpu/os/linux/platform_gk20a_tegra.c:707
[   20.507745] IOCTL_HANDLER: Function gk20a_ctrl_dev_ioctl called at /mnt/8e8fbd72-3ef4-4af6-854c-33dbfb634ac7/jetson_linux_r35_6_1/Linux_for_Tegra/source/public/kernel/nvgpu/drivers/gpu/nvgpu/os/linux/ioctl_ctrl.c:2302
[   20.507754] USER_COPY: About to call copy_from_user from function gk20a_ctrl_dev_ioctl at /mnt/8e8fbd72-3ef4-4af6-854c-33dbfb634ac7/jetson_linux_r35_6_1/Linux_for_Tegra/source/public/kernel/nvgpu/drivers/gpu/nvgpu/os/linux/ioctl_ctrl.c:2332
[   20.507756] USER_COPY_CONTEXT: Process PID=2095, COMM=gnome-shell
[   20.507761] IOCTL_HANDLER: Function nvgpu_gpu_ioctl_register_buffer called at /mnt/8e8fbd72-3ef4-4af6-854c-33dbfb634ac7/jetson_linux_r35_6_1/Linux_for_Tegra/source/public/kernel/nvgpu/drivers/gpu/nvgpu/os/linux/ioctl_ctrl.c:2167
[   20.507764] USER_COPY: About to call copy_from_user from function nvgpu_gpu_ioctl_register_buffer at /mnt/8e8fbd72-3ef4-4af6-854c-33dbfb634ac7/jetson_linux_r35_6_1/Linux_for_Tegra/source/public/kernel/nvgpu/drivers/gpu/nvgpu/os/linux/ioctl_ctrl.c:2169
[   20.507765] USER_COPY_CONTEXT: Process PID=2095, COMM=gnome-shell
[   20.507768] DMA_INSTRUMENT: About to call dma_buf_get from function nvgpu_gpu_ioctl_register_buffer at /mnt/8e8fbd72-3ef4-4af6-854c-33dbfb634ac7/jetson_linux_r35_6_1/Linux_for_Tegra/source/public/kernel/nvgpu/drivers/gpu/nvgpu/os/linux/ioctl_ctrl.c:2202
[   20.507770] DMA_STACK_START: Stack trace for dma_buf_get called from nvgpu_gpu_ioctl_register_buffer
[   20.507776] CPU: 8 PID: 2095 Comm: gnome-shell Tainted: G           OE     5.10.216-tegra #1
[   20.507777] Hardware name: NVIDIA Jetson AGX Orin Developer Kit/Jetson, BIOS 6.1-39721438 03/04/2025
[   20.507780] Call trace:
[   20.507791]  dump_backtrace+0x0/0x1e0
[   20.507795]  show_stack+0x30/0x40
[   20.507802]  dump_stack+0xf0/0x130
[   20.507893]  nvgpu_gpu_ioctl_register_buffer+0x1c0/0x640 [nvgpu]
[   20.507965]  gk20a_ctrl_dev_ioctl+0x1f28/0x2894 [nvgpu]
[   20.507969]  __arm64_sys_ioctl+0xac/0xf0
[   20.507973]  el0_svc_common.constprop.0+0x80/0x1d0
[   20.507975]  do_el0_svc+0x38/0xc0
[   20.507978]  el0_svc+0x1c/0x30
[   20.507980]  el0_sync_handler+0xa8/0xb0
[   20.507982]  el0_sync+0x16c/0x180
[   20.507984] DMA_STACK_END: End of stack trace for dma_buf_get
[   20.507995] DMA_INSTRUMENT: About to call dma_buf_put from function nvgpu_gpu_ioctl_register_buffer at /mnt/8e8fbd72-3ef4-4af6-854c-33dbfb634ac7/jetson_linux_r35_6_1/Linux_for_Tegra/source/public/kernel/nvgpu/drivers/gpu/nvgpu/os/linux/ioctl_ctrl.c:2290
[   20.507995] DMA_STACK_START: Stack trace for dma_buf_put called from nvgpu_gpu_ioctl_register_buffer
[   20.507997] CPU: 8 PID: 2095 Comm: gnome-shell Tainted: G           OE     5.10.216-tegra #1
[   20.507998] Hardware name: NVIDIA Jetson AGX Orin Developer Kit/Jetson, BIOS 6.1-39721438 03/04/2025
[   20.507999] Call trace:
[   20.508002]  dump_backtrace+0x0/0x1e0
[   20.508003]  show_stack+0x30/0x40
[   20.508006]  dump_stack+0xf0/0x130
[   20.508066]  nvgpu_gpu_ioctl_register_buffer+0x408/0x640 [nvgpu]
[   20.508123]  gk20a_ctrl_dev_ioctl+0x1f28/0x2894 [nvgpu]
[   20.508125]  __arm64_sys_ioctl+0xac/0xf0
[   20.508127]  el0_svc_common.constprop.0+0x80/0x1d0
[   20.508128]  do_el0_svc+0x38/0xc0
[   20.508130]  el0_svc+0x1c/0x30
[   20.508132]  el0_sync_handler+0xa8/0xb0
[   20.508133]  el0_sync+0x16c/0x180
[   20.508134] DMA_STACK_END: End of stack trace for dma_buf_put
[   20.508136] USER_COPY: About to call copy_to_user from function gk20a_ctrl_dev_ioctl at /mnt/8e8fbd72-3ef4-4af6-854c-33dbfb634ac7/jetson_linux_r35_6_1/Linux_for_Tegra/source/public/kernel/nvgpu/drivers/gpu/nvgpu/os/linux/ioctl_ctrl.c:2683
[   20.508138] USER_COPY_CONTEXT: Process PID=2095, COMM=gnome-shell
[   20.508184] IOCTL_HANDLER: Function gk20a_as_dev_ioctl called at /mnt/8e8fbd72-3ef4-4af6-854c-33dbfb634ac7/jetson_linux_r35_6_1/Linux_for_Tegra/source/public/kernel/nvgpu/drivers/gpu/nvgpu/os/linux/ioctl_as.c:489
[   20.508187] USER_COPY: About to call copy_from_user from function gk20a_as_dev_ioctl at /mnt/8e8fbd72-3ef4-4af6-854c-33dbfb634ac7/jetson_linux_r35_6_1/Linux_for_Tegra/source/public/kernel/nvgpu/drivers/gpu/nvgpu/os/linux/ioctl_as.c:506
[   20.508188] USER_COPY_CONTEXT: Process PID=2095, COMM=gnome-shell
[   20.534931] FUNC_ENTRY: Entering function gk20a_tegra_busy at /mnt/8e8fbd72-3ef4-4af6-854c-33dbfb634ac7/jetson_linux_r35_6_1/Linux_for_Tegra/source/public/kernel/nvgpu/drivers/gpu/nvgpu/os/linux/platform_gk20a_tegra.c:694
[   20.535135] FUNC_ENTRY: Entering function nvgpu_iommuable at /mnt/8e8fbd72-3ef4-4af6-854c-33dbfb634ac7/jetson_linux_r35_6_1/Linux_for_Tegra/source/public/kernel/nvgpu/drivers/gpu/nvgpu/os/linux/linux-dma.c:635
[   20.535139] FUNC_ENTRY: Entering function nvgpu_iommuable at /mnt/8e8fbd72-3ef4-4af6-854c-33dbfb634ac7/jetson_linux_r35_6_1/Linux_for_Tegra/source/public/kernel/nvgpu/drivers/gpu/nvgpu/os/linux/linux-dma.c:635
[   20.535142] FUNC_ENTRY: Entering function nvgpu_iommuable at /mnt/8e8fbd72-3ef4-4af6-854c-33dbfb634ac7/jetson_linux_r35_6_1/Linux_for_Tegra/source/public/kernel/nvgpu/drivers/gpu/nvgpu/os/linux/linux-dma.c:635
[   20.535162] FUNC_ENTRY: Entering function nvgpu_iommuable at /mnt/8e8fbd72-3ef4-4af6-854c-33dbfb634ac7/jetson_linux_r35_6_1/Linux_for_Tegra/source/public/kernel/nvgpu/drivers/gpu/nvgpu/os/linux/linux-dma.c:635
[   20.535172] FUNC_ENTRY: Entering function nvgpu_iommuable at /mnt/8e8fbd72-3ef4-4af6-854c-33dbfb634ac7/jetson_linux_r35_6_1/Linux_for_Tegra/source/public/kernel/nvgpu/drivers/gpu/nvgpu/os/linux/linux-dma.c:635
[   20.535917] FUNC_ENTRY: Entering function nvgpu_iommuable at /mnt/8e8fbd72-3ef4-4af6-854c-33dbfb634ac7/jetson_linux_r35_6_1/Linux_for_Tegra/source/public/kernel/nvgpu/drivers/gpu/nvgpu/os/linux/linux-dma.c:635
[   20.555754] FUNC_ENTRY: Entering function nvgpu_iommuable at /mnt/8e8fbd72-3ef4-4af6-854c-33dbfb634ac7/jetson_linux_r35_6_1/Linux_for_Tegra/source/public/kernel/nvgpu/drivers/gpu/nvgpu/os/linux/linux-dma.c:635
[   20.555763] FUNC_ENTRY: Entering function nvgpu_iommuable at /mnt/8e8fbd72-3ef4-4af6-854c-33dbfb634ac7/jetson_linux_r35_6_1/Linux_for_Tegra/source/public/kernel/nvgpu/drivers/gpu/nvgpu/os/linux/linux-dma.c:635
[   20.555766] FUNC_ENTRY: Entering function nvgpu_iommuable at /mnt/8e8fbd72-3ef4-4af6-854c-33dbfb634ac7/jetson_linux_r35_6_1/Linux_for_Tegra/source/public/kernel/nvgpu/drivers/gpu/nvgpu/os/linux/linux-dma.c:635
[   20.604038] FUNC_ENTRY: Entering function nvgpu_iommuable at /mnt/8e8fbd72-3ef4-4af6-854c-33dbfb634ac7/jetson_linux_r35_6_1/Linux_for_Tegra/source/public/kernel/nvgpu/drivers/gpu/nvgpu/os/linux/linux-dma.c:635
[   20.604270] FUNC_ENTRY: Entering function nvgpu_iommuable at /mnt/8e8fbd72-3ef4-4af6-854c-33dbfb634ac7/jetson_linux_r35_6_1/Linux_for_Tegra/source/public/kernel/nvgpu/drivers/gpu/nvgpu/os/linux/linux-dma.c:635
[   20.604375] FUNC_ENTRY: Entering function nvgpu_iommuable at /mnt/8e8fbd72-3ef4-4af6-854c-33dbfb634ac7/jetson_linux_r35_6_1/Linux_for_Tegra/source/public/kernel/nvgpu/drivers/gpu/nvgpu/os/linux/linux-dma.c:635
[   20.604381] FUNC_ENTRY: Entering function nvgpu_iommuable at /mnt/8e8fbd72-3ef4-4af6-854c-33dbfb634ac7/jetson_linux_r35_6_1/Linux_for_Tegra/source/public/kernel/nvgpu/drivers/gpu/nvgpu/os/linux/linux-dma.c:635
[   20.604382] FUNC_ENTRY: Entering function nvgpu_iommuable at /mnt/8e8fbd72-3ef4-4af6-854c-33dbfb634ac7/jetson_linux_r35_6_1/Linux_for_Tegra/source/public/kernel/nvgpu/drivers/gpu/nvgpu/os/linux/linux-dma.c:635
[   20.604384] FUNC_ENTRY: Entering function nvgpu_iommuable at /mnt/8e8fbd72-3ef4-4af6-854c-33dbfb634ac7/jetson_linux_r35_6_1/Linux_for_Tegra/source/public/kernel/nvgpu/drivers/gpu/nvgpu/os/linux/linux-dma.c:635
[   20.604386] FUNC_ENTRY: Entering function nvgpu_iommuable at /mnt/8e8fbd72-3ef4-4af6-854c-33dbfb634ac7/jetson_linux_r35_6_1/Linux_for_Tegra/source/public/kernel/nvgpu/drivers/gpu/nvgpu/os/linux/linux-dma.c:635
[   20.604388] FUNC_ENTRY: Entering function nvgpu_iommuable at /mnt/8e8fbd72-3ef4-4af6-854c-33dbfb634ac7/jetson_linux_r35_6_1/Linux_for_Tegra/source/public/kernel/nvgpu/drivers/gpu/nvgpu/os/linux/linux-dma.c:635
[   20.604389] FUNC_ENTRY: Entering function nvgpu_iommuable at /mnt/8e8fbd72-3ef4-4af6-854c-33dbfb634ac7/jetson_linux_r35_6_1/Linux_for_Tegra/source/public/kernel/nvgpu/drivers/gpu/nvgpu/os/linux/linux-dma.c:635
[   20.604391] FUNC_ENTRY: Entering function nvgpu_iommuable at /mnt/8e8fbd72-3ef4-4af6-854c-33dbfb634ac7/jetson_linux_r35_6_1/Linux_for_Tegra/source/public/kernel/nvgpu/drivers/gpu/nvgpu/os/linux/linux-dma.c:635
[   20.604412] IOCTL_HANDLER: Function gk20a_as_ioctl_map_buffer_ex called at /mnt/8e8fbd72-3ef4-4af6-854c-33dbfb634ac7/jetson_linux_r35_6_1/Linux_for_Tegra/source/public/kernel/nvgpu/drivers/gpu/nvgpu/os/linux/ioctl_as.c:118
[   20.604414] [Debug Sri] Entered gk20a_as_ioctl_map_buffer_ex
[   20.610263] DMA_INSTRUMENT: About to call dma_buf_get from function nvgpu_vm_map_buffer at /mnt/8e8fbd72-3ef4-4af6-854c-33dbfb634ac7/jetson_linux_r35_6_1/Linux_for_Tegra/source/public/kernel/nvgpu/drivers/gpu/nvgpu/os/linux/vm.c:388
[   20.610271] DMA_STACK_START: Stack trace for dma_buf_get called from nvgpu_vm_map_buffer
[   20.610280] CPU: 2 PID: 2095 Comm: gnome-shell Tainted: G           OE     5.10.216-tegra #1
[   20.610287] Hardware name: NVIDIA Jetson AGX Orin Developer Kit/Jetson, BIOS 6.1-39721438 03/04/2025
[   20.610293] Call trace:
[   20.610307]  dump_backtrace+0x0/0x1e0
[   20.610319]  show_stack+0x30/0x40
[   20.610329]  dump_stack+0xf0/0x130
[   20.610412]  nvgpu_vm_map_buffer+0xb8/0x55c [nvgpu]
[   20.610480]  gk20a_as_dev_ioctl+0x5a8/0xab0 [nvgpu]
[   20.610484]  __arm64_sys_ioctl+0xac/0xf0
[   20.610491]  el0_svc_common.constprop.0+0x80/0x1d0
[   20.610493]  do_el0_svc+0x38/0xc0
[   20.610497]  el0_svc+0x1c/0x30
[   20.610499]  el0_sync_handler+0xa8/0xb0
[   20.610500]  el0_sync+0x16c/0x180
[   20.610502] DMA_STACK_END: End of stack trace for dma_buf_get
[   20.610506] DMA_INSTRUMENT: About to call dma_buf_put from function nvgpu_vm_map_buffer at /mnt/8e8fbd72-3ef4-4af6-854c-33dbfb634ac7/jetson_linux_r35_6_1/Linux_for_Tegra/source/public/kernel/nvgpu/drivers/gpu/nvgpu/os/linux/vm.c:403
[   20.610510] DMA_STACK_START: Stack trace for dma_buf_put called from nvgpu_vm_map_buffer
[   20.610517] CPU: 2 PID: 2095 Comm: gnome-shell Tainted: G           OE     5.10.216-tegra #1
[   20.610522] Hardware name: NVIDIA Jetson AGX Orin Developer Kit/Jetson, BIOS 6.1-39721438 03/04/2025
[   20.610526] Call trace:
[   20.610531]  dump_backtrace+0x0/0x1e0
[   20.610537]  show_stack+0x30/0x40
[   20.610544]  dump_stack+0xf0/0x130
[   20.610607]  nvgpu_vm_map_buffer+0x140/0x55c [nvgpu]
[   20.610675]  gk20a_as_dev_ioctl+0x5a8/0xab0 [nvgpu]
[   20.610678]  __arm64_sys_ioctl+0xac/0xf0
[   20.610681]  el0_svc_common.constprop.0+0x80/0x1d0
[   20.610683]  do_el0_svc+0x38/0xc0
[   20.610686]  el0_svc+0x1c/0x30
[   20.610687]  el0_sync_handler+0xa8/0xb0
[   20.610688]  el0_sync+0x16c/0x180
[   20.610690] DMA_STACK_END: End of stack trace for dma_buf_put
[   20.610692] DMA_INSTRUMENT: About to call dma_buf_put from function nvgpu_vm_map_buffer at /mnt/8e8fbd72-3ef4-4af6-854c-33dbfb634ac7/jetson_linux_r35_6_1/Linux_for_Tegra/source/public/kernel/nvgpu/drivers/gpu/nvgpu/os/linux/vm.c:419
[   20.610693] DMA_STACK_START: Stack trace for dma_buf_put called from nvgpu_vm_map_buffer
[   20.610694] CPU: 2 PID: 2095 Comm: gnome-shell Tainted: G           OE     5.10.216-tegra #1
[   20.610695] Hardware name: NVIDIA Jetson AGX Orin Developer Kit/Jetson, BIOS 6.1-39721438 03/04/2025
[   20.610696] Call trace:
[   20.610698]  dump_backtrace+0x0/0x1e0
[   20.610701]  show_stack+0x30/0x40
[   20.610704]  dump_stack+0xf0/0x130
[   20.610763]  nvgpu_vm_map_buffer+0x1a4/0x55c [nvgpu]
[   20.610820]  gk20a_as_dev_ioctl+0x5a8/0xab0 [nvgpu]
[   20.610823]  __arm64_sys_ioctl+0xac/0xf0
[   20.610825]  el0_svc_common.constprop.0+0x80/0x1d0
[   20.610827]  do_el0_svc+0x38/0xc0
[   20.610829]  el0_svc+0x1c/0x30
[   20.610830]  el0_sync_handler+0xa8/0xb0
[   20.610832]  el0_sync+0x16c/0x180
[   20.610833] DMA_STACK_END: End of stack trace for dma_buf_put
[   20.610834] DMA_INSTRUMENT: About to call dma_buf_put from function nvgpu_vm_map_buffer at /mnt/8e8fbd72-3ef4-4af6-854c-33dbfb634ac7/jetson_linux_r35_6_1/Linux_for_Tegra/source/public/kernel/nvgpu/drivers/gpu/nvgpu/os/linux/vm.c:436
[   20.610836] DMA_STACK_START: Stack trace for dma_buf_put called from nvgpu_vm_map_buffer
[   20.610838] CPU: 2 PID: 2095 Comm: gnome-shell Tainted: G           OE     5.10.216-tegra #1
[   20.610839] Hardware name: NVIDIA Jetson AGX Orin Developer Kit/Jetson, BIOS 6.1-39721438 03/04/2025
[   20.610840] Call trace:
[   20.610842]  dump_backtrace+0x0/0x1e0
[   20.610844]  show_stack+0x30/0x40
[   20.610846]  dump_stack+0xf0/0x130
[   20.610902]  nvgpu_vm_map_buffer+0x20c/0x55c [nvgpu]
[   20.610959]  gk20a_as_dev_ioctl+0x5a8/0xab0 [nvgpu]
[   20.610961]  __arm64_sys_ioctl+0xac/0xf0
[   20.610963]  el0_svc_common.constprop.0+0x80/0x1d0
[   20.610965]  do_el0_svc+0x38/0xc0
[   20.610967]  el0_svc+0x1c/0x30
[   20.610968]  el0_sync_handler+0xa8/0xb0
[   20.610969]  el0_sync+0x16c/0x180
[   20.610970] DMA_STACK_END: End of stack trace for dma_buf_put
[   20.610972] DMA_INSTRUMENT: About to call dma_buf_put from function nvgpu_vm_map_buffer at /mnt/8e8fbd72-3ef4-4af6-854c-33dbfb634ac7/jetson_linux_r35_6_1/Linux_for_Tegra/source/public/kernel/nvgpu/drivers/gpu/nvgpu/os/linux/vm.c:450
[   20.610973] DMA_STACK_START: Stack trace for dma_buf_put called from nvgpu_vm_map_buffer
[   20.610975] CPU: 2 PID: 2095 Comm: gnome-shell Tainted: G           OE     5.10.216-tegra #1
[   20.610978] Hardware name: NVIDIA Jetson AGX Orin Developer Kit/Jetson, BIOS 6.1-39721438 03/04/2025
[   20.610979] Call trace:
[   20.610981]  dump_backtrace+0x0/0x1e0
[   20.610982]  show_stack+0x30/0x40
[   20.610984]  dump_stack+0xf0/0x130
[   20.611040]  nvgpu_vm_map_buffer+0x2d8/0x55c [nvgpu]
[   20.611096]  gk20a_as_dev_ioctl+0x5a8/0xab0 [nvgpu]
[   20.611098]  __arm64_sys_ioctl+0xac/0xf0
[   20.611100]  el0_svc_common.constprop.0+0x80/0x1d0
[   20.611102]  do_el0_svc+0x38/0xc0
[   20.611104]  el0_svc+0x1c/0x30
[   20.611106]  el0_sync_handler+0xa8/0xb0
[   20.611107]  el0_sync+0x16c/0x180
[   20.611108] DMA_STACK_END: End of stack trace for dma_buf_put
[   20.611109] DMA_INSTRUMENT: About to call dma_buf_put from function nvgpu_vm_map_buffer at /mnt/8e8fbd72-3ef4-4af6-854c-33dbfb634ac7/jetson_linux_r35_6_1/Linux_for_Tegra/source/public/kernel/nvgpu/drivers/gpu/nvgpu/os/linux/vm.c:460
[   20.611110] DMA_STACK_START: Stack trace for dma_buf_put called from nvgpu_vm_map_buffer
[   20.611111] CPU: 2 PID: 2095 Comm: gnome-shell Tainted: G           OE     5.10.216-tegra #1
[   20.611112] Hardware name: NVIDIA Jetson AGX Orin Developer Kit/Jetson, BIOS 6.1-39721438 03/04/2025
[   20.611113] Call trace:
[   20.611115]  dump_backtrace+0x0/0x1e0
[   20.611117]  show_stack+0x30/0x40
[   20.611120]  dump_stack+0xf0/0x130
[   20.611175]  nvgpu_vm_map_buffer+0x334/0x55c [nvgpu]
[   20.611231]  gk20a_as_dev_ioctl+0x5a8/0xab0 [nvgpu]
[   20.611234]  __arm64_sys_ioctl+0xac/0xf0
[   20.611236]  el0_svc_common.constprop.0+0x80/0x1d0
[   20.611237]  do_el0_svc+0x38/0xc0
[   20.611239]  el0_svc+0x1c/0x30
[   20.611241]  el0_sync_handler+0xa8/0xb0
[   20.611242]  el0_sync+0x16c/0x180
[   20.611243] DMA_STACK_END: End of stack trace for dma_buf_put
[   20.611245] DMA_INSTRUMENT: About to call dma_buf_put from function nvgpu_vm_map_buffer at /mnt/8e8fbd72-3ef4-4af6-854c-33dbfb634ac7/jetson_linux_r35_6_1/Linux_for_Tegra/source/public/kernel/nvgpu/drivers/gpu/nvgpu/os/linux/vm.c:472
[   20.611246] DMA_STACK_START: Stack trace for dma_buf_put called from nvgpu_vm_map_buffer
[   20.611247] CPU: 2 PID: 2095 Comm: gnome-shell Tainted: G           OE     5.10.216-tegra #1
[   20.611248] Hardware name: NVIDIA Jetson AGX Orin Developer Kit/Jetson, BIOS 6.1-39721438 03/04/2025
[   20.611249] Call trace:
[   20.611251]  dump_backtrace+0x0/0x1e0
[   20.611253]  show_stack+0x30/0x40
[   20.611256]  dump_stack+0xf0/0x130
[   20.611311]  nvgpu_vm_map_buffer+0x47c/0x55c [nvgpu]
[   20.611366]  gk20a_as_dev_ioctl+0x5a8/0xab0 [nvgpu]
[   20.611369]  __arm64_sys_ioctl+0xac/0xf0
[   20.611371]  el0_svc_common.constprop.0+0x80/0x1d0
[   20.611373]  do_el0_svc+0x38/0xc0
[   20.611374]  el0_svc+0x1c/0x30
[   20.611376]  el0_sync_handler+0xa8/0xb0
[   20.611377]  el0_sync+0x16c/0x180
[   20.611378] DMA_STACK_END: End of stack trace for dma_buf_put
[   20.611380] DMA_INSTRUMENT: About to call dma_buf_attach from function nvgpu_mm_pin at /mnt/8e8fbd72-3ef4-4af6-854c-33dbfb634ac7/jetson_linux_r35_6_1/Linux_for_Tegra/source/public/kernel/nvgpu/drivers/gpu/nvgpu/os/linux/dmabuf_priv.c:184
[   20.611382] DMA_STACK_START: Stack trace for dma_buf_attach called from nvgpu_mm_pin
[   20.611383] CPU: 2 PID: 2095 Comm: gnome-shell Tainted: G           OE     5.10.216-tegra #1
[   20.611384] Hardware name: NVIDIA Jetson AGX Orin Developer Kit/Jetson, BIOS 6.1-39721438 03/04/2025
[   20.611385] Call trace:
[   20.611387]  dump_backtrace+0x0/0x1e0
[   20.611389]  show_stack+0x30/0x40
[   20.611392]  dump_stack+0xf0/0x130
[   20.611447]  nvgpu_mm_pin+0x7c/0x1a0 [nvgpu]
[   20.611505]  nvgpu_vm_map_linux+0x110/0x290 [nvgpu]
[   20.611561]  nvgpu_vm_map_buffer+0x4d0/0x55c [nvgpu]
[   20.611616]  gk20a_as_dev_ioctl+0x5a8/0xab0 [nvgpu]
[   20.611618]  __arm64_sys_ioctl+0xac/0xf0
[   20.611620]  el0_svc_common.constprop.0+0x80/0x1d0
[   20.611622]  do_el0_svc+0x38/0xc0
[   20.611624]  el0_svc+0x1c/0x30
[   20.611625]  el0_sync_handler+0xa8/0xb0
[   20.611626]  el0_sync+0x16c/0x180
[   20.611627] DMA_STACK_END: End of stack trace for dma_buf_attach
[   20.611631] DMA_INSTRUMENT: About to call dma_buf_map_attachment from function nvgpu_mm_pin at /mnt/8e8fbd72-3ef4-4af6-854c-33dbfb634ac7/jetson_linux_r35_6_1/Linux_for_Tegra/source/public/kernel/nvgpu/drivers/gpu/nvgpu/os/linux/dmabuf_priv.c:195
[   20.611633] DMA_STACK_START: Stack trace for dma_buf_map_attachment called from nvgpu_mm_pin
[   20.611635] CPU: 2 PID: 2095 Comm: gnome-shell Tainted: G           OE     5.10.216-tegra #1
[   20.611636] Hardware name: NVIDIA Jetson AGX Orin Developer Kit/Jetson, BIOS 6.1-39721438 03/04/2025
[   20.611637] Call trace:
[   20.611639]  dump_backtrace+0x0/0x1e0
[   20.611641]  show_stack+0x30/0x40
[   20.611643]  dump_stack+0xf0/0x130
[   20.611698]  nvgpu_mm_pin+0xf4/0x1a0 [nvgpu]
[   20.611755]  nvgpu_vm_map_linux+0x110/0x290 [nvgpu]
[   20.611811]  nvgpu_vm_map_buffer+0x4d0/0x55c [nvgpu]
[   20.611866]  gk20a_as_dev_ioctl+0x5a8/0xab0 [nvgpu]
[   20.611868]  __arm64_sys_ioctl+0xac/0xf0
[   20.611870]  el0_svc_common.constprop.0+0x80/0x1d0
[   20.611872]  do_el0_svc+0x38/0xc0
[   20.611874]  el0_svc+0x1c/0x30
[   20.611875]  el0_sync_handler+0xa8/0xb0
[   20.611877]  el0_sync+0x16c/0x180
[   20.611895] DMA_STACK_END: End of stack trace for dma_buf_map_attachment
[   20.611912] DMA_INSTRUMENT: About to call dma_buf_detach from function nvgpu_mm_pin at /mnt/8e8fbd72-3ef4-4af6-854c-33dbfb634ac7/jetson_linux_r35_6_1/Linux_for_Tegra/source/public/kernel/nvgpu/drivers/gpu/nvgpu/os/linux/dmabuf_priv.c:200
[   20.611916] DMA_STACK_START: Stack trace for dma_buf_detach called from nvgpu_mm_pin
[   20.611921] CPU: 2 PID: 2095 Comm: gnome-shell Tainted: G           OE     5.10.216-tegra #1
[   20.611927] Hardware name: NVIDIA Jetson AGX Orin Developer Kit/Jetson, BIOS 6.1-39721438 03/04/2025
[   20.611933] Call trace:
[   20.611938]  dump_backtrace+0x0/0x1e0
[   20.611944]  show_stack+0x30/0x40
[   20.611952]  dump_stack+0xf0/0x130
[   20.612010]  nvgpu_mm_pin+0x13c/0x1a0 [nvgpu]
[   20.612071]  nvgpu_vm_map_linux+0x110/0x290 [nvgpu]
[   20.612130]  nvgpu_vm_map_buffer+0x4d0/0x55c [nvgpu]
[   20.612188]  gk20a_as_dev_ioctl+0x5a8/0xab0 [nvgpu]
[   20.612196]  __arm64_sys_ioctl+0xac/0xf0
[   20.612202]  el0_svc_common.constprop.0+0x80/0x1d0
[   20.612209]  do_el0_svc+0x38/0xc0
[   20.612216]  el0_svc+0x1c/0x30
[   20.612223]  el0_sync_handler+0xa8/0xb0
[   20.612229]  el0_sync+0x16c/0x180
[   20.612234] DMA_STACK_END: End of stack trace for dma_buf_detach
[   20.612250] FUNC_ENTRY: Entering function nvgpu_iommuable at /mnt/8e8fbd72-3ef4-4af6-854c-33dbfb634ac7/jetson_linux_r35_6_1/Linux_for_Tegra/source/public/kernel/nvgpu/drivers/gpu/nvgpu/os/linux/linux-dma.c:635
[   20.612281] FUNC_ENTRY: Entering function nvgpu_iommuable at /mnt/8e8fbd72-3ef4-4af6-854c-33dbfb634ac7/jetson_linux_r35_6_1/Linux_for_Tegra/source/public/kernel/nvgpu/drivers/gpu/nvgpu/os/linux/linux-dma.c:635
[   20.612286] FUNC_ENTRY: Entering function nvgpu_iommuable at /mnt/8e8fbd72-3ef4-4af6-854c-33dbfb634ac7/jetson_linux_r35_6_1/Linux_for_Tegra/source/public/kernel/nvgpu/drivers/gpu/nvgpu/os/linux/linux-dma.c:635
[   20.612290] FUNC_ENTRY: Entering function nvgpu_iommuable at /mnt/8e8fbd72-3ef4-4af6-854c-33dbfb634ac7/jetson_linux_r35_6_1/Linux_for_Tegra/source/public/kernel/nvgpu/drivers/gpu/nvgpu/os/linux/linux-dma.c:635
[   20.612292] FUNC_ENTRY: Entering function nvgpu_iommuable at /mnt/8e8fbd72-3ef4-4af6-854c-33dbfb634ac7/jetson_linux_r35_6_1/Linux_for_Tegra/source/public/kernel/nvgpu/drivers/gpu/nvgpu/os/linux/linux-dma.c:635
[   20.612295] FUNC_ENTRY: Entering function nvgpu_iommuable at /mnt/8e8fbd72-3ef4-4af6-854c-33dbfb634ac7/jetson_linux_r35_6_1/Linux_for_Tegra/source/public/kernel/nvgpu/drivers/gpu/nvgpu/os/linux/linux-dma.c:635
[   20.612301] FUNC_ENTRY: Entering function nvgpu_iommuable at /mnt/8e8fbd72-3ef4-4af6-854c-33dbfb634ac7/jetson_linux_r35_6_1/Linux_for_Tegra/source/public/kernel/nvgpu/drivers/gpu/nvgpu/os/linux/linux-dma.c:635
[   20.612303] FUNC_ENTRY: Entering function nvgpu_iommuable at /mnt/8e8fbd72-3ef4-4af6-854c-33dbfb634ac7/jetson_linux_r35_6_1/Linux_for_Tegra/source/public/kernel/nvgpu/drivers/gpu/nvgpu/os/linux/linux-dma.c:635
[   20.612304] FUNC_ENTRY: Entering function nvgpu_iommuable at /mnt/8e8fbd72-3ef4-4af6-854c-33dbfb634ac7/jetson_linux_r35_6_1/Linux_for_Tegra/source/public/kernel/nvgpu/drivers/gpu/nvgpu/os/linux/linux-dma.c:635
[   20.612305] FUNC_ENTRY: Entering function nvgpu_iommuable at /mnt/8e8fbd72-3ef4-4af6-854c-33dbfb634ac7/jetson_linux_r35_6_1/Linux_for_Tegra/source/public/kernel/nvgpu/drivers/gpu/nvgpu/os/linux/linux-dma.c:635
[   20.612334] FUNC_ENTRY: Entering function nvgpu_iommuable at /mnt/8e8fbd72-3ef4-4af6-854c-33dbfb634ac7/jetson_linux_r35_6_1/Linux_for_Tegra/source/public/kernel/nvgpu/drivers/gpu/nvgpu/os/linux/linux-dma.c:635
[   20.612344] USER_COPY: About to call copy_to_user from function gk20a_as_dev_ioctl at /mnt/8e8fbd72-3ef4-4af6-854c-33dbfb634ac7/jetson_linux_r35_6_1/Linux_for_Tegra/source/public/kernel/nvgpu/drivers/gpu/nvgpu/os/linux/ioctl_as.c:603
[   20.612345] USER_COPY_CONTEXT: Process PID=2095, COMM=gnome-shell
[   21.235941] FUNC_ENTRY: Entering function nvgpu_iommuable at /mnt/8e8fbd72-3ef4-4af6-854c-33dbfb634ac7/jetson_linux_r35_6_1/Linux_for_Tegra/source/public/kernel/nvgpu/drivers/gpu/nvgpu/os/linux/linux-dma.c:635
[   21.235949] FUNC_ENTRY: Entering function nvgpu_iommuable at /mnt/8e8fbd72-3ef4-4af6-854c-33dbfb634ac7/jetson_linux_r35_6_1/Linux_for_Tegra/source/public/kernel/nvgpu/drivers/gpu/nvgpu/os/linux/linux-dma.c:635
[   21.237393] FUNC_ENTRY: Entering function nvgpu_iommuable at /mnt/8e8fbd72-3ef4-4af6-854c-33dbfb634ac7/jetson_linux_r35_6_1/Linux_for_Tegra/source/public/kernel/nvgpu/drivers/gpu/nvgpu/os/linux/linux-dma.c:635
[   21.237513] FUNC_ENTRY: Entering function gk20a_tegra_idle at /mnt/8e8fbd72-3ef4-4af6-854c-33dbfb634ac7/jetson_linux_r35_6_1/Linux_for_Tegra/source/public/kernel/nvgpu/drivers/gpu/nvgpu/os/linux/platform_gk20a_tegra.c:707
[   21.346270] IOCTL_HANDLER: Function gk20a_channel_ioctl called at /mnt/8e8fbd72-3ef4-4af6-854c-33dbfb634ac7/jetson_linux_r35_6_1/Linux_for_Tegra/source/public/kernel/nvgpu/drivers/gpu/nvgpu/os/linux/ioctl_channel.c:1255
[   21.346279] USER_COPY: About to call copy_from_user from function gk20a_channel_ioctl at /mnt/8e8fbd72-3ef4-4af6-854c-33dbfb634ac7/jetson_linux_r35_6_1/Linux_for_Tegra/source/public/kernel/nvgpu/drivers/gpu/nvgpu/os/linux/ioctl_channel.c:1273
[   21.346280] USER_COPY_CONTEXT: Process PID=1742, COMM=Xorg
[   21.346286] IOCTL_HANDLER: Function gk20a_ioctl_channel_submit_gpfifo called at /mnt/8e8fbd72-3ef4-4af6-854c-33dbfb634ac7/jetson_linux_r35_6_1/Linux_for_Tegra/source/public/kernel/nvgpu/drivers/gpu/nvgpu/os/linux/ioctl_channel.c:929
[   21.373537] FUNC_ENTRY: Entering function gk20a_tegra_busy at /mnt/8e8fbd72-3ef4-4af6-854c-33dbfb634ac7/jetson_linux_r35_6_1/Linux_for_Tegra/source/public/kernel/nvgpu/drivers/gpu/nvgpu/os/linux/platform_gk20a_tegra.c:694
[   21.373738] FUNC_ENTRY: Entering function nvgpu_iommuable at /mnt/8e8fbd72-3ef4-4af6-854c-33dbfb634ac7/jetson_linux_r35_6_1/Linux_for_Tegra/source/public/kernel/nvgpu/drivers/gpu/nvgpu/os/linux/linux-dma.c:635
[   21.373742] FUNC_ENTRY: Entering function nvgpu_iommuable at /mnt/8e8fbd72-3ef4-4af6-854c-33dbfb634ac7/jetson_linux_r35_6_1/Linux_for_Tegra/source/public/kernel/nvgpu/drivers/gpu/nvgpu/os/linux/linux-dma.c:635
[   21.373745] FUNC_ENTRY: Entering function nvgpu_iommuable at /mnt/8e8fbd72-3ef4-4af6-854c-33dbfb634ac7/jetson_linux_r35_6_1/Linux_for_Tegra/source/public/kernel/nvgpu/drivers/gpu/nvgpu/os/linux/linux-dma.c:635
[   21.373765] FUNC_ENTRY: Entering function nvgpu_iommuable at /mnt/8e8fbd72-3ef4-4af6-854c-33dbfb634ac7/jetson_linux_r35_6_1/Linux_for_Tegra/source/public/kernel/nvgpu/drivers/gpu/nvgpu/os/linux/linux-dma.c:635
[   21.373776] FUNC_ENTRY: Entering function nvgpu_iommuable at /mnt/8e8fbd72-3ef4-4af6-854c-33dbfb634ac7/jetson_linux_r35_6_1/Linux_for_Tegra/source/public/kernel/nvgpu/drivers/gpu/nvgpu/os/linux/linux-dma.c:635
[   21.374505] FUNC_ENTRY: Entering function nvgpu_iommuable at /mnt/8e8fbd72-3ef4-4af6-854c-33dbfb634ac7/jetson_linux_r35_6_1/Linux_for_Tegra/source/public/kernel/nvgpu/drivers/gpu/nvgpu/os/linux/linux-dma.c:635
[   21.399721] FUNC_ENTRY: Entering function nvgpu_iommuable at /mnt/8e8fbd72-3ef4-4af6-854c-33dbfb634ac7/jetson_linux_r35_6_1/Linux_for_Tegra/source/public/kernel/nvgpu/drivers/gpu/nvgpu/os/linux/linux-dma.c:635
[   21.399724] FUNC_ENTRY: Entering function nvgpu_iommuable at /mnt/8e8fbd72-3ef4-4af6-854c-33dbfb634ac7/jetson_linux_r35_6_1/Linux_for_Tegra/source/public/kernel/nvgpu/drivers/gpu/nvgpu/os/linux/linux-dma.c:635
[   21.399727] FUNC_ENTRY: Entering function nvgpu_iommuable at /mnt/8e8fbd72-3ef4-4af6-854c-33dbfb634ac7/jetson_linux_r35_6_1/Linux_for_Tegra/source/public/kernel/nvgpu/drivers/gpu/nvgpu/os/linux/linux-dma.c:635
[   21.443968] FUNC_ENTRY: Entering function nvgpu_iommuable at /mnt/8e8fbd72-3ef4-4af6-854c-33dbfb634ac7/jetson_linux_r35_6_1/Linux_for_Tegra/source/public/kernel/nvgpu/drivers/gpu/nvgpu/os/linux/linux-dma.c:635
[   21.444192] FUNC_ENTRY: Entering function nvgpu_iommuable at /mnt/8e8fbd72-3ef4-4af6-854c-33dbfb634ac7/jetson_linux_r35_6_1/Linux_for_Tegra/source/public/kernel/nvgpu/drivers/gpu/nvgpu/os/linux/linux-dma.c:635
[   21.444328] FUNC_ENTRY: Entering function nvgpu_iommuable at /mnt/8e8fbd72-3ef4-4af6-854c-33dbfb634ac7/jetson_linux_r35_6_1/Linux_for_Tegra/source/public/kernel/nvgpu/drivers/gpu/nvgpu/os/linux/linux-dma.c:635
[   21.444334] FUNC_ENTRY: Entering function nvgpu_iommuable at /mnt/8e8fbd72-3ef4-4af6-854c-33dbfb634ac7/jetson_linux_r35_6_1/Linux_for_Tegra/source/public/kernel/nvgpu/drivers/gpu/nvgpu/os/linux/linux-dma.c:635
[   21.444336] FUNC_ENTRY: Entering function nvgpu_iommuable at /mnt/8e8fbd72-3ef4-4af6-854c-33dbfb634ac7/jetson_linux_r35_6_1/Linux_for_Tegra/source/public/kernel/nvgpu/drivers/gpu/nvgpu/os/linux/linux-dma.c:635
[   21.444339] FUNC_ENTRY: Entering function nvgpu_iommuable at /mnt/8e8fbd72-3ef4-4af6-854c-33dbfb634ac7/jetson_linux_r35_6_1/Linux_for_Tegra/source/public/kernel/nvgpu/drivers/gpu/nvgpu/os/linux/linux-dma.c:635
[   21.444341] FUNC_ENTRY: Entering function nvgpu_iommuable at /mnt/8e8fbd72-3ef4-4af6-854c-33dbfb634ac7/jetson_linux_r35_6_1/Linux_for_Tegra/source/public/kernel/nvgpu/drivers/gpu/nvgpu/os/linux/linux-dma.c:635
[   21.444343] FUNC_ENTRY: Entering function nvgpu_iommuable at /mnt/8e8fbd72-3ef4-4af6-854c-33dbfb634ac7/jetson_linux_r35_6_1/Linux_for_Tegra/source/public/kernel/nvgpu/drivers/gpu/nvgpu/os/linux/linux-dma.c:635
[   21.444345] FUNC_ENTRY: Entering function nvgpu_iommuable at /mnt/8e8fbd72-3ef4-4af6-854c-33dbfb634ac7/jetson_linux_r35_6_1/Linux_for_Tegra/source/public/kernel/nvgpu/drivers/gpu/nvgpu/os/linux/linux-dma.c:635
[   21.444347] FUNC_ENTRY: Entering function nvgpu_iommuable at /mnt/8e8fbd72-3ef4-4af6-854c-33dbfb634ac7/jetson_linux_r35_6_1/Linux_for_Tegra/source/public/kernel/nvgpu/drivers/gpu/nvgpu/os/linux/linux-dma.c:635
[   21.444374] USER_COPY: About to call copy_from_user from function nvgpu_channel_copy_user_gpfifo at /mnt/8e8fbd72-3ef4-4af6-854c-33dbfb634ac7/jetson_linux_r35_6_1/Linux_for_Tegra/source/public/kernel/nvgpu/drivers/gpu/nvgpu/os/linux/linux-channel.c:436
[   21.444376] USER_COPY_CONTEXT: Process PID=1742, COMM=Xorg
[   21.444394] USER_COPY: About to call copy_to_user from function gk20a_channel_ioctl at /mnt/8e8fbd72-3ef4-4af6-854c-33dbfb634ac7/jetson_linux_r35_6_1/Linux_for_Tegra/source/public/kernel/nvgpu/drivers/gpu/nvgpu/os/linux/ioctl_channel.c:1661
[   21.444395] USER_COPY_CONTEXT: Process PID=1742, COMM=Xorg
[   21.444570] FUNC_ENTRY: Entering function nvgpu_iommuable at /mnt/8e8fbd72-3ef4-4af6-854c-33dbfb634ac7/jetson_linux_r35_6_1/Linux_for_Tegra/source/public/kernel/nvgpu/drivers/gpu/nvgpu/os/linux/linux-dma.c:635
[   21.444573] FUNC_ENTRY: Entering function nvgpu_iommuable at /mnt/8e8fbd72-3ef4-4af6-854c-33dbfb634ac7/jetson_linux_r35_6_1/Linux_for_Tegra/source/public/kernel/nvgpu/drivers/gpu/nvgpu/os/linux/linux-dma.c:635
[   21.444575] FUNC_ENTRY: Entering function nvgpu_iommuable at /mnt/8e8fbd72-3ef4-4af6-854c-33dbfb634ac7/jetson_linux_r35_6_1/Linux_for_Tegra/source/public/kernel/nvgpu/drivers/gpu/nvgpu/os/linux/linux-dma.c:635
[   21.444579] IOCTL_HANDLER: Function nvgpu_event_id_to_ioctl_channel_event_id called at /mnt/8e8fbd72-3ef4-4af6-854c-33dbfb634ac7/jetson_linux_r35_6_1/Linux_for_Tegra/source/public/kernel/nvgpu/drivers/gpu/nvgpu/os/linux/ioctl_tsg.c:263
[   21.444757] IOCTL_HANDLER: Function gk20a_as_dev_ioctl called at /mnt/8e8fbd72-3ef4-4af6-854c-33dbfb634ac7/jetson_linux_r35_6_1/Linux_for_Tegra/source/public/kernel/nvgpu/drivers/gpu/nvgpu/os/linux/ioctl_as.c:489
[   21.444760] USER_COPY: About to call copy_from_user from function gk20a_as_dev_ioctl at /mnt/8e8fbd72-3ef4-4af6-854c-33dbfb634ac7/jetson_linux_r35_6_1/Linux_for_Tegra/source/public/kernel/nvgpu/drivers/gpu/nvgpu/os/linux/ioctl_as.c:506
[   21.444762] USER_COPY_CONTEXT: Process PID=2095, COMM=gnome-shell
[   21.444765] IOCTL_HANDLER: Function gk20a_as_ioctl_map_buffer_batch called at /mnt/8e8fbd72-3ef4-4af6-854c-33dbfb634ac7/jetson_linux_r35_6_1/Linux_for_Tegra/source/public/kernel/nvgpu/drivers/gpu/nvgpu/os/linux/ioctl_as.c:159
[   21.444767] USER_COPY: About to call copy_from_user from function gk20a_as_ioctl_map_buffer_batch at /mnt/8e8fbd72-3ef4-4af6-854c-33dbfb634ac7/jetson_linux_r35_6_1/Linux_for_Tegra/source/public/kernel/nvgpu/drivers/gpu/nvgpu/os/linux/ioctl_as.c:184
[   21.444768] USER_COPY_CONTEXT: Process PID=2095, COMM=gnome-shell
[   21.444776] FUNC_ENTRY: Entering function nvgpu_iommuable at /mnt/8e8fbd72-3ef4-4af6-854c-33dbfb634ac7/jetson_linux_r35_6_1/Linux_for_Tegra/source/public/kernel/nvgpu/drivers/gpu/nvgpu/os/linux/linux-dma.c:635
[   21.444779] FUNC_ENTRY: Entering function nvgpu_iommuable at /mnt/8e8fbd72-3ef4-4af6-854c-33dbfb634ac7/jetson_linux_r35_6_1/Linux_for_Tegra/source/public/kernel/nvgpu/drivers/gpu/nvgpu/os/linux/linux-dma.c:635
[   21.444782] FUNC_ENTRY: Entering function nvgpu_iommuable at /mnt/8e8fbd72-3ef4-4af6-854c-33dbfb634ac7/jetson_linux_r35_6_1/Linux_for_Tegra/source/public/kernel/nvgpu/drivers/gpu/nvgpu/os/linux/linux-dma.c:635
[   21.444784] FUNC_ENTRY: Entering function nvgpu_iommuable at /mnt/8e8fbd72-3ef4-4af6-854c-33dbfb634ac7/jetson_linux_r35_6_1/Linux_for_Tegra/source/public/kernel/nvgpu/drivers/gpu/nvgpu/os/linux/linux-dma.c:635
[   21.444812] FUNC_ENTRY: Entering function nvgpu_iommuable at /mnt/8e8fbd72-3ef4-4af6-854c-33dbfb634ac7/jetson_linux_r35_6_1/Linux_for_Tegra/source/public/kernel/nvgpu/drivers/gpu/nvgpu/os/linux/linux-dma.c:635
[   21.444822] DMA_INSTRUMENT: About to call dma_buf_unmap_attachment from function nvgpu_mm_unpin at /mnt/8e8fbd72-3ef4-4af6-854c-33dbfb634ac7/jetson_linux_r35_6_1/Linux_for_Tegra/source/public/kernel/nvgpu/drivers/gpu/nvgpu/os/linux/dmabuf_priv.c:221
[   21.444823] DMA_STACK_START: Stack trace for dma_buf_unmap_attachment called from nvgpu_mm_unpin
[   21.444827] CPU: 3 PID: 2095 Comm: gnome-shell Tainted: G           OE     5.10.216-tegra #1
[   21.444828] Hardware name: NVIDIA Jetson AGX Orin Developer Kit/Jetson, BIOS 6.1-39721438 03/04/2025
[   21.444830] Call trace:
[   21.444839]  dump_backtrace+0x0/0x1e0
[   21.444842]  show_stack+0x30/0x40
[   21.444849]  dump_stack+0xf0/0x130
[   21.444930]  nvgpu_mm_unpin+0x6c/0xe0 [nvgpu]
[   21.444995]  nvgpu_vm_unmap_system+0x48/0x98 [nvgpu]
[   21.445059]  nvgpu_vm_do_unmap+0x9c/0xc8 [nvgpu]
[   21.445119]  nvgpu_vm_unmap_ref_internal+0x2c/0x38 [nvgpu]
[   21.445178]  nvgpu_vm_unmap+0xa0/0x1c0 [nvgpu]
[   21.445235]  gk20a_as_ioctl_map_buffer_batch.isra.0+0x13c/0x27c [nvgpu]
[   21.445292]  gk20a_as_dev_ioctl+0x8a8/0xab0 [nvgpu]
[   21.445297]  __arm64_sys_ioctl+0xac/0xf0
[   21.445301]  el0_svc_common.constprop.0+0x80/0x1d0
[   21.445303]  do_el0_svc+0x38/0xc0
[   21.445307]  el0_svc+0x1c/0x30
[   21.445309]  el0_sync_handler+0xa8/0xb0
[   21.445311]  el0_sync+0x16c/0x180
[   21.445312] DMA_STACK_END: End of stack trace for dma_buf_unmap_attachment
[   21.445315] DMA_INSTRUMENT: About to call dma_buf_detach from function nvgpu_mm_unpin at /mnt/8e8fbd72-3ef4-4af6-854c-33dbfb634ac7/jetson_linux_r35_6_1/Linux_for_Tegra/source/public/kernel/nvgpu/drivers/gpu/nvgpu/os/linux/dmabuf_priv.c:226
[   21.445316] DMA_STACK_START: Stack trace for dma_buf_detach called from nvgpu_mm_unpin
[   21.445318] CPU: 3 PID: 2095 Comm: gnome-shell Tainted: G           OE     5.10.216-tegra #1
[   21.445319] Hardware name: NVIDIA Jetson AGX Orin Developer Kit/Jetson, BIOS 6.1-39721438 03/04/2025
[   21.445320] Call trace:
[   21.445323]  dump_backtrace+0x0/0x1e0
[   21.445325]  show_stack+0x30/0x40
[   21.445328]  dump_stack+0xf0/0x130
[   21.445384]  nvgpu_mm_unpin+0xb4/0xe0 [nvgpu]
[   21.445441]  nvgpu_vm_unmap_system+0x48/0x98 [nvgpu]
[   21.445499]  nvgpu_vm_do_unmap+0x9c/0xc8 [nvgpu]
[   21.445555]  nvgpu_vm_unmap_ref_internal+0x2c/0x38 [nvgpu]
[   21.445611]  nvgpu_vm_unmap+0xa0/0x1c0 [nvgpu]
[   21.445668]  gk20a_as_ioctl_map_buffer_batch.isra.0+0x13c/0x27c [nvgpu]
[   21.445723]  gk20a_as_dev_ioctl+0x8a8/0xab0 [nvgpu]
[   21.445724]  __arm64_sys_ioctl+0xac/0xf0
[   21.445727]  el0_svc_common.constprop.0+0x80/0x1d0
[   21.445728]  do_el0_svc+0x38/0xc0
[   21.445730]  el0_svc+0x1c/0x30
[   21.445732]  el0_sync_handler+0xa8/0xb0
[   21.445733]  el0_sync+0x16c/0x180
[   21.445734] DMA_STACK_END: End of stack trace for dma_buf_detach
[   21.445736] DMA_INSTRUMENT: About to call dma_buf_put from function nvgpu_vm_unmap_system at /mnt/8e8fbd72-3ef4-4af6-854c-33dbfb634ac7/jetson_linux_r35_6_1/Linux_for_Tegra/source/public/kernel/nvgpu/drivers/gpu/nvgpu/os/linux/vm.c:644
[   21.445737] DMA_STACK_START: Stack trace for dma_buf_put called from nvgpu_vm_unmap_system
[   21.445739] CPU: 3 PID: 2095 Comm: gnome-shell Tainted: G           OE     5.10.216-tegra #1
[   21.445740] Hardware name: NVIDIA Jetson AGX Orin Developer Kit/Jetson, BIOS 6.1-39721438 03/04/2025
[   21.445741] Call trace:
[   21.445743]  dump_backtrace+0x0/0x1e0
[   21.445745]  show_stack+0x30/0x40
[   21.445747]  dump_stack+0xf0/0x130
[   21.445803]  nvgpu_vm_unmap_system+0x78/0x98 [nvgpu]
[   21.445860]  nvgpu_vm_do_unmap+0x9c/0xc8 [nvgpu]
[   21.445916]  nvgpu_vm_unmap_ref_internal+0x2c/0x38 [nvgpu]
[   21.445972]  nvgpu_vm_unmap+0xa0/0x1c0 [nvgpu]
[   21.446027]  gk20a_as_ioctl_map_buffer_batch.isra.0+0x13c/0x27c [nvgpu]
[   21.446082]  gk20a_as_dev_ioctl+0x8a8/0xab0 [nvgpu]
[   21.446083]  __arm64_sys_ioctl+0xac/0xf0
[   21.446086]  el0_svc_common.constprop.0+0x80/0x1d0
[   21.446087]  do_el0_svc+0x38/0xc0
[   21.446089]  el0_svc+0x1c/0x30
[   21.446091]  el0_sync_handler+0xa8/0xb0
[   21.446092]  el0_sync+0x16c/0x180
[   21.446093] DMA_STACK_END: End of stack trace for dma_buf_put
[   21.446099] FUNC_ENTRY: Entering function nvgpu_iommuable at /mnt/8e8fbd72-3ef4-4af6-854c-33dbfb634ac7/jetson_linux_r35_6_1/Linux_for_Tegra/source/public/kernel/nvgpu/drivers/gpu/nvgpu/os/linux/linux-dma.c:635
[   21.446108] USER_COPY: About to call copy_to_user from function gk20a_as_dev_ioctl at /mnt/8e8fbd72-3ef4-4af6-854c-33dbfb634ac7/jetson_linux_r35_6_1/Linux_for_Tegra/source/public/kernel/nvgpu/drivers/gpu/nvgpu/os/linux/ioctl_as.c:603
[   21.446109] USER_COPY_CONTEXT: Process PID=2095, COMM=gnome-shell
[   21.446114] IOCTL_HANDLER: Function gk20a_as_dev_ioctl called at /mnt/8e8fbd72-3ef4-4af6-854c-33dbfb634ac7/jetson_linux_r35_6_1/Linux_for_Tegra/source/public/kernel/nvgpu/drivers/gpu/nvgpu/os/linux/ioctl_as.c:489
[   21.446116] USER_COPY: About to call copy_from_user from function gk20a_as_dev_ioctl at /mnt/8e8fbd72-3ef4-4af6-854c-33dbfb634ac7/jetson_linux_r35_6_1/Linux_for_Tegra/source/public/kernel/nvgpu/drivers/gpu/nvgpu/os/linux/ioctl_as.c:506
[   21.446117] USER_COPY_CONTEXT: Process PID=2095, COMM=gnome-shell
[   21.446119] IOCTL_HANDLER: Function gk20a_as_ioctl_free_space called at /mnt/8e8fbd72-3ef4-4af6-854c-33dbfb634ac7/jetson_linux_r35_6_1/Linux_for_Tegra/source/public/kernel/nvgpu/drivers/gpu/nvgpu/os/linux/ioctl_as.c:107
[   21.446126] USER_COPY: About to call copy_to_user from function gk20a_as_dev_ioctl at /mnt/8e8fbd72-3ef4-4af6-854c-33dbfb634ac7/jetson_linux_r35_6_1/Linux_for_Tegra/source/public/kernel/nvgpu/drivers/gpu/nvgpu/os/linux/ioctl_as.c:603
[   21.446127] USER_COPY_CONTEXT: Process PID=2095, COMM=gnome-shell
[   21.446173] IOCTL_HANDLER: Function gk20a_as_dev_ioctl called at /mnt/8e8fbd72-3ef4-4af6-854c-33dbfb634ac7/jetson_linux_r35_6_1/Linux_for_Tegra/source/public/kernel/nvgpu/drivers/gpu/nvgpu/os/linux/ioctl_as.c:489
[   21.446176] USER_COPY: About to call copy_from_user from function gk20a_as_dev_ioctl at /mnt/8e8fbd72-3ef4-4af6-854c-33dbfb634ac7/jetson_linux_r35_6_1/Linux_for_Tegra/source/public/kernel/nvgpu/drivers/gpu/nvgpu/os/linux/ioctl_as.c:506
[   21.446177] USER_COPY_CONTEXT: Process PID=2095, COMM=gnome-shell
[   21.446179] IOCTL_HANDLER: Function gk20a_as_ioctl_map_buffer_batch called at /mnt/8e8fbd72-3ef4-4af6-854c-33dbfb634ac7/jetson_linux_r35_6_1/Linux_for_Tegra/source/public/kernel/nvgpu/drivers/gpu/nvgpu/os/linux/ioctl_as.c:159
[   21.446181] USER_COPY: About to call copy_from_user from function gk20a_as_ioctl_map_buffer_batch at /mnt/8e8fbd72-3ef4-4af6-854c-33dbfb634ac7/jetson_linux_r35_6_1/Linux_for_Tegra/source/public/kernel/nvgpu/drivers/gpu/nvgpu/os/linux/ioctl_as.c:184
[   21.446181] USER_COPY_CONTEXT: Process PID=2095, COMM=gnome-shell
[   21.446186] FUNC_ENTRY: Entering function nvgpu_iommuable at /mnt/8e8fbd72-3ef4-4af6-854c-33dbfb634ac7/jetson_linux_r35_6_1/Linux_for_Tegra/source/public/kernel/nvgpu/drivers/gpu/nvgpu/os/linux/linux-dma.c:635
[   21.446188] FUNC_ENTRY: Entering function nvgpu_iommuable at /mnt/8e8fbd72-3ef4-4af6-854c-33dbfb634ac7/jetson_linux_r35_6_1/Linux_for_Tegra/source/public/kernel/nvgpu/drivers/gpu/nvgpu/os/linux/linux-dma.c:635
[   21.446190] FUNC_ENTRY: Entering function nvgpu_iommuable at /mnt/8e8fbd72-3ef4-4af6-854c-33dbfb634ac7/jetson_linux_r35_6_1/Linux_for_Tegra/source/public/kernel/nvgpu/drivers/gpu/nvgpu/os/linux/linux-dma.c:635
[   21.446192] FUNC_ENTRY: Entering function nvgpu_iommuable at /mnt/8e8fbd72-3ef4-4af6-854c-33dbfb634ac7/jetson_linux_r35_6_1/Linux_for_Tegra/source/public/kernel/nvgpu/drivers/gpu/nvgpu/os/linux/linux-dma.c:635
[   21.446217] FUNC_ENTRY: Entering function nvgpu_iommuable at /mnt/8e8fbd72-3ef4-4af6-854c-33dbfb634ac7/jetson_linux_r35_6_1/Linux_for_Tegra/source/public/kernel/nvgpu/drivers/gpu/nvgpu/os/linux/linux-dma.c:635
[   21.446226] DMA_INSTRUMENT: About to call dma_buf_unmap_attachment from function nvgpu_mm_unpin at /mnt/8e8fbd72-3ef4-4af6-854c-33dbfb634ac7/jetson_linux_r35_6_1/Linux_for_Tegra/source/public/kernel/nvgpu/drivers/gpu/nvgpu/os/linux/dmabuf_priv.c:221
[   21.446227] DMA_STACK_START: Stack trace for dma_buf_unmap_attachment called from nvgpu_mm_unpin
[   21.446229] CPU: 3 PID: 2095 Comm: gnome-shell Tainted: G           OE     5.10.216-tegra #1
[   21.446230] Hardware name: NVIDIA Jetson AGX Orin Developer Kit/Jetson, BIOS 6.1-39721438 03/04/2025
[   21.446232] Call trace:
[   21.446235]  dump_backtrace+0x0/0x1e0
[   21.446237]  show_stack+0x30/0x40
[   21.446239]  dump_stack+0xf0/0x130
[   21.446297]  nvgpu_mm_unpin+0x6c/0xe0 [nvgpu]
[   21.446352]  nvgpu_vm_unmap_system+0x48/0x98 [nvgpu]
[   21.446408]  nvgpu_vm_do_unmap+0x9c/0xc8 [nvgpu]
[   21.446463]  nvgpu_vm_unmap_ref_internal+0x2c/0x38 [nvgpu]
[   21.446518]  nvgpu_vm_unmap+0xa0/0x1c0 [nvgpu]
[   21.446573]  gk20a_as_ioctl_map_buffer_batch.isra.0+0x13c/0x27c [nvgpu]
[   21.446628]  gk20a_as_dev_ioctl+0x8a8/0xab0 [nvgpu]
[   21.446629]  __arm64_sys_ioctl+0xac/0xf0
[   21.446631]  el0_svc_common.constprop.0+0x80/0x1d0
[   21.446633]  do_el0_svc+0x38/0xc0
[   21.446635]  el0_svc+0x1c/0x30
[   21.446636]  el0_sync_handler+0xa8/0xb0
[   21.446638]  el0_sync+0x16c/0x180
[   21.446639] DMA_STACK_END: End of stack trace for dma_buf_unmap_attachment
[   21.446641] DMA_INSTRUMENT: About to call dma_buf_detach from function nvgpu_mm_unpin at /mnt/8e8fbd72-3ef4-4af6-854c-33dbfb634ac7/jetson_linux_r35_6_1/Linux_for_Tegra/source/public/kernel/nvgpu/drivers/gpu/nvgpu/os/linux/dmabuf_priv.c:226
[   21.446642] DMA_STACK_START: Stack trace for dma_buf_detach called from nvgpu_mm_unpin
[   21.446643] CPU: 3 PID: 2095 Comm: gnome-shell Tainted: G           OE     5.10.216-tegra #1
[   21.446644] Hardware name: NVIDIA Jetson AGX Orin Developer Kit/Jetson, BIOS 6.1-39721438 03/04/2025
[   21.446645] Call trace:
[   21.446646]  dump_backtrace+0x0/0x1e0
[   21.446648]  show_stack+0x30/0x40
[   21.446650]  dump_stack+0xf0/0x130
[   21.446705]  nvgpu_mm_unpin+0xb4/0xe0 [nvgpu]
[   21.446760]  nvgpu_vm_unmap_system+0x48/0x98 [nvgpu]
[   21.446815]  nvgpu_vm_do_unmap+0x9c/0xc8 [nvgpu]
[   21.446870]  nvgpu_vm_unmap_ref_internal+0x2c/0x38 [nvgpu]
[   21.446924]  nvgpu_vm_unmap+0xa0/0x1c0 [nvgpu]
[   21.446979]  gk20a_as_ioctl_map_buffer_batch.isra.0+0x13c/0x27c [nvgpu]
[   21.447033]  gk20a_as_dev_ioctl+0x8a8/0xab0 [nvgpu]
[   21.447034]  __arm64_sys_ioctl+0xac/0xf0
[   21.447036]  el0_svc_common.constprop.0+0x80/0x1d0
[   21.447038]  do_el0_svc+0x38/0xc0
[   21.447040]  el0_svc+0x1c/0x30
[   21.447041]  el0_sync_handler+0xa8/0xb0
[   21.447042]  el0_sync+0x16c/0x180
[   21.447043] DMA_STACK_END: End of stack trace for dma_buf_detach
[   21.447046] DMA_INSTRUMENT: About to call dma_buf_put from function nvgpu_vm_unmap_system at /mnt/8e8fbd72-3ef4-4af6-854c-33dbfb634ac7/jetson_linux_r35_6_1/Linux_for_Tegra/source/public/kernel/nvgpu/drivers/gpu/nvgpu/os/linux/vm.c:644
[   21.447046] DMA_STACK_START: Stack trace for dma_buf_put called from nvgpu_vm_unmap_system
[   21.447048] CPU: 3 PID: 2095 Comm: gnome-shell Tainted: G           OE     5.10.216-tegra #1
[   21.447049] Hardware name: NVIDIA Jetson AGX Orin Developer Kit/Jetson, BIOS 6.1-39721438 03/04/2025
[   21.447050] Call trace:
[   21.447051]  dump_backtrace+0x0/0x1e0
[   21.447053]  show_stack+0x30/0x40
[   21.447055]  dump_stack+0xf0/0x130
[   21.447109]  nvgpu_vm_unmap_system+0x78/0x98 [nvgpu]
[   21.447164]  nvgpu_vm_do_unmap+0x9c/0xc8 [nvgpu]
[   21.447219]  nvgpu_vm_unmap_ref_internal+0x2c/0x38 [nvgpu]
[   21.447273]  nvgpu_vm_unmap+0xa0/0x1c0 [nvgpu]
[   21.447328]  gk20a_as_ioctl_map_buffer_batch.isra.0+0x13c/0x27c [nvgpu]
[   21.447382]  gk20a_as_dev_ioctl+0x8a8/0xab0 [nvgpu]
[   21.447383]  __arm64_sys_ioctl+0xac/0xf0
[   21.447385]  el0_svc_common.constprop.0+0x80/0x1d0
[   21.447387]  do_el0_svc+0x38/0xc0
[   21.447388]  el0_svc+0x1c/0x30
[   21.447390]  el0_sync_handler+0xa8/0xb0
[   21.447391]  el0_sync+0x16c/0x180
[   21.447392] DMA_STACK_END: End of stack trace for dma_buf_put
[   21.447395] FUNC_ENTRY: Entering function nvgpu_iommuable at /mnt/8e8fbd72-3ef4-4af6-854c-33dbfb634ac7/jetson_linux_r35_6_1/Linux_for_Tegra/source/public/kernel/nvgpu/drivers/gpu/nvgpu/os/linux/linux-dma.c:635
[   21.447401] USER_COPY: About to call copy_to_user from function gk20a_as_dev_ioctl at /mnt/8e8fbd72-3ef4-4af6-854c-33dbfb634ac7/jetson_linux_r35_6_1/Linux_for_Tegra/source/public/kernel/nvgpu/drivers/gpu/nvgpu/os/linux/ioctl_as.c:603
[   21.447402] USER_COPY_CONTEXT: Process PID=2095, COMM=gnome-shell
[   21.447405] IOCTL_HANDLER: Function gk20a_as_dev_ioctl called at /mnt/8e8fbd72-3ef4-4af6-854c-33dbfb634ac7/jetson_linux_r35_6_1/Linux_for_Tegra/source/public/kernel/nvgpu/drivers/gpu/nvgpu/os/linux/ioctl_as.c:489
[   21.447406] USER_COPY: About to call copy_from_user from function gk20a_as_dev_ioctl at /mnt/8e8fbd72-3ef4-4af6-854c-33dbfb634ac7/jetson_linux_r35_6_1/Linux_for_Tegra/source/public/kernel/nvgpu/drivers/gpu/nvgpu/os/linux/ioctl_as.c:506
[   21.447407] USER_COPY_CONTEXT: Process PID=2095, COMM=gnome-shell
[   21.447409] IOCTL_HANDLER: Function gk20a_as_ioctl_free_space called at /mnt/8e8fbd72-3ef4-4af6-854c-33dbfb634ac7/jetson_linux_r35_6_1/Linux_for_Tegra/source/public/kernel/nvgpu/drivers/gpu/nvgpu/os/linux/ioctl_as.c:107
[   21.447413] USER_COPY: About to call copy_to_user from function gk20a_as_dev_ioctl at /mnt/8e8fbd72-3ef4-4af6-854c-33dbfb634ac7/jetson_linux_r35_6_1/Linux_for_Tegra/source/public/kernel/nvgpu/drivers/gpu/nvgpu/os/linux/ioctl_as.c:603
[   21.447414] USER_COPY_CONTEXT: Process PID=2095, COMM=gnome-shell
[   21.447421] IOCTL_HANDLER: Function gk20a_as_dev_ioctl called at /mnt/8e8fbd72-3ef4-4af6-854c-33dbfb634ac7/jetson_linux_r35_6_1/Linux_for_Tegra/source/public/kernel/nvgpu/drivers/gpu/nvgpu/os/linux/ioctl_as.c:489
[   21.447423] USER_COPY: About to call copy_from_user from function gk20a_as_dev_ioctl at /mnt/8e8fbd72-3ef4-4af6-854c-33dbfb634ac7/jetson_linux_r35_6_1/Linux_for_Tegra/source/public/kernel/nvgpu/drivers/gpu/nvgpu/os/linux/ioctl_as.c:506
[   21.447423] USER_COPY_CONTEXT: Process PID=2095, COMM=gnome-shell
[   21.447425] IOCTL_HANDLER: Function gk20a_as_ioctl_map_buffer_batch called at /mnt/8e8fbd72-3ef4-4af6-854c-33dbfb634ac7/jetson_linux_r35_6_1/Linux_for_Tegra/source/public/kernel/nvgpu/drivers/gpu/nvgpu/os/linux/ioctl_as.c:159
[   21.447426] USER_COPY: About to call copy_from_user from function gk20a_as_ioctl_map_buffer_batch at /mnt/8e8fbd72-3ef4-4af6-854c-33dbfb634ac7/jetson_linux_r35_6_1/Linux_for_Tegra/source/public/kernel/nvgpu/drivers/gpu/nvgpu/os/linux/ioctl_as.c:184
[   21.447427] USER_COPY_CONTEXT: Process PID=2095, COMM=gnome-shell
[   21.447430] FUNC_ENTRY: Entering function nvgpu_iommuable at /mnt/8e8fbd72-3ef4-4af6-854c-33dbfb634ac7/jetson_linux_r35_6_1/Linux_for_Tegra/source/public/kernel/nvgpu/drivers/gpu/nvgpu/os/linux/linux-dma.c:635
[   21.447431] FUNC_ENTRY: Entering function nvgpu_iommuable at /mnt/8e8fbd72-3ef4-4af6-854c-33dbfb634ac7/jetson_linux_r35_6_1/Linux_for_Tegra/source/public/kernel/nvgpu/drivers/gpu/nvgpu/os/linux/linux-dma.c:635
[   21.447432] FUNC_ENTRY: Entering function nvgpu_iommuable at /mnt/8e8fbd72-3ef4-4af6-854c-33dbfb634ac7/jetson_linux_r35_6_1/Linux_for_Tegra/source/public/kernel/nvgpu/drivers/gpu/nvgpu/os/linux/linux-dma.c:635
[   21.447434] FUNC_ENTRY: Entering function nvgpu_iommuable at /mnt/8e8fbd72-3ef4-4af6-854c-33dbfb634ac7/jetson_linux_r35_6_1/Linux_for_Tegra/source/public/kernel/nvgpu/drivers/gpu/nvgpu/os/linux/linux-dma.c:635
[   21.447454] FUNC_ENTRY: Entering function nvgpu_iommuable at /mnt/8e8fbd72-3ef4-4af6-854c-33dbfb634ac7/jetson_linux_r35_6_1/Linux_for_Tegra/source/public/kernel/nvgpu/drivers/gpu/nvgpu/os/linux/linux-dma.c:635
[   21.447463] DMA_INSTRUMENT: About to call dma_buf_unmap_attachment from function nvgpu_mm_unpin at /mnt/8e8fbd72-3ef4-4af6-854c-33dbfb634ac7/jetson_linux_r35_6_1/Linux_for_Tegra/source/public/kernel/nvgpu/drivers/gpu/nvgpu/os/linux/dmabuf_priv.c:221
[   21.447464] DMA_STACK_START: Stack trace for dma_buf_unmap_attachment called from nvgpu_mm_unpin
[   21.447465] CPU: 3 PID: 2095 Comm: gnome-shell Tainted: G           OE     5.10.216-tegra #1
[   21.447466] Hardware name: NVIDIA Jetson AGX Orin Developer Kit/Jetson, BIOS 6.1-39721438 03/04/2025
[   21.447467] Call trace:
[   21.447469]  dump_backtrace+0x0/0x1e0
[   21.447471]  show_stack+0x30/0x40
[   21.447473]  dump_stack+0xf0/0x130
[   21.447527]  nvgpu_mm_unpin+0x6c/0xe0 [nvgpu]
[   21.447582]  nvgpu_vm_unmap_system+0x48/0x98 [nvgpu]
[   21.447637]  nvgpu_vm_do_unmap+0x9c/0xc8 [nvgpu]
[   21.447692]  nvgpu_vm_unmap_ref_internal+0x2c/0x38 [nvgpu]
[   21.447749]  nvgpu_vm_unmap+0xa0/0x1c0 [nvgpu]
[   21.447809]  gk20a_as_ioctl_map_buffer_batch.isra.0+0x13c/0x27c [nvgpu]
[   21.447869]  gk20a_as_dev_ioctl+0x8a8/0xab0 [nvgpu]
[   21.447873]  __arm64_sys_ioctl+0xac/0xf0
[   21.447876]  el0_svc_common.constprop.0+0x80/0x1d0
[   21.447879]  do_el0_svc+0x38/0xc0
[   21.447882]  el0_svc+0x1c/0x30
[   21.447885]  el0_sync_handler+0xa8/0xb0
[   21.447888]  el0_sync+0x16c/0x180
[   21.447902] DMA_STACK_END: End of stack trace for dma_buf_unmap_attachment
[   21.447905] DMA_INSTRUMENT: About to call dma_buf_detach from function nvgpu_mm_unpin at /mnt/8e8fbd72-3ef4-4af6-854c-33dbfb634ac7/jetson_linux_r35_6_1/Linux_for_Tegra/source/public/kernel/nvgpu/drivers/gpu/nvgpu/os/linux/dmabuf_priv.c:226
[   21.447908] DMA_STACK_START: Stack trace for dma_buf_detach called from nvgpu_mm_unpin
[   21.447911] CPU: 3 PID: 2095 Comm: gnome-shell Tainted: G           OE     5.10.216-tegra #1
[   21.447913] Hardware name: NVIDIA Jetson AGX Orin Developer Kit/Jetson, BIOS 6.1-39721438 03/04/2025
[   21.447916] Call trace:
[   21.447919]  dump_backtrace+0x0/0x1e0
[   21.447923]  show_stack+0x30/0x40
[   21.447925]  dump_stack+0xf0/0x130
[   21.447979]  nvgpu_mm_unpin+0xb4/0xe0 [nvgpu]
[   21.448035]  nvgpu_vm_unmap_system+0x48/0x98 [nvgpu]
[   21.448094]  nvgpu_vm_do_unmap+0x9c/0xc8 [nvgpu]
[   21.448151]  nvgpu_vm_unmap_ref_internal+0x2c/0x38 [nvgpu]
[   21.448208]  nvgpu_vm_unmap+0xa0/0x1c0 [nvgpu]
[   21.448266]  gk20a_as_ioctl_map_buffer_batch.isra.0+0x13c/0x27c [nvgpu]
[   21.448324]  gk20a_as_dev_ioctl+0x8a8/0xab0 [nvgpu]
[   21.448329]  __arm64_sys_ioctl+0xac/0xf0
[   21.448333]  el0_svc_common.constprop.0+0x80/0x1d0
[   21.448336]  do_el0_svc+0x38/0xc0
[   21.448339]  el0_svc+0x1c/0x30
[   21.448342]  el0_sync_handler+0xa8/0xb0
[   21.448346]  el0_sync+0x16c/0x180
[   21.448350] DMA_STACK_END: End of stack trace for dma_buf_detach
[   21.448353] DMA_INSTRUMENT: About to call dma_buf_put from function nvgpu_vm_unmap_system at /mnt/8e8fbd72-3ef4-4af6-854c-33dbfb634ac7/jetson_linux_r35_6_1/Linux_for_Tegra/source/public/kernel/nvgpu/drivers/gpu/nvgpu/os/linux/vm.c:644
[   21.448356] DMA_STACK_START: Stack trace for dma_buf_put called from nvgpu_vm_unmap_system
[   21.448359] CPU: 3 PID: 2095 Comm: gnome-shell Tainted: G           OE     5.10.216-tegra #1
[   21.448362] Hardware name: NVIDIA Jetson AGX Orin Developer Kit/Jetson, BIOS 6.1-39721438 03/04/2025
[   21.448368] Call trace:
[   21.448371]  dump_backtrace+0x0/0x1e0
[   21.448375]  show_stack+0x30/0x40
[   21.448378]  dump_stack+0xf0/0x130
[   21.448435]  nvgpu_vm_unmap_system+0x78/0x98 [nvgpu]
[   21.448492]  nvgpu_vm_do_unmap+0x9c/0xc8 [nvgpu]
[   21.448549]  nvgpu_vm_unmap_ref_internal+0x2c/0x38 [nvgpu]
[   21.448606]  nvgpu_vm_unmap+0xa0/0x1c0 [nvgpu]
[   21.448666]  gk20a_as_ioctl_map_buffer_batch.isra.0+0x13c/0x27c [nvgpu]
[   21.448724]  gk20a_as_dev_ioctl+0x8a8/0xab0 [nvgpu]
[   21.448729]  __arm64_sys_ioctl+0xac/0xf0
[   21.448732]  el0_svc_common.constprop.0+0x80/0x1d0
[   21.448735]  do_el0_svc+0x38/0xc0
[   21.448737]  el0_svc+0x1c/0x30
[   21.448738]  el0_sync_handler+0xa8/0xb0
[   21.448740]  el0_sync+0x16c/0x180
[   21.448740] DMA_STACK_END: End of stack trace for dma_buf_put
[   21.448743] FUNC_ENTRY: Entering function nvgpu_iommuable at /mnt/8e8fbd72-3ef4-4af6-854c-33dbfb634ac7/jetson_linux_r35_6_1/Linux_for_Tegra/source/public/kernel/nvgpu/drivers/gpu/nvgpu/os/linux/linux-dma.c:635
[   21.448749] USER_COPY: About to call copy_to_user from function gk20a_as_dev_ioctl at /mnt/8e8fbd72-3ef4-4af6-854c-33dbfb634ac7/jetson_linux_r35_6_1/Linux_for_Tegra/source/public/kernel/nvgpu/drivers/gpu/nvgpu/os/linux/ioctl_as.c:603
[   21.448750] USER_COPY_CONTEXT: Process PID=2095, COMM=gnome-shell
[   21.448753] IOCTL_HANDLER: Function gk20a_as_dev_ioctl called at /mnt/8e8fbd72-3ef4-4af6-854c-33dbfb634ac7/jetson_linux_r35_6_1/Linux_for_Tegra/source/public/kernel/nvgpu/drivers/gpu/nvgpu/os/linux/ioctl_as.c:489
[   21.448754] USER_COPY: About to call copy_from_user from function gk20a_as_dev_ioctl at /mnt/8e8fbd72-3ef4-4af6-854c-33dbfb634ac7/jetson_linux_r35_6_1/Linux_for_Tegra/source/public/kernel/nvgpu/drivers/gpu/nvgpu/os/linux/ioctl_as.c:506
[   21.448755] USER_COPY_CONTEXT: Process PID=2095, COMM=gnome-shell
[   21.448757] IOCTL_HANDLER: Function gk20a_as_ioctl_free_space called at /mnt/8e8fbd72-3ef4-4af6-854c-33dbfb634ac7/jetson_linux_r35_6_1/Linux_for_Tegra/source/public/kernel/nvgpu/drivers/gpu/nvgpu/os/linux/ioctl_as.c:107
[   21.448762] USER_COPY: About to call copy_to_user from function gk20a_as_dev_ioctl at /mnt/8e8fbd72-3ef4-4af6-854c-33dbfb634ac7/jetson_linux_r35_6_1/Linux_for_Tegra/source/public/kernel/nvgpu/drivers/gpu/nvgpu/os/linux/ioctl_as.c:603
[   21.448763] USER_COPY_CONTEXT: Process PID=2095, COMM=gnome-shell
[   21.448921] IOCTL_HANDLER: Function gk20a_ctrl_dev_ioctl called at /mnt/8e8fbd72-3ef4-4af6-854c-33dbfb634ac7/jetson_linux_r35_6_1/Linux_for_Tegra/source/public/kernel/nvgpu/drivers/gpu/nvgpu/os/linux/ioctl_ctrl.c:2302
[   21.448925] USER_COPY: About to call copy_from_user from function gk20a_ctrl_dev_ioctl at /mnt/8e8fbd72-3ef4-4af6-854c-33dbfb634ac7/jetson_linux_r35_6_1/Linux_for_Tegra/source/public/kernel/nvgpu/drivers/gpu/nvgpu/os/linux/ioctl_ctrl.c:2332
[   21.448926] USER_COPY_CONTEXT: Process PID=2095, COMM=gnome-shell
[   21.448931] IOCTL_HANDLER: Function nvgpu_gpu_ioctl_get_buffer_info called at /mnt/8e8fbd72-3ef4-4af6-854c-33dbfb634ac7/jetson_linux_r35_6_1/Linux_for_Tegra/source/public/kernel/nvgpu/drivers/gpu/nvgpu/os/linux/ioctl_ctrl.c:1998
[   21.448933] DMA_INSTRUMENT: About to call dma_buf_get from function nvgpu_gpu_ioctl_get_buffer_info at /mnt/8e8fbd72-3ef4-4af6-854c-33dbfb634ac7/jetson_linux_r35_6_1/Linux_for_Tegra/source/public/kernel/nvgpu/drivers/gpu/nvgpu/os/linux/ioctl_ctrl.c:2020
[   21.448934] DMA_STACK_START: Stack trace for dma_buf_get called from nvgpu_gpu_ioctl_get_buffer_info
[   21.448935] CPU: 3 PID: 2095 Comm: gnome-shell Tainted: G           OE     5.10.216-tegra #1
[   21.448936] Hardware name: NVIDIA Jetson AGX Orin Developer Kit/Jetson, BIOS 6.1-39721438 03/04/2025
[   21.448937] Call trace:
[   21.448940]  dump_backtrace+0x0/0x1e0
[   21.448941]  show_stack+0x30/0x40
[   21.448944]  dump_stack+0xf0/0x130
[   21.448999]  gk20a_ctrl_dev_ioctl+0x1fe4/0x2894 [nvgpu]
[   21.449002]  __arm64_sys_ioctl+0xac/0xf0
[   21.449004]  el0_svc_common.constprop.0+0x80/0x1d0
[   21.449006]  do_el0_svc+0x38/0xc0
[   21.449008]  el0_svc+0x1c/0x30
[   21.449009]  el0_sync_handler+0xa8/0xb0
[   21.449011]  el0_sync+0x16c/0x180
[   21.449012] DMA_STACK_END: End of stack trace for dma_buf_get
[   21.449015] USER_COPY: About to call copy_to_user from function nvgpu_gpu_ioctl_get_buffer_info at /mnt/8e8fbd72-3ef4-4af6-854c-33dbfb634ac7/jetson_linux_r35_6_1/Linux_for_Tegra/source/public/kernel/nvgpu/drivers/gpu/nvgpu/os/linux/ioctl_ctrl.c:2050
[   21.449017] USER_COPY_CONTEXT: Process PID=2095, COMM=gnome-shell
[   21.449021] DMA_INSTRUMENT: About to call dma_buf_put from function nvgpu_gpu_ioctl_get_buffer_info at /mnt/8e8fbd72-3ef4-4af6-854c-33dbfb634ac7/jetson_linux_r35_6_1/Linux_for_Tegra/source/public/kernel/nvgpu/drivers/gpu/nvgpu/os/linux/ioctl_ctrl.c:2085
[   21.449022] DMA_STACK_START: Stack trace for dma_buf_put called from nvgpu_gpu_ioctl_get_buffer_info
[   21.449023] CPU: 3 PID: 2095 Comm: gnome-shell Tainted: G           OE     5.10.216-tegra #1
[   21.449024] Hardware name: NVIDIA Jetson AGX Orin Developer Kit/Jetson, BIOS 6.1-39721438 03/04/2025
[   21.449025] Call trace:
[   21.449027]  dump_backtrace+0x0/0x1e0
[   21.449029]  show_stack+0x30/0x40
[   21.449031]  dump_stack+0xf0/0x130
[   21.449085]  gk20a_ctrl_dev_ioctl+0x21dc/0x2894 [nvgpu]
[   21.449090]  __arm64_sys_ioctl+0xac/0xf0
[   21.449093]  el0_svc_common.constprop.0+0x80/0x1d0
[   21.449096]  do_el0_svc+0x38/0xc0
[   21.449100]  el0_svc+0x1c/0x30
[   21.449104]  el0_sync_handler+0xa8/0xb0
[   21.449109]  el0_sync+0x16c/0x180
[   21.449111] DMA_STACK_END: End of stack trace for dma_buf_put
[   21.449113] USER_COPY: About to call copy_to_user from function gk20a_ctrl_dev_ioctl at /mnt/8e8fbd72-3ef4-4af6-854c-33dbfb634ac7/jetson_linux_r35_6_1/Linux_for_Tegra/source/public/kernel/nvgpu/drivers/gpu/nvgpu/os/linux/ioctl_ctrl.c:2683
[   21.449116] USER_COPY_CONTEXT: Process PID=2095, COMM=gnome-shell
[   21.449139] IOCTL_HANDLER: Function gk20a_as_dev_ioctl called at /mnt/8e8fbd72-3ef4-4af6-854c-33dbfb634ac7/jetson_linux_r35_6_1/Linux_for_Tegra/source/public/kernel/nvgpu/drivers/gpu/nvgpu/os/linux/ioctl_as.c:489
[   21.449142] USER_COPY: About to call copy_from_user from function gk20a_as_dev_ioctl at /mnt/8e8fbd72-3ef4-4af6-854c-33dbfb634ac7/jetson_linux_r35_6_1/Linux_for_Tegra/source/public/kernel/nvgpu/drivers/gpu/nvgpu/os/linux/ioctl_as.c:506
[   21.449145] USER_COPY_CONTEXT: Process PID=2095, COMM=gnome-shell
[   21.449148] IOCTL_HANDLER: Function gk20a_as_ioctl_alloc_space called at /mnt/8e8fbd72-3ef4-4af6-854c-33dbfb634ac7/jetson_linux_r35_6_1/Linux_for_Tegra/source/public/kernel/nvgpu/drivers/gpu/nvgpu/os/linux/ioctl_as.c:93
[   21.449155] USER_COPY: About to call copy_to_user from function gk20a_as_dev_ioctl at /mnt/8e8fbd72-3ef4-4af6-854c-33dbfb634ac7/jetson_linux_r35_6_1/Linux_for_Tegra/source/public/kernel/nvgpu/drivers/gpu/nvgpu/os/linux/ioctl_as.c:603
[   21.449159] USER_COPY_CONTEXT: Process PID=2095, COMM=gnome-shell
[   21.449238] IOCTL_HANDLER: Function gk20a_ctrl_dev_ioctl called at /mnt/8e8fbd72-3ef4-4af6-854c-33dbfb634ac7/jetson_linux_r35_6_1/Linux_for_Tegra/source/public/kernel/nvgpu/drivers/gpu/nvgpu/os/linux/ioctl_ctrl.c:2302
[   21.449240] USER_COPY: About to call copy_from_user from function gk20a_ctrl_dev_ioctl at /mnt/8e8fbd72-3ef4-4af6-854c-33dbfb634ac7/jetson_linux_r35_6_1/Linux_for_Tegra/source/public/kernel/nvgpu/drivers/gpu/nvgpu/os/linux/ioctl_ctrl.c:2332
[   21.449241] USER_COPY_CONTEXT: Process PID=2095, COMM=gnome-shell
[   21.449243] IOCTL_HANDLER: Function nvgpu_gpu_ioctl_get_buffer_info called at /mnt/8e8fbd72-3ef4-4af6-854c-33dbfb634ac7/jetson_linux_r35_6_1/Linux_for_Tegra/source/public/kernel/nvgpu/drivers/gpu/nvgpu/os/linux/ioctl_ctrl.c:1998
[   21.449244] DMA_INSTRUMENT: About to call dma_buf_get from function nvgpu_gpu_ioctl_get_buffer_info at /mnt/8e8fbd72-3ef4-4af6-854c-33dbfb634ac7/jetson_linux_r35_6_1/Linux_for_Tegra/source/public/kernel/nvgpu/drivers/gpu/nvgpu/os/linux/ioctl_ctrl.c:2020
[   21.449245] DMA_STACK_START: Stack trace for dma_buf_get called from nvgpu_gpu_ioctl_get_buffer_info
[   21.449247] CPU: 3 PID: 2095 Comm: gnome-shell Tainted: G           OE     5.10.216-tegra #1
[   21.449248] Hardware name: NVIDIA Jetson AGX Orin Developer Kit/Jetson, BIOS 6.1-39721438 03/04/2025
[   21.449249] Call trace:
[   21.449251]  dump_backtrace+0x0/0x1e0
[   21.449253]  show_stack+0x30/0x40
[   21.449256]  dump_stack+0xf0/0x130
[   21.449317]  gk20a_ctrl_dev_ioctl+0x1fe4/0x2894 [nvgpu]
[   21.449319]  __arm64_sys_ioctl+0xac/0xf0
[   21.449322]  el0_svc_common.constprop.0+0x80/0x1d0
[   21.449324]  do_el0_svc+0x38/0xc0
[   21.449326]  el0_svc+0x1c/0x30
[   21.449327]  el0_sync_handler+0xa8/0xb0
[   21.449329]  el0_sync+0x16c/0x180
[   21.449330] DMA_STACK_END: End of stack trace for dma_buf_get
[   21.449332] USER_COPY: About to call copy_to_user from function nvgpu_gpu_ioctl_get_buffer_info at /mnt/8e8fbd72-3ef4-4af6-854c-33dbfb634ac7/jetson_linux_r35_6_1/Linux_for_Tegra/source/public/kernel/nvgpu/drivers/gpu/nvgpu/os/linux/ioctl_ctrl.c:2050
[   21.449333] USER_COPY_CONTEXT: Process PID=2095, COMM=gnome-shell
[   21.449335] DMA_INSTRUMENT: About to call dma_buf_put from function nvgpu_gpu_ioctl_get_buffer_info at /mnt/8e8fbd72-3ef4-4af6-854c-33dbfb634ac7/jetson_linux_r35_6_1/Linux_for_Tegra/source/public/kernel/nvgpu/drivers/gpu/nvgpu/os/linux/ioctl_ctrl.c:2085
[   21.449337] DMA_STACK_START: Stack trace for dma_buf_put called from nvgpu_gpu_ioctl_get_buffer_info
[   21.449339] CPU: 3 PID: 2095 Comm: gnome-shell Tainted: G           OE     5.10.216-tegra #1
[   21.449342] Hardware name: NVIDIA Jetson AGX Orin Developer Kit/Jetson, BIOS 6.1-39721438 03/04/2025
[   21.449345] Call trace:
[   21.449349]  dump_backtrace+0x0/0x1e0
[   21.449352]  show_stack+0x30/0x40
[   21.449358]  dump_stack+0xf0/0x130
[   21.449414]  gk20a_ctrl_dev_ioctl+0x21dc/0x2894 [nvgpu]
[   21.449419]  __arm64_sys_ioctl+0xac/0xf0
[   21.449423]  el0_svc_common.constprop.0+0x80/0x1d0
[   21.449426]  do_el0_svc+0x38/0xc0
[   21.449429]  el0_svc+0x1c/0x30
[   21.449432]  el0_sync_handler+0xa8/0xb0
[   21.449437]  el0_sync+0x16c/0x180
[   21.449441] DMA_STACK_END: End of stack trace for dma_buf_put
[   21.449443] USER_COPY: About to call copy_to_user from function gk20a_ctrl_dev_ioctl at /mnt/8e8fbd72-3ef4-4af6-854c-33dbfb634ac7/jetson_linux_r35_6_1/Linux_for_Tegra/source/public/kernel/nvgpu/drivers/gpu/nvgpu/os/linux/ioctl_ctrl.c:2683
[   21.449444] USER_COPY_CONTEXT: Process PID=2095, COMM=gnome-shell
[   21.449455] IOCTL_HANDLER: Function gk20a_as_dev_ioctl called at /mnt/8e8fbd72-3ef4-4af6-854c-33dbfb634ac7/jetson_linux_r35_6_1/Linux_for_Tegra/source/public/kernel/nvgpu/drivers/gpu/nvgpu/os/linux/ioctl_as.c:489
[   21.449457] USER_COPY: About to call copy_from_user from function gk20a_as_dev_ioctl at /mnt/8e8fbd72-3ef4-4af6-854c-33dbfb634ac7/jetson_linux_r35_6_1/Linux_for_Tegra/source/public/kernel/nvgpu/drivers/gpu/nvgpu/os/linux/ioctl_as.c:506
[   21.449458] USER_COPY_CONTEXT: Process PID=2095, COMM=gnome-shell
[   21.449460] IOCTL_HANDLER: Function gk20a_as_ioctl_alloc_space called at /mnt/8e8fbd72-3ef4-4af6-854c-33dbfb634ac7/jetson_linux_r35_6_1/Linux_for_Tegra/source/public/kernel/nvgpu/drivers/gpu/nvgpu/os/linux/ioctl_as.c:93
[   21.449464] USER_COPY: About to call copy_to_user from function gk20a_as_dev_ioctl at /mnt/8e8fbd72-3ef4-4af6-854c-33dbfb634ac7/jetson_linux_r35_6_1/Linux_for_Tegra/source/public/kernel/nvgpu/drivers/gpu/nvgpu/os/linux/ioctl_as.c:603
[   21.449465] USER_COPY_CONTEXT: Process PID=2095, COMM=gnome-shell
[   21.449475] IOCTL_HANDLER: Function gk20a_as_dev_ioctl called at /mnt/8e8fbd72-3ef4-4af6-854c-33dbfb634ac7/jetson_linux_r35_6_1/Linux_for_Tegra/source/public/kernel/nvgpu/drivers/gpu/nvgpu/os/linux/ioctl_as.c:489
[   21.449476] USER_COPY: About to call copy_from_user from function gk20a_as_dev_ioctl at /mnt/8e8fbd72-3ef4-4af6-854c-33dbfb634ac7/jetson_linux_r35_6_1/Linux_for_Tegra/source/public/kernel/nvgpu/drivers/gpu/nvgpu/os/linux/ioctl_as.c:506
[   21.449477] USER_COPY_CONTEXT: Process PID=2095, COMM=gnome-shell
[   21.449478] IOCTL_HANDLER: Function gk20a_as_ioctl_alloc_space called at /mnt/8e8fbd72-3ef4-4af6-854c-33dbfb634ac7/jetson_linux_r35_6_1/Linux_for_Tegra/source/public/kernel/nvgpu/drivers/gpu/nvgpu/os/linux/ioctl_as.c:93
[   21.449481] USER_COPY: About to call copy_to_user from function gk20a_as_dev_ioctl at /mnt/8e8fbd72-3ef4-4af6-854c-33dbfb634ac7/jetson_linux_r35_6_1/Linux_for_Tegra/source/public/kernel/nvgpu/drivers/gpu/nvgpu/os/linux/ioctl_as.c:603
[   21.449482] USER_COPY_CONTEXT: Process PID=2095, COMM=gnome-shell
[   21.449577] IOCTL_HANDLER: Function gk20a_as_dev_ioctl called at /mnt/8e8fbd72-3ef4-4af6-854c-33dbfb634ac7/jetson_linux_r35_6_1/Linux_for_Tegra/source/public/kernel/nvgpu/drivers/gpu/nvgpu/os/linux/ioctl_as.c:489
[   21.449579] USER_COPY: About to call copy_from_user from function gk20a_as_dev_ioctl at /mnt/8e8fbd72-3ef4-4af6-854c-33dbfb634ac7/jetson_linux_r35_6_1/Linux_for_Tegra/source/public/kernel/nvgpu/drivers/gpu/nvgpu/os/linux/ioctl_as.c:506
[   21.449580] USER_COPY_CONTEXT: Process PID=2095, COMM=gnome-shell
[   21.449582] IOCTL_HANDLER: Function gk20a_as_ioctl_map_buffer_batch called at /mnt/8e8fbd72-3ef4-4af6-854c-33dbfb634ac7/jetson_linux_r35_6_1/Linux_for_Tegra/source/public/kernel/nvgpu/drivers/gpu/nvgpu/os/linux/ioctl_as.c:159
[   21.449585] USER_COPY: About to call copy_from_user from function gk20a_as_ioctl_map_buffer_batch at /mnt/8e8fbd72-3ef4-4af6-854c-33dbfb634ac7/jetson_linux_r35_6_1/Linux_for_Tegra/source/public/kernel/nvgpu/drivers/gpu/nvgpu/os/linux/ioctl_as.c:211
[   21.449586] USER_COPY_CONTEXT: Process PID=2095, COMM=gnome-shell
[   21.449588] DMA_INSTRUMENT: About to call dma_buf_get from function nvgpu_vm_map_buffer at /mnt/8e8fbd72-3ef4-4af6-854c-33dbfb634ac7/jetson_linux_r35_6_1/Linux_for_Tegra/source/public/kernel/nvgpu/drivers/gpu/nvgpu/os/linux/vm.c:388
[   21.449589] DMA_STACK_START: Stack trace for dma_buf_get called from nvgpu_vm_map_buffer
[   21.449590] CPU: 3 PID: 2095 Comm: gnome-shell Tainted: G           OE     5.10.216-tegra #1
[   21.449591] Hardware name: NVIDIA Jetson AGX Orin Developer Kit/Jetson, BIOS 6.1-39721438 03/04/2025
[   21.449592] Call trace:
[   21.449595]  dump_backtrace+0x0/0x1e0
[   21.449596]  show_stack+0x30/0x40
[   21.449598]  dump_stack+0xf0/0x130
[   21.449654]  nvgpu_vm_map_buffer+0xb8/0x55c [nvgpu]
[   21.449709]  gk20a_as_ioctl_map_buffer_batch.isra.0+0x200/0x27c [nvgpu]
[   21.449763]  gk20a_as_dev_ioctl+0x8a8/0xab0 [nvgpu]
[   21.449766]  __arm64_sys_ioctl+0xac/0xf0
[   21.449768]  el0_svc_common.constprop.0+0x80/0x1d0
[   21.449770]  do_el0_svc+0x38/0xc0
[   21.449772]  el0_svc+0x1c/0x30
[   21.449773]  el0_sync_handler+0xa8/0xb0
[   21.449774]  el0_sync+0x16c/0x180
[   21.449775] DMA_STACK_END: End of stack trace for dma_buf_get
[   21.449776] DMA_INSTRUMENT: About to call dma_buf_put from function nvgpu_vm_map_buffer at /mnt/8e8fbd72-3ef4-4af6-854c-33dbfb634ac7/jetson_linux_r35_6_1/Linux_for_Tegra/source/public/kernel/nvgpu/drivers/gpu/nvgpu/os/linux/vm.c:403
[   21.449777] DMA_STACK_START: Stack trace for dma_buf_put called from nvgpu_vm_map_buffer
[   21.449780] CPU: 3 PID: 2095 Comm: gnome-shell Tainted: G           OE     5.10.216-tegra #1
[   21.449782] Hardware name: NVIDIA Jetson AGX Orin Developer Kit/Jetson, BIOS 6.1-39721438 03/04/2025
[   21.449783] Call trace:
[   21.449785]  dump_backtrace+0x0/0x1e0
[   21.449787]  show_stack+0x30/0x40
[   21.449788]  dump_stack+0xf0/0x130
[   21.449842]  nvgpu_vm_map_buffer+0x140/0x55c [nvgpu]
[   21.449895]  gk20a_as_ioctl_map_buffer_batch.isra.0+0x200/0x27c [nvgpu]
[   21.449950]  gk20a_as_dev_ioctl+0x8a8/0xab0 [nvgpu]
[   21.449952]  __arm64_sys_ioctl+0xac/0xf0
[   21.449956]  el0_svc_common.constprop.0+0x80/0x1d0
[   21.449957]  do_el0_svc+0x38/0xc0
[   21.449959]  el0_svc+0x1c/0x30
[   21.449960]  el0_sync_handler+0xa8/0xb0
[   21.449961]  el0_sync+0x16c/0x180
[   21.449962] DMA_STACK_END: End of stack trace for dma_buf_put
[   21.449963] DMA_INSTRUMENT: About to call dma_buf_put from function nvgpu_vm_map_buffer at /mnt/8e8fbd72-3ef4-4af6-854c-33dbfb634ac7/jetson_linux_r35_6_1/Linux_for_Tegra/source/public/kernel/nvgpu/drivers/gpu/nvgpu/os/linux/vm.c:419
[   21.449964] DMA_STACK_START: Stack trace for dma_buf_put called from nvgpu_vm_map_buffer
[   21.449965] CPU: 3 PID: 2095 Comm: gnome-shell Tainted: G           OE     5.10.216-tegra #1
[   21.449967] Hardware name: NVIDIA Jetson AGX Orin Developer Kit/Jetson, BIOS 6.1-39721438 03/04/2025
[   21.449968] Call trace:
[   21.449972]  dump_backtrace+0x0/0x1e0
[   21.449973]  show_stack+0x30/0x40
[   21.449975]  dump_stack+0xf0/0x130
[   21.450028]  nvgpu_vm_map_buffer+0x1a4/0x55c [nvgpu]
[   21.450082]  gk20a_as_ioctl_map_buffer_batch.isra.0+0x200/0x27c [nvgpu]
[   21.450137]  gk20a_as_dev_ioctl+0x8a8/0xab0 [nvgpu]
[   21.450140]  __arm64_sys_ioctl+0xac/0xf0
[   21.450143]  el0_svc_common.constprop.0+0x80/0x1d0
[   21.450144]  do_el0_svc+0x38/0xc0
[   21.450146]  el0_svc+0x1c/0x30
[   21.450147]  el0_sync_handler+0xa8/0xb0
[   21.450148]  el0_sync+0x16c/0x180
[   21.450149] DMA_STACK_END: End of stack trace for dma_buf_put
[   21.450151] DMA_INSTRUMENT: About to call dma_buf_put from function nvgpu_vm_map_buffer at /mnt/8e8fbd72-3ef4-4af6-854c-33dbfb634ac7/jetson_linux_r35_6_1/Linux_for_Tegra/source/public/kernel/nvgpu/drivers/gpu/nvgpu/os/linux/vm.c:436
[   21.450152] DMA_STACK_START: Stack trace for dma_buf_put called from nvgpu_vm_map_buffer
[   21.450153] CPU: 3 PID: 2095 Comm: gnome-shell Tainted: G           OE     5.10.216-tegra #1
[   21.450154] Hardware name: NVIDIA Jetson AGX Orin Developer Kit/Jetson, BIOS 6.1-39721438 03/04/2025
[   21.450154] Call trace:
[   21.450156]  dump_backtrace+0x0/0x1e0
[   21.450158]  show_stack+0x30/0x40
[   21.450161]  dump_stack+0xf0/0x130
[   21.450215]  nvgpu_vm_map_buffer+0x20c/0x55c [nvgpu]
[   21.450269]  gk20a_as_ioctl_map_buffer_batch.isra.0+0x200/0x27c [nvgpu]
[   21.450324]  gk20a_as_dev_ioctl+0x8a8/0xab0 [nvgpu]
[   21.450325]  __arm64_sys_ioctl+0xac/0xf0
[   21.450328]  el0_svc_common.constprop.0+0x80/0x1d0
[   21.450330]  do_el0_svc+0x38/0xc0
[   21.450332]  el0_svc+0x1c/0x30
[   21.450333]  el0_sync_handler+0xa8/0xb0
[   21.450334]  el0_sync+0x16c/0x180
[   21.450335] DMA_STACK_END: End of stack trace for dma_buf_put
[   21.450336] DMA_INSTRUMENT: About to call dma_buf_put from function nvgpu_vm_map_buffer at /mnt/8e8fbd72-3ef4-4af6-854c-33dbfb634ac7/jetson_linux_r35_6_1/Linux_for_Tegra/source/public/kernel/nvgpu/drivers/gpu/nvgpu/os/linux/vm.c:450
[   21.450337] DMA_STACK_START: Stack trace for dma_buf_put called from nvgpu_vm_map_buffer
[   21.450338] CPU: 3 PID: 2095 Comm: gnome-shell Tainted: G           OE     5.10.216-tegra #1
[   21.450339] Hardware name: NVIDIA Jetson AGX Orin Developer Kit/Jetson, BIOS 6.1-39721438 03/04/2025
[   21.450340] Call trace:
[   21.450342]  dump_backtrace+0x0/0x1e0
[   21.450344]  show_stack+0x30/0x40
[   21.450345]  dump_stack+0xf0/0x130
[   21.450399]  nvgpu_vm_map_buffer+0x2d8/0x55c [nvgpu]
[   21.450454]  gk20a_as_ioctl_map_buffer_batch.isra.0+0x200/0x27c [nvgpu]
[   21.450507]  gk20a_as_dev_ioctl+0x8a8/0xab0 [nvgpu]
[   21.450510]  __arm64_sys_ioctl+0xac/0xf0
[   21.450512]  el0_svc_common.constprop.0+0x80/0x1d0
[   21.450513]  do_el0_svc+0x38/0xc0
[   21.450515]  el0_svc+0x1c/0x30
[   21.450516]  el0_sync_handler+0xa8/0xb0
[   21.450517]  el0_sync+0x16c/0x180
[   21.450518] DMA_STACK_END: End of stack trace for dma_buf_put
[   21.450519] DMA_INSTRUMENT: About to call dma_buf_put from function nvgpu_vm_map_buffer at /mnt/8e8fbd72-3ef4-4af6-854c-33dbfb634ac7/jetson_linux_r35_6_1/Linux_for_Tegra/source/public/kernel/nvgpu/drivers/gpu/nvgpu/os/linux/vm.c:460
[   21.450520] DMA_STACK_START: Stack trace for dma_buf_put called from nvgpu_vm_map_buffer
[   21.450522] CPU: 3 PID: 2095 Comm: gnome-shell Tainted: G           OE     5.10.216-tegra #1
[   21.450523] Hardware name: NVIDIA Jetson AGX Orin Developer Kit/Jetson, BIOS 6.1-39721438 03/04/2025
[   21.450526] Call trace:
[   21.450528]  dump_backtrace+0x0/0x1e0
[   21.450529]  show_stack+0x30/0x40
[   21.450531]  dump_stack+0xf0/0x130
[   21.450584]  nvgpu_vm_map_buffer+0x334/0x55c [nvgpu]
[   21.450637]  gk20a_as_ioctl_map_buffer_batch.isra.0+0x200/0x27c [nvgpu]
[   21.450692]  gk20a_as_dev_ioctl+0x8a8/0xab0 [nvgpu]
[   21.450693]  __arm64_sys_ioctl+0xac/0xf0
[   21.450696]  el0_svc_common.constprop.0+0x80/0x1d0
[   21.450698]  do_el0_svc+0x38/0xc0
[   21.450700]  el0_svc+0x1c/0x30
[   21.450701]  el0_sync_handler+0xa8/0xb0
[   21.450702]  el0_sync+0x16c/0x180
[   21.450703] DMA_STACK_END: End of stack trace for dma_buf_put
[   21.450705] DMA_INSTRUMENT: About to call dma_buf_put from function nvgpu_vm_map_buffer at /mnt/8e8fbd72-3ef4-4af6-854c-33dbfb634ac7/jetson_linux_r35_6_1/Linux_for_Tegra/source/public/kernel/nvgpu/drivers/gpu/nvgpu/os/linux/vm.c:472
[   21.450706] DMA_STACK_START: Stack trace for dma_buf_put called from nvgpu_vm_map_buffer
[   21.450707] CPU: 3 PID: 2095 Comm: gnome-shell Tainted: G           OE     5.10.216-tegra #1
[   21.450708] Hardware name: NVIDIA Jetson AGX Orin Developer Kit/Jetson, BIOS 6.1-39721438 03/04/2025
[   21.450709] Call trace:
[   21.450713]  dump_backtrace+0x0/0x1e0
[   21.450714]  show_stack+0x30/0x40
[   21.450716]  dump_stack+0xf0/0x130
[   21.450769]  nvgpu_vm_map_buffer+0x47c/0x55c [nvgpu]
[   21.450824]  gk20a_as_ioctl_map_buffer_batch.isra.0+0x200/0x27c [nvgpu]
[   21.450878]  gk20a_as_dev_ioctl+0x8a8/0xab0 [nvgpu]
[   21.450880]  __arm64_sys_ioctl+0xac/0xf0
[   21.450883]  el0_svc_common.constprop.0+0x80/0x1d0
[   21.450885]  do_el0_svc+0x38/0xc0
[   21.450886]  el0_svc+0x1c/0x30
[   21.450888]  el0_sync_handler+0xa8/0xb0
[   21.450889]  el0_sync+0x16c/0x180
[   21.450890] DMA_STACK_END: End of stack trace for dma_buf_put
[   21.450892] DMA_INSTRUMENT: About to call dma_buf_attach from function nvgpu_mm_pin at /mnt/8e8fbd72-3ef4-4af6-854c-33dbfb634ac7/jetson_linux_r35_6_1/Linux_for_Tegra/source/public/kernel/nvgpu/drivers/gpu/nvgpu/os/linux/dmabuf_priv.c:184
[   21.450893] DMA_STACK_START: Stack trace for dma_buf_attach called from nvgpu_mm_pin
[   21.450894] CPU: 3 PID: 2095 Comm: gnome-shell Tainted: G           OE     5.10.216-tegra #1
[   21.450896] Hardware name: NVIDIA Jetson AGX Orin Developer Kit/Jetson, BIOS 6.1-39721438 03/04/2025
[   21.450898] Call trace:
[   21.450900]  dump_backtrace+0x0/0x1e0
[   21.450901]  show_stack+0x30/0x40
[   21.450903]  dump_stack+0xf0/0x130
[   21.450956]  nvgpu_mm_pin+0x7c/0x1a0 [nvgpu]
[   21.451012]  nvgpu_vm_map_linux+0x110/0x290 [nvgpu]
[   21.451067]  nvgpu_vm_map_buffer+0x4d0/0x55c [nvgpu]
[   21.451121]  gk20a_as_ioctl_map_buffer_batch.isra.0+0x200/0x27c [nvgpu]
[   21.451175]  gk20a_as_dev_ioctl+0x8a8/0xab0 [nvgpu]
[   21.451178]  __arm64_sys_ioctl+0xac/0xf0
[   21.451181]  el0_svc_common.constprop.0+0x80/0x1d0
[   21.451182]  do_el0_svc+0x38/0xc0
[   21.451184]  el0_svc+0x1c/0x30
[   21.451185]  el0_sync_handler+0xa8/0xb0
[   21.451186]  el0_sync+0x16c/0x180
[   21.451187] DMA_STACK_END: End of stack trace for dma_buf_attach
[   21.451189] DMA_INSTRUMENT: About to call dma_buf_map_attachment from function nvgpu_mm_pin at /mnt/8e8fbd72-3ef4-4af6-854c-33dbfb634ac7/jetson_linux_r35_6_1/Linux_for_Tegra/source/public/kernel/nvgpu/drivers/gpu/nvgpu/os/linux/dmabuf_priv.c:195
[   21.451190] DMA_STACK_START: Stack trace for dma_buf_map_attachment called from nvgpu_mm_pin
[   21.451192] CPU: 3 PID: 2095 Comm: gnome-shell Tainted: G           OE     5.10.216-tegra #1
[   21.451195] Hardware name: NVIDIA Jetson AGX Orin Developer Kit/Jetson, BIOS 6.1-39721438 03/04/2025
[   21.451195] Call trace:
[   21.451197]  dump_backtrace+0x0/0x1e0
[   21.451199]  show_stack+0x30/0x40
[   21.451201]  dump_stack+0xf0/0x130
[   21.451254]  nvgpu_mm_pin+0xf4/0x1a0 [nvgpu]
[   21.451309]  nvgpu_vm_map_linux+0x110/0x290 [nvgpu]
[   21.451364]  nvgpu_vm_map_buffer+0x4d0/0x55c [nvgpu]
[   21.451419]  gk20a_as_ioctl_map_buffer_batch.isra.0+0x200/0x27c [nvgpu]
[   21.451473]  gk20a_as_dev_ioctl+0x8a8/0xab0 [nvgpu]
[   21.451475]  __arm64_sys_ioctl+0xac/0xf0
[   21.451478]  el0_svc_common.constprop.0+0x80/0x1d0
[   21.451480]  do_el0_svc+0x38/0xc0
[   21.451482]  el0_svc+0x1c/0x30
[   21.451483]  el0_sync_handler+0xa8/0xb0
[   21.451484]  el0_sync+0x16c/0x180
[   21.451485] DMA_STACK_END: End of stack trace for dma_buf_map_attachment
[   21.451486] DMA_INSTRUMENT: About to call dma_buf_detach from function nvgpu_mm_pin at /mnt/8e8fbd72-3ef4-4af6-854c-33dbfb634ac7/jetson_linux_r35_6_1/Linux_for_Tegra/source/public/kernel/nvgpu/drivers/gpu/nvgpu/os/linux/dmabuf_priv.c:200
[   21.451488] DMA_STACK_START: Stack trace for dma_buf_detach called from nvgpu_mm_pin
[   21.451489] CPU: 3 PID: 2095 Comm: gnome-shell Tainted: G           OE     5.10.216-tegra #1
[   21.451490] Hardware name: NVIDIA Jetson AGX Orin Developer Kit/Jetson, BIOS 6.1-39721438 03/04/2025
[   21.451493] Call trace:
[   21.451495]  dump_backtrace+0x0/0x1e0
[   21.451497]  show_stack+0x30/0x40
[   21.451498]  dump_stack+0xf0/0x130
[   21.451552]  nvgpu_mm_pin+0x13c/0x1a0 [nvgpu]
[   21.451607]  nvgpu_vm_map_linux+0x110/0x290 [nvgpu]
[   21.451661]  nvgpu_vm_map_buffer+0x4d0/0x55c [nvgpu]
[   21.451715]  gk20a_as_ioctl_map_buffer_batch.isra.0+0x200/0x27c [nvgpu]
[   21.451769]  gk20a_as_dev_ioctl+0x8a8/0xab0 [nvgpu]
[   21.451771]  __arm64_sys_ioctl+0xac/0xf0
[   21.451774]  el0_svc_common.constprop.0+0x80/0x1d0
[   21.451776]  do_el0_svc+0x38/0xc0
[   21.451778]  el0_svc+0x1c/0x30
[   21.451779]  el0_sync_handler+0xa8/0xb0
[   21.451780]  el0_sync+0x16c/0x180
[   21.451796] DMA_STACK_END: End of stack trace for dma_buf_detach
[   21.451804] FUNC_ENTRY: Entering function nvgpu_iommuable at /mnt/8e8fbd72-3ef4-4af6-854c-33dbfb634ac7/jetson_linux_r35_6_1/Linux_for_Tegra/source/public/kernel/nvgpu/drivers/gpu/nvgpu/os/linux/linux-dma.c:635
[   21.451811] FUNC_ENTRY: Entering function nvgpu_iommuable at /mnt/8e8fbd72-3ef4-4af6-854c-33dbfb634ac7/jetson_linux_r35_6_1/Linux_for_Tegra/source/public/kernel/nvgpu/drivers/gpu/nvgpu/os/linux/linux-dma.c:635
[   21.451815] FUNC_ENTRY: Entering function nvgpu_iommuable at /mnt/8e8fbd72-3ef4-4af6-854c-33dbfb634ac7/jetson_linux_r35_6_1/Linux_for_Tegra/source/public/kernel/nvgpu/drivers/gpu/nvgpu/os/linux/linux-dma.c:635
[   21.451819] FUNC_ENTRY: Entering function nvgpu_iommuable at /mnt/8e8fbd72-3ef4-4af6-854c-33dbfb634ac7/jetson_linux_r35_6_1/Linux_for_Tegra/source/public/kernel/nvgpu/drivers/gpu/nvgpu/os/linux/linux-dma.c:635
[   21.451824] FUNC_ENTRY: Entering function nvgpu_iommuable at /mnt/8e8fbd72-3ef4-4af6-854c-33dbfb634ac7/jetson_linux_r35_6_1/Linux_for_Tegra/source/public/kernel/nvgpu/drivers/gpu/nvgpu/os/linux/linux-dma.c:635
[   21.451827] FUNC_ENTRY: Entering function nvgpu_iommuable at /mnt/8e8fbd72-3ef4-4af6-854c-33dbfb634ac7/jetson_linux_r35_6_1/Linux_for_Tegra/source/public/kernel/nvgpu/drivers/gpu/nvgpu/os/linux/linux-dma.c:635
[   21.451834] USER_COPY: About to call copy_from_user from function gk20a_as_ioctl_map_buffer_batch at /mnt/8e8fbd72-3ef4-4af6-854c-33dbfb634ac7/jetson_linux_r35_6_1/Linux_for_Tegra/source/public/kernel/nvgpu/drivers/gpu/nvgpu/os/linux/ioctl_as.c:211
[   21.451836] USER_COPY_CONTEXT: Process PID=2095, COMM=gnome-shell
[   21.451842] DMA_INSTRUMENT: About to call dma_buf_get from function nvgpu_vm_map_buffer at /mnt/8e8fbd72-3ef4-4af6-854c-33dbfb634ac7/jetson_linux_r35_6_1/Linux_for_Tegra/source/public/kernel/nvgpu/drivers/gpu/nvgpu/os/linux/vm.c:388
[   21.451844] DMA_STACK_START: Stack trace for dma_buf_get called from nvgpu_vm_map_buffer
[   21.451846] CPU: 3 PID: 2095 Comm: gnome-shell Tainted: G           OE     5.10.216-tegra #1
[   21.451849] Hardware name: NVIDIA Jetson AGX Orin Developer Kit/Jetson, BIOS 6.1-39721438 03/04/2025
[   21.451851] Call trace:
[   21.451855]  dump_backtrace+0x0/0x1e0
[   21.451861]  show_stack+0x30/0x40
[   21.451864]  dump_stack+0xf0/0x130
[   21.451920]  nvgpu_vm_map_buffer+0xb8/0x55c [nvgpu]
[   21.451976]  gk20a_as_ioctl_map_buffer_batch.isra.0+0x200/0x27c [nvgpu]
[   21.452032]  gk20a_as_dev_ioctl+0x8a8/0xab0 [nvgpu]
[   21.452039]  __arm64_sys_ioctl+0xac/0xf0
[   21.452042]  el0_svc_common.constprop.0+0x80/0x1d0
[   21.452045]  do_el0_svc+0x38/0xc0
[   21.452047]  el0_svc+0x1c/0x30
[   21.452049]  el0_sync_handler+0xa8/0xb0
[   21.452050]  el0_sync+0x16c/0x180
[   21.452051] DMA_STACK_END: End of stack trace for dma_buf_get
[   21.452053] DMA_INSTRUMENT: About to call dma_buf_put from function nvgpu_vm_map_buffer at /mnt/8e8fbd72-3ef4-4af6-854c-33dbfb634ac7/jetson_linux_r35_6_1/Linux_for_Tegra/source/public/kernel/nvgpu/drivers/gpu/nvgpu/os/linux/vm.c:403
[   21.452054] DMA_STACK_START: Stack trace for dma_buf_put called from nvgpu_vm_map_buffer
[   21.452056] CPU: 3 PID: 2095 Comm: gnome-shell Tainted: G           OE     5.10.216-tegra #1
[   21.452058] Hardware name: NVIDIA Jetson AGX Orin Developer Kit/Jetson, BIOS 6.1-39721438 03/04/2025
[   21.452058] Call trace:
[   21.452060]  dump_backtrace+0x0/0x1e0
[   21.452062]  show_stack+0x30/0x40
[   21.452064]  dump_stack+0xf0/0x130
[   21.452117]  nvgpu_vm_map_buffer+0x140/0x55c [nvgpu]
[   21.452171]  gk20a_as_ioctl_map_buffer_batch.isra.0+0x200/0x27c [nvgpu]
[   21.452225]  gk20a_as_dev_ioctl+0x8a8/0xab0 [nvgpu]
[   21.452231]  __arm64_sys_ioctl+0xac/0xf0
[   21.452234]  el0_svc_common.constprop.0+0x80/0x1d0
[   21.452238]  do_el0_svc+0x38/0xc0
[   21.452241]  el0_svc+0x1c/0x30
[   21.452245]  el0_sync_handler+0xa8/0xb0
[   21.452250]  el0_sync+0x16c/0x180
[   21.452252] DMA_STACK_END: End of stack trace for dma_buf_put
[   21.452254] DMA_INSTRUMENT: About to call dma_buf_put from function nvgpu_vm_map_buffer at /mnt/8e8fbd72-3ef4-4af6-854c-33dbfb634ac7/jetson_linux_r35_6_1/Linux_for_Tegra/source/public/kernel/nvgpu/drivers/gpu/nvgpu/os/linux/vm.c:419
[   21.452257] DMA_STACK_START: Stack trace for dma_buf_put called from nvgpu_vm_map_buffer
[   21.452259] CPU: 3 PID: 2095 Comm: gnome-shell Tainted: G           OE     5.10.216-tegra #1
[   21.452263] Hardware name: NVIDIA Jetson AGX Orin Developer Kit/Jetson, BIOS 6.1-39721438 03/04/2025
[   21.452267] Call trace:
[   21.452270]  dump_backtrace+0x0/0x1e0
[   21.452273]  show_stack+0x30/0x40
[   21.452276]  dump_stack+0xf0/0x130
[   21.452332]  nvgpu_vm_map_buffer+0x1a4/0x55c [nvgpu]
[   21.452389]  gk20a_as_ioctl_map_buffer_batch.isra.0+0x200/0x27c [nvgpu]
[   21.452447]  gk20a_as_dev_ioctl+0x8a8/0xab0 [nvgpu]
[   21.452451]  __arm64_sys_ioctl+0xac/0xf0
[   21.452456]  el0_svc_common.constprop.0+0x80/0x1d0
[   21.452459]  do_el0_svc+0x38/0xc0
[   21.452462]  el0_svc+0x1c/0x30
[   21.452465]  el0_sync_handler+0xa8/0xb0
[   21.452468]  el0_sync+0x16c/0x180
[   21.452474] DMA_STACK_END: End of stack trace for dma_buf_put
[   21.452476] DMA_INSTRUMENT: About to call dma_buf_put from function nvgpu_vm_map_buffer at /mnt/8e8fbd72-3ef4-4af6-854c-33dbfb634ac7/jetson_linux_r35_6_1/Linux_for_Tegra/source/public/kernel/nvgpu/drivers/gpu/nvgpu/os/linux/vm.c:436
[   21.452479] DMA_STACK_START: Stack trace for dma_buf_put called from nvgpu_vm_map_buffer
[   21.452481] CPU: 3 PID: 2095 Comm: gnome-shell Tainted: G           OE     5.10.216-tegra #1
[   21.452484] Hardware name: NVIDIA Jetson AGX Orin Developer Kit/Jetson, BIOS 6.1-39721438 03/04/2025
[   21.452486] Call trace:
[   21.452490]  dump_backtrace+0x0/0x1e0
[   21.452493]  show_stack+0x30/0x40
[   21.452498]  dump_stack+0xf0/0x130
[   21.452553]  nvgpu_vm_map_buffer+0x20c/0x55c [nvgpu]
[   21.452608]  gk20a_as_ioctl_map_buffer_batch.isra.0+0x200/0x27c [nvgpu]
[   21.452663]  gk20a_as_dev_ioctl+0x8a8/0xab0 [nvgpu]
[   21.452665]  __arm64_sys_ioctl+0xac/0xf0
[   21.452669]  el0_svc_common.constprop.0+0x80/0x1d0
[   21.452670]  do_el0_svc+0x38/0xc0
[   21.452672]  el0_svc+0x1c/0x30
[   21.452673]  el0_sync_handler+0xa8/0xb0
[   21.452675]  el0_sync+0x16c/0x180
[   21.452675] DMA_STACK_END: End of stack trace for dma_buf_put
[   21.452677] DMA_INSTRUMENT: About to call dma_buf_put from function nvgpu_vm_map_buffer at /mnt/8e8fbd72-3ef4-4af6-854c-33dbfb634ac7/jetson_linux_r35_6_1/Linux_for_Tegra/source/public/kernel/nvgpu/drivers/gpu/nvgpu/os/linux/vm.c:450
[   21.452678] DMA_STACK_START: Stack trace for dma_buf_put called from nvgpu_vm_map_buffer
[   21.452679] CPU: 3 PID: 2095 Comm: gnome-shell Tainted: G           OE     5.10.216-tegra #1
[   21.452680] Hardware name: NVIDIA Jetson AGX Orin Developer Kit/Jetson, BIOS 6.1-39721438 03/04/2025
[   21.452680] Call trace:
[   21.452682]  dump_backtrace+0x0/0x1e0
[   21.452684]  show_stack+0x30/0x40
[   21.452686]  dump_stack+0xf0/0x130
[   21.452739]  nvgpu_vm_map_buffer+0x2d8/0x55c [nvgpu]
[   21.452793]  gk20a_as_ioctl_map_buffer_batch.isra.0+0x200/0x27c [nvgpu]
[   21.452851]  gk20a_as_dev_ioctl+0x8a8/0xab0 [nvgpu]
[   21.452857]  __arm64_sys_ioctl+0xac/0xf0
[   21.452860]  el0_svc_common.constprop.0+0x80/0x1d0
[   21.452864]  do_el0_svc+0x38/0xc0
[   21.452867]  el0_svc+0x1c/0x30
[   21.452870]  el0_sync_handler+0xa8/0xb0
[   21.452875]  el0_sync+0x16c/0x180
[   21.452877] DMA_STACK_END: End of stack trace for dma_buf_put
[   21.452880] DMA_INSTRUMENT: About to call dma_buf_put from function nvgpu_vm_map_buffer at /mnt/8e8fbd72-3ef4-4af6-854c-33dbfb634ac7/jetson_linux_r35_6_1/Linux_for_Tegra/source/public/kernel/nvgpu/drivers/gpu/nvgpu/os/linux/vm.c:460
[   21.452883] DMA_STACK_START: Stack trace for dma_buf_put called from nvgpu_vm_map_buffer
[   21.452885] CPU: 3 PID: 2095 Comm: gnome-shell Tainted: G           OE     5.10.216-tegra #1
[   21.452887] Hardware name: NVIDIA Jetson AGX Orin Developer Kit/Jetson, BIOS 6.1-39721438 03/04/2025
[   21.452890] Call trace:
[   21.452896]  dump_backtrace+0x0/0x1e0
[   21.452899]  show_stack+0x30/0x40
[   21.452903]  dump_stack+0xf0/0x130
[   21.452957]  nvgpu_vm_map_buffer+0x334/0x55c [nvgpu]
[   21.453014]  gk20a_as_ioctl_map_buffer_batch.isra.0+0x200/0x27c [nvgpu]
[   21.453071]  gk20a_as_dev_ioctl+0x8a8/0xab0 [nvgpu]
[   21.453076]  __arm64_sys_ioctl+0xac/0xf0
[   21.453080]  el0_svc_common.constprop.0+0x80/0x1d0
[   21.453083]  do_el0_svc+0x38/0xc0
[   21.453086]  el0_svc+0x1c/0x30
[   21.453089]  el0_sync_handler+0xa8/0xb0
[   21.453093]  el0_sync+0x16c/0x180
[   21.453097] DMA_STACK_END: End of stack trace for dma_buf_put
[   21.453099] DMA_INSTRUMENT: About to call dma_buf_put from function nvgpu_vm_map_buffer at /mnt/8e8fbd72-3ef4-4af6-854c-33dbfb634ac7/jetson_linux_r35_6_1/Linux_for_Tegra/source/public/kernel/nvgpu/drivers/gpu/nvgpu/os/linux/vm.c:472
[   21.453101] DMA_STACK_START: Stack trace for dma_buf_put called from nvgpu_vm_map_buffer
[   21.453104] CPU: 3 PID: 2095 Comm: gnome-shell Tainted: G           OE     5.10.216-tegra #1
[   21.453106] Hardware name: NVIDIA Jetson AGX Orin Developer Kit/Jetson, BIOS 6.1-39721438 03/04/2025
[   21.453109] Call trace:
[   21.453115]  dump_backtrace+0x0/0x1e0
[   21.453118]  show_stack+0x30/0x40
[   21.453122]  dump_stack+0xf0/0x130
[   21.453175]  nvgpu_vm_map_buffer+0x47c/0x55c [nvgpu]
[   21.453233]  gk20a_as_ioctl_map_buffer_batch.isra.0+0x200/0x27c [nvgpu]
[   21.453288]  gk20a_as_dev_ioctl+0x8a8/0xab0 [nvgpu]
[   21.453291]  __arm64_sys_ioctl+0xac/0xf0
[   21.453293]  el0_svc_common.constprop.0+0x80/0x1d0
[   21.453295]  do_el0_svc+0x38/0xc0
[   21.453297]  el0_svc+0x1c/0x30
[   21.453298]  el0_sync_handler+0xa8/0xb0
[   21.453299]  el0_sync+0x16c/0x180
[   21.453300] DMA_STACK_END: End of stack trace for dma_buf_put
[   21.453301] DMA_INSTRUMENT: About to call dma_buf_attach from function nvgpu_mm_pin at /mnt/8e8fbd72-3ef4-4af6-854c-33dbfb634ac7/jetson_linux_r35_6_1/Linux_for_Tegra/source/public/kernel/nvgpu/drivers/gpu/nvgpu/os/linux/dmabuf_priv.c:184
[   21.453302] DMA_STACK_START: Stack trace for dma_buf_attach called from nvgpu_mm_pin
[   21.453305] CPU: 3 PID: 2095 Comm: gnome-shell Tainted: G           OE     5.10.216-tegra #1
[   21.453307] Hardware name: NVIDIA Jetson AGX Orin Developer Kit/Jetson, BIOS 6.1-39721438 03/04/2025
[   21.453308] Call trace:
[   21.453310]  dump_backtrace+0x0/0x1e0
[   21.453311]  show_stack+0x30/0x40
[   21.453313]  dump_stack+0xf0/0x130
[   21.453366]  nvgpu_mm_pin+0x7c/0x1a0 [nvgpu]
[   21.453421]  nvgpu_vm_map_linux+0x110/0x290 [nvgpu]
[   21.453476]  nvgpu_vm_map_buffer+0x4d0/0x55c [nvgpu]
[   21.453531]  gk20a_as_ioctl_map_buffer_batch.isra.0+0x200/0x27c [nvgpu]
[   21.453587]  gk20a_as_dev_ioctl+0x8a8/0xab0 [nvgpu]
[   21.453593]  __arm64_sys_ioctl+0xac/0xf0
[   21.453598]  el0_svc_common.constprop.0+0x80/0x1d0
[   21.453601]  do_el0_svc+0x38/0xc0
[   21.453604]  el0_svc+0x1c/0x30
[   21.453607]  el0_sync_handler+0xa8/0xb0
[   21.453611]  el0_sync+0x16c/0x180
[   21.453615] DMA_STACK_END: End of stack trace for dma_buf_attach
[   21.453617] DMA_INSTRUMENT: About to call dma_buf_map_attachment from function nvgpu_mm_pin at /mnt/8e8fbd72-3ef4-4af6-854c-33dbfb634ac7/jetson_linux_r35_6_1/Linux_for_Tegra/source/public/kernel/nvgpu/drivers/gpu/nvgpu/os/linux/dmabuf_priv.c:195
[   21.453618] DMA_STACK_START: Stack trace for dma_buf_map_attachment called from nvgpu_mm_pin
[   21.453619] CPU: 3 PID: 2095 Comm: gnome-shell Tainted: G           OE     5.10.216-tegra #1
[   21.453620] Hardware name: NVIDIA Jetson AGX Orin Developer Kit/Jetson, BIOS 6.1-39721438 03/04/2025
[   21.453621] Call trace:
[   21.453623]  dump_backtrace+0x0/0x1e0
[   21.453624]  show_stack+0x30/0x40
[   21.453626]  dump_stack+0xf0/0x130
[   21.453679]  nvgpu_mm_pin+0xf4/0x1a0 [nvgpu]
[   21.453738]  nvgpu_vm_map_linux+0x110/0x290 [nvgpu]
[   21.453795]  nvgpu_vm_map_buffer+0x4d0/0x55c [nvgpu]
[   21.453853]  gk20a_as_ioctl_map_buffer_batch.isra.0+0x200/0x27c [nvgpu]
[   21.453909]  gk20a_as_dev_ioctl+0x8a8/0xab0 [nvgpu]
[   21.453912]  __arm64_sys_ioctl+0xac/0xf0
[   21.453914]  el0_svc_common.constprop.0+0x80/0x1d0
[   21.453916]  do_el0_svc+0x38/0xc0
[   21.453917]  el0_svc+0x1c/0x30
[   21.453919]  el0_sync_handler+0xa8/0xb0
[   21.453920]  el0_sync+0x16c/0x180
[   21.453921] DMA_STACK_END: End of stack trace for dma_buf_map_attachment
[   21.453922] DMA_INSTRUMENT: About to call dma_buf_detach from function nvgpu_mm_pin at /mnt/8e8fbd72-3ef4-4af6-854c-33dbfb634ac7/jetson_linux_r35_6_1/Linux_for_Tegra/source/public/kernel/nvgpu/drivers/gpu/nvgpu/os/linux/dmabuf_priv.c:200
[   21.453923] DMA_STACK_START: Stack trace for dma_buf_detach called from nvgpu_mm_pin
[   21.453924] CPU: 3 PID: 2095 Comm: gnome-shell Tainted: G           OE     5.10.216-tegra #1
[   21.453925] Hardware name: NVIDIA Jetson AGX Orin Developer Kit/Jetson, BIOS 6.1-39721438 03/04/2025
[   21.453927] Call trace:
[   21.453930]  dump_backtrace+0x0/0x1e0
[   21.453932]  show_stack+0x30/0x40
[   21.453934]  dump_stack+0xf0/0x130
[   21.453987]  nvgpu_mm_pin+0x13c/0x1a0 [nvgpu]
[   21.454042]  nvgpu_vm_map_linux+0x110/0x290 [nvgpu]
[   21.454096]  nvgpu_vm_map_buffer+0x4d0/0x55c [nvgpu]
[   21.454149]  gk20a_as_ioctl_map_buffer_batch.isra.0+0x200/0x27c [nvgpu]
[   21.454203]  gk20a_as_dev_ioctl+0x8a8/0xab0 [nvgpu]
[   21.454205]  __arm64_sys_ioctl+0xac/0xf0
[   21.454209]  el0_svc_common.constprop.0+0x80/0x1d0
[   21.454210]  do_el0_svc+0x38/0xc0
[   21.454212]  el0_svc+0x1c/0x30
[   21.454214]  el0_sync_handler+0xa8/0xb0
[   21.454215]  el0_sync+0x16c/0x180
[   21.454216] DMA_STACK_END: End of stack trace for dma_buf_detach
[   21.454219] FUNC_ENTRY: Entering function nvgpu_iommuable at /mnt/8e8fbd72-3ef4-4af6-854c-33dbfb634ac7/jetson_linux_r35_6_1/Linux_for_Tegra/source/public/kernel/nvgpu/drivers/gpu/nvgpu/os/linux/linux-dma.c:635
[   21.454222] FUNC_ENTRY: Entering function nvgpu_iommuable at /mnt/8e8fbd72-3ef4-4af6-854c-33dbfb634ac7/jetson_linux_r35_6_1/Linux_for_Tegra/source/public/kernel/nvgpu/drivers/gpu/nvgpu/os/linux/linux-dma.c:635
[   21.454224] FUNC_ENTRY: Entering function nvgpu_iommuable at /mnt/8e8fbd72-3ef4-4af6-854c-33dbfb634ac7/jetson_linux_r35_6_1/Linux_for_Tegra/source/public/kernel/nvgpu/drivers/gpu/nvgpu/os/linux/linux-dma.c:635
[   21.454225] FUNC_ENTRY: Entering function nvgpu_iommuable at /mnt/8e8fbd72-3ef4-4af6-854c-33dbfb634ac7/jetson_linux_r35_6_1/Linux_for_Tegra/source/public/kernel/nvgpu/drivers/gpu/nvgpu/os/linux/linux-dma.c:635
[   21.454226] FUNC_ENTRY: Entering function nvgpu_iommuable at /mnt/8e8fbd72-3ef4-4af6-854c-33dbfb634ac7/jetson_linux_r35_6_1/Linux_for_Tegra/source/public/kernel/nvgpu/drivers/gpu/nvgpu/os/linux/linux-dma.c:635
[   21.454228] FUNC_ENTRY: Entering function nvgpu_iommuable at /mnt/8e8fbd72-3ef4-4af6-854c-33dbfb634ac7/jetson_linux_r35_6_1/Linux_for_Tegra/source/public/kernel/nvgpu/drivers/gpu/nvgpu/os/linux/linux-dma.c:635
[   21.454231] USER_COPY: About to call copy_from_user from function gk20a_as_ioctl_map_buffer_batch at /mnt/8e8fbd72-3ef4-4af6-854c-33dbfb634ac7/jetson_linux_r35_6_1/Linux_for_Tegra/source/public/kernel/nvgpu/drivers/gpu/nvgpu/os/linux/ioctl_as.c:211
[   21.454232] USER_COPY_CONTEXT: Process PID=2095, COMM=gnome-shell
[   21.454234] DMA_INSTRUMENT: About to call dma_buf_get from function nvgpu_vm_map_buffer at /mnt/8e8fbd72-3ef4-4af6-854c-33dbfb634ac7/jetson_linux_r35_6_1/Linux_for_Tegra/source/public/kernel/nvgpu/drivers/gpu/nvgpu/os/linux/vm.c:388
[   21.454235] DMA_STACK_START: Stack trace for dma_buf_get called from nvgpu_vm_map_buffer
[   21.454236] CPU: 3 PID: 2095 Comm: gnome-shell Tainted: G           OE     5.10.216-tegra #1
[   21.454237] Hardware name: NVIDIA Jetson AGX Orin Developer Kit/Jetson, BIOS 6.1-39721438 03/04/2025
[   21.454237] Call trace:
[   21.454239]  dump_backtrace+0x0/0x1e0
[   21.454242]  show_stack+0x30/0x40
[   21.454245]  dump_stack+0xf0/0x130
[   21.454298]  nvgpu_vm_map_buffer+0xb8/0x55c [nvgpu]
[   21.454351]  gk20a_as_ioctl_map_buffer_batch.isra.0+0x200/0x27c [nvgpu]
[   21.454405]  gk20a_as_dev_ioctl+0x8a8/0xab0 [nvgpu]
[   21.454407]  __arm64_sys_ioctl+0xac/0xf0
[   21.454410]  el0_svc_common.constprop.0+0x80/0x1d0
[   21.454412]  do_el0_svc+0x38/0xc0
[   21.454414]  el0_svc+0x1c/0x30
[   21.454415]  el0_sync_handler+0xa8/0xb0
[   21.454417]  el0_sync+0x16c/0x180
[   21.454417] DMA_STACK_END: End of stack trace for dma_buf_get
[   21.454419] DMA_INSTRUMENT: About to call dma_buf_put from function nvgpu_vm_map_buffer at /mnt/8e8fbd72-3ef4-4af6-854c-33dbfb634ac7/jetson_linux_r35_6_1/Linux_for_Tegra/source/public/kernel/nvgpu/drivers/gpu/nvgpu/os/linux/vm.c:403
[   21.454420] DMA_STACK_START: Stack trace for dma_buf_put called from nvgpu_vm_map_buffer
[   21.454421] CPU: 3 PID: 2095 Comm: gnome-shell Tainted: G           OE     5.10.216-tegra #1
[   21.454422] Hardware name: NVIDIA Jetson AGX Orin Developer Kit/Jetson, BIOS 6.1-39721438 03/04/2025
[   21.454423] Call trace:
[   21.454426]  dump_backtrace+0x0/0x1e0
[   21.454428]  show_stack+0x30/0x40
[   21.454430]  dump_stack+0xf0/0x130
[   21.454482]  nvgpu_vm_map_buffer+0x140/0x55c [nvgpu]
[   21.454536]  gk20a_as_ioctl_map_buffer_batch.isra.0+0x200/0x27c [nvgpu]
[   21.454589]  gk20a_as_dev_ioctl+0x8a8/0xab0 [nvgpu]
[   21.454591]  __arm64_sys_ioctl+0xac/0xf0
[   21.454595]  el0_svc_common.constprop.0+0x80/0x1d0
[   21.454596]  do_el0_svc+0x38/0xc0
[   21.454598]  el0_svc+0x1c/0x30
[   21.454599]  el0_sync_handler+0xa8/0xb0
[   21.454601]  el0_sync+0x16c/0x180
[   21.454601] DMA_STACK_END: End of stack trace for dma_buf_put
[   21.454603] DMA_INSTRUMENT: About to call dma_buf_put from function nvgpu_vm_map_buffer at /mnt/8e8fbd72-3ef4-4af6-854c-33dbfb634ac7/jetson_linux_r35_6_1/Linux_for_Tegra/source/public/kernel/nvgpu/drivers/gpu/nvgpu/os/linux/vm.c:419
[   21.454604] DMA_STACK_START: Stack trace for dma_buf_put called from nvgpu_vm_map_buffer
[   21.454605] CPU: 3 PID: 2095 Comm: gnome-shell Tainted: G           OE     5.10.216-tegra #1
[   21.454606] Hardware name: NVIDIA Jetson AGX Orin Developer Kit/Jetson, BIOS 6.1-39721438 03/04/2025
[   21.454607] Call trace:
[   21.454610]  dump_backtrace+0x0/0x1e0
[   21.454612]  show_stack+0x30/0x40
[   21.454614]  dump_stack+0xf0/0x130
[   21.454666]  nvgpu_vm_map_buffer+0x1a4/0x55c [nvgpu]
[   21.454719]  gk20a_as_ioctl_map_buffer_batch.isra.0+0x200/0x27c [nvgpu]
[   21.454774]  gk20a_as_dev_ioctl+0x8a8/0xab0 [nvgpu]
[   21.454776]  __arm64_sys_ioctl+0xac/0xf0
[   21.454779]  el0_svc_common.constprop.0+0x80/0x1d0
[   21.454781]  do_el0_svc+0x38/0xc0
[   21.454782]  el0_svc+0x1c/0x30
[   21.454784]  el0_sync_handler+0xa8/0xb0
[   21.454785]  el0_sync+0x16c/0x180
[   21.454786] DMA_STACK_END: End of stack trace for dma_buf_put
[   21.454787] DMA_INSTRUMENT: About to call dma_buf_put from function nvgpu_vm_map_buffer at /mnt/8e8fbd72-3ef4-4af6-854c-33dbfb634ac7/jetson_linux_r35_6_1/Linux_for_Tegra/source/public/kernel/nvgpu/drivers/gpu/nvgpu/os/linux/vm.c:436
[   21.454788] DMA_STACK_START: Stack trace for dma_buf_put called from nvgpu_vm_map_buffer
[   21.454789] CPU: 3 PID: 2095 Comm: gnome-shell Tainted: G           OE     5.10.216-tegra #1
[   21.454791] Hardware name: NVIDIA Jetson AGX Orin Developer Kit/Jetson, BIOS 6.1-39721438 03/04/2025
[   21.454793] Call trace:
[   21.454795]  dump_backtrace+0x0/0x1e0
[   21.454797]  show_stack+0x30/0x40
[   21.454798]  dump_stack+0xf0/0x130
[   21.454851]  nvgpu_vm_map_buffer+0x20c/0x55c [nvgpu]
[   21.454904]  gk20a_as_ioctl_map_buffer_batch.isra.0+0x200/0x27c [nvgpu]
[   21.454958]  gk20a_as_dev_ioctl+0x8a8/0xab0 [nvgpu]
[   21.454960]  __arm64_sys_ioctl+0xac/0xf0
[   21.454964]  el0_svc_common.constprop.0+0x80/0x1d0
[   21.454966]  do_el0_svc+0x38/0xc0
[   21.454967]  el0_svc+0x1c/0x30
[   21.454969]  el0_sync_handler+0xa8/0xb0
[   21.454970]  el0_sync+0x16c/0x180
[   21.454971] DMA_STACK_END: End of stack trace for dma_buf_put
[   21.454972] DMA_INSTRUMENT: About to call dma_buf_put from function nvgpu_vm_map_buffer at /mnt/8e8fbd72-3ef4-4af6-854c-33dbfb634ac7/jetson_linux_r35_6_1/Linux_for_Tegra/source/public/kernel/nvgpu/drivers/gpu/nvgpu/os/linux/vm.c:450
[   21.454973] DMA_STACK_START: Stack trace for dma_buf_put called from nvgpu_vm_map_buffer
[   21.454974] CPU: 3 PID: 2095 Comm: gnome-shell Tainted: G           OE     5.10.216-tegra #1
[   21.454975] Hardware name: NVIDIA Jetson AGX Orin Developer Kit/Jetson, BIOS 6.1-39721438 03/04/2025
[   21.454976] Call trace:
[   21.454978]  dump_backtrace+0x0/0x1e0
[   21.454980]  show_stack+0x30/0x40
[   21.454983]  dump_stack+0xf0/0x130
[   21.455036]  nvgpu_vm_map_buffer+0x2d8/0x55c [nvgpu]
[   21.455089]  gk20a_as_ioctl_map_buffer_batch.isra.0+0x200/0x27c [nvgpu]
[   21.455143]  gk20a_as_dev_ioctl+0x8a8/0xab0 [nvgpu]
[   21.455145]  __arm64_sys_ioctl+0xac/0xf0
[   21.455148]  el0_svc_common.constprop.0+0x80/0x1d0
[   21.455150]  do_el0_svc+0x38/0xc0
[   21.455152]  el0_svc+0x1c/0x30
[   21.455153]  el0_sync_handler+0xa8/0xb0
[   21.455154]  el0_sync+0x16c/0x180
[   21.455155] DMA_STACK_END: End of stack trace for dma_buf_put
[   21.455156] DMA_INSTRUMENT: About to call dma_buf_put from function nvgpu_vm_map_buffer at /mnt/8e8fbd72-3ef4-4af6-854c-33dbfb634ac7/jetson_linux_r35_6_1/Linux_for_Tegra/source/public/kernel/nvgpu/drivers/gpu/nvgpu/os/linux/vm.c:460
[   21.455157] DMA_STACK_START: Stack trace for dma_buf_put called from nvgpu_vm_map_buffer
[   21.455158] CPU: 3 PID: 2095 Comm: gnome-shell Tainted: G           OE     5.10.216-tegra #1
[   21.455159] Hardware name: NVIDIA Jetson AGX Orin Developer Kit/Jetson, BIOS 6.1-39721438 03/04/2025
[   21.455160] Call trace:
[   21.455162]  dump_backtrace+0x0/0x1e0
[   21.455165]  show_stack+0x30/0x40
[   21.455167]  dump_stack+0xf0/0x130
[   21.455220]  nvgpu_vm_map_buffer+0x334/0x55c [nvgpu]
[   21.455273]  gk20a_as_ioctl_map_buffer_batch.isra.0+0x200/0x27c [nvgpu]
[   21.455327]  gk20a_as_dev_ioctl+0x8a8/0xab0 [nvgpu]
[   21.455329]  __arm64_sys_ioctl+0xac/0xf0
[   21.455332]  el0_svc_common.constprop.0+0x80/0x1d0
[   21.455334]  do_el0_svc+0x38/0xc0
[   21.455335]  el0_svc+0x1c/0x30
[   21.455337]  el0_sync_handler+0xa8/0xb0
[   21.455338]  el0_sync+0x16c/0x180
[   21.455339] DMA_STACK_END: End of stack trace for dma_buf_put
[   21.455340] DMA_INSTRUMENT: About to call dma_buf_put from function nvgpu_vm_map_buffer at /mnt/8e8fbd72-3ef4-4af6-854c-33dbfb634ac7/jetson_linux_r35_6_1/Linux_for_Tegra/source/public/kernel/nvgpu/drivers/gpu/nvgpu/os/linux/vm.c:472
[   21.455341] DMA_STACK_START: Stack trace for dma_buf_put called from nvgpu_vm_map_buffer
[   21.455342] CPU: 3 PID: 2095 Comm: gnome-shell Tainted: G           OE     5.10.216-tegra #1
[   21.455344] Hardware name: NVIDIA Jetson AGX Orin Developer Kit/Jetson, BIOS 6.1-39721438 03/04/2025
[   21.455346] Call trace:
[   21.455348]  dump_backtrace+0x0/0x1e0
[   21.455350]  show_stack+0x30/0x40
[   21.455352]  dump_stack+0xf0/0x130
[   21.455404]  nvgpu_vm_map_buffer+0x47c/0x55c [nvgpu]
[   21.455457]  gk20a_as_ioctl_map_buffer_batch.isra.0+0x200/0x27c [nvgpu]
[   21.455512]  gk20a_as_dev_ioctl+0x8a8/0xab0 [nvgpu]
[   21.455513]  __arm64_sys_ioctl+0xac/0xf0
[   21.455516]  el0_svc_common.constprop.0+0x80/0x1d0
[   21.455518]  do_el0_svc+0x38/0xc0
[   21.455520]  el0_svc+0x1c/0x30
[   21.455521]  el0_sync_handler+0xa8/0xb0
[   21.455522]  el0_sync+0x16c/0x180
[   21.455523] DMA_STACK_END: End of stack trace for dma_buf_put
[   21.455524] DMA_INSTRUMENT: About to call dma_buf_attach from function nvgpu_mm_pin at /mnt/8e8fbd72-3ef4-4af6-854c-33dbfb634ac7/jetson_linux_r35_6_1/Linux_for_Tegra/source/public/kernel/nvgpu/drivers/gpu/nvgpu/os/linux/dmabuf_priv.c:184
[   21.455525] DMA_STACK_START: Stack trace for dma_buf_attach called from nvgpu_mm_pin
[   21.455527] CPU: 3 PID: 2095 Comm: gnome-shell Tainted: G           OE     5.10.216-tegra #1
[   21.455528] Hardware name: NVIDIA Jetson AGX Orin Developer Kit/Jetson, BIOS 6.1-39721438 03/04/2025
[   21.455530] Call trace:
[   21.455532]  dump_backtrace+0x0/0x1e0
[   21.455534]  show_stack+0x30/0x40
[   21.455536]  dump_stack+0xf0/0x130
[   21.455589]  nvgpu_mm_pin+0x7c/0x1a0 [nvgpu]
[   21.455644]  nvgpu_vm_map_linux+0x110/0x290 [nvgpu]
[   21.455698]  nvgpu_vm_map_buffer+0x4d0/0x55c [nvgpu]
[   21.455751]  gk20a_as_ioctl_map_buffer_batch.isra.0+0x200/0x27c [nvgpu]
[   21.455804]  gk20a_as_dev_ioctl+0x8a8/0xab0 [nvgpu]
[   21.455805]  __arm64_sys_ioctl+0xac/0xf0
[   21.455807]  el0_svc_common.constprop.0+0x80/0x1d0
[   21.455809]  do_el0_svc+0x38/0xc0
[   21.455811]  el0_svc+0x1c/0x30
[   21.455812]  el0_sync_handler+0xa8/0xb0
[   21.455813]  el0_sync+0x16c/0x180
[   21.455824] DMA_STACK_END: End of stack trace for dma_buf_attach
[   21.455827] DMA_INSTRUMENT: About to call dma_buf_map_attachment from function nvgpu_mm_pin at /mnt/8e8fbd72-3ef4-4af6-854c-33dbfb634ac7/jetson_linux_r35_6_1/Linux_for_Tegra/source/public/kernel/nvgpu/drivers/gpu/nvgpu/os/linux/dmabuf_priv.c:195
[   21.455830] DMA_STACK_START: Stack trace for dma_buf_map_attachment called from nvgpu_mm_pin
[   21.455832] CPU: 3 PID: 2095 Comm: gnome-shell Tainted: G           OE     5.10.216-tegra #1
[   21.455834] Hardware name: NVIDIA Jetson AGX Orin Developer Kit/Jetson, BIOS 6.1-39721438 03/04/2025
[   21.455837] Call trace:
[   21.455840]  dump_backtrace+0x0/0x1e0
[   21.455843]  show_stack+0x30/0x40
[   21.455847]  dump_stack+0xf0/0x130
[   21.455901]  nvgpu_mm_pin+0xf4/0x1a0 [nvgpu]
[   21.455959]  nvgpu_vm_map_linux+0x110/0x290 [nvgpu]
[   21.456015]  nvgpu_vm_map_buffer+0x4d0/0x55c [nvgpu]
[   21.456070]  gk20a_as_ioctl_map_buffer_batch.isra.0+0x200/0x27c [nvgpu]
[   21.456126]  gk20a_as_dev_ioctl+0x8a8/0xab0 [nvgpu]
[   21.456132]  __arm64_sys_ioctl+0xac/0xf0
[   21.456136]  el0_svc_common.constprop.0+0x80/0x1d0
[   21.456139]  do_el0_svc+0x38/0xc0
[   21.456142]  el0_svc+0x1c/0x30
[   21.456145]  el0_sync_handler+0xa8/0xb0
[   21.456147]  el0_sync+0x16c/0x180
[   21.456149] DMA_STACK_END: End of stack trace for dma_buf_map_attachment
[   21.456152] DMA_INSTRUMENT: About to call dma_buf_detach from function nvgpu_mm_pin at /mnt/8e8fbd72-3ef4-4af6-854c-33dbfb634ac7/jetson_linux_r35_6_1/Linux_for_Tegra/source/public/kernel/nvgpu/drivers/gpu/nvgpu/os/linux/dmabuf_priv.c:200
[   21.456157] DMA_STACK_START: Stack trace for dma_buf_detach called from nvgpu_mm_pin
[   21.456161] CPU: 3 PID: 2095 Comm: gnome-shell Tainted: G           OE     5.10.216-tegra #1
[   21.456163] Hardware name: NVIDIA Jetson AGX Orin Developer Kit/Jetson, BIOS 6.1-39721438 03/04/2025
[   21.456165] Call trace:
[   21.456169]  dump_backtrace+0x0/0x1e0
[   21.456172]  show_stack+0x30/0x40
[   21.456175]  dump_stack+0xf0/0x130
[   21.456231]  nvgpu_mm_pin+0x13c/0x1a0 [nvgpu]
[   21.456287]  nvgpu_vm_map_linux+0x110/0x290 [nvgpu]
[   21.456343]  nvgpu_vm_map_buffer+0x4d0/0x55c [nvgpu]
[   21.456398]  gk20a_as_ioctl_map_buffer_batch.isra.0+0x200/0x27c [nvgpu]
[   21.456454]  gk20a_as_dev_ioctl+0x8a8/0xab0 [nvgpu]
[   21.456457]  __arm64_sys_ioctl+0xac/0xf0
[   21.456461]  el0_svc_common.constprop.0+0x80/0x1d0
[   21.456462]  do_el0_svc+0x38/0xc0
[   21.456464]  el0_svc+0x1c/0x30
[   21.456466]  el0_sync_handler+0xa8/0xb0
[   21.456467]  el0_sync+0x16c/0x180
[   21.456468] DMA_STACK_END: End of stack trace for dma_buf_detach
[   21.456471] FUNC_ENTRY: Entering function nvgpu_iommuable at /mnt/8e8fbd72-3ef4-4af6-854c-33dbfb634ac7/jetson_linux_r35_6_1/Linux_for_Tegra/source/public/kernel/nvgpu/drivers/gpu/nvgpu/os/linux/linux-dma.c:635
[   21.456473] FUNC_ENTRY: Entering function nvgpu_iommuable at /mnt/8e8fbd72-3ef4-4af6-854c-33dbfb634ac7/jetson_linux_r35_6_1/Linux_for_Tegra/source/public/kernel/nvgpu/drivers/gpu/nvgpu/os/linux/linux-dma.c:635
[   21.456476] FUNC_ENTRY: Entering function nvgpu_iommuable at /mnt/8e8fbd72-3ef4-4af6-854c-33dbfb634ac7/jetson_linux_r35_6_1/Linux_for_Tegra/source/public/kernel/nvgpu/drivers/gpu/nvgpu/os/linux/linux-dma.c:635
[   21.456477] FUNC_ENTRY: Entering function nvgpu_iommuable at /mnt/8e8fbd72-3ef4-4af6-854c-33dbfb634ac7/jetson_linux_r35_6_1/Linux_for_Tegra/source/public/kernel/nvgpu/drivers/gpu/nvgpu/os/linux/linux-dma.c:635
[   21.456479] FUNC_ENTRY: Entering function nvgpu_iommuable at /mnt/8e8fbd72-3ef4-4af6-854c-33dbfb634ac7/jetson_linux_r35_6_1/Linux_for_Tegra/source/public/kernel/nvgpu/drivers/gpu/nvgpu/os/linux/linux-dma.c:635
[   21.456481] FUNC_ENTRY: Entering function nvgpu_iommuable at /mnt/8e8fbd72-3ef4-4af6-854c-33dbfb634ac7/jetson_linux_r35_6_1/Linux_for_Tegra/source/public/kernel/nvgpu/drivers/gpu/nvgpu/os/linux/linux-dma.c:635
[   21.456486] FUNC_ENTRY: Entering function nvgpu_iommuable at /mnt/8e8fbd72-3ef4-4af6-854c-33dbfb634ac7/jetson_linux_r35_6_1/Linux_for_Tegra/source/public/kernel/nvgpu/drivers/gpu/nvgpu/os/linux/linux-dma.c:635
[   21.456492] USER_COPY: About to call copy_to_user from function gk20a_as_dev_ioctl at /mnt/8e8fbd72-3ef4-4af6-854c-33dbfb634ac7/jetson_linux_r35_6_1/Linux_for_Tegra/source/public/kernel/nvgpu/drivers/gpu/nvgpu/os/linux/ioctl_as.c:603
[   21.456493] USER_COPY_CONTEXT: Process PID=2095, COMM=gnome-shell
[   21.456500] IOCTL_HANDLER: Function gk20a_channel_ioctl called at /mnt/8e8fbd72-3ef4-4af6-854c-33dbfb634ac7/jetson_linux_r35_6_1/Linux_for_Tegra/source/public/kernel/nvgpu/drivers/gpu/nvgpu/os/linux/ioctl_channel.c:1255
[   21.456502] USER_COPY: About to call copy_from_user from function gk20a_channel_ioctl at /mnt/8e8fbd72-3ef4-4af6-854c-33dbfb634ac7/jetson_linux_r35_6_1/Linux_for_Tegra/source/public/kernel/nvgpu/drivers/gpu/nvgpu/os/linux/ioctl_channel.c:1273
[   21.456503] USER_COPY_CONTEXT: Process PID=2095, COMM=gnome-shell
[   21.456506] IOCTL_HANDLER: Function gk20a_ioctl_channel_submit_gpfifo called at /mnt/8e8fbd72-3ef4-4af6-854c-33dbfb634ac7/jetson_linux_r35_6_1/Linux_for_Tegra/source/public/kernel/nvgpu/drivers/gpu/nvgpu/os/linux/ioctl_channel.c:929
[   21.456517] USER_COPY: About to call copy_from_user from function nvgpu_channel_copy_user_gpfifo at /mnt/8e8fbd72-3ef4-4af6-854c-33dbfb634ac7/jetson_linux_r35_6_1/Linux_for_Tegra/source/public/kernel/nvgpu/drivers/gpu/nvgpu/os/linux/linux-channel.c:436
[   21.456518] USER_COPY_CONTEXT: Process PID=2095, COMM=gnome-shell
[   21.456532] USER_COPY: About to call copy_to_user from function gk20a_channel_ioctl at /mnt/8e8fbd72-3ef4-4af6-854c-33dbfb634ac7/jetson_linux_r35_6_1/Linux_for_Tegra/source/public/kernel/nvgpu/drivers/gpu/nvgpu/os/linux/ioctl_channel.c:1661
[   21.456533] USER_COPY_CONTEXT: Process PID=2095, COMM=gnome-shell
[   21.464365] IOCTL_HANDLER: Function gk20a_ctrl_dev_ioctl called at /mnt/8e8fbd72-3ef4-4af6-854c-33dbfb634ac7/jetson_linux_r35_6_1/Linux_for_Tegra/source/public/kernel/nvgpu/drivers/gpu/nvgpu/os/linux/ioctl_ctrl.c:2302
[   21.464369] USER_COPY: About to call copy_from_user from function gk20a_ctrl_dev_ioctl at /mnt/8e8fbd72-3ef4-4af6-854c-33dbfb634ac7/jetson_linux_r35_6_1/Linux_for_Tegra/source/public/kernel/nvgpu/drivers/gpu/nvgpu/os/linux/ioctl_ctrl.c:2332
[   21.464371] USER_COPY_CONTEXT: Process PID=1742, COMM=Xorg
[   21.464374] IOCTL_HANDLER: Function nvgpu_gpu_ioctl_register_buffer called at /mnt/8e8fbd72-3ef4-4af6-854c-33dbfb634ac7/jetson_linux_r35_6_1/Linux_for_Tegra/source/public/kernel/nvgpu/drivers/gpu/nvgpu/os/linux/ioctl_ctrl.c:2167
[   21.464376] USER_COPY: About to call copy_from_user from function nvgpu_gpu_ioctl_register_buffer at /mnt/8e8fbd72-3ef4-4af6-854c-33dbfb634ac7/jetson_linux_r35_6_1/Linux_for_Tegra/source/public/kernel/nvgpu/drivers/gpu/nvgpu/os/linux/ioctl_ctrl.c:2169
[   21.464377] USER_COPY_CONTEXT: Process PID=1742, COMM=Xorg
[   21.464380] DMA_INSTRUMENT: About to call dma_buf_get from function nvgpu_gpu_ioctl_register_buffer at /mnt/8e8fbd72-3ef4-4af6-854c-33dbfb634ac7/jetson_linux_r35_6_1/Linux_for_Tegra/source/public/kernel/nvgpu/drivers/gpu/nvgpu/os/linux/ioctl_ctrl.c:2202
[   21.464382] DMA_STACK_START: Stack trace for dma_buf_get called from nvgpu_gpu_ioctl_register_buffer
[   21.464386] CPU: 0 PID: 1742 Comm: Xorg Tainted: G           OE     5.10.216-tegra #1
[   21.464387] Hardware name: NVIDIA Jetson AGX Orin Developer Kit/Jetson, BIOS 6.1-39721438 03/04/2025
[   21.464389] Call trace:
[   21.464394]  dump_backtrace+0x0/0x1e0
[   21.464397]  show_stack+0x30/0x40
[   21.464401]  dump_stack+0xf0/0x130
[   21.464480]  nvgpu_gpu_ioctl_register_buffer+0x1c0/0x640 [nvgpu]
[   21.464543]  gk20a_ctrl_dev_ioctl+0x1f28/0x2894 [nvgpu]
[   21.464547]  __arm64_sys_ioctl+0xac/0xf0
[   21.464549]  el0_svc_common.constprop.0+0x80/0x1d0
[   21.464551]  do_el0_svc+0x38/0xc0
[   21.464553]  el0_svc+0x1c/0x30
[   21.464555]  el0_sync_handler+0xa8/0xb0
[   21.464556]  el0_sync+0x16c/0x180
[   21.464569] DMA_STACK_END: End of stack trace for dma_buf_get
[   21.464575] DMA_INSTRUMENT: About to call dma_buf_put from function nvgpu_gpu_ioctl_register_buffer at /mnt/8e8fbd72-3ef4-4af6-854c-33dbfb634ac7/jetson_linux_r35_6_1/Linux_for_Tegra/source/public/kernel/nvgpu/drivers/gpu/nvgpu/os/linux/ioctl_ctrl.c:2290
[   21.464576] DMA_STACK_START: Stack trace for dma_buf_put called from nvgpu_gpu_ioctl_register_buffer
[   21.464578] CPU: 0 PID: 1742 Comm: Xorg Tainted: G           OE     5.10.216-tegra #1
[   21.464579] Hardware name: NVIDIA Jetson AGX Orin Developer Kit/Jetson, BIOS 6.1-39721438 03/04/2025
[   21.464580] Call trace:
[   21.464582]  dump_backtrace+0x0/0x1e0
[   21.464584]  show_stack+0x30/0x40
[   21.464586]  dump_stack+0xf0/0x130
[   21.464645]  nvgpu_gpu_ioctl_register_buffer+0x408/0x640 [nvgpu]
[   21.464705]  gk20a_ctrl_dev_ioctl+0x1f28/0x2894 [nvgpu]
[   21.464707]  __arm64_sys_ioctl+0xac/0xf0
[   21.464711]  el0_svc_common.constprop.0+0x80/0x1d0
[   21.464712]  do_el0_svc+0x38/0xc0
[   21.464714]  el0_svc+0x1c/0x30
[   21.464716]  el0_sync_handler+0xa8/0xb0
[   21.464717]  el0_sync+0x16c/0x180
[   21.464718] DMA_STACK_END: End of stack trace for dma_buf_put
[   21.464720] USER_COPY: About to call copy_to_user from function gk20a_ctrl_dev_ioctl at /mnt/8e8fbd72-3ef4-4af6-854c-33dbfb634ac7/jetson_linux_r35_6_1/Linux_for_Tegra/source/public/kernel/nvgpu/drivers/gpu/nvgpu/os/linux/ioctl_ctrl.c:2683
[   21.464722] USER_COPY_CONTEXT: Process PID=1742, COMM=Xorg
[   21.464749] IOCTL_HANDLER: Function gk20a_as_dev_ioctl called at /mnt/8e8fbd72-3ef4-4af6-854c-33dbfb634ac7/jetson_linux_r35_6_1/Linux_for_Tegra/source/public/kernel/nvgpu/drivers/gpu/nvgpu/os/linux/ioctl_as.c:489
[   21.464752] USER_COPY: About to call copy_from_user from function gk20a_as_dev_ioctl at /mnt/8e8fbd72-3ef4-4af6-854c-33dbfb634ac7/jetson_linux_r35_6_1/Linux_for_Tegra/source/public/kernel/nvgpu/drivers/gpu/nvgpu/os/linux/ioctl_as.c:506
[   21.464754] USER_COPY_CONTEXT: Process PID=1742, COMM=Xorg
[   21.464757] IOCTL_HANDLER: Function gk20a_as_ioctl_map_buffer_ex called at /mnt/8e8fbd72-3ef4-4af6-854c-33dbfb634ac7/jetson_linux_r35_6_1/Linux_for_Tegra/source/public/kernel/nvgpu/drivers/gpu/nvgpu/os/linux/ioctl_as.c:118
[   21.464758] [Debug Sri] Entered gk20a_as_ioctl_map_buffer_ex
[   21.470620] DMA_INSTRUMENT: About to call dma_buf_get from function nvgpu_vm_map_buffer at /mnt/8e8fbd72-3ef4-4af6-854c-33dbfb634ac7/jetson_linux_r35_6_1/Linux_for_Tegra/source/public/kernel/nvgpu/drivers/gpu/nvgpu/os/linux/vm.c:388
[   21.470621] DMA_STACK_START: Stack trace for dma_buf_get called from nvgpu_vm_map_buffer
[   21.470623] CPU: 0 PID: 1742 Comm: Xorg Tainted: G           OE     5.10.216-tegra #1
[   21.470624] Hardware name: NVIDIA Jetson AGX Orin Developer Kit/Jetson, BIOS 6.1-39721438 03/04/2025
[   21.470626] Call trace:
[   21.470628]  dump_backtrace+0x0/0x1e0
[   21.470630]  show_stack+0x30/0x40
[   21.470632]  dump_stack+0xf0/0x130
[   21.470694]  nvgpu_vm_map_buffer+0xb8/0x55c [nvgpu]
[   21.470752]  gk20a_as_dev_ioctl+0x5a8/0xab0 [nvgpu]
[   21.470755]  __arm64_sys_ioctl+0xac/0xf0
[   21.470759]  el0_svc_common.constprop.0+0x80/0x1d0
[   21.470762]  do_el0_svc+0x38/0xc0
[   21.470765]  el0_svc+0x1c/0x30
[   21.470768]  el0_sync_handler+0xa8/0xb0
[   21.470769]  el0_sync+0x16c/0x180
[   21.470771] DMA_STACK_END: End of stack trace for dma_buf_get
[   21.470772] DMA_INSTRUMENT: About to call dma_buf_put from function nvgpu_vm_map_buffer at /mnt/8e8fbd72-3ef4-4af6-854c-33dbfb634ac7/jetson_linux_r35_6_1/Linux_for_Tegra/source/public/kernel/nvgpu/drivers/gpu/nvgpu/os/linux/vm.c:403
[   21.470773] DMA_STACK_START: Stack trace for dma_buf_put called from nvgpu_vm_map_buffer
[   21.470775] CPU: 0 PID: 1742 Comm: Xorg Tainted: G           OE     5.10.216-tegra #1
[   21.470776] Hardware name: NVIDIA Jetson AGX Orin Developer Kit/Jetson, BIOS 6.1-39721438 03/04/2025
[   21.470776] Call trace:
[   21.470778]  dump_backtrace+0x0/0x1e0
[   21.470780]  show_stack+0x30/0x40
[   21.470782]  dump_stack+0xf0/0x130
[   21.470839]  nvgpu_vm_map_buffer+0x140/0x55c [nvgpu]
[   21.470896]  gk20a_as_dev_ioctl+0x5a8/0xab0 [nvgpu]
[   21.470899]  __arm64_sys_ioctl+0xac/0xf0
[   21.470902]  el0_svc_common.constprop.0+0x80/0x1d0
[   21.470906]  do_el0_svc+0x38/0xc0
[   21.470909]  el0_svc+0x1c/0x30
[   21.470911]  el0_sync_handler+0xa8/0xb0
[   21.470913]  el0_sync+0x16c/0x180
[   21.470914] DMA_STACK_END: End of stack trace for dma_buf_put
[   21.470915] DMA_INSTRUMENT: About to call dma_buf_put from function nvgpu_vm_map_buffer at /mnt/8e8fbd72-3ef4-4af6-854c-33dbfb634ac7/jetson_linux_r35_6_1/Linux_for_Tegra/source/public/kernel/nvgpu/drivers/gpu/nvgpu/os/linux/vm.c:419
[   21.470916] DMA_STACK_START: Stack trace for dma_buf_put called from nvgpu_vm_map_buffer
[   21.470917] CPU: 0 PID: 1742 Comm: Xorg Tainted: G           OE     5.10.216-tegra #1
[   21.470918] Hardware name: NVIDIA Jetson AGX Orin Developer Kit/Jetson, BIOS 6.1-39721438 03/04/2025
[   21.470919] Call trace:
[   21.470921]  dump_backtrace+0x0/0x1e0
[   21.470923]  show_stack+0x30/0x40
[   21.470924]  dump_stack+0xf0/0x130
[   21.470980]  nvgpu_vm_map_buffer+0x1a4/0x55c [nvgpu]
[   21.471037]  gk20a_as_dev_ioctl+0x5a8/0xab0 [nvgpu]
[   21.471040]  __arm64_sys_ioctl+0xac/0xf0
[   21.471043]  el0_svc_common.constprop.0+0x80/0x1d0
[   21.471046]  do_el0_svc+0x38/0xc0
[   21.471049]  el0_svc+0x1c/0x30
[   21.471052]  el0_sync_handler+0xa8/0xb0
[   21.471053]  el0_sync+0x16c/0x180
[   21.471064] DMA_STACK_END: End of stack trace for dma_buf_put
[   21.471065] DMA_INSTRUMENT: About to call dma_buf_put from function nvgpu_vm_map_buffer at /mnt/8e8fbd72-3ef4-4af6-854c-33dbfb634ac7/jetson_linux_r35_6_1/Linux_for_Tegra/source/public/kernel/nvgpu/drivers/gpu/nvgpu/os/linux/vm.c:436
[   21.471066] DMA_STACK_START: Stack trace for dma_buf_put called from nvgpu_vm_map_buffer
[   21.471068] CPU: 0 PID: 1742 Comm: Xorg Tainted: G           OE     5.10.216-tegra #1
[   21.471069] Hardware name: NVIDIA Jetson AGX Orin Developer Kit/Jetson, BIOS 6.1-39721438 03/04/2025
[   21.471069] Call trace:
[   21.471071]  dump_backtrace+0x0/0x1e0
[   21.471073]  show_stack+0x30/0x40
[   21.471075]  dump_stack+0xf0/0x130
[   21.471130]  nvgpu_vm_map_buffer+0x20c/0x55c [nvgpu]
[   21.471187]  gk20a_as_dev_ioctl+0x5a8/0xab0 [nvgpu]
[   21.471190]  __arm64_sys_ioctl+0xac/0xf0
[   21.471193]  el0_svc_common.constprop.0+0x80/0x1d0
[   21.471196]  do_el0_svc+0x38/0xc0
[   21.471199]  el0_svc+0x1c/0x30
[   21.471201]  el0_sync_handler+0xa8/0xb0
[   21.471203]  el0_sync+0x16c/0x180
[   21.471204] DMA_STACK_END: End of stack trace for dma_buf_put
[   21.471205] DMA_INSTRUMENT: About to call dma_buf_put from function nvgpu_vm_map_buffer at /mnt/8e8fbd72-3ef4-4af6-854c-33dbfb634ac7/jetson_linux_r35_6_1/Linux_for_Tegra/source/public/kernel/nvgpu/drivers/gpu/nvgpu/os/linux/vm.c:450
[   21.471206] DMA_STACK_START: Stack trace for dma_buf_put called from nvgpu_vm_map_buffer
[   21.471207] CPU: 0 PID: 1742 Comm: Xorg Tainted: G           OE     5.10.216-tegra #1
[   21.471208] Hardware name: NVIDIA Jetson AGX Orin Developer Kit/Jetson, BIOS 6.1-39721438 03/04/2025
[   21.471209] Call trace:
[   21.471211]  dump_backtrace+0x0/0x1e0
[   21.471212]  show_stack+0x30/0x40
[   21.471214]  dump_stack+0xf0/0x130
[   21.471269]  nvgpu_vm_map_buffer+0x2d8/0x55c [nvgpu]
[   21.471325]  gk20a_as_dev_ioctl+0x5a8/0xab0 [nvgpu]
[   21.471328]  __arm64_sys_ioctl+0xac/0xf0
[   21.471332]  el0_svc_common.constprop.0+0x80/0x1d0
[   21.471335]  do_el0_svc+0x38/0xc0
[   21.471338]  el0_svc+0x1c/0x30
[   21.471340]  el0_sync_handler+0xa8/0xb0
[   21.471342]  el0_sync+0x16c/0x180
[   21.471342] DMA_STACK_END: End of stack trace for dma_buf_put
[   21.471344] DMA_INSTRUMENT: About to call dma_buf_put from function nvgpu_vm_map_buffer at /mnt/8e8fbd72-3ef4-4af6-854c-33dbfb634ac7/jetson_linux_r35_6_1/Linux_for_Tegra/source/public/kernel/nvgpu/drivers/gpu/nvgpu/os/linux/vm.c:460
[   21.471345] DMA_STACK_START: Stack trace for dma_buf_put called from nvgpu_vm_map_buffer
[   21.471346] CPU: 0 PID: 1742 Comm: Xorg Tainted: G           OE     5.10.216-tegra #1
[   21.471347] Hardware name: NVIDIA Jetson AGX Orin Developer Kit/Jetson, BIOS 6.1-39721438 03/04/2025
[   21.471348] Call trace:
[   21.471349]  dump_backtrace+0x0/0x1e0
[   21.471351]  show_stack+0x30/0x40
[   21.471353]  dump_stack+0xf0/0x130
[   21.471407]  nvgpu_vm_map_buffer+0x334/0x55c [nvgpu]
[   21.471464]  gk20a_as_dev_ioctl+0x5a8/0xab0 [nvgpu]
[   21.471467]  __arm64_sys_ioctl+0xac/0xf0
[   21.471470]  el0_svc_common.constprop.0+0x80/0x1d0
[   21.471473]  do_el0_svc+0x38/0xc0
[   21.471476]  el0_svc+0x1c/0x30
[   21.471479]  el0_sync_handler+0xa8/0xb0
[   21.471480]  el0_sync+0x16c/0x180
[   21.471481] DMA_STACK_END: End of stack trace for dma_buf_put
[   21.471482] DMA_INSTRUMENT: About to call dma_buf_put from function nvgpu_vm_map_buffer at /mnt/8e8fbd72-3ef4-4af6-854c-33dbfb634ac7/jetson_linux_r35_6_1/Linux_for_Tegra/source/public/kernel/nvgpu/drivers/gpu/nvgpu/os/linux/vm.c:472
[   21.471483] DMA_STACK_START: Stack trace for dma_buf_put called from nvgpu_vm_map_buffer
[   21.471484] CPU: 0 PID: 1742 Comm: Xorg Tainted: G           OE     5.10.216-tegra #1
[   21.471485] Hardware name: NVIDIA Jetson AGX Orin Developer Kit/Jetson, BIOS 6.1-39721438 03/04/2025
[   21.471486] Call trace:
[   21.471487]  dump_backtrace+0x0/0x1e0
[   21.471489]  show_stack+0x30/0x40
[   21.471491]  dump_stack+0xf0/0x130
[   21.471546]  nvgpu_vm_map_buffer+0x47c/0x55c [nvgpu]
[   21.471601]  gk20a_as_dev_ioctl+0x5a8/0xab0 [nvgpu]
[   21.471604]  __arm64_sys_ioctl+0xac/0xf0
[   21.471607]  el0_svc_common.constprop.0+0x80/0x1d0
[   21.471610]  do_el0_svc+0x38/0xc0
[   21.471613]  el0_svc+0x1c/0x30
[   21.471616]  el0_sync_handler+0xa8/0xb0
[   21.471617]  el0_sync+0x16c/0x180
[   21.471628] DMA_STACK_END: End of stack trace for dma_buf_put
[   21.471630] DMA_INSTRUMENT: About to call dma_buf_attach from function nvgpu_mm_pin at /mnt/8e8fbd72-3ef4-4af6-854c-33dbfb634ac7/jetson_linux_r35_6_1/Linux_for_Tegra/source/public/kernel/nvgpu/drivers/gpu/nvgpu/os/linux/dmabuf_priv.c:184
[   21.471631] DMA_STACK_START: Stack trace for dma_buf_attach called from nvgpu_mm_pin
[   21.471632] CPU: 0 PID: 1742 Comm: Xorg Tainted: G           OE     5.10.216-tegra #1
[   21.471633] Hardware name: NVIDIA Jetson AGX Orin Developer Kit/Jetson, BIOS 6.1-39721438 03/04/2025
[   21.471634] Call trace:
[   21.471636]  dump_backtrace+0x0/0x1e0
[   21.471637]  show_stack+0x30/0x40
[   21.471639]  dump_stack+0xf0/0x130
[   21.471695]  nvgpu_mm_pin+0x7c/0x1a0 [nvgpu]
[   21.471753]  nvgpu_vm_map_linux+0x110/0x290 [nvgpu]
[   21.471809]  nvgpu_vm_map_buffer+0x4d0/0x55c [nvgpu]
[   21.471864]  gk20a_as_dev_ioctl+0x5a8/0xab0 [nvgpu]
[   21.471867]  __arm64_sys_ioctl+0xac/0xf0
[   21.471871]  el0_svc_common.constprop.0+0x80/0x1d0
[   21.471873]  do_el0_svc+0x38/0xc0
[   21.471875]  el0_svc+0x1c/0x30
[   21.471876]  el0_sync_handler+0xa8/0xb0
[   21.471877]  el0_sync+0x16c/0x180
[   21.471888] DMA_STACK_END: End of stack trace for dma_buf_attach
[   21.471893] DMA_INSTRUMENT: About to call dma_buf_map_attachment from function nvgpu_mm_pin at /mnt/8e8fbd72-3ef4-4af6-854c-33dbfb634ac7/jetson_linux_r35_6_1/Linux_for_Tegra/source/public/kernel/nvgpu/drivers/gpu/nvgpu/os/linux/dmabuf_priv.c:195
[   21.471895] DMA_STACK_START: Stack trace for dma_buf_map_attachment called from nvgpu_mm_pin
[   21.471896] CPU: 0 PID: 1742 Comm: Xorg Tainted: G           OE     5.10.216-tegra #1
[   21.471897] Hardware name: NVIDIA Jetson AGX Orin Developer Kit/Jetson, BIOS 6.1-39721438 03/04/2025
[   21.471898] Call trace:
[   21.471900]  dump_backtrace+0x0/0x1e0
[   21.471901]  show_stack+0x30/0x40
[   21.471905]  dump_stack+0xf0/0x130
[   21.471960]  nvgpu_mm_pin+0xf4/0x1a0 [nvgpu]
[   21.472020]  nvgpu_vm_map_linux+0x110/0x290 [nvgpu]
[   21.472077]  nvgpu_vm_map_buffer+0x4d0/0x55c [nvgpu]
[   21.472135]  gk20a_as_dev_ioctl+0x5a8/0xab0 [nvgpu]
[   21.472139]  __arm64_sys_ioctl+0xac/0xf0
[   21.472142]  el0_svc_common.constprop.0+0x80/0x1d0
[   21.472144]  do_el0_svc+0x38/0xc0
[   21.472145]  el0_svc+0x1c/0x30
[   21.472147]  el0_sync_handler+0xa8/0xb0
[   21.472148]  el0_sync+0x16c/0x180
[   21.472149] DMA_STACK_END: End of stack trace for dma_buf_map_attachment
[   21.472157] DMA_INSTRUMENT: About to call dma_buf_detach from function nvgpu_mm_pin at /mnt/8e8fbd72-3ef4-4af6-854c-33dbfb634ac7/jetson_linux_r35_6_1/Linux_for_Tegra/source/public/kernel/nvgpu/drivers/gpu/nvgpu/os/linux/dmabuf_priv.c:200
[   21.472158] DMA_STACK_START: Stack trace for dma_buf_detach called from nvgpu_mm_pin
[   21.472159] CPU: 0 PID: 1742 Comm: Xorg Tainted: G           OE     5.10.216-tegra #1
[   21.472160] Hardware name: NVIDIA Jetson AGX Orin Developer Kit/Jetson, BIOS 6.1-39721438 03/04/2025
[   21.472161] Call trace:
[   21.472162]  dump_backtrace+0x0/0x1e0
[   21.472164]  show_stack+0x30/0x40
[   21.472166]  dump_stack+0xf0/0x130
[   21.472221]  nvgpu_mm_pin+0x13c/0x1a0 [nvgpu]
[   21.472280]  nvgpu_vm_map_linux+0x110/0x290 [nvgpu]
[   21.472338]  nvgpu_vm_map_buffer+0x4d0/0x55c [nvgpu]
[   21.472395]  gk20a_as_dev_ioctl+0x5a8/0xab0 [nvgpu]
[   21.472399]  __arm64_sys_ioctl+0xac/0xf0
[   21.472402]  el0_svc_common.constprop.0+0x80/0x1d0
[   21.472405]  do_el0_svc+0x38/0xc0
[   21.472408]  el0_svc+0x1c/0x30
[   21.472411]  el0_sync_handler+0xa8/0xb0
[   21.472412]  el0_sync+0x16c/0x180
[   21.472427] DMA_STACK_END: End of stack trace for dma_buf_detach
[   21.472437] FUNC_ENTRY: Entering function nvgpu_iommuable at /mnt/8e8fbd72-3ef4-4af6-854c-33dbfb634ac7/jetson_linux_r35_6_1/Linux_for_Tegra/source/public/kernel/nvgpu/drivers/gpu/nvgpu/os/linux/linux-dma.c:635
[   21.472445] FUNC_ENTRY: Entering function nvgpu_iommuable at /mnt/8e8fbd72-3ef4-4af6-854c-33dbfb634ac7/jetson_linux_r35_6_1/Linux_for_Tegra/source/public/kernel/nvgpu/drivers/gpu/nvgpu/os/linux/linux-dma.c:635
[   21.472449] FUNC_ENTRY: Entering function nvgpu_iommuable at /mnt/8e8fbd72-3ef4-4af6-854c-33dbfb634ac7/jetson_linux_r35_6_1/Linux_for_Tegra/source/public/kernel/nvgpu/drivers/gpu/nvgpu/os/linux/linux-dma.c:635
[   21.472453] FUNC_ENTRY: Entering function nvgpu_iommuable at /mnt/8e8fbd72-3ef4-4af6-854c-33dbfb634ac7/jetson_linux_r35_6_1/Linux_for_Tegra/source/public/kernel/nvgpu/drivers/gpu/nvgpu/os/linux/linux-dma.c:635
[   21.472455] FUNC_ENTRY: Entering function nvgpu_iommuable at /mnt/8e8fbd72-3ef4-4af6-854c-33dbfb634ac7/jetson_linux_r35_6_1/Linux_for_Tegra/source/public/kernel/nvgpu/drivers/gpu/nvgpu/os/linux/linux-dma.c:635
[   21.472458] FUNC_ENTRY: Entering function nvgpu_iommuable at /mnt/8e8fbd72-3ef4-4af6-854c-33dbfb634ac7/jetson_linux_r35_6_1/Linux_for_Tegra/source/public/kernel/nvgpu/drivers/gpu/nvgpu/os/linux/linux-dma.c:635
[   21.472463] FUNC_ENTRY: Entering function nvgpu_iommuable at /mnt/8e8fbd72-3ef4-4af6-854c-33dbfb634ac7/jetson_linux_r35_6_1/Linux_for_Tegra/source/public/kernel/nvgpu/drivers/gpu/nvgpu/os/linux/linux-dma.c:635
[   21.472467] FUNC_ENTRY: Entering function nvgpu_iommuable at /mnt/8e8fbd72-3ef4-4af6-854c-33dbfb634ac7/jetson_linux_r35_6_1/Linux_for_Tegra/source/public/kernel/nvgpu/drivers/gpu/nvgpu/os/linux/linux-dma.c:635
[   21.472469] FUNC_ENTRY: Entering function nvgpu_iommuable at /mnt/8e8fbd72-3ef4-4af6-854c-33dbfb634ac7/jetson_linux_r35_6_1/Linux_for_Tegra/source/public/kernel/nvgpu/drivers/gpu/nvgpu/os/linux/linux-dma.c:635
[   21.472471] FUNC_ENTRY: Entering function nvgpu_iommuable at /mnt/8e8fbd72-3ef4-4af6-854c-33dbfb634ac7/jetson_linux_r35_6_1/Linux_for_Tegra/source/public/kernel/nvgpu/drivers/gpu/nvgpu/os/linux/linux-dma.c:635
[   21.472476] FUNC_ENTRY: Entering function nvgpu_iommuable at /mnt/8e8fbd72-3ef4-4af6-854c-33dbfb634ac7/jetson_linux_r35_6_1/Linux_for_Tegra/source/public/kernel/nvgpu/drivers/gpu/nvgpu/os/linux/linux-dma.c:635
[   21.472487] USER_COPY: About to call copy_to_user from function gk20a_as_dev_ioctl at /mnt/8e8fbd72-3ef4-4af6-854c-33dbfb634ac7/jetson_linux_r35_6_1/Linux_for_Tegra/source/public/kernel/nvgpu/drivers/gpu/nvgpu/os/linux/ioctl_as.c:603
[   21.472488] USER_COPY_CONTEXT: Process PID=1742, COMM=Xorg
[   21.472527] IOCTL_HANDLER: Function gk20a_channel_ioctl called at /mnt/8e8fbd72-3ef4-4af6-854c-33dbfb634ac7/jetson_linux_r35_6_1/Linux_for_Tegra/source/public/kernel/nvgpu/drivers/gpu/nvgpu/os/linux/ioctl_channel.c:1255
[   21.472528] USER_COPY: About to call copy_from_user from function gk20a_channel_ioctl at /mnt/8e8fbd72-3ef4-4af6-854c-33dbfb634ac7/jetson_linux_r35_6_1/Linux_for_Tegra/source/public/kernel/nvgpu/drivers/gpu/nvgpu/os/linux/ioctl_channel.c:1273
[   21.472529] USER_COPY_CONTEXT: Process PID=1742, COMM=Xorg
[   21.472532] IOCTL_HANDLER: Function gk20a_ioctl_channel_submit_gpfifo called at /mnt/8e8fbd72-3ef4-4af6-854c-33dbfb634ac7/jetson_linux_r35_6_1/Linux_for_Tegra/source/public/kernel/nvgpu/drivers/gpu/nvgpu/os/linux/ioctl_channel.c:929
[   21.472541] USER_COPY: About to call copy_from_user from function nvgpu_channel_copy_user_gpfifo at /mnt/8e8fbd72-3ef4-4af6-854c-33dbfb634ac7/jetson_linux_r35_6_1/Linux_for_Tegra/source/public/kernel/nvgpu/drivers/gpu/nvgpu/os/linux/linux-channel.c:436
[   21.472543] USER_COPY_CONTEXT: Process PID=1742, COMM=Xorg
[   21.472556] USER_COPY: About to call copy_to_user from function gk20a_channel_ioctl at /mnt/8e8fbd72-3ef4-4af6-854c-33dbfb634ac7/jetson_linux_r35_6_1/Linux_for_Tegra/source/public/kernel/nvgpu/drivers/gpu/nvgpu/os/linux/ioctl_channel.c:1661
[   21.472557] USER_COPY_CONTEXT: Process PID=1742, COMM=Xorg
[   21.472629] IOCTL_HANDLER: Function gk20a_as_dev_ioctl called at /mnt/8e8fbd72-3ef4-4af6-854c-33dbfb634ac7/jetson_linux_r35_6_1/Linux_for_Tegra/source/public/kernel/nvgpu/drivers/gpu/nvgpu/os/linux/ioctl_as.c:489
[   21.472631] USER_COPY: About to call copy_from_user from function gk20a_as_dev_ioctl at /mnt/8e8fbd72-3ef4-4af6-854c-33dbfb634ac7/jetson_linux_r35_6_1/Linux_for_Tegra/source/public/kernel/nvgpu/drivers/gpu/nvgpu/os/linux/ioctl_as.c:506
[   21.472632] USER_COPY_CONTEXT: Process PID=1742, COMM=Xorg
[   21.472635] IOCTL_HANDLER: Function gk20a_as_ioctl_alloc_space called at /mnt/8e8fbd72-3ef4-4af6-854c-33dbfb634ac7/jetson_linux_r35_6_1/Linux_for_Tegra/source/public/kernel/nvgpu/drivers/gpu/nvgpu/os/linux/ioctl_as.c:93
[   21.472640] USER_COPY: About to call copy_to_user from function gk20a_as_dev_ioctl at /mnt/8e8fbd72-3ef4-4af6-854c-33dbfb634ac7/jetson_linux_r35_6_1/Linux_for_Tegra/source/public/kernel/nvgpu/drivers/gpu/nvgpu/os/linux/ioctl_as.c:603
[   21.472641] USER_COPY_CONTEXT: Process PID=1742, COMM=Xorg
[   22.060262] FUNC_ENTRY: Entering function nvgpu_iommuable at /mnt/8e8fbd72-3ef4-4af6-854c-33dbfb634ac7/jetson_linux_r35_6_1/Linux_for_Tegra/source/public/kernel/nvgpu/drivers/gpu/nvgpu/os/linux/linux-dma.c:635
[   22.060275] FUNC_ENTRY: Entering function nvgpu_iommuable at /mnt/8e8fbd72-3ef4-4af6-854c-33dbfb634ac7/jetson_linux_r35_6_1/Linux_for_Tegra/source/public/kernel/nvgpu/drivers/gpu/nvgpu/os/linux/linux-dma.c:635
[   22.061874] FUNC_ENTRY: Entering function nvgpu_iommuable at /mnt/8e8fbd72-3ef4-4af6-854c-33dbfb634ac7/jetson_linux_r35_6_1/Linux_for_Tegra/source/public/kernel/nvgpu/drivers/gpu/nvgpu/os/linux/linux-dma.c:635
[   22.062009] FUNC_ENTRY: Entering function gk20a_tegra_idle at /mnt/8e8fbd72-3ef4-4af6-854c-33dbfb634ac7/jetson_linux_r35_6_1/Linux_for_Tegra/source/public/kernel/nvgpu/drivers/gpu/nvgpu/os/linux/platform_gk20a_tegra.c:707
[   42.443737] vdd-12v-sys: disabling
[   42.443753] vdd-3v3-ftdi: disabling
