19795 19:04:26.873018 execve("./label_image", ["./label_image", "-m", "mobilenet_v1_1.0_224_quant.tflite", "-i", "grace_hopper.bmp", "-l", "labels.txt", "--external_delegate_path=/usr/lib/libvx_delegate.so"], 0xfffffffffb00 /* 21 vars */) = 0 <0.007101>
19795 19:04:26.880653 brk(NULL)         = 0xaaaaaaaf1000 <0.000029>
19795 19:04:26.891902 readlinkat(AT_FDCWD, "/proc/self/exe", "/home/sri/examples/label_image", 4096) = 30 <0.000412>
19795 19:04:26.908396 mmap(NULL, 8192, PROT_READ|PROT_WRITE, MAP_PRIVATE|MAP_ANONYMOUS, -1, 0) = 0xfffff7ff7000 <0.000356>
19795 19:04:26.908878 faccessat(AT_FDCWD, "/etc/ld.so.preload", R_OK) = -1 ENOENT (No such file or directory) <0.000035>
19795 19:04:26.909018 openat(AT_FDCWD, "/home/sri/examples/../../libtensorflow-lite.so.2.15.0", O_RDONLY|O_CLOEXEC) = -1 ENOENT (No such file or directory) <0.000067>
19795 19:04:26.909185 newfstatat(AT_FDCWD, "/home/sri/examples/../../", {st_mode=S_IFDIR|0755, st_size=4096, ...}, 0) = 0 <0.000040>
19795 19:04:26.909406 openat(AT_FDCWD, "/etc/ld.so.cache", O_RDONLY|O_CLOEXEC) = 3 <0.000047>
19795 19:04:26.909541 fstat(3, {st_mode=S_IFREG|0644, st_size=60271, ...}) = 0 <0.000378>
19795 19:04:26.910368 mmap(NULL, 60271, PROT_READ, MAP_PRIVATE, 3, 0) = 0xfffff7fe8000 <0.000384>
19795 19:04:26.910832 close(3)          = 0 <0.000028>
19795 19:04:26.910958 openat(AT_FDCWD, "/usr/lib/libtensorflow-lite.so.2.15.0", O_RDONLY|O_CLOEXEC) = 3 <0.000090>
19795 19:04:26.911139 read(3, "\177ELF\2\1\1\3\0\0\0\0\0\0\0\0\3\0\267\0\1\0\0\0\0\0\0\0\0\0\0\0@\0\0\0\0\0\0\0\30UK\0\0\0\0\0\0\0\0\0@\08\0\10\0@\0\35\0\34\0\1\0\0\0\5\0\0\0\0\0\0\0\0\0\0\0\0\0\0\0\0\0\0\0\0\0\0\0\0\0\0\0\177&J\0\0\0\0\0\177&J\0\0\0\0\0\0\0\1\0\0\0\0\0\1\0\0\0\6\0\0\0\270\207J\0\0\0\0\0\270\207K\0\0\0\0\0\270\207K\0\0\0\0\0H\314\0\0\0\0\0\0\250\221\1\0\0\0\0\0\0\0\1\0\0\0\0\0\2\0\0\0\6\0\0\0\210\275J\0\0\0\0\0\210\275K\0\0\0\0\0"..., 832) = 832 <0.003666>
19795 19:04:26.914954 fstat(3, {st_mode=S_IFREG|0755, st_size=4938840, ...}) = 0 <0.000031>
19795 19:04:26.915101 mmap(NULL, 5118304, PROT_NONE, MAP_PRIVATE|MAP_ANONYMOUS|MAP_DENYWRITE, -1, 0) = 0xfffff7adc000 <0.000057>
19795 19:04:26.915240 mmap(0xfffff7ae0000, 5052768, PROT_READ|PROT_EXEC, MAP_PRIVATE|MAP_FIXED|MAP_DENYWRITE, 3, 0) = 0xfffff7ae0000 <0.000084>
19795 19:04:26.915404 munmap(0xfffff7adc000, 16384) = 0 <0.000037>
19795 19:04:26.915517 munmap(0xfffff7fb2000, 47456) = 0 <0.000031>
19795 19:04:26.915622 mprotect(0xfffff7f83000, 86016, PROT_NONE) = 0 <0.000049>
19795 19:04:26.915743 mmap(0xfffff7f98000, 57344, PROT_READ|PROT_WRITE, MAP_PRIVATE|MAP_FIXED|MAP_DENYWRITE, 3, 0x4a8000) = 0xfffff7f98000 <0.000048>
19795 19:04:26.932619 mmap(0xfffff7fa6000, 47456, PROT_READ|PROT_WRITE, MAP_PRIVATE|MAP_FIXED|MAP_ANONYMOUS, -1, 0) = 0xfffff7fa6000 <0.000749>
19795 19:04:26.933884 close(3)          = 0 <0.000045>
19795 19:04:26.962420 openat(AT_FDCWD, "/home/sri/examples/../../libm.so.6", O_RDONLY|O_CLOEXEC) = -1 ENOENT (No such file or directory) <0.000688>
19795 19:04:26.963635 openat(AT_FDCWD, "/usr/lib/libm.so.6", O_RDONLY|O_CLOEXEC) = 3 <0.000378>
19795 19:04:26.964128 read(3, "\177ELF\2\1\1\0\0\0\0\0\0\0\0\0\3\0\267\0\1\0\0\0\0\0\0\0\0\0\0\0@\0\0\0\0\0\0\0(\1\t\0\0\0\0\0\0\0\0\0@\08\0\t\0@\0\33\0\32\0\1\0\0\0\5\0\0\0\0\0\0\0\0\0\0\0\0\0\0\0\0\0\0\0\0\0\0\0\0\0\0\0\240\36\10\0\0\0\0\0\240\36\10\0\0\0\0\0\0\0\1\0\0\0\0\0\1\0\0\0\6\0\0\0\20\375\10\0\0\0\0\0\20\375\t\0\0\0\0\0\20\375\t\0\0\0\0\0\374\2\0\0\0\0\0\0\10\3\0\0\0\0\0\0\0\0\1\0\0\0\0\0\2\0\0\0\6\0\0\0 \375\10\0\0\0\0\0 \375\t\0\0\0\0\0"..., 832) = 832 <0.000357>
19795 19:04:26.964610 fstat(3, {st_mode=S_IFREG|0755, st_size=591848, ...}) = 0 <0.000048>
19795 19:04:26.964769 mmap(NULL, 720920, PROT_NONE, MAP_PRIVATE|MAP_ANONYMOUS|MAP_DENYWRITE, -1, 0) = 0xfffff7a2f000 <0.000356>
19795 19:04:26.965227 mmap(0xfffff7a30000, 655384, PROT_READ|PROT_EXEC, MAP_PRIVATE|MAP_FIXED|MAP_DENYWRITE, 3, 0) = 0xfffff7a30000 <0.000400>
19795 19:04:26.965738 munmap(0xfffff7a2f000, 4096) = 0 <0.000366>
19795 19:04:26.966196 munmap(0xfffff7ad1000, 57368) = 0 <0.000363>
19795 19:04:26.966656 mprotect(0xfffff7ab2000, 118784, PROT_NONE) = 0 <0.000381>
19795 19:04:26.967161 mmap(0xfffff7acf000, 8192, PROT_READ|PROT_WRITE, MAP_PRIVATE|MAP_FIXED|MAP_DENYWRITE, 3, 0x8f000) = 0xfffff7acf000 <0.000054>
19795 19:04:26.967357 close(3)          = 0 <0.000030>
19795 19:04:26.967470 openat(AT_FDCWD, "/home/sri/examples/../../libstdc++.so.6", O_RDONLY|O_CLOEXEC) = -1 ENOENT (No such file or directory) <0.000062>
19795 19:04:26.967644 openat(AT_FDCWD, "/usr/lib/libstdc++.so.6", O_RDONLY|O_CLOEXEC) = 3 <0.000098>
19795 19:04:26.967827 read(3, "\177ELF\2\1\1\3\0\0\0\0\0\0\0\0\3\0\267\0\1\0\0\0\0\0\0\0\0\0\0\0@\0\0\0\0\0\0\0\200\3%\0\0\0\0\0\0\0\0\0@\08\0\n\0@\0\35\0\34\0\1\0\0\0\5\0\0\0\0\0\0\0\0\0\0\0\0\0\0\0\0\0\0\0\0\0\0\0\0\0\0\0\337\231#\0\0\0\0\0\337\231#\0\0\0\0\0\0\0\1\0\0\0\0\0\1\0\0\0\6\0\0\0\2301$\0\0\0\0\0\2301$\0\0\0\0\0\2301$\0\0\0\0\0\250\320\0\0\0\0\0\0\360\31\1\0\0\0\0\0\0\0\1\0\0\0\0\0\2\0\0\0\6\0\0\0\330\310$\0\0\0\0\0\330\310$\0\0\0\0\0"..., 832) = 832 <0.001303>
19795 19:04:26.969229 fstat(3, {st_mode=S_IFREG|0755, st_size=2427584, ...}) = 0 <0.000033>
19795 19:04:26.969372 mmap(NULL, 2509704, PROT_NONE, MAP_PRIVATE|MAP_ANONYMOUS|MAP_DENYWRITE, -1, 0) = 0xfffff77cb000 <0.000049>
19795 19:04:26.969496 mmap(0xfffff77d0000, 2444168, PROT_READ|PROT_EXEC, MAP_PRIVATE|MAP_FIXED|MAP_DENYWRITE, 3, 0) = 0xfffff77d0000 <0.000087>
19795 19:04:26.969682 munmap(0xfffff77cb000, 20480) = 0 <0.000036>
19795 19:04:26.969795 munmap(0xfffff7a25000, 43912) = 0 <0.000037>
19795 19:04:26.969902 mprotect(0xfffff7a0a000, 36864, PROT_NONE) = 0 <0.000045>
19795 19:04:26.970020 mmap(0xfffff7a13000, 57344, PROT_READ|PROT_WRITE, MAP_PRIVATE|MAP_FIXED|MAP_DENYWRITE, 3, 0x243000) = 0xfffff7a13000 <0.000047>
19795 19:04:26.987168 mmap(0xfffff7a21000, 15240, PROT_READ|PROT_WRITE, MAP_PRIVATE|MAP_FIXED|MAP_ANONYMOUS, -1, 0) = 0xfffff7a21000 <0.000398>
19795 19:04:26.987761 close(3)          = 0 <0.000034>
19795 19:04:27.012013 openat(AT_FDCWD, "/home/sri/examples/../../libgcc_s.so.1", O_RDONLY|O_CLOEXEC) = -1 ENOENT (No such file or directory) <0.000404>
19795 19:04:27.012624 openat(AT_FDCWD, "/usr/lib/libgcc_s.so.1", O_RDONLY|O_CLOEXEC) = 3 <0.000042>
19795 19:04:27.012756 read(3, "\177ELF\2\1\1\0\0\0\0\0\0\0\0\0\3\0\267\0\1\0\0\0\0\0\0\0\0\0\0\0@\0\0\0\0\0\0\0\30\1\2\0\0\0\0\0\0\0\0\0@\08\0\t\0@\0\32\0\31\0\1\0\0\0\5\0\0\0\0\0\0\0\0\0\0\0\0\0\0\0\0\0\0\0\0\0\0\0\0\0\0\0\320{\1\0\0\0\0\0\320{\1\0\0\0\0\0\0\0\1\0\0\0\0\0\1\0\0\0\6\0\0\0\300\373\1\0\0\0\0\0\300\373\2\0\0\0\0\0\300\373\2\0\0\0\0\0H\4\0\0\0\0\0\0\340\5\0\0\0\0\0\0\0\0\1\0\0\0\0\0\2\0\0\0\6\0\0\0\340\373\1\0\0\0\0\0\340\373\2\0\0\0\0\0"..., 832) = 832 <0.000035>
19795 19:04:27.012892 fstat(3, {st_mode=S_IFREG|0644, st_size=133016, ...}) = 0 <0.000032>
19795 19:04:27.013021 mmap(NULL, 262560, PROT_NONE, MAP_PRIVATE|MAP_ANONYMOUS|MAP_DENYWRITE, -1, 0) = 0xfffff778f000 <0.000059>
19795 19:04:27.013162 mmap(0xfffff7790000, 197024, PROT_READ|PROT_EXEC, MAP_PRIVATE|MAP_FIXED|MAP_DENYWRITE, 3, 0) = 0xfffff7790000 <0.000084>
19795 19:04:27.013326 munmap(0xfffff778f000, 4096) = 0 <0.000035>
19795 19:04:27.013434 munmap(0xfffff77c1000, 57760) = 0 <0.000032>
19795 19:04:27.013537 mprotect(0xfffff77a8000, 94208, PROT_NONE) = 0 <0.000067>
19795 19:04:27.013693 mmap(0xfffff77bf000, 8192, PROT_READ|PROT_WRITE, MAP_PRIVATE|MAP_FIXED|MAP_DENYWRITE, 3, 0x1f000) = 0xfffff77bf000 <0.000051>
19795 19:04:27.013876 close(3)          = 0 <0.000029>
19795 19:04:27.013984 openat(AT_FDCWD, "/home/sri/examples/../../libc.so.6", O_RDONLY|O_CLOEXEC) = -1 ENOENT (No such file or directory) <0.000057>
19795 19:04:27.014144 openat(AT_FDCWD, "/usr/lib/libc.so.6", O_RDONLY|O_CLOEXEC) = 3 <0.000039>
19795 19:04:27.014265 read(3, "\177ELF\2\1\1\3\0\0\0\0\0\0\0\0\3\0\267\0\1\0\0\0\300\206\2\0\0\0\0\0@\0\0\0\0\0\0\0\30\"\31\0\0\0\0\0\0\0\0\0@\08\0\f\0@\0<\0;\0\6\0\0\0\4\0\0\0@\0\0\0\0\0\0\0@\0\0\0\0\0\0\0@\0\0\0\0\0\0\0\240\2\0\0\0\0\0\0\240\2\0\0\0\0\0\0\10\0\0\0\0\0\0\0\3\0\0\0\4\0\0\0\260n\25\0\0\0\0\0\260n\25\0\0\0\0\0\260n\25\0\0\0\0\0\37\0\0\0\0\0\0\0\37\0\0\0\0\0\0\0\10\0\0\0\0\0\0\0\1\0\0\0\5\0\0\0\0\0\0\0\0\0\0\0\0\0\0\0\0\0\0\0"..., 832) = 832 <0.000033>
19795 19:04:27.014426 fstat(3, {st_mode=S_IFREG|0755, st_size=1650968, ...}) = 0 <0.000032>
19795 19:04:27.014555 mmap(NULL, 1826672, PROT_NONE, MAP_PRIVATE|MAP_ANONYMOUS|MAP_DENYWRITE, -1, 0) = 0xfffff75d2000 <0.000044>
19795 19:04:27.014674 mmap(0xfffff75e0000, 1761136, PROT_READ|PROT_EXEC, MAP_PRIVATE|MAP_FIXED|MAP_DENYWRITE, 3, 0) = 0xfffff75e0000 <0.000064>
19795 19:04:27.014816 munmap(0xfffff75d2000, 57344) = 0 <0.000038>
19795 19:04:27.014923 munmap(0xfffff778e000, 8048) = 0 <0.000031>
19795 19:04:27.015021 mprotect(0xfffff776b000, 73728, PROT_NONE) = 0 <0.000054>
19795 19:04:27.015146 mmap(0xfffff777d000, 20480, PROT_READ|PROT_WRITE, MAP_PRIVATE|MAP_FIXED|MAP_DENYWRITE, 3, 0x18d000) = 0xfffff777d000 <0.000047>
19795 19:04:27.015291 mmap(0xfffff7782000, 49008, PROT_READ|PROT_WRITE, MAP_PRIVATE|MAP_FIXED|MAP_ANONYMOUS, -1, 0) = 0xfffff7782000 <0.000048>
19795 19:04:27.015450 close(3)          = 0 <0.000028>
19795 19:04:27.015634 mmap(NULL, 8192, PROT_READ|PROT_WRITE, MAP_PRIVATE|MAP_ANONYMOUS, -1, 0) = 0xfffff7fe6000 <0.000044>
19795 19:04:27.015785 mmap(NULL, 8192, PROT_READ|PROT_WRITE, MAP_PRIVATE|MAP_ANONYMOUS, -1, 0) = 0xfffff7fbc000 <0.000037>
19795 19:04:27.015911 set_tid_address(0xfffff7fbc0f0) = 19795 <0.000029>
19795 19:04:27.016009 set_robust_list(0xfffff7fbc100, 24) = 0 <0.000030>
19795 19:04:27.016121 rseq(0xfffff7fbc740, 0x20, 0, 0xd428bc00) = 0 <0.000026>
19795 19:04:27.087428 mprotect(0xfffff777d000, 12288, PROT_READ) = 0 <0.000414>
19795 19:04:27.088084 mprotect(0xfffff77bf000, 4096, PROT_READ) = 0 <0.000047>
19795 19:04:27.088235 mprotect(0xfffff7acf000, 4096, PROT_READ) = 0 <0.000053>
19795 19:04:27.180472 mmap(NULL, 8192, PROT_READ|PROT_WRITE, MAP_PRIVATE|MAP_ANONYMOUS, -1, 0) = 0xfffff7fba000 <0.000711>
19795 19:04:27.183515 mprotect(0xfffff7a13000, 53248, PROT_READ) = 0 <0.000704>
19795 19:04:27.223487 mprotect(0xfffff7f98000, 32768, PROT_READ) = 0 <0.000397>
19795 19:04:27.224303 mprotect(0xaaaaaaaee000, 8192, PROT_READ) = 0 <0.000050>
19795 19:04:27.224470 mprotect(0xfffff7ffc000, 8192, PROT_READ) = 0 <0.000051>
19795 19:04:27.224659 prlimit64(0, RLIMIT_STACK, NULL, {rlim_cur=8192*1024, rlim_max=RLIM64_INFINITY}) = 0 <0.000029>
19795 19:04:27.224835 munmap(0xfffff7fe8000, 60271) = 0 <0.000080>
19795 19:04:27.294607 futex(0xfffff7a216ec, FUTEX_WAKE_PRIVATE, 2147483647) = 0 <0.000658>
19795 19:04:27.375202 getrandom("\x8f\x82\x90\x5d\x55\x18\xce\xc1", 8, GRND_NONBLOCK) = 8 <0.000663>
19795 19:04:27.376703 brk(NULL)         = 0xaaaaaaaf1000 <0.000672>
19795 19:04:27.378096 brk(0xaaaaaab12000) = 0xaaaaaab12000 <0.000405>
19795 19:04:27.491652 openat(AT_FDCWD, "mobilenet_v1_1.0_224_quant.tflite", O_RDONLY) = 3 <0.000660>
19795 19:04:27.493161 fstat(3, {st_mode=S_IFREG|0644, st_size=4276352, ...}) = 0 <0.000681>
19795 19:04:27.494643 fstat(3, {st_mode=S_IFREG|0644, st_size=4276352, ...}) = 0 <0.000661>
19795 19:04:27.495725 mmap(NULL, 4276352, PROT_READ, MAP_SHARED, 3, 0) = 0xfffff7000000 <0.000081>
19795 19:04:27.526781 write(2, "INFO: Loaded model mobilenet_v1_1.0_224_quant.tflite", 52) = 52 <0.000669>
19795 19:04:27.528275 write(2, "\n", 1) = 1 <0.000668>
19795 19:04:27.529743 write(2, "INFO: resolved reporter", 23) = 23 <0.000665>
19795 19:04:27.531182 write(2, "\n", 1) = 1 <0.000044>
19795 19:04:27.888695 brk(0xaaaaaab33000) = 0xaaaaaab33000 <0.000384>
19795 19:04:28.133537 openat(AT_FDCWD, "grace_hopper.bmp", O_RDONLY) = 4 <0.000711>
19795 19:04:28.135117 lseek(4, 0, SEEK_CUR) = 0 <0.000658>
19795 19:04:28.136492 lseek(4, 0, SEEK_END) = 940650 <0.000659>
19795 19:04:28.137545 lseek(4, 0, SEEK_CUR) = 940650 <0.000031>
19795 19:04:28.138321 mmap(NULL, 942080, PROT_READ|PROT_WRITE, MAP_PRIVATE|MAP_ANONYMOUS, -1, 0) = 0xfffff74fa000 <0.000686>
19795 19:04:28.140523 lseek(4, 0, SEEK_SET) = 0 <0.000046>
19795 19:04:28.140976 read(4, "BMjZ\16\0\0\0\0\0\212\0\0\0|\0\0\0\5\2\0\0^\2\0\0\1\0\30\0\0\0\0\0\340Y\16\0\303\16\0\0\303\16\0\0\0\0\0\0\0\0\0\0\0\0\377\0\0\377\0\0\377\0\0\0\0\0\0\377BGRs\200\302\365(`\270\36\25 \205\353\1@33\23\200ff&@ff\6\240\231\231\t<\n\327\3$\\\2172\0\0\0\0\0\0\0\0\0\0\0\0\4\0\0\0\0\0\0\0\0\0\0\0\0\0\0\0\v\3\226\33\21\241 \25\241\33\16\230\35\22\230\33\30\226\17\22\214\0\5\202\10\f\220\r\v\215\n\10r\0\0;\0\3\26\t\24\f\6\17\5\v\20\17\26\25\27\21\20\22\v\n\f\n\t\v\r\f"..., 940650) = 940650 <0.198864>
19795 19:04:28.340722 mmap(NULL, 942080, PROT_READ|PROT_WRITE, MAP_PRIVATE|MAP_ANONYMOUS, -1, 0) = 0xfffff6f1a000 <0.000680>
19795 19:04:28.350622 munmap(0xfffff74fa000, 942080) = 0 <0.000573>
19795 19:04:28.351654 close(4)          = 0 <0.000027>
19795 19:04:28.372662 openat(AT_FDCWD, "/usr/lib/libvx_delegate.so", O_RDONLY|O_CLOEXEC) = 4 <0.000105>
19795 19:04:28.372953 read(4, "\177ELF\2\1\1\3\0\0\0\0\0\0\0\0\3\0\267\0\1\0\0\0\0\0\0\0\0\0\0\0@\0\0\0\0\0\0\0\20\1\v\0\0\0\0\0\0\0\0\0@\08\0\t\0@\0\32\0\31\0\1\0\0\0\5\0\0\0\0\0\0\0\0\0\0\0\0\0\0\0\0\0\0\0\0\0\0\0\0\0\0\0B\222\t\0\0\0\0\0B\222\t\0\0\0\0\0\0\0\1\0\0\0\0\0\1\0\0\0\6\0\0\0\0\214\n\0\0\0\0\0\0\214\n\0\0\0\0\0\0\214\n\0\0\0\0\0\20t\0\0\0\0\0\0\360t\0\0\0\0\0\0\0\0\1\0\0\0\0\0\2\0\0\0\6\0\0\0\210\357\n\0\0\0\0\0\210\357\n\0\0\0\0\0"..., 832) = 832 <0.004524>
19795 19:04:28.378255 fstat(4, {st_mode=S_IFREG|0755, st_size=722832, ...}) = 0 <0.000680>
19795 19:04:28.379719 mmap(NULL, 786672, PROT_NONE, MAP_PRIVATE|MAP_ANONYMOUS|MAP_DENYWRITE, -1, 0) = 0xfffff751f000 <0.000712>
19795 19:04:28.380541 mmap(0xfffff7520000, 721136, PROT_READ|PROT_EXEC, MAP_PRIVATE|MAP_FIXED|MAP_DENYWRITE, 4, 0) = 0xfffff7520000 <0.000385>
19795 19:04:28.381024 munmap(0xfffff751f000, 4096) = 0 <0.000364>
19795 19:04:28.381478 munmap(0xfffff75d1000, 57584) = 0 <0.000364>
19795 19:04:28.381954 mprotect(0xfffff75ba000, 57344, PROT_NONE) = 0 <0.000373>
19795 19:04:28.382423 mmap(0xfffff75c8000, 36864, PROT_READ|PROT_WRITE, MAP_PRIVATE|MAP_FIXED|MAP_DENYWRITE, 4, 0xa8000) = 0xfffff75c8000 <0.000359>
19795 19:04:28.386470 close(4)          = 0 <0.000048>
19795 19:04:28.418046 openat(AT_FDCWD, "/etc/ld.so.cache", O_RDONLY|O_CLOEXEC) = 4 <0.000660>
19795 19:04:28.419515 fstat(4, {st_mode=S_IFREG|0644, st_size=60271, ...}) = 0 <0.000050>
19795 19:04:28.419682 mmap(NULL, 60271, PROT_READ, MAP_PRIVATE, 4, 0) = 0xfffff7fe8000 <0.000366>
19795 19:04:28.420150 close(4)          = 0 <0.000047>
19795 19:04:28.420604 openat(AT_FDCWD, "/usr/lib/libtim-vx.so", O_RDONLY|O_CLOEXEC) = 4 <0.000406>
19795 19:04:28.421133 read(4, "\177ELF\2\1\1\3\0\0\0\0\0\0\0\0\3\0\267\0\1\0\0\0\0\0\0\0\0\0\0\0@\0\0\0\0\0\0\0\320\225g\0\0\0\0\0\0\0\0\0@\08\0\t\0@\0\33\0\32\0\1\0\0\0\5\0\0\0\0\0\0\0\0\0\0\0\0\0\0\0\0\0\0\0\0\0\0\0\0\0\0\0\334\7d\0\0\0\0\0\334\7d\0\0\0\0\0\0\0\1\0\0\0\0\0\1\0\0\0\6\0\0\0\360qd\0\0\0\0\0\360qe\0\0\0\0\0\360qe\0\0\0\0\0\300\"\3\0\0\0\0\0x#\3\0\0\0\0\0\0\0\1\0\0\0\0\0\2\0\0\0\6\0\0\0\250\332f\0\0\0\0\0\250\332g\0\0\0\0\0"..., 832) = 832 <0.004542>
19795 19:04:28.426439 fstat(4, {st_mode=S_IFREG|0755, st_size=6790288, ...}) = 0 <0.000653>
19795 19:04:28.427836 mmap(NULL, 6919528, PROT_NONE, MAP_PRIVATE|MAP_ANONYMOUS|MAP_DENYWRITE, -1, 0) = 0xfffff6880000 <0.000374>
19795 19:04:28.428302 mmap(0xfffff6880000, 6853992, PROT_READ|PROT_EXEC, MAP_PRIVATE|MAP_FIXED|MAP_DENYWRITE, 4, 0) = 0xfffff6880000 <0.000090>
19795 19:04:28.428474 munmap(0xfffff6f0a000, 62824) = 0 <0.000054>
19795 19:04:28.428606 mprotect(0xfffff6ec1000, 90112, PROT_NONE) = 0 <0.000048>
19795 19:04:28.428729 mmap(0xfffff6ed7000, 208896, PROT_READ|PROT_WRITE, MAP_PRIVATE|MAP_FIXED|MAP_DENYWRITE, 4, 0x647000) = 0xfffff6ed7000 <0.000050>
19795 19:04:28.446242 close(4)          = 0 <0.000681>
19795 19:04:28.470008 openat(AT_FDCWD, "/usr/lib/libOpenVX.so.1", O_RDONLY|O_CLOEXEC) = 4 <0.000734>
19795 19:04:28.470933 read(4, "\177ELF\2\1\1\0\0\0\0\0\0\0\0\0\3\0\267\0\1\0\0\0\0\0\0\0\0\0\0\0@\0\0\0\0\0\0\0\03027\0\0\0\0\0\0\0\0\0@\08\0\t\0@\0\32\0\31\0\1\0\0\0\5\0\0\0\0\0\0\0\0\0\0\0\0\0\0\0\0\0\0\0\0\0\0\0\0\0\0\0\250z4\0\0\0\0\0\250z4\0\0\0\0\0\0\0\1\0\0\0\0\0\1\0\0\0\6\0\0\0\270\2744\0\0\0\0\0\270\2745\0\0\0\0\0\270\2745\0\0\0\0\0Ut\2\0\0\0\0\0\10u\2\0\0\0\0\0\0\0\1\0\0\0\0\0\2\0\0\0\6\0\0\0h\2764\0\0\0\0\0h\2765\0\0\0\0\0"..., 832) = 832 <0.004906>
19795 19:04:28.475987 fstat(4, {st_mode=S_IFREG|0644, st_size=3618968, ...}) = 0 <0.000032>
19795 19:04:28.476178 mmap(NULL, 3748288, PROT_NONE, MAP_PRIVATE|MAP_ANONYMOUS|MAP_DENYWRITE, -1, 0) = 0xfffff64ec000 <0.000064>
19795 19:04:28.476325 mmap(0xfffff64f0000, 3682752, PROT_READ|PROT_EXEC, MAP_PRIVATE|MAP_FIXED|MAP_DENYWRITE, 4, 0) = 0xfffff64f0000 <0.000090>
19795 19:04:28.476495 munmap(0xfffff64ec000, 16384) = 0 <0.000034>
19795 19:04:28.476609 munmap(0xfffff6874000, 45504) = 0 <0.000032>
19795 19:04:28.476712 mprotect(0xfffff6838000, 77824, PROT_NONE) = 0 <0.000052>
19795 19:04:28.476840 mmap(0xfffff684b000, 167936, PROT_READ|PROT_WRITE, MAP_PRIVATE|MAP_FIXED|MAP_DENYWRITE, 4, 0x34b000) = 0xfffff684b000 <0.000046>
19795 19:04:28.523059 close(4)          = 0 <0.000050>
19795 19:04:28.555040 openat(AT_FDCWD, "/usr/lib/libVSC.so", O_RDONLY|O_CLOEXEC) = 4 <0.000386>
19795 19:04:28.555628 read(4, "\177ELF\2\1\1\0\0\0\0\0\0\0\0\0\3\0\267\0\1\0\0\0\0\0\0\0\0\0\0\0@\0\0\0\0\0\0\0@\342\t\1\0\0\0\0\0\0\0\0@\08\0\n\0@\0\33\0\32\0\1\0\0\0\5\0\0\0\0\0\0\0\0\0\0\0\0\0\0\0\0\0\0\0\0\0\0\0\0\0\0\0\230\252\0\1\0\0\0\0\230\252\0\1\0\0\0\0\0\0\1\0\0\0\0\0\1\0\0\0\6\0\0\0@\230\1\1\0\0\0\0@\230\1\1\0\0\0\0@\230\1\1\0\0\0\0\360H\10\0\0\0\0\0\300Q\10\0\0\0\0\0\0\0\1\0\0\0\0\0\2\0\0\0\6\0\0\0x\273\2\1\0\0\0\0x\273\2\1\0\0\0\0"..., 832) = 832 <0.000350>
19795 19:04:28.556092 fstat(4, {st_mode=S_IFREG|0644, st_size=17426688, ...}) = 0 <0.000041>
19795 19:04:28.556562 mmap(NULL, 17492480, PROT_NONE, MAP_PRIVATE|MAP_ANONYMOUS|MAP_DENYWRITE, -1, 0) = 0xfffff5441000 <0.000383>
19795 19:04:28.557051 mmap(0xfffff5450000, 17426944, PROT_READ|PROT_EXEC, MAP_PRIVATE|MAP_FIXED|MAP_DENYWRITE, 4, 0) = 0xfffff5450000 <0.000386>
19795 19:04:28.557531 munmap(0xfffff5441000, 61440) = 0 <0.000367>
19795 19:04:28.558006 munmap(0xfffff64ef000, 2560) = 0 <0.000347>
19795 19:04:28.558440 mprotect(0xfffff645b000, 57344, PROT_NONE) = 0 <0.000050>
19795 19:04:28.558573 mmap(0xfffff6469000, 548864, PROT_READ|PROT_WRITE, MAP_PRIVATE|MAP_FIXED|MAP_DENYWRITE, 4, 0x1019000) = 0xfffff6469000 <0.000052>
19795 19:04:28.558782 close(4)          = 0 <0.000030>
19795 19:04:28.558909 openat(AT_FDCWD, "/usr/lib/libGAL.so", O_RDONLY|O_CLOEXEC) = 4 <0.000045>
19795 19:04:28.559054 read(4, "\177ELF\2\1\1\0\0\0\0\0\0\0\0\0\3\0\267\0\1\0\0\0\0\0\0\0\0\0\0\0@\0\0\0\0\0\0\0\240@!\0\0\0\0\0\0\0\0\0@\08\0\t\0@\0\32\0\31\0\1\0\0\0\5\0\0\0\0\0\0\0\0\0\0\0\0\0\0\0\0\0\0\0\0\0\0\0\0\0\0\0H'\37\0\0\0\0\0H'\37\0\0\0\0\0\0\0\1\0\0\0\0\0\1\0\0\0\6\0\0\0\10\340\37\0\0\0\0\0\10\340 \0\0\0\0\0\10\340 \0\0\0\0\0\220_\1\0\0\0\0\0\370\20\2\0\0\0\0\0\0\0\1\0\0\0\0\0\2\0\0\0\6\0\0\0@\344\37\0\0\0\0\0@\344 \0\0\0\0\0"..., 832) = 832 <0.000036>
19795 19:04:28.559186 fstat(4, {st_mode=S_IFREG|0644, st_size=2180896, ...}) = 0 <0.000030>
19795 19:04:28.559306 mmap(NULL, 2355456, PROT_NONE, MAP_PRIVATE|MAP_ANONYMOUS|MAP_DENYWRITE, -1, 0) = 0xfffff5210000 <0.000038>
19795 19:04:28.559419 mmap(0xfffff5210000, 2289920, PROT_READ|PROT_EXEC, MAP_PRIVATE|MAP_FIXED|MAP_DENYWRITE, 4, 0) = 0xfffff5210000 <0.000063>
19795 19:04:28.559556 munmap(0xfffff5440000, 61696) = 0 <0.000034>
19795 19:04:28.559661 mprotect(0xfffff5403000, 110592, PROT_NONE) = 0 <0.000046>
19795 19:04:28.559779 mmap(0xfffff541e000, 90112, PROT_READ|PROT_WRITE, MAP_PRIVATE|MAP_FIXED|MAP_DENYWRITE, 4, 0x1fe000) = 0xfffff541e000 <0.000078>
19795 19:04:28.559956 mmap(0xfffff5434000, 45312, PROT_READ|PROT_WRITE, MAP_PRIVATE|MAP_FIXED|MAP_ANONYMOUS, -1, 0) = 0xfffff5434000 <0.000045>
19795 19:04:28.560117 close(4)          = 0 <0.000028>
19795 19:04:28.560233 openat(AT_FDCWD, "/usr/lib/libArchModelSw.so", O_RDONLY|O_CLOEXEC) = 4 <0.000093>
19795 19:04:28.560409 read(4, "\177ELF\2\1\1\0\0\0\0\0\0\0\0\0\3\0\267\0\1\0\0\0\0\0\0\0\0\0\0\0@\0\0\0\0\0\0\0PF\3\0\0\0\0\0\0\0\0\0@\08\0\t\0@\0\31\0\30\0\1\0\0\0\5\0\0\0\0\0\0\0\0\0\0\0\0\0\0\0\0\0\0\0\0\0\0\0\0\0\0\0@\227\2\0\0\0\0\0@\227\2\0\0\0\0\0\0\0\1\0\0\0\0\0\1\0\0\0\6\0\0\0p\373\2\0\0\0\0\0p\373\3\0\0\0\0\0p\373\3\0\0\0\0\0\344I\0\0\0\0\0\08e\0\0\0\0\0\0\0\0\1\0\0\0\0\0\2\0\0\0\6\0\0\0\210\373\2\0\0\0\0\0\210\373\3\0\0\0\0\0"..., 832) = 832 <0.001594>
19795 19:04:28.562202 fstat(4, {st_mode=S_IFREG|0644, st_size=216208, ...}) = 0 <0.000039>
19795 19:04:28.562705 mmap(NULL, 352424, PROT_NONE, MAP_PRIVATE|MAP_ANONYMOUS|MAP_DENYWRITE, -1, 0) = 0xfffff74c9000 <0.000386>
19795 19:04:28.563183 mmap(0xfffff74d0000, 286888, PROT_READ|PROT_EXEC, MAP_PRIVATE|MAP_FIXED|MAP_DENYWRITE, 4, 0) = 0xfffff74d0000 <0.000089>
19795 19:04:28.563355 munmap(0xfffff74c9000, 28672) = 0 <0.000052>
19795 19:04:28.563479 munmap(0xfffff7517000, 32936) = 0 <0.000034>
19795 19:04:28.563585 mprotect(0xfffff74fa000, 86016, PROT_NONE) = 0 <0.000055>
19795 19:04:28.563713 mmap(0xfffff750f000, 24576, PROT_READ|PROT_WRITE, MAP_PRIVATE|MAP_FIXED|MAP_DENYWRITE, 4, 0x2f000) = 0xfffff750f000 <0.000047>
19795 19:04:28.578594 mmap(0xfffff7515000, 4264, PROT_READ|PROT_WRITE, MAP_PRIVATE|MAP_FIXED|MAP_ANONYMOUS, -1, 0) = 0xfffff7515000 <0.000087>
19795 19:04:28.578850 close(4)          = 0 <0.000034>
19795 19:04:28.578992 openat(AT_FDCWD, "/usr/lib/libNNArchPerf.so", O_RDONLY|O_CLOEXEC) = 4 <0.000100>
19795 19:04:28.579199 read(4, "\177ELF\2\1\1\0\0\0\0\0\0\0\0\0\3\0\267\0\1\0\0\0\0\0\0\0\0\0\0\0@\0\0\0\0\0\0\0\30>\3\0\0\0\0\0\0\0\0\0@\08\0\t\0@\0\31\0\30\0\1\0\0\0\5\0\0\0\0\0\0\0\0\0\0\0\0\0\0\0\0\0\0\0\0\0\0\0\0\0\0\0$|\2\0\0\0\0\0$|\2\0\0\0\0\0\0\0\1\0\0\0\0\0\1\0\0\0\6\0\0\0\220\374\2\0\0\0\0\0\220\374\3\0\0\0\0\0\220\374\3\0\0\0\0\0\210@\0\0\0\0\0\0\240@\0\0\0\0\0\0\0\0\1\0\0\0\0\0\2\0\0\0\6\0\0\0\250\374\2\0\0\0\0\0\250\374\3\0\0\0\0\0"..., 832) = 832 <0.000574>
19795 19:04:28.579894 fstat(4, {st_mode=S_IFREG|0644, st_size=214104, ...}) = 0 <0.000031>
19795 19:04:28.580029 mmap(NULL, 343344, PROT_NONE, MAP_PRIVATE|MAP_ANONYMOUS|MAP_DENYWRITE, -1, 0) = 0xfffff747c000 <0.000061>
19795 19:04:28.580172 mmap(0xfffff7480000, 277808, PROT_READ|PROT_EXEC, MAP_PRIVATE|MAP_FIXED|MAP_DENYWRITE, 4, 0) = 0xfffff7480000 <0.000086>
19795 19:04:28.580340 munmap(0xfffff747c000, 16384) = 0 <0.000049>
19795 19:04:28.580465 munmap(0xfffff74c4000, 48432) = 0 <0.000033>
19795 19:04:28.580575 mprotect(0xfffff74a8000, 94208, PROT_NONE) = 0 <0.000047>
19795 19:04:28.580697 mmap(0xfffff74bf000, 20480, PROT_READ|PROT_WRITE, MAP_PRIVATE|MAP_FIXED|MAP_DENYWRITE, 4, 0x2f000) = 0xfffff74bf000 <0.000046>
19795 19:04:28.593711 close(4)          = 0 <0.000033>
19795 19:04:28.643083 mprotect(0xfffff74bf000, 4096, PROT_READ) = 0 <0.000692>
19795 19:04:28.670481 mprotect(0xfffff750f000, 4096, PROT_READ) = 0 <0.000697>
19795 19:04:28.700185 mprotect(0xfffff541e000, 8192, PROT_READ) = 0 <0.000714>
19795 19:04:28.703556 mprotect(0xfffff6469000, 94208, PROT_READ) = 0 <0.000423>
19795 19:04:28.741094 mprotect(0xfffff684b000, 20480, PROT_READ) = 0 <0.000722>
19795 19:04:28.888237 mprotect(0xfffff6ed7000, 167936, PROT_READ) = 0 <0.000746>
19795 19:04:28.915352 mprotect(0xfffff75c8000, 32768, PROT_READ) = 0 <0.000698>
19795 19:04:28.916353 futex(0xfffff543f0b4, FUTEX_WAKE_PRIVATE, 2147483647) = 0 <0.000032>
19795 19:04:28.916489 getpid()          = 19795 <0.000028>
19795 19:04:29.114154 munmap(0xfffff7fe8000, 60271) = 0 <0.000406>
19795 19:04:29.114892 fstat(1, {st_mode=S_IFCHR|0620, st_rdev=makedev(0x88, 0), ...}) = 0 <0.000033>
19795 19:04:29.115051 write(1, "INFO: Vx delegate: allowed_cache_mode set to 0.\n", 48) = 48 <0.000048>
19795 19:04:29.115201 write(1, "INFO: Vx delegate: device num set to 0.\n", 40) = 40 <0.000033>
19795 19:04:29.115327 write(1, "INFO: Vx delegate: allowed_builtin_code set to 0.\n", 50) = 50 <0.000033>
19795 19:04:29.115449 write(1, "INFO: Vx delegate: error_during_init set to 0.\n", 47) = 47 <0.000034>
19795 19:04:29.115572 write(1, "INFO: Vx delegate: error_during_prepare set to 0.\n", 50) = 50 <0.000037>
19795 19:04:29.115698 write(1, "INFO: Vx delegate: error_during_invoke set to 0.\n", 49) = 49 <0.000035>
19795 19:04:29.115841 write(1, "INFO: EXTERNAL delegate created.\n", 33) = 33 <0.000034>
19795 19:04:29.116037 brk(0xaaaaaab54000) = 0xaaaaaab54000 <0.000050>
19795 19:04:29.116759 write(2, "INFO: Applied EXTERNAL delegate.", 32) = 32 <0.000044>
19795 19:04:29.116905 write(2, "\n", 1) = 1 <0.000032>
19795 19:04:29.118386 brk(0xaaaaaab95000) = 0xaaaaaab95000 <0.000052>
19795 19:04:29.119141 mmap(NULL, 3760128, PROT_READ|PROT_WRITE, MAP_PRIVATE|MAP_ANONYMOUS, -1, 0) = 0xfffff4e7a000 <0.000061>
19795 19:04:29.142714 brk(0xaaaaaac3f000) = 0xaaaaaac3f000 <0.000659>
19795 19:04:29.159959 munmap(0xfffff4e7a000, 3760128) = 0 <0.000991>
19795 19:04:29.213714 brk(0xaaaaaae8c000) = 0xaaaaaae8c000 <0.000679>
19795 19:04:29.256421 openat(AT_FDCWD, "/dev/galcore", O_RDWR) = 4 <0.000403>
19795 19:04:29.257015 ioctl(4, _IOC(_IOC_NONE, 0x75, 0x30, 0), 0xffffffffe908) = 0 <0.000078>
19795 19:04:29.257201 ioctl(4, _IOC(_IOC_NONE, 0x75, 0x30, 0), 0xffffffffe908) = 0 <0.000078>
19795 19:04:29.257383 ioctl(4, _IOC(_IOC_NONE, 0x75, 0x30, 0), 0xffffffffe968) = 0 <0.000082>
19795 19:04:29.257637 getpid()          = 19795 <0.000033>
19795 19:04:29.257788 openat(AT_FDCWD, "/proc/19795/cmdline", O_RDONLY) = 5 <0.000074>
19795 19:04:29.257973 fstat(5, {st_mode=S_IFREG|0444, st_size=0, ...}) = 0 <0.000034>
19795 19:04:29.258104 read(5, "./label_image\0-m\0mobilenet_v1_1.0_224_quant.tflite\0-i\0grace_hopper.bmp\0-l\0labels.txt\0--external_delegate_path=/usr/lib/libvx_delegate.so\0", 1024) = 137 <0.000046>
19795 19:04:29.258241 read(5, "", 1024) = 0 <0.000028>
19795 19:04:29.258357 close(5)          = 0 <0.000040>
19795 19:04:29.258560 ioctl(4, _IOC(_IOC_NONE, 0x75, 0x30, 0), 0xffffffffe658) = 0 <0.000088>
19795 19:04:29.258739 ioctl(4, _IOC(_IOC_NONE, 0x75, 0x30, 0), 0xffffffffe658) = 0 <0.000070>
19795 19:04:29.259063 ioctl(4, _IOC(_IOC_NONE, 0x75, 0x30, 0), 0xffffffffe648) = 0 <0.000424>
19795 19:04:29.259751 ioctl(4, _IOC(_IOC_NONE, 0x75, 0x30, 0), 0xffffffffe668) = 0 <0.000308>
19795 19:04:29.260587 ioctl(4, _IOC(_IOC_NONE, 0x75, 0x30, 0), 0xffffffffe638) = 0 <0.000201>
19795 19:04:29.260953 brk(0xaaaaaaec9000) = 0xaaaaaaec9000 <0.000053>
19795 19:04:29.261349 brk(0xaaaaaaf00000) = 0xaaaaaaf00000 <0.000048>
19795 19:04:29.261843 brk(0xaaaaaaf37000) = 0xaaaaaaf37000 <0.000073>
19795 19:04:29.262285 ioctl(4, _IOC(_IOC_NONE, 0x75, 0x30, 0), 0xffffffffe5d8) = 0 <0.000075>
19795 19:04:29.262433 ioctl(4, _IOC(_IOC_NONE, 0x75, 0x30, 0), 0xffffffffe5d8) = 0 <0.000052>
19795 19:04:29.262553 ioctl(4, _IOC(_IOC_NONE, 0x75, 0x30, 0), 0xffffffffe598) = 0 <0.000166>
19795 19:04:29.262781 ioctl(4, _IOC(_IOC_NONE, 0x75, 0x30, 0), 0xffffffffe598) = 0 <0.000058>
19795 19:04:29.262904 ioctl(4, _IOC(_IOC_NONE, 0x75, 0x30, 0), 0xffffffffe598) = 0 <0.000055>
19795 19:04:29.263013 ioctl(4, _IOC(_IOC_NONE, 0x75, 0x30, 0), 0xffffffffe598) = 0 <0.000054>
19795 19:04:29.263131 ioctl(4, _IOC(_IOC_NONE, 0x75, 0x30, 0), 0xffffffffe598) = 0 <0.000055>
19795 19:04:29.263243 ioctl(4, _IOC(_IOC_NONE, 0x75, 0x30, 0), 0xffffffffe598) = 0 <0.000052>
19795 19:04:29.263374 ioctl(4, _IOC(_IOC_NONE, 0x75, 0x30, 0), 0xffffffffe598) = 0 <0.000063>
19795 19:04:29.263495 ioctl(4, _IOC(_IOC_NONE, 0x75, 0x30, 0), 0xffffffffe598) = 0 <0.000053>
19795 19:04:29.263608 ioctl(4, _IOC(_IOC_NONE, 0x75, 0x30, 0), 0xffffffffe598) = 0 <0.000053>
19795 19:04:29.263746 ioctl(4, _IOC(_IOC_NONE, 0x75, 0x30, 0), 0xffffffffe598) = 0 <0.000056>
19795 19:04:29.263866 ioctl(4, _IOC(_IOC_NONE, 0x75, 0x30, 0), 0xffffffffe598) = 0 <0.000053>
19795 19:04:29.263973 ioctl(4, _IOC(_IOC_NONE, 0x75, 0x30, 0), 0xffffffffe598) = 0 <0.000052>
19795 19:04:29.264085 ioctl(4, _IOC(_IOC_NONE, 0x75, 0x30, 0), 0xffffffffe598) = 0 <0.000058>
19795 19:04:29.264199 ioctl(4, _IOC(_IOC_NONE, 0x75, 0x30, 0), 0xffffffffe598) = 0 <0.000060>
19795 19:04:29.264319 ioctl(4, _IOC(_IOC_NONE, 0x75, 0x30, 0), 0xffffffffe598) = 0 <0.000055>
19795 19:04:29.264430 ioctl(4, _IOC(_IOC_NONE, 0x75, 0x30, 0), 0xffffffffe598) = 0 <0.000054>
19795 19:04:29.264544 ioctl(4, _IOC(_IOC_NONE, 0x75, 0x30, 0), 0xffffffffe598) = 0 <0.000060>
19795 19:04:29.264659 ioctl(4, _IOC(_IOC_NONE, 0x75, 0x30, 0), 0xffffffffe598) = 0 <0.000053>
19795 19:04:29.264773 ioctl(4, _IOC(_IOC_NONE, 0x75, 0x30, 0), 0xffffffffe598) = 0 <0.000055>
19795 19:04:29.264883 ioctl(4, _IOC(_IOC_NONE, 0x75, 0x30, 0), 0xffffffffe598) = 0 <0.000058>
19795 19:04:29.265001 ioctl(4, _IOC(_IOC_NONE, 0x75, 0x30, 0), 0xffffffffe598) = 0 <0.000054>
19795 19:04:29.265138 ioctl(4, _IOC(_IOC_NONE, 0x75, 0x30, 0), 0xffffffffe598) = 0 <0.000053>
19795 19:04:29.265249 ioctl(4, _IOC(_IOC_NONE, 0x75, 0x30, 0), 0xffffffffe598) = 0 <0.000060>
19795 19:04:29.265367 ioctl(4, _IOC(_IOC_NONE, 0x75, 0x30, 0), 0xffffffffe598) = 0 <0.000053>
19795 19:04:29.265478 rt_sigaction(SIGRT_1, {sa_handler=0xfffff765df50, sa_mask=[], sa_flags=SA_ONSTACK|SA_RESTART|SA_SIGINFO}, NULL, 8) = 0 <0.000021>
19795 19:04:29.265639 rt_sigprocmask(SIG_UNBLOCK, [RTMIN RT_1], NULL, 8) = 0 <0.000021>
19795 19:04:29.265762 mmap(NULL, 8454144, PROT_NONE, MAP_PRIVATE|MAP_ANONYMOUS|MAP_STACK, -1, 0) = 0xfffff4a00000 <0.000050>
19795 19:04:29.265874 mprotect(0xfffff4a10000, 8388608, PROT_READ|PROT_WRITE) = 0 <0.000055>
19795 19:04:29.266018 rt_sigprocmask(SIG_BLOCK, ~[], [], 8) = 0 <0.000023>
19795 19:04:29.266124 clone3({flags=CLONE_VM|CLONE_FS|CLONE_FILES|CLONE_SIGHAND|CLONE_THREAD|CLONE_SYSVSEM|CLONE_SETTLS|CLONE_PARENT_SETTID|CLONE_CHILD_CLEARTID, child_tid=0xfffff520f210, parent_tid=0xfffff520f210, exit_signal=0, stack=0xfffff4a00000, stack_size=0x80ea00, tls=0xfffff520f880} => {parent_tid=[19796]}, 88) = 19796 <0.000164>
19796 19:04:29.266362 rseq(0xfffff520f860, 0x20, 0, 0xd428bc00 <unfinished ...>
19795 19:04:29.266421 rt_sigprocmask(SIG_SETMASK, [],  <unfinished ...>
19796 19:04:29.266464 <... rseq resumed>) = 0 <0.000079>
19795 19:04:29.266509 <... rt_sigprocmask resumed>NULL, 8) = 0 <0.000061>
19796 19:04:29.266556 set_robust_list(0xfffff520f220, 24 <unfinished ...>
19795 19:04:29.266588 ioctl(4, _IOC(_IOC_NONE, 0x75, 0x30, 0), 0xffffffffe3c8) = 0 <0.000086>
19796 19:04:29.266717 <... set_robust_list resumed>) = 0 <0.000140>
19796 19:04:29.266761 rt_sigprocmask(SIG_SETMASK, [],  <unfinished ...>
19795 19:04:29.266827 ioctl(4, _IOC(_IOC_NONE, 0x75, 0x30, 0) <unfinished ...>
19796 19:04:29.266906 <... rt_sigprocmask resumed>NULL, 8) = 0 <0.000115>
19795 19:04:29.266956 <... ioctl resumed>, 0xffffffffe3c8) = 0 <0.000102>
19796 19:04:29.266984 mmap(NULL, 134217728, PROT_NONE, MAP_PRIVATE|MAP_ANONYMOUS, -1, 0 <unfinished ...>
19795 19:04:29.267058 ioctl(4, _IOC(_IOC_NONE, 0x75, 0x30, 0) <unfinished ...>
19796 19:04:29.267089 <... mmap resumed>) = 0xffffeca00000 <0.000079>
19795 19:04:29.267250 <... ioctl resumed>, 0xffffffffe578) = 0 <0.000167>
19796 19:04:29.267281 munmap(0xffffeca00000, 56623104) = 0 <0.000057>
19796 19:04:29.267392 munmap(0xfffff4000000, 10485760 <unfinished ...>
19795 19:04:29.267465 ioctl(4, _IOC(_IOC_NONE, 0x75, 0x30, 0) <unfinished ...>
19796 19:04:29.268395 <... munmap resumed>) = 0 <0.000967>
19795 19:04:29.268493 <... ioctl resumed>, 0xffffffffe578) = 0 <0.001002>
19796 19:04:29.268527 mprotect(0xfffff0000000, 135168, PROT_READ|PROT_WRITE) = 0 <0.000056>
19796 19:04:29.268671 ioctl(4, _IOC(_IOC_NONE, 0x75, 0x30, 0) <unfinished ...>
19795 19:04:29.268768 ioctl(4, _IOC(_IOC_NONE, 0x75, 0x30, 0), 0xffffffffe3c8) = 0 <0.000061>
19795 19:04:29.268893 ioctl(4, _IOC(_IOC_NONE, 0x75, 0x30, 0), 0xffffffffe3c8) = 0 <0.000058>
19795 19:04:29.269010 ioctl(4, _IOC(_IOC_NONE, 0x75, 0x30, 0), 0xffffffffe578) = 0 <0.000116>
19795 19:04:29.269187 ioctl(4, _IOC(_IOC_NONE, 0x75, 0x30, 0), 0xffffffffe578) = 0 <0.000099>
19795 19:04:29.269348 ioctl(4, _IOC(_IOC_NONE, 0x75, 0x30, 0), 0xffffffffe598) = 0 <0.000060>
19795 19:04:29.318291 ioctl(4, _IOC(_IOC_NONE, 0x75, 0x30, 0), 0xffffffffe6c8) = 0 <0.000730>
19795 19:04:29.319207 ioctl(4, _IOC(_IOC_NONE, 0x75, 0x30, 0), 0xffffffffe6c8) = 0 <0.000377>
19795 19:04:29.320017 brk(0xaaaaaaf65000) = 0xaaaaaaf65000 <0.000365>
19795 19:04:29.320597 ioctl(4, _IOC(_IOC_NONE, 0x75, 0x30, 0), 0xffffffffe6b8) = 0 <0.000429>
19795 19:04:29.321142 ioctl(4, _IOC(_IOC_NONE, 0x75, 0x30, 0), 0xffffffffe6d8) = 0 <0.000072>
19795 19:04:29.321310 ioctl(4, _IOC(_IOC_NONE, 0x75, 0x30, 0), 0xffffffffe6a8) = 0 <0.000080>
19795 19:04:29.321468 brk(0xaaaaaaf94000) = 0xaaaaaaf94000 <0.000040>
19795 19:04:29.321856 brk(0xaaaaaafcb000) = 0xaaaaaafcb000 <0.000045>
19795 19:04:29.322281 brk(0xaaaaab003000) = 0xaaaaab003000 <0.000041>
19795 19:04:29.322732 ioctl(4, _IOC(_IOC_NONE, 0x75, 0x30, 0), 0xffffffffe438) = 0 <0.000100>
19795 19:04:29.322923 ioctl(4, _IOC(_IOC_NONE, 0x75, 0x30, 0), 0xffffffffe438) = 0 <0.000082>
19795 19:04:29.323088 ioctl(4, _IOC(_IOC_NONE, 0x75, 0x30, 0), 0xffffffffe5e8) = 0 <0.000152>
19795 19:04:29.323323 ioctl(4, _IOC(_IOC_NONE, 0x75, 0x30, 0), 0xffffffffe5e8) = 0 <0.000133>
19795 19:04:29.323544 ioctl(4, _IOC(_IOC_NONE, 0x75, 0x30, 0), 0xffffffffe438) = 0 <0.000083>
19795 19:04:29.323711 ioctl(4, _IOC(_IOC_NONE, 0x75, 0x30, 0), 0xffffffffe438) = 0 <0.000078>
19795 19:04:29.323870 ioctl(4, _IOC(_IOC_NONE, 0x75, 0x30, 0), 0xffffffffe5e8) = 0 <0.000147>
19795 19:04:29.324098 ioctl(4, _IOC(_IOC_NONE, 0x75, 0x30, 0), 0xffffffffe5e8) = 0 <0.000133>
19795 19:04:29.324317 ioctl(4, _IOC(_IOC_NONE, 0x75, 0x30, 0), 0xffffffffe608) = 0 <0.000080>
19795 19:04:29.355155 brk(0xaaaaab024000) = 0xaaaaab024000 <0.000051>
19795 19:04:29.394456 brk(0xaaaaab053000) = 0xaaaaab053000 <0.000388>
19795 19:04:29.395805 ioctl(4, _IOC(_IOC_NONE, 0x75, 0x30, 0), 0xffffffffe578) = 0 <0.001119>
19795 19:04:29.397063 ioctl(4, _IOC(_IOC_NONE, 0x75, 0x30, 0), 0xffffffffe568) = 0 <0.000704>
19795 19:04:29.397925 ioctl(4, _IOC(_IOC_NONE, 0x75, 0x30, 0), 0xffffffffe758) = 0 <0.000506>
19795 19:04:29.398533 ioctl(4, _IOC(_IOC_NONE, 0x75, 0x30, 0), 0xffffffffe758) = 0 <0.000293>
19795 19:04:29.398930 brk(0xaaaaab079000) = 0xaaaaab079000 <0.000052>
19795 19:04:29.399299 ioctl(4, _IOC(_IOC_NONE, 0x75, 0x30, 0), 0xffffffffe688) = 0 <0.000320>
19795 19:04:29.399797 ioctl(4, _IOC(_IOC_NONE, 0x75, 0x30, 0), 0xffffffffe698) = 0 <0.000522>
19795 19:04:29.400413 ioctl(4, _IOC(_IOC_NONE, 0x75, 0x30, 0), 0xffffffffe698) = 0 <0.000316>
19795 19:04:29.400824 ioctl(4, _IOC(_IOC_NONE, 0x75, 0x30, 0), 0xffffffffe758) = 0 <0.000495>
19795 19:04:29.401403 ioctl(4, _IOC(_IOC_NONE, 0x75, 0x30, 0), 0xffffffffe758) = 0 <0.000337>
19795 19:04:29.401944 ioctl(4, _IOC(_IOC_NONE, 0x75, 0x30, 0), 0xffffffffe578) = 0 <0.000589>
19795 19:04:29.402656 ioctl(4, _IOC(_IOC_NONE, 0x75, 0x30, 0), 0xffffffffe568) = 0 <0.000184>
19795 19:04:29.402979 ioctl(4, _IOC(_IOC_NONE, 0x75, 0x30, 0), 0xffffffffe758) = 0 <0.000486>
19795 19:04:29.403573 ioctl(4, _IOC(_IOC_NONE, 0x75, 0x30, 0), 0xffffffffe758) = 0 <0.000293>
19795 19:04:29.403987 ioctl(4, _IOC(_IOC_NONE, 0x75, 0x30, 0), 0xffffffffe688) = 0 <0.000299>
19795 19:04:29.404409 ioctl(4, _IOC(_IOC_NONE, 0x75, 0x30, 0), 0xffffffffe698) = 0 <0.000485>
19795 19:04:29.405005 ioctl(4, _IOC(_IOC_NONE, 0x75, 0x30, 0), 0xffffffffe698) = 0 <0.000296>
19795 19:04:29.405415 ioctl(4, _IOC(_IOC_NONE, 0x75, 0x30, 0), 0xffffffffe758) = 0 <0.000545>
19795 19:04:29.406102 ioctl(4, _IOC(_IOC_NONE, 0x75, 0x30, 0), 0xffffffffe758) = 0 <0.000243>
19795 19:04:29.406551 ioctl(4, _IOC(_IOC_NONE, 0x75, 0x30, 0), 0xffffffffe3a8) = 0 <0.000143>
19795 19:04:29.406786 ioctl(4, _IOC(_IOC_NONE, 0x75, 0x30, 0), 0xffffffffe378) = 0 <0.000106>
19795 19:04:29.407074 ioctl(4, _IOC(_IOC_NONE, 0x75, 0x30, 0), 0xffffffffe3a8) = 0 <0.000126>
19795 19:04:29.407284 ioctl(4, _IOC(_IOC_NONE, 0x75, 0x30, 0), 0xffffffffe378) = 0 <0.000106>
19795 19:04:29.407672 ioctl(4, _IOC(_IOC_NONE, 0x75, 0x30, 0), 0xffffffffe3a8) = 0 <0.000139>
19795 19:04:29.407901 ioctl(4, _IOC(_IOC_NONE, 0x75, 0x30, 0), 0xffffffffe378) = 0 <0.000106>
19795 19:04:29.408180 ioctl(4, _IOC(_IOC_NONE, 0x75, 0x30, 0), 0xffffffffe3a8) = 0 <0.000130>
19795 19:04:29.408398 ioctl(4, _IOC(_IOC_NONE, 0x75, 0x30, 0), 0xffffffffe378) = 0 <0.000104>
19795 19:04:29.408737 ioctl(4, _IOC(_IOC_NONE, 0x75, 0x30, 0), 0xffffffffe3a8) = 0 <0.000133>
19795 19:04:29.408960 ioctl(4, _IOC(_IOC_NONE, 0x75, 0x30, 0), 0xffffffffe378) = 0 <0.000105>
19795 19:04:29.409233 ioctl(4, _IOC(_IOC_NONE, 0x75, 0x30, 0), 0xffffffffe3a8) = 0 <0.000125>
19795 19:04:29.409439 ioctl(4, _IOC(_IOC_NONE, 0x75, 0x30, 0), 0xffffffffe378) = 0 <0.000130>
19795 19:04:29.409858 ioctl(4, _IOC(_IOC_NONE, 0x75, 0x30, 0), 0xffffffffe3a8) = 0 <0.000141>
19795 19:04:29.410100 ioctl(4, _IOC(_IOC_NONE, 0x75, 0x30, 0), 0xffffffffe378) = 0 <0.000105>
19795 19:04:29.410372 ioctl(4, _IOC(_IOC_NONE, 0x75, 0x30, 0), 0xffffffffe3a8) = 0 <0.000128>
19795 19:04:29.410622 ioctl(4, _IOC(_IOC_NONE, 0x75, 0x30, 0), 0xffffffffe378) = 0 <0.000107>
19795 19:04:29.410977 ioctl(4, _IOC(_IOC_NONE, 0x75, 0x30, 0), 0xffffffffe3a8) = 0 <0.000137>
19795 19:04:29.411214 ioctl(4, _IOC(_IOC_NONE, 0x75, 0x30, 0), 0xffffffffe378) = 0 <0.000106>
19795 19:04:29.411507 ioctl(4, _IOC(_IOC_NONE, 0x75, 0x30, 0), 0xffffffffe3a8) = 0 <0.000126>
19795 19:04:29.411706 ioctl(4, _IOC(_IOC_NONE, 0x75, 0x30, 0), 0xffffffffe378) = 0 <0.000102>
19795 19:04:29.412001 ioctl(4, _IOC(_IOC_NONE, 0x75, 0x30, 0), 0xffffffffe3a8) = 0 <0.000121>
19795 19:04:29.412196 ioctl(4, _IOC(_IOC_NONE, 0x75, 0x30, 0), 0xffffffffe378) = 0 <0.000100>
19795 19:04:29.412434 ioctl(4, _IOC(_IOC_NONE, 0x75, 0x30, 0), 0xffffffffe3a8) = 0 <0.000111>
19795 19:04:29.412693 ioctl(4, _IOC(_IOC_NONE, 0x75, 0x30, 0), 0xffffffffe378) = 0 <0.000121>
19795 19:04:29.413062 ioctl(4, _IOC(_IOC_NONE, 0x75, 0x30, 0), 0xffffffffe3a8) = 0 <0.000112>
19795 19:04:29.413325 ioctl(4, _IOC(_IOC_NONE, 0x75, 0x30, 0), 0xffffffffe378) = 0 <0.000090>
19795 19:04:29.413616 ioctl(4, _IOC(_IOC_NONE, 0x75, 0x30, 0), 0xffffffffe3a8) = 0 <0.000131>
19795 19:04:29.413846 ioctl(4, _IOC(_IOC_NONE, 0x75, 0x30, 0), 0xffffffffe378) = 0 <0.000094>
19795 19:04:29.414177 ioctl(4, _IOC(_IOC_NONE, 0x75, 0x30, 0), 0xffffffffe3a8) = 0 <0.000130>
19795 19:04:29.414402 ioctl(4, _IOC(_IOC_NONE, 0x75, 0x30, 0), 0xffffffffe378) = 0 <0.000091>
19795 19:04:29.414669 ioctl(4, _IOC(_IOC_NONE, 0x75, 0x30, 0), 0xffffffffe3a8) = 0 <0.000131>
19795 19:04:29.414876 ioctl(4, _IOC(_IOC_NONE, 0x75, 0x30, 0), 0xffffffffe378) = 0 <0.000093>
19795 19:04:29.415199 ioctl(4, _IOC(_IOC_NONE, 0x75, 0x30, 0), 0xffffffffe3a8) = 0 <0.000130>
19795 19:04:29.415421 ioctl(4, _IOC(_IOC_NONE, 0x75, 0x30, 0), 0xffffffffe378) = 0 <0.000096>
19795 19:04:29.415737 ioctl(4, _IOC(_IOC_NONE, 0x75, 0x30, 0), 0xffffffffe3a8) = 0 <0.000127>
19795 19:04:29.415948 ioctl(4, _IOC(_IOC_NONE, 0x75, 0x30, 0), 0xffffffffe378) = 0 <0.000102>
19795 19:04:29.416289 ioctl(4, _IOC(_IOC_NONE, 0x75, 0x30, 0), 0xffffffffe3a8) = 0 <0.000128>
19795 19:04:29.416503 ioctl(4, _IOC(_IOC_NONE, 0x75, 0x30, 0), 0xffffffffe378) = 0 <0.000098>
19795 19:04:29.416789 ioctl(4, _IOC(_IOC_NONE, 0x75, 0x30, 0), 0xffffffffe3a8) = 0 <0.000119>
19795 19:04:29.416990 ioctl(4, _IOC(_IOC_NONE, 0x75, 0x30, 0), 0xffffffffe378) = 0 <0.000090>
19795 19:04:29.417440 ioctl(4, _IOC(_IOC_NONE, 0x75, 0x30, 0), 0xffffffffe3a8) = 0 <0.000167>
19795 19:04:29.417746 ioctl(4, _IOC(_IOC_NONE, 0x75, 0x30, 0), 0xffffffffe378) = 0 <0.000104>
19795 19:04:29.418121 ioctl(4, _IOC(_IOC_NONE, 0x75, 0x30, 0), 0xffffffffe3a8) = 0 <0.000139>
19795 19:04:29.418351 ioctl(4, _IOC(_IOC_NONE, 0x75, 0x30, 0), 0xffffffffe378) = 0 <0.000098>
19795 19:04:29.418684 ioctl(4, _IOC(_IOC_NONE, 0x75, 0x30, 0), 0xffffffffe3a8) = 0 <0.000130>
19795 19:04:29.418893 ioctl(4, _IOC(_IOC_NONE, 0x75, 0x30, 0), 0xffffffffe378) = 0 <0.000092>
19795 19:04:29.419124 ioctl(4, _IOC(_IOC_NONE, 0x75, 0x30, 0), 0xffffffffe3a8) = 0 <0.000099>
19795 19:04:29.419285 ioctl(4, _IOC(_IOC_NONE, 0x75, 0x30, 0), 0xffffffffe378) = 0 <0.000084>
19795 19:04:29.427956 ioctl(4, _IOC(_IOC_NONE, 0x75, 0x30, 0), 0xffffffffe3a8) = 0 <0.000379>
19795 19:04:29.428671 ioctl(4, _IOC(_IOC_NONE, 0x75, 0x30, 0), 0xffffffffe378) = 0 <0.000135>
19795 19:04:29.429484 ioctl(4, _IOC(_IOC_NONE, 0x75, 0x30, 0), 0xffffffffe3a8) = 0 <0.000484>
19795 19:04:29.430155 ioctl(4, _IOC(_IOC_NONE, 0x75, 0x30, 0), 0xffffffffe378) = 0 <0.000333>
19795 19:04:29.430806 ioctl(4, _IOC(_IOC_NONE, 0x75, 0x30, 0), 0xffffffffe3a8) = 0 <0.000504>
19795 19:04:29.431408 ioctl(4, _IOC(_IOC_NONE, 0x75, 0x30, 0), 0xffffffffe378) = 0 <0.000391>
19795 19:04:29.432022 ioctl(4, _IOC(_IOC_NONE, 0x75, 0x30, 0), 0xffffffffe3a8) = 0 <0.000565>
19795 19:04:29.432691 ioctl(4, _IOC(_IOC_NONE, 0x75, 0x30, 0), 0xffffffffe378) = 0 <0.000173>
19795 19:04:29.433397 brk(0xaaaaab0d2000) = 0xaaaaab0d2000 <0.000046>
19795 19:04:29.468651 ioctl(4, _IOC(_IOC_NONE, 0x75, 0x30, 0), 0xffffffffe3a8) = 0 <0.000133>
19795 19:04:29.468918 ioctl(4, _IOC(_IOC_NONE, 0x75, 0x30, 0), 0xffffffffe378) = 0 <0.000096>
19795 19:04:29.469426 ioctl(4, _IOC(_IOC_NONE, 0x75, 0x30, 0), 0xffffffffe3a8) = 0 <0.000166>
19795 19:04:29.469787 ioctl(4, _IOC(_IOC_NONE, 0x75, 0x30, 0), 0xffffffffe378) = 0 <0.000146>
19795 19:04:29.470442 ioctl(4, _IOC(_IOC_NONE, 0x75, 0x30, 0), 0xffffffffe3a8) = 0 <0.000224>
19795 19:04:29.470790 ioctl(4, _IOC(_IOC_NONE, 0x75, 0x30, 0), 0xffffffffe378) = 0 <0.000188>
19795 19:04:29.471270 ioctl(4, _IOC(_IOC_NONE, 0x75, 0x30, 0), 0xffffffffe3a8) = 0 <0.000209>
19795 19:04:29.471573 ioctl(4, _IOC(_IOC_NONE, 0x75, 0x30, 0), 0xffffffffe378) = 0 <0.000177>
19795 19:04:29.520238 ioctl(4, _IOC(_IOC_NONE, 0x75, 0x30, 0), 0xffffffffe3a8) = 0 <0.000194>
19795 19:04:29.520597 ioctl(4, _IOC(_IOC_NONE, 0x75, 0x30, 0), 0xffffffffe378) = 0 <0.000153>
19795 19:04:29.521176 ioctl(4, _IOC(_IOC_NONE, 0x75, 0x30, 0), 0xffffffffe3a8) = 0 <0.000172>
19795 19:04:29.521441 ioctl(4, _IOC(_IOC_NONE, 0x75, 0x30, 0), 0xffffffffe378) = 0 <0.000197>
19795 19:04:29.521906 ioctl(4, _IOC(_IOC_NONE, 0x75, 0x30, 0), 0xffffffffe3a8) = 0 <0.000152>
19795 19:04:29.522151 ioctl(4, _IOC(_IOC_NONE, 0x75, 0x30, 0), 0xffffffffe378) = 0 <0.000131>
19795 19:04:29.522464 ioctl(4, _IOC(_IOC_NONE, 0x75, 0x30, 0), 0xffffffffe3a8) = 0 <0.000151>
19795 19:04:29.522708 ioctl(4, _IOC(_IOC_NONE, 0x75, 0x30, 0), 0xffffffffe378) = 0 <0.000145>
19795 19:04:29.553126 ioctl(4, _IOC(_IOC_NONE, 0x75, 0x30, 0), 0xffffffffe3a8) = 0 <0.000190>
19795 19:04:29.553476 ioctl(4, _IOC(_IOC_NONE, 0x75, 0x30, 0), 0xffffffffe378) = 0 <0.000173>
19795 19:04:29.554159 ioctl(4, _IOC(_IOC_NONE, 0x75, 0x30, 0), 0xffffffffe3a8) = 0 <0.000178>
19795 19:04:29.554448 ioctl(4, _IOC(_IOC_NONE, 0x75, 0x30, 0), 0xffffffffe378) = 0 <0.000138>
19795 19:04:29.554832 ioctl(4, _IOC(_IOC_NONE, 0x75, 0x30, 0), 0xffffffffe3a8) = 0 <0.000162>
19795 19:04:29.555087 ioctl(4, _IOC(_IOC_NONE, 0x75, 0x30, 0), 0xffffffffe378) = 0 <0.000126>
19795 19:04:29.555391 ioctl(4, _IOC(_IOC_NONE, 0x75, 0x30, 0), 0xffffffffe3a8) = 0 <0.000154>
19795 19:04:29.555638 ioctl(4, _IOC(_IOC_NONE, 0x75, 0x30, 0), 0xffffffffe378) = 0 <0.000137>
19795 19:04:29.567529 ioctl(4, _IOC(_IOC_NONE, 0x75, 0x30, 0), 0xffffffffe3a8) = 0 <0.000144>
19795 19:04:29.567806 ioctl(4, _IOC(_IOC_NONE, 0x75, 0x30, 0), 0xffffffffe378) = 0 <0.000093>
19795 19:04:29.568271 ioctl(4, _IOC(_IOC_NONE, 0x75, 0x30, 0), 0xffffffffe3a8) = 0 <0.000122>
19795 19:04:29.568459 ioctl(4, _IOC(_IOC_NONE, 0x75, 0x30, 0), 0xffffffffe378) = 0 <0.000111>
19795 19:04:29.568731 ioctl(4, _IOC(_IOC_NONE, 0x75, 0x30, 0), 0xffffffffe3a8) = 0 <0.000146>
19795 19:04:29.568946 ioctl(4, _IOC(_IOC_NONE, 0x75, 0x30, 0), 0xffffffffe378) = 0 <0.000107>
19795 19:04:29.569167 ioctl(4, _IOC(_IOC_NONE, 0x75, 0x30, 0), 0xffffffffe3a8) = 0 <0.000106>
19795 19:04:29.569338 ioctl(4, _IOC(_IOC_NONE, 0x75, 0x30, 0), 0xffffffffe378) = 0 <0.000106>
19795 19:04:29.597677 ioctl(4, _IOC(_IOC_NONE, 0x75, 0x30, 0), 0xffffffffe3a8) = 0 <0.000520>
19795 19:04:29.598382 ioctl(4, _IOC(_IOC_NONE, 0x75, 0x30, 0), 0xffffffffe378) = 0 <0.000465>
19795 19:04:29.599634 ioctl(4, _IOC(_IOC_NONE, 0x75, 0x30, 0), 0xffffffffe3a8) = 0 <0.000490>
19795 19:04:29.600246 ioctl(4, _IOC(_IOC_NONE, 0x75, 0x30, 0), 0xffffffffe378) = 0 <0.000438>
19795 19:04:29.601246 ioctl(4, _IOC(_IOC_NONE, 0x75, 0x30, 0), 0xffffffffe3a8) = 0 <0.000475>
19795 19:04:29.605349 ioctl(4, _IOC(_IOC_NONE, 0x75, 0x30, 0), 0xffffffffe378) = 0 <0.000763>
19795 19:04:29.606578 ioctl(4, _IOC(_IOC_NONE, 0x75, 0x30, 0), 0xffffffffe3a8) = 0 <0.000176>
19795 19:04:29.606884 ioctl(4, _IOC(_IOC_NONE, 0x75, 0x30, 0), 0xffffffffe378) = 0 <0.000132>
19795 19:04:29.607310 brk(0xaaaaab112000) = 0xaaaaab112000 <0.000053>
19795 19:04:29.703550 ioctl(4, _IOC(_IOC_NONE, 0x75, 0x30, 0), 0xffffffffe3a8) = 0 <0.000519>
19795 19:04:29.704770 ioctl(4, _IOC(_IOC_NONE, 0x75, 0x30, 0), 0xffffffffe378) = 0 <0.000439>
19795 19:04:29.706121 ioctl(4, _IOC(_IOC_NONE, 0x75, 0x30, 0), 0xffffffffe3a8) = 0 <0.000200>
19795 19:04:29.706785 ioctl(4, _IOC(_IOC_NONE, 0x75, 0x30, 0), 0xffffffffe378) = 0 <0.000459>
19795 19:04:29.707609 ioctl(4, _IOC(_IOC_NONE, 0x75, 0x30, 0), 0xffffffffe3a8) = 0 <0.000162>
19795 19:04:29.707873 ioctl(4, _IOC(_IOC_NONE, 0x75, 0x30, 0), 0xffffffffe378) = 0 <0.000135>
19795 19:04:29.708172 ioctl(4, _IOC(_IOC_NONE, 0x75, 0x30, 0), 0xffffffffe3a8) = 0 <0.000137>
19795 19:04:29.708400 ioctl(4, _IOC(_IOC_NONE, 0x75, 0x30, 0), 0xffffffffe378) = 0 <0.000135>
19795 19:04:29.708747 brk(0xaaaaab193000) = 0xaaaaab193000 <0.000049>
19795 19:04:29.817008 ioctl(4, _IOC(_IOC_NONE, 0x75, 0x30, 0), 0xffffffffe3a8) = 0 <0.000189>
19795 19:04:29.817361 ioctl(4, _IOC(_IOC_NONE, 0x75, 0x30, 0), 0xffffffffe378) = 0 <0.000151>
19795 19:04:29.818825 ioctl(4, _IOC(_IOC_NONE, 0x75, 0x30, 0), 0xffffffffe3a8) = 0 <0.000181>
19795 19:04:29.819157 ioctl(4, _IOC(_IOC_NONE, 0x75, 0x30, 0), 0xffffffffe378) = 0 <0.000136>
19795 19:04:30.017514 ioctl(4, _IOC(_IOC_NONE, 0x75, 0x30, 0), 0xffffffffe3a8) = 0 <0.000810>
19795 19:04:30.018542 ioctl(4, _IOC(_IOC_NONE, 0x75, 0x30, 0), 0xffffffffe378) = 0 <0.000470>
19795 19:04:30.020588 ioctl(4, _IOC(_IOC_NONE, 0x75, 0x30, 0), 0xffffffffe3a8) = 0 <0.000519>
19795 19:04:30.021262 ioctl(4, _IOC(_IOC_NONE, 0x75, 0x30, 0), 0xffffffffe378) = 0 <0.000468>
19795 19:04:30.022577 ioctl(4, _IOC(_IOC_NONE, 0x75, 0x30, 0), 0xffffffffe3a8) = 0 <0.000178>
19795 19:04:30.022880 ioctl(4, _IOC(_IOC_NONE, 0x75, 0x30, 0), 0xffffffffe378) = 0 <0.000136>
19795 19:04:30.072896 ioctl(4, _IOC(_IOC_NONE, 0x75, 0x30, 0), 0xffffffffe5c8) = 0 <0.001228>
19795 19:04:30.074438 ioctl(4, _IOC(_IOC_NONE, 0x75, 0x30, 0), 0xffffffffe5b8) = 0 <0.000552>
19795 19:04:30.075450 ioctl(4, _IOC(_IOC_NONE, 0x75, 0x30, 0), 0xffffffffe7a8) = 0 <0.000737>
19795 19:04:30.076383 ioctl(4, _IOC(_IOC_NONE, 0x75, 0x30, 0), 0xffffffffe7a8) = 0 <0.000481>
19795 19:04:30.077084 ioctl(4, _IOC(_IOC_NONE, 0x75, 0x30, 0), 0xffffffffe6d8) = 0 <0.000483>
19795 19:04:30.077939 ioctl(4, _IOC(_IOC_NONE, 0x75, 0x30, 0), 0xffffffffe6e8) = 0 <0.000970>
19795 19:04:30.079413 ioctl(4, _IOC(_IOC_NONE, 0x75, 0x30, 0), 0xffffffffe6e8) = 0 <0.001020>
19795 19:04:30.080643 ioctl(4, _IOC(_IOC_NONE, 0x75, 0x30, 0), 0xffffffffe7a8) = 0 <0.001702>
19795 19:04:30.082572 ioctl(4, _IOC(_IOC_NONE, 0x75, 0x30, 0), 0xffffffffe7a8) = 0 <0.000874>
19795 19:04:30.084202 ioctl(4, _IOC(_IOC_NONE, 0x75, 0x30, 0), 0xffffffffe5c8) = 0 <0.000767>
19795 19:04:30.085178 ioctl(4, _IOC(_IOC_NONE, 0x75, 0x30, 0), 0xffffffffe5b8) = 0 <0.000214>
19795 19:04:30.085681 ioctl(4, _IOC(_IOC_NONE, 0x75, 0x30, 0), 0xffffffffe7a8) = 0 <0.000583>
19795 19:04:30.086435 ioctl(4, _IOC(_IOC_NONE, 0x75, 0x30, 0), 0xffffffffe7a8) = 0 <0.000418>
19795 19:04:30.087041 ioctl(4, _IOC(_IOC_NONE, 0x75, 0x30, 0), 0xffffffffe6d8) = 0 <0.000450>
19795 19:04:30.087678 ioctl(4, _IOC(_IOC_NONE, 0x75, 0x30, 0), 0xffffffffe6e8) = 0 <0.000490>
19795 19:04:30.088263 ioctl(4, _IOC(_IOC_NONE, 0x75, 0x30, 0), 0xffffffffe6e8) = 0 <0.000364>
19795 19:04:30.088769 ioctl(4, _IOC(_IOC_NONE, 0x75, 0x30, 0), 0xffffffffe7a8) = 0 <0.000535>
19795 19:04:30.089488 ioctl(4, _IOC(_IOC_NONE, 0x75, 0x30, 0), 0xffffffffe7a8) = 0 <0.000390>
19795 19:04:30.120621 ioctl(4, _IOC(_IOC_NONE, 0x75, 0x30, 0), 0xffffffffe0e8) = 0 <0.000125>
19795 19:04:30.120869 ioctl(4, _IOC(_IOC_NONE, 0x75, 0x30, 0), 0xffffffffe0b8) = 0 <0.000094>
19795 19:04:30.121071 ioctl(4, _IOC(_IOC_NONE, 0x75, 0x30, 0), 0xffffffffe238) = 0 <0.000102>
19795 19:04:30.121228 ioctl(4, _IOC(_IOC_NONE, 0x75, 0x30, 0), 0xffffffffe208) = 0 <0.000092>
19795 19:04:30.121480 ioctl(4, _IOC(_IOC_NONE, 0x75, 0x30, 0), 0xffffffffe0e8) = 0 <0.000152>
19795 19:04:30.121719 ioctl(4, _IOC(_IOC_NONE, 0x75, 0x30, 0), 0xffffffffe0b8) = 0 <0.000089>
19795 19:04:30.121945 ioctl(4, _IOC(_IOC_NONE, 0x75, 0x30, 0), 0xffffffffe238) = 0 <0.000145>
19795 19:04:30.122159 ioctl(4, _IOC(_IOC_NONE, 0x75, 0x30, 0), 0xffffffffe208) = 0 <0.000090>
19795 19:04:30.122568 ioctl(4, _IOC(_IOC_NONE, 0x75, 0x30, 0), 0xffffffffe0e8) = 0 <0.000118>
19795 19:04:30.122759 ioctl(4, _IOC(_IOC_NONE, 0x75, 0x30, 0), 0xffffffffe0b8) = 0 <0.000086>
19795 19:04:30.122980 ioctl(4, _IOC(_IOC_NONE, 0x75, 0x30, 0), 0xffffffffe238) = 0 <0.000102>
19795 19:04:30.123181 ioctl(4, _IOC(_IOC_NONE, 0x75, 0x30, 0), 0xffffffffe208) = 0 <0.000090>
19795 19:04:30.123494 ioctl(4, _IOC(_IOC_NONE, 0x75, 0x30, 0), 0xffffffffe0e8) = 0 <0.000104>
19795 19:04:30.123665 ioctl(4, _IOC(_IOC_NONE, 0x75, 0x30, 0), 0xffffffffe0b8) = 0 <0.000088>
19795 19:04:30.123870 ioctl(4, _IOC(_IOC_NONE, 0x75, 0x30, 0), 0xffffffffe238) = 0 <0.000100>
19795 19:04:30.124030 ioctl(4, _IOC(_IOC_NONE, 0x75, 0x30, 0), 0xffffffffe208) = 0 <0.000084>
19795 19:04:30.124695 ioctl(4, _IOC(_IOC_NONE, 0x75, 0x30, 0), 0xffffffffe0e8) = 0 <0.000115>
19795 19:04:30.124883 ioctl(4, _IOC(_IOC_NONE, 0x75, 0x30, 0), 0xffffffffe0b8) = 0 <0.000090>
19795 19:04:30.125115 ioctl(4, _IOC(_IOC_NONE, 0x75, 0x30, 0), 0xffffffffe238) = 0 <0.000097>
19795 19:04:30.125274 ioctl(4, _IOC(_IOC_NONE, 0x75, 0x30, 0), 0xffffffffe208) = 0 <0.000090>
19795 19:04:30.125665 ioctl(4, _IOC(_IOC_NONE, 0x75, 0x30, 0), 0xffffffffe0e8) = 0 <0.000200>
19795 19:04:30.126055 ioctl(4, _IOC(_IOC_NONE, 0x75, 0x30, 0), 0xffffffffe0b8) = 0 <0.000169>
19795 19:04:30.126529 ioctl(4, _IOC(_IOC_NONE, 0x75, 0x30, 0), 0xffffffffe238) = 0 <0.000152>
19795 19:04:30.126818 ioctl(4, _IOC(_IOC_NONE, 0x75, 0x30, 0), 0xffffffffe208) = 0 <0.000104>
19795 19:04:30.128286 ioctl(4, _IOC(_IOC_NONE, 0x75, 0x30, 0), 0xffffffffe0e8) = 0 <0.000188>
19795 19:04:30.128599 ioctl(4, _IOC(_IOC_NONE, 0x75, 0x30, 0), 0xffffffffe0b8) = 0 <0.000125>
19795 19:04:30.129019 ioctl(4, _IOC(_IOC_NONE, 0x75, 0x30, 0), 0xffffffffe238) = 0 <0.000171>
19795 19:04:30.129302 ioctl(4, _IOC(_IOC_NONE, 0x75, 0x30, 0), 0xffffffffe208) = 0 <0.000098>
19795 19:04:30.129922 ioctl(4, _IOC(_IOC_NONE, 0x75, 0x30, 0), 0xffffffffe0e8) = 0 <0.000147>
19795 19:04:30.130202 ioctl(4, _IOC(_IOC_NONE, 0x75, 0x30, 0), 0xffffffffe0b8) = 0 <0.000098>
19795 19:04:30.130505 ioctl(4, _IOC(_IOC_NONE, 0x75, 0x30, 0), 0xffffffffe238) = 0 <0.000109>
19795 19:04:30.130687 ioctl(4, _IOC(_IOC_NONE, 0x75, 0x30, 0), 0xffffffffe208) = 0 <0.000091>
19795 19:04:30.132574 ioctl(4, _IOC(_IOC_NONE, 0x75, 0x30, 0), 0xffffffffe0e8) = 0 <0.000127>
19795 19:04:30.132791 ioctl(4, _IOC(_IOC_NONE, 0x75, 0x30, 0), 0xffffffffe0b8) = 0 <0.000092>
19795 19:04:30.133076 ioctl(4, _IOC(_IOC_NONE, 0x75, 0x30, 0), 0xffffffffe238) = 0 <0.000104>
19795 19:04:30.133246 ioctl(4, _IOC(_IOC_NONE, 0x75, 0x30, 0), 0xffffffffe208) = 0 <0.000087>
19795 19:04:30.133982 ioctl(4, _IOC(_IOC_NONE, 0x75, 0x30, 0), 0xffffffffe0e8) = 0 <0.000787>
19795 19:04:30.135172 ioctl(4, _IOC(_IOC_NONE, 0x75, 0x30, 0), 0xffffffffe0b8) = 0 <0.000099>
19795 19:04:30.135510 ioctl(4, _IOC(_IOC_NONE, 0x75, 0x30, 0), 0xffffffffe238) = 0 <0.000122>
19795 19:04:30.135720 ioctl(4, _IOC(_IOC_NONE, 0x75, 0x30, 0), 0xffffffffe208) = 0 <0.000093>
19795 19:04:30.139391 ioctl(4, _IOC(_IOC_NONE, 0x75, 0x30, 0), 0xffffffffe0e8) = 0 <0.000142>
19795 19:04:30.139649 ioctl(4, _IOC(_IOC_NONE, 0x75, 0x30, 0), 0xffffffffe0b8) = 0 <0.000089>
19795 19:04:30.140004 ioctl(4, _IOC(_IOC_NONE, 0x75, 0x30, 0), 0xffffffffe238) = 0 <0.000118>
19795 19:04:30.140201 ioctl(4, _IOC(_IOC_NONE, 0x75, 0x30, 0), 0xffffffffe208) = 0 <0.000093>
19795 19:04:30.140630 ioctl(4, _IOC(_IOC_NONE, 0x75, 0x30, 0), 0xffffffffe0e8) = 0 <0.000108>
19795 19:04:30.140806 ioctl(4, _IOC(_IOC_NONE, 0x75, 0x30, 0), 0xffffffffe0b8) = 0 <0.000092>
19795 19:04:30.141054 ioctl(4, _IOC(_IOC_NONE, 0x75, 0x30, 0), 0xffffffffe238) = 0 <0.000108>
19795 19:04:30.141228 ioctl(4, _IOC(_IOC_NONE, 0x75, 0x30, 0), 0xffffffffe208) = 0 <0.000088>
19795 19:04:30.148291 ioctl(4, _IOC(_IOC_NONE, 0x75, 0x30, 0), 0xffffffffe0e8) = 0 <0.000130>
19795 19:04:30.148539 ioctl(4, _IOC(_IOC_NONE, 0x75, 0x30, 0), 0xffffffffe0b8) = 0 <0.000091>
19795 19:04:30.148942 ioctl(4, _IOC(_IOC_NONE, 0x75, 0x30, 0), 0xffffffffe238) = 0 <0.000116>
19795 19:04:30.149131 ioctl(4, _IOC(_IOC_NONE, 0x75, 0x30, 0), 0xffffffffe208) = 0 <0.000088>
19795 19:04:30.149742 ioctl(4, _IOC(_IOC_NONE, 0x75, 0x30, 0), 0xffffffffe0e8) = 0 <0.000141>
19795 19:04:30.149995 ioctl(4, _IOC(_IOC_NONE, 0x75, 0x30, 0), 0xffffffffe0b8) = 0 <0.000092>
19795 19:04:30.150263 ioctl(4, _IOC(_IOC_NONE, 0x75, 0x30, 0), 0xffffffffe238) = 0 <0.000108>
19795 19:04:30.150471 ioctl(4, _IOC(_IOC_NONE, 0x75, 0x30, 0), 0xffffffffe208) = 0 <0.000089>
19795 19:04:30.150770 brk(0xaaaaab1d3000) = 0xaaaaab1d3000 <0.000040>
19795 19:04:30.164557 ioctl(4, _IOC(_IOC_NONE, 0x75, 0x30, 0), 0xffffffffe0e8) = 0 <0.000130>
19795 19:04:30.164811 ioctl(4, _IOC(_IOC_NONE, 0x75, 0x30, 0), 0xffffffffe0b8) = 0 <0.000096>
19795 19:04:30.165297 ioctl(4, _IOC(_IOC_NONE, 0x75, 0x30, 0), 0xffffffffe238) = 0 <0.000110>
19795 19:04:30.165481 ioctl(4, _IOC(_IOC_NONE, 0x75, 0x30, 0), 0xffffffffe208) = 0 <0.000121>
19795 19:04:30.166241 ioctl(4, _IOC(_IOC_NONE, 0x75, 0x30, 0), 0xffffffffe0e8) = 0 <0.000155>
19795 19:04:30.166512 ioctl(4, _IOC(_IOC_NONE, 0x75, 0x30, 0), 0xffffffffe0b8) = 0 <0.000115>
19795 19:04:30.166851 ioctl(4, _IOC(_IOC_NONE, 0x75, 0x30, 0), 0xffffffffe238) = 0 <0.000115>
19795 19:04:30.167042 ioctl(4, _IOC(_IOC_NONE, 0x75, 0x30, 0), 0xffffffffe208) = 0 <0.000094>
19795 19:04:30.180713 ioctl(4, _IOC(_IOC_NONE, 0x75, 0x30, 0), 0xffffffffe0e8) = 0 <0.000132>
19795 19:04:30.180976 ioctl(4, _IOC(_IOC_NONE, 0x75, 0x30, 0), 0xffffffffe0b8) = 0 <0.000094>
19795 19:04:30.181447 ioctl(4, _IOC(_IOC_NONE, 0x75, 0x30, 0), 0xffffffffe238) = 0 <0.000118>
19795 19:04:30.181634 ioctl(4, _IOC(_IOC_NONE, 0x75, 0x30, 0), 0xffffffffe208) = 0 <0.000090>
19795 19:04:30.182207 ioctl(4, _IOC(_IOC_NONE, 0x75, 0x30, 0), 0xffffffffe0e8) = 0 <0.000132>
19795 19:04:30.182440 ioctl(4, _IOC(_IOC_NONE, 0x75, 0x30, 0), 0xffffffffe0b8) = 0 <0.000088>
19795 19:04:30.182700 ioctl(4, _IOC(_IOC_NONE, 0x75, 0x30, 0), 0xffffffffe238) = 0 <0.000103>
19795 19:04:30.182865 ioctl(4, _IOC(_IOC_NONE, 0x75, 0x30, 0), 0xffffffffe208) = 0 <0.000086>
19795 19:04:30.196706 ioctl(4, _IOC(_IOC_NONE, 0x75, 0x30, 0), 0xffffffffe0e8) = 0 <0.000144>
19795 19:04:30.196983 ioctl(4, _IOC(_IOC_NONE, 0x75, 0x30, 0), 0xffffffffe0b8) = 0 <0.000093>
19795 19:04:30.197441 ioctl(4, _IOC(_IOC_NONE, 0x75, 0x30, 0), 0xffffffffe238) = 0 <0.000099>
19795 19:04:30.198215 ioctl(4, _IOC(_IOC_NONE, 0x75, 0x30, 0), 0xffffffffe208) = 0 <0.000208>
19795 19:04:30.199197 ioctl(4, _IOC(_IOC_NONE, 0x75, 0x30, 0), 0xffffffffe0e8) = 0 <0.000225>
19795 19:04:30.199535 ioctl(4, _IOC(_IOC_NONE, 0x75, 0x30, 0), 0xffffffffe0b8) = 0 <0.000147>
19795 19:04:30.200079 ioctl(4, _IOC(_IOC_NONE, 0x75, 0x30, 0), 0xffffffffe238) = 0 <0.000129>
19795 19:04:30.200299 ioctl(4, _IOC(_IOC_NONE, 0x75, 0x30, 0), 0xffffffffe208) = 0 <0.000355>
19795 19:04:30.214870 ioctl(4, _IOC(_IOC_NONE, 0x75, 0x30, 0), 0xffffffffe0e8) = 0 <0.000135>
19795 19:04:30.215139 ioctl(4, _IOC(_IOC_NONE, 0x75, 0x30, 0), 0xffffffffe0b8) = 0 <0.000092>
19795 19:04:30.215612 ioctl(4, _IOC(_IOC_NONE, 0x75, 0x30, 0), 0xffffffffe238) = 0 <0.000102>
19795 19:04:30.215773 ioctl(4, _IOC(_IOC_NONE, 0x75, 0x30, 0), 0xffffffffe208) = 0 <0.000087>
19795 19:04:30.216260 ioctl(4, _IOC(_IOC_NONE, 0x75, 0x30, 0), 0xffffffffe0e8) = 0 <0.000095>
19795 19:04:30.216411 ioctl(4, _IOC(_IOC_NONE, 0x75, 0x30, 0), 0xffffffffe0b8) = 0 <0.000094>
19795 19:04:30.216629 ioctl(4, _IOC(_IOC_NONE, 0x75, 0x30, 0), 0xffffffffe238) = 0 <0.000094>
19795 19:04:30.216779 ioctl(4, _IOC(_IOC_NONE, 0x75, 0x30, 0), 0xffffffffe208) = 0 <0.000089>
19795 19:04:30.230963 ioctl(4, _IOC(_IOC_NONE, 0x75, 0x30, 0), 0xffffffffe0e8) = 0 <0.000444>
19795 19:04:30.231550 ioctl(4, _IOC(_IOC_NONE, 0x75, 0x30, 0), 0xffffffffe0b8) = 0 <0.000386>
19795 19:04:30.232643 ioctl(4, _IOC(_IOC_NONE, 0x75, 0x30, 0), 0xffffffffe238) = 0 <0.000409>
19795 19:04:30.233141 ioctl(4, _IOC(_IOC_NONE, 0x75, 0x30, 0), 0xffffffffe208) = 0 <0.000383>
19795 19:04:30.234066 ioctl(4, _IOC(_IOC_NONE, 0x75, 0x30, 0), 0xffffffffe0e8) = 0 <0.000128>
19795 19:04:30.234303 ioctl(4, _IOC(_IOC_NONE, 0x75, 0x30, 0), 0xffffffffe0b8) = 0 <0.000092>
19795 19:04:30.234573 ioctl(4, _IOC(_IOC_NONE, 0x75, 0x30, 0), 0xffffffffe238) = 0 <0.000106>
19795 19:04:30.234745 ioctl(4, _IOC(_IOC_NONE, 0x75, 0x30, 0), 0xffffffffe208) = 0 <0.000089>
19795 19:04:30.235005 brk(0xaaaaab213000) = 0xaaaaab213000 <0.000040>
19795 19:04:30.235376 brk(0xaaaaab293000) = 0xaaaaab293000 <0.000028>
19795 19:04:30.264424 ioctl(4, _IOC(_IOC_NONE, 0x75, 0x30, 0), 0xffffffffe0e8) = 0 <0.000428>
19795 19:04:30.264999 ioctl(4, _IOC(_IOC_NONE, 0x75, 0x30, 0), 0xffffffffe0b8) = 0 <0.000384>
19795 19:04:30.266072 ioctl(4, _IOC(_IOC_NONE, 0x75, 0x30, 0), 0xffffffffe238) = 0 <0.000133>
19795 19:04:30.266318 ioctl(4, _IOC(_IOC_NONE, 0x75, 0x30, 0), 0xffffffffe208) = 0 <0.000088>
19795 19:04:30.267173 ioctl(4, _IOC(_IOC_NONE, 0x75, 0x30, 0), 0xffffffffe0e8) = 0 <0.000132>
19795 19:04:30.267389 ioctl(4, _IOC(_IOC_NONE, 0x75, 0x30, 0), 0xffffffffe0b8) = 0 <0.000089>
19795 19:04:30.267676 ioctl(4, _IOC(_IOC_NONE, 0x75, 0x30, 0), 0xffffffffe238) = 0 <0.000105>
19795 19:04:30.267846 ioctl(4, _IOC(_IOC_NONE, 0x75, 0x30, 0), 0xffffffffe208) = 0 <0.000089>
19795 19:04:30.268216 brk(0xaaaaab393000) = 0xaaaaab393000 <0.000040>
19795 19:04:30.321635 ioctl(4, _IOC(_IOC_NONE, 0x75, 0x30, 0), 0xffffffffe0e8) = 0 <0.000746>
19795 19:04:30.322527 ioctl(4, _IOC(_IOC_NONE, 0x75, 0x30, 0), 0xffffffffe0b8) = 0 <0.000408>
19795 19:04:30.323905 ioctl(4, _IOC(_IOC_NONE, 0x75, 0x30, 0), 0xffffffffe238) = 0 <0.000141>
19795 19:04:30.324151 ioctl(4, _IOC(_IOC_NONE, 0x75, 0x30, 0), 0xffffffffe208) = 0 <0.000095>
19795 19:04:30.377412 ioctl(4, _IOC(_IOC_NONE, 0x75, 0x30, 0), 0xffffffffe0e8) = 0 <0.000755>
19795 19:04:30.378322 ioctl(4, _IOC(_IOC_NONE, 0x75, 0x30, 0), 0xffffffffe0b8) = 0 <0.000401>
19795 19:04:30.380044 ioctl(4, _IOC(_IOC_NONE, 0x75, 0x30, 0), 0xffffffffe238) = 0 <0.000127>
19795 19:04:30.380285 ioctl(4, _IOC(_IOC_NONE, 0x75, 0x30, 0), 0xffffffffe208) = 0 <0.000093>
19795 19:04:30.380527 write(2, "W [HandleLayoutInfer:322]Op 162: default layout inference pass.\n", 64) = 64 <0.000037>
19795 19:04:30.380833 futex(0xaaaaab074bd0, FUTEX_WAKE_PRIVATE, 2147483647) = 0 <0.000023>
19795 19:04:30.429961 ioctl(4, _IOC(_IOC_NONE, 0x75, 0x30, 0), 0xffffffffe7b8) = 0 <0.000819>
19795 19:04:30.431284 ioctl(4, _IOC(_IOC_NONE, 0x75, 0x30, 0), 0xffffffffe788) = 0 <0.000447>
19795 19:04:30.431903 ioctl(4, _IOC(_IOC_NONE, 0x75, 0x30, 0), 0xffffffffe7c8) = 0 <0.000151>
19795 19:04:30.432137 ioctl(4, _IOC(_IOC_NONE, 0x75, 0x30, 0), 0xffffffffe798) = 0 <0.000149>
19795 19:04:30.432555 ioctl(4, _IOC(_IOC_NONE, 0x75, 0x30, 0), 0xffffffffe568) = 0 <0.000143>
19795 19:04:30.432776 ioctl(4, _IOC(_IOC_NONE, 0x75, 0x30, 0), 0xffffffffe538) = 0 <0.000150>
19795 19:04:30.433033 ioctl(4, _IOC(_IOC_NONE, 0x75, 0x30, 0), 0xffffffffe568) = 0 <0.000156>
19795 19:04:30.433267 ioctl(4, _IOC(_IOC_NONE, 0x75, 0x30, 0), 0xffffffffe538) = 0 <0.000151>
19795 19:04:30.433527 ioctl(4, _IOC(_IOC_NONE, 0x75, 0x30, 0), 0xffffffffe568) = 0 <0.000721>
19795 19:04:30.434504 ioctl(4, _IOC(_IOC_NONE, 0x75, 0x30, 0), 0xffffffffe538) = 0 <0.000388>
19795 19:04:30.435269 ioctl(4, _IOC(_IOC_NONE, 0x75, 0x30, 0), 0xffffffffe568) = 0 <0.000391>
19795 19:04:30.435878 ioctl(4, _IOC(_IOC_NONE, 0x75, 0x30, 0), 0xffffffffe538) = 0 <0.000321>
19795 19:04:30.436586 ioctl(4, _IOC(_IOC_NONE, 0x75, 0x30, 0), 0xffffffffe568) = 0 <0.000363>
19795 19:04:30.437123 ioctl(4, _IOC(_IOC_NONE, 0x75, 0x30, 0), 0xffffffffe538) = 0 <0.000367>
19795 19:04:30.437904 ioctl(4, _IOC(_IOC_NONE, 0x75, 0x30, 0), 0xffffffffe568) = 0 <0.000433>
19795 19:04:30.438555 ioctl(4, _IOC(_IOC_NONE, 0x75, 0x30, 0), 0xffffffffe538) = 0 <0.000237>
19795 19:04:30.439228 ioctl(4, _IOC(_IOC_NONE, 0x75, 0x30, 0), 0xffffffffe568) = 0 <0.000138>
19795 19:04:30.439500 ioctl(4, _IOC(_IOC_NONE, 0x75, 0x30, 0), 0xffffffffe538) = 0 <0.000212>
19795 19:04:30.439964 ioctl(4, _IOC(_IOC_NONE, 0x75, 0x30, 0), 0xffffffffe568) = 0 <0.000228>
19795 19:04:30.440308 ioctl(4, _IOC(_IOC_NONE, 0x75, 0x30, 0), 0xffffffffe538) = 0 <0.000168>
19795 19:04:30.440688 ioctl(4, _IOC(_IOC_NONE, 0x75, 0x30, 0), 0xffffffffe568) = 0 <0.000169>
19795 19:04:30.440974 ioctl(4, _IOC(_IOC_NONE, 0x75, 0x30, 0), 0xffffffffe538) = 0 <0.000178>
19795 19:04:30.441372 ioctl(4, _IOC(_IOC_NONE, 0x75, 0x30, 0), 0xffffffffe568) = 0 <0.000211>
19795 19:04:30.441690 ioctl(4, _IOC(_IOC_NONE, 0x75, 0x30, 0), 0xffffffffe538) = 0 <0.000105>
19795 19:04:30.441965 ioctl(4, _IOC(_IOC_NONE, 0x75, 0x30, 0), 0xffffffffe568) = 0 <0.000222>
19795 19:04:30.442322 ioctl(4, _IOC(_IOC_NONE, 0x75, 0x30, 0), 0xffffffffe538) = 0 <0.000161>
19795 19:04:30.442676 ioctl(4, _IOC(_IOC_NONE, 0x75, 0x30, 0), 0xffffffffe568) = 0 <0.000175>
19795 19:04:30.442937 ioctl(4, _IOC(_IOC_NONE, 0x75, 0x30, 0), 0xffffffffe538) = 0 <0.000152>
19795 19:04:30.443314 ioctl(4, _IOC(_IOC_NONE, 0x75, 0x30, 0), 0xffffffffe568) = 0 <0.000242>
19795 19:04:30.443652 ioctl(4, _IOC(_IOC_NONE, 0x75, 0x30, 0), 0xffffffffe538) = 0 <0.000169>
19795 19:04:30.444001 ioctl(4, _IOC(_IOC_NONE, 0x75, 0x30, 0), 0xffffffffe568) = 0 <0.000195>
19795 19:04:30.444297 ioctl(4, _IOC(_IOC_NONE, 0x75, 0x30, 0), 0xffffffffe538) = 0 <0.000148>
19795 19:04:30.444900 ioctl(4, _IOC(_IOC_NONE, 0x75, 0x30, 0), 0xffffffffe558) = 0 <0.000177>
19795 19:04:30.445179 ioctl(4, _IOC(_IOC_NONE, 0x75, 0x30, 0), 0xffffffffe528) = 0 <0.000159>
19795 19:04:30.445607 ioctl(4, _IOC(_IOC_NONE, 0x75, 0x30, 0), 0xffffffffe558) = 0 <0.000252>
19795 19:04:30.445987 ioctl(4, _IOC(_IOC_NONE, 0x75, 0x30, 0), 0xffffffffe528) = 0 <0.000158>
19795 19:04:30.446325 ioctl(4, _IOC(_IOC_NONE, 0x75, 0x30, 0), 0xffffffffe558) = 0 <0.000199>
19795 19:04:30.446619 ioctl(4, _IOC(_IOC_NONE, 0x75, 0x30, 0), 0xffffffffe528) = 0 <0.000152>
19795 19:04:30.446993 ioctl(4, _IOC(_IOC_NONE, 0x75, 0x30, 0), 0xffffffffe558) = 0 <0.000163>
19795 19:04:30.447248 ioctl(4, _IOC(_IOC_NONE, 0x75, 0x30, 0), 0xffffffffe528) = 0 <0.000165>
19795 19:04:30.447609 ioctl(4, _IOC(_IOC_NONE, 0x75, 0x30, 0), 0xffffffffe558) = 0 <0.000182>
19795 19:04:30.447913 ioctl(4, _IOC(_IOC_NONE, 0x75, 0x30, 0), 0xffffffffe528) = 0 <0.000176>
19795 19:04:30.448311 ioctl(4, _IOC(_IOC_NONE, 0x75, 0x30, 0), 0xffffffffe558) = 0 <0.000209>
19795 19:04:30.448608 ioctl(4, _IOC(_IOC_NONE, 0x75, 0x30, 0), 0xffffffffe528) = 0 <0.000105>
19795 19:04:30.448996 ioctl(4, _IOC(_IOC_NONE, 0x75, 0x30, 0), 0xffffffffe558) = 0 <0.000272>
19795 19:04:30.449490 ioctl(4, _IOC(_IOC_NONE, 0x75, 0x30, 0), 0xffffffffe528) = 0 <0.000229>
19795 19:04:30.449916 ioctl(4, _IOC(_IOC_NONE, 0x75, 0x30, 0), 0xffffffffe558) = 0 <0.000212>
19795 19:04:30.450214 ioctl(4, _IOC(_IOC_NONE, 0x75, 0x30, 0), 0xffffffffe528) = 0 <0.000148>
19795 19:04:30.450529 ioctl(4, _IOC(_IOC_NONE, 0x75, 0x30, 0), 0xffffffffe558) = 0 <0.000218>
19795 19:04:30.450849 ioctl(4, _IOC(_IOC_NONE, 0x75, 0x30, 0), 0xffffffffe528) = 0 <0.000094>
19795 19:04:30.451165 ioctl(4, _IOC(_IOC_NONE, 0x75, 0x30, 0), 0xffffffffe558) = 0 <0.000117>
19795 19:04:30.451397 ioctl(4, _IOC(_IOC_NONE, 0x75, 0x30, 0), 0xffffffffe528) = 0 <0.000163>
19795 19:04:30.451723 ioctl(4, _IOC(_IOC_NONE, 0x75, 0x30, 0), 0xffffffffe558) = 0 <0.000205>
19795 19:04:30.452008 ioctl(4, _IOC(_IOC_NONE, 0x75, 0x30, 0), 0xffffffffe528) = 0 <0.000125>
19795 19:04:30.452312 ioctl(4, _IOC(_IOC_NONE, 0x75, 0x30, 0), 0xffffffffe558) = 0 <0.000170>
19795 19:04:30.452557 ioctl(4, _IOC(_IOC_NONE, 0x75, 0x30, 0), 0xffffffffe528) = 0 <0.000139>
19795 19:04:30.452876 ioctl(4, _IOC(_IOC_NONE, 0x75, 0x30, 0), 0xffffffffe558) = 0 <0.000147>
19795 19:04:30.453129 ioctl(4, _IOC(_IOC_NONE, 0x75, 0x30, 0), 0xffffffffe528) = 0 <0.000132>
19795 19:04:30.453447 ioctl(4, _IOC(_IOC_NONE, 0x75, 0x30, 0), 0xffffffffe558) = 0 <0.000218>
19795 19:04:30.453837 ioctl(4, _IOC(_IOC_NONE, 0x75, 0x30, 0), 0xffffffffe528) = 0 <0.000104>
19795 19:04:30.454393 ioctl(4, _IOC(_IOC_NONE, 0x75, 0x30, 0), 0xffffffffe568) = 0 <0.000176>
19795 19:04:30.454666 ioctl(4, _IOC(_IOC_NONE, 0x75, 0x30, 0), 0xffffffffe538) = 0 <0.000145>
19795 19:04:30.455036 ioctl(4, _IOC(_IOC_NONE, 0x75, 0x30, 0), 0xffffffffe568) = 0 <0.000164>
19795 19:04:30.455327 ioctl(4, _IOC(_IOC_NONE, 0x75, 0x30, 0), 0xffffffffe538) = 0 <0.000096>
19795 19:04:30.455682 ioctl(4, _IOC(_IOC_NONE, 0x75, 0x30, 0), 0xffffffffe568) = 0 <0.000124>
19795 19:04:30.455891 ioctl(4, _IOC(_IOC_NONE, 0x75, 0x30, 0), 0xffffffffe538) = 0 <0.000184>
19795 19:04:30.456237 ioctl(4, _IOC(_IOC_NONE, 0x75, 0x30, 0), 0xffffffffe568) = 0 <0.000175>
19795 19:04:30.456515 ioctl(4, _IOC(_IOC_NONE, 0x75, 0x30, 0), 0xffffffffe538) = 0 <0.000140>
19795 19:04:30.456857 ioctl(4, _IOC(_IOC_NONE, 0x75, 0x30, 0), 0xffffffffe568) = 0 <0.000198>
19795 19:04:30.457141 ioctl(4, _IOC(_IOC_NONE, 0x75, 0x30, 0), 0xffffffffe538) = 0 <0.000131>
19795 19:04:30.457528 ioctl(4, _IOC(_IOC_NONE, 0x75, 0x30, 0), 0xffffffffe568) = 0 <0.000208>
19795 19:04:30.457832 ioctl(4, _IOC(_IOC_NONE, 0x75, 0x30, 0), 0xffffffffe538) = 0 <0.000097>
19795 19:04:30.458151 ioctl(4, _IOC(_IOC_NONE, 0x75, 0x30, 0), 0xffffffffe568) = 0 <0.000183>
19795 19:04:30.458415 ioctl(4, _IOC(_IOC_NONE, 0x75, 0x30, 0), 0xffffffffe538) = 0 <0.000096>
19795 19:04:30.458699 ioctl(4, _IOC(_IOC_NONE, 0x75, 0x30, 0), 0xffffffffe568) = 0 <0.000198>
19795 19:04:30.459005 ioctl(4, _IOC(_IOC_NONE, 0x75, 0x30, 0), 0xffffffffe538) = 0 <0.000129>
19795 19:04:30.459386 ioctl(4, _IOC(_IOC_NONE, 0x75, 0x30, 0), 0xffffffffe568) = 0 <0.000116>
19795 19:04:30.459630 ioctl(4, _IOC(_IOC_NONE, 0x75, 0x30, 0), 0xffffffffe538) = 0 <0.000097>
19795 19:04:30.459947 ioctl(4, _IOC(_IOC_NONE, 0x75, 0x30, 0), 0xffffffffe568) = 0 <0.000124>
19795 19:04:30.460154 ioctl(4, _IOC(_IOC_NONE, 0x75, 0x30, 0), 0xffffffffe538) = 0 <0.000147>
19795 19:04:30.460505 ioctl(4, _IOC(_IOC_NONE, 0x75, 0x30, 0), 0xffffffffe568) = 0 <0.000175>
19795 19:04:30.460766 ioctl(4, _IOC(_IOC_NONE, 0x75, 0x30, 0), 0xffffffffe538) = 0 <0.000132>
19795 19:04:30.461046 ioctl(4, _IOC(_IOC_NONE, 0x75, 0x30, 0), 0xffffffffe568) = 0 <0.000214>
19795 19:04:30.461341 ioctl(4, _IOC(_IOC_NONE, 0x75, 0x30, 0), 0xffffffffe538) = 0 <0.000143>
19795 19:04:30.461688 ioctl(4, _IOC(_IOC_NONE, 0x75, 0x30, 0), 0xffffffffe568) = 0 <0.000213>
19795 19:04:30.462008 ioctl(4, _IOC(_IOC_NONE, 0x75, 0x30, 0), 0xffffffffe538) = 0 <0.000147>
19795 19:04:30.462315 ioctl(4, _IOC(_IOC_NONE, 0x75, 0x30, 0), 0xffffffffe568) = 0 <0.000163>
19795 19:04:30.462561 ioctl(4, _IOC(_IOC_NONE, 0x75, 0x30, 0), 0xffffffffe538) = 0 <0.000129>
19795 19:04:30.463097 ioctl(4, _IOC(_IOC_NONE, 0x75, 0x30, 0), 0xffffffffe558) = 0 <0.000177>
19795 19:04:30.463370 ioctl(4, _IOC(_IOC_NONE, 0x75, 0x30, 0), 0xffffffffe528) = 0 <0.000149>
19795 19:04:30.463725 ioctl(4, _IOC(_IOC_NONE, 0x75, 0x30, 0), 0xffffffffe558) = 0 <0.000184>
19795 19:04:30.464031 ioctl(4, _IOC(_IOC_NONE, 0x75, 0x30, 0), 0xffffffffe528) = 0 <0.000099>
19795 19:04:30.464328 ioctl(4, _IOC(_IOC_NONE, 0x75, 0x30, 0), 0xffffffffe558) = 0 <0.000196>
19795 19:04:30.464604 ioctl(4, _IOC(_IOC_NONE, 0x75, 0x30, 0), 0xffffffffe528) = 0 <0.000148>
19795 19:04:30.464961 ioctl(4, _IOC(_IOC_NONE, 0x75, 0x30, 0), 0xffffffffe558) = 0 <0.000119>
19795 19:04:30.465161 ioctl(4, _IOC(_IOC_NONE, 0x75, 0x30, 0), 0xffffffffe528) = 0 <0.000166>
19795 19:04:30.465476 ioctl(4, _IOC(_IOC_NONE, 0x75, 0x30, 0), 0xffffffffe558) = 0 <0.000257>
19795 19:04:30.465826 ioctl(4, _IOC(_IOC_NONE, 0x75, 0x30, 0), 0xffffffffe528) = 0 <0.000137>
19795 19:04:30.466129 ioctl(4, _IOC(_IOC_NONE, 0x75, 0x30, 0), 0xffffffffe558) = 0 <0.000230>
19795 19:04:30.466447 ioctl(4, _IOC(_IOC_NONE, 0x75, 0x30, 0), 0xffffffffe528) = 0 <0.000096>
19795 19:04:30.466746 ioctl(4, _IOC(_IOC_NONE, 0x75, 0x30, 0), 0xffffffffe558) = 0 <0.000168>
19795 19:04:30.467004 ioctl(4, _IOC(_IOC_NONE, 0x75, 0x30, 0), 0xffffffffe528) = 0 <0.000134>
19795 19:04:30.467339 ioctl(4, _IOC(_IOC_NONE, 0x75, 0x30, 0), 0xffffffffe558) = 0 <0.000114>
19795 19:04:30.467563 ioctl(4, _IOC(_IOC_NONE, 0x75, 0x30, 0), 0xffffffffe528) = 0 <0.000124>
19795 19:04:30.467878 ioctl(4, _IOC(_IOC_NONE, 0x75, 0x30, 0), 0xffffffffe558) = 0 <0.000157>
19795 19:04:30.468117 ioctl(4, _IOC(_IOC_NONE, 0x75, 0x30, 0), 0xffffffffe528) = 0 <0.000094>
19795 19:04:30.468447 ioctl(4, _IOC(_IOC_NONE, 0x75, 0x30, 0), 0xffffffffe558) = 0 <0.000174>
19795 19:04:30.468706 ioctl(4, _IOC(_IOC_NONE, 0x75, 0x30, 0), 0xffffffffe528) = 0 <0.000144>
19795 19:04:30.469035 ioctl(4, _IOC(_IOC_NONE, 0x75, 0x30, 0), 0xffffffffe558) = 0 <0.000144>
19795 19:04:30.469298 ioctl(4, _IOC(_IOC_NONE, 0x75, 0x30, 0), 0xffffffffe528) = 0 <0.000127>
19795 19:04:30.469699 ioctl(4, _IOC(_IOC_NONE, 0x75, 0x30, 0), 0xffffffffe558) = 0 <0.000130>
19795 19:04:30.469996 ioctl(4, _IOC(_IOC_NONE, 0x75, 0x30, 0), 0xffffffffe528) = 0 <0.000153>
19795 19:04:30.470417 ioctl(4, _IOC(_IOC_NONE, 0x75, 0x30, 0), 0xffffffffe558) = 0 <0.000168>
19795 19:04:30.470683 ioctl(4, _IOC(_IOC_NONE, 0x75, 0x30, 0), 0xffffffffe528) = 0 <0.000143>
19795 19:04:30.471017 ioctl(4, _IOC(_IOC_NONE, 0x75, 0x30, 0), 0xffffffffe558) = 0 <0.000182>
19795 19:04:30.471267 ioctl(4, _IOC(_IOC_NONE, 0x75, 0x30, 0), 0xffffffffe528) = 0 <0.000151>
19795 19:04:30.471779 ioctl(4, _IOC(_IOC_NONE, 0x75, 0x30, 0), 0xffffffffe568) = 0 <0.000163>
19795 19:04:30.472101 ioctl(4, _IOC(_IOC_NONE, 0x75, 0x30, 0), 0xffffffffe538) = 0 <0.000126>
19795 19:04:30.472396 ioctl(4, _IOC(_IOC_NONE, 0x75, 0x30, 0), 0xffffffffe568) = 0 <0.000143>
19795 19:04:30.472628 ioctl(4, _IOC(_IOC_NONE, 0x75, 0x30, 0), 0xffffffffe538) = 0 <0.000148>
19795 19:04:30.472947 ioctl(4, _IOC(_IOC_NONE, 0x75, 0x30, 0), 0xffffffffe568) = 0 <0.000143>
19795 19:04:30.473154 ioctl(4, _IOC(_IOC_NONE, 0x75, 0x30, 0), 0xffffffffe538) = 0 <0.000089>
19795 19:04:30.473353 ioctl(4, _IOC(_IOC_NONE, 0x75, 0x30, 0), 0xffffffffe568) = 0 <0.000106>
19795 19:04:30.473520 ioctl(4, _IOC(_IOC_NONE, 0x75, 0x30, 0), 0xffffffffe538) = 0 <0.000117>
19795 19:04:30.473778 ioctl(4, _IOC(_IOC_NONE, 0x75, 0x30, 0), 0xffffffffe568) = 0 <0.000104>
19795 19:04:30.473948 ioctl(4, _IOC(_IOC_NONE, 0x75, 0x30, 0), 0xffffffffe538) = 0 <0.000095>
19795 19:04:30.474158 ioctl(4, _IOC(_IOC_NONE, 0x75, 0x30, 0), 0xffffffffe568) = 0 <0.000101>
19795 19:04:30.474321 ioctl(4, _IOC(_IOC_NONE, 0x75, 0x30, 0), 0xffffffffe538) = 0 <0.000085>
19795 19:04:30.474509 ioctl(4, _IOC(_IOC_NONE, 0x75, 0x30, 0), 0xffffffffe568) = 0 <0.000095>
19795 19:04:30.474661 ioctl(4, _IOC(_IOC_NONE, 0x75, 0x30, 0), 0xffffffffe538) = 0 <0.000085>
19795 19:04:30.474843 ioctl(4, _IOC(_IOC_NONE, 0x75, 0x30, 0), 0xffffffffe568) = 0 <0.000099>
19795 19:04:30.475000 ioctl(4, _IOC(_IOC_NONE, 0x75, 0x30, 0), 0xffffffffe538) = 0 <0.000086>
19795 19:04:30.475178 ioctl(4, _IOC(_IOC_NONE, 0x75, 0x30, 0), 0xffffffffe568) = 0 <0.000096>
19795 19:04:30.475333 ioctl(4, _IOC(_IOC_NONE, 0x75, 0x30, 0), 0xffffffffe538) = 0 <0.000089>
19795 19:04:30.475516 ioctl(4, _IOC(_IOC_NONE, 0x75, 0x30, 0), 0xffffffffe568) = 0 <0.000098>
19795 19:04:30.475673 ioctl(4, _IOC(_IOC_NONE, 0x75, 0x30, 0), 0xffffffffe538) = 0 <0.000089>
19795 19:04:30.475858 ioctl(4, _IOC(_IOC_NONE, 0x75, 0x30, 0), 0xffffffffe568) = 0 <0.000099>
19795 19:04:30.476014 ioctl(4, _IOC(_IOC_NONE, 0x75, 0x30, 0), 0xffffffffe538) = 0 <0.000082>
19795 19:04:30.476188 ioctl(4, _IOC(_IOC_NONE, 0x75, 0x30, 0), 0xffffffffe568) = 0 <0.000102>
19795 19:04:30.476348 ioctl(4, _IOC(_IOC_NONE, 0x75, 0x30, 0), 0xffffffffe538) = 0 <0.000088>
19795 19:04:30.476530 ioctl(4, _IOC(_IOC_NONE, 0x75, 0x30, 0), 0xffffffffe568) = 0 <0.000092>
19795 19:04:30.476678 ioctl(4, _IOC(_IOC_NONE, 0x75, 0x30, 0), 0xffffffffe538) = 0 <0.000087>
19795 19:04:30.476856 ioctl(4, _IOC(_IOC_NONE, 0x75, 0x30, 0), 0xffffffffe568) = 0 <0.000094>
19795 19:04:30.477008 ioctl(4, _IOC(_IOC_NONE, 0x75, 0x30, 0), 0xffffffffe538) = 0 <0.000081>
19795 19:04:30.477346 ioctl(4, _IOC(_IOC_NONE, 0x75, 0x30, 0), 0xffffffffe558) = 0 <0.000109>
19795 19:04:30.477523 ioctl(4, _IOC(_IOC_NONE, 0x75, 0x30, 0), 0xffffffffe528) = 0 <0.000118>
19795 19:04:30.478544 ioctl(4, _IOC(_IOC_NONE, 0x75, 0x30, 0), 0xffffffffe558) = 0 <0.000127>
19795 19:04:30.478769 ioctl(4, _IOC(_IOC_NONE, 0x75, 0x30, 0), 0xffffffffe528) = 0 <0.000096>
19795 19:04:30.479019 ioctl(4, _IOC(_IOC_NONE, 0x75, 0x30, 0), 0xffffffffe558) = 0 <0.000114>
19795 19:04:30.479211 ioctl(4, _IOC(_IOC_NONE, 0x75, 0x30, 0), 0xffffffffe528) = 0 <0.000089>
19795 19:04:30.479426 ioctl(4, _IOC(_IOC_NONE, 0x75, 0x30, 0), 0xffffffffe558) = 0 <0.000101>
19795 19:04:30.479588 ioctl(4, _IOC(_IOC_NONE, 0x75, 0x30, 0), 0xffffffffe528) = 0 <0.000085>
19795 19:04:30.479807 ioctl(4, _IOC(_IOC_NONE, 0x75, 0x30, 0), 0xffffffffe558) = 0 <0.000443>
19795 19:04:30.480346 ioctl(4, _IOC(_IOC_NONE, 0x75, 0x30, 0), 0xffffffffe528) = 0 <0.000099>
19795 19:04:30.480609 ioctl(4, _IOC(_IOC_NONE, 0x75, 0x30, 0), 0xffffffffe558) = 0 <0.000115>
19795 19:04:30.480795 ioctl(4, _IOC(_IOC_NONE, 0x75, 0x30, 0), 0xffffffffe528) = 0 <0.000089>
19795 19:04:30.481054 ioctl(4, _IOC(_IOC_NONE, 0x75, 0x30, 0), 0xffffffffe558) = 0 <0.000166>
19795 19:04:30.481328 ioctl(4, _IOC(_IOC_NONE, 0x75, 0x30, 0), 0xffffffffe528) = 0 <0.000249>
19795 19:04:30.481824 ioctl(4, _IOC(_IOC_NONE, 0x75, 0x30, 0), 0xffffffffe558) = 0 <0.000271>
19795 19:04:30.482272 ioctl(4, _IOC(_IOC_NONE, 0x75, 0x30, 0), 0xffffffffe528) = 0 <0.000094>
19795 19:04:30.482581 ioctl(4, _IOC(_IOC_NONE, 0x75, 0x30, 0), 0xffffffffe558) = 0 <0.000259>
19795 19:04:30.482943 ioctl(4, _IOC(_IOC_NONE, 0x75, 0x30, 0), 0xffffffffe528) = 0 <0.000212>
19795 19:04:30.483394 ioctl(4, _IOC(_IOC_NONE, 0x75, 0x30, 0), 0xffffffffe558) = 0 <0.000221>
19795 19:04:30.483686 ioctl(4, _IOC(_IOC_NONE, 0x75, 0x30, 0), 0xffffffffe528) = 0 <0.000186>
19795 19:04:30.484103 ioctl(4, _IOC(_IOC_NONE, 0x75, 0x30, 0), 0xffffffffe558) = 0 <0.000268>
19795 19:04:30.484480 ioctl(4, _IOC(_IOC_NONE, 0x75, 0x30, 0), 0xffffffffe528) = 0 <0.000212>
19795 19:04:30.484941 ioctl(4, _IOC(_IOC_NONE, 0x75, 0x30, 0), 0xffffffffe558) = 0 <0.000271>
19795 19:04:30.485286 ioctl(4, _IOC(_IOC_NONE, 0x75, 0x30, 0), 0xffffffffe528) = 0 <0.000145>
19795 19:04:30.485752 ioctl(4, _IOC(_IOC_NONE, 0x75, 0x30, 0), 0xffffffffe558) = 0 <0.000388>
19795 19:04:30.486362 ioctl(4, _IOC(_IOC_NONE, 0x75, 0x30, 0), 0xffffffffe528) = 0 <0.000270>
19795 19:04:30.486961 ioctl(4, _IOC(_IOC_NONE, 0x75, 0x30, 0), 0xffffffffe558) = 0 <0.000408>
19795 19:04:30.487474 ioctl(4, _IOC(_IOC_NONE, 0x75, 0x30, 0), 0xffffffffe528) = 0 <0.000102>
19795 19:04:30.488171 ioctl(4, _IOC(_IOC_NONE, 0x75, 0x30, 0), 0xffffffffe568) = 0 <0.000278>
19795 19:04:30.488621 ioctl(4, _IOC(_IOC_NONE, 0x75, 0x30, 0), 0xffffffffe538) = 0 <0.000289>
19795 19:04:30.489183 ioctl(4, _IOC(_IOC_NONE, 0x75, 0x30, 0), 0xffffffffe568) = 0 <0.000294>
19795 19:04:30.489716 ioctl(4, _IOC(_IOC_NONE, 0x75, 0x30, 0), 0xffffffffe538) = 0 <0.000153>
19795 19:04:30.490213 ioctl(4, _IOC(_IOC_NONE, 0x75, 0x30, 0), 0xffffffffe568) = 0 <0.000214>
19795 19:04:30.490551 ioctl(4, _IOC(_IOC_NONE, 0x75, 0x30, 0), 0xffffffffe538) = 0 <0.000221>
19795 19:04:30.491040 ioctl(4, _IOC(_IOC_NONE, 0x75, 0x30, 0), 0xffffffffe568) = 0 <0.000246>
19795 19:04:30.491422 ioctl(4, _IOC(_IOC_NONE, 0x75, 0x30, 0), 0xffffffffe538) = 0 <0.000198>
19795 19:04:30.491848 ioctl(4, _IOC(_IOC_NONE, 0x75, 0x30, 0), 0xffffffffe568) = 0 <0.000213>
19795 19:04:30.492190 ioctl(4, _IOC(_IOC_NONE, 0x75, 0x30, 0), 0xffffffffe538) = 0 <0.000200>
19795 19:04:30.492609 ioctl(4, _IOC(_IOC_NONE, 0x75, 0x30, 0), 0xffffffffe568) = 0 <0.000254>
19795 19:04:30.492947 ioctl(4, _IOC(_IOC_NONE, 0x75, 0x30, 0), 0xffffffffe538) = 0 <0.000217>
19795 19:04:30.493363 ioctl(4, _IOC(_IOC_NONE, 0x75, 0x30, 0), 0xffffffffe568) = 0 <0.000260>
19795 19:04:30.493798 ioctl(4, _IOC(_IOC_NONE, 0x75, 0x30, 0), 0xffffffffe538) = 0 <0.000214>
19795 19:04:30.494214 ioctl(4, _IOC(_IOC_NONE, 0x75, 0x30, 0), 0xffffffffe568) = 0 <0.000267>
19795 19:04:30.494597 ioctl(4, _IOC(_IOC_NONE, 0x75, 0x30, 0), 0xffffffffe538) = 0 <0.000185>
19795 19:04:30.494985 ioctl(4, _IOC(_IOC_NONE, 0x75, 0x30, 0), 0xffffffffe568) = 0 <0.000199>
19795 19:04:30.495297 ioctl(4, _IOC(_IOC_NONE, 0x75, 0x30, 0), 0xffffffffe538) = 0 <0.000208>
19795 19:04:30.495706 ioctl(4, _IOC(_IOC_NONE, 0x75, 0x30, 0), 0xffffffffe568) = 0 <0.000306>
19795 19:04:30.496084 ioctl(4, _IOC(_IOC_NONE, 0x75, 0x30, 0), 0xffffffffe538) = 0 <0.000089>
19795 19:04:30.496396 ioctl(4, _IOC(_IOC_NONE, 0x75, 0x30, 0), 0xffffffffe568) = 0 <0.000246>
19795 19:04:30.496746 ioctl(4, _IOC(_IOC_NONE, 0x75, 0x30, 0), 0xffffffffe538) = 0 <0.000193>
19795 19:04:30.497156 ioctl(4, _IOC(_IOC_NONE, 0x75, 0x30, 0), 0xffffffffe568) = 0 <0.000215>
19795 19:04:30.497474 ioctl(4, _IOC(_IOC_NONE, 0x75, 0x30, 0), 0xffffffffe538) = 0 <0.000232>
19795 19:04:30.498179 ioctl(4, _IOC(_IOC_NONE, 0x75, 0x30, 0), 0xffffffffe568) = 0 <0.000132>
19795 19:04:30.498407 ioctl(4, _IOC(_IOC_NONE, 0x75, 0x30, 0), 0xffffffffe538) = 0 <0.000099>
19795 19:04:30.498658 ioctl(4, _IOC(_IOC_NONE, 0x75, 0x30, 0), 0xffffffffe568) = 0 <0.000111>
19795 19:04:30.498877 ioctl(4, _IOC(_IOC_NONE, 0x75, 0x30, 0), 0xffffffffe538) = 0 <0.000090>
19795 19:04:30.499437 ioctl(4, _IOC(_IOC_NONE, 0x75, 0x30, 0), 0xffffffffe558) = 0 <0.000142>
19795 19:04:30.499674 ioctl(4, _IOC(_IOC_NONE, 0x75, 0x30, 0), 0xffffffffe528) = 0 <0.000089>
19795 19:04:30.499906 ioctl(4, _IOC(_IOC_NONE, 0x75, 0x30, 0), 0xffffffffe558) = 0 <0.000244>
19795 19:04:30.500243 ioctl(4, _IOC(_IOC_NONE, 0x75, 0x30, 0), 0xffffffffe528) = 0 <0.000102>
19795 19:04:30.500508 ioctl(4, _IOC(_IOC_NONE, 0x75, 0x30, 0), 0xffffffffe558) = 0 <0.000194>
19795 19:04:30.500781 ioctl(4, _IOC(_IOC_NONE, 0x75, 0x30, 0), 0xffffffffe528) = 0 <0.000093>
19795 19:04:30.501124 ioctl(4, _IOC(_IOC_NONE, 0x75, 0x30, 0), 0xffffffffe558) = 0 <0.000118>
19795 19:04:30.501326 ioctl(4, _IOC(_IOC_NONE, 0x75, 0x30, 0), 0xffffffffe528) = 0 <0.000153>
19795 19:04:30.501701 ioctl(4, _IOC(_IOC_NONE, 0x75, 0x30, 0), 0xffffffffe558) = 0 <0.000121>
19795 19:04:30.502018 ioctl(4, _IOC(_IOC_NONE, 0x75, 0x30, 0), 0xffffffffe528) = 0 <0.000099>
19795 19:04:30.502268 ioctl(4, _IOC(_IOC_NONE, 0x75, 0x30, 0), 0xffffffffe558) = 0 <0.000178>
19795 19:04:30.502533 ioctl(4, _IOC(_IOC_NONE, 0x75, 0x30, 0), 0xffffffffe528) = 0 <0.000100>
19795 19:04:30.502897 ioctl(4, _IOC(_IOC_NONE, 0x75, 0x30, 0), 0xffffffffe558) = 0 <0.000127>
19795 19:04:30.503107 ioctl(4, _IOC(_IOC_NONE, 0x75, 0x30, 0), 0xffffffffe528) = 0 <0.000091>
19795 19:04:30.503418 ioctl(4, _IOC(_IOC_NONE, 0x75, 0x30, 0), 0xffffffffe558) = 0 <0.000117>
19795 19:04:30.503617 ioctl(4, _IOC(_IOC_NONE, 0x75, 0x30, 0), 0xffffffffe528) = 0 <0.000095>
19795 19:04:30.503942 ioctl(4, _IOC(_IOC_NONE, 0x75, 0x30, 0), 0xffffffffe558) = 0 <0.000116>
19795 19:04:30.504137 ioctl(4, _IOC(_IOC_NONE, 0x75, 0x30, 0), 0xffffffffe528) = 0 <0.000095>
19795 19:04:30.504447 ioctl(4, _IOC(_IOC_NONE, 0x75, 0x30, 0), 0xffffffffe558) = 0 <0.000128>
19795 19:04:30.504658 ioctl(4, _IOC(_IOC_NONE, 0x75, 0x30, 0), 0xffffffffe528) = 0 <0.000201>
19795 19:04:30.505030 ioctl(4, _IOC(_IOC_NONE, 0x75, 0x30, 0), 0xffffffffe558) = 0 <0.000118>
19795 19:04:30.505228 ioctl(4, _IOC(_IOC_NONE, 0x75, 0x30, 0), 0xffffffffe528) = 0 <0.000175>
19795 19:04:30.505555 ioctl(4, _IOC(_IOC_NONE, 0x75, 0x30, 0), 0xffffffffe558) = 0 <0.000229>
19795 19:04:30.505921 ioctl(4, _IOC(_IOC_NONE, 0x75, 0x30, 0), 0xffffffffe528) = 0 <0.000101>
19795 19:04:30.506181 ioctl(4, _IOC(_IOC_NONE, 0x75, 0x30, 0), 0xffffffffe558) = 0 <0.000191>
19795 19:04:30.506456 ioctl(4, _IOC(_IOC_NONE, 0x75, 0x30, 0), 0xffffffffe528) = 0 <0.000186>
19795 19:04:30.506787 ioctl(4, _IOC(_IOC_NONE, 0x75, 0x30, 0), 0xffffffffe558) = 0 <0.000163>
19795 19:04:30.507022 ioctl(4, _IOC(_IOC_NONE, 0x75, 0x30, 0), 0xffffffffe528) = 0 <0.000125>
19795 19:04:30.507536 ioctl(4, _IOC(_IOC_NONE, 0x75, 0x30, 0), 0xffffffffe568) = 0 <0.000146>
19795 19:04:30.507758 ioctl(4, _IOC(_IOC_NONE, 0x75, 0x30, 0), 0xffffffffe538) = 0 <0.000128>
19795 19:04:30.508054 ioctl(4, _IOC(_IOC_NONE, 0x75, 0x30, 0), 0xffffffffe568) = 0 <0.000137>
19795 19:04:30.508255 ioctl(4, _IOC(_IOC_NONE, 0x75, 0x30, 0), 0xffffffffe538) = 0 <0.000181>
19795 19:04:30.508558 ioctl(4, _IOC(_IOC_NONE, 0x75, 0x30, 0), 0xffffffffe568) = 0 <0.000153>
19795 19:04:30.508777 ioctl(4, _IOC(_IOC_NONE, 0x75, 0x30, 0), 0xffffffffe538) = 0 <0.000127>
19795 19:04:30.509055 ioctl(4, _IOC(_IOC_NONE, 0x75, 0x30, 0), 0xffffffffe568) = 0 <0.000147>
19795 19:04:30.509265 ioctl(4, _IOC(_IOC_NONE, 0x75, 0x30, 0), 0xffffffffe538) = 0 <0.000106>
19795 19:04:30.509482 ioctl(4, _IOC(_IOC_NONE, 0x75, 0x30, 0), 0xffffffffe568) = 0 <0.000132>
19795 19:04:30.509713 ioctl(4, _IOC(_IOC_NONE, 0x75, 0x30, 0), 0xffffffffe538) = 0 <0.000249>
19795 19:04:30.510134 ioctl(4, _IOC(_IOC_NONE, 0x75, 0x30, 0), 0xffffffffe568) = 0 <0.000123>
19795 19:04:30.510347 ioctl(4, _IOC(_IOC_NONE, 0x75, 0x30, 0), 0xffffffffe538) = 0 <0.000095>
19795 19:04:30.510584 ioctl(4, _IOC(_IOC_NONE, 0x75, 0x30, 0), 0xffffffffe568) = 0 <0.000205>
19795 19:04:30.510862 ioctl(4, _IOC(_IOC_NONE, 0x75, 0x30, 0), 0xffffffffe538) = 0 <0.000093>
19795 19:04:30.511097 ioctl(4, _IOC(_IOC_NONE, 0x75, 0x30, 0), 0xffffffffe568) = 0 <0.000240>
19795 19:04:30.511469 ioctl(4, _IOC(_IOC_NONE, 0x75, 0x30, 0), 0xffffffffe538) = 0 <0.000100>
19795 19:04:30.511716 ioctl(4, _IOC(_IOC_NONE, 0x75, 0x30, 0), 0xffffffffe568) = 0 <0.000110>
19795 19:04:30.511969 ioctl(4, _IOC(_IOC_NONE, 0x75, 0x30, 0), 0xffffffffe538) = 0 <0.000093>
19795 19:04:30.512199 ioctl(4, _IOC(_IOC_NONE, 0x75, 0x30, 0), 0xffffffffe568) = 0 <0.000192>
19795 19:04:30.512470 ioctl(4, _IOC(_IOC_NONE, 0x75, 0x30, 0), 0xffffffffe538) = 0 <0.000097>
19795 19:04:30.512709 ioctl(4, _IOC(_IOC_NONE, 0x75, 0x30, 0), 0xffffffffe568) = 0 <0.000172>
19795 19:04:30.512955 ioctl(4, _IOC(_IOC_NONE, 0x75, 0x30, 0), 0xffffffffe538) = 0 <0.000175>
19795 19:04:30.513285 ioctl(4, _IOC(_IOC_NONE, 0x75, 0x30, 0), 0xffffffffe568) = 0 <0.000122>
19795 19:04:30.513554 ioctl(4, _IOC(_IOC_NONE, 0x75, 0x30, 0), 0xffffffffe538) = 0 <0.000106>
19795 19:04:30.513864 ioctl(4, _IOC(_IOC_NONE, 0x75, 0x30, 0), 0xffffffffe568) = 0 <0.000215>
19795 19:04:30.514163 ioctl(4, _IOC(_IOC_NONE, 0x75, 0x30, 0), 0xffffffffe538) = 0 <0.000092>
19795 19:04:30.514483 ioctl(4, _IOC(_IOC_NONE, 0x75, 0x30, 0), 0xffffffffe568) = 0 <0.000135>
19795 19:04:30.514704 ioctl(4, _IOC(_IOC_NONE, 0x75, 0x30, 0), 0xffffffffe538) = 0 <0.000095>
19795 19:04:30.515230 ioctl(4, _IOC(_IOC_NONE, 0x75, 0x30, 0), 0xffffffffe558) = 0 <0.000117>
19795 19:04:30.515524 ioctl(4, _IOC(_IOC_NONE, 0x75, 0x30, 0), 0xffffffffe528) = 0 <0.000102>
19795 19:04:30.515790 ioctl(4, _IOC(_IOC_NONE, 0x75, 0x30, 0), 0xffffffffe558) = 0 <0.000178>
19795 19:04:30.516044 ioctl(4, _IOC(_IOC_NONE, 0x75, 0x30, 0), 0xffffffffe528) = 0 <0.000093>
19795 19:04:30.516272 ioctl(4, _IOC(_IOC_NONE, 0x75, 0x30, 0), 0xffffffffe558) = 0 <0.000213>
19795 19:04:30.516563 ioctl(4, _IOC(_IOC_NONE, 0x75, 0x30, 0), 0xffffffffe528) = 0 <0.000089>
19795 19:04:30.516867 ioctl(4, _IOC(_IOC_NONE, 0x75, 0x30, 0), 0xffffffffe558) = 0 <0.000118>
19795 19:04:30.517066 ioctl(4, _IOC(_IOC_NONE, 0x75, 0x30, 0), 0xffffffffe528) = 0 <0.000091>
19795 19:04:30.517393 ioctl(4, _IOC(_IOC_NONE, 0x75, 0x30, 0), 0xffffffffe558) = 0 <0.000117>
19795 19:04:30.517717 ioctl(4, _IOC(_IOC_NONE, 0x75, 0x30, 0), 0xffffffffe528) = 0 <0.000114>
19795 19:04:30.518009 ioctl(4, _IOC(_IOC_NONE, 0x75, 0x30, 0), 0xffffffffe558) = 0 <0.000256>
19795 19:04:30.518361 ioctl(4, _IOC(_IOC_NONE, 0x75, 0x30, 0), 0xffffffffe528) = 0 <0.000106>
19795 19:04:30.518632 ioctl(4, _IOC(_IOC_NONE, 0x75, 0x30, 0), 0xffffffffe558) = 0 <0.000112>
19795 19:04:30.518905 ioctl(4, _IOC(_IOC_NONE, 0x75, 0x30, 0), 0xffffffffe528) = 0 <0.000111>
19795 19:04:30.519183 ioctl(4, _IOC(_IOC_NONE, 0x75, 0x30, 0), 0xffffffffe558) = 0 <0.000209>
19795 19:04:30.519484 ioctl(4, _IOC(_IOC_NONE, 0x75, 0x30, 0), 0xffffffffe528) = 0 <0.000098>
19795 19:04:30.519865 ioctl(4, _IOC(_IOC_NONE, 0x75, 0x30, 0), 0xffffffffe558) = 0 <0.000123>
19795 19:04:30.520076 ioctl(4, _IOC(_IOC_NONE, 0x75, 0x30, 0), 0xffffffffe528) = 0 <0.000093>
19795 19:04:30.520320 ioctl(4, _IOC(_IOC_NONE, 0x75, 0x30, 0), 0xffffffffe558) = 0 <0.000230>
19795 19:04:30.520643 ioctl(4, _IOC(_IOC_NONE, 0x75, 0x30, 0), 0xffffffffe528) = 0 <0.000100>
19795 19:04:30.520903 ioctl(4, _IOC(_IOC_NONE, 0x75, 0x30, 0), 0xffffffffe558) = 0 <0.000208>
19795 19:04:30.521191 ioctl(4, _IOC(_IOC_NONE, 0x75, 0x30, 0), 0xffffffffe528) = 0 <0.000093>
19795 19:04:30.521543 ioctl(4, _IOC(_IOC_NONE, 0x75, 0x30, 0), 0xffffffffe558) = 0 <0.000135>
19795 19:04:30.521812 ioctl(4, _IOC(_IOC_NONE, 0x75, 0x30, 0), 0xffffffffe528) = 0 <0.000094>
19795 19:04:30.522171 ioctl(4, _IOC(_IOC_NONE, 0x75, 0x30, 0), 0xffffffffe558) = 0 <0.000111>
19795 19:04:30.522354 ioctl(4, _IOC(_IOC_NONE, 0x75, 0x30, 0), 0xffffffffe528) = 0 <0.000171>
19795 19:04:30.522675 ioctl(4, _IOC(_IOC_NONE, 0x75, 0x30, 0), 0xffffffffe558) = 0 <0.000249>
19795 19:04:30.523020 ioctl(4, _IOC(_IOC_NONE, 0x75, 0x30, 0), 0xffffffffe528) = 0 <0.000102>
19795 19:04:30.523550 ioctl(4, _IOC(_IOC_NONE, 0x75, 0x30, 0), 0xffffffffe568) = 0 <0.000127>
19795 19:04:30.523767 ioctl(4, _IOC(_IOC_NONE, 0x75, 0x30, 0), 0xffffffffe538) = 0 <0.000103>
19795 19:04:30.524170 ioctl(4, _IOC(_IOC_NONE, 0x75, 0x30, 0), 0xffffffffe568) = 0 <0.000124>
19795 19:04:30.524383 ioctl(4, _IOC(_IOC_NONE, 0x75, 0x30, 0), 0xffffffffe538) = 0 <0.000238>
19795 19:04:30.524796 ioctl(4, _IOC(_IOC_NONE, 0x75, 0x30, 0), 0xffffffffe568) = 0 <0.000115>
19795 19:04:30.524991 ioctl(4, _IOC(_IOC_NONE, 0x75, 0x30, 0), 0xffffffffe538) = 0 <0.000184>
19795 19:04:30.525329 ioctl(4, _IOC(_IOC_NONE, 0x75, 0x30, 0), 0xffffffffe568) = 0 <0.000228>
19795 19:04:30.525688 ioctl(4, _IOC(_IOC_NONE, 0x75, 0x30, 0), 0xffffffffe538) = 0 <0.000104>
19795 19:04:30.526097 ioctl(4, _IOC(_IOC_NONE, 0x75, 0x30, 0), 0xffffffffe568) = 0 <0.000119>
19795 19:04:30.526292 ioctl(4, _IOC(_IOC_NONE, 0x75, 0x30, 0), 0xffffffffe538) = 0 <0.000092>
19795 19:04:30.526632 ioctl(4, _IOC(_IOC_NONE, 0x75, 0x30, 0), 0xffffffffe568) = 0 <0.000128>
19795 19:04:30.526851 ioctl(4, _IOC(_IOC_NONE, 0x75, 0x30, 0), 0xffffffffe538) = 0 <0.000097>
19795 19:04:30.527191 ioctl(4, _IOC(_IOC_NONE, 0x75, 0x30, 0), 0xffffffffe568) = 0 <0.000121>
19795 19:04:30.527398 ioctl(4, _IOC(_IOC_NONE, 0x75, 0x30, 0), 0xffffffffe538) = 0 <0.000217>
19795 19:04:30.527766 ioctl(4, _IOC(_IOC_NONE, 0x75, 0x30, 0), 0xffffffffe568) = 0 <0.000125>
19795 19:04:30.528050 ioctl(4, _IOC(_IOC_NONE, 0x75, 0x30, 0), 0xffffffffe538) = 0 <0.000098>
19795 19:04:30.528312 ioctl(4, _IOC(_IOC_NONE, 0x75, 0x30, 0), 0xffffffffe568) = 0 <0.000113>
19795 19:04:30.528591 ioctl(4, _IOC(_IOC_NONE, 0x75, 0x30, 0), 0xffffffffe538) = 0 <0.000100>
19795 19:04:30.528845 ioctl(4, _IOC(_IOC_NONE, 0x75, 0x30, 0), 0xffffffffe568) = 0 <0.000220>
19795 19:04:30.529151 ioctl(4, _IOC(_IOC_NONE, 0x75, 0x30, 0), 0xffffffffe538) = 0 <0.000101>
19795 19:04:30.529411 ioctl(4, _IOC(_IOC_NONE, 0x75, 0x30, 0), 0xffffffffe568) = 0 <0.000237>
19795 19:04:30.529833 ioctl(4, _IOC(_IOC_NONE, 0x75, 0x30, 0), 0xffffffffe538) = 0 <0.000107>
19795 19:04:30.530109 ioctl(4, _IOC(_IOC_NONE, 0x75, 0x30, 0), 0xffffffffe568) = 0 <0.000181>
19795 19:04:30.530367 ioctl(4, _IOC(_IOC_NONE, 0x75, 0x30, 0), 0xffffffffe538) = 0 <0.000228>
19795 19:04:30.530773 ioctl(4, _IOC(_IOC_NONE, 0x75, 0x30, 0), 0xffffffffe568) = 0 <0.000189>
19795 19:04:30.531063 ioctl(4, _IOC(_IOC_NONE, 0x75, 0x30, 0), 0xffffffffe538) = 0 <0.000099>
19795 19:04:30.531397 ioctl(4, _IOC(_IOC_NONE, 0x75, 0x30, 0), 0xffffffffe568) = 0 <0.000113>
19795 19:04:30.531587 ioctl(4, _IOC(_IOC_NONE, 0x75, 0x30, 0), 0xffffffffe538) = 0 <0.000181>
19795 19:04:30.532205 ioctl(4, _IOC(_IOC_NONE, 0x75, 0x30, 0), 0xffffffffe558) = 0 <0.000127>
19795 19:04:30.532424 ioctl(4, _IOC(_IOC_NONE, 0x75, 0x30, 0), 0xffffffffe528) = 0 <0.000090>
19795 19:04:30.532758 ioctl(4, _IOC(_IOC_NONE, 0x75, 0x30, 0), 0xffffffffe558) = 0 <0.000124>
19795 19:04:30.532963 ioctl(4, _IOC(_IOC_NONE, 0x75, 0x30, 0), 0xffffffffe528) = 0 <0.000187>
19795 19:04:30.533314 ioctl(4, _IOC(_IOC_NONE, 0x75, 0x30, 0), 0xffffffffe558) = 0 <0.000117>
19795 19:04:30.533511 ioctl(4, _IOC(_IOC_NONE, 0x75, 0x30, 0), 0xffffffffe528) = 0 <0.000274>
19795 19:04:30.533975 ioctl(4, _IOC(_IOC_NONE, 0x75, 0x30, 0), 0xffffffffe558) = 0 <0.000123>
19795 19:04:30.534182 ioctl(4, _IOC(_IOC_NONE, 0x75, 0x30, 0), 0xffffffffe528) = 0 <0.000196>
19795 19:04:30.534535 ioctl(4, _IOC(_IOC_NONE, 0x75, 0x30, 0), 0xffffffffe558) = 0 <0.000190>
19795 19:04:30.534810 ioctl(4, _IOC(_IOC_NONE, 0x75, 0x30, 0), 0xffffffffe528) = 0 <0.000104>
19795 19:04:30.535072 ioctl(4, _IOC(_IOC_NONE, 0x75, 0x30, 0), 0xffffffffe558) = 0 <0.000241>
19795 19:04:30.535409 ioctl(4, _IOC(_IOC_NONE, 0x75, 0x30, 0), 0xffffffffe528) = 0 <0.000100>
19795 19:04:30.535657 ioctl(4, _IOC(_IOC_NONE, 0x75, 0x30, 0), 0xffffffffe558) = 0 <0.000194>
19795 19:04:30.535925 ioctl(4, _IOC(_IOC_NONE, 0x75, 0x30, 0), 0xffffffffe528) = 0 <0.000162>
19795 19:04:30.536251 ioctl(4, _IOC(_IOC_NONE, 0x75, 0x30, 0), 0xffffffffe558) = 0 <0.000120>
19795 19:04:30.536457 ioctl(4, _IOC(_IOC_NONE, 0x75, 0x30, 0), 0xffffffffe528) = 0 <0.000211>
19795 19:04:30.536838 ioctl(4, _IOC(_IOC_NONE, 0x75, 0x30, 0), 0xffffffffe558) = 0 <0.000118>
19795 19:04:30.537038 ioctl(4, _IOC(_IOC_NONE, 0x75, 0x30, 0), 0xffffffffe528) = 0 <0.000180>
19795 19:04:30.537408 ioctl(4, _IOC(_IOC_NONE, 0x75, 0x30, 0), 0xffffffffe558) = 0 <0.000261>
19795 19:04:30.537776 ioctl(4, _IOC(_IOC_NONE, 0x75, 0x30, 0), 0xffffffffe528) = 0 <0.000107>
19795 19:04:30.538049 ioctl(4, _IOC(_IOC_NONE, 0x75, 0x30, 0), 0xffffffffe558) = 0 <0.000246>
19795 19:04:30.538384 ioctl(4, _IOC(_IOC_NONE, 0x75, 0x30, 0), 0xffffffffe528) = 0 <0.000101>
19795 19:04:30.538641 ioctl(4, _IOC(_IOC_NONE, 0x75, 0x30, 0), 0xffffffffe558) = 0 <0.000114>
19795 19:04:30.538827 ioctl(4, _IOC(_IOC_NONE, 0x75, 0x30, 0), 0xffffffffe528) = 0 <0.000197>
19795 19:04:30.539173 ioctl(4, _IOC(_IOC_NONE, 0x75, 0x30, 0), 0xffffffffe558) = 0 <0.000194>
19795 19:04:30.539456 ioctl(4, _IOC(_IOC_NONE, 0x75, 0x30, 0), 0xffffffffe528) = 0 <0.000097>
19795 19:04:30.539820 ioctl(4, _IOC(_IOC_NONE, 0x75, 0x30, 0), 0xffffffffe558) = 0 <0.000112>
19795 19:04:30.540007 ioctl(4, _IOC(_IOC_NONE, 0x75, 0x30, 0), 0xffffffffe528) = 0 <0.000166>
19795 19:04:30.540478 ioctl(4, _IOC(_IOC_NONE, 0x75, 0x30, 0), 0xffffffffe568) = 0 <0.000221>
19795 19:04:30.540803 ioctl(4, _IOC(_IOC_NONE, 0x75, 0x30, 0), 0xffffffffe538) = 0 <0.000104>
19795 19:04:30.541079 ioctl(4, _IOC(_IOC_NONE, 0x75, 0x30, 0), 0xffffffffe568) = 0 <0.000231>
19795 19:04:30.541402 ioctl(4, _IOC(_IOC_NONE, 0x75, 0x30, 0), 0xffffffffe538) = 0 <0.000094>
19795 19:04:30.541801 ioctl(4, _IOC(_IOC_NONE, 0x75, 0x30, 0), 0xffffffffe568) = 0 <0.000123>
19795 19:04:30.542022 ioctl(4, _IOC(_IOC_NONE, 0x75, 0x30, 0), 0xffffffffe538) = 0 <0.000182>
19795 19:04:30.542371 ioctl(4, _IOC(_IOC_NONE, 0x75, 0x30, 0), 0xffffffffe568) = 0 <0.000125>
19795 19:04:30.542574 ioctl(4, _IOC(_IOC_NONE, 0x75, 0x30, 0), 0xffffffffe538) = 0 <0.000213>
19795 19:04:30.542967 ioctl(4, _IOC(_IOC_NONE, 0x75, 0x30, 0), 0xffffffffe568) = 0 <0.000121>
19795 19:04:30.543168 ioctl(4, _IOC(_IOC_NONE, 0x75, 0x30, 0), 0xffffffffe538) = 0 <0.000101>
19795 19:04:30.543508 ioctl(4, _IOC(_IOC_NONE, 0x75, 0x30, 0), 0xffffffffe568) = 0 <0.000112>
19795 19:04:30.543695 ioctl(4, _IOC(_IOC_NONE, 0x75, 0x30, 0), 0xffffffffe538) = 0 <0.000156>
19795 19:04:30.544015 ioctl(4, _IOC(_IOC_NONE, 0x75, 0x30, 0), 0xffffffffe568) = 0 <0.000121>
19795 19:04:30.544330 ioctl(4, _IOC(_IOC_NONE, 0x75, 0x30, 0), 0xffffffffe538) = 0 <0.000103>
19795 19:04:30.544593 ioctl(4, _IOC(_IOC_NONE, 0x75, 0x30, 0), 0xffffffffe568) = 0 <0.000195>
19795 19:04:30.544867 ioctl(4, _IOC(_IOC_NONE, 0x75, 0x30, 0), 0xffffffffe538) = 0 <0.000166>
19795 19:04:30.545201 ioctl(4, _IOC(_IOC_NONE, 0x75, 0x30, 0), 0xffffffffe568) = 0 <0.000123>
19795 19:04:30.545406 ioctl(4, _IOC(_IOC_NONE, 0x75, 0x30, 0), 0xffffffffe538) = 0 <0.000240>
19795 19:04:30.545833 ioctl(4, _IOC(_IOC_NONE, 0x75, 0x30, 0), 0xffffffffe568) = 0 <0.000117>
19795 19:04:30.546028 ioctl(4, _IOC(_IOC_NONE, 0x75, 0x30, 0), 0xffffffffe538) = 0 <0.000222>
19795 19:04:30.546400 ioctl(4, _IOC(_IOC_NONE, 0x75, 0x30, 0), 0xffffffffe568) = 0 <0.000115>
19795 19:04:30.546591 ioctl(4, _IOC(_IOC_NONE, 0x75, 0x30, 0), 0xffffffffe538) = 0 <0.000168>
19795 19:04:30.546926 ioctl(4, _IOC(_IOC_NONE, 0x75, 0x30, 0), 0xffffffffe568) = 0 <0.000129>
19795 19:04:30.547216 ioctl(4, _IOC(_IOC_NONE, 0x75, 0x30, 0), 0xffffffffe538) = 0 <0.000104>
19795 19:04:30.547490 ioctl(4, _IOC(_IOC_NONE, 0x75, 0x30, 0), 0xffffffffe568) = 0 <0.000231>
19795 19:04:30.547808 ioctl(4, _IOC(_IOC_NONE, 0x75, 0x30, 0), 0xffffffffe538) = 0 <0.000104>
19795 19:04:30.548067 ioctl(4, _IOC(_IOC_NONE, 0x75, 0x30, 0), 0xffffffffe568) = 0 <0.000113>
19795 19:04:30.548336 ioctl(4, _IOC(_IOC_NONE, 0x75, 0x30, 0), 0xffffffffe538) = 0 <0.000095>
19795 19:04:30.548897 ioctl(4, _IOC(_IOC_NONE, 0x75, 0x30, 0), 0xffffffffe558) = 0 <0.000132>
19795 19:04:30.549124 ioctl(4, _IOC(_IOC_NONE, 0x75, 0x30, 0), 0xffffffffe528) = 0 <0.000093>
19795 19:04:30.549457 ioctl(4, _IOC(_IOC_NONE, 0x75, 0x30, 0), 0xffffffffe558) = 0 <0.000152>
19795 19:04:30.549721 ioctl(4, _IOC(_IOC_NONE, 0x75, 0x30, 0), 0xffffffffe528) = 0 <0.000091>
19795 19:04:30.550097 ioctl(4, _IOC(_IOC_NONE, 0x75, 0x30, 0), 0xffffffffe558) = 0 <0.000120>
19795 19:04:30.550340 ioctl(4, _IOC(_IOC_NONE, 0x75, 0x30, 0), 0xffffffffe528) = 0 <0.000218>
19795 19:04:30.550740 ioctl(4, _IOC(_IOC_NONE, 0x75, 0x30, 0), 0xffffffffe558) = 0 <0.000120>
19795 19:04:30.550947 ioctl(4, _IOC(_IOC_NONE, 0x75, 0x30, 0), 0xffffffffe528) = 0 <0.000091>
19795 19:04:30.551286 ioctl(4, _IOC(_IOC_NONE, 0x75, 0x30, 0), 0xffffffffe558) = 0 <0.000125>
19795 19:04:30.551510 ioctl(4, _IOC(_IOC_NONE, 0x75, 0x30, 0), 0xffffffffe528) = 0 <0.000095>
19795 19:04:30.551868 ioctl(4, _IOC(_IOC_NONE, 0x75, 0x30, 0), 0xffffffffe558) = 0 <0.000119>
19795 19:04:30.552060 ioctl(4, _IOC(_IOC_NONE, 0x75, 0x30, 0), 0xffffffffe528) = 0 <0.000163>
19795 19:04:30.552384 ioctl(4, _IOC(_IOC_NONE, 0x75, 0x30, 0), 0xffffffffe558) = 0 <0.000120>
19795 19:04:30.552593 ioctl(4, _IOC(_IOC_NONE, 0x75, 0x30, 0), 0xffffffffe528) = 0 <0.000180>
19795 19:04:30.552942 ioctl(4, _IOC(_IOC_NONE, 0x75, 0x30, 0), 0xffffffffe558) = 0 <0.000120>
19795 19:04:30.553138 ioctl(4, _IOC(_IOC_NONE, 0x75, 0x30, 0), 0xffffffffe528) = 0 <0.000149>
19795 19:04:30.553523 ioctl(4, _IOC(_IOC_NONE, 0x75, 0x30, 0), 0xffffffffe558) = 0 <0.000148>
19795 19:04:30.553857 ioctl(4, _IOC(_IOC_NONE, 0x75, 0x30, 0), 0xffffffffe528) = 0 <0.000106>
19795 19:04:30.554205 ioctl(4, _IOC(_IOC_NONE, 0x75, 0x30, 0), 0xffffffffe558) = 0 <0.000119>
19795 19:04:30.554406 ioctl(4, _IOC(_IOC_NONE, 0x75, 0x30, 0), 0xffffffffe528) = 0 <0.000154>
19795 19:04:30.554750 ioctl(4, _IOC(_IOC_NONE, 0x75, 0x30, 0), 0xffffffffe558) = 0 <0.000120>
19795 19:04:30.554955 ioctl(4, _IOC(_IOC_NONE, 0x75, 0x30, 0), 0xffffffffe528) = 0 <0.000161>
19795 19:04:30.555347 ioctl(4, _IOC(_IOC_NONE, 0x75, 0x30, 0), 0xffffffffe558) = 0 <0.000123>
19795 19:04:30.555553 ioctl(4, _IOC(_IOC_NONE, 0x75, 0x30, 0), 0xffffffffe528) = 0 <0.000090>
19795 19:04:30.555849 ioctl(4, _IOC(_IOC_NONE, 0x75, 0x30, 0), 0xffffffffe558) = 0 <0.000191>
19795 19:04:30.556122 ioctl(4, _IOC(_IOC_NONE, 0x75, 0x30, 0), 0xffffffffe528) = 0 <0.000101>
19795 19:04:30.556380 ioctl(4, _IOC(_IOC_NONE, 0x75, 0x30, 0), 0xffffffffe558) = 0 <0.000186>
19795 19:04:30.556650 ioctl(4, _IOC(_IOC_NONE, 0x75, 0x30, 0), 0xffffffffe528) = 0 <0.000138>
19795 19:04:30.557210 ioctl(4, _IOC(_IOC_NONE, 0x75, 0x30, 0), 0xffffffffe568) = 0 <0.000132>
19795 19:04:30.557440 ioctl(4, _IOC(_IOC_NONE, 0x75, 0x30, 0), 0xffffffffe538) = 0 <0.000196>
19795 19:04:30.557912 ioctl(4, _IOC(_IOC_NONE, 0x75, 0x30, 0), 0xffffffffe568) = 0 <0.000117>
19795 19:04:30.558111 ioctl(4, _IOC(_IOC_NONE, 0x75, 0x30, 0), 0xffffffffe538) = 0 <0.000158>
19795 19:04:30.558441 ioctl(4, _IOC(_IOC_NONE, 0x75, 0x30, 0), 0xffffffffe568) = 0 <0.000239>
19795 19:04:30.558781 ioctl(4, _IOC(_IOC_NONE, 0x75, 0x30, 0), 0xffffffffe538) = 0 <0.000098>
19795 19:04:30.559117 ioctl(4, _IOC(_IOC_NONE, 0x75, 0x30, 0), 0xffffffffe568) = 0 <0.000110>
19795 19:04:30.559363 ioctl(4, _IOC(_IOC_NONE, 0x75, 0x30, 0), 0xffffffffe538) = 0 <0.000103>
19795 19:04:30.559631 ioctl(4, _IOC(_IOC_NONE, 0x75, 0x30, 0), 0xffffffffe568) = 0 <0.000192>
19795 19:04:30.559907 ioctl(4, _IOC(_IOC_NONE, 0x75, 0x30, 0), 0xffffffffe538) = 0 <0.000148>
19795 19:04:30.560227 ioctl(4, _IOC(_IOC_NONE, 0x75, 0x30, 0), 0xffffffffe568) = 0 <0.000222>
19795 19:04:30.560537 ioctl(4, _IOC(_IOC_NONE, 0x75, 0x30, 0), 0xffffffffe538) = 0 <0.000093>
19795 19:04:30.560855 ioctl(4, _IOC(_IOC_NONE, 0x75, 0x30, 0), 0xffffffffe568) = 0 <0.000121>
19795 19:04:30.561062 ioctl(4, _IOC(_IOC_NONE, 0x75, 0x30, 0), 0xffffffffe538) = 0 <0.000171>
19795 19:04:30.561459 ioctl(4, _IOC(_IOC_NONE, 0x75, 0x30, 0), 0xffffffffe568) = 0 <0.000165>
19795 19:04:30.561742 ioctl(4, _IOC(_IOC_NONE, 0x75, 0x30, 0), 0xffffffffe538) = 0 <0.000221>
19795 19:04:30.562138 ioctl(4, _IOC(_IOC_NONE, 0x75, 0x30, 0), 0xffffffffe568) = 0 <0.000178>
19795 19:04:30.562398 ioctl(4, _IOC(_IOC_NONE, 0x75, 0x30, 0), 0xffffffffe538) = 0 <0.000110>
19795 19:04:30.562675 ioctl(4, _IOC(_IOC_NONE, 0x75, 0x30, 0), 0xffffffffe568) = 0 <0.000198>
19795 19:04:30.562969 ioctl(4, _IOC(_IOC_NONE, 0x75, 0x30, 0), 0xffffffffe538) = 0 <0.000097>
19795 19:04:30.563287 ioctl(4, _IOC(_IOC_NONE, 0x75, 0x30, 0), 0xffffffffe568) = 0 <0.000174>
19795 19:04:30.563586 ioctl(4, _IOC(_IOC_NONE, 0x75, 0x30, 0), 0xffffffffe538) = 0 <0.000093>
19795 19:04:30.563939 ioctl(4, _IOC(_IOC_NONE, 0x75, 0x30, 0), 0xffffffffe568) = 0 <0.000112>
19795 19:04:30.564188 ioctl(4, _IOC(_IOC_NONE, 0x75, 0x30, 0), 0xffffffffe538) = 0 <0.000105>
19795 19:04:30.564452 ioctl(4, _IOC(_IOC_NONE, 0x75, 0x30, 0), 0xffffffffe568) = 0 <0.000191>
19795 19:04:30.564728 ioctl(4, _IOC(_IOC_NONE, 0x75, 0x30, 0), 0xffffffffe538) = 0 <0.000101>
19795 19:04:30.564992 ioctl(4, _IOC(_IOC_NONE, 0x75, 0x30, 0), 0xffffffffe568) = 0 <0.000185>
19795 19:04:30.565256 ioctl(4, _IOC(_IOC_NONE, 0x75, 0x30, 0), 0xffffffffe538) = 0 <0.000197>
19795 19:04:30.565932 ioctl(4, _IOC(_IOC_NONE, 0x75, 0x30, 0), 0xffffffffe558) = 0 <0.000136>
19795 19:04:30.566187 ioctl(4, _IOC(_IOC_NONE, 0x75, 0x30, 0), 0xffffffffe528) = 0 <0.000090>
19795 19:04:30.566523 ioctl(4, _IOC(_IOC_NONE, 0x75, 0x30, 0), 0xffffffffe558) = 0 <0.000166>
19795 19:04:30.566775 ioctl(4, _IOC(_IOC_NONE, 0x75, 0x30, 0), 0xffffffffe528) = 0 <0.000097>
19795 19:04:30.567143 ioctl(4, _IOC(_IOC_NONE, 0x75, 0x30, 0), 0xffffffffe558) = 0 <0.000127>
19795 19:04:30.567358 ioctl(4, _IOC(_IOC_NONE, 0x75, 0x30, 0), 0xffffffffe528) = 0 <0.000095>
19795 19:04:30.567679 ioctl(4, _IOC(_IOC_NONE, 0x75, 0x30, 0), 0xffffffffe558) = 0 <0.000166>
19795 19:04:30.567926 ioctl(4, _IOC(_IOC_NONE, 0x75, 0x30, 0), 0xffffffffe528) = 0 <0.000103>
19795 19:04:30.568242 ioctl(4, _IOC(_IOC_NONE, 0x75, 0x30, 0), 0xffffffffe558) = 0 <0.000126>
19795 19:04:30.568459 ioctl(4, _IOC(_IOC_NONE, 0x75, 0x30, 0), 0xffffffffe528) = 0 <0.000162>
19795 19:04:30.568865 ioctl(4, _IOC(_IOC_NONE, 0x75, 0x30, 0), 0xffffffffe558) = 0 <0.000122>
19795 19:04:30.569070 ioctl(4, _IOC(_IOC_NONE, 0x75, 0x30, 0), 0xffffffffe528) = 0 <0.000089>
19795 19:04:30.569382 ioctl(4, _IOC(_IOC_NONE, 0x75, 0x30, 0), 0xffffffffe558) = 0 <0.000235>
19795 19:04:30.569725 ioctl(4, _IOC(_IOC_NONE, 0x75, 0x30, 0), 0xffffffffe528) = 0 <0.000110>
19795 19:04:30.570002 ioctl(4, _IOC(_IOC_NONE, 0x75, 0x30, 0), 0xffffffffe558) = 0 <0.000192>
19795 19:04:30.570283 ioctl(4, _IOC(_IOC_NONE, 0x75, 0x30, 0), 0xffffffffe528) = 0 <0.000200>
19795 19:04:30.570654 ioctl(4, _IOC(_IOC_NONE, 0x75, 0x30, 0), 0xffffffffe558) = 0 <0.000190>
19795 19:04:30.570931 ioctl(4, _IOC(_IOC_NONE, 0x75, 0x30, 0), 0xffffffffe528) = 0 <0.000158>
19795 19:04:30.571263 ioctl(4, _IOC(_IOC_NONE, 0x75, 0x30, 0), 0xffffffffe558) = 0 <0.000130>
19795 19:04:30.571553 ioctl(4, _IOC(_IOC_NONE, 0x75, 0x30, 0), 0xffffffffe528) = 0 <0.000100>
19795 19:04:30.571888 ioctl(4, _IOC(_IOC_NONE, 0x75, 0x30, 0), 0xffffffffe558) = 0 <0.000119>
19795 19:04:30.572094 ioctl(4, _IOC(_IOC_NONE, 0x75, 0x30, 0), 0xffffffffe528) = 0 <0.000208>
19795 19:04:30.572471 ioctl(4, _IOC(_IOC_NONE, 0x75, 0x30, 0), 0xffffffffe558) = 0 <0.000121>
19795 19:04:30.572672 ioctl(4, _IOC(_IOC_NONE, 0x75, 0x30, 0), 0xffffffffe528) = 0 <0.000163>
19795 19:04:30.573029 ioctl(4, _IOC(_IOC_NONE, 0x75, 0x30, 0), 0xffffffffe558) = 0 <0.000144>
19795 19:04:30.573245 ioctl(4, _IOC(_IOC_NONE, 0x75, 0x30, 0), 0xffffffffe528) = 0 <0.000169>
19795 19:04:30.573550 ioctl(4, _IOC(_IOC_NONE, 0x75, 0x30, 0), 0xffffffffe558) = 0 <0.000187>
19795 19:04:30.573893 ioctl(4, _IOC(_IOC_NONE, 0x75, 0x30, 0), 0xffffffffe528) = 0 <0.000152>
19795 19:04:30.574450 ioctl(4, _IOC(_IOC_NONE, 0x75, 0x30, 0), 0xffffffffe568) = 0 <0.000156>
19795 19:04:30.574684 ioctl(4, _IOC(_IOC_NONE, 0x75, 0x30, 0), 0xffffffffe538) = 0 <0.000138>
19795 19:04:30.575014 ioctl(4, _IOC(_IOC_NONE, 0x75, 0x30, 0), 0xffffffffe568) = 0 <0.000154>
19795 19:04:30.575244 ioctl(4, _IOC(_IOC_NONE, 0x75, 0x30, 0), 0xffffffffe538) = 0 <0.000156>
19795 19:04:30.575589 ioctl(4, _IOC(_IOC_NONE, 0x75, 0x30, 0), 0xffffffffe568) = 0 <0.000144>
19795 19:04:30.575818 ioctl(4, _IOC(_IOC_NONE, 0x75, 0x30, 0), 0xffffffffe538) = 0 <0.000094>
19795 19:04:30.576047 ioctl(4, _IOC(_IOC_NONE, 0x75, 0x30, 0), 0xffffffffe568) = 0 <0.000119>
19795 19:04:30.576234 ioctl(4, _IOC(_IOC_NONE, 0x75, 0x30, 0), 0xffffffffe538) = 0 <0.000086>
19795 19:04:30.576436 ioctl(4, _IOC(_IOC_NONE, 0x75, 0x30, 0), 0xffffffffe568) = 0 <0.000103>
19795 19:04:30.576642 ioctl(4, _IOC(_IOC_NONE, 0x75, 0x30, 0), 0xffffffffe538) = 0 <0.000088>
19795 19:04:30.576847 ioctl(4, _IOC(_IOC_NONE, 0x75, 0x30, 0), 0xffffffffe568) = 0 <0.000105>
19795 19:04:30.577020 ioctl(4, _IOC(_IOC_NONE, 0x75, 0x30, 0), 0xffffffffe538) = 0 <0.000088>
19795 19:04:30.577227 ioctl(4, _IOC(_IOC_NONE, 0x75, 0x30, 0), 0xffffffffe568) = 0 <0.000103>
19795 19:04:30.577395 ioctl(4, _IOC(_IOC_NONE, 0x75, 0x30, 0), 0xffffffffe538) = 0 <0.000086>
19795 19:04:30.577630 ioctl(4, _IOC(_IOC_NONE, 0x75, 0x30, 0), 0xffffffffe568) = 0 <0.000115>
19795 19:04:30.577841 ioctl(4, _IOC(_IOC_NONE, 0x75, 0x30, 0), 0xffffffffe538) = 0 <0.000089>
19795 19:04:30.578057 ioctl(4, _IOC(_IOC_NONE, 0x75, 0x30, 0), 0xffffffffe568) = 0 <0.000107>
19795 19:04:30.578231 ioctl(4, _IOC(_IOC_NONE, 0x75, 0x30, 0), 0xffffffffe538) = 0 <0.000088>
19795 19:04:30.578438 ioctl(4, _IOC(_IOC_NONE, 0x75, 0x30, 0), 0xffffffffe568) = 0 <0.000099>
19795 19:04:30.578602 ioctl(4, _IOC(_IOC_NONE, 0x75, 0x30, 0), 0xffffffffe538) = 0 <0.000089>
19795 19:04:30.578814 ioctl(4, _IOC(_IOC_NONE, 0x75, 0x30, 0), 0xffffffffe568) = 0 <0.000101>
19795 19:04:30.578980 ioctl(4, _IOC(_IOC_NONE, 0x75, 0x30, 0), 0xffffffffe538) = 0 <0.000087>
19795 19:04:30.579185 ioctl(4, _IOC(_IOC_NONE, 0x75, 0x30, 0), 0xffffffffe568) = 0 <0.000111>
19795 19:04:30.579362 ioctl(4, _IOC(_IOC_NONE, 0x75, 0x30, 0), 0xffffffffe538) = 0 <0.000087>
19795 19:04:30.579563 ioctl(4, _IOC(_IOC_NONE, 0x75, 0x30, 0), 0xffffffffe568) = 0 <0.000101>
19795 19:04:30.579728 ioctl(4, _IOC(_IOC_NONE, 0x75, 0x30, 0), 0xffffffffe538) = 0 <0.000098>
19795 19:04:30.579943 ioctl(4, _IOC(_IOC_NONE, 0x75, 0x30, 0), 0xffffffffe568) = 0 <0.000105>
19795 19:04:30.580113 ioctl(4, _IOC(_IOC_NONE, 0x75, 0x30, 0), 0xffffffffe538) = 0 <0.000090>
19795 19:04:30.580485 ioctl(4, _IOC(_IOC_NONE, 0x75, 0x30, 0), 0xffffffffe558) = 0 <0.000111>
19795 19:04:30.580670 ioctl(4, _IOC(_IOC_NONE, 0x75, 0x30, 0), 0xffffffffe528) = 0 <0.000086>
19795 19:04:30.580876 ioctl(4, _IOC(_IOC_NONE, 0x75, 0x30, 0), 0xffffffffe558) = 0 <0.000105>
19795 19:04:30.581048 ioctl(4, _IOC(_IOC_NONE, 0x75, 0x30, 0), 0xffffffffe528) = 0 <0.000088>
19795 19:04:30.581290 ioctl(4, _IOC(_IOC_NONE, 0x75, 0x30, 0), 0xffffffffe558) = 0 <0.000110>
19795 19:04:30.581470 ioctl(4, _IOC(_IOC_NONE, 0x75, 0x30, 0), 0xffffffffe528) = 0 <0.000126>
19795 19:04:30.582269 ioctl(4, _IOC(_IOC_NONE, 0x75, 0x30, 0), 0xffffffffe558) = 0 <0.000138>
19795 19:04:30.582512 ioctl(4, _IOC(_IOC_NONE, 0x75, 0x30, 0), 0xffffffffe528) = 0 <0.000096>
19795 19:04:30.582781 ioctl(4, _IOC(_IOC_NONE, 0x75, 0x30, 0), 0xffffffffe558) = 0 <0.000118>
19795 19:04:30.582977 ioctl(4, _IOC(_IOC_NONE, 0x75, 0x30, 0), 0xffffffffe528) = 0 <0.000087>
19795 19:04:30.583207 ioctl(4, _IOC(_IOC_NONE, 0x75, 0x30, 0), 0xffffffffe558) = 0 <0.000123>
19795 19:04:30.584051 ioctl(4, _IOC(_IOC_NONE, 0x75, 0x30, 0), 0xffffffffe528) = 0 <0.000111>
19795 19:04:30.584341 ioctl(4, _IOC(_IOC_NONE, 0x75, 0x30, 0), 0xffffffffe558) = 0 <0.000113>
19795 19:04:30.584529 ioctl(4, _IOC(_IOC_NONE, 0x75, 0x30, 0), 0xffffffffe528) = 0 <0.000090>
19795 19:04:30.584738 ioctl(4, _IOC(_IOC_NONE, 0x75, 0x30, 0), 0xffffffffe558) = 0 <0.000100>
19795 19:04:30.584900 ioctl(4, _IOC(_IOC_NONE, 0x75, 0x30, 0), 0xffffffffe528) = 0 <0.000088>
19795 19:04:30.585100 ioctl(4, _IOC(_IOC_NONE, 0x75, 0x30, 0), 0xffffffffe558) = 0 <0.000099>
19795 19:04:30.585258 ioctl(4, _IOC(_IOC_NONE, 0x75, 0x30, 0), 0xffffffffe528) = 0 <0.000088>
19795 19:04:30.585468 ioctl(4, _IOC(_IOC_NONE, 0x75, 0x30, 0), 0xffffffffe558) = 0 <0.000472>
19795 19:04:30.586046 ioctl(4, _IOC(_IOC_NONE, 0x75, 0x30, 0), 0xffffffffe528) = 0 <0.000103>
19795 19:04:30.586312 ioctl(4, _IOC(_IOC_NONE, 0x75, 0x30, 0), 0xffffffffe558) = 0 <0.000108>
19795 19:04:30.586489 ioctl(4, _IOC(_IOC_NONE, 0x75, 0x30, 0), 0xffffffffe528) = 0 <0.000095>
19795 19:04:30.586891 ioctl(4, _IOC(_IOC_NONE, 0x75, 0x30, 0), 0xffffffffe558) = 0 <0.000113>
19795 19:04:30.587078 ioctl(4, _IOC(_IOC_NONE, 0x75, 0x30, 0), 0xffffffffe528) = 0 <0.000093>
19795 19:04:30.587355 ioctl(4, _IOC(_IOC_NONE, 0x75, 0x30, 0), 0xffffffffe558) = 0 <0.000290>
19795 19:04:30.587725 ioctl(4, _IOC(_IOC_NONE, 0x75, 0x30, 0), 0xffffffffe528) = 0 <0.000093>
19795 19:04:30.588059 ioctl(4, _IOC(_IOC_NONE, 0x75, 0x30, 0), 0xffffffffe558) = 0 <0.000116>
19795 19:04:30.588247 ioctl(4, _IOC(_IOC_NONE, 0x75, 0x30, 0), 0xffffffffe528) = 0 <0.000203>
19795 19:04:30.588850 ioctl(4, _IOC(_IOC_NONE, 0x75, 0x30, 0), 0xffffffffe568) = 0 <0.000118>
19795 19:04:30.589048 ioctl(4, _IOC(_IOC_NONE, 0x75, 0x30, 0), 0xffffffffe538) = 0 <0.000171>
19795 19:04:30.589458 ioctl(4, _IOC(_IOC_NONE, 0x75, 0x30, 0), 0xffffffffe568) = 0 <0.000162>
19795 19:04:30.589723 ioctl(4, _IOC(_IOC_NONE, 0x75, 0x30, 0), 0xffffffffe538) = 0 <0.000171>
19795 19:04:30.590141 ioctl(4, _IOC(_IOC_NONE, 0x75, 0x30, 0), 0xffffffffe568) = 0 <0.000162>
19795 19:04:30.590394 ioctl(4, _IOC(_IOC_NONE, 0x75, 0x30, 0), 0xffffffffe538) = 0 <0.000209>
19795 19:04:30.590772 ioctl(4, _IOC(_IOC_NONE, 0x75, 0x30, 0), 0xffffffffe568) = 0 <0.000187>
19795 19:04:30.591044 ioctl(4, _IOC(_IOC_NONE, 0x75, 0x30, 0), 0xffffffffe538) = 0 <0.000163>
19795 19:04:30.591362 ioctl(4, _IOC(_IOC_NONE, 0x75, 0x30, 0), 0xffffffffe568) = 0 <0.000205>
19795 19:04:30.591651 ioctl(4, _IOC(_IOC_NONE, 0x75, 0x30, 0), 0xffffffffe538) = 0 <0.000180>
19795 19:04:30.592055 ioctl(4, _IOC(_IOC_NONE, 0x75, 0x30, 0), 0xffffffffe568) = 0 <0.000115>
19795 19:04:30.592299 ioctl(4, _IOC(_IOC_NONE, 0x75, 0x30, 0), 0xffffffffe538) = 0 <0.000148>
19795 19:04:30.592595 ioctl(4, _IOC(_IOC_NONE, 0x75, 0x30, 0), 0xffffffffe568) = 0 <0.000186>
19795 19:04:30.592858 ioctl(4, _IOC(_IOC_NONE, 0x75, 0x30, 0), 0xffffffffe538) = 0 <0.000171>
19795 19:04:30.593240 ioctl(4, _IOC(_IOC_NONE, 0x75, 0x30, 0), 0xffffffffe568) = 0 <0.000122>
19795 19:04:30.593489 ioctl(4, _IOC(_IOC_NONE, 0x75, 0x30, 0), 0xffffffffe538) = 0 <0.000206>
19795 19:04:30.593868 ioctl(4, _IOC(_IOC_NONE, 0x75, 0x30, 0), 0xffffffffe568) = 0 <0.000186>
19795 19:04:30.594144 ioctl(4, _IOC(_IOC_NONE, 0x75, 0x30, 0), 0xffffffffe538) = 0 <0.000199>
19795 19:04:30.594580 ioctl(4, _IOC(_IOC_NONE, 0x75, 0x30, 0), 0xffffffffe568) = 0 <0.000116>
19795 19:04:30.594832 ioctl(4, _IOC(_IOC_NONE, 0x75, 0x30, 0), 0xffffffffe538) = 0 <0.000162>
19795 19:04:30.595151 ioctl(4, _IOC(_IOC_NONE, 0x75, 0x30, 0), 0xffffffffe568) = 0 <0.000224>
19795 19:04:30.595461 ioctl(4, _IOC(_IOC_NONE, 0x75, 0x30, 0), 0xffffffffe538) = 0 <0.000163>
19795 19:04:30.595781 ioctl(4, _IOC(_IOC_NONE, 0x75, 0x30, 0), 0xffffffffe568) = 0 <0.000174>
19795 19:04:30.596076 ioctl(4, _IOC(_IOC_NONE, 0x75, 0x30, 0), 0xffffffffe538) = 0 <0.000152>
19795 19:04:30.596378 ioctl(4, _IOC(_IOC_NONE, 0x75, 0x30, 0), 0xffffffffe568) = 0 <0.000209>
19795 19:04:30.596665 ioctl(4, _IOC(_IOC_NONE, 0x75, 0x30, 0), 0xffffffffe538) = 0 <0.000154>
19795 19:04:30.596962 ioctl(4, _IOC(_IOC_NONE, 0x75, 0x30, 0), 0xffffffffe568) = 0 <0.000169>
19795 19:04:30.597243 ioctl(4, _IOC(_IOC_NONE, 0x75, 0x30, 0), 0xffffffffe538) = 0 <0.000199>
19795 19:04:30.597919 ioctl(4, _IOC(_IOC_NONE, 0x75, 0x30, 0), 0xffffffffe558) = 0 <0.000128>
19795 19:04:30.598230 ioctl(4, _IOC(_IOC_NONE, 0x75, 0x30, 0), 0xffffffffe528) = 0 <0.000097>
19795 19:04:30.598602 ioctl(4, _IOC(_IOC_NONE, 0x75, 0x30, 0), 0xffffffffe558) = 0 <0.000123>
19795 19:04:30.598806 ioctl(4, _IOC(_IOC_NONE, 0x75, 0x30, 0), 0xffffffffe528) = 0 <0.000171>
19795 19:04:30.599205 ioctl(4, _IOC(_IOC_NONE, 0x75, 0x30, 0), 0xffffffffe558) = 0 <0.000166>
19795 19:04:30.599454 ioctl(4, _IOC(_IOC_NONE, 0x75, 0x30, 0), 0xffffffffe528) = 0 <0.000167>
19795 19:04:30.599854 ioctl(4, _IOC(_IOC_NONE, 0x75, 0x30, 0), 0xffffffffe558) = 0 <0.000117>
19795 19:04:30.600115 ioctl(4, _IOC(_IOC_NONE, 0x75, 0x30, 0), 0xffffffffe528) = 0 <0.000099>
19795 19:04:30.600407 ioctl(4, _IOC(_IOC_NONE, 0x75, 0x30, 0), 0xffffffffe558) = 0 <0.000199>
19795 19:04:30.600684 ioctl(4, _IOC(_IOC_NONE, 0x75, 0x30, 0), 0xffffffffe528) = 0 <0.000183>
19795 19:04:30.601015 ioctl(4, _IOC(_IOC_NONE, 0x75, 0x30, 0), 0xffffffffe558) = 0 <0.000194>
19795 19:04:30.601291 ioctl(4, _IOC(_IOC_NONE, 0x75, 0x30, 0), 0xffffffffe528) = 0 <0.000166>
19795 19:04:30.601687 ioctl(4, _IOC(_IOC_NONE, 0x75, 0x30, 0), 0xffffffffe558) = 0 <0.000220>
19795 19:04:30.602145 ioctl(4, _IOC(_IOC_NONE, 0x75, 0x30, 0), 0xffffffffe528) = 0 <0.000104>
19795 19:04:30.602511 ioctl(4, _IOC(_IOC_NONE, 0x75, 0x30, 0), 0xffffffffe558) = 0 <0.000120>
19795 19:04:30.602776 ioctl(4, _IOC(_IOC_NONE, 0x75, 0x30, 0), 0xffffffffe528) = 0 <0.000149>
19795 19:04:30.603125 ioctl(4, _IOC(_IOC_NONE, 0x75, 0x30, 0), 0xffffffffe558) = 0 <0.000225>
19795 19:04:30.603446 ioctl(4, _IOC(_IOC_NONE, 0x75, 0x30, 0), 0xffffffffe528) = 0 <0.000161>
19795 19:04:30.603763 ioctl(4, _IOC(_IOC_NONE, 0x75, 0x30, 0), 0xffffffffe558) = 0 <0.000182>
19795 19:04:30.604077 ioctl(4, _IOC(_IOC_NONE, 0x75, 0x30, 0), 0xffffffffe528) = 0 <0.000100>
19795 19:04:30.604426 ioctl(4, _IOC(_IOC_NONE, 0x75, 0x30, 0), 0xffffffffe558) = 0 <0.000182>
19795 19:04:30.604690 ioctl(4, _IOC(_IOC_NONE, 0x75, 0x30, 0), 0xffffffffe528) = 0 <0.000154>
19795 19:04:30.604986 ioctl(4, _IOC(_IOC_NONE, 0x75, 0x30, 0), 0xffffffffe558) = 0 <0.000156>
19795 19:04:30.605260 ioctl(4, _IOC(_IOC_NONE, 0x75, 0x30, 0), 0xffffffffe528) = 0 <0.000184>
19795 19:04:30.605627 ioctl(4, _IOC(_IOC_NONE, 0x75, 0x30, 0), 0xffffffffe558) = 0 <0.000209>
19795 19:04:30.605946 ioctl(4, _IOC(_IOC_NONE, 0x75, 0x30, 0), 0xffffffffe528) = 0 <0.000163>
19795 19:04:30.606322 ioctl(4, _IOC(_IOC_NONE, 0x75, 0x30, 0), 0xffffffffe558) = 0 <0.000185>
19795 19:04:30.606596 ioctl(4, _IOC(_IOC_NONE, 0x75, 0x30, 0), 0xffffffffe528) = 0 <0.000172>
19795 19:04:30.607221 ioctl(4, _IOC(_IOC_NONE, 0x75, 0x30, 0), 0xffffffffe568) = 0 <0.000178>
19795 19:04:30.607489 ioctl(4, _IOC(_IOC_NONE, 0x75, 0x30, 0), 0xffffffffe538) = 0 <0.000138>
19795 19:04:30.607864 ioctl(4, _IOC(_IOC_NONE, 0x75, 0x30, 0), 0xffffffffe568) = 0 <0.000113>
19795 19:04:30.608049 ioctl(4, _IOC(_IOC_NONE, 0x75, 0x30, 0), 0xffffffffe538) = 0 <0.000158>
19795 19:04:30.608423 ioctl(4, _IOC(_IOC_NONE, 0x75, 0x30, 0), 0xffffffffe568) = 0 <0.000159>
19795 19:04:30.608662 ioctl(4, _IOC(_IOC_NONE, 0x75, 0x30, 0), 0xffffffffe538) = 0 <0.000182>
19795 19:04:30.608987 ioctl(4, _IOC(_IOC_NONE, 0x75, 0x30, 0), 0xffffffffe568) = 0 <0.000181>
19795 19:04:30.609281 ioctl(4, _IOC(_IOC_NONE, 0x75, 0x30, 0), 0xffffffffe538) = 0 <0.000128>
19795 19:04:30.609661 ioctl(4, _IOC(_IOC_NONE, 0x75, 0x30, 0), 0xffffffffe568) = 0 <0.000127>
19795 19:04:30.609893 ioctl(4, _IOC(_IOC_NONE, 0x75, 0x30, 0), 0xffffffffe538) = 0 <0.000232>
19795 19:04:30.610300 ioctl(4, _IOC(_IOC_NONE, 0x75, 0x30, 0), 0xffffffffe568) = 0 <0.000197>
19795 19:04:30.610583 ioctl(4, _IOC(_IOC_NONE, 0x75, 0x30, 0), 0xffffffffe538) = 0 <0.000166>
19795 19:04:30.610979 ioctl(4, _IOC(_IOC_NONE, 0x75, 0x30, 0), 0xffffffffe568) = 0 <0.000231>
19795 19:04:30.611306 ioctl(4, _IOC(_IOC_NONE, 0x75, 0x30, 0), 0xffffffffe538) = 0 <0.000095>
19795 19:04:30.611649 ioctl(4, _IOC(_IOC_NONE, 0x75, 0x30, 0), 0xffffffffe568) = 0 <0.000116>
19795 19:04:30.611840 ioctl(4, _IOC(_IOC_NONE, 0x75, 0x30, 0), 0xffffffffe538) = 0 <0.000172>
19795 19:04:30.612286 ioctl(4, _IOC(_IOC_NONE, 0x75, 0x30, 0), 0xffffffffe568) = 0 <0.000115>
19795 19:04:30.612481 ioctl(4, _IOC(_IOC_NONE, 0x75, 0x30, 0), 0xffffffffe538) = 0 <0.000161>
19795 19:04:30.612847 ioctl(4, _IOC(_IOC_NONE, 0x75, 0x30, 0), 0xffffffffe568) = 0 <0.000158>
19795 19:04:30.613080 ioctl(4, _IOC(_IOC_NONE, 0x75, 0x30, 0), 0xffffffffe538) = 0 <0.000151>
19795 19:04:30.613374 ioctl(4, _IOC(_IOC_NONE, 0x75, 0x30, 0), 0xffffffffe568) = 0 <0.000264>
19795 19:04:30.613753 ioctl(4, _IOC(_IOC_NONE, 0x75, 0x30, 0), 0xffffffffe538) = 0 <0.000228>
19795 19:04:30.614155 ioctl(4, _IOC(_IOC_NONE, 0x75, 0x30, 0), 0xffffffffe568) = 0 <0.000196>
19795 19:04:30.614438 ioctl(4, _IOC(_IOC_NONE, 0x75, 0x30, 0), 0xffffffffe538) = 0 <0.000200>
19795 19:04:30.614808 ioctl(4, _IOC(_IOC_NONE, 0x75, 0x30, 0), 0xffffffffe568) = 0 <0.000198>
19795 19:04:30.615094 ioctl(4, _IOC(_IOC_NONE, 0x75, 0x30, 0), 0xffffffffe538) = 0 <0.000167>
19795 19:04:30.615420 ioctl(4, _IOC(_IOC_NONE, 0x75, 0x30, 0), 0xffffffffe568) = 0 <0.000164>
19795 19:04:30.615780 ioctl(4, _IOC(_IOC_NONE, 0x75, 0x30, 0), 0xffffffffe538) = 0 <0.000097>
19795 19:04:30.616347 ioctl(4, _IOC(_IOC_NONE, 0x75, 0x30, 0), 0xffffffffe558) = 0 <0.000170>
19795 19:04:30.616602 ioctl(4, _IOC(_IOC_NONE, 0x75, 0x30, 0), 0xffffffffe528) = 0 <0.000195>
19795 19:04:30.616946 ioctl(4, _IOC(_IOC_NONE, 0x75, 0x30, 0), 0xffffffffe558) = 0 <0.000114>
19795 19:04:30.617218 ioctl(4, _IOC(_IOC_NONE, 0x75, 0x30, 0), 0xffffffffe528) = 0 <0.000099>
19795 19:04:30.617524 ioctl(4, _IOC(_IOC_NONE, 0x75, 0x30, 0), 0xffffffffe558) = 0 <0.000142>
19795 19:04:30.617867 ioctl(4, _IOC(_IOC_NONE, 0x75, 0x30, 0), 0xffffffffe528) = 0 <0.000100>
19795 19:04:30.618275 ioctl(4, _IOC(_IOC_NONE, 0x75, 0x30, 0), 0xffffffffe558) = 0 <0.000121>
19795 19:04:30.618485 ioctl(4, _IOC(_IOC_NONE, 0x75, 0x30, 0), 0xffffffffe528) = 0 <0.000179>
19795 19:04:30.618823 ioctl(4, _IOC(_IOC_NONE, 0x75, 0x30, 0), 0xffffffffe558) = 0 <0.000179>
19795 19:04:30.619085 ioctl(4, _IOC(_IOC_NONE, 0x75, 0x30, 0), 0xffffffffe528) = 0 <0.000186>
19795 19:04:30.619438 ioctl(4, _IOC(_IOC_NONE, 0x75, 0x30, 0), 0xffffffffe558) = 0 <0.000198>
19795 19:04:30.619763 ioctl(4, _IOC(_IOC_NONE, 0x75, 0x30, 0), 0xffffffffe528) = 0 <0.000142>
19795 19:04:30.620103 ioctl(4, _IOC(_IOC_NONE, 0x75, 0x30, 0), 0xffffffffe558) = 0 <0.000215>
19795 19:04:30.620407 ioctl(4, _IOC(_IOC_NONE, 0x75, 0x30, 0), 0xffffffffe528) = 0 <0.000105>
19795 19:04:30.620714 ioctl(4, _IOC(_IOC_NONE, 0x75, 0x30, 0), 0xffffffffe558) = 0 <0.000169>
19795 19:04:30.620960 ioctl(4, _IOC(_IOC_NONE, 0x75, 0x30, 0), 0xffffffffe528) = 0 <0.000155>
19795 19:04:30.621379 ioctl(4, _IOC(_IOC_NONE, 0x75, 0x30, 0), 0xffffffffe558) = 0 <0.000115>
19795 19:04:30.621593 ioctl(4, _IOC(_IOC_NONE, 0x75, 0x30, 0), 0xffffffffe528) = 0 <0.000196>
19795 19:04:30.622058 ioctl(4, _IOC(_IOC_NONE, 0x75, 0x30, 0), 0xffffffffe558) = 0 <0.000125>
19795 19:04:30.622346 ioctl(4, _IOC(_IOC_NONE, 0x75, 0x30, 0), 0xffffffffe528) = 0 <0.000100>
19795 19:04:30.622700 ioctl(4, _IOC(_IOC_NONE, 0x75, 0x30, 0), 0xffffffffe558) = 0 <0.000184>
19795 19:04:30.622974 ioctl(4, _IOC(_IOC_NONE, 0x75, 0x30, 0), 0xffffffffe528) = 0 <0.000168>
19795 19:04:30.623305 ioctl(4, _IOC(_IOC_NONE, 0x75, 0x30, 0), 0xffffffffe558) = 0 <0.000166>
19795 19:04:30.623549 ioctl(4, _IOC(_IOC_NONE, 0x75, 0x30, 0), 0xffffffffe528) = 0 <0.000194>
19795 19:04:30.623960 ioctl(4, _IOC(_IOC_NONE, 0x75, 0x30, 0), 0xffffffffe558) = 0 <0.000114>
19795 19:04:30.624219 ioctl(4, _IOC(_IOC_NONE, 0x75, 0x30, 0), 0xffffffffe528) = 0 <0.000096>
19795 19:04:30.624539 ioctl(4, _IOC(_IOC_NONE, 0x75, 0x30, 0), 0xffffffffe558) = 0 <0.000212>
19795 19:04:30.624829 ioctl(4, _IOC(_IOC_NONE, 0x75, 0x30, 0), 0xffffffffe528) = 0 <0.000096>
19795 19:04:30.625361 ioctl(4, _IOC(_IOC_NONE, 0x75, 0x30, 0), 0xffffffffe568) = 0 <0.000117>
19795 19:04:30.625668 ioctl(4, _IOC(_IOC_NONE, 0x75, 0x30, 0), 0xffffffffe538) = 0 <0.000104>
19795 19:04:30.626078 ioctl(4, _IOC(_IOC_NONE, 0x75, 0x30, 0), 0xffffffffe568) = 0 <0.000122>
19795 19:04:30.626291 ioctl(4, _IOC(_IOC_NONE, 0x75, 0x30, 0), 0xffffffffe538) = 0 <0.000179>
19795 19:04:30.626630 ioctl(4, _IOC(_IOC_NONE, 0x75, 0x30, 0), 0xffffffffe568) = 0 <0.000184>
19795 19:04:30.626937 ioctl(4, _IOC(_IOC_NONE, 0x75, 0x30, 0), 0xffffffffe538) = 0 <0.000192>
19795 19:04:30.627300 ioctl(4, _IOC(_IOC_NONE, 0x75, 0x30, 0), 0xffffffffe568) = 0 <0.000201>
19795 19:04:30.627583 ioctl(4, _IOC(_IOC_NONE, 0x75, 0x30, 0), 0xffffffffe538) = 0 <0.000160>
19795 19:04:30.627895 ioctl(4, _IOC(_IOC_NONE, 0x75, 0x30, 0), 0xffffffffe568) = 0 <0.000252>
19795 19:04:30.628232 ioctl(4, _IOC(_IOC_NONE, 0x75, 0x30, 0), 0xffffffffe538) = 0 <0.000096>
19795 19:04:30.628560 ioctl(4, _IOC(_IOC_NONE, 0x75, 0x30, 0), 0xffffffffe568) = 0 <0.000116>
19795 19:04:30.628748 ioctl(4, _IOC(_IOC_NONE, 0x75, 0x30, 0), 0xffffffffe538) = 0 <0.000162>
19795 19:04:30.629061 ioctl(4, _IOC(_IOC_NONE, 0x75, 0x30, 0), 0xffffffffe568) = 0 <0.000225>
19795 19:04:30.629365 ioctl(4, _IOC(_IOC_NONE, 0x75, 0x30, 0), 0xffffffffe538) = 0 <0.000087>
19795 19:04:30.629713 ioctl(4, _IOC(_IOC_NONE, 0x75, 0x30, 0), 0xffffffffe568) = 0 <0.000230>
19795 19:04:30.630098 ioctl(4, _IOC(_IOC_NONE, 0x75, 0x30, 0), 0xffffffffe538) = 0 <0.000148>
19795 19:04:30.630471 ioctl(4, _IOC(_IOC_NONE, 0x75, 0x30, 0), 0xffffffffe568) = 0 <0.000223>
19795 19:04:30.630792 ioctl(4, _IOC(_IOC_NONE, 0x75, 0x30, 0), 0xffffffffe538) = 0 <0.000180>
19795 19:04:30.631198 ioctl(4, _IOC(_IOC_NONE, 0x75, 0x30, 0), 0xffffffffe568) = 0 <0.000165>
19795 19:04:30.631447 ioctl(4, _IOC(_IOC_NONE, 0x75, 0x30, 0), 0xffffffffe538) = 0 <0.000202>
19795 19:04:30.631800 ioctl(4, _IOC(_IOC_NONE, 0x75, 0x30, 0), 0xffffffffe568) = 0 <0.000231>
19795 19:04:30.632116 ioctl(4, _IOC(_IOC_NONE, 0x75, 0x30, 0), 0xffffffffe538) = 0 <0.000099>
19795 19:04:30.632438 ioctl(4, _IOC(_IOC_NONE, 0x75, 0x30, 0), 0xffffffffe568) = 0 <0.000227>
19795 19:04:30.632746 ioctl(4, _IOC(_IOC_NONE, 0x75, 0x30, 0), 0xffffffffe538) = 0 <0.000096>
19795 19:04:30.633067 ioctl(4, _IOC(_IOC_NONE, 0x75, 0x30, 0), 0xffffffffe568) = 0 <0.000114>
19795 19:04:30.633252 ioctl(4, _IOC(_IOC_NONE, 0x75, 0x30, 0), 0xffffffffe538) = 0 <0.000160>
19795 19:04:30.633682 ioctl(4, _IOC(_IOC_NONE, 0x75, 0x30, 0), 0xffffffffe568) = 0 <0.000124>
19795 19:04:30.634017 ioctl(4, _IOC(_IOC_NONE, 0x75, 0x30, 0), 0xffffffffe538) = 0 <0.000101>
19795 19:04:30.634573 ioctl(4, _IOC(_IOC_NONE, 0x75, 0x30, 0), 0xffffffffe558) = 0 <0.000126>
19795 19:04:30.634861 ioctl(4, _IOC(_IOC_NONE, 0x75, 0x30, 0), 0xffffffffe528) = 0 <0.000096>
19795 19:04:30.635243 ioctl(4, _IOC(_IOC_NONE, 0x75, 0x30, 0), 0xffffffffe558) = 0 <0.000130>
19795 19:04:30.635457 ioctl(4, _IOC(_IOC_NONE, 0x75, 0x30, 0), 0xffffffffe528) = 0 <0.000186>
19795 19:04:30.635794 ioctl(4, _IOC(_IOC_NONE, 0x75, 0x30, 0), 0xffffffffe558) = 0 <0.000182>
19795 19:04:30.636051 ioctl(4, _IOC(_IOC_NONE, 0x75, 0x30, 0), 0xffffffffe528) = 0 <0.000212>
19795 19:04:30.636420 ioctl(4, _IOC(_IOC_NONE, 0x75, 0x30, 0), 0xffffffffe558) = 0 <0.000194>
19795 19:04:30.636692 ioctl(4, _IOC(_IOC_NONE, 0x75, 0x30, 0), 0xffffffffe528) = 0 <0.000158>
19795 19:04:30.636989 ioctl(4, _IOC(_IOC_NONE, 0x75, 0x30, 0), 0xffffffffe558) = 0 <0.000156>
19795 19:04:30.637316 ioctl(4, _IOC(_IOC_NONE, 0x75, 0x30, 0), 0xffffffffe528) = 0 <0.000097>
19795 19:04:30.637553 ioctl(4, _IOC(_IOC_NONE, 0x75, 0x30, 0), 0xffffffffe558) = 0 <0.000238>
19795 19:04:30.637920 ioctl(4, _IOC(_IOC_NONE, 0x75, 0x30, 0), 0xffffffffe528) = 0 <0.000169>
19795 19:04:30.638260 ioctl(4, _IOC(_IOC_NONE, 0x75, 0x30, 0), 0xffffffffe558) = 0 <0.000213>
19795 19:04:30.638565 ioctl(4, _IOC(_IOC_NONE, 0x75, 0x30, 0), 0xffffffffe528) = 0 <0.000151>
19795 19:04:30.638933 ioctl(4, _IOC(_IOC_NONE, 0x75, 0x30, 0), 0xffffffffe558) = 0 <0.000116>
19795 19:04:30.639186 ioctl(4, _IOC(_IOC_NONE, 0x75, 0x30, 0), 0xffffffffe528) = 0 <0.000148>
19795 19:04:30.639571 ioctl(4, _IOC(_IOC_NONE, 0x75, 0x30, 0), 0xffffffffe558) = 0 <0.000113>
19795 19:04:30.639757 ioctl(4, _IOC(_IOC_NONE, 0x75, 0x30, 0), 0xffffffffe528) = 0 <0.000159>
19795 19:04:30.640130 ioctl(4, _IOC(_IOC_NONE, 0x75, 0x30, 0), 0xffffffffe558) = 0 <0.000189>
19795 19:04:30.640405 ioctl(4, _IOC(_IOC_NONE, 0x75, 0x30, 0), 0xffffffffe528) = 0 <0.000094>
19795 19:04:30.640740 ioctl(4, _IOC(_IOC_NONE, 0x75, 0x30, 0), 0xffffffffe558) = 0 <0.000176>
19795 19:04:30.640994 ioctl(4, _IOC(_IOC_NONE, 0x75, 0x30, 0), 0xffffffffe528) = 0 <0.000159>
19795 19:04:30.641294 ioctl(4, _IOC(_IOC_NONE, 0x75, 0x30, 0), 0xffffffffe558) = 0 <0.000170>
19795 19:04:30.641535 ioctl(4, _IOC(_IOC_NONE, 0x75, 0x30, 0), 0xffffffffe528) = 0 <0.000267>
19795 19:04:30.641989 ioctl(4, _IOC(_IOC_NONE, 0x75, 0x30, 0), 0xffffffffe558) = 0 <0.000223>
19795 19:04:30.642314 ioctl(4, _IOC(_IOC_NONE, 0x75, 0x30, 0), 0xffffffffe528) = 0 <0.000105>
19795 19:04:30.642656 ioctl(4, _IOC(_IOC_NONE, 0x75, 0x30, 0), 0xffffffffe558) = 0 <0.000229>
19795 19:04:30.642981 ioctl(4, _IOC(_IOC_NONE, 0x75, 0x30, 0), 0xffffffffe528) = 0 <0.000101>
19795 19:04:30.643547 ioctl(4, _IOC(_IOC_NONE, 0x75, 0x30, 0), 0xffffffffe568) = 0 <0.000178>
19795 19:04:30.643813 ioctl(4, _IOC(_IOC_NONE, 0x75, 0x30, 0), 0xffffffffe538) = 0 <0.000188>
19795 19:04:30.644187 ioctl(4, _IOC(_IOC_NONE, 0x75, 0x30, 0), 0xffffffffe568) = 0 <0.000188>
19795 19:04:30.644454 ioctl(4, _IOC(_IOC_NONE, 0x75, 0x30, 0), 0xffffffffe538) = 0 <0.000147>
19795 19:04:30.644814 ioctl(4, _IOC(_IOC_NONE, 0x75, 0x30, 0), 0xffffffffe568) = 0 <0.000152>
19795 19:04:30.645041 ioctl(4, _IOC(_IOC_NONE, 0x75, 0x30, 0), 0xffffffffe538) = 0 <0.000201>
19795 19:04:30.645391 ioctl(4, _IOC(_IOC_NONE, 0x75, 0x30, 0), 0xffffffffe568) = 0 <0.000251>
19795 19:04:30.645735 ioctl(4, _IOC(_IOC_NONE, 0x75, 0x30, 0), 0xffffffffe538) = 0 <0.000101>
19795 19:04:30.646095 ioctl(4, _IOC(_IOC_NONE, 0x75, 0x30, 0), 0xffffffffe568) = 0 <0.000118>
19795 19:04:30.646400 ioctl(4, _IOC(_IOC_NONE, 0x75, 0x30, 0), 0xffffffffe538) = 0 <0.000104>
19795 19:04:30.646742 ioctl(4, _IOC(_IOC_NONE, 0x75, 0x30, 0), 0xffffffffe568) = 0 <0.000119>
19795 19:04:30.646999 ioctl(4, _IOC(_IOC_NONE, 0x75, 0x30, 0), 0xffffffffe538) = 0 <0.000150>
19795 19:04:30.647313 ioctl(4, _IOC(_IOC_NONE, 0x75, 0x30, 0), 0xffffffffe568) = 0 <0.000217>
19795 19:04:30.647619 ioctl(4, _IOC(_IOC_NONE, 0x75, 0x30, 0), 0xffffffffe538) = 0 <0.000181>
19795 19:04:30.647950 ioctl(4, _IOC(_IOC_NONE, 0x75, 0x30, 0), 0xffffffffe568) = 0 <0.000189>
19795 19:04:30.648217 ioctl(4, _IOC(_IOC_NONE, 0x75, 0x30, 0), 0xffffffffe538) = 0 <0.000163>
19795 19:04:30.648532 ioctl(4, _IOC(_IOC_NONE, 0x75, 0x30, 0), 0xffffffffe568) = 0 <0.000207>
19795 19:04:30.648817 ioctl(4, _IOC(_IOC_NONE, 0x75, 0x30, 0), 0xffffffffe538) = 0 <0.000156>
19795 19:04:30.649113 ioctl(4, _IOC(_IOC_NONE, 0x75, 0x30, 0), 0xffffffffe568) = 0 <0.000174>
19795 19:04:30.649405 ioctl(4, _IOC(_IOC_NONE, 0x75, 0x30, 0), 0xffffffffe538) = 0 <0.000253>
19795 19:04:30.649848 ioctl(4, _IOC(_IOC_NONE, 0x75, 0x30, 0), 0xffffffffe568) = 0 <0.000123>
19795 19:04:30.650164 ioctl(4, _IOC(_IOC_NONE, 0x75, 0x30, 0), 0xffffffffe538) = 0 <0.000101>
19795 19:04:30.650493 ioctl(4, _IOC(_IOC_NONE, 0x75, 0x30, 0), 0xffffffffe568) = 0 <0.000179>
19795 19:04:30.650759 ioctl(4, _IOC(_IOC_NONE, 0x75, 0x30, 0), 0xffffffffe538) = 0 <0.000200>
19795 19:04:30.651124 ioctl(4, _IOC(_IOC_NONE, 0x75, 0x30, 0), 0xffffffffe568) = 0 <0.000191>
19795 19:04:30.651398 ioctl(4, _IOC(_IOC_NONE, 0x75, 0x30, 0), 0xffffffffe538) = 0 <0.000161>
19795 19:04:30.651748 ioctl(4, _IOC(_IOC_NONE, 0x75, 0x30, 0), 0xffffffffe568) = 0 <0.000212>
19795 19:04:30.652040 ioctl(4, _IOC(_IOC_NONE, 0x75, 0x30, 0), 0xffffffffe538) = 0 <0.000095>
19795 19:04:30.652579 ioctl(4, _IOC(_IOC_NONE, 0x75, 0x30, 0), 0xffffffffe558) = 0 <0.000181>
19795 19:04:30.652853 ioctl(4, _IOC(_IOC_NONE, 0x75, 0x30, 0), 0xffffffffe528) = 0 <0.000196>
19795 19:04:30.653205 ioctl(4, _IOC(_IOC_NONE, 0x75, 0x30, 0), 0xffffffffe558) = 0 <0.000181>
19795 19:04:30.653461 ioctl(4, _IOC(_IOC_NONE, 0x75, 0x30, 0), 0xffffffffe528) = 0 <0.000206>
19795 19:04:30.653839 ioctl(4, _IOC(_IOC_NONE, 0x75, 0x30, 0), 0xffffffffe558) = 0 <0.000213>
19795 19:04:30.654149 ioctl(4, _IOC(_IOC_NONE, 0x75, 0x30, 0), 0xffffffffe528) = 0 <0.000183>
19795 19:04:30.654560 ioctl(4, _IOC(_IOC_NONE, 0x75, 0x30, 0), 0xffffffffe558) = 0 <0.000172>
19795 19:04:30.654823 ioctl(4, _IOC(_IOC_NONE, 0x75, 0x30, 0), 0xffffffffe528) = 0 <0.000135>
19795 19:04:30.655202 ioctl(4, _IOC(_IOC_NONE, 0x75, 0x30, 0), 0xffffffffe558) = 0 <0.000215>
19795 19:04:30.655513 ioctl(4, _IOC(_IOC_NONE, 0x75, 0x30, 0), 0xffffffffe528) = 0 <0.000096>
19795 19:04:30.655843 ioctl(4, _IOC(_IOC_NONE, 0x75, 0x30, 0), 0xffffffffe558) = 0 <0.000128>
19795 19:04:30.656113 ioctl(4, _IOC(_IOC_NONE, 0x75, 0x30, 0), 0xffffffffe528) = 0 <0.000097>
19795 19:04:30.656478 ioctl(4, _IOC(_IOC_NONE, 0x75, 0x30, 0), 0xffffffffe558) = 0 <0.000114>
19795 19:04:30.656669 ioctl(4, _IOC(_IOC_NONE, 0x75, 0x30, 0), 0xffffffffe528) = 0 <0.000172>
19795 19:04:30.656985 ioctl(4, _IOC(_IOC_NONE, 0x75, 0x30, 0), 0xffffffffe558) = 0 <0.000192>
19795 19:04:30.657252 ioctl(4, _IOC(_IOC_NONE, 0x75, 0x30, 0), 0xffffffffe528) = 0 <0.000153>
19795 19:04:30.657545 ioctl(4, _IOC(_IOC_NONE, 0x75, 0x30, 0), 0xffffffffe558) = 0 <0.000233>
19795 19:04:30.657912 ioctl(4, _IOC(_IOC_NONE, 0x75, 0x30, 0), 0xffffffffe528) = 0 <0.000234>
19795 19:04:30.658603 ioctl(4, _IOC(_IOC_NONE, 0x75, 0x30, 0), 0xffffffffe558) = 0 <0.000224>
19795 19:04:30.658921 ioctl(4, _IOC(_IOC_NONE, 0x75, 0x30, 0), 0xffffffffe528) = 0 <0.000097>
19795 19:04:30.659248 ioctl(4, _IOC(_IOC_NONE, 0x75, 0x30, 0), 0xffffffffe558) = 0 <0.000170>
19795 19:04:30.659544 ioctl(4, _IOC(_IOC_NONE, 0x75, 0x30, 0), 0xffffffffe528) = 0 <0.000177>
19795 19:04:30.659870 ioctl(4, _IOC(_IOC_NONE, 0x75, 0x30, 0), 0xffffffffe558) = 0 <0.000175>
19795 19:04:30.660125 ioctl(4, _IOC(_IOC_NONE, 0x75, 0x30, 0), 0xffffffffe528) = 0 <0.000150>
19795 19:04:30.660493 ioctl(4, _IOC(_IOC_NONE, 0x75, 0x30, 0), 0xffffffffe558) = 0 <0.000164>
19795 19:04:30.660736 ioctl(4, _IOC(_IOC_NONE, 0x75, 0x30, 0), 0xffffffffe528) = 0 <0.000092>
19795 19:04:30.661060 ioctl(4, _IOC(_IOC_NONE, 0x75, 0x30, 0), 0xffffffffe558) = 0 <0.000198>
19795 19:04:30.661339 ioctl(4, _IOC(_IOC_NONE, 0x75, 0x30, 0), 0xffffffffe528) = 0 <0.000098>
19795 19:04:30.661924 ioctl(4, _IOC(_IOC_NONE, 0x75, 0x30, 0), 0xffffffffe568) = 0 <0.000238>
19795 19:04:30.662284 ioctl(4, _IOC(_IOC_NONE, 0x75, 0x30, 0), 0xffffffffe538) = 0 <0.000192>
19795 19:04:30.662711 ioctl(4, _IOC(_IOC_NONE, 0x75, 0x30, 0), 0xffffffffe568) = 0 <0.000177>
19795 19:04:30.662979 ioctl(4, _IOC(_IOC_NONE, 0x75, 0x30, 0), 0xffffffffe538) = 0 <0.000206>
19795 19:04:30.663349 ioctl(4, _IOC(_IOC_NONE, 0x75, 0x30, 0), 0xffffffffe568) = 0 <0.000199>
19795 19:04:30.663632 ioctl(4, _IOC(_IOC_NONE, 0x75, 0x30, 0), 0xffffffffe538) = 0 <0.000093>
19795 19:04:30.663945 ioctl(4, _IOC(_IOC_NONE, 0x75, 0x30, 0), 0xffffffffe568) = 0 <0.000113>
19795 19:04:30.664200 ioctl(4, _IOC(_IOC_NONE, 0x75, 0x30, 0), 0xffffffffe538) = 0 <0.000098>
19795 19:04:30.664551 ioctl(4, _IOC(_IOC_NONE, 0x75, 0x30, 0), 0xffffffffe568) = 0 <0.000114>
19795 19:04:30.664737 ioctl(4, _IOC(_IOC_NONE, 0x75, 0x30, 0), 0xffffffffe538) = 0 <0.000174>
19795 19:04:30.665127 ioctl(4, _IOC(_IOC_NONE, 0x75, 0x30, 0), 0xffffffffe568) = 0 <0.000114>
19795 19:04:30.665313 ioctl(4, _IOC(_IOC_NONE, 0x75, 0x30, 0), 0xffffffffe538) = 0 <0.000210>
19795 19:04:30.665698 ioctl(4, _IOC(_IOC_NONE, 0x75, 0x30, 0), 0xffffffffe568) = 0 <0.000232>
19795 19:04:30.666045 ioctl(4, _IOC(_IOC_NONE, 0x75, 0x30, 0), 0xffffffffe538) = 0 <0.000095>
19795 19:04:30.666387 ioctl(4, _IOC(_IOC_NONE, 0x75, 0x30, 0), 0xffffffffe568) = 0 <0.000223>
19795 19:04:30.666701 ioctl(4, _IOC(_IOC_NONE, 0x75, 0x30, 0), 0xffffffffe538) = 0 <0.000101>
19795 19:04:30.667058 ioctl(4, _IOC(_IOC_NONE, 0x75, 0x30, 0), 0xffffffffe568) = 0 <0.000120>
19795 19:04:30.667329 ioctl(4, _IOC(_IOC_NONE, 0x75, 0x30, 0), 0xffffffffe538) = 0 <0.000096>
19795 19:04:30.667623 ioctl(4, _IOC(_IOC_NONE, 0x75, 0x30, 0), 0xffffffffe568) = 0 <0.000205>
19795 19:04:30.667906 ioctl(4, _IOC(_IOC_NONE, 0x75, 0x30, 0), 0xffffffffe538) = 0 <0.000161>
19795 19:04:30.668217 ioctl(4, _IOC(_IOC_NONE, 0x75, 0x30, 0), 0xffffffffe568) = 0 <0.000192>
19795 19:04:30.668489 ioctl(4, _IOC(_IOC_NONE, 0x75, 0x30, 0), 0xffffffffe538) = 0 <0.000153>
19795 19:04:30.668788 ioctl(4, _IOC(_IOC_NONE, 0x75, 0x30, 0), 0xffffffffe568) = 0 <0.000217>
19795 19:04:30.669081 ioctl(4, _IOC(_IOC_NONE, 0x75, 0x30, 0), 0xffffffffe538) = 0 <0.000155>
19795 19:04:30.669381 ioctl(4, _IOC(_IOC_NONE, 0x75, 0x30, 0), 0xffffffffe568) = 0 <0.000197>
19795 19:04:30.669736 ioctl(4, _IOC(_IOC_NONE, 0x75, 0x30, 0), 0xffffffffe538) = 0 <0.000159>
19795 19:04:30.670059 ioctl(4, _IOC(_IOC_NONE, 0x75, 0x30, 0), 0xffffffffe568) = 0 <0.000222>
19795 19:04:30.670375 ioctl(4, _IOC(_IOC_NONE, 0x75, 0x30, 0), 0xffffffffe538) = 0 <0.000163>
19795 19:04:30.670922 ioctl(4, _IOC(_IOC_NONE, 0x75, 0x30, 0), 0xffffffffe798) = 0 <0.000225>
19795 19:04:30.671242 ioctl(4, _IOC(_IOC_NONE, 0x75, 0x30, 0), 0xffffffffe768) = 0 <0.000096>
19795 19:04:30.671584 ioctl(4, _IOC(_IOC_NONE, 0x75, 0x30, 0), 0xffffffffe798) = 0 <0.000123>
19795 19:04:30.671779 ioctl(4, _IOC(_IOC_NONE, 0x75, 0x30, 0), 0xffffffffe768) = 0 <0.000137>
19795 19:04:30.672140 ioctl(4, _IOC(_IOC_NONE, 0x75, 0x30, 0), 0xffffffffe798) = 0 <0.000211>
19795 19:04:30.672440 ioctl(4, _IOC(_IOC_NONE, 0x75, 0x30, 0), 0xffffffffe768) = 0 <0.000106>
19795 19:04:30.672809 ioctl(4, _IOC(_IOC_NONE, 0x75, 0x30, 0), 0xffffffffe798) = 0 <0.000171>
19795 19:04:30.673115 ioctl(4, _IOC(_IOC_NONE, 0x75, 0x30, 0), 0xffffffffe768) = 0 <0.000097>
19795 19:04:30.673416 ioctl(4, _IOC(_IOC_NONE, 0x75, 0x30, 0), 0xffffffffe798) = 0 <0.000246>
19795 19:04:30.673781 ioctl(4, _IOC(_IOC_NONE, 0x75, 0x30, 0), 0xffffffffe768) = 0 <0.000204>
19795 19:04:30.674158 ioctl(4, _IOC(_IOC_NONE, 0x75, 0x30, 0), 0xffffffffe798) = 0 <0.000185>
19795 19:04:30.674433 ioctl(4, _IOC(_IOC_NONE, 0x75, 0x30, 0), 0xffffffffe768) = 0 <0.000200>
19795 19:04:30.674786 ioctl(4, _IOC(_IOC_NONE, 0x75, 0x30, 0), 0xffffffffe798) = 0 <0.000178>
19795 19:04:30.675045 ioctl(4, _IOC(_IOC_NONE, 0x75, 0x30, 0), 0xffffffffe768) = 0 <0.000159>
19795 19:04:30.675354 ioctl(4, _IOC(_IOC_NONE, 0x75, 0x30, 0), 0xffffffffe798) = 0 <0.000161>
19795 19:04:30.675631 ioctl(4, _IOC(_IOC_NONE, 0x75, 0x30, 0), 0xffffffffe768) = 0 <0.000180>
19795 19:04:30.675956 ioctl(4, _IOC(_IOC_NONE, 0x75, 0x30, 0), 0xffffffffe798) = 0 <0.000170>
19795 19:04:30.676202 ioctl(4, _IOC(_IOC_NONE, 0x75, 0x30, 0), 0xffffffffe768) = 0 <0.000153>
19795 19:04:30.676493 ioctl(4, _IOC(_IOC_NONE, 0x75, 0x30, 0), 0xffffffffe798) = 0 <0.000178>
19795 19:04:30.676831 ioctl(4, _IOC(_IOC_NONE, 0x75, 0x30, 0), 0xffffffffe768) = 0 <0.000097>
19795 19:04:30.677291 ioctl(4, _IOC(_IOC_NONE, 0x75, 0x30, 0), 0xffffffffe568) = 0 <0.000169>
19795 19:04:30.677542 ioctl(4, _IOC(_IOC_NONE, 0x75, 0x30, 0), 0xffffffffe538) = 0 <0.000207>
19795 19:04:30.677923 ioctl(4, _IOC(_IOC_NONE, 0x75, 0x30, 0), 0xffffffffe568) = 0 <0.000243>
19795 19:04:30.678263 ioctl(4, _IOC(_IOC_NONE, 0x75, 0x30, 0), 0xffffffffe538) = 0 <0.000173>
19795 19:04:30.678605 ioctl(4, _IOC(_IOC_NONE, 0x75, 0x30, 0), 0xffffffffe568) = 0 <0.000200>
19795 19:04:30.678889 ioctl(4, _IOC(_IOC_NONE, 0x75, 0x30, 0), 0xffffffffe538) = 0 <0.000201>
19795 19:04:30.679254 ioctl(4, _IOC(_IOC_NONE, 0x75, 0x30, 0), 0xffffffffe568) = 0 <0.000181>
19795 19:04:30.679524 ioctl(4, _IOC(_IOC_NONE, 0x75, 0x30, 0), 0xffffffffe538) = 0 <0.000160>
19795 19:04:30.679844 ioctl(4, _IOC(_IOC_NONE, 0x75, 0x30, 0), 0xffffffffe568) = 0 <0.000193>
19795 19:04:30.680120 ioctl(4, _IOC(_IOC_NONE, 0x75, 0x30, 0), 0xffffffffe538) = 0 <0.000202>
19795 19:04:30.680478 ioctl(4, _IOC(_IOC_NONE, 0x75, 0x30, 0), 0xffffffffe568) = 0 <0.000170>
19795 19:04:30.680728 ioctl(4, _IOC(_IOC_NONE, 0x75, 0x30, 0), 0xffffffffe538) = 0 <0.000154>
19795 19:04:30.681026 ioctl(4, _IOC(_IOC_NONE, 0x75, 0x30, 0), 0xffffffffe568) = 0 <0.000174>
19795 19:04:30.681279 ioctl(4, _IOC(_IOC_NONE, 0x75, 0x30, 0), 0xffffffffe538) = 0 <0.000198>
19795 19:04:30.681668 ioctl(4, _IOC(_IOC_NONE, 0x75, 0x30, 0), 0xffffffffe568) = 0 <0.000262>
19795 19:04:30.682049 ioctl(4, _IOC(_IOC_NONE, 0x75, 0x30, 0), 0xffffffffe538) = 0 <0.000100>
19795 19:04:30.682367 ioctl(4, _IOC(_IOC_NONE, 0x75, 0x30, 0), 0xffffffffe568) = 0 <0.000356>
19795 19:04:30.682820 ioctl(4, _IOC(_IOC_NONE, 0x75, 0x30, 0), 0xffffffffe538) = 0 <0.000115>
19795 19:04:30.683154 ioctl(4, _IOC(_IOC_NONE, 0x75, 0x30, 0), 0xffffffffe568) = 0 <0.000260>
19795 19:04:30.683525 ioctl(4, _IOC(_IOC_NONE, 0x75, 0x30, 0), 0xffffffffe538) = 0 <0.000267>
19795 19:04:30.683945 ioctl(4, _IOC(_IOC_NONE, 0x75, 0x30, 0), 0xffffffffe568) = 0 <0.000165>
19795 19:04:30.684198 ioctl(4, _IOC(_IOC_NONE, 0x75, 0x30, 0), 0xffffffffe538) = 0 <0.000212>
19795 19:04:30.684633 ioctl(4, _IOC(_IOC_NONE, 0x75, 0x30, 0), 0xffffffffe568) = 0 <0.000253>
19795 19:04:30.684962 ioctl(4, _IOC(_IOC_NONE, 0x75, 0x30, 0), 0xffffffffe538) = 0 <0.000090>
19795 19:04:30.685230 ioctl(4, _IOC(_IOC_NONE, 0x75, 0x30, 0), 0xffffffffe568) = 0 <0.000239>
19795 19:04:30.685633 ioctl(4, _IOC(_IOC_NONE, 0x75, 0x30, 0), 0xffffffffe538) = 0 <0.000238>
19795 19:04:30.686064 ioctl(4, _IOC(_IOC_NONE, 0x75, 0x30, 0), 0xffffffffe568) = 0 <0.000119>
19795 19:04:30.686379 ioctl(4, _IOC(_IOC_NONE, 0x75, 0x30, 0), 0xffffffffe538) = 0 <0.000101>
19795 19:04:30.686919 ioctl(4, _IOC(_IOC_NONE, 0x75, 0x30, 0), 0xffffffffe608) = 0 <0.000352>
19795 19:04:30.687464 ioctl(4, _IOC(_IOC_NONE, 0x75, 0x30, 0), 0xffffffffe5d8) = 0 <0.000188>
19795 19:04:30.687925 ioctl(4, _IOC(_IOC_NONE, 0x75, 0x30, 0), 0xffffffffe608) = 0 <0.000275>
19795 19:04:30.688315 ioctl(4, _IOC(_IOC_NONE, 0x75, 0x30, 0), 0xffffffffe5d8) = 0 <0.000228>
19795 19:04:30.688853 futex(0xaaaaab074bd4, FUTEX_WAKE_PRIVATE, 2147483647) = 0 <0.000239>
19795 19:04:30.901758 ioctl(4, _IOC(_IOC_NONE, 0x75, 0x30, 0), 0xffffffffe488) = 0 <0.000780>
19795 19:04:30.902704 ioctl(4, _IOC(_IOC_NONE, 0x75, 0x30, 0), 0xffffffffe458) = 0 <0.000394>
19795 19:04:30.903632 ioctl(4, _IOC(_IOC_NONE, 0x75, 0x30, 0), 0xffffffffe6e8) = 0 <0.000418>
19795 19:04:30.904126 ioctl(4, _IOC(_IOC_NONE, 0x75, 0x30, 0), 0xffffffffe6b8) = 0 <0.000388>
19795 19:04:30.904604 ioctl(4, _IOC(_IOC_NONE, 0x75, 0x30, 0), 0xffffffffe568) = 0 <0.000096>
19795 19:04:30.904759 ioctl(4, _IOC(_IOC_NONE, 0x75, 0x30, 0), 0xffffffffe538) = 0 <0.000096>
19795 19:04:30.904927 ioctl(4, _IOC(_IOC_NONE, 0x75, 0x30, 0), 0xffffffffe568) = 0 <0.000106>
19795 19:04:30.905086 ioctl(4, _IOC(_IOC_NONE, 0x75, 0x30, 0), 0xffffffffe538) = 0 <0.000101>
19795 19:04:30.905253 ioctl(4, _IOC(_IOC_NONE, 0x75, 0x30, 0), 0xffffffffe568) = 0 <0.000106>
19795 19:04:30.905417 ioctl(4, _IOC(_IOC_NONE, 0x75, 0x30, 0), 0xffffffffe538) = 0 <0.000101>
19795 19:04:30.905718 ioctl(4, _IOC(_IOC_NONE, 0x75, 0x30, 0), 0xffffffffe568) = 0 <0.003877>
19795 19:04:30.910101 ioctl(4, _IOC(_IOC_NONE, 0x75, 0x30, 0), 0xffffffffe538) = 0 <0.000267>
19795 19:04:30.910577 ioctl(4, _IOC(_IOC_NONE, 0x75, 0x30, 0), 0xffffffffe568) = 0 <0.000215>
19795 19:04:30.911222 ioctl(4, _IOC(_IOC_NONE, 0x75, 0x30, 0), 0xffffffffe538) = 0 <0.000216>
19795 19:04:30.911778 ioctl(4, _IOC(_IOC_NONE, 0x75, 0x30, 0), 0xffffffffe568) = 0 <0.000200>
19795 19:04:30.912278 ioctl(4, _IOC(_IOC_NONE, 0x75, 0x30, 0), 0xffffffffe538) = 0 <0.000208>
19795 19:04:30.912835 ioctl(4, _IOC(_IOC_NONE, 0x75, 0x30, 0), 0xffffffffe568) = 0 <0.000191>
19795 19:04:30.913234 ioctl(4, _IOC(_IOC_NONE, 0x75, 0x30, 0), 0xffffffffe538) = 0 <0.000158>
19795 19:04:30.915961 ioctl(4, _IOC(_IOC_NONE, 0x75, 0x30, 0), 0xffffffffe568) = 0 <0.000401>
19795 19:04:30.916556 ioctl(4, _IOC(_IOC_NONE, 0x75, 0x30, 0), 0xffffffffe538) = 0 <0.000111>
19795 19:04:30.916837 ioctl(4, _IOC(_IOC_NONE, 0x75, 0x30, 0), 0xffffffffe568) = 0 <0.000106>
19795 19:04:30.917014 ioctl(4, _IOC(_IOC_NONE, 0x75, 0x30, 0), 0xffffffffe538) = 0 <0.000089>
19795 19:04:30.917206 ioctl(4, _IOC(_IOC_NONE, 0x75, 0x30, 0), 0xffffffffe568) = 0 <0.000100>
19795 19:04:30.917363 ioctl(4, _IOC(_IOC_NONE, 0x75, 0x30, 0), 0xffffffffe538) = 0 <0.000237>
19795 19:04:30.920767 ioctl(4, _IOC(_IOC_NONE, 0x75, 0x30, 0), 0xffffffffe568) = 0 <0.000138>
19795 19:04:30.921009 ioctl(4, _IOC(_IOC_NONE, 0x75, 0x30, 0), 0xffffffffe538) = 0 <0.000100>
19795 19:04:30.921256 ioctl(4, _IOC(_IOC_NONE, 0x75, 0x30, 0), 0xffffffffe568) = 0 <0.000153>
19795 19:04:30.921547 ioctl(4, _IOC(_IOC_NONE, 0x75, 0x30, 0), 0xffffffffe538) = 0 <0.001581>
19795 19:04:30.923478 ioctl(4, _IOC(_IOC_NONE, 0x75, 0x30, 0), 0xffffffffe568) = 0 <0.000128>
19795 19:04:30.923762 ioctl(4, _IOC(_IOC_NONE, 0x75, 0x30, 0), 0xffffffffe538) = 0 <0.000148>
19795 19:04:30.924115 ioctl(4, _IOC(_IOC_NONE, 0x75, 0x30, 0), 0xffffffffe568) = 0 <0.000170>
19795 19:04:30.924547 ioctl(4, _IOC(_IOC_NONE, 0x75, 0x30, 0), 0xffffffffe538) = 0 <0.000258>
19795 19:04:30.924978 ioctl(4, _IOC(_IOC_NONE, 0x75, 0x30, 0), 0xffffffffe7f8) = 0 <0.000189>
19795 19:04:30.925266 ioctl(4, _IOC(_IOC_NONE, 0x75, 0x30, 0), 0xffffffffe7f8) = 0 <0.000085>
19795 19:04:30.927640 ioctl(4, _IOC(_IOC_NONE, 0x75, 0x30, 0), 0xffffffffe678) = 0 <0.002178>
19795 19:04:30.930037 ioctl(4, _IOC(_IOC_NONE, 0x75, 0x30, 0), 0xffffffffe648) = 0 <0.000115>
19795 19:04:30.930407 ioctl(4, _IOC(_IOC_NONE, 0x75, 0x30, 0), 0xffffffffe678) = 0 <0.000249>
19795 19:04:30.930852 ioctl(4, _IOC(_IOC_NONE, 0x75, 0x30, 0), 0xffffffffe648) = 0 <0.000181>
19795 19:04:30.987285 ioctl(4, _IOC(_IOC_NONE, 0x75, 0x30, 0), 0xffffffffe138) = 0 <0.000131>
19795 19:04:30.987548 ioctl(4, _IOC(_IOC_NONE, 0x75, 0x30, 0), 0xffffffffe108) = 0 <0.000088>
19795 19:04:30.987779 ioctl(4, _IOC(_IOC_NONE, 0x75, 0x30, 0), 0xffffffffe138) = 0 <0.000091>
19795 19:04:30.987922 ioctl(4, _IOC(_IOC_NONE, 0x75, 0x30, 0), 0xffffffffe108) = 0 <0.000092>
19795 19:04:30.988090 ioctl(4, _IOC(_IOC_NONE, 0x75, 0x30, 0), 0xffffffffe138) = 0 <0.000099>
19795 19:04:30.988243 ioctl(4, _IOC(_IOC_NONE, 0x75, 0x30, 0), 0xffffffffe108) = 0 <0.000093>
19795 19:04:30.988404 ioctl(4, _IOC(_IOC_NONE, 0x75, 0x30, 0), 0xffffffffe138) = 0 <0.000097>
19795 19:04:30.988552 ioctl(4, _IOC(_IOC_NONE, 0x75, 0x30, 0), 0xffffffffe108) = 0 <0.000103>
19795 19:04:30.988727 ioctl(4, _IOC(_IOC_NONE, 0x75, 0x30, 0), 0xffffffffe138) = 0 <0.000103>
19795 19:04:30.988886 ioctl(4, _IOC(_IOC_NONE, 0x75, 0x30, 0), 0xffffffffe108) = 0 <0.000098>
19795 19:04:30.989057 ioctl(4, _IOC(_IOC_NONE, 0x75, 0x30, 0), 0xffffffffe138) = 0 <0.000104>
19795 19:04:30.989214 ioctl(4, _IOC(_IOC_NONE, 0x75, 0x30, 0), 0xffffffffe108) = 0 <0.000101>
19795 19:04:30.989383 ioctl(4, _IOC(_IOC_NONE, 0x75, 0x30, 0), 0xffffffffe138) = 0 <0.000100>
19795 19:04:30.989537 ioctl(4, _IOC(_IOC_NONE, 0x75, 0x30, 0), 0xffffffffe108) = 0 <0.000160>
19795 19:04:30.994084 ioctl(4, _IOC(_IOC_NONE, 0x75, 0x30, 0), 0xffffffffe138) = 0 <0.000147>
19795 19:04:30.994896 ioctl(4, _IOC(_IOC_NONE, 0x75, 0x30, 0), 0xffffffffe108) = 0 <0.000123>
19795 19:04:30.995203 ioctl(4, _IOC(_IOC_NONE, 0x75, 0x30, 0), 0xffffffffe138) = 0 <0.000521>
19795 19:04:30.995894 ioctl(4, _IOC(_IOC_NONE, 0x75, 0x30, 0), 0xffffffffe108) = 0 <0.000104>
19795 19:04:30.996431 ioctl(4, _IOC(_IOC_NONE, 0x75, 0x30, 0), 0xffffffffe138) = 0 <0.000287>
19795 19:04:30.996900 ioctl(4, _IOC(_IOC_NONE, 0x75, 0x30, 0), 0xffffffffe108) = 0 <0.000159>
19795 19:04:30.997704 ioctl(4, _IOC(_IOC_NONE, 0x75, 0x30, 0), 0xffffffffe138) = 0 <0.000139>
19795 19:04:30.998415 ioctl(4, _IOC(_IOC_NONE, 0x75, 0x30, 0), 0xffffffffe108) = 0 <0.000134>
19795 19:04:30.998741 ioctl(4, _IOC(_IOC_NONE, 0x75, 0x30, 0), 0xffffffffe138) = 0 <0.000130>
19795 19:04:30.999210 ioctl(4, _IOC(_IOC_NONE, 0x75, 0x30, 0), 0xffffffffe108) = 0 <0.000154>
19795 19:04:30.999705 ioctl(4, _IOC(_IOC_NONE, 0x75, 0x30, 0), 0xffffffffe138) = 0 <0.000437>
19795 19:04:31.000246 ioctl(4, _IOC(_IOC_NONE, 0x75, 0x30, 0), 0xffffffffe108) = 0 <0.000109>
19795 19:04:31.000732 ioctl(4, _IOC(_IOC_NONE, 0x75, 0x30, 0), 0xffffffffe138) = 0 <0.000507>
19795 19:04:31.001345 ioctl(4, _IOC(_IOC_NONE, 0x75, 0x30, 0), 0xffffffffe108) = 0 <0.000108>
19795 19:04:31.001837 ioctl(4, _IOC(_IOC_NONE, 0x75, 0x30, 0), 0xffffffffe138) = 0 <0.002828>
19795 19:04:31.004829 ioctl(4, _IOC(_IOC_NONE, 0x75, 0x30, 0), 0xffffffffe108) = 0 <0.000190>
19795 19:04:31.005264 ioctl(4, _IOC(_IOC_NONE, 0x75, 0x30, 0), 0xffffffffe138) = 0 <0.000187>
19795 19:04:31.005809 ioctl(4, _IOC(_IOC_NONE, 0x75, 0x30, 0), 0xffffffffe108) = 0 <0.000129>
19795 19:04:31.006568 ioctl(4, _IOC(_IOC_NONE, 0x75, 0x30, 0), 0xffffffffe138) = 0 <0.000154>
19795 19:04:31.006914 ioctl(4, _IOC(_IOC_NONE, 0x75, 0x30, 0), 0xffffffffe108) = 0 <0.000104>
19795 19:04:31.007402 ioctl(4, _IOC(_IOC_NONE, 0x75, 0x30, 0), 0xffffffffe138) = 0 <0.000420>
19795 19:04:31.007948 ioctl(4, _IOC(_IOC_NONE, 0x75, 0x30, 0), 0xffffffffe108) = 0 <0.000100>
19795 19:04:31.008374 ioctl(4, _IOC(_IOC_NONE, 0x75, 0x30, 0), 0xffffffffe138) = 0 <0.001597>
19795 19:04:31.010141 ioctl(4, _IOC(_IOC_NONE, 0x75, 0x30, 0), 0xffffffffe108) = 0 <0.000174>
19795 19:04:31.010739 ioctl(4, _IOC(_IOC_NONE, 0x75, 0x30, 0), 0xffffffffe138) = 0 <0.000353>
19795 19:04:31.011698 ioctl(4, _IOC(_IOC_NONE, 0x75, 0x30, 0), 0xffffffffe108) = 0 <0.000265>
19795 19:04:31.012326 ioctl(4, _IOC(_IOC_NONE, 0x75, 0x30, 0), 0xffffffffe138) = 0 <0.000227>
19795 19:04:31.012949 ioctl(4, _IOC(_IOC_NONE, 0x75, 0x30, 0), 0xffffffffe108) = 0 <0.000402>
19795 19:04:31.013560 ioctl(4, _IOC(_IOC_NONE, 0x75, 0x30, 0), 0xffffffffe138) = 0 <0.000469>
19795 19:04:31.015086 ioctl(4, _IOC(_IOC_NONE, 0x75, 0x30, 0), 0xffffffffe108) = 0 <0.000171>
19795 19:04:31.015614 ioctl(4, _IOC(_IOC_NONE, 0x75, 0x30, 0), 0xffffffffe138) = 0 <0.000241>
19795 19:04:31.016392 ioctl(4, _IOC(_IOC_NONE, 0x75, 0x30, 0), 0xffffffffe108) = 0 <0.000133>
19795 19:04:31.016724 ioctl(4, _IOC(_IOC_NONE, 0x75, 0x30, 0), 0xffffffffe138) = 0 <0.000109>
19795 19:04:31.016907 ioctl(4, _IOC(_IOC_NONE, 0x75, 0x30, 0), 0xffffffffe108) = 0 <0.000083>
19795 19:04:31.017092 ioctl(4, _IOC(_IOC_NONE, 0x75, 0x30, 0), 0xffffffffe138) = 0 <0.000092>
19795 19:04:31.017238 ioctl(4, _IOC(_IOC_NONE, 0x75, 0x30, 0), 0xffffffffe108) = 0 <0.000082>
19795 19:04:31.017409 ioctl(4, _IOC(_IOC_NONE, 0x75, 0x30, 0), 0xffffffffe138) = 0 <0.000092>
19795 19:04:31.017554 ioctl(4, _IOC(_IOC_NONE, 0x75, 0x30, 0), 0xffffffffe108) = 0 <0.004135>
19795 19:04:31.022029 brk(0xaaaaab42f000) = 0xaaaaab42f000 <0.000045>
19795 19:04:31.022905 ioctl(4, _IOC(_IOC_NONE, 0x75, 0x30, 0), 0xffffffffe138) = 0 <0.000140>
19795 19:04:31.023152 ioctl(4, _IOC(_IOC_NONE, 0x75, 0x30, 0), 0xffffffffe108) = 0 <0.000111>
19795 19:04:31.023426 ioctl(4, _IOC(_IOC_NONE, 0x75, 0x30, 0), 0xffffffffe138) = 0 <0.000114>
19795 19:04:31.023613 ioctl(4, _IOC(_IOC_NONE, 0x75, 0x30, 0), 0xffffffffe108) = 0 <0.000093>
19795 19:04:31.023843 ioctl(4, _IOC(_IOC_NONE, 0x75, 0x30, 0), 0xffffffffe138) = 0 <0.000122>
19795 19:04:31.024044 ioctl(4, _IOC(_IOC_NONE, 0x75, 0x30, 0), 0xffffffffe108) = 0 <0.000094>
19795 19:04:31.024285 ioctl(4, _IOC(_IOC_NONE, 0x75, 0x30, 0), 0xffffffffe138) = 0 <0.000112>
19795 19:04:31.024467 ioctl(4, _IOC(_IOC_NONE, 0x75, 0x30, 0), 0xffffffffe108) = 0 <0.000091>
19795 19:04:31.024721 ioctl(4, _IOC(_IOC_NONE, 0x75, 0x30, 0), 0xffffffffe138) = 0 <0.000113>
19795 19:04:31.024904 ioctl(4, _IOC(_IOC_NONE, 0x75, 0x30, 0), 0xffffffffe108) = 0 <0.000095>
19795 19:04:31.025156 ioctl(4, _IOC(_IOC_NONE, 0x75, 0x30, 0), 0xffffffffe138) = 0 <0.000120>
19795 19:04:31.025353 ioctl(4, _IOC(_IOC_NONE, 0x75, 0x30, 0), 0xffffffffe108) = 0 <0.000097>
19795 19:04:31.025630 ioctl(4, _IOC(_IOC_NONE, 0x75, 0x30, 0), 0xffffffffe138) = 0 <0.000172>
19795 19:04:31.025901 ioctl(4, _IOC(_IOC_NONE, 0x75, 0x30, 0), 0xffffffffe108) = 0 <0.000091>
19795 19:04:31.026154 ioctl(4, _IOC(_IOC_NONE, 0x75, 0x30, 0), 0xffffffffe138) = 0 <0.000133>
19795 19:04:31.026372 ioctl(4, _IOC(_IOC_NONE, 0x75, 0x30, 0), 0xffffffffe108) = 0 <0.000099>
19795 19:04:31.026619 ioctl(4, _IOC(_IOC_NONE, 0x75, 0x30, 0), 0xffffffffe138) = 0 <0.000115>
19795 19:04:31.026812 ioctl(4, _IOC(_IOC_NONE, 0x75, 0x30, 0), 0xffffffffe108) = 0 <0.000091>
19795 19:04:31.027041 ioctl(4, _IOC(_IOC_NONE, 0x75, 0x30, 0), 0xffffffffe138) = 0 <0.000109>
19795 19:04:31.027222 ioctl(4, _IOC(_IOC_NONE, 0x75, 0x30, 0), 0xffffffffe108) = 0 <0.000101>
19795 19:04:31.027508 ioctl(4, _IOC(_IOC_NONE, 0x75, 0x30, 0), 0xffffffffe138) = 0 <0.000119>
19795 19:04:31.027713 ioctl(4, _IOC(_IOC_NONE, 0x75, 0x30, 0), 0xffffffffe108) = 0 <0.000094>
19795 19:04:31.027949 ioctl(4, _IOC(_IOC_NONE, 0x75, 0x30, 0), 0xffffffffe138) = 0 <0.000113>
19795 19:04:31.028136 ioctl(4, _IOC(_IOC_NONE, 0x75, 0x30, 0), 0xffffffffe108) = 0 <0.000087>
19795 19:04:31.028360 ioctl(4, _IOC(_IOC_NONE, 0x75, 0x30, 0), 0xffffffffe138) = 0 <0.000120>
19795 19:04:31.028559 ioctl(4, _IOC(_IOC_NONE, 0x75, 0x30, 0), 0xffffffffe108) = 0 <0.000097>
19795 19:04:31.028797 ioctl(4, _IOC(_IOC_NONE, 0x75, 0x30, 0), 0xffffffffe138) = 0 <0.000114>
19795 19:04:31.028988 ioctl(4, _IOC(_IOC_NONE, 0x75, 0x30, 0), 0xffffffffe108) = 0 <0.000091>
19795 19:04:31.029214 ioctl(4, _IOC(_IOC_NONE, 0x75, 0x30, 0), 0xffffffffe138) = 0 <0.000112>
19795 19:04:31.029396 ioctl(4, _IOC(_IOC_NONE, 0x75, 0x30, 0), 0xffffffffe108) = 0 <0.000095>
19795 19:04:31.029726 ioctl(4, _IOC(_IOC_NONE, 0x75, 0x30, 0), 0xffffffffe138) = 0 <0.000133>
19795 19:04:31.029957 ioctl(4, _IOC(_IOC_NONE, 0x75, 0x30, 0), 0xffffffffe108) = 0 <0.000091>
19795 19:04:31.030192 ioctl(4, _IOC(_IOC_NONE, 0x75, 0x30, 0), 0xffffffffe138) = 0 <0.000111>
19795 19:04:31.030371 ioctl(4, _IOC(_IOC_NONE, 0x75, 0x30, 0), 0xffffffffe108) = 0 <0.000094>
19795 19:04:31.030596 ioctl(4, _IOC(_IOC_NONE, 0x75, 0x30, 0), 0xffffffffe138) = 0 <0.000106>
19795 19:04:31.030763 ioctl(4, _IOC(_IOC_NONE, 0x75, 0x30, 0), 0xffffffffe108) = 0 <0.000096>
19795 19:04:31.031006 ioctl(4, _IOC(_IOC_NONE, 0x75, 0x30, 0), 0xffffffffe138) = 0 <0.000101>
19795 19:04:31.031166 ioctl(4, _IOC(_IOC_NONE, 0x75, 0x30, 0), 0xffffffffe108) = 0 <0.000082>
19795 19:04:31.031357 ioctl(4, _IOC(_IOC_NONE, 0x75, 0x30, 0), 0xffffffffe138) = 0 <0.000094>
19795 19:04:31.031512 ioctl(4, _IOC(_IOC_NONE, 0x75, 0x30, 0), 0xffffffffe108) = 0 <0.000087>
19795 19:04:31.031713 ioctl(4, _IOC(_IOC_NONE, 0x75, 0x30, 0), 0xffffffffe138) = 0 <0.000098>
19795 19:04:31.031871 ioctl(4, _IOC(_IOC_NONE, 0x75, 0x30, 0), 0xffffffffe108) = 0 <0.000086>
19795 19:04:31.032054 ioctl(4, _IOC(_IOC_NONE, 0x75, 0x30, 0), 0xffffffffe138) = 0 <0.000095>
19795 19:04:31.032209 ioctl(4, _IOC(_IOC_NONE, 0x75, 0x30, 0), 0xffffffffe108) = 0 <0.000090>
19795 19:04:31.032394 ioctl(4, _IOC(_IOC_NONE, 0x75, 0x30, 0), 0xffffffffe138) = 0 <0.000095>
19795 19:04:31.032549 ioctl(4, _IOC(_IOC_NONE, 0x75, 0x30, 0), 0xffffffffe108) = 0 <0.000087>
19795 19:04:31.032728 ioctl(4, _IOC(_IOC_NONE, 0x75, 0x30, 0), 0xffffffffe138) = 0 <0.000104>
19795 19:04:31.032888 ioctl(4, _IOC(_IOC_NONE, 0x75, 0x30, 0), 0xffffffffe108) = 0 <0.000089>
19795 19:04:31.033072 ioctl(4, _IOC(_IOC_NONE, 0x75, 0x30, 0), 0xffffffffe138) = 0 <0.000095>
19795 19:04:31.033225 ioctl(4, _IOC(_IOC_NONE, 0x75, 0x30, 0), 0xffffffffe108) = 0 <0.000086>
19795 19:04:31.033421 ioctl(4, _IOC(_IOC_NONE, 0x75, 0x30, 0), 0xffffffffe138) = 0 <0.000097>
19795 19:04:31.033605 ioctl(4, _IOC(_IOC_NONE, 0x75, 0x30, 0), 0xffffffffe108) = 0 <0.000099>
19795 19:04:31.036770 brk(0xaaaaab57a000) = 0xaaaaab57a000 <0.000222>
19795 19:04:31.041646 ioctl(4, _IOC(_IOC_NONE, 0x75, 0x30, 0), 0xffffffffe138) = 0 <0.000305>
19795 19:04:31.042288 ioctl(4, _IOC(_IOC_NONE, 0x75, 0x30, 0), 0xffffffffe108) = 0 <0.000110>
19795 19:04:31.042915 ioctl(4, _IOC(_IOC_NONE, 0x75, 0x30, 0), 0xffffffffe138) = 0 <0.000239>
19795 19:04:31.043405 ioctl(4, _IOC(_IOC_NONE, 0x75, 0x30, 0), 0xffffffffe108) = 0 <0.000105>
19795 19:04:31.044027 ioctl(4, _IOC(_IOC_NONE, 0x75, 0x30, 0), 0xffffffffe138) = 0 <0.000241>
19795 19:04:31.044369 ioctl(4, _IOC(_IOC_NONE, 0x75, 0x30, 0), 0xffffffffe108) = 0 <0.000094>
19795 19:04:31.044610 ioctl(4, _IOC(_IOC_NONE, 0x75, 0x30, 0), 0xffffffffe138) = 0 <0.000152>
19795 19:04:31.045166 ioctl(4, _IOC(_IOC_NONE, 0x75, 0x30, 0), 0xffffffffe108) = 0 <0.000117>
19795 19:04:31.045448 ioctl(4, _IOC(_IOC_NONE, 0x75, 0x30, 0), 0xffffffffe138) = 0 <0.000370>
19795 19:04:31.045930 ioctl(4, _IOC(_IOC_NONE, 0x75, 0x30, 0), 0xffffffffe108) = 0 <0.000409>
19795 19:04:31.046527 ioctl(4, _IOC(_IOC_NONE, 0x75, 0x30, 0), 0xffffffffe138) = 0 <0.000190>
19795 19:04:31.047053 ioctl(4, _IOC(_IOC_NONE, 0x75, 0x30, 0), 0xffffffffe108) = 0 <0.000176>
19795 19:04:31.047624 ioctl(4, _IOC(_IOC_NONE, 0x75, 0x30, 0), 0xffffffffe138) = 0 <0.000123>
19795 19:04:31.048123 ioctl(4, _IOC(_IOC_NONE, 0x75, 0x30, 0), 0xffffffffe108) = 0 <0.000101>
19795 19:04:31.048383 ioctl(4, _IOC(_IOC_NONE, 0x75, 0x30, 0), 0xffffffffe138) = 0 <0.000292>
19795 19:04:31.048762 ioctl(4, _IOC(_IOC_NONE, 0x75, 0x30, 0), 0xffffffffe108) = 0 <0.000254>
19795 19:04:31.049184 ioctl(4, _IOC(_IOC_NONE, 0x75, 0x30, 0), 0xffffffffe138) = 0 <0.000193>
19795 19:04:31.049980 ioctl(4, _IOC(_IOC_NONE, 0x75, 0x30, 0), 0xffffffffe108) = 0 <0.003583>
19795 19:04:31.053931 ioctl(4, _IOC(_IOC_NONE, 0x75, 0x30, 0), 0xffffffffe138) = 0 <0.000451>
19795 19:04:31.054703 ioctl(4, _IOC(_IOC_NONE, 0x75, 0x30, 0), 0xffffffffe108) = 0 <0.000127>
19795 19:04:31.055049 ioctl(4, _IOC(_IOC_NONE, 0x75, 0x30, 0), 0xffffffffe138) = 0 <0.000167>
19795 19:04:31.055319 ioctl(4, _IOC(_IOC_NONE, 0x75, 0x30, 0), 0xffffffffe108) = 0 <0.000100>
19795 19:04:31.055631 ioctl(4, _IOC(_IOC_NONE, 0x75, 0x30, 0), 0xffffffffe138) = 0 <0.000123>
19795 19:04:31.055842 ioctl(4, _IOC(_IOC_NONE, 0x75, 0x30, 0), 0xffffffffe108) = 0 <0.000098>
19795 19:04:31.056111 ioctl(4, _IOC(_IOC_NONE, 0x75, 0x30, 0), 0xffffffffe138) = 0 <0.006042>
19795 19:04:31.062760 ioctl(4, _IOC(_IOC_NONE, 0x75, 0x30, 0), 0xffffffffe108) = 0 <0.001641>
19795 19:04:31.064698 ioctl(4, _IOC(_IOC_NONE, 0x75, 0x30, 0), 0xffffffffe138) = 0 <0.000146>
19795 19:04:31.065024 ioctl(4, _IOC(_IOC_NONE, 0x75, 0x30, 0), 0xffffffffe108) = 0 <0.000107>
19795 19:04:31.065307 ioctl(4, _IOC(_IOC_NONE, 0x75, 0x30, 0), 0xffffffffe138) = 0 <0.000122>
19795 19:04:31.065513 ioctl(4, _IOC(_IOC_NONE, 0x75, 0x30, 0), 0xffffffffe108) = 0 <0.002783>
19795 19:04:31.068681 ioctl(4, _IOC(_IOC_NONE, 0x75, 0x30, 0), 0xffffffffe138) = 0 <0.000163>
19795 19:04:31.068981 ioctl(4, _IOC(_IOC_NONE, 0x75, 0x30, 0), 0xffffffffe108) = 0 <0.000111>
19795 19:04:31.074122 ioctl(4, _IOC(_IOC_NONE, 0x75, 0x30, 0), 0xffffffffe138) = 0 <0.000163>
19795 19:04:31.074483 ioctl(4, _IOC(_IOC_NONE, 0x75, 0x30, 0), 0xffffffffe108) = 0 <0.000101>
19795 19:04:31.074756 ioctl(4, _IOC(_IOC_NONE, 0x75, 0x30, 0), 0xffffffffe138) = 0 <0.000132>
19795 19:04:31.074969 ioctl(4, _IOC(_IOC_NONE, 0x75, 0x30, 0), 0xffffffffe108) = 0 <0.000093>
19795 19:04:31.075199 ioctl(4, _IOC(_IOC_NONE, 0x75, 0x30, 0), 0xffffffffe138) = 0 <0.000112>
19795 19:04:31.075383 ioctl(4, _IOC(_IOC_NONE, 0x75, 0x30, 0), 0xffffffffe108) = 0 <0.000097>
19795 19:04:31.075623 ioctl(4, _IOC(_IOC_NONE, 0x75, 0x30, 0), 0xffffffffe138) = 0 <0.000116>
19795 19:04:31.075814 ioctl(4, _IOC(_IOC_NONE, 0x75, 0x30, 0), 0xffffffffe108) = 0 <0.000091>
19795 19:04:31.076055 ioctl(4, _IOC(_IOC_NONE, 0x75, 0x30, 0), 0xffffffffe138) = 0 <0.000116>
19795 19:04:31.076246 ioctl(4, _IOC(_IOC_NONE, 0x75, 0x30, 0), 0xffffffffe108) = 0 <0.000094>
19795 19:04:31.076515 ioctl(4, _IOC(_IOC_NONE, 0x75, 0x30, 0), 0xffffffffe138) = 0 <0.000117>
19795 19:04:31.076709 ioctl(4, _IOC(_IOC_NONE, 0x75, 0x30, 0), 0xffffffffe108) = 0 <0.000092>
19795 19:04:31.076941 ioctl(4, _IOC(_IOC_NONE, 0x75, 0x30, 0), 0xffffffffe138) = 0 <0.000112>
19795 19:04:31.077126 ioctl(4, _IOC(_IOC_NONE, 0x75, 0x30, 0), 0xffffffffe108) = 0 <0.000090>
19795 19:04:31.077361 ioctl(4, _IOC(_IOC_NONE, 0x75, 0x30, 0), 0xffffffffe138) = 0 <0.000130>
19795 19:04:31.077687 ioctl(4, _IOC(_IOC_NONE, 0x75, 0x30, 0), 0xffffffffe108) = 0 <0.000135>
19795 19:04:31.078076 ioctl(4, _IOC(_IOC_NONE, 0x75, 0x30, 0), 0xffffffffe138) = 0 <0.000144>
19795 19:04:31.078329 ioctl(4, _IOC(_IOC_NONE, 0x75, 0x30, 0), 0xffffffffe108) = 0 <0.000093>
19795 19:04:31.078578 ioctl(4, _IOC(_IOC_NONE, 0x75, 0x30, 0), 0xffffffffe138) = 0 <0.000117>
19795 19:04:31.078772 ioctl(4, _IOC(_IOC_NONE, 0x75, 0x30, 0), 0xffffffffe108) = 0 <0.000090>
19795 19:04:31.079168 brk(0xaaaaab6c6000) = 0xaaaaab6c6000 <0.000042>
19795 19:04:31.080504 ioctl(4, _IOC(_IOC_NONE, 0x75, 0x30, 0), 0xffffffffe138) = 0 <0.000336>
19795 19:04:31.080956 ioctl(4, _IOC(_IOC_NONE, 0x75, 0x30, 0), 0xffffffffe108) = 0 <0.000168>
19795 19:04:31.081668 ioctl(4, _IOC(_IOC_NONE, 0x75, 0x30, 0), 0xffffffffe138) = 0 <0.000459>
19795 19:04:31.082255 ioctl(4, _IOC(_IOC_NONE, 0x75, 0x30, 0), 0xffffffffe108) = 0 <0.000126>
19795 19:04:31.082746 ioctl(4, _IOC(_IOC_NONE, 0x75, 0x30, 0), 0xffffffffe138) = 0 <0.000347>
19795 19:04:31.083452 ioctl(4, _IOC(_IOC_NONE, 0x75, 0x30, 0), 0xffffffffe108) = 0 <0.000121>
19795 19:04:31.083737 ioctl(4, _IOC(_IOC_NONE, 0x75, 0x30, 0), 0xffffffffe138) = 0 <0.000383>
19795 19:04:31.084276 ioctl(4, _IOC(_IOC_NONE, 0x75, 0x30, 0), 0xffffffffe108) = 0 <0.000470>
19795 19:04:31.084920 ioctl(4, _IOC(_IOC_NONE, 0x75, 0x30, 0), 0xffffffffe138) = 0 <0.000261>
19795 19:04:31.085335 ioctl(4, _IOC(_IOC_NONE, 0x75, 0x30, 0), 0xffffffffe108) = 0 <0.000311>
19795 19:04:31.086176 ioctl(4, _IOC(_IOC_NONE, 0x75, 0x30, 0), 0xffffffffe138) = 0 <0.000288>
19795 19:04:31.086721 ioctl(4, _IOC(_IOC_NONE, 0x75, 0x30, 0), 0xffffffffe108) = 0 <0.000373>
19795 19:04:31.087831 ioctl(4, _IOC(_IOC_NONE, 0x75, 0x30, 0), 0xffffffffe138) = 0 <0.000142>
19795 19:04:31.088095 ioctl(4, _IOC(_IOC_NONE, 0x75, 0x30, 0), 0xffffffffe108) = 0 <0.000185>
19795 19:04:31.088691 ioctl(4, _IOC(_IOC_NONE, 0x75, 0x30, 0), 0xffffffffe138) = 0 <0.000460>
19795 19:04:31.089495 ioctl(4, _IOC(_IOC_NONE, 0x75, 0x30, 0), 0xffffffffe108) = 0 <0.000152>
19795 19:04:31.090213 ioctl(4, _IOC(_IOC_NONE, 0x75, 0x30, 0), 0xffffffffe138) = 0 <0.000667>
19795 19:04:31.091028 ioctl(4, _IOC(_IOC_NONE, 0x75, 0x30, 0), 0xffffffffe108) = 0 <0.000187>
19795 19:04:31.091719 ioctl(4, _IOC(_IOC_NONE, 0x75, 0x30, 0), 0xffffffffe138) = 0 <0.000574>
19795 19:04:31.092420 ioctl(4, _IOC(_IOC_NONE, 0x75, 0x30, 0), 0xffffffffe108) = 0 <0.000370>
19795 19:04:31.092962 ioctl(4, _IOC(_IOC_NONE, 0x75, 0x30, 0), 0xffffffffe138) = 0 <0.000168>
19795 19:04:31.093277 ioctl(4, _IOC(_IOC_NONE, 0x75, 0x30, 0), 0xffffffffe108) = 0 <0.000305>
19795 19:04:31.094192 ioctl(4, _IOC(_IOC_NONE, 0x75, 0x30, 0), 0xffffffffe138) = 0 <0.000205>
19795 19:04:31.095008 ioctl(4, _IOC(_IOC_NONE, 0x75, 0x30, 0), 0xffffffffe108) = 0 <0.000116>
19795 19:04:31.095299 ioctl(4, _IOC(_IOC_NONE, 0x75, 0x30, 0), 0xffffffffe138) = 0 <0.000115>
19795 19:04:31.095483 ioctl(4, _IOC(_IOC_NONE, 0x75, 0x30, 0), 0xffffffffe108) = 0 <0.000334>
19795 19:04:31.095968 ioctl(4, _IOC(_IOC_NONE, 0x75, 0x30, 0), 0xffffffffe138) = 0 <0.000321>
19795 19:04:31.096379 ioctl(4, _IOC(_IOC_NONE, 0x75, 0x30, 0), 0xffffffffe108) = 0 <0.000175>
19795 19:04:31.096901 ioctl(4, _IOC(_IOC_NONE, 0x75, 0x30, 0), 0xffffffffe138) = 0 <0.000435>
19795 19:04:31.097427 ioctl(4, _IOC(_IOC_NONE, 0x75, 0x30, 0), 0xffffffffe108) = 0 <0.000714>
19795 19:04:31.098473 ioctl(4, _IOC(_IOC_NONE, 0x75, 0x30, 0), 0xffffffffe138) = 0 <0.000134>
19795 19:04:31.098720 ioctl(4, _IOC(_IOC_NONE, 0x75, 0x30, 0), 0xffffffffe108) = 0 <0.000419>
19795 19:04:31.099364 ioctl(4, _IOC(_IOC_NONE, 0x75, 0x30, 0), 0xffffffffe138) = 0 <0.000124>
19795 19:04:31.099582 ioctl(4, _IOC(_IOC_NONE, 0x75, 0x30, 0), 0xffffffffe108) = 0 <0.000146>
19795 19:04:31.099870 ioctl(4, _IOC(_IOC_NONE, 0x75, 0x30, 0), 0xffffffffe138) = 0 <0.000281>
19795 19:04:31.100241 ioctl(4, _IOC(_IOC_NONE, 0x75, 0x30, 0), 0xffffffffe108) = 0 <0.000098>
19795 19:04:31.100527 ioctl(4, _IOC(_IOC_NONE, 0x75, 0x30, 0), 0xffffffffe138) = 0 <0.000120>
19795 19:04:31.100740 ioctl(4, _IOC(_IOC_NONE, 0x75, 0x30, 0), 0xffffffffe108) = 0 <0.000114>
19795 19:04:31.101041 ioctl(4, _IOC(_IOC_NONE, 0x75, 0x30, 0), 0xffffffffe138) = 0 <0.000207>
19795 19:04:31.101351 ioctl(4, _IOC(_IOC_NONE, 0x75, 0x30, 0), 0xffffffffe108) = 0 <0.000094>
19795 19:04:31.101657 ioctl(4, _IOC(_IOC_NONE, 0x75, 0x30, 0), 0xffffffffe138) = 0 <0.000338>
19795 19:04:31.102145 ioctl(4, _IOC(_IOC_NONE, 0x75, 0x30, 0), 0xffffffffe108) = 0 <0.000294>
19795 19:04:31.102639 ioctl(4, _IOC(_IOC_NONE, 0x75, 0x30, 0), 0xffffffffe138) = 0 <0.000124>
19795 19:04:31.102842 ioctl(4, _IOC(_IOC_NONE, 0x75, 0x30, 0), 0xffffffffe108) = 0 <0.000183>
19795 19:04:31.103188 ioctl(4, _IOC(_IOC_NONE, 0x75, 0x30, 0), 0xffffffffe138) = 0 <0.000116>
19795 19:04:31.103395 ioctl(4, _IOC(_IOC_NONE, 0x75, 0x30, 0), 0xffffffffe108) = 0 <0.000097>
19795 19:04:31.103652 ioctl(4, _IOC(_IOC_NONE, 0x75, 0x30, 0), 0xffffffffe138) = 0 <0.000113>
19795 19:04:31.103849 ioctl(4, _IOC(_IOC_NONE, 0x75, 0x30, 0), 0xffffffffe108) = 0 <0.000092>
19795 19:04:31.104092 ioctl(4, _IOC(_IOC_NONE, 0x75, 0x30, 0), 0xffffffffe138) = 0 <0.000112>
19795 19:04:31.104288 ioctl(4, _IOC(_IOC_NONE, 0x75, 0x30, 0), 0xffffffffe108) = 0 <0.000087>
19795 19:04:31.104850 ioctl(4, _IOC(_IOC_NONE, 0x75, 0x30, 0), 0xffffffffe138) = 0 <0.000132>
19795 19:04:31.105098 ioctl(4, _IOC(_IOC_NONE, 0x75, 0x30, 0), 0xffffffffe108) = 0 <0.000279>
19795 19:04:31.106154 brk(0xaaaaab812000) = 0xaaaaab812000 <0.000050>
19795 19:04:31.107769 ioctl(4, _IOC(_IOC_NONE, 0x75, 0x30, 0), 0xffffffffe138) = 0 <0.000126>
19795 19:04:31.107998 ioctl(4, _IOC(_IOC_NONE, 0x75, 0x30, 0), 0xffffffffe108) = 0 <0.000095>
19795 19:04:31.108216 ioctl(4, _IOC(_IOC_NONE, 0x75, 0x30, 0), 0xffffffffe138) = 0 <0.000100>
19795 19:04:31.108370 ioctl(4, _IOC(_IOC_NONE, 0x75, 0x30, 0), 0xffffffffe108) = 0 <0.000083>
19795 19:04:31.108581 ioctl(4, _IOC(_IOC_NONE, 0x75, 0x30, 0), 0xffffffffe138) = 0 <0.000122>
19795 19:04:31.108890 ioctl(4, _IOC(_IOC_NONE, 0x75, 0x30, 0), 0xffffffffe108) = 0 <0.000090>
19795 19:04:31.109115 ioctl(4, _IOC(_IOC_NONE, 0x75, 0x30, 0), 0xffffffffe138) = 0 <0.000106>
19795 19:04:31.109283 ioctl(4, _IOC(_IOC_NONE, 0x75, 0x30, 0), 0xffffffffe108) = 0 <0.000081>
19795 19:04:31.109483 ioctl(4, _IOC(_IOC_NONE, 0x75, 0x30, 0), 0xffffffffe138) = 0 <0.000708>
19795 19:04:31.110481 ioctl(4, _IOC(_IOC_NONE, 0x75, 0x30, 0), 0xffffffffe108) = 0 <0.000491>
19795 19:04:31.111349 ioctl(4, _IOC(_IOC_NONE, 0x75, 0x30, 0), 0xffffffffe138) = 0 <0.000496>
19795 19:04:31.112132 ioctl(4, _IOC(_IOC_NONE, 0x75, 0x30, 0), 0xffffffffe108) = 0 <0.000363>
19795 19:04:31.112688 ioctl(4, _IOC(_IOC_NONE, 0x75, 0x30, 0), 0xffffffffe138) = 0 <0.000393>
19795 19:04:31.113455 ioctl(4, _IOC(_IOC_NONE, 0x75, 0x30, 0), 0xffffffffe108) = 0 <0.000138>
19795 19:04:31.113823 ioctl(4, _IOC(_IOC_NONE, 0x75, 0x30, 0), 0xffffffffe138) = 0 <0.000346>
19795 19:04:31.114263 ioctl(4, _IOC(_IOC_NONE, 0x75, 0x30, 0), 0xffffffffe108) = 0 <0.000377>
19795 19:04:31.115061 ioctl(4, _IOC(_IOC_NONE, 0x75, 0x30, 0), 0xffffffffe138) = 0 <0.000124>
19795 19:04:31.115329 ioctl(4, _IOC(_IOC_NONE, 0x75, 0x30, 0), 0xffffffffe108) = 0 <0.000341>
19795 19:04:31.116142 ioctl(4, _IOC(_IOC_NONE, 0x75, 0x30, 0), 0xffffffffe138) = 0 <0.000120>
19795 19:04:31.116366 ioctl(4, _IOC(_IOC_NONE, 0x75, 0x30, 0), 0xffffffffe108) = 0 <0.000307>
19795 19:04:31.116940 ioctl(4, _IOC(_IOC_NONE, 0x75, 0x30, 0), 0xffffffffe138) = 0 <0.000261>
19795 19:04:31.117287 ioctl(4, _IOC(_IOC_NONE, 0x75, 0x30, 0), 0xffffffffe108) = 0 <0.000316>
19795 19:04:31.118058 ioctl(4, _IOC(_IOC_NONE, 0x75, 0x30, 0), 0xffffffffe138) = 0 <0.000178>
19795 19:04:31.118411 ioctl(4, _IOC(_IOC_NONE, 0x75, 0x30, 0), 0xffffffffe108) = 0 <0.000327>
19795 19:04:31.119103 ioctl(4, _IOC(_IOC_NONE, 0x75, 0x30, 0), 0xffffffffe138) = 0 <0.000296>
19795 19:04:31.119554 ioctl(4, _IOC(_IOC_NONE, 0x75, 0x30, 0), 0xffffffffe108) = 0 <0.000350>
19795 19:04:31.120223 ioctl(4, _IOC(_IOC_NONE, 0x75, 0x30, 0), 0xffffffffe138) = 0 <0.000122>
19795 19:04:31.120426 ioctl(4, _IOC(_IOC_NONE, 0x75, 0x30, 0), 0xffffffffe108) = 0 <0.000335>
19795 19:04:31.120943 ioctl(4, _IOC(_IOC_NONE, 0x75, 0x30, 0), 0xffffffffe138) = 0 <0.000433>
19795 19:04:31.121457 ioctl(4, _IOC(_IOC_NONE, 0x75, 0x30, 0), 0xffffffffe108) = 0 <0.000316>
19795 19:04:31.122230 ioctl(4, _IOC(_IOC_NONE, 0x75, 0x30, 0), 0xffffffffe138) = 0 <0.000286>
19795 19:04:31.122695 ioctl(4, _IOC(_IOC_NONE, 0x75, 0x30, 0), 0xffffffffe108) = 0 <0.000303>
19795 19:04:31.123369 ioctl(4, _IOC(_IOC_NONE, 0x75, 0x30, 0), 0xffffffffe138) = 0 <0.000245>
19795 19:04:31.123725 ioctl(4, _IOC(_IOC_NONE, 0x75, 0x30, 0), 0xffffffffe108) = 0 <0.000251>
19795 19:04:31.124536 ioctl(4, _IOC(_IOC_NONE, 0x75, 0x30, 0), 0xffffffffe138) = 0 <0.000384>
19795 19:04:31.125114 ioctl(4, _IOC(_IOC_NONE, 0x75, 0x30, 0), 0xffffffffe108) = 0 <0.000278>
19795 19:04:31.125715 ioctl(4, _IOC(_IOC_NONE, 0x75, 0x30, 0), 0xffffffffe138) = 0 <0.000492>
19795 19:04:31.126515 ioctl(4, _IOC(_IOC_NONE, 0x75, 0x30, 0), 0xffffffffe108) = 0 <0.000106>
19795 19:04:31.126973 ioctl(4, _IOC(_IOC_NONE, 0x75, 0x30, 0), 0xffffffffe138) = 0 <0.000336>
19795 19:04:31.127769 ioctl(4, _IOC(_IOC_NONE, 0x75, 0x30, 0), 0xffffffffe108) = 0 <0.000102>
19795 19:04:31.128055 ioctl(4, _IOC(_IOC_NONE, 0x75, 0x30, 0), 0xffffffffe138) = 0 <0.000108>
19795 19:04:31.128231 ioctl(4, _IOC(_IOC_NONE, 0x75, 0x30, 0), 0xffffffffe108) = 0 <0.000084>
19795 19:04:31.128426 ioctl(4, _IOC(_IOC_NONE, 0x75, 0x30, 0), 0xffffffffe138) = 0 <0.000095>
19795 19:04:31.128578 ioctl(4, _IOC(_IOC_NONE, 0x75, 0x30, 0), 0xffffffffe108) = 0 <0.000083>
19795 19:04:31.128780 ioctl(4, _IOC(_IOC_NONE, 0x75, 0x30, 0), 0xffffffffe138) = 0 <0.000096>
19795 19:04:31.128935 ioctl(4, _IOC(_IOC_NONE, 0x75, 0x30, 0), 0xffffffffe108) = 0 <0.000085>
19795 19:04:31.129133 ioctl(4, _IOC(_IOC_NONE, 0x75, 0x30, 0), 0xffffffffe138) = 0 <0.000100>
19795 19:04:31.129294 ioctl(4, _IOC(_IOC_NONE, 0x75, 0x30, 0), 0xffffffffe108) = 0 <0.000086>
19795 19:04:31.129481 ioctl(4, _IOC(_IOC_NONE, 0x75, 0x30, 0), 0xffffffffe138) = 0 <0.000131>
19795 19:04:31.129704 ioctl(4, _IOC(_IOC_NONE, 0x75, 0x30, 0), 0xffffffffe108) = 0 <0.000103>
19795 19:04:31.129969 ioctl(4, _IOC(_IOC_NONE, 0x75, 0x30, 0), 0xffffffffe138) = 0 <0.000122>
19795 19:04:31.130179 ioctl(4, _IOC(_IOC_NONE, 0x75, 0x30, 0), 0xffffffffe108) = 0 <0.000089>
19795 19:04:31.132039 brk(0xaaaaab95e000) = 0xaaaaab95e000 <0.000063>
19795 19:04:31.133448 ioctl(4, _IOC(_IOC_NONE, 0x75, 0x30, 0), 0xffffffffe138) = 0 <0.000170>
19795 19:04:31.133745 ioctl(4, _IOC(_IOC_NONE, 0x75, 0x30, 0), 0xffffffffe108) = 0 <0.000091>
19795 19:04:31.134013 ioctl(4, _IOC(_IOC_NONE, 0x75, 0x30, 0), 0xffffffffe138) = 0 <0.000110>
19795 19:04:31.134191 ioctl(4, _IOC(_IOC_NONE, 0x75, 0x30, 0), 0xffffffffe108) = 0 <0.000085>
19795 19:04:31.134401 ioctl(4, _IOC(_IOC_NONE, 0x75, 0x30, 0), 0xffffffffe138) = 0 <0.000098>
19795 19:04:31.134559 ioctl(4, _IOC(_IOC_NONE, 0x75, 0x30, 0), 0xffffffffe108) = 0 <0.000085>
19795 19:04:31.134749 ioctl(4, _IOC(_IOC_NONE, 0x75, 0x30, 0), 0xffffffffe138) = 0 <0.000098>
19795 19:04:31.134906 ioctl(4, _IOC(_IOC_NONE, 0x75, 0x30, 0), 0xffffffffe108) = 0 <0.000082>
19795 19:04:31.135080 ioctl(4, _IOC(_IOC_NONE, 0x75, 0x30, 0), 0xffffffffe138) = 0 <0.000095>
19795 19:04:31.135231 ioctl(4, _IOC(_IOC_NONE, 0x75, 0x30, 0), 0xffffffffe108) = 0 <0.000088>
19795 19:04:31.135416 ioctl(4, _IOC(_IOC_NONE, 0x75, 0x30, 0), 0xffffffffe138) = 0 <0.000094>
19795 19:04:31.135567 ioctl(4, _IOC(_IOC_NONE, 0x75, 0x30, 0), 0xffffffffe108) = 0 <0.000082>
19795 19:04:31.136344 ioctl(4, _IOC(_IOC_NONE, 0x75, 0x30, 0), 0xffffffffe138) = 0 <0.000206>
19795 19:04:31.136674 ioctl(4, _IOC(_IOC_NONE, 0x75, 0x30, 0), 0xffffffffe108) = 0 <0.000095>
19795 19:04:31.136932 ioctl(4, _IOC(_IOC_NONE, 0x75, 0x30, 0), 0xffffffffe138) = 0 <0.000105>
19795 19:04:31.137102 ioctl(4, _IOC(_IOC_NONE, 0x75, 0x30, 0), 0xffffffffe108) = 0 <0.000085>
19795 19:04:31.137291 ioctl(4, _IOC(_IOC_NONE, 0x75, 0x30, 0), 0xffffffffe138) = 0 <0.000093>
19795 19:04:31.137443 ioctl(4, _IOC(_IOC_NONE, 0x75, 0x30, 0), 0xffffffffe108) = 0 <0.000087>
19795 19:04:31.138152 ioctl(4, _IOC(_IOC_NONE, 0x75, 0x30, 0), 0xffffffffe138) = 0 <0.000222>
19795 19:04:31.138566 ioctl(4, _IOC(_IOC_NONE, 0x75, 0x30, 0), 0xffffffffe108) = 0 <0.000125>
19795 19:04:31.138955 ioctl(4, _IOC(_IOC_NONE, 0x75, 0x30, 0), 0xffffffffe138) = 0 <0.000118>
19795 19:04:31.139156 ioctl(4, _IOC(_IOC_NONE, 0x75, 0x30, 0), 0xffffffffe108) = 0 <0.000090>
19795 19:04:31.139458 ioctl(4, _IOC(_IOC_NONE, 0x75, 0x30, 0), 0xffffffffe138) = 0 <0.000310>
19795 19:04:31.139998 ioctl(4, _IOC(_IOC_NONE, 0x75, 0x30, 0), 0xffffffffe108) = 0 <0.000337>
19795 19:04:31.140662 ioctl(4, _IOC(_IOC_NONE, 0x75, 0x30, 0), 0xffffffffe138) = 0 <0.000546>
19795 19:04:31.141295 ioctl(4, _IOC(_IOC_NONE, 0x75, 0x30, 0), 0xffffffffe108) = 0 <0.000088>
19795 19:04:31.141521 ioctl(4, _IOC(_IOC_NONE, 0x75, 0x30, 0), 0xffffffffe138) = 0 <0.000144>
19795 19:04:31.141781 ioctl(4, _IOC(_IOC_NONE, 0x75, 0x30, 0), 0xffffffffe108) = 0 <0.000160>
19795 19:04:31.142203 ioctl(4, _IOC(_IOC_NONE, 0x75, 0x30, 0), 0xffffffffe138) = 0 <0.000204>
19795 19:04:31.142575 ioctl(4, _IOC(_IOC_NONE, 0x75, 0x30, 0), 0xffffffffe108) = 0 <0.000124>
19795 19:04:31.142942 ioctl(4, _IOC(_IOC_NONE, 0x75, 0x30, 0), 0xffffffffe138) = 0 <0.000285>
19795 19:04:31.143432 ioctl(4, _IOC(_IOC_NONE, 0x75, 0x30, 0), 0xffffffffe108) = 0 <0.000325>
19795 19:04:31.143951 ioctl(4, _IOC(_IOC_NONE, 0x75, 0x30, 0), 0xffffffffe138) = 0 <0.000205>
19795 19:04:31.144279 ioctl(4, _IOC(_IOC_NONE, 0x75, 0x30, 0), 0xffffffffe108) = 0 <0.000412>
19795 19:04:31.144840 ioctl(4, _IOC(_IOC_NONE, 0x75, 0x30, 0), 0xffffffffe138) = 0 <0.000120>
19795 19:04:31.145029 ioctl(4, _IOC(_IOC_NONE, 0x75, 0x30, 0), 0xffffffffe108) = 0 <0.000081>
19795 19:04:31.145274 ioctl(4, _IOC(_IOC_NONE, 0x75, 0x30, 0), 0xffffffffe138) = 0 <0.000186>
19795 19:04:31.145565 ioctl(4, _IOC(_IOC_NONE, 0x75, 0x30, 0), 0xffffffffe108) = 0 <0.000264>
19795 19:04:31.146308 ioctl(4, _IOC(_IOC_NONE, 0x75, 0x30, 0), 0xffffffffe138) = 0 <0.000208>
19795 19:04:31.146720 ioctl(4, _IOC(_IOC_NONE, 0x75, 0x30, 0), 0xffffffffe108) = 0 <0.000139>
19795 19:04:31.147101 ioctl(4, _IOC(_IOC_NONE, 0x75, 0x30, 0), 0xffffffffe138) = 0 <0.000136>
19795 19:04:31.147348 ioctl(4, _IOC(_IOC_NONE, 0x75, 0x30, 0), 0xffffffffe108) = 0 <0.000093>
19795 19:04:31.147740 ioctl(4, _IOC(_IOC_NONE, 0x75, 0x30, 0), 0xffffffffe138) = 0 <0.000219>
19795 19:04:31.148191 ioctl(4, _IOC(_IOC_NONE, 0x75, 0x30, 0), 0xffffffffe108) = 0 <0.000274>
19795 19:04:31.148631 ioctl(4, _IOC(_IOC_NONE, 0x75, 0x30, 0), 0xffffffffe138) = 0 <0.000140>
19795 19:04:31.148880 ioctl(4, _IOC(_IOC_NONE, 0x75, 0x30, 0), 0xffffffffe108) = 0 <0.000221>
19795 19:04:31.149405 ioctl(4, _IOC(_IOC_NONE, 0x75, 0x30, 0), 0xffffffffe138) = 0 <0.000114>
19795 19:04:31.149616 ioctl(4, _IOC(_IOC_NONE, 0x75, 0x30, 0), 0xffffffffe108) = 0 <0.000132>
19795 19:04:31.150022 ioctl(4, _IOC(_IOC_NONE, 0x75, 0x30, 0), 0xffffffffe138) = 0 <0.000385>
19795 19:04:31.150699 ioctl(4, _IOC(_IOC_NONE, 0x75, 0x30, 0), 0xffffffffe108) = 0 <0.000100>
19795 19:04:31.150949 ioctl(4, _IOC(_IOC_NONE, 0x75, 0x30, 0), 0xffffffffe138) = 0 <0.000146>
19795 19:04:31.151185 ioctl(4, _IOC(_IOC_NONE, 0x75, 0x30, 0), 0xffffffffe108) = 0 <0.000200>
19795 19:04:31.151823 brk(0xaaaaabaaa000) = 0xaaaaabaaa000 <0.000190>
19795 19:04:31.153391 ioctl(4, _IOC(_IOC_NONE, 0x75, 0x30, 0), 0xffffffffe138) = 0 <0.000129>
19795 19:04:31.153671 ioctl(4, _IOC(_IOC_NONE, 0x75, 0x30, 0), 0xffffffffe108) = 0 <0.000102>
19795 19:04:31.153980 ioctl(4, _IOC(_IOC_NONE, 0x75, 0x30, 0), 0xffffffffe138) = 0 <0.000371>
19795 19:04:31.154476 ioctl(4, _IOC(_IOC_NONE, 0x75, 0x30, 0), 0xffffffffe108) = 0 <0.000120>
19795 19:04:31.155119 ioctl(4, _IOC(_IOC_NONE, 0x75, 0x30, 0), 0xffffffffe138) = 0 <0.000203>
19795 19:04:31.155502 ioctl(4, _IOC(_IOC_NONE, 0x75, 0x30, 0), 0xffffffffe108) = 0 <0.000106>
19795 19:04:31.155829 ioctl(4, _IOC(_IOC_NONE, 0x75, 0x30, 0), 0xffffffffe138) = 0 <0.000145>
19795 19:04:31.156142 ioctl(4, _IOC(_IOC_NONE, 0x75, 0x30, 0), 0xffffffffe108) = 0 <0.000103>
19795 19:04:31.156448 ioctl(4, _IOC(_IOC_NONE, 0x75, 0x30, 0), 0xffffffffe138) = 0 <0.000144>
19795 19:04:31.156696 ioctl(4, _IOC(_IOC_NONE, 0x75, 0x30, 0), 0xffffffffe108) = 0 <0.000153>
19795 19:04:31.157063 ioctl(4, _IOC(_IOC_NONE, 0x75, 0x30, 0), 0xffffffffe138) = 0 <0.000120>
19795 19:04:31.157325 ioctl(4, _IOC(_IOC_NONE, 0x75, 0x30, 0), 0xffffffffe108) = 0 <0.000147>
19795 19:04:31.157809 ioctl(4, _IOC(_IOC_NONE, 0x75, 0x30, 0), 0xffffffffe138) = 0 <0.000284>
19795 19:04:31.158195 ioctl(4, _IOC(_IOC_NONE, 0x75, 0x30, 0), 0xffffffffe108) = 0 <0.000098>
19795 19:04:31.158501 ioctl(4, _IOC(_IOC_NONE, 0x75, 0x30, 0), 0xffffffffe138) = 0 <0.000317>
19795 19:04:31.158903 ioctl(4, _IOC(_IOC_NONE, 0x75, 0x30, 0), 0xffffffffe108) = 0 <0.000128>
19795 19:04:31.159317 ioctl(4, _IOC(_IOC_NONE, 0x75, 0x30, 0), 0xffffffffe138) = 0 <0.000174>
19795 19:04:31.159663 ioctl(4, _IOC(_IOC_NONE, 0x75, 0x30, 0), 0xffffffffe108) = 0 <0.000124>
19795 19:04:31.160011 ioctl(4, _IOC(_IOC_NONE, 0x75, 0x30, 0), 0xffffffffe138) = 0 <0.000232>
19795 19:04:31.160519 ioctl(4, _IOC(_IOC_NONE, 0x75, 0x30, 0), 0xffffffffe108) = 0 <0.000223>
19795 19:04:31.161057 ioctl(4, _IOC(_IOC_NONE, 0x75, 0x30, 0), 0xffffffffe138) = 0 <0.000153>
19795 19:04:31.161339 ioctl(4, _IOC(_IOC_NONE, 0x75, 0x30, 0), 0xffffffffe108) = 0 <0.000275>
19795 19:04:31.161862 ioctl(4, _IOC(_IOC_NONE, 0x75, 0x30, 0), 0xffffffffe138) = 0 <0.000328>
19795 19:04:31.162288 ioctl(4, _IOC(_IOC_NONE, 0x75, 0x30, 0), 0xffffffffe108) = 0 <0.000095>
19795 19:04:31.162602 ioctl(4, _IOC(_IOC_NONE, 0x75, 0x30, 0), 0xffffffffe138) = 0 <0.000300>
19795 19:04:31.162990 ioctl(4, _IOC(_IOC_NONE, 0x75, 0x30, 0), 0xffffffffe108) = 0 <0.000097>
19795 19:04:31.163326 ioctl(4, _IOC(_IOC_NONE, 0x75, 0x30, 0), 0xffffffffe138) = 0 <0.000232>
19795 19:04:31.163852 ioctl(4, _IOC(_IOC_NONE, 0x75, 0x30, 0), 0xffffffffe108) = 0 <0.000199>
19795 19:04:31.164356 ioctl(4, _IOC(_IOC_NONE, 0x75, 0x30, 0), 0xffffffffe138) = 0 <0.000114>
19795 19:04:31.164573 ioctl(4, _IOC(_IOC_NONE, 0x75, 0x30, 0), 0xffffffffe108) = 0 <0.000187>
19795 19:04:31.165078 ioctl(4, _IOC(_IOC_NONE, 0x75, 0x30, 0), 0xffffffffe138) = 0 <0.000296>
19795 19:04:31.165455 ioctl(4, _IOC(_IOC_NONE, 0x75, 0x30, 0), 0xffffffffe108) = 0 <0.000151>
19795 19:04:31.165874 ioctl(4, _IOC(_IOC_NONE, 0x75, 0x30, 0), 0xffffffffe138) = 0 <0.000296>
19795 19:04:31.166325 ioctl(4, _IOC(_IOC_NONE, 0x75, 0x30, 0), 0xffffffffe108) = 0 <0.000272>
19795 19:04:31.166809 ioctl(4, _IOC(_IOC_NONE, 0x75, 0x30, 0), 0xffffffffe138) = 0 <0.000220>
19795 19:04:31.167174 ioctl(4, _IOC(_IOC_NONE, 0x75, 0x30, 0), 0xffffffffe108) = 0 <0.000148>
19795 19:04:31.167531 ioctl(4, _IOC(_IOC_NONE, 0x75, 0x30, 0), 0xffffffffe138) = 0 <0.000235>
19795 19:04:31.167895 ioctl(4, _IOC(_IOC_NONE, 0x75, 0x30, 0), 0xffffffffe108) = 0 <0.000132>
19795 19:04:31.168260 ioctl(4, _IOC(_IOC_NONE, 0x75, 0x30, 0), 0xffffffffe138) = 0 <0.000253>
19795 19:04:31.168601 ioctl(4, _IOC(_IOC_NONE, 0x75, 0x30, 0), 0xffffffffe108) = 0 <0.000097>
19795 19:04:31.168970 ioctl(4, _IOC(_IOC_NONE, 0x75, 0x30, 0), 0xffffffffe138) = 0 <0.000249>
19795 19:04:31.169307 ioctl(4, _IOC(_IOC_NONE, 0x75, 0x30, 0), 0xffffffffe108) = 0 <0.000165>
19795 19:04:31.169762 ioctl(4, _IOC(_IOC_NONE, 0x75, 0x30, 0), 0xffffffffe138) = 0 <0.000201>
19795 19:04:31.170111 ioctl(4, _IOC(_IOC_NONE, 0x75, 0x30, 0), 0xffffffffe108) = 0 <0.000206>
19795 19:04:31.170514 ioctl(4, _IOC(_IOC_NONE, 0x75, 0x30, 0), 0xffffffffe138) = 0 <0.000240>
19795 19:04:31.170884 ioctl(4, _IOC(_IOC_NONE, 0x75, 0x30, 0), 0xffffffffe108) = 0 <0.000118>
19795 19:04:31.171248 ioctl(4, _IOC(_IOC_NONE, 0x75, 0x30, 0), 0xffffffffe138) = 0 <0.000195>
19795 19:04:31.171608 ioctl(4, _IOC(_IOC_NONE, 0x75, 0x30, 0), 0xffffffffe108) = 0 <0.000090>
19795 19:04:31.171893 ioctl(4, _IOC(_IOC_NONE, 0x75, 0x30, 0), 0xffffffffe138) = 0 <0.000263>
19795 19:04:31.172227 ioctl(4, _IOC(_IOC_NONE, 0x75, 0x30, 0), 0xffffffffe108) = 0 <0.000199>
19795 19:04:31.172558 ioctl(4, _IOC(_IOC_NONE, 0x75, 0x30, 0), 0xffffffffe138) = 0 <0.000161>
19795 19:04:31.172824 ioctl(4, _IOC(_IOC_NONE, 0x75, 0x30, 0), 0xffffffffe108) = 0 <0.000214>
19795 19:04:31.173545 brk(0xaaaaabbf6000) = 0xaaaaabbf6000 <0.000127>
19795 19:04:31.175437 ioctl(4, _IOC(_IOC_NONE, 0x75, 0x30, 0), 0xffffffffe138) = 0 <0.000320>
19795 19:04:31.175990 ioctl(4, _IOC(_IOC_NONE, 0x75, 0x30, 0), 0xffffffffe108) = 0 <0.000214>
19795 19:04:31.176459 ioctl(4, _IOC(_IOC_NONE, 0x75, 0x30, 0), 0xffffffffe138) = 0 <0.000177>
19795 19:04:31.176753 ioctl(4, _IOC(_IOC_NONE, 0x75, 0x30, 0), 0xffffffffe108) = 0 <0.000171>
19795 19:04:31.177225 ioctl(4, _IOC(_IOC_NONE, 0x75, 0x30, 0), 0xffffffffe138) = 0 <0.000115>
19795 19:04:31.177448 ioctl(4, _IOC(_IOC_NONE, 0x75, 0x30, 0), 0xffffffffe108) = 0 <0.000286>
19795 19:04:31.178005 ioctl(4, _IOC(_IOC_NONE, 0x75, 0x30, 0), 0xffffffffe138) = 0 <0.000144>
19795 19:04:31.178282 ioctl(4, _IOC(_IOC_NONE, 0x75, 0x30, 0), 0xffffffffe108) = 0 <0.000191>
19795 19:04:31.178658 ioctl(4, _IOC(_IOC_NONE, 0x75, 0x30, 0), 0xffffffffe138) = 0 <0.000252>
19795 19:04:31.178991 ioctl(4, _IOC(_IOC_NONE, 0x75, 0x30, 0), 0xffffffffe108) = 0 <0.000199>
19795 19:04:31.179475 ioctl(4, _IOC(_IOC_NONE, 0x75, 0x30, 0), 0xffffffffe138) = 0 <0.000213>
19795 19:04:31.179776 ioctl(4, _IOC(_IOC_NONE, 0x75, 0x30, 0), 0xffffffffe108) = 0 <0.000185>
19795 19:04:31.180216 ioctl(4, _IOC(_IOC_NONE, 0x75, 0x30, 0), 0xffffffffe138) = 0 <0.000144>
19795 19:04:31.180470 ioctl(4, _IOC(_IOC_NONE, 0x75, 0x30, 0), 0xffffffffe108) = 0 <0.000188>
19795 19:04:31.180870 ioctl(4, _IOC(_IOC_NONE, 0x75, 0x30, 0), 0xffffffffe138) = 0 <0.000228>
19795 19:04:31.181180 ioctl(4, _IOC(_IOC_NONE, 0x75, 0x30, 0), 0xffffffffe108) = 0 <0.000179>
19795 19:04:31.181777 ioctl(4, _IOC(_IOC_NONE, 0x75, 0x30, 0), 0xffffffffe138) = 0 <0.000128>
19795 19:04:31.182037 ioctl(4, _IOC(_IOC_NONE, 0x75, 0x30, 0), 0xffffffffe108) = 0 <0.000201>
19795 19:04:31.182545 ioctl(4, _IOC(_IOC_NONE, 0x75, 0x30, 0), 0xffffffffe138) = 0 <0.000197>
19795 19:04:31.182873 ioctl(4, _IOC(_IOC_NONE, 0x75, 0x30, 0), 0xffffffffe108) = 0 <0.000185>
19795 19:04:31.183308 ioctl(4, _IOC(_IOC_NONE, 0x75, 0x30, 0), 0xffffffffe138) = 0 <0.000184>
19795 19:04:31.183575 ioctl(4, _IOC(_IOC_NONE, 0x75, 0x30, 0), 0xffffffffe108) = 0 <0.000149>
19795 19:04:31.183966 ioctl(4, _IOC(_IOC_NONE, 0x75, 0x30, 0), 0xffffffffe138) = 0 <0.000161>
19795 19:04:31.184269 ioctl(4, _IOC(_IOC_NONE, 0x75, 0x30, 0), 0xffffffffe108) = 0 <0.000218>
19795 19:04:31.184629 ioctl(4, _IOC(_IOC_NONE, 0x75, 0x30, 0), 0xffffffffe138) = 0 <0.000207>
19795 19:04:31.184975 ioctl(4, _IOC(_IOC_NONE, 0x75, 0x30, 0), 0xffffffffe108) = 0 <0.000186>
19795 19:04:31.185342 ioctl(4, _IOC(_IOC_NONE, 0x75, 0x30, 0), 0xffffffffe138) = 0 <0.000345>
19795 19:04:31.185784 ioctl(4, _IOC(_IOC_NONE, 0x75, 0x30, 0), 0xffffffffe108) = 0 <0.000097>
19795 19:04:31.186059 ioctl(4, _IOC(_IOC_NONE, 0x75, 0x30, 0), 0xffffffffe138) = 0 <0.000202>
19795 19:04:31.186361 ioctl(4, _IOC(_IOC_NONE, 0x75, 0x30, 0), 0xffffffffe108) = 0 <0.000171>
19795 19:04:31.186866 ioctl(4, _IOC(_IOC_NONE, 0x75, 0x30, 0), 0xffffffffe138) = 0 <0.000111>
19795 19:04:31.187042 ioctl(4, _IOC(_IOC_NONE, 0x75, 0x30, 0), 0xffffffffe108) = 0 <0.000116>
19795 19:04:31.187333 ioctl(4, _IOC(_IOC_NONE, 0x75, 0x30, 0), 0xffffffffe138) = 0 <0.000215>
19795 19:04:31.187635 ioctl(4, _IOC(_IOC_NONE, 0x75, 0x30, 0), 0xffffffffe108) = 0 <0.000301>
19795 19:04:31.188075 ioctl(4, _IOC(_IOC_NONE, 0x75, 0x30, 0), 0xffffffffe138) = 0 <0.000110>
19795 19:04:31.188251 ioctl(4, _IOC(_IOC_NONE, 0x75, 0x30, 0), 0xffffffffe108) = 0 <0.000153>
19795 19:04:31.188667 ioctl(4, _IOC(_IOC_NONE, 0x75, 0x30, 0), 0xffffffffe138) = 0 <0.000185>
19795 19:04:31.188957 ioctl(4, _IOC(_IOC_NONE, 0x75, 0x30, 0), 0xffffffffe108) = 0 <0.000122>
19795 19:04:31.189208 ioctl(4, _IOC(_IOC_NONE, 0x75, 0x30, 0), 0xffffffffe138) = 0 <0.000102>
19795 19:04:31.189373 ioctl(4, _IOC(_IOC_NONE, 0x75, 0x30, 0), 0xffffffffe108) = 0 <0.000087>
19795 19:04:31.189560 ioctl(4, _IOC(_IOC_NONE, 0x75, 0x30, 0), 0xffffffffe138) = 0 <0.000366>
19795 19:04:31.190075 ioctl(4, _IOC(_IOC_NONE, 0x75, 0x30, 0), 0xffffffffe108) = 0 <0.000116>
19795 19:04:31.190598 ioctl(4, _IOC(_IOC_NONE, 0x75, 0x30, 0), 0xffffffffe138) = 0 <0.000128>
19795 19:04:31.190806 ioctl(4, _IOC(_IOC_NONE, 0x75, 0x30, 0), 0xffffffffe108) = 0 <0.000128>
19795 19:04:31.191176 ioctl(4, _IOC(_IOC_NONE, 0x75, 0x30, 0), 0xffffffffe138) = 0 <0.000231>
19795 19:04:31.191581 ioctl(4, _IOC(_IOC_NONE, 0x75, 0x30, 0), 0xffffffffe108) = 0 <0.000094>
19795 19:04:31.191973 ioctl(4, _IOC(_IOC_NONE, 0x75, 0x30, 0), 0xffffffffe138) = 0 <0.000170>
19795 19:04:31.192347 ioctl(4, _IOC(_IOC_NONE, 0x75, 0x30, 0), 0xffffffffe108) = 0 <0.000097>
19795 19:04:31.192677 ioctl(4, _IOC(_IOC_NONE, 0x75, 0x30, 0), 0xffffffffe138) = 0 <0.000139>
19795 19:04:31.192924 ioctl(4, _IOC(_IOC_NONE, 0x75, 0x30, 0), 0xffffffffe108) = 0 <0.000150>
19795 19:04:31.193316 ioctl(4, _IOC(_IOC_NONE, 0x75, 0x30, 0), 0xffffffffe138) = 0 <0.000279>
19795 19:04:31.193708 ioctl(4, _IOC(_IOC_NONE, 0x75, 0x30, 0), 0xffffffffe108) = 0 <0.000136>
19795 19:04:31.194246 brk(0xaaaaabd42000) = 0xaaaaabd42000 <0.000143>
19795 19:04:31.195975 ioctl(4, _IOC(_IOC_NONE, 0x75, 0x30, 0), 0xffffffffe138) = 0 <0.000350>
19795 19:04:31.196544 ioctl(4, _IOC(_IOC_NONE, 0x75, 0x30, 0), 0xffffffffe108) = 0 <0.000211>
19795 19:04:31.197068 ioctl(4, _IOC(_IOC_NONE, 0x75, 0x30, 0), 0xffffffffe138) = 0 <0.000200>
19795 19:04:31.197353 ioctl(4, _IOC(_IOC_NONE, 0x75, 0x30, 0), 0xffffffffe108) = 0 <0.000286>
19795 19:04:31.197821 ioctl(4, _IOC(_IOC_NONE, 0x75, 0x30, 0), 0xffffffffe138) = 0 <0.000167>
19795 19:04:31.198114 ioctl(4, _IOC(_IOC_NONE, 0x75, 0x30, 0), 0xffffffffe108) = 0 <0.000245>
19795 19:04:31.198587 ioctl(4, _IOC(_IOC_NONE, 0x75, 0x30, 0), 0xffffffffe138) = 0 <0.000152>
19795 19:04:31.198865 ioctl(4, _IOC(_IOC_NONE, 0x75, 0x30, 0), 0xffffffffe108) = 0 <0.000201>
19795 19:04:31.199252 ioctl(4, _IOC(_IOC_NONE, 0x75, 0x30, 0), 0xffffffffe138) = 0 <0.000238>
19795 19:04:31.199676 ioctl(4, _IOC(_IOC_NONE, 0x75, 0x30, 0), 0xffffffffe108) = 0 <0.000132>
19795 19:04:31.200090 ioctl(4, _IOC(_IOC_NONE, 0x75, 0x30, 0), 0xffffffffe138) = 0 <0.000151>
19795 19:04:31.200412 ioctl(4, _IOC(_IOC_NONE, 0x75, 0x30, 0), 0xffffffffe108) = 0 <0.000094>
19795 19:04:31.200733 ioctl(4, _IOC(_IOC_NONE, 0x75, 0x30, 0), 0xffffffffe138) = 0 <0.000266>
19795 19:04:31.201106 ioctl(4, _IOC(_IOC_NONE, 0x75, 0x30, 0), 0xffffffffe108) = 0 <0.000186>
19795 19:04:31.201511 ioctl(4, _IOC(_IOC_NONE, 0x75, 0x30, 0), 0xffffffffe138) = 0 <0.000190>
19795 19:04:31.201939 ioctl(4, _IOC(_IOC_NONE, 0x75, 0x30, 0), 0xffffffffe108) = 0 <0.000100>
19795 19:04:31.202266 ioctl(4, _IOC(_IOC_NONE, 0x75, 0x30, 0), 0xffffffffe138) = 0 <0.000297>
19795 19:04:31.202644 ioctl(4, _IOC(_IOC_NONE, 0x75, 0x30, 0), 0xffffffffe108) = 0 <0.000138>
19795 19:04:31.203038 ioctl(4, _IOC(_IOC_NONE, 0x75, 0x30, 0), 0xffffffffe138) = 0 <0.000263>
19795 19:04:31.203384 ioctl(4, _IOC(_IOC_NONE, 0x75, 0x30, 0), 0xffffffffe108) = 0 <0.000159>
19795 19:04:31.203716 ioctl(4, _IOC(_IOC_NONE, 0x75, 0x30, 0), 0xffffffffe138) = 0 <0.000217>
19795 19:04:31.204034 ioctl(4, _IOC(_IOC_NONE, 0x75, 0x30, 0), 0xffffffffe108) = 0 <0.000170>
19795 19:04:31.204481 ioctl(4, _IOC(_IOC_NONE, 0x75, 0x30, 0), 0xffffffffe138) = 0 <0.000183>
19795 19:04:31.204832 ioctl(4, _IOC(_IOC_NONE, 0x75, 0x30, 0), 0xffffffffe108) = 0 <0.000123>
19795 19:04:31.205212 ioctl(4, _IOC(_IOC_NONE, 0x75, 0x30, 0), 0xffffffffe138) = 0 <0.000196>
19795 19:04:31.205557 ioctl(4, _IOC(_IOC_NONE, 0x75, 0x30, 0), 0xffffffffe108) = 0 <0.000152>
19795 19:04:31.206002 ioctl(4, _IOC(_IOC_NONE, 0x75, 0x30, 0), 0xffffffffe138) = 0 <0.000503>
19795 19:04:31.206617 ioctl(4, _IOC(_IOC_NONE, 0x75, 0x30, 0), 0xffffffffe108) = 0 <0.000112>
19795 19:04:31.207005 ioctl(4, _IOC(_IOC_NONE, 0x75, 0x30, 0), 0xffffffffe138) = 0 <0.000220>
19795 19:04:31.207358 ioctl(4, _IOC(_IOC_NONE, 0x75, 0x30, 0), 0xffffffffe108) = 0 <0.000314>
19795 19:04:31.207885 ioctl(4, _IOC(_IOC_NONE, 0x75, 0x30, 0), 0xffffffffe138) = 0 <0.000236>
19795 19:04:31.208207 ioctl(4, _IOC(_IOC_NONE, 0x75, 0x30, 0), 0xffffffffe108) = 0 <0.000208>
19795 19:04:31.208736 ioctl(4, _IOC(_IOC_NONE, 0x75, 0x30, 0), 0xffffffffe138) = 0 <0.000199>
19795 19:04:31.209077 ioctl(4, _IOC(_IOC_NONE, 0x75, 0x30, 0), 0xffffffffe108) = 0 <0.000135>
19795 19:04:31.209499 ioctl(4, _IOC(_IOC_NONE, 0x75, 0x30, 0), 0xffffffffe138) = 0 <0.000142>
19795 19:04:31.209782 ioctl(4, _IOC(_IOC_NONE, 0x75, 0x30, 0), 0xffffffffe108) = 0 <0.000220>
19795 19:04:31.210327 ioctl(4, _IOC(_IOC_NONE, 0x75, 0x30, 0), 0xffffffffe138) = 0 <0.000116>
19795 19:04:31.210519 ioctl(4, _IOC(_IOC_NONE, 0x75, 0x30, 0), 0xffffffffe108) = 0 <0.000113>
19795 19:04:31.210875 ioctl(4, _IOC(_IOC_NONE, 0x75, 0x30, 0), 0xffffffffe138) = 0 <0.000228>
19795 19:04:31.211296 ioctl(4, _IOC(_IOC_NONE, 0x75, 0x30, 0), 0xffffffffe108) = 0 <0.000091>
19795 19:04:31.211552 ioctl(4, _IOC(_IOC_NONE, 0x75, 0x30, 0), 0xffffffffe138) = 0 <0.000194>
19795 19:04:31.211878 ioctl(4, _IOC(_IOC_NONE, 0x75, 0x30, 0), 0xffffffffe108) = 0 <0.000235>
19795 19:04:31.212267 ioctl(4, _IOC(_IOC_NONE, 0x75, 0x30, 0), 0xffffffffe138) = 0 <0.000140>
19795 19:04:31.212506 ioctl(4, _IOC(_IOC_NONE, 0x75, 0x30, 0), 0xffffffffe108) = 0 <0.000240>
19795 19:04:31.212948 ioctl(4, _IOC(_IOC_NONE, 0x75, 0x30, 0), 0xffffffffe138) = 0 <0.000109>
19795 19:04:31.213122 ioctl(4, _IOC(_IOC_NONE, 0x75, 0x30, 0), 0xffffffffe108) = 0 <0.000087>
19795 19:04:31.213316 ioctl(4, _IOC(_IOC_NONE, 0x75, 0x30, 0), 0xffffffffe138) = 0 <0.000096>
19795 19:04:31.213469 ioctl(4, _IOC(_IOC_NONE, 0x75, 0x30, 0), 0xffffffffe108) = 0 <0.000113>
19795 19:04:31.213821 ioctl(4, _IOC(_IOC_NONE, 0x75, 0x30, 0), 0xffffffffe138) = 0 <0.000351>
19795 19:04:31.214288 ioctl(4, _IOC(_IOC_NONE, 0x75, 0x30, 0), 0xffffffffe108) = 0 <0.000117>
19795 19:04:31.214612 ioctl(4, _IOC(_IOC_NONE, 0x75, 0x30, 0), 0xffffffffe138) = 0 <0.000127>
19795 19:04:31.214819 ioctl(4, _IOC(_IOC_NONE, 0x75, 0x30, 0), 0xffffffffe108) = 0 <0.000086>
19795 19:04:31.215191 brk(0xaaaaabe8f000) = 0xaaaaabe8f000 <0.000088>
19795 19:04:31.217072 ioctl(4, _IOC(_IOC_NONE, 0x75, 0x30, 0), 0xffffffffe138) = 0 <0.000168>
19795 19:04:31.217395 ioctl(4, _IOC(_IOC_NONE, 0x75, 0x30, 0), 0xffffffffe108) = 0 <0.000107>
19795 19:04:31.217916 ioctl(4, _IOC(_IOC_NONE, 0x75, 0x30, 0), 0xffffffffe138) = 0 <0.000176>
19795 19:04:31.218236 ioctl(4, _IOC(_IOC_NONE, 0x75, 0x30, 0), 0xffffffffe108) = 0 <0.000232>
19795 19:04:31.218713 ioctl(4, _IOC(_IOC_NONE, 0x75, 0x30, 0), 0xffffffffe138) = 0 <0.000235>
19795 19:04:31.219070 ioctl(4, _IOC(_IOC_NONE, 0x75, 0x30, 0), 0xffffffffe108) = 0 <0.000121>
19795 19:04:31.219592 ioctl(4, _IOC(_IOC_NONE, 0x75, 0x30, 0), 0xffffffffe138) = 0 <0.000158>
19795 19:04:31.219927 ioctl(4, _IOC(_IOC_NONE, 0x75, 0x30, 0), 0xffffffffe108) = 0 <0.000204>
19795 19:04:31.220451 ioctl(4, _IOC(_IOC_NONE, 0x75, 0x30, 0), 0xffffffffe138) = 0 <0.000149>
19795 19:04:31.220720 ioctl(4, _IOC(_IOC_NONE, 0x75, 0x30, 0), 0xffffffffe108) = 0 <0.000304>
19795 19:04:31.221264 ioctl(4, _IOC(_IOC_NONE, 0x75, 0x30, 0), 0xffffffffe138) = 0 <0.000212>
19795 19:04:31.221600 ioctl(4, _IOC(_IOC_NONE, 0x75, 0x30, 0), 0xffffffffe108) = 0 <0.000249>
19795 19:04:31.222136 ioctl(4, _IOC(_IOC_NONE, 0x75, 0x30, 0), 0xffffffffe138) = 0 <0.000263>
19795 19:04:31.222478 ioctl(4, _IOC(_IOC_NONE, 0x75, 0x30, 0), 0xffffffffe108) = 0 <0.000228>
19795 19:04:31.223008 ioctl(4, _IOC(_IOC_NONE, 0x75, 0x30, 0), 0xffffffffe138) = 0 <0.000206>
19795 19:04:31.223388 ioctl(4, _IOC(_IOC_NONE, 0x75, 0x30, 0), 0xffffffffe108) = 0 <0.000123>
19795 19:04:31.223762 ioctl(4, _IOC(_IOC_NONE, 0x75, 0x30, 0), 0xffffffffe138) = 0 <0.000243>
19795 19:04:31.224112 ioctl(4, _IOC(_IOC_NONE, 0x75, 0x30, 0), 0xffffffffe108) = 0 <0.000190>
19795 19:04:31.224528 ioctl(4, _IOC(_IOC_NONE, 0x75, 0x30, 0), 0xffffffffe138) = 0 <0.000298>
19795 19:04:31.224900 ioctl(4, _IOC(_IOC_NONE, 0x75, 0x30, 0), 0xffffffffe108) = 0 <0.000290>
19795 19:04:31.225328 ioctl(4, _IOC(_IOC_NONE, 0x75, 0x30, 0), 0xffffffffe138) = 0 <0.000276>
19795 19:04:31.225800 ioctl(4, _IOC(_IOC_NONE, 0x75, 0x30, 0), 0xffffffffe108) = 0 <0.000219>
19795 19:04:31.226269 ioctl(4, _IOC(_IOC_NONE, 0x75, 0x30, 0), 0xffffffffe138) = 0 <0.000187>
19795 19:04:31.226661 ioctl(4, _IOC(_IOC_NONE, 0x75, 0x30, 0), 0xffffffffe108) = 0 <0.000113>
19795 19:04:31.227122 ioctl(4, _IOC(_IOC_NONE, 0x75, 0x30, 0), 0xffffffffe138) = 0 <0.000147>
19795 19:04:31.227378 ioctl(4, _IOC(_IOC_NONE, 0x75, 0x30, 0), 0xffffffffe108) = 0 <0.000199>
19795 19:04:31.227785 ioctl(4, _IOC(_IOC_NONE, 0x75, 0x30, 0), 0xffffffffe138) = 0 <0.000162>
19795 19:04:31.228060 ioctl(4, _IOC(_IOC_NONE, 0x75, 0x30, 0), 0xffffffffe108) = 0 <0.000249>
19795 19:04:31.228520 ioctl(4, _IOC(_IOC_NONE, 0x75, 0x30, 0), 0xffffffffe138) = 0 <0.000280>
19795 19:04:31.228922 ioctl(4, _IOC(_IOC_NONE, 0x75, 0x30, 0), 0xffffffffe108) = 0 <0.000215>
19795 19:04:31.229430 ioctl(4, _IOC(_IOC_NONE, 0x75, 0x30, 0), 0xffffffffe138) = 0 <0.000185>
19795 19:04:31.229810 ioctl(4, _IOC(_IOC_NONE, 0x75, 0x30, 0), 0xffffffffe108) = 0 <0.000265>
19795 19:04:31.230313 ioctl(4, _IOC(_IOC_NONE, 0x75, 0x30, 0), 0xffffffffe138) = 0 <0.000193>
19795 19:04:31.230682 ioctl(4, _IOC(_IOC_NONE, 0x75, 0x30, 0), 0xffffffffe108) = 0 <0.000140>
19795 19:04:31.231094 ioctl(4, _IOC(_IOC_NONE, 0x75, 0x30, 0), 0xffffffffe138) = 0 <0.000246>
19795 19:04:31.231472 ioctl(4, _IOC(_IOC_NONE, 0x75, 0x30, 0), 0xffffffffe108) = 0 <0.000214>
19795 19:04:31.231910 ioctl(4, _IOC(_IOC_NONE, 0x75, 0x30, 0), 0xffffffffe138) = 0 <0.000251>
19795 19:04:31.232305 ioctl(4, _IOC(_IOC_NONE, 0x75, 0x30, 0), 0xffffffffe108) = 0 <0.000191>
19795 19:04:31.232681 ioctl(4, _IOC(_IOC_NONE, 0x75, 0x30, 0), 0xffffffffe138) = 0 <0.000286>
19795 19:04:31.233044 ioctl(4, _IOC(_IOC_NONE, 0x75, 0x30, 0), 0xffffffffe108) = 0 <0.000214>
19795 19:04:31.233413 ioctl(4, _IOC(_IOC_NONE, 0x75, 0x30, 0), 0xffffffffe138) = 0 <0.000325>
19795 19:04:31.233855 ioctl(4, _IOC(_IOC_NONE, 0x75, 0x30, 0), 0xffffffffe108) = 0 <0.000169>
19795 19:04:31.234306 ioctl(4, _IOC(_IOC_NONE, 0x75, 0x30, 0), 0xffffffffe138) = 0 <0.000151>
19795 19:04:31.234572 ioctl(4, _IOC(_IOC_NONE, 0x75, 0x30, 0), 0xffffffffe108) = 0 <0.000131>
19795 19:04:31.234959 ioctl(4, _IOC(_IOC_NONE, 0x75, 0x30, 0), 0xffffffffe138) = 0 <0.000140>
19795 19:04:31.235217 ioctl(4, _IOC(_IOC_NONE, 0x75, 0x30, 0), 0xffffffffe108) = 0 <0.000229>
19795 19:04:31.235645 ioctl(4, _IOC(_IOC_NONE, 0x75, 0x30, 0), 0xffffffffe138) = 0 <0.000270>
19795 19:04:31.236037 ioctl(4, _IOC(_IOC_NONE, 0x75, 0x30, 0), 0xffffffffe108) = 0 <0.000186>
19795 19:04:31.236437 ioctl(4, _IOC(_IOC_NONE, 0x75, 0x30, 0), 0xffffffffe138) = 0 <0.000150>
19795 19:04:31.236702 ioctl(4, _IOC(_IOC_NONE, 0x75, 0x30, 0), 0xffffffffe108) = 0 <0.000215>
19795 19:04:31.237194 ioctl(4, _IOC(_IOC_NONE, 0x75, 0x30, 0), 0xffffffffe138) = 0 <0.000278>
19795 19:04:31.237815 ioctl(4, _IOC(_IOC_NONE, 0x75, 0x30, 0), 0xffffffffe108) = 0 <0.000113>
19795 19:04:31.238392 brk(0xaaaaabfdc000) = 0xaaaaabfdc000 <0.000132>
19795 19:04:31.240958 ioctl(4, _IOC(_IOC_NONE, 0x75, 0x30, 0), 0xffffffffe138) = 0 <0.000167>
19795 19:04:31.241247 ioctl(4, _IOC(_IOC_NONE, 0x75, 0x30, 0), 0xffffffffe108) = 0 <0.000092>
19795 19:04:31.241489 ioctl(4, _IOC(_IOC_NONE, 0x75, 0x30, 0), 0xffffffffe138) = 0 <0.000126>
19795 19:04:31.241825 ioctl(4, _IOC(_IOC_NONE, 0x75, 0x30, 0), 0xffffffffe108) = 0 <0.000283>
19795 19:04:31.242588 ioctl(4, _IOC(_IOC_NONE, 0x75, 0x30, 0), 0xffffffffe138) = 0 <0.000149>
19795 19:04:31.242856 ioctl(4, _IOC(_IOC_NONE, 0x75, 0x30, 0), 0xffffffffe108) = 0 <0.000128>
19795 19:04:31.243271 ioctl(4, _IOC(_IOC_NONE, 0x75, 0x30, 0), 0xffffffffe138) = 0 <0.000125>
19795 19:04:31.243499 ioctl(4, _IOC(_IOC_NONE, 0x75, 0x30, 0), 0xffffffffe108) = 0 <0.000112>
19795 19:04:31.243832 ioctl(4, _IOC(_IOC_NONE, 0x75, 0x30, 0), 0xffffffffe138) = 0 <0.000174>
19795 19:04:31.244117 ioctl(4, _IOC(_IOC_NONE, 0x75, 0x30, 0), 0xffffffffe108) = 0 <0.000113>
19795 19:04:31.244458 ioctl(4, _IOC(_IOC_NONE, 0x75, 0x30, 0), 0xffffffffe138) = 0 <0.000164>
19795 19:04:31.244727 ioctl(4, _IOC(_IOC_NONE, 0x75, 0x30, 0), 0xffffffffe108) = 0 <0.000107>
19795 19:04:31.245060 ioctl(4, _IOC(_IOC_NONE, 0x75, 0x30, 0), 0xffffffffe138) = 0 <0.000129>
19795 19:04:31.245279 ioctl(4, _IOC(_IOC_NONE, 0x75, 0x30, 0), 0xffffffffe108) = 0 <0.000220>
19795 19:04:31.245744 ioctl(4, _IOC(_IOC_NONE, 0x75, 0x30, 0), 0xffffffffe138) = 0 <0.000175>
19795 19:04:31.246067 ioctl(4, _IOC(_IOC_NONE, 0x75, 0x30, 0), 0xffffffffe108) = 0 <0.000215>
19795 19:04:31.246494 ioctl(4, _IOC(_IOC_NONE, 0x75, 0x30, 0), 0xffffffffe138) = 0 <0.000325>
19795 19:04:31.246903 ioctl(4, _IOC(_IOC_NONE, 0x75, 0x30, 0), 0xffffffffe108) = 0 <0.000153>
19795 19:04:31.247308 ioctl(4, _IOC(_IOC_NONE, 0x75, 0x30, 0), 0xffffffffe138) = 0 <0.000239>
19795 19:04:31.247675 ioctl(4, _IOC(_IOC_NONE, 0x75, 0x30, 0), 0xffffffffe108) = 0 <0.000263>
19795 19:04:31.248109 ioctl(4, _IOC(_IOC_NONE, 0x75, 0x30, 0), 0xffffffffe138) = 0 <0.000233>
19795 19:04:31.248481 ioctl(4, _IOC(_IOC_NONE, 0x75, 0x30, 0), 0xffffffffe108) = 0 <0.000176>
19795 19:04:31.248868 ioctl(4, _IOC(_IOC_NONE, 0x75, 0x30, 0), 0xffffffffe138) = 0 <0.000268>
19795 19:04:31.249209 ioctl(4, _IOC(_IOC_NONE, 0x75, 0x30, 0), 0xffffffffe108) = 0 <0.000183>
19795 19:04:31.249665 ioctl(4, _IOC(_IOC_NONE, 0x75, 0x30, 0), 0xffffffffe138) = 0 <0.000151>
19795 19:04:31.249951 ioctl(4, _IOC(_IOC_NONE, 0x75, 0x30, 0), 0xffffffffe108) = 0 <0.000163>
19795 19:04:31.250379 ioctl(4, _IOC(_IOC_NONE, 0x75, 0x30, 0), 0xffffffffe138) = 0 <0.000234>
19795 19:04:31.250762 ioctl(4, _IOC(_IOC_NONE, 0x75, 0x30, 0), 0xffffffffe108) = 0 <0.000149>
19795 19:04:31.251152 ioctl(4, _IOC(_IOC_NONE, 0x75, 0x30, 0), 0xffffffffe138) = 0 <0.000164>
19795 19:04:31.251436 ioctl(4, _IOC(_IOC_NONE, 0x75, 0x30, 0), 0xffffffffe108) = 0 <0.000233>
19795 19:04:31.251909 ioctl(4, _IOC(_IOC_NONE, 0x75, 0x30, 0), 0xffffffffe138) = 0 <0.000271>
19795 19:04:31.252305 ioctl(4, _IOC(_IOC_NONE, 0x75, 0x30, 0), 0xffffffffe108) = 0 <0.000125>
19795 19:04:31.252711 ioctl(4, _IOC(_IOC_NONE, 0x75, 0x30, 0), 0xffffffffe138) = 0 <0.000291>
19795 19:04:31.253115 ioctl(4, _IOC(_IOC_NONE, 0x75, 0x30, 0), 0xffffffffe108) = 0 <0.000140>
19795 19:04:31.253519 ioctl(4, _IOC(_IOC_NONE, 0x75, 0x30, 0), 0xffffffffe138) = 0 <0.000183>
19795 19:04:31.253932 ioctl(4, _IOC(_IOC_NONE, 0x75, 0x30, 0), 0xffffffffe108) = 0 <0.000161>
19795 19:04:31.254604 ioctl(4, _IOC(_IOC_NONE, 0x75, 0x30, 0), 0xffffffffe138) = 0 <0.000247>
19795 19:04:31.254947 ioctl(4, _IOC(_IOC_NONE, 0x75, 0x30, 0), 0xffffffffe108) = 0 <0.000235>
19795 19:04:31.255516 ioctl(4, _IOC(_IOC_NONE, 0x75, 0x30, 0), 0xffffffffe138) = 0 <0.000113>
19795 19:04:31.255947 ioctl(4, _IOC(_IOC_NONE, 0x75, 0x30, 0), 0xffffffffe108) = 0 <0.000169>
19795 19:04:31.256380 ioctl(4, _IOC(_IOC_NONE, 0x75, 0x30, 0), 0xffffffffe138) = 0 <0.000238>
19795 19:04:31.256715 ioctl(4, _IOC(_IOC_NONE, 0x75, 0x30, 0), 0xffffffffe108) = 0 <0.000231>
19795 19:04:31.257226 ioctl(4, _IOC(_IOC_NONE, 0x75, 0x30, 0), 0xffffffffe138) = 0 <0.000169>
19795 19:04:31.257540 ioctl(4, _IOC(_IOC_NONE, 0x75, 0x30, 0), 0xffffffffe108) = 0 <0.000311>
19795 19:04:31.258146 ioctl(4, _IOC(_IOC_NONE, 0x75, 0x30, 0), 0xffffffffe138) = 0 <0.000171>
19795 19:04:31.258449 ioctl(4, _IOC(_IOC_NONE, 0x75, 0x30, 0), 0xffffffffe108) = 0 <0.000152>
19795 19:04:31.258809 ioctl(4, _IOC(_IOC_NONE, 0x75, 0x30, 0), 0xffffffffe138) = 0 <0.000160>
19795 19:04:31.259092 ioctl(4, _IOC(_IOC_NONE, 0x75, 0x30, 0), 0xffffffffe108) = 0 <0.000113>
19795 19:04:31.259440 ioctl(4, _IOC(_IOC_NONE, 0x75, 0x30, 0), 0xffffffffe138) = 0 <0.000123>
19795 19:04:31.259660 ioctl(4, _IOC(_IOC_NONE, 0x75, 0x30, 0), 0xffffffffe108) = 0 <0.000106>
19795 19:04:31.259981 ioctl(4, _IOC(_IOC_NONE, 0x75, 0x30, 0), 0xffffffffe138) = 0 <0.000129>
19795 19:04:31.260248 ioctl(4, _IOC(_IOC_NONE, 0x75, 0x30, 0), 0xffffffffe108) = 0 <0.000096>
19795 19:04:31.261033 brk(0xaaaaac128000) = 0xaaaaac128000 <0.000159>
19795 19:04:31.262867 ioctl(4, _IOC(_IOC_NONE, 0x75, 0x30, 0), 0xffffffffe138) = 0 <0.000348>
19795 19:04:31.263596 ioctl(4, _IOC(_IOC_NONE, 0x75, 0x30, 0), 0xffffffffe108) = 0 <0.000199>
19795 19:04:31.264138 ioctl(4, _IOC(_IOC_NONE, 0x75, 0x30, 0), 0xffffffffe138) = 0 <0.000220>
19795 19:04:31.264468 ioctl(4, _IOC(_IOC_NONE, 0x75, 0x30, 0), 0xffffffffe108) = 0 <0.000171>
19795 19:04:31.264868 ioctl(4, _IOC(_IOC_NONE, 0x75, 0x30, 0), 0xffffffffe138) = 0 <0.000238>
19795 19:04:31.265214 ioctl(4, _IOC(_IOC_NONE, 0x75, 0x30, 0), 0xffffffffe108) = 0 <0.000241>
19795 19:04:31.265687 ioctl(4, _IOC(_IOC_NONE, 0x75, 0x30, 0), 0xffffffffe138) = 0 <0.000268>
19795 19:04:31.266090 ioctl(4, _IOC(_IOC_NONE, 0x75, 0x30, 0), 0xffffffffe108) = 0 <0.000207>
19795 19:04:31.266544 ioctl(4, _IOC(_IOC_NONE, 0x75, 0x30, 0), 0xffffffffe138) = 0 <0.000235>
19795 19:04:31.266897 ioctl(4, _IOC(_IOC_NONE, 0x75, 0x30, 0), 0xffffffffe108) = 0 <0.000177>
19795 19:04:31.267360 ioctl(4, _IOC(_IOC_NONE, 0x75, 0x30, 0), 0xffffffffe138) = 0 <0.000220>
19795 19:04:31.267685 ioctl(4, _IOC(_IOC_NONE, 0x75, 0x30, 0), 0xffffffffe108) = 0 <0.000227>
19795 19:04:31.268115 ioctl(4, _IOC(_IOC_NONE, 0x75, 0x30, 0), 0xffffffffe138) = 0 <0.000261>
19795 19:04:31.268450 ioctl(4, _IOC(_IOC_NONE, 0x75, 0x30, 0), 0xffffffffe108) = 0 <0.000176>
19795 19:04:31.268867 ioctl(4, _IOC(_IOC_NONE, 0x75, 0x30, 0), 0xffffffffe138) = 0 <0.000197>
19795 19:04:31.269180 ioctl(4, _IOC(_IOC_NONE, 0x75, 0x30, 0), 0xffffffffe108) = 0 <0.000239>
19795 19:04:31.269644 ioctl(4, _IOC(_IOC_NONE, 0x75, 0x30, 0), 0xffffffffe138) = 0 <0.000214>
19795 19:04:31.270096 ioctl(4, _IOC(_IOC_NONE, 0x75, 0x30, 0), 0xffffffffe108) = 0 <0.000204>
19795 19:04:31.270631 ioctl(4, _IOC(_IOC_NONE, 0x75, 0x30, 0), 0xffffffffe138) = 0 <0.000244>
19795 19:04:31.271034 ioctl(4, _IOC(_IOC_NONE, 0x75, 0x30, 0), 0xffffffffe108) = 0 <0.000223>
19795 19:04:31.271489 ioctl(4, _IOC(_IOC_NONE, 0x75, 0x30, 0), 0xffffffffe138) = 0 <0.000220>
19795 19:04:31.271849 ioctl(4, _IOC(_IOC_NONE, 0x75, 0x30, 0), 0xffffffffe108) = 0 <0.000141>
19795 19:04:31.272309 ioctl(4, _IOC(_IOC_NONE, 0x75, 0x30, 0), 0xffffffffe138) = 0 <0.000144>
19795 19:04:31.272579 ioctl(4, _IOC(_IOC_NONE, 0x75, 0x30, 0), 0xffffffffe108) = 0 <0.000235>
19795 19:04:31.273064 ioctl(4, _IOC(_IOC_NONE, 0x75, 0x30, 0), 0xffffffffe138) = 0 <0.000198>
19795 19:04:31.273371 ioctl(4, _IOC(_IOC_NONE, 0x75, 0x30, 0), 0xffffffffe108) = 0 <0.000206>
19795 19:04:31.273860 ioctl(4, _IOC(_IOC_NONE, 0x75, 0x30, 0), 0xffffffffe138) = 0 <0.000224>
19795 19:04:31.274271 ioctl(4, _IOC(_IOC_NONE, 0x75, 0x30, 0), 0xffffffffe108) = 0 <0.000184>
19795 19:04:31.274732 ioctl(4, _IOC(_IOC_NONE, 0x75, 0x30, 0), 0xffffffffe138) = 0 <0.000215>
19795 19:04:31.275092 ioctl(4, _IOC(_IOC_NONE, 0x75, 0x30, 0), 0xffffffffe108) = 0 <0.000188>
19795 19:04:31.275507 ioctl(4, _IOC(_IOC_NONE, 0x75, 0x30, 0), 0xffffffffe138) = 0 <0.000223>
19795 19:04:31.275845 ioctl(4, _IOC(_IOC_NONE, 0x75, 0x30, 0), 0xffffffffe108) = 0 <0.000273>
19795 19:04:31.276399 ioctl(4, _IOC(_IOC_NONE, 0x75, 0x30, 0), 0xffffffffe138) = 0 <0.000226>
19795 19:04:31.276765 ioctl(4, _IOC(_IOC_NONE, 0x75, 0x30, 0), 0xffffffffe108) = 0 <0.000171>
19795 19:04:31.277214 ioctl(4, _IOC(_IOC_NONE, 0x75, 0x30, 0), 0xffffffffe138) = 0 <0.000144>
19795 19:04:31.277498 ioctl(4, _IOC(_IOC_NONE, 0x75, 0x30, 0), 0xffffffffe108) = 0 <0.000288>
19795 19:04:31.277999 ioctl(4, _IOC(_IOC_NONE, 0x75, 0x30, 0), 0xffffffffe138) = 0 <0.000195>
19795 19:04:31.278305 ioctl(4, _IOC(_IOC_NONE, 0x75, 0x30, 0), 0xffffffffe108) = 0 <0.000201>
19795 19:04:31.278751 ioctl(4, _IOC(_IOC_NONE, 0x75, 0x30, 0), 0xffffffffe138) = 0 <0.000224>
19795 19:04:31.279061 ioctl(4, _IOC(_IOC_NONE, 0x75, 0x30, 0), 0xffffffffe108) = 0 <0.000191>
19795 19:04:31.279493 ioctl(4, _IOC(_IOC_NONE, 0x75, 0x30, 0), 0xffffffffe138) = 0 <0.000177>
19795 19:04:31.279790 ioctl(4, _IOC(_IOC_NONE, 0x75, 0x30, 0), 0xffffffffe108) = 0 <0.000185>
19795 19:04:31.280249 ioctl(4, _IOC(_IOC_NONE, 0x75, 0x30, 0), 0xffffffffe138) = 0 <0.000152>
19795 19:04:31.280503 ioctl(4, _IOC(_IOC_NONE, 0x75, 0x30, 0), 0xffffffffe108) = 0 <0.000216>
19795 19:04:31.280899 ioctl(4, _IOC(_IOC_NONE, 0x75, 0x30, 0), 0xffffffffe138) = 0 <0.000236>
19795 19:04:31.281251 ioctl(4, _IOC(_IOC_NONE, 0x75, 0x30, 0), 0xffffffffe108) = 0 <0.000193>
19795 19:04:31.281731 ioctl(4, _IOC(_IOC_NONE, 0x75, 0x30, 0), 0xffffffffe138) = 0 <0.000229>
19795 19:04:31.282057 ioctl(4, _IOC(_IOC_NONE, 0x75, 0x30, 0), 0xffffffffe108) = 0 <0.000097>
19795 19:04:31.282437 ioctl(4, _IOC(_IOC_NONE, 0x75, 0x30, 0), 0xffffffffe138) = 0 <0.000259>
19795 19:04:31.282781 ioctl(4, _IOC(_IOC_NONE, 0x75, 0x30, 0), 0xffffffffe108) = 0 <0.000169>
19795 19:04:31.283192 ioctl(4, _IOC(_IOC_NONE, 0x75, 0x30, 0), 0xffffffffe138) = 0 <0.000121>
19795 19:04:31.283410 ioctl(4, _IOC(_IOC_NONE, 0x75, 0x30, 0), 0xffffffffe108) = 0 <0.000211>
19795 19:04:31.284021 brk(0xaaaaac275000) = 0xaaaaac275000 <0.000041>
19795 19:04:31.285877 ioctl(4, _IOC(_IOC_NONE, 0x75, 0x30, 0), 0xffffffffe138) = 0 <0.000262>
19795 19:04:31.286388 ioctl(4, _IOC(_IOC_NONE, 0x75, 0x30, 0), 0xffffffffe108) = 0 <0.000202>
19795 19:04:31.286901 ioctl(4, _IOC(_IOC_NONE, 0x75, 0x30, 0), 0xffffffffe138) = 0 <0.000195>
19795 19:04:31.287206 ioctl(4, _IOC(_IOC_NONE, 0x75, 0x30, 0), 0xffffffffe108) = 0 <0.000196>
19795 19:04:31.287589 ioctl(4, _IOC(_IOC_NONE, 0x75, 0x30, 0), 0xffffffffe138) = 0 <0.000230>
19795 19:04:31.287899 ioctl(4, _IOC(_IOC_NONE, 0x75, 0x30, 0), 0xffffffffe108) = 0 <0.000117>
19795 19:04:31.288284 ioctl(4, _IOC(_IOC_NONE, 0x75, 0x30, 0), 0xffffffffe138) = 0 <0.000179>
19795 19:04:31.288592 ioctl(4, _IOC(_IOC_NONE, 0x75, 0x30, 0), 0xffffffffe108) = 0 <0.000174>
19795 19:04:31.289069 ioctl(4, _IOC(_IOC_NONE, 0x75, 0x30, 0), 0xffffffffe138) = 0 <0.000114>
19795 19:04:31.289291 ioctl(4, _IOC(_IOC_NONE, 0x75, 0x30, 0), 0xffffffffe108) = 0 <0.000214>
19795 19:04:31.289910 ioctl(4, _IOC(_IOC_NONE, 0x75, 0x30, 0), 0xffffffffe138) = 0 <0.000122>
19795 19:04:31.290156 ioctl(4, _IOC(_IOC_NONE, 0x75, 0x30, 0), 0xffffffffe108) = 0 <0.000244>
19795 19:04:31.290941 ioctl(4, _IOC(_IOC_NONE, 0x75, 0x30, 0), 0xffffffffe138) = 0 <0.000136>
19795 19:04:31.291223 ioctl(4, _IOC(_IOC_NONE, 0x75, 0x30, 0), 0xffffffffe108) = 0 <0.000148>
19795 19:04:31.291604 ioctl(4, _IOC(_IOC_NONE, 0x75, 0x30, 0), 0xffffffffe138) = 0 <0.000337>
19795 19:04:31.292089 ioctl(4, _IOC(_IOC_NONE, 0x75, 0x30, 0), 0xffffffffe108) = 0 <0.000262>
19795 19:04:31.292520 ioctl(4, _IOC(_IOC_NONE, 0x75, 0x30, 0), 0xffffffffe138) = 0 <0.000182>
19795 19:04:31.292839 ioctl(4, _IOC(_IOC_NONE, 0x75, 0x30, 0), 0xffffffffe108) = 0 <0.000255>
19795 19:04:31.293296 ioctl(4, _IOC(_IOC_NONE, 0x75, 0x30, 0), 0xffffffffe138) = 0 <0.000290>
19795 19:04:31.293704 ioctl(4, _IOC(_IOC_NONE, 0x75, 0x30, 0), 0xffffffffe108) = 0 <0.000145>
19795 19:04:31.294189 ioctl(4, _IOC(_IOC_NONE, 0x75, 0x30, 0), 0xffffffffe138) = 0 <0.000115>
19795 19:04:31.294383 ioctl(4, _IOC(_IOC_NONE, 0x75, 0x30, 0), 0xffffffffe108) = 0 <0.000189>
19795 19:04:31.294903 ioctl(4, _IOC(_IOC_NONE, 0x75, 0x30, 0), 0xffffffffe138) = 0 <0.000251>
19795 19:04:31.295233 ioctl(4, _IOC(_IOC_NONE, 0x75, 0x30, 0), 0xffffffffe108) = 0 <0.000121>
19795 19:04:31.295565 ioctl(4, _IOC(_IOC_NONE, 0x75, 0x30, 0), 0xffffffffe138) = 0 <0.000212>
19795 19:04:31.295880 ioctl(4, _IOC(_IOC_NONE, 0x75, 0x30, 0), 0xffffffffe108) = 0 <0.000236>
19795 19:04:31.296254 ioctl(4, _IOC(_IOC_NONE, 0x75, 0x30, 0), 0xffffffffe138) = 0 <0.000139>
19795 19:04:31.296481 ioctl(4, _IOC(_IOC_NONE, 0x75, 0x30, 0), 0xffffffffe108) = 0 <0.000193>
19795 19:04:31.296878 ioctl(4, _IOC(_IOC_NONE, 0x75, 0x30, 0), 0xffffffffe138) = 0 <0.000267>
19795 19:04:31.297215 ioctl(4, _IOC(_IOC_NONE, 0x75, 0x30, 0), 0xffffffffe108) = 0 <0.000090>
19795 19:04:31.297457 ioctl(4, _IOC(_IOC_NONE, 0x75, 0x30, 0), 0xffffffffe138) = 0 <0.000369>
19795 19:04:31.297919 ioctl(4, _IOC(_IOC_NONE, 0x75, 0x30, 0), 0xffffffffe108) = 0 <0.000226>
19795 19:04:31.298337 ioctl(4, _IOC(_IOC_NONE, 0x75, 0x30, 0), 0xffffffffe138) = 0 <0.000257>
19795 19:04:31.298740 ioctl(4, _IOC(_IOC_NONE, 0x75, 0x30, 0), 0xffffffffe108) = 0 <0.000166>
19795 19:04:31.299155 ioctl(4, _IOC(_IOC_NONE, 0x75, 0x30, 0), 0xffffffffe138) = 0 <0.000183>
19795 19:04:31.299420 ioctl(4, _IOC(_IOC_NONE, 0x75, 0x30, 0), 0xffffffffe108) = 0 <0.000147>
19795 19:04:31.299807 ioctl(4, _IOC(_IOC_NONE, 0x75, 0x30, 0), 0xffffffffe138) = 0 <0.000144>
19795 19:04:31.300050 ioctl(4, _IOC(_IOC_NONE, 0x75, 0x30, 0), 0xffffffffe108) = 0 <0.000267>
19795 19:04:31.300466 ioctl(4, _IOC(_IOC_NONE, 0x75, 0x30, 0), 0xffffffffe138) = 0 <0.000275>
19795 19:04:31.300826 ioctl(4, _IOC(_IOC_NONE, 0x75, 0x30, 0), 0xffffffffe108) = 0 <0.000117>
19795 19:04:31.301239 ioctl(4, _IOC(_IOC_NONE, 0x75, 0x30, 0), 0xffffffffe138) = 0 <0.000141>
19795 19:04:31.301486 ioctl(4, _IOC(_IOC_NONE, 0x75, 0x30, 0), 0xffffffffe108) = 0 <0.000264>
19795 19:04:31.302046 ioctl(4, _IOC(_IOC_NONE, 0x75, 0x30, 0), 0xffffffffe138) = 0 <0.000133>
19795 19:04:31.302276 ioctl(4, _IOC(_IOC_NONE, 0x75, 0x30, 0), 0xffffffffe108) = 0 <0.000226>
19795 19:04:31.302715 ioctl(4, _IOC(_IOC_NONE, 0x75, 0x30, 0), 0xffffffffe138) = 0 <0.000131>
19795 19:04:31.302948 ioctl(4, _IOC(_IOC_NONE, 0x75, 0x30, 0), 0xffffffffe108) = 0 <0.000087>
19795 19:04:31.303294 ioctl(4, _IOC(_IOC_NONE, 0x75, 0x30, 0), 0xffffffffe138) = 0 <0.000268>
19795 19:04:31.303692 ioctl(4, _IOC(_IOC_NONE, 0x75, 0x30, 0), 0xffffffffe108) = 0 <0.000149>
19795 19:04:31.304186 ioctl(4, _IOC(_IOC_NONE, 0x75, 0x30, 0), 0xffffffffe138) = 0 <0.000174>
19795 19:04:31.304479 ioctl(4, _IOC(_IOC_NONE, 0x75, 0x30, 0), 0xffffffffe108) = 0 <0.000110>
19795 19:04:31.304827 ioctl(4, _IOC(_IOC_NONE, 0x75, 0x30, 0), 0xffffffffe138) = 0 <0.000281>
19795 19:04:31.305190 ioctl(4, _IOC(_IOC_NONE, 0x75, 0x30, 0), 0xffffffffe108) = 0 <0.000091>
19795 19:04:31.305608 brk(0xaaaaac3c3000) = 0xaaaaac3c3000 <0.000114>
19795 19:04:31.307202 ioctl(4, _IOC(_IOC_NONE, 0x75, 0x30, 0), 0xffffffffe138) = 0 <0.000303>
19795 19:04:31.307614 ioctl(4, _IOC(_IOC_NONE, 0x75, 0x30, 0), 0xffffffffe108) = 0 <0.000095>
19795 19:04:31.307889 ioctl(4, _IOC(_IOC_NONE, 0x75, 0x30, 0), 0xffffffffe138) = 0 <0.000257>
19795 19:04:31.308341 ioctl(4, _IOC(_IOC_NONE, 0x75, 0x30, 0), 0xffffffffe108) = 0 <0.000089>
19795 19:04:31.308619 ioctl(4, _IOC(_IOC_NONE, 0x75, 0x30, 0), 0xffffffffe138) = 0 <0.000202>
19795 19:04:31.308927 ioctl(4, _IOC(_IOC_NONE, 0x75, 0x30, 0), 0xffffffffe108) = 0 <0.000241>
19795 19:04:31.309308 ioctl(4, _IOC(_IOC_NONE, 0x75, 0x30, 0), 0xffffffffe138) = 0 <0.000134>
19795 19:04:31.309511 ioctl(4, _IOC(_IOC_NONE, 0x75, 0x30, 0), 0xffffffffe108) = 0 <0.000223>
19795 19:04:31.310133 ioctl(4, _IOC(_IOC_NONE, 0x75, 0x30, 0), 0xffffffffe138) = 0 <0.000221>
19795 19:04:31.310484 ioctl(4, _IOC(_IOC_NONE, 0x75, 0x30, 0), 0xffffffffe108) = 0 <0.000115>
19795 19:04:31.310835 ioctl(4, _IOC(_IOC_NONE, 0x75, 0x30, 0), 0xffffffffe138) = 0 <0.000164>
19795 19:04:31.311107 ioctl(4, _IOC(_IOC_NONE, 0x75, 0x30, 0), 0xffffffffe108) = 0 <0.000112>
19795 19:04:31.311447 ioctl(4, _IOC(_IOC_NONE, 0x75, 0x30, 0), 0xffffffffe138) = 0 <0.000128>
19795 19:04:31.311795 ioctl(4, _IOC(_IOC_NONE, 0x75, 0x30, 0), 0xffffffffe108) = 0 <0.000123>
19795 19:04:31.312163 ioctl(4, _IOC(_IOC_NONE, 0x75, 0x30, 0), 0xffffffffe138) = 0 <0.000153>
19795 19:04:31.312429 ioctl(4, _IOC(_IOC_NONE, 0x75, 0x30, 0), 0xffffffffe108) = 0 <0.000179>
19795 19:04:31.312845 ioctl(4, _IOC(_IOC_NONE, 0x75, 0x30, 0), 0xffffffffe138) = 0 <0.000110>
19795 19:04:31.313047 ioctl(4, _IOC(_IOC_NONE, 0x75, 0x30, 0), 0xffffffffe108) = 0 <0.000172>
19795 19:04:31.313400 ioctl(4, _IOC(_IOC_NONE, 0x75, 0x30, 0), 0xffffffffe138) = 0 <0.000274>
19795 19:04:31.313793 ioctl(4, _IOC(_IOC_NONE, 0x75, 0x30, 0), 0xffffffffe108) = 0 <0.000260>
19795 19:04:31.314293 ioctl(4, _IOC(_IOC_NONE, 0x75, 0x30, 0), 0xffffffffe138) = 0 <0.000149>
19795 19:04:31.314592 ioctl(4, _IOC(_IOC_NONE, 0x75, 0x30, 0), 0xffffffffe108) = 0 <0.000109>
19795 19:04:31.314926 ioctl(4, _IOC(_IOC_NONE, 0x75, 0x30, 0), 0xffffffffe138) = 0 <0.000122>
19795 19:04:31.315138 ioctl(4, _IOC(_IOC_NONE, 0x75, 0x30, 0), 0xffffffffe108) = 0 <0.000139>
19795 19:04:31.315484 ioctl(4, _IOC(_IOC_NONE, 0x75, 0x30, 0), 0xffffffffe138) = 0 <0.000288>
19795 19:04:31.315848 ioctl(4, _IOC(_IOC_NONE, 0x75, 0x30, 0), 0xffffffffe108) = 0 <0.000095>
19795 19:04:31.316106 ioctl(4, _IOC(_IOC_NONE, 0x75, 0x30, 0), 0xffffffffe138) = 0 <0.000215>
19795 19:04:31.316429 ioctl(4, _IOC(_IOC_NONE, 0x75, 0x30, 0), 0xffffffffe108) = 0 <0.000202>
19795 19:04:31.316758 ioctl(4, _IOC(_IOC_NONE, 0x75, 0x30, 0), 0xffffffffe138) = 0 <0.000154>
19795 19:04:31.317008 ioctl(4, _IOC(_IOC_NONE, 0x75, 0x30, 0), 0xffffffffe108) = 0 <0.000263>
19795 19:04:31.317404 ioctl(4, _IOC(_IOC_NONE, 0x75, 0x30, 0), 0xffffffffe138) = 0 <0.000163>
19795 19:04:31.317736 ioctl(4, _IOC(_IOC_NONE, 0x75, 0x30, 0), 0xffffffffe108) = 0 <0.000309>
19795 19:04:31.318355 ioctl(4, _IOC(_IOC_NONE, 0x75, 0x30, 0), 0xffffffffe138) = 0 <0.000155>
19795 19:04:31.318630 ioctl(4, _IOC(_IOC_NONE, 0x75, 0x30, 0), 0xffffffffe108) = 0 <0.000113>
19795 19:04:31.318993 ioctl(4, _IOC(_IOC_NONE, 0x75, 0x30, 0), 0xffffffffe138) = 0 <0.000178>
19795 19:04:31.319282 ioctl(4, _IOC(_IOC_NONE, 0x75, 0x30, 0), 0xffffffffe108) = 0 <0.000110>
19795 19:04:31.319615 ioctl(4, _IOC(_IOC_NONE, 0x75, 0x30, 0), 0xffffffffe138) = 0 <0.000129>
19795 19:04:31.319838 ioctl(4, _IOC(_IOC_NONE, 0x75, 0x30, 0), 0xffffffffe108) = 0 <0.000141>
19795 19:04:31.320259 ioctl(4, _IOC(_IOC_NONE, 0x75, 0x30, 0), 0xffffffffe138) = 0 <0.000111>
19795 19:04:31.320443 ioctl(4, _IOC(_IOC_NONE, 0x75, 0x30, 0), 0xffffffffe108) = 0 <0.000166>
19795 19:04:31.320832 ioctl(4, _IOC(_IOC_NONE, 0x75, 0x30, 0), 0xffffffffe138) = 0 <0.000273>
19795 19:04:31.321176 ioctl(4, _IOC(_IOC_NONE, 0x75, 0x30, 0), 0xffffffffe108) = 0 <0.000093>
19795 19:04:31.321422 ioctl(4, _IOC(_IOC_NONE, 0x75, 0x30, 0), 0xffffffffe138) = 0 <0.000224>
19795 19:04:31.321889 ioctl(4, _IOC(_IOC_NONE, 0x75, 0x30, 0), 0xffffffffe108) = 0 <0.000238>
19795 19:04:31.322419 ioctl(4, _IOC(_IOC_NONE, 0x75, 0x30, 0), 0xffffffffe138) = 0 <0.000149>
19795 19:04:31.322694 ioctl(4, _IOC(_IOC_NONE, 0x75, 0x30, 0), 0xffffffffe108) = 0 <0.000115>
19795 19:04:31.323028 ioctl(4, _IOC(_IOC_NONE, 0x75, 0x30, 0), 0xffffffffe138) = 0 <0.000123>
19795 19:04:31.323243 ioctl(4, _IOC(_IOC_NONE, 0x75, 0x30, 0), 0xffffffffe108) = 0 <0.000155>
19795 19:04:31.323641 ioctl(4, _IOC(_IOC_NONE, 0x75, 0x30, 0), 0xffffffffe138) = 0 <0.000136>
19795 19:04:31.323865 ioctl(4, _IOC(_IOC_NONE, 0x75, 0x30, 0), 0xffffffffe108) = 0 <0.000187>
19795 19:04:31.324241 ioctl(4, _IOC(_IOC_NONE, 0x75, 0x30, 0), 0xffffffffe138) = 0 <0.000199>
19795 19:04:31.324530 ioctl(4, _IOC(_IOC_NONE, 0x75, 0x30, 0), 0xffffffffe108) = 0 <0.000218>
19795 19:04:31.325084 brk(0xaaaaac511000) = 0xaaaaac511000 <0.000038>
19795 19:04:31.326576 ioctl(4, _IOC(_IOC_NONE, 0x75, 0x30, 0), 0xffffffffe138) = 0 <0.000142>
19795 19:04:31.326854 ioctl(4, _IOC(_IOC_NONE, 0x75, 0x30, 0), 0xffffffffe108) = 0 <0.000110>
19795 19:04:31.327181 ioctl(4, _IOC(_IOC_NONE, 0x75, 0x30, 0), 0xffffffffe138) = 0 <0.000130>
19795 19:04:31.327426 ioctl(4, _IOC(_IOC_NONE, 0x75, 0x30, 0), 0xffffffffe108) = 0 <0.000115>
19795 19:04:31.327777 ioctl(4, _IOC(_IOC_NONE, 0x75, 0x30, 0), 0xffffffffe138) = 0 <0.000164>
19795 19:04:31.328054 ioctl(4, _IOC(_IOC_NONE, 0x75, 0x30, 0), 0xffffffffe108) = 0 <0.000100>
19795 19:04:31.328355 ioctl(4, _IOC(_IOC_NONE, 0x75, 0x30, 0), 0xffffffffe138) = 0 <0.000112>
19795 19:04:31.328537 ioctl(4, _IOC(_IOC_NONE, 0x75, 0x30, 0), 0xffffffffe108) = 0 <0.000089>
19795 19:04:31.328746 ioctl(4, _IOC(_IOC_NONE, 0x75, 0x30, 0), 0xffffffffe138) = 0 <0.000097>
19795 19:04:31.328905 ioctl(4, _IOC(_IOC_NONE, 0x75, 0x30, 0), 0xffffffffe108) = 0 <0.000091>
19795 19:04:31.329105 ioctl(4, _IOC(_IOC_NONE, 0x75, 0x30, 0), 0xffffffffe138) = 0 <0.000095>
19795 19:04:31.329259 ioctl(4, _IOC(_IOC_NONE, 0x75, 0x30, 0), 0xffffffffe108) = 0 <0.000082>
19795 19:04:31.329437 ioctl(4, _IOC(_IOC_NONE, 0x75, 0x30, 0), 0xffffffffe138) = 0 <0.000096>
19795 19:04:31.329685 ioctl(4, _IOC(_IOC_NONE, 0x75, 0x30, 0), 0xffffffffe108) = 0 <0.000093>
19795 19:04:31.329921 ioctl(4, _IOC(_IOC_NONE, 0x75, 0x30, 0), 0xffffffffe138) = 0 <0.000110>
19795 19:04:31.330092 ioctl(4, _IOC(_IOC_NONE, 0x75, 0x30, 0), 0xffffffffe108) = 0 <0.000087>
19795 19:04:31.330297 ioctl(4, _IOC(_IOC_NONE, 0x75, 0x30, 0), 0xffffffffe138) = 0 <0.000096>
19795 19:04:31.330453 ioctl(4, _IOC(_IOC_NONE, 0x75, 0x30, 0), 0xffffffffe108) = 0 <0.000086>
19795 19:04:31.330637 ioctl(4, _IOC(_IOC_NONE, 0x75, 0x30, 0), 0xffffffffe138) = 0 <0.000124>
19795 19:04:31.331023 ioctl(4, _IOC(_IOC_NONE, 0x75, 0x30, 0), 0xffffffffe108) = 0 <0.000090>
19795 19:04:31.331236 ioctl(4, _IOC(_IOC_NONE, 0x75, 0x30, 0), 0xffffffffe138) = 0 <0.000096>
19795 19:04:31.331394 ioctl(4, _IOC(_IOC_NONE, 0x75, 0x30, 0), 0xffffffffe108) = 0 <0.000080>
19795 19:04:31.331574 ioctl(4, _IOC(_IOC_NONE, 0x75, 0x30, 0), 0xffffffffe138) = 0 <0.000102>
19795 19:04:31.331736 ioctl(4, _IOC(_IOC_NONE, 0x75, 0x30, 0), 0xffffffffe108) = 0 <0.000086>
19795 19:04:31.331926 ioctl(4, _IOC(_IOC_NONE, 0x75, 0x30, 0), 0xffffffffe138) = 0 <0.000209>
19795 19:04:31.332206 ioctl(4, _IOC(_IOC_NONE, 0x75, 0x30, 0), 0xffffffffe108) = 0 <0.000085>
19795 19:04:31.332428 ioctl(4, _IOC(_IOC_NONE, 0x75, 0x30, 0), 0xffffffffe138) = 0 <0.000101>
19795 19:04:31.332592 ioctl(4, _IOC(_IOC_NONE, 0x75, 0x30, 0), 0xffffffffe108) = 0 <0.000086>
19795 19:04:31.332781 ioctl(4, _IOC(_IOC_NONE, 0x75, 0x30, 0), 0xffffffffe138) = 0 <0.000095>
19795 19:04:31.332934 ioctl(4, _IOC(_IOC_NONE, 0x75, 0x30, 0), 0xffffffffe108) = 0 <0.000083>
19795 19:04:31.333115 ioctl(4, _IOC(_IOC_NONE, 0x75, 0x30, 0), 0xffffffffe138) = 0 <0.000134>
19795 19:04:31.333308 ioctl(4, _IOC(_IOC_NONE, 0x75, 0x30, 0), 0xffffffffe108) = 0 <0.000084>
19795 19:04:31.333490 ioctl(4, _IOC(_IOC_NONE, 0x75, 0x30, 0), 0xffffffffe138) = 0 <0.000137>
19795 19:04:31.333855 ioctl(4, _IOC(_IOC_NONE, 0x75, 0x30, 0), 0xffffffffe108) = 0 <0.000162>
19795 19:04:31.334212 ioctl(4, _IOC(_IOC_NONE, 0x75, 0x30, 0), 0xffffffffe138) = 0 <0.000126>
19795 19:04:31.334432 ioctl(4, _IOC(_IOC_NONE, 0x75, 0x30, 0), 0xffffffffe108) = 0 <0.000107>
19795 19:04:31.334789 ioctl(4, _IOC(_IOC_NONE, 0x75, 0x30, 0), 0xffffffffe138) = 0 <0.000130>
19795 19:04:31.335016 ioctl(4, _IOC(_IOC_NONE, 0x75, 0x30, 0), 0xffffffffe108) = 0 <0.000097>
19795 19:04:31.335295 ioctl(4, _IOC(_IOC_NONE, 0x75, 0x30, 0), 0xffffffffe138) = 0 <0.000143>
19795 19:04:31.335547 ioctl(4, _IOC(_IOC_NONE, 0x75, 0x30, 0), 0xffffffffe108) = 0 <0.000116>
19795 19:04:31.335883 ioctl(4, _IOC(_IOC_NONE, 0x75, 0x30, 0), 0xffffffffe138) = 0 <0.000129>
19795 19:04:31.336100 ioctl(4, _IOC(_IOC_NONE, 0x75, 0x30, 0), 0xffffffffe108) = 0 <0.000105>
19795 19:04:31.336400 ioctl(4, _IOC(_IOC_NONE, 0x75, 0x30, 0), 0xffffffffe138) = 0 <0.000155>
19795 19:04:31.336667 ioctl(4, _IOC(_IOC_NONE, 0x75, 0x30, 0), 0xffffffffe108) = 0 <0.000111>
19795 19:04:31.336975 ioctl(4, _IOC(_IOC_NONE, 0x75, 0x30, 0), 0xffffffffe138) = 0 <0.000118>
19795 19:04:31.337188 ioctl(4, _IOC(_IOC_NONE, 0x75, 0x30, 0), 0xffffffffe108) = 0 <0.000103>
19795 19:04:31.337514 ioctl(4, _IOC(_IOC_NONE, 0x75, 0x30, 0), 0xffffffffe138) = 0 <0.000226>
19795 19:04:31.337854 ioctl(4, _IOC(_IOC_NONE, 0x75, 0x30, 0), 0xffffffffe108) = 0 <0.000116>
19795 19:04:31.338210 ioctl(4, _IOC(_IOC_NONE, 0x75, 0x30, 0), 0xffffffffe138) = 0 <0.000135>
19795 19:04:31.338444 ioctl(4, _IOC(_IOC_NONE, 0x75, 0x30, 0), 0xffffffffe108) = 0 <0.000108>
19795 19:04:31.338785 ioctl(4, _IOC(_IOC_NONE, 0x75, 0x30, 0), 0xffffffffe138) = 0 <0.000155>
19795 19:04:31.339043 ioctl(4, _IOC(_IOC_NONE, 0x75, 0x30, 0), 0xffffffffe108) = 0 <0.000106>
19795 19:04:31.339484 brk(0xaaaaac65e000) = 0xaaaaac65e000 <0.000071>
19795 19:04:31.341092 ioctl(4, _IOC(_IOC_NONE, 0x75, 0x30, 0), 0xffffffffe138) = 0 <0.000154>
19795 19:04:31.341382 ioctl(4, _IOC(_IOC_NONE, 0x75, 0x30, 0), 0xffffffffe108) = 0 <0.000128>
19795 19:04:31.341727 ioctl(4, _IOC(_IOC_NONE, 0x75, 0x30, 0), 0xffffffffe138) = 0 <0.000161>
19795 19:04:31.342047 ioctl(4, _IOC(_IOC_NONE, 0x75, 0x30, 0), 0xffffffffe108) = 0 <0.000118>
19795 19:04:31.342371 ioctl(4, _IOC(_IOC_NONE, 0x75, 0x30, 0), 0xffffffffe138) = 0 <0.000149>
19795 19:04:31.342605 ioctl(4, _IOC(_IOC_NONE, 0x75, 0x30, 0), 0xffffffffe108) = 0 <0.000101>
19795 19:04:31.342902 ioctl(4, _IOC(_IOC_NONE, 0x75, 0x30, 0), 0xffffffffe138) = 0 <0.000153>
19795 19:04:31.343162 ioctl(4, _IOC(_IOC_NONE, 0x75, 0x30, 0), 0xffffffffe108) = 0 <0.000094>
19795 19:04:31.343494 ioctl(4, _IOC(_IOC_NONE, 0x75, 0x30, 0), 0xffffffffe138) = 0 <0.000144>
19795 19:04:31.343750 ioctl(4, _IOC(_IOC_NONE, 0x75, 0x30, 0), 0xffffffffe108) = 0 <0.000117>
19795 19:04:31.344089 ioctl(4, _IOC(_IOC_NONE, 0x75, 0x30, 0), 0xffffffffe138) = 0 <0.000163>
19795 19:04:31.344358 ioctl(4, _IOC(_IOC_NONE, 0x75, 0x30, 0), 0xffffffffe108) = 0 <0.000102>
19795 19:04:31.344666 ioctl(4, _IOC(_IOC_NONE, 0x75, 0x30, 0), 0xffffffffe138) = 0 <0.000169>
19795 19:04:31.344963 ioctl(4, _IOC(_IOC_NONE, 0x75, 0x30, 0), 0xffffffffe108) = 0 <0.000135>
19795 19:04:31.345328 ioctl(4, _IOC(_IOC_NONE, 0x75, 0x30, 0), 0xffffffffe138) = 0 <0.000129>
19795 19:04:31.345597 ioctl(4, _IOC(_IOC_NONE, 0x75, 0x30, 0), 0xffffffffe108) = 0 <0.000121>
19795 19:04:31.345948 ioctl(4, _IOC(_IOC_NONE, 0x75, 0x30, 0), 0xffffffffe138) = 0 <0.000129>
19795 19:04:31.346178 ioctl(4, _IOC(_IOC_NONE, 0x75, 0x30, 0), 0xffffffffe108) = 0 <0.000109>
19795 19:04:31.346517 ioctl(4, _IOC(_IOC_NONE, 0x75, 0x30, 0), 0xffffffffe138) = 0 <0.000119>
19795 19:04:31.346763 ioctl(4, _IOC(_IOC_NONE, 0x75, 0x30, 0), 0xffffffffe108) = 0 <0.000101>
19795 19:04:31.347059 ioctl(4, _IOC(_IOC_NONE, 0x75, 0x30, 0), 0xffffffffe138) = 0 <0.000151>
19795 19:04:31.347341 ioctl(4, _IOC(_IOC_NONE, 0x75, 0x30, 0), 0xffffffffe108) = 0 <0.000154>
19795 19:04:31.347745 ioctl(4, _IOC(_IOC_NONE, 0x75, 0x30, 0), 0xffffffffe138) = 0 <0.000132>
19795 19:04:31.347980 ioctl(4, _IOC(_IOC_NONE, 0x75, 0x30, 0), 0xffffffffe108) = 0 <0.000124>
19795 19:04:31.348278 ioctl(4, _IOC(_IOC_NONE, 0x75, 0x30, 0), 0xffffffffe138) = 0 <0.000129>
19795 19:04:31.348493 ioctl(4, _IOC(_IOC_NONE, 0x75, 0x30, 0), 0xffffffffe108) = 0 <0.000105>
19795 19:04:31.348822 ioctl(4, _IOC(_IOC_NONE, 0x75, 0x30, 0), 0xffffffffe138) = 0 <0.000176>
19795 19:04:31.349093 ioctl(4, _IOC(_IOC_NONE, 0x75, 0x30, 0), 0xffffffffe108) = 0 <0.000102>
19795 19:04:31.349427 ioctl(4, _IOC(_IOC_NONE, 0x75, 0x30, 0), 0xffffffffe138) = 0 <0.000194>
19795 19:04:31.349768 ioctl(4, _IOC(_IOC_NONE, 0x75, 0x30, 0), 0xffffffffe108) = 0 <0.000095>
19795 19:04:31.350030 ioctl(4, _IOC(_IOC_NONE, 0x75, 0x30, 0), 0xffffffffe138) = 0 <0.000149>
19795 19:04:31.350254 ioctl(4, _IOC(_IOC_NONE, 0x75, 0x30, 0), 0xffffffffe108) = 0 <0.000107>
19795 19:04:31.350555 ioctl(4, _IOC(_IOC_NONE, 0x75, 0x30, 0), 0xffffffffe138) = 0 <0.000146>
19795 19:04:31.350821 ioctl(4, _IOC(_IOC_NONE, 0x75, 0x30, 0), 0xffffffffe108) = 0 <0.000097>
19795 19:04:31.351102 ioctl(4, _IOC(_IOC_NONE, 0x75, 0x30, 0), 0xffffffffe138) = 0 <0.000161>
19795 19:04:31.351353 ioctl(4, _IOC(_IOC_NONE, 0x75, 0x30, 0), 0xffffffffe108) = 0 <0.000106>
19795 19:04:31.351688 ioctl(4, _IOC(_IOC_NONE, 0x75, 0x30, 0), 0xffffffffe138) = 0 <0.000124>
19795 19:04:31.351902 ioctl(4, _IOC(_IOC_NONE, 0x75, 0x30, 0), 0xffffffffe108) = 0 <0.000132>
19795 19:04:31.352273 ioctl(4, _IOC(_IOC_NONE, 0x75, 0x30, 0), 0xffffffffe138) = 0 <0.000115>
19795 19:04:31.352483 ioctl(4, _IOC(_IOC_NONE, 0x75, 0x30, 0), 0xffffffffe108) = 0 <0.000101>
19795 19:04:31.352743 ioctl(4, _IOC(_IOC_NONE, 0x75, 0x30, 0), 0xffffffffe138) = 0 <0.000127>
19795 19:04:31.352963 ioctl(4, _IOC(_IOC_NONE, 0x75, 0x30, 0), 0xffffffffe108) = 0 <0.000115>
19795 19:04:31.353317 ioctl(4, _IOC(_IOC_NONE, 0x75, 0x30, 0), 0xffffffffe138) = 0 <0.000129>
19795 19:04:31.353588 ioctl(4, _IOC(_IOC_NONE, 0x75, 0x30, 0), 0xffffffffe108) = 0 <0.000117>
19795 19:04:31.353950 ioctl(4, _IOC(_IOC_NONE, 0x75, 0x30, 0), 0xffffffffe138) = 0 <0.000169>
19795 19:04:31.354239 ioctl(4, _IOC(_IOC_NONE, 0x75, 0x30, 0), 0xffffffffe108) = 0 <0.000139>
19795 19:04:31.354603 ioctl(4, _IOC(_IOC_NONE, 0x75, 0x30, 0), 0xffffffffe138) = 0 <0.000129>
19795 19:04:31.354835 ioctl(4, _IOC(_IOC_NONE, 0x75, 0x30, 0), 0xffffffffe108) = 0 <0.000093>
19795 19:04:31.355156 ioctl(4, _IOC(_IOC_NONE, 0x75, 0x30, 0), 0xffffffffe138) = 0 <0.000126>
19795 19:04:31.355365 ioctl(4, _IOC(_IOC_NONE, 0x75, 0x30, 0), 0xffffffffe108) = 0 <0.000102>
19795 19:04:31.355630 ioctl(4, _IOC(_IOC_NONE, 0x75, 0x30, 0), 0xffffffffe138) = 0 <0.000130>
19795 19:04:31.355847 ioctl(4, _IOC(_IOC_NONE, 0x75, 0x30, 0), 0xffffffffe108) = 0 <0.000105>
19795 19:04:31.356271 brk(0xaaaaac7ac000) = 0xaaaaac7ac000 <0.000050>
19795 19:04:31.357763 ioctl(4, _IOC(_IOC_NONE, 0x75, 0x30, 0), 0xffffffffe138) = 0 <0.000147>
19795 19:04:31.358056 ioctl(4, _IOC(_IOC_NONE, 0x75, 0x30, 0), 0xffffffffe108) = 0 <0.000131>
19795 19:04:31.358445 ioctl(4, _IOC(_IOC_NONE, 0x75, 0x30, 0), 0xffffffffe138) = 0 <0.000131>
19795 19:04:31.358673 ioctl(4, _IOC(_IOC_NONE, 0x75, 0x30, 0), 0xffffffffe108) = 0 <0.000122>
19795 19:04:31.358941 ioctl(4, _IOC(_IOC_NONE, 0x75, 0x30, 0), 0xffffffffe138) = 0 <0.000102>
19795 19:04:31.359110 ioctl(4, _IOC(_IOC_NONE, 0x75, 0x30, 0), 0xffffffffe108) = 0 <0.000087>
19795 19:04:31.359300 ioctl(4, _IOC(_IOC_NONE, 0x75, 0x30, 0), 0xffffffffe138) = 0 <0.000110>
19795 19:04:31.359467 ioctl(4, _IOC(_IOC_NONE, 0x75, 0x30, 0), 0xffffffffe108) = 0 <0.000083>
19795 19:04:31.359649 ioctl(4, _IOC(_IOC_NONE, 0x75, 0x30, 0), 0xffffffffe138) = 0 <0.000097>
19795 19:04:31.359803 ioctl(4, _IOC(_IOC_NONE, 0x75, 0x30, 0), 0xffffffffe108) = 0 <0.000081>
19795 19:04:31.359983 ioctl(4, _IOC(_IOC_NONE, 0x75, 0x30, 0), 0xffffffffe138) = 0 <0.000097>
19795 19:04:31.360138 ioctl(4, _IOC(_IOC_NONE, 0x75, 0x30, 0), 0xffffffffe108) = 0 <0.000082>
19795 19:04:31.360328 ioctl(4, _IOC(_IOC_NONE, 0x75, 0x30, 0), 0xffffffffe138) = 0 <0.000096>
19795 19:04:31.360483 ioctl(4, _IOC(_IOC_NONE, 0x75, 0x30, 0), 0xffffffffe108) = 0 <0.000083>
19795 19:04:31.360662 ioctl(4, _IOC(_IOC_NONE, 0x75, 0x30, 0), 0xffffffffe138) = 0 <0.000097>
19795 19:04:31.360815 ioctl(4, _IOC(_IOC_NONE, 0x75, 0x30, 0), 0xffffffffe108) = 0 <0.000084>
19795 19:04:31.360994 ioctl(4, _IOC(_IOC_NONE, 0x75, 0x30, 0), 0xffffffffe138) = 0 <0.000095>
19795 19:04:31.361146 ioctl(4, _IOC(_IOC_NONE, 0x75, 0x30, 0), 0xffffffffe108) = 0 <0.000083>
19795 19:04:31.361324 ioctl(4, _IOC(_IOC_NONE, 0x75, 0x30, 0), 0xffffffffe138) = 0 <0.000095>
19795 19:04:31.361477 ioctl(4, _IOC(_IOC_NONE, 0x75, 0x30, 0), 0xffffffffe108) = 0 <0.000386>
19795 19:04:31.362162 ioctl(4, _IOC(_IOC_NONE, 0x75, 0x30, 0), 0xffffffffe138) = 0 <0.000150>
19795 19:04:31.362449 ioctl(4, _IOC(_IOC_NONE, 0x75, 0x30, 0), 0xffffffffe108) = 0 <0.000115>
19795 19:04:31.362850 ioctl(4, _IOC(_IOC_NONE, 0x75, 0x30, 0), 0xffffffffe138) = 0 <0.000260>
19795 19:04:31.363250 ioctl(4, _IOC(_IOC_NONE, 0x75, 0x30, 0), 0xffffffffe108) = 0 <0.000107>
19795 19:04:31.363613 ioctl(4, _IOC(_IOC_NONE, 0x75, 0x30, 0), 0xffffffffe138) = 0 <0.000132>
19795 19:04:31.363899 ioctl(4, _IOC(_IOC_NONE, 0x75, 0x30, 0), 0xffffffffe108) = 0 <0.000112>
19795 19:04:31.364225 ioctl(4, _IOC(_IOC_NONE, 0x75, 0x30, 0), 0xffffffffe138) = 0 <0.000139>
19795 19:04:31.364475 ioctl(4, _IOC(_IOC_NONE, 0x75, 0x30, 0), 0xffffffffe108) = 0 <0.000130>
19795 19:04:31.364782 ioctl(4, _IOC(_IOC_NONE, 0x75, 0x30, 0), 0xffffffffe138) = 0 <0.000128>
19795 19:04:31.365030 ioctl(4, _IOC(_IOC_NONE, 0x75, 0x30, 0), 0xffffffffe108) = 0 <0.000112>
19795 19:04:31.365294 ioctl(4, _IOC(_IOC_NONE, 0x75, 0x30, 0), 0xffffffffe138) = 0 <0.000119>
19795 19:04:31.365499 ioctl(4, _IOC(_IOC_NONE, 0x75, 0x30, 0), 0xffffffffe108) = 0 <0.000145>
19795 19:04:31.365945 ioctl(4, _IOC(_IOC_NONE, 0x75, 0x30, 0), 0xffffffffe138) = 0 <0.000154>
19795 19:04:31.366203 ioctl(4, _IOC(_IOC_NONE, 0x75, 0x30, 0), 0xffffffffe108) = 0 <0.000126>
19795 19:04:31.366546 ioctl(4, _IOC(_IOC_NONE, 0x75, 0x30, 0), 0xffffffffe138) = 0 <0.000128>
19795 19:04:31.366804 ioctl(4, _IOC(_IOC_NONE, 0x75, 0x30, 0), 0xffffffffe108) = 0 <0.000114>
19795 19:04:31.367102 ioctl(4, _IOC(_IOC_NONE, 0x75, 0x30, 0), 0xffffffffe138) = 0 <0.000158>
19795 19:04:31.367387 ioctl(4, _IOC(_IOC_NONE, 0x75, 0x30, 0), 0xffffffffe108) = 0 <0.000110>
19795 19:04:31.367740 ioctl(4, _IOC(_IOC_NONE, 0x75, 0x30, 0), 0xffffffffe138) = 0 <0.000152>
19795 19:04:31.367987 ioctl(4, _IOC(_IOC_NONE, 0x75, 0x30, 0), 0xffffffffe108) = 0 <0.000108>
19795 19:04:31.368346 ioctl(4, _IOC(_IOC_NONE, 0x75, 0x30, 0), 0xffffffffe138) = 0 <0.000153>
19795 19:04:31.368609 ioctl(4, _IOC(_IOC_NONE, 0x75, 0x30, 0), 0xffffffffe108) = 0 <0.000114>
19795 19:04:31.368937 ioctl(4, _IOC(_IOC_NONE, 0x75, 0x30, 0), 0xffffffffe138) = 0 <0.000123>
19795 19:04:31.369142 ioctl(4, _IOC(_IOC_NONE, 0x75, 0x30, 0), 0xffffffffe108) = 0 <0.000103>
19795 19:04:31.369446 ioctl(4, _IOC(_IOC_NONE, 0x75, 0x30, 0), 0xffffffffe138) = 0 <0.000158>
19795 19:04:31.369723 ioctl(4, _IOC(_IOC_NONE, 0x75, 0x30, 0), 0xffffffffe108) = 0 <0.000119>
19795 19:04:31.370034 ioctl(4, _IOC(_IOC_NONE, 0x75, 0x30, 0), 0xffffffffe138) = 0 <0.000176>
19795 19:04:31.370341 ioctl(4, _IOC(_IOC_NONE, 0x75, 0x30, 0), 0xffffffffe108) = 0 <0.000106>
19795 19:04:31.370669 ioctl(4, _IOC(_IOC_NONE, 0x75, 0x30, 0), 0xffffffffe138) = 0 <0.000131>
19795 19:04:31.370900 ioctl(4, _IOC(_IOC_NONE, 0x75, 0x30, 0), 0xffffffffe108) = 0 <0.000098>
19795 19:04:31.371208 ioctl(4, _IOC(_IOC_NONE, 0x75, 0x30, 0), 0xffffffffe138) = 0 <0.000146>
19795 19:04:31.371460 ioctl(4, _IOC(_IOC_NONE, 0x75, 0x30, 0), 0xffffffffe108) = 0 <0.000096>
19795 19:04:31.371849 brk(0xaaaaac8fa000) = 0xaaaaac8fa000 <0.000047>
19795 19:04:31.373380 ioctl(4, _IOC(_IOC_NONE, 0x75, 0x30, 0), 0xffffffffe138) = 0 <0.000164>
19795 19:04:31.373695 ioctl(4, _IOC(_IOC_NONE, 0x75, 0x30, 0), 0xffffffffe108) = 0 <0.000102>
19795 19:04:31.373987 ioctl(4, _IOC(_IOC_NONE, 0x75, 0x30, 0), 0xffffffffe138) = 0 <0.000141>
19795 19:04:31.374235 ioctl(4, _IOC(_IOC_NONE, 0x75, 0x30, 0), 0xffffffffe108) = 0 <0.000096>
19795 19:04:31.374620 ioctl(4, _IOC(_IOC_NONE, 0x75, 0x30, 0), 0xffffffffe138) = 0 <0.000139>
19795 19:04:31.374883 ioctl(4, _IOC(_IOC_NONE, 0x75, 0x30, 0), 0xffffffffe108) = 0 <0.000095>
19795 19:04:31.375177 ioctl(4, _IOC(_IOC_NONE, 0x75, 0x30, 0), 0xffffffffe138) = 0 <0.000117>
19795 19:04:31.375395 ioctl(4, _IOC(_IOC_NONE, 0x75, 0x30, 0), 0xffffffffe108) = 0 <0.000108>
19795 19:04:31.375717 ioctl(4, _IOC(_IOC_NONE, 0x75, 0x30, 0), 0xffffffffe138) = 0 <0.000154>
19795 19:04:31.375976 ioctl(4, _IOC(_IOC_NONE, 0x75, 0x30, 0), 0xffffffffe108) = 0 <0.000127>
19795 19:04:31.376267 ioctl(4, _IOC(_IOC_NONE, 0x75, 0x30, 0), 0xffffffffe138) = 0 <0.000104>
19795 19:04:31.376438 ioctl(4, _IOC(_IOC_NONE, 0x75, 0x30, 0), 0xffffffffe108) = 0 <0.000088>
19795 19:04:31.376634 ioctl(4, _IOC(_IOC_NONE, 0x75, 0x30, 0), 0xffffffffe138) = 0 <0.000095>
19795 19:04:31.376787 ioctl(4, _IOC(_IOC_NONE, 0x75, 0x30, 0), 0xffffffffe108) = 0 <0.000094>
19795 19:04:31.376997 ioctl(4, _IOC(_IOC_NONE, 0x75, 0x30, 0), 0xffffffffe138) = 0 <0.000096>
19795 19:04:31.377152 ioctl(4, _IOC(_IOC_NONE, 0x75, 0x30, 0), 0xffffffffe108) = 0 <0.000082>
19795 19:04:31.377333 ioctl(4, _IOC(_IOC_NONE, 0x75, 0x30, 0), 0xffffffffe138) = 0 <0.000094>
19795 19:04:31.377482 ioctl(4, _IOC(_IOC_NONE, 0x75, 0x30, 0), 0xffffffffe108) = 0 <0.000113>
19795 19:04:31.377832 ioctl(4, _IOC(_IOC_NONE, 0x75, 0x30, 0), 0xffffffffe138) = 0 <0.000144>
19795 19:04:31.378088 ioctl(4, _IOC(_IOC_NONE, 0x75, 0x30, 0), 0xffffffffe108) = 0 <0.000114>
19795 19:04:31.378482 ioctl(4, _IOC(_IOC_NONE, 0x75, 0x30, 0), 0xffffffffe138) = 0 <0.000136>
19795 19:04:31.378734 ioctl(4, _IOC(_IOC_NONE, 0x75, 0x30, 0), 0xffffffffe108) = 0 <0.000116>
19795 19:04:31.379097 ioctl(4, _IOC(_IOC_NONE, 0x75, 0x30, 0), 0xffffffffe138) = 0 <0.000166>
19795 19:04:31.379354 ioctl(4, _IOC(_IOC_NONE, 0x75, 0x30, 0), 0xffffffffe108) = 0 <0.000111>
19795 19:04:31.379663 ioctl(4, _IOC(_IOC_NONE, 0x75, 0x30, 0), 0xffffffffe138) = 0 <0.000135>
19795 19:04:31.379896 ioctl(4, _IOC(_IOC_NONE, 0x75, 0x30, 0), 0xffffffffe108) = 0 <0.000098>
19795 19:04:31.380184 ioctl(4, _IOC(_IOC_NONE, 0x75, 0x30, 0), 0xffffffffe138) = 0 <0.000150>
19795 19:04:31.380423 ioctl(4, _IOC(_IOC_NONE, 0x75, 0x30, 0), 0xffffffffe108) = 0 <0.000097>
19795 19:04:31.380668 ioctl(4, _IOC(_IOC_NONE, 0x75, 0x30, 0), 0xffffffffe138) = 0 <0.000112>
19795 19:04:31.380858 ioctl(4, _IOC(_IOC_NONE, 0x75, 0x30, 0), 0xffffffffe108) = 0 <0.000099>
19795 19:04:31.381136 ioctl(4, _IOC(_IOC_NONE, 0x75, 0x30, 0), 0xffffffffe138) = 0 <0.000146>
19795 19:04:31.381408 ioctl(4, _IOC(_IOC_NONE, 0x75, 0x30, 0), 0xffffffffe108) = 0 <0.000098>
19795 19:04:31.381743 ioctl(4, _IOC(_IOC_NONE, 0x75, 0x30, 0), 0xffffffffe138) = 0 <0.000146>
19795 19:04:31.382019 ioctl(4, _IOC(_IOC_NONE, 0x75, 0x30, 0), 0xffffffffe108) = 0 <0.000115>
19795 19:04:31.382387 ioctl(4, _IOC(_IOC_NONE, 0x75, 0x30, 0), 0xffffffffe138) = 0 <0.000133>
19795 19:04:31.382618 ioctl(4, _IOC(_IOC_NONE, 0x75, 0x30, 0), 0xffffffffe108) = 0 <0.000123>
19795 19:04:31.382937 ioctl(4, _IOC(_IOC_NONE, 0x75, 0x30, 0), 0xffffffffe138) = 0 <0.000170>
19795 19:04:31.383234 ioctl(4, _IOC(_IOC_NONE, 0x75, 0x30, 0), 0xffffffffe108) = 0 <0.000122>
19795 19:04:31.383558 ioctl(4, _IOC(_IOC_NONE, 0x75, 0x30, 0), 0xffffffffe138) = 0 <0.000152>
19795 19:04:31.383807 ioctl(4, _IOC(_IOC_NONE, 0x75, 0x30, 0), 0xffffffffe108) = 0 <0.000111>
19795 19:04:31.384087 ioctl(4, _IOC(_IOC_NONE, 0x75, 0x30, 0), 0xffffffffe138) = 0 <0.000135>
19795 19:04:31.384307 ioctl(4, _IOC(_IOC_NONE, 0x75, 0x30, 0), 0xffffffffe108) = 0 <0.000115>
19795 19:04:31.384580 ioctl(4, _IOC(_IOC_NONE, 0x75, 0x30, 0), 0xffffffffe138) = 0 <0.000132>
19795 19:04:31.384785 ioctl(4, _IOC(_IOC_NONE, 0x75, 0x30, 0), 0xffffffffe108) = 0 <0.000098>
19795 19:04:31.385089 ioctl(4, _IOC(_IOC_NONE, 0x75, 0x30, 0), 0xffffffffe138) = 0 <0.000144>
19795 19:04:31.385349 ioctl(4, _IOC(_IOC_NONE, 0x75, 0x30, 0), 0xffffffffe108) = 0 <0.000150>
19795 19:04:31.385787 ioctl(4, _IOC(_IOC_NONE, 0x75, 0x30, 0), 0xffffffffe138) = 0 <0.000130>
19795 19:04:31.386037 ioctl(4, _IOC(_IOC_NONE, 0x75, 0x30, 0), 0xffffffffe108) = 0 <0.000103>
19795 19:04:31.386368 ioctl(4, _IOC(_IOC_NONE, 0x75, 0x30, 0), 0xffffffffe138) = 0 <0.000151>
19795 19:04:31.386650 ioctl(4, _IOC(_IOC_NONE, 0x75, 0x30, 0), 0xffffffffe108) = 0 <0.000131>
19795 19:04:31.386984 ioctl(4, _IOC(_IOC_NONE, 0x75, 0x30, 0), 0xffffffffe138) = 0 <0.000170>
19795 19:04:31.387243 ioctl(4, _IOC(_IOC_NONE, 0x75, 0x30, 0), 0xffffffffe108) = 0 <0.000115>
19795 19:04:31.387633 brk(0xaaaaaca48000) = 0xaaaaaca48000 <0.000038>
19795 19:04:31.389106 ioctl(4, _IOC(_IOC_NONE, 0x75, 0x30, 0), 0xffffffffe138) = 0 <0.000154>
19795 19:04:31.389374 ioctl(4, _IOC(_IOC_NONE, 0x75, 0x30, 0), 0xffffffffe108) = 0 <0.000117>
19795 19:04:31.389779 ioctl(4, _IOC(_IOC_NONE, 0x75, 0x30, 0), 0xffffffffe138) = 0 <0.000171>
19795 19:04:31.390101 ioctl(4, _IOC(_IOC_NONE, 0x75, 0x30, 0), 0xffffffffe108) = 0 <0.000105>
19795 19:04:31.390436 ioctl(4, _IOC(_IOC_NONE, 0x75, 0x30, 0), 0xffffffffe138) = 0 <0.000153>
19795 19:04:31.390719 ioctl(4, _IOC(_IOC_NONE, 0x75, 0x30, 0), 0xffffffffe108) = 0 <0.000107>
19795 19:04:31.391085 ioctl(4, _IOC(_IOC_NONE, 0x75, 0x30, 0), 0xffffffffe138) = 0 <0.000109>
19795 19:04:31.391269 ioctl(4, _IOC(_IOC_NONE, 0x75, 0x30, 0), 0xffffffffe108) = 0 <0.000087>
19795 19:04:31.391470 ioctl(4, _IOC(_IOC_NONE, 0x75, 0x30, 0), 0xffffffffe138) = 0 <0.000098>
19795 19:04:31.391625 ioctl(4, _IOC(_IOC_NONE, 0x75, 0x30, 0), 0xffffffffe108) = 0 <0.000086>
19795 19:04:31.391810 ioctl(4, _IOC(_IOC_NONE, 0x75, 0x30, 0), 0xffffffffe138) = 0 <0.000099>
19795 19:04:31.392002 ioctl(4, _IOC(_IOC_NONE, 0x75, 0x30, 0), 0xffffffffe108) = 0 <0.000086>
19795 19:04:31.392200 ioctl(4, _IOC(_IOC_NONE, 0x75, 0x30, 0), 0xffffffffe138) = 0 <0.000103>
19795 19:04:31.392369 ioctl(4, _IOC(_IOC_NONE, 0x75, 0x30, 0), 0xffffffffe108) = 0 <0.000088>
19795 19:04:31.392573 ioctl(4, _IOC(_IOC_NONE, 0x75, 0x30, 0), 0xffffffffe138) = 0 <0.000106>
19795 19:04:31.392743 ioctl(4, _IOC(_IOC_NONE, 0x75, 0x30, 0), 0xffffffffe108) = 0 <0.000093>
19795 19:04:31.392984 ioctl(4, _IOC(_IOC_NONE, 0x75, 0x30, 0), 0xffffffffe138) = 0 <0.000106>
19795 19:04:31.393157 ioctl(4, _IOC(_IOC_NONE, 0x75, 0x30, 0), 0xffffffffe108) = 0 <0.000088>
19795 19:04:31.393354 ioctl(4, _IOC(_IOC_NONE, 0x75, 0x30, 0), 0xffffffffe138) = 0 <0.000102>
19795 19:04:31.393521 ioctl(4, _IOC(_IOC_NONE, 0x75, 0x30, 0), 0xffffffffe108) = 0 <0.000149>
19795 19:04:31.394060 ioctl(4, _IOC(_IOC_NONE, 0x75, 0x30, 0), 0xffffffffe138) = 0 <0.000154>
19795 19:04:31.394327 ioctl(4, _IOC(_IOC_NONE, 0x75, 0x30, 0), 0xffffffffe108) = 0 <0.000109>
19795 19:04:31.394640 ioctl(4, _IOC(_IOC_NONE, 0x75, 0x30, 0), 0xffffffffe138) = 0 <0.000212>
19795 19:04:31.395037 ioctl(4, _IOC(_IOC_NONE, 0x75, 0x30, 0), 0xffffffffe108) = 0 <0.000152>
19795 19:04:31.395491 ioctl(4, _IOC(_IOC_NONE, 0x75, 0x30, 0), 0xffffffffe138) = 0 <0.000165>
19795 19:04:31.395791 ioctl(4, _IOC(_IOC_NONE, 0x75, 0x30, 0), 0xffffffffe108) = 0 <0.000115>
19795 19:04:31.396117 ioctl(4, _IOC(_IOC_NONE, 0x75, 0x30, 0), 0xffffffffe138) = 0 <0.000151>
19795 19:04:31.396408 ioctl(4, _IOC(_IOC_NONE, 0x75, 0x30, 0), 0xffffffffe108) = 0 <0.000146>
19795 19:04:31.396785 ioctl(4, _IOC(_IOC_NONE, 0x75, 0x30, 0), 0xffffffffe138) = 0 <0.000122>
19795 19:04:31.396991 ioctl(4, _IOC(_IOC_NONE, 0x75, 0x30, 0), 0xffffffffe108) = 0 <0.000096>
19795 19:04:31.397231 ioctl(4, _IOC(_IOC_NONE, 0x75, 0x30, 0), 0xffffffffe138) = 0 <0.000120>
19795 19:04:31.397425 ioctl(4, _IOC(_IOC_NONE, 0x75, 0x30, 0), 0xffffffffe108) = 0 <0.000088>
19795 19:04:31.397688 ioctl(4, _IOC(_IOC_NONE, 0x75, 0x30, 0), 0xffffffffe138) = 0 <0.000117>
19795 19:04:31.397896 ioctl(4, _IOC(_IOC_NONE, 0x75, 0x30, 0), 0xffffffffe108) = 0 <0.000111>
19795 19:04:31.398219 ioctl(4, _IOC(_IOC_NONE, 0x75, 0x30, 0), 0xffffffffe138) = 0 <0.000130>
19795 19:04:31.398446 ioctl(4, _IOC(_IOC_NONE, 0x75, 0x30, 0), 0xffffffffe108) = 0 <0.000095>
19795 19:04:31.398713 ioctl(4, _IOC(_IOC_NONE, 0x75, 0x30, 0), 0xffffffffe138) = 0 <0.000112>
19795 19:04:31.398902 ioctl(4, _IOC(_IOC_NONE, 0x75, 0x30, 0), 0xffffffffe108) = 0 <0.000094>
19795 19:04:31.399133 ioctl(4, _IOC(_IOC_NONE, 0x75, 0x30, 0), 0xffffffffe138) = 0 <0.000124>
19795 19:04:31.399355 ioctl(4, _IOC(_IOC_NONE, 0x75, 0x30, 0), 0xffffffffe108) = 0 <0.000122>
19795 19:04:31.399722 ioctl(4, _IOC(_IOC_NONE, 0x75, 0x30, 0), 0xffffffffe138) = 0 <0.000155>
19795 19:04:31.399988 ioctl(4, _IOC(_IOC_NONE, 0x75, 0x30, 0), 0xffffffffe108) = 0 <0.000100>
19795 19:04:31.400249 ioctl(4, _IOC(_IOC_NONE, 0x75, 0x30, 0), 0xffffffffe138) = 0 <0.000121>
19795 19:04:31.400439 ioctl(4, _IOC(_IOC_NONE, 0x75, 0x30, 0), 0xffffffffe108) = 0 <0.000091>
19795 19:04:31.400653 ioctl(4, _IOC(_IOC_NONE, 0x75, 0x30, 0), 0xffffffffe138) = 0 <0.000103>
19795 19:04:31.400824 ioctl(4, _IOC(_IOC_NONE, 0x75, 0x30, 0), 0xffffffffe108) = 0 <0.000084>
19795 19:04:31.401044 ioctl(4, _IOC(_IOC_NONE, 0x75, 0x30, 0), 0xffffffffe138) = 0 <0.000112>
19795 19:04:31.401224 ioctl(4, _IOC(_IOC_NONE, 0x75, 0x30, 0), 0xffffffffe108) = 0 <0.000090>
19795 19:04:31.401432 ioctl(4, _IOC(_IOC_NONE, 0x75, 0x30, 0), 0xffffffffe138) = 0 <0.000106>
19795 19:04:31.401659 ioctl(4, _IOC(_IOC_NONE, 0x75, 0x30, 0), 0xffffffffe108) = 0 <0.000191>
19795 19:04:31.402050 ioctl(4, _IOC(_IOC_NONE, 0x75, 0x30, 0), 0xffffffffe138) = 0 <0.000161>
19795 19:04:31.402342 ioctl(4, _IOC(_IOC_NONE, 0x75, 0x30, 0), 0xffffffffe108) = 0 <0.000124>
19795 19:04:31.402864 brk(0xaaaaacb96000) = 0xaaaaacb96000 <0.000065>
19795 19:04:31.404823 ioctl(4, _IOC(_IOC_NONE, 0x75, 0x30, 0), 0xffffffffe138) = 0 <0.000136>
19795 19:04:31.405097 ioctl(4, _IOC(_IOC_NONE, 0x75, 0x30, 0), 0xffffffffe108) = 0 <0.000109>
19795 19:04:31.405462 ioctl(4, _IOC(_IOC_NONE, 0x75, 0x30, 0), 0xffffffffe138) = 0 <0.000156>
19795 19:04:31.405724 ioctl(4, _IOC(_IOC_NONE, 0x75, 0x30, 0), 0xffffffffe108) = 0 <0.000112>
19795 19:04:31.406065 ioctl(4, _IOC(_IOC_NONE, 0x75, 0x30, 0), 0xffffffffe138) = 0 <0.000123>
19795 19:04:31.406281 ioctl(4, _IOC(_IOC_NONE, 0x75, 0x30, 0), 0xffffffffe108) = 0 <0.000121>
19795 19:04:31.406559 ioctl(4, _IOC(_IOC_NONE, 0x75, 0x30, 0), 0xffffffffe138) = 0 <0.000108>
19795 19:04:31.406734 ioctl(4, _IOC(_IOC_NONE, 0x75, 0x30, 0), 0xffffffffe108) = 0 <0.000085>
19795 19:04:31.406949 ioctl(4, _IOC(_IOC_NONE, 0x75, 0x30, 0), 0xffffffffe138) = 0 <0.000100>
19795 19:04:31.407107 ioctl(4, _IOC(_IOC_NONE, 0x75, 0x30, 0), 0xffffffffe108) = 0 <0.000086>
19795 19:04:31.407300 ioctl(4, _IOC(_IOC_NONE, 0x75, 0x30, 0), 0xffffffffe138) = 0 <0.000102>
19795 19:04:31.407458 ioctl(4, _IOC(_IOC_NONE, 0x75, 0x30, 0), 0xffffffffe108) = 0 <0.000084>
19795 19:04:31.407646 ioctl(4, _IOC(_IOC_NONE, 0x75, 0x30, 0), 0xffffffffe138) = 0 <0.000106>
19795 19:04:31.407814 ioctl(4, _IOC(_IOC_NONE, 0x75, 0x30, 0), 0xffffffffe108) = 0 <0.000088>
19795 19:04:31.408009 ioctl(4, _IOC(_IOC_NONE, 0x75, 0x30, 0), 0xffffffffe138) = 0 <0.000105>
19795 19:04:31.408175 ioctl(4, _IOC(_IOC_NONE, 0x75, 0x30, 0), 0xffffffffe108) = 0 <0.000087>
19795 19:04:31.408375 ioctl(4, _IOC(_IOC_NONE, 0x75, 0x30, 0), 0xffffffffe138) = 0 <0.000103>
19795 19:04:31.408541 ioctl(4, _IOC(_IOC_NONE, 0x75, 0x30, 0), 0xffffffffe108) = 0 <0.000088>
19795 19:04:31.408755 ioctl(4, _IOC(_IOC_NONE, 0x75, 0x30, 0), 0xffffffffe138) = 0 <0.000110>
19795 19:04:31.408931 ioctl(4, _IOC(_IOC_NONE, 0x75, 0x30, 0), 0xffffffffe108) = 0 <0.000083>
19795 19:04:31.409131 ioctl(4, _IOC(_IOC_NONE, 0x75, 0x30, 0), 0xffffffffe138) = 0 <0.000102>
19795 19:04:31.409298 ioctl(4, _IOC(_IOC_NONE, 0x75, 0x30, 0), 0xffffffffe108) = 0 <0.000089>
19795 19:04:31.409500 ioctl(4, _IOC(_IOC_NONE, 0x75, 0x30, 0), 0xffffffffe138) = 0 <0.000135>
19795 19:04:31.409844 ioctl(4, _IOC(_IOC_NONE, 0x75, 0x30, 0), 0xffffffffe108) = 0 <0.000129>
19795 19:04:31.410171 ioctl(4, _IOC(_IOC_NONE, 0x75, 0x30, 0), 0xffffffffe138) = 0 <0.000154>
19795 19:04:31.410439 ioctl(4, _IOC(_IOC_NONE, 0x75, 0x30, 0), 0xffffffffe108) = 0 <0.000113>
19795 19:04:31.410705 ioctl(4, _IOC(_IOC_NONE, 0x75, 0x30, 0), 0xffffffffe138) = 0 <0.000120>
19795 19:04:31.410898 ioctl(4, _IOC(_IOC_NONE, 0x75, 0x30, 0), 0xffffffffe108) = 0 <0.000089>
19795 19:04:31.411131 ioctl(4, _IOC(_IOC_NONE, 0x75, 0x30, 0), 0xffffffffe138) = 0 <0.000112>
19795 19:04:31.411310 ioctl(4, _IOC(_IOC_NONE, 0x75, 0x30, 0), 0xffffffffe108) = 0 <0.000085>
19795 19:04:31.411513 ioctl(4, _IOC(_IOC_NONE, 0x75, 0x30, 0), 0xffffffffe138) = 0 <0.000106>
19795 19:04:31.411686 ioctl(4, _IOC(_IOC_NONE, 0x75, 0x30, 0), 0xffffffffe108) = 0 <0.000085>
19795 19:04:31.411890 ioctl(4, _IOC(_IOC_NONE, 0x75, 0x30, 0), 0xffffffffe138) = 0 <0.000100>
19795 19:04:31.412055 ioctl(4, _IOC(_IOC_NONE, 0x75, 0x30, 0), 0xffffffffe108) = 0 <0.000089>
19795 19:04:31.412270 ioctl(4, _IOC(_IOC_NONE, 0x75, 0x30, 0), 0xffffffffe138) = 0 <0.000104>
19795 19:04:31.412441 ioctl(4, _IOC(_IOC_NONE, 0x75, 0x30, 0), 0xffffffffe108) = 0 <0.000091>
19795 19:04:31.412647 ioctl(4, _IOC(_IOC_NONE, 0x75, 0x30, 0), 0xffffffffe138) = 0 <0.000102>
19795 19:04:31.412816 ioctl(4, _IOC(_IOC_NONE, 0x75, 0x30, 0), 0xffffffffe108) = 0 <0.000098>
19795 19:04:31.413053 ioctl(4, _IOC(_IOC_NONE, 0x75, 0x30, 0), 0xffffffffe138) = 0 <0.000109>
19795 19:04:31.413236 ioctl(4, _IOC(_IOC_NONE, 0x75, 0x30, 0), 0xffffffffe108) = 0 <0.000090>
19795 19:04:31.413450 ioctl(4, _IOC(_IOC_NONE, 0x75, 0x30, 0), 0xffffffffe138) = 0 <0.000153>
19795 19:04:31.413827 ioctl(4, _IOC(_IOC_NONE, 0x75, 0x30, 0), 0xffffffffe108) = 0 <0.000193>
19795 19:04:31.414294 ioctl(4, _IOC(_IOC_NONE, 0x75, 0x30, 0), 0xffffffffe138) = 0 <0.000139>
19795 19:04:31.414543 ioctl(4, _IOC(_IOC_NONE, 0x75, 0x30, 0), 0xffffffffe108) = 0 <0.000116>
19795 19:04:31.414811 ioctl(4, _IOC(_IOC_NONE, 0x75, 0x30, 0), 0xffffffffe138) = 0 <0.000111>
19795 19:04:31.415027 ioctl(4, _IOC(_IOC_NONE, 0x75, 0x30, 0), 0xffffffffe108) = 0 <0.000089>
19795 19:04:31.415243 ioctl(4, _IOC(_IOC_NONE, 0x75, 0x30, 0), 0xffffffffe138) = 0 <0.000103>
19795 19:04:31.415416 ioctl(4, _IOC(_IOC_NONE, 0x75, 0x30, 0), 0xffffffffe108) = 0 <0.000123>
19795 19:04:31.415685 ioctl(4, _IOC(_IOC_NONE, 0x75, 0x30, 0), 0xffffffffe138) = 0 <0.000106>
19795 19:04:31.415860 ioctl(4, _IOC(_IOC_NONE, 0x75, 0x30, 0), 0xffffffffe108) = 0 <0.000087>
19795 19:04:31.416066 ioctl(4, _IOC(_IOC_NONE, 0x75, 0x30, 0), 0xffffffffe138) = 0 <0.000098>
19795 19:04:31.416228 ioctl(4, _IOC(_IOC_NONE, 0x75, 0x30, 0), 0xffffffffe108) = 0 <0.000088>
19795 19:04:31.416537 brk(0xaaaaacce3000) = 0xaaaaacce3000 <0.000039>
19795 19:04:31.417916 ioctl(4, _IOC(_IOC_NONE, 0x75, 0x30, 0), 0xffffffffe138) = 0 <0.000138>
19795 19:04:31.418237 ioctl(4, _IOC(_IOC_NONE, 0x75, 0x30, 0), 0xffffffffe108) = 0 <0.000095>
19795 19:04:31.418505 ioctl(4, _IOC(_IOC_NONE, 0x75, 0x30, 0), 0xffffffffe138) = 0 <0.000110>
19795 19:04:31.418681 ioctl(4, _IOC(_IOC_NONE, 0x75, 0x30, 0), 0xffffffffe108) = 0 <0.000084>
19795 19:04:31.418877 ioctl(4, _IOC(_IOC_NONE, 0x75, 0x30, 0), 0xffffffffe138) = 0 <0.000100>
19795 19:04:31.419036 ioctl(4, _IOC(_IOC_NONE, 0x75, 0x30, 0), 0xffffffffe108) = 0 <0.000087>
19795 19:04:31.419219 ioctl(4, _IOC(_IOC_NONE, 0x75, 0x30, 0), 0xffffffffe138) = 0 <0.000104>
19795 19:04:31.419387 ioctl(4, _IOC(_IOC_NONE, 0x75, 0x30, 0), 0xffffffffe108) = 0 <0.000083>
19795 19:04:31.419577 ioctl(4, _IOC(_IOC_NONE, 0x75, 0x30, 0), 0xffffffffe138) = 0 <0.000108>
19795 19:04:31.419751 ioctl(4, _IOC(_IOC_NONE, 0x75, 0x30, 0), 0xffffffffe108) = 0 <0.000087>
19795 19:04:31.419948 ioctl(4, _IOC(_IOC_NONE, 0x75, 0x30, 0), 0xffffffffe138) = 0 <0.000107>
19795 19:04:31.420119 ioctl(4, _IOC(_IOC_NONE, 0x75, 0x30, 0), 0xffffffffe108) = 0 <0.000087>
19795 19:04:31.420338 ioctl(4, _IOC(_IOC_NONE, 0x75, 0x30, 0), 0xffffffffe138) = 0 <0.000104>
19795 19:04:31.420509 ioctl(4, _IOC(_IOC_NONE, 0x75, 0x30, 0), 0xffffffffe108) = 0 <0.000089>
19795 19:04:31.420710 ioctl(4, _IOC(_IOC_NONE, 0x75, 0x30, 0), 0xffffffffe138) = 0 <0.000106>
19795 19:04:31.420880 ioctl(4, _IOC(_IOC_NONE, 0x75, 0x30, 0), 0xffffffffe108) = 0 <0.000085>
19795 19:04:31.421082 ioctl(4, _IOC(_IOC_NONE, 0x75, 0x30, 0), 0xffffffffe138) = 0 <0.000106>
19795 19:04:31.421249 ioctl(4, _IOC(_IOC_NONE, 0x75, 0x30, 0), 0xffffffffe108) = 0 <0.000095>
19795 19:04:31.421459 ioctl(4, _IOC(_IOC_NONE, 0x75, 0x30, 0), 0xffffffffe138) = 0 <0.000137>
19795 19:04:31.421710 ioctl(4, _IOC(_IOC_NONE, 0x75, 0x30, 0), 0xffffffffe108) = 0 <0.000151>
19795 19:04:31.422186 ioctl(4, _IOC(_IOC_NONE, 0x75, 0x30, 0), 0xffffffffe138) = 0 <0.000167>
19795 19:04:31.422459 ioctl(4, _IOC(_IOC_NONE, 0x75, 0x30, 0), 0xffffffffe108) = 0 <0.000118>
19795 19:04:31.422796 ioctl(4, _IOC(_IOC_NONE, 0x75, 0x30, 0), 0xffffffffe138) = 0 <0.000123>
19795 19:04:31.422998 ioctl(4, _IOC(_IOC_NONE, 0x75, 0x30, 0), 0xffffffffe108) = 0 <0.000091>
19795 19:04:31.423227 ioctl(4, _IOC(_IOC_NONE, 0x75, 0x30, 0), 0xffffffffe138) = 0 <0.000109>
19795 19:04:31.423407 ioctl(4, _IOC(_IOC_NONE, 0x75, 0x30, 0), 0xffffffffe108) = 0 <0.000087>
19795 19:04:31.423621 ioctl(4, _IOC(_IOC_NONE, 0x75, 0x30, 0), 0xffffffffe138) = 0 <0.000102>
19795 19:04:31.423788 ioctl(4, _IOC(_IOC_NONE, 0x75, 0x30, 0), 0xffffffffe108) = 0 <0.000087>
19795 19:04:31.423990 ioctl(4, _IOC(_IOC_NONE, 0x75, 0x30, 0), 0xffffffffe138) = 0 <0.000102>
19795 19:04:31.424152 ioctl(4, _IOC(_IOC_NONE, 0x75, 0x30, 0), 0xffffffffe108) = 0 <0.000087>
19795 19:04:31.424371 ioctl(4, _IOC(_IOC_NONE, 0x75, 0x30, 0), 0xffffffffe138) = 0 <0.000105>
19795 19:04:31.424538 ioctl(4, _IOC(_IOC_NONE, 0x75, 0x30, 0), 0xffffffffe108) = 0 <0.000088>
19795 19:04:31.424739 ioctl(4, _IOC(_IOC_NONE, 0x75, 0x30, 0), 0xffffffffe138) = 0 <0.000101>
19795 19:04:31.424904 ioctl(4, _IOC(_IOC_NONE, 0x75, 0x30, 0), 0xffffffffe108) = 0 <0.000085>
19795 19:04:31.425104 ioctl(4, _IOC(_IOC_NONE, 0x75, 0x30, 0), 0xffffffffe138) = 0 <0.000101>
19795 19:04:31.425269 ioctl(4, _IOC(_IOC_NONE, 0x75, 0x30, 0), 0xffffffffe108) = 0 <0.000087>
19795 19:04:31.425507 ioctl(4, _IOC(_IOC_NONE, 0x75, 0x30, 0), 0xffffffffe138) = 0 <0.000169>
19795 19:04:31.425826 ioctl(4, _IOC(_IOC_NONE, 0x75, 0x30, 0), 0xffffffffe108) = 0 <0.000180>
19795 19:04:31.426189 ioctl(4, _IOC(_IOC_NONE, 0x75, 0x30, 0), 0xffffffffe138) = 0 <0.000135>
19795 19:04:31.426415 ioctl(4, _IOC(_IOC_NONE, 0x75, 0x30, 0), 0xffffffffe108) = 0 <0.000096>
19795 19:04:31.426680 ioctl(4, _IOC(_IOC_NONE, 0x75, 0x30, 0), 0xffffffffe138) = 0 <0.000112>
19795 19:04:31.426864 ioctl(4, _IOC(_IOC_NONE, 0x75, 0x30, 0), 0xffffffffe108) = 0 <0.000088>
19795 19:04:31.427080 ioctl(4, _IOC(_IOC_NONE, 0x75, 0x30, 0), 0xffffffffe138) = 0 <0.000105>
19795 19:04:31.427248 ioctl(4, _IOC(_IOC_NONE, 0x75, 0x30, 0), 0xffffffffe108) = 0 <0.000090>
19795 19:04:31.427454 ioctl(4, _IOC(_IOC_NONE, 0x75, 0x30, 0), 0xffffffffe138) = 0 <0.000103>
19795 19:04:31.427619 ioctl(4, _IOC(_IOC_NONE, 0x75, 0x30, 0), 0xffffffffe108) = 0 <0.000086>
19795 19:04:31.427819 ioctl(4, _IOC(_IOC_NONE, 0x75, 0x30, 0), 0xffffffffe138) = 0 <0.000101>
19795 19:04:31.427983 ioctl(4, _IOC(_IOC_NONE, 0x75, 0x30, 0), 0xffffffffe108) = 0 <0.000090>
19795 19:04:31.428191 ioctl(4, _IOC(_IOC_NONE, 0x75, 0x30, 0), 0xffffffffe138) = 0 <0.000101>
19795 19:04:31.428357 ioctl(4, _IOC(_IOC_NONE, 0x75, 0x30, 0), 0xffffffffe108) = 0 <0.000096>
19795 19:04:31.428592 ioctl(4, _IOC(_IOC_NONE, 0x75, 0x30, 0), 0xffffffffe138) = 0 <0.000105>
19795 19:04:31.428764 ioctl(4, _IOC(_IOC_NONE, 0x75, 0x30, 0), 0xffffffffe108) = 0 <0.000090>
19795 19:04:31.429059 brk(0xaaaaace31000) = 0xaaaaace31000 <0.000038>
19795 19:04:31.430408 ioctl(4, _IOC(_IOC_NONE, 0x75, 0x30, 0), 0xffffffffe138) = 0 <0.000142>
19795 19:04:31.430689 ioctl(4, _IOC(_IOC_NONE, 0x75, 0x30, 0), 0xffffffffe108) = 0 <0.000090>
19795 19:04:31.430923 ioctl(4, _IOC(_IOC_NONE, 0x75, 0x30, 0), 0xffffffffe138) = 0 <0.000117>
19795 19:04:31.431105 ioctl(4, _IOC(_IOC_NONE, 0x75, 0x30, 0), 0xffffffffe108) = 0 <0.000090>
19795 19:04:31.431319 ioctl(4, _IOC(_IOC_NONE, 0x75, 0x30, 0), 0xffffffffe138) = 0 <0.000097>
19795 19:04:31.431476 ioctl(4, _IOC(_IOC_NONE, 0x75, 0x30, 0), 0xffffffffe108) = 0 <0.000082>
19795 19:04:31.431658 ioctl(4, _IOC(_IOC_NONE, 0x75, 0x30, 0), 0xffffffffe138) = 0 <0.000095>
19795 19:04:31.431811 ioctl(4, _IOC(_IOC_NONE, 0x75, 0x30, 0), 0xffffffffe108) = 0 <0.000081>
19795 19:04:31.432001 ioctl(4, _IOC(_IOC_NONE, 0x75, 0x30, 0), 0xffffffffe138) = 0 <0.000103>
19795 19:04:31.432168 ioctl(4, _IOC(_IOC_NONE, 0x75, 0x30, 0), 0xffffffffe108) = 0 <0.000087>
19795 19:04:31.432366 ioctl(4, _IOC(_IOC_NONE, 0x75, 0x30, 0), 0xffffffffe138) = 0 <0.000107>
19795 19:04:31.432540 ioctl(4, _IOC(_IOC_NONE, 0x75, 0x30, 0), 0xffffffffe108) = 0 <0.000087>
19795 19:04:31.432740 ioctl(4, _IOC(_IOC_NONE, 0x75, 0x30, 0), 0xffffffffe138) = 0 <0.000106>
19795 19:04:31.432910 ioctl(4, _IOC(_IOC_NONE, 0x75, 0x30, 0), 0xffffffffe108) = 0 <0.000092>
19795 19:04:31.433150 ioctl(4, _IOC(_IOC_NONE, 0x75, 0x30, 0), 0xffffffffe138) = 0 <0.000104>
19795 19:04:31.433319 ioctl(4, _IOC(_IOC_NONE, 0x75, 0x30, 0), 0xffffffffe108) = 0 <0.000091>
19795 19:04:31.433532 ioctl(4, _IOC(_IOC_NONE, 0x75, 0x30, 0), 0xffffffffe138) = 0 <0.000305>
19795 19:04:31.433929 ioctl(4, _IOC(_IOC_NONE, 0x75, 0x30, 0), 0xffffffffe108) = 0 <0.000148>
19795 19:04:31.434307 ioctl(4, _IOC(_IOC_NONE, 0x75, 0x30, 0), 0xffffffffe138) = 0 <0.000151>
19795 19:04:31.434552 ioctl(4, _IOC(_IOC_NONE, 0x75, 0x30, 0), 0xffffffffe108) = 0 <0.000091>
19795 19:04:31.434783 ioctl(4, _IOC(_IOC_NONE, 0x75, 0x30, 0), 0xffffffffe138) = 0 <0.000106>
19795 19:04:31.434959 ioctl(4, _IOC(_IOC_NONE, 0x75, 0x30, 0), 0xffffffffe108) = 0 <0.000087>
19795 19:04:31.435163 ioctl(4, _IOC(_IOC_NONE, 0x75, 0x30, 0), 0xffffffffe138) = 0 <0.000105>
19795 19:04:31.435332 ioctl(4, _IOC(_IOC_NONE, 0x75, 0x30, 0), 0xffffffffe108) = 0 <0.000088>
19795 19:04:31.435552 ioctl(4, _IOC(_IOC_NONE, 0x75, 0x30, 0), 0xffffffffe138) = 0 <0.000108>
19795 19:04:31.435727 ioctl(4, _IOC(_IOC_NONE, 0x75, 0x30, 0), 0xffffffffe108) = 0 <0.000086>
19795 19:04:31.435929 ioctl(4, _IOC(_IOC_NONE, 0x75, 0x30, 0), 0xffffffffe138) = 0 <0.000108>
19795 19:04:31.436133 ioctl(4, _IOC(_IOC_NONE, 0x75, 0x30, 0), 0xffffffffe108) = 0 <0.000092>
19795 19:04:31.436339 ioctl(4, _IOC(_IOC_NONE, 0x75, 0x30, 0), 0xffffffffe138) = 0 <0.000102>
19795 19:04:31.436506 ioctl(4, _IOC(_IOC_NONE, 0x75, 0x30, 0), 0xffffffffe108) = 0 <0.000133>
19795 19:04:31.436760 ioctl(4, _IOC(_IOC_NONE, 0x75, 0x30, 0), 0xffffffffe138) = 0 <0.000107>
19795 19:04:31.436932 ioctl(4, _IOC(_IOC_NONE, 0x75, 0x30, 0), 0xffffffffe108) = 0 <0.000087>
19795 19:04:31.437133 ioctl(4, _IOC(_IOC_NONE, 0x75, 0x30, 0), 0xffffffffe138) = 0 <0.000104>
19795 19:04:31.437301 ioctl(4, _IOC(_IOC_NONE, 0x75, 0x30, 0), 0xffffffffe108) = 0 <0.000086>
19795 19:04:31.437519 ioctl(4, _IOC(_IOC_NONE, 0x75, 0x30, 0), 0xffffffffe138) = 0 <0.000249>
19795 19:04:31.437920 ioctl(4, _IOC(_IOC_NONE, 0x75, 0x30, 0), 0xffffffffe108) = 0 <0.000166>
19795 19:04:31.438289 ioctl(4, _IOC(_IOC_NONE, 0x75, 0x30, 0), 0xffffffffe138) = 0 <0.000124>
19795 19:04:31.438500 ioctl(4, _IOC(_IOC_NONE, 0x75, 0x30, 0), 0xffffffffe108) = 0 <0.000095>
19795 19:04:31.438743 ioctl(4, _IOC(_IOC_NONE, 0x75, 0x30, 0), 0xffffffffe138) = 0 <0.000114>
19795 19:04:31.438931 ioctl(4, _IOC(_IOC_NONE, 0x75, 0x30, 0), 0xffffffffe108) = 0 <0.000088>
19795 19:04:31.439147 ioctl(4, _IOC(_IOC_NONE, 0x75, 0x30, 0), 0xffffffffe138) = 0 <0.000102>
19795 19:04:31.439310 ioctl(4, _IOC(_IOC_NONE, 0x75, 0x30, 0), 0xffffffffe108) = 0 <0.000084>
19795 19:04:31.439507 ioctl(4, _IOC(_IOC_NONE, 0x75, 0x30, 0), 0xffffffffe138) = 0 <0.000112>
19795 19:04:31.439684 ioctl(4, _IOC(_IOC_NONE, 0x75, 0x30, 0), 0xffffffffe108) = 0 <0.000087>
19795 19:04:31.439914 ioctl(4, _IOC(_IOC_NONE, 0x75, 0x30, 0), 0xffffffffe138) = 0 <0.000108>
19795 19:04:31.440091 ioctl(4, _IOC(_IOC_NONE, 0x75, 0x30, 0), 0xffffffffe108) = 0 <0.000088>
19795 19:04:31.440293 ioctl(4, _IOC(_IOC_NONE, 0x75, 0x30, 0), 0xffffffffe138) = 0 <0.000103>
19795 19:04:31.440460 ioctl(4, _IOC(_IOC_NONE, 0x75, 0x30, 0), 0xffffffffe108) = 0 <0.000084>
19795 19:04:31.440657 ioctl(4, _IOC(_IOC_NONE, 0x75, 0x30, 0), 0xffffffffe138) = 0 <0.000103>
19795 19:04:31.440824 ioctl(4, _IOC(_IOC_NONE, 0x75, 0x30, 0), 0xffffffffe108) = 0 <0.000088>
19795 19:04:31.441021 ioctl(4, _IOC(_IOC_NONE, 0x75, 0x30, 0), 0xffffffffe138) = 0 <0.000112>
19795 19:04:31.441198 ioctl(4, _IOC(_IOC_NONE, 0x75, 0x30, 0), 0xffffffffe108) = 0 <0.000087>
19795 19:04:31.441504 brk(0xaaaaacf7f000) = 0xaaaaacf7f000 <0.000069>
19795 19:04:31.443303 ioctl(4, _IOC(_IOC_NONE, 0x75, 0x30, 0), 0xffffffffe138) = 0 <0.000129>
19795 19:04:31.443528 ioctl(4, _IOC(_IOC_NONE, 0x75, 0x30, 0), 0xffffffffe108) = 0 <0.000090>
19795 19:04:31.443752 ioctl(4, _IOC(_IOC_NONE, 0x75, 0x30, 0), 0xffffffffe138) = 0 <0.000094>
19795 19:04:31.443905 ioctl(4, _IOC(_IOC_NONE, 0x75, 0x30, 0), 0xffffffffe108) = 0 <0.000081>
19795 19:04:31.444089 ioctl(4, _IOC(_IOC_NONE, 0x75, 0x30, 0), 0xffffffffe138) = 0 <0.000095>
19795 19:04:31.444244 ioctl(4, _IOC(_IOC_NONE, 0x75, 0x30, 0), 0xffffffffe108) = 0 <0.000079>
19795 19:04:31.444448 ioctl(4, _IOC(_IOC_NONE, 0x75, 0x30, 0), 0xffffffffe138) = 0 <0.000094>
19795 19:04:31.444601 ioctl(4, _IOC(_IOC_NONE, 0x75, 0x30, 0), 0xffffffffe108) = 0 <0.000082>
19795 19:04:31.444779 ioctl(4, _IOC(_IOC_NONE, 0x75, 0x30, 0), 0xffffffffe138) = 0 <0.000096>
19795 19:04:31.444935 ioctl(4, _IOC(_IOC_NONE, 0x75, 0x30, 0), 0xffffffffe108) = 0 <0.000096>
19795 19:04:31.445141 ioctl(4, _IOC(_IOC_NONE, 0x75, 0x30, 0), 0xffffffffe138) = 0 <0.000357>
19795 19:04:31.445610 ioctl(4, _IOC(_IOC_NONE, 0x75, 0x30, 0), 0xffffffffe108) = 0 <0.000108>
19795 19:04:31.445933 ioctl(4, _IOC(_IOC_NONE, 0x75, 0x30, 0), 0xffffffffe138) = 0 <0.000123>
19795 19:04:31.446321 ioctl(4, _IOC(_IOC_NONE, 0x75, 0x30, 0), 0xffffffffe108) = 0 <0.000145>
19795 19:04:31.446746 ioctl(4, _IOC(_IOC_NONE, 0x75, 0x30, 0), 0xffffffffe138) = 0 <0.000133>
19795 19:04:31.446966 ioctl(4, _IOC(_IOC_NONE, 0x75, 0x30, 0), 0xffffffffe108) = 0 <0.000093>
19795 19:04:31.447220 ioctl(4, _IOC(_IOC_NONE, 0x75, 0x30, 0), 0xffffffffe138) = 0 <0.000102>
19795 19:04:31.447384 ioctl(4, _IOC(_IOC_NONE, 0x75, 0x30, 0), 0xffffffffe108) = 0 <0.000084>
19795 19:04:31.447664 ioctl(4, _IOC(_IOC_NONE, 0x75, 0x30, 0), 0xffffffffe138) = 0 <0.000110>
19795 19:04:31.447842 ioctl(4, _IOC(_IOC_NONE, 0x75, 0x30, 0), 0xffffffffe108) = 0 <0.000090>
19795 19:04:31.448052 ioctl(4, _IOC(_IOC_NONE, 0x75, 0x30, 0), 0xffffffffe138) = 0 <0.000095>
19795 19:04:31.448204 ioctl(4, _IOC(_IOC_NONE, 0x75, 0x30, 0), 0xffffffffe108) = 0 <0.000086>
19795 19:04:31.448394 ioctl(4, _IOC(_IOC_NONE, 0x75, 0x30, 0), 0xffffffffe138) = 0 <0.000095>
19795 19:04:31.448545 ioctl(4, _IOC(_IOC_NONE, 0x75, 0x30, 0), 0xffffffffe108) = 0 <0.000087>
19795 19:04:31.448721 ioctl(4, _IOC(_IOC_NONE, 0x75, 0x30, 0), 0xffffffffe138) = 0 <0.000096>
19795 19:04:31.448876 ioctl(4, _IOC(_IOC_NONE, 0x75, 0x30, 0), 0xffffffffe108) = 0 <0.000087>
19795 19:04:31.449072 ioctl(4, _IOC(_IOC_NONE, 0x75, 0x30, 0), 0xffffffffe138) = 0 <0.000094>
19795 19:04:31.449223 ioctl(4, _IOC(_IOC_NONE, 0x75, 0x30, 0), 0xffffffffe108) = 0 <0.000082>
19795 19:04:31.449401 ioctl(4, _IOC(_IOC_NONE, 0x75, 0x30, 0), 0xffffffffe138) = 0 <0.000092>
19795 19:04:31.449551 ioctl(4, _IOC(_IOC_NONE, 0x75, 0x30, 0), 0xffffffffe108) = 0 <0.000105>
19795 19:04:31.449935 ioctl(4, _IOC(_IOC_NONE, 0x75, 0x30, 0), 0xffffffffe138) = 0 <0.000114>
19795 19:04:31.450134 ioctl(4, _IOC(_IOC_NONE, 0x75, 0x30, 0), 0xffffffffe108) = 0 <0.000091>
19795 19:04:31.450362 ioctl(4, _IOC(_IOC_NONE, 0x75, 0x30, 0), 0xffffffffe138) = 0 <0.000104>
19795 19:04:31.450532 ioctl(4, _IOC(_IOC_NONE, 0x75, 0x30, 0), 0xffffffffe108) = 0 <0.000085>
19795 19:04:31.450730 ioctl(4, _IOC(_IOC_NONE, 0x75, 0x30, 0), 0xffffffffe138) = 0 <0.000095>
19795 19:04:31.450883 ioctl(4, _IOC(_IOC_NONE, 0x75, 0x30, 0), 0xffffffffe108) = 0 <0.000087>
19795 19:04:31.451087 ioctl(4, _IOC(_IOC_NONE, 0x75, 0x30, 0), 0xffffffffe138) = 0 <0.000097>
19795 19:04:31.451237 ioctl(4, _IOC(_IOC_NONE, 0x75, 0x30, 0), 0xffffffffe108) = 0 <0.000083>
19795 19:04:31.451414 ioctl(4, _IOC(_IOC_NONE, 0x75, 0x30, 0), 0xffffffffe138) = 0 <0.000091>
19795 19:04:31.451559 ioctl(4, _IOC(_IOC_NONE, 0x75, 0x30, 0), 0xffffffffe108) = 0 <0.000083>
19795 19:04:31.451731 ioctl(4, _IOC(_IOC_NONE, 0x75, 0x30, 0), 0xffffffffe138) = 0 <0.000094>
19795 19:04:31.451879 ioctl(4, _IOC(_IOC_NONE, 0x75, 0x30, 0), 0xffffffffe108) = 0 <0.000091>
19795 19:04:31.452060 ioctl(4, _IOC(_IOC_NONE, 0x75, 0x30, 0), 0xffffffffe138) = 0 <0.000093>
19795 19:04:31.452209 ioctl(4, _IOC(_IOC_NONE, 0x75, 0x30, 0), 0xffffffffe108) = 0 <0.000080>
19795 19:04:31.452382 ioctl(4, _IOC(_IOC_NONE, 0x75, 0x30, 0), 0xffffffffe138) = 0 <0.000090>
19795 19:04:31.452527 ioctl(4, _IOC(_IOC_NONE, 0x75, 0x30, 0), 0xffffffffe108) = 0 <0.000085>
19795 19:04:31.452715 ioctl(4, _IOC(_IOC_NONE, 0x75, 0x30, 0), 0xffffffffe138) = 0 <0.000103>
19795 19:04:31.452874 ioctl(4, _IOC(_IOC_NONE, 0x75, 0x30, 0), 0xffffffffe108) = 0 <0.000083>
19795 19:04:31.453047 ioctl(4, _IOC(_IOC_NONE, 0x75, 0x30, 0), 0xffffffffe138) = 0 <0.000093>
19795 19:04:31.453194 ioctl(4, _IOC(_IOC_NONE, 0x75, 0x30, 0), 0xffffffffe108) = 0 <0.000085>
19795 19:04:31.453374 ioctl(4, _IOC(_IOC_NONE, 0x75, 0x30, 0), 0xffffffffe138) = 0 <0.000096>
19795 19:04:31.453529 ioctl(4, _IOC(_IOC_NONE, 0x75, 0x30, 0), 0xffffffffe108) = 0 <0.000176>
19795 19:04:31.454743 brk(0xaaaaad0cd000) = 0xaaaaad0cd000 <0.000040>
19795 19:04:31.456029 ioctl(4, _IOC(_IOC_NONE, 0x75, 0x30, 0), 0xffffffffe138) = 0 <0.000121>
19795 19:04:31.456236 ioctl(4, _IOC(_IOC_NONE, 0x75, 0x30, 0), 0xffffffffe108) = 0 <0.000085>
19795 19:04:31.456417 ioctl(4, _IOC(_IOC_NONE, 0x75, 0x30, 0), 0xffffffffe138) = 0 <0.000086>
19795 19:04:31.456557 ioctl(4, _IOC(_IOC_NONE, 0x75, 0x30, 0), 0xffffffffe108) = 0 <0.000078>
19795 19:04:31.456712 ioctl(4, _IOC(_IOC_NONE, 0x75, 0x30, 0), 0xffffffffe138) = 0 <0.000085>
19795 19:04:31.456849 ioctl(4, _IOC(_IOC_NONE, 0x75, 0x30, 0), 0xffffffffe108) = 0 <0.000078>
19795 19:04:31.457000 ioctl(4, _IOC(_IOC_NONE, 0x75, 0x30, 0), 0xffffffffe138) = 0 <0.000085>
19795 19:04:31.457137 ioctl(4, _IOC(_IOC_NONE, 0x75, 0x30, 0), 0xffffffffe108) = 0 <0.000079>
19795 19:04:31.457307 ioctl(4, _IOC(_IOC_NONE, 0x75, 0x30, 0), 0xffffffffe138) = 0 <0.000088>
19795 19:04:31.457487 ioctl(4, _IOC(_IOC_NONE, 0x75, 0x30, 0), 0xffffffffe108) = 0 <0.000116>
19795 19:04:31.457894 ioctl(4, _IOC(_IOC_NONE, 0x75, 0x30, 0), 0xffffffffe138) = 0 <0.000173>
19795 19:04:31.458154 ioctl(4, _IOC(_IOC_NONE, 0x75, 0x30, 0), 0xffffffffe108) = 0 <0.000113>
19795 19:04:31.458472 ioctl(4, _IOC(_IOC_NONE, 0x75, 0x30, 0), 0xffffffffe138) = 0 <0.000119>
19795 19:04:31.458668 ioctl(4, _IOC(_IOC_NONE, 0x75, 0x30, 0), 0xffffffffe108) = 0 <0.000092>
19795 19:04:31.458903 ioctl(4, _IOC(_IOC_NONE, 0x75, 0x30, 0), 0xffffffffe138) = 0 <0.000107>
19795 19:04:31.459077 ioctl(4, _IOC(_IOC_NONE, 0x75, 0x30, 0), 0xffffffffe108) = 0 <0.000088>
19795 19:04:31.459290 ioctl(4, _IOC(_IOC_NONE, 0x75, 0x30, 0), 0xffffffffe138) = 0 <0.000108>
19795 19:04:31.459462 ioctl(4, _IOC(_IOC_NONE, 0x75, 0x30, 0), 0xffffffffe108) = 0 <0.000088>
19795 19:04:31.459688 ioctl(4, _IOC(_IOC_NONE, 0x75, 0x30, 0), 0xffffffffe138) = 0 <0.000102>
19795 19:04:31.459854 ioctl(4, _IOC(_IOC_NONE, 0x75, 0x30, 0), 0xffffffffe108) = 0 <0.000087>
19795 19:04:31.460058 ioctl(4, _IOC(_IOC_NONE, 0x75, 0x30, 0), 0xffffffffe138) = 0 <0.000106>
19795 19:04:31.460226 ioctl(4, _IOC(_IOC_NONE, 0x75, 0x30, 0), 0xffffffffe108) = 0 <0.000098>
19795 19:04:31.460441 ioctl(4, _IOC(_IOC_NONE, 0x75, 0x30, 0), 0xffffffffe138) = 0 <0.000103>
19795 19:04:31.460609 ioctl(4, _IOC(_IOC_NONE, 0x75, 0x30, 0), 0xffffffffe108) = 0 <0.000086>
19795 19:04:31.460809 ioctl(4, _IOC(_IOC_NONE, 0x75, 0x30, 0), 0xffffffffe138) = 0 <0.000105>
19795 19:04:31.460976 ioctl(4, _IOC(_IOC_NONE, 0x75, 0x30, 0), 0xffffffffe108) = 0 <0.000083>
19795 19:04:31.461169 ioctl(4, _IOC(_IOC_NONE, 0x75, 0x30, 0), 0xffffffffe138) = 0 <0.000112>
19795 19:04:31.461346 ioctl(4, _IOC(_IOC_NONE, 0x75, 0x30, 0), 0xffffffffe108) = 0 <0.000086>
19795 19:04:31.461565 ioctl(4, _IOC(_IOC_NONE, 0x75, 0x30, 0), 0xffffffffe138) = 0 <0.000162>
19795 19:04:31.461902 ioctl(4, _IOC(_IOC_NONE, 0x75, 0x30, 0), 0xffffffffe108) = 0 <0.000115>
19795 19:04:31.462184 ioctl(4, _IOC(_IOC_NONE, 0x75, 0x30, 0), 0xffffffffe138) = 0 <0.000106>
19795 19:04:31.462365 ioctl(4, _IOC(_IOC_NONE, 0x75, 0x30, 0), 0xffffffffe108) = 0 <0.000089>
19795 19:04:31.462588 ioctl(4, _IOC(_IOC_NONE, 0x75, 0x30, 0), 0xffffffffe138) = 0 <0.000105>
19795 19:04:31.462765 ioctl(4, _IOC(_IOC_NONE, 0x75, 0x30, 0), 0xffffffffe108) = 0 <0.000088>
19795 19:04:31.462978 ioctl(4, _IOC(_IOC_NONE, 0x75, 0x30, 0), 0xffffffffe138) = 0 <0.000100>
19795 19:04:31.463138 ioctl(4, _IOC(_IOC_NONE, 0x75, 0x30, 0), 0xffffffffe108) = 0 <0.000084>
19795 19:04:31.463322 ioctl(4, _IOC(_IOC_NONE, 0x75, 0x30, 0), 0xffffffffe138) = 0 <0.000095>
19795 19:04:31.463475 ioctl(4, _IOC(_IOC_NONE, 0x75, 0x30, 0), 0xffffffffe108) = 0 <0.000082>
19795 19:04:31.463676 ioctl(4, _IOC(_IOC_NONE, 0x75, 0x30, 0), 0xffffffffe138) = 0 <0.000098>
19795 19:04:31.463834 ioctl(4, _IOC(_IOC_NONE, 0x75, 0x30, 0), 0xffffffffe108) = 0 <0.000081>
19795 19:04:31.464016 ioctl(4, _IOC(_IOC_NONE, 0x75, 0x30, 0), 0xffffffffe138) = 0 <0.000092>
19795 19:04:31.464162 ioctl(4, _IOC(_IOC_NONE, 0x75, 0x30, 0), 0xffffffffe108) = 0 <0.000081>
19795 19:04:31.464336 ioctl(4, _IOC(_IOC_NONE, 0x75, 0x30, 0), 0xffffffffe138) = 0 <0.000100>
19795 19:04:31.464492 ioctl(4, _IOC(_IOC_NONE, 0x75, 0x30, 0), 0xffffffffe108) = 0 <0.000081>
19795 19:04:31.464665 ioctl(4, _IOC(_IOC_NONE, 0x75, 0x30, 0), 0xffffffffe138) = 0 <0.000086>
19795 19:04:31.464807 ioctl(4, _IOC(_IOC_NONE, 0x75, 0x30, 0), 0xffffffffe108) = 0 <0.000080>
19795 19:04:31.464979 ioctl(4, _IOC(_IOC_NONE, 0x75, 0x30, 0), 0xffffffffe138) = 0 <0.000092>
19795 19:04:31.465127 ioctl(4, _IOC(_IOC_NONE, 0x75, 0x30, 0), 0xffffffffe108) = 0 <0.000081>
19795 19:04:31.465314 ioctl(4, _IOC(_IOC_NONE, 0x75, 0x30, 0), 0xffffffffe138) = 0 <0.000091>
19795 19:04:31.465461 ioctl(4, _IOC(_IOC_NONE, 0x75, 0x30, 0), 0xffffffffe108) = 0 <0.000082>
19795 19:04:31.465877 ioctl(4, _IOC(_IOC_NONE, 0x75, 0x30, 0), 0xffffffffe138) = 0 <0.000172>
19795 19:04:31.466182 ioctl(4, _IOC(_IOC_NONE, 0x75, 0x30, 0), 0xffffffffe108) = 0 <0.000114>
19795 19:04:31.466686 brk(0xaaaaad21a000) = 0xaaaaad21a000 <0.000064>
19795 19:04:31.468182 ioctl(4, _IOC(_IOC_NONE, 0x75, 0x30, 0), 0xffffffffe138) = 0 <0.000124>
19795 19:04:31.468402 ioctl(4, _IOC(_IOC_NONE, 0x75, 0x30, 0), 0xffffffffe108) = 0 <0.000097>
19795 19:04:31.468616 ioctl(4, _IOC(_IOC_NONE, 0x75, 0x30, 0), 0xffffffffe138) = 0 <0.000101>
19795 19:04:31.468776 ioctl(4, _IOC(_IOC_NONE, 0x75, 0x30, 0), 0xffffffffe108) = 0 <0.000082>
19795 19:04:31.468964 ioctl(4, _IOC(_IOC_NONE, 0x75, 0x30, 0), 0xffffffffe138) = 0 <0.000100>
19795 19:04:31.469121 ioctl(4, _IOC(_IOC_NONE, 0x75, 0x30, 0), 0xffffffffe108) = 0 <0.000081>
19795 19:04:31.469299 ioctl(4, _IOC(_IOC_NONE, 0x75, 0x30, 0), 0xffffffffe138) = 0 <0.000102>
19795 19:04:31.469459 ioctl(4, _IOC(_IOC_NONE, 0x75, 0x30, 0), 0xffffffffe108) = 0 <0.000083>
19795 19:04:31.469718 ioctl(4, _IOC(_IOC_NONE, 0x75, 0x30, 0), 0xffffffffe138) = 0 <0.000106>
19795 19:04:31.469888 ioctl(4, _IOC(_IOC_NONE, 0x75, 0x30, 0), 0xffffffffe108) = 0 <0.000083>
19795 19:04:31.470075 ioctl(4, _IOC(_IOC_NONE, 0x75, 0x30, 0), 0xffffffffe138) = 0 <0.000091>
19795 19:04:31.470219 ioctl(4, _IOC(_IOC_NONE, 0x75, 0x30, 0), 0xffffffffe108) = 0 <0.000083>
19795 19:04:31.470420 ioctl(4, _IOC(_IOC_NONE, 0x75, 0x30, 0), 0xffffffffe138) = 0 <0.000092>
19795 19:04:31.470565 ioctl(4, _IOC(_IOC_NONE, 0x75, 0x30, 0), 0xffffffffe108) = 0 <0.000082>
19795 19:04:31.470742 ioctl(4, _IOC(_IOC_NONE, 0x75, 0x30, 0), 0xffffffffe138) = 0 <0.000103>
19795 19:04:31.470902 ioctl(4, _IOC(_IOC_NONE, 0x75, 0x30, 0), 0xffffffffe108) = 0 <0.000083>
19795 19:04:31.471078 ioctl(4, _IOC(_IOC_NONE, 0x75, 0x30, 0), 0xffffffffe138) = 0 <0.000091>
19795 19:04:31.471224 ioctl(4, _IOC(_IOC_NONE, 0x75, 0x30, 0), 0xffffffffe108) = 0 <0.000081>
19795 19:04:31.471395 ioctl(4, _IOC(_IOC_NONE, 0x75, 0x30, 0), 0xffffffffe138) = 0 <0.000089>
19795 19:04:31.471538 ioctl(4, _IOC(_IOC_NONE, 0x75, 0x30, 0), 0xffffffffe108) = 0 <0.000081>
19795 19:04:31.471728 ioctl(4, _IOC(_IOC_NONE, 0x75, 0x30, 0), 0xffffffffe138) = 0 <0.000092>
19795 19:04:31.471877 ioctl(4, _IOC(_IOC_NONE, 0x75, 0x30, 0), 0xffffffffe108) = 0 <0.000080>
19795 19:04:31.472052 ioctl(4, _IOC(_IOC_NONE, 0x75, 0x30, 0), 0xffffffffe138) = 0 <0.000097>
19795 19:04:31.472202 ioctl(4, _IOC(_IOC_NONE, 0x75, 0x30, 0), 0xffffffffe108) = 0 <0.000082>
19795 19:04:31.472377 ioctl(4, _IOC(_IOC_NONE, 0x75, 0x30, 0), 0xffffffffe138) = 0 <0.000092>
19795 19:04:31.472522 ioctl(4, _IOC(_IOC_NONE, 0x75, 0x30, 0), 0xffffffffe108) = 0 <0.000081>
19795 19:04:31.472694 ioctl(4, _IOC(_IOC_NONE, 0x75, 0x30, 0), 0xffffffffe138) = 0 <0.000090>
19795 19:04:31.472837 ioctl(4, _IOC(_IOC_NONE, 0x75, 0x30, 0), 0xffffffffe108) = 0 <0.000082>
19795 19:04:31.473010 ioctl(4, _IOC(_IOC_NONE, 0x75, 0x30, 0), 0xffffffffe138) = 0 <0.000091>
19795 19:04:31.473156 ioctl(4, _IOC(_IOC_NONE, 0x75, 0x30, 0), 0xffffffffe108) = 0 <0.000078>
19795 19:04:31.473347 ioctl(4, _IOC(_IOC_NONE, 0x75, 0x30, 0), 0xffffffffe138) = 0 <0.000092>
19795 19:04:31.473498 ioctl(4, _IOC(_IOC_NONE, 0x75, 0x30, 0), 0xffffffffe108) = 0 <0.000115>
19795 19:04:31.473883 ioctl(4, _IOC(_IOC_NONE, 0x75, 0x30, 0), 0xffffffffe138) = 0 <0.000135>
19795 19:04:31.474156 ioctl(4, _IOC(_IOC_NONE, 0x75, 0x30, 0), 0xffffffffe108) = 0 <0.000129>
19795 19:04:31.474444 ioctl(4, _IOC(_IOC_NONE, 0x75, 0x30, 0), 0xffffffffe138) = 0 <0.000152>
19795 19:04:31.474737 ioctl(4, _IOC(_IOC_NONE, 0x75, 0x30, 0), 0xffffffffe108) = 0 <0.000128>
19795 19:04:31.475128 ioctl(4, _IOC(_IOC_NONE, 0x75, 0x30, 0), 0xffffffffe138) = 0 <0.000164>
19795 19:04:31.475436 ioctl(4, _IOC(_IOC_NONE, 0x75, 0x30, 0), 0xffffffffe108) = 0 <0.000109>
19795 19:04:31.475753 ioctl(4, _IOC(_IOC_NONE, 0x75, 0x30, 0), 0xffffffffe138) = 0 <0.000168>
19795 19:04:31.476044 ioctl(4, _IOC(_IOC_NONE, 0x75, 0x30, 0), 0xffffffffe108) = 0 <0.000129>
19795 19:04:31.476454 ioctl(4, _IOC(_IOC_NONE, 0x75, 0x30, 0), 0xffffffffe138) = 0 <0.000169>
19795 19:04:31.476768 ioctl(4, _IOC(_IOC_NONE, 0x75, 0x30, 0), 0xffffffffe108) = 0 <0.000109>
19795 19:04:31.477178 ioctl(4, _IOC(_IOC_NONE, 0x75, 0x30, 0), 0xffffffffe138) = 0 <0.000136>
19795 19:04:31.477437 ioctl(4, _IOC(_IOC_NONE, 0x75, 0x30, 0), 0xffffffffe108) = 0 <0.000151>
19795 19:04:31.477857 ioctl(4, _IOC(_IOC_NONE, 0x75, 0x30, 0), 0xffffffffe138) = 0 <0.000195>
19795 19:04:31.478214 ioctl(4, _IOC(_IOC_NONE, 0x75, 0x30, 0), 0xffffffffe108) = 0 <0.000143>
19795 19:04:31.478581 ioctl(4, _IOC(_IOC_NONE, 0x75, 0x30, 0), 0xffffffffe138) = 0 <0.000132>
19795 19:04:31.478805 ioctl(4, _IOC(_IOC_NONE, 0x75, 0x30, 0), 0xffffffffe108) = 0 <0.000097>
19795 19:04:31.479056 ioctl(4, _IOC(_IOC_NONE, 0x75, 0x30, 0), 0xffffffffe138) = 0 <0.000120>
19795 19:04:31.479248 ioctl(4, _IOC(_IOC_NONE, 0x75, 0x30, 0), 0xffffffffe108) = 0 <0.000104>
19795 19:04:31.479499 ioctl(4, _IOC(_IOC_NONE, 0x75, 0x30, 0), 0xffffffffe138) = 0 <0.000116>
19795 19:04:31.479683 ioctl(4, _IOC(_IOC_NONE, 0x75, 0x30, 0), 0xffffffffe108) = 0 <0.000104>
19795 19:04:31.480000 brk(0xaaaaad36a000) = 0xaaaaad36a000 <0.000028>
19795 19:04:31.481480 ioctl(4, _IOC(_IOC_NONE, 0x75, 0x30, 0), 0xffffffffe138) = 0 <0.000221>
19795 19:04:31.481844 ioctl(4, _IOC(_IOC_NONE, 0x75, 0x30, 0), 0xffffffffe108) = 0 <0.000104>
19795 19:04:31.482157 ioctl(4, _IOC(_IOC_NONE, 0x75, 0x30, 0), 0xffffffffe138) = 0 <0.000160>
19795 19:04:31.482473 ioctl(4, _IOC(_IOC_NONE, 0x75, 0x30, 0), 0xffffffffe108) = 0 <0.000102>
19795 19:04:31.482829 ioctl(4, _IOC(_IOC_NONE, 0x75, 0x30, 0), 0xffffffffe138) = 0 <0.000132>
19795 19:04:31.483056 ioctl(4, _IOC(_IOC_NONE, 0x75, 0x30, 0), 0xffffffffe108) = 0 <0.000109>
19795 19:04:31.483383 ioctl(4, _IOC(_IOC_NONE, 0x75, 0x30, 0), 0xffffffffe138) = 0 <0.000159>
19795 19:04:31.483653 ioctl(4, _IOC(_IOC_NONE, 0x75, 0x30, 0), 0xffffffffe108) = 0 <0.000095>
19795 19:04:31.483921 ioctl(4, _IOC(_IOC_NONE, 0x75, 0x30, 0), 0xffffffffe138) = 0 <0.000128>
19795 19:04:31.484169 ioctl(4, _IOC(_IOC_NONE, 0x75, 0x30, 0), 0xffffffffe108) = 0 <0.000101>
19795 19:04:31.484475 ioctl(4, _IOC(_IOC_NONE, 0x75, 0x30, 0), 0xffffffffe138) = 0 <0.000153>
19795 19:04:31.484758 ioctl(4, _IOC(_IOC_NONE, 0x75, 0x30, 0), 0xffffffffe108) = 0 <0.000099>
19795 19:04:31.485049 ioctl(4, _IOC(_IOC_NONE, 0x75, 0x30, 0), 0xffffffffe138) = 0 <0.000126>
19795 19:04:31.485289 ioctl(4, _IOC(_IOC_NONE, 0x75, 0x30, 0), 0xffffffffe108) = 0 <0.000122>
19795 19:04:31.485686 ioctl(4, _IOC(_IOC_NONE, 0x75, 0x30, 0), 0xffffffffe138) = 0 <0.000154>
19795 19:04:31.485988 ioctl(4, _IOC(_IOC_NONE, 0x75, 0x30, 0), 0xffffffffe108) = 0 <0.000095>
19795 19:04:31.486277 ioctl(4, _IOC(_IOC_NONE, 0x75, 0x30, 0), 0xffffffffe138) = 0 <0.000127>
19795 19:04:31.486480 ioctl(4, _IOC(_IOC_NONE, 0x75, 0x30, 0), 0xffffffffe108) = 0 <0.000095>
19795 19:04:31.486777 ioctl(4, _IOC(_IOC_NONE, 0x75, 0x30, 0), 0xffffffffe138) = 0 <0.000146>
19795 19:04:31.487047 ioctl(4, _IOC(_IOC_NONE, 0x75, 0x30, 0), 0xffffffffe108) = 0 <0.000099>
19795 19:04:31.487535 ioctl(4, _IOC(_IOC_NONE, 0x75, 0x30, 0), 0xffffffffe138) = 0 <0.000112>
19795 19:04:31.487724 ioctl(4, _IOC(_IOC_NONE, 0x75, 0x30, 0), 0xffffffffe108) = 0 <0.000083>
19795 19:04:31.487908 ioctl(4, _IOC(_IOC_NONE, 0x75, 0x30, 0), 0xffffffffe138) = 0 <0.000093>
19795 19:04:31.488055 ioctl(4, _IOC(_IOC_NONE, 0x75, 0x30, 0), 0xffffffffe108) = 0 <0.000079>
19795 19:04:31.488248 ioctl(4, _IOC(_IOC_NONE, 0x75, 0x30, 0), 0xffffffffe138) = 0 <0.000091>
19795 19:04:31.488395 ioctl(4, _IOC(_IOC_NONE, 0x75, 0x30, 0), 0xffffffffe108) = 0 <0.000080>
19795 19:04:31.488564 ioctl(4, _IOC(_IOC_NONE, 0x75, 0x30, 0), 0xffffffffe138) = 0 <0.000218>
19795 19:04:31.488844 ioctl(4, _IOC(_IOC_NONE, 0x75, 0x30, 0), 0xffffffffe108) = 0 <0.000083>
19795 19:04:31.489033 ioctl(4, _IOC(_IOC_NONE, 0x75, 0x30, 0), 0xffffffffe138) = 0 <0.000126>
19795 19:04:31.489216 ioctl(4, _IOC(_IOC_NONE, 0x75, 0x30, 0), 0xffffffffe108) = 0 <0.000082>
19795 19:04:31.489399 ioctl(4, _IOC(_IOC_NONE, 0x75, 0x30, 0), 0xffffffffe138) = 0 <0.000091>
19795 19:04:31.489543 ioctl(4, _IOC(_IOC_NONE, 0x75, 0x30, 0), 0xffffffffe108) = 0 <0.000116>
19795 19:04:31.489875 ioctl(4, _IOC(_IOC_NONE, 0x75, 0x30, 0), 0xffffffffe138) = 0 <0.000126>
19795 19:04:31.490102 ioctl(4, _IOC(_IOC_NONE, 0x75, 0x30, 0), 0xffffffffe108) = 0 <0.000103>
19795 19:04:31.490554 ioctl(4, _IOC(_IOC_NONE, 0x75, 0x30, 0), 0xffffffffe138) = 0 <0.000180>
19795 19:04:31.490839 ioctl(4, _IOC(_IOC_NONE, 0x75, 0x30, 0), 0xffffffffe108) = 0 <0.000118>
19795 19:04:31.491186 ioctl(4, _IOC(_IOC_NONE, 0x75, 0x30, 0), 0xffffffffe138) = 0 <0.000174>
19795 19:04:31.491523 ioctl(4, _IOC(_IOC_NONE, 0x75, 0x30, 0), 0xffffffffe108) = 0 <0.000110>
19795 19:04:31.491826 ioctl(4, _IOC(_IOC_NONE, 0x75, 0x30, 0), 0xffffffffe138) = 0 <0.000138>
19795 19:04:31.492072 ioctl(4, _IOC(_IOC_NONE, 0x75, 0x30, 0), 0xffffffffe108) = 0 <0.000113>
19795 19:04:31.492414 ioctl(4, _IOC(_IOC_NONE, 0x75, 0x30, 0), 0xffffffffe138) = 0 <0.000152>
19795 19:04:31.492680 ioctl(4, _IOC(_IOC_NONE, 0x75, 0x30, 0), 0xffffffffe108) = 0 <0.000102>
19795 19:04:31.492953 ioctl(4, _IOC(_IOC_NONE, 0x75, 0x30, 0), 0xffffffffe138) = 0 <0.000114>
19795 19:04:31.493143 ioctl(4, _IOC(_IOC_NONE, 0x75, 0x30, 0), 0xffffffffe108) = 0 <0.000092>
19795 19:04:31.493392 ioctl(4, _IOC(_IOC_NONE, 0x75, 0x30, 0), 0xffffffffe138) = 0 <0.000112>
19795 19:04:31.493593 ioctl(4, _IOC(_IOC_NONE, 0x75, 0x30, 0), 0xffffffffe108) = 0 <0.000129>
19795 19:04:31.493968 ioctl(4, _IOC(_IOC_NONE, 0x75, 0x30, 0), 0xffffffffe138) = 0 <0.000158>
19795 19:04:31.494265 ioctl(4, _IOC(_IOC_NONE, 0x75, 0x30, 0), 0xffffffffe108) = 0 <0.000136>
19795 19:04:31.494588 ioctl(4, _IOC(_IOC_NONE, 0x75, 0x30, 0), 0xffffffffe138) = 0 <0.000117>
19795 19:04:31.494792 ioctl(4, _IOC(_IOC_NONE, 0x75, 0x30, 0), 0xffffffffe108) = 0 <0.000091>
19795 19:04:31.495016 ioctl(4, _IOC(_IOC_NONE, 0x75, 0x30, 0), 0xffffffffe138) = 0 <0.000108>
19795 19:04:31.495183 ioctl(4, _IOC(_IOC_NONE, 0x75, 0x30, 0), 0xffffffffe108) = 0 <0.000082>
19795 19:04:31.495473 brk(0xaaaaad4ba000) = 0xaaaaad4ba000 <0.000037>
19795 19:04:31.496708 ioctl(4, _IOC(_IOC_NONE, 0x75, 0x30, 0), 0xffffffffe138) = 0 <0.000114>
19795 19:04:31.496896 ioctl(4, _IOC(_IOC_NONE, 0x75, 0x30, 0), 0xffffffffe108) = 0 <0.000084>
19795 19:04:31.497076 ioctl(4, _IOC(_IOC_NONE, 0x75, 0x30, 0), 0xffffffffe138) = 0 <0.000089>
19795 19:04:31.497219 ioctl(4, _IOC(_IOC_NONE, 0x75, 0x30, 0), 0xffffffffe108) = 0 <0.000079>
19795 19:04:31.497381 ioctl(4, _IOC(_IOC_NONE, 0x75, 0x30, 0), 0xffffffffe138) = 0 <0.000084>
19795 19:04:31.497517 ioctl(4, _IOC(_IOC_NONE, 0x75, 0x30, 0), 0xffffffffe108) = 0 <0.000110>
19795 19:04:31.497872 ioctl(4, _IOC(_IOC_NONE, 0x75, 0x30, 0), 0xffffffffe138) = 0 <0.000152>
19795 19:04:31.498126 ioctl(4, _IOC(_IOC_NONE, 0x75, 0x30, 0), 0xffffffffe108) = 0 <0.000102>
19795 19:04:31.498438 ioctl(4, _IOC(_IOC_NONE, 0x75, 0x30, 0), 0xffffffffe138) = 0 <0.000156>
19795 19:04:31.498732 ioctl(4, _IOC(_IOC_NONE, 0x75, 0x30, 0), 0xffffffffe108) = 0 <0.000133>
19795 19:04:31.499077 ioctl(4, _IOC(_IOC_NONE, 0x75, 0x30, 0), 0xffffffffe138) = 0 <0.000129>
19795 19:04:31.499313 ioctl(4, _IOC(_IOC_NONE, 0x75, 0x30, 0), 0xffffffffe108) = 0 <0.000114>
19795 19:04:31.499654 ioctl(4, _IOC(_IOC_NONE, 0x75, 0x30, 0), 0xffffffffe138) = 0 <0.000226>
19795 19:04:31.500009 ioctl(4, _IOC(_IOC_NONE, 0x75, 0x30, 0), 0xffffffffe108) = 0 <0.000111>
19795 19:04:31.500316 ioctl(4, _IOC(_IOC_NONE, 0x75, 0x30, 0), 0xffffffffe138) = 0 <0.000149>
19795 19:04:31.500580 ioctl(4, _IOC(_IOC_NONE, 0x75, 0x30, 0), 0xffffffffe108) = 0 <0.000109>
19795 19:04:31.500938 ioctl(4, _IOC(_IOC_NONE, 0x75, 0x30, 0), 0xffffffffe138) = 0 <0.000121>
19795 19:04:31.501149 ioctl(4, _IOC(_IOC_NONE, 0x75, 0x30, 0), 0xffffffffe108) = 0 <0.000105>
19795 19:04:31.501439 ioctl(4, _IOC(_IOC_NONE, 0x75, 0x30, 0), 0xffffffffe138) = 0 <0.000179>
19795 19:04:31.501750 ioctl(4, _IOC(_IOC_NONE, 0x75, 0x30, 0), 0xffffffffe108) = 0 <0.000095>
19795 19:04:31.501995 ioctl(4, _IOC(_IOC_NONE, 0x75, 0x30, 0), 0xffffffffe138) = 0 <0.000106>
19795 19:04:31.502166 ioctl(4, _IOC(_IOC_NONE, 0x75, 0x30, 0), 0xffffffffe108) = 0 <0.000087>
19795 19:04:31.502368 ioctl(4, _IOC(_IOC_NONE, 0x75, 0x30, 0), 0xffffffffe138) = 0 <0.000104>
19795 19:04:31.502536 ioctl(4, _IOC(_IOC_NONE, 0x75, 0x30, 0), 0xffffffffe108) = 0 <0.000087>
19795 19:04:31.502735 ioctl(4, _IOC(_IOC_NONE, 0x75, 0x30, 0), 0xffffffffe138) = 0 <0.000108>
19795 19:04:31.502937 ioctl(4, _IOC(_IOC_NONE, 0x75, 0x30, 0), 0xffffffffe108) = 0 <0.000099>
19795 19:04:31.503165 ioctl(4, _IOC(_IOC_NONE, 0x75, 0x30, 0), 0xffffffffe138) = 0 <0.000108>
19795 19:04:31.503339 ioctl(4, _IOC(_IOC_NONE, 0x75, 0x30, 0), 0xffffffffe108) = 0 <0.000088>
19795 19:04:31.503540 ioctl(4, _IOC(_IOC_NONE, 0x75, 0x30, 0), 0xffffffffe138) = 0 <0.000103>
19795 19:04:31.503708 ioctl(4, _IOC(_IOC_NONE, 0x75, 0x30, 0), 0xffffffffe108) = 0 <0.000088>
19795 19:04:31.503908 ioctl(4, _IOC(_IOC_NONE, 0x75, 0x30, 0), 0xffffffffe138) = 0 <0.000112>
19795 19:04:31.504084 ioctl(4, _IOC(_IOC_NONE, 0x75, 0x30, 0), 0xffffffffe108) = 0 <0.000086>
19795 19:04:31.504287 ioctl(4, _IOC(_IOC_NONE, 0x75, 0x30, 0), 0xffffffffe138) = 0 <0.000109>
19795 19:04:31.504465 ioctl(4, _IOC(_IOC_NONE, 0x75, 0x30, 0), 0xffffffffe108) = 0 <0.000085>
19795 19:04:31.504664 ioctl(4, _IOC(_IOC_NONE, 0x75, 0x30, 0), 0xffffffffe138) = 0 <0.000102>
19795 19:04:31.504827 ioctl(4, _IOC(_IOC_NONE, 0x75, 0x30, 0), 0xffffffffe108) = 0 <0.000088>
19795 19:04:31.505050 ioctl(4, _IOC(_IOC_NONE, 0x75, 0x30, 0), 0xffffffffe138) = 0 <0.000103>
19795 19:04:31.505216 ioctl(4, _IOC(_IOC_NONE, 0x75, 0x30, 0), 0xffffffffe108) = 0 <0.000087>
19795 19:04:31.505415 ioctl(4, _IOC(_IOC_NONE, 0x75, 0x30, 0), 0xffffffffe138) = 0 <0.000112>
19795 19:04:31.505627 ioctl(4, _IOC(_IOC_NONE, 0x75, 0x30, 0), 0xffffffffe108) = 0 <0.000210>
19795 19:04:31.506101 ioctl(4, _IOC(_IOC_NONE, 0x75, 0x30, 0), 0xffffffffe138) = 0 <0.000121>
19795 19:04:31.506356 ioctl(4, _IOC(_IOC_NONE, 0x75, 0x30, 0), 0xffffffffe108) = 0 <0.000096>
19795 19:04:31.506663 ioctl(4, _IOC(_IOC_NONE, 0x75, 0x30, 0), 0xffffffffe138) = 0 <0.000154>
19795 19:04:31.506901 ioctl(4, _IOC(_IOC_NONE, 0x75, 0x30, 0), 0xffffffffe108) = 0 <0.000098>
19795 19:04:31.507178 ioctl(4, _IOC(_IOC_NONE, 0x75, 0x30, 0), 0xffffffffe138) = 0 <0.000133>
19795 19:04:31.507416 ioctl(4, _IOC(_IOC_NONE, 0x75, 0x30, 0), 0xffffffffe108) = 0 <0.000107>
19795 19:04:31.507737 ioctl(4, _IOC(_IOC_NONE, 0x75, 0x30, 0), 0xffffffffe138) = 0 <0.000167>
19795 19:04:31.507986 ioctl(4, _IOC(_IOC_NONE, 0x75, 0x30, 0), 0xffffffffe108) = 0 <0.000097>
19795 19:04:31.508269 ioctl(4, _IOC(_IOC_NONE, 0x75, 0x30, 0), 0xffffffffe138) = 0 <0.000137>
19795 19:04:31.508518 ioctl(4, _IOC(_IOC_NONE, 0x75, 0x30, 0), 0xffffffffe108) = 0 <0.000120>
19795 19:04:31.508824 ioctl(4, _IOC(_IOC_NONE, 0x75, 0x30, 0), 0xffffffffe138) = 0 <0.000162>
19795 19:04:31.509076 ioctl(4, _IOC(_IOC_NONE, 0x75, 0x30, 0), 0xffffffffe108) = 0 <0.000114>
19795 19:04:31.516044 brk(0xaaaaad60a000) = 0xaaaaad60a000 <0.000089>
19795 19:04:31.517737 ioctl(4, _IOC(_IOC_NONE, 0x75, 0x30, 0), 0xffffffffe138) = 0 <0.000200>
19795 19:04:31.518081 ioctl(4, _IOC(_IOC_NONE, 0x75, 0x30, 0), 0xffffffffe108) = 0 <0.000117>
19795 19:04:31.518427 ioctl(4, _IOC(_IOC_NONE, 0x75, 0x30, 0), 0xffffffffe138) = 0 <0.000151>
19795 19:04:31.518687 ioctl(4, _IOC(_IOC_NONE, 0x75, 0x30, 0), 0xffffffffe108) = 0 <0.000117>
19795 19:04:31.519100 ioctl(4, _IOC(_IOC_NONE, 0x75, 0x30, 0), 0xffffffffe138) = 0 <0.000153>
19795 19:04:31.519373 ioctl(4, _IOC(_IOC_NONE, 0x75, 0x30, 0), 0xffffffffe108) = 0 <0.000135>
19795 19:04:31.519724 ioctl(4, _IOC(_IOC_NONE, 0x75, 0x30, 0), 0xffffffffe138) = 0 <0.000139>
19795 19:04:31.519980 ioctl(4, _IOC(_IOC_NONE, 0x75, 0x30, 0), 0xffffffffe108) = 0 <0.000118>
19795 19:04:31.520329 ioctl(4, _IOC(_IOC_NONE, 0x75, 0x30, 0), 0xffffffffe138) = 0 <0.000140>
19795 19:04:31.520581 ioctl(4, _IOC(_IOC_NONE, 0x75, 0x30, 0), 0xffffffffe108) = 0 <0.000130>
19795 19:04:31.520903 ioctl(4, _IOC(_IOC_NONE, 0x75, 0x30, 0), 0xffffffffe138) = 0 <0.000163>
19795 19:04:31.521157 ioctl(4, _IOC(_IOC_NONE, 0x75, 0x30, 0), 0xffffffffe108) = 0 <0.000127>
19795 19:04:31.521433 ioctl(4, _IOC(_IOC_NONE, 0x75, 0x30, 0), 0xffffffffe138) = 0 <0.000134>
19795 19:04:31.521672 ioctl(4, _IOC(_IOC_NONE, 0x75, 0x30, 0), 0xffffffffe108) = 0 <0.000112>
19795 19:04:31.522003 ioctl(4, _IOC(_IOC_NONE, 0x75, 0x30, 0), 0xffffffffe138) = 0 <0.000149>
19795 19:04:31.522272 ioctl(4, _IOC(_IOC_NONE, 0x75, 0x30, 0), 0xffffffffe108) = 0 <0.000109>
19795 19:04:31.522628 ioctl(4, _IOC(_IOC_NONE, 0x75, 0x30, 0), 0xffffffffe138) = 0 <0.000126>
19795 19:04:31.522853 ioctl(4, _IOC(_IOC_NONE, 0x75, 0x30, 0), 0xffffffffe108) = 0 <0.000106>
19795 19:04:31.523222 ioctl(4, _IOC(_IOC_NONE, 0x75, 0x30, 0), 0xffffffffe138) = 0 <0.000164>
19795 19:04:31.523813 ioctl(4, _IOC(_IOC_NONE, 0x75, 0x30, 0), 0xffffffffe108) = 0 <0.000135>
19795 19:04:31.524218 ioctl(4, _IOC(_IOC_NONE, 0x75, 0x30, 0), 0xffffffffe138) = 0 <0.000170>
19795 19:04:31.524546 ioctl(4, _IOC(_IOC_NONE, 0x75, 0x30, 0), 0xffffffffe108) = 0 <0.000104>
19795 19:04:31.524849 ioctl(4, _IOC(_IOC_NONE, 0x75, 0x30, 0), 0xffffffffe138) = 0 <0.000266>
19795 19:04:31.525211 ioctl(4, _IOC(_IOC_NONE, 0x75, 0x30, 0), 0xffffffffe108) = 0 <0.000096>
19795 19:04:31.525464 ioctl(4, _IOC(_IOC_NONE, 0x75, 0x30, 0), 0xffffffffe138) = 0 <0.000154>
19795 19:04:31.525708 ioctl(4, _IOC(_IOC_NONE, 0x75, 0x30, 0), 0xffffffffe108) = 0 <0.000100>
19795 19:04:31.526165 ioctl(4, _IOC(_IOC_NONE, 0x75, 0x30, 0), 0xffffffffe138) = 0 <0.000122>
19795 19:04:31.526385 ioctl(4, _IOC(_IOC_NONE, 0x75, 0x30, 0), 0xffffffffe108) = 0 <0.000087>
19795 19:04:31.526633 ioctl(4, _IOC(_IOC_NONE, 0x75, 0x30, 0), 0xffffffffe138) = 0 <0.000100>
19795 19:04:31.526809 ioctl(4, _IOC(_IOC_NONE, 0x75, 0x30, 0), 0xffffffffe108) = 0 <0.000082>
19795 19:04:31.527012 ioctl(4, _IOC(_IOC_NONE, 0x75, 0x30, 0), 0xffffffffe138) = 0 <0.000093>
19795 19:04:31.527175 ioctl(4, _IOC(_IOC_NONE, 0x75, 0x30, 0), 0xffffffffe108) = 0 <0.000082>
19795 19:04:31.527373 ioctl(4, _IOC(_IOC_NONE, 0x75, 0x30, 0), 0xffffffffe138) = 0 <0.000097>
19795 19:04:31.527543 ioctl(4, _IOC(_IOC_NONE, 0x75, 0x30, 0), 0xffffffffe108) = 0 <0.000083>
19795 19:04:31.527740 ioctl(4, _IOC(_IOC_NONE, 0x75, 0x30, 0), 0xffffffffe138) = 0 <0.000098>
19795 19:04:31.527907 ioctl(4, _IOC(_IOC_NONE, 0x75, 0x30, 0), 0xffffffffe108) = 0 <0.000087>
19795 19:04:31.528101 ioctl(4, _IOC(_IOC_NONE, 0x75, 0x30, 0), 0xffffffffe138) = 0 <0.000100>
19795 19:04:31.528272 ioctl(4, _IOC(_IOC_NONE, 0x75, 0x30, 0), 0xffffffffe108) = 0 <0.000096>
19795 19:04:31.528509 ioctl(4, _IOC(_IOC_NONE, 0x75, 0x30, 0), 0xffffffffe138) = 0 <0.000102>
19795 19:04:31.528686 ioctl(4, _IOC(_IOC_NONE, 0x75, 0x30, 0), 0xffffffffe108) = 0 <0.000087>
19795 19:04:31.528902 ioctl(4, _IOC(_IOC_NONE, 0x75, 0x30, 0), 0xffffffffe138) = 0 <0.000104>
19795 19:04:31.529083 ioctl(4, _IOC(_IOC_NONE, 0x75, 0x30, 0), 0xffffffffe108) = 0 <0.000090>
19795 19:04:31.529301 ioctl(4, _IOC(_IOC_NONE, 0x75, 0x30, 0), 0xffffffffe138) = 0 <0.000111>
19795 19:04:31.529491 ioctl(4, _IOC(_IOC_NONE, 0x75, 0x30, 0), 0xffffffffe108) = 0 <0.000175>
19795 19:04:31.529838 ioctl(4, _IOC(_IOC_NONE, 0x75, 0x30, 0), 0xffffffffe138) = 0 <0.000110>
19795 19:04:31.530035 ioctl(4, _IOC(_IOC_NONE, 0x75, 0x30, 0), 0xffffffffe108) = 0 <0.000090>
19795 19:04:31.530301 ioctl(4, _IOC(_IOC_NONE, 0x75, 0x30, 0), 0xffffffffe138) = 0 <0.000141>
19795 19:04:31.530604 ioctl(4, _IOC(_IOC_NONE, 0x75, 0x30, 0), 0xffffffffe108) = 0 <0.000126>
19795 19:04:31.531045 ioctl(4, _IOC(_IOC_NONE, 0x75, 0x30, 0), 0xffffffffe138) = 0 <0.000181>
19795 19:04:31.531387 ioctl(4, _IOC(_IOC_NONE, 0x75, 0x30, 0), 0xffffffffe108) = 0 <0.000129>
19795 19:04:31.531786 ioctl(4, _IOC(_IOC_NONE, 0x75, 0x30, 0), 0xffffffffe138) = 0 <0.000169>
19795 19:04:31.532155 ioctl(4, _IOC(_IOC_NONE, 0x75, 0x30, 0), 0xffffffffe108) = 0 <0.000108>
19795 19:04:31.532649 ioctl(4, _IOC(_IOC_NONE, 0x75, 0x30, 0), 0xffffffffe598) = 0 <0.000177>
19795 19:04:31.533013 ioctl(4, _IOC(_IOC_NONE, 0x75, 0x30, 0), 0xffffffffe568) = 0 <0.000149>
19795 19:04:31.533359 brk(0xaaaaad759000) = 0xaaaaad759000 <0.000039>
19795 19:04:31.535028 ioctl(4, _IOC(_IOC_NONE, 0x75, 0x30, 0), 0xffffffffe4c8) = 0 <0.000185>
19795 19:04:31.535412 ioctl(4, _IOC(_IOC_NONE, 0x75, 0x30, 0), 0xffffffffe498) = 0 <0.000118>
19795 19:04:31.535783 ioctl(4, _IOC(_IOC_NONE, 0x75, 0x30, 0), 0xffffffffe4c8) = 0 <0.000122>
19795 19:04:31.536007 ioctl(4, _IOC(_IOC_NONE, 0x75, 0x30, 0), 0xffffffffe498) = 0 <0.000091>
19795 19:04:31.536268 ioctl(4, _IOC(_IOC_NONE, 0x75, 0x30, 0), 0xffffffffe4c8) = 0 <0.000119>
19795 19:04:31.536456 ioctl(4, _IOC(_IOC_NONE, 0x75, 0x30, 0), 0xffffffffe498) = 0 <0.000087>
19795 19:04:31.536667 ioctl(4, _IOC(_IOC_NONE, 0x75, 0x30, 0), 0xffffffffe4c8) = 0 <0.000103>
19795 19:04:31.536834 ioctl(4, _IOC(_IOC_NONE, 0x75, 0x30, 0), 0xffffffffe498) = 0 <0.000081>
19795 19:04:31.537038 ioctl(4, _IOC(_IOC_NONE, 0x75, 0x30, 0), 0xffffffffe4c8) = 0 <0.000135>
19795 19:04:31.537278 ioctl(4, _IOC(_IOC_NONE, 0x75, 0x30, 0), 0xffffffffe498) = 0 <0.000117>
19795 19:04:31.537723 ioctl(4, _IOC(_IOC_NONE, 0x75, 0x30, 0), 0xffffffffe4c8) = 0 <0.000169>
19795 19:04:31.538043 ioctl(4, _IOC(_IOC_NONE, 0x75, 0x30, 0), 0xffffffffe498) = 0 <0.000105>
19795 19:04:31.538313 ioctl(4, _IOC(_IOC_NONE, 0x75, 0x30, 0), 0xffffffffe6a8) = 0 <0.000087>
19795 19:04:31.538491 ioctl(4, _IOC(_IOC_NONE, 0x75, 0x30, 0), 0xffffffffe6a8) = 0 <0.000092>
19795 19:04:31.538915 ioctl(4, _IOC(_IOC_NONE, 0x75, 0x30, 0), 0xffffffffe838) = 0 <0.000133>
19795 19:04:31.539172 ioctl(4, _IOC(_IOC_NONE, 0x75, 0x30, 0), 0xffffffffe838) = 0 <0.000088>
19795 19:04:31.539455 ioctl(4, _IOC(_IOC_NONE, 0x75, 0x30, 0), 0xffffffffe838) = 0 <0.000075>
19795 19:04:31.539601 ioctl(4, _IOC(_IOC_NONE, 0x75, 0x30, 0), 0xffffffffe838) = 0 <0.000074>
19795 19:04:31.539876 ioctl(4, _IOC(_IOC_NONE, 0x75, 0x30, 0), 0xffffffffe838) = 0 <0.000078>
19795 19:04:31.540026 ioctl(4, _IOC(_IOC_NONE, 0x75, 0x30, 0), 0xffffffffe838) = 0 <0.000084>
19795 19:04:31.540255 ioctl(4, _IOC(_IOC_NONE, 0x75, 0x30, 0), 0xffffffffe838) = 0 <0.000073>
19795 19:04:31.540400 ioctl(4, _IOC(_IOC_NONE, 0x75, 0x30, 0), 0xffffffffe838) = 0 <0.000097>
19795 19:04:31.540757 ioctl(4, _IOC(_IOC_NONE, 0x75, 0x30, 0), 0xffffffffe838) = 0 <0.000115>
19795 19:04:31.541001 ioctl(4, _IOC(_IOC_NONE, 0x75, 0x30, 0), 0xffffffffe838) = 0 <0.000110>
19795 19:04:31.541362 ioctl(4, _IOC(_IOC_NONE, 0x75, 0x30, 0), 0xffffffffe838) = 0 <0.000082>
19795 19:04:31.541526 ioctl(4, _IOC(_IOC_NONE, 0x75, 0x30, 0), 0xffffffffe838) = 0 <0.000105>
19795 19:04:31.541828 ioctl(4, _IOC(_IOC_NONE, 0x75, 0x30, 0), 0xffffffffe838) = 0 <0.000077>
19795 19:04:31.541979 ioctl(4, _IOC(_IOC_NONE, 0x75, 0x30, 0), 0xffffffffe838) = 0 <0.000081>
19795 19:04:31.542223 ioctl(4, _IOC(_IOC_NONE, 0x75, 0x30, 0), 0xffffffffe838) = 0 <0.000070>
19795 19:04:31.542359 ioctl(4, _IOC(_IOC_NONE, 0x75, 0x30, 0), 0xffffffffe838) = 0 <0.000081>
19795 19:04:31.542595 ioctl(4, _IOC(_IOC_NONE, 0x75, 0x30, 0), 0xffffffffe838) = 0 <0.000073>
19795 19:04:31.542737 ioctl(4, _IOC(_IOC_NONE, 0x75, 0x30, 0), 0xffffffffe838) = 0 <0.000082>
19795 19:04:31.543011 ioctl(4, _IOC(_IOC_NONE, 0x75, 0x30, 0), 0xffffffffe838) = 0 <0.000106>
19795 19:04:31.543230 ioctl(4, _IOC(_IOC_NONE, 0x75, 0x30, 0), 0xffffffffe838) = 0 <0.000107>
19795 19:04:31.543636 ioctl(4, _IOC(_IOC_NONE, 0x75, 0x30, 0), 0xffffffffe838) = 0 <0.000106>
19795 19:04:31.543867 ioctl(4, _IOC(_IOC_NONE, 0x75, 0x30, 0), 0xffffffffe838) = 0 <0.000085>
19795 19:04:31.544156 ioctl(4, _IOC(_IOC_NONE, 0x75, 0x30, 0), 0xffffffffe838) = 0 <0.000077>
19795 19:04:31.544306 ioctl(4, _IOC(_IOC_NONE, 0x75, 0x30, 0), 0xffffffffe838) = 0 <0.000080>
19795 19:04:31.544538 ioctl(4, _IOC(_IOC_NONE, 0x75, 0x30, 0), 0xffffffffe838) = 0 <0.000067>
19795 19:04:31.544669 ioctl(4, _IOC(_IOC_NONE, 0x75, 0x30, 0), 0xffffffffe838) = 0 <0.000079>
19795 19:04:31.544884 ioctl(4, _IOC(_IOC_NONE, 0x75, 0x30, 0), 0xffffffffe838) = 0 <0.000069>
19795 19:04:31.545027 ioctl(4, _IOC(_IOC_NONE, 0x75, 0x30, 0), 0xffffffffe4d8) = 0 <0.000051>
19795 19:04:31.545185 ioctl(4, _IOC(_IOC_NONE, 0x75, 0x30, 0), 0xffffffffe548) = 0 <0.000060>
19795 19:04:31.545302 ioctl(4, _IOC(_IOC_NONE, 0x75, 0x30, 0), 0xffffffffe838) = 0 <0.000077>
19795 19:04:31.545532 ioctl(4, _IOC(_IOC_NONE, 0x75, 0x30, 0), 0xffffffffe838) = 0 <0.000117>
19795 19:04:31.545750 ioctl(4, _IOC(_IOC_NONE, 0x75, 0x30, 0), 0xffffffffe838) = 0 <0.000084>
19795 19:04:31.549232 ioctl(4, _IOC(_IOC_NONE, 0x75, 0x30, 0), 0xffffffffe6a8) = 0 <0.000130>
19795 19:04:31.549460 ioctl(4, _IOC(_IOC_NONE, 0x75, 0x30, 0), 0xffffffffe678) = 0 <0.000118>
19796 19:04:31.549676 <... ioctl resumed>, 0xfffff520e618) = 0 <2.280977>
19795 19:04:31.549903 ioctl(4, _IOC(_IOC_NONE, 0x75, 0x30, 0) <unfinished ...>
19796 19:04:31.549949 ioctl(4, _IOC(_IOC_NONE, 0x75, 0x30, 0), 0xfffff520e618) = 0 <0.000069>
19796 19:04:31.550085 ioctl(4, _IOC(_IOC_NONE, 0x75, 0x30, 0) <unfinished ...>
19795 19:04:31.550291 <... ioctl resumed>, 0xffffffffe6a8) = 0 <0.000348>
19795 19:04:31.550365 ioctl(4, _IOC(_IOC_NONE, 0x75, 0x30, 0), 0xffffffffe678) = 0 <0.000115>
19795 19:04:31.552188 ioctl(4, _IOC(_IOC_NONE, 0x75, 0x30, 0) <unfinished ...>
19796 19:04:31.552414 <... ioctl resumed>, 0xfffff520e608) = 0 <0.002295>
19796 19:04:31.552534 ioctl(4, _IOC(_IOC_NONE, 0x75, 0x30, 0) <unfinished ...>
19795 19:04:31.552728 <... ioctl resumed>, 0xffffffffe6a8) = 0 <0.000456>
19796 19:04:31.552765 <... ioctl resumed>, 0xfffff520e618) = 0 <0.000202>
19796 19:04:31.552818 ioctl(4, _IOC(_IOC_NONE, 0x75, 0x30, 0) <unfinished ...>
19795 19:04:31.552866 ioctl(4, _IOC(_IOC_NONE, 0x75, 0x30, 0), 0xffffffffe678) = 0 <0.000116>
19795 19:04:31.553242 ioctl(4, _IOC(_IOC_NONE, 0x75, 0x30, 0), 0xffffffffe6a8) = 0 <0.000167>
19795 19:04:31.553536 ioctl(4, _IOC(_IOC_NONE, 0x75, 0x30, 0), 0xffffffffe678) = 0 <0.000130>
19795 19:04:31.553971 brk(0xaaaaad8ac000) = 0xaaaaad8ac000 <0.000044>
19795 19:04:31.555564 ioctl(4, _IOC(_IOC_NONE, 0x75, 0x30, 0), 0xffffffffe4b8) = 0 <0.000171>
19795 19:04:31.555892 ioctl(4, _IOC(_IOC_NONE, 0x75, 0x30, 0), 0xffffffffe488) = 0 <0.000120>
19795 19:04:31.556399 ioctl(4, _IOC(_IOC_NONE, 0x75, 0x30, 0), 0xffffffffe4b8) = 0 <0.000146>
19795 19:04:31.556663 ioctl(4, _IOC(_IOC_NONE, 0x75, 0x30, 0), 0xffffffffe488) = 0 <0.000110>
19795 19:04:31.557132 ioctl(4, _IOC(_IOC_NONE, 0x75, 0x30, 0), 0xffffffffe4b8) = 0 <0.000187>
19795 19:04:31.557494 ioctl(4, _IOC(_IOC_NONE, 0x75, 0x30, 0), 0xffffffffe488) = 0 <0.000148>
19795 19:04:31.557943 ioctl(4, _IOC(_IOC_NONE, 0x75, 0x30, 0), 0xffffffffe4b8) = 0 <0.000113>
19795 19:04:31.558136 ioctl(4, _IOC(_IOC_NONE, 0x75, 0x30, 0), 0xffffffffe488) = 0 <0.000088>
19795 19:04:31.558417 ioctl(4, _IOC(_IOC_NONE, 0x75, 0x30, 0), 0xffffffffe4b8) = 0 <0.000104>
19795 19:04:31.558586 ioctl(4, _IOC(_IOC_NONE, 0x75, 0x30, 0), 0xffffffffe488) = 0 <0.000088>
19795 19:04:31.558851 ioctl(4, _IOC(_IOC_NONE, 0x75, 0x30, 0), 0xffffffffe4b8) = 0 <0.000102>
19795 19:04:31.559021 ioctl(4, _IOC(_IOC_NONE, 0x75, 0x30, 0), 0xffffffffe488) = 0 <0.000094>
19795 19:04:31.559282 ioctl(4, _IOC(_IOC_NONE, 0x75, 0x30, 0), 0xffffffffe4b8) = 0 <0.000102>
19795 19:04:31.559451 ioctl(4, _IOC(_IOC_NONE, 0x75, 0x30, 0), 0xffffffffe488) = 0 <0.000090>
19795 19:04:31.559744 ioctl(4, _IOC(_IOC_NONE, 0x75, 0x30, 0), 0xffffffffe4b8) = 0 <0.000119>
19795 19:04:31.559934 ioctl(4, _IOC(_IOC_NONE, 0x75, 0x30, 0), 0xffffffffe488) = 0 <0.000091>
19795 19:04:31.560242 ioctl(4, _IOC(_IOC_NONE, 0x75, 0x30, 0), 0xffffffffe4b8) = 0 <0.000110>
19795 19:04:31.560419 ioctl(4, _IOC(_IOC_NONE, 0x75, 0x30, 0), 0xffffffffe488) = 0 <0.000087>
19795 19:04:31.560710 ioctl(4, _IOC(_IOC_NONE, 0x75, 0x30, 0), 0xffffffffe4b8) = 0 <0.000110>
19795 19:04:31.560889 ioctl(4, _IOC(_IOC_NONE, 0x75, 0x30, 0), 0xffffffffe488) = 0 <0.000089>
19795 19:04:31.561179 ioctl(4, _IOC(_IOC_NONE, 0x75, 0x30, 0), 0xffffffffe4b8) = 0 <0.000101>
19795 19:04:31.561348 ioctl(4, _IOC(_IOC_NONE, 0x75, 0x30, 0), 0xffffffffe488) = 0 <0.000088>
19795 19:04:31.561683 ioctl(4, _IOC(_IOC_NONE, 0x75, 0x30, 0), 0xffffffffe4b8) = 0 <0.000114>
19795 19:04:31.561903 ioctl(4, _IOC(_IOC_NONE, 0x75, 0x30, 0), 0xffffffffe488) = 0 <0.000094>
19795 19:04:31.562219 ioctl(4, _IOC(_IOC_NONE, 0x75, 0x30, 0), 0xffffffffe4b8) = 0 <0.000105>
19795 19:04:31.562400 ioctl(4, _IOC(_IOC_NONE, 0x75, 0x30, 0), 0xffffffffe488) = 0 <0.000095>
19795 19:04:31.562663 ioctl(4, _IOC(_IOC_NONE, 0x75, 0x30, 0), 0xffffffffe4b8) = 0 <0.000159>
19795 19:04:31.562952 ioctl(4, _IOC(_IOC_NONE, 0x75, 0x30, 0), 0xffffffffe488) = 0 <0.000146>
19795 19:04:31.563362 ioctl(4, _IOC(_IOC_NONE, 0x75, 0x30, 0), 0xffffffffe4b8) = 0 <0.000134>
19795 19:04:31.563619 ioctl(4, _IOC(_IOC_NONE, 0x75, 0x30, 0), 0xffffffffe488) = 0 <0.000117>
19795 19:04:31.563982 ioctl(4, _IOC(_IOC_NONE, 0x75, 0x30, 0), 0xffffffffe4b8) = 0 <0.000157>
19795 19:04:31.564278 ioctl(4, _IOC(_IOC_NONE, 0x75, 0x30, 0), 0xffffffffe488) = 0 <0.000126>
19795 19:04:31.564662 ioctl(4, _IOC(_IOC_NONE, 0x75, 0x30, 0), 0xffffffffe4b8) = 0 <0.000139>
19795 19:04:31.564904 ioctl(4, _IOC(_IOC_NONE, 0x75, 0x30, 0), 0xffffffffe488) = 0 <0.000119>
19795 19:04:31.565556 ioctl(4, _IOC(_IOC_NONE, 0x75, 0x30, 0), 0xffffffffe4b8) = 0 <0.000142>
19795 19:04:31.565869 ioctl(4, _IOC(_IOC_NONE, 0x75, 0x30, 0), 0xffffffffe488) = 0 <0.000092>
19795 19:04:31.566121 ioctl(4, _IOC(_IOC_NONE, 0x75, 0x30, 0), 0xffffffffe4b8) = 0 <0.000115>
19795 19:04:31.566315 ioctl(4, _IOC(_IOC_NONE, 0x75, 0x30, 0), 0xffffffffe488) = 0 <0.000095>
19795 19:04:31.566580 ioctl(4, _IOC(_IOC_NONE, 0x75, 0x30, 0), 0xffffffffe4b8) = 0 <0.000230>
19795 19:04:31.566890 ioctl(4, _IOC(_IOC_NONE, 0x75, 0x30, 0), 0xffffffffe488) = 0 <0.000093>
19795 19:04:31.567128 ioctl(4, _IOC(_IOC_NONE, 0x75, 0x30, 0), 0xffffffffe4b8) = 0 <0.000112>
19795 19:04:31.567316 ioctl(4, _IOC(_IOC_NONE, 0x75, 0x30, 0), 0xffffffffe488) = 0 <0.000097>
19795 19:04:31.567543 ioctl(4, _IOC(_IOC_NONE, 0x75, 0x30, 0), 0xffffffffe4b8) = 0 <0.000115>
19795 19:04:31.567727 ioctl(4, _IOC(_IOC_NONE, 0x75, 0x30, 0), 0xffffffffe488) = 0 <0.000116>
19795 19:04:31.567978 ioctl(4, _IOC(_IOC_NONE, 0x75, 0x30, 0), 0xffffffffe4b8) = 0 <0.000122>
19795 19:04:31.568175 ioctl(4, _IOC(_IOC_NONE, 0x75, 0x30, 0), 0xffffffffe488) = 0 <0.000090>
19795 19:04:31.568404 ioctl(4, _IOC(_IOC_NONE, 0x75, 0x30, 0), 0xffffffffe4b8) = 0 <0.000115>
19795 19:04:31.568593 ioctl(4, _IOC(_IOC_NONE, 0x75, 0x30, 0), 0xffffffffe488) = 0 <0.000114>
19795 19:04:31.568953 ioctl(4, _IOC(_IOC_NONE, 0x75, 0x30, 0), 0xffffffffe4b8) = 0 <0.000141>
19795 19:04:31.569201 ioctl(4, _IOC(_IOC_NONE, 0x75, 0x30, 0), 0xffffffffe488) = 0 <0.000114>
19795 19:04:31.569541 ioctl(4, _IOC(_IOC_NONE, 0x75, 0x30, 0), 0xffffffffe4b8) = 0 <0.000153>
19795 19:04:31.569901 ioctl(4, _IOC(_IOC_NONE, 0x75, 0x30, 0), 0xffffffffe488) = 0 <0.000136>
19795 19:04:31.570249 ioctl(4, _IOC(_IOC_NONE, 0x75, 0x30, 0), 0xffffffffe4b8) = 0 <0.000135>
19795 19:04:31.570475 ioctl(4, _IOC(_IOC_NONE, 0x75, 0x30, 0), 0xffffffffe488) = 0 <0.000100>
19795 19:04:31.570850 ioctl(4, _IOC(_IOC_NONE, 0x75, 0x30, 0), 0xffffffffe6a8) = 0 <0.000162>
19795 19:04:31.571149 ioctl(4, _IOC(_IOC_NONE, 0x75, 0x30, 0), 0xffffffffe678) = 0 <0.000115>
19795 19:04:31.571493 ioctl(4, _IOC(_IOC_NONE, 0x75, 0x30, 0), 0xffffffffe6a8) = 0 <0.000172>
19795 19:04:31.571770 ioctl(4, _IOC(_IOC_NONE, 0x75, 0x30, 0), 0xffffffffe678) = 0 <0.000099>
19795 19:04:31.572023 ioctl(4, _IOC(_IOC_NONE, 0x75, 0x30, 0), 0xffffffffe6a8) = 0 <0.000145>
19795 19:04:31.572279 ioctl(4, _IOC(_IOC_NONE, 0x75, 0x30, 0), 0xffffffffe678) = 0 <0.000134>
19795 19:04:31.572610 ioctl(4, _IOC(_IOC_NONE, 0x75, 0x30, 0), 0xffffffffe6a8) = 0 <0.000151>
19795 19:04:31.572906 ioctl(4, _IOC(_IOC_NONE, 0x75, 0x30, 0), 0xffffffffe678) = 0 <0.000104>
19795 19:04:31.573148 brk(0xaaaaad9fa000) = 0xaaaaad9fa000 <0.000038>
19795 19:04:31.574462 ioctl(4, _IOC(_IOC_NONE, 0x75, 0x30, 0), 0xffffffffe4b8) = 0 <0.000125>
19795 19:04:31.574694 ioctl(4, _IOC(_IOC_NONE, 0x75, 0x30, 0), 0xffffffffe488) = 0 <0.000088>
19795 19:04:31.574914 ioctl(4, _IOC(_IOC_NONE, 0x75, 0x30, 0), 0xffffffffe4b8) = 0 <0.000108>
19795 19:04:31.575087 ioctl(4, _IOC(_IOC_NONE, 0x75, 0x30, 0), 0xffffffffe488) = 0 <0.000085>
19795 19:04:31.575292 ioctl(4, _IOC(_IOC_NONE, 0x75, 0x30, 0), 0xffffffffe4b8) = 0 <0.000106>
19795 19:04:31.575464 ioctl(4, _IOC(_IOC_NONE, 0x75, 0x30, 0), 0xffffffffe488) = 0 <0.000088>
19795 19:04:31.575694 ioctl(4, _IOC(_IOC_NONE, 0x75, 0x30, 0), 0xffffffffe4b8) = 0 <0.000112>
19795 19:04:31.575880 ioctl(4, _IOC(_IOC_NONE, 0x75, 0x30, 0), 0xffffffffe488) = 0 <0.000110>
19795 19:04:31.576217 ioctl(4, _IOC(_IOC_NONE, 0x75, 0x30, 0), 0xffffffffe4b8) = 0 <0.000155>
19795 19:04:31.576509 ioctl(4, _IOC(_IOC_NONE, 0x75, 0x30, 0), 0xffffffffe488) = 0 <0.000128>
19795 19:04:31.576892 ioctl(4, _IOC(_IOC_NONE, 0x75, 0x30, 0), 0xffffffffe4b8) = 0 <0.000134>
19795 19:04:31.577157 ioctl(4, _IOC(_IOC_NONE, 0x75, 0x30, 0), 0xffffffffe488) = 0 <0.000116>
19795 19:04:31.577494 ioctl(4, _IOC(_IOC_NONE, 0x75, 0x30, 0), 0xffffffffe4b8) = 0 <0.000185>
19795 19:04:31.577841 ioctl(4, _IOC(_IOC_NONE, 0x75, 0x30, 0), 0xffffffffe488) = 0 <0.000124>
19795 19:04:31.578214 ioctl(4, _IOC(_IOC_NONE, 0x75, 0x30, 0), 0xffffffffe4b8) = 0 <0.000125>
19795 19:04:31.578425 ioctl(4, _IOC(_IOC_NONE, 0x75, 0x30, 0), 0xffffffffe488) = 0 <0.000095>
19795 19:04:31.578698 ioctl(4, _IOC(_IOC_NONE, 0x75, 0x30, 0), 0xffffffffe4b8) = 0 <0.000148>
19795 19:04:31.578966 ioctl(4, _IOC(_IOC_NONE, 0x75, 0x30, 0), 0xffffffffe488) = 0 <0.000124>
19795 19:04:31.579351 ioctl(4, _IOC(_IOC_NONE, 0x75, 0x30, 0), 0xffffffffe4b8) = 0 <0.000171>
19795 19:04:31.579639 ioctl(4, _IOC(_IOC_NONE, 0x75, 0x30, 0), 0xffffffffe488) = 0 <0.000100>
19795 19:04:31.579910 ioctl(4, _IOC(_IOC_NONE, 0x75, 0x30, 0), 0xffffffffe4b8) = 0 <0.000115>
19795 19:04:31.580098 ioctl(4, _IOC(_IOC_NONE, 0x75, 0x30, 0), 0xffffffffe488) = 0 <0.000092>
19795 19:04:31.580330 ioctl(4, _IOC(_IOC_NONE, 0x75, 0x30, 0), 0xffffffffe4b8) = 0 <0.000137>
19795 19:04:31.580563 ioctl(4, _IOC(_IOC_NONE, 0x75, 0x30, 0), 0xffffffffe488) = 0 <0.000115>
19795 19:04:31.580900 ioctl(4, _IOC(_IOC_NONE, 0x75, 0x30, 0), 0xffffffffe4b8) = 0 <0.000183>
19795 19:04:31.581209 ioctl(4, _IOC(_IOC_NONE, 0x75, 0x30, 0), 0xffffffffe488) = 0 <0.000102>
19795 19:04:31.581489 ioctl(4, _IOC(_IOC_NONE, 0x75, 0x30, 0), 0xffffffffe4b8) = 0 <0.000139>
19795 19:04:31.581717 ioctl(4, _IOC(_IOC_NONE, 0x75, 0x30, 0), 0xffffffffe488) = 0 <0.000096>
19795 19:04:31.581976 ioctl(4, _IOC(_IOC_NONE, 0x75, 0x30, 0), 0xffffffffe4b8) = 0 <0.000114>
19795 19:04:31.582165 ioctl(4, _IOC(_IOC_NONE, 0x75, 0x30, 0), 0xffffffffe488) = 0 <0.000104>
19795 19:04:31.582410 ioctl(4, _IOC(_IOC_NONE, 0x75, 0x30, 0), 0xffffffffe4b8) = 0 <0.000110>
19795 19:04:31.582590 ioctl(4, _IOC(_IOC_NONE, 0x75, 0x30, 0), 0xffffffffe488) = 0 <0.000091>
19795 19:04:31.582809 ioctl(4, _IOC(_IOC_NONE, 0x75, 0x30, 0), 0xffffffffe4b8) = 0 <0.000109>
19795 19:04:31.582986 ioctl(4, _IOC(_IOC_NONE, 0x75, 0x30, 0), 0xffffffffe488) = 0 <0.000092>
19795 19:04:31.583241 ioctl(4, _IOC(_IOC_NONE, 0x75, 0x30, 0), 0xffffffffe4b8) = 0 <0.000171>
19795 19:04:31.583540 ioctl(4, _IOC(_IOC_NONE, 0x75, 0x30, 0), 0xffffffffe488) = 0 <0.000129>
19795 19:04:31.583928 ioctl(4, _IOC(_IOC_NONE, 0x75, 0x30, 0), 0xffffffffe4b8) = 0 <0.000137>
19795 19:04:31.584202 ioctl(4, _IOC(_IOC_NONE, 0x75, 0x30, 0), 0xffffffffe488) = 0 <0.000100>
19795 19:04:31.584473 ioctl(4, _IOC(_IOC_NONE, 0x75, 0x30, 0), 0xffffffffe4b8) = 0 <0.000111>
19795 19:04:31.584659 ioctl(4, _IOC(_IOC_NONE, 0x75, 0x30, 0), 0xffffffffe488) = 0 <0.000093>
19795 19:04:31.584886 ioctl(4, _IOC(_IOC_NONE, 0x75, 0x30, 0), 0xffffffffe4b8) = 0 <0.000106>
19795 19:04:31.585059 ioctl(4, _IOC(_IOC_NONE, 0x75, 0x30, 0), 0xffffffffe488) = 0 <0.000093>
19795 19:04:31.585285 ioctl(4, _IOC(_IOC_NONE, 0x75, 0x30, 0), 0xffffffffe4b8) = 0 <0.000109>
19795 19:04:31.585464 ioctl(4, _IOC(_IOC_NONE, 0x75, 0x30, 0), 0xffffffffe488) = 0 <0.000113>
19795 19:04:31.585743 ioctl(4, _IOC(_IOC_NONE, 0x75, 0x30, 0), 0xffffffffe4b8) = 0 <0.000121>
19795 19:04:31.585953 ioctl(4, _IOC(_IOC_NONE, 0x75, 0x30, 0), 0xffffffffe488) = 0 <0.000120>
19795 19:04:31.586299 ioctl(4, _IOC(_IOC_NONE, 0x75, 0x30, 0), 0xffffffffe4b8) = 0 <0.000154>
19795 19:04:31.586584 ioctl(4, _IOC(_IOC_NONE, 0x75, 0x30, 0), 0xffffffffe488) = 0 <0.000136>
19795 19:04:31.586950 ioctl(4, _IOC(_IOC_NONE, 0x75, 0x30, 0), 0xffffffffe4b8) = 0 <0.000120>
19795 19:04:31.587157 ioctl(4, _IOC(_IOC_NONE, 0x75, 0x30, 0), 0xffffffffe488) = 0 <0.000095>
19795 19:04:31.587393 ioctl(4, _IOC(_IOC_NONE, 0x75, 0x30, 0), 0xffffffffe4b8) = 0 <0.000117>
19795 19:04:31.587583 ioctl(4, _IOC(_IOC_NONE, 0x75, 0x30, 0), 0xffffffffe488) = 0 <0.000093>
19795 19:04:31.587815 ioctl(4, _IOC(_IOC_NONE, 0x75, 0x30, 0), 0xffffffffe4b8) = 0 <0.000110>
19795 19:04:31.587992 ioctl(4, _IOC(_IOC_NONE, 0x75, 0x30, 0), 0xffffffffe488) = 0 <0.000097>
19795 19:04:31.588357 brk(0xaaaaada1c000) = 0xaaaaada1c000 <0.000039>
19795 19:04:31.588711 openat(AT_FDCWD, "/etc/ld.so.cache", O_RDONLY|O_CLOEXEC) = 5 <0.000042>
19795 19:04:31.588845 fstat(5, {st_mode=S_IFREG|0644, st_size=60271, ...}) = 0 <0.000020>
19795 19:04:31.588933 mmap(NULL, 60271, PROT_READ, MAP_PRIVATE, 5, 0) = 0xfffff7fe8000 <0.000044>
19795 19:04:31.589030 close(5)          = 0 <0.000020>
19795 19:04:31.589118 openat(AT_FDCWD, "/usr/lib/libNNVXCBinary-evis2.so", O_RDONLY|O_CLOEXEC) = 5 <0.000080>
19795 19:04:31.589267 read(5, "\177ELF\2\1\1\0\0\0\0\0\0\0\0\0\3\0\267\0\1\0\0\0\0\0\0\0\0\0\0\0@\0\0\0\0\0\0\0\350'\214\3\0\0\0\0\0\0\0\0@\08\0\t\0@\0\31\0\30\0\1\0\0\0\5\0\0\0\0\0\0\0\0\0\0\0\0\0\0\0\0\0\0\0\0\0\0\0\0\0\0\0\310\20\0\0\0\0\0\0\310\20\0\0\0\0\0\0\0\0\1\0\0\0\0\0\1\0\0\0\6\0\0\0\230\375\0\0\0\0\0\0\230\375\1\0\0\0\0\0\230\375\1\0\0\0\0\0P)\213\3\0\0\0\0X)\213\3\0\0\0\0\0\0\1\0\0\0\0\0\2\0\0\0\6\0\0\0\250\375\0\0\0\0\0\0\250\375\1\0\0\0\0\0"..., 832) = 832 <0.001421>
19795 19:04:31.590899 fstat(5, {st_mode=S_IFREG|0644, st_size=59518504, ...}) = 0 <0.000023>
19795 19:04:31.591028 mmap(NULL, 59647728, PROT_NONE, MAP_PRIVATE|MAP_ANONYMOUS|MAP_DENYWRITE, -1, 0) = 0xffffdc71d000 <0.000048>
19795 19:04:31.591137 mmap(0xffffdc720000, 59582192, PROT_READ|PROT_EXEC, MAP_PRIVATE|MAP_FIXED|MAP_DENYWRITE, 5, 0) = 0xffffdc720000 <0.000062>
19795 19:04:31.591257 munmap(0xffffdc71d000, 12288) = 0 <0.000028>
19795 19:04:31.591337 munmap(0xffffdfff3000, 50928) = 0 <0.000024>
19795 19:04:31.591410 mprotect(0xffffdc722000, 118784, PROT_NONE) = 0 <0.000069>
19795 19:04:31.591534 mmap(0xffffdc73f000, 59457536, PROT_READ|PROT_WRITE, MAP_PRIVATE|MAP_FIXED|MAP_DENYWRITE, 5, 0xf000) = 0xffffdc73f000 <0.000076>
19795 19:04:31.628198 close(5)          = 0 <0.000041>
19795 19:04:31.628496 mprotect(0xffffdc73f000, 4096, PROT_READ) = 0 <0.000081>
19795 19:04:31.628707 munmap(0xfffff7fe8000, 60271) = 0 <0.000068>
19795 19:04:31.659766 brk(0xaaaaadb7c000) = 0xaaaaadb7c000 <0.000042>
19795 19:04:31.950096 ioctl(4, _IOC(_IOC_NONE, 0x75, 0x30, 0), 0xffffffffddf8) = 0 <0.000505>
19795 19:04:31.950769 ioctl(4, _IOC(_IOC_NONE, 0x75, 0x30, 0), 0xffffffffddc8) = 0 <0.000140>
19795 19:04:31.951207 ioctl(4, _IOC(_IOC_NONE, 0x75, 0x30, 0), 0xffffffffddf8) = 0 <0.000158>
19795 19:04:31.951442 ioctl(4, _IOC(_IOC_NONE, 0x75, 0x30, 0), 0xffffffffddc8) = 0 <0.000140>
19795 19:04:31.951836 ioctl(4, _IOC(_IOC_NONE, 0x75, 0x30, 0), 0xffffffffddf8) = 0 <0.000161>
19795 19:04:31.952077 ioctl(4, _IOC(_IOC_NONE, 0x75, 0x30, 0), 0xffffffffddc8) = 0 <0.000143>
19795 19:04:31.952430 brk(0xaaaaadb9d000) = 0xaaaaadb9d000 <0.000048>
19795 19:04:31.952607 ioctl(4, _IOC(_IOC_NONE, 0x75, 0x30, 0), 0xffffffffddf8) = 0 <0.000159>
19795 19:04:31.952840 ioctl(4, _IOC(_IOC_NONE, 0x75, 0x30, 0), 0xffffffffddc8) = 0 <0.000151>
19795 19:04:31.953261 ioctl(4, _IOC(_IOC_NONE, 0x75, 0x30, 0), 0xffffffffddf8) = 0 <0.000152>
19795 19:04:31.953490 ioctl(4, _IOC(_IOC_NONE, 0x75, 0x30, 0), 0xffffffffddc8) = 0 <0.000203>
19795 19:04:31.954007 ioctl(4, _IOC(_IOC_NONE, 0x75, 0x30, 0), 0xffffffffddf8) = 0 <0.000155>
19795 19:04:31.954262 ioctl(4, _IOC(_IOC_NONE, 0x75, 0x30, 0), 0xffffffffddc8) = 0 <0.000125>
19795 19:04:31.954644 brk(0xaaaaadbbe000) = 0xaaaaadbbe000 <0.000052>
19795 19:04:31.954828 ioctl(4, _IOC(_IOC_NONE, 0x75, 0x30, 0), 0xffffffffddf8) = 0 <0.000158>
19795 19:04:31.955073 ioctl(4, _IOC(_IOC_NONE, 0x75, 0x30, 0), 0xffffffffddc8) = 0 <0.000129>
19795 19:04:31.955501 ioctl(4, _IOC(_IOC_NONE, 0x75, 0x30, 0), 0xffffffffddf8) = 0 <0.000168>
19795 19:04:31.955757 ioctl(4, _IOC(_IOC_NONE, 0x75, 0x30, 0), 0xffffffffddc8) = 0 <0.000127>
19795 19:04:31.956178 ioctl(4, _IOC(_IOC_NONE, 0x75, 0x30, 0), 0xffffffffddf8) = 0 <0.000153>
19795 19:04:31.956420 ioctl(4, _IOC(_IOC_NONE, 0x75, 0x30, 0), 0xffffffffddc8) = 0 <0.000133>
19795 19:04:31.956792 brk(0xaaaaadbdf000) = 0xaaaaadbdf000 <0.000043>
19795 19:04:31.957011 ioctl(4, _IOC(_IOC_NONE, 0x75, 0x30, 0), 0xffffffffddf8) = 0 <0.000154>
19795 19:04:31.957252 ioctl(4, _IOC(_IOC_NONE, 0x75, 0x30, 0), 0xffffffffddc8) = 0 <0.000135>
19795 19:04:31.957922 ioctl(4, _IOC(_IOC_NONE, 0x75, 0x30, 0), 0xffffffffddf8) = 0 <0.000230>
19795 19:04:31.958284 ioctl(4, _IOC(_IOC_NONE, 0x75, 0x30, 0), 0xffffffffddc8) = 0 <0.000138>
19795 19:04:31.958859 brk(0xaaaaadc00000) = 0xaaaaadc00000 <0.000054>
19795 19:04:31.959082 ioctl(4, _IOC(_IOC_NONE, 0x75, 0x30, 0), 0xffffffffddf8) = 0 <0.000202>
19795 19:04:31.959414 ioctl(4, _IOC(_IOC_NONE, 0x75, 0x30, 0), 0xffffffffddc8) = 0 <0.000160>
19795 19:04:31.959998 ioctl(4, _IOC(_IOC_NONE, 0x75, 0x30, 0), 0xffffffffddf8) = 0 <0.000178>
19795 19:04:31.960292 ioctl(4, _IOC(_IOC_NONE, 0x75, 0x30, 0), 0xffffffffddc8) = 0 <0.000137>
19795 19:04:31.960702 ioctl(4, _IOC(_IOC_NONE, 0x75, 0x30, 0), 0xffffffffddf8) = 0 <0.000127>
19795 19:04:31.960903 ioctl(4, _IOC(_IOC_NONE, 0x75, 0x30, 0), 0xffffffffddc8) = 0 <0.000089>
19795 19:04:31.961175 ioctl(4, _IOC(_IOC_NONE, 0x75, 0x30, 0), 0xffffffffddf8) = 0 <0.000104>
19795 19:04:31.961339 ioctl(4, _IOC(_IOC_NONE, 0x75, 0x30, 0), 0xffffffffddc8) = 0 <0.000085>
19795 19:04:31.961512 brk(0xaaaaadc21000) = 0xaaaaadc21000 <0.000066>
19795 19:04:31.961768 ioctl(4, _IOC(_IOC_NONE, 0x75, 0x30, 0), 0xffffffffddf8) = 0 <0.000113>
19795 19:04:31.961950 ioctl(4, _IOC(_IOC_NONE, 0x75, 0x30, 0), 0xffffffffddc8) = 0 <0.000082>
19795 19:04:31.962225 ioctl(4, _IOC(_IOC_NONE, 0x75, 0x30, 0), 0xffffffffddf8) = 0 <0.000101>
19795 19:04:31.962386 ioctl(4, _IOC(_IOC_NONE, 0x75, 0x30, 0), 0xffffffffddc8) = 0 <0.000084>
19795 19:04:31.962714 ioctl(4, _IOC(_IOC_NONE, 0x75, 0x30, 0), 0xffffffffddf8) = 0 <0.000106>
19795 19:04:31.962881 ioctl(4, _IOC(_IOC_NONE, 0x75, 0x30, 0), 0xffffffffddc8) = 0 <0.000089>
19795 19:04:31.963105 brk(0xaaaaadc42000) = 0xaaaaadc42000 <0.000037>
19795 19:04:31.963306 ioctl(4, _IOC(_IOC_NONE, 0x75, 0x30, 0), 0xffffffffddf8) = 0 <0.000116>
19795 19:04:31.963483 ioctl(4, _IOC(_IOC_NONE, 0x75, 0x30, 0), 0xffffffffddc8) = 0 <0.000084>
19795 19:04:31.963826 ioctl(4, _IOC(_IOC_NONE, 0x75, 0x30, 0), 0xffffffffddf8) = 0 <0.000103>
19795 19:04:31.963997 ioctl(4, _IOC(_IOC_NONE, 0x75, 0x30, 0), 0xffffffffddc8) = 0 <0.000086>
19795 19:04:31.964283 brk(0xaaaaadc63000) = 0xaaaaadc63000 <0.000032>
19795 19:04:31.964438 ioctl(4, _IOC(_IOC_NONE, 0x75, 0x30, 0), 0xffffffffddf8) = 0 <0.000108>
19795 19:04:31.964607 ioctl(4, _IOC(_IOC_NONE, 0x75, 0x30, 0), 0xffffffffddc8) = 0 <0.000092>
19795 19:04:31.964909 ioctl(4, _IOC(_IOC_NONE, 0x75, 0x30, 0), 0xffffffffddf8) = 0 <0.000102>
19795 19:04:31.965069 ioctl(4, _IOC(_IOC_NONE, 0x75, 0x30, 0), 0xffffffffddc8) = 0 <0.000085>
19795 19:04:31.965367 ioctl(4, _IOC(_IOC_NONE, 0x75, 0x30, 0), 0xffffffffddf8) = 0 <0.000105>
19795 19:04:31.965534 ioctl(4, _IOC(_IOC_NONE, 0x75, 0x30, 0), 0xffffffffddc8) = 0 <0.000122>
19795 19:04:31.966022 brk(0xaaaaadc84000) = 0xaaaaadc84000 <0.000095>
19795 19:04:31.966301 ioctl(4, _IOC(_IOC_NONE, 0x75, 0x30, 0), 0xffffffffddf8) = 0 <0.000158>
19795 19:04:31.966567 ioctl(4, _IOC(_IOC_NONE, 0x75, 0x30, 0), 0xffffffffddc8) = 0 <0.000123>
19795 19:04:31.967082 ioctl(4, _IOC(_IOC_NONE, 0x75, 0x30, 0), 0xffffffffddf8) = 0 <0.000156>
19795 19:04:31.967334 ioctl(4, _IOC(_IOC_NONE, 0x75, 0x30, 0), 0xffffffffddc8) = 0 <0.000114>
19795 19:04:31.967767 ioctl(4, _IOC(_IOC_NONE, 0x75, 0x30, 0), 0xffffffffddf8) = 0 <0.000129>
19795 19:04:31.968001 ioctl(4, _IOC(_IOC_NONE, 0x75, 0x30, 0), 0xffffffffddc8) = 0 <0.000092>
19795 19:04:31.968264 brk(0xaaaaadca5000) = 0xaaaaadca5000 <0.000037>
19795 19:04:31.968430 ioctl(4, _IOC(_IOC_NONE, 0x75, 0x30, 0), 0xffffffffddf8) = 0 <0.000108>
19795 19:04:31.968600 ioctl(4, _IOC(_IOC_NONE, 0x75, 0x30, 0), 0xffffffffddc8) = 0 <0.000088>
19795 19:04:31.968898 ioctl(4, _IOC(_IOC_NONE, 0x75, 0x30, 0), 0xffffffffddf8) = 0 <0.000107>
19795 19:04:31.969070 ioctl(4, _IOC(_IOC_NONE, 0x75, 0x30, 0), 0xffffffffddc8) = 0 <0.000087>
19795 19:04:31.969391 ioctl(4, _IOC(_IOC_NONE, 0x75, 0x30, 0), 0xffffffffddf8) = 0 <0.000107>
19795 19:04:31.969558 ioctl(4, _IOC(_IOC_NONE, 0x75, 0x30, 0), 0xffffffffddc8) = 0 <0.000122>
19795 19:04:31.969960 brk(0xaaaaadcc8000) = 0xaaaaadcc8000 <0.000047>
19795 19:04:31.970244 ioctl(4, _IOC(_IOC_NONE, 0x75, 0x30, 0), 0xffffffffddf8) = 0 <0.000158>
19795 19:04:31.970528 ioctl(4, _IOC(_IOC_NONE, 0x75, 0x30, 0), 0xffffffffddc8) = 0 <0.000102>
19795 19:04:31.970904 ioctl(4, _IOC(_IOC_NONE, 0x75, 0x30, 0), 0xffffffffddf8) = 0 <0.000127>
19795 19:04:31.971102 ioctl(4, _IOC(_IOC_NONE, 0x75, 0x30, 0), 0xffffffffddc8) = 0 <0.000088>
19795 19:04:31.971437 ioctl(4, _IOC(_IOC_NONE, 0x75, 0x30, 0), 0xffffffffddf8) = 0 <0.000108>
19795 19:04:31.971608 ioctl(4, _IOC(_IOC_NONE, 0x75, 0x30, 0), 0xffffffffddc8) = 0 <0.000087>
19795 19:04:31.971816 brk(0xaaaaadce9000) = 0xaaaaadce9000 <0.000036>
19795 19:04:31.972034 ioctl(4, _IOC(_IOC_NONE, 0x75, 0x30, 0), 0xffffffffddf8) = 0 <0.000108>
19795 19:04:31.972201 ioctl(4, _IOC(_IOC_NONE, 0x75, 0x30, 0), 0xffffffffddc8) = 0 <0.000087>
19795 19:04:31.972465 ioctl(4, _IOC(_IOC_NONE, 0x75, 0x30, 0), 0xffffffffddf8) = 0 <0.000106>
19795 19:04:31.972632 ioctl(4, _IOC(_IOC_NONE, 0x75, 0x30, 0), 0xffffffffddc8) = 0 <0.000084>
19795 19:04:31.972891 ioctl(4, _IOC(_IOC_NONE, 0x75, 0x30, 0), 0xffffffffddf8) = 0 <0.000102>
19795 19:04:31.973053 ioctl(4, _IOC(_IOC_NONE, 0x75, 0x30, 0), 0xffffffffddc8) = 0 <0.000084>
19795 19:04:31.973294 brk(0xaaaaadd0a000) = 0xaaaaadd0a000 <0.000036>
19795 19:04:31.973407 ioctl(4, _IOC(_IOC_NONE, 0x75, 0x30, 0), 0xffffffffddf8) = 0 <0.000104>
19795 19:04:31.973599 ioctl(4, _IOC(_IOC_NONE, 0x75, 0x30, 0), 0xffffffffddc8) = 0 <0.000150>
19795 19:04:31.974059 ioctl(4, _IOC(_IOC_NONE, 0x75, 0x30, 0), 0xffffffffddf8) = 0 <0.000135>
19795 19:04:31.974300 ioctl(4, _IOC(_IOC_NONE, 0x75, 0x30, 0), 0xffffffffddc8) = 0 <0.000104>
19795 19:04:31.974701 ioctl(4, _IOC(_IOC_NONE, 0x75, 0x30, 0), 0xffffffffddf8) = 0 <0.000131>
19795 19:04:31.974916 ioctl(4, _IOC(_IOC_NONE, 0x75, 0x30, 0), 0xffffffffddc8) = 0 <0.000096>
19795 19:04:31.975245 brk(0xaaaaadd2b000) = 0xaaaaadd2b000 <0.000037>
19795 19:04:31.975380 ioctl(4, _IOC(_IOC_NONE, 0x75, 0x30, 0), 0xffffffffddf8) = 0 <0.000117>
19795 19:04:31.975558 ioctl(4, _IOC(_IOC_NONE, 0x75, 0x30, 0), 0xffffffffddc8) = 0 <0.000091>
19795 19:04:31.975901 ioctl(4, _IOC(_IOC_NONE, 0x75, 0x30, 0), 0xffffffffddf8) = 0 <0.000116>
19795 19:04:31.976084 ioctl(4, _IOC(_IOC_NONE, 0x75, 0x30, 0), 0xffffffffddc8) = 0 <0.000092>
19795 19:04:31.976442 ioctl(4, _IOC(_IOC_NONE, 0x75, 0x30, 0), 0xffffffffddf8) = 0 <0.000109>
19795 19:04:31.976620 ioctl(4, _IOC(_IOC_NONE, 0x75, 0x30, 0), 0xffffffffddc8) = 0 <0.000089>
19795 19:04:31.976868 brk(0xaaaaadd4c000) = 0xaaaaadd4c000 <0.000036>
19795 19:04:31.977009 ioctl(4, _IOC(_IOC_NONE, 0x75, 0x30, 0), 0xffffffffddf8) = 0 <0.000108>
19795 19:04:31.977176 ioctl(4, _IOC(_IOC_NONE, 0x75, 0x30, 0), 0xffffffffddc8) = 0 <0.000086>
19795 19:04:31.977469 ioctl(4, _IOC(_IOC_NONE, 0x75, 0x30, 0), 0xffffffffddf8) = 0 <0.000148>
19795 19:04:31.977772 ioctl(4, _IOC(_IOC_NONE, 0x75, 0x30, 0), 0xffffffffddc8) = 0 <0.000188>
19795 19:04:31.978324 ioctl(4, _IOC(_IOC_NONE, 0x75, 0x30, 0), 0xffffffffddf8) = 0 <0.000168>
19795 19:04:31.978621 ioctl(4, _IOC(_IOC_NONE, 0x75, 0x30, 0), 0xffffffffddc8) = 0 <0.000129>
19795 19:04:31.979060 brk(0xaaaaadd6d000) = 0xaaaaadd6d000 <0.000052>
19795 19:04:31.979299 ioctl(4, _IOC(_IOC_NONE, 0x75, 0x30, 0), 0xffffffffddf8) = 0 <0.000146>
19795 19:04:31.979538 ioctl(4, _IOC(_IOC_NONE, 0x75, 0x30, 0), 0xffffffffddc8) = 0 <0.000111>
19795 19:04:31.979942 ioctl(4, _IOC(_IOC_NONE, 0x75, 0x30, 0), 0xffffffffddf8) = 0 <0.000132>
19795 19:04:31.980153 ioctl(4, _IOC(_IOC_NONE, 0x75, 0x30, 0), 0xffffffffddc8) = 0 <0.000096>
19795 19:04:31.980545 ioctl(4, _IOC(_IOC_NONE, 0x75, 0x30, 0), 0xffffffffddf8) = 0 <0.000136>
19795 19:04:31.980770 ioctl(4, _IOC(_IOC_NONE, 0x75, 0x30, 0), 0xffffffffddc8) = 0 <0.000088>
19795 19:04:31.981038 brk(0xaaaaadd8e000) = 0xaaaaadd8e000 <0.000037>
19795 19:04:31.981164 ioctl(4, _IOC(_IOC_NONE, 0x75, 0x30, 0), 0xffffffffddf8) = 0 <0.000109>
19795 19:04:31.981331 ioctl(4, _IOC(_IOC_NONE, 0x75, 0x30, 0), 0xffffffffddc8) = 0 <0.000084>
19795 19:04:31.981627 ioctl(4, _IOC(_IOC_NONE, 0x75, 0x30, 0), 0xffffffffddf8) = 0 <0.000169>
19795 19:04:31.981980 ioctl(4, _IOC(_IOC_NONE, 0x75, 0x30, 0), 0xffffffffddc8) = 0 <0.000135>
19795 19:04:31.982425 ioctl(4, _IOC(_IOC_NONE, 0x75, 0x30, 0), 0xffffffffddf8) = 0 <0.000178>
19795 19:04:31.982719 ioctl(4, _IOC(_IOC_NONE, 0x75, 0x30, 0), 0xffffffffddc8) = 0 <0.000142>
19795 19:04:31.983152 ioctl(4, _IOC(_IOC_NONE, 0x75, 0x30, 0), 0xffffffffddf8) = 0 <0.000161>
19795 19:04:31.983439 ioctl(4, _IOC(_IOC_NONE, 0x75, 0x30, 0), 0xffffffffddc8) = 0 <0.000126>
19795 19:04:31.983779 brk(0xaaaaaddaf000) = 0xaaaaaddaf000 <0.000039>
19795 19:04:31.983888 ioctl(4, _IOC(_IOC_NONE, 0x75, 0x30, 0), 0xffffffffddf8) = 0 <0.000119>
19795 19:04:31.984070 ioctl(4, _IOC(_IOC_NONE, 0x75, 0x30, 0), 0xffffffffddc8) = 0 <0.000092>
19795 19:04:31.984362 ioctl(4, _IOC(_IOC_NONE, 0x75, 0x30, 0), 0xffffffffddf8) = 0 <0.000140>
19795 19:04:31.984563 ioctl(4, _IOC(_IOC_NONE, 0x75, 0x30, 0), 0xffffffffddc8) = 0 <0.000094>
19795 19:04:31.984822 ioctl(4, _IOC(_IOC_NONE, 0x75, 0x30, 0), 0xffffffffddf8) = 0 <0.000101>
19795 19:04:31.984981 ioctl(4, _IOC(_IOC_NONE, 0x75, 0x30, 0), 0xffffffffddc8) = 0 <0.000088>
19795 19:04:31.985238 ioctl(4, _IOC(_IOC_NONE, 0x75, 0x30, 0), 0xffffffffddf8) = 0 <0.000104>
19795 19:04:31.985400 ioctl(4, _IOC(_IOC_NONE, 0x75, 0x30, 0), 0xffffffffddc8) = 0 <0.000084>
19795 19:04:31.985839 ioctl(4, _IOC(_IOC_NONE, 0x75, 0x30, 0), 0xffffffffddf8) = 0 <0.000159>
19795 19:04:31.986119 ioctl(4, _IOC(_IOC_NONE, 0x75, 0x30, 0), 0xffffffffddc8) = 0 <0.000136>
19795 19:04:31.986397 brk(0xaaaaaddd0000) = 0xaaaaaddd0000 <0.000054>
19795 19:04:31.986811 ioctl(4, _IOC(_IOC_NONE, 0x75, 0x30, 0), 0xffffffffddf8) = 0 <0.000162>
19795 19:04:31.987074 ioctl(4, _IOC(_IOC_NONE, 0x75, 0x30, 0), 0xffffffffddc8) = 0 <0.000109>
19795 19:04:31.987485 ioctl(4, _IOC(_IOC_NONE, 0x75, 0x30, 0), 0xffffffffddf8) = 0 <0.000146>
19795 19:04:31.987713 ioctl(4, _IOC(_IOC_NONE, 0x75, 0x30, 0), 0xffffffffddc8) = 0 <0.000106>
19795 19:04:31.988094 brk(0xaaaaaddf1000) = 0xaaaaaddf1000 <0.000049>
19795 19:04:31.988233 ioctl(4, _IOC(_IOC_NONE, 0x75, 0x30, 0), 0xffffffffddf8) = 0 <0.000136>
19795 19:04:31.988452 ioctl(4, _IOC(_IOC_NONE, 0x75, 0x30, 0), 0xffffffffddc8) = 0 <0.000114>
19795 19:04:31.988835 ioctl(4, _IOC(_IOC_NONE, 0x75, 0x30, 0), 0xffffffffddf8) = 0 <0.000133>
19795 19:04:31.989049 ioctl(4, _IOC(_IOC_NONE, 0x75, 0x30, 0), 0xffffffffddc8) = 0 <0.000106>
19795 19:04:31.989438 ioctl(4, _IOC(_IOC_NONE, 0x75, 0x30, 0), 0xffffffffddf8) = 0 <0.000178>
19795 19:04:31.989719 ioctl(4, _IOC(_IOC_NONE, 0x75, 0x30, 0), 0xffffffffddc8) = 0 <0.000123>
19795 19:04:31.990151 brk(0xaaaaade12000) = 0xaaaaade12000 <0.000061>
19795 19:04:31.990376 ioctl(4, _IOC(_IOC_NONE, 0x75, 0x30, 0), 0xffffffffddf8) = 0 <0.000180>
19795 19:04:31.990656 ioctl(4, _IOC(_IOC_NONE, 0x75, 0x30, 0), 0xffffffffddc8) = 0 <0.000130>
19795 19:04:31.991159 ioctl(4, _IOC(_IOC_NONE, 0x75, 0x30, 0), 0xffffffffddf8) = 0 <0.000133>
19795 19:04:31.991377 ioctl(4, _IOC(_IOC_NONE, 0x75, 0x30, 0), 0xffffffffddc8) = 0 <0.000094>
19795 19:04:31.991702 ioctl(4, _IOC(_IOC_NONE, 0x75, 0x30, 0), 0xffffffffddf8) = 0 <0.000113>
19795 19:04:31.991880 ioctl(4, _IOC(_IOC_NONE, 0x75, 0x30, 0), 0xffffffffddc8) = 0 <0.000087>
19795 19:04:31.992177 ioctl(4, _IOC(_IOC_NONE, 0x75, 0x30, 0), 0xffffffffddf8) = 0 <0.000110>
19795 19:04:31.992349 ioctl(4, _IOC(_IOC_NONE, 0x75, 0x30, 0), 0xffffffffddc8) = 0 <0.000085>
19795 19:04:31.992554 brk(0xaaaaade33000) = 0xaaaaade33000 <0.000036>
19795 19:04:31.992773 ioctl(4, _IOC(_IOC_NONE, 0x75, 0x30, 0), 0xffffffffddf8) = 0 <0.000114>
19795 19:04:31.992949 ioctl(4, _IOC(_IOC_NONE, 0x75, 0x30, 0), 0xffffffffddc8) = 0 <0.000086>
19795 19:04:31.993283 ioctl(4, _IOC(_IOC_NONE, 0x75, 0x30, 0), 0xffffffffddf8) = 0 <0.000110>
19795 19:04:31.993456 ioctl(4, _IOC(_IOC_NONE, 0x75, 0x30, 0), 0xffffffffddc8) = 0 <0.000086>
19795 19:04:31.993979 brk(0xaaaaade54000) = 0xaaaaade54000 <0.000050>
19795 19:04:31.994216 ioctl(4, _IOC(_IOC_NONE, 0x75, 0x30, 0), 0xffffffffddf8) = 0 <0.000145>
19795 19:04:31.994463 ioctl(4, _IOC(_IOC_NONE, 0x75, 0x30, 0), 0xffffffffddc8) = 0 <0.000099>
19795 19:04:32.303384 ioctl(4, _IOC(_IOC_NONE, 0x75, 0x30, 0), 0xffffffffdac8) = 0 <0.000515>
19795 19:04:32.304113 ioctl(4, _IOC(_IOC_NONE, 0x75, 0x30, 0), 0xffffffffda98) = 0 <0.000153>
19795 19:04:32.304464 ioctl(4, _IOC(_IOC_NONE, 0x75, 0x30, 0), 0xffffffffdac8) = 0 <0.000159>
19795 19:04:32.304707 ioctl(4, _IOC(_IOC_NONE, 0x75, 0x30, 0), 0xffffffffda98) = 0 <0.000147>
19795 19:04:32.305084 ioctl(4, _IOC(_IOC_NONE, 0x75, 0x30, 0), 0xffffffffdac8) = 0 <0.000162>
19795 19:04:32.305326 ioctl(4, _IOC(_IOC_NONE, 0x75, 0x30, 0), 0xffffffffda98) = 0 <0.000150>
19795 19:04:32.305764 ioctl(4, _IOC(_IOC_NONE, 0x75, 0x30, 0), 0xffffffffdac8) = 0 <0.000155>
19795 19:04:32.306034 ioctl(4, _IOC(_IOC_NONE, 0x75, 0x30, 0), 0xffffffffda98) = 0 <0.000501>
19795 19:04:32.306931 brk(0xaaaaade75000) = 0xaaaaade75000 <0.000122>
19795 19:04:32.307556 ioctl(4, _IOC(_IOC_NONE, 0x75, 0x30, 0), 0xffffffffdac8) = 0 <0.000423>
19795 19:04:32.308148 ioctl(4, _IOC(_IOC_NONE, 0x75, 0x30, 0), 0xffffffffda98) = 0 <0.000378>
19795 19:04:32.309270 ioctl(4, _IOC(_IOC_NONE, 0x75, 0x30, 0), 0xffffffffdac8) = 0 <0.000492>
19795 19:04:32.310310 ioctl(4, _IOC(_IOC_NONE, 0x75, 0x30, 0), 0xffffffffda98) = 0 <0.000444>
19795 19:04:32.311399 ioctl(4, _IOC(_IOC_NONE, 0x75, 0x30, 0), 0xffffffffdac8) = 0 <0.000383>
19795 19:04:32.311982 ioctl(4, _IOC(_IOC_NONE, 0x75, 0x30, 0), 0xffffffffda98) = 0 <0.000306>
19795 19:04:32.313043 ioctl(4, _IOC(_IOC_NONE, 0x75, 0x30, 0), 0xffffffffdac8) = 0 <0.000685>
19795 19:04:32.313941 ioctl(4, _IOC(_IOC_NONE, 0x75, 0x30, 0), 0xffffffffda98) = 0 <0.000268>
19795 19:04:32.314505 brk(0xaaaaade96000) = 0xaaaaade96000 <0.000123>
19795 19:04:32.315070 ioctl(4, _IOC(_IOC_NONE, 0x75, 0x30, 0), 0xffffffffdac8) = 0 <0.000260>
19795 19:04:32.315449 ioctl(4, _IOC(_IOC_NONE, 0x75, 0x30, 0), 0xffffffffda98) = 0 <0.000105>
19795 19:04:32.315782 ioctl(4, _IOC(_IOC_NONE, 0x75, 0x30, 0), 0xffffffffdac8) = 0 <0.000142>
19795 19:04:32.316000 ioctl(4, _IOC(_IOC_NONE, 0x75, 0x30, 0), 0xffffffffda98) = 0 <0.000098>
19795 19:04:32.316311 ioctl(4, _IOC(_IOC_NONE, 0x75, 0x30, 0), 0xffffffffdac8) = 0 <0.000126>
19795 19:04:32.316506 ioctl(4, _IOC(_IOC_NONE, 0x75, 0x30, 0), 0xffffffffda98) = 0 <0.000099>
19795 19:04:32.316785 brk(0xaaaaadeb7000) = 0xaaaaadeb7000 <0.000040>
19795 19:04:32.316913 ioctl(4, _IOC(_IOC_NONE, 0x75, 0x30, 0), 0xffffffffdac8) = 0 <0.000116>
19795 19:04:32.317094 ioctl(4, _IOC(_IOC_NONE, 0x75, 0x30, 0), 0xffffffffda98) = 0 <0.000097>
19795 19:04:32.317405 ioctl(4, _IOC(_IOC_NONE, 0x75, 0x30, 0), 0xffffffffdac8) = 0 <0.000119>
19795 19:04:32.317627 ioctl(4, _IOC(_IOC_NONE, 0x75, 0x30, 0), 0xffffffffda98) = 0 <0.000102>
19795 19:04:32.317972 ioctl(4, _IOC(_IOC_NONE, 0x75, 0x30, 0), 0xffffffffdac8) = 0 <0.000126>
19795 19:04:32.318171 ioctl(4, _IOC(_IOC_NONE, 0x75, 0x30, 0), 0xffffffffda98) = 0 <0.000098>
19795 19:04:32.318469 ioctl(4, _IOC(_IOC_NONE, 0x75, 0x30, 0), 0xffffffffdac8) = 0 <0.000114>
19795 19:04:32.318649 ioctl(4, _IOC(_IOC_NONE, 0x75, 0x30, 0), 0xffffffffda98) = 0 <0.000096>
19795 19:04:32.318901 brk(0xaaaaaded8000) = 0xaaaaaded8000 <0.000040>
19795 19:04:32.319056 ioctl(4, _IOC(_IOC_NONE, 0x75, 0x30, 0), 0xffffffffdac8) = 0 <0.000120>
19795 19:04:32.319241 ioctl(4, _IOC(_IOC_NONE, 0x75, 0x30, 0), 0xffffffffda98) = 0 <0.000098>
19795 19:04:32.319540 ioctl(4, _IOC(_IOC_NONE, 0x75, 0x30, 0), 0xffffffffdac8) = 0 <0.000118>
19795 19:04:32.319725 ioctl(4, _IOC(_IOC_NONE, 0x75, 0x30, 0), 0xffffffffda98) = 0 <0.000106>
19795 19:04:32.320035 ioctl(4, _IOC(_IOC_NONE, 0x75, 0x30, 0), 0xffffffffdac8) = 0 <0.000122>
19795 19:04:32.320220 ioctl(4, _IOC(_IOC_NONE, 0x75, 0x30, 0), 0xffffffffda98) = 0 <0.000100>
19795 19:04:32.320527 ioctl(4, _IOC(_IOC_NONE, 0x75, 0x30, 0), 0xffffffffdac8) = 0 <0.000112>
19795 19:04:32.320707 ioctl(4, _IOC(_IOC_NONE, 0x75, 0x30, 0), 0xffffffffda98) = 0 <0.000094>
19795 19:04:32.320900 brk(0xaaaaadef9000) = 0xaaaaadef9000 <0.000040>
19795 19:04:32.321111 ioctl(4, _IOC(_IOC_NONE, 0x75, 0x30, 0), 0xffffffffdac8) = 0 <0.000117>
19795 19:04:32.321295 ioctl(4, _IOC(_IOC_NONE, 0x75, 0x30, 0), 0xffffffffda98) = 0 <0.000098>
19795 19:04:32.321679 ioctl(4, _IOC(_IOC_NONE, 0x75, 0x30, 0), 0xffffffffdac8) = 0 <0.000132>
19795 19:04:32.321913 ioctl(4, _IOC(_IOC_NONE, 0x75, 0x30, 0), 0xffffffffda98) = 0 <0.000096>
19795 19:04:32.322198 ioctl(4, _IOC(_IOC_NONE, 0x75, 0x30, 0), 0xffffffffdac8) = 0 <0.000118>
19795 19:04:32.322385 ioctl(4, _IOC(_IOC_NONE, 0x75, 0x30, 0), 0xffffffffda98) = 0 <0.000093>
19795 19:04:32.322670 ioctl(4, _IOC(_IOC_NONE, 0x75, 0x30, 0), 0xffffffffdac8) = 0 <0.000119>
19795 19:04:32.322857 ioctl(4, _IOC(_IOC_NONE, 0x75, 0x30, 0), 0xffffffffda98) = 0 <0.000090>
19795 19:04:32.323034 brk(0xaaaaadf1a000) = 0xaaaaadf1a000 <0.000041>
19795 19:04:32.323248 ioctl(4, _IOC(_IOC_NONE, 0x75, 0x30, 0), 0xffffffffdac8) = 0 <0.000131>
19795 19:04:32.323445 ioctl(4, _IOC(_IOC_NONE, 0x75, 0x30, 0), 0xffffffffda98) = 0 <0.000092>
19795 19:04:32.323748 ioctl(4, _IOC(_IOC_NONE, 0x75, 0x30, 0), 0xffffffffdac8) = 0 <0.000191>
19795 19:04:32.324020 ioctl(4, _IOC(_IOC_NONE, 0x75, 0x30, 0), 0xffffffffda98) = 0 <0.000127>
19795 19:04:32.324458 ioctl(4, _IOC(_IOC_NONE, 0x75, 0x30, 0), 0xffffffffdac8) = 0 <0.000114>
19795 19:04:32.324640 ioctl(4, _IOC(_IOC_NONE, 0x75, 0x30, 0), 0xffffffffda98) = 0 <0.000089>
19795 19:04:32.324922 ioctl(4, _IOC(_IOC_NONE, 0x75, 0x30, 0), 0xffffffffdac8) = 0 <0.000108>
19795 19:04:32.325091 ioctl(4, _IOC(_IOC_NONE, 0x75, 0x30, 0), 0xffffffffda98) = 0 <0.000085>
19795 19:04:32.325275 brk(0xaaaaadf3b000) = 0xaaaaadf3b000 <0.000035>
19795 19:04:32.325441 ioctl(4, _IOC(_IOC_NONE, 0x75, 0x30, 0), 0xffffffffdac8) = 0 <0.000138>
19795 19:04:32.325666 ioctl(4, _IOC(_IOC_NONE, 0x75, 0x30, 0), 0xffffffffda98) = 0 <0.000090>
19795 19:04:32.325946 ioctl(4, _IOC(_IOC_NONE, 0x75, 0x30, 0), 0xffffffffdac8) = 0 <0.000120>
19795 19:04:32.326129 ioctl(4, _IOC(_IOC_NONE, 0x75, 0x30, 0), 0xffffffffda98) = 0 <0.000087>
19795 19:04:32.326390 ioctl(4, _IOC(_IOC_NONE, 0x75, 0x30, 0), 0xffffffffdac8) = 0 <0.000105>
19795 19:04:32.326558 ioctl(4, _IOC(_IOC_NONE, 0x75, 0x30, 0), 0xffffffffda98) = 0 <0.000085>
19795 19:04:32.326812 ioctl(4, _IOC(_IOC_NONE, 0x75, 0x30, 0), 0xffffffffdac8) = 0 <0.000106>
19795 19:04:32.326979 ioctl(4, _IOC(_IOC_NONE, 0x75, 0x30, 0), 0xffffffffda98) = 0 <0.000085>
19795 19:04:32.327189 brk(0xaaaaadf5c000) = 0xaaaaadf5c000 <0.000038>
19795 19:04:32.327345 ioctl(4, _IOC(_IOC_NONE, 0x75, 0x30, 0), 0xffffffffdac8) = 0 <0.000125>
19795 19:04:32.327543 ioctl(4, _IOC(_IOC_NONE, 0x75, 0x30, 0), 0xffffffffda98) = 0 <0.000089>
19795 19:04:32.327827 ioctl(4, _IOC(_IOC_NONE, 0x75, 0x30, 0), 0xffffffffdac8) = 0 <0.000110>
19795 19:04:32.328001 ioctl(4, _IOC(_IOC_NONE, 0x75, 0x30, 0), 0xffffffffda98) = 0 <0.000092>
19795 19:04:32.328277 ioctl(4, _IOC(_IOC_NONE, 0x75, 0x30, 0), 0xffffffffdac8) = 0 <0.000114>
19795 19:04:32.328453 ioctl(4, _IOC(_IOC_NONE, 0x75, 0x30, 0), 0xffffffffda98) = 0 <0.000089>
19795 19:04:32.328726 ioctl(4, _IOC(_IOC_NONE, 0x75, 0x30, 0), 0xffffffffdac8) = 0 <0.000110>
19795 19:04:32.328897 ioctl(4, _IOC(_IOC_NONE, 0x75, 0x30, 0), 0xffffffffda98) = 0 <0.000083>
19795 19:04:32.329098 brk(0xaaaaadf7d000) = 0xaaaaadf7d000 <0.000036>
19795 19:04:32.329263 ioctl(4, _IOC(_IOC_NONE, 0x75, 0x30, 0), 0xffffffffdac8) = 0 <0.000107>
19795 19:04:32.329431 ioctl(4, _IOC(_IOC_NONE, 0x75, 0x30, 0), 0xffffffffda98) = 0 <0.000086>
19795 19:04:32.329746 ioctl(4, _IOC(_IOC_NONE, 0x75, 0x30, 0), 0xffffffffdac8) = 0 <0.000118>
19795 19:04:32.329953 ioctl(4, _IOC(_IOC_NONE, 0x75, 0x30, 0), 0xffffffffda98) = 0 <0.000086>
19795 19:04:32.330224 ioctl(4, _IOC(_IOC_NONE, 0x75, 0x30, 0), 0xffffffffdac8) = 0 <0.000109>
19795 19:04:32.330397 ioctl(4, _IOC(_IOC_NONE, 0x75, 0x30, 0), 0xffffffffda98) = 0 <0.000084>
19795 19:04:32.330668 ioctl(4, _IOC(_IOC_NONE, 0x75, 0x30, 0), 0xffffffffdac8) = 0 <0.000103>
19795 19:04:32.330831 ioctl(4, _IOC(_IOC_NONE, 0x75, 0x30, 0), 0xffffffffda98) = 0 <0.000085>
19795 19:04:32.330986 brk(0xaaaaadf9e000) = 0xaaaaadf9e000 <0.000039>
19795 19:04:32.331218 ioctl(4, _IOC(_IOC_NONE, 0x75, 0x30, 0), 0xffffffffdac8) = 0 <0.000126>
19795 19:04:32.331415 ioctl(4, _IOC(_IOC_NONE, 0x75, 0x30, 0), 0xffffffffda98) = 0 <0.000088>
19795 19:04:32.331747 ioctl(4, _IOC(_IOC_NONE, 0x75, 0x30, 0), 0xffffffffdac8) = 0 <0.000121>
19795 19:04:32.331939 ioctl(4, _IOC(_IOC_NONE, 0x75, 0x30, 0), 0xffffffffda98) = 0 <0.000083>
19795 19:04:32.332206 ioctl(4, _IOC(_IOC_NONE, 0x75, 0x30, 0), 0xffffffffdac8) = 0 <0.000105>
19795 19:04:32.332367 ioctl(4, _IOC(_IOC_NONE, 0x75, 0x30, 0), 0xffffffffda98) = 0 <0.000080>
19795 19:04:32.332598 ioctl(4, _IOC(_IOC_NONE, 0x75, 0x30, 0), 0xffffffffdac8) = 0 <0.000104>
19795 19:04:32.332757 ioctl(4, _IOC(_IOC_NONE, 0x75, 0x30, 0), 0xffffffffda98) = 0 <0.000083>
19795 19:04:32.332926 brk(0xaaaaadfbf000) = 0xaaaaadfbf000 <0.000043>
19795 19:04:32.333148 ioctl(4, _IOC(_IOC_NONE, 0x75, 0x30, 0), 0xffffffffdac8) = 0 <0.000116>
19795 19:04:32.333323 ioctl(4, _IOC(_IOC_NONE, 0x75, 0x30, 0), 0xffffffffda98) = 0 <0.000085>
19795 19:04:32.333599 ioctl(4, _IOC(_IOC_NONE, 0x75, 0x30, 0), 0xffffffffdac8) = 0 <0.000441>
19795 19:04:32.334163 ioctl(4, _IOC(_IOC_NONE, 0x75, 0x30, 0), 0xffffffffda98) = 0 <0.000101>
19795 19:04:32.334474 ioctl(4, _IOC(_IOC_NONE, 0x75, 0x30, 0), 0xffffffffdac8) = 0 <0.000123>
19795 19:04:32.334663 ioctl(4, _IOC(_IOC_NONE, 0x75, 0x30, 0), 0xffffffffda98) = 0 <0.000087>
19795 19:04:32.334927 ioctl(4, _IOC(_IOC_NONE, 0x75, 0x30, 0), 0xffffffffdac8) = 0 <0.000107>
19795 19:04:32.335092 ioctl(4, _IOC(_IOC_NONE, 0x75, 0x30, 0), 0xffffffffda98) = 0 <0.000088>
19795 19:04:32.335289 brk(0xaaaaadfe0000) = 0xaaaaadfe0000 <0.000037>
19795 19:04:32.335434 ioctl(4, _IOC(_IOC_NONE, 0x75, 0x30, 0), 0xffffffffdac8) = 0 <0.000115>
19795 19:04:32.335609 ioctl(4, _IOC(_IOC_NONE, 0x75, 0x30, 0), 0xffffffffda98) = 0 <0.000087>
19795 19:04:32.335859 ioctl(4, _IOC(_IOC_NONE, 0x75, 0x30, 0), 0xffffffffdac8) = 0 <0.000112>
19795 19:04:32.336029 ioctl(4, _IOC(_IOC_NONE, 0x75, 0x30, 0), 0xffffffffda98) = 0 <0.000088>
19795 19:04:32.336306 ioctl(4, _IOC(_IOC_NONE, 0x75, 0x30, 0), 0xffffffffdac8) = 0 <0.000104>
19795 19:04:32.336469 ioctl(4, _IOC(_IOC_NONE, 0x75, 0x30, 0), 0xffffffffda98) = 0 <0.000088>
19795 19:04:32.336736 ioctl(4, _IOC(_IOC_NONE, 0x75, 0x30, 0), 0xffffffffdac8) = 0 <0.000117>
19795 19:04:32.336911 ioctl(4, _IOC(_IOC_NONE, 0x75, 0x30, 0), 0xffffffffda98) = 0 <0.000086>
19795 19:04:32.337107 brk(0xaaaaae001000) = 0xaaaaae001000 <0.000036>
19795 19:04:32.337288 ioctl(4, _IOC(_IOC_NONE, 0x75, 0x30, 0), 0xffffffffdac8) = 0 <0.000107>
19795 19:04:32.337452 ioctl(4, _IOC(_IOC_NONE, 0x75, 0x30, 0), 0xffffffffda98) = 0 <0.000086>
19795 19:04:32.337775 ioctl(4, _IOC(_IOC_NONE, 0x75, 0x30, 0), 0xffffffffdac8) = 0 <0.000121>
19795 19:04:32.337987 ioctl(4, _IOC(_IOC_NONE, 0x75, 0x30, 0), 0xffffffffda98) = 0 <0.000084>
19795 19:04:32.338255 ioctl(4, _IOC(_IOC_NONE, 0x75, 0x30, 0), 0xffffffffdac8) = 0 <0.000121>
19795 19:04:32.338439 ioctl(4, _IOC(_IOC_NONE, 0x75, 0x30, 0), 0xffffffffda98) = 0 <0.000085>
19795 19:04:32.338715 ioctl(4, _IOC(_IOC_NONE, 0x75, 0x30, 0), 0xffffffffdac8) = 0 <0.000111>
19795 19:04:32.338889 ioctl(4, _IOC(_IOC_NONE, 0x75, 0x30, 0), 0xffffffffda98) = 0 <0.000085>
19795 19:04:32.339042 brk(0xaaaaae022000) = 0xaaaaae022000 <0.000038>
19795 19:04:32.339235 ioctl(4, _IOC(_IOC_NONE, 0x75, 0x30, 0), 0xffffffffdac8) = 0 <0.000116>
19795 19:04:32.339412 ioctl(4, _IOC(_IOC_NONE, 0x75, 0x30, 0), 0xffffffffda98) = 0 <0.000087>
19795 19:04:32.339678 ioctl(4, _IOC(_IOC_NONE, 0x75, 0x30, 0), 0xffffffffdac8) = 0 <0.000111>
19795 19:04:32.339852 ioctl(4, _IOC(_IOC_NONE, 0x75, 0x30, 0), 0xffffffffda98) = 0 <0.000088>
19795 19:04:32.340109 ioctl(4, _IOC(_IOC_NONE, 0x75, 0x30, 0), 0xffffffffdac8) = 0 <0.000113>
19795 19:04:32.340283 ioctl(4, _IOC(_IOC_NONE, 0x75, 0x30, 0), 0xffffffffda98) = 0 <0.000084>
19795 19:04:32.340542 ioctl(4, _IOC(_IOC_NONE, 0x75, 0x30, 0), 0xffffffffdac8) = 0 <0.000115>
19795 19:04:32.340718 ioctl(4, _IOC(_IOC_NONE, 0x75, 0x30, 0), 0xffffffffda98) = 0 <0.000089>
19795 19:04:32.340896 brk(0xaaaaae043000) = 0xaaaaae043000 <0.000036>
19795 19:04:32.341076 ioctl(4, _IOC(_IOC_NONE, 0x75, 0x30, 0), 0xffffffffdac8) = 0 <0.000113>
19795 19:04:32.341249 ioctl(4, _IOC(_IOC_NONE, 0x75, 0x30, 0), 0xffffffffda98) = 0 <0.000087>
19795 19:04:32.341539 ioctl(4, _IOC(_IOC_NONE, 0x75, 0x30, 0), 0xffffffffdac8) = 0 <0.000144>
19795 19:04:32.341770 ioctl(4, _IOC(_IOC_NONE, 0x75, 0x30, 0), 0xffffffffda98) = 0 <0.000088>
19795 19:04:32.342052 ioctl(4, _IOC(_IOC_NONE, 0x75, 0x30, 0), 0xffffffffdac8) = 0 <0.000116>
19795 19:04:32.342233 ioctl(4, _IOC(_IOC_NONE, 0x75, 0x30, 0), 0xffffffffda98) = 0 <0.000094>
19795 19:04:32.342496 ioctl(4, _IOC(_IOC_NONE, 0x75, 0x30, 0), 0xffffffffdac8) = 0 <0.000108>
19795 19:04:32.342666 ioctl(4, _IOC(_IOC_NONE, 0x75, 0x30, 0), 0xffffffffda98) = 0 <0.000087>
19795 19:04:32.342888 brk(0xaaaaae064000) = 0xaaaaae064000 <0.000037>
19795 19:04:32.343010 ioctl(4, _IOC(_IOC_NONE, 0x75, 0x30, 0), 0xffffffffdac8) = 0 <0.000108>
19795 19:04:32.343177 ioctl(4, _IOC(_IOC_NONE, 0x75, 0x30, 0), 0xffffffffda98) = 0 <0.000088>
19795 19:04:32.343436 ioctl(4, _IOC(_IOC_NONE, 0x75, 0x30, 0), 0xffffffffdac8) = 0 <0.000116>
19795 19:04:32.343613 ioctl(4, _IOC(_IOC_NONE, 0x75, 0x30, 0), 0xffffffffda98) = 0 <0.000083>
19795 19:04:32.343859 ioctl(4, _IOC(_IOC_NONE, 0x75, 0x30, 0), 0xffffffffdac8) = 0 <0.000111>
19795 19:04:32.344033 ioctl(4, _IOC(_IOC_NONE, 0x75, 0x30, 0), 0xffffffffda98) = 0 <0.000087>
19795 19:04:32.344294 ioctl(4, _IOC(_IOC_NONE, 0x75, 0x30, 0), 0xffffffffdac8) = 0 <0.000151>
19795 19:04:32.344509 ioctl(4, _IOC(_IOC_NONE, 0x75, 0x30, 0), 0xffffffffda98) = 0 <0.000089>
19795 19:04:32.344771 ioctl(4, _IOC(_IOC_NONE, 0x75, 0x30, 0), 0xffffffffdac8) = 0 <0.000111>
19795 19:04:32.344945 ioctl(4, _IOC(_IOC_NONE, 0x75, 0x30, 0), 0xffffffffda98) = 0 <0.000084>
19795 19:04:32.345095 brk(0xaaaaae085000) = 0xaaaaae085000 <0.000037>
19795 19:04:32.345290 ioctl(4, _IOC(_IOC_NONE, 0x75, 0x30, 0), 0xffffffffdac8) = 0 <0.000112>
19795 19:04:32.345466 ioctl(4, _IOC(_IOC_NONE, 0x75, 0x30, 0), 0xffffffffda98) = 0 <0.000111>
19795 19:04:32.345759 ioctl(4, _IOC(_IOC_NONE, 0x75, 0x30, 0), 0xffffffffdac8) = 0 <0.000120>
19795 19:04:32.345946 ioctl(4, _IOC(_IOC_NONE, 0x75, 0x30, 0), 0xffffffffda98) = 0 <0.000087>
19795 19:04:32.346185 ioctl(4, _IOC(_IOC_NONE, 0x75, 0x30, 0), 0xffffffffdac8) = 0 <0.000114>
19795 19:04:32.346357 ioctl(4, _IOC(_IOC_NONE, 0x75, 0x30, 0), 0xffffffffda98) = 0 <0.000085>
19795 19:04:32.346587 ioctl(4, _IOC(_IOC_NONE, 0x75, 0x30, 0), 0xffffffffdac8) = 0 <0.000107>
19795 19:04:32.346748 ioctl(4, _IOC(_IOC_NONE, 0x75, 0x30, 0), 0xffffffffda98) = 0 <0.000083>
19795 19:04:32.346972 ioctl(4, _IOC(_IOC_NONE, 0x75, 0x30, 0), 0xffffffffdac8) = 0 <0.000103>
19795 19:04:32.347135 ioctl(4, _IOC(_IOC_NONE, 0x75, 0x30, 0), 0xffffffffda98) = 0 <0.000084>
19795 19:04:32.347310 brk(0xaaaaae0a6000) = 0xaaaaae0a6000 <0.000037>
19795 19:04:32.347460 ioctl(4, _IOC(_IOC_NONE, 0x75, 0x30, 0), 0xffffffffdac8) = 0 <0.000113>
19795 19:04:32.347631 ioctl(4, _IOC(_IOC_NONE, 0x75, 0x30, 0), 0xffffffffda98) = 0 <0.000086>
19795 19:04:32.347864 ioctl(4, _IOC(_IOC_NONE, 0x75, 0x30, 0), 0xffffffffdac8) = 0 <0.000104>
19795 19:04:32.348028 ioctl(4, _IOC(_IOC_NONE, 0x75, 0x30, 0), 0xffffffffda98) = 0 <0.000085>
19795 19:04:32.348257 ioctl(4, _IOC(_IOC_NONE, 0x75, 0x30, 0), 0xffffffffdac8) = 0 <0.000113>
19795 19:04:32.348431 ioctl(4, _IOC(_IOC_NONE, 0x75, 0x30, 0), 0xffffffffda98) = 0 <0.000087>
19795 19:04:32.348660 ioctl(4, _IOC(_IOC_NONE, 0x75, 0x30, 0), 0xffffffffdac8) = 0 <0.000113>
19795 19:04:32.348833 ioctl(4, _IOC(_IOC_NONE, 0x75, 0x30, 0), 0xffffffffda98) = 0 <0.000086>
19795 19:04:32.349066 ioctl(4, _IOC(_IOC_NONE, 0x75, 0x30, 0), 0xffffffffdac8) = 0 <0.000106>
19795 19:04:32.349238 ioctl(4, _IOC(_IOC_NONE, 0x75, 0x30, 0), 0xffffffffda98) = 0 <0.000079>
19795 19:04:32.349450 brk(0xaaaaae0c7000) = 0xaaaaae0c7000 <0.000036>
19795 19:04:32.349562 ioctl(4, _IOC(_IOC_NONE, 0x75, 0x30, 0), 0xffffffffdac8) = 0 <0.000116>
19795 19:04:32.349787 ioctl(4, _IOC(_IOC_NONE, 0x75, 0x30, 0), 0xffffffffda98) = 0 <0.000085>
19795 19:04:32.350025 ioctl(4, _IOC(_IOC_NONE, 0x75, 0x30, 0), 0xffffffffdac8) = 0 <0.000108>
19795 19:04:32.350193 ioctl(4, _IOC(_IOC_NONE, 0x75, 0x30, 0), 0xffffffffda98) = 0 <0.000083>
19795 19:04:32.350424 ioctl(4, _IOC(_IOC_NONE, 0x75, 0x30, 0), 0xffffffffdac8) = 0 <0.000106>
19795 19:04:32.350615 ioctl(4, _IOC(_IOC_NONE, 0x75, 0x30, 0), 0xffffffffda98) = 0 <0.000088>
19795 19:04:32.350843 ioctl(4, _IOC(_IOC_NONE, 0x75, 0x30, 0), 0xffffffffdac8) = 0 <0.000112>
19795 19:04:32.351014 ioctl(4, _IOC(_IOC_NONE, 0x75, 0x30, 0), 0xffffffffda98) = 0 <0.000084>
19795 19:04:32.351239 ioctl(4, _IOC(_IOC_NONE, 0x75, 0x30, 0), 0xffffffffdac8) = 0 <0.000115>
19795 19:04:32.351413 ioctl(4, _IOC(_IOC_NONE, 0x75, 0x30, 0), 0xffffffffda98) = 0 <0.000084>
19795 19:04:32.351643 ioctl(4, _IOC(_IOC_NONE, 0x75, 0x30, 0), 0xffffffffdac8) = 0 <0.000122>
19795 19:04:32.351825 ioctl(4, _IOC(_IOC_NONE, 0x75, 0x30, 0), 0xffffffffda98) = 0 <0.000082>
19795 19:04:32.352000 brk(0xaaaaae0e8000) = 0xaaaaae0e8000 <0.000040>
19795 19:04:32.352169 ioctl(4, _IOC(_IOC_NONE, 0x75, 0x30, 0), 0xffffffffdac8) = 0 <0.000116>
19795 19:04:32.352350 ioctl(4, _IOC(_IOC_NONE, 0x75, 0x30, 0), 0xffffffffda98) = 0 <0.000091>
19795 19:04:32.352597 ioctl(4, _IOC(_IOC_NONE, 0x75, 0x30, 0), 0xffffffffdac8) = 0 <0.000116>
19795 19:04:32.352779 ioctl(4, _IOC(_IOC_NONE, 0x75, 0x30, 0), 0xffffffffda98) = 0 <0.000089>
19795 19:04:32.353026 ioctl(4, _IOC(_IOC_NONE, 0x75, 0x30, 0), 0xffffffffdac8) = 0 <0.000112>
19795 19:04:32.353203 ioctl(4, _IOC(_IOC_NONE, 0x75, 0x30, 0), 0xffffffffda98) = 0 <0.000087>
19795 19:04:32.353440 ioctl(4, _IOC(_IOC_NONE, 0x75, 0x30, 0), 0xffffffffdac8) = 0 <0.000135>
19795 19:04:32.353668 ioctl(4, _IOC(_IOC_NONE, 0x75, 0x30, 0), 0xffffffffda98) = 0 <0.000096>
19795 19:04:32.354214 ioctl(4, _IOC(_IOC_NONE, 0x75, 0x30, 0), 0xffffffffdf28) = 0 <0.000135>
19795 19:04:32.354432 ioctl(4, _IOC(_IOC_NONE, 0x75, 0x30, 0), 0xffffffffdef8) = 0 <0.000087>
19795 19:04:32.363895 brk(0xaaaaae123000) = 0xaaaaae123000 <0.000048>
19795 19:04:32.364558 brk(0xaaaaae145000) = 0xaaaaae145000 <0.000032>
19795 19:04:32.364777 brk(0xaaaaae167000) = 0xaaaaae167000 <0.000026>
19795 19:04:32.370245 brk(0xaaaaae1c2000) = 0xaaaaae1c2000 <0.000043>
19795 19:04:32.370628 brk(0xaaaaae203000) = 0xaaaaae203000 <0.000026>
19795 19:04:32.379014 brk(0xaaaaae2a1000) = 0xaaaaae2a1000 <0.000047>
19795 19:04:32.379621 brk(0xaaaaae323000) = 0xaaaaae323000 <0.000029>
19795 19:04:32.395530 brk(0xaaaaae421000) = 0xaaaaae421000 <0.000363>
19795 19:04:32.397148 brk(0xaaaaae526000) = 0xaaaaae526000 <0.000324>
19795 19:04:32.425092 brk(0xaaaaae561000) = 0xaaaaae561000 <0.000662>
19795 19:04:32.453026 brk(0xaaaaae59d000) = 0xaaaaae59d000 <0.000673>
19795 19:04:32.480493 brk(0xaaaaae5d9000) = 0xaaaaae5d9000 <0.000359>
19795 19:04:32.507240 brk(0xaaaaae614000) = 0xaaaaae614000 <0.000655>
19795 19:04:32.540117 brk(0xaaaaae7d5000) = 0xaaaaae7d5000 <0.000368>
19795 19:04:32.542480 brk(0xaaaaae9df000) = 0xaaaaae9df000 <0.000347>
19795 19:04:32.586007 brk(0xaaaaae2c1000) = 0xaaaaae2c1000 <0.001615>
19795 19:04:32.588195 brk(0xaaaaae2f0000) = 0xaaaaae2f0000 <0.000350>
19795 19:04:32.589300 brk(0xaaaaae315000) = 0xaaaaae315000 <0.000030>
19795 19:04:32.590607 brk(0xaaaaae3fc000) = 0xaaaaae3fc000 <0.000339>
19795 19:04:32.597615 brk(0xaaaaae4fd000) = 0xaaaaae4fd000 <0.000370>
19795 19:04:32.599364 mmap(NULL, 4243456, PROT_READ|PROT_WRITE, MAP_PRIVATE|MAP_ANONYMOUS, -1, 0) = 0xfffff45f4000 <0.000044>
19795 19:04:32.614973 mmap(NULL, 4243456, PROT_READ|PROT_WRITE, MAP_PRIVATE|MAP_ANONYMOUS, -1, 0) = 0xfffff41e8000 <0.000390>
19795 19:04:32.617920 mmap(NULL, 4243456, PROT_READ|PROT_WRITE, MAP_PRIVATE|MAP_ANONYMOUS, -1, 0) = 0xffffdc314000 <0.000661>
19795 19:04:32.632986 munmap(0xfffff41e8000, 4243456) = 0 <0.000737>
19795 19:04:32.633874 munmap(0xffffdc314000, 4243456) = 0 <0.000739>
19795 19:04:32.687018 munmap(0xfffff45f4000, 4243456) = 0 <0.000143>
19795 19:04:32.811492 brk(0xaaaaae57d000) = 0xaaaaae57d000 <0.000361>
19795 19:04:32.938930 ioctl(4, _IOC(_IOC_NONE, 0x75, 0x30, 0), 0xffffffff5cf8) = 0 <0.000467>
19795 19:04:32.939535 ioctl(4, _IOC(_IOC_NONE, 0x75, 0x30, 0), 0xffffffff5cc8) = 0 <0.000093>
19795 19:04:33.046876 brk(0xaaaaae62a000) = 0xaaaaae62a000 <0.000359>
19795 19:04:33.048407 brk(0xaaaaae6b2000) = 0xaaaaae6b2000 <0.000333>
19795 19:04:33.785432 brk(0xaaaaae7fe000) = 0xaaaaae7fe000 <0.000672>
19795 19:04:33.980407 ioctl(4, _IOC(_IOC_NONE, 0x75, 0x30, 0), 0xfffffffe56d8) = 0 <0.000752>
19795 19:04:33.981622 ioctl(4, _IOC(_IOC_NONE, 0x75, 0x30, 0), 0xfffffffe56a8) = 0 <0.000705>
19795 19:04:33.982491 brk(0xaaaaae93d000) = 0xaaaaae93d000 <0.000036>
19795 19:04:33.983834 ioctl(4, _IOC(_IOC_NONE, 0x75, 0x30, 0), 0xfffffffe56d8) = 0 <0.000166>
19795 19:04:33.984107 ioctl(4, _IOC(_IOC_NONE, 0x75, 0x30, 0), 0xfffffffe56a8) = 0 <0.000382>
19795 19:04:33.984888 brk(0xaaaaaea83000) = 0xaaaaaea83000 <0.000341>
19795 19:04:33.987329 ioctl(4, _IOC(_IOC_NONE, 0x75, 0x30, 0), 0xfffffffe56d8) = 0 <0.000152>
19795 19:04:33.987598 ioctl(4, _IOC(_IOC_NONE, 0x75, 0x30, 0), 0xfffffffe56a8) = 0 <0.000087>
19795 19:04:34.128445 ioctl(4, _IOC(_IOC_NONE, 0x75, 0x30, 0), 0xfffffffe4438) = 0 <0.000460>
19795 19:04:34.129041 ioctl(4, _IOC(_IOC_NONE, 0x75, 0x30, 0), 0xfffffffe4408) = 0 <0.000088>
19795 19:04:34.225700 brk(0xaaaaaebc8000) = 0xaaaaaebc8000 <0.000044>
19795 19:04:34.229291 ioctl(4, _IOC(_IOC_NONE, 0x75, 0x30, 0), 0xfffffffe56d8) = 0 <0.000747>
19795 19:04:34.230155 ioctl(4, _IOC(_IOC_NONE, 0x75, 0x30, 0), 0xfffffffe56a8) = 0 <0.000094>
19795 19:04:34.230350 brk(0xaaaaaed0e000) = 0xaaaaaed0e000 <0.000032>
19795 19:04:34.231828 ioctl(4, _IOC(_IOC_NONE, 0x75, 0x30, 0), 0xfffffffe56d8) = 0 <0.000109>
19795 19:04:34.231993 ioctl(4, _IOC(_IOC_NONE, 0x75, 0x30, 0), 0xfffffffe56a8) = 0 <0.000092>
19795 19:04:34.232164 brk(0xaaaaaee54000) = 0xaaaaaee54000 <0.000026>
19795 19:04:34.237216 ioctl(4, _IOC(_IOC_NONE, 0x75, 0x30, 0), 0xfffffffe56d8) = 0 <0.000139>
19795 19:04:34.237477 ioctl(4, _IOC(_IOC_NONE, 0x75, 0x30, 0), 0xfffffffe56a8) = 0 <0.001235>
19795 19:04:34.239176 brk(0xaaaaaee7b000) = 0xaaaaaee7b000 <0.000044>
19795 19:04:34.243982 ioctl(4, _IOC(_IOC_NONE, 0x75, 0x30, 0), 0xfffffffe4438) = 0 <0.000466>
19795 19:04:34.244902 ioctl(4, _IOC(_IOC_NONE, 0x75, 0x30, 0), 0xfffffffe4408) = 0 <0.000421>
19795 19:04:34.271178 brk(0xaaaaaefc0000) = 0xaaaaaefc0000 <0.000670>
19795 19:04:34.274288 brk(0xaaaaaeffe000) = 0xaaaaaeffe000 <0.000337>
19795 19:04:34.282635 ioctl(4, _IOC(_IOC_NONE, 0x75, 0x30, 0), 0xfffffffe56d8) = 0 <0.000482>
19795 19:04:34.283255 ioctl(4, _IOC(_IOC_NONE, 0x75, 0x30, 0), 0xfffffffe56a8) = 0 <0.000398>
19795 19:04:34.284087 brk(0xaaaaaf106000) = 0xaaaaaf106000 <0.000337>
19795 19:04:34.286288 ioctl(4, _IOC(_IOC_NONE, 0x75, 0x30, 0), 0xfffffffe56d8) = 0 <0.000155>
19795 19:04:34.286543 ioctl(4, _IOC(_IOC_NONE, 0x75, 0x30, 0), 0xfffffffe56a8) = 0 <0.000103>
19795 19:04:34.286767 brk(0xaaaaaf24c000) = 0xaaaaaf24c000 <0.000039>
19795 19:04:34.288524 brk(0xaaaaaf273000) = 0xaaaaaf273000 <0.000059>
19795 19:04:34.290197 brk(0xaaaaaf2c4000) = 0xaaaaaf2c4000 <0.000040>
19795 19:04:34.304339 ioctl(4, _IOC(_IOC_NONE, 0x75, 0x30, 0), 0xfffffffe56d8) = 0 <0.000448>
19795 19:04:34.304914 ioctl(4, _IOC(_IOC_NONE, 0x75, 0x30, 0), 0xfffffffe56a8) = 0 <0.000095>
19795 19:04:34.305250 brk(0xaaaaaf319000) = 0xaaaaaf319000 <0.000037>
19795 19:04:34.309384 ioctl(4, _IOC(_IOC_NONE, 0x75, 0x30, 0), 0xfffffffe4438) = 0 <0.000712>
19795 19:04:34.310282 ioctl(4, _IOC(_IOC_NONE, 0x75, 0x30, 0), 0xfffffffe4408) = 0 <0.000319>
19795 19:04:34.313094 brk(0xaaaaaf360000) = 0xaaaaaf360000 <0.000366>
19795 19:04:34.316778 brk(0xaaaaaf403000) = 0xaaaaaf403000 <0.000039>
19795 19:04:34.343012 ioctl(4, _IOC(_IOC_NONE, 0x75, 0x30, 0), 0xfffffffe4438) = 0 <0.000454>
19795 19:04:34.343610 ioctl(4, _IOC(_IOC_NONE, 0x75, 0x30, 0), 0xfffffffe4408) = 0 <0.000408>
19795 19:04:34.347449 ioctl(4, _IOC(_IOC_NONE, 0x75, 0x30, 0), 0xfffffffe4438) = 0 <0.000142>
19795 19:04:34.347707 ioctl(4, _IOC(_IOC_NONE, 0x75, 0x30, 0), 0xfffffffe4408) = 0 <0.000090>
19795 19:04:34.355574 brk(0xaaaaaf4f2000) = 0xaaaaaf4f2000 <0.000040>
19795 19:04:34.405714 ioctl(4, _IOC(_IOC_NONE, 0x75, 0x30, 0), 0xfffffffe4438) = 0 <0.000736>
19795 19:04:34.406595 ioctl(4, _IOC(_IOC_NONE, 0x75, 0x30, 0), 0xfffffffe4408) = 0 <0.000091>
19795 19:04:34.410275 ioctl(4, _IOC(_IOC_NONE, 0x75, 0x30, 0), 0xfffffffe4438) = 0 <0.000147>
19795 19:04:34.410566 ioctl(4, _IOC(_IOC_NONE, 0x75, 0x30, 0), 0xfffffffe4408) = 0 <0.000089>
19795 19:04:34.467863 ioctl(4, _IOC(_IOC_NONE, 0x75, 0x30, 0), 0xfffffffe4438) = 0 <0.000454>
19795 19:04:34.468454 ioctl(4, _IOC(_IOC_NONE, 0x75, 0x30, 0), 0xfffffffe4408) = 0 <0.000090>
19795 19:04:34.472067 ioctl(4, _IOC(_IOC_NONE, 0x75, 0x30, 0), 0xfffffffe4438) = 0 <0.000136>
19795 19:04:34.472316 ioctl(4, _IOC(_IOC_NONE, 0x75, 0x30, 0), 0xfffffffe4408) = 0 <0.000092>
19795 19:04:34.529545 ioctl(4, _IOC(_IOC_NONE, 0x75, 0x30, 0), 0xfffffffe4438) = 0 <0.000146>
19795 19:04:34.529846 ioctl(4, _IOC(_IOC_NONE, 0x75, 0x30, 0), 0xfffffffe4408) = 0 <0.000083>
19795 19:04:34.533321 ioctl(4, _IOC(_IOC_NONE, 0x75, 0x30, 0), 0xfffffffe4438) = 0 <0.000125>
19795 19:04:34.533521 ioctl(4, _IOC(_IOC_NONE, 0x75, 0x30, 0), 0xfffffffe4408) = 0 <0.002233>
19795 19:04:34.593294 ioctl(4, _IOC(_IOC_NONE, 0x75, 0x30, 0), 0xfffffffe4438) = 0 <0.000143>
19795 19:04:34.593581 ioctl(4, _IOC(_IOC_NONE, 0x75, 0x30, 0), 0xfffffffe4408) = 0 <0.000690>
19795 19:04:34.598108 ioctl(4, _IOC(_IOC_NONE, 0x75, 0x30, 0), 0xfffffffe4438) = 0 <0.000144>
19795 19:04:34.598363 ioctl(4, _IOC(_IOC_NONE, 0x75, 0x30, 0), 0xfffffffe4408) = 0 <0.000128>
19795 19:04:34.656826 ioctl(4, _IOC(_IOC_NONE, 0x75, 0x30, 0), 0xfffffffe4438) = 0 <0.000450>
19795 19:04:34.657421 ioctl(4, _IOC(_IOC_NONE, 0x75, 0x30, 0), 0xfffffffe4408) = 0 <0.000382>
19795 19:04:34.660518 ioctl(4, _IOC(_IOC_NONE, 0x75, 0x30, 0), 0xfffffffe4438) = 0 <0.000141>
19795 19:04:34.660758 ioctl(4, _IOC(_IOC_NONE, 0x75, 0x30, 0), 0xfffffffe4408) = 0 <0.000090>
19795 19:04:34.674705 brk(0xaaaaaf6cc000) = 0xaaaaaf6cc000 <0.000341>
19795 19:04:34.773952 ioctl(4, _IOC(_IOC_NONE, 0x75, 0x30, 0), 0xfffffffe4438) = 0 <0.000155>
19795 19:04:34.774244 ioctl(4, _IOC(_IOC_NONE, 0x75, 0x30, 0), 0xfffffffe4408) = 0 <0.000096>
19795 19:04:34.777533 ioctl(4, _IOC(_IOC_NONE, 0x75, 0x30, 0), 0xfffffffe4438) = 0 <0.000726>
19795 19:04:34.778481 ioctl(4, _IOC(_IOC_NONE, 0x75, 0x30, 0), 0xfffffffe4408) = 0 <0.000169>
19795 19:04:34.805775 brk(0xaaaaafab0000) = 0xaaaaafab0000 <0.000338>
19795 19:04:35.007660 ioctl(4, _IOC(_IOC_NONE, 0x75, 0x30, 0), 0xfffffffe4438) = 0 <0.000448>
19795 19:04:35.008255 ioctl(4, _IOC(_IOC_NONE, 0x75, 0x30, 0), 0xfffffffe4408) = 0 <0.000377>
19795 19:04:35.022121 ioctl(4, _IOC(_IOC_NONE, 0x75, 0x30, 0), 0xfffffffe4438) = 0 <0.000463>
19795 19:04:35.022719 ioctl(4, _IOC(_IOC_NONE, 0x75, 0x30, 0), 0xfffffffe4408) = 0 <0.000086>
19795 19:04:35.023198 ioctl(4, _IOC(_IOC_NONE, 0x75, 0x30, 0), 0xfffffffe4438) = 0 <0.000106>
19795 19:04:35.023365 ioctl(4, _IOC(_IOC_NONE, 0x75, 0x30, 0), 0xfffffffe4408) = 0 <0.000089>
19795 19:04:35.025595 ioctl(4, _IOC(_IOC_NONE, 0x75, 0x30, 0), 0xfffffffe4438) = 0 <0.002243>
19795 19:04:35.027950 ioctl(4, _IOC(_IOC_NONE, 0x75, 0x30, 0), 0xfffffffe4408) = 0 <0.000100>
19795 19:04:35.030277 ioctl(4, _IOC(_IOC_NONE, 0x75, 0x30, 0), 0xffffffffe358) = 0 <0.000149>
19795 19:04:35.030536 ioctl(4, _IOC(_IOC_NONE, 0x75, 0x30, 0), 0xffffffffe328) = 0 <0.000086>
19795 19:04:35.031121 ioctl(4, _IOC(_IOC_NONE, 0x75, 0x30, 0), 0xffffffffdc08) = 0 <0.000131>
19795 19:04:35.031326 ioctl(4, _IOC(_IOC_NONE, 0x75, 0x30, 0), 0xffffffffdbd8) = 0 <0.000097>
19795 19:04:35.042808 ioctl(4, _IOC(_IOC_NONE, 0x75, 0x30, 0), 0xffffffffd948) = 0 <0.000142>
19795 19:04:35.043084 ioctl(4, _IOC(_IOC_NONE, 0x75, 0x30, 0), 0xffffffffd918) = 0 <0.000107>
19795 19:04:35.043267 ioctl(4, _IOC(_IOC_NONE, 0x75, 0x30, 0), 0xffffffffda58) = 0 <0.000082>
19795 19:04:35.043415 ioctl(4, _IOC(_IOC_NONE, 0x75, 0x30, 0), 0xffffffffda58) = 0 <0.000089>
19795 19:04:35.043584 ioctl(4, _IOC(_IOC_NONE, 0x75, 0x30, 0), 0xffffffffdc08) = 0 <0.000123>
19795 19:04:35.043765 ioctl(4, _IOC(_IOC_NONE, 0x75, 0x30, 0), 0xffffffffdbd8) = 0 <0.000109>
19795 19:04:35.044068 ioctl(4, _IOC(_IOC_NONE, 0x75, 0x30, 0), 0xffffffffdc08) = 0 <0.000118>
19795 19:04:35.044248 ioctl(4, _IOC(_IOC_NONE, 0x75, 0x30, 0), 0xffffffffdbd8) = 0 <0.000113>
19795 19:04:35.044535 ioctl(4, _IOC(_IOC_NONE, 0x75, 0x30, 0), 0xffffffffd948) = 0 <0.000108>
19795 19:04:35.044754 ioctl(4, _IOC(_IOC_NONE, 0x75, 0x30, 0), 0xffffffffd918) = 0 <0.000109>
19795 19:04:35.044938 ioctl(4, _IOC(_IOC_NONE, 0x75, 0x30, 0), 0xffffffffda58) = 0 <0.000080>
19795 19:04:35.045080 ioctl(4, _IOC(_IOC_NONE, 0x75, 0x30, 0), 0xffffffffda58) = 0 <0.000088>
19795 19:04:35.045237 ioctl(4, _IOC(_IOC_NONE, 0x75, 0x30, 0), 0xffffffffdc08) = 0 <0.000136>
19795 19:04:35.045438 ioctl(4, _IOC(_IOC_NONE, 0x75, 0x30, 0), 0xffffffffdbd8) = 0 <0.000131>
19795 19:04:35.046729 ioctl(4, _IOC(_IOC_NONE, 0x75, 0x30, 0), 0xffffffffdc08) = 0 <0.000321>
19795 19:04:35.047183 ioctl(4, _IOC(_IOC_NONE, 0x75, 0x30, 0), 0xffffffffdbd8) = 0 <0.000121>
19795 19:04:35.047587 ioctl(4, _IOC(_IOC_NONE, 0x75, 0x30, 0), 0xffffffffd948) = 0 <0.000266>
19795 19:04:35.048165 ioctl(4, _IOC(_IOC_NONE, 0x75, 0x30, 0), 0xffffffffd918) = 0 <0.000147>
19795 19:04:35.049807 ioctl(4, _IOC(_IOC_NONE, 0x75, 0x30, 0), 0xffffffffda58) = 0 <0.000290>
19795 19:04:35.050423 ioctl(4, _IOC(_IOC_NONE, 0x75, 0x30, 0), 0xffffffffda58) = 0 <0.000277>
19795 19:04:35.050846 ioctl(4, _IOC(_IOC_NONE, 0x75, 0x30, 0), 0xffffffffdc08) = 0 <0.000159>
19795 19:04:35.051206 ioctl(4, _IOC(_IOC_NONE, 0x75, 0x30, 0), 0xffffffffdbd8) = 0 <0.000202>
19795 19:04:35.051727 ioctl(4, _IOC(_IOC_NONE, 0x75, 0x30, 0), 0xffffffffd948) = 0 <0.000265>
19795 19:04:35.052240 ioctl(4, _IOC(_IOC_NONE, 0x75, 0x30, 0), 0xffffffffd918) = 0 <0.000258>
19795 19:04:35.052703 ioctl(4, _IOC(_IOC_NONE, 0x75, 0x30, 0), 0xffffffffda58) = 0 <0.000248>
19795 19:04:35.053108 ioctl(4, _IOC(_IOC_NONE, 0x75, 0x30, 0), 0xffffffffda58) = 0 <0.000195>
19795 19:04:35.056731 ioctl(4, _IOC(_IOC_NONE, 0x75, 0x30, 0), 0xffffffffdc08) = 0 <0.000338>
19795 19:04:35.057221 ioctl(4, _IOC(_IOC_NONE, 0x75, 0x30, 0), 0xffffffffdbd8) = 0 <0.000117>
19795 19:04:35.057658 ioctl(4, _IOC(_IOC_NONE, 0x75, 0x30, 0), 0xffffffffdc08) = 0 <0.000341>
19795 19:04:35.058282 ioctl(4, _IOC(_IOC_NONE, 0x75, 0x30, 0), 0xffffffffdbd8) = 0 <0.000178>
19795 19:04:35.058823 ioctl(4, _IOC(_IOC_NONE, 0x75, 0x30, 0), 0xffffffffd948) = 0 <0.000152>
19795 19:04:35.059097 ioctl(4, _IOC(_IOC_NONE, 0x75, 0x30, 0), 0xffffffffd918) = 0 <0.000120>
19795 19:04:35.059346 ioctl(4, _IOC(_IOC_NONE, 0x75, 0x30, 0), 0xffffffffda58) = 0 <0.000328>
19795 19:04:35.059775 ioctl(4, _IOC(_IOC_NONE, 0x75, 0x30, 0), 0xffffffffda58) = 0 <0.000352>
19795 19:04:35.060261 ioctl(4, _IOC(_IOC_NONE, 0x75, 0x30, 0), 0xffffffffdc08) = 0 <0.000552>
19795 19:04:35.061006 ioctl(4, _IOC(_IOC_NONE, 0x75, 0x30, 0), 0xffffffffdbd8) = 0 <0.000441>
19795 19:04:35.062246 ioctl(4, _IOC(_IOC_NONE, 0x75, 0x30, 0), 0xffffffffd948) = 0 <0.000467>
19795 19:04:35.063048 ioctl(4, _IOC(_IOC_NONE, 0x75, 0x30, 0), 0xffffffffd918) = 0 <0.000743>
19795 19:04:35.064221 ioctl(4, _IOC(_IOC_NONE, 0x75, 0x30, 0), 0xffffffffda58) = 0 <0.000458>
19795 19:04:35.065117 ioctl(4, _IOC(_IOC_NONE, 0x75, 0x30, 0), 0xffffffffda58) = 0 <0.000164>
19795 19:04:35.065841 ioctl(4, _IOC(_IOC_NONE, 0x75, 0x30, 0), 0xffffffffdc08) = 0 <0.000149>
19795 19:04:35.066103 ioctl(4, _IOC(_IOC_NONE, 0x75, 0x30, 0), 0xffffffffdbd8) = 0 <0.000091>
19795 19:04:35.066466 ioctl(4, _IOC(_IOC_NONE, 0x75, 0x30, 0), 0xffffffffd948) = 0 <0.000246>
19795 19:04:35.066796 ioctl(4, _IOC(_IOC_NONE, 0x75, 0x30, 0), 0xffffffffd918) = 0 <0.000091>
19795 19:04:35.066973 ioctl(4, _IOC(_IOC_NONE, 0x75, 0x30, 0), 0xffffffffda58) = 0 <0.000067>
19795 19:04:35.067098 ioctl(4, _IOC(_IOC_NONE, 0x75, 0x30, 0), 0xffffffffda58) = 0 <0.000076>
19795 19:04:35.067256 ioctl(4, _IOC(_IOC_NONE, 0x75, 0x30, 0), 0xffffffffdc08) = 0 <0.000116>
19795 19:04:35.067427 ioctl(4, _IOC(_IOC_NONE, 0x75, 0x30, 0), 0xffffffffdbd8) = 0 <0.000088>
19795 19:04:35.067781 ioctl(4, _IOC(_IOC_NONE, 0x75, 0x30, 0), 0xffffffffdc08) = 0 <0.000121>
19795 19:04:35.067981 ioctl(4, _IOC(_IOC_NONE, 0x75, 0x30, 0), 0xffffffffdbd8) = 0 <0.000086>
19795 19:04:35.068273 ioctl(4, _IOC(_IOC_NONE, 0x75, 0x30, 0), 0xffffffffd948) = 0 <0.000103>
19795 19:04:35.068445 ioctl(4, _IOC(_IOC_NONE, 0x75, 0x30, 0), 0xffffffffd918) = 0 <0.000085>
19795 19:04:35.068607 ioctl(4, _IOC(_IOC_NONE, 0x75, 0x30, 0), 0xffffffffda58) = 0 <0.000070>
19795 19:04:35.068774 ioctl(4, _IOC(_IOC_NONE, 0x75, 0x30, 0), 0xffffffffda58) = 0 <0.000078>
19795 19:04:35.068932 ioctl(4, _IOC(_IOC_NONE, 0x75, 0x30, 0), 0xffffffffdc08) = 0 <0.000114>
19795 19:04:35.069104 ioctl(4, _IOC(_IOC_NONE, 0x75, 0x30, 0), 0xffffffffdbd8) = 0 <0.000093>
19795 19:04:35.069438 ioctl(4, _IOC(_IOC_NONE, 0x75, 0x30, 0), 0xffffffffd948) = 0 <0.000186>
19795 19:04:35.069730 ioctl(4, _IOC(_IOC_NONE, 0x75, 0x30, 0), 0xffffffffd918) = 0 <0.000089>
19795 19:04:35.069969 ioctl(4, _IOC(_IOC_NONE, 0x75, 0x30, 0), 0xffffffffda58) = 0 <0.000074>
19795 19:04:35.070110 ioctl(4, _IOC(_IOC_NONE, 0x75, 0x30, 0), 0xffffffffda58) = 0 <0.000076>
19795 19:04:35.070276 ioctl(4, _IOC(_IOC_NONE, 0x75, 0x30, 0), 0xffffffffdc08) = 0 <0.000124>
19795 19:04:35.070459 ioctl(4, _IOC(_IOC_NONE, 0x75, 0x30, 0), 0xffffffffdbd8) = 0 <0.000094>
19795 19:04:35.071119 ioctl(4, _IOC(_IOC_NONE, 0x75, 0x30, 0), 0xffffffffd948) = 0 <0.000129>
19795 19:04:35.071346 ioctl(4, _IOC(_IOC_NONE, 0x75, 0x30, 0), 0xffffffffd918) = 0 <0.000089>
19795 19:04:35.071599 ioctl(4, _IOC(_IOC_NONE, 0x75, 0x30, 0), 0xffffffffda58) = 0 <0.000406>
19795 19:04:35.072252 ioctl(4, _IOC(_IOC_NONE, 0x75, 0x30, 0), 0xffffffffda58) = 0 <0.000094>
19795 19:04:35.072462 ioctl(4, _IOC(_IOC_NONE, 0x75, 0x30, 0), 0xffffffffdc08) = 0 <0.000120>
19795 19:04:35.072645 ioctl(4, _IOC(_IOC_NONE, 0x75, 0x30, 0), 0xffffffffdbd8) = 0 <0.000446>
19795 19:04:35.073496 ioctl(4, _IOC(_IOC_NONE, 0x75, 0x30, 0), 0xffffffffdc08) = 0 <0.000176>
19795 19:04:35.073782 ioctl(4, _IOC(_IOC_NONE, 0x75, 0x30, 0), 0xffffffffdbd8) = 0 <0.000181>
19795 19:04:35.074210 ioctl(4, _IOC(_IOC_NONE, 0x75, 0x30, 0), 0xffffffffd948) = 0 <0.000478>
19795 19:04:35.074797 ioctl(4, _IOC(_IOC_NONE, 0x75, 0x30, 0), 0xffffffffd918) = 0 <0.000105>
19795 19:04:35.075004 ioctl(4, _IOC(_IOC_NONE, 0x75, 0x30, 0), 0xffffffffda58) = 0 <0.000069>
19795 19:04:35.075227 ioctl(4, _IOC(_IOC_NONE, 0x75, 0x30, 0), 0xffffffffda58) = 0 <0.000077>
19795 19:04:35.075398 ioctl(4, _IOC(_IOC_NONE, 0x75, 0x30, 0), 0xffffffffdc08) = 0 <0.000118>
19795 19:04:35.075574 ioctl(4, _IOC(_IOC_NONE, 0x75, 0x30, 0), 0xffffffffdbd8) = 0 <0.000241>
19795 19:04:35.076174 ioctl(4, _IOC(_IOC_NONE, 0x75, 0x30, 0), 0xffffffffd948) = 0 <0.000131>
19795 19:04:35.076394 ioctl(4, _IOC(_IOC_NONE, 0x75, 0x30, 0), 0xffffffffd918) = 0 <0.000091>
19795 19:04:35.076565 ioctl(4, _IOC(_IOC_NONE, 0x75, 0x30, 0), 0xffffffffda58) = 0 <0.000070>
19795 19:04:35.076697 ioctl(4, _IOC(_IOC_NONE, 0x75, 0x30, 0), 0xffffffffda58) = 0 <0.000088>
19795 19:04:35.076868 ioctl(4, _IOC(_IOC_NONE, 0x75, 0x30, 0), 0xffffffffdc08) = 0 <0.000111>
19795 19:04:35.077034 ioctl(4, _IOC(_IOC_NONE, 0x75, 0x30, 0), 0xffffffffdbd8) = 0 <0.000085>
19795 19:04:35.077343 ioctl(4, _IOC(_IOC_NONE, 0x75, 0x30, 0), 0xffffffffd948) = 0 <0.000122>
19795 19:04:35.077538 ioctl(4, _IOC(_IOC_NONE, 0x75, 0x30, 0), 0xffffffffd918) = 0 <0.000117>
19795 19:04:35.077748 ioctl(4, _IOC(_IOC_NONE, 0x75, 0x30, 0), 0xffffffffda58) = 0 <0.000068>
19795 19:04:35.077881 ioctl(4, _IOC(_IOC_NONE, 0x75, 0x30, 0), 0xffffffffda58) = 0 <0.000074>
19795 19:04:35.078043 ioctl(4, _IOC(_IOC_NONE, 0x75, 0x30, 0), 0xffffffffdc08) = 0 <0.000674>
19795 19:04:35.078819 ioctl(4, _IOC(_IOC_NONE, 0x75, 0x30, 0), 0xffffffffdbd8) = 0 <0.000111>
19795 19:04:35.079178 ioctl(4, _IOC(_IOC_NONE, 0x75, 0x30, 0), 0xffffffffdc08) = 0 <0.000132>
19795 19:04:35.079385 ioctl(4, _IOC(_IOC_NONE, 0x75, 0x30, 0), 0xffffffffdbd8) = 0 <0.000269>
19795 19:04:35.079881 ioctl(4, _IOC(_IOC_NONE, 0x75, 0x30, 0), 0xffffffffd948) = 0 <0.000111>
19795 19:04:35.080068 ioctl(4, _IOC(_IOC_NONE, 0x75, 0x30, 0), 0xffffffffd918) = 0 <0.000086>
19795 19:04:35.080230 ioctl(4, _IOC(_IOC_NONE, 0x75, 0x30, 0), 0xffffffffda58) = 0 <0.000065>
19795 19:04:35.080352 ioctl(4, _IOC(_IOC_NONE, 0x75, 0x30, 0), 0xffffffffda58) = 0 <0.000076>
19795 19:04:35.080507 ioctl(4, _IOC(_IOC_NONE, 0x75, 0x30, 0), 0xffffffffdc08) = 0 <0.000126>
19795 19:04:35.080690 ioctl(4, _IOC(_IOC_NONE, 0x75, 0x30, 0), 0xffffffffdbd8) = 0 <0.000089>
19795 19:04:35.081064 ioctl(4, _IOC(_IOC_NONE, 0x75, 0x30, 0), 0xffffffffd948) = 0 <0.000115>
19795 19:04:35.081253 ioctl(4, _IOC(_IOC_NONE, 0x75, 0x30, 0), 0xffffffffd918) = 0 <0.000088>
19795 19:04:35.081418 ioctl(4, _IOC(_IOC_NONE, 0x75, 0x30, 0), 0xffffffffda58) = 0 <0.000065>
19795 19:04:35.081545 ioctl(4, _IOC(_IOC_NONE, 0x75, 0x30, 0), 0xffffffffd6f8) = 0 <0.000086>
19795 19:04:35.081697 ioctl(4, _IOC(_IOC_NONE, 0x75, 0x30, 0), 0xffffffffd768) = 0 <0.000055>
19795 19:04:35.081833 ioctl(4, _IOC(_IOC_NONE, 0x75, 0x30, 0) <unfinished ...>
19796 19:04:35.081928 <... ioctl resumed>, 0xfffff520e618) = 0 <3.529087>
19795 19:04:35.081959 <... ioctl resumed>, 0xffffffffda58) = 0 <0.000102>
19796 19:04:35.082005 ioctl(4, _IOC(_IOC_NONE, 0x75, 0x30, 0) <unfinished ...>
19795 19:04:35.082115 ioctl(4, _IOC(_IOC_NONE, 0x75, 0x30, 0) <unfinished ...>
19796 19:04:35.082144 <... ioctl resumed>, 0xfffff520e618) = 0 <0.000119>
19795 19:04:35.082302 <... ioctl resumed>, 0xffffffffdc08) = 0 <0.000162>
19796 19:04:35.082330 ioctl(4, _IOC(_IOC_NONE, 0x75, 0x30, 0) <unfinished ...>
19795 19:04:35.082767 ioctl(4, _IOC(_IOC_NONE, 0x75, 0x30, 0), 0xffffffffdbd8) = 0 <0.000093>
19795 19:04:35.083432 ioctl(4, _IOC(_IOC_NONE, 0x75, 0x30, 0), 0xffffffffd948) = 0 <0.001018>
19796 19:04:35.084542 <... ioctl resumed>, 0xfffff520e608) = 0 <0.002191>
19795 19:04:35.084613 ioctl(4, _IOC(_IOC_NONE, 0x75, 0x30, 0), 0xffffffffd918) = 0 <0.000620>
19796 19:04:35.085304 ioctl(4, _IOC(_IOC_NONE, 0x75, 0x30, 0) <unfinished ...>
19795 19:04:35.085462 ioctl(4, _IOC(_IOC_NONE, 0x75, 0x30, 0) <unfinished ...>
19796 19:04:35.085494 <... ioctl resumed>, 0xfffff520e618) = 0 <0.000152>
19795 19:04:35.085652 <... ioctl resumed>, 0xffffffffda58) = 0 <0.000160>
19796 19:04:35.085704 ioctl(4, _IOC(_IOC_NONE, 0x75, 0x30, 0) <unfinished ...>
19795 19:04:35.085789 ioctl(4, _IOC(_IOC_NONE, 0x75, 0x30, 0), 0xffffffffda58) = 0 <0.000079>
19795 19:04:35.086143 ioctl(4, _IOC(_IOC_NONE, 0x75, 0x30, 0), 0xffffffffdc08) = 0 <0.000127>
19795 19:04:35.086342 ioctl(4, _IOC(_IOC_NONE, 0x75, 0x30, 0), 0xffffffffdbd8) = 0 <0.000087>
19795 19:04:35.086636 ioctl(4, _IOC(_IOC_NONE, 0x75, 0x30, 0), 0xffffffffdc08) = 0 <0.000333>
19795 19:04:35.087076 ioctl(4, _IOC(_IOC_NONE, 0x75, 0x30, 0), 0xffffffffdbd8) = 0 <0.000097>
19795 19:04:35.087410 ioctl(4, _IOC(_IOC_NONE, 0x75, 0x30, 0), 0xffffffffd948) = 0 <0.000111>
19795 19:04:35.087595 ioctl(4, _IOC(_IOC_NONE, 0x75, 0x30, 0), 0xffffffffd918) = 0 <0.000089>
19795 19:04:35.087759 ioctl(4, _IOC(_IOC_NONE, 0x75, 0x30, 0), 0xffffffffda58) = 0 <0.000065>
19795 19:04:35.087882 ioctl(4, _IOC(_IOC_NONE, 0x75, 0x30, 0), 0xffffffffda58) = 0 <0.000074>
19795 19:04:35.088039 ioctl(4, _IOC(_IOC_NONE, 0x75, 0x30, 0), 0xffffffffdc08) = 0 <0.000220>
19795 19:04:35.088324 ioctl(4, _IOC(_IOC_NONE, 0x75, 0x30, 0), 0xffffffffdbd8) = 0 <0.000089>
19795 19:04:35.088770 ioctl(4, _IOC(_IOC_NONE, 0x75, 0x30, 0), 0xffffffffd948) = 0 <0.000115>
19795 19:04:35.088962 ioctl(4, _IOC(_IOC_NONE, 0x75, 0x30, 0), 0xffffffffd918) = 0 <0.000089>
19795 19:04:35.089130 ioctl(4, _IOC(_IOC_NONE, 0x75, 0x30, 0), 0xffffffffda58) = 0 <0.000068>
19795 19:04:35.089255 ioctl(4, _IOC(_IOC_NONE, 0x75, 0x30, 0), 0xffffffffda58) = 0 <0.000070>
19795 19:04:35.089409 ioctl(4, _IOC(_IOC_NONE, 0x75, 0x30, 0), 0xffffffffdc08) = 0 <0.000111>
19795 19:04:35.089601 ioctl(4, _IOC(_IOC_NONE, 0x75, 0x30, 0), 0xffffffffdbd8) = 0 <0.000094>
19795 19:04:35.089992 ioctl(4, _IOC(_IOC_NONE, 0x75, 0x30, 0), 0xffffffffd948) = 0 <0.000433>
19795 19:04:35.090542 ioctl(4, _IOC(_IOC_NONE, 0x75, 0x30, 0), 0xffffffffd918) = 0 <0.000108>
19795 19:04:35.090758 ioctl(4, _IOC(_IOC_NONE, 0x75, 0x30, 0), 0xffffffffda58) = 0 <0.000069>
19795 19:04:35.090892 ioctl(4, _IOC(_IOC_NONE, 0x75, 0x30, 0), 0xffffffffda58) = 0 <0.000074>
19795 19:04:35.091669 ioctl(4, _IOC(_IOC_NONE, 0x75, 0x30, 0), 0xffffffffdc08) = 0 <0.000169>
19795 19:04:35.091953 ioctl(4, _IOC(_IOC_NONE, 0x75, 0x30, 0), 0xffffffffdbd8) = 0 <0.000092>
19795 19:04:35.092287 ioctl(4, _IOC(_IOC_NONE, 0x75, 0x30, 0), 0xffffffffdc08) = 0 <0.000126>
19795 19:04:35.092481 ioctl(4, _IOC(_IOC_NONE, 0x75, 0x30, 0), 0xffffffffdbd8) = 0 <0.000217>
19795 19:04:35.092966 ioctl(4, _IOC(_IOC_NONE, 0x75, 0x30, 0), 0xffffffffd948) = 0 <0.000115>
19795 19:04:35.093159 ioctl(4, _IOC(_IOC_NONE, 0x75, 0x30, 0), 0xffffffffd918) = 0 <0.000085>
19795 19:04:35.093319 ioctl(4, _IOC(_IOC_NONE, 0x75, 0x30, 0), 0xffffffffda58) = 0 <0.000067>
19795 19:04:35.093443 ioctl(4, _IOC(_IOC_NONE, 0x75, 0x30, 0), 0xffffffffda58) = 0 <0.000072>
19795 19:04:35.093630 ioctl(4, _IOC(_IOC_NONE, 0x75, 0x30, 0), 0xffffffffdc08) = 0 <0.000204>
19795 19:04:35.093927 ioctl(4, _IOC(_IOC_NONE, 0x75, 0x30, 0), 0xffffffffdbd8) = 0 <0.000091>
19795 19:04:35.094370 ioctl(4, _IOC(_IOC_NONE, 0x75, 0x30, 0), 0xffffffffd948) = 0 <0.000137>
19795 19:04:35.094591 ioctl(4, _IOC(_IOC_NONE, 0x75, 0x30, 0), 0xffffffffd918) = 0 <0.000091>
19795 19:04:35.094768 ioctl(4, _IOC(_IOC_NONE, 0x75, 0x30, 0), 0xffffffffda58) = 0 <0.000070>
19795 19:04:35.094898 ioctl(4, _IOC(_IOC_NONE, 0x75, 0x30, 0), 0xffffffffda58) = 0 <0.000539>
19795 19:04:35.095568 ioctl(4, _IOC(_IOC_NONE, 0x75, 0x30, 0), 0xffffffffdc08) = 0 <0.000132>
19795 19:04:35.095778 ioctl(4, _IOC(_IOC_NONE, 0x75, 0x30, 0), 0xffffffffdbd8) = 0 <0.000090>
19795 19:04:35.096126 ioctl(4, _IOC(_IOC_NONE, 0x75, 0x30, 0), 0xffffffffd948) = 0 <0.000111>
19795 19:04:35.096464 ioctl(4, _IOC(_IOC_NONE, 0x75, 0x30, 0), 0xffffffffd918) = 0 <0.000098>
19795 19:04:35.096647 ioctl(4, _IOC(_IOC_NONE, 0x75, 0x30, 0), 0xffffffffda58) = 0 <0.000071>
19795 19:04:35.096779 ioctl(4, _IOC(_IOC_NONE, 0x75, 0x30, 0), 0xffffffffda58) = 0 <0.000076>
19795 19:04:35.096939 ioctl(4, _IOC(_IOC_NONE, 0x75, 0x30, 0), 0xffffffffdc08) = 0 <0.000113>
19795 19:04:35.097112 ioctl(4, _IOC(_IOC_NONE, 0x75, 0x30, 0), 0xffffffffdbd8) = 0 <0.000090>
19795 19:04:35.097466 ioctl(4, _IOC(_IOC_NONE, 0x75, 0x30, 0), 0xffffffffdc08) = 0 <0.000170>
19795 19:04:35.097728 ioctl(4, _IOC(_IOC_NONE, 0x75, 0x30, 0), 0xffffffffdbd8) = 0 <0.000092>
19795 19:04:35.098062 ioctl(4, _IOC(_IOC_NONE, 0x75, 0x30, 0), 0xffffffffd948) = 0 <0.000120>
19795 19:04:35.098260 ioctl(4, _IOC(_IOC_NONE, 0x75, 0x30, 0), 0xffffffffd918) = 0 <0.000089>
19795 19:04:35.098428 ioctl(4, _IOC(_IOC_NONE, 0x75, 0x30, 0), 0xffffffffda58) = 0 <0.000067>
19795 19:04:35.098555 ioctl(4, _IOC(_IOC_NONE, 0x75, 0x30, 0), 0xffffffffda58) = 0 <0.000080>
19795 19:04:35.098715 ioctl(4, _IOC(_IOC_NONE, 0x75, 0x30, 0), 0xffffffffdc08) = 0 <0.000657>
19795 19:04:35.099474 ioctl(4, _IOC(_IOC_NONE, 0x75, 0x30, 0), 0xffffffffdbd8) = 0 <0.000114>
19795 19:04:35.099893 ioctl(4, _IOC(_IOC_NONE, 0x75, 0x30, 0), 0xffffffffd948) = 0 <0.000118>
19795 19:04:35.100096 ioctl(4, _IOC(_IOC_NONE, 0x75, 0x30, 0), 0xffffffffd918) = 0 <0.000110>
19795 19:04:35.100480 ioctl(4, _IOC(_IOC_NONE, 0x75, 0x30, 0), 0xffffffffda58) = 0 <0.000071>
19795 19:04:35.100622 ioctl(4, _IOC(_IOC_NONE, 0x75, 0x30, 0), 0xffffffffda58) = 0 <0.000077>
19795 19:04:35.100790 ioctl(4, _IOC(_IOC_NONE, 0x75, 0x30, 0), 0xffffffffdc08) = 0 <0.000124>
19795 19:04:35.100981 ioctl(4, _IOC(_IOC_NONE, 0x75, 0x30, 0), 0xffffffffdbd8) = 0 <0.000090>
19795 19:04:35.101419 ioctl(4, _IOC(_IOC_NONE, 0x75, 0x30, 0), 0xffffffffd948) = 0 <0.000206>
19795 19:04:35.101728 ioctl(4, _IOC(_IOC_NONE, 0x75, 0x30, 0), 0xffffffffd918) = 0 <0.000093>
19795 19:04:35.101914 ioctl(4, _IOC(_IOC_NONE, 0x75, 0x30, 0), 0xffffffffda58) = 0 <0.000075>
19795 19:04:35.102591 ioctl(4, _IOC(_IOC_NONE, 0x75, 0x30, 0), 0xffffffffda58) = 0 <0.000099>
19795 19:04:35.102815 ioctl(4, _IOC(_IOC_NONE, 0x75, 0x30, 0), 0xffffffffdc08) = 0 <0.000123>
19795 19:04:35.103009 ioctl(4, _IOC(_IOC_NONE, 0x75, 0x30, 0), 0xffffffffdbd8) = 0 <0.000091>
19795 19:04:35.103469 ioctl(4, _IOC(_IOC_NONE, 0x75, 0x30, 0), 0xffffffffdc08) = 0 <0.000143>
19795 19:04:35.103699 ioctl(4, _IOC(_IOC_NONE, 0x75, 0x30, 0), 0xffffffffdbd8) = 0 <0.000088>
19795 19:04:35.104024 ioctl(4, _IOC(_IOC_NONE, 0x75, 0x30, 0), 0xffffffffd948) = 0 <0.000109>
19795 19:04:35.104208 ioctl(4, _IOC(_IOC_NONE, 0x75, 0x30, 0), 0xffffffffd918) = 0 <0.000093>
19795 19:04:35.104380 ioctl(4, _IOC(_IOC_NONE, 0x75, 0x30, 0), 0xffffffffda58) = 0 <0.000077>
19795 19:04:35.104697 ioctl(4, _IOC(_IOC_NONE, 0x75, 0x30, 0), 0xffffffffda58) = 0 <0.000080>
19795 19:04:35.104870 ioctl(4, _IOC(_IOC_NONE, 0x75, 0x30, 0), 0xffffffffdc08) = 0 <0.000122>
19795 19:04:35.105059 ioctl(4, _IOC(_IOC_NONE, 0x75, 0x30, 0), 0xffffffffdbd8) = 0 <0.000091>
19795 19:04:35.105404 ioctl(4, _IOC(_IOC_NONE, 0x75, 0x30, 0), 0xffffffffd948) = 0 <0.000113>
19795 19:04:35.105638 ioctl(4, _IOC(_IOC_NONE, 0x75, 0x30, 0), 0xffffffffd918) = 0 <0.000096>
19795 19:04:35.105831 ioctl(4, _IOC(_IOC_NONE, 0x75, 0x30, 0), 0xffffffffda58) = 0 <0.000068>
19795 19:04:35.105962 ioctl(4, _IOC(_IOC_NONE, 0x75, 0x30, 0), 0xffffffffda58) = 0 <0.000074>
19795 19:04:35.106123 ioctl(4, _IOC(_IOC_NONE, 0x75, 0x30, 0), 0xffffffffdc08) = 0 <0.000121>
19795 19:04:35.106308 ioctl(4, _IOC(_IOC_NONE, 0x75, 0x30, 0), 0xffffffffdbd8) = 0 <0.000091>
19795 19:04:35.106648 ioctl(4, _IOC(_IOC_NONE, 0x75, 0x30, 0), 0xffffffffd948) = 0 <0.000115>
19795 19:04:35.106840 ioctl(4, _IOC(_IOC_NONE, 0x75, 0x30, 0), 0xffffffffd918) = 0 <0.000093>
19795 19:04:35.107339 ioctl(4, _IOC(_IOC_NONE, 0x75, 0x30, 0), 0xffffffffda58) = 0 <0.000100>
19795 19:04:35.107530 ioctl(4, _IOC(_IOC_NONE, 0x75, 0x30, 0), 0xffffffffda58) = 0 <0.000083>
19795 19:04:35.107713 ioctl(4, _IOC(_IOC_NONE, 0x75, 0x30, 0), 0xffffffffdc08) = 0 <0.000121>
19795 19:04:35.107899 ioctl(4, _IOC(_IOC_NONE, 0x75, 0x30, 0), 0xffffffffdbd8) = 0 <0.000090>
19795 19:04:35.108860 ioctl(4, _IOC(_IOC_NONE, 0x75, 0x30, 0), 0xffffffffdc08) = 0 <0.000165>
19795 19:04:35.109130 ioctl(4, _IOC(_IOC_NONE, 0x75, 0x30, 0), 0xffffffffdbd8) = 0 <0.000089>
19795 19:04:35.109668 ioctl(4, _IOC(_IOC_NONE, 0x75, 0x30, 0), 0xffffffffd948) = 0 <0.000138>
19795 19:04:35.109932 ioctl(4, _IOC(_IOC_NONE, 0x75, 0x30, 0), 0xffffffffd918) = 0 <0.000089>
19795 19:04:35.110109 ioctl(4, _IOC(_IOC_NONE, 0x75, 0x30, 0), 0xffffffffda58) = 0 <0.000064>
19795 19:04:35.110231 ioctl(4, _IOC(_IOC_NONE, 0x75, 0x30, 0), 0xffffffffda58) = 0 <0.000074>
19795 19:04:35.110391 ioctl(4, _IOC(_IOC_NONE, 0x75, 0x30, 0), 0xffffffffdc08) = 0 <0.000116>
19795 19:04:35.110569 ioctl(4, _IOC(_IOC_NONE, 0x75, 0x30, 0), 0xffffffffdbd8) = 0 <0.000217>
19795 19:04:35.111575 ioctl(4, _IOC(_IOC_NONE, 0x75, 0x30, 0), 0xffffffffd948) = 0 <0.000133>
19795 19:04:35.111812 ioctl(4, _IOC(_IOC_NONE, 0x75, 0x30, 0), 0xffffffffd918) = 0 <0.000093>
19795 19:04:35.111999 ioctl(4, _IOC(_IOC_NONE, 0x75, 0x30, 0), 0xffffffffda58) = 0 <0.000101>
19795 19:04:35.112161 ioctl(4, _IOC(_IOC_NONE, 0x75, 0x30, 0), 0xffffffffda58) = 0 <0.000075>
19795 19:04:35.112456 ioctl(4, _IOC(_IOC_NONE, 0x75, 0x30, 0), 0xffffffffdc08) = 0 <0.000133>
19795 19:04:35.112664 ioctl(4, _IOC(_IOC_NONE, 0x75, 0x30, 0), 0xffffffffdbd8) = 0 <0.000280>
19795 19:04:35.113238 ioctl(4, _IOC(_IOC_NONE, 0x75, 0x30, 0), 0xffffffffd948) = 0 <0.000126>
19795 19:04:35.113526 ioctl(4, _IOC(_IOC_NONE, 0x75, 0x30, 0), 0xffffffffd918) = 0 <0.000126>
19795 19:04:35.113769 ioctl(4, _IOC(_IOC_NONE, 0x75, 0x30, 0), 0xffffffffda58) = 0 <0.000069>
19795 19:04:35.113912 ioctl(4, _IOC(_IOC_NONE, 0x75, 0x30, 0), 0xffffffffd6f8) = 0 <0.000054>
19795 19:04:35.114043 ioctl(4, _IOC(_IOC_NONE, 0x75, 0x30, 0), 0xffffffffd768) = 0 <0.000057>
19795 19:04:35.114159 ioctl(4, _IOC(_IOC_NONE, 0x75, 0x30, 0), 0xffffffffda58) = 0 <0.000096>
19796 19:04:35.114294 <... ioctl resumed>, 0xfffff520e618) = 0 <0.028568>
19796 19:04:35.114343 ioctl(4, _IOC(_IOC_NONE, 0x75, 0x30, 0) <unfinished ...>
19795 19:04:35.115273 ioctl(4, _IOC(_IOC_NONE, 0x75, 0x30, 0) <unfinished ...>
19796 19:04:35.115331 <... ioctl resumed>, 0xfffff520e618) = 0 <0.000965>
19795 19:04:35.115508 <... ioctl resumed>, 0xffffffffdc08) = 0 <0.000185>
19796 19:04:35.115543 ioctl(4, _IOC(_IOC_NONE, 0x75, 0x30, 0) <unfinished ...>
19795 19:04:35.116691 ioctl(4, _IOC(_IOC_NONE, 0x75, 0x30, 0), 0xffffffffdbd8) = 0 <0.000175>
19795 19:04:35.117243 ioctl(4, _IOC(_IOC_NONE, 0x75, 0x30, 0) <unfinished ...>
19796 19:04:35.117299 <... ioctl resumed>, 0xfffff520e608) = 0 <0.001732>
19796 19:04:35.117349 ioctl(4, _IOC(_IOC_NONE, 0x75, 0x30, 0), 0xfffff520e618) = 0 <0.000053>
19795 19:04:35.117880 <... ioctl resumed>, 0xffffffffd948) = 0 <0.000579>
19796 19:04:35.117946 ioctl(4, _IOC(_IOC_NONE, 0x75, 0x30, 0) <unfinished ...>
19795 19:04:35.118044 ioctl(4, _IOC(_IOC_NONE, 0x75, 0x30, 0), 0xffffffffd918) = 0 <0.000093>
19795 19:04:35.118230 ioctl(4, _IOC(_IOC_NONE, 0x75, 0x30, 0), 0xffffffffda58) = 0 <0.000070>
19795 19:04:35.118370 ioctl(4, _IOC(_IOC_NONE, 0x75, 0x30, 0), 0xffffffffda58) = 0 <0.000566>
19795 19:04:35.119074 ioctl(4, _IOC(_IOC_NONE, 0x75, 0x30, 0), 0xffffffffdc08) = 0 <0.000139>
19795 19:04:35.119294 ioctl(4, _IOC(_IOC_NONE, 0x75, 0x30, 0), 0xffffffffdbd8) = 0 <0.000087>
19795 19:04:35.119637 ioctl(4, _IOC(_IOC_NONE, 0x75, 0x30, 0), 0xffffffffd948) = 0 <0.000219>
19795 19:04:35.120122 ioctl(4, _IOC(_IOC_NONE, 0x75, 0x30, 0), 0xffffffffd918) = 0 <0.000100>
19795 19:04:35.120321 ioctl(4, _IOC(_IOC_NONE, 0x75, 0x30, 0), 0xffffffffda58) = 0 <0.000067>
19795 19:04:35.120448 ioctl(4, _IOC(_IOC_NONE, 0x75, 0x30, 0), 0xffffffffda58) = 0 <0.000075>
19795 19:04:35.120610 ioctl(4, _IOC(_IOC_NONE, 0x75, 0x30, 0), 0xffffffffdc08) = 0 <0.000120>
19795 19:04:35.120793 ioctl(4, _IOC(_IOC_NONE, 0x75, 0x30, 0), 0xffffffffdbd8) = 0 <0.000089>
19795 19:04:35.121285 ioctl(4, _IOC(_IOC_NONE, 0x75, 0x30, 0), 0xffffffffd948) = 0 <0.000118>
19795 19:04:35.121489 ioctl(4, _IOC(_IOC_NONE, 0x75, 0x30, 0), 0xffffffffd918) = 0 <0.000125>
19795 19:04:35.121723 ioctl(4, _IOC(_IOC_NONE, 0x75, 0x30, 0), 0xffffffffda58) = 0 <0.000067>
19795 19:04:35.121854 ioctl(4, _IOC(_IOC_NONE, 0x75, 0x30, 0), 0xffffffffda58) = 0 <0.000071>
19795 19:04:35.122017 ioctl(4, _IOC(_IOC_NONE, 0x75, 0x30, 0), 0xffffffffdc08) = 0 <0.000146>
19795 19:04:35.122230 ioctl(4, _IOC(_IOC_NONE, 0x75, 0x30, 0), 0xffffffffdbd8) = 0 <0.000680>
19795 19:04:35.123220 ioctl(4, _IOC(_IOC_NONE, 0x75, 0x30, 0), 0xffffffffd948) = 0 <0.000129>
19795 19:04:35.123440 ioctl(4, _IOC(_IOC_NONE, 0x75, 0x30, 0), 0xffffffffd918) = 0 <0.000092>
19795 19:04:35.123613 ioctl(4, _IOC(_IOC_NONE, 0x75, 0x30, 0), 0xffffffffda58) = 0 <0.000253>
19795 19:04:35.123937 ioctl(4, _IOC(_IOC_NONE, 0x75, 0x30, 0), 0xffffffffda58) = 0 <0.000080>
19795 19:04:35.124115 ioctl(4, _IOC(_IOC_NONE, 0x75, 0x30, 0), 0xffffffffdc08) = 0 <0.000122>
19795 19:04:35.124302 ioctl(4, _IOC(_IOC_NONE, 0x75, 0x30, 0), 0xffffffffdbd8) = 0 <0.000345>
19795 19:04:35.125023 ioctl(4, _IOC(_IOC_NONE, 0x75, 0x30, 0), 0xffffffffd948) = 0 <0.000197>
19795 19:04:35.125312 ioctl(4, _IOC(_IOC_NONE, 0x75, 0x30, 0), 0xffffffffd918) = 0 <0.000086>
19795 19:04:35.125482 ioctl(4, _IOC(_IOC_NONE, 0x75, 0x30, 0), 0xffffffffda58) = 0 <0.000112>
19795 19:04:35.125681 ioctl(4, _IOC(_IOC_NONE, 0x75, 0x30, 0), 0xffffffffda58) = 0 <0.000080>
19795 19:04:35.125855 ioctl(4, _IOC(_IOC_NONE, 0x75, 0x30, 0), 0xffffffffdc08) = 0 <0.000121>
19795 19:04:35.126040 ioctl(4, _IOC(_IOC_NONE, 0x75, 0x30, 0), 0xffffffffdbd8) = 0 <0.000087>
19795 19:04:35.126380 ioctl(4, _IOC(_IOC_NONE, 0x75, 0x30, 0), 0xffffffffd948) = 0 <0.000536>
19795 19:04:35.127016 ioctl(4, _IOC(_IOC_NONE, 0x75, 0x30, 0), 0xffffffffd918) = 0 <0.000094>
19795 19:04:35.127211 ioctl(4, _IOC(_IOC_NONE, 0x75, 0x30, 0), 0xffffffffda58) = 0 <0.000070>
19795 19:04:35.127347 ioctl(4, _IOC(_IOC_NONE, 0x75, 0x30, 0), 0xffffffffda58) = 0 <0.000076>
19795 19:04:35.127514 ioctl(4, _IOC(_IOC_NONE, 0x75, 0x30, 0), 0xffffffffdc08) = 0 <0.000123>
19795 19:04:35.127964 ioctl(4, _IOC(_IOC_NONE, 0x75, 0x30, 0), 0xffffffffdbd8) = 0 <0.000108>
19795 19:04:35.128355 ioctl(4, _IOC(_IOC_NONE, 0x75, 0x30, 0), 0xffffffffd948) = 0 <0.000113>
19795 19:04:35.128547 ioctl(4, _IOC(_IOC_NONE, 0x75, 0x30, 0), 0xffffffffd918) = 0 <0.000086>
19795 19:04:35.128711 ioctl(4, _IOC(_IOC_NONE, 0x75, 0x30, 0), 0xffffffffda58) = 0 <0.000069>
19795 19:04:35.128840 ioctl(4, _IOC(_IOC_NONE, 0x75, 0x30, 0), 0xffffffffda58) = 0 <0.000073>
19795 19:04:35.129087 ioctl(4, _IOC(_IOC_NONE, 0x75, 0x30, 0), 0xffffffffdc08) = 0 <0.000125>
19795 19:04:35.129279 ioctl(4, _IOC(_IOC_NONE, 0x75, 0x30, 0), 0xffffffffdbd8) = 0 <0.000092>
19795 19:04:35.129651 ioctl(4, _IOC(_IOC_NONE, 0x75, 0x30, 0), 0xffffffffd948) = 0 <0.000123>
19795 19:04:35.129891 ioctl(4, _IOC(_IOC_NONE, 0x75, 0x30, 0), 0xffffffffd918) = 0 <0.000094>
19795 19:04:35.130072 ioctl(4, _IOC(_IOC_NONE, 0x75, 0x30, 0), 0xffffffffda58) = 0 <0.000072>
19795 19:04:35.130208 ioctl(4, _IOC(_IOC_NONE, 0x75, 0x30, 0), 0xffffffffda58) = 0 <0.000552>
19795 19:04:35.130900 ioctl(4, _IOC(_IOC_NONE, 0x75, 0x30, 0), 0xffffffffdc08) = 0 <0.000130>
19795 19:04:35.131113 ioctl(4, _IOC(_IOC_NONE, 0x75, 0x30, 0), 0xffffffffdbd8) = 0 <0.000091>
19795 19:04:35.131475 ioctl(4, _IOC(_IOC_NONE, 0x75, 0x30, 0), 0xffffffffd948) = 0 <0.000232>
19795 19:04:35.131793 ioctl(4, _IOC(_IOC_NONE, 0x75, 0x30, 0), 0xffffffffd918) = 0 <0.000091>
19795 19:04:35.131970 ioctl(4, _IOC(_IOC_NONE, 0x75, 0x30, 0), 0xffffffffda58) = 0 <0.000070>
19795 19:04:35.132106 ioctl(4, _IOC(_IOC_NONE, 0x75, 0x30, 0), 0xffffffffda58) = 0 <0.000075>
19795 19:04:35.132267 ioctl(4, _IOC(_IOC_NONE, 0x75, 0x30, 0), 0xffffffffdc08) = 0 <0.000136>
19795 19:04:35.132482 ioctl(4, _IOC(_IOC_NONE, 0x75, 0x30, 0), 0xffffffffdbd8) = 0 <0.000094>
19795 19:04:35.132838 ioctl(4, _IOC(_IOC_NONE, 0x75, 0x30, 0), 0xffffffffd948) = 0 <0.000113>
19795 19:04:35.133027 ioctl(4, _IOC(_IOC_NONE, 0x75, 0x30, 0), 0xffffffffd918) = 0 <0.000091>
19795 19:04:35.133196 ioctl(4, _IOC(_IOC_NONE, 0x75, 0x30, 0), 0xffffffffda58) = 0 <0.000069>
19795 19:04:35.133324 ioctl(4, _IOC(_IOC_NONE, 0x75, 0x30, 0), 0xffffffffda58) = 0 <0.000077>
19795 19:04:35.133489 ioctl(4, _IOC(_IOC_NONE, 0x75, 0x30, 0), 0xffffffffdc08) = 0 <0.000155>
19795 19:04:35.133721 ioctl(4, _IOC(_IOC_NONE, 0x75, 0x30, 0), 0xffffffffdbd8) = 0 <0.000089>
19795 19:04:35.134092 ioctl(4, _IOC(_IOC_NONE, 0x75, 0x30, 0), 0xffffffffd948) = 0 <0.000118>
19795 19:04:35.134294 ioctl(4, _IOC(_IOC_NONE, 0x75, 0x30, 0), 0xffffffffd918) = 0 <0.000088>
19795 19:04:35.134469 ioctl(4, _IOC(_IOC_NONE, 0x75, 0x30, 0), 0xffffffffda58) = 0 <0.000068>
19795 19:04:35.134597 ioctl(4, _IOC(_IOC_NONE, 0x75, 0x30, 0), 0xffffffffda58) = 0 <0.000077>
19795 19:04:35.134760 ioctl(4, _IOC(_IOC_NONE, 0x75, 0x30, 0), 0xffffffffdc08) = 0 <0.000116>
19795 19:04:35.134939 ioctl(4, _IOC(_IOC_NONE, 0x75, 0x30, 0), 0xffffffffdbd8) = 0 <0.000089>
19795 19:04:35.135649 ioctl(4, _IOC(_IOC_NONE, 0x75, 0x30, 0), 0xffffffffd948) = 0 <0.000124>
19795 19:04:35.135861 ioctl(4, _IOC(_IOC_NONE, 0x75, 0x30, 0), 0xffffffffd918) = 0 <0.000826>
19795 19:04:35.136816 ioctl(4, _IOC(_IOC_NONE, 0x75, 0x30, 0), 0xffffffffda58) = 0 <0.000084>
19795 19:04:35.136981 ioctl(4, _IOC(_IOC_NONE, 0x75, 0x30, 0), 0xffffffffda58) = 0 <0.000075>
19795 19:04:35.137144 ioctl(4, _IOC(_IOC_NONE, 0x75, 0x30, 0), 0xffffffffdc08) = 0 <0.000119>
19795 19:04:35.137325 ioctl(4, _IOC(_IOC_NONE, 0x75, 0x30, 0), 0xffffffffdbd8) = 0 <0.000092>
19795 19:04:35.137832 ioctl(4, _IOC(_IOC_NONE, 0x75, 0x30, 0), 0xffffffffd948) = 0 <0.000126>
19795 19:04:35.138059 ioctl(4, _IOC(_IOC_NONE, 0x75, 0x30, 0), 0xffffffffd918) = 0 <0.000088>
19795 19:04:35.138226 ioctl(4, _IOC(_IOC_NONE, 0x75, 0x30, 0), 0xffffffffda58) = 0 <0.000062>
19795 19:04:35.138345 ioctl(4, _IOC(_IOC_NONE, 0x75, 0x30, 0), 0xffffffffda58) = 0 <0.000074>
19795 19:04:35.138500 ioctl(4, _IOC(_IOC_NONE, 0x75, 0x30, 0), 0xffffffffdc08) = 0 <0.000132>
19795 19:04:35.138690 ioctl(4, _IOC(_IOC_NONE, 0x75, 0x30, 0), 0xffffffffdbd8) = 0 <0.000091>
19795 19:04:35.139459 ioctl(4, _IOC(_IOC_NONE, 0x75, 0x30, 0), 0xffffffffd948) = 0 <0.000137>
19795 19:04:35.139698 ioctl(4, _IOC(_IOC_NONE, 0x75, 0x30, 0), 0xffffffffd918) = 0 <0.000092>
19795 19:04:35.139880 ioctl(4, _IOC(_IOC_NONE, 0x75, 0x30, 0), 0xffffffffda58) = 0 <0.000068>
19795 19:04:35.140007 ioctl(4, _IOC(_IOC_NONE, 0x75, 0x30, 0), 0xffffffffda58) = 0 <0.000081>
19795 19:04:35.140177 ioctl(4, _IOC(_IOC_NONE, 0x75, 0x30, 0), 0xffffffffdc08) = 0 <0.000269>
19795 19:04:35.140521 ioctl(4, _IOC(_IOC_NONE, 0x75, 0x30, 0), 0xffffffffdbd8) = 0 <0.000093>
19795 19:04:35.140878 ioctl(4, _IOC(_IOC_NONE, 0x75, 0x30, 0), 0xffffffffd948) = 0 <0.000114>
19795 19:04:35.141069 ioctl(4, _IOC(_IOC_NONE, 0x75, 0x30, 0), 0xffffffffd918) = 0 <0.000092>
19795 19:04:35.141242 ioctl(4, _IOC(_IOC_NONE, 0x75, 0x30, 0), 0xffffffffda58) = 0 <0.000068>
19795 19:04:35.141408 ioctl(4, _IOC(_IOC_NONE, 0x75, 0x30, 0), 0xffffffffda58) = 0 <0.000077>
19795 19:04:35.141621 ioctl(4, _IOC(_IOC_NONE, 0x75, 0x30, 0), 0xffffffffdc08) = 0 <0.000131>
19795 19:04:35.141842 ioctl(4, _IOC(_IOC_NONE, 0x75, 0x30, 0), 0xffffffffdbd8) = 0 <0.000089>
19795 19:04:35.142197 ioctl(4, _IOC(_IOC_NONE, 0x75, 0x30, 0), 0xffffffffd948) = 0 <0.000121>
19795 19:04:35.142394 ioctl(4, _IOC(_IOC_NONE, 0x75, 0x30, 0), 0xffffffffd918) = 0 <0.000090>
19795 19:04:35.142563 ioctl(4, _IOC(_IOC_NONE, 0x75, 0x30, 0), 0xffffffffda58) = 0 <0.000066>
19795 19:04:35.142693 ioctl(4, _IOC(_IOC_NONE, 0x75, 0x30, 0), 0xffffffffd6f8) = 0 <0.000053>
19795 19:04:35.142807 ioctl(4, _IOC(_IOC_NONE, 0x75, 0x30, 0), 0xffffffffd768) = 0 <0.000056>
19796 19:04:35.143397 <... ioctl resumed>, 0xfffff520e618) = 0 <0.025417>
19795 19:04:35.143500 ioctl(4, _IOC(_IOC_NONE, 0x75, 0x30, 0) <unfinished ...>
19796 19:04:35.143611 ioctl(4, _IOC(_IOC_NONE, 0x75, 0x30, 0) <unfinished ...>
19795 19:04:35.143682 <... ioctl resumed>, 0xffffffffda58) = 0 <0.000154>
19796 19:04:35.143708 <... ioctl resumed>, 0xfffff520e618) = 0 <0.000076>
19795 19:04:35.143802 ioctl(4, _IOC(_IOC_NONE, 0x75, 0x30, 0) <unfinished ...>
19796 19:04:35.143830 ioctl(4, _IOC(_IOC_NONE, 0x75, 0x30, 0) <unfinished ...>
19795 19:04:35.145057 <... ioctl resumed>, 0xffffffffdc08) = 0 <0.001222>
19795 19:04:35.145143 ioctl(4, _IOC(_IOC_NONE, 0x75, 0x30, 0), 0xffffffffdbd8) = 0 <0.000136>
19796 19:04:35.145553 <... ioctl resumed>, 0xfffff520e608) = 0 <0.001697>
19795 19:04:35.145795 ioctl(4, _IOC(_IOC_NONE, 0x75, 0x30, 0) <unfinished ...>
19796 19:04:35.145844 ioctl(4, _IOC(_IOC_NONE, 0x75, 0x30, 0), 0xfffff520e618) = 0 <0.000069>
19795 19:04:35.146068 <... ioctl resumed>, 0xffffffffd948) = 0 <0.000232>
19796 19:04:35.146099 ioctl(4, _IOC(_IOC_NONE, 0x75, 0x30, 0) <unfinished ...>
19795 19:04:35.146175 ioctl(4, _IOC(_IOC_NONE, 0x75, 0x30, 0), 0xffffffffd918) = 0 <0.000092>
19795 19:04:35.146346 ioctl(4, _IOC(_IOC_NONE, 0x75, 0x30, 0), 0xffffffffda58) = 0 <0.000068>
19795 19:04:35.146478 ioctl(4, _IOC(_IOC_NONE, 0x75, 0x30, 0), 0xffffffffda58) = 0 <0.000073>
19795 19:04:35.146632 ioctl(4, _IOC(_IOC_NONE, 0x75, 0x30, 0), 0xffffffffdc08) = 0 <0.000116>
19795 19:04:35.146807 ioctl(4, _IOC(_IOC_NONE, 0x75, 0x30, 0), 0xffffffffdbd8) = 0 <0.000086>
19795 19:04:35.147667 ioctl(4, _IOC(_IOC_NONE, 0x75, 0x30, 0), 0xffffffffd948) = 0 <0.000138>
19795 19:04:35.147903 ioctl(4, _IOC(_IOC_NONE, 0x75, 0x30, 0), 0xffffffffd918) = 0 <0.000097>
19795 19:04:35.148092 ioctl(4, _IOC(_IOC_NONE, 0x75, 0x30, 0), 0xffffffffda58) = 0 <0.000067>
19795 19:04:35.148218 ioctl(4, _IOC(_IOC_NONE, 0x75, 0x30, 0), 0xffffffffda58) = 0 <0.000072>
19795 19:04:35.148378 ioctl(4, _IOC(_IOC_NONE, 0x75, 0x30, 0), 0xffffffffdc08) = 0 <0.000132>
19795 19:04:35.148759 ioctl(4, _IOC(_IOC_NONE, 0x75, 0x30, 0), 0xffffffffdbd8) = 0 <0.000089>
19795 19:04:35.149117 ioctl(4, _IOC(_IOC_NONE, 0x75, 0x30, 0), 0xffffffffd948) = 0 <0.000113>
19795 19:04:35.149307 ioctl(4, _IOC(_IOC_NONE, 0x75, 0x30, 0), 0xffffffffd918) = 0 <0.000091>
19795 19:04:35.149476 ioctl(4, _IOC(_IOC_NONE, 0x75, 0x30, 0), 0xffffffffda58) = 0 <0.000174>
19795 19:04:35.149745 ioctl(4, _IOC(_IOC_NONE, 0x75, 0x30, 0), 0xffffffffda58) = 0 <0.000081>
19795 19:04:35.149946 ioctl(4, _IOC(_IOC_NONE, 0x75, 0x30, 0), 0xffffffffdc08) = 0 <0.000526>
19795 19:04:35.150568 ioctl(4, _IOC(_IOC_NONE, 0x75, 0x30, 0), 0xffffffffdbd8) = 0 <0.000106>
19795 19:04:35.150964 ioctl(4, _IOC(_IOC_NONE, 0x75, 0x30, 0), 0xffffffffd948) = 0 <0.000127>
19795 19:04:35.151180 ioctl(4, _IOC(_IOC_NONE, 0x75, 0x30, 0), 0xffffffffd918) = 0 <0.000093>
19795 19:04:35.151357 ioctl(4, _IOC(_IOC_NONE, 0x75, 0x30, 0), 0xffffffffda58) = 0 <0.000409>
19795 19:04:35.151854 ioctl(4, _IOC(_IOC_NONE, 0x75, 0x30, 0), 0xffffffffda58) = 0 <0.000078>
19795 19:04:35.152036 ioctl(4, _IOC(_IOC_NONE, 0x75, 0x30, 0), 0xffffffffdc08) = 0 <0.000118>
19795 19:04:35.152217 ioctl(4, _IOC(_IOC_NONE, 0x75, 0x30, 0), 0xffffffffdbd8) = 0 <0.000088>
19795 19:04:35.152558 ioctl(4, _IOC(_IOC_NONE, 0x75, 0x30, 0), 0xffffffffd948) = 0 <0.000126>
19795 19:04:35.152876 ioctl(4, _IOC(_IOC_NONE, 0x75, 0x30, 0), 0xffffffffd918) = 0 <0.000087>
19795 19:04:35.153046 ioctl(4, _IOC(_IOC_NONE, 0x75, 0x30, 0), 0xffffffffda58) = 0 <0.000070>
19795 19:04:35.153175 ioctl(4, _IOC(_IOC_NONE, 0x75, 0x30, 0), 0xffffffffda58) = 0 <0.000073>
19795 19:04:35.153332 ioctl(4, _IOC(_IOC_NONE, 0x75, 0x30, 0), 0xffffffffdc08) = 0 <0.000154>
19795 19:04:35.153551 ioctl(4, _IOC(_IOC_NONE, 0x75, 0x30, 0), 0xffffffffdbd8) = 0 <0.000101>
19795 19:04:35.153975 ioctl(4, _IOC(_IOC_NONE, 0x75, 0x30, 0), 0xffffffffd948) = 0 <0.000127>
19795 19:04:35.154189 ioctl(4, _IOC(_IOC_NONE, 0x75, 0x30, 0), 0xffffffffd918) = 0 <0.000095>
19795 19:04:35.154373 ioctl(4, _IOC(_IOC_NONE, 0x75, 0x30, 0), 0xffffffffda58) = 0 <0.000650>
19795 19:04:35.155125 ioctl(4, _IOC(_IOC_NONE, 0x75, 0x30, 0), 0xffffffffda58) = 0 <0.000091>
19795 19:04:35.155330 ioctl(4, _IOC(_IOC_NONE, 0x75, 0x30, 0), 0xffffffffdc08) = 0 <0.000128>
19795 19:04:35.155525 ioctl(4, _IOC(_IOC_NONE, 0x75, 0x30, 0), 0xffffffffdbd8) = 0 <0.000178>
19795 19:04:35.156149 ioctl(4, _IOC(_IOC_NONE, 0x75, 0x30, 0), 0xffffffffd948) = 0 <0.000115>
19795 19:04:35.156349 ioctl(4, _IOC(_IOC_NONE, 0x75, 0x30, 0), 0xffffffffd918) = 0 <0.000089>
19795 19:04:35.156518 ioctl(4, _IOC(_IOC_NONE, 0x75, 0x30, 0), 0xffffffffda58) = 0 <0.000067>
19795 19:04:35.156643 ioctl(4, _IOC(_IOC_NONE, 0x75, 0x30, 0), 0xffffffffda58) = 0 <0.000076>
19795 19:04:35.156805 ioctl(4, _IOC(_IOC_NONE, 0x75, 0x30, 0), 0xffffffffdc08) = 0 <0.000226>
19795 19:04:35.157106 ioctl(4, _IOC(_IOC_NONE, 0x75, 0x30, 0), 0xffffffffdbd8) = 0 <0.000094>
19795 19:04:35.157461 ioctl(4, _IOC(_IOC_NONE, 0x75, 0x30, 0), 0xffffffffd948) = 0 <0.000159>
19795 19:04:35.157713 ioctl(4, _IOC(_IOC_NONE, 0x75, 0x30, 0), 0xffffffffd918) = 0 <0.000094>
19795 19:04:35.157895 ioctl(4, _IOC(_IOC_NONE, 0x75, 0x30, 0), 0xffffffffda58) = 0 <0.000069>
19795 19:04:35.158030 ioctl(4, _IOC(_IOC_NONE, 0x75, 0x30, 0), 0xffffffffda58) = 0 <0.000075>
19795 19:04:35.158193 ioctl(4, _IOC(_IOC_NONE, 0x75, 0x30, 0), 0xffffffffdc08) = 0 <0.000118>
19795 19:04:35.158370 ioctl(4, _IOC(_IOC_NONE, 0x75, 0x30, 0), 0xffffffffdbd8) = 0 <0.000088>
19795 19:04:35.158707 ioctl(4, _IOC(_IOC_NONE, 0x75, 0x30, 0), 0xffffffffd948) = 0 <0.000114>
19795 19:04:35.158896 ioctl(4, _IOC(_IOC_NONE, 0x75, 0x30, 0), 0xffffffffd918) = 0 <0.000093>
19795 19:04:35.159067 ioctl(4, _IOC(_IOC_NONE, 0x75, 0x30, 0), 0xffffffffda58) = 0 <0.000069>
19795 19:04:35.159194 ioctl(4, _IOC(_IOC_NONE, 0x75, 0x30, 0), 0xffffffffda58) = 0 <0.000076>
19795 19:04:35.159356 ioctl(4, _IOC(_IOC_NONE, 0x75, 0x30, 0), 0xffffffffdc08) = 0 <0.000707>
19795 19:04:35.160156 ioctl(4, _IOC(_IOC_NONE, 0x75, 0x30, 0), 0xffffffffdbd8) = 0 <0.000096>
19795 19:04:35.160532 ioctl(4, _IOC(_IOC_NONE, 0x75, 0x30, 0), 0xffffffffd948) = 0 <0.000324>
19795 19:04:35.160951 ioctl(4, _IOC(_IOC_NONE, 0x75, 0x30, 0), 0xffffffffd918) = 0 <0.000094>
19795 19:04:35.161139 ioctl(4, _IOC(_IOC_NONE, 0x75, 0x30, 0), 0xffffffffda58) = 0 <0.000069>
19795 19:04:35.161274 ioctl(4, _IOC(_IOC_NONE, 0x75, 0x30, 0), 0xffffffffda58) = 0 <0.000077>
19795 19:04:35.161440 ioctl(4, _IOC(_IOC_NONE, 0x75, 0x30, 0), 0xffffffffdc08) = 0 <0.000151>
19795 19:04:35.161690 ioctl(4, _IOC(_IOC_NONE, 0x75, 0x30, 0), 0xffffffffdbd8) = 0 <0.000094>
19795 19:04:35.162159 ioctl(4, _IOC(_IOC_NONE, 0x75, 0x30, 0), 0xffffffffd948) = 0 <0.000116>
19795 19:04:35.162357 ioctl(4, _IOC(_IOC_NONE, 0x75, 0x30, 0), 0xffffffffd918) = 0 <0.000094>
19795 19:04:35.162527 ioctl(4, _IOC(_IOC_NONE, 0x75, 0x30, 0), 0xffffffffda58) = 0 <0.000066>
19795 19:04:35.162654 ioctl(4, _IOC(_IOC_NONE, 0x75, 0x30, 0), 0xffffffffda58) = 0 <0.000074>
19795 19:04:35.162816 ioctl(4, _IOC(_IOC_NONE, 0x75, 0x30, 0), 0xffffffffdc08) = 0 <0.000119>
19795 19:04:35.162996 ioctl(4, _IOC(_IOC_NONE, 0x75, 0x30, 0), 0xffffffffdbd8) = 0 <0.000089>
19795 19:04:35.163343 ioctl(4, _IOC(_IOC_NONE, 0x75, 0x30, 0), 0xffffffffd948) = 0 <0.000145>
19795 19:04:35.163568 ioctl(4, _IOC(_IOC_NONE, 0x75, 0x30, 0), 0xffffffffd918) = 0 <0.000095>
19795 19:04:35.163784 ioctl(4, _IOC(_IOC_NONE, 0x75, 0x30, 0), 0xffffffffda58) = 0 <0.000068>
19795 19:04:35.163913 ioctl(4, _IOC(_IOC_NONE, 0x75, 0x30, 0), 0xffffffffda58) = 0 <0.000075>
19795 19:04:35.164077 ioctl(4, _IOC(_IOC_NONE, 0x75, 0x30, 0), 0xffffffffdc08) = 0 <0.000119>
19795 19:04:35.164259 ioctl(4, _IOC(_IOC_NONE, 0x75, 0x30, 0), 0xffffffffdbd8) = 0 <0.000091>
19795 19:04:35.164606 ioctl(4, _IOC(_IOC_NONE, 0x75, 0x30, 0), 0xffffffffd948) = 0 <0.000112>
19795 19:04:35.164794 ioctl(4, _IOC(_IOC_NONE, 0x75, 0x30, 0), 0xffffffffd918) = 0 <0.000092>
19795 19:04:35.164962 ioctl(4, _IOC(_IOC_NONE, 0x75, 0x30, 0), 0xffffffffda58) = 0 <0.000068>
19795 19:04:35.165088 ioctl(4, _IOC(_IOC_NONE, 0x75, 0x30, 0), 0xffffffffda58) = 0 <0.000074>
19795 19:04:35.165246 ioctl(4, _IOC(_IOC_NONE, 0x75, 0x30, 0), 0xffffffffdc08) = 0 <0.000131>
19795 19:04:35.165439 ioctl(4, _IOC(_IOC_NONE, 0x75, 0x30, 0), 0xffffffffdbd8) = 0 <0.000087>
19795 19:04:35.165955 ioctl(4, _IOC(_IOC_NONE, 0x75, 0x30, 0), 0xffffffffd948) = 0 <0.000147>
19795 19:04:35.166231 ioctl(4, _IOC(_IOC_NONE, 0x75, 0x30, 0), 0xffffffffd918) = 0 <0.000108>
19795 19:04:35.166462 ioctl(4, _IOC(_IOC_NONE, 0x75, 0x30, 0), 0xffffffffda58) = 0 <0.000076>
19795 19:04:35.166615 ioctl(4, _IOC(_IOC_NONE, 0x75, 0x30, 0), 0xffffffffda58) = 0 <0.000085>
19795 19:04:35.166801 ioctl(4, _IOC(_IOC_NONE, 0x75, 0x30, 0), 0xffffffffdc08) = 0 <0.000127>
19795 19:04:35.167177 ioctl(4, _IOC(_IOC_NONE, 0x75, 0x30, 0), 0xffffffffdbd8) = 0 <0.000098>
19795 19:04:35.167539 ioctl(4, _IOC(_IOC_NONE, 0x75, 0x30, 0), 0xffffffffd948) = 0 <0.000113>
19795 19:04:35.167733 ioctl(4, _IOC(_IOC_NONE, 0x75, 0x30, 0), 0xffffffffd918) = 0 <0.000090>
19795 19:04:35.167908 ioctl(4, _IOC(_IOC_NONE, 0x75, 0x30, 0), 0xffffffffda58) = 0 <0.000067>
19795 19:04:35.168036 ioctl(4, _IOC(_IOC_NONE, 0x75, 0x30, 0), 0xffffffffda58) = 0 <0.000075>
19795 19:04:35.168197 ioctl(4, _IOC(_IOC_NONE, 0x75, 0x30, 0), 0xffffffffdc08) = 0 <0.000125>
19795 19:04:35.168472 ioctl(4, _IOC(_IOC_NONE, 0x75, 0x30, 0), 0xffffffffdbd8) = 0 <0.000091>
19795 19:04:35.168817 ioctl(4, _IOC(_IOC_NONE, 0x75, 0x30, 0), 0xffffffffd948) = 0 <0.000117>
19795 19:04:35.169012 ioctl(4, _IOC(_IOC_NONE, 0x75, 0x30, 0), 0xffffffffd918) = 0 <0.000089>
19795 19:04:35.169179 ioctl(4, _IOC(_IOC_NONE, 0x75, 0x30, 0), 0xffffffffda58) = 0 <0.000066>
19795 19:04:35.169310 ioctl(4, _IOC(_IOC_NONE, 0x75, 0x30, 0), 0xffffffffd6f8) = 0 <0.000051>
19795 19:04:35.169420 ioctl(4, _IOC(_IOC_NONE, 0x75, 0x30, 0), 0xffffffffd768) = 0 <0.000076>
19796 19:04:35.169535 <... ioctl resumed>, 0xfffff520e618) = 0 <0.023415>
19795 19:04:35.169627 ioctl(4, _IOC(_IOC_NONE, 0x75, 0x30, 0) <unfinished ...>
19796 19:04:35.169742 ioctl(4, _IOC(_IOC_NONE, 0x75, 0x30, 0) <unfinished ...>
19795 19:04:35.169814 <... ioctl resumed>, 0xffffffffda58) = 0 <0.000152>
19796 19:04:35.169841 <... ioctl resumed>, 0xfffff520e618) = 0 <0.000077>
19796 19:04:35.169889 ioctl(4, _IOC(_IOC_NONE, 0x75, 0x30, 0) <unfinished ...>
19795 19:04:35.169967 ioctl(4, _IOC(_IOC_NONE, 0x75, 0x30, 0), 0xffffffffdc08) = 0 <0.001075>
19795 19:04:35.171136 ioctl(4, _IOC(_IOC_NONE, 0x75, 0x30, 0), 0xffffffffdbd8) = 0 <0.000271>
19796 19:04:35.171739 <... ioctl resumed>, 0xfffff520e608) = 0 <0.001818>
19795 19:04:35.171809 ioctl(4, _IOC(_IOC_NONE, 0x75, 0x30, 0) <unfinished ...>
19796 19:04:35.171871 ioctl(4, _IOC(_IOC_NONE, 0x75, 0x30, 0), 0xfffff520e618) = 0 <0.000069>
19796 19:04:35.171999 ioctl(4, _IOC(_IOC_NONE, 0x75, 0x30, 0) <unfinished ...>
19795 19:04:35.172159 <... ioctl resumed>, 0xffffffffd948) = 0 <0.000320>
19795 19:04:35.172219 ioctl(4, _IOC(_IOC_NONE, 0x75, 0x30, 0), 0xffffffffd918) = 0 <0.000100>
19795 19:04:35.172574 ioctl(4, _IOC(_IOC_NONE, 0x75, 0x30, 0), 0xffffffffda58) = 0 <0.000092>
19795 19:04:35.172767 ioctl(4, _IOC(_IOC_NONE, 0x75, 0x30, 0), 0xffffffffda58) = 0 <0.000085>
19795 19:04:35.172950 ioctl(4, _IOC(_IOC_NONE, 0x75, 0x30, 0), 0xffffffffdc08) = 0 <0.000122>
19795 19:04:35.173135 ioctl(4, _IOC(_IOC_NONE, 0x75, 0x30, 0), 0xffffffffdbd8) = 0 <0.000092>
19795 19:04:35.173479 ioctl(4, _IOC(_IOC_NONE, 0x75, 0x30, 0), 0xffffffffd948) = 0 <0.000136>
19795 19:04:35.173902 ioctl(4, _IOC(_IOC_NONE, 0x75, 0x30, 0), 0xffffffffd918) = 0 <0.000098>
19795 19:04:35.174104 ioctl(4, _IOC(_IOC_NONE, 0x75, 0x30, 0), 0xffffffffda58) = 0 <0.000074>
19795 19:04:35.174249 ioctl(4, _IOC(_IOC_NONE, 0x75, 0x30, 0), 0xffffffffda58) = 0 <0.000075>
19795 19:04:35.174413 ioctl(4, _IOC(_IOC_NONE, 0x75, 0x30, 0), 0xffffffffdc08) = 0 <0.000432>
19795 19:04:35.174941 ioctl(4, _IOC(_IOC_NONE, 0x75, 0x30, 0), 0xffffffffdbd8) = 0 <0.000102>
19795 19:04:35.175309 ioctl(4, _IOC(_IOC_NONE, 0x75, 0x30, 0), 0xffffffffd948) = 0 <0.000112>
19795 19:04:35.175498 ioctl(4, _IOC(_IOC_NONE, 0x75, 0x30, 0), 0xffffffffd918) = 0 <0.000088>
19795 19:04:35.175667 ioctl(4, _IOC(_IOC_NONE, 0x75, 0x30, 0), 0xffffffffda58) = 0 <0.000073>
19795 19:04:35.175797 ioctl(4, _IOC(_IOC_NONE, 0x75, 0x30, 0), 0xffffffffda58) = 0 <0.000287>
19795 19:04:35.176195 ioctl(4, _IOC(_IOC_NONE, 0x75, 0x30, 0), 0xffffffffdc08) = 0 <0.000129>
19795 19:04:35.176396 ioctl(4, _IOC(_IOC_NONE, 0x75, 0x30, 0), 0xffffffffdbd8) = 0 <0.000085>
19795 19:04:35.176738 ioctl(4, _IOC(_IOC_NONE, 0x75, 0x30, 0), 0xffffffffd948) = 0 <0.000122>
19795 19:04:35.176962 ioctl(4, _IOC(_IOC_NONE, 0x75, 0x30, 0), 0xffffffffd918) = 0 <0.000094>
19795 19:04:35.177143 ioctl(4, _IOC(_IOC_NONE, 0x75, 0x30, 0), 0xffffffffda58) = 0 <0.000071>
19795 19:04:35.177277 ioctl(4, _IOC(_IOC_NONE, 0x75, 0x30, 0), 0xffffffffda58) = 0 <0.000075>
19795 19:04:35.177437 ioctl(4, _IOC(_IOC_NONE, 0x75, 0x30, 0), 0xffffffffdc08) = 0 <0.000146>
19795 19:04:35.177677 ioctl(4, _IOC(_IOC_NONE, 0x75, 0x30, 0), 0xffffffffdbd8) = 0 <0.000096>
19795 19:04:35.178052 ioctl(4, _IOC(_IOC_NONE, 0x75, 0x30, 0), 0xffffffffd948) = 0 <0.000112>
19795 19:04:35.178240 ioctl(4, _IOC(_IOC_NONE, 0x75, 0x30, 0), 0xffffffffd918) = 0 <0.000089>
19795 19:04:35.178412 ioctl(4, _IOC(_IOC_NONE, 0x75, 0x30, 0), 0xffffffffda58) = 0 <0.000066>
19795 19:04:35.178538 ioctl(4, _IOC(_IOC_NONE, 0x75, 0x30, 0), 0xffffffffda58) = 0 <0.000705>
19795 19:04:35.179372 ioctl(4, _IOC(_IOC_NONE, 0x75, 0x30, 0), 0xffffffffdc08) = 0 <0.000138>
19795 19:04:35.179596 ioctl(4, _IOC(_IOC_NONE, 0x75, 0x30, 0), 0xffffffffdbd8) = 0 <0.000087>
19795 19:04:35.180116 ioctl(4, _IOC(_IOC_NONE, 0x75, 0x30, 0), 0xffffffffd948) = 0 <0.000131>
19795 19:04:35.180337 ioctl(4, _IOC(_IOC_NONE, 0x75, 0x30, 0), 0xffffffffd918) = 0 <0.000089>
19795 19:04:35.180506 ioctl(4, _IOC(_IOC_NONE, 0x75, 0x30, 0), 0xffffffffda58) = 0 <0.000066>
19795 19:04:35.180631 ioctl(4, _IOC(_IOC_NONE, 0x75, 0x30, 0), 0xffffffffda58) = 0 <0.000075>
19795 19:04:35.180793 ioctl(4, _IOC(_IOC_NONE, 0x75, 0x30, 0), 0xffffffffdc08) = 0 <0.000393>
19795 19:04:35.181272 ioctl(4, _IOC(_IOC_NONE, 0x75, 0x30, 0), 0xffffffffdbd8) = 0 <0.000105>
19795 19:04:35.181699 ioctl(4, _IOC(_IOC_NONE, 0x75, 0x30, 0), 0xffffffffd948) = 0 <0.000117>
19795 19:04:35.181926 ioctl(4, _IOC(_IOC_NONE, 0x75, 0x30, 0), 0xffffffffd918) = 0 <0.000091>
19795 19:04:35.182106 ioctl(4, _IOC(_IOC_NONE, 0x75, 0x30, 0), 0xffffffffda58) = 0 <0.000090>
19795 19:04:35.182735 ioctl(4, _IOC(_IOC_NONE, 0x75, 0x30, 0), 0xffffffffda58) = 0 <0.000093>
19795 19:04:35.182952 ioctl(4, _IOC(_IOC_NONE, 0x75, 0x30, 0), 0xffffffffdc08) = 0 <0.000127>
19795 19:04:35.183150 ioctl(4, _IOC(_IOC_NONE, 0x75, 0x30, 0), 0xffffffffdbd8) = 0 <0.000090>
19795 19:04:35.183648 ioctl(4, _IOC(_IOC_NONE, 0x75, 0x30, 0), 0xffffffffd948) = 0 <0.000126>
19795 19:04:35.183860 ioctl(4, _IOC(_IOC_NONE, 0x75, 0x30, 0), 0xffffffffd918) = 0 <0.000088>
19795 19:04:35.184198 ioctl(4, _IOC(_IOC_NONE, 0x75, 0x30, 0), 0xffffffffda58) = 0 <0.000081>
19795 19:04:35.184353 ioctl(4, _IOC(_IOC_NONE, 0x75, 0x30, 0), 0xffffffffda58) = 0 <0.000075>
19795 19:04:35.184521 ioctl(4, _IOC(_IOC_NONE, 0x75, 0x30, 0), 0xffffffffdc08) = 0 <0.000251>
19795 19:04:35.184867 ioctl(4, _IOC(_IOC_NONE, 0x75, 0x30, 0), 0xffffffffdbd8) = 0 <0.000095>
19795 19:04:35.185246 ioctl(4, _IOC(_IOC_NONE, 0x75, 0x30, 0), 0xffffffffd948) = 0 <0.000119>
19795 19:04:35.185441 ioctl(4, _IOC(_IOC_NONE, 0x75, 0x30, 0), 0xffffffffd918) = 0 <0.000133>
19795 19:04:35.185738 ioctl(4, _IOC(_IOC_NONE, 0x75, 0x30, 0), 0xffffffffda58) = 0 <0.000069>
19795 19:04:35.185878 ioctl(4, _IOC(_IOC_NONE, 0x75, 0x30, 0), 0xffffffffda58) = 0 <0.000073>
19795 19:04:35.186038 ioctl(4, _IOC(_IOC_NONE, 0x75, 0x30, 0), 0xffffffffdc08) = 0 <0.000691>
19795 19:04:35.186831 ioctl(4, _IOC(_IOC_NONE, 0x75, 0x30, 0), 0xffffffffdbd8) = 0 <0.000109>
19795 19:04:35.187233 ioctl(4, _IOC(_IOC_NONE, 0x75, 0x30, 0), 0xffffffffd948) = 0 <0.000127>
19795 19:04:35.187447 ioctl(4, _IOC(_IOC_NONE, 0x75, 0x30, 0), 0xffffffffd918) = 0 <0.000268>
19795 19:04:35.187818 ioctl(4, _IOC(_IOC_NONE, 0x75, 0x30, 0), 0xffffffffda58) = 0 <0.000071>
19795 19:04:35.187961 ioctl(4, _IOC(_IOC_NONE, 0x75, 0x30, 0), 0xffffffffda58) = 0 <0.000075>
19795 19:04:35.188367 ioctl(4, _IOC(_IOC_NONE, 0x75, 0x30, 0), 0xffffffffdc08) = 0 <0.000136>
19795 19:04:35.188582 ioctl(4, _IOC(_IOC_NONE, 0x75, 0x30, 0), 0xffffffffdbd8) = 0 <0.000093>
19795 19:04:35.189012 ioctl(4, _IOC(_IOC_NONE, 0x75, 0x30, 0), 0xffffffffd948) = 0 <0.000115>
19795 19:04:35.189207 ioctl(4, _IOC(_IOC_NONE, 0x75, 0x30, 0), 0xffffffffd918) = 0 <0.000089>
19795 19:04:35.189373 ioctl(4, _IOC(_IOC_NONE, 0x75, 0x30, 0), 0xffffffffda58) = 0 <0.000064>
19795 19:04:35.189512 ioctl(4, _IOC(_IOC_NONE, 0x75, 0x30, 0), 0xffffffffda58) = 0 <0.000108>
19795 19:04:35.189736 ioctl(4, _IOC(_IOC_NONE, 0x75, 0x30, 0), 0xffffffffdc08) = 0 <0.000119>
19795 19:04:35.189924 ioctl(4, _IOC(_IOC_NONE, 0x75, 0x30, 0), 0xffffffffdbd8) = 0 <0.000089>
19795 19:04:35.190289 ioctl(4, _IOC(_IOC_NONE, 0x75, 0x30, 0), 0xffffffffd948) = 0 <0.000631>
19795 19:04:35.191034 ioctl(4, _IOC(_IOC_NONE, 0x75, 0x30, 0), 0xffffffffd918) = 0 <0.000101>
19795 19:04:35.191241 ioctl(4, _IOC(_IOC_NONE, 0x75, 0x30, 0), 0xffffffffda58) = 0 <0.000066>
19795 19:04:35.191371 ioctl(4, _IOC(_IOC_NONE, 0x75, 0x30, 0), 0xffffffffda58) = 0 <0.000076>
19795 19:04:35.191535 ioctl(4, _IOC(_IOC_NONE, 0x75, 0x30, 0), 0xffffffffdc08) = 0 <0.000290>
19795 19:04:35.191907 ioctl(4, _IOC(_IOC_NONE, 0x75, 0x30, 0), 0xffffffffdbd8) = 0 <0.000092>
19795 19:04:35.192261 ioctl(4, _IOC(_IOC_NONE, 0x75, 0x30, 0), 0xffffffffd948) = 0 <0.000253>
19795 19:04:35.192602 ioctl(4, _IOC(_IOC_NONE, 0x75, 0x30, 0), 0xffffffffd918) = 0 <0.000161>
19795 19:04:35.192861 ioctl(4, _IOC(_IOC_NONE, 0x75, 0x30, 0), 0xffffffffda58) = 0 <0.000069>
19795 19:04:35.192996 ioctl(4, _IOC(_IOC_NONE, 0x75, 0x30, 0), 0xffffffffda58) = 0 <0.000074>
19795 19:04:35.193158 ioctl(4, _IOC(_IOC_NONE, 0x75, 0x30, 0), 0xffffffffdc08) = 0 <0.000136>
19795 19:04:35.193357 ioctl(4, _IOC(_IOC_NONE, 0x75, 0x30, 0), 0xffffffffdbd8) = 0 <0.000086>
19795 19:04:35.193752 ioctl(4, _IOC(_IOC_NONE, 0x75, 0x30, 0), 0xffffffffd948) = 0 <0.000140>
19795 19:04:35.194603 ioctl(4, _IOC(_IOC_NONE, 0x75, 0x30, 0), 0xffffffffd918) = 0 <0.000113>
19795 19:04:35.194865 ioctl(4, _IOC(_IOC_NONE, 0x75, 0x30, 0), 0xffffffffda58) = 0 <0.000075>
19795 19:04:35.195012 ioctl(4, _IOC(_IOC_NONE, 0x75, 0x30, 0), 0xffffffffda58) = 0 <0.000075>
19795 19:04:35.195183 ioctl(4, _IOC(_IOC_NONE, 0x75, 0x30, 0), 0xffffffffdc08) = 0 <0.000284>
19795 19:04:35.195546 ioctl(4, _IOC(_IOC_NONE, 0x75, 0x30, 0), 0xffffffffdbd8) = 0 <0.000091>
19795 19:04:35.195914 ioctl(4, _IOC(_IOC_NONE, 0x75, 0x30, 0), 0xffffffffd948) = 0 <0.000320>
19795 19:04:35.196333 ioctl(4, _IOC(_IOC_NONE, 0x75, 0x30, 0), 0xffffffffd918) = 0 <0.000186>
19795 19:04:35.196623 ioctl(4, _IOC(_IOC_NONE, 0x75, 0x30, 0), 0xffffffffda58) = 0 <0.000075>
19795 19:04:35.196765 ioctl(4, _IOC(_IOC_NONE, 0x75, 0x30, 0), 0xffffffffda58) = 0 <0.000081>
19795 19:04:35.197020 ioctl(4, _IOC(_IOC_NONE, 0x75, 0x30, 0), 0xffffffffdc08) = 0 <0.000121>
19795 19:04:35.197204 ioctl(4, _IOC(_IOC_NONE, 0x75, 0x30, 0), 0xffffffffdbd8) = 0 <0.000090>
19795 19:04:35.197548 ioctl(4, _IOC(_IOC_NONE, 0x75, 0x30, 0), 0xffffffffd948) = 0 <0.000128>
19795 19:04:35.197814 ioctl(4, _IOC(_IOC_NONE, 0x75, 0x30, 0), 0xffffffffd918) = 0 <0.000087>
19795 19:04:35.197987 ioctl(4, _IOC(_IOC_NONE, 0x75, 0x30, 0), 0xffffffffda58) = 0 <0.000066>
19795 19:04:35.198117 ioctl(4, _IOC(_IOC_NONE, 0x75, 0x30, 0), 0xffffffffd6f8) = 0 <0.000052>
19795 19:04:35.198798 ioctl(4, _IOC(_IOC_NONE, 0x75, 0x30, 0), 0xffffffffd768) = 0 <0.000091>
19796 19:04:35.198956 <... ioctl resumed>, 0xfffff520e618) = 0 <0.026932>
19795 19:04:35.199022 ioctl(4, _IOC(_IOC_NONE, 0x75, 0x30, 0) <unfinished ...>
19796 19:04:35.199124 ioctl(4, _IOC(_IOC_NONE, 0x75, 0x30, 0) <unfinished ...>
19795 19:04:35.199156 <... ioctl resumed>, 0xffffffffda58) = 0 <0.000108>
19796 19:04:35.199228 <... ioctl resumed>, 0xfffff520e618) = 0 <0.000081>
19795 19:04:35.199326 ioctl(4, _IOC(_IOC_NONE, 0x75, 0x30, 0) <unfinished ...>
19796 19:04:35.199356 ioctl(4, _IOC(_IOC_NONE, 0x75, 0x30, 0), 0xfffff520e608) = 0 <0.001111>
19795 19:04:35.200736 <... ioctl resumed>, 0xffffffffdc08) = 0 <0.001380>
19795 19:04:35.200814 ioctl(4, _IOC(_IOC_NONE, 0x75, 0x30, 0), 0xffffffffdbd8) = 0 <0.000286>
19795 19:04:35.201384 ioctl(4, _IOC(_IOC_NONE, 0x75, 0x30, 0) <unfinished ...>
19796 19:04:35.201460 ioctl(4, _IOC(_IOC_NONE, 0x75, 0x30, 0), 0xfffff520e618) = 0 <0.000062>
19796 19:04:35.201604 ioctl(4, _IOC(_IOC_NONE, 0x75, 0x30, 0) <unfinished ...>
19795 19:04:35.201785 <... ioctl resumed>, 0xffffffffd948) = 0 <0.000354>
19795 19:04:35.201839 ioctl(4, _IOC(_IOC_NONE, 0x75, 0x30, 0), 0xffffffffd918) = 0 <0.000088>
19795 19:04:35.202010 ioctl(4, _IOC(_IOC_NONE, 0x75, 0x30, 0), 0xffffffffda58) = 0 <0.000088>
19795 19:04:35.202167 ioctl(4, _IOC(_IOC_NONE, 0x75, 0x30, 0), 0xffffffffda58) = 0 <0.000507>
19795 19:04:35.202810 ioctl(4, _IOC(_IOC_NONE, 0x75, 0x30, 0), 0xffffffffdc08) = 0 <0.000135>
19795 19:04:35.203031 ioctl(4, _IOC(_IOC_NONE, 0x75, 0x30, 0), 0xffffffffdbd8) = 0 <0.000094>
19795 19:04:35.203393 ioctl(4, _IOC(_IOC_NONE, 0x75, 0x30, 0), 0xffffffffd948) = 0 <0.000115>
19795 19:04:35.203586 ioctl(4, _IOC(_IOC_NONE, 0x75, 0x30, 0), 0xffffffffd918) = 0 <0.000255>
19795 19:04:35.203940 ioctl(4, _IOC(_IOC_NONE, 0x75, 0x30, 0), 0xffffffffda58) = 0 <0.000286>
19795 19:04:35.204306 ioctl(4, _IOC(_IOC_NONE, 0x75, 0x30, 0), 0xffffffffda58) = 0 <0.000077>
19795 19:04:35.204479 ioctl(4, _IOC(_IOC_NONE, 0x75, 0x30, 0), 0xffffffffdc08) = 0 <0.000124>
19795 19:04:35.204670 ioctl(4, _IOC(_IOC_NONE, 0x75, 0x30, 0), 0xffffffffdbd8) = 0 <0.000167>
19795 19:04:35.205140 ioctl(4, _IOC(_IOC_NONE, 0x75, 0x30, 0), 0xffffffffd948) = 0 <0.000126>
19795 19:04:35.205349 ioctl(4, _IOC(_IOC_NONE, 0x75, 0x30, 0), 0xffffffffd918) = 0 <0.000089>
19795 19:04:35.205516 ioctl(4, _IOC(_IOC_NONE, 0x75, 0x30, 0), 0xffffffffda58) = 0 <0.000108>
19795 19:04:35.205713 ioctl(4, _IOC(_IOC_NONE, 0x75, 0x30, 0), 0xffffffffda58) = 0 <0.000077>
19795 19:04:35.205881 ioctl(4, _IOC(_IOC_NONE, 0x75, 0x30, 0), 0xffffffffdc08) = 0 <0.000121>
19795 19:04:35.206061 ioctl(4, _IOC(_IOC_NONE, 0x75, 0x30, 0), 0xffffffffdbd8) = 0 <0.000595>
19795 19:04:35.207047 ioctl(4, _IOC(_IOC_NONE, 0x75, 0x30, 0), 0xffffffffd948) = 0 <0.000126>
19795 19:04:35.207262 ioctl(4, _IOC(_IOC_NONE, 0x75, 0x30, 0), 0xffffffffd918) = 0 <0.000088>
19795 19:04:35.207585 ioctl(4, _IOC(_IOC_NONE, 0x75, 0x30, 0), 0xffffffffda58) = 0 <0.000084>
19795 19:04:35.207745 ioctl(4, _IOC(_IOC_NONE, 0x75, 0x30, 0), 0xffffffffda58) = 0 <0.000075>
19795 19:04:35.207910 ioctl(4, _IOC(_IOC_NONE, 0x75, 0x30, 0), 0xffffffffdc08) = 0 <0.000121>
19795 19:04:35.208093 ioctl(4, _IOC(_IOC_NONE, 0x75, 0x30, 0), 0xffffffffdbd8) = 0 <0.000089>
19795 19:04:35.208646 ioctl(4, _IOC(_IOC_NONE, 0x75, 0x30, 0), 0xffffffffd948) = 0 <0.000120>
19795 19:04:35.208857 ioctl(4, _IOC(_IOC_NONE, 0x75, 0x30, 0), 0xffffffffd918) = 0 <0.000086>
19795 19:04:35.209024 ioctl(4, _IOC(_IOC_NONE, 0x75, 0x30, 0), 0xffffffffda58) = 0 <0.000069>
19795 19:04:35.209152 ioctl(4, _IOC(_IOC_NONE, 0x75, 0x30, 0), 0xffffffffda58) = 0 <0.000074>
19795 19:04:35.209314 ioctl(4, _IOC(_IOC_NONE, 0x75, 0x30, 0), 0xffffffffdc08) = 0 <0.000122>
19795 19:04:35.209499 ioctl(4, _IOC(_IOC_NONE, 0x75, 0x30, 0), 0xffffffffdbd8) = 0 <0.000197>
19795 19:04:35.210015 ioctl(4, _IOC(_IOC_NONE, 0x75, 0x30, 0), 0xffffffffd948) = 0 <0.000639>
19795 19:04:35.210774 ioctl(4, _IOC(_IOC_NONE, 0x75, 0x30, 0), 0xffffffffd918) = 0 <0.000112>
19795 19:04:35.211027 ioctl(4, _IOC(_IOC_NONE, 0x75, 0x30, 0), 0xffffffffda58) = 0 <0.000074>
19795 19:04:35.211172 ioctl(4, _IOC(_IOC_NONE, 0x75, 0x30, 0), 0xffffffffda58) = 0 <0.000074>
19795 19:04:35.211337 ioctl(4, _IOC(_IOC_NONE, 0x75, 0x30, 0), 0xffffffffdc08) = 0 <0.000297>
19795 19:04:35.211714 ioctl(4, _IOC(_IOC_NONE, 0x75, 0x30, 0), 0xffffffffdbd8) = 0 <0.000095>
19795 19:04:35.212080 ioctl(4, _IOC(_IOC_NONE, 0x75, 0x30, 0), 0xffffffffd948) = 0 <0.000312>
19795 19:04:35.212487 ioctl(4, _IOC(_IOC_NONE, 0x75, 0x30, 0), 0xffffffffd918) = 0 <0.000164>
19795 19:04:35.212749 ioctl(4, _IOC(_IOC_NONE, 0x75, 0x30, 0), 0xffffffffda58) = 0 <0.000069>
19795 19:04:35.212891 ioctl(4, _IOC(_IOC_NONE, 0x75, 0x30, 0), 0xffffffffda58) = 0 <0.000075>
19795 19:04:35.213054 ioctl(4, _IOC(_IOC_NONE, 0x75, 0x30, 0), 0xffffffffdc08) = 0 <0.000118>
19795 19:04:35.213235 ioctl(4, _IOC(_IOC_NONE, 0x75, 0x30, 0), 0xffffffffdbd8) = 0 <0.000089>
19795 19:04:35.213615 ioctl(4, _IOC(_IOC_NONE, 0x75, 0x30, 0), 0xffffffffd948) = 0 <0.000126>
19795 19:04:35.213849 ioctl(4, _IOC(_IOC_NONE, 0x75, 0x30, 0), 0xffffffffd918) = 0 <0.000091>
19795 19:04:35.214028 ioctl(4, _IOC(_IOC_NONE, 0x75, 0x30, 0), 0xffffffffda58) = 0 <0.000066>
19795 19:04:35.214156 ioctl(4, _IOC(_IOC_NONE, 0x75, 0x30, 0), 0xffffffffda58) = 0 <0.000523>
19795 19:04:35.214806 ioctl(4, _IOC(_IOC_NONE, 0x75, 0x30, 0), 0xffffffffdc08) = 0 <0.000133>
19795 19:04:35.215023 ioctl(4, _IOC(_IOC_NONE, 0x75, 0x30, 0), 0xffffffffdbd8) = 0 <0.000092>
19795 19:04:35.215399 ioctl(4, _IOC(_IOC_NONE, 0x75, 0x30, 0), 0xffffffffd948) = 0 <0.000124>
19795 19:04:35.215743 ioctl(4, _IOC(_IOC_NONE, 0x75, 0x30, 0), 0xffffffffd918) = 0 <0.000289>
19795 19:04:35.216151 ioctl(4, _IOC(_IOC_NONE, 0x75, 0x30, 0), 0xffffffffda58) = 0 <0.000114>
19795 19:04:35.216336 ioctl(4, _IOC(_IOC_NONE, 0x75, 0x30, 0), 0xffffffffda58) = 0 <0.000074>
19795 19:04:35.216500 ioctl(4, _IOC(_IOC_NONE, 0x75, 0x30, 0), 0xffffffffdc08) = 0 <0.000122>
19795 19:04:35.216682 ioctl(4, _IOC(_IOC_NONE, 0x75, 0x30, 0), 0xffffffffdbd8) = 0 <0.000099>
19795 19:04:35.217202 ioctl(4, _IOC(_IOC_NONE, 0x75, 0x30, 0), 0xffffffffd948) = 0 <0.000120>
19795 19:04:35.217405 ioctl(4, _IOC(_IOC_NONE, 0x75, 0x30, 0), 0xffffffffd918) = 0 <0.000086>
19795 19:04:35.217587 ioctl(4, _IOC(_IOC_NONE, 0x75, 0x30, 0), 0xffffffffda58) = 0 <0.000078>
19795 19:04:35.217754 ioctl(4, _IOC(_IOC_NONE, 0x75, 0x30, 0), 0xffffffffda58) = 0 <0.000073>
19795 19:04:35.217916 ioctl(4, _IOC(_IOC_NONE, 0x75, 0x30, 0), 0xffffffffdc08) = 0 <0.000117>
19795 19:04:35.218092 ioctl(4, _IOC(_IOC_NONE, 0x75, 0x30, 0), 0xffffffffdbd8) = 0 <0.000582>
19795 19:04:35.218966 ioctl(4, _IOC(_IOC_NONE, 0x75, 0x30, 0), 0xffffffffd948) = 0 <0.000120>
19795 19:04:35.219170 ioctl(4, _IOC(_IOC_NONE, 0x75, 0x30, 0), 0xffffffffd918) = 0 <0.000088>
19795 19:04:35.219336 ioctl(4, _IOC(_IOC_NONE, 0x75, 0x30, 0), 0xffffffffda58) = 0 <0.000067>
19795 19:04:35.219617 ioctl(4, _IOC(_IOC_NONE, 0x75, 0x30, 0), 0xffffffffda58) = 0 <0.000090>
19795 19:04:35.219806 ioctl(4, _IOC(_IOC_NONE, 0x75, 0x30, 0), 0xffffffffdc08) = 0 <0.000119>
19795 19:04:35.219985 ioctl(4, _IOC(_IOC_NONE, 0x75, 0x30, 0), 0xffffffffdbd8) = 0 <0.000089>
19795 19:04:35.220571 ioctl(4, _IOC(_IOC_NONE, 0x75, 0x30, 0), 0xffffffffd948) = 0 <0.000128>
19795 19:04:35.220853 ioctl(4, _IOC(_IOC_NONE, 0x75, 0x30, 0), 0xffffffffd918) = 0 <0.000088>
19795 19:04:35.221025 ioctl(4, _IOC(_IOC_NONE, 0x75, 0x30, 0), 0xffffffffda58) = 0 <0.000067>
19795 19:04:35.221148 ioctl(4, _IOC(_IOC_NONE, 0x75, 0x30, 0), 0xffffffffda58) = 0 <0.000070>
19795 19:04:35.221305 ioctl(4, _IOC(_IOC_NONE, 0x75, 0x30, 0), 0xffffffffdc08) = 0 <0.000117>
19795 19:04:35.221499 ioctl(4, _IOC(_IOC_NONE, 0x75, 0x30, 0), 0xffffffffdbd8) = 0 <0.000127>
19795 19:04:35.221923 ioctl(4, _IOC(_IOC_NONE, 0x75, 0x30, 0), 0xffffffffd948) = 0 <0.000118>
19795 19:04:35.222133 ioctl(4, _IOC(_IOC_NONE, 0x75, 0x30, 0), 0xffffffffd918) = 0 <0.000583>
19795 19:04:35.222844 ioctl(4, _IOC(_IOC_NONE, 0x75, 0x30, 0), 0xffffffffda58) = 0 <0.000086>
19795 19:04:35.223014 ioctl(4, _IOC(_IOC_NONE, 0x75, 0x30, 0), 0xffffffffda58) = 0 <0.000084>
19795 19:04:35.223240 ioctl(4, _IOC(_IOC_NONE, 0x75, 0x30, 0), 0xffffffffdc08) = 0 <0.000133>
19795 19:04:35.223439 ioctl(4, _IOC(_IOC_NONE, 0x75, 0x30, 0), 0xffffffffdbd8) = 0 <0.000256>
19795 19:04:35.223967 ioctl(4, _IOC(_IOC_NONE, 0x75, 0x30, 0), 0xffffffffd948) = 0 <0.000123>
19795 19:04:35.224174 ioctl(4, _IOC(_IOC_NONE, 0x75, 0x30, 0), 0xffffffffd918) = 0 <0.000253>
19795 19:04:35.224530 ioctl(4, _IOC(_IOC_NONE, 0x75, 0x30, 0), 0xffffffffda58) = 0 <0.000071>
19795 19:04:35.224798 ioctl(4, _IOC(_IOC_NONE, 0x75, 0x30, 0), 0xffffffffda58) = 0 <0.000081>
19795 19:04:35.224983 ioctl(4, _IOC(_IOC_NONE, 0x75, 0x30, 0), 0xffffffffdc08) = 0 <0.000123>
19795 19:04:35.225172 ioctl(4, _IOC(_IOC_NONE, 0x75, 0x30, 0), 0xffffffffdbd8) = 0 <0.000089>
19795 19:04:35.225522 ioctl(4, _IOC(_IOC_NONE, 0x75, 0x30, 0), 0xffffffffd948) = 0 <0.000171>
19795 19:04:35.225869 ioctl(4, _IOC(_IOC_NONE, 0x75, 0x30, 0), 0xffffffffd918) = 0 <0.000095>
19795 19:04:35.226065 ioctl(4, _IOC(_IOC_NONE, 0x75, 0x30, 0), 0xffffffffda58) = 0 <0.000067>
19795 19:04:35.226718 ioctl(4, _IOC(_IOC_NONE, 0x75, 0x30, 0), 0xffffffffda58) = 0 <0.000096>
19795 19:04:35.226936 ioctl(4, _IOC(_IOC_NONE, 0x75, 0x30, 0), 0xffffffffdc08) = 0 <0.000131>
19795 19:04:35.227141 ioctl(4, _IOC(_IOC_NONE, 0x75, 0x30, 0), 0xffffffffdbd8) = 0 <0.000155>
19795 19:04:35.227758 ioctl(4, _IOC(_IOC_NONE, 0x75, 0x30, 0), 0xffffffffd948) = 0 <0.000122>
19795 19:04:35.227968 ioctl(4, _IOC(_IOC_NONE, 0x75, 0x30, 0), 0xffffffffd918) = 0 <0.000085>
19795 19:04:35.228129 ioctl(4, _IOC(_IOC_NONE, 0x75, 0x30, 0), 0xffffffffda58) = 0 <0.000066>
19795 19:04:35.228462 ioctl(4, _IOC(_IOC_NONE, 0x75, 0x30, 0), 0xffffffffd6f8) = 0 <0.000059>
19795 19:04:35.228658 ioctl(4, _IOC(_IOC_NONE, 0x75, 0x30, 0), 0xffffffffd768) = 0 <0.000053>
19796 19:04:35.228780 <... ioctl resumed>, 0xfffff520e618) = 0 <0.027131>
19795 19:04:35.228828 ioctl(4, _IOC(_IOC_NONE, 0x75, 0x30, 0) <unfinished ...>
19796 19:04:35.228925 ioctl(4, _IOC(_IOC_NONE, 0x75, 0x30, 0) <unfinished ...>
19795 19:04:35.228954 <... ioctl resumed>, 0xffffffffda58) = 0 <0.000103>
19796 19:04:35.229022 <... ioctl resumed>, 0xfffff520e618) = 0 <0.000075>
19795 19:04:35.229106 ioctl(4, _IOC(_IOC_NONE, 0x75, 0x30, 0) <unfinished ...>
19796 19:04:35.229134 ioctl(4, _IOC(_IOC_NONE, 0x75, 0x30, 0) <unfinished ...>
19795 19:04:35.230269 <... ioctl resumed>, 0xffffffffdc08) = 0 <0.001130>
19795 19:04:35.230369 ioctl(4, _IOC(_IOC_NONE, 0x75, 0x30, 0), 0xffffffffdbd8) = 0 <0.000093>
19795 19:04:35.231257 ioctl(4, _IOC(_IOC_NONE, 0x75, 0x30, 0) <unfinished ...>
19796 19:04:35.231320 <... ioctl resumed>, 0xfffff520e608) = 0 <0.002164>
19796 19:04:35.231375 ioctl(4, _IOC(_IOC_NONE, 0x75, 0x30, 0), 0xfffff520e618) = 0 <0.000056>
19795 19:04:35.231567 <... ioctl resumed>, 0xffffffffd948) = 0 <0.000258>
19796 19:04:35.231615 ioctl(4, _IOC(_IOC_NONE, 0x75, 0x30, 0) <unfinished ...>
19795 19:04:35.231686 ioctl(4, _IOC(_IOC_NONE, 0x75, 0x30, 0), 0xffffffffd918) = 0 <0.000086>
19795 19:04:35.231854 ioctl(4, _IOC(_IOC_NONE, 0x75, 0x30, 0), 0xffffffffda58) = 0 <0.000073>
19795 19:04:35.232180 ioctl(4, _IOC(_IOC_NONE, 0x75, 0x30, 0), 0xffffffffda58) = 0 <0.000082>
19795 19:04:35.232367 ioctl(4, _IOC(_IOC_NONE, 0x75, 0x30, 0), 0xffffffffdc08) = 0 <0.000125>
19795 19:04:35.232559 ioctl(4, _IOC(_IOC_NONE, 0x75, 0x30, 0), 0xffffffffdbd8) = 0 <0.000086>
19795 19:04:35.232898 ioctl(4, _IOC(_IOC_NONE, 0x75, 0x30, 0), 0xffffffffd948) = 0 <0.000116>
19795 19:04:35.233092 ioctl(4, _IOC(_IOC_NONE, 0x75, 0x30, 0), 0xffffffffd918) = 0 <0.000101>
19795 19:04:35.233342 ioctl(4, _IOC(_IOC_NONE, 0x75, 0x30, 0), 0xffffffffda58) = 0 <0.000177>
19795 19:04:35.233625 ioctl(4, _IOC(_IOC_NONE, 0x75, 0x30, 0), 0xffffffffda58) = 0 <0.000087>
19795 19:04:35.233841 ioctl(4, _IOC(_IOC_NONE, 0x75, 0x30, 0), 0xffffffffdc08) = 0 <0.000124>
19795 19:04:35.234572 ioctl(4, _IOC(_IOC_NONE, 0x75, 0x30, 0), 0xffffffffdbd8) = 0 <0.000112>
19795 19:04:35.234998 ioctl(4, _IOC(_IOC_NONE, 0x75, 0x30, 0), 0xffffffffd948) = 0 <0.000121>
19795 19:04:35.235206 ioctl(4, _IOC(_IOC_NONE, 0x75, 0x30, 0), 0xffffffffd918) = 0 <0.000251>
19795 19:04:35.235588 ioctl(4, _IOC(_IOC_NONE, 0x75, 0x30, 0), 0xffffffffda58) = 0 <0.000071>
19795 19:04:35.235729 ioctl(4, _IOC(_IOC_NONE, 0x75, 0x30, 0), 0xffffffffda58) = 0 <0.000075>
19795 19:04:35.235895 ioctl(4, _IOC(_IOC_NONE, 0x75, 0x30, 0), 0xffffffffdc08) = 0 <0.000120>
19795 19:04:35.236299 ioctl(4, _IOC(_IOC_NONE, 0x75, 0x30, 0), 0xffffffffdbd8) = 0 <0.000170>
19795 19:04:35.236765 ioctl(4, _IOC(_IOC_NONE, 0x75, 0x30, 0), 0xffffffffd948) = 0 <0.000122>
19795 19:04:35.236966 ioctl(4, _IOC(_IOC_NONE, 0x75, 0x30, 0), 0xffffffffd918) = 0 <0.000084>
19795 19:04:35.237126 ioctl(4, _IOC(_IOC_NONE, 0x75, 0x30, 0), 0xffffffffda58) = 0 <0.000067>
19795 19:04:35.237251 ioctl(4, _IOC(_IOC_NONE, 0x75, 0x30, 0), 0xffffffffda58) = 0 <0.000089>
19795 19:04:35.237442 ioctl(4, _IOC(_IOC_NONE, 0x75, 0x30, 0), 0xffffffffdc08) = 0 <0.000225>
19795 19:04:35.237768 ioctl(4, _IOC(_IOC_NONE, 0x75, 0x30, 0), 0xffffffffdbd8) = 0 <0.000091>
19795 19:04:35.238142 ioctl(4, _IOC(_IOC_NONE, 0x75, 0x30, 0), 0xffffffffd948) = 0 <0.000527>
19795 19:04:35.238785 ioctl(4, _IOC(_IOC_NONE, 0x75, 0x30, 0), 0xffffffffd918) = 0 <0.000105>
19795 19:04:35.238996 ioctl(4, _IOC(_IOC_NONE, 0x75, 0x30, 0), 0xffffffffda58) = 0 <0.000068>
19795 19:04:35.239129 ioctl(4, _IOC(_IOC_NONE, 0x75, 0x30, 0), 0xffffffffda58) = 0 <0.000075>
19795 19:04:35.239294 ioctl(4, _IOC(_IOC_NONE, 0x75, 0x30, 0), 0xffffffffdc08) = 0 <0.000123>
19795 19:04:35.239480 ioctl(4, _IOC(_IOC_NONE, 0x75, 0x30, 0), 0xffffffffdbd8) = 0 <0.000088>
19795 19:04:35.239983 ioctl(4, _IOC(_IOC_NONE, 0x75, 0x30, 0), 0xffffffffd948) = 0 <0.000127>
19795 19:04:35.240196 ioctl(4, _IOC(_IOC_NONE, 0x75, 0x30, 0), 0xffffffffd918) = 0 <0.000086>
19795 19:04:35.240359 ioctl(4, _IOC(_IOC_NONE, 0x75, 0x30, 0), 0xffffffffda58) = 0 <0.000068>
19795 19:04:35.240486 ioctl(4, _IOC(_IOC_NONE, 0x75, 0x30, 0), 0xffffffffda58) = 0 <0.000073>
19795 19:04:35.240646 ioctl(4, _IOC(_IOC_NONE, 0x75, 0x30, 0), 0xffffffffdc08) = 0 <0.000144>
19795 19:04:35.240855 ioctl(4, _IOC(_IOC_NONE, 0x75, 0x30, 0), 0xffffffffdbd8) = 0 <0.000092>
19795 19:04:35.241205 ioctl(4, _IOC(_IOC_NONE, 0x75, 0x30, 0), 0xffffffffd948) = 0 <0.000112>
19795 19:04:35.241394 ioctl(4, _IOC(_IOC_NONE, 0x75, 0x30, 0), 0xffffffffd918) = 0 <0.000090>
19795 19:04:35.241560 ioctl(4, _IOC(_IOC_NONE, 0x75, 0x30, 0), 0xffffffffda58) = 0 <0.000079>
19795 19:04:35.241769 ioctl(4, _IOC(_IOC_NONE, 0x75, 0x30, 0), 0xffffffffda58) = 0 <0.000072>
19795 19:04:35.241930 ioctl(4, _IOC(_IOC_NONE, 0x75, 0x30, 0), 0xffffffffdc08) = 0 <0.000120>
19795 19:04:35.242113 ioctl(4, _IOC(_IOC_NONE, 0x75, 0x30, 0), 0xffffffffdbd8) = 0 <0.000088>
19795 19:04:35.242464 ioctl(4, _IOC(_IOC_NONE, 0x75, 0x30, 0), 0xffffffffd948) = 0 <0.000120>
19795 19:04:35.242664 ioctl(4, _IOC(_IOC_NONE, 0x75, 0x30, 0), 0xffffffffd918) = 0 <0.000575>
19795 19:04:35.243366 ioctl(4, _IOC(_IOC_NONE, 0x75, 0x30, 0), 0xffffffffda58) = 0 <0.000083>
19795 19:04:35.243528 ioctl(4, _IOC(_IOC_NONE, 0x75, 0x30, 0), 0xffffffffda58) = 0 <0.000072>
19795 19:04:35.243690 ioctl(4, _IOC(_IOC_NONE, 0x75, 0x30, 0), 0xffffffffdc08) = 0 <0.000120>
19795 19:04:35.243875 ioctl(4, _IOC(_IOC_NONE, 0x75, 0x30, 0), 0xffffffffdbd8) = 0 <0.000090>
19795 19:04:35.244417 ioctl(4, _IOC(_IOC_NONE, 0x75, 0x30, 0), 0xffffffffd948) = 0 <0.000124>
19795 19:04:35.244633 ioctl(4, _IOC(_IOC_NONE, 0x75, 0x30, 0), 0xffffffffd918) = 0 <0.000088>
19795 19:04:35.244802 ioctl(4, _IOC(_IOC_NONE, 0x75, 0x30, 0), 0xffffffffda58) = 0 <0.000067>
19795 19:04:35.244929 ioctl(4, _IOC(_IOC_NONE, 0x75, 0x30, 0), 0xffffffffda58) = 0 <0.000073>
19795 19:04:35.245087 ioctl(4, _IOC(_IOC_NONE, 0x75, 0x30, 0), 0xffffffffdc08) = 0 <0.000118>
19795 19:04:35.245266 ioctl(4, _IOC(_IOC_NONE, 0x75, 0x30, 0), 0xffffffffdbd8) = 0 <0.000155>
19795 19:04:35.245733 ioctl(4, _IOC(_IOC_NONE, 0x75, 0x30, 0), 0xffffffffd948) = 0 <0.000584>
19795 19:04:35.246472 ioctl(4, _IOC(_IOC_NONE, 0x75, 0x30, 0), 0xffffffffd918) = 0 <0.000106>
19795 19:04:35.246686 ioctl(4, _IOC(_IOC_NONE, 0x75, 0x30, 0), 0xffffffffda58) = 0 <0.000076>
19795 19:04:35.246870 ioctl(4, _IOC(_IOC_NONE, 0x75, 0x30, 0), 0xffffffffda58) = 0 <0.000075>
19795 19:04:35.247039 ioctl(4, _IOC(_IOC_NONE, 0x75, 0x30, 0), 0xffffffffdc08) = 0 <0.000125>
19795 19:04:35.247230 ioctl(4, _IOC(_IOC_NONE, 0x75, 0x30, 0), 0xffffffffdbd8) = 0 <0.000226>
19795 19:04:35.247824 ioctl(4, _IOC(_IOC_NONE, 0x75, 0x30, 0), 0xffffffffd948) = 0 <0.000323>
19795 19:04:35.248244 ioctl(4, _IOC(_IOC_NONE, 0x75, 0x30, 0), 0xffffffffd918) = 0 <0.000085>
19795 19:04:35.248419 ioctl(4, _IOC(_IOC_NONE, 0x75, 0x30, 0), 0xffffffffda58) = 0 <0.000131>
19795 19:04:35.248612 ioctl(4, _IOC(_IOC_NONE, 0x75, 0x30, 0), 0xffffffffda58) = 0 <0.000081>
19795 19:04:35.248783 ioctl(4, _IOC(_IOC_NONE, 0x75, 0x30, 0), 0xffffffffdc08) = 0 <0.000116>
19795 19:04:35.248958 ioctl(4, _IOC(_IOC_NONE, 0x75, 0x30, 0), 0xffffffffdbd8) = 0 <0.000087>
19795 19:04:35.249305 ioctl(4, _IOC(_IOC_NONE, 0x75, 0x30, 0), 0xffffffffd948) = 0 <0.000105>
19795 19:04:35.249482 ioctl(4, _IOC(_IOC_NONE, 0x75, 0x30, 0), 0xffffffffd918) = 0 <0.000125>
19795 19:04:35.249722 ioctl(4, _IOC(_IOC_NONE, 0x75, 0x30, 0), 0xffffffffda58) = 0 <0.000068>
19795 19:04:35.249856 ioctl(4, _IOC(_IOC_NONE, 0x75, 0x30, 0), 0xffffffffda58) = 0 <0.000072>
19795 19:04:35.250012 ioctl(4, _IOC(_IOC_NONE, 0x75, 0x30, 0), 0xffffffffdc08) = 0 <0.000120>
19795 19:04:35.250193 ioctl(4, _IOC(_IOC_NONE, 0x75, 0x30, 0), 0xffffffffdbd8) = 0 <0.000656>
19795 19:04:35.251179 ioctl(4, _IOC(_IOC_NONE, 0x75, 0x30, 0), 0xffffffffd948) = 0 <0.000119>
19795 19:04:35.251386 ioctl(4, _IOC(_IOC_NONE, 0x75, 0x30, 0), 0xffffffffd918) = 0 <0.000243>
19795 19:04:35.251725 ioctl(4, _IOC(_IOC_NONE, 0x75, 0x30, 0), 0xffffffffda58) = 0 <0.000065>
19795 19:04:35.251856 ioctl(4, _IOC(_IOC_NONE, 0x75, 0x30, 0), 0xffffffffda58) = 0 <0.000072>
19795 19:04:35.252014 ioctl(4, _IOC(_IOC_NONE, 0x75, 0x30, 0), 0xffffffffdc08) = 0 <0.000132>
19795 19:04:35.252210 ioctl(4, _IOC(_IOC_NONE, 0x75, 0x30, 0), 0xffffffffdbd8) = 0 <0.000088>
19795 19:04:35.252798 ioctl(4, _IOC(_IOC_NONE, 0x75, 0x30, 0), 0xffffffffd948) = 0 <0.000132>
19795 19:04:35.253021 ioctl(4, _IOC(_IOC_NONE, 0x75, 0x30, 0), 0xffffffffd918) = 0 <0.000087>
19795 19:04:35.253191 ioctl(4, _IOC(_IOC_NONE, 0x75, 0x30, 0), 0xffffffffda58) = 0 <0.000067>
19795 19:04:35.253319 ioctl(4, _IOC(_IOC_NONE, 0x75, 0x30, 0), 0xffffffffda58) = 0 <0.000075>
19795 19:04:35.253481 ioctl(4, _IOC(_IOC_NONE, 0x75, 0x30, 0), 0xffffffffdc08) = 0 <0.000169>
19795 19:04:35.253752 ioctl(4, _IOC(_IOC_NONE, 0x75, 0x30, 0), 0xffffffffdbd8) = 0 <0.000089>
19795 19:04:35.254551 ioctl(4, _IOC(_IOC_NONE, 0x75, 0x30, 0), 0xffffffffd948) = 0 <0.000131>
19795 19:04:35.254780 ioctl(4, _IOC(_IOC_NONE, 0x75, 0x30, 0), 0xffffffffd918) = 0 <0.000095>
19795 19:04:35.254969 ioctl(4, _IOC(_IOC_NONE, 0x75, 0x30, 0), 0xffffffffda58) = 0 <0.000068>
19795 19:04:35.255099 ioctl(4, _IOC(_IOC_NONE, 0x75, 0x30, 0), 0xffffffffda58) = 0 <0.000074>
19795 19:04:35.255264 ioctl(4, _IOC(_IOC_NONE, 0x75, 0x30, 0), 0xffffffffdc08) = 0 <0.000124>
19795 19:04:35.255451 ioctl(4, _IOC(_IOC_NONE, 0x75, 0x30, 0), 0xffffffffdbd8) = 0 <0.000106>
19795 19:04:35.256155 ioctl(4, _IOC(_IOC_NONE, 0x75, 0x30, 0), 0xffffffffd948) = 0 <0.000130>
19795 19:04:35.256375 ioctl(4, _IOC(_IOC_NONE, 0x75, 0x30, 0), 0xffffffffd918) = 0 <0.000087>
19795 19:04:35.256548 ioctl(4, _IOC(_IOC_NONE, 0x75, 0x30, 0), 0xffffffffda58) = 0 <0.000145>
19795 19:04:35.256768 ioctl(4, _IOC(_IOC_NONE, 0x75, 0x30, 0), 0xffffffffd6f8) = 0 <0.000051>
19795 19:04:35.256880 ioctl(4, _IOC(_IOC_NONE, 0x75, 0x30, 0) <unfinished ...>
19796 19:04:35.256967 <... ioctl resumed>, 0xfffff520e618) = 0 <0.025329>
19795 19:04:35.257030 <... ioctl resumed>, 0xffffffffd768) = 0 <0.000127>
19796 19:04:35.257056 ioctl(4, _IOC(_IOC_NONE, 0x75, 0x30, 0) <unfinished ...>
19795 19:04:35.257135 ioctl(4, _IOC(_IOC_NONE, 0x75, 0x30, 0) <unfinished ...>
19796 19:04:35.257161 <... ioctl resumed>, 0xfffff520e618) = 0 <0.000085>
19795 19:04:35.257285 <... ioctl resumed>, 0xffffffffda58) = 0 <0.000128>
19796 19:04:35.257315 ioctl(4, _IOC(_IOC_NONE, 0x75, 0x30, 0) <unfinished ...>
19795 19:04:35.258398 ioctl(4, _IOC(_IOC_NONE, 0x75, 0x30, 0), 0xffffffffdc08) = 0 <0.000209>
19796 19:04:35.259246 <... ioctl resumed>, 0xfffff520e608) = 0 <0.001863>
19795 19:04:35.259340 ioctl(4, _IOC(_IOC_NONE, 0x75, 0x30, 0), 0xffffffffdbd8) = 0 <0.000117>
19796 19:04:35.259503 ioctl(4, _IOC(_IOC_NONE, 0x75, 0x30, 0), 0xfffff520e618) = 0 <0.000052>
19795 19:04:35.259844 ioctl(4, _IOC(_IOC_NONE, 0x75, 0x30, 0) <unfinished ...>
19796 19:04:35.259888 ioctl(4, _IOC(_IOC_NONE, 0x75, 0x30, 0) <unfinished ...>
19795 19:04:35.260223 <... ioctl resumed>, 0xffffffffd948) = 0 <0.000338>
19795 19:04:35.260296 ioctl(4, _IOC(_IOC_NONE, 0x75, 0x30, 0), 0xffffffffd918) = 0 <0.000099>
19795 19:04:35.260480 ioctl(4, _IOC(_IOC_NONE, 0x75, 0x30, 0), 0xffffffffda58) = 0 <0.000069>
19795 19:04:35.260615 ioctl(4, _IOC(_IOC_NONE, 0x75, 0x30, 0), 0xffffffffda58) = 0 <0.000078>
19795 19:04:35.260779 ioctl(4, _IOC(_IOC_NONE, 0x75, 0x30, 0), 0xffffffffdc08) = 0 <0.000119>
19795 19:04:35.260958 ioctl(4, _IOC(_IOC_NONE, 0x75, 0x30, 0), 0xffffffffdbd8) = 0 <0.000086>
19795 19:04:35.261319 ioctl(4, _IOC(_IOC_NONE, 0x75, 0x30, 0), 0xffffffffd948) = 0 <0.000116>
19795 19:04:35.261511 ioctl(4, _IOC(_IOC_NONE, 0x75, 0x30, 0), 0xffffffffd918) = 0 <0.000494>
19795 19:04:35.262142 ioctl(4, _IOC(_IOC_NONE, 0x75, 0x30, 0), 0xffffffffda58) = 0 <0.000086>
19795 19:04:35.262312 ioctl(4, _IOC(_IOC_NONE, 0x75, 0x30, 0), 0xffffffffda58) = 0 <0.000075>
19795 19:04:35.262483 ioctl(4, _IOC(_IOC_NONE, 0x75, 0x30, 0), 0xffffffffdc08) = 0 <0.000122>
19795 19:04:35.262670 ioctl(4, _IOC(_IOC_NONE, 0x75, 0x30, 0), 0xffffffffdbd8) = 0 <0.000093>
19795 19:04:35.263181 ioctl(4, _IOC(_IOC_NONE, 0x75, 0x30, 0), 0xffffffffd948) = 0 <0.000397>
19795 19:04:35.263683 ioctl(4, _IOC(_IOC_NONE, 0x75, 0x30, 0), 0xffffffffd918) = 0 <0.000094>
19795 19:04:35.263870 ioctl(4, _IOC(_IOC_NONE, 0x75, 0x30, 0), 0xffffffffda58) = 0 <0.000063>
19795 19:04:35.263993 ioctl(4, _IOC(_IOC_NONE, 0x75, 0x30, 0), 0xffffffffda58) = 0 <0.000229>
19795 19:04:35.264325 ioctl(4, _IOC(_IOC_NONE, 0x75, 0x30, 0), 0xffffffffdc08) = 0 <0.000124>
19795 19:04:35.264522 ioctl(4, _IOC(_IOC_NONE, 0x75, 0x30, 0), 0xffffffffdbd8) = 0 <0.000086>
19795 19:04:35.264883 ioctl(4, _IOC(_IOC_NONE, 0x75, 0x30, 0), 0xffffffffd948) = 0 <0.000117>
19795 19:04:35.265075 ioctl(4, _IOC(_IOC_NONE, 0x75, 0x30, 0), 0xffffffffd918) = 0 <0.000162>
19795 19:04:35.265330 ioctl(4, _IOC(_IOC_NONE, 0x75, 0x30, 0), 0xffffffffda58) = 0 <0.000067>
19795 19:04:35.265460 ioctl(4, _IOC(_IOC_NONE, 0x75, 0x30, 0), 0xffffffffda58) = 0 <0.000074>
19795 19:04:35.265659 ioctl(4, _IOC(_IOC_NONE, 0x75, 0x30, 0), 0xffffffffdc08) = 0 <0.000129>
19795 19:04:35.265883 ioctl(4, _IOC(_IOC_NONE, 0x75, 0x30, 0), 0xffffffffdbd8) = 0 <0.000087>
19795 19:04:35.266228 ioctl(4, _IOC(_IOC_NONE, 0x75, 0x30, 0), 0xffffffffd948) = 0 <0.000565>
19795 19:04:35.266903 ioctl(4, _IOC(_IOC_NONE, 0x75, 0x30, 0), 0xffffffffd918) = 0 <0.000106>
19795 19:04:35.267114 ioctl(4, _IOC(_IOC_NONE, 0x75, 0x30, 0), 0xffffffffda58) = 0 <0.000070>
19795 19:04:35.267252 ioctl(4, _IOC(_IOC_NONE, 0x75, 0x30, 0), 0xffffffffda58) = 0 <0.000075>
19795 19:04:35.267417 ioctl(4, _IOC(_IOC_NONE, 0x75, 0x30, 0), 0xffffffffdc08) = 0 <0.000126>
19795 19:04:35.267605 ioctl(4, _IOC(_IOC_NONE, 0x75, 0x30, 0), 0xffffffffdbd8) = 0 <0.000279>
19795 19:04:35.268156 ioctl(4, _IOC(_IOC_NONE, 0x75, 0x30, 0), 0xffffffffd948) = 0 <0.000327>
19795 19:04:35.268579 ioctl(4, _IOC(_IOC_NONE, 0x75, 0x30, 0), 0xffffffffd918) = 0 <0.000232>
19795 19:04:35.268940 ioctl(4, _IOC(_IOC_NONE, 0x75, 0x30, 0), 0xffffffffda58) = 0 <0.000074>
19795 19:04:35.269084 ioctl(4, _IOC(_IOC_NONE, 0x75, 0x30, 0), 0xffffffffda58) = 0 <0.000077>
19795 19:04:35.269249 ioctl(4, _IOC(_IOC_NONE, 0x75, 0x30, 0), 0xffffffffdc08) = 0 <0.000139>
19795 19:04:35.269449 ioctl(4, _IOC(_IOC_NONE, 0x75, 0x30, 0), 0xffffffffdbd8) = 0 <0.000088>
19795 19:04:35.269869 ioctl(4, _IOC(_IOC_NONE, 0x75, 0x30, 0), 0xffffffffd948) = 0 <0.000121>
19795 19:04:35.270080 ioctl(4, _IOC(_IOC_NONE, 0x75, 0x30, 0), 0xffffffffd918) = 0 <0.000093>
19795 19:04:35.270833 ioctl(4, _IOC(_IOC_NONE, 0x75, 0x30, 0), 0xffffffffda58) = 0 <0.000096>
19795 19:04:35.271025 ioctl(4, _IOC(_IOC_NONE, 0x75, 0x30, 0), 0xffffffffda58) = 0 <0.000079>
19795 19:04:35.271207 ioctl(4, _IOC(_IOC_NONE, 0x75, 0x30, 0), 0xffffffffdc08) = 0 <0.000121>
19795 19:04:35.271390 ioctl(4, _IOC(_IOC_NONE, 0x75, 0x30, 0), 0xffffffffdbd8) = 0 <0.000090>
19795 19:04:35.271928 ioctl(4, _IOC(_IOC_NONE, 0x75, 0x30, 0), 0xffffffffd948) = 0 <0.000120>
19795 19:04:35.272137 ioctl(4, _IOC(_IOC_NONE, 0x75, 0x30, 0), 0xffffffffd918) = 0 <0.000088>
19795 19:04:35.272301 ioctl(4, _IOC(_IOC_NONE, 0x75, 0x30, 0), 0xffffffffda58) = 0 <0.000068>
19795 19:04:35.272427 ioctl(4, _IOC(_IOC_NONE, 0x75, 0x30, 0), 0xffffffffda58) = 0 <0.000345>
19795 19:04:35.272891 ioctl(4, _IOC(_IOC_NONE, 0x75, 0x30, 0), 0xffffffffdc08) = 0 <0.000129>
19795 19:04:35.273090 ioctl(4, _IOC(_IOC_NONE, 0x75, 0x30, 0), 0xffffffffdbd8) = 0 <0.000088>
19795 19:04:35.273434 ioctl(4, _IOC(_IOC_NONE, 0x75, 0x30, 0), 0xffffffffd948) = 0 <0.000150>
19795 19:04:35.273690 ioctl(4, _IOC(_IOC_NONE, 0x75, 0x30, 0), 0xffffffffd918) = 0 <0.000109>
19795 19:04:35.273894 ioctl(4, _IOC(_IOC_NONE, 0x75, 0x30, 0), 0xffffffffda58) = 0 <0.000063>
19795 19:04:35.274022 ioctl(4, _IOC(_IOC_NONE, 0x75, 0x30, 0), 0xffffffffda58) = 0 <0.000072>
19795 19:04:35.274184 ioctl(4, _IOC(_IOC_NONE, 0x75, 0x30, 0), 0xffffffffdc08) = 0 <0.000637>
19795 19:04:35.274912 ioctl(4, _IOC(_IOC_NONE, 0x75, 0x30, 0), 0xffffffffdbd8) = 0 <0.000100>
19795 19:04:35.275301 ioctl(4, _IOC(_IOC_NONE, 0x75, 0x30, 0), 0xffffffffd948) = 0 <0.000121>
19795 19:04:35.275673 ioctl(4, _IOC(_IOC_NONE, 0x75, 0x30, 0), 0xffffffffd918) = 0 <0.000099>
19795 19:04:35.275874 ioctl(4, _IOC(_IOC_NONE, 0x75, 0x30, 0), 0xffffffffda58) = 0 <0.000069>
19795 19:04:35.276010 ioctl(4, _IOC(_IOC_NONE, 0x75, 0x30, 0), 0xffffffffda58) = 0 <0.000073>
19795 19:04:35.276170 ioctl(4, _IOC(_IOC_NONE, 0x75, 0x30, 0), 0xffffffffdc08) = 0 <0.000327>
19795 19:04:35.276572 ioctl(4, _IOC(_IOC_NONE, 0x75, 0x30, 0), 0xffffffffdbd8) = 0 <0.000164>
19795 19:04:35.277020 ioctl(4, _IOC(_IOC_NONE, 0x75, 0x30, 0), 0xffffffffd948) = 0 <0.000116>
19795 19:04:35.277217 ioctl(4, _IOC(_IOC_NONE, 0x75, 0x30, 0), 0xffffffffd918) = 0 <0.000090>
19795 19:04:35.277385 ioctl(4, _IOC(_IOC_NONE, 0x75, 0x30, 0), 0xffffffffda58) = 0 <0.000080>
19795 19:04:35.277524 ioctl(4, _IOC(_IOC_NONE, 0x75, 0x30, 0), 0xffffffffda58) = 0 <0.000113>
19795 19:04:35.277755 ioctl(4, _IOC(_IOC_NONE, 0x75, 0x30, 0), 0xffffffffdc08) = 0 <0.000117>
19795 19:04:35.277936 ioctl(4, _IOC(_IOC_NONE, 0x75, 0x30, 0), 0xffffffffdbd8) = 0 <0.000099>
19795 19:04:35.278832 ioctl(4, _IOC(_IOC_NONE, 0x75, 0x30, 0), 0xffffffffd948) = 0 <0.000209>
19795 19:04:35.279147 ioctl(4, _IOC(_IOC_NONE, 0x75, 0x30, 0), 0xffffffffd918) = 0 <0.000093>
19795 19:04:35.279336 ioctl(4, _IOC(_IOC_NONE, 0x75, 0x30, 0), 0xffffffffda58) = 0 <0.000070>
19795 19:04:35.279471 ioctl(4, _IOC(_IOC_NONE, 0x75, 0x30, 0), 0xffffffffda58) = 0 <0.000232>
19795 19:04:35.279808 ioctl(4, _IOC(_IOC_NONE, 0x75, 0x30, 0), 0xffffffffdc08) = 0 <0.000124>
19795 19:04:35.279997 ioctl(4, _IOC(_IOC_NONE, 0x75, 0x30, 0), 0xffffffffdbd8) = 0 <0.000091>
19795 19:04:35.280347 ioctl(4, _IOC(_IOC_NONE, 0x75, 0x30, 0), 0xffffffffd948) = 0 <0.000282>
19795 19:04:35.280785 ioctl(4, _IOC(_IOC_NONE, 0x75, 0x30, 0), 0xffffffffd918) = 0 <0.000097>
19795 19:04:35.280970 ioctl(4, _IOC(_IOC_NONE, 0x75, 0x30, 0), 0xffffffffda58) = 0 <0.000066>
19795 19:04:35.281094 ioctl(4, _IOC(_IOC_NONE, 0x75, 0x30, 0), 0xffffffffda58) = 0 <0.000074>
19795 19:04:35.281254 ioctl(4, _IOC(_IOC_NONE, 0x75, 0x30, 0), 0xffffffffdc08) = 0 <0.000131>
19795 19:04:35.281452 ioctl(4, _IOC(_IOC_NONE, 0x75, 0x30, 0), 0xffffffffdbd8) = 0 <0.000087>
19795 19:04:35.281874 ioctl(4, _IOC(_IOC_NONE, 0x75, 0x30, 0), 0xffffffffd948) = 0 <0.000127>
19795 19:04:35.282090 ioctl(4, _IOC(_IOC_NONE, 0x75, 0x30, 0), 0xffffffffd918) = 0 <0.000605>
19795 19:04:35.282818 ioctl(4, _IOC(_IOC_NONE, 0x75, 0x30, 0), 0xffffffffda58) = 0 <0.000080>
19795 19:04:35.282982 ioctl(4, _IOC(_IOC_NONE, 0x75, 0x30, 0), 0xffffffffda58) = 0 <0.000079>
19795 19:04:35.283195 ioctl(4, _IOC(_IOC_NONE, 0x75, 0x30, 0), 0xffffffffdc08) = 0 <0.000134>
19795 19:04:35.283546 ioctl(4, _IOC(_IOC_NONE, 0x75, 0x30, 0), 0xffffffffdbd8) = 0 <0.000106>
19795 19:04:35.283924 ioctl(4, _IOC(_IOC_NONE, 0x75, 0x30, 0), 0xffffffffd948) = 0 <0.000113>
19795 19:04:35.284332 ioctl(4, _IOC(_IOC_NONE, 0x75, 0x30, 0), 0xffffffffd918) = 0 <0.000100>
19795 19:04:35.284600 ioctl(4, _IOC(_IOC_NONE, 0x75, 0x30, 0), 0xffffffffda58) = 0 <0.000077>
19795 19:04:35.284748 ioctl(4, _IOC(_IOC_NONE, 0x75, 0x30, 0), 0xffffffffda58) = 0 <0.000077>
19795 19:04:35.284916 ioctl(4, _IOC(_IOC_NONE, 0x75, 0x30, 0), 0xffffffffdc08) = 0 <0.000120>
19795 19:04:35.285097 ioctl(4, _IOC(_IOC_NONE, 0x75, 0x30, 0), 0xffffffffdbd8) = 0 <0.000088>
19795 19:04:35.285452 ioctl(4, _IOC(_IOC_NONE, 0x75, 0x30, 0), 0xffffffffd948) = 0 <0.000153>
19795 19:04:35.285714 ioctl(4, _IOC(_IOC_NONE, 0x75, 0x30, 0), 0xffffffffd918) = 0 <0.000095>
19795 19:04:35.285897 ioctl(4, _IOC(_IOC_NONE, 0x75, 0x30, 0), 0xffffffffda58) = 0 <0.000066>
19795 19:04:35.286028 ioctl(4, _IOC(_IOC_NONE, 0x75, 0x30, 0), 0xffffffffd6f8) = 0 <0.000049>
19795 19:04:35.286133 ioctl(4, _IOC(_IOC_NONE, 0x75, 0x30, 0) <unfinished ...>
19796 19:04:35.286216 <... ioctl resumed>, 0xfffff520e618) = 0 <0.026306>
19796 19:04:35.286263 ioctl(4, _IOC(_IOC_NONE, 0x75, 0x30, 0), 0xfffff520e618) = 0 <0.000562>
19795 19:04:35.286918 <... ioctl resumed>, 0xffffffffd768) = 0 <0.000762>
19795 19:04:35.287001 ioctl(4, _IOC(_IOC_NONE, 0x75, 0x30, 0) <unfinished ...>
19796 19:04:35.287106 ioctl(4, _IOC(_IOC_NONE, 0x75, 0x30, 0) <unfinished ...>
19795 19:04:35.288248 <... ioctl resumed>, 0xffffffffda58) = 0 <0.001210>
19795 19:04:35.288375 ioctl(4, _IOC(_IOC_NONE, 0x75, 0x30, 0) <unfinished ...>
19796 19:04:35.288473 <... ioctl resumed>, 0xfffff520e608) = 0 <0.001343>
19795 19:04:35.288616 <... ioctl resumed>, 0xffffffffdc08) = 0 <0.000212>
19796 19:04:35.288677 ioctl(4, _IOC(_IOC_NONE, 0x75, 0x30, 0), 0xfffff520e618) = 0 <0.000050>
19795 19:04:35.288785 ioctl(4, _IOC(_IOC_NONE, 0x75, 0x30, 0) <unfinished ...>
19796 19:04:35.289045 ioctl(4, _IOC(_IOC_NONE, 0x75, 0x30, 0) <unfinished ...>
19795 19:04:35.289301 <... ioctl resumed>, 0xffffffffdbd8) = 0 <0.000489>
19795 19:04:35.289620 ioctl(4, _IOC(_IOC_NONE, 0x75, 0x30, 0), 0xffffffffd948) = 0 <0.000122>
19795 19:04:35.289852 ioctl(4, _IOC(_IOC_NONE, 0x75, 0x30, 0), 0xffffffffd918) = 0 <0.000093>
19795 19:04:35.290121 ioctl(4, _IOC(_IOC_NONE, 0x75, 0x30, 0), 0xffffffffda58) = 0 <0.000077>
19795 19:04:35.290282 ioctl(4, _IOC(_IOC_NONE, 0x75, 0x30, 0), 0xffffffffda58) = 0 <0.000080>
19795 19:04:35.290453 ioctl(4, _IOC(_IOC_NONE, 0x75, 0x30, 0), 0xffffffffdc08) = 0 <0.000124>
19795 19:04:35.290647 ioctl(4, _IOC(_IOC_NONE, 0x75, 0x30, 0), 0xffffffffdbd8) = 0 <0.000091>
19795 19:04:35.291017 ioctl(4, _IOC(_IOC_NONE, 0x75, 0x30, 0), 0xffffffffd948) = 0 <0.000122>
19795 19:04:35.291226 ioctl(4, _IOC(_IOC_NONE, 0x75, 0x30, 0), 0xffffffffd918) = 0 <0.000090>
19795 19:04:35.291519 ioctl(4, _IOC(_IOC_NONE, 0x75, 0x30, 0), 0xffffffffda58) = 0 <0.000080>
19795 19:04:35.291675 ioctl(4, _IOC(_IOC_NONE, 0x75, 0x30, 0), 0xffffffffda58) = 0 <0.000080>
19795 19:04:35.291851 ioctl(4, _IOC(_IOC_NONE, 0x75, 0x30, 0), 0xffffffffdc08) = 0 <0.000124>
19795 19:04:35.292047 ioctl(4, _IOC(_IOC_NONE, 0x75, 0x30, 0), 0xffffffffdbd8) = 0 <0.000088>
19795 19:04:35.292411 ioctl(4, _IOC(_IOC_NONE, 0x75, 0x30, 0), 0xffffffffd948) = 0 <0.000216>
19795 19:04:35.292725 ioctl(4, _IOC(_IOC_NONE, 0x75, 0x30, 0), 0xffffffffd918) = 0 <0.000099>
19795 19:04:35.292928 ioctl(4, _IOC(_IOC_NONE, 0x75, 0x30, 0), 0xffffffffda58) = 0 <0.000071>
19795 19:04:35.293069 ioctl(4, _IOC(_IOC_NONE, 0x75, 0x30, 0), 0xffffffffda58) = 0 <0.000075>
19795 19:04:35.293239 ioctl(4, _IOC(_IOC_NONE, 0x75, 0x30, 0), 0xffffffffdc08) = 0 <0.000132>
19795 19:04:35.293448 ioctl(4, _IOC(_IOC_NONE, 0x75, 0x30, 0), 0xffffffffdbd8) = 0 <0.000310>
19795 19:04:35.294105 ioctl(4, _IOC(_IOC_NONE, 0x75, 0x30, 0), 0xffffffffd948) = 0 <0.000129>
19795 19:04:35.294326 ioctl(4, _IOC(_IOC_NONE, 0x75, 0x30, 0), 0xffffffffd918) = 0 <0.000093>
19795 19:04:35.294537 ioctl(4, _IOC(_IOC_NONE, 0x75, 0x30, 0), 0xffffffffda58) = 0 <0.000065>
19795 19:04:35.294746 ioctl(4, _IOC(_IOC_NONE, 0x75, 0x30, 0), 0xffffffffda58) = 0 <0.000081>
19795 19:04:35.294930 ioctl(4, _IOC(_IOC_NONE, 0x75, 0x30, 0), 0xffffffffdc08) = 0 <0.000125>
19795 19:04:35.295119 ioctl(4, _IOC(_IOC_NONE, 0x75, 0x30, 0), 0xffffffffdbd8) = 0 <0.000089>
19795 19:04:35.295465 ioctl(4, _IOC(_IOC_NONE, 0x75, 0x30, 0), 0xffffffffd948) = 0 <0.000107>
19795 19:04:35.295647 ioctl(4, _IOC(_IOC_NONE, 0x75, 0x30, 0), 0xffffffffd918) = 0 <0.000091>
19795 19:04:35.295812 ioctl(4, _IOC(_IOC_NONE, 0x75, 0x30, 0), 0xffffffffda58) = 0 <0.000063>
19795 19:04:35.295932 ioctl(4, _IOC(_IOC_NONE, 0x75, 0x30, 0), 0xffffffffda58) = 0 <0.000075>
19795 19:04:35.296090 ioctl(4, _IOC(_IOC_NONE, 0x75, 0x30, 0), 0xffffffffdc08) = 0 <0.000114>
19795 19:04:35.296264 ioctl(4, _IOC(_IOC_NONE, 0x75, 0x30, 0), 0xffffffffdbd8) = 0 <0.000084>
19795 19:04:35.296588 ioctl(4, _IOC(_IOC_NONE, 0x75, 0x30, 0), 0xffffffffd948) = 0 <0.000114>
19795 19:04:35.296778 ioctl(4, _IOC(_IOC_NONE, 0x75, 0x30, 0), 0xffffffffd918) = 0 <0.000091>
19795 19:04:35.296944 ioctl(4, _IOC(_IOC_NONE, 0x75, 0x30, 0), 0xffffffffda58) = 0 <0.000063>
19795 19:04:35.297066 ioctl(4, _IOC(_IOC_NONE, 0x75, 0x30, 0), 0xffffffffda58) = 0 <0.000074>
19795 19:04:35.297221 ioctl(4, _IOC(_IOC_NONE, 0x75, 0x30, 0), 0xffffffffdc08) = 0 <0.000113>
19795 19:04:35.297392 ioctl(4, _IOC(_IOC_NONE, 0x75, 0x30, 0), 0xffffffffdbd8) = 0 <0.000086>
19795 19:04:35.297786 ioctl(4, _IOC(_IOC_NONE, 0x75, 0x30, 0), 0xffffffffd948) = 0 <0.000124>
19795 19:04:35.298017 ioctl(4, _IOC(_IOC_NONE, 0x75, 0x30, 0), 0xffffffffd918) = 0 <0.000096>
19795 19:04:35.298204 ioctl(4, _IOC(_IOC_NONE, 0x75, 0x30, 0), 0xffffffffda58) = 0 <0.000065>
19795 19:04:35.298329 ioctl(4, _IOC(_IOC_NONE, 0x75, 0x30, 0), 0xffffffffda58) = 0 <0.000074>
19795 19:04:35.298488 ioctl(4, _IOC(_IOC_NONE, 0x75, 0x30, 0), 0xffffffffdc08) = 0 <0.000120>
19795 19:04:35.298673 ioctl(4, _IOC(_IOC_NONE, 0x75, 0x30, 0), 0xffffffffdbd8) = 0 <0.000088>
19795 19:04:35.299166 ioctl(4, _IOC(_IOC_NONE, 0x75, 0x30, 0), 0xffffffffd948) = 0 <0.000144>
19795 19:04:35.299405 ioctl(4, _IOC(_IOC_NONE, 0x75, 0x30, 0), 0xffffffffd918) = 0 <0.000157>
19795 19:04:35.299660 ioctl(4, _IOC(_IOC_NONE, 0x75, 0x30, 0), 0xffffffffda58) = 0 <0.000067>
19795 19:04:35.299789 ioctl(4, _IOC(_IOC_NONE, 0x75, 0x30, 0), 0xffffffffda58) = 0 <0.000074>
19795 19:04:35.299952 ioctl(4, _IOC(_IOC_NONE, 0x75, 0x30, 0), 0xffffffffdc08) = 0 <0.000117>
19795 19:04:35.300262 ioctl(4, _IOC(_IOC_NONE, 0x75, 0x30, 0), 0xffffffffdbd8) = 0 <0.000108>
19795 19:04:35.300647 ioctl(4, _IOC(_IOC_NONE, 0x75, 0x30, 0), 0xffffffffd948) = 0 <0.000124>
19795 19:04:35.300852 ioctl(4, _IOC(_IOC_NONE, 0x75, 0x30, 0), 0xffffffffd918) = 0 <0.000090>
19795 19:04:35.301025 ioctl(4, _IOC(_IOC_NONE, 0x75, 0x30, 0), 0xffffffffda58) = 0 <0.000067>
19795 19:04:35.301152 ioctl(4, _IOC(_IOC_NONE, 0x75, 0x30, 0), 0xffffffffda58) = 0 <0.000073>
19795 19:04:35.301509 ioctl(4, _IOC(_IOC_NONE, 0x75, 0x30, 0), 0xffffffffdc08) = 0 <0.000177>
19795 19:04:35.301813 ioctl(4, _IOC(_IOC_NONE, 0x75, 0x30, 0), 0xffffffffdbd8) = 0 <0.000103>
19795 19:04:35.302190 ioctl(4, _IOC(_IOC_NONE, 0x75, 0x30, 0), 0xffffffffd948) = 0 <0.000116>
19795 19:04:35.302383 ioctl(4, _IOC(_IOC_NONE, 0x75, 0x30, 0), 0xffffffffd918) = 0 <0.000213>
19795 19:04:35.302702 ioctl(4, _IOC(_IOC_NONE, 0x75, 0x30, 0), 0xffffffffda58) = 0 <0.000075>
19795 19:04:35.302849 ioctl(4, _IOC(_IOC_NONE, 0x75, 0x30, 0), 0xffffffffda58) = 0 <0.000075>
19795 19:04:35.303014 ioctl(4, _IOC(_IOC_NONE, 0x75, 0x30, 0), 0xffffffffdc08) = 0 <0.000119>
19795 19:04:35.303191 ioctl(4, _IOC(_IOC_NONE, 0x75, 0x30, 0), 0xffffffffdbd8) = 0 <0.000087>
19795 19:04:35.303528 ioctl(4, _IOC(_IOC_NONE, 0x75, 0x30, 0), 0xffffffffd948) = 0 <0.000109>
19795 19:04:35.303711 ioctl(4, _IOC(_IOC_NONE, 0x75, 0x30, 0), 0xffffffffd918) = 0 <0.000086>
19795 19:04:35.303878 ioctl(4, _IOC(_IOC_NONE, 0x75, 0x30, 0), 0xffffffffda58) = 0 <0.000067>
19795 19:04:35.304040 ioctl(4, _IOC(_IOC_NONE, 0x75, 0x30, 0), 0xffffffffda58) = 0 <0.000073>
19795 19:04:35.304202 ioctl(4, _IOC(_IOC_NONE, 0x75, 0x30, 0), 0xffffffffdc08) = 0 <0.000116>
19795 19:04:35.304381 ioctl(4, _IOC(_IOC_NONE, 0x75, 0x30, 0), 0xffffffffdbd8) = 0 <0.000091>
19795 19:04:35.304729 ioctl(4, _IOC(_IOC_NONE, 0x75, 0x30, 0), 0xffffffffd948) = 0 <0.000106>
19795 19:04:35.304906 ioctl(4, _IOC(_IOC_NONE, 0x75, 0x30, 0), 0xffffffffd918) = 0 <0.000087>
19795 19:04:35.305070 ioctl(4, _IOC(_IOC_NONE, 0x75, 0x30, 0), 0xffffffffda58) = 0 <0.000066>
19795 19:04:35.305196 ioctl(4, _IOC(_IOC_NONE, 0x75, 0x30, 0), 0xffffffffda58) = 0 <0.000075>
19795 19:04:35.305355 ioctl(4, _IOC(_IOC_NONE, 0x75, 0x30, 0), 0xffffffffdc08) = 0 <0.000118>
19795 19:04:35.305536 ioctl(4, _IOC(_IOC_NONE, 0x75, 0x30, 0), 0xffffffffdbd8) = 0 <0.000118>
19795 19:04:35.305953 ioctl(4, _IOC(_IOC_NONE, 0x75, 0x30, 0), 0xffffffffd948) = 0 <0.000129>
19795 19:04:35.306173 ioctl(4, _IOC(_IOC_NONE, 0x75, 0x30, 0), 0xffffffffd918) = 0 <0.000098>
19795 19:04:35.306368 ioctl(4, _IOC(_IOC_NONE, 0x75, 0x30, 0), 0xffffffffda58) = 0 <0.000073>
19795 19:04:35.306509 ioctl(4, _IOC(_IOC_NONE, 0x75, 0x30, 0), 0xffffffffda58) = 0 <0.000082>
19795 19:04:35.306693 ioctl(4, _IOC(_IOC_NONE, 0x75, 0x30, 0), 0xffffffffdc08) = 0 <0.000143>
19795 19:04:35.306918 ioctl(4, _IOC(_IOC_NONE, 0x75, 0x30, 0), 0xffffffffdbd8) = 0 <0.000097>
19795 19:04:35.307301 ioctl(4, _IOC(_IOC_NONE, 0x75, 0x30, 0), 0xffffffffd948) = 0 <0.000284>
19795 19:04:35.307683 ioctl(4, _IOC(_IOC_NONE, 0x75, 0x30, 0), 0xffffffffd918) = 0 <0.000093>
19795 19:04:35.307879 ioctl(4, _IOC(_IOC_NONE, 0x75, 0x30, 0), 0xffffffffda58) = 0 <0.000078>
19795 19:04:35.308031 ioctl(4, _IOC(_IOC_NONE, 0x75, 0x30, 0), 0xffffffffda58) = 0 <0.000077>
19795 19:04:35.308209 ioctl(4, _IOC(_IOC_NONE, 0x75, 0x30, 0), 0xffffffffdc08) = 0 <0.000131>
19795 19:04:35.308413 ioctl(4, _IOC(_IOC_NONE, 0x75, 0x30, 0), 0xffffffffdbd8) = 0 <0.000246>
19795 19:04:35.308973 ioctl(4, _IOC(_IOC_NONE, 0x75, 0x30, 0), 0xffffffffd948) = 0 <0.000124>
19795 19:04:35.309187 ioctl(4, _IOC(_IOC_NONE, 0x75, 0x30, 0), 0xffffffffd918) = 0 <0.000094>
19795 19:04:35.309375 ioctl(4, _IOC(_IOC_NONE, 0x75, 0x30, 0), 0xffffffffda58) = 0 <0.000106>
19795 19:04:35.309728 ioctl(4, _IOC(_IOC_NONE, 0x75, 0x30, 0), 0xffffffffda58) = 0 <0.000178>
19795 19:04:35.310050 ioctl(4, _IOC(_IOC_NONE, 0x75, 0x30, 0), 0xffffffffdc08) = 0 <0.000131>
19795 19:04:35.310266 ioctl(4, _IOC(_IOC_NONE, 0x75, 0x30, 0), 0xffffffffdbd8) = 0 <0.000098>
19795 19:04:35.310649 ioctl(4, _IOC(_IOC_NONE, 0x75, 0x30, 0), 0xffffffffd948) = 0 <0.000341>
19795 19:04:35.311094 ioctl(4, _IOC(_IOC_NONE, 0x75, 0x30, 0), 0xffffffffd918) = 0 <0.000101>
19795 19:04:35.311300 ioctl(4, _IOC(_IOC_NONE, 0x75, 0x30, 0), 0xffffffffda58) = 0 <0.000071>
19795 19:04:35.311446 ioctl(4, _IOC(_IOC_NONE, 0x75, 0x30, 0), 0xffffffffd6f8) = 0 <0.000055>
19795 19:04:35.311568 ioctl(4, _IOC(_IOC_NONE, 0x75, 0x30, 0) <unfinished ...>
19796 19:04:35.311656 <... ioctl resumed>, 0xfffff520e618) = 0 <0.022577>
19796 19:04:35.311707 ioctl(4, _IOC(_IOC_NONE, 0x75, 0x30, 0) <unfinished ...>
19795 19:04:35.311802 <... ioctl resumed>, 0xffffffffd768) = 0 <0.000207>
19796 19:04:35.311975 <... ioctl resumed>, 0xfffff520e618) = 0 <0.000243>
19795 19:04:35.312009 ioctl(4, _IOC(_IOC_NONE, 0x75, 0x30, 0) <unfinished ...>
19796 19:04:35.312058 ioctl(4, _IOC(_IOC_NONE, 0x75, 0x30, 0) <unfinished ...>
19795 19:04:35.313098 <... ioctl resumed>, 0xffffffffda58) = 0 <0.001058>
19795 19:04:35.313224 ioctl(4, _IOC(_IOC_NONE, 0x75, 0x30, 0) <unfinished ...>
19796 19:04:35.313321 <... ioctl resumed>, 0xfffff520e608) = 0 <0.001241>
19795 19:04:35.313460 <... ioctl resumed>, 0xffffffffdc08) = 0 <0.000206>
19796 19:04:35.313511 ioctl(4, _IOC(_IOC_NONE, 0x75, 0x30, 0), 0xfffff520e618) = 0 <0.000074>
19795 19:04:35.313688 ioctl(4, _IOC(_IOC_NONE, 0x75, 0x30, 0) <unfinished ...>
19796 19:04:35.313808 ioctl(4, _IOC(_IOC_NONE, 0x75, 0x30, 0) <unfinished ...>
19795 19:04:35.313841 <... ioctl resumed>, 0xffffffffdbd8) = 0 <0.000123>
19795 19:04:35.314163 ioctl(4, _IOC(_IOC_NONE, 0x75, 0x30, 0), 0xffffffffd948) = 0 <0.000130>
19795 19:04:35.314429 ioctl(4, _IOC(_IOC_NONE, 0x75, 0x30, 0), 0xffffffffd918) = 0 <0.000094>
19795 19:04:35.314622 ioctl(4, _IOC(_IOC_NONE, 0x75, 0x30, 0), 0xffffffffda58) = 0 <0.000075>
19795 19:04:35.314779 ioctl(4, _IOC(_IOC_NONE, 0x75, 0x30, 0), 0xffffffffda58) = 0 <0.000080>
19795 19:04:35.314959 ioctl(4, _IOC(_IOC_NONE, 0x75, 0x30, 0), 0xffffffffdc08) = 0 <0.000131>
19795 19:04:35.315323 ioctl(4, _IOC(_IOC_NONE, 0x75, 0x30, 0), 0xffffffffdbd8) = 0 <0.000104>
19795 19:04:35.315742 ioctl(4, _IOC(_IOC_NONE, 0x75, 0x30, 0), 0xffffffffd948) = 0 <0.000123>
19795 19:04:35.315957 ioctl(4, _IOC(_IOC_NONE, 0x75, 0x30, 0), 0xffffffffd918) = 0 <0.000096>
19795 19:04:35.316158 ioctl(4, _IOC(_IOC_NONE, 0x75, 0x30, 0), 0xffffffffda58) = 0 <0.000076>
19795 19:04:35.316433 ioctl(4, _IOC(_IOC_NONE, 0x75, 0x30, 0), 0xffffffffda58) = 0 <0.000092>
19795 19:04:35.316660 ioctl(4, _IOC(_IOC_NONE, 0x75, 0x30, 0), 0xffffffffdc08) = 0 <0.000134>
19795 19:04:35.316882 ioctl(4, _IOC(_IOC_NONE, 0x75, 0x30, 0), 0xffffffffdbd8) = 0 <0.000098>
19795 19:04:35.317272 ioctl(4, _IOC(_IOC_NONE, 0x75, 0x30, 0), 0xffffffffd948) = 0 <0.000242>
19795 19:04:35.317728 ioctl(4, _IOC(_IOC_NONE, 0x75, 0x30, 0), 0xffffffffd918) = 0 <0.000100>
19795 19:04:35.317931 ioctl(4, _IOC(_IOC_NONE, 0x75, 0x30, 0), 0xffffffffda58) = 0 <0.000067>
19795 19:04:35.318060 ioctl(4, _IOC(_IOC_NONE, 0x75, 0x30, 0), 0xffffffffda58) = 0 <0.000073>
19795 19:04:35.318222 ioctl(4, _IOC(_IOC_NONE, 0x75, 0x30, 0), 0xffffffffdc08) = 0 <0.000120>
19795 19:04:35.318402 ioctl(4, _IOC(_IOC_NONE, 0x75, 0x30, 0), 0xffffffffdbd8) = 0 <0.000104>
19795 19:04:35.318751 ioctl(4, _IOC(_IOC_NONE, 0x75, 0x30, 0), 0xffffffffd948) = 0 <0.000119>
19795 19:04:35.318945 ioctl(4, _IOC(_IOC_NONE, 0x75, 0x30, 0), 0xffffffffd918) = 0 <0.000088>
19795 19:04:35.319111 ioctl(4, _IOC(_IOC_NONE, 0x75, 0x30, 0), 0xffffffffda58) = 0 <0.000065>
19795 19:04:35.319234 ioctl(4, _IOC(_IOC_NONE, 0x75, 0x30, 0), 0xffffffffda58) = 0 <0.000075>
19795 19:04:35.319389 ioctl(4, _IOC(_IOC_NONE, 0x75, 0x30, 0), 0xffffffffdc08) = 0 <0.000117>
19795 19:04:35.319565 ioctl(4, _IOC(_IOC_NONE, 0x75, 0x30, 0), 0xffffffffdbd8) = 0 <0.000086>
19795 19:04:35.319952 ioctl(4, _IOC(_IOC_NONE, 0x75, 0x30, 0), 0xffffffffd948) = 0 <0.000169>
19795 19:04:35.320204 ioctl(4, _IOC(_IOC_NONE, 0x75, 0x30, 0), 0xffffffffd918) = 0 <0.000085>
19795 19:04:35.320370 ioctl(4, _IOC(_IOC_NONE, 0x75, 0x30, 0), 0xffffffffda58) = 0 <0.000066>
19795 19:04:35.320495 ioctl(4, _IOC(_IOC_NONE, 0x75, 0x30, 0), 0xffffffffda58) = 0 <0.000074>
19795 19:04:35.320655 ioctl(4, _IOC(_IOC_NONE, 0x75, 0x30, 0), 0xffffffffdc08) = 0 <0.000118>
19795 19:04:35.320834 ioctl(4, _IOC(_IOC_NONE, 0x75, 0x30, 0), 0xffffffffdbd8) = 0 <0.000088>
19795 19:04:35.321183 ioctl(4, _IOC(_IOC_NONE, 0x75, 0x30, 0), 0xffffffffd948) = 0 <0.000118>
19795 19:04:35.321377 ioctl(4, _IOC(_IOC_NONE, 0x75, 0x30, 0), 0xffffffffd918) = 0 <0.000089>
19795 19:04:35.321542 ioctl(4, _IOC(_IOC_NONE, 0x75, 0x30, 0), 0xffffffffda58) = 0 <0.000099>
19795 19:04:35.321712 ioctl(4, _IOC(_IOC_NONE, 0x75, 0x30, 0), 0xffffffffda58) = 0 <0.000076>
19795 19:04:35.321888 ioctl(4, _IOC(_IOC_NONE, 0x75, 0x30, 0), 0xffffffffdc08) = 0 <0.000128>
19795 19:04:35.322084 ioctl(4, _IOC(_IOC_NONE, 0x75, 0x30, 0), 0xffffffffdbd8) = 0 <0.000094>
19795 19:04:35.322466 ioctl(4, _IOC(_IOC_NONE, 0x75, 0x30, 0), 0xffffffffd948) = 0 <0.000121>
19795 19:04:35.322683 ioctl(4, _IOC(_IOC_NONE, 0x75, 0x30, 0), 0xffffffffd918) = 0 <0.000092>
19795 19:04:35.322866 ioctl(4, _IOC(_IOC_NONE, 0x75, 0x30, 0), 0xffffffffda58) = 0 <0.000066>
19795 19:04:35.322997 ioctl(4, _IOC(_IOC_NONE, 0x75, 0x30, 0), 0xffffffffda58) = 0 <0.000080>
19795 19:04:35.323170 ioctl(4, _IOC(_IOC_NONE, 0x75, 0x30, 0), 0xffffffffdc08) = 0 <0.000129>
19795 19:04:35.323533 ioctl(4, _IOC(_IOC_NONE, 0x75, 0x30, 0), 0xffffffffdbd8) = 0 <0.000111>
19795 19:04:35.323975 ioctl(4, _IOC(_IOC_NONE, 0x75, 0x30, 0), 0xffffffffd948) = 0 <0.000126>
19795 19:04:35.324194 ioctl(4, _IOC(_IOC_NONE, 0x75, 0x30, 0), 0xffffffffd918) = 0 <0.000104>
19795 19:04:35.324440 ioctl(4, _IOC(_IOC_NONE, 0x75, 0x30, 0), 0xffffffffda58) = 0 <0.000223>
19795 19:04:35.324772 ioctl(4, _IOC(_IOC_NONE, 0x75, 0x30, 0), 0xffffffffda58) = 0 <0.000088>
19795 19:04:35.324983 ioctl(4, _IOC(_IOC_NONE, 0x75, 0x30, 0), 0xffffffffdc08) = 0 <0.000136>
19795 19:04:35.325203 ioctl(4, _IOC(_IOC_NONE, 0x75, 0x30, 0), 0xffffffffdbd8) = 0 <0.000096>
19795 19:04:35.325625 ioctl(4, _IOC(_IOC_NONE, 0x75, 0x30, 0), 0xffffffffd948) = 0 <0.000230>
19795 19:04:35.326093 ioctl(4, _IOC(_IOC_NONE, 0x75, 0x30, 0), 0xffffffffd918) = 0 <0.000097>
19795 19:04:35.326298 ioctl(4, _IOC(_IOC_NONE, 0x75, 0x30, 0), 0xffffffffda58) = 0 <0.000074>
19795 19:04:35.326448 ioctl(4, _IOC(_IOC_NONE, 0x75, 0x30, 0), 0xffffffffda58) = 0 <0.000081>
19795 19:04:35.326632 ioctl(4, _IOC(_IOC_NONE, 0x75, 0x30, 0), 0xffffffffdc08) = 0 <0.000263>
19795 19:04:35.327036 ioctl(4, _IOC(_IOC_NONE, 0x75, 0x30, 0), 0xffffffffdbd8) = 0 <0.000115>
19795 19:04:35.327443 ioctl(4, _IOC(_IOC_NONE, 0x75, 0x30, 0), 0xffffffffd948) = 0 <0.000127>
19795 19:04:35.327659 ioctl(4, _IOC(_IOC_NONE, 0x75, 0x30, 0), 0xffffffffd918) = 0 <0.000100>
19795 19:04:35.327970 ioctl(4, _IOC(_IOC_NONE, 0x75, 0x30, 0), 0xffffffffda58) = 0 <0.000088>
19795 19:04:35.328230 ioctl(4, _IOC(_IOC_NONE, 0x75, 0x30, 0), 0xffffffffda58) = 0 <0.000083>
19795 19:04:35.328425 ioctl(4, _IOC(_IOC_NONE, 0x75, 0x30, 0), 0xffffffffdc08) = 0 <0.000136>
19795 19:04:35.328641 ioctl(4, _IOC(_IOC_NONE, 0x75, 0x30, 0), 0xffffffffdbd8) = 0 <0.000096>
19795 19:04:35.329150 ioctl(4, _IOC(_IOC_NONE, 0x75, 0x30, 0), 0xffffffffd948) = 0 <0.000176>
19795 19:04:35.329422 ioctl(4, _IOC(_IOC_NONE, 0x75, 0x30, 0), 0xffffffffd918) = 0 <0.000094>
19795 19:04:35.329646 ioctl(4, _IOC(_IOC_NONE, 0x75, 0x30, 0), 0xffffffffda58) = 0 <0.000077>
19795 19:04:35.329826 ioctl(4, _IOC(_IOC_NONE, 0x75, 0x30, 0), 0xffffffffda58) = 0 <0.000083>
19795 19:04:35.330015 ioctl(4, _IOC(_IOC_NONE, 0x75, 0x30, 0), 0xffffffffdc08) = 0 <0.000305>
19795 19:04:35.330521 ioctl(4, _IOC(_IOC_NONE, 0x75, 0x30, 0), 0xffffffffdbd8) = 0 <0.000107>
19795 19:04:35.330950 ioctl(4, _IOC(_IOC_NONE, 0x75, 0x30, 0), 0xffffffffd948) = 0 <0.000122>
19795 19:04:35.331168 ioctl(4, _IOC(_IOC_NONE, 0x75, 0x30, 0), 0xffffffffd918) = 0 <0.000216>
19795 19:04:35.331491 ioctl(4, _IOC(_IOC_NONE, 0x75, 0x30, 0), 0xffffffffda58) = 0 <0.000069>
19795 19:04:35.331632 ioctl(4, _IOC(_IOC_NONE, 0x75, 0x30, 0), 0xffffffffda58) = 0 <0.000077>
19795 19:04:35.331797 ioctl(4, _IOC(_IOC_NONE, 0x75, 0x30, 0), 0xffffffffdc08) = 0 <0.000144>
19795 19:04:35.332006 ioctl(4, _IOC(_IOC_NONE, 0x75, 0x30, 0), 0xffffffffdbd8) = 0 <0.000087>
19795 19:04:35.332360 ioctl(4, _IOC(_IOC_NONE, 0x75, 0x30, 0), 0xffffffffd948) = 0 <0.000115>
19795 19:04:35.332551 ioctl(4, _IOC(_IOC_NONE, 0x75, 0x30, 0), 0xffffffffd918) = 0 <0.000088>
19795 19:04:35.332717 ioctl(4, _IOC(_IOC_NONE, 0x75, 0x30, 0), 0xffffffffda58) = 0 <0.000067>
19795 19:04:35.332840 ioctl(4, _IOC(_IOC_NONE, 0x75, 0x30, 0), 0xffffffffda58) = 0 <0.000073>
19795 19:04:35.332996 ioctl(4, _IOC(_IOC_NONE, 0x75, 0x30, 0), 0xffffffffdc08) = 0 <0.000130>
19795 19:04:35.333190 ioctl(4, _IOC(_IOC_NONE, 0x75, 0x30, 0), 0xffffffffdbd8) = 0 <0.000086>
19795 19:04:35.333524 ioctl(4, _IOC(_IOC_NONE, 0x75, 0x30, 0), 0xffffffffd948) = 0 <0.000160>
19795 19:04:35.333783 ioctl(4, _IOC(_IOC_NONE, 0x75, 0x30, 0), 0xffffffffd918) = 0 <0.000097>
19795 19:04:35.333983 ioctl(4, _IOC(_IOC_NONE, 0x75, 0x30, 0), 0xffffffffda58) = 0 <0.000076>
19795 19:04:35.334133 ioctl(4, _IOC(_IOC_NONE, 0x75, 0x30, 0), 0xffffffffda58) = 0 <0.000081>
19795 19:04:35.334313 ioctl(4, _IOC(_IOC_NONE, 0x75, 0x30, 0), 0xffffffffdc08) = 0 <0.000129>
19795 19:04:35.334522 ioctl(4, _IOC(_IOC_NONE, 0x75, 0x30, 0), 0xffffffffdbd8) = 0 <0.000095>
19795 19:04:35.334906 ioctl(4, _IOC(_IOC_NONE, 0x75, 0x30, 0), 0xffffffffd948) = 0 <0.000117>
19795 19:04:35.335111 ioctl(4, _IOC(_IOC_NONE, 0x75, 0x30, 0), 0xffffffffd918) = 0 <0.000255>
19795 19:04:35.335492 ioctl(4, _IOC(_IOC_NONE, 0x75, 0x30, 0), 0xffffffffda58) = 0 <0.000085>
19795 19:04:35.335658 ioctl(4, _IOC(_IOC_NONE, 0x75, 0x30, 0), 0xffffffffda58) = 0 <0.000080>
19795 19:04:35.335881 ioctl(4, _IOC(_IOC_NONE, 0x75, 0x30, 0), 0xffffffffdc08) = 0 <0.000136>
19795 19:04:35.336097 ioctl(4, _IOC(_IOC_NONE, 0x75, 0x30, 0), 0xffffffffdbd8) = 0 <0.000096>
19795 19:04:35.336633 ioctl(4, _IOC(_IOC_NONE, 0x75, 0x30, 0), 0xffffffffd948) = 0 <0.000134>
19795 19:04:35.336865 ioctl(4, _IOC(_IOC_NONE, 0x75, 0x30, 0), 0xffffffffd918) = 0 <0.000097>
19795 19:04:35.337060 ioctl(4, _IOC(_IOC_NONE, 0x75, 0x30, 0), 0xffffffffda58) = 0 <0.000076>
19795 19:04:35.337222 ioctl(4, _IOC(_IOC_NONE, 0x75, 0x30, 0), 0xffffffffd6f8) = 0 <0.000052>
19795 19:04:35.337346 ioctl(4, _IOC(_IOC_NONE, 0x75, 0x30, 0) <unfinished ...>
19796 19:04:35.337440 <... ioctl resumed>, 0xfffff520e618) = 0 <0.023607>
19796 19:04:35.337700 ioctl(4, _IOC(_IOC_NONE, 0x75, 0x30, 0) <unfinished ...>
19795 19:04:35.337823 <... ioctl resumed>, 0xffffffffd768) = 0 <0.000448>
19796 19:04:35.337875 <... ioctl resumed>, 0xfffff520e618) = 0 <0.000127>
19795 19:04:35.337921 ioctl(4, _IOC(_IOC_NONE, 0x75, 0x30, 0) <unfinished ...>
19796 19:04:35.338022 ioctl(4, _IOC(_IOC_NONE, 0x75, 0x30, 0) <unfinished ...>
19795 19:04:35.339123 <... ioctl resumed>, 0xffffffffda58) = 0 <0.001169>
19795 19:04:35.339253 ioctl(4, _IOC(_IOC_NONE, 0x75, 0x30, 0), 0xffffffffdc08) = 0 <0.000125>
19796 19:04:35.339486 <... ioctl resumed>, 0xfffff520e608) = 0 <0.001439>
19796 19:04:35.339538 ioctl(4, _IOC(_IOC_NONE, 0x75, 0x30, 0), 0xfffff520e618) = 0 <0.000054>
19795 19:04:35.339652 ioctl(4, _IOC(_IOC_NONE, 0x75, 0x30, 0), 0xffffffffdbd8) = 0 <0.000121>
19796 19:04:35.339817 ioctl(4, _IOC(_IOC_NONE, 0x75, 0x30, 0) <unfinished ...>
19795 19:04:35.340102 ioctl(4, _IOC(_IOC_NONE, 0x75, 0x30, 0), 0xffffffffd948) = 0 <0.000112>
19795 19:04:35.340290 ioctl(4, _IOC(_IOC_NONE, 0x75, 0x30, 0), 0xffffffffd918) = 0 <0.000112>
19795 19:04:35.340549 ioctl(4, _IOC(_IOC_NONE, 0x75, 0x30, 0), 0xffffffffda58) = 0 <0.000106>
19795 19:04:35.340730 ioctl(4, _IOC(_IOC_NONE, 0x75, 0x30, 0), 0xffffffffda58) = 0 <0.000077>
19795 19:04:35.340896 ioctl(4, _IOC(_IOC_NONE, 0x75, 0x30, 0), 0xffffffffdc08) = 0 <0.000123>
19795 19:04:35.341082 ioctl(4, _IOC(_IOC_NONE, 0x75, 0x30, 0), 0xffffffffdbd8) = 0 <0.000096>
19795 19:04:35.341424 ioctl(4, _IOC(_IOC_NONE, 0x75, 0x30, 0), 0xffffffffd948) = 0 <0.000109>
19795 19:04:35.341676 ioctl(4, _IOC(_IOC_NONE, 0x75, 0x30, 0), 0xffffffffd918) = 0 <0.000100>
19795 19:04:35.341871 ioctl(4, _IOC(_IOC_NONE, 0x75, 0x30, 0), 0xffffffffda58) = 0 <0.000070>
19795 19:04:35.342005 ioctl(4, _IOC(_IOC_NONE, 0x75, 0x30, 0), 0xffffffffda58) = 0 <0.000080>
19795 19:04:35.342182 ioctl(4, _IOC(_IOC_NONE, 0x75, 0x30, 0), 0xffffffffdc08) = 0 <0.000132>
19795 19:04:35.342392 ioctl(4, _IOC(_IOC_NONE, 0x75, 0x30, 0), 0xffffffffdbd8) = 0 <0.000103>
19795 19:04:35.342796 ioctl(4, _IOC(_IOC_NONE, 0x75, 0x30, 0), 0xffffffffd948) = 0 <0.000123>
19795 19:04:35.343007 ioctl(4, _IOC(_IOC_NONE, 0x75, 0x30, 0), 0xffffffffd918) = 0 <0.000090>
19795 19:04:35.343187 ioctl(4, _IOC(_IOC_NONE, 0x75, 0x30, 0), 0xffffffffda58) = 0 <0.000073>
19795 19:04:35.343502 ioctl(4, _IOC(_IOC_NONE, 0x75, 0x30, 0), 0xffffffffda58) = 0 <0.000090>
19795 19:04:35.343712 ioctl(4, _IOC(_IOC_NONE, 0x75, 0x30, 0), 0xffffffffdc08) = 0 <0.000140>
19795 19:04:35.343933 ioctl(4, _IOC(_IOC_NONE, 0x75, 0x30, 0), 0xffffffffdbd8) = 0 <0.000097>
19795 19:04:35.344312 ioctl(4, _IOC(_IOC_NONE, 0x75, 0x30, 0), 0xffffffffd948) = 0 <0.000266>
19795 19:04:35.344679 ioctl(4, _IOC(_IOC_NONE, 0x75, 0x30, 0), 0xffffffffd918) = 0 <0.000099>
19795 19:04:35.344885 ioctl(4, _IOC(_IOC_NONE, 0x75, 0x30, 0), 0xffffffffda58) = 0 <0.000077>
19795 19:04:35.345040 ioctl(4, _IOC(_IOC_NONE, 0x75, 0x30, 0), 0xffffffffda58) = 0 <0.000081>
19795 19:04:35.345228 ioctl(4, _IOC(_IOC_NONE, 0x75, 0x30, 0), 0xffffffffdc08) = 0 <0.000130>
19795 19:04:35.345432 ioctl(4, _IOC(_IOC_NONE, 0x75, 0x30, 0), 0xffffffffdbd8) = 0 <0.000266>
19795 19:04:35.346031 ioctl(4, _IOC(_IOC_NONE, 0x75, 0x30, 0), 0xffffffffd948) = 0 <0.000126>
19795 19:04:35.346250 ioctl(4, _IOC(_IOC_NONE, 0x75, 0x30, 0), 0xffffffffd918) = 0 <0.000095>
19795 19:04:35.346488 ioctl(4, _IOC(_IOC_NONE, 0x75, 0x30, 0), 0xffffffffda58) = 0 <0.000078>
19795 19:04:35.346641 ioctl(4, _IOC(_IOC_NONE, 0x75, 0x30, 0), 0xffffffffda58) = 0 <0.000232>
19795 19:04:35.346998 ioctl(4, _IOC(_IOC_NONE, 0x75, 0x30, 0), 0xffffffffdc08) = 0 <0.000137>
19795 19:04:35.347226 ioctl(4, _IOC(_IOC_NONE, 0x75, 0x30, 0), 0xffffffffdbd8) = 0 <0.000097>
19795 19:04:35.347616 ioctl(4, _IOC(_IOC_NONE, 0x75, 0x30, 0), 0xffffffffd948) = 0 <0.000129>
19795 19:04:35.348015 ioctl(4, _IOC(_IOC_NONE, 0x75, 0x30, 0), 0xffffffffd918) = 0 <0.000107>
19795 19:04:35.348225 ioctl(4, _IOC(_IOC_NONE, 0x75, 0x30, 0), 0xffffffffda58) = 0 <0.000070>
19795 19:04:35.348360 ioctl(4, _IOC(_IOC_NONE, 0x75, 0x30, 0), 0xffffffffda58) = 0 <0.000075>
19795 19:04:35.348521 ioctl(4, _IOC(_IOC_NONE, 0x75, 0x30, 0), 0xffffffffdc08) = 0 <0.000122>
19795 19:04:35.348708 ioctl(4, _IOC(_IOC_NONE, 0x75, 0x30, 0), 0xffffffffdbd8) = 0 <0.000089>
19795 19:04:35.349157 ioctl(4, _IOC(_IOC_NONE, 0x75, 0x30, 0), 0xffffffffd948) = 0 <0.000112>
19795 19:04:35.349352 ioctl(4, _IOC(_IOC_NONE, 0x75, 0x30, 0), 0xffffffffd918) = 0 <0.000089>
19795 19:04:35.349518 ioctl(4, _IOC(_IOC_NONE, 0x75, 0x30, 0), 0xffffffffda58) = 0 <0.000116>
19795 19:04:35.349735 ioctl(4, _IOC(_IOC_NONE, 0x75, 0x30, 0), 0xffffffffda58) = 0 <0.000082>
19795 19:04:35.349926 ioctl(4, _IOC(_IOC_NONE, 0x75, 0x30, 0), 0xffffffffdc08) = 0 <0.000137>
19795 19:04:35.350143 ioctl(4, _IOC(_IOC_NONE, 0x75, 0x30, 0), 0xffffffffdbd8) = 0 <0.000100>
19795 19:04:35.350535 ioctl(4, _IOC(_IOC_NONE, 0x75, 0x30, 0), 0xffffffffd948) = 0 <0.000351>
19795 19:04:35.351023 ioctl(4, _IOC(_IOC_NONE, 0x75, 0x30, 0), 0xffffffffd918) = 0 <0.000105>
19795 19:04:35.351241 ioctl(4, _IOC(_IOC_NONE, 0x75, 0x30, 0), 0xffffffffda58) = 0 <0.000072>
19795 19:04:35.351381 ioctl(4, _IOC(_IOC_NONE, 0x75, 0x30, 0), 0xffffffffda58) = 0 <0.000080>
19795 19:04:35.351567 ioctl(4, _IOC(_IOC_NONE, 0x75, 0x30, 0), 0xffffffffdc08) = 0 <0.000127>
19795 19:04:35.351769 ioctl(4, _IOC(_IOC_NONE, 0x75, 0x30, 0), 0xffffffffdbd8) = 0 <0.000264>
19795 19:04:35.352340 ioctl(4, _IOC(_IOC_NONE, 0x75, 0x30, 0), 0xffffffffd948) = 0 <0.000133>
19795 19:04:35.352565 ioctl(4, _IOC(_IOC_NONE, 0x75, 0x30, 0), 0xffffffffd918) = 0 <0.000090>
19795 19:04:35.352742 ioctl(4, _IOC(_IOC_NONE, 0x75, 0x30, 0), 0xffffffffda58) = 0 <0.000066>
19795 19:04:35.352868 ioctl(4, _IOC(_IOC_NONE, 0x75, 0x30, 0), 0xffffffffda58) = 0 <0.000072>
19795 19:04:35.353185 ioctl(4, _IOC(_IOC_NONE, 0x75, 0x30, 0), 0xffffffffdc08) = 0 <0.000131>
19795 19:04:35.353392 ioctl(4, _IOC(_IOC_NONE, 0x75, 0x30, 0), 0xffffffffdbd8) = 0 <0.000095>
19795 19:04:35.353827 ioctl(4, _IOC(_IOC_NONE, 0x75, 0x30, 0), 0xffffffffd948) = 0 <0.000128>
19795 19:04:35.354068 ioctl(4, _IOC(_IOC_NONE, 0x75, 0x30, 0), 0xffffffffd918) = 0 <0.000166>
19795 19:04:35.354336 ioctl(4, _IOC(_IOC_NONE, 0x75, 0x30, 0), 0xffffffffda58) = 0 <0.000073>
19795 19:04:35.354484 ioctl(4, _IOC(_IOC_NONE, 0x75, 0x30, 0), 0xffffffffda58) = 0 <0.000079>
19795 19:04:35.354666 ioctl(4, _IOC(_IOC_NONE, 0x75, 0x30, 0), 0xffffffffdc08) = 0 <0.000249>
19795 19:04:35.355003 ioctl(4, _IOC(_IOC_NONE, 0x75, 0x30, 0), 0xffffffffdbd8) = 0 <0.000095>
19795 19:04:35.355442 ioctl(4, _IOC(_IOC_NONE, 0x75, 0x30, 0), 0xffffffffd948) = 0 <0.000114>
19795 19:04:35.355636 ioctl(4, _IOC(_IOC_NONE, 0x75, 0x30, 0), 0xffffffffd918) = 0 <0.000086>
19795 19:04:35.355802 ioctl(4, _IOC(_IOC_NONE, 0x75, 0x30, 0), 0xffffffffda58) = 0 <0.000067>
19795 19:04:35.355929 ioctl(4, _IOC(_IOC_NONE, 0x75, 0x30, 0), 0xffffffffda58) = 0 <0.000091>
19795 19:04:35.356108 ioctl(4, _IOC(_IOC_NONE, 0x75, 0x30, 0), 0xffffffffdc08) = 0 <0.000116>
19795 19:04:35.356290 ioctl(4, _IOC(_IOC_NONE, 0x75, 0x30, 0), 0xffffffffdbd8) = 0 <0.000086>
19795 19:04:35.356627 ioctl(4, _IOC(_IOC_NONE, 0x75, 0x30, 0), 0xffffffffd948) = 0 <0.000109>
19795 19:04:35.356810 ioctl(4, _IOC(_IOC_NONE, 0x75, 0x30, 0), 0xffffffffd918) = 0 <0.000089>
19795 19:04:35.356977 ioctl(4, _IOC(_IOC_NONE, 0x75, 0x30, 0), 0xffffffffda58) = 0 <0.000064>
19795 19:04:35.357099 ioctl(4, _IOC(_IOC_NONE, 0x75, 0x30, 0), 0xffffffffda58) = 0 <0.000075>
19795 19:04:35.357296 ioctl(4, _IOC(_IOC_NONE, 0x75, 0x30, 0), 0xffffffffdc08) = 0 <0.000118>
19795 19:04:35.357477 ioctl(4, _IOC(_IOC_NONE, 0x75, 0x30, 0), 0xffffffffdbd8) = 0 <0.000118>
19795 19:04:35.357897 ioctl(4, _IOC(_IOC_NONE, 0x75, 0x30, 0), 0xffffffffd948) = 0 <0.000121>
19795 19:04:35.358107 ioctl(4, _IOC(_IOC_NONE, 0x75, 0x30, 0), 0xffffffffd918) = 0 <0.000098>
19795 19:04:35.358312 ioctl(4, _IOC(_IOC_NONE, 0x75, 0x30, 0), 0xffffffffda58) = 0 <0.000072>
19795 19:04:35.358455 ioctl(4, _IOC(_IOC_NONE, 0x75, 0x30, 0), 0xffffffffda58) = 0 <0.000074>
19795 19:04:35.358618 ioctl(4, _IOC(_IOC_NONE, 0x75, 0x30, 0), 0xffffffffdc08) = 0 <0.000125>
19795 19:04:35.358802 ioctl(4, _IOC(_IOC_NONE, 0x75, 0x30, 0), 0xffffffffdbd8) = 0 <0.000089>
19795 19:04:35.359127 ioctl(4, _IOC(_IOC_NONE, 0x75, 0x30, 0), 0xffffffffd948) = 0 <0.000117>
19795 19:04:35.359319 ioctl(4, _IOC(_IOC_NONE, 0x75, 0x30, 0), 0xffffffffd918) = 0 <0.000090>
19795 19:04:35.359600 ioctl(4, _IOC(_IOC_NONE, 0x75, 0x30, 0), 0xffffffffda58) = 0 <0.000069>
19795 19:04:35.359734 ioctl(4, _IOC(_IOC_NONE, 0x75, 0x30, 0), 0xffffffffda58) = 0 <0.000073>
19795 19:04:35.359892 ioctl(4, _IOC(_IOC_NONE, 0x75, 0x30, 0), 0xffffffffdc08) = 0 <0.000116>
19795 19:04:35.360073 ioctl(4, _IOC(_IOC_NONE, 0x75, 0x30, 0), 0xffffffffdbd8) = 0 <0.000092>
19795 19:04:35.360424 ioctl(4, _IOC(_IOC_NONE, 0x75, 0x30, 0), 0xffffffffd948) = 0 <0.000130>
19795 19:04:35.360632 ioctl(4, _IOC(_IOC_NONE, 0x75, 0x30, 0), 0xffffffffd918) = 0 <0.000085>
19795 19:04:35.360796 ioctl(4, _IOC(_IOC_NONE, 0x75, 0x30, 0), 0xffffffffda58) = 0 <0.000064>
19795 19:04:35.360915 ioctl(4, _IOC(_IOC_NONE, 0x75, 0x30, 0), 0xffffffffda58) = 0 <0.000095>
19795 19:04:35.361164 ioctl(4, _IOC(_IOC_NONE, 0x75, 0x30, 0), 0xffffffffdc08) = 0 <0.000159>
19795 19:04:35.361393 ioctl(4, _IOC(_IOC_NONE, 0x75, 0x30, 0), 0xffffffffdbd8) = 0 <0.000085>
19795 19:04:35.361782 ioctl(4, _IOC(_IOC_NONE, 0x75, 0x30, 0), 0xffffffffd948) = 0 <0.000127>
19795 19:04:35.362013 ioctl(4, _IOC(_IOC_NONE, 0x75, 0x30, 0), 0xffffffffd918) = 0 <0.000092>
19795 19:04:35.362205 ioctl(4, _IOC(_IOC_NONE, 0x75, 0x30, 0), 0xffffffffda58) = 0 <0.000074>
19795 19:04:35.362352 ioctl(4, _IOC(_IOC_NONE, 0x75, 0x30, 0), 0xffffffffd6f8) = 0 <0.000050>
19795 19:04:35.362459 ioctl(4, _IOC(_IOC_NONE, 0x75, 0x30, 0), 0xffffffffd768) = 0 <0.000053>
19795 19:04:35.362590 ioctl(4, _IOC(_IOC_NONE, 0x75, 0x30, 0) <unfinished ...>
19796 19:04:35.362685 <... ioctl resumed>, 0xfffff520e618) = 0 <0.022843>
19795 19:04:35.362716 <... ioctl resumed>, 0xffffffffda58) = 0 <0.000103>
19796 19:04:35.362761 ioctl(4, _IOC(_IOC_NONE, 0x75, 0x30, 0) <unfinished ...>
19795 19:04:35.362880 ioctl(4, _IOC(_IOC_NONE, 0x75, 0x30, 0) <unfinished ...>
19796 19:04:35.362911 <... ioctl resumed>, 0xfffff520e618) = 0 <0.000127>
19795 19:04:35.363074 <... ioctl resumed>, 0xffffffffdc08) = 0 <0.000167>
19796 19:04:35.363200 ioctl(4, _IOC(_IOC_NONE, 0x75, 0x30, 0) <unfinished ...>
19795 19:04:35.364300 ioctl(4, _IOC(_IOC_NONE, 0x75, 0x30, 0), 0xffffffffdbd8) = 0 <0.000108>
19795 19:04:35.364705 ioctl(4, _IOC(_IOC_NONE, 0x75, 0x30, 0) <unfinished ...>
19796 19:04:35.364821 <... ioctl resumed>, 0xfffff520e608) = 0 <0.001584>
19796 19:04:35.364868 ioctl(4, _IOC(_IOC_NONE, 0x75, 0x30, 0), 0xfffff520e618) = 0 <0.000050>
19795 19:04:35.365056 <... ioctl resumed>, 0xffffffffd948) = 0 <0.000310>
19796 19:04:35.365082 ioctl(4, _IOC(_IOC_NONE, 0x75, 0x30, 0) <unfinished ...>
19795 19:04:35.365150 ioctl(4, _IOC(_IOC_NONE, 0x75, 0x30, 0), 0xffffffffd918) = 0 <0.000084>
19795 19:04:35.365320 ioctl(4, _IOC(_IOC_NONE, 0x75, 0x30, 0), 0xffffffffda58) = 0 <0.000065>
19795 19:04:35.365445 ioctl(4, _IOC(_IOC_NONE, 0x75, 0x30, 0), 0xffffffffda58) = 0 <0.000072>
19795 19:04:35.365625 ioctl(4, _IOC(_IOC_NONE, 0x75, 0x30, 0), 0xffffffffdc08) = 0 <0.000122>
19795 19:04:35.365828 ioctl(4, _IOC(_IOC_NONE, 0x75, 0x30, 0), 0xffffffffdbd8) = 0 <0.000088>
19795 19:04:35.366187 ioctl(4, _IOC(_IOC_NONE, 0x75, 0x30, 0), 0xffffffffd948) = 0 <0.000119>
19795 19:04:35.366398 ioctl(4, _IOC(_IOC_NONE, 0x75, 0x30, 0), 0xffffffffd918) = 0 <0.000096>
19795 19:04:35.366619 ioctl(4, _IOC(_IOC_NONE, 0x75, 0x30, 0), 0xffffffffda58) = 0 <0.000068>
19795 19:04:35.366752 ioctl(4, _IOC(_IOC_NONE, 0x75, 0x30, 0), 0xffffffffda58) = 0 <0.000076>
19795 19:04:35.366922 ioctl(4, _IOC(_IOC_NONE, 0x75, 0x30, 0), 0xffffffffdc08) = 0 <0.000278>
19795 19:04:35.367284 ioctl(4, _IOC(_IOC_NONE, 0x75, 0x30, 0), 0xffffffffdbd8) = 0 <0.000090>
19795 19:04:35.367661 ioctl(4, _IOC(_IOC_NONE, 0x75, 0x30, 0), 0xffffffffd948) = 0 <0.000114>
19795 19:04:35.367857 ioctl(4, _IOC(_IOC_NONE, 0x75, 0x30, 0), 0xffffffffd918) = 0 <0.000097>
19795 19:04:35.368031 ioctl(4, _IOC(_IOC_NONE, 0x75, 0x30, 0), 0xffffffffda58) = 0 <0.000066>
19795 19:04:35.368152 ioctl(4, _IOC(_IOC_NONE, 0x75, 0x30, 0), 0xffffffffda58) = 0 <0.000191>
19795 19:04:35.368428 ioctl(4, _IOC(_IOC_NONE, 0x75, 0x30, 0), 0xffffffffdc08) = 0 <0.000115>
19795 19:04:35.368601 ioctl(4, _IOC(_IOC_NONE, 0x75, 0x30, 0), 0xffffffffdbd8) = 0 <0.000093>
19795 19:04:35.368937 ioctl(4, _IOC(_IOC_NONE, 0x75, 0x30, 0), 0xffffffffd948) = 0 <0.000112>
19795 19:04:35.369119 ioctl(4, _IOC(_IOC_NONE, 0x75, 0x30, 0), 0xffffffffd918) = 0 <0.000087>
19795 19:04:35.369299 ioctl(4, _IOC(_IOC_NONE, 0x75, 0x30, 0), 0xffffffffda58) = 0 <0.000062>
19795 19:04:35.369420 ioctl(4, _IOC(_IOC_NONE, 0x75, 0x30, 0), 0xffffffffda58) = 0 <0.000074>
19795 19:04:35.369613 ioctl(4, _IOC(_IOC_NONE, 0x75, 0x30, 0), 0xffffffffdc08) = 0 <0.000130>
19795 19:04:35.369837 ioctl(4, _IOC(_IOC_NONE, 0x75, 0x30, 0), 0xffffffffdbd8) = 0 <0.000092>
19795 19:04:35.370189 ioctl(4, _IOC(_IOC_NONE, 0x75, 0x30, 0), 0xffffffffd948) = 0 <0.000111>
19795 19:04:35.370380 ioctl(4, _IOC(_IOC_NONE, 0x75, 0x30, 0), 0xffffffffd918) = 0 <0.000089>
19795 19:04:35.370545 ioctl(4, _IOC(_IOC_NONE, 0x75, 0x30, 0), 0xffffffffda58) = 0 <0.000068>
19795 19:04:35.370675 ioctl(4, _IOC(_IOC_NONE, 0x75, 0x30, 0), 0xffffffffda58) = 0 <0.000078>
19795 19:04:35.370990 ioctl(4, _IOC(_IOC_NONE, 0x75, 0x30, 0), 0xffffffffdc08) = 0 <0.000129>
19795 19:04:35.371186 ioctl(4, _IOC(_IOC_NONE, 0x75, 0x30, 0), 0xffffffffdbd8) = 0 <0.000175>
19795 19:04:35.371616 ioctl(4, _IOC(_IOC_NONE, 0x75, 0x30, 0), 0xffffffffd948) = 0 <0.000122>
19795 19:04:35.371812 ioctl(4, _IOC(_IOC_NONE, 0x75, 0x30, 0), 0xffffffffd918) = 0 <0.000103>
19795 19:04:35.371996 ioctl(4, _IOC(_IOC_NONE, 0x75, 0x30, 0), 0xffffffffda58) = 0 <0.000065>
19795 19:04:35.372120 ioctl(4, _IOC(_IOC_NONE, 0x75, 0x30, 0), 0xffffffffda58) = 0 <0.000073>
19795 19:04:35.372275 ioctl(4, _IOC(_IOC_NONE, 0x75, 0x30, 0), 0xffffffffdc08) = 0 <0.000121>
19795 19:04:35.372459 ioctl(4, _IOC(_IOC_NONE, 0x75, 0x30, 0), 0xffffffffdbd8) = 0 <0.000088>
19795 19:04:35.372819 ioctl(4, _IOC(_IOC_NONE, 0x75, 0x30, 0), 0xffffffffd948) = 0 <0.000113>
19795 19:04:35.373013 ioctl(4, _IOC(_IOC_NONE, 0x75, 0x30, 0), 0xffffffffd918) = 0 <0.000087>
19795 19:04:35.373180 ioctl(4, _IOC(_IOC_NONE, 0x75, 0x30, 0), 0xffffffffda58) = 0 <0.000068>
19795 19:04:35.373307 ioctl(4, _IOC(_IOC_NONE, 0x75, 0x30, 0), 0xffffffffda58) = 0 <0.000073>
19795 19:04:35.373465 ioctl(4, _IOC(_IOC_NONE, 0x75, 0x30, 0), 0xffffffffdc08) = 0 <0.000166>
19795 19:04:35.373725 ioctl(4, _IOC(_IOC_NONE, 0x75, 0x30, 0), 0xffffffffdbd8) = 0 <0.000092>
19795 19:04:35.374074 ioctl(4, _IOC(_IOC_NONE, 0x75, 0x30, 0), 0xffffffffd948) = 0 <0.000112>
19795 19:04:35.374264 ioctl(4, _IOC(_IOC_NONE, 0x75, 0x30, 0), 0xffffffffd918) = 0 <0.000088>
19795 19:04:35.374431 ioctl(4, _IOC(_IOC_NONE, 0x75, 0x30, 0), 0xffffffffda58) = 0 <0.000065>
19795 19:04:35.374556 ioctl(4, _IOC(_IOC_NONE, 0x75, 0x30, 0), 0xffffffffda58) = 0 <0.000075>
19795 19:04:35.374716 ioctl(4, _IOC(_IOC_NONE, 0x75, 0x30, 0), 0xffffffffdc08) = 0 <0.000116>
19795 19:04:35.374893 ioctl(4, _IOC(_IOC_NONE, 0x75, 0x30, 0), 0xffffffffdbd8) = 0 <0.000088>
19795 19:04:35.375246 ioctl(4, _IOC(_IOC_NONE, 0x75, 0x30, 0), 0xffffffffd948) = 0 <0.000118>
19795 19:04:35.375439 ioctl(4, _IOC(_IOC_NONE, 0x75, 0x30, 0), 0xffffffffd918) = 0 <0.000086>
19795 19:04:35.375602 ioctl(4, _IOC(_IOC_NONE, 0x75, 0x30, 0), 0xffffffffda58) = 0 <0.000068>
19795 19:04:35.375766 ioctl(4, _IOC(_IOC_NONE, 0x75, 0x30, 0), 0xffffffffda58) = 0 <0.000074>
19795 19:04:35.375926 ioctl(4, _IOC(_IOC_NONE, 0x75, 0x30, 0), 0xffffffffdc08) = 0 <0.000117>
19795 19:04:35.376105 ioctl(4, _IOC(_IOC_NONE, 0x75, 0x30, 0), 0xffffffffdbd8) = 0 <0.000087>
19795 19:04:35.376434 ioctl(4, _IOC(_IOC_NONE, 0x75, 0x30, 0), 0xffffffffd948) = 0 <0.000114>
19795 19:04:35.376623 ioctl(4, _IOC(_IOC_NONE, 0x75, 0x30, 0), 0xffffffffd918) = 0 <0.000092>
19795 19:04:35.376795 ioctl(4, _IOC(_IOC_NONE, 0x75, 0x30, 0), 0xffffffffda58) = 0 <0.000064>
19795 19:04:35.376918 ioctl(4, _IOC(_IOC_NONE, 0x75, 0x30, 0), 0xffffffffda58) = 0 <0.000073>
19795 19:04:35.377075 ioctl(4, _IOC(_IOC_NONE, 0x75, 0x30, 0), 0xffffffffdc08) = 0 <0.000118>
19795 19:04:35.377255 ioctl(4, _IOC(_IOC_NONE, 0x75, 0x30, 0), 0xffffffffdbd8) = 0 <0.000085>
19795 19:04:35.377637 ioctl(4, _IOC(_IOC_NONE, 0x75, 0x30, 0), 0xffffffffd948) = 0 <0.000123>
19795 19:04:35.377861 ioctl(4, _IOC(_IOC_NONE, 0x75, 0x30, 0), 0xffffffffd918) = 0 <0.000094>
19795 19:04:35.378052 ioctl(4, _IOC(_IOC_NONE, 0x75, 0x30, 0), 0xffffffffda58) = 0 <0.000072>
19795 19:04:35.378201 ioctl(4, _IOC(_IOC_NONE, 0x75, 0x30, 0), 0xffffffffda58) = 0 <0.000082>
19795 19:04:35.378387 ioctl(4, _IOC(_IOC_NONE, 0x75, 0x30, 0), 0xffffffffdc08) = 0 <0.000124>
19795 19:04:35.378588 ioctl(4, _IOC(_IOC_NONE, 0x75, 0x30, 0), 0xffffffffdbd8) = 0 <0.000099>
19795 19:04:35.378975 ioctl(4, _IOC(_IOC_NONE, 0x75, 0x30, 0), 0xffffffffd948) = 0 <0.000297>
19795 19:04:35.379378 ioctl(4, _IOC(_IOC_NONE, 0x75, 0x30, 0), 0xffffffffd918) = 0 <0.000097>
19795 19:04:35.379584 ioctl(4, _IOC(_IOC_NONE, 0x75, 0x30, 0), 0xffffffffda58) = 0 <0.000078>
19795 19:04:35.379742 ioctl(4, _IOC(_IOC_NONE, 0x75, 0x30, 0), 0xffffffffda58) = 0 <0.000081>
19795 19:04:35.379928 ioctl(4, _IOC(_IOC_NONE, 0x75, 0x30, 0), 0xffffffffdc08) = 0 <0.000133>
19795 19:04:35.380139 ioctl(4, _IOC(_IOC_NONE, 0x75, 0x30, 0), 0xffffffffdbd8) = 0 <0.000185>
19795 19:04:35.380623 ioctl(4, _IOC(_IOC_NONE, 0x75, 0x30, 0), 0xffffffffd948) = 0 <0.000127>
19795 19:04:35.380844 ioctl(4, _IOC(_IOC_NONE, 0x75, 0x30, 0), 0xffffffffd918) = 0 <0.000097>
19795 19:04:35.381043 ioctl(4, _IOC(_IOC_NONE, 0x75, 0x30, 0), 0xffffffffda58) = 0 <0.000076>
19795 19:04:35.381190 ioctl(4, _IOC(_IOC_NONE, 0x75, 0x30, 0), 0xffffffffda58) = 0 <0.000081>
19795 19:04:35.381532 ioctl(4, _IOC(_IOC_NONE, 0x75, 0x30, 0), 0xffffffffdc08) = 0 <0.000215>
19795 19:04:35.381897 ioctl(4, _IOC(_IOC_NONE, 0x75, 0x30, 0), 0xffffffffdbd8) = 0 <0.000090>
19795 19:04:35.382274 ioctl(4, _IOC(_IOC_NONE, 0x75, 0x30, 0), 0xffffffffd948) = 0 <0.000120>
19795 19:04:35.382599 ioctl(4, _IOC(_IOC_NONE, 0x75, 0x30, 0), 0xffffffffd918) = 0 <0.000096>
19795 19:04:35.382789 ioctl(4, _IOC(_IOC_NONE, 0x75, 0x30, 0), 0xffffffffda58) = 0 <0.000069>
19795 19:04:35.382920 ioctl(4, _IOC(_IOC_NONE, 0x75, 0x30, 0), 0xffffffffda58) = 0 <0.000074>
19795 19:04:35.383082 ioctl(4, _IOC(_IOC_NONE, 0x75, 0x30, 0), 0xffffffffdc08) = 0 <0.000129>
19795 19:04:35.383274 ioctl(4, _IOC(_IOC_NONE, 0x75, 0x30, 0), 0xffffffffdbd8) = 0 <0.000083>
19795 19:04:35.383616 ioctl(4, _IOC(_IOC_NONE, 0x75, 0x30, 0), 0xffffffffd948) = 0 <0.000108>
19795 19:04:35.383802 ioctl(4, _IOC(_IOC_NONE, 0x75, 0x30, 0), 0xffffffffd918) = 0 <0.000089>
19795 19:04:35.383968 ioctl(4, _IOC(_IOC_NONE, 0x75, 0x30, 0), 0xffffffffda58) = 0 <0.000065>
19795 19:04:35.384091 ioctl(4, _IOC(_IOC_NONE, 0x75, 0x30, 0), 0xffffffffda58) = 0 <0.000073>
19795 19:04:35.384247 ioctl(4, _IOC(_IOC_NONE, 0x75, 0x30, 0), 0xffffffffdc08) = 0 <0.000115>
19795 19:04:35.384421 ioctl(4, _IOC(_IOC_NONE, 0x75, 0x30, 0), 0xffffffffdbd8) = 0 <0.000087>
19795 19:04:35.384759 ioctl(4, _IOC(_IOC_NONE, 0x75, 0x30, 0), 0xffffffffd948) = 0 <0.000117>
19795 19:04:35.384952 ioctl(4, _IOC(_IOC_NONE, 0x75, 0x30, 0), 0xffffffffd918) = 0 <0.000089>
19795 19:04:35.385120 ioctl(4, _IOC(_IOC_NONE, 0x75, 0x30, 0), 0xffffffffda58) = 0 <0.000063>
19795 19:04:35.385248 ioctl(4, _IOC(_IOC_NONE, 0x75, 0x30, 0), 0xffffffffd6f8) = 0 <0.000047>
19795 19:04:35.385354 ioctl(4, _IOC(_IOC_NONE, 0x75, 0x30, 0) <unfinished ...>
19796 19:04:35.385484 <... ioctl resumed>, 0xfffff520e618) = 0 <0.020380>
19795 19:04:35.385550 <... ioctl resumed>, 0xffffffffd768) = 0 <0.000133>
19796 19:04:35.385652 ioctl(4, _IOC(_IOC_NONE, 0x75, 0x30, 0) <unfinished ...>
19795 19:04:35.385690 ioctl(4, _IOC(_IOC_NONE, 0x75, 0x30, 0), 0xffffffffda58) = 0 <0.000123>
19796 19:04:35.385857 <... ioctl resumed>, 0xfffff520e618) = 0 <0.000177>
19795 19:04:35.385960 ioctl(4, _IOC(_IOC_NONE, 0x75, 0x30, 0) <unfinished ...>
19796 19:04:35.385998 ioctl(4, _IOC(_IOC_NONE, 0x75, 0x30, 0) <unfinished ...>
19795 19:04:35.387164 <... ioctl resumed>, 0xffffffffdc08) = 0 <0.001162>
19795 19:04:35.387244 ioctl(4, _IOC(_IOC_NONE, 0x75, 0x30, 0), 0xffffffffdbd8) = 0 <0.000140>
19796 19:04:35.387646 <... ioctl resumed>, 0xfffff520e608) = 0 <0.001621>
19795 19:04:35.387702 ioctl(4, _IOC(_IOC_NONE, 0x75, 0x30, 0) <unfinished ...>
19796 19:04:35.387755 ioctl(4, _IOC(_IOC_NONE, 0x75, 0x30, 0), 0xfffff520e618) = 0 <0.000062>
19796 19:04:35.387867 ioctl(4, _IOC(_IOC_NONE, 0x75, 0x30, 0) <unfinished ...>
19795 19:04:35.388019 <... ioctl resumed>, 0xffffffffd948) = 0 <0.000292>
19795 19:04:35.388064 ioctl(4, _IOC(_IOC_NONE, 0x75, 0x30, 0), 0xffffffffd918) = 0 <0.000093>
19795 19:04:35.388233 ioctl(4, _IOC(_IOC_NONE, 0x75, 0x30, 0), 0xffffffffda58) = 0 <0.000065>
19795 19:04:35.388356 ioctl(4, _IOC(_IOC_NONE, 0x75, 0x30, 0), 0xffffffffda58) = 0 <0.000075>
19795 19:04:35.388514 ioctl(4, _IOC(_IOC_NONE, 0x75, 0x30, 0), 0xffffffffdc08) = 0 <0.000115>
19795 19:04:35.388688 ioctl(4, _IOC(_IOC_NONE, 0x75, 0x30, 0), 0xffffffffdbd8) = 0 <0.000086>
19795 19:04:35.389028 ioctl(4, _IOC(_IOC_NONE, 0x75, 0x30, 0), 0xffffffffd948) = 0 <0.000113>
19795 19:04:35.389216 ioctl(4, _IOC(_IOC_NONE, 0x75, 0x30, 0), 0xffffffffd918) = 0 <0.000090>
19795 19:04:35.389385 ioctl(4, _IOC(_IOC_NONE, 0x75, 0x30, 0), 0xffffffffda58) = 0 <0.000065>
19795 19:04:35.389505 ioctl(4, _IOC(_IOC_NONE, 0x75, 0x30, 0), 0xffffffffda58) = 0 <0.000105>
19795 19:04:35.389733 ioctl(4, _IOC(_IOC_NONE, 0x75, 0x30, 0), 0xffffffffdc08) = 0 <0.000129>
19795 19:04:35.389939 ioctl(4, _IOC(_IOC_NONE, 0x75, 0x30, 0), 0xffffffffdbd8) = 0 <0.000089>
19795 19:04:35.390281 ioctl(4, _IOC(_IOC_NONE, 0x75, 0x30, 0), 0xffffffffd948) = 0 <0.000111>
19795 19:04:35.390470 ioctl(4, _IOC(_IOC_NONE, 0x75, 0x30, 0), 0xffffffffd918) = 0 <0.000089>
19795 19:04:35.390636 ioctl(4, _IOC(_IOC_NONE, 0x75, 0x30, 0), 0xffffffffda58) = 0 <0.000066>
19795 19:04:35.390766 ioctl(4, _IOC(_IOC_NONE, 0x75, 0x30, 0), 0xffffffffda58) = 0 <0.000175>
19795 19:04:35.391043 ioctl(4, _IOC(_IOC_NONE, 0x75, 0x30, 0), 0xffffffffdc08) = 0 <0.000128>
19795 19:04:35.391245 ioctl(4, _IOC(_IOC_NONE, 0x75, 0x30, 0), 0xffffffffdbd8) = 0 <0.000094>
19795 19:04:35.391616 ioctl(4, _IOC(_IOC_NONE, 0x75, 0x30, 0), 0xffffffffd948) = 0 <0.000215>
19795 19:04:35.391938 ioctl(4, _IOC(_IOC_NONE, 0x75, 0x30, 0), 0xffffffffd918) = 0 <0.000111>
19795 19:04:35.392302 ioctl(4, _IOC(_IOC_NONE, 0x75, 0x30, 0), 0xffffffffda58) = 0 <0.000071>
19795 19:04:35.392438 ioctl(4, _IOC(_IOC_NONE, 0x75, 0x30, 0), 0xffffffffda58) = 0 <0.000075>
19795 19:04:35.392603 ioctl(4, _IOC(_IOC_NONE, 0x75, 0x30, 0), 0xffffffffdc08) = 0 <0.000123>
19795 19:04:35.392788 ioctl(4, _IOC(_IOC_NONE, 0x75, 0x30, 0), 0xffffffffdbd8) = 0 <0.000083>
19795 19:04:35.393157 ioctl(4, _IOC(_IOC_NONE, 0x75, 0x30, 0), 0xffffffffd948) = 0 <0.000113>
19795 19:04:35.393352 ioctl(4, _IOC(_IOC_NONE, 0x75, 0x30, 0), 0xffffffffd918) = 0 <0.000090>
19795 19:04:35.393525 ioctl(4, _IOC(_IOC_NONE, 0x75, 0x30, 0), 0xffffffffda58) = 0 <0.000095>
19795 19:04:35.393703 ioctl(4, _IOC(_IOC_NONE, 0x75, 0x30, 0), 0xffffffffda58) = 0 <0.000076>
19795 19:04:35.393871 ioctl(4, _IOC(_IOC_NONE, 0x75, 0x30, 0), 0xffffffffdc08) = 0 <0.000119>
19795 19:04:35.394051 ioctl(4, _IOC(_IOC_NONE, 0x75, 0x30, 0), 0xffffffffdbd8) = 0 <0.000086>
19795 19:04:35.394393 ioctl(4, _IOC(_IOC_NONE, 0x75, 0x30, 0), 0xffffffffd948) = 0 <0.000118>
19795 19:04:35.394589 ioctl(4, _IOC(_IOC_NONE, 0x75, 0x30, 0), 0xffffffffd918) = 0 <0.000090>
19795 19:04:35.394757 ioctl(4, _IOC(_IOC_NONE, 0x75, 0x30, 0), 0xffffffffda58) = 0 <0.000066>
19795 19:04:35.394923 ioctl(4, _IOC(_IOC_NONE, 0x75, 0x30, 0), 0xffffffffda58) = 0 <0.000071>
19795 19:04:35.395078 ioctl(4, _IOC(_IOC_NONE, 0x75, 0x30, 0), 0xffffffffdc08) = 0 <0.000117>
19795 19:04:35.395257 ioctl(4, _IOC(_IOC_NONE, 0x75, 0x30, 0), 0xffffffffdbd8) = 0 <0.000087>
19795 19:04:35.395597 ioctl(4, _IOC(_IOC_NONE, 0x75, 0x30, 0), 0xffffffffd948) = 0 <0.000107>
19795 19:04:35.395782 ioctl(4, _IOC(_IOC_NONE, 0x75, 0x30, 0), 0xffffffffd918) = 0 <0.000090>
19795 19:04:35.395951 ioctl(4, _IOC(_IOC_NONE, 0x75, 0x30, 0), 0xffffffffda58) = 0 <0.000064>
19795 19:04:35.396076 ioctl(4, _IOC(_IOC_NONE, 0x75, 0x30, 0), 0xffffffffda58) = 0 <0.000074>
19795 19:04:35.396234 ioctl(4, _IOC(_IOC_NONE, 0x75, 0x30, 0), 0xffffffffdc08) = 0 <0.000118>
19795 19:04:35.396412 ioctl(4, _IOC(_IOC_NONE, 0x75, 0x30, 0), 0xffffffffdbd8) = 0 <0.000089>
19795 19:04:35.396772 ioctl(4, _IOC(_IOC_NONE, 0x75, 0x30, 0), 0xffffffffd948) = 0 <0.000115>
19795 19:04:35.396965 ioctl(4, _IOC(_IOC_NONE, 0x75, 0x30, 0), 0xffffffffd918) = 0 <0.000089>
19795 19:04:35.397131 ioctl(4, _IOC(_IOC_NONE, 0x75, 0x30, 0), 0xffffffffda58) = 0 <0.000065>
19795 19:04:35.397255 ioctl(4, _IOC(_IOC_NONE, 0x75, 0x30, 0), 0xffffffffda58) = 0 <0.000071>
19795 19:04:35.397411 ioctl(4, _IOC(_IOC_NONE, 0x75, 0x30, 0), 0xffffffffdc08) = 0 <0.000120>
19795 19:04:35.397626 ioctl(4, _IOC(_IOC_NONE, 0x75, 0x30, 0), 0xffffffffdbd8) = 0 <0.000104>
19795 19:04:35.398048 ioctl(4, _IOC(_IOC_NONE, 0x75, 0x30, 0), 0xffffffffd948) = 0 <0.000135>
19795 19:04:35.398277 ioctl(4, _IOC(_IOC_NONE, 0x75, 0x30, 0), 0xffffffffd918) = 0 <0.000099>
19795 19:04:35.398478 ioctl(4, _IOC(_IOC_NONE, 0x75, 0x30, 0), 0xffffffffda58) = 0 <0.000071>
19795 19:04:35.398619 ioctl(4, _IOC(_IOC_NONE, 0x75, 0x30, 0), 0xffffffffda58) = 0 <0.000080>
19795 19:04:35.398959 ioctl(4, _IOC(_IOC_NONE, 0x75, 0x30, 0), 0xffffffffdc08) = 0 <0.000136>
19795 19:04:35.399188 ioctl(4, _IOC(_IOC_NONE, 0x75, 0x30, 0), 0xffffffffdbd8) = 0 <0.000103>
19795 19:04:35.399578 ioctl(4, _IOC(_IOC_NONE, 0x75, 0x30, 0), 0xffffffffd948) = 0 <0.000119>
19795 19:04:35.399783 ioctl(4, _IOC(_IOC_NONE, 0x75, 0x30, 0), 0xffffffffd918) = 0 <0.000245>
19795 19:04:35.400130 ioctl(4, _IOC(_IOC_NONE, 0x75, 0x30, 0), 0xffffffffda58) = 0 <0.000072>
19795 19:04:35.400265 ioctl(4, _IOC(_IOC_NONE, 0x75, 0x30, 0), 0xffffffffda58) = 0 <0.000072>
19795 19:04:35.400422 ioctl(4, _IOC(_IOC_NONE, 0x75, 0x30, 0), 0xffffffffdc08) = 0 <0.000121>
19795 19:04:35.400604 ioctl(4, _IOC(_IOC_NONE, 0x75, 0x30, 0), 0xffffffffdbd8) = 0 <0.000091>
19795 19:04:35.400949 ioctl(4, _IOC(_IOC_NONE, 0x75, 0x30, 0), 0xffffffffd948) = 0 <0.000128>
19795 19:04:35.401153 ioctl(4, _IOC(_IOC_NONE, 0x75, 0x30, 0), 0xffffffffd918) = 0 <0.000089>
19795 19:04:35.401322 ioctl(4, _IOC(_IOC_NONE, 0x75, 0x30, 0), 0xffffffffda58) = 0 <0.000064>
19795 19:04:35.401444 ioctl(4, _IOC(_IOC_NONE, 0x75, 0x30, 0), 0xffffffffda58) = 0 <0.000074>
19795 19:04:35.401653 ioctl(4, _IOC(_IOC_NONE, 0x75, 0x30, 0), 0xffffffffdc08) = 0 <0.000130>
19795 19:04:35.401874 ioctl(4, _IOC(_IOC_NONE, 0x75, 0x30, 0), 0xffffffffdbd8) = 0 <0.000110>
19795 19:04:35.402325 ioctl(4, _IOC(_IOC_NONE, 0x75, 0x30, 0), 0xffffffffd948) = 0 <0.000117>
19795 19:04:35.402532 ioctl(4, _IOC(_IOC_NONE, 0x75, 0x30, 0), 0xffffffffd918) = 0 <0.000089>
19795 19:04:35.402706 ioctl(4, _IOC(_IOC_NONE, 0x75, 0x30, 0), 0xffffffffda58) = 0 <0.000067>
19795 19:04:35.402833 ioctl(4, _IOC(_IOC_NONE, 0x75, 0x30, 0), 0xffffffffda58) = 0 <0.000083>
19795 19:04:35.403157 ioctl(4, _IOC(_IOC_NONE, 0x75, 0x30, 0), 0xffffffffdc08) = 0 <0.000120>
19795 19:04:35.403342 ioctl(4, _IOC(_IOC_NONE, 0x75, 0x30, 0), 0xffffffffdbd8) = 0 <0.000087>
19795 19:04:35.403672 ioctl(4, _IOC(_IOC_NONE, 0x75, 0x30, 0), 0xffffffffd948) = 0 <0.000112>
19795 19:04:35.403857 ioctl(4, _IOC(_IOC_NONE, 0x75, 0x30, 0), 0xffffffffd918) = 0 <0.000091>
19795 19:04:35.404090 ioctl(4, _IOC(_IOC_NONE, 0x75, 0x30, 0), 0xffffffffda58) = 0 <0.000066>
19795 19:04:35.404216 ioctl(4, _IOC(_IOC_NONE, 0x75, 0x30, 0), 0xffffffffda58) = 0 <0.000075>
19795 19:04:35.404408 ioctl(4, _IOC(_IOC_NONE, 0x75, 0x30, 0), 0xffffffffdc08) = 0 <0.000129>
19795 19:04:35.404598 ioctl(4, _IOC(_IOC_NONE, 0x75, 0x30, 0), 0xffffffffdbd8) = 0 <0.000087>
19795 19:04:35.404949 ioctl(4, _IOC(_IOC_NONE, 0x75, 0x30, 0), 0xffffffffd948) = 0 <0.000120>
19795 19:04:35.405146 ioctl(4, _IOC(_IOC_NONE, 0x75, 0x30, 0), 0xffffffffd918) = 0 <0.000090>
19795 19:04:35.405313 ioctl(4, _IOC(_IOC_NONE, 0x75, 0x30, 0), 0xffffffffda58) = 0 <0.000072>
19795 19:04:35.405443 ioctl(4, _IOC(_IOC_NONE, 0x75, 0x30, 0), 0xffffffffda58) = 0 <0.000074>
19795 19:04:35.405647 ioctl(4, _IOC(_IOC_NONE, 0x75, 0x30, 0), 0xffffffffdc08) = 0 <0.000135>
19795 19:04:35.405888 ioctl(4, _IOC(_IOC_NONE, 0x75, 0x30, 0), 0xffffffffdbd8) = 0 <0.000091>
19795 19:04:35.406248 ioctl(4, _IOC(_IOC_NONE, 0x75, 0x30, 0), 0xffffffffd948) = 0 <0.000117>
19795 19:04:35.406452 ioctl(4, _IOC(_IOC_NONE, 0x75, 0x30, 0), 0xffffffffd918) = 0 <0.000091>
19795 19:04:35.406632 ioctl(4, _IOC(_IOC_NONE, 0x75, 0x30, 0), 0xffffffffda58) = 0 <0.000067>
19795 19:04:35.406764 ioctl(4, _IOC(_IOC_NONE, 0x75, 0x30, 0), 0xffffffffda58) = 0 <0.000073>
19795 19:04:35.407105 ioctl(4, _IOC(_IOC_NONE, 0x75, 0x30, 0), 0xffffffffdc08) = 0 <0.000138>
19795 19:04:35.407328 ioctl(4, _IOC(_IOC_NONE, 0x75, 0x30, 0), 0xffffffffdbd8) = 0 <0.000093>
19795 19:04:35.407699 ioctl(4, _IOC(_IOC_NONE, 0x75, 0x30, 0), 0xffffffffd948) = 0 <0.000130>
19795 19:04:35.407914 ioctl(4, _IOC(_IOC_NONE, 0x75, 0x30, 0), 0xffffffffd918) = 0 <0.000090>
19795 19:04:35.408225 ioctl(4, _IOC(_IOC_NONE, 0x75, 0x30, 0), 0xffffffffda58) = 0 <0.000073>
19795 19:04:35.408375 ioctl(4, _IOC(_IOC_NONE, 0x75, 0x30, 0), 0xffffffffd6f8) = 0 <0.000049>
19795 19:04:35.408481 ioctl(4, _IOC(_IOC_NONE, 0x75, 0x30, 0) <unfinished ...>
19796 19:04:35.408562 <... ioctl resumed>, 0xfffff520e618) = 0 <0.020673>
19795 19:04:35.408610 <... ioctl resumed>, 0xffffffffd768) = 0 <0.000107>
19795 19:04:35.408661 ioctl(4, _IOC(_IOC_NONE, 0x75, 0x30, 0) <unfinished ...>
19796 19:04:35.408687 ioctl(4, _IOC(_IOC_NONE, 0x75, 0x30, 0) <unfinished ...>
19795 19:04:35.408811 <... ioctl resumed>, 0xffffffffda58) = 0 <0.000127>
19796 19:04:35.408835 <... ioctl resumed>, 0xfffff520e618) = 0 <0.000129>
19795 19:04:35.408909 ioctl(4, _IOC(_IOC_NONE, 0x75, 0x30, 0), 0xffffffffdc08) = 0 <0.000128>
19796 19:04:35.409076 ioctl(4, _IOC(_IOC_NONE, 0x75, 0x30, 0) <unfinished ...>
19795 19:04:35.410140 ioctl(4, _IOC(_IOC_NONE, 0x75, 0x30, 0), 0xffffffffdbd8) = 0 <0.000104>
19795 19:04:35.410561 ioctl(4, _IOC(_IOC_NONE, 0x75, 0x30, 0) <unfinished ...>
19796 19:04:35.410691 <... ioctl resumed>, 0xfffff520e608) = 0 <0.001590>
19796 19:04:35.410740 ioctl(4, _IOC(_IOC_NONE, 0x75, 0x30, 0), 0xfffff520e618) = 0 <0.000051>
19795 19:04:35.410935 <... ioctl resumed>, 0xffffffffd948) = 0 <0.000327>
19796 19:04:35.410969 ioctl(4, _IOC(_IOC_NONE, 0x75, 0x30, 0) <unfinished ...>
19795 19:04:35.411227 ioctl(4, _IOC(_IOC_NONE, 0x75, 0x30, 0), 0xffffffffd918) = 0 <0.000096>
19795 19:04:35.411431 ioctl(4, _IOC(_IOC_NONE, 0x75, 0x30, 0), 0xffffffffda58) = 0 <0.000066>
19795 19:04:35.411560 ioctl(4, _IOC(_IOC_NONE, 0x75, 0x30, 0), 0xffffffffda58) = 0 <0.000075>
19795 19:04:35.411722 ioctl(4, _IOC(_IOC_NONE, 0x75, 0x30, 0), 0xffffffffdc08) = 0 <0.000116>
19795 19:04:35.411897 ioctl(4, _IOC(_IOC_NONE, 0x75, 0x30, 0), 0xffffffffdbd8) = 0 <0.000086>
19795 19:04:35.412342 ioctl(4, _IOC(_IOC_NONE, 0x75, 0x30, 0), 0xffffffffd948) = 0 <0.000189>
19795 19:04:35.412617 ioctl(4, _IOC(_IOC_NONE, 0x75, 0x30, 0), 0xffffffffd918) = 0 <0.000086>
19795 19:04:35.412787 ioctl(4, _IOC(_IOC_NONE, 0x75, 0x30, 0), 0xffffffffda58) = 0 <0.000067>
19795 19:04:35.412912 ioctl(4, _IOC(_IOC_NONE, 0x75, 0x30, 0), 0xffffffffda58) = 0 <0.000070>
19795 19:04:35.413065 ioctl(4, _IOC(_IOC_NONE, 0x75, 0x30, 0), 0xffffffffdc08) = 0 <0.000117>
19795 19:04:35.413242 ioctl(4, _IOC(_IOC_NONE, 0x75, 0x30, 0), 0xffffffffdbd8) = 0 <0.000085>
19795 19:04:35.413610 ioctl(4, _IOC(_IOC_NONE, 0x75, 0x30, 0), 0xffffffffd948) = 0 <0.000147>
19795 19:04:35.413889 ioctl(4, _IOC(_IOC_NONE, 0x75, 0x30, 0), 0xffffffffd918) = 0 <0.000103>
19795 19:04:35.414131 ioctl(4, _IOC(_IOC_NONE, 0x75, 0x30, 0), 0xffffffffda58) = 0 <0.000067>
19795 19:04:35.414262 ioctl(4, _IOC(_IOC_NONE, 0x75, 0x30, 0), 0xffffffffda58) = 0 <0.000075>
19795 19:04:35.414425 ioctl(4, _IOC(_IOC_NONE, 0x75, 0x30, 0), 0xffffffffdc08) = 0 <0.000121>
19795 19:04:35.414609 ioctl(4, _IOC(_IOC_NONE, 0x75, 0x30, 0), 0xffffffffdbd8) = 0 <0.000087>
19795 19:04:35.415070 ioctl(4, _IOC(_IOC_NONE, 0x75, 0x30, 0), 0xffffffffd948) = 0 <0.000122>
19795 19:04:35.415276 ioctl(4, _IOC(_IOC_NONE, 0x75, 0x30, 0), 0xffffffffd918) = 0 <0.000198>
19795 19:04:35.415570 ioctl(4, _IOC(_IOC_NONE, 0x75, 0x30, 0), 0xffffffffda58) = 0 <0.000074>
19795 19:04:35.415707 ioctl(4, _IOC(_IOC_NONE, 0x75, 0x30, 0), 0xffffffffda58) = 0 <0.000073>
19795 19:04:35.415865 ioctl(4, _IOC(_IOC_NONE, 0x75, 0x30, 0), 0xffffffffdc08) = 0 <0.000120>
19795 19:04:35.416042 ioctl(4, _IOC(_IOC_NONE, 0x75, 0x30, 0), 0xffffffffdbd8) = 0 <0.000088>
19795 19:04:35.416379 ioctl(4, _IOC(_IOC_NONE, 0x75, 0x30, 0), 0xffffffffd948) = 0 <0.000108>
19795 19:04:35.416560 ioctl(4, _IOC(_IOC_NONE, 0x75, 0x30, 0), 0xffffffffd918) = 0 <0.000092>
19795 19:04:35.416725 ioctl(4, _IOC(_IOC_NONE, 0x75, 0x30, 0), 0xffffffffda58) = 0 <0.000066>
19795 19:04:35.416850 ioctl(4, _IOC(_IOC_NONE, 0x75, 0x30, 0), 0xffffffffda58) = 0 <0.000073>
19795 19:04:35.417006 ioctl(4, _IOC(_IOC_NONE, 0x75, 0x30, 0), 0xffffffffdc08) = 0 <0.000117>
19795 19:04:35.417184 ioctl(4, _IOC(_IOC_NONE, 0x75, 0x30, 0), 0xffffffffdbd8) = 0 <0.000089>
19795 19:04:35.417528 ioctl(4, _IOC(_IOC_NONE, 0x75, 0x30, 0), 0xffffffffd948) = 0 <0.000160>
19795 19:04:35.417783 ioctl(4, _IOC(_IOC_NONE, 0x75, 0x30, 0), 0xffffffffd918) = 0 <0.000092>
19795 19:04:35.417961 ioctl(4, _IOC(_IOC_NONE, 0x75, 0x30, 0), 0xffffffffda58) = 0 <0.000064>
19795 19:04:35.418082 ioctl(4, _IOC(_IOC_NONE, 0x75, 0x30, 0), 0xffffffffda58) = 0 <0.000071>
19795 19:04:35.418545 ioctl(4, _IOC(_IOC_NONE, 0x75, 0x30, 0), 0xffffffffdc08) = 0 <0.000144>
19795 19:04:35.418777 ioctl(4, _IOC(_IOC_NONE, 0x75, 0x30, 0), 0xffffffffdbd8) = 0 <0.000089>
19795 19:04:35.419144 ioctl(4, _IOC(_IOC_NONE, 0x75, 0x30, 0), 0xffffffffd948) = 0 <0.000110>
19795 19:04:35.419333 ioctl(4, _IOC(_IOC_NONE, 0x75, 0x30, 0), 0xffffffffd918) = 0 <0.000883>
19795 19:04:35.420333 ioctl(4, _IOC(_IOC_NONE, 0x75, 0x30, 0), 0xffffffffda58) = 0 <0.000072>
19795 19:04:35.420492 ioctl(4, _IOC(_IOC_NONE, 0x75, 0x30, 0), 0xffffffffda58) = 0 <0.000073>
19795 19:04:35.420784 ioctl(4, _IOC(_IOC_NONE, 0x75, 0x30, 0), 0xffffffffdc08) = 0 <0.000119>
19795 19:04:35.420964 ioctl(4, _IOC(_IOC_NONE, 0x75, 0x30, 0), 0xffffffffdbd8) = 0 <0.000087>
19795 19:04:35.421298 ioctl(4, _IOC(_IOC_NONE, 0x75, 0x30, 0), 0xffffffffd948) = 0 <0.000113>
19795 19:04:35.421485 ioctl(4, _IOC(_IOC_NONE, 0x75, 0x30, 0), 0xffffffffd918) = 0 <0.000115>
19795 19:04:35.421708 ioctl(4, _IOC(_IOC_NONE, 0x75, 0x30, 0), 0xffffffffda58) = 0 <0.000082>
19795 19:04:35.421858 ioctl(4, _IOC(_IOC_NONE, 0x75, 0x30, 0), 0xffffffffda58) = 0 <0.000075>
19795 19:04:35.422384 ioctl(4, _IOC(_IOC_NONE, 0x75, 0x30, 0), 0xffffffffdc08) = 0 <0.000218>
19795 19:04:35.422697 ioctl(4, _IOC(_IOC_NONE, 0x75, 0x30, 0), 0xffffffffdbd8) = 0 <0.000090>
19795 19:04:35.423056 ioctl(4, _IOC(_IOC_NONE, 0x75, 0x30, 0), 0xffffffffd948) = 0 <0.000115>
19795 19:04:35.423321 ioctl(4, _IOC(_IOC_NONE, 0x75, 0x30, 0), 0xffffffffd918) = 0 <0.000093>
19795 19:04:35.423499 ioctl(4, _IOC(_IOC_NONE, 0x75, 0x30, 0), 0xffffffffda58) = 0 <0.000069>
19795 19:04:35.423629 ioctl(4, _IOC(_IOC_NONE, 0x75, 0x30, 0), 0xffffffffda58) = 0 <0.000071>
19795 19:04:35.423786 ioctl(4, _IOC(_IOC_NONE, 0x75, 0x30, 0), 0xffffffffdc08) = 0 <0.000121>
19795 19:04:35.423969 ioctl(4, _IOC(_IOC_NONE, 0x75, 0x30, 0), 0xffffffffdbd8) = 0 <0.000088>
19795 19:04:35.424309 ioctl(4, _IOC(_IOC_NONE, 0x75, 0x30, 0), 0xffffffffd948) = 0 <0.000116>
19795 19:04:35.424532 ioctl(4, _IOC(_IOC_NONE, 0x75, 0x30, 0), 0xffffffffd918) = 0 <0.000087>
19795 19:04:35.424699 ioctl(4, _IOC(_IOC_NONE, 0x75, 0x30, 0), 0xffffffffda58) = 0 <0.000064>
19795 19:04:35.424821 ioctl(4, _IOC(_IOC_NONE, 0x75, 0x30, 0), 0xffffffffda58) = 0 <0.000079>
19795 19:04:35.425023 ioctl(4, _IOC(_IOC_NONE, 0x75, 0x30, 0), 0xffffffffdc08) = 0 <0.000120>
19795 19:04:35.425208 ioctl(4, _IOC(_IOC_NONE, 0x75, 0x30, 0), 0xffffffffdbd8) = 0 <0.000089>
19795 19:04:35.425559 ioctl(4, _IOC(_IOC_NONE, 0x75, 0x30, 0), 0xffffffffd948) = 0 <0.000121>
19795 19:04:35.425815 ioctl(4, _IOC(_IOC_NONE, 0x75, 0x30, 0), 0xffffffffd918) = 0 <0.000088>
19795 19:04:35.425987 ioctl(4, _IOC(_IOC_NONE, 0x75, 0x30, 0), 0xffffffffda58) = 0 <0.000067>
19795 19:04:35.426113 ioctl(4, _IOC(_IOC_NONE, 0x75, 0x30, 0), 0xffffffffda58) = 0 <0.000074>
19795 19:04:35.426274 ioctl(4, _IOC(_IOC_NONE, 0x75, 0x30, 0), 0xffffffffdc08) = 0 <0.000117>
19795 19:04:35.426453 ioctl(4, _IOC(_IOC_NONE, 0x75, 0x30, 0), 0xffffffffdbd8) = 0 <0.000293>
19795 19:04:35.427036 ioctl(4, _IOC(_IOC_NONE, 0x75, 0x30, 0), 0xffffffffd948) = 0 <0.000115>
19795 19:04:35.427231 ioctl(4, _IOC(_IOC_NONE, 0x75, 0x30, 0), 0xffffffffd918) = 0 <0.000183>
19795 19:04:35.427498 ioctl(4, _IOC(_IOC_NONE, 0x75, 0x30, 0), 0xffffffffda58) = 0 <0.000065>
19795 19:04:35.427623 ioctl(4, _IOC(_IOC_NONE, 0x75, 0x30, 0), 0xffffffffda58) = 0 <0.000073>
19795 19:04:35.427790 ioctl(4, _IOC(_IOC_NONE, 0x75, 0x30, 0), 0xffffffffdc08) = 0 <0.000118>
19795 19:04:35.427968 ioctl(4, _IOC(_IOC_NONE, 0x75, 0x30, 0), 0xffffffffdbd8) = 0 <0.000086>
19795 19:04:35.428299 ioctl(4, _IOC(_IOC_NONE, 0x75, 0x30, 0), 0xffffffffd948) = 0 <0.000118>
19795 19:04:35.428492 ioctl(4, _IOC(_IOC_NONE, 0x75, 0x30, 0), 0xffffffffd918) = 0 <0.000089>
19795 19:04:35.428659 ioctl(4, _IOC(_IOC_NONE, 0x75, 0x30, 0), 0xffffffffda58) = 0 <0.000071>
19795 19:04:35.428791 ioctl(4, _IOC(_IOC_NONE, 0x75, 0x30, 0), 0xffffffffda58) = 0 <0.000073>
19795 19:04:35.428948 ioctl(4, _IOC(_IOC_NONE, 0x75, 0x30, 0), 0xffffffffdc08) = 0 <0.000127>
19795 19:04:35.429137 ioctl(4, _IOC(_IOC_NONE, 0x75, 0x30, 0), 0xffffffffdbd8) = 0 <0.000090>
19795 19:04:35.429465 ioctl(4, _IOC(_IOC_NONE, 0x75, 0x30, 0), 0xffffffffd948) = 0 <0.000167>
19795 19:04:35.429730 ioctl(4, _IOC(_IOC_NONE, 0x75, 0x30, 0), 0xffffffffd918) = 0 <0.000093>
19795 19:04:35.429913 ioctl(4, _IOC(_IOC_NONE, 0x75, 0x30, 0), 0xffffffffda58) = 0 <0.000066>
19795 19:04:35.430039 ioctl(4, _IOC(_IOC_NONE, 0x75, 0x30, 0), 0xffffffffda58) = 0 <0.000073>
19795 19:04:35.430203 ioctl(4, _IOC(_IOC_NONE, 0x75, 0x30, 0), 0xffffffffdc08) = 0 <0.000120>
19795 19:04:35.430384 ioctl(4, _IOC(_IOC_NONE, 0x75, 0x30, 0), 0xffffffffdbd8) = 0 <0.000570>
19795 19:04:35.431271 ioctl(4, _IOC(_IOC_NONE, 0x75, 0x30, 0), 0xffffffffd948) = 0 <0.000119>
19795 19:04:35.431481 ioctl(4, _IOC(_IOC_NONE, 0x75, 0x30, 0), 0xffffffffd918) = 0 <0.000087>
19795 19:04:35.431645 ioctl(4, _IOC(_IOC_NONE, 0x75, 0x30, 0), 0xffffffffda58) = 0 <0.000064>
19795 19:04:35.431954 ioctl(4, _IOC(_IOC_NONE, 0x75, 0x30, 0), 0xffffffffda58) = 0 <0.000078>
19795 19:04:35.432132 ioctl(4, _IOC(_IOC_NONE, 0x75, 0x30, 0), 0xffffffffdc08) = 0 <0.000114>
19795 19:04:35.432305 ioctl(4, _IOC(_IOC_NONE, 0x75, 0x30, 0), 0xffffffffdbd8) = 0 <0.000084>
19795 19:04:35.432658 ioctl(4, _IOC(_IOC_NONE, 0x75, 0x30, 0), 0xffffffffd948) = 0 <0.000249>
19795 19:04:35.433042 ioctl(4, _IOC(_IOC_NONE, 0x75, 0x30, 0), 0xffffffffd918) = 0 <0.000099>
19795 19:04:35.433236 ioctl(4, _IOC(_IOC_NONE, 0x75, 0x30, 0), 0xffffffffda58) = 0 <0.000068>
19795 19:04:35.433374 ioctl(4, _IOC(_IOC_NONE, 0x75, 0x30, 0), 0xffffffffd6f8) = 0 <0.000162>
19795 19:04:35.433667 ioctl(4, _IOC(_IOC_NONE, 0x75, 0x30, 0), 0xffffffffd768) = 0 <0.000058>
19796 19:04:35.433800 <... ioctl resumed>, 0xfffff520e618) = 0 <0.022807>
19795 19:04:35.433845 ioctl(4, _IOC(_IOC_NONE, 0x75, 0x30, 0) <unfinished ...>
19796 19:04:35.433891 ioctl(4, _IOC(_IOC_NONE, 0x75, 0x30, 0) <unfinished ...>
19795 19:04:35.433988 <... ioctl resumed>, 0xffffffffda58) = 0 <0.000121>
19796 19:04:35.434059 <... ioctl resumed>, 0xfffff520e618) = 0 <0.000147>
19795 19:04:35.434148 ioctl(4, _IOC(_IOC_NONE, 0x75, 0x30, 0) <unfinished ...>
19796 19:04:35.434178 ioctl(4, _IOC(_IOC_NONE, 0x75, 0x30, 0) <unfinished ...>
19795 19:04:35.435238 <... ioctl resumed>, 0xffffffffdc08) = 0 <0.001056>
19795 19:04:35.435369 ioctl(4, _IOC(_IOC_NONE, 0x75, 0x30, 0) <unfinished ...>
19796 19:04:35.435461 <... ioctl resumed>, 0xfffff520e608) = 0 <0.001263>
19795 19:04:35.435573 <... ioctl resumed>, 0xffffffffdbd8) = 0 <0.000178>
19796 19:04:35.435620 ioctl(4, _IOC(_IOC_NONE, 0x75, 0x30, 0), 0xfffff520e618) = 0 <0.000050>
19795 19:04:35.435946 ioctl(4, _IOC(_IOC_NONE, 0x75, 0x30, 0) <unfinished ...>
19796 19:04:35.435992 ioctl(4, _IOC(_IOC_NONE, 0x75, 0x30, 0) <unfinished ...>
19795 19:04:35.436152 <... ioctl resumed>, 0xffffffffd948) = 0 <0.000165>
19795 19:04:35.436202 ioctl(4, _IOC(_IOC_NONE, 0x75, 0x30, 0), 0xffffffffd918) = 0 <0.000091>
19795 19:04:35.436371 ioctl(4, _IOC(_IOC_NONE, 0x75, 0x30, 0), 0xffffffffda58) = 0 <0.000069>
19795 19:04:35.436498 ioctl(4, _IOC(_IOC_NONE, 0x75, 0x30, 0), 0xffffffffda58) = 0 <0.000074>
19795 19:04:35.436658 ioctl(4, _IOC(_IOC_NONE, 0x75, 0x30, 0), 0xffffffffdc08) = 0 <0.000118>
19795 19:04:35.436837 ioctl(4, _IOC(_IOC_NONE, 0x75, 0x30, 0), 0xffffffffdbd8) = 0 <0.000084>
19795 19:04:35.437169 ioctl(4, _IOC(_IOC_NONE, 0x75, 0x30, 0), 0xffffffffd948) = 0 <0.000113>
19795 19:04:35.437360 ioctl(4, _IOC(_IOC_NONE, 0x75, 0x30, 0), 0xffffffffd918) = 0 <0.000089>
19795 19:04:35.437527 ioctl(4, _IOC(_IOC_NONE, 0x75, 0x30, 0), 0xffffffffda58) = 0 <0.000098>
19795 19:04:35.437712 ioctl(4, _IOC(_IOC_NONE, 0x75, 0x30, 0), 0xffffffffda58) = 0 <0.000076>
19795 19:04:35.437879 ioctl(4, _IOC(_IOC_NONE, 0x75, 0x30, 0), 0xffffffffdc08) = 0 <0.000119>
19795 19:04:35.438060 ioctl(4, _IOC(_IOC_NONE, 0x75, 0x30, 0), 0xffffffffdbd8) = 0 <0.000087>
19795 19:04:35.438734 ioctl(4, _IOC(_IOC_NONE, 0x75, 0x30, 0), 0xffffffffd948) = 0 <0.000129>
19795 19:04:35.438962 ioctl(4, _IOC(_IOC_NONE, 0x75, 0x30, 0), 0xffffffffd918) = 0 <0.000091>
19795 19:04:35.439136 ioctl(4, _IOC(_IOC_NONE, 0x75, 0x30, 0), 0xffffffffda58) = 0 <0.000063>
19795 19:04:35.439255 ioctl(4, _IOC(_IOC_NONE, 0x75, 0x30, 0), 0xffffffffda58) = 0 <0.000072>
19795 19:04:35.439414 ioctl(4, _IOC(_IOC_NONE, 0x75, 0x30, 0), 0xffffffffdc08) = 0 <0.000836>
19795 19:04:35.440344 ioctl(4, _IOC(_IOC_NONE, 0x75, 0x30, 0), 0xffffffffdbd8) = 0 <0.000093>
19795 19:04:35.440716 ioctl(4, _IOC(_IOC_NONE, 0x75, 0x30, 0), 0xffffffffd948) = 0 <0.000131>
19795 19:04:35.441090 ioctl(4, _IOC(_IOC_NONE, 0x75, 0x30, 0), 0xffffffffd918) = 0 <0.000090>
19795 19:04:35.441260 ioctl(4, _IOC(_IOC_NONE, 0x75, 0x30, 0), 0xffffffffda58) = 0 <0.000066>
19795 19:04:35.441384 ioctl(4, _IOC(_IOC_NONE, 0x75, 0x30, 0), 0xffffffffda58) = 0 <0.000074>
19795 19:04:35.441544 ioctl(4, _IOC(_IOC_NONE, 0x75, 0x30, 0), 0xffffffffdc08) = 0 <0.000128>
19795 19:04:35.441778 ioctl(4, _IOC(_IOC_NONE, 0x75, 0x30, 0), 0xffffffffdbd8) = 0 <0.000102>
19795 19:04:35.442119 ioctl(4, _IOC(_IOC_NONE, 0x75, 0x30, 0), 0xffffffffd948) = 0 <0.000100>
19795 19:04:35.442288 ioctl(4, _IOC(_IOC_NONE, 0x75, 0x30, 0), 0xffffffffd918) = 0 <0.000081>
19795 19:04:35.442436 ioctl(4, _IOC(_IOC_NONE, 0x75, 0x30, 0), 0xffffffffda58) = 0 <0.000065>
19795 19:04:35.442556 ioctl(4, _IOC(_IOC_NONE, 0x75, 0x30, 0), 0xffffffffda58) = 0 <0.000073>
19795 19:04:35.442708 ioctl(4, _IOC(_IOC_NONE, 0x75, 0x30, 0), 0xffffffffdc08) = 0 <0.000110>
19795 19:04:35.442876 ioctl(4, _IOC(_IOC_NONE, 0x75, 0x30, 0), 0xffffffffdbd8) = 0 <0.000134>
19795 19:04:35.443304 ioctl(4, _IOC(_IOC_NONE, 0x75, 0x30, 0), 0xffffffffd948) = 0 <0.000120>
19795 19:04:35.443945 ioctl(4, _IOC(_IOC_NONE, 0x75, 0x30, 0), 0xffffffffd918) = 0 <0.000110>
19795 19:04:35.444167 ioctl(4, _IOC(_IOC_NONE, 0x75, 0x30, 0), 0xffffffffda58) = 0 <0.000067>
19795 19:04:35.444299 ioctl(4, _IOC(_IOC_NONE, 0x75, 0x30, 0), 0xffffffffda58) = 0 <0.000073>
19795 19:04:35.444462 ioctl(4, _IOC(_IOC_NONE, 0x75, 0x30, 0), 0xffffffffdc08) = 0 <0.000125>
19795 19:04:35.444651 ioctl(4, _IOC(_IOC_NONE, 0x75, 0x30, 0), 0xffffffffdbd8) = 0 <0.000090>
19795 19:04:35.445199 ioctl(4, _IOC(_IOC_NONE, 0x75, 0x30, 0), 0xffffffffd948) = 0 <0.000289>
19795 19:04:35.445621 ioctl(4, _IOC(_IOC_NONE, 0x75, 0x30, 0), 0xffffffffd918) = 0 <0.000098>
19795 19:04:35.445871 ioctl(4, _IOC(_IOC_NONE, 0x75, 0x30, 0), 0xffffffffda58) = 0 <0.000065>
19795 19:04:35.445996 ioctl(4, _IOC(_IOC_NONE, 0x75, 0x30, 0), 0xffffffffda58) = 0 <0.000082>
19795 19:04:35.446231 ioctl(4, _IOC(_IOC_NONE, 0x75, 0x30, 0), 0xffffffffdc08) = 0 <0.000118>
19795 19:04:35.446411 ioctl(4, _IOC(_IOC_NONE, 0x75, 0x30, 0), 0xffffffffdbd8) = 0 <0.000088>
19795 19:04:35.446758 ioctl(4, _IOC(_IOC_NONE, 0x75, 0x30, 0), 0xffffffffd948) = 0 <0.000115>
19795 19:04:35.446948 ioctl(4, _IOC(_IOC_NONE, 0x75, 0x30, 0), 0xffffffffd918) = 0 <0.000089>
19795 19:04:35.447113 ioctl(4, _IOC(_IOC_NONE, 0x75, 0x30, 0), 0xffffffffda58) = 0 <0.000064>
19795 19:04:35.447235 ioctl(4, _IOC(_IOC_NONE, 0x75, 0x30, 0), 0xffffffffda58) = 0 <0.000072>
19795 19:04:35.447388 ioctl(4, _IOC(_IOC_NONE, 0x75, 0x30, 0), 0xffffffffdc08) = 0 <0.000117>
19795 19:04:35.447564 ioctl(4, _IOC(_IOC_NONE, 0x75, 0x30, 0), 0xffffffffdbd8) = 0 <0.000088>
19795 19:04:35.447892 ioctl(4, _IOC(_IOC_NONE, 0x75, 0x30, 0), 0xffffffffd948) = 0 <0.000116>
19795 19:04:35.448085 ioctl(4, _IOC(_IOC_NONE, 0x75, 0x30, 0), 0xffffffffd918) = 0 <0.000089>
19795 19:04:35.448253 ioctl(4, _IOC(_IOC_NONE, 0x75, 0x30, 0), 0xffffffffda58) = 0 <0.000063>
19795 19:04:35.448372 ioctl(4, _IOC(_IOC_NONE, 0x75, 0x30, 0), 0xffffffffda58) = 0 <0.000072>
19795 19:04:35.448528 ioctl(4, _IOC(_IOC_NONE, 0x75, 0x30, 0), 0xffffffffdc08) = 0 <0.000117>
19795 19:04:35.448706 ioctl(4, _IOC(_IOC_NONE, 0x75, 0x30, 0), 0xffffffffdbd8) = 0 <0.000088>
19795 19:04:35.449049 ioctl(4, _IOC(_IOC_NONE, 0x75, 0x30, 0), 0xffffffffd948) = 0 <0.000112>
19795 19:04:35.449236 ioctl(4, _IOC(_IOC_NONE, 0x75, 0x30, 0), 0xffffffffd918) = 0 <0.000089>
19795 19:04:35.449399 ioctl(4, _IOC(_IOC_NONE, 0x75, 0x30, 0), 0xffffffffda58) = 0 <0.000064>
19795 19:04:35.449520 ioctl(4, _IOC(_IOC_NONE, 0x75, 0x30, 0), 0xffffffffda58) = 0 <0.000119>
19795 19:04:35.449744 ioctl(4, _IOC(_IOC_NONE, 0x75, 0x30, 0), 0xffffffffdc08) = 0 <0.000119>
19795 19:04:35.449927 ioctl(4, _IOC(_IOC_NONE, 0x75, 0x30, 0), 0xffffffffdbd8) = 0 <0.000087>
19795 19:04:35.450277 ioctl(4, _IOC(_IOC_NONE, 0x75, 0x30, 0), 0xffffffffd948) = 0 <0.000429>
19795 19:04:35.450818 ioctl(4, _IOC(_IOC_NONE, 0x75, 0x30, 0), 0xffffffffd918) = 0 <0.000101>
19795 19:04:35.451028 ioctl(4, _IOC(_IOC_NONE, 0x75, 0x30, 0), 0xffffffffda58) = 0 <0.000067>
19795 19:04:35.451159 ioctl(4, _IOC(_IOC_NONE, 0x75, 0x30, 0), 0xffffffffda58) = 0 <0.000074>
19795 19:04:35.451320 ioctl(4, _IOC(_IOC_NONE, 0x75, 0x30, 0), 0xffffffffdc08) = 0 <0.000121>
19795 19:04:35.451504 ioctl(4, _IOC(_IOC_NONE, 0x75, 0x30, 0), 0xffffffffdbd8) = 0 <0.000898>
19795 19:04:35.452695 ioctl(4, _IOC(_IOC_NONE, 0x75, 0x30, 0), 0xffffffffd948) = 0 <0.000342>
19795 19:04:35.453150 ioctl(4, _IOC(_IOC_NONE, 0x75, 0x30, 0), 0xffffffffd918) = 0 <0.000094>
19795 19:04:35.453351 ioctl(4, _IOC(_IOC_NONE, 0x75, 0x30, 0), 0xffffffffda58) = 0 <0.000133>
19795 19:04:35.453548 ioctl(4, _IOC(_IOC_NONE, 0x75, 0x30, 0), 0xffffffffda58) = 0 <0.000075>
19795 19:04:35.453758 ioctl(4, _IOC(_IOC_NONE, 0x75, 0x30, 0), 0xffffffffdc08) = 0 <0.000114>
19795 19:04:35.453932 ioctl(4, _IOC(_IOC_NONE, 0x75, 0x30, 0), 0xffffffffdbd8) = 0 <0.000163>
19795 19:04:35.454353 ioctl(4, _IOC(_IOC_NONE, 0x75, 0x30, 0), 0xffffffffd948) = 0 <0.000429>
19795 19:04:35.454867 ioctl(4, _IOC(_IOC_NONE, 0x75, 0x30, 0), 0xffffffffd918) = 0 <0.000088>
19795 19:04:35.455045 ioctl(4, _IOC(_IOC_NONE, 0x75, 0x30, 0), 0xffffffffda58) = 0 <0.000063>
19795 19:04:35.455165 ioctl(4, _IOC(_IOC_NONE, 0x75, 0x30, 0), 0xffffffffda58) = 0 <0.000069>
19795 19:04:35.455322 ioctl(4, _IOC(_IOC_NONE, 0x75, 0x30, 0), 0xffffffffdc08) = 0 <0.000130>
19795 19:04:35.455672 ioctl(4, _IOC(_IOC_NONE, 0x75, 0x30, 0), 0xffffffffdbd8) = 0 <0.000232>
19795 19:04:35.456181 ioctl(4, _IOC(_IOC_NONE, 0x75, 0x30, 0), 0xffffffffd948) = 0 <0.000118>
19795 19:04:35.456377 ioctl(4, _IOC(_IOC_NONE, 0x75, 0x30, 0), 0xffffffffd918) = 0 <0.000088>
19795 19:04:35.456541 ioctl(4, _IOC(_IOC_NONE, 0x75, 0x30, 0), 0xffffffffda58) = 0 <0.000068>
19795 19:04:35.456666 ioctl(4, _IOC(_IOC_NONE, 0x75, 0x30, 0), 0xffffffffda58) = 0 <0.000077>
19795 19:04:35.456949 ioctl(4, _IOC(_IOC_NONE, 0x75, 0x30, 0), 0xffffffffdc08) = 0 <0.000124>
19795 19:04:35.457146 ioctl(4, _IOC(_IOC_NONE, 0x75, 0x30, 0), 0xffffffffdbd8) = 0 <0.000089>
19795 19:04:35.457483 ioctl(4, _IOC(_IOC_NONE, 0x75, 0x30, 0), 0xffffffffd948) = 0 <0.000160>
19795 19:04:35.457745 ioctl(4, _IOC(_IOC_NONE, 0x75, 0x30, 0), 0xffffffffd918) = 0 <0.000091>
19795 19:04:35.457921 ioctl(4, _IOC(_IOC_NONE, 0x75, 0x30, 0), 0xffffffffda58) = 0 <0.000065>
19795 19:04:35.458385 ioctl(4, _IOC(_IOC_NONE, 0x75, 0x30, 0), 0xffffffffda58) = 0 <0.000083>
19795 19:04:35.458564 ioctl(4, _IOC(_IOC_NONE, 0x75, 0x30, 0), 0xffffffffdc08) = 0 <0.000119>
19795 19:04:35.458743 ioctl(4, _IOC(_IOC_NONE, 0x75, 0x30, 0), 0xffffffffdbd8) = 0 <0.000087>
19795 19:04:35.459071 ioctl(4, _IOC(_IOC_NONE, 0x75, 0x30, 0), 0xffffffffd948) = 0 <0.000111>
19795 19:04:35.459247 ioctl(4, _IOC(_IOC_NONE, 0x75, 0x30, 0), 0xffffffffd918) = 0 <0.000695>
19795 19:04:35.460152 ioctl(4, _IOC(_IOC_NONE, 0x75, 0x30, 0), 0xffffffffda58) = 0 <0.000071>
19795 19:04:35.460305 ioctl(4, _IOC(_IOC_NONE, 0x75, 0x30, 0), 0xffffffffd6f8) = 0 <0.000045>
19795 19:04:35.460551 ioctl(4, _IOC(_IOC_NONE, 0x75, 0x30, 0) <unfinished ...>
19796 19:04:35.460640 <... ioctl resumed>, 0xfffff520e618) = 0 <0.024627>
19796 19:04:35.460681 ioctl(4, _IOC(_IOC_NONE, 0x75, 0x30, 0) <unfinished ...>
19795 19:04:35.460760 <... ioctl resumed>, 0xffffffffd768) = 0 <0.000183>
19796 19:04:35.460786 <... ioctl resumed>, 0xfffff520e618) = 0 <0.000085>
19795 19:04:35.460841 ioctl(4, _IOC(_IOC_NONE, 0x75, 0x30, 0) <unfinished ...>
19796 19:04:35.460931 ioctl(4, _IOC(_IOC_NONE, 0x75, 0x30, 0) <unfinished ...>
19795 19:04:35.462075 <... ioctl resumed>, 0xffffffffda58) = 0 <0.001201>
19796 19:04:35.462156 <... ioctl resumed>, 0xfffff520e608) = 0 <0.001203>
19796 19:04:35.462213 ioctl(4, _IOC(_IOC_NONE, 0x75, 0x30, 0) <unfinished ...>
19795 19:04:35.462347 ioctl(4, _IOC(_IOC_NONE, 0x75, 0x30, 0) <unfinished ...>
19796 19:04:35.462377 <... ioctl resumed>, 0xfffff520e618) = 0 <0.000137>
19795 19:04:35.462534 <... ioctl resumed>, 0xffffffffdc08) = 0 <0.000160>
19796 19:04:35.462565 ioctl(4, _IOC(_IOC_NONE, 0x75, 0x30, 0) <unfinished ...>
19795 19:04:35.462641 ioctl(4, _IOC(_IOC_NONE, 0x75, 0x30, 0), 0xffffffffdbd8) = 0 <0.000089>
19795 19:04:35.462992 ioctl(4, _IOC(_IOC_NONE, 0x75, 0x30, 0), 0xffffffffd948) = 0 <0.000142>
19795 19:04:35.463211 ioctl(4, _IOC(_IOC_NONE, 0x75, 0x30, 0), 0xffffffffd918) = 0 <0.000088>
19795 19:04:35.463377 ioctl(4, _IOC(_IOC_NONE, 0x75, 0x30, 0), 0xffffffffda58) = 0 <0.000069>
19795 19:04:35.463523 ioctl(4, _IOC(_IOC_NONE, 0x75, 0x30, 0), 0xffffffffda58) = 0 <0.000137>
19795 19:04:35.463754 ioctl(4, _IOC(_IOC_NONE, 0x75, 0x30, 0), 0xffffffffdc08) = 0 <0.000123>
19795 19:04:35.463942 ioctl(4, _IOC(_IOC_NONE, 0x75, 0x30, 0), 0xffffffffdbd8) = 0 <0.000087>
19795 19:04:35.464278 ioctl(4, _IOC(_IOC_NONE, 0x75, 0x30, 0), 0xffffffffd948) = 0 <0.000119>
19795 19:04:35.464473 ioctl(4, _IOC(_IOC_NONE, 0x75, 0x30, 0), 0xffffffffd918) = 0 <0.000089>
19795 19:04:35.464641 ioctl(4, _IOC(_IOC_NONE, 0x75, 0x30, 0), 0xffffffffda58) = 0 <0.000068>
19795 19:04:35.464768 ioctl(4, _IOC(_IOC_NONE, 0x75, 0x30, 0), 0xffffffffda58) = 0 <0.000072>
19795 19:04:35.464924 ioctl(4, _IOC(_IOC_NONE, 0x75, 0x30, 0), 0xffffffffdc08) = 0 <0.000120>
19795 19:04:35.465105 ioctl(4, _IOC(_IOC_NONE, 0x75, 0x30, 0), 0xffffffffdbd8) = 0 <0.000085>
19795 19:04:35.465440 ioctl(4, _IOC(_IOC_NONE, 0x75, 0x30, 0), 0xffffffffd948) = 0 <0.000163>
19795 19:04:35.465697 ioctl(4, _IOC(_IOC_NONE, 0x75, 0x30, 0), 0xffffffffd918) = 0 <0.000092>
19795 19:04:35.465880 ioctl(4, _IOC(_IOC_NONE, 0x75, 0x30, 0), 0xffffffffda58) = 0 <0.000064>
19795 19:04:35.466005 ioctl(4, _IOC(_IOC_NONE, 0x75, 0x30, 0), 0xffffffffda58) = 0 <0.000073>
19795 19:04:35.466164 ioctl(4, _IOC(_IOC_NONE, 0x75, 0x30, 0), 0xffffffffdc08) = 0 <0.000117>
19795 19:04:35.466340 ioctl(4, _IOC(_IOC_NONE, 0x75, 0x30, 0), 0xffffffffdbd8) = 0 <0.000088>
19795 19:04:35.466686 ioctl(4, _IOC(_IOC_NONE, 0x75, 0x30, 0), 0xffffffffd948) = 0 <0.000119>
19795 19:04:35.466920 ioctl(4, _IOC(_IOC_NONE, 0x75, 0x30, 0), 0xffffffffd918) = 0 <0.000087>
19795 19:04:35.467087 ioctl(4, _IOC(_IOC_NONE, 0x75, 0x30, 0), 0xffffffffda58) = 0 <0.000067>
19795 19:04:35.467210 ioctl(4, _IOC(_IOC_NONE, 0x75, 0x30, 0), 0xffffffffda58) = 0 <0.000073>
19795 19:04:35.467363 ioctl(4, _IOC(_IOC_NONE, 0x75, 0x30, 0), 0xffffffffdc08) = 0 <0.000117>
19795 19:04:35.467540 ioctl(4, _IOC(_IOC_NONE, 0x75, 0x30, 0), 0xffffffffdbd8) = 0 <0.000085>
19795 19:04:35.467868 ioctl(4, _IOC(_IOC_NONE, 0x75, 0x30, 0), 0xffffffffd948) = 0 <0.000110>
19795 19:04:35.468051 ioctl(4, _IOC(_IOC_NONE, 0x75, 0x30, 0), 0xffffffffd918) = 0 <0.000090>
19795 19:04:35.468219 ioctl(4, _IOC(_IOC_NONE, 0x75, 0x30, 0), 0xffffffffda58) = 0 <0.000070>
19795 19:04:35.468347 ioctl(4, _IOC(_IOC_NONE, 0x75, 0x30, 0), 0xffffffffda58) = 0 <0.000074>
19795 19:04:35.468505 ioctl(4, _IOC(_IOC_NONE, 0x75, 0x30, 0), 0xffffffffdc08) = 0 <0.000117>
19795 19:04:35.468682 ioctl(4, _IOC(_IOC_NONE, 0x75, 0x30, 0), 0xffffffffdbd8) = 0 <0.000083>
19795 19:04:35.469013 ioctl(4, _IOC(_IOC_NONE, 0x75, 0x30, 0), 0xffffffffd948) = 0 <0.000118>
19795 19:04:35.469205 ioctl(4, _IOC(_IOC_NONE, 0x75, 0x30, 0), 0xffffffffd918) = 0 <0.000089>
19795 19:04:35.469372 ioctl(4, _IOC(_IOC_NONE, 0x75, 0x30, 0), 0xffffffffda58) = 0 <0.000067>
19795 19:04:35.469497 ioctl(4, _IOC(_IOC_NONE, 0x75, 0x30, 0), 0xffffffffda58) = 0 <0.000114>
19795 19:04:35.469735 ioctl(4, _IOC(_IOC_NONE, 0x75, 0x30, 0), 0xffffffffdc08) = 0 <0.000130>
19795 19:04:35.469944 ioctl(4, _IOC(_IOC_NONE, 0x75, 0x30, 0), 0xffffffffdbd8) = 0 <0.000091>
19795 19:04:35.470330 ioctl(4, _IOC(_IOC_NONE, 0x75, 0x30, 0), 0xffffffffd948) = 0 <0.000126>
19795 19:04:35.470556 ioctl(4, _IOC(_IOC_NONE, 0x75, 0x30, 0), 0xffffffffd918) = 0 <0.000094>
19795 19:04:35.470742 ioctl(4, _IOC(_IOC_NONE, 0x75, 0x30, 0), 0xffffffffda58) = 0 <0.000068>
19795 19:04:35.470870 ioctl(4, _IOC(_IOC_NONE, 0x75, 0x30, 0), 0xffffffffda58) = 0 <0.000084>
19795 19:04:35.471195 ioctl(4, _IOC(_IOC_NONE, 0x75, 0x30, 0), 0xffffffffdc08) = 0 <0.000124>
19795 19:04:35.471387 ioctl(4, _IOC(_IOC_NONE, 0x75, 0x30, 0), 0xffffffffdbd8) = 0 <0.000090>
19795 19:04:35.471737 ioctl(4, _IOC(_IOC_NONE, 0x75, 0x30, 0), 0xffffffffd948) = 0 <0.000118>
19795 19:04:35.471934 ioctl(4, _IOC(_IOC_NONE, 0x75, 0x30, 0), 0xffffffffd918) = 0 <0.000164>
19795 19:04:35.472192 ioctl(4, _IOC(_IOC_NONE, 0x75, 0x30, 0), 0xffffffffda58) = 0 <0.000068>
19795 19:04:35.472325 ioctl(4, _IOC(_IOC_NONE, 0x75, 0x30, 0), 0xffffffffda58) = 0 <0.000073>
19795 19:04:35.472482 ioctl(4, _IOC(_IOC_NONE, 0x75, 0x30, 0), 0xffffffffdc08) = 0 <0.000117>
19795 19:04:35.472662 ioctl(4, _IOC(_IOC_NONE, 0x75, 0x30, 0), 0xffffffffdbd8) = 0 <0.000087>
19795 19:04:35.473011 ioctl(4, _IOC(_IOC_NONE, 0x75, 0x30, 0), 0xffffffffd948) = 0 <0.000119>
19795 19:04:35.473204 ioctl(4, _IOC(_IOC_NONE, 0x75, 0x30, 0), 0xffffffffd918) = 0 <0.000087>
19795 19:04:35.473370 ioctl(4, _IOC(_IOC_NONE, 0x75, 0x30, 0), 0xffffffffda58) = 0 <0.000065>
19795 19:04:35.473495 ioctl(4, _IOC(_IOC_NONE, 0x75, 0x30, 0), 0xffffffffda58) = 0 <0.000112>
19795 19:04:35.473740 ioctl(4, _IOC(_IOC_NONE, 0x75, 0x30, 0), 0xffffffffdc08) = 0 <0.000196>
19795 19:04:35.474018 ioctl(4, _IOC(_IOC_NONE, 0x75, 0x30, 0), 0xffffffffdbd8) = 0 <0.000095>
19795 19:04:35.474385 ioctl(4, _IOC(_IOC_NONE, 0x75, 0x30, 0), 0xffffffffd948) = 0 <0.000114>
19795 19:04:35.474581 ioctl(4, _IOC(_IOC_NONE, 0x75, 0x30, 0), 0xffffffffd918) = 0 <0.000087>
19795 19:04:35.474746 ioctl(4, _IOC(_IOC_NONE, 0x75, 0x30, 0), 0xffffffffda58) = 0 <0.000065>
19795 19:04:35.474970 ioctl(4, _IOC(_IOC_NONE, 0x75, 0x30, 0), 0xffffffffda58) = 0 <0.000074>
19795 19:04:35.475136 ioctl(4, _IOC(_IOC_NONE, 0x75, 0x30, 0), 0xffffffffdc08) = 0 <0.000120>
19795 19:04:35.475317 ioctl(4, _IOC(_IOC_NONE, 0x75, 0x30, 0), 0xffffffffdbd8) = 0 <0.000090>
19795 19:04:35.475643 ioctl(4, _IOC(_IOC_NONE, 0x75, 0x30, 0), 0xffffffffd948) = 0 <0.000108>
19795 19:04:35.475822 ioctl(4, _IOC(_IOC_NONE, 0x75, 0x30, 0), 0xffffffffd918) = 0 <0.000086>
19795 19:04:35.475983 ioctl(4, _IOC(_IOC_NONE, 0x75, 0x30, 0), 0xffffffffda58) = 0 <0.000074>
19795 19:04:35.476221 ioctl(4, _IOC(_IOC_NONE, 0x75, 0x30, 0), 0xffffffffda58) = 0 <0.000074>
19795 19:04:35.476379 ioctl(4, _IOC(_IOC_NONE, 0x75, 0x30, 0), 0xffffffffdc08) = 0 <0.000114>
19795 19:04:35.476551 ioctl(4, _IOC(_IOC_NONE, 0x75, 0x30, 0), 0xffffffffdbd8) = 0 <0.000090>
19795 19:04:35.476886 ioctl(4, _IOC(_IOC_NONE, 0x75, 0x30, 0), 0xffffffffd948) = 0 <0.000101>
19795 19:04:35.477058 ioctl(4, _IOC(_IOC_NONE, 0x75, 0x30, 0), 0xffffffffd918) = 0 <0.000119>
19795 19:04:35.477249 ioctl(4, _IOC(_IOC_NONE, 0x75, 0x30, 0), 0xffffffffda58) = 0 <0.000068>
19795 19:04:35.477375 ioctl(4, _IOC(_IOC_NONE, 0x75, 0x30, 0), 0xffffffffda58) = 0 <0.000079>
19795 19:04:35.477528 ioctl(4, _IOC(_IOC_NONE, 0x75, 0x30, 0), 0xffffffffdc08) = 0 <0.000152>
19795 19:04:35.477755 ioctl(4, _IOC(_IOC_NONE, 0x75, 0x30, 0), 0xffffffffdbd8) = 0 <0.000088>
19795 19:04:35.478115 ioctl(4, _IOC(_IOC_NONE, 0x75, 0x30, 0), 0xffffffffd948) = 0 <0.000120>
19795 19:04:35.478315 ioctl(4, _IOC(_IOC_NONE, 0x75, 0x30, 0), 0xffffffffd918) = 0 <0.000088>
19795 19:04:35.478482 ioctl(4, _IOC(_IOC_NONE, 0x75, 0x30, 0), 0xffffffffda58) = 0 <0.000067>
19795 19:04:35.478608 ioctl(4, _IOC(_IOC_NONE, 0x75, 0x30, 0), 0xffffffffda58) = 0 <0.000076>
19795 19:04:35.478768 ioctl(4, _IOC(_IOC_NONE, 0x75, 0x30, 0), 0xffffffffdc08) = 0 <0.000128>
19795 19:04:35.478959 ioctl(4, _IOC(_IOC_NONE, 0x75, 0x30, 0), 0xffffffffdbd8) = 0 <0.000087>
19795 19:04:35.479322 ioctl(4, _IOC(_IOC_NONE, 0x75, 0x30, 0), 0xffffffffd948) = 0 <0.000119>
19795 19:04:35.479517 ioctl(4, _IOC(_IOC_NONE, 0x75, 0x30, 0), 0xffffffffd918) = 0 <0.000088>
19795 19:04:35.479684 ioctl(4, _IOC(_IOC_NONE, 0x75, 0x30, 0), 0xffffffffda58) = 0 <0.000067>
19795 19:04:35.479809 ioctl(4, _IOC(_IOC_NONE, 0x75, 0x30, 0), 0xffffffffda58) = 0 <0.000075>
19795 19:04:35.479969 ioctl(4, _IOC(_IOC_NONE, 0x75, 0x30, 0), 0xffffffffdc08) = 0 <0.000126>
19795 19:04:35.480158 ioctl(4, _IOC(_IOC_NONE, 0x75, 0x30, 0), 0xffffffffdbd8) = 0 <0.000084>
19795 19:04:35.480491 ioctl(4, _IOC(_IOC_NONE, 0x75, 0x30, 0), 0xffffffffd948) = 0 <0.000115>
19795 19:04:35.480678 ioctl(4, _IOC(_IOC_NONE, 0x75, 0x30, 0), 0xffffffffd918) = 0 <0.000090>
19795 19:04:35.480846 ioctl(4, _IOC(_IOC_NONE, 0x75, 0x30, 0), 0xffffffffda58) = 0 <0.000064>
19795 19:04:35.480969 ioctl(4, _IOC(_IOC_NONE, 0x75, 0x30, 0), 0xffffffffda58) = 0 <0.000075>
19795 19:04:35.481124 ioctl(4, _IOC(_IOC_NONE, 0x75, 0x30, 0), 0xffffffffdc08) = 0 <0.000114>
19795 19:04:35.481294 ioctl(4, _IOC(_IOC_NONE, 0x75, 0x30, 0), 0xffffffffdbd8) = 0 <0.000088>
19795 19:04:35.481687 ioctl(4, _IOC(_IOC_NONE, 0x75, 0x30, 0), 0xffffffffd948) = 0 <0.000134>
19795 19:04:35.481947 ioctl(4, _IOC(_IOC_NONE, 0x75, 0x30, 0), 0xffffffffd918) = 0 <0.000098>
19795 19:04:35.482153 ioctl(4, _IOC(_IOC_NONE, 0x75, 0x30, 0), 0xffffffffda58) = 0 <0.000075>
19795 19:04:35.482307 ioctl(4, _IOC(_IOC_NONE, 0x75, 0x30, 0), 0xffffffffd6f8) = 0 <0.000050>
19795 19:04:35.482423 ioctl(4, _IOC(_IOC_NONE, 0x75, 0x30, 0) <unfinished ...>
19796 19:04:35.482511 <... ioctl resumed>, 0xfffff520e618) = 0 <0.019924>
19795 19:04:35.482576 <... ioctl resumed>, 0xffffffffd768) = 0 <0.000129>
19796 19:04:35.482606 ioctl(4, _IOC(_IOC_NONE, 0x75, 0x30, 0) <unfinished ...>
19795 19:04:35.482694 ioctl(4, _IOC(_IOC_NONE, 0x75, 0x30, 0) <unfinished ...>
19796 19:04:35.482793 <... ioctl resumed>, 0xfffff520e618) = 0 <0.000165>
19795 19:04:35.482825 <... ioctl resumed>, 0xffffffffda58) = 0 <0.000108>
19796 19:04:35.482875 ioctl(4, _IOC(_IOC_NONE, 0x75, 0x30, 0) <unfinished ...>
19795 19:04:35.483941 ioctl(4, _IOC(_IOC_NONE, 0x75, 0x30, 0), 0xffffffffdc08) = 0 <0.000230>
19795 19:04:35.484286 ioctl(4, _IOC(_IOC_NONE, 0x75, 0x30, 0), 0xffffffffdbd8) = 0 <0.000101>
19796 19:04:35.484514 <... ioctl resumed>, 0xfffff520e608) = 0 <0.001560>
19795 19:04:35.484848 ioctl(4, _IOC(_IOC_NONE, 0x75, 0x30, 0) <unfinished ...>
19796 19:04:35.484900 ioctl(4, _IOC(_IOC_NONE, 0x75, 0x30, 0), 0xfffff520e618) = 0 <0.000068>
19796 19:04:35.485026 ioctl(4, _IOC(_IOC_NONE, 0x75, 0x30, 0) <unfinished ...>
19795 19:04:35.485212 <... ioctl resumed>, 0xffffffffd948) = 0 <0.000318>
19795 19:04:35.485260 ioctl(4, _IOC(_IOC_NONE, 0x75, 0x30, 0), 0xffffffffd918) = 0 <0.000092>
19795 19:04:35.485430 ioctl(4, _IOC(_IOC_NONE, 0x75, 0x30, 0), 0xffffffffda58) = 0 <0.000066>
19795 19:04:35.485553 ioctl(4, _IOC(_IOC_NONE, 0x75, 0x30, 0), 0xffffffffda58) = 0 <0.000083>
19795 19:04:35.485786 ioctl(4, _IOC(_IOC_NONE, 0x75, 0x30, 0), 0xffffffffdc08) = 0 <0.000122>
19795 19:04:35.485977 ioctl(4, _IOC(_IOC_NONE, 0x75, 0x30, 0), 0xffffffffdbd8) = 0 <0.000091>
19795 19:04:35.486335 ioctl(4, _IOC(_IOC_NONE, 0x75, 0x30, 0), 0xffffffffd948) = 0 <0.000113>
19795 19:04:35.486524 ioctl(4, _IOC(_IOC_NONE, 0x75, 0x30, 0), 0xffffffffd918) = 0 <0.000088>
19795 19:04:35.486691 ioctl(4, _IOC(_IOC_NONE, 0x75, 0x30, 0), 0xffffffffda58) = 0 <0.000064>
19795 19:04:35.486812 ioctl(4, _IOC(_IOC_NONE, 0x75, 0x30, 0), 0xffffffffda58) = 0 <0.000074>
19795 19:04:35.486971 ioctl(4, _IOC(_IOC_NONE, 0x75, 0x30, 0), 0xffffffffdc08) = 0 <0.000114>
19795 19:04:35.487145 ioctl(4, _IOC(_IOC_NONE, 0x75, 0x30, 0), 0xffffffffdbd8) = 0 <0.000085>
19795 19:04:35.487479 ioctl(4, _IOC(_IOC_NONE, 0x75, 0x30, 0), 0xffffffffd948) = 0 <0.000108>
19795 19:04:35.487662 ioctl(4, _IOC(_IOC_NONE, 0x75, 0x30, 0), 0xffffffffd918) = 0 <0.000088>
19795 19:04:35.487827 ioctl(4, _IOC(_IOC_NONE, 0x75, 0x30, 0), 0xffffffffda58) = 0 <0.000066>
19795 19:04:35.487951 ioctl(4, _IOC(_IOC_NONE, 0x75, 0x30, 0), 0xffffffffda58) = 0 <0.000076>
19795 19:04:35.488109 ioctl(4, _IOC(_IOC_NONE, 0x75, 0x30, 0), 0xffffffffdc08) = 0 <0.000116>
19795 19:04:35.488286 ioctl(4, _IOC(_IOC_NONE, 0x75, 0x30, 0), 0xffffffffdbd8) = 0 <0.000084>
19795 19:04:35.488633 ioctl(4, _IOC(_IOC_NONE, 0x75, 0x30, 0), 0xffffffffd948) = 0 <0.000116>
19795 19:04:35.488823 ioctl(4, _IOC(_IOC_NONE, 0x75, 0x30, 0), 0xffffffffd918) = 0 <0.000087>
19795 19:04:35.488989 ioctl(4, _IOC(_IOC_NONE, 0x75, 0x30, 0), 0xffffffffda58) = 0 <0.000067>
19795 19:04:35.489115 ioctl(4, _IOC(_IOC_NONE, 0x75, 0x30, 0), 0xffffffffda58) = 0 <0.000072>
19795 19:04:35.489272 ioctl(4, _IOC(_IOC_NONE, 0x75, 0x30, 0), 0xffffffffdc08) = 0 <0.000114>
19795 19:04:35.489447 ioctl(4, _IOC(_IOC_NONE, 0x75, 0x30, 0), 0xffffffffdbd8) = 0 <0.000087>
19795 19:04:35.489830 ioctl(4, _IOC(_IOC_NONE, 0x75, 0x30, 0), 0xffffffffd948) = 0 <0.000113>
19795 19:04:35.490039 ioctl(4, _IOC(_IOC_NONE, 0x75, 0x30, 0), 0xffffffffd918) = 0 <0.000093>
19795 19:04:35.490222 ioctl(4, _IOC(_IOC_NONE, 0x75, 0x30, 0), 0xffffffffda58) = 0 <0.000074>
19795 19:04:35.490368 ioctl(4, _IOC(_IOC_NONE, 0x75, 0x30, 0), 0xffffffffda58) = 0 <0.000081>
19795 19:04:35.490552 ioctl(4, _IOC(_IOC_NONE, 0x75, 0x30, 0), 0xffffffffdc08) = 0 <0.000135>
19795 19:04:35.490767 ioctl(4, _IOC(_IOC_NONE, 0x75, 0x30, 0), 0xffffffffdbd8) = 0 <0.000095>
19795 19:04:35.491164 ioctl(4, _IOC(_IOC_NONE, 0x75, 0x30, 0), 0xffffffffd948) = 0 <0.000132>
19795 19:04:35.491391 ioctl(4, _IOC(_IOC_NONE, 0x75, 0x30, 0), 0xffffffffd918) = 0 <0.000096>
19795 19:04:35.491580 ioctl(4, _IOC(_IOC_NONE, 0x75, 0x30, 0), 0xffffffffda58) = 0 <0.000066>
19795 19:04:35.491706 ioctl(4, _IOC(_IOC_NONE, 0x75, 0x30, 0), 0xffffffffda58) = 0 <0.000074>
19795 19:04:35.491867 ioctl(4, _IOC(_IOC_NONE, 0x75, 0x30, 0), 0xffffffffdc08) = 0 <0.000127>
19795 19:04:35.492054 ioctl(4, _IOC(_IOC_NONE, 0x75, 0x30, 0), 0xffffffffdbd8) = 0 <0.000088>
19795 19:04:35.492393 ioctl(4, _IOC(_IOC_NONE, 0x75, 0x30, 0), 0xffffffffd948) = 0 <0.000109>
19795 19:04:35.492577 ioctl(4, _IOC(_IOC_NONE, 0x75, 0x30, 0), 0xffffffffd918) = 0 <0.000089>
19795 19:04:35.492744 ioctl(4, _IOC(_IOC_NONE, 0x75, 0x30, 0), 0xffffffffda58) = 0 <0.000065>
19795 19:04:35.492867 ioctl(4, _IOC(_IOC_NONE, 0x75, 0x30, 0), 0xffffffffda58) = 0 <0.000073>
19795 19:04:35.493024 ioctl(4, _IOC(_IOC_NONE, 0x75, 0x30, 0), 0xffffffffdc08) = 0 <0.000117>
19795 19:04:35.493202 ioctl(4, _IOC(_IOC_NONE, 0x75, 0x30, 0), 0xffffffffdbd8) = 0 <0.000090>
19795 19:04:35.493564 ioctl(4, _IOC(_IOC_NONE, 0x75, 0x30, 0), 0xffffffffd948) = 0 <0.000133>
19795 19:04:35.493846 ioctl(4, _IOC(_IOC_NONE, 0x75, 0x30, 0), 0xffffffffd918) = 0 <0.000092>
19795 19:04:35.494069 ioctl(4, _IOC(_IOC_NONE, 0x75, 0x30, 0), 0xffffffffda58) = 0 <0.000070>
19795 19:04:35.494200 ioctl(4, _IOC(_IOC_NONE, 0x75, 0x30, 0), 0xffffffffda58) = 0 <0.000169>
19795 19:04:35.494477 ioctl(4, _IOC(_IOC_NONE, 0x75, 0x30, 0), 0xffffffffdc08) = 0 <0.000117>
19795 19:04:35.494660 ioctl(4, _IOC(_IOC_NONE, 0x75, 0x30, 0), 0xffffffffdbd8) = 0 <0.000092>
19795 19:04:35.495018 ioctl(4, _IOC(_IOC_NONE, 0x75, 0x30, 0), 0xffffffffd948) = 0 <0.000118>
19795 19:04:35.495208 ioctl(4, _IOC(_IOC_NONE, 0x75, 0x30, 0), 0xffffffffd918) = 0 <0.000087>
19795 19:04:35.495371 ioctl(4, _IOC(_IOC_NONE, 0x75, 0x30, 0), 0xffffffffda58) = 0 <0.000065>
19795 19:04:35.495494 ioctl(4, _IOC(_IOC_NONE, 0x75, 0x30, 0), 0xffffffffda58) = 0 <0.000074>
19795 19:04:35.495655 ioctl(4, _IOC(_IOC_NONE, 0x75, 0x30, 0), 0xffffffffdc08) = 0 <0.000118>
19795 19:04:35.495837 ioctl(4, _IOC(_IOC_NONE, 0x75, 0x30, 0), 0xffffffffdbd8) = 0 <0.000089>
19795 19:04:35.496136 ioctl(4, _IOC(_IOC_NONE, 0x75, 0x30, 0), 0xffffffffdc08) = 0 <0.000124>
19795 19:04:35.496335 ioctl(4, _IOC(_IOC_NONE, 0x75, 0x30, 0), 0xffffffffdbd8) = 0 <0.000088>
19795 19:04:35.496674 ioctl(4, _IOC(_IOC_NONE, 0x75, 0x30, 0), 0xffffffffd948) = 0 <0.000115>
19795 19:04:35.496865 ioctl(4, _IOC(_IOC_NONE, 0x75, 0x30, 0), 0xffffffffd918) = 0 <0.000091>
19795 19:04:35.497034 ioctl(4, _IOC(_IOC_NONE, 0x75, 0x30, 0), 0xffffffffda58) = 0 <0.000064>
19795 19:04:35.497156 ioctl(4, _IOC(_IOC_NONE, 0x75, 0x30, 0), 0xffffffffda58) = 0 <0.000076>
19795 19:04:35.497316 ioctl(4, _IOC(_IOC_NONE, 0x75, 0x30, 0), 0xffffffffdc08) = 0 <0.000118>
19795 19:04:35.497495 ioctl(4, _IOC(_IOC_NONE, 0x75, 0x30, 0), 0xffffffffdbd8) = 0 <0.000122>
19795 19:04:35.497907 ioctl(4, _IOC(_IOC_NONE, 0x75, 0x30, 0), 0xffffffffd948) = 0 <0.000121>
19795 19:04:35.498116 ioctl(4, _IOC(_IOC_NONE, 0x75, 0x30, 0), 0xffffffffd918) = 0 <0.000086>
19795 19:04:35.498278 ioctl(4, _IOC(_IOC_NONE, 0x75, 0x30, 0), 0xffffffffda58) = 0 <0.000065>
19795 19:04:35.498401 ioctl(4, _IOC(_IOC_NONE, 0x75, 0x30, 0), 0xffffffffda58) = 0 <0.000072>
19795 19:04:35.498549 ioctl(4, _IOC(_IOC_NONE, 0x75, 0x30, 0), 0xffffffffdc08) = 0 <0.000117>
19795 19:04:35.498730 ioctl(4, _IOC(_IOC_NONE, 0x75, 0x30, 0), 0xffffffffdbd8) = 0 <0.000093>
19795 19:04:35.534172 ioctl(4, _IOC(_IOC_NONE, 0x75, 0x30, 0), 0xffffffffe848) = 0 <0.000070>
19795 19:04:35.534501 ioctl(4, _IOC(_IOC_NONE, 0x75, 0x30, 0) <unfinished ...>
19796 19:04:35.534598 <... ioctl resumed>, 0xfffff520e618) = 0 <0.049514>
19795 19:04:35.534813 <... ioctl resumed>, 0xffffffffe8b8) = 0 <0.000278>
19796 19:04:35.534862 ioctl(4, _IOC(_IOC_NONE, 0x75, 0x30, 0) <unfinished ...>
19795 19:04:35.534936 getpid( <unfinished ...>
19796 19:04:35.534961 <... ioctl resumed>, 0xfffff520e618) = 0 <0.000076>
19795 19:04:35.535094 <... getpid resumed>) = 19795 <0.000137>
19796 19:04:35.535283 ioctl(4, _IOC(_IOC_NONE, 0x75, 0x30, 0) <unfinished ...>
19795 19:04:35.535317 ioctl(4, _IOC(_IOC_NONE, 0x75, 0x30, 0), 0xffffffffe768) = 0 <0.000976>
19796 19:04:35.536646 <... ioctl resumed>, 0xfffff520e608) = 0 <0.001333>
19795 19:04:35.536699 ioctl(4, _IOC(_IOC_NONE, 0x75, 0x30, 0), 0xffffffffe7d8) = 0 <0.000060>
19795 19:04:35.536816 ioctl(4, _IOC(_IOC_NONE, 0x75, 0x30, 0) <unfinished ...>
19796 19:04:35.536891 ioctl(4, _IOC(_IOC_NONE, 0x75, 0x30, 0), 0xfffff520e618) = 0 <0.000258>
19796 19:04:35.537223 ioctl(4, _IOC(_IOC_NONE, 0x75, 0x30, 0) <unfinished ...>
19795 19:04:35.537396 <... ioctl resumed>, 0xffffffffe838) = 0 <0.000555>
19796 19:04:35.539319 <... ioctl resumed>, 0xfffff520e608) = 0 <0.002056>
19796 19:04:35.539424 ioctl(4, _IOC(_IOC_NONE, 0x75, 0x30, 0), 0xfffff520e618) = 0 <0.000056>
19796 19:04:35.539539 ioctl(4, _IOC(_IOC_NONE, 0x75, 0x30, 0), 0xfffff520e618) = 0 <0.000048>
19796 19:04:35.539638 ioctl(4, _IOC(_IOC_NONE, 0x75, 0x30, 0), 0xfffff520e618) = 0 <0.000046>
19796 19:04:35.539738 ioctl(4, _IOC(_IOC_NONE, 0x75, 0x30, 0) <unfinished ...>
19795 19:04:35.575735 futex(0xaaaaab074bd8, FUTEX_WAKE_PRIVATE, 2147483647) = 0 <0.000028>
19795 19:04:35.575915 ioctl(4, _IOC(_IOC_NONE, 0x75, 0x30, 0), 0xffffffffec28) = 0 <0.000264>
19795 19:04:35.576382 ioctl(4, _IOC(_IOC_NONE, 0x75, 0x30, 0), 0xffffffffec38) = 0 <0.000376>
19795 19:04:35.576815 ioctl(4, _IOC(_IOC_NONE, 0x75, 0x30, 0), 0xffffffffec38) = 0 <0.000212>
19795 19:04:35.577122 ioctl(4, _IOC(_IOC_NONE, 0x75, 0x30, 0), 0xffffffffe968) = 0 <0.000059>
19795 19:04:35.577236 ioctl(4, _IOC(_IOC_NONE, 0x75, 0x30, 0), 0xffffffffe928) = 0 <0.000056>
19795 19:04:35.577378 ioctl(4, _IOC(_IOC_NONE, 0x75, 0x30, 0), 0xffffffffea08) = 0 <0.000055>
19795 19:04:35.577504 ioctl(4, _IOC(_IOC_NONE, 0x75, 0x30, 0), 0xffffffffea78) = 0 <0.000091>
19796 19:04:35.577666 <... ioctl resumed>, 0xfffff520e618) = 0 <0.037907>
19795 19:04:35.577815 getpid()          = 19795 <0.000018>
19795 19:04:35.577885 ioctl(4, _IOC(_IOC_NONE, 0x75, 0x30, 0), 0xffffffffe918) = 0 <0.000187>
19795 19:04:35.578143 ioctl(4, _IOC(_IOC_NONE, 0x75, 0x30, 0), 0xffffffffe988) = 0 <0.000225>
19796 19:04:35.578415 ioctl(4, _IOC(_IOC_NONE, 0x75, 0x30, 0) <unfinished ...>
19795 19:04:35.578470 ioctl(4, _IOC(_IOC_NONE, 0x75, 0x30, 0) <unfinished ...>
19796 19:04:35.578529 <... ioctl resumed>, 0xfffff520e618) = 0 <0.000087>
19796 19:04:35.578579 ioctl(4, _IOC(_IOC_NONE, 0x75, 0x30, 0), 0xfffff520e608) = 0 <0.000209>
19796 19:04:35.578871 ioctl(4, _IOC(_IOC_NONE, 0x75, 0x30, 0), 0xfffff520e618) = 0 <0.000102>
19796 19:04:35.579136 ioctl(4, _IOC(_IOC_NONE, 0x75, 0x30, 0), 0xfffff520e608) = 0 <0.000159>
19796 19:04:35.579580 ioctl(4, _IOC(_IOC_NONE, 0x75, 0x30, 0), 0xfffff520e618) = 0 <0.000059>
19796 19:04:35.579716 ioctl(4, _IOC(_IOC_NONE, 0x75, 0x30, 0), 0xfffff520e618) = 0 <0.000362>
19796 19:04:35.580306 ioctl(4, _IOC(_IOC_NONE, 0x75, 0x30, 0), 0xfffff520e618) = 0 <0.000187>
19796 19:04:35.580646 ioctl(4, _IOC(_IOC_NONE, 0x75, 0x30, 0) <unfinished ...>
19795 19:04:35.581730 <... ioctl resumed>, 0xffffffffe9e8) = 0 <0.003227>
19795 19:04:35.582035 ioctl(4, _IOC(_IOC_NONE, 0x75, 0x30, 0), 0xffffffffec38) = 0 <0.000397>
19795 19:04:35.582723 ioctl(4, _IOC(_IOC_NONE, 0x75, 0x30, 0), 0xffffffffec28) = 0 <0.000570>
19795 19:04:35.583484 ioctl(4, _IOC(_IOC_NONE, 0x75, 0x30, 0), 0xffffffffec38) = 0 <0.000768>
19795 19:04:35.584523 ioctl(4, _IOC(_IOC_NONE, 0x75, 0x30, 0), 0xffffffffec38) = 0 <0.000373>
19795 19:04:35.585281 ioctl(4, _IOC(_IOC_NONE, 0x75, 0x30, 0), 0xffffffffea08) = 0 <0.000271>
19795 19:04:35.585704 ioctl(4, _IOC(_IOC_NONE, 0x75, 0x30, 0), 0xffffffffea78) = 0 <0.000314>
19796 19:04:35.586089 <... ioctl resumed>, 0xfffff520e618) = 0 <0.005405>
19795 19:04:35.586162 getpid( <unfinished ...>
19796 19:04:35.586191 ioctl(4, _IOC(_IOC_NONE, 0x75, 0x30, 0) <unfinished ...>
19795 19:04:35.586295 <... getpid resumed>) = 19795 <0.000110>
19796 19:04:35.586327 <... ioctl resumed>, 0xfffff520e618) = 0 <0.000111>
19796 19:04:35.586561 ioctl(4, _IOC(_IOC_NONE, 0x75, 0x30, 0) <unfinished ...>
19795 19:04:35.586626 ioctl(4, _IOC(_IOC_NONE, 0x75, 0x30, 0), 0xffffffffe918) = 0 <0.000067>
19795 19:04:35.586943 ioctl(4, _IOC(_IOC_NONE, 0x75, 0x30, 0), 0xffffffffe988) = 0 <0.000065>
19795 19:04:35.587080 ioctl(4, _IOC(_IOC_NONE, 0x75, 0x30, 0) <unfinished ...>
19796 19:04:35.587370 <... ioctl resumed>, 0xfffff520e608) = 0 <0.000775>
19796 19:04:35.587439 ioctl(4, _IOC(_IOC_NONE, 0x75, 0x30, 0), 0xfffff520e618) = 0 <0.000087>
19796 19:04:35.587812 ioctl(4, _IOC(_IOC_NONE, 0x75, 0x30, 0), 0xfffff520e608) = 0 <0.000178>
19796 19:04:35.588073 ioctl(4, _IOC(_IOC_NONE, 0x75, 0x30, 0), 0xfffff520e618) = 0 <0.000197>
19796 19:04:35.588365 ioctl(4, _IOC(_IOC_NONE, 0x75, 0x30, 0), 0xfffff520e618) = 0 <0.000090>
19796 19:04:35.588534 ioctl(4, _IOC(_IOC_NONE, 0x75, 0x30, 0), 0xfffff520e618) = 0 <0.000128>
19796 19:04:35.588759 ioctl(4, _IOC(_IOC_NONE, 0x75, 0x30, 0) <unfinished ...>
19795 19:04:35.590281 <... ioctl resumed>, 0xffffffffe9e8) = 0 <0.003102>
19795 19:04:35.590767 ioctl(4, _IOC(_IOC_NONE, 0x75, 0x30, 0), 0xffffffffec38) = 0 <0.000407>
19795 19:04:35.591461 ioctl(4, _IOC(_IOC_NONE, 0x75, 0x30, 0), 0xffffffffec28) = 0 <0.000385>
19795 19:04:35.592164 ioctl(4, _IOC(_IOC_NONE, 0x75, 0x30, 0), 0xffffffffec38) = 0 <0.000719>
19795 19:04:35.593032 ioctl(4, _IOC(_IOC_NONE, 0x75, 0x30, 0), 0xffffffffec38) = 0 <0.000568>
19795 19:04:35.593818 ioctl(4, _IOC(_IOC_NONE, 0x75, 0x30, 0), 0xffffffffea08) = 0 <0.000191>
19795 19:04:35.594218 ioctl(4, _IOC(_IOC_NONE, 0x75, 0x30, 0), 0xffffffffea78) = 0 <0.000067>
19796 19:04:35.594337 <... ioctl resumed>, 0xfffff520e618) = 0 <0.005545>
19796 19:04:35.594493 ioctl(4, _IOC(_IOC_NONE, 0x75, 0x30, 0) <unfinished ...>
19795 19:04:35.594552 getpid( <unfinished ...>
19796 19:04:35.594579 <... ioctl resumed>, 0xfffff520e618) = 0 <0.000058>
19796 19:04:35.594676 ioctl(4, _IOC(_IOC_NONE, 0x75, 0x30, 0) <unfinished ...>
19795 19:04:35.594723 <... getpid resumed>) = 19795 <0.000151>
19795 19:04:35.594792 ioctl(4, _IOC(_IOC_NONE, 0x75, 0x30, 0) <unfinished ...>
19796 19:04:35.594823 <... ioctl resumed>, 0xfffff520e608) = 0 <0.000124>
19795 19:04:35.594929 <... ioctl resumed>, 0xffffffffe918) = 0 <0.000114>
19795 19:04:35.595026 ioctl(4, _IOC(_IOC_NONE, 0x75, 0x30, 0), 0xffffffffe988) = 0 <0.000099>
19795 19:04:35.595230 ioctl(4, _IOC(_IOC_NONE, 0x75, 0x30, 0) <unfinished ...>
19796 19:04:35.595661 ioctl(4, _IOC(_IOC_NONE, 0x75, 0x30, 0), 0xfffff520e618) = 0 <0.000133>
19796 19:04:35.596118 ioctl(4, _IOC(_IOC_NONE, 0x75, 0x30, 0), 0xfffff520e608) = 0 <0.000138>
19796 19:04:35.596351 ioctl(4, _IOC(_IOC_NONE, 0x75, 0x30, 0), 0xfffff520e618) = 0 <0.000060>
19796 19:04:35.596480 ioctl(4, _IOC(_IOC_NONE, 0x75, 0x30, 0), 0xfffff520e618) = 0 <0.000058>
19796 19:04:35.596596 ioctl(4, _IOC(_IOC_NONE, 0x75, 0x30, 0), 0xfffff520e618) = 0 <0.000113>
19796 19:04:35.596776 ioctl(4, _IOC(_IOC_NONE, 0x75, 0x30, 0) <unfinished ...>
19795 19:04:35.597871 <... ioctl resumed>, 0xffffffffe9e8) = 0 <0.002605>
19795 19:04:35.598054 ioctl(4, _IOC(_IOC_NONE, 0x75, 0x30, 0), 0xffffffffec38) = 0 <0.000224>
19795 19:04:35.598377 futex(0xfffff7a216f8, FUTEX_WAKE_PRIVATE, 2147483647) = 0 <0.000019>
19795 19:04:35.598473 write(2, "INFO: invoked", 13) = 13 <0.000036>
19795 19:04:35.598596 write(2, "\n", 1) = 1 <0.000024>
19795 19:04:35.598724 write(2, "INFO: average time: 7.081 ms", 28) = 28 <0.000026>
19795 19:04:35.598826 write(2, "\n", 1) = 1 <0.000031>
19795 19:04:35.598980 openat(AT_FDCWD, "labels.txt", O_RDONLY) = 5 <0.000058>
19795 19:04:35.599156 read(5, "background\ntench\ngoldfish\ngreat white shark\ntiger shark\nhammerhead\nelectric ray\nstingray\ncock\nhen\nostrich\nbrambling\ngoldfinch\nhouse finch\njunco\nindigo bunting\nrobin\nbulbul\njay\nmagpie\nchickadee\nwater o"..., 8191) = 8191 <0.003497>
19795 19:04:35.603017 read(5, "emote control\nrestaurant\nrevolver\nrifle\nrocking chair\nrotisserie\nrubber eraser\nrugby ball\nrule\nrunning shoe\nsafe\nsafety pin\nsaltshaker\nsandal\nsarong\nsax\nscabbard\nscale\nschool bus\nschooner\nscoreboard\ns"..., 8191) = 2293 <0.000033>
19795 19:04:35.603214 read(5, "", 8191) = 0 <0.000023>
19795 19:04:35.603304 close(5)          = 0 <0.000026>
19795 19:04:35.603426 write(2, "INFO: 0.768627: 653 military uniform", 36) = 36 <0.000035>
19795 19:04:35.603543 write(2, "\n", 1) = 1 <0.000029>
19795 19:04:35.603672 write(2, "INFO: 0.105882: 907 Windsor tie", 31) = 31 <0.000029>
19795 19:04:35.603772 write(2, "\n", 1) = 1 <0.000030>
19795 19:04:35.603888 write(2, "INFO: 0.0196078: 458 bow tie", 28) = 28 <0.000029>
19795 19:04:35.603986 write(2, "\n", 1) = 1 <0.000026>
19795 19:04:35.604093 write(2, "INFO: 0.0117647: 466 bulletproof vest", 37) = 37 <0.000029>
19795 19:04:35.604188 write(2, "\n", 1) = 1 <0.000026>
19795 19:04:35.604292 write(2, "INFO: 0.00784314: 835 suit", 26) = 26 <0.000027>
19795 19:04:35.604385 write(2, "\n", 1) = 1 <0.000026>
19795 19:04:35.604876 ioctl(4, _IOC(_IOC_NONE, 0x75, 0x30, 0), 0xffffffffecf8) = 0 <0.000093>
19795 19:04:35.605064 ioctl(4, _IOC(_IOC_NONE, 0x75, 0x30, 0), 0xffffffffecf8) = 0 <0.000080>
19795 19:04:35.605270 ioctl(4, _IOC(_IOC_NONE, 0x75, 0x30, 0), 0xffffffffecf8) = 0 <0.000071>
19795 19:04:35.605403 ioctl(4, _IOC(_IOC_NONE, 0x75, 0x30, 0), 0xffffffffecf8) = 0 <0.000091>
19795 19:04:35.605683 ioctl(4, _IOC(_IOC_NONE, 0x75, 0x30, 0), 0xffffffffecf8) = 0 <0.000088>
19795 19:04:35.605916 ioctl(4, _IOC(_IOC_NONE, 0x75, 0x30, 0), 0xffffffffecf8) = 0 <0.000089>
19795 19:04:35.606203 ioctl(4, _IOC(_IOC_NONE, 0x75, 0x30, 0), 0xffffffffecf8) = 0 <0.000070>
19795 19:04:35.606336 ioctl(4, _IOC(_IOC_NONE, 0x75, 0x30, 0), 0xffffffffecf8) = 0 <0.000083>
19795 19:04:35.606576 ioctl(4, _IOC(_IOC_NONE, 0x75, 0x30, 0), 0xffffffffecf8) = 0 <0.000074>
19795 19:04:35.606711 ioctl(4, _IOC(_IOC_NONE, 0x75, 0x30, 0), 0xffffffffecf8) = 0 <0.000090>
19795 19:04:35.606943 ioctl(4, _IOC(_IOC_NONE, 0x75, 0x30, 0), 0xffffffffecf8) = 0 <0.000076>
19795 19:04:35.607080 ioctl(4, _IOC(_IOC_NONE, 0x75, 0x30, 0), 0xffffffffecf8) = 0 <0.000083>
19795 19:04:35.607294 ioctl(4, _IOC(_IOC_NONE, 0x75, 0x30, 0), 0xffffffffecf8) = 0 <0.000071>
19795 19:04:35.607425 ioctl(4, _IOC(_IOC_NONE, 0x75, 0x30, 0), 0xffffffffecf8) = 0 <0.000083>
19795 19:04:35.607636 ioctl(4, _IOC(_IOC_NONE, 0x75, 0x30, 0), 0xffffffffecf8) = 0 <0.000069>
19795 19:04:35.607766 ioctl(4, _IOC(_IOC_NONE, 0x75, 0x30, 0), 0xffffffffecf8) = 0 <0.000081>
19795 19:04:35.607974 ioctl(4, _IOC(_IOC_NONE, 0x75, 0x30, 0), 0xffffffffecf8) = 0 <0.000068>
19795 19:04:35.608107 ioctl(4, _IOC(_IOC_NONE, 0x75, 0x30, 0), 0xffffffffecf8) = 0 <0.000085>
19795 19:04:35.608317 ioctl(4, _IOC(_IOC_NONE, 0x75, 0x30, 0), 0xffffffffecf8) = 0 <0.000066>
19795 19:04:35.608445 ioctl(4, _IOC(_IOC_NONE, 0x75, 0x30, 0), 0xffffffffecf8) = 0 <0.000083>
19795 19:04:35.608654 ioctl(4, _IOC(_IOC_NONE, 0x75, 0x30, 0), 0xffffffffecf8) = 0 <0.000067>
19795 19:04:35.608780 ioctl(4, _IOC(_IOC_NONE, 0x75, 0x30, 0), 0xffffffffecf8) = 0 <0.000078>
19795 19:04:35.608990 ioctl(4, _IOC(_IOC_NONE, 0x75, 0x30, 0), 0xffffffffecf8) = 0 <0.000068>
19795 19:04:35.609122 ioctl(4, _IOC(_IOC_NONE, 0x75, 0x30, 0), 0xffffffffecf8) = 0 <0.000081>
19795 19:04:35.609331 ioctl(4, _IOC(_IOC_NONE, 0x75, 0x30, 0), 0xffffffffecf8) = 0 <0.000068>
19795 19:04:35.609460 ioctl(4, _IOC(_IOC_NONE, 0x75, 0x30, 0), 0xffffffffecf8) = 0 <0.000082>
19795 19:04:35.609855 ioctl(4, _IOC(_IOC_NONE, 0x75, 0x30, 0), 0xffffffffecf8) = 0 <0.000089>
19795 19:04:35.610027 ioctl(4, _IOC(_IOC_NONE, 0x75, 0x30, 0), 0xffffffffecf8) = 0 <0.000087>
19795 19:04:35.610316 ioctl(4, _IOC(_IOC_NONE, 0x75, 0x30, 0), 0xffffffffecf8) = 0 <0.000083>
19795 19:04:35.610476 ioctl(4, _IOC(_IOC_NONE, 0x75, 0x30, 0), 0xffffffffecf8) = 0 <0.000090>
19795 19:04:35.610782 ioctl(4, _IOC(_IOC_NONE, 0x75, 0x30, 0), 0xffffffffecf8) = 0 <0.000080>
19795 19:04:35.610942 ioctl(4, _IOC(_IOC_NONE, 0x75, 0x30, 0), 0xffffffffe998) = 0 <0.000055>
19795 19:04:35.611064 ioctl(4, _IOC(_IOC_NONE, 0x75, 0x30, 0), 0xffffffffea08) = 0 <0.000094>
19795 19:04:35.611218 ioctl(4, _IOC(_IOC_NONE, 0x75, 0x30, 0), 0xffffffffecf8) = 0 <0.000093>
19795 19:04:35.611542 ioctl(4, _IOC(_IOC_NONE, 0x75, 0x30, 0), 0xffffffffecf8) = 0 <0.000082>
19795 19:04:35.611700 ioctl(4, _IOC(_IOC_NONE, 0x75, 0x30, 0), 0xffffffffecf8) = 0 <0.000086>
19795 19:04:35.612002 ioctl(4, _IOC(_IOC_NONE, 0x75, 0x30, 0), 0xffffffffecf8) = 0 <0.000078>
19795 19:04:35.612156 ioctl(4, _IOC(_IOC_NONE, 0x75, 0x30, 0), 0xffffffffecf8) = 0 <0.000092>
19795 19:04:35.612464 ioctl(4, _IOC(_IOC_NONE, 0x75, 0x30, 0), 0xffffffffecf8) = 0 <0.000079>
19795 19:04:35.612617 ioctl(4, _IOC(_IOC_NONE, 0x75, 0x30, 0), 0xffffffffecf8) = 0 <0.000087>
19795 19:04:35.612918 ioctl(4, _IOC(_IOC_NONE, 0x75, 0x30, 0), 0xffffffffecf8) = 0 <0.000079>
19795 19:04:35.613073 ioctl(4, _IOC(_IOC_NONE, 0x75, 0x30, 0), 0xffffffffecf8) = 0 <0.000091>
19795 19:04:35.613375 ioctl(4, _IOC(_IOC_NONE, 0x75, 0x30, 0), 0xffffffffecf8) = 0 <0.000077>
19795 19:04:35.613524 ioctl(4, _IOC(_IOC_NONE, 0x75, 0x30, 0) <unfinished ...>
19796 19:04:35.613641 <... ioctl resumed>, 0xfffff520e618) = 0 <0.016836>
19795 19:04:35.613753 <... ioctl resumed>, 0xffffffffecf8) = 0 <0.000204>
19796 19:04:35.613788 ioctl(4, _IOC(_IOC_NONE, 0x75, 0x30, 0) <unfinished ...>
19795 19:04:35.614013 ioctl(4, _IOC(_IOC_NONE, 0x75, 0x30, 0) <unfinished ...>
19796 19:04:35.614055 <... ioctl resumed>, 0xfffff520e618) = 0 <0.000244>
19796 19:04:35.614113 ioctl(4, _IOC(_IOC_NONE, 0x75, 0x30, 0) <unfinished ...>
19795 19:04:35.614242 <... ioctl resumed>, 0xffffffffecf8) = 0 <0.000193>
19795 19:04:35.614292 ioctl(4, _IOC(_IOC_NONE, 0x75, 0x30, 0), 0xffffffffecf8) = 0 <0.000085>
19795 19:04:35.614600 ioctl(4, _IOC(_IOC_NONE, 0x75, 0x30, 0) <unfinished ...>
19796 19:04:35.614675 <... ioctl resumed>, 0xfffff520e608) = 0 <0.000506>
19796 19:04:35.614726 ioctl(4, _IOC(_IOC_NONE, 0x75, 0x30, 0) <unfinished ...>
19795 19:04:35.614794 <... ioctl resumed>, 0xffffffffecf8) = 0 <0.000162>
19796 19:04:35.614820 <... ioctl resumed>, 0xfffff520e618) = 0 <0.000072>
19795 19:04:35.614869 ioctl(4, _IOC(_IOC_NONE, 0x75, 0x30, 0) <unfinished ...>
19796 19:04:35.614895 ioctl(4, _IOC(_IOC_NONE, 0x75, 0x30, 0) <unfinished ...>
19795 19:04:35.615000 <... ioctl resumed>, 0xffffffffecf8) = 0 <0.000109>
19795 19:04:35.615211 ioctl(4, _IOC(_IOC_NONE, 0x75, 0x30, 0), 0xffffffffecf8) = 0 <0.000071>
19795 19:04:35.615347 ioctl(4, _IOC(_IOC_NONE, 0x75, 0x30, 0), 0xffffffffecf8) = 0 <0.000085>
19795 19:04:35.615653 ioctl(4, _IOC(_IOC_NONE, 0x75, 0x30, 0), 0xffffffffecf8) = 0 <0.000077>
19795 19:04:35.615798 ioctl(4, _IOC(_IOC_NONE, 0x75, 0x30, 0), 0xffffffffecf8) = 0 <0.000084>
19795 19:04:35.616072 ioctl(4, _IOC(_IOC_NONE, 0x75, 0x30, 0), 0xffffffffecf8) = 0 <0.000074>
19795 19:04:35.616210 ioctl(4, _IOC(_IOC_NONE, 0x75, 0x30, 0), 0xffffffffecf8) = 0 <0.000087>
19795 19:04:35.616561 ioctl(4, _IOC(_IOC_NONE, 0x75, 0x30, 0), 0xffffffffecf8) = 0 <0.000081>
19795 19:04:35.616710 ioctl(4, _IOC(_IOC_NONE, 0x75, 0x30, 0), 0xffffffffecf8) = 0 <0.000087>
19795 19:04:35.616921 ioctl(4, _IOC(_IOC_NONE, 0x75, 0x30, 0), 0xffffffffecf8) = 0 <0.000072>
19795 19:04:35.617058 ioctl(4, _IOC(_IOC_NONE, 0x75, 0x30, 0), 0xffffffffecf8) = 0 <0.000087>
19795 19:04:35.617279 ioctl(4, _IOC(_IOC_NONE, 0x75, 0x30, 0), 0xffffffffecf8) = 0 <0.000072>
19795 19:04:35.617415 ioctl(4, _IOC(_IOC_NONE, 0x75, 0x30, 0), 0xffffffffecf8) = 0 <0.000084>
19795 19:04:35.617692 ioctl(4, _IOC(_IOC_NONE, 0x75, 0x30, 0), 0xffffffffecf8) = 0 <0.000082>
19795 19:04:35.617870 ioctl(4, _IOC(_IOC_NONE, 0x75, 0x30, 0), 0xffffffffecf8) = 0 <0.000085>
19795 19:04:35.618110 ioctl(4, _IOC(_IOC_NONE, 0x75, 0x30, 0), 0xffffffffecf8) = 0 <0.000072>
19795 19:04:35.618244 ioctl(4, _IOC(_IOC_NONE, 0x75, 0x30, 0), 0xffffffffecf8) = 0 <0.000084>
19795 19:04:35.618473 ioctl(4, _IOC(_IOC_NONE, 0x75, 0x30, 0), 0xffffffffecf8) = 0 <0.000070>
19795 19:04:35.618610 ioctl(4, _IOC(_IOC_NONE, 0x75, 0x30, 0), 0xffffffffe998) = 0 <0.000052>
19795 19:04:35.618717 ioctl(4, _IOC(_IOC_NONE, 0x75, 0x30, 0), 0xffffffffea08) = 0 <0.000062>
19796 19:04:35.618818 <... ioctl resumed>, 0xfffff520e618) = 0 <0.003904>
19795 19:04:35.618865 ioctl(4, _IOC(_IOC_NONE, 0x75, 0x30, 0) <unfinished ...>
19796 19:04:35.618964 ioctl(4, _IOC(_IOC_NONE, 0x75, 0x30, 0) <unfinished ...>
19795 19:04:35.618994 <... ioctl resumed>, 0xffffffffecf8) = 0 <0.000107>
19796 19:04:35.619038 <... ioctl resumed>, 0xfffff520e618) = 0 <0.000053>
19796 19:04:35.619082 ioctl(4, _IOC(_IOC_NONE, 0x75, 0x30, 0) <unfinished ...>
19795 19:04:35.619239 ioctl(4, _IOC(_IOC_NONE, 0x75, 0x30, 0), 0xffffffffecf8) = 0 <0.000067>
19795 19:04:35.619369 ioctl(4, _IOC(_IOC_NONE, 0x75, 0x30, 0), 0xffffffffecf8) = 0 <0.000088>
19796 19:04:35.619592 <... ioctl resumed>, 0xfffff520e608) = 0 <0.000487>
19795 19:04:35.619706 ioctl(4, _IOC(_IOC_NONE, 0x75, 0x30, 0) <unfinished ...>
19796 19:04:35.619739 ioctl(4, _IOC(_IOC_NONE, 0x75, 0x30, 0) <unfinished ...>
19795 19:04:35.619835 <... ioctl resumed>, 0xffffffffecf8) = 0 <0.000100>
19796 19:04:35.619864 <... ioctl resumed>, 0xfffff520e618) = 0 <0.000105>
19795 19:04:35.619912 ioctl(4, _IOC(_IOC_NONE, 0x75, 0x30, 0) <unfinished ...>
19796 19:04:35.620016 ioctl(4, _IOC(_IOC_NONE, 0x75, 0x30, 0) <unfinished ...>
19795 19:04:35.620053 <... ioctl resumed>, 0xffffffffecf8) = 0 <0.000119>
19795 19:04:35.620278 ioctl(4, _IOC(_IOC_NONE, 0x75, 0x30, 0), 0xffffffffecf8) = 0 <0.000075>
19795 19:04:35.620424 ioctl(4, _IOC(_IOC_NONE, 0x75, 0x30, 0), 0xffffffffecf8) = 0 <0.000086>
19795 19:04:35.620693 ioctl(4, _IOC(_IOC_NONE, 0x75, 0x30, 0), 0xffffffffecf8) = 0 <0.000078>
19795 19:04:35.620890 ioctl(4, _IOC(_IOC_NONE, 0x75, 0x30, 0), 0xffffffffecf8) = 0 <0.000088>
19795 19:04:35.621195 ioctl(4, _IOC(_IOC_NONE, 0x75, 0x30, 0), 0xffffffffecf8) = 0 <0.000080>
19795 19:04:35.621352 ioctl(4, _IOC(_IOC_NONE, 0x75, 0x30, 0), 0xffffffffecf8) = 0 <0.000093>
19795 19:04:35.621739 ioctl(4, _IOC(_IOC_NONE, 0x75, 0x30, 0), 0xffffffffecf8) = 0 <0.000091>
19795 19:04:35.621924 ioctl(4, _IOC(_IOC_NONE, 0x75, 0x30, 0), 0xffffffffecf8) = 0 <0.000089>
19795 19:04:35.622248 ioctl(4, _IOC(_IOC_NONE, 0x75, 0x30, 0), 0xffffffffecf8) = 0 <0.000081>
19795 19:04:35.622404 ioctl(4, _IOC(_IOC_NONE, 0x75, 0x30, 0), 0xffffffffecf8) = 0 <0.000092>
19795 19:04:35.622798 ioctl(4, _IOC(_IOC_NONE, 0x75, 0x30, 0), 0xffffffffecf8) = 0 <0.000088>
19795 19:04:35.622970 ioctl(4, _IOC(_IOC_NONE, 0x75, 0x30, 0), 0xffffffffecf8) = 0 <0.000089>
19795 19:04:35.623260 ioctl(4, _IOC(_IOC_NONE, 0x75, 0x30, 0), 0xffffffffecf8) = 0 <0.000083>
19795 19:04:35.623418 ioctl(4, _IOC(_IOC_NONE, 0x75, 0x30, 0), 0xffffffffecf8) = 0 <0.000091>
19795 19:04:35.623714 ioctl(4, _IOC(_IOC_NONE, 0x75, 0x30, 0), 0xffffffffecf8) = 0 <0.000078>
19795 19:04:35.623865 ioctl(4, _IOC(_IOC_NONE, 0x75, 0x30, 0), 0xffffffffecf8) = 0 <0.000092>
19795 19:04:35.624152 ioctl(4, _IOC(_IOC_NONE, 0x75, 0x30, 0), 0xffffffffecf8) = 0 <0.000079>
19795 19:04:35.624304 ioctl(4, _IOC(_IOC_NONE, 0x75, 0x30, 0), 0xffffffffecf8) = 0 <0.000088>
19795 19:04:35.624587 ioctl(4, _IOC(_IOC_NONE, 0x75, 0x30, 0), 0xffffffffecf8) = 0 <0.000074>
19795 19:04:35.624729 ioctl(4, _IOC(_IOC_NONE, 0x75, 0x30, 0), 0xffffffffecf8) = 0 <0.000090>
19795 19:04:35.625014 ioctl(4, _IOC(_IOC_NONE, 0x75, 0x30, 0), 0xffffffffecf8) = 0 <0.000074>
19795 19:04:35.625159 ioctl(4, _IOC(_IOC_NONE, 0x75, 0x30, 0), 0xffffffffecf8) = 0 <0.000086>
19795 19:04:35.625453 ioctl(4, _IOC(_IOC_NONE, 0x75, 0x30, 0), 0xffffffffecf8) = 0 <0.000107>
19795 19:04:35.625662 ioctl(4, _IOC(_IOC_NONE, 0x75, 0x30, 0), 0xffffffffecf8) = 0 <0.000094>
19795 19:04:35.625981 ioctl(4, _IOC(_IOC_NONE, 0x75, 0x30, 0), 0xffffffffecf8) = 0 <0.000077>
19795 19:04:35.626130 ioctl(4, _IOC(_IOC_NONE, 0x75, 0x30, 0), 0xffffffffecf8) = 0 <0.000084>
19795 19:04:35.626410 ioctl(4, _IOC(_IOC_NONE, 0x75, 0x30, 0), 0xffffffffecf8) = 0 <0.000073>
19795 19:04:35.626557 ioctl(4, _IOC(_IOC_NONE, 0x75, 0x30, 0), 0xffffffffe998) = 0 <0.000053>
19795 19:04:35.626668 ioctl(4, _IOC(_IOC_NONE, 0x75, 0x30, 0), 0xffffffffea08) = 0 <0.000064>
19796 19:04:35.626774 <... ioctl resumed>, 0xfffff520e618) = 0 <0.006733>
19795 19:04:35.626825 ioctl(4, _IOC(_IOC_NONE, 0x75, 0x30, 0) <unfinished ...>
19796 19:04:35.626931 ioctl(4, _IOC(_IOC_NONE, 0x75, 0x30, 0) <unfinished ...>
19795 19:04:35.626967 <... ioctl resumed>, 0xffffffffecf8) = 0 <0.000119>
19796 19:04:35.627012 <... ioctl resumed>, 0xfffff520e618) = 0 <0.000057>
19796 19:04:35.627058 ioctl(4, _IOC(_IOC_NONE, 0x75, 0x30, 0) <unfinished ...>
19795 19:04:35.627275 ioctl(4, _IOC(_IOC_NONE, 0x75, 0x30, 0), 0xffffffffecf8) = 0 <0.000077>
19795 19:04:35.627429 ioctl(4, _IOC(_IOC_NONE, 0x75, 0x30, 0), 0xffffffffecf8) = 0 <0.000084>
19796 19:04:35.627571 <... ioctl resumed>, 0xfffff520e608) = 0 <0.000481>
19795 19:04:35.627812 ioctl(4, _IOC(_IOC_NONE, 0x75, 0x30, 0) <unfinished ...>
19796 19:04:35.627855 ioctl(4, _IOC(_IOC_NONE, 0x75, 0x30, 0), 0xfffff520e618) = 0 <0.000071>
19796 19:04:35.627989 ioctl(4, _IOC(_IOC_NONE, 0x75, 0x30, 0) <unfinished ...>
19795 19:04:35.628041 <... ioctl resumed>, 0xffffffffecf8) = 0 <0.000192>
19795 19:04:35.628089 ioctl(4, _IOC(_IOC_NONE, 0x75, 0x30, 0), 0xffffffffecf8) = 0 <0.000088>
19795 19:04:35.628402 ioctl(4, _IOC(_IOC_NONE, 0x75, 0x30, 0), 0xffffffffecf8) = 0 <0.000071>
19795 19:04:35.628541 ioctl(4, _IOC(_IOC_NONE, 0x75, 0x30, 0), 0xffffffffecf8) = 0 <0.000084>
19795 19:04:35.628839 ioctl(4, _IOC(_IOC_NONE, 0x75, 0x30, 0), 0xffffffffecf8) = 0 <0.000077>
19795 19:04:35.628990 ioctl(4, _IOC(_IOC_NONE, 0x75, 0x30, 0), 0xffffffffecf8) = 0 <0.000091>
19795 19:04:35.629386 ioctl(4, _IOC(_IOC_NONE, 0x75, 0x30, 0), 0xffffffffecf8) = 0 <0.000085>
19795 19:04:35.629639 ioctl(4, _IOC(_IOC_NONE, 0x75, 0x30, 0), 0xffffffffecf8) = 0 <0.000099>
19795 19:04:35.630007 ioctl(4, _IOC(_IOC_NONE, 0x75, 0x30, 0), 0xffffffffecf8) = 0 <0.000083>
19795 19:04:35.630171 ioctl(4, _IOC(_IOC_NONE, 0x75, 0x30, 0), 0xffffffffecf8) = 0 <0.000092>
19795 19:04:35.630473 ioctl(4, _IOC(_IOC_NONE, 0x75, 0x30, 0), 0xffffffffecf8) = 0 <0.000077>
19795 19:04:35.630620 ioctl(4, _IOC(_IOC_NONE, 0x75, 0x30, 0), 0xffffffffecf8) = 0 <0.000089>
19795 19:04:35.630907 ioctl(4, _IOC(_IOC_NONE, 0x75, 0x30, 0), 0xffffffffecf8) = 0 <0.000076>
19795 19:04:35.631055 ioctl(4, _IOC(_IOC_NONE, 0x75, 0x30, 0), 0xffffffffecf8) = 0 <0.000088>
19795 19:04:35.631336 ioctl(4, _IOC(_IOC_NONE, 0x75, 0x30, 0), 0xffffffffecf8) = 0 <0.000078>
19795 19:04:35.631486 ioctl(4, _IOC(_IOC_NONE, 0x75, 0x30, 0), 0xffffffffecf8) = 0 <0.000089>
19795 19:04:35.631772 ioctl(4, _IOC(_IOC_NONE, 0x75, 0x30, 0), 0xffffffffecf8) = 0 <0.000077>
19795 19:04:35.631916 ioctl(4, _IOC(_IOC_NONE, 0x75, 0x30, 0), 0xffffffffecf8) = 0 <0.000086>
19795 19:04:35.632203 ioctl(4, _IOC(_IOC_NONE, 0x75, 0x30, 0), 0xffffffffecf8) = 0 <0.000080>
19795 19:04:35.632394 ioctl(4, _IOC(_IOC_NONE, 0x75, 0x30, 0), 0xffffffffecf8) = 0 <0.000090>
19795 19:04:35.632715 ioctl(4, _IOC(_IOC_NONE, 0x75, 0x30, 0), 0xffffffffecf8) = 0 <0.000079>
19795 19:04:35.632861 ioctl(4, _IOC(_IOC_NONE, 0x75, 0x30, 0), 0xffffffffecf8) = 0 <0.000085>
19795 19:04:35.633141 ioctl(4, _IOC(_IOC_NONE, 0x75, 0x30, 0), 0xffffffffecf8) = 0 <0.000074>
19795 19:04:35.633282 ioctl(4, _IOC(_IOC_NONE, 0x75, 0x30, 0), 0xffffffffecf8) = 0 <0.000091>
19795 19:04:35.633554 ioctl(4, _IOC(_IOC_NONE, 0x75, 0x30, 0), 0xffffffffecf8) = 0 <0.000085>
19795 19:04:35.633757 ioctl(4, _IOC(_IOC_NONE, 0x75, 0x30, 0), 0xffffffffecf8) = 0 <0.000090>
19795 19:04:35.634061 ioctl(4, _IOC(_IOC_NONE, 0x75, 0x30, 0), 0xffffffffecf8) = 0 <0.000079>
19795 19:04:35.634208 ioctl(4, _IOC(_IOC_NONE, 0x75, 0x30, 0), 0xffffffffecf8) = 0 <0.000089>
19795 19:04:35.634497 ioctl(4, _IOC(_IOC_NONE, 0x75, 0x30, 0), 0xffffffffecf8) = 0 <0.000079>
19795 19:04:35.634647 ioctl(4, _IOC(_IOC_NONE, 0x75, 0x30, 0), 0xffffffffe998) = 0 <0.000053>
19795 19:04:35.634761 ioctl(4, _IOC(_IOC_NONE, 0x75, 0x30, 0), 0xffffffffea08) = 0 <0.000067>
19796 19:04:35.634870 <... ioctl resumed>, 0xfffff520e618) = 0 <0.006858>
19795 19:04:35.634921 ioctl(4, _IOC(_IOC_NONE, 0x75, 0x30, 0) <unfinished ...>
19796 19:04:35.635024 ioctl(4, _IOC(_IOC_NONE, 0x75, 0x30, 0) <unfinished ...>
19795 19:04:35.635056 <... ioctl resumed>, 0xffffffffecf8) = 0 <0.000113>
19796 19:04:35.635099 <... ioctl resumed>, 0xfffff520e618) = 0 <0.000052>
19796 19:04:35.635147 ioctl(4, _IOC(_IOC_NONE, 0x75, 0x30, 0) <unfinished ...>
19795 19:04:35.635371 ioctl(4, _IOC(_IOC_NONE, 0x75, 0x30, 0), 0xffffffffecf8) = 0 <0.000076>
19795 19:04:35.635524 ioctl(4, _IOC(_IOC_NONE, 0x75, 0x30, 0), 0xffffffffecf8) = 0 <0.000094>
19796 19:04:35.635663 <... ioctl resumed>, 0xfffff520e608) = 0 <0.000493>
19795 19:04:35.635960 ioctl(4, _IOC(_IOC_NONE, 0x75, 0x30, 0) <unfinished ...>
19796 19:04:35.636012 ioctl(4, _IOC(_IOC_NONE, 0x75, 0x30, 0), 0xfffff520e618) = 0 <0.000069>
19795 19:04:35.645616 <... ioctl resumed>, 0xffffffffecf8) = 0 <0.000148>
19796 19:04:35.645710 ioctl(4, _IOC(_IOC_NONE, 0x75, 0x30, 0) <unfinished ...>
19795 19:04:35.645789 ioctl(4, _IOC(_IOC_NONE, 0x75, 0x30, 0), 0xffffffffecf8) = 0 <0.000097>
19795 19:04:35.646133 ioctl(4, _IOC(_IOC_NONE, 0x75, 0x30, 0), 0xffffffffecf8) = 0 <0.000084>
19795 19:04:35.646294 ioctl(4, _IOC(_IOC_NONE, 0x75, 0x30, 0), 0xffffffffecf8) = 0 <0.000093>
19795 19:04:35.646609 ioctl(4, _IOC(_IOC_NONE, 0x75, 0x30, 0), 0xffffffffecf8) = 0 <0.000079>
19795 19:04:35.646764 ioctl(4, _IOC(_IOC_NONE, 0x75, 0x30, 0), 0xffffffffecf8) = 0 <0.000089>
19795 19:04:35.647051 ioctl(4, _IOC(_IOC_NONE, 0x75, 0x30, 0), 0xffffffffecf8) = 0 <0.000079>
19795 19:04:35.647204 ioctl(4, _IOC(_IOC_NONE, 0x75, 0x30, 0), 0xffffffffecf8) = 0 <0.000087>
19795 19:04:35.647496 ioctl(4, _IOC(_IOC_NONE, 0x75, 0x30, 0), 0xffffffffecf8) = 0 <0.000082>
19795 19:04:35.647654 ioctl(4, _IOC(_IOC_NONE, 0x75, 0x30, 0), 0xffffffffecf8) = 0 <0.000095>
19795 19:04:35.648012 ioctl(4, _IOC(_IOC_NONE, 0x75, 0x30, 0), 0xffffffffecf8) = 0 <0.000082>
19795 19:04:35.648173 ioctl(4, _IOC(_IOC_NONE, 0x75, 0x30, 0), 0xffffffffecf8) = 0 <0.000087>
19795 19:04:35.648463 ioctl(4, _IOC(_IOC_NONE, 0x75, 0x30, 0), 0xffffffffecf8) = 0 <0.000080>
19795 19:04:35.648617 ioctl(4, _IOC(_IOC_NONE, 0x75, 0x30, 0), 0xffffffffecf8) = 0 <0.000087>
19795 19:04:35.648903 ioctl(4, _IOC(_IOC_NONE, 0x75, 0x30, 0), 0xffffffffecf8) = 0 <0.000077>
19795 19:04:35.649050 ioctl(4, _IOC(_IOC_NONE, 0x75, 0x30, 0), 0xffffffffecf8) = 0 <0.000085>
19795 19:04:35.649323 ioctl(4, _IOC(_IOC_NONE, 0x75, 0x30, 0), 0xffffffffecf8) = 0 <0.000078>
19795 19:04:35.649475 ioctl(4, _IOC(_IOC_NONE, 0x75, 0x30, 0), 0xffffffffecf8) = 0 <0.000123>
19795 19:04:35.649843 ioctl(4, _IOC(_IOC_NONE, 0x75, 0x30, 0), 0xffffffffecf8) = 0 <0.000080>
19795 19:04:35.650001 ioctl(4, _IOC(_IOC_NONE, 0x75, 0x30, 0), 0xffffffffecf8) = 0 <0.000087>
19795 19:04:35.650290 ioctl(4, _IOC(_IOC_NONE, 0x75, 0x30, 0), 0xffffffffecf8) = 0 <0.000082>
19795 19:04:35.650447 ioctl(4, _IOC(_IOC_NONE, 0x75, 0x30, 0), 0xffffffffecf8) = 0 <0.000090>
19795 19:04:35.650732 ioctl(4, _IOC(_IOC_NONE, 0x75, 0x30, 0), 0xffffffffecf8) = 0 <0.000077>
19795 19:04:35.653670 ioctl(4, _IOC(_IOC_NONE, 0x75, 0x30, 0), 0xffffffffecf8) = 0 <0.000114>
19795 19:04:35.654072 ioctl(4, _IOC(_IOC_NONE, 0x75, 0x30, 0), 0xffffffffecf8) = 0 <0.000086>
19795 19:04:35.654244 ioctl(4, _IOC(_IOC_NONE, 0x75, 0x30, 0), 0xffffffffecf8) = 0 <0.000090>
19795 19:04:35.654621 ioctl(4, _IOC(_IOC_NONE, 0x75, 0x30, 0), 0xffffffffecf8) = 0 <0.000080>
19795 19:04:35.654782 ioctl(4, _IOC(_IOC_NONE, 0x75, 0x30, 0), 0xffffffffecf8) = 0 <0.000086>
19795 19:04:35.655049 ioctl(4, _IOC(_IOC_NONE, 0x75, 0x30, 0), 0xffffffffecf8) = 0 <0.000077>
19795 19:04:35.655204 ioctl(4, _IOC(_IOC_NONE, 0x75, 0x30, 0), 0xffffffffe998) = 0 <0.000054>
19795 19:04:35.655323 ioctl(4, _IOC(_IOC_NONE, 0x75, 0x30, 0), 0xffffffffea08) = 0 <0.000064>
19796 19:04:35.655431 <... ioctl resumed>, 0xfffff520e618) = 0 <0.009693>
19795 19:04:35.655484 ioctl(4, _IOC(_IOC_NONE, 0x75, 0x30, 0) <unfinished ...>
19796 19:04:35.655513 ioctl(4, _IOC(_IOC_NONE, 0x75, 0x30, 0), 0xfffff520e618) = 0 <0.000054>
19796 19:04:35.655628 ioctl(4, _IOC(_IOC_NONE, 0x75, 0x30, 0) <unfinished ...>
19795 19:04:35.655708 <... ioctl resumed>, 0xffffffffecf8) = 0 <0.000199>
19795 19:04:35.655932 ioctl(4, _IOC(_IOC_NONE, 0x75, 0x30, 0), 0xffffffffecf8) = 0 <0.000082>
19795 19:04:35.656088 ioctl(4, _IOC(_IOC_NONE, 0x75, 0x30, 0) <unfinished ...>
19796 19:04:35.656129 <... ioctl resumed>, 0xfffff520e608) = 0 <0.000467>
19795 19:04:35.656236 <... ioctl resumed>, 0xffffffffecf8) = 0 <0.000125>
19795 19:04:35.656429 ioctl(4, _IOC(_IOC_NONE, 0x75, 0x30, 0), 0xffffffffecf8) = 0 <0.000071>
19795 19:04:35.656563 ioctl(4, _IOC(_IOC_NONE, 0x75, 0x30, 0), 0xffffffffecf8) = 0 <0.000079>
19795 19:04:35.656803 ioctl(4, _IOC(_IOC_NONE, 0x75, 0x30, 0), 0xffffffffecf8) = 0 <0.000069>
19795 19:04:35.656934 ioctl(4, _IOC(_IOC_NONE, 0x75, 0x30, 0), 0xffffffffecf8) = 0 <0.000082>
19795 19:04:35.657166 ioctl(4, _IOC(_IOC_NONE, 0x75, 0x30, 0), 0xffffffffecf8) = 0 <0.000070>
19795 19:04:35.657298 ioctl(4, _IOC(_IOC_NONE, 0x75, 0x30, 0), 0xffffffffecf8) = 0 <0.000083>
19795 19:04:35.657551 ioctl(4, _IOC(_IOC_NONE, 0x75, 0x30, 0) <unfinished ...>
19796 19:04:35.657670 ioctl(4, _IOC(_IOC_NONE, 0x75, 0x30, 0), 0xfffff520e618) = 0 <0.000065>
19796 19:04:35.657801 ioctl(4, _IOC(_IOC_NONE, 0x75, 0x30, 0) <unfinished ...>
19795 19:04:35.657857 <... ioctl resumed>, 0xffffffffecf8) = 0 <0.000200>
19795 19:04:35.657905 ioctl(4, _IOC(_IOC_NONE, 0x75, 0x30, 0), 0xffffffffecf8) = 0 <0.000086>
19795 19:04:35.658214 ioctl(4, _IOC(_IOC_NONE, 0x75, 0x30, 0), 0xffffffffecf8) = 0 <0.000077>
19795 19:04:35.658361 ioctl(4, _IOC(_IOC_NONE, 0x75, 0x30, 0), 0xffffffffecf8) = 0 <0.000082>
19795 19:04:35.658638 ioctl(4, _IOC(_IOC_NONE, 0x75, 0x30, 0), 0xffffffffecf8) = 0 <0.000075>
19795 19:04:35.658781 ioctl(4, _IOC(_IOC_NONE, 0x75, 0x30, 0), 0xffffffffecf8) = 0 <0.000096>
19795 19:04:35.659108 ioctl(4, _IOC(_IOC_NONE, 0x75, 0x30, 0), 0xffffffffecf8) = 0 <0.000073>
19795 19:04:35.659250 ioctl(4, _IOC(_IOC_NONE, 0x75, 0x30, 0), 0xffffffffecf8) = 0 <0.000082>
19795 19:04:35.659510 ioctl(4, _IOC(_IOC_NONE, 0x75, 0x30, 0), 0xffffffffecf8) = 0 <0.000074>
19795 19:04:35.659650 ioctl(4, _IOC(_IOC_NONE, 0x75, 0x30, 0), 0xffffffffecf8) = 0 <0.000085>
19795 19:04:35.659923 ioctl(4, _IOC(_IOC_NONE, 0x75, 0x30, 0), 0xffffffffecf8) = 0 <0.000074>
19795 19:04:35.660062 ioctl(4, _IOC(_IOC_NONE, 0x75, 0x30, 0), 0xffffffffecf8) = 0 <0.000082>
19795 19:04:35.660321 ioctl(4, _IOC(_IOC_NONE, 0x75, 0x30, 0), 0xffffffffecf8) = 0 <0.000074>
19795 19:04:35.660463 ioctl(4, _IOC(_IOC_NONE, 0x75, 0x30, 0), 0xffffffffecf8) = 0 <0.000091>
19795 19:04:35.660793 ioctl(4, _IOC(_IOC_NONE, 0x75, 0x30, 0), 0xffffffffecf8) = 0 <0.000078>
19795 19:04:35.660945 ioctl(4, _IOC(_IOC_NONE, 0x75, 0x30, 0), 0xffffffffecf8) = 0 <0.000083>
19795 19:04:35.661189 ioctl(4, _IOC(_IOC_NONE, 0x75, 0x30, 0), 0xffffffffecf8) = 0 <0.000075>
19795 19:04:35.661332 ioctl(4, _IOC(_IOC_NONE, 0x75, 0x30, 0), 0xffffffffecf8) = 0 <0.000087>
19795 19:04:35.661631 ioctl(4, _IOC(_IOC_NONE, 0x75, 0x30, 0), 0xffffffffecf8) = 0 <0.000080>
19795 19:04:35.661817 ioctl(4, _IOC(_IOC_NONE, 0x75, 0x30, 0), 0xffffffffecf8) = 0 <0.000085>
19795 19:04:35.662099 ioctl(4, _IOC(_IOC_NONE, 0x75, 0x30, 0), 0xffffffffecf8) = 0 <0.000068>
19795 19:04:35.662232 ioctl(4, _IOC(_IOC_NONE, 0x75, 0x30, 0), 0xffffffffecf8) = 0 <0.000083>
19795 19:04:35.662503 ioctl(4, _IOC(_IOC_NONE, 0x75, 0x30, 0), 0xffffffffecf8) = 0 <0.000072>
19795 19:04:35.662651 ioctl(4, _IOC(_IOC_NONE, 0x75, 0x30, 0), 0xffffffffe998) = 0 <0.000052>
19795 19:04:35.662766 ioctl(4, _IOC(_IOC_NONE, 0x75, 0x30, 0), 0xffffffffea08) = 0 <0.000063>
19796 19:04:35.662869 <... ioctl resumed>, 0xfffff520e618) = 0 <0.005045>
19795 19:04:35.662924 ioctl(4, _IOC(_IOC_NONE, 0x75, 0x30, 0) <unfinished ...>
19796 19:04:35.662952 ioctl(4, _IOC(_IOC_NONE, 0x75, 0x30, 0), 0xfffff520e618) = 0 <0.000055>
19795 19:04:35.663101 <... ioctl resumed>, 0xffffffffecf8) = 0 <0.000153>
19796 19:04:35.663133 ioctl(4, _IOC(_IOC_NONE, 0x75, 0x30, 0) <unfinished ...>
19795 19:04:35.663367 ioctl(4, _IOC(_IOC_NONE, 0x75, 0x30, 0), 0xffffffffecf8) = 0 <0.000077>
19795 19:04:35.663527 ioctl(4, _IOC(_IOC_NONE, 0x75, 0x30, 0), 0xffffffffecf8) = 0 <0.000090>
19796 19:04:35.663666 <... ioctl resumed>, 0xfffff520e608) = 0 <0.000511>
19795 19:04:35.663898 ioctl(4, _IOC(_IOC_NONE, 0x75, 0x30, 0) <unfinished ...>
19796 19:04:35.663943 ioctl(4, _IOC(_IOC_NONE, 0x75, 0x30, 0), 0xfffff520e618) = 0 <0.000060>
19796 19:04:35.664065 ioctl(4, _IOC(_IOC_NONE, 0x75, 0x30, 0) <unfinished ...>
19795 19:04:35.664118 <... ioctl resumed>, 0xffffffffecf8) = 0 <0.000183>
19795 19:04:35.664166 ioctl(4, _IOC(_IOC_NONE, 0x75, 0x30, 0), 0xffffffffecf8) = 0 <0.000086>
19795 19:04:35.664468 ioctl(4, _IOC(_IOC_NONE, 0x75, 0x30, 0), 0xffffffffecf8) = 0 <0.000081>
19795 19:04:35.664625 ioctl(4, _IOC(_IOC_NONE, 0x75, 0x30, 0), 0xffffffffecf8) = 0 <0.000088>
19795 19:04:35.664931 ioctl(4, _IOC(_IOC_NONE, 0x75, 0x30, 0), 0xffffffffecf8) = 0 <0.000079>
19795 19:04:35.665083 ioctl(4, _IOC(_IOC_NONE, 0x75, 0x30, 0), 0xffffffffecf8) = 0 <0.000091>
19795 19:04:35.665377 ioctl(4, _IOC(_IOC_NONE, 0x75, 0x30, 0), 0xffffffffecf8) = 0 <0.000078>
19795 19:04:35.665527 ioctl(4, _IOC(_IOC_NONE, 0x75, 0x30, 0), 0xffffffffecf8) = 0 <0.000115>
19795 19:04:35.665888 ioctl(4, _IOC(_IOC_NONE, 0x75, 0x30, 0), 0xffffffffecf8) = 0 <0.000083>
19795 19:04:35.666046 ioctl(4, _IOC(_IOC_NONE, 0x75, 0x30, 0), 0xffffffffecf8) = 0 <0.000092>
19795 19:04:35.666345 ioctl(4, _IOC(_IOC_NONE, 0x75, 0x30, 0), 0xffffffffecf8) = 0 <0.000075>
19795 19:04:35.666485 ioctl(4, _IOC(_IOC_NONE, 0x75, 0x30, 0), 0xffffffffecf8) = 0 <0.000084>
19795 19:04:35.666749 ioctl(4, _IOC(_IOC_NONE, 0x75, 0x30, 0), 0xffffffffecf8) = 0 <0.000074>
19795 19:04:35.666893 ioctl(4, _IOC(_IOC_NONE, 0x75, 0x30, 0), 0xffffffffecf8) = 0 <0.000082>
19795 19:04:35.667219 ioctl(4, _IOC(_IOC_NONE, 0x75, 0x30, 0), 0xffffffffecf8) = 0 <0.000082>
19795 19:04:35.667408 ioctl(4, _IOC(_IOC_NONE, 0x75, 0x30, 0), 0xffffffffecf8) = 0 <0.000089>
19795 19:04:35.667707 ioctl(4, _IOC(_IOC_NONE, 0x75, 0x30, 0), 0xffffffffecf8) = 0 <0.000083>
19795 19:04:35.667859 ioctl(4, _IOC(_IOC_NONE, 0x75, 0x30, 0), 0xffffffffecf8) = 0 <0.000086>
19795 19:04:35.668141 ioctl(4, _IOC(_IOC_NONE, 0x75, 0x30, 0), 0xffffffffecf8) = 0 <0.000078>
19795 19:04:35.668288 ioctl(4, _IOC(_IOC_NONE, 0x75, 0x30, 0), 0xffffffffecf8) = 0 <0.000090>
19795 19:04:35.668562 ioctl(4, _IOC(_IOC_NONE, 0x75, 0x30, 0), 0xffffffffecf8) = 0 <0.000076>
19795 19:04:35.668707 ioctl(4, _IOC(_IOC_NONE, 0x75, 0x30, 0), 0xffffffffecf8) = 0 <0.000087>
19795 19:04:35.668970 ioctl(4, _IOC(_IOC_NONE, 0x75, 0x30, 0), 0xffffffffecf8) = 0 <0.000075>
19795 19:04:35.669112 ioctl(4, _IOC(_IOC_NONE, 0x75, 0x30, 0), 0xffffffffecf8) = 0 <0.000088>
19795 19:04:35.669380 ioctl(4, _IOC(_IOC_NONE, 0x75, 0x30, 0), 0xffffffffecf8) = 0 <0.000077>
19795 19:04:35.669519 ioctl(4, _IOC(_IOC_NONE, 0x75, 0x30, 0), 0xffffffffecf8) = 0 <0.000121>
19795 19:04:35.669861 ioctl(4, _IOC(_IOC_NONE, 0x75, 0x30, 0), 0xffffffffecf8) = 0 <0.000080>
19795 19:04:35.670014 ioctl(4, _IOC(_IOC_NONE, 0x75, 0x30, 0), 0xffffffffecf8) = 0 <0.000089>
19795 19:04:35.670314 ioctl(4, _IOC(_IOC_NONE, 0x75, 0x30, 0), 0xffffffffecf8) = 0 <0.000081>
19795 19:04:35.670471 ioctl(4, _IOC(_IOC_NONE, 0x75, 0x30, 0), 0xffffffffe998) = 0 <0.000053>
19795 19:04:35.670585 ioctl(4, _IOC(_IOC_NONE, 0x75, 0x30, 0), 0xffffffffea08) = 0 <0.000062>
19796 19:04:35.670690 <... ioctl resumed>, 0xfffff520e618) = 0 <0.006601>
19795 19:04:35.670742 ioctl(4, _IOC(_IOC_NONE, 0x75, 0x30, 0) <unfinished ...>
19796 19:04:35.670848 ioctl(4, _IOC(_IOC_NONE, 0x75, 0x30, 0) <unfinished ...>
19795 19:04:35.670884 <... ioctl resumed>, 0xffffffffecf8) = 0 <0.000118>
19796 19:04:35.670928 <... ioctl resumed>, 0xfffff520e618) = 0 <0.000056>
19796 19:04:35.670977 ioctl(4, _IOC(_IOC_NONE, 0x75, 0x30, 0) <unfinished ...>
19795 19:04:35.671185 ioctl(4, _IOC(_IOC_NONE, 0x75, 0x30, 0), 0xffffffffecf8) = 0 <0.000072>
19795 19:04:35.671330 ioctl(4, _IOC(_IOC_NONE, 0x75, 0x30, 0), 0xffffffffecf8) = 0 <0.000090>
19796 19:04:35.671486 <... ioctl resumed>, 0xfffff520e608) = 0 <0.000486>
19795 19:04:35.671693 ioctl(4, _IOC(_IOC_NONE, 0x75, 0x30, 0) <unfinished ...>
19796 19:04:35.671732 ioctl(4, _IOC(_IOC_NONE, 0x75, 0x30, 0), 0xfffff520e618) = 0 <0.000059>
19796 19:04:35.671848 ioctl(4, _IOC(_IOC_NONE, 0x75, 0x30, 0) <unfinished ...>
19795 19:04:35.671899 <... ioctl resumed>, 0xffffffffecf8) = 0 <0.000173>
19795 19:04:35.671944 ioctl(4, _IOC(_IOC_NONE, 0x75, 0x30, 0), 0xffffffffecf8) = 0 <0.000081>
19795 19:04:35.672232 ioctl(4, _IOC(_IOC_NONE, 0x75, 0x30, 0), 0xffffffffecf8) = 0 <0.000078>
19795 19:04:35.672384 ioctl(4, _IOC(_IOC_NONE, 0x75, 0x30, 0), 0xffffffffecf8) = 0 <0.000086>
19795 19:04:35.672670 ioctl(4, _IOC(_IOC_NONE, 0x75, 0x30, 0), 0xffffffffecf8) = 0 <0.000073>
19795 19:04:35.672817 ioctl(4, _IOC(_IOC_NONE, 0x75, 0x30, 0), 0xffffffffecf8) = 0 <0.000080>
19795 19:04:35.673068 ioctl(4, _IOC(_IOC_NONE, 0x75, 0x30, 0), 0xffffffffecf8) = 0 <0.000073>
19795 19:04:35.673210 ioctl(4, _IOC(_IOC_NONE, 0x75, 0x30, 0), 0xffffffffecf8) = 0 <0.000087>
19795 19:04:35.673527 ioctl(4, _IOC(_IOC_NONE, 0x75, 0x30, 0), 0xffffffffecf8) = 0 <0.000135>
19795 19:04:35.673761 ioctl(4, _IOC(_IOC_NONE, 0x75, 0x30, 0), 0xffffffffecf8) = 0 <0.000091>
19795 19:04:35.674060 ioctl(4, _IOC(_IOC_NONE, 0x75, 0x30, 0), 0xffffffffecf8) = 0 <0.000075>
19795 19:04:35.674208 ioctl(4, _IOC(_IOC_NONE, 0x75, 0x30, 0), 0xffffffffecf8) = 0 <0.000088>
19795 19:04:35.674468 ioctl(4, _IOC(_IOC_NONE, 0x75, 0x30, 0), 0xffffffffecf8) = 0 <0.000073>
19795 19:04:35.674611 ioctl(4, _IOC(_IOC_NONE, 0x75, 0x30, 0), 0xffffffffecf8) = 0 <0.000084>
19795 19:04:35.674873 ioctl(4, _IOC(_IOC_NONE, 0x75, 0x30, 0), 0xffffffffecf8) = 0 <0.000074>
19795 19:04:35.675016 ioctl(4, _IOC(_IOC_NONE, 0x75, 0x30, 0), 0xffffffffecf8) = 0 <0.000085>
19795 19:04:35.675263 ioctl(4, _IOC(_IOC_NONE, 0x75, 0x30, 0), 0xffffffffecf8) = 0 <0.000072>
19795 19:04:35.675400 ioctl(4, _IOC(_IOC_NONE, 0x75, 0x30, 0), 0xffffffffecf8) = 0 <0.000088>
19795 19:04:35.675694 ioctl(4, _IOC(_IOC_NONE, 0x75, 0x30, 0), 0xffffffffecf8) = 0 <0.000077>
19795 19:04:35.675842 ioctl(4, _IOC(_IOC_NONE, 0x75, 0x30, 0), 0xffffffffecf8) = 0 <0.000084>
19795 19:04:35.676100 ioctl(4, _IOC(_IOC_NONE, 0x75, 0x30, 0), 0xffffffffecf8) = 0 <0.000073>
19795 19:04:35.676238 ioctl(4, _IOC(_IOC_NONE, 0x75, 0x30, 0), 0xffffffffecf8) = 0 <0.000091>
19795 19:04:35.676546 ioctl(4, _IOC(_IOC_NONE, 0x75, 0x30, 0), 0xffffffffecf8) = 0 <0.000084>
19795 19:04:35.676710 ioctl(4, _IOC(_IOC_NONE, 0x75, 0x30, 0), 0xffffffffecf8) = 0 <0.000088>
19795 19:04:35.677018 ioctl(4, _IOC(_IOC_NONE, 0x75, 0x30, 0), 0xffffffffecf8) = 0 <0.000079>
19795 19:04:35.677171 ioctl(4, _IOC(_IOC_NONE, 0x75, 0x30, 0), 0xffffffffecf8) = 0 <0.000079>
19795 19:04:35.677420 ioctl(4, _IOC(_IOC_NONE, 0x75, 0x30, 0), 0xffffffffecf8) = 0 <0.000073>
19795 19:04:35.677560 ioctl(4, _IOC(_IOC_NONE, 0x75, 0x30, 0), 0xffffffffecf8) = 0 <0.000090>
19795 19:04:35.677922 ioctl(4, _IOC(_IOC_NONE, 0x75, 0x30, 0), 0xffffffffecf8) = 0 <0.000079>
19795 19:04:35.678082 ioctl(4, _IOC(_IOC_NONE, 0x75, 0x30, 0), 0xffffffffe998) = 0 <0.000054>
19795 19:04:35.678199 ioctl(4, _IOC(_IOC_NONE, 0x75, 0x30, 0), 0xffffffffea08) = 0 <0.000061>
19796 19:04:35.678305 <... ioctl resumed>, 0xfffff520e618) = 0 <0.006436>
19795 19:04:35.678358 ioctl(4, _IOC(_IOC_NONE, 0x75, 0x30, 0) <unfinished ...>
19796 19:04:35.678464 ioctl(4, _IOC(_IOC_NONE, 0x75, 0x30, 0) <unfinished ...>
19795 19:04:35.678499 <... ioctl resumed>, 0xffffffffecf8) = 0 <0.000118>
19796 19:04:35.678541 <... ioctl resumed>, 0xfffff520e618) = 0 <0.000054>
19796 19:04:35.678588 ioctl(4, _IOC(_IOC_NONE, 0x75, 0x30, 0) <unfinished ...>
19795 19:04:35.678796 ioctl(4, _IOC(_IOC_NONE, 0x75, 0x30, 0), 0xffffffffecf8) = 0 <0.000077>
19795 19:04:35.678946 ioctl(4, _IOC(_IOC_NONE, 0x75, 0x30, 0), 0xffffffffecf8) = 0 <0.000082>
19796 19:04:35.679075 <... ioctl resumed>, 0xfffff520e608) = 0 <0.000460>
19795 19:04:35.679281 ioctl(4, _IOC(_IOC_NONE, 0x75, 0x30, 0), 0xffffffffecf8) = 0 <0.000076>
19795 19:04:35.679427 ioctl(4, _IOC(_IOC_NONE, 0x75, 0x30, 0), 0xffffffffecf8) = 0 <0.000086>
19795 19:04:35.679775 ioctl(4, _IOC(_IOC_NONE, 0x75, 0x30, 0), 0xffffffffecf8) = 0 <0.000080>
19795 19:04:35.679931 ioctl(4, _IOC(_IOC_NONE, 0x75, 0x30, 0), 0xffffffffecf8) = 0 <0.000087>
19795 19:04:35.680213 ioctl(4, _IOC(_IOC_NONE, 0x75, 0x30, 0), 0xffffffffecf8) = 0 <0.000079>
19795 19:04:35.680364 ioctl(4, _IOC(_IOC_NONE, 0x75, 0x30, 0), 0xffffffffecf8) = 0 <0.000088>
19795 19:04:35.680628 ioctl(4, _IOC(_IOC_NONE, 0x75, 0x30, 0), 0xffffffffecf8) = 0 <0.000077>
19795 19:04:35.680776 ioctl(4, _IOC(_IOC_NONE, 0x75, 0x30, 0), 0xffffffffecf8) = 0 <0.000090>
19795 19:04:35.681054 ioctl(4, _IOC(_IOC_NONE, 0x75, 0x30, 0), 0xffffffffecf8) = 0 <0.000074>
19795 19:04:35.681193 ioctl(4, _IOC(_IOC_NONE, 0x75, 0x30, 0), 0xffffffffecf8) = 0 <0.000084>
19795 19:04:35.681471 ioctl(4, _IOC(_IOC_NONE, 0x75, 0x30, 0), 0xffffffffecf8) = 0 <0.000112>
19796 19:04:35.681668 ioctl(4, _IOC(_IOC_NONE, 0x75, 0x30, 0) <unfinished ...>
19795 19:04:35.681726 ioctl(4, _IOC(_IOC_NONE, 0x75, 0x30, 0) <unfinished ...>
19796 19:04:35.681757 <... ioctl resumed>, 0xfffff520e618) = 0 <0.000060>
19796 19:04:35.681807 ioctl(4, _IOC(_IOC_NONE, 0x75, 0x30, 0) <unfinished ...>
19795 19:04:35.681913 <... ioctl resumed>, 0xffffffffecf8) = 0 <0.000164>
19795 19:04:35.682125 ioctl(4, _IOC(_IOC_NONE, 0x75, 0x30, 0), 0xffffffffecf8) = 0 <0.000075>
19795 19:04:35.682266 ioctl(4, _IOC(_IOC_NONE, 0x75, 0x30, 0), 0xffffffffecf8) = 0 <0.000085>
19795 19:04:35.682541 ioctl(4, _IOC(_IOC_NONE, 0x75, 0x30, 0), 0xffffffffecf8) = 0 <0.000079>
19795 19:04:35.682688 ioctl(4, _IOC(_IOC_NONE, 0x75, 0x30, 0), 0xffffffffecf8) = 0 <0.000089>
19795 19:04:35.682955 ioctl(4, _IOC(_IOC_NONE, 0x75, 0x30, 0), 0xffffffffecf8) = 0 <0.000074>
19795 19:04:35.683095 ioctl(4, _IOC(_IOC_NONE, 0x75, 0x30, 0), 0xffffffffecf8) = 0 <0.000088>
19795 19:04:35.683354 ioctl(4, _IOC(_IOC_NONE, 0x75, 0x30, 0), 0xffffffffecf8) = 0 <0.000074>
19795 19:04:35.683525 ioctl(4, _IOC(_IOC_NONE, 0x75, 0x30, 0), 0xffffffffecf8) = 0 <0.000091>
19795 19:04:35.683797 ioctl(4, _IOC(_IOC_NONE, 0x75, 0x30, 0), 0xffffffffecf8) = 0 <0.000076>
19795 19:04:35.683941 ioctl(4, _IOC(_IOC_NONE, 0x75, 0x30, 0), 0xffffffffecf8) = 0 <0.000086>
19795 19:04:35.684230 ioctl(4, _IOC(_IOC_NONE, 0x75, 0x30, 0), 0xffffffffecf8) = 0 <0.000075>
19795 19:04:35.684371 ioctl(4, _IOC(_IOC_NONE, 0x75, 0x30, 0), 0xffffffffecf8) = 0 <0.000086>
19795 19:04:35.684628 ioctl(4, _IOC(_IOC_NONE, 0x75, 0x30, 0), 0xffffffffecf8) = 0 <0.000073>
19795 19:04:35.684768 ioctl(4, _IOC(_IOC_NONE, 0x75, 0x30, 0), 0xffffffffecf8) = 0 <0.000084>
19795 19:04:35.685025 ioctl(4, _IOC(_IOC_NONE, 0x75, 0x30, 0), 0xffffffffecf8) = 0 <0.000074>
19795 19:04:35.685166 ioctl(4, _IOC(_IOC_NONE, 0x75, 0x30, 0), 0xffffffffecf8) = 0 <0.000090>
19795 19:04:35.685471 ioctl(4, _IOC(_IOC_NONE, 0x75, 0x30, 0), 0xffffffffecf8) = 0 <0.000101>
19795 19:04:35.685678 ioctl(4, _IOC(_IOC_NONE, 0x75, 0x30, 0), 0xffffffffe998) = 0 <0.000057>
19795 19:04:35.685802 ioctl(4, _IOC(_IOC_NONE, 0x75, 0x30, 0), 0xffffffffea08) = 0 <0.000062>
19796 19:04:35.685906 <... ioctl resumed>, 0xfffff520e618) = 0 <0.004078>
19795 19:04:35.685955 ioctl(4, _IOC(_IOC_NONE, 0x75, 0x30, 0) <unfinished ...>
19796 19:04:35.686060 ioctl(4, _IOC(_IOC_NONE, 0x75, 0x30, 0) <unfinished ...>
19795 19:04:35.686094 <... ioctl resumed>, 0xffffffffecf8) = 0 <0.000116>
19796 19:04:35.686137 <... ioctl resumed>, 0xfffff520e618) = 0 <0.000053>
19796 19:04:35.686186 ioctl(4, _IOC(_IOC_NONE, 0x75, 0x30, 0) <unfinished ...>
19795 19:04:35.686401 ioctl(4, _IOC(_IOC_NONE, 0x75, 0x30, 0), 0xffffffffecf8) = 0 <0.000081>
19795 19:04:35.686560 ioctl(4, _IOC(_IOC_NONE, 0x75, 0x30, 0), 0xffffffffecf8) = 0 <0.000091>
19796 19:04:35.686700 <... ioctl resumed>, 0xfffff520e608) = 0 <0.000492>
19796 19:04:35.686762 ioctl(4, _IOC(_IOC_NONE, 0x75, 0x30, 0) <unfinished ...>
19795 19:04:35.686968 ioctl(4, _IOC(_IOC_NONE, 0x75, 0x30, 0) <unfinished ...>
19796 19:04:35.687007 <... ioctl resumed>, 0xfffff520e618) = 0 <0.000220>
19796 19:04:35.687059 ioctl(4, _IOC(_IOC_NONE, 0x75, 0x30, 0) <unfinished ...>
19795 19:04:35.687141 <... ioctl resumed>, 0xffffffffecf8) = 0 <0.000140>
19795 19:04:35.687188 ioctl(4, _IOC(_IOC_NONE, 0x75, 0x30, 0), 0xffffffffecf8) = 0 <0.000084>
19795 19:04:35.687484 ioctl(4, _IOC(_IOC_NONE, 0x75, 0x30, 0), 0xffffffffecf8) = 0 <0.000083>
19795 19:04:35.687642 ioctl(4, _IOC(_IOC_NONE, 0x75, 0x30, 0), 0xffffffffecf8) = 0 <0.000084>
19795 19:04:35.687937 ioctl(4, _IOC(_IOC_NONE, 0x75, 0x30, 0), 0xffffffffecf8) = 0 <0.000081>
19795 19:04:35.688096 ioctl(4, _IOC(_IOC_NONE, 0x75, 0x30, 0), 0xffffffffecf8) = 0 <0.000090>
19795 19:04:35.688412 ioctl(4, _IOC(_IOC_NONE, 0x75, 0x30, 0), 0xffffffffecf8) = 0 <0.000083>
19795 19:04:35.688573 ioctl(4, _IOC(_IOC_NONE, 0x75, 0x30, 0), 0xffffffffecf8) = 0 <0.000087>
19795 19:04:35.688854 ioctl(4, _IOC(_IOC_NONE, 0x75, 0x30, 0), 0xffffffffecf8) = 0 <0.000075>
19795 19:04:35.689003 ioctl(4, _IOC(_IOC_NONE, 0x75, 0x30, 0), 0xffffffffecf8) = 0 <0.000089>
19795 19:04:35.689286 ioctl(4, _IOC(_IOC_NONE, 0x75, 0x30, 0), 0xffffffffecf8) = 0 <0.000076>
19795 19:04:35.689431 ioctl(4, _IOC(_IOC_NONE, 0x75, 0x30, 0), 0xffffffffecf8) = 0 <0.000090>
19795 19:04:35.689754 ioctl(4, _IOC(_IOC_NONE, 0x75, 0x30, 0), 0xffffffffecf8) = 0 <0.000083>
19795 19:04:35.689922 ioctl(4, _IOC(_IOC_NONE, 0x75, 0x30, 0), 0xffffffffecf8) = 0 <0.000086>
19795 19:04:35.690198 ioctl(4, _IOC(_IOC_NONE, 0x75, 0x30, 0), 0xffffffffecf8) = 0 <0.000074>
19795 19:04:35.690339 ioctl(4, _IOC(_IOC_NONE, 0x75, 0x30, 0), 0xffffffffecf8) = 0 <0.000082>
19795 19:04:35.690632 ioctl(4, _IOC(_IOC_NONE, 0x75, 0x30, 0), 0xffffffffecf8) = 0 <0.000078>
19795 19:04:35.690782 ioctl(4, _IOC(_IOC_NONE, 0x75, 0x30, 0), 0xffffffffecf8) = 0 <0.000088>
19795 19:04:35.691055 ioctl(4, _IOC(_IOC_NONE, 0x75, 0x30, 0), 0xffffffffecf8) = 0 <0.000072>
19795 19:04:35.691192 ioctl(4, _IOC(_IOC_NONE, 0x75, 0x30, 0), 0xffffffffecf8) = 0 <0.000086>
19795 19:04:35.691450 ioctl(4, _IOC(_IOC_NONE, 0x75, 0x30, 0), 0xffffffffecf8) = 0 <0.000074>
19795 19:04:35.691624 ioctl(4, _IOC(_IOC_NONE, 0x75, 0x30, 0), 0xffffffffecf8) = 0 <0.000092>
19795 19:04:35.691948 ioctl(4, _IOC(_IOC_NONE, 0x75, 0x30, 0), 0xffffffffecf8) = 0 <0.000078>
19795 19:04:35.692098 ioctl(4, _IOC(_IOC_NONE, 0x75, 0x30, 0), 0xffffffffecf8) = 0 <0.000082>
19795 19:04:35.692334 ioctl(4, _IOC(_IOC_NONE, 0x75, 0x30, 0), 0xffffffffecf8) = 0 <0.000072>
19795 19:04:35.692473 ioctl(4, _IOC(_IOC_NONE, 0x75, 0x30, 0), 0xffffffffecf8) = 0 <0.000087>
19795 19:04:35.692719 ioctl(4, _IOC(_IOC_NONE, 0x75, 0x30, 0), 0xffffffffecf8) = 0 <0.000070>
19795 19:04:35.692850 ioctl(4, _IOC(_IOC_NONE, 0x75, 0x30, 0), 0xffffffffecf8) = 0 <0.000085>
19795 19:04:35.693102 ioctl(4, _IOC(_IOC_NONE, 0x75, 0x30, 0), 0xffffffffecf8) = 0 <0.000077>
19795 19:04:35.693252 ioctl(4, _IOC(_IOC_NONE, 0x75, 0x30, 0), 0xffffffffe998) = 0 <0.000051>
19795 19:04:35.693365 ioctl(4, _IOC(_IOC_NONE, 0x75, 0x30, 0), 0xffffffffea08) = 0 <0.000067>
19796 19:04:35.693475 <... ioctl resumed>, 0xfffff520e618) = 0 <0.006395>
19795 19:04:35.693527 ioctl(4, _IOC(_IOC_NONE, 0x75, 0x30, 0) <unfinished ...>
19796 19:04:35.693661 ioctl(4, _IOC(_IOC_NONE, 0x75, 0x30, 0) <unfinished ...>
19795 19:04:35.693732 <... ioctl resumed>, 0xffffffffecf8) = 0 <0.000181>
19796 19:04:35.693769 <... ioctl resumed>, 0xfffff520e618) = 0 <0.000053>
19796 19:04:35.693819 ioctl(4, _IOC(_IOC_NONE, 0x75, 0x30, 0) <unfinished ...>
19795 19:04:35.694036 ioctl(4, _IOC(_IOC_NONE, 0x75, 0x30, 0), 0xffffffffecf8) = 0 <0.000083>
19795 19:04:35.694192 ioctl(4, _IOC(_IOC_NONE, 0x75, 0x30, 0), 0xffffffffecf8) = 0 <0.000092>
19796 19:04:35.694333 <... ioctl resumed>, 0xfffff520e608) = 0 <0.000492>
19795 19:04:35.694549 ioctl(4, _IOC(_IOC_NONE, 0x75, 0x30, 0) <unfinished ...>
19796 19:04:35.694588 ioctl(4, _IOC(_IOC_NONE, 0x75, 0x30, 0), 0xfffff520e618) = 0 <0.000063>
19795 19:04:35.694712 <... ioctl resumed>, 0xffffffffecf8) = 0 <0.000131>
19796 19:04:35.694739 ioctl(4, _IOC(_IOC_NONE, 0x75, 0x30, 0) <unfinished ...>
19795 19:04:35.694788 ioctl(4, _IOC(_IOC_NONE, 0x75, 0x30, 0), 0xffffffffecf8) = 0 <0.000083>
19795 19:04:35.695082 ioctl(4, _IOC(_IOC_NONE, 0x75, 0x30, 0), 0xffffffffecf8) = 0 <0.000081>
19795 19:04:35.695238 ioctl(4, _IOC(_IOC_NONE, 0x75, 0x30, 0), 0xffffffffecf8) = 0 <0.000089>
19795 19:04:35.695539 ioctl(4, _IOC(_IOC_NONE, 0x75, 0x30, 0), 0xffffffffecf8) = 0 <0.000078>
19795 19:04:35.695692 ioctl(4, _IOC(_IOC_NONE, 0x75, 0x30, 0), 0xffffffffecf8) = 0 <0.000091>
19795 19:04:35.695983 ioctl(4, _IOC(_IOC_NONE, 0x75, 0x30, 0), 0xffffffffecf8) = 0 <0.000081>
19795 19:04:35.696134 ioctl(4, _IOC(_IOC_NONE, 0x75, 0x30, 0), 0xffffffffecf8) = 0 <0.000086>
19795 19:04:35.696404 ioctl(4, _IOC(_IOC_NONE, 0x75, 0x30, 0), 0xffffffffecf8) = 0 <0.000072>
19795 19:04:35.696541 ioctl(4, _IOC(_IOC_NONE, 0x75, 0x30, 0), 0xffffffffecf8) = 0 <0.000085>
19795 19:04:35.696794 ioctl(4, _IOC(_IOC_NONE, 0x75, 0x30, 0), 0xffffffffecf8) = 0 <0.000078>
19795 19:04:35.696943 ioctl(4, _IOC(_IOC_NONE, 0x75, 0x30, 0), 0xffffffffecf8) = 0 <0.000087>
19795 19:04:35.697220 ioctl(4, _IOC(_IOC_NONE, 0x75, 0x30, 0), 0xffffffffecf8) = 0 <0.000079>
19795 19:04:35.697377 ioctl(4, _IOC(_IOC_NONE, 0x75, 0x30, 0), 0xffffffffecf8) = 0 <0.000088>
19795 19:04:35.697703 ioctl(4, _IOC(_IOC_NONE, 0x75, 0x30, 0), 0xffffffffecf8) = 0 <0.000079>
19795 19:04:35.697880 ioctl(4, _IOC(_IOC_NONE, 0x75, 0x30, 0), 0xffffffffecf8) = 0 <0.000090>
19795 19:04:35.698236 ioctl(4, _IOC(_IOC_NONE, 0x75, 0x30, 0), 0xffffffffecf8) = 0 <0.000086>
19795 19:04:35.698400 ioctl(4, _IOC(_IOC_NONE, 0x75, 0x30, 0), 0xffffffffecf8) = 0 <0.000096>
19795 19:04:35.698721 ioctl(4, _IOC(_IOC_NONE, 0x75, 0x30, 0), 0xffffffffecf8) = 0 <0.000083>
19795 19:04:35.698897 ioctl(4, _IOC(_IOC_NONE, 0x75, 0x30, 0), 0xffffffffecf8) = 0 <0.000097>
19795 19:04:35.699226 ioctl(4, _IOC(_IOC_NONE, 0x75, 0x30, 0), 0xffffffffecf8) = 0 <0.000090>
19795 19:04:35.699396 ioctl(4, _IOC(_IOC_NONE, 0x75, 0x30, 0), 0xffffffffecf8) = 0 <0.000094>
19795 19:04:35.699707 ioctl(4, _IOC(_IOC_NONE, 0x75, 0x30, 0), 0xffffffffecf8) = 0 <0.000078>
19795 19:04:35.699854 ioctl(4, _IOC(_IOC_NONE, 0x75, 0x30, 0), 0xffffffffecf8) = 0 <0.000087>
19795 19:04:35.700187 ioctl(4, _IOC(_IOC_NONE, 0x75, 0x30, 0), 0xffffffffecf8) = 0 <0.000081>
19795 19:04:35.700336 ioctl(4, _IOC(_IOC_NONE, 0x75, 0x30, 0), 0xffffffffecf8) = 0 <0.000088>
19795 19:04:35.700614 ioctl(4, _IOC(_IOC_NONE, 0x75, 0x30, 0), 0xffffffffecf8) = 0 <0.000074>
19795 19:04:35.700753 ioctl(4, _IOC(_IOC_NONE, 0x75, 0x30, 0), 0xffffffffecf8) = 0 <0.000084>
19795 19:04:35.701007 ioctl(4, _IOC(_IOC_NONE, 0x75, 0x30, 0), 0xffffffffecf8) = 0 <0.000076>
19795 19:04:35.701153 ioctl(4, _IOC(_IOC_NONE, 0x75, 0x30, 0), 0xffffffffe998) = 0 <0.000053>
19795 19:04:35.701264 ioctl(4, _IOC(_IOC_NONE, 0x75, 0x30, 0), 0xffffffffea08) = 0 <0.000063>
19796 19:04:35.701373 <... ioctl resumed>, 0xfffff520e618) = 0 <0.006611>
19795 19:04:35.701426 ioctl(4, _IOC(_IOC_NONE, 0x75, 0x30, 0) <unfinished ...>
19796 19:04:35.701535 ioctl(4, _IOC(_IOC_NONE, 0x75, 0x30, 0) <unfinished ...>
19795 19:04:35.701599 <... ioctl resumed>, 0xffffffffecf8) = 0 <0.000120>
19796 19:04:35.701658 <... ioctl resumed>, 0xfffff520e618) = 0 <0.000098>
19796 19:04:35.701716 ioctl(4, _IOC(_IOC_NONE, 0x75, 0x30, 0) <unfinished ...>
19795 19:04:35.701936 ioctl(4, _IOC(_IOC_NONE, 0x75, 0x30, 0), 0xffffffffecf8) = 0 <0.000081>
19795 19:04:35.702097 ioctl(4, _IOC(_IOC_NONE, 0x75, 0x30, 0), 0xffffffffecf8) = 0 <0.000083>
19796 19:04:35.702231 <... ioctl resumed>, 0xfffff520e608) = 0 <0.000484>
19795 19:04:35.702431 ioctl(4, _IOC(_IOC_NONE, 0x75, 0x30, 0) <unfinished ...>
19796 19:04:35.702470 ioctl(4, _IOC(_IOC_NONE, 0x75, 0x30, 0), 0xfffff520e618) = 0 <0.000066>
19796 19:04:35.702595 ioctl(4, _IOC(_IOC_NONE, 0x75, 0x30, 0) <unfinished ...>
19795 19:04:35.702644 <... ioctl resumed>, 0xffffffffecf8) = 0 <0.000180>
19795 19:04:35.702690 ioctl(4, _IOC(_IOC_NONE, 0x75, 0x30, 0), 0xffffffffecf8) = 0 <0.000087>
19795 19:04:35.703009 ioctl(4, _IOC(_IOC_NONE, 0x75, 0x30, 0), 0xffffffffecf8) = 0 <0.000084>
19795 19:04:35.703183 ioctl(4, _IOC(_IOC_NONE, 0x75, 0x30, 0), 0xffffffffecf8) = 0 <0.000090>
19795 19:04:35.703505 ioctl(4, _IOC(_IOC_NONE, 0x75, 0x30, 0), 0xffffffffecf8) = 0 <0.000086>
19795 19:04:35.703674 ioctl(4, _IOC(_IOC_NONE, 0x75, 0x30, 0), 0xffffffffecf8) = 0 <0.000090>
19795 19:04:35.703988 ioctl(4, _IOC(_IOC_NONE, 0x75, 0x30, 0), 0xffffffffecf8) = 0 <0.000085>
19795 19:04:35.704156 ioctl(4, _IOC(_IOC_NONE, 0x75, 0x30, 0), 0xffffffffecf8) = 0 <0.000092>
19795 19:04:35.704480 ioctl(4, _IOC(_IOC_NONE, 0x75, 0x30, 0), 0xffffffffecf8) = 0 <0.000086>
19795 19:04:35.704652 ioctl(4, _IOC(_IOC_NONE, 0x75, 0x30, 0), 0xffffffffecf8) = 0 <0.000094>
19795 19:04:35.705067 ioctl(4, _IOC(_IOC_NONE, 0x75, 0x30, 0), 0xffffffffecf8) = 0 <0.000089>
19795 19:04:35.705251 ioctl(4, _IOC(_IOC_NONE, 0x75, 0x30, 0), 0xffffffffecf8) = 0 <0.000095>
19795 19:04:35.705560 ioctl(4, _IOC(_IOC_NONE, 0x75, 0x30, 0), 0xffffffffecf8) = 0 <0.000085>
19795 19:04:35.705768 ioctl(4, _IOC(_IOC_NONE, 0x75, 0x30, 0), 0xffffffffecf8) = 0 <0.000089>
19795 19:04:35.706055 ioctl(4, _IOC(_IOC_NONE, 0x75, 0x30, 0), 0xffffffffecf8) = 0 <0.000076>
19795 19:04:35.706197 ioctl(4, _IOC(_IOC_NONE, 0x75, 0x30, 0), 0xffffffffecf8) = 0 <0.000086>
19795 19:04:35.706460 ioctl(4, _IOC(_IOC_NONE, 0x75, 0x30, 0), 0xffffffffecf8) = 0 <0.000075>
19795 19:04:35.706602 ioctl(4, _IOC(_IOC_NONE, 0x75, 0x30, 0), 0xffffffffecf8) = 0 <0.000083>
19795 19:04:35.706851 ioctl(4, _IOC(_IOC_NONE, 0x75, 0x30, 0), 0xffffffffecf8) = 0 <0.000072>
19795 19:04:35.706988 ioctl(4, _IOC(_IOC_NONE, 0x75, 0x30, 0), 0xffffffffecf8) = 0 <0.000086>
19795 19:04:35.707234 ioctl(4, _IOC(_IOC_NONE, 0x75, 0x30, 0), 0xffffffffecf8) = 0 <0.000075>
19795 19:04:35.707373 ioctl(4, _IOC(_IOC_NONE, 0x75, 0x30, 0), 0xffffffffecf8) = 0 <0.000086>
19795 19:04:35.707623 ioctl(4, _IOC(_IOC_NONE, 0x75, 0x30, 0), 0xffffffffecf8) = 0 <0.000073>
19795 19:04:35.707764 ioctl(4, _IOC(_IOC_NONE, 0x75, 0x30, 0), 0xffffffffecf8) = 0 <0.000086>
19795 19:04:35.708015 ioctl(4, _IOC(_IOC_NONE, 0x75, 0x30, 0), 0xffffffffecf8) = 0 <0.000073>
19795 19:04:35.708153 ioctl(4, _IOC(_IOC_NONE, 0x75, 0x30, 0), 0xffffffffecf8) = 0 <0.000084>
19795 19:04:35.708427 ioctl(4, _IOC(_IOC_NONE, 0x75, 0x30, 0), 0xffffffffecf8) = 0 <0.000076>
19795 19:04:35.708574 ioctl(4, _IOC(_IOC_NONE, 0x75, 0x30, 0), 0xffffffffecf8) = 0 <0.000094>
19795 19:04:35.708879 ioctl(4, _IOC(_IOC_NONE, 0x75, 0x30, 0), 0xffffffffecf8) = 0 <0.000078>
19795 19:04:35.709045 ioctl(4, _IOC(_IOC_NONE, 0x75, 0x30, 0), 0xffffffffe998) = 0 <0.000056>
19795 19:04:35.709166 ioctl(4, _IOC(_IOC_NONE, 0x75, 0x30, 0), 0xffffffffea08) = 0 <0.000059>
19796 19:04:35.709266 <... ioctl resumed>, 0xfffff520e618) = 0 <0.006647>
19795 19:04:35.709317 ioctl(4, _IOC(_IOC_NONE, 0x75, 0x30, 0) <unfinished ...>
19796 19:04:35.709345 ioctl(4, _IOC(_IOC_NONE, 0x75, 0x30, 0) <unfinished ...>
19795 19:04:35.709456 <... ioctl resumed>, 0xffffffffecf8) = 0 <0.000116>
19796 19:04:35.709485 <... ioctl resumed>, 0xfffff520e618) = 0 <0.000120>
19796 19:04:35.709542 ioctl(4, _IOC(_IOC_NONE, 0x75, 0x30, 0) <unfinished ...>
19795 19:04:35.709776 ioctl(4, _IOC(_IOC_NONE, 0x75, 0x30, 0), 0xffffffffecf8) = 0 <0.000088>
19795 19:04:35.709962 ioctl(4, _IOC(_IOC_NONE, 0x75, 0x30, 0) <unfinished ...>
19796 19:04:35.710067 <... ioctl resumed>, 0xfffff520e608) = 0 <0.000502>
19795 19:04:35.710117 <... ioctl resumed>, 0xffffffffecf8) = 0 <0.000131>
19795 19:04:35.710322 ioctl(4, _IOC(_IOC_NONE, 0x75, 0x30, 0), 0xffffffffecf8) = 0 <0.000077>
19795 19:04:35.710467 ioctl(4, _IOC(_IOC_NONE, 0x75, 0x30, 0), 0xffffffffecf8) = 0 <0.000084>
19795 19:04:35.710741 ioctl(4, _IOC(_IOC_NONE, 0x75, 0x30, 0), 0xffffffffecf8) = 0 <0.000073>
19795 19:04:35.710886 ioctl(4, _IOC(_IOC_NONE, 0x75, 0x30, 0), 0xffffffffecf8) = 0 <0.000090>
19795 19:04:35.711245 ioctl(4, _IOC(_IOC_NONE, 0x75, 0x30, 0) <unfinished ...>
19796 19:04:35.711318 ioctl(4, _IOC(_IOC_NONE, 0x75, 0x30, 0) <unfinished ...>
19795 19:04:35.711417 <... ioctl resumed>, 0xffffffffecf8) = 0 <0.000132>
19796 19:04:35.711451 <... ioctl resumed>, 0xfffff520e618) = 0 <0.000110>
19795 19:04:35.711501 ioctl(4, _IOC(_IOC_NONE, 0x75, 0x30, 0) <unfinished ...>
19796 19:04:35.711560 ioctl(4, _IOC(_IOC_NONE, 0x75, 0x30, 0) <unfinished ...>
19795 19:04:35.711665 <... ioctl resumed>, 0xffffffffecf8) = 0 <0.000140>
19795 19:04:35.711842 ioctl(4, _IOC(_IOC_NONE, 0x75, 0x30, 0), 0xffffffffecf8) = 0 <0.000075>
19795 19:04:35.711984 ioctl(4, _IOC(_IOC_NONE, 0x75, 0x30, 0), 0xffffffffecf8) = 0 <0.000086>
19795 19:04:35.712259 ioctl(4, _IOC(_IOC_NONE, 0x75, 0x30, 0), 0xffffffffecf8) = 0 <0.000078>
19795 19:04:35.712408 ioctl(4, _IOC(_IOC_NONE, 0x75, 0x30, 0), 0xffffffffecf8) = 0 <0.000090>
19795 19:04:35.712689 ioctl(4, _IOC(_IOC_NONE, 0x75, 0x30, 0), 0xffffffffecf8) = 0 <0.000079>
19795 19:04:35.712839 ioctl(4, _IOC(_IOC_NONE, 0x75, 0x30, 0), 0xffffffffecf8) = 0 <0.000085>
19795 19:04:35.713103 ioctl(4, _IOC(_IOC_NONE, 0x75, 0x30, 0), 0xffffffffecf8) = 0 <0.000076>
19795 19:04:35.713246 ioctl(4, _IOC(_IOC_NONE, 0x75, 0x30, 0), 0xffffffffecf8) = 0 <0.000089>
19795 19:04:35.713524 ioctl(4, _IOC(_IOC_NONE, 0x75, 0x30, 0), 0xffffffffecf8) = 0 <0.000106>
19795 19:04:35.713732 ioctl(4, _IOC(_IOC_NONE, 0x75, 0x30, 0), 0xffffffffecf8) = 0 <0.000094>
19795 19:04:35.714065 ioctl(4, _IOC(_IOC_NONE, 0x75, 0x30, 0), 0xffffffffecf8) = 0 <0.000088>
19795 19:04:35.714239 ioctl(4, _IOC(_IOC_NONE, 0x75, 0x30, 0), 0xffffffffecf8) = 0 <0.000095>
19795 19:04:35.714563 ioctl(4, _IOC(_IOC_NONE, 0x75, 0x30, 0), 0xffffffffecf8) = 0 <0.000088>
19795 19:04:35.714731 ioctl(4, _IOC(_IOC_NONE, 0x75, 0x30, 0), 0xffffffffecf8) = 0 <0.000119>
19795 19:04:35.715061 ioctl(4, _IOC(_IOC_NONE, 0x75, 0x30, 0), 0xffffffffecf8) = 0 <0.000078>
19795 19:04:35.715209 ioctl(4, _IOC(_IOC_NONE, 0x75, 0x30, 0), 0xffffffffecf8) = 0 <0.000092>
19795 19:04:35.715491 ioctl(4, _IOC(_IOC_NONE, 0x75, 0x30, 0), 0xffffffffecf8) = 0 <0.000079>
19795 19:04:35.715638 ioctl(4, _IOC(_IOC_NONE, 0x75, 0x30, 0), 0xffffffffecf8) = 0 <0.000086>
19795 19:04:35.715905 ioctl(4, _IOC(_IOC_NONE, 0x75, 0x30, 0), 0xffffffffecf8) = 0 <0.000075>
19795 19:04:35.716047 ioctl(4, _IOC(_IOC_NONE, 0x75, 0x30, 0), 0xffffffffecf8) = 0 <0.000090>
19795 19:04:35.716319 ioctl(4, _IOC(_IOC_NONE, 0x75, 0x30, 0), 0xffffffffecf8) = 0 <0.000077>
19795 19:04:35.716494 ioctl(4, _IOC(_IOC_NONE, 0x75, 0x30, 0), 0xffffffffecf8) = 0 <0.000083>
19795 19:04:35.716759 ioctl(4, _IOC(_IOC_NONE, 0x75, 0x30, 0), 0xffffffffecf8) = 0 <0.000076>
19795 19:04:35.716913 ioctl(4, _IOC(_IOC_NONE, 0x75, 0x30, 0), 0xffffffffe998) = 0 <0.000055>
19795 19:04:35.717033 ioctl(4, _IOC(_IOC_NONE, 0x75, 0x30, 0), 0xffffffffea08) = 0 <0.000059>
19795 19:04:35.717152 ioctl(4, _IOC(_IOC_NONE, 0x75, 0x30, 0) <unfinished ...>
19796 19:04:35.717185 <... ioctl resumed>, 0xfffff520e618) = 0 <0.005603>
19795 19:04:35.717298 <... ioctl resumed>, 0xffffffffecf8) = 0 <0.000121>
19796 19:04:35.717330 ioctl(4, _IOC(_IOC_NONE, 0x75, 0x30, 0) <unfinished ...>
19795 19:04:35.717634 ioctl(4, _IOC(_IOC_NONE, 0x75, 0x30, 0) <unfinished ...>
19796 19:04:35.717703 <... ioctl resumed>, 0xfffff520e618) = 0 <0.000349>
19795 19:04:35.717830 <... ioctl resumed>, 0xffffffffecf8) = 0 <0.000136>
19795 19:04:35.717894 ioctl(4, _IOC(_IOC_NONE, 0x75, 0x30, 0) <unfinished ...>
19796 19:04:35.717926 ioctl(4, _IOC(_IOC_NONE, 0x75, 0x30, 0) <unfinished ...>
19795 19:04:35.718065 <... ioctl resumed>, 0xffffffffecf8) = 0 <0.000142>
19795 19:04:35.718276 ioctl(4, _IOC(_IOC_NONE, 0x75, 0x30, 0), 0xffffffffecf8) = 0 <0.000087>
19796 19:04:35.718437 <... ioctl resumed>, 0xfffff520e608) = 0 <0.000490>
19795 19:04:35.718490 ioctl(4, _IOC(_IOC_NONE, 0x75, 0x30, 0), 0xffffffffecf8) = 0 <0.000091>
19795 19:04:35.718804 ioctl(4, _IOC(_IOC_NONE, 0x75, 0x30, 0), 0xffffffffecf8) = 0 <0.000076>
19795 19:04:35.718949 ioctl(4, _IOC(_IOC_NONE, 0x75, 0x30, 0), 0xffffffffecf8) = 0 <0.000086>
19795 19:04:35.719242 ioctl(4, _IOC(_IOC_NONE, 0x75, 0x30, 0), 0xffffffffecf8) = 0 <0.000084>
19795 19:04:35.719404 ioctl(4, _IOC(_IOC_NONE, 0x75, 0x30, 0), 0xffffffffecf8) = 0 <0.000088>
19795 19:04:35.719710 ioctl(4, _IOC(_IOC_NONE, 0x75, 0x30, 0), 0xffffffffecf8) = 0 <0.000081>
19795 19:04:35.719870 ioctl(4, _IOC(_IOC_NONE, 0x75, 0x30, 0), 0xffffffffecf8) = 0 <0.000087>
19795 19:04:35.720151 ioctl(4, _IOC(_IOC_NONE, 0x75, 0x30, 0), 0xffffffffecf8) = 0 <0.000072>
19795 19:04:35.720291 ioctl(4, _IOC(_IOC_NONE, 0x75, 0x30, 0), 0xffffffffecf8) = 0 <0.000084>
19795 19:04:35.720554 ioctl(4, _IOC(_IOC_NONE, 0x75, 0x30, 0), 0xffffffffecf8) = 0 <0.000073>
19795 19:04:35.720695 ioctl(4, _IOC(_IOC_NONE, 0x75, 0x30, 0), 0xffffffffecf8) = 0 <0.000090>
19795 19:04:35.720955 ioctl(4, _IOC(_IOC_NONE, 0x75, 0x30, 0), 0xffffffffecf8) = 0 <0.000077>
19795 19:04:35.721101 ioctl(4, _IOC(_IOC_NONE, 0x75, 0x30, 0), 0xffffffffecf8) = 0 <0.000085>
19795 19:04:35.721351 ioctl(4, _IOC(_IOC_NONE, 0x75, 0x30, 0), 0xffffffffecf8) = 0 <0.000073>
19795 19:04:35.721490 ioctl(4, _IOC(_IOC_NONE, 0x75, 0x30, 0), 0xffffffffecf8) = 0 <0.000117>
19796 19:04:35.721675 ioctl(4, _IOC(_IOC_NONE, 0x75, 0x30, 0) <unfinished ...>
19795 19:04:35.721899 ioctl(4, _IOC(_IOC_NONE, 0x75, 0x30, 0) <unfinished ...>
19796 19:04:35.721953 <... ioctl resumed>, 0xfffff520e618) = 0 <0.000248>
19796 19:04:35.722021 ioctl(4, _IOC(_IOC_NONE, 0x75, 0x30, 0) <unfinished ...>
19795 19:04:35.722111 <... ioctl resumed>, 0xffffffffecf8) = 0 <0.000165>
19795 19:04:35.722165 ioctl(4, _IOC(_IOC_NONE, 0x75, 0x30, 0), 0xffffffffecf8) = 0 <0.000092>
19795 19:04:35.722496 ioctl(4, _IOC(_IOC_NONE, 0x75, 0x30, 0), 0xffffffffecf8) = 0 <0.000089>
19795 19:04:35.722677 ioctl(4, _IOC(_IOC_NONE, 0x75, 0x30, 0), 0xffffffffecf8) = 0 <0.000093>
19795 19:04:35.723003 ioctl(4, _IOC(_IOC_NONE, 0x75, 0x30, 0), 0xffffffffecf8) = 0 <0.000087>
19795 19:04:35.723176 ioctl(4, _IOC(_IOC_NONE, 0x75, 0x30, 0), 0xffffffffecf8) = 0 <0.000093>
19795 19:04:35.723492 ioctl(4, _IOC(_IOC_NONE, 0x75, 0x30, 0), 0xffffffffecf8) = 0 <0.000083>
19795 19:04:35.723658 ioctl(4, _IOC(_IOC_NONE, 0x75, 0x30, 0), 0xffffffffecf8) = 0 <0.000095>
19795 19:04:35.724053 ioctl(4, _IOC(_IOC_NONE, 0x75, 0x30, 0), 0xffffffffecf8) = 0 <0.000086>
19795 19:04:35.724225 ioctl(4, _IOC(_IOC_NONE, 0x75, 0x30, 0), 0xffffffffecf8) = 0 <0.000088>
19795 19:04:35.724489 ioctl(4, _IOC(_IOC_NONE, 0x75, 0x30, 0), 0xffffffffecf8) = 0 <0.000073>
19795 19:04:35.724661 ioctl(4, _IOC(_IOC_NONE, 0x75, 0x30, 0), 0xffffffffecf8) = 0 <0.000088>
19795 19:04:35.724933 ioctl(4, _IOC(_IOC_NONE, 0x75, 0x30, 0), 0xffffffffecf8) = 0 <0.000077>
19795 19:04:35.725090 ioctl(4, _IOC(_IOC_NONE, 0x75, 0x30, 0), 0xffffffffe998) = 0 <0.000055>
19795 19:04:35.725208 ioctl(4, _IOC(_IOC_NONE, 0x75, 0x30, 0), 0xffffffffea08) = 0 <0.000055>
19796 19:04:35.725305 <... ioctl resumed>, 0xfffff520e618) = 0 <0.003259>
19795 19:04:35.725360 ioctl(4, _IOC(_IOC_NONE, 0x75, 0x30, 0) <unfinished ...>
19796 19:04:35.725469 ioctl(4, _IOC(_IOC_NONE, 0x75, 0x30, 0) <unfinished ...>
19795 19:04:35.725506 <... ioctl resumed>, 0xffffffffecf8) = 0 <0.000123>
19796 19:04:35.725552 <... ioctl resumed>, 0xfffff520e618) = 0 <0.000057>
19796 19:04:35.725669 ioctl(4, _IOC(_IOC_NONE, 0x75, 0x30, 0) <unfinished ...>
19795 19:04:35.725884 ioctl(4, _IOC(_IOC_NONE, 0x75, 0x30, 0), 0xffffffffecf8) = 0 <0.000079>
19795 19:04:35.726040 ioctl(4, _IOC(_IOC_NONE, 0x75, 0x30, 0), 0xffffffffecf8) = 0 <0.000085>
19796 19:04:35.726191 <... ioctl resumed>, 0xfffff520e608) = 0 <0.000488>
19795 19:04:35.726379 ioctl(4, _IOC(_IOC_NONE, 0x75, 0x30, 0) <unfinished ...>
19796 19:04:35.726416 ioctl(4, _IOC(_IOC_NONE, 0x75, 0x30, 0), 0xfffff520e618) = 0 <0.000062>
19796 19:04:35.726536 ioctl(4, _IOC(_IOC_NONE, 0x75, 0x30, 0) <unfinished ...>
19795 19:04:35.726582 <... ioctl resumed>, 0xffffffffecf8) = 0 <0.000174>
19795 19:04:35.726623 ioctl(4, _IOC(_IOC_NONE, 0x75, 0x30, 0), 0xffffffffecf8) = 0 <0.000085>
19795 19:04:35.726919 ioctl(4, _IOC(_IOC_NONE, 0x75, 0x30, 0), 0xffffffffecf8) = 0 <0.000086>
19795 19:04:35.727088 ioctl(4, _IOC(_IOC_NONE, 0x75, 0x30, 0), 0xffffffffecf8) = 0 <0.000088>
19795 19:04:35.727394 ioctl(4, _IOC(_IOC_NONE, 0x75, 0x30, 0), 0xffffffffecf8) = 0 <0.000085>
19795 19:04:35.727561 ioctl(4, _IOC(_IOC_NONE, 0x75, 0x30, 0), 0xffffffffecf8) = 0 <0.000092>
19795 19:04:35.727871 ioctl(4, _IOC(_IOC_NONE, 0x75, 0x30, 0), 0xffffffffecf8) = 0 <0.000087>
19795 19:04:35.728037 ioctl(4, _IOC(_IOC_NONE, 0x75, 0x30, 0), 0xffffffffecf8) = 0 <0.000093>
19795 19:04:35.728348 ioctl(4, _IOC(_IOC_NONE, 0x75, 0x30, 0), 0xffffffffecf8) = 0 <0.000084>
19795 19:04:35.728519 ioctl(4, _IOC(_IOC_NONE, 0x75, 0x30, 0), 0xffffffffecf8) = 0 <0.000094>
19795 19:04:35.728846 ioctl(4, _IOC(_IOC_NONE, 0x75, 0x30, 0), 0xffffffffecf8) = 0 <0.000085>
19795 19:04:35.729019 ioctl(4, _IOC(_IOC_NONE, 0x75, 0x30, 0), 0xffffffffecf8) = 0 <0.000088>
19795 19:04:35.729300 ioctl(4, _IOC(_IOC_NONE, 0x75, 0x30, 0), 0xffffffffecf8) = 0 <0.000076>
19795 19:04:35.729447 ioctl(4, _IOC(_IOC_NONE, 0x75, 0x30, 0), 0xffffffffecf8) = 0 <0.000091>
19795 19:04:35.729794 ioctl(4, _IOC(_IOC_NONE, 0x75, 0x30, 0), 0xffffffffecf8) = 0 <0.000079>
19795 19:04:35.729949 ioctl(4, _IOC(_IOC_NONE, 0x75, 0x30, 0), 0xffffffffecf8) = 0 <0.000082>
19795 19:04:35.730210 ioctl(4, _IOC(_IOC_NONE, 0x75, 0x30, 0), 0xffffffffecf8) = 0 <0.000073>
19795 19:04:35.730350 ioctl(4, _IOC(_IOC_NONE, 0x75, 0x30, 0), 0xffffffffecf8) = 0 <0.000088>
19795 19:04:35.730665 ioctl(4, _IOC(_IOC_NONE, 0x75, 0x30, 0), 0xffffffffecf8) = 0 <0.000078>
19795 19:04:35.730814 ioctl(4, _IOC(_IOC_NONE, 0x75, 0x30, 0), 0xffffffffecf8) = 0 <0.000086>
19795 19:04:35.731040 ioctl(4, _IOC(_IOC_NONE, 0x75, 0x30, 0), 0xffffffffecf8) = 0 <0.000073>
19795 19:04:35.731179 ioctl(4, _IOC(_IOC_NONE, 0x75, 0x30, 0), 0xffffffffecf8) = 0 <0.000086>
19795 19:04:35.731420 ioctl(4, _IOC(_IOC_NONE, 0x75, 0x30, 0), 0xffffffffecf8) = 0 <0.000073>
19795 19:04:35.731559 ioctl(4, _IOC(_IOC_NONE, 0x75, 0x30, 0), 0xffffffffecf8) = 0 <0.000088>
19795 19:04:35.731806 ioctl(4, _IOC(_IOC_NONE, 0x75, 0x30, 0), 0xffffffffecf8) = 0 <0.000075>
19795 19:04:35.731948 ioctl(4, _IOC(_IOC_NONE, 0x75, 0x30, 0), 0xffffffffecf8) = 0 <0.000084>
19795 19:04:35.732190 ioctl(4, _IOC(_IOC_NONE, 0x75, 0x30, 0), 0xffffffffecf8) = 0 <0.000074>
19795 19:04:35.732330 ioctl(4, _IOC(_IOC_NONE, 0x75, 0x30, 0), 0xffffffffecf8) = 0 <0.000088>
19795 19:04:35.732575 ioctl(4, _IOC(_IOC_NONE, 0x75, 0x30, 0), 0xffffffffecf8) = 0 <0.000073>
19795 19:04:35.732722 ioctl(4, _IOC(_IOC_NONE, 0x75, 0x30, 0), 0xffffffffe998) = 0 <0.000057>
19795 19:04:35.732877 ioctl(4, _IOC(_IOC_NONE, 0x75, 0x30, 0), 0xffffffffea08) = 0 <0.000065>
19796 19:04:35.732986 <... ioctl resumed>, 0xfffff520e618) = 0 <0.006428>
19795 19:04:35.733040 ioctl(4, _IOC(_IOC_NONE, 0x75, 0x30, 0) <unfinished ...>
19796 19:04:35.733068 ioctl(4, _IOC(_IOC_NONE, 0x75, 0x30, 0), 0xfffff520e618) = 0 <0.000060>
19795 19:04:35.733215 <... ioctl resumed>, 0xffffffffecf8) = 0 <0.000151>
19796 19:04:35.733245 ioctl(4, _IOC(_IOC_NONE, 0x75, 0x30, 0) <unfinished ...>
19795 19:04:35.733451 ioctl(4, _IOC(_IOC_NONE, 0x75, 0x30, 0), 0xffffffffecf8) = 0 <0.000118>
19795 19:04:35.733682 ioctl(4, _IOC(_IOC_NONE, 0x75, 0x30, 0), 0xffffffffecf8) = 0 <0.000092>
19796 19:04:35.733833 <... ioctl resumed>, 0xfffff520e608) = 0 <0.000565>
19796 19:04:35.733889 ioctl(4, _IOC(_IOC_NONE, 0x75, 0x30, 0) <unfinished ...>
19795 19:04:35.734101 ioctl(4, _IOC(_IOC_NONE, 0x75, 0x30, 0) <unfinished ...>
19796 19:04:35.734146 <... ioctl resumed>, 0xfffff520e618) = 0 <0.000232>
19796 19:04:35.734224 ioctl(4, _IOC(_IOC_NONE, 0x75, 0x30, 0) <unfinished ...>
19795 19:04:35.734295 <... ioctl resumed>, 0xffffffffecf8) = 0 <0.000158>
19795 19:04:35.734343 ioctl(4, _IOC(_IOC_NONE, 0x75, 0x30, 0), 0xffffffffecf8) = 0 <0.000081>
19795 19:04:35.734626 ioctl(4, _IOC(_IOC_NONE, 0x75, 0x30, 0), 0xffffffffecf8) = 0 <0.000079>
19795 19:04:35.734786 ioctl(4, _IOC(_IOC_NONE, 0x75, 0x30, 0), 0xffffffffecf8) = 0 <0.000099>
19795 19:04:35.735130 ioctl(4, _IOC(_IOC_NONE, 0x75, 0x30, 0), 0xffffffffecf8) = 0 <0.000089>
19795 19:04:35.735308 ioctl(4, _IOC(_IOC_NONE, 0x75, 0x30, 0), 0xffffffffecf8) = 0 <0.000091>
19795 19:04:35.735619 ioctl(4, _IOC(_IOC_NONE, 0x75, 0x30, 0), 0xffffffffecf8) = 0 <0.000083>
19795 19:04:35.735784 ioctl(4, _IOC(_IOC_NONE, 0x75, 0x30, 0), 0xffffffffecf8) = 0 <0.000097>
19795 19:04:35.736100 ioctl(4, _IOC(_IOC_NONE, 0x75, 0x30, 0), 0xffffffffecf8) = 0 <0.000086>
19795 19:04:35.736265 ioctl(4, _IOC(_IOC_NONE, 0x75, 0x30, 0), 0xffffffffecf8) = 0 <0.000090>
19795 19:04:35.736571 ioctl(4, _IOC(_IOC_NONE, 0x75, 0x30, 0), 0xffffffffecf8) = 0 <0.000084>
19795 19:04:35.736733 ioctl(4, _IOC(_IOC_NONE, 0x75, 0x30, 0), 0xffffffffecf8) = 0 <0.000092>
19795 19:04:35.737084 ioctl(4, _IOC(_IOC_NONE, 0x75, 0x30, 0), 0xffffffffecf8) = 0 <0.000079>
19795 19:04:35.737239 ioctl(4, _IOC(_IOC_NONE, 0x75, 0x30, 0), 0xffffffffecf8) = 0 <0.000081>
19795 19:04:35.737491 ioctl(4, _IOC(_IOC_NONE, 0x75, 0x30, 0), 0xffffffffecf8) = 0 <0.000103>
19795 19:04:35.737678 ioctl(4, _IOC(_IOC_NONE, 0x75, 0x30, 0), 0xffffffffecf8) = 0 <0.000092>
19795 19:04:35.737972 ioctl(4, _IOC(_IOC_NONE, 0x75, 0x30, 0), 0xffffffffecf8) = 0 <0.000083>
19795 19:04:35.738129 ioctl(4, _IOC(_IOC_NONE, 0x75, 0x30, 0), 0xffffffffecf8) = 0 <0.000091>
19795 19:04:35.738408 ioctl(4, _IOC(_IOC_NONE, 0x75, 0x30, 0), 0xffffffffecf8) = 0 <0.000077>
19795 19:04:35.738554 ioctl(4, _IOC(_IOC_NONE, 0x75, 0x30, 0), 0xffffffffecf8) = 0 <0.000086>
19795 19:04:35.738815 ioctl(4, _IOC(_IOC_NONE, 0x75, 0x30, 0), 0xffffffffecf8) = 0 <0.000077>
19795 19:04:35.738966 ioctl(4, _IOC(_IOC_NONE, 0x75, 0x30, 0), 0xffffffffecf8) = 0 <0.000094>
19795 19:04:35.739254 ioctl(4, _IOC(_IOC_NONE, 0x75, 0x30, 0), 0xffffffffecf8) = 0 <0.000078>
19795 19:04:35.739397 ioctl(4, _IOC(_IOC_NONE, 0x75, 0x30, 0), 0xffffffffecf8) = 0 <0.000088>
19795 19:04:35.739666 ioctl(4, _IOC(_IOC_NONE, 0x75, 0x30, 0), 0xffffffffecf8) = 0 <0.000074>
19795 19:04:35.739805 ioctl(4, _IOC(_IOC_NONE, 0x75, 0x30, 0), 0xffffffffecf8) = 0 <0.000087>
19795 19:04:35.740061 ioctl(4, _IOC(_IOC_NONE, 0x75, 0x30, 0), 0xffffffffecf8) = 0 <0.000075>
19795 19:04:35.740205 ioctl(4, _IOC(_IOC_NONE, 0x75, 0x30, 0), 0xffffffffecf8) = 0 <0.000082>
19795 19:04:35.740458 ioctl(4, _IOC(_IOC_NONE, 0x75, 0x30, 0), 0xffffffffecf8) = 0 <0.000077>
19795 19:04:35.740606 ioctl(4, _IOC(_IOC_NONE, 0x75, 0x30, 0), 0xffffffffe998) = 0 <0.000051>
19795 19:04:35.740717 ioctl(4, _IOC(_IOC_NONE, 0x75, 0x30, 0), 0xffffffffea08) = 0 <0.000059>
19795 19:04:35.740834 ioctl(4, _IOC(_IOC_NONE, 0x75, 0x30, 0) <unfinished ...>
19796 19:04:35.740895 <... ioctl resumed>, 0xfffff520e618) = 0 <0.006647>
19796 19:04:35.740981 ioctl(4, _IOC(_IOC_NONE, 0x75, 0x30, 0) <unfinished ...>
19795 19:04:35.741064 <... ioctl resumed>, 0xffffffffecf8) = 0 <0.000178>
19795 19:04:35.741254 ioctl(4, _IOC(_IOC_NONE, 0x75, 0x30, 0) <unfinished ...>
19796 19:04:35.741292 <... ioctl resumed>, 0xfffff520e618) = 0 <0.000285>
19796 19:04:35.741388 ioctl(4, _IOC(_IOC_NONE, 0x75, 0x30, 0) <unfinished ...>
19795 19:04:35.741442 <... ioctl resumed>, 0xffffffffecf8) = 0 <0.000157>
19795 19:04:35.741492 ioctl(4, _IOC(_IOC_NONE, 0x75, 0x30, 0), 0xffffffffecf8) = 0 <0.000115>
19795 19:04:35.741860 ioctl(4, _IOC(_IOC_NONE, 0x75, 0x30, 0) <unfinished ...>
19796 19:04:35.741967 <... ioctl resumed>, 0xfffff520e608) = 0 <0.000554>
19795 19:04:35.742046 <... ioctl resumed>, 0xffffffffecf8) = 0 <0.000142>
19795 19:04:35.742095 ioctl(4, _IOC(_IOC_NONE, 0x75, 0x30, 0), 0xffffffffecf8) = 0 <0.000082>
19795 19:04:35.742376 ioctl(4, _IOC(_IOC_NONE, 0x75, 0x30, 0), 0xffffffffecf8) = 0 <0.000067>
19795 19:04:35.742508 ioctl(4, _IOC(_IOC_NONE, 0x75, 0x30, 0), 0xffffffffecf8) = 0 <0.000084>
19795 19:04:35.742800 ioctl(4, _IOC(_IOC_NONE, 0x75, 0x30, 0) <unfinished ...>
19796 19:04:35.742849 ioctl(4, _IOC(_IOC_NONE, 0x75, 0x30, 0) <unfinished ...>
19795 19:04:35.742956 <... ioctl resumed>, 0xffffffffecf8) = 0 <0.000117>
19795 19:04:35.743011 ioctl(4, _IOC(_IOC_NONE, 0x75, 0x30, 0) <unfinished ...>
19796 19:04:35.743119 <... ioctl resumed>, 0xfffff520e618) = 0 <0.000245>
19795 19:04:35.743156 <... ioctl resumed>, 0xffffffffecf8) = 0 <0.000122>
19796 19:04:35.743266 ioctl(4, _IOC(_IOC_NONE, 0x75, 0x30, 0) <unfinished ...>
19795 19:04:35.743518 ioctl(4, _IOC(_IOC_NONE, 0x75, 0x30, 0), 0xffffffffecf8) = 0 <0.000089>
19795 19:04:35.743692 ioctl(4, _IOC(_IOC_NONE, 0x75, 0x30, 0), 0xffffffffecf8) = 0 <0.000089>
19795 19:04:35.743992 ioctl(4, _IOC(_IOC_NONE, 0x75, 0x30, 0), 0xffffffffecf8) = 0 <0.000085>
19795 19:04:35.744158 ioctl(4, _IOC(_IOC_NONE, 0x75, 0x30, 0), 0xffffffffecf8) = 0 <0.000093>
19795 19:04:35.744460 ioctl(4, _IOC(_IOC_NONE, 0x75, 0x30, 0), 0xffffffffecf8) = 0 <0.000083>
19795 19:04:35.744622 ioctl(4, _IOC(_IOC_NONE, 0x75, 0x30, 0), 0xffffffffecf8) = 0 <0.000084>
19795 19:04:35.744889 ioctl(4, _IOC(_IOC_NONE, 0x75, 0x30, 0), 0xffffffffecf8) = 0 <0.000074>
19795 19:04:35.745031 ioctl(4, _IOC(_IOC_NONE, 0x75, 0x30, 0), 0xffffffffecf8) = 0 <0.000084>
19795 19:04:35.745279 ioctl(4, _IOC(_IOC_NONE, 0x75, 0x30, 0), 0xffffffffecf8) = 0 <0.000073>
19795 19:04:35.745452 ioctl(4, _IOC(_IOC_NONE, 0x75, 0x30, 0), 0xffffffffecf8) = 0 <0.000111>
19795 19:04:35.745786 ioctl(4, _IOC(_IOC_NONE, 0x75, 0x30, 0), 0xffffffffecf8) = 0 <0.000081>
19795 19:04:35.745936 ioctl(4, _IOC(_IOC_NONE, 0x75, 0x30, 0), 0xffffffffecf8) = 0 <0.000082>
19795 19:04:35.746180 ioctl(4, _IOC(_IOC_NONE, 0x75, 0x30, 0), 0xffffffffecf8) = 0 <0.000076>
19795 19:04:35.746321 ioctl(4, _IOC(_IOC_NONE, 0x75, 0x30, 0), 0xffffffffecf8) = 0 <0.000088>
19795 19:04:35.746571 ioctl(4, _IOC(_IOC_NONE, 0x75, 0x30, 0), 0xffffffffecf8) = 0 <0.000077>
19795 19:04:35.746711 ioctl(4, _IOC(_IOC_NONE, 0x75, 0x30, 0), 0xffffffffecf8) = 0 <0.000084>
19795 19:04:35.746951 ioctl(4, _IOC(_IOC_NONE, 0x75, 0x30, 0), 0xffffffffecf8) = 0 <0.000072>
19795 19:04:35.747087 ioctl(4, _IOC(_IOC_NONE, 0x75, 0x30, 0), 0xffffffffecf8) = 0 <0.000087>
19795 19:04:35.747329 ioctl(4, _IOC(_IOC_NONE, 0x75, 0x30, 0), 0xffffffffecf8) = 0 <0.000076>
19795 19:04:35.747467 ioctl(4, _IOC(_IOC_NONE, 0x75, 0x30, 0), 0xffffffffecf8) = 0 <0.000084>
19795 19:04:35.747707 ioctl(4, _IOC(_IOC_NONE, 0x75, 0x30, 0), 0xffffffffecf8) = 0 <0.000072>
19795 19:04:35.747844 ioctl(4, _IOC(_IOC_NONE, 0x75, 0x30, 0), 0xffffffffecf8) = 0 <0.000084>
19795 19:04:35.748084 ioctl(4, _IOC(_IOC_NONE, 0x75, 0x30, 0), 0xffffffffecf8) = 0 <0.000075>
19795 19:04:35.748232 ioctl(4, _IOC(_IOC_NONE, 0x75, 0x30, 0), 0xffffffffe998) = 0 <0.000053>
19795 19:04:35.748347 ioctl(4, _IOC(_IOC_NONE, 0x75, 0x30, 0), 0xffffffffea08) = 0 <0.000062>
19795 19:04:35.748467 ioctl(4, _IOC(_IOC_NONE, 0x75, 0x30, 0), 0xffffffffecf8) = 0 <0.000088>
19795 19:04:35.748752 ioctl(4, _IOC(_IOC_NONE, 0x75, 0x30, 0), 0xffffffffecf8) = 0 <0.000078>
19795 19:04:35.748897 ioctl(4, _IOC(_IOC_NONE, 0x75, 0x30, 0), 0xffffffffecf8) = 0 <0.000084>
19796 19:04:35.749115 <... ioctl resumed>, 0xfffff520e618) = 0 <0.005817>
19795 19:04:35.749327 ioctl(4, _IOC(_IOC_NONE, 0x75, 0x30, 0) <unfinished ...>
19796 19:04:35.749377 ioctl(4, _IOC(_IOC_NONE, 0x75, 0x30, 0), 0xfffff520e618) = 0 <0.000067>
19796 19:04:35.749514 ioctl(4, _IOC(_IOC_NONE, 0x75, 0x30, 0) <unfinished ...>
19795 19:04:35.749621 <... ioctl resumed>, 0xffffffffecf8) = 0 <0.000251>
19795 19:04:35.749707 ioctl(4, _IOC(_IOC_NONE, 0x75, 0x30, 0), 0xffffffffecf8) = 0 <0.000089>
19795 19:04:35.750016 ioctl(4, _IOC(_IOC_NONE, 0x75, 0x30, 0) <unfinished ...>
19796 19:04:35.750080 <... ioctl resumed>, 0xfffff520e608) = 0 <0.000538>
19795 19:04:35.750174 <... ioctl resumed>, 0xffffffffecf8) = 0 <0.000123>
19795 19:04:35.750223 ioctl(4, _IOC(_IOC_NONE, 0x75, 0x30, 0), 0xffffffffecf8) = 0 <0.000087>
19795 19:04:35.750506 ioctl(4, _IOC(_IOC_NONE, 0x75, 0x30, 0), 0xffffffffecf8) = 0 <0.000070>
19795 19:04:35.750641 ioctl(4, _IOC(_IOC_NONE, 0x75, 0x30, 0) <unfinished ...>
19796 19:04:35.750694 ioctl(4, _IOC(_IOC_NONE, 0x75, 0x30, 0) <unfinished ...>
19795 19:04:35.750808 <... ioctl resumed>, 0xffffffffecf8) = 0 <0.000140>
19795 19:04:35.751012 ioctl(4, _IOC(_IOC_NONE, 0x75, 0x30, 0) <unfinished ...>
19796 19:04:35.751057 <... ioctl resumed>, 0xfffff520e618) = 0 <0.000340>
19796 19:04:35.751118 ioctl(4, _IOC(_IOC_NONE, 0x75, 0x30, 0) <unfinished ...>
19795 19:04:35.751214 <... ioctl resumed>, 0xffffffffecf8) = 0 <0.000164>
19795 19:04:35.751267 ioctl(4, _IOC(_IOC_NONE, 0x75, 0x30, 0), 0xffffffffecf8) = 0 <0.000089>
19795 19:04:35.751566 ioctl(4, _IOC(_IOC_NONE, 0x75, 0x30, 0), 0xffffffffecf8) = 0 <0.000087>
19795 19:04:35.751737 ioctl(4, _IOC(_IOC_NONE, 0x75, 0x30, 0), 0xffffffffecf8) = 0 <0.000097>
19795 19:04:35.752055 ioctl(4, _IOC(_IOC_NONE, 0x75, 0x30, 0), 0xffffffffecf8) = 0 <0.000084>
19795 19:04:35.752220 ioctl(4, _IOC(_IOC_NONE, 0x75, 0x30, 0), 0xffffffffecf8) = 0 <0.000086>
19795 19:04:35.752495 ioctl(4, _IOC(_IOC_NONE, 0x75, 0x30, 0), 0xffffffffecf8) = 0 <0.000075>
19795 19:04:35.752642 ioctl(4, _IOC(_IOC_NONE, 0x75, 0x30, 0), 0xffffffffecf8) = 0 <0.000089>
19795 19:04:35.752909 ioctl(4, _IOC(_IOC_NONE, 0x75, 0x30, 0), 0xffffffffecf8) = 0 <0.000075>
19795 19:04:35.753054 ioctl(4, _IOC(_IOC_NONE, 0x75, 0x30, 0), 0xffffffffecf8) = 0 <0.000086>
19795 19:04:35.753316 ioctl(4, _IOC(_IOC_NONE, 0x75, 0x30, 0), 0xffffffffecf8) = 0 <0.000077>
19795 19:04:35.753463 ioctl(4, _IOC(_IOC_NONE, 0x75, 0x30, 0), 0xffffffffecf8) = 0 <0.000121>
19795 19:04:35.753831 ioctl(4, _IOC(_IOC_NONE, 0x75, 0x30, 0), 0xffffffffecf8) = 0 <0.000093>
19795 19:04:35.754014 ioctl(4, _IOC(_IOC_NONE, 0x75, 0x30, 0), 0xffffffffecf8) = 0 <0.000092>
19795 19:04:35.754327 ioctl(4, _IOC(_IOC_NONE, 0x75, 0x30, 0), 0xffffffffecf8) = 0 <0.000083>
19795 19:04:35.754495 ioctl(4, _IOC(_IOC_NONE, 0x75, 0x30, 0), 0xffffffffecf8) = 0 <0.000095>
19795 19:04:35.754789 ioctl(4, _IOC(_IOC_NONE, 0x75, 0x30, 0), 0xffffffffecf8) = 0 <0.000078>
19795 19:04:35.754939 ioctl(4, _IOC(_IOC_NONE, 0x75, 0x30, 0), 0xffffffffecf8) = 0 <0.000082>
19795 19:04:35.755194 ioctl(4, _IOC(_IOC_NONE, 0x75, 0x30, 0), 0xffffffffecf8) = 0 <0.000074>
19795 19:04:35.755338 ioctl(4, _IOC(_IOC_NONE, 0x75, 0x30, 0), 0xffffffffecf8) = 0 <0.000088>
19795 19:04:35.755660 ioctl(4, _IOC(_IOC_NONE, 0x75, 0x30, 0), 0xffffffffecf8) = 0 <0.000081>
19795 19:04:35.755820 ioctl(4, _IOC(_IOC_NONE, 0x75, 0x30, 0), 0xffffffffecf8) = 0 <0.000088>
19795 19:04:35.756081 ioctl(4, _IOC(_IOC_NONE, 0x75, 0x30, 0), 0xffffffffecf8) = 0 <0.000079>
19795 19:04:35.756237 ioctl(4, _IOC(_IOC_NONE, 0x75, 0x30, 0), 0xffffffffe998) = 0 <0.000051>
19795 19:04:35.756352 ioctl(4, _IOC(_IOC_NONE, 0x75, 0x30, 0), 0xffffffffea08) = 0 <0.000057>
19795 19:04:35.756468 ioctl(4, _IOC(_IOC_NONE, 0x75, 0x30, 0) <unfinished ...>
19796 19:04:35.756503 <... ioctl resumed>, 0xfffff520e618) = 0 <0.005360>
19795 19:04:35.756617 <... ioctl resumed>, 0xffffffffecf8) = 0 <0.000122>
19796 19:04:35.756815 ioctl(4, _IOC(_IOC_NONE, 0x75, 0x30, 0) <unfinished ...>
19795 19:04:35.756860 ioctl(4, _IOC(_IOC_NONE, 0x75, 0x30, 0) <unfinished ...>
19796 19:04:35.756914 <... ioctl resumed>, 0xfffff520e618) = 0 <0.000067>
19795 19:04:35.757000 <... ioctl resumed>, 0xffffffffecf8) = 0 <0.000119>
19795 19:04:35.757052 ioctl(4, _IOC(_IOC_NONE, 0x75, 0x30, 0) <unfinished ...>
19796 19:04:35.757086 ioctl(4, _IOC(_IOC_NONE, 0x75, 0x30, 0) <unfinished ...>
19795 19:04:35.757210 <... ioctl resumed>, 0xffffffffecf8) = 0 <0.000133>
19795 19:04:35.757390 ioctl(4, _IOC(_IOC_NONE, 0x75, 0x30, 0), 0xffffffffecf8) = 0 <0.000080>
19795 19:04:35.757541 ioctl(4, _IOC(_IOC_NONE, 0x75, 0x30, 0) <unfinished ...>
19796 19:04:35.757603 <... ioctl resumed>, 0xfffff520e608) = 0 <0.000493>
19795 19:04:35.757741 <... ioctl resumed>, 0xffffffffecf8) = 0 <0.000173>
19795 19:04:35.757950 ioctl(4, _IOC(_IOC_NONE, 0x75, 0x30, 0), 0xffffffffecf8) = 0 <0.000078>
19795 19:04:35.758107 ioctl(4, _IOC(_IOC_NONE, 0x75, 0x30, 0), 0xffffffffecf8) = 0 <0.000089>
19795 19:04:35.758416 ioctl(4, _IOC(_IOC_NONE, 0x75, 0x30, 0), 0xffffffffecf8) = 0 <0.000084>
19795 19:04:35.758581 ioctl(4, _IOC(_IOC_NONE, 0x75, 0x30, 0) <unfinished ...>
19796 19:04:35.758639 ioctl(4, _IOC(_IOC_NONE, 0x75, 0x30, 0) <unfinished ...>
19795 19:04:35.758758 <... ioctl resumed>, 0xffffffffecf8) = 0 <0.000144>
19796 19:04:35.758795 <... ioctl resumed>, 0xfffff520e618) = 0 <0.000131>
19795 19:04:35.758993 ioctl(4, _IOC(_IOC_NONE, 0x75, 0x30, 0) <unfinished ...>
19796 19:04:35.759034 ioctl(4, _IOC(_IOC_NONE, 0x75, 0x30, 0) <unfinished ...>
19795 19:04:35.759134 <... ioctl resumed>, 0xffffffffecf8) = 0 <0.000107>
19795 19:04:35.759186 ioctl(4, _IOC(_IOC_NONE, 0x75, 0x30, 0), 0xffffffffecf8) = 0 <0.000091>
19795 19:04:35.759486 ioctl(4, _IOC(_IOC_NONE, 0x75, 0x30, 0), 0xffffffffecf8) = 0 <0.000081>
19795 19:04:35.759649 ioctl(4, _IOC(_IOC_NONE, 0x75, 0x30, 0), 0xffffffffecf8) = 0 <0.000086>
19795 19:04:35.759947 ioctl(4, _IOC(_IOC_NONE, 0x75, 0x30, 0), 0xffffffffecf8) = 0 <0.000081>
19795 19:04:35.760109 ioctl(4, _IOC(_IOC_NONE, 0x75, 0x30, 0), 0xffffffffecf8) = 0 <0.000096>
19795 19:04:35.760439 ioctl(4, _IOC(_IOC_NONE, 0x75, 0x30, 0), 0xffffffffecf8) = 0 <0.000094>
19795 19:04:35.760633 ioctl(4, _IOC(_IOC_NONE, 0x75, 0x30, 0), 0xffffffffecf8) = 0 <0.000092>
19795 19:04:35.760938 ioctl(4, _IOC(_IOC_NONE, 0x75, 0x30, 0), 0xffffffffecf8) = 0 <0.000081>
19795 19:04:35.761101 ioctl(4, _IOC(_IOC_NONE, 0x75, 0x30, 0), 0xffffffffecf8) = 0 <0.000091>
19795 19:04:35.761404 ioctl(4, _IOC(_IOC_NONE, 0x75, 0x30, 0), 0xffffffffecf8) = 0 <0.000081>
19795 19:04:35.761593 ioctl(4, _IOC(_IOC_NONE, 0x75, 0x30, 0), 0xffffffffecf8) = 0 <0.000102>
19795 19:04:35.761948 ioctl(4, _IOC(_IOC_NONE, 0x75, 0x30, 0), 0xffffffffecf8) = 0 <0.000084>
19795 19:04:35.762125 ioctl(4, _IOC(_IOC_NONE, 0x75, 0x30, 0), 0xffffffffecf8) = 0 <0.000098>
19795 19:04:35.762514 ioctl(4, _IOC(_IOC_NONE, 0x75, 0x30, 0), 0xffffffffecf8) = 0 <0.000086>
19795 19:04:35.762688 ioctl(4, _IOC(_IOC_NONE, 0x75, 0x30, 0), 0xffffffffecf8) = 0 <0.000095>
19795 19:04:35.762992 ioctl(4, _IOC(_IOC_NONE, 0x75, 0x30, 0), 0xffffffffecf8) = 0 <0.000083>
19795 19:04:35.763159 ioctl(4, _IOC(_IOC_NONE, 0x75, 0x30, 0), 0xffffffffecf8) = 0 <0.000095>
19795 19:04:35.763434 ioctl(4, _IOC(_IOC_NONE, 0x75, 0x30, 0), 0xffffffffecf8) = 0 <0.000069>
19795 19:04:35.763568 ioctl(4, _IOC(_IOC_NONE, 0x75, 0x30, 0), 0xffffffffecf8) = 0 <0.000084>
19795 19:04:35.763810 ioctl(4, _IOC(_IOC_NONE, 0x75, 0x30, 0), 0xffffffffecf8) = 0 <0.000074>
19795 19:04:35.763947 ioctl(4, _IOC(_IOC_NONE, 0x75, 0x30, 0), 0xffffffffecf8) = 0 <0.000082>
19795 19:04:35.764178 ioctl(4, _IOC(_IOC_NONE, 0x75, 0x30, 0), 0xffffffffecf8) = 0 <0.000071>
19795 19:04:35.764323 ioctl(4, _IOC(_IOC_NONE, 0x75, 0x30, 0), 0xffffffffe998) = 0 <0.000049>
19795 19:04:35.764434 ioctl(4, _IOC(_IOC_NONE, 0x75, 0x30, 0), 0xffffffffea08) = 0 <0.000060>
19795 19:04:35.764553 ioctl(4, _IOC(_IOC_NONE, 0x75, 0x30, 0), 0xffffffffecf8) = 0 <0.000092>
19795 19:04:35.764844 ioctl(4, _IOC(_IOC_NONE, 0x75, 0x30, 0), 0xffffffffecf8) = 0 <0.000077>
19795 19:04:35.764986 ioctl(4, _IOC(_IOC_NONE, 0x75, 0x30, 0), 0xffffffffecf8) = 0 <0.000080>
19795 19:04:35.765221 ioctl(4, _IOC(_IOC_NONE, 0x75, 0x30, 0), 0xffffffffecf8) = 0 <0.000072>
19795 19:04:35.765355 ioctl(4, _IOC(_IOC_NONE, 0x75, 0x30, 0), 0xffffffffecf8) = 0 <0.000086>
19795 19:04:35.765634 ioctl(4, _IOC(_IOC_NONE, 0x75, 0x30, 0) <unfinished ...>
19796 19:04:35.765709 <... ioctl resumed>, 0xfffff520e618) = 0 <0.006653>
19795 19:04:35.765810 <... ioctl resumed>, 0xffffffffecf8) = 0 <0.000113>
19796 19:04:35.765840 ioctl(4, _IOC(_IOC_NONE, 0x75, 0x30, 0) <unfinished ...>
19795 19:04:35.765891 ioctl(4, _IOC(_IOC_NONE, 0x75, 0x30, 0), 0xffffffffecf8) = 0 <0.000082>
19796 19:04:35.766010 <... ioctl resumed>, 0xfffff520e618) = 0 <0.000149>
19796 19:04:35.766060 ioctl(4, _IOC(_IOC_NONE, 0x75, 0x30, 0) <unfinished ...>
19795 19:04:35.766253 ioctl(4, _IOC(_IOC_NONE, 0x75, 0x30, 0), 0xffffffffecf8) = 0 <0.000081>
19795 19:04:35.766417 ioctl(4, _IOC(_IOC_NONE, 0x75, 0x30, 0), 0xffffffffecf8) = 0 <0.000092>
19796 19:04:35.766568 <... ioctl resumed>, 0xfffff520e608) = 0 <0.000474>
19795 19:04:35.766768 ioctl(4, _IOC(_IOC_NONE, 0x75, 0x30, 0), 0xffffffffecf8) = 0 <0.000075>
19796 19:04:35.766895 ioctl(4, _IOC(_IOC_NONE, 0x75, 0x30, 0) <unfinished ...>
19795 19:04:35.766945 ioctl(4, _IOC(_IOC_NONE, 0x75, 0x30, 0) <unfinished ...>
19796 19:04:35.767035 <... ioctl resumed>, 0xfffff520e618) = 0 <0.000115>
19795 19:04:35.767094 <... ioctl resumed>, 0xffffffffecf8) = 0 <0.000128>
19795 19:04:35.767290 ioctl(4, _IOC(_IOC_NONE, 0x75, 0x30, 0) <unfinished ...>
19796 19:04:35.767330 ioctl(4, _IOC(_IOC_NONE, 0x75, 0x30, 0) <unfinished ...>
19795 19:04:35.767435 <... ioctl resumed>, 0xffffffffecf8) = 0 <0.000111>
19795 19:04:35.767492 ioctl(4, _IOC(_IOC_NONE, 0x75, 0x30, 0), 0xffffffffecf8) = 0 <0.000099>
19795 19:04:35.767801 ioctl(4, _IOC(_IOC_NONE, 0x75, 0x30, 0), 0xffffffffecf8) = 0 <0.000080>
19795 19:04:35.767960 ioctl(4, _IOC(_IOC_NONE, 0x75, 0x30, 0), 0xffffffffecf8) = 0 <0.000086>
19795 19:04:35.768254 ioctl(4, _IOC(_IOC_NONE, 0x75, 0x30, 0), 0xffffffffecf8) = 0 <0.000083>
19795 19:04:35.768420 ioctl(4, _IOC(_IOC_NONE, 0x75, 0x30, 0), 0xffffffffecf8) = 0 <0.000094>
19795 19:04:35.768782 ioctl(4, _IOC(_IOC_NONE, 0x75, 0x30, 0), 0xffffffffecf8) = 0 <0.000085>
19795 19:04:35.768951 ioctl(4, _IOC(_IOC_NONE, 0x75, 0x30, 0), 0xffffffffecf8) = 0 <0.000090>
19795 19:04:35.769246 ioctl(4, _IOC(_IOC_NONE, 0x75, 0x30, 0), 0xffffffffecf8) = 0 <0.000083>
19795 19:04:35.769416 ioctl(4, _IOC(_IOC_NONE, 0x75, 0x30, 0), 0xffffffffecf8) = 0 <0.000094>
19795 19:04:35.769755 ioctl(4, _IOC(_IOC_NONE, 0x75, 0x30, 0), 0xffffffffecf8) = 0 <0.000089>
19795 19:04:35.769941 ioctl(4, _IOC(_IOC_NONE, 0x75, 0x30, 0), 0xffffffffecf8) = 0 <0.000094>
19795 19:04:35.770239 ioctl(4, _IOC(_IOC_NONE, 0x75, 0x30, 0), 0xffffffffecf8) = 0 <0.000082>
19795 19:04:35.770401 ioctl(4, _IOC(_IOC_NONE, 0x75, 0x30, 0), 0xffffffffecf8) = 0 <0.000086>
19795 19:04:35.770688 ioctl(4, _IOC(_IOC_NONE, 0x75, 0x30, 0), 0xffffffffecf8) = 0 <0.000086>
19795 19:04:35.770856 ioctl(4, _IOC(_IOC_NONE, 0x75, 0x30, 0), 0xffffffffecf8) = 0 <0.000097>
19795 19:04:35.771164 ioctl(4, _IOC(_IOC_NONE, 0x75, 0x30, 0), 0xffffffffecf8) = 0 <0.000084>
19795 19:04:35.771335 ioctl(4, _IOC(_IOC_NONE, 0x75, 0x30, 0), 0xffffffffecf8) = 0 <0.000094>
19795 19:04:35.771639 ioctl(4, _IOC(_IOC_NONE, 0x75, 0x30, 0), 0xffffffffecf8) = 0 <0.000085>
19795 19:04:35.771806 ioctl(4, _IOC(_IOC_NONE, 0x75, 0x30, 0), 0xffffffffecf8) = 0 <0.000097>
19795 19:04:35.772098 ioctl(4, _IOC(_IOC_NONE, 0x75, 0x30, 0), 0xffffffffecf8) = 0 <0.000076>
19795 19:04:35.772246 ioctl(4, _IOC(_IOC_NONE, 0x75, 0x30, 0), 0xffffffffe998) = 0 <0.000051>
19795 19:04:35.772356 ioctl(4, _IOC(_IOC_NONE, 0x75, 0x30, 0), 0xffffffffea08) = 0 <0.000057>
19795 19:04:35.772471 ioctl(4, _IOC(_IOC_NONE, 0x75, 0x30, 0), 0xffffffffecf8) = 0 <0.000083>
19795 19:04:35.772730 ioctl(4, _IOC(_IOC_NONE, 0x75, 0x30, 0), 0xffffffffecf8) = 0 <0.000073>
19795 19:04:35.772866 ioctl(4, _IOC(_IOC_NONE, 0x75, 0x30, 0), 0xffffffffecf8) = 0 <0.000091>
19795 19:04:35.773150 ioctl(4, _IOC(_IOC_NONE, 0x75, 0x30, 0), 0xffffffffecf8) = 0 <0.000075>
19795 19:04:35.773288 ioctl(4, _IOC(_IOC_NONE, 0x75, 0x30, 0), 0xffffffffecf8) = 0 <0.000081>
19795 19:04:35.773516 ioctl(4, _IOC(_IOC_NONE, 0x75, 0x30, 0), 0xffffffffecf8) = 0 <0.000101>
19796 19:04:35.773678 <... ioctl resumed>, 0xfffff520e618) = 0 <0.006325>
19795 19:04:35.773746 ioctl(4, _IOC(_IOC_NONE, 0x75, 0x30, 0) <unfinished ...>
19796 19:04:35.773860 ioctl(4, _IOC(_IOC_NONE, 0x75, 0x30, 0) <unfinished ...>
19795 19:04:35.773899 <... ioctl resumed>, 0xffffffffecf8) = 0 <0.000127>
19796 19:04:35.773966 <... ioctl resumed>, 0xfffff520e618) = 0 <0.000080>
19796 19:04:35.774021 ioctl(4, _IOC(_IOC_NONE, 0x75, 0x30, 0) <unfinished ...>
19795 19:04:35.774185 ioctl(4, _IOC(_IOC_NONE, 0x75, 0x30, 0), 0xffffffffecf8) = 0 <0.000080>
19795 19:04:35.774335 ioctl(4, _IOC(_IOC_NONE, 0x75, 0x30, 0), 0xffffffffecf8) = 0 <0.000083>
19796 19:04:35.774520 <... ioctl resumed>, 0xfffff520e608) = 0 <0.000474>
19795 19:04:35.774665 ioctl(4, _IOC(_IOC_NONE, 0x75, 0x30, 0), 0xffffffffecf8) = 0 <0.000073>
19796 19:04:35.774797 ioctl(4, _IOC(_IOC_NONE, 0x75, 0x30, 0) <unfinished ...>
19795 19:04:35.774850 ioctl(4, _IOC(_IOC_NONE, 0x75, 0x30, 0), 0xffffffffecf8) = 0 <0.000083>
19796 19:04:35.774973 <... ioctl resumed>, 0xfffff520e618) = 0 <0.000152>
19796 19:04:35.775031 ioctl(4, _IOC(_IOC_NONE, 0x75, 0x30, 0) <unfinished ...>
19795 19:04:35.775305 ioctl(4, _IOC(_IOC_NONE, 0x75, 0x30, 0), 0xffffffffecf8) = 0 <0.000088>
19795 19:04:35.775482 ioctl(4, _IOC(_IOC_NONE, 0x75, 0x30, 0), 0xffffffffecf8) = 0 <0.000093>
19795 19:04:35.775771 ioctl(4, _IOC(_IOC_NONE, 0x75, 0x30, 0), 0xffffffffecf8) = 0 <0.000080>
19795 19:04:35.775927 ioctl(4, _IOC(_IOC_NONE, 0x75, 0x30, 0), 0xffffffffecf8) = 0 <0.000091>
19795 19:04:35.776216 ioctl(4, _IOC(_IOC_NONE, 0x75, 0x30, 0), 0xffffffffecf8) = 0 <0.000082>
19795 19:04:35.776374 ioctl(4, _IOC(_IOC_NONE, 0x75, 0x30, 0), 0xffffffffecf8) = 0 <0.000094>
19795 19:04:35.776663 ioctl(4, _IOC(_IOC_NONE, 0x75, 0x30, 0), 0xffffffffecf8) = 0 <0.000082>
19795 19:04:35.776819 ioctl(4, _IOC(_IOC_NONE, 0x75, 0x30, 0), 0xffffffffecf8) = 0 <0.000091>
19795 19:04:35.777111 ioctl(4, _IOC(_IOC_NONE, 0x75, 0x30, 0), 0xffffffffecf8) = 0 <0.000079>
19795 19:04:35.777269 ioctl(4, _IOC(_IOC_NONE, 0x75, 0x30, 0), 0xffffffffecf8) = 0 <0.000094>
19795 19:04:35.777565 ioctl(4, _IOC(_IOC_NONE, 0x75, 0x30, 0), 0xffffffffecf8) = 0 <0.000096>
19795 19:04:35.777786 ioctl(4, _IOC(_IOC_NONE, 0x75, 0x30, 0), 0xffffffffecf8) = 0 <0.000091>
19795 19:04:35.778087 ioctl(4, _IOC(_IOC_NONE, 0x75, 0x30, 0), 0xffffffffecf8) = 0 <0.000080>
19795 19:04:35.778245 ioctl(4, _IOC(_IOC_NONE, 0x75, 0x30, 0), 0xffffffffecf8) = 0 <0.000083>
19795 19:04:35.778500 ioctl(4, _IOC(_IOC_NONE, 0x75, 0x30, 0), 0xffffffffecf8) = 0 <0.000072>
19795 19:04:35.778638 ioctl(4, _IOC(_IOC_NONE, 0x75, 0x30, 0), 0xffffffffecf8) = 0 <0.000084>
19795 19:04:35.778870 ioctl(4, _IOC(_IOC_NONE, 0x75, 0x30, 0), 0xffffffffecf8) = 0 <0.000072>
19795 19:04:35.779004 ioctl(4, _IOC(_IOC_NONE, 0x75, 0x30, 0), 0xffffffffecf8) = 0 <0.000085>
19795 19:04:35.779234 ioctl(4, _IOC(_IOC_NONE, 0x75, 0x30, 0), 0xffffffffecf8) = 0 <0.000072>
19795 19:04:35.779371 ioctl(4, _IOC(_IOC_NONE, 0x75, 0x30, 0), 0xffffffffecf8) = 0 <0.000086>
19795 19:04:35.779627 ioctl(4, _IOC(_IOC_NONE, 0x75, 0x30, 0), 0xffffffffecf8) = 0 <0.000079>
19795 19:04:35.779790 ioctl(4, _IOC(_IOC_NONE, 0x75, 0x30, 0), 0xffffffffe998) = 0 <0.000058>
19795 19:04:35.779921 ioctl(4, _IOC(_IOC_NONE, 0x75, 0x30, 0), 0xffffffffea08) = 0 <0.000065>
19795 19:04:35.780054 ioctl(4, _IOC(_IOC_NONE, 0x75, 0x30, 0) <unfinished ...>
19796 19:04:35.780115 <... ioctl resumed>, 0xfffff520e618) = 0 <0.005058>
19795 19:04:35.780227 <... ioctl resumed>, 0xffffffffecf8) = 0 <0.000145>
19795 19:04:35.780422 ioctl(4, _IOC(_IOC_NONE, 0x75, 0x30, 0) <unfinished ...>
19796 19:04:35.780461 ioctl(4, _IOC(_IOC_NONE, 0x75, 0x30, 0), 0xfffff520e618) = 0 <0.000067>
19795 19:04:35.780603 <... ioctl resumed>, 0xffffffffecf8) = 0 <0.000149>
19795 19:04:35.780696 ioctl(4, _IOC(_IOC_NONE, 0x75, 0x30, 0) <unfinished ...>
19796 19:04:35.780728 ioctl(4, _IOC(_IOC_NONE, 0x75, 0x30, 0) <unfinished ...>
19795 19:04:35.780846 <... ioctl resumed>, 0xffffffffecf8) = 0 <0.000122>
19795 19:04:35.781040 ioctl(4, _IOC(_IOC_NONE, 0x75, 0x30, 0), 0xffffffffecf8) = 0 <0.000081>
19795 19:04:35.781195 ioctl(4, _IOC(_IOC_NONE, 0x75, 0x30, 0), 0xffffffffecf8) = 0 <0.000080>
19796 19:04:35.781315 <... ioctl resumed>, 0xfffff520e608) = 0 <0.000568>
19795 19:04:35.781548 ioctl(4, _IOC(_IOC_NONE, 0x75, 0x30, 0), 0xffffffffecf8) = 0 <0.000089>
19795 19:04:35.781803 ioctl(4, _IOC(_IOC_NONE, 0x75, 0x30, 0), 0xffffffffecf8) = 0 <0.000084>
19795 19:04:35.782101 ioctl(4, _IOC(_IOC_NONE, 0x75, 0x30, 0), 0xffffffffecf8) = 0 <0.000081>
19795 19:04:35.782267 ioctl(4, _IOC(_IOC_NONE, 0x75, 0x30, 0), 0xffffffffecf8) = 0 <0.000098>
19796 19:04:35.782419 ioctl(4, _IOC(_IOC_NONE, 0x75, 0x30, 0) <unfinished ...>
19795 19:04:35.782610 ioctl(4, _IOC(_IOC_NONE, 0x75, 0x30, 0) <unfinished ...>
19796 19:04:35.782652 <... ioctl resumed>, 0xfffff520e618) = 0 <0.000206>
19795 19:04:35.782760 <... ioctl resumed>, 0xffffffffecf8) = 0 <0.000115>
19795 19:04:35.782814 ioctl(4, _IOC(_IOC_NONE, 0x75, 0x30, 0) <unfinished ...>
19796 19:04:35.782843 ioctl(4, _IOC(_IOC_NONE, 0x75, 0x30, 0) <unfinished ...>
19795 19:04:35.782962 <... ioctl resumed>, 0xffffffffecf8) = 0 <0.000123>
19795 19:04:35.783152 ioctl(4, _IOC(_IOC_NONE, 0x75, 0x30, 0), 0xffffffffecf8) = 0 <0.000081>
19795 19:04:35.783307 ioctl(4, _IOC(_IOC_NONE, 0x75, 0x30, 0), 0xffffffffecf8) = 0 <0.000090>
19795 19:04:35.783580 ioctl(4, _IOC(_IOC_NONE, 0x75, 0x30, 0), 0xffffffffecf8) = 0 <0.000077>
19795 19:04:35.783726 ioctl(4, _IOC(_IOC_NONE, 0x75, 0x30, 0), 0xffffffffecf8) = 0 <0.000084>
19795 19:04:35.783966 ioctl(4, _IOC(_IOC_NONE, 0x75, 0x30, 0), 0xffffffffecf8) = 0 <0.000072>
19795 19:04:35.784102 ioctl(4, _IOC(_IOC_NONE, 0x75, 0x30, 0), 0xffffffffecf8) = 0 <0.000081>
19795 19:04:35.784323 ioctl(4, _IOC(_IOC_NONE, 0x75, 0x30, 0), 0xffffffffecf8) = 0 <0.000071>
19795 19:04:35.784458 ioctl(4, _IOC(_IOC_NONE, 0x75, 0x30, 0), 0xffffffffecf8) = 0 <0.000087>
19795 19:04:35.784698 ioctl(4, _IOC(_IOC_NONE, 0x75, 0x30, 0), 0xffffffffecf8) = 0 <0.000077>
19795 19:04:35.784844 ioctl(4, _IOC(_IOC_NONE, 0x75, 0x30, 0), 0xffffffffecf8) = 0 <0.000083>
19795 19:04:35.785076 ioctl(4, _IOC(_IOC_NONE, 0x75, 0x30, 0), 0xffffffffecf8) = 0 <0.000075>
19795 19:04:35.785216 ioctl(4, _IOC(_IOC_NONE, 0x75, 0x30, 0), 0xffffffffecf8) = 0 <0.000085>
19795 19:04:35.785449 ioctl(4, _IOC(_IOC_NONE, 0x75, 0x30, 0), 0xffffffffecf8) = 0 <0.000077>
19795 19:04:35.785618 ioctl(4, _IOC(_IOC_NONE, 0x75, 0x30, 0), 0xffffffffecf8) = 0 <0.000092>
19795 19:04:35.785934 ioctl(4, _IOC(_IOC_NONE, 0x75, 0x30, 0), 0xffffffffecf8) = 0 <0.000083>
19795 19:04:35.786101 ioctl(4, _IOC(_IOC_NONE, 0x75, 0x30, 0), 0xffffffffecf8) = 0 <0.000097>
19795 19:04:35.786416 ioctl(4, _IOC(_IOC_NONE, 0x75, 0x30, 0), 0xffffffffecf8) = 0 <0.000087>
19795 19:04:35.786591 ioctl(4, _IOC(_IOC_NONE, 0x75, 0x30, 0), 0xffffffffecf8) = 0 <0.000092>
19795 19:04:35.786890 ioctl(4, _IOC(_IOC_NONE, 0x75, 0x30, 0), 0xffffffffecf8) = 0 <0.000082>
19795 19:04:35.787052 ioctl(4, _IOC(_IOC_NONE, 0x75, 0x30, 0), 0xffffffffecf8) = 0 <0.000096>
19795 19:04:35.787406 ioctl(4, _IOC(_IOC_NONE, 0x75, 0x30, 0), 0xffffffffecd8) = 0 <0.000086>
19795 19:04:35.787588 ioctl(4, _IOC(_IOC_NONE, 0x75, 0x30, 0), 0xffffffffe978) = 0 <0.000065>
19795 19:04:35.787731 ioctl(4, _IOC(_IOC_NONE, 0x75, 0x30, 0), 0xffffffffe9e8) = 0 <0.000059>
19795 19:04:35.787853 ioctl(4, _IOC(_IOC_NONE, 0x75, 0x30, 0), 0xffffffffecd8) = 0 <0.000091>
19796 19:04:35.787988 <... ioctl resumed>, 0xfffff520e618) = 0 <0.005124>
19796 19:04:35.788107 ioctl(4, _IOC(_IOC_NONE, 0x75, 0x30, 0) <unfinished ...>
19795 19:04:35.788227 ioctl(4, _IOC(_IOC_NONE, 0x75, 0x30, 0) <unfinished ...>
19796 19:04:35.788321 <... ioctl resumed>, 0xfffff520e618) = 0 <0.000182>
19795 19:04:35.788357 <... ioctl resumed>, 0xffffffffecd8) = 0 <0.000106>
19795 19:04:35.788408 ioctl(4, _IOC(_IOC_NONE, 0x75, 0x30, 0) <unfinished ...>
19796 19:04:35.788529 ioctl(4, _IOC(_IOC_NONE, 0x75, 0x30, 0) <unfinished ...>
19795 19:04:35.788624 <... ioctl resumed>, 0xffffffffecd8) = 0 <0.000160>
19795 19:04:35.788803 ioctl(4, _IOC(_IOC_NONE, 0x75, 0x30, 0), 0xffffffffecd8) = 0 <0.000083>
19795 19:04:35.788954 ioctl(4, _IOC(_IOC_NONE, 0x75, 0x30, 0) <unfinished ...>
19796 19:04:35.789019 <... ioctl resumed>, 0xfffff520e608) = 0 <0.000463>
19795 19:04:35.789105 <... ioctl resumed>, 0xffffffffecd8) = 0 <0.000127>
19795 19:04:35.789294 ioctl(4, _IOC(_IOC_NONE, 0x75, 0x30, 0), 0xffffffffecd8) = 0 <0.000074>
19795 19:04:35.789439 ioctl(4, _IOC(_IOC_NONE, 0x75, 0x30, 0), 0xffffffffecd8) = 0 <0.000087>
19795 19:04:35.789762 ioctl(4, _IOC(_IOC_NONE, 0x75, 0x30, 0), 0xffffffffecd8) = 0 <0.000092>
19795 19:04:35.789970 ioctl(4, _IOC(_IOC_NONE, 0x75, 0x30, 0), 0xffffffffecd8) = 0 <0.000088>
19796 19:04:35.790248 ioctl(4, _IOC(_IOC_NONE, 0x75, 0x30, 0) <unfinished ...>
19795 19:04:35.790329 ioctl(4, _IOC(_IOC_NONE, 0x75, 0x30, 0), 0xffffffffecd8) = 0 <0.000068>
19796 19:04:35.790439 <... ioctl resumed>, 0xfffff520e618) = 0 <0.000156>
19795 19:04:35.790494 ioctl(4, _IOC(_IOC_NONE, 0x75, 0x30, 0), 0xffffffffecd8) = 0 <0.000088>
19796 19:04:35.790673 ioctl(4, _IOC(_IOC_NONE, 0x75, 0x30, 0) <unfinished ...>
19795 19:04:35.790838 ioctl(4, _IOC(_IOC_NONE, 0x75, 0x30, 0), 0xffffffffecd8) = 0 <0.000084>
19795 19:04:35.791000 ioctl(4, _IOC(_IOC_NONE, 0x75, 0x30, 0), 0xffffffffecd8) = 0 <0.000090>
19795 19:04:35.791293 ioctl(4, _IOC(_IOC_NONE, 0x75, 0x30, 0), 0xffffffffecd8) = 0 <0.000083>
19795 19:04:35.791455 ioctl(4, _IOC(_IOC_NONE, 0x75, 0x30, 0), 0xffffffffecd8) = 0 <0.000097>
19795 19:04:35.791738 ioctl(4, _IOC(_IOC_NONE, 0x75, 0x30, 0), 0xffffffffecd8) = 0 <0.000077>
19795 19:04:35.791882 ioctl(4, _IOC(_IOC_NONE, 0x75, 0x30, 0), 0xffffffffecd8) = 0 <0.000084>
19795 19:04:35.792116 ioctl(4, _IOC(_IOC_NONE, 0x75, 0x30, 0), 0xffffffffecd8) = 0 <0.000076>
19795 19:04:35.792258 ioctl(4, _IOC(_IOC_NONE, 0x75, 0x30, 0), 0xffffffffecd8) = 0 <0.000086>
19795 19:04:35.792534 ioctl(4, _IOC(_IOC_NONE, 0x75, 0x30, 0), 0xffffffffecf8) = 0 <0.000077>
19795 19:04:35.792682 ioctl(4, _IOC(_IOC_NONE, 0x75, 0x30, 0), 0xffffffffecf8) = 0 <0.000085>
19795 19:04:35.792908 ioctl(4, _IOC(_IOC_NONE, 0x75, 0x30, 0), 0xffffffffecf8) = 0 <0.000078>
19795 19:04:35.793052 ioctl(4, _IOC(_IOC_NONE, 0x75, 0x30, 0), 0xffffffffecf8) = 0 <0.000087>
19795 19:04:35.793288 ioctl(4, _IOC(_IOC_NONE, 0x75, 0x30, 0), 0xffffffffecf8) = 0 <0.000076>
19795 19:04:35.793432 ioctl(4, _IOC(_IOC_NONE, 0x75, 0x30, 0), 0xffffffffecf8) = 0 <0.000087>
19795 19:04:35.793727 ioctl(4, _IOC(_IOC_NONE, 0x75, 0x30, 0), 0xffffffffecf8) = 0 <0.000083>
19795 19:04:35.793911 ioctl(4, _IOC(_IOC_NONE, 0x75, 0x30, 0), 0xffffffffecf8) = 0 <0.000089>
19795 19:04:35.794203 ioctl(4, _IOC(_IOC_NONE, 0x75, 0x30, 0), 0xffffffffecf8) = 0 <0.000085>
19795 19:04:35.794378 ioctl(4, _IOC(_IOC_NONE, 0x75, 0x30, 0), 0xffffffffecf8) = 0 <0.000090>
19795 19:04:35.794667 ioctl(4, _IOC(_IOC_NONE, 0x75, 0x30, 0), 0xffffffffecf8) = 0 <0.000079>
19795 19:04:35.794824 ioctl(4, _IOC(_IOC_NONE, 0x75, 0x30, 0), 0xffffffffecf8) = 0 <0.000083>
19795 19:04:35.795102 ioctl(4, _IOC(_IOC_NONE, 0x75, 0x30, 0), 0xffffffffecf8) = 0 <0.000085>
19795 19:04:35.795278 ioctl(4, _IOC(_IOC_NONE, 0x75, 0x30, 0), 0xffffffffe998) = 0 <0.000061>
19795 19:04:35.795413 ioctl(4, _IOC(_IOC_NONE, 0x75, 0x30, 0), 0xffffffffea08) = 0 <0.000063>
19795 19:04:35.795548 ioctl(4, _IOC(_IOC_NONE, 0x75, 0x30, 0) <unfinished ...>
19796 19:04:35.795635 <... ioctl resumed>, 0xfffff520e618) = 0 <0.004932>
19795 19:04:35.795722 <... ioctl resumed>, 0xffffffffecf8) = 0 <0.000146>
19795 19:04:35.795901 ioctl(4, _IOC(_IOC_NONE, 0x75, 0x30, 0) <unfinished ...>
19796 19:04:35.795942 ioctl(4, _IOC(_IOC_NONE, 0x75, 0x30, 0), 0xfffff520e618) = 0 <0.000069>
19795 19:04:35.796082 <... ioctl resumed>, 0xffffffffecf8) = 0 <0.000147>
19795 19:04:35.796139 ioctl(4, _IOC(_IOC_NONE, 0x75, 0x30, 0) <unfinished ...>
19796 19:04:35.796214 ioctl(4, _IOC(_IOC_NONE, 0x75, 0x30, 0) <unfinished ...>
19795 19:04:35.796344 <... ioctl resumed>, 0xffffffffecf8) = 0 <0.000177>
19795 19:04:35.796538 ioctl(4, _IOC(_IOC_NONE, 0x75, 0x30, 0), 0xffffffffecf8) = 0 <0.000079>
19795 19:04:35.796691 ioctl(4, _IOC(_IOC_NONE, 0x75, 0x30, 0), 0xffffffffecf8) = 0 <0.000080>
19796 19:04:35.796840 <... ioctl resumed>, 0xfffff520e608) = 0 <0.000573>
19795 19:04:35.797000 ioctl(4, _IOC(_IOC_NONE, 0x75, 0x30, 0), 0xffffffffecf8) = 0 <0.000075>
19795 19:04:35.797143 ioctl(4, _IOC(_IOC_NONE, 0x75, 0x30, 0), 0xffffffffecf8) = 0 <0.000086>
19795 19:04:35.797414 ioctl(4, _IOC(_IOC_NONE, 0x75, 0x30, 0), 0xffffffffecf8) = 0 <0.000082>
19795 19:04:35.797608 ioctl(4, _IOC(_IOC_NONE, 0x75, 0x30, 0), 0xffffffffecf8) = 0 <0.000098>
19795 19:04:35.797949 ioctl(4, _IOC(_IOC_NONE, 0x75, 0x30, 0) <unfinished ...>
19796 19:04:35.797995 ioctl(4, _IOC(_IOC_NONE, 0x75, 0x30, 0) <unfinished ...>
19795 19:04:35.798099 <... ioctl resumed>, 0xffffffffecf8) = 0 <0.000111>
19796 19:04:35.798151 <... ioctl resumed>, 0xfffff520e618) = 0 <0.000134>
19795 19:04:35.798183 ioctl(4, _IOC(_IOC_NONE, 0x75, 0x30, 0), 0xffffffffecf8) = 0 <0.000094>
19796 19:04:35.798349 ioctl(4, _IOC(_IOC_NONE, 0x75, 0x30, 0) <unfinished ...>
19795 19:04:35.798527 ioctl(4, _IOC(_IOC_NONE, 0x75, 0x30, 0), 0xffffffffecf8) = 0 <0.000073>
19795 19:04:35.798672 ioctl(4, _IOC(_IOC_NONE, 0x75, 0x30, 0), 0xffffffffecf8) = 0 <0.000091>
19795 19:04:35.798955 ioctl(4, _IOC(_IOC_NONE, 0x75, 0x30, 0), 0xffffffffecf8) = 0 <0.000079>
19795 19:04:35.799111 ioctl(4, _IOC(_IOC_NONE, 0x75, 0x30, 0), 0xffffffffecf8) = 0 <0.000083>
19795 19:04:35.799957 ioctl(4, _IOC(_IOC_NONE, 0x75, 0x30, 0), 0xffffffffec58) = 0 <0.000094>
19795 19:04:35.800148 ioctl(4, _IOC(_IOC_NONE, 0x75, 0x30, 0), 0xffffffffec58) = 0 <0.000086>
19795 19:04:35.800477 ioctl(4, _IOC(_IOC_NONE, 0x75, 0x30, 0), 0xffffffffec98) = 0 <0.000082>
19795 19:04:35.800640 ioctl(4, _IOC(_IOC_NONE, 0x75, 0x30, 0), 0xffffffffec98) = 0 <0.000089>
19795 19:04:35.801074 ioctl(4, _IOC(_IOC_NONE, 0x75, 0x30, 0), 0xffffffffec98) = 0 <0.000090>
19795 19:04:35.801258 ioctl(4, _IOC(_IOC_NONE, 0x75, 0x30, 0), 0xffffffffec98) = 0 <0.000089>
19795 19:04:35.801510 ioctl(4, _IOC(_IOC_NONE, 0x75, 0x30, 0), 0xffffffffec98) = 0 <0.000106>
19795 19:04:35.801714 ioctl(4, _IOC(_IOC_NONE, 0x75, 0x30, 0), 0xffffffffec98) = 0 <0.000082>
19795 19:04:35.802050 ioctl(4, _IOC(_IOC_NONE, 0x75, 0x30, 0), 0xffffffffeb88) = 0 <0.000078>
19795 19:04:35.802202 ioctl(4, _IOC(_IOC_NONE, 0x75, 0x30, 0), 0xffffffffeb88) = 0 <0.000079>
19795 19:04:35.802446 ioctl(4, _IOC(_IOC_NONE, 0x75, 0x30, 0), 0xffffffffebb8) = 0 <0.000078>
19795 19:04:35.802594 ioctl(4, _IOC(_IOC_NONE, 0x75, 0x30, 0), 0xffffffffebb8) = 0 <0.000082>
19795 19:04:35.802826 ioctl(4, _IOC(_IOC_NONE, 0x75, 0x30, 0), 0xffffffffec98) = 0 <0.000072>
19795 19:04:35.802964 ioctl(4, _IOC(_IOC_NONE, 0x75, 0x30, 0), 0xffffffffec98) = 0 <0.000087>
19795 19:04:35.803189 ioctl(4, _IOC(_IOC_NONE, 0x75, 0x30, 0), 0xffffffffec98) = 0 <0.000073>
19795 19:04:35.803325 ioctl(4, _IOC(_IOC_NONE, 0x75, 0x30, 0), 0xffffffffec98) = 0 <0.000084>
19795 19:04:35.803546 ioctl(4, _IOC(_IOC_NONE, 0x75, 0x30, 0), 0xffffffffec98) = 0 <0.000074>
19795 19:04:35.803688 ioctl(4, _IOC(_IOC_NONE, 0x75, 0x30, 0), 0xffffffffe938) = 0 <0.000053>
19795 19:04:35.803802 ioctl(4, _IOC(_IOC_NONE, 0x75, 0x30, 0), 0xffffffffe9a8) = 0 <0.000064>
19795 19:04:35.803924 ioctl(4, _IOC(_IOC_NONE, 0x75, 0x30, 0), 0xffffffffec98) = 0 <0.000084>
19795 19:04:35.804154 ioctl(4, _IOC(_IOC_NONE, 0x75, 0x30, 0), 0xffffffffec98) = 0 <0.000074>
19795 19:04:35.804292 ioctl(4, _IOC(_IOC_NONE, 0x75, 0x30, 0), 0xffffffffec98) = 0 <0.000084>
19795 19:04:35.804522 ioctl(4, _IOC(_IOC_NONE, 0x75, 0x30, 0), 0xffffffffec98) = 0 <0.000075>
19795 19:04:35.804662 ioctl(4, _IOC(_IOC_NONE, 0x75, 0x30, 0), 0xffffffffec98) = 0 <0.000079>
19795 19:04:35.804881 ioctl(4, _IOC(_IOC_NONE, 0x75, 0x30, 0), 0xffffffffec98) = 0 <0.000073>
19795 19:04:35.805021 ioctl(4, _IOC(_IOC_NONE, 0x75, 0x30, 0), 0xffffffffec98) = 0 <0.000085>
19795 19:04:35.805248 ioctl(4, _IOC(_IOC_NONE, 0x75, 0x30, 0), 0xffffffffec98) = 0 <0.000080>
19795 19:04:35.805421 ioctl(4, _IOC(_IOC_NONE, 0x75, 0x30, 0), 0xffffffffec98) = 0 <0.000079>
19796 19:04:35.805659 <... ioctl resumed>, 0xfffff520e618) = 0 <0.007278>
19795 19:04:35.805762 ioctl(4, _IOC(_IOC_NONE, 0x75, 0x30, 0) <unfinished ...>
19796 19:04:35.805868 ioctl(4, _IOC(_IOC_NONE, 0x75, 0x30, 0) <unfinished ...>
19795 19:04:35.805903 <... ioctl resumed>, 0xffffffffec98) = 0 <0.000110>
19795 19:04:35.805959 ioctl(4, _IOC(_IOC_NONE, 0x75, 0x30, 0) <unfinished ...>
19796 19:04:35.805985 <... ioctl resumed>, 0xfffff520e618) = 0 <0.000093>
19795 19:04:35.806093 <... ioctl resumed>, 0xffffffffec98) = 0 <0.000112>
19796 19:04:35.806124 ioctl(4, _IOC(_IOC_NONE, 0x75, 0x30, 0) <unfinished ...>
19795 19:04:35.806300 ioctl(4, _IOC(_IOC_NONE, 0x75, 0x30, 0), 0xffffffffec98) = 0 <0.000073>
19795 19:04:35.806442 ioctl(4, _IOC(_IOC_NONE, 0x75, 0x30, 0), 0xffffffffec98) = 0 <0.000080>
19795 19:04:35.806695 ioctl(4, _IOC(_IOC_NONE, 0x75, 0x30, 0) <unfinished ...>
19796 19:04:35.806738 <... ioctl resumed>, 0xfffff520e608) = 0 <0.000591>
19796 19:04:35.806794 ioctl(4, _IOC(_IOC_NONE, 0x75, 0x30, 0), 0xfffff520e618) = 0 <0.000057>
19795 19:04:35.806913 <... ioctl resumed>, 0xffffffffec98) = 0 <0.000183>
19796 19:04:35.806953 ioctl(4, _IOC(_IOC_NONE, 0x75, 0x30, 0) <unfinished ...>
19795 19:04:35.806983 ioctl(4, _IOC(_IOC_NONE, 0x75, 0x30, 0), 0xffffffffec98) = 0 <0.000080>
19795 19:04:35.807240 ioctl(4, _IOC(_IOC_NONE, 0x75, 0x30, 0), 0xffffffffec98) = 0 <0.000077>
19795 19:04:35.807394 ioctl(4, _IOC(_IOC_NONE, 0x75, 0x30, 0), 0xffffffffec98) = 0 <0.000088>
19795 19:04:35.807690 ioctl(4, _IOC(_IOC_NONE, 0x75, 0x30, 0), 0xffffffffec98) = 0 <0.000121>
19795 19:04:35.807904 ioctl(4, _IOC(_IOC_NONE, 0x75, 0x30, 0), 0xffffffffec98) = 0 <0.000096>
19795 19:04:35.808218 ioctl(4, _IOC(_IOC_NONE, 0x75, 0x30, 0), 0xffffffffec98) = 0 <0.000088>
19795 19:04:35.808392 ioctl(4, _IOC(_IOC_NONE, 0x75, 0x30, 0), 0xffffffffec98) = 0 <0.000092>
19795 19:04:35.808693 ioctl(4, _IOC(_IOC_NONE, 0x75, 0x30, 0), 0xffffffffec98) = 0 <0.000088>
19795 19:04:35.808861 ioctl(4, _IOC(_IOC_NONE, 0x75, 0x30, 0), 0xffffffffec98) = 0 <0.000095>
19795 19:04:35.809150 ioctl(4, _IOC(_IOC_NONE, 0x75, 0x30, 0), 0xffffffffec98) = 0 <0.000079>
19795 19:04:35.809309 ioctl(4, _IOC(_IOC_NONE, 0x75, 0x30, 0), 0xffffffffec98) = 0 <0.000092>
19795 19:04:35.809691 ioctl(4, _IOC(_IOC_NONE, 0x75, 0x30, 0), 0xffffffffec98) = 0 <0.000100>
19795 19:04:35.809904 ioctl(4, _IOC(_IOC_NONE, 0x75, 0x30, 0), 0xffffffffec98) = 0 <0.000096>
19795 19:04:35.810212 ioctl(4, _IOC(_IOC_NONE, 0x75, 0x30, 0), 0xffffffffec98) = 0 <0.000083>
19795 19:04:35.810376 ioctl(4, _IOC(_IOC_NONE, 0x75, 0x30, 0), 0xffffffffec98) = 0 <0.000090>
19795 19:04:35.810659 ioctl(4, _IOC(_IOC_NONE, 0x75, 0x30, 0), 0xffffffffec98) = 0 <0.000083>
19795 19:04:35.810824 ioctl(4, _IOC(_IOC_NONE, 0x75, 0x30, 0), 0xffffffffec98) = 0 <0.000093>
19795 19:04:35.811106 ioctl(4, _IOC(_IOC_NONE, 0x75, 0x30, 0), 0xffffffffec98) = 0 <0.000084>
19795 19:04:35.811276 ioctl(4, _IOC(_IOC_NONE, 0x75, 0x30, 0), 0xffffffffe938) = 0 <0.000056>
19795 19:04:35.811402 ioctl(4, _IOC(_IOC_NONE, 0x75, 0x30, 0), 0xffffffffe9a8) = 0 <0.000069>
19796 19:04:35.811544 <... ioctl resumed>, 0xfffff520e618) = 0 <0.004569>
19795 19:04:35.811611 ioctl(4, _IOC(_IOC_NONE, 0x75, 0x30, 0) <unfinished ...>
19796 19:04:35.811724 ioctl(4, _IOC(_IOC_NONE, 0x75, 0x30, 0) <unfinished ...>
19795 19:04:35.811807 <... ioctl resumed>, 0xffffffffec98) = 0 <0.000170>
19796 19:04:35.811838 <... ioctl resumed>, 0xfffff520e618) = 0 <0.000088>
19796 19:04:35.811887 ioctl(4, _IOC(_IOC_NONE, 0x75, 0x30, 0) <unfinished ...>
19795 19:04:35.812540 ioctl(4, _IOC(_IOC_NONE, 0x75, 0x30, 0) <unfinished ...>
19796 19:04:35.812602 <... ioctl resumed>, 0xfffff520e608) = 0 <0.000691>
19795 19:04:35.812715 <... ioctl resumed>, 0xffffffffec98) = 0 <0.000124>
19795 19:04:35.812778 ioctl(4, _IOC(_IOC_NONE, 0x75, 0x30, 0), 0xffffffffec98) = 0 <0.000087>
19795 19:04:35.813066 ioctl(4, _IOC(_IOC_NONE, 0x75, 0x30, 0) <unfinished ...>
19796 19:04:35.813139 ioctl(4, _IOC(_IOC_NONE, 0x75, 0x30, 0), 0xfffff520e618) = 0 <0.000065>
19795 19:04:35.813362 <... ioctl resumed>, 0xffffffffec98) = 0 <0.000257>
19796 19:04:35.813403 ioctl(4, _IOC(_IOC_NONE, 0x75, 0x30, 0) <unfinished ...>
19795 19:04:35.813455 ioctl(4, _IOC(_IOC_NONE, 0x75, 0x30, 0), 0xffffffffec98) = 0 <0.000146>
19795 19:04:35.813812 ioctl(4, _IOC(_IOC_NONE, 0x75, 0x30, 0), 0xffffffffec98) = 0 <0.000079>
19795 19:04:35.813985 ioctl(4, _IOC(_IOC_NONE, 0x75, 0x30, 0), 0xffffffffec98) = 0 <0.000088>
19795 19:04:35.814286 ioctl(4, _IOC(_IOC_NONE, 0x75, 0x30, 0), 0xffffffffec98) = 0 <0.000087>
19795 19:04:35.814460 ioctl(4, _IOC(_IOC_NONE, 0x75, 0x30, 0), 0xffffffffec98) = 0 <0.000096>
19795 19:04:35.814754 ioctl(4, _IOC(_IOC_NONE, 0x75, 0x30, 0), 0xffffffffec98) = 0 <0.000082>
19795 19:04:35.814915 ioctl(4, _IOC(_IOC_NONE, 0x75, 0x30, 0), 0xffffffffec98) = 0 <0.000092>
19795 19:04:35.815197 ioctl(4, _IOC(_IOC_NONE, 0x75, 0x30, 0), 0xffffffffec98) = 0 <0.000081>
19795 19:04:35.815359 ioctl(4, _IOC(_IOC_NONE, 0x75, 0x30, 0), 0xffffffffec98) = 0 <0.000092>
19795 19:04:35.815640 ioctl(4, _IOC(_IOC_NONE, 0x75, 0x30, 0), 0xffffffffec98) = 0 <0.000078>
19795 19:04:35.815796 ioctl(4, _IOC(_IOC_NONE, 0x75, 0x30, 0), 0xffffffffec98) = 0 <0.000086>
19795 19:04:35.816042 ioctl(4, _IOC(_IOC_NONE, 0x75, 0x30, 0), 0xffffffffec98) = 0 <0.000073>
19795 19:04:35.816182 ioctl(4, _IOC(_IOC_NONE, 0x75, 0x30, 0), 0xffffffffec98) = 0 <0.000086>
19795 19:04:35.816492 ioctl(4, _IOC(_IOC_NONE, 0x75, 0x30, 0), 0xffffffffeb88) = 0 <0.000084>
19795 19:04:35.816651 ioctl(4, _IOC(_IOC_NONE, 0x75, 0x30, 0), 0xffffffffeb88) = 0 <0.000076>
19795 19:04:35.816927 ioctl(4, _IOC(_IOC_NONE, 0x75, 0x30, 0), 0xffffffffec98) = 0 <0.000074>
19795 19:04:35.817071 ioctl(4, _IOC(_IOC_NONE, 0x75, 0x30, 0), 0xffffffffec98) = 0 <0.000084>
19795 19:04:35.817280 ioctl(4, _IOC(_IOC_NONE, 0x75, 0x30, 0), 0xffffffffec98) = 0 <0.000072>
19795 19:04:35.817414 ioctl(4, _IOC(_IOC_NONE, 0x75, 0x30, 0), 0xffffffffec98) = 0 <0.000084>
19795 19:04:35.817671 ioctl(4, _IOC(_IOC_NONE, 0x75, 0x30, 0), 0xffffffffec98) = 0 <0.000080>
19795 19:04:35.817839 ioctl(4, _IOC(_IOC_NONE, 0x75, 0x30, 0), 0xffffffffec98) = 0 <0.000082>
19795 19:04:35.818059 ioctl(4, _IOC(_IOC_NONE, 0x75, 0x30, 0), 0xffffffffec98) = 0 <0.000071>
19795 19:04:35.818192 ioctl(4, _IOC(_IOC_NONE, 0x75, 0x30, 0), 0xffffffffec98) = 0 <0.000080>
19795 19:04:35.818380 ioctl(4, _IOC(_IOC_NONE, 0x75, 0x30, 0), 0xffffffffec98) = 0 <0.000070>
19795 19:04:35.818507 ioctl(4, _IOC(_IOC_NONE, 0x75, 0x30, 0), 0xffffffffec98) = 0 <0.000078>
19795 19:04:35.818687 ioctl(4, _IOC(_IOC_NONE, 0x75, 0x30, 0), 0xffffffffec98) = 0 <0.000067>
19795 19:04:35.818811 ioctl(4, _IOC(_IOC_NONE, 0x75, 0x30, 0), 0xffffffffec98) = 0 <0.000085>
19795 19:04:35.819024 ioctl(4, _IOC(_IOC_NONE, 0x75, 0x30, 0), 0xffffffffec98) = 0 <0.000071>
19795 19:04:35.819163 ioctl(4, _IOC(_IOC_NONE, 0x75, 0x30, 0), 0xffffffffe938) = 0 <0.000051>
19795 19:04:35.819273 ioctl(4, _IOC(_IOC_NONE, 0x75, 0x30, 0), 0xffffffffe9a8) = 0 <0.000056>
19796 19:04:35.819397 <... ioctl resumed>, 0xfffff520e618) = 0 <0.005972>
19795 19:04:35.819453 ioctl(4, _IOC(_IOC_NONE, 0x75, 0x30, 0) <unfinished ...>
19796 19:04:35.819553 ioctl(4, _IOC(_IOC_NONE, 0x75, 0x30, 0) <unfinished ...>
19795 19:04:35.819625 <... ioctl resumed>, 0xffffffffec98) = 0 <0.000150>
19796 19:04:35.819652 <... ioctl resumed>, 0xfffff520e618) = 0 <0.000077>
19795 19:04:35.819812 ioctl(4, _IOC(_IOC_NONE, 0x75, 0x30, 0) <unfinished ...>
19796 19:04:35.819846 ioctl(4, _IOC(_IOC_NONE, 0x75, 0x30, 0) <unfinished ...>
19795 19:04:35.820394 <... ioctl resumed>, 0xffffffffec98) = 0 <0.000548>
19796 19:04:35.820462 <... ioctl resumed>, 0xfffff520e608) = 0 <0.000595>
19795 19:04:35.820496 ioctl(4, _IOC(_IOC_NONE, 0x75, 0x30, 0), 0xffffffffec98) = 0 <0.000084>
19795 19:04:35.820761 ioctl(4, _IOC(_IOC_NONE, 0x75, 0x30, 0), 0xffffffffec98) = 0 <0.000073>
19796 19:04:35.820909 ioctl(4, _IOC(_IOC_NONE, 0x75, 0x30, 0), 0xfffff520e618) = 0 <0.000050>
19795 19:04:35.821019 ioctl(4, _IOC(_IOC_NONE, 0x75, 0x30, 0) <unfinished ...>
19796 19:04:35.821067 ioctl(4, _IOC(_IOC_NONE, 0x75, 0x30, 0) <unfinished ...>
19795 19:04:35.821208 <... ioctl resumed>, 0xffffffffec98) = 0 <0.000164>
19795 19:04:35.821392 ioctl(4, _IOC(_IOC_NONE, 0x75, 0x30, 0), 0xffffffffec98) = 0 <0.000073>
19795 19:04:35.821533 ioctl(4, _IOC(_IOC_NONE, 0x75, 0x30, 0), 0xffffffffec98) = 0 <0.000111>
19795 19:04:35.821854 ioctl(4, _IOC(_IOC_NONE, 0x75, 0x30, 0), 0xffffffffec98) = 0 <0.000073>
19795 19:04:35.822004 ioctl(4, _IOC(_IOC_NONE, 0x75, 0x30, 0), 0xffffffffec98) = 0 <0.000082>
19795 19:04:35.822248 ioctl(4, _IOC(_IOC_NONE, 0x75, 0x30, 0), 0xffffffffec98) = 0 <0.000074>
19795 19:04:35.822392 ioctl(4, _IOC(_IOC_NONE, 0x75, 0x30, 0), 0xffffffffec98) = 0 <0.000085>
19795 19:04:35.822634 ioctl(4, _IOC(_IOC_NONE, 0x75, 0x30, 0), 0xffffffffec98) = 0 <0.000072>
19795 19:04:35.822775 ioctl(4, _IOC(_IOC_NONE, 0x75, 0x30, 0), 0xffffffffec98) = 0 <0.000077>
19795 19:04:35.822996 ioctl(4, _IOC(_IOC_NONE, 0x75, 0x30, 0), 0xffffffffec98) = 0 <0.000071>
19795 19:04:35.823130 ioctl(4, _IOC(_IOC_NONE, 0x75, 0x30, 0), 0xffffffffec98) = 0 <0.000083>
19795 19:04:35.823351 ioctl(4, _IOC(_IOC_NONE, 0x75, 0x30, 0), 0xffffffffec98) = 0 <0.000072>
19795 19:04:35.823489 ioctl(4, _IOC(_IOC_NONE, 0x75, 0x30, 0), 0xffffffffec98) = 0 <0.000079>
19795 19:04:35.823780 ioctl(4, _IOC(_IOC_NONE, 0x75, 0x30, 0), 0xffffffffec98) = 0 <0.000076>
19795 19:04:35.823926 ioctl(4, _IOC(_IOC_NONE, 0x75, 0x30, 0), 0xffffffffec98) = 0 <0.000082>
19795 19:04:35.824153 ioctl(4, _IOC(_IOC_NONE, 0x75, 0x30, 0), 0xffffffffec98) = 0 <0.000072>
19795 19:04:35.824288 ioctl(4, _IOC(_IOC_NONE, 0x75, 0x30, 0), 0xffffffffec98) = 0 <0.000084>
19795 19:04:35.824516 ioctl(4, _IOC(_IOC_NONE, 0x75, 0x30, 0), 0xffffffffec98) = 0 <0.000077>
19795 19:04:35.824660 ioctl(4, _IOC(_IOC_NONE, 0x75, 0x30, 0), 0xffffffffec98) = 0 <0.000083>
19795 19:04:35.824877 ioctl(4, _IOC(_IOC_NONE, 0x75, 0x30, 0), 0xffffffffec98) = 0 <0.000072>
19795 19:04:35.825013 ioctl(4, _IOC(_IOC_NONE, 0x75, 0x30, 0), 0xffffffffec98) = 0 <0.000083>
19795 19:04:35.825229 ioctl(4, _IOC(_IOC_NONE, 0x75, 0x30, 0), 0xffffffffec98) = 0 <0.000068>
19795 19:04:35.825359 ioctl(4, _IOC(_IOC_NONE, 0x75, 0x30, 0), 0xffffffffec98) = 0 <0.000080>
19795 19:04:35.825608 ioctl(4, _IOC(_IOC_NONE, 0x75, 0x30, 0), 0xffffffffec98) = 0 <0.000085>
19795 19:04:35.825792 ioctl(4, _IOC(_IOC_NONE, 0x75, 0x30, 0), 0xffffffffec98) = 0 <0.000087>
19795 19:04:35.826057 ioctl(4, _IOC(_IOC_NONE, 0x75, 0x30, 0), 0xffffffffec98) = 0 <0.000071>
19795 19:04:35.826198 ioctl(4, _IOC(_IOC_NONE, 0x75, 0x30, 0), 0xffffffffec98) = 0 <0.000078>
19795 19:04:35.826429 ioctl(4, _IOC(_IOC_NONE, 0x75, 0x30, 0), 0xffffffffec98) = 0 <0.000069>
19795 19:04:35.826570 ioctl(4, _IOC(_IOC_NONE, 0x75, 0x30, 0), 0xffffffffe938) = 0 <0.000052>
19795 19:04:35.826682 ioctl(4, _IOC(_IOC_NONE, 0x75, 0x30, 0), 0xffffffffe9a8) = 0 <0.000074>
19796 19:04:35.826795 <... ioctl resumed>, 0xfffff520e618) = 0 <0.005675>
19796 19:04:35.826843 ioctl(4, _IOC(_IOC_NONE, 0x75, 0x30, 0) <unfinished ...>
19795 19:04:35.826889 ioctl(4, _IOC(_IOC_NONE, 0x75, 0x30, 0), 0xffffffffec98) = 0 <0.000125>
19796 19:04:35.827051 <... ioctl resumed>, 0xfffff520e618) = 0 <0.000187>
19795 19:04:35.827222 ioctl(4, _IOC(_IOC_NONE, 0x75, 0x30, 0) <unfinished ...>
19796 19:04:35.827258 ioctl(4, _IOC(_IOC_NONE, 0x75, 0x30, 0) <unfinished ...>
19795 19:04:35.827852 <... ioctl resumed>, 0xffffffffec98) = 0 <0.000591>
19796 19:04:35.827930 <... ioctl resumed>, 0xfffff520e608) = 0 <0.000650>
19795 19:04:35.827965 ioctl(4, _IOC(_IOC_NONE, 0x75, 0x30, 0), 0xffffffffec98) = 0 <0.000085>
19795 19:04:35.828240 ioctl(4, _IOC(_IOC_NONE, 0x75, 0x30, 0) <unfinished ...>
19796 19:04:35.828299 ioctl(4, _IOC(_IOC_NONE, 0x75, 0x30, 0) <unfinished ...>
19795 19:04:35.828395 <... ioctl resumed>, 0xffffffffec98) = 0 <0.000123>
19796 19:04:35.828471 <... ioctl resumed>, 0xfffff520e618) = 0 <0.000149>
19796 19:04:35.828520 ioctl(4, _IOC(_IOC_NONE, 0x75, 0x30, 0) <unfinished ...>
19795 19:04:35.828567 ioctl(4, _IOC(_IOC_NONE, 0x75, 0x30, 0), 0xffffffffec98) = 0 <0.000085>
19795 19:04:35.828828 ioctl(4, _IOC(_IOC_NONE, 0x75, 0x30, 0), 0xffffffffec98) = 0 <0.000077>
19795 19:04:35.829012 ioctl(4, _IOC(_IOC_NONE, 0x75, 0x30, 0), 0xffffffffec98) = 0 <0.000078>
19795 19:04:35.829240 ioctl(4, _IOC(_IOC_NONE, 0x75, 0x30, 0), 0xffffffffec98) = 0 <0.000070>
19795 19:04:35.829375 ioctl(4, _IOC(_IOC_NONE, 0x75, 0x30, 0), 0xffffffffec98) = 0 <0.000083>
19795 19:04:35.829706 ioctl(4, _IOC(_IOC_NONE, 0x75, 0x30, 0), 0xffffffffeb88) = 0 <0.000082>
19795 19:04:35.829881 ioctl(4, _IOC(_IOC_NONE, 0x75, 0x30, 0), 0xffffffffeb88) = 0 <0.000078>
19795 19:04:35.830151 ioctl(4, _IOC(_IOC_NONE, 0x75, 0x30, 0), 0xffffffffec98) = 0 <0.000075>
19795 19:04:35.830297 ioctl(4, _IOC(_IOC_NONE, 0x75, 0x30, 0), 0xffffffffec98) = 0 <0.000083>
19795 19:04:35.830503 ioctl(4, _IOC(_IOC_NONE, 0x75, 0x30, 0), 0xffffffffec98) = 0 <0.000069>
19795 19:04:35.830636 ioctl(4, _IOC(_IOC_NONE, 0x75, 0x30, 0), 0xffffffffec98) = 0 <0.000084>
19795 19:04:35.830846 ioctl(4, _IOC(_IOC_NONE, 0x75, 0x30, 0), 0xffffffffec98) = 0 <0.000067>
19795 19:04:35.830974 ioctl(4, _IOC(_IOC_NONE, 0x75, 0x30, 0), 0xffffffffec98) = 0 <0.000081>
19795 19:04:35.831175 ioctl(4, _IOC(_IOC_NONE, 0x75, 0x30, 0), 0xffffffffec98) = 0 <0.000067>
19795 19:04:35.831299 ioctl(4, _IOC(_IOC_NONE, 0x75, 0x30, 0), 0xffffffffec98) = 0 <0.000083>
19795 19:04:35.831510 ioctl(4, _IOC(_IOC_NONE, 0x75, 0x30, 0), 0xffffffffec98) = 0 <0.000074>
19795 19:04:35.831646 ioctl(4, _IOC(_IOC_NONE, 0x75, 0x30, 0), 0xffffffffec98) = 0 <0.000080>
19795 19:04:35.831851 ioctl(4, _IOC(_IOC_NONE, 0x75, 0x30, 0), 0xffffffffec98) = 0 <0.000069>
19795 19:04:35.831981 ioctl(4, _IOC(_IOC_NONE, 0x75, 0x30, 0), 0xffffffffec98) = 0 <0.000083>
19795 19:04:35.832186 ioctl(4, _IOC(_IOC_NONE, 0x75, 0x30, 0), 0xffffffffec98) = 0 <0.000070>
19795 19:04:35.832315 ioctl(4, _IOC(_IOC_NONE, 0x75, 0x30, 0), 0xffffffffec98) = 0 <0.000078>
19795 19:04:35.832513 ioctl(4, _IOC(_IOC_NONE, 0x75, 0x30, 0), 0xffffffffec98) = 0 <0.000069>
19795 19:04:35.832643 ioctl(4, _IOC(_IOC_NONE, 0x75, 0x30, 0), 0xffffffffec98) = 0 <0.000081>
19795 19:04:35.832847 ioctl(4, _IOC(_IOC_NONE, 0x75, 0x30, 0), 0xffffffffec98) = 0 <0.000068>
19795 19:04:35.832977 ioctl(4, _IOC(_IOC_NONE, 0x75, 0x30, 0), 0xffffffffec98) = 0 <0.000081>
19795 19:04:35.833188 ioctl(4, _IOC(_IOC_NONE, 0x75, 0x30, 0), 0xffffffffec98) = 0 <0.000071>
19795 19:04:35.833316 ioctl(4, _IOC(_IOC_NONE, 0x75, 0x30, 0), 0xffffffffec98) = 0 <0.000086>
19795 19:04:35.833528 ioctl(4, _IOC(_IOC_NONE, 0x75, 0x30, 0), 0xffffffffec98) = 0 <0.000099>
19795 19:04:35.833711 ioctl(4, _IOC(_IOC_NONE, 0x75, 0x30, 0), 0xffffffffe938) = 0 <0.000049>
19795 19:04:35.833823 ioctl(4, _IOC(_IOC_NONE, 0x75, 0x30, 0) <unfinished ...>
19796 19:04:35.833906 <... ioctl resumed>, 0xfffff520e618) = 0 <0.005363>
19796 19:04:35.833951 ioctl(4, _IOC(_IOC_NONE, 0x75, 0x30, 0) <unfinished ...>
19795 19:04:35.834036 <... ioctl resumed>, 0xffffffffe9a8) = 0 <0.000190>
19796 19:04:35.834076 <... ioctl resumed>, 0xfffff520e618) = 0 <0.000104>
19795 19:04:35.834104 ioctl(4, _IOC(_IOC_NONE, 0x75, 0x30, 0), 0xffffffffec98) = 0 <0.000101>
19796 19:04:35.834243 ioctl(4, _IOC(_IOC_NONE, 0x75, 0x30, 0) <unfinished ...>
19795 19:04:35.834881 ioctl(4, _IOC(_IOC_NONE, 0x75, 0x30, 0) <unfinished ...>
19796 19:04:35.835012 <... ioctl resumed>, 0xfffff520e608) = 0 <0.000744>
19795 19:04:35.835052 <... ioctl resumed>, 0xffffffffec98) = 0 <0.000116>
19795 19:04:35.835102 ioctl(4, _IOC(_IOC_NONE, 0x75, 0x30, 0), 0xffffffffec98) = 0 <0.000091>
19795 19:04:35.835363 ioctl(4, _IOC(_IOC_NONE, 0x75, 0x30, 0) <unfinished ...>
19796 19:04:35.835425 ioctl(4, _IOC(_IOC_NONE, 0x75, 0x30, 0), 0xfffff520e618) = 0 <0.000054>
19795 19:04:35.835579 <... ioctl resumed>, 0xffffffffec98) = 0 <0.000183>
19796 19:04:35.835629 ioctl(4, _IOC(_IOC_NONE, 0x75, 0x30, 0) <unfinished ...>
19795 19:04:35.835702 ioctl(4, _IOC(_IOC_NONE, 0x75, 0x30, 0), 0xffffffffec98) = 0 <0.000085>
19795 19:04:35.835954 ioctl(4, _IOC(_IOC_NONE, 0x75, 0x30, 0), 0xffffffffec98) = 0 <0.000070>
19795 19:04:35.836091 ioctl(4, _IOC(_IOC_NONE, 0x75, 0x30, 0), 0xffffffffec98) = 0 <0.000082>
19795 19:04:35.836352 ioctl(4, _IOC(_IOC_NONE, 0x75, 0x30, 0), 0xffffffffec98) = 0 <0.000070>
19795 19:04:35.836486 ioctl(4, _IOC(_IOC_NONE, 0x75, 0x30, 0), 0xffffffffec98) = 0 <0.000081>
19795 19:04:35.836779 ioctl(4, _IOC(_IOC_NONE, 0x75, 0x30, 0), 0xffffffffec98) = 0 <0.000072>
19795 19:04:35.836918 ioctl(4, _IOC(_IOC_NONE, 0x75, 0x30, 0), 0xffffffffec98) = 0 <0.000080>
19795 19:04:35.837143 ioctl(4, _IOC(_IOC_NONE, 0x75, 0x30, 0), 0xffffffffec98) = 0 <0.000074>
19795 19:04:35.837283 ioctl(4, _IOC(_IOC_NONE, 0x75, 0x30, 0), 0xffffffffec98) = 0 <0.000085>
19795 19:04:35.837506 ioctl(4, _IOC(_IOC_NONE, 0x75, 0x30, 0), 0xffffffffec98) = 0 <0.000098>
19795 19:04:35.837696 ioctl(4, _IOC(_IOC_NONE, 0x75, 0x30, 0), 0xffffffffec98) = 0 <0.000085>
19795 19:04:35.837936 ioctl(4, _IOC(_IOC_NONE, 0x75, 0x30, 0), 0xffffffffec98) = 0 <0.000073>
19795 19:04:35.838074 ioctl(4, _IOC(_IOC_NONE, 0x75, 0x30, 0), 0xffffffffec98) = 0 <0.000084>
19795 19:04:35.838295 ioctl(4, _IOC(_IOC_NONE, 0x75, 0x30, 0), 0xffffffffec98) = 0 <0.000104>
19795 19:04:35.838465 ioctl(4, _IOC(_IOC_NONE, 0x75, 0x30, 0), 0xffffffffec98) = 0 <0.000082>
19795 19:04:35.838685 ioctl(4, _IOC(_IOC_NONE, 0x75, 0x30, 0), 0xffffffffec98) = 0 <0.000073>
19795 19:04:35.838822 ioctl(4, _IOC(_IOC_NONE, 0x75, 0x30, 0), 0xffffffffec98) = 0 <0.000083>
19795 19:04:35.839035 ioctl(4, _IOC(_IOC_NONE, 0x75, 0x30, 0), 0xffffffffec98) = 0 <0.000073>
19795 19:04:35.839171 ioctl(4, _IOC(_IOC_NONE, 0x75, 0x30, 0), 0xffffffffec98) = 0 <0.000080>
19795 19:04:35.839374 ioctl(4, _IOC(_IOC_NONE, 0x75, 0x30, 0), 0xffffffffec98) = 0 <0.000073>
19795 19:04:35.839507 ioctl(4, _IOC(_IOC_NONE, 0x75, 0x30, 0), 0xffffffffec98) = 0 <0.000082>
19795 19:04:35.839714 ioctl(4, _IOC(_IOC_NONE, 0x75, 0x30, 0), 0xffffffffec98) = 0 <0.000069>
19795 19:04:35.839843 ioctl(4, _IOC(_IOC_NONE, 0x75, 0x30, 0), 0xffffffffec98) = 0 <0.000080>
19795 19:04:35.840049 ioctl(4, _IOC(_IOC_NONE, 0x75, 0x30, 0), 0xffffffffec98) = 0 <0.000071>
19795 19:04:35.840183 ioctl(4, _IOC(_IOC_NONE, 0x75, 0x30, 0), 0xffffffffec98) = 0 <0.000081>
19795 19:04:35.840393 ioctl(4, _IOC(_IOC_NONE, 0x75, 0x30, 0), 0xffffffffec98) = 0 <0.000073>
19795 19:04:35.840530 ioctl(4, _IOC(_IOC_NONE, 0x75, 0x30, 0), 0xffffffffec98) = 0 <0.000079>
19795 19:04:35.840734 ioctl(4, _IOC(_IOC_NONE, 0x75, 0x30, 0), 0xffffffffec98) = 0 <0.000068>
19795 19:04:35.840871 ioctl(4, _IOC(_IOC_NONE, 0x75, 0x30, 0), 0xffffffffe938) = 0 <0.000051>
19795 19:04:35.840981 ioctl(4, _IOC(_IOC_NONE, 0x75, 0x30, 0) <unfinished ...>
19796 19:04:35.841064 <... ioctl resumed>, 0xfffff520e618) = 0 <0.005412>
19795 19:04:35.841116 <... ioctl resumed>, 0xffffffffe9a8) = 0 <0.000114>
19795 19:04:35.841166 ioctl(4, _IOC(_IOC_NONE, 0x75, 0x30, 0) <unfinished ...>
19796 19:04:35.841264 ioctl(4, _IOC(_IOC_NONE, 0x75, 0x30, 0) <unfinished ...>
19795 19:04:35.841335 <... ioctl resumed>, 0xffffffffec98) = 0 <0.000147>
19796 19:04:35.841361 <... ioctl resumed>, 0xfffff520e618) = 0 <0.000075>
19796 19:04:35.841406 ioctl(4, _IOC(_IOC_NONE, 0x75, 0x30, 0) <unfinished ...>
19795 19:04:35.842208 ioctl(4, _IOC(_IOC_NONE, 0x75, 0x30, 0) <unfinished ...>
19796 19:04:35.842294 <... ioctl resumed>, 0xfffff520e608) = 0 <0.000865>
19795 19:04:35.842397 <... ioctl resumed>, 0xffffffffec38) = 0 <0.000115>
19795 19:04:35.842452 ioctl(4, _IOC(_IOC_NONE, 0x75, 0x30, 0), 0xffffffffec38) = 0 <0.000078>
19796 19:04:35.842592 ioctl(4, _IOC(_IOC_NONE, 0x75, 0x30, 0) <unfinished ...>
19795 19:04:35.842759 ioctl(4, _IOC(_IOC_NONE, 0x75, 0x30, 0) <unfinished ...>
19796 19:04:35.842847 <... ioctl resumed>, 0xfffff520e618) = 0 <0.000231>
19796 19:04:35.842899 ioctl(4, _IOC(_IOC_NONE, 0x75, 0x30, 0) <unfinished ...>
19795 19:04:35.843017 <... ioctl resumed>, 0xffffffffec98) = 0 <0.000227>
19795 19:04:35.843067 ioctl(4, _IOC(_IOC_NONE, 0x75, 0x30, 0), 0xffffffffec98) = 0 <0.000080>
19795 19:04:35.843284 ioctl(4, _IOC(_IOC_NONE, 0x75, 0x30, 0), 0xffffffffec98) = 0 <0.000073>
19795 19:04:35.843426 ioctl(4, _IOC(_IOC_NONE, 0x75, 0x30, 0), 0xffffffffec98) = 0 <0.000083>
19795 19:04:35.843648 ioctl(4, _IOC(_IOC_NONE, 0x75, 0x30, 0), 0xffffffffec98) = 0 <0.000070>
19795 19:04:35.843814 ioctl(4, _IOC(_IOC_NONE, 0x75, 0x30, 0), 0xffffffffec98) = 0 <0.000081>
19795 19:04:35.844032 ioctl(4, _IOC(_IOC_NONE, 0x75, 0x30, 0), 0xffffffffec98) = 0 <0.000069>
19795 19:04:35.844162 ioctl(4, _IOC(_IOC_NONE, 0x75, 0x30, 0), 0xffffffffec98) = 0 <0.000083>
19795 19:04:35.844375 ioctl(4, _IOC(_IOC_NONE, 0x75, 0x30, 0), 0xffffffffec98) = 0 <0.000069>
19795 19:04:35.844505 ioctl(4, _IOC(_IOC_NONE, 0x75, 0x30, 0), 0xffffffffec98) = 0 <0.000082>
19795 19:04:35.844706 ioctl(4, _IOC(_IOC_NONE, 0x75, 0x30, 0), 0xffffffffec98) = 0 <0.000067>
19795 19:04:35.844834 ioctl(4, _IOC(_IOC_NONE, 0x75, 0x30, 0), 0xffffffffec98) = 0 <0.000082>
19795 19:04:35.845037 ioctl(4, _IOC(_IOC_NONE, 0x75, 0x30, 0), 0xffffffffec98) = 0 <0.000069>
19795 19:04:35.845167 ioctl(4, _IOC(_IOC_NONE, 0x75, 0x30, 0), 0xffffffffec98) = 0 <0.000079>
19795 19:04:35.845371 ioctl(4, _IOC(_IOC_NONE, 0x75, 0x30, 0), 0xffffffffec98) = 0 <0.000065>
19795 19:04:35.845495 ioctl(4, _IOC(_IOC_NONE, 0x75, 0x30, 0), 0xffffffffec98) = 0 <0.000114>
19795 19:04:35.845783 ioctl(4, _IOC(_IOC_NONE, 0x75, 0x30, 0), 0xffffffffec98) = 0 <0.000075>
19795 19:04:35.845930 ioctl(4, _IOC(_IOC_NONE, 0x75, 0x30, 0), 0xffffffffec98) = 0 <0.000085>
19795 19:04:35.846156 ioctl(4, _IOC(_IOC_NONE, 0x75, 0x30, 0), 0xffffffffec98) = 0 <0.000073>
19795 19:04:35.846290 ioctl(4, _IOC(_IOC_NONE, 0x75, 0x30, 0), 0xffffffffec98) = 0 <0.000083>
19795 19:04:35.846498 ioctl(4, _IOC(_IOC_NONE, 0x75, 0x30, 0), 0xffffffffec98) = 0 <0.000068>
19795 19:04:35.846625 ioctl(4, _IOC(_IOC_NONE, 0x75, 0x30, 0), 0xffffffffec98) = 0 <0.000078>
19795 19:04:35.846827 ioctl(4, _IOC(_IOC_NONE, 0x75, 0x30, 0), 0xffffffffec98) = 0 <0.000068>
19795 19:04:35.846956 ioctl(4, _IOC(_IOC_NONE, 0x75, 0x30, 0), 0xffffffffec98) = 0 <0.000083>
19795 19:04:35.847166 ioctl(4, _IOC(_IOC_NONE, 0x75, 0x30, 0), 0xffffffffec98) = 0 <0.000072>
19795 19:04:35.847301 ioctl(4, _IOC(_IOC_NONE, 0x75, 0x30, 0), 0xffffffffec98) = 0 <0.000080>
19795 19:04:35.847509 ioctl(4, _IOC(_IOC_NONE, 0x75, 0x30, 0), 0xffffffffec98) = 0 <0.000070>
19795 19:04:35.847643 ioctl(4, _IOC(_IOC_NONE, 0x75, 0x30, 0), 0xffffffffec98) = 0 <0.000084>
19795 19:04:35.847860 ioctl(4, _IOC(_IOC_NONE, 0x75, 0x30, 0), 0xffffffffec98) = 0 <0.000070>
19795 19:04:35.847997 ioctl(4, _IOC(_IOC_NONE, 0x75, 0x30, 0), 0xffffffffe938) = 0 <0.000052>
19795 19:04:35.848110 ioctl(4, _IOC(_IOC_NONE, 0x75, 0x30, 0), 0xffffffffe9a8) = 0 <0.000076>
19796 19:04:35.848227 <... ioctl resumed>, 0xfffff520e618) = 0 <0.005304>
19795 19:04:35.848282 ioctl(4, _IOC(_IOC_NONE, 0x75, 0x30, 0) <unfinished ...>
19796 19:04:35.848382 ioctl(4, _IOC(_IOC_NONE, 0x75, 0x30, 0) <unfinished ...>
19795 19:04:35.848412 <... ioctl resumed>, 0xffffffffec98) = 0 <0.000106>
19796 19:04:35.848486 <... ioctl resumed>, 0xfffff520e618) = 0 <0.000082>
19795 19:04:35.848688 ioctl(4, _IOC(_IOC_NONE, 0x75, 0x30, 0) <unfinished ...>
19796 19:04:35.848726 ioctl(4, _IOC(_IOC_NONE, 0x75, 0x30, 0) <unfinished ...>
19795 19:04:35.849270 <... ioctl resumed>, 0xffffffffec98) = 0 <0.000545>
19796 19:04:35.849336 <... ioctl resumed>, 0xfffff520e608) = 0 <0.000589>
19795 19:04:35.849368 ioctl(4, _IOC(_IOC_NONE, 0x75, 0x30, 0), 0xffffffffec98) = 0 <0.000084>
19795 19:04:35.849658 ioctl(4, _IOC(_IOC_NONE, 0x75, 0x30, 0) <unfinished ...>
19796 19:04:35.849750 ioctl(4, _IOC(_IOC_NONE, 0x75, 0x30, 0) <unfinished ...>
19795 19:04:35.849849 <... ioctl resumed>, 0xffffffffec98) = 0 <0.000130>
19796 19:04:35.849926 <... ioctl resumed>, 0xfffff520e618) = 0 <0.000151>
19795 19:04:35.849977 ioctl(4, _IOC(_IOC_NONE, 0x75, 0x30, 0) <unfinished ...>
19796 19:04:35.850025 ioctl(4, _IOC(_IOC_NONE, 0x75, 0x30, 0) <unfinished ...>
19795 19:04:35.850137 <... ioctl resumed>, 0xffffffffec98) = 0 <0.000135>
19795 19:04:35.850334 ioctl(4, _IOC(_IOC_NONE, 0x75, 0x30, 0), 0xffffffffec98) = 0 <0.000079>
19795 19:04:35.850492 ioctl(4, _IOC(_IOC_NONE, 0x75, 0x30, 0), 0xffffffffec98) = 0 <0.000081>
19795 19:04:35.850724 ioctl(4, _IOC(_IOC_NONE, 0x75, 0x30, 0), 0xffffffffec98) = 0 <0.000068>
19795 19:04:35.850858 ioctl(4, _IOC(_IOC_NONE, 0x75, 0x30, 0), 0xffffffffec98) = 0 <0.000085>
19795 19:04:35.851141 ioctl(4, _IOC(_IOC_NONE, 0x75, 0x30, 0), 0xffffffffec98) = 0 <0.000072>
19795 19:04:35.851282 ioctl(4, _IOC(_IOC_NONE, 0x75, 0x30, 0), 0xffffffffec98) = 0 <0.000083>
19795 19:04:35.851501 ioctl(4, _IOC(_IOC_NONE, 0x75, 0x30, 0), 0xffffffffec98) = 0 <0.000071>
19795 19:04:35.851636 ioctl(4, _IOC(_IOC_NONE, 0x75, 0x30, 0), 0xffffffffec98) = 0 <0.000086>
19795 19:04:35.851853 ioctl(4, _IOC(_IOC_NONE, 0x75, 0x30, 0), 0xffffffffec98) = 0 <0.000071>
19795 19:04:35.851988 ioctl(4, _IOC(_IOC_NONE, 0x75, 0x30, 0), 0xffffffffec98) = 0 <0.000078>
19795 19:04:35.852201 ioctl(4, _IOC(_IOC_NONE, 0x75, 0x30, 0), 0xffffffffec98) = 0 <0.000072>
19795 19:04:35.852339 ioctl(4, _IOC(_IOC_NONE, 0x75, 0x30, 0), 0xffffffffec98) = 0 <0.000083>
19795 19:04:35.852549 ioctl(4, _IOC(_IOC_NONE, 0x75, 0x30, 0), 0xffffffffec98) = 0 <0.000068>
19795 19:04:35.852676 ioctl(4, _IOC(_IOC_NONE, 0x75, 0x30, 0), 0xffffffffec98) = 0 <0.000079>
19795 19:04:35.852875 ioctl(4, _IOC(_IOC_NONE, 0x75, 0x30, 0), 0xffffffffec98) = 0 <0.000070>
19795 19:04:35.853005 ioctl(4, _IOC(_IOC_NONE, 0x75, 0x30, 0), 0xffffffffec98) = 0 <0.000083>
19795 19:04:35.853214 ioctl(4, _IOC(_IOC_NONE, 0x75, 0x30, 0), 0xffffffffec98) = 0 <0.000070>
19795 19:04:35.853342 ioctl(4, _IOC(_IOC_NONE, 0x75, 0x30, 0), 0xffffffffec98) = 0 <0.000078>
19795 19:04:35.853536 ioctl(4, _IOC(_IOC_NONE, 0x75, 0x30, 0), 0xffffffffec98) = 0 <0.000096>
19795 19:04:35.853721 ioctl(4, _IOC(_IOC_NONE, 0x75, 0x30, 0), 0xffffffffec98) = 0 <0.000088>
19795 19:04:35.854028 ioctl(4, _IOC(_IOC_NONE, 0x75, 0x30, 0), 0xffffffffeb88) = 0 <0.000077>
19795 19:04:35.854173 ioctl(4, _IOC(_IOC_NONE, 0x75, 0x30, 0), 0xffffffffeb88) = 0 <0.000080>
19795 19:04:35.854442 ioctl(4, _IOC(_IOC_NONE, 0x75, 0x30, 0), 0xffffffffec98) = 0 <0.000071>
19795 19:04:35.854576 ioctl(4, _IOC(_IOC_NONE, 0x75, 0x30, 0), 0xffffffffec98) = 0 <0.000080>
19795 19:04:35.854767 ioctl(4, _IOC(_IOC_NONE, 0x75, 0x30, 0), 0xffffffffec98) = 0 <0.000067>
19795 19:04:35.854894 ioctl(4, _IOC(_IOC_NONE, 0x75, 0x30, 0), 0xffffffffec98) = 0 <0.000081>
19795 19:04:35.855092 ioctl(4, _IOC(_IOC_NONE, 0x75, 0x30, 0), 0xffffffffec98) = 0 <0.000070>
19795 19:04:35.855234 ioctl(4, _IOC(_IOC_NONE, 0x75, 0x30, 0), 0xffffffffe938) = 0 <0.000052>
19795 19:04:35.855348 ioctl(4, _IOC(_IOC_NONE, 0x75, 0x30, 0) <unfinished ...>
19796 19:04:35.855433 <... ioctl resumed>, 0xfffff520e618) = 0 <0.005386>
19796 19:04:35.855479 ioctl(4, _IOC(_IOC_NONE, 0x75, 0x30, 0) <unfinished ...>
19795 19:04:35.855564 <... ioctl resumed>, 0xffffffffe9a8) = 0 <0.000192>
19796 19:04:35.855590 <... ioctl resumed>, 0xfffff520e618) = 0 <0.000090>
19795 19:04:35.855645 ioctl(4, _IOC(_IOC_NONE, 0x75, 0x30, 0) <unfinished ...>
19796 19:04:35.855744 ioctl(4, _IOC(_IOC_NONE, 0x75, 0x30, 0) <unfinished ...>
19795 19:04:35.856215 <... ioctl resumed>, 0xffffffffec98) = 0 <0.000543>
19796 19:04:35.856261 <... ioctl resumed>, 0xfffff520e608) = 0 <0.000494>
19795 19:04:35.856431 ioctl(4, _IOC(_IOC_NONE, 0x75, 0x30, 0), 0xffffffffec98) = 0 <0.000074>
19795 19:04:35.856574 ioctl(4, _IOC(_IOC_NONE, 0x75, 0x30, 0), 0xffffffffec98) = 0 <0.000083>
19796 19:04:35.856719 ioctl(4, _IOC(_IOC_NONE, 0x75, 0x30, 0), 0xfffff520e618) = 0 <0.000050>
19795 19:04:35.856913 ioctl(4, _IOC(_IOC_NONE, 0x75, 0x30, 0) <unfinished ...>
19796 19:04:35.856949 ioctl(4, _IOC(_IOC_NONE, 0x75, 0x30, 0) <unfinished ...>
19795 19:04:35.857067 <... ioctl resumed>, 0xffffffffec98) = 0 <0.000123>
19795 19:04:35.857117 ioctl(4, _IOC(_IOC_NONE, 0x75, 0x30, 0), 0xffffffffec98) = 0 <0.000080>
19795 19:04:35.857317 ioctl(4, _IOC(_IOC_NONE, 0x75, 0x30, 0), 0xffffffffec98) = 0 <0.000069>
19795 19:04:35.857453 ioctl(4, _IOC(_IOC_NONE, 0x75, 0x30, 0), 0xffffffffec98) = 0 <0.000078>
19795 19:04:35.857700 ioctl(4, _IOC(_IOC_NONE, 0x75, 0x30, 0), 0xffffffffec98) = 0 <0.000077>
19795 19:04:35.857869 ioctl(4, _IOC(_IOC_NONE, 0x75, 0x30, 0), 0xffffffffec98) = 0 <0.000080>
19795 19:04:35.858085 ioctl(4, _IOC(_IOC_NONE, 0x75, 0x30, 0), 0xffffffffec98) = 0 <0.000069>
19795 19:04:35.858249 ioctl(4, _IOC(_IOC_NONE, 0x75, 0x30, 0), 0xffffffffec98) = 0 <0.000084>
19795 19:04:35.858461 ioctl(4, _IOC(_IOC_NONE, 0x75, 0x30, 0), 0xffffffffec98) = 0 <0.000070>
19795 19:04:35.858594 ioctl(4, _IOC(_IOC_NONE, 0x75, 0x30, 0), 0xffffffffec98) = 0 <0.000080>
19795 19:04:35.858795 ioctl(4, _IOC(_IOC_NONE, 0x75, 0x30, 0), 0xffffffffec98) = 0 <0.000068>
19795 19:04:35.858925 ioctl(4, _IOC(_IOC_NONE, 0x75, 0x30, 0), 0xffffffffec98) = 0 <0.000080>
19795 19:04:35.859123 ioctl(4, _IOC(_IOC_NONE, 0x75, 0x30, 0), 0xffffffffec98) = 0 <0.000071>
19795 19:04:35.859258 ioctl(4, _IOC(_IOC_NONE, 0x75, 0x30, 0), 0xffffffffec98) = 0 <0.000076>
19795 19:04:35.859484 ioctl(4, _IOC(_IOC_NONE, 0x75, 0x30, 0), 0xffffffffec98) = 0 <0.000073>
19795 19:04:35.859620 ioctl(4, _IOC(_IOC_NONE, 0x75, 0x30, 0), 0xffffffffec98) = 0 <0.000082>
19795 19:04:35.859830 ioctl(4, _IOC(_IOC_NONE, 0x75, 0x30, 0), 0xffffffffec98) = 0 <0.000073>
19795 19:04:35.859966 ioctl(4, _IOC(_IOC_NONE, 0x75, 0x30, 0), 0xffffffffec98) = 0 <0.000079>
19795 19:04:35.860168 ioctl(4, _IOC(_IOC_NONE, 0x75, 0x30, 0), 0xffffffffec98) = 0 <0.000071>
19795 19:04:35.860303 ioctl(4, _IOC(_IOC_NONE, 0x75, 0x30, 0), 0xffffffffec98) = 0 <0.000082>
19795 19:04:35.860503 ioctl(4, _IOC(_IOC_NONE, 0x75, 0x30, 0), 0xffffffffec98) = 0 <0.000070>
19795 19:04:35.860634 ioctl(4, _IOC(_IOC_NONE, 0x75, 0x30, 0), 0xffffffffec98) = 0 <0.000080>
19795 19:04:35.860896 ioctl(4, _IOC(_IOC_NONE, 0x75, 0x30, 0), 0xffffffffec98) = 0 <0.000072>
19795 19:04:35.861034 ioctl(4, _IOC(_IOC_NONE, 0x75, 0x30, 0), 0xffffffffec98) = 0 <0.000078>
19795 19:04:35.861234 ioctl(4, _IOC(_IOC_NONE, 0x75, 0x30, 0), 0xffffffffec98) = 0 <0.000066>
19795 19:04:35.861357 ioctl(4, _IOC(_IOC_NONE, 0x75, 0x30, 0), 0xffffffffec98) = 0 <0.000081>
19795 19:04:35.861561 ioctl(4, _IOC(_IOC_NONE, 0x75, 0x30, 0), 0xffffffffec98) = 0 <0.000081>
19795 19:04:35.861757 ioctl(4, _IOC(_IOC_NONE, 0x75, 0x30, 0), 0xffffffffec98) = 0 <0.000083>
19795 19:04:35.861979 ioctl(4, _IOC(_IOC_NONE, 0x75, 0x30, 0), 0xffffffffec98) = 0 <0.000068>
19795 19:04:35.862114 ioctl(4, _IOC(_IOC_NONE, 0x75, 0x30, 0), 0xffffffffe938) = 0 <0.000047>
19795 19:04:35.862217 ioctl(4, _IOC(_IOC_NONE, 0x75, 0x30, 0), 0xffffffffe9a8) = 0 <0.000053>
19795 19:04:35.862345 ioctl(4, _IOC(_IOC_NONE, 0x75, 0x30, 0) <unfinished ...>
19796 19:04:35.862373 <... ioctl resumed>, 0xfffff520e618) = 0 <0.005402>
19795 19:04:35.862489 <... ioctl resumed>, 0xffffffffec98) = 0 <0.000121>
19796 19:04:35.862517 ioctl(4, _IOC(_IOC_NONE, 0x75, 0x30, 0) <unfinished ...>
19795 19:04:35.862685 ioctl(4, _IOC(_IOC_NONE, 0x75, 0x30, 0) <unfinished ...>
19796 19:04:35.862721 <... ioctl resumed>, 0xfffff520e618) = 0 <0.000183>
19796 19:04:35.862767 ioctl(4, _IOC(_IOC_NONE, 0x75, 0x30, 0) <unfinished ...>
19795 19:04:35.863292 <... ioctl resumed>, 0xffffffffec98) = 0 <0.000572>
19796 19:04:35.863336 <... ioctl resumed>, 0xfffff520e608) = 0 <0.000548>
19795 19:04:35.863390 ioctl(4, _IOC(_IOC_NONE, 0x75, 0x30, 0), 0xffffffffec98) = 0 <0.000081>
19795 19:04:35.863626 ioctl(4, _IOC(_IOC_NONE, 0x75, 0x30, 0), 0xffffffffec98) = 0 <0.000072>
19796 19:04:35.863766 ioctl(4, _IOC(_IOC_NONE, 0x75, 0x30, 0) <unfinished ...>
19795 19:04:35.863815 ioctl(4, _IOC(_IOC_NONE, 0x75, 0x30, 0), 0xffffffffec98) = 0 <0.000117>
19796 19:04:35.863972 <... ioctl resumed>, 0xfffff520e618) = 0 <0.000181>
19795 19:04:35.864101 ioctl(4, _IOC(_IOC_NONE, 0x75, 0x30, 0) <unfinished ...>
19796 19:04:35.864133 ioctl(4, _IOC(_IOC_NONE, 0x75, 0x30, 0) <unfinished ...>
19795 19:04:35.864248 <... ioctl resumed>, 0xffffffffec98) = 0 <0.000119>
19795 19:04:35.864297 ioctl(4, _IOC(_IOC_NONE, 0x75, 0x30, 0), 0xffffffffec98) = 0 <0.000077>
19795 19:04:35.864500 ioctl(4, _IOC(_IOC_NONE, 0x75, 0x30, 0), 0xffffffffec98) = 0 <0.000073>
19795 19:04:35.864636 ioctl(4, _IOC(_IOC_NONE, 0x75, 0x30, 0), 0xffffffffec98) = 0 <0.000084>
19795 19:04:35.864842 ioctl(4, _IOC(_IOC_NONE, 0x75, 0x30, 0), 0xffffffffec98) = 0 <0.000068>
19795 19:04:35.864970 ioctl(4, _IOC(_IOC_NONE, 0x75, 0x30, 0), 0xffffffffec98) = 0 <0.000076>
19795 19:04:35.865167 ioctl(4, _IOC(_IOC_NONE, 0x75, 0x30, 0), 0xffffffffec98) = 0 <0.000069>
19795 19:04:35.865326 ioctl(4, _IOC(_IOC_NONE, 0x75, 0x30, 0), 0xffffffffec98) = 0 <0.000083>
19795 19:04:35.865528 ioctl(4, _IOC(_IOC_NONE, 0x75, 0x30, 0), 0xffffffffec98) = 0 <0.000089>
19795 19:04:35.865705 ioctl(4, _IOC(_IOC_NONE, 0x75, 0x30, 0), 0xffffffffec98) = 0 <0.000085>
19795 19:04:35.865933 ioctl(4, _IOC(_IOC_NONE, 0x75, 0x30, 0), 0xffffffffec98) = 0 <0.000068>
19795 19:04:35.866063 ioctl(4, _IOC(_IOC_NONE, 0x75, 0x30, 0), 0xffffffffec98) = 0 <0.000086>
19795 19:04:35.866360 ioctl(4, _IOC(_IOC_NONE, 0x75, 0x30, 0), 0xffffffffeb88) = 0 <0.000076>
19795 19:04:35.866508 ioctl(4, _IOC(_IOC_NONE, 0x75, 0x30, 0), 0xffffffffeb88) = 0 <0.000069>
19795 19:04:35.866758 ioctl(4, _IOC(_IOC_NONE, 0x75, 0x30, 0), 0xffffffffec98) = 0 <0.000074>
19795 19:04:35.866898 ioctl(4, _IOC(_IOC_NONE, 0x75, 0x30, 0), 0xffffffffec98) = 0 <0.000081>
19795 19:04:35.867097 ioctl(4, _IOC(_IOC_NONE, 0x75, 0x30, 0), 0xffffffffec98) = 0 <0.000069>
19795 19:04:35.867229 ioctl(4, _IOC(_IOC_NONE, 0x75, 0x30, 0), 0xffffffffec98) = 0 <0.000082>
19795 19:04:35.867426 ioctl(4, _IOC(_IOC_NONE, 0x75, 0x30, 0), 0xffffffffec98) = 0 <0.000069>
19795 19:04:35.867556 ioctl(4, _IOC(_IOC_NONE, 0x75, 0x30, 0), 0xffffffffec98) = 0 <0.000077>
19795 19:04:35.867749 ioctl(4, _IOC(_IOC_NONE, 0x75, 0x30, 0), 0xffffffffec98) = 0 <0.000070>
19795 19:04:35.867882 ioctl(4, _IOC(_IOC_NONE, 0x75, 0x30, 0), 0xffffffffec98) = 0 <0.000085>
19795 19:04:35.868081 ioctl(4, _IOC(_IOC_NONE, 0x75, 0x30, 0), 0xffffffffec98) = 0 <0.000072>
19795 19:04:35.868216 ioctl(4, _IOC(_IOC_NONE, 0x75, 0x30, 0), 0xffffffffec98) = 0 <0.000077>
19795 19:04:35.868409 ioctl(4, _IOC(_IOC_NONE, 0x75, 0x30, 0), 0xffffffffec98) = 0 <0.000069>
19795 19:04:35.868538 ioctl(4, _IOC(_IOC_NONE, 0x75, 0x30, 0), 0xffffffffec98) = 0 <0.000081>
19795 19:04:35.868740 ioctl(4, _IOC(_IOC_NONE, 0x75, 0x30, 0), 0xffffffffec98) = 0 <0.000068>
19795 19:04:35.868875 ioctl(4, _IOC(_IOC_NONE, 0x75, 0x30, 0), 0xffffffffe938) = 0 <0.000053>
19795 19:04:35.868987 ioctl(4, _IOC(_IOC_NONE, 0x75, 0x30, 0) <unfinished ...>
19796 19:04:35.869074 <... ioctl resumed>, 0xfffff520e618) = 0 <0.004918>
19795 19:04:35.869135 <... ioctl resumed>, 0xffffffffe9a8) = 0 <0.000126>
19796 19:04:35.869174 ioctl(4, _IOC(_IOC_NONE, 0x75, 0x30, 0) <unfinished ...>
19795 19:04:35.869203 ioctl(4, _IOC(_IOC_NONE, 0x75, 0x30, 0), 0xffffffffec98) = 0 <0.000117>
19796 19:04:35.869357 <... ioctl resumed>, 0xfffff520e618) = 0 <0.000162>
19796 19:04:35.869404 ioctl(4, _IOC(_IOC_NONE, 0x75, 0x30, 0) <unfinished ...>
19795 19:04:35.870004 ioctl(4, _IOC(_IOC_NONE, 0x75, 0x30, 0) <unfinished ...>
19796 19:04:35.870087 <... ioctl resumed>, 0xfffff520e608) = 0 <0.000660>
19795 19:04:35.870188 <... ioctl resumed>, 0xffffffffec98) = 0 <0.000114>
19795 19:04:35.870242 ioctl(4, _IOC(_IOC_NONE, 0x75, 0x30, 0), 0xffffffffec98) = 0 <0.000080>
19795 19:04:35.870484 ioctl(4, _IOC(_IOC_NONE, 0x75, 0x30, 0) <unfinished ...>
19796 19:04:35.870541 ioctl(4, _IOC(_IOC_NONE, 0x75, 0x30, 0), 0xfffff520e618) = 0 <0.000052>
19795 19:04:35.870693 <... ioctl resumed>, 0xffffffffec98) = 0 <0.000179>
19796 19:04:35.870741 ioctl(4, _IOC(_IOC_NONE, 0x75, 0x30, 0) <unfinished ...>
19795 19:04:35.870815 ioctl(4, _IOC(_IOC_NONE, 0x75, 0x30, 0), 0xffffffffec98) = 0 <0.000076>
19795 19:04:35.871024 ioctl(4, _IOC(_IOC_NONE, 0x75, 0x30, 0), 0xffffffffec98) = 0 <0.000070>
19795 19:04:35.871160 ioctl(4, _IOC(_IOC_NONE, 0x75, 0x30, 0), 0xffffffffec98) = 0 <0.000082>
19795 19:04:35.871374 ioctl(4, _IOC(_IOC_NONE, 0x75, 0x30, 0), 0xffffffffec98) = 0 <0.000070>
19795 19:04:35.871503 ioctl(4, _IOC(_IOC_NONE, 0x75, 0x30, 0), 0xffffffffec98) = 0 <0.000080>
19795 19:04:35.871697 ioctl(4, _IOC(_IOC_NONE, 0x75, 0x30, 0), 0xffffffffec98) = 0 <0.000066>
19795 19:04:35.871821 ioctl(4, _IOC(_IOC_NONE, 0x75, 0x30, 0), 0xffffffffec98) = 0 <0.000084>
19795 19:04:35.872013 ioctl(4, _IOC(_IOC_NONE, 0x75, 0x30, 0), 0xffffffffec98) = 0 <0.000070>
19795 19:04:35.872143 ioctl(4, _IOC(_IOC_NONE, 0x75, 0x30, 0), 0xffffffffec98) = 0 <0.000077>
19795 19:04:35.872367 ioctl(4, _IOC(_IOC_NONE, 0x75, 0x30, 0), 0xffffffffec98) = 0 <0.000069>
19795 19:04:35.872498 ioctl(4, _IOC(_IOC_NONE, 0x75, 0x30, 0), 0xffffffffec98) = 0 <0.000082>
19795 19:04:35.872695 ioctl(4, _IOC(_IOC_NONE, 0x75, 0x30, 0), 0xffffffffec98) = 0 <0.000067>
19795 19:04:35.872824 ioctl(4, _IOC(_IOC_NONE, 0x75, 0x30, 0), 0xffffffffec98) = 0 <0.000081>
19795 19:04:35.873084 ioctl(4, _IOC(_IOC_NONE, 0x75, 0x30, 0), 0xffffffffec98) = 0 <0.000075>
19795 19:04:35.873223 ioctl(4, _IOC(_IOC_NONE, 0x75, 0x30, 0), 0xffffffffec98) = 0 <0.000078>
19795 19:04:35.873418 ioctl(4, _IOC(_IOC_NONE, 0x75, 0x30, 0), 0xffffffffec98) = 0 <0.000067>
19795 19:04:35.873546 ioctl(4, _IOC(_IOC_NONE, 0x75, 0x30, 0), 0xffffffffec98) = 0 <0.000112>
19795 19:04:35.873822 ioctl(4, _IOC(_IOC_NONE, 0x75, 0x30, 0), 0xffffffffec98) = 0 <0.000070>
19795 19:04:35.873958 ioctl(4, _IOC(_IOC_NONE, 0x75, 0x30, 0), 0xffffffffec98) = 0 <0.000079>
19795 19:04:35.874158 ioctl(4, _IOC(_IOC_NONE, 0x75, 0x30, 0), 0xffffffffec98) = 0 <0.000067>
19795 19:04:35.874288 ioctl(4, _IOC(_IOC_NONE, 0x75, 0x30, 0), 0xffffffffec98) = 0 <0.000082>
19795 19:04:35.874485 ioctl(4, _IOC(_IOC_NONE, 0x75, 0x30, 0), 0xffffffffec98) = 0 <0.000067>
19795 19:04:35.874613 ioctl(4, _IOC(_IOC_NONE, 0x75, 0x30, 0), 0xffffffffec98) = 0 <0.000076>
19795 19:04:35.874801 ioctl(4, _IOC(_IOC_NONE, 0x75, 0x30, 0), 0xffffffffec98) = 0 <0.000069>
19795 19:04:35.874930 ioctl(4, _IOC(_IOC_NONE, 0x75, 0x30, 0), 0xffffffffec98) = 0 <0.000081>
19795 19:04:35.875127 ioctl(4, _IOC(_IOC_NONE, 0x75, 0x30, 0), 0xffffffffec98) = 0 <0.000073>
19795 19:04:35.875259 ioctl(4, _IOC(_IOC_NONE, 0x75, 0x30, 0), 0xffffffffec98) = 0 <0.000078>
19795 19:04:35.875449 ioctl(4, _IOC(_IOC_NONE, 0x75, 0x30, 0), 0xffffffffec98) = 0 <0.000067>
19795 19:04:35.875581 ioctl(4, _IOC(_IOC_NONE, 0x75, 0x30, 0), 0xffffffffe938) = 0 <0.000048>
19795 19:04:35.875685 ioctl(4, _IOC(_IOC_NONE, 0x75, 0x30, 0) <unfinished ...>
19796 19:04:35.875769 <... ioctl resumed>, 0xfffff520e618) = 0 <0.005003>
19795 19:04:35.875830 <... ioctl resumed>, 0xffffffffe9a8) = 0 <0.000123>
19796 19:04:35.875869 ioctl(4, _IOC(_IOC_NONE, 0x75, 0x30, 0) <unfinished ...>
19795 19:04:35.875897 ioctl(4, _IOC(_IOC_NONE, 0x75, 0x30, 0), 0xffffffffec98) = 0 <0.000120>
19796 19:04:35.876057 <... ioctl resumed>, 0xfffff520e618) = 0 <0.000168>
19795 19:04:35.876186 ioctl(4, _IOC(_IOC_NONE, 0x75, 0x30, 0) <unfinished ...>
19796 19:04:35.876222 ioctl(4, _IOC(_IOC_NONE, 0x75, 0x30, 0) <unfinished ...>
19795 19:04:35.876769 <... ioctl resumed>, 0xffffffffec98) = 0 <0.000547>
19796 19:04:35.876835 <... ioctl resumed>, 0xfffff520e608) = 0 <0.000592>
19795 19:04:35.876867 ioctl(4, _IOC(_IOC_NONE, 0x75, 0x30, 0), 0xffffffffec98) = 0 <0.000082>
19795 19:04:35.877103 ioctl(4, _IOC(_IOC_NONE, 0x75, 0x30, 0), 0xffffffffec98) = 0 <0.000070>
19795 19:04:35.877237 ioctl(4, _IOC(_IOC_NONE, 0x75, 0x30, 0) <unfinished ...>
19796 19:04:35.877286 ioctl(4, _IOC(_IOC_NONE, 0x75, 0x30, 0) <unfinished ...>
19795 19:04:35.877391 <... ioctl resumed>, 0xffffffffec98) = 0 <0.000128>
19796 19:04:35.877466 <... ioctl resumed>, 0xfffff520e618) = 0 <0.000158>
19796 19:04:35.877514 ioctl(4, _IOC(_IOC_NONE, 0x75, 0x30, 0) <unfinished ...>
19795 19:04:35.877758 ioctl(4, _IOC(_IOC_NONE, 0x75, 0x30, 0), 0xffffffffec98) = 0 <0.000078>
19795 19:04:35.877951 ioctl(4, _IOC(_IOC_NONE, 0x75, 0x30, 0), 0xffffffffec98) = 0 <0.000081>
19795 19:04:35.878187 ioctl(4, _IOC(_IOC_NONE, 0x75, 0x30, 0), 0xffffffffec98) = 0 <0.000070>
19795 19:04:35.878320 ioctl(4, _IOC(_IOC_NONE, 0x75, 0x30, 0), 0xffffffffec98) = 0 <0.000080>
19795 19:04:35.878619 ioctl(4, _IOC(_IOC_NONE, 0x75, 0x30, 0), 0xffffffffeb88) = 0 <0.000077>
19795 19:04:35.878767 ioctl(4, _IOC(_IOC_NONE, 0x75, 0x30, 0), 0xffffffffeb88) = 0 <0.000077>
19795 19:04:35.878999 ioctl(4, _IOC(_IOC_NONE, 0x75, 0x30, 0), 0xffffffffec98) = 0 <0.000070>
19795 19:04:35.879131 ioctl(4, _IOC(_IOC_NONE, 0x75, 0x30, 0), 0xffffffffec98) = 0 <0.000079>
19795 19:04:35.879318 ioctl(4, _IOC(_IOC_NONE, 0x75, 0x30, 0), 0xffffffffec98) = 0 <0.000066>
19795 19:04:35.879443 ioctl(4, _IOC(_IOC_NONE, 0x75, 0x30, 0), 0xffffffffec98) = 0 <0.000083>
19795 19:04:35.879687 ioctl(4, _IOC(_IOC_NONE, 0x75, 0x30, 0), 0xffffffffec98) = 0 <0.000073>
19795 19:04:35.879828 ioctl(4, _IOC(_IOC_NONE, 0x75, 0x30, 0), 0xffffffffec98) = 0 <0.000080>
19795 19:04:35.880028 ioctl(4, _IOC(_IOC_NONE, 0x75, 0x30, 0), 0xffffffffec98) = 0 <0.000071>
19795 19:04:35.880159 ioctl(4, _IOC(_IOC_NONE, 0x75, 0x30, 0), 0xffffffffec98) = 0 <0.000081>
19795 19:04:35.880355 ioctl(4, _IOC(_IOC_NONE, 0x75, 0x30, 0), 0xffffffffec98) = 0 <0.000067>
19795 19:04:35.880483 ioctl(4, _IOC(_IOC_NONE, 0x75, 0x30, 0), 0xffffffffec98) = 0 <0.000113>
19795 19:04:35.880717 ioctl(4, _IOC(_IOC_NONE, 0x75, 0x30, 0), 0xffffffffec98) = 0 <0.000068>
19795 19:04:35.880846 ioctl(4, _IOC(_IOC_NONE, 0x75, 0x30, 0), 0xffffffffec98) = 0 <0.000081>
19795 19:04:35.881040 ioctl(4, _IOC(_IOC_NONE, 0x75, 0x30, 0), 0xffffffffec98) = 0 <0.000069>
19795 19:04:35.881169 ioctl(4, _IOC(_IOC_NONE, 0x75, 0x30, 0), 0xffffffffec98) = 0 <0.000079>
19795 19:04:35.881355 ioctl(4, _IOC(_IOC_NONE, 0x75, 0x30, 0), 0xffffffffec98) = 0 <0.000065>
19795 19:04:35.881478 ioctl(4, _IOC(_IOC_NONE, 0x75, 0x30, 0), 0xffffffffec98) = 0 <0.000105>
19795 19:04:35.881746 ioctl(4, _IOC(_IOC_NONE, 0x75, 0x30, 0), 0xffffffffec98) = 0 <0.000077>
19795 19:04:35.881888 ioctl(4, _IOC(_IOC_NONE, 0x75, 0x30, 0), 0xffffffffec98) = 0 <0.000081>
19795 19:04:35.882085 ioctl(4, _IOC(_IOC_NONE, 0x75, 0x30, 0), 0xffffffffec98) = 0 <0.000067>
19795 19:04:35.882209 ioctl(4, _IOC(_IOC_NONE, 0x75, 0x30, 0), 0xffffffffec98) = 0 <0.000081>
19795 19:04:35.882400 ioctl(4, _IOC(_IOC_NONE, 0x75, 0x30, 0), 0xffffffffec98) = 0 <0.000070>
19795 19:04:35.882534 ioctl(4, _IOC(_IOC_NONE, 0x75, 0x30, 0), 0xffffffffe938) = 0 <0.000049>
19795 19:04:35.882642 ioctl(4, _IOC(_IOC_NONE, 0x75, 0x30, 0) <unfinished ...>
19796 19:04:35.882727 <... ioctl resumed>, 0xfffff520e618) = 0 <0.005189>
19795 19:04:35.882780 <... ioctl resumed>, 0xffffffffe9a8) = 0 <0.000115>
19795 19:04:35.882829 ioctl(4, _IOC(_IOC_NONE, 0x75, 0x30, 0) <unfinished ...>
19796 19:04:35.882924 ioctl(4, _IOC(_IOC_NONE, 0x75, 0x30, 0) <unfinished ...>
19795 19:04:35.882992 <... ioctl resumed>, 0xffffffffec98) = 0 <0.000140>
19796 19:04:35.883018 <... ioctl resumed>, 0xfffff520e618) = 0 <0.000073>
19796 19:04:35.883063 ioctl(4, _IOC(_IOC_NONE, 0x75, 0x30, 0) <unfinished ...>
19795 19:04:35.883616 ioctl(4, _IOC(_IOC_NONE, 0x75, 0x30, 0) <unfinished ...>
19796 19:04:35.883666 <... ioctl resumed>, 0xfffff520e608) = 0 <0.000581>
19795 19:04:35.883764 <... ioctl resumed>, 0xffffffffec98) = 0 <0.000106>
19795 19:04:35.883814 ioctl(4, _IOC(_IOC_NONE, 0x75, 0x30, 0), 0xffffffffec98) = 0 <0.000083>
19795 19:04:35.884047 ioctl(4, _IOC(_IOC_NONE, 0x75, 0x30, 0) <unfinished ...>
19796 19:04:35.884103 ioctl(4, _IOC(_IOC_NONE, 0x75, 0x30, 0) <unfinished ...>
19795 19:04:35.884192 <... ioctl resumed>, 0xffffffffec98) = 0 <0.000115>
19796 19:04:35.884266 <... ioctl resumed>, 0xfffff520e618) = 0 <0.000141>
19795 19:04:35.884319 ioctl(4, _IOC(_IOC_NONE, 0x75, 0x30, 0) <unfinished ...>
19796 19:04:35.884416 ioctl(4, _IOC(_IOC_NONE, 0x75, 0x30, 0) <unfinished ...>
19795 19:04:35.884480 <... ioctl resumed>, 0xffffffffec98) = 0 <0.000137>
19795 19:04:35.884593 ioctl(4, _IOC(_IOC_NONE, 0x75, 0x30, 0), 0xffffffffec98) = 0 <0.000068>
19795 19:04:35.884727 ioctl(4, _IOC(_IOC_NONE, 0x75, 0x30, 0), 0xffffffffec98) = 0 <0.000082>
19795 19:04:35.884934 ioctl(4, _IOC(_IOC_NONE, 0x75, 0x30, 0), 0xffffffffec98) = 0 <0.000068>
19795 19:04:35.885061 ioctl(4, _IOC(_IOC_NONE, 0x75, 0x30, 0), 0xffffffffec98) = 0 <0.000077>
19795 19:04:35.885317 ioctl(4, _IOC(_IOC_NONE, 0x75, 0x30, 0), 0xffffffffec98) = 0 <0.000072>
19795 19:04:35.885450 ioctl(4, _IOC(_IOC_NONE, 0x75, 0x30, 0), 0xffffffffec98) = 0 <0.000081>
19795 19:04:35.885692 ioctl(4, _IOC(_IOC_NONE, 0x75, 0x30, 0), 0xffffffffec98) = 0 <0.000073>
19795 19:04:35.885857 ioctl(4, _IOC(_IOC_NONE, 0x75, 0x30, 0), 0xffffffffec98) = 0 <0.000084>
19795 19:04:35.886071 ioctl(4, _IOC(_IOC_NONE, 0x75, 0x30, 0), 0xffffffffec98) = 0 <0.000067>
19795 19:04:35.886233 ioctl(4, _IOC(_IOC_NONE, 0x75, 0x30, 0), 0xffffffffec98) = 0 <0.000083>
19795 19:04:35.886448 ioctl(4, _IOC(_IOC_NONE, 0x75, 0x30, 0), 0xffffffffec98) = 0 <0.000070>
19795 19:04:35.886579 ioctl(4, _IOC(_IOC_NONE, 0x75, 0x30, 0), 0xffffffffec98) = 0 <0.000082>
19795 19:04:35.886779 ioctl(4, _IOC(_IOC_NONE, 0x75, 0x30, 0), 0xffffffffec98) = 0 <0.000071>
19795 19:04:35.886914 ioctl(4, _IOC(_IOC_NONE, 0x75, 0x30, 0), 0xffffffffec98) = 0 <0.000078>
19795 19:04:35.887109 ioctl(4, _IOC(_IOC_NONE, 0x75, 0x30, 0), 0xffffffffec98) = 0 <0.000065>
19795 19:04:35.887235 ioctl(4, _IOC(_IOC_NONE, 0x75, 0x30, 0), 0xffffffffec98) = 0 <0.000083>
19795 19:04:35.887435 ioctl(4, _IOC(_IOC_NONE, 0x75, 0x30, 0), 0xffffffffec98) = 0 <0.000067>
19795 19:04:35.887563 ioctl(4, _IOC(_IOC_NONE, 0x75, 0x30, 0), 0xffffffffec98) = 0 <0.000080>
19795 19:04:35.887757 ioctl(4, _IOC(_IOC_NONE, 0x75, 0x30, 0), 0xffffffffec98) = 0 <0.000067>
19795 19:04:35.887886 ioctl(4, _IOC(_IOC_NONE, 0x75, 0x30, 0), 0xffffffffec98) = 0 <0.000081>
19795 19:04:35.888082 ioctl(4, _IOC(_IOC_NONE, 0x75, 0x30, 0), 0xffffffffec98) = 0 <0.000075>
19795 19:04:35.888218 ioctl(4, _IOC(_IOC_NONE, 0x75, 0x30, 0), 0xffffffffec98) = 0 <0.000079>
19795 19:04:35.888406 ioctl(4, _IOC(_IOC_NONE, 0x75, 0x30, 0), 0xffffffffec98) = 0 <0.000066>
19795 19:04:35.888531 ioctl(4, _IOC(_IOC_NONE, 0x75, 0x30, 0), 0xffffffffec98) = 0 <0.000080>
19795 19:04:35.888723 ioctl(4, _IOC(_IOC_NONE, 0x75, 0x30, 0), 0xffffffffec98) = 0 <0.000068>
19795 19:04:35.888852 ioctl(4, _IOC(_IOC_NONE, 0x75, 0x30, 0), 0xffffffffec98) = 0 <0.000077>
19795 19:04:35.889039 ioctl(4, _IOC(_IOC_NONE, 0x75, 0x30, 0), 0xffffffffec98) = 0 <0.000065>
19795 19:04:35.889168 ioctl(4, _IOC(_IOC_NONE, 0x75, 0x30, 0), 0xffffffffe938) = 0 <0.000053>
19795 19:04:35.889277 ioctl(4, _IOC(_IOC_NONE, 0x75, 0x30, 0), 0xffffffffe9a8) = 0 <0.000056>
19796 19:04:35.889396 <... ioctl resumed>, 0xfffff520e618) = 0 <0.004956>
19795 19:04:35.889450 ioctl(4, _IOC(_IOC_NONE, 0x75, 0x30, 0) <unfinished ...>
19796 19:04:35.889549 ioctl(4, _IOC(_IOC_NONE, 0x75, 0x30, 0) <unfinished ...>
19795 19:04:35.889606 <... ioctl resumed>, 0xffffffffec98) = 0 <0.000133>
19795 19:04:35.889931 ioctl(4, _IOC(_IOC_NONE, 0x75, 0x30, 0) <unfinished ...>
19796 19:04:35.889980 <... ioctl resumed>, 0xfffff520e618) = 0 <0.000384>
19796 19:04:35.890032 ioctl(4, _IOC(_IOC_NONE, 0x75, 0x30, 0) <unfinished ...>
19795 19:04:35.890588 <... ioctl resumed>, 0xffffffffec38) = 0 <0.000613>
19796 19:04:35.890645 <... ioctl resumed>, 0xfffff520e608) = 0 <0.000592>
19795 19:04:35.890674 ioctl(4, _IOC(_IOC_NONE, 0x75, 0x30, 0), 0xffffffffec38) = 0 <0.000075>
19795 19:04:35.890902 ioctl(4, _IOC(_IOC_NONE, 0x75, 0x30, 0), 0xffffffffec98) = 0 <0.000072>
19796 19:04:35.891039 ioctl(4, _IOC(_IOC_NONE, 0x75, 0x30, 0), 0xfffff520e618) = 0 <0.000084>
19795 19:04:35.891183 ioctl(4, _IOC(_IOC_NONE, 0x75, 0x30, 0), 0xffffffffec98) = 0 <0.000081>
19796 19:04:35.891324 ioctl(4, _IOC(_IOC_NONE, 0x75, 0x30, 0) <unfinished ...>
19795 19:04:35.891484 ioctl(4, _IOC(_IOC_NONE, 0x75, 0x30, 0), 0xffffffffec98) = 0 <0.000071>
19795 19:04:35.891622 ioctl(4, _IOC(_IOC_NONE, 0x75, 0x30, 0), 0xffffffffec98) = 0 <0.000084>
19795 19:04:35.891832 ioctl(4, _IOC(_IOC_NONE, 0x75, 0x30, 0), 0xffffffffec98) = 0 <0.000068>
19795 19:04:35.891961 ioctl(4, _IOC(_IOC_NONE, 0x75, 0x30, 0), 0xffffffffec98) = 0 <0.000079>
19795 19:04:35.892153 ioctl(4, _IOC(_IOC_NONE, 0x75, 0x30, 0), 0xffffffffec98) = 0 <0.000068>
19795 19:04:35.892281 ioctl(4, _IOC(_IOC_NONE, 0x75, 0x30, 0), 0xffffffffec98) = 0 <0.000080>
19795 19:04:35.892468 ioctl(4, _IOC(_IOC_NONE, 0x75, 0x30, 0), 0xffffffffec98) = 0 <0.000066>
19795 19:04:35.892592 ioctl(4, _IOC(_IOC_NONE, 0x75, 0x30, 0), 0xffffffffec98) = 0 <0.000078>
19795 19:04:35.892781 ioctl(4, _IOC(_IOC_NONE, 0x75, 0x30, 0), 0xffffffffec98) = 0 <0.000071>
19795 19:04:35.892916 ioctl(4, _IOC(_IOC_NONE, 0x75, 0x30, 0), 0xffffffffec98) = 0 <0.000081>
19795 19:04:35.893113 ioctl(4, _IOC(_IOC_NONE, 0x75, 0x30, 0), 0xffffffffec98) = 0 <0.000071>
19795 19:04:35.893245 ioctl(4, _IOC(_IOC_NONE, 0x75, 0x30, 0), 0xffffffffec98) = 0 <0.000080>
19795 19:04:35.893481 ioctl(4, _IOC(_IOC_NONE, 0x75, 0x30, 0), 0xffffffffec98) = 0 <0.000089>
19795 19:04:35.893659 ioctl(4, _IOC(_IOC_NONE, 0x75, 0x30, 0), 0xffffffffec98) = 0 <0.000081>
19795 19:04:35.893880 ioctl(4, _IOC(_IOC_NONE, 0x75, 0x30, 0), 0xffffffffec98) = 0 <0.000069>
19795 19:04:35.894014 ioctl(4, _IOC(_IOC_NONE, 0x75, 0x30, 0), 0xffffffffec98) = 0 <0.000078>
19795 19:04:35.894200 ioctl(4, _IOC(_IOC_NONE, 0x75, 0x30, 0), 0xffffffffec98) = 0 <0.000069>
19795 19:04:35.894330 ioctl(4, _IOC(_IOC_NONE, 0x75, 0x30, 0), 0xffffffffec98) = 0 <0.000079>
19795 19:04:35.894510 ioctl(4, _IOC(_IOC_NONE, 0x75, 0x30, 0), 0xffffffffec98) = 0 <0.000069>
19795 19:04:35.894644 ioctl(4, _IOC(_IOC_NONE, 0x75, 0x30, 0), 0xffffffffec98) = 0 <0.000077>
19795 19:04:35.894834 ioctl(4, _IOC(_IOC_NONE, 0x75, 0x30, 0), 0xffffffffec98) = 0 <0.000069>
19795 19:04:35.894961 ioctl(4, _IOC(_IOC_NONE, 0x75, 0x30, 0), 0xffffffffec98) = 0 <0.000081>
19795 19:04:35.895146 ioctl(4, _IOC(_IOC_NONE, 0x75, 0x30, 0), 0xffffffffec98) = 0 <0.000066>
19795 19:04:35.895271 ioctl(4, _IOC(_IOC_NONE, 0x75, 0x30, 0), 0xffffffffec98) = 0 <0.000078>
19795 19:04:35.895459 ioctl(4, _IOC(_IOC_NONE, 0x75, 0x30, 0), 0xffffffffec98) = 0 <0.000067>
19795 19:04:35.895588 ioctl(4, _IOC(_IOC_NONE, 0x75, 0x30, 0), 0xffffffffec98) = 0 <0.000078>
19795 19:04:35.895775 ioctl(4, _IOC(_IOC_NONE, 0x75, 0x30, 0), 0xffffffffec98) = 0 <0.000068>
19795 19:04:35.895911 ioctl(4, _IOC(_IOC_NONE, 0x75, 0x30, 0), 0xffffffffe938) = 0 <0.000050>
19795 19:04:35.896021 ioctl(4, _IOC(_IOC_NONE, 0x75, 0x30, 0), 0xffffffffe9a8) = 0 <0.000052>
19796 19:04:35.896139 <... ioctl resumed>, 0xfffff520e618) = 0 <0.004791>
19795 19:04:35.896194 ioctl(4, _IOC(_IOC_NONE, 0x75, 0x30, 0) <unfinished ...>
19796 19:04:35.896292 ioctl(4, _IOC(_IOC_NONE, 0x75, 0x30, 0) <unfinished ...>
19795 19:04:35.896322 <... ioctl resumed>, 0xffffffffec98) = 0 <0.000106>
19795 19:04:35.896558 ioctl(4, _IOC(_IOC_NONE, 0x75, 0x30, 0) <unfinished ...>
19796 19:04:35.896602 <... ioctl resumed>, 0xfffff520e618) = 0 <0.000287>
19796 19:04:35.896654 ioctl(4, _IOC(_IOC_NONE, 0x75, 0x30, 0) <unfinished ...>
19795 19:04:35.897186 <... ioctl resumed>, 0xffffffffec98) = 0 <0.000587>
19796 19:04:35.897248 <... ioctl resumed>, 0xfffff520e608) = 0 <0.000573>
19795 19:04:35.897282 ioctl(4, _IOC(_IOC_NONE, 0x75, 0x30, 0), 0xffffffffec98) = 0 <0.000081>
19795 19:04:35.897517 ioctl(4, _IOC(_IOC_NONE, 0x75, 0x30, 0), 0xffffffffec98) = 0 <0.000094>
19796 19:04:35.897706 ioctl(4, _IOC(_IOC_NONE, 0x75, 0x30, 0), 0xfffff520e618) = 0 <0.000050>
19795 19:04:35.897820 ioctl(4, _IOC(_IOC_NONE, 0x75, 0x30, 0), 0xffffffffec98) = 0 <0.000084>
19796 19:04:35.897966 ioctl(4, _IOC(_IOC_NONE, 0x75, 0x30, 0) <unfinished ...>
19795 19:04:35.898131 ioctl(4, _IOC(_IOC_NONE, 0x75, 0x30, 0), 0xffffffffec98) = 0 <0.000066>
19795 19:04:35.898261 ioctl(4, _IOC(_IOC_NONE, 0x75, 0x30, 0), 0xffffffffec98) = 0 <0.000075>
19795 19:04:35.898467 ioctl(4, _IOC(_IOC_NONE, 0x75, 0x30, 0), 0xffffffffec98) = 0 <0.000070>
19795 19:04:35.898601 ioctl(4, _IOC(_IOC_NONE, 0x75, 0x30, 0), 0xffffffffec98) = 0 <0.000080>
19795 19:04:35.898798 ioctl(4, _IOC(_IOC_NONE, 0x75, 0x30, 0), 0xffffffffec98) = 0 <0.000067>
19795 19:04:35.898926 ioctl(4, _IOC(_IOC_NONE, 0x75, 0x30, 0), 0xffffffffec98) = 0 <0.000077>
19795 19:04:35.899115 ioctl(4, _IOC(_IOC_NONE, 0x75, 0x30, 0), 0xffffffffec98) = 0 <0.000068>
19795 19:04:35.899244 ioctl(4, _IOC(_IOC_NONE, 0x75, 0x30, 0), 0xffffffffec98) = 0 <0.000078>
19795 19:04:35.899430 ioctl(4, _IOC(_IOC_NONE, 0x75, 0x30, 0), 0xffffffffec98) = 0 <0.000071>
19795 19:04:35.899562 ioctl(4, _IOC(_IOC_NONE, 0x75, 0x30, 0), 0xffffffffec98) = 0 <0.000077>
19795 19:04:35.899745 ioctl(4, _IOC(_IOC_NONE, 0x75, 0x30, 0), 0xffffffffec98) = 0 <0.000073>
19795 19:04:35.899878 ioctl(4, _IOC(_IOC_NONE, 0x75, 0x30, 0), 0xffffffffec98) = 0 <0.000079>
19795 19:04:35.900066 ioctl(4, _IOC(_IOC_NONE, 0x75, 0x30, 0), 0xffffffffec98) = 0 <0.000067>
19795 19:04:35.900193 ioctl(4, _IOC(_IOC_NONE, 0x75, 0x30, 0), 0xffffffffec98) = 0 <0.000077>
19795 19:04:35.900418 ioctl(4, _IOC(_IOC_NONE, 0x75, 0x30, 0), 0xffffffffec98) = 0 <0.000067>
19795 19:04:35.900547 ioctl(4, _IOC(_IOC_NONE, 0x75, 0x30, 0), 0xffffffffec98) = 0 <0.000084>
19795 19:04:35.900745 ioctl(4, _IOC(_IOC_NONE, 0x75, 0x30, 0), 0xffffffffec98) = 0 <0.000072>
19795 19:04:35.900875 ioctl(4, _IOC(_IOC_NONE, 0x75, 0x30, 0), 0xffffffffec98) = 0 <0.000078>
19795 19:04:35.901061 ioctl(4, _IOC(_IOC_NONE, 0x75, 0x30, 0), 0xffffffffec98) = 0 <0.000070>
19795 19:04:35.901189 ioctl(4, _IOC(_IOC_NONE, 0x75, 0x30, 0), 0xffffffffec98) = 0 <0.000081>
19795 19:04:35.901458 ioctl(4, _IOC(_IOC_NONE, 0x75, 0x30, 0), 0xffffffffeb88) = 0 <0.000097>
19795 19:04:35.901648 ioctl(4, _IOC(_IOC_NONE, 0x75, 0x30, 0), 0xffffffffeb88) = 0 <0.000086>
19795 19:04:35.901918 ioctl(4, _IOC(_IOC_NONE, 0x75, 0x30, 0), 0xffffffffec98) = 0 <0.000071>
19795 19:04:35.902052 ioctl(4, _IOC(_IOC_NONE, 0x75, 0x30, 0), 0xffffffffec98) = 0 <0.000079>
19795 19:04:35.902233 ioctl(4, _IOC(_IOC_NONE, 0x75, 0x30, 0), 0xffffffffec98) = 0 <0.000069>
19795 19:04:35.902363 ioctl(4, _IOC(_IOC_NONE, 0x75, 0x30, 0), 0xffffffffec98) = 0 <0.000081>
19795 19:04:35.902554 ioctl(4, _IOC(_IOC_NONE, 0x75, 0x30, 0), 0xffffffffec98) = 0 <0.000070>
19795 19:04:35.902692 ioctl(4, _IOC(_IOC_NONE, 0x75, 0x30, 0), 0xffffffffe938) = 0 <0.000052>
19795 19:04:35.902803 ioctl(4, _IOC(_IOC_NONE, 0x75, 0x30, 0) <unfinished ...>
19796 19:04:35.902888 <... ioctl resumed>, 0xfffff520e618) = 0 <0.004897>
19795 19:04:35.902950 <... ioctl resumed>, 0xffffffffe9a8) = 0 <0.000122>
19796 19:04:35.902987 ioctl(4, _IOC(_IOC_NONE, 0x75, 0x30, 0) <unfinished ...>
19795 19:04:35.903017 ioctl(4, _IOC(_IOC_NONE, 0x75, 0x30, 0), 0xffffffffec98) = 0 <0.000115>
19796 19:04:35.903172 <... ioctl resumed>, 0xfffff520e618) = 0 <0.000162>
19795 19:04:35.903295 ioctl(4, _IOC(_IOC_NONE, 0x75, 0x30, 0) <unfinished ...>
19796 19:04:35.903326 ioctl(4, _IOC(_IOC_NONE, 0x75, 0x30, 0) <unfinished ...>
19795 19:04:35.903859 <... ioctl resumed>, 0xffffffffec98) = 0 <0.000532>
19796 19:04:35.903925 <... ioctl resumed>, 0xfffff520e608) = 0 <0.000578>
19795 19:04:35.903957 ioctl(4, _IOC(_IOC_NONE, 0x75, 0x30, 0), 0xffffffffec98) = 0 <0.000082>
19795 19:04:35.904188 ioctl(4, _IOC(_IOC_NONE, 0x75, 0x30, 0), 0xffffffffec98) = 0 <0.000070>
19795 19:04:35.904323 ioctl(4, _IOC(_IOC_NONE, 0x75, 0x30, 0) <unfinished ...>
19796 19:04:35.904373 ioctl(4, _IOC(_IOC_NONE, 0x75, 0x30, 0) <unfinished ...>
19795 19:04:35.904474 <... ioctl resumed>, 0xffffffffec98) = 0 <0.000126>
19796 19:04:35.904549 <... ioctl resumed>, 0xfffff520e618) = 0 <0.000154>
19796 19:04:35.904595 ioctl(4, _IOC(_IOC_NONE, 0x75, 0x30, 0) <unfinished ...>
19795 19:04:35.904733 ioctl(4, _IOC(_IOC_NONE, 0x75, 0x30, 0), 0xffffffffec98) = 0 <0.000070>
19795 19:04:35.904867 ioctl(4, _IOC(_IOC_NONE, 0x75, 0x30, 0), 0xffffffffec98) = 0 <0.000080>
19795 19:04:35.905066 ioctl(4, _IOC(_IOC_NONE, 0x75, 0x30, 0), 0xffffffffec98) = 0 <0.000067>
19795 19:04:35.905194 ioctl(4, _IOC(_IOC_NONE, 0x75, 0x30, 0), 0xffffffffec98) = 0 <0.000076>
19795 19:04:35.905384 ioctl(4, _IOC(_IOC_NONE, 0x75, 0x30, 0), 0xffffffffec98) = 0 <0.000069>
19795 19:04:35.905511 ioctl(4, _IOC(_IOC_NONE, 0x75, 0x30, 0), 0xffffffffec98) = 0 <0.000107>
19795 19:04:35.905776 ioctl(4, _IOC(_IOC_NONE, 0x75, 0x30, 0), 0xffffffffec98) = 0 <0.000072>
19795 19:04:35.905915 ioctl(4, _IOC(_IOC_NONE, 0x75, 0x30, 0), 0xffffffffec98) = 0 <0.000081>
19795 19:04:35.906110 ioctl(4, _IOC(_IOC_NONE, 0x75, 0x30, 0), 0xffffffffec98) = 0 <0.000066>
19795 19:04:35.906235 ioctl(4, _IOC(_IOC_NONE, 0x75, 0x30, 0), 0xffffffffec98) = 0 <0.000082>
19795 19:04:35.906425 ioctl(4, _IOC(_IOC_NONE, 0x75, 0x30, 0), 0xffffffffec98) = 0 <0.000069>
19795 19:04:35.906557 ioctl(4, _IOC(_IOC_NONE, 0x75, 0x30, 0), 0xffffffffec98) = 0 <0.000081>
19795 19:04:35.906759 ioctl(4, _IOC(_IOC_NONE, 0x75, 0x30, 0), 0xffffffffec98) = 0 <0.000073>
19795 19:04:35.906891 ioctl(4, _IOC(_IOC_NONE, 0x75, 0x30, 0), 0xffffffffec98) = 0 <0.000084>
19795 19:04:35.907085 ioctl(4, _IOC(_IOC_NONE, 0x75, 0x30, 0), 0xffffffffec98) = 0 <0.000072>
19795 19:04:35.907248 ioctl(4, _IOC(_IOC_NONE, 0x75, 0x30, 0), 0xffffffffec98) = 0 <0.000082>
19795 19:04:35.907441 ioctl(4, _IOC(_IOC_NONE, 0x75, 0x30, 0), 0xffffffffec98) = 0 <0.000070>
19795 19:04:35.907573 ioctl(4, _IOC(_IOC_NONE, 0x75, 0x30, 0), 0xffffffffec98) = 0 <0.000081>
19795 19:04:35.907763 ioctl(4, _IOC(_IOC_NONE, 0x75, 0x30, 0), 0xffffffffec98) = 0 <0.000069>
19795 19:04:35.907892 ioctl(4, _IOC(_IOC_NONE, 0x75, 0x30, 0), 0xffffffffec98) = 0 <0.000079>
19795 19:04:35.908154 ioctl(4, _IOC(_IOC_NONE, 0x75, 0x30, 0), 0xffffffffec98) = 0 <0.000074>
19795 19:04:35.908295 ioctl(4, _IOC(_IOC_NONE, 0x75, 0x30, 0), 0xffffffffec98) = 0 <0.000077>
19795 19:04:35.908485 ioctl(4, _IOC(_IOC_NONE, 0x75, 0x30, 0), 0xffffffffec98) = 0 <0.000070>
19795 19:04:35.908613 ioctl(4, _IOC(_IOC_NONE, 0x75, 0x30, 0), 0xffffffffec98) = 0 <0.000081>
19795 19:04:35.908803 ioctl(4, _IOC(_IOC_NONE, 0x75, 0x30, 0), 0xffffffffec98) = 0 <0.000068>
19795 19:04:35.908931 ioctl(4, _IOC(_IOC_NONE, 0x75, 0x30, 0), 0xffffffffec98) = 0 <0.000081>
19795 19:04:35.909122 ioctl(4, _IOC(_IOC_NONE, 0x75, 0x30, 0), 0xffffffffec98) = 0 <0.000067>
19795 19:04:35.909257 ioctl(4, _IOC(_IOC_NONE, 0x75, 0x30, 0), 0xffffffffe938) = 0 <0.000048>
19795 19:04:35.909365 ioctl(4, _IOC(_IOC_NONE, 0x75, 0x30, 0), 0xffffffffe9a8) = 0 <0.000055>
19795 19:04:35.909495 ioctl(4, _IOC(_IOC_NONE, 0x75, 0x30, 0) <unfinished ...>
19796 19:04:35.909522 <... ioctl resumed>, 0xfffff520e618) = 0 <0.004904>
19795 19:04:35.909667 <... ioctl resumed>, 0xffffffffec98) = 0 <0.000147>
19796 19:04:35.909724 ioctl(4, _IOC(_IOC_NONE, 0x75, 0x30, 0), 0xfffff520e618) = 0 <0.000056>
19795 19:04:35.909936 ioctl(4, _IOC(_IOC_NONE, 0x75, 0x30, 0) <unfinished ...>
19796 19:04:35.909971 ioctl(4, _IOC(_IOC_NONE, 0x75, 0x30, 0) <unfinished ...>
19795 19:04:35.910507 <... ioctl resumed>, 0xffffffffec98) = 0 <0.000536>
19796 19:04:35.910568 <... ioctl resumed>, 0xfffff520e608) = 0 <0.000577>
19795 19:04:35.910599 ioctl(4, _IOC(_IOC_NONE, 0x75, 0x30, 0), 0xffffffffec98) = 0 <0.000079>
19795 19:04:35.910823 ioctl(4, _IOC(_IOC_NONE, 0x75, 0x30, 0), 0xffffffffec98) = 0 <0.000070>
19795 19:04:35.910959 ioctl(4, _IOC(_IOC_NONE, 0x75, 0x30, 0) <unfinished ...>
19796 19:04:35.911007 ioctl(4, _IOC(_IOC_NONE, 0x75, 0x30, 0) <unfinished ...>
19795 19:04:35.911112 <... ioctl resumed>, 0xffffffffec98) = 0 <0.000129>
19796 19:04:35.911190 <... ioctl resumed>, 0xfffff520e618) = 0 <0.000161>
19796 19:04:35.911238 ioctl(4, _IOC(_IOC_NONE, 0x75, 0x30, 0) <unfinished ...>
19795 19:04:35.911388 ioctl(4, _IOC(_IOC_NONE, 0x75, 0x30, 0), 0xffffffffec98) = 0 <0.000070>
19795 19:04:35.911524 ioctl(4, _IOC(_IOC_NONE, 0x75, 0x30, 0), 0xffffffffec98) = 0 <0.000081>
19795 19:04:35.911726 ioctl(4, _IOC(_IOC_NONE, 0x75, 0x30, 0), 0xffffffffec98) = 0 <0.000069>
19795 19:04:35.911856 ioctl(4, _IOC(_IOC_NONE, 0x75, 0x30, 0), 0xffffffffec98) = 0 <0.000081>
19795 19:04:35.912048 ioctl(4, _IOC(_IOC_NONE, 0x75, 0x30, 0), 0xffffffffec98) = 0 <0.000070>
19795 19:04:35.912212 ioctl(4, _IOC(_IOC_NONE, 0x75, 0x30, 0), 0xffffffffec98) = 0 <0.000080>
19795 19:04:35.912414 ioctl(4, _IOC(_IOC_NONE, 0x75, 0x30, 0), 0xffffffffec98) = 0 <0.000070>
19795 19:04:35.912547 ioctl(4, _IOC(_IOC_NONE, 0x75, 0x30, 0), 0xffffffffec98) = 0 <0.000084>
19795 19:04:35.912745 ioctl(4, _IOC(_IOC_NONE, 0x75, 0x30, 0), 0xffffffffec98) = 0 <0.000069>
19795 19:04:35.912875 ioctl(4, _IOC(_IOC_NONE, 0x75, 0x30, 0), 0xffffffffec98) = 0 <0.000080>
19795 19:04:35.913064 ioctl(4, _IOC(_IOC_NONE, 0x75, 0x30, 0), 0xffffffffec98) = 0 <0.000073>
19795 19:04:35.913198 ioctl(4, _IOC(_IOC_NONE, 0x75, 0x30, 0), 0xffffffffec98) = 0 <0.000082>
19795 19:04:35.913459 ioctl(4, _IOC(_IOC_NONE, 0x75, 0x30, 0), 0xffffffffeb88) = 0 <0.000072>
19795 19:04:35.913650 ioctl(4, _IOC(_IOC_NONE, 0x75, 0x30, 0), 0xffffffffeb88) = 0 <0.000076>
19795 19:04:35.913905 ioctl(4, _IOC(_IOC_NONE, 0x75, 0x30, 0), 0xffffffffec98) = 0 <0.000070>
19795 19:04:35.914039 ioctl(4, _IOC(_IOC_NONE, 0x75, 0x30, 0), 0xffffffffec98) = 0 <0.000080>
19795 19:04:35.914221 ioctl(4, _IOC(_IOC_NONE, 0x75, 0x30, 0), 0xffffffffec98) = 0 <0.000070>
19795 19:04:35.914383 ioctl(4, _IOC(_IOC_NONE, 0x75, 0x30, 0), 0xffffffffec98) = 0 <0.000083>
19795 19:04:35.914581 ioctl(4, _IOC(_IOC_NONE, 0x75, 0x30, 0), 0xffffffffec98) = 0 <0.000069>
19795 19:04:35.914711 ioctl(4, _IOC(_IOC_NONE, 0x75, 0x30, 0), 0xffffffffec98) = 0 <0.000078>
19795 19:04:35.914895 ioctl(4, _IOC(_IOC_NONE, 0x75, 0x30, 0), 0xffffffffec98) = 0 <0.000072>
19795 19:04:35.915027 ioctl(4, _IOC(_IOC_NONE, 0x75, 0x30, 0), 0xffffffffec98) = 0 <0.000081>
19795 19:04:35.915216 ioctl(4, _IOC(_IOC_NONE, 0x75, 0x30, 0), 0xffffffffec98) = 0 <0.000067>
19795 19:04:35.915340 ioctl(4, _IOC(_IOC_NONE, 0x75, 0x30, 0), 0xffffffffec98) = 0 <0.000082>
19795 19:04:35.915531 ioctl(4, _IOC(_IOC_NONE, 0x75, 0x30, 0), 0xffffffffec98) = 0 <0.000070>
19795 19:04:35.915659 ioctl(4, _IOC(_IOC_NONE, 0x75, 0x30, 0), 0xffffffffec98) = 0 <0.000083>
19795 19:04:35.915848 ioctl(4, _IOC(_IOC_NONE, 0x75, 0x30, 0), 0xffffffffec98) = 0 <0.000067>
19795 19:04:35.915982 ioctl(4, _IOC(_IOC_NONE, 0x75, 0x30, 0), 0xffffffffe938) = 0 <0.000047>
19795 19:04:35.916089 ioctl(4, _IOC(_IOC_NONE, 0x75, 0x30, 0) <unfinished ...>
19796 19:04:35.916173 <... ioctl resumed>, 0xfffff520e618) = 0 <0.004912>
19795 19:04:35.916225 <... ioctl resumed>, 0xffffffffe9a8) = 0 <0.000113>
19795 19:04:35.916273 ioctl(4, _IOC(_IOC_NONE, 0x75, 0x30, 0) <unfinished ...>
19796 19:04:35.916369 ioctl(4, _IOC(_IOC_NONE, 0x75, 0x30, 0) <unfinished ...>
19795 19:04:35.916442 <... ioctl resumed>, 0xffffffffec98) = 0 <0.000147>
19796 19:04:35.916469 <... ioctl resumed>, 0xfffff520e618) = 0 <0.000078>
19795 19:04:35.916591 ioctl(4, _IOC(_IOC_NONE, 0x75, 0x30, 0) <unfinished ...>
19796 19:04:35.916624 ioctl(4, _IOC(_IOC_NONE, 0x75, 0x30, 0) <unfinished ...>
19795 19:04:35.917160 <... ioctl resumed>, 0xffffffffec98) = 0 <0.000536>
19796 19:04:35.917222 <... ioctl resumed>, 0xfffff520e608) = 0 <0.000576>
19795 19:04:35.917253 ioctl(4, _IOC(_IOC_NONE, 0x75, 0x30, 0), 0xffffffffec98) = 0 <0.000083>
19795 19:04:35.917480 ioctl(4, _IOC(_IOC_NONE, 0x75, 0x30, 0), 0xffffffffec98) = 0 <0.000093>
19796 19:04:35.917668 ioctl(4, _IOC(_IOC_NONE, 0x75, 0x30, 0) <unfinished ...>
19795 19:04:35.917722 ioctl(4, _IOC(_IOC_NONE, 0x75, 0x30, 0) <unfinished ...>
19796 19:04:35.917795 <... ioctl resumed>, 0xfffff520e618) = 0 <0.000097>
19795 19:04:35.917899 <... ioctl resumed>, 0xffffffffec98) = 0 <0.000155>
19796 19:04:35.917950 ioctl(4, _IOC(_IOC_NONE, 0x75, 0x30, 0) <unfinished ...>
19795 19:04:35.918112 ioctl(4, _IOC(_IOC_NONE, 0x75, 0x30, 0), 0xffffffffec98) = 0 <0.000072>
19795 19:04:35.918249 ioctl(4, _IOC(_IOC_NONE, 0x75, 0x30, 0), 0xffffffffec98) = 0 <0.000079>
19795 19:04:35.918451 ioctl(4, _IOC(_IOC_NONE, 0x75, 0x30, 0), 0xffffffffec98) = 0 <0.000070>
19795 19:04:35.918581 ioctl(4, _IOC(_IOC_NONE, 0x75, 0x30, 0), 0xffffffffec98) = 0 <0.000078>
19795 19:04:35.918771 ioctl(4, _IOC(_IOC_NONE, 0x75, 0x30, 0), 0xffffffffec98) = 0 <0.000065>
19795 19:04:35.918896 ioctl(4, _IOC(_IOC_NONE, 0x75, 0x30, 0), 0xffffffffec98) = 0 <0.000083>
19795 19:04:35.919088 ioctl(4, _IOC(_IOC_NONE, 0x75, 0x30, 0), 0xffffffffec98) = 0 <0.000068>
19795 19:04:35.919216 ioctl(4, _IOC(_IOC_NONE, 0x75, 0x30, 0), 0xffffffffec98) = 0 <0.000077>
19795 19:04:35.919397 ioctl(4, _IOC(_IOC_NONE, 0x75, 0x30, 0), 0xffffffffec98) = 0 <0.000070>
19795 19:04:35.919528 ioctl(4, _IOC(_IOC_NONE, 0x75, 0x30, 0), 0xffffffffec98) = 0 <0.000083>
19795 19:04:35.919717 ioctl(4, _IOC(_IOC_NONE, 0x75, 0x30, 0), 0xffffffffec98) = 0 <0.000070>
19795 19:04:35.919849 ioctl(4, _IOC(_IOC_NONE, 0x75, 0x30, 0), 0xffffffffec98) = 0 <0.000078>
19795 19:04:35.920107 ioctl(4, _IOC(_IOC_NONE, 0x75, 0x30, 0), 0xffffffffec98) = 0 <0.000071>
19795 19:04:35.920242 ioctl(4, _IOC(_IOC_NONE, 0x75, 0x30, 0), 0xffffffffec98) = 0 <0.000075>
19795 19:04:35.920427 ioctl(4, _IOC(_IOC_NONE, 0x75, 0x30, 0), 0xffffffffec98) = 0 <0.000070>
19795 19:04:35.920557 ioctl(4, _IOC(_IOC_NONE, 0x75, 0x30, 0), 0xffffffffec98) = 0 <0.000082>
19795 19:04:35.920744 ioctl(4, _IOC(_IOC_NONE, 0x75, 0x30, 0), 0xffffffffec98) = 0 <0.000070>
19795 19:04:35.920876 ioctl(4, _IOC(_IOC_NONE, 0x75, 0x30, 0), 0xffffffffec98) = 0 <0.000081>
19795 19:04:35.921099 ioctl(4, _IOC(_IOC_NONE, 0x75, 0x30, 0), 0xffffffffec98) = 0 <0.000071>
19795 19:04:35.921230 ioctl(4, _IOC(_IOC_NONE, 0x75, 0x30, 0), 0xffffffffec98) = 0 <0.000080>
19795 19:04:35.921418 ioctl(4, _IOC(_IOC_NONE, 0x75, 0x30, 0), 0xffffffffec98) = 0 <0.000068>
19795 19:04:35.921548 ioctl(4, _IOC(_IOC_NONE, 0x75, 0x30, 0), 0xffffffffec98) = 0 <0.000084>
19795 19:04:35.921807 ioctl(4, _IOC(_IOC_NONE, 0x75, 0x30, 0), 0xffffffffec98) = 0 <0.000070>
19795 19:04:35.921937 ioctl(4, _IOC(_IOC_NONE, 0x75, 0x30, 0), 0xffffffffec98) = 0 <0.000080>
19795 19:04:35.922130 ioctl(4, _IOC(_IOC_NONE, 0x75, 0x30, 0), 0xffffffffec98) = 0 <0.000067>
19795 19:04:35.922255 ioctl(4, _IOC(_IOC_NONE, 0x75, 0x30, 0), 0xffffffffec98) = 0 <0.000073>
19795 19:04:35.922429 ioctl(4, _IOC(_IOC_NONE, 0x75, 0x30, 0), 0xffffffffec98) = 0 <0.000069>
19795 19:04:35.922563 ioctl(4, _IOC(_IOC_NONE, 0x75, 0x30, 0), 0xffffffffe938) = 0 <0.000050>
19795 19:04:35.922669 ioctl(4, _IOC(_IOC_NONE, 0x75, 0x30, 0), 0xffffffffe9a8) = 0 <0.000089>
19796 19:04:35.922825 <... ioctl resumed>, 0xfffff520e618) = 0 <0.004852>
19795 19:04:35.922882 ioctl(4, _IOC(_IOC_NONE, 0x75, 0x30, 0) <unfinished ...>
19796 19:04:35.922986 ioctl(4, _IOC(_IOC_NONE, 0x75, 0x30, 0) <unfinished ...>
19795 19:04:35.923059 <... ioctl resumed>, 0xffffffffec98) = 0 <0.000152>
19796 19:04:35.923085 <... ioctl resumed>, 0xfffff520e618) = 0 <0.000076>
19795 19:04:35.923217 ioctl(4, _IOC(_IOC_NONE, 0x75, 0x30, 0) <unfinished ...>
19796 19:04:35.923248 ioctl(4, _IOC(_IOC_NONE, 0x75, 0x30, 0) <unfinished ...>
19795 19:04:35.923779 <... ioctl resumed>, 0xffffffffec98) = 0 <0.000531>
19796 19:04:35.923839 <... ioctl resumed>, 0xfffff520e608) = 0 <0.000570>
19795 19:04:35.923868 ioctl(4, _IOC(_IOC_NONE, 0x75, 0x30, 0), 0xffffffffec98) = 0 <0.000081>
19795 19:04:35.924089 ioctl(4, _IOC(_IOC_NONE, 0x75, 0x30, 0), 0xffffffffec98) = 0 <0.000068>
19795 19:04:35.924221 ioctl(4, _IOC(_IOC_NONE, 0x75, 0x30, 0) <unfinished ...>
19796 19:04:35.924270 ioctl(4, _IOC(_IOC_NONE, 0x75, 0x30, 0) <unfinished ...>
19795 19:04:35.924376 <... ioctl resumed>, 0xffffffffec98) = 0 <0.000129>
19796 19:04:35.924452 <... ioctl resumed>, 0xfffff520e618) = 0 <0.000160>
19796 19:04:35.924501 ioctl(4, _IOC(_IOC_NONE, 0x75, 0x30, 0) <unfinished ...>
19795 19:04:35.924650 ioctl(4, _IOC(_IOC_NONE, 0x75, 0x30, 0), 0xffffffffec98) = 0 <0.000072>
19795 19:04:35.924786 ioctl(4, _IOC(_IOC_NONE, 0x75, 0x30, 0), 0xffffffffec98) = 0 <0.000079>
19795 19:04:35.924979 ioctl(4, _IOC(_IOC_NONE, 0x75, 0x30, 0), 0xffffffffec98) = 0 <0.000069>
19795 19:04:35.925108 ioctl(4, _IOC(_IOC_NONE, 0x75, 0x30, 0), 0xffffffffec98) = 0 <0.000080>
19795 19:04:35.925368 ioctl(4, _IOC(_IOC_NONE, 0x75, 0x30, 0), 0xffffffffeb88) = 0 <0.000072>
19795 19:04:35.925508 ioctl(4, _IOC(_IOC_NONE, 0x75, 0x30, 0), 0xffffffffeb88) = 0 <0.000103>
19795 19:04:35.925809 ioctl(4, _IOC(_IOC_NONE, 0x75, 0x30, 0), 0xffffffffec98) = 0 <0.000074>
19795 19:04:35.925951 ioctl(4, _IOC(_IOC_NONE, 0x75, 0x30, 0), 0xffffffffec98) = 0 <0.000076>
19795 19:04:35.926121 ioctl(4, _IOC(_IOC_NONE, 0x75, 0x30, 0), 0xffffffffec98) = 0 <0.000067>
19795 19:04:35.926249 ioctl(4, _IOC(_IOC_NONE, 0x75, 0x30, 0), 0xffffffffec98) = 0 <0.000077>
19795 19:04:35.926429 ioctl(4, _IOC(_IOC_NONE, 0x75, 0x30, 0), 0xffffffffec98) = 0 <0.000068>
19795 19:04:35.926558 ioctl(4, _IOC(_IOC_NONE, 0x75, 0x30, 0), 0xffffffffec98) = 0 <0.000081>
19795 19:04:35.926750 ioctl(4, _IOC(_IOC_NONE, 0x75, 0x30, 0), 0xffffffffec98) = 0 <0.000071>
19795 19:04:35.926885 ioctl(4, _IOC(_IOC_NONE, 0x75, 0x30, 0), 0xffffffffec98) = 0 <0.000080>
19795 19:04:35.927074 ioctl(4, _IOC(_IOC_NONE, 0x75, 0x30, 0), 0xffffffffec98) = 0 <0.000069>
19795 19:04:35.927203 ioctl(4, _IOC(_IOC_NONE, 0x75, 0x30, 0), 0xffffffffec98) = 0 <0.000080>
19795 19:04:35.927390 ioctl(4, _IOC(_IOC_NONE, 0x75, 0x30, 0), 0xffffffffec98) = 0 <0.000069>
19795 19:04:35.927519 ioctl(4, _IOC(_IOC_NONE, 0x75, 0x30, 0), 0xffffffffec98) = 0 <0.000079>
19795 19:04:35.927703 ioctl(4, _IOC(_IOC_NONE, 0x75, 0x30, 0), 0xffffffffec98) = 0 <0.000074>
19795 19:04:35.927867 ioctl(4, _IOC(_IOC_NONE, 0x75, 0x30, 0), 0xffffffffec98) = 0 <0.000076>
19795 19:04:35.928056 ioctl(4, _IOC(_IOC_NONE, 0x75, 0x30, 0), 0xffffffffec98) = 0 <0.000069>
19795 19:04:35.928186 ioctl(4, _IOC(_IOC_NONE, 0x75, 0x30, 0), 0xffffffffec98) = 0 <0.000083>
19795 19:04:35.928377 ioctl(4, _IOC(_IOC_NONE, 0x75, 0x30, 0), 0xffffffffec98) = 0 <0.000068>
19795 19:04:35.928506 ioctl(4, _IOC(_IOC_NONE, 0x75, 0x30, 0), 0xffffffffec98) = 0 <0.000078>
19795 19:04:35.928694 ioctl(4, _IOC(_IOC_NONE, 0x75, 0x30, 0), 0xffffffffec98) = 0 <0.000071>
19795 19:04:35.928826 ioctl(4, _IOC(_IOC_NONE, 0x75, 0x30, 0), 0xffffffffec98) = 0 <0.000080>
19795 19:04:35.929010 ioctl(4, _IOC(_IOC_NONE, 0x75, 0x30, 0), 0xffffffffec98) = 0 <0.000070>
19795 19:04:35.929146 ioctl(4, _IOC(_IOC_NONE, 0x75, 0x30, 0), 0xffffffffe938) = 0 <0.000050>
19795 19:04:35.929254 ioctl(4, _IOC(_IOC_NONE, 0x75, 0x30, 0), 0xffffffffe9a8) = 0 <0.000054>
19795 19:04:35.929385 ioctl(4, _IOC(_IOC_NONE, 0x75, 0x30, 0) <unfinished ...>
19796 19:04:35.929483 <... ioctl resumed>, 0xfffff520e618) = 0 <0.004957>
19795 19:04:35.929514 <... ioctl resumed>, 0xffffffffec98) = 0 <0.000106>
19796 19:04:35.929557 ioctl(4, _IOC(_IOC_NONE, 0x75, 0x30, 0) <unfinished ...>
19795 19:04:35.929780 ioctl(4, _IOC(_IOC_NONE, 0x75, 0x30, 0) <unfinished ...>
19796 19:04:35.929820 <... ioctl resumed>, 0xfffff520e618) = 0 <0.000194>
19795 19:04:35.929928 <... ioctl resumed>, 0xffffffffec98) = 0 <0.000115>
19796 19:04:35.929956 ioctl(4, _IOC(_IOC_NONE, 0x75, 0x30, 0) <unfinished ...>
19795 19:04:35.930445 ioctl(4, _IOC(_IOC_NONE, 0x75, 0x30, 0) <unfinished ...>
19796 19:04:35.930561 <... ioctl resumed>, 0xfffff520e608) = 0 <0.000583>
19795 19:04:35.930595 <... ioctl resumed>, 0xffffffffec98) = 0 <0.000115>
19795 19:04:35.930723 ioctl(4, _IOC(_IOC_NONE, 0x75, 0x30, 0), 0xffffffffec98) = 0 <0.000068>
19795 19:04:35.930855 ioctl(4, _IOC(_IOC_NONE, 0x75, 0x30, 0), 0xffffffffec98) = 0 <0.000079>
19796 19:04:35.930997 ioctl(4, _IOC(_IOC_NONE, 0x75, 0x30, 0) <unfinished ...>
19795 19:04:35.931096 ioctl(4, _IOC(_IOC_NONE, 0x75, 0x30, 0) <unfinished ...>
19796 19:04:35.931180 <... ioctl resumed>, 0xfffff520e618) = 0 <0.000159>
19796 19:04:35.931230 ioctl(4, _IOC(_IOC_NONE, 0x75, 0x30, 0) <unfinished ...>
19795 19:04:35.931319 <... ioctl resumed>, 0xffffffffec98) = 0 <0.000195>
19795 19:04:35.931393 ioctl(4, _IOC(_IOC_NONE, 0x75, 0x30, 0), 0xffffffffec98) = 0 <0.000079>
19795 19:04:35.931593 ioctl(4, _IOC(_IOC_NONE, 0x75, 0x30, 0), 0xffffffffec98) = 0 <0.000069>
19795 19:04:35.931717 ioctl(4, _IOC(_IOC_NONE, 0x75, 0x30, 0), 0xffffffffec98) = 0 <0.000077>
19795 19:04:35.931972 ioctl(4, _IOC(_IOC_NONE, 0x75, 0x30, 0), 0xffffffffec98) = 0 <0.000071>
19795 19:04:35.932106 ioctl(4, _IOC(_IOC_NONE, 0x75, 0x30, 0), 0xffffffffec98) = 0 <0.000077>
19795 19:04:35.932291 ioctl(4, _IOC(_IOC_NONE, 0x75, 0x30, 0), 0xffffffffec98) = 0 <0.000066>
19795 19:04:35.932417 ioctl(4, _IOC(_IOC_NONE, 0x75, 0x30, 0), 0xffffffffec98) = 0 <0.000080>
19795 19:04:35.932599 ioctl(4, _IOC(_IOC_NONE, 0x75, 0x30, 0), 0xffffffffec98) = 0 <0.000066>
19795 19:04:35.932723 ioctl(4, _IOC(_IOC_NONE, 0x75, 0x30, 0), 0xffffffffec98) = 0 <0.000076>
19795 19:04:35.932903 ioctl(4, _IOC(_IOC_NONE, 0x75, 0x30, 0), 0xffffffffec98) = 0 <0.000074>
19795 19:04:35.933038 ioctl(4, _IOC(_IOC_NONE, 0x75, 0x30, 0), 0xffffffffec98) = 0 <0.000082>
19795 19:04:35.933227 ioctl(4, _IOC(_IOC_NONE, 0x75, 0x30, 0), 0xffffffffec98) = 0 <0.000102>
19795 19:04:35.933390 ioctl(4, _IOC(_IOC_NONE, 0x75, 0x30, 0), 0xffffffffec98) = 0 <0.000078>
19795 19:04:35.933602 ioctl(4, _IOC(_IOC_NONE, 0x75, 0x30, 0), 0xffffffffec98) = 0 <0.000079>
19795 19:04:35.933776 ioctl(4, _IOC(_IOC_NONE, 0x75, 0x30, 0), 0xffffffffec98) = 0 <0.000082>
19795 19:04:35.933984 ioctl(4, _IOC(_IOC_NONE, 0x75, 0x30, 0), 0xffffffffec98) = 0 <0.000067>
19795 19:04:35.934111 ioctl(4, _IOC(_IOC_NONE, 0x75, 0x30, 0), 0xffffffffec98) = 0 <0.000079>
19795 19:04:35.934299 ioctl(4, _IOC(_IOC_NONE, 0x75, 0x30, 0), 0xffffffffec98) = 0 <0.000072>
19795 19:04:35.934434 ioctl(4, _IOC(_IOC_NONE, 0x75, 0x30, 0), 0xffffffffec98) = 0 <0.000084>
19795 19:04:35.934657 ioctl(4, _IOC(_IOC_NONE, 0x75, 0x30, 0), 0xffffffffec98) = 0 <0.000068>
19795 19:04:35.934788 ioctl(4, _IOC(_IOC_NONE, 0x75, 0x30, 0), 0xffffffffec98) = 0 <0.000080>
19795 19:04:35.934975 ioctl(4, _IOC(_IOC_NONE, 0x75, 0x30, 0), 0xffffffffec98) = 0 <0.000067>
19795 19:04:35.935101 ioctl(4, _IOC(_IOC_NONE, 0x75, 0x30, 0), 0xffffffffec98) = 0 <0.000080>
19795 19:04:35.935285 ioctl(4, _IOC(_IOC_NONE, 0x75, 0x30, 0), 0xffffffffec98) = 0 <0.000070>
19795 19:04:35.935413 ioctl(4, _IOC(_IOC_NONE, 0x75, 0x30, 0), 0xffffffffec98) = 0 <0.000077>
19795 19:04:35.935591 ioctl(4, _IOC(_IOC_NONE, 0x75, 0x30, 0), 0xffffffffec98) = 0 <0.000067>
19795 19:04:35.935725 ioctl(4, _IOC(_IOC_NONE, 0x75, 0x30, 0), 0xffffffffe938) = 0 <0.000047>
19795 19:04:35.935830 ioctl(4, _IOC(_IOC_NONE, 0x75, 0x30, 0) <unfinished ...>
19796 19:04:35.935913 <... ioctl resumed>, 0xfffff520e618) = 0 <0.004660>
19795 19:04:35.935976 <... ioctl resumed>, 0xffffffffe9a8) = 0 <0.000124>
19796 19:04:35.936013 ioctl(4, _IOC(_IOC_NONE, 0x75, 0x30, 0) <unfinished ...>
19795 19:04:35.936044 ioctl(4, _IOC(_IOC_NONE, 0x75, 0x30, 0), 0xffffffffec98) = 0 <0.000119>
19796 19:04:35.936201 <... ioctl resumed>, 0xfffff520e618) = 0 <0.000166>
19795 19:04:35.936435 ioctl(4, _IOC(_IOC_NONE, 0x75, 0x30, 0) <unfinished ...>
19796 19:04:35.936475 ioctl(4, _IOC(_IOC_NONE, 0x75, 0x30, 0) <unfinished ...>
19795 19:04:35.936932 <... ioctl resumed>, 0xffffffffec38) = 0 <0.000457>
19796 19:04:35.936987 <... ioctl resumed>, 0xfffff520e608) = 0 <0.000492>
19795 19:04:35.937022 ioctl(4, _IOC(_IOC_NONE, 0x75, 0x30, 0) <unfinished ...>
19796 19:04:35.937053 ioctl(4, _IOC(_IOC_NONE, 0x75, 0x30, 0) <unfinished ...>
19795 19:04:35.937125 <... ioctl resumed>, 0xffffffffec38) = 0 <0.000078>
19796 19:04:35.937156 <... ioctl resumed>, 0xfffff520e618) = 0 <0.000084>
19795 19:04:35.937267 ioctl(4, _IOC(_IOC_NONE, 0x75, 0x30, 0) <unfinished ...>
19796 19:04:35.937300 ioctl(4, _IOC(_IOC_NONE, 0x75, 0x30, 0) <unfinished ...>
19795 19:04:35.937363 <... ioctl resumed>, 0xffffffffec98) = 0 <0.000070>
19795 19:04:35.937408 ioctl(4, _IOC(_IOC_NONE, 0x75, 0x30, 0), 0xffffffffec98) = 0 <0.000085>
19795 19:04:35.937678 ioctl(4, _IOC(_IOC_NONE, 0x75, 0x30, 0), 0xffffffffec98) = 0 <0.000086>
19795 19:04:35.937871 ioctl(4, _IOC(_IOC_NONE, 0x75, 0x30, 0), 0xffffffffec98) = 0 <0.000083>
19795 19:04:35.938095 ioctl(4, _IOC(_IOC_NONE, 0x75, 0x30, 0), 0xffffffffec98) = 0 <0.000072>
19795 19:04:35.938231 ioctl(4, _IOC(_IOC_NONE, 0x75, 0x30, 0), 0xffffffffec98) = 0 <0.000076>
19795 19:04:35.938424 ioctl(4, _IOC(_IOC_NONE, 0x75, 0x30, 0), 0xffffffffec98) = 0 <0.000073>
19795 19:04:35.938560 ioctl(4, _IOC(_IOC_NONE, 0x75, 0x30, 0), 0xffffffffec98) = 0 <0.000083>
19795 19:04:35.938751 ioctl(4, _IOC(_IOC_NONE, 0x75, 0x30, 0), 0xffffffffec98) = 0 <0.000069>
19795 19:04:35.938882 ioctl(4, _IOC(_IOC_NONE, 0x75, 0x30, 0), 0xffffffffec98) = 0 <0.000078>
19795 19:04:35.939064 ioctl(4, _IOC(_IOC_NONE, 0x75, 0x30, 0), 0xffffffffec98) = 0 <0.000067>
19795 19:04:35.939191 ioctl(4, _IOC(_IOC_NONE, 0x75, 0x30, 0), 0xffffffffec98) = 0 <0.000081>
19795 19:04:35.939374 ioctl(4, _IOC(_IOC_NONE, 0x75, 0x30, 0), 0xffffffffec98) = 0 <0.000067>
19795 19:04:35.939503 ioctl(4, _IOC(_IOC_NONE, 0x75, 0x30, 0), 0xffffffffec98) = 0 <0.000079>
19795 19:04:35.939683 ioctl(4, _IOC(_IOC_NONE, 0x75, 0x30, 0), 0xffffffffec98) = 0 <0.000070>
19795 19:04:35.939813 ioctl(4, _IOC(_IOC_NONE, 0x75, 0x30, 0), 0xffffffffec98) = 0 <0.000080>
19795 19:04:35.939994 ioctl(4, _IOC(_IOC_NONE, 0x75, 0x30, 0), 0xffffffffec98) = 0 <0.000068>
19795 19:04:35.940124 ioctl(4, _IOC(_IOC_NONE, 0x75, 0x30, 0), 0xffffffffec98) = 0 <0.000078>
19795 19:04:35.940310 ioctl(4, _IOC(_IOC_NONE, 0x75, 0x30, 0), 0xffffffffec98) = 0 <0.000067>
19795 19:04:35.940437 ioctl(4, _IOC(_IOC_NONE, 0x75, 0x30, 0), 0xffffffffec98) = 0 <0.000083>
19795 19:04:35.940625 ioctl(4, _IOC(_IOC_NONE, 0x75, 0x30, 0), 0xffffffffec98) = 0 <0.000070>
19795 19:04:35.940755 ioctl(4, _IOC(_IOC_NONE, 0x75, 0x30, 0), 0xffffffffec98) = 0 <0.000079>
19795 19:04:35.940971 ioctl(4, _IOC(_IOC_NONE, 0x75, 0x30, 0), 0xffffffffec98) = 0 <0.000068>
19795 19:04:35.941101 ioctl(4, _IOC(_IOC_NONE, 0x75, 0x30, 0), 0xffffffffec98) = 0 <0.000083>
19795 19:04:35.941289 ioctl(4, _IOC(_IOC_NONE, 0x75, 0x30, 0), 0xffffffffec98) = 0 <0.000068>
19795 19:04:35.941419 ioctl(4, _IOC(_IOC_NONE, 0x75, 0x30, 0), 0xffffffffec98) = 0 <0.000081>
19795 19:04:35.941647 ioctl(4, _IOC(_IOC_NONE, 0x75, 0x30, 0), 0xffffffffec98) = 0 <0.000077>
19795 19:04:35.941822 ioctl(4, _IOC(_IOC_NONE, 0x75, 0x30, 0), 0xffffffffec98) = 0 <0.000082>
19795 19:04:35.942022 ioctl(4, _IOC(_IOC_NONE, 0x75, 0x30, 0), 0xffffffffec98) = 0 <0.000066>
19795 19:04:35.942153 ioctl(4, _IOC(_IOC_NONE, 0x75, 0x30, 0), 0xffffffffe938) = 0 <0.000051>
19795 19:04:35.942263 ioctl(4, _IOC(_IOC_NONE, 0x75, 0x30, 0), 0xffffffffe9a8) = 0 <0.000053>
19796 19:04:35.942384 <... ioctl resumed>, 0xfffff520e618) = 0 <0.005063>
19795 19:04:35.942436 ioctl(4, _IOC(_IOC_NONE, 0x75, 0x30, 0) <unfinished ...>
19796 19:04:35.942534 ioctl(4, _IOC(_IOC_NONE, 0x75, 0x30, 0) <unfinished ...>
19795 19:04:35.942565 <... ioctl resumed>, 0xffffffffec98) = 0 <0.000105>
19796 19:04:35.942636 <... ioctl resumed>, 0xfffff520e618) = 0 <0.000080>
19795 19:04:35.942827 ioctl(4, _IOC(_IOC_NONE, 0x75, 0x30, 0) <unfinished ...>
19796 19:04:35.942865 ioctl(4, _IOC(_IOC_NONE, 0x75, 0x30, 0) <unfinished ...>
19795 19:04:35.943399 <... ioctl resumed>, 0xffffffffec98) = 0 <0.000536>
19796 19:04:35.943464 <... ioctl resumed>, 0xfffff520e608) = 0 <0.000579>
19795 19:04:35.943500 ioctl(4, _IOC(_IOC_NONE, 0x75, 0x30, 0), 0xffffffffec98) = 0 <0.000088>
19795 19:04:35.943742 ioctl(4, _IOC(_IOC_NONE, 0x75, 0x30, 0), 0xffffffffec98) = 0 <0.000080>
19796 19:04:35.943906 ioctl(4, _IOC(_IOC_NONE, 0x75, 0x30, 0), 0xfffff520e618) = 0 <0.000056>
19795 19:04:35.944030 ioctl(4, _IOC(_IOC_NONE, 0x75, 0x30, 0), 0xffffffffec98) = 0 <0.000090>
19796 19:04:35.944192 ioctl(4, _IOC(_IOC_NONE, 0x75, 0x30, 0) <unfinished ...>
19795 19:04:35.944350 ioctl(4, _IOC(_IOC_NONE, 0x75, 0x30, 0), 0xffffffffec98) = 0 <0.000071>
19795 19:04:35.944486 ioctl(4, _IOC(_IOC_NONE, 0x75, 0x30, 0), 0xffffffffec98) = 0 <0.000078>
19795 19:04:35.944679 ioctl(4, _IOC(_IOC_NONE, 0x75, 0x30, 0), 0xffffffffec98) = 0 <0.000073>
19795 19:04:35.944813 ioctl(4, _IOC(_IOC_NONE, 0x75, 0x30, 0), 0xffffffffec98) = 0 <0.000083>
19795 19:04:35.945006 ioctl(4, _IOC(_IOC_NONE, 0x75, 0x30, 0), 0xffffffffec98) = 0 <0.000068>
19795 19:04:35.945134 ioctl(4, _IOC(_IOC_NONE, 0x75, 0x30, 0), 0xffffffffec98) = 0 <0.000081>
19795 19:04:35.945323 ioctl(4, _IOC(_IOC_NONE, 0x75, 0x30, 0), 0xffffffffec98) = 0 <0.000068>
19795 19:04:35.945454 ioctl(4, _IOC(_IOC_NONE, 0x75, 0x30, 0), 0xffffffffec98) = 0 <0.000083>
19795 19:04:35.945683 ioctl(4, _IOC(_IOC_NONE, 0x75, 0x30, 0), 0xffffffffec98) = 0 <0.000078>
19795 19:04:35.945846 ioctl(4, _IOC(_IOC_NONE, 0x75, 0x30, 0), 0xffffffffec98) = 0 <0.000083>
19795 19:04:35.946039 ioctl(4, _IOC(_IOC_NONE, 0x75, 0x30, 0), 0xffffffffec98) = 0 <0.000068>
19795 19:04:35.946167 ioctl(4, _IOC(_IOC_NONE, 0x75, 0x30, 0), 0xffffffffec98) = 0 <0.000081>
19795 19:04:35.946353 ioctl(4, _IOC(_IOC_NONE, 0x75, 0x30, 0), 0xffffffffec98) = 0 <0.000072>
19795 19:04:35.946489 ioctl(4, _IOC(_IOC_NONE, 0x75, 0x30, 0), 0xffffffffec98) = 0 <0.000078>
19795 19:04:35.946671 ioctl(4, _IOC(_IOC_NONE, 0x75, 0x30, 0), 0xffffffffec98) = 0 <0.000068>
19795 19:04:35.946803 ioctl(4, _IOC(_IOC_NONE, 0x75, 0x30, 0), 0xffffffffec98) = 0 <0.000077>
19795 19:04:35.946991 ioctl(4, _IOC(_IOC_NONE, 0x75, 0x30, 0), 0xffffffffec98) = 0 <0.000074>
19795 19:04:35.947127 ioctl(4, _IOC(_IOC_NONE, 0x75, 0x30, 0), 0xffffffffec98) = 0 <0.000078>
19795 19:04:35.947309 ioctl(4, _IOC(_IOC_NONE, 0x75, 0x30, 0), 0xffffffffec98) = 0 <0.000071>
19795 19:04:35.947441 ioctl(4, _IOC(_IOC_NONE, 0x75, 0x30, 0), 0xffffffffec98) = 0 <0.000080>
19795 19:04:35.947729 ioctl(4, _IOC(_IOC_NONE, 0x75, 0x30, 0), 0xffffffffec38) = 0 <0.000076>
19795 19:04:35.947878 ioctl(4, _IOC(_IOC_NONE, 0x75, 0x30, 0), 0xffffffffec38) = 0 <0.000079>
19795 19:04:35.948063 ioctl(4, _IOC(_IOC_NONE, 0x75, 0x30, 0), 0xffffffffec98) = 0 <0.000075>
19795 19:04:35.948234 ioctl(4, _IOC(_IOC_NONE, 0x75, 0x30, 0), 0xffffffffec98) = 0 <0.000080>
19795 19:04:35.948422 ioctl(4, _IOC(_IOC_NONE, 0x75, 0x30, 0), 0xffffffffec98) = 0 <0.000071>
19795 19:04:35.948553 ioctl(4, _IOC(_IOC_NONE, 0x75, 0x30, 0), 0xffffffffec98) = 0 <0.000082>
19795 19:04:35.948739 ioctl(4, _IOC(_IOC_NONE, 0x75, 0x30, 0), 0xffffffffec98) = 0 <0.000069>
19795 19:04:35.948876 ioctl(4, _IOC(_IOC_NONE, 0x75, 0x30, 0), 0xffffffffe938) = 0 <0.000051>
19795 19:04:35.948987 ioctl(4, _IOC(_IOC_NONE, 0x75, 0x30, 0) <unfinished ...>
19796 19:04:35.949076 <... ioctl resumed>, 0xfffff520e618) = 0 <0.004856>
19795 19:04:35.949142 <... ioctl resumed>, 0xffffffffe9a8) = 0 <0.000132>
19796 19:04:35.949182 ioctl(4, _IOC(_IOC_NONE, 0x75, 0x30, 0) <unfinished ...>
19795 19:04:35.949211 ioctl(4, _IOC(_IOC_NONE, 0x75, 0x30, 0), 0xffffffffec98) = 0 <0.000115>
19796 19:04:35.949363 <... ioctl resumed>, 0xfffff520e618) = 0 <0.000160>
19795 19:04:35.949476 ioctl(4, _IOC(_IOC_NONE, 0x75, 0x30, 0) <unfinished ...>
19796 19:04:35.949507 ioctl(4, _IOC(_IOC_NONE, 0x75, 0x30, 0) <unfinished ...>
19795 19:04:35.950083 <... ioctl resumed>, 0xffffffffec98) = 0 <0.000572>
19796 19:04:35.950187 <... ioctl resumed>, 0xfffff520e608) = 0 <0.000657>
19795 19:04:35.950230 ioctl(4, _IOC(_IOC_NONE, 0x75, 0x30, 0), 0xffffffffec98) = 0 <0.000094>
19795 19:04:35.950486 ioctl(4, _IOC(_IOC_NONE, 0x75, 0x30, 0), 0xffffffffec98) = 0 <0.000078>
19796 19:04:35.950641 ioctl(4, _IOC(_IOC_NONE, 0x75, 0x30, 0) <unfinished ...>
19795 19:04:35.950696 ioctl(4, _IOC(_IOC_NONE, 0x75, 0x30, 0) <unfinished ...>
19796 19:04:35.950777 <... ioctl resumed>, 0xfffff520e618) = 0 <0.000108>
19795 19:04:35.950885 <... ioctl resumed>, 0xffffffffec98) = 0 <0.000165>
19796 19:04:35.950938 ioctl(4, _IOC(_IOC_NONE, 0x75, 0x30, 0) <unfinished ...>
19795 19:04:35.951088 ioctl(4, _IOC(_IOC_NONE, 0x75, 0x30, 0), 0xffffffffec98) = 0 <0.000067>
19795 19:04:35.951217 ioctl(4, _IOC(_IOC_NONE, 0x75, 0x30, 0), 0xffffffffec98) = 0 <0.000079>
19795 19:04:35.951407 ioctl(4, _IOC(_IOC_NONE, 0x75, 0x30, 0), 0xffffffffec98) = 0 <0.000070>
19795 19:04:35.951540 ioctl(4, _IOC(_IOC_NONE, 0x75, 0x30, 0), 0xffffffffec98) = 0 <0.000079>
19795 19:04:35.951725 ioctl(4, _IOC(_IOC_NONE, 0x75, 0x30, 0), 0xffffffffec98) = 0 <0.000070>
19795 19:04:35.951858 ioctl(4, _IOC(_IOC_NONE, 0x75, 0x30, 0), 0xffffffffec98) = 0 <0.000082>
19795 19:04:35.952046 ioctl(4, _IOC(_IOC_NONE, 0x75, 0x30, 0), 0xffffffffec98) = 0 <0.000068>
19795 19:04:35.952175 ioctl(4, _IOC(_IOC_NONE, 0x75, 0x30, 0), 0xffffffffec98) = 0 <0.000081>
19795 19:04:35.952364 ioctl(4, _IOC(_IOC_NONE, 0x75, 0x30, 0), 0xffffffffec98) = 0 <0.000069>
19795 19:04:35.952493 ioctl(4, _IOC(_IOC_NONE, 0x75, 0x30, 0), 0xffffffffec98) = 0 <0.000082>
19795 19:04:35.952680 ioctl(4, _IOC(_IOC_NONE, 0x75, 0x30, 0), 0xffffffffec98) = 0 <0.000068>
19795 19:04:35.952806 ioctl(4, _IOC(_IOC_NONE, 0x75, 0x30, 0), 0xffffffffec98) = 0 <0.000078>
19795 19:04:35.952988 ioctl(4, _IOC(_IOC_NONE, 0x75, 0x30, 0), 0xffffffffec98) = 0 <0.000071>
19795 19:04:35.953115 ioctl(4, _IOC(_IOC_NONE, 0x75, 0x30, 0), 0xffffffffec98) = 0 <0.000081>
19795 19:04:35.953299 ioctl(4, _IOC(_IOC_NONE, 0x75, 0x30, 0), 0xffffffffec98) = 0 <0.000098>
19795 19:04:35.953461 ioctl(4, _IOC(_IOC_NONE, 0x75, 0x30, 0), 0xffffffffec98) = 0 <0.000082>
19795 19:04:35.953723 ioctl(4, _IOC(_IOC_NONE, 0x75, 0x30, 0), 0xffffffffec98) = 0 <0.000076>
19795 19:04:35.953869 ioctl(4, _IOC(_IOC_NONE, 0x75, 0x30, 0), 0xffffffffec98) = 0 <0.000082>
19795 19:04:35.954059 ioctl(4, _IOC(_IOC_NONE, 0x75, 0x30, 0), 0xffffffffec98) = 0 <0.000066>
19795 19:04:35.954186 ioctl(4, _IOC(_IOC_NONE, 0x75, 0x30, 0), 0xffffffffec98) = 0 <0.000078>
19795 19:04:35.954441 ioctl(4, _IOC(_IOC_NONE, 0x75, 0x30, 0), 0xffffffffec98) = 0 <0.000069>
19795 19:04:35.954574 ioctl(4, _IOC(_IOC_NONE, 0x75, 0x30, 0), 0xffffffffec98) = 0 <0.000072>
19795 19:04:35.954752 ioctl(4, _IOC(_IOC_NONE, 0x75, 0x30, 0), 0xffffffffec98) = 0 <0.000069>
19795 19:04:35.954884 ioctl(4, _IOC(_IOC_NONE, 0x75, 0x30, 0), 0xffffffffec98) = 0 <0.000084>
19795 19:04:35.955110 ioctl(4, _IOC(_IOC_NONE, 0x75, 0x30, 0), 0xffffffffec98) = 0 <0.000069>
19795 19:04:35.955242 ioctl(4, _IOC(_IOC_NONE, 0x75, 0x30, 0), 0xffffffffec98) = 0 <0.000077>
19795 19:04:35.955426 ioctl(4, _IOC(_IOC_NONE, 0x75, 0x30, 0), 0xffffffffec98) = 0 <0.000072>
19795 19:04:35.955565 ioctl(4, _IOC(_IOC_NONE, 0x75, 0x30, 0), 0xffffffffe938) = 0 <0.000051>
19795 19:04:35.955675 ioctl(4, _IOC(_IOC_NONE, 0x75, 0x30, 0), 0xffffffffe9a8) = 0 <0.000055>
19795 19:04:35.955804 ioctl(4, _IOC(_IOC_NONE, 0x75, 0x30, 0) <unfinished ...>
19796 19:04:35.955832 <... ioctl resumed>, 0xfffff520e618) = 0 <0.004870>
19795 19:04:35.955946 <... ioctl resumed>, 0xffffffffec98) = 0 <0.000119>
19796 19:04:35.955974 ioctl(4, _IOC(_IOC_NONE, 0x75, 0x30, 0), 0xfffff520e618) = 0 <0.000049>
19795 19:04:35.956147 ioctl(4, _IOC(_IOC_NONE, 0x75, 0x30, 0) <unfinished ...>
19796 19:04:35.956181 ioctl(4, _IOC(_IOC_NONE, 0x75, 0x30, 0) <unfinished ...>
19795 19:04:35.956720 <... ioctl resumed>, 0xffffffffec98) = 0 <0.000538>
19796 19:04:35.956790 <... ioctl resumed>, 0xfffff520e608) = 0 <0.000588>
19795 19:04:35.956825 ioctl(4, _IOC(_IOC_NONE, 0x75, 0x30, 0), 0xffffffffec98) = 0 <0.000089>
19795 19:04:35.957061 ioctl(4, _IOC(_IOC_NONE, 0x75, 0x30, 0), 0xffffffffec98) = 0 <0.000079>
19795 19:04:35.957217 ioctl(4, _IOC(_IOC_NONE, 0x75, 0x30, 0) <unfinished ...>
19796 19:04:35.957271 ioctl(4, _IOC(_IOC_NONE, 0x75, 0x30, 0) <unfinished ...>
19795 19:04:35.957385 <... ioctl resumed>, 0xffffffffec98) = 0 <0.000138>
19796 19:04:35.957470 <... ioctl resumed>, 0xfffff520e618) = 0 <0.000176>
19796 19:04:35.957522 ioctl(4, _IOC(_IOC_NONE, 0x75, 0x30, 0) <unfinished ...>
19795 19:04:35.957558 ioctl(4, _IOC(_IOC_NONE, 0x75, 0x30, 0), 0xffffffffec98) = 0 <0.000084>
19795 19:04:35.957751 ioctl(4, _IOC(_IOC_NONE, 0x75, 0x30, 0), 0xffffffffec98) = 0 <0.000078>
19795 19:04:35.957954 ioctl(4, _IOC(_IOC_NONE, 0x75, 0x30, 0), 0xffffffffec98) = 0 <0.000069>
19795 19:04:35.958081 ioctl(4, _IOC(_IOC_NONE, 0x75, 0x30, 0), 0xffffffffec98) = 0 <0.000078>
19795 19:04:35.958260 ioctl(4, _IOC(_IOC_NONE, 0x75, 0x30, 0), 0xffffffffec98) = 0 <0.000064>
19795 19:04:35.958379 ioctl(4, _IOC(_IOC_NONE, 0x75, 0x30, 0), 0xffffffffec98) = 0 <0.000075>
19795 19:04:35.958550 ioctl(4, _IOC(_IOC_NONE, 0x75, 0x30, 0), 0xffffffffec98) = 0 <0.000066>
19795 19:04:35.958675 ioctl(4, _IOC(_IOC_NONE, 0x75, 0x30, 0), 0xffffffffec98) = 0 <0.000077>
19795 19:04:35.958844 ioctl(4, _IOC(_IOC_NONE, 0x75, 0x30, 0), 0xffffffffec98) = 0 <0.000066>
19795 19:04:35.958966 ioctl(4, _IOC(_IOC_NONE, 0x75, 0x30, 0), 0xffffffffec98) = 0 <0.000074>
19795 19:04:35.959136 ioctl(4, _IOC(_IOC_NONE, 0x75, 0x30, 0), 0xffffffffec98) = 0 <0.000067>
19795 19:04:35.959261 ioctl(4, _IOC(_IOC_NONE, 0x75, 0x30, 0), 0xffffffffec98) = 0 <0.000077>
19795 19:04:35.959531 ioctl(4, _IOC(_IOC_NONE, 0x75, 0x30, 0), 0xffffffffec38) = 0 <0.000074>
19795 19:04:35.959668 ioctl(4, _IOC(_IOC_NONE, 0x75, 0x30, 0), 0xffffffffec38) = 0 <0.000074>
19795 19:04:35.959870 ioctl(4, _IOC(_IOC_NONE, 0x75, 0x30, 0), 0xffffffffec98) = 0 <0.000068>
19795 19:04:35.959999 ioctl(4, _IOC(_IOC_NONE, 0x75, 0x30, 0), 0xffffffffec98) = 0 <0.000075>
19795 19:04:35.960166 ioctl(4, _IOC(_IOC_NONE, 0x75, 0x30, 0), 0xffffffffec98) = 0 <0.000062>
19795 19:04:35.960282 ioctl(4, _IOC(_IOC_NONE, 0x75, 0x30, 0), 0xffffffffec98) = 0 <0.000075>
19795 19:04:35.960447 ioctl(4, _IOC(_IOC_NONE, 0x75, 0x30, 0), 0xffffffffec98) = 0 <0.000063>
19795 19:04:35.960565 ioctl(4, _IOC(_IOC_NONE, 0x75, 0x30, 0), 0xffffffffec98) = 0 <0.000073>
19795 19:04:35.960727 ioctl(4, _IOC(_IOC_NONE, 0x75, 0x30, 0), 0xffffffffec98) = 0 <0.000064>
19795 19:04:35.960847 ioctl(4, _IOC(_IOC_NONE, 0x75, 0x30, 0), 0xffffffffec98) = 0 <0.000080>
19795 19:04:35.961016 ioctl(4, _IOC(_IOC_NONE, 0x75, 0x30, 0), 0xffffffffec98) = 0 <0.000064>
19795 19:04:35.961133 ioctl(4, _IOC(_IOC_NONE, 0x75, 0x30, 0), 0xffffffffec98) = 0 <0.000073>
19795 19:04:35.961292 ioctl(4, _IOC(_IOC_NONE, 0x75, 0x30, 0), 0xffffffffec98) = 0 <0.000062>
19795 19:04:35.961408 ioctl(4, _IOC(_IOC_NONE, 0x75, 0x30, 0), 0xffffffffec98) = 0 <0.000079>
19795 19:04:35.961655 ioctl(4, _IOC(_IOC_NONE, 0x75, 0x30, 0), 0xffffffffec98) = 0 <0.000079>
19795 19:04:35.961833 ioctl(4, _IOC(_IOC_NONE, 0x75, 0x30, 0), 0xffffffffe938) = 0 <0.000051>
19795 19:04:35.961947 ioctl(4, _IOC(_IOC_NONE, 0x75, 0x30, 0), 0xffffffffe9a8) = 0 <0.000066>
19796 19:04:35.962062 <... ioctl resumed>, 0xfffff520e618) = 0 <0.004512>
19795 19:04:35.962095 ioctl(4, _IOC(_IOC_NONE, 0x75, 0x30, 0) <unfinished ...>
19796 19:04:35.962124 ioctl(4, _IOC(_IOC_NONE, 0x75, 0x30, 0) <unfinished ...>
19795 19:04:35.962200 <... ioctl resumed>, 0xffffffffec98) = 0 <0.000082>
19796 19:04:35.962234 <... ioctl resumed>, 0xfffff520e618) = 0 <0.000091>
19795 19:04:35.962313 ioctl(4, _IOC(_IOC_NONE, 0x75, 0x30, 0) <unfinished ...>
19796 19:04:35.962341 ioctl(4, _IOC(_IOC_NONE, 0x75, 0x30, 0) <unfinished ...>
19795 19:04:35.962404 <... ioctl resumed>, 0xffffffffec98) = 0 <0.000068>
19795 19:04:35.963580 ioctl(4, _IOC(_IOC_NONE, 0x75, 0x30, 0) <unfinished ...>
19796 19:04:35.963629 <... ioctl resumed>, 0xfffff520e608) = 0 <0.001267>
19795 19:04:35.963724 <... ioctl resumed>, 0xffffffffec98) = 0 <0.000102>
19796 19:04:35.963757 ioctl(4, _IOC(_IOC_NONE, 0x75, 0x30, 0) <unfinished ...>
19795 19:04:35.963851 ioctl(4, _IOC(_IOC_NONE, 0x75, 0x30, 0) <unfinished ...>
19796 19:04:35.963899 <... ioctl resumed>, 0xfffff520e618) = 0 <0.000119>
19796 19:04:35.963950 ioctl(4, _IOC(_IOC_NONE, 0x75, 0x30, 0) <unfinished ...>
19795 19:04:35.963979 <... ioctl resumed>, 0xffffffffec98) = 0 <0.000105>
19795 19:04:35.964024 ioctl(4, _IOC(_IOC_NONE, 0x75, 0x30, 0), 0xffffffffec98) = 0 <0.000077>
19795 19:04:35.964210 ioctl(4, _IOC(_IOC_NONE, 0x75, 0x30, 0), 0xffffffffec98) = 0 <0.000067>
19795 19:04:35.964334 ioctl(4, _IOC(_IOC_NONE, 0x75, 0x30, 0), 0xffffffffec98) = 0 <0.000076>
19795 19:04:35.964505 ioctl(4, _IOC(_IOC_NONE, 0x75, 0x30, 0), 0xffffffffec98) = 0 <0.000064>
19795 19:04:35.964623 ioctl(4, _IOC(_IOC_NONE, 0x75, 0x30, 0), 0xffffffffec98) = 0 <0.000072>
19795 19:04:35.964789 ioctl(4, _IOC(_IOC_NONE, 0x75, 0x30, 0), 0xffffffffec98) = 0 <0.000067>
19795 19:04:35.964911 ioctl(4, _IOC(_IOC_NONE, 0x75, 0x30, 0), 0xffffffffec98) = 0 <0.000078>
19795 19:04:35.965078 ioctl(4, _IOC(_IOC_NONE, 0x75, 0x30, 0), 0xffffffffec98) = 0 <0.000065>
19795 19:04:35.965199 ioctl(4, _IOC(_IOC_NONE, 0x75, 0x30, 0), 0xffffffffec98) = 0 <0.000072>
19795 19:04:35.965361 ioctl(4, _IOC(_IOC_NONE, 0x75, 0x30, 0), 0xffffffffec98) = 0 <0.000065>
19795 19:04:35.965482 ioctl(4, _IOC(_IOC_NONE, 0x75, 0x30, 0), 0xffffffffec98) = 0 <0.000117>
19795 19:04:35.965741 ioctl(4, _IOC(_IOC_NONE, 0x75, 0x30, 0), 0xffffffffec98) = 0 <0.000074>
19795 19:04:35.965881 ioctl(4, _IOC(_IOC_NONE, 0x75, 0x30, 0), 0xffffffffec98) = 0 <0.000076>
19795 19:04:35.966139 ioctl(4, _IOC(_IOC_NONE, 0x75, 0x30, 0), 0xffffffffec98) = 0 <0.000068>
19795 19:04:35.966266 ioctl(4, _IOC(_IOC_NONE, 0x75, 0x30, 0), 0xffffffffec98) = 0 <0.000074>
19795 19:04:35.966439 ioctl(4, _IOC(_IOC_NONE, 0x75, 0x30, 0), 0xffffffffec98) = 0 <0.000066>
19795 19:04:35.966560 ioctl(4, _IOC(_IOC_NONE, 0x75, 0x30, 0), 0xffffffffec98) = 0 <0.000077>
19795 19:04:35.966732 ioctl(4, _IOC(_IOC_NONE, 0x75, 0x30, 0), 0xffffffffec98) = 0 <0.000065>
19795 19:04:35.966854 ioctl(4, _IOC(_IOC_NONE, 0x75, 0x30, 0), 0xffffffffec98) = 0 <0.000073>
19795 19:04:35.967023 ioctl(4, _IOC(_IOC_NONE, 0x75, 0x30, 0), 0xffffffffec98) = 0 <0.000065>
19795 19:04:35.967144 ioctl(4, _IOC(_IOC_NONE, 0x75, 0x30, 0), 0xffffffffec98) = 0 <0.000079>
19795 19:04:35.967317 ioctl(4, _IOC(_IOC_NONE, 0x75, 0x30, 0), 0xffffffffec98) = 0 <0.000067>
19795 19:04:35.967439 ioctl(4, _IOC(_IOC_NONE, 0x75, 0x30, 0), 0xffffffffec98) = 0 <0.000075>
19795 19:04:35.967604 ioctl(4, _IOC(_IOC_NONE, 0x75, 0x30, 0), 0xffffffffec98) = 0 <0.000067>
19795 19:04:35.967728 ioctl(4, _IOC(_IOC_NONE, 0x75, 0x30, 0), 0xffffffffec98) = 0 <0.000075>
19795 19:04:35.967894 ioctl(4, _IOC(_IOC_NONE, 0x75, 0x30, 0), 0xffffffffec98) = 0 <0.000067>
19795 19:04:35.968018 ioctl(4, _IOC(_IOC_NONE, 0x75, 0x30, 0), 0xffffffffec98) = 0 <0.000076>
19795 19:04:35.968224 ioctl(4, _IOC(_IOC_NONE, 0x75, 0x30, 0), 0xffffffffec98) = 0 <0.000068>
19795 19:04:35.968357 ioctl(4, _IOC(_IOC_NONE, 0x75, 0x30, 0), 0xffffffffe938) = 0 <0.000049>
19795 19:04:35.968463 ioctl(4, _IOC(_IOC_NONE, 0x75, 0x30, 0), 0xffffffffe9a8) = 0 <0.000054>
19796 19:04:35.968557 <... ioctl resumed>, 0xfffff520e618) = 0 <0.004584>
19795 19:04:35.968585 ioctl(4, _IOC(_IOC_NONE, 0x75, 0x30, 0) <unfinished ...>
19796 19:04:35.968612 ioctl(4, _IOC(_IOC_NONE, 0x75, 0x30, 0) <unfinished ...>
19795 19:04:35.968684 <... ioctl resumed>, 0xffffffffec98) = 0 <0.000079>
19796 19:04:35.968714 <... ioctl resumed>, 0xfffff520e618) = 0 <0.000083>
19796 19:04:35.968758 ioctl(4, _IOC(_IOC_NONE, 0x75, 0x30, 0) <unfinished ...>
19795 19:04:35.972827 ioctl(4, _IOC(_IOC_NONE, 0x75, 0x30, 0) <unfinished ...>
19796 19:04:35.972920 <... ioctl resumed>, 0xfffff520e608) = 0 <0.004138>
19795 19:04:35.972995 <... ioctl resumed>, 0xffffffffec98) = 0 <0.000096>
19796 19:04:35.973025 ioctl(4, _IOC(_IOC_NONE, 0x75, 0x30, 0) <unfinished ...>
19795 19:04:35.973053 ioctl(4, _IOC(_IOC_NONE, 0x75, 0x30, 0) <unfinished ...>
19796 19:04:35.973096 <... ioctl resumed>, 0xfffff520e618) = 0 <0.000049>
19795 19:04:35.973159 <... ioctl resumed>, 0xffffffffec98) = 0 <0.000087>
19796 19:04:35.973187 ioctl(4, _IOC(_IOC_NONE, 0x75, 0x30, 0) <unfinished ...>
19795 19:04:35.973272 ioctl(4, _IOC(_IOC_NONE, 0x75, 0x30, 0), 0xffffffffec98) = 0 <0.000063>
19795 19:04:35.973387 ioctl(4, _IOC(_IOC_NONE, 0x75, 0x30, 0), 0xffffffffec98) = 0 <0.000076>
19795 19:04:35.973547 ioctl(4, _IOC(_IOC_NONE, 0x75, 0x30, 0), 0xffffffffec98) = 0 <0.000068>
19795 19:04:35.973879 ioctl(4, _IOC(_IOC_NONE, 0x75, 0x30, 0), 0xffffffffec98) = 0 <0.000076>
19795 19:04:35.974068 ioctl(4, _IOC(_IOC_NONE, 0x75, 0x30, 0), 0xffffffffec98) = 0 <0.000064>
19795 19:04:35.974186 ioctl(4, _IOC(_IOC_NONE, 0x75, 0x30, 0), 0xffffffffec98) = 0 <0.000078>
19795 19:04:35.974445 ioctl(4, _IOC(_IOC_NONE, 0x75, 0x30, 0), 0xffffffffec38) = 0 <0.000067>
19795 19:04:35.974573 ioctl(4, _IOC(_IOC_NONE, 0x75, 0x30, 0), 0xffffffffec38) = 0 <0.000073>
19795 19:04:35.974735 ioctl(4, _IOC(_IOC_NONE, 0x75, 0x30, 0), 0xffffffffec98) = 0 <0.000063>
19795 19:04:35.974854 ioctl(4, _IOC(_IOC_NONE, 0x75, 0x30, 0), 0xffffffffec98) = 0 <0.000071>
19795 19:04:35.974999 ioctl(4, _IOC(_IOC_NONE, 0x75, 0x30, 0), 0xffffffffec98) = 0 <0.000066>
19795 19:04:35.975118 ioctl(4, _IOC(_IOC_NONE, 0x75, 0x30, 0), 0xffffffffec98) = 0 <0.000076>
19795 19:04:35.975269 ioctl(4, _IOC(_IOC_NONE, 0x75, 0x30, 0), 0xffffffffec98) = 0 <0.000061>
19795 19:04:35.975383 ioctl(4, _IOC(_IOC_NONE, 0x75, 0x30, 0), 0xffffffffec98) = 0 <0.000069>
19795 19:04:35.975526 ioctl(4, _IOC(_IOC_NONE, 0x75, 0x30, 0), 0xffffffffec98) = 0 <0.000064>
19795 19:04:35.975643 ioctl(4, _IOC(_IOC_NONE, 0x75, 0x30, 0), 0xffffffffec98) = 0 <0.000077>
19795 19:04:35.975795 ioctl(4, _IOC(_IOC_NONE, 0x75, 0x30, 0), 0xffffffffec98) = 0 <0.000066>
19795 19:04:35.975915 ioctl(4, _IOC(_IOC_NONE, 0x75, 0x30, 0), 0xffffffffec98) = 0 <0.000072>
19795 19:04:35.976074 ioctl(4, _IOC(_IOC_NONE, 0x75, 0x30, 0), 0xffffffffec98) = 0 <0.000065>
19795 19:04:35.976195 ioctl(4, _IOC(_IOC_NONE, 0x75, 0x30, 0), 0xffffffffec98) = 0 <0.000077>
19795 19:04:35.976362 ioctl(4, _IOC(_IOC_NONE, 0x75, 0x30, 0), 0xffffffffec98) = 0 <0.000063>
19795 19:04:35.976481 ioctl(4, _IOC(_IOC_NONE, 0x75, 0x30, 0), 0xffffffffec98) = 0 <0.000074>
19795 19:04:35.976643 ioctl(4, _IOC(_IOC_NONE, 0x75, 0x30, 0), 0xffffffffec98) = 0 <0.000066>
19795 19:04:35.976764 ioctl(4, _IOC(_IOC_NONE, 0x75, 0x30, 0), 0xffffffffec98) = 0 <0.000074>
19795 19:04:35.976928 ioctl(4, _IOC(_IOC_NONE, 0x75, 0x30, 0), 0xffffffffec98) = 0 <0.000064>
19795 19:04:35.977048 ioctl(4, _IOC(_IOC_NONE, 0x75, 0x30, 0), 0xffffffffec98) = 0 <0.000074>
19795 19:04:35.977211 ioctl(4, _IOC(_IOC_NONE, 0x75, 0x30, 0), 0xffffffffec98) = 0 <0.000066>
19795 19:04:35.977331 ioctl(4, _IOC(_IOC_NONE, 0x75, 0x30, 0), 0xffffffffec98) = 0 <0.000079>
19795 19:04:35.977496 ioctl(4, _IOC(_IOC_NONE, 0x75, 0x30, 0), 0xffffffffec98) = 0 <0.000102>
19795 19:04:35.977720 ioctl(4, _IOC(_IOC_NONE, 0x75, 0x30, 0), 0xffffffffe938) = 0 <0.000052>
19795 19:04:35.977838 ioctl(4, _IOC(_IOC_NONE, 0x75, 0x30, 0), 0xffffffffe9a8) = 0 <0.000054>
19796 19:04:35.977933 <... ioctl resumed>, 0xfffff520e618) = 0 <0.004726>
19795 19:04:35.977960 ioctl(4, _IOC(_IOC_NONE, 0x75, 0x30, 0) <unfinished ...>
19796 19:04:35.977987 ioctl(4, _IOC(_IOC_NONE, 0x75, 0x30, 0) <unfinished ...>
19795 19:04:35.978060 <... ioctl resumed>, 0xffffffffec98) = 0 <0.000079>
19796 19:04:35.978093 <... ioctl resumed>, 0xfffff520e618) = 0 <0.000087>
19795 19:04:35.978161 ioctl(4, _IOC(_IOC_NONE, 0x75, 0x30, 0) <unfinished ...>
19796 19:04:35.978189 ioctl(4, _IOC(_IOC_NONE, 0x75, 0x30, 0) <unfinished ...>
19795 19:04:35.978250 <... ioctl resumed>, 0xffffffffec98) = 0 <0.000066>
19795 19:04:35.979358 ioctl(4, _IOC(_IOC_NONE, 0x75, 0x30, 0) <unfinished ...>
19796 19:04:35.979409 <... ioctl resumed>, 0xfffff520e608) = 0 <0.001199>
19795 19:04:35.979507 <... ioctl resumed>, 0xffffffffec98) = 0 <0.000106>
19796 19:04:35.979540 ioctl(4, _IOC(_IOC_NONE, 0x75, 0x30, 0) <unfinished ...>
19795 19:04:35.979627 ioctl(4, _IOC(_IOC_NONE, 0x75, 0x30, 0) <unfinished ...>
19796 19:04:35.979670 <... ioctl resumed>, 0xfffff520e618) = 0 <0.000108>
19796 19:04:35.979721 ioctl(4, _IOC(_IOC_NONE, 0x75, 0x30, 0) <unfinished ...>
19795 19:04:35.979750 <... ioctl resumed>, 0xffffffffec98) = 0 <0.000099>
19795 19:04:35.979795 ioctl(4, _IOC(_IOC_NONE, 0x75, 0x30, 0), 0xffffffffec98) = 0 <0.000076>
19795 19:04:35.979975 ioctl(4, _IOC(_IOC_NONE, 0x75, 0x30, 0), 0xffffffffec98) = 0 <0.000067>
19795 19:04:35.980101 ioctl(4, _IOC(_IOC_NONE, 0x75, 0x30, 0), 0xffffffffec98) = 0 <0.000080>
19795 19:04:35.980280 ioctl(4, _IOC(_IOC_NONE, 0x75, 0x30, 0), 0xffffffffec98) = 0 <0.000063>
19795 19:04:35.980398 ioctl(4, _IOC(_IOC_NONE, 0x75, 0x30, 0), 0xffffffffec98) = 0 <0.000073>
19795 19:04:35.980636 ioctl(4, _IOC(_IOC_NONE, 0x75, 0x30, 0), 0xffffffffec98) = 0 <0.000067>
19795 19:04:35.980763 ioctl(4, _IOC(_IOC_NONE, 0x75, 0x30, 0), 0xffffffffec98) = 0 <0.000076>
19795 19:04:35.980933 ioctl(4, _IOC(_IOC_NONE, 0x75, 0x30, 0), 0xffffffffec98) = 0 <0.000062>
19795 19:04:35.981051 ioctl(4, _IOC(_IOC_NONE, 0x75, 0x30, 0), 0xffffffffec98) = 0 <0.000077>
19795 19:04:35.981219 ioctl(4, _IOC(_IOC_NONE, 0x75, 0x30, 0), 0xffffffffec98) = 0 <0.000066>
19795 19:04:35.981344 ioctl(4, _IOC(_IOC_NONE, 0x75, 0x30, 0), 0xffffffffec98) = 0 <0.000072>
19795 19:04:35.981505 ioctl(4, _IOC(_IOC_NONE, 0x75, 0x30, 0), 0xffffffffec98) = 0 <0.000097>
19795 19:04:35.981689 ioctl(4, _IOC(_IOC_NONE, 0x75, 0x30, 0), 0xffffffffec98) = 0 <0.000080>
19795 19:04:35.981880 ioctl(4, _IOC(_IOC_NONE, 0x75, 0x30, 0), 0xffffffffec98) = 0 <0.000065>
19795 19:04:35.982003 ioctl(4, _IOC(_IOC_NONE, 0x75, 0x30, 0), 0xffffffffec98) = 0 <0.000073>
19795 19:04:35.982168 ioctl(4, _IOC(_IOC_NONE, 0x75, 0x30, 0), 0xffffffffec98) = 0 <0.000064>
19795 19:04:35.982288 ioctl(4, _IOC(_IOC_NONE, 0x75, 0x30, 0), 0xffffffffec98) = 0 <0.000076>
19795 19:04:35.982454 ioctl(4, _IOC(_IOC_NONE, 0x75, 0x30, 0), 0xffffffffec98) = 0 <0.000065>
19795 19:04:35.982575 ioctl(4, _IOC(_IOC_NONE, 0x75, 0x30, 0), 0xffffffffec98) = 0 <0.000078>
19795 19:04:35.982742 ioctl(4, _IOC(_IOC_NONE, 0x75, 0x30, 0), 0xffffffffec98) = 0 <0.000064>
19795 19:04:35.982862 ioctl(4, _IOC(_IOC_NONE, 0x75, 0x30, 0), 0xffffffffec98) = 0 <0.000076>
19795 19:04:35.983029 ioctl(4, _IOC(_IOC_NONE, 0x75, 0x30, 0), 0xffffffffec98) = 0 <0.000064>
19795 19:04:35.983150 ioctl(4, _IOC(_IOC_NONE, 0x75, 0x30, 0), 0xffffffffec98) = 0 <0.000071>
19795 19:04:35.983312 ioctl(4, _IOC(_IOC_NONE, 0x75, 0x30, 0), 0xffffffffec98) = 0 <0.000064>
19795 19:04:35.983432 ioctl(4, _IOC(_IOC_NONE, 0x75, 0x30, 0), 0xffffffffec98) = 0 <0.000076>
19795 19:04:35.983597 ioctl(4, _IOC(_IOC_NONE, 0x75, 0x30, 0), 0xffffffffec98) = 0 <0.000073>
19795 19:04:35.983724 ioctl(4, _IOC(_IOC_NONE, 0x75, 0x30, 0), 0xffffffffec98) = 0 <0.000072>
19795 19:04:35.983885 ioctl(4, _IOC(_IOC_NONE, 0x75, 0x30, 0), 0xffffffffec98) = 0 <0.000062>
19795 19:04:35.984006 ioctl(4, _IOC(_IOC_NONE, 0x75, 0x30, 0), 0xffffffffe938) = 0 <0.000051>
19795 19:04:35.984142 ioctl(4, _IOC(_IOC_NONE, 0x75, 0x30, 0), 0xffffffffe9a8) = 0 <0.000054>
19796 19:04:35.984236 <... ioctl resumed>, 0xfffff520e618) = 0 <0.004492>
19795 19:04:35.984265 ioctl(4, _IOC(_IOC_NONE, 0x75, 0x30, 0) <unfinished ...>
19796 19:04:35.984291 ioctl(4, _IOC(_IOC_NONE, 0x75, 0x30, 0) <unfinished ...>
19795 19:04:35.984364 <... ioctl resumed>, 0xffffffffec98) = 0 <0.000079>
19796 19:04:35.984394 <... ioctl resumed>, 0xfffff520e618) = 0 <0.000084>
19796 19:04:35.984438 ioctl(4, _IOC(_IOC_NONE, 0x75, 0x30, 0) <unfinished ...>
19795 19:04:35.985566 ioctl(4, _IOC(_IOC_NONE, 0x75, 0x30, 0) <unfinished ...>
19796 19:04:35.985685 <... ioctl resumed>, 0xfffff520e608) = 0 <0.001223>
19795 19:04:35.985770 <... ioctl resumed>, 0xffffffffec38) = 0 <0.000096>
19796 19:04:35.985803 ioctl(4, _IOC(_IOC_NONE, 0x75, 0x30, 0) <unfinished ...>
19795 19:04:35.985831 ioctl(4, _IOC(_IOC_NONE, 0x75, 0x30, 0) <unfinished ...>
19796 19:04:35.985879 <... ioctl resumed>, 0xfffff520e618) = 0 <0.000054>
19795 19:04:35.985938 <... ioctl resumed>, 0xffffffffec38) = 0 <0.000087>
19796 19:04:35.985965 ioctl(4, _IOC(_IOC_NONE, 0x75, 0x30, 0) <unfinished ...>
19795 19:04:35.986053 ioctl(4, _IOC(_IOC_NONE, 0x75, 0x30, 0), 0xffffffffec98) = 0 <0.000067>
19795 19:04:35.986177 ioctl(4, _IOC(_IOC_NONE, 0x75, 0x30, 0), 0xffffffffec98) = 0 <0.000075>
19795 19:04:35.986352 ioctl(4, _IOC(_IOC_NONE, 0x75, 0x30, 0), 0xffffffffec98) = 0 <0.000066>
19795 19:04:35.986473 ioctl(4, _IOC(_IOC_NONE, 0x75, 0x30, 0), 0xffffffffec98) = 0 <0.000076>
19795 19:04:35.986641 ioctl(4, _IOC(_IOC_NONE, 0x75, 0x30, 0), 0xffffffffec98) = 0 <0.000064>
19795 19:04:35.986762 ioctl(4, _IOC(_IOC_NONE, 0x75, 0x30, 0), 0xffffffffec98) = 0 <0.000074>
19795 19:04:35.986924 ioctl(4, _IOC(_IOC_NONE, 0x75, 0x30, 0), 0xffffffffec98) = 0 <0.000064>
19795 19:04:35.987042 ioctl(4, _IOC(_IOC_NONE, 0x75, 0x30, 0), 0xffffffffec98) = 0 <0.000077>
19795 19:04:35.987206 ioctl(4, _IOC(_IOC_NONE, 0x75, 0x30, 0), 0xffffffffec98) = 0 <0.000065>
19795 19:04:35.987325 ioctl(4, _IOC(_IOC_NONE, 0x75, 0x30, 0), 0xffffffffec98) = 0 <0.000073>
19795 19:04:35.987485 ioctl(4, _IOC(_IOC_NONE, 0x75, 0x30, 0), 0xffffffffec98) = 0 <0.000065>
19795 19:04:35.987606 ioctl(4, _IOC(_IOC_NONE, 0x75, 0x30, 0), 0xffffffffec98) = 0 <0.000075>
19795 19:04:35.987769 ioctl(4, _IOC(_IOC_NONE, 0x75, 0x30, 0), 0xffffffffec98) = 0 <0.000066>
19795 19:04:35.987891 ioctl(4, _IOC(_IOC_NONE, 0x75, 0x30, 0), 0xffffffffec98) = 0 <0.000072>
19795 19:04:35.988050 ioctl(4, _IOC(_IOC_NONE, 0x75, 0x30, 0), 0xffffffffec98) = 0 <0.000064>
19795 19:04:35.988170 ioctl(4, _IOC(_IOC_NONE, 0x75, 0x30, 0), 0xffffffffec98) = 0 <0.000076>
19795 19:04:35.988334 ioctl(4, _IOC(_IOC_NONE, 0x75, 0x30, 0), 0xffffffffec98) = 0 <0.000063>
19795 19:04:35.988452 ioctl(4, _IOC(_IOC_NONE, 0x75, 0x30, 0), 0xffffffffec98) = 0 <0.000075>
19795 19:04:35.988613 ioctl(4, _IOC(_IOC_NONE, 0x75, 0x30, 0), 0xffffffffec98) = 0 <0.000067>
19795 19:04:35.988736 ioctl(4, _IOC(_IOC_NONE, 0x75, 0x30, 0), 0xffffffffec98) = 0 <0.000075>
19795 19:04:35.988899 ioctl(4, _IOC(_IOC_NONE, 0x75, 0x30, 0), 0xffffffffec98) = 0 <0.000064>
19795 19:04:35.989018 ioctl(4, _IOC(_IOC_NONE, 0x75, 0x30, 0), 0xffffffffec98) = 0 <0.000075>
19795 19:04:35.989181 ioctl(4, _IOC(_IOC_NONE, 0x75, 0x30, 0), 0xffffffffec98) = 0 <0.000064>
19795 19:04:35.989303 ioctl(4, _IOC(_IOC_NONE, 0x75, 0x30, 0), 0xffffffffec98) = 0 <0.000077>
19795 19:04:35.989467 ioctl(4, _IOC(_IOC_NONE, 0x75, 0x30, 0), 0xffffffffec98) = 0 <0.000068>
19795 19:04:35.989627 ioctl(4, _IOC(_IOC_NONE, 0x75, 0x30, 0), 0xffffffffec98) = 0 <0.000080>
19795 19:04:35.989827 ioctl(4, _IOC(_IOC_NONE, 0x75, 0x30, 0), 0xffffffffec98) = 0 <0.000065>
19795 19:04:35.989951 ioctl(4, _IOC(_IOC_NONE, 0x75, 0x30, 0), 0xffffffffec98) = 0 <0.000077>
19795 19:04:35.990119 ioctl(4, _IOC(_IOC_NONE, 0x75, 0x30, 0), 0xffffffffec98) = 0 <0.000067>
19795 19:04:35.990249 ioctl(4, _IOC(_IOC_NONE, 0x75, 0x30, 0), 0xffffffffe938) = 0 <0.000049>
19795 19:04:35.990354 ioctl(4, _IOC(_IOC_NONE, 0x75, 0x30, 0), 0xffffffffe9a8) = 0 <0.000052>
19796 19:04:35.990471 <... ioctl resumed>, 0xfffff520e618) = 0 <0.004484>
19795 19:04:35.990498 ioctl(4, _IOC(_IOC_NONE, 0x75, 0x30, 0) <unfinished ...>
19796 19:04:35.990525 ioctl(4, _IOC(_IOC_NONE, 0x75, 0x30, 0) <unfinished ...>
19795 19:04:35.990595 <... ioctl resumed>, 0xffffffffec98) = 0 <0.000076>
19796 19:04:35.990629 <... ioctl resumed>, 0xfffff520e618) = 0 <0.000085>
19795 19:04:35.990772 ioctl(4, _IOC(_IOC_NONE, 0x75, 0x30, 0) <unfinished ...>
19796 19:04:35.990802 ioctl(4, _IOC(_IOC_NONE, 0x75, 0x30, 0) <unfinished ...>
19795 19:04:35.990865 <... ioctl resumed>, 0xffffffffec98) = 0 <0.000070>
19795 19:04:35.991928 ioctl(4, _IOC(_IOC_NONE, 0x75, 0x30, 0) <unfinished ...>
19796 19:04:35.991977 <... ioctl resumed>, 0xfffff520e608) = 0 <0.001154>
19795 19:04:35.992076 <... ioctl resumed>, 0xffffffffec98) = 0 <0.000105>
19796 19:04:35.992110 ioctl(4, _IOC(_IOC_NONE, 0x75, 0x30, 0) <unfinished ...>
19795 19:04:35.992197 ioctl(4, _IOC(_IOC_NONE, 0x75, 0x30, 0) <unfinished ...>
19796 19:04:35.992241 <... ioctl resumed>, 0xfffff520e618) = 0 <0.000108>
19796 19:04:35.992294 ioctl(4, _IOC(_IOC_NONE, 0x75, 0x30, 0) <unfinished ...>
19795 19:04:35.992323 <... ioctl resumed>, 0xffffffffec98) = 0 <0.000102>
19795 19:04:35.992368 ioctl(4, _IOC(_IOC_NONE, 0x75, 0x30, 0), 0xffffffffec98) = 0 <0.000080>
19795 19:04:35.992551 ioctl(4, _IOC(_IOC_NONE, 0x75, 0x30, 0), 0xffffffffec98) = 0 <0.000065>
19795 19:04:35.992670 ioctl(4, _IOC(_IOC_NONE, 0x75, 0x30, 0), 0xffffffffec98) = 0 <0.000073>
19795 19:04:35.992832 ioctl(4, _IOC(_IOC_NONE, 0x75, 0x30, 0), 0xffffffffec98) = 0 <0.000064>
19795 19:04:35.992951 ioctl(4, _IOC(_IOC_NONE, 0x75, 0x30, 0), 0xffffffffec98) = 0 <0.000076>
19795 19:04:35.993110 ioctl(4, _IOC(_IOC_NONE, 0x75, 0x30, 0), 0xffffffffec98) = 0 <0.000062>
19795 19:04:35.993227 ioctl(4, _IOC(_IOC_NONE, 0x75, 0x30, 0), 0xffffffffec98) = 0 <0.000074>
19795 19:04:35.993389 ioctl(4, _IOC(_IOC_NONE, 0x75, 0x30, 0), 0xffffffffec98) = 0 <0.000065>
19795 19:04:35.993510 ioctl(4, _IOC(_IOC_NONE, 0x75, 0x30, 0), 0xffffffffec98) = 0 <0.000121>
19795 19:04:35.993762 ioctl(4, _IOC(_IOC_NONE, 0x75, 0x30, 0), 0xffffffffec98) = 0 <0.000070>
19795 19:04:35.993898 ioctl(4, _IOC(_IOC_NONE, 0x75, 0x30, 0), 0xffffffffec98) = 0 <0.000074>
19795 19:04:35.994067 ioctl(4, _IOC(_IOC_NONE, 0x75, 0x30, 0), 0xffffffffec98) = 0 <0.000064>
19795 19:04:35.994188 ioctl(4, _IOC(_IOC_NONE, 0x75, 0x30, 0), 0xffffffffec98) = 0 <0.000079>
19795 19:04:35.994356 ioctl(4, _IOC(_IOC_NONE, 0x75, 0x30, 0), 0xffffffffec98) = 0 <0.000067>
19795 19:04:35.994480 ioctl(4, _IOC(_IOC_NONE, 0x75, 0x30, 0), 0xffffffffec98) = 0 <0.000074>
19795 19:04:35.994643 ioctl(4, _IOC(_IOC_NONE, 0x75, 0x30, 0), 0xffffffffec98) = 0 <0.000065>
19795 19:04:35.994765 ioctl(4, _IOC(_IOC_NONE, 0x75, 0x30, 0), 0xffffffffec98) = 0 <0.000075>
19795 19:04:35.994927 ioctl(4, _IOC(_IOC_NONE, 0x75, 0x30, 0), 0xffffffffec98) = 0 <0.000064>
19795 19:04:35.995047 ioctl(4, _IOC(_IOC_NONE, 0x75, 0x30, 0), 0xffffffffec98) = 0 <0.000073>
19795 19:04:35.995207 ioctl(4, _IOC(_IOC_NONE, 0x75, 0x30, 0), 0xffffffffec98) = 0 <0.000067>
19795 19:04:35.995329 ioctl(4, _IOC(_IOC_NONE, 0x75, 0x30, 0), 0xffffffffec98) = 0 <0.000076>
19795 19:04:35.995592 ioctl(4, _IOC(_IOC_NONE, 0x75, 0x30, 0), 0xffffffffec38) = 0 <0.000074>
19795 19:04:35.995728 ioctl(4, _IOC(_IOC_NONE, 0x75, 0x30, 0), 0xffffffffec38) = 0 <0.000074>
19795 19:04:35.995893 ioctl(4, _IOC(_IOC_NONE, 0x75, 0x30, 0), 0xffffffffec98) = 0 <0.000064>
19795 19:04:35.996013 ioctl(4, _IOC(_IOC_NONE, 0x75, 0x30, 0), 0xffffffffec98) = 0 <0.000077>
19795 19:04:35.996174 ioctl(4, _IOC(_IOC_NONE, 0x75, 0x30, 0), 0xffffffffec98) = 0 <0.000065>
19795 19:04:35.996295 ioctl(4, _IOC(_IOC_NONE, 0x75, 0x30, 0), 0xffffffffec98) = 0 <0.000081>
19795 19:04:35.996463 ioctl(4, _IOC(_IOC_NONE, 0x75, 0x30, 0), 0xffffffffec98) = 0 <0.000065>
19795 19:04:35.996589 ioctl(4, _IOC(_IOC_NONE, 0x75, 0x30, 0), 0xffffffffe938) = 0 <0.000048>
19795 19:04:35.996693 ioctl(4, _IOC(_IOC_NONE, 0x75, 0x30, 0), 0xffffffffe9a8) = 0 <0.000053>
19796 19:04:35.996784 <... ioctl resumed>, 0xfffff520e618) = 0 <0.004468>
19795 19:04:35.996841 ioctl(4, _IOC(_IOC_NONE, 0x75, 0x30, 0) <unfinished ...>
19796 19:04:35.996871 ioctl(4, _IOC(_IOC_NONE, 0x75, 0x30, 0) <unfinished ...>
19795 19:04:35.996943 <... ioctl resumed>, 0xffffffffec98) = 0 <0.000079>
19796 19:04:35.996976 <... ioctl resumed>, 0xfffff520e618) = 0 <0.000086>
19795 19:04:35.997034 ioctl(4, _IOC(_IOC_NONE, 0x75, 0x30, 0) <unfinished ...>
19796 19:04:35.997062 ioctl(4, _IOC(_IOC_NONE, 0x75, 0x30, 0) <unfinished ...>
19795 19:04:35.997122 <... ioctl resumed>, 0xffffffffec98) = 0 <0.000066>
19795 19:04:35.998237 ioctl(4, _IOC(_IOC_NONE, 0x75, 0x30, 0) <unfinished ...>
19796 19:04:35.998310 <... ioctl resumed>, 0xfffff520e608) = 0 <0.001225>
19795 19:04:35.998415 <... ioctl resumed>, 0xffffffffec98) = 0 <0.000113>
19796 19:04:35.998449 ioctl(4, _IOC(_IOC_NONE, 0x75, 0x30, 0) <unfinished ...>
19795 19:04:35.998532 ioctl(4, _IOC(_IOC_NONE, 0x75, 0x30, 0) <unfinished ...>
19796 19:04:35.998582 <... ioctl resumed>, 0xfffff520e618) = 0 <0.000109>
19796 19:04:35.998633 ioctl(4, _IOC(_IOC_NONE, 0x75, 0x30, 0) <unfinished ...>
19795 19:04:35.998662 <... ioctl resumed>, 0xffffffffec98) = 0 <0.000106>
19795 19:04:35.998707 ioctl(4, _IOC(_IOC_NONE, 0x75, 0x30, 0), 0xffffffffec98) = 0 <0.000076>
19795 19:04:35.998885 ioctl(4, _IOC(_IOC_NONE, 0x75, 0x30, 0), 0xffffffffec98) = 0 <0.000067>
19795 19:04:35.999007 ioctl(4, _IOC(_IOC_NONE, 0x75, 0x30, 0), 0xffffffffec98) = 0 <0.000076>
19795 19:04:35.999173 ioctl(4, _IOC(_IOC_NONE, 0x75, 0x30, 0), 0xffffffffec98) = 0 <0.000066>
19795 19:04:35.999296 ioctl(4, _IOC(_IOC_NONE, 0x75, 0x30, 0), 0xffffffffec98) = 0 <0.000074>
19795 19:04:35.999456 ioctl(4, _IOC(_IOC_NONE, 0x75, 0x30, 0), 0xffffffffec98) = 0 <0.000065>
19795 19:04:35.999578 ioctl(4, _IOC(_IOC_NONE, 0x75, 0x30, 0), 0xffffffffec98) = 0 <0.000079>
19795 19:04:35.999742 ioctl(4, _IOC(_IOC_NONE, 0x75, 0x30, 0), 0xffffffffec98) = 0 <0.000067>
19795 19:04:35.999864 ioctl(4, _IOC(_IOC_NONE, 0x75, 0x30, 0), 0xffffffffec98) = 0 <0.000076>
19795 19:04:36.000026 ioctl(4, _IOC(_IOC_NONE, 0x75, 0x30, 0), 0xffffffffec98) = 0 <0.000064>
19795 19:04:36.000146 ioctl(4, _IOC(_IOC_NONE, 0x75, 0x30, 0), 0xffffffffec98) = 0 <0.000075>
19795 19:04:36.000310 ioctl(4, _IOC(_IOC_NONE, 0x75, 0x30, 0), 0xffffffffec98) = 0 <0.000069>
19795 19:04:36.000441 ioctl(4, _IOC(_IOC_NONE, 0x75, 0x30, 0), 0xffffffffec98) = 0 <0.000071>
19795 19:04:36.000600 ioctl(4, _IOC(_IOC_NONE, 0x75, 0x30, 0), 0xffffffffec98) = 0 <0.000066>
19795 19:04:36.000722 ioctl(4, _IOC(_IOC_NONE, 0x75, 0x30, 0), 0xffffffffec98) = 0 <0.000076>
19795 19:04:36.000882 ioctl(4, _IOC(_IOC_NONE, 0x75, 0x30, 0), 0xffffffffec98) = 0 <0.000063>
19795 19:04:36.001001 ioctl(4, _IOC(_IOC_NONE, 0x75, 0x30, 0), 0xffffffffec98) = 0 <0.000072>
19795 19:04:36.001158 ioctl(4, _IOC(_IOC_NONE, 0x75, 0x30, 0), 0xffffffffec98) = 0 <0.000064>
19795 19:04:36.001282 ioctl(4, _IOC(_IOC_NONE, 0x75, 0x30, 0), 0xffffffffec98) = 0 <0.000075>
19795 19:04:36.001440 ioctl(4, _IOC(_IOC_NONE, 0x75, 0x30, 0), 0xffffffffec98) = 0 <0.000066>
19795 19:04:36.001563 ioctl(4, _IOC(_IOC_NONE, 0x75, 0x30, 0), 0xffffffffec98) = 0 <0.000084>
19795 19:04:36.001889 ioctl(4, _IOC(_IOC_NONE, 0x75, 0x30, 0), 0xffffffffec98) = 0 <0.000069>
19795 19:04:36.002022 ioctl(4, _IOC(_IOC_NONE, 0x75, 0x30, 0), 0xffffffffec98) = 0 <0.000076>
19795 19:04:36.002199 ioctl(4, _IOC(_IOC_NONE, 0x75, 0x30, 0), 0xffffffffec98) = 0 <0.000065>
19795 19:04:36.002322 ioctl(4, _IOC(_IOC_NONE, 0x75, 0x30, 0), 0xffffffffec98) = 0 <0.000075>
19795 19:04:36.002482 ioctl(4, _IOC(_IOC_NONE, 0x75, 0x30, 0), 0xffffffffec98) = 0 <0.000065>
19795 19:04:36.002603 ioctl(4, _IOC(_IOC_NONE, 0x75, 0x30, 0), 0xffffffffec98) = 0 <0.000072>
19795 19:04:36.002757 ioctl(4, _IOC(_IOC_NONE, 0x75, 0x30, 0), 0xffffffffec98) = 0 <0.000061>
19795 19:04:36.002876 ioctl(4, _IOC(_IOC_NONE, 0x75, 0x30, 0), 0xffffffffe938) = 0 <0.000047>
19795 19:04:36.002978 ioctl(4, _IOC(_IOC_NONE, 0x75, 0x30, 0), 0xffffffffe9a8) = 0 <0.000052>
19796 19:04:36.003070 <... ioctl resumed>, 0xfffff520e618) = 0 <0.004414>
19795 19:04:36.003127 ioctl(4, _IOC(_IOC_NONE, 0x75, 0x30, 0) <unfinished ...>
19796 19:04:36.003156 ioctl(4, _IOC(_IOC_NONE, 0x75, 0x30, 0) <unfinished ...>
19795 19:04:36.003230 <... ioctl resumed>, 0xffffffffec98) = 0 <0.000082>
19796 19:04:36.003262 <... ioctl resumed>, 0xfffff520e618) = 0 <0.000086>
19796 19:04:36.003307 ioctl(4, _IOC(_IOC_NONE, 0x75, 0x30, 0) <unfinished ...>
19795 19:04:36.003334 ioctl(4, _IOC(_IOC_NONE, 0x75, 0x30, 0), 0xffffffffec98) = 0 <0.001042>
19796 19:04:36.004432 <... ioctl resumed>, 0xfffff520e608) = 0 <0.001103>
19795 19:04:36.004471 ioctl(4, _IOC(_IOC_NONE, 0x75, 0x30, 0) <unfinished ...>
19796 19:04:36.004502 ioctl(4, _IOC(_IOC_NONE, 0x75, 0x30, 0) <unfinished ...>
19795 19:04:36.004578 <... ioctl resumed>, 0xffffffffec98) = 0 <0.000083>
19796 19:04:36.004611 <... ioctl resumed>, 0xfffff520e618) = 0 <0.000089>
19795 19:04:36.004696 ioctl(4, _IOC(_IOC_NONE, 0x75, 0x30, 0) <unfinished ...>
19796 19:04:36.004723 ioctl(4, _IOC(_IOC_NONE, 0x75, 0x30, 0) <unfinished ...>
19795 19:04:36.004789 <... ioctl resumed>, 0xffffffffec98) = 0 <0.000070>
19795 19:04:36.004837 ioctl(4, _IOC(_IOC_NONE, 0x75, 0x30, 0), 0xffffffffec98) = 0 <0.000077>
19795 19:04:36.005010 ioctl(4, _IOC(_IOC_NONE, 0x75, 0x30, 0), 0xffffffffec98) = 0 <0.000066>
19795 19:04:36.005132 ioctl(4, _IOC(_IOC_NONE, 0x75, 0x30, 0), 0xffffffffec98) = 0 <0.000074>
19795 19:04:36.005298 ioctl(4, _IOC(_IOC_NONE, 0x75, 0x30, 0), 0xffffffffec98) = 0 <0.000067>
19795 19:04:36.005421 ioctl(4, _IOC(_IOC_NONE, 0x75, 0x30, 0), 0xffffffffec98) = 0 <0.000076>
19795 19:04:36.005627 ioctl(4, _IOC(_IOC_NONE, 0x75, 0x30, 0), 0xffffffffec98) = 0 <0.000077>
19795 19:04:36.005792 ioctl(4, _IOC(_IOC_NONE, 0x75, 0x30, 0), 0xffffffffec98) = 0 <0.000075>
19795 19:04:36.005964 ioctl(4, _IOC(_IOC_NONE, 0x75, 0x30, 0), 0xffffffffec98) = 0 <0.000067>
19795 19:04:36.006090 ioctl(4, _IOC(_IOC_NONE, 0x75, 0x30, 0), 0xffffffffec98) = 0 <0.000078>
19795 19:04:36.006255 ioctl(4, _IOC(_IOC_NONE, 0x75, 0x30, 0), 0xffffffffec98) = 0 <0.000064>
19795 19:04:36.006374 ioctl(4, _IOC(_IOC_NONE, 0x75, 0x30, 0), 0xffffffffec98) = 0 <0.000072>
19795 19:04:36.006527 ioctl(4, _IOC(_IOC_NONE, 0x75, 0x30, 0), 0xffffffffec98) = 0 <0.000062>
19795 19:04:36.006644 ioctl(4, _IOC(_IOC_NONE, 0x75, 0x30, 0), 0xffffffffec98) = 0 <0.000077>
19795 19:04:36.006896 ioctl(4, _IOC(_IOC_NONE, 0x75, 0x30, 0), 0xffffffffec38) = 0 <0.000068>
19795 19:04:36.007023 ioctl(4, _IOC(_IOC_NONE, 0x75, 0x30, 0), 0xffffffffec38) = 0 <0.000071>
19795 19:04:36.007181 ioctl(4, _IOC(_IOC_NONE, 0x75, 0x30, 0), 0xffffffffec98) = 0 <0.000063>
19795 19:04:36.007296 ioctl(4, _IOC(_IOC_NONE, 0x75, 0x30, 0), 0xffffffffec98) = 0 <0.000072>
19795 19:04:36.007451 ioctl(4, _IOC(_IOC_NONE, 0x75, 0x30, 0), 0xffffffffec98) = 0 <0.000065>
19795 19:04:36.007572 ioctl(4, _IOC(_IOC_NONE, 0x75, 0x30, 0), 0xffffffffec98) = 0 <0.000075>
19795 19:04:36.007732 ioctl(4, _IOC(_IOC_NONE, 0x75, 0x30, 0), 0xffffffffec98) = 0 <0.000066>
19795 19:04:36.007853 ioctl(4, _IOC(_IOC_NONE, 0x75, 0x30, 0), 0xffffffffec98) = 0 <0.000074>
19795 19:04:36.008012 ioctl(4, _IOC(_IOC_NONE, 0x75, 0x30, 0), 0xffffffffec98) = 0 <0.000066>
19795 19:04:36.008133 ioctl(4, _IOC(_IOC_NONE, 0x75, 0x30, 0), 0xffffffffec98) = 0 <0.000075>
19795 19:04:36.008291 ioctl(4, _IOC(_IOC_NONE, 0x75, 0x30, 0), 0xffffffffec98) = 0 <0.000067>
19795 19:04:36.008411 ioctl(4, _IOC(_IOC_NONE, 0x75, 0x30, 0), 0xffffffffec98) = 0 <0.000072>
19795 19:04:36.008565 ioctl(4, _IOC(_IOC_NONE, 0x75, 0x30, 0), 0xffffffffec98) = 0 <0.000066>
19795 19:04:36.008687 ioctl(4, _IOC(_IOC_NONE, 0x75, 0x30, 0), 0xffffffffec98) = 0 <0.000074>
19795 19:04:36.008843 ioctl(4, _IOC(_IOC_NONE, 0x75, 0x30, 0), 0xffffffffec98) = 0 <0.000066>
19795 19:04:36.008968 ioctl(4, _IOC(_IOC_NONE, 0x75, 0x30, 0), 0xffffffffe938) = 0 <0.000051>
19795 19:04:36.009075 ioctl(4, _IOC(_IOC_NONE, 0x75, 0x30, 0), 0xffffffffe9a8) = 0 <0.000052>
19796 19:04:36.009168 <... ioctl resumed>, 0xfffff520e618) = 0 <0.004425>
19795 19:04:36.009195 ioctl(4, _IOC(_IOC_NONE, 0x75, 0x30, 0) <unfinished ...>
19796 19:04:36.009221 ioctl(4, _IOC(_IOC_NONE, 0x75, 0x30, 0) <unfinished ...>
19795 19:04:36.009289 <... ioctl resumed>, 0xffffffffec98) = 0 <0.000074>
19796 19:04:36.009320 <... ioctl resumed>, 0xfffff520e618) = 0 <0.000053>
19796 19:04:36.009366 ioctl(4, _IOC(_IOC_NONE, 0x75, 0x30, 0) <unfinished ...>
19795 19:04:36.009395 ioctl(4, _IOC(_IOC_NONE, 0x75, 0x30, 0), 0xffffffffec98) = 0 <0.001058>
19796 19:04:36.010535 <... ioctl resumed>, 0xfffff520e608) = 0 <0.001145>
19795 19:04:36.010578 ioctl(4, _IOC(_IOC_NONE, 0x75, 0x30, 0) <unfinished ...>
19796 19:04:36.010608 ioctl(4, _IOC(_IOC_NONE, 0x75, 0x30, 0) <unfinished ...>
19795 19:04:36.010687 <... ioctl resumed>, 0xffffffffec98) = 0 <0.000085>
19796 19:04:36.010720 <... ioctl resumed>, 0xfffff520e618) = 0 <0.000091>
19795 19:04:36.010804 ioctl(4, _IOC(_IOC_NONE, 0x75, 0x30, 0) <unfinished ...>
19796 19:04:36.010833 ioctl(4, _IOC(_IOC_NONE, 0x75, 0x30, 0) <unfinished ...>
19795 19:04:36.010899 <... ioctl resumed>, 0xffffffffec98) = 0 <0.000070>
19795 19:04:36.010946 ioctl(4, _IOC(_IOC_NONE, 0x75, 0x30, 0), 0xffffffffec98) = 0 <0.000074>
19795 19:04:36.011116 ioctl(4, _IOC(_IOC_NONE, 0x75, 0x30, 0), 0xffffffffec98) = 0 <0.000064>
19795 19:04:36.011235 ioctl(4, _IOC(_IOC_NONE, 0x75, 0x30, 0), 0xffffffffec98) = 0 <0.000076>
19795 19:04:36.011403 ioctl(4, _IOC(_IOC_NONE, 0x75, 0x30, 0), 0xffffffffec98) = 0 <0.000064>
19795 19:04:36.011521 ioctl(4, _IOC(_IOC_NONE, 0x75, 0x30, 0), 0xffffffffec98) = 0 <0.000073>
19795 19:04:36.011678 ioctl(4, _IOC(_IOC_NONE, 0x75, 0x30, 0), 0xffffffffec98) = 0 <0.000065>
19795 19:04:36.011798 ioctl(4, _IOC(_IOC_NONE, 0x75, 0x30, 0), 0xffffffffec98) = 0 <0.000076>
19795 19:04:36.011958 ioctl(4, _IOC(_IOC_NONE, 0x75, 0x30, 0), 0xffffffffec98) = 0 <0.000066>
19795 19:04:36.012079 ioctl(4, _IOC(_IOC_NONE, 0x75, 0x30, 0), 0xffffffffec98) = 0 <0.000074>
19795 19:04:36.012235 ioctl(4, _IOC(_IOC_NONE, 0x75, 0x30, 0), 0xffffffffec98) = 0 <0.000064>
19795 19:04:36.012354 ioctl(4, _IOC(_IOC_NONE, 0x75, 0x30, 0), 0xffffffffec98) = 0 <0.000077>
19795 19:04:36.012513 ioctl(4, _IOC(_IOC_NONE, 0x75, 0x30, 0), 0xffffffffec98) = 0 <0.000066>
19795 19:04:36.012634 ioctl(4, _IOC(_IOC_NONE, 0x75, 0x30, 0), 0xffffffffec98) = 0 <0.000072>
19795 19:04:36.012870 ioctl(4, _IOC(_IOC_NONE, 0x75, 0x30, 0), 0xffffffffec98) = 0 <0.000068>
19795 19:04:36.012998 ioctl(4, _IOC(_IOC_NONE, 0x75, 0x30, 0), 0xffffffffec98) = 0 <0.000075>
19795 19:04:36.013162 ioctl(4, _IOC(_IOC_NONE, 0x75, 0x30, 0), 0xffffffffec98) = 0 <0.000064>
19795 19:04:36.013281 ioctl(4, _IOC(_IOC_NONE, 0x75, 0x30, 0), 0xffffffffec98) = 0 <0.000076>
19795 19:04:36.013439 ioctl(4, _IOC(_IOC_NONE, 0x75, 0x30, 0), 0xffffffffec98) = 0 <0.000065>
19795 19:04:36.013557 ioctl(4, _IOC(_IOC_NONE, 0x75, 0x30, 0), 0xffffffffec98) = 0 <0.000083>
19795 19:04:36.013781 ioctl(4, _IOC(_IOC_NONE, 0x75, 0x30, 0), 0xffffffffec98) = 0 <0.000064>
19795 19:04:36.013905 ioctl(4, _IOC(_IOC_NONE, 0x75, 0x30, 0), 0xffffffffec98) = 0 <0.000078>
19795 19:04:36.014067 ioctl(4, _IOC(_IOC_NONE, 0x75, 0x30, 0), 0xffffffffec98) = 0 <0.000062>
19795 19:04:36.014182 ioctl(4, _IOC(_IOC_NONE, 0x75, 0x30, 0), 0xffffffffec98) = 0 <0.000072>
19795 19:04:36.014337 ioctl(4, _IOC(_IOC_NONE, 0x75, 0x30, 0), 0xffffffffec98) = 0 <0.000065>
19795 19:04:36.014457 ioctl(4, _IOC(_IOC_NONE, 0x75, 0x30, 0), 0xffffffffec98) = 0 <0.000075>
19795 19:04:36.014613 ioctl(4, _IOC(_IOC_NONE, 0x75, 0x30, 0), 0xffffffffec98) = 0 <0.000066>
19795 19:04:36.014736 ioctl(4, _IOC(_IOC_NONE, 0x75, 0x30, 0), 0xffffffffec98) = 0 <0.000075>
19795 19:04:36.014893 ioctl(4, _IOC(_IOC_NONE, 0x75, 0x30, 0), 0xffffffffec98) = 0 <0.000063>
19795 19:04:36.015016 ioctl(4, _IOC(_IOC_NONE, 0x75, 0x30, 0), 0xffffffffe938) = 0 <0.000050>
19795 19:04:36.015134 ioctl(4, _IOC(_IOC_NONE, 0x75, 0x30, 0), 0xffffffffe9a8) = 0 <0.000056>
19796 19:04:36.015232 <... ioctl resumed>, 0xfffff520e618) = 0 <0.004379>
19795 19:04:36.015260 ioctl(4, _IOC(_IOC_NONE, 0x75, 0x30, 0) <unfinished ...>
19796 19:04:36.015286 ioctl(4, _IOC(_IOC_NONE, 0x75, 0x30, 0) <unfinished ...>
19795 19:04:36.015358 <... ioctl resumed>, 0xffffffffec98) = 0 <0.000078>
19796 19:04:36.015414 <... ioctl resumed>, 0xfffff520e618) = 0 <0.000108>
19795 19:04:36.015470 ioctl(4, _IOC(_IOC_NONE, 0x75, 0x30, 0) <unfinished ...>
19796 19:04:36.015498 ioctl(4, _IOC(_IOC_NONE, 0x75, 0x30, 0) <unfinished ...>
19795 19:04:36.015558 <... ioctl resumed>, 0xffffffffec98) = 0 <0.000066>
19795 19:04:36.016565 ioctl(4, _IOC(_IOC_NONE, 0x75, 0x30, 0) <unfinished ...>
19796 19:04:36.016614 <... ioctl resumed>, 0xfffff520e608) = 0 <0.001095>
19795 19:04:36.016705 <... ioctl resumed>, 0xffffffffec98) = 0 <0.000099>
19796 19:04:36.016737 ioctl(4, _IOC(_IOC_NONE, 0x75, 0x30, 0) <unfinished ...>
19795 19:04:36.016812 ioctl(4, _IOC(_IOC_NONE, 0x75, 0x30, 0) <unfinished ...>
19796 19:04:36.016845 <... ioctl resumed>, 0xfffff520e618) = 0 <0.000085>
19796 19:04:36.016894 ioctl(4, _IOC(_IOC_NONE, 0x75, 0x30, 0) <unfinished ...>
19795 19:04:36.016921 <... ioctl resumed>, 0xffffffffec98) = 0 <0.000086>
19795 19:04:36.016966 ioctl(4, _IOC(_IOC_NONE, 0x75, 0x30, 0), 0xffffffffec98) = 0 <0.000079>
19795 19:04:36.017139 ioctl(4, _IOC(_IOC_NONE, 0x75, 0x30, 0), 0xffffffffec98) = 0 <0.000064>
19795 19:04:36.017259 ioctl(4, _IOC(_IOC_NONE, 0x75, 0x30, 0), 0xffffffffec98) = 0 <0.000074>
19795 19:04:36.017420 ioctl(4, _IOC(_IOC_NONE, 0x75, 0x30, 0), 0xffffffffec98) = 0 <0.000064>
19795 19:04:36.017541 ioctl(4, _IOC(_IOC_NONE, 0x75, 0x30, 0), 0xffffffffec98) = 0 <0.000107>
19795 19:04:36.017866 ioctl(4, _IOC(_IOC_NONE, 0x75, 0x30, 0), 0xffffffffec38) = 0 <0.000073>
19795 19:04:36.018008 ioctl(4, _IOC(_IOC_NONE, 0x75, 0x30, 0), 0xffffffffec38) = 0 <0.000075>
19795 19:04:36.018178 ioctl(4, _IOC(_IOC_NONE, 0x75, 0x30, 0), 0xffffffffec98) = 0 <0.000064>
19795 19:04:36.018297 ioctl(4, _IOC(_IOC_NONE, 0x75, 0x30, 0), 0xffffffffec98) = 0 <0.000074>
19795 19:04:36.018452 ioctl(4, _IOC(_IOC_NONE, 0x75, 0x30, 0), 0xffffffffec98) = 0 <0.000065>
19795 19:04:36.018571 ioctl(4, _IOC(_IOC_NONE, 0x75, 0x30, 0), 0xffffffffec98) = 0 <0.000075>
19795 19:04:36.018727 ioctl(4, _IOC(_IOC_NONE, 0x75, 0x30, 0), 0xffffffffec98) = 0 <0.000066>
19795 19:04:36.018848 ioctl(4, _IOC(_IOC_NONE, 0x75, 0x30, 0), 0xffffffffec98) = 0 <0.000071>
19795 19:04:36.019000 ioctl(4, _IOC(_IOC_NONE, 0x75, 0x30, 0), 0xffffffffec98) = 0 <0.000064>
19795 19:04:36.019118 ioctl(4, _IOC(_IOC_NONE, 0x75, 0x30, 0), 0xffffffffec98) = 0 <0.000074>
19795 19:04:36.019272 ioctl(4, _IOC(_IOC_NONE, 0x75, 0x30, 0), 0xffffffffec98) = 0 <0.000064>
19795 19:04:36.019391 ioctl(4, _IOC(_IOC_NONE, 0x75, 0x30, 0), 0xffffffffec98) = 0 <0.000076>
19795 19:04:36.019548 ioctl(4, _IOC(_IOC_NONE, 0x75, 0x30, 0), 0xffffffffec98) = 0 <0.000063>
19795 19:04:36.019665 ioctl(4, _IOC(_IOC_NONE, 0x75, 0x30, 0), 0xffffffffec98) = 0 <0.000073>
19795 19:04:36.019820 ioctl(4, _IOC(_IOC_NONE, 0x75, 0x30, 0), 0xffffffffec98) = 0 <0.000062>
19795 19:04:36.019937 ioctl(4, _IOC(_IOC_NONE, 0x75, 0x30, 0), 0xffffffffec98) = 0 <0.000071>
19795 19:04:36.020091 ioctl(4, _IOC(_IOC_NONE, 0x75, 0x30, 0), 0xffffffffec98) = 0 <0.000064>
19795 19:04:36.020211 ioctl(4, _IOC(_IOC_NONE, 0x75, 0x30, 0), 0xffffffffec98) = 0 <0.000076>
19795 19:04:36.020370 ioctl(4, _IOC(_IOC_NONE, 0x75, 0x30, 0), 0xffffffffec98) = 0 <0.000067>
19795 19:04:36.020492 ioctl(4, _IOC(_IOC_NONE, 0x75, 0x30, 0), 0xffffffffec98) = 0 <0.000074>
19795 19:04:36.020653 ioctl(4, _IOC(_IOC_NONE, 0x75, 0x30, 0), 0xffffffffec98) = 0 <0.000064>
19795 19:04:36.020772 ioctl(4, _IOC(_IOC_NONE, 0x75, 0x30, 0), 0xffffffffec98) = 0 <0.000075>
19795 19:04:36.020930 ioctl(4, _IOC(_IOC_NONE, 0x75, 0x30, 0), 0xffffffffec98) = 0 <0.000066>
19795 19:04:36.021054 ioctl(4, _IOC(_IOC_NONE, 0x75, 0x30, 0), 0xffffffffe938) = 0 <0.000047>
19795 19:04:36.021156 ioctl(4, _IOC(_IOC_NONE, 0x75, 0x30, 0), 0xffffffffe9a8) = 0 <0.000052>
19796 19:04:36.021248 <... ioctl resumed>, 0xfffff520e618) = 0 <0.004332>
19795 19:04:36.021275 ioctl(4, _IOC(_IOC_NONE, 0x75, 0x30, 0) <unfinished ...>
19796 19:04:36.021301 ioctl(4, _IOC(_IOC_NONE, 0x75, 0x30, 0) <unfinished ...>
19795 19:04:36.021370 <... ioctl resumed>, 0xffffffffec98) = 0 <0.000074>
19796 19:04:36.021404 <... ioctl resumed>, 0xfffff520e618) = 0 <0.000084>
19795 19:04:36.021459 ioctl(4, _IOC(_IOC_NONE, 0x75, 0x30, 0) <unfinished ...>
19796 19:04:36.021486 ioctl(4, _IOC(_IOC_NONE, 0x75, 0x30, 0) <unfinished ...>
19795 19:04:36.021546 <... ioctl resumed>, 0xffffffffec98) = 0 <0.000066>
19795 19:04:36.022598 ioctl(4, _IOC(_IOC_NONE, 0x75, 0x30, 0) <unfinished ...>
19796 19:04:36.022668 <... ioctl resumed>, 0xfffff520e608) = 0 <0.001161>
19795 19:04:36.022762 <... ioctl resumed>, 0xffffffffec98) = 0 <0.000103>
19796 19:04:36.022795 ioctl(4, _IOC(_IOC_NONE, 0x75, 0x30, 0) <unfinished ...>
19795 19:04:36.022872 ioctl(4, _IOC(_IOC_NONE, 0x75, 0x30, 0) <unfinished ...>
19796 19:04:36.022915 <... ioctl resumed>, 0xfffff520e618) = 0 <0.000097>
19796 19:04:36.022965 ioctl(4, _IOC(_IOC_NONE, 0x75, 0x30, 0) <unfinished ...>
19795 19:04:36.022993 <... ioctl resumed>, 0xffffffffec98) = 0 <0.000098>
19795 19:04:36.023038 ioctl(4, _IOC(_IOC_NONE, 0x75, 0x30, 0), 0xffffffffec98) = 0 <0.000077>
19795 19:04:36.023210 ioctl(4, _IOC(_IOC_NONE, 0x75, 0x30, 0), 0xffffffffec98) = 0 <0.000065>
19795 19:04:36.023332 ioctl(4, _IOC(_IOC_NONE, 0x75, 0x30, 0), 0xffffffffec98) = 0 <0.000075>
19795 19:04:36.023492 ioctl(4, _IOC(_IOC_NONE, 0x75, 0x30, 0), 0xffffffffec98) = 0 <0.000065>
19795 19:04:36.023613 ioctl(4, _IOC(_IOC_NONE, 0x75, 0x30, 0), 0xffffffffec98) = 0 <0.000071>
19795 19:04:36.023850 ioctl(4, _IOC(_IOC_NONE, 0x75, 0x30, 0), 0xffffffffec98) = 0 <0.000068>
19795 19:04:36.023979 ioctl(4, _IOC(_IOC_NONE, 0x75, 0x30, 0), 0xffffffffec98) = 0 <0.000072>
19795 19:04:36.024142 ioctl(4, _IOC(_IOC_NONE, 0x75, 0x30, 0), 0xffffffffec98) = 0 <0.000067>
19795 19:04:36.024264 ioctl(4, _IOC(_IOC_NONE, 0x75, 0x30, 0), 0xffffffffec98) = 0 <0.000075>
19795 19:04:36.024424 ioctl(4, _IOC(_IOC_NONE, 0x75, 0x30, 0), 0xffffffffec98) = 0 <0.000065>
19795 19:04:36.024545 ioctl(4, _IOC(_IOC_NONE, 0x75, 0x30, 0), 0xffffffffec98) = 0 <0.000076>
19795 19:04:36.024701 ioctl(4, _IOC(_IOC_NONE, 0x75, 0x30, 0), 0xffffffffec98) = 0 <0.000063>
19795 19:04:36.024819 ioctl(4, _IOC(_IOC_NONE, 0x75, 0x30, 0), 0xffffffffec98) = 0 <0.000076>
19795 19:04:36.024978 ioctl(4, _IOC(_IOC_NONE, 0x75, 0x30, 0), 0xffffffffec98) = 0 <0.000066>
19795 19:04:36.025097 ioctl(4, _IOC(_IOC_NONE, 0x75, 0x30, 0), 0xffffffffec98) = 0 <0.000072>
19795 19:04:36.025250 ioctl(4, _IOC(_IOC_NONE, 0x75, 0x30, 0), 0xffffffffec98) = 0 <0.000066>
19795 19:04:36.025370 ioctl(4, _IOC(_IOC_NONE, 0x75, 0x30, 0), 0xffffffffec98) = 0 <0.000075>
19795 19:04:36.025523 ioctl(4, _IOC(_IOC_NONE, 0x75, 0x30, 0), 0xffffffffec98) = 0 <0.000097>
19795 19:04:36.025702 ioctl(4, _IOC(_IOC_NONE, 0x75, 0x30, 0), 0xffffffffec98) = 0 <0.000074>
19795 19:04:36.025876 ioctl(4, _IOC(_IOC_NONE, 0x75, 0x30, 0), 0xffffffffec98) = 0 <0.000067>
19795 19:04:36.025999 ioctl(4, _IOC(_IOC_NONE, 0x75, 0x30, 0), 0xffffffffec98) = 0 <0.000078>
19795 19:04:36.026156 ioctl(4, _IOC(_IOC_NONE, 0x75, 0x30, 0), 0xffffffffec98) = 0 <0.000062>
19795 19:04:36.026271 ioctl(4, _IOC(_IOC_NONE, 0x75, 0x30, 0), 0xffffffffec98) = 0 <0.000071>
19795 19:04:36.026421 ioctl(4, _IOC(_IOC_NONE, 0x75, 0x30, 0), 0xffffffffec98) = 0 <0.000064>
19795 19:04:36.026542 ioctl(4, _IOC(_IOC_NONE, 0x75, 0x30, 0), 0xffffffffec98) = 0 <0.000073>
19795 19:04:36.026698 ioctl(4, _IOC(_IOC_NONE, 0x75, 0x30, 0), 0xffffffffec98) = 0 <0.000063>
19795 19:04:36.026817 ioctl(4, _IOC(_IOC_NONE, 0x75, 0x30, 0), 0xffffffffec98) = 0 <0.000073>
19795 19:04:36.026968 ioctl(4, _IOC(_IOC_NONE, 0x75, 0x30, 0), 0xffffffffec98) = 0 <0.000063>
19795 19:04:36.027089 ioctl(4, _IOC(_IOC_NONE, 0x75, 0x30, 0), 0xffffffffe938) = 0 <0.000054>
19795 19:04:36.027198 ioctl(4, _IOC(_IOC_NONE, 0x75, 0x30, 0), 0xffffffffe9a8) = 0 <0.000055>
19796 19:04:36.027292 <... ioctl resumed>, 0xfffff520e618) = 0 <0.004304>
19795 19:04:36.027319 ioctl(4, _IOC(_IOC_NONE, 0x75, 0x30, 0) <unfinished ...>
19796 19:04:36.027346 ioctl(4, _IOC(_IOC_NONE, 0x75, 0x30, 0) <unfinished ...>
19795 19:04:36.027416 <... ioctl resumed>, 0xffffffffec98) = 0 <0.000076>
19796 19:04:36.027449 <... ioctl resumed>, 0xfffff520e618) = 0 <0.000085>
19795 19:04:36.027594 ioctl(4, _IOC(_IOC_NONE, 0x75, 0x30, 0) <unfinished ...>
19796 19:04:36.027653 ioctl(4, _IOC(_IOC_NONE, 0x75, 0x30, 0) <unfinished ...>
19795 19:04:36.027720 <... ioctl resumed>, 0xffffffffec38) = 0 <0.000073>
19795 19:04:36.028706 ioctl(4, _IOC(_IOC_NONE, 0x75, 0x30, 0) <unfinished ...>
19796 19:04:36.028752 <... ioctl resumed>, 0xfffff520e608) = 0 <0.001077>
19795 19:04:36.028840 <... ioctl resumed>, 0xffffffffec38) = 0 <0.000093>
19796 19:04:36.028874 ioctl(4, _IOC(_IOC_NONE, 0x75, 0x30, 0) <unfinished ...>
19795 19:04:36.028957 ioctl(4, _IOC(_IOC_NONE, 0x75, 0x30, 0) <unfinished ...>
19796 19:04:36.029007 <... ioctl resumed>, 0xfffff520e618) = 0 <0.000110>
19796 19:04:36.029059 ioctl(4, _IOC(_IOC_NONE, 0x75, 0x30, 0) <unfinished ...>
19795 19:04:36.029087 <... ioctl resumed>, 0xffffffffec98) = 0 <0.000107>
19795 19:04:36.029133 ioctl(4, _IOC(_IOC_NONE, 0x75, 0x30, 0), 0xffffffffec98) = 0 <0.000074>
19795 19:04:36.029301 ioctl(4, _IOC(_IOC_NONE, 0x75, 0x30, 0), 0xffffffffec98) = 0 <0.000065>
19795 19:04:36.029421 ioctl(4, _IOC(_IOC_NONE, 0x75, 0x30, 0), 0xffffffffec98) = 0 <0.000074>
19795 19:04:36.029612 ioctl(4, _IOC(_IOC_NONE, 0x75, 0x30, 0), 0xffffffffec98) = 0 <0.000076>
19795 19:04:36.029773 ioctl(4, _IOC(_IOC_NONE, 0x75, 0x30, 0), 0xffffffffec98) = 0 <0.000073>
19795 19:04:36.029943 ioctl(4, _IOC(_IOC_NONE, 0x75, 0x30, 0), 0xffffffffec98) = 0 <0.000064>
19795 19:04:36.030065 ioctl(4, _IOC(_IOC_NONE, 0x75, 0x30, 0), 0xffffffffec98) = 0 <0.000076>
19795 19:04:36.030223 ioctl(4, _IOC(_IOC_NONE, 0x75, 0x30, 0), 0xffffffffec98) = 0 <0.000063>
19795 19:04:36.030340 ioctl(4, _IOC(_IOC_NONE, 0x75, 0x30, 0), 0xffffffffec98) = 0 <0.000078>
19795 19:04:36.030497 ioctl(4, _IOC(_IOC_NONE, 0x75, 0x30, 0), 0xffffffffec98) = 0 <0.000065>
19795 19:04:36.030617 ioctl(4, _IOC(_IOC_NONE, 0x75, 0x30, 0), 0xffffffffec98) = 0 <0.000077>
19795 19:04:36.030779 ioctl(4, _IOC(_IOC_NONE, 0x75, 0x30, 0), 0xffffffffec98) = 0 <0.000064>
19795 19:04:36.030900 ioctl(4, _IOC(_IOC_NONE, 0x75, 0x30, 0), 0xffffffffec98) = 0 <0.000071>
19795 19:04:36.031053 ioctl(4, _IOC(_IOC_NONE, 0x75, 0x30, 0), 0xffffffffec98) = 0 <0.000063>
19795 19:04:36.031170 ioctl(4, _IOC(_IOC_NONE, 0x75, 0x30, 0), 0xffffffffec98) = 0 <0.000077>
19795 19:04:36.031326 ioctl(4, _IOC(_IOC_NONE, 0x75, 0x30, 0), 0xffffffffec98) = 0 <0.000063>
19795 19:04:36.031447 ioctl(4, _IOC(_IOC_NONE, 0x75, 0x30, 0), 0xffffffffec98) = 0 <0.000072>
19795 19:04:36.031598 ioctl(4, _IOC(_IOC_NONE, 0x75, 0x30, 0), 0xffffffffec98) = 0 <0.000064>
19795 19:04:36.031718 ioctl(4, _IOC(_IOC_NONE, 0x75, 0x30, 0), 0xffffffffec98) = 0 <0.000076>
19795 19:04:36.031873 ioctl(4, _IOC(_IOC_NONE, 0x75, 0x30, 0), 0xffffffffec98) = 0 <0.000066>
19795 19:04:36.031994 ioctl(4, _IOC(_IOC_NONE, 0x75, 0x30, 0), 0xffffffffec98) = 0 <0.000072>
19795 19:04:36.032145 ioctl(4, _IOC(_IOC_NONE, 0x75, 0x30, 0), 0xffffffffec98) = 0 <0.000064>
19795 19:04:36.032265 ioctl(4, _IOC(_IOC_NONE, 0x75, 0x30, 0), 0xffffffffec98) = 0 <0.000074>
19795 19:04:36.032419 ioctl(4, _IOC(_IOC_NONE, 0x75, 0x30, 0), 0xffffffffec98) = 0 <0.000064>
19795 19:04:36.032539 ioctl(4, _IOC(_IOC_NONE, 0x75, 0x30, 0), 0xffffffffec98) = 0 <0.000073>
19795 19:04:36.032693 ioctl(4, _IOC(_IOC_NONE, 0x75, 0x30, 0), 0xffffffffec98) = 0 <0.000063>
19795 19:04:36.032811 ioctl(4, _IOC(_IOC_NONE, 0x75, 0x30, 0), 0xffffffffec98) = 0 <0.000074>
19795 19:04:36.032965 ioctl(4, _IOC(_IOC_NONE, 0x75, 0x30, 0), 0xffffffffec98) = 0 <0.000063>
19795 19:04:36.033087 ioctl(4, _IOC(_IOC_NONE, 0x75, 0x30, 0), 0xffffffffe938) = 0 <0.000048>
19795 19:04:36.033191 ioctl(4, _IOC(_IOC_NONE, 0x75, 0x30, 0), 0xffffffffe9a8) = 0 <0.000053>
19796 19:04:36.033285 <... ioctl resumed>, 0xfffff520e618) = 0 <0.004203>
19795 19:04:36.033312 ioctl(4, _IOC(_IOC_NONE, 0x75, 0x30, 0) <unfinished ...>
19796 19:04:36.033341 ioctl(4, _IOC(_IOC_NONE, 0x75, 0x30, 0) <unfinished ...>
19795 19:04:36.033411 <... ioctl resumed>, 0xffffffffec98) = 0 <0.000077>
19796 19:04:36.033443 <... ioctl resumed>, 0xfffff520e618) = 0 <0.000084>
19795 19:04:36.033611 ioctl(4, _IOC(_IOC_NONE, 0x75, 0x30, 0) <unfinished ...>
19796 19:04:36.033700 ioctl(4, _IOC(_IOC_NONE, 0x75, 0x30, 0) <unfinished ...>
19795 19:04:36.033778 <... ioctl resumed>, 0xffffffffec98) = 0 <0.000085>
19795 19:04:36.034775 ioctl(4, _IOC(_IOC_NONE, 0x75, 0x30, 0) <unfinished ...>
19796 19:04:36.034825 <... ioctl resumed>, 0xfffff520e608) = 0 <0.001100>
19795 19:04:36.034916 <... ioctl resumed>, 0xffffffffec98) = 0 <0.000099>
19796 19:04:36.034948 ioctl(4, _IOC(_IOC_NONE, 0x75, 0x30, 0) <unfinished ...>
19795 19:04:36.035021 ioctl(4, _IOC(_IOC_NONE, 0x75, 0x30, 0) <unfinished ...>
19796 19:04:36.035065 <... ioctl resumed>, 0xfffff520e618) = 0 <0.000094>
19796 19:04:36.035112 ioctl(4, _IOC(_IOC_NONE, 0x75, 0x30, 0) <unfinished ...>
19795 19:04:36.035142 <... ioctl resumed>, 0xffffffffec98) = 0 <0.000097>
19795 19:04:36.035186 ioctl(4, _IOC(_IOC_NONE, 0x75, 0x30, 0), 0xffffffffec98) = 0 <0.000077>
19795 19:04:36.035352 ioctl(4, _IOC(_IOC_NONE, 0x75, 0x30, 0), 0xffffffffec98) = 0 <0.000065>
19795 19:04:36.035471 ioctl(4, _IOC(_IOC_NONE, 0x75, 0x30, 0), 0xffffffffec98) = 0 <0.000071>
19795 19:04:36.035623 ioctl(4, _IOC(_IOC_NONE, 0x75, 0x30, 0), 0xffffffffec98) = 0 <0.000064>
19795 19:04:36.035741 ioctl(4, _IOC(_IOC_NONE, 0x75, 0x30, 0), 0xffffffffec98) = 0 <0.000103>
19795 19:04:36.035936 ioctl(4, _IOC(_IOC_NONE, 0x75, 0x30, 0), 0xffffffffec98) = 0 <0.000065>
19795 19:04:36.036056 ioctl(4, _IOC(_IOC_NONE, 0x75, 0x30, 0), 0xffffffffec98) = 0 <0.000074>
19795 19:04:36.036208 ioctl(4, _IOC(_IOC_NONE, 0x75, 0x30, 0), 0xffffffffec98) = 0 <0.000063>
19795 19:04:36.036325 ioctl(4, _IOC(_IOC_NONE, 0x75, 0x30, 0), 0xffffffffec98) = 0 <0.000074>
19795 19:04:36.036478 ioctl(4, _IOC(_IOC_NONE, 0x75, 0x30, 0), 0xffffffffec98) = 0 <0.000065>
19795 19:04:36.036598 ioctl(4, _IOC(_IOC_NONE, 0x75, 0x30, 0), 0xffffffffec98) = 0 <0.000074>
19795 19:04:36.036750 ioctl(4, _IOC(_IOC_NONE, 0x75, 0x30, 0), 0xffffffffec98) = 0 <0.000065>
19795 19:04:36.036871 ioctl(4, _IOC(_IOC_NONE, 0x75, 0x30, 0), 0xffffffffec98) = 0 <0.000077>
19795 19:04:36.037030 ioctl(4, _IOC(_IOC_NONE, 0x75, 0x30, 0), 0xffffffffec98) = 0 <0.000067>
19795 19:04:36.037151 ioctl(4, _IOC(_IOC_NONE, 0x75, 0x30, 0), 0xffffffffec98) = 0 <0.000073>
19795 19:04:36.037303 ioctl(4, _IOC(_IOC_NONE, 0x75, 0x30, 0), 0xffffffffec98) = 0 <0.000063>
19795 19:04:36.037422 ioctl(4, _IOC(_IOC_NONE, 0x75, 0x30, 0), 0xffffffffec98) = 0 <0.000075>
19795 19:04:36.037609 ioctl(4, _IOC(_IOC_NONE, 0x75, 0x30, 0), 0xffffffffec98) = 0 <0.000077>
19795 19:04:36.037770 ioctl(4, _IOC(_IOC_NONE, 0x75, 0x30, 0), 0xffffffffec98) = 0 <0.000075>
19795 19:04:36.037934 ioctl(4, _IOC(_IOC_NONE, 0x75, 0x30, 0), 0xffffffffec98) = 0 <0.000066>
19795 19:04:36.038054 ioctl(4, _IOC(_IOC_NONE, 0x75, 0x30, 0), 0xffffffffec98) = 0 <0.000076>
19795 19:04:36.038305 ioctl(4, _IOC(_IOC_NONE, 0x75, 0x30, 0), 0xffffffffec38) = 0 <0.000070>
19795 19:04:36.038435 ioctl(4, _IOC(_IOC_NONE, 0x75, 0x30, 0), 0xffffffffec38) = 0 <0.000070>
19795 19:04:36.038591 ioctl(4, _IOC(_IOC_NONE, 0x75, 0x30, 0), 0xffffffffec98) = 0 <0.000063>
19795 19:04:36.038710 ioctl(4, _IOC(_IOC_NONE, 0x75, 0x30, 0), 0xffffffffec98) = 0 <0.000072>
19795 19:04:36.038860 ioctl(4, _IOC(_IOC_NONE, 0x75, 0x30, 0), 0xffffffffec98) = 0 <0.000064>
19795 19:04:36.038980 ioctl(4, _IOC(_IOC_NONE, 0x75, 0x30, 0), 0xffffffffec98) = 0 <0.000074>
19795 19:04:36.039132 ioctl(4, _IOC(_IOC_NONE, 0x75, 0x30, 0), 0xffffffffec98) = 0 <0.000061>
19795 19:04:36.039252 ioctl(4, _IOC(_IOC_NONE, 0x75, 0x30, 0), 0xffffffffe938) = 0 <0.000048>
19795 19:04:36.039354 ioctl(4, _IOC(_IOC_NONE, 0x75, 0x30, 0), 0xffffffffe9a8) = 0 <0.000053>
19796 19:04:36.039450 <... ioctl resumed>, 0xfffff520e618) = 0 <0.004314>
19795 19:04:36.039477 ioctl(4, _IOC(_IOC_NONE, 0x75, 0x30, 0) <unfinished ...>
19796 19:04:36.039503 ioctl(4, _IOC(_IOC_NONE, 0x75, 0x30, 0) <unfinished ...>
19795 19:04:36.039572 <... ioctl resumed>, 0xffffffffec98) = 0 <0.000074>
19796 19:04:36.039604 <... ioctl resumed>, 0xfffff520e618) = 0 <0.000082>
19795 19:04:36.039651 ioctl(4, _IOC(_IOC_NONE, 0x75, 0x30, 0) <unfinished ...>
19796 19:04:36.039678 ioctl(4, _IOC(_IOC_NONE, 0x75, 0x30, 0) <unfinished ...>
19795 19:04:36.039736 <... ioctl resumed>, 0xffffffffec98) = 0 <0.000063>
19795 19:04:36.040743 ioctl(4, _IOC(_IOC_NONE, 0x75, 0x30, 0) <unfinished ...>
19796 19:04:36.040796 <... ioctl resumed>, 0xfffff520e608) = 0 <0.001068>
19795 19:04:36.040893 <... ioctl resumed>, 0xffffffffec98) = 0 <0.000105>
19796 19:04:36.040924 ioctl(4, _IOC(_IOC_NONE, 0x75, 0x30, 0) <unfinished ...>
19795 19:04:36.040994 ioctl(4, _IOC(_IOC_NONE, 0x75, 0x30, 0) <unfinished ...>
19796 19:04:36.041039 <... ioctl resumed>, 0xfffff520e618) = 0 <0.000091>
19796 19:04:36.041090 ioctl(4, _IOC(_IOC_NONE, 0x75, 0x30, 0) <unfinished ...>
19795 19:04:36.041119 <... ioctl resumed>, 0xffffffffec98) = 0 <0.000102>
19795 19:04:36.041164 ioctl(4, _IOC(_IOC_NONE, 0x75, 0x30, 0), 0xffffffffec98) = 0 <0.000075>
19795 19:04:36.041328 ioctl(4, _IOC(_IOC_NONE, 0x75, 0x30, 0), 0xffffffffec98) = 0 <0.000066>
19795 19:04:36.041449 ioctl(4, _IOC(_IOC_NONE, 0x75, 0x30, 0), 0xffffffffec98) = 0 <0.000075>
19795 19:04:36.041645 ioctl(4, _IOC(_IOC_NONE, 0x75, 0x30, 0), 0xffffffffec98) = 0 <0.000072>
19795 19:04:36.041799 ioctl(4, _IOC(_IOC_NONE, 0x75, 0x30, 0), 0xffffffffec98) = 0 <0.000073>
19795 19:04:36.041957 ioctl(4, _IOC(_IOC_NONE, 0x75, 0x30, 0), 0xffffffffec98) = 0 <0.000065>
19795 19:04:36.042076 ioctl(4, _IOC(_IOC_NONE, 0x75, 0x30, 0), 0xffffffffec98) = 0 <0.000076>
19795 19:04:36.042231 ioctl(4, _IOC(_IOC_NONE, 0x75, 0x30, 0), 0xffffffffec98) = 0 <0.000064>
19795 19:04:36.042353 ioctl(4, _IOC(_IOC_NONE, 0x75, 0x30, 0), 0xffffffffec98) = 0 <0.000076>
19795 19:04:36.042508 ioctl(4, _IOC(_IOC_NONE, 0x75, 0x30, 0), 0xffffffffec98) = 0 <0.000067>
19795 19:04:36.042630 ioctl(4, _IOC(_IOC_NONE, 0x75, 0x30, 0), 0xffffffffec98) = 0 <0.000074>
19795 19:04:36.042783 ioctl(4, _IOC(_IOC_NONE, 0x75, 0x30, 0), 0xffffffffec98) = 0 <0.000065>
19795 19:04:36.042903 ioctl(4, _IOC(_IOC_NONE, 0x75, 0x30, 0), 0xffffffffec98) = 0 <0.000073>
19795 19:04:36.043056 ioctl(4, _IOC(_IOC_NONE, 0x75, 0x30, 0), 0xffffffffec98) = 0 <0.000068>
19795 19:04:36.043178 ioctl(4, _IOC(_IOC_NONE, 0x75, 0x30, 0), 0xffffffffec98) = 0 <0.000074>
19795 19:04:36.043328 ioctl(4, _IOC(_IOC_NONE, 0x75, 0x30, 0), 0xffffffffec98) = 0 <0.000063>
19795 19:04:36.043448 ioctl(4, _IOC(_IOC_NONE, 0x75, 0x30, 0), 0xffffffffec98) = 0 <0.000072>
19795 19:04:36.043598 ioctl(4, _IOC(_IOC_NONE, 0x75, 0x30, 0), 0xffffffffec98) = 0 <0.000063>
19795 19:04:36.043716 ioctl(4, _IOC(_IOC_NONE, 0x75, 0x30, 0), 0xffffffffec98) = 0 <0.000079>
19795 19:04:36.043873 ioctl(4, _IOC(_IOC_NONE, 0x75, 0x30, 0), 0xffffffffec98) = 0 <0.000064>
19795 19:04:36.043992 ioctl(4, _IOC(_IOC_NONE, 0x75, 0x30, 0), 0xffffffffec98) = 0 <0.000073>
19795 19:04:36.044227 ioctl(4, _IOC(_IOC_NONE, 0x75, 0x30, 0), 0xffffffffec98) = 0 <0.000068>
19795 19:04:36.044354 ioctl(4, _IOC(_IOC_NONE, 0x75, 0x30, 0), 0xffffffffec98) = 0 <0.000074>
19795 19:04:36.044516 ioctl(4, _IOC(_IOC_NONE, 0x75, 0x30, 0), 0xffffffffec98) = 0 <0.000064>
19795 19:04:36.044637 ioctl(4, _IOC(_IOC_NONE, 0x75, 0x30, 0), 0xffffffffec98) = 0 <0.000077>
19795 19:04:36.044796 ioctl(4, _IOC(_IOC_NONE, 0x75, 0x30, 0), 0xffffffffec98) = 0 <0.000063>
19795 19:04:36.044915 ioctl(4, _IOC(_IOC_NONE, 0x75, 0x30, 0), 0xffffffffec98) = 0 <0.000074>
19795 19:04:36.045067 ioctl(4, _IOC(_IOC_NONE, 0x75, 0x30, 0), 0xffffffffec98) = 0 <0.000064>
19795 19:04:36.045189 ioctl(4, _IOC(_IOC_NONE, 0x75, 0x30, 0), 0xffffffffe938) = 0 <0.000050>
19795 19:04:36.045294 ioctl(4, _IOC(_IOC_NONE, 0x75, 0x30, 0), 0xffffffffe9a8) = 0 <0.000052>
19796 19:04:36.045387 <... ioctl resumed>, 0xfffff520e618) = 0 <0.004274>
19795 19:04:36.045414 ioctl(4, _IOC(_IOC_NONE, 0x75, 0x30, 0) <unfinished ...>
19796 19:04:36.045440 ioctl(4, _IOC(_IOC_NONE, 0x75, 0x30, 0) <unfinished ...>
19795 19:04:36.045513 <... ioctl resumed>, 0xffffffffec98) = 0 <0.000078>
19796 19:04:36.045543 <... ioctl resumed>, 0xfffff520e618) = 0 <0.000084>
19795 19:04:36.045629 ioctl(4, _IOC(_IOC_NONE, 0x75, 0x30, 0) <unfinished ...>
19796 19:04:36.045680 ioctl(4, _IOC(_IOC_NONE, 0x75, 0x30, 0) <unfinished ...>
19795 19:04:36.045746 <... ioctl resumed>, 0xffffffffec98) = 0 <0.000073>
19795 19:04:36.046709 ioctl(4, _IOC(_IOC_NONE, 0x75, 0x30, 0) <unfinished ...>
19796 19:04:36.046760 <... ioctl resumed>, 0xfffff520e608) = 0 <0.001057>
19795 19:04:36.046872 <... ioctl resumed>, 0xffffffffec98) = 0 <0.000121>
19796 19:04:36.046907 ioctl(4, _IOC(_IOC_NONE, 0x75, 0x30, 0) <unfinished ...>
19795 19:04:36.046973 ioctl(4, _IOC(_IOC_NONE, 0x75, 0x30, 0) <unfinished ...>
19796 19:04:36.047021 <... ioctl resumed>, 0xfffff520e618) = 0 <0.000091>
19796 19:04:36.047070 ioctl(4, _IOC(_IOC_NONE, 0x75, 0x30, 0) <unfinished ...>
19795 19:04:36.047099 <... ioctl resumed>, 0xffffffffec98) = 0 <0.000102>
19795 19:04:36.047144 ioctl(4, _IOC(_IOC_NONE, 0x75, 0x30, 0), 0xffffffffec98) = 0 <0.000078>
19795 19:04:36.047309 ioctl(4, _IOC(_IOC_NONE, 0x75, 0x30, 0), 0xffffffffec98) = 0 <0.000065>
19795 19:04:36.047430 ioctl(4, _IOC(_IOC_NONE, 0x75, 0x30, 0), 0xffffffffec98) = 0 <0.000071>
19795 19:04:36.047585 ioctl(4, _IOC(_IOC_NONE, 0x75, 0x30, 0), 0xffffffffec98) = 0 <0.000064>
19795 19:04:36.047705 ioctl(4, _IOC(_IOC_NONE, 0x75, 0x30, 0), 0xffffffffec98) = 0 <0.000076>
19795 19:04:36.047859 ioctl(4, _IOC(_IOC_NONE, 0x75, 0x30, 0), 0xffffffffec98) = 0 <0.000065>
19795 19:04:36.047979 ioctl(4, _IOC(_IOC_NONE, 0x75, 0x30, 0), 0xffffffffec98) = 0 <0.000072>
19795 19:04:36.048128 ioctl(4, _IOC(_IOC_NONE, 0x75, 0x30, 0), 0xffffffffec98) = 0 <0.000063>
19795 19:04:36.048245 ioctl(4, _IOC(_IOC_NONE, 0x75, 0x30, 0), 0xffffffffec98) = 0 <0.000075>
19795 19:04:36.048395 ioctl(4, _IOC(_IOC_NONE, 0x75, 0x30, 0), 0xffffffffec98) = 0 <0.000063>
19795 19:04:36.048512 ioctl(4, _IOC(_IOC_NONE, 0x75, 0x30, 0), 0xffffffffec98) = 0 <0.000073>
19795 19:04:36.048660 ioctl(4, _IOC(_IOC_NONE, 0x75, 0x30, 0), 0xffffffffec98) = 0 <0.000064>
19795 19:04:36.048778 ioctl(4, _IOC(_IOC_NONE, 0x75, 0x30, 0), 0xffffffffec98) = 0 <0.000074>
19795 19:04:36.049019 ioctl(4, _IOC(_IOC_NONE, 0x75, 0x30, 0), 0xffffffffec38) = 0 <0.000069>
19795 19:04:36.049151 ioctl(4, _IOC(_IOC_NONE, 0x75, 0x30, 0), 0xffffffffec38) = 0 <0.000071>
19795 19:04:36.049310 ioctl(4, _IOC(_IOC_NONE, 0x75, 0x30, 0), 0xffffffffec98) = 0 <0.000065>
19795 19:04:36.049431 ioctl(4, _IOC(_IOC_NONE, 0x75, 0x30, 0), 0xffffffffec98) = 0 <0.000071>
19795 19:04:36.049622 ioctl(4, _IOC(_IOC_NONE, 0x75, 0x30, 0), 0xffffffffec98) = 0 <0.000082>
19795 19:04:36.049789 ioctl(4, _IOC(_IOC_NONE, 0x75, 0x30, 0), 0xffffffffec98) = 0 <0.000075>
19795 19:04:36.049951 ioctl(4, _IOC(_IOC_NONE, 0x75, 0x30, 0), 0xffffffffec98) = 0 <0.000066>
19795 19:04:36.050073 ioctl(4, _IOC(_IOC_NONE, 0x75, 0x30, 0), 0xffffffffec98) = 0 <0.000072>
19795 19:04:36.050223 ioctl(4, _IOC(_IOC_NONE, 0x75, 0x30, 0), 0xffffffffec98) = 0 <0.000064>
19795 19:04:36.050342 ioctl(4, _IOC(_IOC_NONE, 0x75, 0x30, 0), 0xffffffffec98) = 0 <0.000075>
19795 19:04:36.050495 ioctl(4, _IOC(_IOC_NONE, 0x75, 0x30, 0), 0xffffffffec98) = 0 <0.000066>
19795 19:04:36.050617 ioctl(4, _IOC(_IOC_NONE, 0x75, 0x30, 0), 0xffffffffec98) = 0 <0.000072>
19795 19:04:36.050766 ioctl(4, _IOC(_IOC_NONE, 0x75, 0x30, 0), 0xffffffffec98) = 0 <0.000064>
19795 19:04:36.050886 ioctl(4, _IOC(_IOC_NONE, 0x75, 0x30, 0), 0xffffffffec98) = 0 <0.000075>
19795 19:04:36.051040 ioctl(4, _IOC(_IOC_NONE, 0x75, 0x30, 0), 0xffffffffec98) = 0 <0.000068>
19795 19:04:36.051169 ioctl(4, _IOC(_IOC_NONE, 0x75, 0x30, 0), 0xffffffffe938) = 0 <0.000048>
19795 19:04:36.051273 ioctl(4, _IOC(_IOC_NONE, 0x75, 0x30, 0), 0xffffffffe9a8) = 0 <0.000053>
19796 19:04:36.051366 <... ioctl resumed>, 0xfffff520e618) = 0 <0.004274>
19795 19:04:36.051394 ioctl(4, _IOC(_IOC_NONE, 0x75, 0x30, 0) <unfinished ...>
19796 19:04:36.051421 ioctl(4, _IOC(_IOC_NONE, 0x75, 0x30, 0) <unfinished ...>
19795 19:04:36.051492 <... ioctl resumed>, 0xffffffffec98) = 0 <0.000077>
19796 19:04:36.051522 <... ioctl resumed>, 0xfffff520e618) = 0 <0.000082>
19796 19:04:36.051567 ioctl(4, _IOC(_IOC_NONE, 0x75, 0x30, 0) <unfinished ...>
19795 19:04:36.051595 ioctl(4, _IOC(_IOC_NONE, 0x75, 0x30, 0), 0xffffffffec98) = 0 <0.000956>
19796 19:04:36.052606 <... ioctl resumed>, 0xfffff520e608) = 0 <0.001017>
19795 19:04:36.052683 ioctl(4, _IOC(_IOC_NONE, 0x75, 0x30, 0) <unfinished ...>
19796 19:04:36.052714 ioctl(4, _IOC(_IOC_NONE, 0x75, 0x30, 0) <unfinished ...>
19795 19:04:36.052793 <... ioctl resumed>, 0xffffffffec98) = 0 <0.000085>
19796 19:04:36.052823 <... ioctl resumed>, 0xfffff520e618) = 0 <0.000090>
19795 19:04:36.052894 ioctl(4, _IOC(_IOC_NONE, 0x75, 0x30, 0) <unfinished ...>
19796 19:04:36.052923 ioctl(4, _IOC(_IOC_NONE, 0x75, 0x30, 0) <unfinished ...>
19795 19:04:36.052989 <... ioctl resumed>, 0xffffffffec98) = 0 <0.000070>
19795 19:04:36.053036 ioctl(4, _IOC(_IOC_NONE, 0x75, 0x30, 0), 0xffffffffec98) = 0 <0.000077>
19795 19:04:36.053201 ioctl(4, _IOC(_IOC_NONE, 0x75, 0x30, 0), 0xffffffffec98) = 0 <0.000066>
19795 19:04:36.053321 ioctl(4, _IOC(_IOC_NONE, 0x75, 0x30, 0), 0xffffffffec98) = 0 <0.000073>
19795 19:04:36.053473 ioctl(4, _IOC(_IOC_NONE, 0x75, 0x30, 0), 0xffffffffec98) = 0 <0.000064>
19795 19:04:36.053635 ioctl(4, _IOC(_IOC_NONE, 0x75, 0x30, 0), 0xffffffffec98) = 0 <0.000083>
19795 19:04:36.053834 ioctl(4, _IOC(_IOC_NONE, 0x75, 0x30, 0), 0xffffffffec98) = 0 <0.000065>
19795 19:04:36.053956 ioctl(4, _IOC(_IOC_NONE, 0x75, 0x30, 0), 0xffffffffec98) = 0 <0.000078>
19795 19:04:36.054115 ioctl(4, _IOC(_IOC_NONE, 0x75, 0x30, 0), 0xffffffffec98) = 0 <0.000064>
19795 19:04:36.054235 ioctl(4, _IOC(_IOC_NONE, 0x75, 0x30, 0), 0xffffffffec98) = 0 <0.000072>
19795 19:04:36.054384 ioctl(4, _IOC(_IOC_NONE, 0x75, 0x30, 0), 0xffffffffec98) = 0 <0.000067>
19795 19:04:36.054506 ioctl(4, _IOC(_IOC_NONE, 0x75, 0x30, 0), 0xffffffffec98) = 0 <0.000077>
19795 19:04:36.054663 ioctl(4, _IOC(_IOC_NONE, 0x75, 0x30, 0), 0xffffffffec98) = 0 <0.000064>
19795 19:04:36.054780 ioctl(4, _IOC(_IOC_NONE, 0x75, 0x30, 0), 0xffffffffec98) = 0 <0.000073>
19795 19:04:36.055014 ioctl(4, _IOC(_IOC_NONE, 0x75, 0x30, 0), 0xffffffffec98) = 0 <0.000071>
19795 19:04:36.055142 ioctl(4, _IOC(_IOC_NONE, 0x75, 0x30, 0), 0xffffffffec98) = 0 <0.000071>
19795 19:04:36.055292 ioctl(4, _IOC(_IOC_NONE, 0x75, 0x30, 0), 0xffffffffec98) = 0 <0.000063>
19795 19:04:36.055410 ioctl(4, _IOC(_IOC_NONE, 0x75, 0x30, 0), 0xffffffffec98) = 0 <0.000075>
19795 19:04:36.055565 ioctl(4, _IOC(_IOC_NONE, 0x75, 0x30, 0), 0xffffffffec98) = 0 <0.000064>
19795 19:04:36.055683 ioctl(4, _IOC(_IOC_NONE, 0x75, 0x30, 0), 0xffffffffec98) = 0 <0.000072>
19795 19:04:36.055833 ioctl(4, _IOC(_IOC_NONE, 0x75, 0x30, 0), 0xffffffffec98) = 0 <0.000065>
19795 19:04:36.055954 ioctl(4, _IOC(_IOC_NONE, 0x75, 0x30, 0), 0xffffffffec98) = 0 <0.000073>
19795 19:04:36.056105 ioctl(4, _IOC(_IOC_NONE, 0x75, 0x30, 0), 0xffffffffec98) = 0 <0.000064>
19795 19:04:36.056226 ioctl(4, _IOC(_IOC_NONE, 0x75, 0x30, 0), 0xffffffffec98) = 0 <0.000071>
19795 19:04:36.056373 ioctl(4, _IOC(_IOC_NONE, 0x75, 0x30, 0), 0xffffffffec98) = 0 <0.000063>
19795 19:04:36.056490 ioctl(4, _IOC(_IOC_NONE, 0x75, 0x30, 0), 0xffffffffec98) = 0 <0.000076>
19795 19:04:36.056640 ioctl(4, _IOC(_IOC_NONE, 0x75, 0x30, 0), 0xffffffffec98) = 0 <0.000061>
19795 19:04:36.056753 ioctl(4, _IOC(_IOC_NONE, 0x75, 0x30, 0), 0xffffffffec98) = 0 <0.000070>
19795 19:04:36.056900 ioctl(4, _IOC(_IOC_NONE, 0x75, 0x30, 0), 0xffffffffec98) = 0 <0.000062>
19795 19:04:36.057022 ioctl(4, _IOC(_IOC_NONE, 0x75, 0x30, 0), 0xffffffffe938) = 0 <0.000051>
19795 19:04:36.057129 ioctl(4, _IOC(_IOC_NONE, 0x75, 0x30, 0), 0xffffffffe9a8) = 0 <0.000053>
19796 19:04:36.057221 <... ioctl resumed>, 0xfffff520e618) = 0 <0.004278>
19795 19:04:36.057249 ioctl(4, _IOC(_IOC_NONE, 0x75, 0x30, 0) <unfinished ...>
19796 19:04:36.057275 ioctl(4, _IOC(_IOC_NONE, 0x75, 0x30, 0) <unfinished ...>
19795 19:04:36.057347 <... ioctl resumed>, 0xffffffffec98) = 0 <0.000078>
19796 19:04:36.057377 <... ioctl resumed>, 0xfffff520e618) = 0 <0.000083>
19796 19:04:36.057423 ioctl(4, _IOC(_IOC_NONE, 0x75, 0x30, 0) <unfinished ...>
19795 19:04:36.057450 ioctl(4, _IOC(_IOC_NONE, 0x75, 0x30, 0), 0xffffffffec98) = 0 <0.000224>
19795 19:04:36.057769 ioctl(4, _IOC(_IOC_NONE, 0x75, 0x30, 0), 0xffffffffec98) = 0 <0.000075>
19795 19:04:36.058624 ioctl(4, _IOC(_IOC_NONE, 0x75, 0x30, 0) <unfinished ...>
19796 19:04:36.058701 <... ioctl resumed>, 0xfffff520e608) = 0 <0.001256>
19795 19:04:36.058778 <... ioctl resumed>, 0xffffffffec98) = 0 <0.000085>
19796 19:04:36.058811 ioctl(4, _IOC(_IOC_NONE, 0x75, 0x30, 0) <unfinished ...>
19795 19:04:36.058839 ioctl(4, _IOC(_IOC_NONE, 0x75, 0x30, 0) <unfinished ...>
19796 19:04:36.058884 <... ioctl resumed>, 0xfffff520e618) = 0 <0.000051>
19795 19:04:36.058948 <... ioctl resumed>, 0xffffffffec98) = 0 <0.000089>
19796 19:04:36.058975 ioctl(4, _IOC(_IOC_NONE, 0x75, 0x30, 0) <unfinished ...>
19795 19:04:36.059031 ioctl(4, _IOC(_IOC_NONE, 0x75, 0x30, 0), 0xffffffffec98) = 0 <0.000066>
19795 19:04:36.059156 ioctl(4, _IOC(_IOC_NONE, 0x75, 0x30, 0), 0xffffffffec98) = 0 <0.000074>
19795 19:04:36.059313 ioctl(4, _IOC(_IOC_NONE, 0x75, 0x30, 0), 0xffffffffec98) = 0 <0.000064>
19795 19:04:36.059431 ioctl(4, _IOC(_IOC_NONE, 0x75, 0x30, 0), 0xffffffffec98) = 0 <0.000075>
19795 19:04:36.059677 ioctl(4, _IOC(_IOC_NONE, 0x75, 0x30, 0), 0xffffffffec38) = 0 <0.000071>
19795 19:04:36.059810 ioctl(4, _IOC(_IOC_NONE, 0x75, 0x30, 0), 0xffffffffec38) = 0 <0.000076>
19795 19:04:36.059972 ioctl(4, _IOC(_IOC_NONE, 0x75, 0x30, 0), 0xffffffffec98) = 0 <0.000065>
19795 19:04:36.060092 ioctl(4, _IOC(_IOC_NONE, 0x75, 0x30, 0), 0xffffffffec98) = 0 <0.000073>
19795 19:04:36.060240 ioctl(4, _IOC(_IOC_NONE, 0x75, 0x30, 0), 0xffffffffec98) = 0 <0.000065>
19795 19:04:36.060361 ioctl(4, _IOC(_IOC_NONE, 0x75, 0x30, 0), 0xffffffffec98) = 0 <0.000075>
19795 19:04:36.060515 ioctl(4, _IOC(_IOC_NONE, 0x75, 0x30, 0), 0xffffffffec98) = 0 <0.000063>
19795 19:04:36.060632 ioctl(4, _IOC(_IOC_NONE, 0x75, 0x30, 0), 0xffffffffec98) = 0 <0.000071>
19795 19:04:36.060777 ioctl(4, _IOC(_IOC_NONE, 0x75, 0x30, 0), 0xffffffffec98) = 0 <0.000062>
19795 19:04:36.060893 ioctl(4, _IOC(_IOC_NONE, 0x75, 0x30, 0), 0xffffffffec98) = 0 <0.000075>
19795 19:04:36.061048 ioctl(4, _IOC(_IOC_NONE, 0x75, 0x30, 0), 0xffffffffec98) = 0 <0.000067>
19795 19:04:36.061174 ioctl(4, _IOC(_IOC_NONE, 0x75, 0x30, 0), 0xffffffffec98) = 0 <0.000072>
19795 19:04:36.061326 ioctl(4, _IOC(_IOC_NONE, 0x75, 0x30, 0), 0xffffffffec98) = 0 <0.000063>
19795 19:04:36.061445 ioctl(4, _IOC(_IOC_NONE, 0x75, 0x30, 0), 0xffffffffec98) = 0 <0.000073>
19795 19:04:36.061635 ioctl(4, _IOC(_IOC_NONE, 0x75, 0x30, 0), 0xffffffffec98) = 0 <0.000073>
19795 19:04:36.061792 ioctl(4, _IOC(_IOC_NONE, 0x75, 0x30, 0), 0xffffffffec98) = 0 <0.000073>
19795 19:04:36.061946 ioctl(4, _IOC(_IOC_NONE, 0x75, 0x30, 0), 0xffffffffec98) = 0 <0.000065>
19795 19:04:36.062065 ioctl(4, _IOC(_IOC_NONE, 0x75, 0x30, 0), 0xffffffffec98) = 0 <0.000075>
19795 19:04:36.062216 ioctl(4, _IOC(_IOC_NONE, 0x75, 0x30, 0), 0xffffffffec98) = 0 <0.000061>
19795 19:04:36.062332 ioctl(4, _IOC(_IOC_NONE, 0x75, 0x30, 0), 0xffffffffec98) = 0 <0.000070>
19795 19:04:36.062481 ioctl(4, _IOC(_IOC_NONE, 0x75, 0x30, 0), 0xffffffffec98) = 0 <0.000063>
19795 19:04:36.062599 ioctl(4, _IOC(_IOC_NONE, 0x75, 0x30, 0), 0xffffffffec98) = 0 <0.000075>
19795 19:04:36.062750 ioctl(4, _IOC(_IOC_NONE, 0x75, 0x30, 0), 0xffffffffec98) = 0 <0.000063>
19795 19:04:36.062876 ioctl(4, _IOC(_IOC_NONE, 0x75, 0x30, 0), 0xffffffffe938) = 0 <0.000050>
19795 19:04:36.062982 ioctl(4, _IOC(_IOC_NONE, 0x75, 0x30, 0), 0xffffffffe9a8) = 0 <0.000054>
19796 19:04:36.063076 <... ioctl resumed>, 0xfffff520e618) = 0 <0.004080>
19795 19:04:36.063104 ioctl(4, _IOC(_IOC_NONE, 0x75, 0x30, 0) <unfinished ...>
19796 19:04:36.063130 ioctl(4, _IOC(_IOC_NONE, 0x75, 0x30, 0) <unfinished ...>
19795 19:04:36.063198 <... ioctl resumed>, 0xffffffffec98) = 0 <0.000073>
19796 19:04:36.063231 <... ioctl resumed>, 0xfffff520e618) = 0 <0.000082>
19795 19:04:36.063276 ioctl(4, _IOC(_IOC_NONE, 0x75, 0x30, 0) <unfinished ...>
19796 19:04:36.063305 ioctl(4, _IOC(_IOC_NONE, 0x75, 0x30, 0) <unfinished ...>
19795 19:04:36.063363 <... ioctl resumed>, 0xffffffffec98) = 0 <0.000065>
19795 19:04:36.064319 ioctl(4, _IOC(_IOC_NONE, 0x75, 0x30, 0) <unfinished ...>
19796 19:04:36.064369 <... ioctl resumed>, 0xfffff520e608) = 0 <0.001043>
19795 19:04:36.064462 <... ioctl resumed>, 0xffffffffec98) = 0 <0.000100>
19796 19:04:36.064525 ioctl(4, _IOC(_IOC_NONE, 0x75, 0x30, 0) <unfinished ...>
19795 19:04:36.064588 ioctl(4, _IOC(_IOC_NONE, 0x75, 0x30, 0) <unfinished ...>
19796 19:04:36.064631 <... ioctl resumed>, 0xfffff520e618) = 0 <0.000083>
19796 19:04:36.064680 ioctl(4, _IOC(_IOC_NONE, 0x75, 0x30, 0) <unfinished ...>
19795 19:04:36.064709 <... ioctl resumed>, 0xffffffffec98) = 0 <0.000097>
19795 19:04:36.064752 ioctl(4, _IOC(_IOC_NONE, 0x75, 0x30, 0), 0xffffffffec98) = 0 <0.000076>
19795 19:04:36.064910 ioctl(4, _IOC(_IOC_NONE, 0x75, 0x30, 0), 0xffffffffec98) = 0 <0.000066>
19795 19:04:36.065031 ioctl(4, _IOC(_IOC_NONE, 0x75, 0x30, 0), 0xffffffffec98) = 0 <0.000074>
19795 19:04:36.065184 ioctl(4, _IOC(_IOC_NONE, 0x75, 0x30, 0), 0xffffffffec98) = 0 <0.000065>
19795 19:04:36.065304 ioctl(4, _IOC(_IOC_NONE, 0x75, 0x30, 0), 0xffffffffec98) = 0 <0.000072>
19795 19:04:36.065543 ioctl(4, _IOC(_IOC_NONE, 0x75, 0x30, 0), 0xffffffffec98) = 0 <0.000088>
19795 19:04:36.065745 ioctl(4, _IOC(_IOC_NONE, 0x75, 0x30, 0), 0xffffffffec98) = 0 <0.000078>
19795 19:04:36.065918 ioctl(4, _IOC(_IOC_NONE, 0x75, 0x30, 0), 0xffffffffec98) = 0 <0.000065>
19795 19:04:36.066040 ioctl(4, _IOC(_IOC_NONE, 0x75, 0x30, 0), 0xffffffffec98) = 0 <0.000075>
19795 19:04:36.066193 ioctl(4, _IOC(_IOC_NONE, 0x75, 0x30, 0), 0xffffffffec98) = 0 <0.000063>
19795 19:04:36.066312 ioctl(4, _IOC(_IOC_NONE, 0x75, 0x30, 0), 0xffffffffec98) = 0 <0.000072>
19795 19:04:36.066460 ioctl(4, _IOC(_IOC_NONE, 0x75, 0x30, 0), 0xffffffffec98) = 0 <0.000067>
19795 19:04:36.066581 ioctl(4, _IOC(_IOC_NONE, 0x75, 0x30, 0), 0xffffffffec98) = 0 <0.000074>
19795 19:04:36.066730 ioctl(4, _IOC(_IOC_NONE, 0x75, 0x30, 0), 0xffffffffec98) = 0 <0.000064>
19795 19:04:36.066850 ioctl(4, _IOC(_IOC_NONE, 0x75, 0x30, 0), 0xffffffffec98) = 0 <0.000072>
19795 19:04:36.066999 ioctl(4, _IOC(_IOC_NONE, 0x75, 0x30, 0), 0xffffffffec98) = 0 <0.000064>
19795 19:04:36.067117 ioctl(4, _IOC(_IOC_NONE, 0x75, 0x30, 0), 0xffffffffec98) = 0 <0.000072>
19795 19:04:36.067264 ioctl(4, _IOC(_IOC_NONE, 0x75, 0x30, 0), 0xffffffffec98) = 0 <0.000063>
19795 19:04:36.067382 ioctl(4, _IOC(_IOC_NONE, 0x75, 0x30, 0), 0xffffffffec98) = 0 <0.000072>
19795 19:04:36.067527 ioctl(4, _IOC(_IOC_NONE, 0x75, 0x30, 0), 0xffffffffec98) = 0 <0.000064>
19795 19:04:36.067646 ioctl(4, _IOC(_IOC_NONE, 0x75, 0x30, 0), 0xffffffffec98) = 0 <0.000074>
19795 19:04:36.067794 ioctl(4, _IOC(_IOC_NONE, 0x75, 0x30, 0), 0xffffffffec98) = 0 <0.000063>
19795 19:04:36.067911 ioctl(4, _IOC(_IOC_NONE, 0x75, 0x30, 0), 0xffffffffec98) = 0 <0.000071>
19795 19:04:36.068056 ioctl(4, _IOC(_IOC_NONE, 0x75, 0x30, 0), 0xffffffffec98) = 0 <0.000068>
19795 19:04:36.068179 ioctl(4, _IOC(_IOC_NONE, 0x75, 0x30, 0), 0xffffffffec98) = 0 <0.000074>
19795 19:04:36.068327 ioctl(4, _IOC(_IOC_NONE, 0x75, 0x30, 0), 0xffffffffec98) = 0 <0.000065>
19795 19:04:36.068448 ioctl(4, _IOC(_IOC_NONE, 0x75, 0x30, 0), 0xffffffffec98) = 0 <0.000098>
19795 19:04:36.068625 ioctl(4, _IOC(_IOC_NONE, 0x75, 0x30, 0), 0xffffffffec98) = 0 <0.000064>
19795 19:04:36.068752 ioctl(4, _IOC(_IOC_NONE, 0x75, 0x30, 0), 0xffffffffe938) = 0 <0.000047>
19795 19:04:36.068855 ioctl(4, _IOC(_IOC_NONE, 0x75, 0x30, 0), 0xffffffffe9a8) = 0 <0.000052>
19796 19:04:36.068947 <... ioctl resumed>, 0xfffff520e618) = 0 <0.004245>
19795 19:04:36.068974 ioctl(4, _IOC(_IOC_NONE, 0x75, 0x30, 0) <unfinished ...>
19796 19:04:36.069001 ioctl(4, _IOC(_IOC_NONE, 0x75, 0x30, 0) <unfinished ...>
19795 19:04:36.069072 <... ioctl resumed>, 0xffffffffec98) = 0 <0.000077>
19796 19:04:36.069102 <... ioctl resumed>, 0xfffff520e618) = 0 <0.000083>
19796 19:04:36.069147 ioctl(4, _IOC(_IOC_NONE, 0x75, 0x30, 0), 0xfffff520e608) = 0 <0.000455>
19795 19:04:36.069736 ioctl(4, _IOC(_IOC_NONE, 0x75, 0x30, 0), 0xffffffffec38) = 0 <0.000077>
19795 19:04:36.069899 ioctl(4, _IOC(_IOC_NONE, 0x75, 0x30, 0), 0xffffffffec38) = 0 <0.000074>
19795 19:04:36.070082 ioctl(4, _IOC(_IOC_NONE, 0x75, 0x30, 0), 0xffffffffec98) = 0 <0.000080>
19796 19:04:36.070216 ioctl(4, _IOC(_IOC_NONE, 0x75, 0x30, 0) <unfinished ...>
19795 19:04:36.070291 ioctl(4, _IOC(_IOC_NONE, 0x75, 0x30, 0) <unfinished ...>
19796 19:04:36.070351 <... ioctl resumed>, 0xfffff520e618) = 0 <0.000110>
19795 19:04:36.070474 <... ioctl resumed>, 0xffffffffec98) = 0 <0.000128>
19796 19:04:36.070506 ioctl(4, _IOC(_IOC_NONE, 0x75, 0x30, 0) <unfinished ...>
19795 19:04:36.070569 ioctl(4, _IOC(_IOC_NONE, 0x75, 0x30, 0), 0xffffffffec98) = 0 <0.000069>
19795 19:04:36.070696 ioctl(4, _IOC(_IOC_NONE, 0x75, 0x30, 0), 0xffffffffec98) = 0 <0.000076>
19795 19:04:36.070853 ioctl(4, _IOC(_IOC_NONE, 0x75, 0x30, 0), 0xffffffffec98) = 0 <0.000065>
19795 19:04:36.070972 ioctl(4, _IOC(_IOC_NONE, 0x75, 0x30, 0), 0xffffffffec98) = 0 <0.000072>
19795 19:04:36.071120 ioctl(4, _IOC(_IOC_NONE, 0x75, 0x30, 0), 0xffffffffec98) = 0 <0.000067>
19795 19:04:36.071245 ioctl(4, _IOC(_IOC_NONE, 0x75, 0x30, 0), 0xffffffffec98) = 0 <0.000077>
19795 19:04:36.071401 ioctl(4, _IOC(_IOC_NONE, 0x75, 0x30, 0), 0xffffffffec98) = 0 <0.000063>
19795 19:04:36.071519 ioctl(4, _IOC(_IOC_NONE, 0x75, 0x30, 0), 0xffffffffec98) = 0 <0.000073>
19795 19:04:36.071667 ioctl(4, _IOC(_IOC_NONE, 0x75, 0x30, 0), 0xffffffffec98) = 0 <0.000063>
19795 19:04:36.071785 ioctl(4, _IOC(_IOC_NONE, 0x75, 0x30, 0), 0xffffffffec98) = 0 <0.000073>
19795 19:04:36.071931 ioctl(4, _IOC(_IOC_NONE, 0x75, 0x30, 0), 0xffffffffec98) = 0 <0.000063>
19795 19:04:36.072048 ioctl(4, _IOC(_IOC_NONE, 0x75, 0x30, 0), 0xffffffffec98) = 0 <0.000073>
19795 19:04:36.072194 ioctl(4, _IOC(_IOC_NONE, 0x75, 0x30, 0), 0xffffffffec98) = 0 <0.000064>
19795 19:04:36.072312 ioctl(4, _IOC(_IOC_NONE, 0x75, 0x30, 0), 0xffffffffec98) = 0 <0.000076>
19795 19:04:36.072460 ioctl(4, _IOC(_IOC_NONE, 0x75, 0x30, 0), 0xffffffffec98) = 0 <0.000063>
19795 19:04:36.072578 ioctl(4, _IOC(_IOC_NONE, 0x75, 0x30, 0), 0xffffffffec98) = 0 <0.000071>
19795 19:04:36.072721 ioctl(4, _IOC(_IOC_NONE, 0x75, 0x30, 0), 0xffffffffec98) = 0 <0.000063>
19795 19:04:36.072840 ioctl(4, _IOC(_IOC_NONE, 0x75, 0x30, 0), 0xffffffffec98) = 0 <0.000075>
19795 19:04:36.072988 ioctl(4, _IOC(_IOC_NONE, 0x75, 0x30, 0), 0xffffffffec98) = 0 <0.000063>
19795 19:04:36.073106 ioctl(4, _IOC(_IOC_NONE, 0x75, 0x30, 0), 0xffffffffec98) = 0 <0.000072>
19795 19:04:36.073251 ioctl(4, _IOC(_IOC_NONE, 0x75, 0x30, 0), 0xffffffffec98) = 0 <0.000063>
19795 19:04:36.073368 ioctl(4, _IOC(_IOC_NONE, 0x75, 0x30, 0), 0xffffffffec98) = 0 <0.000075>
19795 19:04:36.073517 ioctl(4, _IOC(_IOC_NONE, 0x75, 0x30, 0), 0xffffffffec98) = 0 <0.000095>
19795 19:04:36.073692 ioctl(4, _IOC(_IOC_NONE, 0x75, 0x30, 0), 0xffffffffec98) = 0 <0.000075>
19795 19:04:36.073854 ioctl(4, _IOC(_IOC_NONE, 0x75, 0x30, 0), 0xffffffffec98) = 0 <0.000064>
19795 19:04:36.073973 ioctl(4, _IOC(_IOC_NONE, 0x75, 0x30, 0), 0xffffffffec98) = 0 <0.000073>
19795 19:04:36.074122 ioctl(4, _IOC(_IOC_NONE, 0x75, 0x30, 0), 0xffffffffec98) = 0 <0.000063>
19795 19:04:36.074247 ioctl(4, _IOC(_IOC_NONE, 0x75, 0x30, 0), 0xffffffffe938) = 0 <0.000048>
19795 19:04:36.074350 ioctl(4, _IOC(_IOC_NONE, 0x75, 0x30, 0), 0xffffffffe9a8) = 0 <0.000053>
19796 19:04:36.074444 <... ioctl resumed>, 0xfffff520e618) = 0 <0.003914>
19795 19:04:36.074472 ioctl(4, _IOC(_IOC_NONE, 0x75, 0x30, 0) <unfinished ...>
19796 19:04:36.074499 ioctl(4, _IOC(_IOC_NONE, 0x75, 0x30, 0) <unfinished ...>
19795 19:04:36.074566 <... ioctl resumed>, 0xffffffffec98) = 0 <0.000073>
19796 19:04:36.074597 <... ioctl resumed>, 0xfffff520e618) = 0 <0.000079>
19796 19:04:36.074642 ioctl(4, _IOC(_IOC_NONE, 0x75, 0x30, 0) <unfinished ...>
19795 19:04:36.075643 ioctl(4, _IOC(_IOC_NONE, 0x75, 0x30, 0) <unfinished ...>
19796 19:04:36.075691 <... ioctl resumed>, 0xfffff520e608) = 0 <0.001026>
19795 19:04:36.075771 <... ioctl resumed>, 0xffffffffec98) = 0 <0.000089>
19796 19:04:36.075802 ioctl(4, _IOC(_IOC_NONE, 0x75, 0x30, 0) <unfinished ...>
19795 19:04:36.075829 ioctl(4, _IOC(_IOC_NONE, 0x75, 0x30, 0) <unfinished ...>
19796 19:04:36.075874 <... ioctl resumed>, 0xfffff520e618) = 0 <0.000051>
19795 19:04:36.075934 <... ioctl resumed>, 0xffffffffec98) = 0 <0.000085>
19796 19:04:36.075961 ioctl(4, _IOC(_IOC_NONE, 0x75, 0x30, 0) <unfinished ...>
19795 19:04:36.076016 ioctl(4, _IOC(_IOC_NONE, 0x75, 0x30, 0), 0xffffffffec98) = 0 <0.000065>
19795 19:04:36.076167 ioctl(4, _IOC(_IOC_NONE, 0x75, 0x30, 0), 0xffffffffec98) = 0 <0.000075>
19795 19:04:36.076324 ioctl(4, _IOC(_IOC_NONE, 0x75, 0x30, 0), 0xffffffffec98) = 0 <0.000062>
19795 19:04:36.076440 ioctl(4, _IOC(_IOC_NONE, 0x75, 0x30, 0), 0xffffffffec98) = 0 <0.000071>
19795 19:04:36.076583 ioctl(4, _IOC(_IOC_NONE, 0x75, 0x30, 0), 0xffffffffec98) = 0 <0.000062>
19795 19:04:36.076698 ioctl(4, _IOC(_IOC_NONE, 0x75, 0x30, 0), 0xffffffffec98) = 0 <0.000073>
19795 19:04:36.076844 ioctl(4, _IOC(_IOC_NONE, 0x75, 0x30, 0), 0xffffffffec98) = 0 <0.000063>
19795 19:04:36.076960 ioctl(4, _IOC(_IOC_NONE, 0x75, 0x30, 0), 0xffffffffec98) = 0 <0.000072>
19795 19:04:36.077104 ioctl(4, _IOC(_IOC_NONE, 0x75, 0x30, 0), 0xffffffffec98) = 0 <0.000063>
19795 19:04:36.077223 ioctl(4, _IOC(_IOC_NONE, 0x75, 0x30, 0), 0xffffffffec98) = 0 <0.000073>
19795 19:04:36.077371 ioctl(4, _IOC(_IOC_NONE, 0x75, 0x30, 0), 0xffffffffec98) = 0 <0.000064>
19795 19:04:36.077490 ioctl(4, _IOC(_IOC_NONE, 0x75, 0x30, 0), 0xffffffffec98) = 0 <0.000117>
19795 19:04:36.077733 ioctl(4, _IOC(_IOC_NONE, 0x75, 0x30, 0), 0xffffffffec98) = 0 <0.000075>
19795 19:04:36.077873 ioctl(4, _IOC(_IOC_NONE, 0x75, 0x30, 0), 0xffffffffec98) = 0 <0.000076>
19795 19:04:36.078030 ioctl(4, _IOC(_IOC_NONE, 0x75, 0x30, 0), 0xffffffffec98) = 0 <0.000066>
19795 19:04:36.078152 ioctl(4, _IOC(_IOC_NONE, 0x75, 0x30, 0), 0xffffffffec98) = 0 <0.000071>
19795 19:04:36.078300 ioctl(4, _IOC(_IOC_NONE, 0x75, 0x30, 0), 0xffffffffec98) = 0 <0.000065>
19795 19:04:36.078421 ioctl(4, _IOC(_IOC_NONE, 0x75, 0x30, 0), 0xffffffffec98) = 0 <0.000074>
19795 19:04:36.078569 ioctl(4, _IOC(_IOC_NONE, 0x75, 0x30, 0), 0xffffffffec98) = 0 <0.000063>
19795 19:04:36.078686 ioctl(4, _IOC(_IOC_NONE, 0x75, 0x30, 0), 0xffffffffec98) = 0 <0.000071>
19795 19:04:36.078833 ioctl(4, _IOC(_IOC_NONE, 0x75, 0x30, 0), 0xffffffffec98) = 0 <0.000064>
19795 19:04:36.078953 ioctl(4, _IOC(_IOC_NONE, 0x75, 0x30, 0), 0xffffffffec98) = 0 <0.000075>
19795 19:04:36.079194 ioctl(4, _IOC(_IOC_NONE, 0x75, 0x30, 0), 0xffffffffec38) = 0 <0.000069>
19795 19:04:36.079324 ioctl(4, _IOC(_IOC_NONE, 0x75, 0x30, 0), 0xffffffffec38) = 0 <0.000102>
19795 19:04:36.079516 ioctl(4, _IOC(_IOC_NONE, 0x75, 0x30, 0), 0xffffffffec98) = 0 <0.000067>
19795 19:04:36.079639 ioctl(4, _IOC(_IOC_NONE, 0x75, 0x30, 0), 0xffffffffec98) = 0 <0.000072>
19795 19:04:36.079785 ioctl(4, _IOC(_IOC_NONE, 0x75, 0x30, 0), 0xffffffffec98) = 0 <0.000065>
19795 19:04:36.079905 ioctl(4, _IOC(_IOC_NONE, 0x75, 0x30, 0), 0xffffffffec98) = 0 <0.000075>
19795 19:04:36.080053 ioctl(4, _IOC(_IOC_NONE, 0x75, 0x30, 0), 0xffffffffec98) = 0 <0.000064>
19795 19:04:36.080177 ioctl(4, _IOC(_IOC_NONE, 0x75, 0x30, 0), 0xffffffffe938) = 0 <0.000051>
19795 19:04:36.080283 ioctl(4, _IOC(_IOC_NONE, 0x75, 0x30, 0), 0xffffffffe9a8) = 0 <0.000053>
19796 19:04:36.080377 <... ioctl resumed>, 0xfffff520e618) = 0 <0.004396>
19795 19:04:36.080405 ioctl(4, _IOC(_IOC_NONE, 0x75, 0x30, 0) <unfinished ...>
19796 19:04:36.080430 ioctl(4, _IOC(_IOC_NONE, 0x75, 0x30, 0) <unfinished ...>
19795 19:04:36.080499 <... ioctl resumed>, 0xffffffffec98) = 0 <0.000074>
19796 19:04:36.080529 <... ioctl resumed>, 0xfffff520e618) = 0 <0.000079>
19796 19:04:36.080574 ioctl(4, _IOC(_IOC_NONE, 0x75, 0x30, 0) <unfinished ...>
19795 19:04:36.080602 ioctl(4, _IOC(_IOC_NONE, 0x75, 0x30, 0), 0xffffffffec98) = 0 <0.000990>
19796 19:04:36.081675 <... ioctl resumed>, 0xfffff520e608) = 0 <0.001075>
19795 19:04:36.081717 ioctl(4, _IOC(_IOC_NONE, 0x75, 0x30, 0) <unfinished ...>
19796 19:04:36.081747 ioctl(4, _IOC(_IOC_NONE, 0x75, 0x30, 0) <unfinished ...>
19795 19:04:36.081831 <... ioctl resumed>, 0xffffffffec98) = 0 <0.000089>
19796 19:04:36.081864 <... ioctl resumed>, 0xfffff520e618) = 0 <0.000098>
19795 19:04:36.081928 ioctl(4, _IOC(_IOC_NONE, 0x75, 0x30, 0) <unfinished ...>
19796 19:04:36.081957 ioctl(4, _IOC(_IOC_NONE, 0x75, 0x30, 0) <unfinished ...>
19795 19:04:36.082022 <... ioctl resumed>, 0xffffffffec98) = 0 <0.000070>
19795 19:04:36.082066 ioctl(4, _IOC(_IOC_NONE, 0x75, 0x30, 0), 0xffffffffec98) = 0 <0.000078>
19795 19:04:36.082254 ioctl(4, _IOC(_IOC_NONE, 0x75, 0x30, 0), 0xffffffffec98) = 0 <0.000065>
19795 19:04:36.082375 ioctl(4, _IOC(_IOC_NONE, 0x75, 0x30, 0), 0xffffffffec98) = 0 <0.000076>
19795 19:04:36.082526 ioctl(4, _IOC(_IOC_NONE, 0x75, 0x30, 0), 0xffffffffec98) = 0 <0.000062>
19795 19:04:36.082643 ioctl(4, _IOC(_IOC_NONE, 0x75, 0x30, 0), 0xffffffffec98) = 0 <0.000075>
19795 19:04:36.082791 ioctl(4, _IOC(_IOC_NONE, 0x75, 0x30, 0), 0xffffffffec98) = 0 <0.000063>
19795 19:04:36.082910 ioctl(4, _IOC(_IOC_NONE, 0x75, 0x30, 0), 0xffffffffec98) = 0 <0.000073>
19795 19:04:36.083057 ioctl(4, _IOC(_IOC_NONE, 0x75, 0x30, 0), 0xffffffffec98) = 0 <0.000062>
19795 19:04:36.083174 ioctl(4, _IOC(_IOC_NONE, 0x75, 0x30, 0), 0xffffffffec98) = 0 <0.000072>
19795 19:04:36.083316 ioctl(4, _IOC(_IOC_NONE, 0x75, 0x30, 0), 0xffffffffec98) = 0 <0.000064>
19795 19:04:36.083435 ioctl(4, _IOC(_IOC_NONE, 0x75, 0x30, 0), 0xffffffffec98) = 0 <0.000072>
19795 19:04:36.083580 ioctl(4, _IOC(_IOC_NONE, 0x75, 0x30, 0), 0xffffffffec98) = 0 <0.000063>
19795 19:04:36.083699 ioctl(4, _IOC(_IOC_NONE, 0x75, 0x30, 0), 0xffffffffec98) = 0 <0.000074>
19795 19:04:36.083845 ioctl(4, _IOC(_IOC_NONE, 0x75, 0x30, 0), 0xffffffffec98) = 0 <0.000064>
19795 19:04:36.083964 ioctl(4, _IOC(_IOC_NONE, 0x75, 0x30, 0), 0xffffffffec98) = 0 <0.000074>
19795 19:04:36.084110 ioctl(4, _IOC(_IOC_NONE, 0x75, 0x30, 0), 0xffffffffec98) = 0 <0.000063>
19795 19:04:36.084229 ioctl(4, _IOC(_IOC_NONE, 0x75, 0x30, 0), 0xffffffffec98) = 0 <0.000071>
19795 19:04:36.084371 ioctl(4, _IOC(_IOC_NONE, 0x75, 0x30, 0), 0xffffffffec98) = 0 <0.000063>
19795 19:04:36.084488 ioctl(4, _IOC(_IOC_NONE, 0x75, 0x30, 0), 0xffffffffec98) = 0 <0.000073>
19795 19:04:36.084633 ioctl(4, _IOC(_IOC_NONE, 0x75, 0x30, 0), 0xffffffffec98) = 0 <0.000064>
19795 19:04:36.084753 ioctl(4, _IOC(_IOC_NONE, 0x75, 0x30, 0), 0xffffffffec98) = 0 <0.000071>
19795 19:04:36.084985 ioctl(4, _IOC(_IOC_NONE, 0x75, 0x30, 0), 0xffffffffec98) = 0 <0.000068>
19795 19:04:36.085113 ioctl(4, _IOC(_IOC_NONE, 0x75, 0x30, 0), 0xffffffffec98) = 0 <0.000072>
19795 19:04:36.085264 ioctl(4, _IOC(_IOC_NONE, 0x75, 0x30, 0), 0xffffffffec98) = 0 <0.000065>
19795 19:04:36.085382 ioctl(4, _IOC(_IOC_NONE, 0x75, 0x30, 0), 0xffffffffec98) = 0 <0.000073>
19795 19:04:36.085529 ioctl(4, _IOC(_IOC_NONE, 0x75, 0x30, 0), 0xffffffffec98) = 0 <0.000090>
19795 19:04:36.085699 ioctl(4, _IOC(_IOC_NONE, 0x75, 0x30, 0), 0xffffffffec98) = 0 <0.000073>
19795 19:04:36.085856 ioctl(4, _IOC(_IOC_NONE, 0x75, 0x30, 0), 0xffffffffec98) = 0 <0.000063>
19795 19:04:36.085980 ioctl(4, _IOC(_IOC_NONE, 0x75, 0x30, 0), 0xffffffffe938) = 0 <0.000048>
19795 19:04:36.086084 ioctl(4, _IOC(_IOC_NONE, 0x75, 0x30, 0), 0xffffffffe9a8) = 0 <0.000051>
19796 19:04:36.086175 <... ioctl resumed>, 0xfffff520e618) = 0 <0.004198>
19795 19:04:36.086203 ioctl(4, _IOC(_IOC_NONE, 0x75, 0x30, 0) <unfinished ...>
19796 19:04:36.086229 ioctl(4, _IOC(_IOC_NONE, 0x75, 0x30, 0) <unfinished ...>
19795 19:04:36.086300 <... ioctl resumed>, 0xffffffffec98) = 0 <0.000077>
19796 19:04:36.086330 <... ioctl resumed>, 0xfffff520e618) = 0 <0.000082>
19796 19:04:36.086374 ioctl(4, _IOC(_IOC_NONE, 0x75, 0x30, 0) <unfinished ...>
19795 19:04:36.086402 ioctl(4, _IOC(_IOC_NONE, 0x75, 0x30, 0), 0xffffffffec98) = 0 <0.001013>
19796 19:04:36.087473 <... ioctl resumed>, 0xfffff520e608) = 0 <0.001077>
19795 19:04:36.087515 ioctl(4, _IOC(_IOC_NONE, 0x75, 0x30, 0) <unfinished ...>
19796 19:04:36.087546 ioctl(4, _IOC(_IOC_NONE, 0x75, 0x30, 0) <unfinished ...>
19795 19:04:36.087623 <... ioctl resumed>, 0xffffffffec98) = 0 <0.000083>
19796 19:04:36.087654 <... ioctl resumed>, 0xfffff520e618) = 0 <0.000088>
19795 19:04:36.087714 ioctl(4, _IOC(_IOC_NONE, 0x75, 0x30, 0) <unfinished ...>
19796 19:04:36.087740 ioctl(4, _IOC(_IOC_NONE, 0x75, 0x30, 0) <unfinished ...>
19795 19:04:36.087804 <... ioctl resumed>, 0xffffffffec98) = 0 <0.000066>
19795 19:04:36.087850 ioctl(4, _IOC(_IOC_NONE, 0x75, 0x30, 0), 0xffffffffec98) = 0 <0.000199>
19795 19:04:36.088161 ioctl(4, _IOC(_IOC_NONE, 0x75, 0x30, 0), 0xffffffffec98) = 0 <0.000079>
19795 19:04:36.088350 ioctl(4, _IOC(_IOC_NONE, 0x75, 0x30, 0), 0xffffffffec98) = 0 <0.000073>
19795 19:04:36.088509 ioctl(4, _IOC(_IOC_NONE, 0x75, 0x30, 0), 0xffffffffec98) = 0 <0.000063>
19795 19:04:36.089691 ioctl(4, _IOC(_IOC_NONE, 0x75, 0x30, 0), 0xffffffffec98) = 0 <0.000115>
19795 19:04:36.089988 ioctl(4, _IOC(_IOC_NONE, 0x75, 0x30, 0), 0xffffffffec98) = 0 <0.000073>
19795 19:04:36.090135 ioctl(4, _IOC(_IOC_NONE, 0x75, 0x30, 0), 0xffffffffec98) = 0 <0.000075>
19795 19:04:36.090299 ioctl(4, _IOC(_IOC_NONE, 0x75, 0x30, 0), 0xffffffffec98) = 0 <0.000072>
19795 19:04:36.090428 ioctl(4, _IOC(_IOC_NONE, 0x75, 0x30, 0), 0xffffffffec98) = 0 <0.000083>
19795 19:04:36.090585 ioctl(4, _IOC(_IOC_NONE, 0x75, 0x30, 0), 0xffffffffec98) = 0 <0.000065>
19795 19:04:36.090706 ioctl(4, _IOC(_IOC_NONE, 0x75, 0x30, 0), 0xffffffffec98) = 0 <0.000080>
19795 19:04:36.090858 ioctl(4, _IOC(_IOC_NONE, 0x75, 0x30, 0), 0xffffffffec98) = 0 <0.000069>
19795 19:04:36.090983 ioctl(4, _IOC(_IOC_NONE, 0x75, 0x30, 0), 0xffffffffec98) = 0 <0.000078>
19795 19:04:36.091231 ioctl(4, _IOC(_IOC_NONE, 0x75, 0x30, 0), 0xffffffffec38) = 0 <0.000164>
19795 19:04:36.091474 ioctl(4, _IOC(_IOC_NONE, 0x75, 0x30, 0), 0xffffffffec38) = 0 <0.000082>
19795 19:04:36.091655 ioctl(4, _IOC(_IOC_NONE, 0x75, 0x30, 0), 0xffffffffec98) = 0 <0.000069>
19795 19:04:36.091782 ioctl(4, _IOC(_IOC_NONE, 0x75, 0x30, 0), 0xffffffffec98) = 0 <0.000078>
19795 19:04:36.091942 ioctl(4, _IOC(_IOC_NONE, 0x75, 0x30, 0), 0xffffffffec98) = 0 <0.000070>
19795 19:04:36.092071 ioctl(4, _IOC(_IOC_NONE, 0x75, 0x30, 0), 0xffffffffec98) = 0 <0.000077>
19795 19:04:36.092226 ioctl(4, _IOC(_IOC_NONE, 0x75, 0x30, 0), 0xffffffffec98) = 0 <0.000067>
19795 19:04:36.092352 ioctl(4, _IOC(_IOC_NONE, 0x75, 0x30, 0), 0xffffffffec98) = 0 <0.000079>
19795 19:04:36.092510 ioctl(4, _IOC(_IOC_NONE, 0x75, 0x30, 0), 0xffffffffec98) = 0 <0.000069>
19795 19:04:36.092637 ioctl(4, _IOC(_IOC_NONE, 0x75, 0x30, 0), 0xffffffffec98) = 0 <0.000079>
19795 19:04:36.092795 ioctl(4, _IOC(_IOC_NONE, 0x75, 0x30, 0), 0xffffffffec98) = 0 <0.000066>
19795 19:04:36.092919 ioctl(4, _IOC(_IOC_NONE, 0x75, 0x30, 0), 0xffffffffec98) = 0 <0.000075>
19795 19:04:36.093073 ioctl(4, _IOC(_IOC_NONE, 0x75, 0x30, 0), 0xffffffffec98) = 0 <0.000066>
19795 19:04:36.093197 ioctl(4, _IOC(_IOC_NONE, 0x75, 0x30, 0), 0xffffffffec98) = 0 <0.000079>
19795 19:04:36.093348 ioctl(4, _IOC(_IOC_NONE, 0x75, 0x30, 0), 0xffffffffec98) = 0 <0.000067>
19795 19:04:36.093480 ioctl(4, _IOC(_IOC_NONE, 0x75, 0x30, 0), 0xffffffffe938) = 0 <0.000055>
19795 19:04:36.093636 ioctl(4, _IOC(_IOC_NONE, 0x75, 0x30, 0), 0xffffffffe9a8) = 0 <0.000067>
19796 19:04:36.093773 <... ioctl resumed>, 0xfffff520e618) = 0 <0.006014>
19795 19:04:36.093826 ioctl(4, _IOC(_IOC_NONE, 0x75, 0x30, 0) <unfinished ...>
19796 19:04:36.093926 ioctl(4, _IOC(_IOC_NONE, 0x75, 0x30, 0) <unfinished ...>
19795 19:04:36.093957 <... ioctl resumed>, 0xffffffffec98) = 0 <0.000107>
19796 19:04:36.094004 <... ioctl resumed>, 0xfffff520e618) = 0 <0.000056>
19796 19:04:36.094052 ioctl(4, _IOC(_IOC_NONE, 0x75, 0x30, 0) <unfinished ...>
19795 19:04:36.094121 ioctl(4, _IOC(_IOC_NONE, 0x75, 0x30, 0), 0xffffffffec98) = 0 <0.000067>
19795 19:04:36.094243 ioctl(4, _IOC(_IOC_NONE, 0x75, 0x30, 0), 0xffffffffec98) = 0 <0.000078>
19795 19:04:36.094395 ioctl(4, _IOC(_IOC_NONE, 0x75, 0x30, 0) <unfinished ...>
19796 19:04:36.094467 <... ioctl resumed>, 0xfffff520e608) = 0 <0.000392>
19795 19:04:36.094528 <... ioctl resumed>, 0xffffffffec98) = 0 <0.000110>
19796 19:04:36.094568 ioctl(4, _IOC(_IOC_NONE, 0x75, 0x30, 0) <unfinished ...>
19795 19:04:36.094599 ioctl(4, _IOC(_IOC_NONE, 0x75, 0x30, 0), 0xffffffffec98) = 0 <0.000078>
19796 19:04:36.094712 <... ioctl resumed>, 0xfffff520e618) = 0 <0.000123>
19796 19:04:36.094763 ioctl(4, _IOC(_IOC_NONE, 0x75, 0x30, 0) <unfinished ...>
19795 19:04:36.094832 ioctl(4, _IOC(_IOC_NONE, 0x75, 0x30, 0), 0xffffffffec98) = 0 <0.000062>
19795 19:04:36.094950 ioctl(4, _IOC(_IOC_NONE, 0x75, 0x30, 0), 0xffffffffec98) = 0 <0.000075>
19795 19:04:36.095102 ioctl(4, _IOC(_IOC_NONE, 0x75, 0x30, 0), 0xffffffffec98) = 0 <0.000069>
19795 19:04:36.095277 ioctl(4, _IOC(_IOC_NONE, 0x75, 0x30, 0), 0xffffffffec98) = 0 <0.000075>
19795 19:04:36.095433 ioctl(4, _IOC(_IOC_NONE, 0x75, 0x30, 0), 0xffffffffec98) = 0 <0.000069>
19795 19:04:36.095558 ioctl(4, _IOC(_IOC_NONE, 0x75, 0x30, 0), 0xffffffffec98) = 0 <0.000080>
19795 19:04:36.095720 ioctl(4, _IOC(_IOC_NONE, 0x75, 0x30, 0), 0xffffffffec98) = 0 <0.000064>
19795 19:04:36.095844 ioctl(4, _IOC(_IOC_NONE, 0x75, 0x30, 0), 0xffffffffec98) = 0 <0.000076>
19795 19:04:36.095998 ioctl(4, _IOC(_IOC_NONE, 0x75, 0x30, 0), 0xffffffffec98) = 0 <0.000070>
19795 19:04:36.096127 ioctl(4, _IOC(_IOC_NONE, 0x75, 0x30, 0), 0xffffffffec98) = 0 <0.000079>
19795 19:04:36.096284 ioctl(4, _IOC(_IOC_NONE, 0x75, 0x30, 0), 0xffffffffec98) = 0 <0.000066>
19795 19:04:36.096409 ioctl(4, _IOC(_IOC_NONE, 0x75, 0x30, 0), 0xffffffffec98) = 0 <0.000075>
19795 19:04:36.096656 ioctl(4, _IOC(_IOC_NONE, 0x75, 0x30, 0), 0xffffffffec98) = 0 <0.000074>
19795 19:04:36.096797 ioctl(4, _IOC(_IOC_NONE, 0x75, 0x30, 0), 0xffffffffec98) = 0 <0.000078>
19795 19:04:36.096954 ioctl(4, _IOC(_IOC_NONE, 0x75, 0x30, 0), 0xffffffffec98) = 0 <0.000070>
19795 19:04:36.097085 ioctl(4, _IOC(_IOC_NONE, 0x75, 0x30, 0), 0xffffffffec98) = 0 <0.000078>
19795 19:04:36.097241 ioctl(4, _IOC(_IOC_NONE, 0x75, 0x30, 0), 0xffffffffec98) = 0 <0.000067>
19795 19:04:36.097367 ioctl(4, _IOC(_IOC_NONE, 0x75, 0x30, 0), 0xffffffffec98) = 0 <0.000075>
19795 19:04:36.097518 ioctl(4, _IOC(_IOC_NONE, 0x75, 0x30, 0), 0xffffffffec98) = 0 <0.000171>
19795 19:04:36.097790 ioctl(4, _IOC(_IOC_NONE, 0x75, 0x30, 0), 0xffffffffec98) = 0 <0.000084>
19795 19:04:36.097969 ioctl(4, _IOC(_IOC_NONE, 0x75, 0x30, 0), 0xffffffffec98) = 0 <0.000071>
19795 19:04:36.098102 ioctl(4, _IOC(_IOC_NONE, 0x75, 0x30, 0), 0xffffffffec98) = 0 <0.000076>
19795 19:04:36.098259 ioctl(4, _IOC(_IOC_NONE, 0x75, 0x30, 0), 0xffffffffec98) = 0 <0.000067>
19795 19:04:36.098386 ioctl(4, _IOC(_IOC_NONE, 0x75, 0x30, 0), 0xffffffffec98) = 0 <0.000079>
19795 19:04:36.098542 ioctl(4, _IOC(_IOC_NONE, 0x75, 0x30, 0), 0xffffffffec98) = 0 <0.000070>
19795 19:04:36.098671 ioctl(4, _IOC(_IOC_NONE, 0x75, 0x30, 0), 0xffffffffec98) = 0 <0.000076>
19795 19:04:36.098823 ioctl(4, _IOC(_IOC_NONE, 0x75, 0x30, 0), 0xffffffffec98) = 0 <0.000067>
19795 19:04:36.098955 ioctl(4, _IOC(_IOC_NONE, 0x75, 0x30, 0), 0xffffffffe938) = 0 <0.000051>
19795 19:04:36.099065 ioctl(4, _IOC(_IOC_NONE, 0x75, 0x30, 0), 0xffffffffe9a8) = 0 <0.000064>
19796 19:04:36.099171 <... ioctl resumed>, 0xfffff520e618) = 0 <0.004385>
19795 19:04:36.099222 ioctl(4, _IOC(_IOC_NONE, 0x75, 0x30, 0) <unfinished ...>
19796 19:04:36.099249 ioctl(4, _IOC(_IOC_NONE, 0x75, 0x30, 0) <unfinished ...>
19795 19:04:36.099352 <... ioctl resumed>, 0xffffffffec98) = 0 <0.000107>
19796 19:04:36.099380 <... ioctl resumed>, 0xfffff520e618) = 0 <0.000111>
19795 19:04:36.099454 ioctl(4, _IOC(_IOC_NONE, 0x75, 0x30, 0) <unfinished ...>
19796 19:04:36.099541 ioctl(4, _IOC(_IOC_NONE, 0x75, 0x30, 0) <unfinished ...>
19795 19:04:36.099574 <... ioctl resumed>, 0xffffffffec98) = 0 <0.000095>
19795 19:04:36.099621 ioctl(4, _IOC(_IOC_NONE, 0x75, 0x30, 0), 0xffffffffec98) = 0 <0.000074>
19795 19:04:36.099775 ioctl(4, _IOC(_IOC_NONE, 0x75, 0x30, 0), 0xffffffffec98) = 0 <0.000065>
19795 19:04:36.099895 ioctl(4, _IOC(_IOC_NONE, 0x75, 0x30, 0) <unfinished ...>
19796 19:04:36.099986 <... ioctl resumed>, 0xfffff520e608) = 0 <0.000421>
19795 19:04:36.100074 <... ioctl resumed>, 0xffffffffec98) = 0 <0.000157>
19795 19:04:36.100143 ioctl(4, _IOC(_IOC_NONE, 0x75, 0x30, 0), 0xffffffffec98) = 0 <0.000065>
19795 19:04:36.100264 ioctl(4, _IOC(_IOC_NONE, 0x75, 0x30, 0), 0xffffffffec98) = 0 <0.000073>
19795 19:04:36.100404 ioctl(4, _IOC(_IOC_NONE, 0x75, 0x30, 0), 0xffffffffec98) = 0 <0.000063>
19795 19:04:36.100518 ioctl(4, _IOC(_IOC_NONE, 0x75, 0x30, 0), 0xffffffffec98) = 0 <0.000079>
19795 19:04:36.100772 ioctl(4, _IOC(_IOC_NONE, 0x75, 0x30, 0), 0xffffffffec38) = 0 <0.000077>
19795 19:04:36.100913 ioctl(4, _IOC(_IOC_NONE, 0x75, 0x30, 0), 0xffffffffec38) = 0 <0.000080>
19795 19:04:36.101082 ioctl(4, _IOC(_IOC_NONE, 0x75, 0x30, 0), 0xffffffffec98) = 0 <0.000072>
19795 19:04:36.101251 ioctl(4, _IOC(_IOC_NONE, 0x75, 0x30, 0), 0xffffffffec98) = 0 <0.000071>
19795 19:04:36.101401 ioctl(4, _IOC(_IOC_NONE, 0x75, 0x30, 0), 0xffffffffec98) = 0 <0.000177>
19796 19:04:36.101660 ioctl(4, _IOC(_IOC_NONE, 0x75, 0x30, 0) <unfinished ...>
19795 19:04:36.101728 ioctl(4, _IOC(_IOC_NONE, 0x75, 0x30, 0) <unfinished ...>
19796 19:04:36.101760 <... ioctl resumed>, 0xfffff520e618) = 0 <0.000065>
19795 19:04:36.101865 <... ioctl resumed>, 0xffffffffec98) = 0 <0.000112>
19796 19:04:36.101894 ioctl(4, _IOC(_IOC_NONE, 0x75, 0x30, 0) <unfinished ...>
19795 19:04:36.101975 ioctl(4, _IOC(_IOC_NONE, 0x75, 0x30, 0), 0xffffffffec98) = 0 <0.000073>
19795 19:04:36.102110 ioctl(4, _IOC(_IOC_NONE, 0x75, 0x30, 0), 0xffffffffec98) = 0 <0.000075>
19795 19:04:36.102267 ioctl(4, _IOC(_IOC_NONE, 0x75, 0x30, 0), 0xffffffffec98) = 0 <0.000068>
19795 19:04:36.102390 ioctl(4, _IOC(_IOC_NONE, 0x75, 0x30, 0), 0xffffffffec98) = 0 <0.000079>
19795 19:04:36.102547 ioctl(4, _IOC(_IOC_NONE, 0x75, 0x30, 0), 0xffffffffec98) = 0 <0.000067>
19795 19:04:36.102670 ioctl(4, _IOC(_IOC_NONE, 0x75, 0x30, 0), 0xffffffffec98) = 0 <0.000078>
19795 19:04:36.102826 ioctl(4, _IOC(_IOC_NONE, 0x75, 0x30, 0), 0xffffffffec98) = 0 <0.000069>
19795 19:04:36.102952 ioctl(4, _IOC(_IOC_NONE, 0x75, 0x30, 0), 0xffffffffec98) = 0 <0.000079>
19795 19:04:36.103107 ioctl(4, _IOC(_IOC_NONE, 0x75, 0x30, 0), 0xffffffffec98) = 0 <0.000068>
19795 19:04:36.103230 ioctl(4, _IOC(_IOC_NONE, 0x75, 0x30, 0), 0xffffffffec98) = 0 <0.000074>
19795 19:04:36.103381 ioctl(4, _IOC(_IOC_NONE, 0x75, 0x30, 0), 0xffffffffec98) = 0 <0.000066>
19795 19:04:36.103504 ioctl(4, _IOC(_IOC_NONE, 0x75, 0x30, 0), 0xffffffffec98) = 0 <0.000076>
19795 19:04:36.103660 ioctl(4, _IOC(_IOC_NONE, 0x75, 0x30, 0), 0xffffffffec98) = 0 <0.000073>
19795 19:04:36.103791 ioctl(4, _IOC(_IOC_NONE, 0x75, 0x30, 0), 0xffffffffec98) = 0 <0.000075>
19795 19:04:36.103941 ioctl(4, _IOC(_IOC_NONE, 0x75, 0x30, 0), 0xffffffffec98) = 0 <0.000066>
19795 19:04:36.104065 ioctl(4, _IOC(_IOC_NONE, 0x75, 0x30, 0), 0xffffffffec98) = 0 <0.000079>
19795 19:04:36.104222 ioctl(4, _IOC(_IOC_NONE, 0x75, 0x30, 0), 0xffffffffec98) = 0 <0.000067>
19795 19:04:36.104356 ioctl(4, _IOC(_IOC_NONE, 0x75, 0x30, 0), 0xffffffffe938) = 0 <0.000051>
19795 19:04:36.104467 ioctl(4, _IOC(_IOC_NONE, 0x75, 0x30, 0), 0xffffffffe9a8) = 0 <0.000053>
19796 19:04:36.104568 <... ioctl resumed>, 0xfffff520e618) = 0 <0.002649>
19795 19:04:36.104616 ioctl(4, _IOC(_IOC_NONE, 0x75, 0x30, 0) <unfinished ...>
19796 19:04:36.104710 ioctl(4, _IOC(_IOC_NONE, 0x75, 0x30, 0) <unfinished ...>
19795 19:04:36.104739 <... ioctl resumed>, 0xffffffffec98) = 0 <0.000102>
19796 19:04:36.104786 <... ioctl resumed>, 0xfffff520e618) = 0 <0.000054>
19795 19:04:36.104850 ioctl(4, _IOC(_IOC_NONE, 0x75, 0x30, 0) <unfinished ...>
19796 19:04:36.104879 ioctl(4, _IOC(_IOC_NONE, 0x75, 0x30, 0) <unfinished ...>
19795 19:04:36.104967 <... ioctl resumed>, 0xffffffffec98) = 0 <0.000093>
19795 19:04:36.105013 ioctl(4, _IOC(_IOC_NONE, 0x75, 0x30, 0), 0xffffffffec98) = 0 <0.000074>
19795 19:04:36.105165 ioctl(4, _IOC(_IOC_NONE, 0x75, 0x30, 0), 0xffffffffec98) = 0 <0.000068>
19795 19:04:36.105290 ioctl(4, _IOC(_IOC_NONE, 0x75, 0x30, 0) <unfinished ...>
19796 19:04:36.105321 <... ioctl resumed>, 0xfffff520e608) = 0 <0.000422>
19795 19:04:36.105425 <... ioctl resumed>, 0xffffffffec98) = 0 <0.000111>
19795 19:04:36.105500 ioctl(4, _IOC(_IOC_NONE, 0x75, 0x30, 0), 0xffffffffec98) = 0 <0.000097>
19795 19:04:36.105684 ioctl(4, _IOC(_IOC_NONE, 0x75, 0x30, 0), 0xffffffffec98) = 0 <0.000078>
19795 19:04:36.105848 ioctl(4, _IOC(_IOC_NONE, 0x75, 0x30, 0) <unfinished ...>
19796 19:04:36.105921 ioctl(4, _IOC(_IOC_NONE, 0x75, 0x30, 0) <unfinished ...>
19795 19:04:36.105993 <... ioctl resumed>, 0xffffffffec98) = 0 <0.000121>
19796 19:04:36.106036 <... ioctl resumed>, 0xfffff520e618) = 0 <0.000094>
19795 19:04:36.106062 ioctl(4, _IOC(_IOC_NONE, 0x75, 0x30, 0), 0xffffffffec98) = 0 <0.000071>
19796 19:04:36.106170 ioctl(4, _IOC(_IOC_NONE, 0x75, 0x30, 0) <unfinished ...>
19795 19:04:36.106393 ioctl(4, _IOC(_IOC_NONE, 0x75, 0x30, 0), 0xffffffffec98) = 0 <0.000075>
19795 19:04:36.106534 ioctl(4, _IOC(_IOC_NONE, 0x75, 0x30, 0), 0xffffffffec98) = 0 <0.000078>
19795 19:04:36.106697 ioctl(4, _IOC(_IOC_NONE, 0x75, 0x30, 0), 0xffffffffec98) = 0 <0.000066>
19795 19:04:36.106823 ioctl(4, _IOC(_IOC_NONE, 0x75, 0x30, 0), 0xffffffffec98) = 0 <0.000075>
19795 19:04:36.106976 ioctl(4, _IOC(_IOC_NONE, 0x75, 0x30, 0), 0xffffffffec98) = 0 <0.000067>
19795 19:04:36.107102 ioctl(4, _IOC(_IOC_NONE, 0x75, 0x30, 0), 0xffffffffec98) = 0 <0.000077>
19795 19:04:36.107254 ioctl(4, _IOC(_IOC_NONE, 0x75, 0x30, 0), 0xffffffffec98) = 0 <0.000069>
19795 19:04:36.107384 ioctl(4, _IOC(_IOC_NONE, 0x75, 0x30, 0), 0xffffffffec98) = 0 <0.000077>
19795 19:04:36.107537 ioctl(4, _IOC(_IOC_NONE, 0x75, 0x30, 0), 0xffffffffec98) = 0 <0.000067>
19795 19:04:36.107662 ioctl(4, _IOC(_IOC_NONE, 0x75, 0x30, 0), 0xffffffffec98) = 0 <0.000077>
19795 19:04:36.107815 ioctl(4, _IOC(_IOC_NONE, 0x75, 0x30, 0), 0xffffffffec98) = 0 <0.000069>
19795 19:04:36.107943 ioctl(4, _IOC(_IOC_NONE, 0x75, 0x30, 0), 0xffffffffec98) = 0 <0.000077>
19795 19:04:36.108094 ioctl(4, _IOC(_IOC_NONE, 0x75, 0x30, 0), 0xffffffffec98) = 0 <0.000068>
19795 19:04:36.108221 ioctl(4, _IOC(_IOC_NONE, 0x75, 0x30, 0), 0xffffffffec98) = 0 <0.000078>
19795 19:04:36.108374 ioctl(4, _IOC(_IOC_NONE, 0x75, 0x30, 0), 0xffffffffec98) = 0 <0.000069>
19795 19:04:36.108502 ioctl(4, _IOC(_IOC_NONE, 0x75, 0x30, 0), 0xffffffffec98) = 0 <0.000076>
19795 19:04:36.108649 ioctl(4, _IOC(_IOC_NONE, 0x75, 0x30, 0), 0xffffffffec98) = 0 <0.000067>
19795 19:04:36.108775 ioctl(4, _IOC(_IOC_NONE, 0x75, 0x30, 0), 0xffffffffec98) = 0 <0.000074>
19795 19:04:36.108926 ioctl(4, _IOC(_IOC_NONE, 0x75, 0x30, 0), 0xffffffffec98) = 0 <0.000067>
19795 19:04:36.109051 ioctl(4, _IOC(_IOC_NONE, 0x75, 0x30, 0), 0xffffffffec98) = 0 <0.000077>
19795 19:04:36.109202 ioctl(4, _IOC(_IOC_NONE, 0x75, 0x30, 0), 0xffffffffec98) = 0 <0.000065>
19795 19:04:36.109325 ioctl(4, _IOC(_IOC_NONE, 0x75, 0x30, 0), 0xffffffffec98) = 0 <0.000077>
19795 19:04:36.109478 ioctl(4, _IOC(_IOC_NONE, 0x75, 0x30, 0), 0xffffffffec98) = 0 <0.000156>
19795 19:04:36.109737 ioctl(4, _IOC(_IOC_NONE, 0x75, 0x30, 0), 0xffffffffe938) = 0 <0.000055>
19795 19:04:36.109860 ioctl(4, _IOC(_IOC_NONE, 0x75, 0x30, 0), 0xffffffffe9a8) = 0 <0.000054>
19796 19:04:36.109957 <... ioctl resumed>, 0xfffff520e618) = 0 <0.003728>
19795 19:04:36.110005 ioctl(4, _IOC(_IOC_NONE, 0x75, 0x30, 0) <unfinished ...>
19796 19:04:36.110104 ioctl(4, _IOC(_IOC_NONE, 0x75, 0x30, 0) <unfinished ...>
19795 19:04:36.110132 <... ioctl resumed>, 0xffffffffec98) = 0 <0.000106>
19796 19:04:36.110178 <... ioctl resumed>, 0xfffff520e618) = 0 <0.000052>
19796 19:04:36.110226 ioctl(4, _IOC(_IOC_NONE, 0x75, 0x30, 0) <unfinished ...>
19795 19:04:36.110394 ioctl(4, _IOC(_IOC_NONE, 0x75, 0x30, 0), 0xffffffffec38) = 0 <0.000079>
19795 19:04:36.110540 ioctl(4, _IOC(_IOC_NONE, 0x75, 0x30, 0), 0xffffffffec38) = 0 <0.000076>
19795 19:04:36.110807 ioctl(4, _IOC(_IOC_NONE, 0x75, 0x30, 0), 0xffffffffebb8) = 0 <0.000075>
19795 19:04:36.110955 ioctl(4, _IOC(_IOC_NONE, 0x75, 0x30, 0), 0xffffffffebb8) = 0 <0.000077>
19795 19:04:36.111122 ioctl(4, _IOC(_IOC_NONE, 0x75, 0x30, 0) <unfinished ...>
19796 19:04:36.111192 <... ioctl resumed>, 0xfffff520e608) = 0 <0.000930>
19795 19:04:36.111272 <... ioctl resumed>, 0xffffffffec98) = 0 <0.000125>
19796 19:04:36.111313 ioctl(4, _IOC(_IOC_NONE, 0x75, 0x30, 0) <unfinished ...>
19795 19:04:36.111341 ioctl(4, _IOC(_IOC_NONE, 0x75, 0x30, 0), 0xffffffffec98) = 0 <0.000074>
19796 19:04:36.111451 <... ioctl resumed>, 0xfffff520e618) = 0 <0.000116>
19796 19:04:36.111501 ioctl(4, _IOC(_IOC_NONE, 0x75, 0x30, 0) <unfinished ...>
19795 19:04:36.111562 ioctl(4, _IOC(_IOC_NONE, 0x75, 0x30, 0), 0xffffffffec98) = 0 <0.000136>
19795 19:04:36.111762 ioctl(4, _IOC(_IOC_NONE, 0x75, 0x30, 0), 0xffffffffec98) = 0 <0.000080>
19795 19:04:36.111927 ioctl(4, _IOC(_IOC_NONE, 0x75, 0x30, 0), 0xffffffffec98) = 0 <0.000067>
19795 19:04:36.112052 ioctl(4, _IOC(_IOC_NONE, 0x75, 0x30, 0), 0xffffffffec98) = 0 <0.000080>
19795 19:04:36.112245 ioctl(4, _IOC(_IOC_NONE, 0x75, 0x30, 0), 0xffffffffec98) = 0 <0.000068>
19795 19:04:36.112376 ioctl(4, _IOC(_IOC_NONE, 0x75, 0x30, 0), 0xffffffffec98) = 0 <0.000080>
19795 19:04:36.112535 ioctl(4, _IOC(_IOC_NONE, 0x75, 0x30, 0), 0xffffffffec98) = 0 <0.000069>
19795 19:04:36.112659 ioctl(4, _IOC(_IOC_NONE, 0x75, 0x30, 0), 0xffffffffec98) = 0 <0.000078>
19795 19:04:36.112813 ioctl(4, _IOC(_IOC_NONE, 0x75, 0x30, 0), 0xffffffffec98) = 0 <0.000071>
19795 19:04:36.112939 ioctl(4, _IOC(_IOC_NONE, 0x75, 0x30, 0), 0xffffffffec98) = 0 <0.000081>
19795 19:04:36.113097 ioctl(4, _IOC(_IOC_NONE, 0x75, 0x30, 0), 0xffffffffec98) = 0 <0.000067>
19795 19:04:36.113222 ioctl(4, _IOC(_IOC_NONE, 0x75, 0x30, 0), 0xffffffffec98) = 0 <0.000071>
19795 19:04:36.113368 ioctl(4, _IOC(_IOC_NONE, 0x75, 0x30, 0), 0xffffffffec98) = 0 <0.000066>
19795 19:04:36.113493 ioctl(4, _IOC(_IOC_NONE, 0x75, 0x30, 0), 0xffffffffec98) = 0 <0.000107>
19795 19:04:36.113714 ioctl(4, _IOC(_IOC_NONE, 0x75, 0x30, 0), 0xffffffffec98) = 0 <0.000071>
19795 19:04:36.113850 ioctl(4, _IOC(_IOC_NONE, 0x75, 0x30, 0), 0xffffffffec98) = 0 <0.000075>
19795 19:04:36.114003 ioctl(4, _IOC(_IOC_NONE, 0x75, 0x30, 0), 0xffffffffec98) = 0 <0.000067>
19795 19:04:36.114128 ioctl(4, _IOC(_IOC_NONE, 0x75, 0x30, 0), 0xffffffffec98) = 0 <0.000079>
19795 19:04:36.114284 ioctl(4, _IOC(_IOC_NONE, 0x75, 0x30, 0), 0xffffffffec98) = 0 <0.000070>
19795 19:04:36.114408 ioctl(4, _IOC(_IOC_NONE, 0x75, 0x30, 0), 0xffffffffec98) = 0 <0.000076>
19795 19:04:36.114560 ioctl(4, _IOC(_IOC_NONE, 0x75, 0x30, 0), 0xffffffffec98) = 0 <0.000066>
19795 19:04:36.114680 ioctl(4, _IOC(_IOC_NONE, 0x75, 0x30, 0), 0xffffffffec98) = 0 <0.000079>
19795 19:04:36.114837 ioctl(4, _IOC(_IOC_NONE, 0x75, 0x30, 0), 0xffffffffec98) = 0 <0.000067>
19795 19:04:36.114963 ioctl(4, _IOC(_IOC_NONE, 0x75, 0x30, 0), 0xffffffffec98) = 0 <0.000071>
19795 19:04:36.115108 ioctl(4, _IOC(_IOC_NONE, 0x75, 0x30, 0), 0xffffffffec98) = 0 <0.000069>
19795 19:04:36.115242 ioctl(4, _IOC(_IOC_NONE, 0x75, 0x30, 0), 0xffffffffe938) = 0 <0.000051>
19795 19:04:36.115352 ioctl(4, _IOC(_IOC_NONE, 0x75, 0x30, 0), 0xffffffffe9a8) = 0 <0.000054>
19796 19:04:36.115456 <... ioctl resumed>, 0xfffff520e618) = 0 <0.003925>
19795 19:04:36.115505 ioctl(4, _IOC(_IOC_NONE, 0x75, 0x30, 0) <unfinished ...>
19796 19:04:36.115603 ioctl(4, _IOC(_IOC_NONE, 0x75, 0x30, 0) <unfinished ...>
19795 19:04:36.115631 <... ioctl resumed>, 0xffffffffec98) = 0 <0.000105>
19796 19:04:36.115678 <... ioctl resumed>, 0xfffff520e618) = 0 <0.000052>
19796 19:04:36.115723 ioctl(4, _IOC(_IOC_NONE, 0x75, 0x30, 0) <unfinished ...>
19795 19:04:36.115782 ioctl(4, _IOC(_IOC_NONE, 0x75, 0x30, 0), 0xffffffffec98) = 0 <0.000068>
19795 19:04:36.115906 ioctl(4, _IOC(_IOC_NONE, 0x75, 0x30, 0), 0xffffffffec98) = 0 <0.000075>
19795 19:04:36.116158 ioctl(4, _IOC(_IOC_NONE, 0x75, 0x30, 0), 0xffffffffec98) = 0 <0.000073>
19795 19:04:36.116302 ioctl(4, _IOC(_IOC_NONE, 0x75, 0x30, 0), 0xffffffffec98) = 0 <0.000076>
19795 19:04:36.116457 ioctl(4, _IOC(_IOC_NONE, 0x75, 0x30, 0), 0xffffffffec98) = 0 <0.000065>
19795 19:04:36.116577 ioctl(4, _IOC(_IOC_NONE, 0x75, 0x30, 0), 0xffffffffec98) = 0 <0.000075>
19796 19:04:36.116710 <... ioctl resumed>, 0xfffff520e608) = 0 <0.000946>
19795 19:04:36.116777 ioctl(4, _IOC(_IOC_NONE, 0x75, 0x30, 0) <unfinished ...>
19796 19:04:36.116864 ioctl(4, _IOC(_IOC_NONE, 0x75, 0x30, 0) <unfinished ...>
19795 19:04:36.116893 <... ioctl resumed>, 0xffffffffec98) = 0 <0.000092>
19795 19:04:36.116943 ioctl(4, _IOC(_IOC_NONE, 0x75, 0x30, 0) <unfinished ...>
19796 19:04:36.116970 <... ioctl resumed>, 0xfffff520e618) = 0 <0.000084>
19795 19:04:36.117068 <... ioctl resumed>, 0xffffffffec98) = 0 <0.000103>
19796 19:04:36.117096 ioctl(4, _IOC(_IOC_NONE, 0x75, 0x30, 0) <unfinished ...>
19795 19:04:36.117163 ioctl(4, _IOC(_IOC_NONE, 0x75, 0x30, 0), 0xffffffffec98) = 0 <0.000069>
19795 19:04:36.117289 ioctl(4, _IOC(_IOC_NONE, 0x75, 0x30, 0), 0xffffffffec98) = 0 <0.000081>
19795 19:04:36.117442 ioctl(4, _IOC(_IOC_NONE, 0x75, 0x30, 0), 0xffffffffec98) = 0 <0.000070>
19795 19:04:36.117654 ioctl(4, _IOC(_IOC_NONE, 0x75, 0x30, 0), 0xffffffffec98) = 0 <0.000082>
19795 19:04:36.117825 ioctl(4, _IOC(_IOC_NONE, 0x75, 0x30, 0), 0xffffffffec98) = 0 <0.000068>
19795 19:04:36.117953 ioctl(4, _IOC(_IOC_NONE, 0x75, 0x30, 0), 0xffffffffec98) = 0 <0.000084>
19795 19:04:36.118111 ioctl(4, _IOC(_IOC_NONE, 0x75, 0x30, 0), 0xffffffffec98) = 0 <0.000072>
19795 19:04:36.118241 ioctl(4, _IOC(_IOC_NONE, 0x75, 0x30, 0), 0xffffffffec98) = 0 <0.000074>
19795 19:04:36.118392 ioctl(4, _IOC(_IOC_NONE, 0x75, 0x30, 0), 0xffffffffec98) = 0 <0.000066>
19795 19:04:36.118515 ioctl(4, _IOC(_IOC_NONE, 0x75, 0x30, 0), 0xffffffffec98) = 0 <0.000078>
19795 19:04:36.118663 ioctl(4, _IOC(_IOC_NONE, 0x75, 0x30, 0), 0xffffffffec98) = 0 <0.000070>
19795 19:04:36.118793 ioctl(4, _IOC(_IOC_NONE, 0x75, 0x30, 0), 0xffffffffec98) = 0 <0.000077>
19795 19:04:36.118946 ioctl(4, _IOC(_IOC_NONE, 0x75, 0x30, 0), 0xffffffffec98) = 0 <0.000068>
19795 19:04:36.119074 ioctl(4, _IOC(_IOC_NONE, 0x75, 0x30, 0), 0xffffffffec98) = 0 <0.000078>
19795 19:04:36.119228 ioctl(4, _IOC(_IOC_NONE, 0x75, 0x30, 0), 0xffffffffec98) = 0 <0.000064>
19795 19:04:36.119350 ioctl(4, _IOC(_IOC_NONE, 0x75, 0x30, 0), 0xffffffffec98) = 0 <0.000077>
19795 19:04:36.119499 ioctl(4, _IOC(_IOC_NONE, 0x75, 0x30, 0), 0xffffffffec98) = 0 <0.000066>
19795 19:04:36.119623 ioctl(4, _IOC(_IOC_NONE, 0x75, 0x30, 0), 0xffffffffec98) = 0 <0.000081>
19795 19:04:36.119963 ioctl(4, _IOC(_IOC_NONE, 0x75, 0x30, 0), 0xffffffffec38) = 0 <0.000097>
19795 19:04:36.120150 ioctl(4, _IOC(_IOC_NONE, 0x75, 0x30, 0), 0xffffffffec38) = 0 <0.000076>
19795 19:04:36.120391 ioctl(4, _IOC(_IOC_NONE, 0x75, 0x30, 0), 0xffffffffec98) = 0 <0.000073>
19795 19:04:36.120531 ioctl(4, _IOC(_IOC_NONE, 0x75, 0x30, 0), 0xffffffffec98) = 0 <0.000078>
19795 19:04:36.120682 ioctl(4, _IOC(_IOC_NONE, 0x75, 0x30, 0), 0xffffffffec98) = 0 <0.000072>
19795 19:04:36.120815 ioctl(4, _IOC(_IOC_NONE, 0x75, 0x30, 0), 0xffffffffe938) = 0 <0.000050>
19795 19:04:36.120926 ioctl(4, _IOC(_IOC_NONE, 0x75, 0x30, 0), 0xffffffffe9a8) = 0 <0.000052>
19796 19:04:36.121025 <... ioctl resumed>, 0xfffff520e618) = 0 <0.003901>
19795 19:04:36.121074 ioctl(4, _IOC(_IOC_NONE, 0x75, 0x30, 0) <unfinished ...>
19796 19:04:36.121168 ioctl(4, _IOC(_IOC_NONE, 0x75, 0x30, 0) <unfinished ...>
19795 19:04:36.121198 <... ioctl resumed>, 0xffffffffec98) = 0 <0.000102>
19796 19:04:36.121246 <... ioctl resumed>, 0xfffff520e618) = 0 <0.000053>
19796 19:04:36.121294 ioctl(4, _IOC(_IOC_NONE, 0x75, 0x30, 0) <unfinished ...>
19795 19:04:36.121350 ioctl(4, _IOC(_IOC_NONE, 0x75, 0x30, 0), 0xffffffffec98) = 0 <0.000065>
19795 19:04:36.121472 ioctl(4, _IOC(_IOC_NONE, 0x75, 0x30, 0), 0xffffffffec98) = 0 <0.000099>
19795 19:04:36.121677 ioctl(4, _IOC(_IOC_NONE, 0x75, 0x30, 0), 0xffffffffec98) = 0 <0.000070>
19795 19:04:36.121897 ioctl(4, _IOC(_IOC_NONE, 0x75, 0x30, 0), 0xffffffffec98) = 0 <0.000078>
19795 19:04:36.122063 ioctl(4, _IOC(_IOC_NONE, 0x75, 0x30, 0), 0xffffffffec98) = 0 <0.000066>
19795 19:04:36.122186 ioctl(4, _IOC(_IOC_NONE, 0x75, 0x30, 0), 0xffffffffec98) = 0 <0.000079>
19796 19:04:36.122305 <... ioctl resumed>, 0xfffff520e608) = 0 <0.000988>
19796 19:04:36.122367 ioctl(4, _IOC(_IOC_NONE, 0x75, 0x30, 0) <unfinished ...>
19795 19:04:36.122424 ioctl(4, _IOC(_IOC_NONE, 0x75, 0x30, 0), 0xffffffffec98) = 0 <0.000066>
19796 19:04:36.122529 <... ioctl resumed>, 0xfffff520e618) = 0 <0.000139>
19795 19:04:36.122575 ioctl(4, _IOC(_IOC_NONE, 0x75, 0x30, 0) <unfinished ...>
19796 19:04:36.122601 ioctl(4, _IOC(_IOC_NONE, 0x75, 0x30, 0) <unfinished ...>
19795 19:04:36.122696 <... ioctl resumed>, 0xffffffffec98) = 0 <0.000099>
19795 19:04:36.122936 ioctl(4, _IOC(_IOC_NONE, 0x75, 0x30, 0), 0xffffffffec28) = 0 <0.000086>
19795 19:04:36.123095 ioctl(4, _IOC(_IOC_NONE, 0x75, 0x30, 0), 0xffffffffec28) = 0 <0.000078>
19795 19:04:36.123333 ioctl(4, _IOC(_IOC_NONE, 0x75, 0x30, 0), 0xffffffffec38) = 0 <0.000072>
19795 19:04:36.123469 ioctl(4, _IOC(_IOC_NONE, 0x75, 0x30, 0), 0xffffffffec38) = 0 <0.000076>
19795 19:04:36.123692 ioctl(4, _IOC(_IOC_NONE, 0x75, 0x30, 0), 0xffffffffebb8) = 0 <0.000073>
19795 19:04:36.123865 ioctl(4, _IOC(_IOC_NONE, 0x75, 0x30, 0), 0xffffffffebb8) = 0 <0.000082>
19795 19:04:36.124097 ioctl(4, _IOC(_IOC_NONE, 0x75, 0x30, 0), 0xffffffffebb8) = 0 <0.000072>
19795 19:04:36.124233 ioctl(4, _IOC(_IOC_NONE, 0x75, 0x30, 0), 0xffffffffebb8) = 0 <0.000078>
19795 19:04:36.124455 ioctl(4, _IOC(_IOC_NONE, 0x75, 0x30, 0), 0xffffffffec98) = 0 <0.000072>
19795 19:04:36.124591 ioctl(4, _IOC(_IOC_NONE, 0x75, 0x30, 0), 0xffffffffec98) = 0 <0.000079>
19795 19:04:36.124800 ioctl(4, _IOC(_IOC_NONE, 0x75, 0x30, 0), 0xffffffffec98) = 0 <0.000068>
19795 19:04:36.124931 ioctl(4, _IOC(_IOC_NONE, 0x75, 0x30, 0), 0xffffffffec98) = 0 <0.000077>
19795 19:04:36.125134 ioctl(4, _IOC(_IOC_NONE, 0x75, 0x30, 0), 0xffffffffec98) = 0 <0.000069>
19795 19:04:36.125264 ioctl(4, _IOC(_IOC_NONE, 0x75, 0x30, 0), 0xffffffffec98) = 0 <0.000081>
19795 19:04:36.125480 ioctl(4, _IOC(_IOC_NONE, 0x75, 0x30, 0), 0xffffffffec98) = 0 <0.000109>
19795 19:04:36.125687 ioctl(4, _IOC(_IOC_NONE, 0x75, 0x30, 0), 0xffffffffec98) = 0 <0.000086>
19795 19:04:36.125984 ioctl(4, _IOC(_IOC_NONE, 0x75, 0x30, 0), 0xffffffffec98) = 0 <0.000083>
19795 19:04:36.126147 ioctl(4, _IOC(_IOC_NONE, 0x75, 0x30, 0), 0xffffffffec98) = 0 <0.000083>
19795 19:04:36.126421 ioctl(4, _IOC(_IOC_NONE, 0x75, 0x30, 0), 0xffffffffec98) = 0 <0.000080>
19795 19:04:36.126577 ioctl(4, _IOC(_IOC_NONE, 0x75, 0x30, 0), 0xffffffffec98) = 0 <0.000080>
19795 19:04:36.126860 ioctl(4, _IOC(_IOC_NONE, 0x75, 0x30, 0), 0xffffffffec98) = 0 <0.000090>
19795 19:04:36.127031 ioctl(4, _IOC(_IOC_NONE, 0x75, 0x30, 0), 0xffffffffec98) = 0 <0.000085>
19795 19:04:36.127298 ioctl(4, _IOC(_IOC_NONE, 0x75, 0x30, 0), 0xffffffffec98) = 0 <0.000077>
19795 19:04:36.127452 ioctl(4, _IOC(_IOC_NONE, 0x75, 0x30, 0), 0xffffffffe938) = 0 <0.000052>
19795 19:04:36.127564 ioctl(4, _IOC(_IOC_NONE, 0x75, 0x30, 0), 0xffffffffe9a8) = 0 <0.000062>
19795 19:04:36.127683 ioctl(4, _IOC(_IOC_NONE, 0x75, 0x30, 0), 0xffffffffec98) = 0 <0.000076>
19795 19:04:36.127933 ioctl(4, _IOC(_IOC_NONE, 0x75, 0x30, 0), 0xffffffffec98) = 0 <0.000074>
19795 19:04:36.128076 ioctl(4, _IOC(_IOC_NONE, 0x75, 0x30, 0), 0xffffffffec98) = 0 <0.000085>
19795 19:04:36.128338 ioctl(4, _IOC(_IOC_NONE, 0x75, 0x30, 0), 0xffffffffec98) = 0 <0.000077>
19795 19:04:36.128485 ioctl(4, _IOC(_IOC_NONE, 0x75, 0x30, 0), 0xffffffffec98) = 0 <0.000082>
19795 19:04:36.128733 ioctl(4, _IOC(_IOC_NONE, 0x75, 0x30, 0), 0xffffffffec98) = 0 <0.000071>
19795 19:04:36.128871 ioctl(4, _IOC(_IOC_NONE, 0x75, 0x30, 0), 0xffffffffec98) = 0 <0.000083>
19795 19:04:36.129122 ioctl(4, _IOC(_IOC_NONE, 0x75, 0x30, 0), 0xffffffffec98) = 0 <0.000075>
19795 19:04:36.129266 ioctl(4, _IOC(_IOC_NONE, 0x75, 0x30, 0), 0xffffffffec98) = 0 <0.000075>
19795 19:04:36.129520 ioctl(4, _IOC(_IOC_NONE, 0x75, 0x30, 0) <unfinished ...>
19796 19:04:36.129649 <... ioctl resumed>, 0xfffff520e618) = 0 <0.007025>
19795 19:04:36.129748 <... ioctl resumed>, 0xffffffffec98) = 0 <0.000194>
19796 19:04:36.129796 ioctl(4, _IOC(_IOC_NONE, 0x75, 0x30, 0) <unfinished ...>
19795 19:04:36.129832 ioctl(4, _IOC(_IOC_NONE, 0x75, 0x30, 0), 0xffffffffec98) = 0 <0.000082>
19796 19:04:36.129955 <... ioctl resumed>, 0xfffff520e618) = 0 <0.000134>
19795 19:04:36.130041 ioctl(4, _IOC(_IOC_NONE, 0x75, 0x30, 0) <unfinished ...>
19796 19:04:36.130074 ioctl(4, _IOC(_IOC_NONE, 0x75, 0x30, 0) <unfinished ...>
19795 19:04:36.130567 <... ioctl resumed>, 0xffffffffec98) = 0 <0.000488>
19796 19:04:36.130648 <... ioctl resumed>, 0xfffff520e608) = 0 <0.000554>
19795 19:04:36.130684 ioctl(4, _IOC(_IOC_NONE, 0x75, 0x30, 0), 0xffffffffec98) = 0 <0.000104>
19795 19:04:36.130890 ioctl(4, _IOC(_IOC_NONE, 0x75, 0x30, 0), 0xffffffffec98) = 0 <0.000068>
19795 19:04:36.131016 ioctl(4, _IOC(_IOC_NONE, 0x75, 0x30, 0) <unfinished ...>
19796 19:04:36.131085 ioctl(4, _IOC(_IOC_NONE, 0x75, 0x30, 0) <unfinished ...>
19795 19:04:36.131189 <... ioctl resumed>, 0xffffffffec98) = 0 <0.000148>
19795 19:04:36.131272 ioctl(4, _IOC(_IOC_NONE, 0x75, 0x30, 0), 0xffffffffec98) = 0 <0.000195>
19795 19:04:36.131552 ioctl(4, _IOC(_IOC_NONE, 0x75, 0x30, 0), 0xffffffffec98) = 0 <0.000087>
19795 19:04:36.133632 ioctl(4, _IOC(_IOC_NONE, 0x75, 0x30, 0) <unfinished ...>
19796 19:04:36.133729 <... ioctl resumed>, 0xfffff520e618) = 0 <0.002619>
19796 19:04:36.133799 ioctl(4, _IOC(_IOC_NONE, 0x75, 0x30, 0) <unfinished ...>
19795 19:04:36.133893 <... ioctl resumed>, 0xffffffffec98) = 0 <0.000180>
19795 19:04:36.133942 ioctl(4, _IOC(_IOC_NONE, 0x75, 0x30, 0), 0xffffffffec98) = 0 <0.000079>
19795 19:04:36.134117 ioctl(4, _IOC(_IOC_NONE, 0x75, 0x30, 0), 0xffffffffec98) = 0 <0.000071>
19795 19:04:36.134255 ioctl(4, _IOC(_IOC_NONE, 0x75, 0x30, 0), 0xffffffffec98) = 0 <0.000078>
19795 19:04:36.134417 ioctl(4, _IOC(_IOC_NONE, 0x75, 0x30, 0), 0xffffffffec98) = 0 <0.000070>
19795 19:04:36.134548 ioctl(4, _IOC(_IOC_NONE, 0x75, 0x30, 0), 0xffffffffec98) = 0 <0.000082>
19795 19:04:36.134710 ioctl(4, _IOC(_IOC_NONE, 0x75, 0x30, 0), 0xffffffffec98) = 0 <0.000071>
19795 19:04:36.134844 ioctl(4, _IOC(_IOC_NONE, 0x75, 0x30, 0), 0xffffffffec98) = 0 <0.000081>
19795 19:04:36.135009 ioctl(4, _IOC(_IOC_NONE, 0x75, 0x30, 0), 0xffffffffec98) = 0 <0.000071>
19795 19:04:36.135145 ioctl(4, _IOC(_IOC_NONE, 0x75, 0x30, 0), 0xffffffffec98) = 0 <0.000093>
19795 19:04:36.135330 ioctl(4, _IOC(_IOC_NONE, 0x75, 0x30, 0), 0xffffffffec98) = 0 <0.000071>
19795 19:04:36.135464 ioctl(4, _IOC(_IOC_NONE, 0x75, 0x30, 0), 0xffffffffec98) = 0 <0.000078>
19795 19:04:36.135632 ioctl(4, _IOC(_IOC_NONE, 0x75, 0x30, 0), 0xffffffffec98) = 0 <0.000079>
19795 19:04:36.135787 ioctl(4, _IOC(_IOC_NONE, 0x75, 0x30, 0), 0xffffffffec98) = 0 <0.000087>
19795 19:04:36.135975 ioctl(4, _IOC(_IOC_NONE, 0x75, 0x30, 0), 0xffffffffec98) = 0 <0.000076>
19795 19:04:36.136131 ioctl(4, _IOC(_IOC_NONE, 0x75, 0x30, 0), 0xffffffffe938) = 0 <0.000059>
19795 19:04:36.136262 ioctl(4, _IOC(_IOC_NONE, 0x75, 0x30, 0), 0xffffffffe9a8) = 0 <0.000072>
19796 19:04:36.136384 <... ioctl resumed>, 0xfffff520e618) = 0 <0.002559>
19795 19:04:36.136445 ioctl(4, _IOC(_IOC_NONE, 0x75, 0x30, 0) <unfinished ...>
19796 19:04:36.136546 ioctl(4, _IOC(_IOC_NONE, 0x75, 0x30, 0) <unfinished ...>
19795 19:04:36.136586 <... ioctl resumed>, 0xffffffffec98) = 0 <0.000117>
19796 19:04:36.136656 <... ioctl resumed>, 0xfffff520e618) = 0 <0.000079>
19795 19:04:36.136720 ioctl(4, _IOC(_IOC_NONE, 0x75, 0x30, 0) <unfinished ...>
19796 19:04:36.136814 ioctl(4, _IOC(_IOC_NONE, 0x75, 0x30, 0) <unfinished ...>
19795 19:04:36.136851 <... ioctl resumed>, 0xffffffffec98) = 0 <0.000107>
19795 19:04:36.136902 ioctl(4, _IOC(_IOC_NONE, 0x75, 0x30, 0), 0xffffffffec98) = 0 <0.000146>
19795 19:04:36.137135 ioctl(4, _IOC(_IOC_NONE, 0x75, 0x30, 0) <unfinished ...>
19796 19:04:36.137282 <... ioctl resumed>, 0xfffff520e608) = 0 <0.000440>
19795 19:04:36.137392 <... ioctl resumed>, 0xffffffffec98) = 0 <0.000232>
19795 19:04:36.137442 ioctl(4, _IOC(_IOC_NONE, 0x75, 0x30, 0), 0xffffffffec98) = 0 <0.000072>
19795 19:04:36.137638 ioctl(4, _IOC(_IOC_NONE, 0x75, 0x30, 0), 0xffffffffec98) = 0 <0.000382>
19795 19:04:36.138151 ioctl(4, _IOC(_IOC_NONE, 0x75, 0x30, 0), 0xffffffffec98) = 0 <0.000096>
19795 19:04:36.138480 ioctl(4, _IOC(_IOC_NONE, 0x75, 0x30, 0), 0xffffffffec28) = 0 <0.000086>
19795 19:04:36.138650 ioctl(4, _IOC(_IOC_NONE, 0x75, 0x30, 0), 0xffffffffec28) = 0 <0.000080>
19795 19:04:36.138917 ioctl(4, _IOC(_IOC_NONE, 0x75, 0x30, 0), 0xffffffffec28) = 0 <0.000088>
19795 19:04:36.139089 ioctl(4, _IOC(_IOC_NONE, 0x75, 0x30, 0), 0xffffffffec28) = 0 <0.000087>
19796 19:04:36.139653 ioctl(4, _IOC(_IOC_NONE, 0x75, 0x30, 0) <unfinished ...>
19795 19:04:36.139790 ioctl(4, _IOC(_IOC_NONE, 0x75, 0x30, 0) <unfinished ...>
19796 19:04:36.139889 <... ioctl resumed>, 0xfffff520e618) = 0 <0.000180>
19795 19:04:36.139929 <... ioctl resumed>, 0xffffffffec38) = 0 <0.000110>
19795 19:04:36.139975 ioctl(4, _IOC(_IOC_NONE, 0x75, 0x30, 0) <unfinished ...>
19796 19:04:36.140072 ioctl(4, _IOC(_IOC_NONE, 0x75, 0x30, 0) <unfinished ...>
19795 19:04:36.140105 <... ioctl resumed>, 0xffffffffec38) = 0 <0.000108>
19795 19:04:36.140184 ioctl(4, _IOC(_IOC_NONE, 0x75, 0x30, 0), 0xffffffffebb8) = 0 <0.000074>
19795 19:04:36.140378 ioctl(4, _IOC(_IOC_NONE, 0x75, 0x30, 0), 0xffffffffebb8) = 0 <0.000090>
19795 19:04:36.140585 ioctl(4, _IOC(_IOC_NONE, 0x75, 0x30, 0), 0xffffffffebb8) = 0 <0.000082>
19795 19:04:36.140745 ioctl(4, _IOC(_IOC_NONE, 0x75, 0x30, 0), 0xffffffffebb8) = 0 <0.000090>
19795 19:04:36.141718 ioctl(4, _IOC(_IOC_NONE, 0x75, 0x30, 0), 0xffffffffec98) = 0 <0.000121>
19795 19:04:36.142007 ioctl(4, _IOC(_IOC_NONE, 0x75, 0x30, 0), 0xffffffffec98) = 0 <0.000099>
19795 19:04:36.142240 ioctl(4, _IOC(_IOC_NONE, 0x75, 0x30, 0), 0xffffffffec98) = 0 <0.000087>
19795 19:04:36.142421 ioctl(4, _IOC(_IOC_NONE, 0x75, 0x30, 0), 0xffffffffec98) = 0 <0.000100>
19795 19:04:36.142643 ioctl(4, _IOC(_IOC_NONE, 0x75, 0x30, 0), 0xffffffffec98) = 0 <0.000091>
19795 19:04:36.142828 ioctl(4, _IOC(_IOC_NONE, 0x75, 0x30, 0), 0xffffffffec98) = 0 <0.000094>
19795 19:04:36.143040 ioctl(4, _IOC(_IOC_NONE, 0x75, 0x30, 0), 0xffffffffec98) = 0 <0.000086>
19795 19:04:36.143215 ioctl(4, _IOC(_IOC_NONE, 0x75, 0x30, 0), 0xffffffffec98) = 0 <0.000992>
19795 19:04:36.144380 ioctl(4, _IOC(_IOC_NONE, 0x75, 0x30, 0), 0xffffffffec98) = 0 <0.000085>
19795 19:04:36.144550 ioctl(4, _IOC(_IOC_NONE, 0x75, 0x30, 0), 0xffffffffec98) = 0 <0.000077>
19795 19:04:36.144710 ioctl(4, _IOC(_IOC_NONE, 0x75, 0x30, 0), 0xffffffffec98) = 0 <0.000068>
19795 19:04:36.144839 ioctl(4, _IOC(_IOC_NONE, 0x75, 0x30, 0), 0xffffffffec98) = 0 <0.000075>
19795 19:04:36.144991 ioctl(4, _IOC(_IOC_NONE, 0x75, 0x30, 0), 0xffffffffec98) = 0 <0.000067>
19795 19:04:36.145118 ioctl(4, _IOC(_IOC_NONE, 0x75, 0x30, 0), 0xffffffffec98) = 0 <0.000077>
19795 19:04:36.145273 ioctl(4, _IOC(_IOC_NONE, 0x75, 0x30, 0), 0xffffffffec98) = 0 <0.000066>
19795 19:04:36.145406 ioctl(4, _IOC(_IOC_NONE, 0x75, 0x30, 0), 0xffffffffe938) = 0 <0.000056>
19795 19:04:36.145528 ioctl(4, _IOC(_IOC_NONE, 0x75, 0x30, 0), 0xffffffffe9a8) = 0 <0.000107>
19795 19:04:36.145724 ioctl(4, _IOC(_IOC_NONE, 0x75, 0x30, 0) <unfinished ...>
19796 19:04:36.145759 <... ioctl resumed>, 0xfffff520e618) = 0 <0.005665>
19795 19:04:36.145869 <... ioctl resumed>, 0xffffffffec98) = 0 <0.000115>
19796 19:04:36.145900 ioctl(4, _IOC(_IOC_NONE, 0x75, 0x30, 0) <unfinished ...>
19795 19:04:36.145981 ioctl(4, _IOC(_IOC_NONE, 0x75, 0x30, 0) <unfinished ...>
19796 19:04:36.146010 <... ioctl resumed>, 0xfffff520e618) = 0 <0.000089>
19795 19:04:36.146107 <... ioctl resumed>, 0xffffffffec98) = 0 <0.000101>
19796 19:04:36.146137 ioctl(4, _IOC(_IOC_NONE, 0x75, 0x30, 0) <unfinished ...>
19795 19:04:36.146191 ioctl(4, _IOC(_IOC_NONE, 0x75, 0x30, 0), 0xffffffffec98) = 0 <0.000075>
19795 19:04:36.146345 ioctl(4, _IOC(_IOC_NONE, 0x75, 0x30, 0), 0xffffffffec98) = 0 <0.000066>
19795 19:04:36.146468 ioctl(4, _IOC(_IOC_NONE, 0x75, 0x30, 0) <unfinished ...>
19796 19:04:36.146563 <... ioctl resumed>, 0xfffff520e608) = 0 <0.000404>
19795 19:04:36.146613 <... ioctl resumed>, 0xffffffffec98) = 0 <0.000123>
19795 19:04:36.146673 ioctl(4, _IOC(_IOC_NONE, 0x75, 0x30, 0), 0xffffffffec98) = 0 <0.000071>
19795 19:04:36.146802 ioctl(4, _IOC(_IOC_NONE, 0x75, 0x30, 0), 0xffffffffec98) = 0 <0.000081>
19795 19:04:36.146960 ioctl(4, _IOC(_IOC_NONE, 0x75, 0x30, 0), 0xffffffffec98) = 0 <0.000083>
19796 19:04:36.147118 ioctl(4, _IOC(_IOC_NONE, 0x75, 0x30, 0) <unfinished ...>
19795 19:04:36.147218 ioctl(4, _IOC(_IOC_NONE, 0x75, 0x30, 0) <unfinished ...>
19796 19:04:36.147324 <... ioctl resumed>, 0xfffff520e618) = 0 <0.000179>
19795 19:04:36.147365 <... ioctl resumed>, 0xffffffffec98) = 0 <0.000122>
19796 19:04:36.147394 ioctl(4, _IOC(_IOC_NONE, 0x75, 0x30, 0) <unfinished ...>
19795 19:04:36.147485 ioctl(4, _IOC(_IOC_NONE, 0x75, 0x30, 0), 0xffffffffec98) = 0 <0.000070>
19795 19:04:36.147619 ioctl(4, _IOC(_IOC_NONE, 0x75, 0x30, 0), 0xffffffffec98) = 0 <0.000083>
19795 19:04:36.147793 ioctl(4, _IOC(_IOC_NONE, 0x75, 0x30, 0), 0xffffffffec98) = 0 <0.000083>
19795 19:04:36.147952 ioctl(4, _IOC(_IOC_NONE, 0x75, 0x30, 0), 0xffffffffec98) = 0 <0.000092>
19795 19:04:36.148148 ioctl(4, _IOC(_IOC_NONE, 0x75, 0x30, 0), 0xffffffffec98) = 0 <0.000073>
19795 19:04:36.148289 ioctl(4, _IOC(_IOC_NONE, 0x75, 0x30, 0), 0xffffffffec98) = 0 <0.000082>
19795 19:04:36.148499 ioctl(4, _IOC(_IOC_NONE, 0x75, 0x30, 0), 0xffffffffec98) = 0 <0.000068>
19795 19:04:36.148636 ioctl(4, _IOC(_IOC_NONE, 0x75, 0x30, 0), 0xffffffffec98) = 0 <0.000082>
19795 19:04:36.148802 ioctl(4, _IOC(_IOC_NONE, 0x75, 0x30, 0), 0xffffffffec98) = 0 <0.000071>
19795 19:04:36.148941 ioctl(4, _IOC(_IOC_NONE, 0x75, 0x30, 0), 0xffffffffec98) = 0 <0.000077>
19795 19:04:36.149098 ioctl(4, _IOC(_IOC_NONE, 0x75, 0x30, 0), 0xffffffffec98) = 0 <0.000071>
19795 19:04:36.149230 ioctl(4, _IOC(_IOC_NONE, 0x75, 0x30, 0), 0xffffffffec98) = 0 <0.000082>
19795 19:04:36.149395 ioctl(4, _IOC(_IOC_NONE, 0x75, 0x30, 0), 0xffffffffec98) = 0 <0.000070>
19795 19:04:36.149528 ioctl(4, _IOC(_IOC_NONE, 0x75, 0x30, 0), 0xffffffffec98) = 0 <0.000143>
19795 19:04:36.149794 ioctl(4, _IOC(_IOC_NONE, 0x75, 0x30, 0), 0xffffffffec98) = 0 <0.000075>
19795 19:04:36.149945 ioctl(4, _IOC(_IOC_NONE, 0x75, 0x30, 0), 0xffffffffec98) = 0 <0.000083>
19795 19:04:36.150112 ioctl(4, _IOC(_IOC_NONE, 0x75, 0x30, 0), 0xffffffffec98) = 0 <0.000069>
19795 19:04:36.150248 ioctl(4, _IOC(_IOC_NONE, 0x75, 0x30, 0), 0xffffffffec98) = 0 <0.000078>
19795 19:04:36.150406 ioctl(4, _IOC(_IOC_NONE, 0x75, 0x30, 0), 0xffffffffec98) = 0 <0.000070>
19795 19:04:36.150539 ioctl(4, _IOC(_IOC_NONE, 0x75, 0x30, 0), 0xffffffffec98) = 0 <0.000079>
19795 19:04:36.150700 ioctl(4, _IOC(_IOC_NONE, 0x75, 0x30, 0), 0xffffffffec98) = 0 <0.000070>
19795 19:04:36.150834 ioctl(4, _IOC(_IOC_NONE, 0x75, 0x30, 0), 0xffffffffec98) = 0 <0.000080>
19795 19:04:36.150996 ioctl(4, _IOC(_IOC_NONE, 0x75, 0x30, 0), 0xffffffffec98) = 0 <0.000079>
19795 19:04:36.151157 ioctl(4, _IOC(_IOC_NONE, 0x75, 0x30, 0), 0xffffffffe938) = 0 <0.000060>
19795 19:04:36.151294 ioctl(4, _IOC(_IOC_NONE, 0x75, 0x30, 0), 0xffffffffe9a8) = 0 <0.000078>
19796 19:04:36.151426 <... ioctl resumed>, 0xfffff520e618) = 0 <0.004012>
19795 19:04:36.151490 ioctl(4, _IOC(_IOC_NONE, 0x75, 0x30, 0) <unfinished ...>
19796 19:04:36.151605 ioctl(4, _IOC(_IOC_NONE, 0x75, 0x30, 0) <unfinished ...>
19795 19:04:36.151653 <... ioctl resumed>, 0xffffffffec98) = 0 <0.000139>
19796 19:04:36.151708 <... ioctl resumed>, 0xfffff520e618) = 0 <0.000073>
19796 19:04:36.151764 ioctl(4, _IOC(_IOC_NONE, 0x75, 0x30, 0) <unfinished ...>
19795 19:04:36.151827 ioctl(4, _IOC(_IOC_NONE, 0x75, 0x30, 0), 0xffffffffec98) = 0 <0.000099>
19795 19:04:36.151988 ioctl(4, _IOC(_IOC_NONE, 0x75, 0x30, 0), 0xffffffffec98) = 0 <0.000080>
19795 19:04:36.152142 ioctl(4, _IOC(_IOC_NONE, 0x75, 0x30, 0), 0xffffffffec98) = 0 <0.000066>
19796 19:04:36.152248 <... ioctl resumed>, 0xfffff520e608) = 0 <0.000460>
19795 19:04:36.152299 ioctl(4, _IOC(_IOC_NONE, 0x75, 0x30, 0), 0xffffffffec98) = 0 <0.000072>
19795 19:04:36.152444 ioctl(4, _IOC(_IOC_NONE, 0x75, 0x30, 0), 0xffffffffec98) = 0 <0.000064>
19795 19:04:36.152563 ioctl(4, _IOC(_IOC_NONE, 0x75, 0x30, 0), 0xffffffffec98) = 0 <0.000073>
19796 19:04:36.152700 ioctl(4, _IOC(_IOC_NONE, 0x75, 0x30, 0) <unfinished ...>
19795 19:04:36.152758 ioctl(4, _IOC(_IOC_NONE, 0x75, 0x30, 0) <unfinished ...>
19796 19:04:36.152788 <... ioctl resumed>, 0xfffff520e618) = 0 <0.000066>
19795 19:04:36.152883 <... ioctl resumed>, 0xffffffffec28) = 0 <0.000102>
19796 19:04:36.152914 ioctl(4, _IOC(_IOC_NONE, 0x75, 0x30, 0) <unfinished ...>
19795 19:04:36.152967 ioctl(4, _IOC(_IOC_NONE, 0x75, 0x30, 0), 0xffffffffec28) = 0 <0.000080>
19795 19:04:36.153161 ioctl(4, _IOC(_IOC_NONE, 0x75, 0x30, 0), 0xffffffffed38) = 0 <0.000073>
19795 19:04:36.153299 ioctl(4, _IOC(_IOC_NONE, 0x75, 0x30, 0), 0xffffffffed38) = 0 <0.000077>
19795 19:04:36.153446 ioctl(4, _IOC(_IOC_NONE, 0x75, 0x30, 0), 0xffffffffed38) = 0 <0.000068>
19795 19:04:36.153603 ioctl(4, _IOC(_IOC_NONE, 0x75, 0x30, 0), 0xffffffffed38) = 0 <0.000089>
19795 19:04:36.153794 ioctl(4, _IOC(_IOC_NONE, 0x75, 0x30, 0), 0xffffffffed38) = 0 <0.000070>
19795 19:04:36.153929 ioctl(4, _IOC(_IOC_NONE, 0x75, 0x30, 0), 0xffffffffed38) = 0 <0.000080>
19795 19:04:36.154076 ioctl(4, _IOC(_IOC_NONE, 0x75, 0x30, 0), 0xffffffffed38) = 0 <0.000070>
19795 19:04:36.154208 ioctl(4, _IOC(_IOC_NONE, 0x75, 0x30, 0), 0xffffffffed38) = 0 <0.000082>
19795 19:04:36.154393 ioctl(4, _IOC(_IOC_NONE, 0x75, 0x30, 0), 0xffffffffed38) = 0 <0.000071>
19795 19:04:36.154522 ioctl(4, _IOC(_IOC_NONE, 0x75, 0x30, 0), 0xffffffffed38) = 0 <0.000077>
19795 19:04:36.154678 ioctl(4, _IOC(_IOC_NONE, 0x75, 0x30, 0), 0xffffffffed38) = 0 <0.000071>
19795 19:04:36.154812 ioctl(4, _IOC(_IOC_NONE, 0x75, 0x30, 0), 0xffffffffed38) = 0 <0.000077>
19795 19:04:36.154955 ioctl(4, _IOC(_IOC_NONE, 0x75, 0x30, 0), 0xffffffffed38) = 0 <0.000070>
19795 19:04:36.155089 ioctl(4, _IOC(_IOC_NONE, 0x75, 0x30, 0), 0xffffffffed38) = 0 <0.000080>
19795 19:04:36.155239 ioctl(4, _IOC(_IOC_NONE, 0x75, 0x30, 0), 0xffffffffed38) = 0 <0.000068>
19795 19:04:36.155364 ioctl(4, _IOC(_IOC_NONE, 0x75, 0x30, 0), 0xffffffffed38) = 0 <0.000079>
19795 19:04:36.155513 ioctl(4, _IOC(_IOC_NONE, 0x75, 0x30, 0), 0xffffffffed38) = 0 <0.000073>
19795 19:04:36.155647 ioctl(4, _IOC(_IOC_NONE, 0x75, 0x30, 0), 0xffffffffed38) = 0 <0.000079>
19795 19:04:36.155798 ioctl(4, _IOC(_IOC_NONE, 0x75, 0x30, 0), 0xffffffffed38) = 0 <0.000070>
19795 19:04:36.155932 ioctl(4, _IOC(_IOC_NONE, 0x75, 0x30, 0), 0xffffffffed38) = 0 <0.000080>
19795 19:04:36.156082 ioctl(4, _IOC(_IOC_NONE, 0x75, 0x30, 0), 0xffffffffed38) = 0 <0.000070>
19795 19:04:36.156216 ioctl(4, _IOC(_IOC_NONE, 0x75, 0x30, 0), 0xffffffffed38) = 0 <0.000077>
19795 19:04:36.156364 ioctl(4, _IOC(_IOC_NONE, 0x75, 0x30, 0), 0xffffffffed38) = 0 <0.000068>
19795 19:04:36.156498 ioctl(4, _IOC(_IOC_NONE, 0x75, 0x30, 0), 0xffffffffe9d8) = 0 <0.000052>
19795 19:04:36.156610 ioctl(4, _IOC(_IOC_NONE, 0x75, 0x30, 0), 0xffffffffea48) = 0 <0.000069>
19796 19:04:36.156723 <... ioctl resumed>, 0xfffff520e618) = 0 <0.003788>
19795 19:04:36.156775 ioctl(4, _IOC(_IOC_NONE, 0x75, 0x30, 0) <unfinished ...>
19796 19:04:36.156868 ioctl(4, _IOC(_IOC_NONE, 0x75, 0x30, 0) <unfinished ...>
19795 19:04:36.156900 <... ioctl resumed>, 0xffffffffed38) = 0 <0.000103>
19796 19:04:36.156948 <... ioctl resumed>, 0xfffff520e618) = 0 <0.000057>
19795 19:04:36.156998 ioctl(4, _IOC(_IOC_NONE, 0x75, 0x30, 0), 0xffffffffed38) = 0 <0.000064>
19795 19:04:36.157121 ioctl(4, _IOC(_IOC_NONE, 0x75, 0x30, 0), 0xffffffffed38) = 0 <0.000084>
19795 19:04:36.157282 ioctl(4, _IOC(_IOC_NONE, 0x75, 0x30, 0), 0xffffffffed38) = 0 <0.000074>
19795 19:04:36.157422 ioctl(4, _IOC(_IOC_NONE, 0x75, 0x30, 0), 0xffffffffed38) = 0 <0.000204>
19795 19:04:36.157748 ioctl(4, _IOC(_IOC_NONE, 0x75, 0x30, 0), 0xffffffffed38) = 0 <0.000076>
19795 19:04:36.157901 ioctl(4, _IOC(_IOC_NONE, 0x75, 0x30, 0), 0xffffffffed38) = 0 <0.000082>
19795 19:04:36.158064 ioctl(4, _IOC(_IOC_NONE, 0x75, 0x30, 0), 0xffffffffed38) = 0 <0.000073>
19795 19:04:36.158205 ioctl(4, _IOC(_IOC_NONE, 0x75, 0x30, 0), 0xffffffffed38) = 0 <0.000081>
19795 19:04:36.158359 ioctl(4, _IOC(_IOC_NONE, 0x75, 0x30, 0), 0xffffffffed38) = 0 <0.000069>
19795 19:04:36.158491 ioctl(4, _IOC(_IOC_NONE, 0x75, 0x30, 0), 0xffffffffed38) = 0 <0.000083>
19795 19:04:36.158644 ioctl(4, _IOC(_IOC_NONE, 0x75, 0x30, 0), 0xffffffffed38) = 0 <0.000069>
19795 19:04:36.158779 ioctl(4, _IOC(_IOC_NONE, 0x75, 0x30, 0), 0xffffffffed38) = 0 <0.000084>
19795 19:04:36.158941 ioctl(4, _IOC(_IOC_NONE, 0x75, 0x30, 0), 0xffffffffed38) = 0 <0.000071>
19795 19:04:36.159079 ioctl(4, _IOC(_IOC_NONE, 0x75, 0x30, 0), 0xffffffffed38) = 0 <0.000086>
19795 19:04:36.159243 ioctl(4, _IOC(_IOC_NONE, 0x75, 0x30, 0), 0xffffffffed38) = 0 <0.000076>
19795 19:04:36.159387 ioctl(4, _IOC(_IOC_NONE, 0x75, 0x30, 0), 0xffffffffed38) = 0 <0.000082>
19795 19:04:36.159546 ioctl(4, _IOC(_IOC_NONE, 0x75, 0x30, 0), 0xffffffffed38) = 0 <0.000072>
19795 19:04:36.159689 ioctl(4, _IOC(_IOC_NONE, 0x75, 0x30, 0), 0xffffffffed38) = 0 <0.000084>
19795 19:04:36.159855 ioctl(4, _IOC(_IOC_NONE, 0x75, 0x30, 0), 0xffffffffed38) = 0 <0.000073>
19795 19:04:36.159997 ioctl(4, _IOC(_IOC_NONE, 0x75, 0x30, 0), 0xffffffffed38) = 0 <0.000080>
19795 19:04:36.160158 ioctl(4, _IOC(_IOC_NONE, 0x75, 0x30, 0), 0xffffffffed38) = 0 <0.000075>
19795 19:04:36.160306 ioctl(4, _IOC(_IOC_NONE, 0x75, 0x30, 0), 0xffffffffed38) = 0 <0.000087>
19795 19:04:36.160518 ioctl(4, _IOC(_IOC_NONE, 0x75, 0x30, 0), 0xffffffffed38) = 0 <0.000078>
19795 19:04:36.160671 ioctl(4, _IOC(_IOC_NONE, 0x75, 0x30, 0), 0xffffffffed38) = 0 <0.000090>
19795 19:04:36.160845 ioctl(4, _IOC(_IOC_NONE, 0x75, 0x30, 0), 0xffffffffed38) = 0 <0.000075>
19795 19:04:36.160992 ioctl(4, _IOC(_IOC_NONE, 0x75, 0x30, 0), 0xffffffffed38) = 0 <0.000083>
19795 19:04:36.161152 ioctl(4, _IOC(_IOC_NONE, 0x75, 0x30, 0), 0xffffffffed38) = 0 <0.000071>
19795 19:04:36.161288 ioctl(4, _IOC(_IOC_NONE, 0x75, 0x30, 0), 0xffffffffed38) = 0 <0.000081>
19795 19:04:36.161443 ioctl(4, _IOC(_IOC_NONE, 0x75, 0x30, 0), 0xffffffffed38) = 0 <0.000078>
19795 19:04:36.161624 ioctl(4, _IOC(_IOC_NONE, 0x75, 0x30, 0) <unfinished ...>
19796 19:04:36.161693 ioctl(4, _IOC(_IOC_NONE, 0x75, 0x30, 0) <unfinished ...>
19795 19:04:36.161824 <... ioctl resumed>, 0xffffffffed38) = 0 <0.000139>
19795 19:04:36.161886 ioctl(4, _IOC(_IOC_NONE, 0x75, 0x30, 0), 0xffffffffed38) = 0 <0.000065>
19795 19:04:36.162013 ioctl(4, _IOC(_IOC_NONE, 0x75, 0x30, 0), 0xffffffffe9d8) = 0 <0.000052>
19795 19:04:36.162123 ioctl(4, _IOC(_IOC_NONE, 0x75, 0x30, 0) <unfinished ...>
19796 19:04:36.162153 <... ioctl resumed>, 0xfffff520e608) = 0 <0.000436>
19795 19:04:36.162228 <... ioctl resumed>, 0xffffffffea48) = 0 <0.000084>
19795 19:04:36.162270 ioctl(4, _IOC(_IOC_NONE, 0x75, 0x30, 0), 0xffffffffed38) = 0 <0.000073>
19795 19:04:36.162410 ioctl(4, _IOC(_IOC_NONE, 0x75, 0x30, 0), 0xffffffffed38) = 0 <0.000062>
19795 19:04:36.162528 ioctl(4, _IOC(_IOC_NONE, 0x75, 0x30, 0), 0xffffffffed38) = 0 <0.000075>
19795 19:04:36.162663 ioctl(4, _IOC(_IOC_NONE, 0x75, 0x30, 0) <unfinished ...>
19796 19:04:36.162742 ioctl(4, _IOC(_IOC_NONE, 0x75, 0x30, 0) <unfinished ...>
19795 19:04:36.162798 <... ioctl resumed>, 0xffffffffed38) = 0 <0.000113>
19795 19:04:36.162843 ioctl(4, _IOC(_IOC_NONE, 0x75, 0x30, 0) <unfinished ...>
19796 19:04:36.162873 <... ioctl resumed>, 0xfffff520e618) = 0 <0.000109>
19795 19:04:36.162983 <... ioctl resumed>, 0xffffffffed38) = 0 <0.000113>
19796 19:04:36.163020 ioctl(4, _IOC(_IOC_NONE, 0x75, 0x30, 0) <unfinished ...>
19795 19:04:36.163090 ioctl(4, _IOC(_IOC_NONE, 0x75, 0x30, 0), 0xffffffffed38) = 0 <0.000066>
19795 19:04:36.163217 ioctl(4, _IOC(_IOC_NONE, 0x75, 0x30, 0), 0xffffffffed38) = 0 <0.000075>
19795 19:04:36.163354 ioctl(4, _IOC(_IOC_NONE, 0x75, 0x30, 0), 0xffffffffed38) = 0 <0.000068>
19796 19:04:36.163459 <... ioctl resumed>, 0xfffff520e608) = 0 <0.000416>
19795 19:04:36.163509 ioctl(4, _IOC(_IOC_NONE, 0x75, 0x30, 0), 0xffffffffed38) = 0 <0.000075>
19795 19:04:36.163650 ioctl(4, _IOC(_IOC_NONE, 0x75, 0x30, 0), 0xffffffffed38) = 0 <0.000066>
19795 19:04:36.163771 ioctl(4, _IOC(_IOC_NONE, 0x75, 0x30, 0), 0xffffffffed38) = 0 <0.000074>
19795 19:04:36.163904 ioctl(4, _IOC(_IOC_NONE, 0x75, 0x30, 0), 0xffffffffed38) = 0 <0.000064>
19795 19:04:36.164031 ioctl(4, _IOC(_IOC_NONE, 0x75, 0x30, 0) <unfinished ...>
19796 19:04:36.164061 ioctl(4, _IOC(_IOC_NONE, 0x75, 0x30, 0) <unfinished ...>
19795 19:04:36.164167 <... ioctl resumed>, 0xffffffffed38) = 0 <0.000111>
19796 19:04:36.164203 <... ioctl resumed>, 0xfffff520e618) = 0 <0.000122>
19795 19:04:36.164265 ioctl(4, _IOC(_IOC_NONE, 0x75, 0x30, 0) <unfinished ...>
19796 19:04:36.164367 ioctl(4, _IOC(_IOC_NONE, 0x75, 0x30, 0) <unfinished ...>
19795 19:04:36.164415 <... ioctl resumed>, 0xffffffffed38) = 0 <0.000123>
19795 19:04:36.164471 ioctl(4, _IOC(_IOC_NONE, 0x75, 0x30, 0) <unfinished ...>
19796 19:04:36.164500 <... ioctl resumed>, 0xfffff520e618) = 0 <0.000104>
19796 19:04:36.164551 ioctl(4, _IOC(_IOC_NONE, 0x75, 0x30, 0) <unfinished ...>
19795 19:04:36.164654 <... ioctl resumed>, 0xffffffffed38) = 0 <0.000159>
19796 19:04:36.164690 <... ioctl resumed>, 0xfffff520e618) = 0 <0.000117>
19795 19:04:36.164754 ioctl(4, _IOC(_IOC_NONE, 0x75, 0x30, 0) <unfinished ...>
19796 19:04:36.164849 ioctl(4, _IOC(_IOC_NONE, 0x75, 0x30, 0) <unfinished ...>
19795 19:04:36.164884 <... ioctl resumed>, 0xffffffffed38) = 0 <0.000105>
19795 19:04:36.164934 ioctl(4, _IOC(_IOC_NONE, 0x75, 0x30, 0), 0xffffffffed38) = 0 <0.000077>
19795 19:04:36.165124 ioctl(4, _IOC(_IOC_NONE, 0x75, 0x30, 0), 0xffffffffed38) = 0 <0.000077>
19795 19:04:36.165274 ioctl(4, _IOC(_IOC_NONE, 0x75, 0x30, 0), 0xffffffffed38) = 0 <0.000080>
19795 19:04:36.165427 ioctl(4, _IOC(_IOC_NONE, 0x75, 0x30, 0), 0xffffffffed38) = 0 <0.000069>
19795 19:04:36.165559 ioctl(4, _IOC(_IOC_NONE, 0x75, 0x30, 0), 0xffffffffed38) = 0 <0.000092>
19795 19:04:36.165790 ioctl(4, _IOC(_IOC_NONE, 0x75, 0x30, 0), 0xffffffffed38) = 0 <0.000074>
19795 19:04:36.165932 ioctl(4, _IOC(_IOC_NONE, 0x75, 0x30, 0), 0xffffffffed38) = 0 <0.000082>
19795 19:04:36.166092 ioctl(4, _IOC(_IOC_NONE, 0x75, 0x30, 0), 0xffffffffed38) = 0 <0.000069>
19795 19:04:36.166223 ioctl(4, _IOC(_IOC_NONE, 0x75, 0x30, 0), 0xffffffffed38) = 0 <0.000079>
19795 19:04:36.166368 ioctl(4, _IOC(_IOC_NONE, 0x75, 0x30, 0), 0xffffffffed38) = 0 <0.000068>
19795 19:04:36.166497 ioctl(4, _IOC(_IOC_NONE, 0x75, 0x30, 0), 0xffffffffed38) = 0 <0.000081>
19795 19:04:36.166653 ioctl(4, _IOC(_IOC_NONE, 0x75, 0x30, 0), 0xffffffffed38) = 0 <0.000075>
19795 19:04:36.166795 ioctl(4, _IOC(_IOC_NONE, 0x75, 0x30, 0), 0xffffffffed38) = 0 <0.000077>
19795 19:04:36.166946 ioctl(4, _IOC(_IOC_NONE, 0x75, 0x30, 0), 0xffffffffed38) = 0 <0.000070>
19795 19:04:36.167076 ioctl(4, _IOC(_IOC_NONE, 0x75, 0x30, 0), 0xffffffffed38) = 0 <0.000079>
19795 19:04:36.167224 ioctl(4, _IOC(_IOC_NONE, 0x75, 0x30, 0), 0xffffffffed38) = 0 <0.000067>
19795 19:04:36.167358 ioctl(4, _IOC(_IOC_NONE, 0x75, 0x30, 0), 0xffffffffe9d8) = 0 <0.000051>
19795 19:04:36.167473 ioctl(4, _IOC(_IOC_NONE, 0x75, 0x30, 0), 0xffffffffea48) = 0 <0.000067>
19796 19:04:36.167584 <... ioctl resumed>, 0xfffff520e618) = 0 <0.002711>
19795 19:04:36.167650 ioctl(4, _IOC(_IOC_NONE, 0x75, 0x30, 0) <unfinished ...>
19796 19:04:36.167754 ioctl(4, _IOC(_IOC_NONE, 0x75, 0x30, 0) <unfinished ...>
19795 19:04:36.167789 <... ioctl resumed>, 0xffffffffed38) = 0 <0.000115>
19796 19:04:36.167897 <... ioctl resumed>, 0xfffff520e618) = 0 <0.000118>
19795 19:04:36.167966 ioctl(4, _IOC(_IOC_NONE, 0x75, 0x30, 0) <unfinished ...>
19796 19:04:36.167997 ioctl(4, _IOC(_IOC_NONE, 0x75, 0x30, 0) <unfinished ...>
19795 19:04:36.168096 <... ioctl resumed>, 0xffffffffed38) = 0 <0.000103>
19795 19:04:36.168144 ioctl(4, _IOC(_IOC_NONE, 0x75, 0x30, 0), 0xffffffffed38) = 0 <0.000075>
19795 19:04:36.168284 ioctl(4, _IOC(_IOC_NONE, 0x75, 0x30, 0), 0xffffffffed38) = 0 <0.000064>
19795 19:04:36.168404 ioctl(4, _IOC(_IOC_NONE, 0x75, 0x30, 0) <unfinished ...>
19796 19:04:36.168431 <... ioctl resumed>, 0xfffff520e608) = 0 <0.000415>
19795 19:04:36.168532 <... ioctl resumed>, 0xffffffffed38) = 0 <0.000105>
19795 19:04:36.168589 ioctl(4, _IOC(_IOC_NONE, 0x75, 0x30, 0), 0xffffffffed38) = 0 <0.000066>
19795 19:04:36.168711 ioctl(4, _IOC(_IOC_NONE, 0x75, 0x30, 0), 0xffffffffed38) = 0 <0.000073>
19795 19:04:36.168847 ioctl(4, _IOC(_IOC_NONE, 0x75, 0x30, 0), 0xffffffffed38) = 0 <0.000064>
19795 19:04:36.168968 ioctl(4, _IOC(_IOC_NONE, 0x75, 0x30, 0) <unfinished ...>
19796 19:04:36.168999 ioctl(4, _IOC(_IOC_NONE, 0x75, 0x30, 0), 0xfffff520e618) = 0 <0.000065>
19795 19:04:36.169135 <... ioctl resumed>, 0xffffffffed38) = 0 <0.000144>
19796 19:04:36.169186 ioctl(4, _IOC(_IOC_NONE, 0x75, 0x30, 0) <unfinished ...>
19795 19:04:36.169218 ioctl(4, _IOC(_IOC_NONE, 0x75, 0x30, 0), 0xffffffffed38) = 0 <0.000068>
19795 19:04:36.169343 ioctl(4, _IOC(_IOC_NONE, 0x75, 0x30, 0), 0xffffffffed38) = 0 <0.000078>
19795 19:04:36.169491 ioctl(4, _IOC(_IOC_NONE, 0x75, 0x30, 0), 0xffffffffed38) = 0 <0.000100>
19795 19:04:36.169676 ioctl(4, _IOC(_IOC_NONE, 0x75, 0x30, 0), 0xffffffffed38) = 0 <0.000081>
19795 19:04:36.169835 ioctl(4, _IOC(_IOC_NONE, 0x75, 0x30, 0), 0xffffffffed38) = 0 <0.000071>
19795 19:04:36.169970 ioctl(4, _IOC(_IOC_NONE, 0x75, 0x30, 0), 0xffffffffed38) = 0 <0.000078>
19795 19:04:36.170114 ioctl(4, _IOC(_IOC_NONE, 0x75, 0x30, 0), 0xffffffffed38) = 0 <0.000066>
19795 19:04:36.170239 ioctl(4, _IOC(_IOC_NONE, 0x75, 0x30, 0), 0xffffffffed38) = 0 <0.000078>
19795 19:04:36.170386 ioctl(4, _IOC(_IOC_NONE, 0x75, 0x30, 0), 0xffffffffed38) = 0 <0.000068>
19795 19:04:36.170548 ioctl(4, _IOC(_IOC_NONE, 0x75, 0x30, 0), 0xffffffffed38) = 0 <0.000076>
19795 19:04:36.170696 ioctl(4, _IOC(_IOC_NONE, 0x75, 0x30, 0), 0xffffffffed38) = 0 <0.000071>
19795 19:04:36.170825 ioctl(4, _IOC(_IOC_NONE, 0x75, 0x30, 0), 0xffffffffed38) = 0 <0.000076>
19795 19:04:36.170968 ioctl(4, _IOC(_IOC_NONE, 0x75, 0x30, 0), 0xffffffffed38) = 0 <0.000066>
19795 19:04:36.171092 ioctl(4, _IOC(_IOC_NONE, 0x75, 0x30, 0), 0xffffffffed38) = 0 <0.000075>
19795 19:04:36.171234 ioctl(4, _IOC(_IOC_NONE, 0x75, 0x30, 0), 0xffffffffed38) = 0 <0.000066>
19795 19:04:36.171358 ioctl(4, _IOC(_IOC_NONE, 0x75, 0x30, 0), 0xffffffffed38) = 0 <0.000076>
19795 19:04:36.171498 ioctl(4, _IOC(_IOC_NONE, 0x75, 0x30, 0), 0xffffffffed38) = 0 <0.000066>
19795 19:04:36.171622 ioctl(4, _IOC(_IOC_NONE, 0x75, 0x30, 0), 0xffffffffed38) = 0 <0.000075>
19795 19:04:36.171763 ioctl(4, _IOC(_IOC_NONE, 0x75, 0x30, 0), 0xffffffffed38) = 0 <0.000064>
19795 19:04:36.171888 ioctl(4, _IOC(_IOC_NONE, 0x75, 0x30, 0), 0xffffffffed38) = 0 <0.000081>
19795 19:04:36.172044 ioctl(4, _IOC(_IOC_NONE, 0x75, 0x30, 0), 0xffffffffed38) = 0 <0.000071>
19795 19:04:36.172181 ioctl(4, _IOC(_IOC_NONE, 0x75, 0x30, 0), 0xffffffffed38) = 0 <0.000080>
19795 19:04:36.172339 ioctl(4, _IOC(_IOC_NONE, 0x75, 0x30, 0), 0xffffffffed38) = 0 <0.000071>
19795 19:04:36.172479 ioctl(4, _IOC(_IOC_NONE, 0x75, 0x30, 0), 0xffffffffe9d8) = 0 <0.000053>
19795 19:04:36.172598 ioctl(4, _IOC(_IOC_NONE, 0x75, 0x30, 0), 0xffffffffea48) = 0 <0.000104>
19796 19:04:36.172750 <... ioctl resumed>, 0xfffff520e618) = 0 <0.003542>
19795 19:04:36.172805 ioctl(4, _IOC(_IOC_NONE, 0x75, 0x30, 0) <unfinished ...>
19796 19:04:36.172906 ioctl(4, _IOC(_IOC_NONE, 0x75, 0x30, 0) <unfinished ...>
19795 19:04:36.172942 <... ioctl resumed>, 0xffffffffed38) = 0 <0.000112>
19796 19:04:36.172992 <... ioctl resumed>, 0xfffff520e618) = 0 <0.000062>
19795 19:04:36.173048 ioctl(4, _IOC(_IOC_NONE, 0x75, 0x30, 0) <unfinished ...>
19796 19:04:36.173077 ioctl(4, _IOC(_IOC_NONE, 0x75, 0x30, 0) <unfinished ...>
19795 19:04:36.173171 <... ioctl resumed>, 0xffffffffed38) = 0 <0.000100>
19795 19:04:36.173219 ioctl(4, _IOC(_IOC_NONE, 0x75, 0x30, 0), 0xffffffffed38) = 0 <0.000071>
19795 19:04:36.173353 ioctl(4, _IOC(_IOC_NONE, 0x75, 0x30, 0), 0xffffffffed38) = 0 <0.000065>
19795 19:04:36.173473 ioctl(4, _IOC(_IOC_NONE, 0x75, 0x30, 0) <unfinished ...>
19796 19:04:36.173502 <... ioctl resumed>, 0xfffff520e608) = 0 <0.000405>
19795 19:04:36.173630 <... ioctl resumed>, 0xffffffffed38) = 0 <0.000134>
19795 19:04:36.173718 ioctl(4, _IOC(_IOC_NONE, 0x75, 0x30, 0), 0xffffffffed38) = 0 <0.000071>
19795 19:04:36.173846 ioctl(4, _IOC(_IOC_NONE, 0x75, 0x30, 0), 0xffffffffed38) = 0 <0.000080>
19795 19:04:36.173995 ioctl(4, _IOC(_IOC_NONE, 0x75, 0x30, 0), 0xffffffffed38) = 0 <0.000067>
19795 19:04:36.174121 ioctl(4, _IOC(_IOC_NONE, 0x75, 0x30, 0), 0xffffffffed38) = 0 <0.000075>
19795 19:04:36.174261 ioctl(4, _IOC(_IOC_NONE, 0x75, 0x30, 0), 0xffffffffed38) = 0 <0.000068>
19795 19:04:36.174383 ioctl(4, _IOC(_IOC_NONE, 0x75, 0x30, 0), 0xffffffffed38) = 0 <0.000070>
19795 19:04:36.174512 ioctl(4, _IOC(_IOC_NONE, 0x75, 0x30, 0) <unfinished ...>
19796 19:04:36.174542 ioctl(4, _IOC(_IOC_NONE, 0x75, 0x30, 0), 0xfffff520e618) = 0 <0.000064>
19795 19:04:36.174672 <... ioctl resumed>, 0xffffffffed38) = 0 <0.000138>
19796 19:04:36.174715 ioctl(4, _IOC(_IOC_NONE, 0x75, 0x30, 0) <unfinished ...>
19795 19:04:36.174747 ioctl(4, _IOC(_IOC_NONE, 0x75, 0x30, 0), 0xffffffffed38) = 0 <0.000076>
19795 19:04:36.174891 ioctl(4, _IOC(_IOC_NONE, 0x75, 0x30, 0), 0xffffffffed38) = 0 <0.000069>
19795 19:04:36.175021 ioctl(4, _IOC(_IOC_NONE, 0x75, 0x30, 0), 0xffffffffed38) = 0 <0.000079>
19795 19:04:36.175173 ioctl(4, _IOC(_IOC_NONE, 0x75, 0x30, 0), 0xffffffffed38) = 0 <0.000071>
19795 19:04:36.175307 ioctl(4, _IOC(_IOC_NONE, 0x75, 0x30, 0), 0xffffffffed38) = 0 <0.000080>
19795 19:04:36.175459 ioctl(4, _IOC(_IOC_NONE, 0x75, 0x30, 0), 0xffffffffed38) = 0 <0.000068>
19795 19:04:36.175588 ioctl(4, _IOC(_IOC_NONE, 0x75, 0x30, 0), 0xffffffffed38) = 0 <0.000079>
19795 19:04:36.175739 ioctl(4, _IOC(_IOC_NONE, 0x75, 0x30, 0), 0xffffffffed38) = 0 <0.000074>
19795 19:04:36.175909 ioctl(4, _IOC(_IOC_NONE, 0x75, 0x30, 0), 0xffffffffed38) = 0 <0.000077>
19795 19:04:36.176061 ioctl(4, _IOC(_IOC_NONE, 0x75, 0x30, 0), 0xffffffffed38) = 0 <0.000070>
19795 19:04:36.176196 ioctl(4, _IOC(_IOC_NONE, 0x75, 0x30, 0), 0xffffffffed38) = 0 <0.000083>
19795 19:04:36.176355 ioctl(4, _IOC(_IOC_NONE, 0x75, 0x30, 0), 0xffffffffed38) = 0 <0.000074>
19795 19:04:36.176494 ioctl(4, _IOC(_IOC_NONE, 0x75, 0x30, 0), 0xffffffffed38) = 0 <0.000080>
19795 19:04:36.176648 ioctl(4, _IOC(_IOC_NONE, 0x75, 0x30, 0), 0xffffffffed38) = 0 <0.000072>
19795 19:04:36.176785 ioctl(4, _IOC(_IOC_NONE, 0x75, 0x30, 0), 0xffffffffed38) = 0 <0.000079>
19795 19:04:36.176939 ioctl(4, _IOC(_IOC_NONE, 0x75, 0x30, 0), 0xffffffffed38) = 0 <0.000072>
19795 19:04:36.177076 ioctl(4, _IOC(_IOC_NONE, 0x75, 0x30, 0), 0xffffffffed38) = 0 <0.000078>
19795 19:04:36.177222 ioctl(4, _IOC(_IOC_NONE, 0x75, 0x30, 0), 0xffffffffed38) = 0 <0.000074>
19795 19:04:36.177362 ioctl(4, _IOC(_IOC_NONE, 0x75, 0x30, 0), 0xffffffffed38) = 0 <0.000079>
19795 19:04:36.177515 ioctl(4, _IOC(_IOC_NONE, 0x75, 0x30, 0), 0xffffffffed38) = 0 <0.000118>
19795 19:04:36.177740 ioctl(4, _IOC(_IOC_NONE, 0x75, 0x30, 0), 0xffffffffe9d8) = 0 <0.000056>
19795 19:04:36.177870 ioctl(4, _IOC(_IOC_NONE, 0x75, 0x30, 0), 0xffffffffea48) = 0 <0.000083>
19796 19:04:36.177995 <... ioctl resumed>, 0xfffff520e618) = 0 <0.003257>
19795 19:04:36.178056 ioctl(4, _IOC(_IOC_NONE, 0x75, 0x30, 0) <unfinished ...>
19796 19:04:36.178085 ioctl(4, _IOC(_IOC_NONE, 0x75, 0x30, 0) <unfinished ...>
19795 19:04:36.178191 <... ioctl resumed>, 0xffffffffed38) = 0 <0.000110>
19796 19:04:36.178305 <... ioctl resumed>, 0xfffff520e618) = 0 <0.000198>
19795 19:04:36.178342 ioctl(4, _IOC(_IOC_NONE, 0x75, 0x30, 0) <unfinished ...>
19796 19:04:36.178373 ioctl(4, _IOC(_IOC_NONE, 0x75, 0x30, 0) <unfinished ...>
19795 19:04:36.178468 <... ioctl resumed>, 0xffffffffed38) = 0 <0.000102>
19795 19:04:36.178513 ioctl(4, _IOC(_IOC_NONE, 0x75, 0x30, 0), 0xffffffffed38) = 0 <0.000079>
19795 19:04:36.178656 ioctl(4, _IOC(_IOC_NONE, 0x75, 0x30, 0), 0xffffffffed38) = 0 <0.000069>
19795 19:04:36.178776 ioctl(4, _IOC(_IOC_NONE, 0x75, 0x30, 0) <unfinished ...>
19796 19:04:36.178805 <... ioctl resumed>, 0xfffff520e608) = 0 <0.000412>
19795 19:04:36.178907 <... ioctl resumed>, 0xffffffffed38) = 0 <0.000108>
19795 19:04:36.178960 ioctl(4, _IOC(_IOC_NONE, 0x75, 0x30, 0), 0xffffffffed38) = 0 <0.000061>
19795 19:04:36.179076 ioctl(4, _IOC(_IOC_NONE, 0x75, 0x30, 0), 0xffffffffed38) = 0 <0.000075>
19795 19:04:36.179212 ioctl(4, _IOC(_IOC_NONE, 0x75, 0x30, 0), 0xffffffffed38) = 0 <0.000065>
19795 19:04:36.179332 ioctl(4, _IOC(_IOC_NONE, 0x75, 0x30, 0) <unfinished ...>
19796 19:04:36.179384 ioctl(4, _IOC(_IOC_NONE, 0x75, 0x30, 0) <unfinished ...>
19795 19:04:36.179481 <... ioctl resumed>, 0xffffffffed38) = 0 <0.000126>
19796 19:04:36.179536 <... ioctl resumed>, 0xfffff520e618) = 0 <0.000131>
19795 19:04:36.179568 ioctl(4, _IOC(_IOC_NONE, 0x75, 0x30, 0) <unfinished ...>
19796 19:04:36.179597 ioctl(4, _IOC(_IOC_NONE, 0x75, 0x30, 0) <unfinished ...>
19795 19:04:36.179687 <... ioctl resumed>, 0xffffffffed38) = 0 <0.000096>
19795 19:04:36.179733 ioctl(4, _IOC(_IOC_NONE, 0x75, 0x30, 0), 0xffffffffed38) = 0 <0.000080>
19795 19:04:36.179880 ioctl(4, _IOC(_IOC_NONE, 0x75, 0x30, 0), 0xffffffffed38) = 0 <0.000071>
19795 19:04:36.180012 ioctl(4, _IOC(_IOC_NONE, 0x75, 0x30, 0), 0xffffffffed38) = 0 <0.000076>
19795 19:04:36.180158 ioctl(4, _IOC(_IOC_NONE, 0x75, 0x30, 0), 0xffffffffed38) = 0 <0.000066>
19795 19:04:36.180283 ioctl(4, _IOC(_IOC_NONE, 0x75, 0x30, 0), 0xffffffffed38) = 0 <0.000075>
19795 19:04:36.180417 ioctl(4, _IOC(_IOC_NONE, 0x75, 0x30, 0), 0xffffffffed38) = 0 <0.000067>
19795 19:04:36.180541 ioctl(4, _IOC(_IOC_NONE, 0x75, 0x30, 0), 0xffffffffed38) = 0 <0.000074>
19795 19:04:36.180678 ioctl(4, _IOC(_IOC_NONE, 0x75, 0x30, 0), 0xffffffffed38) = 0 <0.000067>
19795 19:04:36.180799 ioctl(4, _IOC(_IOC_NONE, 0x75, 0x30, 0), 0xffffffffed38) = 0 <0.000079>
19795 19:04:36.180974 ioctl(4, _IOC(_IOC_NONE, 0x75, 0x30, 0), 0xffffffffed38) = 0 <0.000069>
19795 19:04:36.181100 ioctl(4, _IOC(_IOC_NONE, 0x75, 0x30, 0), 0xffffffffed38) = 0 <0.000079>
19795 19:04:36.181244 ioctl(4, _IOC(_IOC_NONE, 0x75, 0x30, 0), 0xffffffffed38) = 0 <0.000067>
19795 19:04:36.181365 ioctl(4, _IOC(_IOC_NONE, 0x75, 0x30, 0), 0xffffffffed38) = 0 <0.000076>
19795 19:04:36.181503 ioctl(4, _IOC(_IOC_NONE, 0x75, 0x30, 0), 0xffffffffed38) = 0 <0.000102>
19795 19:04:36.181685 ioctl(4, _IOC(_IOC_NONE, 0x75, 0x30, 0), 0xffffffffed38) = 0 <0.000079>
19795 19:04:36.181835 ioctl(4, _IOC(_IOC_NONE, 0x75, 0x30, 0), 0xffffffffed38) = 0 <0.000065>
19795 19:04:36.181958 ioctl(4, _IOC(_IOC_NONE, 0x75, 0x30, 0), 0xffffffffed38) = 0 <0.000073>
19795 19:04:36.182096 ioctl(4, _IOC(_IOC_NONE, 0x75, 0x30, 0), 0xffffffffed38) = 0 <0.000065>
19795 19:04:36.182218 ioctl(4, _IOC(_IOC_NONE, 0x75, 0x30, 0), 0xffffffffed38) = 0 <0.000078>
19795 19:04:36.182358 ioctl(4, _IOC(_IOC_NONE, 0x75, 0x30, 0), 0xffffffffed38) = 0 <0.000068>
19795 19:04:36.182483 ioctl(4, _IOC(_IOC_NONE, 0x75, 0x30, 0), 0xffffffffed38) = 0 <0.000075>
19795 19:04:36.182624 ioctl(4, _IOC(_IOC_NONE, 0x75, 0x30, 0), 0xffffffffed38) = 0 <0.000068>
19795 19:04:36.182758 ioctl(4, _IOC(_IOC_NONE, 0x75, 0x30, 0), 0xffffffffe9d8) = 0 <0.000052>
19795 19:04:36.182871 ioctl(4, _IOC(_IOC_NONE, 0x75, 0x30, 0) <unfinished ...>
19796 19:04:36.182983 <... ioctl resumed>, 0xfffff520e618) = 0 <0.003365>
19795 19:04:36.183040 <... ioctl resumed>, 0xffffffffea48) = 0 <0.000146>
19796 19:04:36.183082 ioctl(4, _IOC(_IOC_NONE, 0x75, 0x30, 0) <unfinished ...>
19795 19:04:36.183112 ioctl(4, _IOC(_IOC_NONE, 0x75, 0x30, 0), 0xffffffffed38) = 0 <0.000076>
19796 19:04:36.183223 <... ioctl resumed>, 0xfffff520e618) = 0 <0.000120>
19796 19:04:36.183273 ioctl(4, _IOC(_IOC_NONE, 0x75, 0x30, 0) <unfinished ...>
19795 19:04:36.183325 ioctl(4, _IOC(_IOC_NONE, 0x75, 0x30, 0), 0xffffffffed38) = 0 <0.000066>
19795 19:04:36.183447 ioctl(4, _IOC(_IOC_NONE, 0x75, 0x30, 0), 0xffffffffed38) = 0 <0.000074>
19795 19:04:36.183580 ioctl(4, _IOC(_IOC_NONE, 0x75, 0x30, 0), 0xffffffffed38) = 0 <0.000066>
19796 19:04:36.183685 <... ioctl resumed>, 0xfffff520e608) = 0 <0.000389>
19795 19:04:36.183732 ioctl(4, _IOC(_IOC_NONE, 0x75, 0x30, 0), 0xffffffffed38) = 0 <0.000075>
19795 19:04:36.183871 ioctl(4, _IOC(_IOC_NONE, 0x75, 0x30, 0), 0xffffffffed38) = 0 <0.000064>
19795 19:04:36.183990 ioctl(4, _IOC(_IOC_NONE, 0x75, 0x30, 0), 0xffffffffed38) = 0 <0.000075>
19795 19:04:36.184121 ioctl(4, _IOC(_IOC_NONE, 0x75, 0x30, 0), 0xffffffffed38) = 0 <0.000064>
19795 19:04:36.184250 ioctl(4, _IOC(_IOC_NONE, 0x75, 0x30, 0) <unfinished ...>
19796 19:04:36.184276 ioctl(4, _IOC(_IOC_NONE, 0x75, 0x30, 0) <unfinished ...>
19795 19:04:36.184372 <... ioctl resumed>, 0xffffffffed38) = 0 <0.000100>
19796 19:04:36.184401 <... ioctl resumed>, 0xfffff520e618) = 0 <0.000105>
19795 19:04:36.184454 ioctl(4, _IOC(_IOC_NONE, 0x75, 0x30, 0) <unfinished ...>
19796 19:04:36.184538 ioctl(4, _IOC(_IOC_NONE, 0x75, 0x30, 0) <unfinished ...>
19795 19:04:36.184569 <... ioctl resumed>, 0xffffffffed38) = 0 <0.000093>
19795 19:04:36.184614 ioctl(4, _IOC(_IOC_NONE, 0x75, 0x30, 0), 0xffffffffed38) = 0 <0.000077>
19795 19:04:36.184753 ioctl(4, _IOC(_IOC_NONE, 0x75, 0x30, 0), 0xffffffffed38) = 0 <0.000066>
19795 19:04:36.184876 ioctl(4, _IOC(_IOC_NONE, 0x75, 0x30, 0), 0xffffffffed38) = 0 <0.000074>
19795 19:04:36.185014 ioctl(4, _IOC(_IOC_NONE, 0x75, 0x30, 0), 0xffffffffed38) = 0 <0.000065>
19795 19:04:36.185137 ioctl(4, _IOC(_IOC_NONE, 0x75, 0x30, 0), 0xffffffffed38) = 0 <0.000071>
19795 19:04:36.185271 ioctl(4, _IOC(_IOC_NONE, 0x75, 0x30, 0), 0xffffffffed38) = 0 <0.000069>
19795 19:04:36.185398 ioctl(4, _IOC(_IOC_NONE, 0x75, 0x30, 0), 0xffffffffed38) = 0 <0.000076>
19795 19:04:36.185538 ioctl(4, _IOC(_IOC_NONE, 0x75, 0x30, 0), 0xffffffffed38) = 0 <0.000110>
19795 19:04:36.185739 ioctl(4, _IOC(_IOC_NONE, 0x75, 0x30, 0), 0xffffffffed38) = 0 <0.000082>
19795 19:04:36.185901 ioctl(4, _IOC(_IOC_NONE, 0x75, 0x30, 0), 0xffffffffed38) = 0 <0.000069>
19795 19:04:36.186035 ioctl(4, _IOC(_IOC_NONE, 0x75, 0x30, 0), 0xffffffffed38) = 0 <0.000085>
19795 19:04:36.186230 ioctl(4, _IOC(_IOC_NONE, 0x75, 0x30, 0), 0xffffffffed38) = 0 <0.000070>
19795 19:04:36.186367 ioctl(4, _IOC(_IOC_NONE, 0x75, 0x30, 0), 0xffffffffed38) = 0 <0.000076>
19795 19:04:36.186516 ioctl(4, _IOC(_IOC_NONE, 0x75, 0x30, 0), 0xffffffffed38) = 0 <0.000070>
19795 19:04:36.186650 ioctl(4, _IOC(_IOC_NONE, 0x75, 0x30, 0), 0xffffffffed38) = 0 <0.000082>
19795 19:04:36.186806 ioctl(4, _IOC(_IOC_NONE, 0x75, 0x30, 0), 0xffffffffed38) = 0 <0.000070>
19795 19:04:36.186937 ioctl(4, _IOC(_IOC_NONE, 0x75, 0x30, 0), 0xffffffffed38) = 0 <0.000081>
19795 19:04:36.187090 ioctl(4, _IOC(_IOC_NONE, 0x75, 0x30, 0), 0xffffffffed38) = 0 <0.000067>
19795 19:04:36.187216 ioctl(4, _IOC(_IOC_NONE, 0x75, 0x30, 0), 0xffffffffed38) = 0 <0.000073>
19795 19:04:36.187353 ioctl(4, _IOC(_IOC_NONE, 0x75, 0x30, 0), 0xffffffffed38) = 0 <0.000067>
19795 19:04:36.187477 ioctl(4, _IOC(_IOC_NONE, 0x75, 0x30, 0), 0xffffffffed38) = 0 <0.000073>
19795 19:04:36.187615 ioctl(4, _IOC(_IOC_NONE, 0x75, 0x30, 0), 0xffffffffed38) = 0 <0.000068>
19795 19:04:36.187746 ioctl(4, _IOC(_IOC_NONE, 0x75, 0x30, 0), 0xffffffffe9d8) = 0 <0.000051>
19795 19:04:36.187856 ioctl(4, _IOC(_IOC_NONE, 0x75, 0x30, 0), 0xffffffffea48) = 0 <0.000068>
19796 19:04:36.187966 <... ioctl resumed>, 0xfffff520e618) = 0 <0.003407>
19795 19:04:36.188016 ioctl(4, _IOC(_IOC_NONE, 0x75, 0x30, 0) <unfinished ...>
19796 19:04:36.188043 ioctl(4, _IOC(_IOC_NONE, 0x75, 0x30, 0) <unfinished ...>
19795 19:04:36.188141 <... ioctl resumed>, 0xffffffffed38) = 0 <0.000102>
19796 19:04:36.188192 <... ioctl resumed>, 0xfffff520e618) = 0 <0.000129>
19795 19:04:36.188222 ioctl(4, _IOC(_IOC_NONE, 0x75, 0x30, 0) <unfinished ...>
19796 19:04:36.188251 ioctl(4, _IOC(_IOC_NONE, 0x75, 0x30, 0) <unfinished ...>
19795 19:04:36.188361 <... ioctl resumed>, 0xffffffffed38) = 0 <0.000117>
19795 19:04:36.188407 ioctl(4, _IOC(_IOC_NONE, 0x75, 0x30, 0), 0xffffffffed38) = 0 <0.000077>
19795 19:04:36.188609 ioctl(4, _IOC(_IOC_NONE, 0x75, 0x30, 0) <unfinished ...>
19796 19:04:36.188662 <... ioctl resumed>, 0xfffff520e608) = 0 <0.000391>
19795 19:04:36.188748 <... ioctl resumed>, 0xffffffffed38) = 0 <0.000115>
19795 19:04:36.188795 ioctl(4, _IOC(_IOC_NONE, 0x75, 0x30, 0), 0xffffffffed38) = 0 <0.000072>
19795 19:04:36.188932 ioctl(4, _IOC(_IOC_NONE, 0x75, 0x30, 0), 0xffffffffed38) = 0 <0.000067>
19795 19:04:36.189053 ioctl(4, _IOC(_IOC_NONE, 0x75, 0x30, 0), 0xffffffffed38) = 0 <0.000072>
19795 19:04:36.189184 ioctl(4, _IOC(_IOC_NONE, 0x75, 0x30, 0) <unfinished ...>
19796 19:04:36.189216 ioctl(4, _IOC(_IOC_NONE, 0x75, 0x30, 0) <unfinished ...>
19795 19:04:36.189306 <... ioctl resumed>, 0xffffffffed38) = 0 <0.000097>
19796 19:04:36.189334 <... ioctl resumed>, 0xfffff520e618) = 0 <0.000099>
19795 19:04:36.189383 ioctl(4, _IOC(_IOC_NONE, 0x75, 0x30, 0) <unfinished ...>
19796 19:04:36.189476 ioctl(4, _IOC(_IOC_NONE, 0x75, 0x30, 0) <unfinished ...>
19795 19:04:36.189510 <... ioctl resumed>, 0xffffffffed38) = 0 <0.000105>
19795 19:04:36.189564 ioctl(4, _IOC(_IOC_NONE, 0x75, 0x30, 0), 0xffffffffed38) = 0 <0.000072>
19795 19:04:36.189745 ioctl(4, _IOC(_IOC_NONE, 0x75, 0x30, 0), 0xffffffffed38) = 0 <0.000077>
19795 19:04:36.189890 ioctl(4, _IOC(_IOC_NONE, 0x75, 0x30, 0), 0xffffffffed38) = 0 <0.000069>
19795 19:04:36.190017 ioctl(4, _IOC(_IOC_NONE, 0x75, 0x30, 0), 0xffffffffed38) = 0 <0.000077>
19795 19:04:36.190159 ioctl(4, _IOC(_IOC_NONE, 0x75, 0x30, 0), 0xffffffffed38) = 0 <0.000069>
19795 19:04:36.190286 ioctl(4, _IOC(_IOC_NONE, 0x75, 0x30, 0), 0xffffffffed38) = 0 <0.000072>
19795 19:04:36.190422 ioctl(4, _IOC(_IOC_NONE, 0x75, 0x30, 0), 0xffffffffed38) = 0 <0.000066>
19795 19:04:36.190545 ioctl(4, _IOC(_IOC_NONE, 0x75, 0x30, 0), 0xffffffffed38) = 0 <0.000075>
19795 19:04:36.190682 ioctl(4, _IOC(_IOC_NONE, 0x75, 0x30, 0), 0xffffffffed38) = 0 <0.000070>
19795 19:04:36.190809 ioctl(4, _IOC(_IOC_NONE, 0x75, 0x30, 0), 0xffffffffed38) = 0 <0.000078>
19795 19:04:36.190950 ioctl(4, _IOC(_IOC_NONE, 0x75, 0x30, 0), 0xffffffffed38) = 0 <0.000068>
19795 19:04:36.191077 ioctl(4, _IOC(_IOC_NONE, 0x75, 0x30, 0), 0xffffffffed38) = 0 <0.000082>
19795 19:04:36.191262 ioctl(4, _IOC(_IOC_NONE, 0x75, 0x30, 0), 0xffffffffed38) = 0 <0.000068>
19795 19:04:36.191393 ioctl(4, _IOC(_IOC_NONE, 0x75, 0x30, 0), 0xffffffffed38) = 0 <0.000074>
19795 19:04:36.191532 ioctl(4, _IOC(_IOC_NONE, 0x75, 0x30, 0), 0xffffffffed38) = 0 <0.000066>
19795 19:04:36.191655 ioctl(4, _IOC(_IOC_NONE, 0x75, 0x30, 0), 0xffffffffed38) = 0 <0.000075>
19795 19:04:36.191794 ioctl(4, _IOC(_IOC_NONE, 0x75, 0x30, 0), 0xffffffffed38) = 0 <0.000066>
19795 19:04:36.191917 ioctl(4, _IOC(_IOC_NONE, 0x75, 0x30, 0), 0xffffffffed38) = 0 <0.000075>
19795 19:04:36.192057 ioctl(4, _IOC(_IOC_NONE, 0x75, 0x30, 0), 0xffffffffed38) = 0 <0.000069>
19795 19:04:36.192184 ioctl(4, _IOC(_IOC_NONE, 0x75, 0x30, 0), 0xffffffffed38) = 0 <0.000076>
19795 19:04:36.192322 ioctl(4, _IOC(_IOC_NONE, 0x75, 0x30, 0), 0xffffffffed38) = 0 <0.000065>
19795 19:04:36.192446 ioctl(4, _IOC(_IOC_NONE, 0x75, 0x30, 0), 0xffffffffed38) = 0 <0.000074>
19795 19:04:36.192580 ioctl(4, _IOC(_IOC_NONE, 0x75, 0x30, 0), 0xffffffffed38) = 0 <0.000066>
19795 19:04:36.192707 ioctl(4, _IOC(_IOC_NONE, 0x75, 0x30, 0), 0xffffffffe9d8) = 0 <0.000050>
19795 19:04:36.192817 ioctl(4, _IOC(_IOC_NONE, 0x75, 0x30, 0), 0xffffffffea48) = 0 <0.000066>
19796 19:04:36.192928 <... ioctl resumed>, 0xfffff520e618) = 0 <0.003430>
19795 19:04:36.192980 ioctl(4, _IOC(_IOC_NONE, 0x75, 0x30, 0) <unfinished ...>
19796 19:04:36.193075 ioctl(4, _IOC(_IOC_NONE, 0x75, 0x30, 0) <unfinished ...>
19795 19:04:36.193109 <... ioctl resumed>, 0xffffffffed38) = 0 <0.000107>
19796 19:04:36.193154 <... ioctl resumed>, 0xfffff520e618) = 0 <0.000057>
19795 19:04:36.193236 ioctl(4, _IOC(_IOC_NONE, 0x75, 0x30, 0) <unfinished ...>
19796 19:04:36.193265 ioctl(4, _IOC(_IOC_NONE, 0x75, 0x30, 0) <unfinished ...>
19795 19:04:36.193359 <... ioctl resumed>, 0xffffffffed38) = 0 <0.000098>
19795 19:04:36.193404 ioctl(4, _IOC(_IOC_NONE, 0x75, 0x30, 0), 0xffffffffed38) = 0 <0.000073>
19795 19:04:36.193540 ioctl(4, _IOC(_IOC_NONE, 0x75, 0x30, 0), 0xffffffffed38) = 0 <0.000087>
19795 19:04:36.193707 ioctl(4, _IOC(_IOC_NONE, 0x75, 0x30, 0), 0xffffffffed38) = 0 <0.000075>
19795 19:04:36.193850 ioctl(4, _IOC(_IOC_NONE, 0x75, 0x30, 0), 0xffffffffed38) = 0 <0.000065>
19795 19:04:36.193973 ioctl(4, _IOC(_IOC_NONE, 0x75, 0x30, 0), 0xffffffffed38) = 0 <0.000077>
19795 19:04:36.194110 ioctl(4, _IOC(_IOC_NONE, 0x75, 0x30, 0), 0xffffffffed38) = 0 <0.000065>
19795 19:04:36.194230 ioctl(4, _IOC(_IOC_NONE, 0x75, 0x30, 0), 0xffffffffed38) = 0 <0.000078>
19795 19:04:36.194379 ioctl(4, _IOC(_IOC_NONE, 0x75, 0x30, 0), 0xffffffffed38) = 0 <0.000070>
19795 19:04:36.194512 ioctl(4, _IOC(_IOC_NONE, 0x75, 0x30, 0), 0xffffffffed38) = 0 <0.000075>
19795 19:04:36.194658 ioctl(4, _IOC(_IOC_NONE, 0x75, 0x30, 0), 0xffffffffed38) = 0 <0.000066>
19795 19:04:36.194785 ioctl(4, _IOC(_IOC_NONE, 0x75, 0x30, 0), 0xffffffffed38) = 0 <0.000076>
19795 19:04:36.194926 ioctl(4, _IOC(_IOC_NONE, 0x75, 0x30, 0), 0xffffffffed38) = 0 <0.000068>
19795 19:04:36.195055 ioctl(4, _IOC(_IOC_NONE, 0x75, 0x30, 0), 0xffffffffed38) = 0 <0.000074>
19795 19:04:36.195196 ioctl(4, _IOC(_IOC_NONE, 0x75, 0x30, 0), 0xffffffffed38) = 0 <0.000065>
19795 19:04:36.195319 ioctl(4, _IOC(_IOC_NONE, 0x75, 0x30, 0), 0xffffffffed38) = 0 <0.000078>
19795 19:04:36.195465 ioctl(4, _IOC(_IOC_NONE, 0x75, 0x30, 0), 0xffffffffed38) = 0 <0.000067>
19795 19:04:36.195593 ioctl(4, _IOC(_IOC_NONE, 0x75, 0x30, 0), 0xffffffffed38) = 0 <0.000078>
19795 19:04:36.195740 ioctl(4, _IOC(_IOC_NONE, 0x75, 0x30, 0), 0xffffffffed38) = 0 <0.000066>
19795 19:04:36.195869 ioctl(4, _IOC(_IOC_NONE, 0x75, 0x30, 0), 0xffffffffed38) = 0 <0.000083>
19795 19:04:36.196027 ioctl(4, _IOC(_IOC_NONE, 0x75, 0x30, 0), 0xffffffffed38) = 0 <0.000069>
19795 19:04:36.196158 ioctl(4, _IOC(_IOC_NONE, 0x75, 0x30, 0), 0xffffffffed38) = 0 <0.000077>
19795 19:04:36.196300 ioctl(4, _IOC(_IOC_NONE, 0x75, 0x30, 0), 0xffffffffed38) = 0 <0.000070>
19795 19:04:36.196429 ioctl(4, _IOC(_IOC_NONE, 0x75, 0x30, 0), 0xffffffffed38) = 0 <0.000078>
19795 19:04:36.196576 ioctl(4, _IOC(_IOC_NONE, 0x75, 0x30, 0), 0xffffffffed38) = 0 <0.000071>
19795 19:04:36.196740 ioctl(4, _IOC(_IOC_NONE, 0x75, 0x30, 0), 0xffffffffed38) = 0 <0.000078>
19795 19:04:36.196887 ioctl(4, _IOC(_IOC_NONE, 0x75, 0x30, 0), 0xffffffffed38) = 0 <0.000064>
19795 19:04:36.197010 ioctl(4, _IOC(_IOC_NONE, 0x75, 0x30, 0), 0xffffffffed38) = 0 <0.000075>
19795 19:04:36.197153 ioctl(4, _IOC(_IOC_NONE, 0x75, 0x30, 0), 0xffffffffed38) = 0 <0.000066>
19795 19:04:36.197280 ioctl(4, _IOC(_IOC_NONE, 0x75, 0x30, 0), 0xffffffffed38) = 0 <0.000077>
19795 19:04:36.197429 ioctl(4, _IOC(_IOC_NONE, 0x75, 0x30, 0), 0xffffffffed38) = 0 <0.000070>
19795 19:04:36.197594 ioctl(4, _IOC(_IOC_NONE, 0x75, 0x30, 0) <unfinished ...>
19796 19:04:36.197679 <... ioctl resumed>, 0xfffff520e608) = 0 <0.004391>
19795 19:04:36.197756 <... ioctl resumed>, 0xffffffffe9d8) = 0 <0.000106>
19796 19:04:36.197802 ioctl(4, _IOC(_IOC_NONE, 0x75, 0x30, 0) <unfinished ...>
19795 19:04:36.197836 ioctl(4, _IOC(_IOC_NONE, 0x75, 0x30, 0), 0xffffffffea48) = 0 <0.000046>
19796 19:04:36.197918 <... ioctl resumed>, 0xfffff520e618) = 0 <0.000092>
19795 19:04:36.197967 ioctl(4, _IOC(_IOC_NONE, 0x75, 0x30, 0) <unfinished ...>
19796 19:04:36.197994 ioctl(4, _IOC(_IOC_NONE, 0x75, 0x30, 0) <unfinished ...>
19795 19:04:36.198101 <... ioctl resumed>, 0xffffffffed38) = 0 <0.000111>
19795 19:04:36.198158 ioctl(4, _IOC(_IOC_NONE, 0x75, 0x30, 0), 0xffffffffed38) = 0 <0.000065>
19795 19:04:36.198279 ioctl(4, _IOC(_IOC_NONE, 0x75, 0x30, 0), 0xffffffffed38) = 0 <0.000074>
19796 19:04:36.198392 <... ioctl resumed>, 0xfffff520e608) = 0 <0.000379>
19795 19:04:36.198446 ioctl(4, _IOC(_IOC_NONE, 0x75, 0x30, 0), 0xffffffffed38) = 0 <0.000071>
19795 19:04:36.198574 ioctl(4, _IOC(_IOC_NONE, 0x75, 0x30, 0), 0xffffffffed38) = 0 <0.000088>
19795 19:04:36.198726 ioctl(4, _IOC(_IOC_NONE, 0x75, 0x30, 0), 0xffffffffed38) = 0 <0.000061>
19795 19:04:36.198843 ioctl(4, _IOC(_IOC_NONE, 0x75, 0x30, 0), 0xffffffffed38) = 0 <0.000146>
19796 19:04:36.199034 ioctl(4, _IOC(_IOC_NONE, 0x75, 0x30, 0) <unfinished ...>
19795 19:04:36.199103 ioctl(4, _IOC(_IOC_NONE, 0x75, 0x30, 0) <unfinished ...>
19796 19:04:36.199134 <... ioctl resumed>, 0xfffff520e618) = 0 <0.000075>
19795 19:04:36.199228 <... ioctl resumed>, 0xffffffffed38) = 0 <0.000101>
19796 19:04:36.199259 ioctl(4, _IOC(_IOC_NONE, 0x75, 0x30, 0) <unfinished ...>
19795 19:04:36.199309 ioctl(4, _IOC(_IOC_NONE, 0x75, 0x30, 0), 0xffffffffed38) = 0 <0.000074>
19796 19:04:36.199423 <... ioctl resumed>, 0xfffff520e618) = 0 <0.000143>
19796 19:04:36.199475 ioctl(4, _IOC(_IOC_NONE, 0x75, 0x30, 0) <unfinished ...>
19795 19:04:36.199525 ioctl(4, _IOC(_IOC_NONE, 0x75, 0x30, 0), 0xffffffffed38) = 0 <0.000066>
19796 19:04:36.199629 <... ioctl resumed>, 0xfffff520e618) = 0 <0.000131>
19795 19:04:36.199679 ioctl(4, _IOC(_IOC_NONE, 0x75, 0x30, 0) <unfinished ...>
19796 19:04:36.199706 ioctl(4, _IOC(_IOC_NONE, 0x75, 0x30, 0) <unfinished ...>
19795 19:04:36.199805 <... ioctl resumed>, 0xffffffffed38) = 0 <0.000103>
19795 19:04:36.199860 ioctl(4, _IOC(_IOC_NONE, 0x75, 0x30, 0), 0xffffffffed38) = 0 <0.000066>
19795 19:04:36.199987 ioctl(4, _IOC(_IOC_NONE, 0x75, 0x30, 0), 0xffffffffed38) = 0 <0.000081>
19795 19:04:36.200141 ioctl(4, _IOC(_IOC_NONE, 0x75, 0x30, 0), 0xffffffffed38) = 0 <0.000072>
19795 19:04:36.200278 ioctl(4, _IOC(_IOC_NONE, 0x75, 0x30, 0), 0xffffffffed38) = 0 <0.000082>
19795 19:04:36.200436 ioctl(4, _IOC(_IOC_NONE, 0x75, 0x30, 0), 0xffffffffed38) = 0 <0.000070>
19795 19:04:36.200569 ioctl(4, _IOC(_IOC_NONE, 0x75, 0x30, 0), 0xffffffffed38) = 0 <0.000080>
19795 19:04:36.200724 ioctl(4, _IOC(_IOC_NONE, 0x75, 0x30, 0), 0xffffffffed38) = 0 <0.000073>
19795 19:04:36.200865 ioctl(4, _IOC(_IOC_NONE, 0x75, 0x30, 0), 0xffffffffed38) = 0 <0.000076>
19795 19:04:36.201012 ioctl(4, _IOC(_IOC_NONE, 0x75, 0x30, 0), 0xffffffffed38) = 0 <0.000068>
19795 19:04:36.201141 ioctl(4, _IOC(_IOC_NONE, 0x75, 0x30, 0), 0xffffffffed38) = 0 <0.000082>
19795 19:04:36.201295 ioctl(4, _IOC(_IOC_NONE, 0x75, 0x30, 0), 0xffffffffed38) = 0 <0.000067>
19795 19:04:36.201419 ioctl(4, _IOC(_IOC_NONE, 0x75, 0x30, 0), 0xffffffffed38) = 0 <0.000080>
19795 19:04:36.201638 ioctl(4, _IOC(_IOC_NONE, 0x75, 0x30, 0), 0xffffffffed38) = 0 <0.000081>
19795 19:04:36.201819 ioctl(4, _IOC(_IOC_NONE, 0x75, 0x30, 0), 0xffffffffed38) = 0 <0.000082>
19795 19:04:36.201984 ioctl(4, _IOC(_IOC_NONE, 0x75, 0x30, 0), 0xffffffffed38) = 0 <0.000072>
19795 19:04:36.202121 ioctl(4, _IOC(_IOC_NONE, 0x75, 0x30, 0), 0xffffffffed38) = 0 <0.000084>
19795 19:04:36.202285 ioctl(4, _IOC(_IOC_NONE, 0x75, 0x30, 0), 0xffffffffed38) = 0 <0.000073>
19795 19:04:36.202429 ioctl(4, _IOC(_IOC_NONE, 0x75, 0x30, 0), 0xffffffffed38) = 0 <0.000079>
19795 19:04:36.202585 ioctl(4, _IOC(_IOC_NONE, 0x75, 0x30, 0), 0xffffffffed38) = 0 <0.000072>
19795 19:04:36.202729 ioctl(4, _IOC(_IOC_NONE, 0x75, 0x30, 0), 0xffffffffed38) = 0 <0.000085>
19795 19:04:36.202889 ioctl(4, _IOC(_IOC_NONE, 0x75, 0x30, 0), 0xffffffffed38) = 0 <0.000071>
19795 19:04:36.203050 ioctl(4, _IOC(_IOC_NONE, 0x75, 0x30, 0), 0xffffffffe9d8) = 0 <0.000055>
19795 19:04:36.203173 ioctl(4, _IOC(_IOC_NONE, 0x75, 0x30, 0) <unfinished ...>
19796 19:04:36.203291 <... ioctl resumed>, 0xfffff520e618) = 0 <0.003563>
19795 19:04:36.203346 <... ioctl resumed>, 0xffffffffea48) = 0 <0.000150>
19796 19:04:36.203388 ioctl(4, _IOC(_IOC_NONE, 0x75, 0x30, 0) <unfinished ...>
19795 19:04:36.203420 ioctl(4, _IOC(_IOC_NONE, 0x75, 0x30, 0), 0xffffffffed38) = 0 <0.000079>
19796 19:04:36.203540 <... ioctl resumed>, 0xfffff520e618) = 0 <0.000128>
19796 19:04:36.203601 ioctl(4, _IOC(_IOC_NONE, 0x75, 0x30, 0) <unfinished ...>
19795 19:04:36.203648 ioctl(4, _IOC(_IOC_NONE, 0x75, 0x30, 0), 0xffffffffed38) = 0 <0.000065>
19795 19:04:36.203772 ioctl(4, _IOC(_IOC_NONE, 0x75, 0x30, 0), 0xffffffffed38) = 0 <0.000079>
19795 19:04:36.203914 ioctl(4, _IOC(_IOC_NONE, 0x75, 0x30, 0), 0xffffffffed38) = 0 <0.000067>
19796 19:04:36.204018 <... ioctl resumed>, 0xfffff520e608) = 0 <0.000392>
19795 19:04:36.204068 ioctl(4, _IOC(_IOC_NONE, 0x75, 0x30, 0), 0xffffffffed38) = 0 <0.000072>
19795 19:04:36.204202 ioctl(4, _IOC(_IOC_NONE, 0x75, 0x30, 0), 0xffffffffed38) = 0 <0.000064>
19795 19:04:36.204321 ioctl(4, _IOC(_IOC_NONE, 0x75, 0x30, 0), 0xffffffffed38) = 0 <0.000074>
19795 19:04:36.204456 ioctl(4, _IOC(_IOC_NONE, 0x75, 0x30, 0), 0xffffffffed38) = 0 <0.000064>
19796 19:04:36.204557 ioctl(4, _IOC(_IOC_NONE, 0x75, 0x30, 0) <unfinished ...>
19795 19:04:36.204607 ioctl(4, _IOC(_IOC_NONE, 0x75, 0x30, 0), 0xffffffffed38) = 0 <0.000074>
19796 19:04:36.204722 <... ioctl resumed>, 0xfffff520e618) = 0 <0.000143>
19795 19:04:36.204786 ioctl(4, _IOC(_IOC_NONE, 0x75, 0x30, 0) <unfinished ...>
19796 19:04:36.204815 ioctl(4, _IOC(_IOC_NONE, 0x75, 0x30, 0) <unfinished ...>
19795 19:04:36.204921 <... ioctl resumed>, 0xffffffffed38) = 0 <0.000111>
19795 19:04:36.204969 ioctl(4, _IOC(_IOC_NONE, 0x75, 0x30, 0), 0xffffffffed38) = 0 <0.000074>
19795 19:04:36.205107 ioctl(4, _IOC(_IOC_NONE, 0x75, 0x30, 0), 0xffffffffed38) = 0 <0.000065>
19795 19:04:36.205229 ioctl(4, _IOC(_IOC_NONE, 0x75, 0x30, 0), 0xffffffffed38) = 0 <0.000075>
19795 19:04:36.205369 ioctl(4, _IOC(_IOC_NONE, 0x75, 0x30, 0), 0xffffffffed38) = 0 <0.000067>
19795 19:04:36.205493 ioctl(4, _IOC(_IOC_NONE, 0x75, 0x30, 0), 0xffffffffed38) = 0 <0.000104>
19795 19:04:36.205695 ioctl(4, _IOC(_IOC_NONE, 0x75, 0x30, 0), 0xffffffffed38) = 0 <0.000071>
19795 19:04:36.205833 ioctl(4, _IOC(_IOC_NONE, 0x75, 0x30, 0), 0xffffffffed38) = 0 <0.000078>
19795 19:04:36.205978 ioctl(4, _IOC(_IOC_NONE, 0x75, 0x30, 0), 0xffffffffed38) = 0 <0.000066>
19795 19:04:36.206103 ioctl(4, _IOC(_IOC_NONE, 0x75, 0x30, 0), 0xffffffffed38) = 0 <0.000073>
19795 19:04:36.206240 ioctl(4, _IOC(_IOC_NONE, 0x75, 0x30, 0), 0xffffffffed38) = 0 <0.000065>
19795 19:04:36.206362 ioctl(4, _IOC(_IOC_NONE, 0x75, 0x30, 0), 0xffffffffed38) = 0 <0.000073>
19795 19:04:36.206498 ioctl(4, _IOC(_IOC_NONE, 0x75, 0x30, 0), 0xffffffffed38) = 0 <0.000064>
19795 19:04:36.206619 ioctl(4, _IOC(_IOC_NONE, 0x75, 0x30, 0), 0xffffffffed38) = 0 <0.000073>
19795 19:04:36.206756 ioctl(4, _IOC(_IOC_NONE, 0x75, 0x30, 0), 0xffffffffed38) = 0 <0.000065>
19795 19:04:36.206878 ioctl(4, _IOC(_IOC_NONE, 0x75, 0x30, 0), 0xffffffffed38) = 0 <0.000080>
19795 19:04:36.207054 ioctl(4, _IOC(_IOC_NONE, 0x75, 0x30, 0), 0xffffffffed38) = 0 <0.000067>
19795 19:04:36.207180 ioctl(4, _IOC(_IOC_NONE, 0x75, 0x30, 0), 0xffffffffed38) = 0 <0.000070>
19795 19:04:36.207314 ioctl(4, _IOC(_IOC_NONE, 0x75, 0x30, 0), 0xffffffffed38) = 0 <0.000066>
19795 19:04:36.207437 ioctl(4, _IOC(_IOC_NONE, 0x75, 0x30, 0), 0xffffffffed38) = 0 <0.000074>
19795 19:04:36.207577 ioctl(4, _IOC(_IOC_NONE, 0x75, 0x30, 0), 0xffffffffed38) = 0 <0.000068>
19795 19:04:36.207702 ioctl(4, _IOC(_IOC_NONE, 0x75, 0x30, 0), 0xffffffffed38) = 0 <0.000073>
19795 19:04:36.207840 ioctl(4, _IOC(_IOC_NONE, 0x75, 0x30, 0), 0xffffffffed38) = 0 <0.000065>
19795 19:04:36.207966 ioctl(4, _IOC(_IOC_NONE, 0x75, 0x30, 0), 0xffffffffe9d8) = 0 <0.000054>
19795 19:04:36.208080 ioctl(4, _IOC(_IOC_NONE, 0x75, 0x30, 0), 0xffffffffea48) = 0 <0.000055>
19796 19:04:36.208189 <... ioctl resumed>, 0xfffff520e618) = 0 <0.003342>
19795 19:04:36.208239 ioctl(4, _IOC(_IOC_NONE, 0x75, 0x30, 0) <unfinished ...>
19796 19:04:36.208334 ioctl(4, _IOC(_IOC_NONE, 0x75, 0x30, 0) <unfinished ...>
19795 19:04:36.208364 <... ioctl resumed>, 0xffffffffed38) = 0 <0.000102>
19796 19:04:36.208413 <... ioctl resumed>, 0xfffff520e618) = 0 <0.000055>
19795 19:04:36.208462 ioctl(4, _IOC(_IOC_NONE, 0x75, 0x30, 0) <unfinished ...>
19796 19:04:36.208547 ioctl(4, _IOC(_IOC_NONE, 0x75, 0x30, 0) <unfinished ...>
19795 19:04:36.208575 <... ioctl resumed>, 0xffffffffed38) = 0 <0.000092>
19795 19:04:36.208622 ioctl(4, _IOC(_IOC_NONE, 0x75, 0x30, 0), 0xffffffffed38) = 0 <0.000074>
19795 19:04:36.208755 ioctl(4, _IOC(_IOC_NONE, 0x75, 0x30, 0), 0xffffffffed38) = 0 <0.000064>
19795 19:04:36.208873 ioctl(4, _IOC(_IOC_NONE, 0x75, 0x30, 0), 0xffffffffed38) = 0 <0.000076>
19795 19:04:36.209014 ioctl(4, _IOC(_IOC_NONE, 0x75, 0x30, 0), 0xffffffffed38) = 0 <0.000083>
19795 19:04:36.209152 ioctl(4, _IOC(_IOC_NONE, 0x75, 0x30, 0), 0xffffffffed38) = 0 <0.000072>
19795 19:04:36.209285 ioctl(4, _IOC(_IOC_NONE, 0x75, 0x30, 0), 0xffffffffed38) = 0 <0.000135>
19795 19:04:36.209479 ioctl(4, _IOC(_IOC_NONE, 0x75, 0x30, 0) <unfinished ...>
19796 19:04:36.209510 <... ioctl resumed>, 0xfffff520e608) = 0 <0.000940>
19795 19:04:36.209633 <... ioctl resumed>, 0xffffffffed38) = 0 <0.000128>
19796 19:04:36.209685 ioctl(4, _IOC(_IOC_NONE, 0x75, 0x30, 0) <unfinished ...>
19795 19:04:36.209743 ioctl(4, _IOC(_IOC_NONE, 0x75, 0x30, 0) <unfinished ...>
19796 19:04:36.209773 <... ioctl resumed>, 0xfffff520e618) = 0 <0.000066>
19795 19:04:36.209861 <... ioctl resumed>, 0xffffffffed38) = 0 <0.000096>
19796 19:04:36.209889 ioctl(4, _IOC(_IOC_NONE, 0x75, 0x30, 0) <unfinished ...>
19795 19:04:36.209934 ioctl(4, _IOC(_IOC_NONE, 0x75, 0x30, 0), 0xffffffffed38) = 0 <0.000072>
19795 19:04:36.210072 ioctl(4, _IOC(_IOC_NONE, 0x75, 0x30, 0), 0xffffffffed38) = 0 <0.000067>
19795 19:04:36.210196 ioctl(4, _IOC(_IOC_NONE, 0x75, 0x30, 0), 0xffffffffed38) = 0 <0.000074>
19795 19:04:36.210336 ioctl(4, _IOC(_IOC_NONE, 0x75, 0x30, 0), 0xffffffffed38) = 0 <0.000067>
19795 19:04:36.210459 ioctl(4, _IOC(_IOC_NONE, 0x75, 0x30, 0), 0xffffffffed38) = 0 <0.000073>
19795 19:04:36.210597 ioctl(4, _IOC(_IOC_NONE, 0x75, 0x30, 0), 0xffffffffed38) = 0 <0.000066>
19795 19:04:36.210719 ioctl(4, _IOC(_IOC_NONE, 0x75, 0x30, 0), 0xffffffffed38) = 0 <0.000075>
19795 19:04:36.210858 ioctl(4, _IOC(_IOC_NONE, 0x75, 0x30, 0), 0xffffffffed38) = 0 <0.000066>
19795 19:04:36.210979 ioctl(4, _IOC(_IOC_NONE, 0x75, 0x30, 0), 0xffffffffed38) = 0 <0.000076>
19795 19:04:36.211119 ioctl(4, _IOC(_IOC_NONE, 0x75, 0x30, 0), 0xffffffffed38) = 0 <0.000069>
19795 19:04:36.211245 ioctl(4, _IOC(_IOC_NONE, 0x75, 0x30, 0), 0xffffffffed38) = 0 <0.000073>
19795 19:04:36.211377 ioctl(4, _IOC(_IOC_NONE, 0x75, 0x30, 0), 0xffffffffed38) = 0 <0.000067>
19795 19:04:36.211500 ioctl(4, _IOC(_IOC_NONE, 0x75, 0x30, 0), 0xffffffffed38) = 0 <0.000074>
19795 19:04:36.211638 ioctl(4, _IOC(_IOC_NONE, 0x75, 0x30, 0), 0xffffffffed38) = 0 <0.000066>
19795 19:04:36.211765 ioctl(4, _IOC(_IOC_NONE, 0x75, 0x30, 0), 0xffffffffed38) = 0 <0.000069>
19795 19:04:36.211935 ioctl(4, _IOC(_IOC_NONE, 0x75, 0x30, 0), 0xffffffffed38) = 0 <0.000070>
19795 19:04:36.212063 ioctl(4, _IOC(_IOC_NONE, 0x75, 0x30, 0), 0xffffffffed38) = 0 <0.000074>
19795 19:04:36.212200 ioctl(4, _IOC(_IOC_NONE, 0x75, 0x30, 0), 0xffffffffed38) = 0 <0.000067>
19795 19:04:36.212325 ioctl(4, _IOC(_IOC_NONE, 0x75, 0x30, 0), 0xffffffffed38) = 0 <0.000076>
19795 19:04:36.212464 ioctl(4, _IOC(_IOC_NONE, 0x75, 0x30, 0), 0xffffffffed38) = 0 <0.000066>
19795 19:04:36.212587 ioctl(4, _IOC(_IOC_NONE, 0x75, 0x30, 0), 0xffffffffed38) = 0 <0.000075>
19795 19:04:36.212727 ioctl(4, _IOC(_IOC_NONE, 0x75, 0x30, 0), 0xffffffffed38) = 0 <0.000065>
19795 19:04:36.212857 ioctl(4, _IOC(_IOC_NONE, 0x75, 0x30, 0), 0xffffffffe9d8) = 0 <0.000049>
19795 19:04:36.212963 ioctl(4, _IOC(_IOC_NONE, 0x75, 0x30, 0), 0xffffffffea48) = 0 <0.000053>
19796 19:04:36.213065 <... ioctl resumed>, 0xfffff520e618) = 0 <0.003149>
19795 19:04:36.213114 ioctl(4, _IOC(_IOC_NONE, 0x75, 0x30, 0) <unfinished ...>
19796 19:04:36.213210 ioctl(4, _IOC(_IOC_NONE, 0x75, 0x30, 0) <unfinished ...>
19795 19:04:36.213239 <... ioctl resumed>, 0xffffffffed38) = 0 <0.000103>
19796 19:04:36.213285 <... ioctl resumed>, 0xfffff520e618) = 0 <0.000053>
19796 19:04:36.213344 ioctl(4, _IOC(_IOC_NONE, 0x75, 0x30, 0) <unfinished ...>
19795 19:04:36.213395 ioctl(4, _IOC(_IOC_NONE, 0x75, 0x30, 0), 0xffffffffed38) = 0 <0.000065>
19795 19:04:36.213517 ioctl(4, _IOC(_IOC_NONE, 0x75, 0x30, 0), 0xffffffffed38) = 0 <0.000101>
19795 19:04:36.213710 ioctl(4, _IOC(_IOC_NONE, 0x75, 0x30, 0), 0xffffffffed38) = 0 <0.000068>
19795 19:04:36.213844 ioctl(4, _IOC(_IOC_NONE, 0x75, 0x30, 0), 0xffffffffed38) = 0 <0.000077>
19795 19:04:36.213990 ioctl(4, _IOC(_IOC_NONE, 0x75, 0x30, 0), 0xffffffffed38) = 0 <0.000067>
19795 19:04:36.214114 ioctl(4, _IOC(_IOC_NONE, 0x75, 0x30, 0), 0xffffffffed38) = 0 <0.000073>
19795 19:04:36.214246 ioctl(4, _IOC(_IOC_NONE, 0x75, 0x30, 0), 0xffffffffed38) = 0 <0.000064>
19795 19:04:36.214361 ioctl(4, _IOC(_IOC_NONE, 0x75, 0x30, 0) <unfinished ...>
19796 19:04:36.214389 <... ioctl resumed>, 0xfffff520e608) = 0 <0.001023>
19795 19:04:36.214482 <... ioctl resumed>, 0xffffffffed38) = 0 <0.000099>
19796 19:04:36.214510 ioctl(4, _IOC(_IOC_NONE, 0x75, 0x30, 0) <unfinished ...>
19795 19:04:36.214563 ioctl(4, _IOC(_IOC_NONE, 0x75, 0x30, 0), 0xffffffffed38) = 0 <0.000063>
19796 19:04:36.214663 <... ioctl resumed>, 0xfffff520e618) = 0 <0.000133>
19795 19:04:36.214711 ioctl(4, _IOC(_IOC_NONE, 0x75, 0x30, 0) <unfinished ...>
19796 19:04:36.214737 ioctl(4, _IOC(_IOC_NONE, 0x75, 0x30, 0) <unfinished ...>
19795 19:04:36.214831 <... ioctl resumed>, 0xffffffffed38) = 0 <0.000099>
19795 19:04:36.214883 ioctl(4, _IOC(_IOC_NONE, 0x75, 0x30, 0), 0xffffffffed38) = 0 <0.000066>
19795 19:04:36.215004 ioctl(4, _IOC(_IOC_NONE, 0x75, 0x30, 0), 0xffffffffed38) = 0 <0.000074>
19795 19:04:36.215142 ioctl(4, _IOC(_IOC_NONE, 0x75, 0x30, 0), 0xffffffffed38) = 0 <0.000066>
19795 19:04:36.215261 ioctl(4, _IOC(_IOC_NONE, 0x75, 0x30, 0), 0xffffffffed38) = 0 <0.000075>
19795 19:04:36.215399 ioctl(4, _IOC(_IOC_NONE, 0x75, 0x30, 0), 0xffffffffed38) = 0 <0.000070>
19795 19:04:36.215523 ioctl(4, _IOC(_IOC_NONE, 0x75, 0x30, 0), 0xffffffffed38) = 0 <0.000073>
19795 19:04:36.215659 ioctl(4, _IOC(_IOC_NONE, 0x75, 0x30, 0), 0xffffffffed38) = 0 <0.000066>
19795 19:04:36.215782 ioctl(4, _IOC(_IOC_NONE, 0x75, 0x30, 0), 0xffffffffed38) = 0 <0.000070>
19795 19:04:36.215916 ioctl(4, _IOC(_IOC_NONE, 0x75, 0x30, 0), 0xffffffffed38) = 0 <0.000065>
19795 19:04:36.216037 ioctl(4, _IOC(_IOC_NONE, 0x75, 0x30, 0), 0xffffffffed38) = 0 <0.000074>
19795 19:04:36.216176 ioctl(4, _IOC(_IOC_NONE, 0x75, 0x30, 0), 0xffffffffed38) = 0 <0.000065>
19795 19:04:36.216298 ioctl(4, _IOC(_IOC_NONE, 0x75, 0x30, 0), 0xffffffffed38) = 0 <0.000074>
19795 19:04:36.216436 ioctl(4, _IOC(_IOC_NONE, 0x75, 0x30, 0), 0xffffffffed38) = 0 <0.000070>
19795 19:04:36.216563 ioctl(4, _IOC(_IOC_NONE, 0x75, 0x30, 0), 0xffffffffed38) = 0 <0.000075>
19795 19:04:36.216702 ioctl(4, _IOC(_IOC_NONE, 0x75, 0x30, 0), 0xffffffffed38) = 0 <0.000066>
19795 19:04:36.216861 ioctl(4, _IOC(_IOC_NONE, 0x75, 0x30, 0), 0xffffffffed38) = 0 <0.000075>
19795 19:04:36.216999 ioctl(4, _IOC(_IOC_NONE, 0x75, 0x30, 0), 0xffffffffed38) = 0 <0.000069>
19795 19:04:36.217124 ioctl(4, _IOC(_IOC_NONE, 0x75, 0x30, 0), 0xffffffffed38) = 0 <0.000074>
19795 19:04:36.217264 ioctl(4, _IOC(_IOC_NONE, 0x75, 0x30, 0), 0xffffffffed38) = 0 <0.000066>
19795 19:04:36.217387 ioctl(4, _IOC(_IOC_NONE, 0x75, 0x30, 0), 0xffffffffed38) = 0 <0.000069>
19795 19:04:36.217519 ioctl(4, _IOC(_IOC_NONE, 0x75, 0x30, 0), 0xffffffffed38) = 0 <0.000096>
19795 19:04:36.217708 ioctl(4, _IOC(_IOC_NONE, 0x75, 0x30, 0), 0xffffffffe9d8) = 0 <0.000053>
19795 19:04:36.217826 ioctl(4, _IOC(_IOC_NONE, 0x75, 0x30, 0), 0xffffffffea48) = 0 <0.000054>
19796 19:04:36.217925 <... ioctl resumed>, 0xfffff520e618) = 0 <0.003166>
19795 19:04:36.217975 ioctl(4, _IOC(_IOC_NONE, 0x75, 0x30, 0) <unfinished ...>
19796 19:04:36.218069 ioctl(4, _IOC(_IOC_NONE, 0x75, 0x30, 0) <unfinished ...>
19795 19:04:36.218099 <... ioctl resumed>, 0xffffffffed38) = 0 <0.000102>
19796 19:04:36.218146 <... ioctl resumed>, 0xfffff520e618) = 0 <0.000053>
19795 19:04:36.222219 ioctl(4, _IOC(_IOC_NONE, 0x75, 0x30, 0) <unfinished ...>
19796 19:04:36.222301 ioctl(4, _IOC(_IOC_NONE, 0x75, 0x30, 0) <unfinished ...>
19795 19:04:36.222418 <... ioctl resumed>, 0xffffffffed38) = 0 <0.000128>
19795 19:04:36.222469 ioctl(4, _IOC(_IOC_NONE, 0x75, 0x30, 0), 0xffffffffed38) = 0 <0.000069>
19795 19:04:36.222605 ioctl(4, _IOC(_IOC_NONE, 0x75, 0x30, 0), 0xffffffffed38) = 0 <0.000065>
19795 19:04:36.222725 ioctl(4, _IOC(_IOC_NONE, 0x75, 0x30, 0), 0xffffffffed38) = 0 <0.000073>
19795 19:04:36.222862 ioctl(4, _IOC(_IOC_NONE, 0x75, 0x30, 0), 0xffffffffed38) = 0 <0.000064>
19795 19:04:36.222982 ioctl(4, _IOC(_IOC_NONE, 0x75, 0x30, 0), 0xffffffffed38) = 0 <0.000074>
19795 19:04:36.223121 ioctl(4, _IOC(_IOC_NONE, 0x75, 0x30, 0), 0xffffffffed38) = 0 <0.000065>
19796 19:04:36.223235 <... ioctl resumed>, 0xfffff520e608) = 0 <0.000903>
19795 19:04:36.223283 ioctl(4, _IOC(_IOC_NONE, 0x75, 0x30, 0) <unfinished ...>
19796 19:04:36.223373 ioctl(4, _IOC(_IOC_NONE, 0x75, 0x30, 0) <unfinished ...>
19795 19:04:36.223401 <... ioctl resumed>, 0xffffffffed38) = 0 <0.000097>
19796 19:04:36.223450 <... ioctl resumed>, 0xfffff520e618) = 0 <0.000054>
19795 19:04:36.223498 ioctl(4, _IOC(_IOC_NONE, 0x75, 0x30, 0) <unfinished ...>
19796 19:04:36.223580 ioctl(4, _IOC(_IOC_NONE, 0x75, 0x30, 0) <unfinished ...>
19795 19:04:36.223608 <... ioctl resumed>, 0xffffffffed38) = 0 <0.000089>
19795 19:04:36.223654 ioctl(4, _IOC(_IOC_NONE, 0x75, 0x30, 0), 0xffffffffed38) = 0 <0.000075>
19795 19:04:36.223793 ioctl(4, _IOC(_IOC_NONE, 0x75, 0x30, 0), 0xffffffffed38) = 0 <0.000066>
19795 19:04:36.223948 ioctl(4, _IOC(_IOC_NONE, 0x75, 0x30, 0), 0xffffffffed38) = 0 <0.000076>
19795 19:04:36.224092 ioctl(4, _IOC(_IOC_NONE, 0x75, 0x30, 0), 0xffffffffed38) = 0 <0.000062>
19795 19:04:36.224212 ioctl(4, _IOC(_IOC_NONE, 0x75, 0x30, 0), 0xffffffffed38) = 0 <0.000076>
19795 19:04:36.224352 ioctl(4, _IOC(_IOC_NONE, 0x75, 0x30, 0), 0xffffffffed38) = 0 <0.000066>
19795 19:04:36.224475 ioctl(4, _IOC(_IOC_NONE, 0x75, 0x30, 0), 0xffffffffed38) = 0 <0.000073>
19795 19:04:36.224612 ioctl(4, _IOC(_IOC_NONE, 0x75, 0x30, 0), 0xffffffffed38) = 0 <0.000069>
19795 19:04:36.224737 ioctl(4, _IOC(_IOC_NONE, 0x75, 0x30, 0), 0xffffffffed38) = 0 <0.000074>
19795 19:04:36.224872 ioctl(4, _IOC(_IOC_NONE, 0x75, 0x30, 0), 0xffffffffed38) = 0 <0.000066>
19795 19:04:36.224997 ioctl(4, _IOC(_IOC_NONE, 0x75, 0x30, 0), 0xffffffffed38) = 0 <0.000070>
19795 19:04:36.225129 ioctl(4, _IOC(_IOC_NONE, 0x75, 0x30, 0), 0xffffffffed38) = 0 <0.000067>
19795 19:04:36.225256 ioctl(4, _IOC(_IOC_NONE, 0x75, 0x30, 0), 0xffffffffed38) = 0 <0.000074>
19795 19:04:36.225394 ioctl(4, _IOC(_IOC_NONE, 0x75, 0x30, 0), 0xffffffffed38) = 0 <0.000064>
19795 19:04:36.225514 ioctl(4, _IOC(_IOC_NONE, 0x75, 0x30, 0), 0xffffffffed38) = 0 <0.000116>
19795 19:04:36.225723 ioctl(4, _IOC(_IOC_NONE, 0x75, 0x30, 0), 0xffffffffed38) = 0 <0.000068>
19795 19:04:36.225855 ioctl(4, _IOC(_IOC_NONE, 0x75, 0x30, 0), 0xffffffffed38) = 0 <0.000080>
19795 19:04:36.226036 ioctl(4, _IOC(_IOC_NONE, 0x75, 0x30, 0), 0xffffffffed38) = 0 <0.000066>
19795 19:04:36.226161 ioctl(4, _IOC(_IOC_NONE, 0x75, 0x30, 0), 0xffffffffed38) = 0 <0.000072>
19795 19:04:36.226299 ioctl(4, _IOC(_IOC_NONE, 0x75, 0x30, 0), 0xffffffffed38) = 0 <0.000066>
19795 19:04:36.226421 ioctl(4, _IOC(_IOC_NONE, 0x75, 0x30, 0), 0xffffffffed38) = 0 <0.000073>
19795 19:04:36.226558 ioctl(4, _IOC(_IOC_NONE, 0x75, 0x30, 0), 0xffffffffed38) = 0 <0.000065>
19795 19:04:36.226686 ioctl(4, _IOC(_IOC_NONE, 0x75, 0x30, 0), 0xffffffffe9d8) = 0 <0.000053>
19795 19:04:36.226798 ioctl(4, _IOC(_IOC_NONE, 0x75, 0x30, 0), 0xffffffffea48) = 0 <0.000054>
19796 19:04:36.226906 <... ioctl resumed>, 0xfffff520e618) = 0 <0.003291>
19795 19:04:36.226956 ioctl(4, _IOC(_IOC_NONE, 0x75, 0x30, 0) <unfinished ...>
19796 19:04:36.227051 ioctl(4, _IOC(_IOC_NONE, 0x75, 0x30, 0) <unfinished ...>
19795 19:04:36.227080 <... ioctl resumed>, 0xffffffffed38) = 0 <0.000101>
19796 19:04:36.227129 <... ioctl resumed>, 0xfffff520e618) = 0 <0.000054>
19795 19:04:36.227177 ioctl(4, _IOC(_IOC_NONE, 0x75, 0x30, 0) <unfinished ...>
19796 19:04:36.227204 ioctl(4, _IOC(_IOC_NONE, 0x75, 0x30, 0) <unfinished ...>
19795 19:04:36.227291 <... ioctl resumed>, 0xffffffffed38) = 0 <0.000092>
19795 19:04:36.227336 ioctl(4, _IOC(_IOC_NONE, 0x75, 0x30, 0), 0xffffffffed38) = 0 <0.000069>
19795 19:04:36.227467 ioctl(4, _IOC(_IOC_NONE, 0x75, 0x30, 0), 0xffffffffed38) = 0 <0.000065>
19795 19:04:36.227586 ioctl(4, _IOC(_IOC_NONE, 0x75, 0x30, 0), 0xffffffffed38) = 0 <0.000073>
19795 19:04:36.227723 ioctl(4, _IOC(_IOC_NONE, 0x75, 0x30, 0), 0xffffffffed38) = 0 <0.000065>
19795 19:04:36.227845 ioctl(4, _IOC(_IOC_NONE, 0x75, 0x30, 0), 0xffffffffed38) = 0 <0.000074>
19795 19:04:36.227976 ioctl(4, _IOC(_IOC_NONE, 0x75, 0x30, 0), 0xffffffffed38) = 0 <0.000063>
19795 19:04:36.228095 ioctl(4, _IOC(_IOC_NONE, 0x75, 0x30, 0) <unfinished ...>
19796 19:04:36.228123 <... ioctl resumed>, 0xfffff520e608) = 0 <0.000899>
19795 19:04:36.228218 <... ioctl resumed>, 0xffffffffed38) = 0 <0.000102>
19796 19:04:36.228246 ioctl(4, _IOC(_IOC_NONE, 0x75, 0x30, 0) <unfinished ...>
19795 19:04:36.228298 ioctl(4, _IOC(_IOC_NONE, 0x75, 0x30, 0), 0xffffffffed38) = 0 <0.000064>
19796 19:04:36.228399 <... ioctl resumed>, 0xfffff520e618) = 0 <0.000132>
19795 19:04:36.228444 ioctl(4, _IOC(_IOC_NONE, 0x75, 0x30, 0) <unfinished ...>
19796 19:04:36.228470 ioctl(4, _IOC(_IOC_NONE, 0x75, 0x30, 0) <unfinished ...>
19795 19:04:36.228563 <... ioctl resumed>, 0xffffffffed38) = 0 <0.000097>
19795 19:04:36.228613 ioctl(4, _IOC(_IOC_NONE, 0x75, 0x30, 0), 0xffffffffed38) = 0 <0.000067>
19795 19:04:36.228737 ioctl(4, _IOC(_IOC_NONE, 0x75, 0x30, 0), 0xffffffffed38) = 0 <0.000076>
19795 19:04:36.228873 ioctl(4, _IOC(_IOC_NONE, 0x75, 0x30, 0), 0xffffffffed38) = 0 <0.000069>
19795 19:04:36.228998 ioctl(4, _IOC(_IOC_NONE, 0x75, 0x30, 0), 0xffffffffed38) = 0 <0.000073>
19795 19:04:36.229135 ioctl(4, _IOC(_IOC_NONE, 0x75, 0x30, 0), 0xffffffffed38) = 0 <0.000067>
19795 19:04:36.229256 ioctl(4, _IOC(_IOC_NONE, 0x75, 0x30, 0), 0xffffffffed38) = 0 <0.000077>
19795 19:04:36.229402 ioctl(4, _IOC(_IOC_NONE, 0x75, 0x30, 0), 0xffffffffed38) = 0 <0.000068>
19795 19:04:36.229528 ioctl(4, _IOC(_IOC_NONE, 0x75, 0x30, 0), 0xffffffffed38) = 0 <0.000116>
19795 19:04:36.229750 ioctl(4, _IOC(_IOC_NONE, 0x75, 0x30, 0), 0xffffffffed38) = 0 <0.000072>
19795 19:04:36.229891 ioctl(4, _IOC(_IOC_NONE, 0x75, 0x30, 0), 0xffffffffed38) = 0 <0.000077>
19795 19:04:36.230035 ioctl(4, _IOC(_IOC_NONE, 0x75, 0x30, 0), 0xffffffffed38) = 0 <0.000067>
19795 19:04:36.230164 ioctl(4, _IOC(_IOC_NONE, 0x75, 0x30, 0), 0xffffffffed38) = 0 <0.000074>
19795 19:04:36.230303 ioctl(4, _IOC(_IOC_NONE, 0x75, 0x30, 0), 0xffffffffed38) = 0 <0.000067>
19795 19:04:36.230428 ioctl(4, _IOC(_IOC_NONE, 0x75, 0x30, 0), 0xffffffffed38) = 0 <0.000073>
19795 19:04:36.230567 ioctl(4, _IOC(_IOC_NONE, 0x75, 0x30, 0), 0xffffffffed38) = 0 <0.000069>
19795 19:04:36.230693 ioctl(4, _IOC(_IOC_NONE, 0x75, 0x30, 0), 0xffffffffed38) = 0 <0.000073>
19795 19:04:36.230826 ioctl(4, _IOC(_IOC_NONE, 0x75, 0x30, 0), 0xffffffffed38) = 0 <0.000067>
19795 19:04:36.230978 ioctl(4, _IOC(_IOC_NONE, 0x75, 0x30, 0), 0xffffffffed38) = 0 <0.000076>
19795 19:04:36.231118 ioctl(4, _IOC(_IOC_NONE, 0x75, 0x30, 0), 0xffffffffed38) = 0 <0.000066>
19795 19:04:36.231237 ioctl(4, _IOC(_IOC_NONE, 0x75, 0x30, 0), 0xffffffffed38) = 0 <0.000079>
19795 19:04:36.231380 ioctl(4, _IOC(_IOC_NONE, 0x75, 0x30, 0), 0xffffffffed38) = 0 <0.000067>
19795 19:04:36.231507 ioctl(4, _IOC(_IOC_NONE, 0x75, 0x30, 0), 0xffffffffe9d8) = 0 <0.000054>
19795 19:04:36.231620 ioctl(4, _IOC(_IOC_NONE, 0x75, 0x30, 0), 0xffffffffea48) = 0 <0.000055>
19796 19:04:36.231731 <... ioctl resumed>, 0xfffff520e618) = 0 <0.003227>
19795 19:04:36.231777 ioctl(4, _IOC(_IOC_NONE, 0x75, 0x30, 0) <unfinished ...>
19796 19:04:36.231871 ioctl(4, _IOC(_IOC_NONE, 0x75, 0x30, 0) <unfinished ...>
19795 19:04:36.231900 <... ioctl resumed>, 0xffffffffed38) = 0 <0.000100>
19796 19:04:36.231948 <... ioctl resumed>, 0xfffff520e618) = 0 <0.000053>
19795 19:04:36.231995 ioctl(4, _IOC(_IOC_NONE, 0x75, 0x30, 0) <unfinished ...>
19796 19:04:36.232079 ioctl(4, _IOC(_IOC_NONE, 0x75, 0x30, 0) <unfinished ...>
19795 19:04:36.232109 <... ioctl resumed>, 0xffffffffed38) = 0 <0.000091>
19795 19:04:36.232154 ioctl(4, _IOC(_IOC_NONE, 0x75, 0x30, 0), 0xffffffffed38) = 0 <0.000073>
19795 19:04:36.232288 ioctl(4, _IOC(_IOC_NONE, 0x75, 0x30, 0), 0xffffffffed38) = 0 <0.000067>
19795 19:04:36.232410 ioctl(4, _IOC(_IOC_NONE, 0x75, 0x30, 0), 0xffffffffed38) = 0 <0.000074>
19795 19:04:36.232551 ioctl(4, _IOC(_IOC_NONE, 0x75, 0x30, 0), 0xffffffffed38) = 0 <0.000066>
19795 19:04:36.232674 ioctl(4, _IOC(_IOC_NONE, 0x75, 0x30, 0), 0xffffffffed38) = 0 <0.000073>
19795 19:04:36.232802 ioctl(4, _IOC(_IOC_NONE, 0x75, 0x30, 0), 0xffffffffed38) = 0 <0.000062>
19795 19:04:36.232917 ioctl(4, _IOC(_IOC_NONE, 0x75, 0x30, 0) <unfinished ...>
19796 19:04:36.232990 <... ioctl resumed>, 0xfffff520e608) = 0 <0.000874>
19795 19:04:36.233074 <... ioctl resumed>, 0xffffffffed38) = 0 <0.000135>
19796 19:04:36.233122 ioctl(4, _IOC(_IOC_NONE, 0x75, 0x30, 0) <unfinished ...>
19795 19:04:36.233151 ioctl(4, _IOC(_IOC_NONE, 0x75, 0x30, 0), 0xffffffffed38) = 0 <0.000064>
19796 19:04:36.233251 <... ioctl resumed>, 0xfffff520e618) = 0 <0.000107>
19795 19:04:36.233297 ioctl(4, _IOC(_IOC_NONE, 0x75, 0x30, 0) <unfinished ...>
19796 19:04:36.233323 ioctl(4, _IOC(_IOC_NONE, 0x75, 0x30, 0) <unfinished ...>
19795 19:04:36.233418 <... ioctl resumed>, 0xffffffffed38) = 0 <0.000099>
19795 19:04:36.233470 ioctl(4, _IOC(_IOC_NONE, 0x75, 0x30, 0), 0xffffffffed38) = 0 <0.000067>
19795 19:04:36.233632 ioctl(4, _IOC(_IOC_NONE, 0x75, 0x30, 0), 0xffffffffed38) = 0 <0.000083>
19795 19:04:36.233806 ioctl(4, _IOC(_IOC_NONE, 0x75, 0x30, 0), 0xffffffffed38) = 0 <0.000068>
19795 19:04:36.233931 ioctl(4, _IOC(_IOC_NONE, 0x75, 0x30, 0), 0xffffffffed38) = 0 <0.000068>
19795 19:04:36.234064 ioctl(4, _IOC(_IOC_NONE, 0x75, 0x30, 0), 0xffffffffed38) = 0 <0.000067>
19795 19:04:36.234188 ioctl(4, _IOC(_IOC_NONE, 0x75, 0x30, 0), 0xffffffffed38) = 0 <0.000074>
19795 19:04:36.234326 ioctl(4, _IOC(_IOC_NONE, 0x75, 0x30, 0), 0xffffffffed38) = 0 <0.000068>
19795 19:04:36.234452 ioctl(4, _IOC(_IOC_NONE, 0x75, 0x30, 0), 0xffffffffed38) = 0 <0.000103>
19795 19:04:36.234621 ioctl(4, _IOC(_IOC_NONE, 0x75, 0x30, 0), 0xffffffffed38) = 0 <0.000067>
19795 19:04:36.234749 ioctl(4, _IOC(_IOC_NONE, 0x75, 0x30, 0), 0xffffffffed38) = 0 <0.000075>
19795 19:04:36.234889 ioctl(4, _IOC(_IOC_NONE, 0x75, 0x30, 0), 0xffffffffed38) = 0 <0.000064>
19795 19:04:36.235010 ioctl(4, _IOC(_IOC_NONE, 0x75, 0x30, 0), 0xffffffffed38) = 0 <0.000074>
19795 19:04:36.235149 ioctl(4, _IOC(_IOC_NONE, 0x75, 0x30, 0), 0xffffffffed38) = 0 <0.000066>
19795 19:04:36.235272 ioctl(4, _IOC(_IOC_NONE, 0x75, 0x30, 0), 0xffffffffed38) = 0 <0.000074>
19795 19:04:36.235411 ioctl(4, _IOC(_IOC_NONE, 0x75, 0x30, 0), 0xffffffffed38) = 0 <0.000066>
19795 19:04:36.235534 ioctl(4, _IOC(_IOC_NONE, 0x75, 0x30, 0), 0xffffffffed38) = 0 <0.000073>
19795 19:04:36.235671 ioctl(4, _IOC(_IOC_NONE, 0x75, 0x30, 0), 0xffffffffed38) = 0 <0.000071>
19795 19:04:36.235832 ioctl(4, _IOC(_IOC_NONE, 0x75, 0x30, 0), 0xffffffffed38) = 0 <0.000074>
19795 19:04:36.235967 ioctl(4, _IOC(_IOC_NONE, 0x75, 0x30, 0), 0xffffffffed38) = 0 <0.000072>
19795 19:04:36.236096 ioctl(4, _IOC(_IOC_NONE, 0x75, 0x30, 0), 0xffffffffed38) = 0 <0.000072>
19795 19:04:36.236232 ioctl(4, _IOC(_IOC_NONE, 0x75, 0x30, 0), 0xffffffffed38) = 0 <0.000062>
19795 19:04:36.236356 ioctl(4, _IOC(_IOC_NONE, 0x75, 0x30, 0), 0xffffffffe9d8) = 0 <0.000051>
19795 19:04:36.236468 ioctl(4, _IOC(_IOC_NONE, 0x75, 0x30, 0), 0xffffffffea48) = 0 <0.000054>
19796 19:04:36.236574 <... ioctl resumed>, 0xfffff520e618) = 0 <0.003221>
19795 19:04:36.236626 ioctl(4, _IOC(_IOC_NONE, 0x75, 0x30, 0) <unfinished ...>
19796 19:04:36.236724 ioctl(4, _IOC(_IOC_NONE, 0x75, 0x30, 0) <unfinished ...>
19795 19:04:36.236760 <... ioctl resumed>, 0xffffffffed38) = 0 <0.000110>
19796 19:04:36.236814 <... ioctl resumed>, 0xfffff520e618) = 0 <0.000061>
19795 19:04:36.236867 ioctl(4, _IOC(_IOC_NONE, 0x75, 0x30, 0) <unfinished ...>
19796 19:04:36.236894 ioctl(4, _IOC(_IOC_NONE, 0x75, 0x30, 0) <unfinished ...>
19795 19:04:36.236985 <... ioctl resumed>, 0xffffffffed38) = 0 <0.000095>
19795 19:04:36.237031 ioctl(4, _IOC(_IOC_NONE, 0x75, 0x30, 0), 0xffffffffed38) = 0 <0.000074>
19795 19:04:36.237168 ioctl(4, _IOC(_IOC_NONE, 0x75, 0x30, 0), 0xffffffffed38) = 0 <0.000066>
19795 19:04:36.237285 ioctl(4, _IOC(_IOC_NONE, 0x75, 0x30, 0), 0xffffffffed38) = 0 <0.000072>
19795 19:04:36.237419 ioctl(4, _IOC(_IOC_NONE, 0x75, 0x30, 0), 0xffffffffed38) = 0 <0.000063>
19795 19:04:36.237534 ioctl(4, _IOC(_IOC_NONE, 0x75, 0x30, 0), 0xffffffffed38) = 0 <0.000104>
19795 19:04:36.237724 ioctl(4, _IOC(_IOC_NONE, 0x75, 0x30, 0), 0xffffffffed38) = 0 <0.000067>
19796 19:04:36.237832 <... ioctl resumed>, 0xfffff520e608) = 0 <0.000919>
19795 19:04:36.237881 ioctl(4, _IOC(_IOC_NONE, 0x75, 0x30, 0) <unfinished ...>
19796 19:04:36.237970 ioctl(4, _IOC(_IOC_NONE, 0x75, 0x30, 0) <unfinished ...>
19795 19:04:36.237998 <... ioctl resumed>, 0xffffffffed38) = 0 <0.000096>
19796 19:04:36.238052 <... ioctl resumed>, 0xfffff520e618) = 0 <0.000055>
19795 19:04:36.238100 ioctl(4, _IOC(_IOC_NONE, 0x75, 0x30, 0) <unfinished ...>
19796 19:04:36.238183 ioctl(4, _IOC(_IOC_NONE, 0x75, 0x30, 0) <unfinished ...>
19795 19:04:36.238211 <... ioctl resumed>, 0xffffffffed38) = 0 <0.000089>
19795 19:04:36.238257 ioctl(4, _IOC(_IOC_NONE, 0x75, 0x30, 0), 0xffffffffed38) = 0 <0.000075>
19795 19:04:36.238394 ioctl(4, _IOC(_IOC_NONE, 0x75, 0x30, 0), 0xffffffffed38) = 0 <0.000066>
19795 19:04:36.238516 ioctl(4, _IOC(_IOC_NONE, 0x75, 0x30, 0), 0xffffffffed38) = 0 <0.000075>
19795 19:04:36.238655 ioctl(4, _IOC(_IOC_NONE, 0x75, 0x30, 0), 0xffffffffed38) = 0 <0.000067>
19795 19:04:36.238778 ioctl(4, _IOC(_IOC_NONE, 0x75, 0x30, 0), 0xffffffffed38) = 0 <0.000076>
19795 19:04:36.238918 ioctl(4, _IOC(_IOC_NONE, 0x75, 0x30, 0), 0xffffffffed38) = 0 <0.000066>
19795 19:04:36.239038 ioctl(4, _IOC(_IOC_NONE, 0x75, 0x30, 0), 0xffffffffed38) = 0 <0.000072>
19795 19:04:36.239175 ioctl(4, _IOC(_IOC_NONE, 0x75, 0x30, 0), 0xffffffffed38) = 0 <0.000069>
19795 19:04:36.239306 ioctl(4, _IOC(_IOC_NONE, 0x75, 0x30, 0), 0xffffffffed38) = 0 <0.000074>
19795 19:04:36.239451 ioctl(4, _IOC(_IOC_NONE, 0x75, 0x30, 0), 0xffffffffed38) = 0 <0.000067>
19795 19:04:36.239576 ioctl(4, _IOC(_IOC_NONE, 0x75, 0x30, 0), 0xffffffffed38) = 0 <0.000076>
19795 19:04:36.239716 ioctl(4, _IOC(_IOC_NONE, 0x75, 0x30, 0), 0xffffffffed38) = 0 <0.000066>
19795 19:04:36.239839 ioctl(4, _IOC(_IOC_NONE, 0x75, 0x30, 0), 0xffffffffed38) = 0 <0.000073>
19795 19:04:36.239977 ioctl(4, _IOC(_IOC_NONE, 0x75, 0x30, 0), 0xffffffffed38) = 0 <0.000068>
19795 19:04:36.240103 ioctl(4, _IOC(_IOC_NONE, 0x75, 0x30, 0), 0xffffffffed38) = 0 <0.000072>
19795 19:04:36.240238 ioctl(4, _IOC(_IOC_NONE, 0x75, 0x30, 0), 0xffffffffed38) = 0 <0.000064>
19795 19:04:36.240361 ioctl(4, _IOC(_IOC_NONE, 0x75, 0x30, 0), 0xffffffffed38) = 0 <0.000072>
19795 19:04:36.240493 ioctl(4, _IOC(_IOC_NONE, 0x75, 0x30, 0), 0xffffffffed38) = 0 <0.000066>
19795 19:04:36.240617 ioctl(4, _IOC(_IOC_NONE, 0x75, 0x30, 0), 0xffffffffed38) = 0 <0.000077>
19795 19:04:36.240791 ioctl(4, _IOC(_IOC_NONE, 0x75, 0x30, 0), 0xffffffffed38) = 0 <0.000068>
19795 19:04:36.240919 ioctl(4, _IOC(_IOC_NONE, 0x75, 0x30, 0), 0xffffffffed38) = 0 <0.000074>
19795 19:04:36.241055 ioctl(4, _IOC(_IOC_NONE, 0x75, 0x30, 0), 0xffffffffed38) = 0 <0.000066>
19795 19:04:36.241184 ioctl(4, _IOC(_IOC_NONE, 0x75, 0x30, 0), 0xffffffffe9d8) = 0 <0.000047>
19795 19:04:36.241289 ioctl(4, _IOC(_IOC_NONE, 0x75, 0x30, 0), 0xffffffffea48) = 0 <0.000061>
19795 19:04:36.241406 ioctl(4, _IOC(_IOC_NONE, 0x75, 0x30, 0), 0xffffffffed38) = 0 <0.000075>
19795 19:04:36.241548 ioctl(4, _IOC(_IOC_NONE, 0x75, 0x30, 0) <unfinished ...>
19796 19:04:36.241648 <... ioctl resumed>, 0xfffff520e618) = 0 <0.003441>
19795 19:04:36.241744 <... ioctl resumed>, 0xffffffffed38) = 0 <0.000150>
19796 19:04:36.241787 ioctl(4, _IOC(_IOC_NONE, 0x75, 0x30, 0) <unfinished ...>
19795 19:04:36.241819 ioctl(4, _IOC(_IOC_NONE, 0x75, 0x30, 0), 0xffffffffed38) = 0 <0.000074>
19796 19:04:36.241929 <... ioctl resumed>, 0xfffff520e618) = 0 <0.000119>
19795 19:04:36.241983 ioctl(4, _IOC(_IOC_NONE, 0x75, 0x30, 0) <unfinished ...>
19796 19:04:36.242010 ioctl(4, _IOC(_IOC_NONE, 0x75, 0x30, 0) <unfinished ...>
19795 19:04:36.242100 <... ioctl resumed>, 0xffffffffed38) = 0 <0.000096>
19795 19:04:36.242145 ioctl(4, _IOC(_IOC_NONE, 0x75, 0x30, 0), 0xffffffffed38) = 0 <0.000071>
19795 19:04:36.242276 ioctl(4, _IOC(_IOC_NONE, 0x75, 0x30, 0), 0xffffffffed38) = 0 <0.000065>
19795 19:04:36.242397 ioctl(4, _IOC(_IOC_NONE, 0x75, 0x30, 0), 0xffffffffed38) = 0 <0.000071>
19795 19:04:36.242532 ioctl(4, _IOC(_IOC_NONE, 0x75, 0x30, 0), 0xffffffffed38) = 0 <0.000066>
19795 19:04:36.242652 ioctl(4, _IOC(_IOC_NONE, 0x75, 0x30, 0), 0xffffffffed38) = 0 <0.000072>
19795 19:04:36.242782 ioctl(4, _IOC(_IOC_NONE, 0x75, 0x30, 0), 0xffffffffed38) = 0 <0.000063>
19795 19:04:36.242899 ioctl(4, _IOC(_IOC_NONE, 0x75, 0x30, 0), 0xffffffffed38) = 0 <0.000072>
19795 19:04:36.243031 ioctl(4, _IOC(_IOC_NONE, 0x75, 0x30, 0), 0xffffffffed38) = 0 <0.000061>
19795 19:04:36.243148 ioctl(4, _IOC(_IOC_NONE, 0x75, 0x30, 0), 0xffffffffed38) = 0 <0.000072>
19795 19:04:36.243284 ioctl(4, _IOC(_IOC_NONE, 0x75, 0x30, 0), 0xffffffffed38) = 0 <0.000065>
19795 19:04:36.243406 ioctl(4, _IOC(_IOC_NONE, 0x75, 0x30, 0), 0xffffffffed38) = 0 <0.000073>
19795 19:04:36.243541 ioctl(4, _IOC(_IOC_NONE, 0x75, 0x30, 0), 0xffffffffed38) = 0 <0.000065>
19795 19:04:36.243664 ioctl(4, _IOC(_IOC_NONE, 0x75, 0x30, 0), 0xffffffffed38) = 0 <0.000072>
19795 19:04:36.243799 ioctl(4, _IOC(_IOC_NONE, 0x75, 0x30, 0), 0xffffffffed38) = 0 <0.000065>
19795 19:04:36.243921 ioctl(4, _IOC(_IOC_NONE, 0x75, 0x30, 0), 0xffffffffed38) = 0 <0.000070>
19795 19:04:36.244055 ioctl(4, _IOC(_IOC_NONE, 0x75, 0x30, 0), 0xffffffffed38) = 0 <0.000066>
19795 19:04:36.244178 ioctl(4, _IOC(_IOC_NONE, 0x75, 0x30, 0), 0xffffffffed38) = 0 <0.000072>
19795 19:04:36.244314 ioctl(4, _IOC(_IOC_NONE, 0x75, 0x30, 0), 0xffffffffed38) = 0 <0.000065>
19795 19:04:36.244434 ioctl(4, _IOC(_IOC_NONE, 0x75, 0x30, 0), 0xffffffffed38) = 0 <0.000073>
19795 19:04:36.244734 brk(0xaaaaaee7b000 <unfinished ...>
19796 19:04:36.245717 <... ioctl resumed>, 0xfffff520e608) = 0 <0.003677>
19795 19:04:36.247115 <... brk resumed>) = 0xaaaaaee7b000 <0.002346>
19796 19:04:36.247178 ioctl(4, _IOC(_IOC_NONE, 0x75, 0x30, 0) <unfinished ...>
19795 19:04:36.247265 ioctl(4, _IOC(_IOC_NONE, 0x75, 0x30, 0) <unfinished ...>
19796 19:04:36.247297 <... ioctl resumed>, 0xfffff520e618) = 0 <0.000093>
19796 19:04:36.247347 ioctl(4, _IOC(_IOC_NONE, 0x75, 0x30, 0) <unfinished ...>
19795 19:04:36.247438 <... ioctl resumed>, 0xffffffffed78) = 0 <0.000149>
19795 19:04:36.247485 ioctl(4, _IOC(_IOC_NONE, 0x75, 0x30, 0), 0xffffffffed78) = 0 <0.000073>
19795 19:04:36.247638 ioctl(4, _IOC(_IOC_NONE, 0x75, 0x30, 0), 0xffffffffedd8) = 0 <0.000223>
19795 19:04:36.248093 ioctl(4, _IOC(_IOC_NONE, 0x75, 0x30, 0), 0xffffffffed78) = 0 <0.000063>
19795 19:04:36.248225 ioctl(4, _IOC(_IOC_NONE, 0x75, 0x30, 0), 0xffffffffed98) = 0 <0.000080>
19795 19:04:36.248374 ioctl(4, _IOC(_IOC_NONE, 0x75, 0x30, 0), 0xffffffffebf8) = 0 <0.000053>
19795 19:04:36.248515 ioctl(4, _IOC(_IOC_NONE, 0x75, 0x30, 0), 0xffffffffec68) = 0 <0.000058>
19796 19:04:36.248637 <... ioctl resumed>, 0xfffff520e618) = 0 <0.001270>
19795 19:04:36.248682 getpid( <unfinished ...>
19796 19:04:36.248723 ioctl(4, _IOC(_IOC_NONE, 0x75, 0x30, 0) <unfinished ...>
19795 19:04:36.248765 <... getpid resumed>) = 19795 <0.000065>
19796 19:04:36.248837 <... ioctl resumed>, 0xfffff520e618) = 0 <0.000094>
19795 19:04:36.248883 ioctl(4, _IOC(_IOC_NONE, 0x75, 0x30, 0), 0xffffffffeb08) = 0 <0.000050>
19796 19:04:36.248988 ioctl(4, _IOC(_IOC_NONE, 0x75, 0x30, 0), 0xfffff520e608) = 0 <0.000343>
19795 19:04:36.249393 ioctl(4, _IOC(_IOC_NONE, 0x75, 0x30, 0), 0xffffffffeb78) = 0 <0.000050>
19795 19:04:36.249499 ioctl(4, _IOC(_IOC_NONE, 0x75, 0x30, 0) <unfinished ...>
19796 19:04:36.249598 ioctl(4, _IOC(_IOC_NONE, 0x75, 0x30, 0), 0xfffff520e618) = 0 <0.000053>
19796 19:04:36.249732 ioctl(4, _IOC(_IOC_NONE, 0x75, 0x30, 0), 0xfffff520e608) = 0 <0.000079>
19796 19:04:36.249864 ioctl(4, _IOC(_IOC_NONE, 0x75, 0x30, 0), 0xfffff520e618) = 0 <0.000048>
19796 19:04:36.249967 ioctl(4, _IOC(_IOC_NONE, 0x75, 0x30, 0), 0xfffff520e618) = 0 <0.000048>
19796 19:04:36.250066 ioctl(4, _IOC(_IOC_NONE, 0x75, 0x30, 0), 0xfffff520e618) = 0 <0.000047>
19796 19:04:36.250167 ioctl(4, _IOC(_IOC_NONE, 0x75, 0x30, 0) <unfinished ...>
19795 19:04:36.250228 <... ioctl resumed>, 0xffffffffebd8) = 0 <0.000706>
19795 19:04:36.250320 ioctl(4, _IOC(_IOC_NONE, 0x75, 0x30, 0), 0xffffffffedd8) = 0 <0.000209>
19795 19:04:36.250775 ioctl(4, _IOC(_IOC_NONE, 0x75, 0x30, 0), 0xffffffffed78) = 0 <0.000099>
19795 19:04:36.250949 ioctl(4, _IOC(_IOC_NONE, 0x75, 0x30, 0), 0xffffffffed98) = 0 <0.000081>
19795 19:04:36.251103 ioctl(4, _IOC(_IOC_NONE, 0x75, 0x30, 0), 0xffffffffebf8) = 0 <0.000051>
19795 19:04:36.251622 ioctl(4, _IOC(_IOC_NONE, 0x75, 0x30, 0) <unfinished ...>
19796 19:04:36.251734 <... ioctl resumed>, 0xfffff520e618) = 0 <0.001543>
19796 19:04:36.251784 ioctl(4, _IOC(_IOC_NONE, 0x75, 0x30, 0), 0xfffff520e618) = 0 <0.000049>
19795 19:04:36.251894 <... ioctl resumed>, 0xffffffffec68) = 0 <0.000234>
19795 19:04:36.251940 getpid( <unfinished ...>
19796 19:04:36.251986 ioctl(4, _IOC(_IOC_NONE, 0x75, 0x30, 0) <unfinished ...>
19795 19:04:36.252159 <... getpid resumed>) = 19795 <0.000200>
19796 19:04:36.252204 <... ioctl resumed>, 0xfffff520e608) = 0 <0.000198>
19795 19:04:36.252234 ioctl(4, _IOC(_IOC_NONE, 0x75, 0x30, 0), 0xffffffffeb08) = 0 <0.000052>
19796 19:04:36.252341 ioctl(4, _IOC(_IOC_NONE, 0x75, 0x30, 0) <unfinished ...>
19795 19:04:36.252388 ioctl(4, _IOC(_IOC_NONE, 0x75, 0x30, 0), 0xffffffffeb78) = 0 <0.000088>
19796 19:04:36.252525 <... ioctl resumed>, 0xfffff520e618) = 0 <0.000162>
19795 19:04:36.252554 ioctl(4, _IOC(_IOC_NONE, 0x75, 0x30, 0) <unfinished ...>
19796 19:04:36.252626 ioctl(4, _IOC(_IOC_NONE, 0x75, 0x30, 0), 0xfffff520e608) = 0 <0.000087>
19795 19:04:36.252777 <... ioctl resumed>, 0xffffffffebd8) = 0 <0.000202>
19795 19:04:36.253116 ioctl(4, _IOC(_IOC_NONE, 0x75, 0x30, 0) <unfinished ...>
19796 19:04:36.253163 ioctl(4, _IOC(_IOC_NONE, 0x75, 0x30, 0), 0xfffff520e618) = 0 <0.000062>
19796 19:04:36.253284 ioctl(4, _IOC(_IOC_NONE, 0x75, 0x30, 0), 0xfffff520e618) = 0 <0.000051>
19796 19:04:36.253388 ioctl(4, _IOC(_IOC_NONE, 0x75, 0x30, 0), 0xfffff520e618) = 0 <0.000047>
19795 19:04:36.253549 <... ioctl resumed>, 0xffffffffed48) = 0 <0.000395>
19796 19:04:36.253612 ioctl(4, _IOC(_IOC_NONE, 0x75, 0x30, 0) <unfinished ...>
19795 19:04:36.253722 ioctl(4, _IOC(_IOC_NONE, 0x75, 0x30, 0), 0xffffffffed48) = 0 <0.000080>
19795 19:04:36.254061 ioctl(4, _IOC(_IOC_NONE, 0x75, 0x30, 0), 0xffffffffed48) = 0 <0.000076>
19795 19:04:36.254211 ioctl(4, _IOC(_IOC_NONE, 0x75, 0x30, 0), 0xffffffffed48) = 0 <0.000074>
19795 19:04:36.254558 ioctl(4, _IOC(_IOC_NONE, 0x75, 0x30, 0), 0xffffffffed48) = 0 <0.000080>
19795 19:04:36.254714 ioctl(4, _IOC(_IOC_NONE, 0x75, 0x30, 0), 0xffffffffed48) = 0 <0.000077>
19795 19:04:36.254984 ioctl(4, _IOC(_IOC_NONE, 0x75, 0x30, 0), 0xffffffffed48) = 0 <0.000079>
19795 19:04:36.255166 ioctl(4, _IOC(_IOC_NONE, 0x75, 0x30, 0), 0xffffffffed48) = 0 <0.000077>
19795 19:04:36.255498 ioctl(4, _IOC(_IOC_NONE, 0x75, 0x30, 0), 0xffffffffed48) = 0 <0.000111>
19795 19:04:36.255686 ioctl(4, _IOC(_IOC_NONE, 0x75, 0x30, 0), 0xffffffffed48) = 0 <0.000082>
19795 19:04:36.255976 ioctl(4, _IOC(_IOC_NONE, 0x75, 0x30, 0), 0xffffffffed48) = 0 <0.000080>
19795 19:04:36.256126 ioctl(4, _IOC(_IOC_NONE, 0x75, 0x30, 0), 0xffffffffed48) = 0 <0.000078>
19795 19:04:36.256445 ioctl(4, _IOC(_IOC_NONE, 0x75, 0x30, 0), 0xffffffffed48) = 0 <0.000076>
19795 19:04:36.256589 ioctl(4, _IOC(_IOC_NONE, 0x75, 0x30, 0), 0xffffffffed48) = 0 <0.000074>
19795 19:04:36.256852 ioctl(4, _IOC(_IOC_NONE, 0x75, 0x30, 0), 0xffffffffed48) = 0 <0.000077>
19795 19:04:36.257002 ioctl(4, _IOC(_IOC_NONE, 0x75, 0x30, 0), 0xffffffffed48) = 0 <0.000080>
19795 19:04:36.257345 ioctl(4, _IOC(_IOC_NONE, 0x75, 0x30, 0), 0xffffffffed48) = 0 <0.000074>
19795 19:04:36.257492 ioctl(4, _IOC(_IOC_NONE, 0x75, 0x30, 0), 0xffffffffed48) = 0 <0.000108>
19795 19:04:36.257854 ioctl(4, _IOC(_IOC_NONE, 0x75, 0x30, 0), 0xffffffffed48) = 0 <0.000079>
19795 19:04:36.258014 ioctl(4, _IOC(_IOC_NONE, 0x75, 0x30, 0), 0xffffffffed48) = 0 <0.000077>
19795 19:04:36.258360 ioctl(4, _IOC(_IOC_NONE, 0x75, 0x30, 0), 0xffffffffed48) = 0 <0.000077>
19795 19:04:36.258506 ioctl(4, _IOC(_IOC_NONE, 0x75, 0x30, 0), 0xffffffffed48) = 0 <0.000075>
19795 19:04:36.258764 ioctl(4, _IOC(_IOC_NONE, 0x75, 0x30, 0), 0xffffffffed48) = 0 <0.000080>
19795 19:04:36.258909 ioctl(4, _IOC(_IOC_NONE, 0x75, 0x30, 0), 0xffffffffed48) = 0 <0.000077>
19795 19:04:36.259230 ioctl(4, _IOC(_IOC_NONE, 0x75, 0x30, 0), 0xffffffffed48) = 0 <0.000079>
19795 19:04:36.259378 ioctl(4, _IOC(_IOC_NONE, 0x75, 0x30, 0), 0xffffffffed48) = 0 <0.000080>
19795 19:04:36.259643 ioctl(4, _IOC(_IOC_NONE, 0x75, 0x30, 0), 0xffffffffed48) = 0 <0.000074>
19795 19:04:36.259783 ioctl(4, _IOC(_IOC_NONE, 0x75, 0x30, 0), 0xffffffffed48) = 0 <0.000082>
19795 19:04:36.260090 ioctl(4, _IOC(_IOC_NONE, 0x75, 0x30, 0), 0xffffffffed48) = 0 <0.000076>
19795 19:04:36.260236 ioctl(4, _IOC(_IOC_NONE, 0x75, 0x30, 0), 0xffffffffed48) = 0 <0.000073>
19795 19:04:36.260489 ioctl(4, _IOC(_IOC_NONE, 0x75, 0x30, 0), 0xffffffffed48) = 0 <0.000075>
19795 19:04:36.260639 ioctl(4, _IOC(_IOC_NONE, 0x75, 0x30, 0), 0xffffffffe9e8) = 0 <0.000051>
19795 19:04:36.260751 ioctl(4, _IOC(_IOC_NONE, 0x75, 0x30, 0), 0xffffffffea58) = 0 <0.000055>
19795 19:04:36.260888 ioctl(4, _IOC(_IOC_NONE, 0x75, 0x30, 0) <unfinished ...>
19796 19:04:36.260916 <... ioctl resumed>, 0xfffff520e618) = 0 <0.007260>
19795 19:04:36.261024 <... ioctl resumed>, 0xffffffffed48) = 0 <0.000113>
19796 19:04:36.261052 ioctl(4, _IOC(_IOC_NONE, 0x75, 0x30, 0) <unfinished ...>
19795 19:04:36.261365 ioctl(4, _IOC(_IOC_NONE, 0x75, 0x30, 0) <unfinished ...>
19796 19:04:36.261415 <... ioctl resumed>, 0xfffff520e618) = 0 <0.000340>
19796 19:04:36.261471 ioctl(4, _IOC(_IOC_NONE, 0x75, 0x30, 0) <unfinished ...>
19795 19:04:36.261972 <... ioctl resumed>, 0xffffffffed48) = 0 <0.000562>
19796 19:04:36.262064 <... ioctl resumed>, 0xfffff520e608) = 0 <0.000571>
19795 19:04:36.262097 ioctl(4, _IOC(_IOC_NONE, 0x75, 0x30, 0), 0xffffffffed48) = 0 <0.000081>
19795 19:04:36.262452 ioctl(4, _IOC(_IOC_NONE, 0x75, 0x30, 0) <unfinished ...>
19796 19:04:36.262515 ioctl(4, _IOC(_IOC_NONE, 0x75, 0x30, 0), 0xfffff520e618) = 0 <0.000057>
19796 19:04:36.262629 ioctl(4, _IOC(_IOC_NONE, 0x75, 0x30, 0) <unfinished ...>
19795 19:04:36.262746 <... ioctl resumed>, 0xffffffffed48) = 0 <0.000260>
19795 19:04:36.262793 ioctl(4, _IOC(_IOC_NONE, 0x75, 0x30, 0), 0xffffffffed48) = 0 <0.000080>
19795 19:04:36.263175 ioctl(4, _IOC(_IOC_NONE, 0x75, 0x30, 0), 0xffffffffed48) = 0 <0.000084>
19795 19:04:36.263343 ioctl(4, _IOC(_IOC_NONE, 0x75, 0x30, 0), 0xffffffffed48) = 0 <0.000075>
19795 19:04:36.269643 ioctl(4, _IOC(_IOC_NONE, 0x75, 0x30, 0), 0xffffffffed48) = 0 <0.000105>
19795 19:04:36.269874 ioctl(4, _IOC(_IOC_NONE, 0x75, 0x30, 0), 0xffffffffed48) = 0 <0.000077>
19795 19:04:36.270256 ioctl(4, _IOC(_IOC_NONE, 0x75, 0x30, 0), 0xffffffffed48) = 0 <0.000081>
19795 19:04:36.270440 ioctl(4, _IOC(_IOC_NONE, 0x75, 0x30, 0), 0xffffffffed48) = 0 <0.000077>
19795 19:04:36.270676 ioctl(4, _IOC(_IOC_NONE, 0x75, 0x30, 0), 0xffffffffed48) = 0 <0.000068>
19795 19:04:36.270807 ioctl(4, _IOC(_IOC_NONE, 0x75, 0x30, 0), 0xffffffffed48) = 0 <0.000074>
19795 19:04:36.271060 ioctl(4, _IOC(_IOC_NONE, 0x75, 0x30, 0), 0xffffffffed48) = 0 <0.000075>
19795 19:04:36.271199 ioctl(4, _IOC(_IOC_NONE, 0x75, 0x30, 0), 0xffffffffed48) = 0 <0.000079>
19795 19:04:36.271411 ioctl(4, _IOC(_IOC_NONE, 0x75, 0x30, 0), 0xffffffffed48) = 0 <0.000074>
19795 19:04:36.271546 ioctl(4, _IOC(_IOC_NONE, 0x75, 0x30, 0), 0xffffffffed48) = 0 <0.000075>
19795 19:04:36.271802 ioctl(4, _IOC(_IOC_NONE, 0x75, 0x30, 0), 0xffffffffed48) = 0 <0.000074>
19795 19:04:36.271944 ioctl(4, _IOC(_IOC_NONE, 0x75, 0x30, 0), 0xffffffffed48) = 0 <0.000074>
19795 19:04:36.272168 ioctl(4, _IOC(_IOC_NONE, 0x75, 0x30, 0), 0xffffffffed48) = 0 <0.000070>
19795 19:04:36.272302 ioctl(4, _IOC(_IOC_NONE, 0x75, 0x30, 0), 0xffffffffed48) = 0 <0.000075>
19795 19:04:36.272566 ioctl(4, _IOC(_IOC_NONE, 0x75, 0x30, 0), 0xffffffffed48) = 0 <0.000074>
19795 19:04:36.272710 ioctl(4, _IOC(_IOC_NONE, 0x75, 0x30, 0), 0xffffffffed48) = 0 <0.000075>
19795 19:04:36.272942 ioctl(4, _IOC(_IOC_NONE, 0x75, 0x30, 0), 0xffffffffed48) = 0 <0.000072>
19795 19:04:36.273080 ioctl(4, _IOC(_IOC_NONE, 0x75, 0x30, 0), 0xffffffffed48) = 0 <0.000080>
19795 19:04:36.273341 ioctl(4, _IOC(_IOC_NONE, 0x75, 0x30, 0), 0xffffffffed48) = 0 <0.000071>
19795 19:04:36.273473 ioctl(4, _IOC(_IOC_NONE, 0x75, 0x30, 0), 0xffffffffed48) = 0 <0.000100>
19795 19:04:36.273780 ioctl(4, _IOC(_IOC_NONE, 0x75, 0x30, 0), 0xffffffffed48) = 0 <0.000079>
19795 19:04:36.273935 ioctl(4, _IOC(_IOC_NONE, 0x75, 0x30, 0), 0xffffffffed48) = 0 <0.000076>
19795 19:04:36.274236 ioctl(4, _IOC(_IOC_NONE, 0x75, 0x30, 0), 0xffffffffed48) = 0 <0.000076>
19795 19:04:36.274389 ioctl(4, _IOC(_IOC_NONE, 0x75, 0x30, 0), 0xffffffffed48) = 0 <0.000075>
19795 19:04:36.277650 ioctl(4, _IOC(_IOC_NONE, 0x75, 0x30, 0), 0xffffffffed48) = 0 <0.000106>
19795 19:04:36.277881 ioctl(4, _IOC(_IOC_NONE, 0x75, 0x30, 0), 0xffffffffe9e8) = 0 <0.000054>
19795 19:04:36.278007 ioctl(4, _IOC(_IOC_NONE, 0x75, 0x30, 0) <unfinished ...>
19796 19:04:36.278092 <... ioctl resumed>, 0xfffff520e618) = 0 <0.015442>
19795 19:04:36.278144 <... ioctl resumed>, 0xffffffffea58) = 0 <0.000113>
19796 19:04:36.278188 ioctl(4, _IOC(_IOC_NONE, 0x75, 0x30, 0) <unfinished ...>
19795 19:04:36.278234 ioctl(4, _IOC(_IOC_NONE, 0x75, 0x30, 0), 0xffffffffed48) = 0 <0.000120>
19796 19:04:36.278390 <... ioctl resumed>, 0xfffff520e618) = 0 <0.000181>
19795 19:04:36.278690 ioctl(4, _IOC(_IOC_NONE, 0x75, 0x30, 0) <unfinished ...>
19796 19:04:36.278732 ioctl(4, _IOC(_IOC_NONE, 0x75, 0x30, 0), 0xfffff520e608) = 0 <0.000401>
19795 19:04:36.279246 <... ioctl resumed>, 0xffffffffed48) = 0 <0.000520>
19795 19:04:36.279310 ioctl(4, _IOC(_IOC_NONE, 0x75, 0x30, 0), 0xffffffffed48) = 0 <0.000077>
19795 19:04:36.279664 ioctl(4, _IOC(_IOC_NONE, 0x75, 0x30, 0) <unfinished ...>
19796 19:04:36.279719 ioctl(4, _IOC(_IOC_NONE, 0x75, 0x30, 0), 0xfffff520e618) = 0 <0.000061>
19796 19:04:36.279843 ioctl(4, _IOC(_IOC_NONE, 0x75, 0x30, 0) <unfinished ...>
19795 19:04:36.279962 <... ioctl resumed>, 0xffffffffed48) = 0 <0.000251>
19795 19:04:36.280016 ioctl(4, _IOC(_IOC_NONE, 0x75, 0x30, 0), 0xffffffffed48) = 0 <0.000080>
19795 19:04:36.280416 ioctl(4, _IOC(_IOC_NONE, 0x75, 0x30, 0), 0xffffffffed48) = 0 <0.000087>
19795 19:04:36.280583 ioctl(4, _IOC(_IOC_NONE, 0x75, 0x30, 0), 0xffffffffed48) = 0 <0.003368>
19795 19:04:36.284289 ioctl(4, _IOC(_IOC_NONE, 0x75, 0x30, 0), 0xffffffffed48) = 0 <0.000089>
19795 19:04:36.284471 ioctl(4, _IOC(_IOC_NONE, 0x75, 0x30, 0), 0xffffffffed48) = 0 <0.000075>
19795 19:04:36.284808 ioctl(4, _IOC(_IOC_NONE, 0x75, 0x30, 0), 0xffffffffed48) = 0 <0.000130>
19795 19:04:36.285026 ioctl(4, _IOC(_IOC_NONE, 0x75, 0x30, 0), 0xffffffffed48) = 0 <0.000083>
19795 19:04:36.285318 ioctl(4, _IOC(_IOC_NONE, 0x75, 0x30, 0), 0xffffffffed48) = 0 <0.000076>
19795 19:04:36.285503 ioctl(4, _IOC(_IOC_NONE, 0x75, 0x30, 0), 0xffffffffed48) = 0 <0.000104>
19795 19:04:36.285909 ioctl(4, _IOC(_IOC_NONE, 0x75, 0x30, 0), 0xffffffffed48) = 0 <0.000091>
19795 19:04:36.286091 ioctl(4, _IOC(_IOC_NONE, 0x75, 0x30, 0), 0xffffffffed48) = 0 <0.000080>
19795 19:04:36.289656 ioctl(4, _IOC(_IOC_NONE, 0x75, 0x30, 0), 0xffffffffed48) = 0 <0.000108>
19795 19:04:36.289893 ioctl(4, _IOC(_IOC_NONE, 0x75, 0x30, 0), 0xffffffffed48) = 0 <0.000088>
19795 19:04:36.290312 ioctl(4, _IOC(_IOC_NONE, 0x75, 0x30, 0), 0xffffffffed48) = 0 <0.000093>
19795 19:04:36.290504 ioctl(4, _IOC(_IOC_NONE, 0x75, 0x30, 0), 0xffffffffed48) = 0 <0.000090>
19795 19:04:36.290857 ioctl(4, _IOC(_IOC_NONE, 0x75, 0x30, 0), 0xffffffffed48) = 0 <0.000087>
19795 19:04:36.291030 ioctl(4, _IOC(_IOC_NONE, 0x75, 0x30, 0), 0xffffffffed48) = 0 <0.000084>
19795 19:04:36.291416 ioctl(4, _IOC(_IOC_NONE, 0x75, 0x30, 0), 0xffffffffed48) = 0 <0.000091>
19795 19:04:36.291600 ioctl(4, _IOC(_IOC_NONE, 0x75, 0x30, 0), 0xffffffffed48) = 0 <0.000083>
19795 19:04:36.291949 ioctl(4, _IOC(_IOC_NONE, 0x75, 0x30, 0), 0xffffffffed48) = 0 <0.000089>
19795 19:04:36.292126 ioctl(4, _IOC(_IOC_NONE, 0x75, 0x30, 0), 0xffffffffed48) = 0 <0.000084>
19795 19:04:36.292497 ioctl(4, _IOC(_IOC_NONE, 0x75, 0x30, 0), 0xffffffffed48) = 0 <0.000093>
19795 19:04:36.293672 ioctl(4, _IOC(_IOC_NONE, 0x75, 0x30, 0), 0xffffffffed48) = 0 <0.000105>
19795 19:04:36.294100 ioctl(4, _IOC(_IOC_NONE, 0x75, 0x30, 0), 0xffffffffed48) = 0 <0.000089>
19795 19:04:36.294282 ioctl(4, _IOC(_IOC_NONE, 0x75, 0x30, 0), 0xffffffffed48) = 0 <0.000081>
19795 19:04:36.294667 ioctl(4, _IOC(_IOC_NONE, 0x75, 0x30, 0), 0xffffffffed48) = 0 <0.000094>
19795 19:04:36.294857 ioctl(4, _IOC(_IOC_NONE, 0x75, 0x30, 0), 0xffffffffed48) = 0 <0.000081>
19795 19:04:36.297644 ioctl(4, _IOC(_IOC_NONE, 0x75, 0x30, 0), 0xffffffffed48) = 0 <0.003990>
19795 19:04:36.301797 ioctl(4, _IOC(_IOC_NONE, 0x75, 0x30, 0), 0xffffffffe9e8) = 0 <0.000070>
19795 19:04:36.301960 ioctl(4, _IOC(_IOC_NONE, 0x75, 0x30, 0) <unfinished ...>
19796 19:04:36.302058 <... ioctl resumed>, 0xfffff520e618) = 0 <0.022190>
19795 19:04:36.302095 <... ioctl resumed>, 0xffffffffea58) = 0 <0.000106>
19796 19:04:36.302124 ioctl(4, _IOC(_IOC_NONE, 0x75, 0x30, 0) <unfinished ...>
19795 19:04:36.302154 ioctl(4, _IOC(_IOC_NONE, 0x75, 0x30, 0) <unfinished ...>
19796 19:04:36.302198 <... ioctl resumed>, 0xfffff520e618) = 0 <0.000052>
19795 19:04:36.302261 <... ioctl resumed>, 0xffffffffed48) = 0 <0.000087>
19796 19:04:36.302292 ioctl(4, _IOC(_IOC_NONE, 0x75, 0x30, 0) <unfinished ...>
19795 19:04:36.302578 ioctl(4, _IOC(_IOC_NONE, 0x75, 0x30, 0) <unfinished ...>
19796 19:04:36.302937 <... ioctl resumed>, 0xfffff520e608) = 0 <0.000620>
19795 19:04:36.302990 <... ioctl resumed>, 0xffffffffed48) = 0 <0.000365>
19796 19:04:36.303031 ioctl(4, _IOC(_IOC_NONE, 0x75, 0x30, 0) <unfinished ...>
19795 19:04:36.303061 ioctl(4, _IOC(_IOC_NONE, 0x75, 0x30, 0) <unfinished ...>
19796 19:04:36.303106 <... ioctl resumed>, 0xfffff520e618) = 0 <0.000053>
19795 19:04:36.303164 <... ioctl resumed>, 0xffffffffed48) = 0 <0.000084>
19796 19:04:36.303193 ioctl(4, _IOC(_IOC_NONE, 0x75, 0x30, 0) <unfinished ...>
19795 19:04:36.303399 ioctl(4, _IOC(_IOC_NONE, 0x75, 0x30, 0), 0xffffffffed48) = 0 <0.000070>
19795 19:04:36.303538 ioctl(4, _IOC(_IOC_NONE, 0x75, 0x30, 0), 0xffffffffed48) = 0 <0.000078>
19795 19:04:36.303898 ioctl(4, _IOC(_IOC_NONE, 0x75, 0x30, 0), 0xffffffffed48) = 0 <0.000084>
19795 19:04:36.304062 ioctl(4, _IOC(_IOC_NONE, 0x75, 0x30, 0), 0xffffffffed48) = 0 <0.000077>
19795 19:04:36.304351 ioctl(4, _IOC(_IOC_NONE, 0x75, 0x30, 0), 0xffffffffed48) = 0 <0.000702>
19795 19:04:36.305160 ioctl(4, _IOC(_IOC_NONE, 0x75, 0x30, 0), 0xffffffffed48) = 0 <0.000093>
19795 19:04:36.305554 ioctl(4, _IOC(_IOC_NONE, 0x75, 0x30, 0), 0xffffffffed48) = 0 <0.000098>
19795 19:04:36.305847 ioctl(4, _IOC(_IOC_NONE, 0x75, 0x30, 0), 0xffffffffed48) = 0 <0.000078>
19795 19:04:36.306159 ioctl(4, _IOC(_IOC_NONE, 0x75, 0x30, 0), 0xffffffffed48) = 0 <0.000328>
19795 19:04:36.306571 ioctl(4, _IOC(_IOC_NONE, 0x75, 0x30, 0), 0xffffffffed48) = 0 <0.000085>
19795 19:04:36.307036 ioctl(4, _IOC(_IOC_NONE, 0x75, 0x30, 0), 0xffffffffed48) = 0 <0.000124>
19795 19:04:36.309668 ioctl(4, _IOC(_IOC_NONE, 0x75, 0x30, 0), 0xffffffffed48) = 0 <0.000115>
19795 19:04:36.310141 ioctl(4, _IOC(_IOC_NONE, 0x75, 0x30, 0), 0xffffffffed48) = 0 <0.000094>
19795 19:04:36.310330 ioctl(4, _IOC(_IOC_NONE, 0x75, 0x30, 0), 0xffffffffed48) = 0 <0.000085>
19795 19:04:36.311520 ioctl(4, _IOC(_IOC_NONE, 0x75, 0x30, 0), 0xffffffffedd8) = 0 <0.002303>
19795 19:04:36.314208 ioctl(4, _IOC(_IOC_NONE, 0x75, 0x30, 0), 0xffffffffed78) = 0 <0.000090>
19795 19:04:36.314405 ioctl(4, _IOC(_IOC_NONE, 0x75, 0x30, 0), 0xffffffffed98) = 0 <0.000085>
19795 19:04:36.314587 ioctl(4, _IOC(_IOC_NONE, 0x75, 0x30, 0), 0xffffffffebf8) = 0 <0.000055>
19795 19:04:36.314834 ioctl(4, _IOC(_IOC_NONE, 0x75, 0x30, 0), 0xffffffffec68) = 0 <0.000069>
19796 19:04:36.314965 <... ioctl resumed>, 0xfffff520e618) = 0 <0.011752>
19795 19:04:36.315002 getpid( <unfinished ...>
19796 19:04:36.315027 ioctl(4, _IOC(_IOC_NONE, 0x75, 0x30, 0) <unfinished ...>
19795 19:04:36.315056 <... getpid resumed>) = 19795 <0.000037>
19796 19:04:36.315102 <... ioctl resumed>, 0xfffff520e618) = 0 <0.000053>
19795 19:04:36.315132 ioctl(4, _IOC(_IOC_NONE, 0x75, 0x30, 0) <unfinished ...>
19796 19:04:36.315161 ioctl(4, _IOC(_IOC_NONE, 0x75, 0x30, 0) <unfinished ...>
19795 19:04:36.315203 <... ioctl resumed>, 0xffffffffeb08) = 0 <0.000050>
19796 19:04:36.315487 <... ioctl resumed>, 0xfffff520e608) = 0 <0.000301>
19795 19:04:36.315539 ioctl(4, _IOC(_IOC_NONE, 0x75, 0x30, 0) <unfinished ...>
19796 19:04:36.315571 ioctl(4, _IOC(_IOC_NONE, 0x75, 0x30, 0) <unfinished ...>
19795 19:04:36.315627 <... ioctl resumed>, 0xffffffffeb78) = 0 <0.000063>
19796 19:04:36.315661 <... ioctl resumed>, 0xfffff520e618) = 0 <0.000070>
19795 19:04:36.315689 ioctl(4, _IOC(_IOC_NONE, 0x75, 0x30, 0) <unfinished ...>
19796 19:04:36.315717 ioctl(4, _IOC(_IOC_NONE, 0x75, 0x30, 0), 0xfffff520e608) = 0 <0.000080>
19796 19:04:36.315852 ioctl(4, _IOC(_IOC_NONE, 0x75, 0x30, 0), 0xfffff520e618) = 0 <0.000052>
19796 19:04:36.315965 ioctl(4, _IOC(_IOC_NONE, 0x75, 0x30, 0), 0xfffff520e618) = 0 <0.000049>
19796 19:04:36.316071 ioctl(4, _IOC(_IOC_NONE, 0x75, 0x30, 0), 0xfffff520e618) = 0 <0.000049>
19796 19:04:36.316176 ioctl(4, _IOC(_IOC_NONE, 0x75, 0x30, 0) <unfinished ...>
19795 19:04:36.316998 <... ioctl resumed>, 0xffffffffebd8) = 0 <0.001281>
19795 19:04:36.317126 ioctl(4, _IOC(_IOC_NONE, 0x75, 0x30, 0), 0xffffffffedd8) = 0 <0.001287>
19795 19:04:36.323972 ioctl(4, _IOC(_IOC_NONE, 0x75, 0x30, 0), 0xffffffffed78) = 0 <0.000098>
19795 19:04:36.324195 ioctl(4, _IOC(_IOC_NONE, 0x75, 0x30, 0), 0xffffffffed98) = 0 <0.000146>
19795 19:04:36.324524 ioctl(4, _IOC(_IOC_NONE, 0x75, 0x30, 0), 0xffffffffebf8) = 0 <0.000058>
19795 19:04:36.324664 ioctl(4, _IOC(_IOC_NONE, 0x75, 0x30, 0), 0xffffffffec68) = 0 <0.000113>
19796 19:04:36.324850 <... ioctl resumed>, 0xfffff520e618) = 0 <0.008650>
19795 19:04:36.324913 getpid( <unfinished ...>
19796 19:04:36.324945 ioctl(4, _IOC(_IOC_NONE, 0x75, 0x30, 0) <unfinished ...>
19795 19:04:36.325018 <... getpid resumed>) = 19795 <0.000085>
19796 19:04:36.325047 <... ioctl resumed>, 0xfffff520e618) = 0 <0.000080>
19795 19:04:36.325228 ioctl(4, _IOC(_IOC_NONE, 0x75, 0x30, 0) <unfinished ...>
19796 19:04:36.325822 ioctl(4, _IOC(_IOC_NONE, 0x75, 0x30, 0) <unfinished ...>
19795 19:04:36.325924 <... ioctl resumed>, 0xffffffffeb08) = 0 <0.000663>
19795 19:04:36.327585 ioctl(4, _IOC(_IOC_NONE, 0x75, 0x30, 0) <unfinished ...>
19796 19:04:36.328018 <... ioctl resumed>, 0xfffff520e608) = 0 <0.002107>
19795 19:04:36.328082 <... ioctl resumed>, 0xffffffffeb78) = 0 <0.000439>
19795 19:04:36.328140 ioctl(4, _IOC(_IOC_NONE, 0x75, 0x30, 0) <unfinished ...>
19796 19:04:36.328192 ioctl(4, _IOC(_IOC_NONE, 0x75, 0x30, 0), 0xfffff520e618) = 0 <0.000085>
19796 19:04:36.328329 ioctl(4, _IOC(_IOC_NONE, 0x75, 0x30, 0), 0xfffff520e608) = 0 <0.000100>
19796 19:04:36.328483 ioctl(4, _IOC(_IOC_NONE, 0x75, 0x30, 0) <unfinished ...>
19795 19:04:36.328573 <... ioctl resumed>, 0xffffffffebd8) = 0 <0.000407>
19796 19:04:36.329114 <... ioctl resumed>, 0xfffff520e618) = 0 <0.000598>
19795 19:04:36.329177 ioctl(4, _IOC(_IOC_NONE, 0x75, 0x30, 0) <unfinished ...>
19796 19:04:36.329238 ioctl(4, _IOC(_IOC_NONE, 0x75, 0x30, 0), 0xfffff520e618) = 0 <0.000170>
19796 19:04:36.329467 ioctl(4, _IOC(_IOC_NONE, 0x75, 0x30, 0), 0xfffff520e618) = 0 <0.001162>
19795 19:04:36.330816 <... ioctl resumed>, 0xffffffffed48) = 0 <0.001611>
19796 19:04:36.330880 ioctl(4, _IOC(_IOC_NONE, 0x75, 0x30, 0) <unfinished ...>
19795 19:04:36.331331 ioctl(4, _IOC(_IOC_NONE, 0x75, 0x30, 0), 0xffffffffed48) = 0 <0.000086>
19795 19:04:36.331933 ioctl(4, _IOC(_IOC_NONE, 0x75, 0x30, 0), 0xffffffffed48) = 0 <0.000087>
19795 19:04:36.332105 ioctl(4, _IOC(_IOC_NONE, 0x75, 0x30, 0), 0xffffffffed48) = 0 <0.000877>
19795 19:04:36.333800 ioctl(4, _IOC(_IOC_NONE, 0x75, 0x30, 0), 0xffffffffed48) = 0 <0.000107>
19795 19:04:36.334061 ioctl(4, _IOC(_IOC_NONE, 0x75, 0x30, 0), 0xffffffffed48) = 0 <0.000083>
19795 19:04:36.334703 ioctl(4, _IOC(_IOC_NONE, 0x75, 0x30, 0), 0xffffffffed48) = 0 <0.000097>
19795 19:04:36.334892 ioctl(4, _IOC(_IOC_NONE, 0x75, 0x30, 0), 0xffffffffed48) = 0 <0.000081>
19795 19:04:36.335755 ioctl(4, _IOC(_IOC_NONE, 0x75, 0x30, 0), 0xffffffffed48) = 0 <0.000098>
19795 19:04:36.335948 ioctl(4, _IOC(_IOC_NONE, 0x75, 0x30, 0), 0xffffffffed48) = 0 <0.000399>
19795 19:04:36.337168 ioctl(4, _IOC(_IOC_NONE, 0x75, 0x30, 0), 0xffffffffed48) = 0 <0.000413>
19795 19:04:36.337738 ioctl(4, _IOC(_IOC_NONE, 0x75, 0x30, 0), 0xffffffffed48) = 0 <0.000089>
19795 19:04:36.338432 ioctl(4, _IOC(_IOC_NONE, 0x75, 0x30, 0), 0xffffffffed48) = 0 <0.000313>
19795 19:04:36.338867 ioctl(4, _IOC(_IOC_NONE, 0x75, 0x30, 0), 0xffffffffed48) = 0 <0.000090>
19795 19:04:36.339833 ioctl(4, _IOC(_IOC_NONE, 0x75, 0x30, 0), 0xffffffffed48) = 0 <0.000503>
19795 19:04:36.340486 ioctl(4, _IOC(_IOC_NONE, 0x75, 0x30, 0), 0xffffffffed48) = 0 <0.000095>
19795 19:04:36.341628 ioctl(4, _IOC(_IOC_NONE, 0x75, 0x30, 0), 0xffffffffed48) = 0 <0.000475>
19795 19:04:36.342251 ioctl(4, _IOC(_IOC_NONE, 0x75, 0x30, 0), 0xffffffffed48) = 0 <0.000084>
19795 19:04:36.342625 ioctl(4, _IOC(_IOC_NONE, 0x75, 0x30, 0), 0xffffffffed48) = 0 <0.000073>
19795 19:04:36.342770 ioctl(4, _IOC(_IOC_NONE, 0x75, 0x30, 0), 0xffffffffed48) = 0 <0.000387>
19795 19:04:36.343459 ioctl(4, _IOC(_IOC_NONE, 0x75, 0x30, 0), 0xffffffffed48) = 0 <0.000270>
19795 19:04:36.343828 ioctl(4, _IOC(_IOC_NONE, 0x75, 0x30, 0), 0xffffffffed48) = 0 <0.000091>
19795 19:04:36.344320 ioctl(4, _IOC(_IOC_NONE, 0x75, 0x30, 0), 0xffffffffed48) = 0 <0.000089>
19795 19:04:36.344495 ioctl(4, _IOC(_IOC_NONE, 0x75, 0x30, 0), 0xffffffffed48) = 0 <0.000206>
19795 19:04:36.344978 ioctl(4, _IOC(_IOC_NONE, 0x75, 0x30, 0), 0xffffffffed48) = 0 <0.000171>
19795 19:04:36.345225 ioctl(4, _IOC(_IOC_NONE, 0x75, 0x30, 0), 0xffffffffed48) = 0 <0.000152>
19795 19:04:36.345794 ioctl(4, _IOC(_IOC_NONE, 0x75, 0x30, 0), 0xffffffffed48) = 0 <0.000101>
19795 19:04:36.346009 ioctl(4, _IOC(_IOC_NONE, 0x75, 0x30, 0), 0xffffffffed48) = 0 <0.000170>
19795 19:04:36.346550 ioctl(4, _IOC(_IOC_NONE, 0x75, 0x30, 0), 0xffffffffed48) = 0 <0.000083>
19795 19:04:36.346755 ioctl(4, _IOC(_IOC_NONE, 0x75, 0x30, 0), 0xffffffffed48) = 0 <0.000128>
19795 19:04:36.347261 ioctl(4, _IOC(_IOC_NONE, 0x75, 0x30, 0), 0xffffffffed48) = 0 <0.000079>
19795 19:04:36.347477 ioctl(4, _IOC(_IOC_NONE, 0x75, 0x30, 0), 0xffffffffe9e8) = 0 <0.000057>
19795 19:04:36.347649 ioctl(4, _IOC(_IOC_NONE, 0x75, 0x30, 0), 0xffffffffea58) = 0 <0.000054>
19795 19:04:36.347808 ioctl(4, _IOC(_IOC_NONE, 0x75, 0x30, 0) <unfinished ...>
19796 19:04:36.347866 <... ioctl resumed>, 0xfffff520e618) = 0 <0.016960>
19795 19:04:36.348053 <... ioctl resumed>, 0xffffffffed48) = 0 <0.000220>
19796 19:04:36.348103 ioctl(4, _IOC(_IOC_NONE, 0x75, 0x30, 0) <unfinished ...>
19795 19:04:36.348504 ioctl(4, _IOC(_IOC_NONE, 0x75, 0x30, 0) <unfinished ...>
19796 19:04:36.348545 <... ioctl resumed>, 0xfffff520e618) = 0 <0.000419>
19796 19:04:36.348646 ioctl(4, _IOC(_IOC_NONE, 0x75, 0x30, 0) <unfinished ...>
19795 19:04:36.349268 <... ioctl resumed>, 0xffffffffed48) = 0 <0.000721>
19796 19:04:36.349366 <... ioctl resumed>, 0xfffff520e608) = 0 <0.000696>
19795 19:04:36.349399 ioctl(4, _IOC(_IOC_NONE, 0x75, 0x30, 0), 0xffffffffed48) = 0 <0.000078>
19796 19:04:36.349778 ioctl(4, _IOC(_IOC_NONE, 0x75, 0x30, 0) <unfinished ...>
19795 19:04:36.350199 ioctl(4, _IOC(_IOC_NONE, 0x75, 0x30, 0) <unfinished ...>
19796 19:04:36.350375 <... ioctl resumed>, 0xfffff520e618) = 0 <0.000537>
19796 19:04:36.350441 ioctl(4, _IOC(_IOC_NONE, 0x75, 0x30, 0) <unfinished ...>
19795 19:04:36.350677 <... ioctl resumed>, 0xffffffffed48) = 0 <0.000425>
19795 19:04:36.350750 ioctl(4, _IOC(_IOC_NONE, 0x75, 0x30, 0), 0xffffffffed48) = 0 <0.000194>
19795 19:04:36.351358 ioctl(4, _IOC(_IOC_NONE, 0x75, 0x30, 0), 0xffffffffed48) = 0 <0.000095>
19795 19:04:36.352100 ioctl(4, _IOC(_IOC_NONE, 0x75, 0x30, 0), 0xffffffffed48) = 0 <0.000111>
19795 19:04:36.352525 ioctl(4, _IOC(_IOC_NONE, 0x75, 0x30, 0), 0xffffffffed48) = 0 <0.000221>
19795 19:04:36.352841 ioctl(4, _IOC(_IOC_NONE, 0x75, 0x30, 0), 0xffffffffed48) = 0 <0.000082>
19795 19:04:36.353401 ioctl(4, _IOC(_IOC_NONE, 0x75, 0x30, 0), 0xffffffffed48) = 0 <0.000090>
19795 19:04:36.353622 ioctl(4, _IOC(_IOC_NONE, 0x75, 0x30, 0), 0xffffffffed48) = 0 <0.000203>
19795 19:04:36.354252 ioctl(4, _IOC(_IOC_NONE, 0x75, 0x30, 0), 0xffffffffed48) = 0 <0.000082>
19795 19:04:36.354411 ioctl(4, _IOC(_IOC_NONE, 0x75, 0x30, 0), 0xffffffffed48) = 0 <0.000128>
19795 19:04:36.354940 ioctl(4, _IOC(_IOC_NONE, 0x75, 0x30, 0), 0xffffffffed48) = 0 <0.000145>
19795 19:04:36.355166 ioctl(4, _IOC(_IOC_NONE, 0x75, 0x30, 0), 0xffffffffed48) = 0 <0.000124>
19795 19:04:36.355624 ioctl(4, _IOC(_IOC_NONE, 0x75, 0x30, 0), 0xffffffffed48) = 0 <0.000157>
19795 19:04:36.355852 ioctl(4, _IOC(_IOC_NONE, 0x75, 0x30, 0), 0xffffffffed48) = 0 <0.000104>
19795 19:04:36.356265 ioctl(4, _IOC(_IOC_NONE, 0x75, 0x30, 0), 0xffffffffed48) = 0 <0.000110>
19795 19:04:36.356497 ioctl(4, _IOC(_IOC_NONE, 0x75, 0x30, 0), 0xffffffffed48) = 0 <0.000098>
19795 19:04:36.356898 ioctl(4, _IOC(_IOC_NONE, 0x75, 0x30, 0), 0xffffffffed48) = 0 <0.000075>
19795 19:04:36.357041 ioctl(4, _IOC(_IOC_NONE, 0x75, 0x30, 0), 0xffffffffed48) = 0 <0.000076>
19795 19:04:36.357332 ioctl(4, _IOC(_IOC_NONE, 0x75, 0x30, 0), 0xffffffffed48) = 0 <0.000072>
19795 19:04:36.357468 ioctl(4, _IOC(_IOC_NONE, 0x75, 0x30, 0), 0xffffffffed48) = 0 <0.000078>
19795 19:04:36.357869 ioctl(4, _IOC(_IOC_NONE, 0x75, 0x30, 0), 0xffffffffed48) = 0 <0.000420>
19795 19:04:36.358423 ioctl(4, _IOC(_IOC_NONE, 0x75, 0x30, 0), 0xffffffffed48) = 0 <0.000085>
19795 19:04:36.358838 ioctl(4, _IOC(_IOC_NONE, 0x75, 0x30, 0), 0xffffffffed48) = 0 <0.000727>
19795 19:04:36.360010 ioctl(4, _IOC(_IOC_NONE, 0x75, 0x30, 0), 0xffffffffed48) = 0 <0.000102>
19795 19:04:36.360470 ioctl(4, _IOC(_IOC_NONE, 0x75, 0x30, 0), 0xffffffffed48) = 0 <0.000751>
19795 19:04:36.361355 ioctl(4, _IOC(_IOC_NONE, 0x75, 0x30, 0), 0xffffffffed48) = 0 <0.000095>
19795 19:04:36.365503 ioctl(4, _IOC(_IOC_NONE, 0x75, 0x30, 0), 0xffffffffed48) = 0 <0.000105>
19795 19:04:36.365778 ioctl(4, _IOC(_IOC_NONE, 0x75, 0x30, 0), 0xffffffffed48) = 0 <0.000076>
19795 19:04:36.366135 ioctl(4, _IOC(_IOC_NONE, 0x75, 0x30, 0), 0xffffffffed48) = 0 <0.000071>
19795 19:04:36.366282 ioctl(4, _IOC(_IOC_NONE, 0x75, 0x30, 0), 0xffffffffe9e8) = 0 <0.000050>
19795 19:04:36.366387 ioctl(4, _IOC(_IOC_NONE, 0x75, 0x30, 0) <unfinished ...>
19796 19:04:36.366469 <... ioctl resumed>, 0xfffff520e618) = 0 <0.016004>
19795 19:04:36.366518 <... ioctl resumed>, 0xffffffffea58) = 0 <0.000110>
19795 19:04:36.366569 ioctl(4, _IOC(_IOC_NONE, 0x75, 0x30, 0) <unfinished ...>
19796 19:04:36.366661 ioctl(4, _IOC(_IOC_NONE, 0x75, 0x30, 0) <unfinished ...>
19795 19:04:36.366729 <... ioctl resumed>, 0xffffffffed48) = 0 <0.000138>
19796 19:04:36.366753 <... ioctl resumed>, 0xfffff520e618) = 0 <0.000072>
19795 19:04:36.367854 ioctl(4, _IOC(_IOC_NONE, 0x75, 0x30, 0) <unfinished ...>
19796 19:04:36.367924 ioctl(4, _IOC(_IOC_NONE, 0x75, 0x30, 0), 0xfffff520e608) = 0 <0.003748>
19795 19:04:36.373035 <... ioctl resumed>, 0xffffffffed48) = 0 <0.005112>
19795 19:04:36.373152 ioctl(4, _IOC(_IOC_NONE, 0x75, 0x30, 0), 0xffffffffed48) = 0 <0.003429>
19796 19:04:36.376955 ioctl(4, _IOC(_IOC_NONE, 0x75, 0x30, 0) <unfinished ...>
19795 19:04:36.377032 ioctl(4, _IOC(_IOC_NONE, 0x75, 0x30, 0) <unfinished ...>
19796 19:04:36.377139 <... ioctl resumed>, 0xfffff520e618) = 0 <0.000129>
19796 19:04:36.377201 ioctl(4, _IOC(_IOC_NONE, 0x75, 0x30, 0) <unfinished ...>
19795 19:04:36.377334 <... ioctl resumed>, 0xffffffffed48) = 0 <0.000276>
19795 19:04:36.377394 ioctl(4, _IOC(_IOC_NONE, 0x75, 0x30, 0), 0xffffffffed48) = 0 <0.000082>
19795 19:04:36.377839 ioctl(4, _IOC(_IOC_NONE, 0x75, 0x30, 0), 0xffffffffed48) = 0 <0.000091>
19795 19:04:36.378054 ioctl(4, _IOC(_IOC_NONE, 0x75, 0x30, 0), 0xffffffffed48) = 0 <0.000075>
19795 19:04:36.378392 ioctl(4, _IOC(_IOC_NONE, 0x75, 0x30, 0), 0xffffffffed48) = 0 <0.000070>
19795 19:04:36.378531 ioctl(4, _IOC(_IOC_NONE, 0x75, 0x30, 0), 0xffffffffed48) = 0 <0.000074>
19795 19:04:36.378799 ioctl(4, _IOC(_IOC_NONE, 0x75, 0x30, 0), 0xffffffffed48) = 0 <0.000438>
19795 19:04:36.379315 ioctl(4, _IOC(_IOC_NONE, 0x75, 0x30, 0), 0xffffffffed48) = 0 <0.000078>
19795 19:04:36.379637 ioctl(4, _IOC(_IOC_NONE, 0x75, 0x30, 0), 0xffffffffed48) = 0 <0.000071>
19795 19:04:36.379774 ioctl(4, _IOC(_IOC_NONE, 0x75, 0x30, 0), 0xffffffffed48) = 0 <0.000072>
19795 19:04:36.380288 ioctl(4, _IOC(_IOC_NONE, 0x75, 0x30, 0), 0xffffffffed48) = 0 <0.000095>
19795 19:04:36.380480 ioctl(4, _IOC(_IOC_NONE, 0x75, 0x30, 0), 0xffffffffed48) = 0 <0.000079>
19795 19:04:36.380862 ioctl(4, _IOC(_IOC_NONE, 0x75, 0x30, 0), 0xffffffffed48) = 0 <0.000091>
19795 19:04:36.381052 ioctl(4, _IOC(_IOC_NONE, 0x75, 0x30, 0), 0xffffffffed48) = 0 <0.000090>
19795 19:04:36.381486 ioctl(4, _IOC(_IOC_NONE, 0x75, 0x30, 0), 0xffffffffed48) = 0 <0.000181>
19795 19:04:36.381847 ioctl(4, _IOC(_IOC_NONE, 0x75, 0x30, 0), 0xffffffffed48) = 0 <0.000096>
19795 19:04:36.382273 ioctl(4, _IOC(_IOC_NONE, 0x75, 0x30, 0), 0xffffffffed48) = 0 <0.000085>
19795 19:04:36.382447 ioctl(4, _IOC(_IOC_NONE, 0x75, 0x30, 0), 0xffffffffed48) = 0 <0.000075>
19795 19:04:36.383042 ioctl(4, _IOC(_IOC_NONE, 0x75, 0x30, 0), 0xffffffffed48) = 0 <0.000090>
19795 19:04:36.383232 ioctl(4, _IOC(_IOC_NONE, 0x75, 0x30, 0), 0xffffffffed48) = 0 <0.000277>
19795 19:04:36.383803 ioctl(4, _IOC(_IOC_NONE, 0x75, 0x30, 0), 0xffffffffed48) = 0 <0.000084>
19795 19:04:36.384188 ioctl(4, _IOC(_IOC_NONE, 0x75, 0x30, 0), 0xffffffffed48) = 0 <0.000104>
19795 19:04:36.384758 ioctl(4, _IOC(_IOC_NONE, 0x75, 0x30, 0), 0xffffffffed48) = 0 <0.000083>
19795 19:04:36.384928 ioctl(4, _IOC(_IOC_NONE, 0x75, 0x30, 0), 0xffffffffed48) = 0 <0.000076>
19795 19:04:36.385470 ioctl(4, _IOC(_IOC_NONE, 0x75, 0x30, 0), 0xffffffffed48) = 0 <0.000142>
19795 19:04:36.385729 ioctl(4, _IOC(_IOC_NONE, 0x75, 0x30, 0), 0xffffffffed48) = 0 <0.000154>
19795 19:04:36.386178 ioctl(4, _IOC(_IOC_NONE, 0x75, 0x30, 0), 0xffffffffed48) = 0 <0.000083>
19795 19:04:36.386345 ioctl(4, _IOC(_IOC_NONE, 0x75, 0x30, 0), 0xffffffffed48) = 0 <0.000077>
19795 19:04:36.386671 ioctl(4, _IOC(_IOC_NONE, 0x75, 0x30, 0), 0xffffffffed48) = 0 <0.000078>
19795 19:04:36.386831 ioctl(4, _IOC(_IOC_NONE, 0x75, 0x30, 0), 0xffffffffe9e8) = 0 <0.000049>
19795 19:04:36.386939 ioctl(4, _IOC(_IOC_NONE, 0x75, 0x30, 0), 0xffffffffea58) = 0 <0.000051>
19796 19:04:36.387053 <... ioctl resumed>, 0xfffff520e618) = 0 <0.009829>
19795 19:04:36.387098 ioctl(4, _IOC(_IOC_NONE, 0x75, 0x30, 0), 0xffffffffed48) = 0 <0.000088>
19796 19:04:36.387225 ioctl(4, _IOC(_IOC_NONE, 0x75, 0x30, 0), 0xfffff520e618) = 0 <0.000049>
19795 19:04:36.387566 ioctl(4, _IOC(_IOC_NONE, 0x75, 0x30, 0) <unfinished ...>
19796 19:04:36.387619 ioctl(4, _IOC(_IOC_NONE, 0x75, 0x30, 0) <unfinished ...>
19795 19:04:36.388105 <... ioctl resumed>, 0xffffffffed48) = 0 <0.000487>
19796 19:04:36.388157 <... ioctl resumed>, 0xfffff520e608) = 0 <0.000517>
19795 19:04:36.388210 ioctl(4, _IOC(_IOC_NONE, 0x75, 0x30, 0), 0xffffffffed48) = 0 <0.000074>
19795 19:04:36.388549 ioctl(4, _IOC(_IOC_NONE, 0x75, 0x30, 0) <unfinished ...>
19796 19:04:36.388612 ioctl(4, _IOC(_IOC_NONE, 0x75, 0x30, 0), 0xfffff520e618) = 0 <0.000064>
19795 19:04:36.388845 <... ioctl resumed>, 0xffffffffed48) = 0 <0.000262>
19796 19:04:36.388877 ioctl(4, _IOC(_IOC_NONE, 0x75, 0x30, 0) <unfinished ...>
19795 19:04:36.388956 ioctl(4, _IOC(_IOC_NONE, 0x75, 0x30, 0), 0xffffffffed48) = 0 <0.000078>
19795 19:04:36.389287 ioctl(4, _IOC(_IOC_NONE, 0x75, 0x30, 0), 0xffffffffed48) = 0 <0.000072>
19795 19:04:36.389427 ioctl(4, _IOC(_IOC_NONE, 0x75, 0x30, 0), 0xffffffffed48) = 0 <0.000080>
19795 19:04:36.389793 ioctl(4, _IOC(_IOC_NONE, 0x75, 0x30, 0), 0xffffffffed48) = 0 <0.000090>
19795 19:04:36.390003 ioctl(4, _IOC(_IOC_NONE, 0x75, 0x30, 0), 0xffffffffed48) = 0 <0.000081>
19795 19:04:36.390468 ioctl(4, _IOC(_IOC_NONE, 0x75, 0x30, 0), 0xffffffffed48) = 0 <0.000086>
19795 19:04:36.390641 ioctl(4, _IOC(_IOC_NONE, 0x75, 0x30, 0), 0xffffffffed48) = 0 <0.000081>
19795 19:04:36.391114 ioctl(4, _IOC(_IOC_NONE, 0x75, 0x30, 0), 0xffffffffed48) = 0 <0.000161>
19795 19:04:36.391366 ioctl(4, _IOC(_IOC_NONE, 0x75, 0x30, 0), 0xffffffffed48) = 0 <0.000084>
19795 19:04:36.391785 ioctl(4, _IOC(_IOC_NONE, 0x75, 0x30, 0), 0xffffffffed48) = 0 <0.000138>
19795 19:04:36.392017 ioctl(4, _IOC(_IOC_NONE, 0x75, 0x30, 0), 0xffffffffed48) = 0 <0.000133>
19795 19:04:36.392530 ioctl(4, _IOC(_IOC_NONE, 0x75, 0x30, 0), 0xffffffffed48) = 0 <0.000086>
19795 19:04:36.392704 ioctl(4, _IOC(_IOC_NONE, 0x75, 0x30, 0), 0xffffffffed48) = 0 <0.000146>
19795 19:04:36.393114 ioctl(4, _IOC(_IOC_NONE, 0x75, 0x30, 0), 0xffffffffed48) = 0 <0.000160>
19795 19:04:36.393361 ioctl(4, _IOC(_IOC_NONE, 0x75, 0x30, 0), 0xffffffffed48) = 0 <0.000080>
19795 19:04:36.394074 ioctl(4, _IOC(_IOC_NONE, 0x75, 0x30, 0), 0xffffffffecc8) = 0 <0.000136>
19795 19:04:36.394333 ioctl(4, _IOC(_IOC_NONE, 0x75, 0x30, 0), 0xffffffffed38) = 0 <0.000059>
19796 19:04:36.394467 <... ioctl resumed>, 0xfffff520e618) = 0 <0.005568>
19795 19:04:36.394580 getpid()          = 19795 <0.000032>
19796 19:04:36.394663 ioctl(4, _IOC(_IOC_NONE, 0x75, 0x30, 0) <unfinished ...>
19795 19:04:36.394745 ioctl(4, _IOC(_IOC_NONE, 0x75, 0x30, 0) <unfinished ...>
19796 19:04:36.394813 <... ioctl resumed>, 0xfffff520e618) = 0 <0.000124>
19795 19:04:36.394844 <... ioctl resumed>, 0xffffffffebd8) = 0 <0.000076>
19796 19:04:36.394894 ioctl(4, _IOC(_IOC_NONE, 0x75, 0x30, 0) <unfinished ...>
19795 19:04:36.395294 ioctl(4, _IOC(_IOC_NONE, 0x75, 0x30, 0) <unfinished ...>
19796 19:04:36.395373 <... ioctl resumed>, 0xfffff520e608) = 0 <0.000456>
19795 19:04:36.395405 <... ioctl resumed>, 0xffffffffec48) = 0 <0.000081>
19795 19:04:36.395451 ioctl(4, _IOC(_IOC_NONE, 0x75, 0x30, 0) <unfinished ...>
19796 19:04:36.395522 ioctl(4, _IOC(_IOC_NONE, 0x75, 0x30, 0), 0xfffff520e618) = 0 <0.000048>
19796 19:04:36.395626 ioctl(4, _IOC(_IOC_NONE, 0x75, 0x30, 0) <unfinished ...>
19795 19:04:36.395842 <... ioctl resumed>, 0xffffffffeca8) = 0 <0.000365>
19796 19:04:36.397980 <... ioctl resumed>, 0xfffff520e608) = 0 <0.002318>
19796 19:04:36.398140 ioctl(4, _IOC(_IOC_NONE, 0x75, 0x30, 0), 0xfffff520e618) = 0 <0.000102>
19796 19:04:36.398351 ioctl(4, _IOC(_IOC_NONE, 0x75, 0x30, 0), 0xfffff520e618) = 0 <0.000090>
19796 19:04:36.398540 ioctl(4, _IOC(_IOC_NONE, 0x75, 0x30, 0), 0xfffff520e618) = 0 <0.000081>
19796 19:04:36.398689 ioctl(4, _IOC(_IOC_NONE, 0x75, 0x30, 0) <unfinished ...>
19795 19:04:36.409822 ioctl(4, _IOC(_IOC_NONE, 0x75, 0x30, 0), 0xffffffffec88) = 0 <0.000302>
19795 19:04:36.410419 ioctl(4, _IOC(_IOC_NONE, 0x75, 0x30, 0), 0xffffffffec88) = 0 <0.000250>
19795 19:04:36.411003 ioctl(4, _IOC(_IOC_NONE, 0x75, 0x30, 0), 0xffffffffec88) = 0 <0.000209>
19795 19:04:36.411410 ioctl(4, _IOC(_IOC_NONE, 0x75, 0x30, 0), 0xffffffffec88) = 0 <0.000155>
19795 19:04:36.411679 ioctl(4, _IOC(_IOC_NONE, 0x75, 0x30, 0), 0xffffffffec88) = 0 <0.000122>
19795 19:04:36.411870 ioctl(4, _IOC(_IOC_NONE, 0x75, 0x30, 0), 0xffffffffec88) = 0 <0.000129>
19795 19:04:36.412107 ioctl(4, _IOC(_IOC_NONE, 0x75, 0x30, 0), 0xffffffffec88) = 0 <0.000139>
19795 19:04:36.412355 ioctl(4, _IOC(_IOC_NONE, 0x75, 0x30, 0), 0xffffffffec88) = 0 <0.000157>
19795 19:04:36.412627 ioctl(4, _IOC(_IOC_NONE, 0x75, 0x30, 0), 0xffffffffec88) = 0 <0.000124>
19795 19:04:36.412847 ioctl(4, _IOC(_IOC_NONE, 0x75, 0x30, 0), 0xffffffffec88) = 0 <0.000121>
19795 19:04:36.413126 ioctl(4, _IOC(_IOC_NONE, 0x75, 0x30, 0), 0xffffffffec88) = 0 <0.000116>
19795 19:04:36.413318 ioctl(4, _IOC(_IOC_NONE, 0x75, 0x30, 0), 0xffffffffec88) = 0 <0.000081>
19795 19:04:36.413515 ioctl(4, _IOC(_IOC_NONE, 0x75, 0x30, 0), 0xffffffffec88) = 0 <0.000109>
19795 19:04:36.413720 ioctl(4, _IOC(_IOC_NONE, 0x75, 0x30, 0), 0xffffffffec88) = 0 <0.000078>
19795 19:04:36.413910 ioctl(4, _IOC(_IOC_NONE, 0x75, 0x30, 0), 0xffffffffec88) = 0 <0.000073>
19795 19:04:36.414051 ioctl(4, _IOC(_IOC_NONE, 0x75, 0x30, 0), 0xffffffffec88) = 0 <0.000077>
19795 19:04:36.414233 ioctl(4, _IOC(_IOC_NONE, 0x75, 0x30, 0), 0xffffffffec88) = 0 <0.000071>
19795 19:04:36.414372 ioctl(4, _IOC(_IOC_NONE, 0x75, 0x30, 0), 0xffffffffec88) = 0 <0.000077>
19795 19:04:36.414559 ioctl(4, _IOC(_IOC_NONE, 0x75, 0x30, 0), 0xffffffffec88) = 0 <0.000072>
19795 19:04:36.414693 ioctl(4, _IOC(_IOC_NONE, 0x75, 0x30, 0), 0xffffffffec88) = 0 <0.000074>
19795 19:04:36.414868 ioctl(4, _IOC(_IOC_NONE, 0x75, 0x30, 0), 0xffffffffec88) = 0 <0.000070>
19795 19:04:36.414999 ioctl(4, _IOC(_IOC_NONE, 0x75, 0x30, 0), 0xffffffffec88) = 0 <0.000075>
19795 19:04:36.415172 ioctl(4, _IOC(_IOC_NONE, 0x75, 0x30, 0), 0xffffffffec88) = 0 <0.000073>
19795 19:04:36.415310 ioctl(4, _IOC(_IOC_NONE, 0x75, 0x30, 0), 0xffffffffec88) = 0 <0.000080>
19795 19:04:36.415502 ioctl(4, _IOC(_IOC_NONE, 0x75, 0x30, 0), 0xffffffffec88) = 0 <0.000070>
19795 19:04:36.415638 ioctl(4, _IOC(_IOC_NONE, 0x75, 0x30, 0), 0xffffffffec88) = 0 <0.000076>
19795 19:04:36.415816 ioctl(4, _IOC(_IOC_NONE, 0x75, 0x30, 0), 0xffffffffec88) = 0 <0.000071>
19795 19:04:36.415950 ioctl(4, _IOC(_IOC_NONE, 0x75, 0x30, 0), 0xffffffffec88) = 0 <0.000074>
19795 19:04:36.416128 ioctl(4, _IOC(_IOC_NONE, 0x75, 0x30, 0), 0xffffffffec88) = 0 <0.000077>
19795 19:04:36.416273 ioctl(4, _IOC(_IOC_NONE, 0x75, 0x30, 0), 0xffffffffec88) = 0 <0.000073>
19795 19:04:36.416450 ioctl(4, _IOC(_IOC_NONE, 0x75, 0x30, 0), 0xffffffffec88) = 0 <0.000069>
19795 19:04:36.416587 ioctl(4, _IOC(_IOC_NONE, 0x75, 0x30, 0), 0xffffffffe928) = 0 <0.000049>
19795 19:04:36.416695 ioctl(4, _IOC(_IOC_NONE, 0x75, 0x30, 0) <unfinished ...>
19796 19:04:36.416779 <... ioctl resumed>, 0xfffff520e618) = 0 <0.018063>
19796 19:04:36.416824 ioctl(4, _IOC(_IOC_NONE, 0x75, 0x30, 0), 0xfffff520e618) = 0 <0.000049>
19796 19:04:36.416927 ioctl(4, _IOC(_IOC_NONE, 0x75, 0x30, 0), 0xfffff520e608) = 0 <0.000372>
19795 19:04:36.417382 <... ioctl resumed>, 0xffffffffe998) = 0 <0.000664>
19795 19:04:36.417442 ioctl(4, _IOC(_IOC_NONE, 0x75, 0x30, 0), 0xffffffffec88) = 0 <0.000079>
19795 19:04:36.417657 ioctl(4, _IOC(_IOC_NONE, 0x75, 0x30, 0) <unfinished ...>
19796 19:04:36.417736 ioctl(4, _IOC(_IOC_NONE, 0x75, 0x30, 0), 0xfffff520e618) = 0 <0.000051>
19795 19:04:36.417883 <... ioctl resumed>, 0xffffffffec88) = 0 <0.000174>
19796 19:04:36.417930 ioctl(4, _IOC(_IOC_NONE, 0x75, 0x30, 0) <unfinished ...>
19795 19:04:36.418003 ioctl(4, _IOC(_IOC_NONE, 0x75, 0x30, 0), 0xffffffffec88) = 0 <0.000075>
19795 19:04:36.418182 ioctl(4, _IOC(_IOC_NONE, 0x75, 0x30, 0), 0xffffffffec88) = 0 <0.000215>
19795 19:04:36.418472 ioctl(4, _IOC(_IOC_NONE, 0x75, 0x30, 0), 0xffffffffec88) = 0 <0.000079>
19795 19:04:36.418660 ioctl(4, _IOC(_IOC_NONE, 0x75, 0x30, 0), 0xffffffffec88) = 0 <0.000064>
19795 19:04:36.418780 ioctl(4, _IOC(_IOC_NONE, 0x75, 0x30, 0), 0xffffffffec88) = 0 <0.000159>
19795 19:04:36.419040 ioctl(4, _IOC(_IOC_NONE, 0x75, 0x30, 0), 0xffffffffec88) = 0 <0.000068>
19795 19:04:36.419235 ioctl(4, _IOC(_IOC_NONE, 0x75, 0x30, 0), 0xffffffffec88) = 0 <0.000081>
19795 19:04:36.419423 ioctl(4, _IOC(_IOC_NONE, 0x75, 0x30, 0), 0xffffffffec88) = 0 <0.000170>
19795 19:04:36.419669 ioctl(4, _IOC(_IOC_NONE, 0x75, 0x30, 0), 0xffffffffec88) = 0 <0.000081>
19795 19:04:36.419851 ioctl(4, _IOC(_IOC_NONE, 0x75, 0x30, 0), 0xffffffffec88) = 0 <0.000141>
19795 19:04:36.420055 ioctl(4, _IOC(_IOC_NONE, 0x75, 0x30, 0), 0xffffffffec88) = 0 <0.000133>
19795 19:04:36.420338 ioctl(4, _IOC(_IOC_NONE, 0x75, 0x30, 0), 0xffffffffec88) = 0 <0.000074>
19795 19:04:36.420478 ioctl(4, _IOC(_IOC_NONE, 0x75, 0x30, 0), 0xffffffffec88) = 0 <0.000149>
19795 19:04:36.420735 ioctl(4, _IOC(_IOC_NONE, 0x75, 0x30, 0), 0xffffffffec88) = 0 <0.000070>
19795 19:04:36.420944 ioctl(4, _IOC(_IOC_NONE, 0x75, 0x30, 0), 0xffffffffec88) = 0 <0.000074>
19795 19:04:36.421230 ioctl(4, _IOC(_IOC_NONE, 0x75, 0x30, 0), 0xffffffffec88) = 0 <0.000081>
19795 19:04:36.421384 ioctl(4, _IOC(_IOC_NONE, 0x75, 0x30, 0), 0xffffffffec88) = 0 <0.000076>
19795 19:04:36.421716 ioctl(4, _IOC(_IOC_NONE, 0x75, 0x30, 0), 0xffffffffec88) = 0 <0.000083>
19795 19:04:36.421882 ioctl(4, _IOC(_IOC_NONE, 0x75, 0x30, 0), 0xffffffffec88) = 0 <0.000074>
19795 19:04:36.422159 ioctl(4, _IOC(_IOC_NONE, 0x75, 0x30, 0), 0xffffffffec88) = 0 <0.000079>
19795 19:04:36.422308 ioctl(4, _IOC(_IOC_NONE, 0x75, 0x30, 0), 0xffffffffec88) = 0 <0.000078>
19795 19:04:36.422489 ioctl(4, _IOC(_IOC_NONE, 0x75, 0x30, 0), 0xffffffffec88) = 0 <0.000066>
19795 19:04:36.422670 ioctl(4, _IOC(_IOC_NONE, 0x75, 0x30, 0), 0xffffffffec88) = 0 <0.000189>
19795 19:04:36.422981 ioctl(4, _IOC(_IOC_NONE, 0x75, 0x30, 0), 0xffffffffec88) = 0 <0.000074>
19795 19:04:36.423121 ioctl(4, _IOC(_IOC_NONE, 0x75, 0x30, 0), 0xffffffffec88) = 0 <0.000149>
19795 19:04:36.423378 ioctl(4, _IOC(_IOC_NONE, 0x75, 0x30, 0), 0xffffffffec88) = 0 <0.000134>
19795 19:04:36.423581 ioctl(4, _IOC(_IOC_NONE, 0x75, 0x30, 0), 0xffffffffec88) = 0 <0.000074>
19795 19:04:36.423805 ioctl(4, _IOC(_IOC_NONE, 0x75, 0x30, 0), 0xffffffffec88) = 0 <0.000076>
19795 19:04:36.423950 ioctl(4, _IOC(_IOC_NONE, 0x75, 0x30, 0), 0xffffffffec88) = 0 <0.000166>
19795 19:04:36.424235 ioctl(4, _IOC(_IOC_NONE, 0x75, 0x30, 0), 0xffffffffec88) = 0 <0.000075>
19795 19:04:36.424385 ioctl(4, _IOC(_IOC_NONE, 0x75, 0x30, 0), 0xffffffffe928) = 0 <0.000135>
19795 19:04:36.424584 ioctl(4, _IOC(_IOC_NONE, 0x75, 0x30, 0), 0xffffffffe998) = 0 <0.000053>
19796 19:04:36.424703 <... ioctl resumed>, 0xfffff520e618) = 0 <0.006753>
19795 19:04:36.424802 ioctl(4, _IOC(_IOC_NONE, 0x75, 0x30, 0) <unfinished ...>
19796 19:04:36.424854 ioctl(4, _IOC(_IOC_NONE, 0x75, 0x30, 0) <unfinished ...>
19795 19:04:36.424964 <... ioctl resumed>, 0xffffffffec88) = 0 <0.000134>
19796 19:04:36.425096 <... ioctl resumed>, 0xfffff520e618) = 0 <0.000218>
19796 19:04:36.425151 ioctl(4, _IOC(_IOC_NONE, 0x75, 0x30, 0) <unfinished ...>
19795 19:04:36.425247 ioctl(4, _IOC(_IOC_NONE, 0x75, 0x30, 0), 0xffffffffec88) = 0 <0.000621>
19796 19:04:36.425957 <... ioctl resumed>, 0xfffff520e608) = 0 <0.000781>
19795 19:04:36.426002 ioctl(4, _IOC(_IOC_NONE, 0x75, 0x30, 0), 0xffffffffec88) = 0 <0.000076>
19795 19:04:36.426178 ioctl(4, _IOC(_IOC_NONE, 0x75, 0x30, 0), 0xffffffffec88) = 0 <0.000120>
19796 19:04:36.426363 ioctl(4, _IOC(_IOC_NONE, 0x75, 0x30, 0) <unfinished ...>
19795 19:04:36.426415 ioctl(4, _IOC(_IOC_NONE, 0x75, 0x30, 0) <unfinished ...>
19796 19:04:36.426491 <... ioctl resumed>, 0xfffff520e618) = 0 <0.000099>
19795 19:04:36.426634 <... ioctl resumed>, 0xffffffffec88) = 0 <0.000196>
19796 19:04:36.426682 ioctl(4, _IOC(_IOC_NONE, 0x75, 0x30, 0) <unfinished ...>
19795 19:04:36.426866 ioctl(4, _IOC(_IOC_NONE, 0x75, 0x30, 0), 0xffffffffec88) = 0 <0.000104>
19795 19:04:36.427034 ioctl(4, _IOC(_IOC_NONE, 0x75, 0x30, 0), 0xffffffffec88) = 0 <0.000128>
19795 19:04:36.427266 ioctl(4, _IOC(_IOC_NONE, 0x75, 0x30, 0), 0xffffffffec88) = 0 <0.000194>
19795 19:04:36.427525 ioctl(4, _IOC(_IOC_NONE, 0x75, 0x30, 0), 0xffffffffec88) = 0 <0.000075>
19795 19:04:36.427698 ioctl(4, _IOC(_IOC_NONE, 0x75, 0x30, 0), 0xffffffffec88) = 0 <0.000144>
19795 19:04:36.427903 ioctl(4, _IOC(_IOC_NONE, 0x75, 0x30, 0), 0xffffffffec88) = 0 <0.000140>
19795 19:04:36.428139 ioctl(4, _IOC(_IOC_NONE, 0x75, 0x30, 0), 0xffffffffec88) = 0 <0.000123>
19795 19:04:36.428325 ioctl(4, _IOC(_IOC_NONE, 0x75, 0x30, 0), 0xffffffffec88) = 0 <0.000126>
19795 19:04:36.428554 ioctl(4, _IOC(_IOC_NONE, 0x75, 0x30, 0), 0xffffffffec88) = 0 <0.000149>
19795 19:04:36.428766 ioctl(4, _IOC(_IOC_NONE, 0x75, 0x30, 0), 0xffffffffec88) = 0 <0.000151>
19795 19:04:36.429053 ioctl(4, _IOC(_IOC_NONE, 0x75, 0x30, 0), 0xffffffffec88) = 0 <0.000143>
19795 19:04:36.429262 ioctl(4, _IOC(_IOC_NONE, 0x75, 0x30, 0), 0xffffffffec88) = 0 <0.000075>
19795 19:04:36.429502 ioctl(4, _IOC(_IOC_NONE, 0x75, 0x30, 0), 0xffffffffec88) = 0 <0.000118>
19795 19:04:36.429840 ioctl(4, _IOC(_IOC_NONE, 0x75, 0x30, 0), 0xffffffffec88) = 0 <0.000080>
19795 19:04:36.430026 ioctl(4, _IOC(_IOC_NONE, 0x75, 0x30, 0), 0xffffffffec88) = 0 <0.000162>
19795 19:04:36.430252 ioctl(4, _IOC(_IOC_NONE, 0x75, 0x30, 0), 0xffffffffec88) = 0 <0.000082>
19795 19:04:36.430424 ioctl(4, _IOC(_IOC_NONE, 0x75, 0x30, 0), 0xffffffffec88) = 0 <0.000150>
19795 19:04:36.430634 ioctl(4, _IOC(_IOC_NONE, 0x75, 0x30, 0), 0xffffffffec88) = 0 <0.000193>
19795 19:04:36.430929 ioctl(4, _IOC(_IOC_NONE, 0x75, 0x30, 0), 0xffffffffec88) = 0 <0.000071>
19795 19:04:36.431062 ioctl(4, _IOC(_IOC_NONE, 0x75, 0x30, 0), 0xffffffffec88) = 0 <0.000102>
19795 19:04:36.431254 ioctl(4, _IOC(_IOC_NONE, 0x75, 0x30, 0), 0xffffffffec88) = 0 <0.000064>
19795 19:04:36.431374 ioctl(4, _IOC(_IOC_NONE, 0x75, 0x30, 0), 0xffffffffec88) = 0 <0.000070>
19795 19:04:36.431533 ioctl(4, _IOC(_IOC_NONE, 0x75, 0x30, 0), 0xffffffffec88) = 0 <0.000063>
19795 19:04:36.431650 ioctl(4, _IOC(_IOC_NONE, 0x75, 0x30, 0), 0xffffffffec88) = 0 <0.000066>
19795 19:04:36.431799 ioctl(4, _IOC(_IOC_NONE, 0x75, 0x30, 0), 0xffffffffec88) = 0 <0.000067>
19795 19:04:36.431920 ioctl(4, _IOC(_IOC_NONE, 0x75, 0x30, 0), 0xffffffffec88) = 0 <0.000068>
19795 19:04:36.432075 ioctl(4, _IOC(_IOC_NONE, 0x75, 0x30, 0), 0xffffffffec88) = 0 <0.000066>
19795 19:04:36.432201 ioctl(4, _IOC(_IOC_NONE, 0x75, 0x30, 0), 0xffffffffe928) = 0 <0.000050>
19795 19:04:36.432309 ioctl(4, _IOC(_IOC_NONE, 0x75, 0x30, 0) <unfinished ...>
19796 19:04:36.432391 <... ioctl resumed>, 0xfffff520e618) = 0 <0.005686>
19795 19:04:36.432450 <... ioctl resumed>, 0xffffffffe998) = 0 <0.000119>
19796 19:04:36.432487 ioctl(4, _IOC(_IOC_NONE, 0x75, 0x30, 0) <unfinished ...>
19795 19:04:36.432517 ioctl(4, _IOC(_IOC_NONE, 0x75, 0x30, 0), 0xffffffffec88) = 0 <0.000106>
19796 19:04:36.432661 <... ioctl resumed>, 0xfffff520e618) = 0 <0.000152>
19795 19:04:36.432750 ioctl(4, _IOC(_IOC_NONE, 0x75, 0x30, 0) <unfinished ...>
19796 19:04:36.432778 ioctl(4, _IOC(_IOC_NONE, 0x75, 0x30, 0) <unfinished ...>
19795 19:04:36.433215 <... ioctl resumed>, 0xffffffffec88) = 0 <0.000440>
19796 19:04:36.433249 <... ioctl resumed>, 0xfffff520e608) = 0 <0.000452>
19795 19:04:36.433296 ioctl(4, _IOC(_IOC_NONE, 0x75, 0x30, 0), 0xffffffffec88) = 0 <0.000076>
19795 19:04:36.433466 ioctl(4, _IOC(_IOC_NONE, 0x75, 0x30, 0), 0xffffffffec88) = 0 <0.000064>
19795 19:04:36.433612 ioctl(4, _IOC(_IOC_NONE, 0x75, 0x30, 0), 0xffffffffec88) = 0 <0.000074>
19796 19:04:36.433774 ioctl(4, _IOC(_IOC_NONE, 0x75, 0x30, 0) <unfinished ...>
19795 19:04:36.433905 ioctl(4, _IOC(_IOC_NONE, 0x75, 0x30, 0) <unfinished ...>
19796 19:04:36.433938 <... ioctl resumed>, 0xfffff520e618) = 0 <0.000141>
19795 19:04:36.434044 <... ioctl resumed>, 0xffffffffec88) = 0 <0.000112>
19796 19:04:36.434072 ioctl(4, _IOC(_IOC_NONE, 0x75, 0x30, 0) <unfinished ...>
19795 19:04:36.434143 ioctl(4, _IOC(_IOC_NONE, 0x75, 0x30, 0), 0xffffffffec88) = 0 <0.000074>
19795 19:04:36.434317 ioctl(4, _IOC(_IOC_NONE, 0x75, 0x30, 0), 0xffffffffec88) = 0 <0.000066>
19795 19:04:36.434445 ioctl(4, _IOC(_IOC_NONE, 0x75, 0x30, 0), 0xffffffffec88) = 0 <0.000074>
19795 19:04:36.434621 ioctl(4, _IOC(_IOC_NONE, 0x75, 0x30, 0), 0xffffffffec88) = 0 <0.000068>
19795 19:04:36.434749 ioctl(4, _IOC(_IOC_NONE, 0x75, 0x30, 0), 0xffffffffec88) = 0 <0.000080>
19795 19:04:36.434935 ioctl(4, _IOC(_IOC_NONE, 0x75, 0x30, 0), 0xffffffffec88) = 0 <0.000067>
19795 19:04:36.435063 ioctl(4, _IOC(_IOC_NONE, 0x75, 0x30, 0), 0xffffffffec88) = 0 <0.000074>
19795 19:04:36.435233 ioctl(4, _IOC(_IOC_NONE, 0x75, 0x30, 0), 0xffffffffec88) = 0 <0.000065>
19795 19:04:36.435355 ioctl(4, _IOC(_IOC_NONE, 0x75, 0x30, 0), 0xffffffffec88) = 0 <0.000073>
19795 19:04:36.435523 ioctl(4, _IOC(_IOC_NONE, 0x75, 0x30, 0), 0xffffffffec88) = 0 <0.000067>
19795 19:04:36.435694 ioctl(4, _IOC(_IOC_NONE, 0x75, 0x30, 0), 0xffffffffec88) = 0 <0.000074>
19795 19:04:36.435864 ioctl(4, _IOC(_IOC_NONE, 0x75, 0x30, 0), 0xffffffffec88) = 0 <0.000069>
19795 19:04:36.435991 ioctl(4, _IOC(_IOC_NONE, 0x75, 0x30, 0), 0xffffffffec88) = 0 <0.000074>
19795 19:04:36.436161 ioctl(4, _IOC(_IOC_NONE, 0x75, 0x30, 0), 0xffffffffec88) = 0 <0.000065>
19795 19:04:36.436284 ioctl(4, _IOC(_IOC_NONE, 0x75, 0x30, 0), 0xffffffffec88) = 0 <0.000077>
19795 19:04:36.436461 ioctl(4, _IOC(_IOC_NONE, 0x75, 0x30, 0), 0xffffffffec88) = 0 <0.000072>
19795 19:04:36.436593 ioctl(4, _IOC(_IOC_NONE, 0x75, 0x30, 0), 0xffffffffec88) = 0 <0.000073>
19795 19:04:36.436757 ioctl(4, _IOC(_IOC_NONE, 0x75, 0x30, 0), 0xffffffffec88) = 0 <0.000067>
19795 19:04:36.436882 ioctl(4, _IOC(_IOC_NONE, 0x75, 0x30, 0), 0xffffffffec88) = 0 <0.000072>
19795 19:04:36.437048 ioctl(4, _IOC(_IOC_NONE, 0x75, 0x30, 0), 0xffffffffec88) = 0 <0.000066>
19795 19:04:36.437171 ioctl(4, _IOC(_IOC_NONE, 0x75, 0x30, 0), 0xffffffffec88) = 0 <0.000072>
19795 19:04:36.437336 ioctl(4, _IOC(_IOC_NONE, 0x75, 0x30, 0), 0xffffffffec88) = 0 <0.000066>
19795 19:04:36.437461 ioctl(4, _IOC(_IOC_NONE, 0x75, 0x30, 0), 0xffffffffec88) = 0 <0.000076>
19795 19:04:36.437657 ioctl(4, _IOC(_IOC_NONE, 0x75, 0x30, 0), 0xffffffffec88) = 0 <0.000073>
19795 19:04:36.437817 ioctl(4, _IOC(_IOC_NONE, 0x75, 0x30, 0), 0xffffffffec88) = 0 <0.000071>
19795 19:04:36.437987 ioctl(4, _IOC(_IOC_NONE, 0x75, 0x30, 0), 0xffffffffec88) = 0 <0.000066>
19795 19:04:36.438120 ioctl(4, _IOC(_IOC_NONE, 0x75, 0x30, 0), 0xffffffffe928) = 0 <0.000051>
19795 19:04:36.438230 ioctl(4, _IOC(_IOC_NONE, 0x75, 0x30, 0), 0xffffffffe998) = 0 <0.000053>
19796 19:04:36.438347 <... ioctl resumed>, 0xfffff520e618) = 0 <0.004255>
19795 19:04:36.438405 ioctl(4, _IOC(_IOC_NONE, 0x75, 0x30, 0) <unfinished ...>
19796 19:04:36.438498 ioctl(4, _IOC(_IOC_NONE, 0x75, 0x30, 0) <unfinished ...>
19795 19:04:36.438566 <... ioctl resumed>, 0xffffffffec88) = 0 <0.000138>
19796 19:04:36.438590 <... ioctl resumed>, 0xfffff520e618) = 0 <0.000072>
19795 19:04:36.438673 ioctl(4, _IOC(_IOC_NONE, 0x75, 0x30, 0) <unfinished ...>
19796 19:04:36.438726 ioctl(4, _IOC(_IOC_NONE, 0x75, 0x30, 0) <unfinished ...>
19795 19:04:36.439177 <... ioctl resumed>, 0xffffffffec88) = 0 <0.000469>
19796 19:04:36.439222 <... ioctl resumed>, 0xfffff520e608) = 0 <0.000476>
19795 19:04:36.439273 ioctl(4, _IOC(_IOC_NONE, 0x75, 0x30, 0), 0xffffffffec88) = 0 <0.000075>
19795 19:04:36.439439 ioctl(4, _IOC(_IOC_NONE, 0x75, 0x30, 0), 0xffffffffec88) = 0 <0.000064>
19795 19:04:36.439556 ioctl(4, _IOC(_IOC_NONE, 0x75, 0x30, 0), 0xffffffffec88) = 0 <0.000069>
19796 19:04:36.439682 ioctl(4, _IOC(_IOC_NONE, 0x75, 0x30, 0) <unfinished ...>
19795 19:04:36.439795 ioctl(4, _IOC(_IOC_NONE, 0x75, 0x30, 0) <unfinished ...>
19796 19:04:36.439821 <... ioctl resumed>, 0xfffff520e618) = 0 <0.000115>
19795 19:04:36.439919 <... ioctl resumed>, 0xffffffffec88) = 0 <0.000103>
19796 19:04:36.439945 ioctl(4, _IOC(_IOC_NONE, 0x75, 0x30, 0) <unfinished ...>
19795 19:04:36.440014 ioctl(4, _IOC(_IOC_NONE, 0x75, 0x30, 0), 0xffffffffec88) = 0 <0.000071>
19795 19:04:36.440168 ioctl(4, _IOC(_IOC_NONE, 0x75, 0x30, 0), 0xffffffffec88) = 0 <0.000066>
19795 19:04:36.440288 ioctl(4, _IOC(_IOC_NONE, 0x75, 0x30, 0), 0xffffffffec88) = 0 <0.000077>
19795 19:04:36.440445 ioctl(4, _IOC(_IOC_NONE, 0x75, 0x30, 0), 0xffffffffec88) = 0 <0.000068>
19795 19:04:36.440566 ioctl(4, _IOC(_IOC_NONE, 0x75, 0x30, 0), 0xffffffffec88) = 0 <0.000071>
19795 19:04:36.440714 ioctl(4, _IOC(_IOC_NONE, 0x75, 0x30, 0), 0xffffffffec88) = 0 <0.000065>
19795 19:04:36.440831 ioctl(4, _IOC(_IOC_NONE, 0x75, 0x30, 0), 0xffffffffec88) = 0 <0.000068>
19795 19:04:36.440981 ioctl(4, _IOC(_IOC_NONE, 0x75, 0x30, 0), 0xffffffffec88) = 0 <0.000066>
19795 19:04:36.441098 ioctl(4, _IOC(_IOC_NONE, 0x75, 0x30, 0), 0xffffffffec88) = 0 <0.000072>
19795 19:04:36.441243 ioctl(4, _IOC(_IOC_NONE, 0x75, 0x30, 0), 0xffffffffec88) = 0 <0.000064>
19795 19:04:36.441359 ioctl(4, _IOC(_IOC_NONE, 0x75, 0x30, 0), 0xffffffffec88) = 0 <0.000068>
19795 19:04:36.441505 ioctl(4, _IOC(_IOC_NONE, 0x75, 0x30, 0), 0xffffffffec88) = 0 <0.000100>
19795 19:04:36.441710 ioctl(4, _IOC(_IOC_NONE, 0x75, 0x30, 0), 0xffffffffec88) = 0 <0.000080>
19795 19:04:36.441875 ioctl(4, _IOC(_IOC_NONE, 0x75, 0x30, 0), 0xffffffffec88) = 0 <0.000062>
19795 19:04:36.441993 ioctl(4, _IOC(_IOC_NONE, 0x75, 0x30, 0), 0xffffffffec88) = 0 <0.000066>
19795 19:04:36.442138 ioctl(4, _IOC(_IOC_NONE, 0x75, 0x30, 0), 0xffffffffec88) = 0 <0.000062>
19795 19:04:36.442254 ioctl(4, _IOC(_IOC_NONE, 0x75, 0x30, 0), 0xffffffffec88) = 0 <0.000068>
19795 19:04:36.442399 ioctl(4, _IOC(_IOC_NONE, 0x75, 0x30, 0), 0xffffffffec88) = 0 <0.000067>
19795 19:04:36.442520 ioctl(4, _IOC(_IOC_NONE, 0x75, 0x30, 0), 0xffffffffec88) = 0 <0.000070>
19795 19:04:36.442668 ioctl(4, _IOC(_IOC_NONE, 0x75, 0x30, 0), 0xffffffffec88) = 0 <0.000063>
19795 19:04:36.442784 ioctl(4, _IOC(_IOC_NONE, 0x75, 0x30, 0), 0xffffffffec88) = 0 <0.000072>
19795 19:04:36.442933 ioctl(4, _IOC(_IOC_NONE, 0x75, 0x30, 0), 0xffffffffec88) = 0 <0.000066>
19795 19:04:36.443054 ioctl(4, _IOC(_IOC_NONE, 0x75, 0x30, 0), 0xffffffffec88) = 0 <0.000067>
19795 19:04:36.443195 ioctl(4, _IOC(_IOC_NONE, 0x75, 0x30, 0), 0xffffffffec88) = 0 <0.000065>
19795 19:04:36.443311 ioctl(4, _IOC(_IOC_NONE, 0x75, 0x30, 0), 0xffffffffec88) = 0 <0.000072>
19795 19:04:36.443461 ioctl(4, _IOC(_IOC_NONE, 0x75, 0x30, 0), 0xffffffffec88) = 0 <0.000068>
19795 19:04:36.443589 ioctl(4, _IOC(_IOC_NONE, 0x75, 0x30, 0), 0xffffffffe928) = 0 <0.000048>
19795 19:04:36.443693 ioctl(4, _IOC(_IOC_NONE, 0x75, 0x30, 0), 0xffffffffe998) = 0 <0.000060>
19795 19:04:36.443826 ioctl(4, _IOC(_IOC_NONE, 0x75, 0x30, 0) <unfinished ...>
19796 19:04:36.443950 <... ioctl resumed>, 0xfffff520e618) = 0 <0.003984>
19795 19:04:36.443997 <... ioctl resumed>, 0xffffffffec88) = 0 <0.000150>
19796 19:04:36.444022 ioctl(4, _IOC(_IOC_NONE, 0x75, 0x30, 0) <unfinished ...>
19795 19:04:36.444130 ioctl(4, _IOC(_IOC_NONE, 0x75, 0x30, 0) <unfinished ...>
19796 19:04:36.444159 <... ioctl resumed>, 0xfffff520e618) = 0 <0.000117>
19795 19:04:36.444246 <... ioctl resumed>, 0xffffffffec88) = 0 <0.000091>
19796 19:04:36.444289 ioctl(4, _IOC(_IOC_NONE, 0x75, 0x30, 0) <unfinished ...>
19795 19:04:36.444684 ioctl(4, _IOC(_IOC_NONE, 0x75, 0x30, 0) <unfinished ...>
19796 19:04:36.444791 <... ioctl resumed>, 0xfffff520e608) = 0 <0.000478>
19795 19:04:36.444828 <... ioctl resumed>, 0xffffffffec88) = 0 <0.000112>
19795 19:04:36.444905 ioctl(4, _IOC(_IOC_NONE, 0x75, 0x30, 0), 0xffffffffec88) = 0 <0.000069>
19795 19:04:36.445030 ioctl(4, _IOC(_IOC_NONE, 0x75, 0x30, 0), 0xffffffffec88) = 0 <0.000074>
19796 19:04:36.445159 ioctl(4, _IOC(_IOC_NONE, 0x75, 0x30, 0), 0xfffff520e618) = 0 <0.000048>
19795 19:04:36.445291 ioctl(4, _IOC(_IOC_NONE, 0x75, 0x30, 0) <unfinished ...>
19796 19:04:36.445337 ioctl(4, _IOC(_IOC_NONE, 0x75, 0x30, 0) <unfinished ...>
19795 19:04:36.445444 <... ioctl resumed>, 0xffffffffec88) = 0 <0.000132>
19795 19:04:36.445488 ioctl(4, _IOC(_IOC_NONE, 0x75, 0x30, 0), 0xffffffffec88) = 0 <0.000096>
19795 19:04:36.445688 ioctl(4, _IOC(_IOC_NONE, 0x75, 0x30, 0), 0xffffffffec88) = 0 <0.000067>
19795 19:04:36.445812 ioctl(4, _IOC(_IOC_NONE, 0x75, 0x30, 0), 0xffffffffec88) = 0 <0.000071>
19795 19:04:36.445966 ioctl(4, _IOC(_IOC_NONE, 0x75, 0x30, 0), 0xffffffffec88) = 0 <0.000065>
19795 19:04:36.446085 ioctl(4, _IOC(_IOC_NONE, 0x75, 0x30, 0), 0xffffffffec88) = 0 <0.000069>
19795 19:04:36.446233 ioctl(4, _IOC(_IOC_NONE, 0x75, 0x30, 0), 0xffffffffec88) = 0 <0.000062>
19795 19:04:36.446346 ioctl(4, _IOC(_IOC_NONE, 0x75, 0x30, 0), 0xffffffffec88) = 0 <0.000068>
19795 19:04:36.446495 ioctl(4, _IOC(_IOC_NONE, 0x75, 0x30, 0), 0xffffffffec88) = 0 <0.000062>
19795 19:04:36.446609 ioctl(4, _IOC(_IOC_NONE, 0x75, 0x30, 0), 0xffffffffec88) = 0 <0.000068>
19795 19:04:36.446755 ioctl(4, _IOC(_IOC_NONE, 0x75, 0x30, 0), 0xffffffffec88) = 0 <0.000061>
19795 19:04:36.446869 ioctl(4, _IOC(_IOC_NONE, 0x75, 0x30, 0), 0xffffffffec88) = 0 <0.000068>
19795 19:04:36.447019 ioctl(4, _IOC(_IOC_NONE, 0x75, 0x30, 0), 0xffffffffec88) = 0 <0.000064>
19795 19:04:36.447137 ioctl(4, _IOC(_IOC_NONE, 0x75, 0x30, 0), 0xffffffffec88) = 0 <0.000071>
19795 19:04:36.447341 ioctl(4, _IOC(_IOC_NONE, 0x75, 0x30, 0), 0xffffffffec88) = 0 <0.000063>
19795 19:04:36.447457 ioctl(4, _IOC(_IOC_NONE, 0x75, 0x30, 0), 0xffffffffec88) = 0 <0.000068>
19795 19:04:36.447626 ioctl(4, _IOC(_IOC_NONE, 0x75, 0x30, 0), 0xffffffffec88) = 0 <0.000063>
19795 19:04:36.447742 ioctl(4, _IOC(_IOC_NONE, 0x75, 0x30, 0), 0xffffffffec88) = 0 <0.000069>
19795 19:04:36.447911 ioctl(4, _IOC(_IOC_NONE, 0x75, 0x30, 0), 0xffffffffec88) = 0 <0.000061>
19795 19:04:36.448025 ioctl(4, _IOC(_IOC_NONE, 0x75, 0x30, 0), 0xffffffffec88) = 0 <0.000069>
19795 19:04:36.448195 ioctl(4, _IOC(_IOC_NONE, 0x75, 0x30, 0), 0xffffffffec88) = 0 <0.000061>
19795 19:04:36.448309 ioctl(4, _IOC(_IOC_NONE, 0x75, 0x30, 0), 0xffffffffec88) = 0 <0.000070>
19795 19:04:36.448475 ioctl(4, _IOC(_IOC_NONE, 0x75, 0x30, 0), 0xffffffffec88) = 0 <0.000062>
19795 19:04:36.448592 ioctl(4, _IOC(_IOC_NONE, 0x75, 0x30, 0), 0xffffffffec88) = 0 <0.000069>
19795 19:04:36.448756 ioctl(4, _IOC(_IOC_NONE, 0x75, 0x30, 0), 0xffffffffec88) = 0 <0.000062>
19795 19:04:36.448868 ioctl(4, _IOC(_IOC_NONE, 0x75, 0x30, 0), 0xffffffffec88) = 0 <0.000070>
19795 19:04:36.449034 ioctl(4, _IOC(_IOC_NONE, 0x75, 0x30, 0), 0xffffffffec88) = 0 <0.000064>
19795 19:04:36.449159 ioctl(4, _IOC(_IOC_NONE, 0x75, 0x30, 0), 0xffffffffe928) = 0 <0.000047>
19795 19:04:36.449260 ioctl(4, _IOC(_IOC_NONE, 0x75, 0x30, 0), 0xffffffffe998) = 0 <0.000051>
19796 19:04:36.449375 <... ioctl resumed>, 0xfffff520e618) = 0 <0.004017>
19795 19:04:36.449428 ioctl(4, _IOC(_IOC_NONE, 0x75, 0x30, 0) <unfinished ...>
19796 19:04:36.449521 ioctl(4, _IOC(_IOC_NONE, 0x75, 0x30, 0) <unfinished ...>
19795 19:04:36.449645 <... ioctl resumed>, 0xffffffffec88) = 0 <0.000193>
19796 19:04:36.449703 <... ioctl resumed>, 0xfffff520e618) = 0 <0.000159>
19795 19:04:36.449820 ioctl(4, _IOC(_IOC_NONE, 0x75, 0x30, 0) <unfinished ...>
19796 19:04:36.449850 ioctl(4, _IOC(_IOC_NONE, 0x75, 0x30, 0) <unfinished ...>
19795 19:04:36.450303 <... ioctl resumed>, 0xffffffffec88) = 0 <0.000451>
19796 19:04:36.450362 <... ioctl resumed>, 0xfffff520e608) = 0 <0.000492>
19795 19:04:36.450391 ioctl(4, _IOC(_IOC_NONE, 0x75, 0x30, 0), 0xffffffffec88) = 0 <0.000075>
19795 19:04:36.450580 ioctl(4, _IOC(_IOC_NONE, 0x75, 0x30, 0), 0xffffffffec88) = 0 <0.000064>
19796 19:04:36.450699 ioctl(4, _IOC(_IOC_NONE, 0x75, 0x30, 0) <unfinished ...>
19795 19:04:36.450742 ioctl(4, _IOC(_IOC_NONE, 0x75, 0x30, 0) <unfinished ...>
19796 19:04:36.450812 <... ioctl resumed>, 0xfffff520e618) = 0 <0.000091>
19795 19:04:36.450905 <... ioctl resumed>, 0xffffffffec88) = 0 <0.000142>
19796 19:04:36.450954 ioctl(4, _IOC(_IOC_NONE, 0x75, 0x30, 0) <unfinished ...>
19795 19:04:36.451096 ioctl(4, _IOC(_IOC_NONE, 0x75, 0x30, 0), 0xffffffffec88) = 0 <0.000069>
19795 19:04:36.451227 ioctl(4, _IOC(_IOC_NONE, 0x75, 0x30, 0), 0xffffffffec88) = 0 <0.000077>
19795 19:04:36.451422 ioctl(4, _IOC(_IOC_NONE, 0x75, 0x30, 0), 0xffffffffec88) = 0 <0.000066>
19795 19:04:36.451548 ioctl(4, _IOC(_IOC_NONE, 0x75, 0x30, 0), 0xffffffffec88) = 0 <0.000070>
19795 19:04:36.451733 ioctl(4, _IOC(_IOC_NONE, 0x75, 0x30, 0), 0xffffffffec88) = 0 <0.000067>
19795 19:04:36.451861 ioctl(4, _IOC(_IOC_NONE, 0x75, 0x30, 0), 0xffffffffec88) = 0 <0.000073>
19795 19:04:36.452029 ioctl(4, _IOC(_IOC_NONE, 0x75, 0x30, 0), 0xffffffffec88) = 0 <0.000068>
19795 19:04:36.452156 ioctl(4, _IOC(_IOC_NONE, 0x75, 0x30, 0), 0xffffffffec88) = 0 <0.000073>
19795 19:04:36.452325 ioctl(4, _IOC(_IOC_NONE, 0x75, 0x30, 0), 0xffffffffec88) = 0 <0.000069>
19795 19:04:36.452452 ioctl(4, _IOC(_IOC_NONE, 0x75, 0x30, 0), 0xffffffffec88) = 0 <0.000072>
19795 19:04:36.452619 ioctl(4, _IOC(_IOC_NONE, 0x75, 0x30, 0), 0xffffffffec88) = 0 <0.000066>
19795 19:04:36.452745 ioctl(4, _IOC(_IOC_NONE, 0x75, 0x30, 0), 0xffffffffec88) = 0 <0.000073>
19795 19:04:36.452911 ioctl(4, _IOC(_IOC_NONE, 0x75, 0x30, 0), 0xffffffffec88) = 0 <0.000064>
19795 19:04:36.453033 ioctl(4, _IOC(_IOC_NONE, 0x75, 0x30, 0), 0xffffffffec88) = 0 <0.000074>
19795 19:04:36.453222 ioctl(4, _IOC(_IOC_NONE, 0x75, 0x30, 0), 0xffffffffec88) = 0 <0.000068>
19795 19:04:36.453380 ioctl(4, _IOC(_IOC_NONE, 0x75, 0x30, 0), 0xffffffffec88) = 0 <0.000077>
19795 19:04:36.453604 ioctl(4, _IOC(_IOC_NONE, 0x75, 0x30, 0), 0xffffffffec88) = 0 <0.000074>
19795 19:04:36.453765 ioctl(4, _IOC(_IOC_NONE, 0x75, 0x30, 0), 0xffffffffec88) = 0 <0.000074>
19795 19:04:36.453955 ioctl(4, _IOC(_IOC_NONE, 0x75, 0x30, 0), 0xffffffffec88) = 0 <0.000065>
19795 19:04:36.454079 ioctl(4, _IOC(_IOC_NONE, 0x75, 0x30, 0), 0xffffffffec88) = 0 <0.000074>
19795 19:04:36.454266 ioctl(4, _IOC(_IOC_NONE, 0x75, 0x30, 0), 0xffffffffec88) = 0 <0.000068>
19795 19:04:36.454392 ioctl(4, _IOC(_IOC_NONE, 0x75, 0x30, 0), 0xffffffffec88) = 0 <0.000074>
19795 19:04:36.454564 ioctl(4, _IOC(_IOC_NONE, 0x75, 0x30, 0), 0xffffffffec88) = 0 <0.000063>
19795 19:04:36.454683 ioctl(4, _IOC(_IOC_NONE, 0x75, 0x30, 0), 0xffffffffec88) = 0 <0.000071>
19795 19:04:36.454850 ioctl(4, _IOC(_IOC_NONE, 0x75, 0x30, 0), 0xffffffffec88) = 0 <0.000064>
19795 19:04:36.454970 ioctl(4, _IOC(_IOC_NONE, 0x75, 0x30, 0), 0xffffffffec88) = 0 <0.000071>
19795 19:04:36.455144 ioctl(4, _IOC(_IOC_NONE, 0x75, 0x30, 0), 0xffffffffec88) = 0 <0.000064>
19795 19:04:36.455273 ioctl(4, _IOC(_IOC_NONE, 0x75, 0x30, 0), 0xffffffffe928) = 0 <0.000050>
19795 19:04:36.455380 ioctl(4, _IOC(_IOC_NONE, 0x75, 0x30, 0), 0xffffffffe998) = 0 <0.000052>
19795 19:04:36.455507 ioctl(4, _IOC(_IOC_NONE, 0x75, 0x30, 0) <unfinished ...>
19796 19:04:36.455536 <... ioctl resumed>, 0xfffff520e618) = 0 <0.004559>
19795 19:04:36.455643 <... ioctl resumed>, 0xffffffffec88) = 0 <0.000113>
19796 19:04:36.455671 ioctl(4, _IOC(_IOC_NONE, 0x75, 0x30, 0), 0xfffff520e618) = 0 <0.000047>
19795 19:04:36.455840 ioctl(4, _IOC(_IOC_NONE, 0x75, 0x30, 0) <unfinished ...>
19796 19:04:36.455871 ioctl(4, _IOC(_IOC_NONE, 0x75, 0x30, 0) <unfinished ...>
19795 19:04:36.456317 <... ioctl resumed>, 0xffffffffec88) = 0 <0.000446>
19796 19:04:36.456383 <... ioctl resumed>, 0xfffff520e608) = 0 <0.000491>
19795 19:04:36.456416 ioctl(4, _IOC(_IOC_NONE, 0x75, 0x30, 0), 0xffffffffec88) = 0 <0.000079>
19795 19:04:36.456610 ioctl(4, _IOC(_IOC_NONE, 0x75, 0x30, 0), 0xffffffffec88) = 0 <0.000066>
19796 19:04:36.456734 ioctl(4, _IOC(_IOC_NONE, 0x75, 0x30, 0) <unfinished ...>
19795 19:04:36.456777 ioctl(4, _IOC(_IOC_NONE, 0x75, 0x30, 0) <unfinished ...>
19796 19:04:36.456849 <... ioctl resumed>, 0xfffff520e618) = 0 <0.000093>
19795 19:04:36.456940 <... ioctl resumed>, 0xffffffffec88) = 0 <0.000142>
19796 19:04:36.456985 ioctl(4, _IOC(_IOC_NONE, 0x75, 0x30, 0) <unfinished ...>
19795 19:04:36.457108 ioctl(4, _IOC(_IOC_NONE, 0x75, 0x30, 0), 0xffffffffec88) = 0 <0.000067>
19795 19:04:36.457234 ioctl(4, _IOC(_IOC_NONE, 0x75, 0x30, 0), 0xffffffffec88) = 0 <0.000071>
19795 19:04:36.457412 ioctl(4, _IOC(_IOC_NONE, 0x75, 0x30, 0), 0xffffffffec88) = 0 <0.000065>
19795 19:04:36.457534 ioctl(4, _IOC(_IOC_NONE, 0x75, 0x30, 0), 0xffffffffec88) = 0 <0.000096>
19795 19:04:36.457763 ioctl(4, _IOC(_IOC_NONE, 0x75, 0x30, 0), 0xffffffffec88) = 0 <0.000071>
19795 19:04:36.457899 ioctl(4, _IOC(_IOC_NONE, 0x75, 0x30, 0), 0xffffffffec88) = 0 <0.000072>
19795 19:04:36.458081 ioctl(4, _IOC(_IOC_NONE, 0x75, 0x30, 0), 0xffffffffec88) = 0 <0.000064>
19795 19:04:36.458205 ioctl(4, _IOC(_IOC_NONE, 0x75, 0x30, 0), 0xffffffffec88) = 0 <0.000068>
19795 19:04:36.458378 ioctl(4, _IOC(_IOC_NONE, 0x75, 0x30, 0), 0xffffffffec88) = 0 <0.000063>
19795 19:04:36.458497 ioctl(4, _IOC(_IOC_NONE, 0x75, 0x30, 0), 0xffffffffec88) = 0 <0.000072>
19795 19:04:36.458678 ioctl(4, _IOC(_IOC_NONE, 0x75, 0x30, 0), 0xffffffffec88) = 0 <0.000066>
19795 19:04:36.458800 ioctl(4, _IOC(_IOC_NONE, 0x75, 0x30, 0), 0xffffffffec88) = 0 <0.000071>
19795 19:04:36.458980 ioctl(4, _IOC(_IOC_NONE, 0x75, 0x30, 0), 0xffffffffec88) = 0 <0.000063>
19795 19:04:36.459101 ioctl(4, _IOC(_IOC_NONE, 0x75, 0x30, 0), 0xffffffffec88) = 0 <0.000071>
19795 19:04:36.459267 ioctl(4, _IOC(_IOC_NONE, 0x75, 0x30, 0), 0xffffffffec88) = 0 <0.000073>
19795 19:04:36.459404 ioctl(4, _IOC(_IOC_NONE, 0x75, 0x30, 0), 0xffffffffec88) = 0 <0.000072>
19795 19:04:36.459570 ioctl(4, _IOC(_IOC_NONE, 0x75, 0x30, 0), 0xffffffffec88) = 0 <0.000070>
19795 19:04:36.459730 ioctl(4, _IOC(_IOC_NONE, 0x75, 0x30, 0), 0xffffffffec88) = 0 <0.000076>
19795 19:04:36.459909 ioctl(4, _IOC(_IOC_NONE, 0x75, 0x30, 0), 0xffffffffec88) = 0 <0.000067>
19795 19:04:36.460035 ioctl(4, _IOC(_IOC_NONE, 0x75, 0x30, 0), 0xffffffffec88) = 0 <0.000073>
19795 19:04:36.460209 ioctl(4, _IOC(_IOC_NONE, 0x75, 0x30, 0), 0xffffffffec88) = 0 <0.000067>
19795 19:04:36.460334 ioctl(4, _IOC(_IOC_NONE, 0x75, 0x30, 0), 0xffffffffec88) = 0 <0.000074>
19795 19:04:36.460520 ioctl(4, _IOC(_IOC_NONE, 0x75, 0x30, 0), 0xffffffffec88) = 0 <0.000069>
19795 19:04:36.460648 ioctl(4, _IOC(_IOC_NONE, 0x75, 0x30, 0), 0xffffffffec88) = 0 <0.000073>
19795 19:04:36.460832 ioctl(4, _IOC(_IOC_NONE, 0x75, 0x30, 0), 0xffffffffec88) = 0 <0.000068>
19795 19:04:36.460963 ioctl(4, _IOC(_IOC_NONE, 0x75, 0x30, 0), 0xffffffffec88) = 0 <0.000070>
19795 19:04:36.461144 ioctl(4, _IOC(_IOC_NONE, 0x75, 0x30, 0), 0xffffffffec88) = 0 <0.000066>
19795 19:04:36.461273 ioctl(4, _IOC(_IOC_NONE, 0x75, 0x30, 0), 0xffffffffe928) = 0 <0.000049>
19795 19:04:36.461382 ioctl(4, _IOC(_IOC_NONE, 0x75, 0x30, 0) <unfinished ...>
19796 19:04:36.461467 <... ioctl resumed>, 0xfffff520e618) = 0 <0.004459>
19795 19:04:36.461520 <... ioctl resumed>, 0xffffffffe998) = 0 <0.000113>
19795 19:04:36.461598 ioctl(4, _IOC(_IOC_NONE, 0x75, 0x30, 0) <unfinished ...>
19796 19:04:36.461725 ioctl(4, _IOC(_IOC_NONE, 0x75, 0x30, 0) <unfinished ...>
19795 19:04:36.461801 <... ioctl resumed>, 0xffffffffec88) = 0 <0.000157>
19796 19:04:36.461828 <... ioctl resumed>, 0xfffff520e618) = 0 <0.000079>
19795 19:04:36.461953 ioctl(4, _IOC(_IOC_NONE, 0x75, 0x30, 0) <unfinished ...>
19796 19:04:36.461983 ioctl(4, _IOC(_IOC_NONE, 0x75, 0x30, 0) <unfinished ...>
19795 19:04:36.462424 <... ioctl resumed>, 0xffffffffec88) = 0 <0.000441>
19796 19:04:36.462481 <... ioctl resumed>, 0xfffff520e608) = 0 <0.000478>
19795 19:04:36.462510 ioctl(4, _IOC(_IOC_NONE, 0x75, 0x30, 0), 0xffffffffec88) = 0 <0.000077>
19795 19:04:36.462704 ioctl(4, _IOC(_IOC_NONE, 0x75, 0x30, 0), 0xffffffffec88) = 0 <0.000069>
19796 19:04:36.462834 ioctl(4, _IOC(_IOC_NONE, 0x75, 0x30, 0), 0xfffff520e618) = 0 <0.000051>
19795 19:04:36.462947 ioctl(4, _IOC(_IOC_NONE, 0x75, 0x30, 0), 0xffffffffec88) = 0 <0.000075>
19796 19:04:36.463082 ioctl(4, _IOC(_IOC_NONE, 0x75, 0x30, 0) <unfinished ...>
19795 19:04:36.463219 ioctl(4, _IOC(_IOC_NONE, 0x75, 0x30, 0), 0xffffffffec88) = 0 <0.000071>
19795 19:04:36.463349 ioctl(4, _IOC(_IOC_NONE, 0x75, 0x30, 0), 0xffffffffec88) = 0 <0.000073>
19795 19:04:36.463541 ioctl(4, _IOC(_IOC_NONE, 0x75, 0x30, 0), 0xffffffffec88) = 0 <0.000068>
19795 19:04:36.463667 ioctl(4, _IOC(_IOC_NONE, 0x75, 0x30, 0), 0xffffffffec88) = 0 <0.000073>
19795 19:04:36.463853 ioctl(4, _IOC(_IOC_NONE, 0x75, 0x30, 0), 0xffffffffec88) = 0 <0.000064>
19795 19:04:36.463979 ioctl(4, _IOC(_IOC_NONE, 0x75, 0x30, 0), 0xffffffffec88) = 0 <0.000073>
19795 19:04:36.464160 ioctl(4, _IOC(_IOC_NONE, 0x75, 0x30, 0), 0xffffffffec88) = 0 <0.000069>
19795 19:04:36.464289 ioctl(4, _IOC(_IOC_NONE, 0x75, 0x30, 0), 0xffffffffec88) = 0 <0.000072>
19795 19:04:36.464466 ioctl(4, _IOC(_IOC_NONE, 0x75, 0x30, 0), 0xffffffffec88) = 0 <0.000064>
19795 19:04:36.464586 ioctl(4, _IOC(_IOC_NONE, 0x75, 0x30, 0), 0xffffffffec88) = 0 <0.000071>
19795 19:04:36.464751 ioctl(4, _IOC(_IOC_NONE, 0x75, 0x30, 0), 0xffffffffec88) = 0 <0.000064>
19795 19:04:36.464871 ioctl(4, _IOC(_IOC_NONE, 0x75, 0x30, 0), 0xffffffffec88) = 0 <0.000073>
19795 19:04:36.465080 ioctl(4, _IOC(_IOC_NONE, 0x75, 0x30, 0), 0xffffffffec88) = 0 <0.000069>
19795 19:04:36.465212 ioctl(4, _IOC(_IOC_NONE, 0x75, 0x30, 0), 0xffffffffec88) = 0 <0.000073>
19795 19:04:36.465378 ioctl(4, _IOC(_IOC_NONE, 0x75, 0x30, 0), 0xffffffffec88) = 0 <0.000066>
19795 19:04:36.465503 ioctl(4, _IOC(_IOC_NONE, 0x75, 0x30, 0), 0xffffffffec88) = 0 <0.000107>
19795 19:04:36.465729 ioctl(4, _IOC(_IOC_NONE, 0x75, 0x30, 0), 0xffffffffec88) = 0 <0.000064>
19795 19:04:36.465857 ioctl(4, _IOC(_IOC_NONE, 0x75, 0x30, 0), 0xffffffffec88) = 0 <0.000071>
19795 19:04:36.466016 ioctl(4, _IOC(_IOC_NONE, 0x75, 0x30, 0), 0xffffffffec88) = 0 <0.000065>
19795 19:04:36.466173 ioctl(4, _IOC(_IOC_NONE, 0x75, 0x30, 0), 0xffffffffec88) = 0 <0.000070>
19795 19:04:36.466338 ioctl(4, _IOC(_IOC_NONE, 0x75, 0x30, 0), 0xffffffffec88) = 0 <0.000066>
19795 19:04:36.466465 ioctl(4, _IOC(_IOC_NONE, 0x75, 0x30, 0), 0xffffffffec88) = 0 <0.000071>
19795 19:04:36.466632 ioctl(4, _IOC(_IOC_NONE, 0x75, 0x30, 0), 0xffffffffec88) = 0 <0.000065>
19795 19:04:36.466756 ioctl(4, _IOC(_IOC_NONE, 0x75, 0x30, 0), 0xffffffffec88) = 0 <0.000071>
19795 19:04:36.466921 ioctl(4, _IOC(_IOC_NONE, 0x75, 0x30, 0), 0xffffffffec88) = 0 <0.000066>
19795 19:04:36.467046 ioctl(4, _IOC(_IOC_NONE, 0x75, 0x30, 0), 0xffffffffec88) = 0 <0.000071>
19795 19:04:36.467240 ioctl(4, _IOC(_IOC_NONE, 0x75, 0x30, 0), 0xffffffffec88) = 0 <0.000076>
19795 19:04:36.467396 ioctl(4, _IOC(_IOC_NONE, 0x75, 0x30, 0), 0xffffffffe928) = 0 <0.000051>
19795 19:04:36.467512 ioctl(4, _IOC(_IOC_NONE, 0x75, 0x30, 0) <unfinished ...>
19796 19:04:36.467596 <... ioctl resumed>, 0xfffff520e618) = 0 <0.004490>
19795 19:04:36.467647 <... ioctl resumed>, 0xffffffffe998) = 0 <0.000113>
19795 19:04:36.467702 ioctl(4, _IOC(_IOC_NONE, 0x75, 0x30, 0) <unfinished ...>
19796 19:04:36.467795 ioctl(4, _IOC(_IOC_NONE, 0x75, 0x30, 0) <unfinished ...>
19795 19:04:36.467866 <... ioctl resumed>, 0xffffffffec88) = 0 <0.000142>
19796 19:04:36.467892 <... ioctl resumed>, 0xfffff520e618) = 0 <0.000075>
19795 19:04:36.468002 ioctl(4, _IOC(_IOC_NONE, 0x75, 0x30, 0) <unfinished ...>
19796 19:04:36.468030 ioctl(4, _IOC(_IOC_NONE, 0x75, 0x30, 0) <unfinished ...>
19795 19:04:36.468475 <... ioctl resumed>, 0xffffffffec88) = 0 <0.000444>
19796 19:04:36.468537 <... ioctl resumed>, 0xfffff520e608) = 0 <0.000487>
19795 19:04:36.468568 ioctl(4, _IOC(_IOC_NONE, 0x75, 0x30, 0), 0xffffffffec88) = 0 <0.000074>
19795 19:04:36.468749 ioctl(4, _IOC(_IOC_NONE, 0x75, 0x30, 0), 0xffffffffec88) = 0 <0.000063>
19796 19:04:36.468868 ioctl(4, _IOC(_IOC_NONE, 0x75, 0x30, 0) <unfinished ...>
19795 19:04:36.468911 ioctl(4, _IOC(_IOC_NONE, 0x75, 0x30, 0) <unfinished ...>
19796 19:04:36.468981 <... ioctl resumed>, 0xfffff520e618) = 0 <0.000090>
19795 19:04:36.469075 <... ioctl resumed>, 0xffffffffec88) = 0 <0.000143>
19796 19:04:36.469125 ioctl(4, _IOC(_IOC_NONE, 0x75, 0x30, 0) <unfinished ...>
19795 19:04:36.469259 ioctl(4, _IOC(_IOC_NONE, 0x75, 0x30, 0), 0xffffffffec88) = 0 <0.000067>
19795 19:04:36.469387 ioctl(4, _IOC(_IOC_NONE, 0x75, 0x30, 0), 0xffffffffec88) = 0 <0.000073>
19795 19:04:36.469561 ioctl(4, _IOC(_IOC_NONE, 0x75, 0x30, 0), 0xffffffffec88) = 0 <0.000084>
19795 19:04:36.469770 ioctl(4, _IOC(_IOC_NONE, 0x75, 0x30, 0), 0xffffffffec88) = 0 <0.000079>
19795 19:04:36.469966 ioctl(4, _IOC(_IOC_NONE, 0x75, 0x30, 0), 0xffffffffec88) = 0 <0.000069>
19795 19:04:36.470100 ioctl(4, _IOC(_IOC_NONE, 0x75, 0x30, 0), 0xffffffffec88) = 0 <0.000083>
19795 19:04:36.470312 ioctl(4, _IOC(_IOC_NONE, 0x75, 0x30, 0), 0xffffffffec88) = 0 <0.000092>
19795 19:04:36.470497 ioctl(4, _IOC(_IOC_NONE, 0x75, 0x30, 0), 0xffffffffec88) = 0 <0.000095>
19795 19:04:36.470727 ioctl(4, _IOC(_IOC_NONE, 0x75, 0x30, 0), 0xffffffffec88) = 0 <0.000077>
19795 19:04:36.470878 ioctl(4, _IOC(_IOC_NONE, 0x75, 0x30, 0), 0xffffffffec88) = 0 <0.000082>
19795 19:04:36.471070 ioctl(4, _IOC(_IOC_NONE, 0x75, 0x30, 0), 0xffffffffec88) = 0 <0.000074>
19795 19:04:36.471213 ioctl(4, _IOC(_IOC_NONE, 0x75, 0x30, 0), 0xffffffffec88) = 0 <0.000076>
19795 19:04:36.471395 ioctl(4, _IOC(_IOC_NONE, 0x75, 0x30, 0), 0xffffffffec88) = 0 <0.000069>
19795 19:04:36.471525 ioctl(4, _IOC(_IOC_NONE, 0x75, 0x30, 0), 0xffffffffec88) = 0 <0.000081>
19795 19:04:36.471731 ioctl(4, _IOC(_IOC_NONE, 0x75, 0x30, 0), 0xffffffffec88) = 0 <0.000076>
19795 19:04:36.471874 ioctl(4, _IOC(_IOC_NONE, 0x75, 0x30, 0), 0xffffffffec88) = 0 <0.000075>
19795 19:04:36.472065 ioctl(4, _IOC(_IOC_NONE, 0x75, 0x30, 0), 0xffffffffec88) = 0 <0.000068>
19795 19:04:36.472197 ioctl(4, _IOC(_IOC_NONE, 0x75, 0x30, 0), 0xffffffffec88) = 0 <0.000077>
19795 19:04:36.472399 ioctl(4, _IOC(_IOC_NONE, 0x75, 0x30, 0), 0xffffffffec88) = 0 <0.000083>
19795 19:04:36.472589 ioctl(4, _IOC(_IOC_NONE, 0x75, 0x30, 0), 0xffffffffec88) = 0 <0.000083>
19795 19:04:36.472866 munmap(0xffffdc720000, 59582192) = 0 <0.000398>
19795 19:04:36.478056 munmap(0xfffff6f1a000, 942080) = 0 <0.000255>
19795 19:04:36.478534 munmap(0xfffff7000000, 4276352) = 0 <0.000594>
19795 19:04:36.479246 close(3)          = 0 <0.000025>
19795 19:04:36.524325 getpid()          = 19795 <0.000025>
19795 19:04:36.524478 getpid()          = 19795 <0.000018>
19795 19:04:36.524555 ioctl(4, _IOC(_IOC_NONE, 0x75, 0x30, 0), 0xfffffffff088) = 0 <0.000064>
19795 19:04:36.524678 ioctl(4, _IOC(_IOC_NONE, 0x75, 0x30, 0), 0xfffffffff0f8) = 0 <0.000070>
19796 19:04:36.524785 <... ioctl resumed>, 0xfffff520e618) = 0 <0.055638>
19795 19:04:36.524812 ioctl(4, _IOC(_IOC_NONE, 0x75, 0x30, 0) <unfinished ...>
19796 19:04:36.524838 ioctl(4, _IOC(_IOC_NONE, 0x75, 0x30, 0), 0xfffff520e618) = 0 <0.000046>
19796 19:04:36.524942 ioctl(4, _IOC(_IOC_NONE, 0x75, 0x30, 0) <unfinished ...>
19795 19:04:36.525727 <... ioctl resumed>, 0xfffffffff158) = 0 <0.000889>
19796 19:04:36.526016 <... ioctl resumed>, 0xfffff520e608) = 0 <0.001048>
19795 19:04:36.526218 ioctl(4, _IOC(_IOC_NONE, 0x75, 0x30, 0) <unfinished ...>
19796 19:04:36.526280 ioctl(4, _IOC(_IOC_NONE, 0x75, 0x30, 0) <unfinished ...>
19795 19:04:36.526339 <... ioctl resumed>, 0xfffffffff218) = 0 <0.000077>
19796 19:04:36.526371 <... ioctl resumed>, 0xfffff520e618) = 0 <0.000069>
19795 19:04:36.526397 ioctl(4, _IOC(_IOC_NONE, 0x75, 0x30, 0) <unfinished ...>
19796 19:04:36.526423 ioctl(4, _IOC(_IOC_NONE, 0x75, 0x30, 0) <unfinished ...>
19795 19:04:36.526466 <... ioctl resumed>, 0xfffffffff2b8) = 0 <0.000049>
19796 19:04:36.526495 <... ioctl resumed>, 0xfffff520e618) = 0 <0.000052>
19795 19:04:36.526521 ioctl(4, _IOC(_IOC_NONE, 0x75, 0x30, 0) <unfinished ...>
19796 19:04:36.526546 ioctl(4, _IOC(_IOC_NONE, 0x75, 0x30, 0) <unfinished ...>
19795 19:04:36.526589 <... ioctl resumed>, 0xfffffffff2b8) = 0 <0.000049>
19796 19:04:36.526619 <... ioctl resumed>, 0xfffff520e618) = 0 <0.000054>
19795 19:04:36.526644 ioctl(4, _IOC(_IOC_NONE, 0x75, 0x30, 0) <unfinished ...>
19796 19:04:36.526670 ioctl(4, _IOC(_IOC_NONE, 0x75, 0x30, 0) <unfinished ...>
19795 19:04:36.526712 <... ioctl resumed>, 0xfffffffff2b8) = 0 <0.000049>
19796 19:04:36.526740 <... ioctl resumed>, 0xfffff520e618) = 0 <0.000051>
19795 19:04:36.526765 ioctl(4, _IOC(_IOC_NONE, 0x75, 0x30, 0) <unfinished ...>
19796 19:04:36.526791 ioctl(4, _IOC(_IOC_NONE, 0x75, 0x30, 0) <unfinished ...>
19795 19:04:36.526856 <... ioctl resumed>, 0xfffffffff288) = 0 <0.000070>
19795 19:04:36.526901 ioctl(4, _IOC(_IOC_NONE, 0x75, 0x30, 0), 0xfffffffff2a8) = 0 <0.000074>
19795 19:04:36.527026 ioctl(4, _IOC(_IOC_NONE, 0x75, 0x30, 0), 0xfffffffff2d8) = 0 <0.000051>
19795 19:04:36.527132 ioctl(4, _IOC(_IOC_NONE, 0x75, 0x30, 0), 0xfffffffff288) = 0 <0.000065>
19795 19:04:36.527246 ioctl(4, _IOC(_IOC_NONE, 0x75, 0x30, 0), 0xfffffffff2a8) = 0 <0.000071>
19795 19:04:36.527368 ioctl(4, _IOC(_IOC_NONE, 0x75, 0x30, 0), 0xfffffffff2d8) = 0 <0.000065>
19795 19:04:36.527522 ioctl(4, _IOC(_IOC_NONE, 0x75, 0x30, 0), 0xfffffffff228) = 0 <0.000050>
19795 19:04:36.527630 ioctl(4, _IOC(_IOC_NONE, 0x75, 0x30, 0), 0xfffffffff298) = 0 <0.000067>
19796 19:04:36.527733 <... ioctl resumed>, 0xfffff520e618) = 0 <0.000923>
19795 19:04:36.527761 ioctl(4, _IOC(_IOC_NONE, 0x75, 0x30, 0) <unfinished ...>
19796 19:04:36.527809 ioctl(4, _IOC(_IOC_NONE, 0x75, 0x30, 0), 0xfffff520e618) = 0 <0.000046>
19796 19:04:36.527912 ioctl(4, _IOC(_IOC_NONE, 0x75, 0x30, 0) <unfinished ...>
19795 19:04:36.527943 <... ioctl resumed>, 0xfffffffff4e8) = 0 <0.000158>
19795 19:04:36.528194 ioctl(4, _IOC(_IOC_NONE, 0x75, 0x30, 0) <unfinished ...>
19796 19:04:36.528222 <... ioctl resumed>, 0xfffff520e608) = 0 <0.000289>
19795 19:04:36.528277 <... ioctl resumed>, 0xfffffffff338) = 0 <0.000048>
19795 19:04:36.528350 ioctl(4, _IOC(_IOC_NONE, 0x75, 0x30, 0), 0xfffffffff268) = 0 <0.000055>
19796 19:04:36.528443 ioctl(4, _IOC(_IOC_NONE, 0x75, 0x30, 0) <unfinished ...>
19795 19:04:36.528473 ioctl(4, _IOC(_IOC_NONE, 0x75, 0x30, 0), 0xfffffffff308) = 0 <0.000051>
19796 19:04:36.528594 <... ioctl resumed>, 0xfffff520e618) = 0 <0.000130>
19795 19:04:36.528637 ioctl(4, _IOC(_IOC_NONE, 0x75, 0x30, 0) <unfinished ...>
19796 19:04:36.528661 ioctl(4, _IOC(_IOC_NONE, 0x75, 0x30, 0) <unfinished ...>
19795 19:04:36.528730 <... ioctl resumed>, 0xfffffffff308) = 0 <0.000072>
19796 19:04:36.528753 <... ioctl resumed>, 0xfffff520e618) = 0 <0.000072>
19795 19:04:36.528794 ioctl(4, _IOC(_IOC_NONE, 0x75, 0x30, 0) <unfinished ...>
19796 19:04:36.528819 ioctl(4, _IOC(_IOC_NONE, 0x75, 0x30, 0) <unfinished ...>
19795 19:04:36.528891 <... ioctl resumed>, 0xfffffffff308) = 0 <0.000075>
19796 19:04:36.528914 <... ioctl resumed>, 0xfffff520e618) = 0 <0.000077>
19795 19:04:36.528941 ioctl(4, _IOC(_IOC_NONE, 0x75, 0x30, 0) <unfinished ...>
19796 19:04:36.528982 ioctl(4, _IOC(_IOC_NONE, 0x75, 0x30, 0) <unfinished ...>
19795 19:04:36.529052 <... ioctl resumed>, 0xfffffffff2d8) = 0 <0.000091>
19796 19:04:36.529075 <... ioctl resumed>, 0xfffff520e618) = 0 <0.000073>
19795 19:04:36.529104 ioctl(4, _IOC(_IOC_NONE, 0x75, 0x30, 0) <unfinished ...>
19796 19:04:36.529145 ioctl(4, _IOC(_IOC_NONE, 0x75, 0x30, 0) <unfinished ...>
19795 19:04:36.529204 <... ioctl resumed>, 0xfffffffff2f8) = 0 <0.000080>
19795 19:04:36.529246 ioctl(4, _IOC(_IOC_NONE, 0x75, 0x30, 0), 0xfffffffff328) = 0 <0.000050>
19795 19:04:36.529354 ioctl(4, _IOC(_IOC_NONE, 0x75, 0x30, 0), 0xfffffffff2d8) = 0 <0.000068>
19795 19:04:36.529473 ioctl(4, _IOC(_IOC_NONE, 0x75, 0x30, 0), 0xfffffffff2f8) = 0 <0.000069>
19795 19:04:36.529677 ioctl(4, _IOC(_IOC_NONE, 0x75, 0x30, 0), 0xfffffffff328) = 0 <0.000052>
19795 19:04:36.529798 ioctl(4, _IOC(_IOC_NONE, 0x75, 0x30, 0), 0xfffffffff278) = 0 <0.000046>
19795 19:04:36.529896 ioctl(4, _IOC(_IOC_NONE, 0x75, 0x30, 0), 0xfffffffff2e8) = 0 <0.000058>
19796 19:04:36.529988 <... ioctl resumed>, 0xfffff520e618) = 0 <0.000823>
19795 19:04:36.530017 ioctl(4, _IOC(_IOC_NONE, 0x75, 0x30, 0) <unfinished ...>
19796 19:04:36.530063 ioctl(4, _IOC(_IOC_NONE, 0x75, 0x30, 0) <unfinished ...>
19795 19:04:36.530130 <... ioctl resumed>, 0xfffffffff348) = 0 <0.000093>
19796 19:04:36.530153 <... ioctl resumed>, 0xfffff520e618) = 0 <0.000070>
19795 19:04:36.530180 ioctl(4, _IOC(_IOC_NONE, 0x75, 0x30, 0) <unfinished ...>
19796 19:04:36.530223 ioctl(4, _IOC(_IOC_NONE, 0x75, 0x30, 0) <unfinished ...>
19795 19:04:36.530446 <... ioctl resumed>, 0xfffffffff348) = 0 <0.000246>
19795 19:04:36.530502 futex(0xfffff520f210, FUTEX_WAIT_BITSET|FUTEX_CLOCK_REALTIME, 19796, NULL, FUTEX_BITSET_MATCH_ANY <unfinished ...>
19796 19:04:36.530568 <... ioctl resumed>, 0xfffff520e608) = 0 <0.000324>
19796 19:04:36.530613 ioctl(4, _IOC(_IOC_NONE, 0x75, 0x30, 0), 0xfffff520e618) = 0 <0.000050>
19796 19:04:36.530756 rt_sigprocmask(SIG_BLOCK, ~[RT_1], NULL, 8) = 0 <0.000021>
19796 19:04:36.530846 madvise(0xfffff4a00000, 8314880, MADV_DONTNEED) = 0 <0.000031>
19796 19:04:36.530928 exit(0)           = ?
19795 19:04:36.531038 <... futex resumed>) = 0 <0.000512>
19796 19:04:36.531060 +++ exited with 0 +++
19795 19:04:36.531081 ioctl(4, _IOC(_IOC_NONE, 0x75, 0x30, 0), 0xfffffffff328) = 0 <0.000057>
19795 19:04:36.531201 ioctl(4, _IOC(_IOC_NONE, 0x75, 0x30, 0), 0xfffffffff328) = 0 <0.000048>
19795 19:04:36.531308 ioctl(4, _IOC(_IOC_NONE, 0x75, 0x30, 0), 0xfffffffff328) = 0 <0.000048>
19795 19:04:36.531412 ioctl(4, _IOC(_IOC_NONE, 0x75, 0x30, 0), 0xfffffffff328) = 0 <0.000050>
19795 19:04:36.531514 ioctl(4, _IOC(_IOC_NONE, 0x75, 0x30, 0), 0xfffffffff328) = 0 <0.000047>
19795 19:04:36.531612 ioctl(4, _IOC(_IOC_NONE, 0x75, 0x30, 0), 0xfffffffff328) = 0 <0.000046>
19795 19:04:36.531710 ioctl(4, _IOC(_IOC_NONE, 0x75, 0x30, 0), 0xfffffffff328) = 0 <0.000049>
19795 19:04:36.531821 ioctl(4, _IOC(_IOC_NONE, 0x75, 0x30, 0), 0xfffffffff328) = 0 <0.000047>
19795 19:04:36.531924 ioctl(4, _IOC(_IOC_NONE, 0x75, 0x30, 0), 0xfffffffff328) = 0 <0.000048>
19795 19:04:36.532025 ioctl(4, _IOC(_IOC_NONE, 0x75, 0x30, 0), 0xfffffffff328) = 0 <0.000047>
19795 19:04:36.532124 ioctl(4, _IOC(_IOC_NONE, 0x75, 0x30, 0), 0xfffffffff328) = 0 <0.000049>
19795 19:04:36.532254 ioctl(4, _IOC(_IOC_NONE, 0x75, 0x30, 0), 0xfffffffff328) = 0 <0.000072>
19795 19:04:36.532384 ioctl(4, _IOC(_IOC_NONE, 0x75, 0x30, 0), 0xfffffffff348) = 0 <0.000049>
19795 19:04:36.532482 ioctl(4, _IOC(_IOC_NONE, 0x75, 0x30, 0), 0xfffffffff348) = 0 <0.000049>
19795 19:04:36.532591 ioctl(4, _IOC(_IOC_NONE, 0x75, 0x30, 0), 0xfffffffff538) = 0 <0.000150>
19795 19:04:36.532793 ioctl(4, _IOC(_IOC_NONE, 0x75, 0x30, 0), 0xfffffffff388) = 0 <0.000045>
19795 19:04:36.532897 close(4)          = 0 <0.002758>
19795 19:04:36.535818 exit_group(0)     = ?
19795 19:04:36.551432 +++ exited with 0 +++
