Rank,Function_Name,Operation_Type,Category,Score,Reasoning_Summary,Message_Structures,SMIDs_Identified
1,nvgpu_mm_pin,dma_operations,AIARelevantFunction,90,"**AIARelevantFunction Score (90)**: The function `nvgpu_mm_pin` is heavily involved in managing memory for an AI Accelerator (AIA). It utilizes the `dma_buf` and `dma_buf_attachment` structures, wh...",[struct dma_buf; struct dma_buf_attachment; struct sg_table],[dma_address; usermode_regs_bus_addr; usermode_regs; gpu_va; size; aligned_size]
2,nvgpu_mm_pin,dma_operations,AIARelevantFunction,90,"**AIARelevantFunction Score (90%)**: The function `nvgpu_mm_pin` is heavily involved in memory management for DMA operations, which is critical for AI Accelerator (AIA) integration. It uses `dma_bu...",[struct dma_buf; struct dma_buf_attachment; struct sg_table],[dma_address; usermode_regs_bus_addr; user_sync; userd_iova]
3,nvgpu_mm_pin,dma_operations,AIARelevantFunction,90,"**AIARelevantFunction Score (90)**: The function `nvgpu_mm_pin` is highly relevant to the integration with an AI Accelerator (AIA) as it deals with pinning a DMA buffer to memory, which is crucial ...",[struct dma_buf; struct dma_buf_attachment; struct sg_table],[dma_address; gpu_va; usermode_regs_bus_addr; usermode_userd]
4,drivers/gpu/nvgpu/os/linux/linux-dma.c:nvgpu_dma_alloc_flags_sys,functions_by_file,AIARelevantFunction,80,"**AIARelevantFunction Score (80)**: The function `nvgpu_dma_alloc_flags_sys` is responsible for allocating DMA memory, which is crucial for enabling the AI Accelerator (AIA) to access shared memory...",[nvgpu_mem],[gpu_va; size; aligned_size; cpu_va; priv.sgt]
5,drivers/gpu/nvgpu/os/linux/linux-dma.c:nvgpu_get_sgtable_from_pages,functions_by_file,AIARelevantFunction,80,**AIARelevantFunction Score (80)**: The function `nvgpu_get_sgtable_from_pages` is involved in managing memory for an AI Accelerator (AIA) by creating a scatter-gather table (`sg_table`) from user ...,[sg_table; scatterlist],[dma_address; iova]
6,drivers/video/tegra/nvmap/nvmap_dmabuf.c:_nvmap_dmabuf_map_dma_buf,functions_by_file,AIARelevantFunction,80,**AIARelevantFunction Score (80%)**: The function `_nvmap_dmabuf_map_dma_buf` is involved in mapping a DMA buffer for an AI Accelerator (AIA) by utilizing the `dma_buf_attachment` structure. It int...,[struct dma_buf_attachment; struct nvmap_handle_info],[dma_buf; device; nvmap_handle; sg_table]
7,drivers/video/tegra/nvmap/nvmap_alloc.c:handle_page_alloc,functions_by_file,AIARelevantFunction,80,"**AIARelevantFunction Score (80)**: The function `handle_page_alloc` is involved in memory allocation, which is critical for managing shared memory between the CPU and an AI Accelerator (AIA). It a...",[nvmap_handle],[size; pages; vaddr; dma_buf]
8,drivers/video/tegra/nvmap/nvmap_alloc.c:alloc_handle_from_va,functions_by_file,AIARelevantFunction,80,**AIARelevantFunction (80%)**: The function `alloc_handle_from_va` is involved in memory management that is relevant to AI Accelerator integration. It pins user pages to memory using `nvmap_get_use...,None,vaddr; size; flags; is_ro
9,nvgpu_gpu_ioctl_register_buffer,dma_operations,AIARelevantFunction,80,"**AIARelevantFunction Score (80)**: The function `nvgpu_gpu_ioctl_register_buffer` is involved in registering a buffer for use with the GPU, which includes handling DMA buffers. It utilizes `dma_bu...",[nvgpu_gpu_register_buffer_args],[dmabuf_fd; metadata_addr; metadata_size; flags]
10,nvgpu_gpu_ioctl_register_buffer,dma_operations,AIARelevantFunction,80,"**AIARelevantFunction Score (80)**: The function `nvgpu_gpu_ioctl_register_buffer` is involved in registering a buffer for use with the GPU, which includes handling DMA buffers. It utilizes the `dm...",[nvgpu_gpu_register_buffer_args],[dmabuf_fd; metadata_addr; metadata_size; flags]
11,nvgpu_vm_map_buffer,dma_operations,AIARelevantFunction,80,"**AIARelevantFunction Score (80)**: The function `nvgpu_vm_map_buffer` is involved in mapping a DMA buffer to a virtual memory space, which is critical for enabling an AI Accelerator (AIA) to acces...",[vm_gk20a_mapping_batch; dma_buf],[size; file; attachments; flags; buffer_offset; mapping_size; map_addr]
12,nvgpu_vm_map_buffer,dma_operations,AIARelevantFunction,80,"**AIARelevantFunction Score (80)**: The function `nvgpu_vm_map_buffer` is involved in mapping a DMA buffer to a virtual address space, which is critical for enabling an AI Accelerator (AIA) to acce...",[vm_gk20a_mapping_batch],[dma_buf; buffer_offset; mapping_size; *map_addr]
13,nvgpu_vm_map_buffer,dma_operations,AIARelevantFunction,80,"**AIARelevantFunction Score (80%)**: The function `nvgpu_vm_map_buffer` is involved in mapping a DMA buffer to a virtual memory space, which is critical for enabling an AI Accelerator (AIA) to acce...",[vm_gk20a_mapping_batch],[dma_buf->size; dma_buf->file; buffer_offset; mapping_size; *map_addr]
14,nvgpu_vm_map_buffer,dma_operations,AIARelevantFunction,80,"**AIARelevantFunction Score (80)**: The function `nvgpu_vm_map_buffer` is involved in mapping a DMA buffer to a virtual address space, which is crucial for enabling the AI Accelerator (AIA) to acce...",[vm_gk20a_mapping_batch],[buffer_offset; mapping_size; *map_addr; dmabuf->size]
15,nvgpu_vm_map_buffer,dma_operations,AIARelevantFunction,80,"**AIARelevantFunction Score (80)**: The function `nvgpu_vm_map_buffer` is involved in mapping a DMA buffer to a virtual address space, which is critical for enabling an AI Accelerator (AIA) to acce...",[vm_gk20a_mapping_batch],[dma_buf; buffer_offset; mapping_size; *map_addr]
16,nvgpu_vm_map_buffer,dma_operations,AIARelevantFunction,80,"**AIARelevantFunction Score (80)**: The function `nvgpu_vm_map_buffer` is involved in mapping a DMA buffer to a virtual address space, which is crucial for enabling the AI Accelerator (AIA) to acce...",[vm_gk20a_mapping_batch],[buffer_offset; mapping_size; *map_addr; dmabuf->size; dmabuf->file->f_inode->i_ino]
17,nvgpu_vm_map_buffer,dma_operations,AIARelevantFunction,80,"**AIARelevantFunction Score (80%)**: The function `nvgpu_vm_map_buffer` is involved in mapping a DMA buffer to a virtual address space, which is critical for enabling an AI Accelerator (AIA) to acc...",[vm_gk20a_mapping_batch],[buffer_offset; mapping_size; *map_addr; dmabuf->size]
18,nvgpu_usermode_buf_from_dmabuf,dma_operations,AIARelevantFunction,80,"**AIARelevantFunction Score (80)**: The function `nvgpu_usermode_buf_from_dmabuf` is involved in managing DMA buffers, which are critical for sharing memory with an AI Accelerator (AIA). It uses `d...",[nvgpu_usermode_buf_linux; nvgpu_mem; dma_buf; dma_buf_attachment; sg_table],[gpu_va; cpu_va; size; dmabuf; attachment; sgt]
19,user_copy:gk20a_channel_ioctl,user_copy_operations,AIARelevantFunction,80,"**AIARelevantFunction Score (80%)**: The function `gk20a_channel_ioctl` interacts with various structures that are relevant for managing GPU channels and their operations, which can involve shared ...",[nvgpu_alloc_obj_ctx_args; nvgpu_channel_setup_bind_args; nvgpu_alloc_gpfifo_ex_args; nvgpu_set_error_notifier; nvgpu_get_param_args; nvgpu_wait_args; nvgpu_set_timeout_args; nvgpu_set_timeout_ex_args],[chid; tsgid; userd_dmabuf_fd; gpfifo_dmabuf_fd; userd_dmabuf_offset; gpfifo_dmabuf_offset; obj_id]
20,user_copy:gk20a_channel_ioctl,user_copy_operations,AIARelevantFunction,80,"**AIARelevantFunction Score (80)**: The function `gk20a_channel_ioctl` is involved in managing GPU channels and includes operations that are relevant for AI Accelerator integration, such as setting...",[nvgpu_channel_open_args; nvgpu_alloc_obj_ctx_args; nvgpu_channel_setup_bind_args; nvgpu_alloc_gpfifo_ex_args; nvgpu_submit_gpfifo_args; nvgpu_wait_args; nvgpu_zcull_bind_args; nvgpu_set_error_notifier; nvgpu_set_timeout_args; nvgpu_set_timeout_ex_args; nvgpu_get_param_args],[chid; tsgid; userd_dmabuf_fd; gpfifo_dmabuf_fd; userd_dmabuf_offset; gpfifo_dmabuf_offset; userd_iova; userd_offset]
21,user_copy:gk20a_as_dev_ioctl,user_copy_operations,AIARelevantFunction,80,**AIARelevantFunction Score (80)**: The function `gk20a_as_dev_ioctl` is involved in handling various IOCTL commands that are likely related to memory management and operations with the AI Accelera...,[nvgpu_as_bind_channel_args; nvgpu32_as_alloc_space_args; nvgpu_as_alloc_space_args; nvgpu_as_free_space_args; nvgpu_as_map_buffer_ex_args; nvgpu_as_unmap_buffer_args; nvgpu_as_get_va_regions_args; nvgpu_as_map_buffer_batch_args; nvgpu_as_get_sync_ro_map_args; nvgpu_as_mapping_modify_args; nvgpu_as_remap_args],[channel_fd; pages; page_size; flags; buffer_offset; mapping_size; offset; base_gpuva; sync_size; num_syncpoints]
22,user_copy:gk20a_as_dev_ioctl,user_copy_operations,AIARelevantFunction,80,**AIARelevantFunction Score (80%)**: The function `gk20a_as_dev_ioctl` interacts with various memory management operations that are relevant for an AI Accelerator (AIA). It handles commands that in...,[nvgpu_as_alloc_space_args; nvgpu_as_free_space_args; nvgpu_as_map_buffer_ex_args; nvgpu_as_unmap_buffer_args; nvgpu_as_get_va_regions_args; nvgpu_as_map_buffer_batch_args; nvgpu_as_get_sync_ro_map_args; nvgpu_as_mapping_modify_args; nvgpu_as_remap_args],[offset; pages; page_size; buffer_offset; buffer_size; base_gpuva; num_syncpoints; num_maps; num_unmaps]
23,user_copy:nvgpu_gpu_ioctl_register_buffer,user_copy_operations,AIARelevantFunction,80,"**AIARelevantFunction Score (80)**: The function `nvgpu_gpu_ioctl_register_buffer` is involved in registering a buffer for use with the GPU, which includes handling DMA buffers. It utilizes `dma_bu...",[nvgpu_gpu_register_buffer_args],[dmabuf_fd; metadata_addr; metadata_size; flags]
24,gk20a_channel_ioctl,ioctl_operations,AIARelevantFunction,80,**AIARelevantFunction Score (80)**: The function `gk20a_channel_ioctl` is involved in handling various IOCTL commands that can potentially interact with an AI Accelerator (AIA). It includes operati...,[nvgpu_alloc_obj_ctx_args; nvgpu_channel_setup_bind_args; nvgpu_alloc_gpfifo_ex_args; nvgpu_wait_args; nvgpu_set_error_notifier; nvgpu_set_timeout_args; nvgpu_set_timeout_ex_args; nvgpu_get_param_args],[userd_dmabuf_fd; gpfifo_dmabuf_fd; userd_dmabuf_offset; gpfifo_dmabuf_offset; obj_id]
25,gk20a_ioctl_channel_submit_gpfifo,ioctl_operations,AIARelevantFunction,80,"**AIARelevantFunction Score (80)**: The function `gk20a_ioctl_channel_submit_gpfifo` is involved in submitting a GPU FIFO command, which is closely related to the interaction with the AI Accelerato...",[nvgpu_submit_gpfifo_args; nvgpu_gpfifo_userdata],[fence.id; fence.value; gpfifo; userd_iova]
26,gk20a_ctrl_dev_ioctl,ioctl_operations,AIARelevantFunction,80,"**AIARelevantFunction Score (80)**: The function `gk20a_ctrl_dev_ioctl` interacts with various GPU operations that involve memory management and data transfer, which are critical for AI Accelerator...",[nvgpu_gpu_zcull_get_ctx_size_args; nvgpu_gpu_zcull_get_info_args; nvgpu_gpu_zbc_set_table_args; nvgpu_gpu_zbc_query_table_args; nvgpu_gpu_get_characteristics; nvgpu_gpu_prepare_compressible_read_args; nvgpu_gpu_mark_compressible_write_args; nvgpu_alloc_as_args; nvgpu_gpu_open_tsg_args; nvgpu_gpu_get_tpc_masks_args; nvgpu_gpu_get_fbp_l2_masks_args; nvgpu_channel_open_args; nvgpu_gpu_l2_fb_args; nvgpu_gpu_mmu_debug_mode_args; nvgpu_gpu_sm_debug_mode_args],[gpu_instance_id; gr_instance_id; va_range_start; va_range_end; va_range_split; handle; zbc_color; l2_flush; l2_invalidate; fb_flush; state; sms]
27,gk20a_as_dev_ioctl,ioctl_operations,AIARelevantFunction,80,**AIARelevantFunction Score (80%)**: The function `gk20a_as_dev_ioctl` is involved in handling various IOCTL commands that are likely related to memory management and operations for an AI Accelerat...,[nvgpu_as_bind_channel_args; nvgpu32_as_alloc_space_args; nvgpu_as_alloc_space_args; nvgpu_as_free_space_args; nvgpu_as_map_buffer_ex_args; nvgpu_as_unmap_buffer_args; nvgpu_as_get_va_regions_args; nvgpu_as_map_buffer_batch_args; nvgpu_as_get_sync_ro_map_args; nvgpu_as_mapping_modify_args; nvgpu_as_remap_args],[channel_fd; pages; page_size; flags; offset; buffer_offset; buffer_size; num_unmaps; num_maps; base_gpuva; sync_size; num_syncpoints]
28,nvgpu_gpu_ioctl_register_buffer,ioctl_operations,AIARelevantFunction,80,"**AIARelevantFunction Score (80)**: The function `nvgpu_gpu_ioctl_register_buffer` is involved in registering a buffer with the GPU, which includes handling a DMA buffer (`dma_buf`). It utilizes `d...",[nvgpu_gpu_register_buffer_args],[dmabuf_fd; metadata_addr; metadata_size]
29,nvmap_ioctl_create_from_va,ioctl_operations,AIARelevantFunction,80,"**AIARelevantFunction Score (80)**: The function `nvmap_ioctl_create_from_va` is involved in creating a handle from a virtual address, which is a critical operation for managing shared memory betwe...",[nvmap_create_handle_from_va],[handle; va; size; flags]
30,drivers/gpu/nvgpu/os/linux/linux-dma.c:nvgpu_dma_alloc_no_iommu,functions_by_file,AIARelevantFunction,70,"**AIARelevantFunction Score (70%)**: The function `nvgpu_dma_alloc_no_iommu` is involved in memory allocation, which is a critical aspect of managing shared memory for AI Accelerators (AIA). It all...",None,None
31,drivers/video/tegra/nvmap/nvmap_dmabuf.c:nvmap_get_dmabuf_fd,functions_by_file,AIARelevantFunction,70,**AIARelevantFunction Score (70%)**: The function `nvmap_get_dmabuf_fd` is involved in obtaining a file descriptor for a DMA buffer associated with a given `nvmap_handle`. It utilizes the `__nvmap_...,[struct dma_buf; struct nvmap_handle],[size; vaddr; dma_buf; file; flags]
32,__dma_buf_export,dma_operations,AIARelevantFunction,70,"**AIARelevantFunction Score (70)**: The function `__dma_buf_export` is involved in exporting a DMA buffer, which is relevant for AI Accelerator integration as it deals with memory management and bu...",[dma_buf_export_info; nvmap_handle_info; nvmap_handle],[phys_addr_t; size_t; dma_buf*; nvmap_handle*; void*]
33,nvmap_handle_get_from_id,dma_operations,AIARelevantFunction,70,"**AIARelevantFunction Score (70)**: The function `nvmap_handle_get_from_id` interacts with DMA buffers, which are crucial for memory management in AI Accelerator integration. It retrieves a `dma_bu...",[struct nvmap_handle_info; struct nvmap_handle; struct dma_buf],[dma_buf; nvmap_handle; nvmap_client; size; flags; vaddr]
34,nvmap_handle_get_from_id,dma_operations,AIARelevantFunction,70,"**AIARelevantFunction Score (70)**: The function `nvmap_handle_get_from_id` interacts with DMA buffers, which are crucial for memory management in AI Accelerator contexts. It retrieves a DMA buffer...",[struct nvmap_handle_info; struct nvmap_handle; struct dma_buf],[dma_buf; nvmap_handle; nvmap_client]
35,nvmap_handle_get_from_id,dma_operations,AIARelevantFunction,70,"**AIARelevantFunction Score (70)**: The function `nvmap_handle_get_from_id` interacts with DMA buffers, which are crucial for memory management in AI Accelerator contexts. It uses `dma_buf_get` and...",[struct nvmap_handle_info; struct nvmap_handle; struct dma_buf],[dma_buf; nvmap_handle; nvmap_client; file descriptor]
36,nvmap_handle_get_from_id,dma_operations,AIARelevantFunction,70,"**AIARelevantFunction Score (70)**: The function `nvmap_handle_get_from_id` interacts with the `dma_buf` structure, which is crucial for managing shared memory between the CPU and AI accelerators. ...",[nvmap_handle_info; nvmap_handle; dma_buf],[dma_buf; nvmap_handle; nvmap_client]
37,nvmap_get_dmabuf_fd,dma_operations,AIARelevantFunction,70,"**AIARelevantFunction Score (70)**: The function `nvmap_get_dmabuf_fd` is involved in obtaining a file descriptor for a DMA buffer, which is relevant for sharing memory with an AI Accelerator (AIA)...",[struct dma_buf],[fd; dma_buf; size; flags]
38,gk20a_init_error_notifier,dma_operations,AIARelevantFunction,70,**AIARelevantFunction Score (70)**: The function `gk20a_init_error_notifier` interacts with a DMA buffer (`dma_buf`) which is relevant for memory management in the context of AI Accelerators. It re...,[struct nvgpu_set_error_notifier; struct nvgpu_notification],[args->mem; priv->error_notifier.notification; priv->error_notifier.vaddr]
39,nvgpu_os_channel_free_usermode_buffers,dma_operations,AIARelevantFunction,70,**AIARelevantFunction Score (70%)**: The function `nvgpu_os_channel_free_usermode_buffers` is involved in managing user-mode buffers associated with a GPU channel. It interacts with DMA buffers thr...,[nvgpu_usermode_buf_linux; gpfifo_desc],[dma_buf; usermode_userd; usermode_gpfifo]
40,user_copy:gk20a_ctrl_dev_ioctl,user_copy_operations,AIARelevantFunction,70,**AIARelevantFunction Score (70%)**: The function `gk20a_ctrl_dev_ioctl` interacts with various GPU operations that could involve shared memory management and communication with the AI Accelerator ...,[nvgpu_gpu_zcull_get_ctx_size_args; nvgpu_gpu_zcull_get_info_args; nvgpu_gpu_zbc_set_table_args; nvgpu_gpu_zbc_query_table_args; nvgpu_gpu_get_characteristics; nvgpu_gpu_prepare_compressible_read_args; nvgpu_gpu_mark_compressible_write_args; nvgpu_alloc_as_args; nvgpu_gpu_open_tsg_args; nvgpu_gpu_get_tpc_masks_args; nvgpu_gpu_get_fbp_l2_masks_args; nvgpu_channel_open_args; nvgpu_gpu_l2_fb_args; nvgpu_gpu_mmu_debug_mode_args; nvgpu_gpu_sm_debug_mode_args],[as_fd; va_range_start; va_range_end; va_range_split; gpu_characteristics_buf_addr; handle; offset; compbits_hoffset; compbits_voffset; zbc_color; l2_flush; l2_invalidate; fb_flush; state; sms]
41,user_copy:gk20a_as_ioctl_get_va_regions,user_copy_operations,AIARelevantFunction,70,"**AIARelevantFunction Score (70)**: The function `gk20a_as_ioctl_get_va_regions` is involved in managing virtual address regions for an AI accelerator. It interacts with the `vm_gk20a` structure, w...",[struct nvgpu_as_get_va_regions_args; struct nvgpu_as_va_region],[buf_addr; buf_size; offset; page_size; pages]
42,user_copy:nvmap_ioctl_create,user_copy_operations,AIARelevantFunction,70,"**AIARelevantFunction Score (70%)**: The function `nvmap_ioctl_create` is involved in creating a handle for shared memory, which is relevant for AI Accelerator integration. It interacts with DMA bu...",[nvmap_create_handle],[handle; handle64; fd; size; orig_size]
43,user_copy:nvmap_ioctl_create,user_copy_operations,AIARelevantFunction,70,**AIARelevantFunction (70%)**: The function `nvmap_ioctl_create` interacts with DMA buffers and handles that are crucial for memory management between the CPU and the AI Accelerator. It uses `dma_b...,[nvmap_create_handle],[handle; handle64; fd; size; orig_size]
44,user_copy:nvmap_ioctl_alloc,user_copy_operations,AIARelevantFunction,70,"**AIARelevantFunction (70%)**: The function `nvmap_ioctl_alloc` is involved in memory allocation for an AI Accelerator, as it interacts with the `nvmap_handle` structure, which is crucial for manag...",[nvmap_alloc_handle],[handle; size; align; heap_mask]
45,user_copy:nvmap_install_fd,user_copy_operations,AIARelevantFunction,70,"**AIARelevantFunction Score (70)**: The function `nvmap_install_fd` interacts with a `dma_buf`, which is a critical structure for managing shared memory between the CPU and an AI Accelerator (AIA)....",[nvmap_handle_info; dma_buf],[fd; dma_buf->file; dma_buf->size]
46,user_copy:nvmap_ioctl_create_from_va,user_copy_operations,AIARelevantFunction,70,"**AIARelevantFunction Score (70)**: The function `nvmap_ioctl_create_from_va` is involved in creating a handle from a virtual address, which is relevant for memory management in the context of an A...",[nvmap_create_handle_from_va],[handle; fd; va; size; flags]
47,user_copy:nvmap_ioctl_create_from_va,user_copy_operations,AIARelevantFunction,70,"**AIARelevantFunction (70%)**: The function `nvmap_ioctl_create_from_va` is involved in creating a handle from a virtual address, which is relevant for memory management in the context of an AI Acc...",[nvmap_create_handle_from_va],[handle; va; size; flags]
48,nvmap_ioctl,ioctl_operations,AIARelevantFunction,70,**AIARelevantFunction Score (70%)**: The `nvmap_ioctl` function is involved in handling various IOCTL commands that can relate to memory management and operations that may involve shared memory wit...,[nvmap_rw_handle; nvmap_cache_op; nvmap_cache_op_32; nvmap_cache_op_64; nvmap_rw_handle_32],[addr; handle; offset; elem_size; hmem_stride; user_stride; count; len]
49,nvgpu_as_ioctl_get_sync_ro_map,ioctl_operations,AIARelevantFunction,70,**AIARelevantFunction Score (70)**: The function `nvgpu_as_ioctl_get_sync_ro_map` interacts with the GPU's synchronization points and retrieves a mapping of read-only memory for synchronization. It...,[nvgpu_as_get_sync_ro_map_args],[base_gpuva; sync_size; num_syncpoints]
50,gk20a_as_ioctl_get_va_regions,ioctl_operations,AIARelevantFunction,70,"**AIARelevantFunction Score (70%)**: The function `gk20a_as_ioctl_get_va_regions` interacts with the GPU's virtual address regions, which is relevant for memory management in the context of an AI A...",[struct nvgpu_as_get_va_regions_args; struct nvgpu_as_va_region],[buf_addr; buf_size; offset; page_size; pages]
51,gk20a_as_ioctl_alloc_space,ioctl_operations,AIARelevantFunction,70,"**AIARelevantFunction Score (70%)**: The function `gk20a_as_ioctl_alloc_space` is involved in allocating space for shared memory, which is relevant for AI Accelerator integration. It utilizes the `...",[nvgpu_as_alloc_space_args],[pages; page_size; flags; o_a]
52,nvmap_ioctl_create,ioctl_operations,AIARelevantFunction,70,**AIARelevantFunction Score (70)**: The function `nvmap_ioctl_create` is involved in creating a handle for a shared memory buffer that can be used by an AI Accelerator (AIA). It interacts with DMA ...,[nvmap_create_handle],[handle; handle64; fd; size; orig_size; vaddr; dma_buf]
53,nvmap_ioctl_alloc,ioctl_operations,AIARelevantFunction,70,"**AIARelevantFunction Score (70)**: The function `nvmap_ioctl_alloc` is involved in memory allocation for an AI Accelerator, as it handles the allocation of memory buffers that can be shared with t...",[nvmap_alloc_handle],[handle; heap_mask; flags; align; size; orig_size; vaddr]
54,gk20a_as_ioctl_map_buffer_ex,ioctl_operations,AIARelevantFunction,70,**AIARelevantFunction Score (70)**: The function `gk20a_as_ioctl_map_buffer_ex` is involved in mapping a buffer for an AI Accelerator (AIA) by utilizing the `nvgpu_vm_map_buffer` function. This fun...,[nvgpu_as_map_buffer_ex_args],[dmabuf_fd; offset; mapping_size; buffer_offset]
55,gk20a_tsg_ioctl_bind_channel_ex,ioctl_operations,AIARelevantFunction,70,**AIARelevantFunction Score (70)**: The function `gk20a_tsg_ioctl_bind_channel_ex` interacts with the AI Accelerator (AIA) by binding a channel to a task stream group (TSG). It uses the `channel_fd...,[nvgpu_tsg_bind_channel_ex_args],[channel_fd; subcontext_id]
56,user_copy:gk20a_ctrl_dev_ioctl,user_copy_operations,AIARelevantFunction,60,**AIARelevantFunction Score (60%)**: The function `gk20a_ctrl_dev_ioctl` interacts with various GPU operations and handles commands that may involve memory management and data transfer between the ...,[nvgpu_gpu_zcull_get_ctx_size_args; nvgpu_gpu_zcull_get_info_args; nvgpu_gpu_zbc_set_table_args; nvgpu_gpu_zbc_query_table_args; nvgpu_gpu_get_characteristics; nvgpu_gpu_prepare_compressible_read_args; nvgpu_gpu_mark_compressible_write_args; nvgpu_alloc_as_args; nvgpu_gpu_open_tsg_args; nvgpu_gpu_get_tpc_masks_args; nvgpu_gpu_get_fbp_l2_masks_args; nvgpu_channel_open_args; nvgpu_gpu_l2_fb_args; nvgpu_gpu_mmu_debug_mode_args; nvgpu_gpu_sm_debug_mode_args],[as_fd; va_range_start; va_range_end; va_range_split; gpu_characteristics_buf_addr; handle; offset; zbc_color; mask_buf_addr]
57,drivers/gpu/nvgpu/os/linux/linux-dma.c:nvgpu_dma_free_sys,functions_by_file,AIARelevantFunction,30,**AIARelevantFunction Score (30)**: The function `nvgpu_dma_free_sys` primarily deals with freeing DMA memory allocated for the GPU. While it does not directly interact with an AI Accelerator (AIA)...,[nvgpu_mem; sg_table],[gpu_va; cpu_va; aligned_size; size; dma_address]
58,nvgpu_dma_free_sys,dma_operations,AIARelevantFunction,20,**AIARelevantFunction Score (20)**: The function `nvgpu_dma_free_sys` is primarily focused on freeing DMA memory associated with the `nvgpu_mem` structure. While it does interact with memory manage...,None,None
59,drivers/gpu/nvgpu/os/linux/linux-dma.c:nvgpu_iommuable,functions_by_file,AIARelevantFunction,0,**AIARelevantFunction Score (0%)**: The function `nvgpu_iommuable` does not perform any operations related to shared memory management or direct interaction with an AI Accelerator (AIA). It checks ...,None,None
60,drivers/gpu/nvgpu/os/linux/linux-dma.c:nvgpu_dma_free_no_iommu,functions_by_file,AIARelevantFunction,0,**AIARelevantFunction Score (0%)**: The function `nvgpu_dma_free_no_iommu` is primarily focused on freeing DMA memory that has been allocated without IOMMU support. It does not involve any operatio...,None,None
61,drivers/gpu/nvgpu/os/linux/linux-dma.c:nvgpu_free_sgtable,functions_by_file,AIARelevantFunction,0,**AIARelevantFunction Score (0%)**: The function `nvgpu_free_sgtable` does not involve any operations related to sharing memory with an AI Accelerator (AIA). It primarily focuses on freeing a scatt...,None,None
62,drivers/gpu/nvgpu/os/linux/linux-dma.c:nvgpu_dma_flags_to_attrs,functions_by_file,AIARelevantFunction,0,**AIARelevantFunction Score (0%)**: The function `nvgpu_dma_flags_to_attrs` does not involve any operations related to sharing memory with an AI Accelerator (AIA). It primarily translates DMA flags...,None,None
63,drivers/gpu/nvgpu/os/linux/platform_gk20a_tegra.c:gk20a_tegra_idle,functions_by_file,AIARelevantFunction,0,**AIARelevantFunction Score (0%)**: The function `gk20a_tegra_idle` does not involve any operations related to shared memory management or interactions with an AI Accelerator (AIA). It primarily ha...,None,None
64,drivers/gpu/nvgpu/os/linux/platform_gk20a_tegra.c:gk20a_tegra_busy,functions_by_file,AIARelevantFunction,0,**AIARelevantFunction Score (0%)**: The function `gk20a_tegra_busy` does not interact with shared memory or perform any operations that would typically be associated with AI Accelerator integration...,None,None
65,drivers/video/tegra/nvmap/nvmap_dmabuf.c:dmabuf_is_nvmap,functions_by_file,AIARelevantFunction,0,**AIARelevantFunction Score (0)**: The function `dmabuf_is_nvmap` does not involve any operations related to shared memory (SMem) with an AI Accelerator (AIA). It simply checks if the `exp_name` fi...,None,None
66,drivers/video/tegra/nvmap/nvmap_dmabuf.c:nvmap_dmabuf_attach,functions_by_file,AIARelevantFunction,0,**AIARelevantFunction Score (0%)**: The function `nvmap_dmabuf_attach` does not directly involve any operations related to sharing memory with an AI Accelerator (AIA). It simply calls another funct...,None,None
67,drivers/video/tegra/nvmap/nvmap_dmabuf.c:nvmap_dmabuf_mmap,functions_by_file,AIARelevantFunction,0,**AIARelevantFunction Score (0%)**: The function `nvmap_dmabuf_mmap` does not directly involve any operations related to sharing memory with an AI Accelerator (AIA). It primarily deals with mapping...,None,None
68,drivers/video/tegra/nvmap/nvmap_dmabuf.c:nvmap_dmabuf_vmap,functions_by_file,AIARelevantFunction,0,**AIARelevantFunction Score (0)**: The function `nvmap_dmabuf_vmap` does not involve any operations related to sharing memory with an AI Accelerator (AIA). It primarily deals with virtual memory ma...,None,None
69,drivers/video/tegra/nvmap/nvmap_dmabuf.c:_nvmap_dmabuf_unmap_dma_buf,functions_by_file,AIARelevantFunction,0,"**AIARelevantFunction Score (0%)**: The function `_nvmap_dmabuf_unmap_dma_buf` does not directly involve sharing memory with an AI Accelerator (AIA). Instead, it focuses on unmapping a DMA buffer f...",None,None
70,drivers/video/tegra/nvmap/nvmap_dmabuf.c:nvmap_dmabuf_get_drv_data,functions_by_file,AIARelevantFunction,0,**AIARelevantFunction Score (0%)**: The function `nvmap_dmabuf_get_drv_data` does not interact with an AI Accelerator (AIA) or shared memory management relevant to AIA operations. It primarily retr...,None,None
71,drivers/video/tegra/nvmap/nvmap_dmabuf.c:nvmap_dmabuf_detach,functions_by_file,AIARelevantFunction,0,**AIARelevantFunction Score (0)**: The function `nvmap_dmabuf_detach` does not involve any operations related to sharing memory with an AI Accelerator (AIA). It primarily deals with detaching a DMA...,None,None
72,drivers/video/tegra/nvmap/nvmap_dmabuf.c:nvmap_dmabuf_release,functions_by_file,AIARelevantFunction,0,**AIARelevantFunction Score (0)**: The function `nvmap_dmabuf_release` does not involve any operations that directly relate to sharing memory with an AI Accelerator (AIA). It primarily handles the ...,None,None
73,drivers/video/tegra/nvmap/nvmap_dmabuf.c:nvmap_dmabuf_vunmap,functions_by_file,AIARelevantFunction,0,**AIARelevantFunction Score (0%)**: The function `nvmap_dmabuf_vunmap` does not involve any operations that directly relate to sharing memory with an AI Accelerator (AIA). It primarily deals with u...,None,None
74,drivers/video/tegra/nvmap/nvmap_alloc.c:nvmap_alloc_handle,functions_by_file,AIARelevantFunction,0,**AIARelevantFunction Score (0)**: The function `nvmap_alloc_handle` does not directly involve sharing memory with an AI Accelerator (AIA). It primarily focuses on allocating memory handles for cli...,None,None
75,drivers/video/tegra/nvmap/nvmap_alloc.c:alloc_handle,functions_by_file,AIARelevantFunction,0,**AIARelevantFunction Score (0%)**: The function `alloc_handle` does not involve any operations that directly relate to sharing memory with an AI Accelerator (AIA). It primarily focuses on allocati...,None,None
76,drivers/video/tegra/nvmap/nvmap_alloc.c:nvmap_altalloc,functions_by_file,AIARelevantFunction,0,**AIARelevantFunction Score (0)**: The function `nvmap_altalloc` does not interact with any AI Accelerator (AIA) relevant functions or patterns. It simply allocates memory using either `vzalloc` or...,None,None
77,drivers/video/tegra/nvmap/nvmap_alloc.c:nvmap_alloc_pages_exact,functions_by_file,AIARelevantFunction,0,"**AIARelevantFunction Score (0)**: The function `nvmap_alloc_pages_exact` is primarily focused on memory allocation using the `alloc_pages` function, which is part of the Linux kernel's memory mana...",None,None
78,drivers/video/tegra/nvmap/nvmap_alloc.c:is_nvmap_id_ro,functions_by_file,AIARelevantFunction,0,**AIARelevantFunction Score (0%)**: The function `is_nvmap_id_ro` does not interact with an AI Accelerator (AIA) or shared memory (SMem) management. It primarily deals with checking if a DMA buffer...,None,None
79,drivers/video/tegra/nvmap/nvmap_alloc.c:nvmap_altfree,functions_by_file,AIARelevantFunction,0,**AIARelevantFunction Score (0)**: The function `nvmap_altfree` does not interact with any AI Accelerator (AIA) relevant operations. It is primarily concerned with freeing memory based on the size ...,None,None
80,drivers/video/tegra/nvmap/nvmap_alloc.c:nvmap_alloc_handle_from_va,functions_by_file,AIARelevantFunction,0,**AIARelevantFunction Score (0)**: The function `nvmap_alloc_handle_from_va` does not directly interact with an AI Accelerator (AIA) or shared memory management that would typically involve DMA ope...,None,None
81,drivers/video/tegra/nvmap/nvmap_alloc.c:nvmap_free_handle_from_fd,functions_by_file,AIARelevantFunction,0,**AIARelevantFunction Score (0%)**: The function `nvmap_free_handle_from_fd` does not involve any operations related to sharing memory with an AI Accelerator (AIA). It primarily deals with freeing ...,None,None
82,drivers/video/tegra/nvmap/nvmap_alloc.c:nvmap_free_handle,functions_by_file,AIARelevantFunction,0,**AIARelevantFunction Score (0%)**: The function `nvmap_free_handle` does not interact with an AI Accelerator (AIA) or shared memory management that is typical for AIA integration. It primarily dea...,None,None
83,drivers/video/tegra/nvmap/nvmap_alloc.c:_nvmap_handle_free,functions_by_file,AIARelevantFunction,0,**AIARelevantFunction Score (0%)**: The function `_nvmap_handle_free` does not involve any operations related to sharing memory with an AI Accelerator (AIA). It primarily focuses on freeing resourc...,None,None
84,drivers/video/tegra/nvmap/nvmap_alloc.c:nvmap_heap_pgfree,functions_by_file,AIARelevantFunction,0,**AIARelevantFunction Score (0%)**: The function `nvmap_heap_pgfree` does not involve any operations related to sharing memory with an AI Accelerator (AIA). It primarily deals with freeing memory p...,None,None
85,drivers/video/tegra/nvmap/nvmap_alloc.c:nvmap_heap_pgalloc_dev,functions_by_file,AIARelevantFunction,0,**AIARelevantFunction Score (0%)**: The function `nvmap_heap_pgalloc_dev` does not involve any operations related to shared memory (SMem) with an AI Accelerator (AIA). It primarily focuses on alloc...,None,None
86,is_nvmap_id_ro,dma_operations,AIARelevantFunction,0,**AIARelevantFunction Score (0%)**: The function `is_nvmap_id_ro` does not interact with an AI Accelerator (AIA) or shared memory management relevant to AIA operations. It primarily checks if a giv...,None,None
87,nvmap_ioctl_getfd,dma_operations,AIARelevantFunction,0,**AIARelevantFunction Score (0%)**: The function `nvmap_ioctl_getfd` does not directly involve sharing memory with an AI Accelerator (AIA). It primarily deals with obtaining a file descriptor for a...,[nvmap_create_handle],[fd; handle]
88,gk20a_init_error_notifier,dma_operations,AIARelevantFunction,0,**AIARelevantFunction Score (0)**: The function `gk20a_init_error_notifier` does not directly interact with an AI Accelerator (AIA) or manage shared memory in a way that would typically be associat...,[nvgpu_set_error_notifier; nvgpu_notification],[mem (memory handle); offset; size]
89,gk20a_channel_free_error_notifiers,dma_operations,AIARelevantFunction,0,**AIARelevantFunction Score (0%)**: The function `gk20a_channel_free_error_notifiers` does not interact with shared memory or AI Accelerator (AIA) functionalities. It primarily deals with freeing D...,None,None
90,gk20a_init_error_notifier,dma_operations,AIARelevantFunction,0,**AIARelevantFunction Score (0)**: The function `gk20a_init_error_notifier` does not directly involve sharing memory with an AI Accelerator (AIA). It primarily deals with initializing an error noti...,[nvgpu_set_error_notifier; nvgpu_notification],[mem (memory handle); offset; size]
91,nvgpu_mm_unpin,dma_operations,AIARelevantFunction,0,**AIARelevantFunction Score (0%)**: The function `nvgpu_mm_unpin` does not involve any operations that directly relate to sharing memory with an AI Accelerator (AIA). It primarily deals with unmapp...,None,None
92,nvgpu_mm_unpin,dma_operations,AIARelevantFunction,0,**AIARelevantFunction Score (0%)**: The function `nvgpu_mm_unpin` does not involve any operations that directly relate to sharing memory with an AI Accelerator (AIA). It primarily deals with unpinn...,None,None
93,nvgpu_vm_unmap_system,dma_operations,AIARelevantFunction,0,**AIARelevantFunction Score (0%)**: The function `nvgpu_vm_unmap_system` does not perform any operations that directly relate to sharing memory with an AI Accelerator (AIA). It primarily deals with...,None,None
94,nvmap_free_handle,dma_operations,AIARelevantFunction,0,**AIARelevantFunction Score (0%)**: The function `nvmap_free_handle` does not involve any operations that directly relate to sharing memory with an AI Accelerator (AIA). It primarily focuses on fre...,None,None
95,nvmap_free_handle,dma_operations,AIARelevantFunction,0,**AIARelevantFunction Score (0%)**: The function `nvmap_free_handle` does not interact with an AI Accelerator (AIA) or shared memory management relevant to AIA operations. It primarily deals with f...,None,None
96,nvmap_ioctl_free,dma_operations,AIARelevantFunction,0,**AIARelevantFunction (0%)**: The function `nvmap_ioctl_free` does not directly involve sharing memory with an AI Accelerator (AIA). It primarily deals with freeing a DMA buffer associated with a c...,[None identified],[None identified]
97,nvmap_ioctl_free,dma_operations,AIARelevantFunction,0,**AIARelevantFunction (0%)**: The function `nvmap_ioctl_free` does not directly involve sharing memory with an AI Accelerator (AIA). It primarily deals with freeing a DMA buffer associated with a c...,[None identified],[None identified]
98,destroy_client,dma_operations,AIARelevantFunction,0,**AIARelevantFunction Score (0%)**: The function `destroy_client` does not interact with any AI Accelerator (AIA) relevant functions or memory management patterns that would typically involve share...,None,None
99,destroy_client,dma_operations,AIARelevantFunction,0,**AIARelevantFunction Score (0%)**: The function `destroy_client` does not involve any operations related to shared memory (SMem) with an AI Accelerator (AIA). It primarily focuses on cleaning up a...,None,None
100,nvgpu_os_channel_free_usermode_buffers,dma_operations,AIARelevantFunction,0,"**AIARelevantFunction Score (0%)**: The function `nvgpu_os_channel_free_usermode_buffers` does not directly involve sharing memory with an AI Accelerator (AIA). Instead, it focuses on freeing user-...",[struct nvgpu_usermode_bufs_linux; struct gpfifo_desc],[dma_buf; userd_iova; userd_mem]
101,user_copy:nvgpu_channel_copy_user_gpfifo,user_copy_operations,AIARelevantFunction,0,**AIARelevantFunction Score (0)**: The function `nvgpu_channel_copy_user_gpfifo` does not directly involve sharing memory with an AI Accelerator (AIA). It primarily focuses on copying data from use...,[struct nvgpu_gpfifo_userdata],[entries]
102,user_copy:nvmap_ioctl_get_available_heaps,user_copy_operations,AIARelevantFunction,0,**AIARelevantFunction Score (0)**: The function `nvmap_ioctl_get_available_heaps` does not directly involve sharing memory with an AI Accelerator (AIA). It primarily retrieves available heap inform...,[struct nvmap_available_heaps],[None identified]
103,user_copy:gk20a_power_write,user_copy_operations,AIARelevantFunction,0,**AIARelevantFunction Score (0)**: The function `gk20a_power_write` does not involve any operations related to sharing memory with an AI Accelerator (AIA). It primarily handles power management for...,[None identified],[None identified]
104,user_copy:gk20a_ctrl_ioctl_gpu_characteristics,user_copy_operations,AIARelevantFunction,0,**AIARelevantFunction Score (0)**: The function `gk20a_ctrl_ioctl_gpu_characteristics` does not directly interact with an AI Accelerator (AIA) or manage shared memory for an AIA. It primarily retri...,[struct nvgpu_gpu_get_characteristics; struct nvgpu_gpu_characteristics],[gpu_characteristics_buf_addr; gpu_instance_id; gr_instance_id]
105,user_copy:gk20a_ctrl_get_tpc_masks,user_copy_operations,AIARelevantFunction,0,**AIARelevantFunction Score (0)**: The function `gk20a_ctrl_get_tpc_masks` does not directly involve sharing memory with an AI Accelerator (AIA). It primarily retrieves TPC (Texture Processing Clus...,[struct nvgpu_gpu_get_tpc_masks_args],[mask_buf_addr]
106,user_copy:gk20a_ctrl_get_fbp_l2_masks,user_copy_operations,AIARelevantFunction,0,**AIARelevantFunction Score (0%)**: The function `gk20a_ctrl_get_fbp_l2_masks` does not interact with an AI Accelerator (AIA) or manage shared memory between the CPU and AIA. It primarily retrieves...,[struct nvgpu_gpu_get_fbp_l2_masks_args],[mask_buf_addr]
107,user_copy:gk20a_ctrl_vsm_mapping,user_copy_operations,AIARelevantFunction,0,**AIARelevantFunction Score (0)**: The function `gk20a_ctrl_vsm_mapping` does not directly involve sharing memory with an AI Accelerator (AIA). It primarily focuses on configuring and mapping virtu...,[struct nvgpu_gpu_vsms_mapping; struct nvgpu_gpu_vsms_mapping_entry],[vsms_map_buf_addr]
108,user_copy:nvgpu_gpu_get_engine_info,user_copy_operations,AIARelevantFunction,0,"**AIARelevantFunction Score (0)**: The function `nvgpu_gpu_get_engine_info` does not interact with an AI Accelerator (AIA) or perform any operations related to shared memory management, DMA, or mem...",[struct nvgpu_gpu_get_engine_info_args; struct nvgpu_gpu_get_engine_info_item],[engine_info_buf_addr; engine_info_buf_size]
109,user_copy:nvgpu_gpu_clk_get_range,user_copy_operations,AIARelevantFunction,0,**AIARelevantFunction Score (0%)**: The function `nvgpu_gpu_clk_get_range` does not interact with an AI Accelerator (AIA) or manage shared memory between the CPU and AIA. It primarily deals with GP...,[struct nvgpu_gpu_clk_range_args; struct nvgpu_gpu_clk_range],[clk_range_entries; min_hz; max_hz]
110,user_copy:nvmap_ioctl_query_heap_params,user_copy_operations,AIARelevantFunction,0,**AIARelevantFunction Score (0)**: The function `nvmap_ioctl_query_heap_params` does not directly involve sharing memory with an AI Accelerator (AIA). It primarily queries heap parameters and does ...,[nvmap_query_heap_params],[heap_mask; total; free; largest_free_block]
111,user_copy:nvmap_ioctl_query_heap_params,user_copy_operations,AIARelevantFunction,0,**AIARelevantFunction Score (0)**: The function `nvmap_ioctl_query_heap_params` does not directly interact with an AI Accelerator (AIA) or manage shared memory (SMem) in a way that is typical for A...,[nvmap_query_heap_params],[heap_mask; total; free; largest_free_block]
112,user_copy:nvgpu_gpu_clk_get_info,user_copy_operations,AIARelevantFunction,0,**AIARelevantFunction Score (0)**: The function `nvgpu_gpu_clk_get_info` does not directly involve sharing memory with an AI Accelerator (AIA). It primarily deals with retrieving clock information ...,[struct nvgpu_gpu_clk_get_info_args; struct nvgpu_gpu_clk_info],[clk_info_entries; clk_domain; freq_hz]
113,user_copy:nvgpu_gpu_clk_get_info,user_copy_operations,AIARelevantFunction,0,"**AIARelevantFunction Score (0)**: The function `nvgpu_gpu_clk_get_info` does not directly interact with an AI Accelerator (AIA) or manage shared memory between the CPU and AIA. Instead, it focuses...",[struct nvgpu_gpu_clk_get_info_args; struct nvgpu_gpu_clk_info],[clk_info_entries; clk_domain; freq_hz]
114,user_copy:nvmap_ioctl_getfd,user_copy_operations,AIARelevantFunction,0,**AIARelevantFunction Score (0)**: The function `nvmap_ioctl_getfd` does not directly involve sharing memory with an AI Accelerator (AIA). It primarily deals with obtaining a file descriptor for a ...,[nvmap_create_handle],[fd; handle]
115,user_copy:nvgpu_ioctl_tsg_dev_ioctl,user_copy_operations,AIARelevantFunction,0,**AIARelevantFunction Score (0)**: The function `nvgpu_ioctl_tsg_dev_ioctl` does not directly interact with an AI Accelerator (AIA) or manage shared memory (SMem) in a way that would qualify it as ...,[nvgpu_tsg_bind_channel_ex_args; nvgpu_event_id_ctrl_args; nvgpu_runlist_interleave_args; nvgpu_timeslice_args; nvgpu_tsg_read_single_sm_error_state_args; nvgpu_tsg_l2_max_ways_evict_last_args; nvgpu_tsg_set_l2_sector_promotion_args],[channel_fd; event_fd; sm_id; record_mem; record_size; max_ways; promotion_flag]
116,user_copy:nvgpu_ioctl_tsg_dev_ioctl,user_copy_operations,AIARelevantFunction,0,**AIARelevantFunction Score (0)**: The function `nvgpu_ioctl_tsg_dev_ioctl` does not directly involve sharing memory with an AI Accelerator (AIA). It primarily handles IOCTL commands related to the...,[nvgpu_tsg_bind_channel_ex_args; nvgpu_tsg_bind_scheduling_domain_args; nvgpu_event_id_ctrl_args; nvgpu_runlist_interleave_args; nvgpu_timeslice_args; nvgpu_tsg_read_single_sm_error_state_args; nvgpu_tsg_l2_max_ways_evict_last_args; nvgpu_tsg_set_l2_sector_promotion_args],[channel_fd; domain_fd; event_fd; sm_id; record_mem; record_size; max_ways; promotion_flag]
117,gk20a_dbg_gpu_dev_release,ioctl_operations,AIARelevantFunction,0,**AIARelevantFunction Score (0%)**: The function `gk20a_dbg_gpu_dev_release` does not involve any operations related to sharing memory with an AI Accelerator (AIA). It primarily handles the release...,None,None
118,gk20a_ctrl_dev_release,ioctl_operations,AIARelevantFunction,0,**AIARelevantFunction (0%)**: The function `gk20a_ctrl_dev_release` does not interact with shared memory or perform any operations related to an AI Accelerator (AIA). It primarily handles the relea...,None,None
119,nvmap_open,ioctl_operations,AIARelevantFunction,0,**AIARelevantFunction Score (0)**: The `nvmap_open` function does not interact with any AI Accelerator (AIA) relevant functions or memory management patterns that would typically involve shared mem...,None,None
120,nvmap_ioctl_get_available_heaps,ioctl_operations,AIARelevantFunction,0,**AIARelevantFunction Score (0)**: The function `nvmap_ioctl_get_available_heaps` does not directly involve sharing memory with an AI Accelerator (AIA). It primarily retrieves available heap inform...,[struct nvmap_available_heaps],[None identified]
121,gk20a_power_open,ioctl_operations,AIARelevantFunction,0,**AIARelevantFunction Score (0%)**: The function `gk20a_power_open` does not involve any operations related to shared memory (SMem) with an AI Accelerator (AIA). It primarily handles the opening of...,None,None
122,gk20a_power_release,ioctl_operations,AIARelevantFunction,0,**AIARelevantFunction Score (0%)**: The function `gk20a_power_release` does not involve any operations related to shared memory management or interaction with an AI Accelerator (AIA). It primarily ...,None,None
123,gk20a_ctrl_dev_open,ioctl_operations,AIARelevantFunction,0,**AIARelevantFunction**: The function `gk20a_ctrl_dev_open` does not involve any operations that directly relate to sharing memory with an AI Accelerator (AIA). It primarily handles device opening ...,None,None
124,gk20a_ctrl_ioctl_gpu_characteristics,ioctl_operations,AIARelevantFunction,0,**AIARelevantFunction Score (0)**: The function `gk20a_ctrl_ioctl_gpu_characteristics` does not directly involve sharing memory with an AI Accelerator (AIA). It primarily retrieves GPU characterist...,[struct nvgpu_gpu_get_characteristics],[gpu_characteristics_buf_addr; gpu_characteristics_buf_size]
125,nvgpu_ctrl_ioctl_gpu_characteristics_flags,ioctl_operations,AIARelevantFunction,0,**AIARelevantFunction Score (0%)**: The function `nvgpu_ctrl_ioctl_gpu_characteristics_flags` does not interact with shared memory or AI Accelerator (AIA) specific functionalities. It primarily che...,None,None
126,nvgpu_get_ioctl_graphics_preempt_mode_flags,ioctl_operations,AIARelevantFunction,0,**AIARelevantFunction Score (0)**: The function `nvgpu_get_ioctl_graphics_preempt_mode_flags` does not involve any operations related to shared memory (SMem) with an AI Accelerator (AIA). It simply...,None,None
127,nvgpu_get_ioctl_compute_preempt_mode_flags,ioctl_operations,AIARelevantFunction,0,**AIARelevantFunction Score (0%)**: The function `nvgpu_get_ioctl_compute_preempt_mode_flags` does not involve any operations related to shared memory (SMem) with an AI Accelerator (AIA). It simply...,None,None
128,nvgpu_get_ioctl_graphics_preempt_mode,ioctl_operations,AIARelevantFunction,0,**AIARelevantFunction Score (0)**: The function `nvgpu_get_ioctl_graphics_preempt_mode` does not involve any operations related to shared memory (SMem) with an AI Accelerator (AIA). It simply retur...,None,None
129,nvgpu_get_ioctl_compute_preempt_mode,ioctl_operations,AIARelevantFunction,0,**AIARelevantFunction Score (0%)**: The function `nvgpu_get_ioctl_compute_preempt_mode` does not involve any operations related to shared memory (SMem) with an AI Accelerator (AIA). It simply trans...,None,None
130,nvmap_ioctl_query_heap_params,ioctl_operations,AIARelevantFunction,0,**AIARelevantFunction Score (0)**: The function `nvmap_ioctl_query_heap_params` does not directly interact with an AI Accelerator (AIA) or manage shared memory in a way that is typical for AIA inte...,[nvmap_query_heap_params],[heap_mask; total; free; largest_free_block]
131,nvmap_ioctl_getfd,ioctl_operations,AIARelevantFunction,0,**AIARelevantFunction Score (0)**: The function `nvmap_ioctl_getfd` does not directly involve sharing memory with an AI Accelerator (AIA). It primarily deals with obtaining a file descriptor (fd) f...,[nvmap_create_handle],[fd; handle]
132,nvgpu_ioctl_tsg_open,ioctl_operations,AIARelevantFunction,0,**AIARelevantFunction Score (0%)**: The function `nvgpu_ioctl_tsg_open` does not involve any operations related to shared memory (SMem) with an AI Accelerator (AIA). It primarily focuses on opening...,None,None
133,nvgpu_ioctl_channel_get_user_syncpoint,ioctl_operations,AIARelevantFunction,0,**AIARelevantFunction Score (0%)**: The function `nvgpu_ioctl_channel_get_user_syncpoint` does not directly involve sharing memory with an AI Accelerator (AIA). It primarily deals with user synchro...,[nvgpu_get_user_syncpoint_args],[syncpoint_id; gpu_va]
134,nvgpu_ioctl_channel_alloc_obj_ctx,ioctl_operations,AIARelevantFunction,0,**AIARelevantFunction Score (0%)**: The function `nvgpu_ioctl_channel_alloc_obj_ctx` does not directly involve any operations related to sharing memory with an AI Accelerator (AIA). It primarily ca...,None,None
135,gk20a_channel_open_ioctl,ioctl_operations,AIARelevantFunction,0,**AIARelevantFunction Score (0%)**: The function `gk20a_channel_open_ioctl` does not directly involve any operations related to sharing memory with an AI Accelerator (AIA). It primarily handles the...,None,None
136,gk20a_as_ioctl_bind_channel,ioctl_operations,AIARelevantFunction,0,**AIARelevantFunction Score (0)**: The function `gk20a_as_ioctl_bind_channel` does not involve any operations related to sharing memory with an AI Accelerator (AIA). It primarily focuses on binding...,None,None
137,nvgpu_ioctl_tsg_dev_ioctl,ioctl_operations,AIARelevantFunction,0,**AIARelevantFunction Score (0)**: The function `nvgpu_ioctl_tsg_dev_ioctl` does not directly involve sharing memory with an AI Accelerator (AIA). It primarily handles IOCTL commands related to GPU...,[nvgpu_tsg_bind_channel_ex_args; nvgpu_event_id_ctrl_args; nvgpu_runlist_interleave_args; nvgpu_timeslice_args; nvgpu_tsg_read_single_sm_error_state_args; nvgpu_tsg_l2_max_ways_evict_last_args; nvgpu_tsg_set_l2_sector_promotion_args],[channel_fd; event_fd; record_mem; record_size; max_ways; promotion_flag]
138,nvgpu_gpu_ioctl_set_l2_max_ways_evict_last,ioctl_operations,AIARelevantFunction,0,**AIARelevantFunction Score (0)**: The function `nvgpu_gpu_ioctl_set_l2_max_ways_evict_last` does not involve any operations related to shared memory management or direct interactions with an AI Ac...,None,None
139,gk20a_as_ioctl_unmap_buffer,ioctl_operations,AIARelevantFunction,0,**AIARelevantFunction Score (0)**: The function `gk20a_as_ioctl_unmap_buffer` does not interact with an AI Accelerator (AIA) or shared memory management that would typically involve pinning user pa...,None,None
140,nvmap_ioctl_free,ioctl_operations,AIARelevantFunction,0,**AIARelevantFunction Score (0)**: The function `nvmap_ioctl_free` does not interact with an AI Accelerator (AIA) or shared memory management relevant to AIA operations. It primarily deals with fre...,None,None
141,nvmap_release,ioctl_operations,AIARelevantFunction,0,**AIARelevantFunction Score (0%)**: The `nvmap_release` function does not involve any operations related to shared memory management or interactions with an AI Accelerator (AIA). It primarily handl...,None,None
142,gk20a_event_id_release,ioctl_operations,AIARelevantFunction,0,**AIARelevantFunction Score**: The function `gk20a_event_id_release` does not interact with shared memory or AI Accelerator (AIA) specific memory management functions. It primarily deals with relea...,None,None
143,gk20a_channel_release,ioctl_operations,AIARelevantFunction,0,**AIARelevantFunction Score (0%)**: The function `gk20a_channel_release` does not involve any operations related to sharing memory with an AI Accelerator (AIA). It primarily focuses on releasing a ...,None,None
144,nvgpu_ioctl_tsg_dev_release,ioctl_operations,AIARelevantFunction,0,**AIARelevantFunction Score (0%)**: The function `nvgpu_ioctl_tsg_dev_release` does not involve any operations related to shared memory (SMem) with an AI Accelerator (AIA). It primarily handles the...,None,None
145,nvgpu_ioctl_tsg_release,ioctl_operations,AIARelevantFunction,0,**AIARelevantFunction Score (0%)**: The function `nvgpu_ioctl_tsg_release` does not involve any operations related to sharing memory with an AI Accelerator (AIA). It primarily deals with releasing ...,None,None
146,gk20a_as_dev_release,ioctl_operations,AIARelevantFunction,0,**AIARelevantFunction Score (0)**: The function `gk20a_as_dev_release` does not interact with any AI Accelerator (AIA) relevant functions or memory management patterns that would typically involve ...,None,None
1,user_copy:nvmap_ioctl_get_available_heaps,user_copy_operations,Relevant_KD_Entry_Point,100,**AIARelevantFunction Score (0)**: The function `nvmap_ioctl_get_available_heaps` does not directly involve sharing memory with an AI Accelerator (AIA). It primarily retrieves available heap inform...,[struct nvmap_available_heaps],[None identified]
2,user_copy:gk20a_ctrl_ioctl_gpu_characteristics,user_copy_operations,Relevant_KD_Entry_Point,100,**AIARelevantFunction Score (0)**: The function `gk20a_ctrl_ioctl_gpu_characteristics` does not directly interact with an AI Accelerator (AIA) or manage shared memory for an AIA. It primarily retri...,[struct nvgpu_gpu_get_characteristics; struct nvgpu_gpu_characteristics],[gpu_characteristics_buf_addr; gpu_instance_id; gr_instance_id]
3,user_copy:nvmap_ioctl_query_heap_params,user_copy_operations,Relevant_KD_Entry_Point,100,**AIARelevantFunction Score (0)**: The function `nvmap_ioctl_query_heap_params` does not directly involve sharing memory with an AI Accelerator (AIA). It primarily queries heap parameters and does ...,[nvmap_query_heap_params],[heap_mask; total; free; largest_free_block]
4,user_copy:nvmap_ioctl_query_heap_params,user_copy_operations,Relevant_KD_Entry_Point,100,**AIARelevantFunction Score (0)**: The function `nvmap_ioctl_query_heap_params` does not directly interact with an AI Accelerator (AIA) or manage shared memory (SMem) in a way that is typical for A...,[nvmap_query_heap_params],[heap_mask; total; free; largest_free_block]
5,user_copy:nvmap_ioctl_getfd,user_copy_operations,Relevant_KD_Entry_Point,100,**AIARelevantFunction Score (0)**: The function `nvmap_ioctl_getfd` does not directly involve sharing memory with an AI Accelerator (AIA). It primarily deals with obtaining a file descriptor for a ...,[nvmap_create_handle],[fd; handle]
6,user_copy:nvgpu_ioctl_tsg_dev_ioctl,user_copy_operations,Relevant_KD_Entry_Point,100,**AIARelevantFunction Score (0)**: The function `nvgpu_ioctl_tsg_dev_ioctl` does not directly interact with an AI Accelerator (AIA) or manage shared memory (SMem) in a way that would qualify it as ...,[nvgpu_tsg_bind_channel_ex_args; nvgpu_event_id_ctrl_args; nvgpu_runlist_interleave_args; nvgpu_timeslice_args; nvgpu_tsg_read_single_sm_error_state_args; nvgpu_tsg_l2_max_ways_evict_last_args; nvgpu_tsg_set_l2_sector_promotion_args],[channel_fd; event_fd; sm_id; record_mem; record_size; max_ways; promotion_flag]
7,user_copy:nvgpu_ioctl_tsg_dev_ioctl,user_copy_operations,Relevant_KD_Entry_Point,100,**AIARelevantFunction Score (0)**: The function `nvgpu_ioctl_tsg_dev_ioctl` does not directly involve sharing memory with an AI Accelerator (AIA). It primarily handles IOCTL commands related to the...,[nvgpu_tsg_bind_channel_ex_args; nvgpu_tsg_bind_scheduling_domain_args; nvgpu_event_id_ctrl_args; nvgpu_runlist_interleave_args; nvgpu_timeslice_args; nvgpu_tsg_read_single_sm_error_state_args; nvgpu_tsg_l2_max_ways_evict_last_args; nvgpu_tsg_set_l2_sector_promotion_args],[channel_fd; domain_fd; event_fd; sm_id; record_mem; record_size; max_ways; promotion_flag]
8,nvmap_ioctl_get_available_heaps,ioctl_operations,Relevant_KD_Entry_Point,100,**AIARelevantFunction Score (0)**: The function `nvmap_ioctl_get_available_heaps` does not directly involve sharing memory with an AI Accelerator (AIA). It primarily retrieves available heap inform...,[struct nvmap_available_heaps],[None identified]
9,gk20a_ctrl_ioctl_gpu_characteristics,ioctl_operations,Relevant_KD_Entry_Point,100,**AIARelevantFunction Score (0)**: The function `gk20a_ctrl_ioctl_gpu_characteristics` does not directly involve sharing memory with an AI Accelerator (AIA). It primarily retrieves GPU characterist...,[struct nvgpu_gpu_get_characteristics],[gpu_characteristics_buf_addr; gpu_characteristics_buf_size]
10,nvmap_ioctl_query_heap_params,ioctl_operations,Relevant_KD_Entry_Point,100,**AIARelevantFunction Score (0)**: The function `nvmap_ioctl_query_heap_params` does not directly interact with an AI Accelerator (AIA) or manage shared memory in a way that is typical for AIA inte...,[nvmap_query_heap_params],[heap_mask; total; free; largest_free_block]
11,nvmap_ioctl_getfd,ioctl_operations,Relevant_KD_Entry_Point,100,**AIARelevantFunction Score (0)**: The function `nvmap_ioctl_getfd` does not directly involve sharing memory with an AI Accelerator (AIA). It primarily deals with obtaining a file descriptor (fd) f...,[nvmap_create_handle],[fd; handle]
12,nvgpu_ioctl_tsg_open,ioctl_operations,Relevant_KD_Entry_Point,100,**AIARelevantFunction Score (0%)**: The function `nvgpu_ioctl_tsg_open` does not involve any operations related to shared memory (SMem) with an AI Accelerator (AIA). It primarily focuses on opening...,None,None
13,nvgpu_ioctl_channel_get_user_syncpoint,ioctl_operations,Relevant_KD_Entry_Point,100,**AIARelevantFunction Score (0%)**: The function `nvgpu_ioctl_channel_get_user_syncpoint` does not directly involve sharing memory with an AI Accelerator (AIA). It primarily deals with user synchro...,[nvgpu_get_user_syncpoint_args],[syncpoint_id; gpu_va]
14,gk20a_channel_open_ioctl,ioctl_operations,Relevant_KD_Entry_Point,100,**AIARelevantFunction Score (0%)**: The function `gk20a_channel_open_ioctl` does not directly involve any operations related to sharing memory with an AI Accelerator (AIA). It primarily handles the...,None,None
15,gk20a_as_ioctl_bind_channel,ioctl_operations,Relevant_KD_Entry_Point,100,**AIARelevantFunction Score (0)**: The function `gk20a_as_ioctl_bind_channel` does not involve any operations related to sharing memory with an AI Accelerator (AIA). It primarily focuses on binding...,None,None
16,nvgpu_ioctl_tsg_dev_ioctl,ioctl_operations,Relevant_KD_Entry_Point,100,**AIARelevantFunction Score (0)**: The function `nvgpu_ioctl_tsg_dev_ioctl` does not directly involve sharing memory with an AI Accelerator (AIA). It primarily handles IOCTL commands related to GPU...,[nvgpu_tsg_bind_channel_ex_args; nvgpu_event_id_ctrl_args; nvgpu_runlist_interleave_args; nvgpu_timeslice_args; nvgpu_tsg_read_single_sm_error_state_args; nvgpu_tsg_l2_max_ways_evict_last_args; nvgpu_tsg_set_l2_sector_promotion_args],[channel_fd; event_fd; record_mem; record_size; max_ways; promotion_flag]
17,nvgpu_gpu_ioctl_set_l2_max_ways_evict_last,ioctl_operations,Relevant_KD_Entry_Point,100,**AIARelevantFunction Score (0)**: The function `nvgpu_gpu_ioctl_set_l2_max_ways_evict_last` does not involve any operations related to shared memory management or direct interactions with an AI Ac...,None,None
18,nvmap_ioctl_free,ioctl_operations,Relevant_KD_Entry_Point,100,**AIARelevantFunction Score (0)**: The function `nvmap_ioctl_free` does not interact with an AI Accelerator (AIA) or shared memory management relevant to AIA operations. It primarily deals with fre...,None,None
19,nvgpu_gpu_ioctl_register_buffer,dma_operations,Relevant_KD_Entry_Point,90,"**AIARelevantFunction Score (80)**: The function `nvgpu_gpu_ioctl_register_buffer` is involved in registering a buffer for use with the GPU, which includes handling DMA buffers. It utilizes `dma_bu...",[nvgpu_gpu_register_buffer_args],[dmabuf_fd; metadata_addr; metadata_size; flags]
20,nvgpu_gpu_ioctl_register_buffer,dma_operations,Relevant_KD_Entry_Point,90,"**AIARelevantFunction Score (80)**: The function `nvgpu_gpu_ioctl_register_buffer` is involved in registering a buffer for use with the GPU, which includes handling DMA buffers. It utilizes the `dm...",[nvgpu_gpu_register_buffer_args],[dmabuf_fd; metadata_addr; metadata_size; flags]
21,nvgpu_vm_map_buffer,dma_operations,Relevant_KD_Entry_Point,90,"**AIARelevantFunction Score (80%)**: The function `nvgpu_vm_map_buffer` is involved in mapping a DMA buffer to a virtual memory space, which is critical for enabling an AI Accelerator (AIA) to acce...",[vm_gk20a_mapping_batch],[dma_buf->size; dma_buf->file; buffer_offset; mapping_size; *map_addr]
22,user_copy:gk20a_channel_ioctl,user_copy_operations,Relevant_KD_Entry_Point,90,"**AIARelevantFunction Score (80%)**: The function `gk20a_channel_ioctl` interacts with various structures that are relevant for managing GPU channels and their operations, which can involve shared ...",[nvgpu_alloc_obj_ctx_args; nvgpu_channel_setup_bind_args; nvgpu_alloc_gpfifo_ex_args; nvgpu_set_error_notifier; nvgpu_get_param_args; nvgpu_wait_args; nvgpu_set_timeout_args; nvgpu_set_timeout_ex_args],[chid; tsgid; userd_dmabuf_fd; gpfifo_dmabuf_fd; userd_dmabuf_offset; gpfifo_dmabuf_offset; obj_id]
23,user_copy:gk20a_channel_ioctl,user_copy_operations,Relevant_KD_Entry_Point,90,"**AIARelevantFunction Score (80)**: The function `gk20a_channel_ioctl` is involved in managing GPU channels and includes operations that are relevant for AI Accelerator integration, such as setting...",[nvgpu_channel_open_args; nvgpu_alloc_obj_ctx_args; nvgpu_channel_setup_bind_args; nvgpu_alloc_gpfifo_ex_args; nvgpu_submit_gpfifo_args; nvgpu_wait_args; nvgpu_zcull_bind_args; nvgpu_set_error_notifier; nvgpu_set_timeout_args; nvgpu_set_timeout_ex_args; nvgpu_get_param_args],[chid; tsgid; userd_dmabuf_fd; gpfifo_dmabuf_fd; userd_dmabuf_offset; gpfifo_dmabuf_offset; userd_iova; userd_offset]
24,user_copy:gk20a_ctrl_dev_ioctl,user_copy_operations,Relevant_KD_Entry_Point,90,**AIARelevantFunction Score (60%)**: The function `gk20a_ctrl_dev_ioctl` interacts with various GPU operations and handles commands that may involve memory management and data transfer between the ...,[nvgpu_gpu_zcull_get_ctx_size_args; nvgpu_gpu_zcull_get_info_args; nvgpu_gpu_zbc_set_table_args; nvgpu_gpu_zbc_query_table_args; nvgpu_gpu_get_characteristics; nvgpu_gpu_prepare_compressible_read_args; nvgpu_gpu_mark_compressible_write_args; nvgpu_alloc_as_args; nvgpu_gpu_open_tsg_args; nvgpu_gpu_get_tpc_masks_args; nvgpu_gpu_get_fbp_l2_masks_args; nvgpu_channel_open_args; nvgpu_gpu_l2_fb_args; nvgpu_gpu_mmu_debug_mode_args; nvgpu_gpu_sm_debug_mode_args],[as_fd; va_range_start; va_range_end; va_range_split; gpu_characteristics_buf_addr; handle; offset; zbc_color; mask_buf_addr]
25,user_copy:gk20a_ctrl_dev_ioctl,user_copy_operations,Relevant_KD_Entry_Point,90,**AIARelevantFunction Score (70%)**: The function `gk20a_ctrl_dev_ioctl` interacts with various GPU operations that could involve shared memory management and communication with the AI Accelerator ...,[nvgpu_gpu_zcull_get_ctx_size_args; nvgpu_gpu_zcull_get_info_args; nvgpu_gpu_zbc_set_table_args; nvgpu_gpu_zbc_query_table_args; nvgpu_gpu_get_characteristics; nvgpu_gpu_prepare_compressible_read_args; nvgpu_gpu_mark_compressible_write_args; nvgpu_alloc_as_args; nvgpu_gpu_open_tsg_args; nvgpu_gpu_get_tpc_masks_args; nvgpu_gpu_get_fbp_l2_masks_args; nvgpu_channel_open_args; nvgpu_gpu_l2_fb_args; nvgpu_gpu_mmu_debug_mode_args; nvgpu_gpu_sm_debug_mode_args],[as_fd; va_range_start; va_range_end; va_range_split; gpu_characteristics_buf_addr; handle; offset; compbits_hoffset; compbits_voffset; zbc_color; l2_flush; l2_invalidate; fb_flush; state; sms]
26,user_copy:gk20a_as_dev_ioctl,user_copy_operations,Relevant_KD_Entry_Point,90,**AIARelevantFunction Score (80)**: The function `gk20a_as_dev_ioctl` is involved in handling various IOCTL commands that are likely related to memory management and operations with the AI Accelera...,[nvgpu_as_bind_channel_args; nvgpu32_as_alloc_space_args; nvgpu_as_alloc_space_args; nvgpu_as_free_space_args; nvgpu_as_map_buffer_ex_args; nvgpu_as_unmap_buffer_args; nvgpu_as_get_va_regions_args; nvgpu_as_map_buffer_batch_args; nvgpu_as_get_sync_ro_map_args; nvgpu_as_mapping_modify_args; nvgpu_as_remap_args],[channel_fd; pages; page_size; flags; buffer_offset; mapping_size; offset; base_gpuva; sync_size; num_syncpoints]
27,user_copy:gk20a_as_dev_ioctl,user_copy_operations,Relevant_KD_Entry_Point,90,**AIARelevantFunction Score (80%)**: The function `gk20a_as_dev_ioctl` interacts with various memory management operations that are relevant for an AI Accelerator (AIA). It handles commands that in...,[nvgpu_as_alloc_space_args; nvgpu_as_free_space_args; nvgpu_as_map_buffer_ex_args; nvgpu_as_unmap_buffer_args; nvgpu_as_get_va_regions_args; nvgpu_as_map_buffer_batch_args; nvgpu_as_get_sync_ro_map_args; nvgpu_as_mapping_modify_args; nvgpu_as_remap_args],[offset; pages; page_size; buffer_offset; buffer_size; base_gpuva; num_syncpoints; num_maps; num_unmaps]
28,user_copy:gk20a_as_ioctl_get_va_regions,user_copy_operations,Relevant_KD_Entry_Point,90,"**AIARelevantFunction Score (70)**: The function `gk20a_as_ioctl_get_va_regions` is involved in managing virtual address regions for an AI accelerator. It interacts with the `vm_gk20a` structure, w...",[struct nvgpu_as_get_va_regions_args; struct nvgpu_as_va_region],[buf_addr; buf_size; offset; page_size; pages]
29,user_copy:nvmap_ioctl_create,user_copy_operations,Relevant_KD_Entry_Point,90,"**AIARelevantFunction Score (70%)**: The function `nvmap_ioctl_create` is involved in creating a handle for shared memory, which is relevant for AI Accelerator integration. It interacts with DMA bu...",[nvmap_create_handle],[handle; handle64; fd; size; orig_size]
30,user_copy:nvmap_ioctl_create,user_copy_operations,Relevant_KD_Entry_Point,90,**AIARelevantFunction (70%)**: The function `nvmap_ioctl_create` interacts with DMA buffers and handles that are crucial for memory management between the CPU and the AI Accelerator. It uses `dma_b...,[nvmap_create_handle],[handle; handle64; fd; size; orig_size]
31,user_copy:nvmap_ioctl_alloc,user_copy_operations,Relevant_KD_Entry_Point,90,"**AIARelevantFunction (70%)**: The function `nvmap_ioctl_alloc` is involved in memory allocation for an AI Accelerator, as it interacts with the `nvmap_handle` structure, which is crucial for manag...",[nvmap_alloc_handle],[handle; size; align; heap_mask]
32,user_copy:nvgpu_gpu_ioctl_register_buffer,user_copy_operations,Relevant_KD_Entry_Point,90,"**AIARelevantFunction Score (80)**: The function `nvgpu_gpu_ioctl_register_buffer` is involved in registering a buffer for use with the GPU, which includes handling DMA buffers. It utilizes `dma_bu...",[nvgpu_gpu_register_buffer_args],[dmabuf_fd; metadata_addr; metadata_size; flags]
33,user_copy:nvmap_ioctl_create_from_va,user_copy_operations,Relevant_KD_Entry_Point,90,"**AIARelevantFunction Score (70)**: The function `nvmap_ioctl_create_from_va` is involved in creating a handle from a virtual address, which is relevant for memory management in the context of an A...",[nvmap_create_handle_from_va],[handle; fd; va; size; flags]
34,user_copy:nvmap_ioctl_create_from_va,user_copy_operations,Relevant_KD_Entry_Point,90,"**AIARelevantFunction (70%)**: The function `nvmap_ioctl_create_from_va` is involved in creating a handle from a virtual address, which is relevant for memory management in the context of an AI Acc...",[nvmap_create_handle_from_va],[handle; va; size; flags]
35,gk20a_channel_ioctl,ioctl_operations,Relevant_KD_Entry_Point,90,**AIARelevantFunction Score (80)**: The function `gk20a_channel_ioctl` is involved in handling various IOCTL commands that can potentially interact with an AI Accelerator (AIA). It includes operati...,[nvgpu_alloc_obj_ctx_args; nvgpu_channel_setup_bind_args; nvgpu_alloc_gpfifo_ex_args; nvgpu_wait_args; nvgpu_set_error_notifier; nvgpu_set_timeout_args; nvgpu_set_timeout_ex_args; nvgpu_get_param_args],[userd_dmabuf_fd; gpfifo_dmabuf_fd; userd_dmabuf_offset; gpfifo_dmabuf_offset; obj_id]
36,gk20a_ioctl_channel_submit_gpfifo,ioctl_operations,Relevant_KD_Entry_Point,90,"**AIARelevantFunction Score (80)**: The function `gk20a_ioctl_channel_submit_gpfifo` is involved in submitting a GPU FIFO command, which is closely related to the interaction with the AI Accelerato...",[nvgpu_submit_gpfifo_args; nvgpu_gpfifo_userdata],[fence.id; fence.value; gpfifo; userd_iova]
37,nvmap_ioctl,ioctl_operations,Relevant_KD_Entry_Point,90,**AIARelevantFunction Score (70%)**: The `nvmap_ioctl` function is involved in handling various IOCTL commands that can relate to memory management and operations that may involve shared memory wit...,[nvmap_rw_handle; nvmap_cache_op; nvmap_cache_op_32; nvmap_cache_op_64; nvmap_rw_handle_32],[addr; handle; offset; elem_size; hmem_stride; user_stride; count; len]
38,gk20a_ctrl_dev_ioctl,ioctl_operations,Relevant_KD_Entry_Point,90,"**AIARelevantFunction Score (80)**: The function `gk20a_ctrl_dev_ioctl` interacts with various GPU operations that involve memory management and data transfer, which are critical for AI Accelerator...",[nvgpu_gpu_zcull_get_ctx_size_args; nvgpu_gpu_zcull_get_info_args; nvgpu_gpu_zbc_set_table_args; nvgpu_gpu_zbc_query_table_args; nvgpu_gpu_get_characteristics; nvgpu_gpu_prepare_compressible_read_args; nvgpu_gpu_mark_compressible_write_args; nvgpu_alloc_as_args; nvgpu_gpu_open_tsg_args; nvgpu_gpu_get_tpc_masks_args; nvgpu_gpu_get_fbp_l2_masks_args; nvgpu_channel_open_args; nvgpu_gpu_l2_fb_args; nvgpu_gpu_mmu_debug_mode_args; nvgpu_gpu_sm_debug_mode_args],[gpu_instance_id; gr_instance_id; va_range_start; va_range_end; va_range_split; handle; zbc_color; l2_flush; l2_invalidate; fb_flush; state; sms]
39,gk20a_as_dev_ioctl,ioctl_operations,Relevant_KD_Entry_Point,90,**AIARelevantFunction Score (80%)**: The function `gk20a_as_dev_ioctl` is involved in handling various IOCTL commands that are likely related to memory management and operations for an AI Accelerat...,[nvgpu_as_bind_channel_args; nvgpu32_as_alloc_space_args; nvgpu_as_alloc_space_args; nvgpu_as_free_space_args; nvgpu_as_map_buffer_ex_args; nvgpu_as_unmap_buffer_args; nvgpu_as_get_va_regions_args; nvgpu_as_map_buffer_batch_args; nvgpu_as_get_sync_ro_map_args; nvgpu_as_mapping_modify_args; nvgpu_as_remap_args],[channel_fd; pages; page_size; flags; offset; buffer_offset; buffer_size; num_unmaps; num_maps; base_gpuva; sync_size; num_syncpoints]
40,nvgpu_as_ioctl_get_sync_ro_map,ioctl_operations,Relevant_KD_Entry_Point,90,**AIARelevantFunction Score (70)**: The function `nvgpu_as_ioctl_get_sync_ro_map` interacts with the GPU's synchronization points and retrieves a mapping of read-only memory for synchronization. It...,[nvgpu_as_get_sync_ro_map_args],[base_gpuva; sync_size; num_syncpoints]
41,gk20a_as_ioctl_get_va_regions,ioctl_operations,Relevant_KD_Entry_Point,90,"**AIARelevantFunction Score (70%)**: The function `gk20a_as_ioctl_get_va_regions` interacts with the GPU's virtual address regions, which is relevant for memory management in the context of an AI A...",[struct nvgpu_as_get_va_regions_args; struct nvgpu_as_va_region],[buf_addr; buf_size; offset; page_size; pages]
42,nvmap_ioctl_create,ioctl_operations,Relevant_KD_Entry_Point,90,**AIARelevantFunction Score (70)**: The function `nvmap_ioctl_create` is involved in creating a handle for a shared memory buffer that can be used by an AI Accelerator (AIA). It interacts with DMA ...,[nvmap_create_handle],[handle; handle64; fd; size; orig_size; vaddr; dma_buf]
43,nvmap_ioctl_alloc,ioctl_operations,Relevant_KD_Entry_Point,90,"**AIARelevantFunction Score (70)**: The function `nvmap_ioctl_alloc` is involved in memory allocation for an AI Accelerator, as it handles the allocation of memory buffers that can be shared with t...",[nvmap_alloc_handle],[handle; heap_mask; flags; align; size; orig_size; vaddr]
44,nvgpu_gpu_ioctl_register_buffer,ioctl_operations,Relevant_KD_Entry_Point,90,"**AIARelevantFunction Score (80)**: The function `nvgpu_gpu_ioctl_register_buffer` is involved in registering a buffer with the GPU, which includes handling a DMA buffer (`dma_buf`). It utilizes `d...",[nvgpu_gpu_register_buffer_args],[dmabuf_fd; metadata_addr; metadata_size]
45,gk20a_tsg_ioctl_bind_channel_ex,ioctl_operations,Relevant_KD_Entry_Point,90,**AIARelevantFunction Score (70)**: The function `gk20a_tsg_ioctl_bind_channel_ex` interacts with the AI Accelerator (AIA) by binding a channel to a task stream group (TSG). It uses the `channel_fd...,[nvgpu_tsg_bind_channel_ex_args],[channel_fd; subcontext_id]
46,nvmap_ioctl_create_from_va,ioctl_operations,Relevant_KD_Entry_Point,90,"**AIARelevantFunction Score (80)**: The function `nvmap_ioctl_create_from_va` is involved in creating a handle from a virtual address, which is a critical operation for managing shared memory betwe...",[nvmap_create_handle_from_va],[handle; va; size; flags]
47,nvmap_ioctl_getfd,dma_operations,Relevant_KD_Entry_Point,80,**AIARelevantFunction Score (0%)**: The function `nvmap_ioctl_getfd` does not directly involve sharing memory with an AI Accelerator (AIA). It primarily deals with obtaining a file descriptor for a...,[nvmap_create_handle],[fd; handle]
48,nvgpu_mm_pin,dma_operations,Relevant_KD_Entry_Point,80,"**AIARelevantFunction Score (90)**: The function `nvgpu_mm_pin` is heavily involved in managing memory for an AI Accelerator (AIA). It utilizes the `dma_buf` and `dma_buf_attachment` structures, wh...",[struct dma_buf; struct dma_buf_attachment; struct sg_table],[dma_address; usermode_regs_bus_addr; usermode_regs; gpu_va; size; aligned_size]
49,gk20a_init_error_notifier,dma_operations,Relevant_KD_Entry_Point,80,**AIARelevantFunction Score (0)**: The function `gk20a_init_error_notifier` does not directly interact with an AI Accelerator (AIA) or manage shared memory in a way that would typically be associat...,[nvgpu_set_error_notifier; nvgpu_notification],[mem (memory handle); offset; size]
50,gk20a_init_error_notifier,dma_operations,Relevant_KD_Entry_Point,80,**AIARelevantFunction Score (70)**: The function `gk20a_init_error_notifier` interacts with a DMA buffer (`dma_buf`) which is relevant for memory management in the context of AI Accelerators. It re...,[struct nvgpu_set_error_notifier; struct nvgpu_notification],[args->mem; priv->error_notifier.notification; priv->error_notifier.vaddr]
51,nvmap_ioctl_free,dma_operations,Relevant_KD_Entry_Point,80,**AIARelevantFunction (0%)**: The function `nvmap_ioctl_free` does not directly involve sharing memory with an AI Accelerator (AIA). It primarily deals with freeing a DMA buffer associated with a c...,[None identified],[None identified]
52,nvmap_ioctl_free,dma_operations,Relevant_KD_Entry_Point,80,**AIARelevantFunction (0%)**: The function `nvmap_ioctl_free` does not directly involve sharing memory with an AI Accelerator (AIA). It primarily deals with freeing a DMA buffer associated with a c...,[None identified],[None identified]
53,user_copy:gk20a_ctrl_get_tpc_masks,user_copy_operations,Relevant_KD_Entry_Point,80,**AIARelevantFunction Score (0)**: The function `gk20a_ctrl_get_tpc_masks` does not directly involve sharing memory with an AI Accelerator (AIA). It primarily retrieves TPC (Texture Processing Clus...,[struct nvgpu_gpu_get_tpc_masks_args],[mask_buf_addr]
54,user_copy:nvgpu_gpu_clk_get_range,user_copy_operations,Relevant_KD_Entry_Point,80,**AIARelevantFunction Score (0%)**: The function `nvgpu_gpu_clk_get_range` does not interact with an AI Accelerator (AIA) or manage shared memory between the CPU and AIA. It primarily deals with GP...,[struct nvgpu_gpu_clk_range_args; struct nvgpu_gpu_clk_range],[clk_range_entries; min_hz; max_hz]
55,user_copy:nvgpu_gpu_clk_get_info,user_copy_operations,Relevant_KD_Entry_Point,80,**AIARelevantFunction Score (0)**: The function `nvgpu_gpu_clk_get_info` does not directly involve sharing memory with an AI Accelerator (AIA). It primarily deals with retrieving clock information ...,[struct nvgpu_gpu_clk_get_info_args; struct nvgpu_gpu_clk_info],[clk_info_entries; clk_domain; freq_hz]
56,user_copy:nvgpu_gpu_clk_get_info,user_copy_operations,Relevant_KD_Entry_Point,80,"**AIARelevantFunction Score (0)**: The function `nvgpu_gpu_clk_get_info` does not directly interact with an AI Accelerator (AIA) or manage shared memory between the CPU and AIA. Instead, it focuses...",[struct nvgpu_gpu_clk_get_info_args; struct nvgpu_gpu_clk_info],[clk_info_entries; clk_domain; freq_hz]
57,user_copy:nvmap_install_fd,user_copy_operations,Relevant_KD_Entry_Point,80,"**AIARelevantFunction Score (70)**: The function `nvmap_install_fd` interacts with a `dma_buf`, which is a critical structure for managing shared memory between the CPU and an AI Accelerator (AIA)....",[nvmap_handle_info; dma_buf],[fd; dma_buf->file; dma_buf->size]
58,gk20a_as_ioctl_alloc_space,ioctl_operations,Relevant_KD_Entry_Point,80,"**AIARelevantFunction Score (70%)**: The function `gk20a_as_ioctl_alloc_space` is involved in allocating space for shared memory, which is relevant for AI Accelerator integration. It utilizes the `...",[nvgpu_as_alloc_space_args],[pages; page_size; flags; o_a]
59,gk20a_as_ioctl_map_buffer_ex,ioctl_operations,Relevant_KD_Entry_Point,80,**AIARelevantFunction Score (70)**: The function `gk20a_as_ioctl_map_buffer_ex` is involved in mapping a buffer for an AI Accelerator (AIA) by utilizing the `nvgpu_vm_map_buffer` function. This fun...,[nvgpu_as_map_buffer_ex_args],[dmabuf_fd; offset; mapping_size; buffer_offset]
60,nvgpu_vm_map_buffer,dma_operations,Relevant_KD_Entry_Point,70,"**AIARelevantFunction Score (80)**: The function `nvgpu_vm_map_buffer` is involved in mapping a DMA buffer to a virtual memory space, which is critical for enabling an AI Accelerator (AIA) to acces...",[vm_gk20a_mapping_batch; dma_buf],[size; file; attachments; flags; buffer_offset; mapping_size; map_addr]
61,nvgpu_vm_map_buffer,dma_operations,Relevant_KD_Entry_Point,70,"**AIARelevantFunction Score (80)**: The function `nvgpu_vm_map_buffer` is involved in mapping a DMA buffer to a virtual address space, which is critical for enabling an AI Accelerator (AIA) to acce...",[vm_gk20a_mapping_batch],[dma_buf; buffer_offset; mapping_size; *map_addr]
62,nvgpu_vm_map_buffer,dma_operations,Relevant_KD_Entry_Point,70,"**AIARelevantFunction Score (80)**: The function `nvgpu_vm_map_buffer` is involved in mapping a DMA buffer to a virtual address space, which is crucial for enabling the AI Accelerator (AIA) to acce...",[vm_gk20a_mapping_batch],[buffer_offset; mapping_size; *map_addr; dmabuf->size]
63,nvgpu_vm_map_buffer,dma_operations,Relevant_KD_Entry_Point,70,"**AIARelevantFunction Score (80)**: The function `nvgpu_vm_map_buffer` is involved in mapping a DMA buffer to a virtual address space, which is crucial for enabling the AI Accelerator (AIA) to acce...",[vm_gk20a_mapping_batch],[buffer_offset; mapping_size; *map_addr; dmabuf->size; dmabuf->file->f_inode->i_ino]
64,nvgpu_vm_map_buffer,dma_operations,Relevant_KD_Entry_Point,70,"**AIARelevantFunction Score (80%)**: The function `nvgpu_vm_map_buffer` is involved in mapping a DMA buffer to a virtual address space, which is critical for enabling an AI Accelerator (AIA) to acc...",[vm_gk20a_mapping_batch],[buffer_offset; mapping_size; *map_addr; dmabuf->size]
65,nvgpu_mm_pin,dma_operations,Relevant_KD_Entry_Point,70,"**AIARelevantFunction Score (90)**: The function `nvgpu_mm_pin` is highly relevant to the integration with an AI Accelerator (AIA) as it deals with pinning a DMA buffer to memory, which is crucial ...",[struct dma_buf; struct dma_buf_attachment; struct sg_table],[dma_address; gpu_va; usermode_regs_bus_addr; usermode_userd]
66,drivers/gpu/nvgpu/os/linux/linux-dma.c:nvgpu_dma_alloc_flags_sys,functions_by_file,Relevant_KD_Entry_Point,60,"**AIARelevantFunction Score (80)**: The function `nvgpu_dma_alloc_flags_sys` is responsible for allocating DMA memory, which is crucial for enabling the AI Accelerator (AIA) to access shared memory...",[nvgpu_mem],[gpu_va; size; aligned_size; cpu_va; priv.sgt]
67,drivers/video/tegra/nvmap/nvmap_dmabuf.c:nvmap_get_dmabuf_fd,functions_by_file,Relevant_KD_Entry_Point,60,**AIARelevantFunction Score (70%)**: The function `nvmap_get_dmabuf_fd` is involved in obtaining a file descriptor for a DMA buffer associated with a given `nvmap_handle`. It utilizes the `__nvmap_...,[struct dma_buf; struct nvmap_handle],[size; vaddr; dma_buf; file; flags]
68,drivers/video/tegra/nvmap/nvmap_dmabuf.c:_nvmap_dmabuf_map_dma_buf,functions_by_file,Relevant_KD_Entry_Point,60,**AIARelevantFunction Score (80%)**: The function `_nvmap_dmabuf_map_dma_buf` is involved in mapping a DMA buffer for an AI Accelerator (AIA) by utilizing the `dma_buf_attachment` structure. It int...,[struct dma_buf_attachment; struct nvmap_handle_info],[dma_buf; device; nvmap_handle; sg_table]
69,drivers/video/tegra/nvmap/nvmap_alloc.c:handle_page_alloc,functions_by_file,Relevant_KD_Entry_Point,60,"**AIARelevantFunction Score (80)**: The function `handle_page_alloc` is involved in memory allocation, which is critical for managing shared memory between the CPU and an AI Accelerator (AIA). It a...",[nvmap_handle],[size; pages; vaddr; dma_buf]
70,nvmap_handle_get_from_id,dma_operations,Relevant_KD_Entry_Point,60,"**AIARelevantFunction Score (70)**: The function `nvmap_handle_get_from_id` interacts with DMA buffers, which are crucial for memory management in AI Accelerator integration. It retrieves a `dma_bu...",[struct nvmap_handle_info; struct nvmap_handle; struct dma_buf],[dma_buf; nvmap_handle; nvmap_client; size; flags; vaddr]
71,nvmap_handle_get_from_id,dma_operations,Relevant_KD_Entry_Point,60,"**AIARelevantFunction Score (70)**: The function `nvmap_handle_get_from_id` interacts with DMA buffers, which are crucial for memory management in AI Accelerator contexts. It retrieves a DMA buffer...",[struct nvmap_handle_info; struct nvmap_handle; struct dma_buf],[dma_buf; nvmap_handle; nvmap_client]
72,nvmap_handle_get_from_id,dma_operations,Relevant_KD_Entry_Point,60,"**AIARelevantFunction Score (70)**: The function `nvmap_handle_get_from_id` interacts with DMA buffers, which are crucial for memory management in AI Accelerator contexts. It uses `dma_buf_get` and...",[struct nvmap_handle_info; struct nvmap_handle; struct dma_buf],[dma_buf; nvmap_handle; nvmap_client; file descriptor]
73,nvmap_handle_get_from_id,dma_operations,Relevant_KD_Entry_Point,60,"**AIARelevantFunction Score (70)**: The function `nvmap_handle_get_from_id` interacts with the `dma_buf` structure, which is crucial for managing shared memory between the CPU and AI accelerators. ...",[nvmap_handle_info; nvmap_handle; dma_buf],[dma_buf; nvmap_handle; nvmap_client]
74,nvmap_get_dmabuf_fd,dma_operations,Relevant_KD_Entry_Point,60,"**AIARelevantFunction Score (70)**: The function `nvmap_get_dmabuf_fd` is involved in obtaining a file descriptor for a DMA buffer, which is relevant for sharing memory with an AI Accelerator (AIA)...",[struct dma_buf],[fd; dma_buf; size; flags]
75,nvgpu_vm_map_buffer,dma_operations,Relevant_KD_Entry_Point,60,"**AIARelevantFunction Score (80)**: The function `nvgpu_vm_map_buffer` is involved in mapping a DMA buffer to a virtual address space, which is critical for enabling an AI Accelerator (AIA) to acce...",[vm_gk20a_mapping_batch],[dma_buf; buffer_offset; mapping_size; *map_addr]
76,nvgpu_usermode_buf_from_dmabuf,dma_operations,Relevant_KD_Entry_Point,60,"**AIARelevantFunction Score (80)**: The function `nvgpu_usermode_buf_from_dmabuf` is involved in managing DMA buffers, which are critical for sharing memory with an AI Accelerator (AIA). It uses `d...",[nvgpu_usermode_buf_linux; nvgpu_mem; dma_buf; dma_buf_attachment; sg_table],[gpu_va; cpu_va; size; dmabuf; attachment; sgt]
77,drivers/gpu/nvgpu/os/linux/linux-dma.c:nvgpu_iommuable,functions_by_file,Relevant_KD_Entry_Point,0,**AIARelevantFunction Score (0%)**: The function `nvgpu_iommuable` does not perform any operations related to shared memory management or direct interaction with an AI Accelerator (AIA). It checks ...,None,None
78,drivers/gpu/nvgpu/os/linux/linux-dma.c:nvgpu_dma_free_sys,functions_by_file,Relevant_KD_Entry_Point,0,**AIARelevantFunction Score (30)**: The function `nvgpu_dma_free_sys` primarily deals with freeing DMA memory allocated for the GPU. While it does not directly interact with an AI Accelerator (AIA)...,[nvgpu_mem; sg_table],[gpu_va; cpu_va; aligned_size; size; dma_address]
79,drivers/gpu/nvgpu/os/linux/linux-dma.c:nvgpu_dma_free_no_iommu,functions_by_file,Relevant_KD_Entry_Point,0,**AIARelevantFunction Score (0%)**: The function `nvgpu_dma_free_no_iommu` is primarily focused on freeing DMA memory that has been allocated without IOMMU support. It does not involve any operatio...,None,None
80,drivers/gpu/nvgpu/os/linux/linux-dma.c:nvgpu_free_sgtable,functions_by_file,Relevant_KD_Entry_Point,0,**AIARelevantFunction Score (0%)**: The function `nvgpu_free_sgtable` does not involve any operations related to sharing memory with an AI Accelerator (AIA). It primarily focuses on freeing a scatt...,None,None
81,drivers/gpu/nvgpu/os/linux/linux-dma.c:nvgpu_dma_flags_to_attrs,functions_by_file,Relevant_KD_Entry_Point,0,**AIARelevantFunction Score (0%)**: The function `nvgpu_dma_flags_to_attrs` does not involve any operations related to sharing memory with an AI Accelerator (AIA). It primarily translates DMA flags...,None,None
82,drivers/gpu/nvgpu/os/linux/linux-dma.c:nvgpu_dma_alloc_no_iommu,functions_by_file,Relevant_KD_Entry_Point,0,"**AIARelevantFunction Score (70%)**: The function `nvgpu_dma_alloc_no_iommu` is involved in memory allocation, which is a critical aspect of managing shared memory for AI Accelerators (AIA). It all...",None,None
83,drivers/gpu/nvgpu/os/linux/linux-dma.c:nvgpu_get_sgtable_from_pages,functions_by_file,Relevant_KD_Entry_Point,0,**AIARelevantFunction Score (80)**: The function `nvgpu_get_sgtable_from_pages` is involved in managing memory for an AI Accelerator (AIA) by creating a scatter-gather table (`sg_table`) from user ...,[sg_table; scatterlist],[dma_address; iova]
84,drivers/gpu/nvgpu/os/linux/platform_gk20a_tegra.c:gk20a_tegra_idle,functions_by_file,Relevant_KD_Entry_Point,0,**AIARelevantFunction Score (0%)**: The function `gk20a_tegra_idle` does not involve any operations related to shared memory management or interactions with an AI Accelerator (AIA). It primarily ha...,None,None
85,drivers/gpu/nvgpu/os/linux/platform_gk20a_tegra.c:gk20a_tegra_busy,functions_by_file,Relevant_KD_Entry_Point,0,**AIARelevantFunction Score (0%)**: The function `gk20a_tegra_busy` does not interact with shared memory or perform any operations that would typically be associated with AI Accelerator integration...,None,None
86,drivers/video/tegra/nvmap/nvmap_dmabuf.c:dmabuf_is_nvmap,functions_by_file,Relevant_KD_Entry_Point,0,**AIARelevantFunction Score (0)**: The function `dmabuf_is_nvmap` does not involve any operations related to shared memory (SMem) with an AI Accelerator (AIA). It simply checks if the `exp_name` fi...,None,None
87,drivers/video/tegra/nvmap/nvmap_dmabuf.c:nvmap_dmabuf_attach,functions_by_file,Relevant_KD_Entry_Point,0,**AIARelevantFunction Score (0%)**: The function `nvmap_dmabuf_attach` does not directly involve any operations related to sharing memory with an AI Accelerator (AIA). It simply calls another funct...,None,None
88,drivers/video/tegra/nvmap/nvmap_dmabuf.c:nvmap_dmabuf_mmap,functions_by_file,Relevant_KD_Entry_Point,0,**AIARelevantFunction Score (0%)**: The function `nvmap_dmabuf_mmap` does not directly involve any operations related to sharing memory with an AI Accelerator (AIA). It primarily deals with mapping...,None,None
89,drivers/video/tegra/nvmap/nvmap_dmabuf.c:nvmap_dmabuf_vmap,functions_by_file,Relevant_KD_Entry_Point,0,**AIARelevantFunction Score (0)**: The function `nvmap_dmabuf_vmap` does not involve any operations related to sharing memory with an AI Accelerator (AIA). It primarily deals with virtual memory ma...,None,None
90,drivers/video/tegra/nvmap/nvmap_dmabuf.c:_nvmap_dmabuf_unmap_dma_buf,functions_by_file,Relevant_KD_Entry_Point,0,"**AIARelevantFunction Score (0%)**: The function `_nvmap_dmabuf_unmap_dma_buf` does not directly involve sharing memory with an AI Accelerator (AIA). Instead, it focuses on unmapping a DMA buffer f...",None,None
91,drivers/video/tegra/nvmap/nvmap_dmabuf.c:nvmap_dmabuf_get_drv_data,functions_by_file,Relevant_KD_Entry_Point,0,**AIARelevantFunction Score (0%)**: The function `nvmap_dmabuf_get_drv_data` does not interact with an AI Accelerator (AIA) or shared memory management relevant to AIA operations. It primarily retr...,None,None
92,drivers/video/tegra/nvmap/nvmap_dmabuf.c:nvmap_dmabuf_detach,functions_by_file,Relevant_KD_Entry_Point,0,**AIARelevantFunction Score (0)**: The function `nvmap_dmabuf_detach` does not involve any operations related to sharing memory with an AI Accelerator (AIA). It primarily deals with detaching a DMA...,None,None
93,drivers/video/tegra/nvmap/nvmap_dmabuf.c:nvmap_dmabuf_release,functions_by_file,Relevant_KD_Entry_Point,0,**AIARelevantFunction Score (0)**: The function `nvmap_dmabuf_release` does not involve any operations that directly relate to sharing memory with an AI Accelerator (AIA). It primarily handles the ...,None,None
94,drivers/video/tegra/nvmap/nvmap_dmabuf.c:nvmap_dmabuf_vunmap,functions_by_file,Relevant_KD_Entry_Point,0,**AIARelevantFunction Score (0%)**: The function `nvmap_dmabuf_vunmap` does not involve any operations that directly relate to sharing memory with an AI Accelerator (AIA). It primarily deals with u...,None,None
95,drivers/video/tegra/nvmap/nvmap_alloc.c:nvmap_alloc_handle,functions_by_file,Relevant_KD_Entry_Point,0,**AIARelevantFunction Score (0)**: The function `nvmap_alloc_handle` does not directly involve sharing memory with an AI Accelerator (AIA). It primarily focuses on allocating memory handles for cli...,None,None
96,drivers/video/tegra/nvmap/nvmap_alloc.c:alloc_handle,functions_by_file,Relevant_KD_Entry_Point,0,**AIARelevantFunction Score (0%)**: The function `alloc_handle` does not involve any operations that directly relate to sharing memory with an AI Accelerator (AIA). It primarily focuses on allocati...,None,None
97,drivers/video/tegra/nvmap/nvmap_alloc.c:nvmap_altalloc,functions_by_file,Relevant_KD_Entry_Point,0,**AIARelevantFunction Score (0)**: The function `nvmap_altalloc` does not interact with any AI Accelerator (AIA) relevant functions or patterns. It simply allocates memory using either `vzalloc` or...,None,None
98,drivers/video/tegra/nvmap/nvmap_alloc.c:nvmap_alloc_pages_exact,functions_by_file,Relevant_KD_Entry_Point,0,"**AIARelevantFunction Score (0)**: The function `nvmap_alloc_pages_exact` is primarily focused on memory allocation using the `alloc_pages` function, which is part of the Linux kernel's memory mana...",None,None
99,drivers/video/tegra/nvmap/nvmap_alloc.c:is_nvmap_id_ro,functions_by_file,Relevant_KD_Entry_Point,0,**AIARelevantFunction Score (0%)**: The function `is_nvmap_id_ro` does not interact with an AI Accelerator (AIA) or shared memory (SMem) management. It primarily deals with checking if a DMA buffer...,None,None
100,drivers/video/tegra/nvmap/nvmap_alloc.c:nvmap_altfree,functions_by_file,Relevant_KD_Entry_Point,0,**AIARelevantFunction Score (0)**: The function `nvmap_altfree` does not interact with any AI Accelerator (AIA) relevant operations. It is primarily concerned with freeing memory based on the size ...,None,None
101,drivers/video/tegra/nvmap/nvmap_alloc.c:nvmap_alloc_handle_from_va,functions_by_file,Relevant_KD_Entry_Point,0,**AIARelevantFunction Score (0)**: The function `nvmap_alloc_handle_from_va` does not directly interact with an AI Accelerator (AIA) or shared memory management that would typically involve DMA ope...,None,None
102,drivers/video/tegra/nvmap/nvmap_alloc.c:alloc_handle_from_va,functions_by_file,Relevant_KD_Entry_Point,0,**AIARelevantFunction (80%)**: The function `alloc_handle_from_va` is involved in memory management that is relevant to AI Accelerator integration. It pins user pages to memory using `nvmap_get_use...,None,vaddr; size; flags; is_ro
103,drivers/video/tegra/nvmap/nvmap_alloc.c:nvmap_free_handle_from_fd,functions_by_file,Relevant_KD_Entry_Point,0,**AIARelevantFunction Score (0%)**: The function `nvmap_free_handle_from_fd` does not involve any operations related to sharing memory with an AI Accelerator (AIA). It primarily deals with freeing ...,None,None
104,drivers/video/tegra/nvmap/nvmap_alloc.c:nvmap_free_handle,functions_by_file,Relevant_KD_Entry_Point,0,**AIARelevantFunction Score (0%)**: The function `nvmap_free_handle` does not interact with an AI Accelerator (AIA) or shared memory management that is typical for AIA integration. It primarily dea...,None,None
105,drivers/video/tegra/nvmap/nvmap_alloc.c:_nvmap_handle_free,functions_by_file,Relevant_KD_Entry_Point,0,**AIARelevantFunction Score (0%)**: The function `_nvmap_handle_free` does not involve any operations related to sharing memory with an AI Accelerator (AIA). It primarily focuses on freeing resourc...,None,None
106,drivers/video/tegra/nvmap/nvmap_alloc.c:nvmap_heap_pgfree,functions_by_file,Relevant_KD_Entry_Point,0,**AIARelevantFunction Score (0%)**: The function `nvmap_heap_pgfree` does not involve any operations related to sharing memory with an AI Accelerator (AIA). It primarily deals with freeing memory p...,None,None
107,drivers/video/tegra/nvmap/nvmap_alloc.c:nvmap_heap_pgalloc_dev,functions_by_file,Relevant_KD_Entry_Point,0,**AIARelevantFunction Score (0%)**: The function `nvmap_heap_pgalloc_dev` does not involve any operations related to shared memory (SMem) with an AI Accelerator (AIA). It primarily focuses on alloc...,None,None
108,nvgpu_dma_free_sys,dma_operations,Relevant_KD_Entry_Point,0,**AIARelevantFunction Score (20)**: The function `nvgpu_dma_free_sys` is primarily focused on freeing DMA memory associated with the `nvgpu_mem` structure. While it does interact with memory manage...,None,None
109,__dma_buf_export,dma_operations,Relevant_KD_Entry_Point,0,"**AIARelevantFunction Score (70)**: The function `__dma_buf_export` is involved in exporting a DMA buffer, which is relevant for AI Accelerator integration as it deals with memory management and bu...",[dma_buf_export_info; nvmap_handle_info; nvmap_handle],[phys_addr_t; size_t; dma_buf*; nvmap_handle*; void*]
110,is_nvmap_id_ro,dma_operations,Relevant_KD_Entry_Point,0,**AIARelevantFunction Score (0%)**: The function `is_nvmap_id_ro` does not interact with an AI Accelerator (AIA) or shared memory management relevant to AIA operations. It primarily checks if a giv...,None,None
111,nvgpu_mm_pin,dma_operations,Relevant_KD_Entry_Point,0,"**AIARelevantFunction Score (90%)**: The function `nvgpu_mm_pin` is heavily involved in memory management for DMA operations, which is critical for AI Accelerator (AIA) integration. It uses `dma_bu...",[struct dma_buf; struct dma_buf_attachment; struct sg_table],[dma_address; usermode_regs_bus_addr; user_sync; userd_iova]
112,gk20a_channel_free_error_notifiers,dma_operations,Relevant_KD_Entry_Point,0,**AIARelevantFunction Score (0%)**: The function `gk20a_channel_free_error_notifiers` does not interact with shared memory or AI Accelerator (AIA) functionalities. It primarily deals with freeing D...,None,None
113,gk20a_init_error_notifier,dma_operations,Relevant_KD_Entry_Point,0,**AIARelevantFunction Score (0)**: The function `gk20a_init_error_notifier` does not directly involve sharing memory with an AI Accelerator (AIA). It primarily deals with initializing an error noti...,[nvgpu_set_error_notifier; nvgpu_notification],[mem (memory handle); offset; size]
114,nvgpu_mm_unpin,dma_operations,Relevant_KD_Entry_Point,0,**AIARelevantFunction Score (0%)**: The function `nvgpu_mm_unpin` does not involve any operations that directly relate to sharing memory with an AI Accelerator (AIA). It primarily deals with unmapp...,None,None
115,nvgpu_mm_unpin,dma_operations,Relevant_KD_Entry_Point,0,**AIARelevantFunction Score (0%)**: The function `nvgpu_mm_unpin` does not involve any operations that directly relate to sharing memory with an AI Accelerator (AIA). It primarily deals with unpinn...,None,None
116,nvgpu_vm_unmap_system,dma_operations,Relevant_KD_Entry_Point,0,**AIARelevantFunction Score (0%)**: The function `nvgpu_vm_unmap_system` does not perform any operations that directly relate to sharing memory with an AI Accelerator (AIA). It primarily deals with...,None,None
117,nvmap_free_handle,dma_operations,Relevant_KD_Entry_Point,0,**AIARelevantFunction Score (0%)**: The function `nvmap_free_handle` does not involve any operations that directly relate to sharing memory with an AI Accelerator (AIA). It primarily focuses on fre...,None,None
118,nvmap_free_handle,dma_operations,Relevant_KD_Entry_Point,0,**AIARelevantFunction Score (0%)**: The function `nvmap_free_handle` does not interact with an AI Accelerator (AIA) or shared memory management relevant to AIA operations. It primarily deals with f...,None,None
119,destroy_client,dma_operations,Relevant_KD_Entry_Point,0,**AIARelevantFunction Score (0%)**: The function `destroy_client` does not interact with any AI Accelerator (AIA) relevant functions or memory management patterns that would typically involve share...,None,None
120,destroy_client,dma_operations,Relevant_KD_Entry_Point,0,**AIARelevantFunction Score (0%)**: The function `destroy_client` does not involve any operations related to shared memory (SMem) with an AI Accelerator (AIA). It primarily focuses on cleaning up a...,None,None
121,nvgpu_os_channel_free_usermode_buffers,dma_operations,Relevant_KD_Entry_Point,0,**AIARelevantFunction Score (70%)**: The function `nvgpu_os_channel_free_usermode_buffers` is involved in managing user-mode buffers associated with a GPU channel. It interacts with DMA buffers thr...,[nvgpu_usermode_buf_linux; gpfifo_desc],[dma_buf; usermode_userd; usermode_gpfifo]
122,nvgpu_os_channel_free_usermode_buffers,dma_operations,Relevant_KD_Entry_Point,0,"**AIARelevantFunction Score (0%)**: The function `nvgpu_os_channel_free_usermode_buffers` does not directly involve sharing memory with an AI Accelerator (AIA). Instead, it focuses on freeing user-...",[struct nvgpu_usermode_bufs_linux; struct gpfifo_desc],[dma_buf; userd_iova; userd_mem]
123,user_copy:nvgpu_channel_copy_user_gpfifo,user_copy_operations,Relevant_KD_Entry_Point,0,**AIARelevantFunction Score (0)**: The function `nvgpu_channel_copy_user_gpfifo` does not directly involve sharing memory with an AI Accelerator (AIA). It primarily focuses on copying data from use...,[struct nvgpu_gpfifo_userdata],[entries]
124,user_copy:gk20a_power_write,user_copy_operations,Relevant_KD_Entry_Point,0,**AIARelevantFunction Score (0)**: The function `gk20a_power_write` does not involve any operations related to sharing memory with an AI Accelerator (AIA). It primarily handles power management for...,[None identified],[None identified]
125,user_copy:gk20a_ctrl_get_fbp_l2_masks,user_copy_operations,Relevant_KD_Entry_Point,0,**AIARelevantFunction Score (0%)**: The function `gk20a_ctrl_get_fbp_l2_masks` does not interact with an AI Accelerator (AIA) or manage shared memory between the CPU and AIA. It primarily retrieves...,[struct nvgpu_gpu_get_fbp_l2_masks_args],[mask_buf_addr]
126,user_copy:gk20a_ctrl_vsm_mapping,user_copy_operations,Relevant_KD_Entry_Point,0,**AIARelevantFunction Score (0)**: The function `gk20a_ctrl_vsm_mapping` does not directly involve sharing memory with an AI Accelerator (AIA). It primarily focuses on configuring and mapping virtu...,[struct nvgpu_gpu_vsms_mapping; struct nvgpu_gpu_vsms_mapping_entry],[vsms_map_buf_addr]
127,user_copy:nvgpu_gpu_get_engine_info,user_copy_operations,Relevant_KD_Entry_Point,0,"**AIARelevantFunction Score (0)**: The function `nvgpu_gpu_get_engine_info` does not interact with an AI Accelerator (AIA) or perform any operations related to shared memory management, DMA, or mem...",[struct nvgpu_gpu_get_engine_info_args; struct nvgpu_gpu_get_engine_info_item],[engine_info_buf_addr; engine_info_buf_size]
128,gk20a_dbg_gpu_dev_release,ioctl_operations,Relevant_KD_Entry_Point,0,**AIARelevantFunction Score (0%)**: The function `gk20a_dbg_gpu_dev_release` does not involve any operations related to sharing memory with an AI Accelerator (AIA). It primarily handles the release...,None,None
129,gk20a_ctrl_dev_release,ioctl_operations,Relevant_KD_Entry_Point,0,**AIARelevantFunction (0%)**: The function `gk20a_ctrl_dev_release` does not interact with shared memory or perform any operations related to an AI Accelerator (AIA). It primarily handles the relea...,None,None
130,nvmap_open,ioctl_operations,Relevant_KD_Entry_Point,0,**AIARelevantFunction Score (0)**: The `nvmap_open` function does not interact with any AI Accelerator (AIA) relevant functions or memory management patterns that would typically involve shared mem...,None,None
131,gk20a_power_open,ioctl_operations,Relevant_KD_Entry_Point,0,**AIARelevantFunction Score (0%)**: The function `gk20a_power_open` does not involve any operations related to shared memory (SMem) with an AI Accelerator (AIA). It primarily handles the opening of...,None,None
132,gk20a_power_release,ioctl_operations,Relevant_KD_Entry_Point,0,**AIARelevantFunction Score (0%)**: The function `gk20a_power_release` does not involve any operations related to shared memory management or interaction with an AI Accelerator (AIA). It primarily ...,None,None
133,gk20a_ctrl_dev_open,ioctl_operations,Relevant_KD_Entry_Point,0,**AIARelevantFunction**: The function `gk20a_ctrl_dev_open` does not involve any operations that directly relate to sharing memory with an AI Accelerator (AIA). It primarily handles device opening ...,None,None
134,nvgpu_ctrl_ioctl_gpu_characteristics_flags,ioctl_operations,Relevant_KD_Entry_Point,0,**AIARelevantFunction Score (0%)**: The function `nvgpu_ctrl_ioctl_gpu_characteristics_flags` does not interact with shared memory or AI Accelerator (AIA) specific functionalities. It primarily che...,None,None
135,nvgpu_get_ioctl_graphics_preempt_mode_flags,ioctl_operations,Relevant_KD_Entry_Point,0,**AIARelevantFunction Score (0)**: The function `nvgpu_get_ioctl_graphics_preempt_mode_flags` does not involve any operations related to shared memory (SMem) with an AI Accelerator (AIA). It simply...,None,None
136,nvgpu_get_ioctl_compute_preempt_mode_flags,ioctl_operations,Relevant_KD_Entry_Point,0,**AIARelevantFunction Score (0%)**: The function `nvgpu_get_ioctl_compute_preempt_mode_flags` does not involve any operations related to shared memory (SMem) with an AI Accelerator (AIA). It simply...,None,None
137,nvgpu_get_ioctl_graphics_preempt_mode,ioctl_operations,Relevant_KD_Entry_Point,0,**AIARelevantFunction Score (0)**: The function `nvgpu_get_ioctl_graphics_preempt_mode` does not involve any operations related to shared memory (SMem) with an AI Accelerator (AIA). It simply retur...,None,None
138,nvgpu_get_ioctl_compute_preempt_mode,ioctl_operations,Relevant_KD_Entry_Point,0,**AIARelevantFunction Score (0%)**: The function `nvgpu_get_ioctl_compute_preempt_mode` does not involve any operations related to shared memory (SMem) with an AI Accelerator (AIA). It simply trans...,None,None
139,nvgpu_ioctl_channel_alloc_obj_ctx,ioctl_operations,Relevant_KD_Entry_Point,0,**AIARelevantFunction Score (0%)**: The function `nvgpu_ioctl_channel_alloc_obj_ctx` does not directly involve any operations related to sharing memory with an AI Accelerator (AIA). It primarily ca...,None,None
140,gk20a_as_ioctl_unmap_buffer,ioctl_operations,Relevant_KD_Entry_Point,0,**AIARelevantFunction Score (0)**: The function `gk20a_as_ioctl_unmap_buffer` does not interact with an AI Accelerator (AIA) or shared memory management that would typically involve pinning user pa...,None,None
141,nvmap_release,ioctl_operations,Relevant_KD_Entry_Point,0,**AIARelevantFunction Score (0%)**: The `nvmap_release` function does not involve any operations related to shared memory management or interactions with an AI Accelerator (AIA). It primarily handl...,None,None
142,gk20a_event_id_release,ioctl_operations,Relevant_KD_Entry_Point,0,**AIARelevantFunction Score**: The function `gk20a_event_id_release` does not interact with shared memory or AI Accelerator (AIA) specific memory management functions. It primarily deals with relea...,None,None
143,gk20a_channel_release,ioctl_operations,Relevant_KD_Entry_Point,0,**AIARelevantFunction Score (0%)**: The function `gk20a_channel_release` does not involve any operations related to sharing memory with an AI Accelerator (AIA). It primarily focuses on releasing a ...,None,None
144,nvgpu_ioctl_tsg_dev_release,ioctl_operations,Relevant_KD_Entry_Point,0,**AIARelevantFunction Score (0%)**: The function `nvgpu_ioctl_tsg_dev_release` does not involve any operations related to shared memory (SMem) with an AI Accelerator (AIA). It primarily handles the...,None,None
145,nvgpu_ioctl_tsg_release,ioctl_operations,Relevant_KD_Entry_Point,0,**AIARelevantFunction Score (0%)**: The function `nvgpu_ioctl_tsg_release` does not involve any operations related to sharing memory with an AI Accelerator (AIA). It primarily deals with releasing ...,None,None
146,gk20a_as_dev_release,ioctl_operations,Relevant_KD_Entry_Point,0,**AIARelevantFunction Score (0)**: The function `gk20a_as_dev_release` does not interact with any AI Accelerator (AIA) relevant functions or memory management patterns that would typically involve ...,None,None
1,gk20a_init_error_notifier,dma_operations,Message_Structure_Handling,100,**AIARelevantFunction Score (0)**: The function `gk20a_init_error_notifier` does not directly involve sharing memory with an AI Accelerator (AIA). It primarily deals with initializing an error noti...,[nvgpu_set_error_notifier; nvgpu_notification],[mem (memory handle); offset; size]
2,user_copy:nvgpu_channel_copy_user_gpfifo,user_copy_operations,Message_Structure_Handling,100,**AIARelevantFunction Score (0)**: The function `nvgpu_channel_copy_user_gpfifo` does not directly involve sharing memory with an AI Accelerator (AIA). It primarily focuses on copying data from use...,[struct nvgpu_gpfifo_userdata],[entries]
3,user_copy:nvmap_ioctl_get_available_heaps,user_copy_operations,Message_Structure_Handling,100,**AIARelevantFunction Score (0)**: The function `nvmap_ioctl_get_available_heaps` does not directly involve sharing memory with an AI Accelerator (AIA). It primarily retrieves available heap inform...,[struct nvmap_available_heaps],[None identified]
4,user_copy:gk20a_ctrl_ioctl_gpu_characteristics,user_copy_operations,Message_Structure_Handling,100,**AIARelevantFunction Score (0)**: The function `gk20a_ctrl_ioctl_gpu_characteristics` does not directly interact with an AI Accelerator (AIA) or manage shared memory for an AIA. It primarily retri...,[struct nvgpu_gpu_get_characteristics; struct nvgpu_gpu_characteristics],[gpu_characteristics_buf_addr; gpu_instance_id; gr_instance_id]
5,user_copy:gk20a_ctrl_get_fbp_l2_masks,user_copy_operations,Message_Structure_Handling,100,**AIARelevantFunction Score (0%)**: The function `gk20a_ctrl_get_fbp_l2_masks` does not interact with an AI Accelerator (AIA) or manage shared memory between the CPU and AIA. It primarily retrieves...,[struct nvgpu_gpu_get_fbp_l2_masks_args],[mask_buf_addr]
6,user_copy:gk20a_ctrl_vsm_mapping,user_copy_operations,Message_Structure_Handling,100,**AIARelevantFunction Score (0)**: The function `gk20a_ctrl_vsm_mapping` does not directly involve sharing memory with an AI Accelerator (AIA). It primarily focuses on configuring and mapping virtu...,[struct nvgpu_gpu_vsms_mapping; struct nvgpu_gpu_vsms_mapping_entry],[vsms_map_buf_addr]
7,user_copy:nvgpu_gpu_get_engine_info,user_copy_operations,Message_Structure_Handling,100,"**AIARelevantFunction Score (0)**: The function `nvgpu_gpu_get_engine_info` does not interact with an AI Accelerator (AIA) or perform any operations related to shared memory management, DMA, or mem...",[struct nvgpu_gpu_get_engine_info_args; struct nvgpu_gpu_get_engine_info_item],[engine_info_buf_addr; engine_info_buf_size]
8,user_copy:nvmap_ioctl_query_heap_params,user_copy_operations,Message_Structure_Handling,100,**AIARelevantFunction Score (0)**: The function `nvmap_ioctl_query_heap_params` does not directly involve sharing memory with an AI Accelerator (AIA). It primarily queries heap parameters and does ...,[nvmap_query_heap_params],[heap_mask; total; free; largest_free_block]
9,user_copy:nvmap_ioctl_query_heap_params,user_copy_operations,Message_Structure_Handling,100,**AIARelevantFunction Score (0)**: The function `nvmap_ioctl_query_heap_params` does not directly interact with an AI Accelerator (AIA) or manage shared memory (SMem) in a way that is typical for A...,[nvmap_query_heap_params],[heap_mask; total; free; largest_free_block]
10,user_copy:nvmap_ioctl_getfd,user_copy_operations,Message_Structure_Handling,100,**AIARelevantFunction Score (0)**: The function `nvmap_ioctl_getfd` does not directly involve sharing memory with an AI Accelerator (AIA). It primarily deals with obtaining a file descriptor for a ...,[nvmap_create_handle],[fd; handle]
11,user_copy:nvgpu_ioctl_tsg_dev_ioctl,user_copy_operations,Message_Structure_Handling,100,**AIARelevantFunction Score (0)**: The function `nvgpu_ioctl_tsg_dev_ioctl` does not directly interact with an AI Accelerator (AIA) or manage shared memory (SMem) in a way that would qualify it as ...,[nvgpu_tsg_bind_channel_ex_args; nvgpu_event_id_ctrl_args; nvgpu_runlist_interleave_args; nvgpu_timeslice_args; nvgpu_tsg_read_single_sm_error_state_args; nvgpu_tsg_l2_max_ways_evict_last_args; nvgpu_tsg_set_l2_sector_promotion_args],[channel_fd; event_fd; sm_id; record_mem; record_size; max_ways; promotion_flag]
12,user_copy:nvgpu_ioctl_tsg_dev_ioctl,user_copy_operations,Message_Structure_Handling,100,**AIARelevantFunction Score (0)**: The function `nvgpu_ioctl_tsg_dev_ioctl` does not directly involve sharing memory with an AI Accelerator (AIA). It primarily handles IOCTL commands related to the...,[nvgpu_tsg_bind_channel_ex_args; nvgpu_tsg_bind_scheduling_domain_args; nvgpu_event_id_ctrl_args; nvgpu_runlist_interleave_args; nvgpu_timeslice_args; nvgpu_tsg_read_single_sm_error_state_args; nvgpu_tsg_l2_max_ways_evict_last_args; nvgpu_tsg_set_l2_sector_promotion_args],[channel_fd; domain_fd; event_fd; sm_id; record_mem; record_size; max_ways; promotion_flag]
13,nvmap_ioctl_get_available_heaps,ioctl_operations,Message_Structure_Handling,100,**AIARelevantFunction Score (0)**: The function `nvmap_ioctl_get_available_heaps` does not directly involve sharing memory with an AI Accelerator (AIA). It primarily retrieves available heap inform...,[struct nvmap_available_heaps],[None identified]
14,gk20a_ctrl_ioctl_gpu_characteristics,ioctl_operations,Message_Structure_Handling,100,**AIARelevantFunction Score (0)**: The function `gk20a_ctrl_ioctl_gpu_characteristics` does not directly involve sharing memory with an AI Accelerator (AIA). It primarily retrieves GPU characterist...,[struct nvgpu_gpu_get_characteristics],[gpu_characteristics_buf_addr; gpu_characteristics_buf_size]
15,nvmap_ioctl_query_heap_params,ioctl_operations,Message_Structure_Handling,100,**AIARelevantFunction Score (0)**: The function `nvmap_ioctl_query_heap_params` does not directly interact with an AI Accelerator (AIA) or manage shared memory in a way that is typical for AIA inte...,[nvmap_query_heap_params],[heap_mask; total; free; largest_free_block]
16,nvmap_ioctl_getfd,ioctl_operations,Message_Structure_Handling,100,**AIARelevantFunction Score (0)**: The function `nvmap_ioctl_getfd` does not directly involve sharing memory with an AI Accelerator (AIA). It primarily deals with obtaining a file descriptor (fd) f...,[nvmap_create_handle],[fd; handle]
17,nvgpu_ioctl_channel_get_user_syncpoint,ioctl_operations,Message_Structure_Handling,100,**AIARelevantFunction Score (0%)**: The function `nvgpu_ioctl_channel_get_user_syncpoint` does not directly involve sharing memory with an AI Accelerator (AIA). It primarily deals with user synchro...,[nvgpu_get_user_syncpoint_args],[syncpoint_id; gpu_va]
18,nvgpu_ioctl_tsg_dev_ioctl,ioctl_operations,Message_Structure_Handling,100,**AIARelevantFunction Score (0)**: The function `nvgpu_ioctl_tsg_dev_ioctl` does not directly involve sharing memory with an AI Accelerator (AIA). It primarily handles IOCTL commands related to GPU...,[nvgpu_tsg_bind_channel_ex_args; nvgpu_event_id_ctrl_args; nvgpu_runlist_interleave_args; nvgpu_timeslice_args; nvgpu_tsg_read_single_sm_error_state_args; nvgpu_tsg_l2_max_ways_evict_last_args; nvgpu_tsg_set_l2_sector_promotion_args],[channel_fd; event_fd; record_mem; record_size; max_ways; promotion_flag]
19,nvgpu_vm_map_buffer,dma_operations,Message_Structure_Handling,90,"**AIARelevantFunction Score (80)**: The function `nvgpu_vm_map_buffer` is involved in mapping a DMA buffer to a virtual memory space, which is critical for enabling an AI Accelerator (AIA) to acces...",[vm_gk20a_mapping_batch; dma_buf],[size; file; attachments; flags; buffer_offset; mapping_size; map_addr]
20,nvgpu_vm_map_buffer,dma_operations,Message_Structure_Handling,90,"**AIARelevantFunction Score (80)**: The function `nvgpu_vm_map_buffer` is involved in mapping a DMA buffer to a virtual address space, which is critical for enabling an AI Accelerator (AIA) to acce...",[vm_gk20a_mapping_batch],[dma_buf; buffer_offset; mapping_size; *map_addr]
21,nvgpu_vm_map_buffer,dma_operations,Message_Structure_Handling,90,"**AIARelevantFunction Score (80)**: The function `nvgpu_vm_map_buffer` is involved in mapping a DMA buffer to a virtual address space, which is crucial for enabling the AI Accelerator (AIA) to acce...",[vm_gk20a_mapping_batch],[buffer_offset; mapping_size; *map_addr; dmabuf->size]
22,nvgpu_vm_map_buffer,dma_operations,Message_Structure_Handling,90,"**AIARelevantFunction Score (80)**: The function `nvgpu_vm_map_buffer` is involved in mapping a DMA buffer to a virtual address space, which is crucial for enabling the AI Accelerator (AIA) to acce...",[vm_gk20a_mapping_batch],[buffer_offset; mapping_size; *map_addr; dmabuf->size; dmabuf->file->f_inode->i_ino]
23,nvgpu_vm_map_buffer,dma_operations,Message_Structure_Handling,90,"**AIARelevantFunction Score (80%)**: The function `nvgpu_vm_map_buffer` is involved in mapping a DMA buffer to a virtual address space, which is critical for enabling an AI Accelerator (AIA) to acc...",[vm_gk20a_mapping_batch],[buffer_offset; mapping_size; *map_addr; dmabuf->size]
24,gk20a_init_error_notifier,dma_operations,Message_Structure_Handling,90,**AIARelevantFunction Score (0)**: The function `gk20a_init_error_notifier` does not directly interact with an AI Accelerator (AIA) or manage shared memory in a way that would typically be associat...,[nvgpu_set_error_notifier; nvgpu_notification],[mem (memory handle); offset; size]
25,gk20a_init_error_notifier,dma_operations,Message_Structure_Handling,90,**AIARelevantFunction Score (70)**: The function `gk20a_init_error_notifier` interacts with a DMA buffer (`dma_buf`) which is relevant for memory management in the context of AI Accelerators. It re...,[struct nvgpu_set_error_notifier; struct nvgpu_notification],[args->mem; priv->error_notifier.notification; priv->error_notifier.vaddr]
26,user_copy:gk20a_ctrl_get_tpc_masks,user_copy_operations,Message_Structure_Handling,90,**AIARelevantFunction Score (0)**: The function `gk20a_ctrl_get_tpc_masks` does not directly involve sharing memory with an AI Accelerator (AIA). It primarily retrieves TPC (Texture Processing Clus...,[struct nvgpu_gpu_get_tpc_masks_args],[mask_buf_addr]
27,user_copy:nvgpu_gpu_clk_get_range,user_copy_operations,Message_Structure_Handling,90,**AIARelevantFunction Score (0%)**: The function `nvgpu_gpu_clk_get_range` does not interact with an AI Accelerator (AIA) or manage shared memory between the CPU and AIA. It primarily deals with GP...,[struct nvgpu_gpu_clk_range_args; struct nvgpu_gpu_clk_range],[clk_range_entries; min_hz; max_hz]
28,user_copy:nvgpu_gpu_clk_get_info,user_copy_operations,Message_Structure_Handling,90,**AIARelevantFunction Score (0)**: The function `nvgpu_gpu_clk_get_info` does not directly involve sharing memory with an AI Accelerator (AIA). It primarily deals with retrieving clock information ...,[struct nvgpu_gpu_clk_get_info_args; struct nvgpu_gpu_clk_info],[clk_info_entries; clk_domain; freq_hz]
29,user_copy:nvgpu_gpu_clk_get_info,user_copy_operations,Message_Structure_Handling,90,"**AIARelevantFunction Score (0)**: The function `nvgpu_gpu_clk_get_info` does not directly interact with an AI Accelerator (AIA) or manage shared memory between the CPU and AIA. Instead, it focuses...",[struct nvgpu_gpu_clk_get_info_args; struct nvgpu_gpu_clk_info],[clk_info_entries; clk_domain; freq_hz]
30,user_copy:nvmap_install_fd,user_copy_operations,Message_Structure_Handling,90,"**AIARelevantFunction Score (70)**: The function `nvmap_install_fd` interacts with a `dma_buf`, which is a critical structure for managing shared memory between the CPU and an AI Accelerator (AIA)....",[nvmap_handle_info; dma_buf],[fd; dma_buf->file; dma_buf->size]
31,gk20a_as_ioctl_alloc_space,ioctl_operations,Message_Structure_Handling,90,"**AIARelevantFunction Score (70%)**: The function `gk20a_as_ioctl_alloc_space` is involved in allocating space for shared memory, which is relevant for AI Accelerator integration. It utilizes the `...",[nvgpu_as_alloc_space_args],[pages; page_size; flags; o_a]
32,gk20a_as_ioctl_map_buffer_ex,ioctl_operations,Message_Structure_Handling,90,**AIARelevantFunction Score (70)**: The function `gk20a_as_ioctl_map_buffer_ex` is involved in mapping a buffer for an AI Accelerator (AIA) by utilizing the `nvgpu_vm_map_buffer` function. This fun...,[nvgpu_as_map_buffer_ex_args],[dmabuf_fd; offset; mapping_size; buffer_offset]
33,nvgpu_gpu_ioctl_register_buffer,dma_operations,Message_Structure_Handling,85,"**AIARelevantFunction Score (80)**: The function `nvgpu_gpu_ioctl_register_buffer` is involved in registering a buffer for use with the GPU, which includes handling DMA buffers. It utilizes `dma_bu...",[nvgpu_gpu_register_buffer_args],[dmabuf_fd; metadata_addr; metadata_size; flags]
34,nvgpu_gpu_ioctl_register_buffer,dma_operations,Message_Structure_Handling,85,"**AIARelevantFunction Score (80)**: The function `nvgpu_gpu_ioctl_register_buffer` is involved in registering a buffer for use with the GPU, which includes handling DMA buffers. It utilizes the `dm...",[nvgpu_gpu_register_buffer_args],[dmabuf_fd; metadata_addr; metadata_size; flags]
35,nvgpu_mm_pin,dma_operations,Message_Structure_Handling,85,"**AIARelevantFunction Score (90)**: The function `nvgpu_mm_pin` is heavily involved in managing memory for an AI Accelerator (AIA). It utilizes the `dma_buf` and `dma_buf_attachment` structures, wh...",[struct dma_buf; struct dma_buf_attachment; struct sg_table],[dma_address; usermode_regs_bus_addr; usermode_regs; gpu_va; size; aligned_size]
36,user_copy:gk20a_channel_ioctl,user_copy_operations,Message_Structure_Handling,85,"**AIARelevantFunction Score (80%)**: The function `gk20a_channel_ioctl` interacts with various structures that are relevant for managing GPU channels and their operations, which can involve shared ...",[nvgpu_alloc_obj_ctx_args; nvgpu_channel_setup_bind_args; nvgpu_alloc_gpfifo_ex_args; nvgpu_set_error_notifier; nvgpu_get_param_args; nvgpu_wait_args; nvgpu_set_timeout_args; nvgpu_set_timeout_ex_args],[chid; tsgid; userd_dmabuf_fd; gpfifo_dmabuf_fd; userd_dmabuf_offset; gpfifo_dmabuf_offset; obj_id]
37,user_copy:gk20a_channel_ioctl,user_copy_operations,Message_Structure_Handling,85,"**AIARelevantFunction Score (80)**: The function `gk20a_channel_ioctl` is involved in managing GPU channels and includes operations that are relevant for AI Accelerator integration, such as setting...",[nvgpu_channel_open_args; nvgpu_alloc_obj_ctx_args; nvgpu_channel_setup_bind_args; nvgpu_alloc_gpfifo_ex_args; nvgpu_submit_gpfifo_args; nvgpu_wait_args; nvgpu_zcull_bind_args; nvgpu_set_error_notifier; nvgpu_set_timeout_args; nvgpu_set_timeout_ex_args; nvgpu_get_param_args],[chid; tsgid; userd_dmabuf_fd; gpfifo_dmabuf_fd; userd_dmabuf_offset; gpfifo_dmabuf_offset; userd_iova; userd_offset]
38,user_copy:gk20a_ctrl_dev_ioctl,user_copy_operations,Message_Structure_Handling,85,**AIARelevantFunction Score (70%)**: The function `gk20a_ctrl_dev_ioctl` interacts with various GPU operations that could involve shared memory management and communication with the AI Accelerator ...,[nvgpu_gpu_zcull_get_ctx_size_args; nvgpu_gpu_zcull_get_info_args; nvgpu_gpu_zbc_set_table_args; nvgpu_gpu_zbc_query_table_args; nvgpu_gpu_get_characteristics; nvgpu_gpu_prepare_compressible_read_args; nvgpu_gpu_mark_compressible_write_args; nvgpu_alloc_as_args; nvgpu_gpu_open_tsg_args; nvgpu_gpu_get_tpc_masks_args; nvgpu_gpu_get_fbp_l2_masks_args; nvgpu_channel_open_args; nvgpu_gpu_l2_fb_args; nvgpu_gpu_mmu_debug_mode_args; nvgpu_gpu_sm_debug_mode_args],[as_fd; va_range_start; va_range_end; va_range_split; gpu_characteristics_buf_addr; handle; offset; compbits_hoffset; compbits_voffset; zbc_color; l2_flush; l2_invalidate; fb_flush; state; sms]
39,user_copy:gk20a_as_dev_ioctl,user_copy_operations,Message_Structure_Handling,85,**AIARelevantFunction Score (80)**: The function `gk20a_as_dev_ioctl` is involved in handling various IOCTL commands that are likely related to memory management and operations with the AI Accelera...,[nvgpu_as_bind_channel_args; nvgpu32_as_alloc_space_args; nvgpu_as_alloc_space_args; nvgpu_as_free_space_args; nvgpu_as_map_buffer_ex_args; nvgpu_as_unmap_buffer_args; nvgpu_as_get_va_regions_args; nvgpu_as_map_buffer_batch_args; nvgpu_as_get_sync_ro_map_args; nvgpu_as_mapping_modify_args; nvgpu_as_remap_args],[channel_fd; pages; page_size; flags; buffer_offset; mapping_size; offset; base_gpuva; sync_size; num_syncpoints]
40,user_copy:gk20a_as_dev_ioctl,user_copy_operations,Message_Structure_Handling,85,**AIARelevantFunction Score (80%)**: The function `gk20a_as_dev_ioctl` interacts with various memory management operations that are relevant for an AI Accelerator (AIA). It handles commands that in...,[nvgpu_as_alloc_space_args; nvgpu_as_free_space_args; nvgpu_as_map_buffer_ex_args; nvgpu_as_unmap_buffer_args; nvgpu_as_get_va_regions_args; nvgpu_as_map_buffer_batch_args; nvgpu_as_get_sync_ro_map_args; nvgpu_as_mapping_modify_args; nvgpu_as_remap_args],[offset; pages; page_size; buffer_offset; buffer_size; base_gpuva; num_syncpoints; num_maps; num_unmaps]
41,user_copy:nvgpu_gpu_ioctl_register_buffer,user_copy_operations,Message_Structure_Handling,85,"**AIARelevantFunction Score (80)**: The function `nvgpu_gpu_ioctl_register_buffer` is involved in registering a buffer for use with the GPU, which includes handling DMA buffers. It utilizes `dma_bu...",[nvgpu_gpu_register_buffer_args],[dmabuf_fd; metadata_addr; metadata_size; flags]
42,gk20a_channel_ioctl,ioctl_operations,Message_Structure_Handling,85,**AIARelevantFunction Score (80)**: The function `gk20a_channel_ioctl` is involved in handling various IOCTL commands that can potentially interact with an AI Accelerator (AIA). It includes operati...,[nvgpu_alloc_obj_ctx_args; nvgpu_channel_setup_bind_args; nvgpu_alloc_gpfifo_ex_args; nvgpu_wait_args; nvgpu_set_error_notifier; nvgpu_set_timeout_args; nvgpu_set_timeout_ex_args; nvgpu_get_param_args],[userd_dmabuf_fd; gpfifo_dmabuf_fd; userd_dmabuf_offset; gpfifo_dmabuf_offset; obj_id]
43,gk20a_ioctl_channel_submit_gpfifo,ioctl_operations,Message_Structure_Handling,85,"**AIARelevantFunction Score (80)**: The function `gk20a_ioctl_channel_submit_gpfifo` is involved in submitting a GPU FIFO command, which is closely related to the interaction with the AI Accelerato...",[nvgpu_submit_gpfifo_args; nvgpu_gpfifo_userdata],[fence.id; fence.value; gpfifo; userd_iova]
44,gk20a_ctrl_dev_ioctl,ioctl_operations,Message_Structure_Handling,85,"**AIARelevantFunction Score (80)**: The function `gk20a_ctrl_dev_ioctl` interacts with various GPU operations that involve memory management and data transfer, which are critical for AI Accelerator...",[nvgpu_gpu_zcull_get_ctx_size_args; nvgpu_gpu_zcull_get_info_args; nvgpu_gpu_zbc_set_table_args; nvgpu_gpu_zbc_query_table_args; nvgpu_gpu_get_characteristics; nvgpu_gpu_prepare_compressible_read_args; nvgpu_gpu_mark_compressible_write_args; nvgpu_alloc_as_args; nvgpu_gpu_open_tsg_args; nvgpu_gpu_get_tpc_masks_args; nvgpu_gpu_get_fbp_l2_masks_args; nvgpu_channel_open_args; nvgpu_gpu_l2_fb_args; nvgpu_gpu_mmu_debug_mode_args; nvgpu_gpu_sm_debug_mode_args],[gpu_instance_id; gr_instance_id; va_range_start; va_range_end; va_range_split; handle; zbc_color; l2_flush; l2_invalidate; fb_flush; state; sms]
45,gk20a_as_dev_ioctl,ioctl_operations,Message_Structure_Handling,85,**AIARelevantFunction Score (80%)**: The function `gk20a_as_dev_ioctl` is involved in handling various IOCTL commands that are likely related to memory management and operations for an AI Accelerat...,[nvgpu_as_bind_channel_args; nvgpu32_as_alloc_space_args; nvgpu_as_alloc_space_args; nvgpu_as_free_space_args; nvgpu_as_map_buffer_ex_args; nvgpu_as_unmap_buffer_args; nvgpu_as_get_va_regions_args; nvgpu_as_map_buffer_batch_args; nvgpu_as_get_sync_ro_map_args; nvgpu_as_mapping_modify_args; nvgpu_as_remap_args],[channel_fd; pages; page_size; flags; offset; buffer_offset; buffer_size; num_unmaps; num_maps; base_gpuva; sync_size; num_syncpoints]
46,nvgpu_gpu_ioctl_register_buffer,ioctl_operations,Message_Structure_Handling,85,"**AIARelevantFunction Score (80)**: The function `nvgpu_gpu_ioctl_register_buffer` is involved in registering a buffer with the GPU, which includes handling a DMA buffer (`dma_buf`). It utilizes `d...",[nvgpu_gpu_register_buffer_args],[dmabuf_fd; metadata_addr; metadata_size]
47,nvmap_ioctl_create_from_va,ioctl_operations,Message_Structure_Handling,85,"**AIARelevantFunction Score (80)**: The function `nvmap_ioctl_create_from_va` is involved in creating a handle from a virtual address, which is a critical operation for managing shared memory betwe...",[nvmap_create_handle_from_va],[handle; va; size; flags]
48,drivers/video/tegra/nvmap/nvmap_dmabuf.c:nvmap_get_dmabuf_fd,functions_by_file,Message_Structure_Handling,80,**AIARelevantFunction Score (70%)**: The function `nvmap_get_dmabuf_fd` is involved in obtaining a file descriptor for a DMA buffer associated with a given `nvmap_handle`. It utilizes the `__nvmap_...,[struct dma_buf; struct nvmap_handle],[size; vaddr; dma_buf; file; flags]
49,nvmap_handle_get_from_id,dma_operations,Message_Structure_Handling,80,"**AIARelevantFunction Score (70)**: The function `nvmap_handle_get_from_id` interacts with DMA buffers, which are crucial for memory management in AI Accelerator integration. It retrieves a `dma_bu...",[struct nvmap_handle_info; struct nvmap_handle; struct dma_buf],[dma_buf; nvmap_handle; nvmap_client; size; flags; vaddr]
50,nvmap_handle_get_from_id,dma_operations,Message_Structure_Handling,80,"**AIARelevantFunction Score (70)**: The function `nvmap_handle_get_from_id` interacts with DMA buffers, which are crucial for memory management in AI Accelerator contexts. It retrieves a DMA buffer...",[struct nvmap_handle_info; struct nvmap_handle; struct dma_buf],[dma_buf; nvmap_handle; nvmap_client]
51,nvmap_handle_get_from_id,dma_operations,Message_Structure_Handling,80,"**AIARelevantFunction Score (70)**: The function `nvmap_handle_get_from_id` interacts with DMA buffers, which are crucial for memory management in AI Accelerator contexts. It uses `dma_buf_get` and...",[struct nvmap_handle_info; struct nvmap_handle; struct dma_buf],[dma_buf; nvmap_handle; nvmap_client; file descriptor]
52,nvmap_handle_get_from_id,dma_operations,Message_Structure_Handling,80,"**AIARelevantFunction Score (70)**: The function `nvmap_handle_get_from_id` interacts with the `dma_buf` structure, which is crucial for managing shared memory between the CPU and AI accelerators. ...",[nvmap_handle_info; nvmap_handle; dma_buf],[dma_buf; nvmap_handle; nvmap_client]
53,nvmap_get_dmabuf_fd,dma_operations,Message_Structure_Handling,80,"**AIARelevantFunction Score (70)**: The function `nvmap_get_dmabuf_fd` is involved in obtaining a file descriptor for a DMA buffer, which is relevant for sharing memory with an AI Accelerator (AIA)...",[struct dma_buf],[fd; dma_buf; size; flags]
54,nvgpu_mm_pin,dma_operations,Message_Structure_Handling,80,"**AIARelevantFunction Score (90)**: The function `nvgpu_mm_pin` is highly relevant to the integration with an AI Accelerator (AIA) as it deals with pinning a DMA buffer to memory, which is crucial ...",[struct dma_buf; struct dma_buf_attachment; struct sg_table],[dma_address; gpu_va; usermode_regs_bus_addr; usermode_userd]
55,user_copy:gk20a_power_write,user_copy_operations,Message_Structure_Handling,80,**AIARelevantFunction Score (0)**: The function `gk20a_power_write` does not involve any operations related to sharing memory with an AI Accelerator (AIA). It primarily handles power management for...,[None identified],[None identified]
56,user_copy:gk20a_ctrl_dev_ioctl,user_copy_operations,Message_Structure_Handling,80,**AIARelevantFunction Score (60%)**: The function `gk20a_ctrl_dev_ioctl` interacts with various GPU operations and handles commands that may involve memory management and data transfer between the ...,[nvgpu_gpu_zcull_get_ctx_size_args; nvgpu_gpu_zcull_get_info_args; nvgpu_gpu_zbc_set_table_args; nvgpu_gpu_zbc_query_table_args; nvgpu_gpu_get_characteristics; nvgpu_gpu_prepare_compressible_read_args; nvgpu_gpu_mark_compressible_write_args; nvgpu_alloc_as_args; nvgpu_gpu_open_tsg_args; nvgpu_gpu_get_tpc_masks_args; nvgpu_gpu_get_fbp_l2_masks_args; nvgpu_channel_open_args; nvgpu_gpu_l2_fb_args; nvgpu_gpu_mmu_debug_mode_args; nvgpu_gpu_sm_debug_mode_args],[as_fd; va_range_start; va_range_end; va_range_split; gpu_characteristics_buf_addr; handle; offset; zbc_color; mask_buf_addr]
57,user_copy:gk20a_as_ioctl_get_va_regions,user_copy_operations,Message_Structure_Handling,80,"**AIARelevantFunction Score (70)**: The function `gk20a_as_ioctl_get_va_regions` is involved in managing virtual address regions for an AI accelerator. It interacts with the `vm_gk20a` structure, w...",[struct nvgpu_as_get_va_regions_args; struct nvgpu_as_va_region],[buf_addr; buf_size; offset; page_size; pages]
58,user_copy:nvmap_ioctl_create,user_copy_operations,Message_Structure_Handling,80,"**AIARelevantFunction Score (70%)**: The function `nvmap_ioctl_create` is involved in creating a handle for shared memory, which is relevant for AI Accelerator integration. It interacts with DMA bu...",[nvmap_create_handle],[handle; handle64; fd; size; orig_size]
59,user_copy:nvmap_ioctl_create,user_copy_operations,Message_Structure_Handling,80,**AIARelevantFunction (70%)**: The function `nvmap_ioctl_create` interacts with DMA buffers and handles that are crucial for memory management between the CPU and the AI Accelerator. It uses `dma_b...,[nvmap_create_handle],[handle; handle64; fd; size; orig_size]
60,user_copy:nvmap_ioctl_alloc,user_copy_operations,Message_Structure_Handling,80,"**AIARelevantFunction (70%)**: The function `nvmap_ioctl_alloc` is involved in memory allocation for an AI Accelerator, as it interacts with the `nvmap_handle` structure, which is crucial for manag...",[nvmap_alloc_handle],[handle; size; align; heap_mask]
61,user_copy:nvmap_ioctl_create_from_va,user_copy_operations,Message_Structure_Handling,80,"**AIARelevantFunction Score (70)**: The function `nvmap_ioctl_create_from_va` is involved in creating a handle from a virtual address, which is relevant for memory management in the context of an A...",[nvmap_create_handle_from_va],[handle; fd; va; size; flags]
62,user_copy:nvmap_ioctl_create_from_va,user_copy_operations,Message_Structure_Handling,80,"**AIARelevantFunction (70%)**: The function `nvmap_ioctl_create_from_va` is involved in creating a handle from a virtual address, which is relevant for memory management in the context of an AI Acc...",[nvmap_create_handle_from_va],[handle; va; size; flags]
63,nvmap_ioctl,ioctl_operations,Message_Structure_Handling,80,**AIARelevantFunction Score (70%)**: The `nvmap_ioctl` function is involved in handling various IOCTL commands that can relate to memory management and operations that may involve shared memory wit...,[nvmap_rw_handle; nvmap_cache_op; nvmap_cache_op_32; nvmap_cache_op_64; nvmap_rw_handle_32],[addr; handle; offset; elem_size; hmem_stride; user_stride; count; len]
64,nvgpu_as_ioctl_get_sync_ro_map,ioctl_operations,Message_Structure_Handling,80,**AIARelevantFunction Score (70)**: The function `nvgpu_as_ioctl_get_sync_ro_map` interacts with the GPU's synchronization points and retrieves a mapping of read-only memory for synchronization. It...,[nvgpu_as_get_sync_ro_map_args],[base_gpuva; sync_size; num_syncpoints]
65,gk20a_as_ioctl_get_va_regions,ioctl_operations,Message_Structure_Handling,80,"**AIARelevantFunction Score (70%)**: The function `gk20a_as_ioctl_get_va_regions` interacts with the GPU's virtual address regions, which is relevant for memory management in the context of an AI A...",[struct nvgpu_as_get_va_regions_args; struct nvgpu_as_va_region],[buf_addr; buf_size; offset; page_size; pages]
66,nvmap_ioctl_create,ioctl_operations,Message_Structure_Handling,80,**AIARelevantFunction Score (70)**: The function `nvmap_ioctl_create` is involved in creating a handle for a shared memory buffer that can be used by an AI Accelerator (AIA). It interacts with DMA ...,[nvmap_create_handle],[handle; handle64; fd; size; orig_size; vaddr; dma_buf]
67,nvmap_ioctl_alloc,ioctl_operations,Message_Structure_Handling,80,"**AIARelevantFunction Score (70)**: The function `nvmap_ioctl_alloc` is involved in memory allocation for an AI Accelerator, as it handles the allocation of memory buffers that can be shared with t...",[nvmap_alloc_handle],[handle; heap_mask; flags; align; size; orig_size; vaddr]
68,gk20a_tsg_ioctl_bind_channel_ex,ioctl_operations,Message_Structure_Handling,80,**AIARelevantFunction Score (70)**: The function `gk20a_tsg_ioctl_bind_channel_ex` interacts with the AI Accelerator (AIA) by binding a channel to a task stream group (TSG). It uses the `channel_fd...,[nvgpu_tsg_bind_channel_ex_args],[channel_fd; subcontext_id]
69,drivers/gpu/nvgpu/os/linux/linux-dma.c:nvgpu_dma_alloc_flags_sys,functions_by_file,Message_Structure_Handling,70,"**AIARelevantFunction Score (80)**: The function `nvgpu_dma_alloc_flags_sys` is responsible for allocating DMA memory, which is crucial for enabling the AI Accelerator (AIA) to access shared memory...",[nvgpu_mem],[gpu_va; size; aligned_size; cpu_va; priv.sgt]
70,drivers/video/tegra/nvmap/nvmap_dmabuf.c:_nvmap_dmabuf_map_dma_buf,functions_by_file,Message_Structure_Handling,70,**AIARelevantFunction Score (80%)**: The function `_nvmap_dmabuf_map_dma_buf` is involved in mapping a DMA buffer for an AI Accelerator (AIA) by utilizing the `dma_buf_attachment` structure. It int...,[struct dma_buf_attachment; struct nvmap_handle_info],[dma_buf; device; nvmap_handle; sg_table]
71,drivers/video/tegra/nvmap/nvmap_alloc.c:handle_page_alloc,functions_by_file,Message_Structure_Handling,70,"**AIARelevantFunction Score (80)**: The function `handle_page_alloc` is involved in memory allocation, which is critical for managing shared memory between the CPU and an AI Accelerator (AIA). It a...",[nvmap_handle],[size; pages; vaddr; dma_buf]
72,nvmap_ioctl_getfd,dma_operations,Message_Structure_Handling,70,**AIARelevantFunction Score (0%)**: The function `nvmap_ioctl_getfd` does not directly involve sharing memory with an AI Accelerator (AIA). It primarily deals with obtaining a file descriptor for a...,[nvmap_create_handle],[fd; handle]
73,nvgpu_vm_map_buffer,dma_operations,Message_Structure_Handling,70,"**AIARelevantFunction Score (80%)**: The function `nvgpu_vm_map_buffer` is involved in mapping a DMA buffer to a virtual memory space, which is critical for enabling an AI Accelerator (AIA) to acce...",[vm_gk20a_mapping_batch],[dma_buf->size; dma_buf->file; buffer_offset; mapping_size; *map_addr]
74,nvgpu_vm_map_buffer,dma_operations,Message_Structure_Handling,70,"**AIARelevantFunction Score (80)**: The function `nvgpu_vm_map_buffer` is involved in mapping a DMA buffer to a virtual address space, which is critical for enabling an AI Accelerator (AIA) to acce...",[vm_gk20a_mapping_batch],[dma_buf; buffer_offset; mapping_size; *map_addr]
75,nvgpu_mm_pin,dma_operations,Message_Structure_Handling,70,"**AIARelevantFunction Score (90%)**: The function `nvgpu_mm_pin` is heavily involved in memory management for DMA operations, which is critical for AI Accelerator (AIA) integration. It uses `dma_bu...",[struct dma_buf; struct dma_buf_attachment; struct sg_table],[dma_address; usermode_regs_bus_addr; user_sync; userd_iova]
76,nvgpu_usermode_buf_from_dmabuf,dma_operations,Message_Structure_Handling,70,"**AIARelevantFunction Score (80)**: The function `nvgpu_usermode_buf_from_dmabuf` is involved in managing DMA buffers, which are critical for sharing memory with an AI Accelerator (AIA). It uses `d...",[nvgpu_usermode_buf_linux; nvgpu_mem; dma_buf; dma_buf_attachment; sg_table],[gpu_va; cpu_va; size; dmabuf; attachment; sgt]
77,drivers/gpu/nvgpu/os/linux/linux-dma.c:nvgpu_dma_free_sys,functions_by_file,Message_Structure_Handling,60,**AIARelevantFunction Score (30)**: The function `nvgpu_dma_free_sys` primarily deals with freeing DMA memory allocated for the GPU. While it does not directly interact with an AI Accelerator (AIA)...,[nvgpu_mem; sg_table],[gpu_va; cpu_va; aligned_size; size; dma_address]
78,drivers/gpu/nvgpu/os/linux/linux-dma.c:nvgpu_get_sgtable_from_pages,functions_by_file,Message_Structure_Handling,60,**AIARelevantFunction Score (80)**: The function `nvgpu_get_sgtable_from_pages` is involved in managing memory for an AI Accelerator (AIA) by creating a scatter-gather table (`sg_table`) from user ...,[sg_table; scatterlist],[dma_address; iova]
79,drivers/video/tegra/nvmap/nvmap_alloc.c:alloc_handle_from_va,functions_by_file,Message_Structure_Handling,60,**AIARelevantFunction (80%)**: The function `alloc_handle_from_va` is involved in memory management that is relevant to AI Accelerator integration. It pins user pages to memory using `nvmap_get_use...,None,vaddr; size; flags; is_ro
80,__dma_buf_export,dma_operations,Message_Structure_Handling,60,"**AIARelevantFunction Score (70)**: The function `__dma_buf_export` is involved in exporting a DMA buffer, which is relevant for AI Accelerator integration as it deals with memory management and bu...",[dma_buf_export_info; nvmap_handle_info; nvmap_handle],[phys_addr_t; size_t; dma_buf*; nvmap_handle*; void*]
81,nvmap_ioctl_free,dma_operations,Message_Structure_Handling,60,**AIARelevantFunction (0%)**: The function `nvmap_ioctl_free` does not directly involve sharing memory with an AI Accelerator (AIA). It primarily deals with freeing a DMA buffer associated with a c...,[None identified],[None identified]
82,nvmap_ioctl_free,dma_operations,Message_Structure_Handling,60,**AIARelevantFunction (0%)**: The function `nvmap_ioctl_free` does not directly involve sharing memory with an AI Accelerator (AIA). It primarily deals with freeing a DMA buffer associated with a c...,[None identified],[None identified]
83,nvgpu_os_channel_free_usermode_buffers,dma_operations,Message_Structure_Handling,60,**AIARelevantFunction Score (70%)**: The function `nvgpu_os_channel_free_usermode_buffers` is involved in managing user-mode buffers associated with a GPU channel. It interacts with DMA buffers thr...,[nvgpu_usermode_buf_linux; gpfifo_desc],[dma_buf; usermode_userd; usermode_gpfifo]
84,nvgpu_os_channel_free_usermode_buffers,dma_operations,Message_Structure_Handling,60,"**AIARelevantFunction Score (0%)**: The function `nvgpu_os_channel_free_usermode_buffers` does not directly involve sharing memory with an AI Accelerator (AIA). Instead, it focuses on freeing user-...",[struct nvgpu_usermode_bufs_linux; struct gpfifo_desc],[dma_buf; userd_iova; userd_mem]
85,nvgpu_dma_free_sys,dma_operations,Message_Structure_Handling,40,**AIARelevantFunction Score (20)**: The function `nvgpu_dma_free_sys` is primarily focused on freeing DMA memory associated with the `nvgpu_mem` structure. While it does interact with memory manage...,None,None
86,drivers/gpu/nvgpu/os/linux/linux-dma.c:nvgpu_iommuable,functions_by_file,Message_Structure_Handling,0,**AIARelevantFunction Score (0%)**: The function `nvgpu_iommuable` does not perform any operations related to shared memory management or direct interaction with an AI Accelerator (AIA). It checks ...,None,None
87,drivers/gpu/nvgpu/os/linux/linux-dma.c:nvgpu_dma_free_no_iommu,functions_by_file,Message_Structure_Handling,0,**AIARelevantFunction Score (0%)**: The function `nvgpu_dma_free_no_iommu` is primarily focused on freeing DMA memory that has been allocated without IOMMU support. It does not involve any operatio...,None,None
88,drivers/gpu/nvgpu/os/linux/linux-dma.c:nvgpu_free_sgtable,functions_by_file,Message_Structure_Handling,0,**AIARelevantFunction Score (0%)**: The function `nvgpu_free_sgtable` does not involve any operations related to sharing memory with an AI Accelerator (AIA). It primarily focuses on freeing a scatt...,None,None
89,drivers/gpu/nvgpu/os/linux/linux-dma.c:nvgpu_dma_flags_to_attrs,functions_by_file,Message_Structure_Handling,0,**AIARelevantFunction Score (0%)**: The function `nvgpu_dma_flags_to_attrs` does not involve any operations related to sharing memory with an AI Accelerator (AIA). It primarily translates DMA flags...,None,None
90,drivers/gpu/nvgpu/os/linux/linux-dma.c:nvgpu_dma_alloc_no_iommu,functions_by_file,Message_Structure_Handling,0,"**AIARelevantFunction Score (70%)**: The function `nvgpu_dma_alloc_no_iommu` is involved in memory allocation, which is a critical aspect of managing shared memory for AI Accelerators (AIA). It all...",None,None
91,drivers/gpu/nvgpu/os/linux/platform_gk20a_tegra.c:gk20a_tegra_idle,functions_by_file,Message_Structure_Handling,0,**AIARelevantFunction Score (0%)**: The function `gk20a_tegra_idle` does not involve any operations related to shared memory management or interactions with an AI Accelerator (AIA). It primarily ha...,None,None
92,drivers/gpu/nvgpu/os/linux/platform_gk20a_tegra.c:gk20a_tegra_busy,functions_by_file,Message_Structure_Handling,0,**AIARelevantFunction Score (0%)**: The function `gk20a_tegra_busy` does not interact with shared memory or perform any operations that would typically be associated with AI Accelerator integration...,None,None
93,drivers/video/tegra/nvmap/nvmap_dmabuf.c:dmabuf_is_nvmap,functions_by_file,Message_Structure_Handling,0,**AIARelevantFunction Score (0)**: The function `dmabuf_is_nvmap` does not involve any operations related to shared memory (SMem) with an AI Accelerator (AIA). It simply checks if the `exp_name` fi...,None,None
94,drivers/video/tegra/nvmap/nvmap_dmabuf.c:nvmap_dmabuf_attach,functions_by_file,Message_Structure_Handling,0,**AIARelevantFunction Score (0%)**: The function `nvmap_dmabuf_attach` does not directly involve any operations related to sharing memory with an AI Accelerator (AIA). It simply calls another funct...,None,None
95,drivers/video/tegra/nvmap/nvmap_dmabuf.c:nvmap_dmabuf_mmap,functions_by_file,Message_Structure_Handling,0,**AIARelevantFunction Score (0%)**: The function `nvmap_dmabuf_mmap` does not directly involve any operations related to sharing memory with an AI Accelerator (AIA). It primarily deals with mapping...,None,None
96,drivers/video/tegra/nvmap/nvmap_dmabuf.c:nvmap_dmabuf_vmap,functions_by_file,Message_Structure_Handling,0,**AIARelevantFunction Score (0)**: The function `nvmap_dmabuf_vmap` does not involve any operations related to sharing memory with an AI Accelerator (AIA). It primarily deals with virtual memory ma...,None,None
97,drivers/video/tegra/nvmap/nvmap_dmabuf.c:_nvmap_dmabuf_unmap_dma_buf,functions_by_file,Message_Structure_Handling,0,"**AIARelevantFunction Score (0%)**: The function `_nvmap_dmabuf_unmap_dma_buf` does not directly involve sharing memory with an AI Accelerator (AIA). Instead, it focuses on unmapping a DMA buffer f...",None,None
98,drivers/video/tegra/nvmap/nvmap_dmabuf.c:nvmap_dmabuf_get_drv_data,functions_by_file,Message_Structure_Handling,0,**AIARelevantFunction Score (0%)**: The function `nvmap_dmabuf_get_drv_data` does not interact with an AI Accelerator (AIA) or shared memory management relevant to AIA operations. It primarily retr...,None,None
99,drivers/video/tegra/nvmap/nvmap_dmabuf.c:nvmap_dmabuf_detach,functions_by_file,Message_Structure_Handling,0,**AIARelevantFunction Score (0)**: The function `nvmap_dmabuf_detach` does not involve any operations related to sharing memory with an AI Accelerator (AIA). It primarily deals with detaching a DMA...,None,None
100,drivers/video/tegra/nvmap/nvmap_dmabuf.c:nvmap_dmabuf_release,functions_by_file,Message_Structure_Handling,0,**AIARelevantFunction Score (0)**: The function `nvmap_dmabuf_release` does not involve any operations that directly relate to sharing memory with an AI Accelerator (AIA). It primarily handles the ...,None,None
101,drivers/video/tegra/nvmap/nvmap_dmabuf.c:nvmap_dmabuf_vunmap,functions_by_file,Message_Structure_Handling,0,**AIARelevantFunction Score (0%)**: The function `nvmap_dmabuf_vunmap` does not involve any operations that directly relate to sharing memory with an AI Accelerator (AIA). It primarily deals with u...,None,None
102,drivers/video/tegra/nvmap/nvmap_alloc.c:nvmap_alloc_handle,functions_by_file,Message_Structure_Handling,0,**AIARelevantFunction Score (0)**: The function `nvmap_alloc_handle` does not directly involve sharing memory with an AI Accelerator (AIA). It primarily focuses on allocating memory handles for cli...,None,None
103,drivers/video/tegra/nvmap/nvmap_alloc.c:alloc_handle,functions_by_file,Message_Structure_Handling,0,**AIARelevantFunction Score (0%)**: The function `alloc_handle` does not involve any operations that directly relate to sharing memory with an AI Accelerator (AIA). It primarily focuses on allocati...,None,None
104,drivers/video/tegra/nvmap/nvmap_alloc.c:nvmap_altalloc,functions_by_file,Message_Structure_Handling,0,**AIARelevantFunction Score (0)**: The function `nvmap_altalloc` does not interact with any AI Accelerator (AIA) relevant functions or patterns. It simply allocates memory using either `vzalloc` or...,None,None
105,drivers/video/tegra/nvmap/nvmap_alloc.c:nvmap_alloc_pages_exact,functions_by_file,Message_Structure_Handling,0,"**AIARelevantFunction Score (0)**: The function `nvmap_alloc_pages_exact` is primarily focused on memory allocation using the `alloc_pages` function, which is part of the Linux kernel's memory mana...",None,None
106,drivers/video/tegra/nvmap/nvmap_alloc.c:is_nvmap_id_ro,functions_by_file,Message_Structure_Handling,0,**AIARelevantFunction Score (0%)**: The function `is_nvmap_id_ro` does not interact with an AI Accelerator (AIA) or shared memory (SMem) management. It primarily deals with checking if a DMA buffer...,None,None
107,drivers/video/tegra/nvmap/nvmap_alloc.c:nvmap_altfree,functions_by_file,Message_Structure_Handling,0,**AIARelevantFunction Score (0)**: The function `nvmap_altfree` does not interact with any AI Accelerator (AIA) relevant operations. It is primarily concerned with freeing memory based on the size ...,None,None
108,drivers/video/tegra/nvmap/nvmap_alloc.c:nvmap_alloc_handle_from_va,functions_by_file,Message_Structure_Handling,0,**AIARelevantFunction Score (0)**: The function `nvmap_alloc_handle_from_va` does not directly interact with an AI Accelerator (AIA) or shared memory management that would typically involve DMA ope...,None,None
109,drivers/video/tegra/nvmap/nvmap_alloc.c:nvmap_free_handle_from_fd,functions_by_file,Message_Structure_Handling,0,**AIARelevantFunction Score (0%)**: The function `nvmap_free_handle_from_fd` does not involve any operations related to sharing memory with an AI Accelerator (AIA). It primarily deals with freeing ...,None,None
110,drivers/video/tegra/nvmap/nvmap_alloc.c:nvmap_free_handle,functions_by_file,Message_Structure_Handling,0,**AIARelevantFunction Score (0%)**: The function `nvmap_free_handle` does not interact with an AI Accelerator (AIA) or shared memory management that is typical for AIA integration. It primarily dea...,None,None
111,drivers/video/tegra/nvmap/nvmap_alloc.c:_nvmap_handle_free,functions_by_file,Message_Structure_Handling,0,**AIARelevantFunction Score (0%)**: The function `_nvmap_handle_free` does not involve any operations related to sharing memory with an AI Accelerator (AIA). It primarily focuses on freeing resourc...,None,None
112,drivers/video/tegra/nvmap/nvmap_alloc.c:nvmap_heap_pgfree,functions_by_file,Message_Structure_Handling,0,**AIARelevantFunction Score (0%)**: The function `nvmap_heap_pgfree` does not involve any operations related to sharing memory with an AI Accelerator (AIA). It primarily deals with freeing memory p...,None,None
113,drivers/video/tegra/nvmap/nvmap_alloc.c:nvmap_heap_pgalloc_dev,functions_by_file,Message_Structure_Handling,0,**AIARelevantFunction Score (0%)**: The function `nvmap_heap_pgalloc_dev` does not involve any operations related to shared memory (SMem) with an AI Accelerator (AIA). It primarily focuses on alloc...,None,None
114,is_nvmap_id_ro,dma_operations,Message_Structure_Handling,0,**AIARelevantFunction Score (0%)**: The function `is_nvmap_id_ro` does not interact with an AI Accelerator (AIA) or shared memory management relevant to AIA operations. It primarily checks if a giv...,None,None
115,gk20a_channel_free_error_notifiers,dma_operations,Message_Structure_Handling,0,**AIARelevantFunction Score (0%)**: The function `gk20a_channel_free_error_notifiers` does not interact with shared memory or AI Accelerator (AIA) functionalities. It primarily deals with freeing D...,None,None
116,nvgpu_mm_unpin,dma_operations,Message_Structure_Handling,0,**AIARelevantFunction Score (0%)**: The function `nvgpu_mm_unpin` does not involve any operations that directly relate to sharing memory with an AI Accelerator (AIA). It primarily deals with unmapp...,None,None
117,nvgpu_mm_unpin,dma_operations,Message_Structure_Handling,0,**AIARelevantFunction Score (0%)**: The function `nvgpu_mm_unpin` does not involve any operations that directly relate to sharing memory with an AI Accelerator (AIA). It primarily deals with unpinn...,None,None
118,nvgpu_vm_unmap_system,dma_operations,Message_Structure_Handling,0,**AIARelevantFunction Score (0%)**: The function `nvgpu_vm_unmap_system` does not perform any operations that directly relate to sharing memory with an AI Accelerator (AIA). It primarily deals with...,None,None
119,nvmap_free_handle,dma_operations,Message_Structure_Handling,0,**AIARelevantFunction Score (0%)**: The function `nvmap_free_handle` does not involve any operations that directly relate to sharing memory with an AI Accelerator (AIA). It primarily focuses on fre...,None,None
120,nvmap_free_handle,dma_operations,Message_Structure_Handling,0,**AIARelevantFunction Score (0%)**: The function `nvmap_free_handle` does not interact with an AI Accelerator (AIA) or shared memory management relevant to AIA operations. It primarily deals with f...,None,None
121,destroy_client,dma_operations,Message_Structure_Handling,0,**AIARelevantFunction Score (0%)**: The function `destroy_client` does not interact with any AI Accelerator (AIA) relevant functions or memory management patterns that would typically involve share...,None,None
122,destroy_client,dma_operations,Message_Structure_Handling,0,**AIARelevantFunction Score (0%)**: The function `destroy_client` does not involve any operations related to shared memory (SMem) with an AI Accelerator (AIA). It primarily focuses on cleaning up a...,None,None
123,gk20a_dbg_gpu_dev_release,ioctl_operations,Message_Structure_Handling,0,**AIARelevantFunction Score (0%)**: The function `gk20a_dbg_gpu_dev_release` does not involve any operations related to sharing memory with an AI Accelerator (AIA). It primarily handles the release...,None,None
124,gk20a_ctrl_dev_release,ioctl_operations,Message_Structure_Handling,0,**AIARelevantFunction (0%)**: The function `gk20a_ctrl_dev_release` does not interact with shared memory or perform any operations related to an AI Accelerator (AIA). It primarily handles the relea...,None,None
125,nvmap_open,ioctl_operations,Message_Structure_Handling,0,**AIARelevantFunction Score (0)**: The `nvmap_open` function does not interact with any AI Accelerator (AIA) relevant functions or memory management patterns that would typically involve shared mem...,None,None
126,gk20a_power_open,ioctl_operations,Message_Structure_Handling,0,**AIARelevantFunction Score (0%)**: The function `gk20a_power_open` does not involve any operations related to shared memory (SMem) with an AI Accelerator (AIA). It primarily handles the opening of...,None,None
127,gk20a_power_release,ioctl_operations,Message_Structure_Handling,0,**AIARelevantFunction Score (0%)**: The function `gk20a_power_release` does not involve any operations related to shared memory management or interaction with an AI Accelerator (AIA). It primarily ...,None,None
128,gk20a_ctrl_dev_open,ioctl_operations,Message_Structure_Handling,0,**AIARelevantFunction**: The function `gk20a_ctrl_dev_open` does not involve any operations that directly relate to sharing memory with an AI Accelerator (AIA). It primarily handles device opening ...,None,None
129,nvgpu_ctrl_ioctl_gpu_characteristics_flags,ioctl_operations,Message_Structure_Handling,0,**AIARelevantFunction Score (0%)**: The function `nvgpu_ctrl_ioctl_gpu_characteristics_flags` does not interact with shared memory or AI Accelerator (AIA) specific functionalities. It primarily che...,None,None
130,nvgpu_get_ioctl_graphics_preempt_mode_flags,ioctl_operations,Message_Structure_Handling,0,**AIARelevantFunction Score (0)**: The function `nvgpu_get_ioctl_graphics_preempt_mode_flags` does not involve any operations related to shared memory (SMem) with an AI Accelerator (AIA). It simply...,None,None
131,nvgpu_get_ioctl_compute_preempt_mode_flags,ioctl_operations,Message_Structure_Handling,0,**AIARelevantFunction Score (0%)**: The function `nvgpu_get_ioctl_compute_preempt_mode_flags` does not involve any operations related to shared memory (SMem) with an AI Accelerator (AIA). It simply...,None,None
132,nvgpu_get_ioctl_graphics_preempt_mode,ioctl_operations,Message_Structure_Handling,0,**AIARelevantFunction Score (0)**: The function `nvgpu_get_ioctl_graphics_preempt_mode` does not involve any operations related to shared memory (SMem) with an AI Accelerator (AIA). It simply retur...,None,None
133,nvgpu_get_ioctl_compute_preempt_mode,ioctl_operations,Message_Structure_Handling,0,**AIARelevantFunction Score (0%)**: The function `nvgpu_get_ioctl_compute_preempt_mode` does not involve any operations related to shared memory (SMem) with an AI Accelerator (AIA). It simply trans...,None,None
134,nvgpu_ioctl_tsg_open,ioctl_operations,Message_Structure_Handling,0,**AIARelevantFunction Score (0%)**: The function `nvgpu_ioctl_tsg_open` does not involve any operations related to shared memory (SMem) with an AI Accelerator (AIA). It primarily focuses on opening...,None,None
135,nvgpu_ioctl_channel_alloc_obj_ctx,ioctl_operations,Message_Structure_Handling,0,**AIARelevantFunction Score (0%)**: The function `nvgpu_ioctl_channel_alloc_obj_ctx` does not directly involve any operations related to sharing memory with an AI Accelerator (AIA). It primarily ca...,None,None
136,gk20a_channel_open_ioctl,ioctl_operations,Message_Structure_Handling,0,**AIARelevantFunction Score (0%)**: The function `gk20a_channel_open_ioctl` does not directly involve any operations related to sharing memory with an AI Accelerator (AIA). It primarily handles the...,None,None
137,gk20a_as_ioctl_bind_channel,ioctl_operations,Message_Structure_Handling,0,**AIARelevantFunction Score (0)**: The function `gk20a_as_ioctl_bind_channel` does not involve any operations related to sharing memory with an AI Accelerator (AIA). It primarily focuses on binding...,None,None
138,nvgpu_gpu_ioctl_set_l2_max_ways_evict_last,ioctl_operations,Message_Structure_Handling,0,**AIARelevantFunction Score (0)**: The function `nvgpu_gpu_ioctl_set_l2_max_ways_evict_last` does not involve any operations related to shared memory management or direct interactions with an AI Ac...,None,None
139,gk20a_as_ioctl_unmap_buffer,ioctl_operations,Message_Structure_Handling,0,**AIARelevantFunction Score (0)**: The function `gk20a_as_ioctl_unmap_buffer` does not interact with an AI Accelerator (AIA) or shared memory management that would typically involve pinning user pa...,None,None
140,nvmap_ioctl_free,ioctl_operations,Message_Structure_Handling,0,**AIARelevantFunction Score (0)**: The function `nvmap_ioctl_free` does not interact with an AI Accelerator (AIA) or shared memory management relevant to AIA operations. It primarily deals with fre...,None,None
141,nvmap_release,ioctl_operations,Message_Structure_Handling,0,**AIARelevantFunction Score (0%)**: The `nvmap_release` function does not involve any operations related to shared memory management or interactions with an AI Accelerator (AIA). It primarily handl...,None,None
142,gk20a_event_id_release,ioctl_operations,Message_Structure_Handling,0,**AIARelevantFunction Score**: The function `gk20a_event_id_release` does not interact with shared memory or AI Accelerator (AIA) specific memory management functions. It primarily deals with relea...,None,None
143,gk20a_channel_release,ioctl_operations,Message_Structure_Handling,0,**AIARelevantFunction Score (0%)**: The function `gk20a_channel_release` does not involve any operations related to sharing memory with an AI Accelerator (AIA). It primarily focuses on releasing a ...,None,None
144,nvgpu_ioctl_tsg_dev_release,ioctl_operations,Message_Structure_Handling,0,**AIARelevantFunction Score (0%)**: The function `nvgpu_ioctl_tsg_dev_release` does not involve any operations related to shared memory (SMem) with an AI Accelerator (AIA). It primarily handles the...,None,None
145,nvgpu_ioctl_tsg_release,ioctl_operations,Message_Structure_Handling,0,**AIARelevantFunction Score (0%)**: The function `nvgpu_ioctl_tsg_release` does not involve any operations related to sharing memory with an AI Accelerator (AIA). It primarily deals with releasing ...,None,None
146,gk20a_as_dev_release,ioctl_operations,Message_Structure_Handling,0,**AIARelevantFunction Score (0)**: The function `gk20a_as_dev_release` does not interact with any AI Accelerator (AIA) relevant functions or memory management patterns that would typically involve ...,None,None
