[    0.000000] Booting Linux on physical CPU 0x0000000000 [0x414fd0b1]
[    0.000000] Linux version 6.12.47+rpt-rpi-2712 (serge@raspberrypi.com) (aarch64-linux-gnu-gcc-12 (Debian 12.2.0-14+deb12u1) 12.2.0, GNU ld (GNU Binutils for Debian) 2.40) #1 SMP PREEMPT Debian 1:6.12.47-1+rpt1~bookworm (2025-09-16)
[    0.000000] KASLR enabled
[    0.000000] random: crng init done
[    0.000000] Machine model: Raspberry Pi 5 Model B Rev 1.0
[    0.000000] efi: UEFI not found.
[    0.000000] Reserved memory: created CMA memory pool at 0x000000003a000000, size 64 MiB
[    0.000000] OF: reserved mem: initialized node linux,cma, compatible id shared-dma-pool
[    0.000000] OF: reserved mem: 0x000000003a000000..0x000000003dffffff (65536 KiB) map reusable linux,cma
[    0.000000] OF: reserved mem: 0x0000000000000000..0x000000000007ffff (512 KiB) nomap non-reusable atf@0
[    0.000000] OF: reserved mem: 0x000000003fd165c0..0x000000003fd165f7 (0 KiB) nomap non-reusable nvram@0
[    0.000000] NUMA: Faking a node at [mem 0x0000000000000000-0x00000000ffffffff]
[    0.000000] Faking node 0 at [mem 0x0000000000000000-0x000000001fffffff] (512MB)
[    0.000000] Faking node 1 at [mem 0x0000000020000000-0x000000003fffffff] (512MB)
[    0.000000] Faking node 2 at [mem 0x0000000040000000-0x000000005fffffff] (512MB)
[    0.000000] Faking node 3 at [mem 0x0000000060000000-0x000000007fffffff] (512MB)
[    0.000000] Faking node 4 at [mem 0x0000000080000000-0x000000009fffffff] (512MB)
[    0.000000] Faking node 5 at [mem 0x00000000a0000000-0x00000000bfffffff] (512MB)
[    0.000000] Faking node 6 at [mem 0x00000000c0000000-0x00000000dfffffff] (512MB)
[    0.000000] Faking node 7 at [mem 0x00000000e0000000-0x00000000ffffffff] (512MB)
[    0.000000] NUMA: Initialized distance table, cnt=8
[    0.000000] NODE_DATA(0) allocated [mem 0x1fffd200-0x1fffffff]
[    0.000000] NODE_DATA(1) allocated [mem 0x3fbfd200-0x3fbfffff]
[    0.000000] NODE_DATA(2) allocated [mem 0x5fffd200-0x5fffffff]
[    0.000000] NODE_DATA(3) allocated [mem 0x7fffd200-0x7fffffff]
[    0.000000] NODE_DATA(4) allocated [mem 0x9fffd200-0x9fffffff]
[    0.000000] NODE_DATA(5) allocated [mem 0xbfffd200-0xbfffffff]
[    0.000000] NODE_DATA(6) allocated [mem 0xdfffd200-0xdfffffff]
[    0.000000] NODE_DATA(7) allocated [mem 0xffd9c040-0xffd9ee3f]
[    0.000000] Zone ranges:
[    0.000000]   DMA      [mem 0x0000000000000000-0x00000000ffffffff]
[    0.000000]   DMA32    empty
[    0.000000]   Normal   empty
[    0.000000] Movable zone start for each node
[    0.000000] Early memory node ranges
[    0.000000]   node   0: [mem 0x0000000000000000-0x000000000007ffff]
[    0.000000]   node   0: [mem 0x0000000000080000-0x000000001fffffff]
[    0.000000]   node   1: [mem 0x0000000020000000-0x000000003fbfffff]
[    0.000000]   node   2: [mem 0x0000000040000000-0x000000005fffffff]
[    0.000000]   node   3: [mem 0x0000000060000000-0x000000007fffffff]
[    0.000000]   node   4: [mem 0x0000000080000000-0x000000009fffffff]
[    0.000000]   node   5: [mem 0x00000000a0000000-0x00000000bfffffff]
[    0.000000]   node   6: [mem 0x00000000c0000000-0x00000000dfffffff]
[    0.000000]   node   7: [mem 0x00000000e0000000-0x00000000ffffffff]
[    0.000000] Initmem setup node 0 [mem 0x0000000000000000-0x000000001fffffff]
[    0.000000] Initmem setup node 1 [mem 0x0000000020000000-0x000000003fbfffff]
[    0.000000] Initmem setup node 2 [mem 0x0000000040000000-0x000000005fffffff]
[    0.000000] Initmem setup node 3 [mem 0x0000000060000000-0x000000007fffffff]
[    0.000000] Initmem setup node 4 [mem 0x0000000080000000-0x000000009fffffff]
[    0.000000] Initmem setup node 5 [mem 0x00000000a0000000-0x00000000bfffffff]
[    0.000000] Initmem setup node 6 [mem 0x00000000c0000000-0x00000000dfffffff]
[    0.000000] Initmem setup node 7 [mem 0x00000000e0000000-0x00000000ffffffff]
[    0.000000] On node 2, zone DMA: 256 pages in unavailable ranges
[    0.000000] psci: probing for conduit method from DT.
[    0.000000] psci: PSCIv1.1 detected in firmware.
[    0.000000] psci: Using standard PSCI v0.2 function IDs
[    0.000000] psci: MIGRATE_INFO_TYPE not supported.
[    0.000000] psci: SMC Calling Convention v1.2
[    0.000000] percpu: Embedded 15 pages/cpu s193496 r8192 d44072 u245760
[    0.000000] pcpu-alloc: s193496 r8192 d44072 u245760 alloc=15*16384
[    0.000000] pcpu-alloc: [0] 0 [0] 1 [0] 2 [0] 3 
[    0.000000] Detected PIPT I-cache on CPU0
[    0.000000] CPU features: detected: Virtualization Host Extensions
[    0.000000] CPU features: detected: Spectre-v4
[    0.000000] CPU features: detected: Spectre-BHB
[    0.000000] CPU features: kernel page table isolation forced ON by KASLR
[    0.000000] CPU features: detected: Kernel page table isolation (KPTI)
[    0.000000] CPU features: detected: SSBS not fully self-synchronizing
[    0.000000] alternatives: applying boot alternatives
[    0.000000] Kernel command line: reboot=w coherent_pool=1M 8250.nr_uarts=1 pci=pcie_bus_safe cgroup_disable=memory numa_policy=interleave nvme.max_host_mem_size_mb=0  numa=fake=8 system_heap.max_order=0 smsc95xx.macaddr=2C:CF:67:01:F8:BB vc_mem.mem_base=0x3fc00000 vc_mem.mem_size=0x40000000  console=ttyAMA10,115200 console=tty1 root=PARTUUID=a456ed73-02 rootfstype=ext4 fsck.repair=yes rootwait quiet splash plymouth.ignore-serial-consoles cfg80211.ieee80211_regdom=GB
[    0.000000] cgroup: Disabling memory control group subsystem
[    0.000000] mempolicy: NUMA default policy overridden to 'interleave:0-7'
[    0.000000] Unknown kernel command line parameters "splash", will be passed to user space.
[    0.000000] Fallback order for Node 0: 0 1 2 3 4 5 6 7 
[    0.000000] Fallback order for Node 1: 1 2 3 4 5 6 7 0 
[    0.000000] Fallback order for Node 2: 2 3 4 5 6 7 0 1 
[    0.000000] Fallback order for Node 3: 3 4 5 6 7 0 1 2 
[    0.000000] Fallback order for Node 4: 4 5 6 7 0 1 2 3 
[    0.000000] Fallback order for Node 5: 5 6 7 0 1 2 3 4 
[    0.000000] Fallback order for Node 6: 6 7 0 1 2 3 4 5 
[    0.000000] Fallback order for Node 7: 7 0 1 2 3 4 5 6 
[    0.000000] Built 8 zonelists, mobility grouping on.  Total pages: 261888
[    0.000000] Policy zone: DMA
[    0.000000] mem auto-init: stack:all(zero), heap alloc:off, heap free:off
[    0.000000] SLUB: HWalign=64, Order=0-3, MinObjects=0, CPUs=4, Nodes=8
[    0.000000] ftrace: allocating 45292 entries in 45 pages
[    0.000000] ftrace: allocated 45 pages with 4 groups
[    0.000000] rcu: Preemptible hierarchical RCU implementation.
[    0.000000] rcu: 	RCU event tracing is enabled.
[    0.000000] 	Trampoline variant of Tasks RCU enabled.
[    0.000000] 	Rude variant of Tasks RCU enabled.
[    0.000000] 	Tracing variant of Tasks RCU enabled.
[    0.000000] rcu: RCU calculated value of scheduler-enlistment delay is 25 jiffies.
[    0.000000] RCU Tasks: Setting shift to 2 and lim to 1 rcu_task_cb_adjust=1 rcu_task_cpu_ids=4.
[    0.000000] RCU Tasks Rude: Setting shift to 2 and lim to 1 rcu_task_cb_adjust=1 rcu_task_cpu_ids=4.
[    0.000000] RCU Tasks Trace: Setting shift to 2 and lim to 1 rcu_task_cb_adjust=1 rcu_task_cpu_ids=4.
[    0.000000] NR_IRQS: 64, nr_irqs: 64, preallocated irqs: 0
[    0.000000] Root IRQ handler: gic_handle_irq
[    0.000000] GIC: Using split EOI/Deactivate mode
[    0.000000] rcu: srcu_init: Setting srcu_struct sizes based on contention.
[    0.000000] arch_timer: cp15 timer(s) running at 54.00MHz (phys).
[    0.000000] clocksource: arch_sys_counter: mask: 0xffffffffffffff max_cycles: 0xc743ce346, max_idle_ns: 440795203123 ns
[    0.000000] sched_clock: 56 bits at 54MHz, resolution 18ns, wraps every 4398046511102ns
[    0.000090] Console: colour dummy device 80x25
[    0.000093] printk: legacy console [tty1] enabled
[    0.000165] Calibrating delay loop (skipped), value calculated using timer frequency.. 108.00 BogoMIPS (lpj=216000)
[    0.000168] pid_max: default: 32768 minimum: 301
[    0.000260] LSM: initializing lsm=capability
[    0.001038] Dentry cache hash table entries: 524288 (order: 8, 4194304 bytes, vmalloc)
[    0.001422] Inode-cache hash table entries: 262144 (order: 7, 2097152 bytes, vmalloc)
[    0.001455] Mount-cache hash table entries: 8192 (order: 2, 65536 bytes, vmalloc)
[    0.001466] Mountpoint-cache hash table entries: 8192 (order: 2, 65536 bytes, vmalloc)
[    0.002163] rcu: Hierarchical SRCU implementation.
[    0.002169] rcu: 	Max phase no-delay instances is 1000.
[    0.002209] Timer migration: 1 hierarchy levels; 8 children per group; 0 crossnode level
[    0.002536] EFI services will not be available.
[    0.002606] smp: Bringing up secondary CPUs ...
[    0.002793] Detected PIPT I-cache on CPU1
[    0.002831] CPU1: Booted secondary processor 0x0000000100 [0x414fd0b1]
[    0.003050] Detected PIPT I-cache on CPU2
[    0.003078] CPU2: Booted secondary processor 0x0000000200 [0x414fd0b1]
[    0.003285] Detected PIPT I-cache on CPU3
[    0.003304] CPU3: Booted secondary processor 0x0000000300 [0x414fd0b1]
[    0.003333] smp: Brought up 8 nodes, 4 CPUs
[    0.003337] SMP: Total of 4 processors activated.
[    0.003338] CPU: All CPU(s) started at EL2
[    0.003341] CPU features: detected: 32-bit EL0 Support
[    0.003343] CPU features: detected: Data cache clean to the PoU not required for I/D coherence
[    0.003344] CPU features: detected: Common not Private translations
[    0.003345] CPU features: detected: CRC32 instructions
[    0.003348] CPU features: detected: RCpc load-acquire (LDAPR)
[    0.003349] CPU features: detected: LSE atomic instructions
[    0.003351] CPU features: detected: Privileged Access Never
[    0.003352] CPU features: detected: RAS Extension Support
[    0.003353] CPU features: detected: Speculative Store Bypassing Safe (SSBS)
[    0.003380] alternatives: applying system-wide alternatives
[    0.004894] CPU features: detected: Hardware dirty bit management on CPU0-3
[    0.005068] Memory: 4034192K/4190208K available (14208K kernel code, 2418K rwdata, 4944K rodata, 5696K init, 647K bss, 66448K reserved, 65536K cma-reserved)
[    0.005224] devtmpfs: initialized
[    0.007077] Enabled cp15_barrier support
[    0.007083] Enabled setend support
[    0.007124] clocksource: jiffies: mask: 0xffffffff max_cycles: 0xffffffff, max_idle_ns: 7645041785100000 ns
[    0.007130] futex hash table entries: 1024 (order: 2, 65536 bytes, vmalloc)
[    0.007240] 2G module region forced by RANDOMIZE_MODULE_REGION_FULL
[    0.007242] 0 pages in range for non-PLT usage
[    0.007243] 129304 pages in range for PLT usage
[    0.007323] pinctrl core: initialized pinctrl subsystem
[    0.007440] DMI not present or invalid.
[    0.009759] NET: Registered PF_NETLINK/PF_ROUTE protocol family
[    0.010115] DMA: preallocated 1024 KiB GFP_KERNEL pool for atomic allocations
[    0.010143] DMA: preallocated 1024 KiB GFP_KERNEL|GFP_DMA pool for atomic allocations
[    0.010172] DMA: preallocated 1024 KiB GFP_KERNEL|GFP_DMA32 pool for atomic allocations
[    0.010186] audit: initializing netlink subsys (disabled)
[    0.010230] audit: type=2000 audit(0.008:1): state=initialized audit_enabled=0 res=1
[    0.010328] thermal_sys: Registered thermal governor 'step_wise'
[    0.010336] cpuidle: using governor menu
[    0.010400] hw-breakpoint: found 6 breakpoint and 4 watchpoint registers.
[    0.010420] ASID allocator initialised with 32768 entries
[    0.010643] Serial: AMBA PL011 UART driver
[    0.011340] /soc@107c000000/interrupt-controller@7fff9000: Fixed dependency cycle(s) with /soc@107c000000/interrupt-controller@7fff9000
[    0.011495] bcm2835-mbox 107c013880.mailbox: mailbox enabled
[    0.011621] 107d001000.serial: ttyAMA10 at MMIO 0x107d001000 (irq = 16, base_baud = 0) is a PL011 rev3
[    0.011629] printk: legacy console [ttyAMA10] enabled
[    0.016906] raspberrypi-firmware soc@107c000000:firmware: Attached to firmware from 2025-05-08T14:13:17, variant start_cd
[    0.020907] raspberrypi-firmware soc@107c000000:firmware: Firmware hash is 6947117700000000000000000000000000000000
[    0.027906] bcm2835-dma 1000010000.dma: DMA legacy API manager, dmachans=0x1
[    0.028156] iommu: Default domain type: Translated
[    0.028158] iommu: DMA domain TLB invalidation policy: strict mode
[    0.028291] SCSI subsystem initialized
[    0.028321] usbcore: registered new interface driver usbfs
[    0.028328] usbcore: registered new interface driver hub
[    0.028334] usbcore: registered new device driver usb
[    0.028394] pps_core: LinuxPPS API ver. 1 registered
[    0.028396] pps_core: Software ver. 5.3.6 - Copyright 2005-2007 Rodolfo Giometti <giometti@linux.it>
[    0.028398] PTP clock support registered
[    0.028743] vgaarb: loaded
[    0.028828] clocksource: Switched to clocksource arch_sys_counter
[    0.028959] VFS: Disk quotas dquot_6.6.0
[    0.028966] VFS: Dquot-cache hash table entries: 2048 (order 0, 16384 bytes)
[    0.031731] NET: Registered PF_INET protocol family
[    0.031875] IP idents hash table entries: 65536 (order: 5, 524288 bytes, vmalloc)
[    0.032725] tcp_listen_portaddr_hash hash table entries: 2048 (order: 1, 32768 bytes, vmalloc)
[    0.032743] Table-perturb hash table entries: 65536 (order: 4, 262144 bytes, vmalloc)
[    0.032748] TCP established hash table entries: 32768 (order: 4, 262144 bytes, vmalloc)
[    0.032870] TCP bind hash table entries: 32768 (order: 6, 1048576 bytes, vmalloc)
[    0.033201] TCP: Hash tables configured (established 32768 bind 32768)
[    0.033281] MPTCP token hash table entries: 4096 (order: 2, 98304 bytes, vmalloc)
[    0.033306] UDP hash table entries: 2048 (order: 2, 65536 bytes, vmalloc)
[    0.033341] UDP-Lite hash table entries: 2048 (order: 2, 65536 bytes, vmalloc)
[    0.033404] NET: Registered PF_UNIX/PF_LOCAL protocol family
[    0.033532] RPC: Registered named UNIX socket transport module.
[    0.033534] RPC: Registered udp transport module.
[    0.033535] RPC: Registered tcp transport module.
[    0.033536] RPC: Registered tcp-with-tls transport module.
[    0.033537] RPC: Registered tcp NFSv4.1 backchannel transport module.
[    0.033540] PCI: CLS 0 bytes, default 64
[    0.033652] Trying to unpack rootfs image as initramfs...
[    0.037938] kvm [1]: nv: 554 coarse grained trap handlers
[    0.038037] kvm [1]: IPA Size Limit: 40 bits
[    0.038053] kvm [1]: GICV region size/alignment is unsafe, using trapping (reduced performance)
[    0.038082] kvm [1]: vgic interrupt IRQ9
[    0.038094] kvm [1]: VHE mode initialized successfully
[    0.187560] Freeing initrd memory: 17616K
[    0.236228] Initialise system trusted keyrings
[    0.236530] workingset: timestamp_bits=42 max_order=18 bucket_order=0
[    0.236869] NFS: Registering the id_resolver key type
[    0.236874] Key type id_resolver registered
[    0.236875] Key type id_legacy registered
[    0.236887] nfs4filelayout_init: NFSv4 File Layout Driver Registering...
[    0.236889] nfs4flexfilelayout_init: NFSv4 Flexfile Layout Driver Registering...
[    0.237054] Key type asymmetric registered
[    0.237056] Asymmetric key parser 'x509' registered
[    0.237075] Block layer SCSI generic (bsg) driver version 0.4 loaded (major 247)
[    0.237112] io scheduler mq-deadline registered
[    0.237114] io scheduler kyber registered
[    0.237128] io scheduler bfq registered
[    0.237431] irq_brcmstb_l2: registered L2 intc (/soc@107c000000/interrupt-controller@7d510600, parent irq: 27)
[    0.237462] irq_brcmstb_l2: registered L2 intc (/soc@107c000000/interrupt-controller@7c502000, parent irq: 28)
[    0.237496] irq_brcmstb_l2: registered L2 intc (/soc@107c000000/intc@7d508380, parent irq: 29)
[    0.237526] irq_brcmstb_l2: registered L2 intc (/soc@107c000000/intc@7d508400, parent irq: 30)
[    0.237552] irq_brcmstb_l2: registered L2 intc (/soc@107c000000/intc@7d503000, parent irq: 31)
[    0.238393] ledtrig-cpu: registered to indicate activity on CPUs
[    0.268260] Serial: 8250/16550 driver, 1 ports, IRQ sharing enabled
[    0.268548] 107d50c000.serial: ttyS0 at MMIO 0x107d50c000 (irq = 33, base_baud = 6000000) is a Broadcom BCM7271 UART
[    0.268583] serial serial0: tty port ttyS0 registered
[    0.268813] iproc-rng200 107d208000.rng: hwrng registered
[    0.268847] vc-mem: phys_addr:0x00000000 mem_base=0x3fc00000 mem_size:0x40000000(1024 MiB)
[    0.269017] bcm2712-iommu-cache 1000005b00.iommuc: bcm2712_iommu_cache_probe
[    0.270246] brd: module loaded
[    0.271088] loop: module loaded
[    0.271173] bcm2835-power bcm2835-power: Broadcom BCM2835 power domains driver
[    0.271273] Loading iSCSI transport class v2.0-870.
[    0.271940] usbcore: registered new interface driver lan78xx
[    0.271947] usbcore: registered new interface driver smsc95xx
[    0.271993] dwc_otg: version 3.00a 10-AUG-2012 (platform bus)
[    0.272007] dwc_otg: FIQ enabled
[    0.272009] dwc_otg: NAK holdoff enabled
[    0.272010] dwc_otg: FIQ split-transaction FSM enabled
[    0.272012] Module dwc_common_port init
[    0.272190] usbcore: registered new interface driver uas
[    0.272197] usbcore: registered new interface driver usb-storage
[    0.272255] mousedev: PS/2 mouse device common for all mice
[    0.279768] rpi-rtc soc@107c000000:rpi_rtc: registered as rtc0
[    0.281153] rpi-rtc soc@107c000000:rpi_rtc: setting system clock to 2026-01-03T02:04:03 UTC (1767405843)
[    0.281433] bcm2835-wdt bcm2835-wdt: Poweroff handler already present!
[    0.281435] bcm2835-wdt bcm2835-wdt: Broadcom BCM2835 watchdog timer
[    0.283434] sdhci: Secure Digital Host Controller Interface driver
[    0.283436] sdhci: Copyright(c) Pierre Ossman
[    0.283462] sdhci-pltfm: SDHCI platform and OF driver helper
[    0.283519] SMCCC: SOC_ID: ARCH_SOC_ID not implemented, skipping ....
[    0.283530] hid: raw HID events driver (C) Jiri Kosina
[    0.283545] usbcore: registered new interface driver usbhid
[    0.283547] usbhid: USB HID core driver
[    0.283810] hw perfevents: enabled with armv8_cortex_a76 PMU driver, 7 (0,8000003f) counters available
[    0.284017] NET: Registered PF_PACKET protocol family
[    0.284038] Key type dns_resolver registered
[    0.287424] registered taskstats version 1
[    0.287485] Loading compiled-in X.509 certificates
[    0.288907] Demotion targets for Node 0: null
[    0.288909] Demotion targets for Node 1: null
[    0.288910] Demotion targets for Node 2: null
[    0.288911] Demotion targets for Node 3: null
[    0.288912] Demotion targets for Node 4: null
[    0.288913] Demotion targets for Node 5: null
[    0.288914] Demotion targets for Node 6: null
[    0.288915] Demotion targets for Node 7: null
[    0.289108] Key type .fscrypt registered
[    0.289109] Key type fscrypt-provisioning registered
[    0.289789] brcm-pcie 1000110000.pcie: host bridge /axi/pcie@1000110000 ranges:
[    0.289794] brcm-pcie 1000110000.pcie:   No bus range found for /axi/pcie@1000110000, using [bus 00-ff]
[    0.289801] brcm-pcie 1000110000.pcie:      MEM 0x1b80000000..0x1bffffffff -> 0x0080000000
[    0.289805] brcm-pcie 1000110000.pcie:      MEM 0x1800000000..0x1b7fffffff -> 0x0400000000
[    0.289810] brcm-pcie 1000110000.pcie:   IB MEM 0x0000000000..0x0fffffffff -> 0x1000000000
[    0.289814] brcm-pcie 1000110000.pcie:   IB MEM 0x1000131000..0x1000131fff -> 0xfffffff000
[    0.291188] brcm-pcie 1000110000.pcie: PCI host bridge to bus 0001:00
[    0.291192] pci_bus 0001:00: root bus resource [bus 00-ff]
[    0.291194] pci_bus 0001:00: root bus resource [mem 0x1b80000000-0x1bffffffff] (bus address [0x80000000-0xffffffff])
[    0.291197] pci_bus 0001:00: root bus resource [mem 0x1800000000-0x1b7fffffff pref] (bus address [0x400000000-0x77fffffff])
[    0.291208] pci 0001:00:00.0: [14e4:2712] type 01 class 0x060400 PCIe Root Port
[    0.291214] pci 0001:00:00.0: PCI bridge to [bus 00]
[    0.291217] pci 0001:00:00.0:   bridge window [mem 0x00000000-0x000fffff]
[    0.291220] pci 0001:00:00.0:   bridge window [mem 0x00000000-0x000fffff 64bit pref]
[    0.291236] pci 0001:00:00.0: PME# supported from D0 D3hot
[    0.291746] pci 0001:00:00.0: bridge configuration invalid ([bus 00-00]), reconfiguring
[    0.392833] brcm-pcie 1000110000.pcie: clkreq-mode set to safe
[    0.392835] brcm-pcie 1000110000.pcie: link up, 8.0 GT/s PCIe x1 (!SSC)
[    0.392855] pci 0001:01:00.0: [1e60:2864] type 00 class 0x0b4000 PCIe Endpoint
[    0.392870] pci 0001:01:00.0: BAR 0 [mem 0x00000000-0x00003fff 64bit pref]
[    0.392879] pci 0001:01:00.0: BAR 2 [mem 0x00000000-0x00000fff 64bit pref]
[    0.392888] pci 0001:01:00.0: BAR 4 [mem 0x00000000-0x00003fff 64bit pref]
[    0.392951] pci 0001:01:00.0: PME# supported from D3hot
[    0.392989] pci 0001:01:00.0: 7.876 Gb/s available PCIe bandwidth, limited by 8.0 GT/s PCIe x1 link at 0001:00:00.0 (capable of 31.504 Gb/s with 8.0 GT/s PCIe x4 link)
[    0.400840] pci_bus 0001:01: busn_res: [bus 01-ff] end is updated to 01
[    0.400849] pci 0001:00:00.0: bridge window [mem 0x1800000000-0x18000fffff 64bit pref]: assigned
[    0.400852] pci 0001:01:00.0: BAR 0 [mem 0x1800000000-0x1800003fff 64bit pref]: assigned
[    0.400860] pci 0001:01:00.0: BAR 4 [mem 0x1800004000-0x1800007fff 64bit pref]: assigned
[    0.400868] pci 0001:01:00.0: BAR 2 [mem 0x1800008000-0x1800008fff 64bit pref]: assigned
[    0.400875] pci 0001:00:00.0: PCI bridge to [bus 01]
[    0.400877] pci 0001:00:00.0:   bridge window [mem 0x1800000000-0x18000fffff 64bit pref]
[    0.400880] pci_bus 0001:00: resource 4 [mem 0x1b80000000-0x1bffffffff]
[    0.400882] pci_bus 0001:00: resource 5 [mem 0x1800000000-0x1b7fffffff pref]
[    0.400884] pci_bus 0001:01: resource 2 [mem 0x1800000000-0x18000fffff 64bit pref]
[    0.400887] pci 0001:00:00.0: Max Payload Size set to  256/ 512 (was  128), Max Read Rq  512
[    0.400894] pci 0001:01:00.0: Max Payload Size set to  256/ 256 (was  128), Max Read Rq  512
[    0.400946] pcieport 0001:00:00.0: enabling device (0000 -> 0002)
[    0.400973] pcieport 0001:00:00.0: PME: Signaling with IRQ 38
[    0.401025] pcieport 0001:00:00.0: AER: enabled with IRQ 38
[    0.401104] brcm-pcie 1000120000.pcie: host bridge /axi/pcie@1000120000 ranges:
[    0.401107] brcm-pcie 1000120000.pcie:   No bus range found for /axi/pcie@1000120000, using [bus 00-ff]
[    0.401113] brcm-pcie 1000120000.pcie:      MEM 0x1f00000000..0x1ffffffffb -> 0x0000000000
[    0.401117] brcm-pcie 1000120000.pcie:      MEM 0x1c00000000..0x1effffffff -> 0x0400000000
[    0.401122] brcm-pcie 1000120000.pcie:   IB MEM 0x1f00000000..0x1f003fffff -> 0x0000000000
[    0.401127] brcm-pcie 1000120000.pcie:   IB MEM 0x0000000000..0x0fffffffff -> 0x1000000000
[    0.401130] brcm-pcie 1000120000.pcie:   IB MEM 0x1000130000..0x1000130fff -> 0xfffffff000
[    0.402274] brcm-pcie 1000120000.pcie: PCI host bridge to bus 0002:00
[    0.402276] pci_bus 0002:00: root bus resource [bus 00-ff]
[    0.402278] pci_bus 0002:00: root bus resource [mem 0x1f00000000-0x1ffffffffb] (bus address [0x00000000-0xfffffffb])
[    0.402281] pci_bus 0002:00: root bus resource [mem 0x1c00000000-0x1effffffff pref] (bus address [0x400000000-0x6ffffffff])
[    0.402287] pci 0002:00:00.0: [14e4:2712] type 01 class 0x060400 PCIe Root Port
[    0.402292] pci 0002:00:00.0: PCI bridge to [bus 00]
[    0.402295] pci 0002:00:00.0:   bridge window [mem 0x1f80000000-0x1fbfffffff]
[    0.402308] pci 0002:00:00.0: PME# supported from D0 D3hot
[    0.402804] pci 0002:00:00.0: bridge configuration invalid ([bus 00-00]), reconfiguring
[    0.504832] brcm-pcie 1000120000.pcie: clkreq-mode set to default
[    0.504834] brcm-pcie 1000120000.pcie: link up, 5.0 GT/s PCIe x4 (!SSC)
[    0.504853] pci 0002:01:00.0: [1de4:0001] type 00 class 0x020000 PCIe Endpoint
[    0.504866] pci 0002:01:00.0: BAR 0 [mem 0xffffc000-0xffffffff]
[    0.504872] pci 0002:01:00.0: BAR 1 [mem 0xffc00000-0xffffffff]
[    0.504877] pci 0002:01:00.0: BAR 2 [mem 0xffff0000-0xffffffff]
[    0.504940] pci 0002:01:00.0: supports D1
[    0.504941] pci 0002:01:00.0: PME# supported from D0 D1 D3hot D3cold
[    0.512836] pci_bus 0002:01: busn_res: [bus 01-ff] end is updated to 01
[    0.512842] pci 0002:00:00.0: bridge window [mem 0x1f00000000-0x1f005fffff]: assigned
[    0.512844] pci 0002:01:00.0: BAR 1 [mem 0x1f00000000-0x1f003fffff]: assigned
[    0.512848] pci 0002:01:00.0: BAR 2 [mem 0x1f00400000-0x1f0040ffff]: assigned
[    0.512852] pci 0002:01:00.0: BAR 0 [mem 0x1f00410000-0x1f00413fff]: assigned
[    0.512856] pci 0002:00:00.0: PCI bridge to [bus 01]
[    0.512857] pci 0002:00:00.0:   bridge window [mem 0x1f00000000-0x1f005fffff]
[    0.512860] pci_bus 0002:00: resource 4 [mem 0x1f00000000-0x1ffffffffb]
[    0.512862] pci_bus 0002:00: resource 5 [mem 0x1c00000000-0x1effffffff pref]
[    0.512864] pci_bus 0002:01: resource 1 [mem 0x1f00000000-0x1f005fffff]
[    0.512866] pci 0002:00:00.0: Max Payload Size set to  256/ 512 (was  128), Max Read Rq  512
[    0.512873] pci 0002:01:00.0: Max Payload Size set to  256/ 256 (was  128), Max Read Rq  512
[    0.512916] pcieport 0002:00:00.0: enabling device (0000 -> 0002)
[    0.512935] pcieport 0002:00:00.0: PME: Signaling with IRQ 39
[    0.512976] pcieport 0002:00:00.0: AER: enabled with IRQ 39
[    0.513028] rp1 0002:01:00.0: bar0 len 0x4000, start 0x1f00410000, end 0x1f00413fff, flags, 0x40200
[    0.513031] rp1 0002:01:00.0: bar1 len 0x400000, start 0x1f00000000, end 0x1f003fffff, flags, 0x40200
[    0.513041] rp1 0002:01:00.0: enabling device (0000 -> 0002)
[    0.513632] rp1 0002:01:00.0: chip_id 0x20001927
[    0.518298] bcm2712-iommu 1000005100.iommu: bcm2712_iommu_init: DEBUG_INFO = 0x20804774
[    0.518712] bcm2712-iommu 1000005100.iommu: bcm2712_iommu_probe: Success
[    0.519149] bcm2712-iommu 1000005200.iommu: bcm2712_iommu_init: DEBUG_INFO = 0x20804774
[    0.519535] bcm2712-iommu 1000005200.iommu: bcm2712_iommu_probe: Success
[    0.519951] bcm2712-iommu 1000005280.iommu: bcm2712_iommu_init: DEBUG_INFO = 0x20804774
[    0.520331] bcm2712-iommu 1000005280.iommu: bcm2712_iommu_probe: Success
[    0.520628] genirq: irq_chip rp1_irq_chip did not update eff. affinity mask of irq 101
[    0.520775] sdhci-brcmstb 1000fff000.mmc: Got CD GPIO
[    0.520881] mmc1: CQHCI version 5.10
[    0.520894] mmc0: CQHCI version 5.10
[    0.536106] macb 1f00100000.ethernet eth0: Cadence GEM rev 0x00070109 at 0x1f00100000 irq 107 (2c:cf:67:01:f8:bb)
[    0.536825] dw_axi_dmac_platform 1f00188000.dma: DesignWare AXI DMA Controller, 8 channels
[    0.537042] xhci-hcd xhci-hcd.0: xHCI Host Controller
[    0.537048] xhci-hcd xhci-hcd.0: new USB bus registered, assigned bus number 1
[    0.537481] xhci-hcd xhci-hcd.0: hcc params 0x0240fe6d hci version 0x110 quirks 0x0000808000000810
[    0.537490] xhci-hcd xhci-hcd.0: irq 132, io mem 0x1f00200000
[    0.537545] xhci-hcd xhci-hcd.0: xHCI Host Controller
[    0.537547] xhci-hcd xhci-hcd.0: new USB bus registered, assigned bus number 2
[    0.537550] xhci-hcd xhci-hcd.0: Host supports USB 3.0 SuperSpeed
[    0.537585] usb usb1: New USB device found, idVendor=1d6b, idProduct=0002, bcdDevice= 6.12
[    0.537588] usb usb1: New USB device strings: Mfr=3, Product=2, SerialNumber=1
[    0.537590] usb usb1: Product: xHCI Host Controller
[    0.537591] usb usb1: Manufacturer: Linux 6.12.47+rpt-rpi-2712 xhci-hcd
[    0.537593] usb usb1: SerialNumber: xhci-hcd.0
[    0.537692] hub 1-0:1.0: USB hub found
[    0.537705] hub 1-0:1.0: 2 ports detected
[    0.537811] usb usb2: New USB device found, idVendor=1d6b, idProduct=0003, bcdDevice= 6.12
[    0.537814] usb usb2: New USB device strings: Mfr=3, Product=2, SerialNumber=1
[    0.537815] usb usb2: Product: xHCI Host Controller
[    0.537817] usb usb2: Manufacturer: Linux 6.12.47+rpt-rpi-2712 xhci-hcd
[    0.537818] usb usb2: SerialNumber: xhci-hcd.0
[    0.537877] hub 2-0:1.0: USB hub found
[    0.537887] hub 2-0:1.0: 1 port detected
[    0.538099] xhci-hcd xhci-hcd.1: xHCI Host Controller
[    0.538102] xhci-hcd xhci-hcd.1: new USB bus registered, assigned bus number 3
[    0.538525] xhci-hcd xhci-hcd.1: hcc params 0x0240fe6d hci version 0x110 quirks 0x0000808000000810
[    0.538535] xhci-hcd xhci-hcd.1: irq 137, io mem 0x1f00300000
[    0.538587] xhci-hcd xhci-hcd.1: xHCI Host Controller
[    0.538590] xhci-hcd xhci-hcd.1: new USB bus registered, assigned bus number 4
[    0.538592] xhci-hcd xhci-hcd.1: Host supports USB 3.0 SuperSpeed
[    0.538616] usb usb3: New USB device found, idVendor=1d6b, idProduct=0002, bcdDevice= 6.12
[    0.538619] usb usb3: New USB device strings: Mfr=3, Product=2, SerialNumber=1
[    0.538620] usb usb3: Product: xHCI Host Controller
[    0.538622] usb usb3: Manufacturer: Linux 6.12.47+rpt-rpi-2712 xhci-hcd
[    0.538623] usb usb3: SerialNumber: xhci-hcd.1
[    0.538686] hub 3-0:1.0: USB hub found
[    0.538697] hub 3-0:1.0: 2 ports detected
[    0.538775] usb usb4: New USB device found, idVendor=1d6b, idProduct=0003, bcdDevice= 6.12
[    0.538778] usb usb4: New USB device strings: Mfr=3, Product=2, SerialNumber=1
[    0.538779] usb usb4: Product: xHCI Host Controller
[    0.538781] usb usb4: Manufacturer: Linux 6.12.47+rpt-rpi-2712 xhci-hcd
[    0.538782] usb usb4: SerialNumber: xhci-hcd.1
[    0.538840] hub 4-0:1.0: USB hub found
[    0.538849] hub 4-0:1.0: 1 port detected
[    0.539439] of_cfs_init
[    0.539467] of_cfs_init: OK
[    0.539546] clk: Disabling unused clocks
[    0.549368] PM: genpd: Disabling unused power domains
[    0.556832] mmc0: SDHCI controller on 1000fff000.mmc [1000fff000.mmc] using ADMA 64-bit
[    0.653955] mmc0: new ultra high speed SDR104 SDXC card at address 59b4
[    0.654109] mmcblk0: mmc0:59b4 SD64G 59.4 GiB
[    0.658844]  mmcblk0: p1 p2
[    0.658900] mmcblk0: mmc0:59b4 SD64G 59.4 GiB (quirks 0x00004000)
[    0.707365] mmc1: SDHCI controller on 1001100000.mmc [1001100000.mmc] using ADMA 64-bit
[    0.710288] Freeing unused kernel memory: 5696K
[    0.710377] Run /init as init process
[    0.710378]   with arguments:
[    0.710379]     /init
[    0.710380]     splash
[    0.710381]   with environment:
[    0.710382]     HOME=/
[    0.710383]     TERM=linux
[    0.741694] mmc1: new ultra high speed DDR50 SDIO card at address 0001
[    0.793521] input: pwr_button as /devices/platform/pwr_button/input/input0
[    0.795185] brcmstb-i2c 107d508200.i2c:  @97500hz registered in interrupt mode
[    0.795431] brcmstb-i2c 107d508280.i2c:  @97500hz registered in interrupt mode
[    0.827056] v3d 1002000000.v3d: [drm] Transparent Hugepage support is recommended for optimal performance on this platform!
[    0.828392] [drm] Initialized v3d 1.0.0 for 1002000000.v3d on minor 0
[    0.838031] vc4_hvs 107c580000.hvs: bcm2712_iommu_of_xlate: MMU 1000005200.iommu
[    0.838039] vc4_hvs 107c580000.hvs: bcm2712_iommu_probe_device: MMU 1000005200.iommu
[    0.838044] vc4_hvs 107c580000.hvs: bcm2712_iommu_device_group: MMU 1000005200.iommu
[    0.838048] vc4_hvs 107c580000.hvs: Adding to iommu group 1
[    0.838052] vc4_hvs 107c580000.hvs: bcm2712_iommu_attach_dev: MMU 1000005200.iommu
[    0.839034] vc4-drm axi:gpu: bcm2712_iommu_of_xlate: MMU 1000005200.iommu
[    0.839041] vc4-drm axi:gpu: bcm2712_iommu_probe_device: MMU 1000005200.iommu
[    0.839046] vc4-drm axi:gpu: bcm2712_iommu_device_group: MMU 1000005200.iommu
[    0.839180] vc4-drm axi:gpu: Adding to iommu group 1
[    0.839182] vc4-drm axi:gpu: bcm2712_iommu_attach_dev: MMU 1000005200.iommu
[    0.841392] vc4-drm axi:gpu: bound 107c580000.hvs (ops vc4_hvs_ops [vc4])
[    0.842521] Registered IR keymap rc-cec
[    0.842556] rc rc0: vc4-hdmi-0 as /devices/platform/soc@107c000000/107c701400.hdmi/rc/rc0
[    0.842594] input: vc4-hdmi-0 as /devices/platform/soc@107c000000/107c701400.hdmi/rc/rc0/input1
[    0.843135] input: vc4-hdmi-0 HDMI Jack as /devices/platform/soc@107c000000/107c701400.hdmi/sound/card0/input2
[    0.844057] vc4-drm axi:gpu: bound 107c701400.hdmi (ops vc4_hdmi_ops [vc4])
[    0.845197] Registered IR keymap rc-cec
[    0.845226] rc rc1: vc4-hdmi-1 as /devices/platform/soc@107c000000/107c706400.hdmi/rc/rc1
[    0.845258] input: vc4-hdmi-1 as /devices/platform/soc@107c000000/107c706400.hdmi/rc/rc1/input3
[    0.845861] input: vc4-hdmi-1 HDMI Jack as /devices/platform/soc@107c000000/107c706400.hdmi/sound/card1/input4
[    0.846788] vc4-drm axi:gpu: bound 107c706400.hdmi (ops vc4_hdmi_ops [vc4])
[    0.846871] vc4-drm axi:gpu: bound 107c500000.mop (ops vc4_txp_ops [vc4])
[    0.846914] vc4-drm axi:gpu: bound 107c501000.moplet (ops vc4_txp_ops [vc4])
[    0.846962] vc4-drm axi:gpu: bound 107c410000.pixelvalve (ops vc4_crtc_ops [vc4])
[    0.847000] vc4-drm axi:gpu: bound 107c411000.pixelvalve (ops vc4_crtc_ops [vc4])
[    0.847577] [drm] Initialized vc4 0.0.0 for axi:gpu on minor 1
[    0.850204] vc4-drm axi:gpu: [drm] Cannot find any crtc or sizes
[    0.853649] vc4-drm axi:gpu: [drm] Cannot find any crtc or sizes
[    0.856248] vc4-drm axi:gpu: [drm] Cannot find any crtc or sizes
[    1.453918] EXT4-fs (mmcblk0p2): orphan cleanup on readonly fs
[    1.454401] EXT4-fs (mmcblk0p2): mounted filesystem 2dbb916c-da39-44e1-9626-6d56778b82a1 ro with ordered data mode. Quota mode: none.
[    2.210789] NET: Registered PF_INET6 protocol family
[    2.211102] Segment Routing with IPv6
[    2.211109] In-situ OAM (IOAM) with IPv6
[    2.281749] systemd[1]: systemd 252.39-1~deb12u1 running in system mode (+PAM +AUDIT +SELINUX +APPARMOR +IMA +SMACK +SECCOMP +GCRYPT -GNUTLS +OPENSSL +ACL +BLKID +CURL +ELFUTILS +FIDO2 +IDN2 -IDN +IPTC +KMOD +LIBCRYPTSETUP +LIBFDISK +PCRE2 -PWQUALITY +P11KIT +QRENCODE +TPM2 +BZIP2 +LZ4 +XZ +ZLIB +ZSTD -BPF_FRAMEWORK -XKBCOMMON +UTMP +SYSVINIT default-hierarchy=unified)
[    2.281757] systemd[1]: Detected architecture arm64.
[    2.293253] systemd[1]: Hostname set to <raspberrypi>.
[    2.835667] systemd[1]: Queued start job for default target graphical.target.
[    2.877269] systemd[1]: Created slice system-getty.slice - Slice /system/getty.
[    2.877472] systemd[1]: Created slice system-modprobe.slice - Slice /system/modprobe.
[    2.877632] systemd[1]: Created slice system-serial\x2dgetty.slice - Slice /system/serial-getty.
[    2.877790] systemd[1]: Created slice system-systemd\x2dfsck.slice - Slice /system/systemd-fsck.
[    2.877883] systemd[1]: Created slice user.slice - User and Session Slice.
[    2.877932] systemd[1]: Started systemd-ask-password-wall.path - Forward Password Requests to Wall Directory Watch.
[    2.878062] systemd[1]: Set up automount proc-sys-fs-binfmt_misc.automount - Arbitrary Executable File Formats File System Automount Point.
[    2.878079] systemd[1]: Expecting device dev-disk-by\x2dpartuuid-a456ed73\x2d01.device - /dev/disk/by-partuuid/a456ed73-01...
[    2.878086] systemd[1]: Expecting device dev-dri-card0.device - /dev/dri/card0...
[    2.878094] systemd[1]: Expecting device dev-dri-renderD128.device - /dev/dri/renderD128...
[    2.878101] systemd[1]: Expecting device dev-ttyAMA10.device - /dev/ttyAMA10...
[    2.878121] systemd[1]: Reached target integritysetup.target - Local Integrity Protected Volumes.
[    2.878143] systemd[1]: Reached target network-pre.target - Preparation for Network.
[    2.878156] systemd[1]: Reached target nss-user-lookup.target - User and Group Name Lookups.
[    2.878177] systemd[1]: Reached target slices.target - Slice Units.
[    2.878196] systemd[1]: Reached target swap.target - Swaps.
[    2.878216] systemd[1]: Reached target veritysetup.target - Local Verity Protected Volumes.
[    2.878311] systemd[1]: Listening on systemd-fsckd.socket - fsck to fsckd communication Socket.
[    2.878361] systemd[1]: Listening on systemd-initctl.socket - initctl Compatibility Named Pipe.
[    2.878544] systemd[1]: Listening on systemd-journald-audit.socket - Journal Audit Socket.
[    2.878622] systemd[1]: Listening on systemd-journald-dev-log.socket - Journal Socket (/dev/log).
[    2.878704] systemd[1]: Listening on systemd-journald.socket - Journal Socket.
[    2.878810] systemd[1]: Listening on systemd-udevd-control.socket - udev Control Socket.
[    2.878870] systemd[1]: Listening on systemd-udevd-kernel.socket - udev Kernel Socket.
[    2.878972] systemd[1]: dev-hugepages.mount - Huge Pages File System was skipped because of an unmet condition check (ConditionPathExists=/sys/kernel/mm/hugepages).
[    2.879475] systemd[1]: Mounting dev-mqueue.mount - POSIX Message Queue File System...
[    2.880082] systemd[1]: Mounting sys-kernel-debug.mount - Kernel Debug File System...
[    2.880715] systemd[1]: Mounting sys-kernel-tracing.mount - Kernel Trace File System...
[    2.880892] systemd[1]: auth-rpcgss-module.service - Kernel Module supporting RPCSEC_GSS was skipped because of an unmet condition check (ConditionPathExists=/etc/krb5.keytab).
[    2.883650] systemd[1]: Starting fake-hwclock.service - Restore / save the current clock...
[    2.885190] systemd[1]: Starting keyboard-setup.service - Set the console keyboard layout...
[    2.886033] systemd[1]: Starting kmod-static-nodes.service - Create List of Static Device Nodes...
[    2.887041] systemd[1]: Starting modprobe@configfs.service - Load Kernel Module configfs...
[    2.888243] systemd[1]: Starting modprobe@dm_mod.service - Load Kernel Module dm_mod...
[    2.889713] systemd[1]: Starting modprobe@drm.service - Load Kernel Module drm...
[    2.891189] systemd[1]: Starting modprobe@efi_pstore.service - Load Kernel Module efi_pstore...
[    2.892464] systemd[1]: Starting modprobe@fuse.service - Load Kernel Module fuse...
[    2.893642] systemd[1]: Starting modprobe@loop.service - Load Kernel Module loop...
[    2.893790] systemd[1]: systemd-fsck-root.service - File System Check on Root Device was skipped because of an unmet condition check (ConditionPathExists=!/run/initramfs/fsck-root).
[    2.896965] systemd[1]: Starting systemd-journald.service - Journal Service...
[    2.902804] device-mapper: ioctl: 4.48.0-ioctl (2023-03-01) initialised: dm-devel@lists.linux.dev
[    2.940160] fuse: init (API version 7.41)
[    2.945059] systemd[1]: Starting systemd-modules-load.service - Load Kernel Modules...
[    2.946046] systemd[1]: Starting systemd-remount-fs.service - Remount Root and Kernel File Systems...
[    2.946939] systemd[1]: Starting systemd-udev-trigger.service - Coldplug All udev Devices...
[    2.948492] systemd[1]: Mounted dev-mqueue.mount - POSIX Message Queue File System.
[    2.948865] systemd[1]: Mounted sys-kernel-debug.mount - Kernel Debug File System.
[    2.949210] systemd[1]: Mounted sys-kernel-tracing.mount - Kernel Trace File System.
[    2.952929] systemd[1]: Finished fake-hwclock.service - Restore / save the current clock.
[    2.953351] systemd[1]: Finished kmod-static-nodes.service - Create List of Static Device Nodes.
[    2.953627] systemd[1]: modprobe@configfs.service: Deactivated successfully.
[    2.953713] systemd[1]: Finished modprobe@configfs.service - Load Kernel Module configfs.
[    2.953889] systemd[1]: modprobe@dm_mod.service: Deactivated successfully.
[    2.953971] systemd[1]: Finished modprobe@dm_mod.service - Load Kernel Module dm_mod.
[    2.954134] systemd[1]: modprobe@drm.service: Deactivated successfully.
[    2.954205] systemd[1]: Finished modprobe@drm.service - Load Kernel Module drm.
[    2.954363] systemd[1]: modprobe@efi_pstore.service: Deactivated successfully.
[    2.954438] systemd[1]: Finished modprobe@efi_pstore.service - Load Kernel Module efi_pstore.
[    2.954589] systemd[1]: modprobe@fuse.service: Deactivated successfully.
[    2.954658] systemd[1]: Finished modprobe@fuse.service - Load Kernel Module fuse.
[    2.954809] systemd[1]: modprobe@loop.service: Deactivated successfully.
[    2.954879] systemd[1]: Finished modprobe@loop.service - Load Kernel Module loop.
[    2.955650] systemd[1]: Mounting sys-fs-fuse-connections.mount - FUSE Control File System...
[    2.956617] systemd[1]: Mounting sys-kernel-config.mount - Kernel Configuration File System...
[    2.956783] systemd[1]: systemd-repart.service - Repartition Root Disk was skipped because no trigger condition checks were met.
[    2.958544] systemd[1]: Mounted sys-fs-fuse-connections.mount - FUSE Control File System.
[    2.958800] systemd[1]: Mounted sys-kernel-config.mount - Kernel Configuration File System.
[    2.964515] systemd[1]: Started systemd-journald.service - Journal Service.
[    3.005486] EXT4-fs (mmcblk0p2): re-mounted 2dbb916c-da39-44e1-9626-6d56778b82a1 r/w.
[    3.020523] i2c_dev: i2c /dev entries driver
[    3.090128] systemd-journald[326]: Received client request to flush runtime journal.
[    3.538138] rp1-firmware rp1_firmware: RP1 Firmware version eb39cfd516f8c90628aa9d91f52370aade5d0a55
[    3.538287] rp1-pio 1f00178000.pio: Created instance as pio0
[    3.583994] rpi-gpiomem 107d508500.gpiomem: window base 0x107d508500 size 0x00000040
[    3.584087] rpi-gpiomem 107d508500.gpiomem: initialised 1 regions as /dev/gpiomem1
[    3.584127] rpi-gpiomem 107d517c00.gpiomem: window base 0x107d517c00 size 0x00000040
[    3.584401] rpi-gpiomem 107d517c00.gpiomem: initialised 1 regions as /dev/gpiomem2
[    3.584472] rpi-gpiomem 107d504100.gpiomem: window base 0x107d504100 size 0x00000020
[    3.584524] rpi-gpiomem 107d504100.gpiomem: initialised 1 regions as /dev/gpiomem3
[    3.584544] rpi-gpiomem 107d510700.gpiomem: window base 0x107d510700 size 0x00000020
[    3.584570] rpi-gpiomem 107d510700.gpiomem: initialised 1 regions as /dev/gpiomem4
[    3.584646] rpi-gpiomem 1f000d0000.gpiomem: window base 0x1f000d0000 size 0x00030000
[    3.584674] rpi-gpiomem 1f000d0000.gpiomem: initialised 1 regions as /dev/gpiomem0
[    3.794528] mc: Linux media interface: v0.10
[    3.920851] hailo_pci: loading out-of-tree module taints kernel.
[    3.921370] FUNC_ENTRY: Entering function hailo_pcie_module_init at hailort-drivers/linux/pcie/src/pcie.c:1562
[    3.921374] hailo: Init module. driver version 4.20.0
[    3.921375] FUNC_ENTRY: Entering function hailo_pcie_register_chrdev at hailort-drivers/linux/pcie/src/pcie.c:1543
[    3.921453] FUNC_ENTRY: Entering function hailo_pcie_probe at hailort-drivers/linux/pcie/src/pcie.c:1223
[    3.921457] hailo 0001:01:00.0: Probing on: 1e60:2864...
[    3.921459] hailo 0001:01:00.0: Probing: Allocate memory for device extension, 13184
[    3.921473] hailo 0001:01:00.0: enabling device (0000 -> 0002)
[    3.921478] hailo 0001:01:00.0: Probing: Device enabled
[    3.921480] FUNC_ENTRY: Entering function pcie_resources_init at hailort-drivers/linux/pcie/src/pcie.c:1060
[    3.921488] FUNC_ENTRY: Entering function hailo_bar_iomap at hailort-drivers/linux/pcie/src/pcie.c:1033
[    3.921494] hailo 0001:01:00.0: Probing: mapped bar 0 - 000000004e69aaed 16384
[    3.921497] FUNC_ENTRY: Entering function hailo_bar_iomap at hailort-drivers/linux/pcie/src/pcie.c:1033
[    3.921500] hailo 0001:01:00.0: Probing: mapped bar 2 - 0000000077512a29 4096
[    3.921502] FUNC_ENTRY: Entering function hailo_bar_iomap at hailort-drivers/linux/pcie/src/pcie.c:1033
[    3.921504] hailo 0001:01:00.0: Probing: mapped bar 4 - 00000000cfd1f7d9 16384
[    3.921507] FUNC_ENTRY: Entering function hailo_get_desc_page_size at hailort-drivers/linux/pcie/src/pcie.c:97
[    3.921508] hailo 0001:01:00.0: Probing: Force setting max_desc_page_size to 4096 (recommended value is 16384)
[    3.921511] FUNC_ENTRY: Entering function hailo_pcie_vdma_controller_init at hailort-drivers/linux/pcie/src/pcie.c:1153
[    3.921512] FUNC_ENTRY: Entering function hailo_vdma_controller_init at hailort-drivers/linux/pcie/../vdma/vdma.c:78
[    3.921514] FUNC_ENTRY: Entering function init_vdma_engines at hailort-drivers/linux/pcie/../vdma/vdma.c:33
[    3.921519] FUNC_ENTRY: Entering function hailo_set_dma_mask at hailort-drivers/linux/pcie/../vdma/vdma.c:52
[    3.921521] hailo 0001:01:00.0: Probing: Enabled 64 bit dma
[    3.921522] FUNC_ENTRY: Entering function hailo_get_allocation_mode at hailort-drivers/linux/pcie/src/pcie.c:1190
[    3.921523] FUNC_ENTRY: Entering function is_kmalloc_dma_capable at hailort-drivers/linux/pcie/src/pcie.c:1164
[    3.921525] hailo 0001:01:00.0: Probing: Using userspace allocated vdma buffers
[    3.921527] FUNC_ENTRY: Entering function hailo_activate_board at hailort-drivers/linux/pcie/src/pcie.c:946
[    3.921528] FUNC_ENTRY: Entering function hailo_pcie_disable_aspm at hailort-drivers/linux/pcie/src/pcie.c:175
[    3.921531] hailo 0001:01:00.0: Disabling ASPM L0s 
[    3.921533] hailo 0001:01:00.0: Successfully disabled ASPM L0s 
[    3.921535] FUNC_ENTRY: Entering function enable_boot_interrupts at hailort-drivers/linux/pcie/src/pcie.c:926
[    3.921536] FUNC_ENTRY: Entering function hailo_enable_interrupts at hailort-drivers/linux/pcie/src/pcie.c:983
[    3.921609] FUNC_ENTRY: Entering function load_firmware at hailort-drivers/linux/pcie/src/pcie.c:912
[    3.921611] FUNC_ENTRY: Entering function load_nnc_firmware at hailort-drivers/linux/pcie/src/pcie.c:847
[    3.921613] hailo 0001:01:00.0: Writing file hailo/hailo8_fw.bin
[    3.971897] videodev: Linux video capture interface: v2.00
[    4.111625] hailo 0001:01:00.0: File hailo/hailo8_fw.bin written successfully
[    4.111634] hailo 0001:01:00.0: Writing file hailo/hailo8_board_cfg.bin
[    4.111656] Failed to write file hailo/hailo8_board_cfg.bin
[    4.111658] hailo 0001:01:00.0: File hailo/hailo8_board_cfg.bin written successfully
[    4.111660] hailo 0001:01:00.0: Writing file hailo/hailo8_fw_cfg.bin
[    4.111667] Failed to write file hailo/hailo8_fw_cfg.bin
[    4.111669] hailo 0001:01:00.0: File hailo/hailo8_fw_cfg.bin written successfully
[    4.111682] FUNC_ENTRY: Entering function wait_for_firmware_completion at hailort-drivers/linux/pcie/src/pcie.c:320
[    4.156855] pispbe 1000880000.pisp_be: bcm2712_iommu_of_xlate: MMU 1000005100.iommu
[    4.156862] pispbe 1000880000.pisp_be: bcm2712_iommu_probe_device: MMU 1000005100.iommu
[    4.156867] pispbe 1000880000.pisp_be: bcm2712_iommu_device_group: MMU 1000005100.iommu
[    4.156872] pispbe 1000880000.pisp_be: Adding to iommu group 0
[    4.156876] pispbe 1000880000.pisp_be: bcm2712_iommu_attach_dev: MMU 1000005100.iommu
[    4.157709] rpi-hevc-dec 1000800000.codec: bcm2712_iommu_of_xlate: MMU 1000005100.iommu
[    4.157715] rpi-hevc-dec 1000800000.codec: bcm2712_iommu_probe_device: MMU 1000005100.iommu
[    4.157720] rpi-hevc-dec 1000800000.codec: bcm2712_iommu_device_group: MMU 1000005100.iommu
[    4.157723] rpi-hevc-dec 1000800000.codec: Adding to iommu group 0
[    4.157726] rpi-hevc-dec 1000800000.codec: bcm2712_iommu_attach_dev: MMU 1000005100.iommu
[    4.160142] rpi-hevc-dec 1000800000.codec: Device registered as /dev/video19
[    4.178444] Bluetooth: Core ver 2.22
[    4.178478] NET: Registered PF_BLUETOOTH protocol family
[    4.178480] Bluetooth: HCI device and connection manager initialized
[    4.178487] Bluetooth: HCI socket layer initialized
[    4.178490] Bluetooth: L2CAP socket layer initialized
[    4.178493] Bluetooth: SCO socket layer initialized
[    4.229437] Bluetooth: HCI UART driver ver 2.3
[    4.229449] Bluetooth: HCI UART protocol H4 registered
[    4.229497] Bluetooth: HCI UART protocol Three-wire (H5) registered
[    4.229652] hci_uart_bcm serial0-0: supply vbat not found, using dummy regulator
[    4.229702] hci_uart_bcm serial0-0: supply vddio not found, using dummy regulator
[    4.229729] Bluetooth: HCI UART protocol Broadcom registered
[    4.241758] cfg80211: Loading compiled-in X.509 certificates for regulatory database
[    4.245473] Loaded X.509 cert 'benh@debian.org: 577e021cb980e0e820821ba7b54b4961b8b4fadf'
[    4.245671] Loaded X.509 cert 'romain.perier@gmail.com: 3abbc6ec146e09d1b6016ab9d6cf71dd233f0328'
[    4.245866] Loaded X.509 cert 'sforshee: 00b28ddf47aef9cea7'
[    4.246055] Loaded X.509 cert 'wens: 61c038651aabdcf94bd0ac7ff06c7248db18c600'
[    4.248259] hailo 0001:01:00.0: NNC Firmware loaded successfully
[    4.248264] hailo 0001:01:00.0: FW loaded, took 326 ms
[    4.248266] FUNC_ENTRY: Entering function disable_boot_interrupts at hailort-drivers/linux/pcie/src/pcie.c:939
[    4.248268] FUNC_ENTRY: Entering function hailo_disable_interrupts at hailort-drivers/linux/pcie/src/pcie.c:1014
[    4.248318] FUNC_ENTRY: Entering function power_mode_enabled at hailort-drivers/linux/pcie/src/pcie.c:82
[    4.260340] FUNC_ENTRY: Entering function hailo_pcie_insert_board at hailort-drivers/linux/pcie/src/pcie.c:267
[    4.260448] hailo 0001:01:00.0: Probing: Added board 1e60-2864, /dev/hailo0
[    4.540951] brcmfmac: F1 signature read @0x18000000=0x15264345
[    4.542195] brcmfmac: brcmf_fw_alloc_request: using brcm/brcmfmac43455-sdio for chip BCM4345/6
[    4.542363] usbcore: registered new interface driver brcmfmac
[    4.565257] Bluetooth: hci0: BCM: chip id 107
[    4.565456] Bluetooth: hci0: BCM: features 0x2f
[    4.566493] Bluetooth: hci0: BCM4345C0
[    4.566494] Bluetooth: hci0: BCM4345C0 (003.001.025) build 0000
[    4.595973] Bluetooth: hci0: BCM4345C0 'brcm/BCM4345C0.raspberrypi,5-model-b.hcd' Patch
[    4.935784] brcmfmac: brcmf_c_process_txcap_blob: no txcap_blob available (err=-2)
[    4.936017] brcmfmac: brcmf_c_preinit_dcmds: Firmware: BCM4345/6 wl0: Aug 29 2023 01:47:08 version 7.45.265 (28bca26 CY) FWID 01-b677b91b
[    5.245496] Bluetooth: hci0: BCM: features 0x2f
[    5.246865] Bluetooth: hci0: BCM43455 37.4MHz Raspberry Pi 3+-0190
[    5.246870] Bluetooth: hci0: BCM4345C0 (003.001.025) build 0382
[    5.247164] Bluetooth: hci0: BCM: Using default device address (43:45:c0:00:1f:ac)
[    5.839727] Adding 524272k swap on /var/swap.  Priority:-2 extents:4 across:5816320k SS
[    6.236309] Bluetooth: BNEP (Ethernet Emulation) ver 1.3
[    6.236317] Bluetooth: BNEP filters: protocol multicast
[    6.236323] Bluetooth: BNEP socket layer initialized
[    6.237772] Bluetooth: MGMT ver 1.23
[    6.267925] NET: Registered PF_ALG protocol family
[    8.222265] macb 1f00100000.ethernet eth0: PHY [1f00100000.ethernet-ffffffff:01] driver [Broadcom BCM54213PE] (irq=POLL)
[    8.222274] macb 1f00100000.ethernet eth0: configuring for phy/rgmii-id link mode
[    8.225769] macb 1f00100000.ethernet: gem-ptp-timer ptp clock registered.
[    8.236580] brcmfmac: brcmf_cfg80211_set_power_mgmt: power save enabled
[    9.040180] tun: Universal TUN/TAP device driver, 1.6
[   11.873229] Bluetooth: RFCOMM TTY layer initialized
[   11.873243] Bluetooth: RFCOMM socket layer initialized
[   11.873252] Bluetooth: RFCOMM ver 1.11
[   12.326772] macb 1f00100000.ethernet eth0: Link is Up - 1Gbps/Full - flow control off
[  174.584929] IOCTL_HANDLER: Function hailo_pcie_fops_open called at hailort-drivers/linux/pcie/src/fops.c:95
[  174.584937] FUNC_ENTRY: Entering function hailo_pcie_get_board_index at hailort-drivers/linux/pcie/src/pcie.c:147
[  174.584941] FUNC_ENTRY: Entering function hailo_vdma_file_context_init at hailort-drivers/linux/pcie/../vdma/vdma.c:111
[  174.596977] FUNC_ENTRY: Entering function hailo_enable_interrupts at hailort-drivers/linux/pcie/src/pcie.c:983
[  174.597172] IOCTL_HANDLER: Function hailo_pcie_fops_unlockedioctl called at hailort-drivers/linux/pcie/src/fops.c:469
[  174.597177] IOCTL_HANDLER: Function hailo_general_ioctl called at hailort-drivers/linux/pcie/src/fops.c:453
[  174.597179] USER_COPY: About to call copy_to_user from function hailo_query_driver_info at hailort-drivers/linux/pcie/src/fops.c:441
[  174.597182] USER_COPY_CONTEXT: Process PID=2692, COMM=classifier
[  174.597210] IOCTL_HANDLER: Function hailo_pcie_fops_unlockedioctl called at hailort-drivers/linux/pcie/src/fops.c:469
[  174.597212] IOCTL_HANDLER: Function hailo_general_ioctl called at hailort-drivers/linux/pcie/src/fops.c:453
[  174.597220] USER_COPY: About to call copy_to_user from function hailo_query_device_properties at hailort-drivers/linux/pcie/src/fops.c:420
[  174.597222] USER_COPY_CONTEXT: Process PID=2692, COMM=classifier
[  174.599798] IOCTL_HANDLER: Function hailo_pcie_fops_unlockedioctl called at hailort-drivers/linux/pcie/src/fops.c:469
[  174.599805] IOCTL_HANDLER: Function hailo_nnc_ioctl called at hailort-drivers/linux/pcie/src/nnc.c:236
[  174.599808] IOCTL_HANDLER: Function hailo_read_notification_ioctl called at hailort-drivers/linux/pcie/src/nnc.c:135
[  174.599877] IOCTL_HANDLER: Function hailo_pcie_fops_unlockedioctl called at hailort-drivers/linux/pcie/src/fops.c:469
[  174.599882] IOCTL_HANDLER: Function hailo_nnc_ioctl called at hailort-drivers/linux/pcie/src/nnc.c:236
[  174.599885] USER_COPY: About to call copy_from_user from function hailo_fw_control at hailort-drivers/linux/pcie/src/nnc.c:68
[  174.599887] USER_COPY_CONTEXT: Process PID=2692, COMM=classifier
[  174.600034] USER_COPY: About to call copy_to_user from function hailo_fw_control at hailort-drivers/linux/pcie/src/nnc.c:103
[  174.600037] USER_COPY_CONTEXT: Process PID=2692, COMM=classifier
[  175.042332] IOCTL_HANDLER: Function hailo_pcie_fops_unlockedioctl called at hailort-drivers/linux/pcie/src/fops.c:469
[  175.042342] IOCTL_HANDLER: Function hailo_nnc_ioctl called at hailort-drivers/linux/pcie/src/nnc.c:236
[  175.042344] USER_COPY: About to call copy_from_user from function hailo_fw_control at hailort-drivers/linux/pcie/src/nnc.c:68
[  175.042346] USER_COPY_CONTEXT: Process PID=2692, COMM=classifier
[  175.042857] USER_COPY: About to call copy_to_user from function hailo_fw_control at hailort-drivers/linux/pcie/src/nnc.c:103
[  175.042859] USER_COPY_CONTEXT: Process PID=2692, COMM=classifier
[  175.042885] IOCTL_HANDLER: Function hailo_pcie_fops_unlockedioctl called at hailort-drivers/linux/pcie/src/fops.c:469
[  175.042886] IOCTL_HANDLER: Function hailo_vdma_ioctl called at hailort-drivers/linux/pcie/../vdma/vdma.c:198
[  175.042888] FUNC_ENTRY: Entering function hailo_vdma_ioctl at hailort-drivers/linux/pcie/../vdma/vdma.c:199
[  175.042890] IOCTL_HANDLER: Function hailo_mark_as_in_use called at hailort-drivers/linux/pcie/../vdma/ioctl.c:548
[  175.042892] USER_COPY: About to call copy_to_user from function hailo_mark_as_in_use at hailort-drivers/linux/pcie/../vdma/ioctl.c:561
[  175.042894] USER_COPY_CONTEXT: Process PID=2692, COMM=classifier
[  175.042912] IOCTL_HANDLER: Function hailo_pcie_fops_unlockedioctl called at hailort-drivers/linux/pcie/src/fops.c:469
[  175.042913] IOCTL_HANDLER: Function hailo_nnc_ioctl called at hailort-drivers/linux/pcie/src/nnc.c:236
[  175.042915] USER_COPY: About to call copy_from_user from function hailo_fw_control at hailort-drivers/linux/pcie/src/nnc.c:68
[  175.042916] USER_COPY_CONTEXT: Process PID=2692, COMM=classifier
[  175.043016] USER_COPY: About to call copy_to_user from function hailo_fw_control at hailort-drivers/linux/pcie/src/nnc.c:103
[  175.043018] USER_COPY_CONTEXT: Process PID=2692, COMM=classifier
[  175.043036] IOCTL_HANDLER: Function hailo_pcie_fops_unlockedioctl called at hailort-drivers/linux/pcie/src/fops.c:469
[  175.043038] IOCTL_HANDLER: Function hailo_nnc_ioctl called at hailort-drivers/linux/pcie/src/nnc.c:236
[  175.043039] USER_COPY: About to call copy_from_user from function hailo_fw_control at hailort-drivers/linux/pcie/src/nnc.c:68
[  175.043040] USER_COPY_CONTEXT: Process PID=2692, COMM=classifier
[  175.047442] USER_COPY: About to call copy_to_user from function hailo_fw_control at hailort-drivers/linux/pcie/src/nnc.c:103
[  175.047445] USER_COPY_CONTEXT: Process PID=2692, COMM=classifier
[  175.059131] IOCTL_HANDLER: Function hailo_pcie_fops_unlockedioctl called at hailort-drivers/linux/pcie/src/fops.c:469
[  175.059139] IOCTL_HANDLER: Function hailo_vdma_ioctl called at hailort-drivers/linux/pcie/../vdma/vdma.c:198
[  175.059141] FUNC_ENTRY: Entering function hailo_vdma_ioctl at hailort-drivers/linux/pcie/../vdma/vdma.c:199
[  175.059142] IOCTL_HANDLER: Function hailo_desc_list_create_ioctl called at hailort-drivers/linux/pcie/../vdma/ioctl.c:333
[  175.059144] USER_COPY: About to call copy_from_user from function hailo_desc_list_create_ioctl at hailort-drivers/linux/pcie/../vdma/ioctl.c:339
[  175.059146] USER_COPY_CONTEXT: Process PID=2692, COMM=classifier
[  175.059148] FUNC_ENTRY: Entering function hailo_desc_list_create at hailort-drivers/linux/pcie/../vdma/memory.c:448
[  175.059150] DMA_INSTRUMENT: About to call dma_alloc_coherent from function hailo_desc_list_create at hailort-drivers/linux/pcie/../vdma/memory.c:460
[  175.059151] DMA_STACK_START: Stack trace for dma_alloc_coherent called from hailo_desc_list_create
[  175.059154] CPU: 3 UID: 1000 PID: 2692 Comm: classifier Tainted: G           O       6.12.47+rpt-rpi-2712 #1  Debian 1:6.12.47-1+rpt1~bookworm
[  175.059159] Tainted: [O]=OOT_MODULE
[  175.059160] Hardware name: Raspberry Pi 5 Model B Rev 1.0 (DT)
[  175.059161] Call trace:
[  175.059162]  dump_backtrace+0xa0/0x100
[  175.059167]  show_stack+0x20/0x38
[  175.059169]  dump_stack_lvl+0x78/0x90
[  175.059173]  dump_stack+0x18/0x28
[  175.059176]  hailo_desc_list_create+0xa8/0x180 [hailo_pci]
[  175.059183]  hailo_desc_list_create_ioctl+0x15c/0x438 [hailo_pci]
[  175.059188]  hailo_vdma_ioctl+0x1d4/0x320 [hailo_pci]
[  175.059191]  hailo_pcie_fops_unlockedioctl+0x19c/0x8b0 [hailo_pci]
[  175.059195]  __arm64_sys_ioctl+0xb4/0x100
[  175.059199]  invoke_syscall+0x50/0x120
[  175.059203]  el0_svc_common.constprop.0+0xc8/0xf0
[  175.059205]  do_el0_svc+0x24/0x38
[  175.059208]  el0_svc+0x30/0x100
[  175.059211]  el0t_64_sync_handler+0x100/0x130
[  175.059214]  el0t_64_sync+0x190/0x198
[  175.059217] DMA_STACK_END: End of stack trace for dma_alloc_coherent
[  175.059326] USER_COPY: About to call copy_to_user from function hailo_desc_list_create_ioctl at hailort-drivers/linux/pcie/../vdma/ioctl.c:386
[  175.059328] USER_COPY_CONTEXT: Process PID=2692, COMM=classifier
[  177.006474] IOCTL_HANDLER: Function hailo_pcie_fops_unlockedioctl called at hailort-drivers/linux/pcie/src/fops.c:469
[  177.006483] IOCTL_HANDLER: Function hailo_vdma_ioctl called at hailort-drivers/linux/pcie/../vdma/vdma.c:198
[  177.006485] FUNC_ENTRY: Entering function hailo_vdma_ioctl at hailort-drivers/linux/pcie/../vdma/vdma.c:199
[  177.006487] IOCTL_HANDLER: Function hailo_desc_list_create_ioctl called at hailort-drivers/linux/pcie/../vdma/ioctl.c:333
[  177.006489] USER_COPY: About to call copy_from_user from function hailo_desc_list_create_ioctl at hailort-drivers/linux/pcie/../vdma/ioctl.c:339
[  177.006491] USER_COPY_CONTEXT: Process PID=2692, COMM=classifier
[  177.006494] FUNC_ENTRY: Entering function hailo_desc_list_create at hailort-drivers/linux/pcie/../vdma/memory.c:448
[  177.006495] DMA_INSTRUMENT: About to call dma_alloc_coherent from function hailo_desc_list_create at hailort-drivers/linux/pcie/../vdma/memory.c:460
[  177.006497] DMA_STACK_START: Stack trace for dma_alloc_coherent called from hailo_desc_list_create
[  177.006501] CPU: 3 UID: 1000 PID: 2692 Comm: classifier Tainted: G           O       6.12.47+rpt-rpi-2712 #1  Debian 1:6.12.47-1+rpt1~bookworm
[  177.006505] Tainted: [O]=OOT_MODULE
[  177.006506] Hardware name: Raspberry Pi 5 Model B Rev 1.0 (DT)
[  177.006507] Call trace:
[  177.006508]  dump_backtrace+0xa0/0x100
[  177.006514]  show_stack+0x20/0x38
[  177.006516]  dump_stack_lvl+0x78/0x90
[  177.006521]  dump_stack+0x18/0x28
[  177.006523]  hailo_desc_list_create+0xa8/0x180 [hailo_pci]
[  177.006532]  hailo_desc_list_create_ioctl+0x15c/0x438 [hailo_pci]
[  177.006536]  hailo_vdma_ioctl+0x1d4/0x320 [hailo_pci]
[  177.006539]  hailo_pcie_fops_unlockedioctl+0x19c/0x8b0 [hailo_pci]
[  177.006543]  __arm64_sys_ioctl+0xb4/0x100
[  177.006547]  invoke_syscall+0x50/0x120
[  177.006550]  el0_svc_common.constprop.0+0xc8/0xf0
[  177.006553]  do_el0_svc+0x24/0x38
[  177.006556]  el0_svc+0x30/0x100
[  177.006559]  el0t_64_sync_handler+0x100/0x130
[  177.006562]  el0t_64_sync+0x190/0x198
[  177.006565] DMA_STACK_END: End of stack trace for dma_alloc_coherent
[  177.006690] USER_COPY: About to call copy_to_user from function hailo_desc_list_create_ioctl at hailort-drivers/linux/pcie/../vdma/ioctl.c:386
[  177.006693] USER_COPY_CONTEXT: Process PID=2692, COMM=classifier
[  178.389574] IOCTL_HANDLER: Function hailo_pcie_fops_unlockedioctl called at hailort-drivers/linux/pcie/src/fops.c:469
[  178.389583] IOCTL_HANDLER: Function hailo_nnc_ioctl called at hailort-drivers/linux/pcie/src/nnc.c:236
[  178.389585] USER_COPY: About to call copy_from_user from function hailo_fw_control at hailort-drivers/linux/pcie/src/nnc.c:68
[  178.389587] USER_COPY_CONTEXT: Process PID=2692, COMM=classifier
[  178.389686] USER_COPY: About to call copy_to_user from function hailo_fw_control at hailort-drivers/linux/pcie/src/nnc.c:103
[  178.389688] USER_COPY_CONTEXT: Process PID=2692, COMM=classifier
[  178.390330] IOCTL_HANDLER: Function hailo_pcie_fops_unlockedioctl called at hailort-drivers/linux/pcie/src/fops.c:469
[  178.390337] IOCTL_HANDLER: Function hailo_nnc_ioctl called at hailort-drivers/linux/pcie/src/nnc.c:236
[  178.390339] USER_COPY: About to call copy_from_user from function hailo_fw_control at hailort-drivers/linux/pcie/src/nnc.c:68
[  178.390341] USER_COPY_CONTEXT: Process PID=2692, COMM=classifier
[  178.390440] USER_COPY: About to call copy_to_user from function hailo_fw_control at hailort-drivers/linux/pcie/src/nnc.c:103
[  178.390443] USER_COPY_CONTEXT: Process PID=2692, COMM=classifier
[  178.393134] IOCTL_HANDLER: Function hailo_pcie_fops_unlockedioctl called at hailort-drivers/linux/pcie/src/fops.c:469
[  178.393140] IOCTL_HANDLER: Function hailo_vdma_ioctl called at hailort-drivers/linux/pcie/../vdma/vdma.c:198
[  178.393142] FUNC_ENTRY: Entering function hailo_vdma_ioctl at hailort-drivers/linux/pcie/../vdma/vdma.c:199
[  178.393143] IOCTL_HANDLER: Function hailo_vdma_buffer_map_ioctl called at hailort-drivers/linux/pcie/../vdma/ioctl.c:222
[  178.393145] USER_COPY: About to call copy_from_user from function hailo_vdma_buffer_map_ioctl at hailort-drivers/linux/pcie/../vdma/ioctl.c:228
[  178.393147] USER_COPY_CONTEXT: Process PID=2692, COMM=classifier
[  178.393149] FUNC_ENTRY: Entering function get_dma_direction at hailort-drivers/linux/pcie/../vdma/vdma.c:322
[  178.393150] FUNC_ENTRY: Entering function hailo_vdma_find_low_memory_buffer at hailort-drivers/linux/pcie/../vdma/memory.c:585
[  178.393152] FUNC_ENTRY: Entering function hailo_vdma_buffer_map at hailort-drivers/linux/pcie/../vdma/memory.c:194
[  178.393160] ------------[ cut here ]------------
[  178.393162] WARNING: CPU: 1 PID: 2692 at include/linux/rwsem.h:80 find_vma+0x6c/0x80
[  178.393171] Modules linked in: xt_MASQUERADE xt_tcpudp xt_mark nft_compat nft_chain_nat nf_nat nf_conntrack nf_defrag_ipv6 nf_defrag_ipv4 rfcomm snd_seq_dummy snd_hrtimer snd_seq snd_seq_device tun nf_tables nfnetlink algif_hash algif_skcipher af_alg bnep binfmt_misc brcmfmac_wcc brcmfmac brcmutil cfg80211 hci_uart btbcm bluetooth rpi_hevc_dec pisp_be aes_ce_blk ecdh_generic aes_ce_cipher ecc v4l2_mem2mem ghash_ce videobuf2_dma_contig rfkill gf128mul videobuf2_memops sha2_ce videobuf2_v4l2 libaes sha256_arm64 videodev sha1_ce hailo_pci(O) videobuf2_common mc sha1_generic raspberrypi_hwmon raspberrypi_gpiomem rp1_mailbox rp1_adc uio_pdrv_genirq nvmem_rmem uio i2c_dev ledtrig_pattern fuse dm_mod ip_tables x_tables ipv6 vc4 snd_soc_hdmi_codec drm_display_helper cec drm_dma_helper spidev snd_soc_core snd_compress snd_pcm_dmaengine snd_pcm snd_timer v3d gpu_sched spi_bcm2835 drm_shmem_helper i2c_brcmstb snd drm_kms_helper gpio_keys drm drm_panel_orientation_quirks backlight rp1_pio rp1_fw
[  178.393250] CPU: 1 UID: 1000 PID: 2692 Comm: classifier Tainted: G           O       6.12.47+rpt-rpi-2712 #1  Debian 1:6.12.47-1+rpt1~bookworm
[  178.393254] Tainted: [O]=OOT_MODULE
[  178.393255] Hardware name: Raspberry Pi 5 Model B Rev 1.0 (DT)
[  178.393257] pstate: 80400009 (Nzcv daif +PAN -UAO -TCO -DIT -SSBS BTYPE=--)
[  178.393259] pc : find_vma+0x6c/0x80
[  178.393263] lr : hailo_vdma_buffer_map+0x274/0x820 [hailo_pci]
[  178.393271] sp : ffffc00085bbbbc0
[  178.393272] x29: ffffc00085bbbbd0 x28: 00007fffc648c7e8 x27: ffffd06f58854000
[  178.393276] x26: 0000000000000000 x25: 0000000000000000 x24: ffffd06f58880af0
[  178.393280] x23: 0000000000000001 x22: ffff8000410a90c8 x21: 000000000081a200
[  178.393283] x20: 00007ffec0440000 x19: ffff8000e05f0f00 x18: ffffffffffffffff
[  178.393287] x17: 6972732f656d6f68 x16: ffffd06fce732e68 x15: 5f7265666675625f
[  178.393290] x14: 616d64765f6f6c69 x13: 3439313a632e7972 x12: 6f6d656d2f616d64
[  178.393293] x11: 762f2e2e2f656963 x10: ffffd06fcfd104f0 x9 : ffffd06f58871e14
[  178.393296] x8 : ffff8000e05f0f80 x7 : 0000000000000000 x6 : 000000000000003f
[  178.393300] x5 : 0000000000000040 x4 : 0000000000000080 x3 : 0000000000000000
[  178.393303] x2 : ffff80004126c600 x1 : 0000000000000000 x0 : ffff8000e0b92ac0
[  178.393306] Call trace:
[  178.393308]  find_vma+0x6c/0x80
[  178.393311]  hailo_vdma_buffer_map+0x274/0x820 [hailo_pci]
[  178.393316]  hailo_vdma_buffer_map_ioctl+0x134/0x3b8 [hailo_pci]
[  178.393320]  hailo_vdma_ioctl+0x27c/0x320 [hailo_pci]
[  178.393325]  hailo_pcie_fops_unlockedioctl+0x19c/0x8b0 [hailo_pci]
[  178.393329]  __arm64_sys_ioctl+0xb4/0x100
[  178.393333]  invoke_syscall+0x50/0x120
[  178.393338]  el0_svc_common.constprop.0+0xc8/0xf0
[  178.393341]  do_el0_svc+0x24/0x38
[  178.393344]  el0_svc+0x30/0x100
[  178.393349]  el0t_64_sync_handler+0x100/0x130
[  178.393352]  el0t_64_sync+0x190/0x198
[  178.393355] ---[ end trace 0000000000000000 ]---
[  178.393357] FUNC_ENTRY: Entering function is_dmabuf_vma at hailort-drivers/linux/pcie/../vdma/memory.c:158
[  178.393358] FUNC_ENTRY: Entering function prepare_sg_table at hailort-drivers/linux/pcie/../vdma/memory.c:749
[  178.395186] USER_COPY: About to call copy_to_user from function hailo_vdma_buffer_map_ioctl at hailort-drivers/linux/pcie/../vdma/ioctl.c:255
[  178.395192] USER_COPY_CONTEXT: Process PID=2692, COMM=classifier
[  178.395265] IOCTL_HANDLER: Function hailo_pcie_fops_unlockedioctl called at hailort-drivers/linux/pcie/src/fops.c:469
[  178.395267] IOCTL_HANDLER: Function hailo_vdma_ioctl called at hailort-drivers/linux/pcie/../vdma/vdma.c:198
[  178.395269] FUNC_ENTRY: Entering function hailo_vdma_ioctl at hailort-drivers/linux/pcie/../vdma/vdma.c:199
[  178.395270] IOCTL_HANDLER: Function hailo_desc_list_create_ioctl called at hailort-drivers/linux/pcie/../vdma/ioctl.c:333
[  178.395272] USER_COPY: About to call copy_from_user from function hailo_desc_list_create_ioctl at hailort-drivers/linux/pcie/../vdma/ioctl.c:339
[  178.395273] USER_COPY_CONTEXT: Process PID=2692, COMM=classifier
[  178.395275] FUNC_ENTRY: Entering function hailo_desc_list_create at hailort-drivers/linux/pcie/../vdma/memory.c:448
[  178.395276] DMA_INSTRUMENT: About to call dma_alloc_coherent from function hailo_desc_list_create at hailort-drivers/linux/pcie/../vdma/memory.c:460
[  178.395278] DMA_STACK_START: Stack trace for dma_alloc_coherent called from hailo_desc_list_create
[  178.395281] CPU: 1 UID: 1000 PID: 2692 Comm: classifier Tainted: G        W  O       6.12.47+rpt-rpi-2712 #1  Debian 1:6.12.47-1+rpt1~bookworm
[  178.395285] Tainted: [W]=WARN, [O]=OOT_MODULE
[  178.395286] Hardware name: Raspberry Pi 5 Model B Rev 1.0 (DT)
[  178.395287] Call trace:
[  178.395288]  dump_backtrace+0xa0/0x100
[  178.395293]  show_stack+0x20/0x38
[  178.395295]  dump_stack_lvl+0x78/0x90
[  178.395299]  dump_stack+0x18/0x28
[  178.395301]  hailo_desc_list_create+0xa8/0x180 [hailo_pci]
[  178.395308]  hailo_desc_list_create_ioctl+0x15c/0x438 [hailo_pci]
[  178.395311]  hailo_vdma_ioctl+0x1d4/0x320 [hailo_pci]
[  178.395315]  hailo_pcie_fops_unlockedioctl+0x19c/0x8b0 [hailo_pci]
[  178.395319]  __arm64_sys_ioctl+0xb4/0x100
[  178.395322]  invoke_syscall+0x50/0x120
[  178.395325]  el0_svc_common.constprop.0+0xc8/0xf0
[  178.395327]  do_el0_svc+0x24/0x38
[  178.395330]  el0_svc+0x30/0x100
[  178.395333]  el0t_64_sync_handler+0x100/0x130
[  178.395336]  el0t_64_sync+0x190/0x198
[  178.395338] DMA_STACK_END: End of stack trace for dma_alloc_coherent
[  178.395459] USER_COPY: About to call copy_to_user from function hailo_desc_list_create_ioctl at hailort-drivers/linux/pcie/../vdma/ioctl.c:386
[  178.395462] USER_COPY_CONTEXT: Process PID=2692, COMM=classifier
[  179.484751] IOCTL_HANDLER: Function hailo_pcie_fops_unlockedioctl called at hailort-drivers/linux/pcie/src/fops.c:469
[  179.484760] IOCTL_HANDLER: Function hailo_vdma_ioctl called at hailort-drivers/linux/pcie/../vdma/vdma.c:198
[  179.484763] FUNC_ENTRY: Entering function hailo_vdma_ioctl at hailort-drivers/linux/pcie/../vdma/vdma.c:199
[  179.484765] IOCTL_HANDLER: Function hailo_desc_list_program_ioctl called at hailort-drivers/linux/pcie/../vdma/ioctl.c:430
[  179.484766] USER_COPY: About to call copy_from_user from function hailo_desc_list_program_ioctl at hailort-drivers/linux/pcie/../vdma/ioctl.c:436
[  179.484768] USER_COPY_CONTEXT: Process PID=2692, COMM=classifier
[  179.484770] FUNC_ENTRY: Entering function hailo_vdma_find_mapped_user_buffer at hailort-drivers/linux/pcie/../vdma/memory.c:423
[  179.484772] FUNC_ENTRY: Entering function hailo_vdma_find_descriptors_buffer at hailort-drivers/linux/pcie/../vdma/memory.c:499
[  179.484927] IOCTL_HANDLER: Function hailo_pcie_fops_unlockedioctl called at hailort-drivers/linux/pcie/src/fops.c:469
[  179.484929] IOCTL_HANDLER: Function hailo_vdma_ioctl called at hailort-drivers/linux/pcie/../vdma/vdma.c:198
[  179.484931] FUNC_ENTRY: Entering function hailo_vdma_ioctl at hailort-drivers/linux/pcie/../vdma/vdma.c:199
[  179.484932] IOCTL_HANDLER: Function hailo_vdma_buffer_map_ioctl called at hailort-drivers/linux/pcie/../vdma/ioctl.c:222
[  179.484933] USER_COPY: About to call copy_from_user from function hailo_vdma_buffer_map_ioctl at hailort-drivers/linux/pcie/../vdma/ioctl.c:228
[  179.484935] USER_COPY_CONTEXT: Process PID=2692, COMM=classifier
[  179.484937] FUNC_ENTRY: Entering function get_dma_direction at hailort-drivers/linux/pcie/../vdma/vdma.c:322
[  179.484938] FUNC_ENTRY: Entering function hailo_vdma_find_low_memory_buffer at hailort-drivers/linux/pcie/../vdma/memory.c:585
[  179.484940] FUNC_ENTRY: Entering function hailo_vdma_buffer_map at hailort-drivers/linux/pcie/../vdma/memory.c:194
[  179.484950] ------------[ cut here ]------------
[  179.484951] WARNING: CPU: 1 PID: 2692 at include/linux/rwsem.h:80 find_vma+0x6c/0x80
[  179.484960] Modules linked in: xt_MASQUERADE xt_tcpudp xt_mark nft_compat nft_chain_nat nf_nat nf_conntrack nf_defrag_ipv6 nf_defrag_ipv4 rfcomm snd_seq_dummy snd_hrtimer snd_seq snd_seq_device tun nf_tables nfnetlink algif_hash algif_skcipher af_alg bnep binfmt_misc brcmfmac_wcc brcmfmac brcmutil cfg80211 hci_uart btbcm bluetooth rpi_hevc_dec pisp_be aes_ce_blk ecdh_generic aes_ce_cipher ecc v4l2_mem2mem ghash_ce videobuf2_dma_contig rfkill gf128mul videobuf2_memops sha2_ce videobuf2_v4l2 libaes sha256_arm64 videodev sha1_ce hailo_pci(O) videobuf2_common mc sha1_generic raspberrypi_hwmon raspberrypi_gpiomem rp1_mailbox rp1_adc uio_pdrv_genirq nvmem_rmem uio i2c_dev ledtrig_pattern fuse dm_mod ip_tables x_tables ipv6 vc4 snd_soc_hdmi_codec drm_display_helper cec drm_dma_helper spidev snd_soc_core snd_compress snd_pcm_dmaengine snd_pcm snd_timer v3d gpu_sched spi_bcm2835 drm_shmem_helper i2c_brcmstb snd drm_kms_helper gpio_keys drm drm_panel_orientation_quirks backlight rp1_pio rp1_fw
[  179.485038] CPU: 1 UID: 1000 PID: 2692 Comm: classifier Tainted: G        W  O       6.12.47+rpt-rpi-2712 #1  Debian 1:6.12.47-1+rpt1~bookworm
[  179.485043] Tainted: [W]=WARN, [O]=OOT_MODULE
[  179.485044] Hardware name: Raspberry Pi 5 Model B Rev 1.0 (DT)
[  179.485046] pstate: 80400009 (Nzcv daif +PAN -UAO -TCO -DIT -SSBS BTYPE=--)
[  179.485048] pc : find_vma+0x6c/0x80
[  179.485051] lr : hailo_vdma_buffer_map+0x274/0x820 [hailo_pci]
[  179.485061] sp : ffffc00085bbbbc0
[  179.485062] x29: ffffc00085bbbbd0 x28: 00007fffc648c7e8 x27: ffffd06f58854000
[  179.485066] x26: 0000000000000000 x25: 0000000000000000 x24: ffffd06f58880af0
[  179.485070] x23: 0000000000000001 x22: ffff8000410a90c8 x21: 00000000007cfc00
[  179.485073] x20: 00007ffebfc70000 x19: ffff8000e05f2a00 x18: ffffffffffffffff
[  179.485077] x17: 6972732f656d6f68 x16: ffffd06fce732e68 x15: 5f7265666675625f
[  179.485080] x14: 616d64765f6f6c69 x13: 3439313a632e7972 x12: 6f6d656d2f616d64
[  179.485083] x11: 762f2e2e2f656963 x10: ffffd06fcfd104f0 x9 : ffffd06f58871e14
[  179.485087] x8 : ffff8000e05f2a80 x7 : 0000000000000000 x6 : 000000000000003f
[  179.485090] x5 : 0000000000000040 x4 : 0000000000000080 x3 : 0000000000000000
[  179.485093] x2 : ffff80004126c600 x1 : 0000000000000000 x0 : ffff8000e0b92ac0
[  179.485097] Call trace:
[  179.485098]  find_vma+0x6c/0x80
[  179.485102]  hailo_vdma_buffer_map+0x274/0x820 [hailo_pci]
[  179.485107]  hailo_vdma_buffer_map_ioctl+0x134/0x3b8 [hailo_pci]
[  179.485111]  hailo_vdma_ioctl+0x27c/0x320 [hailo_pci]
[  179.485115]  hailo_pcie_fops_unlockedioctl+0x19c/0x8b0 [hailo_pci]
[  179.485119]  __arm64_sys_ioctl+0xb4/0x100
[  179.485123]  invoke_syscall+0x50/0x120
[  179.485127]  el0_svc_common.constprop.0+0xc8/0xf0
[  179.485131]  do_el0_svc+0x24/0x38
[  179.485134]  el0_svc+0x30/0x100
[  179.485138]  el0t_64_sync_handler+0x100/0x130
[  179.485142]  el0t_64_sync+0x190/0x198
[  179.485144] ---[ end trace 0000000000000000 ]---
[  179.485146] FUNC_ENTRY: Entering function is_dmabuf_vma at hailort-drivers/linux/pcie/../vdma/memory.c:158
[  179.485148] FUNC_ENTRY: Entering function prepare_sg_table at hailort-drivers/linux/pcie/../vdma/memory.c:749
[  179.486952] USER_COPY: About to call copy_to_user from function hailo_vdma_buffer_map_ioctl at hailort-drivers/linux/pcie/../vdma/ioctl.c:255
[  179.486958] USER_COPY_CONTEXT: Process PID=2692, COMM=classifier
[  179.487043] IOCTL_HANDLER: Function hailo_pcie_fops_unlockedioctl called at hailort-drivers/linux/pcie/src/fops.c:469
[  179.487046] IOCTL_HANDLER: Function hailo_vdma_ioctl called at hailort-drivers/linux/pcie/../vdma/vdma.c:198
[  179.487047] FUNC_ENTRY: Entering function hailo_vdma_ioctl at hailort-drivers/linux/pcie/../vdma/vdma.c:199
[  179.487049] IOCTL_HANDLER: Function hailo_desc_list_create_ioctl called at hailort-drivers/linux/pcie/../vdma/ioctl.c:333
[  179.487051] USER_COPY: About to call copy_from_user from function hailo_desc_list_create_ioctl at hailort-drivers/linux/pcie/../vdma/ioctl.c:339
[  179.487053] USER_COPY_CONTEXT: Process PID=2692, COMM=classifier
[  179.487055] FUNC_ENTRY: Entering function hailo_desc_list_create at hailort-drivers/linux/pcie/../vdma/memory.c:448
[  179.487056] DMA_INSTRUMENT: About to call dma_alloc_coherent from function hailo_desc_list_create at hailort-drivers/linux/pcie/../vdma/memory.c:460
[  179.487058] DMA_STACK_START: Stack trace for dma_alloc_coherent called from hailo_desc_list_create
[  179.487061] CPU: 1 UID: 1000 PID: 2692 Comm: classifier Tainted: G        W  O       6.12.47+rpt-rpi-2712 #1  Debian 1:6.12.47-1+rpt1~bookworm
[  179.487066] Tainted: [W]=WARN, [O]=OOT_MODULE
[  179.487067] Hardware name: Raspberry Pi 5 Model B Rev 1.0 (DT)
[  179.487068] Call trace:
[  179.487069]  dump_backtrace+0xa0/0x100
[  179.487075]  show_stack+0x20/0x38
[  179.487077]  dump_stack_lvl+0x78/0x90
[  179.487081]  dump_stack+0x18/0x28
[  179.487083]  hailo_desc_list_create+0xa8/0x180 [hailo_pci]
[  179.487091]  hailo_desc_list_create_ioctl+0x15c/0x438 [hailo_pci]
[  179.487094]  hailo_vdma_ioctl+0x1d4/0x320 [hailo_pci]
[  179.487098]  hailo_pcie_fops_unlockedioctl+0x19c/0x8b0 [hailo_pci]
[  179.487102]  __arm64_sys_ioctl+0xb4/0x100
[  179.487106]  invoke_syscall+0x50/0x120
[  179.487109]  el0_svc_common.constprop.0+0xc8/0xf0
[  179.487112]  do_el0_svc+0x24/0x38
[  179.487115]  el0_svc+0x30/0x100
[  179.487118]  el0t_64_sync_handler+0x100/0x130
[  179.487121]  el0t_64_sync+0x190/0x198
[  179.487123] DMA_STACK_END: End of stack trace for dma_alloc_coherent
[  179.487265] USER_COPY: About to call copy_to_user from function hailo_desc_list_create_ioctl at hailort-drivers/linux/pcie/../vdma/ioctl.c:386
[  179.487267] USER_COPY_CONTEXT: Process PID=2692, COMM=classifier
[  180.733635] IOCTL_HANDLER: Function hailo_pcie_fops_unlockedioctl called at hailort-drivers/linux/pcie/src/fops.c:469
[  180.733645] IOCTL_HANDLER: Function hailo_vdma_ioctl called at hailort-drivers/linux/pcie/../vdma/vdma.c:198
[  180.733648] FUNC_ENTRY: Entering function hailo_vdma_ioctl at hailort-drivers/linux/pcie/../vdma/vdma.c:199
[  180.733651] IOCTL_HANDLER: Function hailo_desc_list_program_ioctl called at hailort-drivers/linux/pcie/../vdma/ioctl.c:430
[  180.733653] USER_COPY: About to call copy_from_user from function hailo_desc_list_program_ioctl at hailort-drivers/linux/pcie/../vdma/ioctl.c:436
[  180.733656] USER_COPY_CONTEXT: Process PID=2692, COMM=classifier
[  180.733658] FUNC_ENTRY: Entering function hailo_vdma_find_mapped_user_buffer at hailort-drivers/linux/pcie/../vdma/memory.c:423
[  180.733661] FUNC_ENTRY: Entering function hailo_vdma_find_descriptors_buffer at hailort-drivers/linux/pcie/../vdma/memory.c:499
[  180.733827] IOCTL_HANDLER: Function hailo_pcie_fops_unlockedioctl called at hailort-drivers/linux/pcie/src/fops.c:469
[  180.733832] IOCTL_HANDLER: Function hailo_nnc_ioctl called at hailort-drivers/linux/pcie/src/nnc.c:236
[  180.733834] USER_COPY: About to call copy_from_user from function hailo_fw_control at hailort-drivers/linux/pcie/src/nnc.c:68
[  180.733837] USER_COPY_CONTEXT: Process PID=2692, COMM=classifier
[  180.733940] USER_COPY: About to call copy_to_user from function hailo_fw_control at hailort-drivers/linux/pcie/src/nnc.c:103
[  180.733942] USER_COPY_CONTEXT: Process PID=2692, COMM=classifier
[  180.734083] IOCTL_HANDLER: Function hailo_pcie_fops_unlockedioctl called at hailort-drivers/linux/pcie/src/fops.c:469
[  180.734086] IOCTL_HANDLER: Function hailo_vdma_ioctl called at hailort-drivers/linux/pcie/../vdma/vdma.c:198
[  180.734088] FUNC_ENTRY: Entering function hailo_vdma_ioctl at hailort-drivers/linux/pcie/../vdma/vdma.c:199
[  180.734090] IOCTL_HANDLER: Function hailo_vdma_buffer_sync_ioctl called at hailort-drivers/linux/pcie/../vdma/ioctl.c:298
[  180.734092] USER_COPY: About to call copy_from_user from function hailo_vdma_buffer_sync_ioctl at hailort-drivers/linux/pcie/../vdma/ioctl.c:302
[  180.734094] USER_COPY_CONTEXT: Process PID=2692, COMM=classifier
[  180.734096] FUNC_ENTRY: Entering function hailo_vdma_find_mapped_user_buffer at hailort-drivers/linux/pcie/../vdma/memory.c:423
[  180.734099] FUNC_ENTRY: Entering function hailo_vdma_buffer_sync at hailort-drivers/linux/pcie/../vdma/memory.c:391
[  180.734101] FUNC_ENTRY: Entering function vdma_sync_buffer_interval at hailort-drivers/linux/pcie/../vdma/memory.c:365
[  180.734137] IOCTL_HANDLER: Function hailo_pcie_fops_unlockedioctl called at hailort-drivers/linux/pcie/src/fops.c:469
[  180.734139] IOCTL_HANDLER: Function hailo_vdma_ioctl called at hailort-drivers/linux/pcie/../vdma/vdma.c:198
[  180.734141] FUNC_ENTRY: Entering function hailo_vdma_ioctl at hailort-drivers/linux/pcie/../vdma/vdma.c:199
[  180.734143] IOCTL_HANDLER: Function hailo_desc_list_program_ioctl called at hailort-drivers/linux/pcie/../vdma/ioctl.c:430
[  180.734145] USER_COPY: About to call copy_from_user from function hailo_desc_list_program_ioctl at hailort-drivers/linux/pcie/../vdma/ioctl.c:436
[  180.734147] USER_COPY_CONTEXT: Process PID=2692, COMM=classifier
[  180.734149] FUNC_ENTRY: Entering function hailo_vdma_find_mapped_user_buffer at hailort-drivers/linux/pcie/../vdma/memory.c:423
[  180.734151] FUNC_ENTRY: Entering function hailo_vdma_find_descriptors_buffer at hailort-drivers/linux/pcie/../vdma/memory.c:499
[  180.734185] IOCTL_HANDLER: Function hailo_pcie_fops_unlockedioctl called at hailort-drivers/linux/pcie/src/fops.c:469
[  180.734188] IOCTL_HANDLER: Function hailo_vdma_ioctl called at hailort-drivers/linux/pcie/../vdma/vdma.c:198
[  180.734189] FUNC_ENTRY: Entering function hailo_vdma_ioctl at hailort-drivers/linux/pcie/../vdma/vdma.c:199
[  180.734191] IOCTL_HANDLER: Function hailo_vdma_buffer_sync_ioctl called at hailort-drivers/linux/pcie/../vdma/ioctl.c:298
[  180.734193] USER_COPY: About to call copy_from_user from function hailo_vdma_buffer_sync_ioctl at hailort-drivers/linux/pcie/../vdma/ioctl.c:302
[  180.734195] USER_COPY_CONTEXT: Process PID=2692, COMM=classifier
[  180.734197] FUNC_ENTRY: Entering function hailo_vdma_find_mapped_user_buffer at hailort-drivers/linux/pcie/../vdma/memory.c:423
[  180.734199] FUNC_ENTRY: Entering function hailo_vdma_buffer_sync at hailort-drivers/linux/pcie/../vdma/memory.c:391
[  180.734201] FUNC_ENTRY: Entering function vdma_sync_buffer_interval at hailort-drivers/linux/pcie/../vdma/memory.c:365
[  180.734233] IOCTL_HANDLER: Function hailo_pcie_fops_unlockedioctl called at hailort-drivers/linux/pcie/src/fops.c:469
[  180.734235] IOCTL_HANDLER: Function hailo_vdma_ioctl called at hailort-drivers/linux/pcie/../vdma/vdma.c:198
[  180.734237] FUNC_ENTRY: Entering function hailo_vdma_ioctl at hailort-drivers/linux/pcie/../vdma/vdma.c:199
[  180.734239] IOCTL_HANDLER: Function hailo_desc_list_program_ioctl called at hailort-drivers/linux/pcie/../vdma/ioctl.c:430
[  180.734241] USER_COPY: About to call copy_from_user from function hailo_desc_list_program_ioctl at hailort-drivers/linux/pcie/../vdma/ioctl.c:436
[  180.734243] USER_COPY_CONTEXT: Process PID=2692, COMM=classifier
[  180.734245] FUNC_ENTRY: Entering function hailo_vdma_find_mapped_user_buffer at hailort-drivers/linux/pcie/../vdma/memory.c:423
[  180.734246] FUNC_ENTRY: Entering function hailo_vdma_find_descriptors_buffer at hailort-drivers/linux/pcie/../vdma/memory.c:499
[  180.736042] IOCTL_HANDLER: Function hailo_pcie_fops_unlockedioctl called at hailort-drivers/linux/pcie/src/fops.c:469
[  180.736050] IOCTL_HANDLER: Function hailo_vdma_ioctl called at hailort-drivers/linux/pcie/../vdma/vdma.c:198
[  180.736052] FUNC_ENTRY: Entering function hailo_vdma_ioctl at hailort-drivers/linux/pcie/../vdma/vdma.c:199
[  180.736054] IOCTL_HANDLER: Function hailo_vdma_buffer_sync_ioctl called at hailort-drivers/linux/pcie/../vdma/ioctl.c:298
[  180.736056] USER_COPY: About to call copy_from_user from function hailo_vdma_buffer_sync_ioctl at hailort-drivers/linux/pcie/../vdma/ioctl.c:302
[  180.736059] USER_COPY_CONTEXT: Process PID=2692, COMM=classifier
[  180.736061] FUNC_ENTRY: Entering function hailo_vdma_find_mapped_user_buffer at hailort-drivers/linux/pcie/../vdma/memory.c:423
[  180.736063] FUNC_ENTRY: Entering function hailo_vdma_buffer_sync at hailort-drivers/linux/pcie/../vdma/memory.c:391
[  180.736065] FUNC_ENTRY: Entering function vdma_sync_buffer_interval at hailort-drivers/linux/pcie/../vdma/memory.c:365
[  180.736300] IOCTL_HANDLER: Function hailo_pcie_fops_unlockedioctl called at hailort-drivers/linux/pcie/src/fops.c:469
[  180.736302] IOCTL_HANDLER: Function hailo_vdma_ioctl called at hailort-drivers/linux/pcie/../vdma/vdma.c:198
[  180.736304] FUNC_ENTRY: Entering function hailo_vdma_ioctl at hailort-drivers/linux/pcie/../vdma/vdma.c:199
[  180.736306] IOCTL_HANDLER: Function hailo_desc_list_program_ioctl called at hailort-drivers/linux/pcie/../vdma/ioctl.c:430
[  180.736308] USER_COPY: About to call copy_from_user from function hailo_desc_list_program_ioctl at hailort-drivers/linux/pcie/../vdma/ioctl.c:436
[  180.736310] USER_COPY_CONTEXT: Process PID=2692, COMM=classifier
[  180.736312] FUNC_ENTRY: Entering function hailo_vdma_find_mapped_user_buffer at hailort-drivers/linux/pcie/../vdma/memory.c:423
[  180.736314] FUNC_ENTRY: Entering function hailo_vdma_find_descriptors_buffer at hailort-drivers/linux/pcie/../vdma/memory.c:499
[  180.738423] IOCTL_HANDLER: Function hailo_pcie_fops_unlockedioctl called at hailort-drivers/linux/pcie/src/fops.c:469
[  180.738429] IOCTL_HANDLER: Function hailo_vdma_ioctl called at hailort-drivers/linux/pcie/../vdma/vdma.c:198
[  180.738432] FUNC_ENTRY: Entering function hailo_vdma_ioctl at hailort-drivers/linux/pcie/../vdma/vdma.c:199
[  180.738434] IOCTL_HANDLER: Function hailo_vdma_buffer_sync_ioctl called at hailort-drivers/linux/pcie/../vdma/ioctl.c:298
[  180.738436] USER_COPY: About to call copy_from_user from function hailo_vdma_buffer_sync_ioctl at hailort-drivers/linux/pcie/../vdma/ioctl.c:302
[  180.738438] USER_COPY_CONTEXT: Process PID=2692, COMM=classifier
[  180.738440] FUNC_ENTRY: Entering function hailo_vdma_find_mapped_user_buffer at hailort-drivers/linux/pcie/../vdma/memory.c:423
[  180.738442] FUNC_ENTRY: Entering function hailo_vdma_buffer_sync at hailort-drivers/linux/pcie/../vdma/memory.c:391
[  180.738445] FUNC_ENTRY: Entering function vdma_sync_buffer_interval at hailort-drivers/linux/pcie/../vdma/memory.c:365
[  180.738702] IOCTL_HANDLER: Function hailo_pcie_fops_unlockedioctl called at hailort-drivers/linux/pcie/src/fops.c:469
[  180.738706] IOCTL_HANDLER: Function hailo_vdma_ioctl called at hailort-drivers/linux/pcie/../vdma/vdma.c:198
[  180.738707] FUNC_ENTRY: Entering function hailo_vdma_ioctl at hailort-drivers/linux/pcie/../vdma/vdma.c:199
[  180.738709] IOCTL_HANDLER: Function hailo_desc_list_program_ioctl called at hailort-drivers/linux/pcie/../vdma/ioctl.c:430
[  180.738712] USER_COPY: About to call copy_from_user from function hailo_desc_list_program_ioctl at hailort-drivers/linux/pcie/../vdma/ioctl.c:436
[  180.738714] USER_COPY_CONTEXT: Process PID=2692, COMM=classifier
[  180.738716] FUNC_ENTRY: Entering function hailo_vdma_find_mapped_user_buffer at hailort-drivers/linux/pcie/../vdma/memory.c:423
[  180.738718] FUNC_ENTRY: Entering function hailo_vdma_find_descriptors_buffer at hailort-drivers/linux/pcie/../vdma/memory.c:499
[  180.738825] IOCTL_HANDLER: Function hailo_pcie_fops_unlockedioctl called at hailort-drivers/linux/pcie/src/fops.c:469
[  180.738828] IOCTL_HANDLER: Function hailo_vdma_ioctl called at hailort-drivers/linux/pcie/../vdma/vdma.c:198
[  180.738830] FUNC_ENTRY: Entering function hailo_vdma_ioctl at hailort-drivers/linux/pcie/../vdma/vdma.c:199
[  180.738832] IOCTL_HANDLER: Function hailo_vdma_buffer_sync_ioctl called at hailort-drivers/linux/pcie/../vdma/ioctl.c:298
[  180.738833] USER_COPY: About to call copy_from_user from function hailo_vdma_buffer_sync_ioctl at hailort-drivers/linux/pcie/../vdma/ioctl.c:302
[  180.738836] USER_COPY_CONTEXT: Process PID=2692, COMM=classifier
[  180.738837] FUNC_ENTRY: Entering function hailo_vdma_find_mapped_user_buffer at hailort-drivers/linux/pcie/../vdma/memory.c:423
[  180.738840] FUNC_ENTRY: Entering function hailo_vdma_buffer_sync at hailort-drivers/linux/pcie/../vdma/memory.c:391
[  180.738842] FUNC_ENTRY: Entering function vdma_sync_buffer_interval at hailort-drivers/linux/pcie/../vdma/memory.c:365
[  180.738901] IOCTL_HANDLER: Function hailo_pcie_fops_unlockedioctl called at hailort-drivers/linux/pcie/src/fops.c:469
[  180.738904] IOCTL_HANDLER: Function hailo_vdma_ioctl called at hailort-drivers/linux/pcie/../vdma/vdma.c:198
[  180.738905] FUNC_ENTRY: Entering function hailo_vdma_ioctl at hailort-drivers/linux/pcie/../vdma/vdma.c:199
[  180.738907] IOCTL_HANDLER: Function hailo_desc_list_program_ioctl called at hailort-drivers/linux/pcie/../vdma/ioctl.c:430
[  180.738909] USER_COPY: About to call copy_from_user from function hailo_desc_list_program_ioctl at hailort-drivers/linux/pcie/../vdma/ioctl.c:436
[  180.738911] USER_COPY_CONTEXT: Process PID=2692, COMM=classifier
[  180.738913] FUNC_ENTRY: Entering function hailo_vdma_find_mapped_user_buffer at hailort-drivers/linux/pcie/../vdma/memory.c:423
[  180.738915] FUNC_ENTRY: Entering function hailo_vdma_find_descriptors_buffer at hailort-drivers/linux/pcie/../vdma/memory.c:499
[  180.738959] IOCTL_HANDLER: Function hailo_pcie_fops_unlockedioctl called at hailort-drivers/linux/pcie/src/fops.c:469
[  180.738962] IOCTL_HANDLER: Function hailo_vdma_ioctl called at hailort-drivers/linux/pcie/../vdma/vdma.c:198
[  180.738964] FUNC_ENTRY: Entering function hailo_vdma_ioctl at hailort-drivers/linux/pcie/../vdma/vdma.c:199
[  180.738965] IOCTL_HANDLER: Function hailo_vdma_buffer_sync_ioctl called at hailort-drivers/linux/pcie/../vdma/ioctl.c:298
[  180.738967] USER_COPY: About to call copy_from_user from function hailo_vdma_buffer_sync_ioctl at hailort-drivers/linux/pcie/../vdma/ioctl.c:302
[  180.738969] USER_COPY_CONTEXT: Process PID=2692, COMM=classifier
[  180.738972] FUNC_ENTRY: Entering function hailo_vdma_find_mapped_user_buffer at hailort-drivers/linux/pcie/../vdma/memory.c:423
[  180.738973] FUNC_ENTRY: Entering function hailo_vdma_buffer_sync at hailort-drivers/linux/pcie/../vdma/memory.c:391
[  180.738975] FUNC_ENTRY: Entering function vdma_sync_buffer_interval at hailort-drivers/linux/pcie/../vdma/memory.c:365
[  180.739558] IOCTL_HANDLER: Function hailo_pcie_fops_unlockedioctl called at hailort-drivers/linux/pcie/src/fops.c:469
[  180.739560] IOCTL_HANDLER: Function hailo_vdma_ioctl called at hailort-drivers/linux/pcie/../vdma/vdma.c:198
[  180.739562] FUNC_ENTRY: Entering function hailo_vdma_ioctl at hailort-drivers/linux/pcie/../vdma/vdma.c:199
[  180.739564] IOCTL_HANDLER: Function hailo_desc_list_program_ioctl called at hailort-drivers/linux/pcie/../vdma/ioctl.c:430
[  180.739566] USER_COPY: About to call copy_from_user from function hailo_desc_list_program_ioctl at hailort-drivers/linux/pcie/../vdma/ioctl.c:436
[  180.739569] USER_COPY_CONTEXT: Process PID=2692, COMM=classifier
[  180.739570] FUNC_ENTRY: Entering function hailo_vdma_find_mapped_user_buffer at hailort-drivers/linux/pcie/../vdma/memory.c:423
[  180.739572] FUNC_ENTRY: Entering function hailo_vdma_find_descriptors_buffer at hailort-drivers/linux/pcie/../vdma/memory.c:499
[  180.741789] IOCTL_HANDLER: Function hailo_pcie_fops_unlockedioctl called at hailort-drivers/linux/pcie/src/fops.c:469
[  180.741795] IOCTL_HANDLER: Function hailo_nnc_ioctl called at hailort-drivers/linux/pcie/src/nnc.c:236
[  180.741797] USER_COPY: About to call copy_from_user from function hailo_fw_control at hailort-drivers/linux/pcie/src/nnc.c:68
[  180.741800] USER_COPY_CONTEXT: Process PID=2692, COMM=classifier
[  180.741905] USER_COPY: About to call copy_to_user from function hailo_fw_control at hailort-drivers/linux/pcie/src/nnc.c:103
[  180.741908] USER_COPY_CONTEXT: Process PID=2692, COMM=classifier
[  180.742217] IOCTL_HANDLER: Function hailo_pcie_fops_unlockedioctl called at hailort-drivers/linux/pcie/src/fops.c:469
[  180.742222] IOCTL_HANDLER: Function hailo_nnc_ioctl called at hailort-drivers/linux/pcie/src/nnc.c:236
[  180.742224] USER_COPY: About to call copy_from_user from function hailo_fw_control at hailort-drivers/linux/pcie/src/nnc.c:68
[  180.742226] USER_COPY_CONTEXT: Process PID=2692, COMM=classifier
[  180.742341] USER_COPY: About to call copy_to_user from function hailo_fw_control at hailort-drivers/linux/pcie/src/nnc.c:103
[  180.742343] USER_COPY_CONTEXT: Process PID=2692, COMM=classifier
[  180.742400] IOCTL_HANDLER: Function hailo_pcie_fops_unlockedioctl called at hailort-drivers/linux/pcie/src/fops.c:469
[  180.742403] IOCTL_HANDLER: Function hailo_nnc_ioctl called at hailort-drivers/linux/pcie/src/nnc.c:236
[  180.742404] USER_COPY: About to call copy_from_user from function hailo_fw_control at hailort-drivers/linux/pcie/src/nnc.c:68
[  180.742406] USER_COPY_CONTEXT: Process PID=2692, COMM=classifier
[  180.742538] USER_COPY: About to call copy_to_user from function hailo_fw_control at hailort-drivers/linux/pcie/src/nnc.c:103
[  180.742540] USER_COPY_CONTEXT: Process PID=2692, COMM=classifier
[  180.742602] IOCTL_HANDLER: Function hailo_pcie_fops_unlockedioctl called at hailort-drivers/linux/pcie/src/fops.c:469
[  180.742605] IOCTL_HANDLER: Function hailo_nnc_ioctl called at hailort-drivers/linux/pcie/src/nnc.c:236
[  180.742607] USER_COPY: About to call copy_from_user from function hailo_fw_control at hailort-drivers/linux/pcie/src/nnc.c:68
[  180.742609] USER_COPY_CONTEXT: Process PID=2692, COMM=classifier
[  180.742910] USER_COPY: About to call copy_to_user from function hailo_fw_control at hailort-drivers/linux/pcie/src/nnc.c:103
[  180.742913] USER_COPY_CONTEXT: Process PID=2692, COMM=classifier
[  180.742987] IOCTL_HANDLER: Function hailo_pcie_fops_unlockedioctl called at hailort-drivers/linux/pcie/src/fops.c:469
[  180.742990] IOCTL_HANDLER: Function hailo_nnc_ioctl called at hailort-drivers/linux/pcie/src/nnc.c:236
[  180.742992] USER_COPY: About to call copy_from_user from function hailo_fw_control at hailort-drivers/linux/pcie/src/nnc.c:68
[  180.742994] USER_COPY_CONTEXT: Process PID=2692, COMM=classifier
[  180.743555] USER_COPY: About to call copy_to_user from function hailo_fw_control at hailort-drivers/linux/pcie/src/nnc.c:103
[  180.743557] USER_COPY_CONTEXT: Process PID=2692, COMM=classifier
[  180.743608] IOCTL_HANDLER: Function hailo_pcie_fops_unlockedioctl called at hailort-drivers/linux/pcie/src/fops.c:469
[  180.743610] IOCTL_HANDLER: Function hailo_nnc_ioctl called at hailort-drivers/linux/pcie/src/nnc.c:236
[  180.743612] USER_COPY: About to call copy_from_user from function hailo_fw_control at hailort-drivers/linux/pcie/src/nnc.c:68
[  180.743614] USER_COPY_CONTEXT: Process PID=2692, COMM=classifier
[  180.743765] USER_COPY: About to call copy_to_user from function hailo_fw_control at hailort-drivers/linux/pcie/src/nnc.c:103
[  180.743767] USER_COPY_CONTEXT: Process PID=2692, COMM=classifier
[  180.744135] IOCTL_HANDLER: Function hailo_pcie_fops_unlockedioctl called at hailort-drivers/linux/pcie/src/fops.c:469
[  180.744141] IOCTL_HANDLER: Function hailo_vdma_ioctl called at hailort-drivers/linux/pcie/../vdma/vdma.c:198
[  180.744143] FUNC_ENTRY: Entering function hailo_vdma_ioctl at hailort-drivers/linux/pcie/../vdma/vdma.c:199
[  180.744145] IOCTL_HANDLER: Function hailo_vdma_buffer_map_ioctl called at hailort-drivers/linux/pcie/../vdma/ioctl.c:222
[  180.744148] USER_COPY: About to call copy_from_user from function hailo_vdma_buffer_map_ioctl at hailort-drivers/linux/pcie/../vdma/ioctl.c:228
[  180.744150] USER_COPY_CONTEXT: Process PID=2692, COMM=classifier
[  180.744152] FUNC_ENTRY: Entering function get_dma_direction at hailort-drivers/linux/pcie/../vdma/vdma.c:322
[  180.744155] FUNC_ENTRY: Entering function hailo_vdma_find_low_memory_buffer at hailort-drivers/linux/pcie/../vdma/memory.c:585
[  180.744157] FUNC_ENTRY: Entering function hailo_vdma_buffer_map at hailort-drivers/linux/pcie/../vdma/memory.c:194
[  180.744168] ------------[ cut here ]------------
[  180.744171] WARNING: CPU: 1 PID: 2692 at include/linux/rwsem.h:80 find_vma+0x6c/0x80
[  180.744184] Modules linked in: xt_MASQUERADE xt_tcpudp xt_mark nft_compat nft_chain_nat nf_nat nf_conntrack nf_defrag_ipv6 nf_defrag_ipv4 rfcomm snd_seq_dummy snd_hrtimer snd_seq snd_seq_device tun nf_tables nfnetlink algif_hash algif_skcipher af_alg bnep binfmt_misc brcmfmac_wcc brcmfmac brcmutil cfg80211 hci_uart btbcm bluetooth rpi_hevc_dec pisp_be aes_ce_blk ecdh_generic aes_ce_cipher ecc v4l2_mem2mem ghash_ce videobuf2_dma_contig rfkill gf128mul videobuf2_memops sha2_ce videobuf2_v4l2 libaes sha256_arm64 videodev sha1_ce hailo_pci(O) videobuf2_common mc sha1_generic raspberrypi_hwmon raspberrypi_gpiomem rp1_mailbox rp1_adc uio_pdrv_genirq nvmem_rmem uio i2c_dev ledtrig_pattern fuse dm_mod ip_tables x_tables ipv6 vc4 snd_soc_hdmi_codec drm_display_helper cec drm_dma_helper spidev snd_soc_core snd_compress snd_pcm_dmaengine snd_pcm snd_timer v3d gpu_sched spi_bcm2835 drm_shmem_helper i2c_brcmstb snd drm_kms_helper gpio_keys drm drm_panel_orientation_quirks backlight rp1_pio rp1_fw
[  180.744293] CPU: 1 UID: 1000 PID: 2692 Comm: classifier Tainted: G        W  O       6.12.47+rpt-rpi-2712 #1  Debian 1:6.12.47-1+rpt1~bookworm
[  180.744299] Tainted: [W]=WARN, [O]=OOT_MODULE
[  180.744301] Hardware name: Raspberry Pi 5 Model B Rev 1.0 (DT)
[  180.744303] pstate: 80400009 (Nzcv daif +PAN -UAO -TCO -DIT -SSBS BTYPE=--)
[  180.744307] pc : find_vma+0x6c/0x80
[  180.744312] lr : hailo_vdma_buffer_map+0x274/0x820 [hailo_pci]
[  180.744325] sp : ffffc00085bbbbc0
[  180.744326] x29: ffffc00085bbbbd0 x28: 00007fffc648efb8 x27: ffffd06f58854000
[  180.744333] x26: 0000000000000000 x25: 0000000000000000 x24: ffffd06f58880af0
[  180.744338] x23: 0000000000000001 x22: ffff8000410a90c8 x21: 0000000000004000
[  180.744343] x20: 00007ffecf32c000 x19: ffff8000e05f3e80 x18: ffffffffffffffff
[  180.744348] x17: 6972732f656d6f68 x16: ffffd06fce732e68 x15: 5f7265666675625f
[  180.744352] x14: 616d64765f6f6c69 x13: 3439313a632e7972 x12: 6f6d656d2f616d64
[  180.744357] x11: 762f2e2e2f656963 x10: ffffd06fcfd104f0 x9 : ffffd06f58871e14
[  180.744362] x8 : ffff8000e05f3f00 x7 : 0000000000000000 x6 : 000000000000003f
[  180.744367] x5 : 0000000000000040 x4 : 0000000000000080 x3 : 0000000000000000
[  180.744372] x2 : ffff80004126c600 x1 : 0000000000000000 x0 : ffff8000e0b92ac0
[  180.744377] Call trace:
[  180.744379]  find_vma+0x6c/0x80
[  180.744384]  hailo_vdma_buffer_map+0x274/0x820 [hailo_pci]
[  180.744391]  hailo_vdma_buffer_map_ioctl+0x134/0x3b8 [hailo_pci]
[  180.744397]  hailo_vdma_ioctl+0x27c/0x320 [hailo_pci]
[  180.744403]  hailo_pcie_fops_unlockedioctl+0x19c/0x8b0 [hailo_pci]
[  180.744410]  __arm64_sys_ioctl+0xb4/0x100
[  180.744415]  invoke_syscall+0x50/0x120
[  180.744421]  el0_svc_common.constprop.0+0xc8/0xf0
[  180.744426]  do_el0_svc+0x24/0x38
[  180.744430]  el0_svc+0x30/0x100
[  180.744436]  el0t_64_sync_handler+0x100/0x130
[  180.744441]  el0t_64_sync+0x190/0x198
[  180.744445] ---[ end trace 0000000000000000 ]---
[  180.744448] FUNC_ENTRY: Entering function is_dmabuf_vma at hailort-drivers/linux/pcie/../vdma/memory.c:158
[  180.744451] FUNC_ENTRY: Entering function prepare_sg_table at hailort-drivers/linux/pcie/../vdma/memory.c:749
[  180.744471] USER_COPY: About to call copy_to_user from function hailo_vdma_buffer_map_ioctl at hailort-drivers/linux/pcie/../vdma/ioctl.c:255
[  180.744474] USER_COPY_CONTEXT: Process PID=2692, COMM=classifier
[  180.744645] IOCTL_HANDLER: Function hailo_pcie_fops_unlockedioctl called at hailort-drivers/linux/pcie/src/fops.c:469
[  180.744649] IOCTL_HANDLER: Function hailo_vdma_ioctl called at hailort-drivers/linux/pcie/../vdma/vdma.c:198
[  180.744651] FUNC_ENTRY: Entering function hailo_vdma_ioctl at hailort-drivers/linux/pcie/../vdma/vdma.c:199
[  180.744653] IOCTL_HANDLER: Function hailo_vdma_buffer_map_ioctl called at hailort-drivers/linux/pcie/../vdma/ioctl.c:222
[  180.744655] USER_COPY: About to call copy_from_user from function hailo_vdma_buffer_map_ioctl at hailort-drivers/linux/pcie/../vdma/ioctl.c:228
[  180.744657] USER_COPY_CONTEXT: Process PID=2692, COMM=classifier
[  180.744659] FUNC_ENTRY: Entering function get_dma_direction at hailort-drivers/linux/pcie/../vdma/vdma.c:322
[  180.744661] FUNC_ENTRY: Entering function hailo_vdma_find_low_memory_buffer at hailort-drivers/linux/pcie/../vdma/memory.c:585
[  180.744663] FUNC_ENTRY: Entering function hailo_vdma_buffer_map at hailort-drivers/linux/pcie/../vdma/memory.c:194
[  180.744670] ------------[ cut here ]------------
[  180.744672] WARNING: CPU: 1 PID: 2692 at include/linux/rwsem.h:80 find_vma+0x6c/0x80
[  180.744679] Modules linked in: xt_MASQUERADE xt_tcpudp xt_mark nft_compat nft_chain_nat nf_nat nf_conntrack nf_defrag_ipv6 nf_defrag_ipv4 rfcomm snd_seq_dummy snd_hrtimer snd_seq snd_seq_device tun nf_tables nfnetlink algif_hash algif_skcipher af_alg bnep binfmt_misc brcmfmac_wcc brcmfmac brcmutil cfg80211 hci_uart btbcm bluetooth rpi_hevc_dec pisp_be aes_ce_blk ecdh_generic aes_ce_cipher ecc v4l2_mem2mem ghash_ce videobuf2_dma_contig rfkill gf128mul videobuf2_memops sha2_ce videobuf2_v4l2 libaes sha256_arm64 videodev sha1_ce hailo_pci(O) videobuf2_common mc sha1_generic raspberrypi_hwmon raspberrypi_gpiomem rp1_mailbox rp1_adc uio_pdrv_genirq nvmem_rmem uio i2c_dev ledtrig_pattern fuse dm_mod ip_tables x_tables ipv6 vc4 snd_soc_hdmi_codec drm_display_helper cec drm_dma_helper spidev snd_soc_core snd_compress snd_pcm_dmaengine snd_pcm snd_timer v3d gpu_sched spi_bcm2835 drm_shmem_helper i2c_brcmstb snd drm_kms_helper gpio_keys drm drm_panel_orientation_quirks backlight rp1_pio rp1_fw
[  180.744766] CPU: 1 UID: 1000 PID: 2692 Comm: classifier Tainted: G        W  O       6.12.47+rpt-rpi-2712 #1  Debian 1:6.12.47-1+rpt1~bookworm
[  180.744772] Tainted: [W]=WARN, [O]=OOT_MODULE
[  180.744773] Hardware name: Raspberry Pi 5 Model B Rev 1.0 (DT)
[  180.744775] pstate: 80400009 (Nzcv daif +PAN -UAO -TCO -DIT -SSBS BTYPE=--)
[  180.744778] pc : find_vma+0x6c/0x80
[  180.744782] lr : hailo_vdma_buffer_map+0x274/0x820 [hailo_pci]
[  180.744789] sp : ffffc00085bbbbc0
[  180.744791] x29: ffffc00085bbbbd0 x28: 00007fffc648efb8 x27: ffffd06f58854000
[  180.744796] x26: 0000000000000000 x25: 0000000000000000 x24: ffffd06f58880af0
[  180.744801] x23: 0000000000000001 x22: ffff8000410a90c8 x21: 0000000000004000
[  180.744806] x20: 00007ffecf328000 x19: ffff8000e05f3080 x18: ffffffffffffffff
[  180.744810] x17: 6972732f656d6f68 x16: ffffd06fce732e68 x15: 5f7265666675625f
[  180.744815] x14: 616d64765f6f6c69 x13: 3439313a632e7972 x12: 6f6d656d2f616d64
[  180.744820] x11: 762f2e2e2f656963 x10: ffffd06fcfd104f0 x9 : ffffd06f58871e14
[  180.744825] x8 : ffff8000e05f3100 x7 : 0000000000000000 x6 : 000000000000003f
[  180.744829] x5 : 0000000000000040 x4 : 0000000000000080 x3 : 0000000000000000
[  180.744834] x2 : ffff80004126c600 x1 : 0000000000000000 x0 : ffff8000e0b92ac0
[  180.744839] Call trace:
[  180.744840]  find_vma+0x6c/0x80
[  180.744845]  hailo_vdma_buffer_map+0x274/0x820 [hailo_pci]
[  180.744851]  hailo_vdma_buffer_map_ioctl+0x134/0x3b8 [hailo_pci]
[  180.744857]  hailo_vdma_ioctl+0x27c/0x320 [hailo_pci]
[  180.744863]  hailo_pcie_fops_unlockedioctl+0x19c/0x8b0 [hailo_pci]
[  180.744869]  __arm64_sys_ioctl+0xb4/0x100
[  180.744873]  invoke_syscall+0x50/0x120
[  180.744878]  el0_svc_common.constprop.0+0xc8/0xf0
[  180.744883]  do_el0_svc+0x24/0x38
[  180.744887]  el0_svc+0x30/0x100
[  180.744892]  el0t_64_sync_handler+0x100/0x130
[  180.744896]  el0t_64_sync+0x190/0x198
[  180.744899] ---[ end trace 0000000000000000 ]---
[  180.744902] FUNC_ENTRY: Entering function is_dmabuf_vma at hailort-drivers/linux/pcie/../vdma/memory.c:158
[  180.744904] FUNC_ENTRY: Entering function prepare_sg_table at hailort-drivers/linux/pcie/../vdma/memory.c:749
[  180.744914] USER_COPY: About to call copy_to_user from function hailo_vdma_buffer_map_ioctl at hailort-drivers/linux/pcie/../vdma/ioctl.c:255
[  180.744916] USER_COPY_CONTEXT: Process PID=2692, COMM=classifier
[  180.744990] IOCTL_HANDLER: Function hailo_pcie_fops_unlockedioctl called at hailort-drivers/linux/pcie/src/fops.c:469
[  180.744993] IOCTL_HANDLER: Function hailo_vdma_ioctl called at hailort-drivers/linux/pcie/../vdma/vdma.c:198
[  180.744994] FUNC_ENTRY: Entering function hailo_vdma_ioctl at hailort-drivers/linux/pcie/../vdma/vdma.c:199
[  180.744996] IOCTL_HANDLER: Function hailo_vdma_buffer_map_ioctl called at hailort-drivers/linux/pcie/../vdma/ioctl.c:222
[  180.744998] USER_COPY: About to call copy_from_user from function hailo_vdma_buffer_map_ioctl at hailort-drivers/linux/pcie/../vdma/ioctl.c:228
[  180.745000] USER_COPY_CONTEXT: Process PID=2692, COMM=classifier
[  180.745002] FUNC_ENTRY: Entering function get_dma_direction at hailort-drivers/linux/pcie/../vdma/vdma.c:322
[  180.745004] FUNC_ENTRY: Entering function hailo_vdma_find_low_memory_buffer at hailort-drivers/linux/pcie/../vdma/memory.c:585
[  180.745006] FUNC_ENTRY: Entering function hailo_vdma_buffer_map at hailort-drivers/linux/pcie/../vdma/memory.c:194
[  180.745013] ------------[ cut here ]------------
[  180.745014] WARNING: CPU: 1 PID: 2692 at include/linux/rwsem.h:80 find_vma+0x6c/0x80
[  180.745020] Modules linked in: xt_MASQUERADE xt_tcpudp xt_mark nft_compat nft_chain_nat nf_nat nf_conntrack nf_defrag_ipv6 nf_defrag_ipv4 rfcomm snd_seq_dummy snd_hrtimer snd_seq snd_seq_device tun nf_tables nfnetlink algif_hash algif_skcipher af_alg bnep binfmt_misc brcmfmac_wcc brcmfmac brcmutil cfg80211 hci_uart btbcm bluetooth rpi_hevc_dec pisp_be aes_ce_blk ecdh_generic aes_ce_cipher ecc v4l2_mem2mem ghash_ce videobuf2_dma_contig rfkill gf128mul videobuf2_memops sha2_ce videobuf2_v4l2 libaes sha256_arm64 videodev sha1_ce hailo_pci(O) videobuf2_common mc sha1_generic raspberrypi_hwmon raspberrypi_gpiomem rp1_mailbox rp1_adc uio_pdrv_genirq nvmem_rmem uio i2c_dev ledtrig_pattern fuse dm_mod ip_tables x_tables ipv6 vc4 snd_soc_hdmi_codec drm_display_helper cec drm_dma_helper spidev snd_soc_core snd_compress snd_pcm_dmaengine snd_pcm snd_timer v3d gpu_sched spi_bcm2835 drm_shmem_helper i2c_brcmstb snd drm_kms_helper gpio_keys drm drm_panel_orientation_quirks backlight rp1_pio rp1_fw
[  180.745106] CPU: 1 UID: 1000 PID: 2692 Comm: classifier Tainted: G        W  O       6.12.47+rpt-rpi-2712 #1  Debian 1:6.12.47-1+rpt1~bookworm
[  180.745111] Tainted: [W]=WARN, [O]=OOT_MODULE
[  180.745112] Hardware name: Raspberry Pi 5 Model B Rev 1.0 (DT)
[  180.745114] pstate: 80400009 (Nzcv daif +PAN -UAO -TCO -DIT -SSBS BTYPE=--)
[  180.745117] pc : find_vma+0x6c/0x80
[  180.745122] lr : hailo_vdma_buffer_map+0x274/0x820 [hailo_pci]
[  180.745128] sp : ffffc00085bbbbc0
[  180.745130] x29: ffffc00085bbbbd0 x28: 00007fffc648efb8 x27: ffffd06f58854000
[  180.745135] x26: 0000000000000000 x25: 0000000000000000 x24: ffffd06f58880af0
[  180.745140] x23: 0000000000000001 x22: ffff8000410a90c8 x21: 0000000000004000
[  180.745144] x20: 00007ffecf324000 x19: ffff8000e05f2c00 x18: ffffffffffffffff
[  180.745149] x17: 6972732f656d6f68 x16: ffffd06fce732e68 x15: 5f7265666675625f
[  180.745154] x14: 616d64765f6f6c69 x13: 3439313a632e7972 x12: 6f6d656d2f616d64
[  180.745159] x11: 762f2e2e2f656963 x10: ffffd06fcfd104f0 x9 : ffffd06f58871e14
[  180.745163] x8 : ffff8000e05f2c80 x7 : 0000000000000000 x6 : 000000000000003f
[  180.745168] x5 : 0000000000000040 x4 : 0000000000000080 x3 : 0000000000000000
[  180.745173] x2 : ffff80004126c600 x1 : 0000000000000000 x0 : ffff8000e0b92ac0
[  180.745177] Call trace:
[  180.745179]  find_vma+0x6c/0x80
[  180.745184]  hailo_vdma_buffer_map+0x274/0x820 [hailo_pci]
[  180.745190]  hailo_vdma_buffer_map_ioctl+0x134/0x3b8 [hailo_pci]
[  180.745196]  hailo_vdma_ioctl+0x27c/0x320 [hailo_pci]
[  180.745201]  hailo_pcie_fops_unlockedioctl+0x19c/0x8b0 [hailo_pci]
[  180.745207]  __arm64_sys_ioctl+0xb4/0x100
[  180.745211]  invoke_syscall+0x50/0x120
[  180.745216]  el0_svc_common.constprop.0+0xc8/0xf0
[  180.745220]  do_el0_svc+0x24/0x38
[  180.745224]  el0_svc+0x30/0x100
[  180.745229]  el0t_64_sync_handler+0x100/0x130
[  180.745234]  el0t_64_sync+0x190/0x198
[  180.745236] ---[ end trace 0000000000000000 ]---
[  180.745239] FUNC_ENTRY: Entering function is_dmabuf_vma at hailort-drivers/linux/pcie/../vdma/memory.c:158
[  180.745241] FUNC_ENTRY: Entering function prepare_sg_table at hailort-drivers/linux/pcie/../vdma/memory.c:749
[  180.745250] USER_COPY: About to call copy_to_user from function hailo_vdma_buffer_map_ioctl at hailort-drivers/linux/pcie/../vdma/ioctl.c:255
[  180.745252] USER_COPY_CONTEXT: Process PID=2692, COMM=classifier
[  180.745774] IOCTL_HANDLER: Function hailo_pcie_fops_unlockedioctl called at hailort-drivers/linux/pcie/src/fops.c:469
[  180.745780] IOCTL_HANDLER: Function hailo_vdma_ioctl called at hailort-drivers/linux/pcie/../vdma/vdma.c:198
[  180.745782] FUNC_ENTRY: Entering function hailo_vdma_ioctl at hailort-drivers/linux/pcie/../vdma/vdma.c:199
[  180.745784] IOCTL_HANDLER: Function hailo_vdma_buffer_map_ioctl called at hailort-drivers/linux/pcie/../vdma/ioctl.c:222
[  180.745786] USER_COPY: About to call copy_from_user from function hailo_vdma_buffer_map_ioctl at hailort-drivers/linux/pcie/../vdma/ioctl.c:228
[  180.745788] USER_COPY_CONTEXT: Process PID=2692, COMM=classifier
[  180.745790] FUNC_ENTRY: Entering function get_dma_direction at hailort-drivers/linux/pcie/../vdma/vdma.c:322
[  180.745792] FUNC_ENTRY: Entering function hailo_vdma_find_low_memory_buffer at hailort-drivers/linux/pcie/../vdma/memory.c:585
[  180.745794] FUNC_ENTRY: Entering function hailo_vdma_buffer_map at hailort-drivers/linux/pcie/../vdma/memory.c:194
[  180.745803] ------------[ cut here ]------------
[  180.745805] WARNING: CPU: 1 PID: 2692 at include/linux/rwsem.h:80 find_vma+0x6c/0x80
[  180.745812] Modules linked in: xt_MASQUERADE xt_tcpudp xt_mark nft_compat nft_chain_nat nf_nat nf_conntrack nf_defrag_ipv6 nf_defrag_ipv4 rfcomm snd_seq_dummy snd_hrtimer snd_seq snd_seq_device tun nf_tables nfnetlink algif_hash algif_skcipher af_alg bnep binfmt_misc brcmfmac_wcc brcmfmac brcmutil cfg80211 hci_uart btbcm bluetooth rpi_hevc_dec pisp_be aes_ce_blk ecdh_generic aes_ce_cipher ecc v4l2_mem2mem ghash_ce videobuf2_dma_contig rfkill gf128mul videobuf2_memops sha2_ce videobuf2_v4l2 libaes sha256_arm64 videodev sha1_ce hailo_pci(O) videobuf2_common mc sha1_generic raspberrypi_hwmon raspberrypi_gpiomem rp1_mailbox rp1_adc uio_pdrv_genirq nvmem_rmem uio i2c_dev ledtrig_pattern fuse dm_mod ip_tables x_tables ipv6 vc4 snd_soc_hdmi_codec drm_display_helper cec drm_dma_helper spidev snd_soc_core snd_compress snd_pcm_dmaengine snd_pcm snd_timer v3d gpu_sched spi_bcm2835 drm_shmem_helper i2c_brcmstb snd drm_kms_helper gpio_keys drm drm_panel_orientation_quirks backlight rp1_pio rp1_fw
[  180.745905] CPU: 1 UID: 1000 PID: 2692 Comm: classifier Tainted: G        W  O       6.12.47+rpt-rpi-2712 #1  Debian 1:6.12.47-1+rpt1~bookworm
[  180.745910] Tainted: [W]=WARN, [O]=OOT_MODULE
[  180.745911] Hardware name: Raspberry Pi 5 Model B Rev 1.0 (DT)
[  180.745913] pstate: 80400009 (Nzcv daif +PAN -UAO -TCO -DIT -SSBS BTYPE=--)
[  180.745917] pc : find_vma+0x6c/0x80
[  180.745921] lr : hailo_vdma_buffer_map+0x274/0x820 [hailo_pci]
[  180.745929] sp : ffffc00085bbbbc0
[  180.745930] x29: ffffc00085bbbbd0 x28: 00007fffc648efb8 x27: ffffd06f58854000
[  180.745935] x26: 0000000000000000 x25: 0000000000000000 x24: ffffd06f58880af0
[  180.745940] x23: 0000000000000001 x22: ffff8000410a90c8 x21: 0000000000004000
[  180.745945] x20: 00007ffecf320000 x19: ffff8000e05f1680 x18: ffffffffffffffff
[  180.745950] x17: 6972732f656d6f68 x16: ffffd06fce732e68 x15: 5f7265666675625f
[  180.745955] x14: 616d64765f6f6c69 x13: 3439313a632e7972 x12: 6f6d656d2f616d64
[  180.745959] x11: 762f2e2e2f656963 x10: ffffd06fcfd104f0 x9 : ffffd06f58871e14
[  180.745964] x8 : ffff8000e05f1700 x7 : 0000000000000000 x6 : 000000000000003f
[  180.745969] x5 : 0000000000000040 x4 : 0000000000000080 x3 : 0000000000000000
[  180.745974] x2 : ffff80004126c600 x1 : 0000000000000000 x0 : ffff8000e0b92ac0
[  180.745979] Call trace:
[  180.745980]  find_vma+0x6c/0x80
[  180.745985]  hailo_vdma_buffer_map+0x274/0x820 [hailo_pci]
[  180.745992]  hailo_vdma_buffer_map_ioctl+0x134/0x3b8 [hailo_pci]
[  180.745997]  hailo_vdma_ioctl+0x27c/0x320 [hailo_pci]
[  180.746003]  hailo_pcie_fops_unlockedioctl+0x19c/0x8b0 [hailo_pci]
[  180.746009]  __arm64_sys_ioctl+0xb4/0x100
[  180.746014]  invoke_syscall+0x50/0x120
[  180.746018]  el0_svc_common.constprop.0+0xc8/0xf0
[  180.746023]  do_el0_svc+0x24/0x38
[  180.746027]  el0_svc+0x30/0x100
[  180.746032]  el0t_64_sync_handler+0x100/0x130
[  180.746037]  el0t_64_sync+0x190/0x198
[  180.746040] ---[ end trace 0000000000000000 ]---
[  180.746042] FUNC_ENTRY: Entering function is_dmabuf_vma at hailort-drivers/linux/pcie/../vdma/memory.c:158
[  180.746045] FUNC_ENTRY: Entering function prepare_sg_table at hailort-drivers/linux/pcie/../vdma/memory.c:749
[  180.746060] USER_COPY: About to call copy_to_user from function hailo_vdma_buffer_map_ioctl at hailort-drivers/linux/pcie/../vdma/ioctl.c:255
[  180.746063] USER_COPY_CONTEXT: Process PID=2692, COMM=classifier
[  180.747715] IOCTL_HANDLER: Function hailo_pcie_fops_unlockedioctl called at hailort-drivers/linux/pcie/src/fops.c:469
[  180.747720] IOCTL_HANDLER: Function hailo_vdma_ioctl called at hailort-drivers/linux/pcie/../vdma/vdma.c:198
[  180.747722] FUNC_ENTRY: Entering function hailo_vdma_ioctl at hailort-drivers/linux/pcie/../vdma/vdma.c:199
[  180.747724] IOCTL_HANDLER: Function hailo_vdma_buffer_map_ioctl called at hailort-drivers/linux/pcie/../vdma/ioctl.c:222
[  180.747725] USER_COPY: About to call copy_from_user from function hailo_vdma_buffer_map_ioctl at hailort-drivers/linux/pcie/../vdma/ioctl.c:228
[  180.747728] USER_COPY_CONTEXT: Process PID=2692, COMM=classifier
[  180.747729] FUNC_ENTRY: Entering function get_dma_direction at hailort-drivers/linux/pcie/../vdma/vdma.c:322
[  180.747731] FUNC_ENTRY: Entering function hailo_vdma_find_low_memory_buffer at hailort-drivers/linux/pcie/../vdma/memory.c:585
[  180.747733] FUNC_ENTRY: Entering function hailo_vdma_buffer_map at hailort-drivers/linux/pcie/../vdma/memory.c:194
[  180.747741] ------------[ cut here ]------------
[  180.747743] WARNING: CPU: 1 PID: 2692 at include/linux/rwsem.h:80 find_vma+0x6c/0x80
[  180.747750] Modules linked in: xt_MASQUERADE xt_tcpudp xt_mark nft_compat nft_chain_nat nf_nat nf_conntrack nf_defrag_ipv6 nf_defrag_ipv4 rfcomm snd_seq_dummy snd_hrtimer snd_seq snd_seq_device tun nf_tables nfnetlink algif_hash algif_skcipher af_alg bnep binfmt_misc brcmfmac_wcc brcmfmac brcmutil cfg80211 hci_uart btbcm bluetooth rpi_hevc_dec pisp_be aes_ce_blk ecdh_generic aes_ce_cipher ecc v4l2_mem2mem ghash_ce videobuf2_dma_contig rfkill gf128mul videobuf2_memops sha2_ce videobuf2_v4l2 libaes sha256_arm64 videodev sha1_ce hailo_pci(O) videobuf2_common mc sha1_generic raspberrypi_hwmon raspberrypi_gpiomem rp1_mailbox rp1_adc uio_pdrv_genirq nvmem_rmem uio i2c_dev ledtrig_pattern fuse dm_mod ip_tables x_tables ipv6 vc4 snd_soc_hdmi_codec drm_display_helper cec drm_dma_helper spidev snd_soc_core snd_compress snd_pcm_dmaengine snd_pcm snd_timer v3d gpu_sched spi_bcm2835 drm_shmem_helper i2c_brcmstb snd drm_kms_helper gpio_keys drm drm_panel_orientation_quirks backlight rp1_pio rp1_fw
[  180.747839] CPU: 1 UID: 1000 PID: 2692 Comm: classifier Tainted: G        W  O       6.12.47+rpt-rpi-2712 #1  Debian 1:6.12.47-1+rpt1~bookworm
[  180.747844] Tainted: [W]=WARN, [O]=OOT_MODULE
[  180.747845] Hardware name: Raspberry Pi 5 Model B Rev 1.0 (DT)
[  180.747847] pstate: 80400009 (Nzcv daif +PAN -UAO -TCO -DIT -SSBS BTYPE=--)
[  180.747850] pc : find_vma+0x6c/0x80
[  180.747855] lr : hailo_vdma_buffer_map+0x274/0x820 [hailo_pci]
[  180.747862] sp : ffffc00085bbbbc0
[  180.747863] x29: ffffc00085bbbbd0 x28: 00007fffc648efb8 x27: ffffd06f58854000
[  180.747868] x26: 0000000000000000 x25: 0000000000000000 x24: ffffd06f58880af0
[  180.747873] x23: 0000000000000001 x22: ffff8000410a90c8 x21: 0000000000004000
[  180.747878] x20: 00007ffecf31c000 x19: ffff8000e05f2600 x18: ffffffffffffffff
[  180.747883] x17: 6972732f656d6f68 x16: ffffd06fce732e68 x15: 5f7265666675625f
[  180.747888] x14: 616d64765f6f6c69 x13: 3439313a632e7972 x12: 6f6d656d2f616d64
[  180.747892] x11: 762f2e2e2f656963 x10: ffffd06fcfd104f0 x9 : ffffd06f58871e14
[  180.747897] x8 : ffff8000e05f2680 x7 : 0000000000000000 x6 : 000000000000003f
[  180.747902] x5 : 0000000000000040 x4 : 0000000000000080 x3 : 0000000000000000
[  180.747906] x2 : ffff80004126c600 x1 : 0000000000000000 x0 : ffff8000e0b92ac0
[  180.747911] Call trace:
[  180.747912]  find_vma+0x6c/0x80
[  180.747917]  hailo_vdma_buffer_map+0x274/0x820 [hailo_pci]
[  180.747923]  hailo_vdma_buffer_map_ioctl+0x134/0x3b8 [hailo_pci]
[  180.747929]  hailo_vdma_ioctl+0x27c/0x320 [hailo_pci]
[  180.747934]  hailo_pcie_fops_unlockedioctl+0x19c/0x8b0 [hailo_pci]
[  180.747941]  __arm64_sys_ioctl+0xb4/0x100
[  180.747945]  invoke_syscall+0x50/0x120
[  180.747949]  el0_svc_common.constprop.0+0xc8/0xf0
[  180.747954]  do_el0_svc+0x24/0x38
[  180.747958]  el0_svc+0x30/0x100
[  180.747963]  el0t_64_sync_handler+0x100/0x130
[  180.747967]  el0t_64_sync+0x190/0x198
[  180.747970] ---[ end trace 0000000000000000 ]---
[  180.747972] FUNC_ENTRY: Entering function is_dmabuf_vma at hailort-drivers/linux/pcie/../vdma/memory.c:158
[  180.747975] FUNC_ENTRY: Entering function prepare_sg_table at hailort-drivers/linux/pcie/../vdma/memory.c:749
[  180.747985] USER_COPY: About to call copy_to_user from function hailo_vdma_buffer_map_ioctl at hailort-drivers/linux/pcie/../vdma/ioctl.c:255
[  180.747987] USER_COPY_CONTEXT: Process PID=2692, COMM=classifier
[  180.748059] IOCTL_HANDLER: Function hailo_pcie_fops_unlockedioctl called at hailort-drivers/linux/pcie/src/fops.c:469
[  180.748062] IOCTL_HANDLER: Function hailo_vdma_ioctl called at hailort-drivers/linux/pcie/../vdma/vdma.c:198
[  180.748064] FUNC_ENTRY: Entering function hailo_vdma_ioctl at hailort-drivers/linux/pcie/../vdma/vdma.c:199
[  180.748065] IOCTL_HANDLER: Function hailo_vdma_buffer_map_ioctl called at hailort-drivers/linux/pcie/../vdma/ioctl.c:222
[  180.748067] USER_COPY: About to call copy_from_user from function hailo_vdma_buffer_map_ioctl at hailort-drivers/linux/pcie/../vdma/ioctl.c:228
[  180.748069] USER_COPY_CONTEXT: Process PID=2692, COMM=classifier
[  180.748071] FUNC_ENTRY: Entering function get_dma_direction at hailort-drivers/linux/pcie/../vdma/vdma.c:322
[  180.748073] FUNC_ENTRY: Entering function hailo_vdma_find_low_memory_buffer at hailort-drivers/linux/pcie/../vdma/memory.c:585
[  180.748075] FUNC_ENTRY: Entering function hailo_vdma_buffer_map at hailort-drivers/linux/pcie/../vdma/memory.c:194
[  180.748082] ------------[ cut here ]------------
[  180.748083] WARNING: CPU: 1 PID: 2692 at include/linux/rwsem.h:80 find_vma+0x6c/0x80
[  180.748089] Modules linked in: xt_MASQUERADE xt_tcpudp xt_mark nft_compat nft_chain_nat nf_nat nf_conntrack nf_defrag_ipv6 nf_defrag_ipv4 rfcomm snd_seq_dummy snd_hrtimer snd_seq snd_seq_device tun nf_tables nfnetlink algif_hash algif_skcipher af_alg bnep binfmt_misc brcmfmac_wcc brcmfmac brcmutil cfg80211 hci_uart btbcm bluetooth rpi_hevc_dec pisp_be aes_ce_blk ecdh_generic aes_ce_cipher ecc v4l2_mem2mem ghash_ce videobuf2_dma_contig rfkill gf128mul videobuf2_memops sha2_ce videobuf2_v4l2 libaes sha256_arm64 videodev sha1_ce hailo_pci(O) videobuf2_common mc sha1_generic raspberrypi_hwmon raspberrypi_gpiomem rp1_mailbox rp1_adc uio_pdrv_genirq nvmem_rmem uio i2c_dev ledtrig_pattern fuse dm_mod ip_tables x_tables ipv6 vc4 snd_soc_hdmi_codec drm_display_helper cec drm_dma_helper spidev snd_soc_core snd_compress snd_pcm_dmaengine snd_pcm snd_timer v3d gpu_sched spi_bcm2835 drm_shmem_helper i2c_brcmstb snd drm_kms_helper gpio_keys drm drm_panel_orientation_quirks backlight rp1_pio rp1_fw
[  180.748175] CPU: 1 UID: 1000 PID: 2692 Comm: classifier Tainted: G        W  O       6.12.47+rpt-rpi-2712 #1  Debian 1:6.12.47-1+rpt1~bookworm
[  180.748179] Tainted: [W]=WARN, [O]=OOT_MODULE
[  180.748181] Hardware name: Raspberry Pi 5 Model B Rev 1.0 (DT)
[  180.748183] pstate: 80400009 (Nzcv daif +PAN -UAO -TCO -DIT -SSBS BTYPE=--)
[  180.748186] pc : find_vma+0x6c/0x80
[  180.748190] lr : hailo_vdma_buffer_map+0x274/0x820 [hailo_pci]
[  180.748197] sp : ffffc00085bbbbc0
[  180.748198] x29: ffffc00085bbbbd0 x28: 00007fffc648efb8 x27: ffffd06f58854000
[  180.748203] x26: 0000000000000000 x25: 0000000000000000 x24: ffffd06f58880af0
[  180.748208] x23: 0000000000000001 x22: ffff8000410a90c8 x21: 0000000000004000
[  180.748213] x20: 00007ffecf318000 x19: ffff8000e05f3380 x18: ffffffffffffffff
[  180.748217] x17: 6972732f656d6f68 x16: ffffd06fce732e68 x15: 5f7265666675625f
[  180.748222] x14: 616d64765f6f6c69 x13: 3439313a632e7972 x12: 6f6d656d2f616d64
[  180.748227] x11: 762f2e2e2f656963 x10: ffffd06fcfd104f0 x9 : ffffd06f58871e14
[  180.748232] x8 : ffff8000e05f3400 x7 : 0000000000000000 x6 : 000000000000003f
[  180.748236] x5 : 0000000000000040 x4 : 0000000000000080 x3 : 0000000000000000
[  180.748241] x2 : ffff80004126c600 x1 : 0000000000000000 x0 : ffff8000e0b92ac0
[  180.748246] Call trace:
[  180.748247]  find_vma+0x6c/0x80
[  180.748252]  hailo_vdma_buffer_map+0x274/0x820 [hailo_pci]
[  180.748258]  hailo_vdma_buffer_map_ioctl+0x134/0x3b8 [hailo_pci]
[  180.748264]  hailo_vdma_ioctl+0x27c/0x320 [hailo_pci]
[  180.748269]  hailo_pcie_fops_unlockedioctl+0x19c/0x8b0 [hailo_pci]
[  180.748275]  __arm64_sys_ioctl+0xb4/0x100
[  180.748279]  invoke_syscall+0x50/0x120
[  180.748284]  el0_svc_common.constprop.0+0xc8/0xf0
[  180.748288]  do_el0_svc+0x24/0x38
[  180.748292]  el0_svc+0x30/0x100
[  180.748297]  el0t_64_sync_handler+0x100/0x130
[  180.748302]  el0t_64_sync+0x190/0x198
[  180.748305] ---[ end trace 0000000000000000 ]---
[  180.748307] FUNC_ENTRY: Entering function is_dmabuf_vma at hailort-drivers/linux/pcie/../vdma/memory.c:158
[  180.748309] FUNC_ENTRY: Entering function prepare_sg_table at hailort-drivers/linux/pcie/../vdma/memory.c:749
[  180.748317] USER_COPY: About to call copy_to_user from function hailo_vdma_buffer_map_ioctl at hailort-drivers/linux/pcie/../vdma/ioctl.c:255
[  180.748320] USER_COPY_CONTEXT: Process PID=2692, COMM=classifier
[  180.748435] IOCTL_HANDLER: Function hailo_pcie_fops_unlockedioctl called at hailort-drivers/linux/pcie/src/fops.c:469
[  180.748438] IOCTL_HANDLER: Function hailo_vdma_ioctl called at hailort-drivers/linux/pcie/../vdma/vdma.c:198
[  180.748440] FUNC_ENTRY: Entering function hailo_vdma_ioctl at hailort-drivers/linux/pcie/../vdma/vdma.c:199
[  180.748442] IOCTL_HANDLER: Function hailo_vdma_buffer_map_ioctl called at hailort-drivers/linux/pcie/../vdma/ioctl.c:222
[  180.748444] USER_COPY: About to call copy_from_user from function hailo_vdma_buffer_map_ioctl at hailort-drivers/linux/pcie/../vdma/ioctl.c:228
[  180.748446] USER_COPY_CONTEXT: Process PID=2692, COMM=classifier
[  180.748447] FUNC_ENTRY: Entering function get_dma_direction at hailort-drivers/linux/pcie/../vdma/vdma.c:322
[  180.748449] FUNC_ENTRY: Entering function hailo_vdma_find_low_memory_buffer at hailort-drivers/linux/pcie/../vdma/memory.c:585
[  180.748451] FUNC_ENTRY: Entering function hailo_vdma_buffer_map at hailort-drivers/linux/pcie/../vdma/memory.c:194
[  180.748458] ------------[ cut here ]------------
[  180.748459] WARNING: CPU: 1 PID: 2692 at include/linux/rwsem.h:80 find_vma+0x6c/0x80
[  180.748465] Modules linked in: xt_MASQUERADE xt_tcpudp xt_mark nft_compat nft_chain_nat nf_nat nf_conntrack nf_defrag_ipv6 nf_defrag_ipv4 rfcomm snd_seq_dummy snd_hrtimer snd_seq snd_seq_device tun nf_tables nfnetlink algif_hash algif_skcipher af_alg bnep binfmt_misc brcmfmac_wcc brcmfmac brcmutil cfg80211 hci_uart btbcm bluetooth rpi_hevc_dec pisp_be aes_ce_blk ecdh_generic aes_ce_cipher ecc v4l2_mem2mem ghash_ce videobuf2_dma_contig rfkill gf128mul videobuf2_memops sha2_ce videobuf2_v4l2 libaes sha256_arm64 videodev sha1_ce hailo_pci(O) videobuf2_common mc sha1_generic raspberrypi_hwmon raspberrypi_gpiomem rp1_mailbox rp1_adc uio_pdrv_genirq nvmem_rmem uio i2c_dev ledtrig_pattern fuse dm_mod ip_tables x_tables ipv6 vc4 snd_soc_hdmi_codec drm_display_helper cec drm_dma_helper spidev snd_soc_core snd_compress snd_pcm_dmaengine snd_pcm snd_timer v3d gpu_sched spi_bcm2835 drm_shmem_helper i2c_brcmstb snd drm_kms_helper gpio_keys drm drm_panel_orientation_quirks backlight rp1_pio rp1_fw
[  180.748552] CPU: 1 UID: 1000 PID: 2692 Comm: classifier Tainted: G        W  O       6.12.47+rpt-rpi-2712 #1  Debian 1:6.12.47-1+rpt1~bookworm
[  180.748556] Tainted: [W]=WARN, [O]=OOT_MODULE
[  180.748558] Hardware name: Raspberry Pi 5 Model B Rev 1.0 (DT)
[  180.748559] pstate: 80400009 (Nzcv daif +PAN -UAO -TCO -DIT -SSBS BTYPE=--)
[  180.748562] pc : find_vma+0x6c/0x80
[  180.748567] lr : hailo_vdma_buffer_map+0x274/0x820 [hailo_pci]
[  180.748573] sp : ffffc00085bbbbc0
[  180.748575] x29: ffffc00085bbbbd0 x28: 00007fffc648f738 x27: ffffd06f58854000
[  180.748580] x26: 0000000000000000 x25: 0000000000000000 x24: ffffd06f58880af0
[  180.748585] x23: 0000000000000001 x22: ffff8000410a90c8 x21: 0000000000100000
[  180.748590] x20: 00007ffec2c70000 x19: ffff8000e05f1c00 x18: ffffffffffffffff
[  180.748594] x17: 6972732f656d6f68 x16: ffffd06fce732e68 x15: 5f7265666675625f
[  180.748599] x14: 616d64765f6f6c69 x13: 3439313a632e7972 x12: 6f6d656d2f616d64
[  180.748604] x11: 762f2e2e2f656963 x10: ffffd06fcfd104f0 x9 : ffffd06f58871e14
[  180.748609] x8 : ffff8000e05f1c80 x7 : 0000000000000000 x6 : 000000000000003f
[  180.748613] x5 : 0000000000000040 x4 : 0000000000000080 x3 : 0000000000000000
[  180.748618] x2 : ffff80004126c600 x1 : 0000000000000000 x0 : ffff8000e0b92ac0
[  180.748623] Call trace:
[  180.748624]  find_vma+0x6c/0x80
[  180.748629]  hailo_vdma_buffer_map+0x274/0x820 [hailo_pci]
[  180.748635]  hailo_vdma_buffer_map_ioctl+0x134/0x3b8 [hailo_pci]
[  180.748641]  hailo_vdma_ioctl+0x27c/0x320 [hailo_pci]
[  180.748647]  hailo_pcie_fops_unlockedioctl+0x19c/0x8b0 [hailo_pci]
[  180.748653]  __arm64_sys_ioctl+0xb4/0x100
[  180.748656]  invoke_syscall+0x50/0x120
[  180.748661]  el0_svc_common.constprop.0+0xc8/0xf0
[  180.748665]  do_el0_svc+0x24/0x38
[  180.748669]  el0_svc+0x30/0x100
[  180.748674]  el0t_64_sync_handler+0x100/0x130
[  180.748678]  el0t_64_sync+0x190/0x198
[  180.748681] ---[ end trace 0000000000000000 ]---
[  180.748683] FUNC_ENTRY: Entering function is_dmabuf_vma at hailort-drivers/linux/pcie/../vdma/memory.c:158
[  180.748685] FUNC_ENTRY: Entering function prepare_sg_table at hailort-drivers/linux/pcie/../vdma/memory.c:749
[  180.748943] USER_COPY: About to call copy_to_user from function hailo_vdma_buffer_map_ioctl at hailort-drivers/linux/pcie/../vdma/ioctl.c:255
[  180.748946] USER_COPY_CONTEXT: Process PID=2692, COMM=classifier
[  180.749035] IOCTL_HANDLER: Function hailo_pcie_fops_unlockedioctl called at hailort-drivers/linux/pcie/src/fops.c:469
[  180.749039] IOCTL_HANDLER: Function hailo_vdma_ioctl called at hailort-drivers/linux/pcie/../vdma/vdma.c:198
[  180.749041] FUNC_ENTRY: Entering function hailo_vdma_ioctl at hailort-drivers/linux/pcie/../vdma/vdma.c:199
[  180.749043] IOCTL_HANDLER: Function hailo_desc_list_program_ioctl called at hailort-drivers/linux/pcie/../vdma/ioctl.c:430
[  180.749045] USER_COPY: About to call copy_from_user from function hailo_desc_list_program_ioctl at hailort-drivers/linux/pcie/../vdma/ioctl.c:436
[  180.749047] USER_COPY_CONTEXT: Process PID=2692, COMM=classifier
[  180.749049] FUNC_ENTRY: Entering function hailo_vdma_find_mapped_user_buffer at hailort-drivers/linux/pcie/../vdma/memory.c:423
[  180.749051] FUNC_ENTRY: Entering function hailo_vdma_find_descriptors_buffer at hailort-drivers/linux/pcie/../vdma/memory.c:499
[  180.749252] IOCTL_HANDLER: Function hailo_pcie_fops_unlockedioctl called at hailort-drivers/linux/pcie/src/fops.c:469
[  180.749255] IOCTL_HANDLER: Function hailo_vdma_ioctl called at hailort-drivers/linux/pcie/../vdma/vdma.c:198
[  180.749257] FUNC_ENTRY: Entering function hailo_vdma_ioctl at hailort-drivers/linux/pcie/../vdma/vdma.c:199
[  180.749259] IOCTL_HANDLER: Function hailo_vdma_buffer_map_ioctl called at hailort-drivers/linux/pcie/../vdma/ioctl.c:222
[  180.749261] USER_COPY: About to call copy_from_user from function hailo_vdma_buffer_map_ioctl at hailort-drivers/linux/pcie/../vdma/ioctl.c:228
[  180.749263] USER_COPY_CONTEXT: Process PID=2692, COMM=classifier
[  180.749265] FUNC_ENTRY: Entering function get_dma_direction at hailort-drivers/linux/pcie/../vdma/vdma.c:322
[  180.749267] FUNC_ENTRY: Entering function hailo_vdma_find_low_memory_buffer at hailort-drivers/linux/pcie/../vdma/memory.c:585
[  180.749269] FUNC_ENTRY: Entering function hailo_vdma_buffer_map at hailort-drivers/linux/pcie/../vdma/memory.c:194
[  180.749276] ------------[ cut here ]------------
[  180.749278] WARNING: CPU: 1 PID: 2692 at include/linux/rwsem.h:80 find_vma+0x6c/0x80
[  180.749284] Modules linked in: xt_MASQUERADE xt_tcpudp xt_mark nft_compat nft_chain_nat nf_nat nf_conntrack nf_defrag_ipv6 nf_defrag_ipv4 rfcomm snd_seq_dummy snd_hrtimer snd_seq snd_seq_device tun nf_tables nfnetlink algif_hash algif_skcipher af_alg bnep binfmt_misc brcmfmac_wcc brcmfmac brcmutil cfg80211 hci_uart btbcm bluetooth rpi_hevc_dec pisp_be aes_ce_blk ecdh_generic aes_ce_cipher ecc v4l2_mem2mem ghash_ce videobuf2_dma_contig rfkill gf128mul videobuf2_memops sha2_ce videobuf2_v4l2 libaes sha256_arm64 videodev sha1_ce hailo_pci(O) videobuf2_common mc sha1_generic raspberrypi_hwmon raspberrypi_gpiomem rp1_mailbox rp1_adc uio_pdrv_genirq nvmem_rmem uio i2c_dev ledtrig_pattern fuse dm_mod ip_tables x_tables ipv6 vc4 snd_soc_hdmi_codec drm_display_helper cec drm_dma_helper spidev snd_soc_core snd_compress snd_pcm_dmaengine snd_pcm snd_timer v3d gpu_sched spi_bcm2835 drm_shmem_helper i2c_brcmstb snd drm_kms_helper gpio_keys drm drm_panel_orientation_quirks backlight rp1_pio rp1_fw
[  180.749375] CPU: 1 UID: 1000 PID: 2692 Comm: classifier Tainted: G        W  O       6.12.47+rpt-rpi-2712 #1  Debian 1:6.12.47-1+rpt1~bookworm
[  180.749379] Tainted: [W]=WARN, [O]=OOT_MODULE
[  180.749381] Hardware name: Raspberry Pi 5 Model B Rev 1.0 (DT)
[  180.749383] pstate: 80400009 (Nzcv daif +PAN -UAO -TCO -DIT -SSBS BTYPE=--)
[  180.749386] pc : find_vma+0x6c/0x80
[  180.749390] lr : hailo_vdma_buffer_map+0x274/0x820 [hailo_pci]
[  180.749398] sp : ffffc00085bbbbc0
[  180.749399] x29: ffffc00085bbbbd0 x28: 00007fffc648f708 x27: ffffd06f58854000
[  180.749404] x26: 0000000000000000 x25: 0000000000000000 x24: ffffd06f58880af0
[  180.749409] x23: 0000000000000002 x22: ffff8000410a90c8 x21: 0000000000002000
[  180.749414] x20: 00007ffecf314000 x19: ffff8000e05f1c80 x18: ffffffffffffffff
[  180.749419] x17: 6972732f656d6f68 x16: ffffd06fce732e68 x15: 5f7265666675625f
[  180.749423] x14: 616d64765f6f6c69 x13: 3439313a632e7972 x12: 6f6d656d2f616d64
[  180.749428] x11: 762f2e2e2f656963 x10: ffffd06fcfd104f0 x9 : ffffd06f58871e14
[  180.749433] x8 : ffff8000e05f1d00 x7 : 0000000000000000 x6 : 000000000000003f
[  180.749437] x5 : 0000000000000040 x4 : 0000000000000080 x3 : 0000000000000000
[  180.749442] x2 : ffff80004126c600 x1 : 0000000000000000 x0 : ffff8000e0b92ac0
[  180.749447] Call trace:
[  180.749449]  find_vma+0x6c/0x80
[  180.749453]  hailo_vdma_buffer_map+0x274/0x820 [hailo_pci]
[  180.749460]  hailo_vdma_buffer_map_ioctl+0x134/0x3b8 [hailo_pci]
[  180.749466]  hailo_vdma_ioctl+0x27c/0x320 [hailo_pci]
[  180.749472]  hailo_pcie_fops_unlockedioctl+0x19c/0x8b0 [hailo_pci]
[  180.749478]  __arm64_sys_ioctl+0xb4/0x100
[  180.749482]  invoke_syscall+0x50/0x120
[  180.749487]  el0_svc_common.constprop.0+0xc8/0xf0
[  180.749492]  do_el0_svc+0x24/0x38
[  180.749496]  el0_svc+0x30/0x100
[  180.749501]  el0t_64_sync_handler+0x100/0x130
[  180.749506]  el0t_64_sync+0x190/0x198
[  180.749509] ---[ end trace 0000000000000000 ]---
[  180.749524] FUNC_ENTRY: Entering function is_dmabuf_vma at hailort-drivers/linux/pcie/../vdma/memory.c:158
[  180.749527] FUNC_ENTRY: Entering function prepare_sg_table at hailort-drivers/linux/pcie/../vdma/memory.c:749
[  180.749542] USER_COPY: About to call copy_to_user from function hailo_vdma_buffer_map_ioctl at hailort-drivers/linux/pcie/../vdma/ioctl.c:255
[  180.749544] USER_COPY_CONTEXT: Process PID=2692, COMM=classifier
[  180.749597] IOCTL_HANDLER: Function hailo_pcie_fops_unlockedioctl called at hailort-drivers/linux/pcie/src/fops.c:469
[  180.749601] IOCTL_HANDLER: Function hailo_vdma_ioctl called at hailort-drivers/linux/pcie/../vdma/vdma.c:198
[  180.749603] FUNC_ENTRY: Entering function hailo_vdma_ioctl at hailort-drivers/linux/pcie/../vdma/vdma.c:199
[  180.749605] IOCTL_HANDLER: Function hailo_desc_list_program_ioctl called at hailort-drivers/linux/pcie/../vdma/ioctl.c:430
[  180.749608] USER_COPY: About to call copy_from_user from function hailo_desc_list_program_ioctl at hailort-drivers/linux/pcie/../vdma/ioctl.c:436
[  180.749610] USER_COPY_CONTEXT: Process PID=2692, COMM=classifier
[  180.749612] FUNC_ENTRY: Entering function hailo_vdma_find_mapped_user_buffer at hailort-drivers/linux/pcie/../vdma/memory.c:423
[  180.749614] FUNC_ENTRY: Entering function hailo_vdma_find_descriptors_buffer at hailort-drivers/linux/pcie/../vdma/memory.c:499
[  180.760001] IOCTL_HANDLER: Function hailo_pcie_fops_unlockedioctl called at hailort-drivers/linux/pcie/src/fops.c:469
[  180.760012] IOCTL_HANDLER: Function hailo_nnc_ioctl called at hailort-drivers/linux/pcie/src/nnc.c:236
[  180.760015] USER_COPY: About to call copy_from_user from function hailo_fw_control at hailort-drivers/linux/pcie/src/nnc.c:68
[  180.760018] USER_COPY_CONTEXT: Process PID=2692, COMM=classifier
[  180.760162] USER_COPY: About to call copy_to_user from function hailo_fw_control at hailort-drivers/linux/pcie/src/nnc.c:103
[  180.760165] USER_COPY_CONTEXT: Process PID=2692, COMM=classifier
[  180.760292] IOCTL_HANDLER: Function hailo_pcie_fops_unlockedioctl called at hailort-drivers/linux/pcie/src/fops.c:469
[  180.760296] IOCTL_HANDLER: Function hailo_vdma_ioctl called at hailort-drivers/linux/pcie/../vdma/vdma.c:198
[  180.760299] FUNC_ENTRY: Entering function hailo_vdma_ioctl at hailort-drivers/linux/pcie/../vdma/vdma.c:199
[  180.760301] IOCTL_HANDLER: Function hailo_vdma_enable_channels_ioctl called at hailort-drivers/linux/pcie/../vdma/ioctl.c:25
[  180.760304] USER_COPY: About to call copy_from_user from function hailo_vdma_enable_channels_ioctl at hailort-drivers/linux/pcie/../vdma/ioctl.c:31
[  180.760306] USER_COPY_CONTEXT: Process PID=2692, COMM=classifier
[  180.760310] FUNC_ENTRY: Entering function hailo_vdma_update_interrupts_mask at hailort-drivers/linux/pcie/../vdma/vdma.c:127
[  180.760312] FUNC_ENTRY: Entering function update_channel_interrupts at hailort-drivers/linux/pcie/src/pcie.c:1135
[  180.760452] IOCTL_HANDLER: Function hailo_pcie_fops_unlockedioctl called at hailort-drivers/linux/pcie/src/fops.c:469
[  180.760455] IOCTL_HANDLER: Function hailo_vdma_ioctl called at hailort-drivers/linux/pcie/../vdma/vdma.c:198
[  180.760457] FUNC_ENTRY: Entering function hailo_vdma_ioctl at hailort-drivers/linux/pcie/../vdma/vdma.c:199
[  180.760460] IOCTL_HANDLER: Function hailo_vdma_launch_transfer_ioctl called at hailort-drivers/linux/pcie/../vdma/ioctl.c:685
[  180.760462] USER_COPY: About to call copy_from_user from function hailo_vdma_launch_transfer_ioctl at hailort-drivers/linux/pcie/../vdma/ioctl.c:694
[  180.760464] USER_COPY_CONTEXT: Process PID=2692, COMM=classifier
[  180.760466] FUNC_ENTRY: Entering function hailo_vdma_find_descriptors_buffer at hailort-drivers/linux/pcie/../vdma/memory.c:499
[  180.760469] FUNC_ENTRY: Entering function hailo_vdma_find_mapped_user_buffer at hailort-drivers/linux/pcie/../vdma/memory.c:423
[  180.760472] FUNC_ENTRY: Entering function hailo_vdma_buffer_sync_cyclic at hailort-drivers/linux/pcie/../vdma/memory.c:410
[  180.760475] FUNC_ENTRY: Entering function hailo_vdma_buffer_sync at hailort-drivers/linux/pcie/../vdma/memory.c:391
[  180.760477] FUNC_ENTRY: Entering function vdma_sync_buffer_interval at hailort-drivers/linux/pcie/../vdma/memory.c:365
[  180.760484] USER_COPY: About to call copy_to_user from function hailo_vdma_launch_transfer_ioctl at hailort-drivers/linux/pcie/../vdma/ioctl.c:785
[  180.760486] USER_COPY_CONTEXT: Process PID=2692, COMM=classifier
[  180.760548] IOCTL_HANDLER: Function hailo_pcie_fops_unlockedioctl called at hailort-drivers/linux/pcie/src/fops.c:469
[  180.760551] IOCTL_HANDLER: Function hailo_vdma_ioctl called at hailort-drivers/linux/pcie/../vdma/vdma.c:198
[  180.760553] FUNC_ENTRY: Entering function hailo_vdma_ioctl at hailort-drivers/linux/pcie/../vdma/vdma.c:199
[  180.760555] IOCTL_HANDLER: Function hailo_vdma_launch_transfer_ioctl called at hailort-drivers/linux/pcie/../vdma/ioctl.c:685
[  180.760558] USER_COPY: About to call copy_from_user from function hailo_vdma_launch_transfer_ioctl at hailort-drivers/linux/pcie/../vdma/ioctl.c:694
[  180.760560] USER_COPY_CONTEXT: Process PID=2692, COMM=classifier
[  180.760562] FUNC_ENTRY: Entering function hailo_vdma_find_descriptors_buffer at hailort-drivers/linux/pcie/../vdma/memory.c:499
[  180.760564] FUNC_ENTRY: Entering function hailo_vdma_find_mapped_user_buffer at hailort-drivers/linux/pcie/../vdma/memory.c:423
[  180.760566] FUNC_ENTRY: Entering function hailo_vdma_buffer_sync_cyclic at hailort-drivers/linux/pcie/../vdma/memory.c:410
[  180.760568] FUNC_ENTRY: Entering function hailo_vdma_buffer_sync at hailort-drivers/linux/pcie/../vdma/memory.c:391
[  180.760569] FUNC_ENTRY: Entering function vdma_sync_buffer_interval at hailort-drivers/linux/pcie/../vdma/memory.c:365
[  180.760574] USER_COPY: About to call copy_to_user from function hailo_vdma_launch_transfer_ioctl at hailort-drivers/linux/pcie/../vdma/ioctl.c:785
[  180.760577] USER_COPY_CONTEXT: Process PID=2692, COMM=classifier
[  180.760634] IOCTL_HANDLER: Function hailo_pcie_fops_unlockedioctl called at hailort-drivers/linux/pcie/src/fops.c:469
[  180.760637] IOCTL_HANDLER: Function hailo_vdma_ioctl called at hailort-drivers/linux/pcie/../vdma/vdma.c:198
[  180.760638] FUNC_ENTRY: Entering function hailo_vdma_ioctl at hailort-drivers/linux/pcie/../vdma/vdma.c:199
[  180.760640] IOCTL_HANDLER: Function hailo_vdma_launch_transfer_ioctl called at hailort-drivers/linux/pcie/../vdma/ioctl.c:685
[  180.760642] USER_COPY: About to call copy_from_user from function hailo_vdma_launch_transfer_ioctl at hailort-drivers/linux/pcie/../vdma/ioctl.c:694
[  180.760645] USER_COPY_CONTEXT: Process PID=2692, COMM=classifier
[  180.760646] FUNC_ENTRY: Entering function hailo_vdma_find_descriptors_buffer at hailort-drivers/linux/pcie/../vdma/memory.c:499
[  180.760648] FUNC_ENTRY: Entering function hailo_vdma_find_mapped_user_buffer at hailort-drivers/linux/pcie/../vdma/memory.c:423
[  180.760650] FUNC_ENTRY: Entering function hailo_vdma_buffer_sync_cyclic at hailort-drivers/linux/pcie/../vdma/memory.c:410
[  180.760652] FUNC_ENTRY: Entering function hailo_vdma_buffer_sync at hailort-drivers/linux/pcie/../vdma/memory.c:391
[  180.760654] FUNC_ENTRY: Entering function vdma_sync_buffer_interval at hailort-drivers/linux/pcie/../vdma/memory.c:365
[  180.760659] USER_COPY: About to call copy_to_user from function hailo_vdma_launch_transfer_ioctl at hailort-drivers/linux/pcie/../vdma/ioctl.c:785
[  180.760661] USER_COPY_CONTEXT: Process PID=2692, COMM=classifier
[  180.760722] IOCTL_HANDLER: Function hailo_pcie_fops_unlockedioctl called at hailort-drivers/linux/pcie/src/fops.c:469
[  180.760725] IOCTL_HANDLER: Function hailo_vdma_ioctl called at hailort-drivers/linux/pcie/../vdma/vdma.c:198
[  180.760727] FUNC_ENTRY: Entering function hailo_vdma_ioctl at hailort-drivers/linux/pcie/../vdma/vdma.c:199
[  180.760729] IOCTL_HANDLER: Function hailo_vdma_launch_transfer_ioctl called at hailort-drivers/linux/pcie/../vdma/ioctl.c:685
[  180.760731] USER_COPY: About to call copy_from_user from function hailo_vdma_launch_transfer_ioctl at hailort-drivers/linux/pcie/../vdma/ioctl.c:694
[  180.760734] USER_COPY_CONTEXT: Process PID=2692, COMM=classifier
[  180.760735] FUNC_ENTRY: Entering function hailo_vdma_find_descriptors_buffer at hailort-drivers/linux/pcie/../vdma/memory.c:499
[  180.760737] FUNC_ENTRY: Entering function hailo_vdma_find_mapped_user_buffer at hailort-drivers/linux/pcie/../vdma/memory.c:423
[  180.760739] FUNC_ENTRY: Entering function hailo_vdma_buffer_sync_cyclic at hailort-drivers/linux/pcie/../vdma/memory.c:410
[  180.760741] FUNC_ENTRY: Entering function hailo_vdma_buffer_sync at hailort-drivers/linux/pcie/../vdma/memory.c:391
[  180.760743] FUNC_ENTRY: Entering function vdma_sync_buffer_interval at hailort-drivers/linux/pcie/../vdma/memory.c:365
[  180.760748] USER_COPY: About to call copy_to_user from function hailo_vdma_launch_transfer_ioctl at hailort-drivers/linux/pcie/../vdma/ioctl.c:785
[  180.760750] USER_COPY_CONTEXT: Process PID=2692, COMM=classifier
[  180.760813] IOCTL_HANDLER: Function hailo_pcie_fops_unlockedioctl called at hailort-drivers/linux/pcie/src/fops.c:469
[  180.760816] IOCTL_HANDLER: Function hailo_vdma_ioctl called at hailort-drivers/linux/pcie/../vdma/vdma.c:198
[  180.760818] FUNC_ENTRY: Entering function hailo_vdma_ioctl at hailort-drivers/linux/pcie/../vdma/vdma.c:199
[  180.760820] IOCTL_HANDLER: Function hailo_vdma_launch_transfer_ioctl called at hailort-drivers/linux/pcie/../vdma/ioctl.c:685
[  180.760823] USER_COPY: About to call copy_from_user from function hailo_vdma_launch_transfer_ioctl at hailort-drivers/linux/pcie/../vdma/ioctl.c:694
[  180.760825] USER_COPY_CONTEXT: Process PID=2692, COMM=classifier
[  180.760827] FUNC_ENTRY: Entering function hailo_vdma_find_descriptors_buffer at hailort-drivers/linux/pcie/../vdma/memory.c:499
[  180.760829] FUNC_ENTRY: Entering function hailo_vdma_find_mapped_user_buffer at hailort-drivers/linux/pcie/../vdma/memory.c:423
[  180.760831] FUNC_ENTRY: Entering function hailo_vdma_buffer_sync_cyclic at hailort-drivers/linux/pcie/../vdma/memory.c:410
[  180.760833] FUNC_ENTRY: Entering function hailo_vdma_buffer_sync at hailort-drivers/linux/pcie/../vdma/memory.c:391
[  180.760835] FUNC_ENTRY: Entering function vdma_sync_buffer_interval at hailort-drivers/linux/pcie/../vdma/memory.c:365
[  180.760839] USER_COPY: About to call copy_to_user from function hailo_vdma_launch_transfer_ioctl at hailort-drivers/linux/pcie/../vdma/ioctl.c:785
[  180.760842] USER_COPY_CONTEXT: Process PID=2692, COMM=classifier
[  180.762511] IOCTL_HANDLER: Function hailo_pcie_fops_unlockedioctl called at hailort-drivers/linux/pcie/src/fops.c:469
[  180.762518] IOCTL_HANDLER: Function hailo_vdma_ioctl called at hailort-drivers/linux/pcie/../vdma/vdma.c:198
[  180.762520] FUNC_ENTRY: Entering function hailo_vdma_ioctl at hailort-drivers/linux/pcie/../vdma/vdma.c:199
[  180.762523] IOCTL_HANDLER: Function hailo_vdma_interrupts_wait_ioctl called at hailort-drivers/linux/pcie/../vdma/ioctl.c:136
[  180.762526] USER_COPY: About to call copy_from_user from function hailo_vdma_interrupts_wait_ioctl at hailort-drivers/linux/pcie/../vdma/ioctl.c:145
[  180.762529] USER_COPY_CONTEXT: Process PID=2709, COMM=CHANNEL_INTR
[  180.947991] IOCTL_HANDLER: Function hailo_pcie_fops_unlockedioctl called at hailort-drivers/linux/pcie/src/fops.c:469
[  180.948002] IOCTL_HANDLER: Function hailo_vdma_ioctl called at hailort-drivers/linux/pcie/../vdma/vdma.c:198
[  180.948005] FUNC_ENTRY: Entering function hailo_vdma_ioctl at hailort-drivers/linux/pcie/../vdma/vdma.c:199
[  180.948007] IOCTL_HANDLER: Function hailo_vdma_launch_transfer_ioctl called at hailort-drivers/linux/pcie/../vdma/ioctl.c:685
[  180.948010] USER_COPY: About to call copy_from_user from function hailo_vdma_launch_transfer_ioctl at hailort-drivers/linux/pcie/../vdma/ioctl.c:694
[  180.948013] USER_COPY_CONTEXT: Process PID=2757, COMM=classifier
[  180.948016] FUNC_ENTRY: Entering function hailo_vdma_find_descriptors_buffer at hailort-drivers/linux/pcie/../vdma/memory.c:499
[  180.948019] FUNC_ENTRY: Entering function hailo_vdma_find_mapped_user_buffer at hailort-drivers/linux/pcie/../vdma/memory.c:423
[  180.948021] FUNC_ENTRY: Entering function hailo_vdma_buffer_sync_cyclic at hailort-drivers/linux/pcie/../vdma/memory.c:410
[  180.948023] FUNC_ENTRY: Entering function hailo_vdma_buffer_sync at hailort-drivers/linux/pcie/../vdma/memory.c:391
[  180.948025] FUNC_ENTRY: Entering function vdma_sync_buffer_interval at hailort-drivers/linux/pcie/../vdma/memory.c:365
[  180.948043] USER_COPY: About to call copy_to_user from function hailo_vdma_launch_transfer_ioctl at hailort-drivers/linux/pcie/../vdma/ioctl.c:785
[  180.948045] USER_COPY_CONTEXT: Process PID=2757, COMM=classifier
[  180.948407] FUNC_ENTRY: Entering function hailo_vdma_irq_handler at hailort-drivers/linux/pcie/../vdma/vdma.c:184
[  180.948411] FUNC_ENTRY: Entering function hailo_vdma_wakeup_interrupts at hailort-drivers/linux/pcie/../vdma/vdma.c:171
[  180.948422] FUNC_ENTRY: Entering function hailo_vdma_buffer_sync_cyclic at hailort-drivers/linux/pcie/../vdma/memory.c:410
[  180.948428] FUNC_ENTRY: Entering function hailo_vdma_buffer_sync at hailort-drivers/linux/pcie/../vdma/memory.c:391
[  180.948431] FUNC_ENTRY: Entering function vdma_sync_buffer_interval at hailort-drivers/linux/pcie/../vdma/memory.c:365
[  180.948444] USER_COPY: About to call copy_to_user from function hailo_vdma_interrupts_wait_ioctl at hailort-drivers/linux/pcie/../vdma/ioctl.c:199
[  180.948447] USER_COPY_CONTEXT: Process PID=2709, COMM=CHANNEL_INTR
[  180.948493] IOCTL_HANDLER: Function hailo_pcie_fops_unlockedioctl called at hailort-drivers/linux/pcie/src/fops.c:469
[  180.948496] IOCTL_HANDLER: Function hailo_vdma_ioctl called at hailort-drivers/linux/pcie/../vdma/vdma.c:198
[  180.948498] FUNC_ENTRY: Entering function hailo_vdma_ioctl at hailort-drivers/linux/pcie/../vdma/vdma.c:199
[  180.948500] IOCTL_HANDLER: Function hailo_vdma_interrupts_wait_ioctl called at hailort-drivers/linux/pcie/../vdma/ioctl.c:136
[  180.948503] USER_COPY: About to call copy_from_user from function hailo_vdma_interrupts_wait_ioctl at hailort-drivers/linux/pcie/../vdma/ioctl.c:145
[  180.948505] USER_COPY_CONTEXT: Process PID=2709, COMM=CHANNEL_INTR
[  180.950976] FUNC_ENTRY: Entering function hailo_vdma_irq_handler at hailort-drivers/linux/pcie/../vdma/vdma.c:184
[  180.950981] FUNC_ENTRY: Entering function hailo_vdma_wakeup_interrupts at hailort-drivers/linux/pcie/../vdma/vdma.c:171
[  180.950995] FUNC_ENTRY: Entering function hailo_vdma_buffer_sync_cyclic at hailort-drivers/linux/pcie/../vdma/memory.c:410
[  180.951000] FUNC_ENTRY: Entering function hailo_vdma_buffer_sync at hailort-drivers/linux/pcie/../vdma/memory.c:391
[  180.951002] FUNC_ENTRY: Entering function vdma_sync_buffer_interval at hailort-drivers/linux/pcie/../vdma/memory.c:365
[  180.951014] USER_COPY: About to call copy_to_user from function hailo_vdma_interrupts_wait_ioctl at hailort-drivers/linux/pcie/../vdma/ioctl.c:199
[  180.951016] USER_COPY_CONTEXT: Process PID=2709, COMM=CHANNEL_INTR
[  180.951061] IOCTL_HANDLER: Function hailo_pcie_fops_unlockedioctl called at hailort-drivers/linux/pcie/src/fops.c:469
[  180.951064] IOCTL_HANDLER: Function hailo_vdma_ioctl called at hailort-drivers/linux/pcie/../vdma/vdma.c:198
[  180.951067] FUNC_ENTRY: Entering function hailo_vdma_ioctl at hailort-drivers/linux/pcie/../vdma/vdma.c:199
[  180.951069] IOCTL_HANDLER: Function hailo_vdma_interrupts_wait_ioctl called at hailort-drivers/linux/pcie/../vdma/ioctl.c:136
[  180.951071] USER_COPY: About to call copy_from_user from function hailo_vdma_interrupts_wait_ioctl at hailort-drivers/linux/pcie/../vdma/ioctl.c:145
[  180.951073] USER_COPY_CONTEXT: Process PID=2709, COMM=CHANNEL_INTR
[  180.951114] IOCTL_HANDLER: Function hailo_pcie_fops_unlockedioctl called at hailort-drivers/linux/pcie/src/fops.c:469
[  180.951119] IOCTL_HANDLER: Function hailo_vdma_ioctl called at hailort-drivers/linux/pcie/../vdma/vdma.c:198
[  180.951122] FUNC_ENTRY: Entering function hailo_vdma_ioctl at hailort-drivers/linux/pcie/../vdma/vdma.c:199
[  180.951124] IOCTL_HANDLER: Function hailo_vdma_launch_transfer_ioctl called at hailort-drivers/linux/pcie/../vdma/ioctl.c:685
[  180.951127] USER_COPY: About to call copy_from_user from function hailo_vdma_launch_transfer_ioctl at hailort-drivers/linux/pcie/../vdma/ioctl.c:694
[  180.951130] USER_COPY_CONTEXT: Process PID=2755, COMM=PULL_QUEUE
[  180.951132] FUNC_ENTRY: Entering function hailo_vdma_find_descriptors_buffer at hailort-drivers/linux/pcie/../vdma/memory.c:499
[  180.951135] FUNC_ENTRY: Entering function hailo_vdma_find_mapped_user_buffer at hailort-drivers/linux/pcie/../vdma/memory.c:423
[  180.951137] FUNC_ENTRY: Entering function hailo_vdma_buffer_sync_cyclic at hailort-drivers/linux/pcie/../vdma/memory.c:410
[  180.951139] FUNC_ENTRY: Entering function hailo_vdma_buffer_sync at hailort-drivers/linux/pcie/../vdma/memory.c:391
[  180.951141] FUNC_ENTRY: Entering function vdma_sync_buffer_interval at hailort-drivers/linux/pcie/../vdma/memory.c:365
[  180.951151] USER_COPY: About to call copy_to_user from function hailo_vdma_launch_transfer_ioctl at hailort-drivers/linux/pcie/../vdma/ioctl.c:785
[  180.951154] USER_COPY_CONTEXT: Process PID=2755, COMM=PULL_QUEUE
[  180.952043] IOCTL_HANDLER: Function hailo_pcie_fops_unlockedioctl called at hailort-drivers/linux/pcie/src/fops.c:469
[  180.952048] IOCTL_HANDLER: Function hailo_vdma_ioctl called at hailort-drivers/linux/pcie/../vdma/vdma.c:198
[  180.952050] FUNC_ENTRY: Entering function hailo_vdma_ioctl at hailort-drivers/linux/pcie/../vdma/vdma.c:199
[  180.952052] IOCTL_HANDLER: Function hailo_vdma_disable_channels_ioctl called at hailort-drivers/linux/pcie/../vdma/ioctl.c:64
[  180.952054] USER_COPY: About to call copy_from_user from function hailo_vdma_disable_channels_ioctl at hailort-drivers/linux/pcie/../vdma/ioctl.c:71
[  180.952057] USER_COPY_CONTEXT: Process PID=2692, COMM=classifier
[  180.952060] FUNC_ENTRY: Entering function hailo_vdma_update_interrupts_mask at hailort-drivers/linux/pcie/../vdma/vdma.c:127
[  180.952062] FUNC_ENTRY: Entering function update_channel_interrupts at hailort-drivers/linux/pcie/src/pcie.c:1135
[  180.952082] USER_COPY: About to call copy_to_user from function hailo_vdma_interrupts_wait_ioctl at hailort-drivers/linux/pcie/../vdma/ioctl.c:199
[  180.952086] USER_COPY_CONTEXT: Process PID=2709, COMM=CHANNEL_INTR
[  180.952174] IOCTL_HANDLER: Function hailo_pcie_fops_unlockedioctl called at hailort-drivers/linux/pcie/src/fops.c:469
[  180.952177] IOCTL_HANDLER: Function hailo_nnc_ioctl called at hailort-drivers/linux/pcie/src/nnc.c:236
[  180.952180] USER_COPY: About to call copy_from_user from function hailo_fw_control at hailort-drivers/linux/pcie/src/nnc.c:68
[  180.952182] USER_COPY_CONTEXT: Process PID=2692, COMM=classifier
[  180.952521] USER_COPY: About to call copy_to_user from function hailo_fw_control at hailort-drivers/linux/pcie/src/nnc.c:103
[  180.952524] USER_COPY_CONTEXT: Process PID=2692, COMM=classifier
[  180.954283] IOCTL_HANDLER: Function hailo_pcie_fops_unlockedioctl called at hailort-drivers/linux/pcie/src/fops.c:469
[  180.954288] IOCTL_HANDLER: Function hailo_vdma_ioctl called at hailort-drivers/linux/pcie/../vdma/vdma.c:198
[  180.954290] FUNC_ENTRY: Entering function hailo_vdma_ioctl at hailort-drivers/linux/pcie/../vdma/vdma.c:199
[  180.954292] IOCTL_HANDLER: Function hailo_desc_list_release_ioctl called at hailort-drivers/linux/pcie/../vdma/ioctl.c:404
[  180.954295] USER_COPY: About to call copy_from_user from function hailo_desc_list_release_ioctl at hailort-drivers/linux/pcie/../vdma/ioctl.c:408
[  180.954297] USER_COPY_CONTEXT: Process PID=2692, COMM=classifier
[  180.954299] FUNC_ENTRY: Entering function hailo_vdma_find_descriptors_buffer at hailort-drivers/linux/pcie/../vdma/memory.c:499
[  180.954301] FUNC_ENTRY: Entering function hailo_desc_list_release at hailort-drivers/linux/pcie/../vdma/memory.c:488
[  180.954303] DMA_INSTRUMENT: About to call dma_free_coherent from function hailo_desc_list_release at hailort-drivers/linux/pcie/../vdma/memory.c:489
[  180.954306] DMA_STACK_START: Stack trace for dma_free_coherent called from hailo_desc_list_release
[  180.954309] CPU: 1 UID: 1000 PID: 2692 Comm: classifier Tainted: G        W  O       6.12.47+rpt-rpi-2712 #1  Debian 1:6.12.47-1+rpt1~bookworm
[  180.954315] Tainted: [W]=WARN, [O]=OOT_MODULE
[  180.954317] Hardware name: Raspberry Pi 5 Model B Rev 1.0 (DT)
[  180.954318] Call trace:
[  180.954319]  dump_backtrace+0xa0/0x100
[  180.954327]  show_stack+0x20/0x38
[  180.954329]  dump_stack_lvl+0x78/0x90
[  180.954335]  dump_stack+0x18/0x28
[  180.954338]  hailo_desc_list_release+0x78/0xb8 [hailo_pci]
[  180.954350]  hailo_desc_list_release_ioctl+0x114/0x1f8 [hailo_pci]
[  180.954356]  hailo_vdma_ioctl+0x2c0/0x320 [hailo_pci]
[  180.954361]  hailo_pcie_fops_unlockedioctl+0x19c/0x8b0 [hailo_pci]
[  180.954367]  __arm64_sys_ioctl+0xb4/0x100
[  180.954372]  invoke_syscall+0x50/0x120
[  180.954377]  el0_svc_common.constprop.0+0xc8/0xf0
[  180.954381]  do_el0_svc+0x24/0x38
[  180.954384]  el0_svc+0x30/0x100
[  180.954389]  el0t_64_sync_handler+0x100/0x130
[  180.954393]  el0t_64_sync+0x190/0x198
[  180.954400] DMA_STACK_END: End of stack trace for dma_free_coherent
[  180.954508] IOCTL_HANDLER: Function hailo_pcie_fops_unlockedioctl called at hailort-drivers/linux/pcie/src/fops.c:469
[  180.954513] IOCTL_HANDLER: Function hailo_vdma_ioctl called at hailort-drivers/linux/pcie/../vdma/vdma.c:198
[  180.954515] FUNC_ENTRY: Entering function hailo_vdma_ioctl at hailort-drivers/linux/pcie/../vdma/vdma.c:199
[  180.954517] IOCTL_HANDLER: Function hailo_vdma_buffer_unmap_ioctl called at hailort-drivers/linux/pcie/../vdma/ioctl.c:272
[  180.954520] USER_COPY: About to call copy_from_user from function hailo_vdma_buffer_unmap_ioctl at hailort-drivers/linux/pcie/../vdma/ioctl.c:276
[  180.954522] USER_COPY_CONTEXT: Process PID=2692, COMM=classifier
[  180.954524] FUNC_ENTRY: Entering function hailo_vdma_find_mapped_user_buffer at hailort-drivers/linux/pcie/../vdma/memory.c:423
[  180.954528] FUNC_ENTRY: Entering function hailo_vdma_buffer_put at hailort-drivers/linux/pcie/../vdma/memory.c:334
[  180.954530] FUNC_ENTRY: Entering function unmap_buffer at hailort-drivers/linux/pcie/../vdma/memory.c:306
[  180.954532] DMA_INSTRUMENT: About to call dma_unmap_sg from function unmap_buffer at hailort-drivers/linux/pcie/../vdma/memory.c:313
[  180.954535] DMA_STACK_START: Stack trace for dma_unmap_sg called from unmap_buffer
[  180.954537] CPU: 1 UID: 1000 PID: 2692 Comm: classifier Tainted: G        W  O       6.12.47+rpt-rpi-2712 #1  Debian 1:6.12.47-1+rpt1~bookworm
[  180.954542] Tainted: [W]=WARN, [O]=OOT_MODULE
[  180.954543] Hardware name: Raspberry Pi 5 Model B Rev 1.0 (DT)
[  180.954544] Call trace:
[  180.954545]  dump_backtrace+0xa0/0x100
[  180.954548]  show_stack+0x20/0x38
[  180.954549]  dump_stack_lvl+0x78/0x90
[  180.954553]  dump_stack+0x18/0x28
[  180.954557]  hailo_vdma_buffer_put+0x208/0x250 [hailo_pci]
[  180.954563]  hailo_vdma_buffer_unmap_ioctl+0x118/0x210 [hailo_pci]
[  180.954569]  hailo_vdma_ioctl+0x208/0x320 [hailo_pci]
[  180.954574]  hailo_pcie_fops_unlockedioctl+0x19c/0x8b0 [hailo_pci]
[  180.954580]  __arm64_sys_ioctl+0xb4/0x100
[  180.954583]  invoke_syscall+0x50/0x120
[  180.954587]  el0_svc_common.constprop.0+0xc8/0xf0
[  180.954591]  do_el0_svc+0x24/0x38
[  180.954595]  el0_svc+0x30/0x100
[  180.954599]  el0t_64_sync_handler+0x100/0x130
[  180.954604]  el0t_64_sync+0x190/0x198
[  180.954606] DMA_STACK_END: End of stack trace for dma_unmap_sg
[  180.954622] FUNC_ENTRY: Entering function clear_sg_table at hailort-drivers/linux/pcie/../vdma/memory.c:817
[  180.955445] IOCTL_HANDLER: Function hailo_pcie_fops_unlockedioctl called at hailort-drivers/linux/pcie/src/fops.c:469
[  180.955450] IOCTL_HANDLER: Function hailo_vdma_ioctl called at hailort-drivers/linux/pcie/../vdma/vdma.c:198
[  180.955453] FUNC_ENTRY: Entering function hailo_vdma_ioctl at hailort-drivers/linux/pcie/../vdma/vdma.c:199
[  180.955455] IOCTL_HANDLER: Function hailo_desc_list_release_ioctl called at hailort-drivers/linux/pcie/../vdma/ioctl.c:404
[  180.955457] USER_COPY: About to call copy_from_user from function hailo_desc_list_release_ioctl at hailort-drivers/linux/pcie/../vdma/ioctl.c:408
[  180.955460] USER_COPY_CONTEXT: Process PID=2692, COMM=classifier
[  180.955462] FUNC_ENTRY: Entering function hailo_vdma_find_descriptors_buffer at hailort-drivers/linux/pcie/../vdma/memory.c:499
[  180.955464] FUNC_ENTRY: Entering function hailo_desc_list_release at hailort-drivers/linux/pcie/../vdma/memory.c:488
[  180.955466] DMA_INSTRUMENT: About to call dma_free_coherent from function hailo_desc_list_release at hailort-drivers/linux/pcie/../vdma/memory.c:489
[  180.955469] DMA_STACK_START: Stack trace for dma_free_coherent called from hailo_desc_list_release
[  180.955472] CPU: 1 UID: 1000 PID: 2692 Comm: classifier Tainted: G        W  O       6.12.47+rpt-rpi-2712 #1  Debian 1:6.12.47-1+rpt1~bookworm
[  180.955476] Tainted: [W]=WARN, [O]=OOT_MODULE
[  180.955477] Hardware name: Raspberry Pi 5 Model B Rev 1.0 (DT)
[  180.955478] Call trace:
[  180.955479]  dump_backtrace+0xa0/0x100
[  180.955483]  show_stack+0x20/0x38
[  180.955485]  dump_stack_lvl+0x78/0x90
[  180.955490]  dump_stack+0x18/0x28
[  180.955493]  hailo_desc_list_release+0x78/0xb8 [hailo_pci]
[  180.955500]  hailo_desc_list_release_ioctl+0x114/0x1f8 [hailo_pci]
[  180.955505]  hailo_vdma_ioctl+0x2c0/0x320 [hailo_pci]
[  180.955511]  hailo_pcie_fops_unlockedioctl+0x19c/0x8b0 [hailo_pci]
[  180.955516]  __arm64_sys_ioctl+0xb4/0x100
[  180.955520]  invoke_syscall+0x50/0x120
[  180.955524]  el0_svc_common.constprop.0+0xc8/0xf0
[  180.955528]  do_el0_svc+0x24/0x38
[  180.955531]  el0_svc+0x30/0x100
[  180.955536]  el0t_64_sync_handler+0x100/0x130
[  180.955540]  el0t_64_sync+0x190/0x198
[  180.955542] DMA_STACK_END: End of stack trace for dma_free_coherent
[  180.955592] IOCTL_HANDLER: Function hailo_pcie_fops_unlockedioctl called at hailort-drivers/linux/pcie/src/fops.c:469
[  180.955595] IOCTL_HANDLER: Function hailo_vdma_ioctl called at hailort-drivers/linux/pcie/../vdma/vdma.c:198
[  180.955597] FUNC_ENTRY: Entering function hailo_vdma_ioctl at hailort-drivers/linux/pcie/../vdma/vdma.c:199
[  180.955600] IOCTL_HANDLER: Function hailo_vdma_buffer_unmap_ioctl called at hailort-drivers/linux/pcie/../vdma/ioctl.c:272
[  180.955602] USER_COPY: About to call copy_from_user from function hailo_vdma_buffer_unmap_ioctl at hailort-drivers/linux/pcie/../vdma/ioctl.c:276
[  180.955604] USER_COPY_CONTEXT: Process PID=2692, COMM=classifier
[  180.955606] FUNC_ENTRY: Entering function hailo_vdma_find_mapped_user_buffer at hailort-drivers/linux/pcie/../vdma/memory.c:423
[  180.955609] FUNC_ENTRY: Entering function hailo_vdma_buffer_put at hailort-drivers/linux/pcie/../vdma/memory.c:334
[  180.955612] FUNC_ENTRY: Entering function unmap_buffer at hailort-drivers/linux/pcie/../vdma/memory.c:306
[  180.955614] DMA_INSTRUMENT: About to call dma_unmap_sg from function unmap_buffer at hailort-drivers/linux/pcie/../vdma/memory.c:313
[  180.955616] DMA_STACK_START: Stack trace for dma_unmap_sg called from unmap_buffer
[  180.955618] CPU: 1 UID: 1000 PID: 2692 Comm: classifier Tainted: G        W  O       6.12.47+rpt-rpi-2712 #1  Debian 1:6.12.47-1+rpt1~bookworm
[  180.955622] Tainted: [W]=WARN, [O]=OOT_MODULE
[  180.955623] Hardware name: Raspberry Pi 5 Model B Rev 1.0 (DT)
[  180.955624] Call trace:
[  180.955625]  dump_backtrace+0xa0/0x100
[  180.955627]  show_stack+0x20/0x38
[  180.955629]  dump_stack_lvl+0x78/0x90
[  180.955633]  dump_stack+0x18/0x28
[  180.955636]  hailo_vdma_buffer_put+0x208/0x250 [hailo_pci]
[  180.955642]  hailo_vdma_buffer_unmap_ioctl+0x118/0x210 [hailo_pci]
[  180.955647]  hailo_vdma_ioctl+0x208/0x320 [hailo_pci]
[  180.955652]  hailo_pcie_fops_unlockedioctl+0x19c/0x8b0 [hailo_pci]
[  180.955658]  __arm64_sys_ioctl+0xb4/0x100
[  180.955661]  invoke_syscall+0x50/0x120
[  180.955664]  el0_svc_common.constprop.0+0xc8/0xf0
[  180.955668]  do_el0_svc+0x24/0x38
[  180.955672]  el0_svc+0x30/0x100
[  180.955676]  el0t_64_sync_handler+0x100/0x130
[  180.955680]  el0t_64_sync+0x190/0x198
[  180.955682] DMA_STACK_END: End of stack trace for dma_unmap_sg
[  180.955697] FUNC_ENTRY: Entering function clear_sg_table at hailort-drivers/linux/pcie/../vdma/memory.c:817
[  180.958226] IOCTL_HANDLER: Function hailo_pcie_fops_unlockedioctl called at hailort-drivers/linux/pcie/src/fops.c:469
[  180.958234] IOCTL_HANDLER: Function hailo_vdma_ioctl called at hailort-drivers/linux/pcie/../vdma/vdma.c:198
[  180.958237] FUNC_ENTRY: Entering function hailo_vdma_ioctl at hailort-drivers/linux/pcie/../vdma/vdma.c:199
[  180.958240] IOCTL_HANDLER: Function hailo_desc_list_release_ioctl called at hailort-drivers/linux/pcie/../vdma/ioctl.c:404
[  180.958242] USER_COPY: About to call copy_from_user from function hailo_desc_list_release_ioctl at hailort-drivers/linux/pcie/../vdma/ioctl.c:408
[  180.958246] USER_COPY_CONTEXT: Process PID=2692, COMM=classifier
[  180.958248] FUNC_ENTRY: Entering function hailo_vdma_find_descriptors_buffer at hailort-drivers/linux/pcie/../vdma/memory.c:499
[  180.958251] FUNC_ENTRY: Entering function hailo_desc_list_release at hailort-drivers/linux/pcie/../vdma/memory.c:488
[  180.958253] DMA_INSTRUMENT: About to call dma_free_coherent from function hailo_desc_list_release at hailort-drivers/linux/pcie/../vdma/memory.c:489
[  180.958256] DMA_STACK_START: Stack trace for dma_free_coherent called from hailo_desc_list_release
[  180.958260] CPU: 1 UID: 1000 PID: 2692 Comm: classifier Tainted: G        W  O       6.12.47+rpt-rpi-2712 #1  Debian 1:6.12.47-1+rpt1~bookworm
[  180.958266] Tainted: [W]=WARN, [O]=OOT_MODULE
[  180.958267] Hardware name: Raspberry Pi 5 Model B Rev 1.0 (DT)
[  180.958269] Call trace:
[  180.958270]  dump_backtrace+0xa0/0x100
[  180.958277]  show_stack+0x20/0x38
[  180.958279]  dump_stack_lvl+0x78/0x90
[  180.958285]  dump_stack+0x18/0x28
[  180.958288]  hailo_desc_list_release+0x78/0xb8 [hailo_pci]
[  180.958299]  hailo_desc_list_release_ioctl+0x114/0x1f8 [hailo_pci]
[  180.958305]  hailo_vdma_ioctl+0x2c0/0x320 [hailo_pci]
[  180.958310]  hailo_pcie_fops_unlockedioctl+0x19c/0x8b0 [hailo_pci]
[  180.958316]  __arm64_sys_ioctl+0xb4/0x100
[  180.958322]  invoke_syscall+0x50/0x120
[  180.958326]  el0_svc_common.constprop.0+0xc8/0xf0
[  180.958330]  do_el0_svc+0x24/0x38
[  180.958334]  el0_svc+0x30/0x100
[  180.958339]  el0t_64_sync_handler+0x100/0x130
[  180.958343]  el0t_64_sync+0x190/0x198
[  180.958346] DMA_STACK_END: End of stack trace for dma_free_coherent
[  180.958848] IOCTL_HANDLER: Function hailo_pcie_fops_unlockedioctl called at hailort-drivers/linux/pcie/src/fops.c:469
[  180.958855] IOCTL_HANDLER: Function hailo_vdma_ioctl called at hailort-drivers/linux/pcie/../vdma/vdma.c:198
[  180.958857] FUNC_ENTRY: Entering function hailo_vdma_ioctl at hailort-drivers/linux/pcie/../vdma/vdma.c:199
[  180.958859] IOCTL_HANDLER: Function hailo_vdma_buffer_unmap_ioctl called at hailort-drivers/linux/pcie/../vdma/ioctl.c:272
[  180.958861] USER_COPY: About to call copy_from_user from function hailo_vdma_buffer_unmap_ioctl at hailort-drivers/linux/pcie/../vdma/ioctl.c:276
[  180.958864] USER_COPY_CONTEXT: Process PID=2692, COMM=classifier
[  180.958866] FUNC_ENTRY: Entering function hailo_vdma_find_mapped_user_buffer at hailort-drivers/linux/pcie/../vdma/memory.c:423
[  180.958868] FUNC_ENTRY: Entering function hailo_vdma_buffer_put at hailort-drivers/linux/pcie/../vdma/memory.c:334
[  180.958871] FUNC_ENTRY: Entering function unmap_buffer at hailort-drivers/linux/pcie/../vdma/memory.c:306
[  180.958873] DMA_INSTRUMENT: About to call dma_unmap_sg from function unmap_buffer at hailort-drivers/linux/pcie/../vdma/memory.c:313
[  180.958875] DMA_STACK_START: Stack trace for dma_unmap_sg called from unmap_buffer
[  180.958879] CPU: 1 UID: 1000 PID: 2692 Comm: classifier Tainted: G        W  O       6.12.47+rpt-rpi-2712 #1  Debian 1:6.12.47-1+rpt1~bookworm
[  180.958884] Tainted: [W]=WARN, [O]=OOT_MODULE
[  180.958885] Hardware name: Raspberry Pi 5 Model B Rev 1.0 (DT)
[  180.958887] Call trace:
[  180.958888]  dump_backtrace+0xa0/0x100
[  180.958892]  show_stack+0x20/0x38
[  180.958894]  dump_stack_lvl+0x78/0x90
[  180.958898]  dump_stack+0x18/0x28
[  180.958902]  hailo_vdma_buffer_put+0x208/0x250 [hailo_pci]
[  180.958910]  hailo_vdma_buffer_unmap_ioctl+0x118/0x210 [hailo_pci]
[  180.958915]  hailo_vdma_ioctl+0x208/0x320 [hailo_pci]
[  180.958921]  hailo_pcie_fops_unlockedioctl+0x19c/0x8b0 [hailo_pci]
[  180.958926]  __arm64_sys_ioctl+0xb4/0x100
[  180.958931]  invoke_syscall+0x50/0x120
[  180.958934]  el0_svc_common.constprop.0+0xc8/0xf0
[  180.958938]  do_el0_svc+0x24/0x38
[  180.958942]  el0_svc+0x30/0x100
[  180.958946]  el0t_64_sync_handler+0x100/0x130
[  180.958950]  el0t_64_sync+0x190/0x198
[  180.958953] DMA_STACK_END: End of stack trace for dma_unmap_sg
[  180.958961] FUNC_ENTRY: Entering function clear_sg_table at hailort-drivers/linux/pcie/../vdma/memory.c:817
[  180.959102] IOCTL_HANDLER: Function hailo_pcie_fops_unlockedioctl called at hailort-drivers/linux/pcie/src/fops.c:469
[  180.959106] IOCTL_HANDLER: Function hailo_vdma_ioctl called at hailort-drivers/linux/pcie/../vdma/vdma.c:198
[  180.959108] FUNC_ENTRY: Entering function hailo_vdma_ioctl at hailort-drivers/linux/pcie/../vdma/vdma.c:199
[  180.959110] IOCTL_HANDLER: Function hailo_desc_list_release_ioctl called at hailort-drivers/linux/pcie/../vdma/ioctl.c:404
[  180.959112] USER_COPY: About to call copy_from_user from function hailo_desc_list_release_ioctl at hailort-drivers/linux/pcie/../vdma/ioctl.c:408
[  180.959115] USER_COPY_CONTEXT: Process PID=2692, COMM=classifier
[  180.959117] FUNC_ENTRY: Entering function hailo_vdma_find_descriptors_buffer at hailort-drivers/linux/pcie/../vdma/memory.c:499
[  180.959119] FUNC_ENTRY: Entering function hailo_desc_list_release at hailort-drivers/linux/pcie/../vdma/memory.c:488
[  180.959121] DMA_INSTRUMENT: About to call dma_free_coherent from function hailo_desc_list_release at hailort-drivers/linux/pcie/../vdma/memory.c:489
[  180.959123] DMA_STACK_START: Stack trace for dma_free_coherent called from hailo_desc_list_release
[  180.959126] CPU: 1 UID: 1000 PID: 2692 Comm: classifier Tainted: G        W  O       6.12.47+rpt-rpi-2712 #1  Debian 1:6.12.47-1+rpt1~bookworm
[  180.959129] Tainted: [W]=WARN, [O]=OOT_MODULE
[  180.959130] Hardware name: Raspberry Pi 5 Model B Rev 1.0 (DT)
[  180.959132] Call trace:
[  180.959132]  dump_backtrace+0xa0/0x100
[  180.959135]  show_stack+0x20/0x38
[  180.959137]  dump_stack_lvl+0x78/0x90
[  180.959141]  dump_stack+0x18/0x28
[  180.959144]  hailo_desc_list_release+0x78/0xb8 [hailo_pci]
[  180.959150]  hailo_desc_list_release_ioctl+0x114/0x1f8 [hailo_pci]
[  180.959156]  hailo_vdma_ioctl+0x2c0/0x320 [hailo_pci]
[  180.959161]  hailo_pcie_fops_unlockedioctl+0x19c/0x8b0 [hailo_pci]
[  180.959166]  __arm64_sys_ioctl+0xb4/0x100
[  180.959169]  invoke_syscall+0x50/0x120
[  180.959173]  el0_svc_common.constprop.0+0xc8/0xf0
[  180.959177]  do_el0_svc+0x24/0x38
[  180.959181]  el0_svc+0x30/0x100
[  180.959184]  el0t_64_sync_handler+0x100/0x130
[  180.959189]  el0t_64_sync+0x190/0x198
[  180.959191] DMA_STACK_END: End of stack trace for dma_free_coherent
[  180.960225] IOCTL_HANDLER: Function hailo_pcie_fops_unlockedioctl called at hailort-drivers/linux/pcie/src/fops.c:469
[  180.960235] IOCTL_HANDLER: Function hailo_vdma_ioctl called at hailort-drivers/linux/pcie/../vdma/vdma.c:198
[  180.960238] FUNC_ENTRY: Entering function hailo_vdma_ioctl at hailort-drivers/linux/pcie/../vdma/vdma.c:199
[  180.960241] IOCTL_HANDLER: Function hailo_vdma_buffer_unmap_ioctl called at hailort-drivers/linux/pcie/../vdma/ioctl.c:272
[  180.960243] USER_COPY: About to call copy_from_user from function hailo_vdma_buffer_unmap_ioctl at hailort-drivers/linux/pcie/../vdma/ioctl.c:276
[  180.960246] USER_COPY_CONTEXT: Process PID=2692, COMM=classifier
[  180.960248] FUNC_ENTRY: Entering function hailo_vdma_find_mapped_user_buffer at hailort-drivers/linux/pcie/../vdma/memory.c:423
[  180.960251] FUNC_ENTRY: Entering function hailo_vdma_buffer_put at hailort-drivers/linux/pcie/../vdma/memory.c:334
[  180.960254] FUNC_ENTRY: Entering function unmap_buffer at hailort-drivers/linux/pcie/../vdma/memory.c:306
[  180.960256] DMA_INSTRUMENT: About to call dma_unmap_sg from function unmap_buffer at hailort-drivers/linux/pcie/../vdma/memory.c:313
[  180.960258] DMA_STACK_START: Stack trace for dma_unmap_sg called from unmap_buffer
[  180.960262] CPU: 1 UID: 1000 PID: 2692 Comm: classifier Tainted: G        W  O       6.12.47+rpt-rpi-2712 #1  Debian 1:6.12.47-1+rpt1~bookworm
[  180.960267] Tainted: [W]=WARN, [O]=OOT_MODULE
[  180.960268] Hardware name: Raspberry Pi 5 Model B Rev 1.0 (DT)
[  180.960269] Call trace:
[  180.960271]  dump_backtrace+0xa0/0x100
[  180.960277]  show_stack+0x20/0x38
[  180.960279]  dump_stack_lvl+0x78/0x90
[  180.960284]  dump_stack+0x18/0x28
[  180.960288]  hailo_vdma_buffer_put+0x208/0x250 [hailo_pci]
[  180.960297]  hailo_vdma_buffer_unmap_ioctl+0x118/0x210 [hailo_pci]
[  180.960302]  hailo_vdma_ioctl+0x208/0x320 [hailo_pci]
[  180.960308]  hailo_pcie_fops_unlockedioctl+0x19c/0x8b0 [hailo_pci]
[  180.960313]  __arm64_sys_ioctl+0xb4/0x100
[  180.960318]  invoke_syscall+0x50/0x120
[  180.960322]  el0_svc_common.constprop.0+0xc8/0xf0
[  180.960326]  do_el0_svc+0x24/0x38
[  180.960330]  el0_svc+0x30/0x100
[  180.960334]  el0t_64_sync_handler+0x100/0x130
[  180.960338]  el0t_64_sync+0x190/0x198
[  180.960341] DMA_STACK_END: End of stack trace for dma_unmap_sg
[  180.960349] FUNC_ENTRY: Entering function clear_sg_table at hailort-drivers/linux/pcie/../vdma/memory.c:817
[  180.960493] IOCTL_HANDLER: Function hailo_pcie_fops_unlockedioctl called at hailort-drivers/linux/pcie/src/fops.c:469
[  180.960497] IOCTL_HANDLER: Function hailo_vdma_ioctl called at hailort-drivers/linux/pcie/../vdma/vdma.c:198
[  180.960499] FUNC_ENTRY: Entering function hailo_vdma_ioctl at hailort-drivers/linux/pcie/../vdma/vdma.c:199
[  180.960501] IOCTL_HANDLER: Function hailo_vdma_buffer_unmap_ioctl called at hailort-drivers/linux/pcie/../vdma/ioctl.c:272
[  180.960503] USER_COPY: About to call copy_from_user from function hailo_vdma_buffer_unmap_ioctl at hailort-drivers/linux/pcie/../vdma/ioctl.c:276
[  180.960506] USER_COPY_CONTEXT: Process PID=2692, COMM=classifier
[  180.960508] FUNC_ENTRY: Entering function hailo_vdma_find_mapped_user_buffer at hailort-drivers/linux/pcie/../vdma/memory.c:423
[  180.960510] FUNC_ENTRY: Entering function hailo_vdma_buffer_put at hailort-drivers/linux/pcie/../vdma/memory.c:334
[  180.960512] FUNC_ENTRY: Entering function unmap_buffer at hailort-drivers/linux/pcie/../vdma/memory.c:306
[  180.960514] DMA_INSTRUMENT: About to call dma_unmap_sg from function unmap_buffer at hailort-drivers/linux/pcie/../vdma/memory.c:313
[  180.960516] DMA_STACK_START: Stack trace for dma_unmap_sg called from unmap_buffer
[  180.960519] CPU: 1 UID: 1000 PID: 2692 Comm: classifier Tainted: G        W  O       6.12.47+rpt-rpi-2712 #1  Debian 1:6.12.47-1+rpt1~bookworm
[  180.960522] Tainted: [W]=WARN, [O]=OOT_MODULE
[  180.960523] Hardware name: Raspberry Pi 5 Model B Rev 1.0 (DT)
[  180.960524] Call trace:
[  180.960525]  dump_backtrace+0xa0/0x100
[  180.960528]  show_stack+0x20/0x38
[  180.960530]  dump_stack_lvl+0x78/0x90
[  180.960533]  dump_stack+0x18/0x28
[  180.960537]  hailo_vdma_buffer_put+0x208/0x250 [hailo_pci]
[  180.960543]  hailo_vdma_buffer_unmap_ioctl+0x118/0x210 [hailo_pci]
[  180.960548]  hailo_vdma_ioctl+0x208/0x320 [hailo_pci]
[  180.960553]  hailo_pcie_fops_unlockedioctl+0x19c/0x8b0 [hailo_pci]
[  180.960558]  __arm64_sys_ioctl+0xb4/0x100
[  180.960562]  invoke_syscall+0x50/0x120
[  180.960565]  el0_svc_common.constprop.0+0xc8/0xf0
[  180.960569]  do_el0_svc+0x24/0x38
[  180.960573]  el0_svc+0x30/0x100
[  180.960577]  el0t_64_sync_handler+0x100/0x130
[  180.960581]  el0t_64_sync+0x190/0x198
[  180.960583] DMA_STACK_END: End of stack trace for dma_unmap_sg
[  180.960590] FUNC_ENTRY: Entering function clear_sg_table at hailort-drivers/linux/pcie/../vdma/memory.c:817
[  180.961364] IOCTL_HANDLER: Function hailo_pcie_fops_unlockedioctl called at hailort-drivers/linux/pcie/src/fops.c:469
[  180.961372] IOCTL_HANDLER: Function hailo_vdma_ioctl called at hailort-drivers/linux/pcie/../vdma/vdma.c:198
[  180.961374] FUNC_ENTRY: Entering function hailo_vdma_ioctl at hailort-drivers/linux/pcie/../vdma/vdma.c:199
[  180.961376] IOCTL_HANDLER: Function hailo_vdma_buffer_unmap_ioctl called at hailort-drivers/linux/pcie/../vdma/ioctl.c:272
[  180.961379] USER_COPY: About to call copy_from_user from function hailo_vdma_buffer_unmap_ioctl at hailort-drivers/linux/pcie/../vdma/ioctl.c:276
[  180.961381] USER_COPY_CONTEXT: Process PID=2692, COMM=classifier
[  180.961383] FUNC_ENTRY: Entering function hailo_vdma_find_mapped_user_buffer at hailort-drivers/linux/pcie/../vdma/memory.c:423
[  180.961386] FUNC_ENTRY: Entering function hailo_vdma_buffer_put at hailort-drivers/linux/pcie/../vdma/memory.c:334
[  180.961388] FUNC_ENTRY: Entering function unmap_buffer at hailort-drivers/linux/pcie/../vdma/memory.c:306
[  180.961390] DMA_INSTRUMENT: About to call dma_unmap_sg from function unmap_buffer at hailort-drivers/linux/pcie/../vdma/memory.c:313
[  180.961393] DMA_STACK_START: Stack trace for dma_unmap_sg called from unmap_buffer
[  180.961397] CPU: 1 UID: 1000 PID: 2692 Comm: classifier Tainted: G        W  O       6.12.47+rpt-rpi-2712 #1  Debian 1:6.12.47-1+rpt1~bookworm
[  180.961403] Tainted: [W]=WARN, [O]=OOT_MODULE
[  180.961405] Hardware name: Raspberry Pi 5 Model B Rev 1.0 (DT)
[  180.961407] Call trace:
[  180.961408]  dump_backtrace+0xa0/0x100
[  180.961416]  show_stack+0x20/0x38
[  180.961418]  dump_stack_lvl+0x78/0x90
[  180.961426]  dump_stack+0x18/0x28
[  180.961429]  hailo_vdma_buffer_put+0x208/0x250 [hailo_pci]
[  180.961438]  hailo_vdma_buffer_unmap_ioctl+0x118/0x210 [hailo_pci]
[  180.961444]  hailo_vdma_ioctl+0x208/0x320 [hailo_pci]
[  180.961449]  hailo_pcie_fops_unlockedioctl+0x19c/0x8b0 [hailo_pci]
[  180.961455]  __arm64_sys_ioctl+0xb4/0x100
[  180.961460]  invoke_syscall+0x50/0x120
[  180.961465]  el0_svc_common.constprop.0+0xc8/0xf0
[  180.961469]  do_el0_svc+0x24/0x38
[  180.961473]  el0_svc+0x30/0x100
[  180.961478]  el0t_64_sync_handler+0x100/0x130
[  180.961483]  el0t_64_sync+0x190/0x198
[  180.961503] DMA_STACK_END: End of stack trace for dma_unmap_sg
[  180.961506] FUNC_ENTRY: Entering function clear_sg_table at hailort-drivers/linux/pcie/../vdma/memory.c:817
[  180.961669] IOCTL_HANDLER: Function hailo_pcie_fops_unlockedioctl called at hailort-drivers/linux/pcie/src/fops.c:469
[  180.961674] IOCTL_HANDLER: Function hailo_vdma_ioctl called at hailort-drivers/linux/pcie/../vdma/vdma.c:198
[  180.961676] FUNC_ENTRY: Entering function hailo_vdma_ioctl at hailort-drivers/linux/pcie/../vdma/vdma.c:199
[  180.961678] IOCTL_HANDLER: Function hailo_vdma_buffer_unmap_ioctl called at hailort-drivers/linux/pcie/../vdma/ioctl.c:272
[  180.961680] USER_COPY: About to call copy_from_user from function hailo_vdma_buffer_unmap_ioctl at hailort-drivers/linux/pcie/../vdma/ioctl.c:276
[  180.961683] USER_COPY_CONTEXT: Process PID=2692, COMM=classifier
[  180.961685] FUNC_ENTRY: Entering function hailo_vdma_find_mapped_user_buffer at hailort-drivers/linux/pcie/../vdma/memory.c:423
[  180.961687] FUNC_ENTRY: Entering function hailo_vdma_buffer_put at hailort-drivers/linux/pcie/../vdma/memory.c:334
[  180.961689] FUNC_ENTRY: Entering function unmap_buffer at hailort-drivers/linux/pcie/../vdma/memory.c:306
[  180.961691] DMA_INSTRUMENT: About to call dma_unmap_sg from function unmap_buffer at hailort-drivers/linux/pcie/../vdma/memory.c:313
[  180.961693] DMA_STACK_START: Stack trace for dma_unmap_sg called from unmap_buffer
[  180.961696] CPU: 1 UID: 1000 PID: 2692 Comm: classifier Tainted: G        W  O       6.12.47+rpt-rpi-2712 #1  Debian 1:6.12.47-1+rpt1~bookworm
[  180.961699] Tainted: [W]=WARN, [O]=OOT_MODULE
[  180.961700] Hardware name: Raspberry Pi 5 Model B Rev 1.0 (DT)
[  180.961702] Call trace:
[  180.961702]  dump_backtrace+0xa0/0x100
[  180.961706]  show_stack+0x20/0x38
[  180.961708]  dump_stack_lvl+0x78/0x90
[  180.961712]  dump_stack+0x18/0x28
[  180.961715]  hailo_vdma_buffer_put+0x208/0x250 [hailo_pci]
[  180.961722]  hailo_vdma_buffer_unmap_ioctl+0x118/0x210 [hailo_pci]
[  180.961728]  hailo_vdma_ioctl+0x208/0x320 [hailo_pci]
[  180.961733]  hailo_pcie_fops_unlockedioctl+0x19c/0x8b0 [hailo_pci]
[  180.961738]  __arm64_sys_ioctl+0xb4/0x100
[  180.961743]  invoke_syscall+0x50/0x120
[  180.961747]  el0_svc_common.constprop.0+0xc8/0xf0
[  180.961750]  do_el0_svc+0x24/0x38
[  180.961754]  el0_svc+0x30/0x100
[  180.961758]  el0t_64_sync_handler+0x100/0x130
[  180.961762]  el0t_64_sync+0x190/0x198
[  180.961765] DMA_STACK_END: End of stack trace for dma_unmap_sg
[  180.961772] FUNC_ENTRY: Entering function clear_sg_table at hailort-drivers/linux/pcie/../vdma/memory.c:817
[  180.961885] IOCTL_HANDLER: Function hailo_pcie_fops_unlockedioctl called at hailort-drivers/linux/pcie/src/fops.c:469
[  180.961890] IOCTL_HANDLER: Function hailo_vdma_ioctl called at hailort-drivers/linux/pcie/../vdma/vdma.c:198
[  180.961891] FUNC_ENTRY: Entering function hailo_vdma_ioctl at hailort-drivers/linux/pcie/../vdma/vdma.c:199
[  180.961894] IOCTL_HANDLER: Function hailo_vdma_buffer_unmap_ioctl called at hailort-drivers/linux/pcie/../vdma/ioctl.c:272
[  180.961895] USER_COPY: About to call copy_from_user from function hailo_vdma_buffer_unmap_ioctl at hailort-drivers/linux/pcie/../vdma/ioctl.c:276
[  180.961898] USER_COPY_CONTEXT: Process PID=2692, COMM=classifier
[  180.961900] FUNC_ENTRY: Entering function hailo_vdma_find_mapped_user_buffer at hailort-drivers/linux/pcie/../vdma/memory.c:423
[  180.961902] FUNC_ENTRY: Entering function hailo_vdma_buffer_put at hailort-drivers/linux/pcie/../vdma/memory.c:334
[  180.961904] FUNC_ENTRY: Entering function unmap_buffer at hailort-drivers/linux/pcie/../vdma/memory.c:306
[  180.961907] DMA_INSTRUMENT: About to call dma_unmap_sg from function unmap_buffer at hailort-drivers/linux/pcie/../vdma/memory.c:313
[  180.961909] DMA_STACK_START: Stack trace for dma_unmap_sg called from unmap_buffer
[  180.961911] CPU: 1 UID: 1000 PID: 2692 Comm: classifier Tainted: G        W  O       6.12.47+rpt-rpi-2712 #1  Debian 1:6.12.47-1+rpt1~bookworm
[  180.961915] Tainted: [W]=WARN, [O]=OOT_MODULE
[  180.961916] Hardware name: Raspberry Pi 5 Model B Rev 1.0 (DT)
[  180.961917] Call trace:
[  180.961918]  dump_backtrace+0xa0/0x100
[  180.961921]  show_stack+0x20/0x38
[  180.961922]  dump_stack_lvl+0x78/0x90
[  180.961926]  dump_stack+0x18/0x28
[  180.961930]  hailo_vdma_buffer_put+0x208/0x250 [hailo_pci]
[  180.961936]  hailo_vdma_buffer_unmap_ioctl+0x118/0x210 [hailo_pci]
[  180.961942]  hailo_vdma_ioctl+0x208/0x320 [hailo_pci]
[  180.961947]  hailo_pcie_fops_unlockedioctl+0x19c/0x8b0 [hailo_pci]
[  180.961952]  __arm64_sys_ioctl+0xb4/0x100
[  180.961956]  invoke_syscall+0x50/0x120
[  180.961960]  el0_svc_common.constprop.0+0xc8/0xf0
[  180.961964]  do_el0_svc+0x24/0x38
[  180.961968]  el0_svc+0x30/0x100
[  180.961972]  el0t_64_sync_handler+0x100/0x130
[  180.961976]  el0t_64_sync+0x190/0x198
[  180.961978] DMA_STACK_END: End of stack trace for dma_unmap_sg
[  180.961986] FUNC_ENTRY: Entering function clear_sg_table at hailort-drivers/linux/pcie/../vdma/memory.c:817
[  180.962091] IOCTL_HANDLER: Function hailo_pcie_fops_unlockedioctl called at hailort-drivers/linux/pcie/src/fops.c:469
[  180.962095] IOCTL_HANDLER: Function hailo_vdma_ioctl called at hailort-drivers/linux/pcie/../vdma/vdma.c:198
[  180.962097] FUNC_ENTRY: Entering function hailo_vdma_ioctl at hailort-drivers/linux/pcie/../vdma/vdma.c:199
[  180.962099] IOCTL_HANDLER: Function hailo_vdma_buffer_unmap_ioctl called at hailort-drivers/linux/pcie/../vdma/ioctl.c:272
[  180.962101] USER_COPY: About to call copy_from_user from function hailo_vdma_buffer_unmap_ioctl at hailort-drivers/linux/pcie/../vdma/ioctl.c:276
[  180.962104] USER_COPY_CONTEXT: Process PID=2692, COMM=classifier
[  180.962106] FUNC_ENTRY: Entering function hailo_vdma_find_mapped_user_buffer at hailort-drivers/linux/pcie/../vdma/memory.c:423
[  180.962108] FUNC_ENTRY: Entering function hailo_vdma_buffer_put at hailort-drivers/linux/pcie/../vdma/memory.c:334
[  180.962110] FUNC_ENTRY: Entering function unmap_buffer at hailort-drivers/linux/pcie/../vdma/memory.c:306
[  180.962112] DMA_INSTRUMENT: About to call dma_unmap_sg from function unmap_buffer at hailort-drivers/linux/pcie/../vdma/memory.c:313
[  180.962114] DMA_STACK_START: Stack trace for dma_unmap_sg called from unmap_buffer
[  180.962117] CPU: 1 UID: 1000 PID: 2692 Comm: classifier Tainted: G        W  O       6.12.47+rpt-rpi-2712 #1  Debian 1:6.12.47-1+rpt1~bookworm
[  180.962120] Tainted: [W]=WARN, [O]=OOT_MODULE
[  180.962121] Hardware name: Raspberry Pi 5 Model B Rev 1.0 (DT)
[  180.962122] Call trace:
[  180.962122]  dump_backtrace+0xa0/0x100
[  180.962125]  show_stack+0x20/0x38
[  180.962127]  dump_stack_lvl+0x78/0x90
[  180.962131]  dump_stack+0x18/0x28
[  180.962134]  hailo_vdma_buffer_put+0x208/0x250 [hailo_pci]
[  180.962140]  hailo_vdma_buffer_unmap_ioctl+0x118/0x210 [hailo_pci]
[  180.962145]  hailo_vdma_ioctl+0x208/0x320 [hailo_pci]
[  180.962151]  hailo_pcie_fops_unlockedioctl+0x19c/0x8b0 [hailo_pci]
[  180.962156]  __arm64_sys_ioctl+0xb4/0x100
[  180.962159]  invoke_syscall+0x50/0x120
[  180.962163]  el0_svc_common.constprop.0+0xc8/0xf0
[  180.962166]  do_el0_svc+0x24/0x38
[  180.962170]  el0_svc+0x30/0x100
[  180.962174]  el0t_64_sync_handler+0x100/0x130
[  180.962178]  el0t_64_sync+0x190/0x198
[  180.962180] DMA_STACK_END: End of stack trace for dma_unmap_sg
[  180.962187] FUNC_ENTRY: Entering function clear_sg_table at hailort-drivers/linux/pcie/../vdma/memory.c:817
[  180.962285] IOCTL_HANDLER: Function hailo_pcie_fops_unlockedioctl called at hailort-drivers/linux/pcie/src/fops.c:469
[  180.962288] IOCTL_HANDLER: Function hailo_vdma_ioctl called at hailort-drivers/linux/pcie/../vdma/vdma.c:198
[  180.962290] FUNC_ENTRY: Entering function hailo_vdma_ioctl at hailort-drivers/linux/pcie/../vdma/vdma.c:199
[  180.962292] IOCTL_HANDLER: Function hailo_vdma_buffer_unmap_ioctl called at hailort-drivers/linux/pcie/../vdma/ioctl.c:272
[  180.962294] USER_COPY: About to call copy_from_user from function hailo_vdma_buffer_unmap_ioctl at hailort-drivers/linux/pcie/../vdma/ioctl.c:276
[  180.962297] USER_COPY_CONTEXT: Process PID=2692, COMM=classifier
[  180.962298] FUNC_ENTRY: Entering function hailo_vdma_find_mapped_user_buffer at hailort-drivers/linux/pcie/../vdma/memory.c:423
[  180.962301] FUNC_ENTRY: Entering function hailo_vdma_buffer_put at hailort-drivers/linux/pcie/../vdma/memory.c:334
[  180.962303] FUNC_ENTRY: Entering function unmap_buffer at hailort-drivers/linux/pcie/../vdma/memory.c:306
[  180.962305] DMA_INSTRUMENT: About to call dma_unmap_sg from function unmap_buffer at hailort-drivers/linux/pcie/../vdma/memory.c:313
[  180.962307] DMA_STACK_START: Stack trace for dma_unmap_sg called from unmap_buffer
[  180.962309] CPU: 1 UID: 1000 PID: 2692 Comm: classifier Tainted: G        W  O       6.12.47+rpt-rpi-2712 #1  Debian 1:6.12.47-1+rpt1~bookworm
[  180.962312] Tainted: [W]=WARN, [O]=OOT_MODULE
[  180.962313] Hardware name: Raspberry Pi 5 Model B Rev 1.0 (DT)
[  180.962314] Call trace:
[  180.962315]  dump_backtrace+0xa0/0x100
[  180.962317]  show_stack+0x20/0x38
[  180.962319]  dump_stack_lvl+0x78/0x90
[  180.962323]  dump_stack+0x18/0x28
[  180.962326]  hailo_vdma_buffer_put+0x208/0x250 [hailo_pci]
[  180.962332]  hailo_vdma_buffer_unmap_ioctl+0x118/0x210 [hailo_pci]
[  180.962337]  hailo_vdma_ioctl+0x208/0x320 [hailo_pci]
[  180.962342]  hailo_pcie_fops_unlockedioctl+0x19c/0x8b0 [hailo_pci]
[  180.962348]  __arm64_sys_ioctl+0xb4/0x100
[  180.962351]  invoke_syscall+0x50/0x120
[  180.962354]  el0_svc_common.constprop.0+0xc8/0xf0
[  180.962358]  do_el0_svc+0x24/0x38
[  180.962362]  el0_svc+0x30/0x100
[  180.962366]  el0t_64_sync_handler+0x100/0x130
[  180.962370]  el0t_64_sync+0x190/0x198
[  180.962372] DMA_STACK_END: End of stack trace for dma_unmap_sg
[  180.962380] FUNC_ENTRY: Entering function clear_sg_table at hailort-drivers/linux/pcie/../vdma/memory.c:817
[  180.962569] IOCTL_HANDLER: Function hailo_pcie_fops_unlockedioctl called at hailort-drivers/linux/pcie/src/fops.c:469
[  180.962572] IOCTL_HANDLER: Function hailo_nnc_ioctl called at hailort-drivers/linux/pcie/src/nnc.c:236
[  180.962801] IOCTL_HANDLER: Function hailo_pcie_fops_unlockedioctl called at hailort-drivers/linux/pcie/src/fops.c:469
[  180.962806] IOCTL_HANDLER: Function hailo_nnc_ioctl called at hailort-drivers/linux/pcie/src/nnc.c:236
[  180.962808] USER_COPY: About to call copy_from_user from function hailo_fw_control at hailort-drivers/linux/pcie/src/nnc.c:68
[  180.962810] USER_COPY_CONTEXT: Process PID=2692, COMM=classifier
[  180.962932] USER_COPY: About to call copy_to_user from function hailo_fw_control at hailort-drivers/linux/pcie/src/nnc.c:103
[  180.962935] USER_COPY_CONTEXT: Process PID=2692, COMM=classifier
[  180.962979] IOCTL_HANDLER: Function hailo_pcie_fops_unlockedioctl called at hailort-drivers/linux/pcie/src/fops.c:469
[  180.962983] IOCTL_HANDLER: Function hailo_nnc_ioctl called at hailort-drivers/linux/pcie/src/nnc.c:236
[  180.962985] USER_COPY: About to call copy_from_user from function hailo_fw_control at hailort-drivers/linux/pcie/src/nnc.c:68
[  180.962987] USER_COPY_CONTEXT: Process PID=2692, COMM=classifier
[  180.967947] USER_COPY: About to call copy_to_user from function hailo_fw_control at hailort-drivers/linux/pcie/src/nnc.c:103
[  180.967956] USER_COPY_CONTEXT: Process PID=2692, COMM=classifier
[  180.968521] IOCTL_HANDLER: Function hailo_pcie_fops_release called at hailort-drivers/linux/pcie/src/fops.c:192
[  181.009528] FUNC_ENTRY: Entering function hailo_vdma_file_context_finalize at hailort-drivers/linux/pcie/../vdma/vdma.c:135
[  181.009540] FUNC_ENTRY: Entering function hailo_vdma_clear_mapped_user_buffer_list at hailort-drivers/linux/pcie/../vdma/memory.c:436
[  181.009543] FUNC_ENTRY: Entering function hailo_vdma_clear_descriptors_buffer_list at hailort-drivers/linux/pcie/../vdma/memory.c:512
[  181.009546] FUNC_ENTRY: Entering function hailo_vdma_clear_low_memory_buffer_list at hailort-drivers/linux/pcie/../vdma/memory.c:598
[  181.009549] FUNC_ENTRY: Entering function hailo_vdma_clear_continuous_buffer_list at hailort-drivers/linux/pcie/../vdma/memory.c:660
[  181.009551] FUNC_ENTRY: Entering function hailo_disable_interrupts at hailort-drivers/linux/pcie/src/pcie.c:1014
[  181.009629] FUNC_ENTRY: Entering function power_mode_enabled at hailort-drivers/linux/pcie/src/pcie.c:82
