execve("./classifier", ["./classifier", "-hef=resnet_v1_50.hef", "-path=./"], 0x7fffd781d160 /* 35 vars */) = 0
brk(NULL)                               = 0x5555a7500000
faccessat(AT_FDCWD, "/etc/ld.so.preload", R_OK) = -1 ENOENT (No such file or directory)
openat(AT_FDCWD, "/etc/ld.so.cache", O_RDONLY|O_CLOEXEC) = 3
newfstatat(3, "", {st_mode=S_IFREG|0644, st_size=103232, ...}, AT_EMPTY_PATH) = 0
mmap(NULL, 103232, PROT_READ, MAP_PRIVATE, 3, 0) = 0x7ffecf314000
close(3)                                = 0
openat(AT_FDCWD, "/lib/aarch64-linux-gnu/libopencv_imgcodecs.so.406", O_RDONLY|O_CLOEXEC) = 3
read(3, "\177ELF\2\1\1\3\0\0\0\0\0\0\0\0\3\0\267\0\1\0\0\0\0\0\0\0\0\0\0\0"..., 832) = 832
newfstatat(3, "", {st_mode=S_IFREG|0644, st_size=395216, ...}, AT_EMPTY_PATH) = 0
mmap(NULL, 459120, PROT_NONE, MAP_PRIVATE|MAP_ANONYMOUS, -1, 0) = 0x7ffecf2a0000
mmap(0x7ffecf2a0000, 393584, PROT_READ|PROT_EXEC, MAP_PRIVATE|MAP_FIXED|MAP_DENYWRITE, 3, 0) = 0x7ffecf2a0000
munmap(0x7ffecf304000, 49520)           = 0
mprotect(0x7ffecf2f0000, 49152, PROT_NONE) = 0
mmap(0x7ffecf2fc000, 32768, PROT_READ|PROT_WRITE, MAP_PRIVATE|MAP_FIXED|MAP_DENYWRITE, 3, 0x5c000) = 0x7ffecf2fc000
close(3)                                = 0
openat(AT_FDCWD, "/lib/aarch64-linux-gnu/libopencv_imgproc.so.406", O_RDONLY|O_CLOEXEC) = 3
read(3, "\177ELF\2\1\1\3\0\0\0\0\0\0\0\0\3\0\267\0\1\0\0\0\0\0\0\0\0\0\0\0"..., 832) = 832
newfstatat(3, "", {st_mode=S_IFREG|0644, st_size=3045304, ...}, AT_EMPTY_PATH) = 0
mmap(NULL, 3754800, PROT_NONE, MAP_PRIVATE|MAP_ANONYMOUS, -1, 0) = 0x7ffecef08000
mmap(0x7ffecef10000, 3689264, PROT_READ|PROT_EXEC, MAP_PRIVATE|MAP_FIXED|MAP_DENYWRITE, 3, 0) = 0x7ffecef10000
munmap(0x7ffecef08000, 32768)           = 0
munmap(0x7ffecf298000, 19248)           = 0
mprotect(0x7ffecf1d8000, 32768, PROT_NONE) = 0
mmap(0x7ffecf1e0000, 98304, PROT_READ|PROT_WRITE, MAP_PRIVATE|MAP_FIXED|MAP_DENYWRITE, 3, 0x2d0000) = 0x7ffecf1e0000
mmap(0x7ffecf1f8000, 641840, PROT_READ|PROT_WRITE, MAP_PRIVATE|MAP_FIXED|MAP_ANONYMOUS, -1, 0) = 0x7ffecf1f8000
close(3)                                = 0
openat(AT_FDCWD, "/lib/aarch64-linux-gnu/libopencv_core.so.406", O_RDONLY|O_CLOEXEC) = 3
read(3, "\177ELF\2\1\1\3\0\0\0\0\0\0\0\0\3\0\267\0\1\0\0\0\0\0\0\0\0\0\0\0"..., 832) = 832
newfstatat(3, "", {st_mode=S_IFREG|0644, st_size=2890240, ...}, AT_EMPTY_PATH) = 0
mmap(NULL, 2974464, PROT_NONE, MAP_PRIVATE|MAP_ANONYMOUS, -1, 0) = 0x7ffecec38000
mmap(0x7ffecec40000, 2908928, PROT_READ|PROT_EXEC, MAP_PRIVATE|MAP_FIXED|MAP_DENYWRITE, 3, 0) = 0x7ffecec40000
munmap(0x7ffecec38000, 32768)           = 0
munmap(0x7ffecef08000, 25344)           = 0
mmap(0x7ffeceef0000, 81920, PROT_READ|PROT_WRITE, MAP_PRIVATE|MAP_FIXED|MAP_DENYWRITE, 3, 0x2b0000) = 0x7ffeceef0000
mmap(0x7ffecef04000, 8960, PROT_READ|PROT_WRITE, MAP_PRIVATE|MAP_FIXED|MAP_ANONYMOUS, -1, 0) = 0x7ffecef04000
close(3)                                = 0
openat(AT_FDCWD, "/lib/aarch64-linux-gnu/libm.so.6", O_RDONLY|O_CLOEXEC) = 3
read(3, "\177ELF\2\1\1\0\0\0\0\0\0\0\0\0\3\0\267\0\1\0\0\0\0\0\0\0\0\0\0\0"..., 832) = 832
newfstatat(3, "", {st_mode=S_IFREG|0644, st_size=591960, ...}, AT_EMPTY_PATH) = 0
mmap(NULL, 721008, PROT_NONE, MAP_PRIVATE|MAP_ANONYMOUS, -1, 0) = 0x7ffeceb8c000
mmap(0x7ffeceb90000, 655472, PROT_READ|PROT_EXEC, MAP_PRIVATE|MAP_FIXED|MAP_DENYWRITE, 3, 0) = 0x7ffeceb90000
munmap(0x7ffeceb8c000, 16384)           = 0
munmap(0x7ffecec34000, 32880)           = 0
mprotect(0x7ffecec14000, 98304, PROT_NONE) = 0
mmap(0x7ffecec2c000, 32768, PROT_READ|PROT_WRITE, MAP_PRIVATE|MAP_FIXED|MAP_DENYWRITE, 3, 0x8c000) = 0x7ffecec2c000
close(3)                                = 0
openat(AT_FDCWD, "/lib/aarch64-linux-gnu/libc.so.6", O_RDONLY|O_CLOEXEC) = 3
read(3, "\177ELF\2\1\1\3\0\0\0\0\0\0\0\0\3\0\267\0\1\0\0\0000y\2\0\0\0\0\0"..., 832) = 832
newfstatat(3, "", {st_mode=S_IFREG|0755, st_size=1651408, ...}, AT_EMPTY_PATH) = 0
mmap(NULL, 1826912, PROT_NONE, MAP_PRIVATE|MAP_ANONYMOUS, -1, 0) = 0x7ffece9d0000
mmap(0x7ffece9d0000, 1761376, PROT_READ|PROT_EXEC, MAP_PRIVATE|MAP_FIXED|MAP_DENYWRITE, 3, 0) = 0x7ffece9d0000
munmap(0x7ffeceb80000, 57440)           = 0
mprotect(0x7ffeceb5c000, 65536, PROT_NONE) = 0
mmap(0x7ffeceb6c000, 32768, PROT_READ|PROT_WRITE, MAP_PRIVATE|MAP_FIXED|MAP_DENYWRITE, 3, 0x18c000) = 0x7ffeceb6c000
mmap(0x7ffeceb74000, 41056, PROT_READ|PROT_WRITE, MAP_PRIVATE|MAP_FIXED|MAP_ANONYMOUS, -1, 0) = 0x7ffeceb74000
close(3)                                = 0
openat(AT_FDCWD, "/lib/aarch64-linux-gnu/libjpeg.so.62", O_RDONLY|O_CLOEXEC) = 3
read(3, "\177ELF\2\1\1\0\0\0\0\0\0\0\0\0\3\0\267\0\1\0\0\0\0\0\0\0\0\0\0\0"..., 832) = 832
newfstatat(3, "", {st_mode=S_IFREG|0644, st_size=395264, ...}, AT_EMPTY_PATH) = 0
mmap(NULL, 32768, PROT_READ|PROT_WRITE, MAP_PRIVATE|MAP_ANONYMOUS, -1, 0) = 0x7ffecf358000
mmap(NULL, 524304, PROT_NONE, MAP_PRIVATE|MAP_ANONYMOUS, -1, 0) = 0x7ffece94c000
mmap(0x7ffece950000, 458768, PROT_READ|PROT_EXEC, MAP_PRIVATE|MAP_FIXED|MAP_DENYWRITE, 3, 0) = 0x7ffece950000
munmap(0x7ffece94c000, 16384)           = 0
munmap(0x7ffece9c4000, 32784)           = 0
mprotect(0x7ffece9a4000, 98304, PROT_NONE) = 0
mmap(0x7ffece9bc000, 32768, PROT_READ|PROT_WRITE, MAP_PRIVATE|MAP_FIXED|MAP_DENYWRITE, 3, 0x5c000) = 0x7ffece9bc000
close(3)                                = 0
openat(AT_FDCWD, "/lib/aarch64-linux-gnu/libwebp.so.7", O_RDONLY|O_CLOEXEC) = 3
read(3, "\177ELF\2\1\1\0\0\0\0\0\0\0\0\0\3\0\267\0\1\0\0\0\0\0\0\0\0\0\0\0"..., 832) = 832
newfstatat(3, "", {st_mode=S_IFREG|0644, st_size=395832, ...}, AT_EMPTY_PATH) = 0
mmap(NULL, 535352, PROT_NONE, MAP_PRIVATE|MAP_ANONYMOUS, -1, 0) = 0x7ffece8cc000
mmap(0x7ffece8d0000, 469816, PROT_READ|PROT_EXEC, MAP_PRIVATE|MAP_FIXED|MAP_DENYWRITE, 3, 0) = 0x7ffece8d0000
munmap(0x7ffece8cc000, 16384)           = 0
munmap(0x7ffece944000, 43832)           = 0
mprotect(0x7ffece924000, 98304, PROT_NONE) = 0
mmap(0x7ffece93c000, 32768, PROT_READ|PROT_WRITE, MAP_PRIVATE|MAP_FIXED|MAP_DENYWRITE, 3, 0x5c000) = 0x7ffece93c000
close(3)                                = 0
openat(AT_FDCWD, "/lib/aarch64-linux-gnu/libpng16.so.16", O_RDONLY|O_CLOEXEC) = 3
read(3, "\177ELF\2\1\1\0\0\0\0\0\0\0\0\0\3\0\267\0\1\0\0\0\0\0\0\0\0\0\0\0"..., 832) = 832
newfstatat(3, "", {st_mode=S_IFREG|0644, st_size=264040, ...}, AT_EMPTY_PATH) = 0
mmap(NULL, 393232, PROT_NONE, MAP_PRIVATE|MAP_ANONYMOUS, -1, 0) = 0x7ffece86c000
mmap(0x7ffece870000, 327696, PROT_READ|PROT_EXEC, MAP_PRIVATE|MAP_FIXED|MAP_DENYWRITE, 3, 0) = 0x7ffece870000
munmap(0x7ffece86c000, 16384)           = 0
munmap(0x7ffece8c4000, 32784)           = 0
mprotect(0x7ffece8a4000, 98304, PROT_NONE) = 0
mmap(0x7ffece8bc000, 32768, PROT_READ|PROT_WRITE, MAP_PRIVATE|MAP_FIXED|MAP_DENYWRITE, 3, 0x3c000) = 0x7ffece8bc000
close(3)                                = 0
openat(AT_FDCWD, "/lib/aarch64-linux-gnu/libgdcmMSFF.so.3.0", O_RDONLY|O_CLOEXEC) = 3
read(3, "\177ELF\2\1\1\3\0\0\0\0\0\0\0\0\3\0\267\0\1\0\0\0\0\0\0\0\0\0\0\0"..., 832) = 832
newfstatat(3, "", {st_mode=S_IFREG|0644, st_size=2754744, ...}, AT_EMPTY_PATH) = 0
mmap(NULL, 2840608, PROT_NONE, MAP_PRIVATE|MAP_ANONYMOUS, -1, 0) = 0x7ffece5b8000
mmap(0x7ffece5c0000, 2775072, PROT_READ|PROT_EXEC, MAP_PRIVATE|MAP_FIXED|MAP_DENYWRITE, 3, 0) = 0x7ffece5c0000
munmap(0x7ffece5b8000, 32768)           = 0
munmap(0x7ffece868000, 22560)           = 0
mmap(0x7ffece850000, 81920, PROT_READ|PROT_WRITE, MAP_PRIVATE|MAP_FIXED|MAP_DENYWRITE, 3, 0x290000) = 0x7ffece850000
mmap(0x7ffece864000, 6176, PROT_READ|PROT_WRITE, MAP_PRIVATE|MAP_FIXED|MAP_ANONYMOUS, -1, 0) = 0x7ffece864000
close(3)                                = 0
openat(AT_FDCWD, "/lib/aarch64-linux-gnu/libtiff.so.6", O_RDONLY|O_CLOEXEC) = 3
read(3, "\177ELF\2\1\1\0\0\0\0\0\0\0\0\0\3\0\267\0\1\0\0\0\0\0\0\0\0\0\0\0"..., 832) = 832
newfstatat(3, "", {st_mode=S_IFREG|0644, st_size=591816, ...}, AT_EMPTY_PATH) = 0
mmap(NULL, 721400, PROT_NONE, MAP_PRIVATE|MAP_ANONYMOUS, -1, 0) = 0x7ffece50c000
mmap(0x7ffece510000, 655864, PROT_READ|PROT_EXEC, MAP_PRIVATE|MAP_FIXED|MAP_DENYWRITE, 3, 0) = 0x7ffece510000
munmap(0x7ffece50c000, 16384)           = 0
munmap(0x7ffece5b4000, 33272)           = 0
mprotect(0x7ffece594000, 81920, PROT_NONE) = 0
mmap(0x7ffece5a8000, 49152, PROT_READ|PROT_WRITE, MAP_PRIVATE|MAP_FIXED|MAP_DENYWRITE, 3, 0x88000) = 0x7ffece5a8000
close(3)                                = 0
openat(AT_FDCWD, "/lib/aarch64-linux-gnu/libopenjp2.so.7", O_RDONLY|O_CLOEXEC) = 3
read(3, "\177ELF\2\1\1\0\0\0\0\0\0\0\0\0\3\0\267\0\1\0\0\0\0\0\0\0\0\0\0\0"..., 832) = 832
newfstatat(3, "", {st_mode=S_IFREG|0644, st_size=395664, ...}, AT_EMPTY_PATH) = 0
mmap(NULL, 524784, PROT_NONE, MAP_PRIVATE|MAP_ANONYMOUS, -1, 0) = 0x7ffece48c000
mmap(0x7ffece490000, 459248, PROT_READ|PROT_EXEC, MAP_PRIVATE|MAP_FIXED|MAP_DENYWRITE, 3, 0) = 0x7ffece490000
munmap(0x7ffece48c000, 16384)           = 0
munmap(0x7ffece504000, 33264)           = 0
mprotect(0x7ffece4ec000, 65536, PROT_NONE) = 0
mmap(0x7ffece4fc000, 32768, PROT_READ|PROT_WRITE, MAP_PRIVATE|MAP_FIXED|MAP_DENYWRITE, 3, 0x5c000) = 0x7ffece4fc000
close(3)                                = 0
openat(AT_FDCWD, "/lib/aarch64-linux-gnu/libOpenEXR-3_1.so.30", O_RDONLY|O_CLOEXEC) = 3
read(3, "\177ELF\2\1\1\3\0\0\0\0\0\0\0\0\3\0\267\0\1\0\0\0\0\0\0\0\0\0\0\0"..., 832) = 832
newfstatat(3, "", {st_mode=S_IFREG|0644, st_size=3082464, ...}, AT_EMPTY_PATH) = 0
mmap(NULL, 3215688, PROT_NONE, MAP_PRIVATE|MAP_ANONYMOUS, -1, 0) = 0x7ffece17c000
mmap(0x7ffece180000, 3150152, PROT_READ|PROT_EXEC, MAP_PRIVATE|MAP_FIXED|MAP_DENYWRITE, 3, 0) = 0x7ffece180000
munmap(0x7ffece17c000, 16384)           = 0
munmap(0x7ffece484000, 37192)           = 0
mprotect(0x7ffece468000, 65536, PROT_NONE) = 0
mmap(0x7ffece478000, 49152, PROT_READ|PROT_WRITE, MAP_PRIVATE|MAP_FIXED|MAP_DENYWRITE, 3, 0x2e8000) = 0x7ffece478000
close(3)                                = 0
openat(AT_FDCWD, "/lib/aarch64-linux-gnu/libgdal.so.32", O_RDONLY|O_CLOEXEC) = 3
read(3, "\177ELF\2\1\1\3\0\0\0\0\0\0\0\0\3\0\267\0\1\0\0\0\0\0\0\0\0\0\0\0"..., 832) = 832
newfstatat(3, "", {st_mode=S_IFREG|0644, st_size=22028936, ...}, AT_EMPTY_PATH) = 0
mmap(NULL, 22366008, PROT_NONE, MAP_PRIVATE|MAP_ANONYMOUS, -1, 0) = 0x7ffeccc28000
mmap(0x7ffeccc30000, 22300472, PROT_READ|PROT_EXEC, MAP_PRIVATE|MAP_FIXED|MAP_DENYWRITE, 3, 0) = 0x7ffeccc30000
munmap(0x7ffeccc28000, 32768)           = 0
munmap(0x7ffece178000, 18232)           = 0
mprotect(0x7ffece03c000, 16384, PROT_NONE) = 0
mmap(0x7ffece040000, 999424, PROT_READ|PROT_WRITE, MAP_PRIVATE|MAP_FIXED|MAP_DENYWRITE, 3, 0x1410000) = 0x7ffece040000
mmap(0x7ffece134000, 263992, PROT_READ|PROT_WRITE, MAP_PRIVATE|MAP_FIXED|MAP_ANONYMOUS, -1, 0) = 0x7ffece134000
close(3)                                = 0
openat(AT_FDCWD, "/lib/aarch64-linux-gnu/libgdcmDSED.so.3.0", O_RDONLY|O_CLOEXEC) = 3
read(3, "\177ELF\2\1\1\0\0\0\0\0\0\0\0\0\3\0\267\0\1\0\0\0\0\0\0\0\0\0\0\0"..., 832) = 832
newfstatat(3, "", {st_mode=S_IFREG|0644, st_size=1247776, ...}, AT_EMPTY_PATH) = 0
mmap(NULL, 1378568, PROT_NONE, MAP_PRIVATE|MAP_ANONYMOUS, -1, 0) = 0x7ffeccadc000
mmap(0x7ffeccae0000, 1313032, PROT_READ|PROT_EXEC, MAP_PRIVATE|MAP_FIXED|MAP_DENYWRITE, 3, 0) = 0x7ffeccae0000
munmap(0x7ffeccadc000, 16384)           = 0
munmap(0x7ffeccc24000, 35080)           = 0
mprotect(0x7ffeccc04000, 98304, PROT_NONE) = 0
mmap(0x7ffeccc1c000, 32768, PROT_READ|PROT_WRITE, MAP_PRIVATE|MAP_FIXED|MAP_DENYWRITE, 3, 0x12c000) = 0x7ffeccc1c000
close(3)                                = 0
openat(AT_FDCWD, "/lib/aarch64-linux-gnu/libstdc++.so.6", O_RDONLY|O_CLOEXEC) = 3
read(3, "\177ELF\2\1\1\3\0\0\0\0\0\0\0\0\3\0\267\0\1\0\0\0\0\0\0\0\0\0\0\0"..., 832) = 832
newfstatat(3, "", {st_mode=S_IFREG|0644, st_size=2174296, ...}, AT_EMPTY_PATH) = 0
mmap(NULL, 2250720, PROT_NONE, MAP_PRIVATE|MAP_ANONYMOUS, -1, 0) = 0x7ffecc8b8000
mmap(0x7ffecc8c0000, 2185184, PROT_READ|PROT_EXEC, MAP_PRIVATE|MAP_FIXED|MAP_DENYWRITE, 3, 0) = 0x7ffecc8c0000
munmap(0x7ffecc8b8000, 32768)           = 0
munmap(0x7ffeccad8000, 22496)           = 0
mprotect(0x7ffeccabc000, 32768, PROT_NONE) = 0
mmap(0x7ffeccac4000, 65536, PROT_READ|PROT_WRITE, MAP_PRIVATE|MAP_FIXED|MAP_DENYWRITE, 3, 0x204000) = 0x7ffeccac4000
mmap(0x7ffeccad4000, 6112, PROT_READ|PROT_WRITE, MAP_PRIVATE|MAP_FIXED|MAP_ANONYMOUS, -1, 0) = 0x7ffeccad4000
close(3)                                = 0
openat(AT_FDCWD, "/lib/aarch64-linux-gnu/libgcc_s.so.1", O_RDONLY|O_CLOEXEC) = 3
read(3, "\177ELF\2\1\1\0\0\0\0\0\0\0\0\0\3\0\267\0\1\0\0\0\0\0\0\0\0\0\0\0"..., 832) = 832
newfstatat(3, "", {st_mode=S_IFREG|0644, st_size=133448, ...}, AT_EMPTY_PATH) = 0
mmap(NULL, 262856, PROT_NONE, MAP_PRIVATE|MAP_ANONYMOUS, -1, 0) = 0x7ffecc87c000
mmap(0x7ffecc880000, 197320, PROT_READ|PROT_EXEC, MAP_PRIVATE|MAP_FIXED|MAP_DENYWRITE, 3, 0) = 0x7ffecc880000
munmap(0x7ffecc87c000, 16384)           = 0
munmap(0x7ffecc8b4000, 33480)           = 0
mprotect(0x7ffecc894000, 98304, PROT_NONE) = 0
mmap(0x7ffecc8ac000, 32768, PROT_READ|PROT_WRITE, MAP_PRIVATE|MAP_FIXED|MAP_DENYWRITE, 3, 0x1c000) = 0x7ffecc8ac000
close(3)                                = 0
openat(AT_FDCWD, "/lib/aarch64-linux-gnu/libz.so.1", O_RDONLY|O_CLOEXEC) = 3
read(3, "\177ELF\2\1\1\0\0\0\0\0\0\0\0\0\3\0\267\0\1\0\0\0\0\0\0\0\0\0\0\0"..., 832) = 832
newfstatat(3, "", {st_mode=S_IFREG|0644, st_size=133520, ...}, AT_EMPTY_PATH) = 0
mmap(NULL, 262560, PROT_NONE, MAP_PRIVATE|MAP_ANONYMOUS, -1, 0) = 0x7ffecc83c000
mmap(0x7ffecc840000, 197024, PROT_READ|PROT_EXEC, MAP_PRIVATE|MAP_FIXED|MAP_DENYWRITE, 3, 0) = 0x7ffecc840000
munmap(0x7ffecc83c000, 16384)           = 0
munmap(0x7ffecc874000, 33184)           = 0
mprotect(0x7ffecc85c000, 65536, PROT_NONE) = 0
mmap(0x7ffecc86c000, 32768, PROT_READ|PROT_WRITE, MAP_PRIVATE|MAP_FIXED|MAP_DENYWRITE, 3, 0x1c000) = 0x7ffecc86c000
close(3)                                = 0
openat(AT_FDCWD, "/lib/aarch64-linux-gnu/libGLX.so.0", O_RDONLY|O_CLOEXEC) = 3
read(3, "\177ELF\2\1\1\0\0\0\0\0\0\0\0\0\3\0\267\0\1\0\0\0\0\0\0\0\0\0\0\0"..., 832) = 832
newfstatat(3, "", {st_mode=S_IFREG|0644, st_size=199032, ...}, AT_EMPTY_PATH) = 0
mmap(NULL, 394512, PROT_NONE, MAP_PRIVATE|MAP_ANONYMOUS, -1, 0) = 0x7ffecc7dc000
mmap(0x7ffecc7e0000, 328976, PROT_READ|PROT_EXEC, MAP_PRIVATE|MAP_FIXED|MAP_DENYWRITE, 3, 0) = 0x7ffecc7e0000
munmap(0x7ffecc7dc000, 16384)           = 0
munmap(0x7ffecc834000, 34064)           = 0
mprotect(0x7ffecc804000, 98304, PROT_NONE) = 0
mmap(0x7ffecc81c000, 32768, PROT_READ|PROT_WRITE, MAP_PRIVATE|MAP_FIXED|MAP_DENYWRITE, 3, 0x2c000) = 0x7ffecc81c000
mmap(0x7ffecc824000, 50448, PROT_READ|PROT_WRITE, MAP_PRIVATE|MAP_FIXED|MAP_ANONYMOUS, -1, 0) = 0x7ffecc824000
close(3)                                = 0
openat(AT_FDCWD, "/lib/aarch64-linux-gnu/liblapack.so.3", O_RDONLY|O_CLOEXEC) = 3
read(3, "\177ELF\2\1\1\0\0\0\0\0\0\0\0\0\3\0\267\0\1\0\0\0\0\0\0\0\0\0\0\0"..., 832) = 832
newfstatat(3, "", {st_mode=S_IFREG|0644, st_size=5642008, ...}, AT_EMPTY_PATH) = 0
mmap(NULL, 5705912, PROT_NONE, MAP_PRIVATE|MAP_ANONYMOUS, -1, 0) = 0x7ffecc26c000
mmap(0x7ffecc270000, 5640376, PROT_READ|PROT_EXEC, MAP_PRIVATE|MAP_FIXED|MAP_DENYWRITE, 3, 0) = 0x7ffecc270000
munmap(0x7ffecc26c000, 16384)           = 0
munmap(0x7ffecc7d4000, 37048)           = 0
mprotect(0x7ffecc7c0000, 49152, PROT_NONE) = 0
mmap(0x7ffecc7cc000, 32768, PROT_READ|PROT_WRITE, MAP_PRIVATE|MAP_FIXED|MAP_DENYWRITE, 3, 0x55c000) = 0x7ffecc7cc000
close(3)                                = 0
openat(AT_FDCWD, "/lib/aarch64-linux-gnu/libblas.so.3", O_RDONLY|O_CLOEXEC) = 3
read(3, "\177ELF\2\1\1\0\0\0\0\0\0\0\0\0\3\0\267\0\1\0\0\0\0\0\0\0\0\0\0\0"..., 832) = 832
newfstatat(3, "", {st_mode=S_IFREG|0644, st_size=395032, ...}, AT_EMPTY_PATH) = 0
mmap(NULL, 524312, PROT_NONE, MAP_PRIVATE|MAP_ANONYMOUS, -1, 0) = 0x7ffecc1ec000
mmap(0x7ffecc1f0000, 458776, PROT_READ|PROT_EXEC, MAP_PRIVATE|MAP_FIXED|MAP_DENYWRITE, 3, 0) = 0x7ffecc1f0000
munmap(0x7ffecc1ec000, 16384)           = 0
munmap(0x7ffecc264000, 32792)           = 0
mprotect(0x7ffecc248000, 81920, PROT_NONE) = 0
mmap(0x7ffecc25c000, 32768, PROT_READ|PROT_WRITE, MAP_PRIVATE|MAP_FIXED|MAP_DENYWRITE, 3, 0x5c000) = 0x7ffecc25c000
close(3)                                = 0
openat(AT_FDCWD, "/lib/aarch64-linux-gnu/libtbb.so.12", O_RDONLY|O_CLOEXEC) = 3
read(3, "\177ELF\2\1\1\0\0\0\0\0\0\0\0\0\3\0\267\0\1\0\0\0\0\0\0\0\0\0\0\0"..., 832) = 832
newfstatat(3, "", {st_mode=S_IFREG|0644, st_size=198696, ...}, AT_EMPTY_PATH) = 0
mmap(NULL, 414888, PROT_NONE, MAP_PRIVATE|MAP_ANONYMOUS, -1, 0) = 0x7ffecc188000
mmap(0x7ffecc190000, 349352, PROT_READ|PROT_EXEC, MAP_PRIVATE|MAP_FIXED|MAP_DENYWRITE, 3, 0) = 0x7ffecc190000
munmap(0x7ffecc188000, 32768)           = 0
munmap(0x7ffecc1e8000, 21672)           = 0
mprotect(0x7ffecc1b4000, 98304, PROT_NONE) = 0
mmap(0x7ffecc1cc000, 32768, PROT_READ|PROT_WRITE, MAP_PRIVATE|MAP_FIXED|MAP_DENYWRITE, 3, 0x2c000) = 0x7ffecc1cc000
mmap(0x7ffecc1d4000, 70824, PROT_READ|PROT_WRITE, MAP_PRIVATE|MAP_FIXED|MAP_ANONYMOUS, -1, 0) = 0x7ffecc1d4000
close(3)                                = 0
openat(AT_FDCWD, "/lib/aarch64-linux-gnu/libgdcmDICT.so.3.0", O_RDONLY|O_CLOEXEC) = 3
read(3, "\177ELF\2\1\1\0\0\0\0\0\0\0\0\0\3\0\267\0\1\0\0\0\0\0\0\0\0\0\0\0"..., 832) = 832
newfstatat(3, "", {st_mode=S_IFREG|0644, st_size=3082336, ...}, AT_EMPTY_PATH) = 0
mmap(NULL, 3150304, PROT_NONE, MAP_PRIVATE|MAP_ANONYMOUS, -1, 0) = 0x7ffecbe8c000
mmap(0x7ffecbe90000, 3084768, PROT_READ|PROT_EXEC, MAP_PRIVATE|MAP_FIXED|MAP_DENYWRITE, 3, 0) = 0x7ffecbe90000
munmap(0x7ffecbe8c000, 16384)           = 0
munmap(0x7ffecc184000, 37344)           = 0
mprotect(0x7ffecc040000, 49152, PROT_NONE) = 0
mmap(0x7ffecc04c000, 1277952, PROT_READ|PROT_WRITE, MAP_PRIVATE|MAP_FIXED|MAP_DENYWRITE, 3, 0x1bc000) = 0x7ffecc04c000
close(3)                                = 0
openat(AT_FDCWD, "/lib/aarch64-linux-gnu/libgdcmjpeg8.so.3.0", O_RDONLY|O_CLOEXEC) = 3
read(3, "\177ELF\2\1\1\0\0\0\0\0\0\0\0\0\3\0\267\0\1\0\0\0\0\0\0\0\0\0\0\0"..., 832) = 832
newfstatat(3, "", {st_mode=S_IFREG|0644, st_size=198664, ...}, AT_EMPTY_PATH) = 0
mmap(NULL, 327696, PROT_NONE, MAP_PRIVATE|MAP_ANONYMOUS, -1, 0) = 0x7ffecbe3c000
mmap(0x7ffecbe40000, 262160, PROT_READ|PROT_EXEC, MAP_PRIVATE|MAP_FIXED|MAP_DENYWRITE, 3, 0) = 0x7ffecbe40000
munmap(0x7ffecbe3c000, 16384)           = 0
munmap(0x7ffecbe84000, 32784)           = 0
mprotect(0x7ffecbe68000, 81920, PROT_NONE) = 0
mmap(0x7ffecbe7c000, 32768, PROT_READ|PROT_WRITE, MAP_PRIVATE|MAP_FIXED|MAP_DENYWRITE, 3, 0x2c000) = 0x7ffecbe7c000
close(3)                                = 0
openat(AT_FDCWD, "/lib/aarch64-linux-gnu/libgdcmjpeg12.so.3.0", O_RDONLY|O_CLOEXEC) = 3
read(3, "\177ELF\2\1\1\0\0\0\0\0\0\0\0\0\3\0\267\0\1\0\0\0\0\0\0\0\0\0\0\0"..., 832) = 832
newfstatat(3, "", {st_mode=S_IFREG|0644, st_size=198664, ...}, AT_EMPTY_PATH) = 0
mmap(NULL, 327696, PROT_NONE, MAP_PRIVATE|MAP_ANONYMOUS, -1, 0) = 0x7ffecbdec000
mmap(0x7ffecbdf0000, 262160, PROT_READ|PROT_EXEC, MAP_PRIVATE|MAP_FIXED|MAP_DENYWRITE, 3, 0) = 0x7ffecbdf0000
munmap(0x7ffecbdec000, 16384)           = 0
munmap(0x7ffecbe34000, 32784)           = 0
mprotect(0x7ffecbe18000, 81920, PROT_NONE) = 0
mmap(0x7ffecbe2c000, 32768, PROT_READ|PROT_WRITE, MAP_PRIVATE|MAP_FIXED|MAP_DENYWRITE, 3, 0x2c000) = 0x7ffecbe2c000
close(3)                                = 0
openat(AT_FDCWD, "/lib/aarch64-linux-gnu/libgdcmjpeg16.so.3.0", O_RDONLY|O_CLOEXEC) = 3
read(3, "\177ELF\2\1\1\0\0\0\0\0\0\0\0\0\3\0\267\0\1\0\0\0\0\0\0\0\0\0\0\0"..., 832) = 832
newfstatat(3, "", {st_mode=S_IFREG|0644, st_size=198664, ...}, AT_EMPTY_PATH) = 0
mmap(NULL, 327696, PROT_NONE, MAP_PRIVATE|MAP_ANONYMOUS, -1, 0) = 0x7ffecbd9c000
mmap(0x7ffecbda0000, 262160, PROT_READ|PROT_EXEC, MAP_PRIVATE|MAP_FIXED|MAP_DENYWRITE, 3, 0) = 0x7ffecbda0000
munmap(0x7ffecbd9c000, 16384)           = 0
munmap(0x7ffecbde4000, 32784)           = 0
mprotect(0x7ffecbdc8000, 81920, PROT_NONE) = 0
mmap(0x7ffecbddc000, 32768, PROT_READ|PROT_WRITE, MAP_PRIVATE|MAP_FIXED|MAP_DENYWRITE, 3, 0x2c000) = 0x7ffecbddc000
close(3)                                = 0
openat(AT_FDCWD, "/lib/aarch64-linux-gnu/libcharls.so.2", O_RDONLY|O_CLOEXEC) = 3
read(3, "\177ELF\2\1\1\0\0\0\0\0\0\0\0\0\3\0\267\0\1\0\0\0\0\0\0\0\0\0\0\0"..., 832) = 832
newfstatat(3, "", {st_mode=S_IFREG|0644, st_size=329688, ...}, AT_EMPTY_PATH) = 0
mmap(NULL, 491672, PROT_NONE, MAP_PRIVATE|MAP_ANONYMOUS, -1, 0) = 0x7ffecbd24000
mmap(0x7ffecbd30000, 426136, PROT_READ|PROT_EXEC, MAP_PRIVATE|MAP_FIXED|MAP_DENYWRITE, 3, 0) = 0x7ffecbd30000
munmap(0x7ffecbd24000, 49152)           = 0
munmap(0x7ffecbd9c000, 152)             = 0
mprotect(0x7ffecbd74000, 98304, PROT_NONE) = 0
mmap(0x7ffecbd8c000, 32768, PROT_READ|PROT_WRITE, MAP_PRIVATE|MAP_FIXED|MAP_DENYWRITE, 3, 0x4c000) = 0x7ffecbd8c000
mmap(0x7ffecbd94000, 16536, PROT_READ|PROT_WRITE, MAP_PRIVATE|MAP_FIXED|MAP_ANONYMOUS, -1, 0) = 0x7ffecbd94000
close(3)                                = 0
openat(AT_FDCWD, "/lib/aarch64-linux-gnu/libuuid.so.1", O_RDONLY|O_CLOEXEC) = 3
read(3, "\177ELF\2\1\1\0\0\0\0\0\0\0\0\0\3\0\267\0\1\0\0\0\0\0\0\0\0\0\0\0"..., 832) = 832
newfstatat(3, "", {st_mode=S_IFREG|0644, st_size=67576, ...}, AT_EMPTY_PATH) = 0
mmap(NULL, 196648, PROT_NONE, MAP_PRIVATE|MAP_ANONYMOUS, -1, 0) = 0x7ffecbcfc000
mmap(0x7ffecbd00000, 131112, PROT_READ|PROT_EXEC, MAP_PRIVATE|MAP_FIXED|MAP_DENYWRITE, 3, 0) = 0x7ffecbd00000
munmap(0x7ffecbcfc000, 16384)           = 0
munmap(0x7ffecbd24000, 32808)           = 0
mprotect(0x7ffecbd08000, 81920, PROT_NONE) = 0
mmap(0x7ffecbd1c000, 32768, PROT_READ|PROT_WRITE, MAP_PRIVATE|MAP_FIXED|MAP_DENYWRITE, 3, 0xc000) = 0x7ffecbd1c000
close(3)                                = 0
openat(AT_FDCWD, "/lib/aarch64-linux-gnu/libjson-c.so.5", O_RDONLY|O_CLOEXEC) = 3
read(3, "\177ELF\2\1\1\0\0\0\0\0\0\0\0\0\3\0\267\0\1\0\0\0\0\0\0\0\0\0\0\0"..., 832) = 832
newfstatat(3, "", {st_mode=S_IFREG|0644, st_size=133264, ...}, AT_EMPTY_PATH) = 0
mmap(NULL, 197064, PROT_NONE, MAP_PRIVATE|MAP_ANONYMOUS, -1, 0) = 0x7ffecbccc000
mmap(0x7ffecbcd0000, 131528, PROT_READ|PROT_EXEC, MAP_PRIVATE|MAP_FIXED|MAP_DENYWRITE, 3, 0) = 0x7ffecbcd0000
munmap(0x7ffecbccc000, 16384)           = 0
munmap(0x7ffecbcf4000, 33224)           = 0
mprotect(0x7ffecbce0000, 49152, PROT_NONE) = 0
mmap(0x7ffecbcec000, 32768, PROT_READ|PROT_WRITE, MAP_PRIVATE|MAP_FIXED|MAP_DENYWRITE, 3, 0x1c000) = 0x7ffecbcec000
close(3)                                = 0
openat(AT_FDCWD, "/lib/aarch64-linux-gnu/libgdcmIOD.so.3.0", O_RDONLY|O_CLOEXEC) = 3
read(3, "\177ELF\2\1\1\0\0\0\0\0\0\0\0\0\3\0\267\0\1\0\0\0\0\0\0\0\0\0\0\0"..., 832) = 832
newfstatat(3, "", {st_mode=S_IFREG|0644, st_size=133216, ...}, AT_EMPTY_PATH) = 0
mmap(NULL, 32768, PROT_READ|PROT_WRITE, MAP_PRIVATE|MAP_ANONYMOUS, -1, 0) = 0x7ffecf30c000
mmap(NULL, 262296, PROT_NONE, MAP_PRIVATE|MAP_ANONYMOUS, -1, 0) = 0x7ffecbc8c000
mmap(0x7ffecbc90000, 196760, PROT_READ|PROT_EXEC, MAP_PRIVATE|MAP_FIXED|MAP_DENYWRITE, 3, 0) = 0x7ffecbc90000
munmap(0x7ffecbc8c000, 16384)           = 0
munmap(0x7ffecbcc4000, 32920)           = 0
mprotect(0x7ffecbca4000, 98304, PROT_NONE) = 0
mmap(0x7ffecbcbc000, 32768, PROT_READ|PROT_WRITE, MAP_PRIVATE|MAP_FIXED|MAP_DENYWRITE, 3, 0x1c000) = 0x7ffecbcbc000
close(3)                                = 0
openat(AT_FDCWD, "/lib/aarch64-linux-gnu/libgdcmCommon.so.3.0", O_RDONLY|O_CLOEXEC) = 3
read(3, "\177ELF\2\1\1\3\0\0\0\0\0\0\0\0\3\0\267\0\1\0\0\0\0\0\0\0\0\0\0\0"..., 832) = 832
newfstatat(3, "", {st_mode=S_IFREG|0644, st_size=198784, ...}, AT_EMPTY_PATH) = 0
mmap(NULL, 338400, PROT_NONE, MAP_PRIVATE|MAP_ANONYMOUS, -1, 0) = 0x7ffecbc3c000
mmap(0x7ffecbc40000, 272864, PROT_READ|PROT_EXEC, MAP_PRIVATE|MAP_FIXED|MAP_DENYWRITE, 3, 0) = 0x7ffecbc40000
munmap(0x7ffecbc3c000, 16384)           = 0
munmap(0x7ffecbc84000, 43488)           = 0
mprotect(0x7ffecbc64000, 98304, PROT_NONE) = 0
mmap(0x7ffecbc7c000, 32768, PROT_READ|PROT_WRITE, MAP_PRIVATE|MAP_FIXED|MAP_DENYWRITE, 3, 0x2c000) = 0x7ffecbc7c000
close(3)                                = 0
openat(AT_FDCWD, "/lib/aarch64-linux-gnu/libzstd.so.1", O_RDONLY|O_CLOEXEC) = 3
read(3, "\177ELF\2\1\1\0\0\0\0\0\0\0\0\0\3\0\267\0\1\0\0\0\0\0\0\0\0\0\0\0"..., 832) = 832
newfstatat(3, "", {st_mode=S_IFREG|0644, st_size=657352, ...}, AT_EMPTY_PATH) = 0
mmap(NULL, 786592, PROT_NONE, MAP_PRIVATE|MAP_ANONYMOUS, -1, 0) = 0x7ffecbb7c000
mmap(0x7ffecbb80000, 721056, PROT_READ|PROT_EXEC, MAP_PRIVATE|MAP_FIXED|MAP_DENYWRITE, 3, 0) = 0x7ffecbb80000
munmap(0x7ffecbb7c000, 16384)           = 0
munmap(0x7ffecbc34000, 32928)           = 0
mprotect(0x7ffecbc20000, 49152, PROT_NONE) = 0
mmap(0x7ffecbc2c000, 32768, PROT_READ|PROT_WRITE, MAP_PRIVATE|MAP_FIXED|MAP_DENYWRITE, 3, 0x9c000) = 0x7ffecbc2c000
close(3)                                = 0
openat(AT_FDCWD, "/lib/aarch64-linux-gnu/liblzma.so.5", O_RDONLY|O_CLOEXEC) = 3
read(3, "\177ELF\2\1\1\0\0\0\0\0\0\0\0\0\3\0\267\0\1\0\0\0\0\0\0\0\0\0\0\0"..., 832) = 832
newfstatat(3, "", {st_mode=S_IFREG|0644, st_size=198584, ...}, AT_EMPTY_PATH) = 0
mmap(NULL, 327696, PROT_NONE, MAP_PRIVATE|MAP_ANONYMOUS, -1, 0) = 0x7ffecbb2c000
mmap(0x7ffecbb30000, 262160, PROT_READ|PROT_EXEC, MAP_PRIVATE|MAP_FIXED|MAP_DENYWRITE, 3, 0) = 0x7ffecbb30000
munmap(0x7ffecbb2c000, 16384)           = 0
munmap(0x7ffecbb74000, 32784)           = 0
mprotect(0x7ffecbb5c000, 65536, PROT_NONE) = 0
mmap(0x7ffecbb6c000, 32768, PROT_READ|PROT_WRITE, MAP_PRIVATE|MAP_FIXED|MAP_DENYWRITE, 3, 0x2c000) = 0x7ffecbb6c000
close(3)                                = 0
openat(AT_FDCWD, "/lib/aarch64-linux-gnu/libLerc.so.4", O_RDONLY|O_CLOEXEC) = 3
read(3, "\177ELF\2\1\1\0\0\0\0\0\0\0\0\0\3\0\267\0\1\0\0\0\0\0\0\0\0\0\0\0"..., 832) = 832
newfstatat(3, "", {st_mode=S_IFREG|0644, st_size=591816, ...}, AT_EMPTY_PATH) = 0
mmap(NULL, 720928, PROT_NONE, MAP_PRIVATE|MAP_ANONYMOUS, -1, 0) = 0x7ffecba7c000
mmap(0x7ffecba80000, 655392, PROT_READ|PROT_EXEC, MAP_PRIVATE|MAP_FIXED|MAP_DENYWRITE, 3, 0) = 0x7ffecba80000
munmap(0x7ffecba7c000, 16384)           = 0
munmap(0x7ffecbb24000, 32800)           = 0
mprotect(0x7ffecbb04000, 98304, PROT_NONE) = 0
mmap(0x7ffecbb1c000, 32768, PROT_READ|PROT_WRITE, MAP_PRIVATE|MAP_FIXED|MAP_DENYWRITE, 3, 0x8c000) = 0x7ffecbb1c000
close(3)                                = 0
openat(AT_FDCWD, "/lib/aarch64-linux-gnu/libjbig.so.0", O_RDONLY|O_CLOEXEC) = 3
read(3, "\177ELF\2\1\1\0\0\0\0\0\0\0\0\0\3\0\267\0\1\0\0\0\0\0\0\0\0\0\0\0"..., 832) = 832
newfstatat(3, "", {st_mode=S_IFREG|0644, st_size=78448, ...}, AT_EMPTY_PATH) = 0
mmap(NULL, 207640, PROT_NONE, MAP_PRIVATE|MAP_ANONYMOUS, -1, 0) = 0x7ffecba4c000
mmap(0x7ffecba50000, 142104, PROT_READ|PROT_EXEC, MAP_PRIVATE|MAP_FIXED|MAP_DENYWRITE, 3, 0) = 0x7ffecba50000
munmap(0x7ffecba4c000, 16384)           = 0
munmap(0x7ffecba74000, 43800)           = 0
mprotect(0x7ffecba5c000, 65536, PROT_NONE) = 0
mmap(0x7ffecba6c000, 32768, PROT_READ|PROT_WRITE, MAP_PRIVATE|MAP_FIXED|MAP_DENYWRITE, 3, 0xc000) = 0x7ffecba6c000
close(3)                                = 0
openat(AT_FDCWD, "/lib/aarch64-linux-gnu/libdeflate.so.0", O_RDONLY|O_CLOEXEC) = 3
read(3, "\177ELF\2\1\1\0\0\0\0\0\0\0\0\0\3\0\267\0\1\0\0\0\0\0\0\0\0\0\0\0"..., 832) = 832
newfstatat(3, "", {st_mode=S_IFREG|0644, st_size=132920, ...}, AT_EMPTY_PATH) = 0
mmap(NULL, 262192, PROT_NONE, MAP_PRIVATE|MAP_ANONYMOUS, -1, 0) = 0x7ffecba0c000
mmap(0x7ffecba10000, 196656, PROT_READ|PROT_EXEC, MAP_PRIVATE|MAP_FIXED|MAP_DENYWRITE, 3, 0) = 0x7ffecba10000
munmap(0x7ffecba0c000, 16384)           = 0
munmap(0x7ffecba44000, 32816)           = 0
mprotect(0x7ffecba30000, 49152, PROT_NONE) = 0
mmap(0x7ffecba3c000, 32768, PROT_READ|PROT_WRITE, MAP_PRIVATE|MAP_FIXED|MAP_DENYWRITE, 3, 0x1c000) = 0x7ffecba3c000
close(3)                                = 0
openat(AT_FDCWD, "/lib/aarch64-linux-gnu/libImath-3_1.so.29", O_RDONLY|O_CLOEXEC) = 3
read(3, "\177ELF\2\1\1\0\0\0\0\0\0\0\0\0\3\0\267\0\1\0\0\0\0\0\0\0\0\0\0\0"..., 832) = 832
newfstatat(3, "", {st_mode=S_IFREG|0644, st_size=329504, ...}, AT_EMPTY_PATH) = 0
mmap(NULL, 459160, PROT_NONE, MAP_PRIVATE|MAP_ANONYMOUS, -1, 0) = 0x7ffecb99c000
mmap(0x7ffecb9a0000, 393624, PROT_READ|PROT_EXEC, MAP_PRIVATE|MAP_FIXED|MAP_DENYWRITE, 3, 0) = 0x7ffecb9a0000
munmap(0x7ffecb99c000, 16384)           = 0
munmap(0x7ffecba04000, 33176)           = 0
mprotect(0x7ffecb9ec000, 65536, PROT_NONE) = 0
mmap(0x7ffecb9fc000, 32768, PROT_READ|PROT_WRITE, MAP_PRIVATE|MAP_FIXED|MAP_DENYWRITE, 3, 0x4c000) = 0x7ffecb9fc000
close(3)                                = 0
openat(AT_FDCWD, "/lib/aarch64-linux-gnu/libIlmThread-3_1.so.30", O_RDONLY|O_CLOEXEC) = 3
read(3, "\177ELF\2\1\1\0\0\0\0\0\0\0\0\0\3\0\267\0\1\0\0\0\0\0\0\0\0\0\0\0"..., 832) = 832
newfstatat(3, "", {st_mode=S_IFREG|0644, st_size=67688, ...}, AT_EMPTY_PATH) = 0
mmap(NULL, 196664, PROT_NONE, MAP_PRIVATE|MAP_ANONYMOUS, -1, 0) = 0x7ffecb96c000
mmap(0x7ffecb970000, 131128, PROT_READ|PROT_EXEC, MAP_PRIVATE|MAP_FIXED|MAP_DENYWRITE, 3, 0) = 0x7ffecb970000
munmap(0x7ffecb96c000, 16384)           = 0
munmap(0x7ffecb994000, 32824)           = 0
mprotect(0x7ffecb978000, 81920, PROT_NONE) = 0
mmap(0x7ffecb98c000, 32768, PROT_READ|PROT_WRITE, MAP_PRIVATE|MAP_FIXED|MAP_DENYWRITE, 3, 0xc000) = 0x7ffecb98c000
close(3)                                = 0
openat(AT_FDCWD, "/lib/aarch64-linux-gnu/libIex-3_1.so.30", O_RDONLY|O_CLOEXEC) = 3
read(3, "\177ELF\2\1\1\0\0\0\0\0\0\0\0\0\3\0\267\0\1\0\0\0\0\0\0\0\0\0\0\0"..., 832) = 832
newfstatat(3, "", {st_mode=S_IFREG|0644, st_size=591976, ...}, AT_EMPTY_PATH) = 0
mmap(NULL, 720936, PROT_NONE, MAP_PRIVATE|MAP_ANONYMOUS, -1, 0) = 0x7ffecb8bc000
mmap(0x7ffecb8c0000, 655400, PROT_READ|PROT_EXEC, MAP_PRIVATE|MAP_FIXED|MAP_DENYWRITE, 3, 0) = 0x7ffecb8c0000
munmap(0x7ffecb8bc000, 16384)           = 0
munmap(0x7ffecb964000, 32808)           = 0
mprotect(0x7ffecb944000, 81920, PROT_NONE) = 0
mmap(0x7ffecb958000, 49152, PROT_READ|PROT_WRITE, MAP_PRIVATE|MAP_FIXED|MAP_DENYWRITE, 3, 0x88000) = 0x7ffecb958000
close(3)                                = 0
openat(AT_FDCWD, "/lib/aarch64-linux-gnu/libcurl-gnutls.so.4", O_RDONLY|O_CLOEXEC) = 3
read(3, "\177ELF\2\1\1\0\0\0\0\0\0\0\0\0\3\0\267\0\1\0\0\0\0\0\0\0\0\0\0\0"..., 832) = 832
newfstatat(3, "", {st_mode=S_IFREG|0644, st_size=666760, ...}, AT_EMPTY_PATH) = 0
mmap(NULL, 796944, PROT_NONE, MAP_PRIVATE|MAP_ANONYMOUS, -1, 0) = 0x7ffecb7fc000
mmap(0x7ffecb800000, 731408, PROT_READ|PROT_EXEC, MAP_PRIVATE|MAP_FIXED|MAP_DENYWRITE, 3, 0) = 0x7ffecb800000
munmap(0x7ffecb7fc000, 16384)           = 0
munmap(0x7ffecb8b4000, 43280)           = 0
mprotect(0x7ffecb8a0000, 49152, PROT_NONE) = 0
mmap(0x7ffecb8ac000, 32768, PROT_READ|PROT_WRITE, MAP_PRIVATE|MAP_FIXED|MAP_DENYWRITE, 3, 0x9c000) = 0x7ffecb8ac000
close(3)                                = 0
openat(AT_FDCWD, "/lib/aarch64-linux-gnu/libodbc.so.2", O_RDONLY|O_CLOEXEC) = 3
read(3, "\177ELF\2\1\1\0\0\0\0\0\0\0\0\0\3\0\267\0\1\0\0\0\0\0\0\0\0\0\0\0"..., 832) = 832
newfstatat(3, "", {st_mode=S_IFREG|0644, st_size=422760, ...}, AT_EMPTY_PATH) = 0
mmap(NULL, 565832, PROT_NONE, MAP_PRIVATE|MAP_ANONYMOUS, -1, 0) = 0x7ffecb774000
mmap(0x7ffecb780000, 500296, PROT_READ|PROT_EXEC, MAP_PRIVATE|MAP_FIXED|MAP_DENYWRITE, 3, 0) = 0x7ffecb780000
munmap(0x7ffecb774000, 49152)           = 0
munmap(0x7ffecb7fc000, 8776)            = 0
mprotect(0x7ffecb7e0000, 49152, PROT_NONE) = 0
mmap(0x7ffecb7ec000, 49152, PROT_READ|PROT_WRITE, MAP_PRIVATE|MAP_FIXED|MAP_DENYWRITE, 3, 0x5c000) = 0x7ffecb7ec000
mmap(0x7ffecb7f8000, 8776, PROT_READ|PROT_WRITE, MAP_PRIVATE|MAP_FIXED|MAP_ANONYMOUS, -1, 0) = 0x7ffecb7f8000
close(3)                                = 0
openat(AT_FDCWD, "/lib/aarch64-linux-gnu/libodbcinst.so.2", O_RDONLY|O_CLOEXEC) = 3
read(3, "\177ELF\2\1\1\0\0\0\0\0\0\0\0\0\3\0\267\0\1\0\0\0\0\0\0\0\0\0\0\0"..., 832) = 832
newfstatat(3, "", {st_mode=S_IFREG|0644, st_size=132968, ...}, AT_EMPTY_PATH) = 0
mmap(NULL, 274648, PROT_NONE, MAP_PRIVATE|MAP_ANONYMOUS, -1, 0) = 0x7ffecb73c000
mmap(0x7ffecb740000, 209112, PROT_READ|PROT_EXEC, MAP_PRIVATE|MAP_FIXED|MAP_DENYWRITE, 3, 0) = 0x7ffecb740000
munmap(0x7ffecb73c000, 16384)           = 0
munmap(0x7ffecb774000, 45272)           = 0
mprotect(0x7ffecb754000, 98304, PROT_NONE) = 0
mmap(0x7ffecb76c000, 32768, PROT_READ|PROT_WRITE, MAP_PRIVATE|MAP_FIXED|MAP_DENYWRITE, 3, 0x1c000) = 0x7ffecb76c000
close(3)                                = 0
openat(AT_FDCWD, "/lib/aarch64-linux-gnu/libxml2.so.2", O_RDONLY|O_CLOEXEC) = 3
read(3, "\177ELF\2\1\1\0\0\0\0\0\0\0\0\0\3\0\267\0\1\0\0\0\0\0\0\0\0\0\0\0"..., 832) = 832
newfstatat(3, "", {st_mode=S_IFREG|0644, st_size=1708736, ...}, AT_EMPTY_PATH) = 0
mmap(NULL, 1842136, PROT_NONE, MAP_PRIVATE|MAP_ANONYMOUS, -1, 0) = 0x7ffecb57c000
mmap(0x7ffecb580000, 1776600, PROT_READ|PROT_EXEC, MAP_PRIVATE|MAP_FIXED|MAP_DENYWRITE, 3, 0) = 0x7ffecb580000
munmap(0x7ffecb57c000, 16384)           = 0
munmap(0x7ffecb734000, 39896)           = 0
mprotect(0x7ffecb718000, 49152, PROT_NONE) = 0
mmap(0x7ffecb724000, 65536, PROT_READ|PROT_WRITE, MAP_PRIVATE|MAP_FIXED|MAP_DENYWRITE, 3, 0x194000) = 0x7ffecb724000
close(3)                                = 0
openat(AT_FDCWD, "/lib/aarch64-linux-gnu/libcrypto.so.3", O_RDONLY|O_CLOEXEC) = 3
read(3, "\177ELF\2\1\1\0\0\0\0\0\0\0\0\0\3\0\267\0\1\0\0\0\0\0\0\0\0\0\0\0"..., 832) = 832
newfstatat(3, "", {st_mode=S_IFREG|0644, st_size=4663464, ...}, AT_EMPTY_PATH) = 0
mmap(NULL, 4739752, PROT_NONE, MAP_PRIVATE|MAP_ANONYMOUS, -1, 0) = 0x7ffecb0f8000
mmap(0x7ffecb100000, 4674216, PROT_READ|PROT_EXEC, MAP_PRIVATE|MAP_FIXED|MAP_DENYWRITE, 3, 0) = 0x7ffecb100000
munmap(0x7ffecb0f8000, 32768)           = 0
munmap(0x7ffecb578000, 21160)           = 0
mprotect(0x7ffecb508000, 49152, PROT_NONE) = 0
mmap(0x7ffecb514000, 393216, PROT_READ|PROT_WRITE, MAP_PRIVATE|MAP_FIXED|MAP_DENYWRITE, 3, 0x414000) = 0x7ffecb514000
mmap(0x7ffecb574000, 4776, PROT_READ|PROT_WRITE, MAP_PRIVATE|MAP_FIXED|MAP_ANONYMOUS, -1, 0) = 0x7ffecb574000
close(3)                                = 0
openat(AT_FDCWD, "/lib/aarch64-linux-gnu/liblz4.so.1", O_RDONLY|O_CLOEXEC) = 3
read(3, "\177ELF\2\1\1\0\0\0\0\0\0\0\0\0\3\0\267\0\1\0\0\0\0\0\0\0\0\0\0\0"..., 832) = 832
newfstatat(3, "", {st_mode=S_IFREG|0644, st_size=199056, ...}, AT_EMPTY_PATH) = 0
mmap(NULL, 328176, PROT_NONE, MAP_PRIVATE|MAP_ANONYMOUS, -1, 0) = 0x7ffecb0ac000
mmap(0x7ffecb0b0000, 262640, PROT_READ|PROT_EXEC, MAP_PRIVATE|MAP_FIXED|MAP_DENYWRITE, 3, 0) = 0x7ffecb0b0000
munmap(0x7ffecb0ac000, 16384)           = 0
munmap(0x7ffecb0f4000, 33264)           = 0
mprotect(0x7ffecb0d4000, 98304, PROT_NONE) = 0
mmap(0x7ffecb0ec000, 32768, PROT_READ|PROT_WRITE, MAP_PRIVATE|MAP_FIXED|MAP_DENYWRITE, 3, 0x2c000) = 0x7ffecb0ec000
close(3)                                = 0
openat(AT_FDCWD, "/lib/aarch64-linux-gnu/libblosc.so.1", O_RDONLY|O_CLOEXEC) = 3
read(3, "\177ELF\2\1\1\0\0\0\0\0\0\0\0\0\3\0\267\0\1\0\0\0\0\0\0\0\0\0\0\0"..., 832) = 832
newfstatat(3, "", {st_mode=S_IFREG|0644, st_size=67360, ...}, AT_EMPTY_PATH) = 0
mmap(NULL, 196984, PROT_NONE, MAP_PRIVATE|MAP_ANONYMOUS, -1, 0) = 0x7ffecb07c000
mmap(0x7ffecb080000, 131448, PROT_READ|PROT_EXEC, MAP_PRIVATE|MAP_FIXED|MAP_DENYWRITE, 3, 0) = 0x7ffecb080000
munmap(0x7ffecb07c000, 16384)           = 0
munmap(0x7ffecb0a4000, 33144)           = 0
mprotect(0x7ffecb088000, 81920, PROT_NONE) = 0
mmap(0x7ffecb09c000, 32768, PROT_READ|PROT_WRITE, MAP_PRIVATE|MAP_FIXED|MAP_DENYWRITE, 3, 0xc000) = 0x7ffecb09c000
close(3)                                = 0
openat(AT_FDCWD, "/lib/libarmadillo.so.11", O_RDONLY|O_CLOEXEC) = 3
read(3, "\177ELF\2\1\1\0\0\0\0\0\0\0\0\0\3\0\267\0\1\0\0\0\0\0\0\0\0\0\0\0"..., 832) = 832
newfstatat(3, "", {st_mode=S_IFREG|0644, st_size=69448, ...}, AT_EMPTY_PATH) = 0
mmap(NULL, 198648, PROT_NONE, MAP_PRIVATE|MAP_ANONYMOUS, -1, 0) = 0x7ffecb04c000
mmap(0x7ffecb050000, 133112, PROT_READ|PROT_EXEC, MAP_PRIVATE|MAP_FIXED|MAP_DENYWRITE, 3, 0) = 0x7ffecb050000
munmap(0x7ffecb04c000, 16384)           = 0
munmap(0x7ffecb074000, 34808)           = 0
mprotect(0x7ffecb060000, 49152, PROT_NONE) = 0
mmap(0x7ffecb06c000, 32768, PROT_READ|PROT_WRITE, MAP_PRIVATE|MAP_FIXED|MAP_DENYWRITE, 3, 0xc000) = 0x7ffecb06c000
close(3)                                = 0
openat(AT_FDCWD, "/lib/aarch64-linux-gnu/libqhull_r.so.8.0", O_RDONLY|O_CLOEXEC) = 3
read(3, "\177ELF\2\1\1\0\0\0\0\0\0\0\0\0\3\0\267\0\1\0\0\0\0\0\0\0\0\0\0\0"..., 832) = 832
newfstatat(3, "", {st_mode=S_IFREG|0644, st_size=460680, ...}, AT_EMPTY_PATH) = 0
mmap(NULL, 589952, PROT_NONE, MAP_PRIVATE|MAP_ANONYMOUS, -1, 0) = 0x7ffecafbc000
mmap(0x7ffecafc0000, 524416, PROT_READ|PROT_EXEC, MAP_PRIVATE|MAP_FIXED|MAP_DENYWRITE, 3, 0) = 0x7ffecafc0000
munmap(0x7ffecafbc000, 16384)           = 0
munmap(0x7ffecb044000, 32896)           = 0
mprotect(0x7ffecb02c000, 65536, PROT_NONE) = 0
mmap(0x7ffecb03c000, 32768, PROT_READ|PROT_WRITE, MAP_PRIVATE|MAP_FIXED|MAP_DENYWRITE, 3, 0x6c000) = 0x7ffecb03c000
close(3)                                = 0
openat(AT_FDCWD, "/lib/aarch64-linux-gnu/libxerces-c-3.2.so", O_RDONLY|O_CLOEXEC) = 3
read(3, "\177ELF\2\1\1\0\0\0\0\0\0\0\0\0\3\0\267\0\1\0\0\0\0\0\0\0\0\0\0\0"..., 832) = 832
newfstatat(3, "", {st_mode=S_IFREG|0644, st_size=3677144, ...}, AT_EMPTY_PATH) = 0
mmap(NULL, 3807672, PROT_NONE, MAP_PRIVATE|MAP_ANONYMOUS, -1, 0) = 0x7ffecac1c000
mmap(0x7ffecac20000, 3742136, PROT_READ|PROT_EXEC, MAP_PRIVATE|MAP_FIXED|MAP_DENYWRITE, 3, 0) = 0x7ffecac20000
munmap(0x7ffecac1c000, 16384)           = 0
munmap(0x7ffecafb4000, 39352)           = 0
mprotect(0x7ffecaf68000, 65536, PROT_NONE) = 0
mmap(0x7ffecaf78000, 245760, PROT_READ|PROT_WRITE, MAP_PRIVATE|MAP_FIXED|MAP_DENYWRITE, 3, 0x348000) = 0x7ffecaf78000
close(3)                                = 0
openat(AT_FDCWD, "/lib/aarch64-linux-gnu/libgeotiff.so.5", O_RDONLY|O_CLOEXEC) = 3
read(3, "\177ELF\2\1\1\0\0\0\0\0\0\0\0\0\3\0\267\0\1\0\0\0\0\0\0\0\0\0\0\0"..., 832) = 832
newfstatat(3, "", {st_mode=S_IFREG|0644, st_size=264136, ...}, AT_EMPTY_PATH) = 0
mmap(NULL, 329984, PROT_NONE, MAP_PRIVATE|MAP_ANONYMOUS, -1, 0) = 0x7ffecabcc000
mmap(0x7ffecabd0000, 264448, PROT_READ|PROT_EXEC, MAP_PRIVATE|MAP_FIXED|MAP_DENYWRITE, 3, 0) = 0x7ffecabd0000
munmap(0x7ffecabcc000, 16384)           = 0
munmap(0x7ffecac14000, 35072)           = 0
mprotect(0x7ffecabfc000, 32768, PROT_NONE) = 0
mmap(0x7ffecac04000, 65536, PROT_READ|PROT_WRITE, MAP_PRIVATE|MAP_FIXED|MAP_DENYWRITE, 3, 0x34000) = 0x7ffecac04000
close(3)                                = 0
openat(AT_FDCWD, "/lib/aarch64-linux-gnu/libheif.so.1", O_RDONLY|O_CLOEXEC) = 3
read(3, "\177ELF\2\1\1\3\0\0\0\0\0\0\0\0\3\0\267\0\1\0\0\0\0\0\0\0\0\0\0\0"..., 832) = 832
newfstatat(3, "", {st_mode=S_IFREG|0644, st_size=657544, ...}, AT_EMPTY_PATH) = 0
mmap(NULL, 723688, PROT_NONE, MAP_PRIVATE|MAP_ANONYMOUS, -1, 0) = 0x7ffecab1c000
mmap(0x7ffecab20000, 658152, PROT_READ|PROT_EXEC, MAP_PRIVATE|MAP_FIXED|MAP_DENYWRITE, 3, 0) = 0x7ffecab20000
munmap(0x7ffecab1c000, 16384)           = 0
munmap(0x7ffecabc4000, 35560)           = 0
mprotect(0x7ffecabb0000, 49152, PROT_NONE) = 0
mmap(0x7ffecabbc000, 32768, PROT_READ|PROT_WRITE, MAP_PRIVATE|MAP_FIXED|MAP_DENYWRITE, 3, 0x9c000) = 0x7ffecabbc000
close(3)                                = 0
openat(AT_FDCWD, "/lib/aarch64-linux-gnu/libpoppler.so.126", O_RDONLY|O_CLOEXEC) = 3
read(3, "\177ELF\2\1\1\3\0\0\0\0\0\0\0\0\3\0\267\0\1\0\0\0\0\0\0\0\0\0\0\0"..., 832) = 832
newfstatat(3, "", {st_mode=S_IFREG|0644, st_size=3700240, ...}, AT_EMPTY_PATH) = 0
mmap(NULL, 3764416, PROT_NONE, MAP_PRIVATE|MAP_ANONYMOUS, -1, 0) = 0x7ffeca788000
mmap(0x7ffeca790000, 3698880, PROT_READ|PROT_EXEC, MAP_PRIVATE|MAP_FIXED|MAP_DENYWRITE, 3, 0) = 0x7ffeca790000
munmap(0x7ffeca788000, 32768)           = 0
munmap(0x7ffecab18000, 28864)           = 0
mprotect(0x7ffecaaac000, 32768, PROT_NONE) = 0
mmap(0x7ffecaab4000, 409600, PROT_READ|PROT_WRITE, MAP_PRIVATE|MAP_FIXED|MAP_DENYWRITE, 3, 0x324000) = 0x7ffecaab4000
close(3)                                = 0
openat(AT_FDCWD, "/lib/aarch64-linux-gnu/libgif.so.7", O_RDONLY|O_CLOEXEC) = 3
read(3, "\177ELF\2\1\1\0\0\0\0\0\0\0\0\0\3\0\267\0\1\0\0\0\0\0\0\0\0\0\0\0"..., 832) = 832
newfstatat(3, "", {st_mode=S_IFREG|0644, st_size=38680, ...}, AT_EMPTY_PATH) = 0
mmap(NULL, 32768, PROT_READ|PROT_WRITE, MAP_PRIVATE|MAP_ANONYMOUS, -1, 0) = 0x7ffecf304000
mmap(NULL, 167952, PROT_NONE, MAP_PRIVATE|MAP_ANONYMOUS, -1, 0) = 0x7ffeca764000
mmap(0x7ffeca770000, 102416, PROT_READ|PROT_EXEC, MAP_PRIVATE|MAP_FIXED|MAP_DENYWRITE, 3, 0) = 0x7ffeca770000
munmap(0x7ffeca764000, 49152)           = 0
munmap(0x7ffeca78c000, 4112)            = 0
mprotect(0x7ffeca77c000, 49152, PROT_NONE) = 0
mmap(0x7ffeca788000, 16384, PROT_READ|PROT_WRITE, MAP_PRIVATE|MAP_FIXED|MAP_DENYWRITE, 3, 0x8000) = 0x7ffeca788000
close(3)                                = 0
openat(AT_FDCWD, "/lib/aarch64-linux-gnu/libnetcdf.so.19", O_RDONLY|O_CLOEXEC) = 3
read(3, "\177ELF\2\1\1\0\0\0\0\0\0\0\0\0\3\0\267\0\1\0\0\0\0\0\0\0\0\0\0\0"..., 832) = 832
newfstatat(3, "", {st_mode=S_IFREG|0644, st_size=1465272, ...}, AT_EMPTY_PATH) = 0
mmap(NULL, 2136216, PROT_NONE, MAP_PRIVATE|MAP_ANONYMOUS, -1, 0) = 0x7ffeca564000
mmap(0x7ffeca570000, 2070680, PROT_READ|PROT_EXEC, MAP_PRIVATE|MAP_FIXED|MAP_DENYWRITE, 3, 0) = 0x7ffeca570000
munmap(0x7ffeca564000, 49152)           = 0
munmap(0x7ffeca76c000, 6296)            = 0
mprotect(0x7ffeca6c0000, 32768, PROT_NONE) = 0
mmap(0x7ffeca6c8000, 65536, PROT_READ|PROT_WRITE, MAP_PRIVATE|MAP_FIXED|MAP_DENYWRITE, 3, 0x158000) = 0x7ffeca6c8000
mmap(0x7ffeca6d8000, 596120, PROT_READ|PROT_WRITE, MAP_PRIVATE|MAP_FIXED|MAP_ANONYMOUS, -1, 0) = 0x7ffeca6d8000
close(3)                                = 0
openat(AT_FDCWD, "/lib/aarch64-linux-gnu/libcfitsio.so.10", O_RDONLY|O_CLOEXEC) = 3
read(3, "\177ELF\2\1\1\0\0\0\0\0\0\0\0\0\3\0\267\0\1\0\0\0\0\0\0\0\0\0\0\0"..., 832) = 832
newfstatat(3, "", {st_mode=S_IFREG|0644, st_size=1523840, ...}, AT_EMPTY_PATH) = 0
mmap(NULL, 3291880, PROT_NONE, MAP_PRIVATE|MAP_ANONYMOUS, -1, 0) = 0x7ffeca24c000
mmap(0x7ffeca250000, 3226344, PROT_READ|PROT_EXEC, MAP_PRIVATE|MAP_FIXED|MAP_DENYWRITE, 3, 0) = 0x7ffeca250000
munmap(0x7ffeca24c000, 16384)           = 0
munmap(0x7ffeca564000, 47848)           = 0
mprotect(0x7ffeca3b4000, 98304, PROT_NONE) = 0
mmap(0x7ffeca3cc000, 32768, PROT_READ|PROT_WRITE, MAP_PRIVATE|MAP_FIXED|MAP_DENYWRITE, 3, 0x16c000) = 0x7ffeca3cc000
mmap(0x7ffeca3d4000, 1637096, PROT_READ|PROT_WRITE, MAP_PRIVATE|MAP_FIXED|MAP_ANONYMOUS, -1, 0) = 0x7ffeca3d4000
close(3)                                = 0
openat(AT_FDCWD, "/lib/aarch64-linux-gnu/libhdf5_serial.so.103", O_RDONLY|O_CLOEXEC) = 3
read(3, "\177ELF\2\1\1\0\0\0\0\0\0\0\0\0\3\0\267\0\1\0\0\0\0\0\0\0\0\0\0\0"..., 832) = 832
newfstatat(3, "", {st_mode=S_IFREG|0644, st_size=3966256, ...}, AT_EMPTY_PATH) = 0
mmap(NULL, 4104072, PROT_NONE, MAP_PRIVATE|MAP_ANONYMOUS, -1, 0) = 0x7ffec9e64000
mmap(0x7ffec9e70000, 4038536, PROT_READ|PROT_EXEC, MAP_PRIVATE|MAP_FIXED|MAP_DENYWRITE, 3, 0) = 0x7ffec9e70000
munmap(0x7ffec9e64000, 49152)           = 0
munmap(0x7ffeca24c000, 8072)            = 0
mprotect(0x7ffeca228000, 49152, PROT_NONE) = 0
mmap(0x7ffeca234000, 81920, PROT_READ|PROT_WRITE, MAP_PRIVATE|MAP_FIXED|MAP_DENYWRITE, 3, 0x3b4000) = 0x7ffeca234000
mmap(0x7ffeca248000, 8072, PROT_READ|PROT_WRITE, MAP_PRIVATE|MAP_FIXED|MAP_ANONYMOUS, -1, 0) = 0x7ffeca248000
close(3)                                = 0
openat(AT_FDCWD, "/lib/aarch64-linux-gnu/libsqlite3.so.0", O_RDONLY|O_CLOEXEC) = 3
read(3, "\177ELF\2\1\1\0\0\0\0\0\0\0\0\0\3\0\267\0\1\0\0\0\0\0\0\0\0\0\0\0"..., 832) = 832
newfstatat(3, "", {st_mode=S_IFREG|0644, st_size=1458912, ...}, AT_EMPTY_PATH) = 0
mmap(NULL, 1524136, PROT_NONE, MAP_PRIVATE|MAP_ANONYMOUS, -1, 0) = 0x7ffec9cf8000
mmap(0x7ffec9d00000, 1458600, PROT_READ|PROT_EXEC, MAP_PRIVATE|MAP_FIXED|MAP_DENYWRITE, 3, 0) = 0x7ffec9d00000
munmap(0x7ffec9cf8000, 32768)           = 0
munmap(0x7ffec9e68000, 16808)           = 0
mprotect(0x7ffec9e50000, 32768, PROT_NONE) = 0
mmap(0x7ffec9e58000, 49152, PROT_READ|PROT_WRITE, MAP_PRIVATE|MAP_FIXED|MAP_DENYWRITE, 3, 0x158000) = 0x7ffec9e58000
mmap(0x7ffec9e64000, 424, PROT_READ|PROT_WRITE, MAP_PRIVATE|MAP_FIXED|MAP_ANONYMOUS, -1, 0) = 0x7ffec9e64000
close(3)                                = 0
openat(AT_FDCWD, "/lib/aarch64-linux-gnu/libpq.so.5", O_RDONLY|O_CLOEXEC) = 3
read(3, "\177ELF\2\1\1\0\0\0\0\0\0\0\0\0\3\0\267\0\1\0\0\0\0\0\0\0\0\0\0\0"..., 832) = 832
newfstatat(3, "", {st_mode=S_IFREG|0644, st_size=395160, ...}, AT_EMPTY_PATH) = 0
mmap(NULL, 459328, PROT_NONE, MAP_PRIVATE|MAP_ANONYMOUS, -1, 0) = 0x7ffec9c8c000
mmap(0x7ffec9c90000, 393792, PROT_READ|PROT_EXEC, MAP_PRIVATE|MAP_FIXED|MAP_DENYWRITE, 3, 0) = 0x7ffec9c90000
munmap(0x7ffec9c8c000, 16384)           = 0
munmap(0x7ffec9cf4000, 33344)           = 0
mprotect(0x7ffec9ce0000, 49152, PROT_NONE) = 0
mmap(0x7ffec9cec000, 32768, PROT_READ|PROT_WRITE, MAP_PRIVATE|MAP_FIXED|MAP_DENYWRITE, 3, 0x5c000) = 0x7ffec9cec000
close(3)                                = 0
openat(AT_FDCWD, "/lib/aarch64-linux-gnu/libkmlbase.so.1", O_RDONLY|O_CLOEXEC) = 3
read(3, "\177ELF\2\1\1\0\0\0\0\0\0\0\0\0\3\0\267\0\1\0\0\0\0\0\0\0\0\0\0\0"..., 832) = 832
newfstatat(3, "", {st_mode=S_IFREG|0644, st_size=133088, ...}, AT_EMPTY_PATH) = 0
mmap(NULL, 263232, PROT_NONE, MAP_PRIVATE|MAP_ANONYMOUS, -1, 0) = 0x7ffec9c4c000
mmap(0x7ffec9c50000, 197696, PROT_READ|PROT_EXEC, MAP_PRIVATE|MAP_FIXED|MAP_DENYWRITE, 3, 0) = 0x7ffec9c50000
munmap(0x7ffec9c4c000, 16384)           = 0
munmap(0x7ffec9c84000, 33856)           = 0
mprotect(0x7ffec9c6c000, 65536, PROT_NONE) = 0
mmap(0x7ffec9c7c000, 32768, PROT_READ|PROT_WRITE, MAP_PRIVATE|MAP_FIXED|MAP_DENYWRITE, 3, 0x1c000) = 0x7ffec9c7c000
close(3)                                = 0
openat(AT_FDCWD, "/lib/aarch64-linux-gnu/libkmldom.so.1", O_RDONLY|O_CLOEXEC) = 3
read(3, "\177ELF\2\1\1\0\0\0\0\0\0\0\0\0\3\0\267\0\1\0\0\0\0\0\0\0\0\0\0\0"..., 832) = 832
newfstatat(3, "", {st_mode=S_IFREG|0644, st_size=661392, ...}, AT_EMPTY_PATH) = 0
mmap(NULL, 790520, PROT_NONE, MAP_PRIVATE|MAP_ANONYMOUS, -1, 0) = 0x7ffec9b8c000
mmap(0x7ffec9b90000, 724984, PROT_READ|PROT_EXEC, MAP_PRIVATE|MAP_FIXED|MAP_DENYWRITE, 3, 0) = 0x7ffec9b90000
munmap(0x7ffec9b8c000, 16384)           = 0
munmap(0x7ffec9c44000, 36856)           = 0
mprotect(0x7ffec9c24000, 81920, PROT_NONE) = 0
mmap(0x7ffec9c38000, 49152, PROT_READ|PROT_WRITE, MAP_PRIVATE|MAP_FIXED|MAP_DENYWRITE, 3, 0x98000) = 0x7ffec9c38000
close(3)                                = 0
openat(AT_FDCWD, "/lib/aarch64-linux-gnu/libkmlengine.so.1", O_RDONLY|O_CLOEXEC) = 3
read(3, "\177ELF\2\1\1\0\0\0\0\0\0\0\0\0\3\0\267\0\1\0\0\0\0\0\0\0\0\0\0\0"..., 832) = 832
newfstatat(3, "", {st_mode=S_IFREG|0644, st_size=264128, ...}, AT_EMPTY_PATH) = 0
mmap(NULL, 393240, PROT_NONE, MAP_PRIVATE|MAP_ANONYMOUS, -1, 0) = 0x7ffec9b2c000
mmap(0x7ffec9b30000, 327704, PROT_READ|PROT_EXEC, MAP_PRIVATE|MAP_FIXED|MAP_DENYWRITE, 3, 0) = 0x7ffec9b30000
munmap(0x7ffec9b2c000, 16384)           = 0
munmap(0x7ffec9b84000, 32792)           = 0
mprotect(0x7ffec9b64000, 98304, PROT_NONE) = 0
mmap(0x7ffec9b7c000, 32768, PROT_READ|PROT_WRITE, MAP_PRIVATE|MAP_FIXED|MAP_DENYWRITE, 3, 0x3c000) = 0x7ffec9b7c000
close(3)                                = 0
openat(AT_FDCWD, "/lib/aarch64-linux-gnu/libfyba.so.0", O_RDONLY|O_CLOEXEC) = 3
read(3, "\177ELF\2\1\1\0\0\0\0\0\0\0\0\0\3\0\267\0\1\0\0\0\0\0\0\0\0\0\0\0"..., 832) = 832
newfstatat(3, "", {st_mode=S_IFREG|0644, st_size=264208, ...}, AT_EMPTY_PATH) = 0
mmap(NULL, 520664, PROT_NONE, MAP_PRIVATE|MAP_ANONYMOUS, -1, 0) = 0x7ffec9ab0000
mmap(0x7ffec9ab0000, 455128, PROT_READ|PROT_EXEC, MAP_PRIVATE|MAP_FIXED|MAP_DENYWRITE, 3, 0) = 0x7ffec9ab0000
munmap(0x7ffec9b20000, 61912)           = 0
mprotect(0x7ffec9ae8000, 81920, PROT_NONE) = 0
mmap(0x7ffec9afc000, 32768, PROT_READ|PROT_WRITE, MAP_PRIVATE|MAP_FIXED|MAP_DENYWRITE, 3, 0x3c000) = 0x7ffec9afc000
mmap(0x7ffec9b04000, 111064, PROT_READ|PROT_WRITE, MAP_PRIVATE|MAP_FIXED|MAP_ANONYMOUS, -1, 0) = 0x7ffec9b04000
close(3)                                = 0
openat(AT_FDCWD, "/lib/aarch64-linux-gnu/libpcre2-8.so.0", O_RDONLY|O_CLOEXEC) = 3
read(3, "\177ELF\2\1\1\0\0\0\0\0\0\0\0\0\3\0\267\0\1\0\0\0\0\0\0\0\0\0\0\0"..., 832) = 832
newfstatat(3, "", {st_mode=S_IFREG|0644, st_size=592440, ...}, AT_EMPTY_PATH) = 0
mmap(NULL, 721648, PROT_NONE, MAP_PRIVATE|MAP_ANONYMOUS, -1, 0) = 0x7ffec99fc000
mmap(0x7ffec9a00000, 656112, PROT_READ|PROT_EXEC, MAP_PRIVATE|MAP_FIXED|MAP_DENYWRITE, 3, 0) = 0x7ffec9a00000
munmap(0x7ffec99fc000, 16384)           = 0
munmap(0x7ffec9aa4000, 33520)           = 0
mprotect(0x7ffec9a88000, 81920, PROT_NONE) = 0
mmap(0x7ffec9a9c000, 32768, PROT_READ|PROT_WRITE, MAP_PRIVATE|MAP_FIXED|MAP_DENYWRITE, 3, 0x8c000) = 0x7ffec9a9c000
close(3)                                = 0
openat(AT_FDCWD, "/lib/aarch64-linux-gnu/libspatialite.so.7", O_RDONLY|O_CLOEXEC) = 3
read(3, "\177ELF\2\1\1\0\0\0\0\0\0\0\0\0\3\0\267\0\1\0\0\0\0\0\0\0\0\0\0\0"..., 832) = 832
newfstatat(3, "", {st_mode=S_IFREG|0644, st_size=7086440, ...}, AT_EMPTY_PATH) = 0
mmap(NULL, 7218592, PROT_NONE, MAP_PRIVATE|MAP_ANONYMOUS, -1, 0) = 0x7ffec931c000
mmap(0x7ffec9320000, 7153056, PROT_READ|PROT_EXEC, MAP_PRIVATE|MAP_FIXED|MAP_DENYWRITE, 3, 0) = 0x7ffec9320000
munmap(0x7ffec931c000, 16384)           = 0
munmap(0x7ffec99f4000, 42400)           = 0
mprotect(0x7ffec99e0000, 49152, PROT_NONE) = 0
mmap(0x7ffec99ec000, 32768, PROT_READ|PROT_WRITE, MAP_PRIVATE|MAP_FIXED|MAP_DENYWRITE, 3, 0x6bc000) = 0x7ffec99ec000
close(3)                                = 0
openat(AT_FDCWD, "/lib/aarch64-linux-gnu/libmariadb.so.3", O_RDONLY|O_CLOEXEC) = 3
read(3, "\177ELF\2\1\1\0\0\0\0\0\0\0\0\0\3\0\267\0\1\0\0\0\0\0\0\0\0\0\0\0"..., 832) = 832
newfstatat(3, "", {st_mode=S_IFREG|0644, st_size=402584, ...}, AT_EMPTY_PATH) = 0
mmap(NULL, 473208, PROT_NONE, MAP_PRIVATE|MAP_ANONYMOUS, -1, 0) = 0x7ffec92ac000
mmap(0x7ffec92b0000, 407672, PROT_READ|PROT_EXEC, MAP_PRIVATE|MAP_FIXED|MAP_DENYWRITE, 3, 0) = 0x7ffec92b0000
munmap(0x7ffec92ac000, 16384)           = 0
munmap(0x7ffec9314000, 47224)           = 0
mprotect(0x7ffec92fc000, 49152, PROT_NONE) = 0
mmap(0x7ffec9308000, 49152, PROT_READ|PROT_WRITE, MAP_PRIVATE|MAP_FIXED|MAP_DENYWRITE, 3, 0x58000) = 0x7ffec9308000
close(3)                                = 0
openat(AT_FDCWD, "/lib/aarch64-linux-gnu/libfreexl.so.1", O_RDONLY|O_CLOEXEC) = 3
read(3, "\177ELF\2\1\1\0\0\0\0\0\0\0\0\0\3\0\267\0\1\0\0\0\0\0\0\0\0\0\0\0"..., 832) = 832
newfstatat(3, "", {st_mode=S_IFREG|0644, st_size=67360, ...}, AT_EMPTY_PATH) = 0
mmap(NULL, 196632, PROT_NONE, MAP_PRIVATE|MAP_ANONYMOUS, -1, 0) = 0x7ffec927c000
mmap(0x7ffec9280000, 131096, PROT_READ|PROT_EXEC, MAP_PRIVATE|MAP_FIXED|MAP_DENYWRITE, 3, 0) = 0x7ffec9280000
munmap(0x7ffec927c000, 16384)           = 0
munmap(0x7ffec92a4000, 32792)           = 0
mprotect(0x7ffec9288000, 81920, PROT_NONE) = 0
mmap(0x7ffec929c000, 32768, PROT_READ|PROT_WRITE, MAP_PRIVATE|MAP_FIXED|MAP_DENYWRITE, 3, 0xc000) = 0x7ffec929c000
close(3)                                = 0
openat(AT_FDCWD, "/lib/libogdi.so.4.1", O_RDONLY|O_CLOEXEC) = 3
read(3, "\177ELF\2\1\1\0\0\0\0\0\0\0\0\0\3\0\267\0\1\0\0\0\0\0\0\0\0\0\0\0"..., 832) = 832
newfstatat(3, "", {st_mode=S_IFREG|0644, st_size=133464, ...}, AT_EMPTY_PATH) = 0
mmap(NULL, 263288, PROT_NONE, MAP_PRIVATE|MAP_ANONYMOUS, -1, 0) = 0x7ffec923c000
mmap(0x7ffec9240000, 197752, PROT_READ|PROT_EXEC, MAP_PRIVATE|MAP_FIXED|MAP_DENYWRITE, 3, 0) = 0x7ffec9240000
munmap(0x7ffec923c000, 16384)           = 0
munmap(0x7ffec9274000, 33912)           = 0
mprotect(0x7ffec925c000, 65536, PROT_NONE) = 0
mmap(0x7ffec926c000, 32768, PROT_READ|PROT_WRITE, MAP_PRIVATE|MAP_FIXED|MAP_DENYWRITE, 3, 0x1c000) = 0x7ffec926c000
close(3)                                = 0
openat(AT_FDCWD, "/lib/aarch64-linux-gnu/libexpat.so.1", O_RDONLY|O_CLOEXEC) = 3
read(3, "\177ELF\2\1\1\0\0\0\0\0\0\0\0\0\3\0\267\0\1\0\0\0\0\0\0\0\0\0\0\0"..., 832) = 832
newfstatat(3, "", {st_mode=S_IFREG|0644, st_size=198712, ...}, AT_EMPTY_PATH) = 0
mmap(NULL, 327840, PROT_NONE, MAP_PRIVATE|MAP_ANONYMOUS, -1, 0) = 0x7ffec91ec000
mmap(0x7ffec91f0000, 262304, PROT_READ|PROT_EXEC, MAP_PRIVATE|MAP_FIXED|MAP_DENYWRITE, 3, 0) = 0x7ffec91f0000
munmap(0x7ffec91ec000, 16384)           = 0
munmap(0x7ffec9234000, 32928)           = 0
mprotect(0x7ffec9214000, 98304, PROT_NONE) = 0
mmap(0x7ffec922c000, 32768, PROT_READ|PROT_WRITE, MAP_PRIVATE|MAP_FIXED|MAP_DENYWRITE, 3, 0x2c000) = 0x7ffec922c000
close(3)                                = 0
openat(AT_FDCWD, "/lib/aarch64-linux-gnu/libgeos_c.so.1", O_RDONLY|O_CLOEXEC) = 3
read(3, "\177ELF\2\1\1\3\0\0\0\0\0\0\0\0\3\0\267\0\1\0\0\0\0\0\0\0\0\0\0\0"..., 832) = 832
newfstatat(3, "", {st_mode=S_IFREG|0644, st_size=329680, ...}, AT_EMPTY_PATH) = 0
mmap(NULL, 393544, PROT_NONE, MAP_PRIVATE|MAP_ANONYMOUS, -1, 0) = 0x7ffec918c000
mmap(0x7ffec9190000, 328008, PROT_READ|PROT_EXEC, MAP_PRIVATE|MAP_FIXED|MAP_DENYWRITE, 3, 0) = 0x7ffec9190000
munmap(0x7ffec918c000, 16384)           = 0
munmap(0x7ffec91e4000, 33096)           = 0
mprotect(0x7ffec91d0000, 49152, PROT_NONE) = 0
mmap(0x7ffec91dc000, 32768, PROT_READ|PROT_WRITE, MAP_PRIVATE|MAP_FIXED|MAP_DENYWRITE, 3, 0x4c000) = 0x7ffec91dc000
close(3)                                = 0
openat(AT_FDCWD, "/lib/aarch64-linux-gnu/libproj.so.25", O_RDONLY|O_CLOEXEC) = 3
read(3, "\177ELF\2\1\1\3\0\0\0\0\0\0\0\0\3\0\267\0\1\0\0\0\0\0\0\0\0\0\0\0"..., 832) = 832
newfstatat(3, "", {st_mode=S_IFREG|0644, st_size=3744568, ...}, AT_EMPTY_PATH) = 0
mmap(NULL, 3817264, PROT_NONE, MAP_PRIVATE|MAP_ANONYMOUS, -1, 0) = 0x7ffec8dec000
mmap(0x7ffec8df0000, 3751728, PROT_READ|PROT_EXEC, MAP_PRIVATE|MAP_FIXED|MAP_DENYWRITE, 3, 0) = 0x7ffec8df0000
munmap(0x7ffec8dec000, 16384)           = 0
munmap(0x7ffec9184000, 48944)           = 0
mprotect(0x7ffec915c000, 32768, PROT_NONE) = 0
mmap(0x7ffec9164000, 131072, PROT_READ|PROT_WRITE, MAP_PRIVATE|MAP_FIXED|MAP_DENYWRITE, 3, 0x374000) = 0x7ffec9164000
close(3)                                = 0
openat(AT_FDCWD, "/lib/libdfalt.so.0", O_RDONLY|O_CLOEXEC) = 3
read(3, "\177ELF\2\1\1\0\0\0\0\0\0\0\0\0\3\0\267\0\1\0\0\0\0\0\0\0\0\0\0\0"..., 832) = 832
newfstatat(3, "", {st_mode=S_IFREG|0644, st_size=527896, ...}, AT_EMPTY_PATH) = 0
mmap(NULL, 825504, PROT_NONE, MAP_PRIVATE|MAP_ANONYMOUS, -1, 0) = 0x7ffec8d24000
mmap(0x7ffec8d30000, 759968, PROT_READ|PROT_EXEC, MAP_PRIVATE|MAP_FIXED|MAP_DENYWRITE, 3, 0) = 0x7ffec8d30000
munmap(0x7ffec8d24000, 49152)           = 0
munmap(0x7ffec8dec000, 6304)            = 0
mprotect(0x7ffec8dac000, 65536, PROT_NONE) = 0
mmap(0x7ffec8dbc000, 32768, PROT_READ|PROT_WRITE, MAP_PRIVATE|MAP_FIXED|MAP_DENYWRITE, 3, 0x7c000) = 0x7ffec8dbc000
mmap(0x7ffec8dc4000, 153760, PROT_READ|PROT_WRITE, MAP_PRIVATE|MAP_FIXED|MAP_ANONYMOUS, -1, 0) = 0x7ffec8dc4000
close(3)                                = 0
openat(AT_FDCWD, "/lib/libmfhdfalt.so.0", O_RDONLY|O_CLOEXEC) = 3
read(3, "\177ELF\2\1\1\0\0\0\0\0\0\0\0\0\3\0\267\0\1\0\0\0\0\0\0\0\0\0\0\0"..., 832) = 832
newfstatat(3, "", {st_mode=S_IFREG|0644, st_size=198680, ...}, AT_EMPTY_PATH) = 0
mmap(NULL, 332008, PROT_NONE, MAP_PRIVATE|MAP_ANONYMOUS, -1, 0) = 0x7ffec8cdc000
mmap(0x7ffec8ce0000, 266472, PROT_READ|PROT_EXEC, MAP_PRIVATE|MAP_FIXED|MAP_DENYWRITE, 3, 0) = 0x7ffec8ce0000
munmap(0x7ffec8cdc000, 16384)           = 0
munmap(0x7ffec8d24000, 37096)           = 0
mprotect(0x7ffec8d08000, 81920, PROT_NONE) = 0
mmap(0x7ffec8d1c000, 32768, PROT_READ|PROT_WRITE, MAP_PRIVATE|MAP_FIXED|MAP_DENYWRITE, 3, 0x2c000) = 0x7ffec8d1c000
close(3)                                = 0
openat(AT_FDCWD, "/lib/aarch64-linux-gnu/libGLdispatch.so.0", O_RDONLY|O_CLOEXEC) = 3
read(3, "\177ELF\2\1\1\0\0\0\0\0\0\0\0\0\3\0\267\0\1\0\0\0\0\0\0\0\0\0\0\0"..., 832) = 832
newfstatat(3, "", {st_mode=S_IFREG|0644, st_size=1575160, ...}, AT_EMPTY_PATH) = 0
mmap(NULL, 1671952, PROT_NONE, MAP_PRIVATE|MAP_ANONYMOUS, -1, 0) = 0x7ffec8b44000
mmap(0x7ffec8b50000, 1606416, PROT_READ|PROT_EXEC, MAP_PRIVATE|MAP_FIXED|MAP_DENYWRITE, 3, 0) = 0x7ffec8b50000
munmap(0x7ffec8b44000, 49152)           = 0
munmap(0x7ffec8cdc000, 784)             = 0
mprotect(0x7ffec8ca8000, 49152, PROT_NONE) = 0
mmap(0x7ffec8cb4000, 131072, PROT_READ|PROT_WRITE, MAP_PRIVATE|MAP_FIXED|MAP_DENYWRITE, 3, 0x164000) = 0x7ffec8cb4000
mmap(0x7ffec8cd4000, 17168, PROT_READ|PROT_WRITE, MAP_PRIVATE|MAP_FIXED|MAP_ANONYMOUS, -1, 0) = 0x7ffec8cd4000
close(3)                                = 0
openat(AT_FDCWD, "/lib/aarch64-linux-gnu/libX11.so.6", O_RDONLY|O_CLOEXEC) = 3
read(3, "\177ELF\2\1\1\0\0\0\0\0\0\0\0\0\3\0\267\0\1\0\0\0\0\0\0\0\0\0\0\0"..., 832) = 832
newfstatat(3, "", {st_mode=S_IFREG|0644, st_size=1329712, ...}, AT_EMPTY_PATH) = 0
mmap(NULL, 1460552, PROT_NONE, MAP_PRIVATE|MAP_ANONYMOUS, -1, 0) = 0x7ffec89e8000
mmap(0x7ffec89f0000, 1395016, PROT_READ|PROT_EXEC, MAP_PRIVATE|MAP_FIXED|MAP_DENYWRITE, 3, 0) = 0x7ffec89f0000
munmap(0x7ffec89e8000, 32768)           = 0
munmap(0x7ffec8b48000, 18760)           = 0
mprotect(0x7ffec8b2c000, 65536, PROT_NONE) = 0
mmap(0x7ffec8b3c000, 49152, PROT_READ|PROT_WRITE, MAP_PRIVATE|MAP_FIXED|MAP_DENYWRITE, 3, 0x13c000) = 0x7ffec8b3c000
close(3)                                = 0
openat(AT_FDCWD, "/lib/aarch64-linux-gnu/libgfortran.so.5", O_RDONLY|O_CLOEXEC) = 3
read(3, "\177ELF\2\1\1\0\0\0\0\0\0\0\0\0\3\0\267\0\1\0\0\0\0\0\0\0\0\0\0\0"..., 832) = 832
newfstatat(3, "", {st_mode=S_IFREG|0644, st_size=1448584, ...}, AT_EMPTY_PATH) = 0
mmap(NULL, 32768, PROT_READ|PROT_WRITE, MAP_PRIVATE|MAP_ANONYMOUS, -1, 0) = 0x7ffecf298000
mmap(NULL, 1578264, PROT_NONE, MAP_PRIVATE|MAP_ANONYMOUS, -1, 0) = 0x7ffec886c000
mmap(0x7ffec8870000, 1512728, PROT_READ|PROT_EXEC, MAP_PRIVATE|MAP_FIXED|MAP_DENYWRITE, 3, 0) = 0x7ffec8870000
munmap(0x7ffec886c000, 16384)           = 0
munmap(0x7ffec89e4000, 38168)           = 0
mprotect(0x7ffec89cc000, 65536, PROT_NONE) = 0
mmap(0x7ffec89dc000, 32768, PROT_READ|PROT_WRITE, MAP_PRIVATE|MAP_FIXED|MAP_DENYWRITE, 3, 0x15c000) = 0x7ffec89dc000
close(3)                                = 0
openat(AT_FDCWD, "/lib/aarch64-linux-gnu/libnghttp2.so.14", O_RDONLY|O_CLOEXEC) = 3
read(3, "\177ELF\2\1\1\0\0\0\0\0\0\0\0\0\3\0\267\0\1\0\0\0\0\0\0\0\0\0\0\0"..., 832) = 832
newfstatat(3, "", {st_mode=S_IFREG|0644, st_size=199032, ...}, AT_EMPTY_PATH) = 0
mmap(NULL, 328152, PROT_NONE, MAP_PRIVATE|MAP_ANONYMOUS, -1, 0) = 0x7ffec881c000
mmap(0x7ffec8820000, 262616, PROT_READ|PROT_EXEC, MAP_PRIVATE|MAP_FIXED|MAP_DENYWRITE, 3, 0) = 0x7ffec8820000
munmap(0x7ffec881c000, 16384)           = 0
munmap(0x7ffec8864000, 33240)           = 0
mprotect(0x7ffec884c000, 65536, PROT_NONE) = 0
mmap(0x7ffec885c000, 32768, PROT_READ|PROT_WRITE, MAP_PRIVATE|MAP_FIXED|MAP_DENYWRITE, 3, 0x2c000) = 0x7ffec885c000
close(3)                                = 0
openat(AT_FDCWD, "/lib/aarch64-linux-gnu/libidn2.so.0", O_RDONLY|O_CLOEXEC) = 3
read(3, "\177ELF\2\1\1\0\0\0\0\0\0\0\0\0\3\0\267\0\1\0\0\0\0\0\0\0\0\0\0\0"..., 832) = 832
newfstatat(3, "", {st_mode=S_IFREG|0644, st_size=198664, ...}, AT_EMPTY_PATH) = 0
mmap(NULL, 327784, PROT_NONE, MAP_PRIVATE|MAP_ANONYMOUS, -1, 0) = 0x7ffec87cc000
mmap(0x7ffec87d0000, 262248, PROT_READ|PROT_EXEC, MAP_PRIVATE|MAP_FIXED|MAP_DENYWRITE, 3, 0) = 0x7ffec87d0000
munmap(0x7ffec87cc000, 16384)           = 0
munmap(0x7ffec8814000, 32872)           = 0
mprotect(0x7ffec8800000, 49152, PROT_NONE) = 0
mmap(0x7ffec880c000, 32768, PROT_READ|PROT_WRITE, MAP_PRIVATE|MAP_FIXED|MAP_DENYWRITE, 3, 0x2c000) = 0x7ffec880c000
close(3)                                = 0
openat(AT_FDCWD, "/lib/aarch64-linux-gnu/librtmp.so.1", O_RDONLY|O_CLOEXEC) = 3
read(3, "\177ELF\2\1\1\0\0\0\0\0\0\0\0\0\3\0\267\0\1\0\0\0\20U\0\0\0\0\0\0"..., 832) = 832
newfstatat(3, "", {st_mode=S_IFREG|0644, st_size=118112, ...}, AT_EMPTY_PATH) = 0
mmap(NULL, 247272, PROT_NONE, MAP_PRIVATE|MAP_ANONYMOUS, -1, 0) = 0x7ffec8790000
mmap(0x7ffec8790000, 181736, PROT_READ|PROT_EXEC, MAP_PRIVATE|MAP_FIXED|MAP_DENYWRITE, 3, 0) = 0x7ffec8790000
munmap(0x7ffec87c0000, 50664)           = 0
mprotect(0x7ffec87ac000, 49152, PROT_NONE) = 0
mmap(0x7ffec87b8000, 32768, PROT_READ|PROT_WRITE, MAP_PRIVATE|MAP_FIXED|MAP_DENYWRITE, 3, 0x18000) = 0x7ffec87b8000
close(3)                                = 0
openat(AT_FDCWD, "/lib/aarch64-linux-gnu/libssh2.so.1", O_RDONLY|O_CLOEXEC) = 3
read(3, "\177ELF\2\1\1\0\0\0\0\0\0\0\0\0\3\0\267\0\1\0\0\0\0\0\0\0\0\0\0\0"..., 832) = 832
newfstatat(3, "", {st_mode=S_IFREG|0644, st_size=248096, ...}, AT_EMPTY_PATH) = 0
mmap(NULL, 377296, PROT_NONE, MAP_PRIVATE|MAP_ANONYMOUS, -1, 0) = 0x7ffec8730000
mmap(0x7ffec8730000, 311760, PROT_READ|PROT_EXEC, MAP_PRIVATE|MAP_FIXED|MAP_DENYWRITE, 3, 0) = 0x7ffec8730000
munmap(0x7ffec8780000, 49616)           = 0
mprotect(0x7ffec876c000, 49152, PROT_NONE) = 0
mmap(0x7ffec8778000, 32768, PROT_READ|PROT_WRITE, MAP_PRIVATE|MAP_FIXED|MAP_DENYWRITE, 3, 0x38000) = 0x7ffec8778000
close(3)                                = 0
openat(AT_FDCWD, "/lib/aarch64-linux-gnu/libpsl.so.5", O_RDONLY|O_CLOEXEC) = 3
read(3, "\177ELF\2\1\1\0\0\0\0\0\0\0\0\0\3\0\267\0\1\0\0\0\0\0\0\0\0\0\0\0"..., 832) = 832
newfstatat(3, "", {st_mode=S_IFREG|0644, st_size=132888, ...}, AT_EMPTY_PATH) = 0
mmap(NULL, 262160, PROT_NONE, MAP_PRIVATE|MAP_ANONYMOUS, -1, 0) = 0x7ffec86ec000
mmap(0x7ffec86f0000, 196624, PROT_READ|PROT_EXEC, MAP_PRIVATE|MAP_FIXED|MAP_DENYWRITE, 3, 0) = 0x7ffec86f0000
munmap(0x7ffec86ec000, 16384)           = 0
munmap(0x7ffec8724000, 32784)           = 0
mprotect(0x7ffec8704000, 98304, PROT_NONE) = 0
mmap(0x7ffec871c000, 32768, PROT_READ|PROT_WRITE, MAP_PRIVATE|MAP_FIXED|MAP_DENYWRITE, 3, 0x1c000) = 0x7ffec871c000
close(3)                                = 0
openat(AT_FDCWD, "/lib/aarch64-linux-gnu/libnettle.so.8", O_RDONLY|O_CLOEXEC) = 3
read(3, "\177ELF\2\1\1\0\0\0\0\0\0\0\0\0\3\0\267\0\1\0\0\0\0\0\0\0\0\0\0\0"..., 832) = 832
newfstatat(3, "", {st_mode=S_IFREG|0644, st_size=329736, ...}, AT_EMPTY_PATH) = 0
mmap(NULL, 458848, PROT_NONE, MAP_PRIVATE|MAP_ANONYMOUS, -1, 0) = 0x7ffec867c000
mmap(0x7ffec8680000, 393312, PROT_READ|PROT_EXEC, MAP_PRIVATE|MAP_FIXED|MAP_DENYWRITE, 3, 0) = 0x7ffec8680000
munmap(0x7ffec867c000, 16384)           = 0
munmap(0x7ffec86e4000, 32864)           = 0
mprotect(0x7ffec86c8000, 81920, PROT_NONE) = 0
mmap(0x7ffec86dc000, 32768, PROT_READ|PROT_WRITE, MAP_PRIVATE|MAP_FIXED|MAP_DENYWRITE, 3, 0x4c000) = 0x7ffec86dc000
close(3)                                = 0
openat(AT_FDCWD, "/lib/aarch64-linux-gnu/libgnutls.so.30", O_RDONLY|O_CLOEXEC) = 3
read(3, "\177ELF\2\1\1\0\0\0\0\0\0\0\0\0\3\0\267\0\1\0\0\0\0\0\0\0\0\0\0\0"..., 832) = 832
newfstatat(3, "", {st_mode=S_IFREG|0644, st_size=2303440, ...}, AT_EMPTY_PATH) = 0
mmap(NULL, 2445120, PROT_NONE, MAP_PRIVATE|MAP_ANONYMOUS, -1, 0) = 0x7ffec8428000
mmap(0x7ffec8430000, 2379584, PROT_READ|PROT_EXEC, MAP_PRIVATE|MAP_FIXED|MAP_DENYWRITE, 3, 0) = 0x7ffec8430000
munmap(0x7ffec8428000, 32768)           = 0
munmap(0x7ffec8678000, 20288)           = 0
mprotect(0x7ffec8648000, 81920, PROT_NONE) = 0
mmap(0x7ffec865c000, 98304, PROT_READ|PROT_WRITE, MAP_PRIVATE|MAP_FIXED|MAP_DENYWRITE, 3, 0x21c000) = 0x7ffec865c000
mmap(0x7ffec8674000, 3904, PROT_READ|PROT_WRITE, MAP_PRIVATE|MAP_FIXED|MAP_ANONYMOUS, -1, 0) = 0x7ffec8674000
close(3)                                = 0
openat(AT_FDCWD, "/lib/aarch64-linux-gnu/libgssapi_krb5.so.2", O_RDONLY|O_CLOEXEC) = 3
read(3, "\177ELF\2\1\1\0\0\0\0\0\0\0\0\0\3\0\267\0\1\0\0\0\0\0\0\0\0\0\0\0"..., 832) = 832
newfstatat(3, "", {st_mode=S_IFREG|0644, st_size=334904, ...}, AT_EMPTY_PATH) = 0
mmap(NULL, 464408, PROT_NONE, MAP_PRIVATE|MAP_ANONYMOUS, -1, 0) = 0x7ffec83bc000
mmap(0x7ffec83c0000, 398872, PROT_READ|PROT_EXEC, MAP_PRIVATE|MAP_FIXED|MAP_DENYWRITE, 3, 0) = 0x7ffec83c0000
munmap(0x7ffec83bc000, 16384)           = 0
munmap(0x7ffec8424000, 38424)           = 0
mprotect(0x7ffec840c000, 65536, PROT_NONE) = 0
mmap(0x7ffec841c000, 32768, PROT_READ|PROT_WRITE, MAP_PRIVATE|MAP_FIXED|MAP_DENYWRITE, 3, 0x4c000) = 0x7ffec841c000
close(3)                                = 0
openat(AT_FDCWD, "/lib/aarch64-linux-gnu/libldap-2.5.so.0", O_RDONLY|O_CLOEXEC) = 3
read(3, "\177ELF\2\1\1\0\0\0\0\0\0\0\0\0\3\0\267\0\1\0\0\0\0\0\0\0\0\0\0\0"..., 832) = 832
newfstatat(3, "", {st_mode=S_IFREG|0644, st_size=396656, ...}, AT_EMPTY_PATH) = 0
mmap(NULL, 535152, PROT_NONE, MAP_PRIVATE|MAP_ANONYMOUS, -1, 0) = 0x7ffec833c000
mmap(0x7ffec8340000, 469616, PROT_READ|PROT_EXEC, MAP_PRIVATE|MAP_FIXED|MAP_DENYWRITE, 3, 0) = 0x7ffec8340000
munmap(0x7ffec833c000, 16384)           = 0
munmap(0x7ffec83b4000, 43632)           = 0
mprotect(0x7ffec839c000, 65536, PROT_NONE) = 0
mmap(0x7ffec83ac000, 32768, PROT_READ|PROT_WRITE, MAP_PRIVATE|MAP_FIXED|MAP_DENYWRITE, 3, 0x5c000) = 0x7ffec83ac000
close(3)                                = 0
openat(AT_FDCWD, "/lib/aarch64-linux-gnu/liblber-2.5.so.0", O_RDONLY|O_CLOEXEC) = 3
read(3, "\177ELF\2\1\1\0\0\0\0\0\0\0\0\0\3\0\267\0\1\0\0\0\0\0\0\0\0\0\0\0"..., 832) = 832
newfstatat(3, "", {st_mode=S_IFREG|0644, st_size=67792, ...}, AT_EMPTY_PATH) = 0
mmap(NULL, 196912, PROT_NONE, MAP_PRIVATE|MAP_ANONYMOUS, -1, 0) = 0x7ffec830c000
mmap(0x7ffec8310000, 131376, PROT_READ|PROT_EXEC, MAP_PRIVATE|MAP_FIXED|MAP_DENYWRITE, 3, 0) = 0x7ffec8310000
munmap(0x7ffec830c000, 16384)           = 0
munmap(0x7ffec8334000, 33072)           = 0
mprotect(0x7ffec8320000, 49152, PROT_NONE) = 0
mmap(0x7ffec832c000, 32768, PROT_READ|PROT_WRITE, MAP_PRIVATE|MAP_FIXED|MAP_DENYWRITE, 3, 0xc000) = 0x7ffec832c000
close(3)                                = 0
openat(AT_FDCWD, "/lib/aarch64-linux-gnu/libbrotlidec.so.1", O_RDONLY|O_CLOEXEC) = 3
read(3, "\177ELF\2\1\1\0\0\0\0\0\0\0\0\0\3\0\267\0\1\0\0\0\0\0\0\0\0\0\0\0"..., 832) = 832
newfstatat(3, "", {st_mode=S_IFREG|0644, st_size=67688, ...}, AT_EMPTY_PATH) = 0
mmap(NULL, 196728, PROT_NONE, MAP_PRIVATE|MAP_ANONYMOUS, -1, 0) = 0x7ffec82dc000
mmap(0x7ffec82e0000, 131192, PROT_READ|PROT_EXEC, MAP_PRIVATE|MAP_FIXED|MAP_DENYWRITE, 3, 0) = 0x7ffec82e0000
munmap(0x7ffec82dc000, 16384)           = 0
munmap(0x7ffec8304000, 32888)           = 0
mprotect(0x7ffec82ec000, 65536, PROT_NONE) = 0
mmap(0x7ffec82fc000, 32768, PROT_READ|PROT_WRITE, MAP_PRIVATE|MAP_FIXED|MAP_DENYWRITE, 3, 0xc000) = 0x7ffec82fc000
close(3)                                = 0
openat(AT_FDCWD, "/lib/aarch64-linux-gnu/libltdl.so.7", O_RDONLY|O_CLOEXEC) = 3
read(3, "\177ELF\2\1\1\0\0\0\0\0\0\0\0\0\3\0\267\0\1\0\0\0\0\0\0\0\0\0\0\0"..., 832) = 832
newfstatat(3, "", {st_mode=S_IFREG|0644, st_size=68080, ...}, AT_EMPTY_PATH) = 0
mmap(NULL, 197288, PROT_NONE, MAP_PRIVATE|MAP_ANONYMOUS, -1, 0) = 0x7ffec82ac000
mmap(0x7ffec82b0000, 131752, PROT_READ|PROT_EXEC, MAP_PRIVATE|MAP_FIXED|MAP_DENYWRITE, 3, 0) = 0x7ffec82b0000
munmap(0x7ffec82ac000, 16384)           = 0
munmap(0x7ffec82d4000, 33448)           = 0
mprotect(0x7ffec82bc000, 65536, PROT_NONE) = 0
mmap(0x7ffec82cc000, 32768, PROT_READ|PROT_WRITE, MAP_PRIVATE|MAP_FIXED|MAP_DENYWRITE, 3, 0xc000) = 0x7ffec82cc000
close(3)                                = 0
openat(AT_FDCWD, "/lib/aarch64-linux-gnu/libicuuc.so.72", O_RDONLY|O_CLOEXEC) = 3
read(3, "\177ELF\2\1\1\0\0\0\0\0\0\0\0\0\3\0\267\0\1\0\0\0\0\0\0\0\0\0\0\0"..., 832) = 832
newfstatat(3, "", {st_mode=S_IFREG|0644, st_size=2099352, ...}, AT_EMPTY_PATH) = 0
mmap(NULL, 2236952, PROT_NONE, MAP_PRIVATE|MAP_ANONYMOUS, -1, 0) = 0x7ffec808c000
mmap(0x7ffec8090000, 2171416, PROT_READ|PROT_EXEC, MAP_PRIVATE|MAP_FIXED|MAP_DENYWRITE, 3, 0) = 0x7ffec8090000
munmap(0x7ffec808c000, 16384)           = 0
munmap(0x7ffec82a4000, 41496)           = 0
mprotect(0x7ffec8278000, 81920, PROT_NONE) = 0
mmap(0x7ffec828c000, 98304, PROT_READ|PROT_WRITE, MAP_PRIVATE|MAP_FIXED|MAP_DENYWRITE, 3, 0x1ec000) = 0x7ffec828c000
close(3)                                = 0
openat(AT_FDCWD, "/lib/aarch64-linux-gnu/libsnappy.so.1", O_RDONLY|O_CLOEXEC) = 3
read(3, "\177ELF\2\1\1\0\0\0\0\0\0\0\0\0\3\0\267\0\1\0\0\0\0\0\0\0\0\0\0\0"..., 832) = 832
newfstatat(3, "", {st_mode=S_IFREG|0644, st_size=67912, ...}, AT_EMPTY_PATH) = 0
mmap(NULL, 197072, PROT_NONE, MAP_PRIVATE|MAP_ANONYMOUS, -1, 0) = 0x7ffec805c000
mmap(0x7ffec8060000, 131536, PROT_READ|PROT_EXEC, MAP_PRIVATE|MAP_FIXED|MAP_DENYWRITE, 3, 0) = 0x7ffec8060000
munmap(0x7ffec805c000, 16384)           = 0
munmap(0x7ffec8084000, 33232)           = 0
mprotect(0x7ffec8068000, 81920, PROT_NONE) = 0
mmap(0x7ffec807c000, 32768, PROT_READ|PROT_WRITE, MAP_PRIVATE|MAP_FIXED|MAP_DENYWRITE, 3, 0xc000) = 0x7ffec807c000
close(3)                                = 0
openat(AT_FDCWD, "/lib/aarch64-linux-gnu/libarpack.so.2", O_RDONLY|O_CLOEXEC) = 3
read(3, "\177ELF\2\1\1\0\0\0\0\0\0\0\0\0\3\0\267\0\1\0\0\0\0\0\0\0\0\0\0\0"..., 832) = 832
newfstatat(3, "", {st_mode=S_IFREG|0644, st_size=265752, ...}, AT_EMPTY_PATH) = 0
mmap(NULL, 397176, PROT_NONE, MAP_PRIVATE|MAP_ANONYMOUS, -1, 0) = 0x7ffec7ffc000
mmap(0x7ffec8000000, 331640, PROT_READ|PROT_EXEC, MAP_PRIVATE|MAP_FIXED|MAP_DENYWRITE, 3, 0) = 0x7ffec8000000
munmap(0x7ffec7ffc000, 16384)           = 0
munmap(0x7ffec8054000, 36728)           = 0
mprotect(0x7ffec803c000, 65536, PROT_NONE) = 0
mmap(0x7ffec804c000, 32768, PROT_READ|PROT_WRITE, MAP_PRIVATE|MAP_FIXED|MAP_DENYWRITE, 3, 0x3c000) = 0x7ffec804c000
close(3)                                = 0
openat(AT_FDCWD, "/lib/aarch64-linux-gnu/libsuperlu.so.5", O_RDONLY|O_CLOEXEC) = 3
read(3, "\177ELF\2\1\1\0\0\0\0\0\0\0\0\0\3\0\267\0\1\0\0\0\0\0\0\0\0\0\0\0"..., 832) = 832
newfstatat(3, "", {st_mode=S_IFREG|0644, st_size=463360, ...}, AT_EMPTY_PATH) = 0
mmap(NULL, 592560, PROT_NONE, MAP_PRIVATE|MAP_ANONYMOUS, -1, 0) = 0x7ffec7f6c000
mmap(0x7ffec7f70000, 527024, PROT_READ|PROT_EXEC, MAP_PRIVATE|MAP_FIXED|MAP_DENYWRITE, 3, 0) = 0x7ffec7f70000
munmap(0x7ffec7f6c000, 16384)           = 0
munmap(0x7ffec7ff4000, 35504)           = 0
mprotect(0x7ffec7fd8000, 81920, PROT_NONE) = 0
mmap(0x7ffec7fec000, 32768, PROT_READ|PROT_WRITE, MAP_PRIVATE|MAP_FIXED|MAP_DENYWRITE, 3, 0x6c000) = 0x7ffec7fec000
close(3)                                = 0
openat(AT_FDCWD, "/lib/aarch64-linux-gnu/libx265.so.199", O_RDONLY|O_CLOEXEC) = 3
read(3, "\177ELF\2\1\1\3\0\0\0\0\0\0\0\0\3\0\267\0\1\0\0\0\0\0\0\0\0\0\0\0"..., 832) = 832
newfstatat(3, "", {st_mode=S_IFREG|0644, st_size=2828696, ...}, AT_EMPTY_PATH) = 0
mmap(NULL, 3024632, PROT_NONE, MAP_PRIVATE|MAP_ANONYMOUS, -1, 0) = 0x7ffec7c8c000
mmap(0x7ffec7c90000, 2959096, PROT_READ|PROT_EXEC, MAP_PRIVATE|MAP_FIXED|MAP_DENYWRITE, 3, 0) = 0x7ffec7c90000
munmap(0x7ffec7c8c000, 16384)           = 0
munmap(0x7ffec7f64000, 42744)           = 0
mprotect(0x7ffec7f3c000, 65536, PROT_NONE) = 0
mmap(0x7ffec7f4c000, 32768, PROT_READ|PROT_WRITE, MAP_PRIVATE|MAP_FIXED|MAP_DENYWRITE, 3, 0x2ac000) = 0x7ffec7f4c000
mmap(0x7ffec7f54000, 59128, PROT_READ|PROT_WRITE, MAP_PRIVATE|MAP_FIXED|MAP_ANONYMOUS, -1, 0) = 0x7ffec7f54000
close(3)                                = 0
openat(AT_FDCWD, "/lib/aarch64-linux-gnu/libde265.so.0", O_RDONLY|O_CLOEXEC) = 3
read(3, "\177ELF\2\1\1\3\0\0\0\0\0\0\0\0\3\0\267\0\1\0\0\0\0\0\0\0\0\0\0\0"..., 832) = 832
newfstatat(3, "", {st_mode=S_IFREG|0644, st_size=395360, ...}, AT_EMPTY_PATH) = 0
mmap(NULL, 541448, PROT_NONE, MAP_PRIVATE|MAP_ANONYMOUS, -1, 0) = 0x7ffec7c08000
mmap(0x7ffec7c10000, 475912, PROT_READ|PROT_EXEC, MAP_PRIVATE|MAP_FIXED|MAP_DENYWRITE, 3, 0) = 0x7ffec7c10000
munmap(0x7ffec7c08000, 32768)           = 0
munmap(0x7ffec7c88000, 17160)           = 0
mprotect(0x7ffec7c68000, 81920, PROT_NONE) = 0
mmap(0x7ffec7c7c000, 32768, PROT_READ|PROT_WRITE, MAP_PRIVATE|MAP_FIXED|MAP_DENYWRITE, 3, 0x5c000) = 0x7ffec7c7c000
mmap(0x7ffec7c84000, 776, PROT_READ|PROT_WRITE, MAP_PRIVATE|MAP_FIXED|MAP_ANONYMOUS, -1, 0) = 0x7ffec7c84000
close(3)                                = 0
openat(AT_FDCWD, "/lib/aarch64-linux-gnu/libdav1d.so.6", O_RDONLY|O_CLOEXEC) = 3
read(3, "\177ELF\2\1\1\0\0\0\0\0\0\0\0\0\3\0\267\0\1\0\0\0\0\0\0\0\0\0\0\0"..., 832) = 832
newfstatat(3, "", {st_mode=S_IFREG|0644, st_size=790448, ...}, AT_EMPTY_PATH) = 0
mmap(NULL, 1130248, PROT_NONE, MAP_PRIVATE|MAP_ANONYMOUS, -1, 0) = 0x7ffec7afc000
mmap(0x7ffec7b00000, 1064712, PROT_READ|PROT_EXEC, MAP_PRIVATE|MAP_FIXED|MAP_DENYWRITE, 3, 0) = 0x7ffec7b00000
munmap(0x7ffec7afc000, 16384)           = 0
munmap(0x7ffec7c04000, 48904)           = 0
mprotect(0x7ffec7bb0000, 49152, PROT_NONE) = 0
mmap(0x7ffec7bbc000, 32768, PROT_READ|PROT_WRITE, MAP_PRIVATE|MAP_FIXED|MAP_DENYWRITE, 3, 0xbc000) = 0x7ffec7bbc000
mmap(0x7ffec7bc4000, 261896, PROT_READ|PROT_WRITE, MAP_PRIVATE|MAP_FIXED|MAP_ANONYMOUS, -1, 0) = 0x7ffec7bc4000
close(3)                                = 0
openat(AT_FDCWD, "/lib/aarch64-linux-gnu/libaom.so.3", O_RDONLY|O_CLOEXEC) = 3
read(3, "\177ELF\2\1\1\0\0\0\0\0\0\0\0\0\3\0\267\0\1\0\0\0\0\0\0\0\0\0\0\0"..., 832) = 832
newfstatat(3, "", {st_mode=S_IFREG|0644, st_size=3629312, ...}, AT_EMPTY_PATH) = 0
mmap(NULL, 4064376, PROT_NONE, MAP_PRIVATE|MAP_ANONYMOUS, -1, 0) = 0x7ffec771c000
mmap(0x7ffec7720000, 3998840, PROT_READ|PROT_EXEC, MAP_PRIVATE|MAP_FIXED|MAP_DENYWRITE, 3, 0) = 0x7ffec7720000
munmap(0x7ffec771c000, 16384)           = 0
munmap(0x7ffec7af4000, 33912)           = 0
mprotect(0x7ffec7a74000, 98304, PROT_NONE) = 0
mmap(0x7ffec7a8c000, 114688, PROT_READ|PROT_WRITE, MAP_PRIVATE|MAP_FIXED|MAP_DENYWRITE, 3, 0x35c000) = 0x7ffec7a8c000
mmap(0x7ffec7aa8000, 296056, PROT_READ|PROT_WRITE, MAP_PRIVATE|MAP_FIXED|MAP_ANONYMOUS, -1, 0) = 0x7ffec7aa8000
close(3)                                = 0
openat(AT_FDCWD, "/lib/aarch64-linux-gnu/libfreetype.so.6", O_RDONLY|O_CLOEXEC) = 3
read(3, "\177ELF\2\1\1\0\0\0\0\0\0\0\0\0\3\0\267\0\1\0\0\0\0\0\0\0\0\0\0\0"..., 832) = 832
newfstatat(3, "", {st_mode=S_IFREG|0644, st_size=788568, ...}, AT_EMPTY_PATH) = 0
mmap(NULL, 32768, PROT_READ|PROT_WRITE, MAP_PRIVATE|MAP_ANONYMOUS, -1, 0) = 0x7ffecef08000
mmap(NULL, 917760, PROT_NONE, MAP_PRIVATE|MAP_ANONYMOUS, -1, 0) = 0x7ffec763c000
mmap(0x7ffec7640000, 852224, PROT_READ|PROT_EXEC, MAP_PRIVATE|MAP_FIXED|MAP_DENYWRITE, 3, 0) = 0x7ffec7640000
munmap(0x7ffec763c000, 16384)           = 0
munmap(0x7ffec7714000, 33024)           = 0
mprotect(0x7ffec76f4000, 81920, PROT_NONE) = 0
mmap(0x7ffec7708000, 49152, PROT_READ|PROT_WRITE, MAP_PRIVATE|MAP_FIXED|MAP_DENYWRITE, 3, 0xb8000) = 0x7ffec7708000
close(3)                                = 0
openat(AT_FDCWD, "/lib/aarch64-linux-gnu/libfontconfig.so.1", O_RDONLY|O_CLOEXEC) = 3
read(3, "\177ELF\2\1\1\0\0\0\0\0\0\0\0\0\3\0\267\0\1\0\0\0\0\0\0\0\0\0\0\0"..., 832) = 832
newfstatat(3, "", {st_mode=S_IFREG|0644, st_size=330656, ...}, AT_EMPTY_PATH) = 0
mmap(NULL, 460360, PROT_NONE, MAP_PRIVATE|MAP_ANONYMOUS, -1, 0) = 0x7ffec75cc000
mmap(0x7ffec75d0000, 394824, PROT_READ|PROT_EXEC, MAP_PRIVATE|MAP_FIXED|MAP_DENYWRITE, 3, 0) = 0x7ffec75d0000
munmap(0x7ffec75cc000, 16384)           = 0
munmap(0x7ffec7634000, 34376)           = 0
mprotect(0x7ffec761c000, 65536, PROT_NONE) = 0
mmap(0x7ffec762c000, 32768, PROT_READ|PROT_WRITE, MAP_PRIVATE|MAP_FIXED|MAP_DENYWRITE, 3, 0x4c000) = 0x7ffec762c000
close(3)                                = 0
openat(AT_FDCWD, "/lib/aarch64-linux-gnu/liblcms2.so.2", O_RDONLY|O_CLOEXEC) = 3
read(3, "\177ELF\2\1\1\0\0\0\0\0\0\0\0\0\3\0\267\0\1\0\0\0\0\0\0\0\0\0\0\0"..., 832) = 832
newfstatat(3, "", {st_mode=S_IFREG|0644, st_size=406248, ...}, AT_EMPTY_PATH) = 0
mmap(NULL, 541936, PROT_NONE, MAP_PRIVATE|MAP_ANONYMOUS, -1, 0) = 0x7ffec7548000
mmap(0x7ffec7550000, 476400, PROT_READ|PROT_EXEC, MAP_PRIVATE|MAP_FIXED|MAP_DENYWRITE, 3, 0) = 0x7ffec7550000
munmap(0x7ffec7548000, 32768)           = 0
munmap(0x7ffec75c8000, 17648)           = 0
mprotect(0x7ffec75ac000, 65536, PROT_NONE) = 0
mmap(0x7ffec75bc000, 32768, PROT_READ|PROT_WRITE, MAP_PRIVATE|MAP_FIXED|MAP_DENYWRITE, 3, 0x5c000) = 0x7ffec75bc000
mmap(0x7ffec75c4000, 1264, PROT_READ|PROT_WRITE, MAP_PRIVATE|MAP_FIXED|MAP_ANONYMOUS, -1, 0) = 0x7ffec75c4000
close(3)                                = 0
openat(AT_FDCWD, "/lib/aarch64-linux-gnu/libnss3.so", O_RDONLY|O_CLOEXEC) = 3
read(3, "\177ELF\2\1\1\0\0\0\0\0\0\0\0\0\3\0\267\0\1\0\0\0\0\0\0\0\0\0\0\0"..., 832) = 832
newfstatat(3, "", {st_mode=S_IFREG|0644, st_size=1381616, ...}, AT_EMPTY_PATH) = 0
mmap(NULL, 1451184, PROT_NONE, MAP_PRIVATE|MAP_ANONYMOUS, -1, 0) = 0x7ffec73ec000
mmap(0x7ffec73f0000, 1385648, PROT_READ|PROT_EXEC, MAP_PRIVATE|MAP_FIXED|MAP_DENYWRITE, 3, 0) = 0x7ffec73f0000
munmap(0x7ffec73ec000, 16384)           = 0
munmap(0x7ffec7544000, 42160)           = 0
mprotect(0x7ffec752c000, 49152, PROT_NONE) = 0
mmap(0x7ffec7538000, 49152, PROT_READ|PROT_WRITE, MAP_PRIVATE|MAP_FIXED|MAP_DENYWRITE, 3, 0x148000) = 0x7ffec7538000
close(3)                                = 0
openat(AT_FDCWD, "/lib/aarch64-linux-gnu/libsmime3.so", O_RDONLY|O_CLOEXEC) = 3
read(3, "\177ELF\2\1\1\0\0\0\0\0\0\0\0\0\3\0\267\0\1\0\0\0\0\0\0\0\0\0\0\0"..., 832) = 832
newfstatat(3, "", {st_mode=S_IFREG|0644, st_size=199144, ...}, AT_EMPTY_PATH) = 0
mmap(NULL, 328208, PROT_NONE, MAP_PRIVATE|MAP_ANONYMOUS, -1, 0) = 0x7ffec739c000
mmap(0x7ffec73a0000, 262672, PROT_READ|PROT_EXEC, MAP_PRIVATE|MAP_FIXED|MAP_DENYWRITE, 3, 0) = 0x7ffec73a0000
munmap(0x7ffec739c000, 16384)           = 0
munmap(0x7ffec73e4000, 33296)           = 0
mprotect(0x7ffec73cc000, 65536, PROT_NONE) = 0
mmap(0x7ffec73dc000, 32768, PROT_READ|PROT_WRITE, MAP_PRIVATE|MAP_FIXED|MAP_DENYWRITE, 3, 0x2c000) = 0x7ffec73dc000
close(3)                                = 0
openat(AT_FDCWD, "/lib/aarch64-linux-gnu/libplc4.so", O_RDONLY|O_CLOEXEC) = 3
read(3, "\177ELF\2\1\1\0\0\0\0\0\0\0\0\0\3\0\267\0\1\0\0\0\0\0\0\0\0\0\0\0"..., 832) = 832
newfstatat(3, "", {st_mode=S_IFREG|0644, st_size=67600, ...}, AT_EMPTY_PATH) = 0
mmap(NULL, 196728, PROT_NONE, MAP_PRIVATE|MAP_ANONYMOUS, -1, 0) = 0x7ffec736c000
mmap(0x7ffec7370000, 131192, PROT_READ|PROT_EXEC, MAP_PRIVATE|MAP_FIXED|MAP_DENYWRITE, 3, 0) = 0x7ffec7370000
munmap(0x7ffec736c000, 16384)           = 0
munmap(0x7ffec7394000, 32888)           = 0
mprotect(0x7ffec7374000, 98304, PROT_NONE) = 0
mmap(0x7ffec738c000, 32768, PROT_READ|PROT_WRITE, MAP_PRIVATE|MAP_FIXED|MAP_DENYWRITE, 3, 0xc000) = 0x7ffec738c000
close(3)                                = 0
openat(AT_FDCWD, "/lib/aarch64-linux-gnu/libnspr4.so", O_RDONLY|O_CLOEXEC) = 3
read(3, "\177ELF\2\1\1\0\0\0\0\0\0\0\0\0\3\0\267\0\1\0\0\0\0\0\0\0\0\0\0\0"..., 832) = 832
newfstatat(3, "", {st_mode=S_IFREG|0644, st_size=266608, ...}, AT_EMPTY_PATH) = 0
mmap(NULL, 406800, PROT_NONE, MAP_PRIVATE|MAP_ANONYMOUS, -1, 0) = 0x7ffec730c000
mmap(0x7ffec7310000, 341264, PROT_READ|PROT_EXEC, MAP_PRIVATE|MAP_FIXED|MAP_DENYWRITE, 3, 0) = 0x7ffec7310000
munmap(0x7ffec730c000, 16384)           = 0
munmap(0x7ffec7364000, 46352)           = 0
mprotect(0x7ffec7350000, 49152, PROT_NONE) = 0
mmap(0x7ffec735c000, 32768, PROT_READ|PROT_WRITE, MAP_PRIVATE|MAP_FIXED|MAP_DENYWRITE, 3, 0x3c000) = 0x7ffec735c000
close(3)                                = 0
openat(AT_FDCWD, "/lib/aarch64-linux-gnu/libhdf5_serial_hl.so.100", O_RDONLY|O_CLOEXEC) = 3
read(3, "\177ELF\2\1\1\0\0\0\0\0\0\0\0\0\3\0\267\0\1\0\0\0\0\0\0\0\0\0\0\0"..., 832) = 832
newfstatat(3, "", {st_mode=S_IFREG|0644, st_size=134712, ...}, AT_EMPTY_PATH) = 0
mmap(NULL, 268288, PROT_NONE, MAP_PRIVATE|MAP_ANONYMOUS, -1, 0) = 0x7ffec72cc000
mmap(0x7ffec72d0000, 202752, PROT_READ|PROT_EXEC, MAP_PRIVATE|MAP_FIXED|MAP_DENYWRITE, 3, 0) = 0x7ffec72d0000
munmap(0x7ffec72cc000, 16384)           = 0
munmap(0x7ffec7304000, 38912)           = 0
mprotect(0x7ffec72f0000, 49152, PROT_NONE) = 0
mmap(0x7ffec72fc000, 32768, PROT_READ|PROT_WRITE, MAP_PRIVATE|MAP_FIXED|MAP_DENYWRITE, 3, 0x1c000) = 0x7ffec72fc000
close(3)                                = 0
openat(AT_FDCWD, "/lib/aarch64-linux-gnu/libbz2.so.1.0", O_RDONLY|O_CLOEXEC) = 3
read(3, "\177ELF\2\1\1\0\0\0\0\0\0\0\0\0\3\0\267\0\1\0\0\0\0\0\0\0\0\0\0\0"..., 832) = 832
newfstatat(3, "", {st_mode=S_IFREG|0644, st_size=70504, ...}, AT_EMPTY_PATH) = 0
mmap(NULL, 199696, PROT_NONE, MAP_PRIVATE|MAP_ANONYMOUS, -1, 0) = 0x7ffec729c000
mmap(0x7ffec72a0000, 134160, PROT_READ|PROT_EXEC, MAP_PRIVATE|MAP_FIXED|MAP_DENYWRITE, 3, 0) = 0x7ffec72a0000
munmap(0x7ffec729c000, 16384)           = 0
munmap(0x7ffec72c4000, 35856)           = 0
mprotect(0x7ffec72b0000, 49152, PROT_NONE) = 0
mmap(0x7ffec72bc000, 32768, PROT_READ|PROT_WRITE, MAP_PRIVATE|MAP_FIXED|MAP_DENYWRITE, 3, 0xc000) = 0x7ffec72bc000
close(3)                                = 0
openat(AT_FDCWD, "/lib/aarch64-linux-gnu/libcurl.so.4", O_RDONLY|O_CLOEXEC) = 3
read(3, "\177ELF\2\1\1\0\0\0\0\0\0\0\0\0\3\0\267\0\1\0\0\0\0\0\0\0\0\0\0\0"..., 832) = 832
newfstatat(3, "", {st_mode=S_IFREG|0644, st_size=732296, ...}, AT_EMPTY_PATH) = 0
mmap(NULL, 862480, PROT_NONE, MAP_PRIVATE|MAP_ANONYMOUS, -1, 0) = 0x7ffec71cc000
mmap(0x7ffec71d0000, 796944, PROT_READ|PROT_EXEC, MAP_PRIVATE|MAP_FIXED|MAP_DENYWRITE, 3, 0) = 0x7ffec71d0000
munmap(0x7ffec71cc000, 16384)           = 0
munmap(0x7ffec7294000, 43280)           = 0
mprotect(0x7ffec7274000, 98304, PROT_NONE) = 0
mmap(0x7ffec728c000, 32768, PROT_READ|PROT_WRITE, MAP_PRIVATE|MAP_FIXED|MAP_DENYWRITE, 3, 0xac000) = 0x7ffec728c000
close(3)                                = 0
openat(AT_FDCWD, "/lib/aarch64-linux-gnu/libsz.so.2", O_RDONLY|O_CLOEXEC) = 3
read(3, "\177ELF\2\1\1\0\0\0\0\0\0\0\0\0\3\0\267\0\1\0\0\0\0\0\0\0\0\0\0\0"..., 832) = 832
newfstatat(3, "", {st_mode=S_IFREG|0644, st_size=67280, ...}, AT_EMPTY_PATH) = 0
mmap(NULL, 196624, PROT_NONE, MAP_PRIVATE|MAP_ANONYMOUS, -1, 0) = 0x7ffec719c000
mmap(0x7ffec71a0000, 131088, PROT_READ|PROT_EXEC, MAP_PRIVATE|MAP_FIXED|MAP_DENYWRITE, 3, 0) = 0x7ffec71a0000
munmap(0x7ffec719c000, 16384)           = 0
munmap(0x7ffec71c4000, 32784)           = 0
mprotect(0x7ffec71a4000, 98304, PROT_NONE) = 0
mmap(0x7ffec71bc000, 32768, PROT_READ|PROT_WRITE, MAP_PRIVATE|MAP_FIXED|MAP_DENYWRITE, 3, 0xc000) = 0x7ffec71bc000
close(3)                                = 0
openat(AT_FDCWD, "/lib/aarch64-linux-gnu/libssl.so.3", O_RDONLY|O_CLOEXEC) = 3
read(3, "\177ELF\2\1\1\0\0\0\0\0\0\0\0\0\3\0\267\0\1\0\0\0\0\0\0\0\0\0\0\0"..., 832) = 832
newfstatat(3, "", {st_mode=S_IFREG|0644, st_size=737192, ...}, AT_EMPTY_PATH) = 0
mmap(NULL, 800824, PROT_NONE, MAP_PRIVATE|MAP_ANONYMOUS, -1, 0) = 0x7ffec70dc000
mmap(0x7ffec70e0000, 735288, PROT_READ|PROT_EXEC, MAP_PRIVATE|MAP_FIXED|MAP_DENYWRITE, 3, 0) = 0x7ffec70e0000
munmap(0x7ffec70dc000, 16384)           = 0
munmap(0x7ffec7194000, 47160)           = 0
mprotect(0x7ffec7180000, 16384, PROT_NONE) = 0
mmap(0x7ffec7184000, 65536, PROT_READ|PROT_WRITE, MAP_PRIVATE|MAP_FIXED|MAP_DENYWRITE, 3, 0xa4000) = 0x7ffec7184000
close(3)                                = 0
openat(AT_FDCWD, "/lib/aarch64-linux-gnu/libminizip.so.1", O_RDONLY|O_CLOEXEC) = 3
read(3, "\177ELF\2\1\1\0\0\0\0\0\0\0\0\0\3\0\267\0\1\0\0\0\0\0\0\0\0\0\0\0"..., 832) = 832
newfstatat(3, "", {st_mode=S_IFREG|0644, st_size=67888, ...}, AT_EMPTY_PATH) = 0
mmap(NULL, 197088, PROT_NONE, MAP_PRIVATE|MAP_ANONYMOUS, -1, 0) = 0x7ffec70ac000
mmap(0x7ffec70b0000, 131552, PROT_READ|PROT_EXEC, MAP_PRIVATE|MAP_FIXED|MAP_DENYWRITE, 3, 0) = 0x7ffec70b0000
munmap(0x7ffec70ac000, 16384)           = 0
munmap(0x7ffec70d4000, 33248)           = 0
mprotect(0x7ffec70bc000, 65536, PROT_NONE) = 0
mmap(0x7ffec70cc000, 32768, PROT_READ|PROT_WRITE, MAP_PRIVATE|MAP_FIXED|MAP_DENYWRITE, 3, 0xc000) = 0x7ffec70cc000
close(3)                                = 0
openat(AT_FDCWD, "/lib/aarch64-linux-gnu/liburiparser.so.1", O_RDONLY|O_CLOEXEC) = 3
read(3, "\177ELF\2\1\1\0\0\0\0\0\0\0\0\0\3\0\267\0\1\0\0\0\0\0\0\0\0\0\0\0"..., 832) = 832
newfstatat(3, "", {st_mode=S_IFREG|0644, st_size=133016, ...}, AT_EMPTY_PATH) = 0
mmap(NULL, 262208, PROT_NONE, MAP_PRIVATE|MAP_ANONYMOUS, -1, 0) = 0x7ffec706c000
mmap(0x7ffec7070000, 196672, PROT_READ|PROT_EXEC, MAP_PRIVATE|MAP_FIXED|MAP_DENYWRITE, 3, 0) = 0x7ffec7070000
munmap(0x7ffec706c000, 16384)           = 0
munmap(0x7ffec70a4000, 32832)           = 0
mprotect(0x7ffec7088000, 81920, PROT_NONE) = 0
mmap(0x7ffec709c000, 32768, PROT_READ|PROT_WRITE, MAP_PRIVATE|MAP_FIXED|MAP_DENYWRITE, 3, 0x1c000) = 0x7ffec709c000
close(3)                                = 0
openat(AT_FDCWD, "/lib/aarch64-linux-gnu/libfyut.so.0", O_RDONLY|O_CLOEXEC) = 3
read(3, "\177ELF\2\1\1\0\0\0\0\0\0\0\0\0\3\0\267\0\1\0\0\0\0\0\0\0\0\0\0\0"..., 832) = 832
newfstatat(3, "", {st_mode=S_IFREG|0644, st_size=67528, ...}, AT_EMPTY_PATH) = 0
mmap(NULL, 196672, PROT_NONE, MAP_PRIVATE|MAP_ANONYMOUS, -1, 0) = 0x7ffec703c000
mmap(0x7ffec7040000, 131136, PROT_READ|PROT_EXEC, MAP_PRIVATE|MAP_FIXED|MAP_DENYWRITE, 3, 0) = 0x7ffec7040000
munmap(0x7ffec703c000, 16384)           = 0
munmap(0x7ffec7064000, 32832)           = 0
mprotect(0x7ffec704c000, 65536, PROT_NONE) = 0
mmap(0x7ffec705c000, 32768, PROT_READ|PROT_WRITE, MAP_PRIVATE|MAP_FIXED|MAP_DENYWRITE, 3, 0xc000) = 0x7ffec705c000
close(3)                                = 0
openat(AT_FDCWD, "/lib/aarch64-linux-gnu/libfygm.so.0", O_RDONLY|O_CLOEXEC) = 3
read(3, "\177ELF\2\1\1\0\0\0\0\0\0\0\0\0\3\0\267\0\1\0\0\0\0\0\0\0\0\0\0\0"..., 832) = 832
newfstatat(3, "", {st_mode=S_IFREG|0644, st_size=67512, ...}, AT_EMPTY_PATH) = 0
mmap(NULL, 196624, PROT_NONE, MAP_PRIVATE|MAP_ANONYMOUS, -1, 0) = 0x7ffec700c000
mmap(0x7ffec7010000, 131088, PROT_READ|PROT_EXEC, MAP_PRIVATE|MAP_FIXED|MAP_DENYWRITE, 3, 0) = 0x7ffec7010000
munmap(0x7ffec700c000, 16384)           = 0
munmap(0x7ffec7034000, 32784)           = 0
mprotect(0x7ffec7018000, 81920, PROT_NONE) = 0
mmap(0x7ffec702c000, 32768, PROT_READ|PROT_WRITE, MAP_PRIVATE|MAP_FIXED|MAP_DENYWRITE, 3, 0xc000) = 0x7ffec702c000
close(3)                                = 0
openat(AT_FDCWD, "/lib/aarch64-linux-gnu/librttopo.so.1", O_RDONLY|O_CLOEXEC) = 3
read(3, "\177ELF\2\1\1\0\0\0\0\0\0\0\0\0\3\0\267\0\1\0\0\0\0\0\0\0\0\0\0\0"..., 832) = 832
newfstatat(3, "", {st_mode=S_IFREG|0644, st_size=527736, ...}, AT_EMPTY_PATH) = 0
mmap(NULL, 657240, PROT_NONE, MAP_PRIVATE|MAP_ANONYMOUS, -1, 0) = 0x7ffec6f6c000
mmap(0x7ffec6f70000, 591704, PROT_READ|PROT_EXEC, MAP_PRIVATE|MAP_FIXED|MAP_DENYWRITE, 3, 0) = 0x7ffec6f70000
munmap(0x7ffec6f6c000, 16384)           = 0
munmap(0x7ffec7004000, 34648)           = 0
mprotect(0x7ffec6fe4000, 98304, PROT_NONE) = 0
mmap(0x7ffec6ffc000, 32768, PROT_READ|PROT_WRITE, MAP_PRIVATE|MAP_FIXED|MAP_DENYWRITE, 3, 0x7c000) = 0x7ffec6ffc000
close(3)                                = 0
openat(AT_FDCWD, "/lib/aarch64-linux-gnu/libtirpc.so.3", O_RDONLY|O_CLOEXEC) = 3
read(3, "\177ELF\2\1\1\0\0\0\0\0\0\0\0\0\3\0\267\0\1\0\0\0\0\0\0\0\0\0\0\0"..., 832) = 832
newfstatat(3, "", {st_mode=S_IFREG|0644, st_size=198960, ...}, AT_EMPTY_PATH) = 0
mmap(NULL, 330608, PROT_NONE, MAP_PRIVATE|MAP_ANONYMOUS, -1, 0) = 0x7ffec6f1c000
mmap(0x7ffec6f20000, 265072, PROT_READ|PROT_EXEC, MAP_PRIVATE|MAP_FIXED|MAP_DENYWRITE, 3, 0) = 0x7ffec6f20000
munmap(0x7ffec6f1c000, 16384)           = 0
munmap(0x7ffec6f64000, 35696)           = 0
mprotect(0x7ffec6f50000, 49152, PROT_NONE) = 0
mmap(0x7ffec6f5c000, 32768, PROT_READ|PROT_WRITE, MAP_PRIVATE|MAP_FIXED|MAP_DENYWRITE, 3, 0x2c000) = 0x7ffec6f5c000
close(3)                                = 0
openat(AT_FDCWD, "/lib/aarch64-linux-gnu/libgeos.so.3.11.1", O_RDONLY|O_CLOEXEC) = 3
read(3, "\177ELF\2\1\1\3\0\0\0\0\0\0\0\0\3\0\267\0\1\0\0\0\0\0\0\0\0\0\0\0"..., 832) = 832
newfstatat(3, "", {st_mode=S_IFREG|0644, st_size=2623648, ...}, AT_EMPTY_PATH) = 0
mmap(NULL, 2689896, PROT_NONE, MAP_PRIVATE|MAP_ANONYMOUS, -1, 0) = 0x7ffec6c8c000
mmap(0x7ffec6c90000, 2624360, PROT_READ|PROT_EXEC, MAP_PRIVATE|MAP_FIXED|MAP_DENYWRITE, 3, 0) = 0x7ffec6c90000
munmap(0x7ffec6c8c000, 16384)           = 0
munmap(0x7ffec6f14000, 35688)           = 0
mmap(0x7ffec6f00000, 81920, PROT_READ|PROT_WRITE, MAP_PRIVATE|MAP_FIXED|MAP_DENYWRITE, 3, 0x270000) = 0x7ffec6f00000
close(3)                                = 0
openat(AT_FDCWD, "/lib/aarch64-linux-gnu/libxcb.so.1", O_RDONLY|O_CLOEXEC) = 3
read(3, "\177ELF\2\1\1\0\0\0\0\0\0\0\0\0\3\0\267\0\1\0\0\0\0\0\0\0\0\0\0\0"..., 832) = 832
newfstatat(3, "", {st_mode=S_IFREG|0644, st_size=199544, ...}, AT_EMPTY_PATH) = 0
mmap(NULL, 328776, PROT_NONE, MAP_PRIVATE|MAP_ANONYMOUS, -1, 0) = 0x7ffec6c3c000
mmap(0x7ffec6c40000, 263240, PROT_READ|PROT_EXEC, MAP_PRIVATE|MAP_FIXED|MAP_DENYWRITE, 3, 0) = 0x7ffec6c40000
munmap(0x7ffec6c3c000, 16384)           = 0
munmap(0x7ffec6c84000, 33864)           = 0
mprotect(0x7ffec6c68000, 81920, PROT_NONE) = 0
mmap(0x7ffec6c7c000, 32768, PROT_READ|PROT_WRITE, MAP_PRIVATE|MAP_FIXED|MAP_DENYWRITE, 3, 0x2c000) = 0x7ffec6c7c000
close(3)                                = 0
openat(AT_FDCWD, "/lib/aarch64-linux-gnu/libunistring.so.2", O_RDONLY|O_CLOEXEC) = 3
read(3, "\177ELF\2\1\1\0\0\0\0\0\0\0\0\0\3\0\267\0\1\0\0\0\0\0\0\0\0\0\0\0"..., 832) = 832
newfstatat(3, "", {st_mode=S_IFREG|0644, st_size=1771448, ...}, AT_EMPTY_PATH) = 0
mmap(NULL, 1902760, PROT_NONE, MAP_PRIVATE|MAP_ANONYMOUS, -1, 0) = 0x7ffec6a6c000
mmap(0x7ffec6a70000, 1837224, PROT_READ|PROT_EXEC, MAP_PRIVATE|MAP_FIXED|MAP_DENYWRITE, 3, 0) = 0x7ffec6a70000
munmap(0x7ffec6a6c000, 16384)           = 0
munmap(0x7ffec6c34000, 34984)           = 0
mprotect(0x7ffec6c1c000, 65536, PROT_NONE) = 0
mmap(0x7ffec6c2c000, 32768, PROT_READ|PROT_WRITE, MAP_PRIVATE|MAP_FIXED|MAP_DENYWRITE, 3, 0x1ac000) = 0x7ffec6c2c000
close(3)                                = 0
openat(AT_FDCWD, "/lib/aarch64-linux-gnu/libhogweed.so.6", O_RDONLY|O_CLOEXEC) = 3
read(3, "\177ELF\2\1\1\0\0\0\0\0\0\0\0\0\3\0\267\0\1\0\0\0\0\0\0\0\0\0\0\0"..., 832) = 832
newfstatat(3, "", {st_mode=S_IFREG|0644, st_size=329656, ...}, AT_EMPTY_PATH) = 0
mmap(NULL, 32768, PROT_READ|PROT_WRITE, MAP_PRIVATE|MAP_ANONYMOUS, -1, 0) = 0x7ffecec38000
mmap(NULL, 458768, PROT_NONE, MAP_PRIVATE|MAP_ANONYMOUS, -1, 0) = 0x7ffec69fc000
mmap(0x7ffec6a00000, 393232, PROT_READ|PROT_EXEC, MAP_PRIVATE|MAP_FIXED|MAP_DENYWRITE, 3, 0) = 0x7ffec6a00000
munmap(0x7ffec69fc000, 16384)           = 0
munmap(0x7ffec6a64000, 32784)           = 0
mprotect(0x7ffec6a48000, 81920, PROT_NONE) = 0
mmap(0x7ffec6a5c000, 32768, PROT_READ|PROT_WRITE, MAP_PRIVATE|MAP_FIXED|MAP_DENYWRITE, 3, 0x4c000) = 0x7ffec6a5c000
close(3)                                = 0
openat(AT_FDCWD, "/lib/aarch64-linux-gnu/libgmp.so.10", O_RDONLY|O_CLOEXEC) = 3
read(3, "\177ELF\2\1\1\0\0\0\0\0\0\0\0\0\3\0\267\0\1\0\0\0\0\0\0\0\0\0\0\0"..., 832) = 832
newfstatat(3, "", {st_mode=S_IFREG|0644, st_size=529184, ...}, AT_EMPTY_PATH) = 0
mmap(NULL, 658352, PROT_NONE, MAP_PRIVATE|MAP_ANONYMOUS, -1, 0) = 0x7ffec695c000
mmap(0x7ffec6960000, 592816, PROT_READ|PROT_EXEC, MAP_PRIVATE|MAP_FIXED|MAP_DENYWRITE, 3, 0) = 0x7ffec6960000
munmap(0x7ffec695c000, 16384)           = 0
munmap(0x7ffec69f4000, 35760)           = 0
mprotect(0x7ffec69d8000, 81920, PROT_NONE) = 0
mmap(0x7ffec69ec000, 32768, PROT_READ|PROT_WRITE, MAP_PRIVATE|MAP_FIXED|MAP_DENYWRITE, 3, 0x7c000) = 0x7ffec69ec000
close(3)                                = 0
openat(AT_FDCWD, "/lib/aarch64-linux-gnu/libp11-kit.so.0", O_RDONLY|O_CLOEXEC) = 3
read(3, "\177ELF\2\1\1\0\0\0\0\0\0\0\0\0\3\0\267\0\1\0\0\0\0\0\0\0\0\0\0\0"..., 832) = 832
newfstatat(3, "", {st_mode=S_IFREG|0644, st_size=1351264, ...}, AT_EMPTY_PATH) = 0
mmap(NULL, 1416168, PROT_NONE, MAP_PRIVATE|MAP_ANONYMOUS, -1, 0) = 0x7ffec6804000
mmap(0x7ffec6810000, 1350632, PROT_READ|PROT_EXEC, MAP_PRIVATE|MAP_FIXED|MAP_DENYWRITE, 3, 0) = 0x7ffec6810000
munmap(0x7ffec6804000, 49152)           = 0
munmap(0x7ffec695c000, 7144)            = 0
mprotect(0x7ffec6938000, 49152, PROT_NONE) = 0
mmap(0x7ffec6944000, 98304, PROT_READ|PROT_WRITE, MAP_PRIVATE|MAP_FIXED|MAP_DENYWRITE, 3, 0x134000) = 0x7ffec6944000
close(3)                                = 0
openat(AT_FDCWD, "/lib/aarch64-linux-gnu/libtasn1.so.6", O_RDONLY|O_CLOEXEC) = 3
read(3, "\177ELF\2\1\1\0\0\0\0\0\0\0\0\0\3\0\267\0\1\0\0\0\0\0\0\0\0\0\0\0"..., 832) = 832
newfstatat(3, "", {st_mode=S_IFREG|0644, st_size=133048, ...}, AT_EMPTY_PATH) = 0
mmap(NULL, 262584, PROT_NONE, MAP_PRIVATE|MAP_ANONYMOUS, -1, 0) = 0x7ffec67cc000
mmap(0x7ffec67d0000, 197048, PROT_READ|PROT_EXEC, MAP_PRIVATE|MAP_FIXED|MAP_DENYWRITE, 3, 0) = 0x7ffec67d0000
munmap(0x7ffec67cc000, 16384)           = 0
munmap(0x7ffec6804000, 33208)           = 0
mprotect(0x7ffec67e4000, 98304, PROT_NONE) = 0
mmap(0x7ffec67fc000, 32768, PROT_READ|PROT_WRITE, MAP_PRIVATE|MAP_FIXED|MAP_DENYWRITE, 3, 0x1c000) = 0x7ffec67fc000
close(3)                                = 0
openat(AT_FDCWD, "/lib/aarch64-linux-gnu/libkrb5.so.3", O_RDONLY|O_CLOEXEC) = 3
read(3, "\177ELF\2\1\1\0\0\0\0\0\0\0\0\0\3\0\267\0\1\0\0\0\0\0\0\0\0\0\0\0"..., 832) = 832
newfstatat(3, "", {st_mode=S_IFREG|0644, st_size=928752, ...}, AT_EMPTY_PATH) = 0
mmap(NULL, 992912, PROT_NONE, MAP_PRIVATE|MAP_ANONYMOUS, -1, 0) = 0x7ffec66dc000
mmap(0x7ffec66e0000, 927376, PROT_READ|PROT_EXEC, MAP_PRIVATE|MAP_FIXED|MAP_DENYWRITE, 3, 0) = 0x7ffec66e0000
munmap(0x7ffec66dc000, 16384)           = 0
munmap(0x7ffec67c4000, 42640)           = 0
mprotect(0x7ffec67ac000, 32768, PROT_NONE) = 0
mmap(0x7ffec67b4000, 65536, PROT_READ|PROT_WRITE, MAP_PRIVATE|MAP_FIXED|MAP_DENYWRITE, 3, 0xd4000) = 0x7ffec67b4000
close(3)                                = 0
openat(AT_FDCWD, "/lib/aarch64-linux-gnu/libk5crypto.so.3", O_RDONLY|O_CLOEXEC) = 3
read(3, "\177ELF\2\1\1\0\0\0\0\0\0\0\0\0\3\0\267\0\1\0\0\0\0\0\0\0\0\0\0\0"..., 832) = 832
newfstatat(3, "", {st_mode=S_IFREG|0644, st_size=199352, ...}, AT_EMPTY_PATH) = 0
mmap(NULL, 328392, PROT_NONE, MAP_PRIVATE|MAP_ANONYMOUS, -1, 0) = 0x7ffec668c000
mmap(0x7ffec6690000, 262856, PROT_READ|PROT_EXEC, MAP_PRIVATE|MAP_FIXED|MAP_DENYWRITE, 3, 0) = 0x7ffec6690000
munmap(0x7ffec668c000, 16384)           = 0
munmap(0x7ffec66d4000, 33480)           = 0
mprotect(0x7ffec66bc000, 65536, PROT_NONE) = 0
mmap(0x7ffec66cc000, 32768, PROT_READ|PROT_WRITE, MAP_PRIVATE|MAP_FIXED|MAP_DENYWRITE, 3, 0x2c000) = 0x7ffec66cc000
close(3)                                = 0
openat(AT_FDCWD, "/lib/aarch64-linux-gnu/libcom_err.so.2", O_RDONLY|O_CLOEXEC) = 3
read(3, "\177ELF\2\1\1\0\0\0\0\0\0\0\0\0\3\0\267\0\1\0\0\0\0\0\0\0\0\0\0\0"..., 832) = 832
newfstatat(3, "", {st_mode=S_IFREG|0644, st_size=67432, ...}, AT_EMPTY_PATH) = 0
mmap(NULL, 196680, PROT_NONE, MAP_PRIVATE|MAP_ANONYMOUS, -1, 0) = 0x7ffec665c000
mmap(0x7ffec6660000, 131144, PROT_READ|PROT_EXEC, MAP_PRIVATE|MAP_FIXED|MAP_DENYWRITE, 3, 0) = 0x7ffec6660000
munmap(0x7ffec665c000, 16384)           = 0
munmap(0x7ffec6684000, 32840)           = 0
mprotect(0x7ffec6664000, 98304, PROT_NONE) = 0
mmap(0x7ffec667c000, 32768, PROT_READ|PROT_WRITE, MAP_PRIVATE|MAP_FIXED|MAP_DENYWRITE, 3, 0xc000) = 0x7ffec667c000
close(3)                                = 0
openat(AT_FDCWD, "/lib/aarch64-linux-gnu/libkrb5support.so.0", O_RDONLY|O_CLOEXEC) = 3
read(3, "\177ELF\2\1\1\0\0\0\0\0\0\0\0\0\3\0\267\0\1\0\0\0\0\0\0\0\0\0\0\0"..., 832) = 832
newfstatat(3, "", {st_mode=S_IFREG|0644, st_size=68576, ...}, AT_EMPTY_PATH) = 0
mmap(NULL, 197896, PROT_NONE, MAP_PRIVATE|MAP_ANONYMOUS, -1, 0) = 0x7ffec662c000
mmap(0x7ffec6630000, 132360, PROT_READ|PROT_EXEC, MAP_PRIVATE|MAP_FIXED|MAP_DENYWRITE, 3, 0) = 0x7ffec6630000
munmap(0x7ffec662c000, 16384)           = 0
munmap(0x7ffec6654000, 34056)           = 0
mprotect(0x7ffec663c000, 65536, PROT_NONE) = 0
mmap(0x7ffec664c000, 32768, PROT_READ|PROT_WRITE, MAP_PRIVATE|MAP_FIXED|MAP_DENYWRITE, 3, 0xc000) = 0x7ffec664c000
close(3)                                = 0
openat(AT_FDCWD, "/lib/aarch64-linux-gnu/libsasl2.so.2", O_RDONLY|O_CLOEXEC) = 3
read(3, "\177ELF\2\1\1\0\0\0\0\0\0\0\0\0\3\0\267\0\1\0\0\0\0\0\0\0\0\0\0\0"..., 832) = 832
newfstatat(3, "", {st_mode=S_IFREG|0644, st_size=133880, ...}, AT_EMPTY_PATH) = 0
mmap(NULL, 263208, PROT_NONE, MAP_PRIVATE|MAP_ANONYMOUS, -1, 0) = 0x7ffec65ec000
mmap(0x7ffec65f0000, 197672, PROT_READ|PROT_EXEC, MAP_PRIVATE|MAP_FIXED|MAP_DENYWRITE, 3, 0) = 0x7ffec65f0000
munmap(0x7ffec65ec000, 16384)           = 0
munmap(0x7ffec6624000, 33832)           = 0
mprotect(0x7ffec660c000, 65536, PROT_NONE) = 0
mmap(0x7ffec661c000, 32768, PROT_READ|PROT_WRITE, MAP_PRIVATE|MAP_FIXED|MAP_DENYWRITE, 3, 0x1c000) = 0x7ffec661c000
close(3)                                = 0
openat(AT_FDCWD, "/lib/aarch64-linux-gnu/libbrotlicommon.so.1", O_RDONLY|O_CLOEXEC) = 3
read(3, "\177ELF\2\1\1\0\0\0\0\0\0\0\0\0\3\0\267\0\1\0\0\0\0\0\0\0\0\0\0\0"..., 832) = 832
newfstatat(3, "", {st_mode=S_IFREG|0644, st_size=133232, ...}, AT_EMPTY_PATH) = 0
mmap(NULL, 262192, PROT_NONE, MAP_PRIVATE|MAP_ANONYMOUS, -1, 0) = 0x7ffec65ac000
mmap(0x7ffec65b0000, 196656, PROT_READ|PROT_EXEC, MAP_PRIVATE|MAP_FIXED|MAP_DENYWRITE, 3, 0) = 0x7ffec65b0000
munmap(0x7ffec65ac000, 16384)           = 0
munmap(0x7ffec65e4000, 32816)           = 0
mprotect(0x7ffec65d0000, 49152, PROT_NONE) = 0
mmap(0x7ffec65dc000, 32768, PROT_READ|PROT_WRITE, MAP_PRIVATE|MAP_FIXED|MAP_DENYWRITE, 3, 0x1c000) = 0x7ffec65dc000
close(3)                                = 0
openat(AT_FDCWD, "/lib/aarch64-linux-gnu/libicudata.so.72", O_RDONLY|O_CLOEXEC) = 3
read(3, "\177ELF\2\1\1\0\0\0\0\0\0\0\0\0\3\0\267\0\1\0\0\0\0\0\0\0\0\0\0\0"..., 832) = 832
newfstatat(3, "", {st_mode=S_IFREG|0644, st_size=31262336, ...}, AT_EMPTY_PATH) = 0
mmap(NULL, 31391760, PROT_NONE, MAP_PRIVATE|MAP_ANONYMOUS, -1, 0) = 0x7ffec47bc000
mmap(0x7ffec47c0000, 31326224, PROT_READ|PROT_EXEC, MAP_PRIVATE|MAP_FIXED|MAP_DENYWRITE, 3, 0) = 0x7ffec47c0000
munmap(0x7ffec47bc000, 16384)           = 0
munmap(0x7ffec65a4000, 32784)           = 0
mprotect(0x7ffec6590000, 49152, PROT_NONE) = 0
mmap(0x7ffec659c000, 32768, PROT_READ|PROT_WRITE, MAP_PRIVATE|MAP_FIXED|MAP_DENYWRITE, 3, 0x1dcc000) = 0x7ffec659c000
close(3)                                = 0
openat(AT_FDCWD, "/lib/aarch64-linux-gnu/libnuma.so.1", O_RDONLY|O_CLOEXEC) = 3
read(3, "\177ELF\2\1\1\0\0\0\0\0\0\0\0\0\3\0\267\0\1\0\0\0\0\0\0\0\0\0\0\0"..., 832) = 832
newfstatat(3, "", {st_mode=S_IFREG|0644, st_size=68672, ...}, AT_EMPTY_PATH) = 0
mmap(NULL, 214672, PROT_NONE, MAP_PRIVATE|MAP_ANONYMOUS, -1, 0) = 0x7ffec4788000
mmap(0x7ffec4790000, 149136, PROT_READ|PROT_EXEC, MAP_PRIVATE|MAP_FIXED|MAP_DENYWRITE, 3, 0) = 0x7ffec4790000
munmap(0x7ffec4788000, 32768)           = 0
munmap(0x7ffec47b8000, 18064)           = 0
mprotect(0x7ffec479c000, 65536, PROT_NONE) = 0
mmap(0x7ffec47ac000, 32768, PROT_READ|PROT_WRITE, MAP_PRIVATE|MAP_FIXED|MAP_DENYWRITE, 3, 0xc000) = 0x7ffec47ac000
mmap(0x7ffec47b4000, 1680, PROT_READ|PROT_WRITE, MAP_PRIVATE|MAP_FIXED|MAP_ANONYMOUS, -1, 0) = 0x7ffec47b4000
close(3)                                = 0
openat(AT_FDCWD, "/lib/aarch64-linux-gnu/libnssutil3.so", O_RDONLY|O_CLOEXEC) = 3
read(3, "\177ELF\2\1\1\0\0\0\0\0\0\0\0\0\3\0\267\0\1\0\0\0\0\0\0\0\0\0\0\0"..., 832) = 832
newfstatat(3, "", {st_mode=S_IFREG|0644, st_size=198880, ...}, AT_EMPTY_PATH) = 0
mmap(NULL, 329440, PROT_NONE, MAP_PRIVATE|MAP_ANONYMOUS, -1, 0) = 0x7ffec473c000
mmap(0x7ffec4740000, 263904, PROT_READ|PROT_EXEC, MAP_PRIVATE|MAP_FIXED|MAP_DENYWRITE, 3, 0) = 0x7ffec4740000
munmap(0x7ffec473c000, 16384)           = 0
munmap(0x7ffec4784000, 34528)           = 0
mprotect(0x7ffec476c000, 49152, PROT_NONE) = 0
mmap(0x7ffec4778000, 49152, PROT_READ|PROT_WRITE, MAP_PRIVATE|MAP_FIXED|MAP_DENYWRITE, 3, 0x28000) = 0x7ffec4778000
close(3)                                = 0
openat(AT_FDCWD, "/lib/aarch64-linux-gnu/libplds4.so", O_RDONLY|O_CLOEXEC) = 3
read(3, "\177ELF\2\1\1\0\0\0\0\0\0\0\0\0\3\0\267\0\1\0\0\0\0\0\0\0\0\0\0\0"..., 832) = 832
newfstatat(3, "", {st_mode=S_IFREG|0644, st_size=67632, ...}, AT_EMPTY_PATH) = 0
mmap(NULL, 196744, PROT_NONE, MAP_PRIVATE|MAP_ANONYMOUS, -1, 0) = 0x7ffec470c000
mmap(0x7ffec4710000, 131208, PROT_READ|PROT_EXEC, MAP_PRIVATE|MAP_FIXED|MAP_DENYWRITE, 3, 0) = 0x7ffec4710000
munmap(0x7ffec470c000, 16384)           = 0
munmap(0x7ffec4734000, 32904)           = 0
mprotect(0x7ffec4714000, 98304, PROT_NONE) = 0
mmap(0x7ffec472c000, 32768, PROT_READ|PROT_WRITE, MAP_PRIVATE|MAP_FIXED|MAP_DENYWRITE, 3, 0xc000) = 0x7ffec472c000
close(3)                                = 0
openat(AT_FDCWD, "/lib/aarch64-linux-gnu/libaec.so.0", O_RDONLY|O_CLOEXEC) = 3
read(3, "\177ELF\2\1\1\0\0\0\0\0\0\0\0\0\3\0\267\0\1\0\0\0\0\0\0\0\0\0\0\0"..., 832) = 832
newfstatat(3, "", {st_mode=S_IFREG|0644, st_size=67280, ...}, AT_EMPTY_PATH) = 0
mmap(NULL, 197472, PROT_NONE, MAP_PRIVATE|MAP_ANONYMOUS, -1, 0) = 0x7ffec46dc000
mmap(0x7ffec46e0000, 131936, PROT_READ|PROT_EXEC, MAP_PRIVATE|MAP_FIXED|MAP_DENYWRITE, 3, 0) = 0x7ffec46e0000
munmap(0x7ffec46dc000, 16384)           = 0
munmap(0x7ffec4704000, 33632)           = 0
mprotect(0x7ffec46e8000, 81920, PROT_NONE) = 0
mmap(0x7ffec46fc000, 32768, PROT_READ|PROT_WRITE, MAP_PRIVATE|MAP_FIXED|MAP_DENYWRITE, 3, 0xc000) = 0x7ffec46fc000
close(3)                                = 0
openat(AT_FDCWD, "/lib/aarch64-linux-gnu/libXau.so.6", O_RDONLY|O_CLOEXEC) = 3
read(3, "\177ELF\2\1\1\0\0\0\0\0\0\0\0\0\3\0\267\0\1\0\0\0 \16\0\0\0\0\0\0"..., 832) = 832
newfstatat(3, "", {st_mode=S_IFREG|0644, st_size=14416, ...}, AT_EMPTY_PATH) = 0
mmap(NULL, 143640, PROT_NONE, MAP_PRIVATE|MAP_ANONYMOUS, -1, 0) = 0x7ffec46bc000
mmap(0x7ffec46c0000, 78104, PROT_READ|PROT_EXEC, MAP_PRIVATE|MAP_FIXED|MAP_DENYWRITE, 3, 0) = 0x7ffec46c0000
munmap(0x7ffec46bc000, 16384)           = 0
munmap(0x7ffec46d4000, 45336)           = 0
mprotect(0x7ffec46c4000, 49152, PROT_NONE) = 0
mmap(0x7ffec46d0000, 16384, PROT_READ|PROT_WRITE, MAP_PRIVATE|MAP_FIXED|MAP_DENYWRITE, 3, 0) = 0x7ffec46d0000
close(3)                                = 0
openat(AT_FDCWD, "/lib/aarch64-linux-gnu/libXdmcp.so.6", O_RDONLY|O_CLOEXEC) = 3
read(3, "\177ELF\2\1\1\0\0\0\0\0\0\0\0\0\3\0\267\0\1\0\0\0\260\24\0\0\0\0\0\0"..., 832) = 832
newfstatat(3, "", {st_mode=S_IFREG|0644, st_size=22576, ...}, AT_EMPTY_PATH) = 0
mmap(NULL, 151784, PROT_NONE, MAP_PRIVATE|MAP_ANONYMOUS, -1, 0) = 0x7ffec4698000
mmap(0x7ffec46a0000, 86248, PROT_READ|PROT_EXEC, MAP_PRIVATE|MAP_FIXED|MAP_DENYWRITE, 3, 0) = 0x7ffec46a0000
munmap(0x7ffec4698000, 32768)           = 0
munmap(0x7ffec46b8000, 20712)           = 0
mprotect(0x7ffec46a4000, 65536, PROT_NONE) = 0
mmap(0x7ffec46b4000, 16384, PROT_READ|PROT_WRITE, MAP_PRIVATE|MAP_FIXED|MAP_DENYWRITE, 3, 0x4000) = 0x7ffec46b4000
close(3)                                = 0
openat(AT_FDCWD, "/lib/aarch64-linux-gnu/libffi.so.8", O_RDONLY|O_CLOEXEC) = 3
read(3, "\177ELF\2\1\1\0\0\0\0\0\0\0\0\0\3\0\267\0\1\0\0\0\0\0\0\0\0\0\0\0"..., 832) = 832
newfstatat(3, "", {st_mode=S_IFREG|0644, st_size=68000, ...}, AT_EMPTY_PATH) = 0
mmap(NULL, 198216, PROT_NONE, MAP_PRIVATE|MAP_ANONYMOUS, -1, 0) = 0x7ffec466c000
mmap(0x7ffec4670000, 132680, PROT_READ|PROT_EXEC, MAP_PRIVATE|MAP_FIXED|MAP_DENYWRITE, 3, 0) = 0x7ffec4670000
munmap(0x7ffec466c000, 16384)           = 0
munmap(0x7ffec4694000, 34376)           = 0
mprotect(0x7ffec4678000, 81920, PROT_NONE) = 0
mmap(0x7ffec468c000, 32768, PROT_READ|PROT_WRITE, MAP_PRIVATE|MAP_FIXED|MAP_DENYWRITE, 3, 0xc000) = 0x7ffec468c000
close(3)                                = 0
openat(AT_FDCWD, "/lib/aarch64-linux-gnu/libkeyutils.so.1", O_RDONLY|O_CLOEXEC) = 3
read(3, "\177ELF\2\1\1\0\0\0\0\0\0\0\0\0\3\0\267\0\1\0\0\0\0\0\0\0\0\0\0\0"..., 832) = 832
newfstatat(3, "", {st_mode=S_IFREG|0644, st_size=67432, ...}, AT_EMPTY_PATH) = 0
mmap(NULL, 196624, PROT_NONE, MAP_PRIVATE|MAP_ANONYMOUS, -1, 0) = 0x7ffec463c000
mmap(0x7ffec4640000, 131088, PROT_READ|PROT_EXEC, MAP_PRIVATE|MAP_FIXED|MAP_DENYWRITE, 3, 0) = 0x7ffec4640000
munmap(0x7ffec463c000, 16384)           = 0
munmap(0x7ffec4664000, 32784)           = 0
mprotect(0x7ffec4644000, 98304, PROT_NONE) = 0
mmap(0x7ffec465c000, 32768, PROT_READ|PROT_WRITE, MAP_PRIVATE|MAP_FIXED|MAP_DENYWRITE, 3, 0xc000) = 0x7ffec465c000
close(3)                                = 0
openat(AT_FDCWD, "/lib/aarch64-linux-gnu/libresolv.so.2", O_RDONLY|O_CLOEXEC) = 3
read(3, "\177ELF\2\1\1\0\0\0\0\0\0\0\0\0\3\0\267\0\1\0\0\0\0\0\0\0\0\0\0\0"..., 832) = 832
newfstatat(3, "", {st_mode=S_IFREG|0644, st_size=68232, ...}, AT_EMPTY_PATH) = 0
mmap(NULL, 207352, PROT_NONE, MAP_PRIVATE|MAP_ANONYMOUS, -1, 0) = 0x7ffec460c000
mmap(0x7ffec4610000, 141816, PROT_READ|PROT_EXEC, MAP_PRIVATE|MAP_FIXED|MAP_DENYWRITE, 3, 0) = 0x7ffec4610000
munmap(0x7ffec460c000, 16384)           = 0
munmap(0x7ffec4634000, 43512)           = 0
mprotect(0x7ffec4620000, 49152, PROT_NONE) = 0
mmap(0x7ffec462c000, 32768, PROT_READ|PROT_WRITE, MAP_PRIVATE|MAP_FIXED|MAP_DENYWRITE, 3, 0xc000) = 0x7ffec462c000
close(3)                                = 0
openat(AT_FDCWD, "/lib/aarch64-linux-gnu/libbsd.so.0", O_RDONLY|O_CLOEXEC) = 3
read(3, "\177ELF\2\1\1\0\0\0\0\0\0\0\0\0\3\0\267\0\1\0\0\0\0\0\0\0\0\0\0\0"..., 832) = 832
newfstatat(3, "", {st_mode=S_IFREG|0644, st_size=133944, ...}, AT_EMPTY_PATH) = 0
mmap(NULL, 32768, PROT_READ|PROT_WRITE, MAP_PRIVATE|MAP_ANONYMOUS, -1, 0) = 0x7ffeceb88000
mmap(NULL, 266328, PROT_NONE, MAP_PRIVATE|MAP_ANONYMOUS, -1, 0) = 0x7ffec45cc000
mmap(0x7ffec45d0000, 200792, PROT_READ|PROT_EXEC, MAP_PRIVATE|MAP_FIXED|MAP_DENYWRITE, 3, 0) = 0x7ffec45d0000
munmap(0x7ffec45cc000, 16384)           = 0
munmap(0x7ffec4604000, 36952)           = 0
mprotect(0x7ffec45e4000, 98304, PROT_NONE) = 0
mmap(0x7ffec45fc000, 32768, PROT_READ|PROT_WRITE, MAP_PRIVATE|MAP_FIXED|MAP_DENYWRITE, 3, 0x1c000) = 0x7ffec45fc000
close(3)                                = 0
openat(AT_FDCWD, "/lib/aarch64-linux-gnu/libmd.so.0", O_RDONLY|O_CLOEXEC) = 3
read(3, "\177ELF\2\1\1\0\0\0\0\0\0\0\0\0\3\0\267\0\1\0\0\0\0\0\0\0\0\0\0\0"..., 832) = 832
newfstatat(3, "", {st_mode=S_IFREG|0644, st_size=67704, ...}, AT_EMPTY_PATH) = 0
mmap(NULL, 196816, PROT_NONE, MAP_PRIVATE|MAP_ANONYMOUS, -1, 0) = 0x7ffec459c000
mmap(0x7ffec45a0000, 131280, PROT_READ|PROT_EXEC, MAP_PRIVATE|MAP_FIXED|MAP_DENYWRITE, 3, 0) = 0x7ffec45a0000
munmap(0x7ffec459c000, 16384)           = 0
munmap(0x7ffec45c4000, 32976)           = 0
mprotect(0x7ffec45ac000, 65536, PROT_NONE) = 0
mmap(0x7ffec45bc000, 32768, PROT_READ|PROT_WRITE, MAP_PRIVATE|MAP_FIXED|MAP_DENYWRITE, 3, 0xc000) = 0x7ffec45bc000
close(3)                                = 0
mmap(NULL, 32768, PROT_READ|PROT_WRITE, MAP_PRIVATE|MAP_ANONYMOUS, -1, 0) = 0x7ffeceb80000
set_tid_address(0x7ffeceb839d0)         = 2692
set_robust_list(0x7ffeceb839e0, 24)     = 0
rseq(0x7ffeceb84020, 0x20, 0, 0xd428bc00) = 0
mprotect(0x7ffeceb6c000, 16384, PROT_READ) = 0
mprotect(0x7ffec45bc000, 16384, PROT_READ) = 0
mprotect(0x7ffec45fc000, 16384, PROT_READ) = 0
mprotect(0x7ffec462c000, 16384, PROT_READ) = 0
mprotect(0x7ffec465c000, 16384, PROT_READ) = 0
mprotect(0x7ffec468c000, 16384, PROT_READ) = 0
mprotect(0x7ffec46fc000, 16384, PROT_READ) = 0
mprotect(0x7ffec735c000, 16384, PROT_READ) = 0
mprotect(0x7ffec472c000, 16384, PROT_READ) = 0
mprotect(0x7ffec738c000, 16384, PROT_READ) = 0
mprotect(0x7ffec4778000, 32768, PROT_READ) = 0
mprotect(0x7ffec47ac000, 16384, PROT_READ) = 0
mprotect(0x7ffec659c000, 16384, PROT_READ) = 0
mprotect(0x7ffec65dc000, 16384, PROT_READ) = 0
mprotect(0x7ffec661c000, 16384, PROT_READ) = 0
mprotect(0x7ffec664c000, 16384, PROT_READ) = 0
mprotect(0x7ffec667c000, 16384, PROT_READ) = 0
mprotect(0x7ffec66cc000, 16384, PROT_READ) = 0
mprotect(0x7ffec67b4000, 49152, PROT_READ) = 0
mprotect(0x7ffec67fc000, 16384, PROT_READ) = 0
mprotect(0x7ffec6944000, 49152, PROT_READ) = 0
mprotect(0x7ffec69ec000, 16384, PROT_READ) = 0
mprotect(0x7ffec86dc000, 16384, PROT_READ) = 0
mprotect(0x7ffec6a5c000, 16384, PROT_READ) = 0
mprotect(0x7ffec6c2c000, 16384, PROT_READ) = 0
mprotect(0x7ffec6c7c000, 16384, PROT_READ) = 0
mprotect(0x7ffecec2c000, 16384, PROT_READ) = 0
mprotect(0x7ffecc8ac000, 16384, PROT_READ) = 0
mprotect(0x7ffeccac4000, 49152, PROT_READ) = 0
mprotect(0x7ffec6f00000, 65536, PROT_READ) = 0
mprotect(0x7ffec841c000, 16384, PROT_READ) = 0
mprotect(0x7ffec6f5c000, 16384, PROT_READ) = 0
mprotect(0x7ffec91dc000, 16384, PROT_READ) = 0
mprotect(0x7ffec6ffc000, 16384, PROT_READ) = 0
mprotect(0x7ffec705c000, 16384, PROT_READ) = 0
mprotect(0x7ffec702c000, 16384, PROT_READ) = 0
mprotect(0x7ffec709c000, 16384, PROT_READ) = 0
mprotect(0x7ffecc86c000, 16384, PROT_READ) = 0
mprotect(0x7ffec70cc000, 16384, PROT_READ) = 0
mprotect(0x7ffecb514000, 376832, PROT_READ) = 0
mprotect(0x7ffec7184000, 49152, PROT_READ) = 0
mprotect(0x7ffec71bc000, 16384, PROT_READ) = 0
mprotect(0x7ffec885c000, 16384, PROT_READ) = 0
mprotect(0x7ffec880c000, 16384, PROT_READ) = 0
mprotect(0x7ffec865c000, 81920, PROT_READ) = 0
mprotect(0x7ffec87b8000, 16384, PROT_READ) = 0
mprotect(0x7ffec8778000, 16384, PROT_READ) = 0
mprotect(0x7ffec871c000, 16384, PROT_READ) = 0
mprotect(0x7ffec832c000, 16384, PROT_READ) = 0
mprotect(0x7ffec83ac000, 16384, PROT_READ) = 0
mprotect(0x7ffecbc2c000, 16384, PROT_READ) = 0
mprotect(0x7ffec82fc000, 16384, PROT_READ) = 0
mprotect(0x7ffec728c000, 16384, PROT_READ) = 0
mprotect(0x7ffec72bc000, 16384, PROT_READ) = 0
mprotect(0x7ffeca234000, 49152, PROT_READ) = 0
mprotect(0x7ffec72fc000, 16384, PROT_READ) = 0
mprotect(0x7ffec7538000, 32768, PROT_READ) = 0
mprotect(0x7ffec73dc000, 16384, PROT_READ) = 0
mprotect(0x7ffec75bc000, 16384, PROT_READ) = 0
mprotect(0x7ffece8bc000, 16384, PROT_READ) = 0
mprotect(0x7ffec7708000, 32768, PROT_READ) = 0
mprotect(0x7ffec922c000, 16384, PROT_READ) = 0
mprotect(0x7ffec762c000, 16384, PROT_READ) = 0
mprotect(0x7ffec7a8c000, 81920, PROT_READ) = 0
mprotect(0x7ffec7bbc000, 16384, PROT_READ) = 0
mprotect(0x7ffec7c7c000, 16384, PROT_READ) = 0
mmap(NULL, 32768, PROT_READ|PROT_WRITE, MAP_PRIVATE|MAP_ANONYMOUS, -1, 0) = 0x7ffece9c8000
mprotect(0x7ffec7f4c000, 16384, PROT_READ) = 0
mprotect(0x7ffecc25c000, 16384, PROT_READ) = 0
mprotect(0x7ffec7fec000, 16384, PROT_READ) = 0
mprotect(0x7ffec89dc000, 16384, PROT_READ) = 0
mprotect(0x7ffecc7cc000, 16384, PROT_READ) = 0
mprotect(0x7ffec804c000, 16384, PROT_READ) = 0
mprotect(0x7ffec807c000, 16384, PROT_READ) = 0
mprotect(0x7ffec828c000, 81920, PROT_READ) = 0
mprotect(0x7ffec82cc000, 16384, PROT_READ) = 0
mprotect(0x7ffec8b3c000, 16384, PROT_READ) = 0
mprotect(0x7ffec8cb4000, 114688, PROT_READ) = 0
mprotect(0x7ffec8d1c000, 16384, PROT_READ) = 0
mprotect(0x7ffece9bc000, 16384, PROT_READ) = 0
mprotect(0x7ffec8dbc000, 16384, PROT_READ) = 0
mprotect(0x7ffec9e58000, 32768, PROT_READ) = 0
mprotect(0x7ffece93c000, 16384, PROT_READ) = 0
mprotect(0x7ffecbb6c000, 16384, PROT_READ) = 0
mprotect(0x7ffecbb1c000, 16384, PROT_READ) = 0
mprotect(0x7ffecba6c000, 16384, PROT_READ) = 0
mprotect(0x7ffecba3c000, 16384, PROT_READ) = 0
mprotect(0x7ffece5a8000, 32768, PROT_READ) = 0
mprotect(0x7ffecb8ac000, 16384, PROT_READ) = 0
mprotect(0x7ffec9164000, 114688, PROT_READ) = 0
mprotect(0x7ffec926c000, 16384, PROT_READ) = 0
mprotect(0x7ffec929c000, 16384, PROT_READ) = 0
mprotect(0x7ffec9308000, 32768, PROT_READ) = 0
mprotect(0x7ffecb724000, 49152, PROT_READ) = 0
mprotect(0x7ffec99ec000, 16384, PROT_READ) = 0
mprotect(0x7ffec9a9c000, 16384, PROT_READ) = 0
mprotect(0x7ffec9afc000, 16384, PROT_READ) = 0
mprotect(0x7ffec9c7c000, 16384, PROT_READ) = 0
mprotect(0x7ffec9c38000, 32768, PROT_READ) = 0
mprotect(0x7ffec9b7c000, 16384, PROT_READ) = 0
mprotect(0x7ffec9cec000, 16384, PROT_READ) = 0
mprotect(0x7ffeca3cc000, 16384, PROT_READ) = 0
mprotect(0x7ffeca6c8000, 32768, PROT_READ) = 0
mprotect(0x7ffece4fc000, 16384, PROT_READ) = 0
mprotect(0x7ffecaab4000, 376832, PROT_READ) = 0
mprotect(0x7ffecabbc000, 16384, PROT_READ) = 0
mprotect(0x7ffecac04000, 49152, PROT_READ) = 0
mprotect(0x7ffecaf78000, 98304, PROT_READ) = 0
mprotect(0x7ffecb03c000, 16384, PROT_READ) = 0
mprotect(0x7ffecb06c000, 16384, PROT_READ) = 0
mprotect(0x7ffecb0ec000, 16384, PROT_READ) = 0
mprotect(0x7ffecb09c000, 16384, PROT_READ) = 0
mprotect(0x7ffecb76c000, 16384, PROT_READ) = 0
mprotect(0x7ffecb7ec000, 16384, PROT_READ) = 0
mprotect(0x7ffecb958000, 32768, PROT_READ) = 0
mprotect(0x7ffecb98c000, 16384, PROT_READ) = 0
mprotect(0x7ffecb9fc000, 16384, PROT_READ) = 0
mprotect(0x7ffecbc7c000, 16384, PROT_READ) = 0
mprotect(0x7ffeccc1c000, 16384, PROT_READ) = 0
mprotect(0x7ffecbcbc000, 16384, PROT_READ) = 0
mprotect(0x7ffecbcec000, 16384, PROT_READ) = 0
mprotect(0x7ffecbd1c000, 16384, PROT_READ) = 0
mprotect(0x7ffecbd8c000, 16384, PROT_READ) = 0
mprotect(0x7ffecbddc000, 16384, PROT_READ) = 0
mprotect(0x7ffecbe2c000, 16384, PROT_READ) = 0
mprotect(0x7ffecbe7c000, 16384, PROT_READ) = 0
mprotect(0x7ffecc04c000, 1261568, PROT_READ) = 0
mprotect(0x7ffecc1cc000, 16384, PROT_READ) = 0
mprotect(0x7ffecc81c000, 16384, PROT_READ) = 0
mprotect(0x7ffece040000, 983040, PROT_READ) = 0
mprotect(0x7ffece478000, 32768, PROT_READ) = 0
mprotect(0x7ffece850000, 65536, PROT_READ) = 0
mprotect(0x7ffeceef0000, 65536, PROT_READ) = 0
mprotect(0x7ffecf1e0000, 65536, PROT_READ) = 0
mprotect(0x7ffecf2fc000, 16384, PROT_READ) = 0
mprotect(0x55558a71c000, 147456, PROT_READ) = 0
mprotect(0x7ffecf36c000, 16384, PROT_READ) = 0
prlimit64(0, RLIMIT_STACK, NULL, {rlim_cur=8192*1024, rlim_max=RLIM64_INFINITY}) = 0
munmap(0x7ffecf314000, 103232)          = 0
getrandom("\x68\xf9\x42\xd2\xb7\x19\x8e\x3c", 8, GRND_NONBLOCK) = 8
brk(NULL)                               = 0x5555a7500000
brk(0x5555a7524000)                     = 0x5555a7524000
openat(AT_FDCWD, "/proc/self/status", O_RDONLY) = 3
newfstatat(3, "", {st_mode=S_IFREG|0444, st_size=0, ...}, AT_EMPTY_PATH) = 0
read(3, "Name:\tclassifier\nUmask:\t0022\nSta"..., 1024) = 1024
read(3, "IndirectBranch:\tunknown\nCpus_all"..., 1024) = 166
read(3, "", 1024)                       = 0
close(3)                                = 0
openat(AT_FDCWD, "/sys/devices/system/node", O_RDONLY|O_NONBLOCK|O_CLOEXEC|O_DIRECTORY) = 3
newfstatat(3, "", {st_mode=S_IFDIR|0755, st_size=0, ...}, AT_EMPTY_PATH) = 0
getdents64(3, 0x5555a75009c0 /* 18 entries */, 32768) = 584
getdents64(3, 0x5555a75009c0 /* 0 entries */, 32768) = 0
close(3)                                = 0
sched_getaffinity(0, 512, [0 1 2 3])    = 8
openat(AT_FDCWD, "/sys/devices/system/cpu/possible", O_RDONLY|O_CLOEXEC) = 3
read(3, "0-3\n", 1024)                  = 4
close(3)                                = 0
openat(AT_FDCWD, "/proc/self/status", O_RDONLY) = 3
newfstatat(3, "", {st_mode=S_IFREG|0444, st_size=0, ...}, AT_EMPTY_PATH) = 0
read(3, "Name:\tclassifier\nUmask:\t0022\nSta"..., 1024) = 1024
read(3, "IndirectBranch:\tunknown\nCpus_all"..., 1024) = 166
read(3, "", 1024)                       = 0
close(3)                                = 0
futex(0x55558a750a04, FUTEX_WAKE_PRIVATE, 2147483647) = 0
rt_sigprocmask(SIG_SETMASK, ~[ILL TRAP BUS FPE SEGV RTMIN RT_1], [], 8) = 0
rt_sigaction(SIGILL, {sa_handler=0x7ffecb30fcb0, sa_mask=~[ILL TRAP BUS FPE SEGV RTMIN RT_1], sa_flags=0}, {sa_handler=SIG_DFL, sa_mask=[], sa_flags=0}, 8) = 0
rt_sigaction(SIGILL, {sa_handler=SIG_DFL, sa_mask=[], sa_flags=0}, NULL, 8) = 0
rt_sigprocmask(SIG_SETMASK, [], NULL, 8) = 0
brk(0x5555a7548000)                     = 0x5555a7548000
getrandom("\xb0", 1, GRND_NONBLOCK)     = 1
newfstatat(AT_FDCWD, "/etc/gnutls/config", 0x7fffc648fe10, 0) = -1 ENOENT (No such file or directory)
newfstatat(0, "", {st_mode=S_IFCHR|0620, st_rdev=makedev(0x88, 0x8), ...}, AT_EMPTY_PATH) = 0
newfstatat(1, "", {st_mode=S_IFCHR|0620, st_rdev=makedev(0x88, 0x8), ...}, AT_EMPTY_PATH) = 0
newfstatat(2, "", {st_mode=S_IFCHR|0620, st_rdev=makedev(0x88, 0x8), ...}, AT_EMPTY_PATH) = 0
brk(0x5555a756c000)                     = 0x5555a756c000
brk(0x5555a7590000)                     = 0x5555a7590000
brk(0x5555a75b4000)                     = 0x5555a75b4000
brk(0x5555a75d8000)                     = 0x5555a75d8000
brk(0x5555a75fc000)                     = 0x5555a75fc000
brk(0x5555a7620000)                     = 0x5555a7620000
brk(0x5555a7644000)                     = 0x5555a7644000
brk(0x5555a7668000)                     = 0x5555a7668000
brk(0x5555a768c000)                     = 0x5555a768c000
brk(0x5555a76b0000)                     = 0x5555a76b0000
brk(0x5555a76d4000)                     = 0x5555a76d4000
brk(0x5555a76f8000)                     = 0x5555a76f8000
brk(0x5555a771c000)                     = 0x5555a771c000
brk(0x5555a7740000)                     = 0x5555a7740000
brk(0x5555a7764000)                     = 0x5555a7764000
brk(0x5555a7788000)                     = 0x5555a7788000
brk(0x5555a77ac000)                     = 0x5555a77ac000
brk(0x5555a77d0000)                     = 0x5555a77d0000
brk(0x5555a77f4000)                     = 0x5555a77f4000
brk(0x5555a7818000)                     = 0x5555a7818000
brk(0x5555a783c000)                     = 0x5555a783c000
brk(0x5555a7860000)                     = 0x5555a7860000
brk(0x5555a7884000)                     = 0x5555a7884000
brk(0x5555a78a8000)                     = 0x5555a78a8000
brk(0x5555a78cc000)                     = 0x5555a78cc000
brk(0x5555a78f0000)                     = 0x5555a78f0000
brk(0x5555a7914000)                     = 0x5555a7914000
brk(0x5555a7938000)                     = 0x5555a7938000
brk(0x5555a795c000)                     = 0x5555a795c000
brk(0x5555a7980000)                     = 0x5555a7980000
brk(0x5555a79a4000)                     = 0x5555a79a4000
brk(0x5555a79c8000)                     = 0x5555a79c8000
brk(0x5555a79ec000)                     = 0x5555a79ec000
brk(0x5555a7a10000)                     = 0x5555a7a10000
brk(0x5555a7a34000)                     = 0x5555a7a34000
readlinkat(AT_FDCWD, "/proc/self/exe", "/home/sri/testing/assets/classif"..., 4096) = 35
futex(0x7ffecc1d0118, FUTEX_WAKE_PRIVATE, 2147483647) = 0
ioctl(2, TCGETS, {c_iflag=BRKINT|ICRNL|IXON|IXANY|IMAXBEL|IUTF8, c_oflag=NL0|CR0|TAB0|BS0|VT0|FF0|OPOST|ONLCR, c_cflag=B38400|CS8|CREAD|HUPCL, c_lflag=ISIG|ICANON|ECHO|ECHOE|ECHOK|IEXTEN|ECHOCTL|ECHOKE, ...}) = 0
mkdirat(AT_FDCWD, "/home/sri/.hailo", 0777) = -1 EEXIST (File exists)
mkdirat(AT_FDCWD, "/home/sri/.hailo/hailort", 0777) = -1 EEXIST (File exists)
newfstatat(AT_FDCWD, "/home/sri/.hailo/hailort", {st_mode=S_IFDIR|0755, st_size=4096, ...}, 0) = 0
faccessat(AT_FDCWD, "/home/sri/.hailo/hailort", W_OK) = 0
newfstatat(AT_FDCWD, "/home/sri/.hailo/hailort/hailort.log", {st_mode=S_IFREG|0644, st_size=613679, ...}, 0) = 0
faccessat(AT_FDCWD, "/home/sri/.hailo/hailort/hailort.log", W_OK) = 0
newfstatat(AT_FDCWD, "/home/sri/.hailo/hailort", {st_mode=S_IFDIR|0755, st_size=4096, ...}, 0) = 0
openat(AT_FDCWD, "/home/sri/.hailo/hailort/hailort.log", O_WRONLY|O_CREAT|O_APPEND, 0666) = 3
lseek(3, 0, SEEK_END)                   = 613679
newfstatat(3, "", {st_mode=S_IFREG|0644, st_size=613679, ...}, AT_EMPTY_PATH) = 0
newfstatat(AT_FDCWD, ".", {st_mode=S_IFDIR|0775, st_size=4096, ...}, 0) = 0
faccessat(AT_FDCWD, ".", W_OK)          = 0
newfstatat(AT_FDCWD, "./hailort.log", {st_mode=S_IFREG|0644, st_size=18012, ...}, 0) = 0
faccessat(AT_FDCWD, "./hailort.log", W_OK) = 0
newfstatat(AT_FDCWD, ".", {st_mode=S_IFDIR|0775, st_size=4096, ...}, 0) = 0
openat(AT_FDCWD, "./hailort.log", O_WRONLY|O_CREAT|O_APPEND, 0666) = 4
lseek(4, 0, SEEK_END)                   = 18012
newfstatat(4, "", {st_mode=S_IFREG|0644, st_size=18012, ...}, AT_EMPTY_PATH) = 0
ioctl(1, TCGETS, {c_iflag=BRKINT|ICRNL|IXON|IXANY|IMAXBEL|IUTF8, c_oflag=NL0|CR0|TAB0|BS0|VT0|FF0|OPOST|ONLCR, c_cflag=B38400|CS8|CREAD|HUPCL, c_lflag=ISIG|ICANON|ECHO|ECHOE|ECHOK|IEXTEN|ECHOCTL|ECHOKE, ...}) = 0
rt_sigaction(SIGRT_1, {sa_handler=0x7ffecea4f1e0, sa_mask=[], sa_flags=SA_ONSTACK|SA_RESTART|SA_SIGINFO}, NULL, 8) = 0
rt_sigprocmask(SIG_UNBLOCK, [RTMIN RT_1], NULL, 8) = 0
mmap(NULL, 8454144, PROT_NONE, MAP_PRIVATE|MAP_ANONYMOUS|MAP_STACK, -1, 0) = 0x7ffec3d90000
mprotect(0x7ffec3da0000, 8388608, PROT_READ|PROT_WRITE) = 0
rt_sigprocmask(SIG_BLOCK, ~[], [], 8)   = 0
clone(child_stack=0x7ffec459db00, flags=CLONE_VM|CLONE_FS|CLONE_FILES|CLONE_SIGHAND|CLONE_THREAD|CLONE_SYSVSEM|CLONE_SETTLS|CLONE_PARENT_SETTID|CLONE_CHILD_CLEARTID, parent_tid=[2704], tls=0x7ffec459e980, child_tidptr=0x7ffec459e310) = 2704
rt_sigprocmask(SIG_SETMASK, [], NULL, 8) = 0
openat(AT_FDCWD, "/sys/class/hailo_chardev", O_RDONLY|O_NONBLOCK|O_CLOEXEC|O_DIRECTORY) = 5
newfstatat(5, "", {st_mode=S_IFDIR|0755, st_size=0, ...}, AT_EMPTY_PATH) = 0
brk(0x5555a7a5c000)                     = 0x5555a7a5c000
getdents64(5, 0x5555a7a33570 /* 3 entries */, 32768) = 80
getdents64(5, 0x5555a7a33570 /* 0 entries */, 32768) = 0
brk(0x5555a7a54000)                     = 0x5555a7a54000
close(5)                                = 0
futex(0x55558a750a10, FUTEX_WAKE_PRIVATE, 2147483647) = 0
openat(AT_FDCWD, "/sys/class/hailo_chardev/hailo0/board_location", O_RDONLY) = 5
read(5, "0001:01:00.0", 8191)           = 12
read(5, "", 8191)                       = 0
close(5)                                = 0
openat(AT_FDCWD, "/sys/class/hailo_chardev/hailo0/accelerator_type", O_RDONLY) = 5
read(5, "0", 8191)                      = 1
read(5, "", 8191)                       = 0
close(5)                                = 0
openat(AT_FDCWD, "/sys/class/hailo_chardev", O_RDONLY|O_NONBLOCK|O_CLOEXEC|O_DIRECTORY) = 5
newfstatat(5, "", {st_mode=S_IFDIR|0755, st_size=0, ...}, AT_EMPTY_PATH) = 0
getdents64(5, 0x5555a7a33870 /* 3 entries */, 32768) = 80
getdents64(5, 0x5555a7a33870 /* 0 entries */, 32768) = 0
close(5)                                = 0
openat(AT_FDCWD, "/sys/class/hailo_chardev/hailo0/board_location", O_RDONLY) = 5
read(5, "0001:01:00.0", 8191)           = 12
read(5, "", 8191)                       = 0
close(5)                                = 0
openat(AT_FDCWD, "/sys/class/hailo_chardev/hailo0/accelerator_type", O_RDONLY) = 5
read(5, "0", 8191)                      = 1
read(5, "", 8191)                       = 0
close(5)                                = 0
newfstatat(1, "", {st_mode=S_IFCHR|0620, st_rdev=makedev(0x88, 0x8), ...}, AT_EMPTY_PATH) = 0
write(1, "-I- images path: ./\n", 20)   = 20
write(1, "-I- hef: resnet_v1_50.hef\n", 26) = 26
openat(AT_FDCWD, "/sys/class/hailo_chardev", O_RDONLY|O_NONBLOCK|O_CLOEXEC|O_DIRECTORY) = 5
newfstatat(5, "", {st_mode=S_IFDIR|0755, st_size=0, ...}, AT_EMPTY_PATH) = 0
getdents64(5, 0x5555a7a33cd0 /* 3 entries */, 32768) = 80
getdents64(5, 0x5555a7a33cd0 /* 0 entries */, 32768) = 0
close(5)                                = 0
openat(AT_FDCWD, "/sys/class/hailo_chardev/hailo0/board_location", O_RDONLY) = 5
read(5, "0001:01:00.0", 8191)           = 12
read(5, "", 8191)                       = 0
close(5)                                = 0
openat(AT_FDCWD, "/sys/class/hailo_chardev/hailo0/accelerator_type", O_RDONLY) = 5
read(5, "0", 8191)                      = 1
read(5, "", 8191)                       = 0
close(5)                                = 0
openat(AT_FDCWD, "/sys/class/hailo_chardev", O_RDONLY|O_NONBLOCK|O_CLOEXEC|O_DIRECTORY) = 5
newfstatat(5, "", {st_mode=S_IFDIR|0755, st_size=0, ...}, AT_EMPTY_PATH) = 0
getdents64(5, 0x5555a7a33cd0 /* 3 entries */, 32768) = 80
getdents64(5, 0x5555a7a33cd0 /* 0 entries */, 32768) = 0
close(5)                                = 0
openat(AT_FDCWD, "/sys/class/hailo_chardev/hailo0/board_location", O_RDONLY) = 5
read(5, "0001:01:00.0", 8191)           = 12
read(5, "", 8191)                       = 0
close(5)                                = 0
openat(AT_FDCWD, "/sys/class/hailo_chardev/hailo0/accelerator_type", O_RDONLY) = 5
read(5, "0", 8191)                      = 1
read(5, "", 8191)                       = 0
close(5)                                = 0
openat(AT_FDCWD, "/dev/hailo0", O_RDWR|O_CLOEXEC) = 5
ioctl(5, _IOC(_IOC_WRITE, 0x67, 0x2, 0xc), 0x7fffc6490958) = 0
ioctl(5, _IOC(_IOC_WRITE, 0x67, 0x1, 0x17), 0x7fffc6490940) = 0
uname({sysname="Linux", nodename="raspberrypi", ...}) = 0
gettid()                                = 2692
openat(AT_FDCWD, "/etc/localtime", O_RDONLY|O_CLOEXEC) = 6
newfstatat(6, "", {st_mode=S_IFREG|0644, st_size=1682, ...}, AT_EMPTY_PATH) = 0
newfstatat(6, "", {st_mode=S_IFREG|0644, st_size=1682, ...}, AT_EMPTY_PATH) = 0
read(6, "TZif2\0\0\0\0\0\0\0\0\0\0\0\0\0\0\0\0\0\0\10\0\0\0\10\0\0\0\0"..., 4096) = 1682
lseek(6, -1051, SEEK_CUR)               = 631
read(6, "TZif2\0\0\0\0\0\0\0\0\0\0\0\0\0\0\0\0\0\0\10\0\0\0\10\0\0\0\0"..., 4096) = 1051
close(6)                                = 0
getpid()                                = 2692
newfstatat(3, "", {st_mode=S_IFREG|0644, st_size=613679, ...}, AT_EMPTY_PATH) = 0
newfstatat(4, "", {st_mode=S_IFREG|0644, st_size=18012, ...}, AT_EMPTY_PATH) = 0
write(3, "[2026-01-02 21:06:57.911] [2692]"..., 190) = 190
write(4, "[2026-01-02 21:06:57.911] [2692]"..., 183) = 183
getpid()                                = 2692
write(2, "[2026-01-02 21:06:57.913] [2692]"..., 51) = 51
write(2, "\33[33m\33[1m", 9)            = 9
write(2, "warning", 7)                  = 7
write(2, "\33[m", 3)                    = 3
write(2, "] [device_internal.cpp:34] [Devi"..., 118) = 118
getpid()                                = 2692
write(3, "[2026-01-02 21:06:57.913] [2692]"..., 176) = 176
write(4, "[2026-01-02 21:06:57.913] [2692]"..., 169) = 169
mmap(NULL, 8454144, PROT_NONE, MAP_PRIVATE|MAP_ANONYMOUS|MAP_STACK, -1, 0) = 0x7ffec3580000
mprotect(0x7ffec3590000, 8388608, PROT_READ|PROT_WRITE) = 0
rt_sigprocmask(SIG_BLOCK, ~[], [], 8)   = 0
clone(child_stack=0x7ffec3d8db00, flags=CLONE_VM|CLONE_FS|CLONE_FILES|CLONE_SIGHAND|CLONE_THREAD|CLONE_SYSVSEM|CLONE_SETTLS|CLONE_PARENT_SETTID|CLONE_CHILD_CLEARTID, parent_tid=[2705], tls=0x7ffec3d8e980, child_tidptr=0x7ffec3d8e310) = 2705
rt_sigprocmask(SIG_SETMASK, [], NULL, 8) = 0
mmap(NULL, 8454144, PROT_NONE, MAP_PRIVATE|MAP_ANONYMOUS|MAP_STACK, -1, 0) = 0x7ffec2d70000
mprotect(0x7ffec2d80000, 8388608, PROT_READ|PROT_WRITE) = 0
rt_sigprocmask(SIG_BLOCK, ~[], [], 8)   = 0
clone(child_stack=0x7ffec357db00, flags=CLONE_VM|CLONE_FS|CLONE_FILES|CLONE_SIGHAND|CLONE_THREAD|CLONE_SYSVSEM|CLONE_SETTLS|CLONE_PARENT_SETTID|CLONE_CHILD_CLEARTID, parent_tid=[2706], tls=0x7ffec357e980, child_tidptr=0x7ffec357e310) = 2706
rt_sigprocmask(SIG_SETMASK, [], NULL, 8) = 0
ioctl(5, _IOC(_IOC_READ|_IOC_WRITE, 0x6e, 0, 0x5f8), 0x7fffc648eec8) = 0
pipe2([6, 7], O_CLOEXEC)                = 0
prlimit64(0, RLIMIT_NOFILE, NULL, {rlim_cur=1024*1024, rlim_max=1024*1024}) = 0
prlimit64(0, RLIMIT_NOFILE, NULL, {rlim_cur=1024*1024, rlim_max=1024*1024}) = 0
mmap(NULL, 49152, PROT_READ|PROT_WRITE, MAP_PRIVATE|MAP_ANONYMOUS|MAP_STACK, -1, 0) = 0x7ffecf324000
rt_sigprocmask(SIG_BLOCK, ~[], [], 8)   = 0
clone(child_stack=0x7ffecf330000, flags=CLONE_VM|CLONE_VFORK|SIGCHLD) = 2707
munmap(0x7ffecf324000, 49152)           = 0
rt_sigprocmask(SIG_SETMASK, [], NULL, 8) = 0
close(7)                                = 0
fcntl(6, F_SETFD, 0)                    = 0
newfstatat(6, "", {st_mode=S_IFIFO|0600, st_size=0, ...}, AT_EMPTY_PATH) = 0
read(6, "raspberrypi\n", 8192)          = 12
read(6, "", 8192)                       = 0
close(6)                                = 0
wait4(2707, [{WIFEXITED(s) && WEXITSTATUS(s) == 0}], 0, NULL) = 2707
getpid()                                = 2692
write(3, "[2026-01-02 21:06:57.916] [2692]"..., 137) = 137
write(4, "[2026-01-02 21:06:57.916] [2692]"..., 130) = 130
openat(AT_FDCWD, "resnet_v1_50.hef", O_RDONLY) = 6
read(6, "\1HEF\0\0\0\0\1\17V\241\0\0\0\0CW\306\212\226*4{%\356\212~\276@\303n"..., 8191) = 8191
lseek(6, 0, SEEK_CUR)                   = 8191
read(6, "\1<.\360\270\240\221\240\221PtPt\214&\243\311\2403\350`\301\1\26\34\31\31H\222H\222\10"..., 8191) = 8191
read(6, "<\360\24\360\02433\320\301\3\35<\330\306\201m\34\245\227\216\32\205\32\205K\203KC\22$\21\21"..., 8191) = 8191
read(6, "\344r\274\"Q\304\2147\21,\34,\34<\202%}\2316\265N\255\3\17\7\360p\0\35\7\320q"..., 8191) = 8191
read(6, "\340OD\340OD\340OD\340OD PD\340OD\340OD\340OD\340OD\340OD\340O"..., 8191) = 8191
read(6, "\220\\DDDDDDDDDDDDDDDDD\004040\264;\356DDDDDD"..., 8191) = 8191
read(6, "DDDDDDDDDDDDDD\4\274\f\274\f\256\34\256\\DDDDDDDDD"..., 8191) = 8191
read(6, "\35\2\25\2\25p\rp\r:\t\350$DDDDDDDD\220\220\220\220\0\24\7@q\0\22"..., 8191) = 8191
read(6, "\201Q\301\211\5'\26\304$\304dDDDDDDD\4\10\231 dB\330@\330\240\321\240\321\320"..., 8191) = 8191
read(6, "L\21\302\24!M\321\224\31f\0J\1JEDDDDDDDDD\240\317\241\317\201\r\25\330"..., 8191) = 8191
read(6, "\330\26\244\32\251\26\21\1W\rW\r!\2\204\10\30w\30w\240\224\240\224\\\2\227\0F\22\30I"..., 8191) = 8191
read(6, "\21\21\1&\6\230\30\21\21\260S\260S\260V\260V,\3032\300 \0\203\20\21\21\21\21\21\1W"..., 8191) = 8191
read(6, "\27\21\21\21\21\21\1`\36\200y\242\"*8484pUpU|\315\327 \243\200\214\22\21\1"..., 8191) = 8191
read(6, "\340\tGDDD\4\212\34\212\34\2\r\2\r$\r$MDDDDD\4\254\r\254\rePF"..., 8191) = 8191
read(6, "\220\35\264\4\264\4\232\35\232]DDDDD\4\357\360\16\3065\306uD\4\304\f\304\f\224\f\224"..., 8191) = 8191
read(6, "\305DDDDDD\240\304\240\304\200\315\201\315ED \322\"\322\302\302\300\302(\323\23\21A+\320"..., 8191) = 8191
read(6, "\21\21\21\21\21\21\21\21\21\21\21\21\21\21X1X1\21\21\21\21\21\21\21\21\21\21\21\21\21\21"..., 8191) = 8191
read(6, "\21\21\21\21\21\21\21\21\21\21\21\201U*V\251xd\340\221\21\21\21\21\21\21\21\21\21\21\21\21"..., 8191) = 8191
read(6, "\201?\21\201?\21\201?\21\201?\21\201?\21\201?\21\201?\21\201?\21\201h\21\201?\21\201?"..., 8191) = 8191
read(6, "\21\21\21\21\202'x\320\344A\223\27\21\201r\"\312\211\21\21\21\21`S`S\21\21\21\21\21\21"..., 8191) = 8191
read(6, "\262'{\21\21\344\n\271\2Y\36dy\300U\300U\21\21\21\21\21\21\21\21\21\21\21\21\21\21\21"..., 8191) = 8191
read(6, "&\rj\rj\r?\r?\35\21\1N\7N\27\21\1M\7M\27\21\21\21\201t\215t\215J\211"..., 8191) = 8191
read(6, "\21\21\21\0210\2250\225p\244\300\221\2_\n|)`\324`\324\272\246k\21\21P&A\231\24\21"..., 8191) = 8191
read(6, "\2303\2303PC\v5\264\313\275\334\330t\330t8a\340\204\21\21\1,\t,\31\21\201\30\201\30"..., 8191) = 8191
read(6, "\344$\2\211\200\25\203\25\203\37\201\37\1s\1s\201r\251\200ZDDD\4\310\4\310\4|\f|"..., 8191) = 8191
read(6, "\7\22G0\4\363$\22\177DDD\4\377=ED\0046\0046\4\340\f\340\f\6\r\6\r\227\316"..., 8191) = 8191
read(6, "Q\207Q\7\24H\207\34jDDD\0047\277\345ED\220\6i E E`T`T\200\206\1"..., 8191) = 8191
read(6, "\325\327\27\301\22,*\r*\r\3109,bD\204\306r4\21\21\250\24\250\24\342\211G\341R\270\330"..., 8191) = 8191
read(6, "T\240T8#\340\214\340\265\327\4EPD\305\311\26\21\201j\212\"@Ck\32~X\370a\301T"..., 8191) = 8191
read(6, "\242(\n\272\r\272\315'LX\275\216\10s\2?\320ED\360\34\317\341\322\340\322`\213\211-&\f"..., 8191) = 8191
read(6, "\205.\205$\207$\247\303\334\323GDDD\200D\200D\260&kbEaE\251\243NDDDD"..., 8191) = 8191
read(6, "Q\3\312\2\312\"L#L\373*\207\23\21!C\25\221\\L>\18484\3632/\3204\320"..., 8191) = 8191
read(6, "\21\363H\247\206@K\210L\215L\215$*\222\250\260\260\260\260\220u\220u\36P\214\34\21\21\21\1"..., 8191) = 8191
read(6, "A\306\311\356\351`\23`\23\352\253\217W\16^9\3205\3205\234A\317\20\21\21\21\1\\\3\\\203"..., 8191) = 8191
read(6, "\32\311\221\0340P!\35\243c\324\206+\320L*1^\2730GD\305\3\23\r\23\r\30\334\200\301"..., 8191) = 8191
read(6, "\215`\210^\t\323\245LV\235\304\221\t$\6\220\30\376\21Q\2148\302\216q9U\327\363\365\325\304"..., 8191) = 8191
read(6, "\22\240\\\"\211\200$B\347]G+J\306\215R\17a\264\20F\vf\\`\306\205t\203tCk"..., 8191) = 8191
read(6, "\305Q\360h\314\4V\311\2\257\246\320\271\24\35\312\277c\211\241w\tBe\240\31\21\205\"#\3\307"..., 8191) = 8191
read(6, ")\3549\206\22\21\332\tRJ-Dd:W\261\367S\351\350\225lF7\227\352-\203H\313@\311"..., 8191) = 8191
read(6, "\235\22B\367U8dL\26Q\31\3719-d\271\302\216\320!u\255\310\304\313K\234$A\1j\206"..., 8191) = 8191
read(6, "\0\203o\251\216a*\23\271/m\304\200\233\300\303V;1\240F\226\371'\261\277\373^TJ=\245"..., 8191) = 8191
read(6, "\256\312a\346\324D\343\206r\33ND\225`\211\202\223\322)/\354#Z\343\217\222s\300FI\214>"..., 8191) = 8191
read(6, "\321@\3\201\253\370\254#\3211\374\323\f\203\273%ML\354\t\243\342G~)\205\f\33\336\217$\344"..., 8191) = 8191
read(6, "U5\223\323\352\346\315\375y\6\243\376\354sGbuQ)\202\304\0211ahs\302\206\21c\215\243"..., 8191) = 8191
read(6, "\34[\23\21\\\327\215xV\244\22\23!\356\213\222\3548V\4K\342\234\242\263\214\22RU;A\362"..., 8191) = 8191
read(6, "\2260F\223\\\372N+\25\4\17uC@\233\266D\343{\24\366\327\235\351\214x\2120J\31\27\275"..., 8191) = 8191
read(6, "TU\33G\2623Fy G\241\221E\305d\226\221\21\202\24\21iU\n\37\333\226-\24\303\337\33"..., 8191) = 8191
read(6, "\212\357&\316\271$\375\212\355\201\234\342\221h<\243\334\261\244\261\33\236\264\316\204\"9\204\252\27\243\322"..., 8191) = 8191
read(6, "\316\254\253\\FEY\311c\230\333.\17\207A\"\313\272\216t\303\243\315\v\3315\326\261e\334\314F"..., 8191) = 8191
read(6, "\216\v\33\343x\336\321|\2367\35b\niL\307\341\\\213\316X{\f\355~\233\236c\\\316f\224"..., 8191) = 8191
read(6, "|\234\223\331_\361\322\210\26\253\251(\307C\314\3728'\20q\251\21L5\252g\210=c\324?\201"..., 8191) = 8191
read(6, "\306\314\32\177\221\376\20\231\261<Z\21\270^\365\t\2029R\207`\304\344Z\3544\253\210\346\243\204\240"..., 8191) = 8191
read(6, "\27\263\301\21\333=\267\222a\16\312\t\24\234$\304\f\34|W\361.\205\252\234\270\306_m\2255:"..., 8191) = 8191
read(6, ")\253\273I\242\23,I\21dk\226$\275g$\207\220e]Ol\3443[N\273,w\210\361~"..., 8191) = 8191
read(6, "T\32\311\302B{\326t\305\204bDTD\334[\353x\334\302\312\213\22\202\357\36\320q\235nK%"..., 8191) = 8191
read(6, "\345[/\341\234\325\304Qar9\n\315\\)9\353H\355\25\2119c\31\27\226\372\6\255\26\25\\"..., 8191) = 8191
read(6, "x2\255\353+\354\234Pg\21-J0\344Ye\30o\n\216\221\277N\211\364\202\350\337]\234\276\352"..., 8191) = 8191
read(6, "H;\312Ks\23B\326+\314\36\217\355\205\347\16\215\10\f\36\17\256\251yd?\223%\30\302\245X"..., 8191) = 8191
read(6, "r4\5\307-\tPX\30G\213t\6\18\230\233\357\304I%9SlzI\340\300\5\26PW"..., 8191) = 8191
read(6, "O]Ff\234@\353\352DJ\371\313 \260o\\vO\225\260JNn0\r\243\303p.\307F\370"..., 8191) = 8191
read(6, "w\2021\232\32\245<\207\241\321x\264&\247c\31\2\247\346\216\361Ri\26\7\303LE\32'\168"..., 8191) = 8191
read(6, "R\300B\326\312\\3V\375*\331qGb\34\33\247\371v\323(\315i6j\374d\364;)\10\232"..., 8191) = 8191
read(6, "J\316\364}e\264\367\"\314\235\302' \35\314Y\276\243\245UD\345\344\324\215\266\232t\33\241\32\260"..., 8191) = 8191
read(6, "}\243\222\210\342\224\252\233%\230\272\30g\216AL\224\332\316_M\206X\236\23\2P(d4U\222"..., 8191) = 8191
read(6, "\2260\244\264\2539\302\314\276c\31c\231\n[\214j*4Kk&\r\247\310\365\354\2a\t#T"..., 8191) = 8191
read(6, "\304}\315\21\204\\[\275i\364\270\206\200\v7\351\274\322P\227\f\300@\342\304\365L\370BM\317\355"..., 8191) = 8191
read(6, "Gj:2@C\4\301J\233\363\226\266J\265%8OB@$\261\234\343\32M(\231\36\376\340\17"..., 8191) = 8191
read(6, "ti\2657i1\365\267fx\356\274jVm\242\233'\333\202\265=gA\303s\370\rs\223\343Z"..., 8191) = 8191
read(6, "\300\36\326+\326pq\2671ug\234 \34\315p\214\347,\322\371\312\204\241\205\256\f\203`\0103\265"..., 8191) = 8191
read(6, "q\r\r\331\304y\356;\25\263\21^\n\367J\207\245\263\214;\304*'\v\205\341\257K\300\253\351\257"..., 8191) = 8191
read(6, "\244f\224\345\2363\343\232\364P\307Qb\177\v<Rln\304\231\210a\333\323\273w\25{yu\227"..., 8191) = 8191
read(6, "\30\252\6t\371A\300X0\321\6\201\364\235\316ml^\31\253m\260\360\304M\t\24w\304\36Gz"..., 8191) = 8191
read(6, "\21\265\236&zNTME~e\227AP\34\263c)\4\6\5\306\21\310B\354\306\373gU9\243"..., 8191) = 8191
read(6, "\336\214#]\204\344\21(\346\266IAV\243y\33\212\276l\216\246q\325g\275\347T\235\257\267\343\214"..., 8191) = 8191
read(6, "\206%\370\3\r\7VHgd\224e\270\212\"\306[\23\6\1\324\261\217\213t\26\215A\222b\225\20"..., 8191) = 8191
read(6, "\240\253\226q\356\352k\315\255\220\242g\202C\260\233\222\0\f\362h\232j8\3311\343N\367e\247U"..., 8191) = 8191
read(6, ".\32\37\321 \3078\334\312\304\25\204\20\3\215^\262\21saEM~\345\2244\34\320F\210i2"..., 8191) = 8191
read(6, "\310\300ni\37SFT|\315El\215R8\7s\216\300\341\340\27\21\246\265\215s\343\372\264;F"..., 8191) = 8191
read(6, "*q1y\317\363\277qoH|\206\t\rN8\216\25\336\206`8\33\27\233\221\272fh\272E\""..., 8191) = 8191
read(6, "\232k\32\f\314\245\270w\316\316\225\22[\25Ys0\201\30\305UF\30\346\tQ\27\336Of\305\205"..., 8191) = 8191
read(6, "\205tz\261\270\347s\22\246\357\273\2063\363\0213wJY].0\320n\327\t\36\7\262\tWS"..., 8191) = 8191
read(6, "\3%\v1\314Q\341\314\21LJ\345fM\334\304\\-%\242M\334\305V\217\222\34\23aYf\276"..., 8191) = 8191
read(6, "\35\257HFb!\235\364\326>\5\224\21\251\27D\34\277Y GhS\374\305\254r\205\vP\347\201"..., 8191) = 8191
read(6, "C\205\rz\354H9\177q\0251\233]\227\302\356\225E\364\232)J\352\25\241\277\"\270\r\r\201\221"..., 8191) = 8191
read(6, "\370\5'\230\305\214tx\305\225n1]\r\227\341\2117%\204ka\34\236\305\2670\177\237\326;\341"..., 8191) = 8191
read(6, "y\265\233\223-}\251\\\202\306E\244(\264\225c\230R\204Q$\270p\307\221B\247\360}H\247\353"..., 8191) = 8191
read(6, "\316\374\375\326y\365\27[\37\322\211B\333Z\357\303\234S\23\223Vx93S#4\250\221|\236\266"..., 8191) = 8191
read(6, "@\244i\234H\267m)J})\225\206\261\222\221\23\253\27\324\321@\235\323\257\371\374\270 \221\360\370"..., 8191) = 8191
read(6, "\365\177+\315\276)\362(ZU\270\21\253[\225uS\333\275\236\345\316\n\16\7;\17\17\7;m\343"..., 8191) = 8191
read(6, "ILGi\37F\37\324\t\305\362l\333\337\316\31I\220L\305\21\371\21\25-\248\234\246\225\225\317"..., 8191) = 8191
read(6, "K\314dH\242\241\314^^V\307\270\200a\337\1775\322i\330\340\237\233\345\215!\260\234\240\224\311`"..., 8191) = 8191
read(6, "\212\4\4\237w\355X\247J\255cD\231T<\22\245\5u\4P'\20Z\f,\302|\317/E\324"..., 8191) = 8191
read(6, "x\32\211\230\365\301\"\233\f,,\310\26\335w\225C\242\34C\325Y\0160\360\322\372\21\35(gZ"..., 8191) = 8191
read(6, "-\5\25P\260\tQk\214v\n\2611\371\2064\233\307R\343\374\357\347\354\2731\314\245\\\316\206\340"..., 8191) = 8191
read(6, "a\324\304V\214p\221\21#\342\6`\2109\237q\253\331\216\273\206\21J8\330\260\246\0377\264F\262"..., 8191) = 8191
read(6, "\211\221\373\242H *\253\\M\\\255\263\221\277\226o\f\7\327\211\253B\206='\255\342\261\225\242%"..., 8191) = 8191
read(6, "\347\33\303\341\10\37\325Ws\331\36\273\26\34\2\1l\230*\324Y\270\260\21_\206\303\321}\266T\275"..., 8191) = 8191
read(6, "T\326q\30q$<\212\1\f\216\20\0275\231\326\356\347\24553\257\355\225BE(2\10<\342\303"..., 8191) = 8191
read(6, "H\"\200\230Q\364\276\347_\374\250Yo\nuN\336\276\260\377RYs1\21A\305\201\r\207l<"..., 8191) = 8191
read(6, "\245w\2272\372\3240\240\204\277D\345\234\240\263\340\2\337\2151\235\23\365\222\324\361\276\327\355\372\254\270"..., 8191) = 8191
read(6, "\331!\303\246\377\367Y\267;A\262G\237cEK\202#J$\227_\364\373\361^\245\323+\5\3\322"..., 8191) = 8191
read(6, "\351HS\251\260\3314b\0\335\vP\247\323\30+\265\251y\236Q\4\nI\t\363\223\245\24\23\216\370"..., 8191) = 8191
read(6, "t$\5\f\4\236:\262\tl\371\265\317\"d\304\326Y\257\270B,\7\200\330H',6P\21\217"..., 8191) = 8191
read(6, "!\326UFI~\354z/:+\211\272\341\310\v\31\26,\260/\2561\322\264\300#\tFD\275\271"..., 8191) = 8191
read(6, "\221\21\354\24<\230\6m\276\343H\234<NE\336\t\351\230a\0323\nO\276\316Y\340& \203\24"..., 8191) = 8191
read(6, "BJ)\344\315\331\232\244Xg\10\343\0102\r\21\207\20\36\205\353U\374F\214ZN\0323F\341\2"..., 8191) = 8191
read(6, "!\354^\t1N&Q9@\341p\241\232\263\302\320,\316q\200\34\177\201C\307s89\21\21a"..., 8191) = 8191
read(6, "\245\374X\233^\2\35,\320K\277\2063uCB`\352\325=\300\340i\357\353)Z\236u\232\265\v"..., 8191) = 8191
read(6, "|\30$\300p\257\204\322\306\211\250Fb\363:@\247V\231g\305\233K\301+\31\276U$:\213V"..., 8191) = 8191
read(6, "\4\257\210\24,\3133\341;$w\233\27\221Fx\237\367\233\340\261\242s\261\321\3439\320\206rh\21"..., 8191) = 8191
read(6, "\322\316\\\6Ox22\204\316\235:O\23\311\21a\370B\345\216\260\232\377q\371}\276\271\212\320U"..., 8191) = 8191
read(6, "\314 \0\206\0370\341\237\300`qRa\4K\t\177\34\321-g\7\307q\211p58\306u\302D"..., 8191) = 8191
read(6, "\21\21\21\21\21\21\21\21\21\21\21\21\21\21\21\21\21\21\21\21\21\21\10\22\340\21|\5O\21\21\21"..., 8191) = 8191
read(6, "DDDDDDDDDDDDD\204\30\21\21\21\21\21\21\21\21\21\21\21\21\21\21\21\21\1"..., 8191) = 8191
read(6, "Y\223uD\4n\35n\35\313\261\\DDD\4B%BeDDDDDDD\4\1\217]\360"..., 8191) = 8191
read(6, "\212\25\226\10X\"DD F#F\273\355vDDD\4\234\31pfDDDDDDDDt"..., 8191) = 8191
read(6, "\304*\4\304\36\263\347\366\337\22P\261\30\314\307|\21\21l\315\326`$\200\221\20\21\21\21\1\r\2"..., 8191) = 8191
read(6, "\t\21QD\304\3734D\204@\301\345\351\16\211\232\327\227\27\35\21!T\374\214\362\21\21\21\218\23"..., 8191) = 8191
read(6, "\261\21Y\276\254\234\261\21\0217U\336*NDDD\4\230\10`\"DDDDDDDD(\210"..., 8191) = 8191
read(6, "@\0250@\0250`NcN\363P\245\210h\203hciT\24\212\7rB\02018bC\204\351"..., 8191) = 8191
read(6, "\303\23\305\363\31\21\21\21\21\21\1^\3^\203^\2z\t8b\340\210\2017\2177O\343x:J"..., 8191) = 8191
read(6, "ED\4t\20B\7aDDD\4\244\r\244\2158\364\2p\5p\5\314\261\341\234\rro\332D"..., 8191) = 8191
read(6, "+n\r\333\350q\2\213\323\21\21\21\21\21\21h\201\rh\201\r\260e\300\226Al\21[4&\215"..., 8191) = 8191
read(6, "d#\5q`\332b\332\202O\200OD\263\233\341e8\34\32,\204\325\"\207\2469ne\214\324$"..., 8191) = 8191
read(6, "\r2\0012\361\216G\243t\274|\f\206\300\343H\326\220\304\215\0214w<\310\220\352\16\33\207!p"..., 8191) = 8191
read(6, "9\234j\261\273\vu\243\334\217\21\353\311\270@\373G\325E\204\21l\3751\17u\1u\301\241\204\1"..., 8191) = 8191
read(6, "'\3124\2\207\n\r\276'\3F\33LB^\356\246`\322\324\272\25\202r-\210MC4\261#\262"..., 8191) = 8191
read(6, "\341P\341P%\312\35\320`\303\276\310\306\203m\202k\265lH\24\272Cq\16\213\251\31\226\351\227E"..., 8191) = 8191
read(6, "\365\334$\206\307\340)V\254\256\254M\301\302\206d\220\305\36\21\1j\2354\201q\260\26\247\v\242e"..., 8191) = 8191
read(6, "[\207\f\222|/\346g\364\32a(\21t\26\31214Oe\307n\0311\225-\250\343\237\350\347O"..., 8191) = 8191
read(6, ":\31/\221\244\326\336N;\252h\221(\256\25\306l^\327Z\rtY\321\332\266\23;\241#\303\322"..., 8191) = 8191
read(6, "\334\225N\305\"XSI\303#(z\233\265\302\v\23NEhM\33,\320 \341\204>L\26R\34"..., 8191) = 8191
read(6, "\320\320\352F\344(\271%Y\25\227#^\320\217\25#\t\323\30\241\350(\365\0162\10HG\225\2620"..., 8191) = 8191
read(6, "\277\306m\316\10.\323D}\0303\364V\350Dvi\21\21\334\6\17\201\0r4\366\212\3418._"..., 8191) = 8191
read(6, "\0313\224b\315[\206\361U\177\303\312`\26\2755\343\232u\16P\304\347\215\347\272\365\343\374L7\211"..., 8191) = 8191
read(6, "\33\310i\323\252\0\fK\244\261\21\362@]\321\2540\22\1\327Z\327k\304\315\33$N29\261\201"..., 8191) = 8191
read(6, "Y^rE\324\\sX\371\341\263hP\201\33I\204m\16-\377l\316\210@\361,4\356Y\222'"..., 8191) = 8191
read(6, "\244\10\253h\341\201\204\353A\332\"\205\6\26\35\\\315\200\f\241\257`\223H\31\0273\203d*\233\26"..., 8191) = 8191
read(6, "\357\206\232iFb\26aD\r\210\t\2040GRS\202\225\322[\226\346\364\276RF\347s\7\307x"..., 8191) = 8191
read(6, "\200\265\255E&\200y\5\v4\234\275\337\332\353\247\336\t\34\274\246\300a~\275\224MA\302\301\324s"..., 8191) = 8191
read(6, "\322\310\277\322\262HV\246d\233Yq\31\304\274>\213\227\341\334)-\344\t\333[Z\373m\30\212\303"..., 8191) = 8191
read(6, "7\365\342H4\24\34\rtc\254\322\2768$\6\201\346d\t\212\343;U4K\325J\307W\331\253"..., 8191) = 8191
read(6, "\317.\361\304\314\324\304K\347\216\310cHFd\353\222\240\320\23\35\316\361X\347\306\326h\206\247\24\323"..., 8191) = 8191
read(6, "\20--\33Q\357\374\365\334\356\266)\215\346:\6\206\214\340\4\306=,\340Z\205q\222S\231a\246"..., 8191) = 8191
read(6, "E*\352\245\375\241D\216\0u8w^\230A4\4\36'\207&=2(\f\306\325\234\222\206:\216"..., 8191) = 8191
read(6, "BH\231<\3472\271\222#F\256\341HD\35\202d\32\275\26\222\320p\233H\27\341\250ej\21~"..., 8191) = 8191
read(6, "\225\347\304D\33n\230Z(\304\252\210\0234!hsD\327\202\316pQ\347)\242\375\226\356\10Cr"..., 8191) = 8191
read(6, "E\315G\317\21I\204\314\343\v\262gc\4\25\223v\347\277\367\247\3501\257\244(\372\241\21\236J\240"..., 8191) = 8191
read(6, "E@\254\252\22\211%\224\246I\6\314\311jMJ~o%,\234\261wg\264t\253\31\242\360\373\36"..., 8191) = 8191
read(6, "\n\202\240\211Q\236`p\10\357\n?j\31Q\2527\243\236v#D\205\371\270\200s0a\20]\334"..., 8191) = 8191
read(6, "\255\30\273\341\\\364\271\1\0303\323\212\301\304\274w\37\177\361\303\201tV\316$bxd\265A#\307"..., 8191) = 8191
read(6, "\370\233<\371-\222r\311)\212k8n\4\207G\343jb\232\231R\374r\344\21;!\10\6\241\37"..., 8191) = 8191
read(6, "T\f\233\206$\251\37\351\254\347\231\226\320M$\314\231.\17\233\216i%\37\211 l\10\323\310\360U"..., 8191) = 8191
read(6, "\272\266R\n\23,\256\5r\32\25\221\307\23L\252\251E\222\264b\256\341p\222(0W8\307D\22"..., 8191) = 8191
read(6, "9\n[P\274\342\256\0\34\201\30]3\233\330\306&H\265\323\31\206:\332uM\325v|W\257K"..., 8191) = 8191
read(6, "\246d\0201\264\242\2161\2700#dl\17[\22%^!Z\21\343\7\231\316A\351\322\340\\\232\241"..., 8191) = 8191
read(6, "q\366\313\335\271\315\377&-\207D\21V\f\7\255\354s2VEqp\3C\32\371l\212E+\222"..., 8191) = 8191
read(6, "I\206\303q\212+R\205`\304\277o\214fy\246\351\344\225\247i9kZ+\236\f\f\306KU\226"..., 8191) = 8191
read(6, "\17\306\1\303\\\v!\254\316\31$D\363\347\275\220\206C\vs\266\225\316\347M\256M\304\225S\232\21"..., 8191) = 8191
read(6, "\321\245\270\f\306F\235`U\234d-\307:\202\347*\216\246\tv\10V\303D\323KKd\16\203\346"..., 8191) = 8191
read(6, "\306\3704\254\216\375vN\317\tDn\3628A\344p^\355\316H\212h|\361\304\315\363;4\10\266"..., 8191) = 8191
read(6, "\361\242\34\21Q\336\214\303I\340\r\207aL\356\274&\350\16\311\217\352w\271\223\335]\21\307\240\33\337"..., 8191) = 8191
read(6, "9\315\"\225y\261\243\32)4\333I%H\206\3408\302\252\316)\21\247R\241\205\342\376\350.\254\201"..., 8191) = 8191
read(6, "E\320\21\375V\232\331[\343I\23Jx$\204l<\353,K\2109\316\361\\\267\24J\227\1t0"..., 8191) = 8191
read(6, "\310\376\305\22<:\255N\204r#U\30\2A\327(\316\270B\342\34\203\343<\215DB\245\3600\265"..., 8191) = 8191
read(6, "\30TH\344)\25\376#F\301\34\301\351\235\216\366\232D\"\344\231o\210#Yu\365B\270\n\233\222"..., 8191) = 8191
read(6, "\314s\264a\211\22628\347\371-\314x\357\10\325\34\r\16R\36G\322\30\\\22\213\352\355\221\214\311"..., 8191) = 8191
read(6, "\n\260\21\360\234RRB\235\220\316\227#E\206\361\305r3CjB\205O%B\303\v\235\256@ "..., 8191) = 8191
read(6, "(\306\272\317\20\2344\202o\354yF\215\315\242\222\340\2\314\245\225\236\371A\343\370\232AB\324\263\276"..., 8191) = 8191
read(6, "\370\6\312\311]\3239-\215\264\232\2546\325(\376i\275a\277<\30\301\301m\210\306[,\4\322\335"..., 8191) = 8191
read(6, "a\322;\332\2449j\303B\244\"\10qt\207r\324\34\315\23\276\26Ad\371#\245\240p\324\324O"..., 8191) = 8191
read(6, "\332l+\232i,H\334\235\225\361\302)\222\231V\205\225\276\2664\264\36\255\306^\357\204\305\340R\21"..., 8191) = 8191
read(6, "\21P\35\322-7\203\302A\33\26\7\245L\262\21\2\264\21\360\320\254\203\v\212h\3519\351\264\223\315"..., 8191) = 8191
read(6, "\264\341\234\340\216\244\2754\255&S\2608\235\241\27\23\341h\\\342\375h\232;\332\6\255\21\23Y\263"..., 8191) = 8191
read(6, "Lp\245c\372\30\267\215a\2\2131\216\246\10S\2646E\5\347\226e1\301\2Ew\304\250[\27"..., 8191) = 8191
read(6, "(\nJ0\5co\236\301\360\231\0160\230\220\306\273\302TUg\207*\305D\275\256\246\220%\306L"..., 8191) = 8191
read(6, "5\270P\221\21\301J\251:\37\301@\302\323\16\221d\n\312(\2128J\230\202n8LD\236h\5"..., 8191) = 8191
read(6, "\321/\10\303\0u\34\232\266s$\246mj\356\20i\206G;>S\265$L\362D\351P\347\220\230"..., 8191) = 8191
read(6, "Iz\236H\3418[u\22\211\243r\264\23\302T]\25A\216r\241:+\31\34e\333\206+\261|"..., 8191) = 8191
read(6, "\306!\21/\v4\300\331\"\16~\324}0\31\f\2674^\231\302\312\255X+)+\266\22F\357\6"..., 8191) = 8191
read(6, "\17\33\5\270-\243\210\f\345\220H\272'*\223\227^D\4\207`\275\305qL\21\21\302\270#\331\241"..., 8191) = 8191
read(6, "^\220H\256\253\231\22\311\233\345u\27\233\257\254\306\262]\212P\255E\347\243\3339\206%\\E]\251"..., 8191) = 8191
read(6, "^\361\224!j\21e\32\352T\356x\206\2\21\32~\320s\234es;\241J$DI\364\246h9"..., 8191) = 8191
read(6, "\321cP\370\17r\377\f\24<B\277\10uT\21\222i\315\235j\t\300`\204\223\f\334\201iDf"..., 8191) = 8191
read(6, "\4\r\321\33j\356\r\223'qZLHa\274\361\337\212\322w3\231\3638\307e\275\241\tk-\25"..., 8191) = 8191
read(6, "\233\253y\312\273\25JZ\227\325\301Q+\30\21\216T\216\2771m\274\263Ua\212\313\31\34\241\vA"..., 8191) = 8191
read(6, "bY\213lsA$\354\16O\307q(nRb\234a\315\330zJS\2368\316i\202\301J\202\26"..., 8191) = 8191
read(6, ")N\t\267#FU\304\215s\230A$*)IVJ\4\302\256\4\f\365'\210\206\364\251m\257!"..., 8191) = 8191
read(6, "j\354V\355\351<+F\364\326k+R\21\204a\31X3\243\5\252!\235\217\v\34P\247\370>\27"..., 8191) = 8191
read(6, "r\270 4\266\261X\3533\350\271\260\240\225\25\323\1t\21\3669l\275\\i\220\274d\211\260\20&"..., 8191) = 8191
read(6, "\253\225\263\21a\f'\324\335\33\6\256\201\33\276\360J#E\355Jz\33'\254s\204c$\250\211\252"..., 8191) = 8191
read(6, "!\305\31!(\202%\370y*\v\213n\277z+\216:{\204U5{l\346\256\25\202q\216BS"..., 8191) = 8191
read(6, "\365L\274\206\vH\227\270\300v\302*\260@#\314M*L\207t<\316D}DP:.\311[S"..., 8191) = 8191
read(6, "**\265\316ZTZ\244\2203u\237\21\21s\241 \6q\0\3\33\tf\374\3\335\324I\26+."..., 8191) = 8191
read(6, "\250[\363\3300\306\222\324\341\234b\30\252 \360H\0314<\246\305a\306Z\236\345\33\"\301\310\316^"..., 8191) = 8191
read(6, "\v\226\243`\204\2754\353\275bXm\355\n\264\212\263\245\4\213i\215\322\261\306\254\21^\304<\322\251"..., 8191) = 8191
read(6, "\23I|\tt\276h8\306\16\315\214z\32S&\261\320/NLB\206\315\304\262\306\235u\216\310!"..., 8191) = 8191
read(6, "\0B\314d8\32\247\353'\320\31\24/\21y\216\27\\\25\32\211j\365\352\206\25\276\243l\237\1\v"..., 8191) = 8191
read(6, "DDDDD\204\37\21~D\370\21\341G\204\37\21~D\370\21\341G\204\37\21~DDDDD"..., 8191) = 8191
read(6, "\27P\27\21\21\21\21\2125\206\327\321\3103\3103 \22 \22\300F\23\342\21\351>eP\206kp"..., 8191) = 8191
read(6, "\20\201h\360\23\360\23\206\203j~D\4\334\24\334TD\204\276u$}\3139\234\3X\3X#\222"..., 8191) = 8191
read(6, "v\201P\200P\300\322\300\322\200\332\201\332\331&\217\211*\205*\305\301\225,\21\21\272\353K\21\21S"..., 8191) = 8191
read(6, "\247Y\212c\217\311\230\214\331\241\254\35v\\\355ETDDDD\34\233q\350s\350s\310\25\310\25"..., 8191) = 8191
read(6, "\206\311\31\234\361\341\235\0277\21\21\21\0213\222\204,\201,A\24D\201;\201;qN\n\326Y\247"..., 8191) = 8191
read(6, "DX\236\332 3 3\340P\340P@4@4\2621\22\334<\334\374X\321\21\21$U\21\21\341"..., 8191) = 8191
read(6, "\307\0\34\2p\10\310\25\310\25\200\221\200\221R\210\226\367\237%\334EDDD(\263\21+\24\330\4"..., 8191) = 8191
read(6, "\211\10\26\6X\30\3071\351\316\364^E\204\360\221\361\367\21uY\2\205\222\342\222|\260p8\0V"..., 8191) = 8191
read(6, "1N\325}\370D\316\307\32\222 \334p\25Wq\5W\264\211\r\267c\206e\10\364\330\260V[\36"..., 8191) = 8191
read(6, "\366Q/\230s\310\2404\7\215'\231=\3329\232O\30)\354\305M_\337\244\24\333}5b\317\v"..., 8191) = 8191
read(6, "\232u\2331\33\251\204\230\3:k\30\252\221\216\360c\225\344hyU\237\21c\371B\305G\2161c"..., 8191) = 8191
read(6, "\214e\234\367\2026,\236$\304e\225bHBf\304*\347\221\30VS\330\341Y\246N\242\205\2647"..., 8191) = 8191
read(6, "\303\340j\206\327l\227\236\251\357\254\304\362\361\275\23<\232\245\\\364z\24!*B\313a\275\343\321\372"..., 8191) = 8191
read(6, ";J*:\317\254-\250Z\16\321\210<I\22S\231\253\325l\364\220\364\324H\25\246\261\365!1\205"..., 8191) = 8191
read(6, "d\210\271%dO\2442A\324kD\322\317\275\340\244p\226\346\27\341\230\357\271\315\363<!DXJ"..., 8191) = 8191
read(6, "\251\234'\351n6\241K\247z^\234P\323\202W\337\202\"\206\233\276\320\376*\277\267.,p\253\21"..., 8191) = 8191
read(6, "Z0\7nD\20\241\200\31Nh\226\300v\316\2048\312-\221\310\2ue\25\273\240\332L\311\20\236"..., 8191) = 8191
read(6, "\321V\224t\241\215\263/\274\340\v\306\224:\216\225\247JH\361\316I2M\10*\7\207\305\300\37\256"..., 8191) = 8191
read(6, "\250\214\334\f\2633y_5k\10FWhV\315|U\230r\263\263\24\301\24\307\n\16\225\355KM"..., 8191) = 8191
read(6, "\34-7\343\314\314\324\t\302\247 \314I#Q\r\333*\313\2436\32189\357\334\224\351\317|\351\343"..., 8191) = 8191
read(6, "\333\234m\212\322\2340$\302\260\311\237\27\316J\267/\274(\24\5\261\315\251\227tKp\212\341\350s"..., 8191) = 8191
read(6, "\21\222\312p\365\336\214\322\356D\2454\315\"N\314\316O\316U\316\274\227\2264\34\247\250,\322\3638"..., 8191) = 8191
read(6, "\320\254\1\221\25\0\0\0\0Z\25\207?X\23\200\203K$!\225r\216 {\25/\\\220x3>"..., 8191) = 8191
read(6, "nD\235\224\fSJfgED\236\315\341\256e\350\24\352Q\21J\301\321\23R\324_\317\354\351e"..., 8191) = 8191
read(6, "\16,\3208\260 \353\354\\Bi\365\327-x\302;i\246r>\211P$\216\3641\25\21\6\241v"..., 8191) = 8191
read(6, "i\222c(\337\304[\177#\226\310\340\213\265\273W\2279\354\315 1\351\206\310C\0222\31\17\t\7"..., 8191) = 8191
read(6, "<\365\221\222'\10L\245\374\245\2674\252N\325\353\0300\227$C\345\3678\361)\261(\21S\245\t"..., 8191) = 8191
read(6, "kL\10\331\35\275\34)he\336\t\272'H\337+\214\362ER\302\v{q\2317\206\203s)\256"..., 8191) = 8191
read(6, "N\357\335\271\312p(\206\223\222t{\365\332\274RR/P\2605\25\275\314\314\323U\226\306E\304\231"..., 8191) = 8191
read(6, "\250\276K\313!-\255+Y\320\240}T\355\347\r0\f1\324Q\261\343B\2334q\255\0213\24\211"..., 8191) = 8191
read(6, "(Q\5u\36\314\215\240\240\234\200\f\2\215*\231\345\244WBk!\250\361\177\f\332\0301\361\322\277"..., 8191) = 8191
read(6, "\34%\270\n\203\342\344\306\216u\35\377u\232\345\305K\343$'=\1\316\271\233\6\317\356T\244\344H"..., 8191) = 8191
read(6, "1]r(C\217\25\234('\252ol\207\305i\204\302\361\260\20\3400\330\360\263?q\341\225e\256"..., 8191) = 8191
read(6, "\25S%DFD\4\21\221t\245}\337e\350<\0201\355E\346\2275\202\245\360@\206X\16\306q"..., 8191) = 8191
read(6, "\305\325o\270RrD8,kl\253m-0\2440\273\347\23(7\321\341\300\34\303\2478\222H`"..., 8191) = 8191
read(6, "\263T%\322\214\260\363\202\26\235_\16\223\216r\311B\23\21ASu\243:\342\206\361\235\334\355H\302"..., 8191) = 8191
read(6, "\rQ[\27J\213\313\343:\305b8\2768\307\367\266\16\v\276tm~\204\177\f\241NVD\204\267"..., 8191) = 8191
read(6, "\t\227s)\24\312Y+w\326I\352\23}\265!9~k~d\262\274\245*mH\307\302E\210t"..., 8191) = 8191
read(6, "\371\257X[\322H\253\23\237\25\2421+ye\324\345\213u\345\254+\351\255\204\231/Y\23{\177C"..., 8191) = 8191
read(6, "\212\300`;\270P\352\347\215\335\264\214\256b\331U#J\243M*\n\203\343\7qy\352\304\237\256-"..., 8191) = 8191
read(6, "\256\244\273-\244;wu\3417Kr\270us\322\343\204g\330Tn\363\364\250H\307\371\25B\4\211"..., 8191) = 8191
read(6, "\306\255l\252\306:\264\6\313j}\35\21aI\315\340\234_U\21\310\300\324xv\21\242[\24\321J"..., 8191) = 8191
read(6, "\210\212\5\f\253\214\373-txs\234\306\350^\220\334\334'\312\255b1\35\312I\273\241DD\234\21"..., 8191) = 8191
read(6, "Drx\243<K\251$\216\327\36#\312\t\216Y\222e\3711\355\35\207!\\\241\334#]D\4\275"..., 8191) = 8191
read(6, "\256_F\304WT_\315\2259\336o\215\21\332H\255X\353\360t\327\211\357E8*\207F{\264\354"..., 8191) = 8191
read(6, "\323\332EV\27UE\370\341K<\340\360\n\320\2658W\1r\227z\354D\373\257\376\257a\305\277a"..., 8191) = 8191
read(6, "\6tD\302\226\340d\305:\221\233\372\177\357\363Px\322\221\224\352\335\35\225a\374\315\t\310\360\273J"..., 8191) = 8191
read(6, "!\231\261I\345rHB\314\306\t\342\v\236\221Q,n\257b\372TV\336Y\367\376I\373\372\206\263"..., 8191) = 8191
read(6, "\344\314\n\233\365\f\202fHD>\211(\t\247|\267\347\30z\271\346\203\3.\234\36397D\21\21"..., 8191) = 8191
read(6, "!\335\22\351\306\325\205a\4\301\352kD\10\326\224\342\257\220i\32\351\201\333v\350O\270\\\26\227\25"..., 8191) = 8191
read(6, "C\345\302\302{Qy\30G5\275\364\257\327\nq\246\272Ys\273\2220\273FD\26\6\21a\20Q"..., 8191) = 8191
read(6, "\342\20\234\323\202hT\23Y\322\205f\235\25\255\230\233c\301\34\5\314Ql\306)\246\16\16\304o\317"..., 8191) = 8191
read(6, "4\310 \254#\214 (\216e8\301\242O\22iD\232\277M\f\v\t\24\20\241URyY!\22"..., 8191) = 8191
read(6, "\0107!\20rXD\333i\352\177\267\216^\212F\242J\23&\317;\322\214:\21q\21\21\21\21Q"..., 8191) = 8191
read(6, "\"\245\322\236Y$\335\352\242\33\236\351~DDDDDD\nNF\304\346\375G\\\215\261\332\2158"..., 8191) = 8191
read(6, "\204\30\242b\350\225\367\353)\315\263\242\301\21<\355\10\3651F\232L\330\240rXC?3\202Qy"..., 8191) = 8191
read(6, "\325\255T{J.\273\230\22\3\331[Gt\306i\342\255\25\265\35Hc!\215\5s&\314\231_\267"..., 8191) = 8191
read(6, "{;\236\332\31\354\2610g\302\234)\231\223%u\f\221\341\306\305\234\360G\24\313D\242\311\310\346\277"..., 8191) = 8191
read(6, "/\234!e\372\343\345E\215\27\21\21D\311\241FeV\\\31\23OE\311\200\30\274\\b\362xH"..., 8191) = 8191
read(6, "E\30\367Q\21\21\27\301! \35\211Q\245\246\327\3s\"\324\371\265\253:\351\251\246\24\27\276s\237"..., 8191) = 8191
read(6, "\243\346\336DEDLD\204AQ\252p_\271\335\372l\371S\311U-\356\26\v~\234\304\341\7q"..., 8191) = 8191
read(6, "\25\23q3\21\302\204\257\360t\204\219[\225\221#h\221\226l\224\31\36\23\315\330\235\222\24[Q"..., 8191) = 8191
read(6, "3[\353\212\2065\332\212\2621(\267\216\245(\260\20\310\320V\327T\300\00238\320#\3\r8 "..., 8191) = 8191
read(6, "\0016\313eb\303\3240\371Hg`\333\326:\216\355\222\334\232\275\202\2448b\31\177k\304V\0300"..., 8191) = 8191
read(6, "\v\241\266\33731\301\321\2163\234\26\247\253s\4L(@q\6Gz\353\24\211u\343\217\242\10\223"..., 8191) = 8191
read(6, "\351d\274s9\263\265Uq1\21\21L\246\313A$\10Yq\365\365\321AAx\321P\341W\350$"..., 8191) = 8191
read(6, "\274!\\\214\261g\276#\r\217l\231J\n\347HA\204\v\3717/P\2354\306\324\215\221\31\21\25"..., 8191) = 8191
read(6, "\230aZ\325\23Y\370\203j\35\31!\2113\216`\2\3\207\355\252\22\02712\210\35bF~\265/"..., 8191) = 8191
read(6, "\21\21\201K\36.y\21\21ha\240\205\2016\2036\23\21\201K\217K\37\21\21\21\21\21\21\21\21"..., 8191) = 8191
read(6, "\21\21\21\21\21\21\21\21\21\21\21\21\21\1i\36\244y\246gz\21\218\248\24\21\21\21\21\264"..., 8191) = 8191
read(6, "\31\21\21\34\36\207\207?\26\376X\21\21(\244\242\220\32\21\241\227^\21\21\21\21\21\21\21\21\340!"..., 8191) = 8191
read(6, "Q\347TDDD\4\n\25\n\25#\3Mb\212\207)^D\4\202x\10\342\341\221\207G^\315E"..., 8191) = 8191
read(6, "D\334\t\3359\34\21\21\2024FDDD\4q\22'`\4`\4\312\4\312\4\242\321CZ\360\3"..., 8191) = 8191
read(6, "\274\\2\306\261\311dL\210\21vEDDD\200\230\7b^D\204\3n\267C\354#]D\4,"..., 8191) = 8191
read(6, "\n%\236\205\f\37\303d\327\263ED`\205\205\25\26\10\231 dFDLx\27\21\21\21qy\37"..., 8191) = 8191
read(6, "L\21\21\30cb\214\211N\26:Y\21\21H\267%DDDDhq\37\21\301\20\21\370\21\4\344"..., 8191) = 8191
read(6, "\v\25\3008\0\343\\\\\245\266\301(1J\6\211Yp\263p\263Q1\21\21\330\20\330\20\0043|"..., 8191) = 8191
read(6, "\21\37\235\314H\301D@E\rbi\203\4V@\232\1i\6\252\r\252\315\205s\340\22\340\22\3431"..., 8191) = 8191
read(6, "\233\202l\n\5\t\5IELEEZb\32).\205\314\vn\24\255\214\345!C\200\32\5\250Q"..., 8191) = 8191
read(6, "\212\37\21\236\362\21\21\"\t\306\251\0\306\215\21\307B@\201`\\l\305\207h\200B\200\f\6\3O"..., 8191) = 8191
read(6, "&\320 \32\r\3010W\356\370\252\2601o\\]\275\221\227K#)\32\316\235\241\352<\21\21\354\34"..., 8191) = 8191
read(6, "\257\v\341\33\21\21\21\21r\20P0\34\325\344n\325\30y\0351\365\346d>\217\307\300i\f\203c"..., 8191) = 8191
read(6, "q\3XR%\357\340\31\1\3255/\217d\22\334~\205\244\272\24c\10\347t\204\253\30\302\354\f."..., 8191) = 8191
read(6, "\21\218\301Y\24s|xV\261b0\265\221\21\21c\354I\37\341\0\235\247\370,\34Q:0@"..., 8191) = 8191
read(6, "\5\33\33\276\240\25(a\n\2421\343\207\34\v\37\362\26581\21s[\216\243\237\240\n\256\304C\300"..., 8191) = 8191
read(6, "3x2W\243\201\303\314\316g\304\324\371\302R\270N\205H\302#\250@G\24\21\3012\206\303pL"..., 8191) = 8191
read(6, "o;\4\243\212\23\306<\5E\4\ru#Z\361Q\242E\316\215`\346E\\\324\t\7tN\204\320"..., 8191) = 8191
read(6, "\25\261%\204Sb]~:c\234\357\227m8\n2\244cO\245.\350\21\25\200\21\21A\7)t"..., 8191) = 8191
read(6, "\317\213\23T\223\233\331mDD\350\26\353#\32\301\242Y\3200\222SS\220\241D\260\331duS\177"..., 8191) = 8191
read(6, "d\10\337qBYL\326y99\220Aq\300\200\24P\207V\34y\0217\261Y\21\274\230\306\32\f"..., 8191) = 8191
read(6, "5f\360\222\23\312\24V\322R\3220(\323\16\201uNf\324\277+\31\206Zf\256\327^*\304\4"..., 8191) = 8191
read(6, "\2365\2256E\0042\320\16\244U4O\335\317+\2\2553\223\373}mtZ\"\215\207q\22V\210"..., 8191) = 8191
read(6, "j\217\366\211t\306+LRD\4\325\217\201!d\344\23\10\203/d\234\201i\4\3746\274\20\220\360"..., 8191) = 8191
read(6, "\214_\5\37\f\211h4!\307\10Q\306F\354d\244\340\10qK\320\0240\0214'\232\265\3069\365"..., 8191) = 8191
read(6, "\0224\302\237>\237\346\337TTD\204\16r\260@\260\324\254T\304d2\3\327\"\35\246\331\10\"#"..., 8191) = 8191
read(6, "\261\216 \321,6\361\363QP!\30\310a\332\300K\261r\27\25\1\242\220I?\35\37m\305\276h"..., 8191) = 8191
read(6, "\221\306*\246B\304\305&\321\2541\326uD\204\351\310\310\300\7_\204T\254\220E\306\207(\274\274\214"..., 8191) = 8191
read(6, "\21\316!\3101\301K\254\221\202\220Jy\257\305l\344iUoY\f\362\331\1\v\303\351\253\21\21\316"..., 8191) = 8191
read(6, "0\201\3~1\323\341\7`0\222\311\344V\264n\264\370\0371o\350\222\231$\226\340\4I\231\32\27"..., 8191) = 8191
read(6, "\r\5/\244\311\324\274Aa\304\256\242}D\305Uf\0327\302\232\226\353\224M$\2079\206\"\26\27"..., 8191) = 8191
read(6, "\320\220\211t\316\314M\234\221\31\237\322\315\311\\,\374\feD4\256\335\341B\340Bp\360\350\313\212"..., 8191) = 8191
read(6, ")\21\21\242\34e\236SAF\0\r\3601\347E;s$>\27Y)\227&0p$\236%\236e"..., 8191) = 8191
read(6, "\200\4X\201\30\204\264t\220Q^L\367\30\365w\263\27Q\326\330J\352\262m)\232\301\311\223?\2"..., 8191) = 8191
read(6, "\334\6\333\n}F\5\1\233\303E\304A\243wG\210\273\24\21\21l\2272\r\306\331\314\225\345($"..., 8191) = 8191
read(6, "\4\246\315Ma\0342\20\23\201Q\202QZ\232\21\200\321\2046C00\241\33\r\236\331u\374\374\0"..., 8191) = 8191
read(6, "a\206\0\16o\t\\u\33\25\23\251hU\276\257h\240f,2\340\27\247&\261\r-\27Y(|"..., 8191) = 8191
read(6, "\2\341\332m\273\245\333\33\365Sb\265\342\371\212\330B\331\0344\206\260\23\246I\201S\201S\1\v\310"..., 8191) = 8191
read(6, "\336\305DT)\30'8y\\Z\346\330>\203\242\361+\376\213\374\303?Tt\3160\27D$\5\5"..., 8191) = 8191
read(6, "\210\220\201&gS0\303\27\305q\311\307p\334v2m\317D\\\337y\342\21\33Hg\211\22\263\213"..., 8191) = 8191
read(6, "\24\303 \2343Q\306\0272\230$\203r\3410P\220T\30q$Pg6\37)\236Q\340\t/\5"..., 8191) = 8191
read(6, "\5\341\227T\221qsQ\333\227K\24\211t\222\312\240\10\243w\270Bp\304\275\306\321a\363\320\21\220"..., 8191) = 8191
read(6, "\220q\327\327\211571\31\301)\fG\3159N+\341\361\312#\10<\272\320y\21\16\225f\300\304"..., 8191) = 8191
read(6, "\30F\220Q \10\244Qr\331\f\230\301\310,\3\n\31)~\220sh,6\311u\344\325\304dn"..., 8191) = 8191
read(6, "\301\206hL,6\1M \30C\257\310Q>\341|\350\246\350\nw/\\\236\316\251:|\322\r\25"..., 8191) = 8191
read(6, "\373e\22H\316D\205yQ5\267\354\257\34\241/\214e\231ZD\204\212t\24:\203\314\230\254LH"..., 8191) = 8191
read(6, "\351\215r\361.\250\301\34\322\251\274\21\36\261V\206\241DD\4\179\35\335Dn\325\274w\312|D"..., 8191) = 8191
read(6, "\177\272\3458T A\203`Q}J\v\351w\340\2cXFR\220\321\342\31\252!\6\37\23\3121"..., 8191) = 8191
read(6, "Y\360\1\206mX\302V8\361\27\2415j\230\316\363\214\307\261\326A\35\320ic\304\344g\310r\4"..., 8191) = 8191
read(6, "\t,\31]%&\313\10\351\264\260\312x\27\316\216\261\230\226\204\\T\330\300\210g6\265L1Tx"..., 8191) = 8191
read(6, "\7\rw\236\255\307\245\321\3523\362\243\204\354\260\320\221\343\17\33\250\301\23\37\246\1\24\376\314[\276\363"..., 8191) = 8191
read(6, "2 \206!\n_\327\364:\33!d\3142PQg\"\6/u\24\205\264&!\t-Ug\206\346"..., 8191) = 8191
read(6, "\306\335\3100G\301\205\22\344L\7m\375<\22\311z\30\207q\3644\10\302\306es3\r\374\240\5"..., 8191) = 8191
read(6, "\300\r\230@\n\31^-`!\232\303\205\32\20\306\344\220T+b\316\254xQ\363i\2343'B\235"..., 8191) = 8191
read(6, "\2197%\251FLD\25\213\212\"7\223\361R<U\24\314ED0cD2\262\332\4\374\210\206"..., 8191) = 8191
read(6, "\202\32\350\326Ie\223A\30!O\2\0106\330d\276\344\347y\34V\2040<o\314IWgl\255"..., 8191) = 8191
read(6, "\221.\31\323\n\253\355)FN\344\272\202\30\337s=\36\21\217Ob\21\365\7\27\23.\274K\260\36"..., 8191) = 8191
read(6, "\24\332\364A\304sq\26f\240\305\317\333|\244\24\370!\323-\323i\246\22\255h\332D\206y7\252"..., 8191) = 8191
read(6, "\10\35D\260Q=e2b\304\234\3601\371\361\25A\365\245\304\354\230\24\6U\10\37y\363\2641\357"..., 8191) = 8191
read(6, "\274A\301\25\30\307D\211\25Ld\4\2242\301\37\207\26\26373\373'\353\263#)\252\3579e\274"..., 8191) = 8191
read(6, "\21\320)\256\303]Uw\23\305>8\261e\322\274\205\f`\1\v\216(Zs\343|\272cG\204\200"..., 8191) = 8191
read(6, "\300\7s'\2210\21\231\21\21\325\301\0\25\260A\r\26\344\324\324\370\302\200\30\200\301z\200\301M\343"..., 8191) = 8191
read(6, "\26adG8v\204B4\276\312F\224V\226\354\321\340\\DD8>\324\261\331\340\200\30\2746X"..., 8191) = 8191
read(6, "g\36\27!\1\r8\350\247\v\17\37(\306\217\f\226\27\270\20J\31\0\302O\232L\344\204g\23\263"..., 8191) = 8191
read(6, "\0\302M\3057\307DF@ns\201\0033\325uN\335\366\30\31\233\226Q;\27\226\356\205(\235~"..., 8191) = 8191
read(6, "\233iDu\311\21d\220\206\23\350\26\4Aa\230J\300\304\t~T\376G&\230\371\32G\10\274\204"..., 8191) = 8191
read(6, "\21\212\3200\341\365\225\325B7\200E\48l3\243\33cMUI\277\365FU\304UL\236\244\354"..., 8191) = 8191
read(6, "\34\301\213n\324\207\26\334t\4L\324\206LA\200\37\274\24\4\362\275s\202`e\344;\375\351,K"..., 8191) = 8191
read(6, "446\221\325e\\\225\303\2j\31Q5;\347hlJ\326\204f|$\211J\242a\203\17\30\f"..., 8191) = 8191
read(6, "\206l\225\24\21\1j\207q\224L\177\25\353\f\207'\\Me\344f8\361\202W\206\340\2740\312~"..., 8191) = 8191
read(6, "\236\364\232\36\23yP\247\255#pE\\Z\364,U\21\21\230\301\ni\360\304\235\224\237\365\341\34\207"..., 8191) = 8191
read(6, "\27KD\204\246\362X B\33\\\20A\301DQ\370\301@\306F\314\205'\306:9a\250\27\267\316"..., 8191) = 8191
read(6, "\1\236\1\f\2420\375\30583\2273]s\225\21\353\222\230g\227^\277V(+\204\206n<\300@"..., 8191) = 8191
read(6, ",\20\202\31\24\6e\324\245\266F~\314E\325TED\305HK7\365\23\300\260\253\251D\21\24K"..., 8191) = 8191
read(6, ":\356\304\305M$\305\241[\304\\q\302\334\362 [?\333q\344\204\360\206,GP3R\321\24\v"..., 8191) = 8191
read(6, "\276\242DE\335WN\276 \206w\225\312\n\234.\227\3234\2757S\0\22\0212\35Y\370\360\1\37"..., 8191) = 8191
read(6, "\4s\\!FT\210\212\235\23\21/\324(^\225q{g\221\254KR!\304\350\303\274\307\30a?"..., 8191) = 8191
read(6, "\v\3\1+\244\20\223\2567\33\372$\307\262\214\321,\241\205\224\311%\263\21\302\34J\10F\31\216["..., 8191) = 8191
read(6, "\357v\326\245\240\260,\33x\301\2\214\t\264@b\261\223ED0),8\307\30\210\205\37\304T\24"..., 8191) = 8191
read(6, "4T6\227\214jApd\366\226R\31\212\225\225\261\236\221Befv\354\323\17I\230\322\313\217g"..., 8191) = 8191
read(6, "\351\247$I_\306\215\317\300\320\315\222j\tl\tu5a\30L\20!nH\262)\250\272CE\301"..., 8191) = 8191
read(6, "\211\226\242\2\3\321\10/\271DB\304\204E\231\23\344\340\200h\274D\20AA\ts \7\36\324\362"..., 8191) = 8191
read(6, "\32\21\21\1+\7+\207B\207Bg\216>\21\21\232\245Yxrxr\230\346a\232\27\21\1_\7"..., 8191) = 8191
read(6, "\200\22\342\213\37\21\21\21\1\37\1\37Ay\224\207e\203e\23\21\21\21\21\21\201]\213]\vPD"..., 8191) = 8191
read(6, "\\\2049\21\21p\344\301\221\7A\17AO$\20\t\21\21\2601\2601\3001\3001F\334DDD"..., 8191) = 8191
read(6, "\2202Y\23\21\21\21\21\21\21pvpv\21\21s\23\325wy4\206g\234\20\21\21\21\1a\3"..., 8191) = 8191
read(6, "\341\213Y\27\21A\24D\201a\201a1\25\33\21\21\21\21\21\201)\203)\23\21\21\316\265\22a\375"..., 8191) = 8191
read(6, "D\200\324\202\324\302\325\301\325\1\326\0\326DDDDDD\250\16I\244S\25\21\361\363\2036\2036"..., 8191) = 8191
read(6, "D\4\311w\324\223DD\4I\220\4p\fp\314L\\D\304\254o\275.\204\330,\27\21\201X\203"..., 8191) = 8191
read(6, "\223\2\fI\214t\205\24&R\230\330v\330v\3601\3601\333%aQcQ\243\4\320\241\4\320\361"..., 8191) = 8191
read(6, "\302x\214WS\3i\34\220\306\21{c\276C\302\326>\7\341x\0360X\300`ED\200\320\200\320"..., 8191) = 8191
read(6, "m\261\233\304\"\23\260ED\4\215\255DDDD(L\206\22\21Q$\0313\336\30\177\332\n\223s"..., 8191) = 8191
read(6, "DDDDD\304\251Wnd\232E0\252@\22+DEDDD\10\212\267\21\21u\202\300\26\212"..., 8191) = 8191
read(6, "DDD\204\373\37r\214\259\312ED\226\309\346\216qb\fEDDDDDDDDDD"..., 8191) = 8191
read(6, "\304\206\250n8\31N\255\361\21\21\21\21\21\21\241\3351\30\325\246\246)z\353S\333\263\227\327\235\331"..., 8191) = 8191
read(6, "\21\21\27?\22\321W2DDD\210\25\31\345\225~{\317bF\206\232\21\21\21\21\21\21\21\21\343"..., 8191) = 8191
read(6, "D\204$M\t7\206\360\202\341\370\272\262Sub^DDDDD\304\2643\300@\245\256e\21_"..., 8191) = 8191
read(6, "('\320FD8\345\224\242\204\366\312\376\353$\343i\271\21\21w\\NDDD\204\347\t\23\21Q"..., 8191) = 8191
read(6, "DDDD\30\316l\\\2044Z9'\230\367\335\375\361VOy\346\222DDDDDDDDD"..., 8191) = 8191
read(6, "`\n\325\24^lO\317GDDD\230\223JD\204\322\33\31f\353?0\27\21\321eD\334\224\345"..., 8191) = 8191
read(6, ">lx\f\343\r\313\352\16\316\261\305LDDDDX\271\27\0211\34\2567\352\32q\264SN;"..., 8191) = 8191
read(6, "9R\324\255\30$\252\221\330\244`\223\202>\36\372x`5`5\200\324\200\324l\313\266\260f\301\232"..., 8191) = 8191
read(6, "\f\t\352\270\250\343B\335A\335I\371c\237}y7\\.\313\t;Q\352)9Wm\372\31^x"..., 8191) = 8191
read(6, "\"\310^\30\225\27\31U;IT\23\25\306W\212\226h\1\210\7 \36\321\22\255a\\ky\206\371"..., 8191) = 8191
read(6, "\217 \34\4\5\4\205r\306\374\350_\243;\3028FD\304\260\330\3<\36\360xxc\342\215YW"..., 8191) = 8191
read(6, "\23613\223\221\216RRVMM\257D\317pw\271L\36\223\207j&\252\231\240R\240R\364C?"..., 8191) = 8191
read(6, "]N\377\32\225\275N\234\27%9BU\31\306v\277p\25=\261\206qU\273N\211\256xW\223S"..., 8191) = 8191
read(6, "\230!\324\237\343U\2440\346l\337\tF(3{+\316\314\30S{\21\256u9\343F\340\202\246)"..., 8191) = 8191
read(6, "\222T|L(\2321\336\252+\225;ZD\204w;\305 \316\\[\216f\342B\20Js\325~D"..., 8191) = 8191
read(6, "!\03055\321\316\345\304\336\236ujW\366\356\10/(\223\37\365+\304\255\305cDI\322\342B\30"..., 8191) = 8191
read(6, "X\21\25\35c\204jvi?\301\20\326\32\221L\335\251dw])\306\346\321\220\370\303 \204\264\263"..., 8191) = 8191
read(6, "\30Q\27\322\33R1\264s\277D\2635\312U\204\314Ch\251;y\225\241\32\21q'X\261\212*"..., 8191) = 8191
read(6, "\226\322l9}\35\352\330-|\304\31F\224\23\377\272`\251\372\33\242Fr\323\265zG\345et\306"..., 8191) = 8191
read(6, "5%L\236\2601\221\375Y\375\335\306\33c\4[\30<\225\320 \225(m\244U\325\246\23\4S\273"..., 8191) = 8191
read(6, "(Q\35\364-8\241\364\322H\24\\?\36C[%ED\2740\312\214\245\n\25bTML\317D"..., 8191) = 8191
read(6, "{\246WA\3254e^z\312\315\314\16\233k\214\222Z\31\306f\344\304\237ix\302\33fYN\20"..., 8191) = 8191
read(6, "W\337!\276/\210Y\23\347\\H\6Mh\325\27\322\327\356\335\334\356m\235\27W\261;\25s:\v"..., 8191) = 8191
read(6, "Np\30\326\n'\250\253\275\241\214\351\314LL~L\304\225T\332\377\27741\243D\t\335e,\317"..., 8191) = 8191
read(6, "\355\211\316\346o\236TN\304;1\261\37U\307\361\265\343Du]Yo8#\204\202\23i\253\177\277"..., 8191) = 8191
read(6, "D\247\370K\364Z\16CE\252\357\344\205x)Ye\0]E\232\306(\255l\304\30s\262\251j\23"..., 8191) = 8191
read(6, "LF\244R\221}\336*g\320\213\224\206ZL\312;\343\345\336L4ADDD\204t\245\32j\32"..., 8191) = 8191
read(6, "\251\232\362\202\340M\17\211\25\21\21\21Q%INz\251Nd\212q-\371y\263\216R\21\25u\342"..., 8191) = 8191
read(6, "DDT\227\221[\261\322\376\307\325\204TW\321\265\27\322\266\26\247\2508g\221P\234T\265/DD"..., 8191) = 8191
read(6, "i\236\32\21\21\21\21\21\241\254?]\202A\225S\273\367\336\t\375\361J\335\31s\353x^\246GR"..., 8191) = 8191
read(6, "DDDDD\204\303\306\240\325\314D\315\364\3759;\352\334d\266\237fWM\310\25\21\321\266\343\252"..., 8191) = 8191
read(6, "\t\325\303\0r\272X\27\242\352G\\\326\v\231\24\237\253YO\325\25q\21\21\327\323\236U\257X\f"..., 8191) = 8191
read(6, "\311\26g/\25\307O\32\1YD\220E\4YD\220E\204 H\201 H\341X\347\364*gL("..., 8191) = 8191
read(6, "\352e\344\304\n\261\21\343\316d\374\220\30\4\24\267R\260\20\323\201\33\v1\35\270\35\1H\360\264c"..., 8191) = 8191
read(6, "E\35\333Fn\250qDV\31<\315e8\357\30e\365\34\217\10r\307#\202\34\207D\344y\4\234"..., 8191) = 8191
read(6, "\"\216&>G\n\306~\276F\257\32\35\353\355\266\330\300\242\304\2548\25yoNNt\315\\O\224"..., 8191) = 8191
read(6, "4V\313\326R9F\262\20f\336r\204\320\225\270\300\23\21\261\302O\360\304\233;\241\353\26\277\256["..., 8191) = 8191
read(6, "[<\320\300@\344E\326\354\207\230)\31\337\241X\232\261/\220H\222H5\346N\30\232X^\213\36"..., 8191) = 8191
read(6, "C\20\37\23a\215\21i\204\343\205\345NT\vwgH\252\351\261(\332H\365R\2348)\31\231\331"..., 8191) = 8191
read(6, "}\335\342\3349\375\316\260\2043,\301b\364\211\327w\302tD\204r\212\24\4\353\t?n\30\221<"..., 8191) = 8191
read(6, "\343\245v\vM(\202?`\6f\0173X\221g|\355[v\214[ss\271\336\314\304\370\243TH"..., 8191) = 8191
read(6, "\316\341B\26R0\231{\25\330\20\21\361\23\35\206\247hQ?\35']\fSr\371\2429}\3614"..., 8191) = 8191
read(6, "\30\205$ \261\227\226\241X/\276v\322\377\316Y\2065\267s\347V|[$,\25\354~^F\301"..., 8191) = 8191
read(6, "\304\321J\316)\302\210o\n\346\215S\253\35O\36\215\26\21[Q1\27W\3438U\25\21\305`\310"..., 8191) = 8191
read(6, "?\0\23\301\7D\1\31\21\1d\1@\24\0\2,\0\22\301\7D\1\16\21\21\21\24\0\2?\21"..., 8191) = 8191
read(6, "\376<,\202H\254v9\24N\306\f\310\350 \243c\r\7\326p(<$\t0\4\0C\200H\34"..., 8191) = 8191
read(6, "p\320\2704.4(t\26\256p\340\n\0070\351\300\244\17AQ\374\21\211q\25\271\0210\303\0013"..., 8191) = 8191
read(6, "\214\345,\311/\30q\200\21\7(q\200\22\7\316q\340\34\207s,DDL\251\244`\305E\4V"..., 8191) = 8191
read(6, "zX\26w\254)\2546\354\276\344\245\357\372.\261N\254{0\361@\207g\34x\306\1e<P\306"..., 8191) = 8191
read(6, "\216\214\rw\260p\216\21\267\312j\340\241\203\207\376,\n\207i\232\6\206\351\30\246\203\226\16Z:\216"..., 8191) = 8191
read(6, "ED\320\20>4DDDDDD\314\345F\314\213\252\366\21\21\303\222,<\353IV=gDD"..., 8191) = 8191
read(6, "L\21\30\21\21\35\313\24\21\21\247\270\21\21\21\21\21\2197Y\255EH\27\21\341k+\366\261|"..., 8191) = 8191
read(6, "\21!\204(\334r(\21\21\21\21\335\n\213\357Iz\344dD\2040S4a\31\21\21\366\27KD"..., 8191) = 8191
read(6, "\324\265\206\357DDDDDi\347i\356I\34-EDDDDD(\363ZDDDDg\367\267"..., 8191) = 8191
read(6, "\21\21\21\21\21\21\216\"Du\205\325\311\20\21\241\31\322\262\327\212RK\4\21\21\21\219uw["..., 8191) = 8191
read(6, "MT\21B)gDDDDDDX\rt\f\21\21\21\21\325\225\227\31\21\21\21\21\354\242%L"..., 8191) = 8191
read(6, "\21\21\264\203r\236K\"\206\375\6CDDD\304]\355V\334\366GDDDDD\304~+\21\21"..., 8191) = 8191
read(6, "\227\247\35\215 \270h\222h\222h\222h\222\263e\274Cb\335\327a\213\204-\0223\2561\343\32\0"..., 8191) = 8191
read(6, "\260\20\311\240\230\263\216\364\311\322\227,}\2323\233JZ\367)\0202\21\341\2\306\231ybh\221o"..., 8191) = 8191
read(6, "H\27\212\304f\34\303\336*\253\354\365\376II!\22\363\230,>i6\201\33L\346zi\256\227\223"..., 8191) = 8191
read(6, "\375\3259/\251\246\203_D\201$\310\300.\360p\20\6L\300\202\244\274i\32m\232F\363p\2513"..., 8191) = 8191
read(6, "]\205\327+\234\"\305\370\37\342\325E\16S\262]\326L\n\336\t\247H<\22\221rS\202\340G\231"..., 8191) = 8191
read(6, "\21\21\21\21Ds\206%\316\270\212L\310@\344\274\21b\346\10\34\23\233!\334F\334\374\3350\209"..., 8191) = 8191
read(6, "l\266\303\253M+\207rH\301o\206\246\230\241)\2255\21\21J|\356F\35\221\362\232\364U\262y"..., 8191) = 8191
read(6, "]\240\3072\214?\317q$\345M\254A\24k\20\211\354\255FD8RO\10\33\7\31N\262A\204"..., 8191) = 8191
read(6, "\252\35'\234\322\337:\211%\31\325\36\355FTTUTi;JDDd\30\343)\33uF\370\21"..., 8191) = 8191
read(6, "\25\247p\232Mq\235\322\226\36\206\362\255GGDDD\224a\10\0253\n\247\331\247\214\244\234>\n"..., 8191) = 8191
read(6, "^D\305\237PQ\361\34*cD\204K\341\23\250R\217*\365x<\36MD\304\256\341J\331Bd"..., 8191) = 8191
read(6, "\21F\nQ\225#\3243\324\34\322qT:m<\3213\0E\335;u\357D9\25\21q\245\367T"..., 8191) = 8191
read(6, "\252\216\26\2\215\273\f\22\t\23\225\362R\v\376\233\353\277\271\346\310\37\21\241\270\223\376\236F\344\205\344"..., 8191) = 8191
read(6, "\225\25\21\21F\314u\257\247jO%\271\300@X/~90\27\326Z$\2\306\225\21\21\21\21\361"..., 8191) = 8191
read(6, "\252\240E\222\344$\3218=\232`q\220\255!\4=qk\3015jp\215J\21$\37\21\321Z\205"..., 8191) = 8191
read(6, "I\26\327\232\277\327\2315\212\336\26\23\325\32\346\233w\34\202r\34\202\262\321\23\21\21\322\337\n+d"..., 8191) = 8191
read(6, "\21\333\202#\252\330\223\330\223\206\23Y{\233\237O\36\4\222\357\rI\"\335\224\340\\j\3254Z5"..., 8191) = 8191
read(6, "\275)\252<\26I\fGD\4\321ZE\264Vu]DDp\304Z\21\21\21\21Ks\206\262\273\332"..., 8191) = 8191
read(6, "\312W\211o\345\\\356\260^ND\304\2577\4\6\217\5t<\345\276RBDDe\316Q\334\274\225"..., 8191) = 8191
read(6, "DI\306\272\25K$X\264\264DD\332\257\326\226*\361FDTF\305\22E\315TDDD\304\317"..., 8191) = 8191
read(6, "4\272~\24\32\27E\362\330\241DD\354\206\361M\242\314\30\255W\32\21\21?\232v\257\247\256\37\205"..., 8191) = 8191
read(6, "\21\21\35\33\261\245\350\265b\235$\315[\234\307B DD\2644\352\277`\260\315ODDDDw"..., 8191) = 8191
read(6, "\361pX\21\21\246\225\206i\245Q\307\261N\31\23\21\21\21qR^\334\337\206\20)x\313\303b\370"..., 8191) = 8191
read(6, "\27Y\3\16\247[\317q\34\212J\360\4\206U\20dA\220\25\21\245\23\371V\306\7\234\4\234\4C"..., 8191) = 8191
read(6, "\2407\221\2407Q\2669\316\23\32\250\264\250\264\240U\240U1+\254\26N\32\312\211\247tJ\264T"..., 8191) = 8191
read(6, "\36wl\261\346\205\342\200\33\210\361\333\302\351.\264\201\2045\246f\301\207\7\37\236\321\227\227\206\261\272"..., 8191) = 8191
read(6, "\352\274\353yV\3700\347\367\255\244M\2576\275\332dH\n\17\221\322'\374\257\343XW\21_QR"..., 8191) = 8191
read(6, "\23\21!Rh\306\27\321Y\223n8w\223\23kHQ\221\27\273\225\312:<\306D\206\265\326n\17"..., 8191) = 8191
read(6, "\225\34\4/\210\227\25\35\267'\271\f\2\341\334lDE\204\342\3069m\356Z\202c\336\357\v)\360"..., 8191) = 8191
read(6, "GGm\334\316\10+\210\367y+D\370D^gD\10,\312\262F\33\221/\21J\34\216\20Q+"..., 8191) = 8191
read(6, "\320\275W@\227\205\v \6\32\314\301\24>\205n\254\271B\334\374U\364}TXi\305\361\374j\313"..., 8191) = 8191
read(6, "\232\276J\314\271\f\241H>m1\30\242p\32\21\375\23\232dOh\222\231\212*~p\370\265\371\313"..., 8191) = 8191
read(6, "\306]\n\21\35\21(q\247t\t'\20\227\7j\2M;\241\22Q\t\221\221\300\300S&0\360\224"..., 8191) = 8191
read(6, "\345\226\347\261DX\216\252x\236\252x^D\326\22\371\373\206\253m*\371R9FEPH\267\364\300"..., 8191) = 8191
read(6, "D`\24EFD\0JDDD\4\2Q\220E\4\0UDDD\4\16EDDDDD\360E"..., 8191) = 8191
read(6, "DDDD\4TDDD\0JDDD\204\304G\23\21\21\21\21\21\21\310\4\0304\21\21\21A"..., 8191) = 8191
read(6, "H\270\220\270\2200\344\300\220\203D\6\22\31\324\22\265\204\26\16Z8tC7 6 6\21\21\21"..., 8191) = 8191
read(6, "\305T\340\223\340\223\230\224\230\224\30u\30u`t`t\21\21\21\21\21\21\200!\1\206\4M\7M"..., 8191) = 8191
read(6, ",\200lD\2046|M\304\4>\340\203h\370\201\25R\221 \5bA\330\24\200\224B\300\206q\343"..., 8191) = 8191
read(6, "\0B\271\301\10\37<<\3030\305D\216\fM\307\310@k#\317!\317\201\334\202\334FDDDD"..., 8191) = 8191
read(6, "\214\35\214\35p\34p\\DDDDD\304#\314\342\307\201\3\17\1#\t\301\34#\342PFD\320"..., 8191) = 8191
read(6, "0B\32\272\3210\26C\4\242q`\26`\1\331\0\331\240\332\241\332EDDD\0\6\234-\3H"..., 8191) = 8191
read(6, "\207X\27\21\21\21\21\21\301\3262\5\37\5\204\261\336C\10M\2612RED\360\2621%\313\261\34"..., 8191) = 8191
read(6, "T \201_d\214\31\31\21h6h6\210\326\210\326\340\266\340\266\21\21Tr\260\361\333T\2446\31"..., 8191) = 8191
read(6, "DD\360\32\270\362d\210B\315\270\344\334P\201\30\254T\350\26\21\201n2\234\261\315\315A\325A\325"..., 8191) = 8191
read(6, "DDD\4\35+\27/\235LZ\230\26\3074\266MA\21\21\30\207qS\204K\270 \266 \266\21"..., 8191) = 8191
read(6, "\1\3\1\351L\375\302Z\303Z\333%\333E1\\\301\27\21\304\0Cq\2246\225\35\21TK\265\326"..., 8191) = 8191
read(6, "DDD0<?\3353\21p\322\221R11\360\263\6\223M\35pvpvd\340q\374\30A\16"..., 8191) = 8191
read(6, "\324\224E\vryy\f\234\370A\306\315\v\36\27\37!\263\340\225\316\301Ai\177D\300\332\302\332\2"..., 8191) = 8191
read(6, "\3114d6\325R\360?\23iPD\260\35iP\36\345\361\36\357\1\22\1 \21DD0\rF\320"..., 8191) = 8191
read(6, "AGM\221\244\20a\257M\211\37\244\251\247\26\21\21\21\21\21A\310X\200\201i\210Q\210\21\21A"..., 8191) = 8191
read(6, "\241\225\17O\314\350\204\\H\6Wp\6^\350\6nH\261\274`6\330@\203M\340\346\255u[\312"..., 8191) = 8191
read(6, "DDD\260]\300\27\5\0315^\221P\262\322\220\241\31)`\310OI\231\3743\\d0\207q\202"..., 8191) = 8191
read(6, "\2211\7\16\254\0046\242\21\310\10\302X4\367\201\21 \307\27\21v\200\213\35\312\266U\302{\227j"..., 8191) = 8191
read(6, "\21\21\21\21\21A\26|[,\214\31\21qT\\Ld\234G\27\21q\0347f\274+\364\30\206\1"..., 8191) = 8191
read(6, "\3\234\355\3\24~\245\6\37p\206\31L\251\213\227\335\"\7\250\2213ED\244\204\v\270\206'\202N"..., 8191) = 8191
read(6, "\21T\254,EaS\"\nY0\rYPD\220\262\22p\206\270\302\270s\322\271\27\21\21\21\21\21"..., 8191) = 8191
read(6, "\33\376P\213\245\224\366\234G\204\23\345EDDDDD\0\306\341\311\261 \6-\305@\32?\345\2"..., 8191) = 8191
read(6, "\335\241[\31\206cV\205\250\356WD\204\343\17\321\231RPB\24\r\35\244\25\325L\260\221\321\21P"..., 8191) = 8191
read(6, "\2662\274\2\201\26\21\21\21\21\21Q\344\24\20\205\36\220\26E\252s/?\31\302P\322!\32\310\221"..., 8191) = 8191
read(6, "\232\222\333\366\253RDDDDD\4\204\300\17\200\341\16\200\1\30\202\241\5Sa\3/\232!XA"..., 8191) = 8191
read(6, "\21O\n\21\254\361\34\231\212h\1GgDDDDDD0\361\263 \32D\f\363`\234Mp|"..., 8191) = 8191
read(6, "L\30\207'\30\301MI\211`\343\300W\30\202duG\253\206\23\21A\301\342\32\4\354\203t\10\202"..., 8191) = 8191
read(6, "WPP\r_ \6\203M@U\366PEDP\204\\\245n%\311e\247\20h\26h\26 6 "..., 8191) = 8191
read(6, "\224\4\0244`2\210\306\270\241\217\366Uy\365H\201\34\201\34\301\223\345B\303*.`P\262\r\246"..., 8191) = 8191
read(6, "\324C=@\265@\265\210AGZC\301\304L:\20AFJ\300\202q5\4d\360\301\300g\37\25"..., 8191) = 8191
read(6, "\254\303\310B\t\31\24\210B0\274\200AydLI\306[\16\217\0e\7e\307\27|\1f\7f"..., 8191) = 8191
read(6, "2\3102P\327P\327\274\311\213\37TEW5\30A\35\f\211\30\324\210\301\301\310\23\24\30AF\200"..., 8191) = 8191
read(6, "\272q\305NDD\4\333\205|4t,\f<\207r|\220fc\34\3\27\241\354$-\234\241\7\205"..., 8191) = 8191
read(6, "\357x\16\261\222\243l\225\20+\345\2273\302\f\314\1\6\31e\302\31\37o\261\320\321%\17\200\321E"..., 8191) = 8191
read(6, "\21\241\16\260qE\304DDDE\320q\21\320\4I\261\"\32\323\3314T\340@\326\24\24d\204\220"..., 8191) = 8191
read(6, "\24\24,\200\321\331\222 Q\254B\204\31\236G\264\343\260\34\221(Z\3041\4\244\\\4\f\274\334C"..., 8191) = 8191
read(6, "\241\5\5\237\314F\310}\303\25\21\301\217q|T\332-g4\305\226(\370\21UFLDD0\310"..., 8191) = 8191
read(6, "3\272\250\374\16\244\20 \3\272a\30b\f\336p\240\312\246\321\21\21\21\21\31qV\\L\304\220\222"..., 8191) = 8191
read(6, "\312\273\230A\n\37B\317FDDDL\204%\\\324\351\321\254\4p\6\30\24\0\2\21L\25\0216"..., 8191) = 8191
read(6, "A\33\37\2421\"\10\236\1\310\210+uDDDDD\\DLT\f[r\321A\32F\20pD"..., 8191) = 8191
read(6, "\32\20\202q bdtDDD\304\316N\305\4cD\220\332Y\314\224\311\20\21\301u\214<`A"..., 8191) = 8191
read(6, "D\324\306]ELE@\30A\4`\310L\200\21|\21\254l<\314td\311B\21\21\27\341ia"..., 8191) = 8191
read(6, "\272\263M\220B\211\21\21\227\272&\3048\21\21g\345\20`\16\322\241\32\17\244\221\221\r` \26!"..., 8191) = 8191
read(6, "\21\21A\301D\303\244<K;N\f\215O\"F\304\314eDD\200\207L\307H1TE\201\26L"..., 8191) = 8191
read(6, "\312\331t\24\274\4\374\210V\224\210\201n\301f\0230P\214\315B\24\256\26JN\314d\204\23\251\344"..., 8191) = 8191
read(6, "~\340\307\361\222\203\33iED2\242\31\235\242\n\326f\3265\303)b\30z\10\21\21\201VT\360"..., 8191) = 8191
read(6, "M\315\204\232,\326f\260\3201\244L\26d\324|\2UQQ\20TD\204\35\4?UBY\261*"..., 8191) = 8191
read(6, "'\31|\204!ez\255\274j\326MD\215K\"\200\3\322\361P\26\334`\4`\240\5`0\362\26"..., 8191) = 8191
read(6, "M\27zql\232\226h\34\317DTDlDDP\343\7\25\307\27\23\271\f\0212\1\35\200a\34"..., 8191) = 8191
read(6, "e\314\3304\7f\200\201\31\20\206f\210AF\300\"\310\220\306\242WGDDDL\371\21\23\0275"..., 8191) = 8191
read(6, "NM\25\21\361\1\21\344GS\302\ns\342\273\34\21\316\304MFD\224}%\323\2203s\242\5z"..., 8191) = 8191
read(6, "2,\6\177D\4|p2\f\5\30612\1\16\27\244Y\370\222d\0\2cH\301?\265r\261\31"..., 8191) = 8191
read(6, "\306\0a\316\34\r\35\200\221\302W}\330\350BA\200qF\235k\n\4\330pJ\213S\21\21!\305"..., 8191) = 8191
read(6, "\304\23\324\2704\233\2\v\23\3\200P0\23\241\23\37)\252A\4\202P\260AJD\4?~\20\332"..., 8191) = 8191
read(6, "l\343G\4\35\23%\3\357\5\0035\225\34\24\271\33\270\1r\36\320\3213\22sdF\\DL\\"..., 8191) = 8191
read(6, "\0RZ\4\0033H@\31\370\20#\5x\321D\304\230RN\254\260\316\16\25\203d\211R:S\21"..., 8191) = 8191
read(6, "\246_\354\204G\314\301\23F\4)\201\213(A@\306?tr\221\231\214\254d\203\31\201g\34\37\360"..., 8191) = 8191
read(6, "G`\323\"\32\231\214\36hA(\23\242[\22U\4?\200`\24b\314\n\27sMa\307]LL"..., 8191) = 8191
read(6, "Y\242J@JAA\0i\24d\350\201 '\263!\206mGD\220\331t\30\227R\206\343X\355,"..., 8191) = 8191
read(6, "/\316\r7\3\35\231-\27\31)\231c\370N\271\322s\r\17\324\335T\4S\275O\300p\0201t"..., 8191) = 8191
read(6, "\301e\\q\210F\302\202\246\16R\320\310\21\21\1\fTTD\21jH\314\360\203'L\32+\225\315"..., 8191) = 8191
read(6, "\311\0224\34\211\r\21Q\21\31\21\21\350\306d3\260U \0107\0311\25\21u \6C00\315"..., 8191) = 8191
read(6, "Nl\f\333\227J\220\3141\24\4Td\0VI@G\6b\24l\24\24JL9\30F\337\332D"..., 8191) = 8191
read(6, "\25\236<\337\f\25C\261\245l+\27\36\221\250\240\34\215\346\217\23\21\221\345L\\D\26\3AP`"..., 8191) = 8191
read(6, "\310\324l2\37\25\1`\340\t`\20p\362\32$\224\0\306L\204\21\332\252\276\362m\20\6\310I\33"..., 8191) = 8191
read(6, "\203\35,\230\6`x\6\30\230\306;m\264\346\262\371\310vl\27\323S\21N\314\4\23x`\3#"..., 8191) = 8191
read(6, "\274<\n\256E\204\241\v\311\301!X\\\224t\3601\350F\336\230\204i\263\0246AAXD\4\242"..., 8191) = 8191
read(6, "\216\21\21\301\304\300@-\304W_D\373\311\21\23\21\21\21\21AIB\6\22hF\7(\230\3442"..., 8191) = 8191
read(6, "a3PPPD\20P\260\252F9D\261\27\264\317C\224w\21\261\21\0211\307\204a| \306R"..., 8191) = 8191
read(6, "<}\255YGI\214gd\214\213h\371t,\204\4L\244\21\21\344L\314\210\242\20\220\344\2451\301"..., 8191) = 8191
read(6, "]\321\261\312Bg\307\232\3354:\303d\306\217`\250\246K\302\203\26\301'CDRR\361\312\24\200"..., 8191) = 8191
read(6, "\4EDdDPD\4EDPD\4EDPD\4EDd\4FAJDd\4\202AJ\4"..., 8191) = 8191
read(6, "\21|\21\21\301\7@\341DDD\360ED\4\37\0\5LDDDDDDDDDD\4\0U"..., 8191) = 8191
read(6, " c\200\214\201\f\0262X\21\21\21\21\21\21\21\21\21\21\21\21\21\21\21\21\370r\370r\234\313\271"..., 8191) = 8191
read(6, "\21\21\21\21\21\370\225\370\225\30W\30WtC7\304A\34\3000\3000\10\322\10\322\21\21\21\21\21"..., 8191) = 8191
read(6, "\264C;\30\25\30\25\25\21\340\0\36P\307\30\364\264<<\230\4_pB\243FDDDD\300O"..., 8191) = 8191
read(6, "\225\1UFD\0047\227=,\256@BC\305l3\310\21\21\21\21\21xSxS\314\305\\w\324"..., 8191) = 8191
read(6, "\243\33kl\302\234\225z\r#~!\10\363\200\5\"EDDD\0J@\226Mt\360A\207\22\214"..., 8191) = 8191
read(6, "d\310@\301\225TIV\344\f,\21\21\21\21\314\360\4\31\214<T\21\366\331\266\0346\327X\276\310"..., 8191) = 8191
read(6, "\371)\223\243\5\1\234\221RP\232+p\20>\324Y4\254\6W\361\26\242!\325 \325@[C["..., 8191) = 8191
read(6, "\34&13\347\22\310\210\1\30\362\322\31\346\261\377<!%\23\31\27\27F\0\6~P\245\355\204\f"..., 8191) = 8191
read(6, "\26`\311&\200\320\244\325.\21.H\224\200\301\200\r\374\34\30G1|\264\314tC\313C\241\350<"..., 8191) = 8191
read(6, "\361\36\271\301\"\1\3S\261bDDDG\235Pg\10\350&\17\242Q\203\33\3S\22\310\370%3"..., 8191) = 8191
read(6, "\330\300\245\215\214\30\220aG\204;\266\"\30BPPQQ\355C\204\34d\2244\\C\7\31\fl"..., 8191) = 8191
read(6, "\301P46\37`\355\210\2460\335\3632j\221\341\31\v)\v!%fP\3204\263\305C\v\16\f"..., 8191) = 8191
read(6, "\240\17/DP\363\260\240\33\333?\2439^\320`[\260\0211Sr\262A\4\v'5\25\235L\327"..., 8191) = 8191
read(6, "\273\202'\25\\\370\201q\264\3246\37\5\5F\330\\L\270&2\336\224\254\254\10\37 g\343\31\r"..., 8191) = 8191
read(6, "D\4\21\343q\25\21\r;\367\221\321DD\334i\n\311\30\341b\26\5\242A\24\25\236\5\35\v%"..., 8191) = 8191
read(6, "5>\1\22v\240\5\0052(\35\300\206t\34\f\0F\212X\3g,\350\25\312\3\35E$\17\303"..., 8191) = 8191
read(6, "\4_D\230\27\23c,T\0\n\272\321\25\31\27E\215\315's\221\1\230N\353\32\34&\217\242\350"..., 8191) = 8191
read(6, "\221U^]\32\302\4\3`\f/]%+\33\31\236\260\332\24gi\222\354y\24\204W,\20C\221"..., 8191) = 8191
read(6, "\25\21\301\230\216\1\23\266Ct\10\206 \201)\234\17 \\<\244`A\206qxF$)\270\3403"..., 8191) = 8191
read(6, "!'\0231\205]\377\353\324\5\331qQ\21\260>\0273%\31\343\2610\320A\235\247rq\210\273\24"..., 8191) = 8191
read(6, "<\356\363\214\256$d\320\25V\4B\235\21\21AA\203\21\24@\307\2t\34G@\307\33\21a\220"..., 8191) = 8191
read(6, "\303\215\37\200q\230AG\34\354\202\320\333\303\206f\10\2`t\\Q\21\21\240\205g\224\244R\252\6"..., 8191) = 8191
read(6, "\33\202\200\3<\361\31\324\3246\25\3\237,\322\302\202\7\26\376\3739Yt\\a\213ag\325\233\200"..., 8191) = 8191
read(6, "\216 l\f\244\341\25\21\5\214\21\330\374\34TL\304\224\7(\334@'\376,\321\232@\227'\310\20"..., 8191) = 8191
read(6, "\250\21H/\256\262M|\252Vdp&\313,\0246\2049f\3778\25\344p\206\vM\306\tr\34"..., 8191) = 8191
read(6, "Ee\17\25\203\34Q\216\31Z\\\243\23\202\361!\32N@J2\27\35\3010\361b\4\35\217\353\261"..., 8191) = 8191
read(6, "\22d\f2\37\312\361\212\303\25.2P1R\360B\4\31\200\0210\262gV*\333p\26\204d\314"..., 8191) = 8191
read(6, "%\270CP6\3C\304*iI\221\203'\20\321\305'#\32\242\5\0233]\f)\237\16t\30\307"..., 8191) = 8191
read(6, "\256\10\r\2G#\235a\243\5\31e\5`\260PS\306;\24\267#\220\7\367\262\341\v\306\231\303\20"..., 8191) = 8191
read(6, "9\6\274P\0221\24~P\341\31\273\206\33\234\364\234:{.c`\34bTPr\1\30%`P"..., 8191) = 8191
read(6, "R)\253\255d\330\244E\1aXA\300\272a\376x\216\207`\301\222\4\10\3062a\17 A\232\315"..., 8191) = 8191
read(6, "n\304K\1\26L\2442\373Q\220\342G\234\350\20q1\330\230f/\3J\310\324\204\324\244\221D\202"..., 8191) = 8191
read(6, "\342d\36U0\25\246q\21\340\31\23\1\27\225\f \25|)\216M\242\30\226g\203\334\r\0255C"..., 8191) = 8191
read(6, "\32\323\276\35\21!\333\347hY\2\25\0017uDDysB8CG\212g\fDT\220\206q\5"..., 8191) = 8191
read(6, "8@\6\250\255{:\275F\227O\0sH'\313\6\242!\30\322A\10\201]\253\304\254\363t\20B"..., 8191) = 8191
read(6, "\206\360\244xbS\312\fD6\33\39\t\3412\311<\270\360\256\344-\27\305\341\307DP\221\205`"..., 8191) = 8191
read(6, "]\31510\302\34`QGD\260\4Y\215\16t\36[-\225mG\\x\276\233\31\32%\25\310\r"..., 8191) = 8191
read(6, "\255\305\204\r\355\251P\7\21\360\202N\370\2!:JAHl\345\247\340\321\220%x1BZ F"..., 8191) = 8191
read(6, "%\33\35\203\324\345\330\271%\234\26\200\2018\234\366\240\327`\334x$S\356\335\361:\207\36\214\350A"..., 8191) = 8191
read(6, "6\35T\334\304\200\34[\320Qp\355\236\262T4V&\35\213<L\f<,!\315V(\7_8"..., 8191) = 8191
read(6, "L\300\17\233\35\0212~ \32\25\324\361\224O\303\206g\374A\27!\350\336\232\367A\307g\313\270\322"..., 8191) = 8191
read(6, "\234i\34\270\361\3205\223\35\372A\35\178\360\222\2213\20\220\312T\216)\374\371\241\262\331\4W,"..., 8191) = 8191
read(6, "\201\7\t#*A\24\372\270\350F\2uas\322\360\200\27B\31\10\6n\344h\361V\n#\304\360"..., 8191) = 8191
read(6, "\20\1 \268PDD\200\v>!\7\265\340\345\340\23F\fsD\304\212'\375^\261\235ME\261"..., 8191) = 8191
read(6, "\2027\260\6\23\224x\306\312\302\0306\242\201\33\v~\200\313\217\305a8\225\360A\301\304\307\304\307\304"..., 8191) = 8191
read(6, "\305P!\210&\36\3169N\260\21PF\26\23\202\301\207,\240\27,x\356Y\fC\5\30T\24\4"..., 8191) = 8191
read(6, "\302BJC\306P!\373G\343:G\314FoZ\334\374|)\27o0\32\336O(\304\f\370A\t"..., 8191) = 8191
read(6, "\244\241\5\23\323Y\353J\231\216E\34\350\21,\2342\343X\27\23U\234\304\0f+\254\0R_\214"..., 8191) = 8191
read(6, "\202\311L\24\204p\206PCo\215\250\r-\17\272\21\203\34\311\2202,\7[\r\272\271\377\350\1n"..., 8191) = 8191
read(6, "\20\303F\316\312IFL\301\7\30\360\1\26}\256\332$\\Hw\3435\27\202\331d\220&\217\34J"..., 8191) = 8191
read(6, "\215\353\374EDDD@\6+)[$\23\v\341\20\311\0\3XL\4$N\276$\325\207\37\203 "..., 8191) = 8191
read(6, "\30\234,\314M\1g\261,\202\vt\2\217\271\36\7\35\3\237\275,1\312\326\305gDDDDD"..., 8191) = 8191
read(6, "nE\316DI%\0230\356\3\203\243\255a0\333\210\1\37\4T\224\366M~\20:FDDD\304"..., 8191) = 8191
read(6, "6j\201\30YD\4\\\261\220\2\30D\30\300\240\323-sED\344*3#8\21\21\21\21\324\\"..., 8191) = 8191
read(6, "\21\21\21\21\21d#3>\31lPM\221\223R3\6\205\305\300\"\354\30o\237LEFGG\221"..., 8191) = 8191
read(6, "\205\0374t\307\27v+\225\371s\21\21\21\21\21\21L|,\305\203\36TT\210FcS1LQ"..., 8191) = 8191
read(6, "<\225f\n,\20F\6\21\344\244T\31Y\332\2358\300\303\6<l\300\340\0\203cS\330\224\204$"..., 8191) = 8191
read(6, "e3\321r\265J\204h\210EK|l\350a\227\337\327+(\v\v\330\200\24\203b\220\226>\317C"..., 8191) = 8191
read(6, "\2116\224\10\3062C\201q\344\4\0314Vx\321\205t\2242\313hl\4e\323\301\31%\3\236\330"..., 8191) = 8191
read(6, "\304\264\266\274@G\344R\2630Pp\17#\263\357\371\375FFD\004608$\274\310f\23\320\20"..., 8191) = 8191
read(6, "B\216k\224\317\307\16X\0\302D\210\v4T\306r\21\20\3\231i\n&\232\221.\r\37\301Q\200"..., 8191) = 8191
read(6, "\310-30\360fD F\362\7\211\317\341\20\260\6i\310\21\21\257*\237\4$\24\340\301\306\207l"..., 8191) = 8191
read(6, "\5b\310,qq\31\375\21\21!\1Jx\24\3366.\20\340\t\213\314\314\262\224\303%\323\320!\6"..., 8191) = 8191
read(6, "\304\203\6\277\32\21\322\216\225\216\225\255\34cT\0253\23a\21P1K\214,\214\20\6\30\340\341\2"..., 8191) = 8191
read(6, "\35\r\33102\6\203n\234'\326\4\7\203g\341\202U\32\23\274\320%\200\361\241\t\242ED0\320"..., 8191) = 8191
read(6, "}V\3618/\231Lj\202\5\5\3!\1\25\33~DD\330\4\344\362\233\316\222BH\220RD\304"..., 8191) = 8191
read(6, "\21\234I\207hA\7`<\214\fvD\300\4\201\306\250q\323\360\220\221\200\6#ED8w\316\33"..., 8191) = 8191
read(6, "\30T\224\307J\2211\23\216\341DD\210\340\200l\264\2140\207kH\7n\314=\350F\313\214n\360"..., 8191) = 8191
read(6, "\21%\0015\200\244\34!:#y\273\5(\324\320\342\343\25\254\241\5\21'5\2441\263\ra\4\37"..., 8191) = 8191
read(6, "\30\f\0046\2055\355T\317M\246R\242\253\300\7\0356\20\260\2\206\214\23\31\0216\3~\330\226\250"..., 8191) = 8191
read(6, "\360e\330\21\21\21\1 \21\21\21\1#\21\21\21\24\0\22\21\0\304\7@\1@\24(\21\21A\1"..., 8191) = 8191
read(6, "\21\21\21\21\21\21\21\21\21\21\21\21\21\21\21\21\21\21\21\21\21\21\21\21\21\21\21\21\21\21\21\21"..., 8191) = 8191
read(6, "DD\360\5_D\360\1P\260S\310\21\21\21\21\21\21\1J\21\21\21\21\21\21|\21hC\301\35"..., 8191) = 8191
read(6, "8\24\21\21\21\21\21\21\21\21\24\370\23\21\21\21\21\21\21\10\24\21\21\21\21\21\1P\21\20D\214"..., 8191) = 8191
read(6, "\7@\201\25\200A\370\21\301\27\21\21|\0\24(\1\30\21\21\301\32!\6\0\361\1Q\240\32\200\220"..., 8191) = 8191
read(6, "EDDDDEDEUEUEUEUEUEUEUEUFDFDFDFDF"..., 8191) = 8191
read(6, "DDDDDDDDDDDDDDDDDDDDDDDDDDDDDDDD"..., 8191) = 8191
read(6, "\21\21\21\21\21\21\21\21\21\1\31\1E\21\1HQ\21Q\21\21\21\21\21Q\21Q\21\21\21\21\21"..., 8191) = 8191
read(6, "\21\21\21\21\21\21\21\21\21\21\21\21\21\21\21\21\21\21\21\21\21\21\21\21\21\21\21\21\21\21\21\21"..., 8191) = 8191
read(6, "\21\21\21\21\21\21\21drDDDDDxrDDDDDD@E\360E\320\201SDD\214"..., 8191) = 8191
read(6, "\27\21|\0\24\354\24\270\20\21\301\27\21\1@|\0\24\260\26\21\21\301\27\21\21|\0\0240\21\21"..., 8191) = 8191
read(6, "\25\21\21\21\21\25\21\25U\25U\25U\25U\25U\25U\25U\25U\31\21\31\21\31\21\31\21\31"..., 8191) = 8191
read(6, "\0\0\0\0\0\0\0\0\0\0\0\0\0\0\0\0\0\0\0\0\0\0\0\0\0\0\0\0\0\0\0\0"..., 8191) = 8191
read(6, "\0\0\6\0\0\0\21\0\0\0\2\0\0\0\24\0\0\0\17\0\0\0\1\0\0\0\r\0\0\0\27\0"..., 8191) = 8191
read(6, "1\335\333\6-\273ah\25\354P\247\233\270\360\32\325\33\\\330fq\350\234\264\260\360\336\232>\324="..., 8191) = 8191
read(6, "\4H \5N\2200\v,\266a\211e\2618\204PG\253\0276\324\375s9|\260@#\322\1\35"..., 8191) = 8191
read(6, "\202,\0101\302\261\257k\20y\226\256\32kx\0242A\301\204\300\311\341)\22\273\302q\252G\245\21"..., 8191) = 8191
read(6, "t\32\222qQ\361/\325L\nV[\237\306\354\337\357h\303\260\202!\320lM\244&\357\10\211l\277"..., 8191) = 8191
read(6, "\f\377\202\330\357\251\24\311 \220|\n+\21hi\\\321'\3205\215\300\341\272\236{'8\2456\306"..., 8191) = 8191
read(6, "\26\t\215wg\21\370\236q\237\\\377\16\223\343h\372\272\7\21$LK`\210\353+\2a\24\316\225"..., 8191) = 8191
read(6, "k\f$u$M\230\251yi\346\324+\4!Z<'\265\264\242\3237\34\236\277[$\f-\210D"..., 8191) = 8191
read(6, "\223f\274\25{^\230\332*c8\245\244[[\25R\33\225\34\347\305\t%\2340\302\310=\4\2125"..., 8191) = 8191
read(6, "3.O~\31\225\312\v\366\226\264\313\36Q\2O\225Y\302\237E3BH\243\214\177\236\241\204r\f"..., 8191) = 8191
read(6, "\n\347\345\237Q\267\343_\374E\2145\21\21m\30a\\JbmV]\215\363\341T\3659i\10<"..., 8191) = 8191
read(6, "\251\224\27\212j\25\275\260\204\206G\234ah\346\f#\7\221'\374\373L\301\2324;YN\226\33\f"..., 8191) = 8191
read(6, "\370\342[\263i&\207B4kI\22'I\233\267\343s\\\244\317\24\2571\214\351\211kpx\232E"..., 8191) = 8191
read(6, "aF\347;\375\223\355\325\375\v\375\245\335\30Y\267\277!\31425\361\32\222\312\0\r\330@\345\340\234"..., 8191) = 8191
read(6, "a\270FfF\315\220\304K\247IQ\342\374W[\37\222w\3257WQ\241\2047s\341Wg~\10"..., 8191) = 8191
read(6, "\215'\347\224d\261X\304\2578\252\316\345i\337\226w\326`\234\27\302\10\376\27\201\323}T\373\337\343"..., 8191) = 8191
read(6, "k\202\35\232\27\236\3643\270P\231\223<\237\227\177a\371,%\335\264!d\334l\234t\332\314\253\302"..., 8191) = 8191
read(6, "\212\357\262\244v\202\22\23[g\252=F9\341)%Y\31\312\0301\361\257\214V%\344i\302+q"..., 8191) = 8191
read(6, ";\316(\242\225aI\243\36\211\221\252%X\236\23eU\312\27\275\36\221\224)]Jy\334c\254E"..., 8191) = 8191
read(6, "A%\352\214\305\365\252FC\37~0y\233\16\347\361`\234\5\v\234\252\371<\204\300@\350X\320\20"..., 8191) = 8191
read(6, "\214s\300\20\222\301C\241!\3\233\203gD\4J\331\226\t\r\330\221\264\"\211\205m\210\306Ak$"..., 8191) = 8191
read(6, "\236\300\220\355\370\221\302\0313\325y-\234\321\219\25U\316$\307J\332\344\337\366H\352\334\236\221\357"..., 8191) = 8191
read(6, "\324_\313\221w\206\225oye\317\214a\264w\302\10\303\21OS\216\2301\336z<]\246\33\336("..., 8191) = 8191
read(6, "\"\221\265\\4*\207\303IdU\374H\362\320x<\222\242\272\316\220\370\f\226f\215\200\v\336\250\337"..., 8191) = 8191
read(6, "S5\373by\341p\265\234\6\vbt\263(\351p\274\304aH\32\t\27N\320\230\34\226`\10\345"..., 8191) = 8191
read(6, "\21G\33D\311\2\v\372:\n\211\355\211\242\260\202\352\255\312\303d\24\203i'\211\27'\10\326\221\274"..., 8191) = 8191
read(6, "[\246`%\311*\27\225+:\2224\321'\205\3323WO\22-\255\220\336\10\326\217\25\16I\246!"..., 8191) = 8191
read(6, "\264\222\331\21\311\322\206\275\336[\27\312\246\253\v=\276\343\320\250\2\2113i\274\365%\256\367\342\276\261"..., 8191) = 8191
read(6, "\34\272\341\4-\324\221@\4\16\361\270\234\356\303\304\360\223pR\270\216\201s0\302cj\372\243\25\247"..., 8191) = 8191
read(6, "\273\223eT\244\261\245\347\306\223t\351\216\367\251\205\343\314\10ym\305mm\334\vmD\337\226?\21"..., 8191) = 8191
read(6, "\255E\224\212O\300\220\203\f\216bpJ\226@\374\322[\321\310\0\23\222\350\2514B\214\363\316\321\23"..., 8191) = 8191
read(6, "\202\"\364\314\205R\02351-62\10^\2173\2611U\302)\235\0331Y\23Ni\241\233\354/"..., 8191) = 8191
read(6, "\352\34\212\30\345\257\231\32D\204by\206a8G\242-\201x \227N*\226\300C\244d\254H\364"..., 8191) = 8191
read(6, "\370J\5G=\251\5i\332Y\306\272\6\5\225\333Nq{\264\345$\33\261v\\\216C`I^\306"..., 8191) = 8191
read(6, "V\374\226\21;w\21\227\25\33\21\27\353l\372\3129\251L\2511[\321)\231#\245\221\345\305\205:"..., 8191) = 8191
read(6, "\20\260$g1qLi\212E\33SnN(^\325\245u\206\332\233\236\260\245\257S\216a)\351("..., 8191) = 8191
read(6, "c\10y\235\2478ml|\10\303i\264`\34\221\261\227\336\224\22F\30\227\367@\247\307\30\275\25%"..., 8191) = 8191
read(6, "\21f\344xBU\2304+\211\31\34\236#\232\302\364\37\211P\222R\236BS\336\265U\206l\0214"..., 8191) = 8191
read(6, "\337\277V\270_\270\360!$\245$\312\341\310\377\347\340\2\323\361H\3679\212\246+\4#\20\22\360\230"..., 8191) = 8191
read(6, "W3r\30\206E\240\345\377L\207\21\246\263\307)\234\246:\206\264\321Q\357\254\254n\210\255\210\202\344"..., 8191) = 8191
read(6, ")T\210\223ohER\25\202,\207@\250\30\322\326\334\344\306\t\322Me\n\232\343\375\324\320zS"..., 8191) = 8191
read(6, "C\300\2\31\257\261\205\212\21\266\315\204s\f\214:\324\21bD\301B\250\276\243\235\340\5\217\37~\20"..., 8191) = 8191
read(6, "\\\256\1l^hO\341\20\272\232\241H\246R=\306\22['\30\301a\374y\16H|\26\227:T"..., 8191) = 8191
read(6, "F\31\36\322\261\337\265\216\v\27\352\21+a\215J\200\fo\32m\\\225\255\245\252\342\204\24\265\23\25"..., 8191) = 8191
read(6, "\372\206b\245O\231\246ZMKTa0\264\307\344\334\331\352%\223 4\25\375\312Sr\260\231\264+"..., 8191) = 8191
read(6, "u\256\243;o\335\252l\202\240\204\262\236t\226\2269\316\211\261e\221\200\\\214I\254\237\341\220\234k"..., 8191) = 8191
read(6, "\302\324\255\343\321.\221\237\242dyQ#\2154\366\22UN\354\370\31\345\10\306\254\34\325\241\fI2"..., 8191) = 8191
read(6, "\270\206M\302\301\3u\\\344\352(\255+\212\237\270 '/\315\262!\213\202\fgdJ\247\"E!"..., 8191) = 8191
read(6, "R\t\231\25\323\243\2250\25\242\223\212r\336\235\245\362djf\305\214v\243\210q\353\2519#\216\""..., 8191) = 8191
read(6, "z\276O\322\357\217a\232n\234\256H\310 \202\304qx\202$\264\302a\30\262&X\226\311\301!h"..., 8191) = 8191
read(6, "\6\315qI-\345*J)C`\226\21\22\201\373\16\303PI\204J\261\220(\204K\tuU\24A"..., 8191) = 8191
read(6, "\374\334\205bx\216u\376-2\244&D\244np\315\10\332\276\334\271/i\304N:\202$\355\222\364"..., 8191) = 8191
read(6, "E\325\305\216\2234=\337\332|\274\344\21\0311\342X\353\376Nf\264\244$\311K\202H/UX\252"..., 8191) = 8191
read(6, "1$<\353\r\317\1\235/\6R\4\207v\222\31\236\300\21<\216\"\261\252\27\232Z\252\247\f\223G"..., 8191) = 8191
read(6, "x\310\0\0260AD\204\r\202\2756\t\347\277Bo\3500\267-\236\257\331\372yI\20\204\377\232\305"..., 8191) = 8191
read(6, "\314\230V<\16\322\365\201\203\223\2O0\327\33C\10t<\34DC\24\246!\260\f,\364%G!"..., 8191) = 8191
read(6, "\24\32\311\234\354\345\223\220\270\316\264\370\204,\251\225\30M_\257\204n.\261oYke\31:\vI"..., 8191) = 8191
read(6, "iq ]\250\3034D\24O(:\311\342\24\213\vs\331\36\301\227{\341\234A\305`fv\10\212"..., 8191) = 8191
read(6, "\27\34\252jsp`\3^q \206\6\34(\307\314\200\f@\261\202\211&6t\0106\207\207\36\f"..., 8191) = 8191
read(6, "]\363\225$\212\307P/\224N\343\6\215\20\252D8\231F\1]\233\216\2506C\231F\22aFp"..., 8191) = 8191
read(6, "\242\340JT\205\r\232AE\1\21\206*\341\331A\3351)\242]\177\26%\2170\2469jx>\317"..., 8191) = 8191
read(6, "\244\346\207\311(\261\307\34\306Y3\332Z\206n\254\216t\357P\20\320<\273I`8T\272ki\236"..., 8191) = 8191
read(6, "\300h\327\17/I\33\232A\244\230\270pT\3540!\370\310VP\307\303\303\313\345\263\353\36\277\245\f"..., 8191) = 8191
read(6, "\361\221\351\\@\207\24\330F\247\211\263\17k\203n\272\206m\320\206t\350\306M\4\22\305I\340\204`"..., 8191) = 8191
read(6, "\5\vra\5\v\1\35`\20\350\234\351\210&\3739Z1\0246\20q\316p\364\vPWr\355a"..., 8191) = 8191
read(6, "\266B\340\1\233\237\16Q\1G\36\1G\206\321\261%\360`\\E:c\346D\310\256\300@C\24D"..., 8191) = 8191
read(6, "CCa\312B\235\201\v\356\202\31\242aH\264\r^6\1Z\0\31\256\31\367\364P\301&\1\3150"..., 8191) = 8191
read(6, "$\f\342=\322I\236\5\26\203i$D\310f\23\222\341\26\331\242\233\31212\32127`\300\32\375"..., 8191) = 8191
read(6, "\204\345H\34\26I:\252\340\271\16\203\205t~\t\f\f\336=\221\345\277c\221\270\316P\255J`e"..., 8191) = 8191
read(6, "C\230\266:%\361p\260\360(F-Is\204SA\303\344j\320\20\341S@]\22sI\227\2216"..., 8191) = 8191
read(6, "CDBD\344\353\233\nIi.\211\304q\4\301\22m\353\247\0326\241 \340\302\264\20\256\25\22\375"..., 8191) = 8191
read(6, "X\304B\266\240\222hDy4K\241T\30m\201\334J\205\ry\206\310b\246P\356\230\272\243\374\353"..., 8191) = 8191
read(6, "\364\6\303\301\34\207\357\217\352\215\302CD`\2220\230\253\340D\203C\360\230\325\260P\340\360\35\4,"..., 8191) = 8191
read(6, "HK#q\342\234\36\330\240PRJg$\367\200\0330\240\334)\272F\364\2\r\316=L\200\5\233"..., 8191) = 8191
read(6, "\226`\325?\211\304\264\367\236\22\204\257\21\5\306\2514\226S\4R\225P\221U\232\263\376i\272\271\236"..., 8191) = 8191
read(6, "\203\241p%\207a\212\\$)j\236vj\t\202\32~[\222\31\346Nt\t\337\37\34\276\307\340\220"..., 8191) = 8191
read(6, "\206\r\"E\225\3022\264\232\250\2238'B\35\v8\360\220p\253$\270@O\354n\n\341\261K\357"..., 8191) = 8191
read(6, "\273F\303\32\363\326Zz\205\356-\307\36\213,\rl`\233.\305i\202O+2\3208\3459\31m"..., 8191) = 8191
read(6, "\224\241\34\261\253s\317qR\217\na0g\2716\261\310\343\332l~\342\210C\251\20Q\312Ch\240"..., 8191) = 8191
read(6, "+\275TJ\345\355\370;ZhHW\304i\340\302F\312\247\260\23y\252\371 \321\n\203\22,B\251"..., 8191) = 8191
read(6, "{J\\\276\266\34OA\223\362\216\244\214\253j\352\364\363\24\207&\36\313\214t,<\333\236fZZ"..., 8191) = 8191
read(6, "`\"]\275\16\16_e\26\266\31\21\342\347\32\20b\36\t\7g_4,\2600\350J\0\0034h"..., 8191) = 8191
read(6, "\375j\311\243K\354\242%\216\302OTMBeL\344SYF\304\33-)\33\212v\306|\n\341*"..., 8191) = 8191
read(6, "8'X\306\261(\322\2265\304\24Nhfi&\211\370^J)Z<\336\252!\362\200\334|\270J"..., 8191) = 8191
read(6, "\\t\330 \201\3\201iY\301`\200\4\355X1\243\252\252\311\24428DN!\335K\357\250;\216"..., 8191) = 8191
read(6, "Ue\270\351\10\311,B\203\225\fB\313\222de\255\351\262\17\1\317\225E\200\26\3274\203\f\306\25"..., 8191) = 8191
read(6, "z\371\270@T\252FPa\320(\4er*\263\236h\275\342\322hzs8\337\22\213\302\246\231:"..., 8191) = 8191
read(6, "d\232N\10\375\251M\371\306M\344\23\224r\306\327\216\254\204\322#\t\322\262$='Sj\257\22\265"..., 8191) = 8191
read(6, "\10\242f\373\223DN\t\34\206/\210\27\332\20\273\260\20\341\352:K)l\36\201c\254p\302\0046"..., 8191) = 8191
read(6, "\316X{\34-8'!\3\215h\4Os\262\260\20i\32K\216\212t\222$\215\23\37\303\224\206#"..., 8191) = 8191
read(6, "\311\345\322\34\21\233\240\177\361\314\24\t\333/\256\225\270\33)\333!X\252 \215\262\263-\227\345I\222"..., 8191) = 8191
read(6, "\253.\225%\270\222\352\210Dn\270\37B\224_\272#s\315Z\246\341@\235h\245\311\242z\316Kw"..., 8191) = 8191
read(6, "NTo\334lDUDl}\325Tn\304\31WY\231[\346G\325\375\327\10\275\25u\342D\326\335"..., 8191) = 8191
read(6, "\21\1771\347l\314\305\236\221\227S3\21\275;\0331Q\261\35\231\227\255\344\31W\321F\354e\206\220"..., 8191) = 8191
read(6, "\314\305\304\315\334\306\306\306\\\314DFM\315\324\306\334\316T\304\354\304\325\3148\353y\373}S\35;"..., 8191) = 8191
read(6, "(Sy\377\263u\25\265s\25_\351\305E\314\31\21\212p\27\321NN\0105\265\3717\23[_\21"..., 8191) = 8191
read(6, "?U\223QS7\31\23\25?\35\363w\367Y\221aDUV\\DeTW\304\326}\345|}\326"..., 8191) = 8191
read(6, "\374gD\346\305\307\325\324\327\304Mh\25\361Qq!\305F\315ON\326\\e\334D\304\\E\315G"..., 8191) = 8191
read(6, "n\314\376L\245\2655\351D\351Q\302V*Q\365\221\263QU\37^\314\364\204c\360t\224u\2020"..., 8191) = 8191
read(6, "om\376]\t\35\21U5V\315\224\0257S\231Y\335;\27\37}7\3651F8\263\25\2777U"..., 8191) = 8191
read(6, "LdE\325\334\317]9]\263\247\306\314|J\23)DMh\221\371\263\0255\21\23\0235Q3\302"..., 8191) = 8191
read(6, "\221\261\23\0255WZ\\uTi55\33\265\21\331\33NLLL}\374\224\237\235\231y\241\374\307"..., 8191) = 8191
read(6, "E\205\226<)\213!d*\2418c\315l\316;\361\216\309a8D\"\201\"\310\216`:+\30"..., 8191) = 8191
read(6, "\216'\214\31+\224P7\316\367w\226\322m\274U\202\363\267\202\261d\231\306\177\204\310\221l\21\231;"..., 8191) = 8191
read(6, "*-\20\321P\2646\345\344\370&M\33\232\26j\276\241\212\210\361\313C\261Dt\37\306\r\217u\366"..., 8191) = 8191
read(6, "\234\32\241DT\255\331+\204}\22.\210s\26\213\263\232v\232\314 +o\210\252.\251>\333x%"..., 8191) = 8191
read(6, "\221%\32\357\274H1\246\22\231j\272\361-e7\213p\23n\214\320\255\244\365\16\217\3000\336\32,"..., 8191) = 8191
read(6, "\23547u\212\226^\25M\264AB$[T\206c\231\242\350\364\31l\32\301\33{\232\322q\275\21"..., 8191) = 8191
read(6, "f\363\320sH\251~\303\232\252>\311+\271\353\t\256\376\332\31\n\307\250\23\277\234\236`\271\322\311\362"..., 8191) = 8191
read(6, "\213\246\245s.\257\310CesD\331D\270\320*\3136\215fk\232\352\262\21\370\247,\247\230\306V"..., 8191) = 8191
read(6, "%\375I\355\316\\g\364_\306\n[\245\224\220\320@\370\346\22y\354U\256\26\265;\256\2468\202\221"..., 8191) = 8191
read(6, "-\20\10R\267U\3tY\16\217\347\346i\nC\t\257\210\315\"\334D\261\350\226\336)\244?\37\306"..., 8191) = 8191
read(6, "<\tCE(F\210\302\305\345\316Xcd\206\"X9\227iDNU\275%(\326\4I\235\250\235"..., 8191) = 8191
read(6, ";\2069\223#W\354hUF$G\227aPE\2153sR\2159i\24\311\\\306\326Za(B"..., 8191) = 8191
read(6, "\314G\234\229\247k\221BZs\23?\323\33\2355\247\10u)\214\0231;3gl\324+\371\206"..., 8191) = 8191
read(6, "q\33\321o\244\3612\315\21\374\205gV\364\224\222\237^F\224\362\363Y\333k\264\222BE;\253x"..., 8191) = 8191
read(6, "\241E\216\227\31\27\331\204\275\32\323J\177gtk\263\363c8g\304O\31)\355h\335}\35\226\243"..., 8191) = 8191
read(6, "B\337\326\377\344\3749\206zF\315i\353\10\263\245G\354\2061U]\223\27\345\374\324\326T*\267\323"..., 8191) = 8191
read(6, "\0255a\232\27\365\333o(\251\2052\255\327L\224s\222pNN\236\242\344\245p\351\204\221\273\243\10"..., 8191) = 8191
read(6, "\307\326;\376\355\316\306\316\307\355\304J\261mEf\31y\363\326I\31y\241||ue\227XJv"..., 8191) = 8191
read(6, "\325\361\261\202\247\336L\256\27]S\363\326\31\263q{q\306\334Um\306|F\374\345\315N\t\37S"..., 8191) = 8191
read(6, "\317\306*5\326}_\237~\206s,\35\347\\\366_\357($i\30N\312\232\332\31%\344\346\3148"..., 8191) = 8191
read(6, "MD%\207 :9F\266\337n\3458\356l\2365\202\241\5\211\360\357sL\231\323\2523@\227\273"..., 8191) = 8191
read(6, "\236\251\230+U\336\214b\3548?\206\251\30\2061{\345+W\232U\236\265Jx\212`\274\21#\231"..., 8191) = 8191
read(6, "\347J\233k\334\305\315dW\233N]\10Z\216Sc\364\235\345\324\324\10\25%*\316\376\362H\251M"..., 8191) = 8191
read(6, "\215u9U\361\347\304\177\t\265\367\206\222w\33\375Z)=;\232\365\206p\241Y\332\305^h+E"..., 8191) = 8191
read(6, "ej\331\265S\216#MG\324v\255\226u\277{B\324\263\254\272\261\0237\263\302\206\256S\30\302\365"..., 8191) = 8191
read(6, "Z\3705\2120qV\245`*$\355_\v\34S}V\234yj\211\325\253\354\257\20\265\347\214\263\177"..., 8191) = 8191
read(6, "iT{Ww\25\341\n\303Yf\33\236\177\33?\242ZE$\3758\202X\333Wk}\322\30\306\277"..., 8191) = 8191
read(6, "H7a\244\225b\\j\222\244\345\235\20\321\222q\312\256*)V\217\23my\271\272\273\206\221'T"..., 8191) = 8191
read(6, "\243(\267U\2231}s\216bxk\226\26WU\373\247\344L|rD\235\343\314\353\33\331W\241\324"..., 8191) = 8191
read(6, "\316\377\367V\23\325\256b\334E\231\325\23\255]G\347\237f\310F~\10\237i\275s\302\27\225\346d"..., 8191) = 8191
read(6, ")\212\212s\357:\377\216Xs\277\202\242H\306\262\365\210\232\323\202\37\331$\27\3\v\235\206\370\206\345"..., 8191) = 8191
read(6, "gD[F\\NH\221\216\221\375\236r\31\233\357\376i\347h?\34s\332\355\260\304\321\357\373\251q"..., 8191) = 8191
read(6, "\276\243\305\260\244\306A\344w\216V\2061\265\336\319\345\344l\32\327\225\33\212\265\347\224S\247\235\363"..., 8191) = 8191
read(6, "\247d\354\314\337\347G\31\25\326\n\02539c\214a\30\331\265;qUW\225\237Y\261{Q\227\365"..., 8191) = 8191
read(6, "\302\225\253|)'m\324n\352\302\211\27g\35MX\265\34+\n\21<\225<!\346\37\373\350\306}"..., 8191) = 8191
read(6, "\225S\202\23\332n\245P\361F\274j\3569='v\306g(\32O\274$D\vk|:\3219\31"..., 8191) = 8191
read(6, "\30\37\231\323\263\227WJd\30\1771'L\345\315\215\341|FT\266\221\31w\0215\27\333B)7"..., 8191) = 8191
read(6, "\255 \354x\373\222\20\243\374\344\244PwJ\256e\204\362/\335*97\347LNMl\31\223\323!"..., 8191) = 8191
read(6, ")\344|\355\315\312ed\257P\371\25Q\25Y[U\347<GMV\32YjI\37\312+\37\235\325"..., 8191) = 8191
read(6, "7+\224\22\312\336\324^J\21\221\345LU\314}W\344\224\2637$w\225\206qgdm\356T\315"..., 8191) = 8191
read(6, "\306\217\"D\355\n\23+N\374FUM\314\215\263\351\204+\244\356\n=qJ\20U]H\333\302|"..., 8191) = 8191
read(6, "{Q\332\347\266/i=\33\351\370e})\2458Z\32\21\216\272yD\365n\tT\35V\244r\206"..., 8191) = 8191
read(6, "\316}L\306\247\32\223m\254f\314\212Z\225\343_U\216\360\25#\245s\322\345\206\370\251\30e\306\32"..., 8191) = 8191
read(6, "\335\264\340\205E\342\30B\t\351Ye\30BD\323\224\341\246b\214\222\37+\224\340\354w]\344\304\234"..., 8191) = 8191
read(6, "k}T\265q\323\323\342\327m\354\317e\214\360;\21a9Q\227\316_\327(\261\255d\30\23g\364"..., 8191) = 8191
read(6, "9\316\235Q\23B\224\360U{N\354^W\204\322\3418\361u\261Q\233\31Y3\336\325<\307W\376"..., 8191) = 8191
read(6, "\30\216\20\241\315x\227\321\263\312X\336\33Q\343\217TY]\341T)i\250\216`\345d\25571\225"..., 8191) = 8191
read(6, "\275\326\255:\311\241\305DN\0305\342\21\335\355I$w\31F\346ej\371\247M\335\306\304LN("..., 8191) = 8191
read(6, "#\307\317\3249[/\3658\264\302\211\25_+\365\31N\375\227\364{\231\37\231\31\347\234#m\254\1"..., 8191) = 8191
read(6, "\212\222\35\321\225\363\235\265\361\21\35\35]\277\263\335\261\312\317~\2042Y_4y\253\30\243xS%"..., 8191) = 8191
read(6, "\370b\32?k\251\34=un\326\226T\341\316E\225P\246s5Q\303\22\302\217Rq\335\352\31\25"..., 8191) = 8191
read(6, "7\236\231\346\\\250S31\252\362\4i\2361=\253\335F\315KB^vj!\30\333\316\3459B"..., 8191) = 8191
read(6, "e\345Ne\204\23\341DU\345\376\214>\316\324\362|\\\2061\277\37?\227\261Jj[Y\322\334e"..., 8191) = 8191
read(6, "\346\30\261W1\231F\315;1+\334\207\260\371}\23\27\373\302T\t\365\34\316F\224\2677'Yr"..., 8191) = 8191
read(6, "V\246\227!\314U\346\256\365\235J\1\303;Se\\\10BG\5I\325\31w%\304HUU\352\225"..., 8191) = 8191
read(6, "\33\306\25Ce\326q\204)\211j\232\340\346\24\247\200I?\233m\206\360\325OwED\22hfq"..., 8191) = 8191
read(6, "\240\262\333x&XHg\1\203f\230\212n3i\30!a\203\305\302\246\30\212\201`\32\3\223\341\6"..., 8191) = 8191
read(6, "\212M@\305usL\204Ha!\3\312A\203$\300\10;\213\3t\34\3\30PG\302E\310\203\f"..., 8191) = 8191
read(6, "\364b\10:A+\1\26`\301F\1\f\272I\261\300\22\4\206>\350\206s\216\362\320\246\208\342p"..., 8191) = 8191
read(6, "%q8\\\26QY\251\10I@x\274:\312IG3>\17\205\351J\200a\16\37384\266u\313"..., 8191) = 8191
read(6, "\344\330`\352\222\316\301Aq\32\324\21\26j\f3D\200\230R\345(|\252\v\22\330\6k\274\326X"..., 8191) = 8191
read(6, "\201\26\300\200\rHW\217/\330\241{\263\332:<\v\16\n\21Qc\4/\273\353\264\353\350P\347!"..., 8191) = 8191
read(6, "\270@DQ*\261\342:\3\f\\I\353R\1\35,DJ\4\250\201m\346\223p,P(c\331\222"..., 8191) = 8191
read(6, "\35\207\242\373\371\276\2525\310\221\t,(\301O\2431\255o\326\0171\314\211\224\212\304\202s\264\35&"..., 8191) = 8191
read(6, "\0\0\0\0\0\22\331p\10\307(\32\323p\n\320p\21\16\0\0\0\0\177\27T\376p\351\f<\t"..., 8191) = 8191
read(6, "8b\0104\365D\nAx\2\263a\16\0017\211AX\216\322\266\330D\212\302u\321J\20,\211K"..., 8191) = 8191
read(6, "\t\304\204\226\304T\2\317\32\303\261L\"\321\363d8\22\322I4X\306\23\340\300\213nn\252(\301"..., 8191) = 8191
read(6, "\262\205\32<E\7u\220\201r\340\206mT\314\264\26\3\t\221\377\316\1\35\23\3731\223\21\n>\312"..., 8191) = 8191
read(6, "\335g\277\352\361X\272$p\231\24$\0344\216W\272\"\252\2723\332\361H\302X\247\20\275\343,\7"..., 8191) = 8191
read(6, "\35\354\202\256\245\300\0s \247s\30\301M\344HZ\v\217m*\7\247D\20Q\264\2664 G\\"..., 8191) = 8191
read(6, "l\360\210u\333\267\3631\347\264s\21\367Q)\314D\205s{quYq\27\23\23\325wq\25\23"..., 8191) = 8191
read(6, "\213\325\336\270)\324\314\274\307Y\212\0\f\272\225\25\300\300\2u\302\23\331\252\243\223\253\201rB`\204"..., 8191) = 8191
read(6, "\0264\20\0334\221\34~\214\3533|4\33\347\202D\355\vN\3058UgN\265\361Y\302E85"..., 8191) = 8191
read(6, "\243\30\316OFE\374\357\365v:?ND\10\232\244\364iV\33\23\346GL\305\377X\347\377\f\317"..., 8191) = 8191
read(6, "\222\30\3300\f\272\246\37E\23\254\323WE\265\376\227\305\344\276\324\252)\352?,Z\275I\20B\320"..., 8191) = 8191
read(6, "\03119\267\202\23g\354t\334:ju|\325\225U\277=7\33\33R\305\237X\216p!U\354}"..., 8191) = 8191
read(6, "'\241\334x\36\317\325]\263\354\265\0\0160\347\266 e\24\215 (\2\201\341z\26\311\217A\\\225"..., 8191) = 8191
read(6, "\223\37\267a\30\2\215\242\346W\376\tU\226\246L\nwcH\316Lz[\212dm\204\21\33Zm"..., 8191) = 8191
read(6, "\321\23\242\343\tFX57\35\316\244\323U7\275\33w\222\21[\306U\345)\233\241\\\235\345k\312"..., 8191) = 8191
read(6, "\305\322\261\302Y\253jGb\324:\255XFO\265&\234#\31kl\234\264b\10\276\273-\35\311\354"..., 8191) = 8191
read(6, "$\317cY\2\t\217)\215uCB\240H\264\26C9\2536\201B\344\356\30\rteKw\243W"..., 8191) = 8191
read(6, "N\314\2157\177q\265NLLET\354^\225\20\21\263\271QQ\212\227\26\313\v\353E(q\345z"..., 8191) = 8191
read(6, "\261wN\327d+3n\357\v=_1\333\302\2365\227B\204\30\202\33mJ\271\327\331\206\345\10\367"..., 8191) = 8191
read(6, "\221\250\215\323I\24Z\vF\231aH\222Zj\325H,\261\251\314\2723\341\10;-\10BO\350/"..., 8191) = 8191
read(6, ";\363m\324\250\202\220\216%tv\250\206\21\267!\244\240\354\30\353\370Y7\361'i\312\364\316\256\240"..., 8191) = 8191
read(6, "-\224\303t\241I\242\3528\34$$\246&)\2I:R\10\20217\212\206\r\307\263C\242\23+"..., 8191) = 8191
read(6, "8\316\307\31#T\2640S\236\323\27\353(!8\2068\202)\304\217\321\271'G\367e\264r\313\342"..., 8191) = 8191
read(6, "?RvE\232Q\327[\33\3639U\347\274\321WRx\3068\33\2713g\214\3619S\346\354\224U"..., 8191) = 8191
read(6, "em\325\356\326\210\25C\242\255q\302\327\206qkH\202Hs\"\213QFW\204\2317\2427\202\261"..., 8191) = 8191
read(6, "*e\215\360\251x\341xg8N\277g\305\305\355\347\271\253\235;\343\231q\245x#\355U*\223c"..., 8191) = 8191
read(6, "K-9i\204\343\10\251\231\226$\32\236c\316N*b\270e\251\272\27\246\363\316\31\177c:$\367"..., 8191) = 8191
read(6, "\333\216\253\234I\240q\t9f\24U\224\243\350\365,L\326XIki\227\364\372q\360@\4\207M"..., 8191) = 8191
read(6, "\214\26aNM\16M\232\2\311\317\205\343\325\316}K\352\367U\\+y\323\225\316k\223Fn\334\304"..., 8191) = 8191
read(6, "\204\322\326yRe\366\2662q\303\341Iw\316\v3n^\324\262(\2264k\355\346|\326*\236\20"..., 8191) = 8191
read(6, "\243\334{\342\337\316\221\\yB\231\355x\357\236#\10\33\336\222\374\352\312\316\33\337\271!tH\316\355"..., 8191) = 8191
read(6, "\33BF\245\266J\275\241V\217\232\225\302[\253D\326oeO\206\365\31R\375\305\33\275\356\f\221d"..., 8191) = 8191
read(6, "]\32\345TM\205\221Zd\n\231^\250\260\340\274g\246\246\21\360(&\17\313\220h\245\364)\216\342"..., 8191) = 8191
read(6, "\207P\36\217S\25\231z\317\324|(VT\34I\333gH\306\256w\35j\33e\270\256!K\216 "..., 8191) = 8191
read(6, "P9Qw7\261\177\3777\223\0257\257\324\315\375\244\260\346J\367Z\353\302\205\26\342\314\10\2265B"..., 8191) = 8191
read(6, "u\353*L\352\2369\252%\n\237\206\305b\21f\212B\30\264D\321\216\266\256E\350x\177\331\36I"..., 8191) = 8191
read(6, "gX\275\27kPL\375G\tR\304\244q\343~v\315\\\336L\316\334\356\206tF\377\326\315N0"..., 8191) = 8191
read(6, "$^[J\335L\336~\224\363n\375z5\206\10\rD\331\356\vc\20\\\236P\32MV\235o\260"..., 8191) = 8191
read(6, "\237\322IB\31\206\320\267\245\224a\20\325\234\323\216P\202\222\375_\216\341D\326\307nU\204\362\237\301"..., 8191) = 8191
read(6, ".\217\273\371^)\r\r-\nGKk\216\244\274\340\225\307\22\272\262v\272\32\321\312\236\265:\1\201"..., 8191) = 8191
read(6, "\316E*\361\25\212\266\316\305\264\22\221\321\231\3639q#\334\374O\377^\326\306\346M\224q\37\343j"..., 8191) = 8191
read(6, "q\346\371^\34K\217p=\233\322\v+\271<\3469\246+\0315\33\2671\306T\304K1\302\\\334"..., 8191) = 8191
read(6, "\275\371\36\257A\344x\260P\202fN\2167\347\304\304\235E(\30I\362\373\306_\322\20\210\343\304\250"..., 8191) = 8191
read(6, "V\21\31\343KJ\357u8\302\31\365%\225\347OJR\235n\334(7\325\37\25g\30\362\213+\224"..., 8191) = 8191
read(6, "\3568N\370WW#\26\333\234p_\31_a\224\241({SU\221\4As\16\r\317\344\217\30\316"..., 8191) = 8191
read(6, "n\250\303S'\t7\356\314\204:UW\23\347\335h\37N<\2111\243\215\262\326OFZ\245\214\277"..., 8191) = 8191
read(6, "\265\221R\224~\34\202A\220V\234?\204w\267A\2223\373\23R\376\275S\21Z\344\334\337$\5\211"..., 8191) = 8191
read(6, "\275<\206\22^\245b\274Q\243\214r\333\273\272\264\21\23k\24\325\225`\246w\257\334\330q\371N\244"..., 8191) = 8191
read(6, "\214&iR\324\256\227{?\312\265 m\337\205\225VE(bEXw\31\366J\237\34/\330F\33"..., 8191) = 8191
read(6, "\251l]\230b\215G\342\255\"\230\253Y.\311\266\26\351\306TN\246\333Q$e87DAt9"..., 8191) = 8191
read(6, "\316Ds\261\225;\226\365Y\37%\10\361\202\327@W\353\260\30\34\323\206h\374ST%\221pJ\334"..., 8191) = 8191
read(6, "l\31,?\264+u(\22E\365xNTv\305;\273\351L\226\351pTk\25U\345\214\320i\364"..., 8191) = 8191
read(6, "\321\274\340\355Y\326\272\216\225\226U'F\32\26\307\217\274\f<\23i\271I\363kv\247k\304\205\27"..., 8191) = 8191
read(6, "\272\341\10\332\2679\352:\f\216\307\25\26\5\3109C\263\306\34\315\30Qfjw\236\237c\371\345\260"..., 8191) = 8191
read(6, "a\341\2\241s\366\2\335;\260V<\\D;,@G\2\21\326I\272I k\26\311\230\252\212\v"..., 8191) = 8191
read(6, "\f]*Z86\3\217i\211fr\222\330\343Ha\32)\30>\227\307\240\3216a\230<\315\251\21"..., 8191) = 8191
read(6, "'\33\203\353\10f\264D\22;\232D\342\37\2218B\275O`\r\311*\34\202L$:\2\223If"..., 8191) = 8191
read(6, "0\267\36\314q8\17r\266\307\315b-\267\307\246\201[[\26\264\351,\347\370\"\211HL\213l%"..., 8191) = 8191
read(6, "\234\200q\6\320iEK\210r\vs<\22\317g\270\242\260j\250\24\34\212O,|\254u\216\0\r"..., 8191) = 8191
read(6, "U\33b\353\266#\24\311\224DF\364\206b\30\252\303\222\24\24\202\344\n\356[\226C\244\320\34\211\252"..., 8191) = 8191
read(6, "\216\315r:\314)\"E\22\301\234\243\224\266\212I\10%@w\260 \10^\v\0264\340\234\245\246\10"..., 8191) = 8191
read(6, "\207b(\7\v\222\3126\3472\21p\360-\324\241\332\300\234A+\361\250\313\301\304@H\315\211\25D"..., 8191) = 8191
read(6, "\325\"\314q\276\212\21\232\307\226\272\"\34\1\255\240\251\212r\22\tE\r\303p\265\240 \335\333E\322"..., 8191) = 8191
read(6, ":\0\0\0\0\22\261t\10\350(\32\253t\n\250t\207\16\0\0\0\0a\0272\233\252S0qD"..., 8191) = 8191
read(6, "\4\306\262\3508\301\301PD\343|\255\326o\205\231\22|\224\246[4D<\31'\322\277\340\232P\327"..., 8191) = 8191
read(6, "\268\205t\300\206\v0\327\310\300%\242\214\205?:R \32\205\315\311\17b\6\r\224\t\4\17\r"..., 8191) = 8191
read(6, "\302\30%\22288g\334\252\34 '\277\313v\32\315\312i\362X!\0\203\331\355FG\5%\247\343"..., 8191) = 8191
read(6, "c\321\210<\34\275\4\212gy\310\300\354\303\2\226\251E\257\214\343d\333\2061\345\tF\212\243hZ"..., 8191) = 8191
read(6, "\235g\20\254r,B\355:u\232@0Ya*\\\0314\23+\276\36\246\261\4\215r\340F\2\31"..., 8191) = 8191
read(6, "\306\324\234$2\17\257M\353\20\16\243\303SsL@\241\372\21\353\21\331\274\204.\26052\320yl"..., 8191) = 8191
read(6, "\2248.\310\31\242i,\217YDNl\221,\307\321\\\221\254\22\352\257kp\216\"x\34\r\ve"..., 8191) = 8191
read(6, "\36=\201\32\313\303sw\f\202!\333M\302\225\300Q\36\0071\242\351P!\215jh\260\300u4\34"..., 8191) = 8191
read(6, "E\7\2234\204\346*\272\326\222S\377\206K2\216%u\23\\eq8\307\376\341[\3466\3739#"..., 8191) = 8191
read(6, "\320x&\213F\243\213\225(\207\0260\347\263<\246Q:\354M\16\21\307\263(\7\16-K\34K\347"..., 8191) = 8191
read(6, "\352\356X\214M\302c\247p\260@3\305\3059)\367\21\360\244\227T)j\354\322\331\252aW\23\355"..., 8191) = 8191
read(6, "\337\202JBT\n\21\301\254S\353\202\203\226\246 \374:\22\316-{\246A\340\251\247\363Y\34\255q"..., 8191) = 8191
read(6, "\322=\207\201qX&(\30'\0240\230)HKk\330l\316h\30w\24\3320p\22\363`\234\200"..., 8191) = 8191
read(6, "\221\26\313\vkf{R\252\300\220^+\346\274*9Nqx\216\"\261\234\356\235\303\241\334\2C\361"..., 8191) = 8191
read(6, "\226a\276\344P\21p\350;n\tw\234k~\300\2\266\201\5\2138\246 \n\n1.|\6\t\320"..., 8191) = 8191
read(6, "nz\246\231\322(\202U\33$\343\204j\230\233\252\362\fi\f\312U\235\233^\4M \203p<3"..., 8191) = 8191
read(6, "*\221&;:m\203\204\365e\253\376\223Lj\276\33E\"0l*\363\202\362\306JNp\254\312\301"..., 8191) = 8191
read(6, "\r\277\216&0\t\356\32\2029\216-:-\212:\320\211\35\275\226h\230\276U\227\202A\342\237X\267"..., 8191) = 8191
read(6, "\201\r\310\260hF\343\246\340>3R\231*\38 \212\251\202S\37\262\31\202\316\2k\232\343H\304"..., 8191) = 8191
read(6, "\200tF\216@4Z:\334\336\212\6Z\230\216%^\272\232\356a\203\322U\260\340\211\242#\220\20\364"..., 8191) = 8191
read(6, ":@Gr\245\246\30\34\357Q\24\233f\320\204f\341\2\207\252y\272\350\224\253D\305\261\354\322(("..., 8191) = 8191
read(6, "!u\351\266\33YZ\212V\n\206\24$\306r\204U\f\266\23ot\236\345?az\275\277\251\310B"..., 8191) = 8191
read(6, "D\254\320\275\322\374\356\260S\21\226 \270VS\361\210\226*\216\270\275\342L\36I\21x\255Z\322\20"..., 8191) = 8191
read(6, "\302IC\24\f \27.\tH\350\222\5\v\270\320<\312m\10\301c\351g\10\365.W\275bH,"..., 8191) = 8191
read(6, "\271*h`\24\226!\327\343\30\342\370\340\0X\250\1\v0\7`\347\302\10R`\0326@\39\320"..., 8191) = 8191
read(6, "\227\257\3238\202\276S\351\0214\7\361\265(\370Y\26\203\222\342\3628\235\201\vO\344\27\7IrQ"..., 8191) = 8191
read(6, "\307i\rm;\24\36\21\3733\275H\242H\314\34T\347\226\347,Q\214@;\320\300\304\245\211VM"..., 8191) = 8191
read(6, "a:\2\227g\254\301$\245d\365\277=s\246P\257\313f\246I!\251\306X\212\2204\376\32\246\265"..., 8191) = 8191
read(6, "\26--\305I\\\f\202\2427,\314\213\304$0\2270\307\203s4\1l:-\27\353j\310\220<"..., 8191) = 8191
read(6, "B\242\276\330:\225\267\336\20Iv&\2114Z\320\342\202\340\205\241\32\236\306\320\332\n\216dR\365q"..., 8191) = 8191
read(6, "\202\273\300`\263^3\321\320p\30\33D\312\350>\266\251\206G\20\24\341\206\31$\222f8S\22\320"..., 8191) = 8191
read(6, "\342\275\255\27\215U\304{\2LH\231\242\216t\2\225\257\23-O\210\f\216\341`\234\307\305\222\322p"..., 8191) = 8191
read(6, "\0022\360\10G\243a\203;\26\306\265\353k\327\347?W\23L-\320=\v\217\6\fj\31\1s\246"..., 8191) = 8191
read(6, "\1s\6,\2200Q\360\260\224\251\372\233\247\23r(\307\203\r:\255\306\324\23*\201\225^\233\243\35"..., 8191) = 8191
read(6, "\236M\262\34\326\254\236V\31\236!(R)\252\253y\326\207\224Q3mH\206\253\256\362\22\315]E"..., 8191) = 8191
read(6, "\311\205\vOa\322\222g\23\n\3570\201\33\r\2619\266\367\264@\307\237$\350\246\237\3626\357\3217"..., 8191) = 8191
read(6, "\v!\245\2410!\35'\343:\343~\21\201\303\3770\231\3119v\217\316\252r,\201\350\231o\310\v"..., 8191) = 8191
read(6, "2X\4\22T\360[\322#\33.\320\237\315\241xf7,\360PX*WT\34\v\316\321v\352L"..., 8191) = 8191
read(6, "\260\220N\1\35\213\313!\361T:\341{\234H'\23J\303O\204r\212\21N+H\301&9\232f"..., 8191) = 8191
read(6, "\375\350ArJ\2357q6G\350\246m9\206\240\26\217\221\342\370\245Y\376K\335\f\256\303e(\n"..., 8191) = 8191
read(6, "\255d\345\373K\245-\223\322\24\260\260o%\273!{\223<\n\215N$\350<\201\vz(.\233k"..., 8191) = 8191
read(6, "9\24\263\251:\263C\374\226R#[;\34o\335VJ\305\351D\271\326\365\375t\n\216\306\231+\205"..., 8191) = 8191
read(6, "\225\231\322P\t\353\275\340\227\231\206\302.\21\265\271Y\307\21\206\"\325;'<\207\362\24\2438\253i"..., 8191) = 8191
read(6, "xS\4[{\243<\211PR\215\33\266\222\23U+\264-D\361X\307\225\256$\301\334\5\211sz"..., 8191) = 8191
read(6, "T\200\34\314\261[$>D\\@F\211nsqpI\26!\2336my\212\245\211\3662\340B+"..., 8191) = 8191
read(6, "\230\352\2766\212\23\232\360\32\tG\273s\376\214%:\345\22G8eIjh\333\246\0\v\214V\213"..., 8191) = 8191
read(6, "*\2239\34]4\232\246\234\246\206\3420\235E\230@G\305NA\313P\304D\305#\32\301\258\307"..., 8191) = 8191
read(6, "l\260\300 I\364\236D'\20\260\260\243\234O\313\t\rz\302\204$\303\234\313\323\230f\256\311\354\204"..., 8191) = 8191
read(6, "d?\3229u\276\257\274L\305\244\2529/\345n(\32\211\304\342h\301\266sroZb_MH"..., 8191) = 8191
read(6, "\302\314\4O$.T\21\345\2158\363\315BS\306W8\367\nK\2173\265BDo\247\252\324\\E"..., 8191) = 8191
read(6, "\234`\21h\33a\205\327H\307UOu\372\260+!D\261X5F}\36\5K\277C\220\236\221\256"..., 8191) = 8191
read(6, "\260\272\37\263'\370\347\260p`\203\242\340\\\261\260\267G\342e|\367\2279\21n\20Y\4\21\f]"..., 8191) = 8191
read(6, "\201 \31\35\256\273Q\201s\21N\33_\233\3000F\306\306\324\217y\331\27\226\24\244z\354\224=\336"..., 8191) = 8191
read(6, "\336\206A\302P\321\264\247\314\21\3711\352\374\vu'\274\346(,\326zJY\26\v\301{\237o\346"..., 8191) = 8191
read(6, "\1\275\2525\23\7\227i1(i\370+F\273\3t\203t\f\355\351\346\32c\23\0\35\322\21\331z"..., 8191) = 8191
read(6, "i\204\21*\307\177]\373\312\25S\234\3639%\31\374Z\351U\225\34\201\fg\321r\24\316%\217\363"..., 8191) = 8191
read(6, "\260\237\236K\"d\236\244\10\23\373\35F\212\343\216i\\\206\337,q\21\341i\204D\225\2!\323["..., 8191) = 8191
read(6, "I\343\325\271\242b\374\234 \21\315\336\316\205\26,W\f\233E\20\23\322\315\30aL+oT\365o"..., 8191) = 8191
read(6, "!EU\216\264\261%t\214RE\21\206\267'\316m\207`\304O\326\10BH\261\216\270\0217!U"..., 8191) = 8191
read(6, "W\23]\2121\225VU+\361\237\325\332Y\212c\340\334U\32\35q!\215\0254\376\t\245\324\334\227"..., 8191) = 8191
read(6, "\244\32Gr{\273\347]E\3169\265\306\376\10\177F\236\"\315U\355u\246\27Y\345\5\211\341)\302"..., 8191) = 8191
read(6, "\212\230\227~\366\224cX[\376\323\244`9\343Z\206\341\352f\355\221\270\216\356X\206\240\234\236\34\335"..., 8191) = 8191
read(6, "\316\264!\2050Y4\327\346\256\223eU\373YR\337\234o\235S\245T\224\366\277S\316:S\241\374"..., 8191) = 8191
read(6, "\236s\221=\275\231\276#=\207/=\2419$\256)\30\264\2354/x\235\327\312\2140\216\243t)"..., 8191) = 8191
read(6, "\243X\341\3776I\352\301cY\251\355\321H\325\202\247\217\324<\3053\343\20\231\236SB\35\361q "..., 8191) = 8191
read(6, "U\271\321\31j]\355\347(\312\\\t\275\236\303\23\245_)F\230ay\312\16\207E|\206.\346\216"..., 8191) = 8191
read(6, "T\245\266\373\225\306\356\275\330JDM9\34\206!\214\276\226\265\"\315(\206\273\337e\t\312\244o\35"..., 8191) = 8191
read(6, "\3258\322\344\337\326\314\236@\274G\364i\254\376\247\254;1\364$\361Q\232AT\221N\216z\237c"..., 8191) = 8191
read(6, "y\236\340\254\367$-\264\22\353i\34\36U}T\n\271\335q\233Fl\372N\17Iv\216\322\332n"..., 8191) = 8191
read(6, "q\n\21\207K\21,D\272\302\260)\30\335\223\33\236\25\206\357\10\335\312d\v\177\27N\214\320\277<"..., 8191) = 8191
read(6, "\30A\5u\352S0\26\241\16\16\234\212\362\0366(\22\321\322h\"6\270l$\232\22\30\307\25\204"..., 8191) = 8191
read(6, "\"!\7\312%\27\5\250\261\323?\236)\260\200\f\320\201\24\304\330A\2\f\0342\266\5\260\360\221@"..., 8191) = 8191
read(6, "\243\4\3276\207\211\v\242#8\35V\227F\3205\353\33\342;J\204\31\232%\f\207\342pH\232\250"..., 8191) = 8191
read(6, "\178\20i*O\353\246\nt\216\346J\302\30\232\370\2360L\276\255U(\242cz\303C\2449\346"..., 8191) = 8191
read(6, "6\270\320,4\270\340\25\321\3\205\323:\316\1\235\34,c\244\343aCsSP\331\313\336\334(7"..., 8191) = 8191
read(6, "\352?!m\0323\365QZ\5\241\23\333\7u\312\220\214\247\fO#\235\351z)\331\3569\226\36\245"..., 8191) = 8191
read(6, "\26}\30\315Cp\305r\272\243\244YDg)\212\367I\260K\365{A\323\353\5\217\305\305\300\311\302"..., 8191) = 8191
read(6, "\256\242\365\323\213\357\256[k\216\330\246\247\320R\230\6\227J\3530\224\372\26\233{\30\307h\233A\4"..., 8191) = 8191
read(6, "\"9\225\352\23\212\256'\233\34518&\213\31\222D\350\234\256\315\351j\235c\4\205\241\374\10\376\24"..., 8191) = 8191
read(6, "\302D\"e~\213\22\213\240+'2D\22\325(\212D\250\21*\247\32\252\245\211\21\341\346Z\31\22"..., 8191) = 8191
read(6, "\234I3\212~\302\364X\246%\336\306\307\335t\271\331\212$N\254m\306N\235\236j\v\35\16\207\232"..., 8191) = 8191
read(6, "\361N\264'\216*\270B\271#\317\275\344z\206\307\346\351ap\324Nvg{\4\242w\336\33\255\213"..., 8191) = 8191
read(6, "\270T\213\v\272|\246\316\325\216\223!-\207\315j\247\252\230F\247@\"\304Z\235\302\366\323,\321\247"..., 8191) = 8191
read(6, "\301\301\322,\222\256\274\362s\367\241\232\317\242\33\236\240\211\316\10\251>\313\304\t\24\\\226\352\315\36\317"..., 8191) = 8191
read(6, "T3)\267W\222\244JPGBBk\30B(aiZ\346\342\34\261g\357\323\v\34U\206f\251"..., 8191) = 8191
read(6, "\3\23\34\34\300`(\2\261q6\225\254\250\6,\360\234\32\4*\215a\2324$\34\236_I|\371"..., 8191) = 8191
read(6, "\222\264$\206\245c\334\242\34\1\322q\4.\20\1\303\23\0350\10\305\300\203t\246\317a\21KPG"..., 8191) = 8191
read(6, "A\320\3229V\327\340\2\320Y'-\247\354\313\4\336I\34<\304\31\34\216\203\31\307\345X,\373\22"..., 8191) = 8191
read(6, ";\353\236\263\0344J\315(\323Gs\252\353\253\353$\301\364\30\245j\2522-[\232\20\246\360#h"..., 8191) = 8191
read(6, "\342*\203\v\32\221\240\273\33C\345\177\370\312\311!\205\264<U\30\341\10\202\346\36E\316\210\202\276>"..., 8191) = 8191
read(6, "y\246\215lf\35M\31,\207rh\241\253\\\6\375\n87\4\307\306\353*X\301\356\263\0076\4"..., 8191) = 8191
read(6, "N\310)\276\255\22?\v6\244C\317\356\0200X&\213\356\317\262\220Y\206\301\244\245\310c\365\371\34"..., 8191) = 8191
read(6, "VX^hG\2\r\253z\246&i\202\347\252V\360\344s\31\256gl\232\345vG\233\16\314I<"..., 8191) = 8191
read(6, "\261x\202d\326Y\206j\271o8$\353\t\n\315\336\257t\312\367\23\205\271I\303$\234r,\356\366"..., 8191) = 8191
read(6, "0(\222\320<^\0314aRA\33H\250T\31\225(\341\r\275k\334\272\354<?\212E\345i\n"..., 8191) = 8191
read(6, "[\n\377\262$\27\t\0074\230\374\234\3414\1\203\355\341\34\254\231\223\32\211\2\v\26O'\5\264\311"..., 8191) = 8191
read(6, "\22\323j\247\271\fZ\5[Z\326J+J\336:@\27$\6M\10\275\341'Ik4@\367S\331"..., 8191) = 8191
read(6, "\222d\326\32\226`qJ\17\f\216!h\206\277\2\221a.\325\5\305\233+8\330 \266\25MP\270"..., 8191) = 8191
read(6, "T^\333S\16\320\31\276{\344\312\353\214\256\360Bk:G\t\\\340\320\305\301i\316\210B\234\351\213"..., 8191) = 8191
read(6, "\34084\31\16\325zr\272\24\262\0\f\216()\242\304h\16\247\314BD\243\357W\31K\21\303I"..., 8191) = 8191
read(6, "\245\213\236\346\347\354\353\354\252\356\273\\\266[4D\25\34\232Dk)\232B#IP\227\0022ho"..., 8191) = 8191
read(6, "k\210\262\2450@\233G\"\250<v>\241\237\32\273\361 \307\21\356\30\226\351z\16\355wY\354m"..., 8191) = 8191
read(6, "6\2331\363G8$\206;*\r\213\310\300\241\10N\364\306\271\24e\350[\27F\225y\332\t\303\326"..., 8191) = 8191
read(6, "\225\240\6\r.\230\351\23\20\232T\304<<\304Z\317<\213\343\231\35,\332r\221hJ\23Q%\25"..., 8191) = 8191
read(6, ";\271\312\32\373\371\202V=\253\364\233\327\235\241\354\265'\205)\314\36Sy\363\336\31GSL\256\20"..., 8191) = 8191
read(6, "\216\376\322\314T\244\223}7\273#\304)yK!9\332\346\3117\21\202v\206h\\\345\245\272y\321"..., 8191) = 8191
read(6, "\367\222\6\vT4De\10T\246>H\327\222H \371\332\267\220\"O\34\245\251\21\231\357\340\234\344"..., 8191) = 8191
read(6, "\332\265\364\34\34\313#\22Fx\216\313ip\30\242\342\35W\361H^3\231\345\361\30\5u\6\223\347"..., 8191) = 8191
read(6, "\311\207\340\264#IaD\265\343\\n\32{\216tN\334\245\243\324\\UJ[o|\307\20\215p="..., 8191) = 8191
read(6, "!\203\231\262\332/\203@\2008\4.\324\301\34P\310\340\25\356\0271\215`\300\n\207\355\21\342\202\212"..., 8191) = 8191
read(6, "Se\247\327\26\23G*l\221C\343\346[\2\217\242\26458\347\253N\2608Ac\272\34L\242c"..., 8191) = 8191
read(6, "Y)=\373?\341:^(\206g\20r^\5\321\213\24\352\304i\272d\310)@\335\7\207:\372\357"..., 8191) = 8191
read(6, "u\310p>\227\31nC\35\241\343\371\253ie\264\257\4\255C\300\242r\250\257\5\215Z{e\16O"..., 8191) = 8191
read(6, "N\304}\370fP\330#\264\234QD\226f\214\22\356D\327U\265\27\21,\24w\367\206q\251\32\242"..., 8191) = 8191
read(6, "\264\20\263S\342\32\202T#T^\0\22\231V\10\233)\32\223V\n\220V\301\n\0\0\0\0S\27"..., 8191) = 8191
read(6, "\365\31\223s;\361\206\340\226t\335\0257g\305P\215\20\363\305\221o\245\27\2329S\306Y\357\214\320"..., 8191) = 8191
read(6, "]\226\260\327\312]e\376\345U\33\375BY\27'\224\347\n\23\261[7\322\2459?\27'T\n\361"..., 8191) = 8191
read(6, "u\333J\355\\\2659\25[\325DL\23\343\207\31K\343jZ\32m\204/(^\2442\306\304V\370"..., 8191) = 8191
read(6, "\2331/(\212`\212BkuB\226\261w!\231\302f\205\0241!LL\314FV\374NdF8"..., 8191) = 8191
read(6, "\34\322\264s19\261\242E|a\\\205%E\226\360\371S{\323c8[\23\3213\363\361u\235\245"..., 8191) = 8191
read(6, "dT\3149I$\366\324V\211\261\23\247}z\206\27\34181?y\225\226W57\34\337\306\2076"..., 8191) = 8191
read(6, "\345\v)\254 \372[\33\312\205zY\227\23\312*\3033g\314;F\225a\344\7\213\305\231\251LJ"..., 8191) = 8191
read(6, "V\326\212S\351v^\365\347r\360\30\212'\260\211\355F]dX\24c^\210Q\317\21\375\351\267\331"..., 8191) = 8191
read(6, "\220\\\270\223\361W\312\2147U?F}\334\231%\314Y9\245\361]\31j\23\267\244q\370s4\322"..., 8191) = 8191
read(6, "\307\322k6\220\24r\34\33\325\205\260e\350\34F[\222T\31\301\362G3\207\v\213\va\211V+"..., 8191) = 8191
read(6, "\22\241\0074\30X\1\31\f\10c\302\202\213,\310\0\25\312I\254(\1\24d4\334j\222Y\263\317"..., 8191) = 8191
read(6, "\30\241S\10\346k\34j\200\10\215\273\2603\16\0054Pl \203I\253\271\246\302\300\301B\243q\204"..., 8191) = 8191
read(6, "|Q\f0$\313\250\336\356t[\317\300\25\226j\21\321\323(\340\1\f\362\351\313\301\0\21j\0271"..., 8191) = 8191
read(6, "\210.0\230\34\234{T\310Pl\34\26\211\205s\342Z8\261\26424\230\303|L\376\260@\235J"..., 8191) = 8191
read(6, "\214b\372<\31\272\353-.\204\350yK\"(g\32\32E\222\230(\361L\347-\17\3616\217\241\262"..., 8191) = 8191
read(6, "j*\346:\346\10N\214\342SiErd\30A\vn\26\320\241\230n\31(g\237\300%`\306\362"..., 8191) = 8191
read(6, "\317eM*\257\"C\352\n\311S\355\301\202\21\266\25\221e\254\245%e\36.P\214!\261\265\316P"..., 8191) = 8191
read(6, "<\32\315I\260\340\21I\34\226\303\266\23\304H\327n\374\214L\"\320\273\206P\327\316\275O\303\300\317"..., 8191) = 8191
read(6, "\222\34)Y,\272\23\2328*\r\316\21\322\17\r6\370<\316\373Iix\355:\251\361X\256\3161"..., 8191) = 8191
read(6, "\7\316\215\304\300\256\35\217\300\345\321\10L\4s\0162\314\n@g\2\3\r1\231\250*]\251\311M"..., 8191) = 8191
read(6, "\33\34\332\230\226o\211W\333\222\253t\214@{\276\322\35'\24G\t\204\nG\30\272\314D\310\351k"..., 8191) = 8191
read(6, "\256EN\303\326\\\261T\206(\21\265\313\2u\16\221\343\352N}+<\"6D9\32\23\221\6\16"..., 8191) = 8191
read(6, "i\225\343\244\3254\300`\264\"w\t\236\363-9\322\210/\t)\354zkXE`\350\253J\235\322"..., 8191) = 8191
read(6, "\277\231n\321\254\300\22\261\34\22\203b\255\222U\202\366Z\316]\207pJ\207\20\226\336\346\364\207\262\275"..., 8191) = 8191
read(6, "\232\306g\340\34\322\5\233{{\222mj\355\214Sg\33\2349\276hY\232-Y^\356\340\2\3\211"..., 8191) = 8191
read(6, "{Q<Z1\10\365N\223\214$\364\212\3235\212t\232;cTM\10\306\325t\335L\377*b\346"..., 8191) = 8191
read(6, "R\375SwN\207\247\324\nc\344EZsuF\257\241\314\232+Xm\204\"\206;'\304\326wq"..., 8191) = 8191
read(6, "\2459i\207\0\16\16Q\374)\320\340\222\200\304\230\226\341\22Q\321\204d,\201\247-\0232D_\v"..., 8191) = 8191
read(6, "iIe\32\302\204\260]\202\342\364\30\322o\324\v\6\221\220\252\237\347\321\260\244D )\241qL\32"..., 8191) = 8191
read(6, "\260&Z\vs\34\16\7\2012\267.\257\0\v\232\2401\3504\35\6O\221\0\235E\303, \32\1"..., 8191) = 8191
read(6, "\346\2253J\326\215\340\324\317\335\325\335g\2553Q\235VV\31q\306\317m\2452\316\210\377\347h7"..., 8191) = 8191
read(6, "\273@\247$\213e\2E\4%\224X8'\267o%\247C\303\304e\245i\237\231\204%B\235%\277"..., 8191) = 8191
read(6, "/\250{[\3139\22E\323\244\25\341\324\325[V\32\212\377$er\245\2503\305O>\225P\336\252"..., 8191) = 8191
read(6, "\31\2\3\327\221\234?\0345\266\320\30g\t<D\252^\330\221_g\361\344n\r\2076\316\5\207\250"..., 8191) = 8191
read(6, "E\242y\6\t0(\322\237\241+m\36\317\34\307\352\21\32\315\274%\234\342\357N\230g\374\376N["..., 8191) = 8191
read(6, "PK!L\376\n$\322[e\235\262u!\0313Q\34#\216\205\v+\343\202E\242\232\306\33%\254"..., 8191) = 8191
read(6, "M\303@\322k@\205\332,c\3549Aem\204e\306\255\345\215\23%\22\211\221\303]\316\304O\177"..., 8191) = 8191
read(6, "\305NZ[a(\34l\34D\355xmL\204P\216\240*\272\325\316K\252J\23\316\255\20\20a\252"..., 8191) = 8191
read(6, "\326\\\246\344\267F )z*\f\316L\2327\232K9\22\203`\264\361AAE$x\216\316!\t"..., 8191) = 8191
read(6, "N\2073\202\300\223\306i\333a\375\27\t\t\215a\265&\373\257I\345\304\354\256a\2123/\270kN"..., 8191) = 8191
read(6, "@\322%X\375Gdh\241(\251\371\306\236\256L+$\30229\202U\356\345Y%\221\30s\34\21"..., 8191) = 8191
read(6, "\3\222\21\240\5\0057\234\1\206\350\22\r\241\7k\34\34\2\225\220SR\264A\222\375\347XB\352~"..., 8191) = 8191
read(6, "B]\232SDn\22\255\32\2724\24\232\0364#\225Y\317C\254\260\217\204t\232#\t\216\256z\277"..., 8191) = 8191
read(6, "Vp\0042,\203\271\353`\234B\244\205GS\312\320\260\215\300#\263\370\253\266L\314CD\34d&"..., 8191) = 8191
read(6, "\211a\354\v\0234\341Um\324\357\3212\10+,G\\1\31\260\300\226u\322j\311\355\254H\245\251"..., 8191) = 8191
read(6, "9y_\327\235-\275\262S\353\324ep\374\355Ed%W\326\355]\224Id\n\351\226\225\177\222`"..., 8191) = 8191
read(6, "\235\377\332\30\212&D\2329!\177\351R\256B(\3715\256\376\f\243\205t\25\306d\355\274!Y\273"..., 8191) = 8191
read(6, "s<WbzN;m\214%dhQ\345J\273\227\312\32I28'\204fl8\373i\254n\224"..., 8191) = 8191
read(6, "\256\344\31\37\367\2520R\207\247\10\n\211\356\224U\276\272Q\265\377Z\244\310\222F\256$\316\304\356h"..., 8191) = 8191
read(6, "Yg\271\\\376\224;;~\201\203`j^\205)\274\253\177\255\241\246\340\354\272\262,\t+L:r"..., 8191) = 8191
read(6, "\32\225(\nP\247%\211\340W9\226\"\360Z\333\336\254\344k\n\247\242['K\222EhI\222\242"..., 8191) = 8191
read(6, "\20\371\202+p$\307~\214\246\20\250\356\334\224\3410\230\25\321\232r\332\20\330\326\fS\32\fc\206"..., 8191) = 8191
read(6, "\246\313r\237\245\3459\343u\\h\253\32\6\311\10\306\2170\255\324\264\367a\376]\2739K\22\271\f"..., 8191) = 8191
read(6, "8/\274\220$\202a\305uil/\361\4\213\21\277\332?\305;)MD\351\342\244\363\302II#"..., 8191) = 8191
read(6, "\271\243\246\241\225z1F\10\257*o\234\345\324t\227X=NU\304\374k\312|\205\322\231\223\263\251"..., 8191) = 8191
read(6, "\346\2658\252\243\212\270\26\n\205\242\331B\315\247\2237\311\3633E\24=$\317\"\250\321\23s\323\347"..., 8191) = 8191
read(6, "] \241\252\16}\246\200\v\343\27F\2549*S\31lq\356>\320\235\256X\332\207\1\f\216\242$"..., 8191) = 8191
read(6, "Q\260\20)/\226\304\243\351Nh\263\347\227\250\244)\236\256x\\R\30\21\206\36\355\35\201\340j\315"..., 8191) = 8191
read(6, "[Y\341\204>\216\236\306~\211R\236*\246g0\315\10\245\265&ybX\216V\232+\276\265\3039"..., 8191) = 8191
read(6, "\256\251\255]\10[\346^\5\211\355Y\206\232\341$\7q\221\274\33'J\312\246dYN\230\216 \341"..., 8191) = 8191
read(6, "{\311\326'rH<\226'i\375\246)dxlL\341\330\36\1\321:\327O\357\213Dm\214\322\206"..., 8191) = 8191
read(6, "\2A\353\363\33\326\2378\363y5\353\314\206\317\276\337\2\307\2040W\306\0301\206\263q\25y\3211"..., 8191) = 8191
read(6, "\216 \354\216\20\304\345\234Q\23=\341\265\356\16\303\33\323\21]\33q\212q\321\225\177}\376:\322\207"..., 8191) = 8191
read(6, "Y\21\21\321\237\\Wa\304)\352)\253\325jQQ\271\21\21\223\367Q\316\1778\212\22?}\23B"..., 8191) = 8191
read(6, "cY\23\367F\244Y\21\326E\375*^\204s\221\306\215\350\207\246\315P\325\265\225\241\325\\\314\20\270"..., 8191) = 8191
read(6, "\25U3\221\327[BDT|\304EEL\217 \304Y9sWcE|\334}\250F\tQwJ"..., 8191) = 8191
read(6, "\304\204\0251\306\2348\371QN\365\306\314\207j\305\v\223\2353\27\221\302\317\30Q4\263]Nx\34"..., 8191) = 8191
read(6, "d\316\2542\3033[\21\365~\367\376\tUZF8W1][\357\253B8BL\375\355\305\254\346"..., 8191) = 8191
read(6, "FTE\334]X'\10\365^\275\23\225\223\332\10U5\37FD8\257TE\345LU\265bl\217"..., 8191) = 8191
read(6, "\334\30\355\305\306|\315)\345\304\274\224\322h^\f2\344\336^Uu\212q\23B\266pR\2753i"..., 8191) = 8191
read(6, "F\t\0371u1\345D\304\366\3258\231\275!\356dMe\254q\271w\377\306\304\375G\355\336\ns"..., 8191) = 8191
read(6, "\30\225\267\3439s/\324\205\330#\356\2373\263R\324(\273\236p\332mEH\202\343\204W\275\312\365"..., 8191) = 8191
read(6, "\306\376\370a\304_F\247zed}\253\302\37\215\270\202\3659$+\310J\r\321\216\31J+iD"..., 8191) = 8191
read(6, "\325\vZ\31$\377!D\354\t\263\21}\306\264\253\2148\33\361\31\223R\317\206`\3258\232\266W\21"..., 8191) = 8191
read(6, "K\265\276@\220\212\230\311ED@H\33\206\266\\4\204\f$)\32\342\v\202%\tZk\212\340K"..., 8191) = 8191
read(6, "S\342\225GR\31\342\32\256T9\27R\220\204%\354\t\271\246Pk\232\326\205;uR\222(\306\231"..., 8191) = 8191
read(6, "\364\304\ns~\274/^\327\355\235\220\227\306\233\255Mi+\245\37\37U\35k0\224y\373\206\244\244"..., 8191) = 8191
read(6, "\261\302\317\306;\216\343\324\265\341\344M\377D\32\342|\237P\23)\255q\302\377\236\241\325\33\33%\334"..., 8191) = 8191
read(6, "\323\324\376\317\221\300\202\301\21\336\373\242a\31\304\343)\316X\343\371\232\"\307z\34\322\245\23\376\2218"..., 8191) = 8191
read(6, "\345\257\2\v\313!\214\220n_\10\241\216\321JTE\346\t\322\r\307_\224\341\214s-Z\337\202&"..., 8191) = 8191
read(6, "\263\33\f\253WY\306\305\237L\241\207G2\2026!xc\n1K\245\214{4\212%\351N0\216"..., 8191) = 8191
read(6, "\326\177^\254\363=;w\21\231\347E\356\252j\347\25IL\311\346)/\270\313$d\231\303\271\263\345"..., 8191) = 8191
read(6, "\373R\275\256\270\33\246$\232\302\357\345KRD\256\347\337\357\304(\231c:\202\326\331\351\377\n\353{"..., 8191) = 8191
read(6, "X\320p\212\25\242X1J\355\216`\31\25nY\25\355i\330@Q\206\241(E\342Y<;\212\265"..., 8191) = 8191
read(6, "\10i\274\243\216 \214\31\21\223#}\365w9Vv\225%E\\J\275\332\354\304\2061\177\367Fm"..., 8191) = 8191
read(6, "\235uk<\217`Y\16\7\347\210\237\25,\225\27\212\247\271\243\264\201\v\352\213\236\340\274{\302\321\364"..., 8191) = 8191
read(6, "y=\311\21\267\306\30\n\203P\231-l\304\33e\30#DOM\354\307\345lJ\242\30o\355\t\361"..., 8191) = 8191
read(6, "J\305y'\215\260_\267\353\244\330\206\272\302\3248\34~\257!\r\21C;\35\332g;\263\23kF"..., 8191) = 8191
read(6, "\337\31\361{w\23\241\234pZ\277z\206\230\27\27[\23w9\367\221\351\264V\372)B:q\202U"..., 8191) = 8191
read(6, "a\304\232!i\245\322hm\264\31\31\32\25\321\2252\242\250\306\232\341\10\33$\323Uc\334\366^\236"..., 8191) = 8191
read(6, "\357\225 \320\264{3\226\305\361F\v5\375\316\365]wVM\236*\345&\211\177\356\355I3U\21"..., 8191) = 8191
read(6, "/\315\372Z\1775\311\316\t}\317\343\256\"M\206\346\21lwj3?s\357\t\36\303\313F9'"..., 8191) = 8191
read(6, "fG:\21N\315\32\237e\31F\333\367\21yw\2EE\265\226qq\216\241\226\263e\208\247Y"..., 8191) = 8191
read(6, "\313A\304I\0t\245\36\235~\343\211<\224V\304+r\322\267QZ\234\263\302w\2151R\327\t^"..., 8191) = 8191
read(6, "\4I\326\207Z!\325\357\0303\261\306\32K\321\272\265\254\243\344\tZ\t\202\362NN\235!\204\37\202"..., 8191) = 8191
read(6, "\212\33\2426\345\204$\4\221\251\20\r\221\24483J3\274\242\33\f\252\23$\311!\5\211u\243\241"..., 8191) = 8191
read(6, "\24\346hV\247P\246jE\30V\357N\233\212\262\226\247\21\v\302\276\262$\326Y\331\316\334J\351\30"..., 8191) = 8191
read(6, "UE\30;3Z\206vq/eg)Q\177\353[qkL\326G\316\206R\302\216\26\241*\306M"..., 8191) = 8191
read(6, "\331S\221\325\223\267\2637\225+\214\321\327\347\10\326E\356nm\226:\27y\23}kF\327\234pe"..., 8191) = 8191
read(6, "\320\215\362\6\314i\330\300\246\234\223.\215\321\22\17GM\252'\366\234\320VD\220P8\264\6\347\350"..., 8191) = 8191
read(6, "u\4 g\240\304\361\340\232\307\240\251N4GP\350\f:\205\301Q2\333j\32\215\331\n\233jz"..., 8191) = 8191
read(6, "i\363a\\\274\"Ll\10\202\260i\345;%\345\327\306\215!\375\336t\357\254\265\25i\324\206T\25"..., 8191) = 8191
read(6, "eD*\237mM\33Ga:\242\249\341\t\277z+\206AtJ\335\235'|z\212q)\36M"..., 8191) = 8191
read(6, "\253M\306\344\244aU\246\243\226S7\242\344Kee\224pQ\365\222\221[\2773\316\317wy7V"..., 8191) = 8191
read(6, "\34N\212i\33\f\306nL\346\224(\365\367\33[\231\16\311\fQ\31-y\332\365;_q\273\306\205"..., 8191) = 8191
read(6, "\202@R?kY\355\204c\10\223#H\342\275\240\365{\310\300a(\341\210\33b\32\37y\31\317\366"..., 8191) = 8191
read(6, "\334J\251\335\365\2357\341(]!\3113#\316\v\273\33g\231\35\365F\334\217\262\306\244\20\302\31\34"..., 8191) = 8191
read(6, "+\214\221\222\221\243~\207\260{B\355\346Ed;\242133\347\224q\251\326DO\355\355\325\274%"..., 8191) = 8191
read(6, "X\355^\254\2629_\342\307\214\245\252\216&\224c\315\274\323\332\351oV\364\336\212%\304n\215\243\324"..., 8191) = 8191
read(6, "\322\224\323\267Be+\31\205\v\263\342\373U\237\31+18R\314\244\323yet]w\376h\202%"..., 8191) = 8191
read(6, "\256\205w\0322\314O\30^+\234;\236\344\300\2\205\262\226\262D\334\202\317\323\362\210Y\335\251\254\227"..., 8191) = 8191
read(6, "3\212Q\216y\265I\262\3559\0335\25\351\375\305\3168\322\354\265 \215\224D\322\314\\\324\367_\315"..., 8191) = 8191
read(6, "\351\304Ul\376dI\341\231Q\232a\374N\30\222\345\364\205\"N\204R\25\2775s\255\345\335\32\225"..., 8191) = 8191
read(6, "6\302\0101\352FF\236BT\371UQ\212@2\335B\314\247Z\212T\202`\10\375!JJ[r"..., 8191) = 8191
read(6, "\vZ\254\237\251\244 \324t\373e\254\34W\335\306u\251\321\361\223\316\305z\312\324lHg\231$\302"..., 8191) = 8191
read(6, "\334'\343\213e\234\2634\25F\305K\221SM\343\2542U\316\357\10\306\33\27\206\267mLeuL"..., 8191) = 8191
read(6, "\262xR\2145\336\225\340\\nNm\31\331\306\325\375\324y\202S\341\376\225 \344JF\235 \26\307"..., 8191) = 8191
read(6, "\252FY\206\20f\177\207%\224\332\353(\31KD_%\244\234\322\222\304\344f8\246R\351\266\340\247"..., 8191) = 8191
read(6, "d\371\263\275\225\33\321$;\247\314\246uu\202$\20\t%\214\24\375\16\307\254\256\33\232T9\255\274"..., 8191) = 8191
read(6, "Z\307\214\340(\33\206\261\351\336\23\21\370\276\325\265Y\273\253ph+\315\306\32\343x\345\vJ\221\\"..., 8191) = 8191
read(6, "F\32\233??\2020/\334}\315L\216t\333\227\265R\376\356\32\277\33\372|\257g5\321\250\242#"..., 8191) = 8191
read(6, "eT\365\2375a\225S\335\253L\v1\31k\212\223\21\263W}\2418wffUX\202\366u1"..., 8191) = 8191
read(6, "Tm\230\216\323\23\327?D\361D\323FT\272\317\3207-\20521y\353\324]dEmFf\324"..., 8191) = 8191
read(6, "7\271\325N\327\334n\2376\222\341\2342\222QB\\\266\325\31w\347\220h\202s\222\20J0\234\320"..., 8191) = 8191
read(6, "\345\245SN\256S]\237\23\247\316\10\31\273\221\243\255\221\273\367};5]\25\321\221\306)\353\205\23"..., 8191) = 8191
read(6, "\306\325KJ8\227V\304W^8\306{\0373B\224;\272\220\227oemI\261l=\223V\30B"..., 8191) = 8191
read(6, "^v\354iW\256`\225V\31Y\206o\254\266Jo\266\250\344\235\346yDc\256#8\2\311i\276"..., 8191) = 8191
read(6, "\304\224SY\31\221\326\253\371;$b\242E]\215\241\315uok[}\177\23\341T\305\354:o\364"..., 8191) = 8191
read(6, "\33\31%\356\n\336\344\266#lI\322)k\30z\305f\276\365\206\242Mj\312\345I\306g:\227\331"..., 8191) = 8191
read(6, "\231mT\214\3634\206\221\271Y\316ka\304M\224\"\305\374\253\331~\205sF\376o\vFM\326\346"..., 8191) = 8191
read(6, "\316\236\221\21\33\216\344\307\n\331D\222v\361W\371\356\250S\367\306\377\275y\34?\345{\233Q$\214"..., 8191) = 8191
read(6, "J\315\214\34#\375:qs\223\237\302;\222\2233s?S\306\305\305\304\232ws}\227%\10\332\10"..., 8191) = 8191
read(6, "\275\253H\202)\2228\365\212P9%\362T\244\325\343(Z9#E\244\20\275\212\340\31\345Y^V"..., 8191) = 8191
read(6, "\311c\230\266\267J\214\220\326I\226\267D;\232\246\314>I\224i\225w\235\2165\357\334\204P\261\23"..., 8191) = 8191
read(6, "$f/\321TGk\345+Vh\343\304\315\0334!*\306\344\205\264\325m\334\324\177\35\221R\306\357"..., 8191) = 8191
read(6, "IEMIb\206H\2641y\16\361m\213\276u\306z\37\33N\324\256\27\206#)#\235X\347\10"..., 8191) = 8191
read(6, "w\23iU\336\374\214\365)\220\364n\366\206\240\335M\252\212\360F\215\227\202U%\305\324hb\\\216"..., 8191) = 8191
read(6, "m\2442\246`HZ9\202\244\313\2578\345I\26\215\241\315\255\365\24\343\304y\326\227?\226P\323\342"..., 8191) = 8191
read(6, "9\347\246\253%\343:9\352\317\226 \234\343\10B\307X\202\311\321\"Ihq\352\373\2\325\375\374\231"..., 8191) = 8191
read(6, "TIce\223\304+JUt\211\202EX\357\305\271\361N\315U\214\362\23\206 9qs\2373;"..., 8191) = 8191
read(6, "\30PW\246I\243\220(fG\317\267^\303QJ\30fX\363\235W!D\33\202&M\2766\306\177"..., 8191) = 8191
read(6, "\304TUL+\33\267BT\354]\326\277\264a\4\207\230S_+\30!m8{\252'X\261\261\323"..., 8191) = 8191
read(6, "!\216f\31\261\321w\232z5\371\375\231Ww\337\326m\316\335\271m*\212\337av\367\272s1\343"..., 8191) = 8191
read(6, "\303\20\263F\10\33\273Wc\31\241d\314\324\304+FD\366t}\255\23wN\177\352B\2475\322I"..., 8191) = 8191
read(6, "\204T#\234\367\331c6\217s\325\321\25V)\263D{7;\371\261-\2140\306\347Gn\324\324\214"..., 8191) = 8191
read(6, "\02573^\367p\210+\2458\377]\336\226q#L\257`XW\347\33\375W\267w4\212\247\234\260"..., 8191) = 8191
read(6, ";\321\225a\374\304^\246\24\34i\325\32\35\2713s5\322\276q1a\364\\\367\304m\235\363u\223"..., 8191) = 8191
read(6, "q\332q\264v\226U\263>\211\2279#\307X\256RB\231N\214c\226\240D\30\251\256-y\326Z"..., 8191) = 8191
read(6, "@\347$\5I\206o2\274fs\350\375\307c\234p\212\317Y\264\326\371\234\4^\n\\\246\223\242\246"..., 8191) = 8191
read(6, "\214\225\33Jf(\352_\225\341\30W\206t+h=U'\334n(\212U\353\334\334JY\257d\363"..., 8191) = 8191
read(6, "\315C\3,XyN\3048!2\2048*\205H\305\264\261W;)+\256w\2Q\f\307\264\256\210"..., 8191) = 8191
read(6, "\334\370\31\226\261\226\362\226\224\30q\347\304\n%\3669\203!\24\342\224\303\262y\345\2258}\263\326I"..., 8191) = 8191
read(6, "\205\327O\364soTO\237\272\376I\235\257\n_]y\357+3\32\213\356u\245\37\252Q\275Rx"..., 8191) = 8191
read(6, "\266/\314\224\243y^^fd\33F\224\261\353U\216\342\355\366d\337\3268B\265\23\367s!\230\341"..., 8191) = 8191
read(6, "\314\265U\216s\177[5\231kD\305dT\v_\316\337\227\330\206\262[o\304\344\324\336\230;u\27"..., 8191) = 8191
read(6, "\21s\3635F\321xUa\220\334\347\337\326\317\227\343\307\221\314\355u\34\347s(#~\256/\226d"..., 8191) = 8191
read(6, "\264\32\373\216\301SZ\245\320\333B\365\374\315\317i\327\375\23JH\206u\37139U\221Q[\237\316"..., 8191) = 8191
read(6, "\364Y^\304\221t\30n\224hu\2152\356L[\206\256\21y!\2245\f\216s=Jq\214\v\v"..., 8191) = 8191
read(6, "+U\235\364\261\361\263\227\316(\333\367\326\266\2418;\271z\267P\247u\364\345Lx\302\335\225\27\306"..., 8191) = 8191
read(6, "\251\276r)\334]\226D\222N\247\21D\212`\214\321\225\325\371?Se\325\305L\213Zf\205\243\256"..., 8191) = 8191
read(6, "\306\32\316:#%Q\304o\333\226\237\306\376|tX\272x\371\234a\204 \250I\224\361\227\312\344g"..., 8191) = 8191
read(6, "\3343p\302\2\311+j+T\265\357\252Z*\266D\\\377\0253\336u\207\255\206g\16\320\31\202\340"..., 8191) = 8191
read(6, "M\211\277\16\v\211\201s\37c\321'M\233\352\271\302\262\34G;\216\270\212\253\262k\236i\30\312\32"..., 8191) = 8191
read(6, "g\376\270\265\3235\273U\365\312(\231\257\30\231~\257\263_iI9\256U'\270ES\322\315\360t"..., 8191) = 8191
read(6, "\244\372\2714M\303\342\236#\234#\305\330\265\336y\202\240d\325u\307\213}\306T:\27\336VG\n"..., 8191) = 8191
read(6, "g\364\215\266i\275\261\306\336N\274\303\250\324\206\240vK\223o\\\350\322\356\2319\37{\222\2311N"..., 8191) = 8191
read(6, "v}\306*\347\10\375;A1\232d*F\261\210\276\305\301A\343Z\265\272\346\375\254)x'Gj"..., 8191) = 8191
read(6, "\362\256\20B\22M\315\204\262\6K8_\242(\206e\320$G\32Jm\320\254\265\342\273\216\367uU"..., 8191) = 8191
read(6, "\216ES\343\344iy\23\216.\215\250\309\321N\\\232\26\307\216i\252D/\255$\235\320\24sQ"..., 8191) = 8191
read(6, "\232Q\353\2550\243j\212E\23c\316+*\221\221.\205\304A\324\34o\209\206g\206\\\245\25\221"..., 8191) = 8191
read(6, "\323\236\343\26\223\224\3021\374\216/\20q\22*\331\202NE\242\255To\31_\276\240x\251\255gh"..., 8191) = 8191
read(6, "\237\262\342\246\273\232p\246\373\337!\10b\336{\321<\34D\23Z\252\234\317\221\216E@2DRq"..., 8191) = 8191
read(6, "Ts\233F\226\222;u\347\2373FD\376E+\225q-\20\255\263\237\245\255\240I93R\355i"..., 8191) = 8191
read(6, "G\262>\221\345\350y\202\236#{\226\271\356\204\241\244 I\236\20\33!\364\216\361W\306T\224\0267"..., 8191) = 8191
read(6, "\3369\246!8\306\33b\246\364\177BY\322V\232/\255\24n\2353f\2445\243\t\206x\223\342]"..., 8191) = 8191
read(6, "\236\221\233\221\237%\214eN\327\344G\t\231\252q!\375)c\10u5\33\227u\302\254\227\312+\347"..., 8191) = 8191
read(6, "\343\244\223U#)\6[\33u\333\356G_\316\306\33\25\33j\365\30\322\22y4qn\255\246\30\377"..., 8191) = 8191
read(6, "\210\343\204g\30\226\272q#\347\377v\347\334\337\254\360\302x\351\214#\2055\326\345*\241l\255W9"..., 8191) = 8191
read(6, "O\217\264\223\247\371#\30\37\245\324\v\316\224b\304G\344\245\221\3228qkt\247T\177\225Z\234\230"..., 8191) = 8191
read(6, "19\216\366\306\232\253\321(\206\277\247\10B\337\7{\26\247K%(\206P\251\10\317\0\f\241\2043"..., 8191) = 8191
read(6, ")\226\344\345\30\225\365\375\345\222({F\257\245kJ\255\303&\314\376[\343\33Vyv\315\260T\31"..., 8191) = 8191
read(6, "\202:\361[\306\211y\307\20\212\362\312K\f\265\357\205\222S-ia\224$)Z\31\21/\366\376("..., 8191) = 8191
read(6, "a\314*\316\233\23Y\356N\232bx\212\262_\231\31\271U\27S\212\263!\205\3\v\221Q\347K\242"..., 8191) = 8191
read(6, "t\332yNsf;\367l\25j\30j\3749UW\6\301\3705\306LX\326x\361<#\31J\277"..., 8191) = 8191
read(6, "\222$\305\274 d9\02115$\231\351\324L\252VMeEd\226+\316\364\304\346\211kq}\344"..., 8191) = 8191
read(6, "\212\"\10\372\212Cr[\207\f<s\36#C\213\255\257E`\264\356\2200\21\16O\343\34\225[\343"..., 8191) = 8191
read(6, "\241\342\302*\351\264.|\2561\227E\344\n\306u\266`LkQ\303\242E\336\t\263+\32\316\363l"..., 8191) = 8191
read(6, "\232q\351,\307\320\220\320\333B\4\233\377\236\241\nB\237\262\22\221\306\344\21\251\3424C\375\271Kd"..., 8191) = 8191
read(6, "j\216\237*\314\301\202\350\371\2\207m\226\216\v\350\306Ns\253\361\361\353\n\322q\241\233\211s4\253"..., 8191) = 8191
read(6, "($\2NH\322xf\334-,(\276\230:\322\265\v\r\202\306\355\30\357\251-I/\321\20q\33"..., 8191) = 8191
read(6, "F\222\260\245\301#{\270p&\241\345Q\321^\30RK\207\r\206P3\307\24,\252%\350\212\260L"..., 8191) = 8191
read(6, "\202\356\211OB\10uD\206\362\216b\324LV\372b\344\254\24yy\f\306YD\304\205\f\n\320\365"..., 8191) = 8191
read(6, "\324\305\322\276\2518~\206\311`\314\216\26D\355K\31B\257'l\304\t\223\3273\264\311!\220\30\321"..., 8191) = 8191
read(6, "\234F\242\23J^M\260\224\346\21\3\3Mx\366\227\247\232\240\346\260=\7\241*\t0g\262p\t"..., 8191) = 8191
read(6, "e\244\355Z\236\350Q8v+\253C\303\212\22Oz\320p\351>\233e(\f\34\306\20Y\204\4\222"..., 8191) = 8191
read(6, "J\10FJS\6\316Y4\372\222\20:>\213\200s@\267\222U\168`\34\273fe\23\31<\215"..., 8191) = 8191
read(6, "\2X<\7\227\302\"\262K\270\306\244\2114\341\213,\232\225$\25m^\209\204ZX\226G\343\233"..., 8191) = 8191
read(6, "\225\237\241\30u9\246!\2363-\330\302uy\246)%\315\2246\0347(\341\347\23d\33\256\200q"..., 8191) = 8191
read(6, "\364\206a\216\272&\207;\216\0217%6.\344F|\0051\1\7/\203\256\234\n\16\206kW\272\345"..., 8191) = 8191
read(6, "\217\252\310\251\31\202 \251B\"\3\324\251[\341\t\212\314k\375\373\236@PLzE\1C\23Q\31"..., 8191) = 8191
read(6, "\31)\r\207u\232C\3\v5\242\3414\233\273\305$J\f\206\340\201\234\326\252\271\242\353Y\320\340\34"..., 8191) = 8191
read(6, "\264\32\323\20)O\250\10\206\300\363,n\237\252\0324\257\n\22\217\244).\305\271\260\301A\342\272\20"..., 8191) = 8191
read(6, "\36\241O\344\350\202\316c|\n\177\206\333\326\264O\342\352W\361i\206r.\324Y\2\324YO\362\276"..., 8191) = 8191
read(6, "\34\v\33H\20\250\2700,\270\340\371J\264I4\31\335L\267\221\243\210\376\372+.\301CCYO"..., 8191) = 8191
read(6, "\21!!\201\300D\354(HG\344\361\350P\327\"\227)(*\201\tu4\241i\24\226#Ynz"..., 8191) = 8191
read(6, "!:T\251\247\"\300\234\271C%\310\2567\2045S\6\213\226\22\t\17\213\16\r/\352\232\203\21\246"..., 8191) = 8191
read(6, "\341\10Iz1\252!\235f\362x\356,K\374eJ\236\2428\206bZ\207qCU\237\270`\225f"..., 8191) = 8191
read(6, "p\334J\202@\341h\f\307a\33\305!Mo[oqu\375s%\t\213!)\212\353\226\347\301\2"..., 8191) = 8191
read(6, "\223\256\264\335\326\370\216\242\v\212\300!h\335\32\213\311\322\234cK\343a\203\305\261\343\364\220\304:\236"..., 8191) = 8191
read(6, "2Hc\272^sR\35Q\250)\225\225\276\323\246\260\237\34O\302\33Hg\n\202\327\216\357\t_i"..., 8191) = 8191
read(6, "\226\16s<\250\301A\353\254cz`F\310\263\34\312\321\266/Y\37H\247\3634\213\247K\320\244\261"..., 8191) = 8191
read(6, "b;\247\324(V7\v\21\207\244z\272'zG!$\t\7\241f\21u\33]\212d\254X\245\267"..., 8191) = 8191
read(6, "D\254'\22\363\353:D(,(\7\16\204<\206\311\374rz\24\301\306\316\322\236zT&\215\342;"..., 8191) = 8191
read(6, "g\262{\321Zs\3516\2131-0\204d\331\272\262\34\343\270\"\323\232\212$}\246\255\20$=\311"..., 8191) = 8191
read(6, "\212\6\327]\322\213\227\2700\276 \r\301x\tsz\330(G\345\247Bc\3042\23\27360(\264"..., 8191) = 8191
read(6, "\262\275\21\32;\23\23\t\225\3155-X\fq\315nrxG\344\245\245BC\24A\264d\313\262E"..., 8191) = 8191
read(6, "\244\301\3532\271\0244\4\233\256\22<<Mc\352\216\3\16M\300\360\320\360\347\301\202\24\326\215N\254"..., 8191) = 8191
read(6, "\337\241\204\1\r\330\340\251\3020\235\"\204B\334\236\346\0\335v \303\376\353\216\301tTCtn\33"..., 8191) = 8191
read(6, "\335\26\t\21\215\222\34\252\264\245\v\346sX\316,\275'\35\r\205%\30,\212\323\273\260\20\232Ad"..., 8191) = 8191
read(6, "C\35\r\7\241\207sP!\323B\204n\270C\303\304\221\36\7\217\300\235\v\r\356\363\230\202\257\260\341"..., 8191) = 8191
read(6, "66`\334\210>\v7!\306q\222!\35\226\21p\375i\36,p8P\367\2700\1l@g?"..., 8191) = 8191
read(6, "\300IN\340\342\202\5\16<\212\355\360 \3\7\255C\306\240\201\211\7m\300\6\30\34\\\357\222\364{"..., 8191) = 8191
read(6, "\246\345\220X\345\210\r\f2\v,@\235\213sD\307\201\v:\203)\33\330\240\4\213\243BE/\17"..., 8191) = 8191
read(6, "A\303\304\362$\262`[Vqx\255I\333UO\223#\320T^\235\360D\354+R8\367DJP"..., 8191) = 8191
read(6, "\20\342?\21\20/@=\362\361\340\360\360\376\3606\20\317\360\16\376\r\0201\340\37\303\377\16\337.\366"..., 8191) = 8191
read(6, "SL\330\254\ftAiS\20P\321-\1e\24-3 \241\231\301\r\37\210\201ilh\301\3040"..., 8191) = 8191
read(6, "\214ddT|\20\"'\1\v\23?]\240\5\335`\332\361\221\6S\310\360q2W\26\243\314\305E"..., 8191) = 8191
read(6, "=|I\306(#\30\234\261R0\220\362\25\3\1\203\315c\333\f\301\306d\223\362\5\231\f\30Y\374"..., 8191) = 8191
read(6, "~P\311\0F@&3\242\31X\4-/g2A\30\2029\3146tP\49\27\342\220\333x\306"..., 8191) = 8191
read(6, "\21\21\21\21\21\301\20Q\21aSD\360EDDDDD0D0D\204\315\27A\27\21\21\21\21"..., 8191) = 8191
read(6, "t\200\25\1`\21\21\21\21\21\301 G\320D\4]D\320EDDDD\4\rQDE\4\35u"..., 8191) = 8191
read(6, "0\336\320\220\360\376\355!\r\366\377\17\0\267 !\363_\17\274\36r\343\377\f\17\304\177\0\n!-"..., 8191) = 8191
read(6, "\200 \32WF\261\242F\201\3[\22\224\r&\364\314\214\24|\344\4\30\207\37\24\307\"\333\24\24\214"..., 8191) = 8191
read(6, "\32\27\0235)\2441\1\6x\360P2\22\1\10`$\232\341\307\301\7d\340\v\v\37\202\21\320\241"..., 8191) = 8191
read(6, "\31\313\6'\244\230\1_\4\314%\5\224\350\224\10\3022x\303\207X\230\302\7(tU2\25\31\223"..., 8191) = 8191
read(6, "\224\3059\\\20F\311g\7\1\27A\225\315\2`t\3\26h\301\22t\10\3\37\366\0\30\225\314m"..., 8191) = 8191
read(6, "\37\21\3\37\340\17\377\36\3\22\16\340\364\16\355\0\21\22\36\361.\376.\37\17\20\321\17\17\360\356\276"..., 8191) = 8191
read(6, "aC\6\33\250D\200\32\27\37U\240\7\3360rS\362\4%?@\21\0\30z`\4\2020\3\10"..., 8191) = 8191
read(6, "1\\\262LLHG\2s\307B\t\30%SF\0\6+\331\220\331\24\fdd\301\10gCC\311"..., 8191) = 8191
read(6, "Q\261\0\6\23\200 \210\315HEAUT\4T6\1\1\7~@\4d0T\331\200\303[2Y"..., 8191) = 8191
read(6, "#\6b\200\23\35\324A\24zhxV\254\250\2O\230A\r8\v\21\204\24\4\370\222\274h\1 "..., 8191) = 8191
read(6, "BCL\300\2`d\274\301C\303\317S<\370AH\1iLd\2F\f\1)9\345A\30b\310"..., 8191) = 8191
read(6, "\350\201\37\263x\302\24\354\2\3\35\265\f`\234T\10\6idl\304\0\2\21\24\214\301@\210\30\317"..., 8191) = 8191
read(6, "E\310\2\30\362\311A%\323s\301\6\200Q \32\5\279F\360\311\2302\220\21<\344\4\344\20A"..., 8191) = 8191
read(6, "\260\360\261\311lOAJ\30656)\3|\24\v\31K\261\262`\31\r\225@\206'2\31\1\25\1"..., 8191) = 8191
read(6, "\377\356\360\360\22\20\317\1\2\0\0010\344.\344\341\360\340\17\0\320\0370\2\356\375\323\36!\37\300\320"..., 8191) = 8191
read(6, "\22\3601\330\220\21D2#\27\277]\17_\0045\303\303IJg\3\310\242\33D\260\6S\341\7\33"..., 8191) = 8191
read(6, "\266<\207\v\fCJG\3035\210E@\204k\\\4h\26TE\200 \314dL\3038T6\225<"..., 8191) = 8191
read(6, "\n|\300\34\310\25\203]\24\3?\340`\333\fC\201rL\202\314@\225\210\1!\270@7L\370A"..., 8191) = 8191
read(6, "\r7~\301\v=\3233\21\260\341\v` \n/\25b\260\241E\203\34`\240\7\35\223L\306\3\21"..., 8191) = 8191
read(6, "\361\2\34\320\362\340\363\360\22\36\356\361\r\351r\316 \0\320\316\321\257\0\361\36\341 \274\360\16\322\37"..., 8191) = 8191
read(6, "AA\315ZD\f6'#\3\237\315C\21\224|h\21\4\370\221\2179L2\35\306QsQ\361\f"..., 8191) = 8191
read(6, "\203.\234&3\237\\T\24l|d6A1\313\0042\225-'E\220\21T0Qp\323\330Ae"..., 8191) = 8191
read(6, "!\223\269\244\311d\0102\fO@\20\214t|L\30\306\203\22\7\31\3621p\312\210\221\301P#"..., 8191) = 8191
read(6, "\361\361\360\361 \3770\20\21 \4\21\23\21\376\0001\2\37\360\340\360\341\360\21\20\17\17\360\0P\1"..., 8191) = 8191
read(6, "A9\364I\300U\305K@a\333,\274\0214\303MC\210\30T`\301\310LG\300?\344T6+"..., 8191) = 8191
read(6, "\306\210W\254\244h6\360\201\37Lx6\370\301K\204\25\370a\3623Q\223\23@\26\35`\300\31\3"..., 8191) = 8191
read(6, "\16\202\301Y\340\t1\5\1\31\3\1GC\4D\310Lv\0\312g\322\24\1\36722\6\265\314\215"..., 8191) = 8191
read(6, ")\r\5c@\10//9\235\214\v\2046\37|\304\23\2201P0a\33\234\260\320\5|@D\1"..., 8191) = 8191
read(6, "\357\21\377/\21\23\r0\342/\0\321\365\321\321\376\0\363\357! \37\340\361\36#\340\337\361>\34\340"..., 8191) = 8191
read(6, "\21\301[A\317\314\25\4\21\203!\20A\315*_\220\361q\333)#Z\234\214h\flEG\206h"..., 8191) = 8191
read(6, "\37t\210\6\30\\\200Q\224\274\344\262LFFeS\26\5\1\re\331D\224,\\6b\220\343\7"..., 8191) = 8191
read(6, "\3100d\2446%~P,3s0\223\261\220\331\\\210f\223s\263\5\3430\360\25\306\221\21\20\254"..., 8191) = 8191
read(6, "\303d\3\230\2047\10\306\204\21d\274\4\2102\200%7\0353F\300\231MH\311\10 M\7\vp"..., 8191) = 8191
read(6, "\343\376\303 q\320\3L\17\3602\36\323/\17\r\36\361\20\363\323-\355\337\364\17.\340\16\340\375\376"..., 8191) = 8191
read(6, "\2138\210\301\204b\230\206s\374*\353q0\30\0\222\344\210\0266\3254?\204E\35dE1pS"..., 8191) = 8191
read(6, "\24\350\304\317\315\210i0\7Y\260 \253\214\320D\207\37\254\234\202mC\326\341\7\r)\5\r\242\21"..., 8191) = 8191
read(6, "\200\328\304p\201\31\27\206a\4\204Q\226<\\\205gK\305\215$\330\201O\250\6`\204\214LL"..., 8191) = 8191
read(6, "\37\177Q\16\5\265\214\37\\D\3019\370A\n!\2142\33\23\306a\3\31\5%\202Pb\34\5\245"..., 8191) = 8191
read(6, "\362\361\16\35\17\f\2\361?\1\360\321\17\360\36.\360\21\356\20\1\0\340\357!\3\363\375/\377\17\1"..., 8191) = 8191
read(6, "(\263T\220\26\31)\2421@\4\35\323\343\7\25\305!\6U&\242\320Q\1\30\35\351\331\24\24\305"..., 8191) = 8191
read(6, "#\6]\r!\5\223\f\30\224\274l\4(\227,\303\305DJ\306\n\30T\360A(\263\264LG\316"..., 8191) = 8191
read(6, "6\220S\260\222\21\0\30\27\27211\266\35G\312+\23\311L6\232\321,\35/x\300\304K\200\1"..., 8191) = 8191
read(6, "M\306d`\332\260\200\33#\27\35b\340\t5\31\200\221\25\1\r\r6\260\220,\31yb\334\201\4"..., 8191) = 8191
read(6, "\2\320\21\362\360!\360\377 \377\v\21\36102\3\377\341\336\1\2\23M\17\377\20\341\20\1#\341\377"..., 8191) = 8191
read(6, "\4\f\fh\301`\323\5\231|\\tC\300\200\30\\\244x\306X\201`\3050d,\366\330t\205q"..., 8191) = 8191
read(6, "\35\236\311\4\200\301\tX\270\200\30|\224\214\204T6\274`\5\200\301\27\236\31K\307Le\37'\234"..., 8191) = 8191
read(6, "\34\240\350_\230\302A1\17 \254\360A\16\37\244L\0\202\37\24\4\372b\26\31\376\240\v\1\231\212"..., 8191) = 8191
read(6, "\202Y#\243\t9\245\306F\300L\23d\344\24`A\206\0304\4|C\t\26\4\200\201q\10\222\0"..., 8191) = 8191
read(6, "D\330\21\21\21\21\21!GDD\4]DDDDDDD0D\4CD\320E\204\35\21\21\21"..., 8191) = 8191
read(6, "\21\21\21\21!GDF\204\35\21t\21\21\21\21\21!GDD\204\35\21\24\21\21\21\21\21!G"..., 8191) = 8191
read(6, "\0FDDDDDDD|DDDDDDDDDTD\310\21\21\21\21\21\21\21\21\21!"..., 8191) = 8191
read(6, "D!\335\v\36\357\22\360\37\315\317\322+\3650\356\4\261\16#\335\360\353\334\37\22\r\37.\360\17;"..., 8191) = 8191
read(6, "/\354.\1\21\355\360\0\r\301$\17\17\353\16\36\322\17\23\377,\377\36\321\360o2\341\21 $5"..., 8191) = 8191
read(6, "\340\16/?\37\340\376\377\377 \1! \360\340\360\344!\375\17\17\376\17\21N/\0\2\1\356\315\361"..., 8191) = 8191
read(6, "\17\20\375\362\322\37=?\340\1\nC\0\375\341\305\341!\242/-\360\362.\36\376\0\357\377\37\2\2"..., 8191) = 8191
read(6, "\341\361\341L\300\341\356\355\37\376\376\307\362\22 \20 \1\0A\376\336\340\20!\1\340\340\357\340\0\0"..., 8191) = 8191
read(6, "\321>\0\17/\357\340\357\0\341\16\360\337.\376\2\375\361>\365\17\300\317\360\23\375\0010\336\377\356/"..., 8191) = 8191
read(6, "\4yd\344C\201)\266\r\30\324\207h\204\360\321t\4\224dv\261\311A@v2\31[\220\322\261"..., 8191) = 8191
read(6, "\311\266\375Wqi\207\35<\204xF\306\306GJ\16\31\30G!\263\20\217\315EqI\301\206hT"..., 8191) = 8191
read(6, "\16\v\201\315LEFe\37\35\1\33\5\301CZ\22\223\241\r\242\341\207\315+SQf\311\244a\263"..., 8191) = 8191
read(6, "\33\205<x\303\310h\363\1\306R\330L\274'#\210-\377\260\321\361\312\\\5/IF\306m\320\330"..., 8191) = 8191
read(6, "?\0160N\17==?/\376\376\16%\377\33\17.\361\362\4\261\362\20\343\20\340!\356\376_3\356"..., 8191) = 8191
read(6, "\3\31E\300\213h\30\201\31\220\201`\fl\374up3\305\300\330\311\214q\4C\310t4\213\22\305"..., 8191) = 8191
read(6, "2%\27\v\236`\34\323T10\242\5)\327\311Kw\274\214,t\301\304\302\204\25\370\221hA\331"..., 8191) = 8191
read(6, "\17\236\301\7'\1\23\21\200\31(W\314\10BI\4W\20\206n\224\2142\233\315\300\26T\201q\214"..., 8191) = 8191
read(6, "$t\305\201n\\A\7\21\301\v!\324e\323\f\5\231L\201\rt\f4\3701,\23v \30w"..., 8191) = 8191
read(6, "$\37\1c\34\33\35\274\24\27E\320\221\26]PB\204\315@\306H\1\21\24\2442\21\1\265\\r"..., 8191) = 8191
read(6, "AY\334\\TK\316\306IB\nn\6\35\306\361\220\333\16?]\321!\30\301|\262\26023\361\323"..., 8191) = 8191
read(6, "\30\f#\243\33\31/HPr\1\6\200Q\202\5\33Vh\0\206\21\210\306\7W\301\17\31\24\30\247"..., 8191) = 8191
read(6, "\37\323+LJ\356\0\20\2\357\240\303\253\34\257\35\357\315\16\357>\340\3\16/\376\252\332[\23\372\20"..., 8191) = 8191
read(6, "\30G\303\307\7'\3446\25\310\360\222\21\224\315O\300\315\212ix\6\"\34\324\324\320& \6\246\360"..., 8191) = 8191
read(6, "B\311\215q\214L,\254\370A\307\213\31\4\240\306hc\4\234-\376 \6\236P2\261s\21\"\24"..., 8191) = 8191
read(6, "\10B\10\v\201hdpB\r\30\30Q6\25\17\1\37'#\0375\3+Jps\262P\21\f\37"..., 8191) = 8191
read(6, "~\260\360\321^\4\242\3112\227\214i,2c0\0210%\27\267\20,\214\210\306|\220a?\227\215"..., 8191) = 8191
read(6, "\f.\37\377\0\324\0\20\17>\321<\37!\21\20\25\362\360\336\335\1\0\362@\20\r\341\36!%\2"..., 8191) = 8191
read(6, "!\26\5\257Lu\\\201\21\7g61\202A\3350Rr\263\342\v`\0\322\201\234\314EN\307G"..., 8191) = 8191
read(6, "\6\31v\361r\223S3\221\361\202\17+\272\35\337\262\240\34\315\24\3031 \n\23\35d0\220\r\1"..., 8191) = 8191
read(6, "tLC\305@\306D\26\264\2744\301\207f\360\201\37A\315\304S\204\234t\350&3\304\23\5\5/"..., 8191) = 8191
read(6, "!\263`\306\360\263Qp3\0\30\1\234\241\25,\200\234\fi\2542j`\33\376\220\362?;\244@"..., 8191) = 8191
read(6, "\321\363\356!O\377\37\37\343\320\17Q\374\376\36\17-\1\377\360\362\356\300\365\355\0\0\360\37\360\1\37"..., 8191) = 8191
read(6, "\0\10MP\220#\32\203\314\212h|t\4\2443\fI\312_7i\223\363\312AI\215\0262\365\17"..., 8191) = 8191
read(6, "\304r$\245LZ\fr\0\6\1#9)\35\1\31\200\261\311\tiQ\266\34t\20\201h\20A\305"..., 8191) = 8191
read(6, "1\244K\311B\5i7k\7\27\271AY\254\360\301@\307\v\16\244\4\f2D\220>5\27\37\v"..., 8191) = 8191
read(6, "\24\3442\r\35f`D\5\201\315\304\315GZ\6\310\21\312\274\313\307?\305z\f\305J\311\310\301\311"..., 8191) = 8191
read(6, "\37@\17 \365\4\360\360\360\0/\2\242\340\2\2\1\24\341\0040\341\17 \36 !\20\t\16\357\377"..., 8191) = 8191
read(6, "\376\35\360\360\357\356\17\3\16\17\377\360\341\21\356_\20\342\365\0\314\35\340\342\22\1..\322\0010\""..., 8191) = 8191
read(6, "\201\32\21D\340f3\22018GG\216mdWt\324\\pb#\3322&9\272\321\241\5\25\r"..., 8191) = 8191
read(6, "\254\f\313\314@\6^\23444\\\244\374\305\310L\312\303<\24\214pF`#\6Z0\221r\361\4"..., 8191) = 8191
read(6, "I\304h\2X\220\1\"\260\206\21\204\370\5^\0\2_\324\270\6e\250\201\r\266\f+\374\220\203e"..., 8191) = 8191
read(6, "\202\21\22\360\362\1\6\325\1\0\0\20\1\22\2239\10\261*\32\2159\n\2109\37\7\0\0\0\200\v"..., 8191) = 8191
read(6, "P\241\321\331\274hE@D\315D\6>\24]\0\2a\10C\210Ih\201n\6\300\300\t\1H\230"..., 8191) = 8191
read(6, "\5\23\317\330\234A\300C\301@-\363\321!\ncP\220\222\4\25\37\265\f\0212\242q\360\263\215\214"..., 8191) = 8191
read(6, "\324tt|T2Y\3\210LFAfS0\320\6eP\222\5\272\1\230MAFEP\374\362P"..., 8191) = 8191
read(6, "\302\204\30\344d\30\307\212`>\37+!\240p\221B\3\2101\260q\3514D\350\206'd\304\4\0"..., 8191) = 8191
read(6, "\17\177\35\37\0\323\20\1\1\17Q\302\1\5\17\341\36\4\1\"2\37\2\21\1 \362.\36\0000\361"..., 8191) = 8191
read(6, "\324#Z0\1\6M0p\3619,W\16EP\21P-\31\270P\20\344\330a3SP!\306\27"..., 8191) = 8191
read(6, "\223\221\321\221\262\330\24\24\2106\24\301j\223\221\325\220a\234\314\24\fPGU\224\26464\f\236\35"..., 8191) = 8191
read(6, "HIf\333\214T|\24\244\303GM\312\303\4 \301C\300G\201\26>\33\244\371xb\220\355A\32"..., 8191) = 8191
read(6, "\34A\20>\236\221\301\31\206\200\5\240\360#\206\314\ni\303\2343d\344\210\301\364\20\262<L\16\255"..., 8191) = 8191
read(6, "DF\4MDDD\320EDDDDDTDD\4EDDDDDDD\310r\4CD\4"..., 8191) = 8191
read(6, "DDTDD\204M\21\1\30\21\21\21\21\21!GDE\204M\21\1\30\21\21\21\21\21A\23\21"..., 8191) = 8191
read(6, "DD0T\204\34\21vDPDDDDD\204L\23A\24\21\21\21\200\25\21\21\21\21\21\21\21"..., 8191) = 8191
read(6, "\356hR\256\244\207\371\316\307mt\307~\216\321\263\312};\216Q\341\\^w\204\351\204+u\354L"..., 8191) = 8191
read(6, "n\235\362\303\301>\316\32WgU\t\351D\305FDK\223\206Q\343\347d\235\257\30\302xm)\25"..., 8191) = 8191
read(6, "\0355\333\243\334N\266\361\247H\212\340\\\355\255`\24G\225\252H3\306d\345XV\355\f\321\205\250"..., 8191) = 8191
read(6, "dL\253\265\37\25\225\375\f\27\302\311{\221\216\321=\327\23?R\314*\316[\35q5n\26\203\364"..., 8191) = 8191
read(6, "\371Y\21Y\35\323\336W\304o\324d^Tu\314\314]\314\325\374Dd\216P\325\21\261\263W=Q"..., 8191) = 8191
read(6, "\324\216\341\\\367\\\233s\271\0311\23V\306\265171\323\31[\177\345\315\335\335\367\375]\224h\364"..., 8191) = 8191
read(6, "E\316GE\324\326\313Y9#8\0235#\255tC\37\212\321cD^_\255\25\306;\326M\317U"..., 8191) = 8191
read(6, "\325\36\217)\205 \304\21ET\224\323\361WaiQs\212r1Ui\334\2351\261\247\2556$\21"..., 8191) = 8191
read(6, "w\277?\216(x\331#\30B\337*\202u;\251\371\206\23\265\243JF\275059w7J\327\10"..., 8191) = 8191
read(6, "\305\350\223\212 Io\304\357I\355\204\237\371\322x;\241\264\247\324\237\261q\352\2554s{\336\372S"..., 8191) = 8191
read(6, "o8ady\343\254n:\333fZQ\343\365\10F\355\\L\252\35}\27\202 X\356\254T\306H"..., 8191) = 8191
read(6, "p\221\223s\373y5]\25\345\324\214h\245!\364\32J\215YV\316\273\333\337\33\243l\364i\322F"..., 8191) = 8191
read(6, "\0211\216\223\23yq\243\344\2164\35E\344\324Oy\35\237J*{\2478Y\302\31\212\362\347\204:"..., 8191) = 8191
read(6, "+d\305\247\265\225\331\325\226\320F\235\222\216o\t\23\33\326\32\225\367R9WR\31\331\263\353T\372"..., 8191) = 8191
read(6, "\304J\324l\\M;\354\227!*\373e\314m\206`(\363w?;\351|h\316\376MhN\2361"..., 8191) = 8191
read(6, "\347\30u\23\251~MlU\306\251R\227\370F\364\354\315\304\345\347GN\205j\244\344\224\364\332\326\30"..., 8191) = 8191
read(6, "\351\2474F\346\236t}\342\314\tUW\300\360\343\20\2719\257\32\31N\364\225\346oE\214\323\276C"..., 8191) = 8191
read(6, "'H\316^f\31\241Hy\261U\247y\225\202\2469=\267\373\363yw\37\2713\355L\307fF\33"..., 8191) = 8191
read(6, ";\323\267\273+\304t\324\326\275\21'T\10Q\316\t\306\234ug\204T\206\273\243L\ne\374\327\344"..., 8191) = 8191
read(6, "\223\275u\371\253F]\254\25\306\30\202\371?\302\214\220\246\24\31_\206191\25\345\364\325{%I"..., 8191) = 8191
read(6, "\255\336\374H'\334\211B\314\\\335\377\206o\10F\306:y\233\216W\261\375VX\343H\333et\31"..., 8191) = 8191
read(6, "\315)QW\365QI\30\216xB\0313q;BU\304w\217q!YB\314dT\307\316\374\345\30"..., 8191) = 8191
read(6, "\342\225\224\222P${S[u\263\245]\236\267SFk\n\207\220\27\31\223WN:\221\371s\23\312"..., 8191) = 8191
read(6, "\367JVF\355t\235\224,\327F\374\337\207W\332\355\214\264\33\341L\334\316\234\230]\226\357N\365\207"..., 8191) = 8191
read(6, "E\324\2470+\225!\3048V\231o\274\226\331\332\2075\226\"N\204a\2541F\355l\31\275\223\302"..., 8191) = 8191
read(6, "\t\322\216\241\336:?Z6\221\"\314\204\330\221\372\345\10\377\243\334\2343#8\332\32\302AC\226\341"..., 8191) = 8191
read(6, "\21Bx\275Y\361#\375\10\3277Uc\224\366\361BELL\277\20\322H!\265\240\270meEM"..., 8191) = 8191
read(6, "\327\226q\312~\354d\30\267\321B\316\tU\351\335\215#\10!\3703w\267\302\254\362\245\225e\t\21"..., 8191) = 8191
read(6, "\335\324\314\365\204X\277]\306D\262\204\262S?Q\307\261uB\207W7\351\370\212Q\351\244Q\255I"..., 8191) = 8191
read(6, "Ue\30}\361\1777\221\251\354\2770\3735\231\377\233\3353[\206\323e\336\21\335\304\314\236Z\202\265"..., 8191) = 8191
read(6, "7kL\235\241T\325LL\3369\232\324}\331B+\3422D^L\tB\265\260S\25kYMr"..., 8191) = 8191
read(6, "w\342N\325\317\10u1\325\343\314|Z\342\177\345\356\374\304o8\27\367!e\354\326\10\265%\rI"..., 8191) = 8191
read(6, "\337\206p'\215\222JM\207F\264\306\177\345v\304NUX\34a\334\257P-T\304g*\222\26#"..., 8191) = 8191
read(6, "\272@\222\365\25\267uV\372\0357C\221\31\35\221-\31\241\305\317\325\334lj^\tY\333\246#\31"..., 8191) = 8191
read(6, "\314T+\367\2162\371f\265\"\32\202:\202%\316D\216 u\315\301B\32\347\31#VVpd\324"..., 8191) = 8191
read(6, "y\223B\276\316 x\33\331\21\363\247e\375\307\246S\246\275J\356\337\2242\302|\31gY\212\370\267"..., 8191) = 8191
read(6, "\25[\361\23G\302&H\27\2061\321\353\255\376y\263[u\302r\334\206\240m\356\265\0305{G\224"..., 8191) = 8191
read(6, "UY9cXQQ\222\245w\355\311\263R\253\335o\234\342\254\245\20*\316\367M\216\262\251\234\23\21"..., 8191) = 8191
read(6, "W\233\306\31=\216\245M\355N_|}k\302L\335\345NN\224tTU\351EL\334\371_w!"..., 8191) = 8191
read(6, "\355\230\236\300\223\332\224U\247\276u!\304\344\325\\t\325\10\367\2737\306\226s\225Wk\214?\326\224"..., 8191) = 8191
read(6, "k\\\2266SmH}7\312\207v\216d\246\232Bi\216\23\206'\231J\214u\306\315MU\315\236"..., 8191) = 8191
read(6, "\37-]\305\307\316\21I#z\333wN\2733\335F:\371n\2062\306\t\21\3219\241\244\364\312Z"..., 8191) = 8191
read(6, "\360\343\214\"jS\365Ua\315\10\223\202\2659\257\320\20MV\356EDO\252Z:\227\373\261\221\16"..., 8191) = 8191
read(6, "\315\271\226 \364\10\31\23\222h\374u\364\25O\215\320\33\271\245\327\257\341\244\306P\312\315\2107aF"..., 8191) = 8191
read(6, "w\347\314+s\343\274\30135Q\231a\244Q/Dd\250\332\216\221\265s\341T;%Xg\314\34"..., 8191) = 8191
read(6, "\32c\\\210\33\3313\237\333s\322\n=\367\322\217\25\212\20\233qz\234\2705\206a\10\3169U-"..., 8191) = 8191
read(6, "G\355D\356H\3438\275\333\346\226\241l\304\347;\322n\230\261+^DL\300BH[g\224v#"..., 8191) = 8191
read(6, "\227R\266QN\206\313b\236\227{\37YY\206\20w\221;u\33\27;\277;{J]]\206q!"..., 8191) = 8191
read(6, "\357\244\322\313\330a\204W\331\325Y\222\21}q\3313\323u\233\206R\327\243)-\224\24\202e\225T"..., 8191) = 8191
read(6, "\30Wu71w\231w\21\265u7\1771wW15Q3W;\267\25\202\222\37kx\223\367\236"..., 8191) = 8191
read(6, "\212\261\365\226!\216\2538\371s\202B\221\316YW\306\334\306\317\255\320Te\t\363o\t\247\306j\306"..., 8191) = 8191
read(6, "\f4%\30\233J\227q\223\246#\314\364\32[7\355\355\\*)|n;\27\343<M\347\320\266\361"..., 8191) = 8191
read(6, "=\361s;\326\245c\334Yq\27Q\33\212\351\314\3249\227M2\321c\315n\315\205\27\342hsi"..., 8191) = 8191
read(6, "qF\304\307f\276\242\244\343\254\323R\326\250e)B\31\352\314\336\325\237>\271\251\\\375l\2463\23"..., 8191) = 8191
read(6, "f\32Db\346\274\322\202\343\262\234\326}_I\34\212\241D\307\315|\226\252\204\21\221%ql\236\370"..., 8191) = 8191
read(6, "_w\21\312\20\\\2256q[\322\365\314\227T\227\25\3578\206f\275\244\30B\267\257\234\271B\256\340"..., 8191) = 8191
read(6, "/\372B\304)\302pP\364eOw\227\220\3328]\322L\355\3649\2260\227;w[\357\344\\\\"..., 8191) = 8191
read(6, "\302\307\374\305D\266\23!\\E\306\\\220\354Wd\364\334\10F$\347\33\364\306\316\\\335n\n\331\237"..., 8191) = 8191
read(6, "TTY\237\202\260)\214#TX\232\330\247\257\370\336\344h\206\21\306\255\323iz\326\265W\34<\362"..., 8191) = 8191
read(6, "\207\321Qa\334N{1g\315\205Uk\354M\2561q\27qq\273^\325\207rNd\344\334\325\255"..., 8191) = 8191
read(6, "+\316\32\25F\230\316[\2426\22603BE\317\305\375\2458\376tN\2164!\3048\353\344\210N"..., 8191) = 8191
read(6, "\216hNH7\177_\265\332xj\334X3[\4]#\255\354o9\377=F|\324\226\321\355\314\371"..., 8191) = 8191
read(6, "i;\233\322\\\10\371$F\232\237\177]a1\10\233}\323'\365\335\30\177\313\226NE\235p\332\346"..., 8191) = 8191
read(6, "\352t\33?\257\2246\26\321\336}\214TW%9;%u\10\321\325a\230Viy\306O{s="..., 8191) = 8191
read(6, "\344\230\312\257f\216r\252&\f\261\346\22433\337%t\31\276\177S3\247h\23fI\216p\3735"..., 8191) = 8191
read(6, "1Q\372FG\316\214\262[}cVUVHB\365\336D\365\374\320\10Q7\6\215\345\304\305T8"..., 8191) = 8191
read(6, "\30\312G\346U\225\345|8\23W\367c8q7?35\263\312\224Arc(m\2044=\2651"..., 8191) = 8191
read(6, "\35a^;\253\234`\274\244M\213\226c\305\316\211)\204\35$W\227\351\234\247\204\2627\367-9\21"..., 8191) = 8191
read(6, "\223#*N\v\317\322_\303\"\20X\3260X\f\255\211\234$\212\303\366\265\242\240p\230\6.\340\302"..., 8191) = 8191
read(6, "\2\207\307\303\201h\346\215F\361\34$\374\260f\203\3\223gZ\273\204\2H@\203D@\244\20\200\234"..., 8191) = 8191
read(6, "\246S\02512X+`\34\201\353\373\354\367\301Ql\304\243\4\233\16rJ\\\236\343\23I\177\302\216"..., 8191) = 8191
read(6, "\3020)7\277B\321\0\235\20z\n'\210'\21\260\274\236\226\35k*\276a\31~\30\315C#\n"..., 8191) = 8191
read(6, "\4.T\3214\3T\30\36\207\343:\234\212\212s\323\367('\230\n\207\24\353\21xr\v\326\242\234"..., 8191) = 8191
read(6, "\n\233R/\224\26\26\r\361\275DA/:\27\216Ge\266BD\300AB\303!J\fV\251B\300"..., 8191) = 8191
read(6, "\377\ne\35\215'\216\302S\206\333\325\316\324\345\274\265BH\202d\224\261DJ\231k\31\202b0\361"..., 8191) = 8191
read(6, "'\30\272(p(\303\3434\215\3455\23K\10\24\372(\353\31\225\256\305!\261(\307t\343\346\31\272"..., 8191) = 8191
read(6, "S\3559b\335(\321O\330\212\2539\4:\257\307\241\2645\242hyu\316\374\266I\320\f(1Q"..., 8191) = 8191
read(6, "\357\360\370,I\364\222k:\236y\267M\363V:\68\214%\30\350\246^\370]\312\220\30\234<\277"..., 8191) = 8191
read(6, "\326\244.[\232!yB\232\3568\306\270\216E@\241+\206\342D\4\203d\366\311#d\350fq\224"..., 8191) = 8191
read(6, "\222F#\334\351&K\363D\210\265-,\203\265i\355\3638'\214k\214U\342j7\315\24\342m*"..., 8191) = 8191
read(6, "\247\304@/\10<R\306\271!\362H\316\351\323Jf\261\254\300\301)\31ID\257\10\202\33.\241\317"..., 8191) = 8191
read(6, "h\375\221X\246\241\221<O)\376\323\nn\n^]\272\265\257\214%\20)}\212\344\33\202\220\306\361"..., 8191) = 8191
read(6, "\6\f*SP(\325Pa\321Dp\2124\32\245\271@G\345\220\230\4\17\f\362)_Z\261\231\364"..., 8191) = 8191
read(6, ".g\207\36\226A\314\241\23;\233I\353\211\202\260\253\350!\262\204{^\325M+\347\260s\323p\350"..., 8191) = 8191
read(6, "\261py\2!\7\23\375\265\230\302Mv\355\265'\204\244\217z\261R\244O\322\271[\302\247Tf\350"..., 8191) = 8191
read(6, "pz,\2518\357\32\206+\31\256P\312*\345N+^\357\370\376\324\32!\220(<\222\1\v\356\373"..., 8191) = 8191
read(6, "J\345\32'\31!I\236\312\263T\325\336\214iK\304\271\202\340mi\233\312\213\256\216\23K\307y\322"..., 8191) = 8191
read(6, "\260\330\340 \354:\32\253Kf\246\303\345\300\234\317\261A,\t\ts,\r\v \307!\305\330\34\f"..., 8191) = 8191
read(6, "\340\225\220a\22\262\220\354\351^\207\307\363#^\350e \335\220\270\34u\236-ph.2PhL"..., 8191) = 8191
read(6, "$\255\200\203\345\vf\341\\\371F4g\n}\312\235CD$\33-\21\220\270\313\222\247(\206\365,"..., 8191) = 8191
read(6, "\f\2460\261\367\202k\255W\24\256\264\347y\212:\355I\226$h\346\210\361*\207\364o\254\245s\322"..., 8191) = 8191
read(6, "I\266\320\4R\30\232\256+'\205\3360\27\0341\216*x\fZk\226\22,\6\201\303\303\240\260\230"..., 8191) = 8191
read(6, "SI\252z\351\252\216\350\262K\4\335L@7\222\314\341\225)\taZL\364N3\21\375q%\25"..., 8191) = 8191
read(6, "\273L\202\21\361\341\211\257JFn\257\321\354\243\34E\367\34\207\16s\226\301\"\230,\226y\237\317\344"..., 8191) = 8191
read(6, "\314\242iq\230\2\324\35#\207\311b\212\260@\357\231\254`!\261\0\5O7\v\213&\260\t\6\203"..., 8191) = 8191
read(6, "H\f\262ez\33\326\350,L$\214]\212\276/\263{,ZU\224\247\232\206*\31\ts&\v\205"..., 8191) = 8191
read(6, "I\242\5\16,VX$\256b\251lo\21\203\232\340\351\"\375\25\324\211\\P\307\263&\5\312\5\320"..., 8191) = 8191
read(6, "3<Q\352\226e\321\3206\2551\f\22-?\223\260S2\321\250\26\233\221\16\27\310\tH\3274B"..., 8191) = 8191
read(6, "\33\236&\250sb\207\25\302\255\365\206j\370\246\277&\215\252\3220\20\372*\217\27\4\303\314\241p\372"..., 8191) = 8191
read(6, "\211\320\236\332R\326\263\23\225W!,\203\247iL\236i\321L\306\2119R=\vqKD3*I"..., 8191) = 8191
read(6, "/\371\264=^r\221P\275\204\21N\224#q\215\327\204\364\346\240\5\255\363\2048!\370Tv\253\4"..., 8191) = 8191
read(6, "\317eq\210I\267o\22\231\301b\235d\32\36\1\353q%\27\367|\274\347\374\265\340\371\262\360\222G"..., 8191) = 8191
read(6, "\34\223\370\236\241\236\233\226O\20N\231)\267)\20x<\226\310!,\217\301!\tn\vW)\261\235"..., 8191) = 8191
read(6, "\220\230\34V1\322$\246!\35\307Y\226\254\r\7`\0242X\2263\16\316\3618\n\25k \3\357"..., 8191) = 8191
read(6, "\203t<\24.\264q\1\206m\21rk+qzoE\254\303\321\236\5s\353\242\4c\337\333>\325"..., 8191) = 8191
read(6, "5\215\3408,\24\225.\203)\5\21\275n\26\317\24439k}\344?\221\250*\202\340\264E\305 "..., 8191) = 8191
read(6, "\214I\243\t\332\352\315\1\r!\30T\321\\\253i\262`;\351\260\270^\304*\3537\205i\272o\351"..., 8191) = 8191
read(6, "\205\25 \227\\\f4D\2G\33r\313\245\267j\206CR5Z\246\tt\22\t\221@b\234\241J"..., 8191) = 8191
read(6, "\322Y<\266/\362\270D\241\30\363\364@GI+,\324\t\315%\230P\307B\320\364L\4\300\220\202"..., 8191) = 8191
read(6, "\n\255\306\224\2\264yJs<\341\230y<\6,h\22\3139o\22>\201p\272\2408\364R\267\301"..., 8191) = 8191
read(6, "\204\305\366n\322\22hK\353\231i\256\17\f\246Fc\234F\322c\244n\335\320\3502\5\223\240{n"..., 8191) = 8191
read(6, "\322\31vy\207t\\\272\363\364\376\252R\v4\350\206\24(ap\320\350\300P\204\212\241\21\235\304E"..., 8191) = 8191
read(6, "\323\213\327g\30\226!r\205.\t1{v!\235)\355\n\345OGhPw\260\20\315\223&'\317"..., 8191) = 8191
read(6, "\236\240\33&\225c{-\204\222W\34D,f\32\16\23\33\217(h\306\253(\207\30\225\325$K\350"..., 8191) = 8191
read(6, "f\32l\243vZ.\221\324\246\361\261Dc\17\211M\37\34\226*\207\347\314\361\324\315D4\217\365\326"..., 8191) = 8191
read(6, "\263\330\3001\27\236\260I \354\215\16\v\32\1\241\342\244.\330\332\211\vu\"\3073\231\36\217'\361"..., 8191) = 8191
read(6, "k\252\226?\311v\302yRp\16,\210\336\222p \203\343\352\226B/\233\32!\7K\362H\36a"..., 8191) = 8191
read(6, "\221W\3462l\227\2u\222ED\2543\360\204B\324\256\255\21\226[&\207\242\263\220x\202j\245\302"..., 8191) = 8191
read(6, "\235\322M\264\341\31\355\317yY,a(4\326\30b\226\362\371s\303c\256\252)54\312\236\233\306"..., 8191) = 8191
read(6, ";\222\33,b!]^hLJ\263\23\31<aw\275\373\300\360>\225\26D\203rns\215\323P"..., 8191) = 8191
read(6, "zi@\35\257\265<\224:\205\303\346\344\332\253p\234\347\302\2\324\321\3\303\210\272\"o\322\350g\36"..., 8191) = 8191
read(6, "\4\213\371\252\240\32,(\7t\202\301\340q\5\23\1\264e\223\30C;4e\236x$P'x\26"..., 8191) = 8191
read(6, "Z\343\r\311\2638\271DD6\275R\352z\231Zs\364\30o\2218i\331\343\361(\246\354\321`\303"..., 8191) = 8191
read(6, "\36\2317\26\317;\310\220n\362\204z\251\31\212&8Y\t\r'j\21\3553(\271{\236%\212\302"..., 8191) = 8191
read(6, "\321\326u%!\227Z\343:\251\vfU\236\316DL3\247Z$\342\214\216s<\213t\36zY\316"..., 8191) = 8191
read(6, "\0\203\346d\30\346\207\357\30\236A\345=\205M\334N\321\227e(\3714\216\251]\177w\221\264\255\224"..., 8191) = 8191
read(6, "\317S%\313\31\341X,\270\300\243E>\223\"\30\r\f\216\350\213\330`\5\316\361\320\7\214\370\260p"..., 8191) = 8191
read(6, "KAB8D_\216`YJ\10*\t\373+\"\25\213\202ts,V[\327)\24\203\362\32\7\322"..., 8191) = 8191
read(6, "\21y\36\221\3uMp\347qi\206\243\255\177\364\204Db\246$\rN\20i\355n\363\320\361\200\206"..., 8191) = 8191
read(6, "\315\246\246\267\310\300\242(3\236\266!\246\240\02029\236#\221X\236h\265\343\32\256\343\227\314!j"..., 8191) = 8191
read(6, "\300\303S\307Q8\307\322\4-qy<\234\24\37D:\3\324\271 G\302\303\342\333L\f$\26\225"..., 8191) = 8191
read(6, "\204i\230\24\351\237\317 E\23\227\242\365>\t\223\204q\20A\33\31\16\223e\5\353\354\341\34-\3"..., 8191) = 8191
read(6, "$\16\223aA\3a\272\2\303J\315d.\223\301\243\376Y<\21<q\225\2413Y\352g\26\201\""..., 8191) = 8191
read(6, "\10q\321\256\251\316z\326\321D\213\341\224\340\324fIR\301\202c\275\303%r\320<\215\314a\20\34"..., 8191) = 8191
read(6, "B{\206\356\"\235 l\324[\252p4*G\206\246\257\221\34<cJ\242p\2\vG\215 \31."..., 8191) = 8191
read(6, "\247s\n\303A\344\350T\306YG%\262\v\226\331\f\245kPGB\304\251\23\211\273\264\311\321\256\325"..., 8191) = 8191
read(6, "\236\344y\34\373\0342\33\201\313\323-\214\304\236s\"\t\2170H\27\261\260\360\33\273\215s<\241\244"..., 8191) = 8191
read(6, "\23=\317\371\3769\206V=I\"X\201\v\243:Z\307y\24\316(R\350GRB\32$\301#\337"..., 8191) = 8191
read(6, ",\\\257)\226\322\252@A\300\246\354\210\177\272\342\230\243\216r^*k\10\206\22\252\366\232@\314\302"..., 8191) = 8191
read(6, "\257\353\26\r\317\21\261(\4\246\313\243\235\273\32-F\10\305\2\v\212\346\362(\305\344!\203`1\354"..., 8191) = 8191
read(6, "\236\250z\304,\2\217Ai\302\202C\344\231\n\v\213\205r\326[\243('\212\312\264q\352+\26M"..., 8191) = 8191
read(6, "&\251\34\336\3214\v\221a*\340p+\10'\270z$\355n\321j\306sXo\22\2540\6\0216"..., 8191) = 8191
read(6, ">\324\5\313\311O#\4M\342\302\253$\265\252\323\36\333\35\213j\352L\335aX\217\23W8GL"..., 8191) = 8191
read(6, "\260\230V\23\255\223F\254p\2367\245\306\246\300\361\f\305r\232\305@%\235\322\f\336\230\204my\306"..., 8191) = 8191
read(6, "\26G\253\326\253z\231~\226\"D\216\340\2618$\223\337\207t\242\361\246f2\t\337\3161\35\307\260"..., 8191) = 8191
read(6, "\3234\213+\357\321\23\25O,\223\241\vH'\267\350\4O\217\342&\223\246\230\337\312\267\240\233\245\300"..., 8191) = 8191
read(6, "\364>,\20\371<\30a\254Obx\304\317\300P\227(\247\200\234\315;\26\1\250\255e\221PR "..., 8191) = 8191
read(6, "\221\4\211\345\211\n\25\347K\351,GrT\n\377\233f\356\230\236\"\362h\222\346\v\305#\235>\222"..., 8191) = 8191
read(6, "\320<\253\257\201\33b\320)\314\211\r\207f\236\4\23\304\36\227\222@\201\f4\364\271\276\222\2572L"..., 8191) = 8191
read(6, "\346\326mqP\320\34G\23\31R'S\6-G\33\3053\\\326\223Tx\35\243\324\5\333]\372D"..., 8191) = 8191
read(6, "\214\"\3715K\243;\342yoZ3#\276\307\320\34\346\31E\240l\205\252\t\273\4\ruB\360("..., 8191) = 8191
read(6, "\266m\231\2469&\273\261\264\256\224\364\371\305\341\266\307\344\35\225H,\244\244iD!\213L\270 \271"..., 8191) = 8191
read(6, "\225$D3N)\222b@C\232\212\6\25@\3473\230\351\366\371\216)\372\221]\"-I\205\204\25"..., 8191) = 8191
read(6, "\0\0\0\323\337\36\346\20\315\336\356?\360\357.\r\320\341\377\r\376\20\355\362\35\36\16\1\357\16\342\20"..., 8191) = 8191
read(6, "\3603\375\376\322\0n\220P3\335\372\360\356\377\20\f?\336\302\36\361\36\35\357\363\335.\342\21/\322"..., 8191) = 8191
read(6, "\16\26\340\0\34\360\336/\1/\20\360\356\377\37\36\35\"=\4\3\357\356\0\360\303\376\376;\2\362\377"..., 8191) = 8191
read(6, "\316\35\1\341?\355\16\375\302\341\353\177\361 \340m\362\177\340\340OL\377\320\22\356\376\366\340\337\r@"..., 8191) = 8191
read(6, "\"\320\17\0\23\360\"\22\37\361\0+\23\22\17>\23\376\376\260\355\37\360\3172\354\356Q\344\314\2\360"..., 8191) = 8191
read(6, "\360\320Q\f\362\342\376\321\357\301\2.<?\2\24\36#\37\16\342\360\r\377\376\377\22\36\2\0\356 "..., 8191) = 8191
read(6, "\23\263\362\256U\275S\336\"\342/\342O\343 \354\1\334\321\36\2-\22\356\3\301\364\321\24\34N\336"..., 8191) = 8191
read(6, "\340\37\37\360\377\342\362\4\21\20\0\340\376\17Q\21\17\357\337\16\340\337\357\360\357\r\37\340\360\0\344 "..., 8191) = 8191
read(6, "\16\22\360\"\360\377\361\376\361\20\20\17\376\21\374\341\17\0\360\361!\320\356\1\37/\375C\360\335\1\377"..., 8191) = 8191
read(6, "\21\21\21\21U\21\25\21\24\200\21\21\21\21\21\21\21Q\25!G\4_D\330\21\21\21\21\21\21\25"..., 8191) = 8191
read(6, "\21\262\34\221\21AG\21A\21\21\21\21\21\21\262\34\221\21A\27\21|\21\21\21\21\21!3DT"..., 8191) = 8191
read(6, "\204\34\21\324v\4]DDDDD\4C\4MD\0\230\35A\35\21\21\21\21\0214r\4MD"..., 8191) = 8191
read(6, "\377\1\20\337\1\16\17\17\1\2\34\360\17\337\336\377#\361\222/\340\361\261\17\20/\36\20\356\37\17\37"..., 8191) = 8191
read(6, "\374\0\337\374\1\r\1\357\275\22\361\337\377\377\17\300\37\2\35 \362\360\377\340\343\375\301\34\341\356D\340"..., 8191) = 8191
read(6, "/\177\334/\317?\37Q\20\36S+\376=\320\361\16\344\373\261\360\342\20\17\376\"\260$\355\20\17\356"..., 8191) = 8191
read(6, "\16\362\20\364_\354\376\375\360\20\360\27\357\16\336\302\0\342\37\377\342\36\3415\300\341\16/\3550\341M"..., 8191) = 8191
read(6, "\364\17\321/M\361\4\2-\25\24\343\356\357\375\360\340\21cCb/\340.\1\356/\340?\17\321\360"..., 8191) = 8191
read(6, "!\276\260\360\0\1\21\36\371\36\376\317\360\21\302\376\"\315\314\341!\336\3.?\336\335->\360-\362"..., 8191) = 8191
read(6, "\362\320\316l\0^\1\21\0=\376\377\0\357\341$\336\r\343\377\1\257\1\356\17\360\335\317 \356\36\363"..., 8191) = 8191
read(6, "\273\353\r\376\261\346\375\20-\342\320\337\5\"\17/;\341\301\37<\36\360\21\0\21\357\316\357\27\v\360"..., 8191) = 8191
read(6, "\0\21\3.\357\340\362\360\23\377\17\341M\317/\361/\357\376\361\315\17\360\"\317\362\340-\360\35\22\""..., 8191) = 8191
read(6, "\21!\377\r\360\357\361\37\22\21\323\376\361\377\322\0-\1\360\20\340\f\37\"$\21\17\"\1\17\4\16"..., 8191) = 8191
read(6, "\"\"\335\336\0\16\332\361\361\17\365\37\375\0\357<\3\340\337\357\0\2\340\17/!\320\335\301\337\357\0"..., 8191) = 8191
read(6, "/\0\337?!\376\364\377\357\22!\376!\360\0\357\360\17\37\341\17\0\0\r\35\360\356\37\20\2\343\377"..., 8191) = 8191
read(6, "1\371\365\343\24\17\16.\17\3\16\21\300\0\361\0\21\16\3570\20\340\16\343\0\0\1\361\376\377\0\337"..., 8191) = 8191
read(6, "\20\17\31\360\1\37\363 \360\0\337\2\1\2\356\1\321\20\320\0\0030\1\361 \37)\340@_\320\35"..., 8191) = 8191
read(6, "\0 \0  \17\340\341\360\362\22\357\340\361\37\360 !\377\377\37\37\0\r\r>\340\355\357\35\22\360"..., 8191) = 8191
read(6, "\341!\361\0!\317\375\0170\21\17\21\377\320\0\374F\24\376O\36M\377O\365\17\355\37\374\341\16\21"..., 8191) = 8191
read(6, "\336\20\22 \375\376\3602\361\340\0\343\357\1\1\36L\360\17\0\37\r\0\360\340\16\360\0\37\340 \35"..., 8191) = 8191
read(6, "#+\20\375\360\361#\357\20\377\20\360\1\3\36\360\"0\0\320\336\1\377\22 \37\0\340\16\16 ;"..., 8191) = 8191
read(6, "\355\335\356\17 \363\355\377\1\356\360\360\35\35\321\364\36\320\20\20\343\320\0170\355\377\377\0/\376\376\376"..., 8191) = 8191
read(6, "\337/o\260\373\1\362\337\362>\342\23\274\21C\343\337\37\361*\341/\f\342\321\22\17@\16\301\323\342"..., 8191) = 8191
read(6, "\16\302o\1\377\317\357\276\355\361\f\21\37\23\r\343\340\3402#\362\340\34;\335\320^\360\373\277\323\276"..., 8191) = 8191
read(6, "(\324pE@\205\fC\0\16\10\6_D\362\321\321\301\348\264\r\21L\4\1 \207m\210BA"..., 8191) = 8191
read(6, "8\7\21\220F\301H6d\1'\200A62\235^51ll\350A\1`\fd\370E!\243["..., 8191) = 8191
read(6, "@\n\37<!\313L\4\334\204\224q\24 WtI1T\205/LT\370QC\301\307H\311m\223"..., 8191) = 8191
read(6, "\303\7\0275\23\204Q\262\260\200\34\245\35\237\301\200\21\320\20\330@C\1j\30\207\36\314\f\3246\1"..., 8191) = 8191
read(6, "\21\0\26aGDDDD\4\3QDE\4\35_\204\35\21\21\21\21\21\f\31Q\21a\3H\4"..., 8191) = 8191
read(6, " G0D\4uD\330\21\21\21\21\21A\24\21\21\21t\21A\27\21\21\21\21\0214\31!G\4"..., 8191) = 8191
read(6, "\21\21\21\21%GTD\360\321E\320EDDDD\204\34\21\25\21\24t\21t\21\21\21\21\21\221"..., 8191) = 8191
read(6, "\0\376\342\357\20\364!\1?\336\376\341\375\36/\17\360\21\377-\2\337\0\22\20=.\17\22\336\365\376"..., 8191) = 8191
read(6, "\22\377\16\0=\360\337\0220\361\334\23\323\377\340.\1>\353@\22\376\r\20\37\376\340\37 \320\16\340"..., 8191) = 8191
read(6, "\322\341\377\360\1\0\342\0\356\0\360\337\20\362\36\360\17\360\3600\1\0164\0/\0.\16\341\321/\361"..., 8191) = 8191
read(6, "/\20 \377\347\22\320/\17/\22\2/\1 \356\342\3011.\377!\r\361\20B\342\360\17\342\340\20"..., 8191) = 8191
read(6, "\22\v\360\2602\355\37\340\354\241,\357S\377\17\361R.\304\0201\331\377\356\2\314\20\356R\17\f\345"..., 8191) = 8191
read(6, "\37\21\317\25\356\337\360\37\3401\342\36\341\376\16\360o\375\375\320\35\341\275\21\277 \337\23\354 \2\36"..., 8191) = 8191
read(6, "\340\337\375\320\340\1\357\355\16\36\377\36\16\21\37\377\20\1\341\r1\26%\17\1\362@\336\37A!\20"..., 8191) = 8191
read(6, "\20\356\0DA\37\0\343\322\37\r3?\341\341 #\37\357\"\4\363/\357\v2\22\r?!\0\362"..., 8191) = 8191
read(6, "D\"\377\fM\t\240\302\r\376,\352\3]\376\20\340\333\274\2\351\f/\376\1\320\341\20\336\353!\344"..., 8191) = 8191
read(6, "\360\0201\307\20\363\342\37L},R\376\4\35\21\260\362\320<\360\21\1\361\4&\2\303\21\17\361\17"..., 8191) = 8191
read(6, "\360\360\34\36\320\340\374.\20r\37\20\277\345\356\20\362-\303\356\35\341\34\0165\364\23\341\376\0\17\361"..., 8191) = 8191
read(6, "\22\0\20\35\23\376\17\374\r\20\360\3202\f\360\362\362\16\21\375\342\320\360\317\36\"~-\261\37B\362"..., 8191) = 8191
read(6, "o\17/ \317\345\324+\r\24R\362\260\377\1\362\301>/\rA\17@$^\377U\357\v\0#/"..., 8191) = 8191
read(6, "\337-\355\17\r\f\22\377\361\303\363\360\362\342\340\362\r\36\1\361\3\357\340\f\340\37\16\37\f\r\361N"..., 8191) = 8191
read(6, "/\2Q\360\0\17\360\340\363.\20\0\360\362\364 \37\0\3\17\0!0 \340\24\20\377/\377 \376"..., 8191) = 8191
read(6, "\376\25\20\17!\1\177\37\0\17\22\20\1\17\321\37?\337\356\37\22\36\2/\360\22\20\35 \22P\377"..., 8191) = 8191
read(6, "\0N\3732..\356\321\360\376\317\335\357\317\36\357\300A\342\341\362\0\26\334\376\34a\355\"\377?\r"..., 8191) = 8191
read(6, "\357\357\17\24\36\357\363\376\4\357\37C\37\2!\340M\374\361q\22B\21\235\336\1\37\2I\340\367\16"..., 8191) = 8191
read(6, "\22 \354$\361\357\314\302\20\373\3310\0\376\362\3600\360\377\377\1\262\361\364\20\362\361\17 \360\337\20"..., 8191) = 8191
read(6, "/\356\360\0\17\360\323\376\320\21 1\320\0\22\336\361\340\360\r\357\21\36\377\353\337\1\361\320\1\16\355"..., 8191) = 8191
read(6, "\361\20\21\356\376\22\377\1\17\357!\302\337\37\0<\377\r\2/\356\341\363\340\365\337\36\373\16A\320\2"..., 8191) = 8191
read(6, "\20\16\360\20\340\1\373\r\f\377\364\37\17\7\362\357\1\361\322\374\374\17=\314 \34\357\300\37\r\332\314"..., 8191) = 8191
read(6, "\20a;\360\20\377\345]\361\336\r\17\27\355\355\334a\344\360\337P\376\275\306\357\376\37\355\264\341`\35"..., 8191) = 8191
read(6, "\356\337\2\377\360A\376\377\375\364\20\16\21\357\341D\17>\376\20\362\361\37\17\36\17\1\360\341\35\377\377"..., 8191) = 8191
read(6, "\340\356\357\3201\20?\357\17\315\24\374\356\0\363\355\376\357\37\334\25\17\2\321\320\361\0\3571\21\36/"..., 8191) = 8191
read(6, "\356\360\356\17\21B\377\20\0\1\356\320\20\376\r\341\16\17\356\0\3421\1\342\341\360=\360\23\0200\37"..., 8191) = 8191
read(6, "\37\2\363\321\360\"\361\362\376/\21\37\0\357\0O\320\320\37\16\360\357\16\317\22\362\377\320\357\36\356\343"..., 8191) = 8191
read(6, "\337\341\17\22\35\17\0\21\1\357\360 \342\r\17\23\37\1\357/\17\377/\20\36\375\360\376\32\20 \363"..., 8191) = 8191
read(6, "\2\377\21\37\355\17M\321A\363\335\0\340\342\r\1\377\37\0\20\361\21\2\22\362\357\r\1\17\35@/"..., 8191) = 8191
read(6, "\20\375\357\362\3\361\20\17\360\377\16\22>\0160\301 ?\17 \1\20!\361\0\376\337\360\364\377B\360"..., 8191) = 8191
read(6, "/E\361\377;\322\375\376\307P\341\341\314N\360\334\17A\360\363\337\33\16\336-d>\361M#\361\341"..., 8191) = 8191
read(6, "\341\20\340^\356\21\340\335\22\17\321\36\271\355\341\27 Gb\23\343\336))\374|\312\37N?\377\221"..., 8191) = 8191
read(6, "\0370\16\0?\362\322\364\367\36\321\17/\357\"2S\362\36\356\362\376>\376\37!\1\361\f\375\375\340"..., 8191) = 8191
read(6, "\377\f.\355\317\3\361\242\1\333\272\263>w\36\367\301\345!.Js\375L1\35\356\353\322\1\1\375"..., 8191) = 8191
read(6, "\21\21\21A\21\21vDDDDD8\21\21\21\21\21aGDDDD\204\34\21\25\21|\21\21"..., 8191) = 8191
read(6, "uD\360EDDDD\204\34\21\21\21vDDDDDDDDDDDDD\320EDDD"..., 8191) = 8191
read(6, "=\341\v\376N\35\341\r\337\22\337\3\342\323O\340\363\35\340\36A\"\376\360O\300\r\377\17\17\321\r"..., 8191) = 8191
read(6, "\323!\37/\0\302\361.\37\0\360\363\360.\376\2\16\23\37! G\16\21\2\37\1\36oq\37="..., 8191) = 8191
read(6, "\341\356\0201\20\320\37\360\1\3611\0161\356\20\375/\357\3772\17\336\317\340\377\376\1/\361\355\17\341"..., 8191) = 8191
read(6, "\16 \21\376\16\16\362\375\36\362\20\321\340\376\0\341\356A\2?!\360\0\376\377\37\20\360\376\0\357\377"..., 8191) = 8191
read(6, "$\363\16\20\0\r\377\360/\16\362\21\355\341\0\375\3\317#\22\361\37\321\23\22\223/\1/\353\334!"..., 8191) = 8191
read(6, "\24\21t\21A\27\21\21\21\21\21rDDDPD\4EDDDDDdD0D\4ED\320"..., 8191) = 8191
read(6, "\356\4\376\16\3\360\376\341\340 \377\357\17\356>!\377\16\377\363?\361\376\343\377\1\360>\363\37\321\17"..., 8191) = 8191
read(6, "\353_\21\342\361 \337\361\337\321/\16%\363\322\26\240Y\3574~\17\16< \237!^\361O\355\337"..., 8191) = 8191
read(6, "\3-\321$>\22\377\357=\f0/\340\37.\37\340\321\360\377\3\360\361\377\361\360\362\1 \360\2\327"..., 8191) = 8191
read(6, "\315 \321\16\360\20\0\20\2\2\342\361\17\3\37 \0\377/?\320\21\300/\0231\1\376\17\21\361\2"..., 8191) = 8191
read(6, "\37\346\356\20\16\300\36\17\377@0\0\264\0\377\377/!\356\2_\35\2A>S\363\340\37\377\376\2"..., 8191) = 8191
read(6, "\335\3>\36\36\320\360\360\362\0+3\364\2\376\377\357\360\303\r/!\0\37-\377R\337\f=\17/"..., 8191) = 8191
read(6, "\361\341,\321\376\337\353\2\362\23\364\356\341\2\336\20\357\34#\35\34\16\1\16\21\341\377\300\360\340\345\322"..., 8191) = 8191
read(6, "\317-/@\322\340\361\360\0\0\21\20\361\17\2\0\22\17\341\321\361\22\17\377/-2\37\3611\377\36"..., 8191) = 8191
read(6, "G\0\375\321\0/\17\317Q\355\f \2\342\363\323\343\336\361\362\363B4\353\377\360\0\23\22\337\340."..., 8191) = 8191
read(6, "\32\252!\6\v\227l#\232\r\30\20\361\274r=\242\220\36\31|\24~\0\n\242\21C\232A\20,"..., 8191) = 8191
read(6, "R|\313I\207r\240\305\202 2\37#\37\276\260qq'9/\327PPb\30#dpb\30\252"..., 8191) = 8191
read(6, "\201\305\330\30\226\3446~@\32-b\240\7\206\0045\242\261\321QQ\223\341\7Z\240\313b\0333\202"..., 8191) = 8191
read(6, "%\232A\204A@ G\1\30\1\234\220\"\6\324\25\331\3620\37\25\277\214gD\244\220Q\4\f\210"..., 8191) = 8191
read(6, "\335\374\20j\372\300\16\342\37\342\21\377\257\36\357>\361&\320\0\376\321\342\376\2a.\f\311\r\f\303"..., 8191) = 8191
read(6, "\377\340\17\341\376\377\376\177\377! \21\375\21\35c\21\1\0\357\37\21\17\26\2\"\341\37\341\21\360F"..., 8191) = 8191
read(6, "0\360\360\360\0\340\21!\360\377\1?\20\16\20!\20\361 \0\20\377\360\24/\0\375\361\360\341\363\2"..., 8191) = 8191
read(6, "\20\20\0\360\16\341\356\340\360\363\2-\1_\0\16\"#\36\336\35\377\360\357\17.\0\1\300\26\357\374"..., 8191) = 8191
read(6, "\0350 \17p\340\376P\323\0001\36 \361\343\356?\21A\360\17\0\37\363\377\360\"\320\360\360\341\17"..., 8191) = 8191
read(6, "!\325>\22\376\37\1\363\0020\343O\317\20\17#\36\3572\1\20\21\357\36\1\376\376\362\340\21\1\1"..., 8191) = 8191
read(6, "\2\337P\340_\300\22\0\16\17\0\376\357\35\21\37\377\320\365\376\23\315\"QO\323?\321o\357\322\335"..., 8191) = 8191
read(6, "\17\0\20\321\357\277\16\236\356\273\356#<\340\377\r\342\274\356\34\231\267\354\314`\334\0\347\266~\351\324"..., 8191) = 8191
read(6, "\340@\377/\376\377\302\241\356\323\360\376\356\37\377\20:&\36\36\356\r\316\32\0\r\374\20\37\360\1\21"..., 8191) = 8191
read(6, "n\37^\23\1#\3770\16\21\31\16\357\356\360\343\4\360\265\374\20\357\377vn\16 \261\17\16\377!"..., 8191) = 8191
read(6, "\341\36\377\354\0\372\256\261L\16/\23\21`\340?\37>\33-\34\340M\336\22\340\335\360\336\36\16\21"..., 8191) = 8191
read(6, "\0\17\2425,d\3\16\375\342\0\0020\36-\355\377\r\17.\22\360\37\337\316\35\376\360! \4\20"..., 8191) = 8191
read(6, "\r\1\361.\0#=\16\322 \37\322\37.\337\360\361\1\17C\1\322\343-\1\3200\377\21\17?\321"..., 8191) = 8191
read(6, ">\347\377_\33\321\376\20N\237\23\357\r\362\33\325\302\16\37\377\21<\360\37\37\362\17..\340\343\17"..., 8191) = 8191
read(6, "\1\20\376 \337\2\r\362\355\341\320\24\355\361\342\21P\17\1\1=\0\360\1\35\322\261\320\3561\377\316"..., 8191) = 8191
read(6, "\340\0\17?\316 \360\360\341\322\23\356\16\376-\376  .\23\16\276\17\340\336\37\22?\r\37\375\355"..., 8191) = 8191
read(6, "8wUg\31\357}\234&M\215\300F\362\2164\302\277U\24\302\254\264\27F\335\10\216\221\222\260\202"..., 8191) = 8191
read(6, "Jj\261E,\26G\233zu*\332\267pJJN%\203jt\210\223\365i\34\25O\\\220\204\356"..., 8191) = 8191
read(6, "\316\351\225=5B+9\26K\221\3249)*\272\331F*\267\243\314\225Sj\10;\33+d\217$"..., 8191) = 8191
read(6, "\202\222y\365\35\23f\\u\210\263Su\267\335T\202H\246\2305\327\221\327?o\256\361F\304\n\271"..., 8191) = 8191
read(6, "F\f\301\316\255`\210w\212pyB\307L\21UD\314\225\221\376\216\246\315\23\354\354\311RzF\365"..., 8191) = 8191
read(6, "]d(\246#\346H\222%\264\23\225\312g\177\24\311\234\322\373S\271\323R\235'E\325]E~K"..., 8191) = 8191
read(6, "\247\320X\332\351\341\304\32\243:sG\23q\206c\265sE\244\215\253\334e)\256x\25\37\177RO"..., 8191) = 8191
read(6, "\\\257h\230\343\224\330\n\357\16\217d\2268e8f\v}\251(\212\347x\216P\6\321\317*B&"..., 8191) = 8191
read(6, "6\273\357\315\nA\242\264\362\23cV\v\212\353+\267_i\356l8l\306F|\263qo\5W\343"..., 8191) = 8191
read(6, "a\254\23\336\375\254\246\220|\232=\33?,\n\255h(%tQh\275\322\235P5\2\327\205\365^"..., 8191) = 8191
read(6, "1\261\263\31a\30\364m\244c\nq%]\336\246\321\27\27\331s\263q\2751\336\363\354\\\257(\224"..., 8191) = 8191
read(6, "\223\212\361\f$c\255\357X\206\2418\302,\307\307g\274\214\f\212\326\3335y!\265\24\345U\315\205"..., 8191) = 8191
read(6, "9\336\235\246\350\306\244b\232!\346\346\354o\270\n\203\342h?\247\205 \230\303C%D\364\341\202$"..., 8191) = 8191
read(6, ")%\204$\354\17\221\261\226\357\211\251\224\261\3060pZ\233\177\216\325J\255\177\233\3066\307\225i9"..., 8191) = 8191
read(6, "\n$l\343\\8\373'\270f\336H=\237\243\260\250U\202\306\320QR)\302\27O\2214\261\341\270"..., 8191) = 8191
read(6, "H\277\307\346V)5\27)\204P\257\220\3649\326L3\304\26\313p\244a\211\322\224\352yNg\314"..., 8191) = 8191
read(6, "\f\265Z\247\277\313$\270\216+\30\346\367W\251[J\250k\10\273QU\327;\306\356\266\20\363\23B"..., 8191) = 8191
read(6, "\216\325De\245h\225\251\206&)Q\313\270V\374V\10s\331m\244%\\rHBIT%H/"..., 8191) = 8191
read(6, "\16\211\221\23\33\335\351LL\346Oi\335\206\237',\215\363\325\321c\311\332\206\32\306\256\30\312~*"..., 8191) = 8191
read(6, "\250\31\342\31\2023\320P+\274\260\263\21RL8\263\23\265\302\247\360a\t[11N\207\241UI"..., 8191) = 8191
read(6, "{\302\268\10\302*\325\257KJM\267\240\vbv\30_u\234\322t\226\360\256R+\376\226\271\33"..., 8191) = 8191
read(6, "\325\241\320\334\207\305\240\30o\34\213\311\22z2HJ\207\242\267p$5\222\362$i\255\360\226g\274"..., 8191) = 8191
read(6, "\216yl\335\347\177;\36\311\275B\304S\247N\375\246\336\256\352em\366n\207\362\236\353\3559\373\307"..., 8191) = 8191
read(6, "\322\21\225\243\254\226QcU\32\357)i\231\332k\346]\236a\204\365H\221\256\241\320T\325j\233e"..., 8191) = 8191
read(6, "e\210\232\33\331\311\20B\30aJ\236\225\233R\270?\317\241\326\215`z\326\20\21]^\30\312\177\33"..., 8191) = 8191
read(6, "\t\3518D\222\241\357X#\356\307Y\322z\276q\23<{[\331~\271\342\306\26\227T)\215\331\373"..., 8191) = 8191
read(6, "J\244Si9l\372\307\336\336\307\265\25\252\265\251\230\373\326\327\314\315t{3\235f]\236\264\353\216"..., 8191) = 8191
read(6, "cx\303a\215[\236'\2644\243\230\260p\23\3478D'\34Q\304\246\250h)\324\352k\364\30|"..., 8191) = 8191
read(6, "4\271T;{\365\302\355\337\354\213$\341Y\325!}\265\256\t~N\353k\215i\t\302\232\3069\263"..., 8191) = 8191
read(6, "\227\267BJ;ES\226\225\320\20\271\222\367\202r,3Q~(\363\306zGp\365J\361\264WQ"..., 8191) = 8191
read(6, "\226E<\231!\r\261p'\334L;\f\302\304\325\312KS\232\344\0\2039\21\f\277I\24\2122\256"..., 8191) = 8191
read(6, "2\35\326\21)\263=&\307\n'J\222\24;\227)TD\366\256\343\304\nu\23FYn\236\347\266"..., 8191) = 8191
read(6, "H%\226\241e\256\342\271\256\25\236\245d\246#\22YF\2670\312\\\306\326M\204\362\306pli\306"..., 8191) = 8191
read(6, "v\304\21\3C\t\373\355\254a:\241D\2263\351\341Bx\3671\27~i\241\367\335\2162\3131\236"..., 8191) = 8191
read(6, "\256\24k\235\21\356L[\206\247\344\274\350\357\30\206X]\321&\315\355\22509=N\214\267\212\260B"..., 8191) = 8191
read(6, "\227\322D\275\23\202\26g0\354\10/}o\227\252\237\323\365W\271\207\v\33\23\231\343/M}\20\335"..., 8191) = 8191
read(6, "%*\2439\212\247H\\!8^D\210\327,A\244\256\341\312$\212v\265c\255\337\25\212\240\274\377"..., 8191) = 8191
read(6, "\226?Q\202z4\222g0\254\31b\347\324\355\2250cYJ\360|\211\352\336\245\20=Je\231\306"..., 8191) = 8191
read(6, "\225\247EK#h\24\31+F|[\257\230\222\256\\d\245\351\275q\353\257\263~8\37\347*!\355"..., 8191) = 8191
read(6, "\31\312\375\325\2167c\244s\0373\225a\30\206\265Q+(5$\332\210\231\346\312=\237S\37b\226"..., 8191) = 8191
read(6, "\343\347]\3049\331j\10\241x\312\2644\25%*F\377\234\265_Dy\306\212\227\276E\234\236\257E"..., 8191) = 8191
read(6, "\n7\341I\2565B\230\231\202\246\262\3515\"\217\317\341\245I\370N^\t$S\312Z\260pD\216"..., 8191) = 8191
read(6, "\315\271\f\337\306i{B\32\0273%\214\20\34\226g\314\30\\B\23\f\313\326\374hw\23,\236\342"..., 8191) = 8191
read(6, "\303B\234Q\316\2570\316\244$U\373\277\212f\261e(\16\361%\301\21KZ\247U\232\243\231}\277"..., 8191) = 8191
read(6, "\226ERm\3540p\371\206\36u\226@\"\372/y\351\334IV\371\226\240\316\306\236\177iH\277\302"..., 8191) = 8191
read(6, "\302\325E\251\233\302*\316\33\202\26n\337\n\34\3110\255\10\25\331\312\nq\222HaMg%Uy"..., 8191) = 8191
read(6, "N\31a\\^\217\346(\302\371\305\243\370\372Z\322\257)H$\306[\255\265\220\247\322\254P\377-\210"..., 8191) = 8191
read(6, "rG(H\306\204\300!*1FN\213\341\325\346\305\276\220\326e\316\312!Z1G\262s\353(F"..., 8191) = 8191
read(6, "\2\317\334\354\242\0344\314\364n\374Jk\204\245\320\210\231\375;#y%(\365S\342x*\311\275\221"..., 8191) = 8191
read(6, "D)H\355lNHyB\246K\21\245\30\253L\377:6\207\261\3229\n\307\341\204\320a\20U\v"..., 8191) = 8191
read(6, "HZ\312EdXus\347\22421S\16K\7A\227\364\332\217[\\B\220\354\326H\247tm\354"..., 8191) = 8191
read(6, "\206\343)\261-\314\225!|EE\226@\22\3150N\2262\365w\212:#\210Ri\0317\276t\226"..., 8191) = 8191
read(6, "D\261\265\"t\367\335\353\257\211\34wa\32w\236\265\31\2322\206!)\322F\237!\210\227B\277\320"..., 8191) = 8191
read(6, "\334<O\325J5\216\350G\344\234smL]\374\364\177\31\343\30\202\3438\27\23\273sNo{<"..., 8191) = 8191
read(6, "1FUH1\302\225\225mUrt^\304\2441\305a\240\204\262\332\265\0244\222_\243\274Q\233\237"..., 8191) = 8191
read(6, "\323\216p\37\304\332\352\362\237\27\236\344N\271\371\212Y\346\vf\207o\336\314\265cd*U^s\254"..., 8191) = 8191
read(6, "H\212o\314\244\341UE\32\361\247s\30\321W;7\245\274(K\326\354o\327\304\306\\\3768m\20"..., 8191) = 8191
read(6, "\2561\237\21\347\27OKC\242\205jY\33\2637Z\217\242\35\313{\333$\227W\267F\206\250\265\242"..., 8191) = 8191
read(6, "J\10\267J\n\355\232\365\242S\251\2343FH\356\215\241\304U\355l\334\366\264ctr\334;\376x"..., 8191) = 8191
read(6, "4e\354\344X\336:YM\245l\10a\214\222\232\241\345Y$\212\247f\nU\202\343\ra\215d}"..., 8191) = 8191
read(6, "\231\275\302\361\204c\234b\256\230\273\221Zp\r\311j\23\0217#@\203\354U\355\321w\306\217\227\222"..., 8191) = 8191
read(6, "]\257ZZ\351j\276\243\265Gr/UF\345E\356ehY1Rlk\256 @\203$\236P,"..., 8191) = 8191
read(6, "\372j\307\260\245\265\366s\251\354e\37\223\247d\215\345\276\345\244\344\231\245?\217H\353M\327\250\236\223"..., 8191) = 8191
read(6, "\226\22\316\234\244x\206\346\225\367\226\325\312^\251\306flN\n\33\242R\373\323wc\340\3029F\316"..., 8191) = 8191
read(6, "x\212\0303ZNE\275Q\322\316\274\267\177\3029\242\30\216\223\226\303\0253\202\245\256\220_4Z]"..., 8191) = 8191
read(6, "\32\225y+\271\206\321F\350,\343\325\222\304\v\315s\363\343:\212l\315W\275\223C\302\340y\372\332"..., 8191) = 8191
read(6, ":^gT\327]\331\231\22\207!X=z}\314\267\341j;3\341\266S\347:1\333C[\276*"..., 8191) = 8191
read(6, "yS!\4O\326g\271$V\213\316O\20\276\343\251&\315\225\360E lKC2\21\332Iq="..., 8191) = 8191
read(6, "DR\252\236e\2323\272\262\247eY%\34\203g\221\10QuN\276\21\327\363\322N(\33\361\202("..., 8191) = 8191
read(6, "(3Jv;{1\241x\262\20\202g(\242`\20\214\244\265\22\225FX!X,R\2674m\352"..., 8191) = 8191
read(6, "\267u\22o\204\24\343\334\317\324\327\231nY\256\377N)\336\253\316\207\350X\234V\322\317>.\204\226"..., 8191) = 8191
read(6, "\253b{\273\303\326\306\256\327Z\33s\326z^^\317]1\212\272C\264\256 \326\32\3068[J\267"..., 8191) = 8191
read(6, "p\10\202Ad\324H\206cT(u3%MjR\277Ad\t\232\246\0304\312XG\340j\343]"..., 8191) = 8191
read(6, "v\3]\246\177B\3208\21?\232a\366UJ\34\265\226\323+\316{\212\271mh\351$K\215q\333"..., 8191) = 8191
read(6, "\373!\217\379\377.\321O\210<%\265\340\30\35&K\30_\326\33\326\233=o*;\241T\264\324"..., 8191) = 8191
read(6, ";\221\325e:Q%\314\365*\301\361k)\342\24\221\261\fwBe\v9W\252\343U\v\372\356\306"..., 8191) = 8191
read(6, "\206\326\263qsmD\32\333Y\356*wS\251\31cX\325Q1\343(\371J\315\217\20\353E\206\242"..., 8191) = 8191
read(6, "\217\177\33]\272\312\"\244i\21\223\4\303\335\31\356uw\210~8M\301\323\262\337\2418\202cYs"..., 8191) = 8191
read(6, "\250x5\26\311\2111\306\354J\202nq\244\245\31\373\375N\v\265\226\242\304\245\237k\305;!\374\354"..., 8191) = 8191
read(6, "\10Fj/\204\263\25\216#)\221G\263f\2331\306\337n\317\365\256#m\267u\306\2352\357\337\205"..., 8191) = 8191
read(6, "\31\312\30\341\314\344y\237\327\332^\227\244\30\232b\375\267\340\265\321\325\2023D;!\\\2673~["..., 8191) = 8191
read(6, "\347\273&\223u&\3036\21\317\303\202\232/(\311Q$W%mg8\271\241\\\275\21\206\37\206 "..., 8191) = 8191
read(6, "\355\364H\24\341\304Y\357(%\244Y\321\306\345\317\3758\177OR\260\300\340)\302I=\202\361Du"..., 8191) = 8191
read(6, "\266\333a\275\345l\264\367kyf\315\267\321\252 \276ey\202\231W\247d\326R8\252\261y]\206"..., 8191) = 8191
read(6, "l\365W)\233'\368\244\263\35E\344\256\"}Dd)il\334mD|Y\241d\274\22\3428"..., 8191) = 8191
read(6, "I\253\230\341\257\2201|Kt\272\342R\320\253\1\f\21F\20\252\236\235M`<{9#\214\233\323"..., 8191) = 8191
read(6, "K\226\20\365e\375\345\256\243,Q\335n\31\322\2362F\345\3158\227;b)YD;\322\324\257s"..., 8191) = 8191
read(6, "@Hblj\206\321\21\341\22\210\34kr\10\34\255 \211\242\26\211\23jV\212\357p\206\322\373s"..., 8191) = 8191
read(6, "\v\316\336O\236Q\23\363;\242p$\312\33\306~J[BZR\344\236\360F1\324\264\0215\302f"..., 8191) = 8191
read(6, "f\24\201N\314\251T\370j_\23\274\21\212\345\337\335\21\215\367\33\35]5\212\233\206\233\346(\276b"..., 8191) = 8191
read(6, "H=\261!(\273\16C\315n(R(s\323J\377\344GtM\3543\334\30\265\312\320\234d\254\26"..., 8191) = 8191
read(6, "s\31\225\361}\321y^\206p\316g\314\217\251\10\33;\2021\2522\37\35ad\327~\336\251\367Y"..., 8191) = 8191
read(6, "x%8\2167\347\214\20w\25\6\211+\315\0325%9\337\376\224\26B\10kll\21Y\343kf"..., 8191) = 8191
read(6, "9\377]\236\31\2129\372\20\275\300\241\306\31W;\263\247Y\243\307I\316\271\4\323\241\244g(\257\234"..., 8191) = 8191
read(6, "D\346)<\307\244\230\361u\232y\222\361\256v\226\357\10\202\240\326Zw\353\t^\256\314\251(\216e"..., 8191) = 8191
read(6, "l|\30\301\364\346\321\230>\315\347xl$\26\227RN\260%\324\221\250D\226\"\v\251\223hn\311"..., 8191) = 8191
read(6, "y\26\211\345\234\223\272\273\202\347\370\222\250\30u\212\264\235\272br\234rs<\343\337\272\225!\324m"..., 8191) = 8191
read(6, "\235#\266\242\10\252\343I\302\363\334s\10D\253x,4\26E\307^\33\34\246\232Cq$\320\340\33"..., 8191) = 8191
read(6, "\236\241\211&\7C\31I\")\245\230a4C\316\25E\361|lxM\360\352\221\374\16\241\250l("..., 8191) = 8191
read(6, "\212\365\212\324s\31F\33789\306\276\340\30#X\351X\361\361u\302xZ\265e\30\316\344\237z\35"..., 8191) = 8191
read(6, "\216p\352\207dX-\253W\235\247D\351\31\34,\2\361\206\262m\225\244\250\36\322\221\270\34\212#I"..., 8191) = 8191
read(6, "\356f\365\264\327\236>k\0221\354\210\353\207\370#\375;\221\276b\252g*\34\236\325\251LY\222b"..., 8191) = 8191
read(6, "\vN\33=\325\235UB\v\23\326JR\355\345\n}9\243XF\2305\256i\265\250\204y\212\341\245"..., 8191) = 8191
read(6, "v]\270-Y\0351\356\3351\374\211\253(\232pD\fQ\326e\346\31W?s\261\237S\246\20\303"..., 8191) = 8191
read(6, "M\354M\277qs\231\2331_-(D\373\233\31{J\v[\216\247\264\357\254\344\314\336\364\205\222\332"..., 8191) = 8191
read(6, "iSB\n\31\177kL\16C*!\254\245\204'h\273\3012\263^8m\254\37[\222\264\216u="..., 8191) = 8191
read(6, "\227\177F\266\325\245\3241\360L\354\245s\212\20\2675\21i\324\356\231\255\374\\\3369\237\242\340\30\322"..., 8191) = 8191
read(6, "t\265N\10\242\304\241\253BH\261\206\345\244\244{\257\245c\\\276\3409N\10TB/\361Mn\216"..., 8191) = 8191
read(6, "z\345:\206\327+\231\343\214\262[y\202}\312\211\202\300FC#(\202(\216\323\26\217\246\220x\356"..., 8191) = 8191
read(6, "^UY\333\371\347+q\251\210F\267*(=F\2671A\224\241\345\346\304\2248\3229\333\257\334u"..., 8191) = 8191
read(6, "j\273iI\2222\206\222\353\213\206\257\323\274\225N\264l\216\240\224P)x!v\33\221N\2362F"..., 8191) = 8191
read(6, "\304\204zW\347im\225{\36mT\221\234\267\316*\202F2\313\346\305d\363M\236I\354hD4"..., 8191) = 8191
read(6, ")\234\27q\356\275\302\"\365\233\371+r\264!\\\365)$3\216\20qg\261Ee\245G\223\267J"..., 8191) = 8191
read(6, "\221,U\230W\212\252\\\227\321\332n(\312\364:/\2461\221BFJoi\32\207\353E\320\30J"..., 8191) = 8191
read(6, "\224w\232\311)\30\221\255\214 0\20\t\212\340]1\231\21\263\202&\216,XZ\266 \257a\320\254"..., 8191) = 8191
read(6, "\327_S\323m\224h\255\342\337KBXJ\205\357\225P\251\324z\241u\\Ev\344Lt\363\320\10"..., 8191) = 8191
read(6, "\235Sq\345\20\245\330\3213\343\204bA\303\244kI\225(a\22\274\301\241\350\"O\35\317\30\37\253"..., 8191) = 8191
read(6, "f\t\332\252\202o\221xsg\316\277\241\277p\346\326\246\37:\313\214\264/uMv\255\350)\27s"..., 8191) = 8191
read(6, "\324N\257bT:\375m\364\317\326\266\342)\202\370\225^O\36IY\202j\t]\202\"\205\24\371Z"..., 8191) = 8191
read(6, "\274!\224\344|\305)Ua\10\216`(VD\v}4\325\36\321\10#y\373o\305\2050\233\322\233"..., 8191) = 8191
read(6, "6\321\n\343\367\375\32!\325\256\367\202b\265\341\356\n\23WQ\223k\255\265\221\341*\222\361}\24\367"..., 8191) = 8191
read(6, "\271\243fwx\252\321\2351\302\205`*\332\217\244\344s\354K\222b\f\321i\275\342\374)\375\222\365"..., 8191) = 8191
read(6, "Q\377Z\307\322t\236\366\322\257#\314\345\256\260\21}\27\221S\206\222\206\25a|\335]\372^m8"..., 8191) = 8191
read(6, "\306\336Iy-\354\324\273\241y\325s\263mH\202\20kI\33\351\221Tt\326\3238[,\343\374\32"..., 8191) = 8191
read(6, "\365\275\33579\25W\243m\270\267\263S\25\235\261\302\345\317\256#I\351l\205\366#\364\357l\315\334"..., 8191) = 8191
read(6, "G\30\4k\224\231\242\342H\255\270\226\364\353\250v\35\217\245\vQ\347(\376-\261T\2322\353\273\376"..., 8191) = 8191
read(6, "\251+\373\347\33^u\n\177ae\2267G\263\202a\315\354lJN\n\265y\206\223UYq\343\344"..., 8191) = 8191
read(6, "\243\270!q\34G\33\242%HDC \254\356\250<\320`.K{\202\357\30\242\251\204\222K\360F"..., 8191) = 8191
read(6, "\26\17\225@cL\211m\232BJ\216e\20\206\347u\335\355T\335\2059Q-\304\314V\357^JB"..., 8191) = 8191
read(6, "Z\375(V\227\243(G\277\327g\t\226\311\222\306\336P\03043\34\6\215N\377e\216g\246\342\350"..., 8191) = 8191
read(6, "\354\31\243\231\332\305\207\343\21)\206\305\241F|q\204\265%\234Is\302\33\227#8\316\10\272\326<"..., 8191) = 8191
read(6, "\306\304\205\22\252\263m(\221\2020ugM\364ol\31{Y\302\204S?k\10\277\323\227i\34\305"..., 8191) = 8191
read(6, "H[%HVZ\216\343\2140Z\226\363\335\261\267~{N\334\324\335T\347i%\304E\210V\334\325"..., 8191) = 8191
read(6, "\226;F\320\374\315\32}Q\342\317\336FtY\375\371=7OUW\327B|\255\345\235\225\217\f\325"..., 8191) = 8191
read(6, "\256\307\241{\34\327\267\336x\21J\v\212\300r\2722\326)\236 \264\320\226\302RF\355y\302\230\336"..., 8191) = 8191
read(6, "}\273\326\334*\306\347\2163U\20274i\t\177\312\205\322q\2439\323\273NZ\312:\212\341?\211"..., 8191) = 8191
read(6, "'4\333nF\v-\32>8(\202d\235\312\340xNt\30\272I/\374\264hX]}\307qZ"..., 8191) = 8191
read(6, "=\223\352U\rq]\251\302\256\2609k9\321\327a[B\21\321\270\35\267Y\362\30\372\234B\24\316"..., 8191) = 8191
read(6, "Y}^l\210\305\341M\253\267\216,\220\314\354X\37\246b\tl\231\206\222\347\267p^\345\204\364\34"..., 8191) = 8191
read(6, "3\246!\335K\265\6qZR\362X?\302\271g)\357\233)\0314\356Y\246Q{\326)*\21\211"..., 8191) = 8191
read(6, "\twD\347\276R\271\212(\305\30)\2043c\232\256fx\341\31Y\256c8\305\2429J\27G\31"..., 8191) = 8191
read(6, "\354.\351\362\340,\360\17\357\37\v\17\376|\375\\\315\336\372\361\341m\354;\336\36\371\1\0>\376."..., 8191) = 8191
read(6, "\0\364\21\21\21\376\376\0\17\361\321\37\0\356\34\360\357\20\322\360\360/-\360\1\1\303\360\20\377\334\357"..., 8191) = 8191
read(6, "\363\357\17\375\340\17\320\335\1\360\362\r\357\362\360\320\340\335\360\1\340\20\37\0\262M\2\376\362\20\375\376"..., 8191) = 8191
read(6, "\356\1\362\f=\303\340\336\360\361\340-\35\"\16\16\337\20\3 \17\343.\375\340\360\362\37-\342\340\357"..., 8191) = 8191
read(6, "\341\1\377\353\376\r\341\364\262>\240\340\37&\376\344\362/\322\320\36\4\372\365\343 \341\341\0\322\r\24"..., 8191) = 8191
read(6, "\354\375\337\357\0\361\360\357\r\335\337\0\1\361\356\362\34\355\256\356\377\360\16\361.\r\0\16\0000\361\356"..., 8191) = 8191
read(6, " \315\17\355\320\16\360\341\362\334\v\r\1\36\3\0\3\355\22\36\342\2\37\344?\3740\r\340\360\377\341"..., 8191) = 8191
read(6, "!\0\36\16\344 \340\360\360\1\235\356\326\16\336\0362/\236\377\345\37\320\376B\362\16\f\344\0\340\377"..., 8191) = 8191
read(6, "\3770\20\3\20\22\347\376\17#\377\1\377\37 $!\360\3\376\16\0\3605 \321\5\377\37!-3"..., 8191) = 8191
read(6, "\36\337\377KJ\r\17-\37\322\375\35K\35\376\36\37\300\16;]\20\377>/\317\377--\376;\35"..., 8191) = 8191
read(6, "\3\316\33\320\32\355\316\363%\277\32\341\34\333\36\362\362\377\f\360\37\300\340\3022\355\34\300\r\376\337\343"..., 8191) = 8191
read(6, "\34~\241\312\1o\376\376=m\302\335\377a\376\r\375~\221\314\0P\37\17\354|\221\312\2o\16\336"..., 8191) = 8191
read(6, "\377\315R\21\340\20>\337\301\335\377\0\336\20`\320\336\257O\1\336\2P\337\337\235B\21\340 n\321"..., 8191) = 8191
read(6, "\21\377\222% N\0\321 \356\257\361/\16\36\3612\361\317\376\17\377\357\3223\360\257!\37N\37\300"..., 8191) = 8191
read(6, "\21\334\373\320\37\2\0A\21\356\356\360 \2\3770\1\340\361\377-\3\360R\21\375\353\2 \3\377#"..., 8191) = 8191
read(6, "\"O\361\0\36q\320\36301\361\344\36?\3\3414!\361\365\16C\343\0\357\20\0\20\0174\261\17"..., 8191) = 8191
read(6, "\241.\375\360=\377\277\357\2560\376\377-\356\341!\337m\0\340?\376\336\0\277O\376\361=\377\300\360"..., 8191) = 8191
read(6, "-\336\1\0\341\340\16\4O\334\340\341\342+\20\25?\334\361\357\320\r\1\362o\334\0\376\361\0\36\363"..., 8191) = 8191
read(6, "\355=?\340O\37\322\360\r`>\341N\16\340\376\17NO\321?\37\37\20\333k.\361@\36\343\357"..., 8191) = 8191
read(6, "\v\20\277\354\336\377\360\37\fN\277\v\337\1\342?\34?\336\375\340\21\341\20\r\1\317\353\357\377\321/"..., 8191) = 8191
read(6, "\17 \257!\356\0\363\301\20/\237\362\356\0\2\340\r\37\260\24\334\361\23\340\337 \237\21\354\20\3\302"..., 8191) = 8191
read(6, "\"\1\376\322\16>\341\0\1 ,\1\376\36\361 \1 \0351\356 \22\360#\17.!\377?\320\17"..., 8191) = 8191
read(6, "\300\357\315 \355\337\304\16\321\36\355\17\36\37\325\34\301\375\317?\16\1\364\0\321\377\3151\376\377 \20"..., 8191) = 8191
read(6, "!\320\"\3201\300\37\17\363\0171/\23\301\21/%\0\20\362\365\376\4\f1\0\21\321#\301L\37"..., 8191) = 8191
read(6, "\317>?\354\333/\362\266\260?/\r\334!\363\7\354\23~\373\314\342\0\244\320!`\333\312\22\1\304"..., 8191) = 8191
read(6, "\363\16\335&\377\"\323\37\363\1\341?\377\320\36\340\336\356\301\0\17\0\r\376\373\320\340\362\37\0.\r"..., 8191) = 8191
read(6, "\317\"!\r\264!\315>\336\22\1\334\244\20\315.\337A\22\335\301\1\335\17\320A\22\r\3031\335/"..., 8191) = 8191
read(6, "\37\374\2\17\376\17\356!\37\354\37.\356>\360\1\16\335\21\34-\356\335\362\17\376\23\17\f\360\356\342"..., 8191) = 8191
read(6, "\342\341\342\360\t<\366\37\20\1\357\377\33\323\25\0\362\332\376\f\377\322'\3611\312\376\377\357\341\4\341"..., 8191) = 8191
read(6, "\36\r\r\357\373_\337\20\17 /\37\16 \356\22\37\16\r?\375O\357-\17.\16\361\33N\362\356"..., 8191) = 8191
read(6, "\355\322\374\r\261\361\340 \r\302\376\f\317\0\336\1\16\300\20\356\362\34\337 \374\301\373\r\320\377\356\37"..., 8191) = 8191
read(6, "_\24\341q\4\354\243\356m\362\341q\3\35\322\356M\6\360r\2\375\261\17o'\320c\23\375\262\374"..., 8191) = 8191
read(6, "\300\340\316>0\r\342\342\337\2\300 0\377\340\342\36\3\355\360\20\377\0361\0\0023\321\361\377\37\22"..., 8191) = 8191
read(6, "\337\255\17\0!\341\24\356\360\315\335\17\321 2\361\340\377/\356\361\364\4\1\322\356\37\16!\377\342\20"..., 8191) = 8191
read(6, "\362\r\35\22\21\36\354\325\17\35M\22\1?\377\363\0\33=#\340=\360\366\1\r-!\377/\374\325"..., 8191) = 8191
read(6, "0/\35\377\4\357\37\362N\36\360\16\364\376/\2.\36\20\17\3\360\20\360^.\16\355\4\355\17\341"..., 8191) = 8191
read(6, "\376-R\342\320\317!\320\377\37C\337\337\300\20\317\360\0351\362\340\300\"\341\377-a\362\360\2771\320"..., 8191) = 8191
read(6, "\36\0&\376\0\340\341\300\35?\7\f\301\r\304\236= \364\f\320\16\300\277.\20\27\354\361\17\320\257"..., 8191) = 8191
read(6, "N@\16\35>\374/\17\v\20\355O0\354-\376\375=\375@ \336O\377\336\36\356, \336,\16"..., 8191) = 8191
read(6, "\335\224\311\r \351\357\302\261\226\241\0\2\31\362\337\302\245\242\340\17-\360\17\0\355\4\340\377/\376\17"..., 8191) = 8191
read(6, "\374\17\36\3B\377\360\340\f\361\16\362\2\361\361\16\377\0\16\0\22/\21\317\35\16\35\0011\17\0\361"..., 8191) = 8191
read(6, "\377\20\340\342\361\342\240\356\320@ \21\361\242\360\335\337\36\320\342\376\21\301\374\36\361\1\362\0\363\260\355"..., 8191) = 8191
read(6, "\f\377\360\24\365\360\34\342\332\360,\1\37\20\340\362\353\376,\20\0\"\36\17\334\35-\0\37\22\16\323"..., 8191) = 8191
read(6, "\0\361\r\360\347/\35\340\363\262\16\17\367\36\375\360\22\323\357\357\365\37\377\21\6!!\321\340\343\2\320"..., 8191) = 8191
read(6, "\303?\16\37\360\375\336\376\24@ >\1\376\334\356\5@\17.\36\376\377\36\324O\16\0\1\376\356\376"..., 8191) = 8191
read(6, "\36\1\336\321 \37\21\20\r\1\340\342\255-\356\376 0\35\341\275\17\355\355\22B\356\364\275\21\376\n"..., 8191) = 8191
read(6, "!.!\2!\23\ro4\376\17\361 4/Q6\375\1\1?\00201#/#\362\0211\362\377"..., 8191) = 8191
read(6, "`\3631\357\0\337\333\356\177\354\"\377\342\262\336\335^\361\"\360\20\260\261\376\177\0040\337.\317\353\360"..., 8191) = 8191
read(6, "\37\337\361/\320C\340\364\20\321\1/\360E\357\361\21\341\321-\20C\375\363\20\336\0-\320c\340\363"..., 8191) = 8191
read(6, "\337O\0\376\25\3600\2\3410/\r\366\0172\0\320\322\21\342\360\336\21\306\261\2571\362\345\375\362\327"..., 8191) = 8191
read(6, "\"2\3412\361\37\321\21\21 \r3\364\375\2640\20\"\0013\324\373\244\0\0222\343#\362\37\261\20"..., 8191) = 8191
read(6, "P\17\300\377\17\377\323\361\377\362\2\377\376\357\323\1\3741\357/\17\342\323\1\335!\37\340\377\17\303\362"..., 8191) = 8191
read(6, "\337-\4\320\1A\2\"\357\v\26\300\16\"\360\"\340\35\25\2\341\357\375\17\360\336\376\1\361\342\376\360"..., 8191) = 8191
read(6, "\343O\"\361\3602Rb\6\361\21\17\r \37A\361 \3\321\340?Qa\343 \23\362\340\"Sb"..., 8191) = 8191
read(6, "/\360\0\"\342J\341!/\2\1\6\302I\21\317\17\37\17\364\09\375\1>\17\37\3\1<\337 "..., 8191) = 8191
read(6, "\16\302\0\3776!\"\317,\25\r\0\362\377/\321\353\23K\37 \373~\364\333\377\375\21!\312~\364"..., 8191) = 8191
read(6, "\377\376\240\377$\361\316\r/\20\241\355\24\357\317\36\17\1\262/\22\363\355\375\1\356\22\17\16#\376 "..., 8191) = 8191
read(6, "\376\35\1\37\34.\0\1\374\34 /, \37\37\35\36\r\20/\36\377 \20\16\r.\36>\0."..., 8191) = 8191
read(6, "\317\5W\337\36-\341\375\357\3w\304\16\376\22\16\375\24`\337\35\341B\341\17\3567\357\35\321R\341"..., 8191) = 8191
read(6, "\321\0\376/\357\1\356,\1\17\355\36\342\362\21\35\344\377\377\20\"\361\1\33\362\17\0\17\0\361\37\35"..., 8191) = 8191
read(6, "\323#\1!\377@\324\241\324=\323\36\362!\365\301\244 \361\377\0022\365\361\325\23\362\1\0160\343\300"..., 8191) = 8191
read(6, "\17\0351\336\3\360\16 \377,\342\277\367\360\17\37\37\376\341\357\326\357\0>/\f\2\320'\361\375."..., 8191) = 8191
read(6, "\r\320\"\r\36\374\17\336\355\3401\v.\376\360\315\377\342Q ,\f\0\321\335\320#\r,\r\17\317"..., 8191) = 8191
read(6, "\361\356\17\0202\377\321\r\17\36\364\360\375\360\300\36\360\336\1\17\36\340\301\r\16\315\20\377\23\377\261\r"..., 8191) = 8191
read(6, "\336\322\317\362\340\376\37\3\365\354\20\2\357\364\35\22\343\371/!\337\345\36\0\357\354.\343\360\376\37\2"..., 8191) = 8191
read(6, "\0\21?\342\1\35\1\344\17\1\321\340\1+\2\343\21\21\21\321\2\314\20\17\37\0210\342\1\341_\23"..., 8191) = 8191
read(6, "!0\360\360/\340\353=\"/\376.>\357\333L/0\320 ^\0\314<\22/\340\0220\340\353<"..., 8191) = 8191
read(6, "\4+\375\0\337\17\21@\3\r\376/\317\37\360-\342\v\336\341\357-\1\21\365\33\356\361\356\37\0212"..., 8191) = 8191
read(6, "\37\37\336\376\376-\342\r!\337\341-\17\377o/ \356\260>\0\357\177^\22\336\357?\360\356p?"..., 8191) = 8191
read(6, "\21\344\320\0JA\377R\20\344\317\0; \3564\20\324\301\1< \335$\1\345\320\0KO\20R"..., 8191) = 8191
read(6, "\341\361\36\1\356\36\21\354\360\361\34\360\1\357\22\377\1\22\34\356\377\r\336\35\0\1\36\357\375\33\20\375"..., 8191) = 8191
read(6, "\302\364\16\17\353\300<\274\300\3\377\35?\2\360\376\360\16\177./\364\16\356\376\377\177?\35\" \356"..., 8191) = 8191
read(6, "\360\342\0220  \360\341\341\376\0000\37\17\360\320\322\37\361?!\377\360\340\1\340\0001 \37\343\340"..., 8191) = 8191
read(6, "\35\22\t\301\337\357\4\361-\"\353\362\356\354\22\377\17\3\16\322\337\353\361\356\3762\n\317\321\357\363\360"..., 8191) = 8191
read(6, "Q\316\37\374\376\336s\0002\336?\376\17\376R\37P\340\36\356/\317Q\360P\320\36\v\376\357a\0"..., 8191) = 8191
read(6, "\376\353/\325\235\1\374\346\r\337\22\360\341!\0/\357\356\22\17\300@\376\v\17.\377\37\335#\357\355"..., 8191) = 8191
read(6, "\r\36\321\356\0\321\r\22\374\377\341\336\361\300\357\320\353\335\337\357\362\317\17\337\f\r\320\377\342\301\16\23"..., 8191) = 8191
read(6, "\360\21\360\376\320O00\347\363\0\374\357.\20B\364\3\0\r\357\35/C\360\2\341\35\337110"..., 8191) = 8191
read(6, "\371!\20=\376\35\365\3\t1\";\337\34\363$\35\21!\17\300\34\365\2\331A 9\355N\3\342"..., 8191) = 8191
read(6, "\377\20\362\356\377\340\2\17\0\20\341\361\2\341\376\340\2\322\357\35 \"\376\340\3640\340\35/\"/\361"..., 8191) = 8191
read(6, "\17\361/\21\361\361\3431\317\300\320\17\377\355\240_\356\276\356\1\340\320\277Q\360\337\36\2\341\357\303P"..., 8191) = 8191
read(6, "\24\341\f\37\21-\276\361\336\357\16\16\1\376\361\337\376\260\357\16\360\356\300\317\356\363\35\20\357-\356\20"..., 8191) = 8191
read(6, "-\1\354m\376\360\340\361\360\36\336}\355\1\357\361\361\36\2\340 \37/\320\35\17\376/?/,\2"..., 8191) = 8191
read(6, "\340\17 \1\0\20\337\17\362\16\1\320\37\360\340\357\35\r\0\3420\342\340!\360\360\21\0210\361\277\37"..., 8191) = 8191
read(6, "\21\17\17?\0.@\357\21\r\37/\0M@\277 \16\1\20\17>_\277\1\377\2_\1=@\337"..., 8191) = 8191
read(6, "\21\21\362/\r\1\327\274\177\374\244>=\372\221\314^\f\3250`\373\225\231P\314\320N\23\374\307\275"..., 8191) = 8191
read(6, "\357 \374\r\3\320\341 \16-\374\376\364\320\360_\360 -\376\343\337\340\37\r\0\357\357\r\320\36\320"..., 8191) = 8191
read(6, "\300!\r!\377\0\341A\340\20\375\21\357\36\361 \0\37.!\340>\3610\0\2\f\"\357\377\3410"..., 8191) = 8191
read(6, "\4\341\"!\36\f\3\356\2\341@\20/\376\363\16\1\361\374\320\343>\337\340\356\361\354\340\345\37\276\377"..., 8191) = 8191
read(6, ">\r?\1\1-\20.O\341>\364\21\20\0\375\0\35/\324 .\17\f>\16\37\1\1\r!\36"..., 8191) = 8191
read(6, "\2\360\377/\300<\24\361\"\341\356.\300<\25\17\362\340\356\17\322N\20\377\362\341\357.\321.\23\0"..., 8191) = 8191
read(6, "T4\"!$BU/ESB\22dSr\017541\0034!\3761\320/\37\333\17\r\357?"..., 8191) = 8191
read(6, "\335\36>\316<\36\3\35\375.-\276Q\377\366.\275/\35\336N\376\344-\336\36.\277N\17\5-"..., 8191) = 8191
read(6, "\17\36\377\341\363\377\355\20\r \302\7\324\376!\17\17\20\277\5\345\374\36\16\17\37\336\321\364\16\376 "..., 8191) = 8191
read(6, "\363\2#\377!`\21\22\24\362\361.\17\361\1Ob\36\0/\377\360\362>s\35\17\r\340\360\341\37"..., 8191) = 8191
read(6, "\f\17\0201\341O\3630\36\300\3601\320@\0032\36\315\0\24\357 \361O-\375\37\17\341\16\37\3"..., 8191) = 8191
read(6, "\337?\375\376\34\22\f\20\375-\375\r.\23\0161\17?\377\376\376\37\v\376\341.\375\377\f\21\f\37"..., 8191) = 8191
read(6, "\2\0\355\321\357.\320\320\341\1\335\0\0\r\340\363\0\361\16\304\16<\17\343!\361\376\304\356?\340\300"..., 8191) = 8191
read(6, "\342#\337\321\37\24-\37\376 \321\361\16\365//\341 \320\321\360\344=/\342\22\357\341\356\25.%"..., 8191) = 8191
read(6, "\377\343\17L\360\21\2\320\17\343\336-\361\362\2\337\37\344\355\r\3\363\24\363\337\363\0\35\340\"\2\0"..., 8191) = 8191
read(6, "\37\20\21\20\335O\17\f\2\21\3\17\3570\376/\1\360\21\37\236_\376\374\377\0\22\377\335=\37\374"..., 8191) = 8191
read(6, "\357\376\0\377\37\5\37\f\357\16\"\0\21\1\r-\341\375 \20?\360\361\360\340\1*\340>\340\17 "..., 8191) = 8191
read(6, "0\3010\342\376\376=\21Q\357\21\302\17\r\36\20\r\335\21\357\r\374?\361/\320 \262\374\354L\21"..., 8191) = 8191
read(6, "\321\20\1\363R\376!\37\357\346\224\3 \342\0\340\357$\323\342.\361\323\315\3372\3\342O\0202\0"..., 8191) = 8191
read(6, "/\3630\35\302\1>\300\20\1 M\304\21\20\356\0\321 -\344\2\17\316/\363O-\323\2 \301"..., 8191) = 8191
read(6, "\376C\354\361\357\277<\17\355\17\r\21/\260+\300\356$\3310\340\337\37M\f1\33\22\377\320\34/"..., 8191) = 8191
read(6, "\320\315\377\377\360\360\0\357\17+\16\261\3\320/\316\337\f\17\257\1\377O\337\300\336\16\376\1\16 \337"..., 8191) = 8191
read(6, "\364\1\317\335\312\334\337\277\334\r\315\334\274\376\357\376\335\356\317\355\276\355\360\37\336\357\276\314\311\332\316\277"..., 8191) = 8191
read(6, "\34\314\377.\16\361\377\360\34\337\361.\376\357\377\20\36\276\360/\16\360\3610\35\336\357.\0\360\1\20"..., 8191) = 8191
read(6, "2\314$\321:\21\325o/\334\340\300,\2\367P=\20\336\261\35\362\326PD\334S\337,/\367\177"..., 8191) = 8191
read(6, "\1\1 Q\340\357\340 \377\20\364A\376\360\315\22\17\303\20P\300\340\335\20\361\17!`\317\341\341\357"..., 8191) = 8191
read(6, "\361&\16\24\37\20\360\17\376\322\375\0/\17\341\361\360\325\354\377/\0\360\321\17\344\357\341\37\21\360-"..., 8191) = 8191
read(6, "\357\1\0!\3\360!\341\320\1\340\21\3\17\20\360\315\360\17\17\2!\377\360\336\21\20\37\4\0171\341"..., 8191) = 8191
read(6, "\37\377>\35\376\34 \20/\336 \36\377-\20\0\1\337n\37\376\r\360\20\20\360O\375\377\35\0\20"..., 8191) = 8191
read(6, "^\342\37\354\361\20\0\337^\361 \264>\363\23\342\355\2\377\267N\366\22\341\355\4 \267@\7\341\241"..., 8191) = 8191
read(6, "\363\337\03601\37\376\343\361\316\37\2$\21\377\343\362\300\20\360\0230\375\341\3\337\36\37\20\1\22\305"..., 8191) = 8191
read(6, "%H\nG\274\343H\263F+%\231\261sb\31i4\307\31\0362\224\304#\315\266p\342\317\352\346"..., 8191) = 8191
read(6, "\32\275\301\21\f\276\342\315T\254'\214\262\306\231uy\273#\30Tw\261iMP\325(\247}K\336"..., 8191) = 8191
read(6, "\222q\2265\251\364N^\253\346\344]\216;\356LN*\336h\353\306d+\347YJ*\346\234\262\327"..., 8191) = 8191
read(6, "\346\367\334\211{\35Y\227Q4\321\353|H\333\212c\264r\302\33N\235Q\272\322\212\2615#\364J"..., 8191) = 8191
read(6, "\221\224N\f\221\245DN8Ma\304\30\267'lM\325T}\345\2754Y\235\23\273\355Xa\30\261"..., 8191) = 8191
read(6, "\205\219\312\204%Jo(W\322\345IN\306\316\311\253e\2561\345d\t\227\316\315\366v\355U\33"..., 8191) = 8191
read(6, "V_\t\16V(\267\235sQ[R8\227\247\212\245\2052\275^\205#M8\202\224\33\232R\212\364"..., 8191) = 8191
read(6, "u\366\364\225dUD\336]\226\"\234pV\33k\2721\341\247cI\241+\335f;W\221N\366m"..., 8191) = 8191
read(6, "\n\314%\215\374R{uSF\2069\276>\377)\214\340\251\306U~]\36\203`V\2267%\351\202"..., 8191) = 8191
read(6, "\307\325\345w\30\33\321!\366L\30)\\\3048\235-9]s)d\364\256\20\33\2126\343\n;\346"..., 8191) = 8191
read(6, "\21\302\214\221S\202\372Cr\206\3623o\365\315m\277\265\3168\337\226\27\322Vg\315\270\335+Tj"..., 8191) = 8191
read(6, "\30\273M\302\360\321-\254R\343\355\32\316\275*\334U\325z\35\302\316T\306Uy5c\231\242\21\212"..., 8191) = 8191
read(6, "2\303mE\354'0\230V\271\222%\244\240KF\320\224n\10\2438\323-\20%\211!UUL\250"..., 8191) = 8191
read(6, "\361)\334lOE\246_m}\266\362\226`\325\2653\302\224z\4\3023\344D\275\25e\214\347\231]"..., 8191) = 8191
read(6, "9\352kJ\230\321\221\6\315\21\1779\34D\265!\21\237\270\31\363\310\320\243\20\30KPN\32\321W"..., 8191) = 8191
read(6, "\333\2211\277\322\206;9J\207\220\361\253\344\234\20\312\10u\343\325\216\326\177B\347[\257\21\321\220x"..., 8191) = 8191
read(6, "\341Xq\331\236_\202/\3142\314\\\367\226Y\341\355[\375\351\216tD\226T\243\324\256\240R\345\311"..., 8191) = 8191
read(6, "\315{\221B\305o8Oe\216\21\312\305\374g\254\263\223'MF*\37\23\223YFH\357\375\326\326"..., 8191) = 8191
read(6, "\347\326\327\v!Y9w\335B\264\252\20E\316\256\272oD(\225\242|b\346m8\206'D\337\\"..., 8191) = 8191
read(6, "\21\367\277\272p\305\343K\305\246\334\265_Rn8E\321\306\334\237\22\233R\31F\n\233\327J\314M"..., 8191) = 8191
read(6, "\371}s\36GF_\ti\336*\335l\212\223\242\226\2120Q\21\302Z\225W\342\256\30R\235\240\10"..., 8191) = 8191
read(6, ")\352\26OI\223\273\222\364\21Q\237Z|_\366_T\37273\322d\33\31\373\223\353EDD\30"..., 8191) = 8191
read(6, "Djq\261\221ed\304\324\306O~Dx\267U9J\316\370\263a\354M\vD\247\214\205s\33\212"..., 8191) = 8191
read(6, "\354\256 \10q\253T\226+]u\304\337\365\214\21\342\315\32\325\332(\252hX1\247\334)\375\316\360"..., 8191) = 8191
read(6, "\360\222\224\231\276\220o9{\357\v[3\325\221}\21qZj]y\375\241\3649\251\377Tl\366\305"..., 8191) = 8191
read(6, "\332\274q\245\20\377]tJ;Y\252\32\212\25\227\21\27}\202\270\316M8'\214\22\226\327\277B\357"..., 8191) = 8191
read(6, "\246\222\232\260\2066\226`:;\2\241\30e\2247\335+LE\357Iwym\304\336)\2265!\10"..., 8191) = 8191
read(6, "\376\361)V\\\307\321_^\354\32\325\273\21\263\267\326\225\"Xg\334\304\364\30}\27\302:7q\275"..., 8191) = 8191
read(6, "\247\3501qF\306I\2065\261\31=\35\206S-NtJ\25'\\\274\361'\205\321e\214SS\273"..., 8191) = 8191
read(6, "ahy\231/\324^v\214\267R\334\250%\304{)I\376\336\v\261\323\316h+\305H%\275\320\351"..., 8191) = 8191
read(6, "\342]uE\227S\206 \32\216%\235\350VZ\363\24\236\32\261\376m\270BO\257\320\306L\316\237\323"..., 8191) = 8191
read(6, "\242ad\235@\254\260\225b9\322\t\306\371\372\221\204Zj\6\305\225\246dw\206s\312\345f\325O"..., 8191) = 8191
read(6, "Df\316\245\306p\363\312\375l1\251\245\224\343\20UH\302\254Q\276\"\334liS\265\255\204\221\355"..., 8191) = 8191
read(6, "\313\223\327w\3355a\270\33\371\226\224u\2418\202\240*)\274\341\31\223\267}w9y\242\244\34\25"..., 8191) = 8191
read(6, "i\326\345L\\Y'\315h\226\322Z\210\223\352\2250F\277\346\\\207\324\16\211\241n\375\2350+I"..., 8191) = 8191
read(6, "\20\245,\205\240Y#\371\343\314\215\20\322\373\243U\22M\334z\316\f\321Y\255)\356\213\345\225\320="..., 8191) = 8191
read(6, "!JV\n\302wE\335[\206\323%\356\376V\215!v\217\266\306;#yUu\212P\212\321\243E"..., 8191) = 8191
read(6, "g\304\t\302\210\241ZW\206U\3479\322\207\23e\214\21\3617syY\352\0311\347\264a\214\341\244"..., 8191) = 8191
read(6, "\244\252\315\30i\30\322\227\333^m\254p\263\206$\336\2150]\336(\375wk\244t\351\206q\356\230"..., 8191) = 8191
read(6, "\222\343\377\230\21\223\237\346\255u;B\23\245S\3538\202q\202f\235adE\n\353\r\247\365Fd"..., 8191) = 8191
read(6, "F\v{y\306\10m}i\306\t\245d\315\326\204\261F\374\255q%\350\302\256P5iH\272\247I"..., 8191) = 8191
read(6, "\376\336\277\23\226\341\334+Z1\305\256\"\314\370QRL)\326t\224\372$4R9\25!\220\224\22"..., 8191) = 8191
read(6, "$\304\226\32B\266b(\2\203)\31!v\374h*c\35\317|\326\364hN\vw\302\210)\10\343"..., 8191) = 8191
read(6, "\177\247\324\247`\204S\247\250\312\211\237\302\364\217:g\\\336\245\310\323b\31\375\316\2145\316I\227_"..., 8191) = 8191
read(6, "'\n\241\304\nC#8\312j~E^e^\317Xu\352\365\210\263\21\327Q\332\206\350\244\230\202\246"..., 8191) = 8191
read(6, "\\U\10IQ~(\2320\326\10#\315\356\30#Y;%\31\33W\202pK\343\270A\22\325\356^"..., 8191) = 8191
read(6, "\316\245aL\307\355Y\222xyQ\336e]F\367\355uN\326\22559V\315\366\346\335\314\325\275a"..., 8191) = 8191
read(6, "\263\332\245\265\322zB\v\300\300\220\325\332\214\223Z\314\n#\236\"\344J\276y\367\263\343\30\0233W"..., 8191) = 8191
read(6, "7k\374\30\177R\273\342\321\313\333\342L\225\"\314F{19\262\221\33*O\334\1778\332]\2259"..., 8191) = 8191
read(6, "\304G\"\374nV\2531\322\2466\253XF\251\352\314d\2105\306+$qV\336wx\2121\347Y"..., 8191) = 8191
read(6, "]S\304\227\324\316[{\216\310EpW\275\306&G\204v\227\246b\10zL\357\31A%\10\316\371"..., 8191) = 8191
read(6, "\306()8MR\276\27=\3062\264cL\227\"\222\314\237\270\225\36\321\215\261\327\331\302XJQu"..., 8191) = 8191
read(6, "\321SQM\344I\331\361\265ZU\256\25{iF9Y[\212\320\235\377\306\32\252\224\35!\210\322\222"..., 8191) = 8191
read(6, "7\212\320a\270\212\22\302f\344\205\236\275\216F\263\302G\211gX\2Qy;\316\245\251\217\277s\302"..., 8191) = 8191
read(6, "\306\235\2267\35sS^\335\32\342E\2461'\344\304\306\346\375\355)=\263\263\353\370W\346\2255\353"..., 8191) = 8191
read(6, "\205\311y\3619V\4a\32VH#\245\364\267AR\37\33qo\234\30N[\235\351y5V\314\322"..., 8191) = 8191
read(6, "\312TUY\221\225\373\342\212b\325\305L\225 L\354\\\214&H\27s-}\245ub:;[\37"..., 8191) = 8191
read(6, "\234\330_YS\223W\232 )^\316L\314YsJ\316\226$\234\32c\10\352|oG\276\220BN"..., 8191) = 8191
read(6, "+\256U\212\236R\334\215\220\357\231Ab\252\6\207\271\256\322b}\t\37\2023V\304\254\230\222\370#"..., 8191) = 8191
read(6, "\2518+\10w'\210D\16\211\223\0231s\245\364_Z\343\274\32Ro\\\357X\312YF\357e\375"..., 8191) = 8191
read(6, "\20u\334i!\310Ms\245\10\212\3257?\231\206\322\306e\314\10e\236\251x\221#t84\206 "..., 8191) = 8191
read(6, "\347\375\210\232\320Q\336M\3159\276\22c\324(\352TL\264\270\351\31\227kU\234\344t9\363\206\2"..., 8191) = 8191
read(6, "\272 \304\226\332\236`\254\357\244A\242xB\33\f\246\223B\271\2269\203\25F\30\264/v\275g\374"..., 8191) = 8191
read(6, "\206Rk\\\324\304\244\327\3519Q}a\30\263\21\255\30*R\354\315\232\322\\\32\351\244R\23\322^"..., 8191) = 8191
read(6, "*qZfT|\33\255\236\346(\226\177\25\363\212r\365u\216\326c\t(\341\230\326\354\32\35)\316"..., 8191) = 8191
read(6, "\306\212{\377\267{\302j\302\37\207q\333\247\344Xa\\\210\206%H\335~N8\231#\306L\347]"..., 8191) = 8191
read(6, "(w?B\325\356W\305\225SoX\222d\335\322\244\33\225\277\237\346\30\f\232\266\215\v\322\304\274w"..., 8191) = 8191
read(6, "N\345\366\23MyJV\354\344h\306\347\334Nm}\256\340\214\223\221F\355\276\245dD\261\355\325\367"..., 8191) = 8191
read(6, "\244\335\326\230\334\302\254s!\231\371\216#\364\2630\244\240Ik\335]ZQ\355\10\341t\t\321BZ"..., 8191) = 8191
read(6, "y\2619s\27]qw\332TVEE\\\355T\367\334\334\315\335FM\334\207p\347\224tr\355g"..., 8191) = 8191
read(6, "\304\325\334\305\304\314]\304\304D\304\31a\304\2145q\233\302\314\304D\324\365E\314\315h\361\221\321\331"..., 8191) = 8191
read(6, "1\263^E_\337_\316\336MLV\03115\21\361\371\335?3N\365e\307\316\335\305\\ED\t"..., 8191) = 8191
read(6, "\4\f\356\277D,\322\360\234\34]#J\3168\206\357D\314Ml\224\344\214\22\0271\243\244\364\312\354"..., 8191) = 8191
read(6, "\370\306\207\363\221\231\316\304F\314\314DEn\314\10\2611\227q\0235\0271Y\25\235Q\22373\21"..., 8191) = 8191
read(6, "\267\33\3279\341\226\20\252o\20Q\250\357\177f\204\363\225u\357T\31S}\35\21D\232\261\225i\304"..., 8191) = 8191
read(6, "Z\212\240\336\265\265\2560\327\316\31Y\312\314\325OEh\23\0333\0333UY\31\277\25{\312\334\365"..., 8191) = 8191
read(6, "qy\216\2251'\10\206#)\25\322^e\214\243j\325\2233\265y11sc\304\2040!\346^"..., 8191) = 8191
read(6, "\223w\273w\27aTL\326L\205 \31m]9#\354\236\346\345g\334\306\364\21Is\241\235\360\31"..., 8191) = 8191
read(6, "\244\332\265\275J\21OU\2255\25\321e\324G~\216\345\\\334E\334O\275!8\221\3733\361[\365"..., 8191) = 8191
read(6, "\222\216S\31\3633\273VT\374oLv\354Mz\2315\263Q\216\30\37\23\23\21\261\231\225Y\33q"..., 8191) = 8191
read(6, "1\2257\353\324\306|9\235U\212x\363E\24\231e\234\21g|\3\0\0\20\1\22\315\212\1\10\254"..., 8191) = 8191
read(6, "\304\334<\r\221Z\262\21\321\265\23\33\247\305\354\205\24\35\25\25\331\365S1\2737\0273\375[\367j"..., 8191) = 8191
read(6, "\317\2360\261o\304\314~M\314DEL(\255\314\v\216$eu\214\264\0217\235QS\2231\2651"..., 8191) = 8191
read(6, "WLUT\314\304\315H\21u3w{1\23WsUq1\227\0215Q\25\225\225\361_W?\365"..., 8191) = 8191
read(6, "\365\306E\316VL\304E\306\334D\324D\354i+l\365\315j\27\27\273V\v\312D\344m\272\223\302"..., 8191) = 8191
read(6, "ws\0235u\225\327Q\321\212S\"\315\337\315\315\325hj\347\335d\314DMT\31SU#\315\374"..., 8191) = 8191
read(6, "8\346\326\316\344\306DU\10B\\\306oWe\324\314\304\n\343\314t:S{3\23\23\2235Q\177"..., 8191) = 8191
read(6, "\354\235fh\21s[3\221\21S\21}J\327D\337\371\231FDi+\304]\254 \224\343mGO"..., 8191) = 8191
read(6, "%\31Fg^\304\204\21\23w\23\0271;\265\3538\246\351l\375fD\\;\23\27u\363SU\265"..., 8191) = 8191
read(6, "33qw\236\22\325S\0215U\227\23\225WW\363B\377\336\314Ij\344\327}\375U\\e\374L"..., 8191) = 8191
read(6, "BK\2167\226\26\33\202PU$\332\327_G}\217\221Y\21\27\233\2233\21\0273\241M\314G\324"..., 8191) = 8191
read(6, "\306\227\227\327\261\23g\214\323Q\261\227w\25=13qq;e\344\213u1\23\23!\254tQq"..., 8191) = 8191
read(6, "y\233}\221sqs\0337\339\237%E\206\327\216$\215/\334UE\304\31\242aD\335K\37\31"..., 8191) = 8191
read(6, "\23\253J;\277\353h\227\367\316^L\306G~\304\364E\346:\221\343H)\t\325\23311\223uw"..., 8191) = 8191
read(6, "\335H\373\247(\333w\321M\242\215S#D\315\314M\\N\2243a\364l\316W\\\305\325T\v\367"..., 8191) = 8191
read(6, "\177{\23S\325\261\0217!\314\307(\216a\344Fn\334E\304\324T_d\306DI\25w\25q\273"..., 8191) = 8191
read(6, "1U\237N^T\30w413\33\241}|\352;\231\252\2725q\0237+i\31\263~\334\346u"..., 8191) = 8191
read(6, "T\305\326T\336y\365\376\33\253\251\316E\v7\227\347d\355\\V\314\207\361\0215u\212\23\21{3"..., 8191) = 8191
read(6, "\344\373iD\314\346DE\226\0243?-\220\234c\345\374]\246h)\37\202\0227\23Q1\316\\\244"..., 8191) = 8191
read(6, "3BeJ\245\334\30/\210\325\33\221jl\327\31}F\31;s\345\274\21\227\206DblDL:"..., 8191) = 8191
read(6, "w\353\367LF\316\325\204\3568\30Q\222pg\224\246(\226Rq\261q13\25\21\27\331\267\306D"..., 8191) = 8191
read(6, "\306\n3y\302\355W]\324v\204\24\332j\332}\315)\353t\220\10'\326f\205\343G\31\363S\23"..., 8191) = 8191
read(6, "\t\25_5W\23\21\341D\236\221\316\305\\mV\305n\336\377]\305\314\304\31\27W\23\306\2242y"..., 8191) = 8191
read(6, "RSW\0233g\31\225\227\267\31\0273\33WSU\1773\332\335D\314\304\315\2740Q\31\2271\231"..., 8191) = 8191
read(6, "Ul}D\\\355\217\321qu\27Y\265qQ\365s\23;\221=\2357w\367\251\334\325\336|M\334"..., 8191) = 8191
read(6, "\314M\324\315D\344U\224\226\25u3\21\21QS\347\030111\27\23\23\231[9\23\263\27\35\267"..., 8191) = 8191
read(6, "m\34\233\350X\336\344\177)\267\302\305!\3\315\356\233\0271\02313uW\376\304U\334D\nWw"..., 8191) = 8191
read(6, "\25s\265\02553e\324M\354\324\316\315D\314F\214\2215B\335\324\344ET\304\30\23\212WS3"..., 8191) = 8191
read(6, "T]\\\314\354\307\\\324l\304\315\335\335\304v\\l\335\n\227Q1U\327\325{93s\21\31;"..., 8191) = 8191
read(6, "c\304\314\306\314^\355\306\324L\326\314e\214PJ\317\324\315\326\225\0267B^~uL\324m\\E"..., 8191) = 8191
read(6, "f\264*\206\341'\261\0225s\327\277\0271q\271\3611%\354\335MDL\346\374^\346\304LMM"..., 8191) = 8191
read(6, "\335o\307\324\354\355\235rQjW\205\226\302\215Q\0311\23s\0251=\37\253\373\2558\21F\315\304"..., 8191) = 8191
read(6, "nJ\237\367\367\261\351\205\21\332\223\30\27=qWWa\270\361\21237\37\227\23s\267\2635{\31"..., 8191) = 8191
read(6, ")^\\\274\30b\30\2323\35\223\333S'\204%|8?39\225\323\233\252OD\264\302\365\314\344"..., 8191) = 8191
read(6, "\336\2243\243\f\221\270}\0215Sss\273w\267F\10\247\224b\\T\324\3358S\37\22,0L"..., 8191) = 8191
read(6, "w\242\363\323#\204h\324\tF|tT]\364WeNUU\32\23\22715\233\23\261\323\21\231-"..., 8191) = 8191
read(6, "Y\21SWF\326\\]\325\304\314\345TDN\376\326\252\"\311\n\326i\242aT\324\335\304L\334L"..., 8191) = 8191
read(6, "\271R\305MN\314\304D\316\274QQ\0231\373eL\334\326l\366d[]Y\23U1SQ\21\367"..., 8191) = 8191
read(6, "d\365\355F\\\354\31\2251\302\10\177\267V\237\261JN\357L\21\335\317\306\314\336\335\334T\304\316\305"..., 8191) = 8191
read(6, "\320Uu\263ww\327\33\0277Wq3\202pS73q\333sy\27\227\242o\10gt\365\356U"..., 8191) = 8191
read(6, "\355iF\304E\250\311\271'd\t\255\256\320\225\322\374E\344N\356D\344F\247\23$qY1_\261"..., 8191) = 8191
read(6, "{9\367\21S\33\3047\322\316T\354\346\215S\21qg\324\226y\273\267QiH\0213#I\21\33"..., 8191) = 8191
read(6, "u5\271\237B\334\314\204\2207s9Uu\25N\345E\22423\27\371u\261\247D\\m\354V\325"..., 8191) = 8191
read(6, "\377\355\355\275@dh\202U~\304\31\332\305\214 \324t\254\360\23\237\21\325\267Y\275s\321w\275}"..., 8191) = 8191
read(6, "?'\305v\\\222TN\365\225\0311u\0215]ehU\227N\327V\334U\274q\253\215\265\306U"..., 8191) = 8191
read(6, "\335Nl\337UL\335\377emD\336\276\21\227\273\23a\30\0337w\27\2337\25\267W{s\0211"..., 8191) = 8191
read(6, "q1\23757;uq\0273\27!i\237\253\10\27{\221S\21\21\25k\334N\335]ML\315L"..., 8191) = 8191
read(6, "\20\221|\335U\374}lL\314\315l\314\325\306LD\t!\325\317\334DLL\305\314\334\375_\315~"..., 8191) = 8191
read(6, "\21\265\23w\313p\25\3317uF\305\365l\375]\335\365\336\\g\314\325\315\304\\M\314\335\334\\x"..., 8191) = 8191
read(6, "E\327M\na\334\t1\205\23\337\336\232B\306MD\334_D\\\334\315\324L\324]L\\\315\314\304"..., 8191) = 8191
read(6, "\2260\221;['\\)\23\0233\21\03131\21\252\3737\16,x\271\206Q)^\327\334\325I\27"..., 8191) = 8191
read(6, "\33F9\25u\2617Ct\363\23k\325g\30\316\377\216\20\267a\324\2350\245T\337\316\226!T\305"..., 8191) = 8191
read(6, ";U\371\347\363\10\372\t%\237$V\22\21\255c:\242\272W;\233\21w\261Su[w7;\271"..., 8191) = 8191
read(6, "\315L\336\31\3677F\315\211W7B\365\225QU\25\267s19W\267\2631)\304\356\334L\224\223"..., 8191) = 8191
read(6, "[\202SgH\375\221\321)9\231YsWGt\35\221\263\261\261\227N\337D\204PQ\221q\265\303"..., 8191) = 8191
read(6, "#U\356\235\321-\\L|L\374ThQSR\\\304L\344\10VY\247\365\365\252\337~P\324\336"..., 8191) = 8191
read(6, "\n\371\231q=\312U\325\326\367\325^F\214\224/\10{\f=\241E\346N\335\354\306e\324\314eL"..., 8191) = 8191
read(6, "\20\325c\215\30\23\232S\25\245\204A2\r\23\332\334\31\325^\354Za\305;\265\2061\227\235!L"..., 8191) = 8191
read(6, "\271\23Y\21\21{\25wCb\234TQ3\23\3251\322ML\217\223\253\374\305\316\354\204\23Su\23"..., 8191) = 8191
read(6, "\306N\317z]\331NLNE\314\310/T\337F\\t\206\332)\tB\364\20\234Q\23\367yF\320"..., 8191) = 8191
read(6, "MT\225a\304\335]\355\236p\216p\306\250j:\6\215h\274\177Uq5\0231\263\212T3y1"..., 8191) = 8191
read(6, "\334]\314tL\354\305lMn\335D\224\341\220H\212T_\21Q\0215w\267\21'\30A/s\226"..., 8191) = 8191
read(6, ">\235]e\304-\325m\2040Y5UU\3\fVI1q\"\333\3149\221\335\23}\3335q\223"..., 8191) = 8191
read(6, "1\23u5\0213%|\306VDY7\221\265\302e\314D\274\341\314M\334\345\354\336\316T\307I\327"..., 8191) = 8191
read(6, "\\\10{\243\n\242\27\261Q\362\335DD\210\225\325\206s\23Q\2633sEom9#\t\316\304n"..., 8191) = 8191
read(6, "\22\351\350\367w\21S\275\206\240Lg\\\304\314\205_\27#\234\261F\\D\314_V*7=\0335"..., 8191) = 8191
read(6, "\356\365\336\245t'lis\35\345\354\3054\225qYk8U\322\206c\314Ln\305M(s\316\225"..., 8191) = 8191
read(6, "\265\3559!\30\216G\342t\214\261y\302M\354\304MM\177x\233FD\354\316\355\\\375\335|UL"..., 8191) = 8191
read(6, "el\324\314e(\326\277?\306\345\334\10{U7\327-U\205Z\302n+W\361\23VO\212\265s"..., 8191) = 8191
read(6, "\360gH\322\365\10\21\31\32551Q7B\354\224\345\244\260\267w\222\2723\35\21q11;75"..., 8191) = 8191
read(6, "\335\324\376\2560\242Q\23\27\21\27\2215qc(w9\265\25\21\227VlL~\345\n\177\322\\\274"..., 8191) = 8191
read(6, "Hs\231\323\353D\367]\32\323\23\21SQQ\263\365;u\21\23S\257\316\224\377\223]F\306t\305"..., 8191) = 8191
read(6, "\225;;\221\263BN\315F\305\335\324e62l\367\t\2020\316\377m\364Tm\234\323]\3633Q"..., 8191) = 8191
read(6, "\316\324\317\213sml\374\314\177\24M5QMd\354U\2263\365\302\256Z\316\316\229\357de\304"..., 8191) = 8191
read(6, "\376\tS\233;\261\21\236\20\332ULNO\324Ou\n\33\31\322\366\346\30\322m\255t\16R\204\344"..., 8191) = 8191
read(6, "\331\327\275$\234#\2301\306\304L\345;\226\"]\32\27'\364H\275\263\221\27W\241X[\335\31\375"..., 8191) = 8191
read(6, "\201\374V\252w\345XeR\371\323\321y\337\265;C3\27\327\367cT\234\1\16Y\25o\31\177\23"..., 8191) = 8191
read(6, "\355(#\366\257\177{\316\334\305\355_\6\303\30!\344\305\177\316M\364D\315\335M\235TS\275?\306"..., 8191) = 8191
read(6, "+\23\361\273\373w\37\0337_Su\33\212 \211l\367\243\3099\301\220\35\343\314\326\304\247\325/"..., 8191) = 8191
read(6, "\232u\25\231qQ\261;\263J\30J\265\345\220T\316\375fW\356ltN\30\2273\222t\227\361\231"..., 8191) = 8191
read(6, "uS_\365\365{5U5U\27\312\314F\317\\\\\356\354\224\263m)\20253\243\364\256\330\326\32"..., 8191) = 8191
read(6, "N\240\5\361\235x^j57\361B\2762\233\242d\265\347\204'|\357\314FI\27/T\247x\221"..., 8191) = 8191
read(6, "\34YT\254\246\304\t7\237\306]\315\336ONV\314T\\8\21q\267\27\302m\334\314\337\305\346\354"..., 8191) = 8191
read(6, "\314\304\315L9s3yUS'MV\374MWMW\31s\363;\263w3\21\267\3613\322\314\324"..., 8191) = 8191
read(6, "\31\353\10\237_;\261\326\321\247\331y5\25J\334l\336\304L\317\315tE\357\304\253e0H7\325"..., 8191) = 8191
read(6, "\21\21\21\21\21\21\21\21\21\21\21\21\21\21\21\21\21\21\21\21\21\21\21\21\21\21\21\21\21\21\21\21"..., 8191) = 8191
read(6, "S\245\n\212\31\227\177\37\321w\25\2279\306gD\325\374\344\267`\354\375\32K$\355\\^\315E\277"..., 8191) = 8191
read(6, "\275\235]3\341\354\305\2061Z\205QF__\325}FHZ\31\27#\364T\314\204/\261\204\373\226"..., 8191) = 8191
read(6, "T\305\344\177N9U\21ww\27Qe\304LtdL\335\336M\v\27;\27q\241L\2051}g"..., 8191) = 8191
read(6, "U\317p\342\375D\327\365\325e\214\322\265W\271DF\326T\315L\216rS\306\334\304\305\326T\346\314"..., 8191) = 8191
read(6, "\263\221\255\315\0305S13q7\21\327\223QU\343T\325\325\210\231SSU\265eL\234\223YW"..., 8191) = 8191
read(6, "\371s\21o\334\215\21{3WQ\365\267\323\22117\23\27\363\277\23=\265\37m\244c\334\2344\25"..., 8191) = 8191
read(6, "\\\31\261\342DU\\\5\203\3637\263s\202\223\323{\206\222BI\202\330c\334\346\304TTVh\343"..., 8191) = 8191
read(6, "\304Ttm\204(\314\0305\235\221\177\247\225S\257\220|INE\324\325\337\376\344TT\314\315\304l"..., 8191) = 8191
read(6, "\335\326L\267\326Ss\216z\31;w757S\27\23U\225\206\337q\23\261eLD\327\365f\234"..., 8191) = 8191
read(6, "-\304\375]l\31%\305\\H\21#\375\32R\375\31\231\33FUI;9q{\253\314LK}\277"..., 8191) = 8191
read(6, "\220_1\276\3036YTQ\25S\0353\271\261_3\323\327e\30a\264\0217\27Cd\244\365\277\242"..., 8191) = 8191
read(6, " \t\322\354\336\217\26313U\33Uu\30\341\314\345D\30QoL\355\255\23\221\223\0217~\224W"..., 8191) = 8191
read(6, "~]\306\334\326\315N\214\24-nD\364\214s\327W\33\261\33\241\324t\376n\276P\365\27s\225\267"..., 8191) = 8191
read(6, "Y\25\21Biu+\261\345<IO*[\271\241\306\334F\216u\23qw\273\233\361B\225\241\\\334"..., 8191) = 8191
read(6, "\345\344\345\316\211\357\374\32f\377G\345\345\354\334\304d\335o^i!\325\337\2340\202q\221\326Iu"..., 8191) = 8191
read(6, "\33u\347|~\21603\21\221}\231\376\235q3y\21S\371R\277\1\23D\25Jol\345D\33"..., 8191) = 8191
read(6, "wJ[\331\245\305\334W\224\265B+\21N\255S\27\2279\261)\v~\221Xom\304LD:\335"..., 8191) = 8191
read(6, "\207\362{31\25):3\212\263\27\22Q}\3348\377\243\315i\265Q\2274S\306\22419\306v"..., 8191) = 8191
read(6, "|\334\10\23qT}31\263u\322\344\374L\354\213\23\222#\256Ed\314\304\305\306\317\325\317V\204"..., 8191) = 8191
read(6, "u719F\357d\304\307\207\0233\225\0277?7\35\263\25\23\306\324\t+\375k\227#\3349\355"..., 8191) = 8191
read(6, "\210\352\22L\326\324\304\324\345j%\316\273\345l;\347\314l\214\263;[9\37\242R3!\336\205Z"..., 8191) = 8191
read(6, "sA%y\331N\320(s!\\D\205\261\2215\265{\23\21\361\352FDuM^\304\214\243X="..., 8191) = 8191
read(6, "9\243\226t\2679}\31Y7\21Y\221[q\245\314\210\222\321\336\325d\334\316D]\324f\326\\\315"..., 8191) = 8191
read(6, "\25\37R\354\335\355]g\364\3068%\244sy\24\322L\\}\306\354\31487\335\27\373sy\21\227"..., 8191) = 8191
read(6, "73\302\2041s\25\23\23{N\336\31yw;S1\221U\0277!N\305em\304FG\314\316"..., 8191) = 8191
read(6, "N^dtdTlM\315\305\345F\236S-\334\275\24\227\2\261\260\326\204\230\33q3S'\225\341"..., 8191) = 8191
read(6, "}1\177\253H\202\323\33\0313\323S\0231Kt-\250\23\221\363\31W3Sq\306]]\357-C"..., 8191) = 8191
read(6, "\316\334\314:\367\246\341\33\233\27\227s\376VX\373\345D:\212\250\2529\21\261bJ\265\206\265\322\356"..., 8191) = 8191
read(6, "\266\330\240\10W(QYq\316\374V\314_\6\205\3418\306\264v\322\214S\223\21\261u\327\35Q{"..., 8191) = 8191
read(6, ")\370\255Y5\37\273\353ld\347\256p\223\342\367MTLEDD\314G\354TD\207\21ws\302"..., 8191) = 8191
read(6, "\367\376\33\277\2027\335\371R\205z\363\361\31weT\355\305\226$\245/E_U\344v\327L\215\324"..., 8191) = 8191
read(6, "N\315U\315GD\305e\304\335\2554\27w\0255;\31\3228D\216tW!X\236tF\316d)"..., 8191) = 8191
read(6, "\347D\355\227d\314\334\314\324E|\306\314\304\30U\365=\23\1771\361+\364\315\215#\256\245:aJ"..., 8191) = 8191
read(6, "$\335\335L}D\334v\337\324\234\21#l\355I#\t\252\266\202\241\306\\\334\33\0257\31\221\331\223"..., 8191) = 8191
read(6, "b\214\326a\364\375\364LO^\346\325UU\304\355\326\315\305_M\364+T\267\206U\276\224\227\2255"..., 8191) = 8191
read(6, "\271\367aL\2343\270p3\302\356\220\304\23427F\10\25w\337Ua4C\277q\271\267\243\204\321"..., 8191) = 8191
read(6, "\302Z\272A\243\304m\324\375\246\230U\3235F\33\245\264!\224\264!\246\221-\3265C\2561+\355"..., 8191) = 8191
read(6, "\202\245D\344)\233\321$Y{$\365\353\247\366\222&\30-L\230\275\342\232\236\340\2325\331v\354\347"..., 8191) = 8191
read(6, "\10\232 \\\234\231\306\307\21\375\304;\37)E\v7\2\221\0247w\202r\206\20\31\306\2451_\261"..., 8191) = 8191
read(6, "\35g\244\361\322\334F\266T\216\20\316f\212]\325J\215e\30e\344T\232\23\206TF\36U\337\347"..., 8191) = 8191
read(6, "E\374\n+\347~M\317\177\2751w;V\317\245 \304DU\324\216\363\212\220\316m\346\276\225e\344"..., 8191) = 8191
read(6, "Q\306\204\366\273F\2218\241TH%\314W\334\314L\344\30'(\316\315\235\371\225\2633F9\251\244"..., 8191) = 8191
read(6, "\246I#\275\224\245\206\22!^:\227\22\311\v\33a\324\30\306+\271B\367Z\341\10\312(\345\247U"..., 8191) = 8191
read(6, "(S\24b\324\323\227)T{\323\353Ywm\314\327\t\333*}\355\32\367j\372J\301\202u\362*"..., 8191) = 8191
read(6, "\324\214p4w\227\312\324\234\321R\235\25q\243(\31\321\241\tR\31\265y\316fi\326;\325c|"..., 8191) = 8191
read(6, "H\206~\2\203$\32\351)\25\243\351\223I\357<\207\323\306\263\257\364y\221e*\233\365\216\3112\265"..., 8191) = 8191
read(6, "~\217i(S\327\306D\31'6\205^e\374]\r\211\242D\364EiB\214$\244a\205\230\233D"..., 8191) = 8191
read(6, "\227+\255q\33b\323\304\3768\237\257\224ez\2311\316\207\340i\21a\204cT\257s\27w\212\223"..., 8191) = 8191
read(6, "\207\362\251L\230\243E\31m(\347\377\252\265\352z\3373mH;'\364\234#MDe*\335\216W"..., 8191) = 8191
read(6, "\227\225\37}\306\306\213R\0105\253(yB\336\n\246q\322W\204!\2742'N~\205\265\232g\304"..., 8191) = 8191
read(6, "\2129\226\344\224H2\335^x]\16\225Y+Y\243(\221\243H97\225\273\16\321\225\262^[Q"..., 8191) = 8191
read(6, "\251\334x]\226\363m\354\236z\261\302\237\341)\21\355\30+)\261g\221\204!\234b\32\0255u\206"..., 8191) = 8191
read(6, "oGTu\215\361\231;y\226\25\277\27\222\221WB\277\224\363\21?\341\\9\23y\261F:[D"..., 8191) = 8191
read(6, "\374H\202\342\214\263w\312]g\271\236qq]\253y\23\363$=\227MS\325\316\32\227G\362mM"..., 8191) = 8191
read(6, ";\306K\342:N\354(\352\256v\202p\265\222sZ^\374n\304nI{\316E\31\371{\206aT"..., 8191) = 8191
read(6, "a\254\365\177\236oy=\"\233\372\316\36\221\344\320d\215\342\374\30N\30\326\321\2642\225<\2525\f"..., 8191) = 8191
read(6, "\204\277\367\177\331\343\347H\f\253\356X\33\361\326\0303\222\351\10e8\273]\373\263\357\3348\206\330\236"..., 8191) = 8191
read(6, "{D\306\367t\2361\232\305\220gx\321\376\212k\211\202V1\264\352q\30\302J\212\177\35k\235\262"..., 8191) = 8191
read(6, "&t\0324\36\217q\7\v\356\351<\306\213\255se\315k\216\250\2305\271[\236\225\225\16G\2243"..., 8191) = 8191
read(6, "\365\377\3054e;\251\225\362#\367K\271\33)\235\221Fv\254s;\31)E\217\225%X;\36Q"..., 8191) = 8191
read(6, ":g\344\247\345T\307\230\223N\326\250%M\345UU\344\354>\315YFl5\311\237\362[a\274\360"..., 8191) = 8191
read(6, "\265\322\2673=\243\\\t\273\322\n\2221\21\31\2558\0333\333q'\10\206P\352)\16\311\275q\241"..., 8191) = 8191
read(6, "n\355\211\6\323\252V{\356G\220\214\303\242\324\347\336\376;q\353\35G\26\321im\32\321\247\315_"..., 8191) = 8191
read(6, "\7x\200\200\4\32\n\25\0\0\200?%\0\0\177C\"\31resnet_v1_50/"..., 8191) = 8191
read(6, "B\35\n\tcontext_0\20\0\32\fauto_group_0 \0\n"..., 8191) = 8191
read(6, "uto_group_0 \0\n4\10\3\20'\30\3432\"\4\10\1\20\4(\334\214\22"..., 8191) = 8191
read(6, "\10\2\20\n\30\343F\"\4\10\1\20\7(\363\215\0220\363\215\22B\35\n\tcontext"..., 8191) = 8191
read(6, "B\35\n\tcontext_0\20\0\32\fauto_group_0 \0\n"..., 8191) = 8191
read(6, "\n4\10\1\20E\30\343^\"\4\10\1\20\3(\242\220\0220\242\220\22B\35\n\tconte"..., 8191) = 8191
read(6, "0\271\221\22B\35\n\tcontext_0\20\0\32\fauto_group_"..., 8191) = 8191
read(6, "uto_group_0 \0\n5\10\1\20\36\30\247\241\1\"\4\10\1\20\5(\321\222"..., 8191) = 8191
read(6, "roup_0 \0\n5\10\1\20\7\30\343\200\1\"\4\10\1\20\0(\350\223\0220\350\223\22"..., 8191) = 8191
read(6, "to_group_0 \0\n5\10\1\20u\30\343\210\1\"\4\10\1\20\1(\375\224\22"..., 8191) = 8191
read(6, "\32\fauto_group_0 \0\n5\10\5\20\0\30\343\222\1\"\4\10\1\20\6"..., 8191) = 8191
read(6, "_0\20\0\32\fauto_group_0 \0\n5\10\1\20B\30\343\234\1\"\4"..., 8191) = 8191
read(6, "\221\1\22\10\10\1\20\212\1\30\222\1\22\10\10\1\20\212\1\30\223\1\22\10\10\1\20\212\1\30\224\1"..., 8191) = 8191
read(6, "\3\22\10\10\4\20\341\3\30\343\3\22\10\10\4\20\341\3\30\344\3\22\10\10\2\20\341\3\30\345\3\22"..., 8191) = 8191
read(6, "\22\10\10\2\20\256\6\30\271\6\22\10\10\4\20\256\6\30\272\6\22\10\10\2\20\256\6\30\273\6\22\10"..., 8191) = 8191
read(6, "\10\10\2\20\370\10\30\206\t\22\10\10\4\20\370\10\30\207\t\22\10\10\2\20\370\10\30\210\t\22\10\10"..., 8191) = 8191
read(6, "\10\1\20\273\v\30\275\v\22\10\10\4\20\274\v\30\275\v\22\10\10\4\20\274\v\30\276\v\22\10\10\4"..., 8191) = 8191
read(6, "\10\3\20\3\30\1:\4\10\2\20\2B\0J\30\n\10maxpool1\20\1\30\0  "..., 8191) = 8191
read(6, "_50/block2/unit_1/bottleneck_v1/"..., 8191) = 8191
read(6, "v1/BatchNorm/cond/FusedBatchNorm"..., 8191) = 8191
read(6, "\10\0\20\0\30\1\300\2\0\320\2\0\352\0025resnet_v1_50/bloc"..., 8191) = 8191
read(6, "\30\1:\4\10\7\20\7B\0J\20\n\0\20\0\30\0 \0(\0000\08\0P\0P\0X\1"..., 8191) = 8191
read(6, "\1x\3\200\1\0\220\1\0\232\1\27\10\2\20\0\30\0 \0(\0001-C\34\353\3426\32?8"..., 8191) = 8191
read(6, "\210\1\343X\222\1 \10\0\20\1\30\0 \0010\18\0@\0H\0P\0X\1`\0p\1x"..., 8191) = 8191
read(6, "P\0X\1`\0p\1x\3\200\1\0\220\1\0\232\1\27\10\2\20\0\30\0 \0(\0001-C"..., 8191) = 8191
read(6, "\22\6\10\203\1\20\204\1\22\5\10\204\1\20+\22\6\10\205\1\20\206\1\22\5\10\206\1\20.\22\6"..., 8191) = 8191
read(6, ";\234\356?\241\2\0\0\0\300;\234\356?\251\2\0\0\0 \264\251\242?\262\2\t\n\5con"..., 8191) = 8191
read(6, "\0\0\0\0\351\1\0\0\0\0\0\0\0\0\361\1\0\0\0\0\0\0\0\0\371\1\0\0\0\0\0\0"..., 8191) = 8191
read(6, "\2\201\200\7\331\2\0\0\0\0\356\276\200@\341\2\0\0\0\0\0\0\0\0\350\2\200@\360\2\34\370"..., 8191) = 8191
read(6, "\0\0\0\0\0\0\0\221\2\0\0\0\0\0\0\0\0\231\2\0\0\0\0\0\0\0\0\241\2\0\0\0"..., 8191) = 8191
read(6, "\370\2\0\200\3\0\210\3\0\230\3\0\240\3\0\250\3\0\262\3\37\n\33input_to_"..., 8191) = 8191
read(6, "m_cluster_2_20640_i1\20\0\300\3\1\315\3\240*\375H\325"..., 8191) = 8191
read(6, "\360\2\0\370\2\0\200\3\0\210\3\0\230\3\0\240\3\0\250\3\0\262\3\37\n\33input_"..., 8191) = 8191
read(6, "663_i1\20\10\262\2\37\n\33input_to_cluster_1_"..., 8191) = 8191
read(6, "\0\0\240\334\336\337?\211\2\0\0\0\0\0\0\0\0\221\2\0\0\0\0\0\0\0\0\231\2\0\0\0"..., 8191) = 8191
read(6, "\2\0\0\0\0\0\0\0\0\350\2\0\360\2\1\370\2\0\200\3\0\210\3\0\230\3\0\240\3\0\250\3"..., 8191) = 8191
read(6, "\6conv17\30\1\30\2 \0\22\36\10\t\22\32\10\7B\26\n\6conv17\22"..., 8191) = 8191
read(6, "\227\241\1\30\10 \200 (\0160\200\28\0@\16H\2P\0X\0`\1\n\36\10\227\241\1\20"..., 8191) = 8191
read(6, "1/Switch\352\0023resnet_v1_50/block1/u"..., 8191) = 8191
read(6, "snet_v1_50/block2/unit_3/bottlen"..., 8191) = 8191
read(6, "\0\0\0\0\370\1\0\200\2\0\230\2\343d\242\2\6\10\0\20\0\30\1\252\2\6\10\0\20\0\30\1"..., 8191) = 8191
read(6, "\0\200\2\0\230\2\343\212\1\242\2\6\10\0\20\0\30\1\252\2\6\10\0\20\0\30\1\262\2\6\10\0"..., 8191) = 8191
read(6, "\0@\1\300\1\0\320\1\0\340\1\1\355\1\0\0\0\0\365\1\0\0\200?\370\1\200 \200\2\1\242"..., 8191) = 8191
read(6, "\2\6\10\0\20\0\30\1\252\2\6\10\0\20\0\30\1\262\2\6\10\0\20\0\30\1\300\2\0\320\2\0"..., 8191) = 8191
read(6, "\1\355\1\0\0\0\0\365\1\0\0\200?\370\1\200 \200\2\1\242\2\6\10\0\20\0\30\1\252\2\6"..., 8191) = 8191
read(6, "\20\0\30\1\252\2\6\10\0\20\0\30\1\262\2\6\10\0\20\0\30\1\300\2\0\320\2\0\360\2\1\370"..., 8191) = 8191
read(6, "\33input_to_cluster_2_20586_i1\20\0\272\3"..., 8191) = 8191
read(6, "\2\0\0\0\0\0\0\0\0\350\2\0\360\2\0\370\2\0\200\3\0\210\3\0\230\3\0\240\3\0\250\3"..., 8191) = 8191
read(6, "uster_6_20600_i1\20\0\300\3\1\315\3\0\0\0\0\325\3\0\0\0"..., 8191) = 8191
read(6, "\30\0 \0000\08\200$H\0Q\0\0\0\0\0\0\0\0Y\0\0\0\0\0\0\0\0a\0\0"..., 8191) = 8191
read(6, "?\321\1CE\300\214\21\272\347?\331\1\340S\215\322\202\362\21@\341\1\0\0\0\340\225\332\353?\351"..., 8191) = 8191
read(6, "\335?\371\1\0\0\0\340\225\203\317?\201\2\0\0\0\340c\2\325?\211\2\0\0\0\340c\2u?"..., 8191) = 8191
read(6, "\0\0\300\321\355\357?\262\2\n\n\6conv43\20\2\270\2\0\300\2\0\310\2\246\341\1\331"..., 8191) = 8191
read(6, "\245R\264\270?\271\1\0\0\0\0\0\0\0\0\301\1\0\0\0\0\0\0\0\0\311\1\0\0\0\0\0"..., 8191) = 8191
read(6, "\0\0\0\301\1\0\0\0\0\0\0\0\0\311\1\0\0\0\0\0\0\0\0\321\1\0\0\0\0\0\0\0"..., 8191) = 8191
read(6, "\0Y\0\0\0\0\0\0\0\0a\0\0\0\0\0\0\0\0p\0x\303\241\1\221\1\0\0\0\0\0"..., 8191) = 8191
read(6, "\0\n4\10\4\20\27\30\343\n\"\4\10\1\20\2(\364\212\0220\364\212\22B\35\n\tcont"..., 8191) = 8191
read(6, "\6(\213\214\0220\213\214\22B\35\n\tcontext_0\20\0\32\fauto_g"..., 8191) = 8191
read(6, "xt_0\20\0\32\fauto_group_0 \0\n4\10\4\20\17\30\343<\""..., 8191) = 8191
read(6, "\0\n4\10\1\20\32\30\343L\"\4\10\1\20\7(\272\216\0220\272\216\22B\35\n\tcont"..., 8191) = 8191
read(6, "\321\217\22B\35\n\tcontext_0\20\0\32\fauto_group_0"..., 8191) = 8191
read(6, "oup_0 \0\n4\10\1\20\25\30\343d\"\4\10\1\20\2(\351\220\0220\351\220\22B\35"..., 8191) = 8191
read(6, "\200\222\0220\200\222\22B\35\n\tcontext_0\20\0\32\fauto_gro"..., 8191) = 8191
read(6, "auto_group_0 \0\n4\10\3\20\t\30\343v\"\4\10\1\20\5(\230\223"..., 8191) = 8191
read(6, "text_0\20\0\32\fauto_group_0 \0\n5\10\1\20N\30\267"..., 8191) = 8191
read(6, "\tcontext_0\20\0\32\fauto_group_0 \0\n5\10\3"..., 8191) = 8191
read(6, "\22B\35\n\tcontext_0\20\0\32\fauto_group_0 \0"..., 8191) = 8191
read(6, "0\337\240\228\2B\35\n\tcontext_0\20\0\32\fauto_grou"..., 8191) = 8191
read(6, "\10\1\20\242\2\30\256\2\22\10\10\1\20\242\2\30\257\2\22\10\10\1\20\242\2\30\260\2\22\10\10\1"..., 8191) = 8191
read(6, "\2\20\371\4\30\372\4\22\10\10\1\20\371\4\30\354\4\22\10\10\2\20\373\4\30\374\4\22\10\10\1\20"..., 8191) = 8191
read(6, "\20\302\7\30\306\7\22\10\10\1\20\302\7\30\267\7\22\10\10\2\20\303\7\30\304\7\22\10\10\2\20\304"..., 8191) = 8191
read(6, "\213\n\30\376\t\22\10\10\2\20\214\n\30\215\n\22\10\10\2\20\216\n\30\217\n\22\10\10\2\20\216\n"..., 8191) = 8191
read(6, "\f\30\311\f\22\10\10\2\20\311\f\30\312\f\22\10\10\2\20\312\f\30\313\f\22\10\10\2\20\313\f\30"..., 8191) = 8191
read(6, "is not supported with precision_"..., 8191) = 8191
read(6, " and it is currently: 2:\5conv2j\343"..., 8191) = 8191
read(6, "supported in conv5_dc\32^\10\t\32 \10\3\32\34\10"..., 8191) = 8191
read(6, "it bias is not supported in conv"..., 8191) = 8191
read(6, "conv12\32S\10\t\32\30\10\3\32\24\10\4\32\6\10\1(\f0\0\32\10\10\3\32\4"..., 8191) = 8191
read(6, "%16bit bias is not supported in "..., 8191) = 8191
read(6, "ut buffers should be divisible b"..., 8191) = 8191
read(6, "yer conv25\32Z\10\t\32\34\10\3\32\30\10\4\32\4\10\0100\1\32\16\10\n"..., 8191) = 8191
read(6, "tion is not supported in conv30\32"..., 8191) = 8191
read(6, " supported in HW, set at node co"..., 8191) = 8191
read(6, "\1(\0040\0\32\6\10\1(\0020\0\32\10\10\3\32\4\10\0100\1\";16x4 is"..., 8191) = 8191
read(6, "ode A16_W16 is not supported in "..., 8191) = 8191
read(6, "y: 2\32d\10\t\32\22\10\3\32\16\10\f\32\4\10\0100\1\32\4\10\0100\1\"Lco"..., 8191) = 8191
read(6, "\32\24\10\4\32\6\10\1(\t0\1\32\10\10\3\32\4\10\0100\1\"&No conte"..., 8191) = 8191
read(6, "supported in conv50\32S\10\t\32\30\10\3\32\24\10\4\32"..., 8191) = 8191
read(6, "e divisible by 1 and it is curre"..., 8191) = 8191
read(6, "Z\10\t\32\34\10\3\32\30\10\4\32\4\10\0100\1\32\16\10\n\32\4\10\0100\1\32\4\10\0100"..., 8191) = 8191
read(6, "ut triggers exeeds maximal for l"..., 8191) = 8191
read(6, "\10\n\32\4\10\0100\0\32\4\10\0100\1\"MNumber of input "..., 8191) = 8191
read(6, "\10\t\32\34\10\3\32\30\10\4\32\4\10\0100\1\32\16\10\n\32\4\10\0100\1\32\4\10\0100\1"..., 8191) = 8191
read(6, "luster_0_20594_i1:\33input_to_clus"..., 8191) = 8191
read(6, "\4\32\315\7\10\4\32\350\6\10\4\32\350\5\10\4\32\332\4\10\4\32\350\3\10\4\32\366\2\10\4\32"..., 8191) = 8191
read(6, "from_cluster_6_20603_i1\32U\10\t\32\30\10\3\32"..., 8191) = 8191
read(6, "ster_4_20607_i1\32[\10\t\32\30\10\3\32\24\10\4\32\6\10\1("..., 8191) = 8191
read(6, "er_4_20611_i1\32g\10\t\32\30\10\3\32\24\10\4\32\6\10\1(\0040"..., 8191) = 8191
read(6, "from_cluster_5_20615_i1\32k\10\t\32\30\10\3\32"..., 8191) = 8191
read(6, "ted in output_from_cluster_1_206"..., 8191) = 8191
read(6, " is not supported in output_from"..., 8191) = 8191
read(6, "upported with precision_mode A16"..., 8191) = 8191
read(6, "\32\10\10\3\32\4\10\0100\0\"P16x4 is not supporte"..., 8191) = 8191
read(6, "\t\32\34\10\3\32\30\10\4\32\n\10\3\32\6\10\1(\0030\0\32\10\10\3\32\4\10\0100\1\""..., 8191) = 8191
read(6, "\n\10\3\32\6\10\1(\0070\0\"V16bit bias decompis"..., 8191) = 8191
read(6, "3_i1\32R\10\t\32\30\10\3\32\24\10\4\32\6\10\1(\0100\0\32\10\10\3\32\4\10\10"..., 8191) = 8191
read(6, "\0100\1\32\16\10\n\32\4\10\0100\1\32\4\10\0100\1\32\10\10\3\32\4\10\0100\0\"8D"..., 8191) = 8191
read(6, "\32 \10\4\32\6\10\1(\n0\0\32\24\10\3\32\20\10\v\32\4\10\0100\1\32\6\10\1(\v"..., 8191) = 8191
read(6, "1\32q\10\t\32 \10\3\32\34\10\4\32\16\10\n\32\4\10\0100\1\32\4\10\0100\1\32\10\10"..., 8191) = 8191
read(6, "to_cluster_0_20659_i1\32o\10\t\32\34\10\3\32\30\10"..., 8191) = 8191
read(6, "l for layer input_to_cluster_1_2"..., 8191) = 8191
read(6, "\4\10\0100\1\"APadding scheme is not sup"..., 8191) = 8191
read(6, "416x4 is not supported in input_"..., 8191) = 8191
read(6, " is not supported in input_to_cl"..., 8191) = 8191
read(6, "A16_W16 is not supported in inpu"..., 8191) = 8191
read(6, "in input_to_cluster_4_20684_i1\32h"..., 8191) = 8191
read(6, "\217\222\26\22\10\10\241\233\26\20\311\234\26\22\10\10\333\245\26\20\203\247\26\22\10\10\225\260\26\20\275\261"..., 8191) = 8191
read(6, "\22\10\10\351\375!\20\273\377!\22\10\10\243\210\"\20\365\211\"\22\10\10\335\222\"\20\257\224\"\22\10"..., 8191) = 8191
read(6, "\347\313-\20\216\315-\22\10\10\241\326-\20\310\327-\22\10\10\333\340-\20\202\342-\22\10\10\225\353"..., 8191) = 8191
read(6, "\317\5\20\252\344\5\22\10\10\264\344\5\20\236\371\5\22\10\10\250\371\5\20\222\216\6\22\10\10\234\216\6"..., 8191) = 8191
read(6, "\16\22\10\10\314\215\16\20\213\221\16\22\10\10\206\230\16\20\305\233\16\22\10\10\300\242\16\20\377\245\16\22"..., 8191) = 8191
read(6, "4\20\371\3274\22\10\10\203\3304\20\355\3544\22\10\10\367\3544\20\341\2015\22\10\10\353\2015\20"..., 8191) = 8191
read(6, "\254)\22\10\10\310\254)\20\244\326)\22\10\10\260\326)\20\214\200*\22\10\10\230\200*\20\364\251*"..., 8191) = 8191
read(6, "\315\37\20\256\367\37\22\10\10\270\367\37\20\373\240 \22\10\10\205\241 \20\310\312 \22\10\10\322\312 "..., 8191) = 8191
read(6, "\22\10\10\257\226\21\20\356\265\21\22\10\10\227\300\21\20\326\337\21\22\10\10\377\351\21\20\276\211\22\22\10"..., 8191) = 8191
read(6, "\10\241\264\v\20\315\321\v\22\10\10\211\336\v\20\265\373\v\22\10\10\361\207\f\20\235\245\f\22\10\10\331"..., 8191) = 8191
read(6, "6\22\10\10\211\2376\20\223\2556\22\10\10\326\3106\20\340\3266\22\10\10\243\3626\20\255\2007\22"..., 8191) = 8191
read(6, "\20\270\224\30\22\10\10\242\262\30\20\322\347\30\22\10\10\274\205\31\20\354\272\31\22\10\10\326\330\31\20\206"..., 8191) = 8191
read(6, "\20\357\2132\22\10\10\260\3272\20\257\3372\22\10\10\360\2523\20\357\2623\22\10\10\260\3763\20\257"..., 8191) = 8191
read(6, "\27\20\357\235\30\22\10\10\200\317\30\20\217\305\31\22\10\10\240\366\31\20\257\354\32\22\10\10\300\235\33\20"..., 8191) = 8191
read(6, "\22\10\10\247\3540\20\330\2212\22\10\10\247\2232\20\330\2703\22\10\10\247\2723\20\330\3374\22\10"..., 8191) = 8191
read(6, "al_output_from_cluster_5_20648_i"..., 8191) = 7995
read(6, "", 8191)                       = 0
lseek(6, 32, SEEK_SET)                  = 32
lseek(6, 0, SEEK_CUR)                   = 32
lseek(6, 0, SEEK_END)                   = 17782465
lseek(6, 0, SEEK_CUR)                   = 17782465
lseek(6, 32, SEEK_SET)                  = 32
read(6, "\n\23\10\1\20\332\377\370\277\2660\32\0063.20.0 \3\22\367\261\373\7\n*\n\fre"..., 8192) = 8192
read(6, "\0104\21\21P\347B\235\213::\352\350\300P\300P`a\202\205\t[\nl)11\260q\260q"..., 8192) = 8192
read(6, ":\260\351\10\305\201P\34PUPU\240\303\1:\34\220\243C\216>7\307\371\234\37\21\21\21\341\361"..., 8192) = 8192
read(6, "y^\263\200C\366{\343\16\204p@\10\7\322q \35\207l\371\4\4\34\4\34\260\241\303\206nJ"..., 8192) = 8192
read(6, "\0PD\340OD\340OD\340OD\340OD\340OD\340OD\340OD@QD\340OD\340O"..., 8192) = 8192
read(6, "DDD\260\34\313EDDDDDDDDDDD\360\17\377`\314`\314\240D\240DDDD"..., 8192) = 8192
read(6, "q^DDDDDDDDDDD\4f\rf\r\232\35\232\35X\5XEDDDDDD"..., 8192) = 8192
read(6, "\225\5W\26s1\27\256\4\256\4\220\f\220LDDDDDDDDD\4\316\260\340\f\v\214\361"..., 8192) = 8192
read(6, "\321\24.-.mDDDDD\4\212\10(\"\370\202/ V V \307!\307\1\227\7\\\36"..., 8192) = 8192
read(6, "\20\360\20\360\340\234\200s\202\30b\300\206\5\33\26x\5xEDDDDDDD\4\226\351X\246"..., 8192) = 8192
brk(0x5555a7a78000)                     = 0x5555a7a78000
read(6, "\1\213\27\21\301$0\tP\23P\23l\301\26\260\342\302\212\v_l\360\305\26\21\20130\20130"..., 8192) = 8192
read(6, "#@\214\0\33\v\33\213\24<H\301\23\21\201j\215j\35\21\1E\1E\1L\5L\5u\3u"..., 8192) = 8192
read(6, "-\213V\205VE$\20\t\\\301\25\21\21\2701\2701\340\342\202\213\v>\v>\v\22\3\22\203>"..., 8192) = 8192
read(6, "\4\336\34\336\2343\316@MBMFD\300I\300I\340\314\341\314EDDDDDDD\340\316\340"..., 8192) = 8192
read(6, "\223\200NBD\4\6\r\6\rh\fhLDDDDDDD\48\358]DDD\4~\34"..., 8192) = 8192
read(6, "hq\302\350\23\21\21\21\21\21A{\264\27\21!\2059\247\234\2\22\t\22\td\rd\35\21\21\21"..., 8192) = 8192
read(6, "\21\21\21\21\21\21\21\21\21\21\21\21\21\1,\6\260\30\0005\0005\21\21\21\21\21\21\21\21\21\21"..., 8192) = 8192
read(6, "\21\21\21\21\21\21\21\21\21\21\21\21\370\262\370\262\21\21\21\21\21\21\21\21\21\21\21\21\21\21\21\21"..., 8192) = 8192
read(6, "\21\201?\21\201?\21\201?\21\201?\21\201?\21\201?\21\201?\21\201?\21\201?\21\201?\21\201"..., 8192) = 8192
read(6, "\0037\23\21\21\21\21\21\21\21\21\21\21\21\21\21\21\21\21\21\21\21\21\21\201f\36\232y\21\21\350"..., 8192) = 8192
read(6, "\21\21\270\345\340\226\23\21\21\21\21\21\21\21\21\21\21\21\21\21\21\21\261\346\232\30bb\210\31\21\1"..., 8192) = 8192
read(6, "\23\21\201n\n\272)H6H6\21\21\21\21\240A\v\32\264\21\21\21\21\21\21\21\21\230\246c\232"..., 8192) = 8192
read(6, "\21\21\250\344\241\222\27\21\201(\207(\27\21\21\21\1#\17#\217N\207N\27\21\2010\2\302\10\20"..., 8192) = 8192
read(6, "6\2056\25\21\21\21\201E\16\269\10\23\10\23\21\21X\242b\211\n]\v]\213\37&~\230\21"..., 8192) = 8192
read(6, "\270\f\"\r\"\r\316\34\316\34\200\241\232\201m\21\21\21\21\32\303\333\21\21\354\303>(w(w\220"..., 8192) = 8192
read(6, "G\3G\203n\3421ED\220\261\261PEDp\27w\361\24O\341\226\213[.\312\4\312\4\314Q"..., 8192) = 8192
read(6, "1ED\260`\33\355ED\360\16\357`\307a\307\241\324\241\324\301\323\302\323\342\6\220\271\204\21\21\""..., 8192) = 8192
brk(0x5555a7a9c000)                     = 0x5555a7a9c000
read(6, "\310\260\310\2608\247\305\203\203\316\342\323\2\233jDD\370\212\257\340\334\340\334\320-\335\302K\303K\267"..., 8192) = 8192
read(6, "\26\340\26x\322x\322\300$\0\223@\314\346\221DD<\2279\355p?\231Ef\221$I\2\315\0"..., 8192) = 8192
read(6, "3\3203\n\27\310\21DDDD\240\311\240\311\240I\240I\300H\300H\240F\240FDDDDD"..., 8192) = 8192
read(6, "t\230\241\30\21\21\224Gy\270\20\270\20P7P7\320#@\217\20\21\21\21\21\21q\34\30\"\200"..., 8192) = 8192
read(6, "\224$\n\t($ \211\201\24^D\4-\272A\31d`\205\7t \206\22\205\22\205#\6\216\30"..., 8192) = 8192
read(6, "\320\f\315\240\326\241\326-\227iGDDD\24\207!ED\200\324\201\324\361\6o\200Q\200Q\0C"..., 8192) = 8192
read(6, "\201\34&\217\36\21\21\21a|fD\4`\4`\204\34r K K@M@MDDDDD"..., 8192) = 8192
read(6, "\251\32w\37;\316(\302\22\340\10^\321c\311b\311\2\35\3129\264\334\22\267\244~\30N\364~\214"..., 8192) = 8192
read(6, "\355)Fo\357\233\347Tn+\275\32-\3344\3344 \25 U\214\350\2441\261\327\323\322\26.\4"..., 8192) = 8192
read(6, "\220\265\220\265/\315A\227\346r\370\267J(\316\205\203\f\327\377\211\v\307\220\4\3132\330p\\\2\210"..., 8192) = 8192
read(6, "@\307\350b[\245[\257\274\222\342L\10\273)).\315\235\341\0062\334\254\fk(q\232\10j\f"..., 8192) = 8192
read(6, "0\321XV\347u[\354\245E|E]\251a\10\341\254q\2751\212q!L\n99e\2504\360"..., 8192) = 8192
read(6, "&\362Z\"\21\5\v\332 \0350P\331\35\302~\30s\321Q\227\312\270(\206jl\304\344T\350\306"..., 8192) = 8192
read(6, "t\316H!Hu\25\363\312\"\35\314a\233\260f\301\34\201J\3024|\326\346\334j\312\32\333E\322"..., 8192) = 8192
read(6, "\210\216\22\372'\322\r\312\1\5\r\242\25\320\21\177\254\301c\271\tu\ff\234f0,J\240\230H"..., 8192) = 8192
read(6, "\250\252\304\262!\225\260\27R_\10\239\32\2277h\201r\276\214k\202\301`*\364y\339\202j"..., 8192) = 8192
read(6, "c\234\0223\2675\331\302\n9\316h73\242\226<r\n\24\333\2\211036\2537W\376\376^"..., 8192) = 8192
read(6, "fe\216/\0205w\351\30G<\"}\272mTm5\221\352\10\247\231,\306k<k\350K\253\352"..., 8192) = 8192
brk(0x5555a7ac0000)                     = 0x5555a7ac0000
read(6, "_M\"\341\334kq\325)\22\217P3\375J\231\37\202\247g\231\21\226\351Xj\243\v,0\0\7"..., 8192) = 8192
read(6, "\354\212\311\241Q\314\205\271\253LL\334\337\267\233\320\306\345\214\220\270\206s\16\317l\324L\27I\32)"..., 8192) = 8192
read(6, "U\275Sw\255*\302\325HN\37\203H\246;\277\354\216\315\264,\16M{/\30\351L\304\10#\305"..., 8192) = 8192
read(6, "\202\234\267[b\276\307\363-mh\372J\16\221G\243\220\257C\260D\307\345=\t\320mWU0\251"..., 8192) = 8192
read(6, "\207p\353\221\224\273$\2264\233\236\325\216&\374\272\212\242\t!\30\277\256\324'\f\215\"\332\206\364S"..., 8192) = 8192
read(6, "\316\t\202\364\302\255%8a\30*\213\220\222 \260p\10\232\372\256D\310\243\30\255w\347t\305\216\365"..., 8192) = 8192
read(6, "\270u\302\276\265\226\262\336Z\232J\245h/\20\270n\n7u\212\363Q\236q\351\226?\216Q\212\346"..., 8192) = 8192
read(6, "L\306\10\246\230\212\20\377\227\302i\320\240\252\354:]\265\245\24\275\242\330\23!\251\232{\253dL\234"..., 8192) = 8192
read(6, "\222\30\212\361\347\230\222\313\345\321\264-y2[J\340P\321\177\272U\2IW\361|DY\340\306k"..., 8192) = 8192
read(6, "q\\ \7t?L4\2501\312n:\336]\304\345(\232V\212f*I\314\204k,\252?L&"..., 8192) = 8192
read(6, "\\u\364Y\310\326\f\322\251q\226\3617\341\327\236\352\304\21\316H\3227\5n(>\306\321SM\211"..., 8192) = 8192
read(6, "\304\361@\235/\265CC\f\v\310 8\264\226\21\273j\315\354\215\223\n\223\6u\306\325E\217q3"..., 8192) = 8192
read(6, "\23037\4\302\216%\\H\34!Lx\32\201U\222\244n\210\36EF\253\355\317Luu\316\210\n"..., 8192) = 8192
read(6, "\252f\210\352\266+\266\3008$\266\206s\321j:\273%MX\t\v\316\275t'\305\373\17l\241\326"..., 8192) = 8192
read(6, "\341\331\362\265\264\16#\33\227B\322\204(\321m\260u\30!meW5\314\1\3\207h\261X-R"..., 8192) = 8192
read(6, "V\326\254\241\23\220\2642Jz'\t\307\23\356Dd)^\30\6A\325D\3169#\357\333 7\207"..., 8192) = 8192
read(6, "\227\340\305+\276b\371\312~MY\267\301%\226\4r\222\36U=\27UQ\33Ru\321\207p\206&"..., 8192) = 8192
read(6, "\215#\225e\343\234\351:*\273H\242#T\204\241\250\2\261\27FDto\200D\351\202i\350A\301"..., 8192) = 8192
read(6, "j\255RVIilK\316VW\217\31y34\245\200\\\373\24\"\21\322-QE\236\321\272;\316"..., 8192) = 8192
brk(0x5555a7ae4000)                     = 0x5555a7ae4000
read(6, "a\214<N\265Re\205F\302\350\321\274 \225\260\276\346QqL\352\242\332g\10\261UwQ\26\333"..., 8192) = 8192
read(6, "\fF*\234\326?\324\255\330\347KQF^\n\272%\tT\335\352}\7\25.\220\323\26\203\341y\233"..., 8192) = 8192
read(6, "\356\305L\nZ\365\\\207\350\316l\23\215\322\363,\36\2525\v\261t\253z\31+x_\263w\16\255"..., 8192) = 8192
read(6, "\234\310\321Q\206\344\211\20\241y\303)\263\315\327\364\212\337\307\376H\7\r\1k:x0\371\270\206q"..., 8192) = 8192
read(6, "\242\276\2763#)\236\241\317\33N\317YYZ\33}\33J\205\347\324d\275vF\35V\270\246\341<"..., 8192) = 8192
read(6, "RyE\245\367g\243\234F\247\252,V\36\307\315OfOX\3657\301\222\340`\10\325\367kTN"..., 8192) = 8192
read(6, "\10F\346U\205\"P\31B8\326\211\205\v\342\273\355\2244\25\3168\237\252\345\254`\31~8\300\340"..., 8192) = 8192
read(6, "\356\226\361n\212\310\260\321\212\362\37$s\232\346\2060\2261\325\316z8\307C\302AC\223$\300\220"..., 8192) = 8192
read(6, "\"IG\306\335\314;;AQ\253\317\334\316\204\21cWf\324X\37\267\27\265+\214\362\325\242[7"..., 8192) = 8192
read(6, "\222U\27\247\324D\374\255x\26\321D0\2441\331\206\240G\315lT\306\2542u\"\313\24,\20\20"..., 8192) = 8192
read(6, "\343\306\214R\302\225\10sC\250\360\30#0\2210\350.\213&\254\322-\10\23\2\211#\244\361\220!"..., 8192) = 8192
read(6, "6$+\32\243\250!\2267\2764\326\324\214,z\346\372\26-\211\5u\234-\232\250&MN\2368"..., 8192) = 8192
read(6, "X5\306|z\357,O\327\375\245k\255\216U?\333Q\353\245\267\177\212\0267\225aL_\361\320\33"..., 8192) = 8192
read(6, "\1\22\215s\16\314\321\210\235b\234\22\241\211!TtH\333\300\200r~\nN\237\22n|\214d("..., 8192) = 8192
read(6, "^*\222\346\306g\0361\r\25\225\356(\326\260!\205\210\r\232J\343\255\310P\273_\237\327\347\f\212"..., 8192) = 8192
read(6, "S\341\30\206\307$\230\202g4\235\303\3\35\0307?\357A\35\322\261 \3\257\212-[z|sZ"..., 8192) = 8192
read(6, "\337S\312\314\204\220\267QV\\\307\254X\204c\21\211\226xwz\2\303x\361)\2460\3439\304\313"..., 8192) = 8192
brk(0x5555a7b08000)                     = 0x5555a7b08000
read(6, "\35\375\276il\253R\337z<\24\216C\323F\322$\33\205\264\367a-G\v\326\t\326\0101F\t"..., 8192) = 8192
read(6, "Ln\316\251\31\25F\360\252\274\4\226_\241\340\24\202\330\27\261D\236\345\31\24a\360t\n\267\206\302"..., 8192) = 8192
read(6, "on\3078\306:\346J]$\21\223\0277\2375W1s#\331\332\376\335\216\311pV\21\230\327\2"..., 8192) = 8192
read(6, "\263B\3\5;\313\177W\325g|M|T\244\261G\202\f\30'\323\10\265\313`\322\202\205.\201\34"..., 8192) = 8192
read(6, "\325\334\325\260XlWq;\31\37=\223\2162JT\216W\346y$C\340\274\346\17\211\232,\305$"..., 8192) = 8192
read(6, "\346PQR \335q\344\214\221$\27\25\225\367\27\323gEI\321g\t\27\37\362\2208\310\6\22\352"..., 8192) = 8192
read(6, "[1\273\353\5\27fTIJ\0314\2\322x\375J\233}\31\322\307\234Q\247\364\343\2a\230$!"..., 8192) = 8192
read(6, "#\35\246A\303\234&\210\367\246\240\236(\314J\236\260^\235\20\222R\31auT\232\27\2653\367\24"..., 8192) = 8192
read(6, "\216d\10%ib\356\325\366\377\272Ch\t9\315\22Z\32\306\10\227\\b\335\215\221;t QJ"..., 8192) = 8192
read(6, "\363\202p\321\261\216Dkb\34'\320\275C\362\232v\1g\240Q\242'Z\343LMHU\361\374P"..., 8192) = 8192
read(6, "J6\355+\334=!\320\302\\\303\3268\35\336\357X\306\344z,<b\t\317\323D\224\304\n\1W"..., 8192) = 8192
read(6, "E\314\355\374Le?!q\4\320\3318GD8O\240\330\5]\325B\344\336\217\325a\214\365\210\306"..., 8192) = 8192
read(6, "T\357X\n\373\256Un+\222{\327_w\22\312\251\354\256\311\265\302\270FUVV\305\3723\37%"..., 8192) = 8192
read(6, "XJq)B\234siL\30sS\306\225_\264\22\0072\260a\3\314\311\27\231\372\204\1\16V\304"..., 8192) = 8192
read(6, "\266*\352P\247\266!\32\23Wl\232\262\241\325:aL\206r!9\3213gr\263<\v\263\5r"..., 8192) = 8192
read(6, "\256\232GT\271\245|\7\3158\275^]\306\355I\26,x\364op\265@,!\3.\240\304\3449"..., 8192) = 8192
read(6, "'yg\305I$\212~\202\344\274Y\315\276\247[\tu\362Wm\351\"\227cp\234\226\312!\3\1"..., 8192) = 8192
read(6, "O\314\310$\347\325+\31S\355\304\364\245\251N[\321\35wBQ8\260\300\224\246\205\26\304\26P\10"..., 8192) = 8192
read(6, "\355\261\324_MT\4\0370\204t\273\236a\305\342\234\352\360\272\267\f]\4c\0315a\256\305BB"..., 8192) = 8192
brk(0x5555a7b30000)                     = 0x5555a7b30000
read(6, "\260\260\\\304\324_HA\vr\252B\350\t\36\3232\365k\265\353\265\347)\316\334V\210)\361\260o"..., 8192) = 8192
read(6, "2\266\241(\245\310H\27\256CE\364\36\203\20No\265\267bhBk;\7\21T\260`\231T\367"..., 8192) = 8192
read(6, "\31\240\241\315\10\2J\300\34,@V\231Y\2021;=]\312\367\2254\217\26>\317\23-\306\31\354"..., 8192) = 8192
read(6, "n\321\244\240i<\343\237\242\225\362\351iD\216?\272\27\266\333\264\232\253\231\34(\247\324\211e\317X"..., 8192) = 8192
read(6, "\306\na\237t\300`\21387y\16\266\1F\321\236\264\306U\315J,\33\2\217\341\254\245\4\2065"..., 8192) = 8192
read(6, "\3508\347\225\332Dc\24\v\1\313\5\361\235\345{5\321q\341\\\10\216DKg\352\332\223\230\202>"..., 8192) = 8192
read(6, "}\251\234&\200\t\245\313\247\272\16\305\30\24\5\r\340\300K\30\216i\216\20f\2041S\21\236\nd"..., 8192) = 8192
read(6, "\230$8G\2\24]jW\215\346L\t\315tmD\214\243\270E\212\f4\244\\$\vn \367\306"..., 8192) = 8192
read(6, "\316\302\306\313\223\330`\227\263\2065}4$\276\237\336s\266\233#\256p\236\346p\274!\230\202@\344"..., 8192) = 8192
read(6, "\343\207onv\225\221\346D\t\237\367P\201\21\34\20\21%\32\222\261\222\230u\245\367\224B\322\353R"..., 8192) = 8192
read(6, "\221\225\212\2234\225F\255z\24\343\375\270\33%IZFw\365\10\242\253\vD5\232\264D8\347\364"..., 8192) = 8192
read(6, "4\r\23\210\245]'\346FI\202dd\345\250>\33\3161C\32\314\3300\206-\350\6<RLh"..., 8192) = 8192
read(6, "\21\21\21A&GDDDD\204'GDDDDD\4T\4xD\320\301SDD\214\34\1>"..., 8192) = 8192
read(6, "@\24\21\21\21\21\21\21\21\21\21\21\21\21\21\21\21\21\21\21\21\21\21\21\21\21\21\21\21\21\21\21"..., 8192) = 8192
read(6, "D@\10\21\204\20EDDD\240\320\241\320Q\330\216\36\21\361\325\354^\253\3129\343A\332B\332\222"..., 8192) = 8192
read(6, "A~\344\27\21\1\16\5\16\25\21\21\21\201?\22\376H\246\200\v4\21\21 \247\247\302\240]\374\237"..., 8192) = 8192
read(6, "\252\t\21\21\346\232\33\21A\325T\35\21\21\21\1@\26\0Y$$\256\20\21A\303I\340\304\260!"..., 8192) = 8192
read(6, "\22RD\304GMD\4z\24zTDDD\4\270\25\270\25\v\201\177\21\21\364\242\250\241\234\325&"..., 8192) = 8192
read(6, "\217_\21\21$\350\306n\0\303i\250\326\262&\310\226\221wC\34\21\361y\311\243ynDDD\4"..., 8192) = 8192
read(6, "s\346\n\204\4\vn2\255\340\214\22668\0\3\257E\305\341\245$\31\21\21\21\21\21\21e\225\5"..., 8192) = 8192
brk(0x5555a7b54000)                     = 0x5555a7b54000
read(6, "DDD\204/\371RD\204;\356,Q\20\213.t\331\31*\255Q\242\337\"\v\0252\214\340*\2"..., 8192) = 8192
read(6, "\3\r\27\27\264GH\354\205\271u=\6\264\211\342\305\271\343k\336I\27\21\21\323\306DD@\7!"..., 8192) = 8192
read(6, "\34\37;\33\252\230f\377\370\364>\275\261\311\261\266\344!\223\202L\212Xbq\33<\17%\t%\211"..., 8192) = 8192
read(6, "\2606\2606\310\300\204\fLXRXRH\224H\224\246\344H%\244\350\21\320\357W\256\221b\345\276"..., 8192) = 8192
read(6, "\253J\243\265\6\v\320``W\321S\264Se\311\343\205\316\322wy\202\21\342,\320\25K\261\20\260"..., 8192) = 8192
read(6, "D<\364\22\21c\231v*\211/>\276\370-(\0036\0076\7*\v*\v/\5/\5Y\1Y"..., 8192) = 8192
read(6, "\250\242\353MJ\20\21\352\336\35\314I:\247e\374f\336\203T\200Tp\26g!\335\320@\35\333g"..., 8192) = 8192
read(6, "\260Pl\274\260 \n\372\253\246\311\246x\247\267 \216`^\24P\220\10Rn\227\317E5W\23\244"..., 8192) = 8192
read(6, "$\345\342\202\347_Z,\241\235v\177D!\n\216\222\327$T\\\303\226\222ZR1\264\5\21H\7"..., 8192) = 8192
read(6, "r\246\243\220\250\277\34\226b\265\221Y\vs\264Ll\371)1!\233 B\303k\313\340?\25Jl"..., 8192) = 8192
read(6, "\315\230-\10eY\222R\4\347{\206\366\243\314(\212g\374\324\315\315_k\235\0365ID\304\31\212"..., 8192) = 8192
read(6, "x\343\10\226\242A\204\241\0]j\31dgX\361\212\27F\304\32$DYc9\32\217\342*\265\367"..., 8192) = 8192
read(6, "u\306\344[C\301\2469\236\266i\32\212E%\206\24\237\265\272\17sl^\214 \31e\230\321\325\25"..., 8192) = 8192
read(6, "\212Zu\226\20\317\266n\216%\372(w\347\352\326\364\270\216E\323\31!j\341\177\363h\36\212\221\0"..., 8192) = 8192
read(6, "\30\322\304\320\24\264Y\341\204\240\305\7\316=\316\251\326\3304\33qa\30Q\216'\265r\232\341\310\332"..., 8192) = 8192
read(6, "\255\264\301N\33c\235V)\30\222g(\34\34\224\375q\216\346\t\2523\236\342\31F\372!e\315\303"..., 8192) = 8192
read(6, "\303\217\20\225\21\322\357n\226\33\363\25\265a\10\36\324iOH\300\203kJ\262J\6\313\316Y\206\225"..., 8192) = 8192
brk(0x5555a7b78000)                     = 0x5555a7b78000
read(6, "\1n}\202W\376f\224a\222\224U\6Nx\274\204\345\274\303\304\251\362\214\245-\317NJ\255\256\216"..., 8192) = 8192
read(6, "\202\17n\22,h\n\33\27\35h\201\203d|\214\211li\224%9\267'\335\206\321k\20\215S\342"..., 8192) = 8192
read(6, "Z\326\30DLW\247\\\nI2\t\23!\245\262\216+\231f\22a\3\241\340~\273L\245\234W\16"..., 8192) = 8192
read(6, "\24\23ATc\255q\226n\2304Y\2613\235\206\245\4\211\340\334y\22\375\214\265\212t\6\322\371$"..., 8192) = 8192
read(6, "(Y\351\ne\336J\336S)I\337\26\311\223\374k/7\207\267\274\226\241\321\20\231B8l\357\262"..., 8192) = 8192
read(6, "\232\223\353M\272\224\271qJ\317\274\257\10\2\201\6r4]\32\223\231=T\24\256WQJd\307\352"..., 8192) = 8192
read(6, "\2542\311\21\221\335\31*\307\260\210\236\24733@\204\2448=Ibn\235\365\255i\3410\230\24\362"..., 8192) = 8192
read(6, "<iDt\201\334t\212R!\0060\204\254\252\21\345z%\10j\351FJ\34DIb\3460\205\33"..., 8192) = 8192
read(6, "\\:\5\233(\316\363\204\243*\226\2428MSW\272\243\232\243\177([4,1\272\344pHm]"..., 8192) = 8192
read(6, "\343x*\261*\363\230\343\227\26iH\346sY\347W)\27\202\340h\256b\221\264\361q\6my\367"..., 8192) = 8192
read(6, "\333[Vx!\345\324\317D\32<(A\363\f\34\341\250\375\16\203\356Q\2440\34gn2,\314\205"..., 8192) = 8192
read(6, "\212\272\225\212\316\240\371\"I\312u\263\352d\234*\202\234\311Q/\t\252\246\252\263+ly\212F\312"..., 8192) = 8192
read(6, "\2667(\347\232<\222\206\v\277\306\205\\\232a|\206 J\342\242Y\272\340d\266y\261I\310 \243"..., 8192) = 8192
read(6, "m\317\354^\17\23-\203N1\342\206\232&Nh\221J\\:g\355~\\D\351\34\300F\2\f\4"..., 8192) = 8192
read(6, "y\336;@\227<\235\353\r\3249\312\33\16\315{k\306\316\357z\213\v\336\201C\33H\267-p\225"..., 8192) = 8192
read(6, "\264\22\255\373}\313c\231\257x\306{,!\316\310\332\232\342\354\234q4<\311\21\206\252\226\344!]"..., 8192) = 8192
read(6, "\255\24\313\274\240\320z\36\17\215\303n\322\346\226\364Jl\3549\34\";\2410\37\34\6\7\306\341\2"..., 8192) = 8192
brk(0x5555a7b9c000)                     = 0x5555a7b9c000
read(6, "hB\333kiW\23\273N\354\304m|PH\216G\341\244Z\246R\312\177Q\10L\316\324L\\\214"..., 8192) = 8192
read(6, "M\\\347\335\325\3748\247\330\314\357\330\272\277.,\0\3\37\323\10n\266f\r\7\325\234\345\3608a"..., 8192) = 8192
read(6, "\206\271\216fg9\311\257#\203\204tP'YC\3248g#\3Q\30\257\241\30\35\v\242];g"..., 8192) = 8192
read(6, "\0214\310a\315\f\3249\371\241\r\255\244\f\324\345\365i~\207\365\206LAR/v\329U\226S"..., 8192) = 8192
read(6, "\257{\242\276\4FG\317\22308c\315\215\323\345\214\246\256\253T;$#\24\307\205\22\1` \247"..., 8192) = 8192
read(6, "\353\265%\214\377\35\255XD\202a\244%\214\371R\253\322\304}\304\215\36,\24{\3532Z\372\347I"..., 8192) = 8192
read(6, "\32\303\t/kE\313C\344\3657\312\235\244\3149D\322)\245\30\21\345\373:\316\311;\24\3463\t"..., 8192) = 8192
read(6, "R\211\353E8\21\315P\342\355\264f\261<\211\303\241(\322\364\236\225\302P]\v\34!\361\367\231\222"..., 8192) = 8192
read(6, "#^\214u\316U\24?+\216qd\263A\204\317\203?i\376V\22\372\24E\262?!\322\300\232s"..., 8192) = 8192
read(6, "\365\10\331+pX\250\326o\214\7sl\340\240u\314\10\222\233\355t\tu\31\343\v\245(,\262Z"..., 8192) = 8192
read(6, "\201\6\r\234\374\334\367\203\r>\3119k*\24\351\331\35j#\335\357\273IT\202\"h\242/\346\257"..., 8192) = 8192
read(6, "\341\274\322\216\1t\375\221{1br<\306\261\207\20! \2328U?7\356(,F:\261!\210"..., 8192) = 8192
read(6, "\r\253\340\267O\341\20\2140E\201\f\4K\304\3039\264\342e\273'A\335\233\34\311\245\356-\223\230"..., 8192) = 8192
read(6, "H\32\217\263\305\303G\261\30\347&\321\300\0024`\205FCxc\232b\371\315>\215\r\304\302\t+"..., 8192) = 8192
read(6, "\204\26A\275\303C\242\1\230q\25\3t:l<\320\375\327y\3121R\205\268'L\246\351\254{"..., 8192) = 8192
read(6, "\302\203\232\25D\212!6I\t\275\231\202\317qL+Q\251c\304\23\21\22\324N\257a\30\315\241R"..., 8192) = 8192
read(6, "\254\3663\36\324\21!]\323f\271\245\205\240X\fa$\203\247\24\217r\255:\332\24\3233G\205\200"..., 8192) = 8192
read(6, "u\302yF\31\302\347;Xaa\203\264/D\353V\317R\320\251\223\311\25\236\336;\312E)\21F"..., 8192) = 8192
read(6, "Ji\346?'\313r\254\243*u\336\0323\36\310e\357I'\315\32\207\30r(\216Sg\30\265H"..., 8192) = 8192
read(6, "$@'\242[\t\35b\266\227\362Kb\243\304\265\361fS\262\263\21\233\21\246c\357u^\354\245\256"..., 8192) = 8192
brk(0x5555a7bc4000)                     = 0x5555a7bc4000
read(6, "\263\2711\321\312?\307\234 \266\224\256SS\271NN\216\304\344\345\264B\242\216\25\22\241\271J\25g"..., 8192) = 8192
read(6, "\251\23\231J\5\217E\243\"\203[\326\332zu\314\315@\333\300\232d\30\363\21\362\"[\32,!\225"..., 8192) = 8192
read(6, "\261/)\36\305\252\21\233\16Y\30\347sr\"\30\t\221\321]\275\6\311q\234\350\362\224\341\237D\244"..., 8192) = 8192
read(6, "\3169\236Q\16.\20(P\347\362\220\323\201\33Q(\232\2\16\352r\325\20\234\301\310\241nk\36\r"..., 8192) = 8192
read(6, "\214\253(\5u-\245fE\206QF\3469\24\326\254a\207\261\336\322\20Q\30^\7\207\240xa\224"..., 8192) = 8192
read(6, "\23\337\243Y\265\343\234\247\30\261\21\25\213?d\10\204@\22\211\245\3\203\24=\2613\331\237;+h"..., 8192) = 8192
read(6, "\231\217\24\4\376\10;\272 EDDDDD\324\307N\344\324\222M\316\245\206mL$1ma\3"..., 8192) = 8192
read(6, "\206!\274\325\342\221\260\274p\302WI\345*^V\330^\301B,, \203a\230A@\356uT\314"..., 8192) = 8192
read(6, "\344\254<q\331\226\327\236\25ES\4M%zi\326\3662]\354\260J\314\241\205@\313R\3644\252"..., 8192) = 8192
read(6, "\32\301(~\325\224\360\302\177r\221\270\36\317\244xo\3501\314\353I\206\203\26\304*!\311\310\266*"..., 8192) = 8192
read(6, "\20\205\203j \2610'%J\370>\322\371\4<\267\242\331)\331\26L\344\256\262ol@\35\203\331"..., 8192) = 8192
read(6, "j\224\370\345\23\r\321\357~\221T\32\237,#\354}\233l\343\354g\315LE\204\22M\353\231\304\26"..., 8192) = 8192
read(6, "V[\226\20\253\25I\204\22\232\257JBM\356\217\303r\202\250\206\243\327\226\20Z\3\203J\204P\30"..., 8192) = 8192
read(6, "\211u5g\244&?Q\212+\2114\314X\201ee\234R\241\315\2776\271\212\342(\34\243v\365X"..., 8192) = 8192
read(6, "\350\2468'\201\5\273\v\26\275\27Cr44\343+.\301$\310\351<\316F\273\fNI3\311\340"..., 8192) = 8192
read(6, "Z\272\24\304)N=\2661\370\30\307\21\337\226Q\6\301)sQ\343\322d\215%:\322\225a'\305"..., 8192) = 8192
read(6, "\30\3053\365\263;\314\276w\376\351\276\362\0345S\303&R\254bt\334\234Q\233\241\334\325\32\351\235"..., 8192) = 8192
read(6, "`\227\204\fy1\351\10\307\22R\216\33\341\1\0050\350\332\326\t\\\326\263(\275\343x\336WH!"..., 8192) = 8192
read(6, "V\211\32Q0\210'\239\6\27Fp\7\306y\340F\305`u\323\31FDAW\222l\254\251\225"..., 8192) = 8192
read(6, "\246id\222D\355I\252lE\364\261\10>H\304L\330lCD\210s\304\346*\312\215AA\325\306"..., 8192) = 8192
brk(0x5555a7bec000)                     = 0x5555a7bec000
read(6, "\236\305\256\2210\nl5\36\325+\2721\nIvTF\0216{>\17\203\0k\226\317@\220Hg"..., 8192) = 8192
read(6, "\215J\322\206\322\"+\324%\213fz\306\323(\343TO\254V{*,X\371\206\240\254\301P\3418"..., 8192) = 8192
read(6, "\215\r~Z'\374GL\237\301p\343\33%I\21BDF\255\255qA\204D\2644V\274\244\271\212"..., 8192) = 8192
read(6, "\r\7\22'\204\263\316s\312a\231V\335\245i*\336i#\325\365)\313\3458a\224\271\341]\354\345"..., 8192) = 8192
read(6, "DDDDDDDDDDDDDDDDDDDDDDDDDDDDDDDD"..., 8192) = 8192
read(6, "\317d\301\334\301\334\1R\0R\370\24\242\252\225V\200Q\200Q\246\3604@\21@\21(\321(\321\21"..., 8192) = 8192
read(6, "\223x\223\20\226\20\226\21\21\21\21\202P\33o\f\256\f\256\fA\20\204\242)\304\311t\f\254\301\32"..., 8192) = 8192
read(6, "F$\356\f\356\314\264\303\253%\221\210\vVX\21\21\21\21RTl\t\207e\211e\211Z\203Zc"..., 8192) = 8192
read(6, "\320\300\320\200\334\200\3348W\373\243\304EtDDD\204\364y\243\210\7a\1a\201\r\213\r\313$"..., 8192) = 8192
read(6, "\311\323&\34\25\34\25\3104\3104\270\r\270Mk\247\221|\\D^DDD\4\215\302\340\30D\242"..., 8192) = 8192
read(6, "\21\21\21\21RWl\207\244\204\22h3h3\n\305\251\303!\10<\301\23V|\200X\201X\275\365"..., 8192) = 8192
read(6, "\0164\0244\24\210\r\210\2159bBHAH\365\364x\335\2458\222\220\241LDDDD\324\235r"..., 8192) = 8192
read(6, ";\303\241pE!\320\"\320\2W\0W8)>\325\324)\346\327\3079v\322h\177u\356\276\0\35"..., 8192) = 8192
read(6, "G\203t4^\3504 7MS\306\253<P'z\366+\35=b\6.<r\25rU]\7\4"..., 8192) = 8192
read(6, "\227]\236!\10\27\367\27\307\216\rn\210\217\r\336\6\201S\267{\225E\321\4\256p\270\340H\226\340"..., 8192) = 8192
read(6, "\204\330,S\332\252\300\340\229\312F\233)i\226\240\245a\354\206\267$D\317B\261\242\277\3428\35"..., 8192) = 8192
read(6, "\355d\257a@D\3228\3477\21\323\22^E*n\10T\f\236\263\22.\34\333\10\352j\321\361^"..., 8192) = 8192
read(6, "q\257s!\220\0044\10\357\305\377ex\223\352%\v\3\213\235\367\3262\2658\202\271$_\222\3277"..., 8192) = 8192
read(6, "(h\320\340\261\213\25\226\215\r\264\25\216\221\342D\235Q^ZU\305\363n\214\2631\226bmH\212"..., 8192) = 8192
brk(0x5555a7c10000)                     = 0x5555a7c10000
read(6, "W\277\34$\245\23\31\347)\22\311+\341\204CE\250r\30m\10!(B$C\214!{<+\30"..., 8192) = 8192
read(6, "I\223\242\"HU\306sr8\234R\31\21\351\314]\275d\356n\325\255k\35\310\241\33,`\7\21"..., 8192) = 8192
read(6, "\216j\30R)\252\251;\4\321\225&~\310\366\251tGE\206l<8\27;\2211\22\215\v\v\270"..., 8192) = 8192
read(6, "\3011\261}m\355\25\215\330S]B\321\362P ]\n\232\20U\3270'\210\35\312\205\351y\217t"..., 8192) = 8192
read(6, "\205rM`I\235\f\257xi8V\206\351s\264\350\\\tw\226\234\24s\224\340\240(\261\6\vE"..., 8192) = 8192
read(6, "#[#Y]\355\224 \214P\23S1J\214\222\253\\\7\3\373p\30\33\275\327[\212\246\30\332E"..., 8192) = 8192
read(6, "0\227\24\223\24\36\21U\304\334e\227v\261\f\342Y\304\222 KT\355Y\264NE\277q\267\334v"..., 8192) = 8192
read(6, "o\20\220\fI\315\350\246\340\335i\202\253\10\245XJ\212\357\t\n\227\345\307\314\255s\25N\10\336\360"..., 8192) = 8192
read(6, "\25\251\374\217\371\232\367Y\212\362\206\311%\370B\204\333\302\31wo\246\262;:\314\219!\32e\325"..., 8192) = 8192
read(6, "\302\311\222\323\27487\2060\"\17A\227@\240\26\31W\262\205\"\32\216c\225\347\32\202\"q\364|"..., 8192) = 8192
read(6, "fH\33C\360\236+\373\34\334\2461\227.,t\211\337\341\205\220m\350\372\0101\306\354\344\335:u"..., 8192) = 8192
read(6, "I\273P\327\300\240H\212\361\264\276D\206t\322\272q\25\226*Qeh\31\22\3071\10u\241\344\355"..., 8192) = 8192
read(6, "\r\303\261\210\22>\211u\322\234b(\253n\237\246\273\272j~\362\350L\301V\fV\213\272\302\241:"..., 8192) = 8192
read(6, "K}\257v\33\31\271\246\365\232\272\212\27A\242XD\31\336\3660\1E\315K\247T\256\2247F\25"..., 8192) = 8192
read(6, "\241\\\377\356\267\321\341\32i\336\2208\20229hay\343\302\4\207!\32!(\273\302l_\256\252"..., 8192) = 8192
read(6, "a\352\260p\377\202i.\213\227\36\1\217\27F\r\7G\356\205\31\0341K\344\205!\244B<\31\6"..., 8192) = 8192
read(6, "\347\254\255P!\235\346<2\330\300`\361\30<T\222a\260YO`\305\314\367\10\271\212(\tDa"..., 8192) = 8192
brk(0x5555a7c34000)                     = 0x5555a7c34000
read(6, "\22\371\223\3277y\273N\r\311\32BK\246`\355s\320\266\241ACY\22227Ng\226\362\277S"..., 8192) = 8192
read(6, "\334\337Y\21\236\363a\220\20\232$\347\263\334\362\fb\244\261\326\270\2366\322\16\rK\2150;\313\20"..., 8192) = 8192
read(6, "\\g\204\245\344EDP\25\217\251\260X\322Z\345\21\316\37\307W\177\274\177\251[\203t\201q\204\364"..., 8192) = 8192
read(6, "\257\224\32G\274\321Jl\314\270@wT\2522\22\27{s\235\365\315\205q\f\367B\253\35\26\17\217"..., 8192) = 8192
read(6, "4E\10\2\211E\222#\20\230\26\217\303AkTHU\21\367%4\201\220ND\204*\7}\363S"..., 8192) = 8192
read(6, "\371\372\275\241\246\241|\364TT\10\342uFD\264\243\351/\33c(;*\17\tG^\354\32\276\351"..., 8192) = 8192
read(6, "sD\302D\10N\4J|\346;y\232\345J#\263KN\25\27\7\217\345*L\315\353b\32K\177"..., 8192) = 8192
read(6, "s\221\226T\265\243\307%\317\211a\256\26z\337\257\242\344\30<\372X\357\\D\252\257\30R\235\265\331"..., 8192) = 8192
read(6, "\t\204\256_\27\346\223\350\202\206\vI2YB\363\20h\31\31V(<?\245\370ry\2\341\33\325"..., 8192) = 8192
read(6, "51\236\260\3154Y\34\223<P\21\\\277\302\20\0\7\0311\322\35\203\271\6\211d\351mQ\325:"..., 8192) = 8192
read(6, "\21\21Q\345X\30G\353\353ch\201k\32\r8DN\337A\35\221\257\231\347*M\242L\177\255\300"..., 8192) = 8192
read(6, "m\326W\245\20\241\23037\307Q\3254\21V\3\3,\244p\f>\255\227BW\207R\277^z\347"..., 8192) = 8192
read(6, "\344\362\20\261p\251,\4#\\v\337\256\213q\246\347Y\25\21aZ\272\247\352\n\2174e\331\270p"..., 8192) = 8192
read(6, "\347\314\305\2373\302H\35\332\325O\336\260\238\212\")NF\366\237\366\226\301\243\323\320sR\301\211"..., 8192) = 8192
read(6, "\335\333\2012\f(\303\260T\266i\261\235\346\334\345y\357\316e\31/\316\257\251\216\23A4\362\215\235"..., 8192) = 8192
read(6, "b9\315>\322\255`\274\362~\350u\233#P\10\201T6R\331\34T:\233b(_\316\4\315\247"..., 8192) = 8192
read(6, "]y+\230\237?.\17\207\362\32\223m\340\202p\311\225\243\344_\245(\226\2\ra\234\322fmO"..., 8192) = 8192
read(6, "\36\317>O\31$$5\344c(<dD\351\320\327EDDDDDxN}\314~\335+\261\25"..., 8192) = 8192
read(6, "\2\254\f\254\314a\34\3\236\2318g=\r\343L\236Q5\256\177Be\0304#\305\33:k4\301"..., 8192) = 8192
brk(0x5555a7c58000)                     = 0x5555a7c58000
read(6, "ybv\354\32H\307R\263\23\233\312h\36\7\207\243\270\226c\321\30fz\33\260`x\225\227-v"..., 8192) = 8192
read(6, "\263\212\304\356\200\234\266<\f\253<HpZ\246H\341\21\320\353\212[\376\21\231i\356miVDD"..., 8192) = 8192
read(6, "s\345\20\253\257x\243\264v\221Y\347\344\244\31\21\21\21\21\21q\304\361\177\206\222#\306T\224\245H"..., 8192) = 8192
read(6, "\23\273\353\233ctU\337\230kex\f\2763A\23\21a\23 C\2047<\243\t\303}NY\353"..., 8192) = 8192
read(6, "l\23\21\21Q\243\240\34\2641\204\25\363\n2\200\204\203\f\222T\2262\4<\322\30 \241r\354\10"..., 8192) = 8192
read(6, "8$Q`\245\200\225\202&&\232\230\21\21\216\333_\21\302\234!T\\(\253]\315I\206\221E@"..., 8192) = 8192
read(6, "[\375\303\35Q\261\200d\2\222\31\21U\31\307\302\222\336\325\257\263\t\rO,pD'\217\371\323\227"..., 8192) = 8192
read(6, "s:q\323\251\245t\222\301A\345\31\2464\274\222\362\255\10<I\262\23\33\231\16\376X\370cEE"..., 8192) = 8192
read(6, "\225\261\312m\351\227\2233;q:\5-\33,P?\234\2600\34\275\306\24A\364D\332\276\351\266\321"..., 8192) = 8192
read(6, "\264\363$\25\346\234\21\223&\21\301J}\253r<D(cI\221\272P\21\21\261\37Q\21\21\345\32"..., 8192) = 8192
read(6, "\256\341\n\2522-0\10L\16M0D\24g\177E\0260\30r\22421\2611\0311C\220,N"..., 8192) = 8192
read(6, "\375J\364D\16\303f\304DD\224\1770\347L\314\2043\21\323f\22\31\\\212\317q)pZ-r"..., 8192) = 8192
read(6, "s\361\6\316e\365\33$\31\23\264:!1.\230\212 \304\244\353\t\321+\324\34\221\361\232(\nw"..., 8192) = 8192
read(6, "1\0233\25\307\327/\313\240\234\32\37),\203\333a\261hN\22\267\24qo\224\22uqWzG"..., 8192) = 8192
read(6, "E\334\243\324Xq\22\33\3158B\31\323]q\347D\r\314\235\203\23$TJC]q\5,@\303"..., 8192) = 8192
read(6, "ChB\335d\344\236s\327'\361\274\30%\31\342\213\3425\201\307\302b\0054\214`\275\345*\300\360"..., 8192) = 8192
read(6, "&F\26Q\207K\362\226^&w\32\252\345YN\304[F*\325\202\220\247k\275\336\t\246\22U1"..., 8192) = 8192
read(6, "S\21\21&\236Q0(37i\226\31\27Bz\305\342g!\303\214\205q&\324q\351\264\354vq"..., 8192) = 8192
brk(0x5555a7c80000)                     = 0x5555a7c80000
read(6, "K\217K\37\21\21\21\21\21\21\21\21\21\21\21\21\21\21\21!Z\242\2054\36\322x\21\21\344G~"..., 8192) = 8192
read(6, "\345\241\224\7D\26\20Y\21\21\254\315\332\21\21\21\21\220\24\220\24\21\21\21\21\21\21\21\21\310b\""..., 8192) = 8192
read(6, "L\0062\31\21\21\34\36\207\207?\26\376X\21\21(\244\242\220\32\21\241\227^\21\21\21\21\21\21\21"..., 8192) = 8192
read(6, "\230pA\30)\236\260FD \220\205@\26TxP\341EDT\334DDDD\234T\31\21A\23"..., 8192) = 8192
read(6, "\1b\36\210y\21\21\255\24Q\216\267\21\21FrUDDD\4q\22'`\4`\4\312\4\312\304"..., 8192) = 8192
read(6, "-EDDDDDDDDD\320\221\222110l\0167\1\241\315G\21\21\21\21\21 \346\201"..., 8192) = 8192
read(6, "\334EDDD\300\31` \332\340\7\204\25\25\35\7\203l\333dvD\4VXXa\201\220\tB"..., 8192) = 8192
read(6, "|Tt\24r\1\30\231\35\21\0017\36\334xH\343!\215\27\21qN)\21\21\21\21\21;\21\21"..., 8192) = 8192
read(6, "A\326\305Fa\333b\333n\213\343(\376\200\210\1\"\306\225\372\20v\20v\240\222\240\222T\4.\3"..., 8192) = 8192
read(6, "D0\310\21\4\274M'\223\17U\204\23\310\366\310\366\25W\33=gx\363\346\372Z\372\204\\\272\304"..., 8192) = 8192
read(6, "^\16\256\10\270\"d\304\177Dr\204V\234T\264P\301\211.\305D\300,\20DD`\324b\324R"..., 8192) = 8192
read(6, "\360\21\20\202^\254L\266,D\206\21\247\306\324\220\204\232\343\350Jj\34DG\244\271\270 \211^D"..., 8192) = 8192
read(6, "DD\3041P\310\262\31441\216\265\202P\0275\267\206\342\270\3071L\317\302\302\241\0374h\34\21"..., 8192) = 8192
read(6, "\324W\254r\225J\357K\246\223YP\27$Pg\320>08\17\v\21\21,(\347g\332duA"..., 8192) = 8192
read(6, ">\215\226\267\35\223\361N\275\223X\1r\246\251\324\211T\313\231p\244\301\221V\33np\361\331L\340"..., 8192) = 8192
read(6, "\227\3506AF\0\26\303\325$\352TEU\251&\324\311\356\307L&\5\213'{\300VS\205L\213"..., 8192) = 8192
read(6, " \307D\305kc\10`\0053\245%8^Um\326D\23H4\351\205I\244\26IQ\\`\321b"..., 8192) = 8192
read(6, "\24\332\325i\f\f\236K\33T\24kH\206D\27\21\315B&\27\353^\304,\205\360Yu\21+\346"..., 8192) = 8192
read(6, "\37\370A@!\263\305a\34\257,\227a\4qV\316\324\314\210\243$\217\20\270`0\10\311IO\24"..., 8192) = 8192
brk(0x5555a7ca4000)                     = 0x5555a7ca4000
read(6, "\307I\341\4\35\25,h\325\312d\336GD\350\274o\376\5\236P\222Q\260\4\35\271\235T\220\306\241"..., 8192) = 8192
read(6, "\305\376&\325\373R\336\231\35\21\21\21\201\37e\237\35\350FI3\10\2\30L\254\340A\365\31\356m"..., 8192) = 8192
read(6, "\2337S\216\341DDDD@\4~0\372\210F\1\22\244hqAG\211q\24\366\265\244dJ#"..., 8192) = 8192
read(6, "\362\246\0203\223\256`JP\347qA\3O\222\2049\32W8%j*\17!A\312t\220\301B\216"..., 8192) = 8192
read(6, "]fL\n\2614\263\206\343m\f4\2706\255\304\240\vW\241)}\21\21D\340V\324d\0046\371"..., 8192) = 8192
read(6, "\226\361s\3317\265\2313E\242\242\31Q|\305\302Z\30\21\21<\32\310%\206\24M\0\6\244\340\317"..., 8192) = 8192
read(6, "\241\20\362\17\256\325g\336\335DD\30\300`%\23;\314\261\343\78\361\242\27]\216\314\0`v\215"..., 8192) = 8192
read(6, "!4p\362\230\301\0a2|\221\362\21R\303\7\303\23JY\306\375}\22\255ap952\221\300"..., 8192) = 8192
read(6, "\221\210\21\21Lgz\320A\3V`\306M\25tl \27\360\201\37\314\244|2U1\306M\nB"..., 8192) = 8192
read(6, "\256\21\32\3C\4\23\204\f+\27\232\261Q\32W&\t\357;U\231\0213\20rR\250N\nK\341"..., 8192) = 8192
read(6, "\31\21\361\3(\264h\30131\31F\255\303\"\10\342\326\237P\25\301\331>.\270\255xO1'\274"..., 8192) = 8192
read(6, "\364\t\341\276\236\365\nh0\230Xf30\20\0\6\234q\343\225\r\16\4A\2202\301\\yH\307"..., 8192) = 8192
read(6, "\200\305%\376\310\210\21\262\214'\f\20A\305\20\267\237\3069URH\263}\333#\224\250\23\21\211%"..., 8192) = 8192
read(6, "\23`\361\200\5a\360prS\270\231\351\253\227\2313W\4Z\344\24S\234HE\341\351!Tb\203"..., 8192) = 8192
read(6, "\21'\f\251\330,R\222\375\223\250vDD+\330\360\370E\0\30\234\224\321CN\312\311?\\\314n"..., 8192) = 8192
read(6, "fD\4#\313\310d\303@\0203mI\226j\204QUQ\27St4HA\353h\202\340H\2m"..., 8192) = 8192
read(6, "\364\352Oed<\t\310\345\354{Q\233\16\r2\20\377(qN_DD\24M0D\24\257p\21"..., 8192) = 8192
read(6, "\226\22\n\317h\4\22\215\33%\f\307A\335\201Q\200Q8\300\220\5\30\307@\311M\271,\273\10f"..., 8192) = 8192
brk(0x5555a7cc8000)                     = 0x5555a7cc8000
read(6, "t\36\266!\6\306)q\24\361\235H\262H\262o\35;\33\1\31FLP\20\0\30\236\20`\32\272"..., 8192) = 8192
read(6, "HGl\318!h\202\344:\16\266\5\266\305\n\276\303G>\234\200ADu6\344\0\0061b$"..., 8192) = 8192
read(6, "\253\357\34\1\213\355\361^\331t\f\30\301M\205(|tK\220\206^N\221\10<\206#L\361\4\17"..., 8192) = 8192
read(6, "N\243p\30\207j4\334Hv\37\346W\206%T\24\25\201+\303\211\314\304@\307O\n \224\303@"..., 8192) = 8192
read(6, "\244B\31%\275\327\265U%\30\276Sc\4\233+v\23q\tF\214RP\207\22\33\373\270 4\t"..., 8192) = 8192
read(6, "\23fH\363\317B\203\21$e\n\312\326UEDD0\221\333\304T\230\5X\350f\17\v\303R\361"..., 8192) = 8192
read(6, "\219\34\351\271^\252\202\27S\225c\210\212 L%EG\221h\6\0036@\4\236Q\311\224\3242"..., 8192) = 8192
read(6, "\360\341\334\215`\244\242,\17\1\207\310\1t4\n\206\340\27\204T!\10\310\331pC\253\310\303K\1"..., 8192) = 8192
read(6, "\244Q\343\207\315G\1ie\223\251{r+o\324M!C\34U\373\352\373Vk*\275\344\250\25\36"..., 8192) = 8192
read(6, "\214\24yj\361\360\224\371U\0255\243|\24\267h\25\255\n\16V\212\v\21\356*\6\23\322I\"\21"..., 8192) = 8192
read(6, "\313@\345\371\262\23U1\0211\216\377Y\257)]8\307\360\354@!m\306\230\272D\21\21\274\344\210"..., 8192) = 8192
read(6, "\330A\205\0372\v?\33\310\351\221\27Sq4Zi\316M8\326\263\375\t\31\307l\t\321vD\4"..., 8192) = 8192
read(6, "\24I\336\344\273\22\33397Ab\2130\227\246\363\2735\22T\360\30\21\21\264\262\\\200\301\302\32V"..., 8192) = 8192
read(6, "\246\320\\\33\21\21A\207m\270\59d\10\6(\334\2446/%k\225\254\325h{uq\25\f\256"..., 8192) = 8192
read(6, "D\224\277\223Z\\\221\340\334\20\6\303B\35/\322\321L\377\342\234\311B\304DO\5rtt\5("..., 8192) = 8192
read(6, "RPPD0 \310\21\2221\5U\33?*\215\204l\202\261\373\267\366T\0356\370L\24\34\246\301"..., 8192) = 8192
read(6, "\242\21\31\37\21A\200\21\30\1iCK\216n\25\21u\0047\263\345D\216\243I<D\6,\340\34"..., 8192) = 8192
read(6, "s\355\271'\204\265;\345\262t\5\311\5.\374\217\363N\230R\245\20j\270\243\333,2~\200\34\263"..., 8192) = 8192
read(6, "<\22448\7bd\220\5' \7\22\220F%\"\2359s\377\236\33C\0s\322\345\316sr!"..., 8192) = 8192
brk(0x5555a7cf0000)                     = 0x5555a7cf0000
read(6, "\340\27\310E\5\375\272D\367\312\235\303i|\304\325D\205H r\\;/\224\246\265\22\36\207.\310"..., 8192) = 8192
read(6, "\"\3c\321\254\205q\4$N8Q\f\234D<L\334\250&#\26\23\37\263L\6\30\274\224\350A"..., 8192) = 8192
read(6, "\215#\304\320P\262C\334<*\314\35\376\34\206\360R\3732\17\363\322qW\24\236\311A \234\332\272"..., 8192) = 8192
read(6, "IJ\201\30\4>\211\331\33\33\365ex5N\220\314\343\34\266\321(\322\305]\334DTx>\213\304"..., 8192) = 8192
read(6, "\204\276Z\21uU\263\330\240R\310\223c\20\35.\254\220i\230GXq0\27\253\213\317E=\4C"..., 8192) = 8192
read(6, "rD\220\360\327\4\35\231m\\\364Z_F\324EMV\370\257Y.\247\0\26\260p\f\34\256-\204"..., 8192) = 8192
read(6, ")\300\246\307y\311CC\305\210\33\370ES\230\206`\200BG\300k/'\33\201\177\267kTF]"..., 8192) = 8192
read(6, "$e\315E\235XC\313\222\202%B\4}\270,&\355\314\205^4\16`P\361\1\10\0235Z\260"..., 8192) = 8192
read(6, "\223\256\32^&\257\2\f86\16mh.\3\3129\232\23Mh\332hBHJI\7\36p6\266"..., 8192) = 8192
read(6, "\203\37\0\303\214n\24\\\24d\24\24\24e\23\234\321\233U5\25Y\302\215\260\355\204N\261^\313\326"..., 8192) = 8192
read(6, "B\211\v\210F\312\20\324\206w\361\34gvVM\376\352,\0320@\0350h\f8\327\240\6u\212"..., 8192) = 8192
read(6, " g\276\310L\vm\222D\322Y\257S\301\2\232\30\204x\303\365d\260\26\0242\357q21\237\343"..., 8192) = 8192
read(6, "\316M\214\301\344|VX@\207srh\206\367\25S\201n\21\21\23\320Q2\204\361\26\327Q&\244"..., 8192) = 8192
read(6, "\327T\0044p\230,\341N0\20:K\276\370A\3016\20\3018l\360\301DH\16\21\4\324l\211"..., 8192) = 8192
read(6, "D\3040K\300\200>(\206 l\24\344\10F\300Dy\\GHK\331\371Y$\376\376\316Ya\264"..., 8192) = 8192
read(6, "y\325\375\0237\341D\3505W\212\321\26\211\347\352\267ZD\4E\352\3257\314\3\37\30\301\37\254\224"..., 8192) = 8192
read(6, "K\312\305\210TN\376\344\226g\300\334V\204\251p\10\25\334`\301\10\21\24<\340\6\21\234TH\267"..., 8192) = 8192
read(6, "\315GIF\n\30\1'68\200\34\0373\247b\314N\325DL\10\363S\241\314\0164\24\205\256K"..., 8192) = 8192
brk(0x5555a7d14000)                     = 0x5555a7d14000
read(6, "\314\330@\336\225\212R5Y~U\214\344l\225\21D\"8\320T8#\2642\21\301\30\21\301\207n"..., 8192) = 8192
read(6, "Q\315\6\fI\tj6\233[qy'UD\4\r\31)\177\24\5EE\206\21\202k}\25391"..., 8192) = 8192
read(6, "\331\360\4i\30A\327\327k(\246\363g\\T\354\204q\317\5\22\203t\3044T2.\0\35\320E"..., 8192) = 8192
read(6, "\321 \32\231l\3\330\223\345\353\352\304L\32s\267\246gM4\1\178\214R\21!ND\204\25\21"..., 8192) = 8192
read(6, "E\354\377-\321\377\322\241\234A\367\334oW\214\340\265\227\21\21,\20\206\r\f2\271L\20\227\21\302"..., 8192) = 8192
read(6, "\206\32\306[,\202\240y\272,SR\300B\26\35\205\314G\301I\25ve\270<\22\321\10\361\345\330"..., 8192) = 8192
read(6, "\334\f\\6\234\361\332\0102\4\374\24\4^\214Y^\324:=^\211\34\375D\241P\340U\335\346\236"..., 8192) = 8192
read(6, "\314\322\n\4\332N(G\305\223\305C\230\213h\240\201h\344\207\30\16=g:d\f\324\34\340@\343"..., 8192) = 8192
read(6, "\272\34|`1L\254\370EA\311\305\203s\376\306W\304\344\267\17\34D\306\245\265\322\"]\205Q\306"..., 8192) = 8192
read(6, "\216\2028\212`\t\26\32\35\32]D\4\4\35\4\35\365Q\2375\336DDDDDD\0\331\1\331"..., 8192) = 8192
read(6, "\220\35\377\360ODDDDD\4c0\6\234\r\234MD\4\6\35\6\0352\f2L\306ND\4"..., 8192) = 8192
read(6, "\21\3005\3005@w@wF\334DDDDDD\0\331\1\331EDDHa\205\25\324\2\265\0"..., 8192) = 8192
read(6, "LD\304\266\300\240L\31u\336GD \327!\327!\331!\331\345GDDDDDD\0\310\0\310"..., 8192) = 8192
read(6, "\21\21+\230\226!\210\3458\222\21\21\2017\2077G0\4\23{\25\21\21\21\21\21\301~\354\27\21"..., 8192) = 8192
read(6, "d\fdLD\204Xw\331\206`]\2273\34\25\21\21\21\1 \3 \203\"\203\"\3P\7P\27"..., 8192) = 8192
read(6, "\2503\2503\3103\3103p\23p\23\21\21\21\21\21\21J;\253\10\212\24\21\1?\3?\3039\234"..., 8192) = 8192
read(6, "m\\X5X5(5(5\360u\360u2\255L\v3\v3\v2\0012\321g\31R28h"..., 8192) = 8192
read(6, "\21\201(\207(\207e\203e\2036\2076\207>\213>K\35\324\21\21\321\33\25\243\231`\305\2V,"..., 8192) = 8192
read(6, "~\363\273\242\340\2517\23i\n\21\21\21\21\21\21\21\21\21\21\21\21\301\241x\351(4]\227\216P"..., 8192) = 8192
read(6, "S\333$\243\\\336U\325\324DDDDDD\210\22\3\273*\235\343\253\246\362#\374\214\267\33\33]"..., 8192) = 8192
brk(0x5555a7d3c000)                     = 0x5555a7d3c000
read(6, "\21ai\271\21\21\21\0211\243DD\344\232\265\237\275\21_\253V}~\225!EDDDDD\234"..., 8192) = 8192
read(6, "\0214\336Fx\226Q$\2600\21\21$[\23\23\253(N\362\210\221\f\367ZDDDDDDD"..., 8192) = 8192
read(6, "\363\202\261J\251Y3\236\347\33\21\21\21\21\21\21\21\21\21\21\21\21\32\v\314\365\356^\354\274I\343"..., 8192) = 8192
read(6, "\302\206\365!\270\26I}\233\21\21\21\21{\3200\21\21e>\225\244P(\32\241&\323\354OJ\376"..., 8192) = 8192
read(6, "\334\221ldX%FDDDDDDDDDDD\250\16\313\2G\376F\334\31\373SF(\21"..., 8192) = 8192
read(6, "DD\204\365\212\26\21\21\321w\202\347f\2048c\304\374\315\255?\21\21\21\21\21\21{vmj\353"..., 8192) = 8192
read(6, "\36J\f\307GDDDDD\274+\22\215\220\31<\177\226A$\22Y\216\336\342\345\305~`\303\233"..., 8192) = 8192
read(6, "\21\21\21\21a\10\306EDx\243\305\252\22g\236u\302\266\30\33\202 (RDDDDD\304\222"..., 8192) = 8192
read(6, "\242DF\33{\355\234\323\27\243Qtu\355\215\2231\241)1\2\225Ee\341\226\205[\26JI("..., 8192) = 8192
read(6, "\25\372\t\363\375i\361\344\34q\200\220\7B^D\4\352\270\250\343B\335A\335I\243\265}\366\31\21"..., 8192) = 8192
read(6, "c\201F\203F\33\335N\216\273q\265\37=i\314\277\221\2131\36\306x\350d\242\223\t+\1+\361"..., 8192) = 8192
read(6, "N\"DD(~x\322\336\215%\306\364x\21\246\204T\36Ry\21\21\300\343\1\217\307\271\234kQ"..., 8192) = 8192
read(6, "6\3106\351\30}B*cY\303%\211\177\327\363\35\271B\177\31\f.Fx\30\341\241\234\207r\36"..., 8192) = 8192
read(6, "\262\27\21\261\347)u\241X\321R\237y\3765GDgD\304\32V\354\33\241\214'\210U\241\10S"..., 8192) = 8192
read(6, "\7\v\23\265\241\220H\177Or\264!\216\302\243^\344\253\305\35\21\321}[\206\341\224\26\301\203\v`"..., 8192) = 8192
read(6, "8w\247\344\214p\327\243\314\n\21q\321\277\37\257(\343\2365%\30\361\241\210\335\266Q\327\225l\312"..., 8192) = 8192
read(6, "\31\27\223/\324E\344]\22\255\346\334\354\314\335W\304Xi\211\23M\222\21NV\304\211\345hW'"..., 8192) = 8192
read(6, "\223\263\371\21zn\177s\275b\n\235\363/v\334\356\354OPN\r\27\217\225\221a\335\377t\217\247"..., 8192) = 8192
read(6, "wefJ1\221k\324\317D|\324\366\316m|<{\271\21j\354\31\351\227\22151\3515\207\340"..., 8192) = 8192
read(6, "\202#Dk\223\2\215QB\0C\355J\23\21aL\\8\373\327\237\216\20q\306\f\264\tG\242\226"..., 8192) = 8192
brk(0x5555a7d64000)                     = 0x5555a7d64000
read(6, "V)mX-\221\\\354d\207\30[s\221\235\312\31s\376DJ'EL\314X\1uUZ||"..., 8192) = 8192
read(6, "\256b\272\37\24\355\10\272\342\355_\374p\204\300\360\21\221\25qF\356\265\2353rtMh\317$\20"..., 8192) = 8192
read(6, "\344wN\374K\243\tap\314o\232bg\316\16g\347\205\343\274\240\272\177\23G\24\6\201H\325\206"..., 8192) = 8192
read(6, ")k\321hBkW$\225\221V\0105\367\27\361{]\177B\365t\250qV\370\6\303\216Q\206\261"..., 8192) = 8192
read(6, "\312\\p*\312Z#Y\206b\354\304\226 f\260\33c\272aHQb\335u\224X4\27+\tj"..., 8192) = 8192
read(6, "\212q\216;F\236x\263\336\365\234\353\30a\204@t\277\312x\3239\202\344\109fvt\224\20\221"..., 8192) = 8192
read(6, "i*\21\21N\31\267eD\235q\367~\267\177)\307\353\21\21,\234F\325GhB\357\254\252\256o"..., 8192) = 8192
read(6, "DDD|xqIb8\25\21\21\251\207\23\3675Zn\314\224\260[\354sy\255EDDFx"..., 8192) = 8192
read(6, "\371\2\221\252\252\226\245\302\202\264\305\21\371DQD\341Om\216\246\233\27,[;\31\21\21\21\21\21"..., 8192) = 8192
read(6, "a\220T\4EV\314T\21_D\246\241D\206\37\3r\275\242\272\37\347:\31\21\21\21\21\21A\350"..., 8192) = 8192
read(6, "Q\35\21\21\21qVi\251(\345\232S\21\21ZhF\10Q\331\241\330\306N~9\343d\2756\25"..., 8192) = 8192
read(6, "9NK\243\2548%GDDD\374\231*\1\211C\21\306DD\204\21\245\\D\210%\212\35\202p"..., 8192) = 8192
read(6, "\212\321q1\304f04\317G]\304\\DDDD\\\\\374H#\21425\177J\204\370\23\"\211"..., 8192) = 8192
read(6, "W\363\275\306\251c|x@\247\231\226\320M\"\334\10\10\202\24\10\202\24\354\32\273&\244\324\253\360\274"..., 8192) = 8192
read(6, "Eb\351\243]`\207\t\f\306\33\312\354X\5u\32\245\257\3734\2547\23+@\3\315\222\324\226\26"..., 8192) = 8192
read(6, "r\202\362\233\223j\327D\334\274\221\236 \25\301+\332\251(1\245,I)Kb9?\"\211\307\24"..., 8192) = 8192
read(6, "\240\210\236\270\206\"z\342\232b\255u\212\352\216\220\343\277\313\22\261g\356\216&\224ke\235\26\202\247"..., 8192) = 8192
brk(0x5555a7d88000)                     = 0x5555a7d88000
read(6, ")\1\r\3549\34\32\7\324\305\206\362e\231\272\3635\275\2463\364\302e\230#\34!\223\33\276M\307"..., 8192) = 8192
read(6, "\244\21\216p\321=V\4\324\251\341)\316\224\221J\356(3\253\34E1\10Y=3\221y\323\21\345"..., 8192) = 8192
read(6, "\260\370\204\303\342{\"\264a\206\340)-\334\231\23+\345\4\333\n\242ta\204\325\272\222\337\316\225B"..., 8192) = 8192
read(6, "A6\242\21\367\31\263\241\244\"\336\27\2214\264j\204r\223\223\27eeT\374\10\376y\261;y\231"..., 8192) = 8192
read(6, ":-\205\26\0041\312D\315)\251X\354\226o\346\252\255\225\372\364:\236\201\232@\4u\245t8e"..., 8192) = 8192
read(6, "u\275&\200\203\366b\2342q\35Q\306\275\341\325\206\0232\203wofj[uaD\305\314\251\\"..., 8192) = 8192
read(6, "\237\345\306\204a\216\333\345L\236\26\266\346(\24\261\2671W-\240\33%!={\304\214)\237j\334"..., 8192) = 8192
read(6, "<Rd\370CbEJJ\31N\377T\377\324(\351\354)z\354\234w\343Me\334\23iA\257\345"..., 8192) = 8192
read(6, "\227\201K\24(\21!F\0HD\4_\6\320QDDD\0HDDD\340\31EDDP\0H"..., 8192) = 8192
read(6, "\305\2T,\\\34\\\34<\200\261&\235\244\362\20\314\314\r\307@\26\7dq\254\251\16\5\203/\300"..., 8192) = 8192
read(6, "\34 \306\304\302#\25\260\t\4*\253=\247\36%\7%\7Hq\200\24\207\213r\257C\203\v\rn"..., 8192) = 8192
read(6, "\26\307\357\0220\352\214:f\351\230\245\23)\24-\257F2\321I4S\344:\271\36m\263\274\336&"..., 8192) = 8192
read(6, "\7T(Lx&yR\302\213\16/:\241K\350\202\210\v\"\256C\304S<\303p\241\345\2651\207"..., 8192) = 8192
read(6, "\271l.\214\3500\242_\320\247\351\0052\304GN\274\201V\34h\305\341\255)t:\236\250\213:\267"..., 8192) = 8192
read(6, "D\314\214\341\ns\23\261\21\21\21\21\21\21\251\250ZDDD\204\272s\25\275\21\21\21\21\256(\225"..., 8192) = 8192
read(6, "FDDDDDX;nDDD\204S'\356\274\24\21\21\21\301\343\357r\330V\364NED\214"..., 8192) = 8192
read(6, "DD^D\375\10\21\21D\355\260GDL\263\210\21\21\21\21\21\21\257N\325\366\337\375GD\200\234"..., 8192) = 8192
read(6, "sBLD\2046ax%ND\204w^GD\\\rADDDDD\204\363\6\255\223+\356\363"..., 8192) = 8192
read(6, "DDDD\2117\323\363\21\21\21\21\202\302\276j\206\321\316\\D\304\364\304\374_D\4\0330\264\21"..., 8192) = 8192
read(6, "\271\27\02119)\232cED\350,\266\27\21Q^\t\21\21\21\21\21\21Z\215\364m\325\355\250\21"..., 8192) = 8192
brk(0x5555a7dac000)                     = 0x5555a7dac000
read(6, "D\204d\266GL\222=\223\25\21!\204\263\242\20^D\204(q\0]D\204\301Q\27\21\21\21\21"..., 8192) = 8192
read(6, "\4_\22|I\310q\310qZm\325\v\371\367\17l\n\260)\353h\2620\212\20L\351\240E\242E"..., 8192) = 8192
read(6, ")\265\264\252\310D\246;*\233Bt\354\246\202\31W\321\352\337\307l\336Y\2\231\356\250\35\302HD"..., 8192) = 8192
read(6, "\216#(H\207qgA\35,pT+\222.9B}*\316J\32\215c4\247n\35\223\1]\\"..., 8192) = 8192
read(6, "\251\212\247\27CH\\Gpa\364\315\257\300\21BT\255\251\212G\242\235V\216E\304\341\215\37\373}"..., 8192) = 8192
read(6, "\t\255,,\10!\300\202\20B\305]D\304\334^J\25W!^\366D\230;s\343\261`C\263\34"..., 8192) = 8192
read(6, "F\33NE\217\302\320J\370\236\22\276w4;\21\21\27Dyy\223\261\267\f'\206))\34\341("..., 8192) = 8192
read(6, "\30~;\206\2375~DDy\262\0267\341\2162V\33<\216\344-+\306\21!]:.,\24\213"..., 8192) = 8192
read(6, "TWW\346m\32\0307\4\303\361m)i\254\352\31\227C\342\345\220x\357\354DD\314\376v\216\200"..., 8192) = 8192
read(6, "`\255c\324l\30\322\236\20\n\201#\371\345g\220\224c}\357H\357N\224\264'\220\20\350L\265^"..., 8192) = 8192
read(6, "\330\24\340\5S\254!\232\236\30\21\21\21Q\37B\326\204\37ObU\252\234\236\264,\354\372v\3468"..., 8192) = 8192
read(6, "ua\20\200D\262\21\223AWG\17C\3640D^(\21\21\343\237sU\25\225\25\21\21\21\3t"..., 8192) = 8192
read(6, "\221\336_\22\251v)\n\256E+\354\304-eu8\21\21\21\21\331\35\227\275I\244\332$D\n\323"..., 8192) = 8192
read(6, "\353i\317\223!\217\2549\274\263\376X\256\306\241\235\306\241]n^D\304\237t_.\307\363d\30\255"..., 8192) = 8192
read(6, "\322DDDD0\320XNX\302b\3\5,p\230<\22\225$\f\322q\0201\245\321\223D\363\34"..., 8192) = 8192
read(6, "\214P\266P\21\21Q\357T\30k1L\360hN\220\34.\210&\203/\"]\321\361(\277\f\312/"..., 8192) = 8192
read(6, "\21\t\275\262\371bK/\266\264\202\220\21\21\21\321b\257a\30\361KbT}) \321\363\23\312\370"..., 8192) = 8192
read(6, "^\25\237\2502(^\206l\371M\244\2377l\326\17\233\365\343+\6\230-\230\355\327\30!d\360\211"..., 8192) = 8192
read(6, "\341\4\1\322MD\204\317\367\276\343;DV\352L\251$MD\204\244\261\225Jt\232\343\23A\3\207"..., 8192) = 8192
brk(0x5555a7dd4000)                     = 0x5555a7dd4000
read(6, "\3030+PhfDD\234\350\304\211N)\245tH\21\21\21\21Q\25vX_\272p\261\241\272|"..., 8192) = 8192
read(6, "\264\202\r\333BDD\30\377\226\361o\335LGDl\n\330\26\21\21\21Q\225\223\332(\347\214\366\212"..., 8192) = 8192
read(6, "o~[\227BTc\3\307I*\246\225J\225\206&\21Yl\21\0215\332\324hs!\20EDh"..., 8192) = 8192
read(6, "\25\21a\260\204\24\21\21\21\21q\371\336\236\311\3062\314\305B2\233\237\316}D\304\270\26\225%\244"..., 8192) = 8192
read(6, "\21\37\206\244\350Q\341\214\253\355\257m\20\262\210^X\21\21Z\321L\325\211\27\253DDDDHY"..., 8192) = 8192
read(6, "\204Z\26jY\316\356R\r\203a\32o\300\327\302\327B\324A\324\215\365\253U5[+]\262\241x"..., 8192) = 8192
read(6, "\3703\f\331SB\364\307\317\336\t$\245\v\f\266#\231\212H\17;\26\354XN9\343\2243\332\266"..., 8192) = 8192
read(6, "\211V:;\200\243\2\216\272\326\7\232\34\232\34\330\f\330\314^\307\30#1c\6-hX\330@\25"..., 8192) = 8192
read(6, "4\21\342\223(N\314i\306\322_\267\237\375b\366\213\23q\253\363L\2445\351\\\257\361\34R\2054"..., 8192) = 8192
read(6, "\352\236&\206\225\24D\32\311WD\363\324\205\20\37\346\264\240\32\325R\364\4\324\211\351(+\251\261F"..., 8192) = 8192
read(6, "\262\355\226\336a\6\203\325a\32\302\30\3755\263\2369D\24\273\206\367$\355\325\10\3169B)G\377"..., 8192) = 8192
read(6, "\231a\363\20\350\23\241*&I\304\225\246\t\32C\235\350\214\262\272\221\21*F\34MD\324\32b\177"..., 8192) = 8192
read(6, "4o\345\226T:\321D\325\4\321\267x\24<\r\21\ru\304\245\313\306\342\202h\346\nQ/\371\363"..., 8192) = 8192
read(6, "T\320\34\201\37\221\257G\33A\253\241\33\301NnS\207\21\311Y\24Dz\320%6\310\32\333k\271"..., 8192) = 8192
read(6, "\371\306\205\346jvj&\227-s\330l.\320\265\302\31\261\241*\217q\252\362\30\367\306\306\274\350\356"..., 8192) = 8192
read(6, "\21\27\361jf+\256E2\353\244\6\v\21@\227F]%Q<Q\256U\24\241K\f\257\351\253\274"..., 8192) = 8192
read(6, "D\201\24F8|\21\1`\31\21\1@\24Ha\4#`pG0DDDDD \5`DD"..., 8192) = 8192
read(6, "\27\21\24\21|\21\21\301\7@\341DDD\360\5\300D\4\37\0\5JDD\4\0E\300\17\300D"..., 8192) = 8192
brk(0x5555a7dfc000)                     = 0x5555a7dfc000
read(6, "0\213/\201/\1H\6 \31 \227 \227\21\21\2506\2506`u`uHtHt\21\21\300\225"..., 8192) = 8192
read(6, "\1g\201[\22nI\273\273\3404\3404\21\21\21\21\21\21\300c\0\217QY\2113\2053E\352\220"..., 8192) = 8192
read(6, "_\2401\2401HrHr\21\21\21\21\21\21h\201\rx\302\213X2%\203M\36\210F\206I\200"..., 8192) = 8192
read(6, "\360\5&\215q\207qGKB\23\f&qEDp1\201\0247?TQ1DD\300\324\300\324\240"..., 8192) = 8192
read(6, "L\f3\205\35\21\340\262\340\262\0005\0005\304C<\21\21\244Dt\200\261h\202P\f\274\10\206X"..., 8192) = 8192
read(6, "\23\21\1l\7l\207\31\203\31\3;\v;\33\21\301\313\200a\254\203\31,tTt,\370\21\214\23"..., 8192) = 8192
read(6, "\4\254\203h\224\201hT\301\212\37\270\265\270\265@t@t\21\21\21\21\21\21\230\1iST\301I"..., 8192) = 8192
read(6, "0L\20AIaS\361\16D\310HtHt6\25DPL\360\5ED$`p\33216\31_"..., 8192) = 8192
read(6, "\21\1\34\1\34\201a\207a\227\223\23\0211\330!\203\33\25\3\310-\0351\345\362\363Q\362P\360\2"..., 8192) = 8192
read(6, "\310\301\5\21\210a0QP%\232\341\t\339\25UD\4\37yP\300\323\301\323\341\332\341\332ED"..., 8192) = 8192
read(6, "AG\201\26\4t\\4\f\4d\10F\211j\207j'\7\242\331$\3444t\21\21\0\0\0\0\0"..., 8192) = 8192
read(6, " \326!\326EDDDDD\20QP.\327\5%\25\242aH\24x`\3\201mG\310\314\334\f"..., 8192) = 8192
read(6, "\301\305@\207i<Q\20A\5f\314,\372\352\vb\3b\3/\1/\241\204\22\340\221\340\221\204,"..., 8192) = 8192
read(6, "\214\24\254\274\313 #\32\245\314\rn\374Ip\4\207`\207`\247\244\222\260\342\301\212\2072\34(\303"..., 8192) = 8192
read(6, "\250\25\35\204P\220\r\213M\206h\24\212\366\326F\t%9\35\21\21)d\355\33dd,\7rE"..., 8192) = 8192
read(6, "\10F\211 \200\4n6X\240\31\2361\340\23\27>\301\27D1\342\7\230\341\225\245\304N\t;\242"..., 8192) = 8192
read(6, "\320\367\202\22\21\21\21\201t!\0273| \32\3+ZP@\232Q6\27\35\347\24\337B\48\210"..., 8192) = 8192
read(6, "\255c\215:\234\364>0\20DDDD\220\221\0230\304\25\2361\342\7\5\311\\E\3211\322-\214"..., 8192) = 8192
read(6, "\307\31203\204\21\21\4\305(\33\335\232h\t5\226E\24\21\21\21\21\21A\305]\214\350\245\3231"..., 8192) = 8192
read(6, "\374\250\360\2\37\250\29\0306\320\0&$F\0045\35\\\331%\345\334\224\312)\"\32LDDD"..., 8192) = 8192
brk(0x5555a7e24000)                     = 0x5555a7e24000
read(6, "\34#\37\177\324\3306\265\215\30d\344\2444L\4t,e:\22KX$BZ\37\0211\243x\221"..., 8192) = 8192
read(6, "(hF\255s\2411\21EDDD\0\30\3\300\340\31\317\221\321\310\3701\214\0201 GCq|"..., 8192) = 8192
read(6, ";\4`\266\210&\223SD\304\315\247+\3551\320\204\350\220>ODDD\304P\6?\r\23\202\321"..., 8192) = 8192
read(6, "\221W\216\245x^DDDD\200\30\33\33\237\215\30\344`\301K\306\300\311Z\366p1\3210\343\311"..., 8192) = 8192
read(6, "\23VMDDD\4\23\233\343r\300\31h\300\31D0\222\361a\32\322\270\264\240f\203\27'\306\261"..., 8192) = 8192
read(6, "\310)G\204Xgqdm\245>\34\350V\23\21\21\21a\333\234DA\0031\266<\5X2|\4"..., 8192) = 8192
read(6, "\222\301CaGD,\5_9Y#\344\217\0r\32oDDDDD\4\301\363\7\25\33\27F@"..., 8192) = 8192
read(6, "Rk\220\f\311\340H\340H\f\217-W$\37\23\223\234AAqCA1\344S2W0\326\33\257"..., 8192) = 8192
read(6, "\22pGD\310\274\0&\273\257\277\263\216J\317\344p\0\306\0\306\340\321\341\321ED\330\30A\2326"..., 8192) = 8192
read(6, "!\315\6\215Q\241\v\2\v\220\5\220\5P\25PUD\3040\3306E\204LF\303\304\306\30|\214"..., 8192) = 8192
read(6, "a\4\vED0QRA\32D0\360\34]Dh\216`\255\"P\270\367\242A\342\202\32I\221\24"..., 8192) = 8192
read(6, "*)\58\220b\32\r\310q\361\312T\224\10\6 \305j\363E\330\210F\312s\341JQ\n\205\314"..., 8192) = 8192
read(6, "@\4Ar\17/\33`p1-7+\331GD\300\31#Cz\361c\255!\270\354MQ\25\221\27"..., 8192) = 8192
read(6, "x\253LDDDDedDDL\6\27\258 \16\204Pa\310ED\240\17\244\261\325b\6\3"..., 8192) = 8192
read(6, "\340\323\242YU\210X\242\243[\23rY\230F16\3|D\310\254\266\215h2\r\240\320\310\21\21"..., 8192) = 8192
read(6, "\220a\327\361#\326N9\21\21\21\21\0211\21=\223\21\224uLt\4\0\302\224\21A'\313IE"..., 8192) = 8192
read(6, "Dl]\234BT?\323\21\21\201nq\21q\21\0215\21\24t\262\315\224LTO\206n\274\224\4"..., 8192) = 8192
read(6, "\24\20A\306H\311\207\26vD\2040U\312\\\355[\21\21\242N\320\21\21\21\21S$\3e|$"..., 8192) = 8192
read(6, "\33+\31\306M\204\240\260T\347\23k\f\312z3\201toHc1\3102\25\243\315B\307w\230F"..., 8192) = 8192
brk(0x5555a7e48000)                     = 0x5555a7e48000
read(6, "\22\263\331wA\307e\223\331\374(G!\343\31\v\313\223\361Vs\342\v\311\33\261\216BD`\263X"..., 8192) = 8192
read(6, "$V\254\21\304\25\23 ap\210J\212\22~0\261\220\22\24\31\242\235Lgs\326\221\311\21a\323"..., 8192) = 8192
read(6, "\203&\5i\20\206\26\210\205.\210\26\362q\3361r(\302G\3727\276*U\314\200\3\314\21\17\215"..., 8192) = 8192
read(6, "\275W\261\361a|D8\332\213\16\261j\32\220\69\215g\2306\213/\264\314\0242\32215\234i"..., 8192) = 8192
read(6, "\21\21qM\212\0302\353Q1\17l\f\371\221\321\21,\0017\2420\260\220\22P0Qpf\370\207"..., 8192) = 8192
read(6, "\203\4CdDDDDEDDE\304\4/`p0\22\2211PDD0\f+~0PP\254"..., 8192) = 8192
read(6, "\23\240\4\207\25\332\215\236\242\3n\225\0211\21\21\21\0214\344\30\341\222\260\221\262\321\220\301\31s\301"..., 8192) = 8192
read(6, "\230\33\21\241\223\351J\2511\21\21\21\21,6\35\234\330\2346]\2211\223%\5?\35\233\214iT"..., 8192) = 8192
read(6, "\314\304dFDDDL\306LDTD\20\2201\330A\261vf\4b \6\25\1++N\220E"..., 8192) = 8192
read(6, "'t\200q\203'\244\340\3005T\374\350\221\24\224d\20\301\317\207h\210\221\331\36G\t\322\337*9"..., 8192) = 8192
read(6, "\v\346M}D\304t\25JP\263\33Ld4K(\23\2203\261\3116\25\242\21\220a\30b\260\20"..., 8192) = 8192
read(6, "\222\263\261\320D\204V\333Q+\255\336\6\373\263\177)^oN\200U\202U\216d\26\201M\301F)"..., 8192) = 8192
read(6, "\3674#IZ1\261\3E\260\24\v\212DD\350<\344\360B\210\v0\3I\350\6X\0FI\206"..., 8192) = 8192
read(6, "\300\311\rD\240\33%U4#\244\2602\340\to\243\311\202\27\35e\321\321D\254\230\343\262\211\367\300"..., 8192) = 8192
read(6, "\34\341\336\321\361QP\361\261P\36'\1+\245M\7\31D2b\1\6\247s%0h\22\2468@"..., 8192) = 8192
read(6, "\322\5\203]\\\324\211qd<\3\21\21CbVj\265\322\314K1\367Uo\324\232\0242\233\3141"..., 8192) = 8192
read(6, "\207\3672\312y\346jbD\204\347\20\2521\34\1jt\207%X\692\207\rih\305=\23\214"..., 8192) = 8192
read(6, "6+QD \206\35\262\31'\30a\251\351*\202!\325\32\327\23\21A\26\254\224\34\362\330K\307p"..., 8192) = 8192
read(6, "\313\"\26\3740DD`\32\1\254\305|GD~\325F\224\23\361aED0r#\10\0014p\223"..., 8192) = 8192
brk(0x5555a7e70000)                     = 0x5555a7e70000
read(6, "1\3322\215\34A\304t\2542_\3221D\304s\304\n%t\224&b\203`@\303\307;QN\200"..., 8192) = 8192
read(6, "s \227\nv\310\24\4\10f\7[\240\207\230\331\20\301\242PxE\200t\0231\21Q\21\21<\24"..., 8192) = 8192
read(6, "/>1\7\37~\330\10\6)#q\364\351\2\275e\tRE:\327\26\241F\241\4v\200\5\303\300"..., 8192) = 8192
read(6, "\334\178\24X`\31?\7\1\320\361dD\210:\270)\27\21Tdttr>\27MQ F\221"..., 8192) = 8192
read(6, "\312\346\372\326vF\24A)s$i\27\5\200\3112\v\35[0\310\0\202'hAaSD0R"..., 8192) = 8192
read(6, "\261\361\331\274|\\\214\244\303\22vDD\320\20\220\332J\\\364\354\308\361d\21\23\221\223\21\21\217"..., 8192) = 8192
read(6, "\23\221N\230\206\3075SQ\23CbyB\340\17\3\216\331d\4\230\305\203\26\fd\301@MM\306"..., 8192) = 8192
read(6, "{\n\314i\234\216\260y\21\201t\212\302\37\21\201&\214x\302DK\315\v 6+3v\21\262\343"..., 8192) = 8192
read(6, "6\0313\325\316\274\235D \301\201\f$f\2051\21w\374\27Av\204\344\254\211O,rDP\5"..., 8192) = 8192
read(6, "\2\16\17%5X`\6\278l\246\273\266l\252P'\345\305Lp\304p\30w\214\3\30\f\360\261"..., 8192) = 8192
read(6, "l\272X$D\242\26\31Q\0211\21A\303\305h\223\341\v\276\300XD\4\310\221R\242\34\312\25\3"..., 8192) = 8192
read(6, "\23610\303YA\306\rCDL\357\255gx~;=\373w\212 dD5\v\311\345E\21\203\3"..., 8192) = 8192
read(6, "\r`\220#\232\241\304)<\306\340\34\3M\230U\21\323Q\31A\311\360\210\203h\324\217\26\21\21\210"..., 8192) = 8192
read(6, "\21\21\21\21\21\21\21\21\21\21\21\21\21\21\21\21\21\21\21\21\21\21\21\21\21\21\21\21\21\21\21\21"..., 8192) = 8192
read(6, "I\21\0211r\4qD\200EDDDDD\0FDDDDDDDDDDDDDDD"..., 8192) = 8192
read(6, "\f\3030\21\21\21\21\21\21\21\21\21\21\21\21\21\21\21\21\354\36\273\247\244\222\340\242\201\213\26\21\21"..., 8192) = 8192
read(6, "H\20\323\20\323\376\\\227(B\203\315J\23\3004\3004\240\366\240\366\21\21\21\21\350\23\350\23\240\223"..., 8192) = 8192
read(6, "\21\21\21\201i\217i\17>\5>E\27\21T\254|Y\306\202\34\336p\333C\21\21\21\21\21\21\0"..., 8192) = 8192
brk(0x5555a7e94000)                     = 0x5555a7e94000
read(6, "\1X\241G\242G\332\314\210FE\5`\370\221zxs\2Q\330<|(a\303\t\21_DDD"..., 8192) = 8192
read(6, "\221Q\27\267\375\1gtL4<\20\261\256. \33\316\221$H0\"\30K0\227\35\21\21\21Q"..., 8192) = 8192
read(6, "\r\35\234\321\331\f\33\\\344\fOK\344\223h-RQC\4Q\360\25YDDD\204\2148|:"..., 8192) = 8192
read(6, "Q \3~!\206\5M\240\21TdAFC\214j\341\273\272\340\256\255e\261\20\240\33\3\245\315\317"..., 8192) = 8192
read(6, "\34\354\203h,\344\2406\374O\241\346\360p\68P\21\330\214\0FD\312\178lT\370\301B\227"..., 8192) = 8192
read(6, "\207\37\340@\206n\\k\254\243HD\222\301\n\21\355\243\33\0255;5D`\34X\30\\x\6'"..., 8192) = 8192
read(6, "\204\4\300P\315D\200hL\274d,lO#L\324\335\201\59\35\254]\360\323\r)\0235\2001"..., 8192) = 8192
read(6, "%\3\31\327Q \206M\213\30\0046\205%\230<\215qB\310\244\30\2674\220qL\216|\249D"..., 8192) = 8192
read(6, "\210\306\305NE \263q\220\21P\341\7\31#\321I\232s\202\303\275\0B`\27\v\223[7\331\335"..., 8192) = 8192
read(6, "\311I\236xC,s\21\320$\241\311\"\336\n\1\21\f\350\21\266M\256\222\324Q\344_\341\31J0"..., 8192) = 8192
read(6, "\306\217\37\214T\2746\261\251\0376\374\255\223\203?\334\340@C\301\240\311\350fH\302\254\321\"x\301"..., 8192) = 8192
read(6, "/#\32d!\6s\220\21\332T\304\220\6\21\34Z\322\30\356p\311\34YN\22\320Qr!\16\1"..., 8192) = 8192
read(6, "t\26%\0235+\313l\336\235\305L#3aO\201\6\272Q\333\2612\310\1\6\31|\320\314\216\273"..., 8192) = 8192
read(6, "\244|\350\306\35\f\253\362\20\273\340\220,\232\313\342\243\5y\331t|\4\274V\224\323\241\4\254 \32"..., 8192) = 8192
read(6, "\30!\363\0\310\274`\4Q\v\340\306\307\4g\224\350\306J\345\203\33\1b\2203@\32\223$7\322"..., 8192) = 8192
read(6, "\313\f\21\337\260\300\304\260c\f3'\35\244$/\315\343\t\25^\25D8,\20\341\321\322\323s\220"..., 8192) = 8192
read(6, "\r\35\217\"/=\322)L\214L\4T\24\204\344\376\fInd\1\10\341\22\201\33\307\352}Th"..., 8192) = 8192
read(6, ",\246\223dT\3&t \307\200\22\21\21|\205 \5u\f\32\316QP032D\204J\3272"..., 8192) = 8192
brk(0x5555a7eb8000)                     = 0x5555a7eb8000
read(6, "\313\24\251\5\333\226&\320\17\242\34\317\310\224\31\21\24v\235\306\240\vd6\200\341\t\203\34\361&Q"..., 8192) = 8192
read(6, "\340\26\304\211h5\315\0\30l\205\37\254\305k\31/\210\235\22\1\312\241\17-dP\240\23\31\200\304"..., 8192) = 8192
read(6, "vRr\203\203,s\23\360\321\5\33\5\31\345\225\311\vu\"\207.XA\306\302\304J@MG\220"..., 8192) = 8192
read(6, "2\3061\300\234$r\231\f\22\t+\204\24\200\0200\22@[*J;1M\25\210A\311\2075\210"..., 8192) = 8192
read(6, "\32\7~\340\207m\23\220\2\210\327\232\361\377K\7n8\26a0\313KC\0051\240\206(E\26\252"..., 8192) = 8192
read(6, "\24\4M\314\324\206E\225\3i\34\254l6\213*,\273\300\353%\23\5?\242\340\7+\23#X\330"..., 8192) = 8192
read(6, "d\0\206q\30\301MWtv\208\4\4\341N+NB\235!s\301\31\33\25\5\21e$\327\210"..., 8192) = 8192
read(6, "C\304\2060\220\246\5e\4`\260\5\242x\2122\310\340\350CE\207\30\34L\324\4 \226k\254!"..., 8192) = 8192
read(6, "d@\4\211M\303\2503Q\210A\20\346\233\307\242<\0315xP\262\301\7\227,p\370\210BO\4"..., 8192) = 8192
read(6, "\22\313\340\306\307\5` '#\6\332\340\31\244 \32rhB\237\343\305%\25\240\360b\334\220\362\275"..., 8192) = 8192
read(6, "\0I\274p\306BP\16\315\36404\333!\6\27`1\3106\217\264\246\256\215\305\253P\23\2221\243"..., 8192) = 8192
read(6, "k\24g\17\21\317\220\312t!\27A\205\241s\30\326\222\249\31\25\242\241\5#\244\5\211U'U"..., 8192) = 8192
read(6, "Y\\2\5\303\241\205a\263x\24\312\r/3\5%+%m\376\246Q\342\24\202\4|\220\22221"..., 8192) = 8192
read(6, "x\3664\2262\25\255\321\3605C\22\360\341\7\244\200\33\23zP%\246%8h,\236\304sN\220"..., 8192) = 8192
read(6, "\367\334\f\210\6r\370\305\305?\200\301\310\205\37\263+*$\222\247\231\316*\0Fw\0044Td\4"..., 8192) = 8192
read(6, "\35KU-\201\351\371\234\32\17\21\320\311\214\244|E\1\31d1\2260\32\317\320!\32%\25iq"..., 8192) = 8192
read(6, "\0\210\16rh\301\354\270P\307C \334#\7j\300\2\vH\240\17\250\241IL\255gX\212n\263"..., 8192) = 8192
read(6, "L,\30G1\300@\244\270\357;\16\270\241\7\327QlA\204\22\252\225\273\r'(\307$C\30\234"..., 8192) = 8192
read(6, "\5B\251\210FAF@\330+(%\314P22\200\3\23\200\25L`\4F0\263`\4\3221#"..., 8192) = 8192
read(6, "2\21\24\31`0r\305\3603 \0227\35Z\210\f\253\234*\371\177\\\217\21\214T\360\204$\260%"..., 8192) = 8192
read(6, "\30\305Q4\247\244Ju\201q\344\30\306utrP\21\20P\5\316)\34\274\300\0r\354\34\24E"..., 8192) = 8192
brk(0x5555a7ee0000)                     = 0x5555a7ee0000
read(6, "@\305E\7\r\7 \2\0174\241[\302\6\tD\275b\351\310\240$.`\5\23\5.\271\\\324`"..., 8192) = 8192
read(6, "\261\347YJH\214xC\310\203\37\347\323\222D\4\23\1[\10\213\34\300\220\10&3VD\34\307J"..., 8192) = 8192
read(6, "\10\362\33\223\243\314\16Y\360\201\34\214$\367ED\340\207\314\315*plQ\4\1s\311\21\331\227\312"..., 8192) = 8192
read(6, "SD\204\215\36T\253\310\303At\205n\324\21\341\210\3758\227M\26CN \363#\32\3U\24\303"..., 8192) = 8192
read(6, "`\34\306\321\222\3326+|\310hA7U\276yct\221\311tlt\362\"\330\316\216 p\4v"..., 8192) = 8192
read(6, "\21\21\25\21\267\233\340\306\307D\213)63\37#\3+)`0=8L\343\302\232\202j\6\223\336"..., 8192) = 8192
read(6, "\35/?\5\25\244\261H*\7\201?\0061'-Z\20\240[1a\34\23\272a\6~DQ\222\257"..., 8192) = 8192
read(6, "\21A\212\26\23\2546)\33\200\320\220Q\300\31/\35YUC\335B\235K\344(\336,D\330L\210"..., 8192) = 8192
read(6, "EDDDDD\4\23\23\243L 31\220R\21p\4\27\5\357\\\340\334\264\232L\1\31AG"..., 8192) = 8192
read(6, "\20\236\340\320\35\325`\32ZPmnwMUDDDDD\4\0035f\220\261R\362p!Z\336"..., 8192) = 8192
read(6, "\33\303\215\220\33\37NDDD\4\23|p\241\7\217CeWD0\315q\252\4\357\363AD\320D"..., 8192) = 8192
read(6, "\0\10\205\3uv\252\322S\260\312g\323\4\223\235\n\5!\215\344\\DDDD!\26\374\240\5\306"..., 8192) = 8192
read(6, "dx6IE@\201h\206\351\27\321DFDDD\0\30\35\31\v\27\177@\10X\200\303\360\333K"..., 8192) = 8192
read(6, "\34iP\33\224\4\343\206aD*\21\21\21\21\21\21\224|6\205\215\30\30B\305B@A\25\2019"..., 8192) = 8192
read(6, "\27\v\323r\16\21\33\303zY\26\303P\2211Q\20b\30U9B\235\220\21\21\201 \217 /R"..., 8192) = 8192
read(6, "\203\21'\356\274\25\21!\35'S\263\233H\7\22\2448A\247\260\332\30\307\202q\254\20Eu\204\350"..., 8192) = 8192
brk(0x5555a7f04000)                     = 0x5555a7f04000
read(6, "E\262h\2023]Hw7\f6\33i\260\20P\362\355\321\272\245\v\23\21A\302\204kkh,<"..., 8192) = 8192
read(6, "88\201]\320\345\24r\r!\27S \n\312!\30YE\4\337\310\0FN?*\1\335\223\313\f"..., 8192) = 8192
read(6, "\tAj~:D\334\314 \241P\24\306q\362S\31\210vp\346xL\246\251\33+\264x\274\30\302"..., 8192) = 8192
read(6, "hA\3104=S\222\23\266\273\241\260\261\220\r3\0313)%\250\300\7\35\227LK\0334\21L\375"..., 8192) = 8192
read(6, "\30!\203\23\251L\315G\200\21\370\301\205\21\200UN\372\212G \r\264\321`\233b#\30\23\31)"..., 8192) = 8192
read(6, "r\331\220AdS\6\336 \332]m\vS2-\272\31\260\0]\374\330\0g<\324\334\201`\370\201"..., 8192) = 8192
read(6, "Q\17\341\n\302\326\314@\35\333\25\221\346S\4\272p\0213\1\6\236DE\4\1\35\35\223\"Q\35"..., 8192) = 8192
read(6, "D\320\262\341\7bQ\332\272a\253^\n\36\5\27\25\337\262p\311\351\f\367\31\253\33\6\320Q\203\24"..., 8192) = 8192
read(6, "\211\4$\0307\254\\\210\306\203.p\366J\220LJ\34\347\323\2\5\td\200\203\fatEG\t"..., 8192) = 8192
read(6, "HKA\t\30i\7UPDD\2203Pp\246Y\0Bf\23\330t\21q\371;\3570\210\"\311"..., 8192) = 8192
read(6, "5z\260\24\245\315*\27%\1a\"C=\ro3\325\361P\3201a\\\327j\306\354)\227\370\245"..., 8192) = 8192
read(6, "\03515c\245\347Ux\"\3510\26/A\340\4_DP\f'\237\336~S\334\4`D\304\244\242"..., 8192) = 8192
read(6, "P\240ZDD\4`\0HD\4@\1P\200VDPD\0\6\200DD\0\24\0\5.ED0"..., 8192) = 8192
read(6, "\24\21bD\0HDDD\240\rEDD\4\200DDD\4\236\361\341GD\20\7\200DDD\30"..., 8192) = 8192
read(6, "\21\301\227\1\\|D\1$\21\21\21\21\21\0\0046\0\202;\21\1@\21\301\27\21b@\20`\300"..., 8192) = 8192
read(6, "\21\21\21\21\31\21\25\21\21\21\21\21\21\21\21\21\21\21\21\21\21\21!FDDDDDDDD"..., 8192) = 8192
read(6, "DDDDDDDDDDDDDDDD\4q@V\200Y\200RDDDDDDDD"..., 8192) = 8192
read(6, "TUTUTEDDDDDDDDDDDDDDDDDDDDDDDDDD"..., 8192) = 8192
read(6, "DD\360U\0VD\204\30\21\21\21\21\1\25\21\21\21\200\22\21\21\21!Q\220EDDDDD"..., 8192) = 8192
read(6, "D\4k\204\30\0\304\7D\201j\0B\32F\4_DD\360\1P@\20_DD\360ED\4\37"..., 8192) = 8192
brk(0x5555a7f28000)                     = 0x5555a7f28000
read(6, "\21\21\21\"EDD\30\21\21\21!b\31EDDDDDD\4\22\361\341GD\20GDDD"..., 8192) = 8192
read(6, "0\4_\4\0\301TDDTDLEDD\0HFDDDDDDDDDDdDdD"..., 8192) = 8192
read(6, "1r\48D\48D\4_DDD\0HDDDDDDDDDDDDDDDDD"..., 8192) = 8192
read(6, "\365\21\361\21\361\21\361\21\361\21\361\21\361\21\361\21\221\21\21\21\21\21\21\21\21\21\21\21\21\21\21\21"..., 8192) = 8192
read(6, "\0\0\0\0\0\0\0\0\0\0\0\1\0\0\0\0\0\0\0\0\0\0\0\0\0\0\0\0\0\0\0\0"..., 8192) = 8192
read(6, "X\223>\324\271\"\324\275)I#\231\257\10\222j\371\225\377\2aKE\360\312\350\202\"\312\223\36!"..., 8192) = 8192
read(6, "\307\31\357s\22\311\34\364\350\326.\1N\20@\35;4\270:2X(\307!@\333\212\206\212\r\320"..., 8192) = 8192
read(6, "\237@a\22P\200\34\314\241\5\255\252\255K\341[\257\32\213t\2\314\301\302\263\31Tv\1\303s\36"..., 8192) = 8192
read(6, "\335x\342^\263\21\270>0\320\363<=\17\207\341I:I\260;\214\206`H$o\t\247\321\252\351"..., 8192) = 8192
read(6, "\275\3rj,\21\237#F\326\260\237P\242\342\210AD\3353^r\256S\336)7\352\215f5\215"..., 8192) = 8192
read(6, "|\f\252\247\215-DY\352\32!\252\355\373\302\274p\31\353\32\271^(F\t\345\30b\232\24:\324"..., 8192) = 8192
read(6, "\206\270\24\4>,\270\327\256\217\22\4\4\300\306\245\240\34\t\314\265!\364\352E\221$e{\3767\314"..., 8192) = 8192
read(6, "\235c\273\234y\226\253\323\210\202\327\206%\341\202\372\302:\262\340\10\202k\205m\341\2\341\315\253\244\364"..., 8192) = 8192
read(6, "F8\332\335\304\214\321+\252\237\363\216\225\0257\267cM\315\325\319!\314\356\31R\215\345\304\2477"..., 8192) = 8192
read(6, "{\221i\24I\334\202\306 \335\206\204\r\216\21\216\367\347\0254\4\373\r\21c\n\375+\254\22SV"..., 8192) = 8192
read(6, "\264\227f]\224u~\354\235\341)a\234\371\355\275p\221\267\37\275\253\230\247P8}\312\235\327#:"..., 8192) = 8192
read(6, "\21IC\333\236ox\6\3072\25\324\325\304\357\235\337\247X\"\r6\\\261\211$S\231\27VI\206"..., 8192) = 8192
read(6, "\4\t\v,8\333\206*\371\6+[\t\20\1\22\334\340\300\340\210D\263\310P\270\0\f/\260B\3"..., 8192) = 8192
brk(0x5555a7f4c000)                     = 0x5555a7f4c000
read(6, "\253\344gi<\265s\347DM\254\337e\230\331\2478w\375\202!\226\245\357\371-8\247d\226`\n"..., 8192) = 8192
read(6, "#\314\10\377B\357\233\252\344m\325)\346\205b\205s\357([\206\344q\30\227\223\257\334\316\346\347\\"..., 8192) = 8192
read(6, "\355\\z\326\264\312\3418\306),\316\32\322\340\34\205oB]\230L,\246\231\323\316\262H\253\357\230"..., 8192) = 8192
read(6, "\265\231w\260\360T4\\\216\360lG2m\226si\254T\221u\306m\304\334L\350\2479u\231\267"..., 8192) = 8192
read(6, "+x\306\311O\1\23\2636!\322y\00466h\354\313\240\360\222\22\216\4m\4~/\316Q\204\351"..., 8192) = 8192
read(6, "\221\263\26\207\266jmg\244\25\377\255\257\26%\314\211\253\205 ~*\34\37[\333}N\326\ng\257"..., 8192) = 8192
read(6, "\rVx\352k4\246\345P\10\202\207qL\302\250-)\332c\33\225\257\260\230(\227\204\242\340i\243"..., 8192) = 8192
read(6, "\247T^\326\236P\353\264Q%\345\374\325\354\334F\217S]U\231\206\320c\n\327\231\251]\277ty"..., 8192) = 8192
read(6, "\30\331m]I\245\350e\304\20\221\10\357Oz\216\36(W/9\236y/\250\31\0347\234N\234\37"..., 8192) = 8192
read(6, "~\356\327MH\326KM\250:TgT\336\20\327\245\328Q\311a\320\267\25\n_\365\10;\21a"..., 8192) = 8192
read(6, "a\260@\235\377G \n\16\0317\213!\215ipH\30\246\262'4p.7\235cq1\331tD"..., 8192) = 8192
read(6, "\21I\333\341*\22\7\311j*U\343\\\22\353\322\20\230,\232.\211\22C\33F\232\n\305wJ\264"..., 8192) = 8192
read(6, "H\271WN9?\25\306\350\231\373;\377\242\20\345x\303\231\25\321c\275\223\332\355\276`T\\N."..., 8192) = 8192
read(6, "!\370E\344\217\243)\322\360\234S\276\221\36\315\30\206\310\241(\34W3\206G\304\246z\206s\273l"..., 8192) = 8192
read(6, "\244e|\356\314G\372\375_\226Z\253\21\245!\205q\363\267\266\20\235\330p\31e\314\316<\213Q\35"..., 8192) = 8192
read(6, "\263\326\10\352\31\235;\351)u\206e\255\252H\3129[\312\274\31VW1\246\374\372\230\177\276\347\316"..., 8192) = 8192
read(6, "\225\263\263\212\324\33\202n\364WY\23\241\355\345\306\205\327Z\345\206\267\367\332\2565[\25\206Rgr"..., 8192) = 8192
read(6, "a\225\246\244D,\n\221\0335F\207U?Di\31\367\223o\\Yu\303\226\302\214d\316\304V}"..., 8192) = 8192
brk(0x5555a7f74000)                     = 0x5555a7f74000
read(6, "\272jW+\221DFL\324\31\202\262\263F\270~\277\340\224\222\236\240\224\357t\246^\357\264fY\357"..., 8192) = 8192
read(6, "\n\306\\\n\245\260U)\242W\202B\303\342\204\31eJ\321a\315\23\220\314_\206\232S\3277\226\240"..., 8192) = 8192
read(6, "\333\3044$!\30@\7\21\307P\341\237gR\260\320\10W\\L\6.\200\\0\370\34,\352W\254"..., 8192) = 8192
read(6, "\355R\214\273\265=i|\206W\307f*\260p\23%&I\252S\303@x&\227\243\373\372\r[\30"..., 8192) = 8192
read(6, "\311zxMk\320\342\2\215.\2\235\247\373s\364\247\202\203B\2\r&\1'2\200\334\273\271\2025"..., 8192) = 8192
read(6, "D<\363\25Z\233\312\247\300\243\10\232b\372\251e\316\207\241D\205\370\3759Bdt\235\370\31\247\304"..., 8192) = 8192
read(6, "S\37,\300\2\324\255I\320L\352\10i\270\354\\jU\352\24^\2524o\22\315q\22\371\227H\7"..., 8192) = 8192
read(6, "^\372\250\315\300\355\3628\352*d\311\334>\v8\364\6\316Y/\215\10\v\26\306i\352\n\365\364:"..., 8192) = 8192
read(6, "\222\336\364i\374\217\"\264-\210C\243\274\330O\303\300>\256\300+\32\22\230\211\304\231\216\221\333\356\273"..., 8192) = 8192
read(6, "J+|^\207\357\30\336\250m\20\23\350\34$ep\320\213\22a\30\246QH\367\354 3\\\275$"..., 8192) = 8192
read(6, "\266\6CT\226v\241(\3011\332|\216\340\254\246\206Pd\n\17\373c\4\324\5\305\363\216\246\362\260"..., 8192) = 8192
read(6, "\346\35\311Y\302\370\21N\v)Ukf\276\357l:\t\f\352\204R\202\"hc\251\241\10\35s)"..., 8192) = 8192
read(6, ";+\30\237FX\277y\312\216\360\241Y?DB\10\345MK\375\206Q+y;\304\302\255!\376\266"..., 8192) = 8192
read(6, "\3709\242\352V\267\21V\t\312j!\324_(\302\327\206\256\214\230F\376\213+\374\355+\273Fq\216"..., 8192) = 8192
read(6, "!\214S7\3152\373\346\274S\321N\215'\204PN\213\31!\255[\241\204U\23^\244\333\212D\224"..., 8192) = 8192
read(6, "\372\23D\345\vQ\227\306\210\245^8\242&Z\236h\304\255\220\202\225L-\20\1\203Rb\335K\367"..., 8192) = 8192
read(6, "\247\370'$I\324\32\227\226\224;\33U\342I\2379\236\224\373L\251\216\270R\204\361\363\343\233\234\245"..., 8192) = 8192
read(6, "\31\226@\264\306\322\370\246\250\350\367V1m4\311\203\203,\344N\t\306:q\306\2109\306V\255a"..., 8192) = 8192
brk(0x5555a7f98000)                     = 0x5555a7f98000
read(6, "p\350\202E1/h\2261\31\313b\32\306Ri\21lB:D\231\264m\277\257F\373\322\205\370'"..., 8192) = 8192
read(6, "*:\300p\305nj>\221\26\234\252\351\274 Z\22\227#\31\234\252\210\v&Ko^E*\231\221"..., 8192) = 8192
read(6, "\210\243H\305R\364\234\4\355\20\210$\223\252\357\35\201Ym\364n\306U\345z]\263\235e%QD"..., 8192) = 8192
read(6, "\345\233\274\204\316\323P\20\260pA]\260`\3348\203r\347sQ\205\367\364L\216\300\"\311lC\233"..., 8192) = 8192
read(6, "ev\271$F\362\370\34,\3267,H\302\264\247\3521\252\300c\221\214\330V8\\\322\347\246B`"..., 8192) = 8192
read(6, "\254PM\340xF(\236\247\224[\33T\2450\225\343\3304']~E\20\220H\245h\361/\10\23"..., 8192) = 8192
read(6, "\261\241\234eE3%\244\255\257\21q\10\4\26,\340\34\25\203\247\322\34\221\246:H\207q\2\t\1"..., 8192) = 8192
read(6, "e>\211\320\373oB\203\372\225\351\32\222\260\206\317#\345\206\257j\331\304Z\273T\3023D\20(\271"..., 8192) = 8192
read(6, "bT\10\272\260\206\343\231N\304\374\256i\325\354\224\313\242l\245\353*e\264\353\350\272\250\371\34Y\f"..., 8192) = 8192
read(6, "@\338t\1EA\203a\16\33\25\327\223\264SF\245f\t,\34Q-\2\203\315&\323HnH"..., 8192) = 8192
read(6, "r,\221\f$\226\301\223'\360Tr\0244\20\25\v8\374\31L\\+\371Y4\216\20\4\3648\301"..., 8192) = 8192
read(6, "\326Xk\362 \235\342\37\207\206\30\201q7\213\30\22\223i\234\361\341\v$\334\340\246\21;$,<"..., 8192) = 8192
read(6, " \33\210a\33\242\1\31\3272q\360\205'\225\203`\330\246\211H\202n\2IP\230\330\200\30\354\32"..., 8192) = 8192
read(6, "\317\263QYRN\337\2672\232PkmEtj\33\335\202\242\367+\202%\20M\n\271\271{?F"..., 8192) = 8192
read(6, "N3\251N\30G \320\32\16\3214\7\215~\216Uvh4\320\305#X{\311\204\36\33\274\317\365"..., 8192) = 8192
read(6, "\233A4^\324\234&\351\30\"b\31M\316\242\305\341\202\221\v\vY\212\3\rQa\f\7\321\232\n"..., 8192) = 8192
read(6, "\240\267E\301b\32\3\"\3576.\360\220\240\\\202\3`\260\320X0\207s*#\17!\v\226\305\241"..., 8192) = 8192
read(6, "!\204QD\222\245\31\256\363\336o\344\355xf^\245\200\v\343=\355\25\314\231\346\23\t\272Y\222\307"..., 8192) = 8192
read(6, "D\232%l\v\2065\246*\4\203u\277\223\f\367\377\306\257\244\326\21\4\233\23mU\226\371\316\304D"..., 8192) = 8192
brk(0x5555a7fc0000)                     = 0x5555a7fc0000
read(6, "\30\336\214A\325\343\275N\373'\n]q\260@\305\0206\217\240p\0104\347\32\311\322I\5\r\24\356"..., 8192) = 8192
read(6, "\340\342\234{$\16\245\301)\n$\206Z+\243\334\340\232,U\264v\316\320\321\364\303\34\207.q "..., 8192) = 8192
read(6, "\262\35\25,\310P\247\f\217Y\241\211\252\241)4\373\317\323z\240\233o\262%\213\346\5M['A"..., 8192) = 8192
read(6, "T\330-\2454u\212H\37%;\3\v\242\307rN\272YG\325O\241\210\224\2340\307\256\321g\\"..., 8192) = 8192
read(6, "l\260F\f\v\300\326\264\34\202y\300\2400\341\34\363.\320\245D\250Vi\255\260_\315\270u\347\255"..., 8192) = 8192
read(6, "\231\276\267\24o.K\260\227\260s\272\33\6\324q=G2Y\330 \236\23\23/x6\312\325\371\316"..., 8192) = 8192
read(6, "\252\212q\213\r\3055\321~54X\362\361\1\207f\30\202\20\323~\244\250\315\322\357+n*\345\214"..., 8192) = 8192
read(6, "\260\370\247\254\270K\243h\247V\246#\2\335\234\316\243i4^\332c8~\10\222\333^\0174\354\236"..., 8192) = 8192
read(6, "\30'\0060(\242\353\277\342\237rc\21\215\310\223\307\344\274L\24p\246.=\361V\367\250\302\234\314"..., 8192) = 8192
read(6, "\343\231\30Q\321\275\316\244\344q\222\370.\233&\205R\206*\6\213aL(D\271\301\6\r$\22\231"..., 8192) = 8192
read(6, "\240\246\321\35\357\330\2\267\245\370\4\24\343%\rC\272\237\302\277<\3211\213q_\313\201t\272\363\254"..., 8192) = 8192
read(6, "\26\314\21H\244%\261k\6\266\261!\3\21\203\216h\234\1( \347\262<QJ\212p\345I\256\305"..., 8192) = 8192
read(6, "\262\245\32\212qS\221w\345l\32!\210\\z\261T\364\274\223\306'\301\32k2\271QG/\232\340"..., 8192) = 8192
read(6, "\254\261\222T3\31\31\25s~\32k\10U\351\33=\3711\347\32$/\\\10B\261)\2657\312u"..., 8192) = 8192
read(6, "\26\241?\371\232\365\24^\314\307Y\206PD$\261\302W\375\376$\325\263l\31Q\356\224\204t\fH"..., 8192) = 8192
read(6, "\203\177$\206^}..\260\270:8l\230g=Rp\251\227\204)|H\204\232\316\241\224-+\6"..., 8192) = 8192
read(6, "\343\0\203E\3\f\256%\361h4$\257\207\312\241\22\17\324\251K\"$\255%@\303X\273\361o\24"..., 8192) = 8192
read(6, "\232Qw\355t\217b\204\374\263<\202v\33\260\240+$\216e\371\311\321\310\260\342\206\316\22AAP"..., 8192) = 8192
read(6, "\346>\27\2152V,\211\20\243\36\215#\234\345\264h\270\26K\303\32\217\351\323\272\323Z\220\0106`"..., 8192) = 8192
brk(0x5555a7fe4000)                     = 0x5555a7fe4000
read(6, "\204\3200ZU\367\274\307x\264\354b\236\25\23\206D_\335@A\304\320\6\23\221\254\310l\16\373\245"..., 8192) = 8192
read(6, "2\r!\213\247\272\fR\23\235j\5M\366UA\335Dg\2343<VsH\265\5uG\0233$"..., 8192) = 8192
read(6, "{\262\31T\246l\20\r|\361J\234\212\260\272\5t.\35\311\301\4\203\203\v\274\253( \247$\310"..., 8192) = 8192
read(6, " p\260\3504\2473A\235P\252\270\307\220u\222\240\0210\10\313\213r\242\343<7C\367\266\10s"..., 8192) = 8192
read(6, "g\255\262\337\23\263\301dj\303\23\232;)\305\216R%\363\30\312{\222Y\212h\325\251w\234\365B"..., 8192) = 8192
read(6, "\365R\314d\346\345\33\265\332o\344\314N\344~\216\220\306\325\325E\v7\306\326\317nfV]\326N"..., 8192) = 8192
read(6, "Me\314F\324\345\177\345\325Ef\355\234\240L\\\304O\316\337^\304\30\227S{9cLDu\204"..., 8192) = 8192
read(6, "\225u\227\225\0251N\354\306L8\221\2G\304\31W?$7\0217\363\365}\231S\25\267\23?Z"..., 8192) = 8192
read(6, "\327gL\10\37Y\23\37R\32yJM\355\16\313o\2050g(qS\n\322Eu\204\22FUE"..., 8192) = 8192
read(6, "\25%\305\335d\324DUE\t=\21\375\277?\363U\25UBmDDNI\31QS_\21\27Q"..., 8192) = 8192
read(6, "y\327\367\373\221iLT\344\304TVTeD\305\307\315\336U\314\324\314\315F\324DLTD\344\304"..., 8192) = 8192
read(6, "]\275\343\2446\2265\23_\25\2211FeD^G\325WW\336\225\365\265w11\23\23W!\315"..., 8192) = 8192
read(6, "]\305\224\209\302\n\325Y\235\261\337\231\341\204\272Rlt\344OV\315\324LN\225t)T\304\205"..., 8192) = 8192
read(6, "UU\212r)vM\315VE\346E\374TLuy{\21\231Q\33qN]j3Uwu\27F"..., 8192) = 8192
read(6, "7\23\227\263Q;u\223s\331U\302tD\306E\2652S\21\21\375\23\25cT\304\214\21\23\23\37"..., 8192) = 8192
read(6, "\244\244\30\271\355sve\367\\\244\343J\304\266\367\216\244B]\v\322\312\277\22\211\7\f\n\313\343\202"..., 8192) = 8192
read(6, "\20\330\265R\366\271\16\207h\246wJi\222!\224\"\225\271F\277\240u\335\335\305\324v\230\212u\347"..., 8192) = 8192
read(6, "\25\213\263~\20\355\31\206'\214\325\r\v\226\322R\210_\243l\211\27\226\261?FY7W+x\273"..., 8192) = 8192
read(6, "\312\355'\317\304\226fN\272(\221\256~\2065^\256\264\21\2}R\10\276-m\236\20\202`\225h"..., 8192) = 8192
brk(0x5555a8008000)                     = 0x5555a8008000
read(6, "\334\335\356\2365\37IP\27\375\373\16,l\227i\255D\223+\265\352\30^R\234:\23$\256EA"..., 8192) = 8192
read(6, "xy\367\231\2617\25q\277;%\10mN\272\351d8\316\371Y4\2766!9\342\307\nam)"..., 8192) = 8192
read(6, "]\21\1775\37Y\37\21#\1\3\221\205s\2344*\203C\241\22,6\210\2627\205\f\232\344k\366"..., 8192) = 8192
read(6, "\226\323\231\255M\n\253\371\0357\357lG\365:a\354*\223\271\25U\342\347\10]\347:\206\351\367\216"..., 8192) = 8192
read(6, "\320\25\302\336\314\250\216\347\322\252\\t\260`\206\2568]L\34\306\336!\235\0uV+\24W\335u"..., 8192) = 8192
read(6, "X\33\232(\204\243\375Qe\326\210B\337\374\363\230\212)\260M\22\345\224*\272\363\2\321\376\226\20)"..., 8192) = 8192
read(6, "L\325\375\374\374\234\264S\0235\233\361\261Q\265E\320S\323\33\327\25\302\355LM\304ftI\2655"..., 8192) = 8192
read(6, "Y1\25\25s\0237u\202\222\21Qg\324\305em]\334\10U\2655\365\323\231Q\25U\327S\226"..., 8192) = 8192
read(6, "\21\2O;iD\215q\327\37\363\316Gn\304E\204\177?\256\350\334\305\206p\361\2769\206\2229c"..., 8192) = 8192
read(6, "\216\241[yi\375)\326\275aT\325M\265wy\271)\354\234Q\251(#\274\361\363\277\263N\2079"..., 8192) = 8192
read(6, "\277\346\222\30\363\351\21\206\321Q\221\363\345\234\26\35\251\10\306G:]F\265\240KY\306\31C\245\10"..., 8192) = 8192
read(6, "T\2342\265!tI5qY\221\233c\334\224T\27S;\352\345\30\316G\337\321\307\375S\316my"..., 8192) = 8192
read(6, "ol8\322\n\316MQ\30\31\257\355|[\33\275\2755\363)\264&\tF\327\rO\325\304\nk\210"..., 8192) = 8192
read(6, "\337\rQ\251\25\261?\267B\305M\\\257Tc\30U\25\277N\254qBh\365\345\374\0107\3520l"..., 8192) = 8192
read(6, "gfeD\315\30\23\326\346\317\325_\335E\225\324\306L\334\325j\245\315\337n\334\356D\216c85"..., 8192) = 8192
read(6, "\262\326\37\303\211\2479\346m^E\22Y,\327\251\t\257\364\216\26\24{\253Mj\352\2150K\263\f"..., 8192) = 8192
read(6, "d\345?\217\263\346\375JB\22\t[\33]u\376\265\250d\347\205y'\230\303\303\342Z\342\216\21\177"..., 8192) = 8192
brk(0x5555a802c000)                     = 0x5555a802c000
read(6, "\3635\306\2676^\211\31\221YUF\216s\247\314\344J#H\253J\27R\234y\331\322\\\231Z\266"..., 8192) = 8192
read(6, "\315wX\231UF\326\254S\306muF\236\223\221]Q\206\233\221Y\2211YS\361\276\356EV\225"..., 8192) = 8192
read(6, "\241RL\375\211l'\254\321\33\206\6\f\225\316\316\30\326\351\335[Or\225B\266\241i\2727\341\214"..., 8192) = 8192
read(6, "\31Z\214\360\351X{\235Q\365R\2660\306\334+\31\265Y\316\206R\233\276p\27u!\372\31V^"..., 8192) = 8192
read(6, "s\245\30\377\202a\204\20\261\226\261Ven\304\245\323\335\231\373b|9\302J\322tgT8W~"..., 8192) = 8192
read(6, "\361\223;Z\325O\30FM\314\304Y~n\334\317\357\315\344\355\215t\245e\335\r\207\221WFEU"..., 8192) = 8192
read(6, "\367\267\326^[AR\332\375NG\20\215u\271\202D\224q\263\31\343\364U\30\377o\31\352\\J\226"..., 8192) = 8192
read(6, "\267\226!\354(B9\316\251u\232`\214\25\261\353h9q\306\2562J]f\336\327T:[B\334"..., 8192) = 8192
read(6, "\\\355E|EhN\277!\\f\315\235Q\247HND|\356|;\361\337)\216\25\222\21\355T\335"..., 8192) = 8192
read(6, "\274\352\274\261\361\275T\236\220\37;?\23#eIn\nN\204\20{\212sJ\234r\373\2061\341\246"..., 8192) = 8192
read(6, "\220\312\215\223\321Z\212RT\354{\233)D{\357\270W\237\236\246HS\206\227\231}\312HF\230R"..., 8192) = 8192
read(6, "\214\20q\361\227\31?^8\316F9B\314\376\30a\2451\271\21\302m8cn\227q\316V\364\245"..., 8192) = 8192
read(6, "\321\227b\316L\2248F\0315Fh\377F\307\374\344e\t\371\216\343\275Pc\374O\234P\245E\210"..., 8192) = 8192
read(6, "k\265#\274\25a\314\227\301s\246\340L\254b\314FI\242Y\333\222\376y\242b\355Kg\206)\214"..., 8192) = 8192
read(6, "h\332\316\231=g\274cDL&\t\t\315\374\275\26b\31;\216\343\227\237\25\357\224!}$\221_"..., 8192) = 8192
read(6, "+\356x\326*\3369\33\0254w%\335\30\355f~En\3168c\31ou\346;\221\241M\10z"..., 8192) = 8192
read(6, "Yz\vgX\252`\334\205e(\303#\334\30\255\255\341\314\10Q)Y\342\211m\214p\25\23\322\265"..., 8192) = 8192
brk(0x5555a8050000)                     = 0x5555a8050000
read(6, "\t\226\360V\1778e*C5\223\247\274\320\323_\356(\254[_nT\236!\344\335:\3028\345\276"..., 8192) = 8192
read(6, "\214Qyy7e\354-\307\345:9\377\317!\344+\233\27\23ws%\3349?\316\314W\316\n\21"..., 8192) = 8192
read(6, "D\n\365\237B\276P\342\ngT;YNg\250\206v\302\355\10\33{k\350\226\357E\226\362\312O"..., 8192) = 8192
read(6, "X\251|\326\364\277PZJZ\224\220\327wY/\220$\225qe\211\177\345\334\303\202(\236Q\356\254"..., 8192) = 8192
read(6, "q\331\21'\235f|\306\324\354\205\320C\262F\206\24\379\222\270U\342\374(4\245\325\fQ\232\27"..., 8192) = 8192
read(6, "U/8NNu\334\334\3259c\251_)l\304\357Y\241]\212\316\377}n\327\233q)\31r\335"..., 8192) = 8192
read(6, "J\316J\302\326e\336\335\354L\234\330a\314\344\216\325]\321\319F\327\2358\235\2161\363m8\25"..., 8192) = 8192
read(6, "$i99RJY]\326\315*N\305nU\355\271\251oN\275\226\367\363)}\216 \304\304\275\20"..., 8192) = 8192
read(6, "\314\teELd\t\243|n\276\220?\21\227\353\365:'(\306\2051\0335B\355lN\204\241\305"..., 8192) = 8192
read(6, "\223\316TD\304\tU3S\373\37B\r\205#\36\312\355yg\235eXF}|\266D\220^9^"..., 8192) = 8192
read(6, "1NM\10Q!\305\177\216RB_\354\2252\233C\344P\214\257D\356V\20\265\263,\356\347X\21"..., 8192) = 8192
read(6, "\255\373y\325\217qy\306\3049;)9\301f\305\325\237\323\327\363\276\20\37\322efFx\206W\227"..., 8192) = 8192
read(6, "\317\356T\206\232\2215'\214\25\222v\253v>\227\346\30\241\374\316\336\224\340\364n\312FU\325\327\216"..., 8192) = 8192
read(6, "\224\251Lm\324D\250!\304\234\30;U?\225e\204\20\302\373\231Q3\231kN\n7\263F*f"..., 8192) = 8192
read(6, "\305\357F\270\223U9\323]\223q=\23\367]\302m\2451\306\355\305d\366\205\260\212\2635\247xb"..., 8192) = 8192
read(6, "\3400\16\203\260\231k*\275\275B\10^KA\324\302\205\261q\331\2731\353\334\305U\315LE\256\362"..., 8192) = 8192
read(6, "3Z_\370\327\27\33\361\23%fjD\265)\246\261\2062\265\241d\364\2360j]Y\311\25#\244"..., 8192) = 8192
read(6, "\340\202$\221\320\226fJ\6\233:\236,D\345\233\233\304\312\360\30\7\16\347\23\275\242\330T\36\215\354"..., 8192) = 8192
read(6, "\247\31(\7u\3146\316Q\202\26\235\316\244#\32m\0211\331\324\204D\311\23\312SeC]\21R"..., 8192) = 8192
brk(0x5555a8074000)                     = 0x5555a8074000
read(6, "\241\301\315\340\0]\215\345R\325\357\23\30\4:\264\231\314O\242!\32\275\253z\307\23\36\270\21*\300"..., 8192) = 8192
read(6, "2 \3\316\341\34\v,(\274\4/\353Fx\3l^\34\221\266\364\6\320\365\21\321\203\234\303\277-"..., 8192) = 8192
read(6, "\212*Y\372z\206\220\204\36\311PD\277\177B\320XMDC\224\242\217r^\324\2\3\v\213e\271"..., 8192) = 8192
read(6, "\252V\34\34\f\vtr\33Pw\272\341\206\305?)\nr\377\232DDTI\300\256*\36\263B\310"..., 8192) = 8192
read(6, "\310\341h\234\22M\376&\0212\224\"\272\32\275\260P\207\31u\214\36\7,\30T \2478\330\306\201"..., 8192) = 8192
read(6, "\271\242\367\255<\355\t\202D\220\00660\340\16\320\0212\1\3\224il\rt@\"4\225D/r"..., 8192) = 8192
read(6, "\rm$P\227D\252\341\356\262\210(\307\231:\225WP\227Q\272\201 :\21\207m\215\237\344PG"..., 8192) = 8192
read(6, "\333\276\30\"a\301\234_\232)\36\v3-\242a\5\320\361C\35\225G\244\221H&\213\17m\17t"..., 8192) = 8192
read(6, "[\23\1\335\21\3600\261[\24n\323\340\207\307\244\203\204\334\340\342\203\206H@\245I\364,|<+"..., 8192) = 8192
read(6, "\342\341\2\211B R\207@S\354*\225\260\317C\310J\370.\266Q\35\2641\201\231F\200\v|\22"..., 8192) = 8192
read(6, "\301\234|\3460<T\fA+$\26L\330\16?\231.p\210\324&8\340\334\nk\272\v,V\263"..., 8192) = 8192
read(6, "LH&\207h\342\2\235#\362\210K\215X.\272\351\242\357\36W\331P'`C\321{&\260\r\314"..., 8192) = 8192
read(6, "\260\10\252\0\v\316\30\204))\343\323(\33\261\264\232\242\239\6\255*\224\310\345\270\226\353\5G\350"..., 8192) = 8192
read(6, "\216\30qB\237a\314\215\321\341@C\215\26\202Q)Y_;\233\372)\35%F\253U+h?\325"..., 8192) = 8192
read(6, "\306T\323\364\210\332\247\244G\277\23\317\301\20N\256O\324UO\343tNZ\255\216\250\270{K\2627"..., 8192) = 8192
read(6, "L]|\2255\323\345T\307\335\346\177\371\221\226\351\354MFVv\\\336t\\]m\327\33'\314M"..., 8192) = 8192
read(6, "\373{\263\216\343\6Q(\3313\316\304\226\230\361\241)y\222$\270\272Db\323\300\32\322\201\203\253a"..., 8192) = 8192
brk(0x5555a8098000)                     = 0x5555a8098000
read(6, "\309YD\312\355\225\0211\273\247DI\247\314\326kN\325D\217\351xN9#\224\321\243\325\245\243"..., 8192) = 8192
read(6, "\217\22177\246\2205;\345\33\2722\242\362\202\353\30\347\177T\t\277\206\247\10\341E\365\214d\277$"..., 8192) = 8192
read(6, "\323\275\373Q\245\225\"*\323\271\255\356]:\302G\366tE\234ps\357\327\2263\306\354*\336\317\244"..., 8192) = 8192
read(6, "6\351\274\267\241|\232R*\341d\31\247|\337\2472F\325n\t\216#\305\212D\236\227\246\22{F"..., 8192) = 8192
read(6, "\320\21\2\235\256\312\354\213tP\307\351\232\2K\10LV\31j\257\305\241\353L\245+g\n\234\346\353"..., 8192) = 8192
read(6, " \345\376\360\305\32j\354\377PD\246aPT\254?\216Xw/\324\304\2440\365\351g3\214\260\265"..., 8192) = 8192
read(6, "k\30{\246\220cH\226A\207s\232[\"\267!\261x\202#\323\36\256\245F\3t\r\16Sz\225"..., 8192) = 8192
read(6, "T\334}\362\304\314\314TLnJ\377\231.\17\213\301\200sE\342BG\370\0062\4#\241zS@"..., 8192) = 8192
read(6, "1\0257%dU:umlOw\307\230\322e\357\30+\304\377]x%H_\353\234\20\351\30V"..., 8192) = 8192
read(6, "\22\223\306\210\263\316\n3\241\247\2623\336_zuc\205\260w\355xq\302\206R\323\312\31{\177\271"..., 8192) = 8192
read(6, "w1s51/\334WmE|OTd_Ul\314\365h_W{1\25}\243\\\324\314[y"..., 8192) = 8192
read(6, "{\347|\215\241\256Q1ex9Jd\205\261\265\321\371\367\335}\345\10;F\314\33\216\260\21N\210"..., 8192) = 8192
read(6, "G\24B\217UcM_z7B\n\202\261\251\336\231?\27J;\312\31\252\247\236\2611\306\205u\312"..., 8192) = 8192
read(6, "<C`\10&\207d\310\24\4\16\215,1\30\236W\351\212?|ORD\221\202\351J\222\251\230b"..., 8192) = 8192
read(6, "?\256A\342\264\351\230\221aEi\256\345I4#\254\347\204\266\315\300\350+\236\3211\352\265\246\365\5"..., 8192) = 8192
read(6, "\376\216r-$\215P^\327\366X\232\367\245I\276\231\345xV\30\241y3N:'\205P\242\362q"..., 8192) = 8192
read(6, "\241\23\254\270 \224\340j!Y\22\353\353\0224P9\36\233\253Pe(\357+\202h\nl\n6\210"..., 8192) = 8192
read(6, "k)\357\264\36y\2225\316\2152A\262\373\304\303\2\21}D\234\267<\\*\217E\2s.;\261"..., 8192) = 8192
brk(0x5555a80bc000)                     = 0x5555a80bc000
read(6, "D^kD\206\23\2121\253\33S^U8\353\256\226\327f\31aI\302tu\3579k\30}c)"..., 8192) = 8192
read(6, "L\3348V~h{\312WWV\314Vl\31S{\0251{W3gTN_o\276\21\225\273\21"..., 8192) = 8192
read(6, "\335!\234[\247L]\10]WqmV\326\304\344\236\25'\345\232\257\214\23\367R\2570\306\2145\247"..., 8192) = 8192
read(6, "X\346\335\215(]~\310bm\217\240\204\344gD\315;u\325\235%\354\344\334\214\223W\35\331u\265"..., 8192) = 8192
read(6, "\250\241DT\227r\251\375\235\345\31\34\222\363V\v\202c(\323\327m\316\346Y\225\223\27R9+\254"..., 8192) = 8192
read(6, "\367B\235\267\322\30\357\324j\16\25\211\2643'(\302\204P/\36\211\37%\254\241\354\317f\250\311`"..., 8192) = 8192
read(6, "=\33^Xe\234\373A\345\t\246)\260u\214\300c\271\322:6\273\301\"\372\251xC\353Y\2344"..., 8192) = 8192
read(6, "W\226\3631\37\365\37\216Q\237\327u\247\205\23Ndf\32\306\324\2041QN\325v\214\360YQ\316"..., 8192) = 8192
read(6, "t\22735Y\237W\0273JE]GF\vc\324ODO\344\326\235\260\231S\23;W7\302("..., 8192) = 8192
read(6, "\334^\335\276\332Y\361]\2~\361\2\303\263yl\\\256\342\21\260\1\3.\20!Y\310\272S2!"..., 8192) = 8192
read(6, "\"\0107k\350l\227\336\27\3051\214Z\312\306r*\23\362\307\\\234\21\225\261Ss\361\37a\304\345"..., 8192) = 8192
read(6, "Z;\363$3c\254\36\225F\32m-\307m\314z\312:\316N\316\366\237\21\253\10]\23]J\311"..., 8192) = 8192
read(6, "[Q?\21\353\314\336U\354VN\314f\33[S\245\270!\315\254u}k0t\2049\0231\275\302"..., 8192) = 8192
read(6, "\343\300\302\337x\312Z\342\354\377\314Hb\274\242H\226|\216u\226\241{b\317]n\7g\227\340p"..., 8192) = 8192
read(6, "3C\202\f\221\16\1\17'U\207\307\206l=\0020\264\316\343\360\334\344)\373/\21i\24\236\253\373"..., 8192) = 8192
read(6, "\302\316]\226T\223s\357\235\27\325qo\256\323R_\209\321y\352\30}B\30=\253i<oU"..., 8192) = 8192
read(6, "X1\227\216\222\345\20\237\367\216d\220\264SsW<u^d\t\31\235\351\2065Q\33E\3217\323"..., 8192) = 8192
read(6, "\23\223m\324\256\23\361TNFT\335\267n\376REr\304\307\206\255\350sqG\22\261\256\2409\231"..., 8192) = 8192
brk(0x5555a80e0000)                     = 0x5555a80e0000
read(6, "J\177\32\342E\274\22\265+\235!(+-\211\242L]\344\255w\24\226\22$\336\304\244\365o*q"..., 8192) = 8192
read(6, "%\223D\24o\205\222\345\234\257l]\277:V*\312\20D^xc\271\202\322J\206bIJ\36U"..., 8192) = 8192
read(6, "\264d\224a\234v\223\34\246\260\177<\232\25\212n\314[\371\304B(u\361\301\221\235\232Q3\271\265"..., 8192) = 8192
read(6, "\336\212s4\\\21-n\307\nzh\353N\334\236x\325\351H\376\n\246\362\243y^[SU\265\312"..., 8192) = 8192
read(6, "By\6\317T\251?\336E\344Lk1B9\261\203\f\273w^\31\357\335\244 \264\"T$Q\226"..., 8192) = 8192
read(6, "s\232\t\v*\333f\231\367\333\\\352$\207\240O\347ZTJ!\335\314-\211U\2478\232T\3578"..., 8192) = 8192
read(6, "\324\225w\202Y\307I\222\232W\345\264\2769\3479e\364yF&\347\31\353:\256\346\354\10\27\6,"..., 8192) = 8192
read(6, "g\224\327L,cA\35.\200\\s8\235\304,\6\v\207p\216b\r\v;\227\302ln@\303\5"..., 8192) = 8192
read(6, "L\243\235k\371\36\246\221\2500'J.\tg\273(\207\22:z\264\217q4\330f\261\213\214L\246"..., 8192) = 8192
read(6, "\333\223\10D<*S\0201\350]\362P\321\316\210/4\t\1\301\10\n\316\205\242\t_$\304\276\265"..., 8192) = 8192
read(6, "c\2504R\204\356.\1K\262\23\350L\326Q\311\17u\300\340\21\37\221c&\1\223\rt\270  "..., 8192) = 8192
read(6, "b\221\204\307\302\316\265$\26;\375\241\234c\t\312\2600Z\223\03248/\21\255h\274[,@\347"..., 8192) = 8192
read(6, "\34x,\213t\4,\252h\302\\^\264\310\263\6\213\25oQ\255\243\376\32\206 !\303\36\201\245\23"..., 8192) = 8192
read(6, "!\6\256AC\24.\300\34\262Q\10\260\200\r\220\206\25L\0342\272q\320C\33\17\23\211c\31X"..., 8192) = 8192
read(6, "X\274\270`QQ\262\200\203\363\300\206l\301\0\34\16'0\370\\\2\361\323\6\310\t\216'\32\7\f"..., 8192) = 8192
read(6, "\334\304\315\30g\224\230\233F\32\\vc\34\227\vs\256\363\332\360/\301\232\306\21\274$\20\340\234\315"..., 8192) = 8192
read(6, "\2160I\203\26\26\27\225 2@\335\3\203\360\211\37\222\222\32\17\316\231\222\341\232<I\"(7,"..., 8192) = 8192
brk(0x5555a8104000)                     = 0x5555a8104000
read(6, "\310\203\r`\246\22*\353@\203k\210\31\312\7\21W\2338g\235\252\6\305\20\221p0\261;\36\t"..., 8192) = 8192
read(6, "\305Bay&gJ\307\5\22\320\200\21<\212\3430i$\307Ny\4\340F@\1\v\201t\234\212"..., 8192) = 8192
read(6, "a\203`*\272\304A\240\22dq\32aQI\267\4Cse\214w\361\301\307\300\305\3511\261/\307"..., 8192) = 8192
read(6, "\314\351E2\34\22\266\311>O9\266 QP\234\352I\177\264\306\350\354\236\204\v,~\"]\353\26"..., 8192) = 8192
read(6, "\235HK\250.\5!\201\nm\366\221 \335\326\310\206\271\376YC\245\234l\23734\16\307f\215B"..., 8192) = 8192
read(6, ":\256$\\v(\333\315\3\33W\1t:\203\256\35\241\264\306X\33b\374\236jTZ\343:\336\v"..., 8192) = 8192
read(6, "H\247\354\262\270mp\264s\245\352\311?\302\6\3251\20\276\0245\363V8\272\326\33bE\325\315r"..., 8192) = 8192
read(6, "\376\25\r\r\3\1\373\213\5\22i\21\340\204\304\322C\357\3\235\302T\270@ \266\260\270 *\364L"..., 8192) = 8192
read(6, "8h\340F\2np\206\r\360\365\240\6i0\203(\tn\310\344a\25\2\301\31\204!\35\37. "..., 8192) = 8192
read(6, "\34JxFyi\261xP\201\v>s\301\2\246\21$R\24\201\16rK\203\f\354s\256\10i\356"..., 8192) = 8192
read(6, "\315B\242\350\202C;\227\353w\216\371\356\255(wR(Ce\230\253\264\371n\21\t\255y\271\242b"..., 8192) = 8192
read(6, "\31\2\1\27\223\21\\\226D\264D\226\36\276@\357\266\347\270\3479L\7r\4k)\305ne\373\304"..., 8192) = 8192
read(6, "'\226?0\27o\20a\34\r\211\21\373D\355\210L-.=\327IUy\260p_\372\235G\344q"..., 8192) = 8192
read(6, "'U\230\246\265\336o\334\2524b\236\256p\204bk\216,8\3558#\204\245\216\"\324H\323.\217"..., 8192) = 8192
read(6, "\242z\234\226\327)9\266\t\f\310\300\303\343I,\24\2552\21\274\3468\234\272\253I>\223\351\363\264"..., 8192) = 8192
read(6, "\33J\204\365\302\373\216/\225.\334\30\16U\246\303\301\254dJs?ay\321\252\322\203m4\243\345"..., 8192) = 8192
read(6, "\222\340\r\347\343\202g\30L\f\375\375\351\205D\30T\367\16\303\30\364ZK\245:\255\270\202\301\360\307"..., 8192) = 8192
read(6, "\230)hd=KD#^\214*6\221n\0C\255\243\21Ik\r\221\347S\t\t\21M\262\353^"..., 8192) = 8192
brk(0x5555a8128000)                     = 0x5555a8128000
read(6, "\2318\321D\346\r\225VR\352\326[I\354I~\364_%\205\217s\\l\267(!\260\370\313k\262"..., 8192) = 8192
read(6, "\262\256\32\36\303]\27-\215,Uh\336\217y\225\f{\34\216\326\36'\rA\323\272\306\277\225I\225"..., 8192) = 8192
read(6, "\2445\327\211\233!\31\266\22<?\34Z\364\\X\217\r\"G\356\244Cd\270\25B\276\356\311%-"..., 8192) = 8192
read(6, "\313C]\222pX$4H\347\360\7\3221\241[\n\30\201\fH\241\325\360\10FH\34.\233\245#"..., 8192) = 8192
read(6, "U\226K\333\247\213\356\223h)4\1I\n\36}h\312\364K}\355\22IJ\32\273\322\t\236eM"..., 8192) = 8192
read(6, "2\17\5r\5\320\235\356Y\354\36H\300\2021\221\202\26\22k\341\202\25i\221\264\342\17\7C$\253"..., 8192) = 8192
read(6, "H\242r\320\f\252\351\242Q\314\266O\253=\231\303\6\v\201r\"M\302\30\244\361\f\312\r\25\215\257"..., 8192) = 8192
read(6, "\3552\10\375\4b\2653\362\345,\27\324q\210\4\255\237 \351EAd8\3721\261\217\350\226\240\265"..., 8192) = 8192
read(6, "\v\27D\234m\253\346s\\:\264D\236\316\"\n\214\204>/8 \233\256\4\277xPg6O\351"..., 8192) = 8192
read(6, ".\3125%T\200\5\257C\301\325:\306\r\260\201\231\316\3u\"|\200\4\220\311L\266\7nT*"..., 8192) = 8192
read(6, "<e\331\206hf\345\217\23,\301c\257\240?\307\267\245\216\224$\303B\30>\341\rC\261P5\217"..., 8192) = 8192
read(6, "sbz\236j\21\10\16\307C\3W\22\34\327B\35\1\0210\20,\241\3556\17\v\203g\236)\22"..., 8192) = 8192
read(6, "\201bS\32$\4\364\22\213\351\37\303\340\34\3165\23\322%\322y\305e\0304\236/\34\323Z@G"..., 8192) = 8192
read(6, "\20x\345\37!\t\221x\f\243\3\207N\373\246\351\230\260\300@H\245H\330@\1\24\266\373<sf"..., 8192) = 8192
read(6, "\274 }\31\236\347\230O`\31\256\250\307(\212\300\240\244^,<\247kH\27kj\233mXi\231"..., 8192) = 8192
read(6, "{34\204\32\211\320\0044\337R\210\34\243\320xQ\327\227\221${y\243\265`\214\24[\341\245h"..., 8192) = 8192
read(6, "!\31,\177\206o\272\317\344\214\347\270Z\267\244\25I\270\276(|\341\202\302'\215\332\347rh\270\240"..., 8192) = 8192
read(6, "\354\t\212\317\263\212!\254^B\27\207%,\315\270Ad\0106\221G\302+\352R\261\t@\367D&"..., 8192) = 8192
read(6, "\3540\31m0)OB\244\21\306\314\21sq\16\t`\224o)\341$\203\325N\301\202P\320\240\370"..., 8192) = 8192
read(6, "F\2\r\206\3274\331.\215\302$>\201&\2304\252\21DAD\202r:)\v\306Y\22\275\1\f"..., 8192) = 8192
brk(0x5555a814c000)                     = 0x5555a814c000
read(6, "$|!\0352\350\0FBI\307\216j\2&\345\302\2\266A\230G\205t\210D@\3\f\250\206Y"..., 8192) = 8192
read(6, "\260w\4\304\27\236\240\30\206dL)\245\34\227\301\21\242\244\320\260\277\307r\6\211\242\32\204\33\276n"..., 8192) = 8192
read(6, "\324\31\375\202\304\323\236\305b\360h\353q\221\274C \326\216\216t\317\22\202A\361^4\17\313F\351"..., 8192) = 8192
read(6, "C\344\216\5\33O@L\304\305f\tm\22x\336&\333\361\234\314c*\353p\234\223\253\334\261\3452"..., 8192) = 8192
read(6, "\32\r\21\3201\341\34\217\t\24l\375\330`X\"\246I\303\200r\256K\213\r\247\210\24\fD\7m"..., 8192) = 8192
read(6, "\366\274$\354\212\347\270^\256\303c\32\311\0r$DF(*\306i\222\1s*}R\260sp)"..., 8192) = 8192
read(6, "\322\3620\361\3620[\355`\234&\1\307*0\7\v\2\314a\7\3\17\v\241F\367~\311\307a\v"..., 8192) = 8192
read(6, "\34\206k\25\205\247\310\356\351\212\301A\243Zb\262y\306(b\23\360\234^\330P\6\257U\232b\346"..., 8192) = 8192
read(6, "\34\24\253d\261;\222_\246\353\26\247\33\351\205\243\253/\322\363x\346\264\327\307\302\365W$\232K\350"..., 8192) = 8192
read(6, "\316\215!\225oD\254\247x-\177o\23\205\245\214a\234rGs\354\326)\252*(\361<\306qj"..., 8192) = 8192
read(6, "\307\340\331\3t\357p(\22\307q\3204\1E\372\24^ \335\32-p6\0012\3608\34\202\312b"..., 8192) = 8192
read(6, "\\Dg\325\32o@\4\324){,\23I\20\4S5_\1\16\243:\237FI\243w\22X\f\231"..., 8192) = 8192
read(6, "\2270B\274\343M\315\20O\235\341\326\225SF\306qT(\206u\23L\332\24Ci\332(\237\361;"..., 8192) = 8192
read(6, "2\30\261/E\31\4\317q\212\361G\300e\33[\336\207\177A\362\270`j\365\226P\373\221#T\206"..., 8192) = 8192
read(6, "N\31\3418u\302@C\334g'J\374\214\343\220d\260M\6\211e\30F\\J\21S6}\30("..., 8192) = 8192
brk(0x5555a8170000)                     = 0x5555a8170000
read(6, "\2572e\341\34\327q\250\5\v\222\"\30\16\217\226\257\352#\253c\276Vc\331\216\3532\270UT\376"..., 8192) = 8192
read(6, "K\260\302\224d\336,\5\221G\222\n\317\274\21N\376\205\351\326\345\210\326\271ot\320\264 \n\206{"..., 8192) = 8192
read(6, "\221Q\343\324T\305\344\305OT\375\274\363\275?\245\314\210A\22$\342Q\r\223\343\230\267\326iGR"..., 8192) = 8192
read(6, "Q\240[\303\202\305\vfM\215t\246\312\347\221\220\300\231\vm\324\247RC\4\rD\205\213t:\23"..., 8192) = 8192
read(6, "\324\305\252\351\4\203\340\23U;s0\341\266\302ZD\251DV\246\271\312\30\277\2\322\305\226\247T\10"..., 8192) = 8192
read(6, "\30f\n\263\363j|\206\311y\276>eX\23\37N\245\260\225\306V\215 \314\205\262\25\33]\3112"..., 8192) = 8192
read(6, "LV\320\227\341\317)q\2633m9%huG\23cR\245I\224\251\236\347\205G\302\240\7\377\335"..., 8192) = 8192
read(6, "=\316\26\215\177\236au\30Bs\224\240\224Q\345\30+\266'\224$\33691Y\302\366O\2775\326"..., 8192) = 8192
read(6, "\352\fwmz\202\20\223+d\230\353\227\20\321\257\230G/x\202Y\341\315\271\306\230\275\34\2460F"..., 8192) = 8192
read(6, "\346\344_z\21\25\277yB\37\305\226\252(\212\363\26\3014Qq\320\234\32\332u\321\230\312[\22\211"..., 8192) = 8192
read(6, "H\243\331\306s9\225\321Rh\241\204\"\344\277u\367cHm\270\222\337Y\222H(P8F\347\236"..., 8192) = 8192
read(6, "\210\351\365\\u\215a))dVF\245\31;[\231\241\204\222\203\fcY\347\7\307m\22\254a\306"..., 8192) = 8192
read(6, "\316\264Qo\244\327\23\25=EtB\\KE\244\351:\207p+\344\266\221\251\334\224\360N]t("..., 8192) = 8192
read(6, "\274d\315]+\247\214\24WU\16\315\326\252\342\32yB\33%\204\26'\204\225Zj\6\311\335:\333"..., 8192) = 8192
read(6, "9\277g\324\37Q:\316\307\336\v\263\357\330$9\212&\254xqE2\36\205\332<\37\311`\254\347"..., 8192) = 8192
read(6, "\345C\35W\310\226an\255\260/z\211\ro\255\304\342\204\323e\374\212UJ[\306\252\325\316Ni"..., 8192) = 8192
read(6, "\304!8\326\366t\326Sx\363^\307\337N\344\222\204\245)\261\367{/\334\256\22\223s^\374\374n"..., 8192) = 8192
read(6, "1D\341*\326\235aj\276\20E\342hm\205\366/f\367\233\326:\346\265a\32\222c*%8\216"..., 8192) = 8192
brk(0x5555a8194000)                     = 0x5555a8194000
read(6, "\21rte@\232\5u\2544\207s\304\f<\4,\261\241\0\235`\303\4.\200\3\t\231J+\351"..., 8192) = 8192
read(6, "u7\222S_\355\370\247Z\212d\221\204-_\207\302@d\226\327\206G\323\226o\306\35C\357x\222"..., 8192) = 8192
read(6, "d\354\330\306\31&/\312!\35\310\261Z\211n\260\200m$\274\274d<\216\5t\236\3\f\222&:"..., 8192) = 8192
read(6, "\222p\21T\266\320\22\255\25\376\24Qqy\257\20\21\236\317\245[\304&\221\351\322\366\334\376\222\20z"..., 8192) = 8192
read(6, "\26W\\\242\315\222FNx\27\245\236c8\36-\241n\\\330\212\360#\247\253q\360\254\220\341\231\34"..., 8192) = 8192
read(6, "\204\221\377D\242\305%\342\2\217C\240\212\241\216d\306\"\3MX\332+\306\354\274\20V\310\202\250Z"..., 8192) = 8192
read(6, "\245\257\314#t\217\277\343\225V\273'\n\346^\322p\10\336\30}\263\206\320\351\352;\206dV\254r"..., 8192) = 8192
read(6, "<\302.\5Ct\2240]m)\2\327\2\358(\202\3s\251\244\307\302K\242\232R`C\33g"..., 8192) = 8192
read(6, "j\t\301!i\202b\2240\16\211\221g\371#\344\270\25\32Imtv\304*\202\245\224Z\236\325\343"..., 8192) = 8192
read(6, "vYR\356\354z\3\v\325\342\371J+\333\331i\324\307n\372\312XJ\237\322D\206\360\275O\25\26"..., 8192) = 8192
read(6, "B\31\f-2H\236t\326\270M\22\226E\362y\302j\212[\263\3041G\325J\206ne9M\344"..., 8192) = 8192
read(6, "\276\260\325C\263\272J\262\25\177\37\2064+8\2069%\3443\30\243\264\361\371S\226'I\nG\234"..., 8192) = 8192
read(6, "4\231\16\301g\20\245/\266h\325\315\30\34\222\320l\265\0243\375\2\203i\355\233J\266J3\236\221"..., 8192) = 8192
read(6, "X\4\322\2459\246\26\2\227\263j[\300\360J\371\337_'\20E1(\220\342B\35\311J\256\222$"..., 8192) = 8192
read(6, "\227#\320\210\26\21\201\365Z\343\334j\30g\22A]0jJHO\3218Gb.\7\r\320Q\210"..., 8192) = 8192
read(6, "\t\341\4\255dn}\31d%U\v\277\256\244\364\323\254\204\v{\25\347%O\270\202\226\331\263\2126"..., 8192) = 8192
read(6, "\325N\252\"\310\225\223\276\303\343\35\217R<\6Q@\35G\23\31A`\245\305\222\236Faqp\214"..., 8192) = 8192
read(6, "\35L\350\34\272\246\232V\333\345H\f6\221\352\201\234\236\364o\210\314\226dH\4l\270`\261\330>"..., 8192) = 8192
read(6, "\367<]Z\244\251ym:\206?\236p=sV\365d3\235\227\342lzy\341:\221f(&\203"..., 8192) = 8192
brk(0x5555a81b8000)                     = 0x5555a81b8000
read(6, "\355\3669\245\216o\360(\341\21s\233\246A!\210\235%\324\250\312#\3\201\321P\347Zg\274\310Q"..., 8192) = 8192
read(6, "\364\32M\225c\31\262\353\30H\267\261\26\t\361\33\353\331\34\232&\331,DLCC!q\20*b"..., 8192) = 8192
read(6, "6Bp\351OqJZO\262D\206m\21y<\311V\256Q\6\205\271\355\2610\250\4<D5\34"..., 8192) = 8192
read(6, "\4\305?\t\207\30w\357\324\10\247*e\371ad\30\332x\267\353\10\206g\344]=\221P\27\373\21"..., 8192) = 8192
read(6, "XO\361\372\21\237V\304\226_g\231?\313\241e\371D\216\2442\221\20K\3170\226_@'P\255"..., 8192) = 8192
read(6, "\34\304\312\3157\241\353\276\n\f\34rzT/\231,\234\264\34\202\212s*\231,>\0052\210\26G"..., 8192) = 8192
read(6, "\22-\301\330\34\256\321\262\317FrT\37R\33\225D\6\311\3714\227*\313\351Bz\336\277\301\221\212"..., 8192) = 8192
read(6, "\354\4\330V\275\264\5\23\36\207\251\206d\35\324\275TU\372\22\310\24\313\341\360\250 \7s\216\326\355"..., 8192) = 8192
read(6, "D\304Si\375<K\333\333\231\216\23\225\2539\\e\37\315^\315;\206\234\242\332\3128\24f\317\206"..., 8192) = 8192
read(6, "\331\243|\271\21\243\204Rz[[,\223Z8\27\357\276\352\357)\341\225\237\331%\204\341\253\261\241\266"..., 8192) = 8192
read(6, "t\343\256G\210q\366Pq\3211$8\370\266#\320H<H7$\26\201\377,ia\234\230\313\216"..., 8192) = 8192
read(6, "\357\16\17\227\24A\222#m\264E\301\304Alj\222\200\v\234.\21\310\351\345\33w\256$:\0360"..., 8192) = 8192
read(6, "\10\202ZL\25R<\3476\320\t\353x\24\303 I\216\377\f\36\1\263-\211\242\2308Gd\36Q"..., 8192) = 8192
read(6, "\257E\223%\336H)\230\212\331\232\241\20\371\25\35\353\331Lc\366\320<\203A\370\27\345ryD\347"..., 8192) = 8192
read(6, "\350[\246\346*\33\236(\212\266\224\336\31mf6\25\314i\234\34\336q\22*\246\255\351\26=\301h"..., 8192) = 8192
read(6, "S6\320\21\32\361\346G\32\232X\216\302C\211s$\34\327A\243\260\275\374}w\30'\363(\31I"..., 8192) = 8192
brk(0x5555a81dc000)                     = 0x5555a81dc000
read(6, "d\371.E\352[F\233op\325\357.\211\240\10\342\231?\4\304\276+%\207\252I!\371z\32H"..., 8192) = 8192
read(6, "\264e\226S\255\257\356\212J\32\256\347(\256f\272$\36\223\247\351Oc\336\273a\320\366\253\21\226\327"..., 8192) = 8192
read(6, "\303\322\242!\334\221X\301\302C\300C\204\f\4\317\241\324\342\234*\21\265\251\224\250I\204\34\36-\t"..., 8192) = 8192
read(6, "\1\203\343\230D\fG\"\225\373\34\353Y\276s\n\233\37\24\235[\177\26\1\211\303\240\233\34\2\215<"..., 8192) = 8192
read(6, ",0\4\25;c\230\222\251\232\314\322b\3Z\210\2;!a\224\241\30\364 7\4\344\344\242 \270"..., 8192) = 8192
read(6, "\212\312\251\227\275\326\347i\367&\315+$\271\33\302H^\233\37\225\247n\235w\351\364\237\225\4\206\365"..., 8192) = 8192
read(6, "2\306q)-8\2\324q\240\234\273>88\232c\352\34\242\310\342\231\274\226^T*6X.\213"..., 8192) = 8192
read(6, "\330\345\331kl\3452Y\357\36\21\324I\\O\220\316N\250\34w\246\224\242\224B\273\236h\32\235c"..., 8192) = 8192
read(6, "z!\344\334l\205\346\314\\\251\24657\35N\33\225Y\361U\367\331\21\341VD\345\234PA2\343"..., 8192) = 8192
read(6, "Q\325\255\274\363\321)\334\215r}\261Y\357D\206\25w\306:Y\4Bd|\334KE\270\202\364F"..., 8192) = 8192
read(6, "\302\n\323\353\377\224 $\217h\334\17.\370<;$S\377\321\367\226\361\27<\25b\177\31kuX"..., 8192) = 8192
read(6, "\2423\234\362\263\347+\355\214`y\246\272-\30\202&\237\20B-\225}~\357^_M\v9\251k"..., 8192) = 8192
read(6, "\262\25\f\276\221\27\257\354\366\267@\21w\251elH\21\223UL\302\315:\357I5\21\23\26119"..., 8192) = 8192
read(6, "{uz\320\304\224\273\265}\202\311\362\261\233q\2521\27\206f\225d\32\322O\227q\322\t\31M\24"..., 8192) = 8192
read(6, "\344x%\344\335l\224\270))!\211\27\251m\376\232bR\24\3\215\245\353\2022\207\r\2\201\304\340"..., 8192) = 8192
read(6, "uy\232\220HG\222w]\2739R\305g\246\360\21\306\316\\\te\4\211\36\202g\264\323;\276A"..., 8192) = 8192
read(6, "h)\226;?\312IN\35[\245\2419N\204`\20D\356\306\277\333\363U^\274\243\264\30~\344\227"..., 8192) = 8192
read(6, "\32;?u=i\32\323auz\257\30Qno\334\315\277\240\244\240\324\\*fU\2711'|\n"..., 8192) = 8192
read(6, "\211\342~ZQ\336\366T\306uIf\t\22\307Hg\246\247\f\2070\34\272W\326=O9\31;\347"..., 8192) = 8192
read(6, "\312\26\336)L\231\356*\f\246\313\266\311\243\272g\354%\201G\350\234\340\372~2\213\2240'\20\360"..., 8192) = 8192
brk(0x5555a8200000)                     = 0x5555a8200000
read(6, "\34\345\272)X\\\377<\301\256\373\23226;-A\353.\33\322\321\235*X\16\306u\270\n\217\3"..., 8192) = 8192
read(6, "ph\\Y\202N/\323\202\5\316QXH\7k\24\26\221mj\34\34CbrI\301\351\357\366\27"..., 8192) = 8192
read(6, "\4\21\303\24Tgi\222\233\355\367+TS\357\364\364M\nL\216\317\20\256.\2710gX\307Be"..., 8192) = 8192
read(6, "\3m\2\314\261\35\260\25\213\363\264.\215\17t\30\27P\307\321\266N\262\342\272D\232\26607<\371"..., 8192) = 8192
read(6, "`\206c\2\203y\361+d\32\222D?g\270\2\211\347\254\246x\322m\232\276\3506\327+\364s\276"..., 8192) = 8192
read(6, "\3546\337\4\t\t\227_\332\262$\258\274Da\205\313y\34\16\r\341\360YT\36\1\320\t\36\1"..., 8192) = 8192
read(6, "l\4\4\n=6H\314\34\301\231\202\333\316\10UN\251\37\372\325\365I\356\254\367!\360d\213\241/"..., 8192) = 8192
read(6, "\251\323\234F{X\345 \214Ot\n\363\363\300\2N\30\216A\30\347\5j \305$\5j\221y\31"..., 8192) = 8192
read(6, "Z\27\232\222\252\345\271ZH,\2418\272\227\23\32\221\210\r\33RP\320\323\263\32\2\245\200\rT\342"..., 8192) = 8192
read(6, "\33\226\271\234R\350\356\v\2166\0262\234g\n{\36Q\275\254t\vq,Qw{Q\243\251\332\331"..., 8192) = 8192
read(6, "\344P\244\365\202\25\252x\241\355\7I\365\231\226>\206\241\225\344\306\205\241X\0234J87#\32\206"..., 8192) = 8192
read(6, "\307\"\v\256^\267]itF\335+\332jm\tFL\232\251\217\345D;\2\323\234m\354\347\254G"..., 8192) = 8192
read(6, "W\6\307Sl+'K\212\2\23\216\260\214\343\370\322h\22\225i8T\0343F?2PX\306\372"..., 8192) = 8192
read(6, "*\302\307\254\320\255\270\23o\315^\205\271\33\316\245\22uW\232\20y\312F\334L\nk\354\355)!"..., 8192) = 8192
read(6, ")\226\322\275FVom\217!\222\10]\371\301\201\r\212\325,W$$\364\212\322\302\v\323\332\275Q"..., 8192) = 8192
read(6, "5-8<\246\37\2268\363Y?o\2658w\251\31\256'\10Z\353\377\234n\220\250*\315\331A\363"..., 8192) = 8192
brk(0x5555a8224000)                     = 0x5555a8224000
read(6, "\375)^\333\242\177\304\343\31\264u\353\33G\1\r\\\242\v\v\204\2414\320\301\34!\213\355\230L\307"..., 8192) = 8192
read(6, "\256a\30\206\"\254\344M\250\342r\254\350(\36\225\365\263\245\10Z,G\10i\tni\2265$+"..., 8192) = 8192
read(6, "3/\360\30\263y+\224\333\267&=U8\302^IkJ\24\222\230l=\303sT\275\216\37\3464"..., 8192) = 8192
read(6, "\275`\345\247\21\302\255aY\326\t\25D\206\20Vho\254\366\327\222\242\236\20\225UF\216P\306\327"..., 8192) = 8192
read(6, "j\33\0273y\251zjq\260\25\213\244sHc\34\211z\301E\34\2029\234+\265\270u{\252\260"..., 8192) = 8192
read(6, "\5\17\227+\314.Fh\206#\222\10\22a\213\355\v\242`U\231\3020\255\351\271\222\220a0\30\353"..., 8192) = 8192
read(6, "\352&\2113\372\277\320\270 \10qV8\231\311\221\355\210\312\2321\225\337/\260\204{c\10\271\273\363"..., 8192) = 8192
read(6, "\24\275\20\n\27Q:U\362*\3725Mqp\20Y\320`\33\237\202\346i\16M\372\206\0\v\2422"..., 8192) = 8192
read(6, "cP\34I\225\266uB\261\344z\34\246\270\206\317\242\255T\242\261\2124R\250\253\365J\302\22\215\262"..., 8192) = 8192
read(6, "\310\23\0346\311\343\334xW\34k\30\16\233z\312\337\225Ym\267xA$r\30\242\25N+!\361"..., 8192) = 8192
read(6, "\376\10\252\356w\t\232Z\234\24\357\33\245\23\30g\21\21\t\242h\375\303\2\221\v\r~\271\32\201\221"..., 8192) = 8192
read(6, "\340\335\30\241:\252\271\241\t\322\344\274Q)\33\342\23g),?\302\315\30\312\222\31438\321;F"..., 8192) = 8192
read(6, "V\266[7\26G\1\235a\216\313\301TI\323,Pg\270\226A\365DK\300\265\n\324\t:\207\256"..., 8192) = 8192
read(6, "]\260\320pp8\4\303\343\271\256\254\360X$\216\325u\226\25\232%(\16\322\205\220\356\10\346\356+"..., 8192) = 8192
read(6, "_'\360p\5\23\3\306\351L\260PHGxBS!\206\342\245\207\30\345\232,2\27\207(\22\350"..., 8192) = 8192
read(6, "\276\244H\316+\3152h\241\351<\306\3\5\23\321\221h\210b$m\342\34}\233\0024\214\373\312D"..., 8192) = 8192
read(6, "$\n0`\234\353q\323S\324:\262%3\360\346:\f\222\223\212\362%\270\317\243\236\23\3053bq"..., 8192) = 8192
brk(0x5555a8248000)                     = 0x5555a8248000
read(6, "\225\252\30y9\343+DqF\30l\337B\216\224\2429{-(\237\222\243\204\22\373r\365RYT"..., 8192) = 8192
read(6, "\207\f\342J>W\331\256L\347HeU\371L\272\270q<T\301\215\v\222o\22\v\357HL\307\304"..., 8192) = 8192
read(6, "Z\10\17t\346\0224A[A$\253\246\23\231\252\2461p\334\212\342FE\354\nJ\276\242\234A\37"..., 8192) = 8192
read(6, "\307I\16E\303\34\217\357\22\313\252\353\322\10\366\266v\355:\354\6\205(\21\351^\225\240\234W\222S"..., 8192) = 8192
read(6, "1\343\274\300\362\202\241\264\336\2719\222\30\377f\5\317\271u\273\273\245\tB\307\274%\2342~\t\302"..., 8192) = 8192
read(6, "\256\347(\326\256!\10,\206F\220:\2075%\226\224\256D\250\24QX\222\242\320s\264$i\317\356"..., 8192) = 8192
read(6, ",BnZ\226s\245\31\21\206\25Rf\354\204!\270FW\365e\37\3118F\24Oio(\361\357"..., 8192) = 8192
read(6, "tE\357v\211\\\2478\320\346'\211\205\f\252\242\320\0104\272\330\202\257\204\277g\202\303\276\262\323m"..., 8192) = 8192
read(6, "(\222pB8\321n\253E\224\4\302|\211\325~\10\202S+\365\210\0344\343\312A\5\24\202\241\272"..., 8192) = 8192
read(6, ",\215\265PWBsD\235\257\370\342\267o\t9N\271\313\340\371Z\225\331\255\264\253\300\32\313Dp"..., 8192) = 8192
read(6, "\317a\205\223J\364\2351\333z\322\30\212\37#N\364\304\251R\273\35\322z\245T\300B\205\351\21\371"..., 8192) = 8192
read(6, "\30\221\357\332\371\226\344\251\213\vB\35\213\251\366\256&\345\\E8\227\343\fM\345N\367\33Q5{"..., 8192) = 8192
read(6, "S\226$\t\265\232\31R(\243x\321\206\303\240,\7\203\20\306\\\327\304T_d\276\344\270g\236a"..., 8192) = 8192
read(6, "\230K\22%\270\352_\244\272\232\261\312]\210\331,\226\336\326\37\211Qn\t-9\25\236\361T\275\316"..., 8192) = 8192
read(6, "\311\301KCkp\274\2,\26\217\330\2557\213\253\331\266\1nB;\341)^(\243\332z\226rn"..., 8192) = 8192
read(6, "\33\212#\211)n\n\3000\33D\242\342\t\226j8B\246\230\226Q\306l\22\31\4\226q\nZ\360"..., 8192) = 8192
read(6, "e\31\206\230\365\245\350\232Q\335\225\232f\245e(9\306i\7t\306\204F\242X\273Fp\266`l"..., 8192) = 8192
read(6, "W\252\362\247\274\351:\216+Qds\274\21\242\316\266\325%*4\222U4\36\217\300\262\267Z:\""..., 8192) = 8192
read(6, "gVL\2447\223\3068\2161wq1\321{\223\177\02131B\226\221\27\27\361\2671\31\316\267S"..., 8192) = 8192
read(6, "RLTD\315]\10u\21S1U\21us#\335\327\224-\226{\23\21\345\324\225\364\25\221\27\25"..., 8192) = 8192
brk(0x5555a826c000)                     = 0x5555a826c000
read(6, "yN8qquN\307\31\326Ud*w5\37\347\204\20[;u\321\23\225\31\263\361\27\37?\321"..., 8192) = 8192
read(6, "L\364X75\306hSu\347\225WFlT\304\206\363\267Q\247\254%\244Q}\227\342F\304\246\240"..., 8192) = 8192
read(6, "\306\335w|\10\23\202\23\237\221\231\302\10N\32{3cT\304)33[S\302\205\236a\235\231\261"..., 8192) = 8192
read(6, "\10\226\301\21[eE_\\Kw\322E\2050\326\344\204\36\263#\0315\375\257\2117I\341\10\21e"..., 8192) = 8192
read(6, "m\235\264\251\30\346]Hq\255\314\2045\263\332\236\25\322NH{1\25\21\3355\255\377\207\265R\256"..., 8192) = 8192
read(6, "lL\216Q\332\345O\325\336O\325_\270s1c8\21a\30Q\27\25\23qYNM\10\35\245\224"..., 8192) = 8192
read(6, "[(\327\307Q\243ph\232G\24\352\35\357E\266\242L\231g:\235\4\265\27'NED\364\326\250"..., 8192) = 8192
read(6, "8yy\263\21\271\23\347\314_l\314]\314\315\335\305\2441\232\21y\31\225\221\312FU\305xS\25"..., 8192) = 8192
read(6, "\253v:B\31\241\10\261^Zj\234S\222\252IR\326y\2\31,\20\245G\222\332\21\325yZJ"..., 8192) = 8192
read(6, "\2105\265\251}|M\33#w\235a\204\264\276\220\206\325B\244i\315k\237\273\365\342\314k!\255$"..., 8192) = 8192
read(6, "<N\31\216\220\301\21\276S\2538\216\344\330\345\276\247\2140\306T|r\224`\216\323\245+\312T\327"..., 8192) = 8192
read(6, "QQ\343\305\372\347\\}(\322k\25F\\\322x\206S\263\271B8sFL\345\217\22\253\254\273\347"..., 8192) = 8192
read(6, "\341l)\2QG\177)S\353\233\375>A\32\322W\225\340\254\366\321Y+\205\372\365\31^Xf\334"..., 8192) = 8192
read(6, "/\315\305\247\20\373\232\324F\345\334)\232\21\267\371\25iT\215\21\352\32?\37W\23\253\325\347[\345"..., 8192) = 8192
read(6, "\t\315#\\}h\301$\214Ft\316\335\214U\265/\30]\2334c\n\325\263QVL\235\26B\205"..., 8192) = 8192
read(6, "\4\227\340\364\31uS\206\341\30c\234\27;NM\234Z_#d\206\0241\232\220jNX\23=\361"..., 8192) = 8192
read(6, "\344\256\17\f\242\331\357(F)\347\261\364\32\37\27\355$\17Q\371\326\215\2578$\177\255T\273\256`"..., 8192) = 8192
brk(0x5555a8290000)                     = 0x5555a8290000
read(6, "\351Y1\227Jtd\216\322\321\363\272{\322\315\235s\245\344\32m\304\33\fF\10o\344f\2455/"..., 8192) = 8192
read(6, "\222\247D\306EON\1779\352\221td\376\346:Rl|\357\315y\212\321}\242\231\322\276Y\373\277"..., 8192) = 8192
read(6, "\366X^\256v\223\377{3\261\347Kg8\333\263\236q\267\3539\371B\\d-\215\366\16\t\211y"..., 8192) = 8192
read(6, "\340\30\351\274\177\2720\31\275\326*\332\35\211\240\30\312\21099/\355n\357\335\t\251\304^\177qT"..., 8192) = 8192
read(6, "\300 \325\23\22H\316D*\312{\263g\266y\251\214\361=\235\222P5\33N\227\364F\346\224\340L"..., 8192) = 8192
read(6, "\2257\2024[\267B\0321\365\27\316\257\331\321\275\261\367\243\214$IN\2552-j\37\2771a\246"..., 8192) = 8192
read(6, "\16\3G\374\231'\354s\274\330^H;!tf\224\244D0\37497ix\306\246\244\272\263&\315"..., 8192) = 8192
read(6, "\10\372\306\322H^8\361\227\206s\221\332\356DH\226\340l\314\r\361\0101\345\317\206Pj\355\\\211"..., 8192) = 8192
read(6, "\305\344\314\216(\355\357\30\3360\344\356]\235\343\3743D*\333\233e\210-\275\344\205b\16KjY"..., 8192) = 8192
read(6, "\273\323\227\202UcH\361\333W\306\244SQ\233\221!\314F\354lH\273\23\325u\202\21\341\2208Z"..., 8192) = 8192
read(6, "\0314\243\316K\351KJ\374\344\32S\236\325}-\325\306\r\225bl(\376\347\356L(\267^\227\33"..., 8192) = 8192
read(6, "\362\331\367\223\202q\247\2240g\10\212\264'\235\345\371\357\314\326\31\276\301\23\25\327'\205w\302\257%"..., 8192) = 8192
read(6, "\315\324J5%\3101'\364emE9\219\375\222r\273V;\302\214\233$\21+m\314\v'\211"..., 8192) = 8192
read(6, "p\30fL\246aE\266UV9\231\237WB\3049\351\2344\261\216ro\365D\304O8\326Fm"..., 8192) = 8192
read(6, "\345\10\243\314+5=%\334H\6.\210\f\241X\246\36\236\321~n;\21v^\204qF[\f\202"..., 8192) = 8192
read(6, "zm|j,E\"\31\242\23{\367\2427\265\343\364Z\267\336\211\233?i\304\326V8\202\363\241\224"..., 8192) = 8192
read(6, "\212\355\224\260\317\3\r\335fR\325\31/p(\301\303r\332Z9\33g\204x\346\n\221\222p{\236"..., 8192) = 8192
brk(0x5555a82b4000)                     = 0x5555a82b4000
read(6, "|\tyC\234J\270\6.\\\10?}^h\236\22\231B\237?\202\223\223\227J\235\20yZ\377\n"..., 8192) = 8192
read(6, "Ki\274W\365\223bG:\0317N\234\220\312\35\207\364\266R\246\344P\370\\3\4\2\203/\301\2"..., 8192) = 8192
read(6, "\2713g\30\367\325U\221\312_\355\217\20\332\355\316\177\30BH\235W7\271?u;^;\367U4"..., 8192) = 8192
read(6, "K+[\36\201\242\255\371,\212IT+\300\202\341\354\373Y\26q\216c\371\34k\330\2525\307\271\31"..., 8192) = 8192
read(6, "\372\360\210\347\371\233/d>O\10G\342\30\33\265\255h_c\251\311\340\265\222,\267\227S1gY"..., 8192) = 8192
read(6, "\212%\325]l\314\266\260)\225\21\363\247\271QaU\357\336\215\2604\277Fv)jg\337\267\22\367"..., 8192) = 8192
read(6, "\302\305\334\275\362q'\365W)\33\371RmD\334\354v\n\273]\323\343\325\254\21\333\247DlVD"..., 8192) = 8192
read(6, "\370y\372\234\25\21[gP\2542\251G\355\205`]1IYB[\361+)!\21|\306\250\336>"..., 8192) = 8192
read(6, "]1\202\320\361D\2123J\227\324\376/.H<\226\3715\373\307\2\24\342\t\24}\302U\325\306\t"..., 8192) = 8192
read(6, "\306\231_\355\t\312\346;\265\302n\366\n\n\311~\214\267Z:]\27\276\240(\332\366l\31w\351d"..., 8192) = 8192
read(6, "fJ\333\265\342\274\246\264%\232s#\314\336)7\336\337GHR\252)\t\37\212\21\25\316~W\307"..., 8192) = 8192
read(6, "\246\234\202t\206h\355\221Lh7\365\242iE\320\370u^TG\212\242\21\252\244\20\225b\2653C"..., 8192) = 8192
read(6, "d\n\255\251_\316\33\336\213\352\250\232X\216\261\206\225\216`\31m\215\263\236\227\212p\221\261\21\343\305"..., 8192) = 8192
read(6, "\240L\n\246\3459\270p?,\232\32Ka\r\7\25\2119\32\5,\0Llz\243p\350[\312\217"..., 8192) = 8192
read(6, "\2220V\254 \2642B\335e\324+N+\3362\244\265\261\233w\257Edf\264e\30\221\25Je"..., 8192) = 8192
read(6, "Fd\33\271N\206O\222\277\206\321\326v\10\331\365uJ\235\332\216j\264\341e\252Sn\267U'\356"..., 8192) = 8192
read(6, "\377N\210\306(\226\220D'\314)c\314\374W\265\344\224!\30\232\263}D?q\312\204\260\333i\314"..., 8192) = 8192
read(6, "\250/\f\207\253\315\322\234w\373Q\336G9\241D\tc\324({\279\221\331Bl\212B\271;_"..., 8192) = 8192
read(6, "\223\224R\n\305`\274\341\2176\202`N<\313\354l\365NO\32^\31\333\nI\2210X^h\273"..., 8192) = 8192
brk(0x5555a82d8000)                     = 0x5555a82d8000
read(6, "\255T\347]\337tDU\215cL\246\261\302\305\204\177\373\206c\30\31W\222_S\351\322\364\275\24?"..., 8192) = 8192
read(6, "e]\324\255\220\343L\205\22Fn\224s\352G\373\306_\225Y\326\3070l\v\235\306h\237%\226\246"..., 8192) = 8192
read(6, "#H\34$JZ\243\35\207oD\v<\232\307\262\226\221s\27-\252q\237a\224\341\224\364\25\363\352"..., 8192) = 8192
read(6, "\31\302\251\225\246\342\t\346G\244\241\324\257\325\177\316\344\212Q^\365\10~\377x\265\202\321id\325*"..., 8192) = 8192
read(6, "\347\225\265\322\322D\315UX\272V\312\224\307i\24\215\31F\210j\357-\305iF\306\346)\327ye"..., 8192) = 8192
read(6, "%\325\337\275'\334M\336e\325\327\375\220\324\t\22255W\365\302N\346\376\325\304\220\304f\367\232\267"..., 8192) = 8192
read(6, "\337\347\30\221w\332\275e\314\304\214S\363\322;\347y{FDe\fQ\216\325D\256\322\242\"\214\33"..., 8192) = 8192
read(6, "\336\307\224U\225\212h\210i\366\215^\364\355\tD\31T\226\333\216qN\265u\377={B\354\217D"..., 8192) = 8192
read(6, "\27e\364;\226\245\335\230\233KSg\325z\25D\331\343D*\247\235\246\374\3443H\342\33\271K4"..., 8192) = 8192
read(6, "(.\315n\346\304\v\206\360\343\224\321\216\362\373\331\337'X\353T\355\337\316\357*F\26531#L"..., 8192) = 8192
read(6, "\365\277q+\226\3651\27\243T\217\20\267\31S\31Ff\354\356\305)\271U?7\37A\24%LY"..., 8192) = 8192
read(6, "\2711\317\340\210Z\374\t\2126\271\255u\374\344HB\345o\2661!\354m\32J\346DhSRl"..., 8192) = 8192
read(6, "GJo(j|)\356\325*<\345(\206\264_a\363\310\342\356H\315\3\23C\20\216\21fF\31"..., 8192) = 8192
read(6, "\237{U\21m\\\204\364\232\223\2W\10\367\fR\326o\33J\224\223\226P\206c\262\334\245\251EW"..., 8192) = 8192
read(6, "mn\236W\2225+Y3ee\213\202i\344)U\306\364\335\t\346G\237\243\336\245\221#d\357\366"..., 8192) = 8192
read(6, "\364Y\326Jj8!k\331\347\345B\335\206\271\222\346eiaD\327\204l\6m.\241\237\206\232\265"..., 8192) = 8192
read(6, "\375\177\2\207\365\271Q\355+\31UB\31\236'j#)\245\305\314\31_N[\276\3254\346z\2024"..., 8192) = 8192
brk(0x5555a82fc000)                     = 0x5555a82fc000
read(6, "aFG\305\205\367\323\327\177\351H\35\241\t\275FN\206t\326\204&\274\324\327\21\206q\241M:\37"..., 8192) = 8192
read(6, "\251\32Vhm\244\326\35\21\341m\244\21_iM\325\316\216\263\27\212\265\261/\ta\32\252\23\312\207"..., 8192) = 8192
read(6, "\255z\357\204\324<\2558\347sDL\32*G\32-\214G\224\206\242\360(\202dJ5\23\23\273\345"..., 8192) = 8192
read(6, "\316\375\234\277\177\31-lk\221J\2546\25Z\250\247\305\225#\214V'\364\225Rc~\325}\317L"..., 8192) = 8192
read(6, "T\335\210+\30\222\270V\216\343TIN\2575b\245\341j}\251K\301$\\j\275\323\306\364\32\261"..., 8192) = 8192
read(6, "\214\361\275\365\316\244\23{5{\35\31YJ|\356Z\27\375\37F\335\30\25\263W\37]7\201s,"..., 8192) = 8192
read(6, "\375\305\344\244\23B\345\317E\214q\21\261\3610g.\213\305\345q\20\4\312\211\366.\315\312\322\t\222"..., 8192) = 8192
read(6, "\24\33\306\206/(!\3446\207\342;\316\206\340\244\21\343\217V=\227m\10\21\202;\0277\261U\316"..., 8192) = 8192
read(6, "d\\\216Bhe;Nn\215d\344dE\316m\324\10qM\224\23\221\323qB[=7\23\306\257"..., 8192) = 8192
read(6, "tI\f*\207\240\255\303S\266-\331J\271\371b\233a\364z\272\2448\271B<\303H\271\231\247v"..., 8192) = 8192
read(6, "\nM\204\343x!\205\2707\351$\303$\2039Z\317H\206rU\221\373\27{\33s\335RV^9"..., 8192) = 8192
read(6, "\347\236j4\303+\346F\364h\226\360\273\2021\247]V\264\250\207H\322RUx\222\240iE\363i"..., 8192) = 8192
read(6, "\325+\24\223\325S\252\223\341\307K\306\355F'I\345\224\252F6\207\325a\244\304\342_\204YV\214"..., 8192) = 8192
read(6, "/x\371\306x[\275\216\231?q)\246\244(\37)D\336*\361gD\272\255\2654\323]FY\225"..., 8192) = 8192
read(6, "\30\206\0277B+\227-\350\267\212\250x\236s\331\326\245Y\326\255\253i~\22e\247q=\306\31$"..., 8192) = 8192
read(6, "\rK\267\325\311\2612A\23Z\322y\366K\353\374\361\204\351x4\265j\1]\276F,\251\t\f$"..., 8192) = 8192
read(6, "7sWD\347\t\177\377\20211\221\25u\271U]\343\377eO\255\341DDJ?\275F\324k\277"..., 8192) = 8192
read(6, "WY\352^\235g\226\242e\245\340\364\250\246\357iQa\335\\\314\370\206\263\322\326\355\10\231s39"..., 8192) = 8192
brk(0x5555a8320000)                     = 0x5555a8320000
read(6, "s\177S#\244PU!IY\223U\322\314\335EVevw|\307\237\224\267\253$\205\"\\E\317"..., 8192) = 8192
read(6, "\264\242\274\343\270\326\334dD\305\211\25k\3359J;B\10Q\267_\223\206\325V\2254#I\237\245"..., 8192) = 8192
read(6, "\356\v\326\206\37<L]\257\34\233\352e}+N\213ch\202\301T\236Z\24\212c\321\323\234\321)"..., 8192) = 8192
read(6, "\320\327\224\263Y\221\216\24eh\365\337\261\331\323R*\306\\\23\275\2631Wg\324|\365\v\341L\327"..., 8192) = 8192
read(6, "\r.\274%\247f\251\341\32\3675\321\337\34[Yb\367uN\274\244H\237\345\354\tm\244\222uw"..., 8192) = 8192
read(6, "\257\262\255\304\247\263\276\26T\272\340\230\232\251\255\223\6\203\257M{\337(\221e\210\361&\321\265\357\\"..., 8192) = 8192
read(6, "\346h\3211\31%\314\354\315\214p\212\221\351\357\345\324\325\31\331\227\257\225zY\25\216\352Y\355\325\251"..., 8192) = 8192
read(6, "d\334kU\331W\212#\224\363\232\26/\306[\3679\367\271\277+*J\277\27Q~\2148\371\306\305"..., 8192) = 8192
read(6, "\330\3271Y\277S\321\231\322\227QF\10\261;\302\10\377\2526\352\377\207\21Y5\23\3128?Fg"..., 8192) = 8192
read(6, "\236\305(\224s:\241\376\v\v\25\16\217 \260\215]\202\342R)\2513\221\4\246)\16\316\t\251\253"..., 8192) = 8192
read(6, "F\320\274dx\321\313a\375v\2773\332\264\342\334\254\347\10\343S\214v\3751W\202\262?\322G\204"..., 8192) = 8192
read(6, "\n\207\30!H!\344\277!\204%\274\340\30RKy\355\337;\341\3458F\33[\35\33R\205\25\327"..., 8192) = 8192
read(6, "1U5\202\30u\312i\302\364\10E\364aIj\32;\2659F\30\2353Q\3559\333c\225\241\\"..., 8192) = 8192
read(6, "s^\207\360\24\216R\236\373B\2364\353\364\21\354\314\324\244Q\n\311\10S\341\226tB*FH\262"..., 8192) = 8192
read(6, "ed%O85=\332\2075\223\243jiUW\337u\337\244\345([q\322\376\365Uk'x\276"..., 8192) = 8192
read(6, "Utn[\247(\332\31\241FMDEZ\257\374\260\t#\314\334\355\32\22659\206\320{\326\345\345"..., 8192) = 8192
read(6, "!\324\325E\236eZ\257\tU\33\376\216\323F\2041F_dj\251\3208[\361\355\30i\334\377\t"..., 8192) = 8192
read(6, "\253\32\327;\24\345\230\261\363\376\niD\305\307M\376\10qe\334\10b\30%\314\210\363QWD\231"..., 8192) = 8192
read(6, "%\355\5F\344m\251s\253\3715\361\306\215\345\2447N\20E\237+TD]\264#L\335\32\377\306"..., 8192) = 8192
read(6, "\245\21473\361\327\2426\236t\273\246\364\177F\\;\277g\204\342\376M\236^\235\241t\266\342\317\251"..., 8192) = 8192
brk(0x5555a8344000)                     = 0x5555a8344000
read(6, "\366\344\t}c)\343\314m\2373\216\321F\215\322~\346\354\305t\337Elf\251Yb*\276\220\206"..., 8192) = 8192
read(6, "\342\215u\241|{z\210\335\246/*\242+\321W\23U\33\235\265\341\316\236\300\342m\305\230_'\254"..., 8192) = 8192
read(6, "\"q\304;\\\321\206Y\347T\317\207XN3(F\207\244x-F\326\274\330a\34KA\303\306z"..., 8192) = 8192
read(6, "\21+\32u_\27YRL\355\230\221R\204\351Lj\365\343\337K\302l\\\32Rz\202\32o\304\354"..., 8192) = 8192
read(6, "\257\265\361\232ty\212#D\347\32er\224\222\245K\222\252(-\204\tt\267<\341YV\230c\334"..., 8192) = 8192
read(6, ":\225\363\263\221\233QRJ^\252+\214\242\31\31\177)\214\250\250a8\327\306w\264_\31^I["..., 8192) = 8192
read(6, "\216u\351\234\245\326\335\212\35^\207\2448\306\2063\23eXS\257(\227\257\2661\246\241TV\30~"..., 8192) = 8192
read(6, "keEvx\27\35\277~\251umi\225\353L*F\314\315\205\335\273\223\226#\375M\347\32\206\32"..., 8192) = 8192
read(6, "D\n\3029\27\23\325'\355wLFU\t\223y\221\343:\251m\20\325t\304\31\337s\333\302\315\344"..., 8192) = 8192
read(6, "R*\306l\216\226\235'\354\244\21\316\346\216ah\302\30\206?q\361\226\246\355\30$\261\21Q\322\276"..., 8192) = 8192
read(6, "4\21S\373Ff\205\321\355D)\f\363\233\273S\206\361\237\306\t\206a()\204\263\347t\315\213\271"..., 8192) = 8192
read(6, "[5\367;s\21\235=_7\261\331\225/:\265\233\327\316\236\361!\334|\235\263Y})Tib"..., 8192) = 8192
read(6, "\250S)\324m9\202\371;\320P\353\251\345\244\241\32k\376h\2479\276ya\10I\343u\316\224g"..., 8192) = 8192
read(6, ",4Q\4\213B4\3456\241\36\2654\37\231\25\347\212\32\17\7Un\314\354N9\326\ti]*"..., 8192) = 8192
read(6, "&lH\316\321q)23\265\200t&\306qx4\373\212\247\321p<lp\322\327\t@\267N\v"..., 8192) = 8192
read(6, "8\23J\262\250{\346X)\234\236OBBa\260\270\2\306\275\347+\251\37|\30\245\237\342\266N\317"..., 8192) = 8192
brk(0x5555a8368000)                     = 0x5555a8368000
read(6, "\1\261\257\234b\21\260\20$\322i\272ZJ\217\341\30\246\330irv:E\2224\312\311ha\273\236"..., 8192) = 8192
read(6, "\376\221@\35\21\331\320\vlB2(\22K\264\266\246\254\23\325I\5td8gX\204\350V4\226"..., 8192) = 8192
read(6, "\363\320\"\35\23\316\361\234\211r@\227\345\241\\`\34\266\301\234\23C\320\31\205m\264\216\5r\307\201"..., 8192) = 8192
read(6, "\236BH\2\16\326R\254\351\257\346J<!\212*\213KAk\37\215*T0p\336\231\311\23,n"..., 8192) = 8192
read(6, "\21\213\305\3444a\33\355\22\4\227\225\212\216s\226\220IC\244\202\3\261R-8!\204&\20\t\332"..., 8192) = 8192
read(6, "\355kR\326\251F\3610\35\27\203T\36QhT\315\305)8f\v\310\0r\366\223\370~/\201%"..., 8192) = 8192
read(6, "'0\315\216Bb\204\311\242\233\246G\"\317\30\307\303\303\364\347|!\233\312\263'H\16\0170\360\350"..., 8192) = 8192
read(6, "\204C\204t\270\2409i\34Jx<e\210\354\276A0\v\21\24\252/\270\34\306>\307h\260@d"..., 8192) = 8192
read(6, "*\266\302r\202M%a\306\10P\7t^+\252+hA0\326\v\260\240x\247\33 '\27\23\25"..., 8192) = 8192
read(6, "\305\243\256_\n\316)40w\355A\235\357\330\264\242\36\36\325p\22\310\34.;IKb\246\301\26"..., 8192) = 8192
read(6, "PQ\252\4t\365\24<\36\201\336*\255\311I\334?\246\1\16\304\222m\374\262\4\17\312]YL\266"..., 8192) = 8192
read(6, "\303E\345\t\206\313\244(\205s\255\225@\313\20\236p\330\360\253OXn\336\315\34}\23\365\330z\266"..., 8192) = 8192
read(6, ";\345\345(\6\317:\266K\200r\202\3469\2\315\23\0C8,\355\33f\209\311P\222+.\261"..., 8192) = 8192
read(6, "\226JDe(.\23\r\7\227i@D7\7I\273\26\3105\5\241\354\372\34\234\376\331\252\3r\255"..., 8192) = 8192
read(6, "\251\336\272\353S9\nA\261\\\317\363\204%T\267f\232\354\274\304E\343\35\361z\nE\23E\232\364"..., 8192) = 8192
read(6, "\17\223\353\230\236\251\333\4\336{'\330H\247\321jL\0166X\32\2609E\340.\7\363\33\226\346)"..., 8192) = 8192
read(6, "+\264\34r\21Y3B\31\23q\256I\242\246j\21\371\232c\30\26\21\7\21\207h\231\306\351ep"..., 8192) = 8192
brk(0x5555a838c000)                     = 0x5555a838c000
read(6, "\0\203\247\260(\232\245\23\f\v\t\327B\235\30\345\324p\220\264\235\376\270\256\241\371\347\252\26\215/\5"..., 8192) = 8192
read(6, "NqX\261\2\217\325[\375>\203\242\f\201g\20\351\355\321\232\242$\215\241\310\257$\213\302\21,\306"..., 8192) = 8192
read(6, "\350\21\6\7\23U\10\311U\320\346\1\203\306B\6\23\300 @\203Oh\364\200\203M\224\256\nuJ"..., 8192) = 8192
read(6, "RN\252\376\206\22c/\223\235\n\253\305\311C\242,\v\317(\26\312\315(\3100\36\7\217f\352\246"..., 8192) = 8192
read(6, "\366j,\202\352\t\n\201Xg\273\204\316\22\t<\216\301I`\210\305\243\252L\272Y\336z:\213\240"..., 8192) = 8192
read(6, "\22\201\5r\0360\330m\333<a\323\267jEB]p\254\231\201s<&S\245\277l\321\322\310\315"..., 8192) = 8192
read(6, "c\264\254+\26C\253\202?!\\\ni$,8\247\361\320\v\323\242\23+\10\336m)\4\327\216#"..., 8192) = 8192
read(6, "\323\34\213)\270O\330\363N\373\222ASi\31\310` \335\227P8GC\225\261,\255Hbje"..., 8192) = 8192
read(6, "o\321\374\212\336\10\307!\377\322\261I\326\215A\310)\330\\\257F\32\"\213\353&W\f0,\323x"..., 8192) = 8192
read(6, "\355)\322i'\21^\0\35\203\201\f\311\304j\340\34\21\317\270D\255\373C\323\307\261\246a\321\0102"..., 8192) = 8192
read(6, "\314\33\232\1u+\370\4*\221\307\342Rp\246\242\30\226\350\341\202\251\231D6}\323\350\32\273\241\211"..., 8192) = 8192
read(6, "\202\357\274\377\34285\r\16g\271f\2514\357\312\23\306z\247\250Cs;D\216#K\2764M\302"..., 8192) = 8192
read(6, "\6\273F[b)\3513\310n\244b:\276\264\36\213\353\1\203D!\250\313Nq\212bx$Q\\"..., 8192) = 8192
read(6, "\"\316\345X\316>\17\r,\374I\212#\261\\r\10\234\372\256\323e\324\210U\24\n\207\326G\340)"..., 8192) = 8192
read(6, "\222\374c\4\221O\301#A\235L\262L\316Y\236d\21X\310\240PB\335\333\235\24\16U\353\234\317"..., 8192) = 8192
read(6, "\362\260\270-z\232-\230<\301cdH\216\252p\260\260l(c\356\320\372\212\313\300$\20\330Y\272"..., 8192) = 8192
read(6, "\253o\363\20\243\34\5\7\17\261B\341\360@\203\207s\305@\301\232\216Oly\307n\300\234\23\24<"..., 8192) = 8192
read(6, "TP\307%X(W<\7r\4\276-\232C\245\263Xq\300\320\232!c\31\341\322\264r \261\273"..., 8192) = 8192
read(6, "\347\223\260\334\371.\7N\260\33L<0g\360\370\312B\235\261\6\205E0oYo\362h\16\t2"..., 8192) = 8192
read(6, "\311\203\v\326d\333\245\t\253y.\311z4\n\v\323\322\244\2569R\261h+\r\213\213\r\226xk"..., 8192) = 8192
brk(0x5555a83b4000)                     = 0x5555a83b4000
read(6, "\231\301BE\300)\313\214\220F\212h\301\200_\330@9G%\333\324+\333\30\307x\\\24\362p1"..., 8192) = 8192
read(6, "\31\23\27\31\242\21P\330\214\f\4\f\f\24\254|\254d\244t2`\24C\310d\366\223s\r#h"..., 8192) = 8192
read(6, "\4l\370\302C\306\3`2\35\233\354\310\224T|\\hA\0\37<\\\24\4L\274\301\0\30dL"..., 8192) = 8192
read(6, "\214\4\24\244\254v\261\216LU\30GNF&3\1\6\25\2000R\222\7%\306\361Qc\\\0\230"..., 8192) = 8192
read(6, "\21\21\21\21!GDFD\320E\330\21\21\21\21\21!\313\21rD\4E\204\35\21\21\21\21\21%"..., 8192) = 8192
read(6, "\4_\4_DDDDD\244\34Q\21\21|\21\24\21\21\21\21\21\21\25Q\21\21\21\21\21\21\21"..., 8192) = 8192
read(6, "TD\0\6\200E\320EDDDD\204L\24A\22\0216`DPDDDDD\204#GDD"..., 8192) = 8192
read(6, "\17\0\1\21\16\377\360\17\35\16\17\356!\361\17\361\357\337\377\17\20\16\361!\21\2\17\21\22\357\377\17"..., 8192) = 8192
read(6, "\314\4|<t\4\274\234,\374\214\214\4I\332\0246\236<?\272\320`\332\322\262 \6\1\37\306!"..., 8192) = 8192
read(6, "\22\244\35\1\37|a\33B\241\7\242\201\27\210A\3\25X\341\0075\362@\32m\360\33\240FJ\10"..., 8192) = 8192
read(6, "\2178\230F\16f$\20Bc3\201\310\240\33XQ\220,iLR\20\260\321\r#\301\260P\300\7"..., 8192) = 8192
read(6, "\10\305M\303\302KX\217\v\30F\202gP\202]T\30\1?\266\316\5]\360\204l\230F\207]L"..., 8192) = 8192
read(6, "\21\37\23\17\2\337\376\35\5\361\1\0`\17\340\320>B\20\361\17\37\0\341\360 \"\342\342\20\23\1"..., 8192) = 8192
read(6, "\314EANE\300\31\303JE\307J\304M\305@\23!3!\232L\215hu,\24|t6k\312"..., 8192) = 8192
read(6, "b\34\r\33\301\rv\24JP\220S\6\202P \206L\301\0234T G\202qt,\24,<\204"..., 8192) = 8192
read(6, "p\302@\n7T\350\306\312I\nidC\0212#\310\201\5\2421\346PA\32b0&\31DP"..., 8192) = 8192
read(6, "\205\37,\266\f\37\214|\fT6G\20\241\33\243\ri\344r\243Fp\362\221\312T\244\254\360\201\31"..., 8192) = 8192
brk(0x5555a83d8000)                     = 0x5555a83d8000
read(6, "\21Y4EE\211 \24\20A?d\20\301\305\315\37\213n\324\210a\323S\224\fi\205\30\\ a"..., 8192) = 8192
read(6, "8\210\305\310M\207\rL6\302\320\201\34\27\3~M\2201 \6%S\320\310Eis\23\260QR"..., 8192) = 8192
read(6, "E!\300G1P\223\241\5\33\202a\32\1\25\246Q\22\6\37\242\21\20\340\0253\37)!\23d\331"..., 8192) = 8192
read(6, "\5\31\200\201s\270\0g \7'\360A\216\23\210\303GO\204j\230\306\206\22\244l|\374|\240\201"..., 8192) = 8192
read(6, "\361\376\0200\336\342\363\r\355/\4\16\360\340\36\20\320\"\21\343\37\340\16\0 \"q\17\361\37\0\1"..., 8192) = 8192
read(6, "\2\26\324\6zP\310d\0046\33e\4SaDP\310\370A S\241\5Aq\331|6\1\242\1"..., 8192) = 8192
read(6, "C\7\31\4\234\30\207h\25 \307H\4(\2~00\340I\243\30\5\373B\n\35\3133\241\34b"..., 8192) = 8192
read(6, "\200`|L\334L\370\1\30\334\10\306Bv\1g\324\10\203q|\360\1Xh\221\210C\306%3\r"..., 8192) = 8192
read(6, "!\367L\337\316\rR\37\322\340 |\224\226\300\0252?\361\276&?F>2\376j\357M\20\377\17"..., 8192) = 8192
read(6, "H\2157\305\20594\r \4\234\307\5`<\2176LT\303\237\30\307\312\300\vX\303\ti\360\261"..., 8192) = 8192
read(6, "Pq2\0\6f\304\235\314H\35|\f\307\304*\3136k\3306\5\351\3326\5D\360q\325\203\t"..., 8192) = 8192
read(6, "\241\233|\200\301`SQ0\262\321\261P\2211\332\211!\3\37\262L@E\307\315\310eSR\221Q"..., 8192) = 8192
read(6, "\334\214\315Fep!\6_\331|\370\201\31\362\241\339\267\361\30\261\274\17g\374\5\23O\311\314x"..., 8192) = 8192
read(6, "-\377\377\37\363\2#\20\356\341\21\20\20\336@\0\360\377\362\302\340@\0 \20\16\0\357+/\377\36"..., 8192) = 8192
read(6, "\362\3302\23\17\37\3\5)b\330\234\244\23\214TC\216\30\223L\234\24\4V\222\2216\rD\24\234"..., 8192) = 8192
read(6, "\220\22 \32\25~@\109'%+\25?d@\4\27\203\315\0040\2#IC\30\302\320 \6z"..., 8192) = 8192
read(6, "\27dA\312\213 t\4\2146\380\220\1\6\237M\350\16\242\361\331v\361\"\6U$\357\260\4"..., 8192) = 8192
read(6, "16\37\35\23\241\215i\234.\257e\223S\242G\320\241\5\202\331\330&c\31\258\360#\6C\261"..., 8192) = 8192
read(6, "\0001\361\2\37=\361\2\2\21\21!\377#\17.\3620\16\1\1\23\341\0\21\21\21\21\337-\16\22"..., 8192) = 8192
brk(0x5555a83fc000)                     = 0x5555a83fc000
read(6, "\6\30\20\206gtm\263\6\250a\210E\203n\204\370\5P\224p\203N\204\314\200EG\317P\f\214"..., 8192) = 8192
read(6, "U\2146\1\37\247\34\214\370\225\\\4\370\22LLt\30\301\304KM\20\274\v\30\\\200\201\21\254\f"..., 8192) = 8192
read(6, "E\301\303\10\32\10C@@\312\206h\223hB&\7\25\v\35`<\5\33\327\3211!\6d\224\234"..., 8192) = 8192
read(6, "p\306D\310\7!L\230F\307\210'L\214\370A\215\31dX\301X\220\1\21h\301\307\304\3042\\"..., 8192) = 8192
read(6, "\23\3610\362\322_ \f-\357\37\342\20\34\341\321\372\335\342\341\360\340!\21\360\377\16\0\362-\341#"..., 8192) = 8192
read(6, "\26\210Eqd<L\214\30\207`2\33~L\371\234\0Fy\274!\323\241\305\1\6eQ2%%"..., 8192) = 8192
read(6, "\240!\323\35\335@\328\0\6\242\321\311C'\23|\310\24\f#\323\201\4)\25\35\23\31\37%\23"..., 8192) = 8192
read(6, "\200/\370\201X\215'2\1#\25\221\215&\204l\f\220a\27%\5\323pA\204MAa\240\333S"..., 8192) = 8192
read(6, "\21\201qd\254TGK\201n?d\340@\212h6+\31\5\353\f\3E\220\21\f%\201MF\207"..., 8192) = 8192
read(6, "\5M.,\21@M\33\361\362n\"\316\fA.?\307\3P\"\2\21\2\3762.\32I \377["..., 8192) = 8192
read(6, "\234LE\212q\20\6\32\270\200m\f\f\00704\203\21<\30\7`\374\305]6\r\253\\Le3"..., 8192) = 8192
read(6, "\231\\\266=\0f3\5\21[\5\25\v\225\315E@\25\21LlT\20\301HEA\305(\313\344\\"..., 8192) = 8192
read(6, "IFAQ2\265\35d,T\214\223\340`\17\247\315\10\26\360B\7\21<\200\21T\\W2`\260"..., 8192) = 8192
read(6, "\33\3613\374\16\320\22\337\222\16>\317\357\21\341\376\f\21\377\37\377!\1\361\316\360\37\16\36\22\0\377"..., 8192) = 8192
read(6, "\300\300\210h\274\370A#\263S\333e3K\f2\2449\334D,\210\306u\274T\0F\211't\214"..., 8192) = 8192
read(6, "\200\24\246\300\vjpqfPS\342\31`p\261\311\220\6g\fC\206\rl\34\370\301/\257\301\5"..., 8192) = 8192
read(6, "\360Q\315\220\222C\32f\21\340\23\202\260\352\210\206gp\306\2\21\260A\n(\350\301\fr\340@\310"..., 8192) = 8192
read(6, "0k\23\22\24\244 \30610\301\30\5~\261\16\210\t\24\200D`C\327\203\v\234Q1\3\6="..., 8192) = 8192
read(6, "#\"\36\17\2q\360\300\22\340!\0\342\20\".\17/\360\17\377\35\36\360\341\377\0\340\376\301\17\362"..., 8192) = 8192
read(6, "\21\21\21\21\21\21\21rDDD\320E\4EDDDDD\310\21\21\21aG\4_DDDD"..., 8192) = 8192
brk(0x5555a8420000)                     = 0x5555a8420000
read(6, "\21rD\330\21A\27\21\21\21\21\21rD\310\21A\21\21\21\21\21\21\21\21\21\21\25\21\24\21A"..., 8192) = 8192
read(6, "D\330\21aGDDDD\204\34\21\37\21\21\21\21\21\21\21\21\21\21\21\f\21\21\21\301\27\21\21"..., 8192) = 8192
read(6, "/\377\356\321\360\341\340\17\35\340\355\0\335?\3220\0\363\37\323\300!\3\375\37\r\334=\"\22M\0"..., 8192) = 8192
read(6, "\17\f\357\376\16\1\376\22\377\1\17\336\341\360\341\335\"\356\"\340/\360\342\376\37\357\1\335\1\7\35\377"..., 8192) = 8192
read(6, "\377\1\20\342\341 \321\37\340\35\17?\3\17\336\361\361\3\2\377.\376\357\376\20\361\360\3\357\361\20\337"..., 8192) = 8192
read(6, "\360?\340\376\r&\2$\24\320\340. 4\360\17\376\361\"\356\2\317-\360\0 \0\357\361%\2!"..., 8192) = 8192
read(6, "\17\374\33\304\3240}.B\17\300,\0\2\363\16O\340\1\354\360\20\0263\361\361\361\17\341@a\36"..., 8192) = 8192
read(6, "\0\360\23\36\361\377 @\320\377\21\34\20\343\377\20\16\17\360\320\3601\323\2\261\1\0\16\362\276\363\343"..., 8192) = 8192
read(6, "L2\31#\37\279hP\310r1p\26d\\\21\4+`p&\27\5k\220\261\220!\6\177\214"..., 8192) = 8192
read(6, "\203\303\222\205\34d\2201\220\301\tu\274\305IA\t\37\254hA\301\305\306f3\331A\6\37\4E"..., 8192) = 8192
read(6, "3\1D\330dL\223O\3050<\f\220V|\10Vl,AG&3\360\21\330T\200!\27\3\31"..., 8192) = 8192
read(6, "\7\33\254\220A\305a\32\234\20\3201\240\5\r\3\247]\254\210\6a\305\0%\4\370B\6\32\360\301"..., 8192) = 8192
read(6, "\206a\205&\244\f\254\220\0010\254\4E\301\0203\205!\230V\210FA\306\302E\313H'\2632\342"..., 8192) = 8192
read(6, "5\5\305\2601\22P\25\315P\362\4\1W\361\323\220\3112M\261\311\374L\201\36t\\T\334\223\224"..., 8192) = 8192
read(6, "\22\1\24;\317$\v\250!\30z\341\331p\1\n8p1\3603\332,\3`\200DAH@D\376"..., 8192) = 8192
read(6, "\2611\30\344\211h\305V\210A\226\24L\254q\220\301\300W\f\4\254A\206qdIA@A\226|"..., 8192) = 8192
brk(0x5555a8448000)                     = 0x5555a8448000
read(6, "\36\254\211f6\5\324@\4Z\260`\312)6?+\33\17` \26\272\311\330\205 \10\5\37\f\210"..., 8192) = 8192
read(6, "'\1\35\242Q\24\31CMP\260\222\22P\24\200\321\260\363\321\0210@X\331h\206PA\316\f\30"..., 8192) = 8192
read(6, "\313\310HI,\37\25\306\311\24\\\30\22\254tv\360Q\360\311|AFEQ2\1\244-\3\306\331"..., 8192) = 8192
read(6, "A\4\27\1\27\200\34\31zP\26\1\246\301GA\26\272\241[\310\307\23d\5`6\315\"\n\5\241"..., 8192) = 8192
read(6, "\2\363 \340!\361\32\361\r\376\375\376\365-\20\24<\375\365\fa&\17\357\361\352\361\320\342^\361\3"..., 8192) = 8192
read(6, "D`DP\21\4\1`\330DTl\20AA\0\21\\,l\24\254\303\n\21#\23P\20p\222Q"..., 8192) = 8192
read(6, "\33\301\35\242\5\37\37\1Z0\4\r|\304pq1\2\6\255,\223\363b\234\315\302\30524\210\1"..., 8192) = 8192
read(6, "\21p\6\21\203\"\314tt\370AN\333,\224\200\302\317v\320\306\10\22\200\305\305\375\4\3`\2501"..., 8192) = 8192
read(6, "@0r\330\f2`0\f\201Q\\\2746S\4\200\220\25\225=\f\266\315d3R\362\5\25s\262"..., 8192) = 8192
read(6, "\341\357\322\377\22\21\"\21\2\37\3770\20\20\2 C\263\17\333\v\303\21\377$<\377\220\3021\"%"..., 8192) = 8192
read(6, "\10\27\v\276\260\2X\241\4\325\4\35#\247\314Z\224\210\341\f\334\310<\210\21\24xB@u\24\24"..., 8192) = 8192
read(6, "0 \30\306\321\361\200\333R\22\220\222-\304`\3\232\31\204\ftp\6\32OJA@\206`h\301"..., 8192) = 8192
read(6, "U\221\261\26\30511\260\5\25E\261P\310|\254dEEA\3\30a\313\214\f%\223Q\25`\310"..., 8192) = 8192
read(6, "q\4\2\267\f\31\254\32Va\27\206\201\0343\357rA\32-\1\1\35\210\240E\223c\0277\215\215"..., 8192) = 8192
read(6, "\17\277\362\362\0\36P\37\f\342\22\37\20\361#\17\261\f\37\377\"\0174\377\16\320 \0172\17\2\356"..., 8192) = 8192
read(6, "\310gSq\363U\261$\2701B\30\33b\20\260\221\221!Z\20\320<\363\304\224\235\215qL\f\340"..., 8192) = 8192
read(6, "\254t\224\214I\200\30T\4S\314\200C.\323\345\221\21PU\26\25\1\33M\25\1F\310\4A\207"..., 8192) = 8192
read(6, "\2742\27\202\220s\325\35\5\1\251\215hp\305t\t\26\304h!\363\300\213M\26x\"3\36u\20"..., 8192) = 8192
read(6, "\301\22\314tx\206hL\303\310G\1\37h1C\307\300'\327\3361`\34\25\235\r`\210A\266\24"..., 8192) = 8192
read(6, ".BA\321\37\r\314\243\375/\37\0\340\16\277Q!\325\323\36\25#\376\23\37N!\2\0<\21\304"..., 8192) = 8192
brk(0x5555a8470000)                     = 0x5555a8470000
read(6, "\3069<2~@\32\17\7\242Q\205\314CFA\211\r\4,a\0201P\340\227\fQd23`"..., 8192) = 8192
read(6, "T\34\23\23\23\31bX\374\24\230\201'\220\1\36\1X\230\6g\370AN\360\t\21\330\1YO-"..., 8192) = 8192
read(6, "C\n\"\214\234\20B\tX\320\303\224A\300\200[\204p\302\0\vdx\206g\360\302E\0f2\245"..., 8192) = 8192
read(6, "1\3\200\260\262>\25/x\321q\322\220N<\v,\300M\242\33`\215\314G\206g\315\302\300\300M"..., 8192) = 8192
read(6, "\352\337\17\r\20\0170\35=\1$\272\1?\0\375\22\16\340\360\376\376\364\262\361\0\305\f\360\360\377\373"..., 8192) = 8192
read(6, "%\23\5~\330\244\4\4T\23h\201t6\303P\221\25\5\230\331\20!\3F\222Q\261\262\220\203\34"..., 8192) = 8192
read(6, "\334,\374dE\203\30\2201\304\307\312\34\334\301K\1\21\4\324|\0u\334\211g\262LG\311J\r"..., 8192) = 8192
read(6, "p2,l\10\206n\210\266\210&\243\33%\33\334\260\221\240\5\1\377\20Rb\5\306\r\37\203\300\7"..., 8192) = 8192
read(6, "\301\17\21L1,\201\30<\210AG\316\307J\201\30\200\222\6\19\5\27S\361\302\307\34\305\320Q"..., 8192) = 8192
read(6, "\376\0\374P\361\r\320\355\21\356\356\r\4\260\341\301/;\357!`\36\n\36\377\335\340\36\356\355\317\17"..., 8192) = 8192
read(6, "\3F\331\204|\205)\310\200`\224\244\30G@\215\21c\227LmC\32S\300\7\3251,\305p\201"..., 8192) = 8192
read(6, "FP01\3313\2342)\305\360\0213\3260sA\48\340\313\204LA@\310P\6DP\310\214"..., 8192) = 8192
read(6, "6\201\235\6\31'\244\261\22\260\21\220A\6\272\25|q\221\32|T\20\3017d4d\266\f\37\267"..., 8192) = 8192
read(6, "\30\23Sr\242\305\340\t8<\27D\300\307\r\306\201\33\31%\37+\246\5F\360\22 \6\27\5\25"..., 8192) = 8192
read(6, "\21Q\21!GD\330\21\21\21\21\21\21\21\301\20\221\21a\333\21t\21\21\21\21\21\21\f\21\31\21"..., 8192) = 8192
read(6, "G\4\205\35\301\27\21\21\21\21\21\frDE\4\205\35\1 \21\21\21\21\21\221\f\21FDPG"..., 8192) = 8192
read(6, "PGDDDD\204,G\310\21AaG\360EDDDDD\310\21~DDDPGDDD"..., 8192) = 8192
read(6, "\23-\26401\2659m\364]KQc\364\350\265/]TUdUTt\316\337V\245\24\221ys"..., 8192) = 8192
read(6, "\30\2235\316\\\260\355\t[s\265A\221\343;\16\221\320[a\230a\305\327jaM\210\246r\301\221"..., 8192) = 8192
read(6, "]\32\37\331S\222\31~pDP\354XD[\235\256\26\322\337\335\250\312-\215\325e]\264D\262Q"..., 8192) = 8192
read(6, "\35\301D\2072yJ\10\26\311\232\316\304m\306\v\206\256\2060\353p\304\365\205\241\204\262\202\221\365\306"..., 8192) = 8192
brk(0x5555a8494000)                     = 0x5555a8494000
read(6, "\212\231\312\367\375\324\316\326F\216r\275q\263\263\267sq\255\250y\247_\376_l\212Y\357fx\341"..., 8192) = 8192
read(6, "7\321\363\263\177~\210Z\2062\202dt\234\21\222\346\324\366\\\354\370[7\321\302d\326V\217\33\25"..., 8192) = 8192
read(6, "\266s3\346\244Q\241\315\254\25\21V\225\20\237\242V\325\216.\10F\21\21\31\21?SRT\213\33"..., 8192) = 8192
read(6, "\250\206a\364M\227\372\236\2615\343p\314\216\241\31\302X\221\333Q\202\220Tw\223=W\325\313\243v"..., 8192) = 8192
read(6, "\377F\334\t\366i\306\204\327[^;au\254\32\257\365\31't[uus1_;\277#y\236"..., 8192) = 8192
read(6, "Qc\214\365\305\251\317\204{^\266t\221\37\31\357\206'\\\324\236\240\215\22{\243:^\306\\\10e"..., 8192) = 8192
read(6, "\233B)\362\255u\363U\261V\334\325Ig9\275=\24\235c\277yg\nk8\302JB\275>\336"..., 8192) = 8192
read(6, "\367ya\30o\335\246\272F\377$\275\261\31\27137\0213NP)3S\263\261~dg\314\264S"..., 8192) = 8192
read(6, "\21s\321uy\373\267y\236v\312\355\272\267\365e\326d\235t\302\364\207'T\31\236\253\224\21N\236"..., 8192) = 8192
read(6, "c\30\356\270\223\21'\244\222\222Y\34\2325\257d\364\230\331\35\263+\314;\246v3;\375\226\266\241"..., 8192) = 8192
read(6, "u\4\232\221\261\221\35\33U;\227\347L)\263N\31\21e\254\326\333)\335\326\205\223BMl\334M"..., 8192) = 8192
read(6, "\nID\345\2541Uel\256t\23\31;\373'(\312\244\37\255\344\177\210U\332UX\206\241o\365"..., 8192) = 8192
read(6, "\327\263\367bV]\255\343\374\225S\231\302\3468\325S\21\245\214#M\214\220\253~\254`\246\20\361\236"..., 8192) = 8192
read(6, "h\247\234\340\326iV\r\225\0227\356\365\236z=\343\v\302\234\20\323\23\222\325+\366\317\235w!\t"..., 8192) = 8192
read(6, "\31\365\316\204\221VLmiR\204\321\35\365\23U\37S'X\31N\214cY\361{\255\234\347mY"..., 8192) = 8192
read(6, "\225\344M\204c\205d\10\216R\263\235\31\267W\27\267\243z\3377]\265y\253u\315\315\254\243\324\354"..., 8192) = 8192
read(6, "\364\214\365U\261\345\364\212cL\374\364DL\354U\217!|\2778U\212\325!\214)\334dMe\357"..., 8192) = 8192
brk(0x5555a84b8000)                     = 0x5555a84b8000
read(6, "w\243\315\335\344\\\216\209\33yW\21uS\237\321\221\227\23N]\314\230/\2450\361\232@\362\342"..., 8192) = 8192
read(6, "\216\243\10;\327\234\265\316\23I\316\307\323\v\227\306\n\325\353\275S\37\377\221Yg\324\345\t\221\263\216"..., 8192) = 8192
read(6, "K\240n:\3053\316\337H\251\254\250\334*z\306\236\27\241|\335\334\33B\335\270J\224\316m\30\234"..., 8192) = 8192
read(6, ")\372\376\32)\274\241Z\35\35[1\25B\234\260U3=\243\245\360YQ\263\243\212\3279\306(\21"..., 8192) = 8192
read(6, "\235\22\351l\355\362\230$q+\2241q\216.\251;\376v\370wk\322\224\21\365^\305\344\367W\375"..., 8192) = 8192
read(6, "\254\22\245)QJZ\325\302\324\314\256\343dD\225\221\206\350K\332\334\204Wm\366\265?\247M\233\26"..., 8192) = 8192
read(6, "\35Z\360h\367F\323\234\21\223I\340\357\31\31\202\260\323k\335ENF\357\332\316\214\242\205b(\326"..., 8192) = 8192
read(6, "Q\231iJ\306\254\264No\336\335[4\31s\336\252\316\221\320K\306\365\23E);v\33\241\250\31"..., 8192) = 8192
read(6, "\377]\357n\10w[7;\345l\371\223\37\275N\336\235t\267\3335\261\227\331\325\377_SW\267\31"..., 8192) = 8192
read(6, "M\232\261<\241\370]\341\354\375\30\306\305\305E_y\23{\331\346\vY\346\332w\316T\355\275\0257"..., 8192) = 8192
read(6, "q\25{\35\177;\267\23i\30u#(\236\2649\21zGJY\322\376\326\272;B\326\246\243\334\325"..., 8192) = 8192
read(6, "/\355D\376\221\30\336\307\224?\347Uu\366\226\224\331\202\347\274\367\272!\314T\337\314\264\245\346\3749"..., 8192) = 8192
read(6, "\265\264#\356}8\306s\206P]\227R\355oE\335\354T\364\306\337d\325\30\332Te\231\316*\272"..., 8192) = 8192
read(6, "\373\227\206\260\273\261\373)u\345\334\307{3^\r\317|\337\2140\33\341\31\263\316\327\207\222c\204\242"..., 8192) = 8192
read(6, "\377\251M\212%\321\204\25\327\243\2566\23\21Q\333\206\227\202e\304V\366\307\204p\332\305\t\33\2721"..., 8192) = 8192
read(6, "\34I\335\304:\245\t\247\347[\21\233'e\\\304\33\333\fa9\2773\306\3259\306\325N.K\337"..., 8192) = 8192
read(6, "A\22\353|l\324\355\336\205\366j:\377\241\30\n\373\344\244Q\256\20yzZ\327\273$\202(\272\373"..., 8192) = 8192
read(6, "?V({\202\240\334z\336\237\260\21\261\2125\323\23\367?\2161\371\302L\275\36y?\235\251\374\205"..., 8192) = 8192
read(6, "k\336X\202\346\247\246\234!)s_F\10\363\33)\226\27y\236t\21\262f\335U\326\3521\326\336"..., 8192) = 8192
brk(0x5555a84dc000)                     = 0x5555a84dc000
read(6, "\365\27\322\356\n\351\30\21a\224\265\256\243y{~DP\354(QJ\344\305\216S\27\306:\21\3651"..., 8192) = 8192
read(6, "FmH\377y9cdGU\365\275TZoi\325a\376X\375\306\375v\270l\3644\365\363\212\353"..., 8192) = 8192
read(6, "\356o\225y\357\216{9RY\226\362L\275\33\37%\374\356\\m\326\35UToYR\212\322\324U"..., 8192) = 8192
read(6, "\2252{Z\205\377J\306\33SQ\221\225\272\262B\31\326\215s\306\325\244w\212\0227\33\261\277N\222"..., 8192) = 8192
read(6, "\2441=w\222\265\237\337\363\2619\372\213\265Fx\326\32\233s\223\"\t\333\256\232ad(\271W\347"..., 8192) = 8192
read(6, "\t\267k|\315KS\177\306\226\261\177\302\2666\177\221ZY\33,7\2321\313\256(\34\1\f;\252"..., 8192) = 8192
read(6, "\323<\302\315\236!\31\25\216\25\3639F\344m\354\314\204\361+tD\32\223\2523\231\233Y\343\205\265"..., 8192) = 8192
read(6, "Hw\263\27\377Ym\244\223\37w\233\272\270)M\216Wu9\246\2761\257\245\243;ke\320Z\212"..., 8192) = 8192
read(6, "\366\305\10_\321R\245&\30\365m\362mZ]=\312\305\306\250[4F\254\23\233\275\261\247Y[\237"..., 8192) = 8192
read(6, "\341\tv\375LZ\267\23\330\340\357y\206P\23\251\344\270al\254.\t\322\376\235`\23\365\\\214\227"..., 8192) = 8192
read(6, "F\336\t\265\326\315\30\367qGtq\375I\223\2127\216\23jf|\v\376\345\345(\331Zz9\316"..., 8192) = 8192
read(6, "\254\221\321e\10\347\374\vv\6\233\342\vRiF\356N\274p\336\t\33?\345P\224\240\n\263\245\\"..., 8192) = 8192
read(6, "Y\306\357\267(Tv\315\24\5C\367Xg\t\336E\31\25\303\3217\365q\327Dr\226p\226\241\\"..., 8192) = 8192
read(6, "\347z33^\334\324\244Y\221\312D]\304\305\314\364^K\263C\22\312\215\362\261\227FG\311Ri"..., 8192) = 8192
read(6, "\26\311\324\352\273\260\20\267\25\322\216\232sn\na\tNZ\367Z/G\331F\264\242FMYaL"..., 8192) = 8192
read(6, "\227'\324E\354e\31\236\360U\301\221U#\325\375\314\217\364^\344\324o\204!L\345GE\335\305t"..., 8192) = 8192
brk(0x5555a8500000)                     = 0x5555a8500000
read(6, "\10\31\25\177\21\227\216\262)YBG\256\0377FG\364U]\376\307\274\21\245\215\263i\10N\2250"..., 8192) = 8192
read(6, "\222Rb\227\321N\234\261\375che\316\327\275\252\31\277\23\247+Q\335#\36I^d\33\275D\332"..., 8192) = 8192
read(6, "7\263!\365n\225\261\253\n[\35?\3479#\2101\2061_U\325e\335W\366\324\236\364\2771\365"..., 8192) = 8192
read(6, "\234\240\214\267\307Y#\324\326\t\302_FF\222\304\20\325\235\22\271b\375o\224\27{'\344V(\225"..., 8192) = 8192
read(6, "\326\334\212\351\31\221q\177\243\304\2755{\363]\23\306\30\177\221uQL\243\305\226Z=i\350\233\323"..., 8192) = 8192
read(6, "sY\33#U8SJ\\\205a\244U+\244\"\315U\275{\227=\23]\23\223aT\357*\261C"..., 8192) = 8192
read(6, "\2551\212\360B\376\376\324\22}\315D\324\271#DL\266\"tH\326\367\365\367\365\334~\354\355\244\272"..., 8192) = 8192
read(6, "\351\350\26\321)\23\273b|\364\336\n\227?\235Q\325N\245\362\216\320\nGN'\215 \354\304\224`"..., 8192) = 8192
read(6, "\25-\214\323\306uF}\317\221\350mD\237\3313zMd\214e\23431oh\222`\204/\220\374"..., 8192) = 8192
read(6, "\367\221\225\316)\327\326L1\214e\364\356*\343\327\305\217\223\347\305\\?\211t\25ff\307h\206d"..., 8192) = 8192
read(6, "\2542\251\334\206\360cNI\321U\307\25#\224!\354\364_j\31m\n!\324\31Y\271\223Y$N"..., 8192) = 8192
read(6, "\202\32133qbX\312Ky\271j\33\302\336\n\22661\342Tv\31!\224\2645e\226r\316\377"..., 8192) = 8192
read(6, "\305\320\246\4\24:=\rO\v#8aY\226\302\2410\311\256\253\370,g\255\253\254J\33\363\346H"..., 8192) = 8192
read(6, "\3708g\322DO\214\251L{T\316\341\2\33\227k\261\204#\244\354\275\247\250\225\306s,\341{\34"..., 8192) = 8192
read(6, "\n\213k\31\304j\332\206O\340\231L_\202to\350\224\35{\251\30)@C4S)\5t\330f"..., 8192) = 8192
read(6, "\352\257\204U\236\301\"I~\236S\347Z\236\266\216):G\264N\357\326\264\242(\2529Z\265\3033"..., 8192) = 8192
read(6, "\16\\\22\203I\361\236\264]\202\370r\33\33\225\273gl\373\34\36\317\254\241Di>\227.;6Y"..., 8192) = 8192
read(6, "\366\30:px.\310)\316t\20\265o\275H\260\22'\312\31\204\22\217P\211\f,Z\261H!\200"..., 8192) = 8192
read(6, "1\2727\307!\326\270\202/\320{\n\317\2238\216%\255^\247\315\341Ft\366\350\265\365F\251\236k"..., 8192) = 8192
brk(0x5555a8528000)                     = 0x5555a8528000
read(6, "\2\1\233\343[\353\212\243\250\272L\33I`\320\232\315\323+04\211Ce8\f\212\310\303\341\217\300"..., 8192) = 8192
read(6, "`:\2C\337z\"\310Y.;\3E\211\206\246\20\5\7!\261\311\201s\r\rJ|\356K'\1"..., 8192) = 8192
read(6, "\224B2\4\205\253\30\2\233A!i+\267$\213A\34\34\354\304iz\305\304\245\10\236T0g|"..., 8192) = 8192
read(6, "$$\336\221\30\346\224\341\264\301\222\n'!;\322-'\320\275\300S\242\337\24\302\10\315\222!l\214"..., 8192) = 8192
read(6, "s0\ti$\307\256Wz\225$j\3552\350\\Fi\306\10\202\241\325IA\360\206oq\312\235\252"..., 8192) = 8192
read(6, "d\344\23<\223B\240\22\f\217y<\216\253$;1D\340\03464O'\275\227\226\307a\370\236\351"..., 8192) = 8192
read(6, "\252S\20I\256d\344\214\345\351\355X\202RB\364{\275}aIi\215\"\210\212\223\322R\274>\355"..., 8192) = 8192
read(6, "<(\347\206.\266o\374\361\344\260\233\316\214s\26\215\361D\256CLOhP\365\332lB*\225\270"..., 8192) = 8192
read(6, "\v\357:\202BP\332\266\245\327pF\252\355\33\355^\23y\2226\272)\264\347\305\257=iP\320\33"..., 8192) = 8192
read(6, "+\234[\305\303\262\312\357\315\316\v\"\17\203'I\301\256\224\245\334}\0231\204\347\231;F\263\30y"..., 8192) = 8192
read(6, "{COs\232\240p\31\222x\257\264 :7#\230\345\235\325\302K\301\265F\252$,i\374\234\265"..., 8192) = 8192
read(6, "\262x\373\242\376\223\300\3061\352\10\255\254~\6CXm\224\2411Y\226\257N7\217\372.\3\317\33"..., 8192) = 8192
read(6, "\262d\214\323\254\206\253\217\373\375\275)\336\237\244\364\7\213*\272,\300\340\260\10\246.)\306\2608\216"..., 8192) = 8192
read(6, "\37:\215NC\340\364\2050\337\226\243i\212\31\23Pw\346\230\212\347\256F\242\10\243\274\321\251\350\226"..., 8192) = 8192
read(6, "\277,>KI\242qCc\322\317\220,\320u9\6U\372\336\275&\254\306N\342\265DU\3559\256"..., 8192) = 8192
read(6, "<\262\253p\310n\21\254)X\304c\271\34\242\"\322\36\207`x(\267\236\356\6\322\t\251K\22\201"..., 8192) = 8192
read(6, "\342\35'\317j\0307x&1K\r\r\277B:'\5\225\347\263(+R\310Y<4(\207\r\336"..., 8192) = 8192
read(6, "\345h\32\207\245\232\356v?\213\241h\247,\203\254\226c$\225\332gY'\274\310Dl\v\272\250>"..., 8192) = 8192
read(6, "\261\233\266A/T\354\333D$T\237\232i2\234#,\217i\22Y\nA)\1\v\24\251\267\302C"..., 8192) = 8192
read(6, "\214\250^\32\3637+\322\254:\327\243\305Y\335\37\231\206\352\267$\270\322\\[\245\10\303\343,\17\317"..., 8192) = 8192
brk(0x5555a854c000)                     = 0x5555a854c000
read(6, "\242\247\360\230F[\246\311\223\236Bas\24\227,\362\263@\3\25\31}\201\203c\352\206\303\206r:"..., 8192) = 8192
read(6, "\246\301\307\221\307\341\264\nu7gQ\271\355\t\f\22#K'.\320X\16Gz\226\37L/(="..., 8192) = 8192
read(6, "\270 (\34\32M\221\30\302F\212\232`1\264\177\317ARb\375\252\202b\23\266i\324*)\21\361"..., 8192) = 8192
read(6, ":Q\20\213\276\304\37\314\f\362\24\272\351\201s\2048\241.\226\5,\374\213a\231\346\21\233\353\323\10"..., 8192) = 8192
read(6, "<\202c\304_\212F\213\33\f,\235\4,\237\224\232j\0\0351\314\205!\232BH\242\346x@\347"..., 8192) = 8192
read(6, "\274<\262\2440\10\232\27\3128\212\235\36G,/\255h\255G\242r\25\211e\22\t\f\206\241\231\202"..., 8192) = 8192
read(6, "\353$\212\260\257\34\21\17\211\316\343\30&\7\2131\256\222ad(!0\255\2458\255`\334\25IO"..., 8192) = 8192
read(6, "9\264l\226\2t<\350\266\2044@\327\351\251\315d\341\334\256S\266\246I\213\r\304\310\340\10\34\335"..., 8192) = 8192
read(6, "DB\n\34\34n+\252di\271\272t\363J\t\24\221\312\265\360\212\276g\f\215\272\232\342\34\201\343"..., 8192) = 8192
read(6, "\300\0tHg\215\360\236M8\26!\23\207*\f\211\343\310\313\264\257\n;Ny$c\260\314\21\270"..., 8192) = 8192
read(6, "/!\21\322\361P\350\222v\216\341\260\10a\330\263\276\254\344\n\206\302\225 \307V\36\223\240\365\245\267"..., 8192) = 8192
read(6, "\2328W\206\256\264\257I\232\343J&\217\356\22\3104y\311\364O\24r0\354\321pB\35\272\351\247"..., 8192) = 8192
read(6, "\r\\\266\33\340\0\v\336\225'\232\274\346Z<\213s\326f\363\226;T\216p,\305\33i:\f8"..., 8192) = 8192
read(6, "\t,`\205d\324j\206+n\3\235\247l\350\305\223d\\\356\312$>\273K\340\16\3\201;\300`"..., 8192) = 8192
read(6, "\340+kQ(\342?\303\10\202\251\277\357k!t+m\364.\217\342p\204@\301\202r\236h\274r"..., 8192) = 8192
read(6, "r\250\n\213hxK\310Q g\3333*\321\323s\22\250\34\206\352I\30\241\230<D\206I D"..., 8192) = 8192
read(6, "\341\0204\207\35\274\34\267T\212c\21\26\201b0\252\f8g18B&\0212\30\246\224-q\10"..., 8192) = 8192
brk(0x5555a8570000)                     = 0x5555a8570000
read(6, "\16\347\211i\t\372S\275\367\247*\320@\300\222\276\262\316\36\311k[\340@\342\336\25\7\261g\255\245"..., 8192) = 8192
read(6, "\372)\312\322J\245X\225\202a\\hen\31\235\316\n5\256\304\362\256/\340\234G\323E9+X"..., 8192) = 8192
read(6, "JG\"+\257\v'\311\241\355\t\276\233e\325\337p\236 X\246\223\271F\263\377\260\260\234\300\22\26"..., 8192) = 8192
read(6, "\300c\322\10\226gh\246\32\234\216#%\211\271\246F\322\251\v\251\213n%-\257G\300\244\30\26S"..., 8192) = 8192
read(6, "\31\236\340x\222\201\26\222\242\262\27067\317\247\304\262$\26T$\317\262\4\33A\330$\364\34\276\341"..., 8192) = 8192
read(6, "\303A/,4\2305GD\250K\202\3409#\5Y\352\316\264\300\222.S\370>\301\245\350\271Z\321"..., 8192) = 8192
read(6, "\21\303\300c\271$,Zk\226f9\202\251\20z\264\273\33$zs\4OWk\322\250\245\310\24\251"..., 8192) = 8192
read(6, "y<\274\4@gQ\211\232\300\345p\330P7\3518LFz:\201\311\216t\364\204\204\252\317@\200"..., 8192) = 8192
read(6, "\300\243\245\"\330\246*\0346\350\333&\301\213$\204n\363\204\251\374\217\372\306)\2O+%\17!\247"..., 8192) = 8192
read(6, ".P\4\1\3\t\213BH\351\30\242\17t\270@pOR\252\360\312\207%\264\362\16CHD\301E"..., 8192) = 8192
read(6, "\352\345S4\201\340\360\20\204\244\22\22\231@\301\242\260\370\322h\301\342\220(ohk4\5\225\355\375"..., 8192) = 8192
read(6, "\260hJ4\323\25\201u\357\22\354;\322\220\204\302\263\3071$\255\307\273j\234\210\v_y\235\177\317"..., 8192) = 8192
read(6, "8}B[\253\211\256\244\255\260\345}\361\2604\1\301I\27-\326\320\204W3%Yb\323lQ\200"..., 8192) = 8192
read(6, ".\221g\224\226i\226\365F\232b\363\10\34_\26\207e\314\376w\316\225\20\362:\355\t\253\351\347W"..., 8192) = 8192
read(6, "d`\\\210\335\313\305\301\4t\310\300%Va\233;\315\305C\340\231\26i\31\364t\216\360\320p\216"..., 8192) = 8192
read(6, "\250\336Q\21y\216\323\237\303\246\te\370\326\267\347\254\20\233\n\207bz\365A\344\n\247v\214\340\230"..., 8192) = 8192
read(6, "\v\v\312Y\276\207t-\21@\235%;\3160\0\31\7\262Y.\201\7s\313I\3u$\24\364\316"..., 8192) = 8192
read(6, "\217\224[\242\276*,\224\321\206\276\234\347\234\231\301a\235`\214\342\230\226\342['\355T\353w\n\r"..., 8192) = 8192
read(6, "C\203\3421\230\20A\321\340\366\2Cp#\35\322\251\7r0\307\342\371\270\340j\246c8\300@\210"..., 8192) = 8192
brk(0x5555a8594000)                     = 0x5555a8594000
read(6, "\316\341G\320\320x\337\276Eu\225.\7\325\nO\362\21\315\0253\273\322$\303M\262\220\30$H\267"..., 8192) = 8192
read(6, "&\213\250{4k\t}\312\206\27\367\305$\270^\236b^\225\236\202\242(\"\211\322zE\204Z\322"..., 8192) = 8192
read(6, "^\353\\ \221d%\266'R\331\33\205m\326\0176\254\256\204f\231\353q\244\271\2\2231\312&\211"..., 8192) = 8192
read(6, "\323S4\325\306\361\370v\206\300aw]\302\202\330Fr,2xd\26\225\16u0A4\260\260\4"..., 8192) = 8192
read(6, "\\\236ToX[\36F\0\235\1k\214.\312q=\205\302#\360\"\3,\200\4\321\252<C\t "..., 8192) = 8192
read(6, "V\17\r\221!m\370\\V\321(\212\361\376\217Ol\266\20\326*BS\234\"H\272%\271\313E!"..., 8192) = 8192
read(6, "rFqhi\262|^\n\355\272\34\202r\325>,\214\244\20\251k\2358\252\2345\222h8*\313"..., 8192) = 8192
read(6, "\tDL}\327\36\3209#V\273\236V6GK\276\301\241;\326Jb;\6.\254B\317!\211\242"..., 8192) = 8192
read(6, "Bq/X*2p\330\303!\"\35-\207Z\0262\260\210\6\207\244.\267\24#+\242\357\263\255\314"..., 8192) = 8192
read(6, "\4<\234\326{\311\364\367\242\320}E\245\22\207'A\235LA\264\226\32\256\342\n\34\fZ1\360d"..., 8192) = 8192
read(6, "yk\234\366\1\v\304\243\346\255\205#\272\252\264\357\2\3\361r\264\204t60l\3\205\3535\3478"..., 8192) = 8192
read(6, "\361\255\245\263<\356\252\271c\275\240+#\25\21QL\266v\31\362\355\26\321p$\7\345\245\30\332\273"..., 8192) = 8192
read(6, "\252\2223rG\333\236k\22Z\254\2S\22\256D@\25G\33\346\230\273*\2011\32T\10\357\30z"..., 8192) = 8192
read(6, "tC\350z\354*\tV\350\355\253\331\236s\24\222\301\"\310\272\265\252\0u\347\275E+\23\22@C"..., 8192) = 8192
read(6, "\212\225\376\247.\252\206$\3208D<\212\307\341A\203\24f\360I\226o\271l+\361\30\326\211K2"..., 8192) = 8192
read(6, "\223p\351{\34<\16\1U\20\7\1\355\30l\365\16\221\324\310\360[%\235GB\257\352D'\250-"..., 8192) = 8192
brk(0x5555a85b8000)                     = 0x5555a85b8000
read(6, "f\276\251\v,\247\t\336$\221ap\32\177\"\17\215\346\304k\4#\t\202U\366C\35\21\233\3468"..., 8192) = 8192
read(6, "@'\205\306\301\243\334\tZ\10\255V[\216\342J\232Q\272\220\311CtK`\215$\t\252v\271J"..., 8192) = 8192
read(6, "\21\2\v\221\340\21\31\317\341\4\221\21\232\255\256\"\320\20X'\10ki\253\270\376}\35I\304rp"..., 8192) = 8192
read(6, "\246\204tT\212O\25^s]Py\264\245\223\f\2018\201\21PG\303\253@\35\313_cD\227)"..., 8192) = 8192
read(6, "!]q\2264\325T\272`\16\217C\213\v+\231\356\32\22\225P\206\256\220h\202\313\356\252Q<\216"..., 8192) = 8192
read(6, "\207h\244\20\32,\234\236\245r\10\273uE\224\234@W/\211<$D\253XJG\21+0'\30"..., 8192) = 8192
read(6, "\20\334\35\0!/\23\f\342\275\337\364\360\0\363\336P\357\362\34\2\16\37\0\36\3770\0011\276\377\355"..., 8192) = 8192
read(6, "/\377\17\1\20\377\36\20\336\17\2\337\341\24\1\340\341\23\361\1\357A\1\337\375\16\17\36/\22\364#"..., 8192) = 8192
read(6, "1\357\374\17\22\22\362\35/\357\361\3\20\17\37\340\20\0\3\1\361\2\16\37  \22\337\3401\324\376"..., 8192) = 8192
read(6, "\340\356\360\377\360\356  \376.\360\336\0\360\16\21\322!\0\20\361\360\301\20\37\21\376\376!\21\20\0"..., 8192) = 8192
read(6, "\323\377\356!\17\342\34\355/\356\21\360\f\21\320\321/\340\r\22\337\36\360\22\361\376\377\37\356\341\33-"..., 8192) = 8192
read(6, "\373\300\35\20\16\331\373\357\336\33\341\376\364\17\336\356\16\335\342\356o\37\353\0\372\"<\37\f-\301\16"..., 8192) = 8192
read(6, " \36\336\36\377<N\262\17\360\320\0\361\340\20\20\341\362\377\341/\5\2\f10\337\37\361\37N\322"..., 8192) = 8192
read(6, "\301\0/\361\362!R\363\360\23>\321]\374>\376\0000\23\36\341\4\347\376\336\0 \340\2\20@\17"..., 8192) = 8192
read(6, "\"\17\347\375T\21\1\1\1/ \1\20\35 \357\340% \0\r\342C!!Q\355\0\374,\"\377"..., 8192) = 8192
read(6, "\6]\204\35\21\21\21\21\21eD\310\21\301\307\27\21\21\21\21\21\21\361\31\21\21\301\7 \21vD"..., 8192) = 8192
read(6, "\240\330\21\200\24\21\21\21\21\21E\24A\23\21\0fGDDDDDD\0201D\20E\4\200\321"..., 8192) = 8192
read(6, "\237\0\320\22\377\354\"\334\337\17\1\16\355\340\20\276\375\376!\363\377\377\361\375\376\0\377\2\336\356!\360"..., 8192) = 8192
brk(0x5555a85dc000)                     = 0x5555a85dc000
read(6, "\3401\335\16\322\r\2\20\3!\340\340 \341\17\356\362\21\360?\36N\357\340\36\342\16\376\360\356\4 "..., 8192) = 8192
read(6, "\16\r\320\16\313\2/!\22\24\362\337\22\375\360\320\360\20\16\375\20\301\1\1\16\1\376\334\377/?."..., 8192) = 8192
read(6, "\2\20\365\1\342\1\37\1 \17N\37\37\360\361\22\1\2\0\360 \340 \0\361\20\357\3420\377\360\376"..., 8192) = 8192
read(6, "@\340\37\342\341\36\17\377\36\341\374\1\37\375\357\377\333\20\303\22\375\323\356\36\360\356 .\300\35\340\17"..., 8192) = 8192
read(6, "\37\376\3600\374\321\340\341\375\365\362\320\0\21\321\363\37\317\334\342\317\377\1O\0170\360\v\375\365\374\360"..., 8192) = 8192
read(6, "!\360\1\17!\21\317\373?\0020\357%?\3\261\316\36\377\3640\361=\377\0\360\23/\0\22\356\36"..., 8192) = 8192
read(6, "K\315\177\17!.\r\356\341\356\374\361q\317\17\343\22\335\226\22\4\342\316l\36\275Q^\361}\335\17"..., 8192) = 8192
read(6, "\377\16\0\361\320\360\35!\21\35.\360\" \263/\360\340\2\376\37.$\344>\20\21\322\341\0\36m"..., 8192) = 8192
read(6, "\2\1\1\37\360\1\362\376\21\37\24\362\377\1!\360\21\361\17\0\37\20\337.\1\256\22\37.\361\320P"..., 8192) = 8192
read(6, "\336\3\356\17\353\377\0\"\36413\3773\374 0\377\17\36\316\37\317\20 \0\21\360\375-\362\363\301"..., 8192) = 8192
read(6, "\340\0\253\347\0\"\37\35\2\340\321\363\17O\360\37A\21+\21\37\325\261\3421?\331\340\337\"\361?"..., 8192) = 8192
read(6, "\0\362\363#\360\336\321\1\374\20\37\377\20@1\20\341\356\377\363\3\356\16\0/\341\336  \364\0\360"..., 8192) = 8192
read(6, "\22!\20\373-\375\320\376-B\344\340@\343\0\36\323\361\17\16\364\360\374\343\360\377\377/\376?\2\337"..., 8192) = 8192
read(6, "\377\361\357\2\16\321\36\0\0!\17\361\377\320\362\17\361\21 >\1\16\"?\17\363\321\361\2\320\37\340"..., 8192) = 8192
read(6, "\r\357\17\375\353>\3\375\340\35\2\376\1\355\35\340\377_\17\336\362=\377\1\16\37\36\20n\340\340\0"..., 8192) = 8192
read(6, "\355\337\r\346\336\0\353\16\317A\fW\361\316]\16\301\314\361\22\315\321\354\240\257\341\333\341\320\r\305\357"..., 8192) = 8192
read(6, "\20\37\22\r\320\21\336\0\17\336\360\36>\21 \356\357\364\340\3\0@1\320\22\317\340/\2\35\22\377"..., 8192) = 8192
read(6, "\0\21A\37\377\36\342/\r\366\376\16\1\341\37Q\361S/!\356\37\376/\0\0\356\375\20\16\360\7"..., 8192) = 8192
read(6, "\357\360\"\361\340/\2>\36\376\20\17\17\20\360\376\336\37\341\377\376\20\360\16\357\337\35\2\340\3610\36"..., 8192) = 8192
read(6, "0\361\343\316\342\267q\333\335\257?\340.?\20\313\303\22N\0\354,1\16>?\300\357\1\3633\r"..., 8192) = 8192
brk(0x5555a8600000)                     = 0x5555a8600000
read(6, "\22\376\377\360\374!\342\357\1\17\35\321\363?\17\335P\r\17>\357\361\r\334\1\17\5\22\2\5\377\322"..., 8192) = 8192
read(6, "h\21\301C@\300J\315b\363\201\210A\206\30\371|2)\5\1\33W\311rRQ%\323=)\225"..., 8192) = 8192
read(6, "\202/\210\366x\202 \30\201h\254\234E\201\30\254do\260-KA\26\vd\330\370\3i\200\1g"..., 8192) = 8192
read(6, "H\306MGM\10P\0\246 \22\273\204bhF\303OM\r:\204\311N@M\304s\10fb\34"..., 8192) = 8192
read(6, "\314\204\21\f\205.,\234\224\7/LMC\301\311J\207h\34,pF\211'\344\350\6\31C\311F"..., 8192) = 8192
read(6, "\21AA\27\21\21\21\21\21\21\301\220\21\25\21t|\21\24\21\21\21\21\21\301\220\21\25\21t|\21"..., 8192) = 8192
read(6, "\4CD\360QDDDDDDD\310\21A\24\0216E\204\35\21\21\21\21\21Q\21\21\21\324\200"..., 8192) = 8192
read(6, "rD\0\10u\4EDDDDD\30\f\21\31\21\1X\21vDDDDD<C\204\34\21\0"..., 8192) = 8192
read(6, "\300\16\337L\17\357\20?!\354\337\377\21\341\340\342\374\315\337\17\0,\341\37\316\320\340\0\362\276\35\376"..., 8192) = 8192
read(6, "\376\321\340\0162\356\377\37\373\355!\3622\360\2\16\256\376\37\0011\17\36\320 \377\362\37\20/\20\36"..., 8192) = 8192
read(6, "\0\37\0\360\17\0\16\36\340\17\1\0\0>\22\361\35\36\17\360r\377\17\0\357\357\356 !\342\20\r"..., 8192) = 8192
read(6, "\361\343\361\341\36\3\340\375\37,\375\0\2721\377\377\376\16\256\17\377\22<\16<\342\354\362\17\340-\3"..., 8192) = 8192
read(6, "\277\272\1\4\363\2\0\1\337\257\3\" \340\300\22\36\16,\305\276\17\22\361\343<L\"?\4\21\277"..., 8192) = 8192
read(6, "\20/\376\1\16\36\0\20\"\37\377.\361\377\16\377R\3612\360\0\361\337\355\37\360\376\22\16\3772\376"..., 8192) = 8192
read(6, "\340.\376\22#\17\20\37 \0\340\0\360\360/\0\17\362\16\37\360\21\320 \16\320\377\376\342\20\2\357"..., 8192) = 8192
read(6, "\16>\17\361\361\16\0\20\17\0\356\340\0\362 \336!\21\341\376\20\0\21\17\376\17\17\36\357\340\364\356"..., 8192) = 8192
read(6, "\37\20\2\361\20\363\377\2\357\34\0 \3570\356 \340\343\242\36\321\0\0\362\376\16!\4\0\20\376@"..., 8192) = 8192
brk(0x5555a8624000)                     = 0x5555a8624000
read(6, "\177\375\35\322\27\341\341\1\342\316\357\20p\16-\v\27\376\36\17\f\341\340\357~\375\356\362\27\376\362\336"..., 8192) = 8192
read(6, "\340\2\377\335\322\301\0\3/\362\361\362\"\16\22\361\r\36\36\r\21\316\17/\321\357\360\302\340\377\376\334"..., 8192) = 8192
read(6, "\21\341\363\323\37\376\1\361\r\21\356\237\342\37\37/\340\357\0>\360\17\361\374#\275\362*\n\340 \334"..., 8192) = 8192
read(6, "\357?\342/\341\335\0\17\364\353\0\17\320\337\33\357O\261\36\324\375\0\300\357\376\2\377.\340\336\36\16"..., 8192) = 8192
read(6, "\340\341\37 \340\16B\354 \16\16\37\"\0\16\0\0\r\362\35 \24\321\16/\357\37\360\341?\360\317"..., 8192) = 8192
read(6, "\36>\r\17\21\23\361\360\1\3\321\16\24>0\360\22\324\341\376\0\360?-\0171n\21\357\346\17\342"..., 8192) = 8192
read(6, "\23-\0!\21\1\0\0N\"\360\36 /\16\0\3414\341\360\363\17\357\340\3O\16\20\3\2\3600"..., 8192) = 8192
read(6, "\361\356\n\0\377\17\320\355\323\1\277\340\316N!\323\21%\300\20\375\356 s\355\2\17\356\22\342\360\360"..., 8192) = 8192
read(6, "\0\341\0\361\0\0\17\320\3361\0\0\362!\341\21\"\22\37\1\33\360\16\34!\3\1\20\361\361 \20"..., 8192) = 8192
read(6, "\361\1\0$\17\1\17B\37\361?\37!\r\1`\36\36\357\3\21> \22\3370\360\0\0\0\302!"..., 8192) = 8192
read(6, "O\356\20\1\f\17\360\376\37\0361\0\355\37\340\334\361\335\0\1\361\0\360\364\"\344\340\0\376\361\362="..., 8192) = 8192
read(6, "\260\36\261\36\357\352@>I \357\17\362\317\33+\3737\316\374\23\374\220\307\371~\372\224$\231Am"..., 8192) = 8192
read(6, "\0\35\355\1.>\36\16\17\354\377\376\341\321\21\337\356\0\0\20\1\24\374 ``\20\0O\340\17."..., 8192) = 8192
read(6, "\357\0?\360\17\376\377\357\336\337!\375\336/\374\334\357\355\21\340o\377\0\276\355\355\0\21\340\321\17\35"..., 8192) = 8192
read(6, "\356\341\376 <1\16\2\0211\21\3\337\336\177>\21.\1\"\37\343\377\0013\264\23/\2371\0075"..., 8192) = 8192
brk(0x5555a8648000)                     = 0x5555a8648000
read(6, "\362\342\260\320\26\356\16\0\0o\277\300\23\1\r\22\2\356\364\0\17\337\341/\3757/\356\4\360/!"..., 8192) = 8192
read(6, "\1\343\316\276\343\256O-\357\35\343\356\34\357\1\34\376\17\355\234\315\340\3\374;\323>\314\22/\360\377"..., 8192) = 8192
read(6, "\341\36\361\21 \37\17\356\340\340\2T\342#\1\376\20\2?1\1/\21\356.\2\321!\377\2\17\324"..., 8192) = 8192
read(6, "\2\357\0\340\21\0>\355>\1#\17\20\356\0\17\337-\316\342\2\0?\354\20\376\16\301\320\363\0\336"..., 8192) = 8192
read(6, "\377\341\1\361\0\37\20\16\360\360\1\24\2\"\r\37\0\341/?\315\17\23\0\376\263\36\1!\344/\373"..., 8192) = 8192
read(6, "\21\354\37\361\362\276\361\353\3\276\337\355\357\375=\301\21\0\360 \17\376\366\361\0\336\r\320\364\277\24\375"..., 8192) = 8192
read(6, "\343\335\360o \356!\20\17\2\360\356\16\314\21\17'\r\25C\4\17\321\363\4O!\374^-\0\1"..., 8192) = 8192
read(6, "\37\376/\356\36\2\361%\22\376\20\21\3601\357M\22\177\36\355\322/\333\372=!\265\323,\37\320\303"..., 8192) = 8192
read(6, "\362N\322\362\376\21\356\377C\360\16/\361\37\343\1\21\3\17\37\0\3561\0354\0\377\362\0171\35\360"..., 8192) = 8192
read(6, "\20\20\17\37\360\377\376\377\16\360\16\16\357\3614\16\2\36\1\360\20/\335\0\17\17/\20\2\0200\340"..., 8192) = 8192
read(6, "\21\21\21rDTD\320E\4_DDDDD\20EDE\4EDDDDDDD8\21Q"..., 8192) = 8192
read(6, "DDTD0D\4EDDDDDDD0DDE\4`D\4]DDDDD\30\21!"..., 8192) = 8192
read(6, "\0\360\0 \0201!\360\36\1\3401\317\37\355\342\0\0!0\21\343\340#\16\337\20>? \f\360"..., 8192) = 8192
read(6, "\342\20!\341\23\16\336\2 !\1/\22\363>\16,\22!\r\35?\1\341\"\4/\360\1\0\243\233"..., 8192) = 8192
read(6, "\342\r\20\377\20\377!\0\4#\0\336\342\362\0\02141\1\341\35?\356\35A\1\342\36\356\337\321\16"..., 8192) = 8192
read(6, "\f\2\377\36\360\1\37\320\323\0\320\360\0\20#\0000\0\356\17\36@\361\356\20\354\0002\320\321\1\177"..., 8192) = 8192
read(6, "\360\377\6\37\1\16\21 \340\363\20\36\340\20\377\16\36N\1\362/\361\337\377\357\357\4\36\375.\0\342"..., 8192) = 8192
read(6, "\341\375\376\r\342\357\322/,:\17\3612\341\20\344\17\341\22 \16N\20.\37N,\1\r\37\356\360"..., 8192) = 8192
brk(0x5555a866c000)                     = 0x5555a866c000
read(6, "\377\17?\341\17\2\2?\2\377 \376\17\376\"\20\37\36\322\373\360\0\16.\1 \21\321P\0/\16"..., 8192) = 8192
read(6, "\340\336\1\16 \354\1\20O\36 \374\274$\"\3760\37\16\337\377?\377\317\360\341\361\375\23\1\1\321"..., 8192) = 8192
read(6, "\362\356\37\2\23\36\361\3203\37\317\36\20\0021\356\16\360\17\20\322\361>\37\365\356\21\361\17.\3\341"..., 8192) = 8192
read(6, "\5 \335\0.+\342\376\36\375\336 \3777[\324\360\347\375\302\357U\357?\17L\3402\300@\341\354"..., 8192) = 8192
read(6, "\321\377\3621!\376\360!\342\377/\21\2\374\377\1\r\376\377\23!\335\377\360\1\0\21\17\37\361\1\17"..., 8192) = 8192
read(6, "\362\341 \360\0\21\376\377\304!.\21\361!\342\17\0 \3402\f\341\377\375\37\36\341\22\336 \17\22"..., 8192) = 8192
read(6, "\0\22\362\377\1\361\37\1\377\20\1\0\377\340\16!\0\302 \316\365\1\21\376\20\360\22\360N\376\360\17"..., 8192) = 8192
read(6, "\341\37\355\377\337\362\1\376\21\357\343\363\357\17\20\360\360\377._\375\377\17\360\22\340\355\35\376!\0\357"..., 8192) = 8192
read(6, "\1/\17\362\337\365\376\357\23\222\1 \361\360\337\1//\34\17\r\360\20\37\377\35\361\322\16\375\36\341"..., 8192) = 8192
read(6, "G\300\300\311O\304\302\310\313\306`\0230\4\v\205\303\206\30l\344dT4\220\301G\206\30\262M\305"..., 8192) = 8192
read(6, "\"\32\200\301\234M\301\10\0167G\21\24\303/\3230s\r\1\5D\20r\r\246\361\313\244\214\314\f"..., 8192) = 8192
read(6, "\227\t(\301\201i\334\220\206R\244\214\f\217\23Lp\202\35\23\203.h\2\v\n\224\0057\5DP"..., 8192) = 8192
read(6, "\0366;\1b0\240\tD\310C7\201\36\230\305FIa\223\25\35+\244\0F\321\361\r\2141B"..., 8192) = 8192
read(6, "\341!\341\2\357\0\1\r\5\20\37!\357\21\1\360\377\20\376\1\16\37\37\0\357\20\3770\377\r\20\355"..., 8192) = 8192
read(6, "=\0\337\0\361\361\2\377\336.\341\3 \16\360!\0\357\37\1\356\17\360/\377\363\317\17F!M\332"..., 8192) = 8192
read(6, "\0?\0\360\320\r\36\17\360\320/\361\0\1\360\37\20\0\17\1\20 \2\360 \377\361\16\17\341\20\361"..., 8192) = 8192
read(6, "/\336\37\0&\337\0\376\360\343\17!3\3\"\341\21\16\341 \361\17\1\17\22\340\0\0173\0\1\340"..., 8192) = 8192
read(6, "\337\346\1\337\25\20\361\334\361/\356\347\17\277@\341\375\36\37\35/\36\37\"\0\365\374\356\21\315\23#"..., 8192) = 8192
read(6, "\17\37\361\356\320\342\340\35\0\340\37\355\r\37/\356\2>\376\237\376\373\356\0\20\376\36\377\375\343\357M"..., 8192) = 8192
brk(0x5555a8690000)                     = 0x5555a8690000
read(6, "\356\1\360`@\r\360\16\361O\0\0\37\333\20\3164\377\342\364\363\340\356\360\0\23-\37 \17\363\0"..., 8192) = 8192
read(6, "\320\357\376\354\377\324\v\23,\20\377\17\362}\357\335\20\16\377r\336\3760\357\363\17\374\0\376\322\35\361"..., 8192) = 8192
read(6, "\"\"\17\377\343\277\362 =\17\337\341\21\360!\1\343\302\0R\375\355\377\16\23\0\337\35\376\342\36\377"..., 8192) = 8192
read(6, "\17!\360\37\20\1\21\377\361\0\23\0\322\321>\353\r5\17\356\16/\2\261\16\373\20\376\377\22\20\16"..., 8192) = 8192
read(6, " \3\17\361.\37\340\357\2\341\361l\357\341\240\322\316\356\37\363\0 \357\345\16\n>\375\360\233\355\16"..., 8192) = 8192
read(6, "\317\24\25\337\r\36\335.M\33\2\360\320\360\321\16?!\22\0\r\4\340\5\355\360\263=\355=\355A"..., 8192) = 8192
read(6, "\260\0?\36\37-\35\354\340\3570\341\357\340.\0\376\336\3620\364\0\375\r\16\37C\16/\35\357\343"..., 8192) = 8192
read(6, "?\2\362\23\23\376\20/\377\16\17\4\356\377\362\360\360\357\20\341\1!?\377\17\21\16\r\35\0\1\377"..., 8192) = 8192
read(6, "\25\314\n\374\337\376\355\37\0\277\341\21\0\261\1\337P\373\376\25\3\17\355\360|\373\"z\356\0\375\360"..., 8192) = 8192
read(6, "\1\355\361\342\361\361\357\357\37\356\2\22 \36\342\360\362\360\17 \0\340\314\322\261\356\375\36\r\17\355\21"..., 8192) = 8192
read(6, "1B\233_4B\365tX\242\31u-(\232p\277\206\260'\30\323\306X\202\370\241\250m\10\232;"..., 8192) = 8192
read(6, "\270GR\242W\"gX\306\t\327w\25\212\246V\276\340D\31R\211\202w8\247(DQ\241I%"..., 8192) = 8192
read(6, "{}\251\34C{YN\203\203|9\f/\345-\273P\247\344\335\265\342\244\233{U\316:\245H%"..., 8192) = 8192
read(6, "\345Y\266emy/{&\320\335Iqg\264U=\222bd^\33\233\261\261\223\305E\343\16\311\274"..., 8192) = 8192
read(6, "+l\215$\356\354\363H\372D9\357+7\333!\30/.\215r=\35T!UiF\375\314\32\232"..., 8192) = 8192
read(6, "\367\207\223w4\302M\274\261o\254Qo\336)ys-\22M\206\222\307fUh;\312p\374;e"..., 8192) = 8192
read(6, "\32cD\350-\30a\245\253T\350\325\24\226\320\223B\260L\\\231\236#r\330\27\nI\33\267\322\10"..., 8192) = 8192
read(6, "Kd8\343D\354\304\235\226\32\t!\221\345f\316Ym\304\204&x\225B\10\236#\244\360,\221\325"..., 8192) = 8192
read(6, "4\201:\245@\35\315\275`Y\257\215VB^\23\10F\237\225ws-\371\206\2737\211\34+q\344"..., 8192) = 8192
brk(0x5555a86b4000)                     = 0x5555a86b4000
read(6, "tw\305\356\372\263\373\242\1\16;\326H\341\\\327\v+\10~\275t\303\303\261\356\205\2267\261\221-"..., 8192) = 8192
read(6, "M\322\210\35\206u\253\264\264!\250\373\242\345\253\243B\303MeO\306\345\f\7\311yM\262J):"..., 8192) = 8192
read(6, "\346\277{\1\01612\355\366(\36.\3306G;\33\253\305\n\255\207.\276q\375[5e\264\3539"..., 8192) = 8192
read(6, "y\212)\344\223\334\204\356t\33$c\234\23\247X\202z%\331\243\235HS\246j\266\327\212\325\263\331"..., 8192) = 8192
read(6, "\211\353\r\205\366J\347y\233k\266'\330=\316Z\347\32\2162\367\312\255\320KCP5\333qy^"..., 8192) = 8192
read(6, "hA\303\305\251\202X\2767\353\314\22Iq\212P\330\20\311\321#\375I\322yf\305\27D\34I\324"..., 8192) = 8192
read(6, "\341WU\t!P\370\375}\212\247jB\364\277\237S\372Q\224\343\364\271\272\22\206\230\31i|y\275"..., 8192) = 8192
read(6, "\25\306l\363\370sl\6O\204\365JtX<\232\311\320\261kU\225!i\346\230[\243h\275\311&"..., 8192) = 8192
read(6, "\304\334K\341\31\267\345Y\351|\10\302\355F\10\234\212\33\312\2540\24-\275*\211\266|a\230\302\334"..., 8192) = 8192
read(6, "\16\215g\275!\4\205h\364\316\373~\17\321;\20\321\302T\31YM#X<v8\1\21RgT"..., 8192) = 8192
read(6, "\226\362\206XF\316\r\316y\222 )\373\251\f\217`\254%(Da\206\340\34Md\20\t\16\347)"..., 8192) = 8192
read(6, "\206&\326\305\204\243\211\315\"\225\267\202_$\33=-L[\273\225\257\201\203p\327\37W^4A\17"..., 8192) = 8192
read(6, "\247\264Sm(W\37\322\363\214\341)\342(NH+\234%\267*\244\322\277U\253\336\2576\232\240\r"..., 8192) = 8192
read(6, "\247\230\342\271Fo\231\246\316\23VD*\3463D\307\260DZB\257\347*\343\367\206\226l\233\331n"..., 8192) = 8192
read(6, "e\22\215Org\372\341\n\212y!\6G\3549+\276\270$\347\252\202\276'\262\345\30\257(\352f"..., 8192) = 8192
read(6, "\233\261/YN\nY\363\261\177\376\277%\356\315\v\354\303\246\361\334\262T\257uD!\33\306\326\235\366"..., 8192) = 8192
read(6, "&\\[\323\241\224u\222x\237$B:\251@\304U\n#\370\232?<\345\254\365g\264R'\204A"..., 8192) = 8192
read(6, "\347\271\367\363F\37\215`\2754D#\372NG.\313J\355\345\355\324\370F\271\231\221\3529\277\n\205"..., 8192) = 8192
brk(0x5555a86d8000)                     = 0x5555a86d8000
read(6, "\234\325\37\353\345k3F\227\363B|\334vO8\275\342(\251\354|\327k\234\342\207\340\274\304\243\245"..., 8192) = 8192
read(6, "]\275#*<\353\213omI\332\266b\2246\345\r\221z\346\347\10\31\315q\311\275\242\233c\266\24"..., 8192) = 8192
read(6, "\202\21\346\264j\32i\n\272;'\270\206\351)V:\312\231e\250\204G\24\376\304\276vz\t\242\270"..., 8192) = 8192
read(6, "%\30\212\"(B\215\"\322d[\326(\222\342\374l\10\216 Vh\31aI\2367\33D\36\17\307"..., 8192) = 8192
read(6, "\373#\363<E*:f\320\\\272\316\3049'x\336d\5\5\211\252\260\245\362c\246\351;\216\321\6"..., 8192) = 8192
read(6, "\242\367\257L[n\32W{\236\252y\313\303\251\274\362R\30=Y,\212\262\377\253n\375\236t]q"..., 8192) = 8192
read(6, "\235Q\302D\370\302E\274t1\306U\255\300`\235\25\251\237\360!\272\316\253T\260\240\tb\334\320\220"..., 8192) = 8192
read(6, "\324\214`x\271\263!x\33\335s\317\261\302\357\356\324\225\303S\302)5s\336\10Y}\265i\304\307"..., 8192) = 8192
read(6, "\306g\v~zl)\304\324kF\32-,\2218\326\216\243\30\317\262j\362h\354\365'\205\344\335\32"..., 8192) = 8192
read(6, ";3\252\244\345UgM\264\257s\214\245H\356\255>\34\246\365\372\30$\33#x\202r\312fk^"..., 8192) = 8192
read(6, "*d\10\357\310\306s\210\3478\323\3657=\333\242V\272\372\34\271\v\21\2020G%N\306;$\235"..., 8192) = 8192
read(6, "\243\35\217O!~K\2169qB\345H\302\210N\257VNd\254V%\231^(\337\nG\212\33j"..., 8192) = 8192
read(6, "fE\255\323o\207bty\357^\10=s\306vg\231\322\314\256\242\264\27#\320\244\341L\311/\221"..., 8192) = 8192
read(6, "\222#d\314tn\337\244\227\263\2220%\355V\216\246\367l\2546\313SLa\265\364\377\341\34\215\322"..., 8192) = 8192
read(6, "\245\356\n\357\32\"W\2470\212\260\243p\334Ka\314\263\250V\245w\206i\314\215\242\31\343H\227\31"..., 8192) = 8192
read(6, "\n\301V\377R9\263\226@\224\22K\17\341\316\213\337\306\254\345\210R9\5\v\212\325\222B\253\315Y"..., 8192) = 8192
read(6, "r\210\326TV\3701\347x\253\270B:^X\177\35\316N\344\244w\355hW\202d(H\327%,"..., 8192) = 8192
read(6, "\341Z91J:\316\212\265kdX\241\214`\235^\221\2\327\254\345|\346\\\270\ffFX\277J"..., 8192) = 8192
brk(0x5555a86fc000)                     = 0x5555a86fc000
read(6, "\234\3409\0020\20M\30\235fi+z_\376-\315\30\212\344X\226y\27\f\226\2478B\245f\276"..., 8192) = 8192
read(6, "\312\33\342Mi\243\207\271\212\350+\216\3041\333'\\\224\271\3161|\30\236q\246S,\221%M^"..., 8192) = 8192
read(6, "\376\204\0221\212\245e\224\254\235v\361\341\273\202\26731q\222\26/\t]B\337\10y\272p\357\371"..., 8192) = 8192
read(6, "\341\273R:U;U\343\321X,\262\205\r\352U\204!Y\34\375\336ed\327pH\206@\"\224\332"..., 8192) = 8192
read(6, "\252\247O]\217u\302ZDSqCS1\367\305\243\376\20\351\212`99z\244AC\337\353E\30"..., 8192) = 8192
read(6, "\2205\253&\213\262y\25\323\302\324\20\235%\355\30\34\226\345+/.\307\214%Q$\5KT\373R"..., 8192) = 8192
read(6, "!)\303REr\301\224B\31JY\202\257&0\210\373'-\237#\3200\274gXB\214\22\6\201"..., 8192) = 8192
read(6, ")\223\231\221\n\227\241\234\276\34#\257\347\10R\276ue\224[F\325\204ey4\22\307\364\335\246\322"..., 8192) = 8192
read(6, "ovt\221,\211\361\274\247\364:\332\nJT\375\21`\334\274Y~\t\325\375\376\27\211m\20\250\212"..., 8192) = 8192
read(6, "\21n\307\215,\334\\\2579\3166,\10\342\231\301!\272\277s$)\10N\264`xws$\316\365"..., 8192) = 8192
read(6, "\204'\nU\322G\374\210\302\2445\216\341\274\332\373+\t%|\325\314+\375DFd\254bH\302\374"..., 8192) = 8192
read(6, "g\252\2538\302\345:\277\357\244\25\2217\271z\267\2538\f}o\325G\22E\36\355\207$\320\350\16"..., 8192) = 8192
read(6, "\254!lZ\321@g\316\237X\252g~\324F\31w\316\305\225b\3608\321\2064\2715\236b\10\335"..., 8192) = 8192
read(6, "{7+mX\235\232\244\316{\206\345\320\\\274\304c\365o^\344W\20\214\22)\244P\31#\261t"..., 8192) = 8192
read(6, "`u+ZoMnT\326x\221\242\3271\216\320$3\301\363F\\^84\27Z\1C\246/\250"..., 8192) = 8192
read(6, "e\344}\253Yk\32\256W.M0<apR\221\2641F(,{\330\320}\251\207\27\353\354\271"..., 8192) = 8192
read(6, "\277vVZ\35U\255\v'\304\224R\21\336\216\344p\256jh\332\304\276\21\247\177\32n\367\30\2729"..., 8192) = 8192
brk(0x5555a8720000)                     = 0x5555a8720000
read(6, "hScX\272\252\234\224\361?\271c\316j\222#\371a\10\251\366\360$\322\31\347\354\215\20\341\32\221"..., 8192) = 8192
read(6, "\216\260\202\333\302;<w\2021\202=\276\247PL\v\302\204QZ\247\356\10o\251\231\253\274\261$\363"..., 8192) = 8192
read(6, "\ts\25\321g\350\343\245j:e\3442D\32FW[=\316\314\253\212\302\360Kt\253H\216P\33"..., 8192) = 8192
read(6, "w\302\354W\226u\305a\324&O\32\264\3438\21\355\305\340\234\341|5\217\300.\256\23^\205%\245"..., 8192) = 8192
read(6, "N\236\241\33\352\274\246\375&\301\2272\243\304\375\v\310@2{\226q\345\245T)\257\304c\t\302\334"..., 8192) = 8192
read(6, "\3661\316P\345\362Lz\323\246!\306\372-\250{Z\344\10!\256.(\333\306\n\331\247\237<\277\373"..., 8192) = 8192
read(6, "\371\271mY,!D\266 \264\272\275\302E\225\343\204\365y\276\241\325\331Bw\255n(\302\372qI"..., 8192) = 8192
read(6, "SBH\24\251x\202\332\2\275_\202\243\\\256p\253\30\257(\2774w\373\276\351\vR\30Bl\255"..., 8192) = 8192
read(6, "Cp\361WK\364~\211'0\3349\2260\322\365Z\27V\225D\362\245\264\240\224A\23\333[\302\214"..., 8192) = 8192
read(6, "\316\313<\336j\345tl\25q\255W}\302tF\f2\3040|I\237\236\234\331\216@Rm*\332"..., 8192) = 8192
read(6, "?\207P\226\25#M\33\232>W\206\343H\21=\34\333)\244#(T<\322\255\277)\276\252l\252"..., 8192) = 8192
read(6, "\262\24\33\216\26F\355\352\33\37\233=g(}3q'X\343\307\322L()\310\331\351\\\10W\231"..., 8192) = 8192
read(6, "b\266Gs\nI\376|\244`mH\322\315\316e\226r5}g8aY\247\370\302(\225\263W^"..., 8192) = 8192
read(6, "\30\256\27\253\367\251\222~\306\224\255-\t\207\236\37\242\313p4\221\373\223-h#U\277P\325\312\211"..., 8192) = 8192
read(6, "$k:\253\t\326\327\264R\236\226\242\27j\306F\t\371$7\232\276#H\31e\364}{j\t\25"..., 8192) = 8192
read(6, "\224\265\302\31[\275\255n\32U\2123\23\221\243^E\254\370\237\375/H\319\226\321\206!\10/^"..., 8192) = 8192
read(6, "D\231{}\21'\274\322\227#\nw\332\33&\317\224\220\325\33em\33\345hVF\216?WyC"..., 8192) = 8192
read(6, "\374\355\214\221\361\367Csz\251q-M\306\v\247\256!\205cZ\377N\245U\222\220S\363B*\223"..., 8192) = 8192
read(6, " \255p\306z\25\332)\223\326N\377tT\211BVY\222t\246\21\202+\210;\31o\230\321\333\206"..., 8192) = 8192
read(6, "\244\263*\223u\2128\216\263\6\213!\260\\\366u^\206\352\236\302\241\30\341lW\354\30y\253\30\235"..., 8192) = 8192
brk(0x5555a8748000)                     = 0x5555a8748000
read(6, "1F;\336\345\274\220\3479\223\265\326\230\373\252!%\207T!\31u\345\376\336\205i\316\235ahS"..., 8192) = 8192
read(6, "*\206\346<QJ\177\241\215\266W\373C{\17s\24)\237o\272\272\256\234\304\256\10,#\230\323\222"..., 8192) = 8192
read(6, "`\2266\31\3069\237\212I\324iu\v1\6\313i\221\6\311\tJ\374\2450\247M\267 f\334\211"..., 8192) = 8192
read(6, "\332N\257 t\7I\370\35\232\244X\316\217\342\355\32\251J\243\304\215W\262S\253\366\216%^[7"..., 8192) = 8192
read(6, "\"\326T\227 \334\235\270]#j{\251\244\361\302\n)){\34N+\232c\255\2403\261\351\234\346"..., 8192) = 8192
read(6, "\354N\325\365x\227+\344\364\206\351\357\204\360s\312\344\324^\316T\205 9\316\2162w\24\276\220F"..., 8192) = 8192
read(6, "\227\351\274&\220\344\304\372\307 ]\255\34387\377ssNEO\33V\33\206\366B\312\371)\224\0"..., 8192) = 8192
read(6, "`\30\347\2738\347\6e\260\3532\23\2601\3514\n3=\223\343\21\360b\34\255\227\22\321=\v+"..., 8192) = 8192
read(6, "\357:\222\25\31a]*-97B\374Dm\364\211\312\225\265\212tQ\251\344\276\261S\326\326\t\261"..., 8192) = 8192
read(6, "%\250\225\23Q\245\3769C#\30WBtu\230\225\316\344\30b\257\364\236S#u\n\233\306\352Z"..., 8192) = 8192
read(6, "o\247\244\344\tl\251\356\367|-\247w\177\332\307Y\362[\"Q{\367\261\326\224\330J[,\316\317"..., 8192) = 8192
read(6, "\240D\327\314\205*\236\321?z\33\265\245F\304H\316\365;\376\244p\223\233)Te:;\273y\233"..., 8192) = 8192
read(6, "bZ\347\271\271\216\3744\335]\242&\230VY\322\235b\214%\246#(=\222df\273\331e\251\352"..., 8192) = 8192
read(6, "\313j\270zy\345pX\307Q\341*\365\353\251\373\307\301\320\226$\326\316*\226\21fG\234\330\351x"..., 8192) = 8192
read(6, "6\337\321\235\4\326\253\216R\256\302\303\21\343\t\0164(s\21\2\17\201e\30\313\225\f%\16\221!"..., 8192) = 8192
read(6, "!\224W\337\377o\30\6U\346\246%Z}FD\2269B\327\346\256\243\214!\30^\30\222q\276)"..., 8192) = 8192
read(6, "\371\241\257\350\10\306_\2061\263e\366VEMl\362\260\250&\215Roe\254\27\\\34\226\"Yl"..., 8192) = 8192
brk(0x5555a876c000)                     = 0x5555a876c000
read(6, "\261\6\313\204a\31K\240\10\253\32\352\204'\214\261%H\365\326r\4\207!\350e8\247z\363\35\361"..., 8192) = 8192
read(6, "\35\341i\34ApR\315I\226u\236\350}\326]\335\22]G}\2238k\346\21GJ\206!i\202"..., 8192) = 8192
read(6, "\35\316\304(Z\306\355\2340\225\306\235\3601\221R\315\10\202\343\\\234\246E\210\316\224s\251\264\340\324"..., 8192) = 8192
read(6, "8R\274\25\2O\337\33bxf\\l\327\305\271\31\35\233\261Uc\214\330\343\253,F\366\233a\6"..., 8192) = 8192
read(6, "\275e)D\255\360\334\10\305!\344)9D\340\340L\224+]\336]u\234\276T\232\303\246x\225\327"..., 8192) = 8192
read(6, "q\31\377\32\217\365\312oI\347\336~J;\3337\356\tqg\251\212\241\205d\30D\25\241e\314*"..., 8192) = 8192
read(6, "T\n\305\346\373\233\263'ZV\n/\320\237$\31\352r\271\261\267\26[\212\nAy\265\34\342\227p"..., 8192) = 8192
read(6, "\256\364.C\224(\271\267/\224\341\273\345\344\370\202c\275BS\226v\177<\331e(\236\341\5\225\230"..., 8192) = 8192
read(6, "\373a\24\321{\306\356\257!H\372\214)I\302\277\241\270\356\245t\247)Yc\370\273\f\232\370iZ"..., 8192) = 8192
read(6, "\376Xg\334;\232eF\334\30Nh\27F\315^\377\31\343\355M\10\247\314\255\20\0375%\336\3258"..., 8192) = 8192
read(6, "\377c\361\320\224\265\245y\335\336\256`\321\214\344\334\365M)\227\206e\231US\325\177+hY+d"..., 8192) = 8192
read(6, "\344\256.0\320pa\3,\330\212r\266'84[i\272\32S\30\35\212\343\244\304\242\331[@\347"..., 8192) = 8192
read(6, "\250\6\0032XGC\241\3148\337\236\223\226`r8\337\331\34M\234f\212\316\253e\323\234\350\274b"..., 8192) = 8192
read(6, "\337\216c\2552\365\251Ig8\246\21$R\212\326x\31\227\245\215q\236a\315J\326\nBZ4}"..., 8192) = 8192
read(6, "\327\265qe^\232\206\223\231[\333;\347L\211\251\225\231\206Sk\345\f\321\316\2774o]o\255("..., 8192) = 8192
read(6, "\31]\222\327\2\317\216\367\227RDJ\223\227%\214\341\227Ab\344\355\277ua\\I/\354\272Fy"..., 8192) = 8192
read(6, "n)\212\205nfy\271\204\255l\v\346\2157\271{\226\240\3643\364\2261Vo:\272\253\373\313\220"..., 8192) = 8192
read(6, "\374\253x\177\222\321\347\10\2265m\214o\245gyRLk\206\326L\31i\255\260\377\243?\307\252\355"..., 8192) = 8192
read(6, "e\250\361\216$d\204\350\r\t\223w\22\221 \335Y\202sm\n\277\26\1\203\347\2314\212S\313\301"..., 8192) = 8192
read(6, "\350\fa|*\313\341\225\303\221Z\274\326\212\371\222\223\241H\257\237\277N\23iZ~\277\200\rn\334"..., 8192) = 8192
brk(0x5555a8790000)                     = 0x5555a8790000
read(6, "\357x1\206c\215PN\307\316\334\234r\302\275\21\202((\306\204\27\371J\v\322g[\223\302\tn"..., 8192) = 8192
read(6, "a\331\245\373)\10\202\260^\n-ux\4,\202j\316\6\223\36\232\22M\"\22\211W\312UOr"..., 8192) = 8192
read(6, "\312\nT\346Lo\324M\10\0257\232?J\367\220h\261\343\237\360\376O+]<\257\\\30#\220\10"..., 8192) = 8192
read(6, "\316>\3\247\360O\344\33\235\365\263\365c(3\265o\304\244q\216q5\316\275w7_W\227\336&"..., 8192) = 8192
read(6, "\n\35!\310\243\304\325[\377\246\222\216)x?J\10\177\23\2574\207\24+\254\344:\353\206Wi\212"..., 8192) = 8192
read(6, "\242\222D\374\322\30\2429\0166\30mQ\221HM\317\340\264Q\245\251\22\211h\266\267\2657\34!\201"..., 8192) = 8192
read(6, "\314\265\260\312\265%\260\350B\267\253\254'\254\333e\3243X\327\251|]\3748y\367\216\260\245i\332"..., 8192) = 8192
read(6, "\31i\264g\315\364\254\347\315\373\4\216\331N+C\253\t\21\232\304\263W\225\36\17\313\0\3My\326"..., 8192) = 8192
read(6, "]\347\32\35\202\"\244\252X\2722e\10'TZ9\217\v\222\244\215\220\342z}\223\223\27\331\226'"..., 8192) = 8192
read(6, "8\231\33\23{\265k\10\225\3479\325\306\225sw\302\216\27\316\204R\206\271\247\366\215\20\343\304\217\205"..., 8192) = 8192
read(6, "\251\325\346t\204\2261Q\377\365\312;A?\31\202p5Re\31Vji87\316\237\":\35\221"..., 8192) = 8192
read(6, "\305\177\306\325;V\305T\216\221\306\337\2460;\225/l\316\10\202\341]vG\222\344\355\237(\315\257"..., 8192) = 8192
read(6, "\347I\306Y#I\35\202\251\234\220\2637\277\316IB\221\20\311\2021\246\243G\305Z\212\322\206\320\326"..., 8192) = 8192
read(6, "\v\257\333\226>\222\351G\30k\270\276\312\222R\211\322\32\267\247\360\f\261N\2428\202ht\252DD"..., 8192) = 8192
read(6, "M\214\32\233#M\20\351\0235\275\306e\3268\222\341\244QU3\27\302D\335ygMTwU\t"..., 8192) = 8192
read(6, "\263\325u\241\246\322D\216\264\6\325x\243\274\251g\214y\3369\212\243p\231\251\274\356\276\355x\332\222"..., 8192) = 8192
read(6, "\277ZLv\344\33e\345M\375\336^\306\270\27\306\246\221\21\275\242\260qQ\321\237s7J\305\n5"..., 8192) = 8192
brk(0x5555a87b4000)                     = 0x5555a87b4000
read(6, "\323\267\364\232\360\247\205e\374\334\337\247P\302(R\337\356nP\204C$\10\206!\205pC\"8w"..., 8192) = 8192
read(6, "\23\256!\214$\360X3\312)\236b\335\353,~\30\232\272\241\226\244\20\316\270\212\350\35K\206\330l"..., 8192) = 8192
read(6, "t\376(V\304\307u\216\344t\216\340\31+\234d\31\3128kY\247d\230\342\2143=\347\30b\216"..., 8192) = 8192
read(6, "0\327\30117\267\212[\327\35\241{\22\213\271\232k\265\21\226\254H}\202\332\333\256u\273\246#)"..., 8192) = 8192
read(6, "\21t\213S\327i]\264*h\312\375\10S\276\271\327y\333\316\2675J\370\332\22\231\202\267\222?\267"..., 8192) = 8192
read(6, "\361\377\375\20 \20\332\22\361\360\357\0o\366\f\21\363\377\375\37_\362\371C\362\356\35/O\20\312R"..., 8192) = 8192
read(6, "P\320\17\377\23\3\377\0@\24\16\357\2#\r\376N\3\355\357\1\22\357\360o\364\357\321\22\364\355\376"..., 8192) = 8192
read(6, "/\357\21?\320\3402\35/\16\2>\16\343@\360\21>\362 \344\34/\17\356\341\2\354\345\f-\377"..., 8192) = 8192
read(6, "\360^\374#\0\340\361\377\377>\376'\356\375\17,\341N\357\360\356\356\37\r\340^\376\4\340\376\361\376"..., 8192) = 8192
read(6, "\356\343\362\v\354\20\301c\377\314\2/\2\0\260A \277\377\17\4\20\317a\37\356\360\f\362\0\322r"..., 8192) = 8192
read(6, "\356\337\2\362\r?\360\3\0\336\341\344\375 \0\361\1\355\340\320\17\r\313\r\364\17\244\16[\321\333\376"..., 8192) = 8192
read(6, "\36\"\377\23\315M\224\177\0374\377#\275.\321O\356>\357\341\315]\303o\376!\356\3\275,\243\177"..., 8192) = 8192
read(6, " \24\37 \3641\377\360\21\3\37\20\3421\377\361\0\5.\3\3a\r\0020\4\17\0\3642\375\0"..., 8192) = 8192
read(6, " \375\37\0360\0\4\334?,\343\254\343\357\3\273\20\37\2\276\303\16\21\274\2\36\20\354\362\35\360\315"..., 8192) = 8192
read(6, ")\17\17\36\276L\35\0\31\376\17.\256=\36!\33\376 \37\317\37\16\17\336\0\301\342\34#\375\37"..., 8192) = 8192
read(6, "\376\320\20\16\343 .\361\17\340\1\17\3601\377\17\37\1\3\16\0001\376\360\320\320\23\17\340! \360"..., 8192) = 8192
brk(0x5555a87d8000)                     = 0x5555a87d8000
read(6, "\4\340\377!2L-\376>\336\256\260\344\3\37\340+\336\320\240\362%\16\377\t\356\357\241\3602\360\357"..., 8192) = 8192
read(6, "!\322\335\273\3\340\37]\37\320\355\273\361\320\0_/\342\354\334\342\357\361\16\2 \21O.\375\365\376"..., 8192) = 8192
read(6, "\322\36\342\1\37\357. \342\17\21\361\37\37?\37\322\376!\21\360\363\0360\343\16\1\21\17\377/ "..., 8192) = 8192
read(6, "\262\360 \377\375\317\376\32/\36\301\355\36\364\357\374\1>\1\377\376\341\17\v\302//\377\377\300\16\35"..., 8192) = 8192
read(6, "\361-\1\20\343C\317\1\17\36\373p\367\323\36\21>\36\r~\7\340/\22\17 \r?\367\361\34\2"..., 8192) = 8192
read(6, "\34\20\35_\363\360\362\360=@-b\23\21\362\360/R.S\22\5\340\17\2P\20\335\0\377\357 "..., 8192) = 8192
read(6, "N\361\341\355\342\360\375\332o\361\22\35\321\17.\333a\360\301\f\357\0\36\353o\361\321\f\320\340-\331"..., 8192) = 8192
read(6, " a\17\0Q\35\16\343\t~/\23C\355\337\323\fq\01603\17\377\324.S\36\0A\37\r\323"..., 8192) = 8192
read(6, "\320\357\377\376\335?\3\21\341\340\36\17\353/\3\22\362\17\0351\336\0\3\377\341\376\364\337\376\357\361\322"..., 8192) = 8192
read(6, "\353\17 \3\f\316\2\"\334\377\"\22\36\317\21!\337\36\376\1\355\315\376\22\334\17\21\363\375\316\2!"..., 8192) = 8192
read(6, "\337\322\16\17\r1\337\377\17\4\21\301|\1\340\376\376\343!\300l\1\337\360\357\302\37\376<!\260\340"..., 8192) = 8192
read(6, "\341\1#\21\17\r\24\17\1\17  \16\317\343\1\360\361\17\"\376\300\341\360\17\0\20\36\16\16\357\320"..., 8192) = 8192
read(6, "\0\21\36\17\f\0163\37\341\22\16\37.\356C\36\340\2\336\20 \336$\320\361!\360\21\v\337!\376"..., 8192) = 8192
read(6, "\375\340\37\0 0\1\1\20 !!2! C\21@\321\313\275\376\314\257\376\341\0\377\17\20\17\360"..., 8192) = 8192
read(6, "\0\375\320\243\21\367\323\21\1l\316\"o\224#\360\17\363\301\22\177\344\363\0\16\355\320\243\"\325\343\20"..., 8192) = 8192
read(6, "\0\377?$\355\20\21.\356\360-D\374\21\2.\376\376>C\37\21\3\20\37\17.\37\0\301\376\377"..., 8192) = 8192
read(6, "\21\371!\1M\24\347\356\23\373/\36\34\23\367\375\"\375-\2N\2\367\16\21\374\2\1M\23\347\376"..., 8192) = 8192
read(6, "?\35\1\377\23\17\357\376$\f\0\320\322\276./--\23\317\362\317\356M\36-\23\35\341\36\340."..., 8192) = 8192
read(6, "\341\344\0\220\0\300\321\0\360#\34!\25\320\321\0\3562\f\16\2\336\0\37\r!\376\357\2\321\342\360"..., 8192) = 8192
read(6, "\376\2\341M\357\367\1\341\375\21\340<\340\364\337\360\355!\377M\16\356\377\324\362\376\321\341\17\375\334\360"..., 8192) = 8192
read(6, "\17\0O\336\1\341\340\36\17\376B\0\375\340\362\36\301\3771\35\360\320\320.\321\0170\377\2\322\341\16"..., 8192) = 8192
brk(0x5555a8800000)                     = 0x5555a8800000
read(6, "\340\360/\360\35\20\362\337\1\0!\0=\360\362\361\340\357? \0\22\365\357\342\360!\0\16 \363\357"..., 8192) = 8192
read(6, "\36\377\35\355\26\16#\354\377\325\2\360\361\3762\375\374\365\362\356\22\317\"\f\r\37\363\16\363\17\"\34"..., 8192) = 8192
read(6, "\35\340\17\17\362\354\362A\374\376\16\336\0\374\364A\354\376\376\316\355\3@\360\1\23\302\355\377\3?>"..., 8192) = 8192
read(6, "L\16\336\361\277\17\20\36\\\276\356\22\354\17\20\316^\r\361\361\356\0\2\360M\355\357\20\336\r\360\375"..., 8192) = 8192
read(6, "\377\37\16\16\36\1\0353\342\340\20\357\356\376\35\5\321\357\1\320\355\0\r\24\341\320\361\362\16\20\35#"..., 8192) = 8192
read(6, "\335\0\3\21\22\0\0\3\316\0\0221\"\0\1\2\276\17\3620\22\360\1\375.\0\360\340\37\1\1\377"..., 8192) = 8192
read(6, "\371\37\343?,-\341\336\373\17\321=\35/\320\311\373\17\3570<A\302\274\32\17\3200;1\341\316"..., 8192) = 8192
read(6, "\17\36o\1\17\377\356\342\17-O\360\36\37\377\17\36\336>\21\36\341\16\320\37,O\22\0\340\336\341"..., 8192) = 8192
read(6, "\22\375\335\17\4\16\36\344\16\333\275\357\374\322\1\324\376\354\274\16J\364\24\263\376\315\275\320.\356\261\365"..., 8192) = 8192
read(6, "\320\322\340\300\317\365\"0\377\361\361\260\316\365!O\37\20\341\320\337\343\21\355\361\35Q \342\17\21\377"..., 8192) = 8192
read(6, "\3610m\20\21!\3541\3601_0\361\20\354\23\360?^M1 \375\22\1Am>!\20\355!"..., 8192) = 8192
read(6, "16\"\300\376\377\20/\341\37\17Q\363\340\361\16\357\376 q\303\357\340\375\340\3571p\302\340\357\16"..., 8192) = 8192
read(6, "\17\361\17?\377\20\356\2\22\300\0011\361\21\334\20\16\316\360A\342\21\36\17\0\261\17\374k\340\360\340"..., 8192) = 8192
read(6, "\21\20\36\376\372\340@\322!@=\f\34\340?\341\1\22\17\335\v\361\21\341\22\21\37\374\372\342?\320"..., 8192) = 8192
read(6, "\\\343\336\337\313P\352\317\27\307\236\4\302\177i\320d\327\233\27\303}:\256Q\322\233\324\332a\371\337"..., 8192) = 8192
read(6, "\360\16r\17\342\356\0222\37\23\0\377\1\336!\346\0%\362\3771\16@\347\377\"\357\360/\0202$"..., 8192) = 8192
read(6, "\254\360\37\342\17\361\v2\355\342\r\342 \357\376#\314\363\r\342>\376\16$\276-\0371\0.\35\357"..., 8192) = 8192
read(6, "\2\321\35\320\2\23\322\376\23\341\r\337\321 \363\360\23\321.\2\363\4\342\354\21\302.\321\362\3\323\r"..., 8192) = 8192
read(6, "\335\343\360\360\315\17\16\0\356\340\300\17\335\21\r\340\355\341\357\377\355\0\r\361\334\342\0\337\335\0\16\360"..., 8192) = 8192
brk(0x5555a8824000)                     = 0x5555a8824000
read(6, "\35 \340\0\356\375/\357\0\361\20\0\16\3531\17\17\377\21\2\377\356\22\20\35\20\375\375\340\16\361\374"..., 8192) = 8192
read(6, "\0\357\336\37\17\376\360\17\0\360\20\20\21\0!\360!\360\357\17\376\376\357\36\1\360\360\20\0\17\1\17"..., 8192) = 8192
read(6, "!\335/M\377\20\17\17\23\315\321|\374\17\360\36A\355\0m\354\37\377\fA\356\37M\376\17\356\r"..., 8192) = 8192
read(6, "\363\337\260\362\1\323\3570\343\17\302 \360\342\20\21 \376\21\22/\342\37\21>\356\23\3\37\361\16\37"..., 8192) = 8192
read(6, "\2\377\361\2\17\2A\35\1\37\361\20\16\0222.\22\360\356\362\35\24\22\36\361\357\360\3770\360\343\356"..., 8192) = 8192
read(6, "\363\21\355\37\325\303\360\376\2\1\374\0\343\322\0\r\361\23\355 \3\303\17\16\3 \356\20\344\263\360\17"..., 8192) = 8192
read(6, "\354/\362.\23\374\363\r\377/\362 $\0\1\376\354\376\363/\"\16\363\377\331\37\2\17\"\375\365\16"..., 8192) = 8192
read(6, "7\321\351\341\357/\34\22U\322\312\357\337\22\356\0176\2\374\2\300\0\314\37F\361\355\361\357?\354\2"..., 8192) = 8192
read(6, "/\17}\372\0\375\342\357\0>\177\20\17\376\344\357\20?|\f\37\334\324\360?\37}\373\377\16\320\361"..., 8192) = 8192
read(6, "\21\340_\17\37$\6\321\23\357O\341\21\22\5\320\22\377\0\341\37\23\23\4\2\337o\1/%\6\323"..., 8192) = 8192
read(6, "\3211//\36\36\341\320\3231\17/\356\3\2\300\357\242\0\376\16\364 \317\340\222\360\376\356\2 \357"..., 8192) = 8192
read(6, "&T5\6\323\"$4\024544C\22TC$EB4uCST$e5%\0241\23A"..., 8192) = 8192
read(6, "\7\36.\341\340\362Q/\365\36!\342\361\3631-\3\1\1\360\341\341a\361\347\375\0\323\321\361Q/"..., 8192) = 8192
read(6, "#\r\35\375\3154 -!\374/\20\357!\37\0\320\36\37\357\37\17M/\357>?\320>\37^n"..., 8192) = 8192
read(6, "\372\0\0\20\360\277O1\374\17\0010\377\276\37\337\353\361\1/\357\362N\377\353\360\0.\356\320@\2"..., 8192) = 8192
read(6, "\16\4\377\340\376\357\22\372/\340\16\301\16\335\2\334/\341\376\341\35\356\377\335\36\1\376\357\0\320\21\354"..., 8192) = 8192
read(6, "\0\37/\360\361\37\321\23\342\37\37\374\361\37\1\1\342\0\20\35\20\37\341\4\376. \376\362-\340\23"..., 8192) = 8192
read(6, "\341\341\376-\261\344\363\375\301\361\376\375\326\364\356\357\357\322\322\21N\377\336\316\357\301\342\22_\377\357\317"..., 8192) = 8192
brk(0x5555a884c000)                     = 0x5555a884c000
read(6, "\20 \17./\340\3\361\20#\334\16 \355\25\321\0370\314\360]\376\6\317\37\21\375\36>\357\26\360"..., 8192) = 8192
read(6, "P%!/\16\0\35\340n22\37\r\357=\341?\0221\36\376\16 \16>%\362-\35\340\f\337"..., 8192) = 8192
read(6, "\361\1\37\20\360\356\360\1\21\36\357\37\340\376\3771\0\16\341?\2363\377?\0\377\361 \221\21\360="..., 8192) = 8192
read(6, "\316\23\356\375\17$\16=\3203\2\372\357\377\335?\2603\20\355\376\2\335,\336\23\377\335\356\22\17M"..., 8192) = 8192
read(6, "\361 /\321\21\vg\361\17\21\36\341 \3736\0\376\0`\301\1\355&\0/\0000\341\22+E\2"..., 8192) = 8192
read(6, ",\335\236\275\354\333\r\354\373\335\313\271\313\333\37\17\35\275\275\276\311\333\n\33\n\336\235\333\311\274\31\374"..., 8192) = 8192
read(6, "\361\24\335/\302\260\340\22\360#\300\36\321\277\320\21\361\n\342?\0\376\17\20\340\35\316P\361\333\17\377"..., 8192) = 8192
read(6, "\376/\f\373\340\356\365\307\2N\22\34\301\21\362\347\377#\17\35\301\355\342\307\340\20\37\r\337\320\362\326"..., 8192) = 8192
read(6, "\320\335\233\320\274\17\357\320\341\274\235\340\334\317\37\340\361\334\276\360\336\334,\360\321\355\313\321\335!\360\357"..., 8192) = 8192
read(6, "\377\356\317\261\37\27\3\360\357\320\337\300\37%\2\17\341\335\276\22\36$\2\17\377\f\276\302\375\26\343\320"..., 8192) = 8192
read(6, "\r\36\300\343\375\360\341\0\r\0\16\322\314/\340\334\357?\355\340\335\16\360\377\37\37\340\303\375\377\340\360"..., 8192) = 8192
read(6, "\341\37\376\3611\376\354\0\364\21\376OA\17\354\0\342\21\357?3\357\354\37\362!\340\20Q\360\354\21"..., 8192) = 8192
read(6, "\321/=\374\327/\320\375\376\375.\35\343.\317\360\35\r\16\352\327\0\361\354\260\16O\354\346\37\377\372"..., 8192) = 8192
read(6, "\20\336,\337\20\316\342 \1\336\20\1\22\225\200\2\10\375+\32\216\200\2\n\210\200\2\377\37\0\0\0"..., 8192) = 8192
read(6, "\3442,\3411\0\17\357\3242-!\22\21\1\24\362\362\f\341\"1\1\2\344#<\3212\20\0\377"..., 8192) = 8192
read(6, "\260\360\4Q\356\360\336>\315\340\25\362\341\377\320\34\317\320\366!\2\377\320\363\300\377\347@\356\37\340-"..., 8192) = 8192
read(6, "\300\36\357P\356/\360\361\356\21\3212\0162\2\2\356\25\322D\340\34\342\357\337.\3750\356\376\340\301"..., 8192) = 8192
read(6, "\331\314\373\275\315\336\17\322\354\276\f\341/\1\17\376 \20\340\21/\20\340\357\37 \342\341\f/\17\337"..., 8192) = 8192
brk(0x5555a8870000)                     = 0x5555a8870000
read(6, "\37>\342\377\363\357\361\337\20N\320\36\24\340\376\360\r?\363\r\362\360\377\0\16>\322\16\342\336\362\356"..., 8192) = 8192
read(6, "\356\355\377\np?;\322s\36\341\356r2:\323S\376\320\20T\345\r\302\21\16\320\"sR*\321"..., 8192) = 8192
read(6, "\376\375\304\375\321?\372\377\375\376\323\335\320\20\354\376\375/\343\r\1\354\n\33\340\37\334C\322\376\353+"..., 8192) = 8192
read(6, "_\36\362\356\fA-\362_\34\340\34\\\376?\321=\35\r\17,\r?\343=\353\2\36\374\3-\342"..., 8192) = 8192
read(6, "\320\376\2\20\376\0\375!\355\361\361\301\21\377\336\0\316\17\360\377\21\16\16\377\0\0\0\361!\20\355\376"..., 8192) = 8192
read(6, "\3772\320\345\0\357B\35\341C\340\343\36\360\22\35!Q\f\337\0\2\354\37\302\336\362\260\261\361\336\36"..., 8192) = 8192
read(6, "2\316\357\341\316.\320\22B\316\377\21\0161\263\3625\340\20\2\3771\321\3634\317\376\21\337\36\340\21"..., 8192) = 8192
read(6, "\r\5\376\357\355QN\17\34\365\374\377\r>0\341\16\25\22\321\377p=\360\16\5\377\320\3752>\340"..., 8192) = 8192
read(6, "\1\363\r\0\17\377\360\360\320T\3\375\36\36\2\337\354D\23\377\376\37\362\357\0174\21\377\374\37\341\340"..., 8192) = 8192
read(6, "\3604\1\362\365\300\302\362\356\26\"\377\1\337\323\340\16\364\1\376\"\374\34>\17\1\377\16\362RM/"..., 8192) = 8192
read(6, "\377\20\376#5\317\363\361\0\355\37\23\23\355\4\3770!\335A\4\355\1\0\37\360\355A5\356\361\0"..., 8192) = 8192
read(6, "\363\1\320O\20\337\371\361\20\37\f\341\333\1\261\357\16\17\r\357\373\37\320\337\356\374\34\321\f\17\357\356"..., 8192) = 8192
read(6, "\2/\344\300\357 .\375\342\20\325\261\3360O/\341 \305\302\36\21A\377\301\357\374\260\22\316\32\377"..., 8192) = 8192
read(6, "/\21\35\336\36\340\3200\20\360>\336-\22\377\376/\1/\r\f\360\361\f\20\361.\356\35\1\340\37"..., 8192) = 8192
read(6, "\355\16/\361 \357N\2\35\361\377\375\0\377>\343\315,/\3360\317A\3\356\35.\322O\337O\3"..., 8192) = 8192
read(6, "0\17\356A\360\5\316\320\320\357\361!\37\r\0024\36\36\3774\361.\21\23\374\376\0B\337\376\2\3"..., 8192) = 8192
read(6, "\1\16\343\362\16\356\357N\0.\3\21\37\16\377_\1\16O 1\340\377\377R\36\362\321\377\357O\357"..., 8192) = 8192
read(6, "N\326\0\17\360\16\341\341\20\344\376 \362\r\321\341=\345/\237\360\21\21\261>\305\20\357\0\16\361\341"..., 8192) = 8192
brk(0x5555a8894000)                     = 0x5555a8894000
read(6, "\3771\16\3601\2!\334\1\1%\32\301\21>\1\242\0376\315\356\301>\361\301*\363\355\355\341>\375"..., 8192) = 8192
read(6, "\320!\377\0C\362\300\37\301\37\377\20 \357\1!\362\361\376\v\"\336\3411\361\341\23\34$\20\3\20"..., 8192) = 8192
read(6, "!\17\374\341\302\377\37\1?\360\335\337\302\356\357\377\16\21\377\376\361\363/\341\0\0\375\377\323\337\377\341"..., 8192) = 8192
read(6, "N\357\253\355\377\376\35]^\335\260\377\377\337L\0350\376\252\336\360\1\37pM\316\331\273\377\356\37o"..., 8192) = 8192
read(6, "\r\353\24\0160\320\377\377\375\357\360\2\36?\372\337\361\357\37\341\16/\354\356\360\340\1\320\1/\r\377"..., 8192) = 8192
read(6, "\336\316/\0\342\360\37A\0\357.\16\360\20\20p\376\3170\375\21\22\0q\356\321\37\1\2\302\16\21"..., 8192) = 8192
read(6, "\341\3170\1P\21\34q\361\316N1//\0170\360\355\37\341@!)B\362\301O\3611 ,q"..., 8192) = 8192
read(6, ".\376\17\21\0\"\360\1\36\35\357\322Z<-\320\276\31\302\317:E-\235\362Y\261\353\3757 \256"..., 8192) = 8192
read(6, "/\345!\343,\342\335\3752\360\1\264.\365\340\0161\340\22\357\377\361\340/0\343\360\373\376\371\377\1"..., 8192) = 8192
read(6, "\362\321b\0370\355\323\374\2\342@/N\353\364\f\1\360 \20\0\377\360\375\361\342A/\21\355\322\r"..., 8192) = 8192
read(6, "N_N\306\2269;j\304\354TY\273BZu\331\237B\237\221\21\275cE\311#\250{F(u"..., 8192) = 8192
read(6, "G\22\221})\244 :\316)q$\265\263'\\s\32\341X\323\316\250Kc\214\2u\255\276\323n"..., 8192) = 8192
read(6, "Z(\212Ua\247\357\355}\232F\30\243(]V*\33cDim\372\302\376\354\256\22Q\n\323\355"..., 8192) = 8192
read(6, "\35f\322(q%(\24\212\244\245\267#S\r\207\243K\302\246#V\312eh;\236\36\216\26\361k"..., 8192) = 8192
read(6, "j\302\254$\260L\344w\367{]4\206\262g\30m\371\233\232\23U\275V\t\265N\266\342\217\346\235"..., 8192) = 8192
read(6, "NKZ)\302*\275\204\233\216\344]\252n\346\t\216\225\306\346\10\2261s\177;\226D\322\271)\10"..., 8192) = 8192
read(6, "L\316\336t\t$~\n;\31\216\260\260\20\376\354\246'\224&\2725n\364\377\251K\243\21\230\206\251"..., 8192) = 8192
read(6, "_3\235\341\0323R\3162\254\223\265\25\333\2Ek\37\255M\10N\245!\234r\331\273\306fMU"..., 8192) = 8192
read(6, "\345T(\0257$\202\223\35\31\261\271'\314\t\337/\30\251\305x\252\240\267\325\35!\\\33\242\340\334"..., 8192) = 8192
brk(0x5555a88b8000)                     = 0x5555a88b8000
read(6, "S\323#Tt\244\264\302\266\37\327\336\33\357\325\2307\31\365\227\177\267\355ZBD)\227g8\342\205"..., 8192) = 8192
read(6, ";\235gU]\315\355\n\273F:\312\316\271'\366*w\373\247E\324\316\360\10Q\351(\327\367q/"..., 8192) = 8192
read(6, "\231\37\275\321\253\33m8$a\215\21NH_W\16\205\365\316\355\365\265oF\n7\245\344\t=\243"..., 8192) = 8192
read(6, "-)[\341\205a\10#\t;\326\217\33kT\334\306\345\tN8\223\37\356\32\2022\316\335\345\\\335"..., 8192) = 8192
read(6, "\357\255\362\376\10#\336}\376\345\234PDb\336\30\225\206\21]4[\252\250\31\257\252\302\205\341\314\325"..., 8192) = 8192
read(6, "d9Wys\337\347M\365\232\316_\254t\216a(\0060d\336\306\214\302s\347\214 \304\225;Q"..., 8192) = 8192
read(6, ":{\316\334\31W5Q7\326m)e\214\261\223g\344\235\260\271-\32_\306\263L6\211\240L\334"..., 8192) = 8192
read(6, "\n\246;{\352\236QZ\206#\334Dr\244oY\233\302\3178\253\252s\245\250i\315\245\247\22\v'"..., 8192) = 8192
read(6, "\312\241\n\255\346$\247\257T\234,\270?\253\206\324\247\314\366[\273i\324(\2631\0217\376|\ns"..., 8192) = 8192
read(6, "\326\336G\234p\27Zq\10\261\341(\255\32\327\351\206\343&M\222\314\222\3349F\324gt\310\326M"..., 8192) = 8192
read(6, "A$U[g\2242\226\331\21\276\220\2\321\364\t\331\26\3058\2M;\226e\234\377i\215\260NY"..., 8192) = 8192
read(6, "\303t\323\250\33e:\233\321\2617\231\31\2362\306\226R\302\2369\342\245\244\374\354}YWS\3036"..., 8192) = 8192
read(6, "\32\253\244\341\10\237\221;\33\261C\341\317\217U\302\222\204KB$)?^g(\253\t\275\2337i"..., 8192) = 8192
read(6, "Qw'\375EeO\265\221\221y\321\322Y\302E]\210gD\235\3243\3775\361W\225Qg\211/"..., 8192) = 8192
read(6, "\v\27\273k)#\214\264aT\274\22\222W\234\242QA\25\363\232$\226\261\257\30\227\302\206\262F\n"..., 8192) = 8192
read(6, "f]f\204y\326\255\360ys!\335\2323\243\224\222\365\234\226\262\323\364a8\311q\232\250\325\344~"..., 8192) = 8192
read(6, "\231\373Q\206\371\27\37\363F+\263\302\334\315\vJT\316]E\315D\320\30q\261\357\227\262\251\31\322"..., 8192) = 8192
read(6, "S]{\253*\265\343\215\363\3231\302M\10k\204\343\205\224k\256\362S\353r(\272o\10\265\267\327"..., 8192) = 8192
brk(0x5555a88dc000)                     = 0x5555a88dc000
read(6, "\324\23F\254rW\336}\n'E\n\222\22\302\377|\2350{\245(=%X\2063a^x\322\255"..., 8192) = 8192
read(6, "\324Q]\\\254%\334\327\315\31Y\37U[\177f%K\225?A\263\323\326\355M\215\260\2\225P\26"..., 8192) = 8192
read(6, "*\23WN\305\235\265\373\325\336\252\263\22I\10%\305.\203\36\"\225\36\f\216\277\206'\356\356)\277"..., 8192) = 8192
read(6, "[QqZ\364\2472_\243fFE\365\245\21\302\347\t\223\206\21\322\304\334\265\262\221\222V[\223]"..., 8192) = 8192
read(6, ":SRe\224\224R\r\2111S\277U \321\226\"\351\256?=\227\222r\311\300!\t\232\261F)"..., 8192) = 8192
read(6, "\246b\376\325\231\333\222\357\344\220\10\316\30g\346\227!U\255\261\226`\30S\367\302_e\334d\324\273"..., 8192) = 8192
read(6, "\312\215\367-\31\2317$\212{R\237V\351\314q^x#\2667+\364]T\234\23\343(e\264\323"..., 8192) = 8192
read(6, "\210wJON\316\206\340\230\345\334\222T*@\327i\335\307\324v\357ZW\202.|\204R\231Z\363"..., 8192) = 8192
read(6, "\341\375\324\376\30?\242\376[\353\344,I\354\31\322\252E\25V\255)O\305\337~\\\30wE\23\212"..., 8192) = 8192
read(6, "a\214\244\212T\363\316\264\343\253<\212L\262\221WM\"\34\221'~\2756\316[y\267\202\24\343i"..., 8192) = 8192
read(6, "\327\312\337\232\366\30\202\31\2561\355DU\va\32\226\21\336eg\355Y_\326\ns\247\31\222 \212"..., 8192) = 8192
read(6, "\322\n\223\202\21\332\227\320\222A\263\227'\234\3528q\306\324\356*\231\21\21w1%\314\306M\2070"..., 8192) = 8192
read(6, "\363\312\31\ff\324\244a\264c=GX\24\355\tq\347Z'\344H!\255S\0215{\316\r\323\366"..., 8192) = 8192
read(6, "}\246/\234\261\312\217$\354\274/_\206_J\276\231[\232\360RH\255*SV\355l\334OgY"..., 8192) = 8192
read(6, "\223\271RLi\375\27\302\216Sn\206p\361\247\254\261R\256\220\353V\267V\362\10\273^]dI\24"..., 8192) = 8192
read(6, "\205'\344V\256U'\315\354\326d\223DFi\306S\31m\224Bx\336b\203q\275\227\325\277\177\367"..., 8192) = 8192
read(6, "\2141V\355\31\33\242\"|\271\243\tU\255\370\225sF9?\265\363qf\314\315\232\22\311\375XR"..., 8192) = 8192
read(6, "\2720\227\316\207\240\364\10M\22\206\325!\235\345LMV\246Y\212cx\365\367F\235\352\354r\326\276"..., 8192) = 8192
read(6, "\372Eg\314\212k\0105-Xy5\333\347\30\21F\304\315\311\2331\25\202\3271\273\25\231\231w\263"..., 8192) = 8192
brk(0x5555a8904000)                     = 0x5555a8904000
read(6, "R\244\227\206f\304\twNZ\241\244Ra\301D+R\34\315\211j\317\365t\377V\33n\276\240\326"..., 8192) = 8192
read(6, "\351Fv;9c\354y\255\335\216X\2538\332D\367F|\315\t\177\325o\234$\325\217'\336\215x"..., 8192) = 8192
read(6, "\233\233\233\312XR8BI\337g\316]\31\376\210u\2360uY\247\366he\244pDG\222\336_"..., 8192) = 8192
read(6, "\212Qw\246?\n0x\337\3375=7\243\\\324w\0327F\30\327\251\205\20%\\z];s\257"..., 8192) = 8192
read(6, "#\305)N\245t\212V\351\225\341\354\371{\226\254\223@\203pF\t\252pk\205\263B\227\264Q\327"..., 8192) = 8192
read(6, "\355iJLM\336\306\306\307\336\222\314\305\351\306\2155+\216\220\27yq\367=\265\342\205\265\342\266p"..., 8192) = 8192
read(6, "\354NL\305\304\365\326\30-Z\346\214+\\(\2659\351\236\342\315\306\32m]L\210\336)}\23s"..., 8192) = 8192
read(6, "\272\feY\255\217\352(y\25k\262\214\376+\230\255\304^n\225!\30\365sb\204\261\226\324\251\306"..., 8192) = 8192
read(6, "\377\204\361\206\340\264\266!X\242i\212\4b\265u\316^\2164?'\234\365\367Dw?\355wt\\"..., 8192) = 8192
read(6, "&\311\246r\337Wu1\327Rn\326LE8\236\320\31u\33\23\271\223\206\30\367_\243\275\352\236@"..., 8192) = 8192
read(6, "N\277\25\316\354\257\362\212\303ra\336\233SB\207\20~\337\315\346J\312\365\236S/8w\346+a"..., 8192) = 8192
read(6, "k\212;\302\227'\270F\344H\322(FZ\367\33\316M\217\261\2655\37;m\354\246T\35\21{U"..., 8192) = 8192
read(6, "\2711s\321#\214>\25\212p\275r9\263\341v\370\25\263wg\10\322\nE2e\374GUwT"..., 8192) = 8192
read(6, "\212\224\302\315Y\223Gb-\211dYe\10\232c\30\177BX;-\335L\t\36\311Z\341\204\240i"..., 8192) = 8192
read(6, "F\304\327\267a\222\264\351\204\233\2733\265)\32\271\206\365CS=\202\27u\306z\222\370\332h9\216"..., 8192) = 8192
read(6, "\302\vq^\254\242\334\305\217\3637\306\235\21\206\261\33Bl\315MW\324\2466\232UQ\365\23\3366"..., 8192) = 8192
read(6, "\314\355Nm\33\206h9\376eWUs\326\252\335\267F\255 \212\241\364\310\25g*\267\227\202\230e"..., 8192) = 8192
read(6, "D\215o\235\221\327\223s7\2315\23\273w\361\322\235Q\257\224\"(57Y'\306\314\325\306}\345"..., 8192) = 8192
read(6, "\2054\351iF{}\275\202P\225\322\324|\335M\317Ud\367X77\302\274R\3335B\3548F"..., 8192) = 8192
read(6, "\t\355\2648\242T^\t\177\367\227\216\240\216\343eD\32\31\302\250\235Z\264\330'\376K\342\315\336)"..., 8192) = 8192
brk(0x5555a892c000)                     = 0x5555a892c000
read(6, "\t\304\353\33\243\324\347\325>\3\211!)\225\355L\30\4\322\315\277\242\224\340\314v;\216\352\267\222\327"..., 8192) = 8192
read(6, "\316:9qb\254b\234b\255\20[\253\3554\3038D\306\t\347);\346V\266\260\222\26\332\ty"..., 8192) = 8192
read(6, "u\3549\363\206\24~\345\215\233\373S1\312]\10u)h%enu\237\342\354\225`\214p\327\302"..., 8192) = 8192
read(6, "RS\273\23\27=\265\247\2643o\221\324\\\366m\371\277\312\226\243\325\271\256\366\371\225%\354\316\256H"..., 8192) = 8192
read(6, "1q\271\316DE\326\335n\30\02337\273371u\26733q\271\267{w31\23\351\314L"..., 8192) = 8192
read(6, "7\241\265\360\232'(\267\25}W\27Q1\0217\271a\305\276\3605\261\316\355E\314\305\253T\2424"..., 8192) = 8192
read(6, "\324\20401\345\355\355:\227nyQS-\\\314\\\315\305\214\367N\32\225\346\275\337\363{\0333y"..., 8192) = 8192
read(6, "\0271S3\3228\247X\277\306D|]m\207\323\202\360\323Q\27\25\377wNe\345M\336\334}\314"..., 8192) = 8192
read(6, "\365\2375\261Q\221\341|\206g\244\321\221!\306\324D\335\10\323Z\32\251\314\314\334\304\31\361\353|\315"..., 8192) = 8192
read(6, "_{\227\321We\316d\346^\3397%\214[FY\313\341\217\352L\337\315\367Y\375\321\365M\34"..., 8192) = 8192
read(6, "[\25Ss\312EE\345E\10\263n\10\332:\223\27wqyclMt\344\357\235\263\377_\2164"..., 8192) = 8192
read(6, "q}sDRDn]\307)\223\27\371%\334\177~D\10\2523c\264\345d\32\312+\231!\315\334"..., 8192) = 8192
read(6, "dV\nq\327\306\324\334fd\31Zi\212\250\24\311W\315i'\236qB\324\376mM\177\325\206\21"..., 8192) = 8192
read(6, "QU\35c\324\345\314\335]\251\21B;\242\340\314TD\317\254\261\303\221\321B\354\345l\n\231BT"..., 8192) = 8192
read(6, "\366\364\356L\344MD\3148\177s\301@\365u\225\237\35W\202pgL\340B\n\323BO\324\334U"..., 8192) = 8192
read(6, "\30\236\260\32\305GU\315\315\365\304\316\374\355;\35\302\325\336N\\\\\337_\216c\354\306\304\305E\314"..., 8192) = 8192
read(6, "V\220\242\305D\327\304\324F]dU\315\315eV\210\333Y\23\237Q\267\365\261\227Q7\373\302D\324"..., 8192) = 8192
read(6, "\326\316\336V\334U\251\21\247\10\225F\344L\304\2473\342\237\2235\23\21quW[SQ\37\3657"..., 8192) = 8192
read(6, "\334LM\377eULL\304l\365\364\304\305\315\335\355\356T\337I\225\21\23%\334G\304\345\305\336\334"..., 8192) = 8192
read(6, "\325Q3\23\21sYY\343\304|nL\337\344\21]\306\304FG\305\336\216R\0335171\203\v"..., 8192) = 8192
brk(0x5555a8950000)                     = 0x5555a8950000
read(6, "\206\2729\2479\322HwWS\2333qs\223s35w7Q\316\317DGl\314LV\0321\25"..., 8192) = 8192
read(6, "\225\31\27\331\27qS\25W\33\02113q\371\302M\345^\326M\315\314F:1\263\322\335\205r\35"..., 8192) = 8192
read(6, "\265\233%\244 \254q\323\22E\367\307\304\\UOMl\345lFodW\344\334M\236\343\364\v?"..., 8192) = 8192
read(6, "\25\2615u\31\321_5QYb\337D\372bt\334\315\324\275\262\243\346\304\366\317VLD\366L\31"..., 8192) = 8192
read(6, "\3348uS\27\265\225uc\2441\337\6\215$D\247\223\326:F\337\245X35\323W\243j\321!"..., 8192) = 8192
read(6, "\23\273\375\327W\316\317\325TKq\227?3\27\25W\27w\21\0237\221\233\257\304\265\37y1\27S"..., 8192) = 8192
read(6, "\245\324Z9w\306M\325\205r1\327sSG\362\22\217$P\304+\23?)\324\32\242\261\223q1"..., 8192) = 8192
read(6, "\237\323\223\263D\202C4\237]a\25413W\0251\371wss\221\231\377V\337\325\304\314\30\252$"..., 8192) = 8192
read(6, "\336\355\355]\314]\304\314\314EM\316u\314\\\315\314DDM\325e\346DdD\315\207\263\23\267\332"..., 8192) = 8192
read(6, "\354\354\314f\224t\263\33'\316\244\316\343\337LTEL*{s5\37S\23\267q3\23w\226p"..., 8192) = 8192
read(6, "\234U\202\365\2317O\34]\377yQ\345\260\315L;\200\322\346\334T^e\31\327WU?\316\325\325"..., 8192) = 8192
read(6, "\253\316*\25\265\321\316MT\324TL\334\322h'\t\261z\256\272\346\376\335]\314\237p];{-"..., 8192) = 8192
read(6, "\324\326\3558\231\343\314\305\375\316\t3\21U[9qWgl\314U\305\315LM\30!\245YQ="..., 8192) = 8192
read(6, "#V\376\32\267Q$\271;\302\314\315\336\364\v-\2440\177\212\263\316\316MT\314]\30b\232\342\231"..., 8192) = 8192
read(6, "\265\361\302\304\314DD\214S\252\331ZJy{5)(\225\212Z\353*\335\316L\315\244\32kL\334"..., 8192) = 8192
read(6, "\327\334\314\315DMl\315\30M\24+\335\334\355\256\23\312()\344\326\304L\305T\304LT\336\351\4"..., 8192) = 8192
read(6, "\306\374h\242\344}\206\346\324M\317\374\264a\0107U\21\231\377\2161\212W\3056\364\37\3578U\306"..., 8192) = 8192
brk(0x5555a8974000)                     = 0x5555a8974000
read(6, "E]LG\345\\g\0305N\305\314\305\\]t\314\314\254\20\21S3\323WW\23\23#D_\315"..., 8192) = 8192
read(6, "\21\23\32\221o\314D\32\357\364\3274D\2704\302\345L\315\314\345L\t'DD\326L\366\316\335]"..., 8192) = 8192
read(6, "\357\030755\33\23\21U\265\306\316\177\315\325)\221}J\t\273\3659\343S\210\nO\0101\21="..., 8192) = 8192
read(6, "\225\322\23417S5\251\375\314\335mF\324TdN\304MD\354\355\314\306\324D\315\314\305\205\360\265"..., 8192) = 8192
read(6, "P\375#\317N\315\354\336M\267r\271\267\325s\212rq\321B\305\355\214\020335=sQi\274"..., 8192) = 8192
read(6, "bk\275\21c\314T\245\20q%\314\324\314\354Ujo\274\224\322E\315\304\315\365LL\345\304\304\334"..., 8192) = 8192
read(6, "u7\0233\221gt\314\\N\31!M\334L\315W\356\305nDWi\341\204!+k=I\357o"..., 8192) = 8192
read(6, "0\332\305\354\304l\335\315\304\325\314Fn\365\373\33\225\31S\265\27\325\242\260y+\314\fM\356\251\261"..., 8192) = 8192
read(6, ":\302\314\216Ar\221m\f4\30\f\234\352$\221\21\312(\342\314\324g\335\\\\\354\224Ab\374]"..., 8192) = 8192
read(6, "[\367\363!\306l\205(8\312\35\361jY\206P\26353;Q1\323\2637\361Q\321\0213\223{"..., 8192) = 8192
read(6, "{\25\0257\23\2753\216#f\t\302G\10\353\364d\334L^EIw\33s\223\27\25F\227\226i"..., 8192) = 8192
read(6, "U\304n\354m\231\267\271\31\21gD\344L\370\33\202\"\310\316oH]\312o\207\262\25q51\25"..., 8192) = 8192
read(6, "\0213w\21\377w\265\267+\\_\315;{=\2371Q\273\321c\354\325\205\260!(\335\273S\3637"..., 8192) = 8192
read(6, "\343\324\10%\356I%<I\316gTw:Z]\316\324\335\2555\31SA\322\275\33\331b\231\335w"..., 8192) = 8192
read(6, "D\345\345\304T]LlL\336\357N\314keE\347J\273\2[\n\337\2631\237S\221\21wS\25"..., 8192) = 8192
read(6, "\364uF\32\3639\263]\2733ww\225S\265q\2068s\25\273\0317Q\0251\321}a\334\v\321"..., 8192) = 8192
read(6, "\335;O\223q\361s\302\305\\\334\367I{\21UF\256\323\333\0271U\261\231\316E\337\334\305\306\305"..., 8192) = 8192
read(6, "*U\372*I\326u\10S\177\271U\35\221=\343L\304]\324\354W\315flLL^\337\315\304\304"..., 8192) = 8192
brk(0x5555a8998000)                     = 0x5555a8998000
read(6, "\27{u\21\6\211r\367\216\303\331\306Zy\367\21\33\33\26133/\31\23UR\317\314}\244S\25"..., 8192) = 8192
read(6, "Q\304\325L\307\356\374Tel\244\337\277-V\334\371\31Fe\335O\205\323?\23+DLM\256P"..., 8192) = 8192
read(6, "(k\314V\316\314F\335\\\314\335\335e\314\364tfm|D\235\225E\225#\345VL\226Q\27s"..., 8192) = 8192
read(6, "\316L\n1sB\316yG\262\243\356(\267]\263\261}'\\\216\21\2233y_;qWZUF"..., 8192) = 8192
read(6, "\267S\267S\37w\37Z\v\4\243\364\272$\223\21]\3251\312\365\235y\0213\333=\177\302\324\335o"..., 8192) = 8192
read(6, "N:\316\336\244\243De\314\305\324\315M\315\306U\306\314}\224\344U9\365bN\306J\251\2353\246"..., 8192) = 8192
read(6, "U\27w=yS\263\363\306\354\3058N_D\314\336\324\336\305\335Vd^\206&\346FNZ3z"..., 8192) = 8192
read(6, "9\267;\363Ys5\327s\0271[Uq\21\261\31\02735_5\36317\25\377\221usw\373"..., 8192) = 8192
read(6, "\315\336\16I\316\236%v*\271\353>\275`L\325\304\306\314D\251\33195\0231w\02573\267k"..., 8192) = 8192
read(6, "Q[\373\33113;\302\334\305L\306\364\33{\33\27\25\23qQ\0253U\2415\303\316\374\374N\325"..., 8192) = 8192
read(6, "\304\355Nl\304U\235SgdE9\231k\375\334L\334lDL\314D\30\345\30\319i\314\314^"..., 8192) = 8192
read(6, "\334F\324\367\2142\25Z\316\\LD\344_d\225fl)Fe\31\316J\21\35\37qz\30\267\352"..., 8192) = 8192
read(6, "QSYSu\23sVl\346(Zd\v\37\326n\304\354\325\314E\334\341\2\7\233\305 \244\234U"..., 8192) = 8192
read(6, "\347\230}a\360\310s\0231\21\33\37Wsi\304\334\315\215P\227y5;\27\225\316(\265bL\237"..., 8192) = 8192
read(6, "1\261V\325D\365\356\324}O]\355el\225\260\235Z\304\316\315\326\371wwsu\265\25\241\365_"..., 8192) = 8192
read(6, "e\335\354\254\274/\32\221gh-\306\337\31\221s\243h\21\261SW\23\263CeX\221\23{\265\263"..., 8192) = 8192
read(6, "\23\312^\364\202\304\315vlU\365\314fX\23\332\315\325JZN\2063\27F\224\226J\257\21\3353"..., 8192) = 8192
brk(0x5555a89bc000)                     = 0x5555a89bc000
read(6, "m\325\334l_\305\336\214\264m\255\346x$\304\331\23\23\2428\367R\177\356\207p1\21[UN}"..., 8192) = 8192
read(6, "1\363Q1y\265?7\271\267S+\0105an\317wmT\244\264\263?\27ws\216W\351\255i"..., 8192) = 8192
read(6, "\27\231\211\v\306\10e\250\267{\25qs\219\375Q\31\236R[w\265!',\324N\\\314D\\"..., 8192) = 8192
read(6, "T\246S\321B\205\3117\35794u\227\306vVV\266\240(\375Q\23S51\25\23\23\322\\o"..., 8192) = 8192
read(6, "1\221+\334\t\235\31\302lT\244`D\237d\374Z\242\324\260\360j\320[}*\37b\304\304\344\\"..., 8192) = 8192
read(6, "{\212!\31s\36711Uq'\345\364VM\225\230F\305\\\376\204!\305\276\321s;\261115"..., 8192) = 8192
read(6, "\23\265Y\310p\33qW\21\225\316\5\3119\347\314VJu\23q\233\21\271\216\327\322L\217\264'\335"..., 8192) = 8192
read(6, "\363K\23\312\226*\324n\30d\327\227+m\245\354Li\267\23N^\235\362'\355Yi\345T\304\314"..., 8192) = 8192
read(6, "4S\373C\24W\333D\376\304F\304\226\361\177\373\31\241\335m\234`0\244\351x#\234Jr5~"..., 8192) = 8192
read(6, "V\364F^)[\33iXW\310\240UJu\323\3775\223Fz\225mu\272$skI\221\306\355"..., 8192) = 8192
read(6, "\23y\23\233yB\316\314DD\314^\315U\305\31\302\316\367%\2158\323w\25\27\233Q\177[c\314"..., 8192) = 8192
read(6, "\246c)\312\366\314)\31\321+\304T\33*\311\33\223\241\315t\334\326\\_D\31GBtw\0254"..., 8192) = 8192
read(6, "W\21\251\376OW\6\311;?q\371FI\31\177\21\365\321\232\21\323]\3239\357d\367\244\340\214!"..., 8192) = 8192
read(6, "\310NLTiy\353\30\361\271\326\177\314\\\235p\23\21\306\304e\344\3378\0213\21\23\345\\\10o"..., 8192) = 8192
read(6, "9s'\304\t\37\02113Q\21;a\344I\322ll\374O\20549\253NNv\31j\353S5"..., 8192) = 8192
read(6, "1\23N\354\337\236&\344\354:3\21wq\21\221\225s\23\223\02339\23\243~\304\317\315TUH"..., 8192) = 8192
read(6, "\335\304V\355\354\205 \2342\25\21\23q\25Qs\265\363/U\314_^Oe*b\\\2164u1"..., 8192) = 8192
read(6, "\314\364iq\23\21[wa\254t\241\noLL\\\326\224\225\212s\21c\205v\302T\374dvM"..., 8192) = 8192
brk(0x5555a89e0000)                     = 0x5555a89e0000
read(6, "ML\252\302\354\347\334hQ\233_\21\265SQS\3269\0231w{s\263D\332I\27B\267\245X"..., 8192) = 8192
read(6, "\341\320\354+{-\210\5\23\267S3\31\1773{qsm\324\304T\354\326\32\31\3677\267\245^\315"..., 8192) = 8192
read(6, "u7a\344\374\356U\30\306}\317\325\305M\377\t7[\3271\341l\325M\\\307\325\306jR_\304"..., 8192) = 8192
read(6, "_\250\321Q\25!\204q9Wad:\21s9\2637\273\0337\361=7F\30\305P\223\263\326}"..., 8192) = 8192
read(6, "\315e\314Um\31\03135\223\221i\344\n\37g\2741\25!JS\271+\315\177\315\335\5\315F\215"..., 8192) = 8192
read(6, "\25w\361\27\343\305\376\374\334Tf\31S\33[\206\371_\25\306\327D\306\355\344G|LL\354m\231"..., 8192) = 8192
read(6, "Pa}\304\216\262\23\241\354DnF\335\324\205\10\f;!\10q+\230\235\353\324Y=\343\367\255\234"..., 8192) = 8192
read(6, "\266\360w\267\267\310\0\vS\341\347\315\347\315\250\346\347\371\312^VM\304edm|\315\314\304\325^"..., 8192) = 8192
read(6, "\325\304G\30w+\30\2162W7s\33\2335F\345^\316\315\34U\325F\214\241G\210i\\NF"..., 8192) = 8192
read(6, "U1\223\302\204Qq\371\273\331\321\33\345\334\\i\32I\316\337\20OfF\374\224\223\353t\205p}"..., 8192) = 8192
read(6, "\21\21\21\21\21\21\21\21\21\21\21\21\21\21\21\21\21\21\21\21\21\21\21\21\21\21\21\21\21\21\21\21"..., 8192) = 8192
read(6, "\22?\27\21!\235\22Z\305\304\272\347\10Q\337ZD^\315\334\3059\221Q7\33=\303Y\202\227\356"..., 8192) = 8192
read(6, "\241\325\315~MUEnNNF\376}\214qF:s1\363\2339\0331}\33\23\27\25Y\302u"..., 8192) = 8192
read(6, "\23y\306\355\316]J\21Q\37Q[\306\31q\357U+\357\335\314eLVU\306\344\356\304TT\304"..., 8192) = 8192
read(6, "\3529'\325fl}\345\304\207\301\26\216\227s\247i\247d\220L\204\23\306\374\324\\L\354T\314V"..., 8192) = 8192
read(6, "\255e\207a\254\23\3735\221FB\305\25\301\t\277scDGH}1\342]VHq]NMM"..., 8192) = 8192
read(6, "Y\23U\27\261\25QRnE\321\3148\225\361sS\346\204&\305\315\335\\\204Q\351T^\304\327O"..., 8192) = 8192
read(6, "S\335\354\324\306(\306\270\21\365!EMWT\217\23u\226\221/\30Y}\275\0257\2211\23\233\31"..., 8192) = 8192
brk(0x5555a8a04000)                     = 0x5555a8a04000
read(6, "\10N\211Lq\373w\206c\314|\314\t\3257\23\25\27\243\305iW\263?\225y\23[+TN_"..., 8192) = 8192
read(6, "\335\326mGJ\252Q5WW\0255kL9\273\346E\305mel\235\330\267\271)\2105\21;y"..., 8192) = 8192
read(6, "\205\23V\376x\335\255\321\250[\276\361\322\254Q\221[Wq\302\354dN;\275~\304EV)3\206"..., 8192) = 8192
read(6, ";\263q93\327uQ\265\375s\365\27\231\21e\224P[c(\231\206\267\353\314\346Ul\2350\216"..., 8192) = 8192
read(6, "\377\304\355\354\235\260s\326\227\222\302\376H{7\23q13)F\306\336YS{\206\230\34>\213\21"..., 8192) = 8192
read(6, "F\\\234\361Z(F8\302\377\316\244\21SQ\23yFl\10=u\231q\27'\210w\227\375\337\227"..., 8192) = 8192
read(6, "%d\207\361\323\277VOjq37y\21\321\233\242\21\25_1]u1?\27Q73\202re"..., 8192) = 8192
read(6, "(\375^o\324\317\306\304\202\303d\235\223j\t\226P\306\257u\23/\215R\23\21ym|oDN"..., 8192) = 8192
read(6, "+M\324\334LD]\344\356d\335\2551\267w\323\3000\275\233\352\344\304LT\324\306L]\30\257\204"..., 8192) = 8192
read(6, "\225\363a|\314\30\21;\25\367WU$\242p7eL*\302U\344F\304T\227\321s\263\227Y\23"..., 8192) = 8192
read(6, "\315\336\344\10\33yJ\346\225\324q\302\304\\\206\246uN\335\to\274`\325O\nF\234u1s3"..., 8192) = 8192
read(6, "\202\2625\25Y1Q}\255D\345:Ws\223\261\265q\177B\10\271\277\241T[\247\t51;5"..., 8192) = 8192
read(6, "\364\315\30\223\23\23221\335\306\251\343\314\227\23{Q\2631\33\0215\331\21\33{;R\316DT\355"..., 8192) = 8192
read(6, "\205:\2673\206Z\306\315L\345\335\316E\33+i\306\212\273Q\23Q\225y\273u\273\221F\226q;"..., 8192) = 8192
read(6, "\205\362F\325dM\314\334_\354\345\334\327\304E\2151\27\3791a\304\314E\226&\334M\314^L"..., 8192) = 8192
read(6, "\275\245X\323VT\316\306\307\33w\2239\25\359;9\24\341\232\202 ;N\t\337\261\271\2231\221"..., 8192) = 8192
read(6, "1\223s3\21\225Y_\27\261Y\352E^^\10\2717=4\346F^G\315LDL\304\t\275\306"..., 8192) = 8192
read(6, "FD\234(mG\334\2170Q\27sy\322\335\376*\216\240T\307\n\316\374E\315\325\334D\204\2375"..., 8192) = 8192
brk(0x5555a8a28000)                     = 0x5555a8a28000
read(6, "}\216\347\255\371\306\324\305e\31\25\306\215Q\316\306LUl\t\332|El9\226\261\33@\221fR"..., 8192) = 8192
read(6, "=[3\273s117UR\341\202:\363\27\31\37\331\267Ct\271\302\304\364\354F\321T\6IU"..., 8192) = 8192
read(6, "\314}\\\2760\261\375+Ei\232`l\314\31we\10Q\225yf\323\vF\216S1;\227#\224"..., 8192) = 8192
read(6, "u\241H\267q13\21\225\341\314\236`\3459\267S1Q5\306\314\234c\3549F\316\226p\33\25"..., 8192) = 8192
read(6, "D\356\314\274\267\363\275s\23\363w7\373\21[\35'\2162\225\325Y[\261\327q\331\233\323kI\232"..., 8192) = 8192
read(6, "\307\304\\\316NM\305\315UM\337\375M\336\334\334\304\235\2215F:R\347\0352\374\265\304\346\335\245"..., 8192) = 8192
read(6, "3\223U=F\34\211\23\252\209\261\316\306\\\334\324\345\316L\304O\214QgL\347\325d\10\302\217"..., 8192) = 8192
read(6, "\20c\334\304Jq\221\333\311\220\35\312\275\347L\t\33QRMM\227q\222 \235sqy3y\27"..., 8192) = 8192
read(6, "\304\334U\354m\335l\277\341\30\204\31VqXA\3217qQ\23Q3\216\245\206\265\312\365\345\326\334"..., 8192) = 8192
read(6, "8[\202\331\245\215\343\354\375\205\224\2277\261\33W\271U#\211]\265)\374\374\374\315\354mM\t\231"..., 8192) = 8192
read(6, "\343De\325\\8\223=\221\7\r\375A%\\\307\326\234\241\305\355\316\224\325\341\360D\31!dDd"..., 8192) = 8192
read(6, "\306\\\227/u\256\363BEF\356\5m8\357\3258\221\343\274\271\223\367\23Q\322)F\21\334\253\202"..., 8192) = 8192
read(6, "E\214\241\254\250\354\n\242DDC\324\223\256\32\241\21\214)g\30i\324\24\v\207\263)9\276\225<"..., 8192) = 8192
read(6, "\370Wj_X\253D\304\306\t\223F\237\26\316\261\314\32\31\31\253\324\232\37\316)\222\246\32\271DN"..., 8192) = 8192
read(6, "\21J\365M\316\t\265F\204\343\234U\2777\255*qa\210[9\241\324\276\320\202s~\7\333t\254"..., 8192) = 8192
read(6, "\312\21\215\343\\\266T\216\243U\251\263\326\314K\345\\\266\20k9!X4\261\226B#\215\377\312("..., 8192) = 8192
brk(0x5555a8a4c000)                     = 0x5555a8a4c000
read(6, "\342M\255\321\377\31\21\275\237{!U\316\376]N\\\205\222-\245\224\31\353j7j(\375Qu="..., 8192) = 8192
read(6, "gO\270\333\27m\315x\321i)\263U\306\307\nW\241\231\253\220\274\322\367\302\244\"x%O\\\224"..., 8192) = 8192
read(6, "\257\31\312\224\23'\255\321\363\346KR+M\354\10_g\n\357\251\271j\255\245\246\264RJ\202Z\34"..., 8192) = 8192
read(6, "\225SU-\231\322\377N\306\252\232T\341\344\275\342\274\341\344f\344\274\371\27ZF\247\363\263\226\321\25"..., 8192) = 8192
read(6, "\343\250\212(\234D\"I\242\177{\4o\234Dcy\232q\277S*\211T\366O\350FI],\t"..., 8192) = 8192
read(6, "\366D9\206\345Y\342IFV8\21\331s\212s\306\30\365\302\266V\227\212\222\245_\236\265\333-\351"..., 8192) = 8192
read(6, "!\236\241\321\2440\327Z\255E\322\312\31\302\304\335\225\267J\364\33\202p\337N[\367\3333\312\204!"..., 8192) = 8192
read(6, "z\375\365s'\355\356\247&vO\217*\354\2329\375\273<\263#mF]\227vm\334Gj\263\245"..., 8192) = 8192
read(6, "e\34\321({\35\216`\270RG\254\337{\251\10\f+\215+\365:5f\204a\10'N\365\234/"..., 8192) = 8192
read(6, "\203\32kY\316\245\21f\va\n\312)5[\0213\306D\267b}\246y\206X\35\206s\221%\355"..., 8192) = 8192
read(6, "\236\341l\355\205\23k\21\325\357\336\30\227]\333\325\347\215\340\264\21\255\304\316\315\3763)\225=\252\246"..., 8192) = 8192
read(6, "\237\224\206cu\216d\251\257\32\267\326\214\"\364uld\31\202r\364O<\236\27\341\304\315(\225d"..., 8192) = 8192
read(6, "\236v\222\25o\226\346\270\313\20#h\202\343\227\221s\24\341\356\v\273^$\201\353\231\22629\253\257"..., 8192) = 8192
read(6, "\24\302V\20\232i\361<7\7\201%\206\363m\211cM\256s\347\335\235\30\312\2753a\314\375\210\231"..., 8192) = 8192
read(6, "\335\334\373N\2054\216q=qY+\34\203r'l;\363bJ1;\246\233\231j\257\343\v\335^"..., 8192) = 8192
read(6, "T\346\2347F\vN\227R!\326\355\234\273\365e\304\306\210\357\210\37\226s1\242\365m8\321[\27"..., 8192) = 8192
read(6, "!t\216\333'i\316<\321\235\341h^(wK\362\275\352V\304\10u\0353\241\375\366V\325\326I"..., 8192) = 8192
brk(0x5555a8a70000)                     = 0x5555a8a70000
read(6, "\245u\204R\245\10k\234\21\265m\214\326yb\354\354Kcl\210Y\327\206 \225'Vg\31\326\226"..., 8192) = 8192
read(6, "pj\271\247\253I!\251Gbt-\211\310\0263^ZR\216\242]m\316}o\205\23[\37=\21"..., 8192) = 8192
read(6, "kha\20\30#1\fU\314\317\215$|\336:\236\242hRzi\365\227\364\367j\375\305\236Q\347"..., 8192) = 8192
read(6, "\n\267k|H\241\35\2117\27P\347\nM\244\v\305\"X\206&\30\226\341\266t\212U\260\240q\324"..., 8192) = 8192
read(6, "\315V,I\v\2373/\210+\206\2249\373Q!\336X\222h\254dYs\342G*?\346D\22\t"..., 8192) = 8192
mmap(NULL, 1081344, PROT_READ|PROT_WRITE, MAP_PRIVATE|MAP_ANONYMOUS, -1, 0) = 0x7ffec2c68000
read(6, "B\35\n\tcontext_0\20\0\32\fauto_group_0 \0\n"..., 8192) = 8192
read(6, "auto_group_0 \0\n4\10\2\20\f\30\343 \"\4\10\1\20\0(\353\213"..., 8192) = 8192
read(6, ">\30\3436\"\4\10\1\20\7(\202\215\0220\202\215\22B\35\n\tcontext_0\20"..., 8192) = 8192
read(6, "\216\22B\35\n\tcontext_0\20\0\32\fauto_group_0 "..., 8192) = 8192
read(6, "roup_0 \0\n4\10\1\20q\30\343T\"\4\10\1\20\3(\261\217\0220\261\217\22B"..., 8192) = 8192
read(6, "\220\0220\310\220\22B\35\n\tcontext_0\20\0\32\fauto_grou"..., 8192) = 8192
read(6, "_group_0 \0\n4\10\3\20;\30\343n\"\4\10\1\20\2(\340\221\0220\340\221"..., 8192) = 8192
read(6, "\1\20\5(\367\222\0220\367\222\22B\35\n\tcontext_0\20\0\32\fauto"..., 8192) = 8192
read(6, "0\20\0\32\fauto_group_0 \0\n5\10\1\20\27\30\343\202\1\"\4\10"..., 8192) = 8192
read(6, "xt_0\20\0\32\fauto_group_0 \0\n5\10\1\20\6\30\343\214\1"..., 8192) = 8192
read(6, "ntext_0\20\0\32\fauto_group_0 \0\n5\10\1\20x\30"..., 8192) = 8192
read(6, "ontext_0\20\0\32\fauto_group_0 \0\n3\10\n\20\25"..., 8192) = 8192
read(6, "\10\10\3\20\336\1\30\343\1\22\10\10\1\20\337\1\30\341\1\22\10\10\1\20\340\1\30\342\1\22\10\10"..., 8192) = 8192
read(6, "\1\20\266\4\30\270\4\22\10\10\4\20\267\4\30\270\4\22\10\10\4\20\267\4\30\271\4\22\10\10\4\20"..., 8192) = 8192
read(6, "\376\6\30\211\7\22\10\10\1\20\376\6\30\214\7\22\10\10\1\20\376\6\30\217\7\22\10\10\1\20\376\6"..., 8192) = 8192
read(6, "\30\326\t\22\10\10\2\20\314\t\30\327\t\22\10\10\2\20\314\t\30\330\t\22\10\10\4\20\314\t\30\331"..., 8192) = 8192
read(6, "\f\22\10\10\1\20\202\f\30\204\f\22\10\10\1\20\202\f\30\211\f\22\10\10\1\20\202\f\30\216\f\22"..., 8192) = 8192
read(6, "edBatchNorm_1/Switch\360\2\0\370\2\1\220\3\0\240\3\0"..., 8192) = 8192
read(6, "\20\1\30\0 \0(\0001-C\34\353\3426\32?8\0@\1\300\1\0\320\1\0\340\1\1\355\1"..., 8192) = 8192
read(6, "\10\1\20\2\30\1 \0010\108\2@\0H\0P\0X\1`\1p\1x\0\200\1\0\220\1\0"..., 8192) = 8192
read(6, "\0h\0p\1\210\1\257\241\1\210\1\261\241\1\222\1 \10\1\20\2\30\1 \0010\18\2@\0"..., 8192) = 8192
read(6, "\0(\0001-C\34\353\3426\32?8\0@\1\300\1\0\320\1\0\340\1\1\355\1\0\0\0\0\365"..., 8192) = 8192
read(6, "\6\10\0\20\0\30\1\252\2\6\10\0\20\0\30\1\262\2\6\10\0\20\0\30\1\300\2\0\320\2\0\360"..., 8192) = 8192
read(6, "\1\370\2\1\212\3/\10\377\377\377\377\17\20\377\377\377\377\17\30\377\377\377\377\17 \377\377\377\377\17("..., 8192) = 8192
read(6, "\1\242\2\6\10\0\20\0\30\1\252\2\6\10\0\20\0\30\1\262\2\6\10\0\20\0\30\1\300\2\0\320"..., 8192) = 8192
read(6, "\0\0\0\0\0\0\371\1\0\0\0\0\0\0\0\0\201\2\0\0\0\0\0\0\0\0\211\2\0\0\0\0"..., 8192) = 8192
read(6, "\311\1\0\0\0\0\0\0\0\0\321\1\0\0\0\0\0\0\0\0\331\1\266b\377\4\342\245\362?\341\1"..., 8192) = 8192
read(6, "\0\0\251\1\377\220\255\226de\365?\261\1Cx\317\306{\263\345?\271\1\216MC\331\27\"\314?"..., 8192) = 8192
read(6, "luster_7_20609_i1\20\2\270\2\2\300\2\1\310\2\361\244\22\331\2"..., 8192) = 8192
read(6, "\340\361\357\357?\262\2\n\n\6conv24\20\2\270\2\0\300\2\0\310\2\271\302\3\331\2\0"..., 8192) = 8192
read(6, "\2\0\200\3\0\210\3\0\230\3\0\240\3\0\250\3\0\262\3\37\n\33input_to_c"..., 8192) = 8192
read(6, "0642_i1\20\2\272\3\"\n\36output_from_cluste"..., 8192) = 8192
read(6, "\0\0\350\2\200\200\1\360\2\7\370\2\0\200\3\0\210\3\0\230\3\0\240\3\0\250\3\0\262\3\n\n"..., 8192) = 8192
read(6, "\0\0\0\200S\230V?\221\2\0\0\0\340\223,\316?\231\2\0\0\0@FU\210?\241\2\0\0"..., 8192) = 8192
read(6, "\2\0\0\0\340[]\271?\241\2\0\0\0\240\26\220\311?\251\2\0\0\0\0x\341\323?\262\2\f"..., 8192) = 8192
read(6, "d1\32\10conv8_dc\0227\10\6\22\22\10\3\"\16\n\6conv46\20\2"..., 8192) = 8192
read(6, "_dc\30\2\30\2 \0\22\37\10\t\22\33\10\7B\27\n\tconv52_dc\22\6"..., 8192) = 8192
read(6, "up_0 \0\22\372\222\t\n\365\1\10\31\22\finput_layer1\30\0\""..., 8192) = 8192
read(6, "\0\22\5conv9\30\343$\"\7\108\208\30\200\2*\6\108\208\30@2\6\10\1"..., 8192) = 8192
read(6, "\222\1 \10\1\20\2\30\1 \0010\108\2@\0H\0P\0X\1`\1p\1x\0\200\1\0"..., 8192) = 8192
read(6, "nit_6/bottleneck_v1/conv2/Relu\360\2"..., 8192) = 8192
read(6, "_v1_50/block4/unit_3/bottleneck_"..., 8192) = 8192
read(6, "\200\1*\7\108\208\30\200\0012\0:\0B\0J\20\n\0\20\0\30\0 \0(\0000\08"..., 8192) = 8192
read(6, "\20\n\0\20\0\30\0 \0(\0000\08\0P\0P\0X\0`\0h\0p\1\210\1\343N\222"..., 8192) = 8192
read(6, "\n\0\20\0\30\0 \0(\0000\08\0P\0P\0X\0`\0h\0p\1\210\1\343z\222\1"..., 8192) = 8192
read(6, "\0J\20\n\0\20\0\30\0 \0(\0000\08\0P\0P\0X\0`\0h\0p\1\210\1\343"..., 8192) = 8192
read(6, "\2\0\370\2\0\200\3\0\210\3\0\230\3\0\240\3\0\250\3\0\262\3\37\n\33input_t"..., 8192) = 8192
read(6, "_d0\20\4\262\3\t\n\5conv6\20\2\262\3\f\n\10conv8_d1\20\4"..., 8192) = 8192
read(6, "\0\0\0\0\0Y\0\0\0\0\0\0\0\0a\0\0\0\0\0\0\0\0p\0x\373\240\1\221\1\0"..., 8192) = 8192
read(6, "\3\10\0\20\0\30\0 \0000\08\200\200\1H\0Q\0\0\0\0\0\0\0\0Y\0\0\0\0\0"..., 8192) = 8192
read(6, "\0\0\0\0\0\0\0\0\311\1\0\0\0\0\0\0\0\0\321\1\0\0\0\0\0\0\0\0\331\1\312\177"..., 8192) = 8192
read(6, "\0\0\0\321\1\0\0\0\0\0\0\0\0\331\1\312\177\3105\332O\365?\341\1\0\0\0\0\0\0\0"..., 8192) = 8192
read(6, "\0\0\0Y\0\0\0\0\0\0\0\0a\0\0\0\0\0\0\0\0p\0x\260\241\1\221\1\0\0\0"..., 8192) = 8192
read(6, "\0\0\0\0\0\251\1\304d\350\350\337u\243?\261\1\0\0\0\0\0\0\0\0\271\1\0\0\0\0\0"..., 8192) = 8192
read(6, "_to_cluster_5_20669_i1\20\0\272\3\37\n\33inp"..., 8192) = 8192
read(6, "\0\0\0\0@\237?p\350\7x\343\236\1\221\1 \340\327:\317\306i?\231\1\363\250\203\331\3115"..., 8192) = 8192
read(6, "\2(\233\213\0220\233\213\22B\35\n\tcontext_0\20\0\32\fauto_g"..., 8192) = 8192
read(6, "t_0\20\0\32\fauto_group_0 \0\n4\10\3\20.\30\343.\"\4"..., 8192) = 8192
read(6, "up_0 \0\n4\10\2\20\7\30\343@\"\4\10\1\20\1(\312\215\0220\312\215\22B\35\n"..., 8192) = 8192
read(6, "0\341\216\22B\35\n\tcontext_0\20\0\32\fauto_group_"..., 8192) = 8192
read(6, "to_group_0 \0\n4\10\3\0200\30\343Z\"\4\10\1\20\3(\371\217\0220"..., 8192) = 8192
read(6, "\1\20\3(\220\221\0220\220\221\22B\35\n\tcontext_0\20\0\32\fauto"..., 8192) = 8192
read(6, "\32\fauto_group_0 \0\n4\10\1\20d\30\343z\"\4\10\1\20\4("..., 8192) = 8192
read(6, "\10\1\20\6(\277\223\0220\277\223\22B\35\n\tcontext_0\20\0\32\faut"..., 8192) = 8192
read(6, "\324\224\22B\35\n\tcontext_0\20\0\32\fauto_group_0"..., 8192) = 8192
read(6, "\225\0220\351\225\22B\35\n\tcontext_0\20\0\32\fauto_grou"..., 8192) = 8192
read(6, "\4(\376\226\0220\376\226\22B\35\n\tcontext_0\20\0\32\fauto_g"..., 8192) = 8192
read(6, "\22\7\10\5\20\35\30\276\r\22\6\10\1\20\36\30\37\22\6\10\3\20\36\0303\22\6\10\1\20\37\30"..., 8192) = 8192
read(6, "\10\10\2\20\200\3\30\201\3\22\10\10\1\20\200\3\30\361\2\22\10\10\1\20\202\3\30\203\3\22\10\10"..., 8192) = 8192
read(6, "\2\20\316\5\30\340\5\22\10\10\1\20\316\5\30\341\5\22\10\10\3\20\316\5\30\342\5\22\10\10\1\20"..., 8192) = 8192
read(6, "\237\10\30\262\10\22\10\10\2\20\237\10\30\263\10\22\10\10\4\20\237\10\30\264\10\22\10\10\2\20\237\10"..., 8192) = 8192
read(6, "\30\375\n\22\10\10\2\20\333\n\30\376\n\22\10\10\2\20\333\n\30\377\n\22\10\10\2\20\333\n\30\200"..., 8192) = 8192
read(6, "\5\20\301\r\30\177\22\7\10\5\20\302\r\30|\22\10\10\5\20\303\r\30\334\1\22\10\10\5\20\304\r"..., 8192) = 8192
read(6, "e maxpool1_d0\32B\10\t\32\30\10\3\32\24\10\4\32\6\10\1(\0100"..., 8192) = 8192
read(6, "8 bit transition is not supporte"..., 8192) = 8192
read(6, ": 5:\5conv6j\343\f\10\4\32\365\v\10\4\32\224\v\10\4\32\264\n\10\4\32\322"..., 8192) = 8192
read(6, "Dilation is not supported in con"..., 8192) = 8192
read(6, "it is not supported in conv13\32D\10"..., 8192) = 8192
read(6, "W16 in conv18\32F\10\t\32\34\10\3\32\30\10\4\32\n\10\3\32\6\10"..., 8192) = 8192
read(6, "ted in conv23\32S\10\t\32\30\10\3\32\24\10\4\32\6\10\1(\f0"..., 8192) = 8192
read(6, "ted in conv27\32C\10\t\32\30\10\3\32\24\10\4\32\6\10\1(\0030"..., 8192) = 8192
read(6, " 2\32a\10\t\32\22\10\3\32\16\10\f\32\4\10\0100\1\32\4\10\0100\1\"Iconv"..., 8192) = 8192
read(6, "r layer conv36\32Z\10\t\32\34\10\3\32\30\10\4\32\4\10\0100\1"..., 8192) = 8192
read(6, "0\0\"'4bit and 16x4 is not support"..., 8192) = 8192
read(6, "pported in conv45_d0\32T\10\t\32\n\10\3\32\6\10\1"..., 8192) = 8192
read(6, "\32\6\10\1(\0030\1\32\10\10\3\32\4\10\0100\1\"(16bit bias i"..., 8192) = 8192
read(6, "triggers exeeds maximal for laye"..., 8192) = 8192
read(6, "\0\"A16bit bias decompision is not"..., 8192) = 8192
read(6, "ted in avgpool1\32U\10\t\32\30\10\3\32\24\10\4\32\6\10\1("..., 8192) = 8192
read(6, "\32\276\3\10\4\32\276\2\10\4\32\312\1\10\4\32]\10\t\32\4\10\0100\1\"SPaddi"..., 8192) = 8192
read(6, "er_4_20583_i1\32s\10\t\32\34\10\3\32\30\10\4\32\4\10\0100\1\32"..., 8192) = 8192
read(6, "yer output_from_cluster_2_20587_"..., 8192) = 8192
read(6, "input buffers should be divisibl"..., 8192) = 8192
read(6, "\10\4\32\366\r\10\4\32\200\r\10\4\32\210\f\10\4\32\233\v\10\4\32\242\n\10\4\32\330\t\10\4"..., 8192) = 8192
read(6, "dding scheme is not supported in"..., 8192) = 8192
read(6, " is not supported in input_to_cl"..., 8192) = 8192
read(6, "t supported in input_to_cluster_"..., 8192) = 8192
read(6, " is not supported in input_to_cl"..., 8192) = 8192
read(6, "transition is not supported in i"..., 8192) = 8192
read(6, " to 8 bit transition is not supp"..., 8192) = 8192
read(6, "\0\"gdouble scale initialization i"..., 8192) = 8192
read(6, "\0\32\10\10\3\32\4\10\0100\1\"<8bit bias is not su"..., 8192) = 8192
read(6, " bias decompision is not support"..., 8192) = 8192
read(6, "\32\6\10\1(\0100\0\32\10\10\3\32\4\10\0100\0\"74bit is not "..., 8192) = 8192
read(6, "\10\10\3\32\4\10\0100\1\">No contexts is not su"..., 8192) = 8192
read(6, "\1(\0020\0\"'4bit and 16x4 is not supp"..., 8192) = 8192
read(6, "\10\3\32\34\10\4\32\16\10\n\32\4\10\0100\1\32\4\10\0100\1\32\10\10\3\32\4\10\0100\1"..., 8192) = 8192
read(6, "uster_5_20652_i1\32r\10\t\32\34\10\3\32\30\10\4\32\4\10\10"..., 8192) = 8192
read(6, "layer output_from_cluster_3_2065"..., 8192) = 8192
read(6, "s exeeds maximal for layer outpu"..., 8192) = 8192
read(6, "\332\4\10\4\32\350\3\10\4\32\366\2\10\4\32\210\2\10\4\32\246\1\10\4\32K\10\t\32\4\10\10"..., 8192) = 8192
read(6, "\t\32\30\10\3\32\24\10\4\32\6\10\1(\0020\0\32\10\10\3\32\4\10\0100\0\"416x"..., 8192) = 8192
read(6, "r_6_20673_i1\32k\10\t\32\30\10\3\32\24\10\4\32\6\10\1(\0050\0"..., 8192) = 8192
read(6, "t_from_cluster_4_20677_i1\32k\10\t\32\30\10"..., 8192) = 8192
read(6, "rted in output_from_cluster_6_20"..., 8192) = 8192
read(6, " output_from_prepost_20685_i1\32w\10"..., 8192) = 8192
read(6, "\202(\20\255\203(\22\10\10\277\214(\20\347\215(\22\10\10\371\226(\20\241\230(\22\10\10\263\241("..., 8192) = 8192
read(6, "\3463\22\10\10\207\3573\20\331\3603\22\10\10\301\3713\20\223\3733\22\10\10\373\2034\20\315\2054"..., 8192) = 8192
read(6, "\236\321\10\22\10\10\246\330\10\20\330\333\10\22\10\10\340\342\10\20\222\346\10\22\10\10\232\355\10\20\314\360"..., 8192) = 8192
read(6, "\333)\20\316\360)\22\10\10\330\360)\20\302\205*\22\10\10\314\205*\20\266\232*\22\10\10\300\232*"..., 8192) = 8192
read(6, "\22\10\10\352\376\37\20\251\202 \22\10\10\244\211 \20\343\214 \22\10\10\336\223 \20\235\227 \22\10"..., 8192) = 8192
read(6, "\10\10\261\341 \20\260\350 \22\10\10\245\366 \20\244\375 \22\10\10\231\213!\20\230\222!\22\10\10"..., 8192) = 8192
read(6, "\22\10\10\344\274\2\20\256\300\2\22\10\10\314\346\2\20\226\352\2\22\10\10\264\220\3\20\376\223\3\22\10"..., 8192) = 8192
read(6, "\374.\20\353\203/\22\10\10\271\246/\20\270\255/\22\10\10\206\320/\20\205\327/\22\10\10\323\371/"..., 8192) = 8192
read(6, "\10\311\232\"\20\365\267\"\22\10\10\226\304\"\20\302\341\"\22\10\10\343\355\"\20\217\213#\22\10\10\260"..., 8192) = 8192
read(6, "\213\32\20\303\231\32\22\10\10\221\265\32\20\220\303\32\22\10\10\336\336\32\20\335\354\32\22\10\10\253\210\33"..., 8192) = 8192
read(6, "\10\357\336\r\20\356\345\r\22\10\10\327\210\16\20\326\217\16\22\10\10\277\262\16\20\276\271\16\22\10\10\247"..., 8192) = 8192
read(6, "7\22\10\10\210\2238\20\207\2338\22\10\10\310\3468\20\307\3568\22\10\10\210\2729\20\207\3029\22"..., 8192) = 8192
read(6, "\27\22\10\10\271\222\30\20\270\233\30\22\10\10\211\346\30\20\210\357\30\22\10\10\331\271\31\20\330\302\31\22"..., 8192) = 8192
read(6, "\20\327\307\27\22\10\10\315\312\30\20\367\356\30\22\10\10\355\361\31\20\227\226\32\22\10\10\215\231\33\20\267"..., 8192) = 8192
read(6, "\22\10\10\344\2262\20\343\2362\22\10\10\344\2753\20\343\3053\22\10\10\344\3444\20\343\3544\22\10"..., 8192) = 8192
read(6, "G\22\10\10\351\340J\20\350\360J\22\10\10\351\256M\20\350\276M\22\10\10\351\374O\20\350\214P\22"..., 8192) = 5793
read(6, "", 2399)                       = 0
mmap(NULL, 8306688, PROT_READ|PROT_WRITE, MAP_PRIVATE|MAP_ANONYMOUS, -1, 0) = 0x7ffec247c000
mmap(NULL, 8175616, PROT_READ|PROT_WRITE, MAP_PRIVATE|MAP_ANONYMOUS, -1, 0) = 0x7ffec1cb0000
mmap(NULL, 212992, PROT_READ|PROT_WRITE, MAP_PRIVATE|MAP_ANONYMOUS, -1, 0) = 0x7ffec1c7c000
close(6)                                = 0
munmap(0x7ffec2c68000, 1081344)         = 0
ioctl(5, _IOC(_IOC_READ|_IOC_WRITE, 0x6e, 0, 0x5f8), 0x7fffc648eee8) = 0
ioctl(5, _IOC(_IOC_WRITE, 0x76, 0xc, 0x1), 0x7fffc64909d0) = 0
ioctl(5, _IOC(_IOC_READ|_IOC_WRITE, 0x6e, 0, 0x5f8), 0x7fffc648f018) = 0
ioctl(5, _IOC(_IOC_READ|_IOC_WRITE, 0x6e, 0, 0x5f8), 0x7fffc648efb8) = 0
mmap(NULL, 8454144, PROT_NONE, MAP_PRIVATE|MAP_ANONYMOUS|MAP_STACK, -1, 0) = 0x7ffec146c000
mprotect(0x7ffec147c000, 8388608, PROT_READ|PROT_WRITE) = 0
rt_sigprocmask(SIG_BLOCK, ~[], [], 8)   = 0
clone(child_stack=0x7ffec1c79b00, flags=CLONE_VM|CLONE_FS|CLONE_FILES|CLONE_SIGHAND|CLONE_THREAD|CLONE_SYSVSEM|CLONE_SETTLS|CLONE_PARENT_SETTID|CLONE_CHILD_CLEARTID, parent_tid=[2709], tls=0x7ffec1c7a980, child_tidptr=0x7ffec1c7a310) = 2709
rt_sigprocmask(SIG_SETMASK, [], NULL, 8) = 0
mmap(NULL, 8454144, PROT_NONE, MAP_PRIVATE|MAP_ANONYMOUS|MAP_STACK, -1, 0) = 0x7ffec0c5c000
mprotect(0x7ffec0c6c000, 8388608, PROT_READ|PROT_WRITE) = 0
rt_sigprocmask(SIG_BLOCK, ~[], [], 8)   = 0
clone(child_stack=0x7ffec1469b00, flags=CLONE_VM|CLONE_FS|CLONE_FILES|CLONE_SIGHAND|CLONE_THREAD|CLONE_SYSVSEM|CLONE_SETTLS|CLONE_PARENT_SETTID|CLONE_CHILD_CLEARTID, parent_tid=[2710], tls=0x7ffec146a980, child_tidptr=0x7ffec146a310) = 2710
rt_sigprocmask(SIG_SETMASK, [], NULL, 8) = 0
ioctl(5, _IOC(_IOC_READ|_IOC_WRITE, 0x76, 0x7, 0x1b), 0x7fffc648cc38) = 0
write(1, "###### Start attack ######\n", 27) = 27
write(1, "Enter 1 to attack or 0 to skip: "..., 33) = 33
write(1, "Current address to attack: 0x103"..., 40) = 40
newfstatat(0, "", {st_mode=S_IFCHR|0620, st_rdev=makedev(0x88, 0x8), ...}, AT_EMPTY_PATH) = 0
read(0, "0\n", 1024)                    = 2
getpid()                                = 2692
write(3, "[2026-01-02 21:07:00.310] [2692]"..., 128) = 128
write(4, "[2026-01-02 21:07:00.310] [2692]"..., 121) = 121
ioctl(5, _IOC(_IOC_READ|_IOC_WRITE, 0x76, 0x7, 0x1b), 0x7fffc648cc38) = 0
write(1, "###### Start attack ######\n", 27) = 27
write(1, "Enter 1 to attack or 0 to skip: "..., 33) = 33
write(1, "Current address to attack: 0x103"..., 40) = 40
read(0, "0\n", 1024)                    = 2
getpid()                                = 2692
write(3, "[2026-01-02 21:07:01.698] [2692]"..., 128) = 128
write(4, "[2026-01-02 21:07:01.698] [2692]"..., 121) = 121
getpid()                                = 2692
write(3, "[2026-01-02 21:07:01.703] [2692]"..., 177) = 177
write(4, "[2026-01-02 21:07:01.703] [2692]"..., 170) = 170
getpid()                                = 2692
write(3, "[2026-01-02 21:07:01.703] [2692]"..., 171) = 171
write(4, "[2026-01-02 21:07:01.703] [2692]"..., 164) = 164
ioctl(5, _IOC(_IOC_READ|_IOC_WRITE, 0x6e, 0, 0x5f8), 0x7fffc648b5a8) = 0
ioctl(5, _IOC(_IOC_READ|_IOC_WRITE, 0x6e, 0, 0x5f8), 0x7fffc648b1e8) = 0
mmap(NULL, 8495616, PROT_READ|PROT_WRITE, MAP_SHARED|MAP_ANONYMOUS|1<<MAP_HUGE_SHIFT, -1, 0) = 0x7ffec0440000
ioctl(5, _IOC(_IOC_READ|_IOC_WRITE, 0x76, 0x4, 0x28), 0x7fffc648c7e8) = 0
ioctl(5, _IOC(_IOC_READ|_IOC_WRITE, 0x76, 0x7, 0x1b), 0x7fffc648c7c8) = 0
write(1, "###### Start attack ######\n", 27) = 27
write(1, "Enter 1 to attack or 0 to skip: "..., 33) = 33
write(1, "Current address to attack: 0x103"..., 40) = 40
read(0, "0\n", 1024)                    = 2
getpid()                                = 2692
write(3, "[2026-01-02 21:07:02.798] [2692]"..., 128) = 128
write(4, "[2026-01-02 21:07:02.798] [2692]"..., 121) = 121
ioctl(5, _IOC(_IOC_READ, 0x76, 0x9, 0x2b), 0x7fffc648c8d8) = 16593
mmap(NULL, 8190976, PROT_READ|PROT_WRITE, MAP_SHARED|MAP_ANONYMOUS|1<<MAP_HUGE_SHIFT, -1, 0) = 0x7ffebfc70000
ioctl(5, _IOC(_IOC_READ|_IOC_WRITE, 0x76, 0x4, 0x28), 0x7fffc648c7e8) = 0
ioctl(5, _IOC(_IOC_READ|_IOC_WRITE, 0x76, 0x7, 0x1b), 0x7fffc648c7c8) = 0
write(1, "###### Start attack ######\n", 27) = 27
write(1, "Enter 1 to attack or 0 to skip: "..., 33) = 33
write(1, "Current address to attack: 0x103"..., 40) = 40
read(0, "0\n", 1024)                    = 2
getpid()                                = 2692
write(3, "[2026-01-02 21:07:04.047] [2692]"..., 128) = 128
write(4, "[2026-01-02 21:07:04.047] [2692]"..., 121) = 121
ioctl(5, _IOC(_IOC_READ, 0x76, 0x9, 0x2b), 0x7fffc648c8d8) = 15998
ioctl(5, _IOC(_IOC_READ|_IOC_WRITE, 0x6e, 0, 0x5f8), 0x7fffc648afa8) = 0
ioctl(5, _IOC(_IOC_READ, 0x76, 0x6, 0x1c), 0x7fffc648cbb8) = 0
ioctl(5, _IOC(_IOC_READ, 0x76, 0x9, 0x2b), 0x7fffc648ccb8) = 1
ioctl(5, _IOC(_IOC_READ, 0x76, 0x6, 0x1c), 0x7fffc648cbb8) = 0
ioctl(5, _IOC(_IOC_READ, 0x76, 0x9, 0x2b), 0x7fffc648ccb8) = 1
ioctl(5, _IOC(_IOC_READ, 0x76, 0x6, 0x1c), 0x7fffc648cbb8) = 0
ioctl(5, _IOC(_IOC_READ, 0x76, 0x9, 0x2b), 0x7fffc648ccb8) = 16194
ioctl(5, _IOC(_IOC_READ, 0x76, 0x6, 0x1c), 0x7fffc648cbb8) = 0
ioctl(5, _IOC(_IOC_READ, 0x76, 0x9, 0x2b), 0x7fffc648ccb8) = 15956
ioctl(5, _IOC(_IOC_READ, 0x76, 0x6, 0x1c), 0x7fffc648cbb8) = 0
ioctl(5, _IOC(_IOC_READ, 0x76, 0x9, 0x2b), 0x7fffc648ccb8) = 397
ioctl(5, _IOC(_IOC_READ, 0x76, 0x6, 0x1c), 0x7fffc648cbb8) = 0
ioctl(5, _IOC(_IOC_READ, 0x76, 0x9, 0x2b), 0x7fffc648ccb8) = 40
ioctl(5, _IOC(_IOC_READ|_IOC_WRITE, 0x6e, 0, 0x5f8), 0x7fffc648ae58) = 0
ioctl(5, _IOC(_IOC_READ|_IOC_WRITE, 0x6e, 0, 0x5f8), 0x7fffc648b8f8) = 0
ioctl(5, _IOC(_IOC_READ|_IOC_WRITE, 0x6e, 0, 0x5f8), 0x7fffc648b7d8) = 0
ioctl(5, _IOC(_IOC_READ|_IOC_WRITE, 0x6e, 0, 0x5f8), 0x7fffc648b7d8) = 0
ioctl(5, _IOC(_IOC_READ|_IOC_WRITE, 0x6e, 0, 0x5f8), 0x7fffc648b7d8) = 0
ioctl(5, _IOC(_IOC_READ|_IOC_WRITE, 0x6e, 0, 0x5f8), 0x7fffc648b7d8) = 0
eventfd2(0, 0)                          = 6
mmap(NULL, 16384, PROT_READ|PROT_WRITE, MAP_SHARED|MAP_ANONYMOUS|1<<MAP_HUGE_SHIFT, -1, 0) = 0x7ffecf32c000
ioctl(5, _IOC(_IOC_READ|_IOC_WRITE, 0x76, 0x4, 0x28), 0x7fffc648efb8) = 0
mmap(NULL, 16384, PROT_READ|PROT_WRITE, MAP_SHARED|MAP_ANONYMOUS|1<<MAP_HUGE_SHIFT, -1, 0) = 0x7ffecf328000
ioctl(5, _IOC(_IOC_READ|_IOC_WRITE, 0x76, 0x4, 0x28), 0x7fffc648efb8) = 0
mmap(NULL, 16384, PROT_READ|PROT_WRITE, MAP_SHARED|MAP_ANONYMOUS|1<<MAP_HUGE_SHIFT, -1, 0) = 0x7ffecf324000
ioctl(5, _IOC(_IOC_READ|_IOC_WRITE, 0x76, 0x4, 0x28), 0x7fffc648efb8) = 0
mmap(NULL, 16384, PROT_READ|PROT_WRITE, MAP_SHARED|MAP_ANONYMOUS|1<<MAP_HUGE_SHIFT, -1, 0) = 0x7ffecf320000
ioctl(5, _IOC(_IOC_READ|_IOC_WRITE, 0x76, 0x4, 0x28), 0x7fffc648efb8) = 0
mmap(NULL, 16384, PROT_READ|PROT_WRITE, MAP_SHARED|MAP_ANONYMOUS|1<<MAP_HUGE_SHIFT, -1, 0) = 0x7ffecf31c000
ioctl(5, _IOC(_IOC_READ|_IOC_WRITE, 0x76, 0x4, 0x28), 0x7fffc648efb8) = 0
mmap(NULL, 16384, PROT_READ|PROT_WRITE, MAP_SHARED|MAP_ANONYMOUS|1<<MAP_HUGE_SHIFT, -1, 0) = 0x7ffecf318000
ioctl(5, _IOC(_IOC_READ|_IOC_WRITE, 0x76, 0x4, 0x28), 0x7fffc648efb8) = 0
mmap(NULL, 1048576, PROT_READ|PROT_WRITE, MAP_SHARED|MAP_ANONYMOUS|1<<MAP_HUGE_SHIFT, -1, 0) = 0x7ffec2c70000
ioctl(5, _IOC(_IOC_READ|_IOC_WRITE, 0x76, 0x4, 0x28), 0x7fffc648f738) = 0
ioctl(5, _IOC(_IOC_READ, 0x76, 0x9, 0x2b), 0x7fffc648fa18) = 2048
mmap(NULL, 8192, PROT_READ|PROT_WRITE, MAP_SHARED|MAP_ANONYMOUS|1<<MAP_HUGE_SHIFT, -1, 0) = 0x7ffecf314000
ioctl(5, _IOC(_IOC_READ|_IOC_WRITE, 0x76, 0x4, 0x28), 0x7fffc648f708) = 0
ioctl(5, _IOC(_IOC_READ, 0x76, 0x9, 0x2b), 0x7fffc648f9e8) = 16
getpid()                                = 2692
write(3, "[2026-01-02 21:07:04.064] [2692]"..., 140) = 140
write(4, "[2026-01-02 21:07:04.064] [2692]"..., 133) = 133
eventfd2(0, 0)                          = 7
getpid()                                = 2692
write(3, "[2026-01-02 21:07:04.070] [2692]"..., 160) = 160
write(4, "[2026-01-02 21:07:04.070] [2692]"..., 153) = 153
getpid()                                = 2692
write(3, "[2026-01-02 21:07:04.070] [2692]"..., 132) = 132
write(4, "[2026-01-02 21:07:04.070] [2692]"..., 125) = 125
getpid()                                = 2692
write(3, "[2026-01-02 21:07:04.070] [2692]"..., 212) = 212
write(4, "[2026-01-02 21:07:04.070] [2692]"..., 205) = 205
eventfd2(0, 0)                          = 8
getpid()                                = 2692
write(3, "[2026-01-02 21:07:04.070] [2692]"..., 154) = 154
write(4, "[2026-01-02 21:07:04.070] [2692]"..., 147) = 147
eventfd2(0, 0)                          = 9
eventfd2(0, EFD_SEMAPHORE)              = 10
eventfd2(2, EFD_SEMAPHORE)              = 11
eventfd2(0, 0)                          = 12
eventfd2(0, 0)                          = 13
eventfd2(0, EFD_SEMAPHORE)              = 14
eventfd2(2, EFD_SEMAPHORE)              = 15
ppoll([{fd=9, events=POLLIN}, {fd=15, events=POLLIN}], 2, {tv_sec=10, tv_nsec=0}, NULL, 0) = 1 ([{fd=15, revents=POLLIN}], left {tv_sec=9, tv_nsec=999997815})
read(15, "\1\0\0\0\0\0\0\0", 8)         = 8
write(14, "\1\0\0\0\0\0\0\0", 8)        = 8
ppoll([{fd=9, events=POLLIN}, {fd=15, events=POLLIN}], 2, {tv_sec=10, tv_nsec=0}, NULL, 0) = 1 ([{fd=15, revents=POLLIN}], left {tv_sec=9, tv_nsec=999998760})
read(15, "\1\0\0\0\0\0\0\0", 8)         = 8
write(14, "\1\0\0\0\0\0\0\0", 8)        = 8
mmap(NULL, 8454144, PROT_NONE, MAP_PRIVATE|MAP_ANONYMOUS|MAP_STACK, -1, 0) = 0x7ffebf460000
mprotect(0x7ffebf470000, 8388608, PROT_READ|PROT_WRITE) = 0
rt_sigprocmask(SIG_BLOCK, ~[], [], 8)   = 0
clone(child_stack=0x7ffebfc6db00, flags=CLONE_VM|CLONE_FS|CLONE_FILES|CLONE_SIGHAND|CLONE_THREAD|CLONE_SYSVSEM|CLONE_SETTLS|CLONE_PARENT_SETTID|CLONE_CHILD_CLEARTID, parent_tid=[2755], tls=0x7ffebfc6e980, child_tidptr=0x7ffebfc6e310) = 2755
rt_sigprocmask(SIG_SETMASK, [], NULL, 8) = 0
getpid()                                = 2692
write(3, "[2026-01-02 21:07:04.072] [2692]"..., 140) = 140
write(4, "[2026-01-02 21:07:04.072] [2692]"..., 133) = 133
getpid()                                = 2692
write(3, "[2026-01-02 21:07:04.072] [2692]"..., 220) = 220
write(4, "[2026-01-02 21:07:04.072] [2692]"..., 213) = 213
eventfd2(0, 0)                          = 16
eventfd2(0, EFD_SEMAPHORE)              = 17
eventfd2(1, EFD_SEMAPHORE)              = 18
eventfd2(0, 0)                          = 19
eventfd2(0, 0)                          = 20
eventfd2(0, EFD_SEMAPHORE)              = 21
eventfd2(1, EFD_SEMAPHORE)              = 26
mmap(NULL, 8454144, PROT_NONE, MAP_PRIVATE|MAP_ANONYMOUS|MAP_STACK, -1, 0) = 0x7ffebec50000
mprotect(0x7ffebec60000, 8388608, PROT_READ|PROT_WRITE) = 0
rt_sigprocmask(SIG_BLOCK, ~[], [], 8)   = 0
clone(child_stack=0x7ffebf45db00, flags=CLONE_VM|CLONE_FS|CLONE_FILES|CLONE_SIGHAND|CLONE_THREAD|CLONE_SYSVSEM|CLONE_SETTLS|CLONE_PARENT_SETTID|CLONE_CHILD_CLEARTID, parent_tid=[2756], tls=0x7ffebf45e980, child_tidptr=0x7ffebf45e310) = 2756
rt_sigprocmask(SIG_SETMASK, [], NULL, 8) = 0
getpid()                                = 2692
write(3, "[2026-01-02 21:07:04.073] [2692]"..., 151) = 151
write(4, "[2026-01-02 21:07:04.073] [2692]"..., 144) = 144
ppoll([{fd=16, events=POLLIN}], 1, {tv_sec=0, tv_nsec=0}, NULL, 0) = 0 (Timeout)
ppoll([{fd=9, events=POLLIN}], 1, {tv_sec=0, tv_nsec=0}, NULL, 0) = 0 (Timeout)
ppoll([{fd=16, events=POLLIN}], 1, {tv_sec=0, tv_nsec=0}, NULL, 0) = 0 (Timeout)
ppoll([{fd=9, events=POLLIN}], 1, {tv_sec=0, tv_nsec=0}, NULL, 0) = 0 (Timeout)
ppoll([{fd=8, events=POLLIN}], 1, {tv_sec=0, tv_nsec=0}, NULL, 0) = 0 (Timeout)
ppoll([{fd=13, events=POLLIN}], 1, {tv_sec=0, tv_nsec=0}, NULL, 0) = 0 (Timeout)
write(12, "\1\0\0\0\0\0\0\0", 8)        = 8
ppoll([{fd=20, events=POLLIN}], 1, {tv_sec=0, tv_nsec=0}, NULL, 0) = 0 (Timeout)
write(19, "\1\0\0\0\0\0\0\0", 8)        = 8
getpid()                                = 2692
write(3, "[2026-01-02 21:07:04.073] [2692]"..., 130) = 130
write(4, "[2026-01-02 21:07:04.073] [2692]"..., 123) = 123
getpid()                                = 2692
write(3, "[2026-01-02 21:07:04.073] [2692]"..., 425) = 425
write(4, "[2026-01-02 21:07:04.073] [2692]"..., 418) = 418
write(1, "-I------------------------------"..., 72) = 72
write(1, "-I- Dir  Name                   "..., 51) = 51
write(1, "-I------------------------------"..., 72) = 72
write(1, "-I- IN:  resnet_v1_50/input_laye"..., 49) = 49
write(1, "-I------------------------------"..., 72) = 72
write(1, "-I- OUT: resnet_v1_50/softmax1 ("..., 44) = 44
write(1, "-I------------------------------"..., 72) = 72
ioctl(5, _IOC(_IOC_READ|_IOC_WRITE, 0x6e, 0, 0x5f8), 0x7fffc648ed68) = 0
futex(0x5555a8a59ee8, FUTEX_WAKE_PRIVATE, 1) = 1
ioctl(5, _IOC(_IOC_READ, 0x76, 0, 0xd), 0x7fffc648f0d0) = 0
futex(0x5555a7a1f248, FUTEX_WAKE_PRIVATE, 1) = 1
ioctl(5, _IOC(_IOC_READ|_IOC_WRITE, 0x76, 0xf, 0x41), 0x7fffc648f8a8) = 0
ioctl(5, _IOC(_IOC_READ|_IOC_WRITE, 0x76, 0xf, 0x41), 0x7fffc648f8a8) = 0
ioctl(5, _IOC(_IOC_READ|_IOC_WRITE, 0x76, 0xf, 0x41), 0x7fffc648f8a8) = 0
ioctl(5, _IOC(_IOC_READ|_IOC_WRITE, 0x76, 0xf, 0x41), 0x7fffc648f8a8) = 0
ioctl(5, _IOC(_IOC_READ|_IOC_WRITE, 0x76, 0xf, 0x41), 0x7fffc648f8a8) = 0
write(6, "\1\0\0\0\0\0\0\0", 8)         = 8
getpid()                                = 2692
write(3, "[2026-01-02 21:07:04.075] [2692]"..., 226) = 226
write(4, "[2026-01-02 21:07:04.075] [2692]"..., 219) = 219
mmap(NULL, 8454144, PROT_NONE, MAP_PRIVATE|MAP_ANONYMOUS|MAP_STACK, -1, 0) = 0x7ffebe440000
mprotect(0x7ffebe450000, 8388608, PROT_READ|PROT_WRITE) = 0
rt_sigprocmask(SIG_BLOCK, ~[], [], 8)   = 0
clone(child_stack=0x7ffebec4db00, flags=CLONE_VM|CLONE_FS|CLONE_FILES|CLONE_SIGHAND|CLONE_THREAD|CLONE_SYSVSEM|CLONE_SETTLS|CLONE_PARENT_SETTID|CLONE_CHILD_CLEARTID, parent_tid=[2757], tls=0x7ffebec4e980, child_tidptr=0x7ffebec4e310) = 2757
rt_sigprocmask(SIG_SETMASK, [], NULL, 8) = 0
mmap(NULL, 8454144, PROT_NONE, MAP_PRIVATE|MAP_ANONYMOUS|MAP_STACK, -1, 0) = 0x7ffebdc30000
mprotect(0x7ffebdc40000, 8388608, PROT_READ|PROT_WRITE) = 0
rt_sigprocmask(SIG_BLOCK, ~[], [], 8)   = 0
clone(child_stack=0x7ffebe43db00, flags=CLONE_VM|CLONE_FS|CLONE_FILES|CLONE_SIGHAND|CLONE_THREAD|CLONE_SYSVSEM|CLONE_SETTLS|CLONE_PARENT_SETTID|CLONE_CHILD_CLEARTID, parent_tid=[2758], tls=0x7ffebe43e980, child_tidptr=0x7ffebe43e310) = 2758
rt_sigprocmask(SIG_SETMASK, [], NULL, 8) = 0
futex(0x7ffebec4e310, FUTEX_WAIT_BITSET|FUTEX_CLOCK_REALTIME, 2757, NULL, FUTEX_BITSET_MATCH_ANY) = 0
futex(0x7ffebe43e310, FUTEX_WAIT_BITSET|FUTEX_CLOCK_REALTIME, 2758, NULL, FUTEX_BITSET_MATCH_ANY) = 0
write(1, "-I- Inference finished successfu"..., 36) = 36
ppoll([{fd=6, events=POLLIN}], 1, {tv_sec=0, tv_nsec=0}, NULL, 0) = 1 ([{fd=6, revents=POLLIN}], left {tv_sec=0, tv_nsec=0})
read(6, "\1\0\0\0\0\0\0\0", 8)          = 8
futex(0x5555a8a66024, FUTEX_WAKE_PRIVATE, 2147483647) = 1
ioctl(5, _IOC(_IOC_READ, 0x76, 0x1, 0xc), 0x7fffc64906d0) = 0
futex(0x5555a7a1f24c, FUTEX_WAIT_BITSET_PRIVATE|FUTEX_CLOCK_REALTIME, 0, NULL, FUTEX_BITSET_MATCH_ANY) = -1 EAGAIN (Resource temporarily unavailable)
futex(0x5555a7a1f1f0, FUTEX_WAKE_PRIVATE, 1) = 0
ioctl(5, _IOC(_IOC_READ|_IOC_WRITE, 0x6e, 0, 0x5f8), 0x7fffc648eff8) = 0
getpid()                                = 2692
write(3, "[2026-01-02 21:07:04.266] [2692]"..., 118) = 118
write(4, "[2026-01-02 21:07:04.266] [2692]"..., 111) = 111
write(8, "\1\0\0\0\0\0\0\0", 8)         = 8
write(9, "\1\0\0\0\0\0\0\0", 8)         = 8
write(16, "\1\0\0\0\0\0\0\0", 8)        = 8
ppoll([{fd=20, events=POLLIN}], 1, {tv_sec=2147483, tv_nsec=647000000}, NULL, 0) = 1 ([{fd=20, revents=POLLIN}], left {tv_sec=2147483, tv_nsec=646981259})
ppoll([{fd=13, events=POLLIN}], 1, {tv_sec=2147483, tv_nsec=647000000}, NULL, 0) = 1 ([{fd=13, revents=POLLIN}], left {tv_sec=2147483, tv_nsec=646999148})
write(9, "\1\0\0\0\0\0\0\0", 8)         = 8
write(12, "\1\0\0\0\0\0\0\0", 8)        = 8
getpid()                                = 2692
write(3, "[2026-01-02 21:07:04.267] [2692]"..., 195) = 195
write(4, "[2026-01-02 21:07:04.267] [2692]"..., 188) = 188
close(15)                               = 0
close(14)                               = 0
close(13)                               = 0
close(12)                               = 0
close(11)                               = 0
close(9)                                = 0
close(10)                               = 0
close(8)                                = 0
write(16, "\1\0\0\0\0\0\0\0", 8)        = 8
write(19, "\1\0\0\0\0\0\0\0", 8)        = 8
futex(0x7ffebf45e310, FUTEX_WAIT_BITSET|FUTEX_CLOCK_REALTIME, 2756, NULL, FUTEX_BITSET_MATCH_ANY) = 0
getpid()                                = 2692
write(3, "[2026-01-02 21:07:04.268] [2692]"..., 191) = 191
write(4, "[2026-01-02 21:07:04.268] [2692]"..., 184) = 184
close(26)                               = 0
close(21)                               = 0
close(20)                               = 0
close(19)                               = 0
close(18)                               = 0
close(16)                               = 0
close(17)                               = 0
close(7)                                = 0
ioctl(5, _IOC(_IOC_READ, 0x76, 0x8, 0x8), 0x7fffc6490680) = 0
ioctl(5, _IOC(_IOC_READ, 0x76, 0x5, 0x8), 0x7fffc64903e0) = 0
munmap(0x7ffec0440000, 8495616)         = 0
ioctl(5, _IOC(_IOC_READ, 0x76, 0x8, 0x8), 0x7fffc6490680) = 0
ioctl(5, _IOC(_IOC_READ, 0x76, 0x5, 0x8), 0x7fffc64903e0) = 0
munmap(0x7ffebfc70000, 8190976)         = 0
munmap(0x7ffec247c000, 8306688)         = 0
munmap(0x7ffec1cb0000, 8175616)         = 0
munmap(0x7ffec1c7c000, 212992)          = 0
ioctl(5, _IOC(_IOC_READ, 0x76, 0x8, 0x8), 0x7fffc6490660) = 0
ioctl(5, _IOC(_IOC_READ, 0x76, 0x5, 0x8), 0x7fffc6490580) = 0
munmap(0x7ffecf314000, 8192)            = 0
ioctl(5, _IOC(_IOC_READ, 0x76, 0x8, 0x8), 0x7fffc6490660) = 0
ioctl(5, _IOC(_IOC_READ, 0x76, 0x5, 0x8), 0x7fffc6490160) = 0
munmap(0x7ffecf32c000, 16384)           = 0
ioctl(5, _IOC(_IOC_READ, 0x76, 0x5, 0x8), 0x7fffc6490160) = 0
munmap(0x7ffecf328000, 16384)           = 0
ioctl(5, _IOC(_IOC_READ, 0x76, 0x5, 0x8), 0x7fffc6490160) = 0
munmap(0x7ffecf324000, 16384)           = 0
ioctl(5, _IOC(_IOC_READ, 0x76, 0x5, 0x8), 0x7fffc6490160) = 0
munmap(0x7ffecf320000, 16384)           = 0
ioctl(5, _IOC(_IOC_READ, 0x76, 0x5, 0x8), 0x7fffc6490160) = 0
munmap(0x7ffecf31c000, 16384)           = 0
ioctl(5, _IOC(_IOC_READ, 0x76, 0x5, 0x8), 0x7fffc6490160) = 0
munmap(0x7ffecf318000, 16384)           = 0
ioctl(5, _IOC(_IOC_READ, 0x76, 0x5, 0x8), 0x7fffc6490580) = 0
munmap(0x7ffec2c70000, 1048576)         = 0
close(6)                                = 0
ioctl(5, _IOC(_IOC_NONE, 0x6e, 0x2, 0), 0) = 0
futex(0x7ffec357e310, FUTEX_WAIT_BITSET|FUTEX_CLOCK_REALTIME, 2706, NULL, FUTEX_BITSET_MATCH_ANY) = 0
munmap(0x7ffebe440000, 8454144)         = 0
ioctl(5, _IOC(_IOC_READ|_IOC_WRITE, 0x6e, 0, 0x5f8), 0x7fffc648f2e8) = 0
ioctl(5, _IOC(_IOC_READ|_IOC_WRITE, 0x6e, 0, 0x5f8), 0x7fffc648f288) = 0
futex(0x5555a8a59eec, FUTEX_WAKE_PRIVATE, 2147483647) = 1
futex(0x7ffec146a310, FUTEX_WAIT_BITSET|FUTEX_CLOCK_REALTIME, 2710, NULL, FUTEX_BITSET_MATCH_ANY) = 0
munmap(0x7ffebdc30000, 8454144)         = 0
futex(0x5555a7a1f248, FUTEX_WAKE_PRIVATE, 1) = 1
futex(0x7ffec1c7a310, FUTEX_WAIT_BITSET|FUTEX_CLOCK_REALTIME, 2709, NULL, FUTEX_BITSET_MATCH_ANY) = 0
munmap(0x7ffebf460000, 8454144)         = 0
close(5)                                = 0
futex(0x5555a7a33e70, FUTEX_WAKE_PRIVATE, 1) = 1
futex(0x7ffec3d8e310, FUTEX_WAIT_BITSET|FUTEX_CLOCK_REALTIME, 2705, NULL, FUTEX_BITSET_MATCH_ANY) = 0
munmap(0x7ffebec50000, 8454144)         = 0
futex(0x7ffebd354024, FUTEX_WAKE_PRIVATE, 1) = 1
futex(0x7ffebd3540a4, FUTEX_WAKE_PRIVATE, 1) = 1
futex(0x7ffebd354124, FUTEX_WAKE_PRIVATE, 1) = 1
munmap(0x7ffec2d70000, 8454144)         = 0
futex(0x5555a7a209e8, FUTEX_WAKE_PRIVATE, 1) = 1
futex(0x7ffec459e310, FUTEX_WAIT_BITSET|FUTEX_CLOCK_REALTIME, 2704, NULL, FUTEX_BITSET_MATCH_ANY) = -1 EAGAIN (Resource temporarily unavailable)
munmap(0x7ffec0c5c000, 8454144)         = 0
futex(0x7ffecf3711c8, FUTEX_WAKE_PRIVATE, 1) = 1
close(4)                                = 0
close(3)                                = 0
getpid()                                = 2692
lseek(0, -1, SEEK_CUR)                  = -1 ESPIPE (Illegal seek)
exit_group(0)                           = ?
+++ exited with 0 +++
