Rank,Function_Name,Operation_Type,Category,Score,Reasoning_Summary,Message_Structures,SMIDs_Identified
1,nvgpu_mm_pin,dma_operations,AIARelevantFunction,90,"**AIARelevantFunction Score (90)**: The function `nvgpu_mm_pin` is highly relevant to the integration with an AI Accelerator (AIA) as it deals with pinning a DMA buffer to memory, which is crucial ...",[struct dma_buf; struct dma_buf_attachment; struct sg_table],[dma_address; usermode_regs_bus_addr; userd_iova]
2,drivers/video/tegra/nvmap/nvmap_dmabuf.c:_nvmap_dmabuf_map_dma_buf,functions_by_file,AIARelevantFunction,85,"**AIARelevantFunction Score (85%)**: The function `_nvmap_dmabuf_map_dma_buf` is responsible for mapping a DMA buffer to a device, which is a critical operation for enabling an AI Accelerator (AIA)...",[struct dma_buf_attachment; struct nvmap_handle_info; struct sg_table; struct dma_buf],[dma_buf; dma_buf_attachment; nvmap_handle; sg_table]
3,gk20a_ioctl_channel_submit_gpfifo,ioctl_operations,AIARelevantFunction,85,"**AIARelevantFunction Score (85%)**: The function `gk20a_ioctl_channel_submit_gpfifo` is involved in submitting a GPU FIFO command, which is critical for the interaction between the CPU and the AI ...",[nvgpu_submit_gpfifo_args; nvgpu_channel_fence; nvgpu_user_fence; nvgpu_gpfifo_userdata; nvgpu_gpfifo_entry],[gpfifo (user virtual address); fence.id; fence.value; fence_out.syncpt_id; fence_out.syncpt_value]
4,drivers/gpu/nvgpu/os/linux/linux-dma.c:nvgpu_dma_alloc_flags_sys,functions_by_file,AIARelevantFunction,80,"**AIARelevantFunction Score (80)**: The function `nvgpu_dma_alloc_flags_sys` is involved in memory allocation for DMA operations, which is critical for AI Accelerator integration. It utilizes `dma_...",[nvgpu_mem; sg_table],[gpu_va; cpu_va; size; aligned_size]
5,drivers/video/tegra/nvmap/nvmap_alloc.c:alloc_handle_from_va,functions_by_file,AIARelevantFunction,80,**AIARelevantFunction Score (80)**: The function `alloc_handle_from_va` is involved in memory management that is relevant to AI Accelerator integration. It pins user pages to memory using `nvmap_ge...,None,vaddr; size; flags
6,__dma_buf_export,dma_operations,AIARelevantFunction,80,"**AIARelevantFunction Score (80)**: The function `__dma_buf_export` is involved in preparing a `dma_buf` for export, which is crucial for sharing memory with an AI Accelerator (AIA). It utilizes th...",[dma_buf_export_info],[phys_addr_t; size_t; dma_buf*; void*]
7,nvgpu_vm_map_buffer,dma_operations,AIARelevantFunction,80,"**AIARelevantFunction Score (80)**: The function `nvgpu_vm_map_buffer` is involved in mapping a DMA buffer, which is a critical operation for sharing memory between the CPU and an AI Accelerator (A...",[struct vm_gk20a_mapping_batch; struct dma_buf],[buffer_offset; *map_addr; dmabuf->size; dmabuf->file]
8,nvgpu_vm_map_buffer,dma_operations,AIARelevantFunction,80,"**AIARelevantFunction Score (80)**: The function `nvgpu_vm_map_buffer` is involved in mapping a DMA buffer to a virtual address space, which is crucial for enabling the AI Accelerator (AIA) to acce...",[vm_gk20a_mapping_batch],[buffer_offset; mapping_size; dmabuf->size; *map_addr]
9,nvgpu_vm_map_buffer,dma_operations,AIARelevantFunction,80,"**AIARelevantFunction Score (80)**: The function `nvgpu_vm_map_buffer` is involved in mapping a DMA buffer to a virtual address space, which is critical for enabling the AI Accelerator (AIA) to acc...",[vm_gk20a_mapping_batch],[buffer_offset; mapping_size; *map_addr; dmabuf->size]
10,nvgpu_vm_map_buffer,dma_operations,AIARelevantFunction,80,"**AIARelevantFunction Score (80)**: The function `nvgpu_vm_map_buffer` is involved in mapping a DMA buffer to a virtual address space, which is critical for enabling an AI Accelerator (AIA) to acce...",[vm_gk20a_mapping_batch],[dma_buf; buffer_offset; mapping_size; *map_addr]
11,nvgpu_vm_map_buffer,dma_operations,AIARelevantFunction,80,"**AIARelevantFunction Score (80)**: The function `nvgpu_vm_map_buffer` is involved in mapping a DMA buffer to a virtual address space, which is critical for enabling an AI Accelerator (AIA) to acce...",[vm_gk20a_mapping_batch],[buffer_offset; mapping_size; dmabuf->size; *map_addr]
12,nvgpu_vm_map_buffer,dma_operations,AIARelevantFunction,80,"**AIARelevantFunction Score (80)**: The function `nvgpu_vm_map_buffer` is involved in mapping a DMA buffer to a virtual address space, which is critical for enabling the AI Accelerator (AIA) to acc...",[vm_gk20a_mapping_batch],[dma_buf_fd; buffer_offset; mapping_size; *map_addr]
13,nvgpu_vm_map_buffer,dma_operations,AIARelevantFunction,80,"**AIARelevantFunction Score (80)**: The function `nvgpu_vm_map_buffer` is involved in mapping a DMA buffer to a virtual memory address space, which is critical for enabling an AI Accelerator (AIA) ...",[vm_gk20a_mapping_batch],[dma_buf; buffer_offset; mapping_size; *map_addr]
14,nvgpu_mm_pin,dma_operations,AIARelevantFunction,80,"**AIARelevantFunction Score (80)**: The function `nvgpu_mm_pin` is involved in managing DMA buffers, which is critical for AI Accelerator (AIA) integration. It uses `dma_buf_attach` and `dma_buf_ma...",[struct dma_buf; struct dma_buf_attachment],[size (from struct dma_buf); file (from struct dma_buf); sg_table (from struct dma_buf_attachment)]
15,nvgpu_mm_pin,dma_operations,AIARelevantFunction,80,"**AIARelevantFunction Score (80)**: The function `nvgpu_mm_pin` is involved in managing DMA buffers, which is critical for AI Accelerator integration. It uses `dma_buf_attach` and `dma_buf_map_atta...",[struct dma_buf; struct dma_buf_attachment],[size; file; attachments; sg_table; dev; dma_buf; dma_buf_attachment]
16,nvgpu_usermode_buf_from_dmabuf,dma_operations,AIARelevantFunction,80,"**AIARelevantFunction Score (80)**: The function `nvgpu_usermode_buf_from_dmabuf` is involved in managing DMA buffers, which is critical for sharing memory with an AI Accelerator (AIA). It uses `dm...",[struct nvgpu_usermode_buf_linux; struct nvgpu_mem],[dmabuf->size; mem->gpu_va; mem->size; attachment->sgt]
17,user_copy:gk20a_channel_ioctl,user_copy_operations,AIARelevantFunction,80,**AIARelevantFunction Score (80)**: The function `gk20a_channel_ioctl` is involved in managing GPU channels and handles various commands that can include memory allocation and setup for GPU operati...,[nvgpu_alloc_obj_ctx_args; nvgpu_channel_setup_bind_args; nvgpu_alloc_gpfifo_ex_args; nvgpu_set_error_notifier; nvgpu_set_timeout_args; nvgpu_set_timeout_ex_args; nvgpu_get_param_args],[userd_dmabuf_fd; gpfifo_dmabuf_fd; userd_dmabuf_offset; gpfifo_dmabuf_offset; obj_id]
18,user_copy:gk20a_channel_ioctl,user_copy_operations,AIARelevantFunction,80,"**AIARelevantFunction Score (80)**: The function `gk20a_channel_ioctl` interacts with various structures that are relevant for managing GPU channels and their operations, including memory allocatio...",[nvgpu_alloc_obj_ctx_args; nvgpu_channel_setup_bind_args; nvgpu_alloc_gpfifo_ex_args; nvgpu_wait_args; nvgpu_set_error_notifier; nvgpu_set_timeout_args; nvgpu_set_timeout_ex_args; nvgpu_get_param_args],[userd_dmabuf_fd; gpfifo_dmabuf_fd; userd_dmabuf_offset; gpfifo_dmabuf_offset; obj_id]
19,user_copy:gk20a_as_dev_ioctl,user_copy_operations,AIARelevantFunction,80,**AIARelevantFunction (80)**: The function `gk20a_as_dev_ioctl` interacts with various memory management operations that are relevant to an AI Accelerator (AIA). It handles commands that involve al...,[nvgpu_as_bind_channel_args; nvgpu32_as_alloc_space_args; nvgpu_as_alloc_space_args; nvgpu_as_free_space_args; nvgpu_as_map_buffer_ex_args; nvgpu_as_unmap_buffer_args; nvgpu_as_get_va_regions_args; nvgpu_as_map_buffer_batch_args; nvgpu_as_get_sync_ro_map_args; nvgpu_as_mapping_modify_args; nvgpu_as_remap_args],[channel_fd; offset; pages; page_size; flags; buffer_offset; base_gpuva; sync_size; num_syncpoints]
20,user_copy:gk20a_as_dev_ioctl,user_copy_operations,AIARelevantFunction,80,**AIARelevantFunction Score (80)**: The function `gk20a_as_dev_ioctl` interacts with various memory management operations that are relevant for an AI Accelerator (AIA). It handles memory allocation...,[nvgpu_as_alloc_space_args; nvgpu_as_free_space_args; nvgpu_as_map_buffer_ex_args; nvgpu_as_unmap_buffer_args; nvgpu_as_get_va_regions_args; nvgpu_as_map_buffer_batch_args; nvgpu_as_get_sync_ro_map_args; nvgpu_as_mapping_modify_args; nvgpu_as_remap_args],[offset; pages; page_size; buffer_offset; buffer_size; base_gpuva; num_syncpoints; dmabuf_fd]
21,user_copy:nvgpu_gpu_ioctl_register_buffer,user_copy_operations,AIARelevantFunction,80,"**AIARelevantFunction Score (80)**: The function `nvgpu_gpu_ioctl_register_buffer` is involved in managing a DMA buffer, which is critical for AI Accelerator integration. It utilizes `dma_buf_get` ...",[struct nvgpu_gpu_register_buffer_args],[dmabuf_fd; metadata_addr; metadata_size]
22,user_copy:nvmap_ioctl_create_from_va,user_copy_operations,AIARelevantFunction,80,"**AIARelevantFunction (80%)**: The function `nvmap_ioctl_create_from_va` is involved in creating a handle from a virtual address, which is a critical operation for managing shared memory with an AI...",[nvmap_create_handle_from_va],[va; size; flags; handle]
23,user_copy:nvmap_ioctl_create_from_va,user_copy_operations,AIARelevantFunction,80,"**AIARelevantFunction Score (80)**: The function `nvmap_ioctl_create_from_va` is involved in creating a handle for a virtual address, which is a critical operation for managing shared memory with a...",[nvmap_create_handle_from_va],[va; size; flags; handle]
24,gk20a_channel_ioctl,ioctl_operations,AIARelevantFunction,80,**AIARelevantFunction Score (80)**: The function `gk20a_channel_ioctl` is involved in handling various IOCTL commands that are likely related to memory management and operations involving the AI Ac...,[nvgpu_alloc_obj_ctx_args; nvgpu_channel_setup_bind_args; nvgpu_alloc_gpfifo_ex_args; nvgpu_wait_args; nvgpu_set_error_notifier; nvgpu_set_timeout_args; nvgpu_set_timeout_ex_args; nvgpu_get_param_args],[userd_dmabuf_fd; gpfifo_dmabuf_fd; userd_dmabuf_offset; gpfifo_dmabuf_offset; obj_id]
25,gk20a_as_dev_ioctl,ioctl_operations,AIARelevantFunction,80,**AIARelevantFunction Score (80)**: The function `gk20a_as_dev_ioctl` interacts with various memory management operations that are relevant to the AI Accelerator (AIA). It handles commands that inv...,[nvgpu_as_bind_channel_args; nvgpu32_as_alloc_space_args; nvgpu_as_alloc_space_args; nvgpu_as_free_space_args; nvgpu_as_map_buffer_ex_args; nvgpu_as_unmap_buffer_args; nvgpu_as_get_va_regions_args; nvgpu_as_map_buffer_batch_args; nvgpu_as_get_sync_ro_map_args; nvgpu_as_mapping_modify_args; nvgpu_as_remap_args],[channel_fd; pages; page_size; flags; buffer_offset; buffer_size; offset; base_gpuva; sync_size; num_syncpoints]
26,gk20a_as_ioctl_map_buffer_ex,ioctl_operations,AIARelevantFunction,80,**AIARelevantFunction Score (80)**: The function `gk20a_as_ioctl_map_buffer_ex` is involved in mapping a buffer for an AI Accelerator (AIA) by utilizing the `nvgpu_vm_map_buffer` function. This fun...,[nvgpu_as_map_buffer_ex_args],[dmabuf_fd; buffer_offset; mapping_size]
27,drivers/gpu/nvgpu/os/linux/linux-dma.c:nvgpu_dma_alloc_no_iommu,functions_by_file,AIARelevantFunction,70,"**AIARelevantFunction Score (70%)**: The function `nvgpu_dma_alloc_no_iommu` is involved in memory allocation that could be relevant for an AI Accelerator (AIA) context, particularly in the way it ...",None,None
28,drivers/gpu/nvgpu/os/linux/linux-dma.c:nvgpu_get_sgtable_from_pages,functions_by_file,AIARelevantFunction,70,**AIARelevantFunction Score (70)**: The function `nvgpu_get_sgtable_from_pages` is involved in managing memory for an AI Accelerator (AIA) by creating a scatter-gather table (`sg_table`) from user ...,[sg_table; scatterlist],[dma_address; iova]
29,drivers/video/tegra/nvmap/nvmap_dmabuf.c:nvmap_dmabuf_mmap,functions_by_file,AIARelevantFunction,70,"**AIARelevantFunction Score (70)**: The function `nvmap_dmabuf_mmap` is involved in memory mapping a DMA buffer, which is relevant for AI Accelerator integration. The function retrieves a handle fr...",None,None
30,drivers/video/tegra/nvmap/nvmap_alloc.c:handle_page_alloc,functions_by_file,AIARelevantFunction,70,"**AIARelevantFunction Score (70)**: The function `handle_page_alloc` is involved in memory allocation, which is critical for managing shared memory between the CPU and an AI Accelerator (AIA). It a...",[nvmap_handle],[size; vaddr; pages]
31,nvmap_handle_get_from_id,dma_operations,AIARelevantFunction,70,"**AIARelevantFunction Score (70)**: The function `nvmap_handle_get_from_id` interacts with DMA buffers through the `dma_buf` structure, which is crucial for memory management in the context of AI a...",[struct nvmap_handle_info; struct nvmap_handle; struct dma_buf],[dma_buf; nvmap_handle; nvmap_client; file descriptor]
32,nvmap_handle_get_from_id,dma_operations,AIARelevantFunction,70,"**AIARelevantFunction Score (70)**: The function `nvmap_handle_get_from_id` interacts with DMA buffers through the `dma_buf` structure, which is crucial for memory management in AI Accelerator cont...",[struct nvmap_handle_info; struct nvmap_handle; struct dma_buf],[dma_buf; nvmap_handle; nvmap_client]
33,nvgpu_gpu_ioctl_register_buffer,dma_operations,AIARelevantFunction,70,"**AIARelevantFunction Score (70%)**: The function `nvgpu_gpu_ioctl_register_buffer` interacts with a DMA buffer through the `dma_buf_get` and `dma_buf_put` functions, which are essential for managi...",[struct nvgpu_gpu_register_buffer_args],[dmabuf_fd; metadata_addr; metadata_size]
34,gk20a_init_error_notifier,dma_operations,AIARelevantFunction,70,"**AIARelevantFunction Score (70)**: The function `gk20a_init_error_notifier` interacts with the `dma_buf` structure, which is relevant for memory management in the context of AI accelerators. It re...",[struct nvgpu_set_error_notifier; struct nvgpu_notification; struct dma_buf],[args->mem; dmabuf->size; va; priv->error_notifier.notification; priv->error_notifier.vaddr]
35,nvgpu_os_channel_free_usermode_buffers,dma_operations,AIARelevantFunction,70,"**AIARelevantFunction Score (70)**: The function `nvgpu_os_channel_free_usermode_buffers` is responsible for freeing user-mode buffers associated with a GPU channel. It interacts with DMA buffers, ...",[nvgpu_usermode_buf_linux; gpfifo_desc],[dma_buf; usermode_userd; usermode_gpfifo]
36,user_copy:gk20a_ctrl_dev_ioctl,user_copy_operations,AIARelevantFunction,70,**AIARelevantFunction Score (70%)**: The function `gk20a_ctrl_dev_ioctl` interacts with various GPU operations that may involve memory management and data transfer between the CPU and the GPU. It h...,[nvgpu_gpu_zcull_get_ctx_size_args; nvgpu_gpu_zcull_get_info_args; nvgpu_gpu_zbc_set_table_args; nvgpu_gpu_zbc_query_table_args; nvgpu_gpu_get_characteristics; nvgpu_gpu_prepare_compressible_read_args; nvgpu_gpu_mark_compressible_write_args; nvgpu_alloc_as_args; nvgpu_gpu_open_tsg_args; nvgpu_gpu_get_tpc_masks_args; nvgpu_gpu_get_fbp_l2_masks_args; nvgpu_channel_open_args; nvgpu_gpu_l2_fb_args; nvgpu_gpu_mmu_debug_mode_args; nvgpu_gpu_sm_debug_mode_args],[as_fd; handle; gpu_characteristics_buf_addr; gpu_characteristics_buf_size; offset; compbits_hoffset; compbits_voffset; width; height; block_height_log2; submit_flags; zbc_color; reserved; mask_buf_addr; mask_buf_size]
37,user_copy:gk20a_as_ioctl_get_va_regions,user_copy_operations,AIARelevantFunction,70,"**AIARelevantFunction Score (70)**: The function `gk20a_as_ioctl_get_va_regions` is involved in managing virtual address regions for an AI accelerator, specifically through the use of the `nvgpu_as...",[struct nvgpu_as_get_va_regions_args; struct nvgpu_as_va_region],[buf_addr; buf_size; offset; pages]
38,user_copy:nvmap_ioctl_create,user_copy_operations,AIARelevantFunction,70,"**AIARelevantFunction Score (70%)**: The function `nvmap_ioctl_create` interacts with memory management and handles DMA buffers, which are relevant for AI Accelerator integration. It creates handle...",[nvmap_create_handle],[handle; fd; size; orig_size]
39,user_copy:nvmap_ioctl_create,user_copy_operations,AIARelevantFunction,70,"**AIARelevantFunction Score (70%)**: The function `nvmap_ioctl_create` is involved in creating and managing memory handles for DMA buffers, which is relevant for AI Accelerator integration. It util...",[nvmap_create_handle],[handle; handle64; fd; size; orig_size]
40,user_copy:nvmap_ioctl_alloc,user_copy_operations,AIARelevantFunction,70,"**AIARelevantFunction Score (70)**: The function `nvmap_ioctl_alloc` is involved in memory allocation for an AI Accelerator (AIA) context, as it interacts with the `nvmap_handle` structure, which i...",[nvmap_alloc_handle],[handle; size; align; heap_mask]
41,user_copy:nvmap_install_fd,user_copy_operations,AIARelevantFunction,70,"**AIARelevantFunction Score (70)**: The function `nvmap_install_fd` interacts with a `dma_buf`, which is a critical structure for managing shared memory between the CPU and an AI Accelerator (AIA)....",[nvmap_handle_info; dma_buf],[file descriptor (fd); dma_buf; nvmap_handle]
42,user_copy:nvgpu_ioctl_tsg_dev_ioctl,user_copy_operations,AIARelevantFunction,70,"**AIARelevantFunction Score (70)**: The function `nvgpu_ioctl_tsg_dev_ioctl` interacts with various aspects of the GPU's task scheduling and management, which can involve shared memory operations. ...",[nvgpu_tsg_bind_channel_ex_args; nvgpu_timeslice_args; nvgpu_runlist_interleave_args; nvgpu_event_id_ctrl_args; nvgpu_tsg_read_single_sm_error_state_args; nvgpu_tsg_l2_max_ways_evict_last_args; nvgpu_tsg_set_l2_sector_promotion_args],[channel_fd; subcontext_id; sm_id; record_mem; record_size; max_ways; promotion_flag; timeslice_us; level]
43,nvmap_ioctl,ioctl_operations,AIARelevantFunction,70,**AIARelevantFunction Score (70)**: The function `nvmap_ioctl` is involved in handling various IOCTL commands that can relate to memory management and operations that may involve an AI Accelerator ...,[struct nvmap_rw_handle; struct nvmap_cache_op; struct nvmap_cache_op_32; struct nvmap_cache_op_64],[addr; handle]
44,nvgpu_as_ioctl_get_sync_ro_map,ioctl_operations,AIARelevantFunction,70,**AIARelevantFunction Score (70)**: The function `nvgpu_as_ioctl_get_sync_ro_map` interacts with the GPU's synchronization points and retrieves a mapping of read-only memory addresses. It utilizes ...,[struct nvgpu_as_get_sync_ro_map_args],[base_gpuva; sync_size; num_syncpoints]
45,nvmap_ioctl_create,ioctl_operations,AIARelevantFunction,70,**AIARelevantFunction Score (70)**: The function `nvmap_ioctl_create` is involved in creating a handle for a memory buffer that can be shared with an AI Accelerator (AIA). It interacts with DMA buf...,[nvmap_create_handle],[handle; handle64; fd; size; orig_size; vaddr; dma_buf; dma_buf_ro]
46,nvmap_ioctl_alloc,ioctl_operations,AIARelevantFunction,70,"**AIARelevantFunction (70%)**: The function `nvmap_ioctl_alloc` is involved in memory allocation for a client, which is relevant for AI Accelerator integration as it deals with memory management. T...",[nvmap_alloc_handle],[handle; heap_mask; flags; align]
47,nvgpu_gpu_ioctl_register_buffer,ioctl_operations,AIARelevantFunction,70,"**AIARelevantFunction Score (70)**: The function `nvgpu_gpu_ioctl_register_buffer` interacts with a DMA buffer, which is relevant for AI Accelerator integration. It uses `dma_buf_get` to retrieve a...",[struct nvgpu_gpu_register_buffer_args],[dmabuf_fd; metadata_addr; metadata_size; flags]
48,nvmap_ioctl_create_from_va,ioctl_operations,AIARelevantFunction,70,"**AIARelevantFunction Score (70)**: The function `nvmap_ioctl_create_from_va` is involved in creating a handle from a virtual address, which is relevant for memory management in the context of an A...",[nvmap_create_handle_from_va],[handle; va; size; flags; fd]
49,nvmap_handle_get_from_id,dma_operations,AIARelevantFunction,60,"**AIARelevantFunction Score (60%)**: The function `nvmap_handle_get_from_id` interacts with DMA buffers, which are crucial for memory management in AI Accelerator contexts. It uses `dma_buf_get` an...",[struct nvmap_handle_info; struct nvmap_handle; struct dma_buf],[dma_buf*; nvmap_handle*; nvmap_client*; u32 id]
50,nvmap_handle_get_from_id,dma_operations,AIARelevantFunction,60,"**AIARelevantFunction Score (60)**: The function `nvmap_handle_get_from_id` interacts with DMA buffers, which are crucial for memory management in AI Accelerator contexts. It uses `dma_buf_get` and...",[struct nvmap_handle_info; struct dma_buf],[dma_buf*; nvmap_handle*; nvmap_client*; u32 id]
51,drivers/gpu/nvgpu/os/linux/linux-dma.c:nvgpu_dma_free_sys,functions_by_file,AIARelevantFunction,20,"**AIARelevantFunction Score (20)**: The function `nvgpu_dma_free_sys` primarily deals with freeing DMA memory allocated for the GPU. While it does interact with memory management, it does not direc...",[nvgpu_mem; sg_table],[gpu_va; cpu_va; aligned_size; size; dma_address]
52,nvgpu_dma_free_sys,dma_operations,AIARelevantFunction,20,**AIARelevantFunction Score (20)**: The function `nvgpu_dma_free_sys` primarily deals with freeing DMA memory allocated for the GPU. While it does manage memory that could be relevant for an AI Acc...,[nvgpu_mem; sg_table],[gpu_va; aligned_size; size; dma_address]
53,drivers/gpu/nvgpu/os/linux/linux-dma.c:nvgpu_iommuable,functions_by_file,AIARelevantFunction,0,**AIARelevantFunction Score (0%)**: The function `nvgpu_iommuable` does not involve any operations related to shared memory management or interactions with an AI Accelerator (AIA). It primarily che...,None,None
54,drivers/gpu/nvgpu/os/linux/linux-dma.c:nvgpu_dma_free_no_iommu,functions_by_file,AIARelevantFunction,0,**AIARelevantFunction Score (0)**: The function `nvgpu_dma_free_no_iommu` is primarily focused on freeing DMA memory allocated without IOMMU support. It does not involve any operations related to s...,None,None
55,drivers/gpu/nvgpu/os/linux/linux-dma.c:nvgpu_free_sgtable,functions_by_file,AIARelevantFunction,0,**AIARelevantFunction Score (0%)**: The function `nvgpu_free_sgtable` does not interact with any AI Accelerator (AIA) relevant functions or memory management patterns that would typically involve s...,None,None
56,drivers/gpu/nvgpu/os/linux/linux-dma.c:nvgpu_dma_flags_to_attrs,functions_by_file,AIARelevantFunction,0,**AIARelevantFunction Score (0)**: The function `nvgpu_dma_flags_to_attrs` does not interact with shared memory or AI Accelerator (AIA) specific operations. It primarily converts DMA flags to attri...,None,None
57,drivers/gpu/nvgpu/os/linux/platform_gk20a_tegra.c:gk20a_tegra_idle,functions_by_file,AIARelevantFunction,0,"**AIARelevantFunction Score (0%)**: The function `gk20a_tegra_idle` does not involve any operations related to shared memory management, DMA, or memory mapping that would typically be associated wi...",None,None
58,drivers/gpu/nvgpu/os/linux/platform_gk20a_tegra.c:gk20a_tegra_busy,functions_by_file,AIARelevantFunction,0,**AIARelevantFunction Score (0%)**: The function `gk20a_tegra_busy` does not interact with shared memory or perform any operations that would typically be associated with AI Accelerator integration...,None,None
59,drivers/video/tegra/nvmap/nvmap_dmabuf.c:dmabuf_is_nvmap,functions_by_file,AIARelevantFunction,0,**AIARelevantFunction Score (0%)**: The function `dmabuf_is_nvmap` does not involve any operations related to shared memory management or interactions with an AI Accelerator (AIA). It simply checks...,None,None
60,drivers/video/tegra/nvmap/nvmap_dmabuf.c:nvmap_get_dmabuf_fd,functions_by_file,AIARelevantFunction,0,**AIARelevantFunction Score (0%)**: The function `nvmap_get_dmabuf_fd` does not directly involve operations related to sharing memory with an AI Accelerator (AIA). It primarily deals with obtaining...,None,None
61,drivers/video/tegra/nvmap/nvmap_dmabuf.c:nvmap_dmabuf_attach,functions_by_file,AIARelevantFunction,0,**AIARelevantFunction Score (0%)**: The function `nvmap_dmabuf_attach` does not directly involve any operations related to sharing memory with an AI Accelerator (AIA). It simply calls another funct...,None,None
62,drivers/video/tegra/nvmap/nvmap_dmabuf.c:nvmap_dmabuf_vmap,functions_by_file,AIARelevantFunction,0,**AIARelevantFunction Score (0)**: The function `nvmap_dmabuf_vmap` does not interact with an AI Accelerator (AIA) or shared memory management relevant to AIA operations. It primarily deals with a ...,None,None
63,drivers/video/tegra/nvmap/nvmap_dmabuf.c:_nvmap_dmabuf_unmap_dma_buf,functions_by_file,AIARelevantFunction,0,**AIARelevantFunction Score (0)**: The function `_nvmap_dmabuf_unmap_dma_buf` does not directly involve sharing shared memory with an AI Accelerator (AIA). It primarily focuses on unmapping a DMA b...,None,None
64,drivers/video/tegra/nvmap/nvmap_dmabuf.c:nvmap_dmabuf_get_drv_data,functions_by_file,AIARelevantFunction,0,**AIARelevantFunction Score (0)**: The function `nvmap_dmabuf_get_drv_data` does not interact with an AI Accelerator (AIA) or manage shared memory (SMem) in a way that is relevant to AIA operations...,None,None
65,drivers/video/tegra/nvmap/nvmap_dmabuf.c:nvmap_dmabuf_detach,functions_by_file,AIARelevantFunction,0,**AIARelevantFunction Score (0)**: The function `nvmap_dmabuf_detach` does not involve any operations related to sharing memory with an AI Accelerator (AIA). It primarily deals with detaching a DMA...,None,None
66,drivers/video/tegra/nvmap/nvmap_dmabuf.c:nvmap_dmabuf_release,functions_by_file,AIARelevantFunction,0,**AIARelevantFunction Score (0)**: The function `nvmap_dmabuf_release` does not involve any operations related to sharing memory with an AI Accelerator (AIA). It primarily deals with releasing a DM...,None,None
67,drivers/video/tegra/nvmap/nvmap_dmabuf.c:nvmap_dmabuf_vunmap,functions_by_file,AIARelevantFunction,0,**AIARelevantFunction Score (0)**: The function `nvmap_dmabuf_vunmap` does not involve any operations that directly relate to sharing memory with an AI Accelerator (AIA). It primarily deals with un...,None,None
68,drivers/video/tegra/nvmap/nvmap_alloc.c:nvmap_alloc_handle,functions_by_file,AIARelevantFunction,0,**AIARelevantFunction Score (0)**: The function `nvmap_alloc_handle` does not interact with an AI Accelerator (AIA) or shared memory (SMem) in a manner that would qualify it as relevant for AIA ope...,None,None
69,drivers/video/tegra/nvmap/nvmap_alloc.c:alloc_handle,functions_by_file,AIARelevantFunction,0,**AIARelevantFunction Score (0%)**: The function `alloc_handle` does not directly involve any operations related to sharing memory with an AI Accelerator (AIA). It primarily focuses on allocating m...,None,None
70,drivers/video/tegra/nvmap/nvmap_alloc.c:nvmap_altalloc,functions_by_file,AIARelevantFunction,0,**AIARelevantFunction Score (0)**: The function `nvmap_altalloc` does not interact with an AI Accelerator (AIA) or perform any operations related to shared memory management that would be relevant ...,None,None
71,drivers/video/tegra/nvmap/nvmap_alloc.c:nvmap_alloc_pages_exact,functions_by_file,AIARelevantFunction,0,"**AIARelevantFunction Score (0)**: The function `nvmap_alloc_pages_exact` is primarily focused on memory allocation using the `alloc_pages` function, which is part of the Linux kernel's memory mana...",None,None
72,drivers/video/tegra/nvmap/nvmap_alloc.c:is_nvmap_id_ro,functions_by_file,AIARelevantFunction,0,**AIARelevantFunction Score (0%)**: The function `is_nvmap_id_ro` does not involve any operations related to sharing memory with an AI Accelerator (AIA). It primarily checks if a given NVMAP ID is ...,None,None
73,drivers/video/tegra/nvmap/nvmap_alloc.c:nvmap_altfree,functions_by_file,AIARelevantFunction,0,**AIARelevantFunction Score (0)**: The function `nvmap_altfree` does not interact with any AI Accelerator (AIA) relevant operations. It is primarily concerned with freeing memory allocated to a poi...,None,None
74,drivers/video/tegra/nvmap/nvmap_alloc.c:nvmap_alloc_handle_from_va,functions_by_file,AIARelevantFunction,0,**AIARelevantFunction Score (0)**: The function `nvmap_alloc_handle_from_va` does not involve any operations that directly relate to sharing memory with an AI Accelerator (AIA). It primarily focuse...,None,None
75,drivers/video/tegra/nvmap/nvmap_alloc.c:nvmap_free_handle_from_fd,functions_by_file,AIARelevantFunction,0,**AIARelevantFunction Score (0)**: The function `nvmap_free_handle_from_fd` does not interact with an AI Accelerator (AIA) or shared memory management relevant to AIA operations. It primarily deals...,None,None
76,drivers/video/tegra/nvmap/nvmap_alloc.c:nvmap_free_handle,functions_by_file,AIARelevantFunction,0,**AIARelevantFunction Score (0)**: The function `nvmap_free_handle` does not interact with an AI Accelerator (AIA) or shared memory management relevant to AIA. It primarily deals with freeing a han...,None,None
77,drivers/video/tegra/nvmap/nvmap_alloc.c:_nvmap_handle_free,functions_by_file,AIARelevantFunction,0,**AIARelevantFunction Score (0%)**: The function `_nvmap_handle_free` does not involve any operations related to sharing memory with an AI Accelerator (AIA). It primarily deals with freeing resourc...,None,None
78,drivers/video/tegra/nvmap/nvmap_alloc.c:nvmap_heap_pgfree,functions_by_file,AIARelevantFunction,0,**AIARelevantFunction Score (0%)**: The function `nvmap_heap_pgfree` does not involve any operations related to sharing memory with an AI Accelerator (AIA). It primarily deals with freeing DMA memo...,None,None
79,drivers/video/tegra/nvmap/nvmap_alloc.c:nvmap_heap_pgalloc_dev,functions_by_file,AIARelevantFunction,0,**AIARelevantFunction Score (0%)**: The function `nvmap_heap_pgalloc_dev` does not interact with any AI Accelerator (AIA) relevant memory management functions or patterns. It does not involve pinni...,None,None
80,is_nvmap_id_ro,dma_operations,AIARelevantFunction,0,**AIARelevantFunction Score (0%)**: The function `is_nvmap_id_ro` does not interact with an AI Accelerator (AIA) or shared memory (SMem) directly. It primarily deals with `nvmap_client` and `dma_bu...,None,None
81,nvmap_get_dmabuf_fd,dma_operations,AIARelevantFunction,0,**AIARelevantFunction Score (0%)**: The function `nvmap_get_dmabuf_fd` does not directly involve operations that share memory with an AI Accelerator (AIA). It primarily deals with exporting a DMA b...,None,None
82,nvmap_ioctl_getfd,dma_operations,AIARelevantFunction,0,**AIARelevantFunction Score (0)**: The function `nvmap_ioctl_getfd` does not directly involve sharing memory with an AI Accelerator (AIA). It primarily deals with obtaining a file descriptor (fd) f...,[nvmap_create_handle],[fd; handle]
83,nvgpu_gpu_ioctl_register_buffer,dma_operations,AIARelevantFunction,0,**AIARelevantFunction Score (0)**: The function `nvgpu_gpu_ioctl_register_buffer` does not directly interact with an AI Accelerator (AIA) or manage shared memory (SMem) in a way that would qualify ...,[struct nvgpu_gpu_register_buffer_args],[dmabuf_fd; metadata_addr]
84,gk20a_init_error_notifier,dma_operations,AIARelevantFunction,0,**AIARelevantFunction Score (0)**: The function `gk20a_init_error_notifier` does not directly interact with an AI Accelerator (AIA) or manage shared memory (SMem) in a way that would qualify it as ...,[struct nvgpu_set_error_notifier; struct nvgpu_notification],[mem (memory handle); offset; size]
85,gk20a_channel_free_error_notifiers,dma_operations,AIARelevantFunction,0,**AIARelevantFunction Score (0)**: The function `gk20a_channel_free_error_notifiers` does not interact with any AI Accelerator (AIA) relevant functions or memory management patterns that would typi...,None,None
86,gk20a_init_error_notifier,dma_operations,AIARelevantFunction,0,"**AIARelevantFunction Score (0)**: The function `gk20a_init_error_notifier` does not directly interact with an AI Accelerator (AIA) or manage shared memory between the CPU and AIA. Instead, it focu...",[struct nvgpu_set_error_notifier; struct nvgpu_notification],[args->mem; priv->error_notifier.notification; priv->error_notifier.vaddr]
87,nvgpu_mm_unpin,dma_operations,AIARelevantFunction,0,**AIARelevantFunction Score (0%)**: The function `nvgpu_mm_unpin` does not involve any operations that directly relate to sharing memory with an AI Accelerator (AIA). It primarily deals with unpinn...,None,None
88,nvgpu_mm_unpin,dma_operations,AIARelevantFunction,0,**AIARelevantFunction Score (0)**: The function `nvgpu_mm_unpin` does not involve any operations that directly relate to sharing memory with an AI Accelerator (AIA). It primarily deals with unmappi...,None,None
89,nvgpu_vm_unmap_system,dma_operations,AIARelevantFunction,0,**AIARelevantFunction Score (0%)**: The function `nvgpu_vm_unmap_system` does not involve any operations that directly relate to sharing memory with an AI Accelerator (AIA). It primarily deals with...,None,None
90,nvmap_free_handle,dma_operations,AIARelevantFunction,0,**AIARelevantFunction Score (0)**: The function `nvmap_free_handle` does not interact with an AI Accelerator (AIA) or shared memory management relevant to AIA operations. It primarily deals with fr...,None,None
91,nvmap_free_handle,dma_operations,AIARelevantFunction,0,**AIARelevantFunction Score (0%)**: The function `nvmap_free_handle` does not interact with an AI Accelerator (AIA) or shared memory (SMem) directly. It primarily deals with freeing a handle associ...,None,None
92,nvmap_ioctl_free,dma_operations,AIARelevantFunction,0,**AIARelevantFunction (0%)**: The function `nvmap_ioctl_free` does not directly involve any operations that relate to sharing memory with an AI Accelerator (AIA). It primarily deals with freeing a ...,[None identified],[None identified]
93,nvmap_ioctl_free,dma_operations,AIARelevantFunction,0,**AIARelevantFunction Score (0%)**: The function `nvmap_ioctl_free` does not directly interact with an AI Accelerator (AIA) or manage shared memory between the CPU and an AIA. It primarily deals wi...,[struct nvmap_client; struct dma_buf],[file descriptor (fd); dma_buf]
94,destroy_client,dma_operations,AIARelevantFunction,0,**AIARelevantFunction Score (0%)**: The `destroy_client` function does not involve any operations related to shared memory (SMem) with an AI Accelerator (AIA). It primarily focuses on cleaning up r...,None,None
95,destroy_client,dma_operations,AIARelevantFunction,0,"**AIARelevantFunction Score (0)**: The function `destroy_client` does not interact with any AI Accelerator (AIA) relevant operations. It primarily deals with the destruction of a client object, man...",None,None
96,nvgpu_os_channel_free_usermode_buffers,dma_operations,AIARelevantFunction,0,**AIARelevantFunction Score (0%)**: The function `nvgpu_os_channel_free_usermode_buffers` does not involve any operations that directly relate to sharing memory with an AI Accelerator (AIA). The fu...,None,None
97,user_copy:nvgpu_channel_copy_user_gpfifo,user_copy_operations,AIARelevantFunction,0,**AIARelevantFunction Score (0)**: The function `nvgpu_channel_copy_user_gpfifo` does not directly interact with an AI Accelerator (AIA) or perform operations related to shared memory management fo...,[struct nvgpu_gpfifo_userdata; struct nvgpu_gpfifo_entry],[entries (pointer to nvgpu_gpfifo_entry)]
98,user_copy:nvmap_ioctl_get_available_heaps,user_copy_operations,AIARelevantFunction,0,**AIARelevantFunction Score (0)**: The function `nvmap_ioctl_get_available_heaps` does not involve any operations related to sharing memory with an AI Accelerator (AIA). It primarily retrieves avai...,[struct nvmap_available_heaps],[None identified]
99,user_copy:gk20a_power_write,user_copy_operations,AIARelevantFunction,0,**AIARelevantFunction Score (0%)**: The function `gk20a_power_write` does not interact with an AI Accelerator (AIA) or shared memory (SMem) management. It primarily handles power state changes for ...,None,None
100,user_copy:gk20a_ctrl_ioctl_gpu_characteristics,user_copy_operations,AIARelevantFunction,0,**AIARelevantFunction Score (0)**: The function `gk20a_ctrl_ioctl_gpu_characteristics` does not directly involve sharing memory with an AI Accelerator (AIA). It primarily retrieves GPU characterist...,[struct nvgpu_gpu_get_characteristics; struct nvgpu_gpu_characteristics],[gpu_characteristics_buf_addr; gpu_instance_id; gr_instance_id]
101,user_copy:gk20a_ctrl_dev_ioctl,user_copy_operations,AIARelevantFunction,0,**AIARelevantFunction Score (0)**: The function `gk20a_ctrl_dev_ioctl` does not directly involve operations that share memory with an AI Accelerator (AIA). It primarily handles IOCTL commands relat...,[nvgpu_gpu_zcull_get_ctx_size_args; nvgpu_gpu_zcull_get_info_args; nvgpu_gpu_zbc_set_table_args; nvgpu_gpu_zbc_query_table_args; nvgpu_gpu_get_characteristics; nvgpu_gpu_prepare_compressible_read_args; nvgpu_gpu_mark_compressible_write_args; nvgpu_alloc_as_args; nvgpu_gpu_open_tsg_args; nvgpu_gpu_get_tpc_masks_args; nvgpu_gpu_get_fbp_l2_masks_args; nvgpu_channel_open_args; nvgpu_gpu_l2_fb_args; nvgpu_gpu_mmu_debug_mode_args; nvgpu_gpu_sm_debug_mode_args],[as_fd; va_range_start; va_range_end; va_range_split; tsg_fd; mask_buf_addr; gpu_characteristics_buf_addr; handle; offset; compbits_hoffset; compbits_voffset; zbc_color; valid_compbits; reserved; reserved2; reserved2[2]; reserved[3]; reserved; reserved]
102,user_copy:gk20a_ctrl_get_tpc_masks,user_copy_operations,AIARelevantFunction,0,**AIARelevantFunction Score (0)**: The function `gk20a_ctrl_get_tpc_masks` does not directly interact with an AI Accelerator (AIA) or manage shared memory in a way that would typically involve pinn...,[struct nvgpu_gpu_get_tpc_masks_args],[mask_buf_addr]
103,user_copy:gk20a_ctrl_get_fbp_l2_masks,user_copy_operations,AIARelevantFunction,0,"**AIARelevantFunction Score (0)**: The function `gk20a_ctrl_get_fbp_l2_masks` does not interact with an AI Accelerator (AIA) or perform any operations related to shared memory management, DMA, or m...",[struct nvgpu_gpu_get_fbp_l2_masks_args],[mask_buf_addr]
104,user_copy:gk20a_ctrl_vsm_mapping,user_copy_operations,AIARelevantFunction,0,**AIARelevantFunction Score (0)**: The function `gk20a_ctrl_vsm_mapping` does not directly interact with an AI Accelerator (AIA) or perform operations related to shared memory management for an AIA...,[struct nvgpu_gpu_vsms_mapping],[vsms_map_buf_addr]
105,user_copy:nvgpu_gpu_get_engine_info,user_copy_operations,AIARelevantFunction,0,"**AIARelevantFunction Score (0)**: The function `nvgpu_gpu_get_engine_info` does not interact with an AI Accelerator (AIA) or perform any operations related to shared memory management, DMA, or mem...",[struct nvgpu_gpu_get_engine_info_args; struct nvgpu_gpu_get_engine_info_item],[engine_info_buf_addr]
106,user_copy:nvgpu_gpu_clk_get_range,user_copy_operations,AIARelevantFunction,0,**AIARelevantFunction (0%)**: The function `nvgpu_gpu_clk_get_range` does not interact with an AI Accelerator (AIA) directly. It primarily deals with GPU clock ranges and does not involve memory ma...,[struct nvgpu_gpu_clk_range_args; struct nvgpu_gpu_clk_range],[clk_range_entries; min_hz; max_hz]
107,user_copy:nvmap_ioctl_query_heap_params,user_copy_operations,AIARelevantFunction,0,**AIARelevantFunction Score (0)**: The function `nvmap_ioctl_query_heap_params` does not directly interact with an AI Accelerator (AIA) or manage shared memory (SMem) in a way that would qualify it...,[struct nvmap_query_heap_params],[heap_mask; total; free; largest_free_block]
108,user_copy:nvmap_ioctl_query_heap_params,user_copy_operations,AIARelevantFunction,0,**AIARelevantFunction Score (0)**: The function `nvmap_ioctl_query_heap_params` does not directly involve sharing memory with an AI Accelerator (AIA). It primarily queries heap parameters and does ...,[struct nvmap_query_heap_params],[heap_mask; total; free; largest_free_block]
109,user_copy:nvgpu_gpu_clk_get_info,user_copy_operations,AIARelevantFunction,0,**AIARelevantFunction Score (0)**: The function `nvgpu_gpu_clk_get_info` does not directly interact with an AI Accelerator (AIA) or manage shared memory (SMem) in a way that would qualify it as an ...,[struct nvgpu_gpu_clk_get_info_args; struct nvgpu_gpu_clk_info],[clk_info_entries]
110,user_copy:nvgpu_gpu_clk_get_info,user_copy_operations,AIARelevantFunction,0,**AIARelevantFunction Score (0)**: The function `nvgpu_gpu_clk_get_info` does not interact with an AI Accelerator (AIA) or manage shared memory in a way that would qualify as an AIA relevant functi...,[struct nvgpu_gpu_clk_get_info_args; struct nvgpu_gpu_clk_info],[clk_info_entries]
111,user_copy:nvmap_ioctl_getfd,user_copy_operations,AIARelevantFunction,0,**AIARelevantFunction Score (0)**: The function `nvmap_ioctl_getfd` does not directly interact with an AI Accelerator (AIA) or shared memory management that would typically involve DMA operations o...,[nvmap_create_handle],[fd; handle]
112,user_copy:nvgpu_ioctl_tsg_dev_ioctl,user_copy_operations,AIARelevantFunction,0,**AIARelevantFunction Score (0)**: The function `nvgpu_ioctl_tsg_dev_ioctl` does not directly interact with an AI Accelerator (AIA) or manage shared memory (SMem) in a way that would qualify it as ...,[struct nvgpu_tsg_bind_channel_ex_args; struct nvgpu_tsg_bind_scheduling_domain_args; struct nvgpu_runlist_interleave_args; struct nvgpu_timeslice_args; struct nvgpu_tsg_read_single_sm_error_state_args; struct nvgpu_tsg_l2_max_ways_evict_last_args; struct nvgpu_tsg_set_l2_sector_promotion_args],[channel_fd; domain_fd; timeslice_us; sm_id; record_mem; record_size; max_ways; promotion_flag]
113,gk20a_dbg_gpu_dev_release,ioctl_operations,AIARelevantFunction,0,**AIARelevantFunction Score (0%)**: The function `gk20a_dbg_gpu_dev_release` does not interact with an AI Accelerator (AIA) or shared memory management relevant to AIA operations. It primarily deal...,None,None
114,gk20a_ctrl_dev_release,ioctl_operations,AIARelevantFunction,0,**AIARelevantFunction Score (0%)**: The function `gk20a_ctrl_dev_release` does not perform any operations related to shared memory management or interactions with an AI Accelerator (AIA). It primar...,None,None
115,nvmap_open,ioctl_operations,AIARelevantFunction,0,**AIARelevantFunction Score (0)**: The `nvmap_open` function does not involve any operations related to shared memory (SMem) with an AI Accelerator (AIA). It primarily handles the opening of a devi...,None,None
116,nvmap_ioctl_get_available_heaps,ioctl_operations,AIARelevantFunction,0,"**AIARelevantFunction (0%)**: The function `nvmap_ioctl_get_available_heaps` does not directly interact with an AI Accelerator (AIA) or perform operations related to shared memory management, DMA, ...",[struct nvmap_available_heaps],[None identified]
117,gk20a_power_open,ioctl_operations,AIARelevantFunction,0,**AIARelevantFunction Score (0%)**: The function `gk20a_power_open` does not involve any operations related to shared memory (SMem) with an AI Accelerator (AIA). It primarily deals with opening a d...,None,None
118,gk20a_power_release,ioctl_operations,AIARelevantFunction,0,**AIARelevantFunction Score (0%)**: The function `gk20a_power_release` does not involve any operations related to shared memory (SMem) with an AI Accelerator (AIA). It primarily handles the release...,None,None
119,gk20a_ctrl_dev_open,ioctl_operations,AIARelevantFunction,0,**AIARelevantFunction Score (0%)**: The function `gk20a_ctrl_dev_open` does not perform any operations related to sharing memory with an AI Accelerator (AIA). It primarily handles device opening lo...,None,None
120,gk20a_ctrl_dev_ioctl,ioctl_operations,AIARelevantFunction,0,**AIARelevantFunction Score (0)**: The function does not directly involve sharing memory with an AI Accelerator (AIA) or managing DMA buffers. It primarily handles IOCTL commands related to GPU ope...,[nvgpu_gpu_zcull_get_ctx_size_args; nvgpu_gpu_zcull_get_info_args; nvgpu_gpu_get_characteristics; nvgpu_gpu_prepare_compressible_read_args; nvgpu_gpu_mark_compressible_write_args; nvgpu_gpu_open_tsg_args; nvgpu_gpu_get_tpc_masks_args; nvgpu_gpu_get_fbp_l2_masks_args],[as_fd; va_range_start; va_range_end; va_range_split; mask_buf_addr]
121,gk20a_ctrl_ioctl_gpu_characteristics,ioctl_operations,AIARelevantFunction,0,**AIARelevantFunction Score (0)**: The function `gk20a_ctrl_ioctl_gpu_characteristics` does not interact with an AI Accelerator (AIA) or shared memory (SMem) in a manner typical of AIA relevant fun...,[struct nvgpu_gpu_get_characteristics],[gpu_characteristics_buf_addr; gpu_characteristics_buf_size]
122,nvgpu_ctrl_ioctl_gpu_characteristics_flags,ioctl_operations,AIARelevantFunction,0,**AIARelevantFunction Score (0%)**: The function `nvgpu_ctrl_ioctl_gpu_characteristics_flags` does not interact with shared memory or perform any operations that would typically be associated with ...,None,None
123,nvgpu_get_ioctl_graphics_preempt_mode_flags,ioctl_operations,AIARelevantFunction,0,**AIARelevantFunction Score (0)**: The function `nvgpu_get_ioctl_graphics_preempt_mode_flags` does not interact with shared memory or perform any operations related to AI Accelerator integration. I...,None,None
124,nvgpu_get_ioctl_compute_preempt_mode_flags,ioctl_operations,AIARelevantFunction,0,**AIARelevantFunction Score (0)**: The function `nvgpu_get_ioctl_compute_preempt_mode_flags` does not interact with shared memory or AI Accelerator (AIA) specific operations. It primarily processes...,None,None
125,nvgpu_get_ioctl_graphics_preempt_mode,ioctl_operations,AIARelevantFunction,0,**AIARelevantFunction Score (0)**: The function `nvgpu_get_ioctl_graphics_preempt_mode` does not involve any operations related to shared memory (SMem) with an AI Accelerator (AIA). It simply handl...,None,None
126,nvgpu_get_ioctl_compute_preempt_mode,ioctl_operations,AIARelevantFunction,0,**AIARelevantFunction Score (0)**: The function `nvgpu_get_ioctl_compute_preempt_mode` does not involve any operations related to shared memory (SMem) with an AI Accelerator (AIA). It simply transl...,None,None
127,gk20a_as_ioctl_get_va_regions,ioctl_operations,AIARelevantFunction,0,"**AIARelevantFunction Score (0%)**: The function `gk20a_as_ioctl_get_va_regions` does not directly interact with an AI Accelerator (AIA) or manage shared memory between the CPU and AIA. Instead, it...",[struct nvgpu_as_get_va_regions_args; struct nvgpu_as_va_region],[buf_addr; buf_size; offset; pages]
128,gk20a_as_ioctl_alloc_space,ioctl_operations,AIARelevantFunction,0,**AIARelevantFunction Score (0%)**: The function `gk20a_as_ioctl_alloc_space` does not directly involve any operations related to sharing memory with an AI Accelerator (AIA). It primarily focuses o...,struct nvgpu_as_alloc_space_args,None
129,nvmap_ioctl_query_heap_params,ioctl_operations,AIARelevantFunction,0,**AIARelevantFunction Score (0)**: The function `nvmap_ioctl_query_heap_params` does not directly interact with an AI Accelerator (AIA) or perform operations related to shared memory management for...,[struct nvmap_query_heap_params],[heap_mask; total; free; largest_free_block]
130,nvmap_ioctl_getfd,ioctl_operations,AIARelevantFunction,0,**AIARelevantFunction Score (0)**: The function `nvmap_ioctl_getfd` does not directly interact with an AI Accelerator (AIA) or manage shared memory (SMem) in a way that would typically be associate...,[nvmap_create_handle],[handle; fd]
131,nvgpu_ioctl_tsg_open,ioctl_operations,AIARelevantFunction,0,**AIARelevantFunction Score (0%)**: The function `nvgpu_ioctl_tsg_open` does not directly involve any operations related to shared memory (SMem) with an AI Accelerator (AIA). It primarily focuses o...,None,None
132,nvgpu_ioctl_channel_get_user_syncpoint,ioctl_operations,AIARelevantFunction,0,**AIARelevantFunction Score (0%)**: The function `nvgpu_ioctl_channel_get_user_syncpoint` does not directly involve sharing memory with an AI Accelerator (AIA). It primarily deals with user synchro...,[struct nvgpu_get_user_syncpoint_args],[gpu_va; syncpoint_id; syncpoint_max]
133,nvgpu_ioctl_channel_alloc_obj_ctx,ioctl_operations,AIARelevantFunction,0,**AIARelevantFunction (0%)**: The function `nvgpu_ioctl_channel_alloc_obj_ctx` does not directly interact with shared memory or AI Accelerator (AIA) functionalities. It primarily calls a setup func...,None,None
134,gk20a_channel_open_ioctl,ioctl_operations,AIARelevantFunction,0,**AIARelevantFunction Score (0%)**: The function `gk20a_channel_open_ioctl` does not directly involve any operations related to sharing memory with an AI Accelerator (AIA). It primarily handles the...,None,None
135,gk20a_as_ioctl_bind_channel,ioctl_operations,AIARelevantFunction,0,**AIARelevantFunction Score (0)**: The function `gk20a_as_ioctl_bind_channel` does not interact with an AI Accelerator (AIA) or shared memory (SMem) directly. It primarily focuses on binding a chan...,None,None
136,nvgpu_ioctl_tsg_dev_ioctl,ioctl_operations,AIARelevantFunction,0,**AIARelevantFunction Score (0%)**: The function `nvgpu_ioctl_tsg_dev_ioctl` does not directly interact with an AI Accelerator (AIA) or manage shared memory (SMem) in a way that would qualify it as...,[nvgpu_tsg_bind_channel_ex_args; nvgpu_event_id_ctrl_args; nvgpu_runlist_interleave_args; nvgpu_timeslice_args; nvgpu_tsg_read_single_sm_error_state_args; nvgpu_tsg_l2_max_ways_evict_last_args; nvgpu_tsg_set_l2_sector_promotion_args],[channel_fd; event_id; event_fd; timeslice_us; max_ways; promotion_flag]
137,gk20a_tsg_ioctl_bind_channel_ex,ioctl_operations,AIARelevantFunction,0,**AIARelevantFunction Score (0)**: The function `gk20a_tsg_ioctl_bind_channel_ex` does not directly interact with an AI Accelerator (AIA) or manage shared memory (SMem) for an AIA. It primarily han...,[nvgpu_tsg_bind_channel_ex_args],[channel_fd; subcontext_id]
138,nvgpu_gpu_ioctl_set_l2_max_ways_evict_last,ioctl_operations,AIARelevantFunction,0,**AIARelevantFunction Score (0%)**: The function `nvgpu_gpu_ioctl_set_l2_max_ways_evict_last` does not involve any operations related to shared memory (SMem) with an AI Accelerator (AIA). It primar...,[struct nvgpu_tsg_l2_max_ways_evict_last_args],[None identified]
139,gk20a_as_ioctl_unmap_buffer,ioctl_operations,AIARelevantFunction,0,**AIARelevantFunction Score (0%)**: The function `gk20a_as_ioctl_unmap_buffer` does not involve any operations that directly relate to sharing memory with an AI Accelerator (AIA). It primarily hand...,None,None
140,nvmap_ioctl_free,ioctl_operations,AIARelevantFunction,0,**AIARelevantFunction Score (0%)**: The function `nvmap_ioctl_free` does not directly involve any operations that relate to sharing memory with an AI Accelerator (AIA). It primarily deals with free...,[None identified],[None identified]
141,nvmap_release,ioctl_operations,AIARelevantFunction,0,**AIARelevantFunction Score (0%)**: The `nvmap_release` function does not involve any operations related to sharing memory with an AI Accelerator (AIA). It primarily handles the release of a client...,None,None
142,gk20a_event_id_release,ioctl_operations,AIARelevantFunction,0,**AIARelevantFunction Score (0%)**: The function `gk20a_event_id_release` does not interact with shared memory or AI Accelerator (AIA) functionalities. It primarily deals with releasing an event ID...,None,None
143,gk20a_channel_release,ioctl_operations,AIARelevantFunction,0,**AIARelevantFunction Score (0%)**: The function `gk20a_channel_release` does not involve any operations related to shared memory management or interactions with an AI Accelerator (AIA). It primari...,None,None
144,nvgpu_ioctl_tsg_dev_release,ioctl_operations,AIARelevantFunction,0,**AIARelevantFunction Score (0)**: The function `nvgpu_ioctl_tsg_dev_release` does not involve any operations related to shared memory (SMem) with an AI Accelerator (AIA). It primarily deals with r...,None,None
145,nvgpu_ioctl_tsg_release,ioctl_operations,AIARelevantFunction,0,**AIARelevantFunction Score (0)**: The function `nvgpu_ioctl_tsg_release` does not involve any operations related to shared memory (SMem) with an AI Accelerator (AIA). It primarily deals with relea...,None,None
146,gk20a_as_dev_release,ioctl_operations,AIARelevantFunction,0,**AIARelevantFunction Score (0)**: The function `gk20a_as_dev_release` does not interact with any AI Accelerator (AIA) relevant functions or shared memory management. It primarily deals with releas...,None,None
1,nvmap_ioctl_getfd,dma_operations,Relevant_KD_Entry_Point,100,**AIARelevantFunction Score (0)**: The function `nvmap_ioctl_getfd` does not directly involve sharing memory with an AI Accelerator (AIA). It primarily deals with obtaining a file descriptor (fd) f...,[nvmap_create_handle],[fd; handle]
2,user_copy:nvmap_ioctl_get_available_heaps,user_copy_operations,Relevant_KD_Entry_Point,100,**AIARelevantFunction Score (0)**: The function `nvmap_ioctl_get_available_heaps` does not involve any operations related to sharing memory with an AI Accelerator (AIA). It primarily retrieves avai...,[struct nvmap_available_heaps],[None identified]
3,user_copy:gk20a_ctrl_ioctl_gpu_characteristics,user_copy_operations,Relevant_KD_Entry_Point,100,**AIARelevantFunction Score (0)**: The function `gk20a_ctrl_ioctl_gpu_characteristics` does not directly involve sharing memory with an AI Accelerator (AIA). It primarily retrieves GPU characterist...,[struct nvgpu_gpu_get_characteristics; struct nvgpu_gpu_characteristics],[gpu_characteristics_buf_addr; gpu_instance_id; gr_instance_id]
4,user_copy:gk20a_ctrl_dev_ioctl,user_copy_operations,Relevant_KD_Entry_Point,100,**AIARelevantFunction Score (0)**: The function `gk20a_ctrl_dev_ioctl` does not directly involve operations that share memory with an AI Accelerator (AIA). It primarily handles IOCTL commands relat...,[nvgpu_gpu_zcull_get_ctx_size_args; nvgpu_gpu_zcull_get_info_args; nvgpu_gpu_zbc_set_table_args; nvgpu_gpu_zbc_query_table_args; nvgpu_gpu_get_characteristics; nvgpu_gpu_prepare_compressible_read_args; nvgpu_gpu_mark_compressible_write_args; nvgpu_alloc_as_args; nvgpu_gpu_open_tsg_args; nvgpu_gpu_get_tpc_masks_args; nvgpu_gpu_get_fbp_l2_masks_args; nvgpu_channel_open_args; nvgpu_gpu_l2_fb_args; nvgpu_gpu_mmu_debug_mode_args; nvgpu_gpu_sm_debug_mode_args],[as_fd; va_range_start; va_range_end; va_range_split; tsg_fd; mask_buf_addr; gpu_characteristics_buf_addr; handle; offset; compbits_hoffset; compbits_voffset; zbc_color; valid_compbits; reserved; reserved2; reserved2[2]; reserved[3]; reserved; reserved]
5,user_copy:gk20a_ctrl_get_tpc_masks,user_copy_operations,Relevant_KD_Entry_Point,100,**AIARelevantFunction Score (0)**: The function `gk20a_ctrl_get_tpc_masks` does not directly interact with an AI Accelerator (AIA) or manage shared memory in a way that would typically involve pinn...,[struct nvgpu_gpu_get_tpc_masks_args],[mask_buf_addr]
6,user_copy:nvmap_ioctl_query_heap_params,user_copy_operations,Relevant_KD_Entry_Point,100,**AIARelevantFunction Score (0)**: The function `nvmap_ioctl_query_heap_params` does not directly interact with an AI Accelerator (AIA) or manage shared memory (SMem) in a way that would qualify it...,[struct nvmap_query_heap_params],[heap_mask; total; free; largest_free_block]
7,user_copy:nvmap_ioctl_query_heap_params,user_copy_operations,Relevant_KD_Entry_Point,100,**AIARelevantFunction Score (0)**: The function `nvmap_ioctl_query_heap_params` does not directly involve sharing memory with an AI Accelerator (AIA). It primarily queries heap parameters and does ...,[struct nvmap_query_heap_params],[heap_mask; total; free; largest_free_block]
8,user_copy:nvgpu_gpu_clk_get_info,user_copy_operations,Relevant_KD_Entry_Point,100,**AIARelevantFunction Score (0)**: The function `nvgpu_gpu_clk_get_info` does not interact with an AI Accelerator (AIA) or manage shared memory in a way that would qualify as an AIA relevant functi...,[struct nvgpu_gpu_clk_get_info_args; struct nvgpu_gpu_clk_info],[clk_info_entries]
9,user_copy:nvmap_ioctl_getfd,user_copy_operations,Relevant_KD_Entry_Point,100,**AIARelevantFunction Score (0)**: The function `nvmap_ioctl_getfd` does not directly interact with an AI Accelerator (AIA) or shared memory management that would typically involve DMA operations o...,[nvmap_create_handle],[fd; handle]
10,user_copy:nvgpu_ioctl_tsg_dev_ioctl,user_copy_operations,Relevant_KD_Entry_Point,100,**AIARelevantFunction Score (0)**: The function `nvgpu_ioctl_tsg_dev_ioctl` does not directly interact with an AI Accelerator (AIA) or manage shared memory (SMem) in a way that would qualify it as ...,[struct nvgpu_tsg_bind_channel_ex_args; struct nvgpu_tsg_bind_scheduling_domain_args; struct nvgpu_runlist_interleave_args; struct nvgpu_timeslice_args; struct nvgpu_tsg_read_single_sm_error_state_args; struct nvgpu_tsg_l2_max_ways_evict_last_args; struct nvgpu_tsg_set_l2_sector_promotion_args],[channel_fd; domain_fd; timeslice_us; sm_id; record_mem; record_size; max_ways; promotion_flag]
11,gk20a_ctrl_dev_open,ioctl_operations,Relevant_KD_Entry_Point,100,**AIARelevantFunction Score (0%)**: The function `gk20a_ctrl_dev_open` does not perform any operations related to sharing memory with an AI Accelerator (AIA). It primarily handles device opening lo...,None,None
12,gk20a_ctrl_ioctl_gpu_characteristics,ioctl_operations,Relevant_KD_Entry_Point,100,**AIARelevantFunction Score (0)**: The function `gk20a_ctrl_ioctl_gpu_characteristics` does not interact with an AI Accelerator (AIA) or shared memory (SMem) in a manner typical of AIA relevant fun...,[struct nvgpu_gpu_get_characteristics],[gpu_characteristics_buf_addr; gpu_characteristics_buf_size]
13,gk20a_as_ioctl_get_va_regions,ioctl_operations,Relevant_KD_Entry_Point,100,"**AIARelevantFunction Score (0%)**: The function `gk20a_as_ioctl_get_va_regions` does not directly interact with an AI Accelerator (AIA) or manage shared memory between the CPU and AIA. Instead, it...",[struct nvgpu_as_get_va_regions_args; struct nvgpu_as_va_region],[buf_addr; buf_size; offset; pages]
14,gk20a_as_ioctl_alloc_space,ioctl_operations,Relevant_KD_Entry_Point,100,**AIARelevantFunction Score (0%)**: The function `gk20a_as_ioctl_alloc_space` does not directly involve any operations related to sharing memory with an AI Accelerator (AIA). It primarily focuses o...,struct nvgpu_as_alloc_space_args,None
15,nvmap_ioctl_query_heap_params,ioctl_operations,Relevant_KD_Entry_Point,100,**AIARelevantFunction Score (0)**: The function `nvmap_ioctl_query_heap_params` does not directly interact with an AI Accelerator (AIA) or perform operations related to shared memory management for...,[struct nvmap_query_heap_params],[heap_mask; total; free; largest_free_block]
16,nvgpu_ioctl_tsg_open,ioctl_operations,Relevant_KD_Entry_Point,100,**AIARelevantFunction Score (0%)**: The function `nvgpu_ioctl_tsg_open` does not directly involve any operations related to shared memory (SMem) with an AI Accelerator (AIA). It primarily focuses o...,None,None
17,nvgpu_ioctl_channel_get_user_syncpoint,ioctl_operations,Relevant_KD_Entry_Point,100,**AIARelevantFunction Score (0%)**: The function `nvgpu_ioctl_channel_get_user_syncpoint` does not directly involve sharing memory with an AI Accelerator (AIA). It primarily deals with user synchro...,[struct nvgpu_get_user_syncpoint_args],[gpu_va; syncpoint_id; syncpoint_max]
18,nvgpu_ioctl_channel_alloc_obj_ctx,ioctl_operations,Relevant_KD_Entry_Point,100,**AIARelevantFunction (0%)**: The function `nvgpu_ioctl_channel_alloc_obj_ctx` does not directly interact with shared memory or AI Accelerator (AIA) functionalities. It primarily calls a setup func...,None,None
19,gk20a_channel_open_ioctl,ioctl_operations,Relevant_KD_Entry_Point,100,**AIARelevantFunction Score (0%)**: The function `gk20a_channel_open_ioctl` does not directly involve any operations related to sharing memory with an AI Accelerator (AIA). It primarily handles the...,None,None
20,gk20a_as_ioctl_bind_channel,ioctl_operations,Relevant_KD_Entry_Point,100,**AIARelevantFunction Score (0)**: The function `gk20a_as_ioctl_bind_channel` does not interact with an AI Accelerator (AIA) or shared memory (SMem) directly. It primarily focuses on binding a chan...,None,None
21,nvgpu_ioctl_tsg_dev_ioctl,ioctl_operations,Relevant_KD_Entry_Point,100,**AIARelevantFunction Score (0%)**: The function `nvgpu_ioctl_tsg_dev_ioctl` does not directly interact with an AI Accelerator (AIA) or manage shared memory (SMem) in a way that would qualify it as...,[nvgpu_tsg_bind_channel_ex_args; nvgpu_event_id_ctrl_args; nvgpu_runlist_interleave_args; nvgpu_timeslice_args; nvgpu_tsg_read_single_sm_error_state_args; nvgpu_tsg_l2_max_ways_evict_last_args; nvgpu_tsg_set_l2_sector_promotion_args],[channel_fd; event_id; event_fd; timeslice_us; max_ways; promotion_flag]
22,gk20a_tsg_ioctl_bind_channel_ex,ioctl_operations,Relevant_KD_Entry_Point,100,**AIARelevantFunction Score (0)**: The function `gk20a_tsg_ioctl_bind_channel_ex` does not directly interact with an AI Accelerator (AIA) or manage shared memory (SMem) for an AIA. It primarily han...,[nvgpu_tsg_bind_channel_ex_args],[channel_fd; subcontext_id]
23,nvgpu_gpu_ioctl_set_l2_max_ways_evict_last,ioctl_operations,Relevant_KD_Entry_Point,100,**AIARelevantFunction Score (0%)**: The function `nvgpu_gpu_ioctl_set_l2_max_ways_evict_last` does not involve any operations related to shared memory (SMem) with an AI Accelerator (AIA). It primar...,[struct nvgpu_tsg_l2_max_ways_evict_last_args],[None identified]
24,nvgpu_gpu_ioctl_register_buffer,dma_operations,Relevant_KD_Entry_Point,90,**AIARelevantFunction Score (0)**: The function `nvgpu_gpu_ioctl_register_buffer` does not directly interact with an AI Accelerator (AIA) or manage shared memory (SMem) in a way that would qualify ...,[struct nvgpu_gpu_register_buffer_args],[dmabuf_fd; metadata_addr]
25,nvgpu_gpu_ioctl_register_buffer,dma_operations,Relevant_KD_Entry_Point,90,"**AIARelevantFunction Score (70%)**: The function `nvgpu_gpu_ioctl_register_buffer` interacts with a DMA buffer through the `dma_buf_get` and `dma_buf_put` functions, which are essential for managi...",[struct nvgpu_gpu_register_buffer_args],[dmabuf_fd; metadata_addr; metadata_size]
26,user_copy:gk20a_channel_ioctl,user_copy_operations,Relevant_KD_Entry_Point,90,**AIARelevantFunction Score (80)**: The function `gk20a_channel_ioctl` is involved in managing GPU channels and handles various commands that can include memory allocation and setup for GPU operati...,[nvgpu_alloc_obj_ctx_args; nvgpu_channel_setup_bind_args; nvgpu_alloc_gpfifo_ex_args; nvgpu_set_error_notifier; nvgpu_set_timeout_args; nvgpu_set_timeout_ex_args; nvgpu_get_param_args],[userd_dmabuf_fd; gpfifo_dmabuf_fd; userd_dmabuf_offset; gpfifo_dmabuf_offset; obj_id]
27,user_copy:gk20a_channel_ioctl,user_copy_operations,Relevant_KD_Entry_Point,90,"**AIARelevantFunction Score (80)**: The function `gk20a_channel_ioctl` interacts with various structures that are relevant for managing GPU channels and their operations, including memory allocatio...",[nvgpu_alloc_obj_ctx_args; nvgpu_channel_setup_bind_args; nvgpu_alloc_gpfifo_ex_args; nvgpu_wait_args; nvgpu_set_error_notifier; nvgpu_set_timeout_args; nvgpu_set_timeout_ex_args; nvgpu_get_param_args],[userd_dmabuf_fd; gpfifo_dmabuf_fd; userd_dmabuf_offset; gpfifo_dmabuf_offset; obj_id]
28,user_copy:gk20a_ctrl_dev_ioctl,user_copy_operations,Relevant_KD_Entry_Point,90,**AIARelevantFunction Score (70%)**: The function `gk20a_ctrl_dev_ioctl` interacts with various GPU operations that may involve memory management and data transfer between the CPU and the GPU. It h...,[nvgpu_gpu_zcull_get_ctx_size_args; nvgpu_gpu_zcull_get_info_args; nvgpu_gpu_zbc_set_table_args; nvgpu_gpu_zbc_query_table_args; nvgpu_gpu_get_characteristics; nvgpu_gpu_prepare_compressible_read_args; nvgpu_gpu_mark_compressible_write_args; nvgpu_alloc_as_args; nvgpu_gpu_open_tsg_args; nvgpu_gpu_get_tpc_masks_args; nvgpu_gpu_get_fbp_l2_masks_args; nvgpu_channel_open_args; nvgpu_gpu_l2_fb_args; nvgpu_gpu_mmu_debug_mode_args; nvgpu_gpu_sm_debug_mode_args],[as_fd; handle; gpu_characteristics_buf_addr; gpu_characteristics_buf_size; offset; compbits_hoffset; compbits_voffset; width; height; block_height_log2; submit_flags; zbc_color; reserved; mask_buf_addr; mask_buf_size]
29,user_copy:gk20a_as_dev_ioctl,user_copy_operations,Relevant_KD_Entry_Point,90,**AIARelevantFunction (80)**: The function `gk20a_as_dev_ioctl` interacts with various memory management operations that are relevant to an AI Accelerator (AIA). It handles commands that involve al...,[nvgpu_as_bind_channel_args; nvgpu32_as_alloc_space_args; nvgpu_as_alloc_space_args; nvgpu_as_free_space_args; nvgpu_as_map_buffer_ex_args; nvgpu_as_unmap_buffer_args; nvgpu_as_get_va_regions_args; nvgpu_as_map_buffer_batch_args; nvgpu_as_get_sync_ro_map_args; nvgpu_as_mapping_modify_args; nvgpu_as_remap_args],[channel_fd; offset; pages; page_size; flags; buffer_offset; base_gpuva; sync_size; num_syncpoints]
30,user_copy:gk20a_as_dev_ioctl,user_copy_operations,Relevant_KD_Entry_Point,90,**AIARelevantFunction Score (80)**: The function `gk20a_as_dev_ioctl` interacts with various memory management operations that are relevant for an AI Accelerator (AIA). It handles memory allocation...,[nvgpu_as_alloc_space_args; nvgpu_as_free_space_args; nvgpu_as_map_buffer_ex_args; nvgpu_as_unmap_buffer_args; nvgpu_as_get_va_regions_args; nvgpu_as_map_buffer_batch_args; nvgpu_as_get_sync_ro_map_args; nvgpu_as_mapping_modify_args; nvgpu_as_remap_args],[offset; pages; page_size; buffer_offset; buffer_size; base_gpuva; num_syncpoints; dmabuf_fd]
31,user_copy:gk20a_as_ioctl_get_va_regions,user_copy_operations,Relevant_KD_Entry_Point,90,"**AIARelevantFunction Score (70)**: The function `gk20a_as_ioctl_get_va_regions` is involved in managing virtual address regions for an AI accelerator, specifically through the use of the `nvgpu_as...",[struct nvgpu_as_get_va_regions_args; struct nvgpu_as_va_region],[buf_addr; buf_size; offset; pages]
32,user_copy:nvmap_ioctl_create,user_copy_operations,Relevant_KD_Entry_Point,90,"**AIARelevantFunction Score (70%)**: The function `nvmap_ioctl_create` interacts with memory management and handles DMA buffers, which are relevant for AI Accelerator integration. It creates handle...",[nvmap_create_handle],[handle; fd; size; orig_size]
33,user_copy:nvmap_ioctl_create,user_copy_operations,Relevant_KD_Entry_Point,90,"**AIARelevantFunction Score (70%)**: The function `nvmap_ioctl_create` is involved in creating and managing memory handles for DMA buffers, which is relevant for AI Accelerator integration. It util...",[nvmap_create_handle],[handle; handle64; fd; size; orig_size]
34,user_copy:nvmap_ioctl_alloc,user_copy_operations,Relevant_KD_Entry_Point,90,"**AIARelevantFunction Score (70)**: The function `nvmap_ioctl_alloc` is involved in memory allocation for an AI Accelerator (AIA) context, as it interacts with the `nvmap_handle` structure, which i...",[nvmap_alloc_handle],[handle; size; align; heap_mask]
35,user_copy:nvgpu_gpu_ioctl_register_buffer,user_copy_operations,Relevant_KD_Entry_Point,90,"**AIARelevantFunction Score (80)**: The function `nvgpu_gpu_ioctl_register_buffer` is involved in managing a DMA buffer, which is critical for AI Accelerator integration. It utilizes `dma_buf_get` ...",[struct nvgpu_gpu_register_buffer_args],[dmabuf_fd; metadata_addr; metadata_size]
36,user_copy:nvgpu_ioctl_tsg_dev_ioctl,user_copy_operations,Relevant_KD_Entry_Point,90,"**AIARelevantFunction Score (70)**: The function `nvgpu_ioctl_tsg_dev_ioctl` interacts with various aspects of the GPU's task scheduling and management, which can involve shared memory operations. ...",[nvgpu_tsg_bind_channel_ex_args; nvgpu_timeslice_args; nvgpu_runlist_interleave_args; nvgpu_event_id_ctrl_args; nvgpu_tsg_read_single_sm_error_state_args; nvgpu_tsg_l2_max_ways_evict_last_args; nvgpu_tsg_set_l2_sector_promotion_args],[channel_fd; subcontext_id; sm_id; record_mem; record_size; max_ways; promotion_flag; timeslice_us; level]
37,user_copy:nvmap_ioctl_create_from_va,user_copy_operations,Relevant_KD_Entry_Point,90,"**AIARelevantFunction (80%)**: The function `nvmap_ioctl_create_from_va` is involved in creating a handle from a virtual address, which is a critical operation for managing shared memory with an AI...",[nvmap_create_handle_from_va],[va; size; flags; handle]
38,user_copy:nvmap_ioctl_create_from_va,user_copy_operations,Relevant_KD_Entry_Point,90,"**AIARelevantFunction Score (80)**: The function `nvmap_ioctl_create_from_va` is involved in creating a handle for a virtual address, which is a critical operation for managing shared memory with a...",[nvmap_create_handle_from_va],[va; size; flags; handle]
39,gk20a_channel_ioctl,ioctl_operations,Relevant_KD_Entry_Point,90,**AIARelevantFunction Score (80)**: The function `gk20a_channel_ioctl` is involved in handling various IOCTL commands that are likely related to memory management and operations involving the AI Ac...,[nvgpu_alloc_obj_ctx_args; nvgpu_channel_setup_bind_args; nvgpu_alloc_gpfifo_ex_args; nvgpu_wait_args; nvgpu_set_error_notifier; nvgpu_set_timeout_args; nvgpu_set_timeout_ex_args; nvgpu_get_param_args],[userd_dmabuf_fd; gpfifo_dmabuf_fd; userd_dmabuf_offset; gpfifo_dmabuf_offset; obj_id]
40,gk20a_ioctl_channel_submit_gpfifo,ioctl_operations,Relevant_KD_Entry_Point,90,"**AIARelevantFunction Score (85%)**: The function `gk20a_ioctl_channel_submit_gpfifo` is involved in submitting a GPU FIFO command, which is critical for the interaction between the CPU and the AI ...",[nvgpu_submit_gpfifo_args; nvgpu_channel_fence; nvgpu_user_fence; nvgpu_gpfifo_userdata; nvgpu_gpfifo_entry],[gpfifo (user virtual address); fence.id; fence.value; fence_out.syncpt_id; fence_out.syncpt_value]
41,nvmap_ioctl,ioctl_operations,Relevant_KD_Entry_Point,90,**AIARelevantFunction Score (70)**: The function `nvmap_ioctl` is involved in handling various IOCTL commands that can relate to memory management and operations that may involve an AI Accelerator ...,[struct nvmap_rw_handle; struct nvmap_cache_op; struct nvmap_cache_op_32; struct nvmap_cache_op_64],[addr; handle]
42,gk20a_ctrl_dev_ioctl,ioctl_operations,Relevant_KD_Entry_Point,90,**AIARelevantFunction Score (0)**: The function does not directly involve sharing memory with an AI Accelerator (AIA) or managing DMA buffers. It primarily handles IOCTL commands related to GPU ope...,[nvgpu_gpu_zcull_get_ctx_size_args; nvgpu_gpu_zcull_get_info_args; nvgpu_gpu_get_characteristics; nvgpu_gpu_prepare_compressible_read_args; nvgpu_gpu_mark_compressible_write_args; nvgpu_gpu_open_tsg_args; nvgpu_gpu_get_tpc_masks_args; nvgpu_gpu_get_fbp_l2_masks_args],[as_fd; va_range_start; va_range_end; va_range_split; mask_buf_addr]
43,gk20a_as_dev_ioctl,ioctl_operations,Relevant_KD_Entry_Point,90,**AIARelevantFunction Score (80)**: The function `gk20a_as_dev_ioctl` interacts with various memory management operations that are relevant to the AI Accelerator (AIA). It handles commands that inv...,[nvgpu_as_bind_channel_args; nvgpu32_as_alloc_space_args; nvgpu_as_alloc_space_args; nvgpu_as_free_space_args; nvgpu_as_map_buffer_ex_args; nvgpu_as_unmap_buffer_args; nvgpu_as_get_va_regions_args; nvgpu_as_map_buffer_batch_args; nvgpu_as_get_sync_ro_map_args; nvgpu_as_mapping_modify_args; nvgpu_as_remap_args],[channel_fd; pages; page_size; flags; buffer_offset; buffer_size; offset; base_gpuva; sync_size; num_syncpoints]
44,nvmap_ioctl_create,ioctl_operations,Relevant_KD_Entry_Point,90,**AIARelevantFunction Score (70)**: The function `nvmap_ioctl_create` is involved in creating a handle for a memory buffer that can be shared with an AI Accelerator (AIA). It interacts with DMA buf...,[nvmap_create_handle],[handle; handle64; fd; size; orig_size; vaddr; dma_buf; dma_buf_ro]
45,nvmap_ioctl_alloc,ioctl_operations,Relevant_KD_Entry_Point,90,"**AIARelevantFunction (70%)**: The function `nvmap_ioctl_alloc` is involved in memory allocation for a client, which is relevant for AI Accelerator integration as it deals with memory management. T...",[nvmap_alloc_handle],[handle; heap_mask; flags; align]
46,nvgpu_gpu_ioctl_register_buffer,ioctl_operations,Relevant_KD_Entry_Point,90,"**AIARelevantFunction Score (70)**: The function `nvgpu_gpu_ioctl_register_buffer` interacts with a DMA buffer, which is relevant for AI Accelerator integration. It uses `dma_buf_get` to retrieve a...",[struct nvgpu_gpu_register_buffer_args],[dmabuf_fd; metadata_addr; metadata_size; flags]
47,gk20a_as_ioctl_map_buffer_ex,ioctl_operations,Relevant_KD_Entry_Point,90,**AIARelevantFunction Score (80)**: The function `gk20a_as_ioctl_map_buffer_ex` is involved in mapping a buffer for an AI Accelerator (AIA) by utilizing the `nvgpu_vm_map_buffer` function. This fun...,[nvgpu_as_map_buffer_ex_args],[dmabuf_fd; buffer_offset; mapping_size]
48,nvmap_ioctl_create_from_va,ioctl_operations,Relevant_KD_Entry_Point,90,"**AIARelevantFunction Score (70)**: The function `nvmap_ioctl_create_from_va` is involved in creating a handle from a virtual address, which is relevant for memory management in the context of an A...",[nvmap_create_handle_from_va],[handle; va; size; flags; fd]
49,gk20a_init_error_notifier,dma_operations,Relevant_KD_Entry_Point,80,**AIARelevantFunction Score (0)**: The function `gk20a_init_error_notifier` does not directly interact with an AI Accelerator (AIA) or manage shared memory (SMem) in a way that would qualify it as ...,[struct nvgpu_set_error_notifier; struct nvgpu_notification],[mem (memory handle); offset; size]
50,gk20a_init_error_notifier,dma_operations,Relevant_KD_Entry_Point,80,"**AIARelevantFunction Score (70)**: The function `gk20a_init_error_notifier` interacts with the `dma_buf` structure, which is relevant for memory management in the context of AI accelerators. It re...",[struct nvgpu_set_error_notifier; struct nvgpu_notification; struct dma_buf],[args->mem; dmabuf->size; va; priv->error_notifier.notification; priv->error_notifier.vaddr]
51,nvmap_ioctl_free,dma_operations,Relevant_KD_Entry_Point,80,**AIARelevantFunction (0%)**: The function `nvmap_ioctl_free` does not directly involve any operations that relate to sharing memory with an AI Accelerator (AIA). It primarily deals with freeing a ...,[None identified],[None identified]
52,nvmap_ioctl_free,dma_operations,Relevant_KD_Entry_Point,80,**AIARelevantFunction Score (0%)**: The function `nvmap_ioctl_free` does not directly interact with an AI Accelerator (AIA) or manage shared memory between the CPU and an AIA. It primarily deals wi...,[struct nvmap_client; struct dma_buf],[file descriptor (fd); dma_buf]
53,user_copy:nvgpu_gpu_clk_get_range,user_copy_operations,Relevant_KD_Entry_Point,80,**AIARelevantFunction (0%)**: The function `nvgpu_gpu_clk_get_range` does not interact with an AI Accelerator (AIA) directly. It primarily deals with GPU clock ranges and does not involve memory ma...,[struct nvgpu_gpu_clk_range_args; struct nvgpu_gpu_clk_range],[clk_range_entries; min_hz; max_hz]
54,user_copy:nvgpu_gpu_clk_get_info,user_copy_operations,Relevant_KD_Entry_Point,80,**AIARelevantFunction Score (0)**: The function `nvgpu_gpu_clk_get_info` does not directly interact with an AI Accelerator (AIA) or manage shared memory (SMem) in a way that would qualify it as an ...,[struct nvgpu_gpu_clk_get_info_args; struct nvgpu_gpu_clk_info],[clk_info_entries]
55,user_copy:nvmap_install_fd,user_copy_operations,Relevant_KD_Entry_Point,80,"**AIARelevantFunction Score (70)**: The function `nvmap_install_fd` interacts with a `dma_buf`, which is a critical structure for managing shared memory between the CPU and an AI Accelerator (AIA)....",[nvmap_handle_info; dma_buf],[file descriptor (fd); dma_buf; nvmap_handle]
56,nvmap_ioctl_get_available_heaps,ioctl_operations,Relevant_KD_Entry_Point,80,"**AIARelevantFunction (0%)**: The function `nvmap_ioctl_get_available_heaps` does not directly interact with an AI Accelerator (AIA) or perform operations related to shared memory management, DMA, ...",[struct nvmap_available_heaps],[None identified]
57,nvgpu_ctrl_ioctl_gpu_characteristics_flags,ioctl_operations,Relevant_KD_Entry_Point,80,**AIARelevantFunction Score (0%)**: The function `nvgpu_ctrl_ioctl_gpu_characteristics_flags` does not interact with shared memory or perform any operations that would typically be associated with ...,None,None
58,nvgpu_as_ioctl_get_sync_ro_map,ioctl_operations,Relevant_KD_Entry_Point,80,**AIARelevantFunction Score (70)**: The function `nvgpu_as_ioctl_get_sync_ro_map` interacts with the GPU's synchronization points and retrieves a mapping of read-only memory addresses. It utilizes ...,[struct nvgpu_as_get_sync_ro_map_args],[base_gpuva; sync_size; num_syncpoints]
59,nvmap_ioctl_getfd,ioctl_operations,Relevant_KD_Entry_Point,80,**AIARelevantFunction Score (0)**: The function `nvmap_ioctl_getfd` does not directly interact with an AI Accelerator (AIA) or manage shared memory (SMem) in a way that would typically be associate...,[nvmap_create_handle],[handle; fd]
60,nvmap_ioctl_free,ioctl_operations,Relevant_KD_Entry_Point,80,**AIARelevantFunction Score (0%)**: The function `nvmap_ioctl_free` does not directly involve any operations that relate to sharing memory with an AI Accelerator (AIA). It primarily deals with free...,[None identified],[None identified]
61,drivers/video/tegra/nvmap/nvmap_dmabuf.c:_nvmap_dmabuf_map_dma_buf,functions_by_file,Relevant_KD_Entry_Point,70,"**AIARelevantFunction Score (85%)**: The function `_nvmap_dmabuf_map_dma_buf` is responsible for mapping a DMA buffer to a device, which is a critical operation for enabling an AI Accelerator (AIA)...",[struct dma_buf_attachment; struct nvmap_handle_info; struct sg_table; struct dma_buf],[dma_buf; dma_buf_attachment; nvmap_handle; sg_table]
62,nvmap_handle_get_from_id,dma_operations,Relevant_KD_Entry_Point,70,"**AIARelevantFunction Score (60%)**: The function `nvmap_handle_get_from_id` interacts with DMA buffers, which are crucial for memory management in AI Accelerator contexts. It uses `dma_buf_get` an...",[struct nvmap_handle_info; struct nvmap_handle; struct dma_buf],[dma_buf*; nvmap_handle*; nvmap_client*; u32 id]
63,nvmap_handle_get_from_id,dma_operations,Relevant_KD_Entry_Point,70,"**AIARelevantFunction Score (60)**: The function `nvmap_handle_get_from_id` interacts with DMA buffers, which are crucial for memory management in AI Accelerator contexts. It uses `dma_buf_get` and...",[struct nvmap_handle_info; struct dma_buf],[dma_buf*; nvmap_handle*; nvmap_client*; u32 id]
64,nvgpu_vm_map_buffer,dma_operations,Relevant_KD_Entry_Point,70,"**AIARelevantFunction Score (80)**: The function `nvgpu_vm_map_buffer` is involved in mapping a DMA buffer, which is a critical operation for sharing memory between the CPU and an AI Accelerator (A...",[struct vm_gk20a_mapping_batch; struct dma_buf],[buffer_offset; *map_addr; dmabuf->size; dmabuf->file]
65,nvgpu_vm_map_buffer,dma_operations,Relevant_KD_Entry_Point,70,"**AIARelevantFunction Score (80)**: The function `nvgpu_vm_map_buffer` is involved in mapping a DMA buffer to a virtual address space, which is crucial for enabling the AI Accelerator (AIA) to acce...",[vm_gk20a_mapping_batch],[buffer_offset; mapping_size; dmabuf->size; *map_addr]
66,nvgpu_vm_map_buffer,dma_operations,Relevant_KD_Entry_Point,70,"**AIARelevantFunction Score (80)**: The function `nvgpu_vm_map_buffer` is involved in mapping a DMA buffer to a virtual address space, which is critical for enabling the AI Accelerator (AIA) to acc...",[vm_gk20a_mapping_batch],[buffer_offset; mapping_size; *map_addr; dmabuf->size]
67,nvgpu_vm_map_buffer,dma_operations,Relevant_KD_Entry_Point,70,"**AIARelevantFunction Score (80)**: The function `nvgpu_vm_map_buffer` is involved in mapping a DMA buffer to a virtual address space, which is critical for enabling an AI Accelerator (AIA) to acce...",[vm_gk20a_mapping_batch],[buffer_offset; mapping_size; dmabuf->size; *map_addr]
68,nvgpu_vm_map_buffer,dma_operations,Relevant_KD_Entry_Point,70,"**AIARelevantFunction Score (80)**: The function `nvgpu_vm_map_buffer` is involved in mapping a DMA buffer to a virtual memory address space, which is critical for enabling an AI Accelerator (AIA) ...",[vm_gk20a_mapping_batch],[dma_buf; buffer_offset; mapping_size; *map_addr]
69,nvgpu_mm_pin,dma_operations,Relevant_KD_Entry_Point,70,"**AIARelevantFunction Score (90)**: The function `nvgpu_mm_pin` is highly relevant to the integration with an AI Accelerator (AIA) as it deals with pinning a DMA buffer to memory, which is crucial ...",[struct dma_buf; struct dma_buf_attachment; struct sg_table],[dma_address; usermode_regs_bus_addr; userd_iova]
70,nvgpu_mm_pin,dma_operations,Relevant_KD_Entry_Point,70,"**AIARelevantFunction Score (80)**: The function `nvgpu_mm_pin` is involved in managing DMA buffers, which is critical for AI Accelerator integration. It uses `dma_buf_attach` and `dma_buf_map_atta...",[struct dma_buf; struct dma_buf_attachment],[size; file; attachments; sg_table; dev; dma_buf; dma_buf_attachment]
71,drivers/gpu/nvgpu/os/linux/linux-dma.c:nvgpu_dma_alloc_flags_sys,functions_by_file,Relevant_KD_Entry_Point,60,"**AIARelevantFunction Score (80)**: The function `nvgpu_dma_alloc_flags_sys` is involved in memory allocation for DMA operations, which is critical for AI Accelerator integration. It utilizes `dma_...",[nvgpu_mem; sg_table],[gpu_va; cpu_va; size; aligned_size]
72,__dma_buf_export,dma_operations,Relevant_KD_Entry_Point,60,"**AIARelevantFunction Score (80)**: The function `__dma_buf_export` is involved in preparing a `dma_buf` for export, which is crucial for sharing memory with an AI Accelerator (AIA). It utilizes th...",[dma_buf_export_info],[phys_addr_t; size_t; dma_buf*; void*]
73,nvmap_handle_get_from_id,dma_operations,Relevant_KD_Entry_Point,60,"**AIARelevantFunction Score (70)**: The function `nvmap_handle_get_from_id` interacts with DMA buffers through the `dma_buf` structure, which is crucial for memory management in the context of AI a...",[struct nvmap_handle_info; struct nvmap_handle; struct dma_buf],[dma_buf; nvmap_handle; nvmap_client; file descriptor]
74,nvmap_handle_get_from_id,dma_operations,Relevant_KD_Entry_Point,60,"**AIARelevantFunction Score (70)**: The function `nvmap_handle_get_from_id` interacts with DMA buffers through the `dma_buf` structure, which is crucial for memory management in AI Accelerator cont...",[struct nvmap_handle_info; struct nvmap_handle; struct dma_buf],[dma_buf; nvmap_handle; nvmap_client]
75,nvgpu_vm_map_buffer,dma_operations,Relevant_KD_Entry_Point,60,"**AIARelevantFunction Score (80)**: The function `nvgpu_vm_map_buffer` is involved in mapping a DMA buffer to a virtual address space, which is critical for enabling an AI Accelerator (AIA) to acce...",[vm_gk20a_mapping_batch],[dma_buf; buffer_offset; mapping_size; *map_addr]
76,nvgpu_vm_map_buffer,dma_operations,Relevant_KD_Entry_Point,60,"**AIARelevantFunction Score (80)**: The function `nvgpu_vm_map_buffer` is involved in mapping a DMA buffer to a virtual address space, which is critical for enabling the AI Accelerator (AIA) to acc...",[vm_gk20a_mapping_batch],[dma_buf_fd; buffer_offset; mapping_size; *map_addr]
77,nvgpu_mm_pin,dma_operations,Relevant_KD_Entry_Point,60,"**AIARelevantFunction Score (80)**: The function `nvgpu_mm_pin` is involved in managing DMA buffers, which is critical for AI Accelerator (AIA) integration. It uses `dma_buf_attach` and `dma_buf_ma...",[struct dma_buf; struct dma_buf_attachment],[size (from struct dma_buf); file (from struct dma_buf); sg_table (from struct dma_buf_attachment)]
78,drivers/video/tegra/nvmap/nvmap_dmabuf.c:nvmap_dmabuf_mmap,functions_by_file,Relevant_KD_Entry_Point,30,"**AIARelevantFunction Score (70)**: The function `nvmap_dmabuf_mmap` is involved in memory mapping a DMA buffer, which is relevant for AI Accelerator integration. The function retrieves a handle fr...",None,None
79,drivers/gpu/nvgpu/os/linux/linux-dma.c:nvgpu_iommuable,functions_by_file,Relevant_KD_Entry_Point,0,**AIARelevantFunction Score (0%)**: The function `nvgpu_iommuable` does not involve any operations related to shared memory management or interactions with an AI Accelerator (AIA). It primarily che...,None,None
80,drivers/gpu/nvgpu/os/linux/linux-dma.c:nvgpu_dma_free_sys,functions_by_file,Relevant_KD_Entry_Point,0,"**AIARelevantFunction Score (20)**: The function `nvgpu_dma_free_sys` primarily deals with freeing DMA memory allocated for the GPU. While it does interact with memory management, it does not direc...",[nvgpu_mem; sg_table],[gpu_va; cpu_va; aligned_size; size; dma_address]
81,drivers/gpu/nvgpu/os/linux/linux-dma.c:nvgpu_dma_free_no_iommu,functions_by_file,Relevant_KD_Entry_Point,0,**AIARelevantFunction Score (0)**: The function `nvgpu_dma_free_no_iommu` is primarily focused on freeing DMA memory allocated without IOMMU support. It does not involve any operations related to s...,None,None
82,drivers/gpu/nvgpu/os/linux/linux-dma.c:nvgpu_free_sgtable,functions_by_file,Relevant_KD_Entry_Point,0,**AIARelevantFunction Score (0%)**: The function `nvgpu_free_sgtable` does not interact with any AI Accelerator (AIA) relevant functions or memory management patterns that would typically involve s...,None,None
83,drivers/gpu/nvgpu/os/linux/linux-dma.c:nvgpu_dma_flags_to_attrs,functions_by_file,Relevant_KD_Entry_Point,0,**AIARelevantFunction Score (0)**: The function `nvgpu_dma_flags_to_attrs` does not interact with shared memory or AI Accelerator (AIA) specific operations. It primarily converts DMA flags to attri...,None,None
84,drivers/gpu/nvgpu/os/linux/linux-dma.c:nvgpu_dma_alloc_no_iommu,functions_by_file,Relevant_KD_Entry_Point,0,"**AIARelevantFunction Score (70%)**: The function `nvgpu_dma_alloc_no_iommu` is involved in memory allocation that could be relevant for an AI Accelerator (AIA) context, particularly in the way it ...",None,None
85,drivers/gpu/nvgpu/os/linux/linux-dma.c:nvgpu_get_sgtable_from_pages,functions_by_file,Relevant_KD_Entry_Point,0,**AIARelevantFunction Score (70)**: The function `nvgpu_get_sgtable_from_pages` is involved in managing memory for an AI Accelerator (AIA) by creating a scatter-gather table (`sg_table`) from user ...,[sg_table; scatterlist],[dma_address; iova]
86,drivers/gpu/nvgpu/os/linux/platform_gk20a_tegra.c:gk20a_tegra_idle,functions_by_file,Relevant_KD_Entry_Point,0,"**AIARelevantFunction Score (0%)**: The function `gk20a_tegra_idle` does not involve any operations related to shared memory management, DMA, or memory mapping that would typically be associated wi...",None,None
87,drivers/gpu/nvgpu/os/linux/platform_gk20a_tegra.c:gk20a_tegra_busy,functions_by_file,Relevant_KD_Entry_Point,0,**AIARelevantFunction Score (0%)**: The function `gk20a_tegra_busy` does not interact with shared memory or perform any operations that would typically be associated with AI Accelerator integration...,None,None
88,drivers/video/tegra/nvmap/nvmap_dmabuf.c:dmabuf_is_nvmap,functions_by_file,Relevant_KD_Entry_Point,0,**AIARelevantFunction Score (0%)**: The function `dmabuf_is_nvmap` does not involve any operations related to shared memory management or interactions with an AI Accelerator (AIA). It simply checks...,None,None
89,drivers/video/tegra/nvmap/nvmap_dmabuf.c:nvmap_get_dmabuf_fd,functions_by_file,Relevant_KD_Entry_Point,0,**AIARelevantFunction Score (0%)**: The function `nvmap_get_dmabuf_fd` does not directly involve operations related to sharing memory with an AI Accelerator (AIA). It primarily deals with obtaining...,None,None
90,drivers/video/tegra/nvmap/nvmap_dmabuf.c:nvmap_dmabuf_attach,functions_by_file,Relevant_KD_Entry_Point,0,**AIARelevantFunction Score (0%)**: The function `nvmap_dmabuf_attach` does not directly involve any operations related to sharing memory with an AI Accelerator (AIA). It simply calls another funct...,None,None
91,drivers/video/tegra/nvmap/nvmap_dmabuf.c:nvmap_dmabuf_vmap,functions_by_file,Relevant_KD_Entry_Point,0,**AIARelevantFunction Score (0)**: The function `nvmap_dmabuf_vmap` does not interact with an AI Accelerator (AIA) or shared memory management relevant to AIA operations. It primarily deals with a ...,None,None
92,drivers/video/tegra/nvmap/nvmap_dmabuf.c:_nvmap_dmabuf_unmap_dma_buf,functions_by_file,Relevant_KD_Entry_Point,0,**AIARelevantFunction Score (0)**: The function `_nvmap_dmabuf_unmap_dma_buf` does not directly involve sharing shared memory with an AI Accelerator (AIA). It primarily focuses on unmapping a DMA b...,None,None
93,drivers/video/tegra/nvmap/nvmap_dmabuf.c:nvmap_dmabuf_get_drv_data,functions_by_file,Relevant_KD_Entry_Point,0,**AIARelevantFunction Score (0)**: The function `nvmap_dmabuf_get_drv_data` does not interact with an AI Accelerator (AIA) or manage shared memory (SMem) in a way that is relevant to AIA operations...,None,None
94,drivers/video/tegra/nvmap/nvmap_dmabuf.c:nvmap_dmabuf_detach,functions_by_file,Relevant_KD_Entry_Point,0,**AIARelevantFunction Score (0)**: The function `nvmap_dmabuf_detach` does not involve any operations related to sharing memory with an AI Accelerator (AIA). It primarily deals with detaching a DMA...,None,None
95,drivers/video/tegra/nvmap/nvmap_dmabuf.c:nvmap_dmabuf_release,functions_by_file,Relevant_KD_Entry_Point,0,**AIARelevantFunction Score (0)**: The function `nvmap_dmabuf_release` does not involve any operations related to sharing memory with an AI Accelerator (AIA). It primarily deals with releasing a DM...,None,None
96,drivers/video/tegra/nvmap/nvmap_dmabuf.c:nvmap_dmabuf_vunmap,functions_by_file,Relevant_KD_Entry_Point,0,**AIARelevantFunction Score (0)**: The function `nvmap_dmabuf_vunmap` does not involve any operations that directly relate to sharing memory with an AI Accelerator (AIA). It primarily deals with un...,None,None
97,drivers/video/tegra/nvmap/nvmap_alloc.c:nvmap_alloc_handle,functions_by_file,Relevant_KD_Entry_Point,0,**AIARelevantFunction Score (0)**: The function `nvmap_alloc_handle` does not interact with an AI Accelerator (AIA) or shared memory (SMem) in a manner that would qualify it as relevant for AIA ope...,None,None
98,drivers/video/tegra/nvmap/nvmap_alloc.c:alloc_handle,functions_by_file,Relevant_KD_Entry_Point,0,**AIARelevantFunction Score (0%)**: The function `alloc_handle` does not directly involve any operations related to sharing memory with an AI Accelerator (AIA). It primarily focuses on allocating m...,None,None
99,drivers/video/tegra/nvmap/nvmap_alloc.c:handle_page_alloc,functions_by_file,Relevant_KD_Entry_Point,0,"**AIARelevantFunction Score (70)**: The function `handle_page_alloc` is involved in memory allocation, which is critical for managing shared memory between the CPU and an AI Accelerator (AIA). It a...",[nvmap_handle],[size; vaddr; pages]
100,drivers/video/tegra/nvmap/nvmap_alloc.c:nvmap_altalloc,functions_by_file,Relevant_KD_Entry_Point,0,**AIARelevantFunction Score (0)**: The function `nvmap_altalloc` does not interact with an AI Accelerator (AIA) or perform any operations related to shared memory management that would be relevant ...,None,None
101,drivers/video/tegra/nvmap/nvmap_alloc.c:nvmap_alloc_pages_exact,functions_by_file,Relevant_KD_Entry_Point,0,"**AIARelevantFunction Score (0)**: The function `nvmap_alloc_pages_exact` is primarily focused on memory allocation using the `alloc_pages` function, which is part of the Linux kernel's memory mana...",None,None
102,drivers/video/tegra/nvmap/nvmap_alloc.c:is_nvmap_id_ro,functions_by_file,Relevant_KD_Entry_Point,0,**AIARelevantFunction Score (0%)**: The function `is_nvmap_id_ro` does not involve any operations related to sharing memory with an AI Accelerator (AIA). It primarily checks if a given NVMAP ID is ...,None,None
103,drivers/video/tegra/nvmap/nvmap_alloc.c:nvmap_altfree,functions_by_file,Relevant_KD_Entry_Point,0,**AIARelevantFunction Score (0)**: The function `nvmap_altfree` does not interact with any AI Accelerator (AIA) relevant operations. It is primarily concerned with freeing memory allocated to a poi...,None,None
104,drivers/video/tegra/nvmap/nvmap_alloc.c:nvmap_alloc_handle_from_va,functions_by_file,Relevant_KD_Entry_Point,0,**AIARelevantFunction Score (0)**: The function `nvmap_alloc_handle_from_va` does not involve any operations that directly relate to sharing memory with an AI Accelerator (AIA). It primarily focuse...,None,None
105,drivers/video/tegra/nvmap/nvmap_alloc.c:alloc_handle_from_va,functions_by_file,Relevant_KD_Entry_Point,0,**AIARelevantFunction Score (80)**: The function `alloc_handle_from_va` is involved in memory management that is relevant to AI Accelerator integration. It pins user pages to memory using `nvmap_ge...,None,vaddr; size; flags
106,drivers/video/tegra/nvmap/nvmap_alloc.c:nvmap_free_handle_from_fd,functions_by_file,Relevant_KD_Entry_Point,0,**AIARelevantFunction Score (0)**: The function `nvmap_free_handle_from_fd` does not interact with an AI Accelerator (AIA) or shared memory management relevant to AIA operations. It primarily deals...,None,None
107,drivers/video/tegra/nvmap/nvmap_alloc.c:nvmap_free_handle,functions_by_file,Relevant_KD_Entry_Point,0,**AIARelevantFunction Score (0)**: The function `nvmap_free_handle` does not interact with an AI Accelerator (AIA) or shared memory management relevant to AIA. It primarily deals with freeing a han...,None,None
108,drivers/video/tegra/nvmap/nvmap_alloc.c:_nvmap_handle_free,functions_by_file,Relevant_KD_Entry_Point,0,**AIARelevantFunction Score (0%)**: The function `_nvmap_handle_free` does not involve any operations related to sharing memory with an AI Accelerator (AIA). It primarily deals with freeing resourc...,None,None
109,drivers/video/tegra/nvmap/nvmap_alloc.c:nvmap_heap_pgfree,functions_by_file,Relevant_KD_Entry_Point,0,**AIARelevantFunction Score (0%)**: The function `nvmap_heap_pgfree` does not involve any operations related to sharing memory with an AI Accelerator (AIA). It primarily deals with freeing DMA memo...,None,None
110,drivers/video/tegra/nvmap/nvmap_alloc.c:nvmap_heap_pgalloc_dev,functions_by_file,Relevant_KD_Entry_Point,0,**AIARelevantFunction Score (0%)**: The function `nvmap_heap_pgalloc_dev` does not interact with any AI Accelerator (AIA) relevant memory management functions or patterns. It does not involve pinni...,None,None
111,nvgpu_dma_free_sys,dma_operations,Relevant_KD_Entry_Point,0,**AIARelevantFunction Score (20)**: The function `nvgpu_dma_free_sys` primarily deals with freeing DMA memory allocated for the GPU. While it does manage memory that could be relevant for an AI Acc...,[nvgpu_mem; sg_table],[gpu_va; aligned_size; size; dma_address]
112,is_nvmap_id_ro,dma_operations,Relevant_KD_Entry_Point,0,**AIARelevantFunction Score (0%)**: The function `is_nvmap_id_ro` does not interact with an AI Accelerator (AIA) or shared memory (SMem) directly. It primarily deals with `nvmap_client` and `dma_bu...,None,None
113,nvmap_get_dmabuf_fd,dma_operations,Relevant_KD_Entry_Point,0,**AIARelevantFunction Score (0%)**: The function `nvmap_get_dmabuf_fd` does not directly involve operations that share memory with an AI Accelerator (AIA). It primarily deals with exporting a DMA b...,None,None
114,nvgpu_usermode_buf_from_dmabuf,dma_operations,Relevant_KD_Entry_Point,0,"**AIARelevantFunction Score (80)**: The function `nvgpu_usermode_buf_from_dmabuf` is involved in managing DMA buffers, which is critical for sharing memory with an AI Accelerator (AIA). It uses `dm...",[struct nvgpu_usermode_buf_linux; struct nvgpu_mem],[dmabuf->size; mem->gpu_va; mem->size; attachment->sgt]
115,gk20a_channel_free_error_notifiers,dma_operations,Relevant_KD_Entry_Point,0,**AIARelevantFunction Score (0)**: The function `gk20a_channel_free_error_notifiers` does not interact with any AI Accelerator (AIA) relevant functions or memory management patterns that would typi...,None,None
116,gk20a_init_error_notifier,dma_operations,Relevant_KD_Entry_Point,0,"**AIARelevantFunction Score (0)**: The function `gk20a_init_error_notifier` does not directly interact with an AI Accelerator (AIA) or manage shared memory between the CPU and AIA. Instead, it focu...",[struct nvgpu_set_error_notifier; struct nvgpu_notification],[args->mem; priv->error_notifier.notification; priv->error_notifier.vaddr]
117,nvgpu_mm_unpin,dma_operations,Relevant_KD_Entry_Point,0,**AIARelevantFunction Score (0%)**: The function `nvgpu_mm_unpin` does not involve any operations that directly relate to sharing memory with an AI Accelerator (AIA). It primarily deals with unpinn...,None,None
118,nvgpu_mm_unpin,dma_operations,Relevant_KD_Entry_Point,0,**AIARelevantFunction Score (0)**: The function `nvgpu_mm_unpin` does not involve any operations that directly relate to sharing memory with an AI Accelerator (AIA). It primarily deals with unmappi...,None,None
119,nvgpu_vm_unmap_system,dma_operations,Relevant_KD_Entry_Point,0,**AIARelevantFunction Score (0%)**: The function `nvgpu_vm_unmap_system` does not involve any operations that directly relate to sharing memory with an AI Accelerator (AIA). It primarily deals with...,None,None
120,nvmap_free_handle,dma_operations,Relevant_KD_Entry_Point,0,**AIARelevantFunction Score (0)**: The function `nvmap_free_handle` does not interact with an AI Accelerator (AIA) or shared memory management relevant to AIA operations. It primarily deals with fr...,None,None
121,nvmap_free_handle,dma_operations,Relevant_KD_Entry_Point,0,**AIARelevantFunction Score (0%)**: The function `nvmap_free_handle` does not interact with an AI Accelerator (AIA) or shared memory (SMem) directly. It primarily deals with freeing a handle associ...,None,None
122,destroy_client,dma_operations,Relevant_KD_Entry_Point,0,**AIARelevantFunction Score (0%)**: The `destroy_client` function does not involve any operations related to shared memory (SMem) with an AI Accelerator (AIA). It primarily focuses on cleaning up r...,None,None
123,destroy_client,dma_operations,Relevant_KD_Entry_Point,0,"**AIARelevantFunction Score (0)**: The function `destroy_client` does not interact with any AI Accelerator (AIA) relevant operations. It primarily deals with the destruction of a client object, man...",None,None
124,nvgpu_os_channel_free_usermode_buffers,dma_operations,Relevant_KD_Entry_Point,0,"**AIARelevantFunction Score (70)**: The function `nvgpu_os_channel_free_usermode_buffers` is responsible for freeing user-mode buffers associated with a GPU channel. It interacts with DMA buffers, ...",[nvgpu_usermode_buf_linux; gpfifo_desc],[dma_buf; usermode_userd; usermode_gpfifo]
125,nvgpu_os_channel_free_usermode_buffers,dma_operations,Relevant_KD_Entry_Point,0,**AIARelevantFunction Score (0%)**: The function `nvgpu_os_channel_free_usermode_buffers` does not involve any operations that directly relate to sharing memory with an AI Accelerator (AIA). The fu...,None,None
126,user_copy:nvgpu_channel_copy_user_gpfifo,user_copy_operations,Relevant_KD_Entry_Point,0,**AIARelevantFunction Score (0)**: The function `nvgpu_channel_copy_user_gpfifo` does not directly interact with an AI Accelerator (AIA) or perform operations related to shared memory management fo...,[struct nvgpu_gpfifo_userdata; struct nvgpu_gpfifo_entry],[entries (pointer to nvgpu_gpfifo_entry)]
127,user_copy:gk20a_power_write,user_copy_operations,Relevant_KD_Entry_Point,0,**AIARelevantFunction Score (0%)**: The function `gk20a_power_write` does not interact with an AI Accelerator (AIA) or shared memory (SMem) management. It primarily handles power state changes for ...,None,None
128,user_copy:gk20a_ctrl_get_fbp_l2_masks,user_copy_operations,Relevant_KD_Entry_Point,0,"**AIARelevantFunction Score (0)**: The function `gk20a_ctrl_get_fbp_l2_masks` does not interact with an AI Accelerator (AIA) or perform any operations related to shared memory management, DMA, or m...",[struct nvgpu_gpu_get_fbp_l2_masks_args],[mask_buf_addr]
129,user_copy:gk20a_ctrl_vsm_mapping,user_copy_operations,Relevant_KD_Entry_Point,0,**AIARelevantFunction Score (0)**: The function `gk20a_ctrl_vsm_mapping` does not directly interact with an AI Accelerator (AIA) or perform operations related to shared memory management for an AIA...,[struct nvgpu_gpu_vsms_mapping],[vsms_map_buf_addr]
130,user_copy:nvgpu_gpu_get_engine_info,user_copy_operations,Relevant_KD_Entry_Point,0,"**AIARelevantFunction Score (0)**: The function `nvgpu_gpu_get_engine_info` does not interact with an AI Accelerator (AIA) or perform any operations related to shared memory management, DMA, or mem...",[struct nvgpu_gpu_get_engine_info_args; struct nvgpu_gpu_get_engine_info_item],[engine_info_buf_addr]
131,gk20a_dbg_gpu_dev_release,ioctl_operations,Relevant_KD_Entry_Point,0,**AIARelevantFunction Score (0%)**: The function `gk20a_dbg_gpu_dev_release` does not interact with an AI Accelerator (AIA) or shared memory management relevant to AIA operations. It primarily deal...,None,None
132,gk20a_ctrl_dev_release,ioctl_operations,Relevant_KD_Entry_Point,0,**AIARelevantFunction Score (0%)**: The function `gk20a_ctrl_dev_release` does not perform any operations related to shared memory management or interactions with an AI Accelerator (AIA). It primar...,None,None
133,nvmap_open,ioctl_operations,Relevant_KD_Entry_Point,0,**AIARelevantFunction Score (0)**: The `nvmap_open` function does not involve any operations related to shared memory (SMem) with an AI Accelerator (AIA). It primarily handles the opening of a devi...,None,None
134,gk20a_power_open,ioctl_operations,Relevant_KD_Entry_Point,0,**AIARelevantFunction Score (0%)**: The function `gk20a_power_open` does not involve any operations related to shared memory (SMem) with an AI Accelerator (AIA). It primarily deals with opening a d...,None,None
135,gk20a_power_release,ioctl_operations,Relevant_KD_Entry_Point,0,**AIARelevantFunction Score (0%)**: The function `gk20a_power_release` does not involve any operations related to shared memory (SMem) with an AI Accelerator (AIA). It primarily handles the release...,None,None
136,nvgpu_get_ioctl_graphics_preempt_mode_flags,ioctl_operations,Relevant_KD_Entry_Point,0,**AIARelevantFunction Score (0)**: The function `nvgpu_get_ioctl_graphics_preempt_mode_flags` does not interact with shared memory or perform any operations related to AI Accelerator integration. I...,None,None
137,nvgpu_get_ioctl_compute_preempt_mode_flags,ioctl_operations,Relevant_KD_Entry_Point,0,**AIARelevantFunction Score (0)**: The function `nvgpu_get_ioctl_compute_preempt_mode_flags` does not interact with shared memory or AI Accelerator (AIA) specific operations. It primarily processes...,None,None
138,nvgpu_get_ioctl_graphics_preempt_mode,ioctl_operations,Relevant_KD_Entry_Point,0,**AIARelevantFunction Score (0)**: The function `nvgpu_get_ioctl_graphics_preempt_mode` does not involve any operations related to shared memory (SMem) with an AI Accelerator (AIA). It simply handl...,None,None
139,nvgpu_get_ioctl_compute_preempt_mode,ioctl_operations,Relevant_KD_Entry_Point,0,**AIARelevantFunction Score (0)**: The function `nvgpu_get_ioctl_compute_preempt_mode` does not involve any operations related to shared memory (SMem) with an AI Accelerator (AIA). It simply transl...,None,None
140,gk20a_as_ioctl_unmap_buffer,ioctl_operations,Relevant_KD_Entry_Point,0,**AIARelevantFunction Score (0%)**: The function `gk20a_as_ioctl_unmap_buffer` does not involve any operations that directly relate to sharing memory with an AI Accelerator (AIA). It primarily hand...,None,None
141,nvmap_release,ioctl_operations,Relevant_KD_Entry_Point,0,**AIARelevantFunction Score (0%)**: The `nvmap_release` function does not involve any operations related to sharing memory with an AI Accelerator (AIA). It primarily handles the release of a client...,None,None
142,gk20a_event_id_release,ioctl_operations,Relevant_KD_Entry_Point,0,**AIARelevantFunction Score (0%)**: The function `gk20a_event_id_release` does not interact with shared memory or AI Accelerator (AIA) functionalities. It primarily deals with releasing an event ID...,None,None
143,gk20a_channel_release,ioctl_operations,Relevant_KD_Entry_Point,0,**AIARelevantFunction Score (0%)**: The function `gk20a_channel_release` does not involve any operations related to shared memory management or interactions with an AI Accelerator (AIA). It primari...,None,None
144,nvgpu_ioctl_tsg_dev_release,ioctl_operations,Relevant_KD_Entry_Point,0,**AIARelevantFunction Score (0)**: The function `nvgpu_ioctl_tsg_dev_release` does not involve any operations related to shared memory (SMem) with an AI Accelerator (AIA). It primarily deals with r...,None,None
145,nvgpu_ioctl_tsg_release,ioctl_operations,Relevant_KD_Entry_Point,0,**AIARelevantFunction Score (0)**: The function `nvgpu_ioctl_tsg_release` does not involve any operations related to shared memory (SMem) with an AI Accelerator (AIA). It primarily deals with relea...,None,None
146,gk20a_as_dev_release,ioctl_operations,Relevant_KD_Entry_Point,0,**AIARelevantFunction Score (0)**: The function `gk20a_as_dev_release` does not interact with any AI Accelerator (AIA) relevant functions or shared memory management. It primarily deals with releas...,None,None
1,nvmap_ioctl_getfd,dma_operations,Message_Structure_Handling,100,**AIARelevantFunction Score (0)**: The function `nvmap_ioctl_getfd` does not directly involve sharing memory with an AI Accelerator (AIA). It primarily deals with obtaining a file descriptor (fd) f...,[nvmap_create_handle],[fd; handle]
2,gk20a_init_error_notifier,dma_operations,Message_Structure_Handling,100,"**AIARelevantFunction Score (0)**: The function `gk20a_init_error_notifier` does not directly interact with an AI Accelerator (AIA) or manage shared memory between the CPU and AIA. Instead, it focu...",[struct nvgpu_set_error_notifier; struct nvgpu_notification],[args->mem; priv->error_notifier.notification; priv->error_notifier.vaddr]
3,user_copy:nvmap_ioctl_get_available_heaps,user_copy_operations,Message_Structure_Handling,100,**AIARelevantFunction Score (0)**: The function `nvmap_ioctl_get_available_heaps` does not involve any operations related to sharing memory with an AI Accelerator (AIA). It primarily retrieves avai...,[struct nvmap_available_heaps],[None identified]
4,user_copy:gk20a_ctrl_ioctl_gpu_characteristics,user_copy_operations,Message_Structure_Handling,100,**AIARelevantFunction Score (0)**: The function `gk20a_ctrl_ioctl_gpu_characteristics` does not directly involve sharing memory with an AI Accelerator (AIA). It primarily retrieves GPU characterist...,[struct nvgpu_gpu_get_characteristics; struct nvgpu_gpu_characteristics],[gpu_characteristics_buf_addr; gpu_instance_id; gr_instance_id]
5,user_copy:gk20a_ctrl_dev_ioctl,user_copy_operations,Message_Structure_Handling,100,**AIARelevantFunction Score (0)**: The function `gk20a_ctrl_dev_ioctl` does not directly involve operations that share memory with an AI Accelerator (AIA). It primarily handles IOCTL commands relat...,[nvgpu_gpu_zcull_get_ctx_size_args; nvgpu_gpu_zcull_get_info_args; nvgpu_gpu_zbc_set_table_args; nvgpu_gpu_zbc_query_table_args; nvgpu_gpu_get_characteristics; nvgpu_gpu_prepare_compressible_read_args; nvgpu_gpu_mark_compressible_write_args; nvgpu_alloc_as_args; nvgpu_gpu_open_tsg_args; nvgpu_gpu_get_tpc_masks_args; nvgpu_gpu_get_fbp_l2_masks_args; nvgpu_channel_open_args; nvgpu_gpu_l2_fb_args; nvgpu_gpu_mmu_debug_mode_args; nvgpu_gpu_sm_debug_mode_args],[as_fd; va_range_start; va_range_end; va_range_split; tsg_fd; mask_buf_addr; gpu_characteristics_buf_addr; handle; offset; compbits_hoffset; compbits_voffset; zbc_color; valid_compbits; reserved; reserved2; reserved2[2]; reserved[3]; reserved; reserved]
6,user_copy:gk20a_ctrl_get_tpc_masks,user_copy_operations,Message_Structure_Handling,100,**AIARelevantFunction Score (0)**: The function `gk20a_ctrl_get_tpc_masks` does not directly interact with an AI Accelerator (AIA) or manage shared memory in a way that would typically involve pinn...,[struct nvgpu_gpu_get_tpc_masks_args],[mask_buf_addr]
7,user_copy:gk20a_ctrl_get_fbp_l2_masks,user_copy_operations,Message_Structure_Handling,100,"**AIARelevantFunction Score (0)**: The function `gk20a_ctrl_get_fbp_l2_masks` does not interact with an AI Accelerator (AIA) or perform any operations related to shared memory management, DMA, or m...",[struct nvgpu_gpu_get_fbp_l2_masks_args],[mask_buf_addr]
8,user_copy:gk20a_ctrl_vsm_mapping,user_copy_operations,Message_Structure_Handling,100,**AIARelevantFunction Score (0)**: The function `gk20a_ctrl_vsm_mapping` does not directly interact with an AI Accelerator (AIA) or perform operations related to shared memory management for an AIA...,[struct nvgpu_gpu_vsms_mapping],[vsms_map_buf_addr]
9,user_copy:nvgpu_gpu_get_engine_info,user_copy_operations,Message_Structure_Handling,100,"**AIARelevantFunction Score (0)**: The function `nvgpu_gpu_get_engine_info` does not interact with an AI Accelerator (AIA) or perform any operations related to shared memory management, DMA, or mem...",[struct nvgpu_gpu_get_engine_info_args; struct nvgpu_gpu_get_engine_info_item],[engine_info_buf_addr]
10,user_copy:nvmap_ioctl_query_heap_params,user_copy_operations,Message_Structure_Handling,100,**AIARelevantFunction Score (0)**: The function `nvmap_ioctl_query_heap_params` does not directly interact with an AI Accelerator (AIA) or manage shared memory (SMem) in a way that would qualify it...,[struct nvmap_query_heap_params],[heap_mask; total; free; largest_free_block]
11,user_copy:nvmap_ioctl_query_heap_params,user_copy_operations,Message_Structure_Handling,100,**AIARelevantFunction Score (0)**: The function `nvmap_ioctl_query_heap_params` does not directly involve sharing memory with an AI Accelerator (AIA). It primarily queries heap parameters and does ...,[struct nvmap_query_heap_params],[heap_mask; total; free; largest_free_block]
12,user_copy:nvgpu_gpu_clk_get_info,user_copy_operations,Message_Structure_Handling,100,**AIARelevantFunction Score (0)**: The function `nvgpu_gpu_clk_get_info` does not interact with an AI Accelerator (AIA) or manage shared memory in a way that would qualify as an AIA relevant functi...,[struct nvgpu_gpu_clk_get_info_args; struct nvgpu_gpu_clk_info],[clk_info_entries]
13,user_copy:nvmap_ioctl_getfd,user_copy_operations,Message_Structure_Handling,100,**AIARelevantFunction Score (0)**: The function `nvmap_ioctl_getfd` does not directly interact with an AI Accelerator (AIA) or shared memory management that would typically involve DMA operations o...,[nvmap_create_handle],[fd; handle]
14,user_copy:nvgpu_ioctl_tsg_dev_ioctl,user_copy_operations,Message_Structure_Handling,100,**AIARelevantFunction Score (0)**: The function `nvgpu_ioctl_tsg_dev_ioctl` does not directly interact with an AI Accelerator (AIA) or manage shared memory (SMem) in a way that would qualify it as ...,[struct nvgpu_tsg_bind_channel_ex_args; struct nvgpu_tsg_bind_scheduling_domain_args; struct nvgpu_runlist_interleave_args; struct nvgpu_timeslice_args; struct nvgpu_tsg_read_single_sm_error_state_args; struct nvgpu_tsg_l2_max_ways_evict_last_args; struct nvgpu_tsg_set_l2_sector_promotion_args],[channel_fd; domain_fd; timeslice_us; sm_id; record_mem; record_size; max_ways; promotion_flag]
15,gk20a_ctrl_ioctl_gpu_characteristics,ioctl_operations,Message_Structure_Handling,100,**AIARelevantFunction Score (0)**: The function `gk20a_ctrl_ioctl_gpu_characteristics` does not interact with an AI Accelerator (AIA) or shared memory (SMem) in a manner typical of AIA relevant fun...,[struct nvgpu_gpu_get_characteristics],[gpu_characteristics_buf_addr; gpu_characteristics_buf_size]
16,gk20a_as_ioctl_get_va_regions,ioctl_operations,Message_Structure_Handling,100,"**AIARelevantFunction Score (0%)**: The function `gk20a_as_ioctl_get_va_regions` does not directly interact with an AI Accelerator (AIA) or manage shared memory between the CPU and AIA. Instead, it...",[struct nvgpu_as_get_va_regions_args; struct nvgpu_as_va_region],[buf_addr; buf_size; offset; pages]
17,nvmap_ioctl_query_heap_params,ioctl_operations,Message_Structure_Handling,100,**AIARelevantFunction Score (0)**: The function `nvmap_ioctl_query_heap_params` does not directly interact with an AI Accelerator (AIA) or perform operations related to shared memory management for...,[struct nvmap_query_heap_params],[heap_mask; total; free; largest_free_block]
18,nvgpu_ioctl_channel_get_user_syncpoint,ioctl_operations,Message_Structure_Handling,100,**AIARelevantFunction Score (0%)**: The function `nvgpu_ioctl_channel_get_user_syncpoint` does not directly involve sharing memory with an AI Accelerator (AIA). It primarily deals with user synchro...,[struct nvgpu_get_user_syncpoint_args],[gpu_va; syncpoint_id; syncpoint_max]
19,nvgpu_ioctl_tsg_dev_ioctl,ioctl_operations,Message_Structure_Handling,100,**AIARelevantFunction Score (0%)**: The function `nvgpu_ioctl_tsg_dev_ioctl` does not directly interact with an AI Accelerator (AIA) or manage shared memory (SMem) in a way that would qualify it as...,[nvgpu_tsg_bind_channel_ex_args; nvgpu_event_id_ctrl_args; nvgpu_runlist_interleave_args; nvgpu_timeslice_args; nvgpu_tsg_read_single_sm_error_state_args; nvgpu_tsg_l2_max_ways_evict_last_args; nvgpu_tsg_set_l2_sector_promotion_args],[channel_fd; event_id; event_fd; timeslice_us; max_ways; promotion_flag]
20,gk20a_tsg_ioctl_bind_channel_ex,ioctl_operations,Message_Structure_Handling,100,**AIARelevantFunction Score (0)**: The function `gk20a_tsg_ioctl_bind_channel_ex` does not directly interact with an AI Accelerator (AIA) or manage shared memory (SMem) for an AIA. It primarily han...,[nvgpu_tsg_bind_channel_ex_args],[channel_fd; subcontext_id]
21,nvgpu_gpu_ioctl_set_l2_max_ways_evict_last,ioctl_operations,Message_Structure_Handling,100,**AIARelevantFunction Score (0%)**: The function `nvgpu_gpu_ioctl_set_l2_max_ways_evict_last` does not involve any operations related to shared memory (SMem) with an AI Accelerator (AIA). It primar...,[struct nvgpu_tsg_l2_max_ways_evict_last_args],[None identified]
22,nvgpu_vm_map_buffer,dma_operations,Message_Structure_Handling,90,"**AIARelevantFunction Score (80)**: The function `nvgpu_vm_map_buffer` is involved in mapping a DMA buffer to a virtual address space, which is crucial for enabling the AI Accelerator (AIA) to acce...",[vm_gk20a_mapping_batch],[buffer_offset; mapping_size; dmabuf->size; *map_addr]
23,nvgpu_vm_map_buffer,dma_operations,Message_Structure_Handling,90,"**AIARelevantFunction Score (80)**: The function `nvgpu_vm_map_buffer` is involved in mapping a DMA buffer to a virtual address space, which is critical for enabling the AI Accelerator (AIA) to acc...",[vm_gk20a_mapping_batch],[buffer_offset; mapping_size; *map_addr; dmabuf->size]
24,nvgpu_vm_map_buffer,dma_operations,Message_Structure_Handling,90,"**AIARelevantFunction Score (80)**: The function `nvgpu_vm_map_buffer` is involved in mapping a DMA buffer to a virtual address space, which is critical for enabling an AI Accelerator (AIA) to acce...",[vm_gk20a_mapping_batch],[buffer_offset; mapping_size; dmabuf->size; *map_addr]
25,nvgpu_vm_map_buffer,dma_operations,Message_Structure_Handling,90,"**AIARelevantFunction Score (80)**: The function `nvgpu_vm_map_buffer` is involved in mapping a DMA buffer to a virtual memory address space, which is critical for enabling an AI Accelerator (AIA) ...",[vm_gk20a_mapping_batch],[dma_buf; buffer_offset; mapping_size; *map_addr]
26,gk20a_init_error_notifier,dma_operations,Message_Structure_Handling,90,**AIARelevantFunction Score (0)**: The function `gk20a_init_error_notifier` does not directly interact with an AI Accelerator (AIA) or manage shared memory (SMem) in a way that would qualify it as ...,[struct nvgpu_set_error_notifier; struct nvgpu_notification],[mem (memory handle); offset; size]
27,gk20a_init_error_notifier,dma_operations,Message_Structure_Handling,90,"**AIARelevantFunction Score (70)**: The function `gk20a_init_error_notifier` interacts with the `dma_buf` structure, which is relevant for memory management in the context of AI accelerators. It re...",[struct nvgpu_set_error_notifier; struct nvgpu_notification; struct dma_buf],[args->mem; dmabuf->size; va; priv->error_notifier.notification; priv->error_notifier.vaddr]
28,user_copy:nvgpu_gpu_clk_get_range,user_copy_operations,Message_Structure_Handling,90,**AIARelevantFunction (0%)**: The function `nvgpu_gpu_clk_get_range` does not interact with an AI Accelerator (AIA) directly. It primarily deals with GPU clock ranges and does not involve memory ma...,[struct nvgpu_gpu_clk_range_args; struct nvgpu_gpu_clk_range],[clk_range_entries; min_hz; max_hz]
29,user_copy:nvgpu_gpu_clk_get_info,user_copy_operations,Message_Structure_Handling,90,**AIARelevantFunction Score (0)**: The function `nvgpu_gpu_clk_get_info` does not directly interact with an AI Accelerator (AIA) or manage shared memory (SMem) in a way that would qualify it as an ...,[struct nvgpu_gpu_clk_get_info_args; struct nvgpu_gpu_clk_info],[clk_info_entries]
30,user_copy:nvmap_install_fd,user_copy_operations,Message_Structure_Handling,90,"**AIARelevantFunction Score (70)**: The function `nvmap_install_fd` interacts with a `dma_buf`, which is a critical structure for managing shared memory between the CPU and an AI Accelerator (AIA)....",[nvmap_handle_info; dma_buf],[file descriptor (fd); dma_buf; nvmap_handle]
31,nvmap_ioctl_get_available_heaps,ioctl_operations,Message_Structure_Handling,90,"**AIARelevantFunction (0%)**: The function `nvmap_ioctl_get_available_heaps` does not directly interact with an AI Accelerator (AIA) or perform operations related to shared memory management, DMA, ...",[struct nvmap_available_heaps],[None identified]
32,nvgpu_as_ioctl_get_sync_ro_map,ioctl_operations,Message_Structure_Handling,90,**AIARelevantFunction Score (70)**: The function `nvgpu_as_ioctl_get_sync_ro_map` interacts with the GPU's synchronization points and retrieves a mapping of read-only memory addresses. It utilizes ...,[struct nvgpu_as_get_sync_ro_map_args],[base_gpuva; sync_size; num_syncpoints]
33,nvmap_ioctl_getfd,ioctl_operations,Message_Structure_Handling,90,**AIARelevantFunction Score (0)**: The function `nvmap_ioctl_getfd` does not directly interact with an AI Accelerator (AIA) or manage shared memory (SMem) in a way that would typically be associate...,[nvmap_create_handle],[handle; fd]
34,user_copy:gk20a_channel_ioctl,user_copy_operations,Message_Structure_Handling,85,**AIARelevantFunction Score (80)**: The function `gk20a_channel_ioctl` is involved in managing GPU channels and handles various commands that can include memory allocation and setup for GPU operati...,[nvgpu_alloc_obj_ctx_args; nvgpu_channel_setup_bind_args; nvgpu_alloc_gpfifo_ex_args; nvgpu_set_error_notifier; nvgpu_set_timeout_args; nvgpu_set_timeout_ex_args; nvgpu_get_param_args],[userd_dmabuf_fd; gpfifo_dmabuf_fd; userd_dmabuf_offset; gpfifo_dmabuf_offset; obj_id]
35,user_copy:gk20a_channel_ioctl,user_copy_operations,Message_Structure_Handling,85,"**AIARelevantFunction Score (80)**: The function `gk20a_channel_ioctl` interacts with various structures that are relevant for managing GPU channels and their operations, including memory allocatio...",[nvgpu_alloc_obj_ctx_args; nvgpu_channel_setup_bind_args; nvgpu_alloc_gpfifo_ex_args; nvgpu_wait_args; nvgpu_set_error_notifier; nvgpu_set_timeout_args; nvgpu_set_timeout_ex_args; nvgpu_get_param_args],[userd_dmabuf_fd; gpfifo_dmabuf_fd; userd_dmabuf_offset; gpfifo_dmabuf_offset; obj_id]
36,user_copy:gk20a_ctrl_dev_ioctl,user_copy_operations,Message_Structure_Handling,85,**AIARelevantFunction Score (70%)**: The function `gk20a_ctrl_dev_ioctl` interacts with various GPU operations that may involve memory management and data transfer between the CPU and the GPU. It h...,[nvgpu_gpu_zcull_get_ctx_size_args; nvgpu_gpu_zcull_get_info_args; nvgpu_gpu_zbc_set_table_args; nvgpu_gpu_zbc_query_table_args; nvgpu_gpu_get_characteristics; nvgpu_gpu_prepare_compressible_read_args; nvgpu_gpu_mark_compressible_write_args; nvgpu_alloc_as_args; nvgpu_gpu_open_tsg_args; nvgpu_gpu_get_tpc_masks_args; nvgpu_gpu_get_fbp_l2_masks_args; nvgpu_channel_open_args; nvgpu_gpu_l2_fb_args; nvgpu_gpu_mmu_debug_mode_args; nvgpu_gpu_sm_debug_mode_args],[as_fd; handle; gpu_characteristics_buf_addr; gpu_characteristics_buf_size; offset; compbits_hoffset; compbits_voffset; width; height; block_height_log2; submit_flags; zbc_color; reserved; mask_buf_addr; mask_buf_size]
37,user_copy:gk20a_as_dev_ioctl,user_copy_operations,Message_Structure_Handling,85,**AIARelevantFunction (80)**: The function `gk20a_as_dev_ioctl` interacts with various memory management operations that are relevant to an AI Accelerator (AIA). It handles commands that involve al...,[nvgpu_as_bind_channel_args; nvgpu32_as_alloc_space_args; nvgpu_as_alloc_space_args; nvgpu_as_free_space_args; nvgpu_as_map_buffer_ex_args; nvgpu_as_unmap_buffer_args; nvgpu_as_get_va_regions_args; nvgpu_as_map_buffer_batch_args; nvgpu_as_get_sync_ro_map_args; nvgpu_as_mapping_modify_args; nvgpu_as_remap_args],[channel_fd; offset; pages; page_size; flags; buffer_offset; base_gpuva; sync_size; num_syncpoints]
38,user_copy:gk20a_as_dev_ioctl,user_copy_operations,Message_Structure_Handling,85,**AIARelevantFunction Score (80)**: The function `gk20a_as_dev_ioctl` interacts with various memory management operations that are relevant for an AI Accelerator (AIA). It handles memory allocation...,[nvgpu_as_alloc_space_args; nvgpu_as_free_space_args; nvgpu_as_map_buffer_ex_args; nvgpu_as_unmap_buffer_args; nvgpu_as_get_va_regions_args; nvgpu_as_map_buffer_batch_args; nvgpu_as_get_sync_ro_map_args; nvgpu_as_mapping_modify_args; nvgpu_as_remap_args],[offset; pages; page_size; buffer_offset; buffer_size; base_gpuva; num_syncpoints; dmabuf_fd]
39,user_copy:nvgpu_gpu_ioctl_register_buffer,user_copy_operations,Message_Structure_Handling,85,"**AIARelevantFunction Score (80)**: The function `nvgpu_gpu_ioctl_register_buffer` is involved in managing a DMA buffer, which is critical for AI Accelerator integration. It utilizes `dma_buf_get` ...",[struct nvgpu_gpu_register_buffer_args],[dmabuf_fd; metadata_addr; metadata_size]
40,user_copy:nvmap_ioctl_create_from_va,user_copy_operations,Message_Structure_Handling,85,"**AIARelevantFunction (80%)**: The function `nvmap_ioctl_create_from_va` is involved in creating a handle from a virtual address, which is a critical operation for managing shared memory with an AI...",[nvmap_create_handle_from_va],[va; size; flags; handle]
41,user_copy:nvmap_ioctl_create_from_va,user_copy_operations,Message_Structure_Handling,85,"**AIARelevantFunction Score (80)**: The function `nvmap_ioctl_create_from_va` is involved in creating a handle for a virtual address, which is a critical operation for managing shared memory with a...",[nvmap_create_handle_from_va],[va; size; flags; handle]
42,gk20a_channel_ioctl,ioctl_operations,Message_Structure_Handling,85,**AIARelevantFunction Score (80)**: The function `gk20a_channel_ioctl` is involved in handling various IOCTL commands that are likely related to memory management and operations involving the AI Ac...,[nvgpu_alloc_obj_ctx_args; nvgpu_channel_setup_bind_args; nvgpu_alloc_gpfifo_ex_args; nvgpu_wait_args; nvgpu_set_error_notifier; nvgpu_set_timeout_args; nvgpu_set_timeout_ex_args; nvgpu_get_param_args],[userd_dmabuf_fd; gpfifo_dmabuf_fd; userd_dmabuf_offset; gpfifo_dmabuf_offset; obj_id]
43,nvmap_ioctl,ioctl_operations,Message_Structure_Handling,85,**AIARelevantFunction Score (70)**: The function `nvmap_ioctl` is involved in handling various IOCTL commands that can relate to memory management and operations that may involve an AI Accelerator ...,[struct nvmap_rw_handle; struct nvmap_cache_op; struct nvmap_cache_op_32; struct nvmap_cache_op_64],[addr; handle]
44,gk20a_as_dev_ioctl,ioctl_operations,Message_Structure_Handling,85,**AIARelevantFunction Score (80)**: The function `gk20a_as_dev_ioctl` interacts with various memory management operations that are relevant to the AI Accelerator (AIA). It handles commands that inv...,[nvgpu_as_bind_channel_args; nvgpu32_as_alloc_space_args; nvgpu_as_alloc_space_args; nvgpu_as_free_space_args; nvgpu_as_map_buffer_ex_args; nvgpu_as_unmap_buffer_args; nvgpu_as_get_va_regions_args; nvgpu_as_map_buffer_batch_args; nvgpu_as_get_sync_ro_map_args; nvgpu_as_mapping_modify_args; nvgpu_as_remap_args],[channel_fd; pages; page_size; flags; buffer_offset; buffer_size; offset; base_gpuva; sync_size; num_syncpoints]
45,gk20a_as_ioctl_map_buffer_ex,ioctl_operations,Message_Structure_Handling,85,**AIARelevantFunction Score (80)**: The function `gk20a_as_ioctl_map_buffer_ex` is involved in mapping a buffer for an AI Accelerator (AIA) by utilizing the `nvgpu_vm_map_buffer` function. This fun...,[nvgpu_as_map_buffer_ex_args],[dmabuf_fd; buffer_offset; mapping_size]
46,drivers/video/tegra/nvmap/nvmap_dmabuf.c:_nvmap_dmabuf_map_dma_buf,functions_by_file,Message_Structure_Handling,80,"**AIARelevantFunction Score (85%)**: The function `_nvmap_dmabuf_map_dma_buf` is responsible for mapping a DMA buffer to a device, which is a critical operation for enabling an AI Accelerator (AIA)...",[struct dma_buf_attachment; struct nvmap_handle_info; struct sg_table; struct dma_buf],[dma_buf; dma_buf_attachment; nvmap_handle; sg_table]
47,nvmap_handle_get_from_id,dma_operations,Message_Structure_Handling,80,"**AIARelevantFunction Score (70)**: The function `nvmap_handle_get_from_id` interacts with DMA buffers through the `dma_buf` structure, which is crucial for memory management in the context of AI a...",[struct nvmap_handle_info; struct nvmap_handle; struct dma_buf],[dma_buf; nvmap_handle; nvmap_client; file descriptor]
48,nvmap_handle_get_from_id,dma_operations,Message_Structure_Handling,80,"**AIARelevantFunction Score (60%)**: The function `nvmap_handle_get_from_id` interacts with DMA buffers, which are crucial for memory management in AI Accelerator contexts. It uses `dma_buf_get` an...",[struct nvmap_handle_info; struct nvmap_handle; struct dma_buf],[dma_buf*; nvmap_handle*; nvmap_client*; u32 id]
49,nvmap_handle_get_from_id,dma_operations,Message_Structure_Handling,80,"**AIARelevantFunction Score (60)**: The function `nvmap_handle_get_from_id` interacts with DMA buffers, which are crucial for memory management in AI Accelerator contexts. It uses `dma_buf_get` and...",[struct nvmap_handle_info; struct dma_buf],[dma_buf*; nvmap_handle*; nvmap_client*; u32 id]
50,nvmap_handle_get_from_id,dma_operations,Message_Structure_Handling,80,"**AIARelevantFunction Score (70)**: The function `nvmap_handle_get_from_id` interacts with DMA buffers through the `dma_buf` structure, which is crucial for memory management in AI Accelerator cont...",[struct nvmap_handle_info; struct nvmap_handle; struct dma_buf],[dma_buf; nvmap_handle; nvmap_client]
51,nvgpu_gpu_ioctl_register_buffer,dma_operations,Message_Structure_Handling,80,**AIARelevantFunction Score (0)**: The function `nvgpu_gpu_ioctl_register_buffer` does not directly interact with an AI Accelerator (AIA) or manage shared memory (SMem) in a way that would qualify ...,[struct nvgpu_gpu_register_buffer_args],[dmabuf_fd; metadata_addr]
52,nvgpu_gpu_ioctl_register_buffer,dma_operations,Message_Structure_Handling,80,"**AIARelevantFunction Score (70%)**: The function `nvgpu_gpu_ioctl_register_buffer` interacts with a DMA buffer through the `dma_buf_get` and `dma_buf_put` functions, which are essential for managi...",[struct nvgpu_gpu_register_buffer_args],[dmabuf_fd; metadata_addr; metadata_size]
53,nvgpu_mm_pin,dma_operations,Message_Structure_Handling,80,"**AIARelevantFunction Score (90)**: The function `nvgpu_mm_pin` is highly relevant to the integration with an AI Accelerator (AIA) as it deals with pinning a DMA buffer to memory, which is crucial ...",[struct dma_buf; struct dma_buf_attachment; struct sg_table],[dma_address; usermode_regs_bus_addr; userd_iova]
54,user_copy:nvgpu_channel_copy_user_gpfifo,user_copy_operations,Message_Structure_Handling,80,**AIARelevantFunction Score (0)**: The function `nvgpu_channel_copy_user_gpfifo` does not directly interact with an AI Accelerator (AIA) or perform operations related to shared memory management fo...,[struct nvgpu_gpfifo_userdata; struct nvgpu_gpfifo_entry],[entries (pointer to nvgpu_gpfifo_entry)]
55,user_copy:gk20a_as_ioctl_get_va_regions,user_copy_operations,Message_Structure_Handling,80,"**AIARelevantFunction Score (70)**: The function `gk20a_as_ioctl_get_va_regions` is involved in managing virtual address regions for an AI accelerator, specifically through the use of the `nvgpu_as...",[struct nvgpu_as_get_va_regions_args; struct nvgpu_as_va_region],[buf_addr; buf_size; offset; pages]
56,user_copy:nvmap_ioctl_create,user_copy_operations,Message_Structure_Handling,80,"**AIARelevantFunction Score (70%)**: The function `nvmap_ioctl_create` interacts with memory management and handles DMA buffers, which are relevant for AI Accelerator integration. It creates handle...",[nvmap_create_handle],[handle; fd; size; orig_size]
57,user_copy:nvmap_ioctl_create,user_copy_operations,Message_Structure_Handling,80,"**AIARelevantFunction Score (70%)**: The function `nvmap_ioctl_create` is involved in creating and managing memory handles for DMA buffers, which is relevant for AI Accelerator integration. It util...",[nvmap_create_handle],[handle; handle64; fd; size; orig_size]
58,user_copy:nvmap_ioctl_alloc,user_copy_operations,Message_Structure_Handling,80,"**AIARelevantFunction Score (70)**: The function `nvmap_ioctl_alloc` is involved in memory allocation for an AI Accelerator (AIA) context, as it interacts with the `nvmap_handle` structure, which i...",[nvmap_alloc_handle],[handle; size; align; heap_mask]
59,user_copy:nvgpu_ioctl_tsg_dev_ioctl,user_copy_operations,Message_Structure_Handling,80,"**AIARelevantFunction Score (70)**: The function `nvgpu_ioctl_tsg_dev_ioctl` interacts with various aspects of the GPU's task scheduling and management, which can involve shared memory operations. ...",[nvgpu_tsg_bind_channel_ex_args; nvgpu_timeslice_args; nvgpu_runlist_interleave_args; nvgpu_event_id_ctrl_args; nvgpu_tsg_read_single_sm_error_state_args; nvgpu_tsg_l2_max_ways_evict_last_args; nvgpu_tsg_set_l2_sector_promotion_args],[channel_fd; subcontext_id; sm_id; record_mem; record_size; max_ways; promotion_flag; timeslice_us; level]
60,gk20a_ioctl_channel_submit_gpfifo,ioctl_operations,Message_Structure_Handling,80,"**AIARelevantFunction Score (85%)**: The function `gk20a_ioctl_channel_submit_gpfifo` is involved in submitting a GPU FIFO command, which is critical for the interaction between the CPU and the AI ...",[nvgpu_submit_gpfifo_args; nvgpu_channel_fence; nvgpu_user_fence; nvgpu_gpfifo_userdata; nvgpu_gpfifo_entry],[gpfifo (user virtual address); fence.id; fence.value; fence_out.syncpt_id; fence_out.syncpt_value]
61,gk20a_ctrl_dev_ioctl,ioctl_operations,Message_Structure_Handling,80,**AIARelevantFunction Score (0)**: The function does not directly involve sharing memory with an AI Accelerator (AIA) or managing DMA buffers. It primarily handles IOCTL commands related to GPU ope...,[nvgpu_gpu_zcull_get_ctx_size_args; nvgpu_gpu_zcull_get_info_args; nvgpu_gpu_get_characteristics; nvgpu_gpu_prepare_compressible_read_args; nvgpu_gpu_mark_compressible_write_args; nvgpu_gpu_open_tsg_args; nvgpu_gpu_get_tpc_masks_args; nvgpu_gpu_get_fbp_l2_masks_args],[as_fd; va_range_start; va_range_end; va_range_split; mask_buf_addr]
62,nvmap_ioctl_create,ioctl_operations,Message_Structure_Handling,80,**AIARelevantFunction Score (70)**: The function `nvmap_ioctl_create` is involved in creating a handle for a memory buffer that can be shared with an AI Accelerator (AIA). It interacts with DMA buf...,[nvmap_create_handle],[handle; handle64; fd; size; orig_size; vaddr; dma_buf; dma_buf_ro]
63,nvmap_ioctl_alloc,ioctl_operations,Message_Structure_Handling,80,"**AIARelevantFunction (70%)**: The function `nvmap_ioctl_alloc` is involved in memory allocation for a client, which is relevant for AI Accelerator integration as it deals with memory management. T...",[nvmap_alloc_handle],[handle; heap_mask; flags; align]
64,nvgpu_gpu_ioctl_register_buffer,ioctl_operations,Message_Structure_Handling,80,"**AIARelevantFunction Score (70)**: The function `nvgpu_gpu_ioctl_register_buffer` interacts with a DMA buffer, which is relevant for AI Accelerator integration. It uses `dma_buf_get` to retrieve a...",[struct nvgpu_gpu_register_buffer_args],[dmabuf_fd; metadata_addr; metadata_size; flags]
65,nvmap_ioctl_create_from_va,ioctl_operations,Message_Structure_Handling,80,"**AIARelevantFunction Score (70)**: The function `nvmap_ioctl_create_from_va` is involved in creating a handle from a virtual address, which is relevant for memory management in the context of an A...",[nvmap_create_handle_from_va],[handle; va; size; flags; fd]
66,drivers/gpu/nvgpu/os/linux/linux-dma.c:nvgpu_dma_alloc_flags_sys,functions_by_file,Message_Structure_Handling,70,"**AIARelevantFunction Score (80)**: The function `nvgpu_dma_alloc_flags_sys` is involved in memory allocation for DMA operations, which is critical for AI Accelerator integration. It utilizes `dma_...",[nvgpu_mem; sg_table],[gpu_va; cpu_va; size; aligned_size]
67,__dma_buf_export,dma_operations,Message_Structure_Handling,70,"**AIARelevantFunction Score (80)**: The function `__dma_buf_export` is involved in preparing a `dma_buf` for export, which is crucial for sharing memory with an AI Accelerator (AIA). It utilizes th...",[dma_buf_export_info],[phys_addr_t; size_t; dma_buf*; void*]
68,nvgpu_vm_map_buffer,dma_operations,Message_Structure_Handling,70,"**AIARelevantFunction Score (80)**: The function `nvgpu_vm_map_buffer` is involved in mapping a DMA buffer to a virtual address space, which is critical for enabling an AI Accelerator (AIA) to acce...",[vm_gk20a_mapping_batch],[dma_buf; buffer_offset; mapping_size; *map_addr]
69,nvgpu_vm_map_buffer,dma_operations,Message_Structure_Handling,70,"**AIARelevantFunction Score (80)**: The function `nvgpu_vm_map_buffer` is involved in mapping a DMA buffer to a virtual address space, which is critical for enabling the AI Accelerator (AIA) to acc...",[vm_gk20a_mapping_batch],[dma_buf_fd; buffer_offset; mapping_size; *map_addr]
70,nvgpu_mm_pin,dma_operations,Message_Structure_Handling,70,"**AIARelevantFunction Score (80)**: The function `nvgpu_mm_pin` is involved in managing DMA buffers, which is critical for AI Accelerator (AIA) integration. It uses `dma_buf_attach` and `dma_buf_ma...",[struct dma_buf; struct dma_buf_attachment],[size (from struct dma_buf); file (from struct dma_buf); sg_table (from struct dma_buf_attachment)]
71,nvgpu_usermode_buf_from_dmabuf,dma_operations,Message_Structure_Handling,70,"**AIARelevantFunction Score (80)**: The function `nvgpu_usermode_buf_from_dmabuf` is involved in managing DMA buffers, which is critical for sharing memory with an AI Accelerator (AIA). It uses `dm...",[struct nvgpu_usermode_buf_linux; struct nvgpu_mem],[dmabuf->size; mem->gpu_va; mem->size; attachment->sgt]
72,drivers/gpu/nvgpu/os/linux/linux-dma.c:nvgpu_get_sgtable_from_pages,functions_by_file,Message_Structure_Handling,60,**AIARelevantFunction Score (70)**: The function `nvgpu_get_sgtable_from_pages` is involved in managing memory for an AI Accelerator (AIA) by creating a scatter-gather table (`sg_table`) from user ...,[sg_table; scatterlist],[dma_address; iova]
73,drivers/video/tegra/nvmap/nvmap_alloc.c:handle_page_alloc,functions_by_file,Message_Structure_Handling,60,"**AIARelevantFunction Score (70)**: The function `handle_page_alloc` is involved in memory allocation, which is critical for managing shared memory between the CPU and an AI Accelerator (AIA). It a...",[nvmap_handle],[size; vaddr; pages]
74,drivers/video/tegra/nvmap/nvmap_alloc.c:alloc_handle_from_va,functions_by_file,Message_Structure_Handling,60,**AIARelevantFunction Score (80)**: The function `alloc_handle_from_va` is involved in memory management that is relevant to AI Accelerator integration. It pins user pages to memory using `nvmap_ge...,None,vaddr; size; flags
75,nvgpu_vm_map_buffer,dma_operations,Message_Structure_Handling,60,"**AIARelevantFunction Score (80)**: The function `nvgpu_vm_map_buffer` is involved in mapping a DMA buffer, which is a critical operation for sharing memory between the CPU and an AI Accelerator (A...",[struct vm_gk20a_mapping_batch; struct dma_buf],[buffer_offset; *map_addr; dmabuf->size; dmabuf->file]
76,nvgpu_mm_pin,dma_operations,Message_Structure_Handling,60,"**AIARelevantFunction Score (80)**: The function `nvgpu_mm_pin` is involved in managing DMA buffers, which is critical for AI Accelerator integration. It uses `dma_buf_attach` and `dma_buf_map_atta...",[struct dma_buf; struct dma_buf_attachment],[size; file; attachments; sg_table; dev; dma_buf; dma_buf_attachment]
77,nvmap_ioctl_free,dma_operations,Message_Structure_Handling,60,**AIARelevantFunction (0%)**: The function `nvmap_ioctl_free` does not directly involve any operations that relate to sharing memory with an AI Accelerator (AIA). It primarily deals with freeing a ...,[None identified],[None identified]
78,nvmap_ioctl_free,dma_operations,Message_Structure_Handling,60,**AIARelevantFunction Score (0%)**: The function `nvmap_ioctl_free` does not directly interact with an AI Accelerator (AIA) or manage shared memory between the CPU and an AIA. It primarily deals wi...,[struct nvmap_client; struct dma_buf],[file descriptor (fd); dma_buf]
79,nvgpu_os_channel_free_usermode_buffers,dma_operations,Message_Structure_Handling,60,"**AIARelevantFunction Score (70)**: The function `nvgpu_os_channel_free_usermode_buffers` is responsible for freeing user-mode buffers associated with a GPU channel. It interacts with DMA buffers, ...",[nvgpu_usermode_buf_linux; gpfifo_desc],[dma_buf; usermode_userd; usermode_gpfifo]
80,nvmap_ioctl_free,ioctl_operations,Message_Structure_Handling,60,**AIARelevantFunction Score (0%)**: The function `nvmap_ioctl_free` does not directly involve any operations that relate to sharing memory with an AI Accelerator (AIA). It primarily deals with free...,[None identified],[None identified]
81,drivers/video/tegra/nvmap/nvmap_dmabuf.c:nvmap_dmabuf_mmap,functions_by_file,Message_Structure_Handling,50,"**AIARelevantFunction Score (70)**: The function `nvmap_dmabuf_mmap` is involved in memory mapping a DMA buffer, which is relevant for AI Accelerator integration. The function retrieves a handle fr...",None,None
82,nvgpu_dma_free_sys,dma_operations,Message_Structure_Handling,40,**AIARelevantFunction Score (20)**: The function `nvgpu_dma_free_sys` primarily deals with freeing DMA memory allocated for the GPU. While it does manage memory that could be relevant for an AI Acc...,[nvgpu_mem; sg_table],[gpu_va; aligned_size; size; dma_address]
83,drivers/gpu/nvgpu/os/linux/linux-dma.c:nvgpu_dma_free_sys,functions_by_file,Message_Structure_Handling,30,"**AIARelevantFunction Score (20)**: The function `nvgpu_dma_free_sys` primarily deals with freeing DMA memory allocated for the GPU. While it does interact with memory management, it does not direc...",[nvgpu_mem; sg_table],[gpu_va; cpu_va; aligned_size; size; dma_address]
84,drivers/gpu/nvgpu/os/linux/linux-dma.c:nvgpu_iommuable,functions_by_file,Message_Structure_Handling,0,**AIARelevantFunction Score (0%)**: The function `nvgpu_iommuable` does not involve any operations related to shared memory management or interactions with an AI Accelerator (AIA). It primarily che...,None,None
85,drivers/gpu/nvgpu/os/linux/linux-dma.c:nvgpu_dma_free_no_iommu,functions_by_file,Message_Structure_Handling,0,**AIARelevantFunction Score (0)**: The function `nvgpu_dma_free_no_iommu` is primarily focused on freeing DMA memory allocated without IOMMU support. It does not involve any operations related to s...,None,None
86,drivers/gpu/nvgpu/os/linux/linux-dma.c:nvgpu_free_sgtable,functions_by_file,Message_Structure_Handling,0,**AIARelevantFunction Score (0%)**: The function `nvgpu_free_sgtable` does not interact with any AI Accelerator (AIA) relevant functions or memory management patterns that would typically involve s...,None,None
87,drivers/gpu/nvgpu/os/linux/linux-dma.c:nvgpu_dma_flags_to_attrs,functions_by_file,Message_Structure_Handling,0,**AIARelevantFunction Score (0)**: The function `nvgpu_dma_flags_to_attrs` does not interact with shared memory or AI Accelerator (AIA) specific operations. It primarily converts DMA flags to attri...,None,None
88,drivers/gpu/nvgpu/os/linux/linux-dma.c:nvgpu_dma_alloc_no_iommu,functions_by_file,Message_Structure_Handling,0,"**AIARelevantFunction Score (70%)**: The function `nvgpu_dma_alloc_no_iommu` is involved in memory allocation that could be relevant for an AI Accelerator (AIA) context, particularly in the way it ...",None,None
89,drivers/gpu/nvgpu/os/linux/platform_gk20a_tegra.c:gk20a_tegra_idle,functions_by_file,Message_Structure_Handling,0,"**AIARelevantFunction Score (0%)**: The function `gk20a_tegra_idle` does not involve any operations related to shared memory management, DMA, or memory mapping that would typically be associated wi...",None,None
90,drivers/gpu/nvgpu/os/linux/platform_gk20a_tegra.c:gk20a_tegra_busy,functions_by_file,Message_Structure_Handling,0,**AIARelevantFunction Score (0%)**: The function `gk20a_tegra_busy` does not interact with shared memory or perform any operations that would typically be associated with AI Accelerator integration...,None,None
91,drivers/video/tegra/nvmap/nvmap_dmabuf.c:dmabuf_is_nvmap,functions_by_file,Message_Structure_Handling,0,**AIARelevantFunction Score (0%)**: The function `dmabuf_is_nvmap` does not involve any operations related to shared memory management or interactions with an AI Accelerator (AIA). It simply checks...,None,None
92,drivers/video/tegra/nvmap/nvmap_dmabuf.c:nvmap_get_dmabuf_fd,functions_by_file,Message_Structure_Handling,0,**AIARelevantFunction Score (0%)**: The function `nvmap_get_dmabuf_fd` does not directly involve operations related to sharing memory with an AI Accelerator (AIA). It primarily deals with obtaining...,None,None
93,drivers/video/tegra/nvmap/nvmap_dmabuf.c:nvmap_dmabuf_attach,functions_by_file,Message_Structure_Handling,0,**AIARelevantFunction Score (0%)**: The function `nvmap_dmabuf_attach` does not directly involve any operations related to sharing memory with an AI Accelerator (AIA). It simply calls another funct...,None,None
94,drivers/video/tegra/nvmap/nvmap_dmabuf.c:nvmap_dmabuf_vmap,functions_by_file,Message_Structure_Handling,0,**AIARelevantFunction Score (0)**: The function `nvmap_dmabuf_vmap` does not interact with an AI Accelerator (AIA) or shared memory management relevant to AIA operations. It primarily deals with a ...,None,None
95,drivers/video/tegra/nvmap/nvmap_dmabuf.c:_nvmap_dmabuf_unmap_dma_buf,functions_by_file,Message_Structure_Handling,0,**AIARelevantFunction Score (0)**: The function `_nvmap_dmabuf_unmap_dma_buf` does not directly involve sharing shared memory with an AI Accelerator (AIA). It primarily focuses on unmapping a DMA b...,None,None
96,drivers/video/tegra/nvmap/nvmap_dmabuf.c:nvmap_dmabuf_get_drv_data,functions_by_file,Message_Structure_Handling,0,**AIARelevantFunction Score (0)**: The function `nvmap_dmabuf_get_drv_data` does not interact with an AI Accelerator (AIA) or manage shared memory (SMem) in a way that is relevant to AIA operations...,None,None
97,drivers/video/tegra/nvmap/nvmap_dmabuf.c:nvmap_dmabuf_detach,functions_by_file,Message_Structure_Handling,0,**AIARelevantFunction Score (0)**: The function `nvmap_dmabuf_detach` does not involve any operations related to sharing memory with an AI Accelerator (AIA). It primarily deals with detaching a DMA...,None,None
98,drivers/video/tegra/nvmap/nvmap_dmabuf.c:nvmap_dmabuf_release,functions_by_file,Message_Structure_Handling,0,**AIARelevantFunction Score (0)**: The function `nvmap_dmabuf_release` does not involve any operations related to sharing memory with an AI Accelerator (AIA). It primarily deals with releasing a DM...,None,None
99,drivers/video/tegra/nvmap/nvmap_dmabuf.c:nvmap_dmabuf_vunmap,functions_by_file,Message_Structure_Handling,0,**AIARelevantFunction Score (0)**: The function `nvmap_dmabuf_vunmap` does not involve any operations that directly relate to sharing memory with an AI Accelerator (AIA). It primarily deals with un...,None,None
100,drivers/video/tegra/nvmap/nvmap_alloc.c:nvmap_alloc_handle,functions_by_file,Message_Structure_Handling,0,**AIARelevantFunction Score (0)**: The function `nvmap_alloc_handle` does not interact with an AI Accelerator (AIA) or shared memory (SMem) in a manner that would qualify it as relevant for AIA ope...,None,None
101,drivers/video/tegra/nvmap/nvmap_alloc.c:alloc_handle,functions_by_file,Message_Structure_Handling,0,**AIARelevantFunction Score (0%)**: The function `alloc_handle` does not directly involve any operations related to sharing memory with an AI Accelerator (AIA). It primarily focuses on allocating m...,None,None
102,drivers/video/tegra/nvmap/nvmap_alloc.c:nvmap_altalloc,functions_by_file,Message_Structure_Handling,0,**AIARelevantFunction Score (0)**: The function `nvmap_altalloc` does not interact with an AI Accelerator (AIA) or perform any operations related to shared memory management that would be relevant ...,None,None
103,drivers/video/tegra/nvmap/nvmap_alloc.c:nvmap_alloc_pages_exact,functions_by_file,Message_Structure_Handling,0,"**AIARelevantFunction Score (0)**: The function `nvmap_alloc_pages_exact` is primarily focused on memory allocation using the `alloc_pages` function, which is part of the Linux kernel's memory mana...",None,None
104,drivers/video/tegra/nvmap/nvmap_alloc.c:is_nvmap_id_ro,functions_by_file,Message_Structure_Handling,0,**AIARelevantFunction Score (0%)**: The function `is_nvmap_id_ro` does not involve any operations related to sharing memory with an AI Accelerator (AIA). It primarily checks if a given NVMAP ID is ...,None,None
105,drivers/video/tegra/nvmap/nvmap_alloc.c:nvmap_altfree,functions_by_file,Message_Structure_Handling,0,**AIARelevantFunction Score (0)**: The function `nvmap_altfree` does not interact with any AI Accelerator (AIA) relevant operations. It is primarily concerned with freeing memory allocated to a poi...,None,None
106,drivers/video/tegra/nvmap/nvmap_alloc.c:nvmap_alloc_handle_from_va,functions_by_file,Message_Structure_Handling,0,**AIARelevantFunction Score (0)**: The function `nvmap_alloc_handle_from_va` does not involve any operations that directly relate to sharing memory with an AI Accelerator (AIA). It primarily focuse...,None,None
107,drivers/video/tegra/nvmap/nvmap_alloc.c:nvmap_free_handle_from_fd,functions_by_file,Message_Structure_Handling,0,**AIARelevantFunction Score (0)**: The function `nvmap_free_handle_from_fd` does not interact with an AI Accelerator (AIA) or shared memory management relevant to AIA operations. It primarily deals...,None,None
108,drivers/video/tegra/nvmap/nvmap_alloc.c:nvmap_free_handle,functions_by_file,Message_Structure_Handling,0,**AIARelevantFunction Score (0)**: The function `nvmap_free_handle` does not interact with an AI Accelerator (AIA) or shared memory management relevant to AIA. It primarily deals with freeing a han...,None,None
109,drivers/video/tegra/nvmap/nvmap_alloc.c:_nvmap_handle_free,functions_by_file,Message_Structure_Handling,0,**AIARelevantFunction Score (0%)**: The function `_nvmap_handle_free` does not involve any operations related to sharing memory with an AI Accelerator (AIA). It primarily deals with freeing resourc...,None,None
110,drivers/video/tegra/nvmap/nvmap_alloc.c:nvmap_heap_pgfree,functions_by_file,Message_Structure_Handling,0,**AIARelevantFunction Score (0%)**: The function `nvmap_heap_pgfree` does not involve any operations related to sharing memory with an AI Accelerator (AIA). It primarily deals with freeing DMA memo...,None,None
111,drivers/video/tegra/nvmap/nvmap_alloc.c:nvmap_heap_pgalloc_dev,functions_by_file,Message_Structure_Handling,0,**AIARelevantFunction Score (0%)**: The function `nvmap_heap_pgalloc_dev` does not interact with any AI Accelerator (AIA) relevant memory management functions or patterns. It does not involve pinni...,None,None
112,is_nvmap_id_ro,dma_operations,Message_Structure_Handling,0,**AIARelevantFunction Score (0%)**: The function `is_nvmap_id_ro` does not interact with an AI Accelerator (AIA) or shared memory (SMem) directly. It primarily deals with `nvmap_client` and `dma_bu...,None,None
113,nvmap_get_dmabuf_fd,dma_operations,Message_Structure_Handling,0,**AIARelevantFunction Score (0%)**: The function `nvmap_get_dmabuf_fd` does not directly involve operations that share memory with an AI Accelerator (AIA). It primarily deals with exporting a DMA b...,None,None
114,gk20a_channel_free_error_notifiers,dma_operations,Message_Structure_Handling,0,**AIARelevantFunction Score (0)**: The function `gk20a_channel_free_error_notifiers` does not interact with any AI Accelerator (AIA) relevant functions or memory management patterns that would typi...,None,None
115,nvgpu_mm_unpin,dma_operations,Message_Structure_Handling,0,**AIARelevantFunction Score (0%)**: The function `nvgpu_mm_unpin` does not involve any operations that directly relate to sharing memory with an AI Accelerator (AIA). It primarily deals with unpinn...,None,None
116,nvgpu_mm_unpin,dma_operations,Message_Structure_Handling,0,**AIARelevantFunction Score (0)**: The function `nvgpu_mm_unpin` does not involve any operations that directly relate to sharing memory with an AI Accelerator (AIA). It primarily deals with unmappi...,None,None
117,nvgpu_vm_unmap_system,dma_operations,Message_Structure_Handling,0,**AIARelevantFunction Score (0%)**: The function `nvgpu_vm_unmap_system` does not involve any operations that directly relate to sharing memory with an AI Accelerator (AIA). It primarily deals with...,None,None
118,nvmap_free_handle,dma_operations,Message_Structure_Handling,0,**AIARelevantFunction Score (0)**: The function `nvmap_free_handle` does not interact with an AI Accelerator (AIA) or shared memory management relevant to AIA operations. It primarily deals with fr...,None,None
119,nvmap_free_handle,dma_operations,Message_Structure_Handling,0,**AIARelevantFunction Score (0%)**: The function `nvmap_free_handle` does not interact with an AI Accelerator (AIA) or shared memory (SMem) directly. It primarily deals with freeing a handle associ...,None,None
120,destroy_client,dma_operations,Message_Structure_Handling,0,**AIARelevantFunction Score (0%)**: The `destroy_client` function does not involve any operations related to shared memory (SMem) with an AI Accelerator (AIA). It primarily focuses on cleaning up r...,None,None
121,destroy_client,dma_operations,Message_Structure_Handling,0,"**AIARelevantFunction Score (0)**: The function `destroy_client` does not interact with any AI Accelerator (AIA) relevant operations. It primarily deals with the destruction of a client object, man...",None,None
122,nvgpu_os_channel_free_usermode_buffers,dma_operations,Message_Structure_Handling,0,**AIARelevantFunction Score (0%)**: The function `nvgpu_os_channel_free_usermode_buffers` does not involve any operations that directly relate to sharing memory with an AI Accelerator (AIA). The fu...,None,None
123,user_copy:gk20a_power_write,user_copy_operations,Message_Structure_Handling,0,**AIARelevantFunction Score (0%)**: The function `gk20a_power_write` does not interact with an AI Accelerator (AIA) or shared memory (SMem) management. It primarily handles power state changes for ...,None,None
124,gk20a_dbg_gpu_dev_release,ioctl_operations,Message_Structure_Handling,0,**AIARelevantFunction Score (0%)**: The function `gk20a_dbg_gpu_dev_release` does not interact with an AI Accelerator (AIA) or shared memory management relevant to AIA operations. It primarily deal...,None,None
125,gk20a_ctrl_dev_release,ioctl_operations,Message_Structure_Handling,0,**AIARelevantFunction Score (0%)**: The function `gk20a_ctrl_dev_release` does not perform any operations related to shared memory management or interactions with an AI Accelerator (AIA). It primar...,None,None
126,nvmap_open,ioctl_operations,Message_Structure_Handling,0,**AIARelevantFunction Score (0)**: The `nvmap_open` function does not involve any operations related to shared memory (SMem) with an AI Accelerator (AIA). It primarily handles the opening of a devi...,None,None
127,gk20a_power_open,ioctl_operations,Message_Structure_Handling,0,**AIARelevantFunction Score (0%)**: The function `gk20a_power_open` does not involve any operations related to shared memory (SMem) with an AI Accelerator (AIA). It primarily deals with opening a d...,None,None
128,gk20a_power_release,ioctl_operations,Message_Structure_Handling,0,**AIARelevantFunction Score (0%)**: The function `gk20a_power_release` does not involve any operations related to shared memory (SMem) with an AI Accelerator (AIA). It primarily handles the release...,None,None
129,gk20a_ctrl_dev_open,ioctl_operations,Message_Structure_Handling,0,**AIARelevantFunction Score (0%)**: The function `gk20a_ctrl_dev_open` does not perform any operations related to sharing memory with an AI Accelerator (AIA). It primarily handles device opening lo...,None,None
130,nvgpu_ctrl_ioctl_gpu_characteristics_flags,ioctl_operations,Message_Structure_Handling,0,**AIARelevantFunction Score (0%)**: The function `nvgpu_ctrl_ioctl_gpu_characteristics_flags` does not interact with shared memory or perform any operations that would typically be associated with ...,None,None
131,nvgpu_get_ioctl_graphics_preempt_mode_flags,ioctl_operations,Message_Structure_Handling,0,**AIARelevantFunction Score (0)**: The function `nvgpu_get_ioctl_graphics_preempt_mode_flags` does not interact with shared memory or perform any operations related to AI Accelerator integration. I...,None,None
132,nvgpu_get_ioctl_compute_preempt_mode_flags,ioctl_operations,Message_Structure_Handling,0,**AIARelevantFunction Score (0)**: The function `nvgpu_get_ioctl_compute_preempt_mode_flags` does not interact with shared memory or AI Accelerator (AIA) specific operations. It primarily processes...,None,None
133,nvgpu_get_ioctl_graphics_preempt_mode,ioctl_operations,Message_Structure_Handling,0,**AIARelevantFunction Score (0)**: The function `nvgpu_get_ioctl_graphics_preempt_mode` does not involve any operations related to shared memory (SMem) with an AI Accelerator (AIA). It simply handl...,None,None
134,nvgpu_get_ioctl_compute_preempt_mode,ioctl_operations,Message_Structure_Handling,0,**AIARelevantFunction Score (0)**: The function `nvgpu_get_ioctl_compute_preempt_mode` does not involve any operations related to shared memory (SMem) with an AI Accelerator (AIA). It simply transl...,None,None
135,gk20a_as_ioctl_alloc_space,ioctl_operations,Message_Structure_Handling,0,**AIARelevantFunction Score (0%)**: The function `gk20a_as_ioctl_alloc_space` does not directly involve any operations related to sharing memory with an AI Accelerator (AIA). It primarily focuses o...,struct nvgpu_as_alloc_space_args,None
136,nvgpu_ioctl_tsg_open,ioctl_operations,Message_Structure_Handling,0,**AIARelevantFunction Score (0%)**: The function `nvgpu_ioctl_tsg_open` does not directly involve any operations related to shared memory (SMem) with an AI Accelerator (AIA). It primarily focuses o...,None,None
137,nvgpu_ioctl_channel_alloc_obj_ctx,ioctl_operations,Message_Structure_Handling,0,**AIARelevantFunction (0%)**: The function `nvgpu_ioctl_channel_alloc_obj_ctx` does not directly interact with shared memory or AI Accelerator (AIA) functionalities. It primarily calls a setup func...,None,None
138,gk20a_channel_open_ioctl,ioctl_operations,Message_Structure_Handling,0,**AIARelevantFunction Score (0%)**: The function `gk20a_channel_open_ioctl` does not directly involve any operations related to sharing memory with an AI Accelerator (AIA). It primarily handles the...,None,None
139,gk20a_as_ioctl_bind_channel,ioctl_operations,Message_Structure_Handling,0,**AIARelevantFunction Score (0)**: The function `gk20a_as_ioctl_bind_channel` does not interact with an AI Accelerator (AIA) or shared memory (SMem) directly. It primarily focuses on binding a chan...,None,None
140,gk20a_as_ioctl_unmap_buffer,ioctl_operations,Message_Structure_Handling,0,**AIARelevantFunction Score (0%)**: The function `gk20a_as_ioctl_unmap_buffer` does not involve any operations that directly relate to sharing memory with an AI Accelerator (AIA). It primarily hand...,None,None
141,nvmap_release,ioctl_operations,Message_Structure_Handling,0,**AIARelevantFunction Score (0%)**: The `nvmap_release` function does not involve any operations related to sharing memory with an AI Accelerator (AIA). It primarily handles the release of a client...,None,None
142,gk20a_event_id_release,ioctl_operations,Message_Structure_Handling,0,**AIARelevantFunction Score (0%)**: The function `gk20a_event_id_release` does not interact with shared memory or AI Accelerator (AIA) functionalities. It primarily deals with releasing an event ID...,None,None
143,gk20a_channel_release,ioctl_operations,Message_Structure_Handling,0,**AIARelevantFunction Score (0%)**: The function `gk20a_channel_release` does not involve any operations related to shared memory management or interactions with an AI Accelerator (AIA). It primari...,None,None
144,nvgpu_ioctl_tsg_dev_release,ioctl_operations,Message_Structure_Handling,0,**AIARelevantFunction Score (0)**: The function `nvgpu_ioctl_tsg_dev_release` does not involve any operations related to shared memory (SMem) with an AI Accelerator (AIA). It primarily deals with r...,None,None
145,nvgpu_ioctl_tsg_release,ioctl_operations,Message_Structure_Handling,0,**AIARelevantFunction Score (0)**: The function `nvgpu_ioctl_tsg_release` does not involve any operations related to shared memory (SMem) with an AI Accelerator (AIA). It primarily deals with relea...,None,None
146,gk20a_as_dev_release,ioctl_operations,Message_Structure_Handling,0,**AIARelevantFunction Score (0)**: The function `gk20a_as_dev_release` does not interact with any AI Accelerator (AIA) relevant functions or shared memory management. It primarily deals with releas...,None,None
