[    0.000000] Linux version 5.19.0-1024-aws (buildd@lcy02-amd64-094) (x86_64-linux-gnu-gcc (Ubuntu 11.3.0-1ubuntu1~22.04.1) 11.3.0, GNU ld (GNU Binutils for Ubuntu) 2.38) #25~22.04.1-Ubuntu SMP Tue Apr 18 23:41:58 UTC 2023 (Ubuntu 5.19.0-1024.25~22.04.1-aws 5.19.17)
[    0.000000] Command line: BOOT_IMAGE=/boot/vmlinuz-5.19.0-1024-aws root=PARTUUID=5dd15513-d379-4139-a16e-8b08f5b30512 ro console=tty1 console=ttyS0 nvme_core.io_timeout=4294967295 panic=-1
[    0.000000] KERNEL supported cpus:
[    0.000000]   Intel GenuineIntel
[    0.000000]   AMD AuthenticAMD
[    0.000000]   Hygon HygonGenuine
[    0.000000]   Centaur CentaurHauls
[    0.000000]   zhaoxin   Shanghai  
[    0.000000] x86/fpu: Supporting XSAVE feature 0x001: 'x87 floating point registers'
[    0.000000] x86/fpu: Supporting XSAVE feature 0x002: 'SSE registers'
[    0.000000] x86/fpu: Supporting XSAVE feature 0x004: 'AVX registers'
[    0.000000] x86/fpu: Supporting XSAVE feature 0x008: 'MPX bounds registers'
[    0.000000] x86/fpu: Supporting XSAVE feature 0x010: 'MPX CSR'
[    0.000000] x86/fpu: Supporting XSAVE feature 0x020: 'AVX-512 opmask'
[    0.000000] x86/fpu: Supporting XSAVE feature 0x040: 'AVX-512 Hi256'
[    0.000000] x86/fpu: Supporting XSAVE feature 0x080: 'AVX-512 ZMM_Hi256'
[    0.000000] x86/fpu: Supporting XSAVE feature 0x200: 'Protection Keys User registers'
[    0.000000] x86/fpu: xstate_offset[2]:  576, xstate_sizes[2]:  256
[    0.000000] x86/fpu: xstate_offset[3]:  832, xstate_sizes[3]:   64
[    0.000000] x86/fpu: xstate_offset[4]:  896, xstate_sizes[4]:   64
[    0.000000] x86/fpu: xstate_offset[5]:  960, xstate_sizes[5]:   64
[    0.000000] x86/fpu: xstate_offset[6]: 1024, xstate_sizes[6]:  512
[    0.000000] x86/fpu: xstate_offset[7]: 1536, xstate_sizes[7]: 1024
[    0.000000] x86/fpu: xstate_offset[9]: 2560, xstate_sizes[9]:    8
[    0.000000] x86/fpu: Enabled xstate features 0x2ff, context size is 2568 bytes, using 'compacted' format.
[    0.000000] signal: max sigframe size: 3632
[    0.000000] BIOS-provided physical RAM map:
[    0.000000] BIOS-e820: [mem 0x0000000000000000-0x000000000009fbff] usable
[    0.000000] BIOS-e820: [mem 0x000000000009fc00-0x000000000009ffff] reserved
[    0.000000] BIOS-e820: [mem 0x00000000000f0000-0x00000000000fffff] reserved
[    0.000000] BIOS-e820: [mem 0x0000000000100000-0x00000000bffe9fff] usable
[    0.000000] BIOS-e820: [mem 0x00000000bffea000-0x00000000bfffffff] reserved
[    0.000000] BIOS-e820: [mem 0x00000000e0000000-0x00000000e03fffff] reserved
[    0.000000] BIOS-e820: [mem 0x00000000fffc0000-0x00000000ffffffff] reserved
[    0.000000] BIOS-e820: [mem 0x0000000100000000-0x000000022d3fffff] usable
[    0.000000] BIOS-e820: [mem 0x000000022d400000-0x000000023fffffff] reserved
[    0.000000] NX (Execute Disable) protection: active
[    0.000000] SMBIOS 2.7 present.
[    0.000000] DMI: Amazon EC2 inf1.xlarge/, BIOS 1.0 10/16/2017
[    0.000000] Hypervisor detected: KVM
[    0.000000] kvm-clock: Using msrs 4b564d01 and 4b564d00
[    0.000001] kvm-clock: using sched offset of 1790544616 cycles
[    0.000003] clocksource: kvm-clock: mask: 0xffffffffffffffff max_cycles: 0x1cd42e4dffb, max_idle_ns: 881590591483 ns
[    0.000005] tsc: Detected 3000.020 MHz processor
[    0.000431] e820: update [mem 0x00000000-0x00000fff] usable ==> reserved
[    0.000433] e820: remove [mem 0x000a0000-0x000fffff] usable
[    0.000438] last_pfn = 0x22d400 max_arch_pfn = 0x400000000
[    0.000476] x86/PAT: Configuration [0-7]: WB  WC  UC- UC  WB  WP  UC- WT  
[    0.000483] last_pfn = 0xbffea max_arch_pfn = 0x400000000
[    0.008937] Using GB pages for direct mapping
[    0.009073] RAMDISK: [mem 0x36d9f000-0x376c6fff]
[    0.009083] ACPI: Early table checksum verification disabled
[    0.009088] ACPI: RSDP 0x00000000000F8F40 000014 (v00 AMAZON)
[    0.009094] ACPI: RSDT 0x00000000BFFEE260 000044 (v01 AMAZON AMZNRSDT 00000001 AMZN 00000001)
[    0.009099] ACPI: FACP 0x00000000BFFEFF80 000074 (v01 AMAZON AMZNFACP 00000001 AMZN 00000001)
[    0.009104] ACPI: DSDT 0x00000000BFFEE2B0 0010E9 (v01 AMAZON AMZNDSDT 00000001 AMZN 00000001)
[    0.009107] ACPI: FACS 0x00000000BFFEFF40 000040
[    0.009110] ACPI: SSDT 0x00000000BFFEF600 00093C (v01 AMAZON AMZNSSDT 00000001 AMZN 00000001)
[    0.009113] ACPI: APIC 0x00000000BFFEF500 000086 (v01 AMAZON AMZNAPIC 00000001 AMZN 00000001)
[    0.009115] ACPI: SRAT 0x00000000BFFEF440 0000C0 (v01 AMAZON AMZNSRAT 00000001 AMZN 00000001)
[    0.009118] ACPI: SLIT 0x00000000BFFEF3D0 00006C (v01 AMAZON AMZNSLIT 00000001 AMZN 00000001)
[    0.009121] ACPI: WAET 0x00000000BFFEF3A0 000028 (v01 AMAZON AMZNWAET 00000001 AMZN 00000001)
[    0.009126] ACPI: HPET 0x00000000000C9000 000038 (v01 AMAZON AMZNHPET 00000001 AMZN 00000001)
[    0.009128] ACPI: SSDT 0x00000000000C9040 00007B (v01 AMAZON AMZNSSDT 00000001 AMZN 00000001)
[    0.009131] ACPI: Reserving FACP table memory at [mem 0xbffeff80-0xbffefff3]
[    0.009132] ACPI: Reserving DSDT table memory at [mem 0xbffee2b0-0xbffef398]
[    0.009133] ACPI: Reserving FACS table memory at [mem 0xbffeff40-0xbffeff7f]
[    0.009133] ACPI: Reserving SSDT table memory at [mem 0xbffef600-0xbffeff3b]
[    0.009134] ACPI: Reserving APIC table memory at [mem 0xbffef500-0xbffef585]
[    0.009135] ACPI: Reserving SRAT table memory at [mem 0xbffef440-0xbffef4ff]
[    0.009136] ACPI: Reserving SLIT table memory at [mem 0xbffef3d0-0xbffef43b]
[    0.009136] ACPI: Reserving WAET table memory at [mem 0xbffef3a0-0xbffef3c7]
[    0.009137] ACPI: Reserving HPET table memory at [mem 0xc9000-0xc9037]
[    0.009138] ACPI: Reserving SSDT table memory at [mem 0xc9040-0xc90ba]
[    0.009235] SRAT: PXM 0 -> APIC 0x00 -> Node 0
[    0.009237] SRAT: PXM 0 -> APIC 0x01 -> Node 0
[    0.009238] SRAT: PXM 0 -> APIC 0x02 -> Node 0
[    0.009240] SRAT: PXM 0 -> APIC 0x03 -> Node 0
[    0.009242] ACPI: SRAT: Node 0 PXM 0 [mem 0x00000000-0xbfffffff]
[    0.009245] ACPI: SRAT: Node 0 PXM 0 [mem 0x100000000-0x23fffffff]
[    0.009295] NUMA: Initialized distance table, cnt=1
[    0.009298] NUMA: Node 0 [mem 0x00000000-0xbfffffff] + [mem 0x100000000-0x22d3fffff] -> [mem 0x00000000-0x22d3fffff]
[    0.009305] NODE_DATA(0) allocated [mem 0x22d3d4000-0x22d3fefff]
[    0.009630] Zone ranges:
[    0.009630]   DMA      [mem 0x0000000000001000-0x0000000000ffffff]
[    0.009632]   DMA32    [mem 0x0000000001000000-0x00000000ffffffff]
[    0.009633]   Normal   [mem 0x0000000100000000-0x000000022d3fffff]
[    0.009635]   Device   empty
[    0.009635] Movable zone start for each node
[    0.009638] Early memory node ranges
[    0.009638]   node   0: [mem 0x0000000000001000-0x000000000009efff]
[    0.009639]   node   0: [mem 0x0000000000100000-0x00000000bffe9fff]
[    0.009640]   node   0: [mem 0x0000000100000000-0x000000022d3fffff]
[    0.009642] Initmem setup node 0 [mem 0x0000000000001000-0x000000022d3fffff]
[    0.009649] On node 0, zone DMA: 1 pages in unavailable ranges
[    0.009685] On node 0, zone DMA: 97 pages in unavailable ranges
[    0.026767] On node 0, zone Normal: 22 pages in unavailable ranges
[    0.026907] On node 0, zone Normal: 11264 pages in unavailable ranges
[    0.027315] ACPI: PM-Timer IO Port: 0xb008
[    0.027324] ACPI: LAPIC_NMI (acpi_id[0xff] dfl dfl lint[0x1])
[    0.027388] IOAPIC[0]: apic_id 0, version 32, address 0xfec00000, GSI 0-23
[    0.027391] ACPI: INT_SRC_OVR (bus 0 bus_irq 5 global_irq 5 high level)
[    0.027393] ACPI: INT_SRC_OVR (bus 0 bus_irq 9 global_irq 9 high level)
[    0.027394] ACPI: INT_SRC_OVR (bus 0 bus_irq 10 global_irq 10 high level)
[    0.027395] ACPI: INT_SRC_OVR (bus 0 bus_irq 11 global_irq 11 high level)
[    0.027399] ACPI: Using ACPI (MADT) for SMP configuration information
[    0.027400] ACPI: HPET id: 0x8086a201 base: 0xfed00000
[    0.027403] TSC deadline timer available
[    0.027404] smpboot: Allowing 4 CPUs, 0 hotplug CPUs
[    0.027430] PM: hibernation: Registered nosave memory: [mem 0x00000000-0x00000fff]
[    0.027433] PM: hibernation: Registered nosave memory: [mem 0x0009f000-0x0009ffff]
[    0.027435] PM: hibernation: Registered nosave memory: [mem 0x000a0000-0x000effff]
[    0.027436] PM: hibernation: Registered nosave memory: [mem 0x000f0000-0x000fffff]
[    0.027439] PM: hibernation: Registered nosave memory: [mem 0xbffea000-0xbfffffff]
[    0.027440] PM: hibernation: Registered nosave memory: [mem 0xc0000000-0xdfffffff]
[    0.027442] PM: hibernation: Registered nosave memory: [mem 0xe0000000-0xe03fffff]
[    0.027443] PM: hibernation: Registered nosave memory: [mem 0xe0400000-0xfffbffff]
[    0.027444] PM: hibernation: Registered nosave memory: [mem 0xfffc0000-0xffffffff]
[    0.027447] [mem 0xc0000000-0xdfffffff] available for PCI devices
[    0.027448] Booting paravirtualized kernel on KVM
[    0.027450] clocksource: refined-jiffies: mask: 0xffffffff max_cycles: 0xffffffff, max_idle_ns: 7645519600211568 ns
[    0.027456] setup_percpu: NR_CPUS:8192 nr_cpumask_bits:4 nr_cpu_ids:4 nr_node_ids:1
[    0.027804] percpu: Embedded 61 pages/cpu s212992 r8192 d28672 u524288
[    0.027809] pcpu-alloc: s212992 r8192 d28672 u524288 alloc=1*2097152
[    0.027811] pcpu-alloc: [0] 0 1 2 3 
[    0.028237] kvm-guest: PV spinlocks disabled, no host support
[    0.028239] Fallback order for Node 0: 0 
[    0.028242] Built 1 zonelists, mobility grouping on.  Total pages: 1988506
[    0.028243] Policy zone: Normal
[    0.028244] Kernel command line: BOOT_IMAGE=/boot/vmlinuz-5.19.0-1024-aws root=PARTUUID=5dd15513-d379-4139-a16e-8b08f5b30512 ro console=tty1 console=ttyS0 nvme_core.io_timeout=4294967295 panic=-1
[    0.028296] Unknown kernel command line parameters "BOOT_IMAGE=/boot/vmlinuz-5.19.0-1024-aws", will be passed to user space.
[    0.029444] Dentry cache hash table entries: 1048576 (order: 11, 8388608 bytes, linear)
[    0.030018] Inode-cache hash table entries: 524288 (order: 10, 4194304 bytes, linear)
[    0.030074] mem auto-init: stack:off, heap alloc:on, heap free:off
[    0.059592] Memory: 7818764K/8080928K available (18440K kernel code, 4051K rwdata, 11332K rodata, 3280K init, 4792K bss, 261904K reserved, 0K cma-reserved)
[    0.059862] SLUB: HWalign=64, Order=0-3, MinObjects=0, CPUs=4, Nodes=1
[    0.059876] Kernel/User page tables isolation: enabled
[    0.059889] ftrace: allocating 52414 entries in 205 pages
[    0.059955] ftrace section at ffffffff9ec09140 sorted properly
[    0.069028] ftrace: allocated 205 pages with 5 groups
[    0.069144] rcu: Hierarchical RCU implementation.
[    0.069145] rcu: 	RCU restricting CPUs from NR_CPUS=8192 to nr_cpu_ids=4.
[    0.069147] 	Rude variant of Tasks RCU enabled.
[    0.069147] 	Tracing variant of Tasks RCU enabled.
[    0.069148] rcu: RCU calculated value of scheduler-enlistment delay is 25 jiffies.
[    0.069149] rcu: Adjusting geometry for rcu_fanout_leaf=16, nr_cpu_ids=4
[    0.073146] NR_IRQS: 524544, nr_irqs: 456, preallocated irqs: 16
[    0.073343] rcu: srcu_init: Setting srcu_struct sizes based on contention.
[    0.073365] random: crng init done
[    0.214078] Console: colour VGA+ 80x25
[    0.749837] printk: console [tty1] enabled
[    0.902188] printk: console [ttyS0] enabled
[    0.905796] ACPI: Core revision 20220331
[    0.909471] clocksource: hpet: mask: 0xffffffff max_cycles: 0xffffffff, max_idle_ns: 30580167144 ns
[    0.916768] APIC: Switch to symmetric I/O mode setup
[    0.921044] x2apic enabled
[    0.924410] Switched APIC routing to physical x2apic.
[    0.929805] clocksource: tsc-early: mask: 0xffffffffffffffff max_cycles: 0x2b3e5853ced, max_idle_ns: 440795278721 ns
[    0.937751] Calibrating delay loop (skipped) preset value.. 6000.04 BogoMIPS (lpj=12000080)
[    0.941748] pid_max: default: 32768 minimum: 301
[    0.941748] LSM: Security Framework initializing
[    0.941748] landlock: Up and running.
[    0.941748] Yama: becoming mindful.
[    0.941748] AppArmor: AppArmor initialized
[    0.941748] Mount-cache hash table entries: 16384 (order: 5, 131072 bytes, linear)
[    0.941748] Mountpoint-cache hash table entries: 16384 (order: 5, 131072 bytes, linear)
[    0.941748] Last level iTLB entries: 4KB 64, 2MB 8, 4MB 8
[    0.941748] Last level dTLB entries: 4KB 64, 2MB 0, 4MB 0, 1GB 4
[    0.941748] Spectre V1 : Mitigation: usercopy/swapgs barriers and __user pointer sanitization
[    0.941748] Spectre V2 : Mitigation: Retpolines
[    0.941748] Spectre V2 : Spectre v2 / SpectreRSB mitigation: Filling RSB on context switch
[    0.941748] Spectre V2 : Spectre v2 / SpectreRSB : Filling RSB on VMEXIT
[    0.941748] RETBleed: WARNING: Spectre v2 mitigation leaves CPU vulnerable to RETBleed attacks, data leaks possible!
[    0.941748] RETBleed: Vulnerable
[    0.941748] Speculative Store Bypass: Vulnerable
[    0.941748] MDS: Vulnerable: Clear CPU buffers attempted, no microcode
[    0.941748] MMIO Stale Data: Vulnerable: Clear CPU buffers attempted, no microcode
[    0.941748] Freeing SMP alternatives memory: 44K
[    0.941748] smpboot: CPU0: Intel(R) Xeon(R) Platinum 8275CL CPU @ 3.00GHz (family: 0x6, model: 0x55, stepping: 0x7)
[    0.945871] cblist_init_generic: Setting adjustable number of callback queues.
[    0.949750] cblist_init_generic: Setting shift to 2 and lim to 1.
[    0.953765] cblist_init_generic: Setting shift to 2 and lim to 1.
[    0.957763] Performance Events: unsupported p6 CPU model 85 no PMU driver, software events only.
[    0.961837] Estimated ratio of average max frequency by base frequency (times 1024): 1262
[    0.965774] rcu: Hierarchical SRCU implementation.
[    0.969598] rcu: 	Max phase no-delay instances is 1000.
[    0.973284] NMI watchdog: Perf NMI watchdog permanently disabled
[    0.977163] smp: Bringing up secondary CPUs ...
[    0.980863] x86: Booting SMP configuration:
[    0.981751] .... node  #0, CPUs:      #1 #2
[    0.982740] MDS CPU bug present and SMT on, data leak possible. See https://www.kernel.org/doc/html/latest/admin-guide/hw-vuln/mds.html for more details.
[    0.989751] MMIO Stale Data CPU bug present and SMT on, data leak possible. See https://www.kernel.org/doc/html/latest/admin-guide/hw-vuln/processor_mmio_stale_data.html for more details.
[    0.993865]  #3
[    0.994428] smp: Brought up 1 node, 4 CPUs
[    1.000639] smpboot: Max logical packages: 1
[    1.001751] smpboot: Total of 4 processors activated (24000.16 BogoMIPS)
[    1.006372] devtmpfs: initialized
[    1.008992] x86/mm: Memory block size: 128MB
[    1.013247] clocksource: jiffies: mask: 0xffffffff max_cycles: 0xffffffff, max_idle_ns: 7645041785100000 ns
[    1.017765] futex hash table entries: 1024 (order: 4, 65536 bytes, linear)
[    1.021803] pinctrl core: initialized pinctrl subsystem
[    1.025962] PM: RTC time: 03:46:14, date: 2025-08-13
[    1.030298] NET: Registered PF_NETLINK/PF_ROUTE protocol family
[    1.033995] DMA: preallocated 1024 KiB GFP_KERNEL pool for atomic allocations
[    1.038301] DMA: preallocated 1024 KiB GFP_KERNEL|GFP_DMA pool for atomic allocations
[    1.041924] DMA: preallocated 1024 KiB GFP_KERNEL|GFP_DMA32 pool for atomic allocations
[    1.045758] audit: initializing netlink subsys (disabled)
[    1.049767] audit: type=2000 audit(1755056773.419:1): state=initialized audit_enabled=0 res=1
[    1.049850] thermal_sys: Registered thermal governor 'fair_share'
[    1.053752] thermal_sys: Registered thermal governor 'bang_bang'
[    1.057750] thermal_sys: Registered thermal governor 'step_wise'
[    1.061750] thermal_sys: Registered thermal governor 'user_space'
[    1.065751] thermal_sys: Registered thermal governor 'power_allocator'
[    1.069756] EISA bus registered
[    1.076913] cpuidle: using governor ladder
[    1.077753] cpuidle: using governor menu
[    1.081242] HugeTLB: can optimize 4095 vmemmap pages for hugepages-1048576kB
[    1.085317] acpiphp: ACPI Hot Plug PCI Controller Driver version: 0.5
[    1.089271] PCI: Using configuration type 1 for base access
[    1.094244] kprobes: kprobe jump-optimization is enabled. All kprobes are optimized if possible.
[    1.097827] HugeTLB: can optimize 7 vmemmap pages for hugepages-2048kB
[    1.101748] HugeTLB registered 1.00 GiB page size, pre-allocated 0 pages
[    1.105752] HugeTLB registered 2.00 MiB page size, pre-allocated 0 pages
[    1.109840] ACPI: Added _OSI(Module Device)
[    1.113752] ACPI: Added _OSI(Processor Device)
[    1.117568] ACPI: Added _OSI(3.0 _SCP Extensions)
[    1.120819] ACPI: Added _OSI(Processor Aggregator Device)
[    1.121754] ACPI: Added _OSI(Linux-Dell-Video)
[    1.125480] ACPI: Added _OSI(Linux-Lenovo-NV-HDMI-Audio)
[    1.128976] ACPI: Added _OSI(Linux-HPI-Hybrid-Graphics)
[    1.134245] ACPI: 3 ACPI AML tables successfully acquired and loaded
[    1.138742] ACPI: Interpreter enabled
[    1.141760] ACPI: PM: (supports S0 S4 S5)
[    1.145259] ACPI: Using IOAPIC for interrupt routing
[    1.148807] PCI: Using host bridge windows from ACPI; if necessary, use "pci=nocrs" and report a bug
[    1.153750] PCI: Using E820 reservations for host bridge windows
[    1.158028] ACPI: Enabled 16 GPEs in block 00 to 0F
[    1.164169] ACPI: PCI Root Bridge [PCI0] (domain 0000 [bus 00-ff])
[    1.165754] acpi PNP0A03:00: _OSC: OS supports [ASPM ClockPM Segments MSI EDR HPX-Type3]
[    1.169752] acpi PNP0A03:00: _OSC: not requesting OS control; OS requires [ExtendedConfig ASPM ClockPM MSI]
[    1.173758] acpi PNP0A03:00: fail to add MMCONFIG information, can't access extended PCI configuration space under this bridge.
[    1.178073] acpiphp: Slot [3] registered
[    1.181641] acpiphp: Slot [4] registered
[    1.184628] acpiphp: Slot [5] registered
[    1.185767] acpiphp: Slot [6] registered
[    1.189267] acpiphp: Slot [7] registered
[    1.192639] acpiphp: Slot [8] registered
[    1.193764] acpiphp: Slot [9] registered
[    1.197242] acpiphp: Slot [10] registered
[    1.200775] acpiphp: Slot [11] registered
[    1.201764] acpiphp: Slot [12] registered
[    1.205280] acpiphp: Slot [13] registered
[    1.208560] acpiphp: Slot [14] registered
[    1.209764] acpiphp: Slot [15] registered
[    1.213284] acpiphp: Slot [16] registered
[    1.216570] acpiphp: Slot [17] registered
[    1.217764] acpiphp: Slot [18] registered
[    1.221306] acpiphp: Slot [19] registered
[    1.224618] acpiphp: Slot [20] registered
[    1.225765] acpiphp: Slot [21] registered
[    1.229241] acpiphp: Slot [22] registered
[    1.232614] acpiphp: Slot [23] registered
[    1.233765] acpiphp: Slot [24] registered
[    1.237246] acpiphp: Slot [25] registered
[    1.240565] acpiphp: Slot [26] registered
[    1.241765] acpiphp: Slot [27] registered
[    1.245230] acpiphp: Slot [28] registered
[    1.248587] acpiphp: Slot [29] registered
[    1.249764] acpiphp: Slot [30] registered
[    1.253296] acpiphp: Slot [31] registered
[    1.256599] PCI host bridge to bus 0000:00
[    1.257751] pci_bus 0000:00: root bus resource [io  0x0000-0x0cf7 window]
[    1.261750] pci_bus 0000:00: root bus resource [io  0x0d00-0xffff window]
[    1.265750] pci_bus 0000:00: root bus resource [mem 0x000a0000-0x000bffff window]
[    1.269750] pci_bus 0000:00: root bus resource [mem 0xc0000000-0xfebfffff window]
[    1.273750] pci_bus 0000:00: root bus resource [mem 0x240000000-0x63fffffff window]
[    1.277751] pci_bus 0000:00: root bus resource [bus 00-ff]
[    1.281787] pci 0000:00:00.0: [8086:1237] type 00 class 0x060000
[    1.286103] pci 0000:00:01.0: [8086:7000] type 00 class 0x060100
[    1.290697] pci 0000:00:01.3: [8086:7113] type 00 class 0x000000
[    1.294485] pci 0000:00:01.3: quirk: [io  0xb000-0xb03f] claimed by PIIX4 ACPI
[    1.297765] pci 0000:00:01.3: quirk: [io  0xb100-0xb10f] claimed by PIIX4 SMB
[    1.301803] pci 0000:00:01.3: PIIX4 devres E PIO at fff0-ffff
[    1.305765] pci 0000:00:01.3: PIIX4 devres F MMIO at ffc00000-ffffffff
[    1.309764] pci 0000:00:01.3: PIIX4 devres G PIO at fff0-ffff
[    1.313763] pci 0000:00:01.3: PIIX4 devres H MMIO at ffc00000-ffffffff
[    1.317763] pci 0000:00:01.3: PIIX4 devres I PIO at fff0-ffff
[    1.321763] pci 0000:00:01.3: PIIX4 devres J PIO at fff0-ffff
[    1.325750] pci 0000:00:01.3: quirk_piix4_acpi+0x0/0x180 took 31250 usecs
[    1.330185] pci 0000:00:03.0: [1d0f:1111] type 00 class 0x030000
[    1.334252] pci 0000:00:03.0: reg 0x10: [mem 0xfe400000-0xfe7fffff pref]
[    1.339412] pci 0000:00:03.0: reg 0x30: [mem 0xfe000000-0xfe00ffff pref]
[    1.341827] pci 0000:00:03.0: Video device with shadowed ROM at [mem 0x000c0000-0x000dffff]
[    1.345985] pci 0000:00:04.0: [1d0f:8061] type 00 class 0x010802
[    1.350757] pci 0000:00:04.0: reg 0x10: [mem 0xfe020000-0xfe023fff]
[    1.358082] pci 0000:00:05.0: [1d0f:ec20] type 00 class 0x020000
[    1.362708] pci 0000:00:05.0: reg 0x10: [mem 0xfe024000-0xfe027fff]
[    1.367413] pci 0000:00:05.0: reg 0x18: [mem 0xfe800000-0xfebfffff pref]
[    1.372980] pci 0000:00:05.0: enabling Extended Tags
[    1.382226] pci 0000:00:1f.0: [1d0f:7064] type 00 class 0x088000
[    1.387481] pci 0000:00:1f.0: reg 0x10: [mem 0xfd800000-0xfdffffff]
[    1.391254] pci 0000:00:1f.0: reg 0x14: [mem 0xfe010000-0xfe01ffff]
[    1.395219] pci 0000:00:1f.0: reg 0x18: [mem 0x600000000-0x61fffffff 64bit pref]
[    1.399149] pci 0000:00:1f.0: reg 0x20: [mem 0x400000000-0x5ffffffff 64bit pref]
[    1.403445] pci 0000:00:1f.0: 31.504 Gb/s available PCIe bandwidth, limited by 8.0 GT/s PCIe x4 link at 0000:00:1f.0 (capable of 63.012 Gb/s with 16.0 GT/s PCIe x4 link)
[    1.410155] ACPI: PCI: Interrupt link LNKA configured for IRQ 10
[    1.413861] ACPI: PCI: Interrupt link LNKB configured for IRQ 10
[    1.417854] ACPI: PCI: Interrupt link LNKC configured for IRQ 11
[    1.421944] ACPI: PCI: Interrupt link LNKD configured for IRQ 11
[    1.425801] ACPI: PCI: Interrupt link LNKS configured for IRQ 9
[    1.430084] iommu: Default domain type: Translated 
[    1.433751] iommu: DMA domain TLB invalidation policy: lazy mode 
[    1.533935] SCSI subsystem initialized
[    1.537771] libata version 3.00 loaded.
[    1.537773] ACPI: bus type USB registered
[    1.540616] usbcore: registered new interface driver usbfs
[    1.545755] usbcore: registered new interface driver hub
[    1.549692] usbcore: registered new device driver usb
[    1.552827] pps_core: LinuxPPS API ver. 1 registered
[    1.557750] pps_core: Software ver. 5.3.6 - Copyright 2005-2007 Rodolfo Giometti <giometti@linux.it>
[    1.561752] PTP clock support registered
[    1.565763] EDAC MC: Ver: 3.0.0
[    1.569884] NetLabel: Initializing
[    1.573751] NetLabel:  domain hash size = 128
[    1.577387] NetLabel:  protocols = UNLABELED CIPSOv4 CALIPSO
[    1.581071] NetLabel:  unlabeled traffic allowed by default
[    1.585776] mctp: management component transport protocol core
[    1.589751] NET: Registered PF_MCTP protocol family
[    1.593750] PCI: Using ACPI for IRQ routing
[    1.597752] PCI: pci_cache_line_size set to 64 bytes
[    1.597883] e820: reserve RAM buffer [mem 0x0009fc00-0x0009ffff]
[    1.597884] e820: reserve RAM buffer [mem 0xbffea000-0xbfffffff]
[    1.597885] e820: reserve RAM buffer [mem 0x22d400000-0x22fffffff]
[    1.597890] pci 0000:00:03.0: vgaarb: setting as boot VGA device
[    1.601748] pci 0000:00:03.0: vgaarb: bridge control possible
[    1.601748] pci 0000:00:03.0: vgaarb: VGA device added: decodes=io+mem,owns=io+mem,locks=none
[    1.613751] vgaarb: loaded
[    1.618162] hpet0: at MMIO 0xfed00000, IRQs 2, 8, 0, 0, 0, 0, 0, 0
[    1.621750] hpet0: 8 comparators, 32-bit 62.500000 MHz counter
[    1.629750] clocksource: Switched to clocksource kvm-clock
[    1.643619] VFS: Disk quotas dquot_6.6.0
[    1.647074] VFS: Dquot-cache hash table entries: 512 (order 0, 4096 bytes)
[    1.651746] AppArmor: AppArmor Filesystem Enabled
[    1.655514] pnp: PnP ACPI init
[    1.659021] pnp: PnP ACPI: found 5 devices
[    1.668700] clocksource: acpi_pm: mask: 0xffffff max_cycles: 0xffffff, max_idle_ns: 2085701024 ns
[    1.675907] NET: Registered PF_INET protocol family
[    1.679862] IP idents hash table entries: 131072 (order: 8, 1048576 bytes, linear)
[    1.687913] tcp_listen_portaddr_hash hash table entries: 4096 (order: 4, 65536 bytes, linear)
[    1.695032] Table-perturb hash table entries: 65536 (order: 6, 262144 bytes, linear)
[    1.701822] TCP established hash table entries: 65536 (order: 7, 524288 bytes, linear)
[    1.708842] TCP bind hash table entries: 65536 (order: 8, 1048576 bytes, linear)
[    1.715516] TCP: Hash tables configured (established 65536 bind 65536)
[    1.720117] MPTCP token hash table entries: 8192 (order: 5, 196608 bytes, linear)
[    1.726765] UDP hash table entries: 4096 (order: 5, 131072 bytes, linear)
[    1.731350] UDP-Lite hash table entries: 4096 (order: 5, 131072 bytes, linear)
[    1.737947] NET: Registered PF_UNIX/PF_LOCAL protocol family
[    1.742006] NET: Registered PF_XDP protocol family
[    1.745808] pci_bus 0000:00: resource 4 [io  0x0000-0x0cf7 window]
[    1.750119] pci_bus 0000:00: resource 5 [io  0x0d00-0xffff window]
[    1.754396] pci_bus 0000:00: resource 6 [mem 0x000a0000-0x000bffff window]
[    1.758954] pci_bus 0000:00: resource 7 [mem 0xc0000000-0xfebfffff window]
[    1.763569] pci_bus 0000:00: resource 8 [mem 0x240000000-0x63fffffff window]
[    1.768273] pci 0000:00:00.0: Limiting direct PCI/PCI transfers
[    1.772500] pci 0000:00:01.0: Activating ISA DMA hang workarounds
[    1.776824] PCI: CLS 32 bytes, default 64
[    1.780263] PCI-DMA: Using software bounce buffering for IO (SWIOTLB)
[    1.780301] Trying to unpack rootfs image as initramfs...
[    1.781256] software IO TLB: mapped [mem 0x00000000bbfea000-0x00000000bffea000] (64MB)
[    1.788340] Freeing initrd memory: 9376K
[    1.789896] clocksource: tsc: mask: 0xffffffffffffffff max_cycles: 0x2b3e5853ced, max_idle_ns: 440795278721 ns
[    1.806368] clocksource: Switched to clocksource tsc
[    1.810480] Initialise system trusted keyrings
[    1.814111] Key type blacklist registered
[    1.817617] workingset: timestamp_bits=36 max_order=21 bucket_order=0
[    1.822991] zbud: loaded
[    1.826094] squashfs: version 4.0 (2009/01/31) Phillip Lougher
[    1.830365] fuse: init (API version 7.36)
[    1.833974] integrity: Platform Keyring initialized
[    1.837790] integrity: Machine keyring initialized
[    1.847699] Key type asymmetric registered
[    1.851190] Asymmetric key parser 'x509' registered
[    1.855301] alg: self-tests for CTR-KDF (hmac(sha256)) passed
[    1.859438] Block layer SCSI generic (bsg) driver version 0.4 loaded (major 243)
[    1.866036] io scheduler mq-deadline registered
[    1.870019] shpchp: Standard Hot Plug PCI Controller Driver version: 0.4
[    1.874659] input: Power Button as /devices/LNXSYSTM:00/LNXPWRBN:00/input/input0
[    1.881270] ACPI: button: Power Button [PWRF]
[    1.884956] input: Sleep Button as /devices/LNXSYSTM:00/LNXSLPBN:00/input/input1
[    1.891815] ACPI: button: Sleep Button [SLPF]
[    1.895772] Serial: 8250/16550 driver, 4 ports, IRQ sharing enabled
[    1.925961] 00:04: ttyS0 at I/O 0x3f8 (irq = 4, base_baud = 115200) is a 16550A
[    1.933041] Linux agpgart interface v0.103
[    1.937833] loop: module loaded
[    1.941265] nvme nvme0: pci function 0000:00:04.0
[    1.945155] tun: Universal TUN/TAP device driver, 1.6
[    1.945365] ACPI: \_SB_.LNKD: Enabled at IRQ 11
[    1.945989] PPP generic driver version 2.4.2
[    1.947936] Spurious interrupt (vector 0xef) on CPU#0. Acked
[    1.950527] VFIO - User Level meta-driver version: 0.3
[    1.952802] Spurious interrupt (vector 0xef) on CPU#0. Acked
[    1.953761] nvme nvme0: 2/0/0 default/read/poll queues
[    1.955257] ehci_hcd: USB 2.0 'Enhanced' Host Controller (EHCI) Driver
[    1.959817]  nvme0n1: p1 p14 p15
[    1.959908] ehci-pci: EHCI PCI platform driver
[    1.983842] ehci-platform: EHCI generic platform driver
[    1.987746] ohci_hcd: USB 1.1 'Open' Host Controller (OHCI) Driver
[    1.992027] ohci-pci: OHCI PCI platform driver
[    1.995635] ohci-platform: OHCI generic platform driver
[    1.999570] uhci_hcd: USB Universal Host Controller Interface driver
[    2.003958] i8042: PNP: PS/2 Controller [PNP0303:KBD,PNP0f13:MOU] at 0x60,0x64 irq 1,12
[    2.010853] i8042: Warning: Keylock active
[    2.015287] serio: i8042 KBD port at 0x60,0x64 irq 1
[    2.019136] serio: i8042 AUX port at 0x60,0x64 irq 12
[    2.023129] mousedev: PS/2 mouse device common for all mice
[    2.027322] rtc_cmos 00:00: RTC can wake from S4
[    2.031923] rtc_cmos 00:00: registered as rtc0
[    2.035745] rtc_cmos 00:00: setting system clock to 2025-08-13T03:46:15 UTC (1755056775)
[    2.042687] rtc_cmos 00:00: alarms up to one day, 114 bytes nvram
[    2.046968] i2c_dev: i2c /dev entries driver
[    2.050580] device-mapper: core: CONFIG_IMA_DISABLE_HTABLE is disabled. Duplicate IMA measurements will not be recorded in the IMA log.
[    2.059004] device-mapper: uevent: version 1.0.3
[    2.062737] device-mapper: ioctl: 4.47.0-ioctl (2022-07-28) initialised: dm-devel@redhat.com
[    2.069694] platform eisa.0: Probing EISA bus 0
[    2.073352] platform eisa.0: EISA: Cannot allocate resource for mainboard
[    2.077929] platform eisa.0: Cannot allocate resource for EISA slot 1
[    2.082365] platform eisa.0: Cannot allocate resource for EISA slot 2
[    2.086801] platform eisa.0: Cannot allocate resource for EISA slot 3
[    2.091215] platform eisa.0: Cannot allocate resource for EISA slot 4
[    2.095701] platform eisa.0: Cannot allocate resource for EISA slot 5
[    2.100121] platform eisa.0: Cannot allocate resource for EISA slot 6
[    2.104556] platform eisa.0: Cannot allocate resource for EISA slot 7
[    2.109100] platform eisa.0: Cannot allocate resource for EISA slot 8
[    2.113598] platform eisa.0: EISA: Detected 0 cards
[    2.117450] intel_pstate: P-states controlled by the platform
[    2.121594] ledtrig-cpu: registered to indicate activity on CPUs
[    2.125960] drop_monitor: Initializing network drop monitor service
[    2.142383] NET: Registered PF_INET6 protocol family
[    2.146793] Segment Routing with IPv6
[    2.150120] In-situ OAM (IOAM) with IPv6
[    2.153570] NET: Registered PF_PACKET protocol family
[    2.157454] Key type dns_resolver registered
[    2.161367] No MBM correction factor available
[    2.165020] IPI shorthand broadcast: enabled
[    2.168571] sched_clock: Marking stable (1304154023, 864399351)->(2542009503, -373456129)
[    2.175576] registered taskstats version 1
[    2.179131] Loading compiled-in X.509 certificates
[    2.183531] Loaded X.509 cert 'Build time autogenerated kernel key: a97c6fad57101cd2006dcc5336351faa1732df97'
[    2.191483] Loaded X.509 cert 'Canonical Ltd. Live Patch Signing: 14df34d1a87cf37625abec039ef2bf521249b969'
[    2.199365] Loaded X.509 cert 'Canonical Ltd. Kernel Module Signing: 88f752e560a1e0737e31163a466ad7b70a850c19'
[    2.206955] blacklist: Loading compiled-in revocation X.509 certificates
[    2.211469] Loaded X.509 cert 'Canonical Ltd. Secure Boot Signing: 61482aa2830d0ab2ad5af10b7250da9033ddcef0'
[    2.219005] Loaded X.509 cert 'Canonical Ltd. Secure Boot Signing (2017): 242ade75ac4a15e50d50c84b0d45ff3eae707a03'
[    2.226753] Loaded X.509 cert 'Canonical Ltd. Secure Boot Signing (ESM 2018): 365188c1d374d6b07c3c8f240f8ef722433d6a8b'
[    2.234610] Loaded X.509 cert 'Canonical Ltd. Secure Boot Signing (2019): c0746fd6c5da3ae827864651ad66ae47fe24b3e8'
[    2.242311] Loaded X.509 cert 'Canonical Ltd. Secure Boot Signing (2021 v1): a8d54bbb3825cfb94fa13c9f8a594a195c107b8d'
[    2.250118] Loaded X.509 cert 'Canonical Ltd. Secure Boot Signing (2021 v2): 4cf046892d6fd3c9a5b03f98d845f90851dc6a8c'
[    2.257947] Loaded X.509 cert 'Canonical Ltd. Secure Boot Signing (2021 v3): 100437bb6de6e469b581e61cd66bce3ef4ed53af'
[    2.265779] Loaded X.509 cert 'Canonical Ltd. Secure Boot Signing (Ubuntu Core 2019): c1d57b8f6b743f23ee41f4f7ee292f06eecadfb9'
[    2.274041] zswap: loaded using pool lzo/zbud
[    2.277770] Key type .fscrypt registered
[    2.281209] Key type fscrypt-provisioning registered
[    2.285497] Key type encrypted registered
[    2.288979] AppArmor: AppArmor sha1 policy hashing enabled
[    2.293017] ima: No TPM chip found, activating TPM-bypass!
[    2.394488] Loading compiled-in module X.509 certificates
[    2.398904] Loaded X.509 cert 'Build time autogenerated kernel key: a97c6fad57101cd2006dcc5336351faa1732df97'
[    2.406411] ima: Allocated hash algorithm: sha1
[    2.410068] ima: No architecture policies found
[    2.413741] evm: Initialising EVM extended attributes:
[    2.417645] evm: security.selinux
[    2.420827] evm: security.SMACK64
[    2.424026] evm: security.SMACK64EXEC
[    2.427366] evm: security.SMACK64TRANSMUTE
[    2.430877] evm: security.SMACK64MMAP
[    2.434202] evm: security.apparmor
[    2.437398] evm: security.ima
[    2.440462] evm: security.capability
[    2.443758] evm: HMAC attrs: 0x1
[    2.448436] PM:   Magic number: 5:540:765
[    2.452287] RAS: Correctable Errors collector initialized.
[    2.534313] input: AT Translated Set 2 keyboard as /devices/platform/i8042/serio0/input/input2
[    2.541066] md: Waiting for all devices to be available before autodetect
[    2.545141] md: If you don't use raid, use raid=noautodetect
[    2.548865] md: Autodetecting RAID arrays.
[    2.552059] md: autorun ...
[    2.554838] md: ... autorun DONE.
[    2.565343] EXT4-fs (nvme0n1p1): mounted filesystem with ordered data mode. Quota mode: none.
[    2.571674] VFS: Mounted root (ext4 filesystem) readonly on device 259:1.
[    2.576158] devtmpfs: mounted
[    2.580027] Freeing unused decrypted memory: 2036K
[    2.584216] Freeing unused kernel image (initmem) memory: 3280K
[    2.593757] Write protecting the kernel read-only data: 32768k
[    2.598074] Freeing unused kernel image (text/rodata gap) memory: 2036K
[    2.602304] Freeing unused kernel image (rodata/data gap) memory: 956K
[    2.652050] x86/mm: Checked W+X mappings: passed, no W+X pages found.
[    2.656003] x86/mm: Checking user space page tables
[    2.703503] x86/mm: Checked W+X mappings: passed, no W+X pages found.
[    2.707468] Run /sbin/init as init process
[    2.710697]   with arguments:
[    2.710698]     /sbin/init
[    2.710699]   with environment:
[    2.710700]     HOME=/
[    2.710700]     TERM=linux
[    2.710701]     BOOT_IMAGE=/boot/vmlinuz-5.19.0-1024-aws
[    2.858384] systemd[1]: Inserted module 'autofs4'
[    2.886039] systemd[1]: systemd 249.11-0ubuntu3.15 running in system mode (+PAM +AUDIT +SELINUX +APPARMOR +IMA +SMACK +SECCOMP +GCRYPT +GNUTLS +OPENSSL +ACL +BLKID +CURL +ELFUTILS +FIDO2 +IDN2 -IDN +IPTC +KMOD +LIBCRYPTSETUP +LIBFDISK +PCRE2 -PWQUALITY -P11KIT -QRENCODE +BZIP2 +LZ4 +XZ +ZLIB +ZSTD -XKBCOMMON +UTMP +SYSVINIT default-hierarchy=unified)
[    2.904993] systemd[1]: Detected virtualization amazon.
[    2.908606] systemd[1]: Detected architecture x86-64.
[    2.914734] systemd[1]: Hostname set to <ip-172-31-16-130>.
[    3.083034] systemd[1]: Configuration file /run/systemd/system/netplan-ovs-cleanup.service is marked world-inaccessible. This has no effect as configuration data is accessible via APIs without restrictions. Proceeding anyway.
[    3.119995] systemd[1]: /lib/systemd/system/snapd.service:23: Unknown key name 'RestartMode' in section 'Service', ignoring.
[    3.258318] systemd[1]: Queued start job for default target Graphical Interface.
[    3.278405] systemd[1]: Created slice Slice /system/modprobe.
[    3.283689] systemd[1]: Created slice Slice /system/serial-getty.
[    3.289014] systemd[1]: Created slice Slice /system/systemd-fsck.
[    3.294305] systemd[1]: Created slice User and Session Slice.
[    3.299248] systemd[1]: Started Forward Password Requests to Wall Directory Watch.
[    3.306924] systemd[1]: Set up automount Arbitrary Executable File Formats File System Automount Point.
[    3.315047] systemd[1]: Reached target Slice Units.
[    3.319435] systemd[1]: Reached target Mounting snaps.
[    3.324069] systemd[1]: Reached target Swaps.
[    3.328237] systemd[1]: Reached target System Time Set.
[    3.332802] systemd[1]: Reached target Local Verity Protected Volumes.
[    3.338072] systemd[1]: Listening on Device-mapper event daemon FIFOs.
[    3.343347] systemd[1]: Listening on LVM2 poll daemon socket.
[    3.348261] systemd[1]: Listening on multipathd control socket.
[    3.372458] systemd[1]: Listening on RPCbind Server Activation Socket.
[    3.377923] systemd[1]: Listening on Syslog Socket.
[    3.382463] systemd[1]: Listening on fsck to fsckd communication Socket.
[    3.387864] systemd[1]: Listening on initctl Compatibility Named Pipe.
[    3.393297] systemd[1]: Listening on Journal Audit Socket.
[    3.398178] systemd[1]: Listening on Journal Socket (/dev/log).
[    3.403203] systemd[1]: Listening on Journal Socket.
[    3.407861] systemd[1]: Listening on Network Service Netlink Socket.
[    3.413134] systemd[1]: Listening on udev Control Socket.
[    3.417882] systemd[1]: Listening on udev Kernel Socket.
[    3.442282] systemd[1]: Mounting POSIX Message Queue File System...
[    3.447968] systemd[1]: Mounting Kernel Debug File System...
[    3.453265] systemd[1]: Mounting Kernel Trace File System...
[    3.459177] systemd[1]: Starting Journal Service...
[    3.463594] systemd[1]: Condition check resulted in Kernel Module supporting RPCSEC_GSS being skipped.
[    3.470995] systemd[1]: Starting Elastic Fabric Adapter Configuration...
[    3.477106] systemd[1]: Starting Set the console keyboard layout...
[    3.483202] systemd[1]: Starting Create List of Static Device Nodes...
[    3.489509] systemd[1]: Starting Monitoring of LVM2 mirrors, snapshots etc. using dmeventd or progress polling...
[    3.498312] systemd[1]: Condition check resulted in LXD - agent being skipped.
[    3.505017] systemd[1]: Starting Load Kernel Module configfs...
[    3.510783] systemd[1]: Starting Load Kernel Module drm...
[    3.516284] systemd[1]: Starting Load Kernel Module efi_pstore...
[    3.522256] systemd[1]: Starting Load Kernel Module fuse...
[    3.527933] systemd[1]: Condition check resulted in OpenVSwitch configuration for cleanup being skipped.
[    3.535593] systemd[1]: Starting File System Check on Root Device...
[    3.542992] systemd[1]: Starting Load Kernel Modules...
[    3.547899] ACPI: bus type drm_connector registered
[    3.551974] systemd[1]: Starting Coldplug All udev Devices...
[    3.558650] systemd[1]: Started Journal Service.
[    3.591128] efa: loading out-of-tree module taints kernel.
[    3.594861] efa: module verification failed: signature and/or required key missing - tainting kernel
[    3.602965] Elastic Fabric Adapter (EFA) v2.13.0g
[    3.631862] Neuron Driver Started with Version:2.20.28.0-f8382cc9522eb9ffbd6742bdb6ca9ae9c497b6d2 at: 2025-aug-13 03:46:17.096119
[    3.632613] ACPI: \_SB_.LNKC: Enabled at IRQ 10
[    3.660697] EXT4-fs (nvme0n1p1): re-mounted. Quota mode: none.
[    3.671784] neuron:mpset_constructor: reserved 134217728 bytes of host memory
[    3.676243] neuron:mp_init_device_mem: small genpool size 1073741824 is invalid, skipping small genpool
[    3.678168] systemd-journald[188]: Received client request to flush runtime journal.
[    3.685983] alua: device handler registered
[    3.696998] emc: device handler registered
[    3.704246] rdac: device handler registered
[    3.781771] neuron:nr_reset_thread_fn: nd0: initiating reset request 4294967295
[    3.916970] cryptd: max_cpu_qlen set to 1000
[    3.917775] ena 0000:00:05.0: ENA device version: 0.10
[    3.917778] ena 0000:00:05.0: ENA controller version: 0.0.1 implementation version 1
[    3.932435] AVX2 version of gcm_enc/dec engaged.
[    3.932495] AES CTR mode by8 optimization enabled
[    3.939049] ena 0000:00:05.0: Elastic Network Adapter (ENA) found at mem fe024000, mac addr 06:93:ff:8f:8a:a9
[    3.941966] parport_pc 00:03: reported by Plug and Play ACPI
[    3.993511] ena 0000:00:05.0 ens5: renamed from eth0
[    3.994789] ppdev: user-space parallel port driver
[    4.497061] loop0: detected capacity change from 0 to 55624
[    4.499857] loop1: detected capacity change from 0 to 56624
[    4.505432] loop2: detected capacity change from 0 to 113384
[    4.507149] loop3: detected capacity change from 0 to 113624
[    4.511023] loop4: detected capacity change from 0 to 130592
[    4.514658] loop5: detected capacity change from 0 to 130592
[    4.521531] loop6: detected capacity change from 0 to 151376
[    4.522192] loop7: detected capacity change from 0 to 151328
[    4.526627] loop8: detected capacity change from 0 to 229272
[    4.529665] loop9: detected capacity change from 0 to 183096
[    4.533338] loop10: detected capacity change from 0 to 104232
[    4.536564] loop11: detected capacity change from 0 to 100952
[    4.654657] audit: type=1400 audit(1755056778.115:2): apparmor="STATUS" operation="profile_load" profile="unconfined" name="lsb_release" pid=382 comm="apparmor_parser"
[    4.658444] audit: type=1400 audit(1755056778.119:3): apparmor="STATUS" operation="profile_load" profile="unconfined" name="nvidia_modprobe" pid=383 comm="apparmor_parser"
[    4.658450] audit: type=1400 audit(1755056778.119:4): apparmor="STATUS" operation="profile_load" profile="unconfined" name="nvidia_modprobe//kmod" pid=383 comm="apparmor_parser"
[    4.662210] audit: type=1400 audit(1755056778.123:5): apparmor="STATUS" operation="profile_load" profile="unconfined" name="ubuntu_pro_apt_news" pid=385 comm="apparmor_parser"
[    4.664697] audit: type=1400 audit(1755056778.123:6): apparmor="STATUS" operation="profile_load" profile="unconfined" name="/usr/lib/NetworkManager/nm-dhcp-client.action" pid=384 comm="apparmor_parser"
[    4.664706] audit: type=1400 audit(1755056778.123:7): apparmor="STATUS" operation="profile_load" profile="unconfined" name="/usr/lib/NetworkManager/nm-dhcp-helper" pid=384 comm="apparmor_parser"
[    4.664709] audit: type=1400 audit(1755056778.123:8): apparmor="STATUS" operation="profile_load" profile="unconfined" name="/usr/lib/connman/scripts/dhclient-script" pid=384 comm="apparmor_parser"
[    4.664711] audit: type=1400 audit(1755056778.123:9): apparmor="STATUS" operation="profile_load" profile="unconfined" name="/{,usr/}sbin/dhclient" pid=384 comm="apparmor_parser"
[    4.665179] audit: type=1400 audit(1755056778.123:10): apparmor="STATUS" operation="profile_load" profile="unconfined" name="/usr/bin/man" pid=391 comm="apparmor_parser"
[    4.703841] RPC: Registered named UNIX socket transport module.
[    4.703843] RPC: Registered udp transport module.
[    4.703844] RPC: Registered tcp transport module.
[    4.703846] RPC: Registered tcp NFSv4.1 backchannel transport module.
[    4.800398] input: ImPS/2 Generic Wheel Mouse as /devices/platform/i8042/serio1/input/input4
[    6.757773] IPv6: ADDRCONF(NETDEV_CHANGE): ens5: link becomes ready
[   10.261280] kauditd_printk_skb: 38 callbacks suppressed
[   10.261283] audit: type=1400 audit(1755056783.720:49): apparmor="STATUS" operation="profile_load" profile="unconfined" name="docker-default" pid=915 comm="apparmor_parser"
[   10.277495] loop12: detected capacity change from 0 to 8
[   10.611494] Initializing XFRM netlink socket
[   10.880615] bridge: filtering via arp/ip/ip6tables is no longer available by default. Update your scripts to load br_netfilter if you need this.
[   10.930226] neuron:nr_reset_thread_fn: nd0: reset request 4294967295 completed
[  327.609176] Neuron Driver Started with Version:2.20.28.0-f8382cc9522eb9ffbd6742bdb6ca9ae9c497b6d2 at: 2025-aug-13 03:51:41.220654
[  327.609996] FUNC_ENTRY: Entering function mpset_constructor at /home/ubuntu/cda/orginal/aws-neuronx-2.20.28.0/neuron_mempool.c:418
[  327.614032] FUNC_ENTRY: Entering function mp_init_hrm_pool at /home/ubuntu/cda/orginal/aws-neuronx-2.20.28.0/neuron_mempool.c:248
[  327.614034] DMA_INSTRUMENT: About to call dma_alloc_coherent from function mp_init_hrm_pool at /home/ubuntu/cda/orginal/aws-neuronx-2.20.28.0/neuron_mempool.c:268
[  327.614035] DMA_STACK_START: Stack trace for dma_alloc_coherent called from mp_init_hrm_pool
[  327.614037] CPU: 1 PID: 1875 Comm: insmod Tainted: G           OE     5.19.0-1024-aws #25~22.04.1-Ubuntu
[  327.614039] Hardware name: Amazon EC2 inf1.xlarge/, BIOS 1.0 10/16/2017
[  327.614040] Call Trace:
[  327.614042]  <TASK>
[  327.614044]  show_stack+0x52/0x69
[  327.614049]  dump_stack_lvl+0x49/0x6d
[  327.614054]  dump_stack+0x10/0x18
[  327.614056]  mpset_constructor+0x268/0xa82 [neuron]
[  327.614072]  ? kmalloc_order+0x6b/0xa0
[  327.614077]  ? kmem_cache_alloc_trace+0x199/0x2f0
[  327.614081]  ? kmalloc_order_trace+0x1d/0xb0
[  327.614082]  neuron_pci_probe+0x3dd/0x610 [neuron]
[  327.614094]  local_pci_probe+0x4b/0x90
[  327.614098]  pci_call_probe+0x55/0x180
[  327.614101]  pci_device_probe+0x84/0x120
[  327.614104]  really_probe+0x1e4/0x3c0
[  327.614106]  __driver_probe_device+0x12a/0x1b0
[  327.614108]  driver_probe_device+0x23/0xd0
[  327.614110]  __driver_attach+0xc3/0x260
[  327.614112]  ? __device_attach_driver+0x160/0x160
[  327.614113]  bus_for_each_dev+0x83/0xe0
[  327.614115]  driver_attach+0x1e/0x30
[  327.614116]  bus_add_driver+0x187/0x230
[  327.614118]  driver_register+0x95/0x110
[  327.614120]  __pci_register_driver+0x68/0x80
[  327.614122]  neuron_pci_module_init+0x25/0x60 [neuron]
[  327.614131]  neuron_module_init+0xd6/0x1000 [neuron]
[  327.614142]  ? 0xffffffffc089f000
[  327.614144]  do_one_initcall+0x49/0x1f0
[  327.614147]  ? kmem_cache_alloc_trace+0x199/0x2f0
[  327.614150]  do_init_module+0x52/0x220
[  327.614152]  load_module+0xb56/0xd30
[  327.614154]  __do_sys_finit_module+0xcc/0x150
[  327.614156]  ? __do_sys_finit_module+0xcc/0x150
[  327.614159]  __x64_sys_finit_module+0x18/0x30
[  327.614160]  do_syscall_64+0x5c/0x90
[  327.614163]  ? exit_to_user_mode_prepare+0x3b/0xd0
[  327.614164]  ? syscall_exit_to_user_mode+0x2a/0x50
[  327.614166]  ? do_syscall_64+0x69/0x90
[  327.614168]  ? exit_to_user_mode_prepare+0x3b/0xd0
[  327.614169]  ? syscall_exit_to_user_mode+0x2a/0x50
[  327.614171]  ? do_syscall_64+0x69/0x90
[  327.614172]  entry_SYSCALL_64_after_hwframe+0x63/0xcd
[  327.614176] RIP: 0033:0x7fce3fd1e88d
[  327.614178] Code: 5b 41 5c c3 66 0f 1f 84 00 00 00 00 00 f3 0f 1e fa 48 89 f8 48 89 f7 48 89 d6 48 89 ca 4d 89 c2 4d 89 c8 4c 8b 4c 24 08 0f 05 <48> 3d 01 f0 ff ff 73 01 c3 48 8b 0d 73 b5 0f 00 f7 d8 64 89 01 48
[  327.614179] RSP: 002b:00007ffc8a2104b8 EFLAGS: 00000246 ORIG_RAX: 0000000000000139
[  327.614182] RAX: ffffffffffffffda RBX: 0000563e65e9b7b0 RCX: 00007fce3fd1e88d
[  327.614183] RDX: 0000000000000000 RSI: 0000563e6589ccd2 RDI: 0000000000000003
[  327.614184] RBP: 0000000000000000 R08: 0000000000000000 R09: 0000000000000000
[  327.614185] R10: 0000000000000003 R11: 0000000000000246 R12: 0000563e6589ccd2
[  327.614186] R13: 0000563e65e9b760 R14: 0000563e6589b888 R15: 0000563e65e9b8c0
[  327.614188]  </TASK>
[  327.614189] DMA_STACK_END: End of stack trace for dma_alloc_coherent
[  327.614671] DMA_INSTRUMENT: About to call dma_free_coherent from function mp_init_hrm_pool at /home/ubuntu/cda/orginal/aws-neuronx-2.20.28.0/neuron_mempool.c:279
[  327.614674] DMA_STACK_START: Stack trace for dma_free_coherent called from mp_init_hrm_pool
[  327.614675] CPU: 1 PID: 1875 Comm: insmod Tainted: G           OE     5.19.0-1024-aws #25~22.04.1-Ubuntu
[  327.614677] Hardware name: Amazon EC2 inf1.xlarge/, BIOS 1.0 10/16/2017
[  327.614679] Call Trace:
[  327.614680]  <TASK>
[  327.614681]  show_stack+0x52/0x69
[  327.614684]  dump_stack_lvl+0x49/0x6d
[  327.614688]  dump_stack+0x10/0x18
[  327.614690]  mpset_constructor+0x322/0xa82 [neuron]
[  327.614710]  ? kmalloc_order+0x6b/0xa0
[  327.614713]  ? kmem_cache_alloc_trace+0x199/0x2f0
[  327.614716]  ? kmalloc_order_trace+0x1d/0xb0
[  327.614718]  neuron_pci_probe+0x3dd/0x610 [neuron]
[  327.614733]  local_pci_probe+0x4b/0x90
[  327.614736]  pci_call_probe+0x55/0x180
[  327.614739]  pci_device_probe+0x84/0x120
[  327.614743]  really_probe+0x1e4/0x3c0
[  327.614745]  __driver_probe_device+0x12a/0x1b0
[  327.614747]  driver_probe_device+0x23/0xd0
[  327.614749]  __driver_attach+0xc3/0x260
[  327.614752]  ? __device_attach_driver+0x160/0x160
[  327.614755]  bus_for_each_dev+0x83/0xe0
[  327.614757]  driver_attach+0x1e/0x30
[  327.614759]  bus_add_driver+0x187/0x230
[  327.614762]  driver_register+0x95/0x110
[  327.614764]  __pci_register_driver+0x68/0x80
[  327.614767]  neuron_pci_module_init+0x25/0x60 [neuron]
[  327.614781]  neuron_module_init+0xd6/0x1000 [neuron]
[  327.614799]  ? 0xffffffffc089f000
[  327.614801]  do_one_initcall+0x49/0x1f0
[  327.614804]  ? kmem_cache_alloc_trace+0x199/0x2f0
[  327.614807]  do_init_module+0x52/0x220
[  327.614809]  load_module+0xb56/0xd30
[  327.614812]  __do_sys_finit_module+0xcc/0x150
[  327.614815]  ? __do_sys_finit_module+0xcc/0x150
[  327.614818]  __x64_sys_finit_module+0x18/0x30
[  327.614821]  do_syscall_64+0x5c/0x90
[  327.614823]  ? exit_to_user_mode_prepare+0x3b/0xd0
[  327.614825]  ? syscall_exit_to_user_mode+0x2a/0x50
[  327.614829]  ? do_syscall_64+0x69/0x90
[  327.614831]  ? exit_to_user_mode_prepare+0x3b/0xd0
[  327.614833]  ? syscall_exit_to_user_mode+0x2a/0x50
[  327.614836]  ? do_syscall_64+0x69/0x90
[  327.614838]  entry_SYSCALL_64_after_hwframe+0x63/0xcd
[  327.614842] RIP: 0033:0x7fce3fd1e88d
[  327.614845] Code: 5b 41 5c c3 66 0f 1f 84 00 00 00 00 00 f3 0f 1e fa 48 89 f8 48 89 f7 48 89 d6 48 89 ca 4d 89 c2 4d 89 c8 4c 8b 4c 24 08 0f 05 <48> 3d 01 f0 ff ff 73 01 c3 48 8b 0d 73 b5 0f 00 f7 d8 64 89 01 48
[  327.614847] RSP: 002b:00007ffc8a2104b8 EFLAGS: 00000246 ORIG_RAX: 0000000000000139
[  327.614851] RAX: ffffffffffffffda RBX: 0000563e65e9b7b0 RCX: 00007fce3fd1e88d
[  327.614853] RDX: 0000000000000000 RSI: 0000563e6589ccd2 RDI: 0000000000000003
[  327.614855] RBP: 0000000000000000 R08: 0000000000000000 R09: 0000000000000000
[  327.614857] R10: 0000000000000003 R11: 0000000000000246 R12: 0000563e6589ccd2
[  327.614858] R13: 0000563e65e9b760 R14: 0000563e6589b888 R15: 0000563e65e9b8c0
[  327.614862]  </TASK>
[  327.614862] DMA_STACK_END: End of stack trace for dma_free_coherent
[  327.614863] DMA_INSTRUMENT: About to call dma_alloc_coherent from function mp_init_hrm_pool at /home/ubuntu/cda/orginal/aws-neuronx-2.20.28.0/neuron_mempool.c:268
[  327.614865] DMA_STACK_START: Stack trace for dma_alloc_coherent called from mp_init_hrm_pool
[  327.614866] CPU: 1 PID: 1875 Comm: insmod Tainted: G           OE     5.19.0-1024-aws #25~22.04.1-Ubuntu
[  327.614869] Hardware name: Amazon EC2 inf1.xlarge/, BIOS 1.0 10/16/2017
[  327.614870] Call Trace:
[  327.614871]  <TASK>
[  327.614873]  show_stack+0x52/0x69
[  327.614876]  dump_stack_lvl+0x49/0x6d
[  327.614879]  dump_stack+0x10/0x18
[  327.614882]  mpset_constructor+0x268/0xa82 [neuron]
[  327.614901]  ? kmalloc_order+0x6b/0xa0
[  327.614905]  ? kmem_cache_alloc_trace+0x199/0x2f0
[  327.614908]  ? kmalloc_order_trace+0x1d/0xb0
[  327.614910]  neuron_pci_probe+0x3dd/0x610 [neuron]
[  327.614926]  local_pci_probe+0x4b/0x90
[  327.614930]  pci_call_probe+0x55/0x180
[  327.614933]  pci_device_probe+0x84/0x120
[  327.614937]  really_probe+0x1e4/0x3c0
[  327.614940]  __driver_probe_device+0x12a/0x1b0
[  327.614943]  driver_probe_device+0x23/0xd0
[  327.614945]  __driver_attach+0xc3/0x260
[  327.614948]  ? __device_attach_driver+0x160/0x160
[  327.614951]  bus_for_each_dev+0x83/0xe0
[  327.614953]  driver_attach+0x1e/0x30
[  327.614956]  bus_add_driver+0x187/0x230
[  327.614959]  driver_register+0x95/0x110
[  327.614962]  __pci_register_driver+0x68/0x80
[  327.614965]  neuron_pci_module_init+0x25/0x60 [neuron]
[  327.614978]  neuron_module_init+0xd6/0x1000 [neuron]
[  327.614997]  ? 0xffffffffc089f000
[  327.614999]  do_one_initcall+0x49/0x1f0
[  327.615003]  ? kmem_cache_alloc_trace+0x199/0x2f0
[  327.615006]  do_init_module+0x52/0x220
[  327.615009]  load_module+0xb56/0xd30
[  327.615013]  __do_sys_finit_module+0xcc/0x150
[  327.615016]  ? __do_sys_finit_module+0xcc/0x150
[  327.615020]  __x64_sys_finit_module+0x18/0x30
[  327.615022]  do_syscall_64+0x5c/0x90
[  327.615025]  ? exit_to_user_mode_prepare+0x3b/0xd0
[  327.615027]  ? syscall_exit_to_user_mode+0x2a/0x50
[  327.615030]  ? do_syscall_64+0x69/0x90
[  327.615032]  ? exit_to_user_mode_prepare+0x3b/0xd0
[  327.615034]  ? syscall_exit_to_user_mode+0x2a/0x50
[  327.615037]  ? do_syscall_64+0x69/0x90
[  327.615039]  entry_SYSCALL_64_after_hwframe+0x63/0xcd
[  327.615043] RIP: 0033:0x7fce3fd1e88d
[  327.615045] Code: 5b 41 5c c3 66 0f 1f 84 00 00 00 00 00 f3 0f 1e fa 48 89 f8 48 89 f7 48 89 d6 48 89 ca 4d 89 c2 4d 89 c8 4c 8b 4c 24 08 0f 05 <48> 3d 01 f0 ff ff 73 01 c3 48 8b 0d 73 b5 0f 00 f7 d8 64 89 01 48
[  327.615047] RSP: 002b:00007ffc8a2104b8 EFLAGS: 00000246 ORIG_RAX: 0000000000000139
[  327.615050] RAX: ffffffffffffffda RBX: 0000563e65e9b7b0 RCX: 00007fce3fd1e88d
[  327.615052] RDX: 0000000000000000 RSI: 0000563e6589ccd2 RDI: 0000000000000003
[  327.615053] RBP: 0000000000000000 R08: 0000000000000000 R09: 0000000000000000
[  327.615055] R10: 0000000000000003 R11: 0000000000000246 R12: 0000563e6589ccd2
[  327.615057] R13: 0000563e65e9b760 R14: 0000563e6589b888 R15: 0000563e65e9b8c0
[  327.615060]  </TASK>
[  327.615061] DMA_STACK_END: End of stack trace for dma_alloc_coherent
[  327.615581] DMA_INSTRUMENT: About to call dma_free_coherent from function mp_init_hrm_pool at /home/ubuntu/cda/orginal/aws-neuronx-2.20.28.0/neuron_mempool.c:279
[  327.615583] DMA_STACK_START: Stack trace for dma_free_coherent called from mp_init_hrm_pool
[  327.615585] CPU: 1 PID: 1875 Comm: insmod Tainted: G           OE     5.19.0-1024-aws #25~22.04.1-Ubuntu
[  327.615587] Hardware name: Amazon EC2 inf1.xlarge/, BIOS 1.0 10/16/2017
[  327.615588] Call Trace:
[  327.615589]  <TASK>
[  327.615591]  show_stack+0x52/0x69
[  327.615594]  dump_stack_lvl+0x49/0x6d
[  327.615597]  dump_stack+0x10/0x18
[  327.615599]  mpset_constructor+0x322/0xa82 [neuron]
[  327.615617]  ? kmalloc_order+0x6b/0xa0
[  327.615620]  ? kmem_cache_alloc_trace+0x199/0x2f0
[  327.615623]  ? kmalloc_order_trace+0x1d/0xb0
[  327.615625]  neuron_pci_probe+0x3dd/0x610 [neuron]
[  327.615639]  local_pci_probe+0x4b/0x90
[  327.615642]  pci_call_probe+0x55/0x180
[  327.615645]  pci_device_probe+0x84/0x120
[  327.615648]  really_probe+0x1e4/0x3c0
[  327.615650]  __driver_probe_device+0x12a/0x1b0
[  327.615652]  driver_probe_device+0x23/0xd0
[  327.615654]  __driver_attach+0xc3/0x260
[  327.615657]  ? __device_attach_driver+0x160/0x160
[  327.615659]  bus_for_each_dev+0x83/0xe0
[  327.615661]  driver_attach+0x1e/0x30
[  327.615663]  bus_add_driver+0x187/0x230
[  327.615665]  driver_register+0x95/0x110
[  327.615667]  __pci_register_driver+0x68/0x80
[  327.615670]  neuron_pci_module_init+0x25/0x60 [neuron]
[  327.615682]  neuron_module_init+0xd6/0x1000 [neuron]
[  327.615697]  ? 0xffffffffc089f000
[  327.615699]  do_one_initcall+0x49/0x1f0
[  327.615702]  ? kmem_cache_alloc_trace+0x199/0x2f0
[  327.615705]  do_init_module+0x52/0x220
[  327.615707]  load_module+0xb56/0xd30
[  327.615710]  __do_sys_finit_module+0xcc/0x150
[  327.615713]  ? __do_sys_finit_module+0xcc/0x150
[  327.615716]  __x64_sys_finit_module+0x18/0x30
[  327.615719]  do_syscall_64+0x5c/0x90
[  327.615721]  ? exit_to_user_mode_prepare+0x3b/0xd0
[  327.615723]  ? syscall_exit_to_user_mode+0x2a/0x50
[  327.615725]  ? do_syscall_64+0x69/0x90
[  327.615726]  ? exit_to_user_mode_prepare+0x3b/0xd0
[  327.615728]  ? syscall_exit_to_user_mode+0x2a/0x50
[  327.615729]  ? do_syscall_64+0x69/0x90
[  327.615731]  entry_SYSCALL_64_after_hwframe+0x63/0xcd
[  327.615733] RIP: 0033:0x7fce3fd1e88d
[  327.615734] Code: 5b 41 5c c3 66 0f 1f 84 00 00 00 00 00 f3 0f 1e fa 48 89 f8 48 89 f7 48 89 d6 48 89 ca 4d 89 c2 4d 89 c8 4c 8b 4c 24 08 0f 05 <48> 3d 01 f0 ff ff 73 01 c3 48 8b 0d 73 b5 0f 00 f7 d8 64 89 01 48
[  327.615736] RSP: 002b:00007ffc8a2104b8 EFLAGS: 00000246 ORIG_RAX: 0000000000000139
[  327.615737] RAX: ffffffffffffffda RBX: 0000563e65e9b7b0 RCX: 00007fce3fd1e88d
[  327.615738] RDX: 0000000000000000 RSI: 0000563e6589ccd2 RDI: 0000000000000003
[  327.615739] RBP: 0000000000000000 R08: 0000000000000000 R09: 0000000000000000
[  327.615740] R10: 0000000000000003 R11: 0000000000000246 R12: 0000563e6589ccd2
[  327.615741] R13: 0000563e65e9b760 R14: 0000563e6589b888 R15: 0000563e65e9b8c0
[  327.615743]  </TASK>
[  327.615743] DMA_STACK_END: End of stack trace for dma_free_coherent
[  327.615744] DMA_INSTRUMENT: About to call dma_alloc_coherent from function mp_init_hrm_pool at /home/ubuntu/cda/orginal/aws-neuronx-2.20.28.0/neuron_mempool.c:268
[  327.615745] DMA_STACK_START: Stack trace for dma_alloc_coherent called from mp_init_hrm_pool
[  327.615746] CPU: 1 PID: 1875 Comm: insmod Tainted: G           OE     5.19.0-1024-aws #25~22.04.1-Ubuntu
[  327.615747] Hardware name: Amazon EC2 inf1.xlarge/, BIOS 1.0 10/16/2017
[  327.615748] Call Trace:
[  327.615749]  <TASK>
[  327.615749]  show_stack+0x52/0x69
[  327.615751]  dump_stack_lvl+0x49/0x6d
[  327.615753]  dump_stack+0x10/0x18
[  327.615755]  mpset_constructor+0x268/0xa82 [neuron]
[  327.615768]  ? kmalloc_order+0x6b/0xa0
[  327.615770]  ? kmem_cache_alloc_trace+0x199/0x2f0
[  327.615772]  ? kmalloc_order_trace+0x1d/0xb0
[  327.615774]  neuron_pci_probe+0x3dd/0x610 [neuron]
[  327.615783]  local_pci_probe+0x4b/0x90
[  327.615785]  pci_call_probe+0x55/0x180
[  327.615788]  pci_device_probe+0x84/0x120
[  327.615790]  really_probe+0x1e4/0x3c0
[  327.615792]  __driver_probe_device+0x12a/0x1b0
[  327.615793]  driver_probe_device+0x23/0xd0
[  327.615795]  __driver_attach+0xc3/0x260
[  327.615796]  ? __device_attach_driver+0x160/0x160
[  327.615798]  bus_for_each_dev+0x83/0xe0
[  327.615799]  driver_attach+0x1e/0x30
[  327.615801]  bus_add_driver+0x187/0x230
[  327.615802]  driver_register+0x95/0x110
[  327.615804]  __pci_register_driver+0x68/0x80
[  327.615806]  neuron_pci_module_init+0x25/0x60 [neuron]
[  327.615815]  neuron_module_init+0xd6/0x1000 [neuron]
[  327.615825]  ? 0xffffffffc089f000
[  327.615826]  do_one_initcall+0x49/0x1f0
[  327.615828]  ? kmem_cache_alloc_trace+0x199/0x2f0
[  327.615830]  do_init_module+0x52/0x220
[  327.615832]  load_module+0xb56/0xd30
[  327.615834]  __do_sys_finit_module+0xcc/0x150
[  327.615836]  ? __do_sys_finit_module+0xcc/0x150
[  327.615838]  __x64_sys_finit_module+0x18/0x30
[  327.615840]  do_syscall_64+0x5c/0x90
[  327.615841]  ? exit_to_user_mode_prepare+0x3b/0xd0
[  327.615843]  ? syscall_exit_to_user_mode+0x2a/0x50
[  327.615845]  ? do_syscall_64+0x69/0x90
[  327.615846]  ? exit_to_user_mode_prepare+0x3b/0xd0
[  327.615847]  ? syscall_exit_to_user_mode+0x2a/0x50
[  327.615849]  ? do_syscall_64+0x69/0x90
[  327.615850]  entry_SYSCALL_64_after_hwframe+0x63/0xcd
[  327.615853] RIP: 0033:0x7fce3fd1e88d
[  327.615854] Code: 5b 41 5c c3 66 0f 1f 84 00 00 00 00 00 f3 0f 1e fa 48 89 f8 48 89 f7 48 89 d6 48 89 ca 4d 89 c2 4d 89 c8 4c 8b 4c 24 08 0f 05 <48> 3d 01 f0 ff ff 73 01 c3 48 8b 0d 73 b5 0f 00 f7 d8 64 89 01 48
[  327.615855] RSP: 002b:00007ffc8a2104b8 EFLAGS: 00000246 ORIG_RAX: 0000000000000139
[  327.615856] RAX: ffffffffffffffda RBX: 0000563e65e9b7b0 RCX: 00007fce3fd1e88d
[  327.615857] RDX: 0000000000000000 RSI: 0000563e6589ccd2 RDI: 0000000000000003
[  327.615858] RBP: 0000000000000000 R08: 0000000000000000 R09: 0000000000000000
[  327.615859] R10: 0000000000000003 R11: 0000000000000246 R12: 0000563e6589ccd2
[  327.615860] R13: 0000563e65e9b760 R14: 0000563e6589b888 R15: 0000563e65e9b8c0
[  327.615861]  </TASK>
[  327.615862] DMA_STACK_END: End of stack trace for dma_alloc_coherent
[  327.616272] DMA_INSTRUMENT: About to call dma_free_coherent from function mp_init_hrm_pool at /home/ubuntu/cda/orginal/aws-neuronx-2.20.28.0/neuron_mempool.c:279
[  327.616273] DMA_STACK_START: Stack trace for dma_free_coherent called from mp_init_hrm_pool
[  327.616274] CPU: 1 PID: 1875 Comm: insmod Tainted: G           OE     5.19.0-1024-aws #25~22.04.1-Ubuntu
[  327.616275] Hardware name: Amazon EC2 inf1.xlarge/, BIOS 1.0 10/16/2017
[  327.616276] Call Trace:
[  327.616276]  <TASK>
[  327.616277]  show_stack+0x52/0x69
[  327.616279]  dump_stack_lvl+0x49/0x6d
[  327.616281]  dump_stack+0x10/0x18
[  327.616283]  mpset_constructor+0x322/0xa82 [neuron]
[  327.616296]  ? kmalloc_order+0x6b/0xa0
[  327.616298]  ? kmem_cache_alloc_trace+0x199/0x2f0
[  327.616300]  ? kmalloc_order_trace+0x1d/0xb0
[  327.616302]  neuron_pci_probe+0x3dd/0x610 [neuron]
[  327.616311]  local_pci_probe+0x4b/0x90
[  327.616313]  pci_call_probe+0x55/0x180
[  327.616315]  pci_device_probe+0x84/0x120
[  327.616318]  really_probe+0x1e4/0x3c0
[  327.616319]  __driver_probe_device+0x12a/0x1b0
[  327.616321]  driver_probe_device+0x23/0xd0
[  327.616323]  __driver_attach+0xc3/0x260
[  327.616324]  ? __device_attach_driver+0x160/0x160
[  327.616326]  bus_for_each_dev+0x83/0xe0
[  327.616327]  driver_attach+0x1e/0x30
[  327.616329]  bus_add_driver+0x187/0x230
[  327.616330]  driver_register+0x95/0x110
[  327.616332]  __pci_register_driver+0x68/0x80
[  327.616334]  neuron_pci_module_init+0x25/0x60 [neuron]
[  327.616342]  neuron_module_init+0xd6/0x1000 [neuron]
[  327.616352]  ? 0xffffffffc089f000
[  327.616353]  do_one_initcall+0x49/0x1f0
[  327.616356]  ? kmem_cache_alloc_trace+0x199/0x2f0
[  327.616358]  do_init_module+0x52/0x220
[  327.616360]  load_module+0xb56/0xd30
[  327.616362]  __do_sys_finit_module+0xcc/0x150
[  327.616364]  ? __do_sys_finit_module+0xcc/0x150
[  327.616366]  __x64_sys_finit_module+0x18/0x30
[  327.616368]  do_syscall_64+0x5c/0x90
[  327.616370]  ? exit_to_user_mode_prepare+0x3b/0xd0
[  327.616372]  ? syscall_exit_to_user_mode+0x2a/0x50
[  327.616374]  ? do_syscall_64+0x69/0x90
[  327.616376]  ? exit_to_user_mode_prepare+0x3b/0xd0
[  327.616378]  ? syscall_exit_to_user_mode+0x2a/0x50
[  327.616380]  ? do_syscall_64+0x69/0x90
[  327.616382]  entry_SYSCALL_64_after_hwframe+0x63/0xcd
[  327.616384] RIP: 0033:0x7fce3fd1e88d
[  327.616385] Code: 5b 41 5c c3 66 0f 1f 84 00 00 00 00 00 f3 0f 1e fa 48 89 f8 48 89 f7 48 89 d6 48 89 ca 4d 89 c2 4d 89 c8 4c 8b 4c 24 08 0f 05 <48> 3d 01 f0 ff ff 73 01 c3 48 8b 0d 73 b5 0f 00 f7 d8 64 89 01 48
[  327.616386] RSP: 002b:00007ffc8a2104b8 EFLAGS: 00000246 ORIG_RAX: 0000000000000139
[  327.616388] RAX: ffffffffffffffda RBX: 0000563e65e9b7b0 RCX: 00007fce3fd1e88d
[  327.616389] RDX: 0000000000000000 RSI: 0000563e6589ccd2 RDI: 0000000000000003
[  327.616390] RBP: 0000000000000000 R08: 0000000000000000 R09: 0000000000000000
[  327.616391] R10: 0000000000000003 R11: 0000000000000246 R12: 0000563e6589ccd2
[  327.616392] R13: 0000563e65e9b760 R14: 0000563e6589b888 R15: 0000563e65e9b8c0
[  327.616394]  </TASK>
[  327.616394] DMA_STACK_END: End of stack trace for dma_free_coherent
[  327.616395] DMA_INSTRUMENT: About to call dma_alloc_coherent from function mp_init_hrm_pool at /home/ubuntu/cda/orginal/aws-neuronx-2.20.28.0/neuron_mempool.c:268
[  327.616396] DMA_STACK_START: Stack trace for dma_alloc_coherent called from mp_init_hrm_pool
[  327.616397] CPU: 1 PID: 1875 Comm: insmod Tainted: G           OE     5.19.0-1024-aws #25~22.04.1-Ubuntu
[  327.616398] Hardware name: Amazon EC2 inf1.xlarge/, BIOS 1.0 10/16/2017
[  327.616399] Call Trace:
[  327.616399]  <TASK>
[  327.616400]  show_stack+0x52/0x69
[  327.616402]  dump_stack_lvl+0x49/0x6d
[  327.616404]  dump_stack+0x10/0x18
[  327.616406]  mpset_constructor+0x268/0xa82 [neuron]
[  327.616418]  ? kmalloc_order+0x6b/0xa0
[  327.616420]  ? kmem_cache_alloc_trace+0x199/0x2f0
[  327.616422]  ? kmalloc_order_trace+0x1d/0xb0
[  327.616423]  neuron_pci_probe+0x3dd/0x610 [neuron]
[  327.616432]  local_pci_probe+0x4b/0x90
[  327.616435]  pci_call_probe+0x55/0x180
[  327.616437]  pci_device_probe+0x84/0x120
[  327.616439]  really_probe+0x1e4/0x3c0
[  327.616441]  __driver_probe_device+0x12a/0x1b0
[  327.616442]  driver_probe_device+0x23/0xd0
[  327.616444]  __driver_attach+0xc3/0x260
[  327.616446]  ? __device_attach_driver+0x160/0x160
[  327.616447]  bus_for_each_dev+0x83/0xe0
[  327.616449]  driver_attach+0x1e/0x30
[  327.616450]  bus_add_driver+0x187/0x230
[  327.616452]  driver_register+0x95/0x110
[  327.616453]  __pci_register_driver+0x68/0x80
[  327.616456]  neuron_pci_module_init+0x25/0x60 [neuron]
[  327.616464]  neuron_module_init+0xd6/0x1000 [neuron]
[  327.616474]  ? 0xffffffffc089f000
[  327.616475]  do_one_initcall+0x49/0x1f0
[  327.616477]  ? kmem_cache_alloc_trace+0x199/0x2f0
[  327.616479]  do_init_module+0x52/0x220
[  327.616481]  load_module+0xb56/0xd30
[  327.616483]  __do_sys_finit_module+0xcc/0x150
[  327.616485]  ? __do_sys_finit_module+0xcc/0x150
[  327.616487]  __x64_sys_finit_module+0x18/0x30
[  327.616489]  do_syscall_64+0x5c/0x90
[  327.616490]  ? exit_to_user_mode_prepare+0x3b/0xd0
[  327.616491]  ? syscall_exit_to_user_mode+0x2a/0x50
[  327.616493]  ? do_syscall_64+0x69/0x90
[  327.616495]  ? exit_to_user_mode_prepare+0x3b/0xd0
[  327.616496]  ? syscall_exit_to_user_mode+0x2a/0x50
[  327.616498]  ? do_syscall_64+0x69/0x90
[  327.616499]  entry_SYSCALL_64_after_hwframe+0x63/0xcd
[  327.616501] RIP: 0033:0x7fce3fd1e88d
[  327.616502] Code: 5b 41 5c c3 66 0f 1f 84 00 00 00 00 00 f3 0f 1e fa 48 89 f8 48 89 f7 48 89 d6 48 89 ca 4d 89 c2 4d 89 c8 4c 8b 4c 24 08 0f 05 <48> 3d 01 f0 ff ff 73 01 c3 48 8b 0d 73 b5 0f 00 f7 d8 64 89 01 48
[  327.616503] RSP: 002b:00007ffc8a2104b8 EFLAGS: 00000246 ORIG_RAX: 0000000000000139
[  327.616505] RAX: ffffffffffffffda RBX: 0000563e65e9b7b0 RCX: 00007fce3fd1e88d
[  327.616506] RDX: 0000000000000000 RSI: 0000563e6589ccd2 RDI: 0000000000000003
[  327.616506] RBP: 0000000000000000 R08: 0000000000000000 R09: 0000000000000000
[  327.616507] R10: 0000000000000003 R11: 0000000000000246 R12: 0000563e6589ccd2
[  327.616508] R13: 0000563e65e9b760 R14: 0000563e6589b888 R15: 0000563e65e9b8c0
[  327.616510]  </TASK>
[  327.616510] DMA_STACK_END: End of stack trace for dma_alloc_coherent
[  327.616928] DMA_INSTRUMENT: About to call dma_free_coherent from function mp_init_hrm_pool at /home/ubuntu/cda/orginal/aws-neuronx-2.20.28.0/neuron_mempool.c:279
[  327.616929] DMA_STACK_START: Stack trace for dma_free_coherent called from mp_init_hrm_pool
[  327.616930] CPU: 1 PID: 1875 Comm: insmod Tainted: G           OE     5.19.0-1024-aws #25~22.04.1-Ubuntu
[  327.616931] Hardware name: Amazon EC2 inf1.xlarge/, BIOS 1.0 10/16/2017
[  327.616932] Call Trace:
[  327.616932]  <TASK>
[  327.616933]  show_stack+0x52/0x69
[  327.616935]  dump_stack_lvl+0x49/0x6d
[  327.616937]  dump_stack+0x10/0x18
[  327.616939]  mpset_constructor+0x322/0xa82 [neuron]
[  327.616951]  ? kmalloc_order+0x6b/0xa0
[  327.616954]  ? kmem_cache_alloc_trace+0x199/0x2f0
[  327.616956]  ? kmalloc_order_trace+0x1d/0xb0
[  327.616957]  neuron_pci_probe+0x3dd/0x610 [neuron]
[  327.616966]  local_pci_probe+0x4b/0x90
[  327.616969]  pci_call_probe+0x55/0x180
[  327.616971]  pci_device_probe+0x84/0x120
[  327.616973]  really_probe+0x1e4/0x3c0
[  327.616975]  __driver_probe_device+0x12a/0x1b0
[  327.616977]  driver_probe_device+0x23/0xd0
[  327.616978]  __driver_attach+0xc3/0x260
[  327.616980]  ? __device_attach_driver+0x160/0x160
[  327.616982]  bus_for_each_dev+0x83/0xe0
[  327.616983]  driver_attach+0x1e/0x30
[  327.616985]  bus_add_driver+0x187/0x230
[  327.616986]  driver_register+0x95/0x110
[  327.616988]  __pci_register_driver+0x68/0x80
[  327.616990]  neuron_pci_module_init+0x25/0x60 [neuron]
[  327.616998]  neuron_module_init+0xd6/0x1000 [neuron]
[  327.617008]  ? 0xffffffffc089f000
[  327.617009]  do_one_initcall+0x49/0x1f0
[  327.617011]  ? kmem_cache_alloc_trace+0x199/0x2f0
[  327.617014]  do_init_module+0x52/0x220
[  327.617015]  load_module+0xb56/0xd30
[  327.617018]  __do_sys_finit_module+0xcc/0x150
[  327.617019]  ? __do_sys_finit_module+0xcc/0x150
[  327.617022]  __x64_sys_finit_module+0x18/0x30
[  327.617023]  do_syscall_64+0x5c/0x90
[  327.617025]  ? exit_to_user_mode_prepare+0x3b/0xd0
[  327.617026]  ? syscall_exit_to_user_mode+0x2a/0x50
[  327.617028]  ? do_syscall_64+0x69/0x90
[  327.617029]  ? exit_to_user_mode_prepare+0x3b/0xd0
[  327.617030]  ? syscall_exit_to_user_mode+0x2a/0x50
[  327.617032]  ? do_syscall_64+0x69/0x90
[  327.617033]  entry_SYSCALL_64_after_hwframe+0x63/0xcd
[  327.617036] RIP: 0033:0x7fce3fd1e88d
[  327.617037] Code: 5b 41 5c c3 66 0f 1f 84 00 00 00 00 00 f3 0f 1e fa 48 89 f8 48 89 f7 48 89 d6 48 89 ca 4d 89 c2 4d 89 c8 4c 8b 4c 24 08 0f 05 <48> 3d 01 f0 ff ff 73 01 c3 48 8b 0d 73 b5 0f 00 f7 d8 64 89 01 48
[  327.617038] RSP: 002b:00007ffc8a2104b8 EFLAGS: 00000246 ORIG_RAX: 0000000000000139
[  327.617039] RAX: ffffffffffffffda RBX: 0000563e65e9b7b0 RCX: 00007fce3fd1e88d
[  327.617040] RDX: 0000000000000000 RSI: 0000563e6589ccd2 RDI: 0000000000000003
[  327.617041] RBP: 0000000000000000 R08: 0000000000000000 R09: 0000000000000000
[  327.617042] R10: 0000000000000003 R11: 0000000000000246 R12: 0000563e6589ccd2
[  327.617043] R13: 0000563e65e9b760 R14: 0000563e6589b888 R15: 0000563e65e9b8c0
[  327.617044]  </TASK>
[  327.617045] DMA_STACK_END: End of stack trace for dma_free_coherent
[  327.617045] DMA_INSTRUMENT: About to call dma_alloc_coherent from function mp_init_hrm_pool at /home/ubuntu/cda/orginal/aws-neuronx-2.20.28.0/neuron_mempool.c:268
[  327.617046] DMA_STACK_START: Stack trace for dma_alloc_coherent called from mp_init_hrm_pool
[  327.617047] CPU: 1 PID: 1875 Comm: insmod Tainted: G           OE     5.19.0-1024-aws #25~22.04.1-Ubuntu
[  327.617048] Hardware name: Amazon EC2 inf1.xlarge/, BIOS 1.0 10/16/2017
[  327.617049] Call Trace:
[  327.617050]  <TASK>
[  327.617050]  show_stack+0x52/0x69
[  327.617052]  dump_stack_lvl+0x49/0x6d
[  327.617054]  dump_stack+0x10/0x18
[  327.617056]  mpset_constructor+0x268/0xa82 [neuron]
[  327.617068]  ? kmalloc_order+0x6b/0xa0
[  327.617070]  ? kmem_cache_alloc_trace+0x199/0x2f0
[  327.617072]  ? kmalloc_order_trace+0x1d/0xb0
[  327.617074]  neuron_pci_probe+0x3dd/0x610 [neuron]
[  327.617083]  local_pci_probe+0x4b/0x90
[  327.617085]  pci_call_probe+0x55/0x180
[  327.617087]  pci_device_probe+0x84/0x120
[  327.617089]  really_probe+0x1e4/0x3c0
[  327.617091]  __driver_probe_device+0x12a/0x1b0
[  327.617093]  driver_probe_device+0x23/0xd0
[  327.617094]  __driver_attach+0xc3/0x260
[  327.617096]  ? __device_attach_driver+0x160/0x160
[  327.617097]  bus_for_each_dev+0x83/0xe0
[  327.617099]  driver_attach+0x1e/0x30
[  327.617100]  bus_add_driver+0x187/0x230
[  327.617102]  driver_register+0x95/0x110
[  327.617103]  __pci_register_driver+0x68/0x80
[  327.617106]  neuron_pci_module_init+0x25/0x60 [neuron]
[  327.617114]  neuron_module_init+0xd6/0x1000 [neuron]
[  327.617123]  ? 0xffffffffc089f000
[  327.617125]  do_one_initcall+0x49/0x1f0
[  327.617127]  ? kmem_cache_alloc_trace+0x199/0x2f0
[  327.617129]  do_init_module+0x52/0x220
[  327.617131]  load_module+0xb56/0xd30
[  327.617133]  __do_sys_finit_module+0xcc/0x150
[  327.617135]  ? __do_sys_finit_module+0xcc/0x150
[  327.617137]  __x64_sys_finit_module+0x18/0x30
[  327.617138]  do_syscall_64+0x5c/0x90
[  327.617140]  ? exit_to_user_mode_prepare+0x3b/0xd0
[  327.617141]  ? syscall_exit_to_user_mode+0x2a/0x50
[  327.617143]  ? do_syscall_64+0x69/0x90
[  327.617144]  ? exit_to_user_mode_prepare+0x3b/0xd0
[  327.617145]  ? syscall_exit_to_user_mode+0x2a/0x50
[  327.617147]  ? do_syscall_64+0x69/0x90
[  327.617148]  entry_SYSCALL_64_after_hwframe+0x63/0xcd
[  327.617151] RIP: 0033:0x7fce3fd1e88d
[  327.617152] Code: 5b 41 5c c3 66 0f 1f 84 00 00 00 00 00 f3 0f 1e fa 48 89 f8 48 89 f7 48 89 d6 48 89 ca 4d 89 c2 4d 89 c8 4c 8b 4c 24 08 0f 05 <48> 3d 01 f0 ff ff 73 01 c3 48 8b 0d 73 b5 0f 00 f7 d8 64 89 01 48
[  327.617153] RSP: 002b:00007ffc8a2104b8 EFLAGS: 00000246 ORIG_RAX: 0000000000000139
[  327.617154] RAX: ffffffffffffffda RBX: 0000563e65e9b7b0 RCX: 00007fce3fd1e88d
[  327.617155] RDX: 0000000000000000 RSI: 0000563e6589ccd2 RDI: 0000000000000003
[  327.617156] RBP: 0000000000000000 R08: 0000000000000000 R09: 0000000000000000
[  327.617157] R10: 0000000000000003 R11: 0000000000000246 R12: 0000563e6589ccd2
[  327.617158] R13: 0000563e65e9b760 R14: 0000563e6589b888 R15: 0000563e65e9b8c0
[  327.617159]  </TASK>
[  327.617160] DMA_STACK_END: End of stack trace for dma_alloc_coherent
[  327.617569] DMA_INSTRUMENT: About to call dma_free_coherent from function mp_init_hrm_pool at /home/ubuntu/cda/orginal/aws-neuronx-2.20.28.0/neuron_mempool.c:279
[  327.617570] DMA_STACK_START: Stack trace for dma_free_coherent called from mp_init_hrm_pool
[  327.617571] CPU: 1 PID: 1875 Comm: insmod Tainted: G           OE     5.19.0-1024-aws #25~22.04.1-Ubuntu
[  327.617572] Hardware name: Amazon EC2 inf1.xlarge/, BIOS 1.0 10/16/2017
[  327.617573] Call Trace:
[  327.617573]  <TASK>
[  327.617574]  show_stack+0x52/0x69
[  327.617576]  dump_stack_lvl+0x49/0x6d
[  327.617578]  dump_stack+0x10/0x18
[  327.617580]  mpset_constructor+0x322/0xa82 [neuron]
[  327.617592]  ? kmalloc_order+0x6b/0xa0
[  327.617594]  ? kmem_cache_alloc_trace+0x199/0x2f0
[  327.617597]  ? kmalloc_order_trace+0x1d/0xb0
[  327.617598]  neuron_pci_probe+0x3dd/0x610 [neuron]
[  327.617607]  local_pci_probe+0x4b/0x90
[  327.617609]  pci_call_probe+0x55/0x180
[  327.617612]  pci_device_probe+0x84/0x120
[  327.617614]  really_probe+0x1e4/0x3c0
[  327.617616]  __driver_probe_device+0x12a/0x1b0
[  327.617617]  driver_probe_device+0x23/0xd0
[  327.617619]  __driver_attach+0xc3/0x260
[  327.617621]  ? __device_attach_driver+0x160/0x160
[  327.617622]  bus_for_each_dev+0x83/0xe0
[  327.617624]  driver_attach+0x1e/0x30
[  327.617625]  bus_add_driver+0x187/0x230
[  327.617626]  driver_register+0x95/0x110
[  327.617628]  __pci_register_driver+0x68/0x80
[  327.617630]  neuron_pci_module_init+0x25/0x60 [neuron]
[  327.617638]  neuron_module_init+0xd6/0x1000 [neuron]
[  327.617648]  ? 0xffffffffc089f000
[  327.617649]  do_one_initcall+0x49/0x1f0
[  327.617652]  ? kmem_cache_alloc_trace+0x199/0x2f0
[  327.617654]  do_init_module+0x52/0x220
[  327.617656]  load_module+0xb56/0xd30
[  327.617658]  __do_sys_finit_module+0xcc/0x150
[  327.617660]  ? __do_sys_finit_module+0xcc/0x150
[  327.617662]  __x64_sys_finit_module+0x18/0x30
[  327.617664]  do_syscall_64+0x5c/0x90
[  327.617665]  ? exit_to_user_mode_prepare+0x3b/0xd0
[  327.617666]  ? syscall_exit_to_user_mode+0x2a/0x50
[  327.617669]  ? do_syscall_64+0x69/0x90
[  327.617670]  ? exit_to_user_mode_prepare+0x3b/0xd0
[  327.617671]  ? syscall_exit_to_user_mode+0x2a/0x50
[  327.617673]  ? do_syscall_64+0x69/0x90
[  327.617674]  entry_SYSCALL_64_after_hwframe+0x63/0xcd
[  327.617677] RIP: 0033:0x7fce3fd1e88d
[  327.617678] Code: 5b 41 5c c3 66 0f 1f 84 00 00 00 00 00 f3 0f 1e fa 48 89 f8 48 89 f7 48 89 d6 48 89 ca 4d 89 c2 4d 89 c8 4c 8b 4c 24 08 0f 05 <48> 3d 01 f0 ff ff 73 01 c3 48 8b 0d 73 b5 0f 00 f7 d8 64 89 01 48
[  327.617679] RSP: 002b:00007ffc8a2104b8 EFLAGS: 00000246 ORIG_RAX: 0000000000000139
[  327.617681] RAX: ffffffffffffffda RBX: 0000563e65e9b7b0 RCX: 00007fce3fd1e88d
[  327.617682] RDX: 0000000000000000 RSI: 0000563e6589ccd2 RDI: 0000000000000003
[  327.617683] RBP: 0000000000000000 R08: 0000000000000000 R09: 0000000000000000
[  327.617684] R10: 0000000000000003 R11: 0000000000000246 R12: 0000563e6589ccd2
[  327.617685] R13: 0000563e65e9b760 R14: 0000563e6589b888 R15: 0000563e65e9b8c0
[  327.617686]  </TASK>
[  327.617687] DMA_STACK_END: End of stack trace for dma_free_coherent
[  327.617687] DMA_INSTRUMENT: About to call dma_alloc_coherent from function mp_init_hrm_pool at /home/ubuntu/cda/orginal/aws-neuronx-2.20.28.0/neuron_mempool.c:268
[  327.617688] DMA_STACK_START: Stack trace for dma_alloc_coherent called from mp_init_hrm_pool
[  327.617689] CPU: 1 PID: 1875 Comm: insmod Tainted: G           OE     5.19.0-1024-aws #25~22.04.1-Ubuntu
[  327.617690] Hardware name: Amazon EC2 inf1.xlarge/, BIOS 1.0 10/16/2017
[  327.617691] Call Trace:
[  327.617692]  <TASK>
[  327.617692]  show_stack+0x52/0x69
[  327.617694]  dump_stack_lvl+0x49/0x6d
[  327.617696]  dump_stack+0x10/0x18
[  327.617698]  mpset_constructor+0x268/0xa82 [neuron]
[  327.617710]  ? kmalloc_order+0x6b/0xa0
[  327.617712]  ? kmem_cache_alloc_trace+0x199/0x2f0
[  327.617714]  ? kmalloc_order_trace+0x1d/0xb0
[  327.617715]  neuron_pci_probe+0x3dd/0x610 [neuron]
[  327.617724]  local_pci_probe+0x4b/0x90
[  327.617727]  pci_call_probe+0x55/0x180
[  327.617729]  pci_device_probe+0x84/0x120
[  327.617731]  really_probe+0x1e4/0x3c0
[  327.617733]  __driver_probe_device+0x12a/0x1b0
[  327.617735]  driver_probe_device+0x23/0xd0
[  327.617736]  __driver_attach+0xc3/0x260
[  327.617738]  ? __device_attach_driver+0x160/0x160
[  327.617739]  bus_for_each_dev+0x83/0xe0
[  327.617741]  driver_attach+0x1e/0x30
[  327.617742]  bus_add_driver+0x187/0x230
[  327.617744]  driver_register+0x95/0x110
[  327.617745]  __pci_register_driver+0x68/0x80
[  327.617748]  neuron_pci_module_init+0x25/0x60 [neuron]
[  327.617756]  neuron_module_init+0xd6/0x1000 [neuron]
[  327.617765]  ? 0xffffffffc089f000
[  327.617767]  do_one_initcall+0x49/0x1f0
[  327.617769]  ? kmem_cache_alloc_trace+0x199/0x2f0
[  327.617771]  do_init_module+0x52/0x220
[  327.617773]  load_module+0xb56/0xd30
[  327.617775]  __do_sys_finit_module+0xcc/0x150
[  327.617777]  ? __do_sys_finit_module+0xcc/0x150
[  327.617779]  __x64_sys_finit_module+0x18/0x30
[  327.617781]  do_syscall_64+0x5c/0x90
[  327.617782]  ? exit_to_user_mode_prepare+0x3b/0xd0
[  327.617783]  ? syscall_exit_to_user_mode+0x2a/0x50
[  327.617785]  ? do_syscall_64+0x69/0x90
[  327.617787]  ? exit_to_user_mode_prepare+0x3b/0xd0
[  327.617788]  ? syscall_exit_to_user_mode+0x2a/0x50
[  327.617790]  ? do_syscall_64+0x69/0x90
[  327.617791]  entry_SYSCALL_64_after_hwframe+0x63/0xcd
[  327.617793] RIP: 0033:0x7fce3fd1e88d
[  327.617794] Code: 5b 41 5c c3 66 0f 1f 84 00 00 00 00 00 f3 0f 1e fa 48 89 f8 48 89 f7 48 89 d6 48 89 ca 4d 89 c2 4d 89 c8 4c 8b 4c 24 08 0f 05 <48> 3d 01 f0 ff ff 73 01 c3 48 8b 0d 73 b5 0f 00 f7 d8 64 89 01 48
[  327.617795] RSP: 002b:00007ffc8a2104b8 EFLAGS: 00000246 ORIG_RAX: 0000000000000139
[  327.617797] RAX: ffffffffffffffda RBX: 0000563e65e9b7b0 RCX: 00007fce3fd1e88d
[  327.617798] RDX: 0000000000000000 RSI: 0000563e6589ccd2 RDI: 0000000000000003
[  327.617799] RBP: 0000000000000000 R08: 0000000000000000 R09: 0000000000000000
[  327.617799] R10: 0000000000000003 R11: 0000000000000246 R12: 0000563e6589ccd2
[  327.617800] R13: 0000563e65e9b760 R14: 0000563e6589b888 R15: 0000563e65e9b8c0
[  327.617802]  </TASK>
[  327.617802] DMA_STACK_END: End of stack trace for dma_alloc_coherent
[  327.618214] DMA_INSTRUMENT: About to call dma_free_coherent from function mp_init_hrm_pool at /home/ubuntu/cda/orginal/aws-neuronx-2.20.28.0/neuron_mempool.c:279
[  327.618215] DMA_STACK_START: Stack trace for dma_free_coherent called from mp_init_hrm_pool
[  327.618216] CPU: 1 PID: 1875 Comm: insmod Tainted: G           OE     5.19.0-1024-aws #25~22.04.1-Ubuntu
[  327.618217] Hardware name: Amazon EC2 inf1.xlarge/, BIOS 1.0 10/16/2017
[  327.618218] Call Trace:
[  327.618219]  <TASK>
[  327.618219]  show_stack+0x52/0x69
[  327.618221]  dump_stack_lvl+0x49/0x6d
[  327.618224]  dump_stack+0x10/0x18
[  327.618225]  mpset_constructor+0x322/0xa82 [neuron]
[  327.618237]  ? kmalloc_order+0x6b/0xa0
[  327.618240]  ? kmem_cache_alloc_trace+0x199/0x2f0
[  327.618242]  ? kmalloc_order_trace+0x1d/0xb0
[  327.618243]  neuron_pci_probe+0x3dd/0x610 [neuron]
[  327.618252]  local_pci_probe+0x4b/0x90
[  327.618255]  pci_call_probe+0x55/0x180
[  327.618257]  pci_device_probe+0x84/0x120
[  327.618259]  really_probe+0x1e4/0x3c0
[  327.618261]  __driver_probe_device+0x12a/0x1b0
[  327.618263]  driver_probe_device+0x23/0xd0
[  327.618264]  __driver_attach+0xc3/0x260
[  327.618266]  ? __device_attach_driver+0x160/0x160
[  327.618268]  bus_for_each_dev+0x83/0xe0
[  327.618269]  driver_attach+0x1e/0x30
[  327.618270]  bus_add_driver+0x187/0x230
[  327.618272]  driver_register+0x95/0x110
[  327.618274]  __pci_register_driver+0x68/0x80
[  327.618276]  neuron_pci_module_init+0x25/0x60 [neuron]
[  327.618284]  neuron_module_init+0xd6/0x1000 [neuron]
[  327.618294]  ? 0xffffffffc089f000
[  327.618295]  do_one_initcall+0x49/0x1f0
[  327.618297]  ? kmem_cache_alloc_trace+0x199/0x2f0
[  327.618300]  do_init_module+0x52/0x220
[  327.618301]  load_module+0xb56/0xd30
[  327.618304]  __do_sys_finit_module+0xcc/0x150
[  327.618305]  ? __do_sys_finit_module+0xcc/0x150
[  327.618308]  __x64_sys_finit_module+0x18/0x30
[  327.618317]  do_syscall_64+0x5c/0x90
[  327.618318]  ? exit_to_user_mode_prepare+0x3b/0xd0
[  327.618320]  ? syscall_exit_to_user_mode+0x2a/0x50
[  327.618321]  ? do_syscall_64+0x69/0x90
[  327.618323]  ? exit_to_user_mode_prepare+0x3b/0xd0
[  327.618324]  ? syscall_exit_to_user_mode+0x2a/0x50
[  327.618326]  ? do_syscall_64+0x69/0x90
[  327.618327]  entry_SYSCALL_64_after_hwframe+0x63/0xcd
[  327.618329] RIP: 0033:0x7fce3fd1e88d
[  327.618330] Code: 5b 41 5c c3 66 0f 1f 84 00 00 00 00 00 f3 0f 1e fa 48 89 f8 48 89 f7 48 89 d6 48 89 ca 4d 89 c2 4d 89 c8 4c 8b 4c 24 08 0f 05 <48> 3d 01 f0 ff ff 73 01 c3 48 8b 0d 73 b5 0f 00 f7 d8 64 89 01 48
[  327.618331] RSP: 002b:00007ffc8a2104b8 EFLAGS: 00000246 ORIG_RAX: 0000000000000139
[  327.618333] RAX: ffffffffffffffda RBX: 0000563e65e9b7b0 RCX: 00007fce3fd1e88d
[  327.618334] RDX: 0000000000000000 RSI: 0000563e6589ccd2 RDI: 0000000000000003
[  327.618335] RBP: 0000000000000000 R08: 0000000000000000 R09: 0000000000000000
[  327.618335] R10: 0000000000000003 R11: 0000000000000246 R12: 0000563e6589ccd2
[  327.618336] R13: 0000563e65e9b760 R14: 0000563e6589b888 R15: 0000563e65e9b8c0
[  327.618338]  </TASK>
[  327.618339] DMA_STACK_END: End of stack trace for dma_free_coherent
[  327.618339] DMA_INSTRUMENT: About to call dma_alloc_coherent from function mp_init_hrm_pool at /home/ubuntu/cda/orginal/aws-neuronx-2.20.28.0/neuron_mempool.c:268
[  327.618340] DMA_STACK_START: Stack trace for dma_alloc_coherent called from mp_init_hrm_pool
[  327.618341] CPU: 1 PID: 1875 Comm: insmod Tainted: G           OE     5.19.0-1024-aws #25~22.04.1-Ubuntu
[  327.618343] Hardware name: Amazon EC2 inf1.xlarge/, BIOS 1.0 10/16/2017
[  327.618343] Call Trace:
[  327.618344]  <TASK>
[  327.618345]  show_stack+0x52/0x69
[  327.618347]  dump_stack_lvl+0x49/0x6d
[  327.618349]  dump_stack+0x10/0x18
[  327.618350]  mpset_constructor+0x268/0xa82 [neuron]
[  327.618362]  ? kmalloc_order+0x6b/0xa0
[  327.618364]  ? kmem_cache_alloc_trace+0x199/0x2f0
[  327.618367]  ? kmalloc_order_trace+0x1d/0xb0
[  327.618368]  neuron_pci_probe+0x3dd/0x610 [neuron]
[  327.618377]  local_pci_probe+0x4b/0x90
[  327.618379]  pci_call_probe+0x55/0x180
[  327.618381]  pci_device_probe+0x84/0x120
[  327.618384]  really_probe+0x1e4/0x3c0
[  327.618385]  __driver_probe_device+0x12a/0x1b0
[  327.618387]  driver_probe_device+0x23/0xd0
[  327.618389]  __driver_attach+0xc3/0x260
[  327.618390]  ? __device_attach_driver+0x160/0x160
[  327.618392]  bus_for_each_dev+0x83/0xe0
[  327.618393]  driver_attach+0x1e/0x30
[  327.618395]  bus_add_driver+0x187/0x230
[  327.618396]  driver_register+0x95/0x110
[  327.618398]  __pci_register_driver+0x68/0x80
[  327.618400]  neuron_pci_module_init+0x25/0x60 [neuron]
[  327.618408]  neuron_module_init+0xd6/0x1000 [neuron]
[  327.618418]  ? 0xffffffffc089f000
[  327.618419]  do_one_initcall+0x49/0x1f0
[  327.618421]  ? kmem_cache_alloc_trace+0x199/0x2f0
[  327.618424]  do_init_module+0x52/0x220
[  327.618425]  load_module+0xb56/0xd30
[  327.618428]  __do_sys_finit_module+0xcc/0x150
[  327.618429]  ? __do_sys_finit_module+0xcc/0x150
[  327.618432]  __x64_sys_finit_module+0x18/0x30
[  327.618433]  do_syscall_64+0x5c/0x90
[  327.618434]  ? exit_to_user_mode_prepare+0x3b/0xd0
[  327.618436]  ? syscall_exit_to_user_mode+0x2a/0x50
[  327.618438]  ? do_syscall_64+0x69/0x90
[  327.618440]  ? exit_to_user_mode_prepare+0x3b/0xd0
[  327.618442]  ? syscall_exit_to_user_mode+0x2a/0x50
[  327.618444]  ? do_syscall_64+0x69/0x90
[  327.618446]  entry_SYSCALL_64_after_hwframe+0x63/0xcd
[  327.618449] RIP: 0033:0x7fce3fd1e88d
[  327.618451] Code: 5b 41 5c c3 66 0f 1f 84 00 00 00 00 00 f3 0f 1e fa 48 89 f8 48 89 f7 48 89 d6 48 89 ca 4d 89 c2 4d 89 c8 4c 8b 4c 24 08 0f 05 <48> 3d 01 f0 ff ff 73 01 c3 48 8b 0d 73 b5 0f 00 f7 d8 64 89 01 48
[  327.618452] RSP: 002b:00007ffc8a2104b8 EFLAGS: 00000246 ORIG_RAX: 0000000000000139
[  327.618454] RAX: ffffffffffffffda RBX: 0000563e65e9b7b0 RCX: 00007fce3fd1e88d
[  327.618455] RDX: 0000000000000000 RSI: 0000563e6589ccd2 RDI: 0000000000000003
[  327.618456] RBP: 0000000000000000 R08: 0000000000000000 R09: 0000000000000000
[  327.618457] R10: 0000000000000003 R11: 0000000000000246 R12: 0000563e6589ccd2
[  327.618459] R13: 0000563e65e9b760 R14: 0000563e6589b888 R15: 0000563e65e9b8c0
[  327.618461]  </TASK>
[  327.618462] DMA_STACK_END: End of stack trace for dma_alloc_coherent
[  327.619669] DMA_INSTRUMENT: About to call dma_free_coherent from function mp_init_hrm_pool at /home/ubuntu/cda/orginal/aws-neuronx-2.20.28.0/neuron_mempool.c:279
[  327.619672] DMA_STACK_START: Stack trace for dma_free_coherent called from mp_init_hrm_pool
[  327.619674] CPU: 1 PID: 1875 Comm: insmod Tainted: G           OE     5.19.0-1024-aws #25~22.04.1-Ubuntu
[  327.619677] Hardware name: Amazon EC2 inf1.xlarge/, BIOS 1.0 10/16/2017
[  327.619679] Call Trace:
[  327.619680]  <TASK>
[  327.619683]  show_stack+0x52/0x69
[  327.619688]  dump_stack_lvl+0x49/0x6d
[  327.619693]  dump_stack+0x10/0x18
[  327.619696]  mpset_constructor+0x322/0xa82 [neuron]
[  327.619717]  ? kmalloc_order+0x6b/0xa0
[  327.619721]  ? kmem_cache_alloc_trace+0x199/0x2f0
[  327.619725]  ? kmalloc_order_trace+0x1d/0xb0
[  327.619728]  neuron_pci_probe+0x3dd/0x610 [neuron]
[  327.619744]  local_pci_probe+0x4b/0x90
[  327.619748]  pci_call_probe+0x55/0x180
[  327.619752]  pci_device_probe+0x84/0x120
[  327.619755]  really_probe+0x1e4/0x3c0
[  327.619759]  __driver_probe_device+0x12a/0x1b0
[  327.619762]  driver_probe_device+0x23/0xd0
[  327.619764]  __driver_attach+0xc3/0x260
[  327.619767]  ? __device_attach_driver+0x160/0x160
[  327.619770]  bus_for_each_dev+0x83/0xe0
[  327.619772]  driver_attach+0x1e/0x30
[  327.619775]  bus_add_driver+0x187/0x230
[  327.619777]  driver_register+0x95/0x110
[  327.619780]  __pci_register_driver+0x68/0x80
[  327.619783]  neuron_pci_module_init+0x25/0x60 [neuron]
[  327.619797]  neuron_module_init+0xd6/0x1000 [neuron]
[  327.619816]  ? 0xffffffffc089f000
[  327.619819]  do_one_initcall+0x49/0x1f0
[  327.619823]  ? kmem_cache_alloc_trace+0x199/0x2f0
[  327.619826]  do_init_module+0x52/0x220
[  327.619829]  load_module+0xb56/0xd30
[  327.619833]  __do_sys_finit_module+0xcc/0x150
[  327.619836]  ? __do_sys_finit_module+0xcc/0x150
[  327.619840]  __x64_sys_finit_module+0x18/0x30
[  327.619843]  do_syscall_64+0x5c/0x90
[  327.619846]  ? exit_to_user_mode_prepare+0x3b/0xd0
[  327.619848]  ? syscall_exit_to_user_mode+0x2a/0x50
[  327.619852]  ? do_syscall_64+0x69/0x90
[  327.619854]  ? exit_to_user_mode_prepare+0x3b/0xd0
[  327.619856]  ? syscall_exit_to_user_mode+0x2a/0x50
[  327.619859]  ? do_syscall_64+0x69/0x90
[  327.619862]  entry_SYSCALL_64_after_hwframe+0x63/0xcd
[  327.619866] RIP: 0033:0x7fce3fd1e88d
[  327.619868] Code: 5b 41 5c c3 66 0f 1f 84 00 00 00 00 00 f3 0f 1e fa 48 89 f8 48 89 f7 48 89 d6 48 89 ca 4d 89 c2 4d 89 c8 4c 8b 4c 24 08 0f 05 <48> 3d 01 f0 ff ff 73 01 c3 48 8b 0d 73 b5 0f 00 f7 d8 64 89 01 48
[  327.619870] RSP: 002b:00007ffc8a2104b8 EFLAGS: 00000246 ORIG_RAX: 0000000000000139
[  327.619874] RAX: ffffffffffffffda RBX: 0000563e65e9b7b0 RCX: 00007fce3fd1e88d
[  327.619876] RDX: 0000000000000000 RSI: 0000563e6589ccd2 RDI: 0000000000000003
[  327.619877] RBP: 0000000000000000 R08: 0000000000000000 R09: 0000000000000000
[  327.619879] R10: 0000000000000003 R11: 0000000000000246 R12: 0000563e6589ccd2
[  327.619881] R13: 0000563e65e9b760 R14: 0000563e6589b888 R15: 0000563e65e9b8c0
[  327.619884]  </TASK>
[  327.619886] DMA_STACK_END: End of stack trace for dma_free_coherent
[  327.619887] DMA_INSTRUMENT: About to call dma_alloc_coherent from function mp_init_hrm_pool at /home/ubuntu/cda/orginal/aws-neuronx-2.20.28.0/neuron_mempool.c:268
[  327.619889] DMA_STACK_START: Stack trace for dma_alloc_coherent called from mp_init_hrm_pool
[  327.619891] CPU: 1 PID: 1875 Comm: insmod Tainted: G           OE     5.19.0-1024-aws #25~22.04.1-Ubuntu
[  327.619893] Hardware name: Amazon EC2 inf1.xlarge/, BIOS 1.0 10/16/2017
[  327.619895] Call Trace:
[  327.619896]  <TASK>
[  327.619897]  show_stack+0x52/0x69
[  327.619901]  dump_stack_lvl+0x49/0x6d
[  327.619904]  dump_stack+0x10/0x18
[  327.619907]  mpset_constructor+0x268/0xa82 [neuron]
[  327.619928]  ? kmalloc_order+0x6b/0xa0
[  327.619931]  ? kmem_cache_alloc_trace+0x199/0x2f0
[  327.619934]  ? kmalloc_order_trace+0x1d/0xb0
[  327.619937]  neuron_pci_probe+0x3dd/0x610 [neuron]
[  327.619954]  local_pci_probe+0x4b/0x90
[  327.619957]  pci_call_probe+0x55/0x180
[  327.619960]  pci_device_probe+0x84/0x120
[  327.619964]  really_probe+0x1e4/0x3c0
[  327.619966]  __driver_probe_device+0x12a/0x1b0
[  327.619969]  driver_probe_device+0x23/0xd0
[  327.619972]  __driver_attach+0xc3/0x260
[  327.619975]  ? __device_attach_driver+0x160/0x160
[  327.619978]  bus_for_each_dev+0x83/0xe0
[  327.619980]  driver_attach+0x1e/0x30
[  327.619982]  bus_add_driver+0x187/0x230
[  327.619985]  driver_register+0x95/0x110
[  327.619988]  __pci_register_driver+0x68/0x80
[  327.619991]  neuron_pci_module_init+0x25/0x60 [neuron]
[  327.620005]  neuron_module_init+0xd6/0x1000 [neuron]
[  327.620024]  ? 0xffffffffc089f000
[  327.620026]  do_one_initcall+0x49/0x1f0
[  327.620029]  ? kmem_cache_alloc_trace+0x199/0x2f0
[  327.620033]  do_init_module+0x52/0x220
[  327.620036]  load_module+0xb56/0xd30
[  327.620039]  __do_sys_finit_module+0xcc/0x150
[  327.620042]  ? __do_sys_finit_module+0xcc/0x150
[  327.620046]  __x64_sys_finit_module+0x18/0x30
[  327.620049]  do_syscall_64+0x5c/0x90
[  327.620051]  ? exit_to_user_mode_prepare+0x3b/0xd0
[  327.620054]  ? syscall_exit_to_user_mode+0x2a/0x50
[  327.620057]  ? do_syscall_64+0x69/0x90
[  327.620059]  ? exit_to_user_mode_prepare+0x3b/0xd0
[  327.620061]  ? syscall_exit_to_user_mode+0x2a/0x50
[  327.620064]  ? do_syscall_64+0x69/0x90
[  327.620066]  entry_SYSCALL_64_after_hwframe+0x63/0xcd
[  327.620070] RIP: 0033:0x7fce3fd1e88d
[  327.620072] Code: 5b 41 5c c3 66 0f 1f 84 00 00 00 00 00 f3 0f 1e fa 48 89 f8 48 89 f7 48 89 d6 48 89 ca 4d 89 c2 4d 89 c8 4c 8b 4c 24 08 0f 05 <48> 3d 01 f0 ff ff 73 01 c3 48 8b 0d 73 b5 0f 00 f7 d8 64 89 01 48
[  327.620074] RSP: 002b:00007ffc8a2104b8 EFLAGS: 00000246 ORIG_RAX: 0000000000000139
[  327.620077] RAX: ffffffffffffffda RBX: 0000563e65e9b7b0 RCX: 00007fce3fd1e88d
[  327.620079] RDX: 0000000000000000 RSI: 0000563e6589ccd2 RDI: 0000000000000003
[  327.620081] RBP: 0000000000000000 R08: 0000000000000000 R09: 0000000000000000
[  327.620083] R10: 0000000000000003 R11: 0000000000000246 R12: 0000563e6589ccd2
[  327.620084] R13: 0000563e65e9b760 R14: 0000563e6589b888 R15: 0000563e65e9b8c0
[  327.620088]  </TASK>
[  327.620089] DMA_STACK_END: End of stack trace for dma_alloc_coherent
[  327.620570] DMA_INSTRUMENT: About to call dma_free_coherent from function mp_init_hrm_pool at /home/ubuntu/cda/orginal/aws-neuronx-2.20.28.0/neuron_mempool.c:279
[  327.620573] DMA_STACK_START: Stack trace for dma_free_coherent called from mp_init_hrm_pool
[  327.620575] CPU: 1 PID: 1875 Comm: insmod Tainted: G           OE     5.19.0-1024-aws #25~22.04.1-Ubuntu
[  327.620577] Hardware name: Amazon EC2 inf1.xlarge/, BIOS 1.0 10/16/2017
[  327.620578] Call Trace:
[  327.620580]  <TASK>
[  327.620581]  show_stack+0x52/0x69
[  327.620585]  dump_stack_lvl+0x49/0x6d
[  327.620589]  dump_stack+0x10/0x18
[  327.620592]  mpset_constructor+0x322/0xa82 [neuron]
[  327.620613]  ? kmalloc_order+0x6b/0xa0
[  327.620616]  ? kmem_cache_alloc_trace+0x199/0x2f0
[  327.620620]  ? kmalloc_order_trace+0x1d/0xb0
[  327.620622]  neuron_pci_probe+0x3dd/0x610 [neuron]
[  327.620638]  local_pci_probe+0x4b/0x90
[  327.620642]  pci_call_probe+0x55/0x180
[  327.620645]  pci_device_probe+0x84/0x120
[  327.620649]  really_probe+0x1e4/0x3c0
[  327.620653]  __driver_probe_device+0x12a/0x1b0
[  327.620656]  driver_probe_device+0x23/0xd0
[  327.620658]  __driver_attach+0xc3/0x260
[  327.620660]  ? __device_attach_driver+0x160/0x160
[  327.620663]  bus_for_each_dev+0x83/0xe0
[  327.620665]  driver_attach+0x1e/0x30
[  327.620667]  bus_add_driver+0x187/0x230
[  327.620670]  driver_register+0x95/0x110
[  327.620673]  __pci_register_driver+0x68/0x80
[  327.620676]  neuron_pci_module_init+0x25/0x60 [neuron]
[  327.620690]  neuron_module_init+0xd6/0x1000 [neuron]
[  327.620707]  ? 0xffffffffc089f000
[  327.620709]  do_one_initcall+0x49/0x1f0
[  327.620713]  ? kmem_cache_alloc_trace+0x199/0x2f0
[  327.620716]  do_init_module+0x52/0x220
[  327.620719]  load_module+0xb56/0xd30
[  327.620722]  __do_sys_finit_module+0xcc/0x150
[  327.620724]  ? __do_sys_finit_module+0xcc/0x150
[  327.620727]  __x64_sys_finit_module+0x18/0x30
[  327.620730]  do_syscall_64+0x5c/0x90
[  327.620732]  ? exit_to_user_mode_prepare+0x3b/0xd0
[  327.620734]  ? syscall_exit_to_user_mode+0x2a/0x50
[  327.620738]  ? do_syscall_64+0x69/0x90
[  327.620740]  ? exit_to_user_mode_prepare+0x3b/0xd0
[  327.620742]  ? syscall_exit_to_user_mode+0x2a/0x50
[  327.620745]  ? do_syscall_64+0x69/0x90
[  327.620747]  entry_SYSCALL_64_after_hwframe+0x63/0xcd
[  327.620750] RIP: 0033:0x7fce3fd1e88d
[  327.620752] Code: 5b 41 5c c3 66 0f 1f 84 00 00 00 00 00 f3 0f 1e fa 48 89 f8 48 89 f7 48 89 d6 48 89 ca 4d 89 c2 4d 89 c8 4c 8b 4c 24 08 0f 05 <48> 3d 01 f0 ff ff 73 01 c3 48 8b 0d 73 b5 0f 00 f7 d8 64 89 01 48
[  327.620755] RSP: 002b:00007ffc8a2104b8 EFLAGS: 00000246 ORIG_RAX: 0000000000000139
[  327.620758] RAX: ffffffffffffffda RBX: 0000563e65e9b7b0 RCX: 00007fce3fd1e88d
[  327.620760] RDX: 0000000000000000 RSI: 0000563e6589ccd2 RDI: 0000000000000003
[  327.620761] RBP: 0000000000000000 R08: 0000000000000000 R09: 0000000000000000
[  327.620763] R10: 0000000000000003 R11: 0000000000000246 R12: 0000563e6589ccd2
[  327.620764] R13: 0000563e65e9b760 R14: 0000563e6589b888 R15: 0000563e65e9b8c0
[  327.620767]  </TASK>
[  327.620768] DMA_STACK_END: End of stack trace for dma_free_coherent
[  327.620769] DMA_INSTRUMENT: About to call dma_alloc_coherent from function mp_init_hrm_pool at /home/ubuntu/cda/orginal/aws-neuronx-2.20.28.0/neuron_mempool.c:268
[  327.620771] DMA_STACK_START: Stack trace for dma_alloc_coherent called from mp_init_hrm_pool
[  327.620773] CPU: 1 PID: 1875 Comm: insmod Tainted: G           OE     5.19.0-1024-aws #25~22.04.1-Ubuntu
[  327.620775] Hardware name: Amazon EC2 inf1.xlarge/, BIOS 1.0 10/16/2017
[  327.620776] Call Trace:
[  327.620777]  <TASK>
[  327.620778]  show_stack+0x52/0x69
[  327.620782]  dump_stack_lvl+0x49/0x6d
[  327.620786]  dump_stack+0x10/0x18
[  327.620788]  mpset_constructor+0x268/0xa82 [neuron]
[  327.620806]  ? kmalloc_order+0x6b/0xa0
[  327.620810]  ? kmem_cache_alloc_trace+0x199/0x2f0
[  327.620813]  ? kmalloc_order_trace+0x1d/0xb0
[  327.620815]  neuron_pci_probe+0x3dd/0x610 [neuron]
[  327.620830]  local_pci_probe+0x4b/0x90
[  327.620833]  pci_call_probe+0x55/0x180
[  327.620836]  pci_device_probe+0x84/0x120
[  327.620839]  really_probe+0x1e4/0x3c0
[  327.620842]  __driver_probe_device+0x12a/0x1b0
[  327.620845]  driver_probe_device+0x23/0xd0
[  327.620847]  __driver_attach+0xc3/0x260
[  327.620850]  ? __device_attach_driver+0x160/0x160
[  327.620852]  bus_for_each_dev+0x83/0xe0
[  327.620855]  driver_attach+0x1e/0x30
[  327.620857]  bus_add_driver+0x187/0x230
[  327.620859]  driver_register+0x95/0x110
[  327.620862]  __pci_register_driver+0x68/0x80
[  327.620865]  neuron_pci_module_init+0x25/0x60 [neuron]
[  327.620878]  neuron_module_init+0xd6/0x1000 [neuron]
[  327.620897]  ? 0xffffffffc089f000
[  327.620899]  do_one_initcall+0x49/0x1f0
[  327.620903]  ? kmem_cache_alloc_trace+0x199/0x2f0
[  327.620906]  do_init_module+0x52/0x220
[  327.620909]  load_module+0xb56/0xd30
[  327.620913]  __do_sys_finit_module+0xcc/0x150
[  327.620915]  ? __do_sys_finit_module+0xcc/0x150
[  327.620919]  __x64_sys_finit_module+0x18/0x30
[  327.620921]  do_syscall_64+0x5c/0x90
[  327.620924]  ? exit_to_user_mode_prepare+0x3b/0xd0
[  327.620926]  ? syscall_exit_to_user_mode+0x2a/0x50
[  327.620929]  ? do_syscall_64+0x69/0x90
[  327.620931]  ? exit_to_user_mode_prepare+0x3b/0xd0
[  327.620933]  ? syscall_exit_to_user_mode+0x2a/0x50
[  327.620936]  ? do_syscall_64+0x69/0x90
[  327.620938]  entry_SYSCALL_64_after_hwframe+0x63/0xcd
[  327.620941] RIP: 0033:0x7fce3fd1e88d
[  327.620943] Code: 5b 41 5c c3 66 0f 1f 84 00 00 00 00 00 f3 0f 1e fa 48 89 f8 48 89 f7 48 89 d6 48 89 ca 4d 89 c2 4d 89 c8 4c 8b 4c 24 08 0f 05 <48> 3d 01 f0 ff ff 73 01 c3 48 8b 0d 73 b5 0f 00 f7 d8 64 89 01 48
[  327.620946] RSP: 002b:00007ffc8a2104b8 EFLAGS: 00000246 ORIG_RAX: 0000000000000139
[  327.620949] RAX: ffffffffffffffda RBX: 0000563e65e9b7b0 RCX: 00007fce3fd1e88d
[  327.620950] RDX: 0000000000000000 RSI: 0000563e6589ccd2 RDI: 0000000000000003
[  327.620952] RBP: 0000000000000000 R08: 0000000000000000 R09: 0000000000000000
[  327.620954] R10: 0000000000000003 R11: 0000000000000246 R12: 0000563e6589ccd2
[  327.620955] R13: 0000563e65e9b760 R14: 0000563e6589b888 R15: 0000563e65e9b8c0
[  327.620958]  </TASK>
[  327.620959] DMA_STACK_END: End of stack trace for dma_alloc_coherent
[  327.621479] DMA_INSTRUMENT: About to call dma_free_coherent from function mp_init_hrm_pool at /home/ubuntu/cda/orginal/aws-neuronx-2.20.28.0/neuron_mempool.c:279
[  327.621481] DMA_STACK_START: Stack trace for dma_free_coherent called from mp_init_hrm_pool
[  327.621483] CPU: 1 PID: 1875 Comm: insmod Tainted: G           OE     5.19.0-1024-aws #25~22.04.1-Ubuntu
[  327.621486] Hardware name: Amazon EC2 inf1.xlarge/, BIOS 1.0 10/16/2017
[  327.621487] Call Trace:
[  327.621488]  <TASK>
[  327.621490]  show_stack+0x52/0x69
[  327.621494]  dump_stack_lvl+0x49/0x6d
[  327.621498]  dump_stack+0x10/0x18
[  327.621501]  mpset_constructor+0x322/0xa82 [neuron]
[  327.621521]  ? kmalloc_order+0x6b/0xa0
[  327.621525]  ? kmem_cache_alloc_trace+0x199/0x2f0
[  327.621528]  ? kmalloc_order_trace+0x1d/0xb0
[  327.621531]  neuron_pci_probe+0x3dd/0x610 [neuron]
[  327.621546]  local_pci_probe+0x4b/0x90
[  327.621550]  pci_call_probe+0x55/0x180
[  327.621554]  pci_device_probe+0x84/0x120
[  327.621557]  really_probe+0x1e4/0x3c0
[  327.621560]  __driver_probe_device+0x12a/0x1b0
[  327.621563]  driver_probe_device+0x23/0xd0
[  327.621565]  __driver_attach+0xc3/0x260
[  327.621568]  ? __device_attach_driver+0x160/0x160
[  327.621570]  bus_for_each_dev+0x83/0xe0
[  327.621573]  driver_attach+0x1e/0x30
[  327.621575]  bus_add_driver+0x187/0x230
[  327.621578]  driver_register+0x95/0x110
[  327.621580]  __pci_register_driver+0x68/0x80
[  327.621583]  neuron_pci_module_init+0x25/0x60 [neuron]
[  327.621596]  neuron_module_init+0xd6/0x1000 [neuron]
[  327.621614]  ? 0xffffffffc089f000
[  327.621616]  do_one_initcall+0x49/0x1f0
[  327.621619]  ? kmem_cache_alloc_trace+0x199/0x2f0
[  327.621623]  do_init_module+0x52/0x220
[  327.621625]  load_module+0xb56/0xd30
[  327.621628]  __do_sys_finit_module+0xcc/0x150
[  327.621630]  ? __do_sys_finit_module+0xcc/0x150
[  327.621633]  __x64_sys_finit_module+0x18/0x30
[  327.621635]  do_syscall_64+0x5c/0x90
[  327.621637]  ? exit_to_user_mode_prepare+0x3b/0xd0
[  327.621639]  ? syscall_exit_to_user_mode+0x2a/0x50
[  327.621642]  ? do_syscall_64+0x69/0x90
[  327.621643]  ? exit_to_user_mode_prepare+0x3b/0xd0
[  327.621645]  ? syscall_exit_to_user_mode+0x2a/0x50
[  327.621647]  ? do_syscall_64+0x69/0x90
[  327.621649]  entry_SYSCALL_64_after_hwframe+0x63/0xcd
[  327.621652] RIP: 0033:0x7fce3fd1e88d
[  327.621654] Code: 5b 41 5c c3 66 0f 1f 84 00 00 00 00 00 f3 0f 1e fa 48 89 f8 48 89 f7 48 89 d6 48 89 ca 4d 89 c2 4d 89 c8 4c 8b 4c 24 08 0f 05 <48> 3d 01 f0 ff ff 73 01 c3 48 8b 0d 73 b5 0f 00 f7 d8 64 89 01 48
[  327.621656] RSP: 002b:00007ffc8a2104b8 EFLAGS: 00000246 ORIG_RAX: 0000000000000139
[  327.621660] RAX: ffffffffffffffda RBX: 0000563e65e9b7b0 RCX: 00007fce3fd1e88d
[  327.621661] RDX: 0000000000000000 RSI: 0000563e6589ccd2 RDI: 0000000000000003
[  327.621663] RBP: 0000000000000000 R08: 0000000000000000 R09: 0000000000000000
[  327.621664] R10: 0000000000000003 R11: 0000000000000246 R12: 0000563e6589ccd2
[  327.621666] R13: 0000563e65e9b760 R14: 0000563e6589b888 R15: 0000563e65e9b8c0
[  327.621668]  </TASK>
[  327.621669] DMA_STACK_END: End of stack trace for dma_free_coherent
[  327.621670] DMA_INSTRUMENT: About to call dma_alloc_coherent from function mp_init_hrm_pool at /home/ubuntu/cda/orginal/aws-neuronx-2.20.28.0/neuron_mempool.c:268
[  327.621672] DMA_STACK_START: Stack trace for dma_alloc_coherent called from mp_init_hrm_pool
[  327.621674] CPU: 1 PID: 1875 Comm: insmod Tainted: G           OE     5.19.0-1024-aws #25~22.04.1-Ubuntu
[  327.621676] Hardware name: Amazon EC2 inf1.xlarge/, BIOS 1.0 10/16/2017
[  327.621677] Call Trace:
[  327.621678]  <TASK>
[  327.621679]  show_stack+0x52/0x69
[  327.621682]  dump_stack_lvl+0x49/0x6d
[  327.621684]  dump_stack+0x10/0x18
[  327.621686]  mpset_constructor+0x268/0xa82 [neuron]
[  327.621705]  ? kmalloc_order+0x6b/0xa0
[  327.621708]  ? kmem_cache_alloc_trace+0x199/0x2f0
[  327.621712]  ? kmalloc_order_trace+0x1d/0xb0
[  327.621714]  neuron_pci_probe+0x3dd/0x610 [neuron]
[  327.621729]  local_pci_probe+0x4b/0x90
[  327.621733]  pci_call_probe+0x55/0x180
[  327.621736]  pci_device_probe+0x84/0x120
[  327.621740]  really_probe+0x1e4/0x3c0
[  327.621743]  __driver_probe_device+0x12a/0x1b0
[  327.621746]  driver_probe_device+0x23/0xd0
[  327.621748]  __driver_attach+0xc3/0x260
[  327.621751]  ? __device_attach_driver+0x160/0x160
[  327.621754]  bus_for_each_dev+0x83/0xe0
[  327.621757]  driver_attach+0x1e/0x30
[  327.621759]  bus_add_driver+0x187/0x230
[  327.621762]  driver_register+0x95/0x110
[  327.621765]  __pci_register_driver+0x68/0x80
[  327.621768]  neuron_pci_module_init+0x25/0x60 [neuron]
[  327.621781]  neuron_module_init+0xd6/0x1000 [neuron]
[  327.621798]  ? 0xffffffffc089f000
[  327.621799]  do_one_initcall+0x49/0x1f0
[  327.621803]  ? kmem_cache_alloc_trace+0x199/0x2f0
[  327.621805]  do_init_module+0x52/0x220
[  327.621808]  load_module+0xb56/0xd30
[  327.621811]  __do_sys_finit_module+0xcc/0x150
[  327.621814]  ? __do_sys_finit_module+0xcc/0x150
[  327.621817]  __x64_sys_finit_module+0x18/0x30
[  327.621819]  do_syscall_64+0x5c/0x90
[  327.621821]  ? exit_to_user_mode_prepare+0x3b/0xd0
[  327.621823]  ? syscall_exit_to_user_mode+0x2a/0x50
[  327.621825]  ? do_syscall_64+0x69/0x90
[  327.621826]  ? exit_to_user_mode_prepare+0x3b/0xd0
[  327.621828]  ? syscall_exit_to_user_mode+0x2a/0x50
[  327.621830]  ? do_syscall_64+0x69/0x90
[  327.621832]  entry_SYSCALL_64_after_hwframe+0x63/0xcd
[  327.621835] RIP: 0033:0x7fce3fd1e88d
[  327.621837] Code: 5b 41 5c c3 66 0f 1f 84 00 00 00 00 00 f3 0f 1e fa 48 89 f8 48 89 f7 48 89 d6 48 89 ca 4d 89 c2 4d 89 c8 4c 8b 4c 24 08 0f 05 <48> 3d 01 f0 ff ff 73 01 c3 48 8b 0d 73 b5 0f 00 f7 d8 64 89 01 48
[  327.621838] RSP: 002b:00007ffc8a2104b8 EFLAGS: 00000246 ORIG_RAX: 0000000000000139
[  327.621841] RAX: ffffffffffffffda RBX: 0000563e65e9b7b0 RCX: 00007fce3fd1e88d
[  327.621843] RDX: 0000000000000000 RSI: 0000563e6589ccd2 RDI: 0000000000000003
[  327.621844] RBP: 0000000000000000 R08: 0000000000000000 R09: 0000000000000000
[  327.621846] R10: 0000000000000003 R11: 0000000000000246 R12: 0000563e6589ccd2
[  327.621847] R13: 0000563e65e9b760 R14: 0000563e6589b888 R15: 0000563e65e9b8c0
[  327.621850]  </TASK>
[  327.621850] DMA_STACK_END: End of stack trace for dma_alloc_coherent
[  327.622390] DMA_INSTRUMENT: About to call dma_free_coherent from function mp_init_hrm_pool at /home/ubuntu/cda/orginal/aws-neuronx-2.20.28.0/neuron_mempool.c:279
[  327.622393] DMA_STACK_START: Stack trace for dma_free_coherent called from mp_init_hrm_pool
[  327.622394] CPU: 1 PID: 1875 Comm: insmod Tainted: G           OE     5.19.0-1024-aws #25~22.04.1-Ubuntu
[  327.622397] Hardware name: Amazon EC2 inf1.xlarge/, BIOS 1.0 10/16/2017
[  327.622398] Call Trace:
[  327.622400]  <TASK>
[  327.622401]  show_stack+0x52/0x69
[  327.622406]  dump_stack_lvl+0x49/0x6d
[  327.622410]  dump_stack+0x10/0x18
[  327.622413]  mpset_constructor+0x322/0xa82 [neuron]
[  327.622432]  ? kmalloc_order+0x6b/0xa0
[  327.622436]  ? kmem_cache_alloc_trace+0x199/0x2f0
[  327.622439]  ? kmalloc_order_trace+0x1d/0xb0
[  327.622441]  neuron_pci_probe+0x3dd/0x610 [neuron]
[  327.622455]  local_pci_probe+0x4b/0x90
[  327.622460]  pci_call_probe+0x55/0x180
[  327.622463]  pci_device_probe+0x84/0x120
[  327.622466]  really_probe+0x1e4/0x3c0
[  327.622468]  __driver_probe_device+0x12a/0x1b0
[  327.622470]  driver_probe_device+0x23/0xd0
[  327.622472]  __driver_attach+0xc3/0x260
[  327.622475]  ? __device_attach_driver+0x160/0x160
[  327.622477]  bus_for_each_dev+0x83/0xe0
[  327.622479]  driver_attach+0x1e/0x30
[  327.622481]  bus_add_driver+0x187/0x230
[  327.622483]  driver_register+0x95/0x110
[  327.622485]  __pci_register_driver+0x68/0x80
[  327.622488]  neuron_pci_module_init+0x25/0x60 [neuron]
[  327.622500]  neuron_module_init+0xd6/0x1000 [neuron]
[  327.622517]  ? 0xffffffffc089f000
[  327.622519]  do_one_initcall+0x49/0x1f0
[  327.622524]  ? kmem_cache_alloc_trace+0x199/0x2f0
[  327.622527]  do_init_module+0x52/0x220
[  327.622534]  load_module+0xb56/0xd30
[  327.622537]  __do_sys_finit_module+0xcc/0x150
[  327.622540]  ? __do_sys_finit_module+0xcc/0x150
[  327.622543]  __x64_sys_finit_module+0x18/0x30
[  327.622546]  do_syscall_64+0x5c/0x90
[  327.622548]  ? exit_to_user_mode_prepare+0x3b/0xd0
[  327.622551]  ? syscall_exit_to_user_mode+0x2a/0x50
[  327.622554]  ? do_syscall_64+0x69/0x90
[  327.622556]  ? exit_to_user_mode_prepare+0x3b/0xd0
[  327.622558]  ? syscall_exit_to_user_mode+0x2a/0x50
[  327.622560]  ? do_syscall_64+0x69/0x90
[  327.622562]  entry_SYSCALL_64_after_hwframe+0x63/0xcd
[  327.622566] RIP: 0033:0x7fce3fd1e88d
[  327.622568] Code: 5b 41 5c c3 66 0f 1f 84 00 00 00 00 00 f3 0f 1e fa 48 89 f8 48 89 f7 48 89 d6 48 89 ca 4d 89 c2 4d 89 c8 4c 8b 4c 24 08 0f 05 <48> 3d 01 f0 ff ff 73 01 c3 48 8b 0d 73 b5 0f 00 f7 d8 64 89 01 48
[  327.622570] RSP: 002b:00007ffc8a2104b8 EFLAGS: 00000246 ORIG_RAX: 0000000000000139
[  327.622573] RAX: ffffffffffffffda RBX: 0000563e65e9b7b0 RCX: 00007fce3fd1e88d
[  327.622575] RDX: 0000000000000000 RSI: 0000563e6589ccd2 RDI: 0000000000000003
[  327.622577] RBP: 0000000000000000 R08: 0000000000000000 R09: 0000000000000000
[  327.622578] R10: 0000000000000003 R11: 0000000000000246 R12: 0000563e6589ccd2
[  327.622579] R13: 0000563e65e9b760 R14: 0000563e6589b888 R15: 0000563e65e9b8c0
[  327.622581]  </TASK>
[  327.622596] DMA_STACK_END: End of stack trace for dma_free_coherent
[  327.622597] DMA_INSTRUMENT: About to call dma_alloc_coherent from function mp_init_hrm_pool at /home/ubuntu/cda/orginal/aws-neuronx-2.20.28.0/neuron_mempool.c:268
[  327.622600] DMA_STACK_START: Stack trace for dma_alloc_coherent called from mp_init_hrm_pool
[  327.622601] CPU: 1 PID: 1875 Comm: insmod Tainted: G           OE     5.19.0-1024-aws #25~22.04.1-Ubuntu
[  327.622604] Hardware name: Amazon EC2 inf1.xlarge/, BIOS 1.0 10/16/2017
[  327.622606] Call Trace:
[  327.622607]  <TASK>
[  327.622608]  show_stack+0x52/0x69
[  327.622612]  dump_stack_lvl+0x49/0x6d
[  327.622615]  dump_stack+0x10/0x18
[  327.622618]  mpset_constructor+0x268/0xa82 [neuron]
[  327.622637]  ? kmalloc_order+0x6b/0xa0
[  327.622641]  ? kmem_cache_alloc_trace+0x199/0x2f0
[  327.622644]  ? kmalloc_order_trace+0x1d/0xb0
[  327.622647]  neuron_pci_probe+0x3dd/0x610 [neuron]
[  327.622662]  local_pci_probe+0x4b/0x90
[  327.622665]  pci_call_probe+0x55/0x180
[  327.622669]  pci_device_probe+0x84/0x120
[  327.622672]  really_probe+0x1e4/0x3c0
[  327.622675]  __driver_probe_device+0x12a/0x1b0
[  327.622678]  driver_probe_device+0x23/0xd0
[  327.622681]  __driver_attach+0xc3/0x260
[  327.622683]  ? __device_attach_driver+0x160/0x160
[  327.622686]  bus_for_each_dev+0x83/0xe0
[  327.622689]  driver_attach+0x1e/0x30
[  327.622691]  bus_add_driver+0x187/0x230
[  327.622693]  driver_register+0x95/0x110
[  327.622695]  __pci_register_driver+0x68/0x80
[  327.622698]  neuron_pci_module_init+0x25/0x60 [neuron]
[  327.622711]  neuron_module_init+0xd6/0x1000 [neuron]
[  327.622729]  ? 0xffffffffc089f000
[  327.622731]  do_one_initcall+0x49/0x1f0
[  327.622734]  ? kmem_cache_alloc_trace+0x199/0x2f0
[  327.622738]  do_init_module+0x52/0x220
[  327.622740]  load_module+0xb56/0xd30
[  327.622744]  __do_sys_finit_module+0xcc/0x150
[  327.622747]  ? __do_sys_finit_module+0xcc/0x150
[  327.622751]  __x64_sys_finit_module+0x18/0x30
[  327.622754]  do_syscall_64+0x5c/0x90
[  327.622756]  ? exit_to_user_mode_prepare+0x3b/0xd0
[  327.622758]  ? syscall_exit_to_user_mode+0x2a/0x50
[  327.622761]  ? do_syscall_64+0x69/0x90
[  327.622763]  ? exit_to_user_mode_prepare+0x3b/0xd0
[  327.622766]  ? syscall_exit_to_user_mode+0x2a/0x50
[  327.622768]  ? do_syscall_64+0x69/0x90
[  327.622770]  entry_SYSCALL_64_after_hwframe+0x63/0xcd
[  327.622774] RIP: 0033:0x7fce3fd1e88d
[  327.622776] Code: 5b 41 5c c3 66 0f 1f 84 00 00 00 00 00 f3 0f 1e fa 48 89 f8 48 89 f7 48 89 d6 48 89 ca 4d 89 c2 4d 89 c8 4c 8b 4c 24 08 0f 05 <48> 3d 01 f0 ff ff 73 01 c3 48 8b 0d 73 b5 0f 00 f7 d8 64 89 01 48
[  327.622778] RSP: 002b:00007ffc8a2104b8 EFLAGS: 00000246 ORIG_RAX: 0000000000000139
[  327.622781] RAX: ffffffffffffffda RBX: 0000563e65e9b7b0 RCX: 00007fce3fd1e88d
[  327.622783] RDX: 0000000000000000 RSI: 0000563e6589ccd2 RDI: 0000000000000003
[  327.622785] RBP: 0000000000000000 R08: 0000000000000000 R09: 0000000000000000
[  327.622787] R10: 0000000000000003 R11: 0000000000000246 R12: 0000563e6589ccd2
[  327.622788] R13: 0000563e65e9b760 R14: 0000563e6589b888 R15: 0000563e65e9b8c0
[  327.622791]  </TASK>
[  327.622792] DMA_STACK_END: End of stack trace for dma_alloc_coherent
[  327.623300] DMA_INSTRUMENT: About to call dma_free_coherent from function mp_init_hrm_pool at /home/ubuntu/cda/orginal/aws-neuronx-2.20.28.0/neuron_mempool.c:279
[  327.623303] DMA_STACK_START: Stack trace for dma_free_coherent called from mp_init_hrm_pool
[  327.623305] CPU: 1 PID: 1875 Comm: insmod Tainted: G           OE     5.19.0-1024-aws #25~22.04.1-Ubuntu
[  327.623307] Hardware name: Amazon EC2 inf1.xlarge/, BIOS 1.0 10/16/2017
[  327.623309] Call Trace:
[  327.623310]  <TASK>
[  327.623311]  show_stack+0x52/0x69
[  327.623316]  dump_stack_lvl+0x49/0x6d
[  327.623320]  dump_stack+0x10/0x18
[  327.623323]  mpset_constructor+0x322/0xa82 [neuron]
[  327.623343]  ? kmalloc_order+0x6b/0xa0
[  327.623346]  ? kmem_cache_alloc_trace+0x199/0x2f0
[  327.623350]  ? kmalloc_order_trace+0x1d/0xb0
[  327.623352]  neuron_pci_probe+0x3dd/0x610 [neuron]
[  327.623368]  local_pci_probe+0x4b/0x90
[  327.623372]  pci_call_probe+0x55/0x180
[  327.623375]  pci_device_probe+0x84/0x120
[  327.623379]  really_probe+0x1e4/0x3c0
[  327.623382]  __driver_probe_device+0x12a/0x1b0
[  327.623385]  driver_probe_device+0x23/0xd0
[  327.623387]  __driver_attach+0xc3/0x260
[  327.623390]  ? __device_attach_driver+0x160/0x160
[  327.623392]  bus_for_each_dev+0x83/0xe0
[  327.623394]  driver_attach+0x1e/0x30
[  327.623396]  bus_add_driver+0x187/0x230
[  327.623399]  driver_register+0x95/0x110
[  327.623401]  __pci_register_driver+0x68/0x80
[  327.623404]  neuron_pci_module_init+0x25/0x60 [neuron]
[  327.623418]  neuron_module_init+0xd6/0x1000 [neuron]
[  327.623435]  ? 0xffffffffc089f000
[  327.623437]  do_one_initcall+0x49/0x1f0
[  327.623441]  ? kmem_cache_alloc_trace+0x199/0x2f0
[  327.623445]  do_init_module+0x52/0x220
[  327.623448]  load_module+0xb56/0xd30
[  327.623451]  __do_sys_finit_module+0xcc/0x150
[  327.623453]  ? __do_sys_finit_module+0xcc/0x150
[  327.623457]  __x64_sys_finit_module+0x18/0x30
[  327.623459]  do_syscall_64+0x5c/0x90
[  327.623462]  ? exit_to_user_mode_prepare+0x3b/0xd0
[  327.623464]  ? syscall_exit_to_user_mode+0x2a/0x50
[  327.623468]  ? do_syscall_64+0x69/0x90
[  327.623470]  ? exit_to_user_mode_prepare+0x3b/0xd0
[  327.623472]  ? syscall_exit_to_user_mode+0x2a/0x50
[  327.623475]  ? do_syscall_64+0x69/0x90
[  327.623477]  entry_SYSCALL_64_after_hwframe+0x63/0xcd
[  327.623481] RIP: 0033:0x7fce3fd1e88d
[  327.623483] Code: 5b 41 5c c3 66 0f 1f 84 00 00 00 00 00 f3 0f 1e fa 48 89 f8 48 89 f7 48 89 d6 48 89 ca 4d 89 c2 4d 89 c8 4c 8b 4c 24 08 0f 05 <48> 3d 01 f0 ff ff 73 01 c3 48 8b 0d 73 b5 0f 00 f7 d8 64 89 01 48
[  327.623486] RSP: 002b:00007ffc8a2104b8 EFLAGS: 00000246 ORIG_RAX: 0000000000000139
[  327.623489] RAX: ffffffffffffffda RBX: 0000563e65e9b7b0 RCX: 00007fce3fd1e88d
[  327.623491] RDX: 0000000000000000 RSI: 0000563e6589ccd2 RDI: 0000000000000003
[  327.623493] RBP: 0000000000000000 R08: 0000000000000000 R09: 0000000000000000
[  327.623495] R10: 0000000000000003 R11: 0000000000000246 R12: 0000563e6589ccd2
[  327.623497] R13: 0000563e65e9b760 R14: 0000563e6589b888 R15: 0000563e65e9b8c0
[  327.623500]  </TASK>
[  327.623501] DMA_STACK_END: End of stack trace for dma_free_coherent
[  327.623502] DMA_INSTRUMENT: About to call dma_alloc_coherent from function mp_init_hrm_pool at /home/ubuntu/cda/orginal/aws-neuronx-2.20.28.0/neuron_mempool.c:268
[  327.623504] DMA_STACK_START: Stack trace for dma_alloc_coherent called from mp_init_hrm_pool
[  327.623506] CPU: 1 PID: 1875 Comm: insmod Tainted: G           OE     5.19.0-1024-aws #25~22.04.1-Ubuntu
[  327.623508] Hardware name: Amazon EC2 inf1.xlarge/, BIOS 1.0 10/16/2017
[  327.623510] Call Trace:
[  327.623511]  <TASK>
[  327.623512]  show_stack+0x52/0x69
[  327.623516]  dump_stack_lvl+0x49/0x6d
[  327.623519]  dump_stack+0x10/0x18
[  327.623522]  mpset_constructor+0x268/0xa82 [neuron]
[  327.623542]  ? kmalloc_order+0x6b/0xa0
[  327.623546]  ? kmem_cache_alloc_trace+0x199/0x2f0
[  327.623549]  ? kmalloc_order_trace+0x1d/0xb0
[  327.623552]  neuron_pci_probe+0x3dd/0x610 [neuron]
[  327.623567]  local_pci_probe+0x4b/0x90
[  327.623571]  pci_call_probe+0x55/0x180
[  327.623574]  pci_device_probe+0x84/0x120
[  327.623578]  really_probe+0x1e4/0x3c0
[  327.623580]  __driver_probe_device+0x12a/0x1b0
[  327.623583]  driver_probe_device+0x23/0xd0
[  327.623586]  __driver_attach+0xc3/0x260
[  327.623589]  ? __device_attach_driver+0x160/0x160
[  327.623591]  bus_for_each_dev+0x83/0xe0
[  327.623593]  driver_attach+0x1e/0x30
[  327.623595]  bus_add_driver+0x187/0x230
[  327.623598]  driver_register+0x95/0x110
[  327.623600]  __pci_register_driver+0x68/0x80
[  327.623604]  neuron_pci_module_init+0x25/0x60 [neuron]
[  327.623618]  neuron_module_init+0xd6/0x1000 [neuron]
[  327.623637]  ? 0xffffffffc089f000
[  327.623640]  do_one_initcall+0x49/0x1f0
[  327.623643]  ? kmem_cache_alloc_trace+0x199/0x2f0
[  327.623646]  do_init_module+0x52/0x220
[  327.623649]  load_module+0xb56/0xd30
[  327.623653]  __do_sys_finit_module+0xcc/0x150
[  327.623656]  ? __do_sys_finit_module+0xcc/0x150
[  327.623659]  __x64_sys_finit_module+0x18/0x30
[  327.623662]  do_syscall_64+0x5c/0x90
[  327.623664]  ? exit_to_user_mode_prepare+0x3b/0xd0
[  327.623667]  ? syscall_exit_to_user_mode+0x2a/0x50
[  327.623670]  ? do_syscall_64+0x69/0x90
[  327.623672]  ? exit_to_user_mode_prepare+0x3b/0xd0
[  327.623674]  ? syscall_exit_to_user_mode+0x2a/0x50
[  327.623677]  ? do_syscall_64+0x69/0x90
[  327.623679]  entry_SYSCALL_64_after_hwframe+0x63/0xcd
[  327.623683] RIP: 0033:0x7fce3fd1e88d
[  327.623685] Code: 5b 41 5c c3 66 0f 1f 84 00 00 00 00 00 f3 0f 1e fa 48 89 f8 48 89 f7 48 89 d6 48 89 ca 4d 89 c2 4d 89 c8 4c 8b 4c 24 08 0f 05 <48> 3d 01 f0 ff ff 73 01 c3 48 8b 0d 73 b5 0f 00 f7 d8 64 89 01 48
[  327.623687] RSP: 002b:00007ffc8a2104b8 EFLAGS: 00000246 ORIG_RAX: 0000000000000139
[  327.623689] RAX: ffffffffffffffda RBX: 0000563e65e9b7b0 RCX: 00007fce3fd1e88d
[  327.623690] RDX: 0000000000000000 RSI: 0000563e6589ccd2 RDI: 0000000000000003
[  327.623692] RBP: 0000000000000000 R08: 0000000000000000 R09: 0000000000000000
[  327.623693] R10: 0000000000000003 R11: 0000000000000246 R12: 0000563e6589ccd2
[  327.623694] R13: 0000563e65e9b760 R14: 0000563e6589b888 R15: 0000563e65e9b8c0
[  327.623697]  </TASK>
[  327.623698] DMA_STACK_END: End of stack trace for dma_alloc_coherent
[  327.624228] DMA_INSTRUMENT: About to call dma_free_coherent from function mp_init_hrm_pool at /home/ubuntu/cda/orginal/aws-neuronx-2.20.28.0/neuron_mempool.c:279
[  327.624231] DMA_STACK_START: Stack trace for dma_free_coherent called from mp_init_hrm_pool
[  327.624233] CPU: 1 PID: 1875 Comm: insmod Tainted: G           OE     5.19.0-1024-aws #25~22.04.1-Ubuntu
[  327.624236] Hardware name: Amazon EC2 inf1.xlarge/, BIOS 1.0 10/16/2017
[  327.624237] Call Trace:
[  327.624238]  <TASK>
[  327.624240]  show_stack+0x52/0x69
[  327.624244]  dump_stack_lvl+0x49/0x6d
[  327.624248]  dump_stack+0x10/0x18
[  327.624251]  mpset_constructor+0x322/0xa82 [neuron]
[  327.624269]  ? kmalloc_order+0x6b/0xa0
[  327.624273]  ? kmem_cache_alloc_trace+0x199/0x2f0
[  327.624276]  ? kmalloc_order_trace+0x1d/0xb0
[  327.624278]  neuron_pci_probe+0x3dd/0x610 [neuron]
[  327.624295]  local_pci_probe+0x4b/0x90
[  327.624299]  pci_call_probe+0x55/0x180
[  327.624302]  pci_device_probe+0x84/0x120
[  327.624305]  really_probe+0x1e4/0x3c0
[  327.624308]  __driver_probe_device+0x12a/0x1b0
[  327.624310]  driver_probe_device+0x23/0xd0
[  327.624312]  __driver_attach+0xc3/0x260
[  327.624315]  ? __device_attach_driver+0x160/0x160
[  327.624317]  bus_for_each_dev+0x83/0xe0
[  327.624320]  driver_attach+0x1e/0x30
[  327.624322]  bus_add_driver+0x187/0x230
[  327.624324]  driver_register+0x95/0x110
[  327.624327]  __pci_register_driver+0x68/0x80
[  327.624330]  neuron_pci_module_init+0x25/0x60 [neuron]
[  327.624342]  neuron_module_init+0xd6/0x1000 [neuron]
[  327.624359]  ? 0xffffffffc089f000
[  327.624361]  do_one_initcall+0x49/0x1f0
[  327.624365]  ? kmem_cache_alloc_trace+0x199/0x2f0
[  327.624369]  do_init_module+0x52/0x220
[  327.624372]  load_module+0xb56/0xd30
[  327.624376]  __do_sys_finit_module+0xcc/0x150
[  327.624378]  ? __do_sys_finit_module+0xcc/0x150
[  327.624382]  __x64_sys_finit_module+0x18/0x30
[  327.624384]  do_syscall_64+0x5c/0x90
[  327.624387]  ? exit_to_user_mode_prepare+0x3b/0xd0
[  327.624389]  ? syscall_exit_to_user_mode+0x2a/0x50
[  327.624392]  ? do_syscall_64+0x69/0x90
[  327.624395]  ? exit_to_user_mode_prepare+0x3b/0xd0
[  327.624397]  ? syscall_exit_to_user_mode+0x2a/0x50
[  327.624400]  ? do_syscall_64+0x69/0x90
[  327.624402]  entry_SYSCALL_64_after_hwframe+0x63/0xcd
[  327.624406] RIP: 0033:0x7fce3fd1e88d
[  327.624408] Code: 5b 41 5c c3 66 0f 1f 84 00 00 00 00 00 f3 0f 1e fa 48 89 f8 48 89 f7 48 89 d6 48 89 ca 4d 89 c2 4d 89 c8 4c 8b 4c 24 08 0f 05 <48> 3d 01 f0 ff ff 73 01 c3 48 8b 0d 73 b5 0f 00 f7 d8 64 89 01 48
[  327.624410] RSP: 002b:00007ffc8a2104b8 EFLAGS: 00000246 ORIG_RAX: 0000000000000139
[  327.624413] RAX: ffffffffffffffda RBX: 0000563e65e9b7b0 RCX: 00007fce3fd1e88d
[  327.624415] RDX: 0000000000000000 RSI: 0000563e6589ccd2 RDI: 0000000000000003
[  327.624417] RBP: 0000000000000000 R08: 0000000000000000 R09: 0000000000000000
[  327.624419] R10: 0000000000000003 R11: 0000000000000246 R12: 0000563e6589ccd2
[  327.624421] R13: 0000563e65e9b760 R14: 0000563e6589b888 R15: 0000563e65e9b8c0
[  327.624424]  </TASK>
[  327.624425] DMA_STACK_END: End of stack trace for dma_free_coherent
[  327.624426] DMA_INSTRUMENT: About to call dma_alloc_coherent from function mp_init_hrm_pool at /home/ubuntu/cda/orginal/aws-neuronx-2.20.28.0/neuron_mempool.c:268
[  327.624427] DMA_STACK_START: Stack trace for dma_alloc_coherent called from mp_init_hrm_pool
[  327.624429] CPU: 1 PID: 1875 Comm: insmod Tainted: G           OE     5.19.0-1024-aws #25~22.04.1-Ubuntu
[  327.624431] Hardware name: Amazon EC2 inf1.xlarge/, BIOS 1.0 10/16/2017
[  327.624432] Call Trace:
[  327.624433]  <TASK>
[  327.624435]  show_stack+0x52/0x69
[  327.624438]  dump_stack_lvl+0x49/0x6d
[  327.624441]  dump_stack+0x10/0x18
[  327.624443]  mpset_constructor+0x268/0xa82 [neuron]
[  327.624461]  ? kmalloc_order+0x6b/0xa0
[  327.624465]  ? kmem_cache_alloc_trace+0x199/0x2f0
[  327.624468]  ? kmalloc_order_trace+0x1d/0xb0
[  327.624470]  neuron_pci_probe+0x3dd/0x610 [neuron]
[  327.624484]  local_pci_probe+0x4b/0x90
[  327.624488]  pci_call_probe+0x55/0x180
[  327.624491]  pci_device_probe+0x84/0x120
[  327.624494]  really_probe+0x1e4/0x3c0
[  327.624497]  __driver_probe_device+0x12a/0x1b0
[  327.624500]  driver_probe_device+0x23/0xd0
[  327.624502]  __driver_attach+0xc3/0x260
[  327.624505]  ? __device_attach_driver+0x160/0x160
[  327.624508]  bus_for_each_dev+0x83/0xe0
[  327.624510]  driver_attach+0x1e/0x30
[  327.624512]  bus_add_driver+0x187/0x230
[  327.624515]  driver_register+0x95/0x110
[  327.624518]  __pci_register_driver+0x68/0x80
[  327.624521]  neuron_pci_module_init+0x25/0x60 [neuron]
[  327.624533]  neuron_module_init+0xd6/0x1000 [neuron]
[  327.624552]  ? 0xffffffffc089f000
[  327.624554]  do_one_initcall+0x49/0x1f0
[  327.624558]  ? kmem_cache_alloc_trace+0x199/0x2f0
[  327.624561]  do_init_module+0x52/0x220
[  327.624564]  load_module+0xb56/0xd30
[  327.624567]  __do_sys_finit_module+0xcc/0x150
[  327.624570]  ? __do_sys_finit_module+0xcc/0x150
[  327.624573]  __x64_sys_finit_module+0x18/0x30
[  327.624576]  do_syscall_64+0x5c/0x90
[  327.624578]  ? exit_to_user_mode_prepare+0x3b/0xd0
[  327.624580]  ? syscall_exit_to_user_mode+0x2a/0x50
[  327.624583]  ? do_syscall_64+0x69/0x90
[  327.624585]  ? exit_to_user_mode_prepare+0x3b/0xd0
[  327.624588]  ? syscall_exit_to_user_mode+0x2a/0x50
[  327.624590]  ? do_syscall_64+0x69/0x90
[  327.624592]  entry_SYSCALL_64_after_hwframe+0x63/0xcd
[  327.624596] RIP: 0033:0x7fce3fd1e88d
[  327.624598] Code: 5b 41 5c c3 66 0f 1f 84 00 00 00 00 00 f3 0f 1e fa 48 89 f8 48 89 f7 48 89 d6 48 89 ca 4d 89 c2 4d 89 c8 4c 8b 4c 24 08 0f 05 <48> 3d 01 f0 ff ff 73 01 c3 48 8b 0d 73 b5 0f 00 f7 d8 64 89 01 48
[  327.624600] RSP: 002b:00007ffc8a2104b8 EFLAGS: 00000246 ORIG_RAX: 0000000000000139
[  327.624603] RAX: ffffffffffffffda RBX: 0000563e65e9b7b0 RCX: 00007fce3fd1e88d
[  327.624604] RDX: 0000000000000000 RSI: 0000563e6589ccd2 RDI: 0000000000000003
[  327.624606] RBP: 0000000000000000 R08: 0000000000000000 R09: 0000000000000000
[  327.624608] R10: 0000000000000003 R11: 0000000000000246 R12: 0000563e6589ccd2
[  327.624609] R13: 0000563e65e9b760 R14: 0000563e6589b888 R15: 0000563e65e9b8c0
[  327.624612]  </TASK>
[  327.624612] DMA_STACK_END: End of stack trace for dma_alloc_coherent
[  327.625143] DMA_INSTRUMENT: About to call dma_free_coherent from function mp_init_hrm_pool at /home/ubuntu/cda/orginal/aws-neuronx-2.20.28.0/neuron_mempool.c:279
[  327.625146] DMA_STACK_START: Stack trace for dma_free_coherent called from mp_init_hrm_pool
[  327.625147] CPU: 1 PID: 1875 Comm: insmod Tainted: G           OE     5.19.0-1024-aws #25~22.04.1-Ubuntu
[  327.625150] Hardware name: Amazon EC2 inf1.xlarge/, BIOS 1.0 10/16/2017
[  327.625151] Call Trace:
[  327.625152]  <TASK>
[  327.625153]  show_stack+0x52/0x69
[  327.625157]  dump_stack_lvl+0x49/0x6d
[  327.625161]  dump_stack+0x10/0x18
[  327.625164]  mpset_constructor+0x322/0xa82 [neuron]
[  327.625186]  ? kmalloc_order+0x6b/0xa0
[  327.625190]  ? kmem_cache_alloc_trace+0x199/0x2f0
[  327.625194]  ? kmalloc_order_trace+0x1d/0xb0
[  327.625196]  neuron_pci_probe+0x3dd/0x610 [neuron]
[  327.625212]  local_pci_probe+0x4b/0x90
[  327.625215]  pci_call_probe+0x55/0x180
[  327.625218]  pci_device_probe+0x84/0x120
[  327.625221]  really_probe+0x1e4/0x3c0
[  327.625224]  __driver_probe_device+0x12a/0x1b0
[  327.625226]  driver_probe_device+0x23/0xd0
[  327.625229]  __driver_attach+0xc3/0x260
[  327.625231]  ? __device_attach_driver+0x160/0x160
[  327.625233]  bus_for_each_dev+0x83/0xe0
[  327.625236]  driver_attach+0x1e/0x30
[  327.625238]  bus_add_driver+0x187/0x230
[  327.625240]  driver_register+0x95/0x110
[  327.625243]  __pci_register_driver+0x68/0x80
[  327.625246]  neuron_pci_module_init+0x25/0x60 [neuron]
[  327.625259]  neuron_module_init+0xd6/0x1000 [neuron]
[  327.625277]  ? 0xffffffffc089f000
[  327.625279]  do_one_initcall+0x49/0x1f0
[  327.625283]  ? kmem_cache_alloc_trace+0x199/0x2f0
[  327.625286]  do_init_module+0x52/0x220
[  327.625290]  load_module+0xb56/0xd30
[  327.625293]  __do_sys_finit_module+0xcc/0x150
[  327.625295]  ? __do_sys_finit_module+0xcc/0x150
[  327.625299]  __x64_sys_finit_module+0x18/0x30
[  327.625302]  do_syscall_64+0x5c/0x90
[  327.625304]  ? exit_to_user_mode_prepare+0x3b/0xd0
[  327.625307]  ? syscall_exit_to_user_mode+0x2a/0x50
[  327.625311]  ? do_syscall_64+0x69/0x90
[  327.625313]  ? exit_to_user_mode_prepare+0x3b/0xd0
[  327.625314]  ? syscall_exit_to_user_mode+0x2a/0x50
[  327.625318]  ? do_syscall_64+0x69/0x90
[  327.625320]  entry_SYSCALL_64_after_hwframe+0x63/0xcd
[  327.625324] RIP: 0033:0x7fce3fd1e88d
[  327.625326] Code: 5b 41 5c c3 66 0f 1f 84 00 00 00 00 00 f3 0f 1e fa 48 89 f8 48 89 f7 48 89 d6 48 89 ca 4d 89 c2 4d 89 c8 4c 8b 4c 24 08 0f 05 <48> 3d 01 f0 ff ff 73 01 c3 48 8b 0d 73 b5 0f 00 f7 d8 64 89 01 48
[  327.625328] RSP: 002b:00007ffc8a2104b8 EFLAGS: 00000246 ORIG_RAX: 0000000000000139
[  327.625331] RAX: ffffffffffffffda RBX: 0000563e65e9b7b0 RCX: 00007fce3fd1e88d
[  327.625333] RDX: 0000000000000000 RSI: 0000563e6589ccd2 RDI: 0000000000000003
[  327.625335] RBP: 0000000000000000 R08: 0000000000000000 R09: 0000000000000000
[  327.625336] R10: 0000000000000003 R11: 0000000000000246 R12: 0000563e6589ccd2
[  327.625338] R13: 0000563e65e9b760 R14: 0000563e6589b888 R15: 0000563e65e9b8c0
[  327.625340]  </TASK>
[  327.625341] DMA_STACK_END: End of stack trace for dma_free_coherent
[  327.625342] DMA_INSTRUMENT: About to call dma_alloc_coherent from function mp_init_hrm_pool at /home/ubuntu/cda/orginal/aws-neuronx-2.20.28.0/neuron_mempool.c:268
[  327.625344] DMA_STACK_START: Stack trace for dma_alloc_coherent called from mp_init_hrm_pool
[  327.625346] CPU: 1 PID: 1875 Comm: insmod Tainted: G           OE     5.19.0-1024-aws #25~22.04.1-Ubuntu
[  327.625348] Hardware name: Amazon EC2 inf1.xlarge/, BIOS 1.0 10/16/2017
[  327.625349] Call Trace:
[  327.625350]  <TASK>
[  327.625351]  show_stack+0x52/0x69
[  327.625354]  dump_stack_lvl+0x49/0x6d
[  327.625358]  dump_stack+0x10/0x18
[  327.625360]  mpset_constructor+0x268/0xa82 [neuron]
[  327.625378]  ? kmalloc_order+0x6b/0xa0
[  327.625381]  ? kmem_cache_alloc_trace+0x199/0x2f0
[  327.625385]  ? kmalloc_order_trace+0x1d/0xb0
[  327.625387]  neuron_pci_probe+0x3dd/0x610 [neuron]
[  327.625401]  local_pci_probe+0x4b/0x90
[  327.625405]  pci_call_probe+0x55/0x180
[  327.625408]  pci_device_probe+0x84/0x120
[  327.625412]  really_probe+0x1e4/0x3c0
[  327.625415]  __driver_probe_device+0x12a/0x1b0
[  327.625417]  driver_probe_device+0x23/0xd0
[  327.625421]  __driver_attach+0xc3/0x260
[  327.625426]  ? __device_attach_driver+0x160/0x160
[  327.625429]  bus_for_each_dev+0x83/0xe0
[  327.625431]  driver_attach+0x1e/0x30
[  327.625433]  bus_add_driver+0x187/0x230
[  327.625436]  driver_register+0x95/0x110
[  327.625438]  __pci_register_driver+0x68/0x80
[  327.625441]  neuron_pci_module_init+0x25/0x60 [neuron]
[  327.625454]  neuron_module_init+0xd6/0x1000 [neuron]
[  327.625472]  ? 0xffffffffc089f000
[  327.625474]  do_one_initcall+0x49/0x1f0
[  327.625477]  ? kmem_cache_alloc_trace+0x199/0x2f0
[  327.625481]  do_init_module+0x52/0x220
[  327.625483]  load_module+0xb56/0xd30
[  327.625487]  __do_sys_finit_module+0xcc/0x150
[  327.625489]  ? __do_sys_finit_module+0xcc/0x150
[  327.625493]  __x64_sys_finit_module+0x18/0x30
[  327.625496]  do_syscall_64+0x5c/0x90
[  327.625498]  ? exit_to_user_mode_prepare+0x3b/0xd0
[  327.625500]  ? syscall_exit_to_user_mode+0x2a/0x50
[  327.625503]  ? do_syscall_64+0x69/0x90
[  327.625505]  ? exit_to_user_mode_prepare+0x3b/0xd0
[  327.625508]  ? syscall_exit_to_user_mode+0x2a/0x50
[  327.625510]  ? do_syscall_64+0x69/0x90
[  327.625512]  entry_SYSCALL_64_after_hwframe+0x63/0xcd
[  327.625515] RIP: 0033:0x7fce3fd1e88d
[  327.625517] Code: 5b 41 5c c3 66 0f 1f 84 00 00 00 00 00 f3 0f 1e fa 48 89 f8 48 89 f7 48 89 d6 48 89 ca 4d 89 c2 4d 89 c8 4c 8b 4c 24 08 0f 05 <48> 3d 01 f0 ff ff 73 01 c3 48 8b 0d 73 b5 0f 00 f7 d8 64 89 01 48
[  327.625519] RSP: 002b:00007ffc8a2104b8 EFLAGS: 00000246 ORIG_RAX: 0000000000000139
[  327.625522] RAX: ffffffffffffffda RBX: 0000563e65e9b7b0 RCX: 00007fce3fd1e88d
[  327.625524] RDX: 0000000000000000 RSI: 0000563e6589ccd2 RDI: 0000000000000003
[  327.625526] RBP: 0000000000000000 R08: 0000000000000000 R09: 0000000000000000
[  327.625527] R10: 0000000000000003 R11: 0000000000000246 R12: 0000563e6589ccd2
[  327.625528] R13: 0000563e65e9b760 R14: 0000563e6589b888 R15: 0000563e65e9b8c0
[  327.625531]  </TASK>
[  327.625533] DMA_STACK_END: End of stack trace for dma_alloc_coherent
[  327.626070] DMA_INSTRUMENT: About to call dma_free_coherent from function mp_init_hrm_pool at /home/ubuntu/cda/orginal/aws-neuronx-2.20.28.0/neuron_mempool.c:279
[  327.626072] DMA_STACK_START: Stack trace for dma_free_coherent called from mp_init_hrm_pool
[  327.626074] CPU: 1 PID: 1875 Comm: insmod Tainted: G           OE     5.19.0-1024-aws #25~22.04.1-Ubuntu
[  327.626077] Hardware name: Amazon EC2 inf1.xlarge/, BIOS 1.0 10/16/2017
[  327.626079] Call Trace:
[  327.626080]  <TASK>
[  327.626081]  show_stack+0x52/0x69
[  327.626087]  dump_stack_lvl+0x49/0x6d
[  327.626091]  dump_stack+0x10/0x18
[  327.626094]  mpset_constructor+0x322/0xa82 [neuron]
[  327.626118]  ? kmalloc_order+0x6b/0xa0
[  327.626121]  ? kmem_cache_alloc_trace+0x199/0x2f0
[  327.626124]  ? kmalloc_order_trace+0x1d/0xb0
[  327.626127]  neuron_pci_probe+0x3dd/0x610 [neuron]
[  327.626142]  local_pci_probe+0x4b/0x90
[  327.626145]  pci_call_probe+0x55/0x180
[  327.626148]  pci_device_probe+0x84/0x120
[  327.626151]  really_probe+0x1e4/0x3c0
[  327.626154]  __driver_probe_device+0x12a/0x1b0
[  327.626156]  driver_probe_device+0x23/0xd0
[  327.626159]  __driver_attach+0xc3/0x260
[  327.626161]  ? __device_attach_driver+0x160/0x160
[  327.626164]  bus_for_each_dev+0x83/0xe0
[  327.626166]  driver_attach+0x1e/0x30
[  327.626168]  bus_add_driver+0x187/0x230
[  327.626171]  driver_register+0x95/0x110
[  327.626173]  __pci_register_driver+0x68/0x80
[  327.626177]  neuron_pci_module_init+0x25/0x60 [neuron]
[  327.626190]  neuron_module_init+0xd6/0x1000 [neuron]
[  327.626206]  ? 0xffffffffc089f000
[  327.626208]  do_one_initcall+0x49/0x1f0
[  327.626212]  ? kmem_cache_alloc_trace+0x199/0x2f0
[  327.626215]  do_init_module+0x52/0x220
[  327.626218]  load_module+0xb56/0xd30
[  327.626222]  __do_sys_finit_module+0xcc/0x150
[  327.626225]  ? __do_sys_finit_module+0xcc/0x150
[  327.626228]  __x64_sys_finit_module+0x18/0x30
[  327.626230]  do_syscall_64+0x5c/0x90
[  327.626232]  ? exit_to_user_mode_prepare+0x3b/0xd0
[  327.626235]  ? syscall_exit_to_user_mode+0x2a/0x50
[  327.626238]  ? do_syscall_64+0x69/0x90
[  327.626240]  ? exit_to_user_mode_prepare+0x3b/0xd0
[  327.626242]  ? syscall_exit_to_user_mode+0x2a/0x50
[  327.626245]  ? do_syscall_64+0x69/0x90
[  327.626246]  entry_SYSCALL_64_after_hwframe+0x63/0xcd
[  327.626250] RIP: 0033:0x7fce3fd1e88d
[  327.626252] Code: 5b 41 5c c3 66 0f 1f 84 00 00 00 00 00 f3 0f 1e fa 48 89 f8 48 89 f7 48 89 d6 48 89 ca 4d 89 c2 4d 89 c8 4c 8b 4c 24 08 0f 05 <48> 3d 01 f0 ff ff 73 01 c3 48 8b 0d 73 b5 0f 00 f7 d8 64 89 01 48
[  327.626254] RSP: 002b:00007ffc8a2104b8 EFLAGS: 00000246 ORIG_RAX: 0000000000000139
[  327.626258] RAX: ffffffffffffffda RBX: 0000563e65e9b7b0 RCX: 00007fce3fd1e88d
[  327.626259] RDX: 0000000000000000 RSI: 0000563e6589ccd2 RDI: 0000000000000003
[  327.626261] RBP: 0000000000000000 R08: 0000000000000000 R09: 0000000000000000
[  327.626262] R10: 0000000000000003 R11: 0000000000000246 R12: 0000563e6589ccd2
[  327.626264] R13: 0000563e65e9b760 R14: 0000563e6589b888 R15: 0000563e65e9b8c0
[  327.626266]  </TASK>
[  327.626267] DMA_STACK_END: End of stack trace for dma_free_coherent
[  327.626268] DMA_INSTRUMENT: About to call dma_alloc_coherent from function mp_init_hrm_pool at /home/ubuntu/cda/orginal/aws-neuronx-2.20.28.0/neuron_mempool.c:268
[  327.626270] DMA_STACK_START: Stack trace for dma_alloc_coherent called from mp_init_hrm_pool
[  327.626272] CPU: 1 PID: 1875 Comm: insmod Tainted: G           OE     5.19.0-1024-aws #25~22.04.1-Ubuntu
[  327.626275] Hardware name: Amazon EC2 inf1.xlarge/, BIOS 1.0 10/16/2017
[  327.626276] Call Trace:
[  327.626277]  <TASK>
[  327.626278]  show_stack+0x52/0x69
[  327.626282]  dump_stack_lvl+0x49/0x6d
[  327.626285]  dump_stack+0x10/0x18
[  327.626287]  mpset_constructor+0x268/0xa82 [neuron]
[  327.626306]  ? kmalloc_order+0x6b/0xa0
[  327.626319]  ? kmem_cache_alloc_trace+0x199/0x2f0
[  327.626323]  ? kmalloc_order_trace+0x1d/0xb0
[  327.626325]  neuron_pci_probe+0x3dd/0x610 [neuron]
[  327.626343]  local_pci_probe+0x4b/0x90
[  327.626347]  pci_call_probe+0x55/0x180
[  327.626351]  pci_device_probe+0x84/0x120
[  327.626355]  really_probe+0x1e4/0x3c0
[  327.626358]  __driver_probe_device+0x12a/0x1b0
[  327.626361]  driver_probe_device+0x23/0xd0
[  327.626363]  __driver_attach+0xc3/0x260
[  327.626366]  ? __device_attach_driver+0x160/0x160
[  327.626369]  bus_for_each_dev+0x83/0xe0
[  327.626372]  driver_attach+0x1e/0x30
[  327.626373]  bus_add_driver+0x187/0x230
[  327.626376]  driver_register+0x95/0x110
[  327.626378]  __pci_register_driver+0x68/0x80
[  327.626382]  neuron_pci_module_init+0x25/0x60 [neuron]
[  327.626395]  neuron_module_init+0xd6/0x1000 [neuron]
[  327.626413]  ? 0xffffffffc089f000
[  327.626415]  do_one_initcall+0x49/0x1f0
[  327.626419]  ? kmem_cache_alloc_trace+0x199/0x2f0
[  327.626422]  do_init_module+0x52/0x220
[  327.626425]  load_module+0xb56/0xd30
[  327.626429]  __do_sys_finit_module+0xcc/0x150
[  327.626432]  ? __do_sys_finit_module+0xcc/0x150
[  327.626435]  __x64_sys_finit_module+0x18/0x30
[  327.626438]  do_syscall_64+0x5c/0x90
[  327.626440]  ? exit_to_user_mode_prepare+0x3b/0xd0
[  327.626443]  ? syscall_exit_to_user_mode+0x2a/0x50
[  327.626446]  ? do_syscall_64+0x69/0x90
[  327.626448]  ? exit_to_user_mode_prepare+0x3b/0xd0
[  327.626450]  ? syscall_exit_to_user_mode+0x2a/0x50
[  327.626453]  ? do_syscall_64+0x69/0x90
[  327.626456]  entry_SYSCALL_64_after_hwframe+0x63/0xcd
[  327.626459] RIP: 0033:0x7fce3fd1e88d
[  327.626461] Code: 5b 41 5c c3 66 0f 1f 84 00 00 00 00 00 f3 0f 1e fa 48 89 f8 48 89 f7 48 89 d6 48 89 ca 4d 89 c2 4d 89 c8 4c 8b 4c 24 08 0f 05 <48> 3d 01 f0 ff ff 73 01 c3 48 8b 0d 73 b5 0f 00 f7 d8 64 89 01 48
[  327.626463] RSP: 002b:00007ffc8a2104b8 EFLAGS: 00000246 ORIG_RAX: 0000000000000139
[  327.626466] RAX: ffffffffffffffda RBX: 0000563e65e9b7b0 RCX: 00007fce3fd1e88d
[  327.626468] RDX: 0000000000000000 RSI: 0000563e6589ccd2 RDI: 0000000000000003
[  327.626470] RBP: 0000000000000000 R08: 0000000000000000 R09: 0000000000000000
[  327.626472] R10: 0000000000000003 R11: 0000000000000246 R12: 0000563e6589ccd2
[  327.626473] R13: 0000563e65e9b760 R14: 0000563e6589b888 R15: 0000563e65e9b8c0
[  327.626476]  </TASK>
[  327.626477] DMA_STACK_END: End of stack trace for dma_alloc_coherent
[  327.627059] DMA_INSTRUMENT: About to call dma_free_coherent from function mp_init_hrm_pool at /home/ubuntu/cda/orginal/aws-neuronx-2.20.28.0/neuron_mempool.c:279
[  327.627062] DMA_STACK_START: Stack trace for dma_free_coherent called from mp_init_hrm_pool
[  327.627064] CPU: 1 PID: 1875 Comm: insmod Tainted: G           OE     5.19.0-1024-aws #25~22.04.1-Ubuntu
[  327.627067] Hardware name: Amazon EC2 inf1.xlarge/, BIOS 1.0 10/16/2017
[  327.627069] Call Trace:
[  327.627070]  <TASK>
[  327.627072]  show_stack+0x52/0x69
[  327.627078]  dump_stack_lvl+0x49/0x6d
[  327.627082]  dump_stack+0x10/0x18
[  327.627085]  mpset_constructor+0x322/0xa82 [neuron]
[  327.627105]  ? kmalloc_order+0x6b/0xa0
[  327.627108]  ? kmem_cache_alloc_trace+0x199/0x2f0
[  327.627112]  ? kmalloc_order_trace+0x1d/0xb0
[  327.627114]  neuron_pci_probe+0x3dd/0x610 [neuron]
[  327.627129]  local_pci_probe+0x4b/0x90
[  327.627132]  pci_call_probe+0x55/0x180
[  327.627135]  pci_device_probe+0x84/0x120
[  327.627139]  really_probe+0x1e4/0x3c0
[  327.627142]  __driver_probe_device+0x12a/0x1b0
[  327.627145]  driver_probe_device+0x23/0xd0
[  327.627147]  __driver_attach+0xc3/0x260
[  327.627150]  ? __device_attach_driver+0x160/0x160
[  327.627154]  bus_for_each_dev+0x83/0xe0
[  327.627156]  driver_attach+0x1e/0x30
[  327.627159]  bus_add_driver+0x187/0x230
[  327.627162]  driver_register+0x95/0x110
[  327.627164]  __pci_register_driver+0x68/0x80
[  327.627168]  neuron_pci_module_init+0x25/0x60 [neuron]
[  327.627182]  neuron_module_init+0xd6/0x1000 [neuron]
[  327.627201]  ? 0xffffffffc089f000
[  327.627203]  do_one_initcall+0x49/0x1f0
[  327.627207]  ? kmem_cache_alloc_trace+0x199/0x2f0
[  327.627211]  do_init_module+0x52/0x220
[  327.627214]  load_module+0xb56/0xd30
[  327.627218]  __do_sys_finit_module+0xcc/0x150
[  327.627221]  ? __do_sys_finit_module+0xcc/0x150
[  327.627225]  __x64_sys_finit_module+0x18/0x30
[  327.627227]  do_syscall_64+0x5c/0x90
[  327.627230]  ? exit_to_user_mode_prepare+0x3b/0xd0
[  327.627233]  ? syscall_exit_to_user_mode+0x2a/0x50
[  327.627236]  ? do_syscall_64+0x69/0x90
[  327.627238]  ? exit_to_user_mode_prepare+0x3b/0xd0
[  327.627241]  ? syscall_exit_to_user_mode+0x2a/0x50
[  327.627244]  ? do_syscall_64+0x69/0x90
[  327.627246]  entry_SYSCALL_64_after_hwframe+0x63/0xcd
[  327.627250] RIP: 0033:0x7fce3fd1e88d
[  327.627252] Code: 5b 41 5c c3 66 0f 1f 84 00 00 00 00 00 f3 0f 1e fa 48 89 f8 48 89 f7 48 89 d6 48 89 ca 4d 89 c2 4d 89 c8 4c 8b 4c 24 08 0f 05 <48> 3d 01 f0 ff ff 73 01 c3 48 8b 0d 73 b5 0f 00 f7 d8 64 89 01 48
[  327.627255] RSP: 002b:00007ffc8a2104b8 EFLAGS: 00000246 ORIG_RAX: 0000000000000139
[  327.627258] RAX: ffffffffffffffda RBX: 0000563e65e9b7b0 RCX: 00007fce3fd1e88d
[  327.627261] RDX: 0000000000000000 RSI: 0000563e6589ccd2 RDI: 0000000000000003
[  327.627262] RBP: 0000000000000000 R08: 0000000000000000 R09: 0000000000000000
[  327.627264] R10: 0000000000000003 R11: 0000000000000246 R12: 0000563e6589ccd2
[  327.627266] R13: 0000563e65e9b760 R14: 0000563e6589b888 R15: 0000563e65e9b8c0
[  327.627269]  </TASK>
[  327.627270] DMA_STACK_END: End of stack trace for dma_free_coherent
[  327.627272] DMA_INSTRUMENT: About to call dma_alloc_coherent from function mp_init_hrm_pool at /home/ubuntu/cda/orginal/aws-neuronx-2.20.28.0/neuron_mempool.c:268
[  327.627274] DMA_STACK_START: Stack trace for dma_alloc_coherent called from mp_init_hrm_pool
[  327.627275] CPU: 1 PID: 1875 Comm: insmod Tainted: G           OE     5.19.0-1024-aws #25~22.04.1-Ubuntu
[  327.627278] Hardware name: Amazon EC2 inf1.xlarge/, BIOS 1.0 10/16/2017
[  327.627279] Call Trace:
[  327.627281]  <TASK>
[  327.627282]  show_stack+0x52/0x69
[  327.627285]  dump_stack_lvl+0x49/0x6d
[  327.627289]  dump_stack+0x10/0x18
[  327.627292]  mpset_constructor+0x268/0xa82 [neuron]
[  327.627311]  ? kmalloc_order+0x6b/0xa0
[  327.627314]  ? kmem_cache_alloc_trace+0x199/0x2f0
[  327.627317]  ? kmalloc_order_trace+0x1d/0xb0
[  327.627320]  neuron_pci_probe+0x3dd/0x610 [neuron]
[  327.627335]  local_pci_probe+0x4b/0x90
[  327.627338]  pci_call_probe+0x55/0x180
[  327.627342]  pci_device_probe+0x84/0x120
[  327.627345]  really_probe+0x1e4/0x3c0
[  327.627348]  __driver_probe_device+0x12a/0x1b0
[  327.627351]  driver_probe_device+0x23/0xd0
[  327.627354]  __driver_attach+0xc3/0x260
[  327.627356]  ? __device_attach_driver+0x160/0x160
[  327.627359]  bus_for_each_dev+0x83/0xe0
[  327.627362]  driver_attach+0x1e/0x30
[  327.627364]  bus_add_driver+0x187/0x230
[  327.627367]  driver_register+0x95/0x110
[  327.627369]  __pci_register_driver+0x68/0x80
[  327.627372]  neuron_pci_module_init+0x25/0x60 [neuron]
[  327.627386]  neuron_module_init+0xd6/0x1000 [neuron]
[  327.627404]  ? 0xffffffffc089f000
[  327.627406]  do_one_initcall+0x49/0x1f0
[  327.627410]  ? kmem_cache_alloc_trace+0x199/0x2f0
[  327.627413]  do_init_module+0x52/0x220
[  327.627416]  load_module+0xb56/0xd30
[  327.627420]  __do_sys_finit_module+0xcc/0x150
[  327.627423]  ? __do_sys_finit_module+0xcc/0x150
[  327.627427]  __x64_sys_finit_module+0x18/0x30
[  327.627430]  do_syscall_64+0x5c/0x90
[  327.627432]  ? exit_to_user_mode_prepare+0x3b/0xd0
[  327.627435]  ? syscall_exit_to_user_mode+0x2a/0x50
[  327.627438]  ? do_syscall_64+0x69/0x90
[  327.627440]  ? exit_to_user_mode_prepare+0x3b/0xd0
[  327.627443]  ? syscall_exit_to_user_mode+0x2a/0x50
[  327.627446]  ? do_syscall_64+0x69/0x90
[  327.627448]  entry_SYSCALL_64_after_hwframe+0x63/0xcd
[  327.627452] RIP: 0033:0x7fce3fd1e88d
[  327.627454] Code: 5b 41 5c c3 66 0f 1f 84 00 00 00 00 00 f3 0f 1e fa 48 89 f8 48 89 f7 48 89 d6 48 89 ca 4d 89 c2 4d 89 c8 4c 8b 4c 24 08 0f 05 <48> 3d 01 f0 ff ff 73 01 c3 48 8b 0d 73 b5 0f 00 f7 d8 64 89 01 48
[  327.627456] RSP: 002b:00007ffc8a2104b8 EFLAGS: 00000246 ORIG_RAX: 0000000000000139
[  327.627459] RAX: ffffffffffffffda RBX: 0000563e65e9b7b0 RCX: 00007fce3fd1e88d
[  327.627461] RDX: 0000000000000000 RSI: 0000563e6589ccd2 RDI: 0000000000000003
[  327.627463] RBP: 0000000000000000 R08: 0000000000000000 R09: 0000000000000000
[  327.627465] R10: 0000000000000003 R11: 0000000000000246 R12: 0000563e6589ccd2
[  327.627466] R13: 0000563e65e9b760 R14: 0000563e6589b888 R15: 0000563e65e9b8c0
[  327.627470]  </TASK>
[  327.627471] DMA_STACK_END: End of stack trace for dma_alloc_coherent
[  327.627979] DMA_INSTRUMENT: About to call dma_free_coherent from function mp_init_hrm_pool at /home/ubuntu/cda/orginal/aws-neuronx-2.20.28.0/neuron_mempool.c:279
[  327.627982] DMA_STACK_START: Stack trace for dma_free_coherent called from mp_init_hrm_pool
[  327.627984] CPU: 1 PID: 1875 Comm: insmod Tainted: G           OE     5.19.0-1024-aws #25~22.04.1-Ubuntu
[  327.627987] Hardware name: Amazon EC2 inf1.xlarge/, BIOS 1.0 10/16/2017
[  327.627988] Call Trace:
[  327.627989]  <TASK>
[  327.627991]  show_stack+0x52/0x69
[  327.627995]  dump_stack_lvl+0x49/0x6d
[  327.627999]  dump_stack+0x10/0x18
[  327.628002]  mpset_constructor+0x322/0xa82 [neuron]
[  327.628022]  ? kmalloc_order+0x6b/0xa0
[  327.628026]  ? kmem_cache_alloc_trace+0x199/0x2f0
[  327.628029]  ? kmalloc_order_trace+0x1d/0xb0
[  327.628032]  neuron_pci_probe+0x3dd/0x610 [neuron]
[  327.628047]  local_pci_probe+0x4b/0x90
[  327.628051]  pci_call_probe+0x55/0x180
[  327.628055]  pci_device_probe+0x84/0x120
[  327.628058]  really_probe+0x1e4/0x3c0
[  327.628061]  __driver_probe_device+0x12a/0x1b0
[  327.628064]  driver_probe_device+0x23/0xd0
[  327.628067]  __driver_attach+0xc3/0x260
[  327.628070]  ? __device_attach_driver+0x160/0x160
[  327.628072]  bus_for_each_dev+0x83/0xe0
[  327.628075]  driver_attach+0x1e/0x30
[  327.628077]  bus_add_driver+0x187/0x230
[  327.628080]  driver_register+0x95/0x110
[  327.628083]  __pci_register_driver+0x68/0x80
[  327.628086]  neuron_pci_module_init+0x25/0x60 [neuron]
[  327.628100]  neuron_module_init+0xd6/0x1000 [neuron]
[  327.628119]  ? 0xffffffffc089f000
[  327.628121]  do_one_initcall+0x49/0x1f0
[  327.628125]  ? kmem_cache_alloc_trace+0x199/0x2f0
[  327.628128]  do_init_module+0x52/0x220
[  327.628131]  load_module+0xb56/0xd30
[  327.628135]  __do_sys_finit_module+0xcc/0x150
[  327.628138]  ? __do_sys_finit_module+0xcc/0x150
[  327.628142]  __x64_sys_finit_module+0x18/0x30
[  327.628144]  do_syscall_64+0x5c/0x90
[  327.628147]  ? exit_to_user_mode_prepare+0x3b/0xd0
[  327.628149]  ? syscall_exit_to_user_mode+0x2a/0x50
[  327.628153]  ? do_syscall_64+0x69/0x90
[  327.628155]  ? exit_to_user_mode_prepare+0x3b/0xd0
[  327.628157]  ? syscall_exit_to_user_mode+0x2a/0x50
[  327.628160]  ? do_syscall_64+0x69/0x90
[  327.628163]  entry_SYSCALL_64_after_hwframe+0x63/0xcd
[  327.628166] RIP: 0033:0x7fce3fd1e88d
[  327.628169] Code: 5b 41 5c c3 66 0f 1f 84 00 00 00 00 00 f3 0f 1e fa 48 89 f8 48 89 f7 48 89 d6 48 89 ca 4d 89 c2 4d 89 c8 4c 8b 4c 24 08 0f 05 <48> 3d 01 f0 ff ff 73 01 c3 48 8b 0d 73 b5 0f 00 f7 d8 64 89 01 48
[  327.628171] RSP: 002b:00007ffc8a2104b8 EFLAGS: 00000246 ORIG_RAX: 0000000000000139
[  327.628174] RAX: ffffffffffffffda RBX: 0000563e65e9b7b0 RCX: 00007fce3fd1e88d
[  327.628176] RDX: 0000000000000000 RSI: 0000563e6589ccd2 RDI: 0000000000000003
[  327.628178] RBP: 0000000000000000 R08: 0000000000000000 R09: 0000000000000000
[  327.628179] R10: 0000000000000003 R11: 0000000000000246 R12: 0000563e6589ccd2
[  327.628181] R13: 0000563e65e9b760 R14: 0000563e6589b888 R15: 0000563e65e9b8c0
[  327.628184]  </TASK>
[  327.628185] DMA_STACK_END: End of stack trace for dma_free_coherent
[  327.628187] FUNC_ENTRY: Entering function mp_init_hrm_pool at /home/ubuntu/cda/orginal/aws-neuronx-2.20.28.0/neuron_mempool.c:248
[  327.628189] DMA_INSTRUMENT: About to call dma_alloc_coherent from function mp_init_hrm_pool at /home/ubuntu/cda/orginal/aws-neuronx-2.20.28.0/neuron_mempool.c:268
[  327.628191] DMA_STACK_START: Stack trace for dma_alloc_coherent called from mp_init_hrm_pool
[  327.628193] CPU: 1 PID: 1875 Comm: insmod Tainted: G           OE     5.19.0-1024-aws #25~22.04.1-Ubuntu
[  327.628195] Hardware name: Amazon EC2 inf1.xlarge/, BIOS 1.0 10/16/2017
[  327.628196] Call Trace:
[  327.628198]  <TASK>
[  327.628199]  show_stack+0x52/0x69
[  327.628202]  dump_stack_lvl+0x49/0x6d
[  327.628205]  dump_stack+0x10/0x18
[  327.628208]  mpset_constructor+0x268/0xa82 [neuron]
[  327.628226]  ? kmalloc_order+0x6b/0xa0
[  327.628230]  ? kmem_cache_alloc_trace+0x199/0x2f0
[  327.628233]  ? kmalloc_order_trace+0x1d/0xb0
[  327.628236]  neuron_pci_probe+0x3dd/0x610 [neuron]
[  327.628251]  local_pci_probe+0x4b/0x90
[  327.628254]  pci_call_probe+0x55/0x180
[  327.628258]  pci_device_probe+0x84/0x120
[  327.628261]  really_probe+0x1e4/0x3c0
[  327.628264]  __driver_probe_device+0x12a/0x1b0
[  327.628267]  driver_probe_device+0x23/0xd0
[  327.628270]  __driver_attach+0xc3/0x260
[  327.628273]  ? __device_attach_driver+0x160/0x160
[  327.628275]  bus_for_each_dev+0x83/0xe0
[  327.628278]  driver_attach+0x1e/0x30
[  327.628280]  bus_add_driver+0x187/0x230
[  327.628283]  driver_register+0x95/0x110
[  327.628286]  __pci_register_driver+0x68/0x80
[  327.628290]  neuron_pci_module_init+0x25/0x60 [neuron]
[  327.628303]  neuron_module_init+0xd6/0x1000 [neuron]
[  327.628322]  ? 0xffffffffc089f000
[  327.628324]  do_one_initcall+0x49/0x1f0
[  327.628328]  ? kmem_cache_alloc_trace+0x199/0x2f0
[  327.628331]  do_init_module+0x52/0x220
[  327.628334]  load_module+0xb56/0xd30
[  327.628338]  __do_sys_finit_module+0xcc/0x150
[  327.628341]  ? __do_sys_finit_module+0xcc/0x150
[  327.628345]  __x64_sys_finit_module+0x18/0x30
[  327.628348]  do_syscall_64+0x5c/0x90
[  327.628350]  ? exit_to_user_mode_prepare+0x3b/0xd0
[  327.628352]  ? syscall_exit_to_user_mode+0x2a/0x50
[  327.628355]  ? do_syscall_64+0x69/0x90
[  327.628358]  ? exit_to_user_mode_prepare+0x3b/0xd0
[  327.628360]  ? syscall_exit_to_user_mode+0x2a/0x50
[  327.628363]  ? do_syscall_64+0x69/0x90
[  327.628365]  entry_SYSCALL_64_after_hwframe+0x63/0xcd
[  327.628369] RIP: 0033:0x7fce3fd1e88d
[  327.628371] Code: 5b 41 5c c3 66 0f 1f 84 00 00 00 00 00 f3 0f 1e fa 48 89 f8 48 89 f7 48 89 d6 48 89 ca 4d 89 c2 4d 89 c8 4c 8b 4c 24 08 0f 05 <48> 3d 01 f0 ff ff 73 01 c3 48 8b 0d 73 b5 0f 00 f7 d8 64 89 01 48
[  327.628373] RSP: 002b:00007ffc8a2104b8 EFLAGS: 00000246 ORIG_RAX: 0000000000000139
[  327.628375] RAX: ffffffffffffffda RBX: 0000563e65e9b7b0 RCX: 00007fce3fd1e88d
[  327.628377] RDX: 0000000000000000 RSI: 0000563e6589ccd2 RDI: 0000000000000003
[  327.628379] RBP: 0000000000000000 R08: 0000000000000000 R09: 0000000000000000
[  327.628381] R10: 0000000000000003 R11: 0000000000000246 R12: 0000563e6589ccd2
[  327.628382] R13: 0000563e65e9b760 R14: 0000563e6589b888 R15: 0000563e65e9b8c0
[  327.628385]  </TASK>
[  327.628386] DMA_STACK_END: End of stack trace for dma_alloc_coherent
[  327.628630] DMA_INSTRUMENT: About to call dma_free_coherent from function mp_init_hrm_pool at /home/ubuntu/cda/orginal/aws-neuronx-2.20.28.0/neuron_mempool.c:279
[  327.628632] DMA_STACK_START: Stack trace for dma_free_coherent called from mp_init_hrm_pool
[  327.628634] CPU: 1 PID: 1875 Comm: insmod Tainted: G           OE     5.19.0-1024-aws #25~22.04.1-Ubuntu
[  327.628636] Hardware name: Amazon EC2 inf1.xlarge/, BIOS 1.0 10/16/2017
[  327.628637] Call Trace:
[  327.628638]  <TASK>
[  327.628639]  show_stack+0x52/0x69
[  327.628643]  dump_stack_lvl+0x49/0x6d
[  327.628646]  dump_stack+0x10/0x18
[  327.628649]  mpset_constructor+0x322/0xa82 [neuron]
[  327.628667]  ? kmalloc_order+0x6b/0xa0
[  327.628671]  ? kmem_cache_alloc_trace+0x199/0x2f0
[  327.628674]  ? kmalloc_order_trace+0x1d/0xb0
[  327.628676]  neuron_pci_probe+0x3dd/0x610 [neuron]
[  327.628691]  local_pci_probe+0x4b/0x90
[  327.628695]  pci_call_probe+0x55/0x180
[  327.628698]  pci_device_probe+0x84/0x120
[  327.628702]  really_probe+0x1e4/0x3c0
[  327.628705]  __driver_probe_device+0x12a/0x1b0
[  327.628708]  driver_probe_device+0x23/0xd0
[  327.628710]  __driver_attach+0xc3/0x260
[  327.628713]  ? __device_attach_driver+0x160/0x160
[  327.628716]  bus_for_each_dev+0x83/0xe0
[  327.628719]  driver_attach+0x1e/0x30
[  327.628721]  bus_add_driver+0x187/0x230
[  327.628724]  driver_register+0x95/0x110
[  327.628727]  __pci_register_driver+0x68/0x80
[  327.628730]  neuron_pci_module_init+0x25/0x60 [neuron]
[  327.628743]  neuron_module_init+0xd6/0x1000 [neuron]
[  327.628762]  ? 0xffffffffc089f000
[  327.628764]  do_one_initcall+0x49/0x1f0
[  327.628768]  ? kmem_cache_alloc_trace+0x199/0x2f0
[  327.628771]  do_init_module+0x52/0x220
[  327.628774]  load_module+0xb56/0xd30
[  327.628778]  __do_sys_finit_module+0xcc/0x150
[  327.628780]  ? __do_sys_finit_module+0xcc/0x150
[  327.628783]  __x64_sys_finit_module+0x18/0x30
[  327.628785]  do_syscall_64+0x5c/0x90
[  327.628787]  ? exit_to_user_mode_prepare+0x3b/0xd0
[  327.628789]  ? syscall_exit_to_user_mode+0x2a/0x50
[  327.628792]  ? do_syscall_64+0x69/0x90
[  327.628794]  ? exit_to_user_mode_prepare+0x3b/0xd0
[  327.628796]  ? syscall_exit_to_user_mode+0x2a/0x50
[  327.628799]  ? do_syscall_64+0x69/0x90
[  327.628801]  entry_SYSCALL_64_after_hwframe+0x63/0xcd
[  327.628804] RIP: 0033:0x7fce3fd1e88d
[  327.628806] Code: 5b 41 5c c3 66 0f 1f 84 00 00 00 00 00 f3 0f 1e fa 48 89 f8 48 89 f7 48 89 d6 48 89 ca 4d 89 c2 4d 89 c8 4c 8b 4c 24 08 0f 05 <48> 3d 01 f0 ff ff 73 01 c3 48 8b 0d 73 b5 0f 00 f7 d8 64 89 01 48
[  327.628808] RSP: 002b:00007ffc8a2104b8 EFLAGS: 00000246 ORIG_RAX: 0000000000000139
[  327.628810] RAX: ffffffffffffffda RBX: 0000563e65e9b7b0 RCX: 00007fce3fd1e88d
[  327.628812] RDX: 0000000000000000 RSI: 0000563e6589ccd2 RDI: 0000000000000003
[  327.628814] RBP: 0000000000000000 R08: 0000000000000000 R09: 0000000000000000
[  327.628815] R10: 0000000000000003 R11: 0000000000000246 R12: 0000563e6589ccd2
[  327.628817] R13: 0000563e65e9b760 R14: 0000563e6589b888 R15: 0000563e65e9b8c0
[  327.628820]  </TASK>
[  327.628821] DMA_STACK_END: End of stack trace for dma_free_coherent
[  327.628822] DMA_INSTRUMENT: About to call dma_alloc_coherent from function mp_init_hrm_pool at /home/ubuntu/cda/orginal/aws-neuronx-2.20.28.0/neuron_mempool.c:268
[  327.628824] DMA_STACK_START: Stack trace for dma_alloc_coherent called from mp_init_hrm_pool
[  327.628825] CPU: 1 PID: 1875 Comm: insmod Tainted: G           OE     5.19.0-1024-aws #25~22.04.1-Ubuntu
[  327.628827] Hardware name: Amazon EC2 inf1.xlarge/, BIOS 1.0 10/16/2017
[  327.628828] Call Trace:
[  327.628830]  <TASK>
[  327.628830]  show_stack+0x52/0x69
[  327.628833]  dump_stack_lvl+0x49/0x6d
[  327.628836]  dump_stack+0x10/0x18
[  327.628838]  mpset_constructor+0x268/0xa82 [neuron]
[  327.628857]  ? kmalloc_order+0x6b/0xa0
[  327.628861]  ? kmem_cache_alloc_trace+0x199/0x2f0
[  327.628864]  ? kmalloc_order_trace+0x1d/0xb0
[  327.628867]  neuron_pci_probe+0x3dd/0x610 [neuron]
[  327.628882]  local_pci_probe+0x4b/0x90
[  327.628886]  pci_call_probe+0x55/0x180
[  327.628889]  pci_device_probe+0x84/0x120
[  327.628893]  really_probe+0x1e4/0x3c0
[  327.628896]  __driver_probe_device+0x12a/0x1b0
[  327.628899]  driver_probe_device+0x23/0xd0
[  327.628901]  __driver_attach+0xc3/0x260
[  327.628904]  ? __device_attach_driver+0x160/0x160
[  327.628907]  bus_for_each_dev+0x83/0xe0
[  327.628909]  driver_attach+0x1e/0x30
[  327.628911]  bus_add_driver+0x187/0x230
[  327.628914]  driver_register+0x95/0x110
[  327.628916]  __pci_register_driver+0x68/0x80
[  327.628920]  neuron_pci_module_init+0x25/0x60 [neuron]
[  327.628934]  neuron_module_init+0xd6/0x1000 [neuron]
[  327.628953]  ? 0xffffffffc089f000
[  327.628955]  do_one_initcall+0x49/0x1f0
[  327.628959]  ? kmem_cache_alloc_trace+0x199/0x2f0
[  327.628962]  do_init_module+0x52/0x220
[  327.628964]  load_module+0xb56/0xd30
[  327.628968]  __do_sys_finit_module+0xcc/0x150
[  327.628971]  ? __do_sys_finit_module+0xcc/0x150
[  327.628975]  __x64_sys_finit_module+0x18/0x30
[  327.628978]  do_syscall_64+0x5c/0x90
[  327.628980]  ? exit_to_user_mode_prepare+0x3b/0xd0
[  327.628982]  ? syscall_exit_to_user_mode+0x2a/0x50
[  327.628984]  ? do_syscall_64+0x69/0x90
[  327.628986]  ? exit_to_user_mode_prepare+0x3b/0xd0
[  327.628988]  ? syscall_exit_to_user_mode+0x2a/0x50
[  327.628991]  ? do_syscall_64+0x69/0x90
[  327.628993]  entry_SYSCALL_64_after_hwframe+0x63/0xcd
[  327.628997] RIP: 0033:0x7fce3fd1e88d
[  327.628999] Code: 5b 41 5c c3 66 0f 1f 84 00 00 00 00 00 f3 0f 1e fa 48 89 f8 48 89 f7 48 89 d6 48 89 ca 4d 89 c2 4d 89 c8 4c 8b 4c 24 08 0f 05 <48> 3d 01 f0 ff ff 73 01 c3 48 8b 0d 73 b5 0f 00 f7 d8 64 89 01 48
[  327.629000] RSP: 002b:00007ffc8a2104b8 EFLAGS: 00000246 ORIG_RAX: 0000000000000139
[  327.629003] RAX: ffffffffffffffda RBX: 0000563e65e9b7b0 RCX: 00007fce3fd1e88d
[  327.629004] RDX: 0000000000000000 RSI: 0000563e6589ccd2 RDI: 0000000000000003
[  327.629005] RBP: 0000000000000000 R08: 0000000000000000 R09: 0000000000000000
[  327.629007] R10: 0000000000000003 R11: 0000000000000246 R12: 0000563e6589ccd2
[  327.629008] R13: 0000563e65e9b760 R14: 0000563e6589b888 R15: 0000563e65e9b8c0
[  327.629011]  </TASK>
[  327.629012] DMA_STACK_END: End of stack trace for dma_alloc_coherent
[  327.629251] DMA_INSTRUMENT: About to call dma_free_coherent from function mp_init_hrm_pool at /home/ubuntu/cda/orginal/aws-neuronx-2.20.28.0/neuron_mempool.c:279
[  327.629253] DMA_STACK_START: Stack trace for dma_free_coherent called from mp_init_hrm_pool
[  327.629255] CPU: 1 PID: 1875 Comm: insmod Tainted: G           OE     5.19.0-1024-aws #25~22.04.1-Ubuntu
[  327.629258] Hardware name: Amazon EC2 inf1.xlarge/, BIOS 1.0 10/16/2017
[  327.629259] Call Trace:
[  327.629260]  <TASK>
[  327.629261]  show_stack+0x52/0x69
[  327.629265]  dump_stack_lvl+0x49/0x6d
[  327.629268]  dump_stack+0x10/0x18
[  327.629271]  mpset_constructor+0x322/0xa82 [neuron]
[  327.629288]  ? kmalloc_order+0x6b/0xa0
[  327.629291]  ? kmem_cache_alloc_trace+0x199/0x2f0
[  327.629294]  ? kmalloc_order_trace+0x1d/0xb0
[  327.629296]  neuron_pci_probe+0x3dd/0x610 [neuron]
[  327.629309]  local_pci_probe+0x4b/0x90
[  327.629312]  pci_call_probe+0x55/0x180
[  327.629314]  pci_device_probe+0x84/0x120
[  327.629317]  really_probe+0x1e4/0x3c0
[  327.629319]  __driver_probe_device+0x12a/0x1b0
[  327.629321]  driver_probe_device+0x23/0xd0
[  327.629324]  __driver_attach+0xc3/0x260
[  327.629326]  ? __device_attach_driver+0x160/0x160
[  327.629329]  bus_for_each_dev+0x83/0xe0
[  327.629331]  driver_attach+0x1e/0x30
[  327.629334]  bus_add_driver+0x187/0x230
[  327.629336]  driver_register+0x95/0x110
[  327.629339]  __pci_register_driver+0x68/0x80
[  327.629343]  neuron_pci_module_init+0x25/0x60 [neuron]
[  327.629356]  neuron_module_init+0xd6/0x1000 [neuron]
[  327.629375]  ? 0xffffffffc089f000
[  327.629378]  do_one_initcall+0x49/0x1f0
[  327.629381]  ? kmem_cache_alloc_trace+0x199/0x2f0
[  327.629385]  do_init_module+0x52/0x220
[  327.629387]  load_module+0xb56/0xd30
[  327.629391]  __do_sys_finit_module+0xcc/0x150
[  327.629394]  ? __do_sys_finit_module+0xcc/0x150
[  327.629398]  __x64_sys_finit_module+0x18/0x30
[  327.629401]  do_syscall_64+0x5c/0x90
[  327.629403]  ? exit_to_user_mode_prepare+0x3b/0xd0
[  327.629405]  ? syscall_exit_to_user_mode+0x2a/0x50
[  327.629408]  ? do_syscall_64+0x69/0x90
[  327.629411]  ? exit_to_user_mode_prepare+0x3b/0xd0
[  327.629413]  ? syscall_exit_to_user_mode+0x2a/0x50
[  327.629416]  ? do_syscall_64+0x69/0x90
[  327.629418]  entry_SYSCALL_64_after_hwframe+0x63/0xcd
[  327.629422] RIP: 0033:0x7fce3fd1e88d
[  327.629424] Code: 5b 41 5c c3 66 0f 1f 84 00 00 00 00 00 f3 0f 1e fa 48 89 f8 48 89 f7 48 89 d6 48 89 ca 4d 89 c2 4d 89 c8 4c 8b 4c 24 08 0f 05 <48> 3d 01 f0 ff ff 73 01 c3 48 8b 0d 73 b5 0f 00 f7 d8 64 89 01 48
[  327.629426] RSP: 002b:00007ffc8a2104b8 EFLAGS: 00000246 ORIG_RAX: 0000000000000139
[  327.629429] RAX: ffffffffffffffda RBX: 0000563e65e9b7b0 RCX: 00007fce3fd1e88d
[  327.629431] RDX: 0000000000000000 RSI: 0000563e6589ccd2 RDI: 0000000000000003
[  327.629433] RBP: 0000000000000000 R08: 0000000000000000 R09: 0000000000000000
[  327.629435] R10: 0000000000000003 R11: 0000000000000246 R12: 0000563e6589ccd2
[  327.629436] R13: 0000563e65e9b760 R14: 0000563e6589b888 R15: 0000563e65e9b8c0
[  327.629439]  </TASK>
[  327.629440] DMA_STACK_END: End of stack trace for dma_free_coherent
[  327.629441] DMA_INSTRUMENT: About to call dma_alloc_coherent from function mp_init_hrm_pool at /home/ubuntu/cda/orginal/aws-neuronx-2.20.28.0/neuron_mempool.c:268
[  327.629442] DMA_STACK_START: Stack trace for dma_alloc_coherent called from mp_init_hrm_pool
[  327.629444] CPU: 1 PID: 1875 Comm: insmod Tainted: G           OE     5.19.0-1024-aws #25~22.04.1-Ubuntu
[  327.629446] Hardware name: Amazon EC2 inf1.xlarge/, BIOS 1.0 10/16/2017
[  327.629447] Call Trace:
[  327.629448]  <TASK>
[  327.629448]  show_stack+0x52/0x69
[  327.629451]  dump_stack_lvl+0x49/0x6d
[  327.629454]  dump_stack+0x10/0x18
[  327.629456]  mpset_constructor+0x268/0xa82 [neuron]
[  327.629472]  ? kmalloc_order+0x6b/0xa0
[  327.629475]  ? kmem_cache_alloc_trace+0x199/0x2f0
[  327.629477]  ? kmalloc_order_trace+0x1d/0xb0
[  327.629479]  neuron_pci_probe+0x3dd/0x610 [neuron]
[  327.629492]  local_pci_probe+0x4b/0x90
[  327.629495]  pci_call_probe+0x55/0x180
[  327.629497]  pci_device_probe+0x84/0x120
[  327.629500]  really_probe+0x1e4/0x3c0
[  327.629503]  __driver_probe_device+0x12a/0x1b0
[  327.629505]  driver_probe_device+0x23/0xd0
[  327.629507]  __driver_attach+0xc3/0x260
[  327.629509]  ? __device_attach_driver+0x160/0x160
[  327.629511]  bus_for_each_dev+0x83/0xe0
[  327.629513]  driver_attach+0x1e/0x30
[  327.629515]  bus_add_driver+0x187/0x230
[  327.629517]  driver_register+0x95/0x110
[  327.629519]  __pci_register_driver+0x68/0x80
[  327.629522]  neuron_pci_module_init+0x25/0x60 [neuron]
[  327.629533]  neuron_module_init+0xd6/0x1000 [neuron]
[  327.629548]  ? 0xffffffffc089f000
[  327.629550]  do_one_initcall+0x49/0x1f0
[  327.629553]  ? kmem_cache_alloc_trace+0x199/0x2f0
[  327.629556]  do_init_module+0x52/0x220
[  327.629558]  load_module+0xb56/0xd30
[  327.629561]  __do_sys_finit_module+0xcc/0x150
[  327.629563]  ? __do_sys_finit_module+0xcc/0x150
[  327.629566]  __x64_sys_finit_module+0x18/0x30
[  327.629568]  do_syscall_64+0x5c/0x90
[  327.629570]  ? exit_to_user_mode_prepare+0x3b/0xd0
[  327.629572]  ? syscall_exit_to_user_mode+0x2a/0x50
[  327.629574]  ? do_syscall_64+0x69/0x90
[  327.629576]  ? exit_to_user_mode_prepare+0x3b/0xd0
[  327.629577]  ? syscall_exit_to_user_mode+0x2a/0x50
[  327.629580]  ? do_syscall_64+0x69/0x90
[  327.629581]  entry_SYSCALL_64_after_hwframe+0x63/0xcd
[  327.629584] RIP: 0033:0x7fce3fd1e88d
[  327.629586] Code: 5b 41 5c c3 66 0f 1f 84 00 00 00 00 00 f3 0f 1e fa 48 89 f8 48 89 f7 48 89 d6 48 89 ca 4d 89 c2 4d 89 c8 4c 8b 4c 24 08 0f 05 <48> 3d 01 f0 ff ff 73 01 c3 48 8b 0d 73 b5 0f 00 f7 d8 64 89 01 48
[  327.629587] RSP: 002b:00007ffc8a2104b8 EFLAGS: 00000246 ORIG_RAX: 0000000000000139
[  327.629589] RAX: ffffffffffffffda RBX: 0000563e65e9b7b0 RCX: 00007fce3fd1e88d
[  327.629591] RDX: 0000000000000000 RSI: 0000563e6589ccd2 RDI: 0000000000000003
[  327.629592] RBP: 0000000000000000 R08: 0000000000000000 R09: 0000000000000000
[  327.629593] R10: 0000000000000003 R11: 0000000000000246 R12: 0000563e6589ccd2
[  327.629594] R13: 0000563e65e9b760 R14: 0000563e6589b888 R15: 0000563e65e9b8c0
[  327.629596]  </TASK>
[  327.629597] DMA_STACK_END: End of stack trace for dma_alloc_coherent
[  327.629843] DMA_INSTRUMENT: About to call dma_free_coherent from function mp_init_hrm_pool at /home/ubuntu/cda/orginal/aws-neuronx-2.20.28.0/neuron_mempool.c:279
[  327.629845] DMA_STACK_START: Stack trace for dma_free_coherent called from mp_init_hrm_pool
[  327.629847] CPU: 1 PID: 1875 Comm: insmod Tainted: G           OE     5.19.0-1024-aws #25~22.04.1-Ubuntu
[  327.629849] Hardware name: Amazon EC2 inf1.xlarge/, BIOS 1.0 10/16/2017
[  327.629850] Call Trace:
[  327.629852]  <TASK>
[  327.629853]  show_stack+0x52/0x69
[  327.629856]  dump_stack_lvl+0x49/0x6d
[  327.629859]  dump_stack+0x10/0x18
[  327.629862]  mpset_constructor+0x322/0xa82 [neuron]
[  327.629881]  ? kmalloc_order+0x6b/0xa0
[  327.629884]  ? kmem_cache_alloc_trace+0x199/0x2f0
[  327.629887]  ? kmalloc_order_trace+0x1d/0xb0
[  327.629890]  neuron_pci_probe+0x3dd/0x610 [neuron]
[  327.629905]  local_pci_probe+0x4b/0x90
[  327.629908]  pci_call_probe+0x55/0x180
[  327.629912]  pci_device_probe+0x84/0x120
[  327.629915]  really_probe+0x1e4/0x3c0
[  327.629918]  __driver_probe_device+0x12a/0x1b0
[  327.629921]  driver_probe_device+0x23/0xd0
[  327.629924]  __driver_attach+0xc3/0x260
[  327.629926]  ? __device_attach_driver+0x160/0x160
[  327.629929]  bus_for_each_dev+0x83/0xe0
[  327.629932]  driver_attach+0x1e/0x30
[  327.629934]  bus_add_driver+0x187/0x230
[  327.629937]  driver_register+0x95/0x110
[  327.629940]  __pci_register_driver+0x68/0x80
[  327.629943]  neuron_pci_module_init+0x25/0x60 [neuron]
[  327.629957]  neuron_module_init+0xd6/0x1000 [neuron]
[  327.629975]  ? 0xffffffffc089f000
[  327.629977]  do_one_initcall+0x49/0x1f0
[  327.629981]  ? kmem_cache_alloc_trace+0x199/0x2f0
[  327.629984]  do_init_module+0x52/0x220
[  327.629987]  load_module+0xb56/0xd30
[  327.629991]  __do_sys_finit_module+0xcc/0x150
[  327.629994]  ? __do_sys_finit_module+0xcc/0x150
[  327.629998]  __x64_sys_finit_module+0x18/0x30
[  327.630001]  do_syscall_64+0x5c/0x90
[  327.630003]  ? exit_to_user_mode_prepare+0x3b/0xd0
[  327.630005]  ? syscall_exit_to_user_mode+0x2a/0x50
[  327.630009]  ? do_syscall_64+0x69/0x90
[  327.630011]  ? exit_to_user_mode_prepare+0x3b/0xd0
[  327.630013]  ? syscall_exit_to_user_mode+0x2a/0x50
[  327.630016]  ? do_syscall_64+0x69/0x90
[  327.630019]  entry_SYSCALL_64_after_hwframe+0x63/0xcd
[  327.630022] RIP: 0033:0x7fce3fd1e88d
[  327.630024] Code: 5b 41 5c c3 66 0f 1f 84 00 00 00 00 00 f3 0f 1e fa 48 89 f8 48 89 f7 48 89 d6 48 89 ca 4d 89 c2 4d 89 c8 4c 8b 4c 24 08 0f 05 <48> 3d 01 f0 ff ff 73 01 c3 48 8b 0d 73 b5 0f 00 f7 d8 64 89 01 48
[  327.630026] RSP: 002b:00007ffc8a2104b8 EFLAGS: 00000246 ORIG_RAX: 0000000000000139
[  327.630029] RAX: ffffffffffffffda RBX: 0000563e65e9b7b0 RCX: 00007fce3fd1e88d
[  327.630031] RDX: 0000000000000000 RSI: 0000563e6589ccd2 RDI: 0000000000000003
[  327.630033] RBP: 0000000000000000 R08: 0000000000000000 R09: 0000000000000000
[  327.630034] R10: 0000000000000003 R11: 0000000000000246 R12: 0000563e6589ccd2
[  327.630036] R13: 0000563e65e9b760 R14: 0000563e6589b888 R15: 0000563e65e9b8c0
[  327.630039]  </TASK>
[  327.630040] DMA_STACK_END: End of stack trace for dma_free_coherent
[  327.630041] DMA_INSTRUMENT: About to call dma_alloc_coherent from function mp_init_hrm_pool at /home/ubuntu/cda/orginal/aws-neuronx-2.20.28.0/neuron_mempool.c:268
[  327.630043] DMA_STACK_START: Stack trace for dma_alloc_coherent called from mp_init_hrm_pool
[  327.630045] CPU: 1 PID: 1875 Comm: insmod Tainted: G           OE     5.19.0-1024-aws #25~22.04.1-Ubuntu
[  327.630047] Hardware name: Amazon EC2 inf1.xlarge/, BIOS 1.0 10/16/2017
[  327.630048] Call Trace:
[  327.630050]  <TASK>
[  327.630051]  show_stack+0x52/0x69
[  327.630054]  dump_stack_lvl+0x49/0x6d
[  327.630057]  dump_stack+0x10/0x18
[  327.630060]  mpset_constructor+0x268/0xa82 [neuron]
[  327.630078]  ? kmalloc_order+0x6b/0xa0
[  327.630081]  ? kmem_cache_alloc_trace+0x199/0x2f0
[  327.630084]  ? kmalloc_order_trace+0x1d/0xb0
[  327.630087]  neuron_pci_probe+0x3dd/0x610 [neuron]
[  327.630102]  local_pci_probe+0x4b/0x90
[  327.630105]  pci_call_probe+0x55/0x180
[  327.630109]  pci_device_probe+0x84/0x120
[  327.630112]  really_probe+0x1e4/0x3c0
[  327.630115]  __driver_probe_device+0x12a/0x1b0
[  327.630118]  driver_probe_device+0x23/0xd0
[  327.630120]  __driver_attach+0xc3/0x260
[  327.630123]  ? __device_attach_driver+0x160/0x160
[  327.630126]  bus_for_each_dev+0x83/0xe0
[  327.630128]  driver_attach+0x1e/0x30
[  327.630131]  bus_add_driver+0x187/0x230
[  327.630133]  driver_register+0x95/0x110
[  327.630136]  __pci_register_driver+0x68/0x80
[  327.630140]  neuron_pci_module_init+0x25/0x60 [neuron]
[  327.630153]  neuron_module_init+0xd6/0x1000 [neuron]
[  327.630171]  ? 0xffffffffc089f000
[  327.630174]  do_one_initcall+0x49/0x1f0
[  327.630177]  ? kmem_cache_alloc_trace+0x199/0x2f0
[  327.630180]  do_init_module+0x52/0x220
[  327.630183]  load_module+0xb56/0xd30
[  327.630187]  __do_sys_finit_module+0xcc/0x150
[  327.630190]  ? __do_sys_finit_module+0xcc/0x150
[  327.630194]  __x64_sys_finit_module+0x18/0x30
[  327.630197]  do_syscall_64+0x5c/0x90
[  327.630199]  ? exit_to_user_mode_prepare+0x3b/0xd0
[  327.630202]  ? syscall_exit_to_user_mode+0x2a/0x50
[  327.630205]  ? do_syscall_64+0x69/0x90
[  327.630207]  ? exit_to_user_mode_prepare+0x3b/0xd0
[  327.630209]  ? syscall_exit_to_user_mode+0x2a/0x50
[  327.630212]  ? do_syscall_64+0x69/0x90
[  327.630215]  entry_SYSCALL_64_after_hwframe+0x63/0xcd
[  327.630218] RIP: 0033:0x7fce3fd1e88d
[  327.630220] Code: 5b 41 5c c3 66 0f 1f 84 00 00 00 00 00 f3 0f 1e fa 48 89 f8 48 89 f7 48 89 d6 48 89 ca 4d 89 c2 4d 89 c8 4c 8b 4c 24 08 0f 05 <48> 3d 01 f0 ff ff 73 01 c3 48 8b 0d 73 b5 0f 00 f7 d8 64 89 01 48
[  327.630222] RSP: 002b:00007ffc8a2104b8 EFLAGS: 00000246 ORIG_RAX: 0000000000000139
[  327.630225] RAX: ffffffffffffffda RBX: 0000563e65e9b7b0 RCX: 00007fce3fd1e88d
[  327.630227] RDX: 0000000000000000 RSI: 0000563e6589ccd2 RDI: 0000000000000003
[  327.630228] RBP: 0000000000000000 R08: 0000000000000000 R09: 0000000000000000
[  327.630230] R10: 0000000000000003 R11: 0000000000000246 R12: 0000563e6589ccd2
[  327.630232] R13: 0000563e65e9b760 R14: 0000563e6589b888 R15: 0000563e65e9b8c0
[  327.630235]  </TASK>
[  327.630236] DMA_STACK_END: End of stack trace for dma_alloc_coherent
[  327.630481] DMA_INSTRUMENT: About to call dma_free_coherent from function mp_init_hrm_pool at /home/ubuntu/cda/orginal/aws-neuronx-2.20.28.0/neuron_mempool.c:279
[  327.630483] DMA_STACK_START: Stack trace for dma_free_coherent called from mp_init_hrm_pool
[  327.630484] CPU: 1 PID: 1875 Comm: insmod Tainted: G           OE     5.19.0-1024-aws #25~22.04.1-Ubuntu
[  327.630486] Hardware name: Amazon EC2 inf1.xlarge/, BIOS 1.0 10/16/2017
[  327.630488] Call Trace:
[  327.630489]  <TASK>
[  327.630490]  show_stack+0x52/0x69
[  327.630493]  dump_stack_lvl+0x49/0x6d
[  327.630496]  dump_stack+0x10/0x18
[  327.630499]  mpset_constructor+0x322/0xa82 [neuron]
[  327.630518]  ? kmalloc_order+0x6b/0xa0
[  327.630521]  ? kmem_cache_alloc_trace+0x199/0x2f0
[  327.630525]  ? kmalloc_order_trace+0x1d/0xb0
[  327.630527]  neuron_pci_probe+0x3dd/0x610 [neuron]
[  327.630544]  local_pci_probe+0x4b/0x90
[  327.630548]  pci_call_probe+0x55/0x180
[  327.630551]  pci_device_probe+0x84/0x120
[  327.630555]  really_probe+0x1e4/0x3c0
[  327.630558]  __driver_probe_device+0x12a/0x1b0
[  327.630560]  driver_probe_device+0x23/0xd0
[  327.630563]  __driver_attach+0xc3/0x260
[  327.630566]  ? __device_attach_driver+0x160/0x160
[  327.630569]  bus_for_each_dev+0x83/0xe0
[  327.630571]  driver_attach+0x1e/0x30
[  327.630573]  bus_add_driver+0x187/0x230
[  327.630576]  driver_register+0x95/0x110
[  327.630579]  __pci_register_driver+0x68/0x80
[  327.630582]  neuron_pci_module_init+0x25/0x60 [neuron]
[  327.630596]  neuron_module_init+0xd6/0x1000 [neuron]
[  327.630614]  ? 0xffffffffc089f000
[  327.630617]  do_one_initcall+0x49/0x1f0
[  327.630620]  ? kmem_cache_alloc_trace+0x199/0x2f0
[  327.630623]  do_init_module+0x52/0x220
[  327.630626]  load_module+0xb56/0xd30
[  327.630630]  __do_sys_finit_module+0xcc/0x150
[  327.630633]  ? __do_sys_finit_module+0xcc/0x150
[  327.630637]  __x64_sys_finit_module+0x18/0x30
[  327.630640]  do_syscall_64+0x5c/0x90
[  327.630642]  ? exit_to_user_mode_prepare+0x3b/0xd0
[  327.630644]  ? syscall_exit_to_user_mode+0x2a/0x50
[  327.630647]  ? do_syscall_64+0x69/0x90
[  327.630650]  ? exit_to_user_mode_prepare+0x3b/0xd0
[  327.630652]  ? syscall_exit_to_user_mode+0x2a/0x50
[  327.630655]  ? do_syscall_64+0x69/0x90
[  327.630657]  entry_SYSCALL_64_after_hwframe+0x63/0xcd
[  327.630661] RIP: 0033:0x7fce3fd1e88d
[  327.630663] Code: 5b 41 5c c3 66 0f 1f 84 00 00 00 00 00 f3 0f 1e fa 48 89 f8 48 89 f7 48 89 d6 48 89 ca 4d 89 c2 4d 89 c8 4c 8b 4c 24 08 0f 05 <48> 3d 01 f0 ff ff 73 01 c3 48 8b 0d 73 b5 0f 00 f7 d8 64 89 01 48
[  327.630664] RSP: 002b:00007ffc8a2104b8 EFLAGS: 00000246 ORIG_RAX: 0000000000000139
[  327.630667] RAX: ffffffffffffffda RBX: 0000563e65e9b7b0 RCX: 00007fce3fd1e88d
[  327.630669] RDX: 0000000000000000 RSI: 0000563e6589ccd2 RDI: 0000000000000003
[  327.630671] RBP: 0000000000000000 R08: 0000000000000000 R09: 0000000000000000
[  327.630673] R10: 0000000000000003 R11: 0000000000000246 R12: 0000563e6589ccd2
[  327.630675] R13: 0000563e65e9b760 R14: 0000563e6589b888 R15: 0000563e65e9b8c0
[  327.630678]  </TASK>
[  327.630696] DMA_STACK_END: End of stack trace for dma_free_coherent
[  327.630697] DMA_INSTRUMENT: About to call dma_alloc_coherent from function mp_init_hrm_pool at /home/ubuntu/cda/orginal/aws-neuronx-2.20.28.0/neuron_mempool.c:268
[  327.630699] DMA_STACK_START: Stack trace for dma_alloc_coherent called from mp_init_hrm_pool
[  327.630700] CPU: 1 PID: 1875 Comm: insmod Tainted: G           OE     5.19.0-1024-aws #25~22.04.1-Ubuntu
[  327.630703] Hardware name: Amazon EC2 inf1.xlarge/, BIOS 1.0 10/16/2017
[  327.630704] Call Trace:
[  327.630705]  <TASK>
[  327.630706]  show_stack+0x52/0x69
[  327.630710]  dump_stack_lvl+0x49/0x6d
[  327.630713]  dump_stack+0x10/0x18
[  327.630715]  mpset_constructor+0x268/0xa82 [neuron]
[  327.630734]  ? kmalloc_order+0x6b/0xa0
[  327.630737]  ? kmem_cache_alloc_trace+0x199/0x2f0
[  327.630740]  ? kmalloc_order_trace+0x1d/0xb0
[  327.630743]  neuron_pci_probe+0x3dd/0x610 [neuron]
[  327.630758]  local_pci_probe+0x4b/0x90
[  327.630762]  pci_call_probe+0x55/0x180
[  327.630765]  pci_device_probe+0x84/0x120
[  327.630769]  really_probe+0x1e4/0x3c0
[  327.630772]  __driver_probe_device+0x12a/0x1b0
[  327.630774]  driver_probe_device+0x23/0xd0
[  327.630777]  __driver_attach+0xc3/0x260
[  327.630780]  ? __device_attach_driver+0x160/0x160
[  327.630783]  bus_for_each_dev+0x83/0xe0
[  327.630785]  driver_attach+0x1e/0x30
[  327.630788]  bus_add_driver+0x187/0x230
[  327.630790]  driver_register+0x95/0x110
[  327.630793]  __pci_register_driver+0x68/0x80
[  327.630796]  neuron_pci_module_init+0x25/0x60 [neuron]
[  327.630809]  neuron_module_init+0xd6/0x1000 [neuron]
[  327.630828]  ? 0xffffffffc089f000
[  327.630830]  do_one_initcall+0x49/0x1f0
[  327.630833]  ? kmem_cache_alloc_trace+0x199/0x2f0
[  327.630837]  do_init_module+0x52/0x220
[  327.630840]  load_module+0xb56/0xd30
[  327.630844]  __do_sys_finit_module+0xcc/0x150
[  327.630846]  ? __do_sys_finit_module+0xcc/0x150
[  327.630850]  __x64_sys_finit_module+0x18/0x30
[  327.630853]  do_syscall_64+0x5c/0x90
[  327.630855]  ? exit_to_user_mode_prepare+0x3b/0xd0
[  327.630858]  ? syscall_exit_to_user_mode+0x2a/0x50
[  327.630861]  ? do_syscall_64+0x69/0x90
[  327.630863]  ? exit_to_user_mode_prepare+0x3b/0xd0
[  327.630866]  ? syscall_exit_to_user_mode+0x2a/0x50
[  327.630868]  ? do_syscall_64+0x69/0x90
[  327.630871]  entry_SYSCALL_64_after_hwframe+0x63/0xcd
[  327.630874] RIP: 0033:0x7fce3fd1e88d
[  327.630876] Code: 5b 41 5c c3 66 0f 1f 84 00 00 00 00 00 f3 0f 1e fa 48 89 f8 48 89 f7 48 89 d6 48 89 ca 4d 89 c2 4d 89 c8 4c 8b 4c 24 08 0f 05 <48> 3d 01 f0 ff ff 73 01 c3 48 8b 0d 73 b5 0f 00 f7 d8 64 89 01 48
[  327.630878] RSP: 002b:00007ffc8a2104b8 EFLAGS: 00000246 ORIG_RAX: 0000000000000139
[  327.630881] RAX: ffffffffffffffda RBX: 0000563e65e9b7b0 RCX: 00007fce3fd1e88d
[  327.630883] RDX: 0000000000000000 RSI: 0000563e6589ccd2 RDI: 0000000000000003
[  327.630884] RBP: 0000000000000000 R08: 0000000000000000 R09: 0000000000000000
[  327.630886] R10: 0000000000000003 R11: 0000000000000246 R12: 0000563e6589ccd2
[  327.630888] R13: 0000563e65e9b760 R14: 0000563e6589b888 R15: 0000563e65e9b8c0
[  327.630891]  </TASK>
[  327.630892] DMA_STACK_END: End of stack trace for dma_alloc_coherent
[  327.631133] DMA_INSTRUMENT: About to call dma_free_coherent from function mp_init_hrm_pool at /home/ubuntu/cda/orginal/aws-neuronx-2.20.28.0/neuron_mempool.c:279
[  327.631135] DMA_STACK_START: Stack trace for dma_free_coherent called from mp_init_hrm_pool
[  327.631137] CPU: 1 PID: 1875 Comm: insmod Tainted: G           OE     5.19.0-1024-aws #25~22.04.1-Ubuntu
[  327.631139] Hardware name: Amazon EC2 inf1.xlarge/, BIOS 1.0 10/16/2017
[  327.631140] Call Trace:
[  327.631142]  <TASK>
[  327.631143]  show_stack+0x52/0x69
[  327.631146]  dump_stack_lvl+0x49/0x6d
[  327.631149]  dump_stack+0x10/0x18
[  327.631152]  mpset_constructor+0x322/0xa82 [neuron]
[  327.631170]  ? kmalloc_order+0x6b/0xa0
[  327.631174]  ? kmem_cache_alloc_trace+0x199/0x2f0
[  327.631177]  ? kmalloc_order_trace+0x1d/0xb0
[  327.631180]  neuron_pci_probe+0x3dd/0x610 [neuron]
[  327.631194]  local_pci_probe+0x4b/0x90
[  327.631198]  pci_call_probe+0x55/0x180
[  327.631201]  pci_device_probe+0x84/0x120
[  327.631205]  really_probe+0x1e4/0x3c0
[  327.631207]  __driver_probe_device+0x12a/0x1b0
[  327.631210]  driver_probe_device+0x23/0xd0
[  327.631213]  __driver_attach+0xc3/0x260
[  327.631216]  ? __device_attach_driver+0x160/0x160
[  327.631219]  bus_for_each_dev+0x83/0xe0
[  327.631221]  driver_attach+0x1e/0x30
[  327.631224]  bus_add_driver+0x187/0x230
[  327.631227]  driver_register+0x95/0x110
[  327.631230]  __pci_register_driver+0x68/0x80
[  327.631233]  neuron_pci_module_init+0x25/0x60 [neuron]
[  327.631246]  neuron_module_init+0xd6/0x1000 [neuron]
[  327.631265]  ? 0xffffffffc089f000
[  327.631267]  do_one_initcall+0x49/0x1f0
[  327.631271]  ? kmem_cache_alloc_trace+0x199/0x2f0
[  327.631274]  do_init_module+0x52/0x220
[  327.631277]  load_module+0xb56/0xd30
[  327.631281]  __do_sys_finit_module+0xcc/0x150
[  327.631284]  ? __do_sys_finit_module+0xcc/0x150
[  327.631288]  __x64_sys_finit_module+0x18/0x30
[  327.631291]  do_syscall_64+0x5c/0x90
[  327.631293]  ? exit_to_user_mode_prepare+0x3b/0xd0
[  327.631296]  ? syscall_exit_to_user_mode+0x2a/0x50
[  327.631299]  ? do_syscall_64+0x69/0x90
[  327.631302]  ? exit_to_user_mode_prepare+0x3b/0xd0
[  327.631304]  ? syscall_exit_to_user_mode+0x2a/0x50
[  327.631307]  ? do_syscall_64+0x69/0x90
[  327.631310]  entry_SYSCALL_64_after_hwframe+0x63/0xcd
[  327.631313] RIP: 0033:0x7fce3fd1e88d
[  327.631315] Code: 5b 41 5c c3 66 0f 1f 84 00 00 00 00 00 f3 0f 1e fa 48 89 f8 48 89 f7 48 89 d6 48 89 ca 4d 89 c2 4d 89 c8 4c 8b 4c 24 08 0f 05 <48> 3d 01 f0 ff ff 73 01 c3 48 8b 0d 73 b5 0f 00 f7 d8 64 89 01 48
[  327.631317] RSP: 002b:00007ffc8a2104b8 EFLAGS: 00000246 ORIG_RAX: 0000000000000139
[  327.631320] RAX: ffffffffffffffda RBX: 0000563e65e9b7b0 RCX: 00007fce3fd1e88d
[  327.631322] RDX: 0000000000000000 RSI: 0000563e6589ccd2 RDI: 0000000000000003
[  327.631324] RBP: 0000000000000000 R08: 0000000000000000 R09: 0000000000000000
[  327.631326] R10: 0000000000000003 R11: 0000000000000246 R12: 0000563e6589ccd2
[  327.631327] R13: 0000563e65e9b760 R14: 0000563e6589b888 R15: 0000563e65e9b8c0
[  327.631330]  </TASK>
[  327.631332] DMA_STACK_END: End of stack trace for dma_free_coherent
[  327.631333] DMA_INSTRUMENT: About to call dma_alloc_coherent from function mp_init_hrm_pool at /home/ubuntu/cda/orginal/aws-neuronx-2.20.28.0/neuron_mempool.c:268
[  327.631334] DMA_STACK_START: Stack trace for dma_alloc_coherent called from mp_init_hrm_pool
[  327.631336] CPU: 1 PID: 1875 Comm: insmod Tainted: G           OE     5.19.0-1024-aws #25~22.04.1-Ubuntu
[  327.631338] Hardware name: Amazon EC2 inf1.xlarge/, BIOS 1.0 10/16/2017
[  327.631339] Call Trace:
[  327.631340]  <TASK>
[  327.631342]  show_stack+0x52/0x69
[  327.631345]  dump_stack_lvl+0x49/0x6d
[  327.631348]  dump_stack+0x10/0x18
[  327.631351]  mpset_constructor+0x268/0xa82 [neuron]
[  327.631369]  ? kmalloc_order+0x6b/0xa0
[  327.631372]  ? kmem_cache_alloc_trace+0x199/0x2f0
[  327.631375]  ? kmalloc_order_trace+0x1d/0xb0
[  327.631378]  neuron_pci_probe+0x3dd/0x610 [neuron]
[  327.631392]  local_pci_probe+0x4b/0x90
[  327.631396]  pci_call_probe+0x55/0x180
[  327.631399]  pci_device_probe+0x84/0x120
[  327.631403]  really_probe+0x1e4/0x3c0
[  327.631405]  __driver_probe_device+0x12a/0x1b0
[  327.631408]  driver_probe_device+0x23/0xd0
[  327.631411]  __driver_attach+0xc3/0x260
[  327.631414]  ? __device_attach_driver+0x160/0x160
[  327.631417]  bus_for_each_dev+0x83/0xe0
[  327.631420]  driver_attach+0x1e/0x30
[  327.631422]  bus_add_driver+0x187/0x230
[  327.631425]  driver_register+0x95/0x110
[  327.631428]  __pci_register_driver+0x68/0x80
[  327.631431]  neuron_pci_module_init+0x25/0x60 [neuron]
[  327.631444]  neuron_module_init+0xd6/0x1000 [neuron]
[  327.631463]  ? 0xffffffffc089f000
[  327.631465]  do_one_initcall+0x49/0x1f0
[  327.631469]  ? kmem_cache_alloc_trace+0x199/0x2f0
[  327.631472]  do_init_module+0x52/0x220
[  327.631475]  load_module+0xb56/0xd30
[  327.631479]  __do_sys_finit_module+0xcc/0x150
[  327.631482]  ? __do_sys_finit_module+0xcc/0x150
[  327.631486]  __x64_sys_finit_module+0x18/0x30
[  327.631489]  do_syscall_64+0x5c/0x90
[  327.631491]  ? exit_to_user_mode_prepare+0x3b/0xd0
[  327.631494]  ? syscall_exit_to_user_mode+0x2a/0x50
[  327.631497]  ? do_syscall_64+0x69/0x90
[  327.631499]  ? exit_to_user_mode_prepare+0x3b/0xd0
[  327.631502]  ? syscall_exit_to_user_mode+0x2a/0x50
[  327.631505]  ? do_syscall_64+0x69/0x90
[  327.631507]  entry_SYSCALL_64_after_hwframe+0x63/0xcd
[  327.631511] RIP: 0033:0x7fce3fd1e88d
[  327.631513] Code: 5b 41 5c c3 66 0f 1f 84 00 00 00 00 00 f3 0f 1e fa 48 89 f8 48 89 f7 48 89 d6 48 89 ca 4d 89 c2 4d 89 c8 4c 8b 4c 24 08 0f 05 <48> 3d 01 f0 ff ff 73 01 c3 48 8b 0d 73 b5 0f 00 f7 d8 64 89 01 48
[  327.631515] RSP: 002b:00007ffc8a2104b8 EFLAGS: 00000246 ORIG_RAX: 0000000000000139
[  327.631518] RAX: ffffffffffffffda RBX: 0000563e65e9b7b0 RCX: 00007fce3fd1e88d
[  327.631520] RDX: 0000000000000000 RSI: 0000563e6589ccd2 RDI: 0000000000000003
[  327.631521] RBP: 0000000000000000 R08: 0000000000000000 R09: 0000000000000000
[  327.631523] R10: 0000000000000003 R11: 0000000000000246 R12: 0000563e6589ccd2
[  327.631525] R13: 0000563e65e9b760 R14: 0000563e6589b888 R15: 0000563e65e9b8c0
[  327.631528]  </TASK>
[  327.631529] DMA_STACK_END: End of stack trace for dma_alloc_coherent
[  327.631767] DMA_INSTRUMENT: About to call dma_free_coherent from function mp_init_hrm_pool at /home/ubuntu/cda/orginal/aws-neuronx-2.20.28.0/neuron_mempool.c:279
[  327.631769] DMA_STACK_START: Stack trace for dma_free_coherent called from mp_init_hrm_pool
[  327.631770] CPU: 1 PID: 1875 Comm: insmod Tainted: G           OE     5.19.0-1024-aws #25~22.04.1-Ubuntu
[  327.631773] Hardware name: Amazon EC2 inf1.xlarge/, BIOS 1.0 10/16/2017
[  327.631774] Call Trace:
[  327.631775]  <TASK>
[  327.631776]  show_stack+0x52/0x69
[  327.631780]  dump_stack_lvl+0x49/0x6d
[  327.631783]  dump_stack+0x10/0x18
[  327.631785]  mpset_constructor+0x322/0xa82 [neuron]
[  327.631804]  ? kmalloc_order+0x6b/0xa0
[  327.631807]  ? kmem_cache_alloc_trace+0x199/0x2f0
[  327.631810]  ? kmalloc_order_trace+0x1d/0xb0
[  327.631813]  neuron_pci_probe+0x3dd/0x610 [neuron]
[  327.631828]  local_pci_probe+0x4b/0x90
[  327.631831]  pci_call_probe+0x55/0x180
[  327.631835]  pci_device_probe+0x84/0x120
[  327.631838]  really_probe+0x1e4/0x3c0
[  327.631841]  __driver_probe_device+0x12a/0x1b0
[  327.631844]  driver_probe_device+0x23/0xd0
[  327.631847]  __driver_attach+0xc3/0x260
[  327.631850]  ? __device_attach_driver+0x160/0x160
[  327.631853]  bus_for_each_dev+0x83/0xe0
[  327.631855]  driver_attach+0x1e/0x30
[  327.631858]  bus_add_driver+0x187/0x230
[  327.631861]  driver_register+0x95/0x110
[  327.631864]  __pci_register_driver+0x68/0x80
[  327.631867]  neuron_pci_module_init+0x25/0x60 [neuron]
[  327.631880]  neuron_module_init+0xd6/0x1000 [neuron]
[  327.631899]  ? 0xffffffffc089f000
[  327.631901]  do_one_initcall+0x49/0x1f0
[  327.631905]  ? kmem_cache_alloc_trace+0x199/0x2f0
[  327.631908]  do_init_module+0x52/0x220
[  327.631911]  load_module+0xb56/0xd30
[  327.631915]  __do_sys_finit_module+0xcc/0x150
[  327.631918]  ? __do_sys_finit_module+0xcc/0x150
[  327.631922]  __x64_sys_finit_module+0x18/0x30
[  327.631924]  do_syscall_64+0x5c/0x90
[  327.631927]  ? exit_to_user_mode_prepare+0x3b/0xd0
[  327.631929]  ? syscall_exit_to_user_mode+0x2a/0x50
[  327.631932]  ? do_syscall_64+0x69/0x90
[  327.631934]  ? exit_to_user_mode_prepare+0x3b/0xd0
[  327.631937]  ? syscall_exit_to_user_mode+0x2a/0x50
[  327.631940]  ? do_syscall_64+0x69/0x90
[  327.631942]  entry_SYSCALL_64_after_hwframe+0x63/0xcd
[  327.631945] RIP: 0033:0x7fce3fd1e88d
[  327.631947] Code: 5b 41 5c c3 66 0f 1f 84 00 00 00 00 00 f3 0f 1e fa 48 89 f8 48 89 f7 48 89 d6 48 89 ca 4d 89 c2 4d 89 c8 4c 8b 4c 24 08 0f 05 <48> 3d 01 f0 ff ff 73 01 c3 48 8b 0d 73 b5 0f 00 f7 d8 64 89 01 48
[  327.631949] RSP: 002b:00007ffc8a2104b8 EFLAGS: 00000246 ORIG_RAX: 0000000000000139
[  327.631952] RAX: ffffffffffffffda RBX: 0000563e65e9b7b0 RCX: 00007fce3fd1e88d
[  327.631954] RDX: 0000000000000000 RSI: 0000563e6589ccd2 RDI: 0000000000000003
[  327.631956] RBP: 0000000000000000 R08: 0000000000000000 R09: 0000000000000000
[  327.631957] R10: 0000000000000003 R11: 0000000000000246 R12: 0000563e6589ccd2
[  327.631959] R13: 0000563e65e9b760 R14: 0000563e6589b888 R15: 0000563e65e9b8c0
[  327.631962]  </TASK>
[  327.631963] DMA_STACK_END: End of stack trace for dma_free_coherent
[  327.631964] DMA_INSTRUMENT: About to call dma_alloc_coherent from function mp_init_hrm_pool at /home/ubuntu/cda/orginal/aws-neuronx-2.20.28.0/neuron_mempool.c:268
[  327.631966] DMA_STACK_START: Stack trace for dma_alloc_coherent called from mp_init_hrm_pool
[  327.631967] CPU: 1 PID: 1875 Comm: insmod Tainted: G           OE     5.19.0-1024-aws #25~22.04.1-Ubuntu
[  327.631970] Hardware name: Amazon EC2 inf1.xlarge/, BIOS 1.0 10/16/2017
[  327.631971] Call Trace:
[  327.631972]  <TASK>
[  327.631973]  show_stack+0x52/0x69
[  327.631976]  dump_stack_lvl+0x49/0x6d
[  327.631979]  dump_stack+0x10/0x18
[  327.631982]  mpset_constructor+0x268/0xa82 [neuron]
[  327.632000]  ? kmalloc_order+0x6b/0xa0
[  327.632004]  ? kmem_cache_alloc_trace+0x199/0x2f0
[  327.632007]  ? kmalloc_order_trace+0x1d/0xb0
[  327.632010]  neuron_pci_probe+0x3dd/0x610 [neuron]
[  327.632024]  local_pci_probe+0x4b/0x90
[  327.632028]  pci_call_probe+0x55/0x180
[  327.632032]  pci_device_probe+0x84/0x120
[  327.632035]  really_probe+0x1e4/0x3c0
[  327.632038]  __driver_probe_device+0x12a/0x1b0
[  327.632041]  driver_probe_device+0x23/0xd0
[  327.632044]  __driver_attach+0xc3/0x260
[  327.632047]  ? __device_attach_driver+0x160/0x160
[  327.632050]  bus_for_each_dev+0x83/0xe0
[  327.632052]  driver_attach+0x1e/0x30
[  327.632055]  bus_add_driver+0x187/0x230
[  327.632057]  driver_register+0x95/0x110
[  327.632060]  __pci_register_driver+0x68/0x80
[  327.632063]  neuron_pci_module_init+0x25/0x60 [neuron]
[  327.632077]  neuron_module_init+0xd6/0x1000 [neuron]
[  327.632095]  ? 0xffffffffc089f000
[  327.632097]  do_one_initcall+0x49/0x1f0
[  327.632101]  ? kmem_cache_alloc_trace+0x199/0x2f0
[  327.632104]  do_init_module+0x52/0x220
[  327.632107]  load_module+0xb56/0xd30
[  327.632111]  __do_sys_finit_module+0xcc/0x150
[  327.632114]  ? __do_sys_finit_module+0xcc/0x150
[  327.632118]  __x64_sys_finit_module+0x18/0x30
[  327.632120]  do_syscall_64+0x5c/0x90
[  327.632123]  ? exit_to_user_mode_prepare+0x3b/0xd0
[  327.632125]  ? syscall_exit_to_user_mode+0x2a/0x50
[  327.632128]  ? do_syscall_64+0x69/0x90
[  327.632130]  ? exit_to_user_mode_prepare+0x3b/0xd0
[  327.632133]  ? syscall_exit_to_user_mode+0x2a/0x50
[  327.632136]  ? do_syscall_64+0x69/0x90
[  327.632138]  entry_SYSCALL_64_after_hwframe+0x63/0xcd
[  327.632141] RIP: 0033:0x7fce3fd1e88d
[  327.632144] Code: 5b 41 5c c3 66 0f 1f 84 00 00 00 00 00 f3 0f 1e fa 48 89 f8 48 89 f7 48 89 d6 48 89 ca 4d 89 c2 4d 89 c8 4c 8b 4c 24 08 0f 05 <48> 3d 01 f0 ff ff 73 01 c3 48 8b 0d 73 b5 0f 00 f7 d8 64 89 01 48
[  327.632146] RSP: 002b:00007ffc8a2104b8 EFLAGS: 00000246 ORIG_RAX: 0000000000000139
[  327.632148] RAX: ffffffffffffffda RBX: 0000563e65e9b7b0 RCX: 00007fce3fd1e88d
[  327.632150] RDX: 0000000000000000 RSI: 0000563e6589ccd2 RDI: 0000000000000003
[  327.632152] RBP: 0000000000000000 R08: 0000000000000000 R09: 0000000000000000
[  327.632154] R10: 0000000000000003 R11: 0000000000000246 R12: 0000563e6589ccd2
[  327.632156] R13: 0000563e65e9b760 R14: 0000563e6589b888 R15: 0000563e65e9b8c0
[  327.632159]  </TASK>
[  327.632160] DMA_STACK_END: End of stack trace for dma_alloc_coherent
[  327.632398] DMA_INSTRUMENT: About to call dma_free_coherent from function mp_init_hrm_pool at /home/ubuntu/cda/orginal/aws-neuronx-2.20.28.0/neuron_mempool.c:279
[  327.632400] DMA_STACK_START: Stack trace for dma_free_coherent called from mp_init_hrm_pool
[  327.632402] CPU: 1 PID: 1875 Comm: insmod Tainted: G           OE     5.19.0-1024-aws #25~22.04.1-Ubuntu
[  327.632404] Hardware name: Amazon EC2 inf1.xlarge/, BIOS 1.0 10/16/2017
[  327.632405] Call Trace:
[  327.632406]  <TASK>
[  327.632408]  show_stack+0x52/0x69
[  327.632411]  dump_stack_lvl+0x49/0x6d
[  327.632414]  dump_stack+0x10/0x18
[  327.632417]  mpset_constructor+0x322/0xa82 [neuron]
[  327.632435]  ? kmalloc_order+0x6b/0xa0
[  327.632439]  ? kmem_cache_alloc_trace+0x199/0x2f0
[  327.632442]  ? kmalloc_order_trace+0x1d/0xb0
[  327.632445]  neuron_pci_probe+0x3dd/0x610 [neuron]
[  327.632459]  local_pci_probe+0x4b/0x90
[  327.632463]  pci_call_probe+0x55/0x180
[  327.632466]  pci_device_probe+0x84/0x120
[  327.632470]  really_probe+0x1e4/0x3c0
[  327.632473]  __driver_probe_device+0x12a/0x1b0
[  327.632475]  driver_probe_device+0x23/0xd0
[  327.632478]  __driver_attach+0xc3/0x260
[  327.632481]  ? __device_attach_driver+0x160/0x160
[  327.632484]  bus_for_each_dev+0x83/0xe0
[  327.632486]  driver_attach+0x1e/0x30
[  327.632489]  bus_add_driver+0x187/0x230
[  327.632491]  driver_register+0x95/0x110
[  327.632494]  __pci_register_driver+0x68/0x80
[  327.632497]  neuron_pci_module_init+0x25/0x60 [neuron]
[  327.632511]  neuron_module_init+0xd6/0x1000 [neuron]
[  327.632529]  ? 0xffffffffc089f000
[  327.632532]  do_one_initcall+0x49/0x1f0
[  327.632535]  ? kmem_cache_alloc_trace+0x199/0x2f0
[  327.632538]  do_init_module+0x52/0x220
[  327.632541]  load_module+0xb56/0xd30
[  327.632545]  __do_sys_finit_module+0xcc/0x150
[  327.632548]  ? __do_sys_finit_module+0xcc/0x150
[  327.632552]  __x64_sys_finit_module+0x18/0x30
[  327.632554]  do_syscall_64+0x5c/0x90
[  327.632557]  ? exit_to_user_mode_prepare+0x3b/0xd0
[  327.632559]  ? syscall_exit_to_user_mode+0x2a/0x50
[  327.632562]  ? do_syscall_64+0x69/0x90
[  327.632564]  ? exit_to_user_mode_prepare+0x3b/0xd0
[  327.632567]  ? syscall_exit_to_user_mode+0x2a/0x50
[  327.632570]  ? do_syscall_64+0x69/0x90
[  327.632572]  entry_SYSCALL_64_after_hwframe+0x63/0xcd
[  327.632574] RIP: 0033:0x7fce3fd1e88d
[  327.632576] Code: 5b 41 5c c3 66 0f 1f 84 00 00 00 00 00 f3 0f 1e fa 48 89 f8 48 89 f7 48 89 d6 48 89 ca 4d 89 c2 4d 89 c8 4c 8b 4c 24 08 0f 05 <48> 3d 01 f0 ff ff 73 01 c3 48 8b 0d 73 b5 0f 00 f7 d8 64 89 01 48
[  327.632578] RSP: 002b:00007ffc8a2104b8 EFLAGS: 00000246 ORIG_RAX: 0000000000000139
[  327.632580] RAX: ffffffffffffffda RBX: 0000563e65e9b7b0 RCX: 00007fce3fd1e88d
[  327.632581] RDX: 0000000000000000 RSI: 0000563e6589ccd2 RDI: 0000000000000003
[  327.632583] RBP: 0000000000000000 R08: 0000000000000000 R09: 0000000000000000
[  327.632584] R10: 0000000000000003 R11: 0000000000000246 R12: 0000563e6589ccd2
[  327.632586] R13: 0000563e65e9b760 R14: 0000563e6589b888 R15: 0000563e65e9b8c0
[  327.632588]  </TASK>
[  327.632589] DMA_STACK_END: End of stack trace for dma_free_coherent
[  327.632590] DMA_INSTRUMENT: About to call dma_alloc_coherent from function mp_init_hrm_pool at /home/ubuntu/cda/orginal/aws-neuronx-2.20.28.0/neuron_mempool.c:268
[  327.632592] DMA_STACK_START: Stack trace for dma_alloc_coherent called from mp_init_hrm_pool
[  327.632593] CPU: 1 PID: 1875 Comm: insmod Tainted: G           OE     5.19.0-1024-aws #25~22.04.1-Ubuntu
[  327.632595] Hardware name: Amazon EC2 inf1.xlarge/, BIOS 1.0 10/16/2017
[  327.632596] Call Trace:
[  327.632596]  <TASK>
[  327.632597]  show_stack+0x52/0x69
[  327.632599]  dump_stack_lvl+0x49/0x6d
[  327.632602]  dump_stack+0x10/0x18
[  327.632604]  mpset_constructor+0x268/0xa82 [neuron]
[  327.632621]  ? kmalloc_order+0x6b/0xa0
[  327.632624]  ? kmem_cache_alloc_trace+0x199/0x2f0
[  327.632627]  ? kmalloc_order_trace+0x1d/0xb0
[  327.632630]  neuron_pci_probe+0x3dd/0x610 [neuron]
[  327.632645]  local_pci_probe+0x4b/0x90
[  327.632648]  pci_call_probe+0x55/0x180
[  327.632652]  pci_device_probe+0x84/0x120
[  327.632655]  really_probe+0x1e4/0x3c0
[  327.632658]  __driver_probe_device+0x12a/0x1b0
[  327.632661]  driver_probe_device+0x23/0xd0
[  327.632663]  __driver_attach+0xc3/0x260
[  327.632666]  ? __device_attach_driver+0x160/0x160
[  327.632669]  bus_for_each_dev+0x83/0xe0
[  327.632671]  driver_attach+0x1e/0x30
[  327.632674]  bus_add_driver+0x187/0x230
[  327.632676]  driver_register+0x95/0x110
[  327.632679]  __pci_register_driver+0x68/0x80
[  327.632682]  neuron_pci_module_init+0x25/0x60 [neuron]
[  327.632696]  neuron_module_init+0xd6/0x1000 [neuron]
[  327.632714]  ? 0xffffffffc089f000
[  327.632716]  do_one_initcall+0x49/0x1f0
[  327.632720]  ? kmem_cache_alloc_trace+0x199/0x2f0
[  327.632723]  do_init_module+0x52/0x220
[  327.632726]  load_module+0xb56/0xd30
[  327.632730]  __do_sys_finit_module+0xcc/0x150
[  327.632733]  ? __do_sys_finit_module+0xcc/0x150
[  327.632737]  __x64_sys_finit_module+0x18/0x30
[  327.632739]  do_syscall_64+0x5c/0x90
[  327.632742]  ? exit_to_user_mode_prepare+0x3b/0xd0
[  327.632744]  ? syscall_exit_to_user_mode+0x2a/0x50
[  327.632747]  ? do_syscall_64+0x69/0x90
[  327.632749]  ? exit_to_user_mode_prepare+0x3b/0xd0
[  327.632752]  ? syscall_exit_to_user_mode+0x2a/0x50
[  327.632755]  ? do_syscall_64+0x69/0x90
[  327.632757]  entry_SYSCALL_64_after_hwframe+0x63/0xcd
[  327.632760] RIP: 0033:0x7fce3fd1e88d
[  327.632762] Code: 5b 41 5c c3 66 0f 1f 84 00 00 00 00 00 f3 0f 1e fa 48 89 f8 48 89 f7 48 89 d6 48 89 ca 4d 89 c2 4d 89 c8 4c 8b 4c 24 08 0f 05 <48> 3d 01 f0 ff ff 73 01 c3 48 8b 0d 73 b5 0f 00 f7 d8 64 89 01 48
[  327.632764] RSP: 002b:00007ffc8a2104b8 EFLAGS: 00000246 ORIG_RAX: 0000000000000139
[  327.632767] RAX: ffffffffffffffda RBX: 0000563e65e9b7b0 RCX: 00007fce3fd1e88d
[  327.632769] RDX: 0000000000000000 RSI: 0000563e6589ccd2 RDI: 0000000000000003
[  327.632771] RBP: 0000000000000000 R08: 0000000000000000 R09: 0000000000000000
[  327.632772] R10: 0000000000000003 R11: 0000000000000246 R12: 0000563e6589ccd2
[  327.632774] R13: 0000563e65e9b760 R14: 0000563e6589b888 R15: 0000563e65e9b8c0
[  327.632777]  </TASK>
[  327.632778] DMA_STACK_END: End of stack trace for dma_alloc_coherent
[  327.633019] DMA_INSTRUMENT: About to call dma_free_coherent from function mp_init_hrm_pool at /home/ubuntu/cda/orginal/aws-neuronx-2.20.28.0/neuron_mempool.c:279
[  327.633021] DMA_STACK_START: Stack trace for dma_free_coherent called from mp_init_hrm_pool
[  327.633022] CPU: 1 PID: 1875 Comm: insmod Tainted: G           OE     5.19.0-1024-aws #25~22.04.1-Ubuntu
[  327.633025] Hardware name: Amazon EC2 inf1.xlarge/, BIOS 1.0 10/16/2017
[  327.633026] Call Trace:
[  327.633027]  <TASK>
[  327.633028]  show_stack+0x52/0x69
[  327.633032]  dump_stack_lvl+0x49/0x6d
[  327.633035]  dump_stack+0x10/0x18
[  327.633038]  mpset_constructor+0x322/0xa82 [neuron]
[  327.633056]  ? kmalloc_order+0x6b/0xa0
[  327.633060]  ? kmem_cache_alloc_trace+0x199/0x2f0
[  327.633063]  ? kmalloc_order_trace+0x1d/0xb0
[  327.633066]  neuron_pci_probe+0x3dd/0x610 [neuron]
[  327.633080]  local_pci_probe+0x4b/0x90
[  327.633084]  pci_call_probe+0x55/0x180
[  327.633087]  pci_device_probe+0x84/0x120
[  327.633091]  really_probe+0x1e4/0x3c0
[  327.633094]  __driver_probe_device+0x12a/0x1b0
[  327.633097]  driver_probe_device+0x23/0xd0
[  327.633099]  __driver_attach+0xc3/0x260
[  327.633102]  ? __device_attach_driver+0x160/0x160
[  327.633105]  bus_for_each_dev+0x83/0xe0
[  327.633107]  driver_attach+0x1e/0x30
[  327.633110]  bus_add_driver+0x187/0x230
[  327.633112]  driver_register+0x95/0x110
[  327.633115]  __pci_register_driver+0x68/0x80
[  327.633118]  neuron_pci_module_init+0x25/0x60 [neuron]
[  327.633132]  neuron_module_init+0xd6/0x1000 [neuron]
[  327.633150]  ? 0xffffffffc089f000
[  327.633153]  do_one_initcall+0x49/0x1f0
[  327.633156]  ? kmem_cache_alloc_trace+0x199/0x2f0
[  327.633160]  do_init_module+0x52/0x220
[  327.633162]  load_module+0xb56/0xd30
[  327.633166]  __do_sys_finit_module+0xcc/0x150
[  327.633169]  ? __do_sys_finit_module+0xcc/0x150
[  327.633173]  __x64_sys_finit_module+0x18/0x30
[  327.633176]  do_syscall_64+0x5c/0x90
[  327.633178]  ? exit_to_user_mode_prepare+0x3b/0xd0
[  327.633180]  ? syscall_exit_to_user_mode+0x2a/0x50
[  327.633183]  ? do_syscall_64+0x69/0x90
[  327.633186]  ? exit_to_user_mode_prepare+0x3b/0xd0
[  327.633188]  ? syscall_exit_to_user_mode+0x2a/0x50
[  327.633191]  ? do_syscall_64+0x69/0x90
[  327.633193]  entry_SYSCALL_64_after_hwframe+0x63/0xcd
[  327.633197] RIP: 0033:0x7fce3fd1e88d
[  327.633199] Code: 5b 41 5c c3 66 0f 1f 84 00 00 00 00 00 f3 0f 1e fa 48 89 f8 48 89 f7 48 89 d6 48 89 ca 4d 89 c2 4d 89 c8 4c 8b 4c 24 08 0f 05 <48> 3d 01 f0 ff ff 73 01 c3 48 8b 0d 73 b5 0f 00 f7 d8 64 89 01 48
[  327.633201] RSP: 002b:00007ffc8a2104b8 EFLAGS: 00000246 ORIG_RAX: 0000000000000139
[  327.633203] RAX: ffffffffffffffda RBX: 0000563e65e9b7b0 RCX: 00007fce3fd1e88d
[  327.633205] RDX: 0000000000000000 RSI: 0000563e6589ccd2 RDI: 0000000000000003
[  327.633207] RBP: 0000000000000000 R08: 0000000000000000 R09: 0000000000000000
[  327.633209] R10: 0000000000000003 R11: 0000000000000246 R12: 0000563e6589ccd2
[  327.633210] R13: 0000563e65e9b760 R14: 0000563e6589b888 R15: 0000563e65e9b8c0
[  327.633213]  </TASK>
[  327.633214] DMA_STACK_END: End of stack trace for dma_free_coherent
[  327.633215] DMA_INSTRUMENT: About to call dma_alloc_coherent from function mp_init_hrm_pool at /home/ubuntu/cda/orginal/aws-neuronx-2.20.28.0/neuron_mempool.c:268
[  327.633217] DMA_STACK_START: Stack trace for dma_alloc_coherent called from mp_init_hrm_pool
[  327.633219] CPU: 1 PID: 1875 Comm: insmod Tainted: G           OE     5.19.0-1024-aws #25~22.04.1-Ubuntu
[  327.633221] Hardware name: Amazon EC2 inf1.xlarge/, BIOS 1.0 10/16/2017
[  327.633222] Call Trace:
[  327.633223]  <TASK>
[  327.633225]  show_stack+0x52/0x69
[  327.633228]  dump_stack_lvl+0x49/0x6d
[  327.633231]  dump_stack+0x10/0x18
[  327.633233]  mpset_constructor+0x268/0xa82 [neuron]
[  327.633252]  ? kmalloc_order+0x6b/0xa0
[  327.633255]  ? kmem_cache_alloc_trace+0x199/0x2f0
[  327.633258]  ? kmalloc_order_trace+0x1d/0xb0
[  327.633261]  neuron_pci_probe+0x3dd/0x610 [neuron]
[  327.633276]  local_pci_probe+0x4b/0x90
[  327.633279]  pci_call_probe+0x55/0x180
[  327.633283]  pci_device_probe+0x84/0x120
[  327.633286]  really_probe+0x1e4/0x3c0
[  327.633289]  __driver_probe_device+0x12a/0x1b0
[  327.633292]  driver_probe_device+0x23/0xd0
[  327.633294]  __driver_attach+0xc3/0x260
[  327.633297]  ? __device_attach_driver+0x160/0x160
[  327.633300]  bus_for_each_dev+0x83/0xe0
[  327.633302]  driver_attach+0x1e/0x30
[  327.633305]  bus_add_driver+0x187/0x230
[  327.633307]  driver_register+0x95/0x110
[  327.633310]  __pci_register_driver+0x68/0x80
[  327.633313]  neuron_pci_module_init+0x25/0x60 [neuron]
[  327.633327]  neuron_module_init+0xd6/0x1000 [neuron]
[  327.633345]  ? 0xffffffffc089f000
[  327.633348]  do_one_initcall+0x49/0x1f0
[  327.633351]  ? kmem_cache_alloc_trace+0x199/0x2f0
[  327.633354]  do_init_module+0x52/0x220
[  327.633357]  load_module+0xb56/0xd30
[  327.633361]  __do_sys_finit_module+0xcc/0x150
[  327.633364]  ? __do_sys_finit_module+0xcc/0x150
[  327.633368]  __x64_sys_finit_module+0x18/0x30
[  327.633370]  do_syscall_64+0x5c/0x90
[  327.633372]  ? exit_to_user_mode_prepare+0x3b/0xd0
[  327.633375]  ? syscall_exit_to_user_mode+0x2a/0x50
[  327.633378]  ? do_syscall_64+0x69/0x90
[  327.633380]  ? exit_to_user_mode_prepare+0x3b/0xd0
[  327.633383]  ? syscall_exit_to_user_mode+0x2a/0x50
[  327.633385]  ? do_syscall_64+0x69/0x90
[  327.633388]  entry_SYSCALL_64_after_hwframe+0x63/0xcd
[  327.633391] RIP: 0033:0x7fce3fd1e88d
[  327.633393] Code: 5b 41 5c c3 66 0f 1f 84 00 00 00 00 00 f3 0f 1e fa 48 89 f8 48 89 f7 48 89 d6 48 89 ca 4d 89 c2 4d 89 c8 4c 8b 4c 24 08 0f 05 <48> 3d 01 f0 ff ff 73 01 c3 48 8b 0d 73 b5 0f 00 f7 d8 64 89 01 48
[  327.633395] RSP: 002b:00007ffc8a2104b8 EFLAGS: 00000246 ORIG_RAX: 0000000000000139
[  327.633398] RAX: ffffffffffffffda RBX: 0000563e65e9b7b0 RCX: 00007fce3fd1e88d
[  327.633400] RDX: 0000000000000000 RSI: 0000563e6589ccd2 RDI: 0000000000000003
[  327.633401] RBP: 0000000000000000 R08: 0000000000000000 R09: 0000000000000000
[  327.633403] R10: 0000000000000003 R11: 0000000000000246 R12: 0000563e6589ccd2
[  327.633405] R13: 0000563e65e9b760 R14: 0000563e6589b888 R15: 0000563e65e9b8c0
[  327.633408]  </TASK>
[  327.633409] DMA_STACK_END: End of stack trace for dma_alloc_coherent
[  327.633654] DMA_INSTRUMENT: About to call dma_free_coherent from function mp_init_hrm_pool at /home/ubuntu/cda/orginal/aws-neuronx-2.20.28.0/neuron_mempool.c:279
[  327.633655] DMA_STACK_START: Stack trace for dma_free_coherent called from mp_init_hrm_pool
[  327.633657] CPU: 1 PID: 1875 Comm: insmod Tainted: G           OE     5.19.0-1024-aws #25~22.04.1-Ubuntu
[  327.633658] Hardware name: Amazon EC2 inf1.xlarge/, BIOS 1.0 10/16/2017
[  327.633659] Call Trace:
[  327.633661]  <TASK>
[  327.633662]  show_stack+0x52/0x69
[  327.633665]  dump_stack_lvl+0x49/0x6d
[  327.633667]  dump_stack+0x10/0x18
[  327.633670]  mpset_constructor+0x322/0xa82 [neuron]
[  327.633686]  ? kmalloc_order+0x6b/0xa0
[  327.633690]  ? kmem_cache_alloc_trace+0x199/0x2f0
[  327.633693]  ? kmalloc_order_trace+0x1d/0xb0
[  327.633695]  neuron_pci_probe+0x3dd/0x610 [neuron]
[  327.633708]  local_pci_probe+0x4b/0x90
[  327.633711]  pci_call_probe+0x55/0x180
[  327.633715]  pci_device_probe+0x84/0x120
[  327.633718]  really_probe+0x1e4/0x3c0
[  327.633720]  __driver_probe_device+0x12a/0x1b0
[  327.633722]  driver_probe_device+0x23/0xd0
[  327.633724]  __driver_attach+0xc3/0x260
[  327.633727]  ? __device_attach_driver+0x160/0x160
[  327.633729]  bus_for_each_dev+0x83/0xe0
[  327.633732]  driver_attach+0x1e/0x30
[  327.633734]  bus_add_driver+0x187/0x230
[  327.633736]  driver_register+0x95/0x110
[  327.633738]  __pci_register_driver+0x68/0x80
[  327.633741]  neuron_pci_module_init+0x25/0x60 [neuron]
[  327.633754]  neuron_module_init+0xd6/0x1000 [neuron]
[  327.633771]  ? 0xffffffffc089f000
[  327.633773]  do_one_initcall+0x49/0x1f0
[  327.633776]  ? kmem_cache_alloc_trace+0x199/0x2f0
[  327.633780]  do_init_module+0x52/0x220
[  327.633782]  load_module+0xb56/0xd30
[  327.633786]  __do_sys_finit_module+0xcc/0x150
[  327.633789]  ? __do_sys_finit_module+0xcc/0x150
[  327.633792]  __x64_sys_finit_module+0x18/0x30
[  327.633795]  do_syscall_64+0x5c/0x90
[  327.633798]  ? exit_to_user_mode_prepare+0x3b/0xd0
[  327.633800]  ? syscall_exit_to_user_mode+0x2a/0x50
[  327.633803]  ? do_syscall_64+0x69/0x90
[  327.633805]  ? exit_to_user_mode_prepare+0x3b/0xd0
[  327.633807]  ? syscall_exit_to_user_mode+0x2a/0x50
[  327.633810]  ? do_syscall_64+0x69/0x90
[  327.633812]  entry_SYSCALL_64_after_hwframe+0x63/0xcd
[  327.633815] RIP: 0033:0x7fce3fd1e88d
[  327.633818] Code: 5b 41 5c c3 66 0f 1f 84 00 00 00 00 00 f3 0f 1e fa 48 89 f8 48 89 f7 48 89 d6 48 89 ca 4d 89 c2 4d 89 c8 4c 8b 4c 24 08 0f 05 <48> 3d 01 f0 ff ff 73 01 c3 48 8b 0d 73 b5 0f 00 f7 d8 64 89 01 48
[  327.633820] RSP: 002b:00007ffc8a2104b8 EFLAGS: 00000246 ORIG_RAX: 0000000000000139
[  327.633823] RAX: ffffffffffffffda RBX: 0000563e65e9b7b0 RCX: 00007fce3fd1e88d
[  327.633825] RDX: 0000000000000000 RSI: 0000563e6589ccd2 RDI: 0000000000000003
[  327.633827] RBP: 0000000000000000 R08: 0000000000000000 R09: 0000000000000000
[  327.633828] R10: 0000000000000003 R11: 0000000000000246 R12: 0000563e6589ccd2
[  327.633830] R13: 0000563e65e9b760 R14: 0000563e6589b888 R15: 0000563e65e9b8c0
[  327.633833]  </TASK>
[  327.633834] DMA_STACK_END: End of stack trace for dma_free_coherent
[  327.633835] DMA_INSTRUMENT: About to call dma_alloc_coherent from function mp_init_hrm_pool at /home/ubuntu/cda/orginal/aws-neuronx-2.20.28.0/neuron_mempool.c:268
[  327.633837] DMA_STACK_START: Stack trace for dma_alloc_coherent called from mp_init_hrm_pool
[  327.633839] CPU: 1 PID: 1875 Comm: insmod Tainted: G           OE     5.19.0-1024-aws #25~22.04.1-Ubuntu
[  327.633841] Hardware name: Amazon EC2 inf1.xlarge/, BIOS 1.0 10/16/2017
[  327.633842] Call Trace:
[  327.633844]  <TASK>
[  327.633845]  show_stack+0x52/0x69
[  327.633848]  dump_stack_lvl+0x49/0x6d
[  327.633851]  dump_stack+0x10/0x18
[  327.633854]  mpset_constructor+0x268/0xa82 [neuron]
[  327.633872]  ? kmalloc_order+0x6b/0xa0
[  327.633876]  ? kmem_cache_alloc_trace+0x199/0x2f0
[  327.633879]  ? kmalloc_order_trace+0x1d/0xb0
[  327.633882]  neuron_pci_probe+0x3dd/0x610 [neuron]
[  327.633896]  local_pci_probe+0x4b/0x90
[  327.633900]  pci_call_probe+0x55/0x180
[  327.633903]  pci_device_probe+0x84/0x120
[  327.633907]  really_probe+0x1e4/0x3c0
[  327.633910]  __driver_probe_device+0x12a/0x1b0
[  327.633912]  driver_probe_device+0x23/0xd0
[  327.633915]  __driver_attach+0xc3/0x260
[  327.633918]  ? __device_attach_driver+0x160/0x160
[  327.633921]  bus_for_each_dev+0x83/0xe0
[  327.633923]  driver_attach+0x1e/0x30
[  327.633925]  bus_add_driver+0x187/0x230
[  327.633928]  driver_register+0x95/0x110
[  327.633931]  __pci_register_driver+0x68/0x80
[  327.633934]  neuron_pci_module_init+0x25/0x60 [neuron]
[  327.633947]  neuron_module_init+0xd6/0x1000 [neuron]
[  327.633966]  ? 0xffffffffc089f000
[  327.633968]  do_one_initcall+0x49/0x1f0
[  327.633972]  ? kmem_cache_alloc_trace+0x199/0x2f0
[  327.633975]  do_init_module+0x52/0x220
[  327.633978]  load_module+0xb56/0xd30
[  327.633982]  __do_sys_finit_module+0xcc/0x150
[  327.633985]  ? __do_sys_finit_module+0xcc/0x150
[  327.633988]  __x64_sys_finit_module+0x18/0x30
[  327.633991]  do_syscall_64+0x5c/0x90
[  327.633993]  ? exit_to_user_mode_prepare+0x3b/0xd0
[  327.633996]  ? syscall_exit_to_user_mode+0x2a/0x50
[  327.633999]  ? do_syscall_64+0x69/0x90
[  327.634001]  ? exit_to_user_mode_prepare+0x3b/0xd0
[  327.634003]  ? syscall_exit_to_user_mode+0x2a/0x50
[  327.634006]  ? do_syscall_64+0x69/0x90
[  327.634008]  entry_SYSCALL_64_after_hwframe+0x63/0xcd
[  327.634012] RIP: 0033:0x7fce3fd1e88d
[  327.634014] Code: 5b 41 5c c3 66 0f 1f 84 00 00 00 00 00 f3 0f 1e fa 48 89 f8 48 89 f7 48 89 d6 48 89 ca 4d 89 c2 4d 89 c8 4c 8b 4c 24 08 0f 05 <48> 3d 01 f0 ff ff 73 01 c3 48 8b 0d 73 b5 0f 00 f7 d8 64 89 01 48
[  327.634016] RSP: 002b:00007ffc8a2104b8 EFLAGS: 00000246 ORIG_RAX: 0000000000000139
[  327.634019] RAX: ffffffffffffffda RBX: 0000563e65e9b7b0 RCX: 00007fce3fd1e88d
[  327.634020] RDX: 0000000000000000 RSI: 0000563e6589ccd2 RDI: 0000000000000003
[  327.634022] RBP: 0000000000000000 R08: 0000000000000000 R09: 0000000000000000
[  327.634024] R10: 0000000000000003 R11: 0000000000000246 R12: 0000563e6589ccd2
[  327.634026] R13: 0000563e65e9b760 R14: 0000563e6589b888 R15: 0000563e65e9b8c0
[  327.634029]  </TASK>
[  327.634030] DMA_STACK_END: End of stack trace for dma_alloc_coherent
[  327.634276] DMA_INSTRUMENT: About to call dma_free_coherent from function mp_init_hrm_pool at /home/ubuntu/cda/orginal/aws-neuronx-2.20.28.0/neuron_mempool.c:279
[  327.634278] DMA_STACK_START: Stack trace for dma_free_coherent called from mp_init_hrm_pool
[  327.634279] CPU: 1 PID: 1875 Comm: insmod Tainted: G           OE     5.19.0-1024-aws #25~22.04.1-Ubuntu
[  327.634281] Hardware name: Amazon EC2 inf1.xlarge/, BIOS 1.0 10/16/2017
[  327.634282] Call Trace:
[  327.634283]  <TASK>
[  327.634285]  show_stack+0x52/0x69
[  327.634288]  dump_stack_lvl+0x49/0x6d
[  327.634291]  dump_stack+0x10/0x18
[  327.634293]  mpset_constructor+0x322/0xa82 [neuron]
[  327.634320]  ? kmalloc_order+0x6b/0xa0
[  327.634323]  ? kmem_cache_alloc_trace+0x199/0x2f0
[  327.634327]  ? kmalloc_order_trace+0x1d/0xb0
[  327.634329]  neuron_pci_probe+0x3dd/0x610 [neuron]
[  327.634343]  local_pci_probe+0x4b/0x90
[  327.634347]  pci_call_probe+0x55/0x180
[  327.634350]  pci_device_probe+0x84/0x120
[  327.634353]  really_probe+0x1e4/0x3c0
[  327.634356]  __driver_probe_device+0x12a/0x1b0
[  327.634359]  driver_probe_device+0x23/0xd0
[  327.634361]  __driver_attach+0xc3/0x260
[  327.634364]  ? __device_attach_driver+0x160/0x160
[  327.634366]  bus_for_each_dev+0x83/0xe0
[  327.634368]  driver_attach+0x1e/0x30
[  327.634370]  bus_add_driver+0x187/0x230
[  327.634373]  driver_register+0x95/0x110
[  327.634375]  __pci_register_driver+0x68/0x80
[  327.634378]  neuron_pci_module_init+0x25/0x60 [neuron]
[  327.634391]  neuron_module_init+0xd6/0x1000 [neuron]
[  327.634408]  ? 0xffffffffc089f000
[  327.634411]  do_one_initcall+0x49/0x1f0
[  327.634414]  ? kmem_cache_alloc_trace+0x199/0x2f0
[  327.634418]  do_init_module+0x52/0x220
[  327.634421]  load_module+0xb56/0xd30
[  327.634425]  __do_sys_finit_module+0xcc/0x150
[  327.634427]  ? __do_sys_finit_module+0xcc/0x150
[  327.634431]  __x64_sys_finit_module+0x18/0x30
[  327.634433]  do_syscall_64+0x5c/0x90
[  327.634435]  ? exit_to_user_mode_prepare+0x3b/0xd0
[  327.634437]  ? syscall_exit_to_user_mode+0x2a/0x50
[  327.634440]  ? do_syscall_64+0x69/0x90
[  327.634442]  ? exit_to_user_mode_prepare+0x3b/0xd0
[  327.634444]  ? syscall_exit_to_user_mode+0x2a/0x50
[  327.634447]  ? do_syscall_64+0x69/0x90
[  327.634449]  entry_SYSCALL_64_after_hwframe+0x63/0xcd
[  327.634452] RIP: 0033:0x7fce3fd1e88d
[  327.634454] Code: 5b 41 5c c3 66 0f 1f 84 00 00 00 00 00 f3 0f 1e fa 48 89 f8 48 89 f7 48 89 d6 48 89 ca 4d 89 c2 4d 89 c8 4c 8b 4c 24 08 0f 05 <48> 3d 01 f0 ff ff 73 01 c3 48 8b 0d 73 b5 0f 00 f7 d8 64 89 01 48
[  327.634456] RSP: 002b:00007ffc8a2104b8 EFLAGS: 00000246 ORIG_RAX: 0000000000000139
[  327.634459] RAX: ffffffffffffffda RBX: 0000563e65e9b7b0 RCX: 00007fce3fd1e88d
[  327.634460] RDX: 0000000000000000 RSI: 0000563e6589ccd2 RDI: 0000000000000003
[  327.634462] RBP: 0000000000000000 R08: 0000000000000000 R09: 0000000000000000
[  327.634463] R10: 0000000000000003 R11: 0000000000000246 R12: 0000563e6589ccd2
[  327.634464] R13: 0000563e65e9b760 R14: 0000563e6589b888 R15: 0000563e65e9b8c0
[  327.634467]  </TASK>
[  327.634468] DMA_STACK_END: End of stack trace for dma_free_coherent
[  327.634469] DMA_INSTRUMENT: About to call dma_alloc_coherent from function mp_init_hrm_pool at /home/ubuntu/cda/orginal/aws-neuronx-2.20.28.0/neuron_mempool.c:268
[  327.634471] DMA_STACK_START: Stack trace for dma_alloc_coherent called from mp_init_hrm_pool
[  327.634472] CPU: 1 PID: 1875 Comm: insmod Tainted: G           OE     5.19.0-1024-aws #25~22.04.1-Ubuntu
[  327.634474] Hardware name: Amazon EC2 inf1.xlarge/, BIOS 1.0 10/16/2017
[  327.634475] Call Trace:
[  327.634476]  <TASK>
[  327.634477]  show_stack+0x52/0x69
[  327.634479]  dump_stack_lvl+0x49/0x6d
[  327.634482]  dump_stack+0x10/0x18
[  327.634484]  mpset_constructor+0x268/0xa82 [neuron]
[  327.634500]  ? kmalloc_order+0x6b/0xa0
[  327.634503]  ? kmem_cache_alloc_trace+0x199/0x2f0
[  327.634506]  ? kmalloc_order_trace+0x1d/0xb0
[  327.634508]  neuron_pci_probe+0x3dd/0x610 [neuron]
[  327.634521]  local_pci_probe+0x4b/0x90
[  327.634524]  pci_call_probe+0x55/0x180
[  327.634527]  pci_device_probe+0x84/0x120
[  327.634534]  really_probe+0x1e4/0x3c0
[  327.634537]  __driver_probe_device+0x12a/0x1b0
[  327.634539]  driver_probe_device+0x23/0xd0
[  327.634541]  __driver_attach+0xc3/0x260
[  327.634543]  ? __device_attach_driver+0x160/0x160
[  327.634546]  bus_for_each_dev+0x83/0xe0
[  327.634548]  driver_attach+0x1e/0x30
[  327.634550]  bus_add_driver+0x187/0x230
[  327.634552]  driver_register+0x95/0x110
[  327.634554]  __pci_register_driver+0x68/0x80
[  327.634557]  neuron_pci_module_init+0x25/0x60 [neuron]
[  327.634568]  neuron_module_init+0xd6/0x1000 [neuron]
[  327.634584]  ? 0xffffffffc089f000
[  327.634585]  do_one_initcall+0x49/0x1f0
[  327.634588]  ? kmem_cache_alloc_trace+0x199/0x2f0
[  327.634591]  do_init_module+0x52/0x220
[  327.634593]  load_module+0xb56/0xd30
[  327.634596]  __do_sys_finit_module+0xcc/0x150
[  327.634598]  ? __do_sys_finit_module+0xcc/0x150
[  327.634601]  __x64_sys_finit_module+0x18/0x30
[  327.634603]  do_syscall_64+0x5c/0x90
[  327.634605]  ? exit_to_user_mode_prepare+0x3b/0xd0
[  327.634607]  ? syscall_exit_to_user_mode+0x2a/0x50
[  327.634609]  ? do_syscall_64+0x69/0x90
[  327.634611]  ? exit_to_user_mode_prepare+0x3b/0xd0
[  327.634613]  ? syscall_exit_to_user_mode+0x2a/0x50
[  327.634615]  ? do_syscall_64+0x69/0x90
[  327.634617]  entry_SYSCALL_64_after_hwframe+0x63/0xcd
[  327.634620] RIP: 0033:0x7fce3fd1e88d
[  327.634622] Code: 5b 41 5c c3 66 0f 1f 84 00 00 00 00 00 f3 0f 1e fa 48 89 f8 48 89 f7 48 89 d6 48 89 ca 4d 89 c2 4d 89 c8 4c 8b 4c 24 08 0f 05 <48> 3d 01 f0 ff ff 73 01 c3 48 8b 0d 73 b5 0f 00 f7 d8 64 89 01 48
[  327.634624] RSP: 002b:00007ffc8a2104b8 EFLAGS: 00000246 ORIG_RAX: 0000000000000139
[  327.634626] RAX: ffffffffffffffda RBX: 0000563e65e9b7b0 RCX: 00007fce3fd1e88d
[  327.634627] RDX: 0000000000000000 RSI: 0000563e6589ccd2 RDI: 0000000000000003
[  327.634629] RBP: 0000000000000000 R08: 0000000000000000 R09: 0000000000000000
[  327.634630] R10: 0000000000000003 R11: 0000000000000246 R12: 0000563e6589ccd2
[  327.634631] R13: 0000563e65e9b760 R14: 0000563e6589b888 R15: 0000563e65e9b8c0
[  327.634634]  </TASK>
[  327.634651] DMA_STACK_END: End of stack trace for dma_alloc_coherent
[  327.634924] DMA_INSTRUMENT: About to call dma_free_coherent from function mp_init_hrm_pool at /home/ubuntu/cda/orginal/aws-neuronx-2.20.28.0/neuron_mempool.c:279
[  327.634927] DMA_STACK_START: Stack trace for dma_free_coherent called from mp_init_hrm_pool
[  327.634929] CPU: 1 PID: 1875 Comm: insmod Tainted: G           OE     5.19.0-1024-aws #25~22.04.1-Ubuntu
[  327.634932] Hardware name: Amazon EC2 inf1.xlarge/, BIOS 1.0 10/16/2017
[  327.634933] Call Trace:
[  327.634935]  <TASK>
[  327.634937]  show_stack+0x52/0x69
[  327.634941]  dump_stack_lvl+0x49/0x6d
[  327.634945]  dump_stack+0x10/0x18
[  327.634947]  mpset_constructor+0x322/0xa82 [neuron]
[  327.634966]  ? kmalloc_order+0x6b/0xa0
[  327.634969]  ? kmem_cache_alloc_trace+0x199/0x2f0
[  327.634973]  ? kmalloc_order_trace+0x1d/0xb0
[  327.634976]  neuron_pci_probe+0x3dd/0x610 [neuron]
[  327.634991]  local_pci_probe+0x4b/0x90
[  327.634995]  pci_call_probe+0x55/0x180
[  327.634999]  pci_device_probe+0x84/0x120
[  327.635002]  really_probe+0x1e4/0x3c0
[  327.635005]  __driver_probe_device+0x12a/0x1b0
[  327.635007]  driver_probe_device+0x23/0xd0
[  327.635009]  __driver_attach+0xc3/0x260
[  327.635012]  ? __device_attach_driver+0x160/0x160
[  327.635015]  bus_for_each_dev+0x83/0xe0
[  327.635017]  driver_attach+0x1e/0x30
[  327.635018]  bus_add_driver+0x187/0x230
[  327.635021]  driver_register+0x95/0x110
[  327.635023]  __pci_register_driver+0x68/0x80
[  327.635026]  neuron_pci_module_init+0x25/0x60 [neuron]
[  327.635040]  neuron_module_init+0xd6/0x1000 [neuron]
[  327.635055]  ? 0xffffffffc089f000
[  327.635058]  do_one_initcall+0x49/0x1f0
[  327.635061]  ? kmem_cache_alloc_trace+0x199/0x2f0
[  327.635064]  do_init_module+0x52/0x220
[  327.635067]  load_module+0xb56/0xd30
[  327.635071]  __do_sys_finit_module+0xcc/0x150
[  327.635074]  ? __do_sys_finit_module+0xcc/0x150
[  327.635077]  __x64_sys_finit_module+0x18/0x30
[  327.635079]  do_syscall_64+0x5c/0x90
[  327.635082]  ? exit_to_user_mode_prepare+0x3b/0xd0
[  327.635084]  ? syscall_exit_to_user_mode+0x2a/0x50
[  327.635087]  ? do_syscall_64+0x69/0x90
[  327.635089]  ? exit_to_user_mode_prepare+0x3b/0xd0
[  327.635090]  ? syscall_exit_to_user_mode+0x2a/0x50
[  327.635093]  ? do_syscall_64+0x69/0x90
[  327.635095]  entry_SYSCALL_64_after_hwframe+0x63/0xcd
[  327.635099] RIP: 0033:0x7fce3fd1e88d
[  327.635101] Code: 5b 41 5c c3 66 0f 1f 84 00 00 00 00 00 f3 0f 1e fa 48 89 f8 48 89 f7 48 89 d6 48 89 ca 4d 89 c2 4d 89 c8 4c 8b 4c 24 08 0f 05 <48> 3d 01 f0 ff ff 73 01 c3 48 8b 0d 73 b5 0f 00 f7 d8 64 89 01 48
[  327.635102] RSP: 002b:00007ffc8a2104b8 EFLAGS: 00000246 ORIG_RAX: 0000000000000139
[  327.635105] RAX: ffffffffffffffda RBX: 0000563e65e9b7b0 RCX: 00007fce3fd1e88d
[  327.635107] RDX: 0000000000000000 RSI: 0000563e6589ccd2 RDI: 0000000000000003
[  327.635109] RBP: 0000000000000000 R08: 0000000000000000 R09: 0000000000000000
[  327.635111] R10: 0000000000000003 R11: 0000000000000246 R12: 0000563e6589ccd2
[  327.635113] R13: 0000563e65e9b760 R14: 0000563e6589b888 R15: 0000563e65e9b8c0
[  327.635116]  </TASK>
[  327.635117] DMA_STACK_END: End of stack trace for dma_free_coherent
[  327.635118] DMA_INSTRUMENT: About to call dma_alloc_coherent from function mp_init_hrm_pool at /home/ubuntu/cda/orginal/aws-neuronx-2.20.28.0/neuron_mempool.c:268
[  327.635120] DMA_STACK_START: Stack trace for dma_alloc_coherent called from mp_init_hrm_pool
[  327.635122] CPU: 1 PID: 1875 Comm: insmod Tainted: G           OE     5.19.0-1024-aws #25~22.04.1-Ubuntu
[  327.635124] Hardware name: Amazon EC2 inf1.xlarge/, BIOS 1.0 10/16/2017
[  327.635126] Call Trace:
[  327.635127]  <TASK>
[  327.635128]  show_stack+0x52/0x69
[  327.635132]  dump_stack_lvl+0x49/0x6d
[  327.635135]  dump_stack+0x10/0x18
[  327.635138]  mpset_constructor+0x268/0xa82 [neuron]
[  327.635156]  ? kmalloc_order+0x6b/0xa0
[  327.635159]  ? kmem_cache_alloc_trace+0x199/0x2f0
[  327.635162]  ? kmalloc_order_trace+0x1d/0xb0
[  327.635164]  neuron_pci_probe+0x3dd/0x610 [neuron]
[  327.635178]  local_pci_probe+0x4b/0x90
[  327.635181]  pci_call_probe+0x55/0x180
[  327.635184]  pci_device_probe+0x84/0x120
[  327.635187]  really_probe+0x1e4/0x3c0
[  327.635190]  __driver_probe_device+0x12a/0x1b0
[  327.635193]  driver_probe_device+0x23/0xd0
[  327.635195]  __driver_attach+0xc3/0x260
[  327.635197]  ? __device_attach_driver+0x160/0x160
[  327.635199]  bus_for_each_dev+0x83/0xe0
[  327.635202]  driver_attach+0x1e/0x30
[  327.635205]  bus_add_driver+0x187/0x230
[  327.635208]  driver_register+0x95/0x110
[  327.635211]  __pci_register_driver+0x68/0x80
[  327.635214]  neuron_pci_module_init+0x25/0x60 [neuron]
[  327.635227]  neuron_module_init+0xd6/0x1000 [neuron]
[  327.635246]  ? 0xffffffffc089f000
[  327.635249]  do_one_initcall+0x49/0x1f0
[  327.635252]  ? kmem_cache_alloc_trace+0x199/0x2f0
[  327.635256]  do_init_module+0x52/0x220
[  327.635259]  load_module+0xb56/0xd30
[  327.635263]  __do_sys_finit_module+0xcc/0x150
[  327.635265]  ? __do_sys_finit_module+0xcc/0x150
[  327.635268]  __x64_sys_finit_module+0x18/0x30
[  327.635271]  do_syscall_64+0x5c/0x90
[  327.635273]  ? exit_to_user_mode_prepare+0x3b/0xd0
[  327.635275]  ? syscall_exit_to_user_mode+0x2a/0x50
[  327.635279]  ? do_syscall_64+0x69/0x90
[  327.635281]  ? exit_to_user_mode_prepare+0x3b/0xd0
[  327.635283]  ? syscall_exit_to_user_mode+0x2a/0x50
[  327.635286]  ? do_syscall_64+0x69/0x90
[  327.635288]  entry_SYSCALL_64_after_hwframe+0x63/0xcd
[  327.635292] RIP: 0033:0x7fce3fd1e88d
[  327.635294] Code: 5b 41 5c c3 66 0f 1f 84 00 00 00 00 00 f3 0f 1e fa 48 89 f8 48 89 f7 48 89 d6 48 89 ca 4d 89 c2 4d 89 c8 4c 8b 4c 24 08 0f 05 <48> 3d 01 f0 ff ff 73 01 c3 48 8b 0d 73 b5 0f 00 f7 d8 64 89 01 48
[  327.635296] RSP: 002b:00007ffc8a2104b8 EFLAGS: 00000246 ORIG_RAX: 0000000000000139
[  327.635299] RAX: ffffffffffffffda RBX: 0000563e65e9b7b0 RCX: 00007fce3fd1e88d
[  327.635301] RDX: 0000000000000000 RSI: 0000563e6589ccd2 RDI: 0000000000000003
[  327.635302] RBP: 0000000000000000 R08: 0000000000000000 R09: 0000000000000000
[  327.635304] R10: 0000000000000003 R11: 0000000000000246 R12: 0000563e6589ccd2
[  327.635305] R13: 0000563e65e9b760 R14: 0000563e6589b888 R15: 0000563e65e9b8c0
[  327.635308]  </TASK>
[  327.635310] DMA_STACK_END: End of stack trace for dma_alloc_coherent
[  327.640788] DMA_INSTRUMENT: About to call dma_free_coherent from function mp_init_hrm_pool at /home/ubuntu/cda/orginal/aws-neuronx-2.20.28.0/neuron_mempool.c:279
[  327.640791] DMA_STACK_START: Stack trace for dma_free_coherent called from mp_init_hrm_pool
[  327.640794] CPU: 0 PID: 1875 Comm: insmod Tainted: G           OE     5.19.0-1024-aws #25~22.04.1-Ubuntu
[  327.640797] Hardware name: Amazon EC2 inf1.xlarge/, BIOS 1.0 10/16/2017
[  327.640799] Call Trace:
[  327.640800]  <TASK>
[  327.640802]  show_stack+0x52/0x69
[  327.640808]  dump_stack_lvl+0x49/0x6d
[  327.640812]  dump_stack+0x10/0x18
[  327.640816]  mpset_constructor+0x322/0xa82 [neuron]
[  327.640837]  ? kmalloc_order+0x6b/0xa0
[  327.640841]  ? kmem_cache_alloc_trace+0x199/0x2f0
[  327.640845]  ? kmalloc_order_trace+0x1d/0xb0
[  327.640848]  neuron_pci_probe+0x3dd/0x610 [neuron]
[  327.640865]  local_pci_probe+0x4b/0x90
[  327.640869]  pci_call_probe+0x55/0x180
[  327.640873]  pci_device_probe+0x84/0x120
[  327.640876]  really_probe+0x1e4/0x3c0
[  327.640879]  __driver_probe_device+0x12a/0x1b0
[  327.640881]  driver_probe_device+0x23/0xd0
[  327.640884]  __driver_attach+0xc3/0x260
[  327.640886]  ? __device_attach_driver+0x160/0x160
[  327.640888]  bus_for_each_dev+0x83/0xe0
[  327.640890]  driver_attach+0x1e/0x30
[  327.640892]  bus_add_driver+0x187/0x230
[  327.640894]  driver_register+0x95/0x110
[  327.640897]  __pci_register_driver+0x68/0x80
[  327.640899]  neuron_pci_module_init+0x25/0x60 [neuron]
[  327.640912]  neuron_module_init+0xd6/0x1000 [neuron]
[  327.640929]  ? 0xffffffffc089f000
[  327.640932]  do_one_initcall+0x49/0x1f0
[  327.640936]  ? kmem_cache_alloc_trace+0x199/0x2f0
[  327.640939]  do_init_module+0x52/0x220
[  327.640942]  load_module+0xb56/0xd30
[  327.640945]  __do_sys_finit_module+0xcc/0x150
[  327.640948]  ? __do_sys_finit_module+0xcc/0x150
[  327.640952]  __x64_sys_finit_module+0x18/0x30
[  327.640955]  do_syscall_64+0x5c/0x90
[  327.640957]  ? exit_to_user_mode_prepare+0x3b/0xd0
[  327.640960]  ? syscall_exit_to_user_mode+0x2a/0x50
[  327.640963]  ? do_syscall_64+0x69/0x90
[  327.640965]  ? exit_to_user_mode_prepare+0x3b/0xd0
[  327.640967]  ? syscall_exit_to_user_mode+0x2a/0x50
[  327.640970]  ? do_syscall_64+0x69/0x90
[  327.640972]  entry_SYSCALL_64_after_hwframe+0x63/0xcd
[  327.640976] RIP: 0033:0x7fce3fd1e88d
[  327.640978] Code: 5b 41 5c c3 66 0f 1f 84 00 00 00 00 00 f3 0f 1e fa 48 89 f8 48 89 f7 48 89 d6 48 89 ca 4d 89 c2 4d 89 c8 4c 8b 4c 24 08 0f 05 <48> 3d 01 f0 ff ff 73 01 c3 48 8b 0d 73 b5 0f 00 f7 d8 64 89 01 48
[  327.640981] RSP: 002b:00007ffc8a2104b8 EFLAGS: 00000246 ORIG_RAX: 0000000000000139
[  327.640984] RAX: ffffffffffffffda RBX: 0000563e65e9b7b0 RCX: 00007fce3fd1e88d
[  327.640986] RDX: 0000000000000000 RSI: 0000563e6589ccd2 RDI: 0000000000000003
[  327.640988] RBP: 0000000000000000 R08: 0000000000000000 R09: 0000000000000000
[  327.640990] R10: 0000000000000003 R11: 0000000000000246 R12: 0000563e6589ccd2
[  327.640992] R13: 0000563e65e9b760 R14: 0000563e6589b888 R15: 0000563e65e9b8c0
[  327.640995]  </TASK>
[  327.640996] DMA_STACK_END: End of stack trace for dma_free_coherent
[  327.640997] DMA_INSTRUMENT: About to call dma_alloc_coherent from function mp_init_hrm_pool at /home/ubuntu/cda/orginal/aws-neuronx-2.20.28.0/neuron_mempool.c:268
[  327.640999] DMA_STACK_START: Stack trace for dma_alloc_coherent called from mp_init_hrm_pool
[  327.641000] CPU: 0 PID: 1875 Comm: insmod Tainted: G           OE     5.19.0-1024-aws #25~22.04.1-Ubuntu
[  327.641003] Hardware name: Amazon EC2 inf1.xlarge/, BIOS 1.0 10/16/2017
[  327.641005] Call Trace:
[  327.641006]  <TASK>
[  327.641007]  show_stack+0x52/0x69
[  327.641010]  dump_stack_lvl+0x49/0x6d
[  327.641013]  dump_stack+0x10/0x18
[  327.641016]  mpset_constructor+0x268/0xa82 [neuron]
[  327.641035]  ? kmalloc_order+0x6b/0xa0
[  327.641039]  ? kmem_cache_alloc_trace+0x199/0x2f0
[  327.641042]  ? kmalloc_order_trace+0x1d/0xb0
[  327.641044]  neuron_pci_probe+0x3dd/0x610 [neuron]
[  327.641059]  local_pci_probe+0x4b/0x90
[  327.641063]  pci_call_probe+0x55/0x180
[  327.641066]  pci_device_probe+0x84/0x120
[  327.641070]  really_probe+0x1e4/0x3c0
[  327.641073]  __driver_probe_device+0x12a/0x1b0
[  327.641076]  driver_probe_device+0x23/0xd0
[  327.641078]  __driver_attach+0xc3/0x260
[  327.641081]  ? __device_attach_driver+0x160/0x160
[  327.641084]  bus_for_each_dev+0x83/0xe0
[  327.641086]  driver_attach+0x1e/0x30
[  327.641088]  bus_add_driver+0x187/0x230
[  327.641091]  driver_register+0x95/0x110
[  327.641094]  __pci_register_driver+0x68/0x80
[  327.641097]  neuron_pci_module_init+0x25/0x60 [neuron]
[  327.641110]  neuron_module_init+0xd6/0x1000 [neuron]
[  327.641129]  ? 0xffffffffc089f000
[  327.641131]  do_one_initcall+0x49/0x1f0
[  327.641135]  ? kmem_cache_alloc_trace+0x199/0x2f0
[  327.641138]  do_init_module+0x52/0x220
[  327.641141]  load_module+0xb56/0xd30
[  327.641144]  __do_sys_finit_module+0xcc/0x150
[  327.641147]  ? __do_sys_finit_module+0xcc/0x150
[  327.641150]  __x64_sys_finit_module+0x18/0x30
[  327.641153]  do_syscall_64+0x5c/0x90
[  327.641155]  ? exit_to_user_mode_prepare+0x3b/0xd0
[  327.641158]  ? syscall_exit_to_user_mode+0x2a/0x50
[  327.641161]  ? do_syscall_64+0x69/0x90
[  327.641163]  ? exit_to_user_mode_prepare+0x3b/0xd0
[  327.641165]  ? syscall_exit_to_user_mode+0x2a/0x50
[  327.641168]  ? do_syscall_64+0x69/0x90
[  327.641170]  entry_SYSCALL_64_after_hwframe+0x63/0xcd
[  327.641174] RIP: 0033:0x7fce3fd1e88d
[  327.641176] Code: 5b 41 5c c3 66 0f 1f 84 00 00 00 00 00 f3 0f 1e fa 48 89 f8 48 89 f7 48 89 d6 48 89 ca 4d 89 c2 4d 89 c8 4c 8b 4c 24 08 0f 05 <48> 3d 01 f0 ff ff 73 01 c3 48 8b 0d 73 b5 0f 00 f7 d8 64 89 01 48
[  327.641178] RSP: 002b:00007ffc8a2104b8 EFLAGS: 00000246 ORIG_RAX: 0000000000000139
[  327.641181] RAX: ffffffffffffffda RBX: 0000563e65e9b7b0 RCX: 00007fce3fd1e88d
[  327.641183] RDX: 0000000000000000 RSI: 0000563e6589ccd2 RDI: 0000000000000003
[  327.641185] RBP: 0000000000000000 R08: 0000000000000000 R09: 0000000000000000
[  327.641187] R10: 0000000000000003 R11: 0000000000000246 R12: 0000563e6589ccd2
[  327.641188] R13: 0000563e65e9b760 R14: 0000563e6589b888 R15: 0000563e65e9b8c0
[  327.641190]  </TASK>
[  327.641191] DMA_STACK_END: End of stack trace for dma_alloc_coherent
[  327.641457] DMA_INSTRUMENT: About to call dma_free_coherent from function mp_init_hrm_pool at /home/ubuntu/cda/orginal/aws-neuronx-2.20.28.0/neuron_mempool.c:279
[  327.641459] DMA_STACK_START: Stack trace for dma_free_coherent called from mp_init_hrm_pool
[  327.641461] CPU: 0 PID: 1875 Comm: insmod Tainted: G           OE     5.19.0-1024-aws #25~22.04.1-Ubuntu
[  327.641464] Hardware name: Amazon EC2 inf1.xlarge/, BIOS 1.0 10/16/2017
[  327.641466] Call Trace:
[  327.641467]  <TASK>
[  327.641468]  show_stack+0x52/0x69
[  327.641472]  dump_stack_lvl+0x49/0x6d
[  327.641476]  dump_stack+0x10/0x18
[  327.641479]  mpset_constructor+0x322/0xa82 [neuron]
[  327.641499]  ? kmalloc_order+0x6b/0xa0
[  327.641503]  ? kmem_cache_alloc_trace+0x199/0x2f0
[  327.641506]  ? kmalloc_order_trace+0x1d/0xb0
[  327.641509]  neuron_pci_probe+0x3dd/0x610 [neuron]
[  327.641525]  local_pci_probe+0x4b/0x90
[  327.641528]  pci_call_probe+0x55/0x180
[  327.641532]  pci_device_probe+0x84/0x120
[  327.641535]  really_probe+0x1e4/0x3c0
[  327.641538]  __driver_probe_device+0x12a/0x1b0
[  327.641541]  driver_probe_device+0x23/0xd0
[  327.641544]  __driver_attach+0xc3/0x260
[  327.641546]  ? __device_attach_driver+0x160/0x160
[  327.641549]  bus_for_each_dev+0x83/0xe0
[  327.641552]  driver_attach+0x1e/0x30
[  327.641554]  bus_add_driver+0x187/0x230
[  327.641557]  driver_register+0x95/0x110
[  327.641559]  __pci_register_driver+0x68/0x80
[  327.641563]  neuron_pci_module_init+0x25/0x60 [neuron]
[  327.641576]  neuron_module_init+0xd6/0x1000 [neuron]
[  327.641594]  ? 0xffffffffc089f000
[  327.641597]  do_one_initcall+0x49/0x1f0
[  327.641600]  ? kmem_cache_alloc_trace+0x199/0x2f0
[  327.641604]  do_init_module+0x52/0x220
[  327.641607]  load_module+0xb56/0xd30
[  327.641610]  __do_sys_finit_module+0xcc/0x150
[  327.641613]  ? __do_sys_finit_module+0xcc/0x150
[  327.641616]  __x64_sys_finit_module+0x18/0x30
[  327.641618]  do_syscall_64+0x5c/0x90
[  327.641621]  ? exit_to_user_mode_prepare+0x3b/0xd0
[  327.641623]  ? syscall_exit_to_user_mode+0x2a/0x50
[  327.641626]  ? do_syscall_64+0x69/0x90
[  327.641628]  ? exit_to_user_mode_prepare+0x3b/0xd0
[  327.641630]  ? syscall_exit_to_user_mode+0x2a/0x50
[  327.641633]  ? do_syscall_64+0x69/0x90
[  327.641635]  entry_SYSCALL_64_after_hwframe+0x63/0xcd
[  327.641639] RIP: 0033:0x7fce3fd1e88d
[  327.641641] Code: 5b 41 5c c3 66 0f 1f 84 00 00 00 00 00 f3 0f 1e fa 48 89 f8 48 89 f7 48 89 d6 48 89 ca 4d 89 c2 4d 89 c8 4c 8b 4c 24 08 0f 05 <48> 3d 01 f0 ff ff 73 01 c3 48 8b 0d 73 b5 0f 00 f7 d8 64 89 01 48
[  327.641644] RSP: 002b:00007ffc8a2104b8 EFLAGS: 00000246 ORIG_RAX: 0000000000000139
[  327.641647] RAX: ffffffffffffffda RBX: 0000563e65e9b7b0 RCX: 00007fce3fd1e88d
[  327.641649] RDX: 0000000000000000 RSI: 0000563e6589ccd2 RDI: 0000000000000003
[  327.641651] RBP: 0000000000000000 R08: 0000000000000000 R09: 0000000000000000
[  327.641652] R10: 0000000000000003 R11: 0000000000000246 R12: 0000563e6589ccd2
[  327.641654] R13: 0000563e65e9b760 R14: 0000563e6589b888 R15: 0000563e65e9b8c0
[  327.641657]  </TASK>
[  327.641658] DMA_STACK_END: End of stack trace for dma_free_coherent
[  327.641659] DMA_INSTRUMENT: About to call dma_alloc_coherent from function mp_init_hrm_pool at /home/ubuntu/cda/orginal/aws-neuronx-2.20.28.0/neuron_mempool.c:268
[  327.641661] DMA_STACK_START: Stack trace for dma_alloc_coherent called from mp_init_hrm_pool
[  327.641663] CPU: 0 PID: 1875 Comm: insmod Tainted: G           OE     5.19.0-1024-aws #25~22.04.1-Ubuntu
[  327.641666] Hardware name: Amazon EC2 inf1.xlarge/, BIOS 1.0 10/16/2017
[  327.641667] Call Trace:
[  327.641668]  <TASK>
[  327.641669]  show_stack+0x52/0x69
[  327.641673]  dump_stack_lvl+0x49/0x6d
[  327.641676]  dump_stack+0x10/0x18
[  327.641678]  mpset_constructor+0x268/0xa82 [neuron]
[  327.641698]  ? kmalloc_order+0x6b/0xa0
[  327.641701]  ? kmem_cache_alloc_trace+0x199/0x2f0
[  327.641704]  ? kmalloc_order_trace+0x1d/0xb0
[  327.641707]  neuron_pci_probe+0x3dd/0x610 [neuron]
[  327.641722]  local_pci_probe+0x4b/0x90
[  327.641726]  pci_call_probe+0x55/0x180
[  327.641729]  pci_device_probe+0x84/0x120
[  327.641733]  really_probe+0x1e4/0x3c0
[  327.641736]  __driver_probe_device+0x12a/0x1b0
[  327.641738]  driver_probe_device+0x23/0xd0
[  327.641741]  __driver_attach+0xc3/0x260
[  327.641744]  ? __device_attach_driver+0x160/0x160
[  327.641747]  bus_for_each_dev+0x83/0xe0
[  327.641749]  driver_attach+0x1e/0x30
[  327.641752]  bus_add_driver+0x187/0x230
[  327.641754]  driver_register+0x95/0x110
[  327.641757]  __pci_register_driver+0x68/0x80
[  327.641760]  neuron_pci_module_init+0x25/0x60 [neuron]
[  327.641774]  neuron_module_init+0xd6/0x1000 [neuron]
[  327.641792]  ? 0xffffffffc089f000
[  327.641794]  do_one_initcall+0x49/0x1f0
[  327.641798]  ? kmem_cache_alloc_trace+0x199/0x2f0
[  327.641801]  do_init_module+0x52/0x220
[  327.641804]  load_module+0xb56/0xd30
[  327.641808]  __do_sys_finit_module+0xcc/0x150
[  327.641811]  ? __do_sys_finit_module+0xcc/0x150
[  327.641814]  __x64_sys_finit_module+0x18/0x30
[  327.641817]  do_syscall_64+0x5c/0x90
[  327.641819]  ? exit_to_user_mode_prepare+0x3b/0xd0
[  327.641821]  ? syscall_exit_to_user_mode+0x2a/0x50
[  327.641824]  ? do_syscall_64+0x69/0x90
[  327.641827]  ? exit_to_user_mode_prepare+0x3b/0xd0
[  327.641829]  ? syscall_exit_to_user_mode+0x2a/0x50
[  327.641831]  ? do_syscall_64+0x69/0x90
[  327.641834]  entry_SYSCALL_64_after_hwframe+0x63/0xcd
[  327.641837] RIP: 0033:0x7fce3fd1e88d
[  327.641839] Code: 5b 41 5c c3 66 0f 1f 84 00 00 00 00 00 f3 0f 1e fa 48 89 f8 48 89 f7 48 89 d6 48 89 ca 4d 89 c2 4d 89 c8 4c 8b 4c 24 08 0f 05 <48> 3d 01 f0 ff ff 73 01 c3 48 8b 0d 73 b5 0f 00 f7 d8 64 89 01 48
[  327.641841] RSP: 002b:00007ffc8a2104b8 EFLAGS: 00000246 ORIG_RAX: 0000000000000139
[  327.641844] RAX: ffffffffffffffda RBX: 0000563e65e9b7b0 RCX: 00007fce3fd1e88d
[  327.641847] RDX: 0000000000000000 RSI: 0000563e6589ccd2 RDI: 0000000000000003
[  327.641848] RBP: 0000000000000000 R08: 0000000000000000 R09: 0000000000000000
[  327.641850] R10: 0000000000000003 R11: 0000000000000246 R12: 0000563e6589ccd2
[  327.641852] R13: 0000563e65e9b760 R14: 0000563e6589b888 R15: 0000563e65e9b8c0
[  327.641855]  </TASK>
[  327.641856] DMA_STACK_END: End of stack trace for dma_alloc_coherent
[  327.642107] DMA_INSTRUMENT: About to call dma_free_coherent from function mp_init_hrm_pool at /home/ubuntu/cda/orginal/aws-neuronx-2.20.28.0/neuron_mempool.c:279
[  327.642110] DMA_STACK_START: Stack trace for dma_free_coherent called from mp_init_hrm_pool
[  327.642111] CPU: 0 PID: 1875 Comm: insmod Tainted: G           OE     5.19.0-1024-aws #25~22.04.1-Ubuntu
[  327.642114] Hardware name: Amazon EC2 inf1.xlarge/, BIOS 1.0 10/16/2017
[  327.642116] Call Trace:
[  327.642117]  <TASK>
[  327.642118]  show_stack+0x52/0x69
[  327.642121]  dump_stack_lvl+0x49/0x6d
[  327.642124]  dump_stack+0x10/0x18
[  327.642126]  mpset_constructor+0x322/0xa82 [neuron]
[  327.642148]  ? kmalloc_order+0x6b/0xa0
[  327.642151]  ? kmem_cache_alloc_trace+0x199/0x2f0
[  327.642154]  ? kmalloc_order_trace+0x1d/0xb0
[  327.642157]  neuron_pci_probe+0x3dd/0x610 [neuron]
[  327.642173]  local_pci_probe+0x4b/0x90
[  327.642177]  pci_call_probe+0x55/0x180
[  327.642181]  pci_device_probe+0x84/0x120
[  327.642184]  really_probe+0x1e4/0x3c0
[  327.642187]  __driver_probe_device+0x12a/0x1b0
[  327.642190]  driver_probe_device+0x23/0xd0
[  327.642192]  __driver_attach+0xc3/0x260
[  327.642195]  ? __device_attach_driver+0x160/0x160
[  327.642197]  bus_for_each_dev+0x83/0xe0
[  327.642200]  driver_attach+0x1e/0x30
[  327.642202]  bus_add_driver+0x187/0x230
[  327.642205]  driver_register+0x95/0x110
[  327.642208]  __pci_register_driver+0x68/0x80
[  327.642211]  neuron_pci_module_init+0x25/0x60 [neuron]
[  327.642227]  neuron_module_init+0xd6/0x1000 [neuron]
[  327.642245]  ? 0xffffffffc089f000
[  327.642247]  do_one_initcall+0x49/0x1f0
[  327.642250]  ? kmem_cache_alloc_trace+0x199/0x2f0
[  327.642253]  do_init_module+0x52/0x220
[  327.642256]  load_module+0xb56/0xd30
[  327.642260]  __do_sys_finit_module+0xcc/0x150
[  327.642262]  ? __do_sys_finit_module+0xcc/0x150
[  327.642266]  __x64_sys_finit_module+0x18/0x30
[  327.642268]  do_syscall_64+0x5c/0x90
[  327.642270]  ? exit_to_user_mode_prepare+0x3b/0xd0
[  327.642273]  ? syscall_exit_to_user_mode+0x2a/0x50
[  327.642276]  ? do_syscall_64+0x69/0x90
[  327.642278]  ? exit_to_user_mode_prepare+0x3b/0xd0
[  327.642280]  ? syscall_exit_to_user_mode+0x2a/0x50
[  327.642283]  ? do_syscall_64+0x69/0x90
[  327.642285]  entry_SYSCALL_64_after_hwframe+0x63/0xcd
[  327.642288] RIP: 0033:0x7fce3fd1e88d
[  327.642291] Code: 5b 41 5c c3 66 0f 1f 84 00 00 00 00 00 f3 0f 1e fa 48 89 f8 48 89 f7 48 89 d6 48 89 ca 4d 89 c2 4d 89 c8 4c 8b 4c 24 08 0f 05 <48> 3d 01 f0 ff ff 73 01 c3 48 8b 0d 73 b5 0f 00 f7 d8 64 89 01 48
[  327.642293] RSP: 002b:00007ffc8a2104b8 EFLAGS: 00000246 ORIG_RAX: 0000000000000139
[  327.642296] RAX: ffffffffffffffda RBX: 0000563e65e9b7b0 RCX: 00007fce3fd1e88d
[  327.642298] RDX: 0000000000000000 RSI: 0000563e6589ccd2 RDI: 0000000000000003
[  327.642300] RBP: 0000000000000000 R08: 0000000000000000 R09: 0000000000000000
[  327.642302] R10: 0000000000000003 R11: 0000000000000246 R12: 0000563e6589ccd2
[  327.642304] R13: 0000563e65e9b760 R14: 0000563e6589b888 R15: 0000563e65e9b8c0
[  327.642307]  </TASK>
[  327.642308] DMA_STACK_END: End of stack trace for dma_free_coherent
[  327.642318] DMA_INSTRUMENT: About to call dma_alloc_coherent from function mp_init_hrm_pool at /home/ubuntu/cda/orginal/aws-neuronx-2.20.28.0/neuron_mempool.c:268
[  327.693688] RSP: 002b:00007ffc8a2104b8 EFLAGS: 00000246 ORIG_RAX: 0000000000000139
[  327.693697] R13: 0000563e65e9b760 R14: 0000563e6589b888 R15: 0000563e65e9b8c0
[  327.693700]  </TASK>
[  327.693701] DMA_STACK_END: End of stack trace for dma_alloc_coherent
[  327.693769] DMA_INSTRUMENT: About to call dma_free_coherent from function mp_init_hrm_pool at /home/ubuntu/cda/orginal/aws-neuronx-2.20.28.0/neuron_mempool.c:279
[  327.693771] DMA_STACK_START: Stack trace for dma_free_coherent called from mp_init_hrm_pool
[  327.693773] CPU: 0 PID: 1875 Comm: insmod Tainted: G           OE     5.19.0-1024-aws #25~22.04.1-Ubuntu
[  327.693950] DMA_INSTRUMENT: About to call dma_alloc_coherent from function mp_init_hrm_pool at /home/ubuntu/cda/orginal/aws-neuronx-2.20.28.0/neuron_mempool.c:268
[  327.693952] DMA_STACK_START: Stack trace for dma_alloc_coherent called from mp_init_hrm_pool
[  327.693953] CPU: 0 PID: 1875 Comm: insmod Tainted: G           OE     5.19.0-1024-aws #25~22.04.1-Ubuntu
[  327.693956] Hardware name: Amazon EC2 inf1.xlarge/, BIOS 1.0 10/16/2017
[  327.693957] Call Trace:
[  327.693958]  <TASK>
[  327.693959]  show_stack+0x52/0x69
[  327.693962]  dump_stack_lvl+0x49/0x6d
[  327.693986]  ? kmalloc_order+0x6b/0xa0
[  327.693989]  ? kmem_cache_alloc_trace+0x199/0x2f0
[  327.693991]  ? kmalloc_order_trace+0x1d/0xb0
[  327.693994]  neuron_pci_probe+0x3dd/0x610 [neuron]
[  327.694008]  local_pci_probe+0x4b/0x90
[  327.694011]  pci_call_probe+0x55/0x180
[  327.694014]  pci_device_probe+0x84/0x120
[  327.694017]  really_probe+0x1e4/0x3c0
[  327.694019]  __driver_probe_device+0x12a/0x1b0
[  327.694021]  driver_probe_device+0x23/0xd0
[  327.694024]  __driver_attach+0xc3/0x260
[  327.694026]  ? __device_attach_driver+0x160/0x160
[  327.694030]  driver_attach+0x1e/0x30
[  327.694037]  __pci_register_driver+0x68/0x80
[  327.694070]  ? 0xffffffffc089f000
[  327.694076]  ? kmem_cache_alloc_trace+0x199/0x2f0
[  327.694102]  ? syscall_exit_to_user_mode+0x2a/0x50
[  327.694113] RSP: 002b:00007ffc8a2104b8 EFLAGS: 00000246 ORIG_RAX: 0000000000000139
[  327.694116] RAX: ffffffffffffffda RBX: 0000563e65e9b7b0 RCX: 00007fce3fd1e88d
[  327.694117] RDX: 0000000000000000 RSI: 0000563e6589ccd2 RDI: 0000000000000003
[  327.694119] RBP: 0000000000000000 R08: 0000000000000000 R09: 0000000000000000
[  327.694120] R10: 0000000000000003 R11: 0000000000000246 R12: 0000563e6589ccd2
[  327.694122] R13: 0000563e65e9b760 R14: 0000563e6589b888 R15: 0000563e65e9b8c0
[  327.694124]  </TASK>
[  327.694125] DMA_STACK_END: End of stack trace for dma_alloc_coherent
[  327.694195] DMA_INSTRUMENT: About to call dma_free_coherent from function mp_init_hrm_pool at /home/ubuntu/cda/orginal/aws-neuronx-2.20.28.0/neuron_mempool.c:279
[  327.694197] DMA_STACK_START: Stack trace for dma_free_coherent called from mp_init_hrm_pool
[  327.694198] CPU: 0 PID: 1875 Comm: insmod Tainted: G           OE     5.19.0-1024-aws #25~22.04.1-Ubuntu
[  327.694200] Hardware name: Amazon EC2 inf1.xlarge/, BIOS 1.0 10/16/2017
[  327.694202] Call Trace:
[  327.694203]  <TASK>
[  327.694204]  show_stack+0x52/0x69
[  327.694207]  dump_stack_lvl+0x49/0x6d
[  327.694210]  dump_stack+0x10/0x18
[  327.694213]  mpset_constructor+0x322/0xa82 [neuron]
[  327.694230]  ? kmalloc_order+0x6b/0xa0
[  327.694233]  ? kmem_cache_alloc_trace+0x199/0x2f0
[  327.694237]  ? kmalloc_order_trace+0x1d/0xb0
[  327.694239]  neuron_pci_probe+0x3dd/0x610 [neuron]
[  327.694253]  local_pci_probe+0x4b/0x90
[  327.694256]  pci_call_probe+0x55/0x180
[  327.694260]  pci_device_probe+0x84/0x120
[  327.694263]  really_probe+0x1e4/0x3c0
[  327.694266]  __driver_probe_device+0x12a/0x1b0
[  327.694268]  driver_probe_device+0x23/0xd0
[  327.694270]  __driver_attach+0xc3/0x260
[  327.694273]  ? __device_attach_driver+0x160/0x160
[  327.694275]  bus_for_each_dev+0x83/0xe0
[  327.694278]  driver_attach+0x1e/0x30
[  327.694280]  bus_add_driver+0x187/0x230
[  327.694282]  driver_register+0x95/0x110
[  327.694285]  __pci_register_driver+0x68/0x80
[  327.694288]  neuron_pci_module_init+0x25/0x60 [neuron]
[  327.694301]  neuron_module_init+0xd6/0x1000 [neuron]
[  327.694328]  ? 0xffffffffc089f000
[  327.694330]  do_one_initcall+0x49/0x1f0
[  327.694334]  ? kmem_cache_alloc_trace+0x199/0x2f0
[  327.694336]  do_init_module+0x52/0x220
[  327.694339]  load_module+0xb56/0xd30
[  327.694342]  __do_sys_finit_module+0xcc/0x150
[  327.694348]  __x64_sys_finit_module+0x18/0x30
[  327.694362]  ? syscall_exit_to_user_mode+0x2a/0x50
[  327.694375] RSP: 002b:00007ffc8a2104b8 EFLAGS: 00000246 ORIG_RAX: 0000000000000139
[  327.694385] R13: 0000563e65e9b760 R14: 0000563e6589b888 R15: 0000563e65e9b8c0
[  327.694388]  </TASK>
[  327.694389] DMA_STACK_END: End of stack trace for dma_free_coherent
[  327.694390] DMA_INSTRUMENT: About to call dma_alloc_coherent from function mp_init_hrm_pool at /home/ubuntu/cda/orginal/aws-neuronx-2.20.28.0/neuron_mempool.c:268
[  327.694392] DMA_STACK_START: Stack trace for dma_alloc_coherent called from mp_init_hrm_pool
[  327.694394] CPU: 0 PID: 1875 Comm: insmod Tainted: G           OE     5.19.0-1024-aws #25~22.04.1-Ubuntu
[  327.694397] Hardware name: Amazon EC2 inf1.xlarge/, BIOS 1.0 10/16/2017
[  327.694398] Call Trace:
[  327.694399]  <TASK>
[  327.694400]  show_stack+0x52/0x69
[  327.694403]  dump_stack_lvl+0x49/0x6d
[  327.694406]  dump_stack+0x10/0x18
[  327.694409]  mpset_constructor+0x268/0xa82 [neuron]
[  327.694427]  ? kmalloc_order+0x6b/0xa0
[  327.694431]  ? kmem_cache_alloc_trace+0x199/0x2f0
[  327.694436]  neuron_pci_probe+0x3dd/0x610 [neuron]
[  327.694450]  local_pci_probe+0x4b/0x90
[  327.694453]  pci_call_probe+0x55/0x180
[  327.694456]  pci_device_probe+0x84/0x120
[  327.694459]  really_probe+0x1e4/0x3c0
[  327.694462]  __driver_probe_device+0x12a/0x1b0
[  327.694464]  driver_probe_device+0x23/0xd0
[  327.694467]  __driver_attach+0xc3/0x260
[  327.694469]  ? __device_attach_driver+0x160/0x160
[  327.694471]  bus_for_each_dev+0x83/0xe0
[  327.694478]  driver_register+0x95/0x110
[  327.694483]  neuron_pci_module_init+0x25/0x60 [neuron]
[  327.694508]  do_one_initcall+0x49/0x1f0
[  327.694530]  ? exit_to_user_mode_prepare+0x3b/0xd0
[  327.694547] RIP: 0033:0x7fce3fd1e88d
[  327.694552] RSP: 002b:00007ffc8a2104b8 EFLAGS: 00000246 ORIG_RAX: 0000000000000139
[  327.694556] RAX: ffffffffffffffda RBX: 0000563e65e9b7b0 RCX: 00007fce3fd1e88d
[  327.694559] RDX: 0000000000000000 RSI: 0000563e6589ccd2 RDI: 0000000000000003
[  327.694560] RBP: 0000000000000000 R08: 0000000000000000 R09: 0000000000000000
[  327.694562] R10: 0000000000000003 R11: 0000000000000246 R12: 0000563e6589ccd2
[  327.694564] R13: 0000563e65e9b760 R14: 0000563e6589b888 R15: 0000563e65e9b8c0
[  327.694568]  </TASK>
[  327.694578] DMA_STACK_END: End of stack trace for dma_alloc_coherent
[  327.694647] DMA_INSTRUMENT: About to call dma_free_coherent from function mp_init_hrm_pool at /home/ubuntu/cda/orginal/aws-neuronx-2.20.28.0/neuron_mempool.c:279
[  327.694649] DMA_STACK_START: Stack trace for dma_free_coherent called from mp_init_hrm_pool
[  327.694651] CPU: 0 PID: 1875 Comm: insmod Tainted: G           OE     5.19.0-1024-aws #25~22.04.1-Ubuntu
[  327.694653] Hardware name: Amazon EC2 inf1.xlarge/, BIOS 1.0 10/16/2017
[  327.694655] Call Trace:
[  327.694656]  <TASK>
[  327.694657]  show_stack+0x52/0x69
[  327.694660]  dump_stack_lvl+0x49/0x6d
[  327.694662]  dump_stack+0x10/0x18
[  327.694665]  mpset_constructor+0x322/0xa82 [neuron]
[  327.694684]  ? kmalloc_order+0x6b/0xa0
[  327.694687]  ? kmem_cache_alloc_trace+0x199/0x2f0
[  327.694690]  ? kmalloc_order_trace+0x1d/0xb0
[  327.694693]  neuron_pci_probe+0x3dd/0x610 [neuron]
[  327.694708]  local_pci_probe+0x4b/0x90
[  327.694711]  pci_call_probe+0x55/0x180
[  327.694715]  pci_device_probe+0x84/0x120
[  327.694718]  really_probe+0x1e4/0x3c0
[  327.694722]  __driver_probe_device+0x12a/0x1b0
[  327.694724]  driver_probe_device+0x23/0xd0
[  327.694727]  __driver_attach+0xc3/0x260
[  327.694730]  ? __device_attach_driver+0x160/0x160
[  327.694733]  bus_for_each_dev+0x83/0xe0
[  327.694736]  driver_attach+0x1e/0x30
[  327.694738]  bus_add_driver+0x187/0x230
[  327.694741]  driver_register+0x95/0x110
[  327.694744]  __pci_register_driver+0x68/0x80
[  327.694747]  neuron_pci_module_init+0x25/0x60 [neuron]
[  327.694760]  neuron_module_init+0xd6/0x1000 [neuron]
[  327.694778]  ? 0xffffffffc089f000
[  327.694780]  do_one_initcall+0x49/0x1f0
[  327.694784]  ? kmem_cache_alloc_trace+0x199/0x2f0
[  327.694787]  do_init_module+0x52/0x220
[  327.694801]  __x64_sys_finit_module+0x18/0x30
[  327.694821]  ? do_syscall_64+0x69/0x90
[  327.694831] RSP: 002b:00007ffc8a2104b8 EFLAGS: 00000246 ORIG_RAX: 0000000000000139
[  327.694842] R13: 0000563e65e9b760 R14: 0000563e6589b888 R15: 0000563e65e9b8c0
[  327.694845]  </TASK>
[  327.694846] DMA_STACK_END: End of stack trace for dma_free_coherent
[  327.694847] DMA_INSTRUMENT: About to call dma_alloc_coherent from function mp_init_hrm_pool at /home/ubuntu/cda/orginal/aws-neuronx-2.20.28.0/neuron_mempool.c:268
[  327.694849] DMA_STACK_START: Stack trace for dma_alloc_coherent called from mp_init_hrm_pool
[  327.694851] CPU: 0 PID: 1875 Comm: insmod Tainted: G           OE     5.19.0-1024-aws #25~22.04.1-Ubuntu
[  327.694853] Hardware name: Amazon EC2 inf1.xlarge/, BIOS 1.0 10/16/2017
[  327.694855] Call Trace:
[  327.694856]  <TASK>
[  327.694857]  show_stack+0x52/0x69
[  327.694861]  dump_stack_lvl+0x49/0x6d
[  327.694864]  dump_stack+0x10/0x18
[  327.694885]  ? kmalloc_order+0x6b/0xa0
[  327.694888]  ? kmem_cache_alloc_trace+0x199/0x2f0
[  327.694892]  ? kmalloc_order_trace+0x1d/0xb0
[  327.694894]  neuron_pci_probe+0x3dd/0x610 [neuron]
[  327.694909]  local_pci_probe+0x4b/0x90
[  327.694912]  pci_call_probe+0x55/0x180
[  327.694916]  pci_device_probe+0x84/0x120
[  327.694919]  really_probe+0x1e4/0x3c0
[  327.694922]  __driver_probe_device+0x12a/0x1b0
[  327.694925]  driver_probe_device+0x23/0xd0
[  327.694928]  __driver_attach+0xc3/0x260
[  327.694930]  ? __device_attach_driver+0x160/0x160
[  327.694938]  bus_add_driver+0x187/0x230
[  327.694947]  neuron_pci_module_init+0x25/0x60 [neuron]
[  327.694981]  do_one_initcall+0x49/0x1f0
[  327.695001]  __x64_sys_finit_module+0x18/0x30
[  327.695012]  ? do_syscall_64+0x69/0x90
[  327.695026] RIP: 0033:0x7fce3fd1e88d
[  327.695030] RSP: 002b:00007ffc8a2104b8 EFLAGS: 00000246 ORIG_RAX: 0000000000000139
[  327.695033] RAX: ffffffffffffffda RBX: 0000563e65e9b7b0 RCX: 00007fce3fd1e88d
[  327.695036] RDX: 0000000000000000 RSI: 0000563e6589ccd2 RDI: 0000000000000003
[  327.695038] RBP: 0000000000000000 R08: 0000000000000000 R09: 0000000000000000
[  327.695039] R10: 0000000000000003 R11: 0000000000000246 R12: 0000563e6589ccd2
[  327.695042] R13: 0000563e65e9b760 R14: 0000563e6589b888 R15: 0000563e65e9b8c0
[  327.695045]  </TASK>
[  327.695046] DMA_STACK_END: End of stack trace for dma_alloc_coherent
[  327.695110] DMA_INSTRUMENT: About to call dma_free_coherent from function mp_init_hrm_pool at /home/ubuntu/cda/orginal/aws-neuronx-2.20.28.0/neuron_mempool.c:279
[  327.695112] DMA_STACK_START: Stack trace for dma_free_coherent called from mp_init_hrm_pool
[  327.695114] CPU: 0 PID: 1875 Comm: insmod Tainted: G           OE     5.19.0-1024-aws #25~22.04.1-Ubuntu
[  327.695116] Hardware name: Amazon EC2 inf1.xlarge/, BIOS 1.0 10/16/2017
[  327.695118] Call Trace:
[  327.695119]  <TASK>
[  327.695120]  show_stack+0x52/0x69
[  327.695123]  dump_stack_lvl+0x49/0x6d
[  327.695126]  dump_stack+0x10/0x18
[  327.695129]  mpset_constructor+0x322/0xa82 [neuron]
[  327.695147]  ? kmalloc_order+0x6b/0xa0
[  327.695151]  ? kmem_cache_alloc_trace+0x199/0x2f0
[  327.695154]  ? kmalloc_order_trace+0x1d/0xb0
[  327.695157]  neuron_pci_probe+0x3dd/0x610 [neuron]
[  327.695171]  local_pci_probe+0x4b/0x90
[  327.695174]  pci_call_probe+0x55/0x180
[  327.695178]  pci_device_probe+0x84/0x120
[  327.695182]  really_probe+0x1e4/0x3c0
[  327.695184]  __driver_probe_device+0x12a/0x1b0
[  327.695187]  driver_probe_device+0x23/0xd0
[  327.695190]  __driver_attach+0xc3/0x260
[  327.695193]  ? __device_attach_driver+0x160/0x160
[  327.695195]  bus_for_each_dev+0x83/0xe0
[  327.695198]  driver_attach+0x1e/0x30
[  327.695200]  bus_add_driver+0x187/0x230
[  327.695203]  driver_register+0x95/0x110
[  327.695205]  __pci_register_driver+0x68/0x80
[  327.695208]  neuron_pci_module_init+0x25/0x60 [neuron]
[  327.695221]  neuron_module_init+0xd6/0x1000 [neuron]
[  327.695238]  ? 0xffffffffc089f000
[  327.695240]  do_one_initcall+0x49/0x1f0
[  327.695244]  ? kmem_cache_alloc_trace+0x199/0x2f0
[  327.695247]  do_init_module+0x52/0x220
[  327.695250]  load_module+0xb56/0xd30
[  327.695254]  __do_sys_finit_module+0xcc/0x150
[  327.695260]  __x64_sys_finit_module+0x18/0x30
[  327.695283] RIP: 0033:0x7fce3fd1e88d
[  327.695287] RSP: 002b:00007ffc8a2104b8 EFLAGS: 00000246 ORIG_RAX: 0000000000000139
[  327.695301]  </TASK>
[  327.695302] DMA_STACK_END: End of stack trace for dma_free_coherent
[  327.695303] DMA_INSTRUMENT: About to call dma_alloc_coherent from function mp_init_hrm_pool at /home/ubuntu/cda/orginal/aws-neuronx-2.20.28.0/neuron_mempool.c:268
[  327.695305] DMA_STACK_START: Stack trace for dma_alloc_coherent called from mp_init_hrm_pool
[  327.695307] CPU: 0 PID: 1875 Comm: insmod Tainted: G           OE     5.19.0-1024-aws #25~22.04.1-Ubuntu
[  327.695309] Hardware name: Amazon EC2 inf1.xlarge/, BIOS 1.0 10/16/2017
[  327.695311] Call Trace:
[  327.695312]  <TASK>
[  327.695313]  show_stack+0x52/0x69
[  327.695316]  dump_stack_lvl+0x49/0x6d
[  327.695319]  dump_stack+0x10/0x18
[  327.695322]  mpset_constructor+0x268/0xa82 [neuron]
[  327.695340]  ? kmalloc_order+0x6b/0xa0
[  327.695343]  ? kmem_cache_alloc_trace+0x199/0x2f0
[  327.695346]  ? kmalloc_order_trace+0x1d/0xb0
[  327.695349]  neuron_pci_probe+0x3dd/0x610 [neuron]
[  327.695363]  local_pci_probe+0x4b/0x90
[  327.695366]  pci_call_probe+0x55/0x180
[  327.695370]  pci_device_probe+0x84/0x120
[  327.695374]  really_probe+0x1e4/0x3c0
[  327.695376]  __driver_probe_device+0x12a/0x1b0
[  327.695379]  driver_probe_device+0x23/0xd0
[  327.695382]  __driver_attach+0xc3/0x260
[  327.695385]  ? __device_attach_driver+0x160/0x160
[  327.695390]  driver_attach+0x1e/0x30
[  327.695395]  driver_register+0x95/0x110
[  327.695413]  neuron_module_init+0xd6/0x1000 [neuron]
[  327.695434]  ? kmem_cache_alloc_trace+0x199/0x2f0
[  327.695458]  ? do_syscall_64+0x69/0x90
[  327.695472] RSP: 002b:00007ffc8a2104b8 EFLAGS: 00000246 ORIG_RAX: 0000000000000139
[  327.695475] RAX: ffffffffffffffda RBX: 0000563e65e9b7b0 RCX: 00007fce3fd1e88d
[  327.695476] RDX: 0000000000000000 RSI: 0000563e6589ccd2 RDI: 0000000000000003
[  327.695478] RBP: 0000000000000000 R08: 0000000000000000 R09: 0000000000000000
[  327.695479] R10: 0000000000000003 R11: 0000000000000246 R12: 0000563e6589ccd2
[  327.695481] R13: 0000563e65e9b760 R14: 0000563e6589b888 R15: 0000563e65e9b8c0
[  327.695483]  </TASK>
[  327.695484] DMA_STACK_END: End of stack trace for dma_alloc_coherent
[  327.695551] DMA_INSTRUMENT: About to call dma_free_coherent from function mp_init_hrm_pool at /home/ubuntu/cda/orginal/aws-neuronx-2.20.28.0/neuron_mempool.c:279
[  327.695554] DMA_STACK_START: Stack trace for dma_free_coherent called from mp_init_hrm_pool
[  327.695555] CPU: 0 PID: 1875 Comm: insmod Tainted: G           OE     5.19.0-1024-aws #25~22.04.1-Ubuntu
[  327.695558] Hardware name: Amazon EC2 inf1.xlarge/, BIOS 1.0 10/16/2017
[  327.695559] Call Trace:
[  327.695561]  <TASK>
[  327.695562]  show_stack+0x52/0x69
[  327.695565]  dump_stack_lvl+0x49/0x6d
[  327.695568]  dump_stack+0x10/0x18
[  327.695571]  mpset_constructor+0x322/0xa82 [neuron]
[  327.695590]  ? kmalloc_order+0x6b/0xa0
[  327.695594]  ? kmem_cache_alloc_trace+0x199/0x2f0
[  327.695597]  ? kmalloc_order_trace+0x1d/0xb0
[  327.695600]  neuron_pci_probe+0x3dd/0x610 [neuron]
[  327.695614]  local_pci_probe+0x4b/0x90
[  327.695617]  pci_call_probe+0x55/0x180
[  327.695621]  pci_device_probe+0x84/0x120
[  327.695624]  really_probe+0x1e4/0x3c0
[  327.695627]  __driver_probe_device+0x12a/0x1b0
[  327.695629]  driver_probe_device+0x23/0xd0
[  327.695632]  __driver_attach+0xc3/0x260
[  327.695635]  ? __device_attach_driver+0x160/0x160
[  327.695637]  bus_for_each_dev+0x83/0xe0
[  327.695640]  driver_attach+0x1e/0x30
[  327.695642]  bus_add_driver+0x187/0x230
[  327.695645]  driver_register+0x95/0x110
[  327.695647]  __pci_register_driver+0x68/0x80
[  327.695650]  neuron_pci_module_init+0x25/0x60 [neuron]
[  327.695663]  neuron_module_init+0xd6/0x1000 [neuron]
[  327.695681]  ? 0xffffffffc089f000
[  327.695684]  do_one_initcall+0x49/0x1f0
[  327.695687]  ? kmem_cache_alloc_trace+0x199/0x2f0
[  327.695690]  do_init_module+0x52/0x220
[  327.695693]  load_module+0xb56/0xd30
[  327.695697]  __do_sys_finit_module+0xcc/0x150
[  327.695700]  ? __do_sys_finit_module+0xcc/0x150
[  327.695703]  __x64_sys_finit_module+0x18/0x30
[  327.695722]  ? syscall_exit_to_user_mode+0x2a/0x50
[  327.695732] RSP: 002b:00007ffc8a2104b8 EFLAGS: 00000246 ORIG_RAX: 0000000000000139
[  327.695741] R13: 0000563e65e9b760 R14: 0000563e6589b888 R15: 0000563e65e9b8c0
[  327.695744]  </TASK>
[  327.695748] DMA_STACK_END: End of stack trace for dma_free_coherent
[  327.695749] DMA_INSTRUMENT: About to call dma_alloc_coherent from function mp_init_hrm_pool at /home/ubuntu/cda/orginal/aws-neuronx-2.20.28.0/neuron_mempool.c:268
[  327.695750] DMA_STACK_START: Stack trace for dma_alloc_coherent called from mp_init_hrm_pool
[  327.695752] CPU: 0 PID: 1875 Comm: insmod Tainted: G           OE     5.19.0-1024-aws #25~22.04.1-Ubuntu
[  327.695754] Hardware name: Amazon EC2 inf1.xlarge/, BIOS 1.0 10/16/2017
[  327.695755] Call Trace:
[  327.695756]  <TASK>
[  327.695757]  show_stack+0x52/0x69
[  327.695759]  dump_stack_lvl+0x49/0x6d
[  327.695762]  dump_stack+0x10/0x18
[  327.695780]  ? kmalloc_order+0x6b/0xa0
[  327.695783]  ? kmem_cache_alloc_trace+0x199/0x2f0
[  327.695785]  ? kmalloc_order_trace+0x1d/0xb0
[  327.695787]  neuron_pci_probe+0x3dd/0x610 [neuron]
[  327.695799]  local_pci_probe+0x4b/0x90
[  327.695802]  pci_call_probe+0x55/0x180
[  327.695805]  pci_device_probe+0x84/0x120
[  327.695808]  really_probe+0x1e4/0x3c0
[  327.695810]  __driver_probe_device+0x12a/0x1b0
[  327.695812]  driver_probe_device+0x23/0xd0
[  327.695814]  __driver_attach+0xc3/0x260
[  327.695816]  ? __device_attach_driver+0x160/0x160
[  327.695818]  bus_for_each_dev+0x83/0xe0
[  327.695823]  driver_register+0x95/0x110
[  327.695828]  neuron_pci_module_init+0x25/0x60 [neuron]
[  327.695855]  do_one_initcall+0x49/0x1f0
[  327.695874]  ? exit_to_user_mode_prepare+0x3b/0xd0
[  327.695892] RSP: 002b:00007ffc8a2104b8 EFLAGS: 00000246 ORIG_RAX: 0000000000000139
[  327.695894] RAX: ffffffffffffffda RBX: 0000563e65e9b7b0 RCX: 00007fce3fd1e88d
[  327.695896] RDX: 0000000000000000 RSI: 0000563e6589ccd2 RDI: 0000000000000003
[  327.695897] RBP: 0000000000000000 R08: 0000000000000000 R09: 0000000000000000
[  327.695899] R10: 0000000000000003 R11: 0000000000000246 R12: 0000563e6589ccd2
[  327.695900] R13: 0000563e65e9b760 R14: 0000563e6589b888 R15: 0000563e65e9b8c0
[  327.695902]  </TASK>
[  327.695903] DMA_STACK_END: End of stack trace for dma_alloc_coherent
[  327.695972] DMA_INSTRUMENT: About to call dma_free_coherent from function mp_init_hrm_pool at /home/ubuntu/cda/orginal/aws-neuronx-2.20.28.0/neuron_mempool.c:279
[  327.695974] DMA_STACK_START: Stack trace for dma_free_coherent called from mp_init_hrm_pool
[  327.695976] CPU: 0 PID: 1875 Comm: insmod Tainted: G           OE     5.19.0-1024-aws #25~22.04.1-Ubuntu
[  327.695978] Hardware name: Amazon EC2 inf1.xlarge/, BIOS 1.0 10/16/2017
[  327.695979] Call Trace:
[  327.695980]  <TASK>
[  327.695981]  show_stack+0x52/0x69
[  327.695984]  dump_stack_lvl+0x49/0x6d
[  327.695986]  dump_stack+0x10/0x18
[  327.695989]  mpset_constructor+0x322/0xa82 [neuron]
[  327.696006]  ? kmalloc_order+0x6b/0xa0
[  327.696009]  ? kmem_cache_alloc_trace+0x199/0x2f0
[  327.696011]  ? kmalloc_order_trace+0x1d/0xb0
[  327.696013]  neuron_pci_probe+0x3dd/0x610 [neuron]
[  327.696022]  local_pci_probe+0x4b/0x90
[  327.696024]  pci_call_probe+0x55/0x180
[  327.696027]  pci_device_probe+0x84/0x120
[  327.696029]  really_probe+0x1e4/0x3c0
[  327.696031]  __driver_probe_device+0x12a/0x1b0
[  327.696032]  driver_probe_device+0x23/0xd0
[  327.696034]  __driver_attach+0xc3/0x260
[  327.696036]  ? __device_attach_driver+0x160/0x160
[  327.696037]  bus_for_each_dev+0x83/0xe0
[  327.696039]  driver_attach+0x1e/0x30
[  327.696040]  bus_add_driver+0x187/0x230
[  327.696042]  driver_register+0x95/0x110
[  327.696044]  __pci_register_driver+0x68/0x80
[  327.696046]  neuron_pci_module_init+0x25/0x60 [neuron]
[  327.696054]  neuron_module_init+0xd6/0x1000 [neuron]
[  327.696065]  ? 0xffffffffc089f000
[  327.696066]  do_one_initcall+0x49/0x1f0
[  327.696068]  ? kmem_cache_alloc_trace+0x199/0x2f0
[  327.696070]  do_init_module+0x52/0x220
[  327.696072]  load_module+0xb56/0xd30
[  327.696074]  __do_sys_finit_module+0xcc/0x150
[  327.696082]  ? exit_to_user_mode_prepare+0x3b/0xd0
[  327.696096] RSP: 002b:00007ffc8a2104b8 EFLAGS: 00000246 ORIG_RAX: 0000000000000139
[  327.696101] R13: 0000563e65e9b760 R14: 0000563e6589b888 R15: 0000563e65e9b8c0
[  327.696103]  </TASK>
[  327.696103] DMA_STACK_END: End of stack trace for dma_free_coherent
[  327.696104] DMA_INSTRUMENT: About to call dma_alloc_coherent from function mp_init_hrm_pool at /home/ubuntu/cda/orginal/aws-neuronx-2.20.28.0/neuron_mempool.c:268
[  327.696105] DMA_STACK_START: Stack trace for dma_alloc_coherent called from mp_init_hrm_pool
[  327.696106] CPU: 0 PID: 1875 Comm: insmod Tainted: G           OE     5.19.0-1024-aws #25~22.04.1-Ubuntu
[  327.696107] Hardware name: Amazon EC2 inf1.xlarge/, BIOS 1.0 10/16/2017
[  327.696108] Call Trace:
[  327.696109]  <TASK>
[  327.696109]  show_stack+0x52/0x69
[  327.696112]  dump_stack_lvl+0x49/0x6d
[  327.696114]  dump_stack+0x10/0x18
[  327.696115]  mpset_constructor+0x268/0xa82 [neuron]
[  327.696128]  ? kmalloc_order+0x6b/0xa0
[  327.696130]  ? kmem_cache_alloc_trace+0x199/0x2f0
[  327.696134]  neuron_pci_probe+0x3dd/0x610 [neuron]
[  327.696143]  local_pci_probe+0x4b/0x90
[  327.696145]  pci_call_probe+0x55/0x180
[  327.696148]  pci_device_probe+0x84/0x120
[  327.696150]  really_probe+0x1e4/0x3c0
[  327.696152]  __driver_probe_device+0x12a/0x1b0
[  327.696154]  driver_probe_device+0x23/0xd0
[  327.696155]  __driver_attach+0xc3/0x260
[  327.696157]  ? __device_attach_driver+0x160/0x160
[  327.696160]  driver_attach+0x1e/0x30
[  327.696163]  driver_register+0x95/0x110
[  327.696175]  neuron_module_init+0xd6/0x1000 [neuron]
[  327.696186]  do_one_initcall+0x49/0x1f0
[  327.696201]  do_syscall_64+0x5c/0x90
[  327.696210]  ? do_syscall_64+0x69/0x90
[  327.696216] RSP: 002b:00007ffc8a2104b8 EFLAGS: 00000246 ORIG_RAX: 0000000000000139
[  327.696217] RAX: ffffffffffffffda RBX: 0000563e65e9b7b0 RCX: 00007fce3fd1e88d
[  327.696218] RDX: 0000000000000000 RSI: 0000563e6589ccd2 RDI: 0000000000000003
[  327.696219] RBP: 0000000000000000 R08: 0000000000000000 R09: 0000000000000000
[  327.696220] R10: 0000000000000003 R11: 0000000000000246 R12: 0000563e6589ccd2
[  327.696221] R13: 0000563e65e9b760 R14: 0000563e6589b888 R15: 0000563e65e9b8c0
[  327.696223]  </TASK>
[  327.696223] DMA_STACK_END: End of stack trace for dma_alloc_coherent
[  327.696275] DMA_INSTRUMENT: About to call dma_free_coherent from function mp_init_hrm_pool at /home/ubuntu/cda/orginal/aws-neuronx-2.20.28.0/neuron_mempool.c:279
[  327.696276] DMA_STACK_START: Stack trace for dma_free_coherent called from mp_init_hrm_pool
[  327.696277] CPU: 0 PID: 1875 Comm: insmod Tainted: G           OE     5.19.0-1024-aws #25~22.04.1-Ubuntu
[  327.696278] Hardware name: Amazon EC2 inf1.xlarge/, BIOS 1.0 10/16/2017
[  327.696279] Call Trace:
[  327.696279]  <TASK>
[  327.696280]  show_stack+0x52/0x69
[  327.696282]  dump_stack_lvl+0x49/0x6d
[  327.696284]  dump_stack+0x10/0x18
[  327.696286]  mpset_constructor+0x322/0xa82 [neuron]
[  327.696298]  ? kmalloc_order+0x6b/0xa0
[  327.696301]  ? kmem_cache_alloc_trace+0x199/0x2f0
[  327.696303]  ? kmalloc_order_trace+0x1d/0xb0
[  327.696304]  neuron_pci_probe+0x3dd/0x610 [neuron]
[  327.696313]  local_pci_probe+0x4b/0x90
[  327.696315]  pci_call_probe+0x55/0x180
[  327.696318]  pci_device_probe+0x84/0x120
[  327.696320]  really_probe+0x1e4/0x3c0
[  327.696322]  __driver_probe_device+0x12a/0x1b0
[  327.696323]  driver_probe_device+0x23/0xd0
[  327.696325]  __driver_attach+0xc3/0x260
[  327.696327]  ? __device_attach_driver+0x160/0x160
[  327.696329]  bus_for_each_dev+0x83/0xe0
[  327.696330]  driver_attach+0x1e/0x30
[  327.696332]  bus_add_driver+0x187/0x230
[  327.696333]  driver_register+0x95/0x110
[  327.696335]  __pci_register_driver+0x68/0x80
[  327.696337]  neuron_pci_module_init+0x25/0x60 [neuron]
[  327.696345]  neuron_module_init+0xd6/0x1000 [neuron]
[  327.696355]  ? 0xffffffffc089f000
[  327.696356]  do_one_initcall+0x49/0x1f0
[  327.696358]  ? kmem_cache_alloc_trace+0x199/0x2f0
[  327.696361]  do_init_module+0x52/0x220
[  327.696362]  load_module+0xb56/0xd30
[  327.696365]  __do_sys_finit_module+0xcc/0x150
[  327.696378]  ? syscall_exit_to_user_mode+0x2a/0x50
[  327.696386] RSP: 002b:00007ffc8a2104b8 EFLAGS: 00000246 ORIG_RAX: 0000000000000139
[  327.696391] R13: 0000563e65e9b760 R14: 0000563e6589b888 R15: 0000563e65e9b8c0
[  327.696393]  </TASK>
[  327.696393] DMA_STACK_END: End of stack trace for dma_free_coherent
[  327.696394] DMA_INSTRUMENT: About to call dma_alloc_coherent from function mp_init_hrm_pool at /home/ubuntu/cda/orginal/aws-neuronx-2.20.28.0/neuron_mempool.c:268
[  327.696395] DMA_STACK_START: Stack trace for dma_alloc_coherent called from mp_init_hrm_pool
[  327.696396] CPU: 0 PID: 1875 Comm: insmod Tainted: G           OE     5.19.0-1024-aws #25~22.04.1-Ubuntu
[  327.696397] Hardware name: Amazon EC2 inf1.xlarge/, BIOS 1.0 10/16/2017
[  327.696398] Call Trace:
[  327.696399]  <TASK>
[  327.696399]  show_stack+0x52/0x69
[  327.696401]  dump_stack_lvl+0x49/0x6d
[  327.696403]  dump_stack+0x10/0x18
[  327.696417]  ? kmalloc_order+0x6b/0xa0
[  327.696420]  ? kmem_cache_alloc_trace+0x199/0x2f0
[  327.696422]  ? kmalloc_order_trace+0x1d/0xb0
[  327.696423]  neuron_pci_probe+0x3dd/0x610 [neuron]
[  327.696432]  local_pci_probe+0x4b/0x90
[  327.696434]  pci_call_probe+0x55/0x180
[  327.696437]  pci_device_probe+0x84/0x120
[  327.696439]  really_probe+0x1e4/0x3c0
[  327.696441]  __driver_probe_device+0x12a/0x1b0
[  327.696442]  driver_probe_device+0x23/0xd0
[  327.696444]  __driver_attach+0xc3/0x260
[  327.696446]  ? __device_attach_driver+0x160/0x160
[  327.696449]  driver_attach+0x1e/0x30
[  327.696452]  driver_register+0x95/0x110
[  327.696464]  neuron_module_init+0xd6/0x1000 [neuron]
[  327.696478]  ? kmem_cache_alloc_trace+0x199/0x2f0
[  327.696497]  ? syscall_exit_to_user_mode+0x2a/0x50
[  327.696505] RSP: 002b:00007ffc8a2104b8 EFLAGS: 00000246 ORIG_RAX: 0000000000000139
[  327.696506] RAX: ffffffffffffffda RBX: 0000563e65e9b7b0 RCX: 00007fce3fd1e88d
[  327.696507] RDX: 0000000000000000 RSI: 0000563e6589ccd2 RDI: 0000000000000003
[  327.696508] RBP: 0000000000000000 R08: 0000000000000000 R09: 0000000000000000
[  327.696509] R10: 0000000000000003 R11: 0000000000000246 R12: 0000563e6589ccd2
[  327.696510] R13: 0000563e65e9b760 R14: 0000563e6589b888 R15: 0000563e65e9b8c0
[  327.696512]  </TASK>
[  327.696512] DMA_STACK_END: End of stack trace for dma_alloc_coherent
[  327.696566] DMA_INSTRUMENT: About to call dma_free_coherent from function mp_init_hrm_pool at /home/ubuntu/cda/orginal/aws-neuronx-2.20.28.0/neuron_mempool.c:279
[  327.696567] DMA_STACK_START: Stack trace for dma_free_coherent called from mp_init_hrm_pool
[  327.696568] CPU: 0 PID: 1875 Comm: insmod Tainted: G           OE     5.19.0-1024-aws #25~22.04.1-Ubuntu
[  327.696569] Hardware name: Amazon EC2 inf1.xlarge/, BIOS 1.0 10/16/2017
[  327.696570] Call Trace:
[  327.696570]  <TASK>
[  327.696571]  show_stack+0x52/0x69
[  327.696573]  dump_stack_lvl+0x49/0x6d
[  327.696575]  dump_stack+0x10/0x18
[  327.696577]  mpset_constructor+0x322/0xa82 [neuron]
[  327.696589]  ? kmalloc_order+0x6b/0xa0
[  327.696591]  ? kmem_cache_alloc_trace+0x199/0x2f0
[  327.696593]  ? kmalloc_order_trace+0x1d/0xb0
[  327.696595]  neuron_pci_probe+0x3dd/0x610 [neuron]
[  327.696604]  local_pci_probe+0x4b/0x90
[  327.696606]  pci_call_probe+0x55/0x180
[  327.696608]  pci_device_probe+0x84/0x120
[  327.696611]  really_probe+0x1e4/0x3c0
[  327.696613]  __driver_probe_device+0x12a/0x1b0
[  327.696614]  driver_probe_device+0x23/0xd0
[  327.696616]  __driver_attach+0xc3/0x260
[  327.696618]  ? __device_attach_driver+0x160/0x160
[  327.696619]  bus_for_each_dev+0x83/0xe0
[  327.696621]  driver_attach+0x1e/0x30
[  327.696622]  bus_add_driver+0x187/0x230
[  327.696624]  driver_register+0x95/0x110
[  327.696625]  __pci_register_driver+0x68/0x80
[  327.696628]  neuron_pci_module_init+0x25/0x60 [neuron]
[  327.696636]  neuron_module_init+0xd6/0x1000 [neuron]
[  327.696646]  ? 0xffffffffc089f000
[  327.696647]  do_one_initcall+0x49/0x1f0
[  327.696649]  ? kmem_cache_alloc_trace+0x199/0x2f0
[  327.696651]  do_init_module+0x52/0x220
[  327.696653]  load_module+0xb56/0xd30
[  327.696656]  __do_sys_finit_module+0xcc/0x150
[  327.696657]  ? __do_sys_finit_module+0xcc/0x150
[  327.696666]  ? do_syscall_64+0x69/0x90
[  327.696676] RSP: 002b:00007ffc8a2104b8 EFLAGS: 00000246 ORIG_RAX: 0000000000000139
[  327.696681] R13: 0000563e65e9b760 R14: 0000563e6589b888 R15: 0000563e65e9b8c0
[  327.696683]  </TASK>
[  327.696683] DMA_STACK_END: End of stack trace for dma_free_coherent
[  327.696684] DMA_INSTRUMENT: About to call dma_alloc_coherent from function mp_init_hrm_pool at /home/ubuntu/cda/orginal/aws-neuronx-2.20.28.0/neuron_mempool.c:268
[  327.696685] DMA_STACK_START: Stack trace for dma_alloc_coherent called from mp_init_hrm_pool
[  327.696686] CPU: 0 PID: 1875 Comm: insmod Tainted: G           OE     5.19.0-1024-aws #25~22.04.1-Ubuntu
[  327.696687] Hardware name: Amazon EC2 inf1.xlarge/, BIOS 1.0 10/16/2017
[  327.696688] Call Trace:
[  327.696689]  <TASK>
[  327.696689]  show_stack+0x52/0x69
[  327.696691]  dump_stack_lvl+0x49/0x6d
[  327.696694]  dump_stack+0x10/0x18
[  327.696695]  mpset_constructor+0x268/0xa82 [neuron]
[  327.696707]  ? kmalloc_order+0x6b/0xa0
[  327.696710]  ? kmem_cache_alloc_trace+0x199/0x2f0
[  327.696713]  neuron_pci_probe+0x3dd/0x610 [neuron]
[  327.696722]  local_pci_probe+0x4b/0x90
[  327.696724]  pci_call_probe+0x55/0x180
[  327.696727]  pci_device_probe+0x84/0x120
[  327.696729]  really_probe+0x1e4/0x3c0
[  327.696731]  __driver_probe_device+0x12a/0x1b0
[  327.696732]  driver_probe_device+0x23/0xd0
[  327.696734]  __driver_attach+0xc3/0x260
[  327.696736]  ? __device_attach_driver+0x160/0x160
[  327.696737]  bus_for_each_dev+0x83/0xe0
[  327.696742]  driver_register+0x95/0x110
[  327.696754]  neuron_module_init+0xd6/0x1000 [neuron]
[  327.696767]  ? kmem_cache_alloc_trace+0x199/0x2f0
[  327.696784]  ? do_syscall_64+0x69/0x90
[  327.696794] RSP: 002b:00007ffc8a2104b8 EFLAGS: 00000246 ORIG_RAX: 0000000000000139
[  327.696795] RAX: ffffffffffffffda RBX: 0000563e65e9b7b0 RCX: 00007fce3fd1e88d
[  327.696796] RDX: 0000000000000000 RSI: 0000563e6589ccd2 RDI: 0000000000000003
[  327.696797] RBP: 0000000000000000 R08: 0000000000000000 R09: 0000000000000000
[  327.696798] R10: 0000000000000003 R11: 0000000000000246 R12: 0000563e6589ccd2
[  327.696799] R13: 0000563e65e9b760 R14: 0000563e6589b888 R15: 0000563e65e9b8c0
[  327.696801]  </TASK>
[  327.696801] DMA_STACK_END: End of stack trace for dma_alloc_coherent
[  327.696854] DMA_INSTRUMENT: About to call dma_free_coherent from function mp_init_hrm_pool at /home/ubuntu/cda/orginal/aws-neuronx-2.20.28.0/neuron_mempool.c:279
[  327.696855] DMA_STACK_START: Stack trace for dma_free_coherent called from mp_init_hrm_pool
[  327.696856] CPU: 0 PID: 1875 Comm: insmod Tainted: G           OE     5.19.0-1024-aws #25~22.04.1-Ubuntu
[  327.696857] Hardware name: Amazon EC2 inf1.xlarge/, BIOS 1.0 10/16/2017
[  327.696858] Call Trace:
[  327.696859]  <TASK>
[  327.696860]  show_stack+0x52/0x69
[  327.696862]  dump_stack_lvl+0x49/0x6d
[  327.696864]  dump_stack+0x10/0x18
[  327.696866]  mpset_constructor+0x322/0xa82 [neuron]
[  327.696877]  ? kmalloc_order+0x6b/0xa0
[  327.696880]  ? kmem_cache_alloc_trace+0x199/0x2f0
[  327.696882]  ? kmalloc_order_trace+0x1d/0xb0
[  327.696883]  neuron_pci_probe+0x3dd/0x610 [neuron]
[  327.696892]  local_pci_probe+0x4b/0x90
[  327.696895]  pci_call_probe+0x55/0x180
[  327.696897]  pci_device_probe+0x84/0x120
[  327.696899]  really_probe+0x1e4/0x3c0
[  327.696901]  __driver_probe_device+0x12a/0x1b0
[  327.696903]  driver_probe_device+0x23/0xd0
[  327.696904]  __driver_attach+0xc3/0x260
[  327.696906]  ? __device_attach_driver+0x160/0x160
[  327.696908]  bus_for_each_dev+0x83/0xe0
[  327.696909]  driver_attach+0x1e/0x30
[  327.696911]  bus_add_driver+0x187/0x230
[  327.696912]  driver_register+0x95/0x110
[  327.696914]  __pci_register_driver+0x68/0x80
[  327.696916]  neuron_pci_module_init+0x25/0x60 [neuron]
[  327.696924]  neuron_module_init+0xd6/0x1000 [neuron]
[  327.696934]  ? 0xffffffffc089f000
[  327.696936]  do_one_initcall+0x49/0x1f0
[  327.696938]  ? kmem_cache_alloc_trace+0x199/0x2f0
[  327.696940]  do_init_module+0x52/0x220
[  327.696942]  load_module+0xb56/0xd30
[  327.696944]  __do_sys_finit_module+0xcc/0x150
[  327.696946]  ? __do_sys_finit_module+0xcc/0x150
[  327.696948]  __x64_sys_finit_module+0x18/0x30
[  327.696950]  do_syscall_64+0x5c/0x90
[  327.696954]  ? do_syscall_64+0x69/0x90
[  327.696965] RSP: 002b:00007ffc8a2104b8 EFLAGS: 00000246 ORIG_RAX: 0000000000000139
[  327.696970] R13: 0000563e65e9b760 R14: 0000563e6589b888 R15: 0000563e65e9b8c0
[  327.696972]  </TASK>
[  327.696972] DMA_STACK_END: End of stack trace for dma_free_coherent
[  327.696973] DMA_INSTRUMENT: About to call dma_alloc_coherent from function mp_init_hrm_pool at /home/ubuntu/cda/orginal/aws-neuronx-2.20.28.0/neuron_mempool.c:268
[  327.696974] DMA_STACK_START: Stack trace for dma_alloc_coherent called from mp_init_hrm_pool
[  327.696975] CPU: 0 PID: 1875 Comm: insmod Tainted: G           OE     5.19.0-1024-aws #25~22.04.1-Ubuntu
[  327.696976] Hardware name: Amazon EC2 inf1.xlarge/, BIOS 1.0 10/16/2017
[  327.696977] Call Trace:
[  327.696977]  <TASK>
[  327.696978]  show_stack+0x52/0x69
[  327.696980]  dump_stack_lvl+0x49/0x6d
[  327.696982]  dump_stack+0x10/0x18
[  327.696984]  mpset_constructor+0x268/0xa82 [neuron]
[  327.696995]  ? kmalloc_order+0x6b/0xa0
[  327.696998]  ? kmem_cache_alloc_trace+0x199/0x2f0
[  327.697000]  ? kmalloc_order_trace+0x1d/0xb0
[  327.697001]  neuron_pci_probe+0x3dd/0x610 [neuron]
[  327.697011]  local_pci_probe+0x4b/0x90
[  327.697013]  pci_call_probe+0x55/0x180
[  327.697015]  pci_device_probe+0x84/0x120
[  327.697017]  really_probe+0x1e4/0x3c0
[  327.697019]  __driver_probe_device+0x12a/0x1b0
[  327.697021]  driver_probe_device+0x23/0xd0
[  327.697022]  __driver_attach+0xc3/0x260
[  327.697024]  ? __device_attach_driver+0x160/0x160
[  327.697026]  bus_for_each_dev+0x83/0xe0
[  327.697029]  bus_add_driver+0x187/0x230
[  327.697032]  __pci_register_driver+0x68/0x80
[  327.697047]  neuron_module_init+0xd6/0x1000 [neuron]
[  327.697065]  ? kmem_cache_alloc_trace+0x199/0x2f0
[  327.697089]  ? syscall_exit_to_user_mode+0x2a/0x50
[  327.697100] RSP: 002b:00007ffc8a2104b8 EFLAGS: 00000246 ORIG_RAX: 0000000000000139
[  327.697102] RAX: ffffffffffffffda RBX: 0000563e65e9b7b0 RCX: 00007fce3fd1e88d
[  327.697103] RDX: 0000000000000000 RSI: 0000563e6589ccd2 RDI: 0000000000000003
[  327.697105] RBP: 0000000000000000 R08: 0000000000000000 R09: 0000000000000000
[  327.697106] R10: 0000000000000003 R11: 0000000000000246 R12: 0000563e6589ccd2
[  327.697107] R13: 0000563e65e9b760 R14: 0000563e6589b888 R15: 0000563e65e9b8c0
[  327.697109]  </TASK>
[  327.697110] DMA_STACK_END: End of stack trace for dma_alloc_coherent
[  327.697177] DMA_INSTRUMENT: About to call dma_free_coherent from function mp_init_hrm_pool at /home/ubuntu/cda/orginal/aws-neuronx-2.20.28.0/neuron_mempool.c:279
[  327.697178] DMA_STACK_START: Stack trace for dma_free_coherent called from mp_init_hrm_pool
[  327.697179] CPU: 0 PID: 1875 Comm: insmod Tainted: G           OE     5.19.0-1024-aws #25~22.04.1-Ubuntu
[  327.697181] Hardware name: Amazon EC2 inf1.xlarge/, BIOS 1.0 10/16/2017
[  327.697181] Call Trace:
[  327.697182]  <TASK>
[  327.697183]  show_stack+0x52/0x69
[  327.697185]  dump_stack_lvl+0x49/0x6d
[  327.697187]  dump_stack+0x10/0x18
[  327.697189]  mpset_constructor+0x322/0xa82 [neuron]
[  327.697202]  ? kmalloc_order+0x6b/0xa0
[  327.697204]  ? kmem_cache_alloc_trace+0x199/0x2f0
[  327.697206]  ? kmalloc_order_trace+0x1d/0xb0
[  327.697208]  neuron_pci_probe+0x3dd/0x610 [neuron]
[  327.697217]  local_pci_probe+0x4b/0x90
[  327.697219]  pci_call_probe+0x55/0x180
[  327.697222]  pci_device_probe+0x84/0x120
[  327.697224]  really_probe+0x1e4/0x3c0
[  327.697226]  __driver_probe_device+0x12a/0x1b0
[  327.697227]  driver_probe_device+0x23/0xd0
[  327.697229]  __driver_attach+0xc3/0x260
[  327.697231]  ? __device_attach_driver+0x160/0x160
[  327.697232]  bus_for_each_dev+0x83/0xe0
[  327.697234]  driver_attach+0x1e/0x30
[  327.697235]  bus_add_driver+0x187/0x230
[  327.697237]  driver_register+0x95/0x110
[  327.697239]  __pci_register_driver+0x68/0x80
[  327.697241]  neuron_pci_module_init+0x25/0x60 [neuron]
[  327.697249]  neuron_module_init+0xd6/0x1000 [neuron]
[  327.697259]  ? 0xffffffffc089f000
[  327.697260]  do_one_initcall+0x49/0x1f0
[  327.697263]  ? kmem_cache_alloc_trace+0x199/0x2f0
[  327.697265]  do_init_module+0x52/0x220
[  327.697267]  load_module+0xb56/0xd30
[  327.697280]  ? do_syscall_64+0x69/0x90
[  327.697288] RIP: 0033:0x7fce3fd1e88d
[  327.697290] RSP: 002b:00007ffc8a2104b8 EFLAGS: 00000246 ORIG_RAX: 0000000000000139
[  327.697295] R13: 0000563e65e9b760 R14: 0000563e6589b888 R15: 0000563e65e9b8c0
[  327.697297]  </TASK>
[  327.697298] DMA_STACK_END: End of stack trace for dma_free_coherent
[  327.697298] DMA_INSTRUMENT: About to call dma_alloc_coherent from function mp_init_hrm_pool at /home/ubuntu/cda/orginal/aws-neuronx-2.20.28.0/neuron_mempool.c:268
[  327.697299] DMA_STACK_START: Stack trace for dma_alloc_coherent called from mp_init_hrm_pool
[  327.697300] CPU: 0 PID: 1875 Comm: insmod Tainted: G           OE     5.19.0-1024-aws #25~22.04.1-Ubuntu
[  327.697302] Hardware name: Amazon EC2 inf1.xlarge/, BIOS 1.0 10/16/2017
[  327.697302] Call Trace:
[  327.697303]  <TASK>
[  327.697304]  show_stack+0x52/0x69
[  327.697306]  dump_stack_lvl+0x49/0x6d
[  327.697308]  dump_stack+0x10/0x18
[  327.697322]  ? kmalloc_order+0x6b/0xa0
[  327.697324]  ? kmem_cache_alloc_trace+0x199/0x2f0
[  327.697328]  neuron_pci_probe+0x3dd/0x610 [neuron]
[  327.697337]  local_pci_probe+0x4b/0x90
[  327.697339]  pci_call_probe+0x55/0x180
[  327.697342]  pci_device_probe+0x84/0x120
[  327.697344]  really_probe+0x1e4/0x3c0
[  327.697346]  __driver_probe_device+0x12a/0x1b0
[  327.697348]  driver_probe_device+0x23/0xd0
[  327.697349]  __driver_attach+0xc3/0x260
[  327.697351]  ? __device_attach_driver+0x160/0x160
[  327.697353]  bus_for_each_dev+0x83/0xe0
[  327.697354]  driver_attach+0x1e/0x30
[  327.697356]  bus_add_driver+0x187/0x230
[  327.697357]  driver_register+0x95/0x110
[  327.697359]  __pci_register_driver+0x68/0x80
[  327.697369]  neuron_module_init+0xd6/0x1000 [neuron]
[  327.697381]  do_one_initcall+0x49/0x1f0
[  327.697399]  ? do_syscall_64+0x69/0x90
[  327.697407] RIP: 0033:0x7fce3fd1e88d
[  327.697409] RSP: 002b:00007ffc8a2104b8 EFLAGS: 00000246 ORIG_RAX: 0000000000000139
[  327.697411] RAX: ffffffffffffffda RBX: 0000563e65e9b7b0 RCX: 00007fce3fd1e88d
[  327.697412] RDX: 0000000000000000 RSI: 0000563e6589ccd2 RDI: 0000000000000003
[  327.697413] RBP: 0000000000000000 R08: 0000000000000000 R09: 0000000000000000
[  327.697414] R10: 0000000000000003 R11: 0000000000000246 R12: 0000563e6589ccd2
[  327.697415] R13: 0000563e65e9b760 R14: 0000563e6589b888 R15: 0000563e65e9b8c0
[  327.697416]  </TASK>
[  327.697417] DMA_STACK_END: End of stack trace for dma_alloc_coherent
[  327.697468] DMA_INSTRUMENT: About to call dma_free_coherent from function mp_init_hrm_pool at /home/ubuntu/cda/orginal/aws-neuronx-2.20.28.0/neuron_mempool.c:279
[  327.697469] DMA_STACK_START: Stack trace for dma_free_coherent called from mp_init_hrm_pool
[  327.697470] CPU: 0 PID: 1875 Comm: insmod Tainted: G           OE     5.19.0-1024-aws #25~22.04.1-Ubuntu
[  327.697472] Hardware name: Amazon EC2 inf1.xlarge/, BIOS 1.0 10/16/2017
[  327.697472] Call Trace:
[  327.697473]  <TASK>
[  327.697474]  show_stack+0x52/0x69
[  327.697476]  dump_stack_lvl+0x49/0x6d
[  327.697478]  dump_stack+0x10/0x18
[  327.697479]  mpset_constructor+0x322/0xa82 [neuron]
[  327.697491]  ? kmalloc_order+0x6b/0xa0
[  327.697494]  ? kmem_cache_alloc_trace+0x199/0x2f0
[  327.697496]  ? kmalloc_order_trace+0x1d/0xb0
[  327.697497]  neuron_pci_probe+0x3dd/0x610 [neuron]
[  327.697506]  local_pci_probe+0x4b/0x90
[  327.697509]  pci_call_probe+0x55/0x180
[  327.697511]  pci_device_probe+0x84/0x120
[  327.697514]  really_probe+0x1e4/0x3c0
[  327.697515]  __driver_probe_device+0x12a/0x1b0
[  327.697517]  driver_probe_device+0x23/0xd0
[  327.697519]  __driver_attach+0xc3/0x260
[  327.697520]  ? __device_attach_driver+0x160/0x160
[  327.697522]  bus_for_each_dev+0x83/0xe0
[  327.697523]  driver_attach+0x1e/0x30
[  327.697525]  bus_add_driver+0x187/0x230
[  327.697526]  driver_register+0x95/0x110
[  327.697528]  __pci_register_driver+0x68/0x80
[  327.697530]  neuron_pci_module_init+0x25/0x60 [neuron]
[  327.697539]  neuron_module_init+0xd6/0x1000 [neuron]
[  327.697549]  ? 0xffffffffc089f000
[  327.697550]  do_one_initcall+0x49/0x1f0
[  327.697552]  ? kmem_cache_alloc_trace+0x199/0x2f0
[  327.697555]  do_init_module+0x52/0x220
[  327.697556]  load_module+0xb56/0xd30
[  327.697566]  ? exit_to_user_mode_prepare+0x3b/0xd0
[  327.697577] RIP: 0033:0x7fce3fd1e88d
[  327.697579] RSP: 002b:00007ffc8a2104b8 EFLAGS: 00000246 ORIG_RAX: 0000000000000139
[  327.697585] R13: 0000563e65e9b760 R14: 0000563e6589b888 R15: 0000563e65e9b8c0
[  327.697586]  </TASK>
[  327.697587] DMA_INSTRUMENT: About to call dma_alloc_coherent from function mp_init_hrm_pool at /home/ubuntu/cda/orginal/aws-neuronx-2.20.28.0/neuron_mempool.c:268
[  327.697588] DMA_STACK_START: Stack trace for dma_alloc_coherent called from mp_init_hrm_pool
[  327.697589] CPU: 0 PID: 1875 Comm: insmod Tainted: G           OE     5.19.0-1024-aws #25~22.04.1-Ubuntu
[  327.697591] Hardware name: Amazon EC2 inf1.xlarge/, BIOS 1.0 10/16/2017
[  327.697591] Call Trace:
[  327.697592]  <TASK>
[  327.697592]  show_stack+0x52/0x69
[  327.697595]  dump_stack_lvl+0x49/0x6d
[  327.697597]  dump_stack+0x10/0x18
[  327.697611]  ? kmalloc_order+0x6b/0xa0
[  327.697613]  ? kmem_cache_alloc_trace+0x199/0x2f0
[  327.697615]  ? kmalloc_order_trace+0x1d/0xb0
[  327.697617]  neuron_pci_probe+0x3dd/0x610 [neuron]
[  327.697626]  local_pci_probe+0x4b/0x90
[  327.697628]  pci_call_probe+0x55/0x180
[  327.697630]  pci_device_probe+0x84/0x120
[  327.697633]  really_probe+0x1e4/0x3c0
[  327.697634]  __driver_probe_device+0x12a/0x1b0
[  327.697636]  driver_probe_device+0x23/0xd0
[  327.697638]  __driver_attach+0xc3/0x260
[  327.697639]  ? __device_attach_driver+0x160/0x160
[  327.697641]  bus_for_each_dev+0x83/0xe0
[  327.697642]  driver_attach+0x1e/0x30
[  327.697647]  __pci_register_driver+0x68/0x80
[  327.697657]  neuron_module_init+0xd6/0x1000 [neuron]
[  327.697671]  ? kmem_cache_alloc_trace+0x199/0x2f0
[  327.697688]  ? do_syscall_64+0x69/0x90
[  327.697696] RIP: 0033:0x7fce3fd1e88d
[  327.697698] RSP: 002b:00007ffc8a2104b8 EFLAGS: 00000246 ORIG_RAX: 0000000000000139
[  327.697699] RAX: ffffffffffffffda RBX: 0000563e65e9b7b0 RCX: 00007fce3fd1e88d
[  327.697700] RDX: 0000000000000000 RSI: 0000563e6589ccd2 RDI: 0000000000000003
[  327.697701] RBP: 0000000000000000 R08: 0000000000000000 R09: 0000000000000000
[  327.697702] R10: 0000000000000003 R11: 0000000000000246 R12: 0000563e6589ccd2
[  327.697703] R13: 0000563e65e9b760 R14: 0000563e6589b888 R15: 0000563e65e9b8c0
[  327.697705]  </TASK>
[  327.697706] DMA_STACK_END: End of stack trace for dma_alloc_coherent
[  327.697759] DMA_INSTRUMENT: About to call dma_free_coherent from function mp_init_hrm_pool at /home/ubuntu/cda/orginal/aws-neuronx-2.20.28.0/neuron_mempool.c:279
[  327.697761] DMA_STACK_START: Stack trace for dma_free_coherent called from mp_init_hrm_pool
[  327.697761] CPU: 0 PID: 1875 Comm: insmod Tainted: G           OE     5.19.0-1024-aws #25~22.04.1-Ubuntu
[  327.697763] Hardware name: Amazon EC2 inf1.xlarge/, BIOS 1.0 10/16/2017
[  327.697764] Call Trace:
[  327.697764]  <TASK>
[  327.697765]  show_stack+0x52/0x69
[  327.697767]  dump_stack_lvl+0x49/0x6d
[  327.697769]  dump_stack+0x10/0x18
[  327.697771]  mpset_constructor+0x322/0xa82 [neuron]
[  327.697783]  ? kmalloc_order+0x6b/0xa0
[  327.697785]  ? kmem_cache_alloc_trace+0x199/0x2f0
[  327.697787]  ? kmalloc_order_trace+0x1d/0xb0
[  327.697789]  neuron_pci_probe+0x3dd/0x610 [neuron]
[  327.697797]  local_pci_probe+0x4b/0x90
[  327.697800]  pci_call_probe+0x55/0x180
[  327.697802]  pci_device_probe+0x84/0x120
[  327.697804]  really_probe+0x1e4/0x3c0
[  327.697806]  __driver_probe_device+0x12a/0x1b0
[  327.697808]  driver_probe_device+0x23/0xd0
[  327.697809]  __driver_attach+0xc3/0x260
[  327.697811]  ? __device_attach_driver+0x160/0x160
[  327.697813]  bus_for_each_dev+0x83/0xe0
[  327.697814]  driver_attach+0x1e/0x30
[  327.697816]  bus_add_driver+0x187/0x230
[  327.697817]  driver_register+0x95/0x110
[  327.697819]  __pci_register_driver+0x68/0x80
[  327.697821]  neuron_pci_module_init+0x25/0x60 [neuron]
[  327.697829]  neuron_module_init+0xd6/0x1000 [neuron]
[  327.697839]  ? 0xffffffffc089f000
[  327.697841]  do_one_initcall+0x49/0x1f0
[  327.697843]  ? kmem_cache_alloc_trace+0x199/0x2f0
[  327.697845]  do_init_module+0x52/0x220
[  327.697847]  load_module+0xb56/0xd30
[  327.697849]  __do_sys_finit_module+0xcc/0x150
[  327.697851]  ? __do_sys_finit_module+0xcc/0x150
[  327.697853]  __x64_sys_finit_module+0x18/0x30
[  327.697862]  ? syscall_exit_to_user_mode+0x2a/0x50
[  327.697870] RSP: 002b:00007ffc8a2104b8 EFLAGS: 00000246 ORIG_RAX: 0000000000000139
[  327.697873] RDX: 0000000000000000 RSI: 0000563e6589ccd2 RDI: 0000000000000003
[  327.697877]  </TASK>
[  327.697878] DMA_STACK_END: End of stack trace for dma_free_coherent
[  327.697878] DMA_INSTRUMENT: About to call dma_alloc_coherent from function mp_init_hrm_pool at /home/ubuntu/cda/orginal/aws-neuronx-2.20.28.0/neuron_mempool.c:268
[  327.697879] DMA_STACK_START: Stack trace for dma_alloc_coherent called from mp_init_hrm_pool
[  327.697880] CPU: 0 PID: 1875 Comm: insmod Tainted: G           OE     5.19.0-1024-aws #25~22.04.1-Ubuntu
[  327.697881] Hardware name: Amazon EC2 inf1.xlarge/, BIOS 1.0 10/16/2017
[  327.697882] Call Trace:
[  327.697883]  <TASK>
[  327.697883]  show_stack+0x52/0x69
[  327.697885]  dump_stack_lvl+0x49/0x6d
[  327.697887]  dump_stack+0x10/0x18
[  327.697889]  mpset_constructor+0x268/0xa82 [neuron]
[  327.697901]  ? kmalloc_order+0x6b/0xa0
[  327.697903]  ? kmem_cache_alloc_trace+0x199/0x2f0
[  327.697905]  ? kmalloc_order_trace+0x1d/0xb0
[  327.697907]  neuron_pci_probe+0x3dd/0x610 [neuron]
[  327.697916]  local_pci_probe+0x4b/0x90
[  327.697918]  pci_call_probe+0x55/0x180
[  327.697921]  pci_device_probe+0x84/0x120
[  327.697923]  really_probe+0x1e4/0x3c0
[  327.697925]  __driver_probe_device+0x12a/0x1b0
[  327.697926]  driver_probe_device+0x23/0xd0
[  327.697928]  __driver_attach+0xc3/0x260
[  327.697930]  ? __device_attach_driver+0x160/0x160
[  327.697931]  bus_for_each_dev+0x83/0xe0
[  327.697933]  driver_attach+0x1e/0x30
[  327.697934]  bus_add_driver+0x187/0x230
[  327.697940]  neuron_pci_module_init+0x25/0x60 [neuron]
[  327.697958]  ? 0xffffffffc089f000
[  327.697961]  ? kmem_cache_alloc_trace+0x199/0x2f0
[  327.697978]  ? do_syscall_64+0x69/0x90
[  327.697988] RSP: 002b:00007ffc8a2104b8 EFLAGS: 00000246 ORIG_RAX: 0000000000000139
[  327.697990] RAX: ffffffffffffffda RBX: 0000563e65e9b7b0 RCX: 00007fce3fd1e88d
[  327.697991] RDX: 0000000000000000 RSI: 0000563e6589ccd2 RDI: 0000000000000003
[  327.697991] RBP: 0000000000000000 R08: 0000000000000000 R09: 0000000000000000
[  327.697992] R10: 0000000000000003 R11: 0000000000000246 R12: 0000563e6589ccd2
[  327.697993] R13: 0000563e65e9b760 R14: 0000563e6589b888 R15: 0000563e65e9b8c0
[  327.697995]  </TASK>
[  327.697996] DMA_STACK_END: End of stack trace for dma_alloc_coherent
[  327.698048] DMA_INSTRUMENT: About to call dma_free_coherent from function mp_init_hrm_pool at /home/ubuntu/cda/orginal/aws-neuronx-2.20.28.0/neuron_mempool.c:279
[  327.698049] DMA_STACK_START: Stack trace for dma_free_coherent called from mp_init_hrm_pool
[  327.698050] CPU: 0 PID: 1875 Comm: insmod Tainted: G           OE     5.19.0-1024-aws #25~22.04.1-Ubuntu
[  327.698051] Hardware name: Amazon EC2 inf1.xlarge/, BIOS 1.0 10/16/2017
[  327.698052] Call Trace:
[  327.698053]  <TASK>
[  327.698053]  show_stack+0x52/0x69
[  327.698055]  dump_stack_lvl+0x49/0x6d
[  327.698057]  dump_stack+0x10/0x18
[  327.698059]  mpset_constructor+0x322/0xa82 [neuron]
[  327.698071]  ? kmalloc_order+0x6b/0xa0
[  327.698073]  ? kmem_cache_alloc_trace+0x199/0x2f0
[  327.698075]  ? kmalloc_order_trace+0x1d/0xb0
[  327.698077]  neuron_pci_probe+0x3dd/0x610 [neuron]
[  327.698086]  local_pci_probe+0x4b/0x90
[  327.698088]  pci_call_probe+0x55/0x180
[  327.698090]  pci_device_probe+0x84/0x120
[  327.698093]  really_probe+0x1e4/0x3c0
[  327.698094]  __driver_probe_device+0x12a/0x1b0
[  327.698096]  driver_probe_device+0x23/0xd0
[  327.698098]  __driver_attach+0xc3/0x260
[  327.698099]  ? __device_attach_driver+0x160/0x160
[  327.698101]  bus_for_each_dev+0x83/0xe0
[  327.698103]  driver_attach+0x1e/0x30
[  327.698104]  bus_add_driver+0x187/0x230
[  327.698106]  driver_register+0x95/0x110
[  327.698107]  __pci_register_driver+0x68/0x80
[  327.698109]  neuron_pci_module_init+0x25/0x60 [neuron]
[  327.698118]  neuron_module_init+0xd6/0x1000 [neuron]
[  327.698128]  ? 0xffffffffc089f000
[  327.698129]  do_one_initcall+0x49/0x1f0
[  327.698131]  ? kmem_cache_alloc_trace+0x199/0x2f0
[  327.698133]  do_init_module+0x52/0x220
[  327.698135]  load_module+0xb56/0xd30
[  327.698137]  __do_sys_finit_module+0xcc/0x150
[  327.698139]  ? __do_sys_finit_module+0xcc/0x150
[  327.698144]  ? exit_to_user_mode_prepare+0x3b/0xd0
[  327.698158] RSP: 002b:00007ffc8a2104b8 EFLAGS: 00000246 ORIG_RAX: 0000000000000139
[  327.698162] R10: 0000000000000003 R11: 0000000000000246 R12: 0000563e6589ccd2
[  327.698165]  </TASK>
[  327.698165] DMA_STACK_END: End of stack trace for dma_free_coherent
[  327.698166] DMA_INSTRUMENT: About to call dma_alloc_coherent from function mp_init_hrm_pool at /home/ubuntu/cda/orginal/aws-neuronx-2.20.28.0/neuron_mempool.c:268
[  327.698167] DMA_STACK_START: Stack trace for dma_alloc_coherent called from mp_init_hrm_pool
[  327.698168] CPU: 0 PID: 1875 Comm: insmod Tainted: G           OE     5.19.0-1024-aws #25~22.04.1-Ubuntu
[  327.698169] Hardware name: Amazon EC2 inf1.xlarge/, BIOS 1.0 10/16/2017
[  327.698170] Call Trace:
[  327.698171]  <TASK>
[  327.698171]  show_stack+0x52/0x69
[  327.698173]  dump_stack_lvl+0x49/0x6d
[  327.698175]  dump_stack+0x10/0x18
[  327.698177]  mpset_constructor+0x268/0xa82 [neuron]
[  327.698189]  ? kmalloc_order+0x6b/0xa0
[  327.698191]  ? kmem_cache_alloc_trace+0x199/0x2f0
[  327.698193]  ? kmalloc_order_trace+0x1d/0xb0
[  327.698195]  neuron_pci_probe+0x3dd/0x610 [neuron]
[  327.698204]  local_pci_probe+0x4b/0x90
[  327.698206]  pci_call_probe+0x55/0x180
[  327.698208]  pci_device_probe+0x84/0x120
[  327.698211]  really_probe+0x1e4/0x3c0
[  327.698212]  __driver_probe_device+0x12a/0x1b0
[  327.698214]  driver_probe_device+0x23/0xd0
[  327.698216]  __driver_attach+0xc3/0x260
[  327.698217]  ? __device_attach_driver+0x160/0x160
[  327.698222]  bus_add_driver+0x187/0x230
[  327.698225]  __pci_register_driver+0x68/0x80
[  327.698245]  ? 0xffffffffc089f000
[  327.698249]  ? kmem_cache_alloc_trace+0x199/0x2f0
[  327.698268]  ? syscall_exit_to_user_mode+0x2a/0x50
[  327.698276] RSP: 002b:00007ffc8a2104b8 EFLAGS: 00000246 ORIG_RAX: 0000000000000139
[  327.698277] RAX: ffffffffffffffda RBX: 0000563e65e9b7b0 RCX: 00007fce3fd1e88d
[  327.698278] RDX: 0000000000000000 RSI: 0000563e6589ccd2 RDI: 0000000000000003
[  327.698279] RBP: 0000000000000000 R08: 0000000000000000 R09: 0000000000000000
[  327.698280] R10: 0000000000000003 R11: 0000000000000246 R12: 0000563e6589ccd2
[  327.698281] R13: 0000563e65e9b760 R14: 0000563e6589b888 R15: 0000563e65e9b8c0
[  327.698282]  </TASK>
[  327.698283] DMA_STACK_END: End of stack trace for dma_alloc_coherent
[  327.698346] DMA_INSTRUMENT: About to call dma_free_coherent from function mp_init_hrm_pool at /home/ubuntu/cda/orginal/aws-neuronx-2.20.28.0/neuron_mempool.c:279
[  327.698347] DMA_STACK_START: Stack trace for dma_free_coherent called from mp_init_hrm_pool
[  327.698348] CPU: 0 PID: 1875 Comm: insmod Tainted: G           OE     5.19.0-1024-aws #25~22.04.1-Ubuntu
[  327.698349] Hardware name: Amazon EC2 inf1.xlarge/, BIOS 1.0 10/16/2017
[  327.698350] Call Trace:
[  327.698350]  <TASK>
[  327.698351]  show_stack+0x52/0x69
[  327.698353]  dump_stack_lvl+0x49/0x6d
[  327.698355]  dump_stack+0x10/0x18
[  327.698357]  mpset_constructor+0x322/0xa82 [neuron]
[  327.698369]  ? kmalloc_order+0x6b/0xa0
[  327.698372]  ? kmem_cache_alloc_trace+0x199/0x2f0
[  327.698374]  ? kmalloc_order_trace+0x1d/0xb0
[  327.698375]  neuron_pci_probe+0x3dd/0x610 [neuron]
[  327.698384]  local_pci_probe+0x4b/0x90
[  327.698387]  pci_call_probe+0x55/0x180
[  327.698389]  pci_device_probe+0x84/0x120
[  327.698391]  really_probe+0x1e4/0x3c0
[  327.698393]  __driver_probe_device+0x12a/0x1b0
[  327.698395]  driver_probe_device+0x23/0xd0
[  327.698396]  __driver_attach+0xc3/0x260
[  327.698398]  ? __device_attach_driver+0x160/0x160
[  327.698400]  bus_for_each_dev+0x83/0xe0
[  327.698401]  driver_attach+0x1e/0x30
[  327.698402]  bus_add_driver+0x187/0x230
[  327.698404]  driver_register+0x95/0x110
[  327.698406]  __pci_register_driver+0x68/0x80
[  327.698408]  neuron_pci_module_init+0x25/0x60 [neuron]
[  327.698416]  neuron_module_init+0xd6/0x1000 [neuron]
[  327.698426]  ? 0xffffffffc089f000
[  327.698427]  do_one_initcall+0x49/0x1f0
[  327.698429]  ? kmem_cache_alloc_trace+0x199/0x2f0
[  327.698432]  do_init_module+0x52/0x220
[  327.698434]  load_module+0xb56/0xd30
[  327.698436]  __do_sys_finit_module+0xcc/0x150
[  327.698438]  ? __do_sys_finit_module+0xcc/0x150
[  327.698440]  __x64_sys_finit_module+0x18/0x30
[  327.698442]  do_syscall_64+0x5c/0x90
[  327.698443]  ? exit_to_user_mode_prepare+0x3b/0xd0
[  327.698444]  ? syscall_exit_to_user_mode+0x2a/0x50
[  327.698446]  ? do_syscall_64+0x69/0x90
[  327.698447]  ? exit_to_user_mode_prepare+0x3b/0xd0
[  327.698454] RIP: 0033:0x7fce3fd1e88d
[  327.698456] RSP: 002b:00007ffc8a2104b8 EFLAGS: 00000246 ORIG_RAX: 0000000000000139
[  327.698462] R13: 0000563e65e9b760 R14: 0000563e6589b888 R15: 0000563e65e9b8c0
[  327.698463]  </TASK>
[  327.698464] DMA_STACK_END: End of stack trace for dma_free_coherent
[  327.698465] DMA_INSTRUMENT: About to call dma_alloc_coherent from function mp_init_hrm_pool at /home/ubuntu/cda/orginal/aws-neuronx-2.20.28.0/neuron_mempool.c:268
[  327.698466] DMA_STACK_START: Stack trace for dma_alloc_coherent called from mp_init_hrm_pool
[  327.698466] CPU: 0 PID: 1875 Comm: insmod Tainted: G           OE     5.19.0-1024-aws #25~22.04.1-Ubuntu
[  327.698468] Hardware name: Amazon EC2 inf1.xlarge/, BIOS 1.0 10/16/2017
[  327.698469] Call Trace:
[  327.698469]  <TASK>
[  327.698470]  show_stack+0x52/0x69
[  327.698472]  dump_stack_lvl+0x49/0x6d
[  327.698474]  dump_stack+0x10/0x18
[  327.698476]  mpset_constructor+0x268/0xa82 [neuron]
[  327.698488]  ? kmalloc_order+0x6b/0xa0
[  327.698490]  ? kmem_cache_alloc_trace+0x199/0x2f0
[  327.698492]  ? kmalloc_order_trace+0x1d/0xb0
[  327.698494]  neuron_pci_probe+0x3dd/0x610 [neuron]
[  327.698502]  local_pci_probe+0x4b/0x90
[  327.698505]  pci_call_probe+0x55/0x180
[  327.698507]  pci_device_probe+0x84/0x120
[  327.698509]  really_probe+0x1e4/0x3c0
[  327.698511]  __driver_probe_device+0x12a/0x1b0
[  327.698513]  driver_probe_device+0x23/0xd0
[  327.698514]  __driver_attach+0xc3/0x260
[  327.698516]  ? __device_attach_driver+0x160/0x160
[  327.698518]  bus_for_each_dev+0x83/0xe0
[  327.698519]  driver_attach+0x1e/0x30
[  327.698520]  bus_add_driver+0x187/0x230
[  327.698524]  __pci_register_driver+0x68/0x80
[  327.698543]  neuron_module_init+0xd6/0x1000 [neuron]
[  327.698556]  ? kmem_cache_alloc_trace+0x199/0x2f0
[  327.698572]  ? do_syscall_64+0x69/0x90
[  327.698580] RIP: 0033:0x7fce3fd1e88d
[  327.698583] RSP: 002b:00007ffc8a2104b8 EFLAGS: 00000246 ORIG_RAX: 0000000000000139
[  327.698584] RAX: ffffffffffffffda RBX: 0000563e65e9b7b0 RCX: 00007fce3fd1e88d
[  327.698585] RDX: 0000000000000000 RSI: 0000563e6589ccd2 RDI: 0000000000000003
[  327.698586] RBP: 0000000000000000 R08: 0000000000000000 R09: 0000000000000000
[  327.698587] R10: 0000000000000003 R11: 0000000000000246 R12: 0000563e6589ccd2
[  327.698588] R13: 0000563e65e9b760 R14: 0000563e6589b888 R15: 0000563e65e9b8c0
[  327.698590]  </TASK>
[  327.698609] DMA_STACK_END: End of stack trace for dma_alloc_coherent
[  327.698686] DMA_INSTRUMENT: About to call dma_free_coherent from function mp_init_hrm_pool at /home/ubuntu/cda/orginal/aws-neuronx-2.20.28.0/neuron_mempool.c:279
[  327.698689] DMA_STACK_START: Stack trace for dma_free_coherent called from mp_init_hrm_pool
[  327.698690] CPU: 0 PID: 1875 Comm: insmod Tainted: G           OE     5.19.0-1024-aws #25~22.04.1-Ubuntu
[  327.698693] Hardware name: Amazon EC2 inf1.xlarge/, BIOS 1.0 10/16/2017
[  327.698694] Call Trace:
[  327.698696]  <TASK>
[  327.698697]  show_stack+0x52/0x69
[  327.698700]  dump_stack_lvl+0x49/0x6d
[  327.698703]  dump_stack+0x10/0x18
[  327.698706]  mpset_constructor+0x322/0xa82 [neuron]
[  327.698724]  ? kmalloc_order+0x6b/0xa0
[  327.698728]  ? kmem_cache_alloc_trace+0x199/0x2f0
[  327.698731]  ? kmalloc_order_trace+0x1d/0xb0
[  327.698733]  neuron_pci_probe+0x3dd/0x610 [neuron]
[  327.698747]  local_pci_probe+0x4b/0x90
[  327.698750]  pci_call_probe+0x55/0x180
[  327.698754]  pci_device_probe+0x84/0x120
[  327.698757]  really_probe+0x1e4/0x3c0
[  327.698760]  __driver_probe_device+0x12a/0x1b0
[  327.698762]  driver_probe_device+0x23/0xd0
[  327.698764]  __driver_attach+0xc3/0x260
[  327.698767]  ? __device_attach_driver+0x160/0x160
[  327.698770]  bus_for_each_dev+0x83/0xe0
[  327.698772]  driver_attach+0x1e/0x30
[  327.698775]  bus_add_driver+0x187/0x230
[  327.698777]  driver_register+0x95/0x110
[  327.698780]  __pci_register_driver+0x68/0x80
[  327.698783]  neuron_pci_module_init+0x25/0x60 [neuron]
[  327.698796]  neuron_module_init+0xd6/0x1000 [neuron]
[  327.698814]  ? 0xffffffffc089f000
[  327.698815]  do_one_initcall+0x49/0x1f0
[  327.698817]  ? kmem_cache_alloc_trace+0x199/0x2f0
[  327.698820]  do_init_module+0x52/0x220
[  327.698823]  load_module+0xb56/0xd30
[  327.698826]  __do_sys_finit_module+0xcc/0x150
[  327.698828]  ? __do_sys_finit_module+0xcc/0x150
[  327.698843]  ? do_syscall_64+0x69/0x90
[  327.698857] RIP: 0033:0x7fce3fd1e88d
[  327.698861] RSP: 002b:00007ffc8a2104b8 EFLAGS: 00000246 ORIG_RAX: 0000000000000139
[  327.698871] R13: 0000563e65e9b760 R14: 0000563e6589b888 R15: 0000563e65e9b8c0
[  327.698875]  </TASK>
[  327.698876] DMA_STACK_END: End of stack trace for dma_free_coherent
[  327.698877] DMA_INSTRUMENT: About to call dma_alloc_coherent from function mp_init_hrm_pool at /home/ubuntu/cda/orginal/aws-neuronx-2.20.28.0/neuron_mempool.c:268
[  327.698879] DMA_STACK_START: Stack trace for dma_alloc_coherent called from mp_init_hrm_pool
[  327.698880] CPU: 0 PID: 1875 Comm: insmod Tainted: G           OE     5.19.0-1024-aws #25~22.04.1-Ubuntu
[  327.698883] Hardware name: Amazon EC2 inf1.xlarge/, BIOS 1.0 10/16/2017
[  327.698884] Call Trace:
[  327.698886]  <TASK>
[  327.698887]  show_stack+0x52/0x69
[  327.698890]  dump_stack_lvl+0x49/0x6d
[  327.698893]  dump_stack+0x10/0x18
[  327.698914]  ? kmalloc_order+0x6b/0xa0
[  327.698917]  ? kmem_cache_alloc_trace+0x199/0x2f0
[  327.698921]  ? kmalloc_order_trace+0x1d/0xb0
[  327.698923]  neuron_pci_probe+0x3dd/0x610 [neuron]
[  327.698938]  local_pci_probe+0x4b/0x90
[  327.698941]  pci_call_probe+0x55/0x180
[  327.698944]  pci_device_probe+0x84/0x120
[  327.698948]  really_probe+0x1e4/0x3c0
[  327.698951]  __driver_probe_device+0x12a/0x1b0
[  327.698953]  driver_probe_device+0x23/0xd0
[  327.698956]  __driver_attach+0xc3/0x260
[  327.698958]  ? __device_attach_driver+0x160/0x160
[  327.698961]  bus_for_each_dev+0x83/0xe0
[  327.698966]  bus_add_driver+0x187/0x230
[  327.698972]  __pci_register_driver+0x68/0x80
[  327.699004]  ? 0xffffffffc089f000
[  327.699009]  ? kmem_cache_alloc_trace+0x199/0x2f0
[  327.699032]  ? do_syscall_64+0x69/0x90
[  327.699045] RIP: 0033:0x7fce3fd1e88d
[  327.699048] RSP: 002b:00007ffc8a2104b8 EFLAGS: 00000246 ORIG_RAX: 0000000000000139
[  327.699051] RAX: ffffffffffffffda RBX: 0000563e65e9b7b0 RCX: 00007fce3fd1e88d
[  327.699053] RDX: 0000000000000000 RSI: 0000563e6589ccd2 RDI: 0000000000000003
[  327.699055] RBP: 0000000000000000 R08: 0000000000000000 R09: 0000000000000000
[  327.699057] R10: 0000000000000003 R11: 0000000000000246 R12: 0000563e6589ccd2
[  327.699059] R13: 0000563e65e9b760 R14: 0000563e6589b888 R15: 0000563e65e9b8c0
[  327.699062]  </TASK>
[  327.699063] DMA_STACK_END: End of stack trace for dma_alloc_coherent
[  327.699125] DMA_INSTRUMENT: About to call dma_free_coherent from function mp_init_hrm_pool at /home/ubuntu/cda/orginal/aws-neuronx-2.20.28.0/neuron_mempool.c:279
[  327.699127] DMA_STACK_START: Stack trace for dma_free_coherent called from mp_init_hrm_pool
[  327.699128] CPU: 0 PID: 1875 Comm: insmod Tainted: G           OE     5.19.0-1024-aws #25~22.04.1-Ubuntu
[  327.699130] Hardware name: Amazon EC2 inf1.xlarge/, BIOS 1.0 10/16/2017
[  327.699131] Call Trace:
[  327.699132]  <TASK>
[  327.699134]  show_stack+0x52/0x69
[  327.699137]  dump_stack_lvl+0x49/0x6d
[  327.699140]  dump_stack+0x10/0x18
[  327.699142]  mpset_constructor+0x322/0xa82 [neuron]
[  327.699160]  ? kmalloc_order+0x6b/0xa0
[  327.699163]  ? kmem_cache_alloc_trace+0x199/0x2f0
[  327.699166]  ? kmalloc_order_trace+0x1d/0xb0
[  327.699169]  neuron_pci_probe+0x3dd/0x610 [neuron]
[  327.699183]  local_pci_probe+0x4b/0x90
[  327.699186]  pci_call_probe+0x55/0x180
[  327.699190]  pci_device_probe+0x84/0x120
[  327.699193]  really_probe+0x1e4/0x3c0
[  327.699195]  __driver_probe_device+0x12a/0x1b0
[  327.699198]  driver_probe_device+0x23/0xd0
[  327.699200]  __driver_attach+0xc3/0x260
[  327.699203]  ? __device_attach_driver+0x160/0x160
[  327.699205]  bus_for_each_dev+0x83/0xe0
[  327.699207]  driver_attach+0x1e/0x30
[  327.699210]  bus_add_driver+0x187/0x230
[  327.699212]  driver_register+0x95/0x110
[  327.699215]  __pci_register_driver+0x68/0x80
[  327.699218]  neuron_pci_module_init+0x25/0x60 [neuron]
[  327.699232]  neuron_module_init+0xd6/0x1000 [neuron]
[  327.699248]  ? 0xffffffffc089f000
[  327.699250]  do_one_initcall+0x49/0x1f0
[  327.699254]  ? kmem_cache_alloc_trace+0x199/0x2f0
[  327.699282]  ? syscall_exit_to_user_mode+0x2a/0x50
[  327.699294] RSP: 002b:00007ffc8a2104b8 EFLAGS: 00000246 ORIG_RAX: 0000000000000139
[  327.699302] R10: 0000000000000003 R11: 0000000000000246 R12: 0000563e6589ccd2
[  327.699307]  </TASK>
[  327.699308] DMA_STACK_END: End of stack trace for dma_free_coherent
[  327.699309] DMA_INSTRUMENT: About to call dma_alloc_coherent from function mp_init_hrm_pool at /home/ubuntu/cda/orginal/aws-neuronx-2.20.28.0/neuron_mempool.c:268
[  327.699311] DMA_STACK_START: Stack trace for dma_alloc_coherent called from mp_init_hrm_pool
[  327.699313] CPU: 0 PID: 1875 Comm: insmod Tainted: G           OE     5.19.0-1024-aws #25~22.04.1-Ubuntu
[  327.699315] Hardware name: Amazon EC2 inf1.xlarge/, BIOS 1.0 10/16/2017
[  327.699316] Call Trace:
[  327.699317]  <TASK>
[  327.699318]  show_stack+0x52/0x69
[  327.699321]  dump_stack_lvl+0x49/0x6d
[  327.699324]  dump_stack+0x10/0x18
[  327.699327]  mpset_constructor+0x268/0xa82 [neuron]
[  327.699344]  ? kmalloc_order+0x6b/0xa0
[  327.699347]  ? kmem_cache_alloc_trace+0x199/0x2f0
[  327.699350]  ? kmalloc_order_trace+0x1d/0xb0
[  327.699353]  neuron_pci_probe+0x3dd/0x610 [neuron]
[  327.709432] DMA_STACK_START: Stack trace for dma_free_coherent called from mp_init_hrm_pool
[  327.709434] Hardware name: Amazon EC2 inf1.xlarge/, BIOS 1.0 10/16/2017
[  327.709439]  dump_stack_lvl+0x49/0x6d
[  327.709455]  ? kmalloc_order+0x6b/0xa0
[  327.709457]  ? kmem_cache_alloc_trace+0x199/0x2f0
[  327.709459]  ? kmalloc_order_trace+0x1d/0xb0
[  327.709461]  neuron_pci_probe+0x3dd/0x610 [neuron]
[  327.709470]  local_pci_probe+0x4b/0x90
[  327.709472]  pci_call_probe+0x55/0x180
[  327.709475]  pci_device_probe+0x84/0x120
[  327.709477]  really_probe+0x1e4/0x3c0
[  327.709479]  __driver_probe_device+0x12a/0x1b0
[  327.709480]  driver_probe_device+0x23/0xd0
[  327.709482]  __driver_attach+0xc3/0x260
[  327.709484]  ? __device_attach_driver+0x160/0x160
[  327.709485]  bus_for_each_dev+0x83/0xe0
[  327.709487]  driver_attach+0x1e/0x30
[  327.709488]  bus_add_driver+0x187/0x230
[  327.709491]  __pci_register_driver+0x68/0x80
[  327.709502]  neuron_module_init+0xd6/0x1000 [neuron]
[  327.709516]  ? kmem_cache_alloc_trace+0x199/0x2f0
[  327.709539]  ? do_syscall_64+0x69/0x90
[  327.709547] RIP: 0033:0x7fce3fd1e88d
[  327.709550] RSP: 002b:00007ffc8a2104b8 EFLAGS: 00000246 ORIG_RAX: 0000000000000139
[  327.709556] R13: 0000563e65e9b760 R14: 0000563e6589b888 R15: 0000563e65e9b8c0
[  327.709557]  </TASK>
[  327.709558] DMA_STACK_END: End of stack trace for dma_free_coherent
[  327.709559] DMA_INSTRUMENT: About to call dma_alloc_coherent from function mp_init_hrm_pool at /home/ubuntu/cda/orginal/aws-neuronx-2.20.28.0/neuron_mempool.c:268
[  327.709560] DMA_STACK_START: Stack trace for dma_alloc_coherent called from mp_init_hrm_pool
[  327.709561] CPU: 0 PID: 1875 Comm: insmod Tainted: G           OE     5.19.0-1024-aws #25~22.04.1-Ubuntu
[  327.709562] Hardware name: Amazon EC2 inf1.xlarge/, BIOS 1.0 10/16/2017
[  327.709563] Call Trace:
[  327.709563]  <TASK>
[  327.709564]  show_stack+0x52/0x69
[  327.709566]  dump_stack_lvl+0x49/0x6d
[  327.709568]  dump_stack+0x10/0x18
[  327.709570]  mpset_constructor+0x268/0xa82 [neuron]
[  327.709582]  ? kmalloc_order+0x6b/0xa0
[  327.709584]  ? kmem_cache_alloc_trace+0x199/0x2f0
[  327.709586]  ? kmalloc_order_trace+0x1d/0xb0
[  327.709588]  neuron_pci_probe+0x3dd/0x610 [neuron]
[  327.709597]  local_pci_probe+0x4b/0x90
[  327.709599]  pci_call_probe+0x55/0x180
[  327.709602]  pci_device_probe+0x84/0x120
[  327.709604]  really_probe+0x1e4/0x3c0
[  327.709606]  __driver_probe_device+0x12a/0x1b0
[  327.709607]  driver_probe_device+0x23/0xd0
[  327.709609]  __driver_attach+0xc3/0x260
[  327.709611]  ? __device_attach_driver+0x160/0x160
[  327.709612]  bus_for_each_dev+0x83/0xe0
[  327.709614]  driver_attach+0x1e/0x30
[  327.709615]  bus_add_driver+0x187/0x230
[  327.709617]  driver_register+0x95/0x110
[  327.709619]  __pci_register_driver+0x68/0x80
[  327.709639]  ? 0xffffffffc089f000
[  327.709640]  do_one_initcall+0x49/0x1f0
[  327.709655]  do_syscall_64+0x5c/0x90
[  327.709665]  ? syscall_exit_to_user_mode+0x2a/0x50
[  327.709675] RSP: 002b:00007ffc8a2104b8 EFLAGS: 00000246 ORIG_RAX: 0000000000000139
[  327.709677] RAX: ffffffffffffffda RBX: 0000563e65e9b7b0 RCX: 00007fce3fd1e88d
[  327.709678] RDX: 0000000000000000 RSI: 0000563e6589ccd2 RDI: 0000000000000003
[  327.709680] RBP: 0000000000000000 R08: 0000000000000000 R09: 0000000000000000
[  327.709681] R10: 0000000000000003 R11: 0000000000000246 R12: 0000563e6589ccd2
[  327.709682] R13: 0000563e65e9b760 R14: 0000563e6589b888 R15: 0000563e65e9b8c0
[  327.709685]  </TASK>
[  327.709685] DMA_STACK_END: End of stack trace for dma_alloc_coherent
[  327.709751] DMA_INSTRUMENT: About to call dma_free_coherent from function mp_init_hrm_pool at /home/ubuntu/cda/orginal/aws-neuronx-2.20.28.0/neuron_mempool.c:279
[  327.709753] DMA_STACK_START: Stack trace for dma_free_coherent called from mp_init_hrm_pool
[  327.709754] CPU: 0 PID: 1875 Comm: insmod Tainted: G           OE     5.19.0-1024-aws #25~22.04.1-Ubuntu
[  327.709756] Hardware name: Amazon EC2 inf1.xlarge/, BIOS 1.0 10/16/2017
[  327.709757] Call Trace:
[  327.709758]  <TASK>
[  327.709759]  show_stack+0x52/0x69
[  327.709762]  dump_stack_lvl+0x49/0x6d
[  327.709765]  dump_stack+0x10/0x18
[  327.709767]  mpset_constructor+0x322/0xa82 [neuron]
[  327.709782]  ? kmalloc_order+0x6b/0xa0
[  327.709785]  ? kmem_cache_alloc_trace+0x199/0x2f0
[  327.709788]  ? kmalloc_order_trace+0x1d/0xb0
[  327.709790]  neuron_pci_probe+0x3dd/0x610 [neuron]
[  327.709803]  local_pci_probe+0x4b/0x90
[  327.709805]  pci_call_probe+0x55/0x180
[  327.709808]  pci_device_probe+0x84/0x120
[  327.709811]  really_probe+0x1e4/0x3c0
[  327.709814]  __driver_probe_device+0x12a/0x1b0
[  327.709816]  driver_probe_device+0x23/0xd0
[  327.709818]  __driver_attach+0xc3/0x260
[  327.709820]  ? __device_attach_driver+0x160/0x160
[  327.709822]  bus_for_each_dev+0x83/0xe0
[  327.709824]  driver_attach+0x1e/0x30
[  327.709826]  bus_add_driver+0x187/0x230
[  327.709828]  driver_register+0x95/0x110
[  327.709830]  __pci_register_driver+0x68/0x80
[  327.709833]  neuron_pci_module_init+0x25/0x60 [neuron]
[  327.709845]  neuron_module_init+0xd6/0x1000 [neuron]
[  327.709860]  ? 0xffffffffc089f000
[  327.709861]  do_one_initcall+0x49/0x1f0
[  327.709864]  ? kmem_cache_alloc_trace+0x199/0x2f0
[  327.709867]  do_init_module+0x52/0x220
[  327.709869]  load_module+0xb56/0xd30
[  327.709872]  __do_sys_finit_module+0xcc/0x150
[  327.709874]  ? __do_sys_finit_module+0xcc/0x150
[  327.709877]  __x64_sys_finit_module+0x18/0x30
[  327.709880]  do_syscall_64+0x5c/0x90
[  327.709886]  ? do_syscall_64+0x69/0x90
[  327.709899] RSP: 002b:00007ffc8a2104b8 EFLAGS: 00000246 ORIG_RAX: 0000000000000139
[  327.709906] R13: 0000563e65e9b760 R14: 0000563e6589b888 R15: 0000563e65e9b8c0
[  327.709908]  </TASK>
[  327.709909] DMA_STACK_END: End of stack trace for dma_free_coherent
[  327.709910] DMA_INSTRUMENT: About to call dma_alloc_coherent from function mp_init_hrm_pool at /home/ubuntu/cda/orginal/aws-neuronx-2.20.28.0/neuron_mempool.c:268
[  327.709912] DMA_STACK_START: Stack trace for dma_alloc_coherent called from mp_init_hrm_pool
[  327.709913] CPU: 0 PID: 1875 Comm: insmod Tainted: G           OE     5.19.0-1024-aws #25~22.04.1-Ubuntu
[  327.709915] Hardware name: Amazon EC2 inf1.xlarge/, BIOS 1.0 10/16/2017
[  327.709916] Call Trace:
[  327.709916]  <TASK>
[  327.709917]  show_stack+0x52/0x69
[  327.709920]  dump_stack_lvl+0x49/0x6d
[  327.709922]  dump_stack+0x10/0x18
[  327.709925]  mpset_constructor+0x268/0xa82 [neuron]
[  327.709940]  ? kmalloc_order+0x6b/0xa0
[  327.709943]  ? kmem_cache_alloc_trace+0x199/0x2f0
[  327.709946]  ? kmalloc_order_trace+0x1d/0xb0
[  327.709949]  neuron_pci_probe+0x3dd/0x610 [neuron]
[  327.709961]  local_pci_probe+0x4b/0x90
[  327.709965]  pci_call_probe+0x55/0x180
[  327.709968]  pci_device_probe+0x84/0x120
[  327.709971]  really_probe+0x1e4/0x3c0
[  327.709974]  __driver_probe_device+0x12a/0x1b0
[  327.709977]  driver_probe_device+0x23/0xd0
[  327.709980]  __driver_attach+0xc3/0x260
[  327.709982]  ? __device_attach_driver+0x160/0x160
[  327.709984]  bus_for_each_dev+0x83/0xe0
[  327.709987]  driver_attach+0x1e/0x30
[  327.709989]  bus_add_driver+0x187/0x230
[  327.709995]  __pci_register_driver+0x68/0x80
[  327.710012]  neuron_module_init+0xd6/0x1000 [neuron]
[  327.710034]  ? kmem_cache_alloc_trace+0x199/0x2f0
[  327.710062]  ? do_syscall_64+0x69/0x90
[  327.710077] RIP: 0033:0x7fce3fd1e88d
[  327.710082] RSP: 002b:00007ffc8a2104b8 EFLAGS: 00000246 ORIG_RAX: 0000000000000139
[  327.710085] RAX: ffffffffffffffda RBX: 0000563e65e9b7b0 RCX: 00007fce3fd1e88d
[  327.710087] RDX: 0000000000000000 RSI: 0000563e6589ccd2 RDI: 0000000000000003
[  327.710089] RBP: 0000000000000000 R08: 0000000000000000 R09: 0000000000000000
[  327.710092] R10: 0000000000000003 R11: 0000000000000246 R12: 0000563e6589ccd2
[  327.710094] R13: 0000563e65e9b760 R14: 0000563e6589b888 R15: 0000563e65e9b8c0
[  327.710098]  </TASK>
[  327.710100] DMA_STACK_END: End of stack trace for dma_alloc_coherent
[  327.710165] DMA_INSTRUMENT: About to call dma_free_coherent from function mp_init_hrm_pool at /home/ubuntu/cda/orginal/aws-neuronx-2.20.28.0/neuron_mempool.c:279
[  327.710167] DMA_STACK_START: Stack trace for dma_free_coherent called from mp_init_hrm_pool
[  327.710169] CPU: 0 PID: 1875 Comm: insmod Tainted: G           OE     5.19.0-1024-aws #25~22.04.1-Ubuntu
[  327.710172] Hardware name: Amazon EC2 inf1.xlarge/, BIOS 1.0 10/16/2017
[  327.710173] Call Trace:
[  327.710174]  <TASK>
[  327.710176]  show_stack+0x52/0x69
[  327.710179]  dump_stack_lvl+0x49/0x6d
[  327.710182]  dump_stack+0x10/0x18
[  327.710185]  mpset_constructor+0x322/0xa82 [neuron]
[  327.710205]  ? kmalloc_order+0x6b/0xa0
[  327.710208]  ? kmem_cache_alloc_trace+0x199/0x2f0
[  327.710211]  ? kmalloc_order_trace+0x1d/0xb0
[  327.710214]  neuron_pci_probe+0x3dd/0x610 [neuron]
[  327.710228]  local_pci_probe+0x4b/0x90
[  327.710231]  pci_call_probe+0x55/0x180
[  327.710233]  pci_device_probe+0x84/0x120
[  327.710236]  really_probe+0x1e4/0x3c0
[  327.710239]  __driver_probe_device+0x12a/0x1b0
[  327.710241]  driver_probe_device+0x23/0xd0
[  327.710243]  __driver_attach+0xc3/0x260
[  327.710245]  ? __device_attach_driver+0x160/0x160
[  327.710247]  bus_for_each_dev+0x83/0xe0
[  327.710249]  driver_attach+0x1e/0x30
[  327.710251]  bus_add_driver+0x187/0x230
[  327.710254]  driver_register+0x95/0x110
[  327.710256]  __pci_register_driver+0x68/0x80
[  327.710259]  neuron_pci_module_init+0x25/0x60 [neuron]
[  327.710271]  neuron_module_init+0xd6/0x1000 [neuron]
[  327.710287]  ? 0xffffffffc089f000
[  327.710289]  do_one_initcall+0x49/0x1f0
[  327.710292]  ? kmem_cache_alloc_trace+0x199/0x2f0
[  327.710295]  do_init_module+0x52/0x220
[  327.710297]  load_module+0xb56/0xd30
[  327.710300]  __do_sys_finit_module+0xcc/0x150
[  327.710303]  ? __do_sys_finit_module+0xcc/0x150
[  327.710306]  __x64_sys_finit_module+0x18/0x30
[  327.710315]  do_syscall_64+0x5c/0x90
[  327.710317]  ? exit_to_user_mode_prepare+0x3b/0xd0
[  327.710319]  ? syscall_exit_to_user_mode+0x2a/0x50
[  327.710322]  ? do_syscall_64+0x69/0x90
[  327.710333] RIP: 0033:0x7fce3fd1e88d
[  327.710337] RSP: 002b:00007ffc8a2104b8 EFLAGS: 00000246 ORIG_RAX: 0000000000000139
[  327.710347] R13: 0000563e65e9b760 R14: 0000563e6589b888 R15: 0000563e65e9b8c0
[  327.710350]  </TASK>
[  327.710351] DMA_STACK_END: End of stack trace for dma_free_coherent
[  327.710352] DMA_INSTRUMENT: About to call dma_alloc_coherent from function mp_init_hrm_pool at /home/ubuntu/cda/orginal/aws-neuronx-2.20.28.0/neuron_mempool.c:268
[  327.710354] DMA_STACK_START: Stack trace for dma_alloc_coherent called from mp_init_hrm_pool
[  327.710356] CPU: 0 PID: 1875 Comm: insmod Tainted: G           OE     5.19.0-1024-aws #25~22.04.1-Ubuntu
[  327.710358] Hardware name: Amazon EC2 inf1.xlarge/, BIOS 1.0 10/16/2017
[  327.710359] Call Trace:
[  327.710360]  <TASK>
[  327.710361]  show_stack+0x52/0x69
[  327.710364]  dump_stack_lvl+0x49/0x6d
[  327.710367]  dump_stack+0x10/0x18
[  327.710369]  mpset_constructor+0x268/0xa82 [neuron]
[  327.710386]  ? kmalloc_order+0x6b/0xa0
[  327.710389]  ? kmem_cache_alloc_trace+0x199/0x2f0
[  327.710392]  ? kmalloc_order_trace+0x1d/0xb0
[  327.710395]  neuron_pci_probe+0x3dd/0x610 [neuron]
[  327.710408]  local_pci_probe+0x4b/0x90
[  327.710411]  pci_call_probe+0x55/0x180
[  327.710414]  pci_device_probe+0x84/0x120
[  327.710417]  really_probe+0x1e4/0x3c0
[  327.710419]  __driver_probe_device+0x12a/0x1b0
[  327.710422]  driver_probe_device+0x23/0xd0
[  327.710424]  __driver_attach+0xc3/0x260
[  327.710426]  ? __device_attach_driver+0x160/0x160
[  327.710428]  bus_for_each_dev+0x83/0xe0
[  327.710430]  driver_attach+0x1e/0x30
[  327.710432]  bus_add_driver+0x187/0x230
[  327.710435]  driver_register+0x95/0x110
[  327.710437]  __pci_register_driver+0x68/0x80
[  327.710440]  neuron_pci_module_init+0x25/0x60 [neuron]
[  327.710452]  neuron_module_init+0xd6/0x1000 [neuron]
[  327.710468]  ? 0xffffffffc089f000
[  327.710469]  do_one_initcall+0x49/0x1f0
[  327.710472]  ? kmem_cache_alloc_trace+0x199/0x2f0
[  327.710495]  ? do_syscall_64+0x69/0x90
[  327.710510] RSP: 002b:00007ffc8a2104b8 EFLAGS: 00000246 ORIG_RAX: 0000000000000139
[  327.710512] RAX: ffffffffffffffda RBX: 0000563e65e9b7b0 RCX: 00007fce3fd1e88d
[  327.710513] RDX: 0000000000000000 RSI: 0000563e6589ccd2 RDI: 0000000000000003
[  327.710515] RBP: 0000000000000000 R08: 0000000000000000 R09: 0000000000000000
[  327.710517] R10: 0000000000000003 R11: 0000000000000246 R12: 0000563e6589ccd2
[  327.710518] R13: 0000563e65e9b760 R14: 0000563e6589b888 R15: 0000563e65e9b8c0
[  327.710520]  </TASK>
[  327.710521] DMA_STACK_END: End of stack trace for dma_alloc_coherent
[  327.710604] DMA_INSTRUMENT: About to call dma_free_coherent from function mp_init_hrm_pool at /home/ubuntu/cda/orginal/aws-neuronx-2.20.28.0/neuron_mempool.c:279
[  327.710606] DMA_STACK_START: Stack trace for dma_free_coherent called from mp_init_hrm_pool
[  327.710607] CPU: 0 PID: 1875 Comm: insmod Tainted: G           OE     5.19.0-1024-aws #25~22.04.1-Ubuntu
[  327.710609] Hardware name: Amazon EC2 inf1.xlarge/, BIOS 1.0 10/16/2017
[  327.710610] Call Trace:
[  327.710611]  <TASK>
[  327.710612]  show_stack+0x52/0x69
[  327.710615]  dump_stack_lvl+0x49/0x6d
[  327.710617]  dump_stack+0x10/0x18
[  327.710620]  mpset_constructor+0x322/0xa82 [neuron]
[  327.710636]  ? kmalloc_order+0x6b/0xa0
[  327.710639]  ? kmem_cache_alloc_trace+0x199/0x2f0
[  327.710642]  ? kmalloc_order_trace+0x1d/0xb0
[  327.710644]  neuron_pci_probe+0x3dd/0x610 [neuron]
[  327.710657]  local_pci_probe+0x4b/0x90
[  327.710660]  pci_call_probe+0x55/0x180
[  327.710663]  pci_device_probe+0x84/0x120
[  327.710665]  really_probe+0x1e4/0x3c0
[  327.710668]  __driver_probe_device+0x12a/0x1b0
[  327.710670]  driver_probe_device+0x23/0xd0
[  327.710672]  __driver_attach+0xc3/0x260
[  327.710674]  ? __device_attach_driver+0x160/0x160
[  327.710676]  bus_for_each_dev+0x83/0xe0
[  327.710678]  driver_attach+0x1e/0x30
[  327.710680]  bus_add_driver+0x187/0x230
[  327.710683]  driver_register+0x95/0x110
[  327.710685]  __pci_register_driver+0x68/0x80
[  327.710687]  neuron_pci_module_init+0x25/0x60 [neuron]
[  327.710699]  neuron_module_init+0xd6/0x1000 [neuron]
[  327.710714]  ? 0xffffffffc089f000
[  327.710716]  do_one_initcall+0x49/0x1f0
[  327.710719]  ? kmem_cache_alloc_trace+0x199/0x2f0
[  327.710722]  do_init_module+0x52/0x220
[  327.710724]  load_module+0xb56/0xd30
[  327.710727]  __do_sys_finit_module+0xcc/0x150
[  327.710729]  ? __do_sys_finit_module+0xcc/0x150
[  327.710732]  __x64_sys_finit_module+0x18/0x30
[  327.710734]  do_syscall_64+0x5c/0x90
[  327.710736]  ? exit_to_user_mode_prepare+0x3b/0xd0
[  327.710739]  ? syscall_exit_to_user_mode+0x2a/0x50
[  327.710742]  ? do_syscall_64+0x69/0x90
[  327.710744]  ? exit_to_user_mode_prepare+0x3b/0xd0
[  327.710746]  ? syscall_exit_to_user_mode+0x2a/0x50
[  327.710749]  ? do_syscall_64+0x69/0x90
[  327.710751]  entry_SYSCALL_64_after_hwframe+0x63/0xcd
[  327.710759] RSP: 002b:00007ffc8a2104b8 EFLAGS: 00000246 ORIG_RAX: 0000000000000139
[  327.710767] R10: 0000000000000003 R11: 0000000000000246 R12: 0000563e6589ccd2
[  327.710771]  </TASK>
[  327.710772] DMA_STACK_END: End of stack trace for dma_free_coherent
[  327.710773] DMA_INSTRUMENT: About to call dma_alloc_coherent from function mp_init_hrm_pool at /home/ubuntu/cda/orginal/aws-neuronx-2.20.28.0/neuron_mempool.c:268
[  327.710775] DMA_STACK_START: Stack trace for dma_alloc_coherent called from mp_init_hrm_pool
[  327.710776] CPU: 0 PID: 1875 Comm: insmod Tainted: G           OE     5.19.0-1024-aws #25~22.04.1-Ubuntu
[  327.710779] Hardware name: Amazon EC2 inf1.xlarge/, BIOS 1.0 10/16/2017
[  327.710780] Call Trace:
[  327.710782]  <TASK>
[  327.710783]  show_stack+0x52/0x69
[  327.710785]  dump_stack_lvl+0x49/0x6d
[  327.710788]  dump_stack+0x10/0x18
[  327.710790]  mpset_constructor+0x268/0xa82 [neuron]
[  327.710806]  ? kmalloc_order+0x6b/0xa0
[  327.710809]  ? kmem_cache_alloc_trace+0x199/0x2f0
[  327.710812]  ? kmalloc_order_trace+0x1d/0xb0
[  327.710814]  neuron_pci_probe+0x3dd/0x610 [neuron]
[  327.710827]  local_pci_probe+0x4b/0x90
[  327.712003]  ? kmalloc_order_trace+0x1d/0xb0
[  327.712005]  neuron_pci_probe+0x3dd/0x610 [neuron]
[  327.712018]  local_pci_probe+0x4b/0x90
[  327.712021]  pci_call_probe+0x55/0x180
[  327.712024]  pci_device_probe+0x84/0x120
[  327.712027]  really_probe+0x1e4/0x3c0
[  327.712029]  __driver_probe_device+0x12a/0x1b0
[  327.712031]  driver_probe_device+0x23/0xd0
[  327.712033]  __driver_attach+0xc3/0x260
[  327.712036]  ? __device_attach_driver+0x160/0x160
[  327.712038]  bus_for_each_dev+0x83/0xe0
[  327.712040]  driver_attach+0x1e/0x30
[  327.712042]  bus_add_driver+0x187/0x230
[  327.712044]  driver_register+0x95/0x110
[  327.712046]  __pci_register_driver+0x68/0x80
[  327.712049]  neuron_pci_module_init+0x25/0x60 [neuron]
[  327.712061]  neuron_module_init+0xd6/0x1000 [neuron]
[  327.712075]  ? 0xffffffffc089f000
[  327.712077]  do_one_initcall+0x49/0x1f0
[  327.712080]  ? kmem_cache_alloc_trace+0x199/0x2f0
[  327.712083]  do_init_module+0x52/0x220
[  327.712085]  load_module+0xb56/0xd30
[  327.712088]  __do_sys_finit_module+0xcc/0x150
[  327.712091]  ? __do_sys_finit_module+0xcc/0x150
[  327.712094]  __x64_sys_finit_module+0x18/0x30
[  327.712096]  do_syscall_64+0x5c/0x90
[  327.712098]  ? exit_to_user_mode_prepare+0x3b/0xd0
[  327.712100]  ? syscall_exit_to_user_mode+0x2a/0x50
[  327.712103]  ? do_syscall_64+0x69/0x90
[  327.712104]  ? exit_to_user_mode_prepare+0x3b/0xd0
[  327.712106]  ? syscall_exit_to_user_mode+0x2a/0x50
[  327.712109]  ? do_syscall_64+0x69/0x90
[  327.712110]  entry_SYSCALL_64_after_hwframe+0x63/0xcd
[  327.712113] RIP: 0033:0x7fce3fd1e88d
[  327.712115] Code: 5b 41 5c c3 66 0f 1f 84 00 00 00 00 00 f3 0f 1e fa 48 89 f8 48 89 f7 48 89 d6 48 89 ca 4d 89 c2 4d 89 c8 4c 8b 4c 24 08 0f 05 <48> 3d 01 f0 ff ff 73 01 c3 48 8b 0d 73 b5 0f 00 f7 d8 64 89 01 48
[  327.712117] RSP: 002b:00007ffc8a2104b8 EFLAGS: 00000246 ORIG_RAX: 0000000000000139
[  327.712119] RAX: ffffffffffffffda RBX: 0000563e65e9b7b0 RCX: 00007fce3fd1e88d
[  327.712121] RDX: 0000000000000000 RSI: 0000563e6589ccd2 RDI: 0000000000000003
[  327.712122] RBP: 0000000000000000 R08: 0000000000000000 R09: 0000000000000000
[  327.712124] R10: 0000000000000003 R11: 0000000000000246 R12: 0000563e6589ccd2
[  327.712125] R13: 0000563e65e9b760 R14: 0000563e6589b888 R15: 0000563e65e9b8c0
[  327.712128]  </TASK>
[  327.712129] DMA_STACK_END: End of stack trace for dma_alloc_coherent
[  327.712193] DMA_INSTRUMENT: About to call dma_free_coherent from function mp_init_hrm_pool at /home/ubuntu/cda/orginal/aws-neuronx-2.20.28.0/neuron_mempool.c:279
[  327.712194] DMA_STACK_START: Stack trace for dma_free_coherent called from mp_init_hrm_pool
[  327.712196] CPU: 0 PID: 1875 Comm: insmod Tainted: G           OE     5.19.0-1024-aws #25~22.04.1-Ubuntu
[  327.712198] Hardware name: Amazon EC2 inf1.xlarge/, BIOS 1.0 10/16/2017
[  327.712199] Call Trace:
[  327.712199]  <TASK>
[  327.712200]  show_stack+0x52/0x69
[  327.712203]  dump_stack_lvl+0x49/0x6d
[  327.712205]  dump_stack+0x10/0x18
[  327.712208]  mpset_constructor+0x322/0xa82 [neuron]
[  327.712224]  ? kmalloc_order+0x6b/0xa0
[  327.712227]  ? kmem_cache_alloc_trace+0x199/0x2f0
[  327.712230]  ? kmalloc_order_trace+0x1d/0xb0
[  327.712233]  neuron_pci_probe+0x3dd/0x610 [neuron]
[  327.712248]  local_pci_probe+0x4b/0x90
[  327.712251]  pci_call_probe+0x55/0x180
[  327.712254]  pci_device_probe+0x84/0x120
[  327.712258]  really_probe+0x1e4/0x3c0
[  327.712261]  __driver_probe_device+0x12a/0x1b0
[  327.712263]  driver_probe_device+0x23/0xd0
[  327.712265]  __driver_attach+0xc3/0x260
[  327.712268]  ? __device_attach_driver+0x160/0x160
[  327.712270]  bus_for_each_dev+0x83/0xe0
[  327.712272]  driver_attach+0x1e/0x30
[  327.712274]  bus_add_driver+0x187/0x230
[  327.712276]  driver_register+0x95/0x110
[  327.712279]  __pci_register_driver+0x68/0x80
[  327.712281]  neuron_pci_module_init+0x25/0x60 [neuron]
[  327.712293]  neuron_module_init+0xd6/0x1000 [neuron]
[  327.712308]  ? 0xffffffffc089f000
[  327.712309]  do_one_initcall+0x49/0x1f0
[  327.712312]  ? kmem_cache_alloc_trace+0x199/0x2f0
[  327.712315]  do_init_module+0x52/0x220
[  327.712317]  load_module+0xb56/0xd30
[  327.712320]  __do_sys_finit_module+0xcc/0x150
[  327.712322]  ? __do_sys_finit_module+0xcc/0x150
[  327.712325]  __x64_sys_finit_module+0x18/0x30
[  327.712328]  do_syscall_64+0x5c/0x90
[  327.712329]  ? exit_to_user_mode_prepare+0x3b/0xd0
[  327.712331]  ? syscall_exit_to_user_mode+0x2a/0x50
[  327.712334]  ? do_syscall_64+0x69/0x90
[  327.712335]  ? exit_to_user_mode_prepare+0x3b/0xd0
[  327.712337]  ? syscall_exit_to_user_mode+0x2a/0x50
[  327.712339]  ? do_syscall_64+0x69/0x90
[  327.712341]  entry_SYSCALL_64_after_hwframe+0x63/0xcd
[  327.712344] RIP: 0033:0x7fce3fd1e88d
[  327.712346] Code: 5b 41 5c c3 66 0f 1f 84 00 00 00 00 00 f3 0f 1e fa 48 89 f8 48 89 f7 48 89 d6 48 89 ca 4d 89 c2 4d 89 c8 4c 8b 4c 24 08 0f 05 <48> 3d 01 f0 ff ff 73 01 c3 48 8b 0d 73 b5 0f 00 f7 d8 64 89 01 48
[  327.712347] RSP: 002b:00007ffc8a2104b8 EFLAGS: 00000246 ORIG_RAX: 0000000000000139
[  327.712350] RAX: ffffffffffffffda RBX: 0000563e65e9b7b0 RCX: 00007fce3fd1e88d
[  327.712351] RDX: 0000000000000000 RSI: 0000563e6589ccd2 RDI: 0000000000000003
[  327.712353] RBP: 0000000000000000 R08: 0000000000000000 R09: 0000000000000000
[  327.712354] R10: 0000000000000003 R11: 0000000000000246 R12: 0000563e6589ccd2
[  327.712355] R13: 0000563e65e9b760 R14: 0000563e6589b888 R15: 0000563e65e9b8c0
[  327.712358]  </TASK>
[  327.712359] DMA_STACK_END: End of stack trace for dma_free_coherent
[  327.712360] DMA_INSTRUMENT: About to call dma_alloc_coherent from function mp_init_hrm_pool at /home/ubuntu/cda/orginal/aws-neuronx-2.20.28.0/neuron_mempool.c:268
[  327.712361] DMA_STACK_START: Stack trace for dma_alloc_coherent called from mp_init_hrm_pool
[  327.712362] CPU: 0 PID: 1875 Comm: insmod Tainted: G           OE     5.19.0-1024-aws #25~22.04.1-Ubuntu
[  327.712364] Hardware name: Amazon EC2 inf1.xlarge/, BIOS 1.0 10/16/2017
[  327.712365] Call Trace:
[  327.712366]  <TASK>
[  327.712367]  show_stack+0x52/0x69
[  327.712370]  dump_stack_lvl+0x49/0x6d
[  327.712372]  dump_stack+0x10/0x18
[  327.712375]  mpset_constructor+0x268/0xa82 [neuron]
[  327.712393]  ? kmalloc_order+0x6b/0xa0
[  327.712396]  ? kmem_cache_alloc_trace+0x199/0x2f0
[  327.712399]  ? kmalloc_order_trace+0x1d/0xb0
[  327.712402]  neuron_pci_probe+0x3dd/0x610 [neuron]
[  327.712414]  local_pci_probe+0x4b/0x90
[  327.712417]  pci_call_probe+0x55/0x180
[  327.712420]  pci_device_probe+0x84/0x120
[  327.712423]  really_probe+0x1e4/0x3c0
[  327.712425]  __driver_probe_device+0x12a/0x1b0
[  327.712427]  driver_probe_device+0x23/0xd0
[  327.712429]  __driver_attach+0xc3/0x260
[  327.712431]  ? __device_attach_driver+0x160/0x160
[  327.712434]  bus_for_each_dev+0x83/0xe0
[  327.712436]  driver_attach+0x1e/0x30
[  327.712437]  bus_add_driver+0x187/0x230
[  327.712440]  driver_register+0x95/0x110
[  327.712442]  __pci_register_driver+0x68/0x80
[  327.712445]  neuron_pci_module_init+0x25/0x60 [neuron]
[  327.712456]  neuron_module_init+0xd6/0x1000 [neuron]
[  327.712471]  ? 0xffffffffc089f000
[  327.712473]  do_one_initcall+0x49/0x1f0
[  327.712475]  ? kmem_cache_alloc_trace+0x199/0x2f0
[  327.712478]  do_init_module+0x52/0x220
[  327.712481]  load_module+0xb56/0xd30
[  327.712484]  __do_sys_finit_module+0xcc/0x150
[  327.712486]  ? __do_sys_finit_module+0xcc/0x150
[  327.712489]  __x64_sys_finit_module+0x18/0x30
[  327.712491]  do_syscall_64+0x5c/0x90
[  327.712493]  ? exit_to_user_mode_prepare+0x3b/0xd0
[  327.712495]  ? syscall_exit_to_user_mode+0x2a/0x50
[  327.712498]  ? do_syscall_64+0x69/0x90
[  327.712499]  ? exit_to_user_mode_prepare+0x3b/0xd0
[  327.712501]  ? syscall_exit_to_user_mode+0x2a/0x50
[  327.712504]  ? do_syscall_64+0x69/0x90
[  327.712507]  entry_SYSCALL_64_after_hwframe+0x63/0xcd
[  327.712510] RIP: 0033:0x7fce3fd1e88d
[  327.712512] Code: 5b 41 5c c3 66 0f 1f 84 00 00 00 00 00 f3 0f 1e fa 48 89 f8 48 89 f7 48 89 d6 48 89 ca 4d 89 c2 4d 89 c8 4c 8b 4c 24 08 0f 05 <48> 3d 01 f0 ff ff 73 01 c3 48 8b 0d 73 b5 0f 00 f7 d8 64 89 01 48
[  327.712514] RSP: 002b:00007ffc8a2104b8 EFLAGS: 00000246 ORIG_RAX: 0000000000000139
[  327.712516] RAX: ffffffffffffffda RBX: 0000563e65e9b7b0 RCX: 00007fce3fd1e88d
[  327.712518] RDX: 0000000000000000 RSI: 0000563e6589ccd2 RDI: 0000000000000003
[  327.712520] RBP: 0000000000000000 R08: 0000000000000000 R09: 0000000000000000
[  327.712522] R10: 0000000000000003 R11: 0000000000000246 R12: 0000563e6589ccd2
[  327.712524] R13: 0000563e65e9b760 R14: 0000563e6589b888 R15: 0000563e65e9b8c0
[  327.712527]  </TASK>
[  327.712529] DMA_STACK_END: End of stack trace for dma_alloc_coherent
[  327.712593] DMA_INSTRUMENT: About to call dma_free_coherent from function mp_init_hrm_pool at /home/ubuntu/cda/orginal/aws-neuronx-2.20.28.0/neuron_mempool.c:279
[  327.712596] DMA_STACK_START: Stack trace for dma_free_coherent called from mp_init_hrm_pool
[  327.712597] CPU: 0 PID: 1875 Comm: insmod Tainted: G           OE     5.19.0-1024-aws #25~22.04.1-Ubuntu
[  327.712600] Hardware name: Amazon EC2 inf1.xlarge/, BIOS 1.0 10/16/2017
[  327.712601] Call Trace:
[  327.712602]  <TASK>
[  327.712604]  show_stack+0x52/0x69
[  327.712607]  dump_stack_lvl+0x49/0x6d
[  327.712610]  dump_stack+0x10/0x18
[  327.712612]  mpset_constructor+0x322/0xa82 [neuron]
[  327.712630]  ? kmalloc_order+0x6b/0xa0
[  327.712633]  ? kmem_cache_alloc_trace+0x199/0x2f0
[  327.712636]  ? kmalloc_order_trace+0x1d/0xb0
[  327.712638]  neuron_pci_probe+0x3dd/0x610 [neuron]
[  327.712651]  local_pci_probe+0x4b/0x90
[  327.712653]  pci_call_probe+0x55/0x180
[  327.712656]  pci_device_probe+0x84/0x120
[  327.712660]  really_probe+0x1e4/0x3c0
[  327.712662]  __driver_probe_device+0x12a/0x1b0
[  327.712664]  driver_probe_device+0x23/0xd0
[  327.712666]  __driver_attach+0xc3/0x260
[  327.712668]  ? __device_attach_driver+0x160/0x160
[  327.712671]  bus_for_each_dev+0x83/0xe0
[  327.712673]  driver_attach+0x1e/0x30
[  327.712674]  bus_add_driver+0x187/0x230
[  327.712677]  driver_register+0x95/0x110
[  327.712679]  __pci_register_driver+0x68/0x80
[  327.712682]  neuron_pci_module_init+0x25/0x60 [neuron]
[  327.712693]  neuron_module_init+0xd6/0x1000 [neuron]
[  327.712708]  ? 0xffffffffc089f000
[  327.712710]  do_one_initcall+0x49/0x1f0
[  327.712713]  ? kmem_cache_alloc_trace+0x199/0x2f0
[  327.712716]  do_init_module+0x52/0x220
[  327.712718]  load_module+0xb56/0xd30
[  327.712721]  __do_sys_finit_module+0xcc/0x150
[  327.712723]  ? __do_sys_finit_module+0xcc/0x150
[  327.712726]  __x64_sys_finit_module+0x18/0x30
[  327.712729]  do_syscall_64+0x5c/0x90
[  327.712730]  ? exit_to_user_mode_prepare+0x3b/0xd0
[  327.712732]  ? syscall_exit_to_user_mode+0x2a/0x50
[  327.712735]  ? do_syscall_64+0x69/0x90
[  327.712736]  ? exit_to_user_mode_prepare+0x3b/0xd0
[  327.712738]  ? syscall_exit_to_user_mode+0x2a/0x50
[  327.712741]  ? do_syscall_64+0x69/0x90
[  327.712742]  entry_SYSCALL_64_after_hwframe+0x63/0xcd
[  327.712745] RIP: 0033:0x7fce3fd1e88d
[  327.712747] Code: 5b 41 5c c3 66 0f 1f 84 00 00 00 00 00 f3 0f 1e fa 48 89 f8 48 89 f7 48 89 d6 48 89 ca 4d 89 c2 4d 89 c8 4c 8b 4c 24 08 0f 05 <48> 3d 01 f0 ff ff 73 01 c3 48 8b 0d 73 b5 0f 00 f7 d8 64 89 01 48
[  327.712749] RSP: 002b:00007ffc8a2104b8 EFLAGS: 00000246 ORIG_RAX: 0000000000000139
[  327.712751] RAX: ffffffffffffffda RBX: 0000563e65e9b7b0 RCX: 00007fce3fd1e88d
[  327.712752] RDX: 0000000000000000 RSI: 0000563e6589ccd2 RDI: 0000000000000003
[  327.712754] RBP: 0000000000000000 R08: 0000000000000000 R09: 0000000000000000
[  327.712755] R10: 0000000000000003 R11: 0000000000000246 R12: 0000563e6589ccd2
[  327.712757] R13: 0000563e65e9b760 R14: 0000563e6589b888 R15: 0000563e65e9b8c0
[  327.712759]  </TASK>
[  327.712760] DMA_STACK_END: End of stack trace for dma_free_coherent
[  327.712761] DMA_INSTRUMENT: About to call dma_alloc_coherent from function mp_init_hrm_pool at /home/ubuntu/cda/orginal/aws-neuronx-2.20.28.0/neuron_mempool.c:268
[  327.712762] DMA_STACK_START: Stack trace for dma_alloc_coherent called from mp_init_hrm_pool
[  327.712764] CPU: 0 PID: 1875 Comm: insmod Tainted: G           OE     5.19.0-1024-aws #25~22.04.1-Ubuntu
[  327.712766] Hardware name: Amazon EC2 inf1.xlarge/, BIOS 1.0 10/16/2017
[  327.712766] Call Trace:
[  327.712767]  <TASK>
[  327.712768]  show_stack+0x52/0x69
[  327.712771]  dump_stack_lvl+0x49/0x6d
[  327.712774]  dump_stack+0x10/0x18
[  327.712776]  mpset_constructor+0x268/0xa82 [neuron]
[  327.712791]  ? kmalloc_order+0x6b/0xa0
[  327.712794]  ? kmem_cache_alloc_trace+0x199/0x2f0
[  327.712797]  ? kmalloc_order_trace+0x1d/0xb0
[  327.712799]  neuron_pci_probe+0x3dd/0x610 [neuron]
[  327.712811]  local_pci_probe+0x4b/0x90
[  327.712814]  pci_call_probe+0x55/0x180
[  327.712817]  pci_device_probe+0x84/0x120
[  327.712820]  really_probe+0x1e4/0x3c0
[  327.712822]  __driver_probe_device+0x12a/0x1b0
[  327.712824]  driver_probe_device+0x23/0xd0
[  327.712827]  __driver_attach+0xc3/0x260
[  327.712829]  ? __device_attach_driver+0x160/0x160
[  327.712831]  bus_for_each_dev+0x83/0xe0
[  327.712833]  driver_attach+0x1e/0x30
[  327.712835]  bus_add_driver+0x187/0x230
[  327.712837]  driver_register+0x95/0x110
[  327.712839]  __pci_register_driver+0x68/0x80
[  327.712842]  neuron_pci_module_init+0x25/0x60 [neuron]
[  327.712853]  neuron_module_init+0xd6/0x1000 [neuron]
[  327.712868]  ? 0xffffffffc089f000
[  327.712870]  do_one_initcall+0x49/0x1f0
[  327.712873]  ? kmem_cache_alloc_trace+0x199/0x2f0
[  327.712876]  do_init_module+0x52/0x220
[  327.712878]  load_module+0xb56/0xd30
[  327.712881]  __do_sys_finit_module+0xcc/0x150
[  327.712883]  ? __do_sys_finit_module+0xcc/0x150
[  327.712886]  __x64_sys_finit_module+0x18/0x30
[  327.712889]  do_syscall_64+0x5c/0x90
[  327.712890]  ? exit_to_user_mode_prepare+0x3b/0xd0
[  327.712892]  ? syscall_exit_to_user_mode+0x2a/0x50
[  327.712895]  ? do_syscall_64+0x69/0x90
[  327.712897]  ? exit_to_user_mode_prepare+0x3b/0xd0
[  327.712898]  ? syscall_exit_to_user_mode+0x2a/0x50
[  327.712901]  ? do_syscall_64+0x69/0x90
[  327.712903]  entry_SYSCALL_64_after_hwframe+0x63/0xcd
[  327.712906] RIP: 0033:0x7fce3fd1e88d
[  327.712907] Code: 5b 41 5c c3 66 0f 1f 84 00 00 00 00 00 f3 0f 1e fa 48 89 f8 48 89 f7 48 89 d6 48 89 ca 4d 89 c2 4d 89 c8 4c 8b 4c 24 08 0f 05 <48> 3d 01 f0 ff ff 73 01 c3 48 8b 0d 73 b5 0f 00 f7 d8 64 89 01 48
[  327.712909] RSP: 002b:00007ffc8a2104b8 EFLAGS: 00000246 ORIG_RAX: 0000000000000139
[  327.712911] RAX: ffffffffffffffda RBX: 0000563e65e9b7b0 RCX: 00007fce3fd1e88d
[  327.712913] RDX: 0000000000000000 RSI: 0000563e6589ccd2 RDI: 0000000000000003
[  327.712914] RBP: 0000000000000000 R08: 0000000000000000 R09: 0000000000000000
[  327.712916] R10: 0000000000000003 R11: 0000000000000246 R12: 0000563e6589ccd2
[  327.712917] R13: 0000563e65e9b760 R14: 0000563e6589b888 R15: 0000563e65e9b8c0
[  327.712919]  </TASK>
[  327.712920] DMA_STACK_END: End of stack trace for dma_alloc_coherent
[  327.712985] DMA_INSTRUMENT: About to call dma_free_coherent from function mp_init_hrm_pool at /home/ubuntu/cda/orginal/aws-neuronx-2.20.28.0/neuron_mempool.c:279
[  327.712987] DMA_STACK_START: Stack trace for dma_free_coherent called from mp_init_hrm_pool
[  327.712988] CPU: 0 PID: 1875 Comm: insmod Tainted: G           OE     5.19.0-1024-aws #25~22.04.1-Ubuntu
[  327.712991] Hardware name: Amazon EC2 inf1.xlarge/, BIOS 1.0 10/16/2017
[  327.712992] Call Trace:
[  327.712993]  <TASK>
[  327.712994]  show_stack+0x52/0x69
[  327.712998]  dump_stack_lvl+0x49/0x6d
[  327.713000]  dump_stack+0x10/0x18
[  327.713003]  mpset_constructor+0x322/0xa82 [neuron]
[  327.713019]  ? kmalloc_order+0x6b/0xa0
[  327.713022]  ? kmem_cache_alloc_trace+0x199/0x2f0
[  327.713024]  ? kmalloc_order_trace+0x1d/0xb0
[  327.713026]  neuron_pci_probe+0x3dd/0x610 [neuron]
[  327.713039]  local_pci_probe+0x4b/0x90
[  327.713042]  pci_call_probe+0x55/0x180
[  327.713045]  pci_device_probe+0x84/0x120
[  327.713048]  really_probe+0x1e4/0x3c0
[  327.713050]  __driver_probe_device+0x12a/0x1b0
[  327.713052]  driver_probe_device+0x23/0xd0
[  327.713054]  __driver_attach+0xc3/0x260
[  327.713056]  ? __device_attach_driver+0x160/0x160
[  327.713059]  bus_for_each_dev+0x83/0xe0
[  327.713060]  driver_attach+0x1e/0x30
[  327.713062]  bus_add_driver+0x187/0x230
[  327.713064]  driver_register+0x95/0x110
[  327.713067]  __pci_register_driver+0x68/0x80
[  327.713069]  neuron_pci_module_init+0x25/0x60 [neuron]
[  327.713083]  neuron_module_init+0xd6/0x1000 [neuron]
[  327.713100]  ? 0xffffffffc089f000
[  327.713103]  do_one_initcall+0x49/0x1f0
[  327.713106]  ? kmem_cache_alloc_trace+0x199/0x2f0
[  327.713110]  do_init_module+0x52/0x220
[  327.713113]  load_module+0xb56/0xd30
[  327.713117]  __do_sys_finit_module+0xcc/0x150
[  327.713119]  ? __do_sys_finit_module+0xcc/0x150
[  327.713123]  __x64_sys_finit_module+0x18/0x30
[  327.713126]  do_syscall_64+0x5c/0x90
[  327.713128]  ? exit_to_user_mode_prepare+0x3b/0xd0
[  327.713130]  ? syscall_exit_to_user_mode+0x2a/0x50
[  327.713133]  ? do_syscall_64+0x69/0x90
[  327.713135]  ? exit_to_user_mode_prepare+0x3b/0xd0
[  327.713138]  ? syscall_exit_to_user_mode+0x2a/0x50
[  327.713141]  ? do_syscall_64+0x69/0x90
[  327.713143]  entry_SYSCALL_64_after_hwframe+0x63/0xcd
[  327.713146] RIP: 0033:0x7fce3fd1e88d
[  327.713148] Code: 5b 41 5c c3 66 0f 1f 84 00 00 00 00 00 f3 0f 1e fa 48 89 f8 48 89 f7 48 89 d6 48 89 ca 4d 89 c2 4d 89 c8 4c 8b 4c 24 08 0f 05 <48> 3d 01 f0 ff ff 73 01 c3 48 8b 0d 73 b5 0f 00 f7 d8 64 89 01 48
[  327.713150] RSP: 002b:00007ffc8a2104b8 EFLAGS: 00000246 ORIG_RAX: 0000000000000139
[  327.713152] RAX: ffffffffffffffda RBX: 0000563e65e9b7b0 RCX: 00007fce3fd1e88d
[  327.713153] RDX: 0000000000000000 RSI: 0000563e6589ccd2 RDI: 0000000000000003
[  327.713155] RBP: 0000000000000000 R08: 0000000000000000 R09: 0000000000000000
[  327.713156] R10: 0000000000000003 R11: 0000000000000246 R12: 0000563e6589ccd2
[  327.713158] R13: 0000563e65e9b760 R14: 0000563e6589b888 R15: 0000563e65e9b8c0
[  327.713160]  </TASK>
[  327.713161] DMA_STACK_END: End of stack trace for dma_free_coherent
[  327.713162] DMA_INSTRUMENT: About to call dma_alloc_coherent from function mp_init_hrm_pool at /home/ubuntu/cda/orginal/aws-neuronx-2.20.28.0/neuron_mempool.c:268
[  327.713164] DMA_STACK_START: Stack trace for dma_alloc_coherent called from mp_init_hrm_pool
[  327.713165] CPU: 0 PID: 1875 Comm: insmod Tainted: G           OE     5.19.0-1024-aws #25~22.04.1-Ubuntu
[  327.713167] Hardware name: Amazon EC2 inf1.xlarge/, BIOS 1.0 10/16/2017
[  327.713168] Call Trace:
[  327.713169]  <TASK>
[  327.713170]  show_stack+0x52/0x69
[  327.713172]  dump_stack_lvl+0x49/0x6d
[  327.713175]  dump_stack+0x10/0x18
[  327.713177]  mpset_constructor+0x268/0xa82 [neuron]
[  327.713193]  ? kmalloc_order+0x6b/0xa0
[  327.713196]  ? kmem_cache_alloc_trace+0x199/0x2f0
[  327.713198]  ? kmalloc_order_trace+0x1d/0xb0
[  327.713200]  neuron_pci_probe+0x3dd/0x610 [neuron]
[  327.713213]  local_pci_probe+0x4b/0x90
[  327.713216]  pci_call_probe+0x55/0x180
[  327.713219]  pci_device_probe+0x84/0x120
[  327.713221]  really_probe+0x1e4/0x3c0
[  327.713224]  __driver_probe_device+0x12a/0x1b0
[  327.713226]  driver_probe_device+0x23/0xd0
[  327.713228]  __driver_attach+0xc3/0x260
[  327.713230]  ? __device_attach_driver+0x160/0x160
[  327.713233]  bus_for_each_dev+0x83/0xe0
[  327.713234]  driver_attach+0x1e/0x30
[  327.713236]  bus_add_driver+0x187/0x230
[  327.713239]  driver_register+0x95/0x110
[  327.713241]  __pci_register_driver+0x68/0x80
[  327.713243]  neuron_pci_module_init+0x25/0x60 [neuron]
[  327.713255]  neuron_module_init+0xd6/0x1000 [neuron]
[  327.713270]  ? 0xffffffffc089f000
[  327.713271]  do_one_initcall+0x49/0x1f0
[  327.713274]  ? kmem_cache_alloc_trace+0x199/0x2f0
[  327.713277]  do_init_module+0x52/0x220
[  327.713280]  load_module+0xb56/0xd30
[  327.713283]  __do_sys_finit_module+0xcc/0x150
[  327.713285]  ? __do_sys_finit_module+0xcc/0x150
[  327.713288]  __x64_sys_finit_module+0x18/0x30
[  327.713290]  do_syscall_64+0x5c/0x90
[  327.713292]  ? exit_to_user_mode_prepare+0x3b/0xd0
[  327.713293]  ? syscall_exit_to_user_mode+0x2a/0x50
[  327.713296]  ? do_syscall_64+0x69/0x90
[  327.713298]  ? exit_to_user_mode_prepare+0x3b/0xd0
[  327.713300]  ? syscall_exit_to_user_mode+0x2a/0x50
[  327.713303]  ? do_syscall_64+0x69/0x90
[  327.713304]  entry_SYSCALL_64_after_hwframe+0x63/0xcd
[  327.713307] RIP: 0033:0x7fce3fd1e88d
[  327.713309] Code: 5b 41 5c c3 66 0f 1f 84 00 00 00 00 00 f3 0f 1e fa 48 89 f8 48 89 f7 48 89 d6 48 89 ca 4d 89 c2 4d 89 c8 4c 8b 4c 24 08 0f 05 <48> 3d 01 f0 ff ff 73 01 c3 48 8b 0d 73 b5 0f 00 f7 d8 64 89 01 48
[  327.713311] RSP: 002b:00007ffc8a2104b8 EFLAGS: 00000246 ORIG_RAX: 0000000000000139
[  327.713313] RAX: ffffffffffffffda RBX: 0000563e65e9b7b0 RCX: 00007fce3fd1e88d
[  327.713314] RDX: 0000000000000000 RSI: 0000563e6589ccd2 RDI: 0000000000000003
[  327.713316] RBP: 0000000000000000 R08: 0000000000000000 R09: 0000000000000000
[  327.713317] R10: 0000000000000003 R11: 0000000000000246 R12: 0000563e6589ccd2
[  327.713319] R13: 0000563e65e9b760 R14: 0000563e6589b888 R15: 0000563e65e9b8c0
[  327.713321]  </TASK>
[  327.713322] DMA_STACK_END: End of stack trace for dma_alloc_coherent
[  327.713386] DMA_INSTRUMENT: About to call dma_free_coherent from function mp_init_hrm_pool at /home/ubuntu/cda/orginal/aws-neuronx-2.20.28.0/neuron_mempool.c:279
[  327.713388] DMA_STACK_START: Stack trace for dma_free_coherent called from mp_init_hrm_pool
[  327.713389] CPU: 0 PID: 1875 Comm: insmod Tainted: G           OE     5.19.0-1024-aws #25~22.04.1-Ubuntu
[  327.713392] Hardware name: Amazon EC2 inf1.xlarge/, BIOS 1.0 10/16/2017
[  327.713393] Call Trace:
[  327.713394]  <TASK>
[  327.713395]  show_stack+0x52/0x69
[  327.713398]  dump_stack_lvl+0x49/0x6d
[  327.713401]  dump_stack+0x10/0x18
[  327.713404]  mpset_constructor+0x322/0xa82 [neuron]
[  327.713422]  ? kmalloc_order+0x6b/0xa0
[  327.713426]  ? kmem_cache_alloc_trace+0x199/0x2f0
[  327.713429]  ? kmalloc_order_trace+0x1d/0xb0
[  327.713432]  neuron_pci_probe+0x3dd/0x610 [neuron]
[  327.713446]  local_pci_probe+0x4b/0x90
[  327.713450]  pci_call_probe+0x55/0x180
[  327.713454]  pci_device_probe+0x84/0x120
[  327.713458]  really_probe+0x1e4/0x3c0
[  327.713460]  __driver_probe_device+0x12a/0x1b0
[  327.713463]  driver_probe_device+0x23/0xd0
[  327.713466]  __driver_attach+0xc3/0x260
[  327.713469]  ? __device_attach_driver+0x160/0x160
[  327.713472]  bus_for_each_dev+0x83/0xe0
[  327.713474]  driver_attach+0x1e/0x30
[  327.713477]  bus_add_driver+0x187/0x230
[  327.713479]  driver_register+0x95/0x110
[  327.713482]  __pci_register_driver+0x68/0x80
[  327.713486]  neuron_pci_module_init+0x25/0x60 [neuron]
[  327.713499]  neuron_module_init+0xd6/0x1000 [neuron]
[  327.713518]  ? 0xffffffffc089f000
[  327.713520]  do_one_initcall+0x49/0x1f0
[  327.713523]  ? kmem_cache_alloc_trace+0x199/0x2f0
[  327.713527]  do_init_module+0x52/0x220
[  327.713530]  load_module+0xb56/0xd30
[  327.713534]  __do_sys_finit_module+0xcc/0x150
[  327.713536]  ? __do_sys_finit_module+0xcc/0x150
[  327.713540]  __x64_sys_finit_module+0x18/0x30
[  327.713543]  do_syscall_64+0x5c/0x90
[  327.713545]  ? exit_to_user_mode_prepare+0x3b/0xd0
[  327.713547]  ? syscall_exit_to_user_mode+0x2a/0x50
[  327.713550]  ? do_syscall_64+0x69/0x90
[  327.713552]  ? exit_to_user_mode_prepare+0x3b/0xd0
[  327.713555]  ? syscall_exit_to_user_mode+0x2a/0x50
[  327.713557]  ? do_syscall_64+0x69/0x90
[  327.713560]  entry_SYSCALL_64_after_hwframe+0x63/0xcd
[  327.713563] RIP: 0033:0x7fce3fd1e88d
[  327.713565] Code: 5b 41 5c c3 66 0f 1f 84 00 00 00 00 00 f3 0f 1e fa 48 89 f8 48 89 f7 48 89 d6 48 89 ca 4d 89 c2 4d 89 c8 4c 8b 4c 24 08 0f 05 <48> 3d 01 f0 ff ff 73 01 c3 48 8b 0d 73 b5 0f 00 f7 d8 64 89 01 48
[  327.713567] RSP: 002b:00007ffc8a2104b8 EFLAGS: 00000246 ORIG_RAX: 0000000000000139
[  327.713570] RAX: ffffffffffffffda RBX: 0000563e65e9b7b0 RCX: 00007fce3fd1e88d
[  327.713572] RDX: 0000000000000000 RSI: 0000563e6589ccd2 RDI: 0000000000000003
[  327.713574] RBP: 0000000000000000 R08: 0000000000000000 R09: 0000000000000000
[  327.713576] R10: 0000000000000003 R11: 0000000000000246 R12: 0000563e6589ccd2
[  327.713578] R13: 0000563e65e9b760 R14: 0000563e6589b888 R15: 0000563e65e9b8c0
[  327.713581]  </TASK>
[  327.713582] DMA_STACK_END: End of stack trace for dma_free_coherent
[  327.713584] DMA_INSTRUMENT: About to call dma_alloc_coherent from function mp_init_hrm_pool at /home/ubuntu/cda/orginal/aws-neuronx-2.20.28.0/neuron_mempool.c:268
[  327.713586] DMA_STACK_START: Stack trace for dma_alloc_coherent called from mp_init_hrm_pool
[  327.713587] CPU: 0 PID: 1875 Comm: insmod Tainted: G           OE     5.19.0-1024-aws #25~22.04.1-Ubuntu
[  327.713589] Hardware name: Amazon EC2 inf1.xlarge/, BIOS 1.0 10/16/2017
[  327.713591] Call Trace:
[  327.713592]  <TASK>
[  327.713593]  show_stack+0x52/0x69
[  327.713596]  dump_stack_lvl+0x49/0x6d
[  327.713599]  dump_stack+0x10/0x18
[  327.713602]  mpset_constructor+0x268/0xa82 [neuron]
[  327.713621]  ? kmalloc_order+0x6b/0xa0
[  327.713624]  ? kmem_cache_alloc_trace+0x199/0x2f0
[  327.713627]  ? kmalloc_order_trace+0x1d/0xb0
[  327.713630]  neuron_pci_probe+0x3dd/0x610 [neuron]
[  327.713645]  local_pci_probe+0x4b/0x90
[  327.713648]  pci_call_probe+0x55/0x180
[  327.713652]  pci_device_probe+0x84/0x120
[  327.713656]  really_probe+0x1e4/0x3c0
[  327.713658]  __driver_probe_device+0x12a/0x1b0
[  327.713661]  driver_probe_device+0x23/0xd0
[  327.713664]  __driver_attach+0xc3/0x260
[  327.713667]  ? __device_attach_driver+0x160/0x160
[  327.713669]  bus_for_each_dev+0x83/0xe0
[  327.713672]  driver_attach+0x1e/0x30
[  327.713675]  bus_add_driver+0x187/0x230
[  327.713677]  driver_register+0x95/0x110
[  327.713680]  __pci_register_driver+0x68/0x80
[  327.713684]  neuron_pci_module_init+0x25/0x60 [neuron]
[  327.713698]  neuron_module_init+0xd6/0x1000 [neuron]
[  327.713717]  ? 0xffffffffc089f000
[  327.713719]  do_one_initcall+0x49/0x1f0
[  327.713722]  ? kmem_cache_alloc_trace+0x199/0x2f0
[  327.713726]  do_init_module+0x52/0x220
[  327.713729]  load_module+0xb56/0xd30
[  327.713732]  __do_sys_finit_module+0xcc/0x150
[  327.713735]  ? __do_sys_finit_module+0xcc/0x150
[  327.713739]  __x64_sys_finit_module+0x18/0x30
[  327.713742]  do_syscall_64+0x5c/0x90
[  327.713744]  ? exit_to_user_mode_prepare+0x3b/0xd0
[  327.713747]  ? syscall_exit_to_user_mode+0x2a/0x50
[  327.713750]  ? do_syscall_64+0x69/0x90
[  327.713753]  ? exit_to_user_mode_prepare+0x3b/0xd0
[  327.713755]  ? syscall_exit_to_user_mode+0x2a/0x50
[  327.713758]  ? do_syscall_64+0x69/0x90
[  327.713760]  entry_SYSCALL_64_after_hwframe+0x63/0xcd
[  327.713763] RIP: 0033:0x7fce3fd1e88d
[  327.713765] Code: 5b 41 5c c3 66 0f 1f 84 00 00 00 00 00 f3 0f 1e fa 48 89 f8 48 89 f7 48 89 d6 48 89 ca 4d 89 c2 4d 89 c8 4c 8b 4c 24 08 0f 05 <48> 3d 01 f0 ff ff 73 01 c3 48 8b 0d 73 b5 0f 00 f7 d8 64 89 01 48
[  327.713767] RSP: 002b:00007ffc8a2104b8 EFLAGS: 00000246 ORIG_RAX: 0000000000000139
[  327.713769] RAX: ffffffffffffffda RBX: 0000563e65e9b7b0 RCX: 00007fce3fd1e88d
[  327.713771] RDX: 0000000000000000 RSI: 0000563e6589ccd2 RDI: 0000000000000003
[  327.713774] RBP: 0000000000000000 R08: 0000000000000000 R09: 0000000000000000
[  327.713775] R10: 0000000000000003 R11: 0000000000000246 R12: 0000563e6589ccd2
[  327.713777] R13: 0000563e65e9b760 R14: 0000563e6589b888 R15: 0000563e65e9b8c0
[  327.713780]  </TASK>
[  327.713782] DMA_STACK_END: End of stack trace for dma_alloc_coherent
[  327.713846] DMA_INSTRUMENT: About to call dma_free_coherent from function mp_init_hrm_pool at /home/ubuntu/cda/orginal/aws-neuronx-2.20.28.0/neuron_mempool.c:279
[  327.713849] DMA_STACK_START: Stack trace for dma_free_coherent called from mp_init_hrm_pool
[  327.713850] CPU: 0 PID: 1875 Comm: insmod Tainted: G           OE     5.19.0-1024-aws #25~22.04.1-Ubuntu
[  327.713852] Hardware name: Amazon EC2 inf1.xlarge/, BIOS 1.0 10/16/2017
[  327.713854] Call Trace:
[  327.713855]  <TASK>
[  327.713856]  show_stack+0x52/0x69
[  327.713860]  dump_stack_lvl+0x49/0x6d
[  327.713863]  dump_stack+0x10/0x18
[  327.713866]  mpset_constructor+0x322/0xa82 [neuron]
[  327.713885]  ? kmalloc_order+0x6b/0xa0
[  327.713889]  ? kmem_cache_alloc_trace+0x199/0x2f0
[  327.713892]  ? kmalloc_order_trace+0x1d/0xb0
[  327.713895]  neuron_pci_probe+0x3dd/0x610 [neuron]
[  327.713910]  local_pci_probe+0x4b/0x90
[  327.713913]  pci_call_probe+0x55/0x180
[  327.713917]  pci_device_probe+0x84/0x120
[  327.713920]  really_probe+0x1e4/0x3c0
[  327.713923]  __driver_probe_device+0x12a/0x1b0
[  327.713927]  driver_probe_device+0x23/0xd0
[  327.713929]  __driver_attach+0xc3/0x260
[  327.713932]  ? __device_attach_driver+0x160/0x160
[  327.713935]  bus_for_each_dev+0x83/0xe0
[  327.713937]  driver_attach+0x1e/0x30
[  327.713940]  bus_add_driver+0x187/0x230
[  327.713943]  driver_register+0x95/0x110
[  327.713945]  __pci_register_driver+0x68/0x80
[  327.713949]  neuron_pci_module_init+0x25/0x60 [neuron]
[  327.713962]  neuron_module_init+0xd6/0x1000 [neuron]
[  327.713980]  ? 0xffffffffc089f000
[  327.713982]  do_one_initcall+0x49/0x1f0
[  327.713986]  ? kmem_cache_alloc_trace+0x199/0x2f0
[  327.713990]  do_init_module+0x52/0x220
[  327.713993]  load_module+0xb56/0xd30
[  327.713997]  __do_sys_finit_module+0xcc/0x150
[  327.713999]  ? __do_sys_finit_module+0xcc/0x150
[  327.714003]  __x64_sys_finit_module+0x18/0x30
[  327.714006]  do_syscall_64+0x5c/0x90
[  327.714009]  ? exit_to_user_mode_prepare+0x3b/0xd0
[  327.714011]  ? syscall_exit_to_user_mode+0x2a/0x50
[  327.714014]  ? do_syscall_64+0x69/0x90
[  327.714017]  ? exit_to_user_mode_prepare+0x3b/0xd0
[  327.714019]  ? syscall_exit_to_user_mode+0x2a/0x50
[  327.714022]  ? do_syscall_64+0x69/0x90
[  327.714024]  entry_SYSCALL_64_after_hwframe+0x63/0xcd
[  327.714027] RIP: 0033:0x7fce3fd1e88d
[  327.714029] Code: 5b 41 5c c3 66 0f 1f 84 00 00 00 00 00 f3 0f 1e fa 48 89 f8 48 89 f7 48 89 d6 48 89 ca 4d 89 c2 4d 89 c8 4c 8b 4c 24 08 0f 05 <48> 3d 01 f0 ff ff 73 01 c3 48 8b 0d 73 b5 0f 00 f7 d8 64 89 01 48
[  327.714031] RSP: 002b:00007ffc8a2104b8 EFLAGS: 00000246 ORIG_RAX: 0000000000000139
[  327.714034] RAX: ffffffffffffffda RBX: 0000563e65e9b7b0 RCX: 00007fce3fd1e88d
[  327.714037] RDX: 0000000000000000 RSI: 0000563e6589ccd2 RDI: 0000000000000003
[  327.714038] RBP: 0000000000000000 R08: 0000000000000000 R09: 0000000000000000
[  327.714040] R10: 0000000000000003 R11: 0000000000000246 R12: 0000563e6589ccd2
[  327.714042] R13: 0000563e65e9b760 R14: 0000563e6589b888 R15: 0000563e65e9b8c0
[  327.714045]  </TASK>
[  327.714046] DMA_STACK_END: End of stack trace for dma_free_coherent
[  327.714047] DMA_INSTRUMENT: About to call dma_alloc_coherent from function mp_init_hrm_pool at /home/ubuntu/cda/orginal/aws-neuronx-2.20.28.0/neuron_mempool.c:268
[  327.714049] DMA_STACK_START: Stack trace for dma_alloc_coherent called from mp_init_hrm_pool
[  327.714051] CPU: 0 PID: 1875 Comm: insmod Tainted: G           OE     5.19.0-1024-aws #25~22.04.1-Ubuntu
[  327.714053] Hardware name: Amazon EC2 inf1.xlarge/, BIOS 1.0 10/16/2017
[  327.714055] Call Trace:
[  327.714056]  <TASK>
[  327.714057]  show_stack+0x52/0x69
[  327.714060]  dump_stack_lvl+0x49/0x6d
[  327.714063]  dump_stack+0x10/0x18
[  327.714066]  mpset_constructor+0x268/0xa82 [neuron]
[  327.714085]  ? kmalloc_order+0x6b/0xa0
[  327.714088]  ? kmem_cache_alloc_trace+0x199/0x2f0
[  327.714091]  ? kmalloc_order_trace+0x1d/0xb0
[  327.714093]  neuron_pci_probe+0x3dd/0x610 [neuron]
[  327.714109]  local_pci_probe+0x4b/0x90
[  327.714113]  pci_call_probe+0x55/0x180
[  327.714116]  pci_device_probe+0x84/0x120
[  327.714120]  really_probe+0x1e4/0x3c0
[  327.714123]  __driver_probe_device+0x12a/0x1b0
[  327.714126]  driver_probe_device+0x23/0xd0
[  327.714128]  __driver_attach+0xc3/0x260
[  327.714131]  ? __device_attach_driver+0x160/0x160
[  327.714134]  bus_for_each_dev+0x83/0xe0
[  327.714136]  driver_attach+0x1e/0x30
[  327.714139]  bus_add_driver+0x187/0x230
[  327.714141]  driver_register+0x95/0x110
[  327.714144]  __pci_register_driver+0x68/0x80
[  327.714148]  neuron_pci_module_init+0x25/0x60 [neuron]
[  327.714161]  neuron_module_init+0xd6/0x1000 [neuron]
[  327.714179]  ? 0xffffffffc089f000
[  327.714182]  do_one_initcall+0x49/0x1f0
[  327.714185]  ? kmem_cache_alloc_trace+0x199/0x2f0
[  327.714189]  do_init_module+0x52/0x220
[  327.714192]  load_module+0xb56/0xd30
[  327.714197]  __do_sys_finit_module+0xcc/0x150
[  327.714199]  ? __do_sys_finit_module+0xcc/0x150
[  327.714203]  __x64_sys_finit_module+0x18/0x30
[  327.714206]  do_syscall_64+0x5c/0x90
[  327.714208]  ? exit_to_user_mode_prepare+0x3b/0xd0
[  327.714211]  ? syscall_exit_to_user_mode+0x2a/0x50
[  327.714214]  ? do_syscall_64+0x69/0x90
[  327.714216]  ? exit_to_user_mode_prepare+0x3b/0xd0
[  327.714219]  ? syscall_exit_to_user_mode+0x2a/0x50
[  327.714222]  ? do_syscall_64+0x69/0x90
[  327.714224]  entry_SYSCALL_64_after_hwframe+0x63/0xcd
[  327.714228] RIP: 0033:0x7fce3fd1e88d
[  327.714230] Code: 5b 41 5c c3 66 0f 1f 84 00 00 00 00 00 f3 0f 1e fa 48 89 f8 48 89 f7 48 89 d6 48 89 ca 4d 89 c2 4d 89 c8 4c 8b 4c 24 08 0f 05 <48> 3d 01 f0 ff ff 73 01 c3 48 8b 0d 73 b5 0f 00 f7 d8 64 89 01 48
[  327.714232] RSP: 002b:00007ffc8a2104b8 EFLAGS: 00000246 ORIG_RAX: 0000000000000139
[  327.714234] RAX: ffffffffffffffda RBX: 0000563e65e9b7b0 RCX: 00007fce3fd1e88d
[  327.714237] RDX: 0000000000000000 RSI: 0000563e6589ccd2 RDI: 0000000000000003
[  327.714238] RBP: 0000000000000000 R08: 0000000000000000 R09: 0000000000000000
[  327.714240] R10: 0000000000000003 R11: 0000000000000246 R12: 0000563e6589ccd2
[  327.714242] R13: 0000563e65e9b760 R14: 0000563e6589b888 R15: 0000563e65e9b8c0
[  327.714245]  </TASK>
[  327.714246] DMA_STACK_END: End of stack trace for dma_alloc_coherent
[  327.714318] DMA_INSTRUMENT: About to call dma_free_coherent from function mp_init_hrm_pool at /home/ubuntu/cda/orginal/aws-neuronx-2.20.28.0/neuron_mempool.c:279
[  327.714320] DMA_STACK_START: Stack trace for dma_free_coherent called from mp_init_hrm_pool
[  327.714321] CPU: 0 PID: 1875 Comm: insmod Tainted: G           OE     5.19.0-1024-aws #25~22.04.1-Ubuntu
[  327.714324] Hardware name: Amazon EC2 inf1.xlarge/, BIOS 1.0 10/16/2017
[  327.714325] Call Trace:
[  327.714326]  <TASK>
[  327.714327]  show_stack+0x52/0x69
[  327.714330]  dump_stack_lvl+0x49/0x6d
[  327.714333]  dump_stack+0x10/0x18
[  327.714335]  mpset_constructor+0x322/0xa82 [neuron]
[  327.714355]  ? kmalloc_order+0x6b/0xa0
[  327.714358]  ? kmem_cache_alloc_trace+0x199/0x2f0
[  327.714361]  ? kmalloc_order_trace+0x1d/0xb0
[  327.714363]  neuron_pci_probe+0x3dd/0x610 [neuron]
[  327.714377]  local_pci_probe+0x4b/0x90
[  327.714381]  pci_call_probe+0x55/0x180
[  327.714385]  pci_device_probe+0x84/0x120
[  327.714388]  really_probe+0x1e4/0x3c0
[  327.714391]  __driver_probe_device+0x12a/0x1b0
[  327.714394]  driver_probe_device+0x23/0xd0
[  327.714397]  __driver_attach+0xc3/0x260
[  327.714399]  ? __device_attach_driver+0x160/0x160
[  327.714402]  bus_for_each_dev+0x83/0xe0
[  327.714405]  driver_attach+0x1e/0x30
[  327.714407]  bus_add_driver+0x187/0x230
[  327.714410]  driver_register+0x95/0x110
[  327.714413]  __pci_register_driver+0x68/0x80
[  327.714416]  neuron_pci_module_init+0x25/0x60 [neuron]
[  327.714429]  neuron_module_init+0xd6/0x1000 [neuron]
[  327.714448]  ? 0xffffffffc089f000
[  327.714450]  do_one_initcall+0x49/0x1f0
[  327.714454]  ? kmem_cache_alloc_trace+0x199/0x2f0
[  327.714458]  do_init_module+0x52/0x220
[  327.714460]  load_module+0xb56/0xd30
[  327.714464]  __do_sys_finit_module+0xcc/0x150
[  327.714466]  ? __do_sys_finit_module+0xcc/0x150
[  327.714469]  __x64_sys_finit_module+0x18/0x30
[  327.714471]  do_syscall_64+0x5c/0x90
[  327.714473]  ? exit_to_user_mode_prepare+0x3b/0xd0
[  327.714476]  ? syscall_exit_to_user_mode+0x2a/0x50
[  327.714479]  ? do_syscall_64+0x69/0x90
[  327.714481]  ? exit_to_user_mode_prepare+0x3b/0xd0
[  327.714483]  ? syscall_exit_to_user_mode+0x2a/0x50
[  327.714486]  ? do_syscall_64+0x69/0x90
[  327.714488]  entry_SYSCALL_64_after_hwframe+0x63/0xcd
[  327.714492] RIP: 0033:0x7fce3fd1e88d
[  327.714494] Code: 5b 41 5c c3 66 0f 1f 84 00 00 00 00 00 f3 0f 1e fa 48 89 f8 48 89 f7 48 89 d6 48 89 ca 4d 89 c2 4d 89 c8 4c 8b 4c 24 08 0f 05 <48> 3d 01 f0 ff ff 73 01 c3 48 8b 0d 73 b5 0f 00 f7 d8 64 89 01 48
[  327.714496] RSP: 002b:00007ffc8a2104b8 EFLAGS: 00000246 ORIG_RAX: 0000000000000139
[  327.714499] RAX: ffffffffffffffda RBX: 0000563e65e9b7b0 RCX: 00007fce3fd1e88d
[  327.714501] RDX: 0000000000000000 RSI: 0000563e6589ccd2 RDI: 0000000000000003
[  327.714503] RBP: 0000000000000000 R08: 0000000000000000 R09: 0000000000000000
[  327.714505] R10: 0000000000000003 R11: 0000000000000246 R12: 0000563e6589ccd2
[  327.714507] R13: 0000563e65e9b760 R14: 0000563e6589b888 R15: 0000563e65e9b8c0
[  327.714510]  </TASK>
[  327.714511] DMA_STACK_END: End of stack trace for dma_free_coherent
[  327.714512] DMA_INSTRUMENT: About to call dma_alloc_coherent from function mp_init_hrm_pool at /home/ubuntu/cda/orginal/aws-neuronx-2.20.28.0/neuron_mempool.c:268
[  327.714515] DMA_STACK_START: Stack trace for dma_alloc_coherent called from mp_init_hrm_pool
[  327.714516] CPU: 0 PID: 1875 Comm: insmod Tainted: G           OE     5.19.0-1024-aws #25~22.04.1-Ubuntu
[  327.714519] Hardware name: Amazon EC2 inf1.xlarge/, BIOS 1.0 10/16/2017
[  327.714520] Call Trace:
[  327.714521]  <TASK>
[  327.714522]  show_stack+0x52/0x69
[  327.714530]  dump_stack_lvl+0x49/0x6d
[  327.714532]  dump_stack+0x10/0x18
[  327.714535]  mpset_constructor+0x268/0xa82 [neuron]
[  327.714553]  ? kmalloc_order+0x6b/0xa0
[  327.714557]  ? kmem_cache_alloc_trace+0x199/0x2f0
[  327.714560]  ? kmalloc_order_trace+0x1d/0xb0
[  327.714563]  neuron_pci_probe+0x3dd/0x610 [neuron]
[  327.714577]  local_pci_probe+0x4b/0x90
[  327.714581]  pci_call_probe+0x55/0x180
[  327.714585]  pci_device_probe+0x84/0x120
[  327.714588]  really_probe+0x1e4/0x3c0
[  327.714591]  __driver_probe_device+0x12a/0x1b0
[  327.714594]  driver_probe_device+0x23/0xd0
[  327.714597]  __driver_attach+0xc3/0x260
[  327.714599]  ? __device_attach_driver+0x160/0x160
[  327.714602]  bus_for_each_dev+0x83/0xe0
[  327.714605]  driver_attach+0x1e/0x30
[  327.714607]  bus_add_driver+0x187/0x230
[  327.714610]  driver_register+0x95/0x110
[  327.714613]  __pci_register_driver+0x68/0x80
[  327.714617]  neuron_pci_module_init+0x25/0x60 [neuron]
[  327.714630]  neuron_module_init+0xd6/0x1000 [neuron]
[  327.714649]  ? 0xffffffffc089f000
[  327.714651]  do_one_initcall+0x49/0x1f0
[  327.714655]  ? kmem_cache_alloc_trace+0x199/0x2f0
[  327.714658]  do_init_module+0x52/0x220
[  327.714661]  load_module+0xb56/0xd30
[  327.714665]  __do_sys_finit_module+0xcc/0x150
[  327.714668]  ? __do_sys_finit_module+0xcc/0x150
[  327.714672]  __x64_sys_finit_module+0x18/0x30
[  327.714675]  do_syscall_64+0x5c/0x90
[  327.714677]  ? exit_to_user_mode_prepare+0x3b/0xd0
[  327.714680]  ? syscall_exit_to_user_mode+0x2a/0x50
[  327.714683]  ? do_syscall_64+0x69/0x90
[  327.714685]  ? exit_to_user_mode_prepare+0x3b/0xd0
[  327.714688]  ? syscall_exit_to_user_mode+0x2a/0x50
[  327.714690]  ? do_syscall_64+0x69/0x90
[  327.714693]  entry_SYSCALL_64_after_hwframe+0x63/0xcd
[  327.714696] RIP: 0033:0x7fce3fd1e88d
[  327.714698] Code: 5b 41 5c c3 66 0f 1f 84 00 00 00 00 00 f3 0f 1e fa 48 89 f8 48 89 f7 48 89 d6 48 89 ca 4d 89 c2 4d 89 c8 4c 8b 4c 24 08 0f 05 <48> 3d 01 f0 ff ff 73 01 c3 48 8b 0d 73 b5 0f 00 f7 d8 64 89 01 48
[  327.714701] RSP: 002b:00007ffc8a2104b8 EFLAGS: 00000246 ORIG_RAX: 0000000000000139
[  327.714703] RAX: ffffffffffffffda RBX: 0000563e65e9b7b0 RCX: 00007fce3fd1e88d
[  327.714706] RDX: 0000000000000000 RSI: 0000563e6589ccd2 RDI: 0000000000000003
[  327.714708] RBP: 0000000000000000 R08: 0000000000000000 R09: 0000000000000000
[  327.714709] R10: 0000000000000003 R11: 0000000000000246 R12: 0000563e6589ccd2
[  327.714711] R13: 0000563e65e9b760 R14: 0000563e6589b888 R15: 0000563e65e9b8c0
[  327.714714]  </TASK>
[  327.714724] DMA_STACK_END: End of stack trace for dma_alloc_coherent
[  327.714788] DMA_INSTRUMENT: About to call dma_free_coherent from function mp_init_hrm_pool at /home/ubuntu/cda/orginal/aws-neuronx-2.20.28.0/neuron_mempool.c:279
[  327.714790] DMA_STACK_START: Stack trace for dma_free_coherent called from mp_init_hrm_pool
[  327.714792] CPU: 0 PID: 1875 Comm: insmod Tainted: G           OE     5.19.0-1024-aws #25~22.04.1-Ubuntu
[  327.714795] Hardware name: Amazon EC2 inf1.xlarge/, BIOS 1.0 10/16/2017
[  327.714796] Call Trace:
[  327.714797]  <TASK>
[  327.714798]  show_stack+0x52/0x69
[  327.714802]  dump_stack_lvl+0x49/0x6d
[  327.714805]  dump_stack+0x10/0x18
[  327.714808]  mpset_constructor+0x322/0xa82 [neuron]
[  327.714826]  ? kmalloc_order+0x6b/0xa0
[  327.714830]  ? kmem_cache_alloc_trace+0x199/0x2f0
[  327.714833]  ? kmalloc_order_trace+0x1d/0xb0
[  327.714836]  neuron_pci_probe+0x3dd/0x610 [neuron]
[  327.714850]  local_pci_probe+0x4b/0x90
[  327.714854]  pci_call_probe+0x55/0x180
[  327.714857]  pci_device_probe+0x84/0x120
[  327.714861]  really_probe+0x1e4/0x3c0
[  327.714864]  __driver_probe_device+0x12a/0x1b0
[  327.714866]  driver_probe_device+0x23/0xd0
[  327.714869]  __driver_attach+0xc3/0x260
[  327.714872]  ? __device_attach_driver+0x160/0x160
[  327.714875]  bus_for_each_dev+0x83/0xe0
[  327.714878]  driver_attach+0x1e/0x30
[  327.714880]  bus_add_driver+0x187/0x230
[  327.714883]  driver_register+0x95/0x110
[  327.714886]  __pci_register_driver+0x68/0x80
[  327.714889]  neuron_pci_module_init+0x25/0x60 [neuron]
[  327.714902]  neuron_module_init+0xd6/0x1000 [neuron]
[  327.714920]  ? 0xffffffffc089f000
[  327.714922]  do_one_initcall+0x49/0x1f0
[  327.714925]  ? kmem_cache_alloc_trace+0x199/0x2f0
[  327.714928]  do_init_module+0x52/0x220
[  327.714930]  load_module+0xb56/0xd30
[  327.714934]  __do_sys_finit_module+0xcc/0x150
[  327.714936]  ? __do_sys_finit_module+0xcc/0x150
[  327.714940]  __x64_sys_finit_module+0x18/0x30
[  327.714942]  do_syscall_64+0x5c/0x90
[  327.714948]  ? exit_to_user_mode_prepare+0x3b/0xd0
[  327.714950]  ? syscall_exit_to_user_mode+0x2a/0x50
[  327.714954]  ? do_syscall_64+0x69/0x90
[  327.714956]  ? exit_to_user_mode_prepare+0x3b/0xd0
[  327.714958]  ? syscall_exit_to_user_mode+0x2a/0x50
[  327.714961]  ? do_syscall_64+0x69/0x90
[  327.714964]  entry_SYSCALL_64_after_hwframe+0x63/0xcd
[  327.714967] RIP: 0033:0x7fce3fd1e88d
[  327.714969] Code: 5b 41 5c c3 66 0f 1f 84 00 00 00 00 00 f3 0f 1e fa 48 89 f8 48 89 f7 48 89 d6 48 89 ca 4d 89 c2 4d 89 c8 4c 8b 4c 24 08 0f 05 <48> 3d 01 f0 ff ff 73 01 c3 48 8b 0d 73 b5 0f 00 f7 d8 64 89 01 48
[  327.714971] RSP: 002b:00007ffc8a2104b8 EFLAGS: 00000246 ORIG_RAX: 0000000000000139
[  327.714974] RAX: ffffffffffffffda RBX: 0000563e65e9b7b0 RCX: 00007fce3fd1e88d
[  327.714976] RDX: 0000000000000000 RSI: 0000563e6589ccd2 RDI: 0000000000000003
[  327.714979] RBP: 0000000000000000 R08: 0000000000000000 R09: 0000000000000000
[  327.714980] R10: 0000000000000003 R11: 0000000000000246 R12: 0000563e6589ccd2
[  327.714982] R13: 0000563e65e9b760 R14: 0000563e6589b888 R15: 0000563e65e9b8c0
[  327.714985]  </TASK>
[  327.714990] DMA_STACK_END: End of stack trace for dma_free_coherent
[  327.714991] DMA_INSTRUMENT: About to call dma_alloc_coherent from function mp_init_hrm_pool at /home/ubuntu/cda/orginal/aws-neuronx-2.20.28.0/neuron_mempool.c:268
[  327.714993] DMA_STACK_START: Stack trace for dma_alloc_coherent called from mp_init_hrm_pool
[  327.714994] CPU: 0 PID: 1875 Comm: insmod Tainted: G           OE     5.19.0-1024-aws #25~22.04.1-Ubuntu
[  327.714997] Hardware name: Amazon EC2 inf1.xlarge/, BIOS 1.0 10/16/2017
[  327.714999] Call Trace:
[  327.715000]  <TASK>
[  327.715001]  show_stack+0x52/0x69
[  327.715004]  dump_stack_lvl+0x49/0x6d
[  327.715007]  dump_stack+0x10/0x18
[  327.715010]  mpset_constructor+0x268/0xa82 [neuron]
[  327.715028]  ? kmalloc_order+0x6b/0xa0
[  327.715031]  ? kmem_cache_alloc_trace+0x199/0x2f0
[  327.715034]  ? kmalloc_order_trace+0x1d/0xb0
[  327.715037]  neuron_pci_probe+0x3dd/0x610 [neuron]
[  327.715052]  local_pci_probe+0x4b/0x90
[  327.715055]  pci_call_probe+0x55/0x180
[  327.715059]  pci_device_probe+0x84/0x120
[  327.715062]  really_probe+0x1e4/0x3c0
[  327.715065]  __driver_probe_device+0x12a/0x1b0
[  327.715068]  driver_probe_device+0x23/0xd0
[  327.715070]  __driver_attach+0xc3/0x260
[  327.715073]  ? __device_attach_driver+0x160/0x160
[  327.715076]  bus_for_each_dev+0x83/0xe0
[  327.715079]  driver_attach+0x1e/0x30
[  327.715081]  bus_add_driver+0x187/0x230
[  327.715084]  driver_register+0x95/0x110
[  327.715087]  __pci_register_driver+0x68/0x80
[  327.715090]  neuron_pci_module_init+0x25/0x60 [neuron]
[  327.715103]  neuron_module_init+0xd6/0x1000 [neuron]
[  327.715122]  ? 0xffffffffc089f000
[  327.715124]  do_one_initcall+0x49/0x1f0
[  327.715127]  ? kmem_cache_alloc_trace+0x199/0x2f0
[  327.715131]  do_init_module+0x52/0x220
[  327.715134]  load_module+0xb56/0xd30
[  327.715138]  __do_sys_finit_module+0xcc/0x150
[  327.715141]  ? __do_sys_finit_module+0xcc/0x150
[  327.715145]  __x64_sys_finit_module+0x18/0x30
[  327.715147]  do_syscall_64+0x5c/0x90
[  327.715150]  ? exit_to_user_mode_prepare+0x3b/0xd0
[  327.715152]  ? syscall_exit_to_user_mode+0x2a/0x50
[  327.715155]  ? do_syscall_64+0x69/0x90
[  327.715158]  ? exit_to_user_mode_prepare+0x3b/0xd0
[  327.715160]  ? syscall_exit_to_user_mode+0x2a/0x50
[  327.715163]  ? do_syscall_64+0x69/0x90
[  327.715166]  entry_SYSCALL_64_after_hwframe+0x63/0xcd
[  327.715170] RIP: 0033:0x7fce3fd1e88d
[  327.715172] Code: 5b 41 5c c3 66 0f 1f 84 00 00 00 00 00 f3 0f 1e fa 48 89 f8 48 89 f7 48 89 d6 48 89 ca 4d 89 c2 4d 89 c8 4c 8b 4c 24 08 0f 05 <48> 3d 01 f0 ff ff 73 01 c3 48 8b 0d 73 b5 0f 00 f7 d8 64 89 01 48
[  327.715174] RSP: 002b:00007ffc8a2104b8 EFLAGS: 00000246 ORIG_RAX: 0000000000000139
[  327.715177] RAX: ffffffffffffffda RBX: 0000563e65e9b7b0 RCX: 00007fce3fd1e88d
[  327.715179] RDX: 0000000000000000 RSI: 0000563e6589ccd2 RDI: 0000000000000003
[  327.715181] RBP: 0000000000000000 R08: 0000000000000000 R09: 0000000000000000
[  327.715183] R10: 0000000000000003 R11: 0000000000000246 R12: 0000563e6589ccd2
[  327.715184] R13: 0000563e65e9b760 R14: 0000563e6589b888 R15: 0000563e65e9b8c0
[  327.715188]  </TASK>
[  327.715189] DMA_STACK_END: End of stack trace for dma_alloc_coherent
[  327.715254] DMA_INSTRUMENT: About to call dma_free_coherent from function mp_init_hrm_pool at /home/ubuntu/cda/orginal/aws-neuronx-2.20.28.0/neuron_mempool.c:279
[  327.715256] DMA_STACK_START: Stack trace for dma_free_coherent called from mp_init_hrm_pool
[  327.715258] CPU: 0 PID: 1875 Comm: insmod Tainted: G           OE     5.19.0-1024-aws #25~22.04.1-Ubuntu
[  327.715260] Hardware name: Amazon EC2 inf1.xlarge/, BIOS 1.0 10/16/2017
[  327.715261] Call Trace:
[  327.715262]  <TASK>
[  327.715263]  show_stack+0x52/0x69
[  327.715266]  dump_stack_lvl+0x49/0x6d
[  327.715269]  dump_stack+0x10/0x18
[  327.715271]  mpset_constructor+0x322/0xa82 [neuron]
[  327.715289]  ? kmalloc_order+0x6b/0xa0
[  327.715293]  ? kmem_cache_alloc_trace+0x199/0x2f0
[  327.715296]  ? kmalloc_order_trace+0x1d/0xb0
[  327.715298]  neuron_pci_probe+0x3dd/0x610 [neuron]
[  327.715312]  local_pci_probe+0x4b/0x90
[  327.715315]  pci_call_probe+0x55/0x180
[  327.715319]  pci_device_probe+0x84/0x120
[  327.715322]  really_probe+0x1e4/0x3c0
[  327.715325]  __driver_probe_device+0x12a/0x1b0
[  327.715328]  driver_probe_device+0x23/0xd0
[  327.715331]  __driver_attach+0xc3/0x260
[  327.715333]  ? __device_attach_driver+0x160/0x160
[  327.715335]  bus_for_each_dev+0x83/0xe0
[  327.715338]  driver_attach+0x1e/0x30
[  327.715340]  bus_add_driver+0x187/0x230
[  327.715342]  driver_register+0x95/0x110
[  327.715344]  __pci_register_driver+0x68/0x80
[  327.715347]  neuron_pci_module_init+0x25/0x60 [neuron]
[  327.715361]  neuron_module_init+0xd6/0x1000 [neuron]
[  327.715378]  ? 0xffffffffc089f000
[  327.715380]  do_one_initcall+0x49/0x1f0
[  327.715383]  ? kmem_cache_alloc_trace+0x199/0x2f0
[  327.715387]  do_init_module+0x52/0x220
[  327.715390]  load_module+0xb56/0xd30
[  327.715393]  __do_sys_finit_module+0xcc/0x150
[  327.715395]  ? __do_sys_finit_module+0xcc/0x150
[  327.715399]  __x64_sys_finit_module+0x18/0x30
[  327.715401]  do_syscall_64+0x5c/0x90
[  327.715403]  ? exit_to_user_mode_prepare+0x3b/0xd0
[  327.715406]  ? syscall_exit_to_user_mode+0x2a/0x50
[  327.715408]  ? do_syscall_64+0x69/0x90
[  327.715410]  ? exit_to_user_mode_prepare+0x3b/0xd0
[  327.715412]  ? syscall_exit_to_user_mode+0x2a/0x50
[  327.715414]  ? do_syscall_64+0x69/0x90
[  327.715416]  entry_SYSCALL_64_after_hwframe+0x63/0xcd
[  327.715419] RIP: 0033:0x7fce3fd1e88d
[  327.715421] Code: 5b 41 5c c3 66 0f 1f 84 00 00 00 00 00 f3 0f 1e fa 48 89 f8 48 89 f7 48 89 d6 48 89 ca 4d 89 c2 4d 89 c8 4c 8b 4c 24 08 0f 05 <48> 3d 01 f0 ff ff 73 01 c3 48 8b 0d 73 b5 0f 00 f7 d8 64 89 01 48
[  327.715423] RSP: 002b:00007ffc8a2104b8 EFLAGS: 00000246 ORIG_RAX: 0000000000000139
[  327.715425] RAX: ffffffffffffffda RBX: 0000563e65e9b7b0 RCX: 00007fce3fd1e88d
[  327.715427] RDX: 0000000000000000 RSI: 0000563e6589ccd2 RDI: 0000000000000003
[  327.715429] RBP: 0000000000000000 R08: 0000000000000000 R09: 0000000000000000
[  327.715430] R10: 0000000000000003 R11: 0000000000000246 R12: 0000563e6589ccd2
[  327.715431] R13: 0000563e65e9b760 R14: 0000563e6589b888 R15: 0000563e65e9b8c0
[  327.715434]  </TASK>
[  327.715435] DMA_STACK_END: End of stack trace for dma_free_coherent
[  327.715436] DMA_INSTRUMENT: About to call dma_alloc_coherent from function mp_init_hrm_pool at /home/ubuntu/cda/orginal/aws-neuronx-2.20.28.0/neuron_mempool.c:268
[  327.715438] DMA_STACK_START: Stack trace for dma_alloc_coherent called from mp_init_hrm_pool
[  327.715439] CPU: 0 PID: 1875 Comm: insmod Tainted: G           OE     5.19.0-1024-aws #25~22.04.1-Ubuntu
[  327.715441] Hardware name: Amazon EC2 inf1.xlarge/, BIOS 1.0 10/16/2017
[  327.715442] Call Trace:
[  327.715443]  <TASK>
[  327.715444]  show_stack+0x52/0x69
[  327.715447]  dump_stack_lvl+0x49/0x6d
[  327.715449]  dump_stack+0x10/0x18
[  327.715452]  mpset_constructor+0x268/0xa82 [neuron]
[  327.715468]  ? kmalloc_order+0x6b/0xa0
[  327.715471]  ? kmem_cache_alloc_trace+0x199/0x2f0
[  327.715473]  ? kmalloc_order_trace+0x1d/0xb0
[  327.715475]  neuron_pci_probe+0x3dd/0x610 [neuron]
[  327.715488]  local_pci_probe+0x4b/0x90
[  327.715491]  pci_call_probe+0x55/0x180
[  327.715494]  pci_device_probe+0x84/0x120
[  327.715497]  really_probe+0x1e4/0x3c0
[  327.715499]  __driver_probe_device+0x12a/0x1b0
[  327.715501]  driver_probe_device+0x23/0xd0
[  327.715504]  __driver_attach+0xc3/0x260
[  327.715506]  ? __device_attach_driver+0x160/0x160
[  327.715508]  bus_for_each_dev+0x83/0xe0
[  327.715510]  driver_attach+0x1e/0x30
[  327.715512]  bus_add_driver+0x187/0x230
[  327.715514]  driver_register+0x95/0x110
[  327.715516]  __pci_register_driver+0x68/0x80
[  327.715519]  neuron_pci_module_init+0x25/0x60 [neuron]
[  327.715531]  neuron_module_init+0xd6/0x1000 [neuron]
[  327.715548]  ? 0xffffffffc089f000
[  327.715550]  do_one_initcall+0x49/0x1f0
[  327.715553]  ? kmem_cache_alloc_trace+0x199/0x2f0
[  327.715557]  do_init_module+0x52/0x220
[  327.715560]  load_module+0xb56/0xd30
[  327.715563]  __do_sys_finit_module+0xcc/0x150
[  327.715565]  ? __do_sys_finit_module+0xcc/0x150
[  327.715568]  __x64_sys_finit_module+0x18/0x30
[  327.715571]  do_syscall_64+0x5c/0x90
[  327.715572]  ? exit_to_user_mode_prepare+0x3b/0xd0
[  327.715575]  ? syscall_exit_to_user_mode+0x2a/0x50
[  327.715577]  ? do_syscall_64+0x69/0x90
[  327.715579]  ? exit_to_user_mode_prepare+0x3b/0xd0
[  327.715581]  ? syscall_exit_to_user_mode+0x2a/0x50
[  327.715583]  ? do_syscall_64+0x69/0x90
[  327.715585]  entry_SYSCALL_64_after_hwframe+0x63/0xcd
[  327.715588] RIP: 0033:0x7fce3fd1e88d
[  327.715590] Code: 5b 41 5c c3 66 0f 1f 84 00 00 00 00 00 f3 0f 1e fa 48 89 f8 48 89 f7 48 89 d6 48 89 ca 4d 89 c2 4d 89 c8 4c 8b 4c 24 08 0f 05 <48> 3d 01 f0 ff ff 73 01 c3 48 8b 0d 73 b5 0f 00 f7 d8 64 89 01 48
[  327.715591] RSP: 002b:00007ffc8a2104b8 EFLAGS: 00000246 ORIG_RAX: 0000000000000139
[  327.715594] RAX: ffffffffffffffda RBX: 0000563e65e9b7b0 RCX: 00007fce3fd1e88d
[  327.715595] RDX: 0000000000000000 RSI: 0000563e6589ccd2 RDI: 0000000000000003
[  327.715597] RBP: 0000000000000000 R08: 0000000000000000 R09: 0000000000000000
[  327.715598] R10: 0000000000000003 R11: 0000000000000246 R12: 0000563e6589ccd2
[  327.715600] R13: 0000563e65e9b760 R14: 0000563e6589b888 R15: 0000563e65e9b8c0
[  327.715602]  </TASK>
[  327.715603] DMA_STACK_END: End of stack trace for dma_alloc_coherent
[  327.715672] DMA_INSTRUMENT: About to call dma_free_coherent from function mp_init_hrm_pool at /home/ubuntu/cda/orginal/aws-neuronx-2.20.28.0/neuron_mempool.c:279
[  327.715674] DMA_STACK_START: Stack trace for dma_free_coherent called from mp_init_hrm_pool
[  327.715676] CPU: 0 PID: 1875 Comm: insmod Tainted: G           OE     5.19.0-1024-aws #25~22.04.1-Ubuntu
[  327.715678] Hardware name: Amazon EC2 inf1.xlarge/, BIOS 1.0 10/16/2017
[  327.715679] Call Trace:
[  327.715680]  <TASK>
[  327.715681]  show_stack+0x52/0x69
[  327.715684]  dump_stack_lvl+0x49/0x6d
[  327.715687]  dump_stack+0x10/0x18
[  327.715689]  mpset_constructor+0x322/0xa82 [neuron]
[  327.715708]  ? kmalloc_order+0x6b/0xa0
[  327.715711]  ? kmem_cache_alloc_trace+0x199/0x2f0
[  327.715714]  ? kmalloc_order_trace+0x1d/0xb0
[  327.715717]  neuron_pci_probe+0x3dd/0x610 [neuron]
[  327.715731]  local_pci_probe+0x4b/0x90
[  327.715735]  pci_call_probe+0x55/0x180
[  327.715739]  pci_device_probe+0x84/0x120
[  327.715742]  really_probe+0x1e4/0x3c0
[  327.715745]  __driver_probe_device+0x12a/0x1b0
[  327.715748]  driver_probe_device+0x23/0xd0
[  327.715751]  __driver_attach+0xc3/0x260
[  327.715753]  ? __device_attach_driver+0x160/0x160
[  327.715756]  bus_for_each_dev+0x83/0xe0
[  327.715759]  driver_attach+0x1e/0x30
[  327.715761]  bus_add_driver+0x187/0x230
[  327.715764]  driver_register+0x95/0x110
[  327.715767]  __pci_register_driver+0x68/0x80
[  327.715770]  neuron_pci_module_init+0x25/0x60 [neuron]
[  327.715783]  neuron_module_init+0xd6/0x1000 [neuron]
[  327.715801]  ? 0xffffffffc089f000
[  327.715804]  do_one_initcall+0x49/0x1f0
[  327.715807]  ? kmem_cache_alloc_trace+0x199/0x2f0
[  327.715810]  do_init_module+0x52/0x220
[  327.715813]  load_module+0xb56/0xd30
[  327.715817]  __do_sys_finit_module+0xcc/0x150
[  327.715820]  ? __do_sys_finit_module+0xcc/0x150
[  327.715824]  __x64_sys_finit_module+0x18/0x30
[  327.715826]  do_syscall_64+0x5c/0x90
[  327.715829]  ? exit_to_user_mode_prepare+0x3b/0xd0
[  327.715831]  ? syscall_exit_to_user_mode+0x2a/0x50
[  327.715834]  ? do_syscall_64+0x69/0x90
[  327.715836]  ? exit_to_user_mode_prepare+0x3b/0xd0
[  327.715838]  ? syscall_exit_to_user_mode+0x2a/0x50
[  327.715841]  ? do_syscall_64+0x69/0x90
[  327.715844]  entry_SYSCALL_64_after_hwframe+0x63/0xcd
[  327.715847] RIP: 0033:0x7fce3fd1e88d
[  327.715849] Code: 5b 41 5c c3 66 0f 1f 84 00 00 00 00 00 f3 0f 1e fa 48 89 f8 48 89 f7 48 89 d6 48 89 ca 4d 89 c2 4d 89 c8 4c 8b 4c 24 08 0f 05 <48> 3d 01 f0 ff ff 73 01 c3 48 8b 0d 73 b5 0f 00 f7 d8 64 89 01 48
[  327.715851] RSP: 002b:00007ffc8a2104b8 EFLAGS: 00000246 ORIG_RAX: 0000000000000139
[  327.715854] RAX: ffffffffffffffda RBX: 0000563e65e9b7b0 RCX: 00007fce3fd1e88d
[  327.715856] RDX: 0000000000000000 RSI: 0000563e6589ccd2 RDI: 0000000000000003
[  327.715858] RBP: 0000000000000000 R08: 0000000000000000 R09: 0000000000000000
[  327.715859] R10: 0000000000000003 R11: 0000000000000246 R12: 0000563e6589ccd2
[  327.715862] R13: 0000563e65e9b760 R14: 0000563e6589b888 R15: 0000563e65e9b8c0
[  327.715865]  </TASK>
[  327.715866] DMA_STACK_END: End of stack trace for dma_free_coherent
[  327.715867] DMA_INSTRUMENT: About to call dma_alloc_coherent from function mp_init_hrm_pool at /home/ubuntu/cda/orginal/aws-neuronx-2.20.28.0/neuron_mempool.c:268
[  327.715869] DMA_STACK_START: Stack trace for dma_alloc_coherent called from mp_init_hrm_pool
[  327.715871] CPU: 0 PID: 1875 Comm: insmod Tainted: G           OE     5.19.0-1024-aws #25~22.04.1-Ubuntu
[  327.715873] Hardware name: Amazon EC2 inf1.xlarge/, BIOS 1.0 10/16/2017
[  327.715875] Call Trace:
[  327.715876]  <TASK>
[  327.715877]  show_stack+0x52/0x69
[  327.715881]  dump_stack_lvl+0x49/0x6d
[  327.715884]  dump_stack+0x10/0x18
[  327.715887]  mpset_constructor+0x268/0xa82 [neuron]
[  327.715905]  ? kmalloc_order+0x6b/0xa0
[  327.715908]  ? kmem_cache_alloc_trace+0x199/0x2f0
[  327.715911]  ? kmalloc_order_trace+0x1d/0xb0
[  327.715914]  neuron_pci_probe+0x3dd/0x610 [neuron]
[  327.715928]  local_pci_probe+0x4b/0x90
[  327.715932]  pci_call_probe+0x55/0x180
[  327.715935]  pci_device_probe+0x84/0x120
[  327.715939]  really_probe+0x1e4/0x3c0
[  327.715942]  __driver_probe_device+0x12a/0x1b0
[  327.715944]  driver_probe_device+0x23/0xd0
[  327.715947]  __driver_attach+0xc3/0x260
[  327.715950]  ? __device_attach_driver+0x160/0x160
[  327.715953]  bus_for_each_dev+0x83/0xe0
[  327.715956]  driver_attach+0x1e/0x30
[  327.715958]  bus_add_driver+0x187/0x230
[  327.715961]  driver_register+0x95/0x110
[  327.715964]  __pci_register_driver+0x68/0x80
[  327.715967]  neuron_pci_module_init+0x25/0x60 [neuron]
[  327.715981]  neuron_module_init+0xd6/0x1000 [neuron]
[  327.716000]  ? 0xffffffffc089f000
[  327.716002]  do_one_initcall+0x49/0x1f0
[  327.716006]  ? kmem_cache_alloc_trace+0x199/0x2f0
[  327.716009]  do_init_module+0x52/0x220
[  327.716012]  load_module+0xb56/0xd30
[  327.716016]  __do_sys_finit_module+0xcc/0x150
[  327.716019]  ? __do_sys_finit_module+0xcc/0x150
[  327.716023]  __x64_sys_finit_module+0x18/0x30
[  327.716025]  do_syscall_64+0x5c/0x90
[  327.716027]  ? exit_to_user_mode_prepare+0x3b/0xd0
[  327.716030]  ? syscall_exit_to_user_mode+0x2a/0x50
[  327.716033]  ? do_syscall_64+0x69/0x90
[  327.716035]  ? exit_to_user_mode_prepare+0x3b/0xd0
[  327.716037]  ? syscall_exit_to_user_mode+0x2a/0x50
[  327.716040]  ? do_syscall_64+0x69/0x90
[  327.716043]  entry_SYSCALL_64_after_hwframe+0x63/0xcd
[  327.716046] RIP: 0033:0x7fce3fd1e88d
[  327.716048] Code: 5b 41 5c c3 66 0f 1f 84 00 00 00 00 00 f3 0f 1e fa 48 89 f8 48 89 f7 48 89 d6 48 89 ca 4d 89 c2 4d 89 c8 4c 8b 4c 24 08 0f 05 <48> 3d 01 f0 ff ff 73 01 c3 48 8b 0d 73 b5 0f 00 f7 d8 64 89 01 48
[  327.716050] RSP: 002b:00007ffc8a2104b8 EFLAGS: 00000246 ORIG_RAX: 0000000000000139
[  327.716053] RAX: ffffffffffffffda RBX: 0000563e65e9b7b0 RCX: 00007fce3fd1e88d
[  327.716055] RDX: 0000000000000000 RSI: 0000563e6589ccd2 RDI: 0000000000000003
[  327.716057] RBP: 0000000000000000 R08: 0000000000000000 R09: 0000000000000000
[  327.716058] R10: 0000000000000003 R11: 0000000000000246 R12: 0000563e6589ccd2
[  327.716060] R13: 0000563e65e9b760 R14: 0000563e6589b888 R15: 0000563e65e9b8c0
[  327.716063]  </TASK>
[  327.716064] DMA_STACK_END: End of stack trace for dma_alloc_coherent
[  327.716127] DMA_INSTRUMENT: About to call dma_free_coherent from function mp_init_hrm_pool at /home/ubuntu/cda/orginal/aws-neuronx-2.20.28.0/neuron_mempool.c:279
[  327.716129] DMA_STACK_START: Stack trace for dma_free_coherent called from mp_init_hrm_pool
[  327.716130] CPU: 0 PID: 1875 Comm: insmod Tainted: G           OE     5.19.0-1024-aws #25~22.04.1-Ubuntu
[  327.716133] Hardware name: Amazon EC2 inf1.xlarge/, BIOS 1.0 10/16/2017
[  327.716134] Call Trace:
[  327.716135]  <TASK>
[  327.716136]  show_stack+0x52/0x69
[  327.716140]  dump_stack_lvl+0x49/0x6d
[  327.716143]  dump_stack+0x10/0x18
[  327.716145]  mpset_constructor+0x322/0xa82 [neuron]
[  327.716165]  ? kmalloc_order+0x6b/0xa0
[  327.716169]  ? kmem_cache_alloc_trace+0x199/0x2f0
[  327.716172]  ? kmalloc_order_trace+0x1d/0xb0
[  327.716175]  neuron_pci_probe+0x3dd/0x610 [neuron]
[  327.716190]  local_pci_probe+0x4b/0x90
[  327.716194]  pci_call_probe+0x55/0x180
[  327.716197]  pci_device_probe+0x84/0x120
[  327.716201]  really_probe+0x1e4/0x3c0
[  327.716204]  __driver_probe_device+0x12a/0x1b0
[  327.716206]  driver_probe_device+0x23/0xd0
[  327.716209]  __driver_attach+0xc3/0x260
[  327.716212]  ? __device_attach_driver+0x160/0x160
[  327.716215]  bus_for_each_dev+0x83/0xe0
[  327.716217]  driver_attach+0x1e/0x30
[  327.716219]  bus_add_driver+0x187/0x230
[  327.716222]  driver_register+0x95/0x110
[  327.716225]  __pci_register_driver+0x68/0x80
[  327.716228]  neuron_pci_module_init+0x25/0x60 [neuron]
[  327.716243]  neuron_module_init+0xd6/0x1000 [neuron]
[  327.716262]  ? 0xffffffffc089f000
[  327.716264]  do_one_initcall+0x49/0x1f0
[  327.716268]  ? kmem_cache_alloc_trace+0x199/0x2f0
[  327.716271]  do_init_module+0x52/0x220
[  327.716274]  load_module+0xb56/0xd30
[  327.716278]  __do_sys_finit_module+0xcc/0x150
[  327.716281]  ? __do_sys_finit_module+0xcc/0x150
[  327.716285]  __x64_sys_finit_module+0x18/0x30
[  327.716287]  do_syscall_64+0x5c/0x90
[  327.716290]  ? exit_to_user_mode_prepare+0x3b/0xd0
[  327.716292]  ? syscall_exit_to_user_mode+0x2a/0x50
[  327.716295]  ? do_syscall_64+0x69/0x90
[  327.716298]  ? exit_to_user_mode_prepare+0x3b/0xd0
[  327.716300]  ? syscall_exit_to_user_mode+0x2a/0x50
[  327.716303]  ? do_syscall_64+0x69/0x90
[  327.716305]  entry_SYSCALL_64_after_hwframe+0x63/0xcd
[  327.716309] RIP: 0033:0x7fce3fd1e88d
[  327.716311] Code: 5b 41 5c c3 66 0f 1f 84 00 00 00 00 00 f3 0f 1e fa 48 89 f8 48 89 f7 48 89 d6 48 89 ca 4d 89 c2 4d 89 c8 4c 8b 4c 24 08 0f 05 <48> 3d 01 f0 ff ff 73 01 c3 48 8b 0d 73 b5 0f 00 f7 d8 64 89 01 48
[  327.716313] RSP: 002b:00007ffc8a2104b8 EFLAGS: 00000246 ORIG_RAX: 0000000000000139
[  327.716316] RAX: ffffffffffffffda RBX: 0000563e65e9b7b0 RCX: 00007fce3fd1e88d
[  327.716318] RDX: 0000000000000000 RSI: 0000563e6589ccd2 RDI: 0000000000000003
[  327.716320] RBP: 0000000000000000 R08: 0000000000000000 R09: 0000000000000000
[  327.716322] R10: 0000000000000003 R11: 0000000000000246 R12: 0000563e6589ccd2
[  327.716324] R13: 0000563e65e9b760 R14: 0000563e6589b888 R15: 0000563e65e9b8c0
[  327.716327]  </TASK>
[  327.716328] DMA_STACK_END: End of stack trace for dma_free_coherent
[  327.716329] DMA_INSTRUMENT: About to call dma_alloc_coherent from function mp_init_hrm_pool at /home/ubuntu/cda/orginal/aws-neuronx-2.20.28.0/neuron_mempool.c:268
[  327.716331] DMA_STACK_START: Stack trace for dma_alloc_coherent called from mp_init_hrm_pool
[  327.716333] CPU: 0 PID: 1875 Comm: insmod Tainted: G           OE     5.19.0-1024-aws #25~22.04.1-Ubuntu
[  327.716335] Hardware name: Amazon EC2 inf1.xlarge/, BIOS 1.0 10/16/2017
[  327.716337] Call Trace:
[  327.716338]  <TASK>
[  327.716339]  show_stack+0x52/0x69
[  327.716342]  dump_stack_lvl+0x49/0x6d
[  327.716346]  dump_stack+0x10/0x18
[  327.716348]  mpset_constructor+0x268/0xa82 [neuron]
[  327.716367]  ? kmalloc_order+0x6b/0xa0
[  327.716370]  ? kmem_cache_alloc_trace+0x199/0x2f0
[  327.716373]  ? kmalloc_order_trace+0x1d/0xb0
[  327.716376]  neuron_pci_probe+0x3dd/0x610 [neuron]
[  327.716391]  local_pci_probe+0x4b/0x90
[  327.716395]  pci_call_probe+0x55/0x180
[  327.716399]  pci_device_probe+0x84/0x120
[  327.716401]  really_probe+0x1e4/0x3c0
[  327.716404]  __driver_probe_device+0x12a/0x1b0
[  327.716407]  driver_probe_device+0x23/0xd0
[  327.716409]  __driver_attach+0xc3/0x260
[  327.716412]  ? __device_attach_driver+0x160/0x160
[  327.716415]  bus_for_each_dev+0x83/0xe0
[  327.716417]  driver_attach+0x1e/0x30
[  327.716420]  bus_add_driver+0x187/0x230
[  327.716422]  driver_register+0x95/0x110
[  327.716425]  __pci_register_driver+0x68/0x80
[  327.716429]  neuron_pci_module_init+0x25/0x60 [neuron]
[  327.716443]  neuron_module_init+0xd6/0x1000 [neuron]
[  327.716463]  ? 0xffffffffc089f000
[  327.716465]  do_one_initcall+0x49/0x1f0
[  327.716468]  ? kmem_cache_alloc_trace+0x199/0x2f0
[  327.716472]  do_init_module+0x52/0x220
[  327.716475]  load_module+0xb56/0xd30
[  327.716479]  __do_sys_finit_module+0xcc/0x150
[  327.716482]  ? __do_sys_finit_module+0xcc/0x150
[  327.716486]  __x64_sys_finit_module+0x18/0x30
[  327.716488]  do_syscall_64+0x5c/0x90
[  327.716490]  ? exit_to_user_mode_prepare+0x3b/0xd0
[  327.716493]  ? syscall_exit_to_user_mode+0x2a/0x50
[  327.716496]  ? do_syscall_64+0x69/0x90
[  327.716498]  ? exit_to_user_mode_prepare+0x3b/0xd0
[  327.716501]  ? syscall_exit_to_user_mode+0x2a/0x50
[  327.716504]  ? do_syscall_64+0x69/0x90
[  327.716506]  entry_SYSCALL_64_after_hwframe+0x63/0xcd
[  327.716510] RIP: 0033:0x7fce3fd1e88d
[  327.716512] Code: 5b 41 5c c3 66 0f 1f 84 00 00 00 00 00 f3 0f 1e fa 48 89 f8 48 89 f7 48 89 d6 48 89 ca 4d 89 c2 4d 89 c8 4c 8b 4c 24 08 0f 05 <48> 3d 01 f0 ff ff 73 01 c3 48 8b 0d 73 b5 0f 00 f7 d8 64 89 01 48
[  327.716514] RSP: 002b:00007ffc8a2104b8 EFLAGS: 00000246 ORIG_RAX: 0000000000000139
[  327.716517] RAX: ffffffffffffffda RBX: 0000563e65e9b7b0 RCX: 00007fce3fd1e88d
[  327.716519] RDX: 0000000000000000 RSI: 0000563e6589ccd2 RDI: 0000000000000003
[  327.716521] RBP: 0000000000000000 R08: 0000000000000000 R09: 0000000000000000
[  327.716523] R10: 0000000000000003 R11: 0000000000000246 R12: 0000563e6589ccd2
[  327.716525] R13: 0000563e65e9b760 R14: 0000563e6589b888 R15: 0000563e65e9b8c0
[  327.716528]  </TASK>
[  327.716529] DMA_STACK_END: End of stack trace for dma_alloc_coherent
[  327.716593] DMA_INSTRUMENT: About to call dma_free_coherent from function mp_init_hrm_pool at /home/ubuntu/cda/orginal/aws-neuronx-2.20.28.0/neuron_mempool.c:279
[  327.716595] DMA_STACK_START: Stack trace for dma_free_coherent called from mp_init_hrm_pool
[  327.716597] CPU: 0 PID: 1875 Comm: insmod Tainted: G           OE     5.19.0-1024-aws #25~22.04.1-Ubuntu
[  327.716599] Hardware name: Amazon EC2 inf1.xlarge/, BIOS 1.0 10/16/2017
[  327.716601] Call Trace:
[  327.716602]  <TASK>
[  327.716603]  show_stack+0x52/0x69
[  327.716606]  dump_stack_lvl+0x49/0x6d
[  327.716609]  dump_stack+0x10/0x18
[  327.716612]  mpset_constructor+0x322/0xa82 [neuron]
[  327.716631]  ? kmalloc_order+0x6b/0xa0
[  327.716635]  ? kmem_cache_alloc_trace+0x199/0x2f0
[  327.716638]  ? kmalloc_order_trace+0x1d/0xb0
[  327.716640]  neuron_pci_probe+0x3dd/0x610 [neuron]
[  327.716653]  local_pci_probe+0x4b/0x90
[  327.716657]  pci_call_probe+0x55/0x180
[  327.716660]  pci_device_probe+0x84/0x120
[  327.716663]  really_probe+0x1e4/0x3c0
[  327.716665]  __driver_probe_device+0x12a/0x1b0
[  327.716668]  driver_probe_device+0x23/0xd0
[  327.716671]  __driver_attach+0xc3/0x260
[  327.716673]  ? __device_attach_driver+0x160/0x160
[  327.716676]  bus_for_each_dev+0x83/0xe0
[  327.716678]  driver_attach+0x1e/0x30
[  327.716680]  bus_add_driver+0x187/0x230
[  327.716683]  driver_register+0x95/0x110
[  327.716685]  __pci_register_driver+0x68/0x80
[  327.716688]  neuron_pci_module_init+0x25/0x60 [neuron]
[  327.716701]  neuron_module_init+0xd6/0x1000 [neuron]
[  327.716719]  ? 0xffffffffc089f000
[  327.716722]  do_one_initcall+0x49/0x1f0
[  327.716725]  ? kmem_cache_alloc_trace+0x199/0x2f0
[  327.716730]  do_init_module+0x52/0x220
[  327.716733]  load_module+0xb56/0xd30
[  327.716737]  __do_sys_finit_module+0xcc/0x150
[  327.716740]  ? __do_sys_finit_module+0xcc/0x150
[  327.716743]  __x64_sys_finit_module+0x18/0x30
[  327.716745]  do_syscall_64+0x5c/0x90
[  327.716747]  ? exit_to_user_mode_prepare+0x3b/0xd0
[  327.716749]  ? syscall_exit_to_user_mode+0x2a/0x50
[  327.716752]  ? do_syscall_64+0x69/0x90
[  327.716754]  ? exit_to_user_mode_prepare+0x3b/0xd0
[  327.716756]  ? syscall_exit_to_user_mode+0x2a/0x50
[  327.716759]  ? do_syscall_64+0x69/0x90
[  327.716761]  entry_SYSCALL_64_after_hwframe+0x63/0xcd
[  327.716764] RIP: 0033:0x7fce3fd1e88d
[  327.716767] Code: 5b 41 5c c3 66 0f 1f 84 00 00 00 00 00 f3 0f 1e fa 48 89 f8 48 89 f7 48 89 d6 48 89 ca 4d 89 c2 4d 89 c8 4c 8b 4c 24 08 0f 05 <48> 3d 01 f0 ff ff 73 01 c3 48 8b 0d 73 b5 0f 00 f7 d8 64 89 01 48
[  327.716769] RSP: 002b:00007ffc8a2104b8 EFLAGS: 00000246 ORIG_RAX: 0000000000000139
[  327.716772] RAX: ffffffffffffffda RBX: 0000563e65e9b7b0 RCX: 00007fce3fd1e88d
[  327.716774] RDX: 0000000000000000 RSI: 0000563e6589ccd2 RDI: 0000000000000003
[  327.716776] RBP: 0000000000000000 R08: 0000000000000000 R09: 0000000000000000
[  327.716777] R10: 0000000000000003 R11: 0000000000000246 R12: 0000563e6589ccd2
[  327.716779] R13: 0000563e65e9b760 R14: 0000563e6589b888 R15: 0000563e65e9b8c0
[  327.716782]  </TASK>
[  327.716783] DMA_STACK_END: End of stack trace for dma_free_coherent
[  327.716784] DMA_INSTRUMENT: About to call dma_alloc_coherent from function mp_init_hrm_pool at /home/ubuntu/cda/orginal/aws-neuronx-2.20.28.0/neuron_mempool.c:268
[  327.716786] DMA_STACK_START: Stack trace for dma_alloc_coherent called from mp_init_hrm_pool
[  327.716787] CPU: 0 PID: 1875 Comm: insmod Tainted: G           OE     5.19.0-1024-aws #25~22.04.1-Ubuntu
[  327.716790] Hardware name: Amazon EC2 inf1.xlarge/, BIOS 1.0 10/16/2017
[  327.716791] Call Trace:
[  327.716792]  <TASK>
[  327.716793]  show_stack+0x52/0x69
[  327.716796]  dump_stack_lvl+0x49/0x6d
[  327.716799]  dump_stack+0x10/0x18
[  327.716802]  mpset_constructor+0x268/0xa82 [neuron]
[  327.716825]  ? kmalloc_order+0x6b/0xa0
[  327.716829]  ? kmem_cache_alloc_trace+0x199/0x2f0
[  327.716832]  ? kmalloc_order_trace+0x1d/0xb0
[  327.716835]  neuron_pci_probe+0x3dd/0x610 [neuron]
[  327.716849]  local_pci_probe+0x4b/0x90
[  327.716853]  pci_call_probe+0x55/0x180
[  327.716856]  pci_device_probe+0x84/0x120
[  327.716860]  really_probe+0x1e4/0x3c0
[  327.716863]  __driver_probe_device+0x12a/0x1b0
[  327.716865]  driver_probe_device+0x23/0xd0
[  327.716868]  __driver_attach+0xc3/0x260
[  327.716871]  ? __device_attach_driver+0x160/0x160
[  327.716874]  bus_for_each_dev+0x83/0xe0
[  327.716876]  driver_attach+0x1e/0x30
[  327.716879]  bus_add_driver+0x187/0x230
[  327.716882]  driver_register+0x95/0x110
[  327.716885]  __pci_register_driver+0x68/0x80
[  327.716888]  neuron_pci_module_init+0x25/0x60 [neuron]
[  327.716901]  neuron_module_init+0xd6/0x1000 [neuron]
[  327.716920]  ? 0xffffffffc089f000
[  327.716922]  do_one_initcall+0x49/0x1f0
[  327.716926]  ? kmem_cache_alloc_trace+0x199/0x2f0
[  327.716929]  do_init_module+0x52/0x220
[  327.716931]  load_module+0xb56/0xd30
[  327.716935]  __do_sys_finit_module+0xcc/0x150
[  327.716937]  ? __do_sys_finit_module+0xcc/0x150
[  327.716941]  __x64_sys_finit_module+0x18/0x30
[  327.716944]  do_syscall_64+0x5c/0x90
[  327.716946]  ? exit_to_user_mode_prepare+0x3b/0xd0
[  327.716949]  ? syscall_exit_to_user_mode+0x2a/0x50
[  327.716952]  ? do_syscall_64+0x69/0x90
[  327.716954]  ? exit_to_user_mode_prepare+0x3b/0xd0
[  327.716956]  ? syscall_exit_to_user_mode+0x2a/0x50
[  327.716959]  ? do_syscall_64+0x69/0x90
[  327.716962]  entry_SYSCALL_64_after_hwframe+0x63/0xcd
[  327.716965] RIP: 0033:0x7fce3fd1e88d
[  327.716967] Code: 5b 41 5c c3 66 0f 1f 84 00 00 00 00 00 f3 0f 1e fa 48 89 f8 48 89 f7 48 89 d6 48 89 ca 4d 89 c2 4d 89 c8 4c 8b 4c 24 08 0f 05 <48> 3d 01 f0 ff ff 73 01 c3 48 8b 0d 73 b5 0f 00 f7 d8 64 89 01 48
[  327.716969] RSP: 002b:00007ffc8a2104b8 EFLAGS: 00000246 ORIG_RAX: 0000000000000139
[  327.716972] RAX: ffffffffffffffda RBX: 0000563e65e9b7b0 RCX: 00007fce3fd1e88d
[  327.716975] RDX: 0000000000000000 RSI: 0000563e6589ccd2 RDI: 0000000000000003
[  327.716976] RBP: 0000000000000000 R08: 0000000000000000 R09: 0000000000000000
[  327.716978] R10: 0000000000000003 R11: 0000000000000246 R12: 0000563e6589ccd2
[  327.716980] R13: 0000563e65e9b760 R14: 0000563e6589b888 R15: 0000563e65e9b8c0
[  327.716983]  </TASK>
[  327.716984] DMA_STACK_END: End of stack trace for dma_alloc_coherent
[  327.717053] DMA_INSTRUMENT: About to call dma_free_coherent from function mp_init_hrm_pool at /home/ubuntu/cda/orginal/aws-neuronx-2.20.28.0/neuron_mempool.c:279
[  327.717055] DMA_STACK_START: Stack trace for dma_free_coherent called from mp_init_hrm_pool
[  327.717056] CPU: 0 PID: 1875 Comm: insmod Tainted: G           OE     5.19.0-1024-aws #25~22.04.1-Ubuntu
[  327.717059] Hardware name: Amazon EC2 inf1.xlarge/, BIOS 1.0 10/16/2017
[  327.717060] Call Trace:
[  327.717061]  <TASK>
[  327.717063]  show_stack+0x52/0x69
[  327.717066]  dump_stack_lvl+0x49/0x6d
[  327.717069]  dump_stack+0x10/0x18
[  327.717072]  mpset_constructor+0x322/0xa82 [neuron]
[  327.717092]  ? kmalloc_order+0x6b/0xa0
[  327.717096]  ? kmem_cache_alloc_trace+0x199/0x2f0
[  327.717099]  ? kmalloc_order_trace+0x1d/0xb0
[  327.717102]  neuron_pci_probe+0x3dd/0x610 [neuron]
[  327.717118]  local_pci_probe+0x4b/0x90
[  327.717122]  pci_call_probe+0x55/0x180
[  327.717126]  pci_device_probe+0x84/0x120
[  327.717129]  really_probe+0x1e4/0x3c0
[  327.717132]  __driver_probe_device+0x12a/0x1b0
[  327.717135]  driver_probe_device+0x23/0xd0
[  327.717138]  __driver_attach+0xc3/0x260
[  327.717141]  ? __device_attach_driver+0x160/0x160
[  327.717143]  bus_for_each_dev+0x83/0xe0
[  327.717146]  driver_attach+0x1e/0x30
[  327.717148]  bus_add_driver+0x187/0x230
[  327.717151]  driver_register+0x95/0x110
[  327.717152]  __pci_register_driver+0x68/0x80
[  327.717155]  neuron_pci_module_init+0x25/0x60 [neuron]
[  327.717163]  neuron_module_init+0xd6/0x1000 [neuron]
[  327.717174]  ? 0xffffffffc089f000
[  327.717175]  do_one_initcall+0x49/0x1f0
[  327.717177]  ? kmem_cache_alloc_trace+0x199/0x2f0
[  327.717179]  do_init_module+0x52/0x220
[  327.717181]  load_module+0xb56/0xd30
[  327.717185]  __do_sys_finit_module+0xcc/0x150
[  327.717188]  ? __do_sys_finit_module+0xcc/0x150
[  327.717191]  __x64_sys_finit_module+0x18/0x30
[  327.717193]  do_syscall_64+0x5c/0x90
[  327.717195]  ? exit_to_user_mode_prepare+0x3b/0xd0
[  327.717197]  ? syscall_exit_to_user_mode+0x2a/0x50
[  327.717200]  ? do_syscall_64+0x69/0x90
[  327.717202]  ? exit_to_user_mode_prepare+0x3b/0xd0
[  327.717204]  ? syscall_exit_to_user_mode+0x2a/0x50
[  327.717207]  ? do_syscall_64+0x69/0x90
[  327.717210]  entry_SYSCALL_64_after_hwframe+0x63/0xcd
[  327.717213] RIP: 0033:0x7fce3fd1e88d
[  327.717215] Code: 5b 41 5c c3 66 0f 1f 84 00 00 00 00 00 f3 0f 1e fa 48 89 f8 48 89 f7 48 89 d6 48 89 ca 4d 89 c2 4d 89 c8 4c 8b 4c 24 08 0f 05 <48> 3d 01 f0 ff ff 73 01 c3 48 8b 0d 73 b5 0f 00 f7 d8 64 89 01 48
[  327.717217] RSP: 002b:00007ffc8a2104b8 EFLAGS: 00000246 ORIG_RAX: 0000000000000139
[  327.717220] RAX: ffffffffffffffda RBX: 0000563e65e9b7b0 RCX: 00007fce3fd1e88d
[  327.717222] RDX: 0000000000000000 RSI: 0000563e6589ccd2 RDI: 0000000000000003
[  327.717224] RBP: 0000000000000000 R08: 0000000000000000 R09: 0000000000000000
[  327.717226] R10: 0000000000000003 R11: 0000000000000246 R12: 0000563e6589ccd2
[  327.717228] R13: 0000563e65e9b760 R14: 0000563e6589b888 R15: 0000563e65e9b8c0
[  327.717231]  </TASK>
[  327.717232] DMA_STACK_END: End of stack trace for dma_free_coherent
[  327.717233] DMA_INSTRUMENT: About to call dma_alloc_coherent from function mp_init_hrm_pool at /home/ubuntu/cda/orginal/aws-neuronx-2.20.28.0/neuron_mempool.c:268
[  327.717235] DMA_STACK_START: Stack trace for dma_alloc_coherent called from mp_init_hrm_pool
[  327.717237] CPU: 0 PID: 1875 Comm: insmod Tainted: G           OE     5.19.0-1024-aws #25~22.04.1-Ubuntu
[  327.717239] Hardware name: Amazon EC2 inf1.xlarge/, BIOS 1.0 10/16/2017
[  327.717241] Call Trace:
[  327.717242]  <TASK>
[  327.717243]  show_stack+0x52/0x69
[  327.717246]  dump_stack_lvl+0x49/0x6d
[  327.717249]  dump_stack+0x10/0x18
[  327.717252]  mpset_constructor+0x268/0xa82 [neuron]
[  327.717270]  ? kmalloc_order+0x6b/0xa0
[  327.717273]  ? kmem_cache_alloc_trace+0x199/0x2f0
[  327.717276]  ? kmalloc_order_trace+0x1d/0xb0
[  327.717279]  neuron_pci_probe+0x3dd/0x610 [neuron]
[  327.717293]  local_pci_probe+0x4b/0x90
[  327.717297]  pci_call_probe+0x55/0x180
[  327.717300]  pci_device_probe+0x84/0x120
[  327.717304]  really_probe+0x1e4/0x3c0
[  327.717306]  __driver_probe_device+0x12a/0x1b0
[  327.717309]  driver_probe_device+0x23/0xd0
[  327.717311]  __driver_attach+0xc3/0x260
[  327.717314]  ? __device_attach_driver+0x160/0x160
[  327.717317]  bus_for_each_dev+0x83/0xe0
[  327.717319]  driver_attach+0x1e/0x30
[  327.717322]  bus_add_driver+0x187/0x230
[  327.717324]  driver_register+0x95/0x110
[  327.717327]  __pci_register_driver+0x68/0x80
[  327.717330]  neuron_pci_module_init+0x25/0x60 [neuron]
[  327.717343]  neuron_module_init+0xd6/0x1000 [neuron]
[  327.717360]  ? 0xffffffffc089f000
[  327.717362]  do_one_initcall+0x49/0x1f0
[  327.717366]  ? kmem_cache_alloc_trace+0x199/0x2f0
[  327.717369]  do_init_module+0x52/0x220
[  327.717372]  load_module+0xb56/0xd30
[  327.717376]  __do_sys_finit_module+0xcc/0x150
[  327.717378]  ? __do_sys_finit_module+0xcc/0x150
[  327.717382]  __x64_sys_finit_module+0x18/0x30
[  327.717385]  do_syscall_64+0x5c/0x90
[  327.717387]  ? exit_to_user_mode_prepare+0x3b/0xd0
[  327.717390]  ? syscall_exit_to_user_mode+0x2a/0x50
[  327.717393]  ? do_syscall_64+0x69/0x90
[  327.717395]  ? exit_to_user_mode_prepare+0x3b/0xd0
[  327.717397]  ? syscall_exit_to_user_mode+0x2a/0x50
[  327.717401]  ? do_syscall_64+0x69/0x90
[  327.717403]  entry_SYSCALL_64_after_hwframe+0x63/0xcd
[  327.717406] RIP: 0033:0x7fce3fd1e88d
[  327.717408] Code: 5b 41 5c c3 66 0f 1f 84 00 00 00 00 00 f3 0f 1e fa 48 89 f8 48 89 f7 48 89 d6 48 89 ca 4d 89 c2 4d 89 c8 4c 8b 4c 24 08 0f 05 <48> 3d 01 f0 ff ff 73 01 c3 48 8b 0d 73 b5 0f 00 f7 d8 64 89 01 48
[  327.717410] RSP: 002b:00007ffc8a2104b8 EFLAGS: 00000246 ORIG_RAX: 0000000000000139
[  327.717413] RAX: ffffffffffffffda RBX: 0000563e65e9b7b0 RCX: 00007fce3fd1e88d
[  327.717415] RDX: 0000000000000000 RSI: 0000563e6589ccd2 RDI: 0000000000000003
[  327.717417] RBP: 0000000000000000 R08: 0000000000000000 R09: 0000000000000000
[  327.717419] R10: 0000000000000003 R11: 0000000000000246 R12: 0000563e6589ccd2
[  327.717421] R13: 0000563e65e9b760 R14: 0000563e6589b888 R15: 0000563e65e9b8c0
[  327.717424]  </TASK>
[  327.717425] DMA_STACK_END: End of stack trace for dma_alloc_coherent
[  327.717490] DMA_INSTRUMENT: About to call dma_free_coherent from function mp_init_hrm_pool at /home/ubuntu/cda/orginal/aws-neuronx-2.20.28.0/neuron_mempool.c:279
[  327.717492] DMA_STACK_START: Stack trace for dma_free_coherent called from mp_init_hrm_pool
[  327.717493] CPU: 0 PID: 1875 Comm: insmod Tainted: G           OE     5.19.0-1024-aws #25~22.04.1-Ubuntu
[  327.717495] Hardware name: Amazon EC2 inf1.xlarge/, BIOS 1.0 10/16/2017
[  327.717497] Call Trace:
[  327.717498]  <TASK>
[  327.717499]  show_stack+0x52/0x69
[  327.717502]  dump_stack_lvl+0x49/0x6d
[  327.717505]  dump_stack+0x10/0x18
[  327.717507]  mpset_constructor+0x322/0xa82 [neuron]
[  327.717524]  ? kmalloc_order+0x6b/0xa0
[  327.717527]  ? kmem_cache_alloc_trace+0x199/0x2f0
[  327.717530]  ? kmalloc_order_trace+0x1d/0xb0
[  327.717533]  neuron_pci_probe+0x3dd/0x610 [neuron]
[  327.717547]  local_pci_probe+0x4b/0x90
[  327.717550]  pci_call_probe+0x55/0x180
[  327.717553]  pci_device_probe+0x84/0x120
[  327.717557]  really_probe+0x1e4/0x3c0
[  327.717560]  __driver_probe_device+0x12a/0x1b0
[  327.717562]  driver_probe_device+0x23/0xd0
[  327.717565]  __driver_attach+0xc3/0x260
[  327.717568]  ? __device_attach_driver+0x160/0x160
[  327.717571]  bus_for_each_dev+0x83/0xe0
[  327.717573]  driver_attach+0x1e/0x30
[  327.717576]  bus_add_driver+0x187/0x230
[  327.717579]  driver_register+0x95/0x110
[  327.717581]  __pci_register_driver+0x68/0x80
[  327.717585]  neuron_pci_module_init+0x25/0x60 [neuron]
[  327.717598]  neuron_module_init+0xd6/0x1000 [neuron]
[  327.717616]  ? 0xffffffffc089f000
[  327.717619]  do_one_initcall+0x49/0x1f0
[  327.717622]  ? kmem_cache_alloc_trace+0x199/0x2f0
[  327.717625]  do_init_module+0x52/0x220
[  327.717628]  load_module+0xb56/0xd30
[  327.717632]  __do_sys_finit_module+0xcc/0x150
[  327.717635]  ? __do_sys_finit_module+0xcc/0x150
[  327.717639]  __x64_sys_finit_module+0x18/0x30
[  327.717642]  do_syscall_64+0x5c/0x90
[  327.717644]  ? exit_to_user_mode_prepare+0x3b/0xd0
[  327.717646]  ? syscall_exit_to_user_mode+0x2a/0x50
[  327.717649]  ? do_syscall_64+0x69/0x90
[  327.717652]  ? exit_to_user_mode_prepare+0x3b/0xd0
[  327.717654]  ? syscall_exit_to_user_mode+0x2a/0x50
[  327.717657]  ? do_syscall_64+0x69/0x90
[  327.717659]  entry_SYSCALL_64_after_hwframe+0x63/0xcd
[  327.717661] RIP: 0033:0x7fce3fd1e88d
[  327.717662] Code: 5b 41 5c c3 66 0f 1f 84 00 00 00 00 00 f3 0f 1e fa 48 89 f8 48 89 f7 48 89 d6 48 89 ca 4d 89 c2 4d 89 c8 4c 8b 4c 24 08 0f 05 <48> 3d 01 f0 ff ff 73 01 c3 48 8b 0d 73 b5 0f 00 f7 d8 64 89 01 48
[  327.717664] RSP: 002b:00007ffc8a2104b8 EFLAGS: 00000246 ORIG_RAX: 0000000000000139
[  327.717665] RAX: ffffffffffffffda RBX: 0000563e65e9b7b0 RCX: 00007fce3fd1e88d
[  327.717666] RDX: 0000000000000000 RSI: 0000563e6589ccd2 RDI: 0000000000000003
[  327.717667] RBP: 0000000000000000 R08: 0000000000000000 R09: 0000000000000000
[  327.717668] R10: 0000000000000003 R11: 0000000000000246 R12: 0000563e6589ccd2
[  327.717669] R13: 0000563e65e9b760 R14: 0000563e6589b888 R15: 0000563e65e9b8c0
[  327.717671]  </TASK>
[  327.717671] DMA_STACK_END: End of stack trace for dma_free_coherent
[  327.717672] DMA_INSTRUMENT: About to call dma_alloc_coherent from function mp_init_hrm_pool at /home/ubuntu/cda/orginal/aws-neuronx-2.20.28.0/neuron_mempool.c:268
[  327.717673] DMA_STACK_START: Stack trace for dma_alloc_coherent called from mp_init_hrm_pool
[  327.717674] CPU: 0 PID: 1875 Comm: insmod Tainted: G           OE     5.19.0-1024-aws #25~22.04.1-Ubuntu
[  327.717675] Hardware name: Amazon EC2 inf1.xlarge/, BIOS 1.0 10/16/2017
[  327.717676] Call Trace:
[  327.717677]  <TASK>
[  327.717677]  show_stack+0x52/0x69
[  327.717679]  dump_stack_lvl+0x49/0x6d
[  327.717681]  dump_stack+0x10/0x18
[  327.717683]  mpset_constructor+0x268/0xa82 [neuron]
[  327.717696]  ? kmalloc_order+0x6b/0xa0
[  327.717699]  ? kmem_cache_alloc_trace+0x199/0x2f0
[  327.717702]  ? kmalloc_order_trace+0x1d/0xb0
[  327.717704]  neuron_pci_probe+0x3dd/0x610 [neuron]
[  327.717718]  local_pci_probe+0x4b/0x90
[  327.717722]  pci_call_probe+0x55/0x180
[  327.717725]  pci_device_probe+0x84/0x120
[  327.717728]  really_probe+0x1e4/0x3c0
[  327.717731]  __driver_probe_device+0x12a/0x1b0
[  327.717734]  driver_probe_device+0x23/0xd0
[  327.717736]  __driver_attach+0xc3/0x260
[  327.717739]  ? __device_attach_driver+0x160/0x160
[  327.717741]  bus_for_each_dev+0x83/0xe0
[  327.717744]  driver_attach+0x1e/0x30
[  327.717746]  bus_add_driver+0x187/0x230
[  327.717749]  driver_register+0x95/0x110
[  327.717752]  __pci_register_driver+0x68/0x80
[  327.717755]  neuron_pci_module_init+0x25/0x60 [neuron]
[  327.717767]  neuron_module_init+0xd6/0x1000 [neuron]
[  327.717784]  ? 0xffffffffc089f000
[  327.717786]  do_one_initcall+0x49/0x1f0
[  327.717789]  ? kmem_cache_alloc_trace+0x199/0x2f0
[  327.717792]  do_init_module+0x52/0x220
[  327.717795]  load_module+0xb56/0xd30
[  327.717798]  __do_sys_finit_module+0xcc/0x150
[  327.717801]  ? __do_sys_finit_module+0xcc/0x150
[  327.717804]  __x64_sys_finit_module+0x18/0x30
[  327.717806]  do_syscall_64+0x5c/0x90
[  327.717808]  ? exit_to_user_mode_prepare+0x3b/0xd0
[  327.717810]  ? syscall_exit_to_user_mode+0x2a/0x50
[  327.717813]  ? do_syscall_64+0x69/0x90
[  327.717816]  ? exit_to_user_mode_prepare+0x3b/0xd0
[  327.717818]  ? syscall_exit_to_user_mode+0x2a/0x50
[  327.717821]  ? do_syscall_64+0x69/0x90
[  327.717823]  entry_SYSCALL_64_after_hwframe+0x63/0xcd
[  327.717826] RIP: 0033:0x7fce3fd1e88d
[  327.717828] Code: 5b 41 5c c3 66 0f 1f 84 00 00 00 00 00 f3 0f 1e fa 48 89 f8 48 89 f7 48 89 d6 48 89 ca 4d 89 c2 4d 89 c8 4c 8b 4c 24 08 0f 05 <48> 3d 01 f0 ff ff 73 01 c3 48 8b 0d 73 b5 0f 00 f7 d8 64 89 01 48
[  327.717830] RSP: 002b:00007ffc8a2104b8 EFLAGS: 00000246 ORIG_RAX: 0000000000000139
[  327.717833] RAX: ffffffffffffffda RBX: 0000563e65e9b7b0 RCX: 00007fce3fd1e88d
[  327.717835] RDX: 0000000000000000 RSI: 0000563e6589ccd2 RDI: 0000000000000003
[  327.717837] RBP: 0000000000000000 R08: 0000000000000000 R09: 0000000000000000
[  327.717839] R10: 0000000000000003 R11: 0000000000000246 R12: 0000563e6589ccd2
[  327.717841] R13: 0000563e65e9b760 R14: 0000563e6589b888 R15: 0000563e65e9b8c0
[  327.717844]  </TASK>
[  327.717846] DMA_STACK_END: End of stack trace for dma_alloc_coherent
[  327.717912] DMA_INSTRUMENT: About to call dma_free_coherent from function mp_init_hrm_pool at /home/ubuntu/cda/orginal/aws-neuronx-2.20.28.0/neuron_mempool.c:279
[  327.717914] DMA_STACK_START: Stack trace for dma_free_coherent called from mp_init_hrm_pool
[  327.717915] CPU: 0 PID: 1875 Comm: insmod Tainted: G           OE     5.19.0-1024-aws #25~22.04.1-Ubuntu
[  327.717917] Hardware name: Amazon EC2 inf1.xlarge/, BIOS 1.0 10/16/2017
[  327.717918] Call Trace:
[  327.717920]  <TASK>
[  327.717921]  show_stack+0x52/0x69
[  327.717924]  dump_stack_lvl+0x49/0x6d
[  327.717927]  dump_stack+0x10/0x18
[  327.717930]  mpset_constructor+0x322/0xa82 [neuron]
[  327.717950]  ? kmalloc_order+0x6b/0xa0
[  327.717953]  ? kmem_cache_alloc_trace+0x199/0x2f0
[  327.717956]  ? kmalloc_order_trace+0x1d/0xb0
[  327.717959]  neuron_pci_probe+0x3dd/0x610 [neuron]
[  327.717974]  local_pci_probe+0x4b/0x90
[  327.717977]  pci_call_probe+0x55/0x180
[  327.717981]  pci_device_probe+0x84/0x120
[  327.717984]  really_probe+0x1e4/0x3c0
[  327.717987]  __driver_probe_device+0x12a/0x1b0
[  327.717990]  driver_probe_device+0x23/0xd0
[  327.717992]  __driver_attach+0xc3/0x260
[  327.717995]  ? __device_attach_driver+0x160/0x160
[  327.717997]  bus_for_each_dev+0x83/0xe0
[  327.718000]  driver_attach+0x1e/0x30
[  327.718002]  bus_add_driver+0x187/0x230
[  327.718005]  driver_register+0x95/0x110
[  327.718008]  __pci_register_driver+0x68/0x80
[  327.718011]  neuron_pci_module_init+0x25/0x60 [neuron]
[  327.718026]  neuron_module_init+0xd6/0x1000 [neuron]
[  327.718045]  ? 0xffffffffc089f000
[  327.718047]  do_one_initcall+0x49/0x1f0
[  327.718050]  ? kmem_cache_alloc_trace+0x199/0x2f0
[  327.718054]  do_init_module+0x52/0x220
[  327.718056]  load_module+0xb56/0xd30
[  327.718060]  __do_sys_finit_module+0xcc/0x150
[  327.718063]  ? __do_sys_finit_module+0xcc/0x150
[  327.718066]  __x64_sys_finit_module+0x18/0x30
[  327.718069]  do_syscall_64+0x5c/0x90
[  327.718071]  ? exit_to_user_mode_prepare+0x3b/0xd0
[  327.718074]  ? syscall_exit_to_user_mode+0x2a/0x50
[  327.718077]  ? do_syscall_64+0x69/0x90
[  327.718079]  ? exit_to_user_mode_prepare+0x3b/0xd0
[  327.718082]  ? syscall_exit_to_user_mode+0x2a/0x50
[  327.718086]  ? do_syscall_64+0x69/0x90
[  327.718088]  entry_SYSCALL_64_after_hwframe+0x63/0xcd
[  327.718091] RIP: 0033:0x7fce3fd1e88d
[  327.718093] Code: 5b 41 5c c3 66 0f 1f 84 00 00 00 00 00 f3 0f 1e fa 48 89 f8 48 89 f7 48 89 d6 48 89 ca 4d 89 c2 4d 89 c8 4c 8b 4c 24 08 0f 05 <48> 3d 01 f0 ff ff 73 01 c3 48 8b 0d 73 b5 0f 00 f7 d8 64 89 01 48
[  327.718095] RSP: 002b:00007ffc8a2104b8 EFLAGS: 00000246 ORIG_RAX: 0000000000000139
[  327.718098] RAX: ffffffffffffffda RBX: 0000563e65e9b7b0 RCX: 00007fce3fd1e88d
[  327.718100] RDX: 0000000000000000 RSI: 0000563e6589ccd2 RDI: 0000000000000003
[  327.718102] RBP: 0000000000000000 R08: 0000000000000000 R09: 0000000000000000
[  327.718103] R10: 0000000000000003 R11: 0000000000000246 R12: 0000563e6589ccd2
[  327.718105] R13: 0000563e65e9b760 R14: 0000563e6589b888 R15: 0000563e65e9b8c0
[  327.718108]  </TASK>
[  327.718110] DMA_STACK_END: End of stack trace for dma_free_coherent
[  327.718111] DMA_INSTRUMENT: About to call dma_alloc_coherent from function mp_init_hrm_pool at /home/ubuntu/cda/orginal/aws-neuronx-2.20.28.0/neuron_mempool.c:268
[  327.718113] DMA_STACK_START: Stack trace for dma_alloc_coherent called from mp_init_hrm_pool
[  327.718114] CPU: 0 PID: 1875 Comm: insmod Tainted: G           OE     5.19.0-1024-aws #25~22.04.1-Ubuntu
[  327.718117] Hardware name: Amazon EC2 inf1.xlarge/, BIOS 1.0 10/16/2017
[  327.718118] Call Trace:
[  327.718119]  <TASK>
[  327.718121]  show_stack+0x52/0x69
[  327.718123]  dump_stack_lvl+0x49/0x6d
[  327.718127]  dump_stack+0x10/0x18
[  327.718129]  mpset_constructor+0x268/0xa82 [neuron]
[  327.718148]  ? kmalloc_order+0x6b/0xa0
[  327.718152]  ? kmem_cache_alloc_trace+0x199/0x2f0
[  327.718155]  ? kmalloc_order_trace+0x1d/0xb0
[  327.718158]  neuron_pci_probe+0x3dd/0x610 [neuron]
[  327.718173]  local_pci_probe+0x4b/0x90
[  327.718177]  pci_call_probe+0x55/0x180
[  327.718180]  pci_device_probe+0x84/0x120
[  327.718184]  really_probe+0x1e4/0x3c0
[  327.718186]  __driver_probe_device+0x12a/0x1b0
[  327.718189]  driver_probe_device+0x23/0xd0
[  327.718192]  __driver_attach+0xc3/0x260
[  327.718194]  ? __device_attach_driver+0x160/0x160
[  327.718197]  bus_for_each_dev+0x83/0xe0
[  327.718199]  driver_attach+0x1e/0x30
[  327.718201]  bus_add_driver+0x187/0x230
[  327.718204]  driver_register+0x95/0x110
[  327.718207]  __pci_register_driver+0x68/0x80
[  327.718210]  neuron_pci_module_init+0x25/0x60 [neuron]
[  327.718224]  neuron_module_init+0xd6/0x1000 [neuron]
[  327.718243]  ? 0xffffffffc089f000
[  327.718245]  do_one_initcall+0x49/0x1f0
[  327.718248]  ? kmem_cache_alloc_trace+0x199/0x2f0
[  327.718252]  do_init_module+0x52/0x220
[  327.718255]  load_module+0xb56/0xd30
[  327.718259]  __do_sys_finit_module+0xcc/0x150
[  327.718261]  ? __do_sys_finit_module+0xcc/0x150
[  327.718265]  __x64_sys_finit_module+0x18/0x30
[  327.718267]  do_syscall_64+0x5c/0x90
[  327.718270]  ? exit_to_user_mode_prepare+0x3b/0xd0
[  327.718272]  ? syscall_exit_to_user_mode+0x2a/0x50
[  327.718275]  ? do_syscall_64+0x69/0x90
[  327.718278]  ? exit_to_user_mode_prepare+0x3b/0xd0
[  327.718280]  ? syscall_exit_to_user_mode+0x2a/0x50
[  327.718283]  ? do_syscall_64+0x69/0x90
[  327.718285]  entry_SYSCALL_64_after_hwframe+0x63/0xcd
[  327.718289] RIP: 0033:0x7fce3fd1e88d
[  327.718292] Code: 5b 41 5c c3 66 0f 1f 84 00 00 00 00 00 f3 0f 1e fa 48 89 f8 48 89 f7 48 89 d6 48 89 ca 4d 89 c2 4d 89 c8 4c 8b 4c 24 08 0f 05 <48> 3d 01 f0 ff ff 73 01 c3 48 8b 0d 73 b5 0f 00 f7 d8 64 89 01 48
[  327.718295] RSP: 002b:00007ffc8a2104b8 EFLAGS: 00000246 ORIG_RAX: 0000000000000139
[  327.718298] RAX: ffffffffffffffda RBX: 0000563e65e9b7b0 RCX: 00007fce3fd1e88d
[  327.718300] RDX: 0000000000000000 RSI: 0000563e6589ccd2 RDI: 0000000000000003
[  327.718302] RBP: 0000000000000000 R08: 0000000000000000 R09: 0000000000000000
[  327.718304] R10: 0000000000000003 R11: 0000000000000246 R12: 0000563e6589ccd2
[  327.718307] R13: 0000563e65e9b760 R14: 0000563e6589b888 R15: 0000563e65e9b8c0
[  327.718317]  </TASK>
[  327.718319] DMA_STACK_END: End of stack trace for dma_alloc_coherent
[  327.718386] DMA_INSTRUMENT: About to call dma_free_coherent from function mp_init_hrm_pool at /home/ubuntu/cda/orginal/aws-neuronx-2.20.28.0/neuron_mempool.c:279
[  327.718388] DMA_STACK_START: Stack trace for dma_free_coherent called from mp_init_hrm_pool
[  327.718389] CPU: 0 PID: 1875 Comm: insmod Tainted: G           OE     5.19.0-1024-aws #25~22.04.1-Ubuntu
[  327.718391] Hardware name: Amazon EC2 inf1.xlarge/, BIOS 1.0 10/16/2017
[  327.718393] Call Trace:
[  327.718394]  <TASK>
[  327.718395]  show_stack+0x52/0x69
[  327.718398]  dump_stack_lvl+0x49/0x6d
[  327.718401]  dump_stack+0x10/0x18
[  327.718404]  mpset_constructor+0x322/0xa82 [neuron]
[  327.718425]  ? kmalloc_order+0x6b/0xa0
[  327.718428]  ? kmem_cache_alloc_trace+0x199/0x2f0
[  327.718431]  ? kmalloc_order_trace+0x1d/0xb0
[  327.718434]  neuron_pci_probe+0x3dd/0x610 [neuron]
[  327.718449]  local_pci_probe+0x4b/0x90
[  327.718452]  pci_call_probe+0x55/0x180
[  327.718455]  pci_device_probe+0x84/0x120
[  327.718459]  really_probe+0x1e4/0x3c0
[  327.718462]  __driver_probe_device+0x12a/0x1b0
[  327.718464]  driver_probe_device+0x23/0xd0
[  327.718467]  __driver_attach+0xc3/0x260
[  327.718470]  ? __device_attach_driver+0x160/0x160
[  327.718473]  bus_for_each_dev+0x83/0xe0
[  327.718475]  driver_attach+0x1e/0x30
[  327.718478]  bus_add_driver+0x187/0x230
[  327.718481]  driver_register+0x95/0x110
[  327.718484]  __pci_register_driver+0x68/0x80
[  327.718487]  neuron_pci_module_init+0x25/0x60 [neuron]
[  327.718502]  neuron_module_init+0xd6/0x1000 [neuron]
[  327.718520]  ? 0xffffffffc089f000
[  327.718522]  do_one_initcall+0x49/0x1f0
[  327.718529]  ? kmem_cache_alloc_trace+0x199/0x2f0
[  327.718532]  do_init_module+0x52/0x220
[  327.718535]  load_module+0xb56/0xd30
[  327.718538]  __do_sys_finit_module+0xcc/0x150
[  327.718541]  ? __do_sys_finit_module+0xcc/0x150
[  327.718544]  __x64_sys_finit_module+0x18/0x30
[  327.718547]  do_syscall_64+0x5c/0x90
[  327.718550]  ? exit_to_user_mode_prepare+0x3b/0xd0
[  327.718552]  ? syscall_exit_to_user_mode+0x2a/0x50
[  327.718555]  ? do_syscall_64+0x69/0x90
[  327.718557]  ? exit_to_user_mode_prepare+0x3b/0xd0
[  327.718560]  ? syscall_exit_to_user_mode+0x2a/0x50
[  327.718562]  ? do_syscall_64+0x69/0x90
[  327.718565]  entry_SYSCALL_64_after_hwframe+0x63/0xcd
[  327.718568] RIP: 0033:0x7fce3fd1e88d
[  327.718571] Code: 5b 41 5c c3 66 0f 1f 84 00 00 00 00 00 f3 0f 1e fa 48 89 f8 48 89 f7 48 89 d6 48 89 ca 4d 89 c2 4d 89 c8 4c 8b 4c 24 08 0f 05 <48> 3d 01 f0 ff ff 73 01 c3 48 8b 0d 73 b5 0f 00 f7 d8 64 89 01 48
[  327.718573] RSP: 002b:00007ffc8a2104b8 EFLAGS: 00000246 ORIG_RAX: 0000000000000139
[  327.718577] RAX: ffffffffffffffda RBX: 0000563e65e9b7b0 RCX: 00007fce3fd1e88d
[  327.718579] RDX: 0000000000000000 RSI: 0000563e6589ccd2 RDI: 0000000000000003
[  327.718581] RBP: 0000000000000000 R08: 0000000000000000 R09: 0000000000000000
[  327.718583] R10: 0000000000000003 R11: 0000000000000246 R12: 0000563e6589ccd2
[  327.718585] R13: 0000563e65e9b760 R14: 0000563e6589b888 R15: 0000563e65e9b8c0
[  327.718589]  </TASK>
[  327.718599] DMA_STACK_END: End of stack trace for dma_free_coherent
[  327.718600] DMA_INSTRUMENT: About to call dma_alloc_coherent from function mp_init_hrm_pool at /home/ubuntu/cda/orginal/aws-neuronx-2.20.28.0/neuron_mempool.c:268
[  327.718602] DMA_STACK_START: Stack trace for dma_alloc_coherent called from mp_init_hrm_pool
[  327.718604] CPU: 0 PID: 1875 Comm: insmod Tainted: G           OE     5.19.0-1024-aws #25~22.04.1-Ubuntu
[  327.718607] Hardware name: Amazon EC2 inf1.xlarge/, BIOS 1.0 10/16/2017
[  327.718608] Call Trace:
[  327.718609]  <TASK>
[  327.718610]  show_stack+0x52/0x69
[  327.718614]  dump_stack_lvl+0x49/0x6d
[  327.718617]  dump_stack+0x10/0x18
[  327.718619]  mpset_constructor+0x268/0xa82 [neuron]
[  327.718638]  ? kmalloc_order+0x6b/0xa0
[  327.718642]  ? kmem_cache_alloc_trace+0x199/0x2f0
[  327.718645]  ? kmalloc_order_trace+0x1d/0xb0
[  327.718648]  neuron_pci_probe+0x3dd/0x610 [neuron]
[  327.718664]  local_pci_probe+0x4b/0x90
[  327.718667]  pci_call_probe+0x55/0x180
[  327.718671]  pci_device_probe+0x84/0x120
[  327.718674]  really_probe+0x1e4/0x3c0
[  327.718677]  __driver_probe_device+0x12a/0x1b0
[  327.718680]  driver_probe_device+0x23/0xd0
[  327.718682]  __driver_attach+0xc3/0x260
[  327.718685]  ? __device_attach_driver+0x160/0x160
[  327.718688]  bus_for_each_dev+0x83/0xe0
[  327.718690]  driver_attach+0x1e/0x30
[  327.718692]  bus_add_driver+0x187/0x230
[  327.718695]  driver_register+0x95/0x110
[  327.718697]  __pci_register_driver+0x68/0x80
[  327.718700]  neuron_pci_module_init+0x25/0x60 [neuron]
[  327.718715]  neuron_module_init+0xd6/0x1000 [neuron]
[  327.718736]  ? 0xffffffffc089f000
[  327.718738]  do_one_initcall+0x49/0x1f0
[  327.718741]  ? kmem_cache_alloc_trace+0x199/0x2f0
[  327.718744]  do_init_module+0x52/0x220
[  327.718747]  load_module+0xb56/0xd30
[  327.718750]  __do_sys_finit_module+0xcc/0x150
[  327.718753]  ? __do_sys_finit_module+0xcc/0x150
[  327.718756]  __x64_sys_finit_module+0x18/0x30
[  327.718758]  do_syscall_64+0x5c/0x90
[  327.718759]  ? exit_to_user_mode_prepare+0x3b/0xd0
[  327.718762]  ? syscall_exit_to_user_mode+0x2a/0x50
[  327.718764]  ? do_syscall_64+0x69/0x90
[  327.718766]  ? exit_to_user_mode_prepare+0x3b/0xd0
[  327.718769]  ? syscall_exit_to_user_mode+0x2a/0x50
[  327.718771]  ? do_syscall_64+0x69/0x90
[  327.718773]  entry_SYSCALL_64_after_hwframe+0x63/0xcd
[  327.718777] RIP: 0033:0x7fce3fd1e88d
[  327.718779] Code: 5b 41 5c c3 66 0f 1f 84 00 00 00 00 00 f3 0f 1e fa 48 89 f8 48 89 f7 48 89 d6 48 89 ca 4d 89 c2 4d 89 c8 4c 8b 4c 24 08 0f 05 <48> 3d 01 f0 ff ff 73 01 c3 48 8b 0d 73 b5 0f 00 f7 d8 64 89 01 48
[  327.718781] RSP: 002b:00007ffc8a2104b8 EFLAGS: 00000246 ORIG_RAX: 0000000000000139
[  327.718784] RAX: ffffffffffffffda RBX: 0000563e65e9b7b0 RCX: 00007fce3fd1e88d
[  327.718786] RDX: 0000000000000000 RSI: 0000563e6589ccd2 RDI: 0000000000000003
[  327.718787] RBP: 0000000000000000 R08: 0000000000000000 R09: 0000000000000000
[  327.718789] R10: 0000000000000003 R11: 0000000000000246 R12: 0000563e6589ccd2
[  327.718790] R13: 0000563e65e9b760 R14: 0000563e6589b888 R15: 0000563e65e9b8c0
[  327.718794]  </TASK>
[  327.718795] DMA_STACK_END: End of stack trace for dma_alloc_coherent
[  327.718862] DMA_INSTRUMENT: About to call dma_free_coherent from function mp_init_hrm_pool at /home/ubuntu/cda/orginal/aws-neuronx-2.20.28.0/neuron_mempool.c:279
[  327.718864] DMA_STACK_START: Stack trace for dma_free_coherent called from mp_init_hrm_pool
[  327.718866] CPU: 0 PID: 1875 Comm: insmod Tainted: G           OE     5.19.0-1024-aws #25~22.04.1-Ubuntu
[  327.718868] Hardware name: Amazon EC2 inf1.xlarge/, BIOS 1.0 10/16/2017
[  327.718869] Call Trace:
[  327.718870]  <TASK>
[  327.718872]  show_stack+0x52/0x69
[  327.718875]  dump_stack_lvl+0x49/0x6d
[  327.718878]  dump_stack+0x10/0x18
[  327.718880]  mpset_constructor+0x322/0xa82 [neuron]
[  327.718898]  ? kmalloc_order+0x6b/0xa0
[  327.718902]  ? kmem_cache_alloc_trace+0x199/0x2f0
[  327.718905]  ? kmalloc_order_trace+0x1d/0xb0
[  327.718907]  neuron_pci_probe+0x3dd/0x610 [neuron]
[  327.718920]  local_pci_probe+0x4b/0x90
[  327.718923]  pci_call_probe+0x55/0x180
[  327.718926]  pci_device_probe+0x84/0x120
[  327.718929]  really_probe+0x1e4/0x3c0
[  327.718931]  __driver_probe_device+0x12a/0x1b0
[  327.718933]  driver_probe_device+0x23/0xd0
[  327.718935]  __driver_attach+0xc3/0x260
[  327.718938]  ? __device_attach_driver+0x160/0x160
[  327.718940]  bus_for_each_dev+0x83/0xe0
[  327.718942]  driver_attach+0x1e/0x30
[  327.718944]  bus_add_driver+0x187/0x230
[  327.718946]  driver_register+0x95/0x110
[  327.718948]  __pci_register_driver+0x68/0x80
[  327.718951]  neuron_pci_module_init+0x25/0x60 [neuron]
[  327.718964]  neuron_module_init+0xd6/0x1000 [neuron]
[  327.718981]  ? 0xffffffffc089f000
[  327.718983]  do_one_initcall+0x49/0x1f0
[  327.718986]  ? kmem_cache_alloc_trace+0x199/0x2f0
[  327.718989]  do_init_module+0x52/0x220
[  327.718992]  load_module+0xb56/0xd30
[  327.718996]  __do_sys_finit_module+0xcc/0x150
[  327.718998]  ? __do_sys_finit_module+0xcc/0x150
[  327.719002]  __x64_sys_finit_module+0x18/0x30
[  327.719004]  do_syscall_64+0x5c/0x90
[  327.719006]  ? exit_to_user_mode_prepare+0x3b/0xd0
[  327.719008]  ? syscall_exit_to_user_mode+0x2a/0x50
[  327.719011]  ? do_syscall_64+0x69/0x90
[  327.719013]  ? exit_to_user_mode_prepare+0x3b/0xd0
[  327.719015]  ? syscall_exit_to_user_mode+0x2a/0x50
[  327.719018]  ? do_syscall_64+0x69/0x90
[  327.719020]  entry_SYSCALL_64_after_hwframe+0x63/0xcd
[  327.719023] RIP: 0033:0x7fce3fd1e88d
[  327.719025] Code: 5b 41 5c c3 66 0f 1f 84 00 00 00 00 00 f3 0f 1e fa 48 89 f8 48 89 f7 48 89 d6 48 89 ca 4d 89 c2 4d 89 c8 4c 8b 4c 24 08 0f 05 <48> 3d 01 f0 ff ff 73 01 c3 48 8b 0d 73 b5 0f 00 f7 d8 64 89 01 48
[  327.719027] RSP: 002b:00007ffc8a2104b8 EFLAGS: 00000246 ORIG_RAX: 0000000000000139
[  327.719030] RAX: ffffffffffffffda RBX: 0000563e65e9b7b0 RCX: 00007fce3fd1e88d
[  327.719032] RDX: 0000000000000000 RSI: 0000563e6589ccd2 RDI: 0000000000000003
[  327.719034] RBP: 0000000000000000 R08: 0000000000000000 R09: 0000000000000000
[  327.719036] R10: 0000000000000003 R11: 0000000000000246 R12: 0000563e6589ccd2
[  327.719038] R13: 0000563e65e9b760 R14: 0000563e6589b888 R15: 0000563e65e9b8c0
[  327.719040]  </TASK>
[  327.719041] DMA_STACK_END: End of stack trace for dma_free_coherent
[  327.719042] DMA_INSTRUMENT: About to call dma_alloc_coherent from function mp_init_hrm_pool at /home/ubuntu/cda/orginal/aws-neuronx-2.20.28.0/neuron_mempool.c:268
[  327.719044] DMA_STACK_START: Stack trace for dma_alloc_coherent called from mp_init_hrm_pool
[  327.719046] CPU: 0 PID: 1875 Comm: insmod Tainted: G           OE     5.19.0-1024-aws #25~22.04.1-Ubuntu
[  327.719048] Hardware name: Amazon EC2 inf1.xlarge/, BIOS 1.0 10/16/2017
[  327.719050] Call Trace:
[  327.719051]  <TASK>
[  327.719052]  show_stack+0x52/0x69
[  327.719055]  dump_stack_lvl+0x49/0x6d
[  327.719058]  dump_stack+0x10/0x18
[  327.719061]  mpset_constructor+0x268/0xa82 [neuron]
[  327.719079]  ? kmalloc_order+0x6b/0xa0
[  327.719083]  ? kmem_cache_alloc_trace+0x199/0x2f0
[  327.719086]  ? kmalloc_order_trace+0x1d/0xb0
[  327.719088]  neuron_pci_probe+0x3dd/0x610 [neuron]
[  327.719102]  local_pci_probe+0x4b/0x90
[  327.719105]  pci_call_probe+0x55/0x180
[  327.719108]  pci_device_probe+0x84/0x120
[  327.719111]  really_probe+0x1e4/0x3c0
[  327.719114]  __driver_probe_device+0x12a/0x1b0
[  327.719116]  driver_probe_device+0x23/0xd0
[  327.719119]  __driver_attach+0xc3/0x260
[  327.719122]  ? __device_attach_driver+0x160/0x160
[  327.719124]  bus_for_each_dev+0x83/0xe0
[  327.719126]  driver_attach+0x1e/0x30
[  327.719128]  bus_add_driver+0x187/0x230
[  327.719131]  driver_register+0x95/0x110
[  327.719133]  __pci_register_driver+0x68/0x80
[  327.719136]  neuron_pci_module_init+0x25/0x60 [neuron]
[  327.719149]  neuron_module_init+0xd6/0x1000 [neuron]
[  327.719165]  ? 0xffffffffc089f000
[  327.719167]  do_one_initcall+0x49/0x1f0
[  327.719170]  ? kmem_cache_alloc_trace+0x199/0x2f0
[  327.719173]  do_init_module+0x52/0x220
[  327.719176]  load_module+0xb56/0xd30
[  327.719179]  __do_sys_finit_module+0xcc/0x150
[  327.719182]  ? __do_sys_finit_module+0xcc/0x150
[  327.719185]  __x64_sys_finit_module+0x18/0x30
[  327.719188]  do_syscall_64+0x5c/0x90
[  327.719190]  ? exit_to_user_mode_prepare+0x3b/0xd0
[  327.719192]  ? syscall_exit_to_user_mode+0x2a/0x50
[  327.719195]  ? do_syscall_64+0x69/0x90
[  327.719196]  ? exit_to_user_mode_prepare+0x3b/0xd0
[  327.719198]  ? syscall_exit_to_user_mode+0x2a/0x50
[  327.719201]  ? do_syscall_64+0x69/0x90
[  327.719203]  entry_SYSCALL_64_after_hwframe+0x63/0xcd
[  327.719206] RIP: 0033:0x7fce3fd1e88d
[  327.719208] Code: 5b 41 5c c3 66 0f 1f 84 00 00 00 00 00 f3 0f 1e fa 48 89 f8 48 89 f7 48 89 d6 48 89 ca 4d 89 c2 4d 89 c8 4c 8b 4c 24 08 0f 05 <48> 3d 01 f0 ff ff 73 01 c3 48 8b 0d 73 b5 0f 00 f7 d8 64 89 01 48
[  327.719210] RSP: 002b:00007ffc8a2104b8 EFLAGS: 00000246 ORIG_RAX: 0000000000000139
[  327.719213] RAX: ffffffffffffffda RBX: 0000563e65e9b7b0 RCX: 00007fce3fd1e88d
[  327.719214] RDX: 0000000000000000 RSI: 0000563e6589ccd2 RDI: 0000000000000003
[  327.719216] RBP: 0000000000000000 R08: 0000000000000000 R09: 0000000000000000
[  327.719218] R10: 0000000000000003 R11: 0000000000000246 R12: 0000563e6589ccd2
[  327.719219] R13: 0000563e65e9b760 R14: 0000563e6589b888 R15: 0000563e65e9b8c0
[  327.719222]  </TASK>
[  327.719223] DMA_STACK_END: End of stack trace for dma_alloc_coherent
[  327.719292] DMA_INSTRUMENT: About to call dma_free_coherent from function mp_init_hrm_pool at /home/ubuntu/cda/orginal/aws-neuronx-2.20.28.0/neuron_mempool.c:279
[  327.719295] DMA_STACK_START: Stack trace for dma_free_coherent called from mp_init_hrm_pool
[  327.719296] CPU: 0 PID: 1875 Comm: insmod Tainted: G           OE     5.19.0-1024-aws #25~22.04.1-Ubuntu
[  327.719299] Hardware name: Amazon EC2 inf1.xlarge/, BIOS 1.0 10/16/2017
[  327.719300] Call Trace:
[  327.719301]  <TASK>
[  327.719303]  show_stack+0x52/0x69
[  327.719306]  dump_stack_lvl+0x49/0x6d
[  327.719308]  dump_stack+0x10/0x18
[  327.719311]  mpset_constructor+0x322/0xa82 [neuron]
[  327.719330]  ? kmalloc_order+0x6b/0xa0
[  327.719333]  ? kmem_cache_alloc_trace+0x199/0x2f0
[  327.719336]  ? kmalloc_order_trace+0x1d/0xb0
[  327.719338]  neuron_pci_probe+0x3dd/0x610 [neuron]
[  327.719353]  local_pci_probe+0x4b/0x90
[  327.719356]  pci_call_probe+0x55/0x180
[  327.719360]  pci_device_probe+0x84/0x120
[  327.719363]  really_probe+0x1e4/0x3c0
[  327.719366]  __driver_probe_device+0x12a/0x1b0
[  327.719368]  driver_probe_device+0x23/0xd0
[  327.719371]  __driver_attach+0xc3/0x260
[  327.719374]  ? __device_attach_driver+0x160/0x160
[  327.719376]  bus_for_each_dev+0x83/0xe0
[  327.719379]  driver_attach+0x1e/0x30
[  327.719381]  bus_add_driver+0x187/0x230
[  327.719383]  driver_register+0x95/0x110
[  327.719386]  __pci_register_driver+0x68/0x80
[  327.719389]  neuron_pci_module_init+0x25/0x60 [neuron]
[  327.719403]  neuron_module_init+0xd6/0x1000 [neuron]
[  327.719421]  ? 0xffffffffc089f000
[  327.719423]  do_one_initcall+0x49/0x1f0
[  327.719427]  ? kmem_cache_alloc_trace+0x199/0x2f0
[  327.719430]  do_init_module+0x52/0x220
[  327.719433]  load_module+0xb56/0xd30
[  327.719437]  __do_sys_finit_module+0xcc/0x150
[  327.719440]  ? __do_sys_finit_module+0xcc/0x150
[  327.719443]  __x64_sys_finit_module+0x18/0x30
[  327.719446]  do_syscall_64+0x5c/0x90
[  327.719448]  ? exit_to_user_mode_prepare+0x3b/0xd0
[  327.719450]  ? syscall_exit_to_user_mode+0x2a/0x50
[  327.719453]  ? do_syscall_64+0x69/0x90
[  327.719455]  ? exit_to_user_mode_prepare+0x3b/0xd0
[  327.719458]  ? syscall_exit_to_user_mode+0x2a/0x50
[  327.719460]  ? do_syscall_64+0x69/0x90
[  327.719462]  entry_SYSCALL_64_after_hwframe+0x63/0xcd
[  327.719466] RIP: 0033:0x7fce3fd1e88d
[  327.719468] Code: 5b 41 5c c3 66 0f 1f 84 00 00 00 00 00 f3 0f 1e fa 48 89 f8 48 89 f7 48 89 d6 48 89 ca 4d 89 c2 4d 89 c8 4c 8b 4c 24 08 0f 05 <48> 3d 01 f0 ff ff 73 01 c3 48 8b 0d 73 b5 0f 00 f7 d8 64 89 01 48
[  327.719470] RSP: 002b:00007ffc8a2104b8 EFLAGS: 00000246 ORIG_RAX: 0000000000000139
[  327.719473] RAX: ffffffffffffffda RBX: 0000563e65e9b7b0 RCX: 00007fce3fd1e88d
[  327.719475] RDX: 0000000000000000 RSI: 0000563e6589ccd2 RDI: 0000000000000003
[  327.719477] RBP: 0000000000000000 R08: 0000000000000000 R09: 0000000000000000
[  327.719479] R10: 0000000000000003 R11: 0000000000000246 R12: 0000563e6589ccd2
[  327.719481] R13: 0000563e65e9b760 R14: 0000563e6589b888 R15: 0000563e65e9b8c0
[  327.719484]  </TASK>
[  327.719485] DMA_STACK_END: End of stack trace for dma_free_coherent
[  327.719486] DMA_INSTRUMENT: About to call dma_alloc_coherent from function mp_init_hrm_pool at /home/ubuntu/cda/orginal/aws-neuronx-2.20.28.0/neuron_mempool.c:268
[  327.719488] DMA_STACK_START: Stack trace for dma_alloc_coherent called from mp_init_hrm_pool
[  327.719490] CPU: 0 PID: 1875 Comm: insmod Tainted: G           OE     5.19.0-1024-aws #25~22.04.1-Ubuntu
[  327.719492] Hardware name: Amazon EC2 inf1.xlarge/, BIOS 1.0 10/16/2017
[  327.719494] Call Trace:
[  327.719495]  <TASK>
[  327.719496]  show_stack+0x52/0x69
[  327.719499]  dump_stack_lvl+0x49/0x6d
[  327.719502]  dump_stack+0x10/0x18
[  327.719504]  mpset_constructor+0x268/0xa82 [neuron]
[  327.719523]  ? kmalloc_order+0x6b/0xa0
[  327.719527]  ? kmem_cache_alloc_trace+0x199/0x2f0
[  327.719530]  ? kmalloc_order_trace+0x1d/0xb0
[  327.719532]  neuron_pci_probe+0x3dd/0x610 [neuron]
[  327.719547]  local_pci_probe+0x4b/0x90
[  327.719550]  pci_call_probe+0x55/0x180
[  327.719554]  pci_device_probe+0x84/0x120
[  327.719557]  really_probe+0x1e4/0x3c0
[  327.719560]  __driver_probe_device+0x12a/0x1b0
[  327.719562]  driver_probe_device+0x23/0xd0
[  327.719564]  __driver_attach+0xc3/0x260
[  327.719567]  ? __device_attach_driver+0x160/0x160
[  327.719570]  bus_for_each_dev+0x83/0xe0
[  327.719572]  driver_attach+0x1e/0x30
[  327.719575]  bus_add_driver+0x187/0x230
[  327.719578]  driver_register+0x95/0x110
[  327.719580]  __pci_register_driver+0x68/0x80
[  327.719584]  neuron_pci_module_init+0x25/0x60 [neuron]
[  327.719598]  neuron_module_init+0xd6/0x1000 [neuron]
[  327.719616]  ? 0xffffffffc089f000
[  327.719618]  do_one_initcall+0x49/0x1f0
[  327.719622]  ? kmem_cache_alloc_trace+0x199/0x2f0
[  327.719625]  do_init_module+0x52/0x220
[  327.719628]  load_module+0xb56/0xd30
[  327.719632]  __do_sys_finit_module+0xcc/0x150
[  327.719635]  ? __do_sys_finit_module+0xcc/0x150
[  327.719639]  __x64_sys_finit_module+0x18/0x30
[  327.719641]  do_syscall_64+0x5c/0x90
[  327.719644]  ? exit_to_user_mode_prepare+0x3b/0xd0
[  327.719646]  ? syscall_exit_to_user_mode+0x2a/0x50
[  327.719649]  ? do_syscall_64+0x69/0x90
[  327.719651]  ? exit_to_user_mode_prepare+0x3b/0xd0
[  327.719654]  ? syscall_exit_to_user_mode+0x2a/0x50
[  327.719657]  ? do_syscall_64+0x69/0x90
[  327.719659]  entry_SYSCALL_64_after_hwframe+0x63/0xcd
[  327.719663] RIP: 0033:0x7fce3fd1e88d
[  327.719665] Code: 5b 41 5c c3 66 0f 1f 84 00 00 00 00 00 f3 0f 1e fa 48 89 f8 48 89 f7 48 89 d6 48 89 ca 4d 89 c2 4d 89 c8 4c 8b 4c 24 08 0f 05 <48> 3d 01 f0 ff ff 73 01 c3 48 8b 0d 73 b5 0f 00 f7 d8 64 89 01 48
[  327.719667] RSP: 002b:00007ffc8a2104b8 EFLAGS: 00000246 ORIG_RAX: 0000000000000139
[  327.719670] RAX: ffffffffffffffda RBX: 0000563e65e9b7b0 RCX: 00007fce3fd1e88d
[  327.719672] RDX: 0000000000000000 RSI: 0000563e6589ccd2 RDI: 0000000000000003
[  327.719674] RBP: 0000000000000000 R08: 0000000000000000 R09: 0000000000000000
[  327.719676] R10: 0000000000000003 R11: 0000000000000246 R12: 0000563e6589ccd2
[  327.719678] R13: 0000563e65e9b760 R14: 0000563e6589b888 R15: 0000563e65e9b8c0
[  327.719681]  </TASK>
[  327.719682] DMA_STACK_END: End of stack trace for dma_alloc_coherent
[  327.719748] DMA_INSTRUMENT: About to call dma_free_coherent from function mp_init_hrm_pool at /home/ubuntu/cda/orginal/aws-neuronx-2.20.28.0/neuron_mempool.c:279
[  327.719751] DMA_STACK_START: Stack trace for dma_free_coherent called from mp_init_hrm_pool
[  327.719752] CPU: 0 PID: 1875 Comm: insmod Tainted: G           OE     5.19.0-1024-aws #25~22.04.1-Ubuntu
[  327.719755] Hardware name: Amazon EC2 inf1.xlarge/, BIOS 1.0 10/16/2017
[  327.719757] Call Trace:
[  327.719758]  <TASK>
[  327.719759]  show_stack+0x52/0x69
[  327.719762]  dump_stack_lvl+0x49/0x6d
[  327.719766]  dump_stack+0x10/0x18
[  327.719769]  mpset_constructor+0x322/0xa82 [neuron]
[  327.719789]  ? kmalloc_order+0x6b/0xa0
[  327.719793]  ? kmem_cache_alloc_trace+0x199/0x2f0
[  327.719796]  ? kmalloc_order_trace+0x1d/0xb0
[  327.719798]  neuron_pci_probe+0x3dd/0x610 [neuron]
[  327.719813]  local_pci_probe+0x4b/0x90
[  327.719817]  pci_call_probe+0x55/0x180
[  327.719821]  pci_device_probe+0x84/0x120
[  327.719825]  really_probe+0x1e4/0x3c0
[  327.719828]  __driver_probe_device+0x12a/0x1b0
[  327.719831]  driver_probe_device+0x23/0xd0
[  327.719833]  __driver_attach+0xc3/0x260
[  327.719836]  ? __device_attach_driver+0x160/0x160
[  327.719839]  bus_for_each_dev+0x83/0xe0
[  327.719842]  driver_attach+0x1e/0x30
[  327.719844]  bus_add_driver+0x187/0x230
[  327.719847]  driver_register+0x95/0x110
[  327.719850]  __pci_register_driver+0x68/0x80
[  327.719853]  neuron_pci_module_init+0x25/0x60 [neuron]
[  327.719867]  neuron_module_init+0xd6/0x1000 [neuron]
[  327.719886]  ? 0xffffffffc089f000
[  327.719887]  do_one_initcall+0x49/0x1f0
[  327.719891]  ? kmem_cache_alloc_trace+0x199/0x2f0
[  327.719894]  do_init_module+0x52/0x220
[  327.719897]  load_module+0xb56/0xd30
[  327.719901]  __do_sys_finit_module+0xcc/0x150
[  327.719904]  ? __do_sys_finit_module+0xcc/0x150
[  327.719908]  __x64_sys_finit_module+0x18/0x30
[  327.719910]  do_syscall_64+0x5c/0x90
[  327.719912]  ? exit_to_user_mode_prepare+0x3b/0xd0
[  327.719914]  ? syscall_exit_to_user_mode+0x2a/0x50
[  327.719917]  ? do_syscall_64+0x69/0x90
[  327.719919]  ? exit_to_user_mode_prepare+0x3b/0xd0
[  327.719921]  ? syscall_exit_to_user_mode+0x2a/0x50
[  327.719924]  ? do_syscall_64+0x69/0x90
[  327.719927]  entry_SYSCALL_64_after_hwframe+0x63/0xcd
[  327.719930] RIP: 0033:0x7fce3fd1e88d
[  327.719932] Code: 5b 41 5c c3 66 0f 1f 84 00 00 00 00 00 f3 0f 1e fa 48 89 f8 48 89 f7 48 89 d6 48 89 ca 4d 89 c2 4d 89 c8 4c 8b 4c 24 08 0f 05 <48> 3d 01 f0 ff ff 73 01 c3 48 8b 0d 73 b5 0f 00 f7 d8 64 89 01 48
[  327.719935] RSP: 002b:00007ffc8a2104b8 EFLAGS: 00000246 ORIG_RAX: 0000000000000139
[  327.719938] RAX: ffffffffffffffda RBX: 0000563e65e9b7b0 RCX: 00007fce3fd1e88d
[  327.719940] RDX: 0000000000000000 RSI: 0000563e6589ccd2 RDI: 0000000000000003
[  327.719942] RBP: 0000000000000000 R08: 0000000000000000 R09: 0000000000000000
[  327.719944] R10: 0000000000000003 R11: 0000000000000246 R12: 0000563e6589ccd2
[  327.719946] R13: 0000563e65e9b760 R14: 0000563e6589b888 R15: 0000563e65e9b8c0
[  327.719949]  </TASK>
[  327.719950] DMA_STACK_END: End of stack trace for dma_free_coherent
[  327.719952] DMA_INSTRUMENT: About to call dma_alloc_coherent from function mp_init_hrm_pool at /home/ubuntu/cda/orginal/aws-neuronx-2.20.28.0/neuron_mempool.c:268
[  327.719954] DMA_STACK_START: Stack trace for dma_alloc_coherent called from mp_init_hrm_pool
[  327.719956] CPU: 0 PID: 1875 Comm: insmod Tainted: G           OE     5.19.0-1024-aws #25~22.04.1-Ubuntu
[  327.719959] Hardware name: Amazon EC2 inf1.xlarge/, BIOS 1.0 10/16/2017
[  327.719960] Call Trace:
[  327.719962]  <TASK>
[  327.719963]  show_stack+0x52/0x69
[  327.719966]  dump_stack_lvl+0x49/0x6d
[  327.719969]  dump_stack+0x10/0x18
[  327.719972]  mpset_constructor+0x268/0xa82 [neuron]
[  327.719993]  ? kmalloc_order+0x6b/0xa0
[  327.719996]  ? kmem_cache_alloc_trace+0x199/0x2f0
[  327.719999]  ? kmalloc_order_trace+0x1d/0xb0
[  327.720002]  neuron_pci_probe+0x3dd/0x610 [neuron]
[  327.720018]  local_pci_probe+0x4b/0x90
[  327.720021]  pci_call_probe+0x55/0x180
[  327.720025]  pci_device_probe+0x84/0x120
[  327.720028]  really_probe+0x1e4/0x3c0
[  327.720031]  __driver_probe_device+0x12a/0x1b0
[  327.720034]  driver_probe_device+0x23/0xd0
[  327.720037]  __driver_attach+0xc3/0x260
[  327.720040]  ? __device_attach_driver+0x160/0x160
[  327.720043]  bus_for_each_dev+0x83/0xe0
[  327.720046]  driver_attach+0x1e/0x30
[  327.720048]  bus_add_driver+0x187/0x230
[  327.720051]  driver_register+0x95/0x110
[  327.720055]  __pci_register_driver+0x68/0x80
[  327.720058]  neuron_pci_module_init+0x25/0x60 [neuron]
[  327.720072]  neuron_module_init+0xd6/0x1000 [neuron]
[  327.720091]  ? 0xffffffffc089f000
[  327.720093]  do_one_initcall+0x49/0x1f0
[  327.720097]  ? kmem_cache_alloc_trace+0x199/0x2f0
[  327.720100]  do_init_module+0x52/0x220
[  327.720103]  load_module+0xb56/0xd30
[  327.720106]  __do_sys_finit_module+0xcc/0x150
[  327.720109]  ? __do_sys_finit_module+0xcc/0x150
[  327.720113]  __x64_sys_finit_module+0x18/0x30
[  327.720115]  do_syscall_64+0x5c/0x90
[  327.720118]  ? exit_to_user_mode_prepare+0x3b/0xd0
[  327.720120]  ? syscall_exit_to_user_mode+0x2a/0x50
[  327.720123]  ? do_syscall_64+0x69/0x90
[  327.720125]  ? exit_to_user_mode_prepare+0x3b/0xd0
[  327.720127]  ? syscall_exit_to_user_mode+0x2a/0x50
[  327.720130]  ? do_syscall_64+0x69/0x90
[  327.720132]  entry_SYSCALL_64_after_hwframe+0x63/0xcd
[  327.720136] RIP: 0033:0x7fce3fd1e88d
[  327.720138] Code: 5b 41 5c c3 66 0f 1f 84 00 00 00 00 00 f3 0f 1e fa 48 89 f8 48 89 f7 48 89 d6 48 89 ca 4d 89 c2 4d 89 c8 4c 8b 4c 24 08 0f 05 <48> 3d 01 f0 ff ff 73 01 c3 48 8b 0d 73 b5 0f 00 f7 d8 64 89 01 48
[  327.720140] RSP: 002b:00007ffc8a2104b8 EFLAGS: 00000246 ORIG_RAX: 0000000000000139
[  327.720143] RAX: ffffffffffffffda RBX: 0000563e65e9b7b0 RCX: 00007fce3fd1e88d
[  327.720146] RDX: 0000000000000000 RSI: 0000563e6589ccd2 RDI: 0000000000000003
[  327.720147] RBP: 0000000000000000 R08: 0000000000000000 R09: 0000000000000000
[  327.720149] R10: 0000000000000003 R11: 0000000000000246 R12: 0000563e6589ccd2
[  327.720151] R13: 0000563e65e9b760 R14: 0000563e6589b888 R15: 0000563e65e9b8c0
[  327.720154]  </TASK>
[  327.720155] DMA_STACK_END: End of stack trace for dma_alloc_coherent
[  327.720215] DMA_INSTRUMENT: About to call dma_free_coherent from function mp_init_hrm_pool at /home/ubuntu/cda/orginal/aws-neuronx-2.20.28.0/neuron_mempool.c:279
[  327.720217] DMA_STACK_START: Stack trace for dma_free_coherent called from mp_init_hrm_pool
[  327.720218] CPU: 0 PID: 1875 Comm: insmod Tainted: G           OE     5.19.0-1024-aws #25~22.04.1-Ubuntu
[  327.720221] Hardware name: Amazon EC2 inf1.xlarge/, BIOS 1.0 10/16/2017
[  327.720223] Call Trace:
[  327.720224]  <TASK>
[  327.720225]  show_stack+0x52/0x69
[  327.720229]  dump_stack_lvl+0x49/0x6d
[  327.720232]  dump_stack+0x10/0x18
[  327.720234]  mpset_constructor+0x322/0xa82 [neuron]
[  327.720254]  ? kmalloc_order+0x6b/0xa0
[  327.720258]  ? kmem_cache_alloc_trace+0x199/0x2f0
[  327.720261]  ? kmalloc_order_trace+0x1d/0xb0
[  327.720263]  neuron_pci_probe+0x3dd/0x610 [neuron]
[  327.720279]  local_pci_probe+0x4b/0x90
[  327.720283]  pci_call_probe+0x55/0x180
[  327.720286]  pci_device_probe+0x84/0x120
[  327.720290]  really_probe+0x1e4/0x3c0
[  327.720293]  __driver_probe_device+0x12a/0x1b0
[  327.720296]  driver_probe_device+0x23/0xd0
[  327.720298]  __driver_attach+0xc3/0x260
[  327.720301]  ? __device_attach_driver+0x160/0x160
[  327.720304]  bus_for_each_dev+0x83/0xe0
[  327.720306]  driver_attach+0x1e/0x30
[  327.720309]  bus_add_driver+0x187/0x230
[  327.720311]  driver_register+0x95/0x110
[  327.720314]  __pci_register_driver+0x68/0x80
[  327.720317]  neuron_pci_module_init+0x25/0x60 [neuron]
[  327.720331]  neuron_module_init+0xd6/0x1000 [neuron]
[  327.720349]  ? 0xffffffffc089f000
[  327.720351]  do_one_initcall+0x49/0x1f0
[  327.720354]  ? kmem_cache_alloc_trace+0x199/0x2f0
[  327.720358]  do_init_module+0x52/0x220
[  327.720361]  load_module+0xb56/0xd30
[  327.720364]  __do_sys_finit_module+0xcc/0x150
[  327.720367]  ? __do_sys_finit_module+0xcc/0x150
[  327.720371]  __x64_sys_finit_module+0x18/0x30
[  327.720373]  do_syscall_64+0x5c/0x90
[  327.720376]  ? exit_to_user_mode_prepare+0x3b/0xd0
[  327.720378]  ? syscall_exit_to_user_mode+0x2a/0x50
[  327.720381]  ? do_syscall_64+0x69/0x90
[  327.720383]  ? exit_to_user_mode_prepare+0x3b/0xd0
[  327.720386]  ? syscall_exit_to_user_mode+0x2a/0x50
[  327.720389]  ? do_syscall_64+0x69/0x90
[  327.720391]  entry_SYSCALL_64_after_hwframe+0x63/0xcd
[  327.720394] RIP: 0033:0x7fce3fd1e88d
[  327.720397] Code: 5b 41 5c c3 66 0f 1f 84 00 00 00 00 00 f3 0f 1e fa 48 89 f8 48 89 f7 48 89 d6 48 89 ca 4d 89 c2 4d 89 c8 4c 8b 4c 24 08 0f 05 <48> 3d 01 f0 ff ff 73 01 c3 48 8b 0d 73 b5 0f 00 f7 d8 64 89 01 48
[  327.720399] RSP: 002b:00007ffc8a2104b8 EFLAGS: 00000246 ORIG_RAX: 0000000000000139
[  327.720403] RAX: ffffffffffffffda RBX: 0000563e65e9b7b0 RCX: 00007fce3fd1e88d
[  327.720405] RDX: 0000000000000000 RSI: 0000563e6589ccd2 RDI: 0000000000000003
[  327.720407] RBP: 0000000000000000 R08: 0000000000000000 R09: 0000000000000000
[  327.720408] R10: 0000000000000003 R11: 0000000000000246 R12: 0000563e6589ccd2
[  327.720410] R13: 0000563e65e9b760 R14: 0000563e6589b888 R15: 0000563e65e9b8c0
[  327.720413]  </TASK>
[  327.720415] DMA_STACK_END: End of stack trace for dma_free_coherent
[  327.720416] DMA_INSTRUMENT: About to call dma_alloc_coherent from function mp_init_hrm_pool at /home/ubuntu/cda/orginal/aws-neuronx-2.20.28.0/neuron_mempool.c:268
[  327.720418] DMA_STACK_START: Stack trace for dma_alloc_coherent called from mp_init_hrm_pool
[  327.720419] CPU: 0 PID: 1875 Comm: insmod Tainted: G           OE     5.19.0-1024-aws #25~22.04.1-Ubuntu
[  327.720422] Hardware name: Amazon EC2 inf1.xlarge/, BIOS 1.0 10/16/2017
[  327.720424] Call Trace:
[  327.720425]  <TASK>
[  327.720426]  show_stack+0x52/0x69
[  327.720429]  dump_stack_lvl+0x49/0x6d
[  327.720432]  dump_stack+0x10/0x18
[  327.720435]  mpset_constructor+0x268/0xa82 [neuron]
[  327.720455]  ? kmalloc_order+0x6b/0xa0
[  327.720458]  ? kmem_cache_alloc_trace+0x199/0x2f0
[  327.720461]  ? kmalloc_order_trace+0x1d/0xb0
[  327.720464]  neuron_pci_probe+0x3dd/0x610 [neuron]
[  327.720480]  local_pci_probe+0x4b/0x90
[  327.720483]  pci_call_probe+0x55/0x180
[  327.720487]  pci_device_probe+0x84/0x120
[  327.720490]  really_probe+0x1e4/0x3c0
[  327.720493]  __driver_probe_device+0x12a/0x1b0
[  327.720496]  driver_probe_device+0x23/0xd0
[  327.720499]  __driver_attach+0xc3/0x260
[  327.720501]  ? __device_attach_driver+0x160/0x160
[  327.720504]  bus_for_each_dev+0x83/0xe0
[  327.720507]  driver_attach+0x1e/0x30
[  327.720509]  bus_add_driver+0x187/0x230
[  327.720512]  driver_register+0x95/0x110
[  327.720515]  __pci_register_driver+0x68/0x80
[  327.720518]  neuron_pci_module_init+0x25/0x60 [neuron]
[  327.720533]  neuron_module_init+0xd6/0x1000 [neuron]
[  327.720551]  ? 0xffffffffc089f000
[  327.720553]  do_one_initcall+0x49/0x1f0
[  327.720556]  ? kmem_cache_alloc_trace+0x199/0x2f0
[  327.720559]  do_init_module+0x52/0x220
[  327.720562]  load_module+0xb56/0xd30
[  327.720566]  __do_sys_finit_module+0xcc/0x150
[  327.720569]  ? __do_sys_finit_module+0xcc/0x150
[  327.720572]  __x64_sys_finit_module+0x18/0x30
[  327.720575]  do_syscall_64+0x5c/0x90
[  327.720577]  ? exit_to_user_mode_prepare+0x3b/0xd0
[  327.720580]  ? syscall_exit_to_user_mode+0x2a/0x50
[  327.720583]  ? do_syscall_64+0x69/0x90
[  327.720585]  ? exit_to_user_mode_prepare+0x3b/0xd0
[  327.720587]  ? syscall_exit_to_user_mode+0x2a/0x50
[  327.720590]  ? do_syscall_64+0x69/0x90
[  327.720592]  entry_SYSCALL_64_after_hwframe+0x63/0xcd
[  327.720595] RIP: 0033:0x7fce3fd1e88d
[  327.720597] Code: 5b 41 5c c3 66 0f 1f 84 00 00 00 00 00 f3 0f 1e fa 48 89 f8 48 89 f7 48 89 d6 48 89 ca 4d 89 c2 4d 89 c8 4c 8b 4c 24 08 0f 05 <48> 3d 01 f0 ff ff 73 01 c3 48 8b 0d 73 b5 0f 00 f7 d8 64 89 01 48
[  327.720599] RSP: 002b:00007ffc8a2104b8 EFLAGS: 00000246 ORIG_RAX: 0000000000000139
[  327.720602] RAX: ffffffffffffffda RBX: 0000563e65e9b7b0 RCX: 00007fce3fd1e88d
[  327.720604] RDX: 0000000000000000 RSI: 0000563e6589ccd2 RDI: 0000000000000003
[  327.720606] RBP: 0000000000000000 R08: 0000000000000000 R09: 0000000000000000
[  327.720608] R10: 0000000000000003 R11: 0000000000000246 R12: 0000563e6589ccd2
[  327.720609] R13: 0000563e65e9b760 R14: 0000563e6589b888 R15: 0000563e65e9b8c0
[  327.720612]  </TASK>
[  327.720613] DMA_STACK_END: End of stack trace for dma_alloc_coherent
[  327.720681] DMA_INSTRUMENT: About to call dma_free_coherent from function mp_init_hrm_pool at /home/ubuntu/cda/orginal/aws-neuronx-2.20.28.0/neuron_mempool.c:279
[  327.720684] DMA_STACK_START: Stack trace for dma_free_coherent called from mp_init_hrm_pool
[  327.720685] CPU: 0 PID: 1875 Comm: insmod Tainted: G           OE     5.19.0-1024-aws #25~22.04.1-Ubuntu
[  327.720688] Hardware name: Amazon EC2 inf1.xlarge/, BIOS 1.0 10/16/2017
[  327.720690] Call Trace:
[  327.720691]  <TASK>
[  327.720692]  show_stack+0x52/0x69
[  327.720695]  dump_stack_lvl+0x49/0x6d
[  327.720698]  dump_stack+0x10/0x18
[  327.720700]  mpset_constructor+0x322/0xa82 [neuron]
[  327.720720]  ? kmalloc_order+0x6b/0xa0
[  327.720723]  ? kmem_cache_alloc_trace+0x199/0x2f0
[  327.720726]  ? kmalloc_order_trace+0x1d/0xb0
[  327.720729]  neuron_pci_probe+0x3dd/0x610 [neuron]
[  327.720745]  local_pci_probe+0x4b/0x90
[  327.720749]  pci_call_probe+0x55/0x180
[  327.720752]  pci_device_probe+0x84/0x120
[  327.720755]  really_probe+0x1e4/0x3c0
[  327.720758]  __driver_probe_device+0x12a/0x1b0
[  327.720761]  driver_probe_device+0x23/0xd0
[  327.720764]  __driver_attach+0xc3/0x260
[  327.720766]  ? __device_attach_driver+0x160/0x160
[  327.720769]  bus_for_each_dev+0x83/0xe0
[  327.720772]  driver_attach+0x1e/0x30
[  327.720774]  bus_add_driver+0x187/0x230
[  327.720777]  driver_register+0x95/0x110
[  327.720780]  __pci_register_driver+0x68/0x80
[  327.720783]  neuron_pci_module_init+0x25/0x60 [neuron]
[  327.720798]  neuron_module_init+0xd6/0x1000 [neuron]
[  327.720816]  ? 0xffffffffc089f000
[  327.720818]  do_one_initcall+0x49/0x1f0
[  327.720821]  ? kmem_cache_alloc_trace+0x199/0x2f0
[  327.720825]  do_init_module+0x52/0x220
[  327.720828]  load_module+0xb56/0xd30
[  327.720831]  __do_sys_finit_module+0xcc/0x150
[  327.720834]  ? __do_sys_finit_module+0xcc/0x150
[  327.720838]  __x64_sys_finit_module+0x18/0x30
[  327.720841]  do_syscall_64+0x5c/0x90
[  327.720843]  ? exit_to_user_mode_prepare+0x3b/0xd0
[  327.720845]  ? syscall_exit_to_user_mode+0x2a/0x50
[  327.720848]  ? do_syscall_64+0x69/0x90
[  327.720851]  ? exit_to_user_mode_prepare+0x3b/0xd0
[  327.720853]  ? syscall_exit_to_user_mode+0x2a/0x50
[  327.720856]  ? do_syscall_64+0x69/0x90
[  327.720858]  entry_SYSCALL_64_after_hwframe+0x63/0xcd
[  327.720862] RIP: 0033:0x7fce3fd1e88d
[  327.720864] Code: 5b 41 5c c3 66 0f 1f 84 00 00 00 00 00 f3 0f 1e fa 48 89 f8 48 89 f7 48 89 d6 48 89 ca 4d 89 c2 4d 89 c8 4c 8b 4c 24 08 0f 05 <48> 3d 01 f0 ff ff 73 01 c3 48 8b 0d 73 b5 0f 00 f7 d8 64 89 01 48
[  327.720866] RSP: 002b:00007ffc8a2104b8 EFLAGS: 00000246 ORIG_RAX: 0000000000000139
[  327.720869] RAX: ffffffffffffffda RBX: 0000563e65e9b7b0 RCX: 00007fce3fd1e88d
[  327.720872] RDX: 0000000000000000 RSI: 0000563e6589ccd2 RDI: 0000000000000003
[  327.720874] RBP: 0000000000000000 R08: 0000000000000000 R09: 0000000000000000
[  327.720875] R10: 0000000000000003 R11: 0000000000000246 R12: 0000563e6589ccd2
[  327.720877] R13: 0000563e65e9b760 R14: 0000563e6589b888 R15: 0000563e65e9b8c0
[  327.720880]  </TASK>
[  327.720881] DMA_STACK_END: End of stack trace for dma_free_coherent
[  327.720882] DMA_INSTRUMENT: About to call dma_alloc_coherent from function mp_init_hrm_pool at /home/ubuntu/cda/orginal/aws-neuronx-2.20.28.0/neuron_mempool.c:268
[  327.720884] DMA_STACK_START: Stack trace for dma_alloc_coherent called from mp_init_hrm_pool
[  327.720886] CPU: 0 PID: 1875 Comm: insmod Tainted: G           OE     5.19.0-1024-aws #25~22.04.1-Ubuntu
[  327.720888] Hardware name: Amazon EC2 inf1.xlarge/, BIOS 1.0 10/16/2017
[  327.720890] Call Trace:
[  327.720891]  <TASK>
[  327.720892]  show_stack+0x52/0x69
[  327.720895]  dump_stack_lvl+0x49/0x6d
[  327.720898]  dump_stack+0x10/0x18
[  327.720901]  mpset_constructor+0x268/0xa82 [neuron]
[  327.720920]  ? kmalloc_order+0x6b/0xa0
[  327.720923]  ? kmem_cache_alloc_trace+0x199/0x2f0
[  327.720927]  ? kmalloc_order_trace+0x1d/0xb0
[  327.720929]  neuron_pci_probe+0x3dd/0x610 [neuron]
[  327.720945]  local_pci_probe+0x4b/0x90
[  327.720948]  pci_call_probe+0x55/0x180
[  327.720952]  pci_device_probe+0x84/0x120
[  327.720955]  really_probe+0x1e4/0x3c0
[  327.720958]  __driver_probe_device+0x12a/0x1b0
[  327.720960]  driver_probe_device+0x23/0xd0
[  327.720963]  __driver_attach+0xc3/0x260
[  327.720966]  ? __device_attach_driver+0x160/0x160
[  327.720969]  bus_for_each_dev+0x83/0xe0
[  327.720971]  driver_attach+0x1e/0x30
[  327.720973]  bus_add_driver+0x187/0x230
[  327.720976]  driver_register+0x95/0x110
[  327.720978]  __pci_register_driver+0x68/0x80
[  327.720981]  neuron_pci_module_init+0x25/0x60 [neuron]
[  327.720996]  neuron_module_init+0xd6/0x1000 [neuron]
[  327.721013]  ? 0xffffffffc089f000
[  327.721015]  do_one_initcall+0x49/0x1f0
[  327.721018]  ? kmem_cache_alloc_trace+0x199/0x2f0
[  327.721022]  do_init_module+0x52/0x220
[  327.721025]  load_module+0xb56/0xd30
[  327.721028]  __do_sys_finit_module+0xcc/0x150
[  327.721031]  ? __do_sys_finit_module+0xcc/0x150
[  327.721035]  __x64_sys_finit_module+0x18/0x30
[  327.721038]  do_syscall_64+0x5c/0x90
[  327.721040]  ? exit_to_user_mode_prepare+0x3b/0xd0
[  327.721042]  ? syscall_exit_to_user_mode+0x2a/0x50
[  327.721045]  ? do_syscall_64+0x69/0x90
[  327.721048]  ? exit_to_user_mode_prepare+0x3b/0xd0
[  327.721050]  ? syscall_exit_to_user_mode+0x2a/0x50
[  327.721053]  ? do_syscall_64+0x69/0x90
[  327.721055]  entry_SYSCALL_64_after_hwframe+0x63/0xcd
[  327.721059] RIP: 0033:0x7fce3fd1e88d
[  327.721061] Code: 5b 41 5c c3 66 0f 1f 84 00 00 00 00 00 f3 0f 1e fa 48 89 f8 48 89 f7 48 89 d6 48 89 ca 4d 89 c2 4d 89 c8 4c 8b 4c 24 08 0f 05 <48> 3d 01 f0 ff ff 73 01 c3 48 8b 0d 73 b5 0f 00 f7 d8 64 89 01 48
[  327.721063] RSP: 002b:00007ffc8a2104b8 EFLAGS: 00000246 ORIG_RAX: 0000000000000139
[  327.721067] RAX: ffffffffffffffda RBX: 0000563e65e9b7b0 RCX: 00007fce3fd1e88d
[  327.721069] RDX: 0000000000000000 RSI: 0000563e6589ccd2 RDI: 0000000000000003
[  327.721070] RBP: 0000000000000000 R08: 0000000000000000 R09: 0000000000000000
[  327.721072] R10: 0000000000000003 R11: 0000000000000246 R12: 0000563e6589ccd2
[  327.721074] R13: 0000563e65e9b760 R14: 0000563e6589b888 R15: 0000563e65e9b8c0
[  327.721077]  </TASK>
[  327.721078] DMA_STACK_END: End of stack trace for dma_alloc_coherent
[  327.721143] DMA_INSTRUMENT: About to call dma_free_coherent from function mp_init_hrm_pool at /home/ubuntu/cda/orginal/aws-neuronx-2.20.28.0/neuron_mempool.c:279
[  327.721145] DMA_STACK_START: Stack trace for dma_free_coherent called from mp_init_hrm_pool
[  327.721147] CPU: 0 PID: 1875 Comm: insmod Tainted: G           OE     5.19.0-1024-aws #25~22.04.1-Ubuntu
[  327.721150] Hardware name: Amazon EC2 inf1.xlarge/, BIOS 1.0 10/16/2017
[  327.721151] Call Trace:
[  327.721152]  <TASK>
[  327.721153]  show_stack+0x52/0x69
[  327.721157]  dump_stack_lvl+0x49/0x6d
[  327.721160]  dump_stack+0x10/0x18
[  327.721163]  mpset_constructor+0x322/0xa82 [neuron]
[  327.721183]  ? kmalloc_order+0x6b/0xa0
[  327.721186]  ? kmem_cache_alloc_trace+0x199/0x2f0
[  327.721189]  ? kmalloc_order_trace+0x1d/0xb0
[  327.721192]  neuron_pci_probe+0x3dd/0x610 [neuron]
[  327.721208]  local_pci_probe+0x4b/0x90
[  327.721211]  pci_call_probe+0x55/0x180
[  327.721215]  pci_device_probe+0x84/0x120
[  327.721218]  really_probe+0x1e4/0x3c0
[  327.721221]  __driver_probe_device+0x12a/0x1b0
[  327.721224]  driver_probe_device+0x23/0xd0
[  327.721226]  __driver_attach+0xc3/0x260
[  327.721229]  ? __device_attach_driver+0x160/0x160
[  327.721232]  bus_for_each_dev+0x83/0xe0
[  327.721234]  driver_attach+0x1e/0x30
[  327.721237]  bus_add_driver+0x187/0x230
[  327.721239]  driver_register+0x95/0x110
[  327.721242]  __pci_register_driver+0x68/0x80
[  327.721245]  neuron_pci_module_init+0x25/0x60 [neuron]
[  327.721260]  neuron_module_init+0xd6/0x1000 [neuron]
[  327.721279]  ? 0xffffffffc089f000
[  327.721281]  do_one_initcall+0x49/0x1f0
[  327.721284]  ? kmem_cache_alloc_trace+0x199/0x2f0
[  327.721288]  do_init_module+0x52/0x220
[  327.721291]  load_module+0xb56/0xd30
[  327.721295]  __do_sys_finit_module+0xcc/0x150
[  327.721297]  ? __do_sys_finit_module+0xcc/0x150
[  327.721301]  __x64_sys_finit_module+0x18/0x30
[  327.721304]  do_syscall_64+0x5c/0x90
[  327.721306]  ? exit_to_user_mode_prepare+0x3b/0xd0
[  327.721309]  ? syscall_exit_to_user_mode+0x2a/0x50
[  327.721312]  ? do_syscall_64+0x69/0x90
[  327.721314]  ? exit_to_user_mode_prepare+0x3b/0xd0
[  327.721317]  ? syscall_exit_to_user_mode+0x2a/0x50
[  327.721319]  ? do_syscall_64+0x69/0x90
[  327.721322]  entry_SYSCALL_64_after_hwframe+0x63/0xcd
[  327.721325] RIP: 0033:0x7fce3fd1e88d
[  327.721327] Code: 5b 41 5c c3 66 0f 1f 84 00 00 00 00 00 f3 0f 1e fa 48 89 f8 48 89 f7 48 89 d6 48 89 ca 4d 89 c2 4d 89 c8 4c 8b 4c 24 08 0f 05 <48> 3d 01 f0 ff ff 73 01 c3 48 8b 0d 73 b5 0f 00 f7 d8 64 89 01 48
[  327.721330] RSP: 002b:00007ffc8a2104b8 EFLAGS: 00000246 ORIG_RAX: 0000000000000139
[  327.721333] RAX: ffffffffffffffda RBX: 0000563e65e9b7b0 RCX: 00007fce3fd1e88d
[  327.721335] RDX: 0000000000000000 RSI: 0000563e6589ccd2 RDI: 0000000000000003
[  327.721337] RBP: 0000000000000000 R08: 0000000000000000 R09: 0000000000000000
[  327.721339] R10: 0000000000000003 R11: 0000000000000246 R12: 0000563e6589ccd2
[  327.721341] R13: 0000563e65e9b760 R14: 0000563e6589b888 R15: 0000563e65e9b8c0
[  327.721344]  </TASK>
[  327.721345] DMA_STACK_END: End of stack trace for dma_free_coherent
[  327.721346] DMA_INSTRUMENT: About to call dma_alloc_coherent from function mp_init_hrm_pool at /home/ubuntu/cda/orginal/aws-neuronx-2.20.28.0/neuron_mempool.c:268
[  327.721348] DMA_STACK_START: Stack trace for dma_alloc_coherent called from mp_init_hrm_pool
[  327.721350] CPU: 0 PID: 1875 Comm: insmod Tainted: G           OE     5.19.0-1024-aws #25~22.04.1-Ubuntu
[  327.721353] Hardware name: Amazon EC2 inf1.xlarge/, BIOS 1.0 10/16/2017
[  327.721354] Call Trace:
[  327.721355]  <TASK>
[  327.721356]  show_stack+0x52/0x69
[  327.721360]  dump_stack_lvl+0x49/0x6d
[  327.721363]  dump_stack+0x10/0x18
[  327.721365]  mpset_constructor+0x268/0xa82 [neuron]
[  327.721386]  ? kmalloc_order+0x6b/0xa0
[  327.721389]  ? kmem_cache_alloc_trace+0x199/0x2f0
[  327.721392]  ? kmalloc_order_trace+0x1d/0xb0
[  327.721395]  neuron_pci_probe+0x3dd/0x610 [neuron]
[  327.721411]  local_pci_probe+0x4b/0x90
[  327.721415]  pci_call_probe+0x55/0x180
[  327.721418]  pci_device_probe+0x84/0x120
[  327.721422]  really_probe+0x1e4/0x3c0
[  327.721425]  __driver_probe_device+0x12a/0x1b0
[  327.721428]  driver_probe_device+0x23/0xd0
[  327.721430]  __driver_attach+0xc3/0x260
[  327.721433]  ? __device_attach_driver+0x160/0x160
[  327.721436]  bus_for_each_dev+0x83/0xe0
[  327.721438]  driver_attach+0x1e/0x30
[  327.721441]  bus_add_driver+0x187/0x230
[  327.721444]  driver_register+0x95/0x110
[  327.721446]  __pci_register_driver+0x68/0x80
[  327.721449]  neuron_pci_module_init+0x25/0x60 [neuron]
[  327.721464]  neuron_module_init+0xd6/0x1000 [neuron]
[  327.721482]  ? 0xffffffffc089f000
[  327.721485]  do_one_initcall+0x49/0x1f0
[  327.721488]  ? kmem_cache_alloc_trace+0x199/0x2f0
[  327.721491]  do_init_module+0x52/0x220
[  327.721494]  load_module+0xb56/0xd30
[  327.721497]  __do_sys_finit_module+0xcc/0x150
[  327.721499]  ? __do_sys_finit_module+0xcc/0x150
[  327.721503]  __x64_sys_finit_module+0x18/0x30
[  327.721505]  do_syscall_64+0x5c/0x90
[  327.721508]  ? exit_to_user_mode_prepare+0x3b/0xd0
[  327.721510]  ? syscall_exit_to_user_mode+0x2a/0x50
[  327.721513]  ? do_syscall_64+0x69/0x90
[  327.721515]  ? exit_to_user_mode_prepare+0x3b/0xd0
[  327.721518]  ? syscall_exit_to_user_mode+0x2a/0x50
[  327.721521]  ? do_syscall_64+0x69/0x90
[  327.721523]  entry_SYSCALL_64_after_hwframe+0x63/0xcd
[  327.721526] RIP: 0033:0x7fce3fd1e88d
[  327.721528] Code: 5b 41 5c c3 66 0f 1f 84 00 00 00 00 00 f3 0f 1e fa 48 89 f8 48 89 f7 48 89 d6 48 89 ca 4d 89 c2 4d 89 c8 4c 8b 4c 24 08 0f 05 <48> 3d 01 f0 ff ff 73 01 c3 48 8b 0d 73 b5 0f 00 f7 d8 64 89 01 48
[  327.721531] RSP: 002b:00007ffc8a2104b8 EFLAGS: 00000246 ORIG_RAX: 0000000000000139
[  327.721534] RAX: ffffffffffffffda RBX: 0000563e65e9b7b0 RCX: 00007fce3fd1e88d
[  327.721536] RDX: 0000000000000000 RSI: 0000563e6589ccd2 RDI: 0000000000000003
[  327.721538] RBP: 0000000000000000 R08: 0000000000000000 R09: 0000000000000000
[  327.721540] R10: 0000000000000003 R11: 0000000000000246 R12: 0000563e6589ccd2
[  327.721542] R13: 0000563e65e9b760 R14: 0000563e6589b888 R15: 0000563e65e9b8c0
[  327.721544]  </TASK>
[  327.721545] DMA_STACK_END: End of stack trace for dma_alloc_coherent
[  327.721612] DMA_INSTRUMENT: About to call dma_free_coherent from function mp_init_hrm_pool at /home/ubuntu/cda/orginal/aws-neuronx-2.20.28.0/neuron_mempool.c:279
[  327.721614] DMA_STACK_START: Stack trace for dma_free_coherent called from mp_init_hrm_pool
[  327.721616] CPU: 0 PID: 1875 Comm: insmod Tainted: G           OE     5.19.0-1024-aws #25~22.04.1-Ubuntu
[  327.721618] Hardware name: Amazon EC2 inf1.xlarge/, BIOS 1.0 10/16/2017
[  327.721619] Call Trace:
[  327.721620]  <TASK>
[  327.721621]  show_stack+0x52/0x69
[  327.721624]  dump_stack_lvl+0x49/0x6d
[  327.721627]  dump_stack+0x10/0x18
[  327.721630]  mpset_constructor+0x322/0xa82 [neuron]
[  327.721649]  ? kmalloc_order+0x6b/0xa0
[  327.721653]  ? kmem_cache_alloc_trace+0x199/0x2f0
[  327.721655]  ? kmalloc_order_trace+0x1d/0xb0
[  327.721658]  neuron_pci_probe+0x3dd/0x610 [neuron]
[  327.721674]  local_pci_probe+0x4b/0x90
[  327.721677]  pci_call_probe+0x55/0x180
[  327.721681]  pci_device_probe+0x84/0x120
[  327.721684]  really_probe+0x1e4/0x3c0
[  327.721687]  __driver_probe_device+0x12a/0x1b0
[  327.721689]  driver_probe_device+0x23/0xd0
[  327.721692]  __driver_attach+0xc3/0x260
[  327.721695]  ? __device_attach_driver+0x160/0x160
[  327.721697]  bus_for_each_dev+0x83/0xe0
[  327.721700]  driver_attach+0x1e/0x30
[  327.721702]  bus_add_driver+0x187/0x230
[  327.721705]  driver_register+0x95/0x110
[  327.721707]  __pci_register_driver+0x68/0x80
[  327.721710]  neuron_pci_module_init+0x25/0x60 [neuron]
[  327.721723]  neuron_module_init+0xd6/0x1000 [neuron]
[  327.721742]  ? 0xffffffffc089f000
[  327.721744]  do_one_initcall+0x49/0x1f0
[  327.721747]  ? kmem_cache_alloc_trace+0x199/0x2f0
[  327.721751]  do_init_module+0x52/0x220
[  327.721753]  load_module+0xb56/0xd30
[  327.721757]  __do_sys_finit_module+0xcc/0x150
[  327.721759]  ? __do_sys_finit_module+0xcc/0x150
[  327.721762]  __x64_sys_finit_module+0x18/0x30
[  327.721765]  do_syscall_64+0x5c/0x90
[  327.721767]  ? exit_to_user_mode_prepare+0x3b/0xd0
[  327.721769]  ? syscall_exit_to_user_mode+0x2a/0x50
[  327.721772]  ? do_syscall_64+0x69/0x90
[  327.721774]  ? exit_to_user_mode_prepare+0x3b/0xd0
[  327.721775]  ? syscall_exit_to_user_mode+0x2a/0x50
[  327.721778]  ? do_syscall_64+0x69/0x90
[  327.721780]  entry_SYSCALL_64_after_hwframe+0x63/0xcd
[  327.721783] RIP: 0033:0x7fce3fd1e88d
[  327.721785] Code: 5b 41 5c c3 66 0f 1f 84 00 00 00 00 00 f3 0f 1e fa 48 89 f8 48 89 f7 48 89 d6 48 89 ca 4d 89 c2 4d 89 c8 4c 8b 4c 24 08 0f 05 <48> 3d 01 f0 ff ff 73 01 c3 48 8b 0d 73 b5 0f 00 f7 d8 64 89 01 48
[  327.721787] RSP: 002b:00007ffc8a2104b8 EFLAGS: 00000246 ORIG_RAX: 0000000000000139
[  327.721790] RAX: ffffffffffffffda RBX: 0000563e65e9b7b0 RCX: 00007fce3fd1e88d
[  327.721792] RDX: 0000000000000000 RSI: 0000563e6589ccd2 RDI: 0000000000000003
[  327.721794] RBP: 0000000000000000 R08: 0000000000000000 R09: 0000000000000000
[  327.721795] R10: 0000000000000003 R11: 0000000000000246 R12: 0000563e6589ccd2
[  327.721797] R13: 0000563e65e9b760 R14: 0000563e6589b888 R15: 0000563e65e9b8c0
[  327.721800]  </TASK>
[  327.721801] DMA_STACK_END: End of stack trace for dma_free_coherent
[  327.721802] DMA_INSTRUMENT: About to call dma_alloc_coherent from function mp_init_hrm_pool at /home/ubuntu/cda/orginal/aws-neuronx-2.20.28.0/neuron_mempool.c:268
[  327.721804] DMA_STACK_START: Stack trace for dma_alloc_coherent called from mp_init_hrm_pool
[  327.721805] CPU: 0 PID: 1875 Comm: insmod Tainted: G           OE     5.19.0-1024-aws #25~22.04.1-Ubuntu
[  327.721808] Hardware name: Amazon EC2 inf1.xlarge/, BIOS 1.0 10/16/2017
[  327.721809] Call Trace:
[  327.721810]  <TASK>
[  327.721811]  show_stack+0x52/0x69
[  327.721814]  dump_stack_lvl+0x49/0x6d
[  327.721817]  dump_stack+0x10/0x18
[  327.721820]  mpset_constructor+0x268/0xa82 [neuron]
[  327.721838]  ? kmalloc_order+0x6b/0xa0
[  327.721842]  ? kmem_cache_alloc_trace+0x199/0x2f0
[  327.721844]  ? kmalloc_order_trace+0x1d/0xb0
[  327.721847]  neuron_pci_probe+0x3dd/0x610 [neuron]
[  327.721862]  local_pci_probe+0x4b/0x90
[  327.721865]  pci_call_probe+0x55/0x180
[  327.721868]  pci_device_probe+0x84/0x120
[  327.721872]  really_probe+0x1e4/0x3c0
[  327.721874]  __driver_probe_device+0x12a/0x1b0
[  327.721877]  driver_probe_device+0x23/0xd0
[  327.721879]  __driver_attach+0xc3/0x260
[  327.721882]  ? __device_attach_driver+0x160/0x160
[  327.721884]  bus_for_each_dev+0x83/0xe0
[  327.721886]  driver_attach+0x1e/0x30
[  327.721888]  bus_add_driver+0x187/0x230
[  327.721891]  driver_register+0x95/0x110
[  327.721893]  __pci_register_driver+0x68/0x80
[  327.721896]  neuron_pci_module_init+0x25/0x60 [neuron]
[  327.721909]  neuron_module_init+0xd6/0x1000 [neuron]
[  327.721926]  ? 0xffffffffc089f000
[  327.721928]  do_one_initcall+0x49/0x1f0
[  327.721931]  ? kmem_cache_alloc_trace+0x199/0x2f0
[  327.721935]  do_init_module+0x52/0x220
[  327.721937]  load_module+0xb56/0xd30
[  327.721941]  __do_sys_finit_module+0xcc/0x150
[  327.721943]  ? __do_sys_finit_module+0xcc/0x150
[  327.721947]  __x64_sys_finit_module+0x18/0x30
[  327.721950]  do_syscall_64+0x5c/0x90
[  327.721952]  ? exit_to_user_mode_prepare+0x3b/0xd0
[  327.721954]  ? syscall_exit_to_user_mode+0x2a/0x50
[  327.721957]  ? do_syscall_64+0x69/0x90
[  327.721959]  ? exit_to_user_mode_prepare+0x3b/0xd0
[  327.721961]  ? syscall_exit_to_user_mode+0x2a/0x50
[  327.721964]  ? do_syscall_64+0x69/0x90
[  327.721966]  entry_SYSCALL_64_after_hwframe+0x63/0xcd
[  327.721969] RIP: 0033:0x7fce3fd1e88d
[  327.721971] Code: 5b 41 5c c3 66 0f 1f 84 00 00 00 00 00 f3 0f 1e fa 48 89 f8 48 89 f7 48 89 d6 48 89 ca 4d 89 c2 4d 89 c8 4c 8b 4c 24 08 0f 05 <48> 3d 01 f0 ff ff 73 01 c3 48 8b 0d 73 b5 0f 00 f7 d8 64 89 01 48
[  327.721973] RSP: 002b:00007ffc8a2104b8 EFLAGS: 00000246 ORIG_RAX: 0000000000000139
[  327.721976] RAX: ffffffffffffffda RBX: 0000563e65e9b7b0 RCX: 00007fce3fd1e88d
[  327.721978] RDX: 0000000000000000 RSI: 0000563e6589ccd2 RDI: 0000000000000003
[  327.721979] RBP: 0000000000000000 R08: 0000000000000000 R09: 0000000000000000
[  327.721981] R10: 0000000000000003 R11: 0000000000000246 R12: 0000563e6589ccd2
[  327.721983] R13: 0000563e65e9b760 R14: 0000563e6589b888 R15: 0000563e65e9b8c0
[  327.721985]  </TASK>
[  327.721986] DMA_STACK_END: End of stack trace for dma_alloc_coherent
[  327.722054] DMA_INSTRUMENT: About to call dma_free_coherent from function mp_init_hrm_pool at /home/ubuntu/cda/orginal/aws-neuronx-2.20.28.0/neuron_mempool.c:279
[  327.722056] DMA_STACK_START: Stack trace for dma_free_coherent called from mp_init_hrm_pool
[  327.722058] CPU: 0 PID: 1875 Comm: insmod Tainted: G           OE     5.19.0-1024-aws #25~22.04.1-Ubuntu
[  327.722060] Hardware name: Amazon EC2 inf1.xlarge/, BIOS 1.0 10/16/2017
[  327.722062] Call Trace:
[  327.722063]  <TASK>
[  327.722064]  show_stack+0x52/0x69
[  327.722067]  dump_stack_lvl+0x49/0x6d
[  327.722070]  dump_stack+0x10/0x18
[  327.722072]  mpset_constructor+0x322/0xa82 [neuron]
[  327.722092]  ? kmalloc_order+0x6b/0xa0
[  327.722095]  ? kmem_cache_alloc_trace+0x199/0x2f0
[  327.722098]  ? kmalloc_order_trace+0x1d/0xb0
[  327.722100]  neuron_pci_probe+0x3dd/0x610 [neuron]
[  327.722115]  local_pci_probe+0x4b/0x90
[  327.722118]  pci_call_probe+0x55/0x180
[  327.722122]  pci_device_probe+0x84/0x120
[  327.722125]  really_probe+0x1e4/0x3c0
[  327.722128]  __driver_probe_device+0x12a/0x1b0
[  327.722130]  driver_probe_device+0x23/0xd0
[  327.722133]  __driver_attach+0xc3/0x260
[  327.722135]  ? __device_attach_driver+0x160/0x160
[  327.722138]  bus_for_each_dev+0x83/0xe0
[  327.722140]  driver_attach+0x1e/0x30
[  327.722143]  bus_add_driver+0x187/0x230
[  327.722145]  driver_register+0x95/0x110
[  327.722148]  __pci_register_driver+0x68/0x80
[  327.722151]  neuron_pci_module_init+0x25/0x60 [neuron]
[  327.722164]  neuron_module_init+0xd6/0x1000 [neuron]
[  327.722183]  ? 0xffffffffc089f000
[  327.722185]  do_one_initcall+0x49/0x1f0
[  327.722188]  ? kmem_cache_alloc_trace+0x199/0x2f0
[  327.722191]  do_init_module+0x52/0x220
[  327.722194]  load_module+0xb56/0xd30
[  327.722197]  __do_sys_finit_module+0xcc/0x150
[  327.722200]  ? __do_sys_finit_module+0xcc/0x150
[  327.722203]  __x64_sys_finit_module+0x18/0x30
[  327.722206]  do_syscall_64+0x5c/0x90
[  327.722208]  ? exit_to_user_mode_prepare+0x3b/0xd0
[  327.722210]  ? syscall_exit_to_user_mode+0x2a/0x50
[  327.722213]  ? do_syscall_64+0x69/0x90
[  327.722215]  ? exit_to_user_mode_prepare+0x3b/0xd0
[  327.722217]  ? syscall_exit_to_user_mode+0x2a/0x50
[  327.722220]  ? do_syscall_64+0x69/0x90
[  327.722222]  entry_SYSCALL_64_after_hwframe+0x63/0xcd
[  327.722225] RIP: 0033:0x7fce3fd1e88d
[  327.722227] Code: 5b 41 5c c3 66 0f 1f 84 00 00 00 00 00 f3 0f 1e fa 48 89 f8 48 89 f7 48 89 d6 48 89 ca 4d 89 c2 4d 89 c8 4c 8b 4c 24 08 0f 05 <48> 3d 01 f0 ff ff 73 01 c3 48 8b 0d 73 b5 0f 00 f7 d8 64 89 01 48
[  327.722230] RSP: 002b:00007ffc8a2104b8 EFLAGS: 00000246 ORIG_RAX: 0000000000000139
[  327.722232] RAX: ffffffffffffffda RBX: 0000563e65e9b7b0 RCX: 00007fce3fd1e88d
[  327.722234] RDX: 0000000000000000 RSI: 0000563e6589ccd2 RDI: 0000000000000003
[  327.722236] RBP: 0000000000000000 R08: 0000000000000000 R09: 0000000000000000
[  327.722237] R10: 0000000000000003 R11: 0000000000000246 R12: 0000563e6589ccd2
[  327.722239] R13: 0000563e65e9b760 R14: 0000563e6589b888 R15: 0000563e65e9b8c0
[  327.722242]  </TASK>
[  327.722243] DMA_STACK_END: End of stack trace for dma_free_coherent
[  327.722244] DMA_INSTRUMENT: About to call dma_alloc_coherent from function mp_init_hrm_pool at /home/ubuntu/cda/orginal/aws-neuronx-2.20.28.0/neuron_mempool.c:268
[  327.722246] DMA_STACK_START: Stack trace for dma_alloc_coherent called from mp_init_hrm_pool
[  327.722247] CPU: 0 PID: 1875 Comm: insmod Tainted: G           OE     5.19.0-1024-aws #25~22.04.1-Ubuntu
[  327.722250] Hardware name: Amazon EC2 inf1.xlarge/, BIOS 1.0 10/16/2017
[  327.722251] Call Trace:
[  327.722252]  <TASK>
[  327.722253]  show_stack+0x52/0x69
[  327.722256]  dump_stack_lvl+0x49/0x6d
[  327.722259]  dump_stack+0x10/0x18
[  327.722261]  mpset_constructor+0x268/0xa82 [neuron]
[  327.722280]  ? kmalloc_order+0x6b/0xa0
[  327.722283]  ? kmem_cache_alloc_trace+0x199/0x2f0
[  327.722286]  ? kmalloc_order_trace+0x1d/0xb0
[  327.722288]  neuron_pci_probe+0x3dd/0x610 [neuron]
[  327.722303]  local_pci_probe+0x4b/0x90
[  327.722306]  pci_call_probe+0x55/0x180
[  327.722319]  pci_device_probe+0x84/0x120
[  327.722322]  really_probe+0x1e4/0x3c0
[  327.722324]  __driver_probe_device+0x12a/0x1b0
[  327.722327]  driver_probe_device+0x23/0xd0
[  327.722329]  __driver_attach+0xc3/0x260
[  327.722332]  ? __device_attach_driver+0x160/0x160
[  327.722334]  bus_for_each_dev+0x83/0xe0
[  327.722337]  driver_attach+0x1e/0x30
[  327.722339]  bus_add_driver+0x187/0x230
[  327.722342]  driver_register+0x95/0x110
[  327.722344]  __pci_register_driver+0x68/0x80
[  327.722348]  neuron_pci_module_init+0x25/0x60 [neuron]
[  327.722361]  neuron_module_init+0xd6/0x1000 [neuron]
[  327.722379]  ? 0xffffffffc089f000
[  327.722382]  do_one_initcall+0x49/0x1f0
[  327.722385]  ? kmem_cache_alloc_trace+0x199/0x2f0
[  327.722388]  do_init_module+0x52/0x220
[  327.722391]  load_module+0xb56/0xd30
[  327.722395]  __do_sys_finit_module+0xcc/0x150
[  327.722397]  ? __do_sys_finit_module+0xcc/0x150
[  327.722401]  __x64_sys_finit_module+0x18/0x30
[  327.722404]  do_syscall_64+0x5c/0x90
[  327.722406]  ? exit_to_user_mode_prepare+0x3b/0xd0
[  327.722408]  ? syscall_exit_to_user_mode+0x2a/0x50
[  327.722411]  ? do_syscall_64+0x69/0x90
[  327.722413]  ? exit_to_user_mode_prepare+0x3b/0xd0
[  327.722415]  ? syscall_exit_to_user_mode+0x2a/0x50
[  327.722418]  ? do_syscall_64+0x69/0x90
[  327.722420]  entry_SYSCALL_64_after_hwframe+0x63/0xcd
[  327.722424] RIP: 0033:0x7fce3fd1e88d
[  327.722426] Code: 5b 41 5c c3 66 0f 1f 84 00 00 00 00 00 f3 0f 1e fa 48 89 f8 48 89 f7 48 89 d6 48 89 ca 4d 89 c2 4d 89 c8 4c 8b 4c 24 08 0f 05 <48> 3d 01 f0 ff ff 73 01 c3 48 8b 0d 73 b5 0f 00 f7 d8 64 89 01 48
[  327.722428] RSP: 002b:00007ffc8a2104b8 EFLAGS: 00000246 ORIG_RAX: 0000000000000139
[  327.722431] RAX: ffffffffffffffda RBX: 0000563e65e9b7b0 RCX: 00007fce3fd1e88d
[  327.722432] RDX: 0000000000000000 RSI: 0000563e6589ccd2 RDI: 0000000000000003
[  327.722434] RBP: 0000000000000000 R08: 0000000000000000 R09: 0000000000000000
[  327.722436] R10: 0000000000000003 R11: 0000000000000246 R12: 0000563e6589ccd2
[  327.722437] R13: 0000563e65e9b760 R14: 0000563e6589b888 R15: 0000563e65e9b8c0
[  327.722440]  </TASK>
[  327.722441] DMA_STACK_END: End of stack trace for dma_alloc_coherent
[  327.722507] DMA_INSTRUMENT: About to call dma_free_coherent from function mp_init_hrm_pool at /home/ubuntu/cda/orginal/aws-neuronx-2.20.28.0/neuron_mempool.c:279
[  327.722509] DMA_STACK_START: Stack trace for dma_free_coherent called from mp_init_hrm_pool
[  327.722511] CPU: 0 PID: 1875 Comm: insmod Tainted: G           OE     5.19.0-1024-aws #25~22.04.1-Ubuntu
[  327.722513] Hardware name: Amazon EC2 inf1.xlarge/, BIOS 1.0 10/16/2017
[  327.722515] Call Trace:
[  327.722516]  <TASK>
[  327.722517]  show_stack+0x52/0x69
[  327.722520]  dump_stack_lvl+0x49/0x6d
[  327.722523]  dump_stack+0x10/0x18
[  327.722529]  mpset_constructor+0x322/0xa82 [neuron]
[  327.722548]  ? kmalloc_order+0x6b/0xa0
[  327.722551]  ? kmem_cache_alloc_trace+0x199/0x2f0
[  327.722554]  ? kmalloc_order_trace+0x1d/0xb0
[  327.722556]  neuron_pci_probe+0x3dd/0x610 [neuron]
[  327.722571]  local_pci_probe+0x4b/0x90
[  327.722575]  pci_call_probe+0x55/0x180
[  327.722578]  pci_device_probe+0x84/0x120
[  327.722581]  really_probe+0x1e4/0x3c0
[  327.722584]  __driver_probe_device+0x12a/0x1b0
[  327.722586]  driver_probe_device+0x23/0xd0
[  327.722589]  __driver_attach+0xc3/0x260
[  327.722591]  ? __device_attach_driver+0x160/0x160
[  327.722594]  bus_for_each_dev+0x83/0xe0
[  327.722596]  driver_attach+0x1e/0x30
[  327.722599]  bus_add_driver+0x187/0x230
[  327.722602]  driver_register+0x95/0x110
[  327.722604]  __pci_register_driver+0x68/0x80
[  327.722607]  neuron_pci_module_init+0x25/0x60 [neuron]
[  327.722620]  neuron_module_init+0xd6/0x1000 [neuron]
[  327.722639]  ? 0xffffffffc089f000
[  327.722641]  do_one_initcall+0x49/0x1f0
[  327.722644]  ? kmem_cache_alloc_trace+0x199/0x2f0
[  327.722647]  do_init_module+0x52/0x220
[  327.722650]  load_module+0xb56/0xd30
[  327.722654]  __do_sys_finit_module+0xcc/0x150
[  327.722657]  ? __do_sys_finit_module+0xcc/0x150
[  327.722661]  __x64_sys_finit_module+0x18/0x30
[  327.722664]  do_syscall_64+0x5c/0x90
[  327.722666]  ? exit_to_user_mode_prepare+0x3b/0xd0
[  327.722668]  ? syscall_exit_to_user_mode+0x2a/0x50
[  327.722672]  ? do_syscall_64+0x69/0x90
[  327.722674]  ? exit_to_user_mode_prepare+0x3b/0xd0
[  327.722677]  ? syscall_exit_to_user_mode+0x2a/0x50
[  327.722680]  ? do_syscall_64+0x69/0x90
[  327.722682]  entry_SYSCALL_64_after_hwframe+0x63/0xcd
[  327.722686] RIP: 0033:0x7fce3fd1e88d
[  327.722689] Code: 5b 41 5c c3 66 0f 1f 84 00 00 00 00 00 f3 0f 1e fa 48 89 f8 48 89 f7 48 89 d6 48 89 ca 4d 89 c2 4d 89 c8 4c 8b 4c 24 08 0f 05 <48> 3d 01 f0 ff ff 73 01 c3 48 8b 0d 73 b5 0f 00 f7 d8 64 89 01 48
[  327.722691] RSP: 002b:00007ffc8a2104b8 EFLAGS: 00000246 ORIG_RAX: 0000000000000139
[  327.722695] RAX: ffffffffffffffda RBX: 0000563e65e9b7b0 RCX: 00007fce3fd1e88d
[  327.722697] RDX: 0000000000000000 RSI: 0000563e6589ccd2 RDI: 0000000000000003
[  327.722699] RBP: 0000000000000000 R08: 0000000000000000 R09: 0000000000000000
[  327.722702] R10: 0000000000000003 R11: 0000000000000246 R12: 0000563e6589ccd2
[  327.722704] R13: 0000563e65e9b760 R14: 0000563e6589b888 R15: 0000563e65e9b8c0
[  327.722708]  </TASK>
[  327.722726] DMA_STACK_END: End of stack trace for dma_free_coherent
[  327.722728] DMA_INSTRUMENT: About to call dma_alloc_coherent from function mp_init_hrm_pool at /home/ubuntu/cda/orginal/aws-neuronx-2.20.28.0/neuron_mempool.c:268
[  327.722730] DMA_STACK_START: Stack trace for dma_alloc_coherent called from mp_init_hrm_pool
[  327.722731] CPU: 0 PID: 1875 Comm: insmod Tainted: G           OE     5.19.0-1024-aws #25~22.04.1-Ubuntu
[  327.722734] Hardware name: Amazon EC2 inf1.xlarge/, BIOS 1.0 10/16/2017
[  327.722735] Call Trace:
[  327.722737]  <TASK>
[  327.722738]  show_stack+0x52/0x69
[  327.722741]  dump_stack_lvl+0x49/0x6d
[  327.722745]  dump_stack+0x10/0x18
[  327.722747]  mpset_constructor+0x268/0xa82 [neuron]
[  327.722766]  ? kmalloc_order+0x6b/0xa0
[  327.722769]  ? kmem_cache_alloc_trace+0x199/0x2f0
[  327.722773]  ? kmalloc_order_trace+0x1d/0xb0
[  327.722775]  neuron_pci_probe+0x3dd/0x610 [neuron]
[  327.722791]  local_pci_probe+0x4b/0x90
[  327.722795]  pci_call_probe+0x55/0x180
[  327.722798]  pci_device_probe+0x84/0x120
[  327.722802]  really_probe+0x1e4/0x3c0
[  327.722805]  __driver_probe_device+0x12a/0x1b0
[  327.722808]  driver_probe_device+0x23/0xd0
[  327.722811]  __driver_attach+0xc3/0x260
[  327.722814]  ? __device_attach_driver+0x160/0x160
[  327.722816]  bus_for_each_dev+0x83/0xe0
[  327.722819]  driver_attach+0x1e/0x30
[  327.722822]  bus_add_driver+0x187/0x230
[  327.722825]  driver_register+0x95/0x110
[  327.722828]  __pci_register_driver+0x68/0x80
[  327.722831]  neuron_pci_module_init+0x25/0x60 [neuron]
[  327.722844]  neuron_module_init+0xd6/0x1000 [neuron]
[  327.722863]  ? 0xffffffffc089f000
[  327.722866]  do_one_initcall+0x49/0x1f0
[  327.722869]  ? kmem_cache_alloc_trace+0x199/0x2f0
[  327.722873]  do_init_module+0x52/0x220
[  327.722876]  load_module+0xb56/0xd30
[  327.722879]  __do_sys_finit_module+0xcc/0x150
[  327.722882]  ? __do_sys_finit_module+0xcc/0x150
[  327.722886]  __x64_sys_finit_module+0x18/0x30
[  327.722889]  do_syscall_64+0x5c/0x90
[  327.722891]  ? exit_to_user_mode_prepare+0x3b/0xd0
[  327.722894]  ? syscall_exit_to_user_mode+0x2a/0x50
[  327.722897]  ? do_syscall_64+0x69/0x90
[  327.722899]  ? exit_to_user_mode_prepare+0x3b/0xd0
[  327.722902]  ? syscall_exit_to_user_mode+0x2a/0x50
[  327.722905]  ? do_syscall_64+0x69/0x90
[  327.722907]  entry_SYSCALL_64_after_hwframe+0x63/0xcd
[  327.722910] RIP: 0033:0x7fce3fd1e88d
[  327.722913] Code: 5b 41 5c c3 66 0f 1f 84 00 00 00 00 00 f3 0f 1e fa 48 89 f8 48 89 f7 48 89 d6 48 89 ca 4d 89 c2 4d 89 c8 4c 8b 4c 24 08 0f 05 <48> 3d 01 f0 ff ff 73 01 c3 48 8b 0d 73 b5 0f 00 f7 d8 64 89 01 48
[  327.722915] RSP: 002b:00007ffc8a2104b8 EFLAGS: 00000246 ORIG_RAX: 0000000000000139
[  327.722918] RAX: ffffffffffffffda RBX: 0000563e65e9b7b0 RCX: 00007fce3fd1e88d
[  327.722921] RDX: 0000000000000000 RSI: 0000563e6589ccd2 RDI: 0000000000000003
[  327.722923] RBP: 0000000000000000 R08: 0000000000000000 R09: 0000000000000000
[  327.722925] R10: 0000000000000003 R11: 0000000000000246 R12: 0000563e6589ccd2
[  327.722927] R13: 0000563e65e9b760 R14: 0000563e6589b888 R15: 0000563e65e9b8c0
[  327.722930]  </TASK>
[  327.722931] DMA_STACK_END: End of stack trace for dma_alloc_coherent
[  327.722999] DMA_INSTRUMENT: About to call dma_free_coherent from function mp_init_hrm_pool at /home/ubuntu/cda/orginal/aws-neuronx-2.20.28.0/neuron_mempool.c:279
[  327.723002] DMA_STACK_START: Stack trace for dma_free_coherent called from mp_init_hrm_pool
[  327.723003] CPU: 0 PID: 1875 Comm: insmod Tainted: G           OE     5.19.0-1024-aws #25~22.04.1-Ubuntu
[  327.723006] Hardware name: Amazon EC2 inf1.xlarge/, BIOS 1.0 10/16/2017
[  327.723007] Call Trace:
[  327.723008]  <TASK>
[  327.723009]  show_stack+0x52/0x69
[  327.723013]  dump_stack_lvl+0x49/0x6d
[  327.723016]  dump_stack+0x10/0x18
[  327.723018]  mpset_constructor+0x322/0xa82 [neuron]
[  327.723038]  ? kmalloc_order+0x6b/0xa0
[  327.723042]  ? kmem_cache_alloc_trace+0x199/0x2f0
[  327.723045]  ? kmalloc_order_trace+0x1d/0xb0
[  327.723048]  neuron_pci_probe+0x3dd/0x610 [neuron]
[  327.723063]  local_pci_probe+0x4b/0x90
[  327.723066]  pci_call_probe+0x55/0x180
[  327.723070]  pci_device_probe+0x84/0x120
[  327.723073]  really_probe+0x1e4/0x3c0
[  327.723076]  __driver_probe_device+0x12a/0x1b0
[  327.723079]  driver_probe_device+0x23/0xd0
[  327.723082]  __driver_attach+0xc3/0x260
[  327.723085]  ? __device_attach_driver+0x160/0x160
[  327.723088]  bus_for_each_dev+0x83/0xe0
[  327.723090]  driver_attach+0x1e/0x30
[  327.723093]  bus_add_driver+0x187/0x230
[  327.723096]  driver_register+0x95/0x110
[  327.723100]  __pci_register_driver+0x68/0x80
[  327.723103]  neuron_pci_module_init+0x25/0x60 [neuron]
[  327.723117]  neuron_module_init+0xd6/0x1000 [neuron]
[  327.723136]  ? 0xffffffffc089f000
[  327.723138]  do_one_initcall+0x49/0x1f0
[  327.723141]  ? kmem_cache_alloc_trace+0x199/0x2f0
[  327.723145]  do_init_module+0x52/0x220
[  327.723148]  load_module+0xb56/0xd30
[  327.723152]  __do_sys_finit_module+0xcc/0x150
[  327.723155]  ? __do_sys_finit_module+0xcc/0x150
[  327.723159]  __x64_sys_finit_module+0x18/0x30
[  327.723162]  do_syscall_64+0x5c/0x90
[  327.723164]  ? exit_to_user_mode_prepare+0x3b/0xd0
[  327.723167]  ? syscall_exit_to_user_mode+0x2a/0x50
[  327.723170]  ? do_syscall_64+0x69/0x90
[  327.723172]  ? exit_to_user_mode_prepare+0x3b/0xd0
[  327.723175]  ? syscall_exit_to_user_mode+0x2a/0x50
[  327.723178]  ? do_syscall_64+0x69/0x90
[  327.723180]  entry_SYSCALL_64_after_hwframe+0x63/0xcd
[  327.723184] RIP: 0033:0x7fce3fd1e88d
[  327.723186] Code: 5b 41 5c c3 66 0f 1f 84 00 00 00 00 00 f3 0f 1e fa 48 89 f8 48 89 f7 48 89 d6 48 89 ca 4d 89 c2 4d 89 c8 4c 8b 4c 24 08 0f 05 <48> 3d 01 f0 ff ff 73 01 c3 48 8b 0d 73 b5 0f 00 f7 d8 64 89 01 48
[  327.723188] RSP: 002b:00007ffc8a2104b8 EFLAGS: 00000246 ORIG_RAX: 0000000000000139
[  327.723191] RAX: ffffffffffffffda RBX: 0000563e65e9b7b0 RCX: 00007fce3fd1e88d
[  327.723193] RDX: 0000000000000000 RSI: 0000563e6589ccd2 RDI: 0000000000000003
[  327.723195] RBP: 0000000000000000 R08: 0000000000000000 R09: 0000000000000000
[  327.723196] R10: 0000000000000003 R11: 0000000000000246 R12: 0000563e6589ccd2
[  327.723198] R13: 0000563e65e9b760 R14: 0000563e6589b888 R15: 0000563e65e9b8c0
[  327.723201]  </TASK>
[  327.723202] DMA_STACK_END: End of stack trace for dma_free_coherent
[  327.723203] DMA_INSTRUMENT: About to call dma_alloc_coherent from function mp_init_hrm_pool at /home/ubuntu/cda/orginal/aws-neuronx-2.20.28.0/neuron_mempool.c:268
[  327.723206] DMA_STACK_START: Stack trace for dma_alloc_coherent called from mp_init_hrm_pool
[  327.723207] CPU: 0 PID: 1875 Comm: insmod Tainted: G           OE     5.19.0-1024-aws #25~22.04.1-Ubuntu
[  327.723210] Hardware name: Amazon EC2 inf1.xlarge/, BIOS 1.0 10/16/2017
[  327.723211] Call Trace:
[  327.723212]  <TASK>
[  327.723213]  show_stack+0x52/0x69
[  327.723217]  dump_stack_lvl+0x49/0x6d
[  327.723220]  dump_stack+0x10/0x18
[  327.723223]  mpset_constructor+0x268/0xa82 [neuron]
[  327.723242]  ? kmalloc_order+0x6b/0xa0
[  327.723245]  ? kmem_cache_alloc_trace+0x199/0x2f0
[  327.723249]  ? kmalloc_order_trace+0x1d/0xb0
[  327.723251]  neuron_pci_probe+0x3dd/0x610 [neuron]
[  327.723266]  local_pci_probe+0x4b/0x90
[  327.723270]  pci_call_probe+0x55/0x180
[  327.723274]  pci_device_probe+0x84/0x120
[  327.723277]  really_probe+0x1e4/0x3c0
[  327.723280]  __driver_probe_device+0x12a/0x1b0
[  327.723283]  driver_probe_device+0x23/0xd0
[  327.723287]  __driver_attach+0xc3/0x260
[  327.723290]  ? __device_attach_driver+0x160/0x160
[  327.723292]  bus_for_each_dev+0x83/0xe0
[  327.723295]  driver_attach+0x1e/0x30
[  327.723298]  bus_add_driver+0x187/0x230
[  327.723301]  driver_register+0x95/0x110
[  327.723304]  __pci_register_driver+0x68/0x80
[  327.723307]  neuron_pci_module_init+0x25/0x60 [neuron]
[  327.723321]  neuron_module_init+0xd6/0x1000 [neuron]
[  327.723339]  ? 0xffffffffc089f000
[  327.723342]  do_one_initcall+0x49/0x1f0
[  327.723346]  ? kmem_cache_alloc_trace+0x199/0x2f0
[  327.723349]  do_init_module+0x52/0x220
[  327.723352]  load_module+0xb56/0xd30
[  327.723356]  __do_sys_finit_module+0xcc/0x150
[  327.723359]  ? __do_sys_finit_module+0xcc/0x150
[  327.723363]  __x64_sys_finit_module+0x18/0x30
[  327.723366]  do_syscall_64+0x5c/0x90
[  327.723368]  ? exit_to_user_mode_prepare+0x3b/0xd0
[  327.723370]  ? syscall_exit_to_user_mode+0x2a/0x50
[  327.723373]  ? do_syscall_64+0x69/0x90
[  327.723376]  ? exit_to_user_mode_prepare+0x3b/0xd0
[  327.723378]  ? syscall_exit_to_user_mode+0x2a/0x50
[  327.723381]  ? do_syscall_64+0x69/0x90
[  327.723383]  entry_SYSCALL_64_after_hwframe+0x63/0xcd
[  327.723386] RIP: 0033:0x7fce3fd1e88d
[  327.723388] Code: 5b 41 5c c3 66 0f 1f 84 00 00 00 00 00 f3 0f 1e fa 48 89 f8 48 89 f7 48 89 d6 48 89 ca 4d 89 c2 4d 89 c8 4c 8b 4c 24 08 0f 05 <48> 3d 01 f0 ff ff 73 01 c3 48 8b 0d 73 b5 0f 00 f7 d8 64 89 01 48
[  327.723390] RSP: 002b:00007ffc8a2104b8 EFLAGS: 00000246 ORIG_RAX: 0000000000000139
[  327.723392] RAX: ffffffffffffffda RBX: 0000563e65e9b7b0 RCX: 00007fce3fd1e88d
[  327.723394] RDX: 0000000000000000 RSI: 0000563e6589ccd2 RDI: 0000000000000003
[  327.723395] RBP: 0000000000000000 R08: 0000000000000000 R09: 0000000000000000
[  327.723397] R10: 0000000000000003 R11: 0000000000000246 R12: 0000563e6589ccd2
[  327.723398] R13: 0000563e65e9b760 R14: 0000563e6589b888 R15: 0000563e65e9b8c0
[  327.723401]  </TASK>
[  327.723402] DMA_STACK_END: End of stack trace for dma_alloc_coherent
[  327.723471] DMA_INSTRUMENT: About to call dma_free_coherent from function mp_init_hrm_pool at /home/ubuntu/cda/orginal/aws-neuronx-2.20.28.0/neuron_mempool.c:279
[  327.723473] DMA_STACK_START: Stack trace for dma_free_coherent called from mp_init_hrm_pool
[  327.723475] CPU: 0 PID: 1875 Comm: insmod Tainted: G           OE     5.19.0-1024-aws #25~22.04.1-Ubuntu
[  327.723477] Hardware name: Amazon EC2 inf1.xlarge/, BIOS 1.0 10/16/2017
[  327.723479] Call Trace:
[  327.723480]  <TASK>
[  327.723481]  show_stack+0x52/0x69
[  327.723483]  dump_stack_lvl+0x49/0x6d
[  327.723486]  dump_stack+0x10/0x18
[  327.723488]  mpset_constructor+0x322/0xa82 [neuron]
[  327.723506]  ? kmalloc_order+0x6b/0xa0
[  327.723509]  ? kmem_cache_alloc_trace+0x199/0x2f0
[  327.723512]  ? kmalloc_order_trace+0x1d/0xb0
[  327.723515]  neuron_pci_probe+0x3dd/0x610 [neuron]
[  327.723530]  local_pci_probe+0x4b/0x90
[  327.723533]  pci_call_probe+0x55/0x180
[  327.723536]  pci_device_probe+0x84/0x120
[  327.723540]  really_probe+0x1e4/0x3c0
[  327.723542]  __driver_probe_device+0x12a/0x1b0
[  327.723545]  driver_probe_device+0x23/0xd0
[  327.723547]  __driver_attach+0xc3/0x260
[  327.723550]  ? __device_attach_driver+0x160/0x160
[  327.723552]  bus_for_each_dev+0x83/0xe0
[  327.723555]  driver_attach+0x1e/0x30
[  327.723557]  bus_add_driver+0x187/0x230
[  327.723559]  driver_register+0x95/0x110
[  327.723562]  __pci_register_driver+0x68/0x80
[  327.723565]  neuron_pci_module_init+0x25/0x60 [neuron]
[  327.723578]  neuron_module_init+0xd6/0x1000 [neuron]
[  327.723595]  ? 0xffffffffc089f000
[  327.723597]  do_one_initcall+0x49/0x1f0
[  327.723601]  ? kmem_cache_alloc_trace+0x199/0x2f0
[  327.723604]  do_init_module+0x52/0x220
[  327.723607]  load_module+0xb56/0xd30
[  327.723611]  __do_sys_finit_module+0xcc/0x150
[  327.723614]  ? __do_sys_finit_module+0xcc/0x150
[  327.723618]  __x64_sys_finit_module+0x18/0x30
[  327.723620]  do_syscall_64+0x5c/0x90
[  327.723622]  ? exit_to_user_mode_prepare+0x3b/0xd0
[  327.723625]  ? syscall_exit_to_user_mode+0x2a/0x50
[  327.723628]  ? do_syscall_64+0x69/0x90
[  327.723630]  ? exit_to_user_mode_prepare+0x3b/0xd0
[  327.723633]  ? syscall_exit_to_user_mode+0x2a/0x50
[  327.723636]  ? do_syscall_64+0x69/0x90
[  327.723638]  entry_SYSCALL_64_after_hwframe+0x63/0xcd
[  327.723641] RIP: 0033:0x7fce3fd1e88d
[  327.723643] Code: 5b 41 5c c3 66 0f 1f 84 00 00 00 00 00 f3 0f 1e fa 48 89 f8 48 89 f7 48 89 d6 48 89 ca 4d 89 c2 4d 89 c8 4c 8b 4c 24 08 0f 05 <48> 3d 01 f0 ff ff 73 01 c3 48 8b 0d 73 b5 0f 00 f7 d8 64 89 01 48
[  327.723646] RSP: 002b:00007ffc8a2104b8 EFLAGS: 00000246 ORIG_RAX: 0000000000000139
[  327.723649] RAX: ffffffffffffffda RBX: 0000563e65e9b7b0 RCX: 00007fce3fd1e88d
[  327.723651] RDX: 0000000000000000 RSI: 0000563e6589ccd2 RDI: 0000000000000003
[  327.723653] RBP: 0000000000000000 R08: 0000000000000000 R09: 0000000000000000
[  327.723655] R10: 0000000000000003 R11: 0000000000000246 R12: 0000563e6589ccd2
[  327.723656] R13: 0000563e65e9b760 R14: 0000563e6589b888 R15: 0000563e65e9b8c0
[  327.723659]  </TASK>
[  327.723660] DMA_STACK_END: End of stack trace for dma_free_coherent
[  327.723661] DMA_INSTRUMENT: About to call dma_alloc_coherent from function mp_init_hrm_pool at /home/ubuntu/cda/orginal/aws-neuronx-2.20.28.0/neuron_mempool.c:268
[  327.723663] DMA_STACK_START: Stack trace for dma_alloc_coherent called from mp_init_hrm_pool
[  327.723665] CPU: 0 PID: 1875 Comm: insmod Tainted: G           OE     5.19.0-1024-aws #25~22.04.1-Ubuntu
[  327.723668] Hardware name: Amazon EC2 inf1.xlarge/, BIOS 1.0 10/16/2017
[  327.723669] Call Trace:
[  327.723671]  <TASK>
[  327.723672]  show_stack+0x52/0x69
[  327.723675]  dump_stack_lvl+0x49/0x6d
[  327.723679]  dump_stack+0x10/0x18
[  327.723682]  mpset_constructor+0x268/0xa82 [neuron]
[  327.723702]  ? kmalloc_order+0x6b/0xa0
[  327.723705]  ? kmem_cache_alloc_trace+0x199/0x2f0
[  327.723708]  ? kmalloc_order_trace+0x1d/0xb0
[  327.723711]  neuron_pci_probe+0x3dd/0x610 [neuron]
[  327.723727]  local_pci_probe+0x4b/0x90
[  327.723730]  pci_call_probe+0x55/0x180
[  327.723734]  pci_device_probe+0x84/0x120
[  327.723737]  really_probe+0x1e4/0x3c0
[  327.723740]  __driver_probe_device+0x12a/0x1b0
[  327.723743]  driver_probe_device+0x23/0xd0
[  327.723746]  __driver_attach+0xc3/0x260
[  327.723748]  ? __device_attach_driver+0x160/0x160
[  327.723751]  bus_for_each_dev+0x83/0xe0
[  327.723754]  driver_attach+0x1e/0x30
[  327.723756]  bus_add_driver+0x187/0x230
[  327.723759]  driver_register+0x95/0x110
[  327.723762]  __pci_register_driver+0x68/0x80
[  327.723765]  neuron_pci_module_init+0x25/0x60 [neuron]
[  327.723780]  neuron_module_init+0xd6/0x1000 [neuron]
[  327.723797]  ? 0xffffffffc089f000
[  327.723799]  do_one_initcall+0x49/0x1f0
[  327.723803]  ? kmem_cache_alloc_trace+0x199/0x2f0
[  327.723807]  do_init_module+0x52/0x220
[  327.723810]  load_module+0xb56/0xd30
[  327.723814]  __do_sys_finit_module+0xcc/0x150
[  327.723817]  ? __do_sys_finit_module+0xcc/0x150
[  327.723821]  __x64_sys_finit_module+0x18/0x30
[  327.723824]  do_syscall_64+0x5c/0x90
[  327.723826]  ? exit_to_user_mode_prepare+0x3b/0xd0
[  327.723829]  ? syscall_exit_to_user_mode+0x2a/0x50
[  327.723832]  ? do_syscall_64+0x69/0x90
[  327.723834]  ? exit_to_user_mode_prepare+0x3b/0xd0
[  327.723836]  ? syscall_exit_to_user_mode+0x2a/0x50
[  327.723839]  ? do_syscall_64+0x69/0x90
[  327.723842]  entry_SYSCALL_64_after_hwframe+0x63/0xcd
[  327.723845] RIP: 0033:0x7fce3fd1e88d
[  327.723848] Code: 5b 41 5c c3 66 0f 1f 84 00 00 00 00 00 f3 0f 1e fa 48 89 f8 48 89 f7 48 89 d6 48 89 ca 4d 89 c2 4d 89 c8 4c 8b 4c 24 08 0f 05 <48> 3d 01 f0 ff ff 73 01 c3 48 8b 0d 73 b5 0f 00 f7 d8 64 89 01 48
[  327.723850] RSP: 002b:00007ffc8a2104b8 EFLAGS: 00000246 ORIG_RAX: 0000000000000139
[  327.723853] RAX: ffffffffffffffda RBX: 0000563e65e9b7b0 RCX: 00007fce3fd1e88d
[  327.723855] RDX: 0000000000000000 RSI: 0000563e6589ccd2 RDI: 0000000000000003
[  327.723857] RBP: 0000000000000000 R08: 0000000000000000 R09: 0000000000000000
[  327.723859] R10: 0000000000000003 R11: 0000000000000246 R12: 0000563e6589ccd2
[  327.723861] R13: 0000563e65e9b760 R14: 0000563e6589b888 R15: 0000563e65e9b8c0
[  327.723864]  </TASK>
[  327.723865] DMA_STACK_END: End of stack trace for dma_alloc_coherent
[  327.723925] DMA_INSTRUMENT: About to call dma_free_coherent from function mp_init_hrm_pool at /home/ubuntu/cda/orginal/aws-neuronx-2.20.28.0/neuron_mempool.c:279
[  327.723928] DMA_STACK_START: Stack trace for dma_free_coherent called from mp_init_hrm_pool
[  327.723929] CPU: 0 PID: 1875 Comm: insmod Tainted: G           OE     5.19.0-1024-aws #25~22.04.1-Ubuntu
[  327.723932] Hardware name: Amazon EC2 inf1.xlarge/, BIOS 1.0 10/16/2017
[  327.723934] Call Trace:
[  327.723935]  <TASK>
[  327.723937]  show_stack+0x52/0x69
[  327.723940]  dump_stack_lvl+0x49/0x6d
[  327.723943]  dump_stack+0x10/0x18
[  327.723946]  mpset_constructor+0x322/0xa82 [neuron]
[  327.723966]  ? kmalloc_order+0x6b/0xa0
[  327.723970]  ? kmem_cache_alloc_trace+0x199/0x2f0
[  327.723973]  ? kmalloc_order_trace+0x1d/0xb0
[  327.723976]  neuron_pci_probe+0x3dd/0x610 [neuron]
[  327.723992]  local_pci_probe+0x4b/0x90
[  327.723996]  pci_call_probe+0x55/0x180
[  327.723999]  pci_device_probe+0x84/0x120
[  327.724002]  really_probe+0x1e4/0x3c0
[  327.724005]  __driver_probe_device+0x12a/0x1b0
[  327.724007]  driver_probe_device+0x23/0xd0
[  327.724010]  __driver_attach+0xc3/0x260
[  327.724013]  ? __device_attach_driver+0x160/0x160
[  327.724015]  bus_for_each_dev+0x83/0xe0
[  327.724018]  driver_attach+0x1e/0x30
[  327.724020]  bus_add_driver+0x187/0x230
[  327.724023]  driver_register+0x95/0x110
[  327.724026]  __pci_register_driver+0x68/0x80
[  327.724029]  neuron_pci_module_init+0x25/0x60 [neuron]
[  327.724043]  neuron_module_init+0xd6/0x1000 [neuron]
[  327.724062]  ? 0xffffffffc089f000
[  327.724065]  do_one_initcall+0x49/0x1f0
[  327.724068]  ? kmem_cache_alloc_trace+0x199/0x2f0
[  327.724071]  do_init_module+0x52/0x220
[  327.724074]  load_module+0xb56/0xd30
[  327.724078]  __do_sys_finit_module+0xcc/0x150
[  327.724081]  ? __do_sys_finit_module+0xcc/0x150
[  327.724084]  __x64_sys_finit_module+0x18/0x30
[  327.724087]  do_syscall_64+0x5c/0x90
[  327.724089]  ? exit_to_user_mode_prepare+0x3b/0xd0
[  327.724092]  ? syscall_exit_to_user_mode+0x2a/0x50
[  327.724095]  ? do_syscall_64+0x69/0x90
[  327.724098]  ? exit_to_user_mode_prepare+0x3b/0xd0
[  327.724100]  ? syscall_exit_to_user_mode+0x2a/0x50
[  327.724103]  ? do_syscall_64+0x69/0x90
[  327.724105]  entry_SYSCALL_64_after_hwframe+0x63/0xcd
[  327.724108] RIP: 0033:0x7fce3fd1e88d
[  327.724111] Code: 5b 41 5c c3 66 0f 1f 84 00 00 00 00 00 f3 0f 1e fa 48 89 f8 48 89 f7 48 89 d6 48 89 ca 4d 89 c2 4d 89 c8 4c 8b 4c 24 08 0f 05 <48> 3d 01 f0 ff ff 73 01 c3 48 8b 0d 73 b5 0f 00 f7 d8 64 89 01 48
[  327.724113] RSP: 002b:00007ffc8a2104b8 EFLAGS: 00000246 ORIG_RAX: 0000000000000139
[  327.724116] RAX: ffffffffffffffda RBX: 0000563e65e9b7b0 RCX: 00007fce3fd1e88d
[  327.724118] RDX: 0000000000000000 RSI: 0000563e6589ccd2 RDI: 0000000000000003
[  327.724120] RBP: 0000000000000000 R08: 0000000000000000 R09: 0000000000000000
[  327.724122] R10: 0000000000000003 R11: 0000000000000246 R12: 0000563e6589ccd2
[  327.724124] R13: 0000563e65e9b760 R14: 0000563e6589b888 R15: 0000563e65e9b8c0
[  327.724127]  </TASK>
[  327.724128] DMA_STACK_END: End of stack trace for dma_free_coherent
[  327.724129] DMA_INSTRUMENT: About to call dma_alloc_coherent from function mp_init_hrm_pool at /home/ubuntu/cda/orginal/aws-neuronx-2.20.28.0/neuron_mempool.c:268
[  327.724132] DMA_STACK_START: Stack trace for dma_alloc_coherent called from mp_init_hrm_pool
[  327.724133] CPU: 0 PID: 1875 Comm: insmod Tainted: G           OE     5.19.0-1024-aws #25~22.04.1-Ubuntu
[  327.724136] Hardware name: Amazon EC2 inf1.xlarge/, BIOS 1.0 10/16/2017
[  327.724138] Call Trace:
[  327.724139]  <TASK>
[  327.724140]  show_stack+0x52/0x69
[  327.724143]  dump_stack_lvl+0x49/0x6d
[  327.724145]  dump_stack+0x10/0x18
[  327.724148]  mpset_constructor+0x268/0xa82 [neuron]
[  327.724168]  ? kmalloc_order+0x6b/0xa0
[  327.724172]  ? kmem_cache_alloc_trace+0x199/0x2f0
[  327.724175]  ? kmalloc_order_trace+0x1d/0xb0
[  327.724178]  neuron_pci_probe+0x3dd/0x610 [neuron]
[  327.724192]  local_pci_probe+0x4b/0x90
[  327.724196]  pci_call_probe+0x55/0x180
[  327.724199]  pci_device_probe+0x84/0x120
[  327.724203]  really_probe+0x1e4/0x3c0
[  327.724206]  __driver_probe_device+0x12a/0x1b0
[  327.724209]  driver_probe_device+0x23/0xd0
[  327.724211]  __driver_attach+0xc3/0x260
[  327.724214]  ? __device_attach_driver+0x160/0x160
[  327.724217]  bus_for_each_dev+0x83/0xe0
[  327.724219]  driver_attach+0x1e/0x30
[  327.724222]  bus_add_driver+0x187/0x230
[  327.724225]  driver_register+0x95/0x110
[  327.724227]  __pci_register_driver+0x68/0x80
[  327.724231]  neuron_pci_module_init+0x25/0x60 [neuron]
[  327.724245]  neuron_module_init+0xd6/0x1000 [neuron]
[  327.724263]  ? 0xffffffffc089f000
[  327.724265]  do_one_initcall+0x49/0x1f0
[  327.724269]  ? kmem_cache_alloc_trace+0x199/0x2f0
[  327.724272]  do_init_module+0x52/0x220
[  327.724275]  load_module+0xb56/0xd30
[  327.724279]  __do_sys_finit_module+0xcc/0x150
[  327.724282]  ? __do_sys_finit_module+0xcc/0x150
[  327.724285]  __x64_sys_finit_module+0x18/0x30
[  327.724288]  do_syscall_64+0x5c/0x90
[  327.724290]  ? exit_to_user_mode_prepare+0x3b/0xd0
[  327.724293]  ? syscall_exit_to_user_mode+0x2a/0x50
[  327.724296]  ? do_syscall_64+0x69/0x90
[  327.724298]  ? exit_to_user_mode_prepare+0x3b/0xd0
[  327.724300]  ? syscall_exit_to_user_mode+0x2a/0x50
[  327.724303]  ? do_syscall_64+0x69/0x90
[  327.724306]  entry_SYSCALL_64_after_hwframe+0x63/0xcd
[  327.724309] RIP: 0033:0x7fce3fd1e88d
[  327.724311] Code: 5b 41 5c c3 66 0f 1f 84 00 00 00 00 00 f3 0f 1e fa 48 89 f8 48 89 f7 48 89 d6 48 89 ca 4d 89 c2 4d 89 c8 4c 8b 4c 24 08 0f 05 <48> 3d 01 f0 ff ff 73 01 c3 48 8b 0d 73 b5 0f 00 f7 d8 64 89 01 48
[  327.724314] RSP: 002b:00007ffc8a2104b8 EFLAGS: 00000246 ORIG_RAX: 0000000000000139
[  327.724317] RAX: ffffffffffffffda RBX: 0000563e65e9b7b0 RCX: 00007fce3fd1e88d
[  327.724319] RDX: 0000000000000000 RSI: 0000563e6589ccd2 RDI: 0000000000000003
[  327.724321] RBP: 0000000000000000 R08: 0000000000000000 R09: 0000000000000000
[  327.724323] R10: 0000000000000003 R11: 0000000000000246 R12: 0000563e6589ccd2
[  327.724324] R13: 0000563e65e9b760 R14: 0000563e6589b888 R15: 0000563e65e9b8c0
[  327.724328]  </TASK>
[  327.724329] DMA_STACK_END: End of stack trace for dma_alloc_coherent
[  327.724390] DMA_INSTRUMENT: About to call dma_free_coherent from function mp_init_hrm_pool at /home/ubuntu/cda/orginal/aws-neuronx-2.20.28.0/neuron_mempool.c:279
[  327.724393] DMA_STACK_START: Stack trace for dma_free_coherent called from mp_init_hrm_pool
[  327.724394] CPU: 0 PID: 1875 Comm: insmod Tainted: G           OE     5.19.0-1024-aws #25~22.04.1-Ubuntu
[  327.724397] Hardware name: Amazon EC2 inf1.xlarge/, BIOS 1.0 10/16/2017
[  327.724399] Call Trace:
[  327.724400]  <TASK>
[  327.724401]  show_stack+0x52/0x69
[  327.724404]  dump_stack_lvl+0x49/0x6d
[  327.724408]  dump_stack+0x10/0x18
[  327.724410]  mpset_constructor+0x322/0xa82 [neuron]
[  327.724431]  ? kmalloc_order+0x6b/0xa0
[  327.724434]  ? kmem_cache_alloc_trace+0x199/0x2f0
[  327.724437]  ? kmalloc_order_trace+0x1d/0xb0
[  327.724440]  neuron_pci_probe+0x3dd/0x610 [neuron]
[  327.724456]  local_pci_probe+0x4b/0x90
[  327.724460]  pci_call_probe+0x55/0x180
[  327.724463]  pci_device_probe+0x84/0x120
[  327.724467]  really_probe+0x1e4/0x3c0
[  327.724469]  __driver_probe_device+0x12a/0x1b0
[  327.724472]  driver_probe_device+0x23/0xd0
[  327.724475]  __driver_attach+0xc3/0x260
[  327.724477]  ? __device_attach_driver+0x160/0x160
[  327.724480]  bus_for_each_dev+0x83/0xe0
[  327.724483]  driver_attach+0x1e/0x30
[  327.724485]  bus_add_driver+0x187/0x230
[  327.724488]  driver_register+0x95/0x110
[  327.724490]  __pci_register_driver+0x68/0x80
[  327.724493]  neuron_pci_module_init+0x25/0x60 [neuron]
[  327.724507]  neuron_module_init+0xd6/0x1000 [neuron]
[  327.724525]  ? 0xffffffffc089f000
[  327.724527]  do_one_initcall+0x49/0x1f0
[  327.724530]  ? kmem_cache_alloc_trace+0x199/0x2f0
[  327.724534]  do_init_module+0x52/0x220
[  327.724537]  load_module+0xb56/0xd30
[  327.724541]  __do_sys_finit_module+0xcc/0x150
[  327.724544]  ? __do_sys_finit_module+0xcc/0x150
[  327.724547]  __x64_sys_finit_module+0x18/0x30
[  327.724550]  do_syscall_64+0x5c/0x90
[  327.724552]  ? exit_to_user_mode_prepare+0x3b/0xd0
[  327.724554]  ? syscall_exit_to_user_mode+0x2a/0x50
[  327.724557]  ? do_syscall_64+0x69/0x90
[  327.724560]  ? exit_to_user_mode_prepare+0x3b/0xd0
[  327.724562]  ? syscall_exit_to_user_mode+0x2a/0x50
[  327.724565]  ? do_syscall_64+0x69/0x90
[  327.724567]  entry_SYSCALL_64_after_hwframe+0x63/0xcd
[  327.724571] RIP: 0033:0x7fce3fd1e88d
[  327.724573] Code: 5b 41 5c c3 66 0f 1f 84 00 00 00 00 00 f3 0f 1e fa 48 89 f8 48 89 f7 48 89 d6 48 89 ca 4d 89 c2 4d 89 c8 4c 8b 4c 24 08 0f 05 <48> 3d 01 f0 ff ff 73 01 c3 48 8b 0d 73 b5 0f 00 f7 d8 64 89 01 48
[  327.724575] RSP: 002b:00007ffc8a2104b8 EFLAGS: 00000246 ORIG_RAX: 0000000000000139
[  327.724579] RAX: ffffffffffffffda RBX: 0000563e65e9b7b0 RCX: 00007fce3fd1e88d
[  327.724581] RDX: 0000000000000000 RSI: 0000563e6589ccd2 RDI: 0000000000000003
[  327.724583] RBP: 0000000000000000 R08: 0000000000000000 R09: 0000000000000000
[  327.724585] R10: 0000000000000003 R11: 0000000000000246 R12: 0000563e6589ccd2
[  327.724587] R13: 0000563e65e9b760 R14: 0000563e6589b888 R15: 0000563e65e9b8c0
[  327.724590]  </TASK>
[  327.724591] DMA_STACK_END: End of stack trace for dma_free_coherent
[  327.724592] DMA_INSTRUMENT: About to call dma_alloc_coherent from function mp_init_hrm_pool at /home/ubuntu/cda/orginal/aws-neuronx-2.20.28.0/neuron_mempool.c:268
[  327.724595] DMA_STACK_START: Stack trace for dma_alloc_coherent called from mp_init_hrm_pool
[  327.724596] CPU: 0 PID: 1875 Comm: insmod Tainted: G           OE     5.19.0-1024-aws #25~22.04.1-Ubuntu
[  327.724599] Hardware name: Amazon EC2 inf1.xlarge/, BIOS 1.0 10/16/2017
[  327.724601] Call Trace:
[  327.724602]  <TASK>
[  327.724603]  show_stack+0x52/0x69
[  327.724606]  dump_stack_lvl+0x49/0x6d
[  327.724610]  dump_stack+0x10/0x18
[  327.724612]  mpset_constructor+0x268/0xa82 [neuron]
[  327.724632]  ? kmalloc_order+0x6b/0xa0
[  327.724635]  ? kmem_cache_alloc_trace+0x199/0x2f0
[  327.724638]  ? kmalloc_order_trace+0x1d/0xb0
[  327.724641]  neuron_pci_probe+0x3dd/0x610 [neuron]
[  327.724656]  local_pci_probe+0x4b/0x90
[  327.724659]  pci_call_probe+0x55/0x180
[  327.724663]  pci_device_probe+0x84/0x120
[  327.724666]  really_probe+0x1e4/0x3c0
[  327.724669]  __driver_probe_device+0x12a/0x1b0
[  327.724672]  driver_probe_device+0x23/0xd0
[  327.724675]  __driver_attach+0xc3/0x260
[  327.724678]  ? __device_attach_driver+0x160/0x160
[  327.724680]  bus_for_each_dev+0x83/0xe0
[  327.724683]  driver_attach+0x1e/0x30
[  327.724685]  bus_add_driver+0x187/0x230
[  327.724688]  driver_register+0x95/0x110
[  327.724691]  __pci_register_driver+0x68/0x80
[  327.724694]  neuron_pci_module_init+0x25/0x60 [neuron]
[  327.724708]  neuron_module_init+0xd6/0x1000 [neuron]
[  327.724726]  ? 0xffffffffc089f000
[  327.724728]  do_one_initcall+0x49/0x1f0
[  327.724732]  ? kmem_cache_alloc_trace+0x199/0x2f0
[  327.724735]  do_init_module+0x52/0x220
[  327.724738]  load_module+0xb56/0xd30
[  327.724742]  __do_sys_finit_module+0xcc/0x150
[  327.724745]  ? __do_sys_finit_module+0xcc/0x150
[  327.724748]  __x64_sys_finit_module+0x18/0x30
[  327.724750]  do_syscall_64+0x5c/0x90
[  327.724752]  ? exit_to_user_mode_prepare+0x3b/0xd0
[  327.724754]  ? syscall_exit_to_user_mode+0x2a/0x50
[  327.724757]  ? do_syscall_64+0x69/0x90
[  327.724760]  ? exit_to_user_mode_prepare+0x3b/0xd0
[  327.724762]  ? syscall_exit_to_user_mode+0x2a/0x50
[  327.724764]  ? do_syscall_64+0x69/0x90
[  327.724766]  entry_SYSCALL_64_after_hwframe+0x63/0xcd
[  327.724769] RIP: 0033:0x7fce3fd1e88d
[  327.724771] Code: 5b 41 5c c3 66 0f 1f 84 00 00 00 00 00 f3 0f 1e fa 48 89 f8 48 89 f7 48 89 d6 48 89 ca 4d 89 c2 4d 89 c8 4c 8b 4c 24 08 0f 05 <48> 3d 01 f0 ff ff 73 01 c3 48 8b 0d 73 b5 0f 00 f7 d8 64 89 01 48
[  327.724773] RSP: 002b:00007ffc8a2104b8 EFLAGS: 00000246 ORIG_RAX: 0000000000000139
[  327.724776] RAX: ffffffffffffffda RBX: 0000563e65e9b7b0 RCX: 00007fce3fd1e88d
[  327.724778] RDX: 0000000000000000 RSI: 0000563e6589ccd2 RDI: 0000000000000003
[  327.724780] RBP: 0000000000000000 R08: 0000000000000000 R09: 0000000000000000
[  327.724782] R10: 0000000000000003 R11: 0000000000000246 R12: 0000563e6589ccd2
[  327.724784] R13: 0000563e65e9b760 R14: 0000563e6589b888 R15: 0000563e65e9b8c0
[  327.724786]  </TASK>
[  327.724787] DMA_STACK_END: End of stack trace for dma_alloc_coherent
[  327.724852] DMA_INSTRUMENT: About to call dma_free_coherent from function mp_init_hrm_pool at /home/ubuntu/cda/orginal/aws-neuronx-2.20.28.0/neuron_mempool.c:279
[  327.724854] DMA_STACK_START: Stack trace for dma_free_coherent called from mp_init_hrm_pool
[  327.724856] CPU: 0 PID: 1875 Comm: insmod Tainted: G           OE     5.19.0-1024-aws #25~22.04.1-Ubuntu
[  327.724859] Hardware name: Amazon EC2 inf1.xlarge/, BIOS 1.0 10/16/2017
[  327.724860] Call Trace:
[  327.724862]  <TASK>
[  327.724863]  show_stack+0x52/0x69
[  327.724866]  dump_stack_lvl+0x49/0x6d
[  327.724869]  dump_stack+0x10/0x18
[  327.724871]  mpset_constructor+0x322/0xa82 [neuron]
[  327.724891]  ? kmalloc_order+0x6b/0xa0
[  327.724894]  ? kmem_cache_alloc_trace+0x199/0x2f0
[  327.724897]  ? kmalloc_order_trace+0x1d/0xb0
[  327.724900]  neuron_pci_probe+0x3dd/0x610 [neuron]
[  327.724916]  local_pci_probe+0x4b/0x90
[  327.724919]  pci_call_probe+0x55/0x180
[  327.724923]  pci_device_probe+0x84/0x120
[  327.724926]  really_probe+0x1e4/0x3c0
[  327.724928]  __driver_probe_device+0x12a/0x1b0
[  327.724931]  driver_probe_device+0x23/0xd0
[  327.724933]  __driver_attach+0xc3/0x260
[  327.724936]  ? __device_attach_driver+0x160/0x160
[  327.724939]  bus_for_each_dev+0x83/0xe0
[  327.724942]  driver_attach+0x1e/0x30
[  327.724944]  bus_add_driver+0x187/0x230
[  327.724947]  driver_register+0x95/0x110
[  327.724950]  __pci_register_driver+0x68/0x80
[  327.724953]  neuron_pci_module_init+0x25/0x60 [neuron]
[  327.724967]  neuron_module_init+0xd6/0x1000 [neuron]
[  327.724984]  ? 0xffffffffc089f000
[  327.724987]  do_one_initcall+0x49/0x1f0
[  327.724990]  ? kmem_cache_alloc_trace+0x199/0x2f0
[  327.724993]  do_init_module+0x52/0x220
[  327.724996]  load_module+0xb56/0xd30
[  327.724999]  __do_sys_finit_module+0xcc/0x150
[  327.725002]  ? __do_sys_finit_module+0xcc/0x150
[  327.725006]  __x64_sys_finit_module+0x18/0x30
[  327.725009]  do_syscall_64+0x5c/0x90
[  327.725011]  ? exit_to_user_mode_prepare+0x3b/0xd0
[  327.725013]  ? syscall_exit_to_user_mode+0x2a/0x50
[  327.725016]  ? do_syscall_64+0x69/0x90
[  327.725019]  ? exit_to_user_mode_prepare+0x3b/0xd0
[  327.725021]  ? syscall_exit_to_user_mode+0x2a/0x50
[  327.725024]  ? do_syscall_64+0x69/0x90
[  327.725026]  entry_SYSCALL_64_after_hwframe+0x63/0xcd
[  327.725030] RIP: 0033:0x7fce3fd1e88d
[  327.725032] Code: 5b 41 5c c3 66 0f 1f 84 00 00 00 00 00 f3 0f 1e fa 48 89 f8 48 89 f7 48 89 d6 48 89 ca 4d 89 c2 4d 89 c8 4c 8b 4c 24 08 0f 05 <48> 3d 01 f0 ff ff 73 01 c3 48 8b 0d 73 b5 0f 00 f7 d8 64 89 01 48
[  327.725034] RSP: 002b:00007ffc8a2104b8 EFLAGS: 00000246 ORIG_RAX: 0000000000000139
[  327.725037] RAX: ffffffffffffffda RBX: 0000563e65e9b7b0 RCX: 00007fce3fd1e88d
[  327.725039] RDX: 0000000000000000 RSI: 0000563e6589ccd2 RDI: 0000000000000003
[  327.725041] RBP: 0000000000000000 R08: 0000000000000000 R09: 0000000000000000
[  327.725042] R10: 0000000000000003 R11: 0000000000000246 R12: 0000563e6589ccd2
[  327.725044] R13: 0000563e65e9b760 R14: 0000563e6589b888 R15: 0000563e65e9b8c0
[  327.725047]  </TASK>
[  327.725048] DMA_STACK_END: End of stack trace for dma_free_coherent
[  327.725049] DMA_INSTRUMENT: About to call dma_alloc_coherent from function mp_init_hrm_pool at /home/ubuntu/cda/orginal/aws-neuronx-2.20.28.0/neuron_mempool.c:268
[  327.725051] DMA_STACK_START: Stack trace for dma_alloc_coherent called from mp_init_hrm_pool
[  327.725053] CPU: 0 PID: 1875 Comm: insmod Tainted: G           OE     5.19.0-1024-aws #25~22.04.1-Ubuntu
[  327.725055] Hardware name: Amazon EC2 inf1.xlarge/, BIOS 1.0 10/16/2017
[  327.725057] Call Trace:
[  327.725058]  <TASK>
[  327.725059]  show_stack+0x52/0x69
[  327.725062]  dump_stack_lvl+0x49/0x6d
[  327.725065]  dump_stack+0x10/0x18
[  327.725068]  mpset_constructor+0x268/0xa82 [neuron]
[  327.725088]  ? kmalloc_order+0x6b/0xa0
[  327.725091]  ? kmem_cache_alloc_trace+0x199/0x2f0
[  327.725094]  ? kmalloc_order_trace+0x1d/0xb0
[  327.725096]  neuron_pci_probe+0x3dd/0x610 [neuron]
[  327.725112]  local_pci_probe+0x4b/0x90
[  327.725115]  pci_call_probe+0x55/0x180
[  327.725119]  pci_device_probe+0x84/0x120
[  327.725122]  really_probe+0x1e4/0x3c0
[  327.725125]  __driver_probe_device+0x12a/0x1b0
[  327.725128]  driver_probe_device+0x23/0xd0
[  327.725130]  __driver_attach+0xc3/0x260
[  327.725133]  ? __device_attach_driver+0x160/0x160
[  327.725136]  bus_for_each_dev+0x83/0xe0
[  327.725139]  driver_attach+0x1e/0x30
[  327.725141]  bus_add_driver+0x187/0x230
[  327.725144]  driver_register+0x95/0x110
[  327.725147]  __pci_register_driver+0x68/0x80
[  327.725150]  neuron_pci_module_init+0x25/0x60 [neuron]
[  327.725164]  neuron_module_init+0xd6/0x1000 [neuron]
[  327.725184]  ? 0xffffffffc089f000
[  327.725186]  do_one_initcall+0x49/0x1f0
[  327.725189]  ? kmem_cache_alloc_trace+0x199/0x2f0
[  327.725193]  do_init_module+0x52/0x220
[  327.725196]  load_module+0xb56/0xd30
[  327.725200]  __do_sys_finit_module+0xcc/0x150
[  327.725202]  ? __do_sys_finit_module+0xcc/0x150
[  327.725206]  __x64_sys_finit_module+0x18/0x30
[  327.725209]  do_syscall_64+0x5c/0x90
[  327.725211]  ? exit_to_user_mode_prepare+0x3b/0xd0
[  327.725213]  ? syscall_exit_to_user_mode+0x2a/0x50
[  327.725216]  ? do_syscall_64+0x69/0x90
[  327.725218]  ? exit_to_user_mode_prepare+0x3b/0xd0
[  327.725221]  ? syscall_exit_to_user_mode+0x2a/0x50
[  327.725224]  ? do_syscall_64+0x69/0x90
[  327.725226]  entry_SYSCALL_64_after_hwframe+0x63/0xcd
[  327.725230] RIP: 0033:0x7fce3fd1e88d
[  327.725232] Code: 5b 41 5c c3 66 0f 1f 84 00 00 00 00 00 f3 0f 1e fa 48 89 f8 48 89 f7 48 89 d6 48 89 ca 4d 89 c2 4d 89 c8 4c 8b 4c 24 08 0f 05 <48> 3d 01 f0 ff ff 73 01 c3 48 8b 0d 73 b5 0f 00 f7 d8 64 89 01 48
[  327.725234] RSP: 002b:00007ffc8a2104b8 EFLAGS: 00000246 ORIG_RAX: 0000000000000139
[  327.725237] RAX: ffffffffffffffda RBX: 0000563e65e9b7b0 RCX: 00007fce3fd1e88d
[  327.725239] RDX: 0000000000000000 RSI: 0000563e6589ccd2 RDI: 0000000000000003
[  327.725240] RBP: 0000000000000000 R08: 0000000000000000 R09: 0000000000000000
[  327.725242] R10: 0000000000000003 R11: 0000000000000246 R12: 0000563e6589ccd2
[  327.725243] R13: 0000563e65e9b760 R14: 0000563e6589b888 R15: 0000563e65e9b8c0
[  327.725246]  </TASK>
[  327.725247] DMA_STACK_END: End of stack trace for dma_alloc_coherent
[  327.725314] DMA_INSTRUMENT: About to call dma_free_coherent from function mp_init_hrm_pool at /home/ubuntu/cda/orginal/aws-neuronx-2.20.28.0/neuron_mempool.c:279
[  327.725316] DMA_STACK_START: Stack trace for dma_free_coherent called from mp_init_hrm_pool
[  327.725317] CPU: 0 PID: 1875 Comm: insmod Tainted: G           OE     5.19.0-1024-aws #25~22.04.1-Ubuntu
[  327.725320] Hardware name: Amazon EC2 inf1.xlarge/, BIOS 1.0 10/16/2017
[  327.725321] Call Trace:
[  327.725323]  <TASK>
[  327.725324]  show_stack+0x52/0x69
[  327.725326]  dump_stack_lvl+0x49/0x6d
[  327.725329]  dump_stack+0x10/0x18
[  327.725332]  mpset_constructor+0x322/0xa82 [neuron]
[  327.725351]  ? kmalloc_order+0x6b/0xa0
[  327.725354]  ? kmem_cache_alloc_trace+0x199/0x2f0
[  327.725357]  ? kmalloc_order_trace+0x1d/0xb0
[  327.725360]  neuron_pci_probe+0x3dd/0x610 [neuron]
[  327.725375]  local_pci_probe+0x4b/0x90
[  327.725379]  pci_call_probe+0x55/0x180
[  327.725382]  pci_device_probe+0x84/0x120
[  327.725385]  really_probe+0x1e4/0x3c0
[  327.725388]  __driver_probe_device+0x12a/0x1b0
[  327.725390]  driver_probe_device+0x23/0xd0
[  327.725393]  __driver_attach+0xc3/0x260
[  327.725396]  ? __device_attach_driver+0x160/0x160
[  327.725398]  bus_for_each_dev+0x83/0xe0
[  327.725401]  driver_attach+0x1e/0x30
[  327.725403]  bus_add_driver+0x187/0x230
[  327.725405]  driver_register+0x95/0x110
[  327.725407]  __pci_register_driver+0x68/0x80
[  327.725410]  neuron_pci_module_init+0x25/0x60 [neuron]
[  327.725423]  neuron_module_init+0xd6/0x1000 [neuron]
[  327.725441]  ? 0xffffffffc089f000
[  327.725443]  do_one_initcall+0x49/0x1f0
[  327.725447]  ? kmem_cache_alloc_trace+0x199/0x2f0
[  327.725450]  do_init_module+0x52/0x220
[  327.725453]  load_module+0xb56/0xd30
[  327.725457]  __do_sys_finit_module+0xcc/0x150
[  327.725459]  ? __do_sys_finit_module+0xcc/0x150
[  327.725463]  __x64_sys_finit_module+0x18/0x30
[  327.725465]  do_syscall_64+0x5c/0x90
[  327.725467]  ? exit_to_user_mode_prepare+0x3b/0xd0
[  327.725469]  ? syscall_exit_to_user_mode+0x2a/0x50
[  327.725472]  ? do_syscall_64+0x69/0x90
[  327.725474]  ? exit_to_user_mode_prepare+0x3b/0xd0
[  327.725476]  ? syscall_exit_to_user_mode+0x2a/0x50
[  327.725479]  ? do_syscall_64+0x69/0x90
[  327.725482]  entry_SYSCALL_64_after_hwframe+0x63/0xcd
[  327.725485] RIP: 0033:0x7fce3fd1e88d
[  327.725488] Code: 5b 41 5c c3 66 0f 1f 84 00 00 00 00 00 f3 0f 1e fa 48 89 f8 48 89 f7 48 89 d6 48 89 ca 4d 89 c2 4d 89 c8 4c 8b 4c 24 08 0f 05 <48> 3d 01 f0 ff ff 73 01 c3 48 8b 0d 73 b5 0f 00 f7 d8 64 89 01 48
[  327.725490] RSP: 002b:00007ffc8a2104b8 EFLAGS: 00000246 ORIG_RAX: 0000000000000139
[  327.725493] RAX: ffffffffffffffda RBX: 0000563e65e9b7b0 RCX: 00007fce3fd1e88d
[  327.725495] RDX: 0000000000000000 RSI: 0000563e6589ccd2 RDI: 0000000000000003
[  327.725497] RBP: 0000000000000000 R08: 0000000000000000 R09: 0000000000000000
[  327.725499] R10: 0000000000000003 R11: 0000000000000246 R12: 0000563e6589ccd2
[  327.725501] R13: 0000563e65e9b760 R14: 0000563e6589b888 R15: 0000563e65e9b8c0
[  327.725504]  </TASK>
[  327.725505] DMA_STACK_END: End of stack trace for dma_free_coherent
[  327.725506] DMA_INSTRUMENT: About to call dma_alloc_coherent from function mp_init_hrm_pool at /home/ubuntu/cda/orginal/aws-neuronx-2.20.28.0/neuron_mempool.c:268
[  327.725508] DMA_STACK_START: Stack trace for dma_alloc_coherent called from mp_init_hrm_pool
[  327.725510] CPU: 0 PID: 1875 Comm: insmod Tainted: G           OE     5.19.0-1024-aws #25~22.04.1-Ubuntu
[  327.725513] Hardware name: Amazon EC2 inf1.xlarge/, BIOS 1.0 10/16/2017
[  327.725514] Call Trace:
[  327.725515]  <TASK>
[  327.725516]  show_stack+0x52/0x69
[  327.725519]  dump_stack_lvl+0x49/0x6d
[  327.725522]  dump_stack+0x10/0x18
[  327.725525]  mpset_constructor+0x268/0xa82 [neuron]
[  327.725548]  ? kmalloc_order+0x6b/0xa0
[  327.725551]  ? kmem_cache_alloc_trace+0x199/0x2f0
[  327.725554]  ? kmalloc_order_trace+0x1d/0xb0
[  327.725556]  neuron_pci_probe+0x3dd/0x610 [neuron]
[  327.725571]  local_pci_probe+0x4b/0x90
[  327.725574]  pci_call_probe+0x55/0x180
[  327.725577]  pci_device_probe+0x84/0x120
[  327.725580]  really_probe+0x1e4/0x3c0
[  327.725583]  __driver_probe_device+0x12a/0x1b0
[  327.725586]  driver_probe_device+0x23/0xd0
[  327.725588]  __driver_attach+0xc3/0x260
[  327.725591]  ? __device_attach_driver+0x160/0x160
[  327.725593]  bus_for_each_dev+0x83/0xe0
[  327.725596]  driver_attach+0x1e/0x30
[  327.725598]  bus_add_driver+0x187/0x230
[  327.725600]  driver_register+0x95/0x110
[  327.725603]  __pci_register_driver+0x68/0x80
[  327.725606]  neuron_pci_module_init+0x25/0x60 [neuron]
[  327.725619]  neuron_module_init+0xd6/0x1000 [neuron]
[  327.725637]  ? 0xffffffffc089f000
[  327.725639]  do_one_initcall+0x49/0x1f0
[  327.725642]  ? kmem_cache_alloc_trace+0x199/0x2f0
[  327.725646]  do_init_module+0x52/0x220
[  327.725649]  load_module+0xb56/0xd30
[  327.725653]  __do_sys_finit_module+0xcc/0x150
[  327.725656]  ? __do_sys_finit_module+0xcc/0x150
[  327.725660]  __x64_sys_finit_module+0x18/0x30
[  327.725663]  do_syscall_64+0x5c/0x90
[  327.725665]  ? exit_to_user_mode_prepare+0x3b/0xd0
[  327.725668]  ? syscall_exit_to_user_mode+0x2a/0x50
[  327.725671]  ? do_syscall_64+0x69/0x90
[  327.725673]  ? exit_to_user_mode_prepare+0x3b/0xd0
[  327.725675]  ? syscall_exit_to_user_mode+0x2a/0x50
[  327.725677]  ? do_syscall_64+0x69/0x90
[  327.725680]  entry_SYSCALL_64_after_hwframe+0x63/0xcd
[  327.725684] RIP: 0033:0x7fce3fd1e88d
[  327.725686] Code: 5b 41 5c c3 66 0f 1f 84 00 00 00 00 00 f3 0f 1e fa 48 89 f8 48 89 f7 48 89 d6 48 89 ca 4d 89 c2 4d 89 c8 4c 8b 4c 24 08 0f 05 <48> 3d 01 f0 ff ff 73 01 c3 48 8b 0d 73 b5 0f 00 f7 d8 64 89 01 48
[  327.725689] RSP: 002b:00007ffc8a2104b8 EFLAGS: 00000246 ORIG_RAX: 0000000000000139
[  327.725693] RAX: ffffffffffffffda RBX: 0000563e65e9b7b0 RCX: 00007fce3fd1e88d
[  327.725695] RDX: 0000000000000000 RSI: 0000563e6589ccd2 RDI: 0000000000000003
[  327.725697] RBP: 0000000000000000 R08: 0000000000000000 R09: 0000000000000000
[  327.725699] R10: 0000000000000003 R11: 0000000000000246 R12: 0000563e6589ccd2
[  327.725701] R13: 0000563e65e9b760 R14: 0000563e6589b888 R15: 0000563e65e9b8c0
[  327.725705]  </TASK>
[  327.725712] DMA_STACK_END: End of stack trace for dma_alloc_coherent
[  327.725782] DMA_INSTRUMENT: About to call dma_free_coherent from function mp_init_hrm_pool at /home/ubuntu/cda/orginal/aws-neuronx-2.20.28.0/neuron_mempool.c:279
[  327.725784] DMA_STACK_START: Stack trace for dma_free_coherent called from mp_init_hrm_pool
[  327.725786] CPU: 0 PID: 1875 Comm: insmod Tainted: G           OE     5.19.0-1024-aws #25~22.04.1-Ubuntu
[  327.725788] Hardware name: Amazon EC2 inf1.xlarge/, BIOS 1.0 10/16/2017
[  327.725790] Call Trace:
[  327.725791]  <TASK>
[  327.725792]  show_stack+0x52/0x69
[  327.725796]  dump_stack_lvl+0x49/0x6d
[  327.725799]  dump_stack+0x10/0x18
[  327.725802]  mpset_constructor+0x322/0xa82 [neuron]
[  327.725823]  ? kmalloc_order+0x6b/0xa0
[  327.725826]  ? kmem_cache_alloc_trace+0x199/0x2f0
[  327.725830]  ? kmalloc_order_trace+0x1d/0xb0
[  327.725832]  neuron_pci_probe+0x3dd/0x610 [neuron]
[  327.725848]  local_pci_probe+0x4b/0x90
[  327.725851]  pci_call_probe+0x55/0x180
[  327.725855]  pci_device_probe+0x84/0x120
[  327.725858]  really_probe+0x1e4/0x3c0
[  327.725861]  __driver_probe_device+0x12a/0x1b0
[  327.725863]  driver_probe_device+0x23/0xd0
[  327.725866]  __driver_attach+0xc3/0x260
[  327.725869]  ? __device_attach_driver+0x160/0x160
[  327.725871]  bus_for_each_dev+0x83/0xe0
[  327.725874]  driver_attach+0x1e/0x30
[  327.725876]  bus_add_driver+0x187/0x230
[  327.725879]  driver_register+0x95/0x110
[  327.725882]  __pci_register_driver+0x68/0x80
[  327.725886]  neuron_pci_module_init+0x25/0x60 [neuron]
[  327.725900]  neuron_module_init+0xd6/0x1000 [neuron]
[  327.725919]  ? 0xffffffffc089f000
[  327.725921]  do_one_initcall+0x49/0x1f0
[  327.725924]  ? kmem_cache_alloc_trace+0x199/0x2f0
[  327.725928]  do_init_module+0x52/0x220
[  327.725931]  load_module+0xb56/0xd30
[  327.725935]  __do_sys_finit_module+0xcc/0x150
[  327.725938]  ? __do_sys_finit_module+0xcc/0x150
[  327.725941]  __x64_sys_finit_module+0x18/0x30
[  327.725944]  do_syscall_64+0x5c/0x90
[  327.725946]  ? exit_to_user_mode_prepare+0x3b/0xd0
[  327.725949]  ? syscall_exit_to_user_mode+0x2a/0x50
[  327.725953]  ? do_syscall_64+0x69/0x90
[  327.725955]  ? exit_to_user_mode_prepare+0x3b/0xd0
[  327.725957]  ? syscall_exit_to_user_mode+0x2a/0x50
[  327.725960]  ? do_syscall_64+0x69/0x90
[  327.725963]  entry_SYSCALL_64_after_hwframe+0x63/0xcd
[  327.725966] RIP: 0033:0x7fce3fd1e88d
[  327.725968] Code: 5b 41 5c c3 66 0f 1f 84 00 00 00 00 00 f3 0f 1e fa 48 89 f8 48 89 f7 48 89 d6 48 89 ca 4d 89 c2 4d 89 c8 4c 8b 4c 24 08 0f 05 <48> 3d 01 f0 ff ff 73 01 c3 48 8b 0d 73 b5 0f 00 f7 d8 64 89 01 48
[  327.725971] RSP: 002b:00007ffc8a2104b8 EFLAGS: 00000246 ORIG_RAX: 0000000000000139
[  327.725974] RAX: ffffffffffffffda RBX: 0000563e65e9b7b0 RCX: 00007fce3fd1e88d
[  327.725976] RDX: 0000000000000000 RSI: 0000563e6589ccd2 RDI: 0000000000000003
[  327.725978] RBP: 0000000000000000 R08: 0000000000000000 R09: 0000000000000000
[  327.725980] R10: 0000000000000003 R11: 0000000000000246 R12: 0000563e6589ccd2
[  327.725982] R13: 0000563e65e9b760 R14: 0000563e6589b888 R15: 0000563e65e9b8c0
[  327.725985]  </TASK>
[  327.725986] DMA_STACK_END: End of stack trace for dma_free_coherent
[  327.725987] DMA_INSTRUMENT: About to call dma_alloc_coherent from function mp_init_hrm_pool at /home/ubuntu/cda/orginal/aws-neuronx-2.20.28.0/neuron_mempool.c:268
[  327.725989] DMA_STACK_START: Stack trace for dma_alloc_coherent called from mp_init_hrm_pool
[  327.725990] CPU: 0 PID: 1875 Comm: insmod Tainted: G           OE     5.19.0-1024-aws #25~22.04.1-Ubuntu
[  327.725993] Hardware name: Amazon EC2 inf1.xlarge/, BIOS 1.0 10/16/2017
[  327.725994] Call Trace:
[  327.725995]  <TASK>
[  327.725996]  show_stack+0x52/0x69
[  327.726000]  dump_stack_lvl+0x49/0x6d
[  327.726003]  dump_stack+0x10/0x18
[  327.726005]  mpset_constructor+0x268/0xa82 [neuron]
[  327.726026]  ? kmalloc_order+0x6b/0xa0
[  327.726029]  ? kmem_cache_alloc_trace+0x199/0x2f0
[  327.726031]  ? kmalloc_order_trace+0x1d/0xb0
[  327.726033]  neuron_pci_probe+0x3dd/0x610 [neuron]
[  327.726048]  local_pci_probe+0x4b/0x90
[  327.726052]  pci_call_probe+0x55/0x180
[  327.726055]  pci_device_probe+0x84/0x120
[  327.726059]  really_probe+0x1e4/0x3c0
[  327.726062]  __driver_probe_device+0x12a/0x1b0
[  327.726065]  driver_probe_device+0x23/0xd0
[  327.726067]  __driver_attach+0xc3/0x260
[  327.726070]  ? __device_attach_driver+0x160/0x160
[  327.726073]  bus_for_each_dev+0x83/0xe0
[  327.726075]  driver_attach+0x1e/0x30
[  327.726077]  bus_add_driver+0x187/0x230
[  327.726080]  driver_register+0x95/0x110
[  327.726083]  __pci_register_driver+0x68/0x80
[  327.726086]  neuron_pci_module_init+0x25/0x60 [neuron]
[  327.726100]  neuron_module_init+0xd6/0x1000 [neuron]
[  327.726119]  ? 0xffffffffc089f000
[  327.726121]  do_one_initcall+0x49/0x1f0
[  327.726125]  ? kmem_cache_alloc_trace+0x199/0x2f0
[  327.726128]  do_init_module+0x52/0x220
[  327.726131]  load_module+0xb56/0xd30
[  327.726135]  __do_sys_finit_module+0xcc/0x150
[  327.726137]  ? __do_sys_finit_module+0xcc/0x150
[  327.726141]  __x64_sys_finit_module+0x18/0x30
[  327.726144]  do_syscall_64+0x5c/0x90
[  327.726146]  ? exit_to_user_mode_prepare+0x3b/0xd0
[  327.726148]  ? syscall_exit_to_user_mode+0x2a/0x50
[  327.726151]  ? do_syscall_64+0x69/0x90
[  327.726154]  ? exit_to_user_mode_prepare+0x3b/0xd0
[  327.726156]  ? syscall_exit_to_user_mode+0x2a/0x50
[  327.726159]  ? do_syscall_64+0x69/0x90
[  327.726162]  entry_SYSCALL_64_after_hwframe+0x63/0xcd
[  327.726166] RIP: 0033:0x7fce3fd1e88d
[  327.726168] Code: 5b 41 5c c3 66 0f 1f 84 00 00 00 00 00 f3 0f 1e fa 48 89 f8 48 89 f7 48 89 d6 48 89 ca 4d 89 c2 4d 89 c8 4c 8b 4c 24 08 0f 05 <48> 3d 01 f0 ff ff 73 01 c3 48 8b 0d 73 b5 0f 00 f7 d8 64 89 01 48
[  327.726171] RSP: 002b:00007ffc8a2104b8 EFLAGS: 00000246 ORIG_RAX: 0000000000000139
[  327.726175] RAX: ffffffffffffffda RBX: 0000563e65e9b7b0 RCX: 00007fce3fd1e88d
[  327.726177] RDX: 0000000000000000 RSI: 0000563e6589ccd2 RDI: 0000000000000003
[  327.726179] RBP: 0000000000000000 R08: 0000000000000000 R09: 0000000000000000
[  327.726181] R10: 0000000000000003 R11: 0000000000000246 R12: 0000563e6589ccd2
[  327.726183] R13: 0000563e65e9b760 R14: 0000563e6589b888 R15: 0000563e65e9b8c0
[  327.726187]  </TASK>
[  327.726188] DMA_STACK_END: End of stack trace for dma_alloc_coherent
[  327.726253] DMA_INSTRUMENT: About to call dma_free_coherent from function mp_init_hrm_pool at /home/ubuntu/cda/orginal/aws-neuronx-2.20.28.0/neuron_mempool.c:279
[  327.726255] DMA_STACK_START: Stack trace for dma_free_coherent called from mp_init_hrm_pool
[  327.726256] CPU: 0 PID: 1875 Comm: insmod Tainted: G           OE     5.19.0-1024-aws #25~22.04.1-Ubuntu
[  327.726259] Hardware name: Amazon EC2 inf1.xlarge/, BIOS 1.0 10/16/2017
[  327.726260] Call Trace:
[  327.726262]  <TASK>
[  327.726263]  show_stack+0x52/0x69
[  327.726267]  dump_stack_lvl+0x49/0x6d
[  327.726269]  dump_stack+0x10/0x18
[  327.726272]  mpset_constructor+0x322/0xa82 [neuron]
[  327.726292]  ? kmalloc_order+0x6b/0xa0
[  327.726295]  ? kmem_cache_alloc_trace+0x199/0x2f0
[  327.726298]  ? kmalloc_order_trace+0x1d/0xb0
[  327.726301]  neuron_pci_probe+0x3dd/0x610 [neuron]
[  327.726328]  local_pci_probe+0x4b/0x90
[  327.726332]  pci_call_probe+0x55/0x180
[  327.726335]  pci_device_probe+0x84/0x120
[  327.726338]  really_probe+0x1e4/0x3c0
[  327.726340]  __driver_probe_device+0x12a/0x1b0
[  327.726343]  driver_probe_device+0x23/0xd0
[  327.726345]  __driver_attach+0xc3/0x260
[  327.726348]  ? __device_attach_driver+0x160/0x160
[  327.726350]  bus_for_each_dev+0x83/0xe0
[  327.726352]  driver_attach+0x1e/0x30
[  327.726355]  bus_add_driver+0x187/0x230
[  327.726357]  driver_register+0x95/0x110
[  327.726359]  __pci_register_driver+0x68/0x80
[  327.726362]  neuron_pci_module_init+0x25/0x60 [neuron]
[  327.726376]  neuron_module_init+0xd6/0x1000 [neuron]
[  327.726393]  ? 0xffffffffc089f000
[  327.726395]  do_one_initcall+0x49/0x1f0
[  327.726398]  ? kmem_cache_alloc_trace+0x199/0x2f0
[  327.726401]  do_init_module+0x52/0x220
[  327.726403]  load_module+0xb56/0xd30
[  327.726407]  __do_sys_finit_module+0xcc/0x150
[  327.726409]  ? __do_sys_finit_module+0xcc/0x150
[  327.726413]  __x64_sys_finit_module+0x18/0x30
[  327.726415]  do_syscall_64+0x5c/0x90
[  327.726418]  ? exit_to_user_mode_prepare+0x3b/0xd0
[  327.726420]  ? syscall_exit_to_user_mode+0x2a/0x50
[  327.726423]  ? do_syscall_64+0x69/0x90
[  327.726425]  ? exit_to_user_mode_prepare+0x3b/0xd0
[  327.726427]  ? syscall_exit_to_user_mode+0x2a/0x50
[  327.726430]  ? do_syscall_64+0x69/0x90
[  327.726433]  entry_SYSCALL_64_after_hwframe+0x63/0xcd
[  327.726436] RIP: 0033:0x7fce3fd1e88d
[  327.726438] Code: 5b 41 5c c3 66 0f 1f 84 00 00 00 00 00 f3 0f 1e fa 48 89 f8 48 89 f7 48 89 d6 48 89 ca 4d 89 c2 4d 89 c8 4c 8b 4c 24 08 0f 05 <48> 3d 01 f0 ff ff 73 01 c3 48 8b 0d 73 b5 0f 00 f7 d8 64 89 01 48
[  327.726441] RSP: 002b:00007ffc8a2104b8 EFLAGS: 00000246 ORIG_RAX: 0000000000000139
[  327.726443] RAX: ffffffffffffffda RBX: 0000563e65e9b7b0 RCX: 00007fce3fd1e88d
[  327.726445] RDX: 0000000000000000 RSI: 0000563e6589ccd2 RDI: 0000000000000003
[  327.726446] RBP: 0000000000000000 R08: 0000000000000000 R09: 0000000000000000
[  327.726448] R10: 0000000000000003 R11: 0000000000000246 R12: 0000563e6589ccd2
[  327.726450] R13: 0000563e65e9b760 R14: 0000563e6589b888 R15: 0000563e65e9b8c0
[  327.726453]  </TASK>
[  327.726454] DMA_STACK_END: End of stack trace for dma_free_coherent
[  327.726455] DMA_INSTRUMENT: About to call dma_alloc_coherent from function mp_init_hrm_pool at /home/ubuntu/cda/orginal/aws-neuronx-2.20.28.0/neuron_mempool.c:268
[  327.726457] DMA_STACK_START: Stack trace for dma_alloc_coherent called from mp_init_hrm_pool
[  327.726459] CPU: 0 PID: 1875 Comm: insmod Tainted: G           OE     5.19.0-1024-aws #25~22.04.1-Ubuntu
[  327.726462] Hardware name: Amazon EC2 inf1.xlarge/, BIOS 1.0 10/16/2017
[  327.726463] Call Trace:
[  327.726465]  <TASK>
[  327.726466]  show_stack+0x52/0x69
[  327.726469]  dump_stack_lvl+0x49/0x6d
[  327.726472]  dump_stack+0x10/0x18
[  327.726475]  mpset_constructor+0x268/0xa82 [neuron]
[  327.726493]  ? kmalloc_order+0x6b/0xa0
[  327.726497]  ? kmem_cache_alloc_trace+0x199/0x2f0
[  327.726500]  ? kmalloc_order_trace+0x1d/0xb0
[  327.726502]  neuron_pci_probe+0x3dd/0x610 [neuron]
[  327.726517]  local_pci_probe+0x4b/0x90
[  327.726520]  pci_call_probe+0x55/0x180
[  327.726523]  pci_device_probe+0x84/0x120
[  327.726531]  really_probe+0x1e4/0x3c0
[  327.726533]  __driver_probe_device+0x12a/0x1b0
[  327.726536]  driver_probe_device+0x23/0xd0
[  327.726539]  __driver_attach+0xc3/0x260
[  327.726541]  ? __device_attach_driver+0x160/0x160
[  327.726544]  bus_for_each_dev+0x83/0xe0
[  327.726546]  driver_attach+0x1e/0x30
[  327.726549]  bus_add_driver+0x187/0x230
[  327.726551]  driver_register+0x95/0x110
[  327.726554]  __pci_register_driver+0x68/0x80
[  327.726557]  neuron_pci_module_init+0x25/0x60 [neuron]
[  327.726570]  neuron_module_init+0xd6/0x1000 [neuron]
[  327.726588]  ? 0xffffffffc089f000
[  327.726591]  do_one_initcall+0x49/0x1f0
[  327.726594]  ? kmem_cache_alloc_trace+0x199/0x2f0
[  327.726597]  do_init_module+0x52/0x220
[  327.726600]  load_module+0xb56/0xd30
[  327.726604]  __do_sys_finit_module+0xcc/0x150
[  327.726606]  ? __do_sys_finit_module+0xcc/0x150
[  327.726610]  __x64_sys_finit_module+0x18/0x30
[  327.726613]  do_syscall_64+0x5c/0x90
[  327.726615]  ? exit_to_user_mode_prepare+0x3b/0xd0
[  327.726617]  ? syscall_exit_to_user_mode+0x2a/0x50
[  327.726619]  ? do_syscall_64+0x69/0x90
[  327.726621]  ? exit_to_user_mode_prepare+0x3b/0xd0
[  327.726623]  ? syscall_exit_to_user_mode+0x2a/0x50
[  327.726626]  ? do_syscall_64+0x69/0x90
[  327.726628]  entry_SYSCALL_64_after_hwframe+0x63/0xcd
[  327.726632] RIP: 0033:0x7fce3fd1e88d
[  327.726634] Code: 5b 41 5c c3 66 0f 1f 84 00 00 00 00 00 f3 0f 1e fa 48 89 f8 48 89 f7 48 89 d6 48 89 ca 4d 89 c2 4d 89 c8 4c 8b 4c 24 08 0f 05 <48> 3d 01 f0 ff ff 73 01 c3 48 8b 0d 73 b5 0f 00 f7 d8 64 89 01 48
[  327.726636] RSP: 002b:00007ffc8a2104b8 EFLAGS: 00000246 ORIG_RAX: 0000000000000139
[  327.726639] RAX: ffffffffffffffda RBX: 0000563e65e9b7b0 RCX: 00007fce3fd1e88d
[  327.726641] RDX: 0000000000000000 RSI: 0000563e6589ccd2 RDI: 0000000000000003
[  327.726642] RBP: 0000000000000000 R08: 0000000000000000 R09: 0000000000000000
[  327.726644] R10: 0000000000000003 R11: 0000000000000246 R12: 0000563e6589ccd2
[  327.726646] R13: 0000563e65e9b760 R14: 0000563e6589b888 R15: 0000563e65e9b8c0
[  327.726649]  </TASK>
[  327.726667] DMA_STACK_END: End of stack trace for dma_alloc_coherent
[  327.726734] DMA_INSTRUMENT: About to call dma_free_coherent from function mp_init_hrm_pool at /home/ubuntu/cda/orginal/aws-neuronx-2.20.28.0/neuron_mempool.c:279
[  327.726736] DMA_STACK_START: Stack trace for dma_free_coherent called from mp_init_hrm_pool
[  327.726738] CPU: 0 PID: 1875 Comm: insmod Tainted: G           OE     5.19.0-1024-aws #25~22.04.1-Ubuntu
[  327.726740] Hardware name: Amazon EC2 inf1.xlarge/, BIOS 1.0 10/16/2017
[  327.726742] Call Trace:
[  327.726743]  <TASK>
[  327.726745]  show_stack+0x52/0x69
[  327.726748]  dump_stack_lvl+0x49/0x6d
[  327.726751]  dump_stack+0x10/0x18
[  327.726754]  mpset_constructor+0x322/0xa82 [neuron]
[  327.726774]  ? kmalloc_order+0x6b/0xa0
[  327.726777]  ? kmem_cache_alloc_trace+0x199/0x2f0
[  327.726780]  ? kmalloc_order_trace+0x1d/0xb0
[  327.726783]  neuron_pci_probe+0x3dd/0x610 [neuron]
[  327.726799]  local_pci_probe+0x4b/0x90
[  327.726802]  pci_call_probe+0x55/0x180
[  327.726806]  pci_device_probe+0x84/0x120
[  327.726809]  really_probe+0x1e4/0x3c0
[  327.726812]  __driver_probe_device+0x12a/0x1b0
[  327.726815]  driver_probe_device+0x23/0xd0
[  327.726817]  __driver_attach+0xc3/0x260
[  327.726820]  ? __device_attach_driver+0x160/0x160
[  327.726823]  bus_for_each_dev+0x83/0xe0
[  327.726825]  driver_attach+0x1e/0x30
[  327.726828]  bus_add_driver+0x187/0x230
[  327.726830]  driver_register+0x95/0x110
[  327.726833]  __pci_register_driver+0x68/0x80
[  327.726836]  neuron_pci_module_init+0x25/0x60 [neuron]
[  327.726850]  neuron_module_init+0xd6/0x1000 [neuron]
[  327.726867]  ? 0xffffffffc089f000
[  327.726869]  do_one_initcall+0x49/0x1f0
[  327.726873]  ? kmem_cache_alloc_trace+0x199/0x2f0
[  327.726876]  do_init_module+0x52/0x220
[  327.726879]  load_module+0xb56/0xd30
[  327.726882]  __do_sys_finit_module+0xcc/0x150
[  327.726884]  ? __do_sys_finit_module+0xcc/0x150
[  327.726888]  __x64_sys_finit_module+0x18/0x30
[  327.726890]  do_syscall_64+0x5c/0x90
[  327.726892]  ? exit_to_user_mode_prepare+0x3b/0xd0
[  327.726894]  ? syscall_exit_to_user_mode+0x2a/0x50
[  327.726897]  ? do_syscall_64+0x69/0x90
[  327.726899]  ? exit_to_user_mode_prepare+0x3b/0xd0
[  327.726901]  ? syscall_exit_to_user_mode+0x2a/0x50
[  327.726904]  ? do_syscall_64+0x69/0x90
[  327.726906]  entry_SYSCALL_64_after_hwframe+0x63/0xcd
[  327.726910] RIP: 0033:0x7fce3fd1e88d
[  327.726912] Code: 5b 41 5c c3 66 0f 1f 84 00 00 00 00 00 f3 0f 1e fa 48 89 f8 48 89 f7 48 89 d6 48 89 ca 4d 89 c2 4d 89 c8 4c 8b 4c 24 08 0f 05 <48> 3d 01 f0 ff ff 73 01 c3 48 8b 0d 73 b5 0f 00 f7 d8 64 89 01 48
[  327.726914] RSP: 002b:00007ffc8a2104b8 EFLAGS: 00000246 ORIG_RAX: 0000000000000139
[  327.726917] RAX: ffffffffffffffda RBX: 0000563e65e9b7b0 RCX: 00007fce3fd1e88d
[  327.726919] RDX: 0000000000000000 RSI: 0000563e6589ccd2 RDI: 0000000000000003
[  327.726921] RBP: 0000000000000000 R08: 0000000000000000 R09: 0000000000000000
[  327.726923] R10: 0000000000000003 R11: 0000000000000246 R12: 0000563e6589ccd2
[  327.726925] R13: 0000563e65e9b760 R14: 0000563e6589b888 R15: 0000563e65e9b8c0
[  327.726928]  </TASK>
[  327.726929] DMA_STACK_END: End of stack trace for dma_free_coherent
[  327.726931] DMA_INSTRUMENT: About to call dma_alloc_coherent from function mp_init_hrm_pool at /home/ubuntu/cda/orginal/aws-neuronx-2.20.28.0/neuron_mempool.c:268
[  327.726933] DMA_STACK_START: Stack trace for dma_alloc_coherent called from mp_init_hrm_pool
[  327.726934] CPU: 0 PID: 1875 Comm: insmod Tainted: G           OE     5.19.0-1024-aws #25~22.04.1-Ubuntu
[  327.726937] Hardware name: Amazon EC2 inf1.xlarge/, BIOS 1.0 10/16/2017
[  327.726938] Call Trace:
[  327.726940]  <TASK>
[  327.726941]  show_stack+0x52/0x69
[  327.726944]  dump_stack_lvl+0x49/0x6d
[  327.726947]  dump_stack+0x10/0x18
[  327.726950]  mpset_constructor+0x268/0xa82 [neuron]
[  327.726968]  ? kmalloc_order+0x6b/0xa0
[  327.726972]  ? kmem_cache_alloc_trace+0x199/0x2f0
[  327.726975]  ? kmalloc_order_trace+0x1d/0xb0
[  327.726977]  neuron_pci_probe+0x3dd/0x610 [neuron]
[  327.726992]  local_pci_probe+0x4b/0x90
[  327.726996]  pci_call_probe+0x55/0x180
[  327.726999]  pci_device_probe+0x84/0x120
[  327.727002]  really_probe+0x1e4/0x3c0
[  327.727005]  __driver_probe_device+0x12a/0x1b0
[  327.727008]  driver_probe_device+0x23/0xd0
[  327.727010]  __driver_attach+0xc3/0x260
[  327.727013]  ? __device_attach_driver+0x160/0x160
[  327.727016]  bus_for_each_dev+0x83/0xe0
[  327.727018]  driver_attach+0x1e/0x30
[  327.727021]  bus_add_driver+0x187/0x230
[  327.727023]  driver_register+0x95/0x110
[  327.727026]  __pci_register_driver+0x68/0x80
[  327.727029]  neuron_pci_module_init+0x25/0x60 [neuron]
[  327.727043]  neuron_module_init+0xd6/0x1000 [neuron]
[  327.727061]  ? 0xffffffffc089f000
[  327.727064]  do_one_initcall+0x49/0x1f0
[  327.727067]  ? kmem_cache_alloc_trace+0x199/0x2f0
[  327.727071]  do_init_module+0x52/0x220
[  327.727074]  load_module+0xb56/0xd30
[  327.727078]  __do_sys_finit_module+0xcc/0x150
[  327.727080]  ? __do_sys_finit_module+0xcc/0x150
[  327.727084]  __x64_sys_finit_module+0x18/0x30
[  327.727086]  do_syscall_64+0x5c/0x90
[  327.727088]  ? exit_to_user_mode_prepare+0x3b/0xd0
[  327.727091]  ? syscall_exit_to_user_mode+0x2a/0x50
[  327.727093]  ? do_syscall_64+0x69/0x90
[  327.727095]  ? exit_to_user_mode_prepare+0x3b/0xd0
[  327.727098]  ? syscall_exit_to_user_mode+0x2a/0x50
[  327.727100]  ? do_syscall_64+0x69/0x90
[  327.727102]  entry_SYSCALL_64_after_hwframe+0x63/0xcd
[  327.727106] RIP: 0033:0x7fce3fd1e88d
[  327.727108] Code: 5b 41 5c c3 66 0f 1f 84 00 00 00 00 00 f3 0f 1e fa 48 89 f8 48 89 f7 48 89 d6 48 89 ca 4d 89 c2 4d 89 c8 4c 8b 4c 24 08 0f 05 <48> 3d 01 f0 ff ff 73 01 c3 48 8b 0d 73 b5 0f 00 f7 d8 64 89 01 48
[  327.727110] RSP: 002b:00007ffc8a2104b8 EFLAGS: 00000246 ORIG_RAX: 0000000000000139
[  327.727113] RAX: ffffffffffffffda RBX: 0000563e65e9b7b0 RCX: 00007fce3fd1e88d
[  327.727115] RDX: 0000000000000000 RSI: 0000563e6589ccd2 RDI: 0000000000000003
[  327.727117] RBP: 0000000000000000 R08: 0000000000000000 R09: 0000000000000000
[  327.727118] R10: 0000000000000003 R11: 0000000000000246 R12: 0000563e6589ccd2
[  327.727120] R13: 0000563e65e9b760 R14: 0000563e6589b888 R15: 0000563e65e9b8c0
[  327.727123]  </TASK>
[  327.727124] DMA_STACK_END: End of stack trace for dma_alloc_coherent
[  327.727193] DMA_INSTRUMENT: About to call dma_free_coherent from function mp_init_hrm_pool at /home/ubuntu/cda/orginal/aws-neuronx-2.20.28.0/neuron_mempool.c:279
[  327.727195] DMA_STACK_START: Stack trace for dma_free_coherent called from mp_init_hrm_pool
[  327.727196] CPU: 0 PID: 1875 Comm: insmod Tainted: G           OE     5.19.0-1024-aws #25~22.04.1-Ubuntu
[  327.727199] Hardware name: Amazon EC2 inf1.xlarge/, BIOS 1.0 10/16/2017
[  327.727201] Call Trace:
[  327.727202]  <TASK>
[  327.727203]  show_stack+0x52/0x69
[  327.727206]  dump_stack_lvl+0x49/0x6d
[  327.727210]  dump_stack+0x10/0x18
[  327.727213]  mpset_constructor+0x322/0xa82 [neuron]
[  327.727233]  ? kmalloc_order+0x6b/0xa0
[  327.727236]  ? kmem_cache_alloc_trace+0x199/0x2f0
[  327.727239]  ? kmalloc_order_trace+0x1d/0xb0
[  327.727242]  neuron_pci_probe+0x3dd/0x610 [neuron]
[  327.727258]  local_pci_probe+0x4b/0x90
[  327.727261]  pci_call_probe+0x55/0x180
[  327.727265]  pci_device_probe+0x84/0x120
[  327.727269]  really_probe+0x1e4/0x3c0
[  327.727272]  __driver_probe_device+0x12a/0x1b0
[  327.727275]  driver_probe_device+0x23/0xd0
[  327.727278]  __driver_attach+0xc3/0x260
[  327.727281]  ? __device_attach_driver+0x160/0x160
[  327.727284]  bus_for_each_dev+0x83/0xe0
[  327.727287]  driver_attach+0x1e/0x30
[  327.727289]  bus_add_driver+0x187/0x230
[  327.727292]  driver_register+0x95/0x110
[  327.727295]  __pci_register_driver+0x68/0x80
[  327.727298]  neuron_pci_module_init+0x25/0x60 [neuron]
[  327.727312]  neuron_module_init+0xd6/0x1000 [neuron]
[  327.727331]  ? 0xffffffffc089f000
[  327.727333]  do_one_initcall+0x49/0x1f0
[  327.727336]  ? kmem_cache_alloc_trace+0x199/0x2f0
[  327.727341]  do_init_module+0x52/0x220
[  327.727343]  load_module+0xb56/0xd30
[  327.727347]  __do_sys_finit_module+0xcc/0x150
[  327.727350]  ? __do_sys_finit_module+0xcc/0x150
[  327.727354]  __x64_sys_finit_module+0x18/0x30
[  327.727357]  do_syscall_64+0x5c/0x90
[  327.727359]  ? exit_to_user_mode_prepare+0x3b/0xd0
[  327.727362]  ? syscall_exit_to_user_mode+0x2a/0x50
[  327.727365]  ? do_syscall_64+0x69/0x90
[  327.727368]  ? exit_to_user_mode_prepare+0x3b/0xd0
[  327.727370]  ? syscall_exit_to_user_mode+0x2a/0x50
[  327.727373]  ? do_syscall_64+0x69/0x90
[  327.727375]  entry_SYSCALL_64_after_hwframe+0x63/0xcd
[  327.727379] RIP: 0033:0x7fce3fd1e88d
[  327.727381] Code: 5b 41 5c c3 66 0f 1f 84 00 00 00 00 00 f3 0f 1e fa 48 89 f8 48 89 f7 48 89 d6 48 89 ca 4d 89 c2 4d 89 c8 4c 8b 4c 24 08 0f 05 <48> 3d 01 f0 ff ff 73 01 c3 48 8b 0d 73 b5 0f 00 f7 d8 64 89 01 48
[  327.727383] RSP: 002b:00007ffc8a2104b8 EFLAGS: 00000246 ORIG_RAX: 0000000000000139
[  327.727387] RAX: ffffffffffffffda RBX: 0000563e65e9b7b0 RCX: 00007fce3fd1e88d
[  327.727389] RDX: 0000000000000000 RSI: 0000563e6589ccd2 RDI: 0000000000000003
[  327.727391] RBP: 0000000000000000 R08: 0000000000000000 R09: 0000000000000000
[  327.727393] R10: 0000000000000003 R11: 0000000000000246 R12: 0000563e6589ccd2
[  327.727395] R13: 0000563e65e9b760 R14: 0000563e6589b888 R15: 0000563e65e9b8c0
[  327.727399]  </TASK>
[  327.727400] DMA_STACK_END: End of stack trace for dma_free_coherent
[  327.727401] DMA_INSTRUMENT: About to call dma_alloc_coherent from function mp_init_hrm_pool at /home/ubuntu/cda/orginal/aws-neuronx-2.20.28.0/neuron_mempool.c:268
[  327.727404] DMA_STACK_START: Stack trace for dma_alloc_coherent called from mp_init_hrm_pool
[  327.727405] CPU: 0 PID: 1875 Comm: insmod Tainted: G           OE     5.19.0-1024-aws #25~22.04.1-Ubuntu
[  327.727409] Hardware name: Amazon EC2 inf1.xlarge/, BIOS 1.0 10/16/2017
[  327.727411] Call Trace:
[  327.727412]  <TASK>
[  327.727414]  show_stack+0x52/0x69
[  327.727417]  dump_stack_lvl+0x49/0x6d
[  327.727420]  dump_stack+0x10/0x18
[  327.727423]  mpset_constructor+0x268/0xa82 [neuron]
[  327.727442]  ? kmalloc_order+0x6b/0xa0
[  327.727446]  ? kmem_cache_alloc_trace+0x199/0x2f0
[  327.727449]  ? kmalloc_order_trace+0x1d/0xb0
[  327.727451]  neuron_pci_probe+0x3dd/0x610 [neuron]
[  327.727467]  local_pci_probe+0x4b/0x90
[  327.727471]  pci_call_probe+0x55/0x180
[  327.727475]  pci_device_probe+0x84/0x120
[  327.727478]  really_probe+0x1e4/0x3c0
[  327.727482]  __driver_probe_device+0x12a/0x1b0
[  327.727485]  driver_probe_device+0x23/0xd0
[  327.727487]  __driver_attach+0xc3/0x260
[  327.727490]  ? __device_attach_driver+0x160/0x160
[  327.727492]  bus_for_each_dev+0x83/0xe0
[  327.727495]  driver_attach+0x1e/0x30
[  327.727497]  bus_add_driver+0x187/0x230
[  327.727500]  driver_register+0x95/0x110
[  327.727503]  __pci_register_driver+0x68/0x80
[  327.727506]  neuron_pci_module_init+0x25/0x60 [neuron]
[  327.727520]  neuron_module_init+0xd6/0x1000 [neuron]
[  327.727539]  ? 0xffffffffc089f000
[  327.727541]  do_one_initcall+0x49/0x1f0
[  327.727544]  ? kmem_cache_alloc_trace+0x199/0x2f0
[  327.727548]  do_init_module+0x52/0x220
[  327.727551]  load_module+0xb56/0xd30
[  327.727555]  __do_sys_finit_module+0xcc/0x150
[  327.727558]  ? __do_sys_finit_module+0xcc/0x150
[  327.727563]  __x64_sys_finit_module+0x18/0x30
[  327.727566]  do_syscall_64+0x5c/0x90
[  327.727568]  ? exit_to_user_mode_prepare+0x3b/0xd0
[  327.727571]  ? syscall_exit_to_user_mode+0x2a/0x50
[  327.727574]  ? do_syscall_64+0x69/0x90
[  327.727576]  ? exit_to_user_mode_prepare+0x3b/0xd0
[  327.727579]  ? syscall_exit_to_user_mode+0x2a/0x50
[  327.727582]  ? do_syscall_64+0x69/0x90
[  327.727584]  entry_SYSCALL_64_after_hwframe+0x63/0xcd
[  327.727588] RIP: 0033:0x7fce3fd1e88d
[  327.727590] Code: 5b 41 5c c3 66 0f 1f 84 00 00 00 00 00 f3 0f 1e fa 48 89 f8 48 89 f7 48 89 d6 48 89 ca 4d 89 c2 4d 89 c8 4c 8b 4c 24 08 0f 05 <48> 3d 01 f0 ff ff 73 01 c3 48 8b 0d 73 b5 0f 00 f7 d8 64 89 01 48
[  327.727593] RSP: 002b:00007ffc8a2104b8 EFLAGS: 00000246 ORIG_RAX: 0000000000000139
[  327.727595] RAX: ffffffffffffffda RBX: 0000563e65e9b7b0 RCX: 00007fce3fd1e88d
[  327.727598] RDX: 0000000000000000 RSI: 0000563e6589ccd2 RDI: 0000000000000003
[  327.727600] RBP: 0000000000000000 R08: 0000000000000000 R09: 0000000000000000
[  327.727602] R10: 0000000000000003 R11: 0000000000000246 R12: 0000563e6589ccd2
[  327.727603] R13: 0000563e65e9b760 R14: 0000563e6589b888 R15: 0000563e65e9b8c0
[  327.727607]  </TASK>
[  327.727608] DMA_STACK_END: End of stack trace for dma_alloc_coherent
[  327.727672] DMA_INSTRUMENT: About to call dma_free_coherent from function mp_init_hrm_pool at /home/ubuntu/cda/orginal/aws-neuronx-2.20.28.0/neuron_mempool.c:279
[  327.727675] DMA_STACK_START: Stack trace for dma_free_coherent called from mp_init_hrm_pool
[  327.727676] CPU: 0 PID: 1875 Comm: insmod Tainted: G           OE     5.19.0-1024-aws #25~22.04.1-Ubuntu
[  327.727679] Hardware name: Amazon EC2 inf1.xlarge/, BIOS 1.0 10/16/2017
[  327.727680] Call Trace:
[  327.727681]  <TASK>
[  327.727682]  show_stack+0x52/0x69
[  327.727686]  dump_stack_lvl+0x49/0x6d
[  327.727689]  dump_stack+0x10/0x18
[  327.727692]  mpset_constructor+0x322/0xa82 [neuron]
[  327.727712]  ? kmalloc_order+0x6b/0xa0
[  327.727716]  ? kmem_cache_alloc_trace+0x199/0x2f0
[  327.727719]  ? kmalloc_order_trace+0x1d/0xb0
[  327.727722]  neuron_pci_probe+0x3dd/0x610 [neuron]
[  327.727737]  local_pci_probe+0x4b/0x90
[  327.727741]  pci_call_probe+0x55/0x180
[  327.727745]  pci_device_probe+0x84/0x120
[  327.727748]  really_probe+0x1e4/0x3c0
[  327.727751]  __driver_probe_device+0x12a/0x1b0
[  327.727754]  driver_probe_device+0x23/0xd0
[  327.727757]  __driver_attach+0xc3/0x260
[  327.727760]  ? __device_attach_driver+0x160/0x160
[  327.727763]  bus_for_each_dev+0x83/0xe0
[  327.727766]  driver_attach+0x1e/0x30
[  327.727769]  bus_add_driver+0x187/0x230
[  327.727772]  driver_register+0x95/0x110
[  327.727775]  __pci_register_driver+0x68/0x80
[  327.727779]  neuron_pci_module_init+0x25/0x60 [neuron]
[  327.727793]  neuron_module_init+0xd6/0x1000 [neuron]
[  327.727811]  ? 0xffffffffc089f000
[  327.727813]  do_one_initcall+0x49/0x1f0
[  327.727817]  ? kmem_cache_alloc_trace+0x199/0x2f0
[  327.727820]  do_init_module+0x52/0x220
[  327.727824]  load_module+0xb56/0xd30
[  327.727827]  __do_sys_finit_module+0xcc/0x150
[  327.727830]  ? __do_sys_finit_module+0xcc/0x150
[  327.727834]  __x64_sys_finit_module+0x18/0x30
[  327.727837]  do_syscall_64+0x5c/0x90
[  327.727839]  ? exit_to_user_mode_prepare+0x3b/0xd0
[  327.727841]  ? syscall_exit_to_user_mode+0x2a/0x50
[  327.727844]  ? do_syscall_64+0x69/0x90
[  327.727847]  ? exit_to_user_mode_prepare+0x3b/0xd0
[  327.727849]  ? syscall_exit_to_user_mode+0x2a/0x50
[  327.727852]  ? do_syscall_64+0x69/0x90
[  327.727854]  entry_SYSCALL_64_after_hwframe+0x63/0xcd
[  327.727858] RIP: 0033:0x7fce3fd1e88d
[  327.727860] Code: 5b 41 5c c3 66 0f 1f 84 00 00 00 00 00 f3 0f 1e fa 48 89 f8 48 89 f7 48 89 d6 48 89 ca 4d 89 c2 4d 89 c8 4c 8b 4c 24 08 0f 05 <48> 3d 01 f0 ff ff 73 01 c3 48 8b 0d 73 b5 0f 00 f7 d8 64 89 01 48
[  327.727862] RSP: 002b:00007ffc8a2104b8 EFLAGS: 00000246 ORIG_RAX: 0000000000000139
[  327.727865] RAX: ffffffffffffffda RBX: 0000563e65e9b7b0 RCX: 00007fce3fd1e88d
[  327.727867] RDX: 0000000000000000 RSI: 0000563e6589ccd2 RDI: 0000000000000003
[  327.727868] RBP: 0000000000000000 R08: 0000000000000000 R09: 0000000000000000
[  327.727870] R10: 0000000000000003 R11: 0000000000000246 R12: 0000563e6589ccd2
[  327.727872] R13: 0000563e65e9b760 R14: 0000563e6589b888 R15: 0000563e65e9b8c0
[  327.727875]  </TASK>
[  327.727876] DMA_STACK_END: End of stack trace for dma_free_coherent
[  327.727877] DMA_INSTRUMENT: About to call dma_alloc_coherent from function mp_init_hrm_pool at /home/ubuntu/cda/orginal/aws-neuronx-2.20.28.0/neuron_mempool.c:268
[  327.727879] DMA_STACK_START: Stack trace for dma_alloc_coherent called from mp_init_hrm_pool
[  327.727880] CPU: 0 PID: 1875 Comm: insmod Tainted: G           OE     5.19.0-1024-aws #25~22.04.1-Ubuntu
[  327.727883] Hardware name: Amazon EC2 inf1.xlarge/, BIOS 1.0 10/16/2017
[  327.727885] Call Trace:
[  327.727886]  <TASK>
[  327.727887]  show_stack+0x52/0x69
[  327.727891]  dump_stack_lvl+0x49/0x6d
[  327.727893]  dump_stack+0x10/0x18
[  327.727896]  mpset_constructor+0x268/0xa82 [neuron]
[  327.727915]  ? kmalloc_order+0x6b/0xa0
[  327.727918]  ? kmem_cache_alloc_trace+0x199/0x2f0
[  327.727922]  ? kmalloc_order_trace+0x1d/0xb0
[  327.727924]  neuron_pci_probe+0x3dd/0x610 [neuron]
[  327.727940]  local_pci_probe+0x4b/0x90
[  327.727944]  pci_call_probe+0x55/0x180
[  327.727947]  pci_device_probe+0x84/0x120
[  327.727950]  really_probe+0x1e4/0x3c0
[  327.727953]  __driver_probe_device+0x12a/0x1b0
[  327.727956]  driver_probe_device+0x23/0xd0
[  327.727958]  __driver_attach+0xc3/0x260
[  327.727961]  ? __device_attach_driver+0x160/0x160
[  327.727963]  bus_for_each_dev+0x83/0xe0
[  327.727965]  driver_attach+0x1e/0x30
[  327.727967]  bus_add_driver+0x187/0x230
[  327.727970]  driver_register+0x95/0x110
[  327.727972]  __pci_register_driver+0x68/0x80
[  327.727975]  neuron_pci_module_init+0x25/0x60 [neuron]
[  327.727988]  neuron_module_init+0xd6/0x1000 [neuron]
[  327.728005]  ? 0xffffffffc089f000
[  327.728007]  do_one_initcall+0x49/0x1f0
[  327.728010]  ? kmem_cache_alloc_trace+0x199/0x2f0
[  327.728014]  do_init_module+0x52/0x220
[  327.728017]  load_module+0xb56/0xd30
[  327.728021]  __do_sys_finit_module+0xcc/0x150
[  327.728023]  ? __do_sys_finit_module+0xcc/0x150
[  327.728027]  __x64_sys_finit_module+0x18/0x30
[  327.728029]  do_syscall_64+0x5c/0x90
[  327.728031]  ? exit_to_user_mode_prepare+0x3b/0xd0
[  327.728034]  ? syscall_exit_to_user_mode+0x2a/0x50
[  327.728037]  ? do_syscall_64+0x69/0x90
[  327.728039]  ? exit_to_user_mode_prepare+0x3b/0xd0
[  327.728041]  ? syscall_exit_to_user_mode+0x2a/0x50
[  327.728044]  ? do_syscall_64+0x69/0x90
[  327.728046]  entry_SYSCALL_64_after_hwframe+0x63/0xcd
[  327.728049] RIP: 0033:0x7fce3fd1e88d
[  327.728051] Code: 5b 41 5c c3 66 0f 1f 84 00 00 00 00 00 f3 0f 1e fa 48 89 f8 48 89 f7 48 89 d6 48 89 ca 4d 89 c2 4d 89 c8 4c 8b 4c 24 08 0f 05 <48> 3d 01 f0 ff ff 73 01 c3 48 8b 0d 73 b5 0f 00 f7 d8 64 89 01 48
[  327.728053] RSP: 002b:00007ffc8a2104b8 EFLAGS: 00000246 ORIG_RAX: 0000000000000139
[  327.728056] RAX: ffffffffffffffda RBX: 0000563e65e9b7b0 RCX: 00007fce3fd1e88d
[  327.728058] RDX: 0000000000000000 RSI: 0000563e6589ccd2 RDI: 0000000000000003
[  327.728060] RBP: 0000000000000000 R08: 0000000000000000 R09: 0000000000000000
[  327.728061] R10: 0000000000000003 R11: 0000000000000246 R12: 0000563e6589ccd2
[  327.728063] R13: 0000563e65e9b760 R14: 0000563e6589b888 R15: 0000563e65e9b8c0
[  327.728066]  </TASK>
[  327.728066] DMA_STACK_END: End of stack trace for dma_alloc_coherent
[  327.728134] DMA_INSTRUMENT: About to call dma_free_coherent from function mp_init_hrm_pool at /home/ubuntu/cda/orginal/aws-neuronx-2.20.28.0/neuron_mempool.c:279
[  327.728136] DMA_STACK_START: Stack trace for dma_free_coherent called from mp_init_hrm_pool
[  327.728137] CPU: 0 PID: 1875 Comm: insmod Tainted: G           OE     5.19.0-1024-aws #25~22.04.1-Ubuntu
[  327.728140] Hardware name: Amazon EC2 inf1.xlarge/, BIOS 1.0 10/16/2017
[  327.728141] Call Trace:
[  327.728142]  <TASK>
[  327.728143]  show_stack+0x52/0x69
[  327.728146]  dump_stack_lvl+0x49/0x6d
[  327.728150]  dump_stack+0x10/0x18
[  327.728152]  mpset_constructor+0x322/0xa82 [neuron]
[  327.728172]  ? kmalloc_order+0x6b/0xa0
[  327.728176]  ? kmem_cache_alloc_trace+0x199/0x2f0
[  327.728179]  ? kmalloc_order_trace+0x1d/0xb0
[  327.728181]  neuron_pci_probe+0x3dd/0x610 [neuron]
[  327.728197]  local_pci_probe+0x4b/0x90
[  327.728200]  pci_call_probe+0x55/0x180
[  327.728203]  pci_device_probe+0x84/0x120
[  327.728207]  really_probe+0x1e4/0x3c0
[  327.728209]  __driver_probe_device+0x12a/0x1b0
[  327.728211]  driver_probe_device+0x23/0xd0
[  327.728214]  __driver_attach+0xc3/0x260
[  327.728216]  ? __device_attach_driver+0x160/0x160
[  327.728218]  bus_for_each_dev+0x83/0xe0
[  327.728221]  driver_attach+0x1e/0x30
[  327.728223]  bus_add_driver+0x187/0x230
[  327.728225]  driver_register+0x95/0x110
[  327.728227]  __pci_register_driver+0x68/0x80
[  327.728230]  neuron_pci_module_init+0x25/0x60 [neuron]
[  327.728243]  neuron_module_init+0xd6/0x1000 [neuron]
[  327.728260]  ? 0xffffffffc089f000
[  327.728262]  do_one_initcall+0x49/0x1f0
[  327.728265]  ? kmem_cache_alloc_trace+0x199/0x2f0
[  327.728269]  do_init_module+0x52/0x220
[  327.728271]  load_module+0xb56/0xd30
[  327.728275]  __do_sys_finit_module+0xcc/0x150
[  327.728278]  ? __do_sys_finit_module+0xcc/0x150
[  327.728281]  __x64_sys_finit_module+0x18/0x30
[  327.728284]  do_syscall_64+0x5c/0x90
[  327.728286]  ? exit_to_user_mode_prepare+0x3b/0xd0
[  327.728288]  ? syscall_exit_to_user_mode+0x2a/0x50
[  327.728291]  ? do_syscall_64+0x69/0x90
[  327.728293]  ? exit_to_user_mode_prepare+0x3b/0xd0
[  327.728296]  ? syscall_exit_to_user_mode+0x2a/0x50
[  327.728298]  ? do_syscall_64+0x69/0x90
[  327.728301]  entry_SYSCALL_64_after_hwframe+0x63/0xcd
[  327.728304] RIP: 0033:0x7fce3fd1e88d
[  327.728306] Code: 5b 41 5c c3 66 0f 1f 84 00 00 00 00 00 f3 0f 1e fa 48 89 f8 48 89 f7 48 89 d6 48 89 ca 4d 89 c2 4d 89 c8 4c 8b 4c 24 08 0f 05 <48> 3d 01 f0 ff ff 73 01 c3 48 8b 0d 73 b5 0f 00 f7 d8 64 89 01 48
[  327.728308] RSP: 002b:00007ffc8a2104b8 EFLAGS: 00000246 ORIG_RAX: 0000000000000139
[  327.728311] RAX: ffffffffffffffda RBX: 0000563e65e9b7b0 RCX: 00007fce3fd1e88d
[  327.728313] RDX: 0000000000000000 RSI: 0000563e6589ccd2 RDI: 0000000000000003
[  327.728315] RBP: 0000000000000000 R08: 0000000000000000 R09: 0000000000000000
[  327.728316] R10: 0000000000000003 R11: 0000000000000246 R12: 0000563e6589ccd2
[  327.728318] R13: 0000563e65e9b760 R14: 0000563e6589b888 R15: 0000563e65e9b8c0
[  327.728321]  </TASK>
[  327.728323] DMA_STACK_END: End of stack trace for dma_free_coherent
[  327.728324] DMA_INSTRUMENT: About to call dma_alloc_coherent from function mp_init_hrm_pool at /home/ubuntu/cda/orginal/aws-neuronx-2.20.28.0/neuron_mempool.c:268
[  327.728326] DMA_STACK_START: Stack trace for dma_alloc_coherent called from mp_init_hrm_pool
[  327.728327] CPU: 0 PID: 1875 Comm: insmod Tainted: G           OE     5.19.0-1024-aws #25~22.04.1-Ubuntu
[  327.728330] Hardware name: Amazon EC2 inf1.xlarge/, BIOS 1.0 10/16/2017
[  327.728332] Call Trace:
[  327.728333]  <TASK>
[  327.728334]  show_stack+0x52/0x69
[  327.728337]  dump_stack_lvl+0x49/0x6d
[  327.728340]  dump_stack+0x10/0x18
[  327.728343]  mpset_constructor+0x268/0xa82 [neuron]
[  327.728363]  ? kmalloc_order+0x6b/0xa0
[  327.728366]  ? kmem_cache_alloc_trace+0x199/0x2f0
[  327.728369]  ? kmalloc_order_trace+0x1d/0xb0
[  327.728372]  neuron_pci_probe+0x3dd/0x610 [neuron]
[  327.728388]  local_pci_probe+0x4b/0x90
[  327.728392]  pci_call_probe+0x55/0x180
[  327.728395]  pci_device_probe+0x84/0x120
[  327.728399]  really_probe+0x1e4/0x3c0
[  327.728402]  __driver_probe_device+0x12a/0x1b0
[  327.728404]  driver_probe_device+0x23/0xd0
[  327.728407]  __driver_attach+0xc3/0x260
[  327.728410]  ? __device_attach_driver+0x160/0x160
[  327.728413]  bus_for_each_dev+0x83/0xe0
[  327.728416]  driver_attach+0x1e/0x30
[  327.728418]  bus_add_driver+0x187/0x230
[  327.728421]  driver_register+0x95/0x110
[  327.728424]  __pci_register_driver+0x68/0x80
[  327.728427]  neuron_pci_module_init+0x25/0x60 [neuron]
[  327.728442]  neuron_module_init+0xd6/0x1000 [neuron]
[  327.728461]  ? 0xffffffffc089f000
[  327.728463]  do_one_initcall+0x49/0x1f0
[  327.728467]  ? kmem_cache_alloc_trace+0x199/0x2f0
[  327.728470]  do_init_module+0x52/0x220
[  327.728473]  load_module+0xb56/0xd30
[  327.728477]  __do_sys_finit_module+0xcc/0x150
[  327.728480]  ? __do_sys_finit_module+0xcc/0x150
[  327.728484]  __x64_sys_finit_module+0x18/0x30
[  327.728486]  do_syscall_64+0x5c/0x90
[  327.728489]  ? exit_to_user_mode_prepare+0x3b/0xd0
[  327.728491]  ? syscall_exit_to_user_mode+0x2a/0x50
[  327.728494]  ? do_syscall_64+0x69/0x90
[  327.728497]  ? exit_to_user_mode_prepare+0x3b/0xd0
[  327.728499]  ? syscall_exit_to_user_mode+0x2a/0x50
[  327.728502]  ? do_syscall_64+0x69/0x90
[  327.728504]  entry_SYSCALL_64_after_hwframe+0x63/0xcd
[  327.728508] RIP: 0033:0x7fce3fd1e88d
[  327.728510] Code: 5b 41 5c c3 66 0f 1f 84 00 00 00 00 00 f3 0f 1e fa 48 89 f8 48 89 f7 48 89 d6 48 89 ca 4d 89 c2 4d 89 c8 4c 8b 4c 24 08 0f 05 <48> 3d 01 f0 ff ff 73 01 c3 48 8b 0d 73 b5 0f 00 f7 d8 64 89 01 48
[  327.728512] RSP: 002b:00007ffc8a2104b8 EFLAGS: 00000246 ORIG_RAX: 0000000000000139
[  327.728516] RAX: ffffffffffffffda RBX: 0000563e65e9b7b0 RCX: 00007fce3fd1e88d
[  327.728518] RDX: 0000000000000000 RSI: 0000563e6589ccd2 RDI: 0000000000000003
[  327.728520] RBP: 0000000000000000 R08: 0000000000000000 R09: 0000000000000000
[  327.728521] R10: 0000000000000003 R11: 0000000000000246 R12: 0000563e6589ccd2
[  327.728523] R13: 0000563e65e9b760 R14: 0000563e6589b888 R15: 0000563e65e9b8c0
[  327.728526]  </TASK>
[  327.728527] DMA_STACK_END: End of stack trace for dma_alloc_coherent
[  327.728597] DMA_INSTRUMENT: About to call dma_free_coherent from function mp_init_hrm_pool at /home/ubuntu/cda/orginal/aws-neuronx-2.20.28.0/neuron_mempool.c:279
[  327.728599] DMA_STACK_START: Stack trace for dma_free_coherent called from mp_init_hrm_pool
[  327.728601] CPU: 0 PID: 1875 Comm: insmod Tainted: G           OE     5.19.0-1024-aws #25~22.04.1-Ubuntu
[  327.728604] Hardware name: Amazon EC2 inf1.xlarge/, BIOS 1.0 10/16/2017
[  327.728606] Call Trace:
[  327.728607]  <TASK>
[  327.728609]  show_stack+0x52/0x69
[  327.728613]  dump_stack_lvl+0x49/0x6d
[  327.728616]  dump_stack+0x10/0x18
[  327.728619]  mpset_constructor+0x322/0xa82 [neuron]
[  327.728640]  ? kmalloc_order+0x6b/0xa0
[  327.728644]  ? kmem_cache_alloc_trace+0x199/0x2f0
[  327.728647]  ? kmalloc_order_trace+0x1d/0xb0
[  327.728650]  neuron_pci_probe+0x3dd/0x610 [neuron]
[  327.728667]  local_pci_probe+0x4b/0x90
[  327.728671]  pci_call_probe+0x55/0x180
[  327.728674]  pci_device_probe+0x84/0x120
[  327.728677]  really_probe+0x1e4/0x3c0
[  327.728680]  __driver_probe_device+0x12a/0x1b0
[  327.728683]  driver_probe_device+0x23/0xd0
[  327.728686]  __driver_attach+0xc3/0x260
[  327.728689]  ? __device_attach_driver+0x160/0x160
[  327.728691]  bus_for_each_dev+0x83/0xe0
[  327.728694]  driver_attach+0x1e/0x30
[  327.728697]  bus_add_driver+0x187/0x230
[  327.728700]  driver_register+0x95/0x110
[  327.728703]  __pci_register_driver+0x68/0x80
[  327.728706]  neuron_pci_module_init+0x25/0x60 [neuron]
[  327.728720]  neuron_module_init+0xd6/0x1000 [neuron]
[  327.728740]  ? 0xffffffffc089f000
[  327.728742]  do_one_initcall+0x49/0x1f0
[  327.728745]  ? kmem_cache_alloc_trace+0x199/0x2f0
[  327.728749]  do_init_module+0x52/0x220
[  327.728751]  load_module+0xb56/0xd30
[  327.728755]  __do_sys_finit_module+0xcc/0x150
[  327.728757]  ? __do_sys_finit_module+0xcc/0x150
[  327.728761]  __x64_sys_finit_module+0x18/0x30
[  327.728763]  do_syscall_64+0x5c/0x90
[  327.728765]  ? exit_to_user_mode_prepare+0x3b/0xd0
[  327.728767]  ? syscall_exit_to_user_mode+0x2a/0x50
[  327.728770]  ? do_syscall_64+0x69/0x90
[  327.728772]  ? exit_to_user_mode_prepare+0x3b/0xd0
[  327.728775]  ? syscall_exit_to_user_mode+0x2a/0x50
[  327.728777]  ? do_syscall_64+0x69/0x90
[  327.728779]  entry_SYSCALL_64_after_hwframe+0x63/0xcd
[  327.728783] RIP: 0033:0x7fce3fd1e88d
[  327.728785] Code: 5b 41 5c c3 66 0f 1f 84 00 00 00 00 00 f3 0f 1e fa 48 89 f8 48 89 f7 48 89 d6 48 89 ca 4d 89 c2 4d 89 c8 4c 8b 4c 24 08 0f 05 <48> 3d 01 f0 ff ff 73 01 c3 48 8b 0d 73 b5 0f 00 f7 d8 64 89 01 48
[  327.728787] RSP: 002b:00007ffc8a2104b8 EFLAGS: 00000246 ORIG_RAX: 0000000000000139
[  327.728791] RAX: ffffffffffffffda RBX: 0000563e65e9b7b0 RCX: 00007fce3fd1e88d
[  327.728793] RDX: 0000000000000000 RSI: 0000563e6589ccd2 RDI: 0000000000000003
[  327.728795] RBP: 0000000000000000 R08: 0000000000000000 R09: 0000000000000000
[  327.728797] R10: 0000000000000003 R11: 0000000000000246 R12: 0000563e6589ccd2
[  327.728799] R13: 0000563e65e9b760 R14: 0000563e6589b888 R15: 0000563e65e9b8c0
[  327.728802]  </TASK>
[  327.728803] DMA_STACK_END: End of stack trace for dma_free_coherent
[  327.728804] DMA_INSTRUMENT: About to call dma_alloc_coherent from function mp_init_hrm_pool at /home/ubuntu/cda/orginal/aws-neuronx-2.20.28.0/neuron_mempool.c:268
[  327.728806] DMA_STACK_START: Stack trace for dma_alloc_coherent called from mp_init_hrm_pool
[  327.728807] CPU: 0 PID: 1875 Comm: insmod Tainted: G           OE     5.19.0-1024-aws #25~22.04.1-Ubuntu
[  327.728809] Hardware name: Amazon EC2 inf1.xlarge/, BIOS 1.0 10/16/2017
[  327.728810] Call Trace:
[  327.728811]  <TASK>
[  327.728813]  show_stack+0x52/0x69
[  327.728816]  dump_stack_lvl+0x49/0x6d
[  327.728818]  dump_stack+0x10/0x18
[  327.728821]  mpset_constructor+0x268/0xa82 [neuron]
[  327.728839]  ? kmalloc_order+0x6b/0xa0
[  327.728843]  ? kmem_cache_alloc_trace+0x199/0x2f0
[  327.728846]  ? kmalloc_order_trace+0x1d/0xb0
[  327.728848]  neuron_pci_probe+0x3dd/0x610 [neuron]
[  327.728862]  local_pci_probe+0x4b/0x90
[  327.728866]  pci_call_probe+0x55/0x180
[  327.728869]  pci_device_probe+0x84/0x120
[  327.728872]  really_probe+0x1e4/0x3c0
[  327.728875]  __driver_probe_device+0x12a/0x1b0
[  327.728878]  driver_probe_device+0x23/0xd0
[  327.728881]  __driver_attach+0xc3/0x260
[  327.728884]  ? __device_attach_driver+0x160/0x160
[  327.728888]  bus_for_each_dev+0x83/0xe0
[  327.728890]  driver_attach+0x1e/0x30
[  327.728892]  bus_add_driver+0x187/0x230
[  327.728895]  driver_register+0x95/0x110
[  327.728897]  __pci_register_driver+0x68/0x80
[  327.728900]  neuron_pci_module_init+0x25/0x60 [neuron]
[  327.728913]  neuron_module_init+0xd6/0x1000 [neuron]
[  327.728931]  ? 0xffffffffc089f000
[  327.728933]  do_one_initcall+0x49/0x1f0
[  327.728937]  ? kmem_cache_alloc_trace+0x199/0x2f0
[  327.728940]  do_init_module+0x52/0x220
[  327.728943]  load_module+0xb56/0xd30
[  327.728947]  __do_sys_finit_module+0xcc/0x150
[  327.728949]  ? __do_sys_finit_module+0xcc/0x150
[  327.728953]  __x64_sys_finit_module+0x18/0x30
[  327.728955]  do_syscall_64+0x5c/0x90
[  327.728958]  ? exit_to_user_mode_prepare+0x3b/0xd0
[  327.728960]  ? syscall_exit_to_user_mode+0x2a/0x50
[  327.728963]  ? do_syscall_64+0x69/0x90
[  327.728966]  ? exit_to_user_mode_prepare+0x3b/0xd0
[  327.728968]  ? syscall_exit_to_user_mode+0x2a/0x50
[  327.728971]  ? do_syscall_64+0x69/0x90
[  327.728973]  entry_SYSCALL_64_after_hwframe+0x63/0xcd
[  327.728977] RIP: 0033:0x7fce3fd1e88d
[  327.728980] Code: 5b 41 5c c3 66 0f 1f 84 00 00 00 00 00 f3 0f 1e fa 48 89 f8 48 89 f7 48 89 d6 48 89 ca 4d 89 c2 4d 89 c8 4c 8b 4c 24 08 0f 05 <48> 3d 01 f0 ff ff 73 01 c3 48 8b 0d 73 b5 0f 00 f7 d8 64 89 01 48
[  327.728983] RSP: 002b:00007ffc8a2104b8 EFLAGS: 00000246 ORIG_RAX: 0000000000000139
[  327.728986] RAX: ffffffffffffffda RBX: 0000563e65e9b7b0 RCX: 00007fce3fd1e88d
[  327.728989] RDX: 0000000000000000 RSI: 0000563e6589ccd2 RDI: 0000000000000003
[  327.728991] RBP: 0000000000000000 R08: 0000000000000000 R09: 0000000000000000
[  327.728994] R10: 0000000000000003 R11: 0000000000000246 R12: 0000563e6589ccd2
[  327.728996] R13: 0000563e65e9b760 R14: 0000563e6589b888 R15: 0000563e65e9b8c0
[  327.729000]  </TASK>
[  327.729001] DMA_STACK_END: End of stack trace for dma_alloc_coherent
[  327.729069] DMA_INSTRUMENT: About to call dma_free_coherent from function mp_init_hrm_pool at /home/ubuntu/cda/orginal/aws-neuronx-2.20.28.0/neuron_mempool.c:279
[  327.729071] DMA_STACK_START: Stack trace for dma_free_coherent called from mp_init_hrm_pool
[  327.729073] CPU: 0 PID: 1875 Comm: insmod Tainted: G           OE     5.19.0-1024-aws #25~22.04.1-Ubuntu
[  327.729076] Hardware name: Amazon EC2 inf1.xlarge/, BIOS 1.0 10/16/2017
[  327.729078] Call Trace:
[  327.729080]  <TASK>
[  327.729081]  show_stack+0x52/0x69
[  327.729084]  dump_stack_lvl+0x49/0x6d
[  327.729087]  dump_stack+0x10/0x18
[  327.729090]  mpset_constructor+0x322/0xa82 [neuron]
[  327.729109]  ? kmalloc_order+0x6b/0xa0
[  327.729113]  ? kmem_cache_alloc_trace+0x199/0x2f0
[  327.729116]  ? kmalloc_order_trace+0x1d/0xb0
[  327.729118]  neuron_pci_probe+0x3dd/0x610 [neuron]
[  327.729134]  local_pci_probe+0x4b/0x90
[  327.729138]  pci_call_probe+0x55/0x180
[  327.729142]  pci_device_probe+0x84/0x120
[  327.729146]  really_probe+0x1e4/0x3c0
[  327.729148]  __driver_probe_device+0x12a/0x1b0
[  327.729151]  driver_probe_device+0x23/0xd0
[  327.729154]  __driver_attach+0xc3/0x260
[  327.729156]  ? __device_attach_driver+0x160/0x160
[  327.729159]  bus_for_each_dev+0x83/0xe0
[  327.729162]  driver_attach+0x1e/0x30
[  327.729164]  bus_add_driver+0x187/0x230
[  327.729167]  driver_register+0x95/0x110
[  327.729170]  __pci_register_driver+0x68/0x80
[  327.729173]  neuron_pci_module_init+0x25/0x60 [neuron]
[  327.729187]  neuron_module_init+0xd6/0x1000 [neuron]
[  327.729206]  ? 0xffffffffc089f000
[  327.729208]  do_one_initcall+0x49/0x1f0
[  327.729212]  ? kmem_cache_alloc_trace+0x199/0x2f0
[  327.729216]  do_init_module+0x52/0x220
[  327.729219]  load_module+0xb56/0xd30
[  327.729223]  __do_sys_finit_module+0xcc/0x150
[  327.729226]  ? __do_sys_finit_module+0xcc/0x150
[  327.729230]  __x64_sys_finit_module+0x18/0x30
[  327.729232]  do_syscall_64+0x5c/0x90
[  327.729235]  ? exit_to_user_mode_prepare+0x3b/0xd0
[  327.729237]  ? syscall_exit_to_user_mode+0x2a/0x50
[  327.729240]  ? do_syscall_64+0x69/0x90
[  327.729243]  ? exit_to_user_mode_prepare+0x3b/0xd0
[  327.729245]  ? syscall_exit_to_user_mode+0x2a/0x50
[  327.729248]  ? do_syscall_64+0x69/0x90
[  327.729250]  entry_SYSCALL_64_after_hwframe+0x63/0xcd
[  327.729253] RIP: 0033:0x7fce3fd1e88d
[  327.729255] Code: 5b 41 5c c3 66 0f 1f 84 00 00 00 00 00 f3 0f 1e fa 48 89 f8 48 89 f7 48 89 d6 48 89 ca 4d 89 c2 4d 89 c8 4c 8b 4c 24 08 0f 05 <48> 3d 01 f0 ff ff 73 01 c3 48 8b 0d 73 b5 0f 00 f7 d8 64 89 01 48
[  327.729257] RSP: 002b:00007ffc8a2104b8 EFLAGS: 00000246 ORIG_RAX: 0000000000000139
[  327.729259] RAX: ffffffffffffffda RBX: 0000563e65e9b7b0 RCX: 00007fce3fd1e88d
[  327.729261] RDX: 0000000000000000 RSI: 0000563e6589ccd2 RDI: 0000000000000003
[  327.729263] RBP: 0000000000000000 R08: 0000000000000000 R09: 0000000000000000
[  327.729265] R10: 0000000000000003 R11: 0000000000000246 R12: 0000563e6589ccd2
[  327.729266] R13: 0000563e65e9b760 R14: 0000563e6589b888 R15: 0000563e65e9b8c0
[  327.729269]  </TASK>
[  327.729270] DMA_STACK_END: End of stack trace for dma_free_coherent
[  327.729271] DMA_INSTRUMENT: About to call dma_alloc_coherent from function mp_init_hrm_pool at /home/ubuntu/cda/orginal/aws-neuronx-2.20.28.0/neuron_mempool.c:268
[  327.729273] DMA_STACK_START: Stack trace for dma_alloc_coherent called from mp_init_hrm_pool
[  327.729274] CPU: 0 PID: 1875 Comm: insmod Tainted: G           OE     5.19.0-1024-aws #25~22.04.1-Ubuntu
[  327.729277] Hardware name: Amazon EC2 inf1.xlarge/, BIOS 1.0 10/16/2017
[  327.729278] Call Trace:
[  327.729279]  <TASK>
[  327.729281]  show_stack+0x52/0x69
[  327.729284]  dump_stack_lvl+0x49/0x6d
[  327.729287]  dump_stack+0x10/0x18
[  327.729290]  mpset_constructor+0x268/0xa82 [neuron]
[  327.729308]  ? kmalloc_order+0x6b/0xa0
[  327.729311]  ? kmem_cache_alloc_trace+0x199/0x2f0
[  327.729314]  ? kmalloc_order_trace+0x1d/0xb0
[  327.729316]  neuron_pci_probe+0x3dd/0x610 [neuron]
[  327.729331]  local_pci_probe+0x4b/0x90
[  327.729334]  pci_call_probe+0x55/0x180
[  327.729337]  pci_device_probe+0x84/0x120
[  327.729341]  really_probe+0x1e4/0x3c0
[  327.729343]  __driver_probe_device+0x12a/0x1b0
[  327.729346]  driver_probe_device+0x23/0xd0
[  327.729349]  __driver_attach+0xc3/0x260
[  327.729352]  ? __device_attach_driver+0x160/0x160
[  327.729355]  bus_for_each_dev+0x83/0xe0
[  327.729357]  driver_attach+0x1e/0x30
[  327.729359]  bus_add_driver+0x187/0x230
[  327.729362]  driver_register+0x95/0x110
[  327.729365]  __pci_register_driver+0x68/0x80
[  327.729368]  neuron_pci_module_init+0x25/0x60 [neuron]
[  327.729384]  neuron_module_init+0xd6/0x1000 [neuron]
[  327.729403]  ? 0xffffffffc089f000
[  327.729405]  do_one_initcall+0x49/0x1f0
[  327.729409]  ? kmem_cache_alloc_trace+0x199/0x2f0
[  327.729412]  do_init_module+0x52/0x220
[  327.729415]  load_module+0xb56/0xd30
[  327.729419]  __do_sys_finit_module+0xcc/0x150
[  327.729422]  ? __do_sys_finit_module+0xcc/0x150
[  327.729426]  __x64_sys_finit_module+0x18/0x30
[  327.729429]  do_syscall_64+0x5c/0x90
[  327.729431]  ? exit_to_user_mode_prepare+0x3b/0xd0
[  327.729433]  ? syscall_exit_to_user_mode+0x2a/0x50
[  327.729436]  ? do_syscall_64+0x69/0x90
[  327.729439]  ? exit_to_user_mode_prepare+0x3b/0xd0
[  327.729441]  ? syscall_exit_to_user_mode+0x2a/0x50
[  327.729444]  ? do_syscall_64+0x69/0x90
[  327.729447]  entry_SYSCALL_64_after_hwframe+0x63/0xcd
[  327.729450] RIP: 0033:0x7fce3fd1e88d
[  327.729452] Code: 5b 41 5c c3 66 0f 1f 84 00 00 00 00 00 f3 0f 1e fa 48 89 f8 48 89 f7 48 89 d6 48 89 ca 4d 89 c2 4d 89 c8 4c 8b 4c 24 08 0f 05 <48> 3d 01 f0 ff ff 73 01 c3 48 8b 0d 73 b5 0f 00 f7 d8 64 89 01 48
[  327.729455] RSP: 002b:00007ffc8a2104b8 EFLAGS: 00000246 ORIG_RAX: 0000000000000139
[  327.729458] RAX: ffffffffffffffda RBX: 0000563e65e9b7b0 RCX: 00007fce3fd1e88d
[  327.729461] RDX: 0000000000000000 RSI: 0000563e6589ccd2 RDI: 0000000000000003
[  327.729462] RBP: 0000000000000000 R08: 0000000000000000 R09: 0000000000000000
[  327.729464] R10: 0000000000000003 R11: 0000000000000246 R12: 0000563e6589ccd2
[  327.729466] R13: 0000563e65e9b760 R14: 0000563e6589b888 R15: 0000563e65e9b8c0
[  327.729469]  </TASK>
[  327.729470] DMA_STACK_END: End of stack trace for dma_alloc_coherent
[  327.729545] DMA_INSTRUMENT: About to call dma_free_coherent from function mp_init_hrm_pool at /home/ubuntu/cda/orginal/aws-neuronx-2.20.28.0/neuron_mempool.c:279
[  327.729547] DMA_STACK_START: Stack trace for dma_free_coherent called from mp_init_hrm_pool
[  327.729548] CPU: 0 PID: 1875 Comm: insmod Tainted: G           OE     5.19.0-1024-aws #25~22.04.1-Ubuntu
[  327.729551] Hardware name: Amazon EC2 inf1.xlarge/, BIOS 1.0 10/16/2017
[  327.729552] Call Trace:
[  327.729553]  <TASK>
[  327.729554]  show_stack+0x52/0x69
[  327.729558]  dump_stack_lvl+0x49/0x6d
[  327.729561]  dump_stack+0x10/0x18
[  327.729563]  mpset_constructor+0x322/0xa82 [neuron]
[  327.729586]  ? kmalloc_order+0x6b/0xa0
[  327.729589]  ? kmem_cache_alloc_trace+0x199/0x2f0
[  327.729592]  ? kmalloc_order_trace+0x1d/0xb0
[  327.729595]  neuron_pci_probe+0x3dd/0x610 [neuron]
[  327.729610]  local_pci_probe+0x4b/0x90
[  327.729614]  pci_call_probe+0x55/0x180
[  327.729618]  pci_device_probe+0x84/0x120
[  327.729621]  really_probe+0x1e4/0x3c0
[  327.729624]  __driver_probe_device+0x12a/0x1b0
[  327.729627]  driver_probe_device+0x23/0xd0
[  327.729629]  __driver_attach+0xc3/0x260
[  327.729632]  ? __device_attach_driver+0x160/0x160
[  327.729635]  bus_for_each_dev+0x83/0xe0
[  327.729637]  driver_attach+0x1e/0x30
[  327.729639]  bus_add_driver+0x187/0x230
[  327.729642]  driver_register+0x95/0x110
[  327.729645]  __pci_register_driver+0x68/0x80
[  327.729648]  neuron_pci_module_init+0x25/0x60 [neuron]
[  327.729662]  neuron_module_init+0xd6/0x1000 [neuron]
[  327.729680]  ? 0xffffffffc089f000
[  327.729683]  do_one_initcall+0x49/0x1f0
[  327.729686]  ? kmem_cache_alloc_trace+0x199/0x2f0
[  327.729690]  do_init_module+0x52/0x220
[  327.729693]  load_module+0xb56/0xd30
[  327.729697]  __do_sys_finit_module+0xcc/0x150
[  327.729699]  ? __do_sys_finit_module+0xcc/0x150
[  327.729703]  __x64_sys_finit_module+0x18/0x30
[  327.729706]  do_syscall_64+0x5c/0x90
[  327.729708]  ? exit_to_user_mode_prepare+0x3b/0xd0
[  327.729711]  ? syscall_exit_to_user_mode+0x2a/0x50
[  327.729714]  ? do_syscall_64+0x69/0x90
[  327.729716]  ? exit_to_user_mode_prepare+0x3b/0xd0
[  327.729718]  ? syscall_exit_to_user_mode+0x2a/0x50
[  327.729721]  ? do_syscall_64+0x69/0x90
[  327.729724]  entry_SYSCALL_64_after_hwframe+0x63/0xcd
[  327.729727] RIP: 0033:0x7fce3fd1e88d
[  327.729729] Code: 5b 41 5c c3 66 0f 1f 84 00 00 00 00 00 f3 0f 1e fa 48 89 f8 48 89 f7 48 89 d6 48 89 ca 4d 89 c2 4d 89 c8 4c 8b 4c 24 08 0f 05 <48> 3d 01 f0 ff ff 73 01 c3 48 8b 0d 73 b5 0f 00 f7 d8 64 89 01 48
[  327.729732] RSP: 002b:00007ffc8a2104b8 EFLAGS: 00000246 ORIG_RAX: 0000000000000139
[  327.729735] RAX: ffffffffffffffda RBX: 0000563e65e9b7b0 RCX: 00007fce3fd1e88d
[  327.729737] RDX: 0000000000000000 RSI: 0000563e6589ccd2 RDI: 0000000000000003
[  327.729739] RBP: 0000000000000000 R08: 0000000000000000 R09: 0000000000000000
[  327.729741] R10: 0000000000000003 R11: 0000000000000246 R12: 0000563e6589ccd2
[  327.729743] R13: 0000563e65e9b760 R14: 0000563e6589b888 R15: 0000563e65e9b8c0
[  327.729746]  </TASK>
[  327.729747] DMA_STACK_END: End of stack trace for dma_free_coherent
[  327.729749] DMA_INSTRUMENT: About to call dma_alloc_coherent from function mp_init_hrm_pool at /home/ubuntu/cda/orginal/aws-neuronx-2.20.28.0/neuron_mempool.c:268
[  327.729751] DMA_STACK_START: Stack trace for dma_alloc_coherent called from mp_init_hrm_pool
[  327.729753] CPU: 0 PID: 1875 Comm: insmod Tainted: G           OE     5.19.0-1024-aws #25~22.04.1-Ubuntu
[  327.729755] Hardware name: Amazon EC2 inf1.xlarge/, BIOS 1.0 10/16/2017
[  327.729757] Call Trace:
[  327.729758]  <TASK>
[  327.729760]  show_stack+0x52/0x69
[  327.729763]  dump_stack_lvl+0x49/0x6d
[  327.729766]  dump_stack+0x10/0x18
[  327.729769]  mpset_constructor+0x268/0xa82 [neuron]
[  327.729787]  ? kmalloc_order+0x6b/0xa0
[  327.729789]  ? kmem_cache_alloc_trace+0x199/0x2f0
[  327.729792]  ? kmalloc_order_trace+0x1d/0xb0
[  327.729795]  neuron_pci_probe+0x3dd/0x610 [neuron]
[  327.729810]  local_pci_probe+0x4b/0x90
[  327.729813]  pci_call_probe+0x55/0x180
[  327.729817]  pci_device_probe+0x84/0x120
[  327.729820]  really_probe+0x1e4/0x3c0
[  327.729822]  __driver_probe_device+0x12a/0x1b0
[  327.729825]  driver_probe_device+0x23/0xd0
[  327.729828]  __driver_attach+0xc3/0x260
[  327.729830]  ? __device_attach_driver+0x160/0x160
[  327.729833]  bus_for_each_dev+0x83/0xe0
[  327.729836]  driver_attach+0x1e/0x30
[  327.729838]  bus_add_driver+0x187/0x230
[  327.729841]  driver_register+0x95/0x110
[  327.729844]  __pci_register_driver+0x68/0x80
[  327.729847]  neuron_pci_module_init+0x25/0x60 [neuron]
[  327.729861]  neuron_module_init+0xd6/0x1000 [neuron]
[  327.729879]  ? 0xffffffffc089f000
[  327.729881]  do_one_initcall+0x49/0x1f0
[  327.729884]  ? kmem_cache_alloc_trace+0x199/0x2f0
[  327.729888]  do_init_module+0x52/0x220
[  327.729891]  load_module+0xb56/0xd30
[  327.729894]  __do_sys_finit_module+0xcc/0x150
[  327.729897]  ? __do_sys_finit_module+0xcc/0x150
[  327.729901]  __x64_sys_finit_module+0x18/0x30
[  327.729904]  do_syscall_64+0x5c/0x90
[  327.729906]  ? exit_to_user_mode_prepare+0x3b/0xd0
[  327.729908]  ? syscall_exit_to_user_mode+0x2a/0x50
[  327.729911]  ? do_syscall_64+0x69/0x90
[  327.729914]  ? exit_to_user_mode_prepare+0x3b/0xd0
[  327.729916]  ? syscall_exit_to_user_mode+0x2a/0x50
[  327.729919]  ? do_syscall_64+0x69/0x90
[  327.729921]  entry_SYSCALL_64_after_hwframe+0x63/0xcd
[  327.729925] RIP: 0033:0x7fce3fd1e88d
[  327.729927] Code: 5b 41 5c c3 66 0f 1f 84 00 00 00 00 00 f3 0f 1e fa 48 89 f8 48 89 f7 48 89 d6 48 89 ca 4d 89 c2 4d 89 c8 4c 8b 4c 24 08 0f 05 <48> 3d 01 f0 ff ff 73 01 c3 48 8b 0d 73 b5 0f 00 f7 d8 64 89 01 48
[  327.729929] RSP: 002b:00007ffc8a2104b8 EFLAGS: 00000246 ORIG_RAX: 0000000000000139
[  327.729931] RAX: ffffffffffffffda RBX: 0000563e65e9b7b0 RCX: 00007fce3fd1e88d
[  327.729934] RDX: 0000000000000000 RSI: 0000563e6589ccd2 RDI: 0000000000000003
[  327.729935] RBP: 0000000000000000 R08: 0000000000000000 R09: 0000000000000000
[  327.729937] R10: 0000000000000003 R11: 0000000000000246 R12: 0000563e6589ccd2
[  327.729939] R13: 0000563e65e9b760 R14: 0000563e6589b888 R15: 0000563e65e9b8c0
[  327.729942]  </TASK>
[  327.729943] DMA_STACK_END: End of stack trace for dma_alloc_coherent
[  327.730017] DMA_INSTRUMENT: About to call dma_free_coherent from function mp_init_hrm_pool at /home/ubuntu/cda/orginal/aws-neuronx-2.20.28.0/neuron_mempool.c:279
[  327.730019] DMA_STACK_START: Stack trace for dma_free_coherent called from mp_init_hrm_pool
[  327.730020] CPU: 0 PID: 1875 Comm: insmod Tainted: G           OE     5.19.0-1024-aws #25~22.04.1-Ubuntu
[  327.730022] Hardware name: Amazon EC2 inf1.xlarge/, BIOS 1.0 10/16/2017
[  327.730023] Call Trace:
[  327.730024]  <TASK>
[  327.730025]  show_stack+0x52/0x69
[  327.730027]  dump_stack_lvl+0x49/0x6d
[  327.730030]  dump_stack+0x10/0x18
[  327.730032]  mpset_constructor+0x322/0xa82 [neuron]
[  327.730050]  ? kmalloc_order+0x6b/0xa0
[  327.730054]  ? kmem_cache_alloc_trace+0x199/0x2f0
[  327.730057]  ? kmalloc_order_trace+0x1d/0xb0
[  327.730059]  neuron_pci_probe+0x3dd/0x610 [neuron]
[  327.730074]  local_pci_probe+0x4b/0x90
[  327.730077]  pci_call_probe+0x55/0x180
[  327.730081]  pci_device_probe+0x84/0x120
[  327.730085]  really_probe+0x1e4/0x3c0
[  327.730087]  __driver_probe_device+0x12a/0x1b0
[  327.730090]  driver_probe_device+0x23/0xd0
[  327.730093]  __driver_attach+0xc3/0x260
[  327.730096]  ? __device_attach_driver+0x160/0x160
[  327.730098]  bus_for_each_dev+0x83/0xe0
[  327.730101]  driver_attach+0x1e/0x30
[  327.730103]  bus_add_driver+0x187/0x230
[  327.730106]  driver_register+0x95/0x110
[  327.730109]  __pci_register_driver+0x68/0x80
[  327.730113]  neuron_pci_module_init+0x25/0x60 [neuron]
[  327.730126]  neuron_module_init+0xd6/0x1000 [neuron]
[  327.730142]  ? 0xffffffffc089f000
[  327.730145]  do_one_initcall+0x49/0x1f0
[  327.730148]  ? kmem_cache_alloc_trace+0x199/0x2f0
[  327.730152]  do_init_module+0x52/0x220
[  327.730154]  load_module+0xb56/0xd30
[  327.730158]  __do_sys_finit_module+0xcc/0x150
[  327.730161]  ? __do_sys_finit_module+0xcc/0x150
[  327.730164]  __x64_sys_finit_module+0x18/0x30
[  327.730167]  do_syscall_64+0x5c/0x90
[  327.730169]  ? exit_to_user_mode_prepare+0x3b/0xd0
[  327.730171]  ? syscall_exit_to_user_mode+0x2a/0x50
[  327.730174]  ? do_syscall_64+0x69/0x90
[  327.730177]  ? exit_to_user_mode_prepare+0x3b/0xd0
[  327.730179]  ? syscall_exit_to_user_mode+0x2a/0x50
[  327.730182]  ? do_syscall_64+0x69/0x90
[  327.730185]  entry_SYSCALL_64_after_hwframe+0x63/0xcd
[  327.730188] RIP: 0033:0x7fce3fd1e88d
[  327.730190] Code: 5b 41 5c c3 66 0f 1f 84 00 00 00 00 00 f3 0f 1e fa 48 89 f8 48 89 f7 48 89 d6 48 89 ca 4d 89 c2 4d 89 c8 4c 8b 4c 24 08 0f 05 <48> 3d 01 f0 ff ff 73 01 c3 48 8b 0d 73 b5 0f 00 f7 d8 64 89 01 48
[  327.730192] RSP: 002b:00007ffc8a2104b8 EFLAGS: 00000246 ORIG_RAX: 0000000000000139
[  327.730195] RAX: ffffffffffffffda RBX: 0000563e65e9b7b0 RCX: 00007fce3fd1e88d
[  327.730197] RDX: 0000000000000000 RSI: 0000563e6589ccd2 RDI: 0000000000000003
[  327.730199] RBP: 0000000000000000 R08: 0000000000000000 R09: 0000000000000000
[  327.730201] R10: 0000000000000003 R11: 0000000000000246 R12: 0000563e6589ccd2
[  327.730204] R13: 0000563e65e9b760 R14: 0000563e6589b888 R15: 0000563e65e9b8c0
[  327.730207]  </TASK>
[  327.730208] DMA_STACK_END: End of stack trace for dma_free_coherent
[  327.730209] DMA_INSTRUMENT: About to call dma_alloc_coherent from function mp_init_hrm_pool at /home/ubuntu/cda/orginal/aws-neuronx-2.20.28.0/neuron_mempool.c:268
[  327.730211] DMA_STACK_START: Stack trace for dma_alloc_coherent called from mp_init_hrm_pool
[  327.730212] CPU: 0 PID: 1875 Comm: insmod Tainted: G           OE     5.19.0-1024-aws #25~22.04.1-Ubuntu
[  327.730215] Hardware name: Amazon EC2 inf1.xlarge/, BIOS 1.0 10/16/2017
[  327.730216] Call Trace:
[  327.730217]  <TASK>
[  327.730218]  show_stack+0x52/0x69
[  327.730221]  dump_stack_lvl+0x49/0x6d
[  327.730224]  dump_stack+0x10/0x18
[  327.730226]  mpset_constructor+0x268/0xa82 [neuron]
[  327.730245]  ? kmalloc_order+0x6b/0xa0
[  327.730248]  ? kmem_cache_alloc_trace+0x199/0x2f0
[  327.730251]  ? kmalloc_order_trace+0x1d/0xb0
[  327.730253]  neuron_pci_probe+0x3dd/0x610 [neuron]
[  327.730268]  local_pci_probe+0x4b/0x90
[  327.730271]  pci_call_probe+0x55/0x180
[  327.730275]  pci_device_probe+0x84/0x120
[  327.730278]  really_probe+0x1e4/0x3c0
[  327.730281]  __driver_probe_device+0x12a/0x1b0
[  327.730284]  driver_probe_device+0x23/0xd0
[  327.730287]  __driver_attach+0xc3/0x260
[  327.730289]  ? __device_attach_driver+0x160/0x160
[  327.730292]  bus_for_each_dev+0x83/0xe0
[  327.730295]  driver_attach+0x1e/0x30
[  327.730298]  bus_add_driver+0x187/0x230
[  327.730300]  driver_register+0x95/0x110
[  327.730303]  __pci_register_driver+0x68/0x80
[  327.730306]  neuron_pci_module_init+0x25/0x60 [neuron]
[  327.730327]  neuron_module_init+0xd6/0x1000 [neuron]
[  327.730346]  ? 0xffffffffc089f000
[  327.730348]  do_one_initcall+0x49/0x1f0
[  327.730351]  ? kmem_cache_alloc_trace+0x199/0x2f0
[  327.730355]  do_init_module+0x52/0x220
[  327.730358]  load_module+0xb56/0xd30
[  327.730362]  __do_sys_finit_module+0xcc/0x150
[  327.730365]  ? __do_sys_finit_module+0xcc/0x150
[  327.730369]  __x64_sys_finit_module+0x18/0x30
[  327.730372]  do_syscall_64+0x5c/0x90
[  327.730374]  ? exit_to_user_mode_prepare+0x3b/0xd0
[  327.730376]  ? syscall_exit_to_user_mode+0x2a/0x50
[  327.730379]  ? do_syscall_64+0x69/0x90
[  327.730382]  ? exit_to_user_mode_prepare+0x3b/0xd0
[  327.730384]  ? syscall_exit_to_user_mode+0x2a/0x50
[  327.730387]  ? do_syscall_64+0x69/0x90
[  327.730390]  entry_SYSCALL_64_after_hwframe+0x63/0xcd
[  327.730393] RIP: 0033:0x7fce3fd1e88d
[  327.730395] Code: 5b 41 5c c3 66 0f 1f 84 00 00 00 00 00 f3 0f 1e fa 48 89 f8 48 89 f7 48 89 d6 48 89 ca 4d 89 c2 4d 89 c8 4c 8b 4c 24 08 0f 05 <48> 3d 01 f0 ff ff 73 01 c3 48 8b 0d 73 b5 0f 00 f7 d8 64 89 01 48
[  327.730397] RSP: 002b:00007ffc8a2104b8 EFLAGS: 00000246 ORIG_RAX: 0000000000000139
[  327.730400] RAX: ffffffffffffffda RBX: 0000563e65e9b7b0 RCX: 00007fce3fd1e88d
[  327.730402] RDX: 0000000000000000 RSI: 0000563e6589ccd2 RDI: 0000000000000003
[  327.730404] RBP: 0000000000000000 R08: 0000000000000000 R09: 0000000000000000
[  327.730406] R10: 0000000000000003 R11: 0000000000000246 R12: 0000563e6589ccd2
[  327.730407] R13: 0000563e65e9b760 R14: 0000563e6589b888 R15: 0000563e65e9b8c0
[  327.730410]  </TASK>
[  327.730411] DMA_STACK_END: End of stack trace for dma_alloc_coherent
[  327.730480] DMA_INSTRUMENT: About to call dma_free_coherent from function mp_init_hrm_pool at /home/ubuntu/cda/orginal/aws-neuronx-2.20.28.0/neuron_mempool.c:279
[  327.730482] DMA_STACK_START: Stack trace for dma_free_coherent called from mp_init_hrm_pool
[  327.730484] CPU: 0 PID: 1875 Comm: insmod Tainted: G           OE     5.19.0-1024-aws #25~22.04.1-Ubuntu
[  327.730487] Hardware name: Amazon EC2 inf1.xlarge/, BIOS 1.0 10/16/2017
[  327.730488] Call Trace:
[  327.730490]  <TASK>
[  327.730491]  show_stack+0x52/0x69
[  327.730494]  dump_stack_lvl+0x49/0x6d
[  327.730497]  dump_stack+0x10/0x18
[  327.730500]  mpset_constructor+0x322/0xa82 [neuron]
[  327.730520]  ? kmalloc_order+0x6b/0xa0
[  327.730527]  ? kmem_cache_alloc_trace+0x199/0x2f0
[  327.730530]  ? kmalloc_order_trace+0x1d/0xb0
[  327.730532]  neuron_pci_probe+0x3dd/0x610 [neuron]
[  327.730548]  local_pci_probe+0x4b/0x90
[  327.730551]  pci_call_probe+0x55/0x180
[  327.730554]  pci_device_probe+0x84/0x120
[  327.730558]  really_probe+0x1e4/0x3c0
[  327.730561]  __driver_probe_device+0x12a/0x1b0
[  327.730563]  driver_probe_device+0x23/0xd0
[  327.730565]  __driver_attach+0xc3/0x260
[  327.730568]  ? __device_attach_driver+0x160/0x160
[  327.730571]  bus_for_each_dev+0x83/0xe0
[  327.730574]  driver_attach+0x1e/0x30
[  327.730576]  bus_add_driver+0x187/0x230
[  327.730579]  driver_register+0x95/0x110
[  327.730582]  __pci_register_driver+0x68/0x80
[  327.730585]  neuron_pci_module_init+0x25/0x60 [neuron]
[  327.730600]  neuron_module_init+0xd6/0x1000 [neuron]
[  327.730619]  ? 0xffffffffc089f000
[  327.730621]  do_one_initcall+0x49/0x1f0
[  327.730624]  ? kmem_cache_alloc_trace+0x199/0x2f0
[  327.730628]  do_init_module+0x52/0x220
[  327.730631]  load_module+0xb56/0xd30
[  327.730634]  __do_sys_finit_module+0xcc/0x150
[  327.730637]  ? __do_sys_finit_module+0xcc/0x150
[  327.730641]  __x64_sys_finit_module+0x18/0x30
[  327.730644]  do_syscall_64+0x5c/0x90
[  327.730646]  ? exit_to_user_mode_prepare+0x3b/0xd0
[  327.730648]  ? syscall_exit_to_user_mode+0x2a/0x50
[  327.730652]  ? do_syscall_64+0x69/0x90
[  327.730655]  ? exit_to_user_mode_prepare+0x3b/0xd0
[  327.730658]  ? syscall_exit_to_user_mode+0x2a/0x50
[  327.730661]  ? do_syscall_64+0x69/0x90
[  327.730664]  entry_SYSCALL_64_after_hwframe+0x63/0xcd
[  327.730668] RIP: 0033:0x7fce3fd1e88d
[  327.730670] Code: 5b 41 5c c3 66 0f 1f 84 00 00 00 00 00 f3 0f 1e fa 48 89 f8 48 89 f7 48 89 d6 48 89 ca 4d 89 c2 4d 89 c8 4c 8b 4c 24 08 0f 05 <48> 3d 01 f0 ff ff 73 01 c3 48 8b 0d 73 b5 0f 00 f7 d8 64 89 01 48
[  327.730673] RSP: 002b:00007ffc8a2104b8 EFLAGS: 00000246 ORIG_RAX: 0000000000000139
[  327.730676] RAX: ffffffffffffffda RBX: 0000563e65e9b7b0 RCX: 00007fce3fd1e88d
[  327.730679] RDX: 0000000000000000 RSI: 0000563e6589ccd2 RDI: 0000000000000003
[  327.730681] RBP: 0000000000000000 R08: 0000000000000000 R09: 0000000000000000
[  327.730683] R10: 0000000000000003 R11: 0000000000000246 R12: 0000563e6589ccd2
[  327.730685] R13: 0000563e65e9b760 R14: 0000563e6589b888 R15: 0000563e65e9b8c0
[  327.730689]  </TASK>
[  327.730706] DMA_STACK_END: End of stack trace for dma_free_coherent
[  327.730707] DMA_INSTRUMENT: About to call dma_alloc_coherent from function mp_init_hrm_pool at /home/ubuntu/cda/orginal/aws-neuronx-2.20.28.0/neuron_mempool.c:268
[  327.730710] DMA_STACK_START: Stack trace for dma_alloc_coherent called from mp_init_hrm_pool
[  327.730711] CPU: 0 PID: 1875 Comm: insmod Tainted: G           OE     5.19.0-1024-aws #25~22.04.1-Ubuntu
[  327.730714] Hardware name: Amazon EC2 inf1.xlarge/, BIOS 1.0 10/16/2017
[  327.730716] Call Trace:
[  327.730717]  <TASK>
[  327.730718]  show_stack+0x52/0x69
[  327.730722]  dump_stack_lvl+0x49/0x6d
[  327.730725]  dump_stack+0x10/0x18
[  327.730727]  mpset_constructor+0x268/0xa82 [neuron]
[  327.730747]  ? kmalloc_order+0x6b/0xa0
[  327.730751]  ? kmem_cache_alloc_trace+0x199/0x2f0
[  327.730754]  ? kmalloc_order_trace+0x1d/0xb0
[  327.730757]  neuron_pci_probe+0x3dd/0x610 [neuron]
[  327.730773]  local_pci_probe+0x4b/0x90
[  327.730777]  pci_call_probe+0x55/0x180
[  327.730780]  pci_device_probe+0x84/0x120
[  327.730784]  really_probe+0x1e4/0x3c0
[  327.730787]  __driver_probe_device+0x12a/0x1b0
[  327.730790]  driver_probe_device+0x23/0xd0
[  327.730793]  __driver_attach+0xc3/0x260
[  327.730795]  ? __device_attach_driver+0x160/0x160
[  327.730798]  bus_for_each_dev+0x83/0xe0
[  327.730800]  driver_attach+0x1e/0x30
[  327.730803]  bus_add_driver+0x187/0x230
[  327.730806]  driver_register+0x95/0x110
[  327.730808]  __pci_register_driver+0x68/0x80
[  327.730812]  neuron_pci_module_init+0x25/0x60 [neuron]
[  327.730826]  neuron_module_init+0xd6/0x1000 [neuron]
[  327.730845]  ? 0xffffffffc089f000
[  327.730848]  do_one_initcall+0x49/0x1f0
[  327.730851]  ? kmem_cache_alloc_trace+0x199/0x2f0
[  327.730854]  do_init_module+0x52/0x220
[  327.730857]  load_module+0xb56/0xd30
[  327.730861]  __do_sys_finit_module+0xcc/0x150
[  327.730864]  ? __do_sys_finit_module+0xcc/0x150
[  327.730867]  __x64_sys_finit_module+0x18/0x30
[  327.730870]  do_syscall_64+0x5c/0x90
[  327.730873]  ? exit_to_user_mode_prepare+0x3b/0xd0
[  327.730875]  ? syscall_exit_to_user_mode+0x2a/0x50
[  327.730878]  ? do_syscall_64+0x69/0x90
[  327.730880]  ? exit_to_user_mode_prepare+0x3b/0xd0
[  327.730883]  ? syscall_exit_to_user_mode+0x2a/0x50
[  327.730886]  ? do_syscall_64+0x69/0x90
[  327.730888]  entry_SYSCALL_64_after_hwframe+0x63/0xcd
[  327.730892] RIP: 0033:0x7fce3fd1e88d
[  327.730894] Code: 5b 41 5c c3 66 0f 1f 84 00 00 00 00 00 f3 0f 1e fa 48 89 f8 48 89 f7 48 89 d6 48 89 ca 4d 89 c2 4d 89 c8 4c 8b 4c 24 08 0f 05 <48> 3d 01 f0 ff ff 73 01 c3 48 8b 0d 73 b5 0f 00 f7 d8 64 89 01 48
[  327.730896] RSP: 002b:00007ffc8a2104b8 EFLAGS: 00000246 ORIG_RAX: 0000000000000139
[  327.730899] RAX: ffffffffffffffda RBX: 0000563e65e9b7b0 RCX: 00007fce3fd1e88d
[  327.730901] RDX: 0000000000000000 RSI: 0000563e6589ccd2 RDI: 0000000000000003
[  327.730903] RBP: 0000000000000000 R08: 0000000000000000 R09: 0000000000000000
[  327.730905] R10: 0000000000000003 R11: 0000000000000246 R12: 0000563e6589ccd2
[  327.730907] R13: 0000563e65e9b760 R14: 0000563e6589b888 R15: 0000563e65e9b8c0
[  327.730910]  </TASK>
[  327.730912] DMA_STACK_END: End of stack trace for dma_alloc_coherent
[  327.730981] DMA_INSTRUMENT: About to call dma_free_coherent from function mp_init_hrm_pool at /home/ubuntu/cda/orginal/aws-neuronx-2.20.28.0/neuron_mempool.c:279
[  327.730983] DMA_STACK_START: Stack trace for dma_free_coherent called from mp_init_hrm_pool
[  327.730985] CPU: 0 PID: 1875 Comm: insmod Tainted: G           OE     5.19.0-1024-aws #25~22.04.1-Ubuntu
[  327.730988] Hardware name: Amazon EC2 inf1.xlarge/, BIOS 1.0 10/16/2017
[  327.730989] Call Trace:
[  327.730990]  <TASK>
[  327.730992]  show_stack+0x52/0x69
[  327.730995]  dump_stack_lvl+0x49/0x6d
[  327.730998]  dump_stack+0x10/0x18
[  327.731001]  mpset_constructor+0x322/0xa82 [neuron]
[  327.731020]  ? kmalloc_order+0x6b/0xa0
[  327.731024]  ? kmem_cache_alloc_trace+0x199/0x2f0
[  327.731027]  ? kmalloc_order_trace+0x1d/0xb0
[  327.731030]  neuron_pci_probe+0x3dd/0x610 [neuron]
[  327.731046]  local_pci_probe+0x4b/0x90
[  327.731050]  pci_call_probe+0x55/0x180
[  327.731053]  pci_device_probe+0x84/0x120
[  327.731057]  really_probe+0x1e4/0x3c0
[  327.731060]  __driver_probe_device+0x12a/0x1b0
[  327.731062]  driver_probe_device+0x23/0xd0
[  327.731066]  __driver_attach+0xc3/0x260
[  327.731069]  ? __device_attach_driver+0x160/0x160
[  327.731071]  bus_for_each_dev+0x83/0xe0
[  327.731074]  driver_attach+0x1e/0x30
[  327.731076]  bus_add_driver+0x187/0x230
[  327.731079]  driver_register+0x95/0x110
[  327.731082]  __pci_register_driver+0x68/0x80
[  327.731086]  neuron_pci_module_init+0x25/0x60 [neuron]
[  327.731100]  neuron_module_init+0xd6/0x1000 [neuron]
[  327.731119]  ? 0xffffffffc089f000
[  327.731121]  do_one_initcall+0x49/0x1f0
[  327.731125]  ? kmem_cache_alloc_trace+0x199/0x2f0
[  327.731129]  do_init_module+0x52/0x220
[  327.731132]  load_module+0xb56/0xd30
[  327.731136]  __do_sys_finit_module+0xcc/0x150
[  327.731139]  ? __do_sys_finit_module+0xcc/0x150
[  327.731143]  __x64_sys_finit_module+0x18/0x30
[  327.731146]  do_syscall_64+0x5c/0x90
[  327.731148]  ? exit_to_user_mode_prepare+0x3b/0xd0
[  327.731150]  ? syscall_exit_to_user_mode+0x2a/0x50
[  327.731154]  ? do_syscall_64+0x69/0x90
[  327.731156]  ? exit_to_user_mode_prepare+0x3b/0xd0
[  327.731158]  ? syscall_exit_to_user_mode+0x2a/0x50
[  327.731162]  ? do_syscall_64+0x69/0x90
[  327.731164]  entry_SYSCALL_64_after_hwframe+0x63/0xcd
[  327.731167] RIP: 0033:0x7fce3fd1e88d
[  327.731170] Code: 5b 41 5c c3 66 0f 1f 84 00 00 00 00 00 f3 0f 1e fa 48 89 f8 48 89 f7 48 89 d6 48 89 ca 4d 89 c2 4d 89 c8 4c 8b 4c 24 08 0f 05 <48> 3d 01 f0 ff ff 73 01 c3 48 8b 0d 73 b5 0f 00 f7 d8 64 89 01 48
[  327.731172] RSP: 002b:00007ffc8a2104b8 EFLAGS: 00000246 ORIG_RAX: 0000000000000139
[  327.731175] RAX: ffffffffffffffda RBX: 0000563e65e9b7b0 RCX: 00007fce3fd1e88d
[  327.731177] RDX: 0000000000000000 RSI: 0000563e6589ccd2 RDI: 0000000000000003
[  327.731179] RBP: 0000000000000000 R08: 0000000000000000 R09: 0000000000000000
[  327.731180] R10: 0000000000000003 R11: 0000000000000246 R12: 0000563e6589ccd2
[  327.731182] R13: 0000563e65e9b760 R14: 0000563e6589b888 R15: 0000563e65e9b8c0
[  327.731185]  </TASK>
[  327.731186] DMA_STACK_END: End of stack trace for dma_free_coherent
[  327.731187] DMA_INSTRUMENT: About to call dma_alloc_coherent from function mp_init_hrm_pool at /home/ubuntu/cda/orginal/aws-neuronx-2.20.28.0/neuron_mempool.c:268
[  327.731190] DMA_STACK_START: Stack trace for dma_alloc_coherent called from mp_init_hrm_pool
[  327.731191] CPU: 0 PID: 1875 Comm: insmod Tainted: G           OE     5.19.0-1024-aws #25~22.04.1-Ubuntu
[  327.731194] Hardware name: Amazon EC2 inf1.xlarge/, BIOS 1.0 10/16/2017
[  327.731195] Call Trace:
[  327.731196]  <TASK>
[  327.731197]  show_stack+0x52/0x69
[  327.731200]  dump_stack_lvl+0x49/0x6d
[  327.731203]  dump_stack+0x10/0x18
[  327.731206]  mpset_constructor+0x268/0xa82 [neuron]
[  327.731226]  ? kmalloc_order+0x6b/0xa0
[  327.731229]  ? kmem_cache_alloc_trace+0x199/0x2f0
[  327.731232]  ? kmalloc_order_trace+0x1d/0xb0
[  327.731235]  neuron_pci_probe+0x3dd/0x610 [neuron]
[  327.731250]  local_pci_probe+0x4b/0x90
[  327.731254]  pci_call_probe+0x55/0x180
[  327.731257]  pci_device_probe+0x84/0x120
[  327.731261]  really_probe+0x1e4/0x3c0
[  327.731263]  __driver_probe_device+0x12a/0x1b0
[  327.731266]  driver_probe_device+0x23/0xd0
[  327.731269]  __driver_attach+0xc3/0x260
[  327.731272]  ? __device_attach_driver+0x160/0x160
[  327.731274]  bus_for_each_dev+0x83/0xe0
[  327.731277]  driver_attach+0x1e/0x30
[  327.731280]  bus_add_driver+0x187/0x230
[  327.731283]  driver_register+0x95/0x110
[  327.731285]  __pci_register_driver+0x68/0x80
[  327.731289]  neuron_pci_module_init+0x25/0x60 [neuron]
[  327.731304]  neuron_module_init+0xd6/0x1000 [neuron]
[  327.731323]  ? 0xffffffffc089f000
[  327.731325]  do_one_initcall+0x49/0x1f0
[  327.731328]  ? kmem_cache_alloc_trace+0x199/0x2f0
[  327.731332]  do_init_module+0x52/0x220
[  327.731335]  load_module+0xb56/0xd30
[  327.731339]  __do_sys_finit_module+0xcc/0x150
[  327.731341]  ? __do_sys_finit_module+0xcc/0x150
[  327.731345]  __x64_sys_finit_module+0x18/0x30
[  327.731348]  do_syscall_64+0x5c/0x90
[  327.731351]  ? exit_to_user_mode_prepare+0x3b/0xd0
[  327.731354]  ? syscall_exit_to_user_mode+0x2a/0x50
[  327.731357]  ? do_syscall_64+0x69/0x90
[  327.731359]  ? exit_to_user_mode_prepare+0x3b/0xd0
[  327.731361]  ? syscall_exit_to_user_mode+0x2a/0x50
[  327.731364]  ? do_syscall_64+0x69/0x90
[  327.731366]  entry_SYSCALL_64_after_hwframe+0x63/0xcd
[  327.731370] RIP: 0033:0x7fce3fd1e88d
[  327.731372] Code: 5b 41 5c c3 66 0f 1f 84 00 00 00 00 00 f3 0f 1e fa 48 89 f8 48 89 f7 48 89 d6 48 89 ca 4d 89 c2 4d 89 c8 4c 8b 4c 24 08 0f 05 <48> 3d 01 f0 ff ff 73 01 c3 48 8b 0d 73 b5 0f 00 f7 d8 64 89 01 48
[  327.731374] RSP: 002b:00007ffc8a2104b8 EFLAGS: 00000246 ORIG_RAX: 0000000000000139
[  327.731377] RAX: ffffffffffffffda RBX: 0000563e65e9b7b0 RCX: 00007fce3fd1e88d
[  327.731379] RDX: 0000000000000000 RSI: 0000563e6589ccd2 RDI: 0000000000000003
[  327.731381] RBP: 0000000000000000 R08: 0000000000000000 R09: 0000000000000000
[  327.731382] R10: 0000000000000003 R11: 0000000000000246 R12: 0000563e6589ccd2
[  327.731384] R13: 0000563e65e9b760 R14: 0000563e6589b888 R15: 0000563e65e9b8c0
[  327.731387]  </TASK>
[  327.731389] DMA_STACK_END: End of stack trace for dma_alloc_coherent
[  327.731456] DMA_INSTRUMENT: About to call dma_free_coherent from function mp_init_hrm_pool at /home/ubuntu/cda/orginal/aws-neuronx-2.20.28.0/neuron_mempool.c:279
[  327.731458] DMA_STACK_START: Stack trace for dma_free_coherent called from mp_init_hrm_pool
[  327.731460] CPU: 0 PID: 1875 Comm: insmod Tainted: G           OE     5.19.0-1024-aws #25~22.04.1-Ubuntu
[  327.731463] Hardware name: Amazon EC2 inf1.xlarge/, BIOS 1.0 10/16/2017
[  327.731464] Call Trace:
[  327.731465]  <TASK>
[  327.731467]  show_stack+0x52/0x69
[  327.731470]  dump_stack_lvl+0x49/0x6d
[  327.731473]  dump_stack+0x10/0x18
[  327.731476]  mpset_constructor+0x322/0xa82 [neuron]
[  327.731496]  ? kmalloc_order+0x6b/0xa0
[  327.731500]  ? kmem_cache_alloc_trace+0x199/0x2f0
[  327.731503]  ? kmalloc_order_trace+0x1d/0xb0
[  327.731505]  neuron_pci_probe+0x3dd/0x610 [neuron]
[  327.731521]  local_pci_probe+0x4b/0x90
[  327.731524]  pci_call_probe+0x55/0x180
[  327.731528]  pci_device_probe+0x84/0x120
[  327.731531]  really_probe+0x1e4/0x3c0
[  327.731534]  __driver_probe_device+0x12a/0x1b0
[  327.731536]  driver_probe_device+0x23/0xd0
[  327.731539]  __driver_attach+0xc3/0x260
[  327.731542]  ? __device_attach_driver+0x160/0x160
[  327.731544]  bus_for_each_dev+0x83/0xe0
[  327.731547]  driver_attach+0x1e/0x30
[  327.731549]  bus_add_driver+0x187/0x230
[  327.731552]  driver_register+0x95/0x110
[  327.731555]  __pci_register_driver+0x68/0x80
[  327.731558]  neuron_pci_module_init+0x25/0x60 [neuron]
[  327.731573]  neuron_module_init+0xd6/0x1000 [neuron]
[  327.731592]  ? 0xffffffffc089f000
[  327.731594]  do_one_initcall+0x49/0x1f0
[  327.731598]  ? kmem_cache_alloc_trace+0x199/0x2f0
[  327.731601]  do_init_module+0x52/0x220
[  327.731604]  load_module+0xb56/0xd30
[  327.731608]  __do_sys_finit_module+0xcc/0x150
[  327.731611]  ? __do_sys_finit_module+0xcc/0x150
[  327.731615]  __x64_sys_finit_module+0x18/0x30
[  327.731618]  do_syscall_64+0x5c/0x90
[  327.731620]  ? exit_to_user_mode_prepare+0x3b/0xd0
[  327.731623]  ? syscall_exit_to_user_mode+0x2a/0x50
[  327.731626]  ? do_syscall_64+0x69/0x90
[  327.731629]  ? exit_to_user_mode_prepare+0x3b/0xd0
[  327.731632]  ? syscall_exit_to_user_mode+0x2a/0x50
[  327.731635]  ? do_syscall_64+0x69/0x90
[  327.731637]  entry_SYSCALL_64_after_hwframe+0x63/0xcd
[  327.731641] RIP: 0033:0x7fce3fd1e88d
[  327.731643] Code: 5b 41 5c c3 66 0f 1f 84 00 00 00 00 00 f3 0f 1e fa 48 89 f8 48 89 f7 48 89 d6 48 89 ca 4d 89 c2 4d 89 c8 4c 8b 4c 24 08 0f 05 <48> 3d 01 f0 ff ff 73 01 c3 48 8b 0d 73 b5 0f 00 f7 d8 64 89 01 48
[  327.731645] RSP: 002b:00007ffc8a2104b8 EFLAGS: 00000246 ORIG_RAX: 0000000000000139
[  327.731648] RAX: ffffffffffffffda RBX: 0000563e65e9b7b0 RCX: 00007fce3fd1e88d
[  327.731651] RDX: 0000000000000000 RSI: 0000563e6589ccd2 RDI: 0000000000000003
[  327.731653] RBP: 0000000000000000 R08: 0000000000000000 R09: 0000000000000000
[  327.731654] R10: 0000000000000003 R11: 0000000000000246 R12: 0000563e6589ccd2
[  327.731656] R13: 0000563e65e9b760 R14: 0000563e6589b888 R15: 0000563e65e9b8c0
[  327.731660]  </TASK>
[  327.731661] DMA_STACK_END: End of stack trace for dma_free_coherent
[  327.731663] neuron:mpset_constructor: reserved 134217728 bytes of host memory
[  327.731665] FUNC_ENTRY: Entering function mpset_init_device_pools at /home/ubuntu/cda/orginal/aws-neuronx-2.20.28.0/neuron_mempool.c:342
[  327.731667] FUNC_ENTRY: Entering function mp_init_device_mem at /home/ubuntu/cda/orginal/aws-neuronx-2.20.28.0/neuron_mempool.c:139
[  327.731669] neuron:mp_init_device_mem: small genpool size 1073741824 is invalid, skipping small genpool
[  327.731680] FUNC_ENTRY: Entering function mp_init_device_mem at /home/ubuntu/cda/orginal/aws-neuronx-2.20.28.0/neuron_mempool.c:139
[  327.731691] FUNC_ENTRY: Entering function mp_init_device_mem at /home/ubuntu/cda/orginal/aws-neuronx-2.20.28.0/neuron_mempool.c:139
[  327.731703] FUNC_ENTRY: Entering function mp_init_device_mem at /home/ubuntu/cda/orginal/aws-neuronx-2.20.28.0/neuron_mempool.c:139
[  327.731713] FUNC_ENTRY: Entering function mp_init_device_mem at /home/ubuntu/cda/orginal/aws-neuronx-2.20.28.0/neuron_mempool.c:139
[  327.731723] FUNC_ENTRY: Entering function mp_init_device_mem at /home/ubuntu/cda/orginal/aws-neuronx-2.20.28.0/neuron_mempool.c:139
[  327.731734] FUNC_ENTRY: Entering function mp_init_device_mem at /home/ubuntu/cda/orginal/aws-neuronx-2.20.28.0/neuron_mempool.c:139
[  327.731747] FUNC_ENTRY: Entering function mp_init_device_mem at /home/ubuntu/cda/orginal/aws-neuronx-2.20.28.0/neuron_mempool.c:139
[  327.830059] FUNC_ENTRY: Entering function mc_alloc_align at /home/ubuntu/cda/orginal/aws-neuronx-2.20.28.0/neuron_mempool.c:799
[  327.830063] FUNC_ENTRY: Entering function mc_alloc_internal at /home/ubuntu/cda/orginal/aws-neuronx-2.20.28.0/neuron_mempool.c:594
[  327.830067] neuron:nr_reset_thread_fn: nd0: initiating reset request 4294967295
[  327.830073] DMA_INSTRUMENT: About to call dma_alloc_coherent from function mc_alloc_internal at /home/ubuntu/cda/orginal/aws-neuronx-2.20.28.0/neuron_mempool.c:636
[  327.830075] DMA_STACK_START: Stack trace for dma_alloc_coherent called from mc_alloc_internal
[  327.830077] CPU: 0 PID: 1875 Comm: insmod Tainted: G           OE     5.19.0-1024-aws #25~22.04.1-Ubuntu
[  327.830080] Hardware name: Amazon EC2 inf1.xlarge/, BIOS 1.0 10/16/2017
[  327.830082] Call Trace:
[  327.830084]  <TASK>
[  327.830086]  show_stack+0x52/0x69
[  327.830092]  dump_stack_lvl+0x49/0x6d
[  327.830096]  dump_stack+0x10/0x18
[  327.830099]  mc_alloc_align+0x17d/0x97f [neuron]
[  327.830121]  ? __wake_up_common_lock+0x8a/0xd0
[  327.830126]  neuron_ds_init+0x8d/0xe0 [neuron]
[  327.830145]  neuron_pci_probe+0x462/0x610 [neuron]
[  327.830162]  local_pci_probe+0x4b/0x90
[  327.830167]  pci_call_probe+0x55/0x180
[  327.830171]  pci_device_probe+0x84/0x120
[  327.830174]  really_probe+0x1e4/0x3c0
[  327.830177]  __driver_probe_device+0x12a/0x1b0
[  327.830179]  driver_probe_device+0x23/0xd0
[  327.830182]  __driver_attach+0xc3/0x260
[  327.830184]  ? __device_attach_driver+0x160/0x160
[  327.830187]  bus_for_each_dev+0x83/0xe0
[  327.830189]  driver_attach+0x1e/0x30
[  327.830191]  bus_add_driver+0x187/0x230
[  327.830193]  driver_register+0x95/0x110
[  327.830196]  __pci_register_driver+0x68/0x80
[  327.830199]  neuron_pci_module_init+0x25/0x60 [neuron]
[  327.830212]  neuron_module_init+0xd6/0x1000 [neuron]
[  327.830229]  ? 0xffffffffc089f000
[  327.830231]  do_one_initcall+0x49/0x1f0
[  327.830235]  ? kmem_cache_alloc_trace+0x199/0x2f0
[  327.830238]  do_init_module+0x52/0x220
[  327.830241]  load_module+0xb56/0xd30
[  327.830244]  __do_sys_finit_module+0xcc/0x150
[  327.830247]  ? __do_sys_finit_module+0xcc/0x150
[  327.830250]  __x64_sys_finit_module+0x18/0x30
[  327.830252]  do_syscall_64+0x5c/0x90
[  327.830255]  ? exit_to_user_mode_prepare+0x3b/0xd0
[  327.830257]  ? syscall_exit_to_user_mode+0x2a/0x50
[  327.830260]  ? do_syscall_64+0x69/0x90
[  327.830262]  ? exit_to_user_mode_prepare+0x3b/0xd0
[  327.830264]  ? syscall_exit_to_user_mode+0x2a/0x50
[  327.830267]  ? do_syscall_64+0x69/0x90
[  327.830270]  entry_SYSCALL_64_after_hwframe+0x63/0xcd
[  327.830275] RIP: 0033:0x7fce3fd1e88d
[  327.830277] Code: 5b 41 5c c3 66 0f 1f 84 00 00 00 00 00 f3 0f 1e fa 48 89 f8 48 89 f7 48 89 d6 48 89 ca 4d 89 c2 4d 89 c8 4c 8b 4c 24 08 0f 05 <48> 3d 01 f0 ff ff 73 01 c3 48 8b 0d 73 b5 0f 00 f7 d8 64 89 01 48
[  327.830280] RSP: 002b:00007ffc8a2104b8 EFLAGS: 00000246 ORIG_RAX: 0000000000000139
[  327.830283] RAX: ffffffffffffffda RBX: 0000563e65e9b7b0 RCX: 00007fce3fd1e88d
[  327.830285] RDX: 0000000000000000 RSI: 0000563e6589ccd2 RDI: 0000000000000003
[  327.830287] RBP: 0000000000000000 R08: 0000000000000000 R09: 0000000000000000
[  327.830288] R10: 0000000000000003 R11: 0000000000000246 R12: 0000563e6589ccd2
[  327.830290] R13: 0000563e65e9b760 R14: 0000563e6589b888 R15: 0000563e65e9b8c0
[  327.830292]  </TASK>
[  327.830293] DMA_STACK_END: End of stack trace for dma_alloc_coherent
[  327.830365] FUNC_ENTRY: Entering function mc_add_to_lifespan_list at /home/ubuntu/cda/orginal/aws-neuronx-2.20.28.0/neuron_mempool.c:538
[  327.830368] FUNC_ENTRY: Entering function mpset_get_lifespan_head at /home/ubuntu/cda/orginal/aws-neuronx-2.20.28.0/neuron_mempool.c:520
[  327.830369] FUNC_ENTRY: Entering function mc_insert_node at /home/ubuntu/cda/orginal/aws-neuronx-2.20.28.0/neuron_mempool.c:89
[  327.830382] FUNC_ENTRY: Entering function mc_alloc_align at /home/ubuntu/cda/orginal/aws-neuronx-2.20.28.0/neuron_mempool.c:799
[  327.830384] FUNC_ENTRY: Entering function mc_alloc_internal at /home/ubuntu/cda/orginal/aws-neuronx-2.20.28.0/neuron_mempool.c:594
[  327.830388] DMA_INSTRUMENT: About to call dma_alloc_coherent from function mc_alloc_internal at /home/ubuntu/cda/orginal/aws-neuronx-2.20.28.0/neuron_mempool.c:636
[  327.830390] DMA_STACK_START: Stack trace for dma_alloc_coherent called from mc_alloc_internal
[  327.830392] CPU: 0 PID: 1875 Comm: insmod Tainted: G           OE     5.19.0-1024-aws #25~22.04.1-Ubuntu
[  327.830395] Hardware name: Amazon EC2 inf1.xlarge/, BIOS 1.0 10/16/2017
[  327.830396] Call Trace:
[  327.830398]  <TASK>
[  327.830399]  show_stack+0x52/0x69
[  327.830403]  dump_stack_lvl+0x49/0x6d
[  327.830406]  dump_stack+0x10/0x18
[  327.830409]  mc_alloc_align+0x17d/0x97f [neuron]
[  327.830430]  ? __wake_up_common_lock+0x8a/0xd0
[  327.830434]  neuron_ds_init+0x8d/0xe0 [neuron]
[  327.830451]  neuron_pci_probe+0x462/0x610 [neuron]
[  327.830467]  local_pci_probe+0x4b/0x90
[  327.830471]  pci_call_probe+0x55/0x180
[  327.830475]  pci_device_probe+0x84/0x120
[  327.830478]  really_probe+0x1e4/0x3c0
[  327.830481]  __driver_probe_device+0x12a/0x1b0
[  327.830484]  driver_probe_device+0x23/0xd0
[  327.830487]  __driver_attach+0xc3/0x260
[  327.830489]  ? __device_attach_driver+0x160/0x160
[  327.830492]  bus_for_each_dev+0x83/0xe0
[  327.830495]  driver_attach+0x1e/0x30
[  327.830497]  bus_add_driver+0x187/0x230
[  327.830500]  driver_register+0x95/0x110
[  327.830503]  __pci_register_driver+0x68/0x80
[  327.830506]  neuron_pci_module_init+0x25/0x60 [neuron]
[  327.830521]  neuron_module_init+0xd6/0x1000 [neuron]
[  327.830542]  ? 0xffffffffc089f000
[  327.830544]  do_one_initcall+0x49/0x1f0
[  327.830547]  ? kmem_cache_alloc_trace+0x199/0x2f0
[  327.830551]  do_init_module+0x52/0x220
[  327.830554]  load_module+0xb56/0xd30
[  327.830558]  __do_sys_finit_module+0xcc/0x150
[  327.830561]  ? __do_sys_finit_module+0xcc/0x150
[  327.830564]  __x64_sys_finit_module+0x18/0x30
[  327.830567]  do_syscall_64+0x5c/0x90
[  327.830569]  ? exit_to_user_mode_prepare+0x3b/0xd0
[  327.830572]  ? syscall_exit_to_user_mode+0x2a/0x50
[  327.830575]  ? do_syscall_64+0x69/0x90
[  327.830577]  ? exit_to_user_mode_prepare+0x3b/0xd0
[  327.830580]  ? syscall_exit_to_user_mode+0x2a/0x50
[  327.830583]  ? do_syscall_64+0x69/0x90
[  327.830585]  entry_SYSCALL_64_after_hwframe+0x63/0xcd
[  327.830588] RIP: 0033:0x7fce3fd1e88d
[  327.830591] Code: 5b 41 5c c3 66 0f 1f 84 00 00 00 00 00 f3 0f 1e fa 48 89 f8 48 89 f7 48 89 d6 48 89 ca 4d 89 c2 4d 89 c8 4c 8b 4c 24 08 0f 05 <48> 3d 01 f0 ff ff 73 01 c3 48 8b 0d 73 b5 0f 00 f7 d8 64 89 01 48
[  327.830593] RSP: 002b:00007ffc8a2104b8 EFLAGS: 00000246 ORIG_RAX: 0000000000000139
[  327.830597] RAX: ffffffffffffffda RBX: 0000563e65e9b7b0 RCX: 00007fce3fd1e88d
[  327.830599] RDX: 0000000000000000 RSI: 0000563e6589ccd2 RDI: 0000000000000003
[  327.830601] RBP: 0000000000000000 R08: 0000000000000000 R09: 0000000000000000
[  327.830602] R10: 0000000000000003 R11: 0000000000000246 R12: 0000563e6589ccd2
[  327.830604] R13: 0000563e65e9b760 R14: 0000563e6589b888 R15: 0000563e65e9b8c0
[  327.830607]  </TASK>
[  327.830624] DMA_STACK_END: End of stack trace for dma_alloc_coherent
[  327.830680] FUNC_ENTRY: Entering function mc_add_to_lifespan_list at /home/ubuntu/cda/orginal/aws-neuronx-2.20.28.0/neuron_mempool.c:538
[  327.830682] FUNC_ENTRY: Entering function mpset_get_lifespan_head at /home/ubuntu/cda/orginal/aws-neuronx-2.20.28.0/neuron_mempool.c:520
[  327.830685] FUNC_ENTRY: Entering function mc_insert_node at /home/ubuntu/cda/orginal/aws-neuronx-2.20.28.0/neuron_mempool.c:89
[  327.830696] FUNC_ENTRY: Entering function mc_alloc_align at /home/ubuntu/cda/orginal/aws-neuronx-2.20.28.0/neuron_mempool.c:799
[  327.830698] FUNC_ENTRY: Entering function mc_alloc_internal at /home/ubuntu/cda/orginal/aws-neuronx-2.20.28.0/neuron_mempool.c:594
[  327.830700] DMA_INSTRUMENT: About to call dma_alloc_coherent from function mc_alloc_internal at /home/ubuntu/cda/orginal/aws-neuronx-2.20.28.0/neuron_mempool.c:636
[  327.830702] DMA_STACK_START: Stack trace for dma_alloc_coherent called from mc_alloc_internal
[  327.830703] CPU: 0 PID: 1875 Comm: insmod Tainted: G           OE     5.19.0-1024-aws #25~22.04.1-Ubuntu
[  327.830707] Hardware name: Amazon EC2 inf1.xlarge/, BIOS 1.0 10/16/2017
[  327.830708] Call Trace:
[  327.830710]  <TASK>
[  327.830711]  show_stack+0x52/0x69
[  327.830715]  dump_stack_lvl+0x49/0x6d
[  327.830718]  dump_stack+0x10/0x18
[  327.830720]  mc_alloc_align+0x17d/0x97f [neuron]
[  327.830740]  ? __wake_up_common_lock+0x8a/0xd0
[  327.830744]  neuron_ds_init+0x8d/0xe0 [neuron]
[  327.830760]  neuron_pci_probe+0x462/0x610 [neuron]
[  327.830776]  local_pci_probe+0x4b/0x90
[  327.830779]  pci_call_probe+0x55/0x180
[  327.830782]  pci_device_probe+0x84/0x120
[  327.830786]  really_probe+0x1e4/0x3c0
[  327.830789]  __driver_probe_device+0x12a/0x1b0
[  327.830792]  driver_probe_device+0x23/0xd0
[  327.830794]  __driver_attach+0xc3/0x260
[  327.830797]  ? __device_attach_driver+0x160/0x160
[  327.830800]  bus_for_each_dev+0x83/0xe0
[  327.830803]  driver_attach+0x1e/0x30
[  327.830805]  bus_add_driver+0x187/0x230
[  327.830808]  driver_register+0x95/0x110
[  327.830811]  __pci_register_driver+0x68/0x80
[  327.830815]  neuron_pci_module_init+0x25/0x60 [neuron]
[  327.830829]  neuron_module_init+0xd6/0x1000 [neuron]
[  327.830849]  ? 0xffffffffc089f000
[  327.830851]  do_one_initcall+0x49/0x1f0
[  327.830855]  ? kmem_cache_alloc_trace+0x199/0x2f0
[  327.830858]  do_init_module+0x52/0x220
[  327.830861]  load_module+0xb56/0xd30
[  327.830865]  __do_sys_finit_module+0xcc/0x150
[  327.830868]  ? __do_sys_finit_module+0xcc/0x150
[  327.830871]  __x64_sys_finit_module+0x18/0x30
[  327.830873]  do_syscall_64+0x5c/0x90
[  327.830875]  ? exit_to_user_mode_prepare+0x3b/0xd0
[  327.830877]  ? syscall_exit_to_user_mode+0x2a/0x50
[  327.830880]  ? do_syscall_64+0x69/0x90
[  327.830882]  ? exit_to_user_mode_prepare+0x3b/0xd0
[  327.830885]  ? syscall_exit_to_user_mode+0x2a/0x50
[  327.830887]  ? do_syscall_64+0x69/0x90
[  327.830889]  entry_SYSCALL_64_after_hwframe+0x63/0xcd
[  327.830892] RIP: 0033:0x7fce3fd1e88d
[  327.830894] Code: 5b 41 5c c3 66 0f 1f 84 00 00 00 00 00 f3 0f 1e fa 48 89 f8 48 89 f7 48 89 d6 48 89 ca 4d 89 c2 4d 89 c8 4c 8b 4c 24 08 0f 05 <48> 3d 01 f0 ff ff 73 01 c3 48 8b 0d 73 b5 0f 00 f7 d8 64 89 01 48
[  327.830896] RSP: 002b:00007ffc8a2104b8 EFLAGS: 00000246 ORIG_RAX: 0000000000000139
[  327.830899] RAX: ffffffffffffffda RBX: 0000563e65e9b7b0 RCX: 00007fce3fd1e88d
[  327.830901] RDX: 0000000000000000 RSI: 0000563e6589ccd2 RDI: 0000000000000003
[  327.830903] RBP: 0000000000000000 R08: 0000000000000000 R09: 0000000000000000
[  327.830904] R10: 0000000000000003 R11: 0000000000000246 R12: 0000563e6589ccd2
[  327.830906] R13: 0000563e65e9b760 R14: 0000563e6589b888 R15: 0000563e65e9b8c0
[  327.830909]  </TASK>
[  327.830910] DMA_STACK_END: End of stack trace for dma_alloc_coherent
[  327.830971] FUNC_ENTRY: Entering function mc_add_to_lifespan_list at /home/ubuntu/cda/orginal/aws-neuronx-2.20.28.0/neuron_mempool.c:538
[  327.830973] FUNC_ENTRY: Entering function mpset_get_lifespan_head at /home/ubuntu/cda/orginal/aws-neuronx-2.20.28.0/neuron_mempool.c:520
[  327.830975] FUNC_ENTRY: Entering function mc_insert_node at /home/ubuntu/cda/orginal/aws-neuronx-2.20.28.0/neuron_mempool.c:89
[  327.830986] FUNC_ENTRY: Entering function mc_alloc_align at /home/ubuntu/cda/orginal/aws-neuronx-2.20.28.0/neuron_mempool.c:799
[  327.830988] FUNC_ENTRY: Entering function mc_alloc_internal at /home/ubuntu/cda/orginal/aws-neuronx-2.20.28.0/neuron_mempool.c:594
[  327.830989] DMA_INSTRUMENT: About to call dma_alloc_coherent from function mc_alloc_internal at /home/ubuntu/cda/orginal/aws-neuronx-2.20.28.0/neuron_mempool.c:636
[  327.830992] DMA_STACK_START: Stack trace for dma_alloc_coherent called from mc_alloc_internal
[  327.830993] CPU: 0 PID: 1875 Comm: insmod Tainted: G           OE     5.19.0-1024-aws #25~22.04.1-Ubuntu
[  327.830996] Hardware name: Amazon EC2 inf1.xlarge/, BIOS 1.0 10/16/2017
[  327.830997] Call Trace:
[  327.830999]  <TASK>
[  327.831000]  show_stack+0x52/0x69
[  327.831003]  dump_stack_lvl+0x49/0x6d
[  327.831006]  dump_stack+0x10/0x18
[  327.831009]  mc_alloc_align+0x17d/0x97f [neuron]
[  327.831030]  ? __wake_up_common_lock+0x8a/0xd0
[  327.831034]  neuron_ds_init+0x8d/0xe0 [neuron]
[  327.831052]  neuron_pci_probe+0x462/0x610 [neuron]
[  327.831068]  local_pci_probe+0x4b/0x90
[  327.831071]  pci_call_probe+0x55/0x180
[  327.831075]  pci_device_probe+0x84/0x120
[  327.831078]  really_probe+0x1e4/0x3c0
[  327.831081]  __driver_probe_device+0x12a/0x1b0
[  327.831084]  driver_probe_device+0x23/0xd0
[  327.831087]  __driver_attach+0xc3/0x260
[  327.831090]  ? __device_attach_driver+0x160/0x160
[  327.831093]  bus_for_each_dev+0x83/0xe0
[  327.831095]  driver_attach+0x1e/0x30
[  327.831098]  bus_add_driver+0x187/0x230
[  327.831101]  driver_register+0x95/0x110
[  327.831104]  __pci_register_driver+0x68/0x80
[  327.831107]  neuron_pci_module_init+0x25/0x60 [neuron]
[  327.831121]  neuron_module_init+0xd6/0x1000 [neuron]
[  327.831140]  ? 0xffffffffc089f000
[  327.831143]  do_one_initcall+0x49/0x1f0
[  327.831146]  ? kmem_cache_alloc_trace+0x199/0x2f0
[  327.831150]  do_init_module+0x52/0x220
[  327.831153]  load_module+0xb56/0xd30
[  327.831157]  __do_sys_finit_module+0xcc/0x150
[  327.831159]  ? __do_sys_finit_module+0xcc/0x150
[  327.831163]  __x64_sys_finit_module+0x18/0x30
[  327.831166]  do_syscall_64+0x5c/0x90
[  327.831168]  ? exit_to_user_mode_prepare+0x3b/0xd0
[  327.831170]  ? syscall_exit_to_user_mode+0x2a/0x50
[  327.831174]  ? do_syscall_64+0x69/0x90
[  327.831176]  ? exit_to_user_mode_prepare+0x3b/0xd0
[  327.831178]  ? syscall_exit_to_user_mode+0x2a/0x50
[  327.831181]  ? do_syscall_64+0x69/0x90
[  327.831183]  entry_SYSCALL_64_after_hwframe+0x63/0xcd
[  327.831187] RIP: 0033:0x7fce3fd1e88d
[  327.831189] Code: 5b 41 5c c3 66 0f 1f 84 00 00 00 00 00 f3 0f 1e fa 48 89 f8 48 89 f7 48 89 d6 48 89 ca 4d 89 c2 4d 89 c8 4c 8b 4c 24 08 0f 05 <48> 3d 01 f0 ff ff 73 01 c3 48 8b 0d 73 b5 0f 00 f7 d8 64 89 01 48
[  327.831191] RSP: 002b:00007ffc8a2104b8 EFLAGS: 00000246 ORIG_RAX: 0000000000000139
[  327.831194] RAX: ffffffffffffffda RBX: 0000563e65e9b7b0 RCX: 00007fce3fd1e88d
[  327.831196] RDX: 0000000000000000 RSI: 0000563e6589ccd2 RDI: 0000000000000003
[  327.831198] RBP: 0000000000000000 R08: 0000000000000000 R09: 0000000000000000
[  327.831200] R10: 0000000000000003 R11: 0000000000000246 R12: 0000563e6589ccd2
[  327.831202] R13: 0000563e65e9b760 R14: 0000563e6589b888 R15: 0000563e65e9b8c0
[  327.831205]  </TASK>
[  327.831206] DMA_STACK_END: End of stack trace for dma_alloc_coherent
[  327.831260] FUNC_ENTRY: Entering function mc_add_to_lifespan_list at /home/ubuntu/cda/orginal/aws-neuronx-2.20.28.0/neuron_mempool.c:538
[  327.831262] FUNC_ENTRY: Entering function mpset_get_lifespan_head at /home/ubuntu/cda/orginal/aws-neuronx-2.20.28.0/neuron_mempool.c:520
[  327.831263] FUNC_ENTRY: Entering function mc_insert_node at /home/ubuntu/cda/orginal/aws-neuronx-2.20.28.0/neuron_mempool.c:89
[  327.831274] FUNC_ENTRY: Entering function mc_alloc_align at /home/ubuntu/cda/orginal/aws-neuronx-2.20.28.0/neuron_mempool.c:799
[  327.831276] FUNC_ENTRY: Entering function mc_alloc_internal at /home/ubuntu/cda/orginal/aws-neuronx-2.20.28.0/neuron_mempool.c:594
[  327.831277] DMA_INSTRUMENT: About to call dma_alloc_coherent from function mc_alloc_internal at /home/ubuntu/cda/orginal/aws-neuronx-2.20.28.0/neuron_mempool.c:636
[  327.831279] DMA_STACK_START: Stack trace for dma_alloc_coherent called from mc_alloc_internal
[  327.831281] CPU: 0 PID: 1875 Comm: insmod Tainted: G           OE     5.19.0-1024-aws #25~22.04.1-Ubuntu
[  327.831284] Hardware name: Amazon EC2 inf1.xlarge/, BIOS 1.0 10/16/2017
[  327.831285] Call Trace:
[  327.831286]  <TASK>
[  327.831288]  show_stack+0x52/0x69
[  327.831291]  dump_stack_lvl+0x49/0x6d
[  327.831294]  dump_stack+0x10/0x18
[  327.831297]  mc_alloc_align+0x17d/0x97f [neuron]
[  327.831316]  ? __wake_up_common_lock+0x8a/0xd0
[  327.831320]  neuron_ds_init+0x8d/0xe0 [neuron]
[  327.831337]  neuron_pci_probe+0x462/0x610 [neuron]
[  327.831352]  local_pci_probe+0x4b/0x90
[  327.831355]  pci_call_probe+0x55/0x180
[  327.831359]  pci_device_probe+0x84/0x120
[  327.831362]  really_probe+0x1e4/0x3c0
[  327.831365]  __driver_probe_device+0x12a/0x1b0
[  327.831368]  driver_probe_device+0x23/0xd0
[  327.831370]  __driver_attach+0xc3/0x260
[  327.831373]  ? __device_attach_driver+0x160/0x160
[  327.831376]  bus_for_each_dev+0x83/0xe0
[  327.831379]  driver_attach+0x1e/0x30
[  327.831381]  bus_add_driver+0x187/0x230
[  327.831384]  driver_register+0x95/0x110
[  327.831387]  __pci_register_driver+0x68/0x80
[  327.831390]  neuron_pci_module_init+0x25/0x60 [neuron]
[  327.831404]  neuron_module_init+0xd6/0x1000 [neuron]
[  327.831423]  ? 0xffffffffc089f000
[  327.831425]  do_one_initcall+0x49/0x1f0
[  327.831429]  ? kmem_cache_alloc_trace+0x199/0x2f0
[  327.831432]  do_init_module+0x52/0x220
[  327.831435]  load_module+0xb56/0xd30
[  327.831439]  __do_sys_finit_module+0xcc/0x150
[  327.831442]  ? __do_sys_finit_module+0xcc/0x150
[  327.831446]  __x64_sys_finit_module+0x18/0x30
[  327.831449]  do_syscall_64+0x5c/0x90
[  327.831451]  ? exit_to_user_mode_prepare+0x3b/0xd0
[  327.831453]  ? syscall_exit_to_user_mode+0x2a/0x50
[  327.831456]  ? do_syscall_64+0x69/0x90
[  327.831458]  ? exit_to_user_mode_prepare+0x3b/0xd0
[  327.831461]  ? syscall_exit_to_user_mode+0x2a/0x50
[  327.831463]  ? do_syscall_64+0x69/0x90
[  327.831465]  entry_SYSCALL_64_after_hwframe+0x63/0xcd
[  327.831469] RIP: 0033:0x7fce3fd1e88d
[  327.831471] Code: 5b 41 5c c3 66 0f 1f 84 00 00 00 00 00 f3 0f 1e fa 48 89 f8 48 89 f7 48 89 d6 48 89 ca 4d 89 c2 4d 89 c8 4c 8b 4c 24 08 0f 05 <48> 3d 01 f0 ff ff 73 01 c3 48 8b 0d 73 b5 0f 00 f7 d8 64 89 01 48
[  327.831473] RSP: 002b:00007ffc8a2104b8 EFLAGS: 00000246 ORIG_RAX: 0000000000000139
[  327.831476] RAX: ffffffffffffffda RBX: 0000563e65e9b7b0 RCX: 00007fce3fd1e88d
[  327.831478] RDX: 0000000000000000 RSI: 0000563e6589ccd2 RDI: 0000000000000003
[  327.831480] RBP: 0000000000000000 R08: 0000000000000000 R09: 0000000000000000
[  327.831482] R10: 0000000000000003 R11: 0000000000000246 R12: 0000563e6589ccd2
[  327.831483] R13: 0000563e65e9b760 R14: 0000563e6589b888 R15: 0000563e65e9b8c0
[  327.831486]  </TASK>
[  327.831488] DMA_STACK_END: End of stack trace for dma_alloc_coherent
[  327.831548] FUNC_ENTRY: Entering function mc_add_to_lifespan_list at /home/ubuntu/cda/orginal/aws-neuronx-2.20.28.0/neuron_mempool.c:538
[  327.831550] FUNC_ENTRY: Entering function mpset_get_lifespan_head at /home/ubuntu/cda/orginal/aws-neuronx-2.20.28.0/neuron_mempool.c:520
[  327.831552] FUNC_ENTRY: Entering function mc_insert_node at /home/ubuntu/cda/orginal/aws-neuronx-2.20.28.0/neuron_mempool.c:89
[  327.831563] FUNC_ENTRY: Entering function mc_alloc_align at /home/ubuntu/cda/orginal/aws-neuronx-2.20.28.0/neuron_mempool.c:799
[  327.831564] FUNC_ENTRY: Entering function mc_alloc_internal at /home/ubuntu/cda/orginal/aws-neuronx-2.20.28.0/neuron_mempool.c:594
[  327.831566] DMA_INSTRUMENT: About to call dma_alloc_coherent from function mc_alloc_internal at /home/ubuntu/cda/orginal/aws-neuronx-2.20.28.0/neuron_mempool.c:636
[  327.831568] DMA_STACK_START: Stack trace for dma_alloc_coherent called from mc_alloc_internal
[  327.831569] CPU: 0 PID: 1875 Comm: insmod Tainted: G           OE     5.19.0-1024-aws #25~22.04.1-Ubuntu
[  327.831572] Hardware name: Amazon EC2 inf1.xlarge/, BIOS 1.0 10/16/2017
[  327.831574] Call Trace:
[  327.831575]  <TASK>
[  327.831576]  show_stack+0x52/0x69
[  327.831579]  dump_stack_lvl+0x49/0x6d
[  327.831583]  dump_stack+0x10/0x18
[  327.831585]  mc_alloc_align+0x17d/0x97f [neuron]
[  327.831606]  ? __wake_up_common_lock+0x8a/0xd0
[  327.831610]  neuron_ds_init+0x8d/0xe0 [neuron]
[  327.831628]  neuron_pci_probe+0x462/0x610 [neuron]
[  327.831643]  local_pci_probe+0x4b/0x90
[  327.831647]  pci_call_probe+0x55/0x180
[  327.831651]  pci_device_probe+0x84/0x120
[  327.831654]  really_probe+0x1e4/0x3c0
[  327.831657]  __driver_probe_device+0x12a/0x1b0
[  327.831660]  driver_probe_device+0x23/0xd0
[  327.831662]  __driver_attach+0xc3/0x260
[  327.831665]  ? __device_attach_driver+0x160/0x160
[  327.831668]  bus_for_each_dev+0x83/0xe0
[  327.831671]  driver_attach+0x1e/0x30
[  327.831673]  bus_add_driver+0x187/0x230
[  327.831676]  driver_register+0x95/0x110
[  327.831678]  __pci_register_driver+0x68/0x80
[  327.831682]  neuron_pci_module_init+0x25/0x60 [neuron]
[  327.831696]  neuron_module_init+0xd6/0x1000 [neuron]
[  327.831715]  ? 0xffffffffc089f000
[  327.831718]  do_one_initcall+0x49/0x1f0
[  327.831721]  ? kmem_cache_alloc_trace+0x199/0x2f0
[  327.831725]  do_init_module+0x52/0x220
[  327.831727]  load_module+0xb56/0xd30
[  327.831731]  __do_sys_finit_module+0xcc/0x150
[  327.831734]  ? __do_sys_finit_module+0xcc/0x150
[  327.831738]  __x64_sys_finit_module+0x18/0x30
[  327.831740]  do_syscall_64+0x5c/0x90
[  327.831743]  ? exit_to_user_mode_prepare+0x3b/0xd0
[  327.831745]  ? syscall_exit_to_user_mode+0x2a/0x50
[  327.831748]  ? do_syscall_64+0x69/0x90
[  327.831750]  ? exit_to_user_mode_prepare+0x3b/0xd0
[  327.831753]  ? syscall_exit_to_user_mode+0x2a/0x50
[  327.831756]  ? do_syscall_64+0x69/0x90
[  327.831758]  entry_SYSCALL_64_after_hwframe+0x63/0xcd
[  327.831761] RIP: 0033:0x7fce3fd1e88d
[  327.831763] Code: 5b 41 5c c3 66 0f 1f 84 00 00 00 00 00 f3 0f 1e fa 48 89 f8 48 89 f7 48 89 d6 48 89 ca 4d 89 c2 4d 89 c8 4c 8b 4c 24 08 0f 05 <48> 3d 01 f0 ff ff 73 01 c3 48 8b 0d 73 b5 0f 00 f7 d8 64 89 01 48
[  327.831766] RSP: 002b:00007ffc8a2104b8 EFLAGS: 00000246 ORIG_RAX: 0000000000000139
[  327.831769] RAX: ffffffffffffffda RBX: 0000563e65e9b7b0 RCX: 00007fce3fd1e88d
[  327.831771] RDX: 0000000000000000 RSI: 0000563e6589ccd2 RDI: 0000000000000003
[  327.831773] RBP: 0000000000000000 R08: 0000000000000000 R09: 0000000000000000
[  327.831775] R10: 0000000000000003 R11: 0000000000000246 R12: 0000563e6589ccd2
[  327.831777] R13: 0000563e65e9b760 R14: 0000563e6589b888 R15: 0000563e65e9b8c0
[  327.831780]  </TASK>
[  327.831781] DMA_STACK_END: End of stack trace for dma_alloc_coherent
[  327.831835] FUNC_ENTRY: Entering function mc_add_to_lifespan_list at /home/ubuntu/cda/orginal/aws-neuronx-2.20.28.0/neuron_mempool.c:538
[  327.831837] FUNC_ENTRY: Entering function mpset_get_lifespan_head at /home/ubuntu/cda/orginal/aws-neuronx-2.20.28.0/neuron_mempool.c:520
[  327.831839] FUNC_ENTRY: Entering function mc_insert_node at /home/ubuntu/cda/orginal/aws-neuronx-2.20.28.0/neuron_mempool.c:89
[  327.831849] FUNC_ENTRY: Entering function mc_alloc_align at /home/ubuntu/cda/orginal/aws-neuronx-2.20.28.0/neuron_mempool.c:799
[  327.831851] FUNC_ENTRY: Entering function mc_alloc_internal at /home/ubuntu/cda/orginal/aws-neuronx-2.20.28.0/neuron_mempool.c:594
[  327.831853] DMA_INSTRUMENT: About to call dma_alloc_coherent from function mc_alloc_internal at /home/ubuntu/cda/orginal/aws-neuronx-2.20.28.0/neuron_mempool.c:636
[  327.831855] DMA_STACK_START: Stack trace for dma_alloc_coherent called from mc_alloc_internal
[  327.831856] CPU: 0 PID: 1875 Comm: insmod Tainted: G           OE     5.19.0-1024-aws #25~22.04.1-Ubuntu
[  327.831859] Hardware name: Amazon EC2 inf1.xlarge/, BIOS 1.0 10/16/2017
[  327.831861] Call Trace:
[  327.831862]  <TASK>
[  327.831863]  show_stack+0x52/0x69
[  327.831866]  dump_stack_lvl+0x49/0x6d
[  327.831869]  dump_stack+0x10/0x18
[  327.831872]  mc_alloc_align+0x17d/0x97f [neuron]
[  327.831892]  ? __wake_up_common_lock+0x8a/0xd0
[  327.831896]  neuron_ds_init+0x8d/0xe0 [neuron]
[  327.831913]  neuron_pci_probe+0x462/0x610 [neuron]
[  327.831928]  local_pci_probe+0x4b/0x90
[  327.831932]  pci_call_probe+0x55/0x180
[  327.831936]  pci_device_probe+0x84/0x120
[  327.831939]  really_probe+0x1e4/0x3c0
[  327.831942]  __driver_probe_device+0x12a/0x1b0
[  327.831945]  driver_probe_device+0x23/0xd0
[  327.831948]  __driver_attach+0xc3/0x260
[  327.831950]  ? __device_attach_driver+0x160/0x160
[  327.831953]  bus_for_each_dev+0x83/0xe0
[  327.831956]  driver_attach+0x1e/0x30
[  327.831958]  bus_add_driver+0x187/0x230
[  327.831961]  driver_register+0x95/0x110
[  327.831964]  __pci_register_driver+0x68/0x80
[  327.831967]  neuron_pci_module_init+0x25/0x60 [neuron]
[  327.831982]  neuron_module_init+0xd6/0x1000 [neuron]
[  327.832000]  ? 0xffffffffc089f000
[  327.832002]  do_one_initcall+0x49/0x1f0
[  327.832005]  ? kmem_cache_alloc_trace+0x199/0x2f0
[  327.832008]  do_init_module+0x52/0x220
[  327.832011]  load_module+0xb56/0xd30
[  327.832014]  __do_sys_finit_module+0xcc/0x150
[  327.832017]  ? __do_sys_finit_module+0xcc/0x150
[  327.832021]  __x64_sys_finit_module+0x18/0x30
[  327.832024]  do_syscall_64+0x5c/0x90
[  327.832026]  ? exit_to_user_mode_prepare+0x3b/0xd0
[  327.832028]  ? syscall_exit_to_user_mode+0x2a/0x50
[  327.832031]  ? do_syscall_64+0x69/0x90
[  327.832033]  ? exit_to_user_mode_prepare+0x3b/0xd0
[  327.832035]  ? syscall_exit_to_user_mode+0x2a/0x50
[  327.832037]  ? do_syscall_64+0x69/0x90
[  327.832039]  entry_SYSCALL_64_after_hwframe+0x63/0xcd
[  327.832042] RIP: 0033:0x7fce3fd1e88d
[  327.832044] Code: 5b 41 5c c3 66 0f 1f 84 00 00 00 00 00 f3 0f 1e fa 48 89 f8 48 89 f7 48 89 d6 48 89 ca 4d 89 c2 4d 89 c8 4c 8b 4c 24 08 0f 05 <48> 3d 01 f0 ff ff 73 01 c3 48 8b 0d 73 b5 0f 00 f7 d8 64 89 01 48
[  327.832046] RSP: 002b:00007ffc8a2104b8 EFLAGS: 00000246 ORIG_RAX: 0000000000000139
[  327.832050] RAX: ffffffffffffffda RBX: 0000563e65e9b7b0 RCX: 00007fce3fd1e88d
[  327.832051] RDX: 0000000000000000 RSI: 0000563e6589ccd2 RDI: 0000000000000003
[  327.832053] RBP: 0000000000000000 R08: 0000000000000000 R09: 0000000000000000
[  327.832054] R10: 0000000000000003 R11: 0000000000000246 R12: 0000563e6589ccd2
[  327.832056] R13: 0000563e65e9b760 R14: 0000563e6589b888 R15: 0000563e65e9b8c0
[  327.832058]  </TASK>
[  327.832060] DMA_STACK_END: End of stack trace for dma_alloc_coherent
[  327.832129] FUNC_ENTRY: Entering function mc_add_to_lifespan_list at /home/ubuntu/cda/orginal/aws-neuronx-2.20.28.0/neuron_mempool.c:538
[  327.832131] FUNC_ENTRY: Entering function mpset_get_lifespan_head at /home/ubuntu/cda/orginal/aws-neuronx-2.20.28.0/neuron_mempool.c:520
[  327.832132] FUNC_ENTRY: Entering function mc_insert_node at /home/ubuntu/cda/orginal/aws-neuronx-2.20.28.0/neuron_mempool.c:89
[  327.832145] FUNC_ENTRY: Entering function mc_alloc_align at /home/ubuntu/cda/orginal/aws-neuronx-2.20.28.0/neuron_mempool.c:799
[  327.832146] FUNC_ENTRY: Entering function mc_alloc_internal at /home/ubuntu/cda/orginal/aws-neuronx-2.20.28.0/neuron_mempool.c:594
[  327.832147] DMA_INSTRUMENT: About to call dma_alloc_coherent from function mc_alloc_internal at /home/ubuntu/cda/orginal/aws-neuronx-2.20.28.0/neuron_mempool.c:636
[  327.832149] DMA_STACK_START: Stack trace for dma_alloc_coherent called from mc_alloc_internal
[  327.832151] CPU: 0 PID: 1875 Comm: insmod Tainted: G           OE     5.19.0-1024-aws #25~22.04.1-Ubuntu
[  327.832153] Hardware name: Amazon EC2 inf1.xlarge/, BIOS 1.0 10/16/2017
[  327.832155] Call Trace:
[  327.832156]  <TASK>
[  327.832157]  show_stack+0x52/0x69
[  327.832161]  dump_stack_lvl+0x49/0x6d
[  327.832165]  dump_stack+0x10/0x18
[  327.832167]  mc_alloc_align+0x17d/0x97f [neuron]
[  327.832186]  ? __wake_up_common_lock+0x8a/0xd0
[  327.832190]  neuron_ds_init+0x8d/0xe0 [neuron]
[  327.832205]  neuron_pci_probe+0x462/0x610 [neuron]
[  327.832221]  local_pci_probe+0x4b/0x90
[  327.832225]  pci_call_probe+0x55/0x180
[  327.832228]  pci_device_probe+0x84/0x120
[  327.832231]  really_probe+0x1e4/0x3c0
[  327.832234]  __driver_probe_device+0x12a/0x1b0
[  327.832237]  driver_probe_device+0x23/0xd0
[  327.832240]  __driver_attach+0xc3/0x260
[  327.832243]  ? __device_attach_driver+0x160/0x160
[  327.832245]  bus_for_each_dev+0x83/0xe0
[  327.832248]  driver_attach+0x1e/0x30
[  327.832250]  bus_add_driver+0x187/0x230
[  327.832253]  driver_register+0x95/0x110
[  327.832256]  __pci_register_driver+0x68/0x80
[  327.832259]  neuron_pci_module_init+0x25/0x60 [neuron]
[  327.832273]  neuron_module_init+0xd6/0x1000 [neuron]
[  327.832292]  ? 0xffffffffc089f000
[  327.832294]  do_one_initcall+0x49/0x1f0
[  327.832298]  ? kmem_cache_alloc_trace+0x199/0x2f0
[  327.832302]  do_init_module+0x52/0x220
[  327.832305]  load_module+0xb56/0xd30
[  327.832309]  __do_sys_finit_module+0xcc/0x150
[  327.832311]  ? __do_sys_finit_module+0xcc/0x150
[  327.832315]  __x64_sys_finit_module+0x18/0x30
[  327.832318]  do_syscall_64+0x5c/0x90
[  327.832321]  ? exit_to_user_mode_prepare+0x3b/0xd0
[  327.832323]  ? syscall_exit_to_user_mode+0x2a/0x50
[  327.832326]  ? do_syscall_64+0x69/0x90
[  327.832328]  ? exit_to_user_mode_prepare+0x3b/0xd0
[  327.832331]  ? syscall_exit_to_user_mode+0x2a/0x50
[  327.832333]  ? do_syscall_64+0x69/0x90
[  327.832335]  entry_SYSCALL_64_after_hwframe+0x63/0xcd
[  327.832339] RIP: 0033:0x7fce3fd1e88d
[  327.832342] Code: 5b 41 5c c3 66 0f 1f 84 00 00 00 00 00 f3 0f 1e fa 48 89 f8 48 89 f7 48 89 d6 48 89 ca 4d 89 c2 4d 89 c8 4c 8b 4c 24 08 0f 05 <48> 3d 01 f0 ff ff 73 01 c3 48 8b 0d 73 b5 0f 00 f7 d8 64 89 01 48
[  327.832344] RSP: 002b:00007ffc8a2104b8 EFLAGS: 00000246 ORIG_RAX: 0000000000000139
[  327.832347] RAX: ffffffffffffffda RBX: 0000563e65e9b7b0 RCX: 00007fce3fd1e88d
[  327.832350] RDX: 0000000000000000 RSI: 0000563e6589ccd2 RDI: 0000000000000003
[  327.832352] RBP: 0000000000000000 R08: 0000000000000000 R09: 0000000000000000
[  327.832353] R10: 0000000000000003 R11: 0000000000000246 R12: 0000563e6589ccd2
[  327.832355] R13: 0000563e65e9b760 R14: 0000563e6589b888 R15: 0000563e65e9b8c0
[  327.832358]  </TASK>
[  327.832359] DMA_STACK_END: End of stack trace for dma_alloc_coherent
[  327.832415] FUNC_ENTRY: Entering function mc_add_to_lifespan_list at /home/ubuntu/cda/orginal/aws-neuronx-2.20.28.0/neuron_mempool.c:538
[  327.832417] FUNC_ENTRY: Entering function mpset_get_lifespan_head at /home/ubuntu/cda/orginal/aws-neuronx-2.20.28.0/neuron_mempool.c:520
[  327.832419] FUNC_ENTRY: Entering function mc_insert_node at /home/ubuntu/cda/orginal/aws-neuronx-2.20.28.0/neuron_mempool.c:89
[  327.832430] FUNC_ENTRY: Entering function mc_alloc_align at /home/ubuntu/cda/orginal/aws-neuronx-2.20.28.0/neuron_mempool.c:799
[  327.832431] FUNC_ENTRY: Entering function mc_alloc_internal at /home/ubuntu/cda/orginal/aws-neuronx-2.20.28.0/neuron_mempool.c:594
[  327.832433] DMA_INSTRUMENT: About to call dma_alloc_coherent from function mc_alloc_internal at /home/ubuntu/cda/orginal/aws-neuronx-2.20.28.0/neuron_mempool.c:636
[  327.832435] DMA_STACK_START: Stack trace for dma_alloc_coherent called from mc_alloc_internal
[  327.832437] CPU: 0 PID: 1875 Comm: insmod Tainted: G           OE     5.19.0-1024-aws #25~22.04.1-Ubuntu
[  327.832439] Hardware name: Amazon EC2 inf1.xlarge/, BIOS 1.0 10/16/2017
[  327.832441] Call Trace:
[  327.832442]  <TASK>
[  327.832443]  show_stack+0x52/0x69
[  327.832447]  dump_stack_lvl+0x49/0x6d
[  327.832450]  dump_stack+0x10/0x18
[  327.832453]  mc_alloc_align+0x17d/0x97f [neuron]
[  327.832473]  ? __wake_up_common_lock+0x8a/0xd0
[  327.832477]  neuron_ds_init+0x8d/0xe0 [neuron]
[  327.832494]  neuron_pci_probe+0x462/0x610 [neuron]
[  327.832509]  local_pci_probe+0x4b/0x90
[  327.832513]  pci_call_probe+0x55/0x180
[  327.832517]  pci_device_probe+0x84/0x120
[  327.832520]  really_probe+0x1e4/0x3c0
[  327.832523]  __driver_probe_device+0x12a/0x1b0
[  327.832526]  driver_probe_device+0x23/0xd0
[  327.832528]  __driver_attach+0xc3/0x260
[  327.832531]  ? __device_attach_driver+0x160/0x160
[  327.832534]  bus_for_each_dev+0x83/0xe0
[  327.832536]  driver_attach+0x1e/0x30
[  327.832539]  bus_add_driver+0x187/0x230
[  327.832541]  driver_register+0x95/0x110
[  327.832544]  __pci_register_driver+0x68/0x80
[  327.832547]  neuron_pci_module_init+0x25/0x60 [neuron]
[  327.832562]  neuron_module_init+0xd6/0x1000 [neuron]
[  327.832582]  ? 0xffffffffc089f000
[  327.832584]  do_one_initcall+0x49/0x1f0
[  327.832587]  ? kmem_cache_alloc_trace+0x199/0x2f0
[  327.832591]  do_init_module+0x52/0x220
[  327.832593]  load_module+0xb56/0xd30
[  327.832597]  __do_sys_finit_module+0xcc/0x150
[  327.832600]  ? __do_sys_finit_module+0xcc/0x150
[  327.832604]  __x64_sys_finit_module+0x18/0x30
[  327.832607]  do_syscall_64+0x5c/0x90
[  327.832609]  ? exit_to_user_mode_prepare+0x3b/0xd0
[  327.832611]  ? syscall_exit_to_user_mode+0x2a/0x50
[  327.832614]  ? do_syscall_64+0x69/0x90
[  327.832616]  ? exit_to_user_mode_prepare+0x3b/0xd0
[  327.832619]  ? syscall_exit_to_user_mode+0x2a/0x50
[  327.832621]  ? do_syscall_64+0x69/0x90
[  327.832624]  entry_SYSCALL_64_after_hwframe+0x63/0xcd
[  327.832627] RIP: 0033:0x7fce3fd1e88d
[  327.832629] Code: 5b 41 5c c3 66 0f 1f 84 00 00 00 00 00 f3 0f 1e fa 48 89 f8 48 89 f7 48 89 d6 48 89 ca 4d 89 c2 4d 89 c8 4c 8b 4c 24 08 0f 05 <48> 3d 01 f0 ff ff 73 01 c3 48 8b 0d 73 b5 0f 00 f7 d8 64 89 01 48
[  327.832632] RSP: 002b:00007ffc8a2104b8 EFLAGS: 00000246 ORIG_RAX: 0000000000000139
[  327.832635] RAX: ffffffffffffffda RBX: 0000563e65e9b7b0 RCX: 00007fce3fd1e88d
[  327.832637] RDX: 0000000000000000 RSI: 0000563e6589ccd2 RDI: 0000000000000003
[  327.832638] RBP: 0000000000000000 R08: 0000000000000000 R09: 0000000000000000
[  327.832640] R10: 0000000000000003 R11: 0000000000000246 R12: 0000563e6589ccd2
[  327.832642] R13: 0000563e65e9b760 R14: 0000563e6589b888 R15: 0000563e65e9b8c0
[  327.832645]  </TASK>
[  327.832646] DMA_STACK_END: End of stack trace for dma_alloc_coherent
[  327.832705] FUNC_ENTRY: Entering function mc_add_to_lifespan_list at /home/ubuntu/cda/orginal/aws-neuronx-2.20.28.0/neuron_mempool.c:538
[  327.832707] FUNC_ENTRY: Entering function mpset_get_lifespan_head at /home/ubuntu/cda/orginal/aws-neuronx-2.20.28.0/neuron_mempool.c:520
[  327.832708] FUNC_ENTRY: Entering function mc_insert_node at /home/ubuntu/cda/orginal/aws-neuronx-2.20.28.0/neuron_mempool.c:89
[  327.832720] FUNC_ENTRY: Entering function mc_alloc_align at /home/ubuntu/cda/orginal/aws-neuronx-2.20.28.0/neuron_mempool.c:799
[  327.832721] FUNC_ENTRY: Entering function mc_alloc_internal at /home/ubuntu/cda/orginal/aws-neuronx-2.20.28.0/neuron_mempool.c:594
[  327.832722] DMA_INSTRUMENT: About to call dma_alloc_coherent from function mc_alloc_internal at /home/ubuntu/cda/orginal/aws-neuronx-2.20.28.0/neuron_mempool.c:636
[  327.832724] DMA_STACK_START: Stack trace for dma_alloc_coherent called from mc_alloc_internal
[  327.832726] CPU: 0 PID: 1875 Comm: insmod Tainted: G           OE     5.19.0-1024-aws #25~22.04.1-Ubuntu
[  327.832728] Hardware name: Amazon EC2 inf1.xlarge/, BIOS 1.0 10/16/2017
[  327.832729] Call Trace:
[  327.832731]  <TASK>
[  327.832732]  show_stack+0x52/0x69
[  327.832735]  dump_stack_lvl+0x49/0x6d
[  327.832738]  dump_stack+0x10/0x18
[  327.832740]  mc_alloc_align+0x17d/0x97f [neuron]
[  327.832760]  ? __wake_up_common_lock+0x8a/0xd0
[  327.832763]  neuron_ds_init+0x8d/0xe0 [neuron]
[  327.832779]  neuron_pci_probe+0x462/0x610 [neuron]
[  327.832795]  local_pci_probe+0x4b/0x90
[  327.832799]  pci_call_probe+0x55/0x180
[  327.832803]  pci_device_probe+0x84/0x120
[  327.832806]  really_probe+0x1e4/0x3c0
[  327.832809]  __driver_probe_device+0x12a/0x1b0
[  327.832813]  driver_probe_device+0x23/0xd0
[  327.832816]  __driver_attach+0xc3/0x260
[  327.832819]  ? __device_attach_driver+0x160/0x160
[  327.832822]  bus_for_each_dev+0x83/0xe0
[  327.832825]  driver_attach+0x1e/0x30
[  327.832827]  bus_add_driver+0x187/0x230
[  327.832830]  driver_register+0x95/0x110
[  327.832833]  __pci_register_driver+0x68/0x80
[  327.832837]  neuron_pci_module_init+0x25/0x60 [neuron]
[  327.832851]  neuron_module_init+0xd6/0x1000 [neuron]
[  327.832872]  ? 0xffffffffc089f000
[  327.832875]  do_one_initcall+0x49/0x1f0
[  327.832879]  ? kmem_cache_alloc_trace+0x199/0x2f0
[  327.832882]  do_init_module+0x52/0x220
[  327.832886]  load_module+0xb56/0xd30
[  327.832890]  __do_sys_finit_module+0xcc/0x150
[  327.832893]  ? __do_sys_finit_module+0xcc/0x150
[  327.832897]  __x64_sys_finit_module+0x18/0x30
[  327.832900]  do_syscall_64+0x5c/0x90
[  327.832903]  ? exit_to_user_mode_prepare+0x3b/0xd0
[  327.832905]  ? syscall_exit_to_user_mode+0x2a/0x50
[  327.832908]  ? do_syscall_64+0x69/0x90
[  327.832911]  ? exit_to_user_mode_prepare+0x3b/0xd0
[  327.832913]  ? syscall_exit_to_user_mode+0x2a/0x50
[  327.832917]  ? do_syscall_64+0x69/0x90
[  327.832919]  entry_SYSCALL_64_after_hwframe+0x63/0xcd
[  327.832923] RIP: 0033:0x7fce3fd1e88d
[  327.832925] Code: 5b 41 5c c3 66 0f 1f 84 00 00 00 00 00 f3 0f 1e fa 48 89 f8 48 89 f7 48 89 d6 48 89 ca 4d 89 c2 4d 89 c8 4c 8b 4c 24 08 0f 05 <48> 3d 01 f0 ff ff 73 01 c3 48 8b 0d 73 b5 0f 00 f7 d8 64 89 01 48
[  327.832928] RSP: 002b:00007ffc8a2104b8 EFLAGS: 00000246 ORIG_RAX: 0000000000000139
[  327.832931] RAX: ffffffffffffffda RBX: 0000563e65e9b7b0 RCX: 00007fce3fd1e88d
[  327.832933] RDX: 0000000000000000 RSI: 0000563e6589ccd2 RDI: 0000000000000003
[  327.832935] RBP: 0000000000000000 R08: 0000000000000000 R09: 0000000000000000
[  327.832937] R10: 0000000000000003 R11: 0000000000000246 R12: 0000563e6589ccd2
[  327.832939] R13: 0000563e65e9b760 R14: 0000563e6589b888 R15: 0000563e65e9b8c0
[  327.832943]  </TASK>
[  327.832944] DMA_STACK_END: End of stack trace for dma_alloc_coherent
[  327.833007] FUNC_ENTRY: Entering function mc_add_to_lifespan_list at /home/ubuntu/cda/orginal/aws-neuronx-2.20.28.0/neuron_mempool.c:538
[  327.833009] FUNC_ENTRY: Entering function mpset_get_lifespan_head at /home/ubuntu/cda/orginal/aws-neuronx-2.20.28.0/neuron_mempool.c:520
[  327.833010] FUNC_ENTRY: Entering function mc_insert_node at /home/ubuntu/cda/orginal/aws-neuronx-2.20.28.0/neuron_mempool.c:89
[  327.833023] FUNC_ENTRY: Entering function mc_alloc_align at /home/ubuntu/cda/orginal/aws-neuronx-2.20.28.0/neuron_mempool.c:799
[  327.833024] FUNC_ENTRY: Entering function mc_alloc_internal at /home/ubuntu/cda/orginal/aws-neuronx-2.20.28.0/neuron_mempool.c:594
[  327.833026] DMA_INSTRUMENT: About to call dma_alloc_coherent from function mc_alloc_internal at /home/ubuntu/cda/orginal/aws-neuronx-2.20.28.0/neuron_mempool.c:636
[  327.833028] DMA_STACK_START: Stack trace for dma_alloc_coherent called from mc_alloc_internal
[  327.833030] CPU: 0 PID: 1875 Comm: insmod Tainted: G           OE     5.19.0-1024-aws #25~22.04.1-Ubuntu
[  327.833033] Hardware name: Amazon EC2 inf1.xlarge/, BIOS 1.0 10/16/2017
[  327.833034] Call Trace:
[  327.833036]  <TASK>
[  327.833037]  show_stack+0x52/0x69
[  327.833040]  dump_stack_lvl+0x49/0x6d
[  327.833043]  dump_stack+0x10/0x18
[  327.833046]  mc_alloc_align+0x17d/0x97f [neuron]
[  327.833067]  ? __wake_up_common_lock+0x8a/0xd0
[  327.833071]  neuron_ds_init+0x8d/0xe0 [neuron]
[  327.833089]  neuron_pci_probe+0x462/0x610 [neuron]
[  327.833105]  local_pci_probe+0x4b/0x90
[  327.833109]  pci_call_probe+0x55/0x180
[  327.833113]  pci_device_probe+0x84/0x120
[  327.833116]  really_probe+0x1e4/0x3c0
[  327.833119]  __driver_probe_device+0x12a/0x1b0
[  327.833122]  driver_probe_device+0x23/0xd0
[  327.833125]  __driver_attach+0xc3/0x260
[  327.833128]  ? __device_attach_driver+0x160/0x160
[  327.833131]  bus_for_each_dev+0x83/0xe0
[  327.833134]  driver_attach+0x1e/0x30
[  327.833137]  bus_add_driver+0x187/0x230
[  327.833140]  driver_register+0x95/0x110
[  327.833143]  __pci_register_driver+0x68/0x80
[  327.833146]  neuron_pci_module_init+0x25/0x60 [neuron]
[  327.833161]  neuron_module_init+0xd6/0x1000 [neuron]
[  327.833181]  ? 0xffffffffc089f000
[  327.833184]  do_one_initcall+0x49/0x1f0
[  327.833187]  ? kmem_cache_alloc_trace+0x199/0x2f0
[  327.833191]  do_init_module+0x52/0x220
[  327.833195]  load_module+0xb56/0xd30
[  327.833199]  __do_sys_finit_module+0xcc/0x150
[  327.833202]  ? __do_sys_finit_module+0xcc/0x150
[  327.833206]  __x64_sys_finit_module+0x18/0x30
[  327.833208]  do_syscall_64+0x5c/0x90
[  327.833211]  ? exit_to_user_mode_prepare+0x3b/0xd0
[  327.833213]  ? syscall_exit_to_user_mode+0x2a/0x50
[  327.833217]  ? do_syscall_64+0x69/0x90
[  327.833219]  ? exit_to_user_mode_prepare+0x3b/0xd0
[  327.833221]  ? syscall_exit_to_user_mode+0x2a/0x50
[  327.833225]  ? do_syscall_64+0x69/0x90
[  327.833227]  entry_SYSCALL_64_after_hwframe+0x63/0xcd
[  327.833231] RIP: 0033:0x7fce3fd1e88d
[  327.833233] Code: 5b 41 5c c3 66 0f 1f 84 00 00 00 00 00 f3 0f 1e fa 48 89 f8 48 89 f7 48 89 d6 48 89 ca 4d 89 c2 4d 89 c8 4c 8b 4c 24 08 0f 05 <48> 3d 01 f0 ff ff 73 01 c3 48 8b 0d 73 b5 0f 00 f7 d8 64 89 01 48
[  327.833236] RSP: 002b:00007ffc8a2104b8 EFLAGS: 00000246 ORIG_RAX: 0000000000000139
[  327.833239] RAX: ffffffffffffffda RBX: 0000563e65e9b7b0 RCX: 00007fce3fd1e88d
[  327.833241] RDX: 0000000000000000 RSI: 0000563e6589ccd2 RDI: 0000000000000003
[  327.833243] RBP: 0000000000000000 R08: 0000000000000000 R09: 0000000000000000
[  327.833245] R10: 0000000000000003 R11: 0000000000000246 R12: 0000563e6589ccd2
[  327.833247] R13: 0000563e65e9b760 R14: 0000563e6589b888 R15: 0000563e65e9b8c0
[  327.833250]  </TASK>
[  327.833252] DMA_STACK_END: End of stack trace for dma_alloc_coherent
[  327.833443] FUNC_ENTRY: Entering function mc_add_to_lifespan_list at /home/ubuntu/cda/orginal/aws-neuronx-2.20.28.0/neuron_mempool.c:538
[  327.833446] FUNC_ENTRY: Entering function mpset_get_lifespan_head at /home/ubuntu/cda/orginal/aws-neuronx-2.20.28.0/neuron_mempool.c:520
[  327.833448] FUNC_ENTRY: Entering function mc_insert_node at /home/ubuntu/cda/orginal/aws-neuronx-2.20.28.0/neuron_mempool.c:89
[  327.833460] FUNC_ENTRY: Entering function mc_alloc_align at /home/ubuntu/cda/orginal/aws-neuronx-2.20.28.0/neuron_mempool.c:799
[  327.833462] FUNC_ENTRY: Entering function mc_alloc_internal at /home/ubuntu/cda/orginal/aws-neuronx-2.20.28.0/neuron_mempool.c:594
[  327.833464] DMA_INSTRUMENT: About to call dma_alloc_coherent from function mc_alloc_internal at /home/ubuntu/cda/orginal/aws-neuronx-2.20.28.0/neuron_mempool.c:636
[  327.833466] DMA_STACK_START: Stack trace for dma_alloc_coherent called from mc_alloc_internal
[  327.833468] CPU: 0 PID: 1875 Comm: insmod Tainted: G           OE     5.19.0-1024-aws #25~22.04.1-Ubuntu
[  327.833471] Hardware name: Amazon EC2 inf1.xlarge/, BIOS 1.0 10/16/2017
[  327.833472] Call Trace:
[  327.833474]  <TASK>
[  327.833475]  show_stack+0x52/0x69
[  327.833479]  dump_stack_lvl+0x49/0x6d
[  327.833482]  dump_stack+0x10/0x18
[  327.833485]  mc_alloc_align+0x17d/0x97f [neuron]
[  327.833506]  ? __wake_up_common_lock+0x8a/0xd0
[  327.833510]  neuron_ds_init+0x8d/0xe0 [neuron]
[  327.833527]  neuron_pci_probe+0x462/0x610 [neuron]
[  327.833543]  local_pci_probe+0x4b/0x90
[  327.833547]  pci_call_probe+0x55/0x180
[  327.833551]  pci_device_probe+0x84/0x120
[  327.833555]  really_probe+0x1e4/0x3c0
[  327.833558]  __driver_probe_device+0x12a/0x1b0
[  327.833561]  driver_probe_device+0x23/0xd0
[  327.833564]  __driver_attach+0xc3/0x260
[  327.833567]  ? __device_attach_driver+0x160/0x160
[  327.833570]  bus_for_each_dev+0x83/0xe0
[  327.833573]  driver_attach+0x1e/0x30
[  327.833576]  bus_add_driver+0x187/0x230
[  327.833579]  driver_register+0x95/0x110
[  327.833582]  __pci_register_driver+0x68/0x80
[  327.833585]  neuron_pci_module_init+0x25/0x60 [neuron]
[  327.833600]  neuron_module_init+0xd6/0x1000 [neuron]
[  327.833620]  ? 0xffffffffc089f000
[  327.833622]  do_one_initcall+0x49/0x1f0
[  327.833626]  ? kmem_cache_alloc_trace+0x199/0x2f0
[  327.833630]  do_init_module+0x52/0x220
[  327.833633]  load_module+0xb56/0xd30
[  327.833637]  __do_sys_finit_module+0xcc/0x150
[  327.833640]  ? __do_sys_finit_module+0xcc/0x150
[  327.833644]  __x64_sys_finit_module+0x18/0x30
[  327.833647]  do_syscall_64+0x5c/0x90
[  327.833650]  ? exit_to_user_mode_prepare+0x3b/0xd0
[  327.833652]  ? syscall_exit_to_user_mode+0x2a/0x50
[  327.833655]  ? do_syscall_64+0x69/0x90
[  327.833658]  ? exit_to_user_mode_prepare+0x3b/0xd0
[  327.833660]  ? syscall_exit_to_user_mode+0x2a/0x50
[  327.833663]  ? do_syscall_64+0x69/0x90
[  327.833666]  entry_SYSCALL_64_after_hwframe+0x63/0xcd
[  327.833669] RIP: 0033:0x7fce3fd1e88d
[  327.833672] Code: 5b 41 5c c3 66 0f 1f 84 00 00 00 00 00 f3 0f 1e fa 48 89 f8 48 89 f7 48 89 d6 48 89 ca 4d 89 c2 4d 89 c8 4c 8b 4c 24 08 0f 05 <48> 3d 01 f0 ff ff 73 01 c3 48 8b 0d 73 b5 0f 00 f7 d8 64 89 01 48
[  327.833674] RSP: 002b:00007ffc8a2104b8 EFLAGS: 00000246 ORIG_RAX: 0000000000000139
[  327.833677] RAX: ffffffffffffffda RBX: 0000563e65e9b7b0 RCX: 00007fce3fd1e88d
[  327.833679] RDX: 0000000000000000 RSI: 0000563e6589ccd2 RDI: 0000000000000003
[  327.833681] RBP: 0000000000000000 R08: 0000000000000000 R09: 0000000000000000
[  327.833683] R10: 0000000000000003 R11: 0000000000000246 R12: 0000563e6589ccd2
[  327.833685] R13: 0000563e65e9b760 R14: 0000563e6589b888 R15: 0000563e65e9b8c0
[  327.833688]  </TASK>
[  327.833689] DMA_STACK_END: End of stack trace for dma_alloc_coherent
[  327.833752] FUNC_ENTRY: Entering function mc_add_to_lifespan_list at /home/ubuntu/cda/orginal/aws-neuronx-2.20.28.0/neuron_mempool.c:538
[  327.833754] FUNC_ENTRY: Entering function mpset_get_lifespan_head at /home/ubuntu/cda/orginal/aws-neuronx-2.20.28.0/neuron_mempool.c:520
[  327.833756] FUNC_ENTRY: Entering function mc_insert_node at /home/ubuntu/cda/orginal/aws-neuronx-2.20.28.0/neuron_mempool.c:89
[  327.833768] FUNC_ENTRY: Entering function mc_alloc_align at /home/ubuntu/cda/orginal/aws-neuronx-2.20.28.0/neuron_mempool.c:799
[  327.833770] FUNC_ENTRY: Entering function mc_alloc_internal at /home/ubuntu/cda/orginal/aws-neuronx-2.20.28.0/neuron_mempool.c:594
[  327.833772] DMA_INSTRUMENT: About to call dma_alloc_coherent from function mc_alloc_internal at /home/ubuntu/cda/orginal/aws-neuronx-2.20.28.0/neuron_mempool.c:636
[  327.833774] DMA_STACK_START: Stack trace for dma_alloc_coherent called from mc_alloc_internal
[  327.833776] CPU: 0 PID: 1875 Comm: insmod Tainted: G           OE     5.19.0-1024-aws #25~22.04.1-Ubuntu
[  327.833778] Hardware name: Amazon EC2 inf1.xlarge/, BIOS 1.0 10/16/2017
[  327.833780] Call Trace:
[  327.833781]  <TASK>
[  327.833782]  show_stack+0x52/0x69
[  327.833786]  dump_stack_lvl+0x49/0x6d
[  327.833789]  dump_stack+0x10/0x18
[  327.833792]  mc_alloc_align+0x17d/0x97f [neuron]
[  327.833812]  ? __wake_up_common_lock+0x8a/0xd0
[  327.833816]  neuron_ds_init+0x8d/0xe0 [neuron]
[  327.833833]  neuron_pci_probe+0x462/0x610 [neuron]
[  327.833849]  local_pci_probe+0x4b/0x90
[  327.833853]  pci_call_probe+0x55/0x180
[  327.833857]  pci_device_probe+0x84/0x120
[  327.833861]  really_probe+0x1e4/0x3c0
[  327.833864]  __driver_probe_device+0x12a/0x1b0
[  327.833867]  driver_probe_device+0x23/0xd0
[  327.833870]  __driver_attach+0xc3/0x260
[  327.833873]  ? __device_attach_driver+0x160/0x160
[  327.833875]  bus_for_each_dev+0x83/0xe0
[  327.833878]  driver_attach+0x1e/0x30
[  327.833881]  bus_add_driver+0x187/0x230
[  327.833884]  driver_register+0x95/0x110
[  327.833887]  __pci_register_driver+0x68/0x80
[  327.833891]  neuron_pci_module_init+0x25/0x60 [neuron]
[  327.833905]  neuron_module_init+0xd6/0x1000 [neuron]
[  327.833926]  ? 0xffffffffc089f000
[  327.833928]  do_one_initcall+0x49/0x1f0
[  327.833931]  ? kmem_cache_alloc_trace+0x199/0x2f0
[  327.833935]  do_init_module+0x52/0x220
[  327.833938]  load_module+0xb56/0xd30
[  327.833943]  __do_sys_finit_module+0xcc/0x150
[  327.833946]  ? __do_sys_finit_module+0xcc/0x150
[  327.833950]  __x64_sys_finit_module+0x18/0x30
[  327.833953]  do_syscall_64+0x5c/0x90
[  327.833955]  ? exit_to_user_mode_prepare+0x3b/0xd0
[  327.833958]  ? syscall_exit_to_user_mode+0x2a/0x50
[  327.833961]  ? do_syscall_64+0x69/0x90
[  327.833963]  ? exit_to_user_mode_prepare+0x3b/0xd0
[  327.833966]  ? syscall_exit_to_user_mode+0x2a/0x50
[  327.833969]  ? do_syscall_64+0x69/0x90
[  327.833971]  entry_SYSCALL_64_after_hwframe+0x63/0xcd
[  327.833975] RIP: 0033:0x7fce3fd1e88d
[  327.833977] Code: 5b 41 5c c3 66 0f 1f 84 00 00 00 00 00 f3 0f 1e fa 48 89 f8 48 89 f7 48 89 d6 48 89 ca 4d 89 c2 4d 89 c8 4c 8b 4c 24 08 0f 05 <48> 3d 01 f0 ff ff 73 01 c3 48 8b 0d 73 b5 0f 00 f7 d8 64 89 01 48
[  327.833979] RSP: 002b:00007ffc8a2104b8 EFLAGS: 00000246 ORIG_RAX: 0000000000000139
[  327.833982] RAX: ffffffffffffffda RBX: 0000563e65e9b7b0 RCX: 00007fce3fd1e88d
[  327.833984] RDX: 0000000000000000 RSI: 0000563e6589ccd2 RDI: 0000000000000003
[  327.833986] RBP: 0000000000000000 R08: 0000000000000000 R09: 0000000000000000
[  327.833988] R10: 0000000000000003 R11: 0000000000000246 R12: 0000563e6589ccd2
[  327.833990] R13: 0000563e65e9b760 R14: 0000563e6589b888 R15: 0000563e65e9b8c0
[  327.833993]  </TASK>
[  327.833994] DMA_STACK_END: End of stack trace for dma_alloc_coherent
[  327.834057] FUNC_ENTRY: Entering function mc_add_to_lifespan_list at /home/ubuntu/cda/orginal/aws-neuronx-2.20.28.0/neuron_mempool.c:538
[  327.834059] FUNC_ENTRY: Entering function mpset_get_lifespan_head at /home/ubuntu/cda/orginal/aws-neuronx-2.20.28.0/neuron_mempool.c:520
[  327.834060] FUNC_ENTRY: Entering function mc_insert_node at /home/ubuntu/cda/orginal/aws-neuronx-2.20.28.0/neuron_mempool.c:89
[  327.834072] FUNC_ENTRY: Entering function mc_alloc_align at /home/ubuntu/cda/orginal/aws-neuronx-2.20.28.0/neuron_mempool.c:799
[  327.834074] FUNC_ENTRY: Entering function mc_alloc_internal at /home/ubuntu/cda/orginal/aws-neuronx-2.20.28.0/neuron_mempool.c:594
[  327.834076] DMA_INSTRUMENT: About to call dma_alloc_coherent from function mc_alloc_internal at /home/ubuntu/cda/orginal/aws-neuronx-2.20.28.0/neuron_mempool.c:636
[  327.834078] DMA_STACK_START: Stack trace for dma_alloc_coherent called from mc_alloc_internal
[  327.834079] CPU: 0 PID: 1875 Comm: insmod Tainted: G           OE     5.19.0-1024-aws #25~22.04.1-Ubuntu
[  327.834082] Hardware name: Amazon EC2 inf1.xlarge/, BIOS 1.0 10/16/2017
[  327.834084] Call Trace:
[  327.834085]  <TASK>
[  327.834086]  show_stack+0x52/0x69
[  327.834090]  dump_stack_lvl+0x49/0x6d
[  327.834093]  dump_stack+0x10/0x18
[  327.834096]  mc_alloc_align+0x17d/0x97f [neuron]
[  327.834116]  ? __wake_up_common_lock+0x8a/0xd0
[  327.834120]  neuron_ds_init+0x8d/0xe0 [neuron]
[  327.834137]  neuron_pci_probe+0x462/0x610 [neuron]
[  327.834153]  local_pci_probe+0x4b/0x90
[  327.834156]  pci_call_probe+0x55/0x180
[  327.834160]  pci_device_probe+0x84/0x120
[  327.834164]  really_probe+0x1e4/0x3c0
[  327.834167]  __driver_probe_device+0x12a/0x1b0
[  327.834170]  driver_probe_device+0x23/0xd0
[  327.834173]  __driver_attach+0xc3/0x260
[  327.834176]  ? __device_attach_driver+0x160/0x160
[  327.834179]  bus_for_each_dev+0x83/0xe0
[  327.834182]  driver_attach+0x1e/0x30
[  327.834184]  bus_add_driver+0x187/0x230
[  327.834187]  driver_register+0x95/0x110
[  327.834190]  __pci_register_driver+0x68/0x80
[  327.834194]  neuron_pci_module_init+0x25/0x60 [neuron]
[  327.834208]  neuron_module_init+0xd6/0x1000 [neuron]
[  327.834228]  ? 0xffffffffc089f000
[  327.834231]  do_one_initcall+0x49/0x1f0
[  327.834234]  ? kmem_cache_alloc_trace+0x199/0x2f0
[  327.834238]  do_init_module+0x52/0x220
[  327.834241]  load_module+0xb56/0xd30
[  327.834245]  __do_sys_finit_module+0xcc/0x150
[  327.834248]  ? __do_sys_finit_module+0xcc/0x150
[  327.834252]  __x64_sys_finit_module+0x18/0x30
[  327.834256]  do_syscall_64+0x5c/0x90
[  327.834258]  ? exit_to_user_mode_prepare+0x3b/0xd0
[  327.834261]  ? syscall_exit_to_user_mode+0x2a/0x50
[  327.834264]  ? do_syscall_64+0x69/0x90
[  327.834266]  ? exit_to_user_mode_prepare+0x3b/0xd0
[  327.834269]  ? syscall_exit_to_user_mode+0x2a/0x50
[  327.834272]  ? do_syscall_64+0x69/0x90
[  327.834274]  entry_SYSCALL_64_after_hwframe+0x63/0xcd
[  327.834278] RIP: 0033:0x7fce3fd1e88d
[  327.834280] Code: 5b 41 5c c3 66 0f 1f 84 00 00 00 00 00 f3 0f 1e fa 48 89 f8 48 89 f7 48 89 d6 48 89 ca 4d 89 c2 4d 89 c8 4c 8b 4c 24 08 0f 05 <48> 3d 01 f0 ff ff 73 01 c3 48 8b 0d 73 b5 0f 00 f7 d8 64 89 01 48
[  327.834282] RSP: 002b:00007ffc8a2104b8 EFLAGS: 00000246 ORIG_RAX: 0000000000000139
[  327.834285] RAX: ffffffffffffffda RBX: 0000563e65e9b7b0 RCX: 00007fce3fd1e88d
[  327.834287] RDX: 0000000000000000 RSI: 0000563e6589ccd2 RDI: 0000000000000003
[  327.834289] RBP: 0000000000000000 R08: 0000000000000000 R09: 0000000000000000
[  327.834291] R10: 0000000000000003 R11: 0000000000000246 R12: 0000563e6589ccd2
[  327.834293] R13: 0000563e65e9b760 R14: 0000563e6589b888 R15: 0000563e65e9b8c0
[  327.834296]  </TASK>
[  327.834297] DMA_STACK_END: End of stack trace for dma_alloc_coherent
[  327.834371] FUNC_ENTRY: Entering function mc_add_to_lifespan_list at /home/ubuntu/cda/orginal/aws-neuronx-2.20.28.0/neuron_mempool.c:538
[  327.834373] FUNC_ENTRY: Entering function mpset_get_lifespan_head at /home/ubuntu/cda/orginal/aws-neuronx-2.20.28.0/neuron_mempool.c:520
[  327.834375] FUNC_ENTRY: Entering function mc_insert_node at /home/ubuntu/cda/orginal/aws-neuronx-2.20.28.0/neuron_mempool.c:89
[  327.834386] FUNC_ENTRY: Entering function mc_alloc_align at /home/ubuntu/cda/orginal/aws-neuronx-2.20.28.0/neuron_mempool.c:799
[  327.834388] FUNC_ENTRY: Entering function mc_alloc_internal at /home/ubuntu/cda/orginal/aws-neuronx-2.20.28.0/neuron_mempool.c:594
[  327.834390] DMA_INSTRUMENT: About to call dma_alloc_coherent from function mc_alloc_internal at /home/ubuntu/cda/orginal/aws-neuronx-2.20.28.0/neuron_mempool.c:636
[  327.834392] DMA_STACK_START: Stack trace for dma_alloc_coherent called from mc_alloc_internal
[  327.834393] CPU: 0 PID: 1875 Comm: insmod Tainted: G           OE     5.19.0-1024-aws #25~22.04.1-Ubuntu
[  327.834396] Hardware name: Amazon EC2 inf1.xlarge/, BIOS 1.0 10/16/2017
[  327.834398] Call Trace:
[  327.834399]  <TASK>
[  327.834400]  show_stack+0x52/0x69
[  327.834403]  dump_stack_lvl+0x49/0x6d
[  327.834406]  dump_stack+0x10/0x18
[  327.834410]  mc_alloc_align+0x17d/0x97f [neuron]
[  327.834430]  ? __wake_up_common_lock+0x8a/0xd0
[  327.834434]  neuron_ds_init+0x8d/0xe0 [neuron]
[  327.834451]  neuron_pci_probe+0x462/0x610 [neuron]
[  327.834467]  local_pci_probe+0x4b/0x90
[  327.834470]  pci_call_probe+0x55/0x180
[  327.834474]  pci_device_probe+0x84/0x120
[  327.834478]  really_probe+0x1e4/0x3c0
[  327.834481]  __driver_probe_device+0x12a/0x1b0
[  327.834484]  driver_probe_device+0x23/0xd0
[  327.834487]  __driver_attach+0xc3/0x260
[  327.834490]  ? __device_attach_driver+0x160/0x160
[  327.834493]  bus_for_each_dev+0x83/0xe0
[  327.834496]  driver_attach+0x1e/0x30
[  327.834498]  bus_add_driver+0x187/0x230
[  327.834501]  driver_register+0x95/0x110
[  327.834504]  __pci_register_driver+0x68/0x80
[  327.834508]  neuron_pci_module_init+0x25/0x60 [neuron]
[  327.834522]  neuron_module_init+0xd6/0x1000 [neuron]
[  327.834542]  ? 0xffffffffc089f000
[  327.834544]  do_one_initcall+0x49/0x1f0
[  327.834547]  ? kmem_cache_alloc_trace+0x199/0x2f0
[  327.834550]  do_init_module+0x52/0x220
[  327.834553]  load_module+0xb56/0xd30
[  327.834557]  __do_sys_finit_module+0xcc/0x150
[  327.834560]  ? __do_sys_finit_module+0xcc/0x150
[  327.834565]  __x64_sys_finit_module+0x18/0x30
[  327.834567]  do_syscall_64+0x5c/0x90
[  327.834570]  ? exit_to_user_mode_prepare+0x3b/0xd0
[  327.834572]  ? syscall_exit_to_user_mode+0x2a/0x50
[  327.834576]  ? do_syscall_64+0x69/0x90
[  327.834578]  ? exit_to_user_mode_prepare+0x3b/0xd0
[  327.834581]  ? syscall_exit_to_user_mode+0x2a/0x50
[  327.834584]  ? do_syscall_64+0x69/0x90
[  327.834586]  entry_SYSCALL_64_after_hwframe+0x63/0xcd
[  327.834590] RIP: 0033:0x7fce3fd1e88d
[  327.834592] Code: 5b 41 5c c3 66 0f 1f 84 00 00 00 00 00 f3 0f 1e fa 48 89 f8 48 89 f7 48 89 d6 48 89 ca 4d 89 c2 4d 89 c8 4c 8b 4c 24 08 0f 05 <48> 3d 01 f0 ff ff 73 01 c3 48 8b 0d 73 b5 0f 00 f7 d8 64 89 01 48
[  327.834595] RSP: 002b:00007ffc8a2104b8 EFLAGS: 00000246 ORIG_RAX: 0000000000000139
[  327.834598] RAX: ffffffffffffffda RBX: 0000563e65e9b7b0 RCX: 00007fce3fd1e88d
[  327.834600] RDX: 0000000000000000 RSI: 0000563e6589ccd2 RDI: 0000000000000003
[  327.834602] RBP: 0000000000000000 R08: 0000000000000000 R09: 0000000000000000
[  327.834603] R10: 0000000000000003 R11: 0000000000000246 R12: 0000563e6589ccd2
[  327.834605] R13: 0000563e65e9b760 R14: 0000563e6589b888 R15: 0000563e65e9b8c0
[  327.834609]  </TASK>
[  327.834625] DMA_STACK_END: End of stack trace for dma_alloc_coherent
[  327.835693] FUNC_ENTRY: Entering function mc_add_to_lifespan_list at /home/ubuntu/cda/orginal/aws-neuronx-2.20.28.0/neuron_mempool.c:538
[  327.835697] FUNC_ENTRY: Entering function mpset_get_lifespan_head at /home/ubuntu/cda/orginal/aws-neuronx-2.20.28.0/neuron_mempool.c:520
[  327.835699] FUNC_ENTRY: Entering function mc_insert_node at /home/ubuntu/cda/orginal/aws-neuronx-2.20.28.0/neuron_mempool.c:89
[  327.835712] FUNC_ENTRY: Entering function mc_alloc_align at /home/ubuntu/cda/orginal/aws-neuronx-2.20.28.0/neuron_mempool.c:799
[  327.835714] FUNC_ENTRY: Entering function mc_alloc_internal at /home/ubuntu/cda/orginal/aws-neuronx-2.20.28.0/neuron_mempool.c:594
[  327.835754] DMA_INSTRUMENT: About to call dma_alloc_coherent from function mc_alloc_internal at /home/ubuntu/cda/orginal/aws-neuronx-2.20.28.0/neuron_mempool.c:636
[  327.835756] DMA_STACK_START: Stack trace for dma_alloc_coherent called from mc_alloc_internal
[  327.835758] CPU: 0 PID: 1875 Comm: insmod Tainted: G           OE     5.19.0-1024-aws #25~22.04.1-Ubuntu
[  327.835761] Hardware name: Amazon EC2 inf1.xlarge/, BIOS 1.0 10/16/2017
[  327.835763] Call Trace:
[  327.835764]  <TASK>
[  327.835766]  show_stack+0x52/0x69
[  327.835771]  dump_stack_lvl+0x49/0x6d
[  327.835775]  dump_stack+0x10/0x18
[  327.835778]  mc_alloc_align+0x17d/0x97f [neuron]
[  327.835802]  ? __wake_up_common_lock+0x8a/0xd0
[  327.835807]  neuron_ds_init+0x8d/0xe0 [neuron]
[  327.835825]  neuron_pci_probe+0x462/0x610 [neuron]
[  327.835842]  local_pci_probe+0x4b/0x90
[  327.835846]  pci_call_probe+0x55/0x180
[  327.835850]  pci_device_probe+0x84/0x120
[  327.835854]  really_probe+0x1e4/0x3c0
[  327.835858]  __driver_probe_device+0x12a/0x1b0
[  327.835861]  driver_probe_device+0x23/0xd0
[  327.835864]  __driver_attach+0xc3/0x260
[  327.835867]  ? __device_attach_driver+0x160/0x160
[  327.835870]  bus_for_each_dev+0x83/0xe0
[  327.835873]  driver_attach+0x1e/0x30
[  327.835875]  bus_add_driver+0x187/0x230
[  327.835879]  driver_register+0x95/0x110
[  327.835881]  __pci_register_driver+0x68/0x80
[  327.835885]  neuron_pci_module_init+0x25/0x60 [neuron]
[  327.835899]  neuron_module_init+0xd6/0x1000 [neuron]
[  327.835921]  ? 0xffffffffc089f000
[  327.835923]  do_one_initcall+0x49/0x1f0
[  327.835927]  ? kmem_cache_alloc_trace+0x199/0x2f0
[  327.835931]  do_init_module+0x52/0x220
[  327.835935]  load_module+0xb56/0xd30
[  327.835939]  __do_sys_finit_module+0xcc/0x150
[  327.835942]  ? __do_sys_finit_module+0xcc/0x150
[  327.835946]  __x64_sys_finit_module+0x18/0x30
[  327.835949]  do_syscall_64+0x5c/0x90
[  327.835952]  ? exit_to_user_mode_prepare+0x3b/0xd0
[  327.835955]  ? syscall_exit_to_user_mode+0x2a/0x50
[  327.835958]  ? do_syscall_64+0x69/0x90
[  327.835961]  ? exit_to_user_mode_prepare+0x3b/0xd0
[  327.835963]  ? syscall_exit_to_user_mode+0x2a/0x50
[  327.835967]  ? do_syscall_64+0x69/0x90
[  327.835969]  entry_SYSCALL_64_after_hwframe+0x63/0xcd
[  327.835973] RIP: 0033:0x7fce3fd1e88d
[  327.835976] Code: 5b 41 5c c3 66 0f 1f 84 00 00 00 00 00 f3 0f 1e fa 48 89 f8 48 89 f7 48 89 d6 48 89 ca 4d 89 c2 4d 89 c8 4c 8b 4c 24 08 0f 05 <48> 3d 01 f0 ff ff 73 01 c3 48 8b 0d 73 b5 0f 00 f7 d8 64 89 01 48
[  327.835979] RSP: 002b:00007ffc8a2104b8 EFLAGS: 00000246 ORIG_RAX: 0000000000000139
[  327.835983] RAX: ffffffffffffffda RBX: 0000563e65e9b7b0 RCX: 00007fce3fd1e88d
[  327.835985] RDX: 0000000000000000 RSI: 0000563e6589ccd2 RDI: 0000000000000003
[  327.835987] RBP: 0000000000000000 R08: 0000000000000000 R09: 0000000000000000
[  327.835989] R10: 0000000000000003 R11: 0000000000000246 R12: 0000563e6589ccd2
[  327.835991] R13: 0000563e65e9b760 R14: 0000563e6589b888 R15: 0000563e65e9b8c0
[  327.835994]  </TASK>
[  327.835995] DMA_STACK_END: End of stack trace for dma_alloc_coherent
[  327.836060] FUNC_ENTRY: Entering function mc_add_to_lifespan_list at /home/ubuntu/cda/orginal/aws-neuronx-2.20.28.0/neuron_mempool.c:538
[  327.836062] FUNC_ENTRY: Entering function mpset_get_lifespan_head at /home/ubuntu/cda/orginal/aws-neuronx-2.20.28.0/neuron_mempool.c:520
[  327.836063] FUNC_ENTRY: Entering function mc_insert_node at /home/ubuntu/cda/orginal/aws-neuronx-2.20.28.0/neuron_mempool.c:89
[  327.836075] FUNC_ENTRY: Entering function mc_alloc_align at /home/ubuntu/cda/orginal/aws-neuronx-2.20.28.0/neuron_mempool.c:799
[  327.836077] FUNC_ENTRY: Entering function mc_alloc_internal at /home/ubuntu/cda/orginal/aws-neuronx-2.20.28.0/neuron_mempool.c:594
[  327.836079] DMA_INSTRUMENT: About to call dma_alloc_coherent from function mc_alloc_internal at /home/ubuntu/cda/orginal/aws-neuronx-2.20.28.0/neuron_mempool.c:636
[  327.836081] DMA_STACK_START: Stack trace for dma_alloc_coherent called from mc_alloc_internal
[  327.836082] CPU: 0 PID: 1875 Comm: insmod Tainted: G           OE     5.19.0-1024-aws #25~22.04.1-Ubuntu
[  327.836085] Hardware name: Amazon EC2 inf1.xlarge/, BIOS 1.0 10/16/2017
[  327.836087] Call Trace:
[  327.836088]  <TASK>
[  327.836089]  show_stack+0x52/0x69
[  327.836093]  dump_stack_lvl+0x49/0x6d
[  327.836096]  dump_stack+0x10/0x18
[  327.836099]  mc_alloc_align+0x17d/0x97f [neuron]
[  327.836121]  neuron_pci_probe+0x499/0x610 [neuron]
[  327.836137]  local_pci_probe+0x4b/0x90
[  327.836141]  pci_call_probe+0x55/0x180
[  327.836145]  pci_device_probe+0x84/0x120
[  327.836149]  really_probe+0x1e4/0x3c0
[  327.836152]  __driver_probe_device+0x12a/0x1b0
[  327.836155]  driver_probe_device+0x23/0xd0
[  327.836158]  __driver_attach+0xc3/0x260
[  327.836161]  ? __device_attach_driver+0x160/0x160
[  327.836164]  bus_for_each_dev+0x83/0xe0
[  327.836167]  driver_attach+0x1e/0x30
[  327.836169]  bus_add_driver+0x187/0x230
[  327.836172]  driver_register+0x95/0x110
[  327.836175]  __pci_register_driver+0x68/0x80
[  327.836178]  neuron_pci_module_init+0x25/0x60 [neuron]
[  327.836193]  neuron_module_init+0xd6/0x1000 [neuron]
[  327.836214]  ? 0xffffffffc089f000
[  327.836216]  do_one_initcall+0x49/0x1f0
[  327.836219]  ? kmem_cache_alloc_trace+0x199/0x2f0
[  327.836223]  do_init_module+0x52/0x220
[  327.836226]  load_module+0xb56/0xd30
[  327.836231]  __do_sys_finit_module+0xcc/0x150
[  327.836234]  ? __do_sys_finit_module+0xcc/0x150
[  327.836238]  __x64_sys_finit_module+0x18/0x30
[  327.836241]  do_syscall_64+0x5c/0x90
[  327.836243]  ? exit_to_user_mode_prepare+0x3b/0xd0
[  327.836246]  ? syscall_exit_to_user_mode+0x2a/0x50
[  327.836249]  ? do_syscall_64+0x69/0x90
[  327.836252]  ? exit_to_user_mode_prepare+0x3b/0xd0
[  327.836254]  ? syscall_exit_to_user_mode+0x2a/0x50
[  327.836257]  ? do_syscall_64+0x69/0x90
[  327.836260]  entry_SYSCALL_64_after_hwframe+0x63/0xcd
[  327.836264] RIP: 0033:0x7fce3fd1e88d
[  327.836266] Code: 5b 41 5c c3 66 0f 1f 84 00 00 00 00 00 f3 0f 1e fa 48 89 f8 48 89 f7 48 89 d6 48 89 ca 4d 89 c2 4d 89 c8 4c 8b 4c 24 08 0f 05 <48> 3d 01 f0 ff ff 73 01 c3 48 8b 0d 73 b5 0f 00 f7 d8 64 89 01 48
[  327.836269] RSP: 002b:00007ffc8a2104b8 EFLAGS: 00000246 ORIG_RAX: 0000000000000139
[  327.836272] RAX: ffffffffffffffda RBX: 0000563e65e9b7b0 RCX: 00007fce3fd1e88d
[  327.836274] RDX: 0000000000000000 RSI: 0000563e6589ccd2 RDI: 0000000000000003
[  327.836276] RBP: 0000000000000000 R08: 0000000000000000 R09: 0000000000000000
[  327.836278] R10: 0000000000000003 R11: 0000000000000246 R12: 0000563e6589ccd2
[  327.836280] R13: 0000563e65e9b760 R14: 0000563e6589b888 R15: 0000563e65e9b8c0
[  327.836283]  </TASK>
[  327.836285] DMA_STACK_END: End of stack trace for dma_alloc_coherent
[  327.836287] FUNC_ENTRY: Entering function mc_add_to_lifespan_list at /home/ubuntu/cda/orginal/aws-neuronx-2.20.28.0/neuron_mempool.c:538
[  327.836288] FUNC_ENTRY: Entering function mpset_get_lifespan_head at /home/ubuntu/cda/orginal/aws-neuronx-2.20.28.0/neuron_mempool.c:520
[  327.836290] FUNC_ENTRY: Entering function mc_insert_node at /home/ubuntu/cda/orginal/aws-neuronx-2.20.28.0/neuron_mempool.c:89
[  327.836292] FUNC_ENTRY: Entering function mc_alloc_align at /home/ubuntu/cda/orginal/aws-neuronx-2.20.28.0/neuron_mempool.c:799
[  327.836294] FUNC_ENTRY: Entering function mc_alloc_internal at /home/ubuntu/cda/orginal/aws-neuronx-2.20.28.0/neuron_mempool.c:594
[  327.836296] DMA_INSTRUMENT: About to call dma_alloc_coherent from function mc_alloc_internal at /home/ubuntu/cda/orginal/aws-neuronx-2.20.28.0/neuron_mempool.c:636
[  327.836298] DMA_STACK_START: Stack trace for dma_alloc_coherent called from mc_alloc_internal
[  327.836300] CPU: 0 PID: 1875 Comm: insmod Tainted: G           OE     5.19.0-1024-aws #25~22.04.1-Ubuntu
[  327.836303] Hardware name: Amazon EC2 inf1.xlarge/, BIOS 1.0 10/16/2017
[  327.836304] Call Trace:
[  327.836305]  <TASK>
[  327.836307]  show_stack+0x52/0x69
[  327.836310]  dump_stack_lvl+0x49/0x6d
[  327.836313]  dump_stack+0x10/0x18
[  327.836316]  mc_alloc_align+0x17d/0x97f [neuron]
[  327.836336]  neuron_pci_probe+0x4d7/0x610 [neuron]
[  327.836352]  local_pci_probe+0x4b/0x90
[  327.836355]  pci_call_probe+0x55/0x180
[  327.836359]  pci_device_probe+0x84/0x120
[  327.836363]  really_probe+0x1e4/0x3c0
[  327.836366]  __driver_probe_device+0x12a/0x1b0
[  327.836369]  driver_probe_device+0x23/0xd0
[  327.836371]  __driver_attach+0xc3/0x260
[  327.836375]  ? __device_attach_driver+0x160/0x160
[  327.836377]  bus_for_each_dev+0x83/0xe0
[  327.836380]  driver_attach+0x1e/0x30
[  327.836383]  bus_add_driver+0x187/0x230
[  327.836386]  driver_register+0x95/0x110
[  327.836389]  __pci_register_driver+0x68/0x80
[  327.836392]  neuron_pci_module_init+0x25/0x60 [neuron]
[  327.836405]  neuron_module_init+0xd6/0x1000 [neuron]
[  327.836425]  ? 0xffffffffc089f000
[  327.836427]  do_one_initcall+0x49/0x1f0
[  327.836431]  ? kmem_cache_alloc_trace+0x199/0x2f0
[  327.836435]  do_init_module+0x52/0x220
[  327.836438]  load_module+0xb56/0xd30
[  327.836442]  __do_sys_finit_module+0xcc/0x150
[  327.836445]  ? __do_sys_finit_module+0xcc/0x150
[  327.836450]  __x64_sys_finit_module+0x18/0x30
[  327.836453]  do_syscall_64+0x5c/0x90
[  327.836455]  ? exit_to_user_mode_prepare+0x3b/0xd0
[  327.836457]  ? syscall_exit_to_user_mode+0x2a/0x50
[  327.836461]  ? do_syscall_64+0x69/0x90
[  327.836463]  ? exit_to_user_mode_prepare+0x3b/0xd0
[  327.836466]  ? syscall_exit_to_user_mode+0x2a/0x50
[  327.836469]  ? do_syscall_64+0x69/0x90
[  327.836471]  entry_SYSCALL_64_after_hwframe+0x63/0xcd
[  327.836475] RIP: 0033:0x7fce3fd1e88d
[  327.836477] Code: 5b 41 5c c3 66 0f 1f 84 00 00 00 00 00 f3 0f 1e fa 48 89 f8 48 89 f7 48 89 d6 48 89 ca 4d 89 c2 4d 89 c8 4c 8b 4c 24 08 0f 05 <48> 3d 01 f0 ff ff 73 01 c3 48 8b 0d 73 b5 0f 00 f7 d8 64 89 01 48
[  327.836480] RSP: 002b:00007ffc8a2104b8 EFLAGS: 00000246 ORIG_RAX: 0000000000000139
[  327.836483] RAX: ffffffffffffffda RBX: 0000563e65e9b7b0 RCX: 00007fce3fd1e88d
[  327.836485] RDX: 0000000000000000 RSI: 0000563e6589ccd2 RDI: 0000000000000003
[  327.836487] RBP: 0000000000000000 R08: 0000000000000000 R09: 0000000000000000
[  327.836489] R10: 0000000000000003 R11: 0000000000000246 R12: 0000563e6589ccd2
[  327.836491] R13: 0000563e65e9b760 R14: 0000563e6589b888 R15: 0000563e65e9b8c0
[  327.836494]  </TASK>
[  327.836495] DMA_STACK_END: End of stack trace for dma_alloc_coherent
[  327.836512] FUNC_ENTRY: Entering function mc_add_to_lifespan_list at /home/ubuntu/cda/orginal/aws-neuronx-2.20.28.0/neuron_mempool.c:538
[  327.836514] FUNC_ENTRY: Entering function mpset_get_lifespan_head at /home/ubuntu/cda/orginal/aws-neuronx-2.20.28.0/neuron_mempool.c:520
[  327.836516] FUNC_ENTRY: Entering function mc_insert_node at /home/ubuntu/cda/orginal/aws-neuronx-2.20.28.0/neuron_mempool.c:89
[  335.842448] neuron:fw_io_execute_request: seq: 2, cmd: 1 timed out
[  336.854434] neuron:fw_io_execute_request: seq: 3, cmd: 1 timed out
[  337.082479] FUNC_ENTRY: Entering function mc_alloc_align at /home/ubuntu/cda/orginal/aws-neuronx-2.20.28.0/neuron_mempool.c:799
[  337.082483] FUNC_ENTRY: Entering function mc_alloc_internal at /home/ubuntu/cda/orginal/aws-neuronx-2.20.28.0/neuron_mempool.c:594
[  337.082485] DMA_INSTRUMENT: About to call dma_alloc_coherent from function mc_alloc_internal at /home/ubuntu/cda/orginal/aws-neuronx-2.20.28.0/neuron_mempool.c:636
[  337.082487] DMA_STACK_START: Stack trace for dma_alloc_coherent called from mc_alloc_internal
[  337.082488] CPU: 1 PID: 1876 Comm: nd0 reset Tainted: G           OE     5.19.0-1024-aws #25~22.04.1-Ubuntu
[  337.082491] Hardware name: Amazon EC2 inf1.xlarge/, BIOS 1.0 10/16/2017
[  337.082492] Call Trace:
[  337.082494]  <TASK>
[  337.082497]  show_stack+0x52/0x69
[  337.082503]  dump_stack_lvl+0x49/0x6d
[  337.082508]  dump_stack+0x10/0x18
[  337.082511]  mc_alloc_align+0x17d/0x97f [neuron]
[  337.082526]  ? ndma_init_v1+0xfe/0x170 [neuron]
[  337.082536]  ndmar_init_ncs+0x24c/0x7f0 [neuron]
[  337.082544]  nr_reset_thread_fn.cold+0x269/0x39b [neuron]
[  337.082555]  ? destroy_sched_domains_rcu+0x40/0x40
[  337.082560]  ? npid_get_allocated_memory+0x190/0x190 [neuron]
[  337.082568]  kthread+0xcd/0xf0
[  337.082572]  ? kthread_complete_and_exit+0x20/0x20
[  337.082575]  ret_from_fork+0x22/0x30
[  337.082579]  </TASK>
[  337.082580] DMA_STACK_END: End of stack trace for dma_alloc_coherent
[  337.082610] FUNC_ENTRY: Entering function mc_add_to_lifespan_list at /home/ubuntu/cda/orginal/aws-neuronx-2.20.28.0/neuron_mempool.c:538
[  337.082611] FUNC_ENTRY: Entering function mpset_get_lifespan_head at /home/ubuntu/cda/orginal/aws-neuronx-2.20.28.0/neuron_mempool.c:520
[  337.082612] FUNC_ENTRY: Entering function mc_insert_node at /home/ubuntu/cda/orginal/aws-neuronx-2.20.28.0/neuron_mempool.c:89
[  337.082615] FUNC_ENTRY: Entering function mc_alloc_align at /home/ubuntu/cda/orginal/aws-neuronx-2.20.28.0/neuron_mempool.c:799
[  337.082616] FUNC_ENTRY: Entering function mc_alloc_internal at /home/ubuntu/cda/orginal/aws-neuronx-2.20.28.0/neuron_mempool.c:594
[  337.082617] DMA_INSTRUMENT: About to call dma_alloc_coherent from function mc_alloc_internal at /home/ubuntu/cda/orginal/aws-neuronx-2.20.28.0/neuron_mempool.c:636
[  337.082619] DMA_STACK_START: Stack trace for dma_alloc_coherent called from mc_alloc_internal
[  337.082620] CPU: 1 PID: 1876 Comm: nd0 reset Tainted: G           OE     5.19.0-1024-aws #25~22.04.1-Ubuntu
[  337.082621] Hardware name: Amazon EC2 inf1.xlarge/, BIOS 1.0 10/16/2017
[  337.082622] Call Trace:
[  337.082623]  <TASK>
[  337.082624]  show_stack+0x52/0x69
[  337.082626]  dump_stack_lvl+0x49/0x6d
[  337.082628]  dump_stack+0x10/0x18
[  337.082630]  mc_alloc_align+0x17d/0x97f [neuron]
[  337.082640]  ? ndma_init_v1+0xfe/0x170 [neuron]
[  337.082650]  ndmar_init_ncs+0x280/0x7f0 [neuron]
[  337.082658]  nr_reset_thread_fn.cold+0x269/0x39b [neuron]
[  337.082668]  ? destroy_sched_domains_rcu+0x40/0x40
[  337.082671]  ? npid_get_allocated_memory+0x190/0x190 [neuron]
[  337.082679]  kthread+0xcd/0xf0
[  337.082681]  ? kthread_complete_and_exit+0x20/0x20
[  337.082684]  ret_from_fork+0x22/0x30
[  337.082686]  </TASK>
[  337.082687] DMA_STACK_END: End of stack trace for dma_alloc_coherent
[  337.082716] FUNC_ENTRY: Entering function mc_add_to_lifespan_list at /home/ubuntu/cda/orginal/aws-neuronx-2.20.28.0/neuron_mempool.c:538
[  337.082717] FUNC_ENTRY: Entering function mpset_get_lifespan_head at /home/ubuntu/cda/orginal/aws-neuronx-2.20.28.0/neuron_mempool.c:520
[  337.082717] FUNC_ENTRY: Entering function mc_insert_node at /home/ubuntu/cda/orginal/aws-neuronx-2.20.28.0/neuron_mempool.c:89
[  337.082720] FUNC_ENTRY: Entering function mc_alloc_align at /home/ubuntu/cda/orginal/aws-neuronx-2.20.28.0/neuron_mempool.c:799
[  337.082721] FUNC_ENTRY: Entering function mc_alloc_internal at /home/ubuntu/cda/orginal/aws-neuronx-2.20.28.0/neuron_mempool.c:594
[  337.082722] DMA_INSTRUMENT: About to call dma_alloc_coherent from function mc_alloc_internal at /home/ubuntu/cda/orginal/aws-neuronx-2.20.28.0/neuron_mempool.c:636
[  337.082723] DMA_STACK_START: Stack trace for dma_alloc_coherent called from mc_alloc_internal
[  337.082724] CPU: 1 PID: 1876 Comm: nd0 reset Tainted: G           OE     5.19.0-1024-aws #25~22.04.1-Ubuntu
[  337.082726] Hardware name: Amazon EC2 inf1.xlarge/, BIOS 1.0 10/16/2017
[  337.082726] Call Trace:
[  337.082727]  <TASK>
[  337.082728]  show_stack+0x52/0x69
[  337.082730]  dump_stack_lvl+0x49/0x6d
[  337.082732]  dump_stack+0x10/0x18
[  337.082733]  mc_alloc_align+0x17d/0x97f [neuron]
[  337.082744]  ? ndma_init_v1+0xfe/0x170 [neuron]
[  337.082753]  ndmar_init_ncs+0x38a/0x7f0 [neuron]
[  337.082761]  nr_reset_thread_fn.cold+0x269/0x39b [neuron]
[  337.082771]  ? destroy_sched_domains_rcu+0x40/0x40
[  337.082774]  ? npid_get_allocated_memory+0x190/0x190 [neuron]
[  337.082781]  kthread+0xcd/0xf0
[  337.082784]  ? kthread_complete_and_exit+0x20/0x20
[  337.082786]  ret_from_fork+0x22/0x30
[  337.082789]  </TASK>
[  337.082790] DMA_STACK_END: End of stack trace for dma_alloc_coherent
[  337.082792] FUNC_ENTRY: Entering function mc_add_to_lifespan_list at /home/ubuntu/cda/orginal/aws-neuronx-2.20.28.0/neuron_mempool.c:538
[  337.082793] FUNC_ENTRY: Entering function mpset_get_lifespan_head at /home/ubuntu/cda/orginal/aws-neuronx-2.20.28.0/neuron_mempool.c:520
[  337.082794] FUNC_ENTRY: Entering function mc_insert_node at /home/ubuntu/cda/orginal/aws-neuronx-2.20.28.0/neuron_mempool.c:89
[  337.082839] FUNC_ENTRY: Entering function mc_alloc_align at /home/ubuntu/cda/orginal/aws-neuronx-2.20.28.0/neuron_mempool.c:799
[  337.082840] FUNC_ENTRY: Entering function mc_alloc_internal at /home/ubuntu/cda/orginal/aws-neuronx-2.20.28.0/neuron_mempool.c:594
[  337.082841] DMA_INSTRUMENT: About to call dma_alloc_coherent from function mc_alloc_internal at /home/ubuntu/cda/orginal/aws-neuronx-2.20.28.0/neuron_mempool.c:636
[  337.082843] DMA_STACK_START: Stack trace for dma_alloc_coherent called from mc_alloc_internal
[  337.082843] CPU: 1 PID: 1876 Comm: nd0 reset Tainted: G           OE     5.19.0-1024-aws #25~22.04.1-Ubuntu
[  337.082845] Hardware name: Amazon EC2 inf1.xlarge/, BIOS 1.0 10/16/2017
[  337.082846] Call Trace:
[  337.082846]  <TASK>
[  337.082847]  show_stack+0x52/0x69
[  337.082849]  dump_stack_lvl+0x49/0x6d
[  337.082851]  dump_stack+0x10/0x18
[  337.082853]  mc_alloc_align+0x17d/0x97f [neuron]
[  337.082863]  ? ndma_init_v1+0xfe/0x170 [neuron]
[  337.082872]  ndmar_init_ncs+0x24c/0x7f0 [neuron]
[  337.082880]  nr_reset_thread_fn.cold+0x269/0x39b [neuron]
[  337.082890]  ? destroy_sched_domains_rcu+0x40/0x40
[  337.082893]  ? npid_get_allocated_memory+0x190/0x190 [neuron]
[  337.082901]  kthread+0xcd/0xf0
[  337.082903]  ? kthread_complete_and_exit+0x20/0x20
[  337.082905]  ret_from_fork+0x22/0x30
[  337.082908]  </TASK>
[  337.082909] DMA_STACK_END: End of stack trace for dma_alloc_coherent
[  337.082935] FUNC_ENTRY: Entering function mc_add_to_lifespan_list at /home/ubuntu/cda/orginal/aws-neuronx-2.20.28.0/neuron_mempool.c:538
[  337.082936] FUNC_ENTRY: Entering function mpset_get_lifespan_head at /home/ubuntu/cda/orginal/aws-neuronx-2.20.28.0/neuron_mempool.c:520
[  337.082937] FUNC_ENTRY: Entering function mc_insert_node at /home/ubuntu/cda/orginal/aws-neuronx-2.20.28.0/neuron_mempool.c:89
[  337.082939] FUNC_ENTRY: Entering function mc_alloc_align at /home/ubuntu/cda/orginal/aws-neuronx-2.20.28.0/neuron_mempool.c:799
[  337.082939] FUNC_ENTRY: Entering function mc_alloc_internal at /home/ubuntu/cda/orginal/aws-neuronx-2.20.28.0/neuron_mempool.c:594
[  337.082941] DMA_INSTRUMENT: About to call dma_alloc_coherent from function mc_alloc_internal at /home/ubuntu/cda/orginal/aws-neuronx-2.20.28.0/neuron_mempool.c:636
[  337.082942] DMA_STACK_START: Stack trace for dma_alloc_coherent called from mc_alloc_internal
[  337.082943] CPU: 1 PID: 1876 Comm: nd0 reset Tainted: G           OE     5.19.0-1024-aws #25~22.04.1-Ubuntu
[  337.082944] Hardware name: Amazon EC2 inf1.xlarge/, BIOS 1.0 10/16/2017
[  337.082945] Call Trace:
[  337.082945]  <TASK>
[  337.082946]  show_stack+0x52/0x69
[  337.082948]  dump_stack_lvl+0x49/0x6d
[  337.082950]  dump_stack+0x10/0x18
[  337.082952]  mc_alloc_align+0x17d/0x97f [neuron]
[  337.082962]  ? ndma_init_v1+0xfe/0x170 [neuron]
[  337.082970]  ndmar_init_ncs+0x280/0x7f0 [neuron]
[  337.082979]  nr_reset_thread_fn.cold+0x269/0x39b [neuron]
[  337.082988]  ? destroy_sched_domains_rcu+0x40/0x40
[  337.082991]  ? npid_get_allocated_memory+0x190/0x190 [neuron]
[  337.082999]  kthread+0xcd/0xf0
[  337.083001]  ? kthread_complete_and_exit+0x20/0x20
[  337.083004]  ret_from_fork+0x22/0x30
[  337.083006]  </TASK>
[  337.083007] DMA_STACK_END: End of stack trace for dma_alloc_coherent
[  337.083035] FUNC_ENTRY: Entering function mc_add_to_lifespan_list at /home/ubuntu/cda/orginal/aws-neuronx-2.20.28.0/neuron_mempool.c:538
[  337.083036] FUNC_ENTRY: Entering function mpset_get_lifespan_head at /home/ubuntu/cda/orginal/aws-neuronx-2.20.28.0/neuron_mempool.c:520
[  337.083036] FUNC_ENTRY: Entering function mc_insert_node at /home/ubuntu/cda/orginal/aws-neuronx-2.20.28.0/neuron_mempool.c:89
[  337.083038] FUNC_ENTRY: Entering function mc_alloc_align at /home/ubuntu/cda/orginal/aws-neuronx-2.20.28.0/neuron_mempool.c:799
[  337.083038] FUNC_ENTRY: Entering function mc_alloc_internal at /home/ubuntu/cda/orginal/aws-neuronx-2.20.28.0/neuron_mempool.c:594
[  337.083040] DMA_INSTRUMENT: About to call dma_alloc_coherent from function mc_alloc_internal at /home/ubuntu/cda/orginal/aws-neuronx-2.20.28.0/neuron_mempool.c:636
[  337.083041] DMA_STACK_START: Stack trace for dma_alloc_coherent called from mc_alloc_internal
[  337.083042] CPU: 1 PID: 1876 Comm: nd0 reset Tainted: G           OE     5.19.0-1024-aws #25~22.04.1-Ubuntu
[  337.083043] Hardware name: Amazon EC2 inf1.xlarge/, BIOS 1.0 10/16/2017
[  337.083044] Call Trace:
[  337.083044]  <TASK>
[  337.083045]  show_stack+0x52/0x69
[  337.083047]  dump_stack_lvl+0x49/0x6d
[  337.083049]  dump_stack+0x10/0x18
[  337.083051]  mc_alloc_align+0x17d/0x97f [neuron]
[  337.083060]  ? ndma_init_v1+0xfe/0x170 [neuron]
[  337.083069]  ndmar_init_ncs+0x38a/0x7f0 [neuron]
[  337.083078]  nr_reset_thread_fn.cold+0x269/0x39b [neuron]
[  337.083088]  ? destroy_sched_domains_rcu+0x40/0x40
[  337.083090]  ? npid_get_allocated_memory+0x190/0x190 [neuron]
[  337.083098]  kthread+0xcd/0xf0
[  337.083101]  ? kthread_complete_and_exit+0x20/0x20
[  337.083103]  ret_from_fork+0x22/0x30
[  337.083106]  </TASK>
[  337.083107] DMA_STACK_END: End of stack trace for dma_alloc_coherent
[  337.083109] FUNC_ENTRY: Entering function mc_add_to_lifespan_list at /home/ubuntu/cda/orginal/aws-neuronx-2.20.28.0/neuron_mempool.c:538
[  337.083109] FUNC_ENTRY: Entering function mpset_get_lifespan_head at /home/ubuntu/cda/orginal/aws-neuronx-2.20.28.0/neuron_mempool.c:520
[  337.083110] FUNC_ENTRY: Entering function mc_insert_node at /home/ubuntu/cda/orginal/aws-neuronx-2.20.28.0/neuron_mempool.c:89
[  337.083156] FUNC_ENTRY: Entering function mc_alloc_align at /home/ubuntu/cda/orginal/aws-neuronx-2.20.28.0/neuron_mempool.c:799
[  337.083157] FUNC_ENTRY: Entering function mc_alloc_internal at /home/ubuntu/cda/orginal/aws-neuronx-2.20.28.0/neuron_mempool.c:594
[  337.083158] DMA_INSTRUMENT: About to call dma_alloc_coherent from function mc_alloc_internal at /home/ubuntu/cda/orginal/aws-neuronx-2.20.28.0/neuron_mempool.c:636
[  337.083159] DMA_STACK_START: Stack trace for dma_alloc_coherent called from mc_alloc_internal
[  337.083160] CPU: 1 PID: 1876 Comm: nd0 reset Tainted: G           OE     5.19.0-1024-aws #25~22.04.1-Ubuntu
[  337.083161] Hardware name: Amazon EC2 inf1.xlarge/, BIOS 1.0 10/16/2017
[  337.083162] Call Trace:
[  337.083163]  <TASK>
[  337.083163]  show_stack+0x52/0x69
[  337.083165]  dump_stack_lvl+0x49/0x6d
[  337.083167]  dump_stack+0x10/0x18
[  337.083169]  mc_alloc_align+0x17d/0x97f [neuron]
[  337.083179]  ? ndma_init_v1+0xfe/0x170 [neuron]
[  337.083188]  ndmar_init_ncs+0x24c/0x7f0 [neuron]
[  337.083196]  nr_reset_thread_fn.cold+0x269/0x39b [neuron]
[  337.083206]  ? destroy_sched_domains_rcu+0x40/0x40
[  337.083208]  ? npid_get_allocated_memory+0x190/0x190 [neuron]
[  337.083216]  kthread+0xcd/0xf0
[  337.083219]  ? kthread_complete_and_exit+0x20/0x20
[  337.083221]  ret_from_fork+0x22/0x30
[  337.083224]  </TASK>
[  337.083224] DMA_STACK_END: End of stack trace for dma_alloc_coherent
[  337.083251] FUNC_ENTRY: Entering function mc_add_to_lifespan_list at /home/ubuntu/cda/orginal/aws-neuronx-2.20.28.0/neuron_mempool.c:538
[  337.083252] FUNC_ENTRY: Entering function mpset_get_lifespan_head at /home/ubuntu/cda/orginal/aws-neuronx-2.20.28.0/neuron_mempool.c:520
[  337.083253] FUNC_ENTRY: Entering function mc_insert_node at /home/ubuntu/cda/orginal/aws-neuronx-2.20.28.0/neuron_mempool.c:89
[  337.083254] FUNC_ENTRY: Entering function mc_alloc_align at /home/ubuntu/cda/orginal/aws-neuronx-2.20.28.0/neuron_mempool.c:799
[  337.083255] FUNC_ENTRY: Entering function mc_alloc_internal at /home/ubuntu/cda/orginal/aws-neuronx-2.20.28.0/neuron_mempool.c:594
[  337.083256] DMA_INSTRUMENT: About to call dma_alloc_coherent from function mc_alloc_internal at /home/ubuntu/cda/orginal/aws-neuronx-2.20.28.0/neuron_mempool.c:636
[  337.083257] DMA_STACK_START: Stack trace for dma_alloc_coherent called from mc_alloc_internal
[  337.083258] CPU: 1 PID: 1876 Comm: nd0 reset Tainted: G           OE     5.19.0-1024-aws #25~22.04.1-Ubuntu
[  337.083259] Hardware name: Amazon EC2 inf1.xlarge/, BIOS 1.0 10/16/2017
[  337.083260] Call Trace:
[  337.083260]  <TASK>
[  337.083261]  show_stack+0x52/0x69
[  337.083263]  dump_stack_lvl+0x49/0x6d
[  337.083265]  dump_stack+0x10/0x18
[  337.083267]  mc_alloc_align+0x17d/0x97f [neuron]
[  337.083277]  ? ndma_init_v1+0xfe/0x170 [neuron]
[  337.083286]  ndmar_init_ncs+0x280/0x7f0 [neuron]
[  337.083294]  nr_reset_thread_fn.cold+0x269/0x39b [neuron]
[  337.083304]  ? destroy_sched_domains_rcu+0x40/0x40
[  337.083306]  ? npid_get_allocated_memory+0x190/0x190 [neuron]
[  337.083314]  kthread+0xcd/0xf0
[  337.083316]  ? kthread_complete_and_exit+0x20/0x20
[  337.083319]  ret_from_fork+0x22/0x30
[  337.083321]  </TASK>
[  337.083322] DMA_STACK_END: End of stack trace for dma_alloc_coherent
[  337.083349] FUNC_ENTRY: Entering function mc_add_to_lifespan_list at /home/ubuntu/cda/orginal/aws-neuronx-2.20.28.0/neuron_mempool.c:538
[  337.083350] FUNC_ENTRY: Entering function mpset_get_lifespan_head at /home/ubuntu/cda/orginal/aws-neuronx-2.20.28.0/neuron_mempool.c:520
[  337.083351] FUNC_ENTRY: Entering function mc_insert_node at /home/ubuntu/cda/orginal/aws-neuronx-2.20.28.0/neuron_mempool.c:89
[  337.083352] FUNC_ENTRY: Entering function mc_alloc_align at /home/ubuntu/cda/orginal/aws-neuronx-2.20.28.0/neuron_mempool.c:799
[  337.083353] FUNC_ENTRY: Entering function mc_alloc_internal at /home/ubuntu/cda/orginal/aws-neuronx-2.20.28.0/neuron_mempool.c:594
[  337.083354] DMA_INSTRUMENT: About to call dma_alloc_coherent from function mc_alloc_internal at /home/ubuntu/cda/orginal/aws-neuronx-2.20.28.0/neuron_mempool.c:636
[  337.083355] DMA_STACK_START: Stack trace for dma_alloc_coherent called from mc_alloc_internal
[  337.083356] CPU: 1 PID: 1876 Comm: nd0 reset Tainted: G           OE     5.19.0-1024-aws #25~22.04.1-Ubuntu
[  337.083357] Hardware name: Amazon EC2 inf1.xlarge/, BIOS 1.0 10/16/2017
[  337.083358] Call Trace:
[  337.083358]  <TASK>
[  337.083359]  show_stack+0x52/0x69
[  337.083361]  dump_stack_lvl+0x49/0x6d
[  337.083363]  dump_stack+0x10/0x18
[  337.083365]  mc_alloc_align+0x17d/0x97f [neuron]
[  337.083375]  ? ndma_init_v1+0xfe/0x170 [neuron]
[  337.083384]  ndmar_init_ncs+0x38a/0x7f0 [neuron]
[  337.083392]  nr_reset_thread_fn.cold+0x269/0x39b [neuron]
[  337.083401]  ? destroy_sched_domains_rcu+0x40/0x40
[  337.083404]  ? npid_get_allocated_memory+0x190/0x190 [neuron]
[  337.083412]  kthread+0xcd/0xf0
[  337.083414]  ? kthread_complete_and_exit+0x20/0x20
[  337.083417]  ret_from_fork+0x22/0x30
[  337.083420]  </TASK>
[  337.083420] DMA_STACK_END: End of stack trace for dma_alloc_coherent
[  337.083422] FUNC_ENTRY: Entering function mc_add_to_lifespan_list at /home/ubuntu/cda/orginal/aws-neuronx-2.20.28.0/neuron_mempool.c:538
[  337.083423] FUNC_ENTRY: Entering function mpset_get_lifespan_head at /home/ubuntu/cda/orginal/aws-neuronx-2.20.28.0/neuron_mempool.c:520
[  337.083424] FUNC_ENTRY: Entering function mc_insert_node at /home/ubuntu/cda/orginal/aws-neuronx-2.20.28.0/neuron_mempool.c:89
[  337.083469] FUNC_ENTRY: Entering function mc_alloc_align at /home/ubuntu/cda/orginal/aws-neuronx-2.20.28.0/neuron_mempool.c:799
[  337.083470] FUNC_ENTRY: Entering function mc_alloc_internal at /home/ubuntu/cda/orginal/aws-neuronx-2.20.28.0/neuron_mempool.c:594
[  337.083471] DMA_INSTRUMENT: About to call dma_alloc_coherent from function mc_alloc_internal at /home/ubuntu/cda/orginal/aws-neuronx-2.20.28.0/neuron_mempool.c:636
[  337.083472] DMA_STACK_START: Stack trace for dma_alloc_coherent called from mc_alloc_internal
[  337.083473] CPU: 1 PID: 1876 Comm: nd0 reset Tainted: G           OE     5.19.0-1024-aws #25~22.04.1-Ubuntu
[  337.083474] Hardware name: Amazon EC2 inf1.xlarge/, BIOS 1.0 10/16/2017
[  337.083475] Call Trace:
[  337.083476]  <TASK>
[  337.083476]  show_stack+0x52/0x69
[  337.083479]  dump_stack_lvl+0x49/0x6d
[  337.083481]  dump_stack+0x10/0x18
[  337.083483]  mc_alloc_align+0x17d/0x97f [neuron]
[  337.083492]  ? ndma_init_v1+0xfe/0x170 [neuron]
[  337.083501]  ndmar_init_ncs+0x24c/0x7f0 [neuron]
[  337.083509]  nr_reset_thread_fn.cold+0x269/0x39b [neuron]
[  337.083519]  ? destroy_sched_domains_rcu+0x40/0x40
[  337.083522]  ? npid_get_allocated_memory+0x190/0x190 [neuron]
[  337.083530]  kthread+0xcd/0xf0
[  337.083532]  ? kthread_complete_and_exit+0x20/0x20
[  337.083534]  ret_from_fork+0x22/0x30
[  337.083537]  </TASK>
[  337.083538] DMA_STACK_END: End of stack trace for dma_alloc_coherent
[  337.083565] FUNC_ENTRY: Entering function mc_add_to_lifespan_list at /home/ubuntu/cda/orginal/aws-neuronx-2.20.28.0/neuron_mempool.c:538
[  337.083566] FUNC_ENTRY: Entering function mpset_get_lifespan_head at /home/ubuntu/cda/orginal/aws-neuronx-2.20.28.0/neuron_mempool.c:520
[  337.083566] FUNC_ENTRY: Entering function mc_insert_node at /home/ubuntu/cda/orginal/aws-neuronx-2.20.28.0/neuron_mempool.c:89
[  337.083567] FUNC_ENTRY: Entering function mc_alloc_align at /home/ubuntu/cda/orginal/aws-neuronx-2.20.28.0/neuron_mempool.c:799
[  337.083568] FUNC_ENTRY: Entering function mc_alloc_internal at /home/ubuntu/cda/orginal/aws-neuronx-2.20.28.0/neuron_mempool.c:594
[  337.083570] DMA_INSTRUMENT: About to call dma_alloc_coherent from function mc_alloc_internal at /home/ubuntu/cda/orginal/aws-neuronx-2.20.28.0/neuron_mempool.c:636
[  337.083571] DMA_STACK_START: Stack trace for dma_alloc_coherent called from mc_alloc_internal
[  337.083572] CPU: 1 PID: 1876 Comm: nd0 reset Tainted: G           OE     5.19.0-1024-aws #25~22.04.1-Ubuntu
[  337.083573] Hardware name: Amazon EC2 inf1.xlarge/, BIOS 1.0 10/16/2017
[  337.083574] Call Trace:
[  337.083574]  <TASK>
[  337.083575]  show_stack+0x52/0x69
[  337.083577]  dump_stack_lvl+0x49/0x6d
[  337.083579]  dump_stack+0x10/0x18
[  337.083581]  mc_alloc_align+0x17d/0x97f [neuron]
[  337.083590]  ? ndma_init_v1+0xfe/0x170 [neuron]
[  337.083599]  ndmar_init_ncs+0x280/0x7f0 [neuron]
[  337.083607]  nr_reset_thread_fn.cold+0x269/0x39b [neuron]
[  337.083617]  ? destroy_sched_domains_rcu+0x40/0x40
[  337.083619]  ? npid_get_allocated_memory+0x190/0x190 [neuron]
[  337.083627]  kthread+0xcd/0xf0
[  337.083630]  ? kthread_complete_and_exit+0x20/0x20
[  337.083632]  ret_from_fork+0x22/0x30
[  337.083635]  </TASK>
[  337.083636] DMA_STACK_END: End of stack trace for dma_alloc_coherent
[  337.083663] FUNC_ENTRY: Entering function mc_add_to_lifespan_list at /home/ubuntu/cda/orginal/aws-neuronx-2.20.28.0/neuron_mempool.c:538
[  337.083664] FUNC_ENTRY: Entering function mpset_get_lifespan_head at /home/ubuntu/cda/orginal/aws-neuronx-2.20.28.0/neuron_mempool.c:520
[  337.083665] FUNC_ENTRY: Entering function mc_insert_node at /home/ubuntu/cda/orginal/aws-neuronx-2.20.28.0/neuron_mempool.c:89
[  337.083666] FUNC_ENTRY: Entering function mc_alloc_align at /home/ubuntu/cda/orginal/aws-neuronx-2.20.28.0/neuron_mempool.c:799
[  337.083667] FUNC_ENTRY: Entering function mc_alloc_internal at /home/ubuntu/cda/orginal/aws-neuronx-2.20.28.0/neuron_mempool.c:594
[  337.083668] DMA_INSTRUMENT: About to call dma_alloc_coherent from function mc_alloc_internal at /home/ubuntu/cda/orginal/aws-neuronx-2.20.28.0/neuron_mempool.c:636
[  337.083669] DMA_STACK_START: Stack trace for dma_alloc_coherent called from mc_alloc_internal
[  337.083670] CPU: 1 PID: 1876 Comm: nd0 reset Tainted: G           OE     5.19.0-1024-aws #25~22.04.1-Ubuntu
[  337.083672] Hardware name: Amazon EC2 inf1.xlarge/, BIOS 1.0 10/16/2017
[  337.083672] Call Trace:
[  337.083673]  <TASK>
[  337.083674]  show_stack+0x52/0x69
[  337.083676]  dump_stack_lvl+0x49/0x6d
[  337.083678]  dump_stack+0x10/0x18
[  337.083680]  mc_alloc_align+0x17d/0x97f [neuron]
[  337.083690]  ? ndma_init_v1+0xfe/0x170 [neuron]
[  337.083698]  ndmar_init_ncs+0x38a/0x7f0 [neuron]
[  337.083707]  nr_reset_thread_fn.cold+0x269/0x39b [neuron]
[  337.083716]  ? destroy_sched_domains_rcu+0x40/0x40
[  337.083719]  ? npid_get_allocated_memory+0x190/0x190 [neuron]
[  337.083727]  kthread+0xcd/0xf0
[  337.083729]  ? kthread_complete_and_exit+0x20/0x20
[  337.083731]  ret_from_fork+0x22/0x30
[  337.083734]  </TASK>
[  337.083735] DMA_STACK_END: End of stack trace for dma_alloc_coherent
[  337.083736] FUNC_ENTRY: Entering function mc_add_to_lifespan_list at /home/ubuntu/cda/orginal/aws-neuronx-2.20.28.0/neuron_mempool.c:538
[  337.083737] FUNC_ENTRY: Entering function mpset_get_lifespan_head at /home/ubuntu/cda/orginal/aws-neuronx-2.20.28.0/neuron_mempool.c:520
[  337.083738] FUNC_ENTRY: Entering function mc_insert_node at /home/ubuntu/cda/orginal/aws-neuronx-2.20.28.0/neuron_mempool.c:89
[  337.083741] neuron:nr_reset_thread_fn: nd0: reset request 4294967295 completed
