22533 19:29:55.018907 execve("./classify_image", ["./classify_image"], 0xffffce59d7d8 /* 23 vars */) = 0 <0.003054>
22533 19:29:55.022883 brk(NULL)         = 0xaaaaf4ecf000 <0.000145>
22533 19:29:55.024409 faccessat(AT_FDCWD, "/etc/ld.so.preload", R_OK) = -1 ENOENT (No such file or directory) <0.000150>
22533 19:29:55.025257 openat(AT_FDCWD, "/etc/ld.so.cache", O_RDONLY|O_CLOEXEC) = 3 <0.000257>
22533 19:29:55.025815 fstat(3, {st_mode=S_IFREG|0644, st_size=52827, ...}) = 0 <0.000136>
22533 19:29:55.026236 mmap(NULL, 52827, PROT_READ, MAP_PRIVATE, 3, 0) = 0xffffa72aa000 <0.000144>
22533 19:29:55.026641 close(3)          = 0 <0.000137>
22533 19:29:55.027053 openat(AT_FDCWD, "/lib/aarch64-linux-gnu/libm.so.6", O_RDONLY|O_CLOEXEC) = 3 <0.000156>
22533 19:29:55.027475 read(3, "\177ELF\2\1\1\0\0\0\0\0\0\0\0\0\3\0\267\0\1\0\0\0\340\267\0\0\0\0\0\0@\0\0\0\0\0\0\0\240\301\n\0\0\0\0\0\0\0\0\0@\08\0\7\0@\0\34\0\33\0\1\0\0\0\5\0\0\0\0\0\0\0\0\0\0\0\0\0\0\0\0\0\0\0\0\0\0\0\0\0\0\0004\275\n\0\0\0\0\0004\275\n\0\0\0\0\0\0\0\1\0\0\0\0\0\1\0\0\0\6\0\0\0X\275\n\0\0\0\0\0X\275\v\0\0\0\0\0X\275\v\0\0\0\0\0\24\3\0\0\0\0\0\0 \3\0\0\0\0\0\0\0\0\1\0\0\0\0\0\2\0\0\0\6\0\0\0h\275\n\0\0\0\0\0h\275\v\0\0\0\0\0"..., 832) = 832 <0.000138>
22533 19:29:55.027894 fstat(3, {st_mode=S_IFREG|0644, st_size=706720, ...}) = 0 <0.000135>
22533 19:29:55.028348 mmap(NULL, 8192, PROT_READ|PROT_WRITE, MAP_PRIVATE|MAP_ANONYMOUS, -1, 0) = 0xffffa7288000 <0.000133>
22533 19:29:55.028701 mmap(NULL, 770168, PROT_READ|PROT_EXEC, MAP_PRIVATE|MAP_DENYWRITE, 3, 0) = 0xffffa71cb000 <0.000124>
22533 19:29:55.029008 mprotect(0xffffa7277000, 61440, PROT_NONE) = 0 <0.000132>
22533 19:29:55.029317 mmap(0xffffa7286000, 8192, PROT_READ|PROT_WRITE, MAP_PRIVATE|MAP_FIXED|MAP_DENYWRITE, 3, 0xab000) = 0xffffa7286000 <0.000293>
22533 19:29:55.029823 close(3)          = 0 <0.000119>
22533 19:29:55.030137 openat(AT_FDCWD, "/lib/aarch64-linux-gnu/libpthread.so.0", O_RDONLY|O_CLOEXEC) = 3 <0.000130>
22533 19:29:55.030453 read(3, "\177ELF\2\1\1\3\0\0\0\0\0\0\0\0\3\0\267\0\1\0\0\0\0d\0\0\0\0\0\0@\0\0\0\0\0\0\0\350G\2\0\0\0\0\0\0\0\0\0@\08\0\t\0@\0\"\0!\0\6\0\0\0\4\0\0\0@\0\0\0\0\0\0\0@\0\0\0\0\0\0\0@\0\0\0\0\0\0\0\370\1\0\0\0\0\0\0\370\1\0\0\0\0\0\0\10\0\0\0\0\0\0\0\3\0\0\0\4\0\0\0PL\1\0\0\0\0\0PL\1\0\0\0\0\0PL\1\0\0\0\0\0\33\0\0\0\0\0\0\0\33\0\0\0\0\0\0\0\10\0\0\0\0\0\0\0\1\0\0\0\5\0\0\0\0\0\0\0\0\0\0\0\0\0\0\0\0\0\0\0"..., 832) = 832 <0.000120>
22533 19:29:55.030764 fstat(3, {st_mode=S_IFREG|0755, st_size=151656, ...}) = 0 <0.000118>
22533 19:29:55.031067 mmap(NULL, 189448, PROT_READ|PROT_EXEC, MAP_PRIVATE|MAP_DENYWRITE, 3, 0) = 0xffffa719c000 <0.000124>
22533 19:29:55.031372 mprotect(0xffffa71b6000, 61440, PROT_NONE) = 0 <0.000129>
22533 19:29:55.031677 mmap(0xffffa71c5000, 8192, PROT_READ|PROT_WRITE, MAP_PRIVATE|MAP_FIXED|MAP_DENYWRITE, 3, 0x19000) = 0xffffa71c5000 <0.000131>
22533 19:29:55.032001 mmap(0xffffa71c7000, 13320, PROT_READ|PROT_WRITE, MAP_PRIVATE|MAP_FIXED|MAP_ANONYMOUS, -1, 0) = 0xffffa71c7000 <0.000125>
22533 19:29:55.032318 close(3)          = 0 <0.000118>
22533 19:29:55.032626 openat(AT_FDCWD, "/lib/aarch64-linux-gnu/libusb-1.0.so.0", O_RDONLY|O_CLOEXEC) = 3 <0.000233>
22533 19:29:55.033043 read(3, "\177ELF\2\1\1\0\0\0\0\0\0\0\0\0\3\0\267\0\1\0\0\0@D\0\0\0\0\0\0@\0\0\0\0\0\0\0\0e\1\0\0\0\0\0\0\0\0\0@\08\0\6\0@\0\31\0\30\0\1\0\0\0\5\0\0\0\0\0\0\0\0\0\0\0\0\0\0\0\0\0\0\0\0\0\0\0\0\0\0\0\4P\1\0\0\0\0\0\4P\1\0\0\0\0\0\0\0\1\0\0\0\0\0\1\0\0\0\6\0\0\0HZ\1\0\0\0\0\0HZ\2\0\0\0\0\0HZ\2\0\0\0\0\0\234\t\0\0\0\0\0\0\330\n\0\0\0\0\0\0\0\0\1\0\0\0\0\0\2\0\0\0\6\0\0\0\210]\1\0\0\0\0\0\210]\2\0\0\0\0\0"..., 832) = 832 <0.001032>
22533 19:29:55.034274 fstat(3, {st_mode=S_IFREG|0644, st_size=92992, ...}) = 0 <0.000118>
22533 19:29:55.034579 mmap(NULL, 156960, PROT_READ|PROT_EXEC, MAP_PRIVATE|MAP_DENYWRITE, 3, 0) = 0xffffa7175000 <0.000122>
22533 19:29:55.034883 mprotect(0xffffa718b000, 61440, PROT_NONE) = 0 <0.000124>
22533 19:29:55.035183 mmap(0xffffa719a000, 8192, PROT_READ|PROT_WRITE, MAP_PRIVATE|MAP_FIXED|MAP_DENYWRITE, 3, 0x15000) = 0xffffa719a000 <0.000126>
22533 19:29:55.036131 close(3)          = 0 <0.000119>
22533 19:29:55.036484 openat(AT_FDCWD, "/lib/aarch64-linux-gnu/libdl.so.2", O_RDONLY|O_CLOEXEC) = 3 <0.000130>
22533 19:29:55.036798 read(3, "\177ELF\2\1\1\0\0\0\0\0\0\0\0\0\3\0\267\0\1\0\0\0P\17\0\0\0\0\0\0@\0\0\0\0\0\0\0\3401\0\0\0\0\0\0\0\0\0\0@\08\0\7\0@\0\34\0\33\0\1\0\0\0\5\0\0\0\0\0\0\0\0\0\0\0\0\0\0\0\0\0\0\0\0\0\0\0\0\0\0\0\210$\0\0\0\0\0\0\210$\0\0\0\0\0\0\0\0\1\0\0\0\0\0\1\0\0\0\6\0\0\0H-\0\0\0\0\0\0H-\1\0\0\0\0\0H-\1\0\0\0\0\0`\3\0\0\0\0\0\0\270\3\0\0\0\0\0\0\0\0\1\0\0\0\0\0\2\0\0\0\6\0\0\0h-\0\0\0\0\0\0h-\1\0\0\0\0\0"..., 832) = 832 <0.000120>
22533 19:29:55.037108 fstat(3, {st_mode=S_IFREG|0644, st_size=14560, ...}) = 0 <0.000118>
22533 19:29:55.037423 mmap(NULL, 78080, PROT_READ|PROT_EXEC, MAP_PRIVATE|MAP_DENYWRITE, 3, 0) = 0xffffa7161000 <0.000253>
22533 19:29:55.037865 mprotect(0xffffa7164000, 61440, PROT_NONE) = 0 <0.000128>
22533 19:29:55.038170 mmap(0xffffa7173000, 8192, PROT_READ|PROT_WRITE, MAP_PRIVATE|MAP_FIXED|MAP_DENYWRITE, 3, 0x2000) = 0xffffa7173000 <0.000131>
22533 19:29:55.038502 close(3)          = 0 <0.000215>
22533 19:29:55.038923 openat(AT_FDCWD, "/usr/lib/aarch64-linux-gnu/libstdc++.so.6", O_RDONLY|O_CLOEXEC) = 3 <0.000152>
22533 19:29:55.039284 read(3, "\177ELF\2\1\1\3\0\0\0\0\0\0\0\0\3\0\267\0\1\0\0\0\320\315\10\0\0\0\0\0@\0\0\0\0\0\0\0\310~\27\0\0\0\0\0\0\0\0\0@\08\0\10\0@\0\37\0\36\0\1\0\0\0\5\0\0\0\0\0\0\0\0\0\0\0\0\0\0\0\0\0\0\0\0\0\0\0\0\0\0\0\254\263\26\0\0\0\0\0\254\263\26\0\0\0\0\0\0\0\1\0\0\0\0\0\1\0\0\0\6\0\0\0P\301\26\0\0\0\0\0P\301\27\0\0\0\0\0P\301\27\0\0\0\0\0000\273\0\0\0\0\0\0(\355\0\0\0\0\0\0\0\0\1\0\0\0\0\0\2\0\0\0\6\0\0\0 K\27\0\0\0\0\0 K\30\0\0\0\0\0"..., 832) = 832 <0.000140>
22533 19:29:55.039634 fstat(3, {st_mode=S_IFREG|0644, st_size=1541768, ...}) = 0 <0.000082>
22533 19:29:55.039981 mmap(NULL, 1617528, PROT_READ|PROT_EXEC, MAP_PRIVATE|MAP_DENYWRITE, 3, 0) = 0xffffa6fd6000 <0.000069>
22533 19:29:55.040244 mprotect(0xffffa7142000, 65536, PROT_NONE) = 0 <0.000144>
22533 19:29:55.040586 mmap(0xffffa7152000, 49152, PROT_READ|PROT_WRITE, MAP_PRIVATE|MAP_FIXED|MAP_DENYWRITE, 3, 0x16c000) = 0xffffa7152000 <0.000130>
22533 19:29:55.041058 mmap(0xffffa715e000, 11896, PROT_READ|PROT_WRITE, MAP_PRIVATE|MAP_FIXED|MAP_ANONYMOUS, -1, 0) = 0xffffa715e000 <0.000150>
22533 19:29:55.041415 close(3)          = 0 <0.000155>
22533 19:29:55.042003 openat(AT_FDCWD, "/lib/aarch64-linux-gnu/libgcc_s.so.1", O_RDONLY|O_CLOEXEC) = 3 <0.000120>
22533 19:29:55.042282 read(3, "\177ELF\2\1\1\0\0\0\0\0\0\0\0\0\3\0\267\0\1\0\0\0\20)\0\0\0\0\0\0@\0\0\0\0\0\0\0\2502\1\0\0\0\0\0\0\0\0\0@\08\0\7\0@\0\32\0\31\0\1\0\0\0\5\0\0\0\0\0\0\0\0\0\0\0\0\0\0\0\0\0\0\0\0\0\0\0\0\0\0\0\4,\1\0\0\0\0\0\4,\1\0\0\0\0\0\0\0\1\0\0\0\0\0\1\0\0\0\6\0\0\0\270-\1\0\0\0\0\0\270-\2\0\0\0\0\0\270-\2\0\0\0\0\0\310\3\0\0\0\0\0\0\200\6\0\0\0\0\0\0\0\0\1\0\0\0\0\0\2\0\0\0\6\0\0\0\310-\1\0\0\0\0\0\310-\2\0\0\0\0\0"..., 832) = 832 <0.000115>
22533 19:29:55.042560 fstat(3, {st_mode=S_IFREG|0644, st_size=80168, ...}) = 0 <0.000113>
22533 19:29:55.042831 mmap(NULL, 144440, PROT_READ|PROT_EXEC, MAP_PRIVATE|MAP_DENYWRITE, 3, 0) = 0xffffa6fb2000 <0.000116>
22533 19:29:55.043103 mprotect(0xffffa6fc5000, 61440, PROT_NONE) = 0 <0.000118>
22533 19:29:55.043373 mmap(0xffffa6fd4000, 8192, PROT_READ|PROT_WRITE, MAP_PRIVATE|MAP_FIXED|MAP_DENYWRITE, 3, 0x12000) = 0xffffa6fd4000 <0.000118>
22533 19:29:55.043661 close(3)          = 0 <0.000113>
22533 19:29:55.043937 openat(AT_FDCWD, "/lib/aarch64-linux-gnu/libc.so.6", O_RDONLY|O_CLOEXEC) = 3 <0.000121>
22533 19:29:55.044214 read(3, "\177ELF\2\1\1\3\0\0\0\0\0\0\0\0\3\0\267\0\1\0\0\0\360\16\2\0\0\0\0\0@\0\0\0\0\0\0\0\370\324\25\0\0\0\0\0\0\0\0\0@\08\0\n\0@\0I\0H\0\6\0\0\0\4\0\0\0@\0\0\0\0\0\0\0@\0\0\0\0\0\0\0@\0\0\0\0\0\0\0000\2\0\0\0\0\0\0000\2\0\0\0\0\0\0\10\0\0\0\0\0\0\0\3\0\0\0\4\0\0\0\250\307\22\0\0\0\0\0\250\307\22\0\0\0\0\0\250\307\22\0\0\0\0\0\33\0\0\0\0\0\0\0\33\0\0\0\0\0\0\0\10\0\0\0\0\0\0\0\1\0\0\0\5\0\0\0\0\0\0\0\0\0\0\0\0\0\0\0\0\0\0\0"..., 832) = 832 <0.000114>
22533 19:29:55.044490 fstat(3, {st_mode=S_IFREG|0755, st_size=1435448, ...}) = 0 <0.000113>
22533 19:29:55.044760 mmap(NULL, 8192, PROT_READ|PROT_WRITE, MAP_PRIVATE|MAP_ANONYMOUS, -1, 0) = 0xffffa6fb0000 <0.000115>
22533 19:29:55.045049 mmap(NULL, 1507424, PROT_READ|PROT_EXEC, MAP_PRIVATE|MAP_DENYWRITE, 3, 0) = 0xffffa6e3f000 <0.000117>
22533 19:29:55.045321 mprotect(0xffffa6f97000, 61440, PROT_NONE) = 0 <0.000122>
22533 19:29:55.045557 mmap(0xffffa6fa6000, 24576, PROT_READ|PROT_WRITE, MAP_PRIVATE|MAP_FIXED|MAP_DENYWRITE, 3, 0x157000) = 0xffffa6fa6000 <0.000123>
22533 19:29:55.045847 mmap(0xffffa6fac000, 12384, PROT_READ|PROT_WRITE, MAP_PRIVATE|MAP_FIXED|MAP_ANONYMOUS, -1, 0) = 0xffffa6fac000 <0.000118>
22533 19:29:55.046131 close(3)          = 0 <0.000113>
22533 19:29:55.046419 openat(AT_FDCWD, "/lib/aarch64-linux-gnu/libudev.so.1", O_RDONLY|O_CLOEXEC) = 3 <0.000121>
22533 19:29:55.046699 read(3, "\177ELF\2\1\1\0\0\0\0\0\0\0\0\0\3\0\267\0\1\0\0\0\240@\0\0\0\0\0\0@\0\0\0\0\0\0\0\3501\2\0\0\0\0\0\0\0\0\0@\08\0\10\0@\0\33\0\32\0\1\0\0\0\5\0\0\0\0\0\0\0\0\0\0\0\0\0\0\0\0\0\0\0\0\0\0\0\0\0\0\0\300\34\2\0\0\0\0\0\300\34\2\0\0\0\0\0\0\0\1\0\0\0\0\0\1\0\0\0\6\0\0\0P(\2\0\0\0\0\0P(\3\0\0\0\0\0P(\3\0\0\0\0\0h\10\0\0\0\0\0\0\240\20\0\0\0\0\0\0\0\0\1\0\0\0\0\0\2\0\0\0\6\0\0\0\250)\2\0\0\0\0\0\250)\3\0\0\0\0\0"..., 832) = 832 <0.000114>
22533 19:29:55.046974 fstat(3, {st_mode=S_IFREG|0644, st_size=145576, ...}) = 0 <0.000113>
22533 19:29:55.047244 mmap(NULL, 211184, PROT_READ|PROT_EXEC, MAP_PRIVATE|MAP_DENYWRITE, 3, 0) = 0xffffa6e0b000 <0.000116>
22533 19:29:55.047516 mprotect(0xffffa6e2d000, 65536, PROT_NONE) = 0 <0.000121>
22533 19:29:55.047790 mmap(0xffffa6e3d000, 8192, PROT_READ|PROT_WRITE, MAP_PRIVATE|MAP_FIXED|MAP_DENYWRITE, 3, 0x22000) = 0xffffa6e3d000 <0.000119>
22533 19:29:55.048079 close(3)          = 0 <0.000113>
22533 19:29:55.048412 mmap(NULL, 8192, PROT_READ|PROT_WRITE, MAP_PRIVATE|MAP_ANONYMOUS, -1, 0) = 0xffffa6e09000 <0.000115>
22533 19:29:55.048888 mprotect(0xffffa6fa6000, 16384, PROT_READ) = 0 <0.000119>
22533 19:29:55.049182 mprotect(0xffffa71c5000, 4096, PROT_READ) = 0 <0.000119>
22533 19:29:55.049724 mprotect(0xffffa6e3d000, 4096, PROT_READ) = 0 <0.000117>
22533 19:29:55.050003 mprotect(0xffffa6fd4000, 4096, PROT_READ) = 0 <0.000116>
22533 19:29:55.050282 mprotect(0xffffa7286000, 4096, PROT_READ) = 0 <0.000119>
22533 19:29:55.052320 mmap(NULL, 8192, PROT_READ|PROT_WRITE, MAP_PRIVATE|MAP_ANONYMOUS, -1, 0) = 0xffffa6e07000 <0.000117>
22533 19:29:55.052765 mprotect(0xffffa7152000, 40960, PROT_READ) = 0 <0.000118>
22533 19:29:55.053053 mprotect(0xffffa7173000, 4096, PROT_READ) = 0 <0.000120>
22533 19:29:55.053437 mprotect(0xffffa719a000, 4096, PROT_READ) = 0 <0.000106>
22533 19:29:55.056397 mprotect(0xaaaae27df000, 36864, PROT_READ) = 0 <0.000587>
22533 19:29:55.057649 mprotect(0xffffa72b9000, 4096, PROT_READ) = 0 <0.000595>
22533 19:29:55.058404 munmap(0xffffa72aa000, 52827) = 0 <0.000142>
22533 19:29:55.058700 set_tid_address(0xffffa6e090e0) = 22533 <0.000113>
22533 19:29:55.059155 set_robust_list(0xffffa6e090f0, 24) = 0 <0.000138>
22533 19:29:55.059538 rt_sigaction(SIGRTMIN, {sa_handler=0xffffa71a1e80, sa_mask=[], sa_flags=SA_SIGINFO}, NULL, 8) = 0 <0.000139>
22533 19:29:55.059909 rt_sigaction(SIGRT_1, {sa_handler=0xffffa71a1f40, sa_mask=[], sa_flags=SA_RESTART|SA_SIGINFO}, NULL, 8) = 0 <0.000119>
22533 19:29:55.060240 rt_sigprocmask(SIG_UNBLOCK, [RTMIN RT_1], NULL, 8) = 0 <0.000085>
22533 19:29:55.060582 prlimit64(0, RLIMIT_STACK, NULL, {rlim_cur=8192*1024, rlim_max=RLIM64_INFINITY}) = 0 <0.000075>
22533 19:29:55.061138 brk(NULL)         = 0xaaaaf4ecf000 <0.000137>
22533 19:29:55.061423 brk(0xaaaaf4ef0000) = 0xaaaaf4ef0000 <0.000132>
22533 19:29:55.063432 futex(0xffffa715f048, FUTEX_WAKE_PRIVATE, 2147483647) = 0 <0.000121>
22533 19:29:55.063887 futex(0xffffa715f04c, FUTEX_WAKE_PRIVATE, 2147483647) = 0 <0.000119>
22533 19:29:55.068892 mmap(NULL, 65536, PROT_READ|PROT_WRITE, MAP_PRIVATE|MAP_ANONYMOUS, -1, 0) = 0xffffa6df7000 <0.000128>
22533 19:29:55.069285 rt_sigprocmask(SIG_SETMASK, ~[RTMIN RT_1], [], 8) = 0 <0.000119>
22533 19:29:55.069606 rt_sigprocmask(SIG_SETMASK, [], NULL, 8) = 0 <0.000120>
22533 19:29:55.070014 mmap(NULL, 65536, PROT_READ|PROT_WRITE, MAP_PRIVATE|MAP_ANONYMOUS, -1, 0) = 0xffffa6de7000 <0.000123>
22533 19:29:55.070377 mmap(NULL, 65536, PROT_READ|PROT_WRITE, MAP_PRIVATE|MAP_ANONYMOUS, -1, 0) = 0xffffa6dd7000 <0.000136>
22533 19:29:55.092292 getpid()          = 22533 <0.000615>
22533 19:29:55.104279 openat(AT_FDCWD, "mobilenet_v1_1.0_224_quant_edgetpu.tflite", O_RDONLY) = 3 <0.000624>
22533 19:29:55.105124 fstat(3, {st_mode=S_IFREG|0755, st_size=4749998, ...}) = 0 <0.000119>
22533 19:29:55.105438 mmap(NULL, 4749998, PROT_READ, MAP_SHARED, 3, 0) = 0xffffa694f000 <0.000135>
22533 19:29:55.110057 openat(AT_FDCWD, "/sys/class/apex", O_RDONLY|O_NONBLOCK|O_CLOEXEC|O_DIRECTORY) = 4 <0.000137>
22533 19:29:55.110395 fstat(4, {st_mode=S_IFDIR|0755, st_size=0, ...}) = 0 <0.000119>
22533 19:29:55.110712 getdents64(4, /* 3 entries */, 32768) = 80 <0.000128>
22533 19:29:55.111030 newfstatat(AT_FDCWD, "/dev/apex_0", {st_mode=S_IFCHR|0660, st_rdev=makedev(0x78, 0), ...}, 0) = 0 <0.000125>
22533 19:29:55.111413 getdents64(4, /* 0 entries */, 32768) = 0 <0.000119>
22533 19:29:55.111713 close(4)          = 0 <0.000124>
22533 19:29:55.112081 openat(AT_FDCWD, "/dev/bus/usb", O_RDONLY|O_NONBLOCK|O_CLOEXEC|O_DIRECTORY) = 4 <0.000132>
22533 19:29:55.112398 fstat(4, {st_mode=S_IFDIR|0755, st_size=80, ...}) = 0 <0.000119>
22533 19:29:55.112703 brk(0xaaaaf4f12000) = 0xaaaaf4f12000 <0.000125>
22533 19:29:55.113012 getdents64(4, /* 4 entries */, 32768) = 96 <0.000124>
22533 19:29:55.113324 brk(0xaaaaf4f0a000) = 0xaaaaf4f0a000 <0.000218>
22533 19:29:55.113729 close(4)          = 0 <0.000121>
22533 19:29:55.114031 uname({sysname="Linux", nodename="deft-shrimp", ...}) = 0 <0.000120>
22533 19:29:55.114380 newfstatat(AT_FDCWD, "/sys/bus/usb/devices", {st_mode=S_IFDIR|0755, st_size=0, ...}, 0) = 0 <0.000131>
22533 19:29:55.114728 faccessat(AT_FDCWD, "/run/udev/control", F_OK) = 0 <0.000129>
22533 19:29:55.115042 socket(AF_NETLINK, SOCK_RAW|SOCK_CLOEXEC|SOCK_NONBLOCK, NETLINK_KOBJECT_UEVENT) = 4 <0.000137>
22533 19:29:55.115370 getpid()          = 22533 <0.000118>
22533 19:29:55.115662 gettid()          = 22533 <0.000119>
22533 19:29:55.115955 getrandom("\xe9\x9d\xb4\x70\x64\xff\xf6\xb9\x26\x4d\x69\x6d\xca\xa7\x88\x77", 16, GRND_NONBLOCK) = 16 <0.000120>
22533 19:29:55.116280 setsockopt(4, SOL_SOCKET, SO_ATTACH_FILTER, {len=10, filter=0xfffff193bca8}, 16) = 0 <0.000521>
22533 19:29:55.116992 setsockopt(4, SOL_SOCKET, SO_PASSCRED, [1], 4) = 0 <0.000119>
22533 19:29:55.117297 bind(4, {sa_family=AF_NETLINK, nl_pid=0, nl_groups=0x000002}, 12) = 0 <0.000130>
22533 19:29:55.117655 getsockname(4, {sa_family=AF_NETLINK, nl_pid=22533, nl_groups=0x000002}, [12]) = 0 <0.000120>
22533 19:29:55.117983 fcntl(4, F_GETFD) = 0x1 (flags FD_CLOEXEC) <0.000119>
22533 19:29:55.118281 fcntl(4, F_GETFL) = 0x802 (flags O_RDWR|O_NONBLOCK) <0.000118>
22533 19:29:55.118580 pipe2([5, 6], O_CLOEXEC) = 0 <0.000132>
22533 19:29:55.118896 fcntl(6, F_GETFL) = 0x1 (flags O_WRONLY) <0.000118>
22533 19:29:55.119190 fcntl(6, F_SETFL, O_WRONLY|O_NONBLOCK) = 0 <0.000119>
22533 19:29:55.119496 mmap(NULL, 8392704, PROT_NONE, MAP_PRIVATE|MAP_ANONYMOUS|MAP_STACK, -1, 0) = 0xffffa614e000 <0.000125>
22533 19:29:55.119806 mprotect(0xffffa614f000, 8388608, PROT_READ|PROT_WRITE) = 0 <0.000133>
22533 19:29:55.120146 clone(child_stack=0xffffa694daa0, flags=CLONE_VM|CLONE_FS|CLONE_FILES|CLONE_SIGHAND|CLONE_THREAD|CLONE_SYSVSEM|CLONE_SETTLS|CLONE_PARENT_SETTID|CLONE_CHILD_CLEARTID, parent_tidptr=0xffffa694e270, tls=0xffffa694e8a0, child_tidptr=0xffffa694e270) = 22534 <0.000438>
22534 19:29:55.120713 set_robust_list(0xffffa694e280, 24 <unfinished ...>
22533 19:29:55.120812 faccessat(AT_FDCWD, "/sys/subsystem", F_OK) = -1 ENOENT (No such file or directory) <0.000135>
22533 19:29:55.121148 openat(AT_FDCWD, "/sys/bus", O_RDONLY|O_NONBLOCK|O_CLOEXEC|O_DIRECTORY <unfinished ...>
22534 19:29:55.121255 <... set_robust_list resumed> ) = 0 <0.000502>
22533 19:29:55.121353 <... openat resumed> ) = 7 <0.000158>
22533 19:29:55.121683 fstat(7,  <unfinished ...>
22534 19:29:55.121788 ppoll([{fd=5, events=POLLIN}, {fd=4, events=POLLIN}], 2, NULL, NULL, 0 <unfinished ...>
22533 19:29:55.122109 <... fstat resumed> {st_mode=S_IFDIR|0755, st_size=0, ...}) = 0 <0.000380>
22533 19:29:55.122380 getdents64(7, /* 38 entries */, 32768) = 1056 <0.000537>
22533 19:29:55.123192 openat(AT_FDCWD, "/sys/bus/usb/devices/", O_RDONLY|O_NONBLOCK|O_CLOEXEC|O_DIRECTORY) = 8 <0.000624>
22533 19:29:55.124015 fstat(8, {st_mode=S_IFDIR|0755, st_size=0, ...}) = 0 <0.000120>
22533 19:29:55.124330 getdents64(8, /* 6 entries */, 32768) = 160 <0.000125>
22533 19:29:55.125111 openat(AT_FDCWD, "/", O_RDONLY|O_NOFOLLOW|O_CLOEXEC|O_PATH) = 9 <0.000116>
22533 19:29:55.125394 openat(9, "sys", O_RDONLY|O_NOFOLLOW|O_CLOEXEC|O_PATH) = 10 <0.000598>
22533 19:29:55.126160 fstat(10, {st_mode=S_IFDIR|0555, st_size=0, ...}) = 0 <0.000114>
22533 19:29:55.126435 close(9)          = 0 <0.000113>
22533 19:29:55.126700 openat(10, "bus", O_RDONLY|O_NOFOLLOW|O_CLOEXEC|O_PATH) = 9 <0.000116>
22533 19:29:55.126974 fstat(9, {st_mode=S_IFDIR|0755, st_size=0, ...}) = 0 <0.000113>
22533 19:29:55.127248 close(10)         = 0 <0.000113>
22533 19:29:55.127512 openat(9, "usb", O_RDONLY|O_NOFOLLOW|O_CLOEXEC|O_PATH) = 10 <0.000116>
22533 19:29:55.127785 fstat(10, {st_mode=S_IFDIR|0755, st_size=0, ...}) = 0 <0.000113>
22533 19:29:55.128056 close(9)          = 0 <0.000113>
22533 19:29:55.128319 openat(10, "devices", O_RDONLY|O_NOFOLLOW|O_CLOEXEC|O_PATH) = 9 <0.000116>
22533 19:29:55.128593 fstat(9, {st_mode=S_IFDIR|0755, st_size=0, ...}) = 0 <0.000113>
22533 19:29:55.128863 close(10)         = 0 <0.000113>
22533 19:29:55.129126 openat(9, "usb1", O_RDONLY|O_NOFOLLOW|O_CLOEXEC|O_PATH) = 10 <0.000117>
22533 19:29:55.129401 fstat(10, {st_mode=S_IFLNK|0777, st_size=0, ...}) = 0 <0.000120>
22533 19:29:55.129753 readlinkat(9, "usb1", "../../../devices/platform/usb@38200000/38200000.dwc3/xhci-hcd.0.auto/usb1", 4096) = 73 <0.000604>
22533 19:29:55.130528 close(10)         = 0 <0.000113>
22533 19:29:55.130797 openat(9, "..", O_RDONLY|O_NOFOLLOW|O_CLOEXEC|O_PATH) = 10 <0.000118>
22533 19:29:55.131075 close(9)          = 0 <0.000113>
22533 19:29:55.131339 openat(10, "..", O_RDONLY|O_NOFOLLOW|O_CLOEXEC|O_PATH) = 9 <0.000116>
22533 19:29:55.131683 close(10)         = 0 <0.000120>
22533 19:29:55.131983 openat(9, "..", O_RDONLY|O_NOFOLLOW|O_CLOEXEC|O_PATH) = 10 <0.000126>
22533 19:29:55.132295 close(9)          = 0 <0.000119>
22533 19:29:55.132591 openat(10, "devices", O_RDONLY|O_NOFOLLOW|O_CLOEXEC|O_PATH) = 9 <0.000125>
22533 19:29:55.132902 fstat(9, {st_mode=S_IFDIR|0755, st_size=0, ...}) = 0 <0.000118>
22533 19:29:55.133207 close(10)         = 0 <0.000118>
22533 19:29:55.133525 openat(9, "platform", O_RDONLY|O_NOFOLLOW|O_CLOEXEC|O_PATH) = 10 <0.000126>
22533 19:29:55.133843 fstat(10, {st_mode=S_IFDIR|0755, st_size=0, ...}) = 0 <0.000118>
22533 19:29:55.134147 close(9)          = 0 <0.000118>
22533 19:29:55.134441 openat(10, "usb@38200000", O_RDONLY|O_NOFOLLOW|O_CLOEXEC|O_PATH) = 9 <0.000125>
22533 19:29:55.134752 fstat(9, {st_mode=S_IFDIR|0755, st_size=0, ...}) = 0 <0.000118>
22533 19:29:55.135055 close(10)         = 0 <0.000118>
22533 19:29:55.135348 openat(9, "38200000.dwc3", O_RDONLY|O_NOFOLLOW|O_CLOEXEC|O_PATH) = 10 <0.000124>
22533 19:29:55.135657 fstat(10, {st_mode=S_IFDIR|0755, st_size=0, ...}) = 0 <0.000118>
22533 19:29:55.135961 close(9)          = 0 <0.000118>
22533 19:29:55.136254 openat(10, "xhci-hcd.0.auto", O_RDONLY|O_NOFOLLOW|O_CLOEXEC|O_PATH) = 9 <0.000124>
22533 19:29:55.136563 fstat(9, {st_mode=S_IFDIR|0755, st_size=0, ...}) = 0 <0.000118>
22533 19:29:55.136866 close(10)         = 0 <0.000118>
22533 19:29:55.137159 openat(9, "usb1", O_RDONLY|O_NOFOLLOW|O_CLOEXEC|O_PATH) = 10 <0.000124>
22533 19:29:55.137467 fstat(10, {st_mode=S_IFDIR|0755, st_size=0, ...}) = 0 <0.000120>
22533 19:29:55.137805 close(9)          = 0 <0.000119>
22533 19:29:55.138099 close(10)         = 0 <0.000118>
22533 19:29:55.138391 faccessat(AT_FDCWD, "/sys/devices/platform/usb@38200000/38200000.dwc3/xhci-hcd.0.auto/usb1/uevent", F_OK) = 0 <0.000598>
22533 19:29:55.139679 readlinkat(AT_FDCWD, "/sys/devices/platform/usb@38200000/38200000.dwc3/xhci-hcd.0.auto/usb1/subsystem", "../../../../../../bus/usb", 4096) = 25 <0.000622>
22533 19:29:55.140538 getrandom("\x4d\x67\xb3\x0e\xe6\xa4\x74\xbc\x90\xc6\x53\xf2\x0f\x6d\x13\x30", 16, GRND_NONBLOCK) = 16 <0.000119>
22533 19:29:55.140854 openat(AT_FDCWD, "/sys/devices/platform/usb@38200000/38200000.dwc3/xhci-hcd.0.auto/usb1/uevent", O_RDONLY|O_CLOEXEC) = 9 <0.000607>
22533 19:29:55.141662 fstat(9, {st_mode=S_IFREG|0644, st_size=4096, ...}) = 0 <0.000120>
22533 19:29:55.141974 fstat(9, {st_mode=S_IFREG|0644, st_size=4096, ...}) = 0 <0.000119>
22533 19:29:55.142284 read(9, "MAJOR=189\nMINOR=0\nDEVNAME=bus/usb/001/001\nDEVTYPE=usb_device\nDRIVER=usb\nOF_NAME=dwc3\nOF_FULLNAME=/usb@38200000/dwc3\nOF_COMPATIBLE_0=snps,dwc3\nOF_COMPATIBLE_N=1\nPRODUCT=1d6b/2/414\nTYPE=9/0/1\nBUSNUM=001"..., 4096) = 212 <0.000620>
22533 19:29:55.143101 read(9, "", 4096) = 0 <0.000120>
22533 19:29:55.143405 close(9)          = 0 <0.000120>
22533 19:29:55.144196 getrandom("\x8a\xcb\x5c\x76\x0f\x3e\x5c\x92\x54\x32\xe9\x0f\x04\xfc\x7b\xad", 16, GRND_NONBLOCK) = 16 <0.000121>
22533 19:29:55.144990 getrandom("\xb8\xc2\x7f\x2f\xc7\x2d\xed\x65\x17\x49\xf9\xd5\xb9\x3e\x63\x85", 16, GRND_NONBLOCK) = 16 <0.000122>
22533 19:29:55.145336 openat(AT_FDCWD, "/run/udev/data/c189:0", O_RDONLY|O_CLOEXEC) = 9 <0.000223>
22533 19:29:55.145752 fstat(9, {st_mode=S_IFREG|0644, st_size=587, ...}) = 0 <0.000119>
22533 19:29:55.146059 fstat(9, {st_mode=S_IFREG|0644, st_size=587, ...}) = 0 <0.000118>
22533 19:29:55.146363 read(9, "I:6173436\nE:ID_VENDOR=Linux_4.14.98-imx_xhci-hcd\nE:ID_VENDOR_ENC=Linux\\x204.14.98-imx\\x20xhci-hcd\nE:ID_VENDOR_ID=1d6b\nE:ID_MODEL=xHCI_Host_Controller\nE:ID_MODEL_ENC=xHCI\\x20Host\\x20Controller\nE:ID_MOD"..., 4096) = 587 <0.000124>
22533 19:29:55.146674 read(9, "", 4096) = 0 <0.000118>
22533 19:29:55.146970 close(9)          = 0 <0.000119>
22533 19:29:55.147279 getrandom("\x9d\x18\x9a\x72\x52\x48\xd8\x0c\xa8\x81\xcd\xca\xdd\xb8\x1c\x49", 16, GRND_NONBLOCK) = 16 <0.000118>
22533 19:29:55.147626 getrandom("\xe4\x4d\x8f\x79\x90\xa2\xb0\xbf\x77\xf1\xa6\xaa\x79\xd7\xd3\x74", 16, GRND_NONBLOCK) = 16 <0.000118>
22533 19:29:55.147962 getrandom("\xa5\x64\x34\x09\xb0\xb8\x00\x6e\x1e\x94\xff\x36\xce\x9f\x08\x79", 16, GRND_NONBLOCK) = 16 <0.000118>
22533 19:29:55.148336 getrandom("\xfb\xf6\x59\x5d\x02\x82\xb8\xed\x4c\xa5\xe2\x49\x78\x9e\xde\xde", 16, GRND_NONBLOCK) = 16 <0.000118>
22533 19:29:55.148676 openat(AT_FDCWD, "/", O_RDONLY|O_NOFOLLOW|O_CLOEXEC|O_PATH) = 9 <0.000123>
22533 19:29:55.148985 openat(9, "sys", O_RDONLY|O_NOFOLLOW|O_CLOEXEC|O_PATH) = 10 <0.000122>
22533 19:29:55.149292 fstat(10, {st_mode=S_IFDIR|0555, st_size=0, ...}) = 0 <0.000118>
22533 19:29:55.149688 close(9)          = 0 <0.000119>
22533 19:29:55.149989 openat(10, "bus", O_RDONLY|O_NOFOLLOW|O_CLOEXEC|O_PATH) = 9 <0.000126>
22533 19:29:55.150301 fstat(9, {st_mode=S_IFDIR|0755, st_size=0, ...}) = 0 <0.000119>
22533 19:29:55.150605 close(10)         = 0 <0.000118>
22533 19:29:55.150898 openat(9, "usb", O_RDONLY|O_NOFOLLOW|O_CLOEXEC|O_PATH) = 10 <0.000123>
22533 19:29:55.151207 fstat(10, {st_mode=S_IFDIR|0755, st_size=0, ...}) = 0 <0.000119>
22533 19:29:55.151511 close(9)          = 0 <0.000118>
22533 19:29:55.151804 openat(10, "devices", O_RDONLY|O_NOFOLLOW|O_CLOEXEC|O_PATH) = 9 <0.000122>
22533 19:29:55.152162 fstat(9, {st_mode=S_IFDIR|0755, st_size=0, ...}) = 0 <0.000119>
22533 19:29:55.152589 close(10)         = 0 <0.000121>
22533 19:29:55.152944 openat(9, "usb2", O_RDONLY|O_NOFOLLOW|O_CLOEXEC|O_PATH) = 10 <0.000136>
22533 19:29:55.153388 fstat(10, {st_mode=S_IFLNK|0777, st_size=0, ...}) = 0 <0.000138>
22533 19:29:55.153885 readlinkat(9, "usb2", "../../../devices/platform/usb@38200000/38200000.dwc3/xhci-hcd.0.auto/usb2", 4096) = 73 <0.000127>
22533 19:29:55.154265 close(10)         = 0 <0.000120>
22533 19:29:55.154625 openat(9, "..", O_RDONLY|O_NOFOLLOW|O_CLOEXEC|O_PATH) = 10 <0.000124>
22533 19:29:55.155054 close(9)          = 0 <0.000119>
22533 19:29:55.155406 openat(10, "..", O_RDONLY|O_NOFOLLOW|O_CLOEXEC|O_PATH) = 9 <0.000183>
22533 19:29:55.155775 close(10)         = 0 <0.000113>
22533 19:29:55.156051 openat(9, "..", O_RDONLY|O_NOFOLLOW|O_CLOEXEC|O_PATH) = 10 <0.000116>
22533 19:29:55.156325 close(9)          = 0 <0.000113>
22533 19:29:55.156588 openat(10, "devices", O_RDONLY|O_NOFOLLOW|O_CLOEXEC|O_PATH) = 9 <0.000116>
22533 19:29:55.156861 fstat(9, {st_mode=S_IFDIR|0755, st_size=0, ...}) = 0 <0.000113>
22533 19:29:55.157131 close(10)         = 0 <0.000113>
22533 19:29:55.157394 openat(9, "platform", O_RDONLY|O_NOFOLLOW|O_CLOEXEC|O_PATH) = 10 <0.000192>
22533 19:29:55.157747 fstat(10, {st_mode=S_IFDIR|0755, st_size=0, ...}) = 0 <0.000113>
22533 19:29:55.158017 close(9)          = 0 <0.000113>
22533 19:29:55.158282 openat(10, "usb@38200000", O_RDONLY|O_NOFOLLOW|O_CLOEXEC|O_PATH) = 9 <0.000116>
22533 19:29:55.158555 fstat(9, {st_mode=S_IFDIR|0755, st_size=0, ...}) = 0 <0.000113>
22533 19:29:55.158826 close(10)         = 0 <0.000113>
22533 19:29:55.159090 openat(9, "38200000.dwc3", O_RDONLY|O_NOFOLLOW|O_CLOEXEC|O_PATH) = 10 <0.000117>
22533 19:29:55.159365 fstat(10, {st_mode=S_IFDIR|0755, st_size=0, ...}) = 0 <0.000113>
22533 19:29:55.159635 close(9)          = 0 <0.000113>
22533 19:29:55.159898 openat(10, "xhci-hcd.0.auto", O_RDONLY|O_NOFOLLOW|O_CLOEXEC|O_PATH) = 9 <0.000116>
22533 19:29:55.160172 fstat(9, {st_mode=S_IFDIR|0755, st_size=0, ...}) = 0 <0.000112>
22533 19:29:55.160442 close(10)         = 0 <0.000113>
22533 19:29:55.160706 openat(9, "usb2", O_RDONLY|O_NOFOLLOW|O_CLOEXEC|O_PATH) = 10 <0.000116>
22533 19:29:55.160980 fstat(10, {st_mode=S_IFDIR|0755, st_size=0, ...}) = 0 <0.000113>
22533 19:29:55.161250 close(9)          = 0 <0.000113>
22533 19:29:55.161581 close(10)         = 0 <0.000113>
22533 19:29:55.161849 faccessat(AT_FDCWD, "/sys/devices/platform/usb@38200000/38200000.dwc3/xhci-hcd.0.auto/usb2/uevent", F_OK) = 0 <0.000123>
22533 19:29:55.162135 readlinkat(AT_FDCWD, "/sys/devices/platform/usb@38200000/38200000.dwc3/xhci-hcd.0.auto/usb2/subsystem", "../../../../../../bus/usb", 4096) = 25 <0.000123>
22533 19:29:55.162477 openat(AT_FDCWD, "/sys/devices/platform/usb@38200000/38200000.dwc3/xhci-hcd.0.auto/usb2/uevent", O_RDONLY|O_CLOEXEC) = 9 <0.000124>
22533 19:29:55.162759 fstat(9, {st_mode=S_IFREG|0644, st_size=4096, ...}) = 0 <0.000113>
22533 19:29:55.163029 fstat(9, {st_mode=S_IFREG|0644, st_size=4096, ...}) = 0 <0.000113>
22533 19:29:55.163303 read(9, "MAJOR=189\nMINOR=128\nDEVNAME=bus/usb/002/001\nDEVTYPE=usb_device\nDRIVER=usb\nOF_NAME=dwc3\nOF_FULLNAME=/usb@38200000/dwc3\nOF_COMPATIBLE_0=snps,dwc3\nOF_COMPATIBLE_N=1\nPRODUCT=1d6b/3/414\nTYPE=9/0/3\nBUSNUM=0"..., 4096) = 214 <0.000132>
22533 19:29:55.163593 read(9, "", 4096) = 0 <0.000113>
22533 19:29:55.163858 close(9)          = 0 <0.000113>
22533 19:29:55.164134 getrandom("\x23\xd3\x57\x1c\xcc\x31\x0e\x31\xbb\xb0\x49\xb7\x3b\xb8\x1d\xb9", 16, GRND_NONBLOCK) = 16 <0.000113>
22533 19:29:55.164415 getrandom("\xd3\x30\xd1\xb8\x01\x35\xc5\xe8\x8f\xff\xe3\x1c\x7f\x5a\x6d\x69", 16, GRND_NONBLOCK) = 16 <0.000113>
22533 19:29:55.164703 openat(AT_FDCWD, "/run/udev/data/c189:128", O_RDONLY|O_CLOEXEC) = 9 <0.000120>
22533 19:29:55.164980 fstat(9, {st_mode=S_IFREG|0644, st_size=587, ...}) = 0 <0.000113>
22533 19:29:55.165250 fstat(9, {st_mode=S_IFREG|0644, st_size=587, ...}) = 0 <0.000113>
22533 19:29:55.165587 read(9, "I:6172863\nE:ID_VENDOR=Linux_4.14.98-imx_xhci-hcd\nE:ID_VENDOR_ENC=Linux\\x204.14.98-imx\\x20xhci-hcd\nE:ID_VENDOR_ID=1d6b\nE:ID_MODEL=xHCI_Host_Controller\nE:ID_MODEL_ENC=xHCI\\x20Host\\x20Controller\nE:ID_MOD"..., 4096) = 587 <0.000117>
22533 19:29:55.165867 read(9, "", 4096) = 0 <0.000113>
22533 19:29:55.166134 close(9)          = 0 <0.000113>
22533 19:29:55.166407 getrandom("\x49\x83\x96\x2a\xf0\x20\x8a\x37\xdc\x67\x03\xf9\xc7\xb3\x43\xcd", 16, GRND_NONBLOCK) = 16 <0.000112>
22533 19:29:55.166706 getrandom("\xa4\x53\xe8\x34\xce\xed\x78\x3a\x3c\xe8\x2c\xde\x30\x7f\x9d\x75", 16, GRND_NONBLOCK) = 16 <0.000113>
22533 19:29:55.166994 getrandom("\xb8\x84\xe8\xa6\xdd\xe6\x42\x26\xaa\xe4\xa5\xe7\x63\xea\x9a\x6a", 16, GRND_NONBLOCK) = 16 <0.000113>
22533 19:29:55.167312 getrandom("\x88\x18\x42\x50\xce\x59\x65\xaa\x6e\xeb\x5d\xab\xb0\x5f\xd0\x37", 16, GRND_NONBLOCK) = 16 <0.000113>
22533 19:29:55.167616 openat(AT_FDCWD, "/", O_RDONLY|O_NOFOLLOW|O_CLOEXEC|O_PATH) = 9 <0.000116>
22533 19:29:55.167889 openat(9, "sys", O_RDONLY|O_NOFOLLOW|O_CLOEXEC|O_PATH) = 10 <0.000115>
22533 19:29:55.168163 fstat(10, {st_mode=S_IFDIR|0555, st_size=0, ...}) = 0 <0.000113>
22533 19:29:55.168434 close(9)          = 0 <0.000113>
22533 19:29:55.168697 openat(10, "bus", O_RDONLY|O_NOFOLLOW|O_CLOEXEC|O_PATH) = 9 <0.000116>
22533 19:29:55.168970 fstat(9, {st_mode=S_IFDIR|0755, st_size=0, ...}) = 0 <0.000113>
22533 19:29:55.169240 close(10)         = 0 <0.000113>
22533 19:29:55.169571 openat(9, "usb", O_RDONLY|O_NOFOLLOW|O_CLOEXEC|O_PATH) = 10 <0.000117>
22533 19:29:55.169850 fstat(10, {st_mode=S_IFDIR|0755, st_size=0, ...}) = 0 <0.000113>
22533 19:29:55.170120 close(9)          = 0 <0.000113>
22533 19:29:55.170384 openat(10, "devices", O_RDONLY|O_NOFOLLOW|O_CLOEXEC|O_PATH) = 9 <0.000117>
22533 19:29:55.170658 fstat(9, {st_mode=S_IFDIR|0755, st_size=0, ...}) = 0 <0.000113>
22533 19:29:55.170929 close(10)         = 0 <0.000113>
22533 19:29:55.171192 openat(9, "1-0:1.0", O_RDONLY|O_NOFOLLOW|O_CLOEXEC|O_PATH) = 10 <0.000116>
22533 19:29:55.171466 fstat(10, {st_mode=S_IFLNK|0777, st_size=0, ...}) = 0 <0.000113>
22533 19:29:55.171740 readlinkat(9, "1-0:1.0", "../../../devices/platform/usb@38200000/38200000.dwc3/xhci-hcd.0.auto/usb1/1-0:1.0", 4096) = 81 <0.000117>
22533 19:29:55.172020 close(10)         = 0 <0.000113>
22533 19:29:55.172285 openat(9, "..", O_RDONLY|O_NOFOLLOW|O_CLOEXEC|O_PATH) = 10 <0.000116>
22533 19:29:55.172557 close(9)          = 0 <0.000173>
22533 19:29:55.172881 openat(10, "..", O_RDONLY|O_NOFOLLOW|O_CLOEXEC|O_PATH) = 9 <0.000115>
22533 19:29:55.173154 close(10)         = 0 <0.000113>
22533 19:29:55.173418 openat(9, "..", O_RDONLY|O_NOFOLLOW|O_CLOEXEC|O_PATH) = 10 <0.000133>
22533 19:29:55.173713 close(9)          = 0 <0.000113>
22533 19:29:55.173976 openat(10, "devices", O_RDONLY|O_NOFOLLOW|O_CLOEXEC|O_PATH) = 9 <0.000115>
22533 19:29:55.174249 fstat(9, {st_mode=S_IFDIR|0755, st_size=0, ...}) = 0 <0.000113>
22533 19:29:55.174520 close(10)         = 0 <0.000113>
22533 19:29:55.174783 openat(9, "platform", O_RDONLY|O_NOFOLLOW|O_CLOEXEC|O_PATH) = 10 <0.000116>
22533 19:29:55.175057 fstat(10, {st_mode=S_IFDIR|0755, st_size=0, ...}) = 0 <0.000113>
22533 19:29:55.175327 close(9)          = 0 <0.000113>
22533 19:29:55.175591 openat(10, "usb@38200000", O_RDONLY|O_NOFOLLOW|O_CLOEXEC|O_PATH) = 9 <0.000116>
22533 19:29:55.175865 fstat(9, {st_mode=S_IFDIR|0755, st_size=0, ...}) = 0 <0.000113>
22533 19:29:55.176135 close(10)         = 0 <0.000113>
22533 19:29:55.176398 openat(9, "38200000.dwc3", O_RDONLY|O_NOFOLLOW|O_CLOEXEC|O_PATH) = 10 <0.000116>
22533 19:29:55.176672 fstat(10, {st_mode=S_IFDIR|0755, st_size=0, ...}) = 0 <0.000113>
22533 19:29:55.176943 close(9)          = 0 <0.000113>
22533 19:29:55.177206 openat(10, "xhci-hcd.0.auto", O_RDONLY|O_NOFOLLOW|O_CLOEXEC|O_PATH) = 9 <0.000115>
22533 19:29:55.177478 fstat(9, {st_mode=S_IFDIR|0755, st_size=0, ...}) = 0 <0.000114>
22533 19:29:55.177771 close(10)         = 0 <0.000113>
22533 19:29:55.178035 openat(9, "usb1", O_RDONLY|O_NOFOLLOW|O_CLOEXEC|O_PATH) = 10 <0.000116>
22533 19:29:55.178309 fstat(10, {st_mode=S_IFDIR|0755, st_size=0, ...}) = 0 <0.000113>
22533 19:29:55.178579 close(9)          = 0 <0.000113>
22533 19:29:55.178842 openat(10, "1-0:1.0", O_RDONLY|O_NOFOLLOW|O_CLOEXEC|O_PATH) = 9 <0.000116>
22533 19:29:55.179116 fstat(9, {st_mode=S_IFDIR|0755, st_size=0, ...}) = 0 <0.000113>
22533 19:29:55.179385 close(10)         = 0 <0.000113>
22533 19:29:55.179647 close(9)          = 0 <0.000112>
22533 19:29:55.179910 faccessat(AT_FDCWD, "/sys/devices/platform/usb@38200000/38200000.dwc3/xhci-hcd.0.auto/usb1/1-0:1.0/uevent", F_OK) = 0 <0.000122>
22533 19:29:55.180194 readlinkat(AT_FDCWD, "/sys/devices/platform/usb@38200000/38200000.dwc3/xhci-hcd.0.auto/usb1/1-0:1.0/subsystem", "../../../../../../../bus/usb", 4096) = 28 <0.000123>
22533 19:29:55.180484 openat(AT_FDCWD, "/sys/devices/platform/usb@38200000/38200000.dwc3/xhci-hcd.0.auto/usb1/1-0:1.0/uevent", O_RDONLY|O_CLOEXEC) = 9 <0.000124>
22533 19:29:55.180777 fstat(9, {st_mode=S_IFREG|0644, st_size=4096, ...}) = 0 <0.000113>
22533 19:29:55.181048 fstat(9, {st_mode=S_IFREG|0644, st_size=4096, ...}) = 0 <0.000113>
22533 19:29:55.181318 read(9, "DEVTYPE=usb_interface\nDRIVER=hub\nPRODUCT=1d6b/2/414\nTYPE=9/0/1\nINTERFACE=9/0/0\nMODALIAS=usb:v1D6Bp0002d0414dc09dsc00dp01ic09isc00ip00in00\n", 4096) = 138 <0.000125>
22533 19:29:55.181620 read(9, "", 4096) = 0 <0.000113>
22533 19:29:55.181890 close(9)          = 0 <0.000113>
22533 19:29:55.182163 getrandom("\x57\x09\x01\xe4\xc8\xc8\x84\xbf\x91\x32\xca\x0d\xda\x03\x09\x10", 16, GRND_NONBLOCK) = 16 <0.000113>
22533 19:29:55.182447 openat(AT_FDCWD, "/run/udev/data/+usb:1-0:1.0", O_RDONLY|O_CLOEXEC) = 9 <0.000118>
22533 19:29:55.182722 fstat(9, {st_mode=S_IFREG|0644, st_size=166, ...}) = 0 <0.000113>
22533 19:29:55.182992 fstat(9, {st_mode=S_IFREG|0644, st_size=166, ...}) = 0 <0.000113>
22533 19:29:55.183321 read(9, "I:6175293\nE:ID_USB_CLASS_FROM_DATABASE=Hub\nE:ID_USB_PROTOCOL_FROM_DATABASE=Single TT\nE:ID_VENDOR_FROM_DATABASE=Linux Foundation\nE:ID_MODEL_FROM_DATABASE=2.0 root hub\n", 4096) = 166 <0.000116>
22533 19:29:55.183596 read(9, "", 4096) = 0 <0.000113>
22533 19:29:55.183861 close(9)          = 0 <0.000113>
22533 19:29:55.184129 getrandom("\xf0\x01\x3a\x0c\x08\x25\xd3\x42\x46\xa6\x6e\x7f\x9c\xb3\xbe\x54", 16, GRND_NONBLOCK) = 16 <0.000113>
22533 19:29:55.184441 openat(AT_FDCWD, "/", O_RDONLY|O_NOFOLLOW|O_CLOEXEC|O_PATH) = 9 <0.000116>
22533 19:29:55.184713 openat(9, "sys", O_RDONLY|O_NOFOLLOW|O_CLOEXEC|O_PATH) = 10 <0.000115>
22533 19:29:55.184986 fstat(10, {st_mode=S_IFDIR|0555, st_size=0, ...}) = 0 <0.000113>
22533 19:29:55.185256 close(9)          = 0 <0.000113>
22533 19:29:55.185588 openat(10, "bus", O_RDONLY|O_NOFOLLOW|O_CLOEXEC|O_PATH) = 9 <0.000117>
22533 19:29:55.185866 fstat(9, {st_mode=S_IFDIR|0755, st_size=0, ...}) = 0 <0.000113>
22533 19:29:55.186137 close(10)         = 0 <0.000113>
22533 19:29:55.186400 openat(9, "usb", O_RDONLY|O_NOFOLLOW|O_CLOEXEC|O_PATH) = 10 <0.000116>
22533 19:29:55.186673 fstat(10, {st_mode=S_IFDIR|0755, st_size=0, ...}) = 0 <0.000113>
22533 19:29:55.186944 close(9)          = 0 <0.000113>
22533 19:29:55.187207 openat(10, "devices", O_RDONLY|O_NOFOLLOW|O_CLOEXEC|O_PATH) = 9 <0.000115>
22533 19:29:55.187480 fstat(9, {st_mode=S_IFDIR|0755, st_size=0, ...}) = 0 <0.000113>
22533 19:29:55.187750 close(10)         = 0 <0.000113>
22533 19:29:55.188014 openat(9, "2-0:1.0", O_RDONLY|O_NOFOLLOW|O_CLOEXEC|O_PATH) = 10 <0.000116>
22533 19:29:55.188287 fstat(10, {st_mode=S_IFLNK|0777, st_size=0, ...}) = 0 <0.000113>
22533 19:29:55.188559 readlinkat(9, "2-0:1.0", "../../../devices/platform/usb@38200000/38200000.dwc3/xhci-hcd.0.auto/usb2/2-0:1.0", 4096) = 81 <0.000117>
22533 19:29:55.188839 close(10)         = 0 <0.000113>
22533 19:29:55.189103 openat(9, "..", O_RDONLY|O_NOFOLLOW|O_CLOEXEC|O_PATH) = 10 <0.000115>
22533 19:29:55.189375 close(9)          = 0 <0.000130>
22533 19:29:55.189768 openat(10, "..", O_RDONLY|O_NOFOLLOW|O_CLOEXEC|O_PATH) = 9 <0.000116>
22533 19:29:55.190041 close(10)         = 0 <0.000113>
22533 19:29:55.190307 openat(9, "..", O_RDONLY|O_NOFOLLOW|O_CLOEXEC|O_PATH) = 10 <0.000115>
22533 19:29:55.190579 close(9)          = 0 <0.000113>
22533 19:29:55.190842 openat(10, "devices", O_RDONLY|O_NOFOLLOW|O_CLOEXEC|O_PATH) = 9 <0.000115>
22533 19:29:55.191115 fstat(9, {st_mode=S_IFDIR|0755, st_size=0, ...}) = 0 <0.000113>
22533 19:29:55.191386 close(10)         = 0 <0.000113>
22533 19:29:55.191650 openat(9, "platform", O_RDONLY|O_NOFOLLOW|O_CLOEXEC|O_PATH) = 10 <0.000115>
22533 19:29:55.191923 fstat(10, {st_mode=S_IFDIR|0755, st_size=0, ...}) = 0 <0.000113>
22533 19:29:55.192193 close(9)          = 0 <0.000113>
22533 19:29:55.192457 openat(10, "usb@38200000", O_RDONLY|O_NOFOLLOW|O_CLOEXEC|O_PATH) = 9 <0.000115>
22533 19:29:55.192730 fstat(9, {st_mode=S_IFDIR|0755, st_size=0, ...}) = 0 <0.000113>
22533 19:29:55.193001 close(10)         = 0 <0.000113>
22533 19:29:55.193264 openat(9, "38200000.dwc3", O_RDONLY|O_NOFOLLOW|O_CLOEXEC|O_PATH) = 10 <0.000115>
22533 19:29:55.193615 fstat(10, {st_mode=S_IFDIR|0755, st_size=0, ...}) = 0 <0.000113>
22533 19:29:55.193891 close(9)          = 0 <0.000113>
22533 19:29:55.194154 openat(10, "xhci-hcd.0.auto", O_RDONLY|O_NOFOLLOW|O_CLOEXEC|O_PATH) = 9 <0.000116>
22533 19:29:55.194428 fstat(9, {st_mode=S_IFDIR|0755, st_size=0, ...}) = 0 <0.000113>
22533 19:29:55.194697 close(10)         = 0 <0.000113>
22533 19:29:55.194960 openat(9, "usb2", O_RDONLY|O_NOFOLLOW|O_CLOEXEC|O_PATH) = 10 <0.000116>
22533 19:29:55.195233 fstat(10, {st_mode=S_IFDIR|0755, st_size=0, ...}) = 0 <0.000113>
22533 19:29:55.195503 close(9)          = 0 <0.000113>
22533 19:29:55.195767 openat(10, "2-0:1.0", O_RDONLY|O_NOFOLLOW|O_CLOEXEC|O_PATH) = 9 <0.000116>
22533 19:29:55.196040 fstat(9, {st_mode=S_IFDIR|0755, st_size=0, ...}) = 0 <0.000113>
22533 19:29:55.196310 close(10)         = 0 <0.000113>
22533 19:29:55.196574 close(9)          = 0 <0.000113>
22533 19:29:55.196837 faccessat(AT_FDCWD, "/sys/devices/platform/usb@38200000/38200000.dwc3/xhci-hcd.0.auto/usb2/2-0:1.0/uevent", F_OK) = 0 <0.000123>
22533 19:29:55.197120 readlinkat(AT_FDCWD, "/sys/devices/platform/usb@38200000/38200000.dwc3/xhci-hcd.0.auto/usb2/2-0:1.0/subsystem", "../../../../../../../bus/usb", 4096) = 28 <0.000123>
22533 19:29:55.197410 openat(AT_FDCWD, "/sys/devices/platform/usb@38200000/38200000.dwc3/xhci-hcd.0.auto/usb2/2-0:1.0/uevent", O_RDONLY|O_CLOEXEC) = 9 <0.000193>
22533 19:29:55.197764 fstat(9, {st_mode=S_IFREG|0644, st_size=4096, ...}) = 0 <0.000113>
22533 19:29:55.198036 fstat(9, {st_mode=S_IFREG|0644, st_size=4096, ...}) = 0 <0.000113>
22533 19:29:55.198310 read(9, "DEVTYPE=usb_interface\nDRIVER=hub\nPRODUCT=1d6b/3/414\nTYPE=9/0/3\nINTERFACE=9/0/0\nMODALIAS=usb:v1D6Bp0003d0414dc09dsc00dp03ic09isc00ip00in00\n", 4096) = 138 <0.000124>
22533 19:29:55.198592 read(9, "", 4096) = 0 <0.000113>
22533 19:29:55.198857 close(9)          = 0 <0.000114>
22533 19:29:55.199206 getrandom("\x03\x62\x53\xbe\x5e\x83\x84\xc7\xa9\x88\xa5\xf7\xe3\xf4\x0e\x07", 16, GRND_NONBLOCK) = 16 <0.000114>
22533 19:29:55.199491 openat(AT_FDCWD, "/run/udev/data/+usb:2-0:1.0", O_RDONLY|O_CLOEXEC) = 9 <0.000120>
22533 19:29:55.199768 fstat(9, {st_mode=S_IFREG|0644, st_size=124, ...}) = 0 <0.000113>
22533 19:29:55.200038 fstat(9, {st_mode=S_IFREG|0644, st_size=124, ...}) = 0 <0.000114>
22533 19:29:55.200309 read(9, "I:6175293\nE:ID_USB_CLASS_FROM_DATABASE=Hub\nE:ID_VENDOR_FROM_DATABASE=Linux Foundation\nE:ID_MODEL_FROM_DATABASE=3.0 root hub\n", 4096) = 124 <0.000116>
22533 19:29:55.200582 read(9, "", 4096) = 0 <0.000113>
22533 19:29:55.200847 close(9)          = 0 <0.000113>
22533 19:29:55.201116 getrandom("\x1f\x2d\x1f\xca\x39\x12\x36\xad\xa0\xa6\x19\x7d\x8a\x88\x56\x36", 16, GRND_NONBLOCK) = 16 <0.000113>
22533 19:29:55.201420 getdents64(8, /* 0 entries */, 32768) = 0 <0.000236>
22533 19:29:55.201814 close(8)          = 0 <0.000114>
22533 19:29:55.202084 getdents64(7, /* 0 entries */, 32768) = 0 <0.000113>
22533 19:29:55.202349 close(7)          = 0 <0.000113>
22533 19:29:55.202612 openat(AT_FDCWD, "/sys/class", O_RDONLY|O_NONBLOCK|O_CLOEXEC|O_DIRECTORY) = 7 <0.000119>
22533 19:29:55.202888 fstat(7, {st_mode=S_IFDIR|0755, st_size=0, ...}) = 0 <0.000113>
22533 19:29:55.203158 getdents64(7, /* 68 entries */, 32768) = 1968 <0.000163>
22533 19:29:55.203500 getdents64(7, /* 0 entries */, 32768) = 0 <0.000113>
22533 19:29:55.203766 close(7)          = 0 <0.000113>
22533 19:29:55.204057 openat(AT_FDCWD, "/", O_RDONLY|O_NOFOLLOW|O_CLOEXEC|O_PATH) = 7 <0.000115>
22533 19:29:55.204389 openat(7, "sys", O_RDONLY|O_NOFOLLOW|O_CLOEXEC|O_PATH) = 8 <0.000116>
22533 19:29:55.204663 fstat(8, {st_mode=S_IFDIR|0555, st_size=0, ...}) = 0 <0.000113>
22533 19:29:55.204933 close(7)          = 0 <0.000113>
22533 19:29:55.205196 openat(8, "devices", O_RDONLY|O_NOFOLLOW|O_CLOEXEC|O_PATH) = 7 <0.000115>
22533 19:29:55.205470 fstat(7, {st_mode=S_IFDIR|0755, st_size=0, ...}) = 0 <0.000114>
22533 19:29:55.205764 close(8)          = 0 <0.000113>
22533 19:29:55.206028 openat(7, "platform", O_RDONLY|O_NOFOLLOW|O_CLOEXEC|O_PATH) = 8 <0.000116>
22533 19:29:55.206313 fstat(8, {st_mode=S_IFDIR|0755, st_size=0, ...}) = 0 <0.000113>
22533 19:29:55.206584 close(7)          = 0 <0.000113>
22533 19:29:55.206847 openat(8, "usb@38200000", O_RDONLY|O_NOFOLLOW|O_CLOEXEC|O_PATH) = 7 <0.000115>
22533 19:29:55.207120 fstat(7, {st_mode=S_IFDIR|0755, st_size=0, ...}) = 0 <0.000113>
22533 19:29:55.207389 close(8)          = 0 <0.000113>
22533 19:29:55.207653 openat(7, "38200000.dwc3", O_RDONLY|O_NOFOLLOW|O_CLOEXEC|O_PATH) = 8 <0.000115>
22533 19:29:55.207926 fstat(8, {st_mode=S_IFDIR|0755, st_size=0, ...}) = 0 <0.000113>
22533 19:29:55.208196 close(7)          = 0 <0.000112>
22533 19:29:55.208459 openat(8, "xhci-hcd.0.auto", O_RDONLY|O_NOFOLLOW|O_CLOEXEC|O_PATH) = 7 <0.000115>
22533 19:29:55.208731 fstat(7, {st_mode=S_IFDIR|0755, st_size=0, ...}) = 0 <0.000113>
22533 19:29:55.209001 close(8)          = 0 <0.000113>
22533 19:29:55.209264 openat(7, "usb1", O_RDONLY|O_NOFOLLOW|O_CLOEXEC|O_PATH) = 8 <0.000116>
22533 19:29:55.209547 fstat(8, {st_mode=S_IFDIR|0755, st_size=0, ...}) = 0 <0.000114>
22533 19:29:55.209821 close(7)          = 0 <0.000113>
22533 19:29:55.210084 close(8)          = 0 <0.000113>
22533 19:29:55.210348 faccessat(AT_FDCWD, "/sys/devices/platform/usb@38200000/38200000.dwc3/xhci-hcd.0.auto/usb1/uevent", F_OK) = 0 <0.000123>
22533 19:29:55.210637 openat(AT_FDCWD, "/sys/devices/platform/usb@38200000/38200000.dwc3/xhci-hcd.0.auto/usb1/uevent", O_RDONLY|O_CLOEXEC) = 7 <0.000124>
22533 19:29:55.210919 fstat(7, {st_mode=S_IFREG|0644, st_size=4096, ...}) = 0 <0.000112>
22533 19:29:55.211188 fstat(7, {st_mode=S_IFREG|0644, st_size=4096, ...}) = 0 <0.000113>
22533 19:29:55.211458 read(7, "MAJOR=189\nMINOR=0\nDEVNAME=bus/usb/001/001\nDEVTYPE=usb_device\nDRIVER=usb\nOF_NAME=dwc3\nOF_FULLNAME=/usb@38200000/dwc3\nOF_COMPATIBLE_0=snps,dwc3\nOF_COMPATIBLE_N=1\nPRODUCT=1d6b/2/414\nTYPE=9/0/1\nBUSNUM=001"..., 4096) = 212 <0.000130>
22533 19:29:55.211748 read(7, "", 4096) = 0 <0.000113>
22533 19:29:55.212012 close(7)          = 0 <0.000113>
22533 19:29:55.212290 getrandom("\xcf\x54\x70\x31\xbb\xc6\xd8\x37\xcf\x0d\xa0\xfb\xf2\xc7\xf0\x5a", 16, GRND_NONBLOCK) = 16 <0.000113>
22533 19:29:55.212570 getrandom("\x58\x00\x9a\xa7\x65\x10\xbd\x09\x06\xf3\x6e\xe6\xb0\x8f\xca\x57", 16, GRND_NONBLOCK) = 16 <0.000112>
22533 19:29:55.212869 openat(AT_FDCWD, "/sys/bus/usb/devices/usb1/busnum", O_RDONLY|O_CLOEXEC) = 7 <0.000146>
22533 19:29:55.213175 fcntl(7, F_GETFL) = 0x20000 (flags O_RDONLY|O_LARGEFILE) <0.000113>
22533 19:29:55.213445 fstat(7, {st_mode=S_IFREG|0444, st_size=4096, ...}) = 0 <0.000129>
22533 19:29:55.213736 read(7, "1\n", 4096) = 2 <0.000115>
22533 19:29:55.214012 close(7)          = 0 <0.000115>
22533 19:29:55.214279 openat(AT_FDCWD, "/sys/bus/usb/devices/usb1/devnum", O_RDONLY|O_CLOEXEC) = 7 <0.000135>
22533 19:29:55.214571 fcntl(7, F_GETFL) = 0x20000 (flags O_RDONLY|O_LARGEFILE) <0.000113>
22533 19:29:55.214836 fstat(7, {st_mode=S_IFREG|0444, st_size=4096, ...}) = 0 <0.000172>
22533 19:29:55.215165 read(7, "1\n", 4096) = 2 <0.000115>
22533 19:29:55.215436 close(7)          = 0 <0.000113>
22533 19:29:55.215712 openat(AT_FDCWD, "/sys/bus/usb/devices/usb1/speed", O_RDONLY|O_CLOEXEC) = 7 <0.000134>
22533 19:29:55.216004 fcntl(7, F_GETFL) = 0x20000 (flags O_RDONLY|O_LARGEFILE) <0.000113>
22533 19:29:55.216269 fstat(7, {st_mode=S_IFREG|0444, st_size=4096, ...}) = 0 <0.000113>
22533 19:29:55.216539 read(7, "480\n", 4096) = 4 <0.000114>
22533 19:29:55.216809 close(7)          = 0 <0.000113>
22533 19:29:55.217075 openat(AT_FDCWD, "/sys/bus/usb/devices/usb1/descriptors", O_RDONLY|O_CLOEXEC) = 7 <0.000130>
22533 19:29:55.217368 read(7, "\22\1\0\2\t\0\1@k\35\2\0\24\4\3\2\1\1\t\2\31\0\1\1\0\340\0\t\4\0\0\1\t\0\0\0\7\5\201\3\4\0\f", 1024) = 43 <0.000182>
22533 19:29:55.217713 close(7)          = 0 <0.000113>
22533 19:29:55.217998 openat(AT_FDCWD, "/", O_RDONLY|O_NOFOLLOW|O_CLOEXEC|O_PATH) = 7 <0.000115>
22533 19:29:55.218269 openat(7, "sys", O_RDONLY|O_NOFOLLOW|O_CLOEXEC|O_PATH) = 8 <0.000115>
22533 19:29:55.218541 fstat(8, {st_mode=S_IFDIR|0555, st_size=0, ...}) = 0 <0.000113>
22533 19:29:55.218824 close(7)          = 0 <0.000112>
22533 19:29:55.219087 openat(8, "devices", O_RDONLY|O_NOFOLLOW|O_CLOEXEC|O_PATH) = 7 <0.000115>
22533 19:29:55.219360 fstat(7, {st_mode=S_IFDIR|0755, st_size=0, ...}) = 0 <0.000113>
22533 19:29:55.219630 close(8)          = 0 <0.000113>
22533 19:29:55.219893 openat(7, "platform", O_RDONLY|O_NOFOLLOW|O_CLOEXEC|O_PATH) = 8 <0.000115>
22533 19:29:55.220166 fstat(8, {st_mode=S_IFDIR|0755, st_size=0, ...}) = 0 <0.000113>
22533 19:29:55.220436 close(7)          = 0 <0.000113>
22533 19:29:55.220699 openat(8, "usb@38200000", O_RDONLY|O_NOFOLLOW|O_CLOEXEC|O_PATH) = 7 <0.000116>
22533 19:29:55.220972 fstat(7, {st_mode=S_IFDIR|0755, st_size=0, ...}) = 0 <0.000113>
22533 19:29:55.221242 close(8)          = 0 <0.000113>
22533 19:29:55.221627 openat(7, "38200000.dwc3", O_RDONLY|O_NOFOLLOW|O_CLOEXEC|O_PATH) = 8 <0.000117>
22533 19:29:55.221906 fstat(8, {st_mode=S_IFDIR|0755, st_size=0, ...}) = 0 <0.000113>
22533 19:29:55.222176 close(7)          = 0 <0.000113>
22533 19:29:55.222440 openat(8, "xhci-hcd.0.auto", O_RDONLY|O_NOFOLLOW|O_CLOEXEC|O_PATH) = 7 <0.000115>
22533 19:29:55.222713 fstat(7, {st_mode=S_IFDIR|0755, st_size=0, ...}) = 0 <0.000113>
22533 19:29:55.222983 close(8)          = 0 <0.000113>
22533 19:29:55.223246 openat(7, "usb2", O_RDONLY|O_NOFOLLOW|O_CLOEXEC|O_PATH) = 8 <0.000115>
22533 19:29:55.223519 fstat(8, {st_mode=S_IFDIR|0755, st_size=0, ...}) = 0 <0.000113>
22533 19:29:55.223789 close(7)          = 0 <0.000113>
22533 19:29:55.224052 close(8)          = 0 <0.000113>
22533 19:29:55.224314 faccessat(AT_FDCWD, "/sys/devices/platform/usb@38200000/38200000.dwc3/xhci-hcd.0.auto/usb2/uevent", F_OK) = 0 <0.000121>
22533 19:29:55.224597 openat(AT_FDCWD, "/sys/devices/platform/usb@38200000/38200000.dwc3/xhci-hcd.0.auto/usb2/uevent", O_RDONLY|O_CLOEXEC) = 7 <0.000123>
22533 19:29:55.224877 fstat(7, {st_mode=S_IFREG|0644, st_size=4096, ...}) = 0 <0.000113>
22533 19:29:55.225148 fstat(7, {st_mode=S_IFREG|0644, st_size=4096, ...}) = 0 <0.000113>
22533 19:29:55.225418 read(7, "MAJOR=189\nMINOR=128\nDEVNAME=bus/usb/002/001\nDEVTYPE=usb_device\nDRIVER=usb\nOF_NAME=dwc3\nOF_FULLNAME=/usb@38200000/dwc3\nOF_COMPATIBLE_0=snps,dwc3\nOF_COMPATIBLE_N=1\nPRODUCT=1d6b/3/414\nTYPE=9/0/3\nBUSNUM=0"..., 4096) = 214 <0.000199>
22533 19:29:55.225780 read(7, "", 4096) = 0 <0.000113>
22533 19:29:55.226045 close(7)          = 0 <0.000113>
22533 19:29:55.226323 getrandom("\xe5\xab\x26\xe6\xe7\x3d\x48\x1e\xbd\x79\x58\xc5\x5b\x3a\x61\x5c", 16, GRND_NONBLOCK) = 16 <0.000113>
22533 19:29:55.226603 getrandom("\x30\x71\x1c\xf4\x05\x20\xb2\x7b\x44\xe3\xa6\x3d\x6e\x70\xb9\x18", 16, GRND_NONBLOCK) = 16 <0.000113>
22533 19:29:55.226890 openat(AT_FDCWD, "/sys/bus/usb/devices/usb2/busnum", O_RDONLY|O_CLOEXEC) = 7 <0.000138>
22533 19:29:55.227185 fcntl(7, F_GETFL) = 0x20000 (flags O_RDONLY|O_LARGEFILE) <0.000113>
22533 19:29:55.227451 fstat(7, {st_mode=S_IFREG|0444, st_size=4096, ...}) = 0 <0.000113>
22533 19:29:55.227721 read(7, "2\n", 4096) = 2 <0.000114>
22533 19:29:55.227990 close(7)          = 0 <0.000114>
22533 19:29:55.228256 openat(AT_FDCWD, "/sys/bus/usb/devices/usb2/devnum", O_RDONLY|O_CLOEXEC) = 7 <0.000134>
22533 19:29:55.228547 fcntl(7, F_GETFL) = 0x20000 (flags O_RDONLY|O_LARGEFILE) <0.000113>
22533 19:29:55.228811 fstat(7, {st_mode=S_IFREG|0444, st_size=4096, ...}) = 0 <0.000113>
22533 19:29:55.229082 read(7, "1\n", 4096) = 2 <0.000114>
22533 19:29:55.229351 close(7)          = 0 <0.000234>
22533 19:29:55.229745 openat(AT_FDCWD, "/sys/bus/usb/devices/usb2/speed", O_RDONLY|O_CLOEXEC) = 7 <0.000134>
22533 19:29:55.230037 fcntl(7, F_GETFL) = 0x20000 (flags O_RDONLY|O_LARGEFILE) <0.000113>
22533 19:29:55.230303 fstat(7, {st_mode=S_IFREG|0444, st_size=4096, ...}) = 0 <0.000113>
22533 19:29:55.230572 read(7, "5000\n", 4096) = 5 <0.000114>
22533 19:29:55.230843 close(7)          = 0 <0.000113>
22533 19:29:55.231108 openat(AT_FDCWD, "/sys/bus/usb/devices/usb2/descriptors", O_RDONLY|O_CLOEXEC) = 7 <0.000130>
22533 19:29:55.231395 read(7, "\22\1\0\3\t\0\3\tk\35\3\0\24\4\3\2\1\1\t\2\37\0\1\1\0\340\0\t\4\0\0\1\t\0\0\0\7\5\201\3\4\0\f\0060\0\0\2\0", 1024) = 49 <0.000113>
22533 19:29:55.231677 close(7)          = 0 <0.000113>
22533 19:29:55.232012 pipe2([7, 8], O_CLOEXEC) = 0 <0.000122>
22533 19:29:55.232292 fcntl(8, F_GETFL) = 0x1 (flags O_WRONLY) <0.000113>
22533 19:29:55.232557 fcntl(8, F_SETFL, O_WRONLY|O_NONBLOCK) = 0 <0.000113>
22533 19:29:55.232826 write(8, "\1", 1) = 1 <0.000118>
22533 19:29:55.233102 timerfd_create(CLOCK_MONOTONIC, TFD_CLOEXEC|TFD_NONBLOCK) = 9 <0.000117>
22533 19:29:55.233389 recvmsg(4, {msg_namelen=128}, 0) = -1 EAGAIN (Resource temporarily unavailable) <0.000134>
22533 19:29:55.233788 read(7, "\1", 1)  = 1 <0.000115>
22533 19:29:55.234060 ppoll([{fd=7, events=POLLIN}, {fd=9, events=POLLIN}], 2, {tv_sec=0, tv_nsec=0}, NULL, 0) = 0 (Timeout) <0.000115>
22533 19:29:55.234354 write(8, "\1", 1) = 1 <0.000113>
22533 19:29:55.234623 close(7)          = 0 <0.000114>
22533 19:29:55.234887 close(8)          = 0 <0.000124>
22533 19:29:55.235162 close(9)          = 0 <0.000114>
22533 19:29:55.235431 write(6, "\1", 1) = 1 <0.000226>
22534 19:29:55.235763 <... ppoll resumed> ) = 1 ([{fd=5, revents=POLLIN}]) <0.113807>
22533 19:29:55.235860 futex(0xffffa694e270, FUTEX_WAIT, 22534, NULL <unfinished ...>
22534 19:29:55.235945 read(5, "\1", 1)  = 1 <0.000124>
22534 19:29:55.236261 madvise(0xffffa614e000, 8253440, MADV_DONTNEED) = 0 <0.000127>
22534 19:29:55.236541 exit(0)           = ?
22533 19:29:55.236867 <... futex resumed> ) = 0 <0.000978>
22534 19:29:55.236959 +++ exited with 0 +++
22533 19:29:55.236986 close(4)          = 0 <0.000130>
22533 19:29:55.237271 close(5)          = 0 <0.000113>
22533 19:29:55.237613 close(6)          = 0 <0.000118>
22533 19:29:55.237892 openat(AT_FDCWD, "/dev/bus/usb", O_RDONLY|O_NONBLOCK|O_CLOEXEC|O_DIRECTORY) = 4 <0.000122>
22533 19:29:55.238174 fstat(4, {st_mode=S_IFDIR|0755, st_size=80, ...}) = 0 <0.000113>
22533 19:29:55.238460 getdents64(4, /* 4 entries */, 32768) = 96 <0.000116>
22533 19:29:55.238732 close(4)          = 0 <0.000114>
22533 19:29:55.238996 uname({sysname="Linux", nodename="deft-shrimp", ...}) = 0 <0.000112>
22533 19:29:55.239267 newfstatat(AT_FDCWD, "/sys/bus/usb/devices", {st_mode=S_IFDIR|0755, st_size=0, ...}, 0) = 0 <0.000119>
22533 19:29:55.239550 faccessat(AT_FDCWD, "/run/udev/control", F_OK) = 0 <0.000117>
22533 19:29:55.239824 socket(AF_NETLINK, SOCK_RAW|SOCK_CLOEXEC|SOCK_NONBLOCK, NETLINK_KOBJECT_UEVENT) = 4 <0.000124>
22533 19:29:55.240109 setsockopt(4, SOL_SOCKET, SO_ATTACH_FILTER, {len=10, filter=0xfffff193bca8}, 16) = 0 <0.000483>
22533 19:29:55.240753 setsockopt(4, SOL_SOCKET, SO_PASSCRED, [1], 4) = 0 <0.000113>
22533 19:29:55.241023 bind(4, {sa_family=AF_NETLINK, nl_pid=0, nl_groups=0x000002}, 12) = 0 <0.000119>
22533 19:29:55.241302 getsockname(4, {sa_family=AF_NETLINK, nl_pid=22533, nl_groups=0x000002}, [12]) = 0 <0.000113>
22533 19:29:55.241649 fcntl(4, F_GETFD) = 0x1 (flags FD_CLOEXEC) <0.000113>
22533 19:29:55.241920 fcntl(4, F_GETFL) = 0x802 (flags O_RDWR|O_NONBLOCK) <0.000113>
22533 19:29:55.242184 pipe2([5, 6], O_CLOEXEC) = 0 <0.000118>
22533 19:29:55.242459 fcntl(6, F_GETFL) = 0x1 (flags O_WRONLY) <0.000113>
22533 19:29:55.242724 fcntl(6, F_SETFL, O_WRONLY|O_NONBLOCK) = 0 <0.000112>
22533 19:29:55.243006 clone(child_stack=0xffffa694daa0, flags=CLONE_VM|CLONE_FS|CLONE_FILES|CLONE_SIGHAND|CLONE_THREAD|CLONE_SYSVSEM|CLONE_SETTLS|CLONE_PARENT_SETTID|CLONE_CHILD_CLEARTID, parent_tidptr=0xffffa694e270, tls=0xffffa694e8a0, child_tidptr=0xffffa694e270) = 22535 <0.000405>
22535 19:29:55.243515 set_robust_list(0xffffa694e280, 24 <unfinished ...>
22533 19:29:55.243596 faccessat(AT_FDCWD, "/sys/subsystem", F_OK <unfinished ...>
22535 19:29:55.243685 <... set_robust_list resumed> ) = 0 <0.000145>
22533 19:29:55.243767 <... faccessat resumed> ) = -1 ENOENT (No such file or directory) <0.000139>
22535 19:29:55.243857 ppoll([{fd=5, events=POLLIN}, {fd=4, events=POLLIN}], 2, NULL, NULL, 0 <unfinished ...>
22533 19:29:55.243951 openat(AT_FDCWD, "/sys/bus", O_RDONLY|O_NONBLOCK|O_CLOEXEC|O_DIRECTORY) = 7 <0.000118>
22533 19:29:55.244246 fstat(7, {st_mode=S_IFDIR|0755, st_size=0, ...}) = 0 <0.000113>
22533 19:29:55.244517 getdents64(7, /* 38 entries */, 32768) = 1056 <0.000142>
22533 19:29:55.244827 openat(AT_FDCWD, "/sys/bus/usb/devices/", O_RDONLY|O_NONBLOCK|O_CLOEXEC|O_DIRECTORY) = 8 <0.000119>
22533 19:29:55.245103 fstat(8, {st_mode=S_IFDIR|0755, st_size=0, ...}) = 0 <0.000113>
22533 19:29:55.245373 getdents64(8, /* 6 entries */, 32768) = 160 <0.000134>
22533 19:29:55.245729 openat(AT_FDCWD, "/", O_RDONLY|O_NOFOLLOW|O_CLOEXEC|O_PATH) = 9 <0.000115>
22533 19:29:55.246003 openat(9, "sys", O_RDONLY|O_NOFOLLOW|O_CLOEXEC|O_PATH) = 10 <0.000115>
22533 19:29:55.246275 fstat(10, {st_mode=S_IFDIR|0555, st_size=0, ...}) = 0 <0.000113>
22533 19:29:55.246545 close(9)          = 0 <0.000112>
22533 19:29:55.246808 openat(10, "bus", O_RDONLY|O_NOFOLLOW|O_CLOEXEC|O_PATH) = 9 <0.000115>
22533 19:29:55.247081 fstat(9, {st_mode=S_IFDIR|0755, st_size=0, ...}) = 0 <0.000113>
22533 19:29:55.247350 close(10)         = 0 <0.000113>
22533 19:29:55.247612 openat(9, "usb", O_RDONLY|O_NOFOLLOW|O_CLOEXEC|O_PATH) = 10 <0.000115>
22533 19:29:55.247884 fstat(10, {st_mode=S_IFDIR|0755, st_size=0, ...}) = 0 <0.000113>
22533 19:29:55.248154 close(9)          = 0 <0.000113>
22533 19:29:55.248417 openat(10, "devices", O_RDONLY|O_NOFOLLOW|O_CLOEXEC|O_PATH) = 9 <0.000115>
22533 19:29:55.248688 fstat(9, {st_mode=S_IFDIR|0755, st_size=0, ...}) = 0 <0.000113>
22533 19:29:55.248958 close(10)         = 0 <0.000113>
22533 19:29:55.249221 openat(9, "usb1", O_RDONLY|O_NOFOLLOW|O_CLOEXEC|O_PATH) = 10 <0.000116>
22533 19:29:55.249561 fstat(10, {st_mode=S_IFLNK|0777, st_size=0, ...}) = 0 <0.000113>
22533 19:29:55.249836 readlinkat(9, "usb1", "../../../devices/platform/usb@38200000/38200000.dwc3/xhci-hcd.0.auto/usb1", 4096) = 73 <0.000118>
22533 19:29:55.250118 close(10)         = 0 <0.000113>
22533 19:29:55.250382 openat(9, "..", O_RDONLY|O_NOFOLLOW|O_CLOEXEC|O_PATH) = 10 <0.000116>
22533 19:29:55.250655 close(9)          = 0 <0.000113>
22533 19:29:55.250919 openat(10, "..", O_RDONLY|O_NOFOLLOW|O_CLOEXEC|O_PATH) = 9 <0.000115>
22533 19:29:55.251191 close(10)         = 0 <0.000112>
22533 19:29:55.251454 openat(9, "..", O_RDONLY|O_NOFOLLOW|O_CLOEXEC|O_PATH) = 10 <0.000115>
22533 19:29:55.251726 close(9)          = 0 <0.000112>
22533 19:29:55.251988 openat(10, "devices", O_RDONLY|O_NOFOLLOW|O_CLOEXEC|O_PATH) = 9 <0.000116>
22533 19:29:55.252261 fstat(9, {st_mode=S_IFDIR|0755, st_size=0, ...}) = 0 <0.000113>
22533 19:29:55.252530 close(10)         = 0 <0.000113>
22533 19:29:55.252793 openat(9, "platform", O_RDONLY|O_NOFOLLOW|O_CLOEXEC|O_PATH) = 10 <0.000115>
22533 19:29:55.253065 fstat(10, {st_mode=S_IFDIR|0755, st_size=0, ...}) = 0 <0.000113>
22533 19:29:55.253335 close(9)          = 0 <0.000113>
22533 19:29:55.253671 openat(10, "usb@38200000", O_RDONLY|O_NOFOLLOW|O_CLOEXEC|O_PATH) = 9 <0.000116>
22533 19:29:55.253948 fstat(9, {st_mode=S_IFDIR|0755, st_size=0, ...}) = 0 <0.000113>
22533 19:29:55.254218 close(10)         = 0 <0.000112>
22533 19:29:55.254482 openat(9, "38200000.dwc3", O_RDONLY|O_NOFOLLOW|O_CLOEXEC|O_PATH) = 10 <0.000116>
22533 19:29:55.254754 fstat(10, {st_mode=S_IFDIR|0755, st_size=0, ...}) = 0 <0.000113>
22533 19:29:55.255024 close(9)          = 0 <0.000112>
22533 19:29:55.255286 openat(10, "xhci-hcd.0.auto", O_RDONLY|O_NOFOLLOW|O_CLOEXEC|O_PATH) = 9 <0.000115>
22533 19:29:55.255558 fstat(9, {st_mode=S_IFDIR|0755, st_size=0, ...}) = 0 <0.000113>
22533 19:29:55.255828 close(10)         = 0 <0.000113>
22533 19:29:55.256090 openat(9, "usb1", O_RDONLY|O_NOFOLLOW|O_CLOEXEC|O_PATH) = 10 <0.000116>
22533 19:29:55.256414 fstat(10, {st_mode=S_IFDIR|0755, st_size=0, ...}) = 0 <0.000113>
22533 19:29:55.256684 close(9)          = 0 <0.000112>
22533 19:29:55.256947 close(10)         = 0 <0.000113>
22533 19:29:55.257209 faccessat(AT_FDCWD, "/sys/devices/platform/usb@38200000/38200000.dwc3/xhci-hcd.0.auto/usb1/uevent", F_OK) = 0 <0.000121>
22533 19:29:55.257567 readlinkat(AT_FDCWD, "/sys/devices/platform/usb@38200000/38200000.dwc3/xhci-hcd.0.auto/usb1/subsystem", "../../../../../../bus/usb", 4096) = 25 <0.000123>
22533 19:29:55.257875 openat(AT_FDCWD, "/sys/devices/platform/usb@38200000/38200000.dwc3/xhci-hcd.0.auto/usb1/uevent", O_RDONLY|O_CLOEXEC) = 9 <0.000124>
22533 19:29:55.258157 fstat(9, {st_mode=S_IFREG|0644, st_size=4096, ...}) = 0 <0.000113>
22533 19:29:55.258427 fstat(9, {st_mode=S_IFREG|0644, st_size=4096, ...}) = 0 <0.000113>
22533 19:29:55.258698 read(9, "MAJOR=189\nMINOR=0\nDEVNAME=bus/usb/001/001\nDEVTYPE=usb_device\nDRIVER=usb\nOF_NAME=dwc3\nOF_FULLNAME=/usb@38200000/dwc3\nOF_COMPATIBLE_0=snps,dwc3\nOF_COMPATIBLE_N=1\nPRODUCT=1d6b/2/414\nTYPE=9/0/1\nBUSNUM=001"..., 4096) = 212 <0.000136>
22533 19:29:55.258993 read(9, "", 4096) = 0 <0.000113>
22533 19:29:55.259259 close(9)          = 0 <0.000114>
22533 19:29:55.259536 getrandom("\x1d\x83\x0a\xa8\x53\x61\x87\xd5\x60\xe7\x6e\x28\xc2\x8a\x4d\x56", 16, GRND_NONBLOCK) = 16 <0.000114>
22533 19:29:55.259818 getrandom("\x67\x80\x6f\xed\xe8\x55\x07\x9b\x44\xb6\x11\x3d\xe2\xfb\x8a\xa3", 16, GRND_NONBLOCK) = 16 <0.000113>
22533 19:29:55.260107 openat(AT_FDCWD, "/run/udev/data/c189:0", O_RDONLY|O_CLOEXEC) = 9 <0.000120>
22533 19:29:55.260385 fstat(9, {st_mode=S_IFREG|0644, st_size=587, ...}) = 0 <0.000113>
22533 19:29:55.260655 fstat(9, {st_mode=S_IFREG|0644, st_size=587, ...}) = 0 <0.000113>
22533 19:29:55.260926 read(9, "I:6173436\nE:ID_VENDOR=Linux_4.14.98-imx_xhci-hcd\nE:ID_VENDOR_ENC=Linux\\x204.14.98-imx\\x20xhci-hcd\nE:ID_VENDOR_ID=1d6b\nE:ID_MODEL=xHCI_Host_Controller\nE:ID_MODEL_ENC=xHCI\\x20Host\\x20Controller\nE:ID_MOD"..., 4096) = 587 <0.000117>
22533 19:29:55.261201 read(9, "", 4096) = 0 <0.000113>
22533 19:29:55.261466 close(9)          = 0 <0.000114>
22533 19:29:55.261767 getrandom("\x3b\xdf\x5b\x2e\x8c\x2e\x68\x3f\xea\xb4\xac\xdf\xd4\x53\xd3\x25", 16, GRND_NONBLOCK) = 16 <0.000113>
22533 19:29:55.262065 getrandom("\xbc\x5e\x9c\x6d\x92\x0b\xd3\xbf\x48\x46\xee\xef\x77\xce\x23\xcf", 16, GRND_NONBLOCK) = 16 <0.000113>
22533 19:29:55.262353 getrandom("\x4b\xb6\xb4\x7a\x33\xff\xc4\xd0\x49\x58\x81\x48\x71\x2e\x37\xcc", 16, GRND_NONBLOCK) = 16 <0.000113>
22533 19:29:55.262669 getrandom("\x07\x4c\xad\xea\x5c\x38\x62\x10\x3b\x9f\xf3\xb0\x05\xa7\x43\xc2", 16, GRND_NONBLOCK) = 16 <0.000113>
22533 19:29:55.262962 openat(AT_FDCWD, "/", O_RDONLY|O_NOFOLLOW|O_CLOEXEC|O_PATH) = 9 <0.000115>
22533 19:29:55.263234 openat(9, "sys", O_RDONLY|O_NOFOLLOW|O_CLOEXEC|O_PATH) = 10 <0.000115>
22533 19:29:55.263506 fstat(10, {st_mode=S_IFDIR|0555, st_size=0, ...}) = 0 <0.000113>
22533 19:29:55.263776 close(9)          = 0 <0.000113>
22533 19:29:55.264040 openat(10, "bus", O_RDONLY|O_NOFOLLOW|O_CLOEXEC|O_PATH) = 9 <0.000115>
22533 19:29:55.264312 fstat(9, {st_mode=S_IFDIR|0755, st_size=0, ...}) = 0 <0.000113>
22533 19:29:55.264581 close(10)         = 0 <0.000113>
22533 19:29:55.264845 openat(9, "usb", O_RDONLY|O_NOFOLLOW|O_CLOEXEC|O_PATH) = 10 <0.000115>
22533 19:29:55.265117 fstat(10, {st_mode=S_IFDIR|0755, st_size=0, ...}) = 0 <0.000113>
22533 19:29:55.265388 close(9)          = 0 <0.000180>
22533 19:29:55.265723 openat(10, "devices", O_RDONLY|O_NOFOLLOW|O_CLOEXEC|O_PATH) = 9 <0.000116>
22533 19:29:55.265997 fstat(9, {st_mode=S_IFDIR|0755, st_size=0, ...}) = 0 <0.000113>
22533 19:29:55.266267 close(10)         = 0 <0.000113>
22533 19:29:55.266531 openat(9, "usb2", O_RDONLY|O_NOFOLLOW|O_CLOEXEC|O_PATH) = 10 <0.000116>
22533 19:29:55.266853 fstat(10, {st_mode=S_IFLNK|0777, st_size=0, ...}) = 0 <0.000113>
22533 19:29:55.267124 readlinkat(9, "usb2", "../../../devices/platform/usb@38200000/38200000.dwc3/xhci-hcd.0.auto/usb2", 4096) = 73 <0.000117>
22533 19:29:55.267402 close(10)         = 0 <0.000113>
22533 19:29:55.267667 openat(9, "..", O_RDONLY|O_NOFOLLOW|O_CLOEXEC|O_PATH) = 10 <0.000116>
22533 19:29:55.267940 close(9)          = 0 <0.000113>
22533 19:29:55.268204 openat(10, "..", O_RDONLY|O_NOFOLLOW|O_CLOEXEC|O_PATH) = 9 <0.000117>
22533 19:29:55.268479 close(10)         = 0 <0.000113>
22533 19:29:55.268742 openat(9, "..", O_RDONLY|O_NOFOLLOW|O_CLOEXEC|O_PATH) = 10 <0.000115>
22533 19:29:55.269014 close(9)          = 0 <0.000113>
22533 19:29:55.269290 openat(10, "devices", O_RDONLY|O_NOFOLLOW|O_CLOEXEC|O_PATH) = 9 <0.000116>
22533 19:29:55.269580 fstat(9, {st_mode=S_IFDIR|0755, st_size=0, ...}) = 0 <0.000113>
22533 19:29:55.269855 close(10)         = 0 <0.000113>
22533 19:29:55.270119 openat(9, "platform", O_RDONLY|O_NOFOLLOW|O_CLOEXEC|O_PATH) = 10 <0.000116>
22533 19:29:55.270392 fstat(10, {st_mode=S_IFDIR|0755, st_size=0, ...}) = 0 <0.000112>
22533 19:29:55.270661 close(9)          = 0 <0.000112>
22533 19:29:55.270924 openat(10, "usb@38200000", O_RDONLY|O_NOFOLLOW|O_CLOEXEC|O_PATH) = 9 <0.000115>
22533 19:29:55.271196 fstat(9, {st_mode=S_IFDIR|0755, st_size=0, ...}) = 0 <0.000113>
22533 19:29:55.271466 close(10)         = 0 <0.000113>
22533 19:29:55.271729 openat(9, "38200000.dwc3", O_RDONLY|O_NOFOLLOW|O_CLOEXEC|O_PATH) = 10 <0.000115>
22533 19:29:55.272001 fstat(10, {st_mode=S_IFDIR|0755, st_size=0, ...}) = 0 <0.000113>
22533 19:29:55.272271 close(9)          = 0 <0.000113>
22533 19:29:55.272534 openat(10, "xhci-hcd.0.auto", O_RDONLY|O_NOFOLLOW|O_CLOEXEC|O_PATH) = 9 <0.000115>
22533 19:29:55.272806 fstat(9, {st_mode=S_IFDIR|0755, st_size=0, ...}) = 0 <0.000113>
22533 19:29:55.273076 close(10)         = 0 <0.000113>
22533 19:29:55.273339 openat(9, "usb2", O_RDONLY|O_NOFOLLOW|O_CLOEXEC|O_PATH) = 10 <0.000184>
22533 19:29:55.273701 fstat(10, {st_mode=S_IFDIR|0755, st_size=0, ...}) = 0 <0.000113>
22533 19:29:55.273971 close(9)          = 0 <0.000113>
22533 19:29:55.274235 close(10)         = 0 <0.000113>
22533 19:29:55.274497 faccessat(AT_FDCWD, "/sys/devices/platform/usb@38200000/38200000.dwc3/xhci-hcd.0.auto/usb2/uevent", F_OK) = 0 <0.000121>
22533 19:29:55.274780 readlinkat(AT_FDCWD, "/sys/devices/platform/usb@38200000/38200000.dwc3/xhci-hcd.0.auto/usb2/subsystem", "../../../../../../bus/usb", 4096) = 25 <0.000122>
22533 19:29:55.275068 openat(AT_FDCWD, "/sys/devices/platform/usb@38200000/38200000.dwc3/xhci-hcd.0.auto/usb2/uevent", O_RDONLY|O_CLOEXEC) = 9 <0.000123>
22533 19:29:55.275350 fstat(9, {st_mode=S_IFREG|0644, st_size=4096, ...}) = 0 <0.000113>
22533 19:29:55.275620 fstat(9, {st_mode=S_IFREG|0644, st_size=4096, ...}) = 0 <0.000113>
22533 19:29:55.275890 read(9, "MAJOR=189\nMINOR=128\nDEVNAME=bus/usb/002/001\nDEVTYPE=usb_device\nDRIVER=usb\nOF_NAME=dwc3\nOF_FULLNAME=/usb@38200000/dwc3\nOF_COMPATIBLE_0=snps,dwc3\nOF_COMPATIBLE_N=1\nPRODUCT=1d6b/3/414\nTYPE=9/0/3\nBUSNUM=0"..., 4096) = 214 <0.000129>
22533 19:29:55.276177 read(9, "", 4096) = 0 <0.000113>
22533 19:29:55.276443 close(9)          = 0 <0.000113>
22533 19:29:55.276718 getrandom("\x20\xb6\x16\xae\x29\x5b\x5f\xbe\x90\x6e\x0c\x97\x7c\x20\x6b\xa9", 16, GRND_NONBLOCK) = 16 <0.000113>
22533 19:29:55.277000 getrandom("\xc8\x7a\x3f\x3c\xfc\xd3\x7c\x58\xed\x9d\xdc\x6d\xb9\xf6\xb8\x54", 16, GRND_NONBLOCK) = 16 <0.000113>
22533 19:29:55.277288 openat(AT_FDCWD, "/run/udev/data/c189:128", O_RDONLY|O_CLOEXEC) = 9 <0.000124>
22533 19:29:55.277587 fstat(9, {st_mode=S_IFREG|0644, st_size=587, ...}) = 0 <0.000114>
22533 19:29:55.277863 fstat(9, {st_mode=S_IFREG|0644, st_size=587, ...}) = 0 <0.000112>
22533 19:29:55.278133 read(9, "I:6172863\nE:ID_VENDOR=Linux_4.14.98-imx_xhci-hcd\nE:ID_VENDOR_ENC=Linux\\x204.14.98-imx\\x20xhci-hcd\nE:ID_VENDOR_ID=1d6b\nE:ID_MODEL=xHCI_Host_Controller\nE:ID_MODEL_ENC=xHCI\\x20Host\\x20Controller\nE:ID_MOD"..., 4096) = 587 <0.000115>
22533 19:29:55.278406 read(9, "", 4096) = 0 <0.000113>
22533 19:29:55.278671 close(9)          = 0 <0.000113>
22533 19:29:55.278943 getrandom("\x51\xbf\xf6\x1a\xaf\xa3\x39\xb1\xcc\x12\xb4\x74\x71\xc6\x5d\xb6", 16, GRND_NONBLOCK) = 16 <0.000113>
22533 19:29:55.279242 getrandom("\x3e\x34\x3b\x5c\x5d\x68\x80\x53\x0c\x2c\x34\xb0\x7e\xbd\xb2\xd7", 16, GRND_NONBLOCK) = 16 <0.000113>
22533 19:29:55.279530 getrandom("\xa7\x7b\x34\x0a\x6c\x9c\x87\x63\x1a\x59\x2a\xd8\x65\x13\x74\x86", 16, GRND_NONBLOCK) = 16 <0.000113>
22533 19:29:55.279842 getrandom("\xed\xd6\x5c\xb1\xcc\x53\xbc\xeb\xd8\x13\x5b\xf4\xbc\x2e\xfd\x01", 16, GRND_NONBLOCK) = 16 <0.000113>
22533 19:29:55.280134 openat(AT_FDCWD, "/", O_RDONLY|O_NOFOLLOW|O_CLOEXEC|O_PATH) = 9 <0.000115>
22533 19:29:55.280418 openat(9, "sys", O_RDONLY|O_NOFOLLOW|O_CLOEXEC|O_PATH) = 10 <0.000115>
22533 19:29:55.280691 fstat(10, {st_mode=S_IFDIR|0555, st_size=0, ...}) = 0 <0.000113>
22533 19:29:55.280962 close(9)          = 0 <0.000113>
22533 19:29:55.281225 openat(10, "bus", O_RDONLY|O_NOFOLLOW|O_CLOEXEC|O_PATH) = 9 <0.000116>
22533 19:29:55.281574 fstat(9, {st_mode=S_IFDIR|0755, st_size=0, ...}) = 0 <0.000114>
22533 19:29:55.281849 close(10)         = 0 <0.000113>
22533 19:29:55.282114 openat(9, "usb", O_RDONLY|O_NOFOLLOW|O_CLOEXEC|O_PATH) = 10 <0.000116>
22533 19:29:55.282386 fstat(10, {st_mode=S_IFDIR|0755, st_size=0, ...}) = 0 <0.000113>
22533 19:29:55.282657 close(9)          = 0 <0.000113>
22533 19:29:55.282920 openat(10, "devices", O_RDONLY|O_NOFOLLOW|O_CLOEXEC|O_PATH) = 9 <0.000115>
22533 19:29:55.283192 fstat(9, {st_mode=S_IFDIR|0755, st_size=0, ...}) = 0 <0.000112>
22533 19:29:55.283462 close(10)         = 0 <0.000113>
22533 19:29:55.283725 openat(9, "1-0:1.0", O_RDONLY|O_NOFOLLOW|O_CLOEXEC|O_PATH) = 10 <0.000116>
22533 19:29:55.283998 fstat(10, {st_mode=S_IFLNK|0777, st_size=0, ...}) = 0 <0.000113>
22533 19:29:55.284268 readlinkat(9, "1-0:1.0", "../../../devices/platform/usb@38200000/38200000.dwc3/xhci-hcd.0.auto/usb1/1-0:1.0", 4096) = 81 <0.000116>
22533 19:29:55.284547 close(10)         = 0 <0.000113>
22533 19:29:55.284812 openat(9, "..", O_RDONLY|O_NOFOLLOW|O_CLOEXEC|O_PATH) = 10 <0.000116>
22533 19:29:55.285085 close(9)          = 0 <0.000113>
22533 19:29:55.285349 openat(10, "..", O_RDONLY|O_NOFOLLOW|O_CLOEXEC|O_PATH) = 9 <0.000133>
22533 19:29:55.285693 close(10)         = 0 <0.000113>
22533 19:29:55.285958 openat(9, "..", O_RDONLY|O_NOFOLLOW|O_CLOEXEC|O_PATH) = 10 <0.000116>
22533 19:29:55.286231 close(9)          = 0 <0.000113>
22533 19:29:55.286494 openat(10, "devices", O_RDONLY|O_NOFOLLOW|O_CLOEXEC|O_PATH) = 9 <0.000115>
22533 19:29:55.286766 fstat(9, {st_mode=S_IFDIR|0755, st_size=0, ...}) = 0 <0.000113>
22533 19:29:55.287037 close(10)         = 0 <0.000113>
22533 19:29:55.287300 openat(9, "platform", O_RDONLY|O_NOFOLLOW|O_CLOEXEC|O_PATH) = 10 <0.000115>
22533 19:29:55.287572 fstat(10, {st_mode=S_IFDIR|0755, st_size=0, ...}) = 0 <0.000113>
22533 19:29:55.287842 close(9)          = 0 <0.000112>
22533 19:29:55.288155 openat(10, "usb@38200000", O_RDONLY|O_NOFOLLOW|O_CLOEXEC|O_PATH) = 9 <0.000115>
22533 19:29:55.288427 fstat(9, {st_mode=S_IFDIR|0755, st_size=0, ...}) = 0 <0.000113>
22533 19:29:55.288697 close(10)         = 0 <0.000113>
22533 19:29:55.288960 openat(9, "38200000.dwc3", O_RDONLY|O_NOFOLLOW|O_CLOEXEC|O_PATH) = 10 <0.000116>
22533 19:29:55.289233 fstat(10, {st_mode=S_IFDIR|0755, st_size=0, ...}) = 0 <0.000113>
22533 19:29:55.289569 close(9)          = 0 <0.000113>
22533 19:29:55.289838 openat(10, "xhci-hcd.0.auto", O_RDONLY|O_NOFOLLOW|O_CLOEXEC|O_PATH) = 9 <0.000116>
22533 19:29:55.290111 fstat(9, {st_mode=S_IFDIR|0755, st_size=0, ...}) = 0 <0.000113>
22533 19:29:55.290381 close(10)         = 0 <0.000112>
22533 19:29:55.290645 openat(9, "usb1", O_RDONLY|O_NOFOLLOW|O_CLOEXEC|O_PATH) = 10 <0.000115>
22533 19:29:55.290916 fstat(10, {st_mode=S_IFDIR|0755, st_size=0, ...}) = 0 <0.000113>
22533 19:29:55.291187 close(9)          = 0 <0.000113>
22533 19:29:55.291450 openat(10, "1-0:1.0", O_RDONLY|O_NOFOLLOW|O_CLOEXEC|O_PATH) = 9 <0.000116>
22533 19:29:55.291722 fstat(9, {st_mode=S_IFDIR|0755, st_size=0, ...}) = 0 <0.000113>
22533 19:29:55.291992 close(10)         = 0 <0.000113>
22533 19:29:55.292255 close(9)          = 0 <0.000113>
22533 19:29:55.292518 faccessat(AT_FDCWD, "/sys/devices/platform/usb@38200000/38200000.dwc3/xhci-hcd.0.auto/usb1/1-0:1.0/uevent", F_OK) = 0 <0.000122>
22533 19:29:55.292802 readlinkat(AT_FDCWD, "/sys/devices/platform/usb@38200000/38200000.dwc3/xhci-hcd.0.auto/usb1/1-0:1.0/subsystem", "../../../../../../../bus/usb", 4096) = 28 <0.000123>
22533 19:29:55.293092 openat(AT_FDCWD, "/sys/devices/platform/usb@38200000/38200000.dwc3/xhci-hcd.0.auto/usb1/1-0:1.0/uevent", O_RDONLY|O_CLOEXEC) = 9 <0.000125>
22533 19:29:55.293374 fstat(9, {st_mode=S_IFREG|0644, st_size=4096, ...}) = 0 <0.000181>
22533 19:29:55.293728 fstat(9, {st_mode=S_IFREG|0644, st_size=4096, ...}) = 0 <0.000113>
22533 19:29:55.294007 read(9, "DEVTYPE=usb_interface\nDRIVER=hub\nPRODUCT=1d6b/2/414\nTYPE=9/0/1\nINTERFACE=9/0/0\nMODALIAS=usb:v1D6Bp0002d0414dc09dsc00dp01ic09isc00ip00in00\n", 4096) = 138 <0.000126>
22533 19:29:55.294290 read(9, "", 4096) = 0 <0.000113>
22533 19:29:55.294556 close(9)          = 0 <0.000113>
22533 19:29:55.294828 getrandom("\xf8\xe1\x9c\xf6\x2a\x81\x69\xdb\x97\x4b\x34\x01\x68\x70\x6f\xec", 16, GRND_NONBLOCK) = 16 <0.000113>
22533 19:29:55.295110 openat(AT_FDCWD, "/run/udev/data/+usb:1-0:1.0", O_RDONLY|O_CLOEXEC) = 9 <0.000119>
22533 19:29:55.295386 fstat(9, {st_mode=S_IFREG|0644, st_size=166, ...}) = 0 <0.000113>
22533 19:29:55.295656 fstat(9, {st_mode=S_IFREG|0644, st_size=166, ...}) = 0 <0.000113>
22533 19:29:55.295926 read(9, "I:6175293\nE:ID_USB_CLASS_FROM_DATABASE=Hub\nE:ID_USB_PROTOCOL_FROM_DATABASE=Single TT\nE:ID_VENDOR_FROM_DATABASE=Linux Foundation\nE:ID_MODEL_FROM_DATABASE=2.0 root hub\n", 4096) = 166 <0.000114>
22533 19:29:55.296198 read(9, "", 4096) = 0 <0.000113>
22533 19:29:55.296463 close(9)          = 0 <0.000113>
22533 19:29:55.296731 getrandom("\xab\x26\x68\x1b\x83\x18\x20\x29\x8d\xf6\x55\xf3\x33\x85\xfe\x30", 16, GRND_NONBLOCK) = 16 <0.000113>
22533 19:29:55.297041 openat(AT_FDCWD, "/", O_RDONLY|O_NOFOLLOW|O_CLOEXEC|O_PATH) = 9 <0.000115>
22533 19:29:55.297313 openat(9, "sys", O_RDONLY|O_NOFOLLOW|O_CLOEXEC|O_PATH) = 10 <0.000115>
22533 19:29:55.297649 fstat(10, {st_mode=S_IFDIR|0555, st_size=0, ...}) = 0 <0.000113>
22533 19:29:55.297924 close(9)          = 0 <0.000113>
22533 19:29:55.298189 openat(10, "bus", O_RDONLY|O_NOFOLLOW|O_CLOEXEC|O_PATH) = 9 <0.000116>
22533 19:29:55.298461 fstat(9, {st_mode=S_IFDIR|0755, st_size=0, ...}) = 0 <0.000113>
22533 19:29:55.298781 close(10)         = 0 <0.000113>
22533 19:29:55.299045 openat(9, "usb", O_RDONLY|O_NOFOLLOW|O_CLOEXEC|O_PATH) = 10 <0.000116>
22533 19:29:55.299317 fstat(10, {st_mode=S_IFDIR|0755, st_size=0, ...}) = 0 <0.000113>
22533 19:29:55.299587 close(9)          = 0 <0.000113>
22533 19:29:55.299850 openat(10, "devices", O_RDONLY|O_NOFOLLOW|O_CLOEXEC|O_PATH) = 9 <0.000115>
22533 19:29:55.300122 fstat(9, {st_mode=S_IFDIR|0755, st_size=0, ...}) = 0 <0.000113>
22533 19:29:55.300392 close(10)         = 0 <0.000113>
22533 19:29:55.300656 openat(9, "2-0:1.0", O_RDONLY|O_NOFOLLOW|O_CLOEXEC|O_PATH) = 10 <0.000116>
22533 19:29:55.300928 fstat(10, {st_mode=S_IFLNK|0777, st_size=0, ...}) = 0 <0.000113>
22533 19:29:55.301199 readlinkat(9, "2-0:1.0", "../../../devices/platform/usb@38200000/38200000.dwc3/xhci-hcd.0.auto/usb2/2-0:1.0", 4096) = 81 <0.000117>
22533 19:29:55.301477 close(10)         = 0 <0.000114>
22533 19:29:55.301765 openat(9, "..", O_RDONLY|O_NOFOLLOW|O_CLOEXEC|O_PATH) = 10 <0.000116>
22533 19:29:55.302038 close(9)          = 0 <0.000113>
22533 19:29:55.302303 openat(10, "..", O_RDONLY|O_NOFOLLOW|O_CLOEXEC|O_PATH) = 9 <0.000115>
22533 19:29:55.302575 close(10)         = 0 <0.000113>
22533 19:29:55.302839 openat(9, "..", O_RDONLY|O_NOFOLLOW|O_CLOEXEC|O_PATH) = 10 <0.000115>
22533 19:29:55.303111 close(9)          = 0 <0.000113>
22533 19:29:55.303374 openat(10, "devices", O_RDONLY|O_NOFOLLOW|O_CLOEXEC|O_PATH) = 9 <0.000115>
22533 19:29:55.303645 fstat(9, {st_mode=S_IFDIR|0755, st_size=0, ...}) = 0 <0.000113>
22533 19:29:55.303916 close(10)         = 0 <0.000113>
22533 19:29:55.304180 openat(9, "platform", O_RDONLY|O_NOFOLLOW|O_CLOEXEC|O_PATH) = 10 <0.000115>
22533 19:29:55.304453 fstat(10, {st_mode=S_IFDIR|0755, st_size=0, ...}) = 0 <0.000113>
22533 19:29:55.304722 close(9)          = 0 <0.000113>
22533 19:29:55.304985 openat(10, "usb@38200000", O_RDONLY|O_NOFOLLOW|O_CLOEXEC|O_PATH) = 9 <0.000115>
22533 19:29:55.305258 fstat(9, {st_mode=S_IFDIR|0755, st_size=0, ...}) = 0 <0.000113>
22533 19:29:55.305641 close(10)         = 0 <0.000113>
22533 19:29:55.305910 openat(9, "38200000.dwc3", O_RDONLY|O_NOFOLLOW|O_CLOEXEC|O_PATH) = 10 <0.000116>
22533 19:29:55.306184 fstat(10, {st_mode=S_IFDIR|0755, st_size=0, ...}) = 0 <0.000113>
22533 19:29:55.306465 close(9)          = 0 <0.000113>
22533 19:29:55.306730 openat(10, "xhci-hcd.0.auto", O_RDONLY|O_NOFOLLOW|O_CLOEXEC|O_PATH) = 9 <0.000115>
22533 19:29:55.307002 fstat(9, {st_mode=S_IFDIR|0755, st_size=0, ...}) = 0 <0.000113>
22533 19:29:55.307273 close(10)         = 0 <0.000113>
22533 19:29:55.307536 openat(9, "usb2", O_RDONLY|O_NOFOLLOW|O_CLOEXEC|O_PATH) = 10 <0.000115>
22533 19:29:55.307808 fstat(10, {st_mode=S_IFDIR|0755, st_size=0, ...}) = 0 <0.000113>
22533 19:29:55.308078 close(9)          = 0 <0.000113>
22533 19:29:55.308341 openat(10, "2-0:1.0", O_RDONLY|O_NOFOLLOW|O_CLOEXEC|O_PATH) = 9 <0.000116>
22533 19:29:55.308614 fstat(9, {st_mode=S_IFDIR|0755, st_size=0, ...}) = 0 <0.000113>
22533 19:29:55.308884 close(10)         = 0 <0.000113>
22533 19:29:55.309197 close(9)          = 0 <0.000113>
22533 19:29:55.309461 faccessat(AT_FDCWD, "/sys/devices/platform/usb@38200000/38200000.dwc3/xhci-hcd.0.auto/usb2/2-0:1.0/uevent", F_OK) = 0 <0.000124>
22533 19:29:55.309768 readlinkat(AT_FDCWD, "/sys/devices/platform/usb@38200000/38200000.dwc3/xhci-hcd.0.auto/usb2/2-0:1.0/subsystem", "../../../../../../../bus/usb", 4096) = 28 <0.000123>
22533 19:29:55.310058 openat(AT_FDCWD, "/sys/devices/platform/usb@38200000/38200000.dwc3/xhci-hcd.0.auto/usb2/2-0:1.0/uevent", O_RDONLY|O_CLOEXEC) = 9 <0.000123>
22533 19:29:55.310339 fstat(9, {st_mode=S_IFREG|0644, st_size=4096, ...}) = 0 <0.000113>
22533 19:29:55.310610 fstat(9, {st_mode=S_IFREG|0644, st_size=4096, ...}) = 0 <0.000113>
22533 19:29:55.310880 read(9, "DEVTYPE=usb_interface\nDRIVER=hub\nPRODUCT=1d6b/3/414\nTYPE=9/0/3\nINTERFACE=9/0/0\nMODALIAS=usb:v1D6Bp0003d0414dc09dsc00dp03ic09isc00ip00in00\n", 4096) = 138 <0.000123>
22533 19:29:55.311161 read(9, "", 4096) = 0 <0.000113>
22533 19:29:55.311427 close(9)          = 0 <0.000113>
22533 19:29:55.311698 getrandom("\x07\x63\x3e\xc8\x6a\xfb\x1d\xe9\xb9\xc2\x65\x9d\x13\x17\x9d\x06", 16, GRND_NONBLOCK) = 16 <0.000112>
22533 19:29:55.311981 openat(AT_FDCWD, "/run/udev/data/+usb:2-0:1.0", O_RDONLY|O_CLOEXEC) = 9 <0.000118>
22533 19:29:55.312256 fstat(9, {st_mode=S_IFREG|0644, st_size=124, ...}) = 0 <0.000113>
22533 19:29:55.312526 fstat(9, {st_mode=S_IFREG|0644, st_size=124, ...}) = 0 <0.000113>
22533 19:29:55.312796 read(9, "I:6175293\nE:ID_USB_CLASS_FROM_DATABASE=Hub\nE:ID_VENDOR_FROM_DATABASE=Linux Foundation\nE:ID_MODEL_FROM_DATABASE=3.0 root hub\n", 4096) = 124 <0.000114>
22533 19:29:55.313068 read(9, "", 4096) = 0 <0.000113>
22533 19:29:55.313332 close(9)          = 0 <0.000113>
22533 19:29:55.313661 getrandom("\x0e\xc3\xdc\x5c\x53\x89\xcf\xf0\x21\xe4\xc9\x0a\xeb\x9a\x9e\x8b", 16, GRND_NONBLOCK) = 16 <0.000114>
22533 19:29:55.313968 getdents64(8, /* 0 entries */, 32768) = 0 <0.000113>
22533 19:29:55.314233 close(8)          = 0 <0.000113>
22533 19:29:55.314502 getdents64(7, /* 0 entries */, 32768) = 0 <0.000113>
22533 19:29:55.314767 close(7)          = 0 <0.000113>
22533 19:29:55.315030 openat(AT_FDCWD, "/sys/class", O_RDONLY|O_NONBLOCK|O_CLOEXEC|O_DIRECTORY) = 7 <0.000118>
22533 19:29:55.315304 fstat(7, {st_mode=S_IFDIR|0755, st_size=0, ...}) = 0 <0.000113>
22533 19:29:55.315574 getdents64(7, /* 68 entries */, 32768) = 1968 <0.000160>
22533 19:29:55.315913 getdents64(7, /* 0 entries */, 32768) = 0 <0.000113>
22533 19:29:55.316178 close(7)          = 0 <0.000112>
22533 19:29:55.316451 openat(AT_FDCWD, "/", O_RDONLY|O_NOFOLLOW|O_CLOEXEC|O_PATH) = 7 <0.000114>
22533 19:29:55.316722 openat(7, "sys", O_RDONLY|O_NOFOLLOW|O_CLOEXEC|O_PATH) = 8 <0.000114>
22533 19:29:55.316994 fstat(8, {st_mode=S_IFDIR|0555, st_size=0, ...}) = 0 <0.000113>
22533 19:29:55.317264 close(7)          = 0 <0.000113>
22533 19:29:55.317549 openat(8, "devices", O_RDONLY|O_NOFOLLOW|O_CLOEXEC|O_PATH) = 7 <0.000117>
22533 19:29:55.317827 fstat(7, {st_mode=S_IFDIR|0755, st_size=0, ...}) = 0 <0.000113>
22533 19:29:55.318099 close(8)          = 0 <0.000113>
22533 19:29:55.318362 openat(7, "platform", O_RDONLY|O_NOFOLLOW|O_CLOEXEC|O_PATH) = 8 <0.000115>
22533 19:29:55.318635 fstat(8, {st_mode=S_IFDIR|0755, st_size=0, ...}) = 0 <0.000113>
22533 19:29:55.318904 close(7)          = 0 <0.000113>
22533 19:29:55.319179 openat(8, "usb@38200000", O_RDONLY|O_NOFOLLOW|O_CLOEXEC|O_PATH) = 7 <0.000115>
22533 19:29:55.319452 fstat(7, {st_mode=S_IFDIR|0755, st_size=0, ...}) = 0 <0.000113>
22533 19:29:55.319722 close(8)          = 0 <0.000121>
22533 19:29:55.319994 openat(7, "38200000.dwc3", O_RDONLY|O_NOFOLLOW|O_CLOEXEC|O_PATH) = 8 <0.000115>
22533 19:29:55.320267 fstat(8, {st_mode=S_IFDIR|0755, st_size=0, ...}) = 0 <0.000113>
22533 19:29:55.320537 close(7)          = 0 <0.000113>
22533 19:29:55.320800 openat(8, "xhci-hcd.0.auto", O_RDONLY|O_NOFOLLOW|O_CLOEXEC|O_PATH) = 7 <0.000115>
22533 19:29:55.321073 fstat(7, {st_mode=S_IFDIR|0755, st_size=0, ...}) = 0 <0.000113>
22533 19:29:55.321343 close(8)          = 0 <0.000113>
22533 19:29:55.321631 openat(7, "usb1", O_RDONLY|O_NOFOLLOW|O_CLOEXEC|O_PATH) = 8 <0.000116>
22533 19:29:55.321905 fstat(8, {st_mode=S_IFDIR|0755, st_size=0, ...}) = 0 <0.000113>
22533 19:29:55.322177 close(7)          = 0 <0.000113>
22533 19:29:55.322440 close(8)          = 0 <0.000113>
22533 19:29:55.322702 faccessat(AT_FDCWD, "/sys/devices/platform/usb@38200000/38200000.dwc3/xhci-hcd.0.auto/usb1/uevent", F_OK) = 0 <0.000122>
22533 19:29:55.322986 openat(AT_FDCWD, "/sys/devices/platform/usb@38200000/38200000.dwc3/xhci-hcd.0.auto/usb1/uevent", O_RDONLY|O_CLOEXEC) = 7 <0.000123>
22533 19:29:55.323267 fstat(7, {st_mode=S_IFREG|0644, st_size=4096, ...}) = 0 <0.000113>
22533 19:29:55.323537 fstat(7, {st_mode=S_IFREG|0644, st_size=4096, ...}) = 0 <0.000113>
22533 19:29:55.323811 read(7, "MAJOR=189\nMINOR=0\nDEVNAME=bus/usb/001/001\nDEVTYPE=usb_device\nDRIVER=usb\nOF_NAME=dwc3\nOF_FULLNAME=/usb@38200000/dwc3\nOF_COMPATIBLE_0=snps,dwc3\nOF_COMPATIBLE_N=1\nPRODUCT=1d6b/2/414\nTYPE=9/0/1\nBUSNUM=001"..., 4096) = 212 <0.000129>
22533 19:29:55.324098 read(7, "", 4096) = 0 <0.000113>
22533 19:29:55.324364 close(7)          = 0 <0.000113>
22533 19:29:55.324642 getrandom("\xf1\x58\x29\x3a\xca\x0d\x59\x56\x48\x36\xc2\x8d\xf1\xee\x89\x19", 16, GRND_NONBLOCK) = 16 <0.000113>
22533 19:29:55.324922 getrandom("\x63\xc1\x8c\x3c\x79\x53\x22\x73\x0b\x2a\x25\xea\x2e\x05\xc4\xfb", 16, GRND_NONBLOCK) = 16 <0.000112>
22533 19:29:55.325211 openat(AT_FDCWD, "/sys/bus/usb/devices/usb1/busnum", O_RDONLY|O_CLOEXEC) = 7 <0.000131>
22533 19:29:55.325567 fcntl(7, F_GETFL) = 0x20000 (flags O_RDONLY|O_LARGEFILE) <0.000114>
22533 19:29:55.325839 fstat(7, {st_mode=S_IFREG|0444, st_size=4096, ...}) = 0 <0.000113>
22533 19:29:55.326117 read(7, "1\n", 4096) = 2 <0.000115>
22533 19:29:55.326388 close(7)          = 0 <0.000114>
22533 19:29:55.326654 openat(AT_FDCWD, "/sys/bus/usb/devices/usb1/devnum", O_RDONLY|O_CLOEXEC) = 7 <0.000130>
22533 19:29:55.326941 fcntl(7, F_GETFL) = 0x20000 (flags O_RDONLY|O_LARGEFILE) <0.000113>
22533 19:29:55.327206 fstat(7, {st_mode=S_IFREG|0444, st_size=4096, ...}) = 0 <0.000113>
22533 19:29:55.327476 read(7, "1\n", 4096) = 2 <0.000114>
22533 19:29:55.327746 close(7)          = 0 <0.000113>
22533 19:29:55.328015 openat(AT_FDCWD, "/sys/bus/usb/devices/usb1/speed", O_RDONLY|O_CLOEXEC) = 7 <0.000129>
22533 19:29:55.328301 fcntl(7, F_GETFL) = 0x20000 (flags O_RDONLY|O_LARGEFILE) <0.000113>
22533 19:29:55.328566 fstat(7, {st_mode=S_IFREG|0444, st_size=4096, ...}) = 0 <0.000113>
22533 19:29:55.328836 read(7, "480\n", 4096) = 4 <0.000114>
22533 19:29:55.329106 close(7)          = 0 <0.000113>
22533 19:29:55.329371 openat(AT_FDCWD, "/sys/bus/usb/devices/usb1/descriptors", O_RDONLY|O_CLOEXEC) = 7 <0.000251>
22533 19:29:55.329783 read(7, "\22\1\0\2\t\0\1@k\35\2\0\24\4\3\2\1\1\t\2\31\0\1\1\0\340\0\t\4\0\0\1\t\0\0\0\7\5\201\3\4\0\f", 1024) = 43 <0.000114>
22533 19:29:55.330056 close(7)          = 0 <0.000113>
22533 19:29:55.330330 openat(AT_FDCWD, "/", O_RDONLY|O_NOFOLLOW|O_CLOEXEC|O_PATH) = 7 <0.000114>
22533 19:29:55.330602 openat(7, "sys", O_RDONLY|O_NOFOLLOW|O_CLOEXEC|O_PATH) = 8 <0.000115>
22533 19:29:55.330873 fstat(8, {st_mode=S_IFDIR|0555, st_size=0, ...}) = 0 <0.000113>
22533 19:29:55.331143 close(7)          = 0 <0.000112>
22533 19:29:55.331406 openat(8, "devices", O_RDONLY|O_NOFOLLOW|O_CLOEXEC|O_PATH) = 7 <0.000115>
22533 19:29:55.331689 fstat(7, {st_mode=S_IFDIR|0755, st_size=0, ...}) = 0 <0.000113>
22533 19:29:55.331959 close(8)          = 0 <0.000113>
22533 19:29:55.332222 openat(7, "platform", O_RDONLY|O_NOFOLLOW|O_CLOEXEC|O_PATH) = 8 <0.000116>
22533 19:29:55.332495 fstat(8, {st_mode=S_IFDIR|0755, st_size=0, ...}) = 0 <0.000113>
22533 19:29:55.332765 close(7)          = 0 <0.000113>
22533 19:29:55.333029 openat(8, "usb@38200000", O_RDONLY|O_NOFOLLOW|O_CLOEXEC|O_PATH) = 7 <0.000115>
22533 19:29:55.333301 fstat(7, {st_mode=S_IFDIR|0755, st_size=0, ...}) = 0 <0.000113>
22533 19:29:55.333592 close(8)          = 0 <0.000113>
22533 19:29:55.333860 openat(7, "38200000.dwc3", O_RDONLY|O_NOFOLLOW|O_CLOEXEC|O_PATH) = 8 <0.000115>
22533 19:29:55.334132 fstat(8, {st_mode=S_IFDIR|0755, st_size=0, ...}) = 0 <0.000113>
22533 19:29:55.334402 close(7)          = 0 <0.000112>
22533 19:29:55.334665 openat(8, "xhci-hcd.0.auto", O_RDONLY|O_NOFOLLOW|O_CLOEXEC|O_PATH) = 7 <0.000115>
22533 19:29:55.334937 fstat(7, {st_mode=S_IFDIR|0755, st_size=0, ...}) = 0 <0.000113>
22533 19:29:55.335207 close(8)          = 0 <0.000113>
22533 19:29:55.335470 openat(7, "usb2", O_RDONLY|O_NOFOLLOW|O_CLOEXEC|O_PATH) = 8 <0.000115>
22533 19:29:55.335742 fstat(8, {st_mode=S_IFDIR|0755, st_size=0, ...}) = 0 <0.000113>
22533 19:29:55.336012 close(7)          = 0 <0.000113>
22533 19:29:55.336275 close(8)          = 0 <0.000113>
22533 19:29:55.336537 faccessat(AT_FDCWD, "/sys/devices/platform/usb@38200000/38200000.dwc3/xhci-hcd.0.auto/usb2/uevent", F_OK) = 0 <0.000121>
22533 19:29:55.336820 openat(AT_FDCWD, "/sys/devices/platform/usb@38200000/38200000.dwc3/xhci-hcd.0.auto/usb2/uevent", O_RDONLY|O_CLOEXEC) = 7 <0.000122>
22533 19:29:55.337099 fstat(7, {st_mode=S_IFREG|0644, st_size=4096, ...}) = 0 <0.000112>
22533 19:29:55.337370 fstat(7, {st_mode=S_IFREG|0644, st_size=4096, ...}) = 0 <0.000130>
22533 19:29:55.337764 read(7, "MAJOR=189\nMINOR=128\nDEVNAME=bus/usb/002/001\nDEVTYPE=usb_device\nDRIVER=usb\nOF_NAME=dwc3\nOF_FULLNAME=/usb@38200000/dwc3\nOF_COMPATIBLE_0=snps,dwc3\nOF_COMPATIBLE_N=1\nPRODUCT=1d6b/3/414\nTYPE=9/0/3\nBUSNUM=0"..., 4096) = 214 <0.000128>
22533 19:29:55.338052 read(7, "", 4096) = 0 <0.000114>
22533 19:29:55.338318 close(7)          = 0 <0.000113>
22533 19:29:55.338595 getrandom("\xbb\x79\x28\x9e\x84\x88\x62\x44\x70\x3e\x62\x0c\x19\x64\x7f\xd1", 16, GRND_NONBLOCK) = 16 <0.000113>
22533 19:29:55.338878 getrandom("\xec\x6a\x71\xe6\x8d\x6a\x7e\x93\x32\x87\x84\xb5\xdf\x1b\xdc\x3e", 16, GRND_NONBLOCK) = 16 <0.000113>
22533 19:29:55.339164 openat(AT_FDCWD, "/sys/bus/usb/devices/usb2/busnum", O_RDONLY|O_CLOEXEC) = 7 <0.000132>
22533 19:29:55.339453 fcntl(7, F_GETFL) = 0x20000 (flags O_RDONLY|O_LARGEFILE) <0.000113>
22533 19:29:55.339718 fstat(7, {st_mode=S_IFREG|0444, st_size=4096, ...}) = 0 <0.000113>
22533 19:29:55.339988 read(7, "2\n", 4096) = 2 <0.000114>
22533 19:29:55.340317 close(7)          = 0 <0.000113>
22533 19:29:55.340583 openat(AT_FDCWD, "/sys/bus/usb/devices/usb2/devnum", O_RDONLY|O_CLOEXEC) = 7 <0.000129>
22533 19:29:55.340868 fcntl(7, F_GETFL) = 0x20000 (flags O_RDONLY|O_LARGEFILE) <0.000113>
22533 19:29:55.341133 fstat(7, {st_mode=S_IFREG|0444, st_size=4096, ...}) = 0 <0.000113>
22533 19:29:55.341403 read(7, "1\n", 4096) = 2 <0.000136>
22533 19:29:55.341700 close(7)          = 0 <0.000114>
22533 19:29:55.341968 openat(AT_FDCWD, "/sys/bus/usb/devices/usb2/speed", O_RDONLY|O_CLOEXEC) = 7 <0.000130>
22533 19:29:55.342255 fcntl(7, F_GETFL) = 0x20000 (flags O_RDONLY|O_LARGEFILE) <0.000113>
22533 19:29:55.342521 fstat(7, {st_mode=S_IFREG|0444, st_size=4096, ...}) = 0 <0.000113>
22533 19:29:55.342790 read(7, "5000\n", 4096) = 5 <0.000114>
22533 19:29:55.343060 close(7)          = 0 <0.000113>
22533 19:29:55.343325 openat(AT_FDCWD, "/sys/bus/usb/devices/usb2/descriptors", O_RDONLY|O_CLOEXEC) = 7 <0.000130>
22533 19:29:55.343611 read(7, "\22\1\0\3\t\0\3\tk\35\3\0\24\4\3\2\1\1\t\2\37\0\1\1\0\340\0\t\4\0\0\1\t\0\0\0\7\5\201\3\4\0\f\0060\0\0\2\0", 1024) = 49 <0.000114>
22533 19:29:55.343882 close(7)          = 0 <0.000113>
22533 19:29:55.344218 pipe2([7, 8], O_CLOEXEC) = 0 <0.000121>
22533 19:29:55.344497 fcntl(8, F_GETFL) = 0x1 (flags O_WRONLY) <0.000113>
22533 19:29:55.344762 fcntl(8, F_SETFL, O_WRONLY|O_NONBLOCK) = 0 <0.000113>
22533 19:29:55.345026 write(8, "\1", 1) = 1 <0.000115>
22533 19:29:55.345297 timerfd_create(CLOCK_MONOTONIC, TFD_CLOEXEC|TFD_NONBLOCK) = 9 <0.000117>
22533 19:29:55.345693 recvmsg(4, {msg_namelen=128}, 0) = -1 EAGAIN (Resource temporarily unavailable) <0.000115>
22533 19:29:55.345992 read(7, "\1", 1)  = 1 <0.000115>
22533 19:29:55.346263 ppoll([{fd=7, events=POLLIN}, {fd=9, events=POLLIN}], 2, {tv_sec=0, tv_nsec=0}, NULL, 0) = 0 (Timeout) <0.000113>
22533 19:29:55.346548 write(8, "\1", 1) = 1 <0.000113>
22533 19:29:55.346816 close(7)          = 0 <0.000113>
22533 19:29:55.347080 close(8)          = 0 <0.000120>
22533 19:29:55.347350 close(9)          = 0 <0.000114>
22533 19:29:55.347615 write(6, "\1", 1) = 1 <0.000168>
22535 19:29:55.347882 <... ppoll resumed> ) = 1 ([{fd=5, revents=POLLIN}]) <0.103987>
22533 19:29:55.347974 futex(0xffffa694e270, FUTEX_WAIT, 22535, NULL <unfinished ...>
22535 19:29:55.348057 read(5, "\1", 1)  = 1 <0.000115>
22535 19:29:55.348331 madvise(0xffffa614e000, 8253440, MADV_DONTNEED) = 0 <0.000122>
22535 19:29:55.348606 exit(0)           = ?
22533 19:29:55.348930 <... futex resumed> ) = 0 <0.000929>
22535 19:29:55.349023 +++ exited with 0 +++
22533 19:29:55.349049 close(4)          = 0 <0.000126>
22533 19:29:55.349326 close(5)          = 0 <0.000113>
22533 19:29:55.349661 close(6)          = 0 <0.000117>
22533 19:29:55.350097 write(2, "I external/libedgetpu/tflite/edgetpu_context_direct.cc:106] USB always DFU: False (default)\n", 92) = 92 <0.000240>
22533 19:29:55.350526 write(2, "I external/libedgetpu/tflite/edgetpu_context_direct.cc:128] USB bulk-in queue capacity: default\n", 96) = 96 <0.000169>
22533 19:29:55.355270 write(2, "I external/libedgetpu/tflite/edgetpu_context_direct.cc:67] Performance expectation: Max (default)\n", 98) = 98 <0.000612>
22533 19:29:55.359366 write(2, "I external/libedgetpu/driver/mmio/host_queue.h:266] Starting in normal mode\n", 76) = 76 <0.000606>
22533 19:29:55.360775 clone(child_stack=0xffffa694daa0, flags=CLONE_VM|CLONE_FS|CLONE_FILES|CLONE_SIGHAND|CLONE_THREAD|CLONE_SYSVSEM|CLONE_SETTLS|CLONE_PARENT_SETTID|CLONE_CHILD_CLEARTID, parent_tidptr=0xffffa694e270, tls=0xffffa694e8a0, child_tidptr=0xffffa694e270) = 22536 <0.000375>
22536 19:29:55.361333 set_robust_list(0xffffa694e280, 24 <unfinished ...>
22533 19:29:55.361542 write(2, "I external/libedgetpu/driver/kernel/kernel_registers.cc:83] Opening /dev/apex_0. read_only=0\n", 93 <unfinished ...>
22536 19:29:55.361769 <... set_robust_list resumed> ) = 0 <0.000300>
22533 19:29:55.361893 <... write resumed> ) = 93 <0.000240>
22533 19:29:55.362041 openat(AT_FDCWD, "/dev/apex_0", O_RDWR <unfinished ...>
22536 19:29:55.362182 futex(0xaaaaf4ee8870, FUTEX_WAIT_PRIVATE, 0, NULL <unfinished ...>
22533 19:29:55.607331 <... openat resumed> ) = 4 <0.245196>
22533 19:29:55.607560 write(2, "I external/libedgetpu/driver/kernel/kernel_registers.cc:97] mmap_offset=0x0000000000040000, mmap_size=4096\n", 107) = 107 <0.000173>
22533 19:29:55.607913 mmap(NULL, 4096, PROT_READ|PROT_WRITE, MAP_SHARED, 4, 0x40000) = 0xffffa72b6000 <0.215445>
22533 19:29:55.823628 write(2, "I external/libedgetpu/driver/kernel/kernel_registers.cc:108] Got map addr at 0x0xffffa72b6000\n", 94) = 94 <0.000176>
22533 19:29:55.824023 write(2, "I external/libedgetpu/driver/kernel/kernel_registers.cc:97] mmap_offset=0x0000000000044000, mmap_size=4096\n", 107) = 107 <0.000169>
22533 19:29:55.824353 mmap(NULL, 4096, PROT_READ|PROT_WRITE, MAP_SHARED, 4, 0x44000) = 0xffffa72b5000 <0.215861>
22533 19:29:56.040402 write(2, "I external/libedgetpu/driver/kernel/kernel_registers.cc:108] Got map addr at 0x0xffffa72b5000\n", 94) = 94 <0.000090>
22533 19:29:56.040636 write(2, "I external/libedgetpu/driver/kernel/kernel_registers.cc:97] mmap_offset=0x0000000000048000, mmap_size=4096\n", 107) = 107 <0.000221>
22533 19:29:56.041557 mmap(NULL, 4096, PROT_READ|PROT_WRITE, MAP_SHARED, 4, 0x48000) = 0xffffa72b4000 <0.215110>
22533 19:29:56.257055 write(2, "I external/libedgetpu/driver/kernel/kernel_registers.cc:108] Got map addr at 0x0xffffa72b4000\n", 94) = 94 <0.000123>
22533 19:29:56.257606 openat(AT_FDCWD, "/dev/apex_0", O_RDWR) = 5 <0.020349>
22533 19:29:56.278238 ioctl(5, _IOC(_IOC_WRITE, 0x7f, 0, 0x10), 0xfffff193d258) = 0 <0.054493>
22533 19:29:56.332975 ioctl(5, _IOC(_IOC_WRITE, 0x7f, 0x1, 0x4), 0xfffff193d0d0) = 0 <0.073050>
22533 19:29:56.406254 openat(AT_FDCWD, "/dev/apex_0", O_RDWR) = 6 <0.020209>
22533 19:29:56.426672 ioctl(6, _IOC(_IOC_WRITE, 0xdc, 0x7, 0x20), 0xfffff193d248) = 0 <0.133982>
22533 19:29:56.560863 openat(AT_FDCWD, "/dev/apex_0", O_RDWR) = 7 <0.020331>
22533 19:29:56.581404 eventfd2(0, EFD_CLOEXEC) = 8 <0.000608>
22533 19:29:56.582186 eventfd2(0, EFD_CLOEXEC) = 9 <0.000114>
22533 19:29:56.582455 eventfd2(0, EFD_CLOEXEC) = 10 <0.000113>
22533 19:29:56.582720 eventfd2(0, EFD_CLOEXEC) = 11 <0.000113>
22533 19:29:56.582984 eventfd2(0, EFD_CLOEXEC) = 12 <0.000113>
22533 19:29:56.583249 eventfd2(0, EFD_CLOEXEC) = 13 <0.000113>
22533 19:29:56.583512 eventfd2(0, EFD_CLOEXEC) = 14 <0.000113>
22533 19:29:56.583776 eventfd2(0, EFD_CLOEXEC) = 15 <0.000113>
22533 19:29:56.584039 eventfd2(0, EFD_CLOEXEC) = 16 <0.000113>
22533 19:29:56.584303 eventfd2(0, EFD_CLOEXEC) = 17 <0.000113>
22533 19:29:56.584566 eventfd2(0, EFD_CLOEXEC) = 18 <0.000113>
22533 19:29:56.584830 eventfd2(0, EFD_CLOEXEC) = 19 <0.000113>
22533 19:29:56.585093 eventfd2(0, EFD_CLOEXEC) = 20 <0.000113>
22533 19:29:56.585378 openat(AT_FDCWD, "/dev/apex_0", O_RDWR) = 21 <0.019883>
22533 19:29:56.605448 ioctl(21, _IOC(_IOC_READ|_IOC_WRITE, 0xdc, 0xb, 0x20), 0xfffff193ced0) = 0 <0.338170>
22533 19:29:56.943902 mmap(NULL, 16384, PROT_READ|PROT_WRITE, MAP_SHARED|MAP_LOCKED, 21, 0x1000000) = 0xffffa72b0000 <0.076413>
22533 19:29:57.020597 ioctl(6, _IOC(_IOC_WRITE, 0xdc, 0xc, 0x28), 0xfffff193c860) = 0 <0.460297>
22533 19:29:57.481178 write(2, "I external/libedgetpu/driver/kernel/kernel_mmu_mapper.cc:179] MmuMapper#Map() : 0000ffffa72b0000 -> 0000000001000000 (1 pages) flags=00000000.\n", 143) = 143 <0.000176>
22533 19:29:57.481724 write(2, "I external/libedgetpu/driver/kernel/kernel_mmu_mapper.cc:192] [Debug Sri] testing\n\n", 83) = 83 <0.000407>
22533 19:29:57.482323 write(2, "I external/libedgetpu/driver/kernel/kernel_mmu_mapper.cc:195] [Debug Sri] ioctl_counter = 1\n\n", 93) = 93 <0.000170>
22533 19:29:57.482706 write(2, "I external/libedgetpu/driver/memory/mmio_address_space.cc:55] MapMemory() page-aligned : device_address = 0x0000000001000000\n", 125) = 125 <0.000199>
22533 19:29:57.483082 write(2, "I external/libedgetpu/driver/mmio/host_queue.h:162] Queue base : 0xffffa72b0000 -> 0x0000000001000000 [4096 bytes]\n", 115) = 115 <0.000169>
22533 19:29:57.483435 ioctl(6, _IOC(_IOC_WRITE, 0xdc, 0xc, 0x28), 0xfffff193c860) = 0 <0.460406>
22533 19:29:57.944101 write(2, "I external/libedgetpu/driver/kernel/kernel_mmu_mapper.cc:179] MmuMapper#Map() : 0000ffffa72b1000 -> 0000000001001000 (1 pages) flags=00000000.\n", 143) = 143 <0.000176>
22533 19:29:57.944485 write(2, "I external/libedgetpu/driver/kernel/kernel_mmu_mapper.cc:192] [Debug Sri] testing\n\n", 83) = 83 <0.000168>
22533 19:29:57.944820 write(2, "I external/libedgetpu/driver/kernel/kernel_mmu_mapper.cc:195] [Debug Sri] ioctl_counter = 2\n\n", 93) = 93 <0.000168>
22533 19:29:57.945172 write(2, "I external/libedgetpu/driver/memory/mmio_address_space.cc:55] MapMemory() page-aligned : device_address = 0x0000000001001000\n", 125) = 125 <0.000168>
22533 19:29:57.945691 write(2, "I external/libedgetpu/driver/mmio/host_queue.h:172] Queue status block : 0xffffa72b1000 -> 0x0000000001001000 [16 bytes]\n", 121) = 121 <0.000170>
22533 19:29:57.946111 ioctl(7, _IOC(_IOC_WRITE, 0xdc, 0x1, 0x10), 0xfffff193cf00) = 0 <0.096211>
22533 19:29:58.042521 mmap(NULL, 8392704, PROT_NONE, MAP_PRIVATE|MAP_ANONYMOUS|MAP_STACK, -1, 0) = 0xffffa594d000 <0.000125>
22533 19:29:58.042819 mprotect(0xffffa594e000, 8388608, PROT_READ|PROT_WRITE) = 0 <0.000125>
22533 19:29:58.043138 clone(child_stack=0xffffa614caa0, flags=CLONE_VM|CLONE_FS|CLONE_FILES|CLONE_SIGHAND|CLONE_THREAD|CLONE_SYSVSEM|CLONE_SETTLS|CLONE_PARENT_SETTID|CLONE_CHILD_CLEARTID, parent_tidptr=0xffffa614d270, tls=0xffffa614d8a0, child_tidptr=0xffffa614d270) = 22549 <0.000317>
22549 19:29:58.043589 set_robust_list(0xffffa614d280, 24 <unfinished ...>
22533 19:29:58.043671 ioctl(7, _IOC(_IOC_WRITE, 0xdc, 0x1, 0x10) <unfinished ...>
22549 19:29:58.043756 <... set_robust_list resumed> ) = 0 <0.000141>
22549 19:29:58.043967 read(8,  <unfinished ...>
22533 19:29:58.140418 <... ioctl resumed> , 0xfffff193cf00) = 0 <0.096711>
22533 19:29:58.140599 mmap(NULL, 8392704, PROT_NONE, MAP_PRIVATE|MAP_ANONYMOUS|MAP_STACK, -1, 0) = 0xffffa514c000 <0.000124>
22533 19:29:58.140884 mprotect(0xffffa514d000, 8388608, PROT_READ|PROT_WRITE) = 0 <0.000122>
22533 19:29:58.141184 clone(child_stack=0xffffa594baa0, flags=CLONE_VM|CLONE_FS|CLONE_FILES|CLONE_SIGHAND|CLONE_THREAD|CLONE_SYSVSEM|CLONE_SETTLS|CLONE_PARENT_SETTID|CLONE_CHILD_CLEARTID, parent_tidptr=0xffffa594c270, tls=0xffffa594c8a0, child_tidptr=0xffffa594c270) = 22550 <0.000426>
22550 19:29:58.141721 set_robust_list(0xffffa594c280, 24 <unfinished ...>
22533 19:29:58.141807 ioctl(7, _IOC(_IOC_WRITE, 0xdc, 0x1, 0x10) <unfinished ...>
22550 19:29:58.141892 <... set_robust_list resumed> ) = 0 <0.000141>
22550 19:29:58.142041 read(12,  <unfinished ...>
22533 19:29:58.237516 <... ioctl resumed> , 0xfffff193cf00) = 0 <0.095671>
22533 19:29:58.238258 mmap(NULL, 8392704, PROT_NONE, MAP_PRIVATE|MAP_ANONYMOUS|MAP_STACK, -1, 0) = 0xffffa494b000 <0.000569>
22533 19:29:58.239472 mprotect(0xffffa494c000, 8388608, PROT_READ|PROT_WRITE) = 0 <0.000591>
22533 19:29:58.240723 clone(child_stack=0xffffa514aaa0, flags=CLONE_VM|CLONE_FS|CLONE_FILES|CLONE_SIGHAND|CLONE_THREAD|CLONE_SYSVSEM|CLONE_SETTLS|CLONE_PARENT_SETTID|CLONE_CHILD_CLEARTID, parent_tidptr=0xffffa514b270, tls=0xffffa514b8a0, child_tidptr=0xffffa514b270) = 22551 <0.000329>
22551 19:29:58.241161 set_robust_list(0xffffa514b280, 24 <unfinished ...>
22533 19:29:58.241245 ioctl(7, _IOC(_IOC_WRITE, 0xdc, 0x1, 0x10) <unfinished ...>
22551 19:29:58.241331 <... set_robust_list resumed> ) = 0 <0.000141>
22551 19:29:58.241478 read(13,  <unfinished ...>
22533 19:29:58.337349 <... ioctl resumed> , 0xfffff193cf00) = 0 <0.096068>
22533 19:29:58.337609 mmap(NULL, 8392704, PROT_NONE, MAP_PRIVATE|MAP_ANONYMOUS|MAP_STACK, -1, 0) = 0xffffa414a000 <0.000126>
22533 19:29:58.337907 mprotect(0xffffa414b000, 8388608, PROT_READ|PROT_WRITE) = 0 <0.000122>
22533 19:29:58.338210 clone(child_stack=0xffffa4949aa0, flags=CLONE_VM|CLONE_FS|CLONE_FILES|CLONE_SIGHAND|CLONE_THREAD|CLONE_SYSVSEM|CLONE_SETTLS|CLONE_PARENT_SETTID|CLONE_CHILD_CLEARTID, parent_tidptr=0xffffa494a270, tls=0xffffa494a8a0, child_tidptr=0xffffa494a270) = 22552 <0.000325>
22552 19:29:58.338644 set_robust_list(0xffffa494a280, 24 <unfinished ...>
22533 19:29:58.338730 ioctl(7, _IOC(_IOC_WRITE, 0xdc, 0x1, 0x10) <unfinished ...>
22552 19:29:58.338815 <... set_robust_list resumed> ) = 0 <0.000141>
22552 19:29:58.338963 read(14,  <unfinished ...>
22533 19:29:58.434426 <... ioctl resumed> , 0xfffff193cf00) = 0 <0.095661>
22533 19:29:58.434606 mmap(NULL, 8392704, PROT_NONE, MAP_PRIVATE|MAP_ANONYMOUS|MAP_STACK, -1, 0) = 0xffffa3949000 <0.000122>
22533 19:29:58.434890 mprotect(0xffffa394a000, 8388608, PROT_READ|PROT_WRITE) = 0 <0.000122>
22533 19:29:58.435187 clone(child_stack=0xffffa4148aa0, flags=CLONE_VM|CLONE_FS|CLONE_FILES|CLONE_SIGHAND|CLONE_THREAD|CLONE_SYSVSEM|CLONE_SETTLS|CLONE_PARENT_SETTID|CLONE_CHILD_CLEARTID, parent_tidptr=0xffffa4149270, tls=0xffffa41498a0, child_tidptr=0xffffa4149270) = 22553 <0.000269>
22533 19:29:58.435580 ioctl(7, _IOC(_IOC_WRITE, 0xdc, 0x1, 0x10) <unfinished ...>
22553 19:29:58.435867 set_robust_list(0xffffa4149280, 24) = 0 <0.000576>
22553 19:29:58.437055 read(15,  <unfinished ...>
22533 19:29:58.531707 <... ioctl resumed> , 0xfffff193cf00) = 0 <0.096090>
22533 19:29:58.531885 mmap(NULL, 8392704, PROT_NONE, MAP_PRIVATE|MAP_ANONYMOUS|MAP_STACK, -1, 0) = 0xffffa3148000 <0.000123>
22533 19:29:58.532170 mprotect(0xffffa3149000, 8388608, PROT_READ|PROT_WRITE) = 0 <0.000122>
22533 19:29:58.532490 clone(child_stack=0xffffa3947aa0, flags=CLONE_VM|CLONE_FS|CLONE_FILES|CLONE_SIGHAND|CLONE_THREAD|CLONE_SYSVSEM|CLONE_SETTLS|CLONE_PARENT_SETTID|CLONE_CHILD_CLEARTID, parent_tidptr=0xffffa3948270, tls=0xffffa39488a0, child_tidptr=0xffffa3948270) = 22554 <0.000322>
22554 19:29:58.532922 set_robust_list(0xffffa3948280, 24 <unfinished ...>
22533 19:29:58.533007 ioctl(7, _IOC(_IOC_WRITE, 0xdc, 0x1, 0x10) <unfinished ...>
22554 19:29:58.533092 <... set_robust_list resumed> ) = 0 <0.000141>
22554 19:29:58.533241 read(16,  <unfinished ...>
22533 19:29:58.628721 <... ioctl resumed> , 0xfffff193cf00) = 0 <0.095680>
22533 19:29:58.628900 mmap(NULL, 8392704, PROT_NONE, MAP_PRIVATE|MAP_ANONYMOUS|MAP_STACK, -1, 0) = 0xffffa2947000 <0.000123>
22533 19:29:58.629184 mprotect(0xffffa2948000, 8388608, PROT_READ|PROT_WRITE) = 0 <0.000121>
22533 19:29:58.629480 clone(child_stack=0xffffa3146aa0, flags=CLONE_VM|CLONE_FS|CLONE_FILES|CLONE_SIGHAND|CLONE_THREAD|CLONE_SYSVSEM|CLONE_SETTLS|CLONE_PARENT_SETTID|CLONE_CHILD_CLEARTID, parent_tidptr=0xffffa3147270, tls=0xffffa31478a0, child_tidptr=0xffffa3147270) = 22555 <0.000336>
22555 19:29:58.630002 set_robust_list(0xffffa3147280, 24 <unfinished ...>
22533 19:29:58.630088 ioctl(7, _IOC(_IOC_WRITE, 0xdc, 0x1, 0x10) <unfinished ...>
22555 19:29:58.630174 <... set_robust_list resumed> ) = 0 <0.000142>
22555 19:29:58.630320 read(17,  <unfinished ...>
22533 19:29:58.726848 <... ioctl resumed> , 0xfffff193cf00) = 0 <0.096723>
22533 19:29:58.727142 mmap(NULL, 8392704, PROT_NONE, MAP_PRIVATE|MAP_ANONYMOUS|MAP_STACK, -1, 0) = 0xffffa2146000 <0.000620>
22533 19:29:58.727966 mprotect(0xffffa2147000, 8388608, PROT_READ|PROT_WRITE) = 0 <0.000131>
22533 19:29:58.728359 clone(child_stack=0xffffa2945aa0, flags=CLONE_VM|CLONE_FS|CLONE_FILES|CLONE_SIGHAND|CLONE_THREAD|CLONE_SYSVSEM|CLONE_SETTLS|CLONE_PARENT_SETTID|CLONE_CHILD_CLEARTID, parent_tidptr=0xffffa2946270, tls=0xffffa29468a0, child_tidptr=0xffffa2946270) = 22556 <0.000457>
22556 19:29:58.728954 set_robust_list(0xffffa2946280, 24 <unfinished ...>
22533 19:29:58.729055 ioctl(7, _IOC(_IOC_WRITE, 0xdc, 0x1, 0x10) <unfinished ...>
22556 19:29:58.729156 <... set_robust_list resumed> ) = 0 <0.000161>
22556 19:29:58.729337 read(18,  <unfinished ...>
22533 19:29:58.825970 <... ioctl resumed> , 0xfffff193cf00) = 0 <0.096862>
22533 19:29:58.831151 mmap(NULL, 8392704, PROT_NONE, MAP_PRIVATE|MAP_ANONYMOUS|MAP_STACK, -1, 0) = 0xffffa1945000 <0.000584>
22533 19:29:58.831920 mprotect(0xffffa1946000, 8388608, PROT_READ|PROT_WRITE) = 0 <0.000124>
22533 19:29:58.832230 clone(child_stack=0xffffa2144aa0, flags=CLONE_VM|CLONE_FS|CLONE_FILES|CLONE_SIGHAND|CLONE_THREAD|CLONE_SYSVSEM|CLONE_SETTLS|CLONE_PARENT_SETTID|CLONE_CHILD_CLEARTID, parent_tidptr=0xffffa2145270, tls=0xffffa21458a0, child_tidptr=0xffffa2145270) = 22557 <0.000329>
22557 19:29:58.832672 set_robust_list(0xffffa2145280, 24 <unfinished ...>
22533 19:29:58.832759 ioctl(7, _IOC(_IOC_WRITE, 0xdc, 0x1, 0x10) <unfinished ...>
22557 19:29:58.832847 <... set_robust_list resumed> ) = 0 <0.000144>
22557 19:29:58.832996 read(19,  <unfinished ...>
22533 19:29:58.929830 <... ioctl resumed> , 0xfffff193cf00) = 0 <0.097028>
22533 19:29:58.930138 mmap(NULL, 8392704, PROT_NONE, MAP_PRIVATE|MAP_ANONYMOUS|MAP_STACK, -1, 0) = 0xffffa1144000 <0.000091>
22533 19:29:58.930559 mprotect(0xffffa1145000, 8388608, PROT_READ|PROT_WRITE) = 0 <0.000132>
22533 19:29:58.930955 clone(child_stack=0xffffa1943aa0, flags=CLONE_VM|CLONE_FS|CLONE_FILES|CLONE_SIGHAND|CLONE_THREAD|CLONE_SYSVSEM|CLONE_SETTLS|CLONE_PARENT_SETTID|CLONE_CHILD_CLEARTID, parent_tidptr=0xffffa1944270, tls=0xffffa19448a0, child_tidptr=0xffffa1944270) = 22558 <0.000539>
22558 19:29:58.932268 set_robust_list(0xffffa1944280, 24) = 0 <0.000138>
22558 19:29:58.932632 read(20,  <unfinished ...>
22533 19:29:58.936003 ioctl(5, _IOC(_IOC_WRITE, 0x7f, 0, 0x10), 0xfffff193d258) = 0 <0.052326>
22533 19:29:58.988511 write(2, "I external/libedgetpu/tflite/edgetpu_context_direct.cc:174] Opening device at /dev/apex_0\n", 90) = 90 <0.000035>
22533 19:29:58.989640 write(2, "INFO: ", 6) = 6 <0.000260>
22533 19:29:58.990085 write(2, "Initialized TensorFlow Lite runtime.", 36) = 36 <0.000213>
22533 19:29:58.990471 write(2, "\n", 1) = 1 <0.000201>
22533 19:29:58.995122 mmap(NULL, 4734976, PROT_READ|PROT_WRITE, MAP_PRIVATE|MAP_ANONYMOUS, -1, 0) = 0xffffa0cc0000 <0.000128>
22533 19:29:59.023666 mmap(NULL, 155648, PROT_READ|PROT_WRITE, MAP_PRIVATE|MAP_ANONYMOUS, -1, 0) = 0xffffa0c9a000 <0.000651>
22533 19:29:59.024799 fstat(1, {st_mode=S_IFCHR|0620, st_rdev=makedev(0x88, 0x1), ...}) = 0 <0.000699>
22533 19:29:59.026361 write(1, "Input data does not require preprocessing.\n", 43) = 43 <0.000716>
22533 19:29:59.027980 openat(AT_FDCWD, "cat.rgb", O_RDONLY) = 22 <0.000657>
22533 19:29:59.029520 read(22, "\326tJ\317mJ\273L7\306@4\314@2\305A+\314D0\313>,\320?.\324C2\322D3\327V>\347\213^\322uA\344\200H\360\211U\340{N\317lG\310\\A\303H0\322Q;\325S=\326I8\332@4\337E7\330I:\332[?\362\205Q\367\227Y\342\203M\327hE\335^?\345aB\354eF\363]A\365P:\365V=\354c@\370\212Y\361\223W\357\216P\377\243`\377\244a\353{S\331aB\336e@\340Z9\341N6\341S9\341S:\357tK\370\224Z\345\201P\322cF\310Q<\316P;\323O:\325L9\320G7\323I=\333ZJ\351|]\353\220f\343\210`\323iN\321\\H\324T"..., 150528) = 150528 <0.002143>
22533 19:29:59.032372 read(22, "", 8191) = 0 <0.000119>
22533 19:29:59.032722 close(22)         = 0 <0.000124>
22533 19:29:59.033175 write(2, "I external/libedgetpu/driver/request.cc:47] Adding input \"input\" with 150528 bytes.\n", 84) = 84 <0.000184>
22533 19:29:59.033728 write(2, "I external/libedgetpu/driver/request.cc:58] Adding output \"MobilenetV1/Predictions/Reshape_1\" with 1001 bytes.\n", 111) = 111 <0.000185>
22533 19:29:59.034158 write(2, "I external/libedgetpu/driver/request.cc:167] Request prepared, total batch size: 1, total TPU requests required: 1.\n", 116) = 116 <0.000481>
22533 19:29:59.034856 write(2, "I external/libedgetpu/driver/driver.cc:307] Request [0]: Submitting P0 request immediately.\n", 92) = 92 <0.000656>
22533 19:29:59.036246 ioctl(6, _IOC(_IOC_WRITE, 0xdc, 0xc, 0x28), 0xfffff193c930) = 0 <12.826321>
22533 19:30:11.863296 write(2, "I external/libedgetpu/driver/kernel/kernel_mmu_mapper.cc:179] MmuMapper#Map() : 0000ffffa0cc4000 -> 8000000000000000 (1090 pages) flags=00000002.\n", 146) = 146 <0.000618>
22533 19:30:11.864655 write(2, "I external/libedgetpu/driver/kernel/kernel_mmu_mapper.cc:192] [Debug Sri] testing\n\n", 83) = 83 <0.000322>
22533 19:30:11.865200 write(2, "I external/libedgetpu/driver/kernel/kernel_mmu_mapper.cc:195] [Debug Sri] ioctl_counter = 3\n\n", 93) = 93 <0.000652>
22533 19:30:11.866550 write(2, "I external/libedgetpu/driver/memory/mmio_address_space.cc:55] MapMemory() page-aligned : device_address = 0x8000000000000000\n", 125) = 125 <0.000678>
22533 19:30:11.871884 write(2, "I external/libedgetpu/driver/driver.cc:249] Mapped params : Buffer(ptr=0xffffa0cc4000) -> 0x8000000000000000, 4464000 bytes.\n", 125) = 125 <0.000528>
22533 19:30:11.873230 write(2, "I external/libedgetpu/driver/driver.cc:249] Mapped params : Buffer(ptr=(nil)) -> 0x0000000000000000, 0 bytes.\n", 110) = 110 <0.000174>
22533 19:30:11.874208 ioctl(5, _IOC(_IOC_WRITE, 0x7f, 0, 0x10), 0xfffff193d1b8) = 0 <0.052753>
22533 19:30:11.927288 write(2, "I external/libedgetpu/driver/device_buffer_mapper.cc:75] Mapped scratch : Buffer(ptr=(nil)) -> 0x0000000000000000, 0 bytes.\n", 124) = 124 <0.000184>
22533 19:30:11.927731 write(2, "I external/libedgetpu/driver/executable_util.cc:187] Linking Parameter: 0x8000000000000000\n", 91) = 91 <0.000211>
22533 19:30:11.928232 ioctl(6, _IOC(_IOC_WRITE, 0xdc, 0xc, 0x28), 0xfffff193c520) = 0 <0.714475>
22533 19:30:12.643437 write(2, "I external/libedgetpu/driver/kernel/kernel_mmu_mapper.cc:179] MmuMapper#Map() : 0000aaaaf4ef1000 -> 8000000000800000 (2 pages) flags=00000002.\n", 143) = 143 <0.000589>
22533 19:30:12.644714 write(2, "I external/libedgetpu/driver/kernel/kernel_mmu_mapper.cc:192] [Debug Sri] testing\n\n", 83) = 83 <0.000630>
22533 19:30:12.645667 write(2, "I external/libedgetpu/driver/kernel/kernel_mmu_mapper.cc:195] [Debug Sri] ioctl_counter = 4\n\n", 93) = 93 <0.000610>
22533 19:30:12.646512 write(2, "I external/libedgetpu/driver/memory/mmio_address_space.cc:55] MapMemory() page-aligned : device_address = 0x8000000000800000\n", 125) = 125 <0.000608>
22533 19:30:12.647774 write(2, "I external/libedgetpu/driver/device_buffer_mapper.cc:222] Mapped \"instructions\" : Buffer(ptr=0xaaaaf4ef1000) -> 0x8000000000800000, 7248 bytes. Direction=1\n", 156) = 156 <0.000626>
22533 19:30:12.649137 write(2, "I external/libedgetpu/driver/single_tpu_request.cc:390] [0] NotifyRequestSubmitted()\n", 85) = 85 <0.000609>
22533 19:30:12.650399 write(2, "I external/libedgetpu/driver/single_queue_dma_scheduler.cc:82] Request[0]: Submitted\n", 85) = 85 <0.000627>
22533 19:30:12.651711 write(2, "I external/libedgetpu/driver/single_tpu_request.cc:398] [0] NotifyRequestActive()\n", 82) = 82 <0.000262>
22533 19:30:12.652212 write(2, "I external/libedgetpu/driver/mmio/host_queue.h:383] Adding an element to the host queue.\n", 89) = 89 <0.000206>
22533 19:30:12.652743 write(2, "I external/libedgetpu/driver/single_tpu_request.cc:113] Adding input \"input\" with 150528 bytes.\n", 96 <unfinished ...>
22549 19:30:12.652857 <... read resumed> "\1\0\0\0\0\0\0\0", 8) = 8 <14.608862>
22533 19:30:12.652965 <... write resumed> ) = 96 <0.000169>
22549 19:30:12.653065 mmap(NULL, 134217728, PROT_NONE, MAP_PRIVATE|MAP_ANONYMOUS|MAP_NORESERVE, -1, 0 <unfinished ...>
22533 19:30:12.653172 write(2, "I external/libedgetpu/driver/single_tpu_request.cc:187] Adding output \"MobilenetV1/Predictions/Reshape_1\" with 1001 bytes.\n", 123 <unfinished ...>
22549 19:30:12.653278 <... mmap resumed> ) = 0xffff98c9a000 <0.000164>
22533 19:30:12.653376 <... write resumed> ) = 123 <0.000157>
22549 19:30:12.653474 munmap(0xffff98c9a000, 53895168 <unfinished ...>
22533 19:30:12.653617 mmap(NULL, 237568, PROT_READ|PROT_WRITE, MAP_PRIVATE|MAP_ANONYMOUS, -1, 0 <unfinished ...>
22549 19:30:12.653722 <... munmap resumed> ) = 0 <0.000165>
22533 19:30:12.653819 <... mmap resumed> ) = 0xffff9bfc6000 <0.000158>
22549 19:30:12.653917 munmap(0xffffa0000000, 13213696) = 0 <0.000185>
22549 19:30:12.654281 mprotect(0xffff9c000000, 135168, PROT_READ|PROT_WRITE <unfinished ...>
22533 19:30:12.654386 write(2, "I external/libedgetpu/driver/device_buffer_mapper.cc:75] Mapped scratch : Buffer(ptr=(nil)) -> 0x0000000000000000, 0 bytes.\n", 124 <unfinished ...>
22549 19:30:12.654497 <... mprotect resumed> ) = 0 <0.000170>
22533 19:30:12.654594 <... write resumed> ) = 124 <0.000157>
22549 19:30:12.654692 futex(0xffffa6fac5d0, FUTEX_WAIT_PRIVATE, 2, NULL <unfinished ...>
22533 19:30:12.654797 futex(0xffffa6fac5d0, FUTEX_WAKE_PRIVATE, 1 <unfinished ...>
22549 19:30:12.654895 <... futex resumed> ) = -1 EAGAIN (Resource temporarily unavailable) <0.000160>
22533 19:30:12.655006 <... futex resumed> ) = 0 <0.000171>
22549 19:30:12.655105 write(2, "I external/libedgetpu/driver/mmio/host_queue.h:416] Completed 1 elements.\n", 74 <unfinished ...>
22533 19:30:12.655211 ioctl(6, _IOC(_IOC_WRITE, 0xdc, 0xc, 0x28) <unfinished ...>
22549 19:30:12.655340 <... write resumed> ) = 74 <0.000188>
22549 19:30:12.655530 futex(0xffffa6fac5d0, FUTEX_WAKE_PRIVATE, 1) = 0 <0.000618>
22549 19:30:12.656888 read(8,  <unfinished ...>
22550 19:30:12.663780 <... read resumed> "\1\0\0\0\0\0\0\0", 8) = 8 <14.521681>
22550 19:30:12.664200 mmap(NULL, 134217728, PROT_NONE, MAP_PRIVATE|MAP_ANONYMOUS|MAP_NORESERVE, -1, 0) = 0xffff93fc6000 <0.000598>
22550 19:30:12.665447 munmap(0xffff93fc6000, 237568) = 0 <0.000364>
22550 19:30:12.666683 munmap(0xffff98000000, 66871296) = 0 <0.000590>
22550 19:30:12.667904 mprotect(0xffff94000000, 135168, PROT_READ|PROT_WRITE) = 0 <0.000118>
22550 19:30:12.668693 write(2, "I external/libedgetpu/driver/single_tpu_request.cc:410] [0] NotifyCompletion()\n", 79) = 79 <0.000601>
22550 19:30:12.669366 futex(0xaaaaf4ee24f0, FUTEX_WAIT_PRIVATE, 2, NULL <unfinished ...>
22533 19:30:13.533377 <... ioctl resumed> , 0xfffff193c610) = 0 <0.878109>
22533 19:30:13.534070 write(2, "I external/libedgetpu/driver/kernel/kernel_mmu_mapper.cc:179] MmuMapper#Map() : 0000ffffa0c9a000 -> 8000000000840000 (37 pages) flags=00000002.\n", 144) = 144 <0.000643>
22533 19:30:13.535425 write(2, "I external/libedgetpu/driver/kernel/kernel_mmu_mapper.cc:192] [Debug Sri] testing\n\n", 83) = 83 <0.000637>
22533 19:30:13.536714 write(2, "I external/libedgetpu/driver/kernel/kernel_mmu_mapper.cc:195] [Debug Sri] ioctl_counter = 5\n\n", 93) = 93 <0.000657>
22533 19:30:13.538083 write(2, "I external/libedgetpu/driver/memory/mmio_address_space.cc:55] MapMemory() page-aligned : device_address = 0x8000000000840000\n", 125) = 125 <0.000180>
22533 19:30:13.538471 futex(0xaaaaf4ee24f0, FUTEX_WAKE_PRIVATE, 1) = 1 <0.000179>
22550 19:30:13.538772 <... futex resumed> ) = 0 <0.869371>
22533 19:30:13.538870 write(2, "I external/libedgetpu/driver/device_buffer_mapper.cc:222] Mapped \"input\" : Buffer(ptr=0xffffa0c9a040) -> 0x8000000000840040, 150528 bytes. Direction=1\n", 151 <unfinished ...>
22550 19:30:13.538977 ioctl(6, _IOC(_IOC_WRITE, 0xdc, 0x9, 0x20) <unfinished ...>
22533 19:30:13.539080 <... write resumed> ) = 151 <0.000162>
22533 19:30:13.539314 futex(0xaaaaf4ee24f0, FUTEX_WAIT_PRIVATE, 2, NULL <unfinished ...>
22550 19:30:14.408922 <... ioctl resumed> , 0xffffa594a7c0) = 0 <0.869886>
22550 19:30:14.409192 write(2, "I external/libedgetpu/driver/kernel/kernel_mmu_mapper.cc:255] MmuMaper#Unmap() : 0000aaaaf4ef1000 -> 8000000000800000 (2 pages).\n", 129) = 129 <0.000122>
22550 19:30:14.409650 write(2, "I external/libedgetpu/driver/memory/mmio_address_space.cc:82] UnmapMemory() page-aligned : device_address = 0x8000000000800000, num_pages = 2\n", 142) = 142 <0.004461>
22550 19:30:14.414311 futex(0xaaaaf4ee24f0, FUTEX_WAKE_PRIVATE, 1 <unfinished ...>
22533 19:30:14.414566 <... futex resumed> ) = 0 <0.875210>
22550 19:30:14.414692 <... futex resumed> ) = 1 <0.000350>
22533 19:30:14.414775 ioctl(6, _IOC(_IOC_WRITE, 0xdc, 0xc, 0x28) <unfinished ...>
22550 19:30:14.414865 write(2, "I external/libedgetpu/driver/single_queue_dma_scheduler.cc:234] Request[0]: Completed\n", 86) = 86 <0.000624>
22550 19:30:14.416157 futex(0xaaaaf4ee8870, FUTEX_WAKE_PRIVATE, 1) = 1 <0.000125>
22536 19:30:14.416384 <... futex resumed> ) = 0 <19.054159>
22550 19:30:14.416470 ioctl(5, _IOC(_IOC_WRITE, 0x7f, 0, 0x10) <unfinished ...>
22536 19:30:14.416557 futex(0xaaaaf4ee8818, FUTEX_WAKE_PRIVATE, 1) = 0 <0.000128>
22536 19:30:14.417347 futex(0xaaaaf4ee86e0, FUTEX_WAIT_PRIVATE, 2, NULL <unfinished ...>
22550 19:30:14.435562 <... ioctl resumed> , 0xffffa594b228) = 0 <0.019058>
22550 19:30:14.436037 read(12,  <unfinished ...>
22533 19:30:14.973739 <... ioctl resumed> , 0xfffff193c610) = 0 <0.558919>
22533 19:30:14.974924 write(2, "I external/libedgetpu/driver/kernel/kernel_mmu_mapper.cc:179] MmuMapper#Map() : 0000aaaaf4efe000 -> 8000000000800000 (1 pages) flags=00000004.\n", 143) = 143 <0.001085>
22533 19:30:14.976337 write(2, "I external/libedgetpu/driver/kernel/kernel_mmu_mapper.cc:192] [Debug Sri] testing\n\n", 83) = 83 <0.000614>
22533 19:30:14.977648 write(2, "I external/libedgetpu/driver/kernel/kernel_mmu_mapper.cc:195] [Debug Sri] ioctl_counter = 6\n\n", 93) = 93 <0.000212>
22533 19:30:14.978594 mmap(NULL, 4096, PROT_READ|PROT_WRITE, MAP_PRIVATE|MAP_ANONYMOUS, -1, 0) = 0xffffa72af000 <0.000447>
22533 19:30:14.979822 write(2, "I external/libedgetpu/driver/kernel/kernel_mmu_mapper.cc:205] [Debug Sri] mmap success\n", 87) = 87 <0.000626>
22533 19:30:14.981134 write(2, "I external/libedgetpu/driver/kernel/kernel_mmu_mapper.cc:208] [Debug Sri] victim_ptr = 0xffffa72af000\n\n", 103) = 103 <0.000643>
22533 19:30:14.982457 write(2, "I external/libedgetpu/driver/kernel/kernel_mmu_mapper.cc:96] [Debug Sri] DoVictimMap() : 0000ffffa72af000 -> 0000000001007000 (1 pages) flags=00000004.\n", 152) = 152 <0.000714>
22533 19:30:14.983411 ioctl(6, _IOC(_IOC_WRITE, 0xdc, 0xc, 0x28), 0xfffff193c5a0) = 0 <0.257291>
22533 19:30:15.240960 write(2, "I external/libedgetpu/driver/kernel/kernel_mmu_mapper.cc:123] MmuMapper#Map() : 0000ffffa72af000 -> 0000000001007000 (4096 pages) flags=00000004.\n", 146) = 146 <0.000174>
22533 19:30:15.241331 madvise(0xffffa72af000, 4096, MADV_DONTNEED) = 0 <0.000146>
22533 19:30:15.241846 munmap(0xffffa72af000, 4096) = 0 <0.000124>
22533 19:30:15.242137 write(2, "I external/libedgetpu/driver/kernel/kernel_mmu_mapper.cc:224] [Debug Sri] Memory unmapped successfully\n\n", 104) = 104 <0.000170>
22533 19:30:15.242498 write(2, "I external/libedgetpu/driver/memory/mmio_address_space.cc:55] MapMemory() page-aligned : device_address = 0x8000000000800000\n", 125) = 125 <0.000116>
22533 19:30:15.242777 futex(0xaaaaf4ee24f0, FUTEX_WAKE_PRIVATE, 1) = 0 <0.000113>
22533 19:30:15.243071 write(2, "I external/libedgetpu/driver/device_buffer_mapper.cc:222] Mapped \"MobilenetV1/Predictions/Reshape_1\" : Buffer(ptr=0xaaaaf4efe000) -> 0x8000000000800000, 1008 bytes. Direction=2\n", 177) = 177 <0.000169>
22533 19:30:15.243480 write(2, "I external/libedgetpu/driver/executable_util.cc:93] Linking input[0]: 0x8000000000840040\n", 89) = 89 <0.000168>
22533 19:30:15.243826 write(2, "I external/libedgetpu/driver/executable_util.cc:93] Linking MobilenetV1/Predictions/Reshape_1[0]: 0x8000000000800000\n", 117) = 117 <0.000116>
22533 19:30:15.244164 ioctl(6, _IOC(_IOC_WRITE, 0xdc, 0xc, 0x28), 0xfffff193c5d0) = 0 <1.074587>
22533 19:30:16.319461 write(2, "I external/libedgetpu/driver/kernel/kernel_mmu_mapper.cc:179] MmuMapper#Map() : 0000ffff9bfc7000 -> 8000000000880000 (56 pages) flags=00000002.\n", 144) = 144 <0.000544>
22533 19:30:16.320225 write(2, "I external/libedgetpu/driver/kernel/kernel_mmu_mapper.cc:192] [Debug Sri] testing\n\n", 83) = 83 <0.000169>
22533 19:30:16.320563 write(2, "I external/libedgetpu/driver/kernel/kernel_mmu_mapper.cc:195] [Debug Sri] ioctl_counter = 7\n\n", 93) = 93 <0.000207>
22533 19:30:16.320960 write(2, "I external/libedgetpu/driver/memory/mmio_address_space.cc:55] MapMemory() page-aligned : device_address = 0x8000000000880000\n", 125) = 125 <0.000406>
22533 19:30:16.322034 write(2, "I external/libedgetpu/driver/device_buffer_mapper.cc:222] Mapped \"instructions\" : Buffer(ptr=0xffff9bfc7000) -> 0x8000000000880000, 225824 bytes. Direction=1\n", 158) = 158 <0.000642>
22533 19:30:16.322910 write(2, "I external/libedgetpu/driver/single_tpu_request.cc:390] [1] NotifyRequestSubmitted()\n", 85) = 85 <0.000168>
22533 19:30:16.323245 write(2, "I external/libedgetpu/driver/single_queue_dma_scheduler.cc:82] Request[1]: Submitted\n", 85) = 85 <0.000168>
22533 19:30:16.323591 ioctl(5, _IOC(_IOC_WRITE, 0x7f, 0, 0x10), 0xfffff193ceb8) = 0 <0.052107>
22533 19:30:16.375909 write(2, "I external/libedgetpu/driver/single_tpu_request.cc:398] [1] NotifyRequestActive()\n", 82) = 82 <0.000172>
22533 19:30:16.376288 write(2, "I external/libedgetpu/driver/mmio/host_queue.h:383] Adding an element to the host queue.\n", 89) = 89 <0.000168>
22533 19:30:16.376635 futex(0xaaaaf4ee86e0, FUTEX_WAKE_PRIVATE, 1) = 1 <0.000167>
22536 19:30:16.376899 <... futex resumed> ) = 0 <1.959520>
22533 19:30:16.376982 futex(0xfffff193d868, FUTEX_WAIT_PRIVATE, 0, NULL <unfinished ...>
22536 19:30:16.377066 futex(0xaaaaf4ee86e0, FUTEX_WAKE_PRIVATE, 1 <unfinished ...>
22549 19:30:16.377274 <... read resumed> "\1\0\0\0\0\0\0\0", 8) = 8 <3.720346>
22536 19:30:16.377363 <... futex resumed> ) = 0 <0.000272>
22549 19:30:16.377445 write(2, "I external/libedgetpu/driver/mmio/host_queue.h:416] Completed 1 elements.\n", 74 <unfinished ...>
22536 19:30:16.377588 futex(0xaaaaf4ee8874, FUTEX_WAIT_PRIVATE, 0, NULL <unfinished ...>
22549 19:30:16.377837 <... write resumed> ) = 74 <0.000360>
22549 19:30:16.378481 read(8,  <unfinished ...>
22550 19:30:16.379057 <... read resumed> "\1\0\0\0\0\0\0\0", 8) = 8 <1.942972>
22550 19:30:16.379243 write(2, "I external/libedgetpu/driver/single_tpu_request.cc:410] [1] NotifyCompletion()\n", 79) = 79 <0.000220>
22550 19:30:16.379639 ioctl(6, _IOC(_IOC_WRITE, 0xdc, 0x9, 0x20), 0xffffa594a7c0) = 0 <12.486675>
22550 19:30:28.866585 write(2, "I external/libedgetpu/driver/kernel/kernel_mmu_mapper.cc:255] MmuMaper#Unmap() : 0000ffff9bfc7000 -> 8000000000880000 (56 pages).\n", 130) = 130 <0.000254>
22550 19:30:28.867071 write(2, "I external/libedgetpu/driver/memory/mmio_address_space.cc:82] UnmapMemory() page-aligned : device_address = 0x8000000000880000, num_pages = 56\n", 143) = 143 <0.000170>
22550 19:30:28.867489 ioctl(6, _IOC(_IOC_WRITE, 0xdc, 0x9, 0x20), 0xffffa594a7c0) = 0 <8.406595>
22550 19:30:37.274347 write(2, "I external/libedgetpu/driver/kernel/kernel_mmu_mapper.cc:255] MmuMaper#Unmap() : 0000ffffa0c9a000 -> 8000000000840000 (37 pages).\n", 130) = 130 <0.000211>
22550 19:30:37.274846 write(2, "I external/libedgetpu/driver/memory/mmio_address_space.cc:82] UnmapMemory() page-aligned : device_address = 0x8000000000840000, num_pages = 37\n", 143) = 143 <0.000177>
22550 19:30:37.275247 ioctl(6, _IOC(_IOC_WRITE, 0xdc, 0x9, 0x20), 0xffffa594a7c0) = 0 <0.653924>
22550 19:30:37.929475 write(2, "I external/libedgetpu/driver/kernel/kernel_mmu_mapper.cc:255] MmuMaper#Unmap() : 0000aaaaf4efe000 -> 8000000000800000 (1 pages).\n", 129) = 129 <0.000621>
22550 19:30:37.930373 write(2, "I external/libedgetpu/driver/memory/mmio_address_space.cc:82] UnmapMemory() page-aligned : device_address = 0x8000000000800000, num_pages = 1\n", 142) = 142 <0.000171>
22550 19:30:37.930819 futex(0xfffff193d868, FUTEX_WAKE_PRIVATE, 2147483647) = 1 <0.000168>
22550 19:30:37.931157 write(2, "I external/libedgetpu/driver/single_queue_dma_scheduler.cc:234] Request[1]: Completed\n", 86 <unfinished ...>
22533 19:30:37.931341 <... futex resumed> ) = 0 <21.554330>
22550 19:30:37.931427 <... write resumed> ) = 86 <0.000238>
22533 19:30:37.931509 futex(0xfffff193d810, FUTEX_WAKE_PRIVATE, 1 <unfinished ...>
22550 19:30:37.931592 futex(0xaaaaf4ee8874, FUTEX_WAKE_PRIVATE, 1 <unfinished ...>
22533 19:30:37.931673 <... futex resumed> ) = 0 <0.000138>
22550 19:30:37.931754 <... futex resumed> ) = 1 <0.000137>
22536 19:30:37.931836 <... futex resumed> ) = 0 <21.554158>
22533 19:30:37.931918 openat(AT_FDCWD, "imagenet_labels.txt", O_RDONLY <unfinished ...>
22550 19:30:37.932016 ioctl(5, _IOC(_IOC_WRITE, 0x7f, 0, 0x10) <unfinished ...>
22533 19:30:37.932103 <... openat resumed> ) = 22 <0.000144>
22536 19:30:37.932189 futex(0xaaaaf4ee8818, FUTEX_WAKE_PRIVATE, 1 <unfinished ...>
22533 19:30:37.932271 read(22,  <unfinished ...>
22536 19:30:37.932541 <... futex resumed> ) = 0 <0.000315>
22536 19:30:37.932695 futex(0xaaaaf4ee8870, FUTEX_WAIT_PRIVATE, 0, NULL <unfinished ...>
22533 19:30:37.942200 <... read resumed> "background\ntench, Tinca tinca\ngoldfish, Carassius auratus\ngreat white shark, white shark, man-eater, man-eating shark, Carcharodon carcharias\ntiger shark, Galeocerdo cuvieri\nhammerhead, hammerhead sha"..., 8191) = 8191 <0.009894>
22533 19:30:37.945002 read(22, "t\nwalking stick, walkingstick, stick insect\ncockroach, roach\nmantis, mantid\ncicada, cicala\nleafhopper\nlacewing, lacewing fly\ndragonfly, darning needle, devil's darning needle, sewing needle, snake fee"..., 8191) = 8191 <0.000648>
22533 19:30:37.948123 brk(0xaaaaf4f2b000) = 0xaaaaf4f2b000 <0.000595>
22533 19:30:37.950553 read(22, "e\npaddlewheel, paddle wheel\npadlock\npaintbrush\npajama, pyjama, pj's, jammies\npalace\npanpipe, pandean pipe, syrinx\npaper towel\nparachute, chute\nparallel bars, bars\npark bench\nparking meter\npassenger ca"..., 8191) = 5304 <0.001982>
22533 19:30:37.955721 read(22, "", 8191) = 0 <0.000567>
22533 19:30:37.956469 close(22)         = 0 <0.000572>
22533 19:30:37.959449 write(1, "---------------------------\n", 28) = 28 <0.000173>
22533 19:30:37.959786 write(1, "Egyptian cat\n", 13) = 13 <0.000114>
22533 19:30:37.960120 write(1, "Score: 0.820312\n", 16) = 16 <0.000168>
22533 19:30:37.960445 write(1, "---------------------------\n", 28) = 28 <0.000113>
22533 19:30:37.960714 write(1, "tiger cat\n", 10) = 10 <0.000166>
22533 19:30:37.961041 write(1, "Score: 0.113281\n", 16) = 16 <0.000113>
22533 19:30:37.961341 write(1, "---------------------------\n", 28) = 28 <0.000174>
22533 19:30:37.961686 write(1, "tabby, tabby cat\n", 17) = 17 <0.000114>
22533 19:30:37.961962 write(1, "Score: 0.0351562\n", 17) = 17 <0.000167>
22533 19:30:37.962705 ioctl(6, _IOC(_IOC_WRITE, 0xdc, 0x9, 0x20) <unfinished ...>
22550 19:30:38.004010 <... ioctl resumed> , 0xffffa594b228) = 0 <0.071953>
22550 19:30:38.004229 read(12,  <unfinished ...>
22533 19:34:33.357604 <... ioctl resumed> , 0xfffff193ce90) = 0 <235.394849>
22533 19:34:33.358325 write(2, "I external/libedgetpu/driver/kernel/kernel_mmu_mapper.cc:255] MmuMaper#Unmap() : 0000ffffa0cc4000 -> 8000000000000000 (1090 pages).\n", 132) = 132 <0.000646>
22533 19:34:33.359665 write(2, "I external/libedgetpu/driver/memory/mmio_address_space.cc:82] UnmapMemory() page-aligned : device_address = 0x8000000000000000, num_pages = 1090\n", 145) = 145 <0.000660>
22533 19:34:33.361053 munmap(0xffff9bfc6000, 237568) = 0 <0.000682>
22533 19:34:33.361934 munmap(0xffffa0cc0000, 4734976) = 0 <0.000652>
22533 19:34:33.362775 munmap(0xffffa0c9a000, 155648) = 0 <0.000154>
22533 19:34:33.363132 write(2, "I external/libedgetpu/tflite/edgetpu_manager_direct.cc:226] Releasing Edge TPU device at /dev/apex_0\n", 101) = 101 <0.000176>
22533 19:34:33.363492 write(2, "I external/libedgetpu/tflite/edgetpu_context_direct.cc:180] Closing Edge TPU device at /dev/apex_0\n", 99) = 99 <0.000169>
22533 19:34:33.363849 ioctl(5, _IOC(_IOC_WRITE, 0x7f, 0, 0x10), 0xfffff193d508) = 0 <0.053356>
22533 19:34:33.418007 write(8, "\1\0\0\0\0\0\0\0", 8) = 8 <0.000241>
22549 19:34:33.418419 <... read resumed> "\1\0\0\0\0\0\0\0", 8) = 8 <257.039906>
22533 19:34:33.418535 futex(0xffffa614d270, FUTEX_WAIT, 22549, NULL <unfinished ...>
22549 19:34:33.419117 madvise(0xffffa594d000, 8253440, MADV_DONTNEED) = 0 <0.000141>
22549 19:34:33.419467 exit(0)           = ?
22533 19:34:33.419873 <... futex resumed> ) = 0 <0.001291>
22549 19:34:33.419988 +++ exited with 0 +++
22533 19:34:33.420031 close(8)          = 0 <0.000184>
22533 19:34:33.420452 close(9)          = 0 <0.000179>
22533 19:34:33.420933 close(10)         = 0 <0.000120>
22533 19:34:33.421347 close(11)         = 0 <0.000165>
22533 19:34:33.421739 write(12, "\1\0\0\0\0\0\0\0", 8) = 8 <0.000238>
22550 19:34:33.422110 <... read resumed> "\1\0\0\0\0\0\0\0", 8) = 8 <235.417847>
22533 19:34:33.422219 futex(0xffffa594c270, FUTEX_WAIT, 22550, NULL <unfinished ...>
22550 19:34:33.422373 madvise(0xffffa514c000, 8253440, MADV_DONTNEED) = 0 <0.000181>
22550 19:34:33.422752 exit(0)           = ?
22533 19:34:33.423074 <... futex resumed> ) = 0 <0.000814>
22550 19:34:33.423164 +++ exited with 0 +++
22533 19:34:33.423192 close(12)         = 0 <0.000114>
22533 19:34:33.423458 write(13, "\1\0\0\0\0\0\0\0", 8) = 8 <0.000167>
22551 19:34:33.423728 <... read resumed> "\1\0\0\0\0\0\0\0", 8) = 8 <275.182193>
22533 19:34:33.423817 futex(0xffffa514b270, FUTEX_WAIT, 22551, NULL <unfinished ...>
22551 19:34:33.423901 madvise(0xffffa494b000, 8253440, MADV_DONTNEED) = 0 <0.000119>
22551 19:34:33.424175 exit(0)           = ?
22533 19:34:33.424495 <... futex resumed> ) = 0 <0.000650>
22551 19:34:33.424584 +++ exited with 0 +++
22533 19:34:33.424611 close(13)         = 0 <0.000113>
22533 19:34:33.424878 write(14, "\1\0\0\0\0\0\0\0", 8) = 8 <0.000168>
22552 19:34:33.425149 <... read resumed> "\1\0\0\0\0\0\0\0", 8) = 8 <275.086159>
22533 19:34:33.425238 futex(0xffffa494a270, FUTEX_WAIT, 22552, NULL <unfinished ...>
22552 19:34:33.425323 madvise(0xffffa414a000, 8253440, MADV_DONTNEED) = 0 <0.000118>
22552 19:34:33.425612 exit(0)           = ?
22533 19:34:33.425937 <... futex resumed> ) = 0 <0.000670>
22552 19:34:33.426027 +++ exited with 0 +++
22533 19:34:33.426054 close(14)         = 0 <0.000114>
22533 19:34:33.426321 write(15, "\1\0\0\0\0\0\0\0", 8) = 8 <0.000173>
22553 19:34:33.426602 <... read resumed> "\1\0\0\0\0\0\0\0", 8) = 8 <274.989520>
22533 19:34:33.426696 futex(0xffffa4149270, FUTEX_WAIT, 22553, NULL <unfinished ...>
22553 19:34:33.426782 madvise(0xffffa3949000, 8253440, MADV_DONTNEED) = 0 <0.000123>
22553 19:34:33.427060 exit(0)           = ?
22533 19:34:33.427382 <... futex resumed> ) = 0 <0.000656>
22553 19:34:33.427469 +++ exited with 0 +++
22533 19:34:33.427497 munmap(0xffffa594d000, 8392704) = 0 <0.000135>
22533 19:34:33.427787 close(15)         = 0 <0.000113>
22533 19:34:33.428053 write(16, "\1\0\0\0\0\0\0\0", 8) = 8 <0.000172>
22554 19:34:33.428367 <... read resumed> "\1\0\0\0\0\0\0\0", 8) = 8 <274.895100>
22533 19:34:33.428457 futex(0xffffa3948270, FUTEX_WAIT, 22554, NULL <unfinished ...>
22554 19:34:33.428540 madvise(0xffffa3148000, 8253440, MADV_DONTNEED) = 0 <0.000119>
22554 19:34:33.428811 exit(0)           = ?
22533 19:34:33.429126 <... futex resumed> ) = 0 <0.000642>
22554 19:34:33.429230 +++ exited with 0 +++
22533 19:34:33.429269 munmap(0xffffa514c000, 8392704) = 0 <0.000141>
22533 19:34:33.429776 close(16)         = 0 <0.000120>
22533 19:34:33.430130 write(17, "\1\0\0\0\0\0\0\0", 8) = 8 <0.000178>
22555 19:34:33.430435 <... read resumed> "\1\0\0\0\0\0\0\0", 8) = 8 <274.800083>
22533 19:34:33.430541 futex(0xffffa3147270, FUTEX_WAIT, 22555, NULL <unfinished ...>
22555 19:34:33.430692 madvise(0xffffa2947000, 8253440, MADV_DONTNEED) = 0 <0.000176>
22555 19:34:33.431043 exit(0)           = ?
22533 19:34:33.431394 <... futex resumed> ) = 0 <0.000813>
22555 19:34:33.431496 +++ exited with 0 +++
22533 19:34:33.431534 munmap(0xffffa494b000, 8392704) = 0 <0.000134>
22533 19:34:33.431961 close(17)         = 0 <0.000120>
22533 19:34:33.432312 write(18, "\1\0\0\0\0\0\0\0", 8) = 8 <0.000231>
22556 19:34:33.432665 <... read resumed> "\1\0\0\0\0\0\0\0", 8) = 8 <274.703289>
22533 19:34:33.432771 futex(0xffffa2946270, FUTEX_WAIT, 22556, NULL <unfinished ...>
22556 19:34:33.432869 madvise(0xffffa2146000, 8253440, MADV_DONTNEED) = 0 <0.000125>
22556 19:34:33.433169 exit(0)           = ?
22533 19:34:33.433542 <... futex resumed> ) = 0 <0.000731>
22556 19:34:33.433627 +++ exited with 0 +++
22533 19:34:33.433666 munmap(0xffffa414a000, 8392704) = 0 <0.000134>
22533 19:34:33.433974 close(18)         = 0 <0.000120>
22533 19:34:33.434269 write(19, "\1\0\0\0\0\0\0\0", 8) = 8 <0.000173>
22557 19:34:33.434564 <... read resumed> "\1\0\0\0\0\0\0\0", 8) = 8 <274.601540>
22533 19:34:33.434670 futex(0xffffa2145270, FUTEX_WAIT, 22557, NULL <unfinished ...>
22557 19:34:33.434768 madvise(0xffffa1945000, 8253440, MADV_DONTNEED) = 0 <0.000126>
22557 19:34:33.435069 exit(0)           = ?
22533 19:34:33.435415 <... futex resumed> ) = 0 <0.000705>
22557 19:34:33.435516 +++ exited with 0 +++
22533 19:34:33.435554 munmap(0xffffa3949000, 8392704) = 0 <0.000132>
22533 19:34:33.435859 close(19)         = 0 <0.000119>
22533 19:34:33.436153 write(20, "\1\0\0\0\0\0\0\0", 8) = 8 <0.000173>
22558 19:34:33.436448 <... read resumed> "\1\0\0\0\0\0\0\0", 8) = 8 <274.503773>
22533 19:34:33.436553 futex(0xffffa1944270, FUTEX_WAIT, 22558, NULL <unfinished ...>
22558 19:34:33.436651 madvise(0xffffa1144000, 8253440, MADV_DONTNEED) = 0 <0.000125>
22558 19:34:33.436950 exit(0)           = ?
22533 19:34:33.437295 <... futex resumed> ) = 0 <0.000703>
22558 19:34:33.437396 +++ exited with 0 +++
22533 19:34:33.437434 munmap(0xffffa3148000, 8392704) = 0 <0.000216>
22533 19:34:33.437831 close(20)         = 0 <0.000120>
22533 19:34:33.438127 close(7)          = 0 <0.020230>
22533 19:34:33.458501 ioctl(6, _IOC(_IOC_WRITE, 0xdc, 0x9, 0x20), 0xfffff193cf40) = 0 <0.427756>
22533 19:34:33.886480 write(2, "I external/libedgetpu/driver/kernel/kernel_mmu_mapper.cc:255] MmuMaper#Unmap() : 0000ffffa72b0000 -> 0000000001000000 (1 pages).\n", 129) = 129 <0.000120>
22533 19:34:33.887257 write(2, "I external/libedgetpu/driver/memory/mmio_address_space.cc:82] UnmapMemory() page-aligned : device_address = 0x0000000001000000, num_pages = 1\n", 142) = 142 <0.000640>
22533 19:34:33.888113 ioctl(6, _IOC(_IOC_WRITE, 0xdc, 0x9, 0x20), 0xfffff193cf40) = 0 <0.427564>
22533 19:34:34.315918 write(2, "I external/libedgetpu/driver/kernel/kernel_mmu_mapper.cc:255] MmuMaper#Unmap() : 0000ffffa72b1000 -> 0000000001001000 (1 pages).\n", 129) = 129 <0.000194>
22533 19:34:34.316333 write(2, "I external/libedgetpu/driver/memory/mmio_address_space.cc:82] UnmapMemory() page-aligned : device_address = 0x0000000001001000, num_pages = 1\n", 142) = 142 <0.000171>
22533 19:34:34.316712 munmap(0xffffa72b0000, 16384) = 0 <0.000133>
22533 19:34:34.317001 ioctl(21, _IOC(_IOC_READ|_IOC_WRITE, 0xdc, 0xb, 0x20), 0xfffff193d468) = 0 <0.355569>
22533 19:34:34.672821 close(21)         = 0 <0.020724>
22533 19:34:34.694233 close(6)          = 0 <0.020590>
22533 19:34:34.717608 close(5)          = 0 <0.020294>
22533 19:34:34.738309 write(2, "I external/libedgetpu/driver/kernel/kernel_registers.cc:122] Closing /dev/apex_0. mmap_offset=0x0000000000040000, mmap_size=4096, read_only=0\n", 142) = 142 <0.000372>
22533 19:34:34.738912 munmap(0xffffa72b6000, 4096) = 0 <0.000120>
22533 19:34:34.739229 write(2, "I external/libedgetpu/driver/kernel/kernel_registers.cc:122] Closing /dev/apex_0. mmap_offset=0x0000000000044000, mmap_size=4096, read_only=0\n", 142) = 142 <0.000224>
22533 19:34:34.739605 munmap(0xffffa72b5000, 4096) = 0 <0.000121>
22533 19:34:34.739904 write(2, "I external/libedgetpu/driver/kernel/kernel_registers.cc:122] Closing /dev/apex_0. mmap_offset=0x0000000000048000, mmap_size=4096, read_only=0\n", 142) = 142 <0.000181>
22533 19:34:34.740268 munmap(0xffffa72b4000, 4096) = 0 <0.000116>
22533 19:34:34.740543 close(4)          = 0 <432.909676>
22533 19:41:47.655553 futex(0xaaaaf4ee8870, FUTEX_WAKE_PRIVATE, 1) = 1 <0.000634>
22536 19:41:47.656329 <... futex resumed> ) = 0 <669.723606>
22533 19:41:47.656415 futex(0xffffa694e270, FUTEX_WAIT, 22536, NULL <unfinished ...>
22536 19:41:47.656500 futex(0xaaaaf4ee8818, FUTEX_WAKE_PRIVATE, 1) = 0 <0.000114>
22536 19:41:47.656781 madvise(0xffffa614e000, 8253440, MADV_DONTNEED) = 0 <0.000131>
22536 19:41:47.657069 exit(0)           = ?
22533 19:41:47.657397 <... futex resumed> ) = 0 <0.000953>
22536 19:41:47.657633 +++ exited with 0 +++
22533 19:41:47.657667 munmap(0xffffa2947000, 8392704) = 0 <0.000143>
22533 19:41:47.657994 munmap(0xffffa694f000, 4749998) = 0 <0.000564>
22533 19:41:47.658714 close(3)          = 0 <0.000117>
22533 19:41:47.659122 exit_group(0)     = ?
22533 19:41:47.660596 +++ exited with 0 +++
