Rank,Function_Name,Operation_Type,Category,Score,Reasoning_Summary,Message_Structures,SMIDs_Identified
1,drivers/gpu/nvgpu/os/linux/linux-dma.c:nvgpu_dma_alloc_flags_sys,functions_by_file,AIARelevantFunction,80,"**AIARelevantFunction Score (80)**: The function `nvgpu_dma_alloc_flags_sys` is involved in allocating DMA memory, which is critical for AI Accelerator (AIA) operations. It uses `dma_alloc_attrs`, ...",[nvgpu_mem; sg_table],[gpu_va; cpu_va; size; aligned_size]
2,drivers/video/tegra/nvmap/nvmap_dmabuf.c:_nvmap_dmabuf_map_dma_buf,functions_by_file,AIARelevantFunction,80,**AIARelevantFunction (80%)**: The function `_nvmap_dmabuf_map_dma_buf` is involved in mapping a DMA buffer for an AI Accelerator (AIA). It utilizes the `dma_map_sg_attrs` function to map the scatt...,[struct dma_buf_attachment; struct sg_table; struct nvmap_handle_info],[dma_address; size; flags; handle; vaddr]
3,drivers/video/tegra/nvmap/nvmap_alloc.c:handle_page_alloc,functions_by_file,AIARelevantFunction,80,"**AIARelevantFunction Score (80)**: The function `handle_page_alloc` is primarily responsible for allocating memory pages, which is a critical operation when integrating with an AI Accelerator (AIA...",[struct nvmap_handle; struct nvmap_client],[size; pages; vaddr; dma_buf; dma_buf_ro]
4,drivers/video/tegra/nvmap/nvmap_alloc.c:alloc_handle_from_va,functions_by_file,AIARelevantFunction,80,**AIARelevantFunction Score (80)**: The function `alloc_handle_from_va` is involved in memory management that is relevant to AI Accelerator integration. It pins user pages to memory using `nvmap_ge...,None,vaddr; size; flags
5,nvgpu_gpu_ioctl_register_buffer,dma_operations,AIARelevantFunction,80,"**AIARelevantFunction Score (80)**: The function `nvgpu_gpu_ioctl_register_buffer` is involved in registering a buffer for use with the GPU, which includes handling DMA buffers. It utilizes `dma_bu...",[struct nvgpu_gpu_register_buffer_args],[dmabuf_fd; metadata_addr; metadata_size]
6,nvgpu_vm_map_buffer,dma_operations,AIARelevantFunction,80,"**AIARelevantFunction Score (80)**: The function `nvgpu_vm_map_buffer` is involved in mapping a DMA buffer to a virtual address space, which is crucial for enabling the AI Accelerator (AIA) to acce...",[vm_gk20a_mapping_batch],[buffer_offset; mapping_size; *map_addr; dmabuf->size; dmabuf->mem]
7,nvgpu_vm_map_buffer,dma_operations,AIARelevantFunction,80,"**AIARelevantFunction Score (80)**: The function `nvgpu_vm_map_buffer` is involved in mapping a DMA buffer to a virtual address space, which is critical for enabling the AI Accelerator (AIA) to acc...",[vm_gk20a_mapping_batch],[dma_buf_fd; buffer_offset; mapping_size; map_addr]
8,nvgpu_vm_map_buffer,dma_operations,AIARelevantFunction,80,"**AIARelevantFunction Score (80)**: The function `nvgpu_vm_map_buffer` is involved in mapping a DMA buffer to a virtual memory space, which is critical for enabling access to shared memory between ...",[vm_gk20a_mapping_batch; dma_buf],[buffer_offset; mapping_size; dmabuf->size; *map_addr]
9,nvgpu_vm_map_buffer,dma_operations,AIARelevantFunction,80,"**AIARelevantFunction Score (80)**: The function `nvgpu_vm_map_buffer` is involved in mapping a DMA buffer to a virtual address space, which is critical for enabling communication between the CPU a...",[vm_gk20a_mapping_batch],[dma_buf_fd; buffer_offset; mapping_size; *map_addr]
10,nvgpu_vm_map_buffer,dma_operations,AIARelevantFunction,80,"**AIARelevantFunction Score (80)**: The function `nvgpu_vm_map_buffer` is involved in mapping a DMA buffer to a virtual memory address space, which is critical for enabling the AI Accelerator (AIA)...",[vm_gk20a_mapping_batch],[dma_buf; gk20a; vm_gk20a]
11,nvgpu_vm_map_buffer,dma_operations,AIARelevantFunction,80,"**AIARelevantFunction Score (80)**: The function `nvgpu_vm_map_buffer` is involved in mapping a DMA buffer to a virtual memory space, which is crucial for enabling an AI Accelerator (AIA) to access...",[vm_gk20a_mapping_batch],[dma_buf; buffer_offset; mapping_size; *map_addr]
12,nvgpu_vm_map_buffer,dma_operations,AIARelevantFunction,80,"**AIARelevantFunction Score (80)**: The function `nvgpu_vm_map_buffer` is involved in mapping a DMA buffer to a virtual address space, which is crucial for enabling an AI Accelerator (AIA) to acces...",[vm_gk20a_mapping_batch],[dma_buf; buffer_offset; mapping_size; *map_addr]
13,nvgpu_mm_pin,dma_operations,AIARelevantFunction,80,"**AIARelevantFunction (80%)**: The function `nvgpu_mm_pin` is involved in memory management related to DMA buffers, which is crucial for AI Accelerator integration. It utilizes `dma_buf_attach` and...",[struct dma_buf; struct dma_buf_attachment],[size; file; attachments; flags; dev; sgt]
14,nvgpu_mm_pin,dma_operations,AIARelevantFunction,80,"**AIARelevantFunction Score (80)**: The function `nvgpu_mm_pin` is involved in memory management for DMA buffers, which is critical for AI Accelerator integration. It utilizes `dma_buf_attach` and ...",[struct dma_buf; struct dma_buf_attachment],[size; file; attachments; sg_table; dev; direction]
15,nvgpu_mm_pin,dma_operations,AIARelevantFunction,80,"**AIARelevantFunction Score (80)**: The function `nvgpu_mm_pin` is involved in memory management for DMA buffers, which is critical for AI Accelerator integration. It utilizes `dma_buf_attach` and ...",[struct dma_buf; struct dma_buf_attachment],[size; file; attachments; flags; dev; sgt]
16,nvgpu_usermode_buf_from_dmabuf,dma_operations,AIARelevantFunction,80,"**AIARelevantFunction Score (80)**: The function `nvgpu_usermode_buf_from_dmabuf` is involved in managing DMA buffers, which is critical for AI Accelerator integration. It retrieves a DMA buffer us...",[struct nvgpu_usermode_buf_linux; struct nvgpu_mem],[gpu_va; dma_buf; sgt; attachment]
17,user_copy:gk20a_channel_ioctl,user_copy_operations,AIARelevantFunction,80,"**AIARelevantFunction Score (80)**: The function `gk20a_channel_ioctl` interacts with various structures that are relevant for managing GPU channels and their operations, which can include memory m...",[nvgpu_alloc_obj_ctx_args; nvgpu_channel_setup_bind_args; nvgpu_alloc_gpfifo_ex_args; nvgpu_wait_args; nvgpu_set_error_notifier; nvgpu_set_timeout_args; nvgpu_set_timeout_ex_args; nvgpu_get_param_args],[chid; tsgid; userd_dmabuf_fd; gpfifo_dmabuf_fd; userd_dmabuf_offset; gpfifo_dmabuf_offset; obj_id]
18,user_copy:gk20a_channel_ioctl,user_copy_operations,AIARelevantFunction,80,"**AIARelevantFunction Score (80)**: The function `gk20a_channel_ioctl` interacts with various structures that manage GPU channels and memory, which are critical for the operation of an AI Accelerat...",[nvgpu_alloc_obj_ctx_args; nvgpu_channel_setup_bind_args; nvgpu_alloc_gpfifo_ex_args; nvgpu_wait_args; nvgpu_set_error_notifier; nvgpu_get_param_args; nvgpu_set_timeout_args; nvgpu_set_timeout_ex_args],[chid; tsgid; userd_dmabuf_fd; gpfifo_dmabuf_fd; userd_dmabuf_offset; gpfifo_dmabuf_offset; obj_id]
19,user_copy:gk20a_ctrl_dev_ioctl,user_copy_operations,AIARelevantFunction,80,**AIARelevantFunction Score (80)**: The function `gk20a_ctrl_dev_ioctl` interacts with various GPU operations and handles commands that are likely related to memory management and configuration for...,[nvgpu_gpu_zcull_get_ctx_size_args; nvgpu_gpu_zcull_get_info_args; nvgpu_gpu_zbc_set_table_args; nvgpu_gpu_zbc_query_table_args; nvgpu_gpu_get_characteristics; nvgpu_gpu_prepare_compressible_read_args; nvgpu_gpu_mark_compressible_write_args; nvgpu_alloc_as_args; nvgpu_gpu_open_tsg_args; nvgpu_gpu_get_tpc_masks_args; nvgpu_gpu_get_fbp_l2_masks_args; nvgpu_channel_open_args; nvgpu_gpu_l2_fb_args; nvgpu_gpu_mmu_debug_mode_args; nvgpu_gpu_sm_debug_mode_args],[handle; offset; va_range_start; va_range_end; va_range_split; syncpt_unit_base; syncpt_unit_size; syncpt_size; userd_iova; userd_offset]
20,user_copy:gk20a_as_dev_ioctl,user_copy_operations,AIARelevantFunction,80,**AIARelevantFunction Score (80)**: The function `gk20a_as_dev_ioctl` interacts with various memory management operations that are relevant for an AI Accelerator (AIA). It handles memory allocation...,[nvgpu_as_bind_channel_args; nvgpu32_as_alloc_space_args; nvgpu_as_alloc_space_args; nvgpu_as_free_space_args; nvgpu_as_map_buffer_ex_args; nvgpu_as_unmap_buffer_args; nvgpu_as_get_va_regions_args; nvgpu_as_map_buffer_batch_args; nvgpu_as_get_sync_ro_map_args; nvgpu_as_mapping_modify_args; nvgpu_as_remap_args],[channel_fd; pages; page_size; flags; offset; buffer_offset; buffer_size; base_gpuva; sync_size; num_syncpoints]
21,user_copy:gk20a_as_dev_ioctl,user_copy_operations,AIARelevantFunction,80,**AIARelevantFunction Score (80)**: The function `gk20a_as_dev_ioctl` is involved in managing memory operations that are crucial for the AI Accelerator (AIA). It handles various IOCTL commands that...,[struct nvgpu_as_bind_channel_args; struct nvgpu32_as_alloc_space_args; struct nvgpu_as_alloc_space_args; struct nvgpu_as_free_space_args; struct nvgpu_as_map_buffer_ex_args; struct nvgpu_as_unmap_buffer_args; struct nvgpu_as_get_va_regions_args; struct nvgpu_as_map_buffer_batch_args; struct nvgpu_as_get_sync_ro_map_args; struct nvgpu_as_mapping_modify_args; struct nvgpu_as_remap_args],[channel_fd; pages; page_size; flags; offset; buffer_offset; buffer_size; base_gpuva]
22,user_copy:nvmap_ioctl_create,user_copy_operations,AIARelevantFunction,80,**AIARelevantFunction Score (80)**: The function `nvmap_ioctl_create` is involved in creating a handle for a shared memory buffer that can be used by an AI Accelerator (AIA). It interacts with DMA ...,[nvmap_create_handle],[handle; handle64; fd; size; orig_size; vaddr; dma_buf; dma_buf_ro]
23,user_copy:nvmap_ioctl_create,user_copy_operations,AIARelevantFunction,80,**AIARelevantFunction (80%)**: The function `nvmap_ioctl_create` is involved in creating a handle for a memory buffer that can be shared with an AI Accelerator (AIA). It interacts with DMA buffers ...,[nvmap_create_handle],[handle; handle64; fd; size; orig_size; vaddr; dma_buf; dma_buf_ro]
24,user_copy:nvgpu_gpu_ioctl_register_buffer,user_copy_operations,AIARelevantFunction,80,"**AIARelevantFunction Score (80)**: The function `nvgpu_gpu_ioctl_register_buffer` is involved in registering a buffer for use with the GPU, which includes handling DMA buffers. It utilizes `dma_bu...",[struct nvgpu_gpu_register_buffer_args],[dmabuf_fd; metadata_addr; metadata_size]
25,user_copy:nvmap_ioctl_create_from_va,user_copy_operations,AIARelevantFunction,80,"**AIARelevantFunction (80%)**: The function `nvmap_ioctl_create_from_va` is involved in creating a handle from a virtual address, which is a critical operation for sharing memory with an AI Acceler...",[nvmap_create_handle_from_va],[va; size; flags; handle]
26,user_copy:nvmap_ioctl_create_from_va,user_copy_operations,AIARelevantFunction,80,"**AIARelevantFunction Score (80)**: The function `nvmap_ioctl_create_from_va` is involved in creating a handle from a virtual address, which is a critical operation for sharing memory with an AI Ac...",[nvmap_create_handle_from_va],[va; size; flags; handle]
27,gk20a_as_dev_ioctl,ioctl_operations,AIARelevantFunction,80,**AIARelevantFunction Score (80)**: The function `gk20a_as_dev_ioctl` is involved in handling various IOCTL commands that are likely related to memory management and operations with the AI Accelera...,[nvgpu_as_bind_channel_args; nvgpu32_as_alloc_space_args; nvgpu_as_alloc_space_args; nvgpu_as_free_space_args; nvgpu_as_map_buffer_ex_args; nvgpu_as_unmap_buffer_args; nvgpu_as_get_va_regions_args; nvgpu_as_map_buffer_batch_args; nvgpu_as_get_sync_ro_map_args; nvgpu_as_mapping_modify_args; nvgpu_as_remap_args],[channel_fd; pages; page_size; flags; offset; buffer_offset; buffer_size; base_gpuva; num_syncpoints]
28,gk20a_as_ioctl_map_buffer_ex,ioctl_operations,AIARelevantFunction,80,**AIARelevantFunction Score (80)**: The function `gk20a_as_ioctl_map_buffer_ex` is responsible for mapping a buffer for the AI Accelerator (AIA) using the `nvgpu_vm_map_buffer` function. This funct...,[nvgpu_as_map_buffer_ex_args],[dmabuf_fd; buffer_offset; mapping_size; offset]
29,drivers/gpu/nvgpu/os/linux/linux-dma.c:nvgpu_dma_alloc_no_iommu,functions_by_file,AIARelevantFunction,70,"**AIARelevantFunction Score (70%)**: The function `nvgpu_dma_alloc_no_iommu` is involved in memory allocation, which is a critical aspect of managing shared memory for AI Accelerators (AIA). It all...",None,None
30,drivers/gpu/nvgpu/os/linux/linux-dma.c:nvgpu_get_sgtable_from_pages,functions_by_file,AIARelevantFunction,70,"**AIARelevantFunction Score (70%)**: The function `nvgpu_get_sgtable_from_pages` is responsible for allocating a scatter-gather table (`sg_table`) from user pages, which is a crucial step in prepar...",None,None
31,drivers/video/tegra/nvmap/nvmap_dmabuf.c:nvmap_get_dmabuf_fd,functions_by_file,AIARelevantFunction,70,**AIARelevantFunction Score (70)**: The function `nvmap_get_dmabuf_fd` is responsible for obtaining a file descriptor for a DMA buffer associated with an NVMAP handle. While it does not directly ma...,[struct nvmap_handle; struct dma_buf],[file descriptor (fd); dma_buf; nvmap_handle]
32,__dma_buf_export,dma_operations,AIARelevantFunction,70,"**AIARelevantFunction Score (70)**: The function `__dma_buf_export` is involved in exporting a DMA buffer, which is relevant for AI Accelerator integration as it deals with memory management that c...",[dma_buf_export_info],[phys_addr_t; dma_buf*; size_t]
33,nvmap_handle_get_from_id,dma_operations,AIARelevantFunction,70,"**AIARelevantFunction Score (70)**: The function `nvmap_handle_get_from_id` interacts with DMA buffers through the `dma_buf` structure, which is crucial for memory management in AI Accelerator cont...",[struct nvmap_handle_info; struct nvmap_handle; struct dma_buf],[dma_buf; nvmap_handle; nvmap_client; size; flags; vaddr]
34,nvmap_handle_get_from_id,dma_operations,AIARelevantFunction,70,"**AIARelevantFunction Score (70)**: The function `nvmap_handle_get_from_id` interacts with DMA buffers through the `dma_buf` structure, which is crucial for memory management in AI Accelerator cont...",[struct nvmap_handle_info; struct nvmap_handle; struct dma_buf],[handle; dma_buf; size; flags; vaddr]
35,nvmap_handle_get_from_id,dma_operations,AIARelevantFunction,70,"**AIARelevantFunction Score (70)**: The function `nvmap_handle_get_from_id` interacts with DMA buffers through the `dma_buf` structure, which is crucial for memory management in the context of AI a...",[struct nvmap_handle_info; struct dma_buf],[dma_buf; nvmap_handle; nvmap_client]
36,nvgpu_gpu_ioctl_register_buffer,dma_operations,AIARelevantFunction,70,"**AIARelevantFunction Score (70)**: The function `nvgpu_gpu_ioctl_register_buffer` interacts with a DMA buffer, which is relevant for AI Accelerator integration. It uses `dma_buf_get` to retrieve a...",[struct nvgpu_gpu_register_buffer_args],[dmabuf_fd; metadata_addr; metadata_size]
37,gk20a_init_error_notifier,dma_operations,AIARelevantFunction,70,**AIARelevantFunction Score (70)**: The function `gk20a_init_error_notifier` interacts with a DMA buffer (`dma_buf`) which is relevant for memory management in the context of AI Accelerators. It re...,[struct nvgpu_set_error_notifier; struct nvgpu_notification; struct dma_buf],[args->mem; dmabuf->size; va; priv->error_notifier.notification; priv->error_notifier.vaddr]
38,nvgpu_os_channel_free_usermode_buffers,dma_operations,AIARelevantFunction,70,"**AIARelevantFunction Score (70)**: The function `nvgpu_os_channel_free_usermode_buffers` is involved in managing user-mode buffers associated with a GPU channel. It interacts with `dma_buf`, which...",[nvgpu_usermode_buf_linux; gpfifo_desc],[dma_buf; userd_iova; userd_mem]
39,nvgpu_os_channel_free_usermode_buffers,dma_operations,AIARelevantFunction,70,"**AIARelevantFunction Score (70)**: The function `nvgpu_os_channel_free_usermode_buffers` is involved in managing user-mode buffers associated with a GPU channel. It interacts with DMA buffers, whi...",[nvgpu_usermode_buf_linux; gpfifo_desc],[dmabuf; attachment; sgt; userd_iova; userd_mem]
40,user_copy:gk20a_as_ioctl_get_va_regions,user_copy_operations,AIARelevantFunction,70,"**AIARelevantFunction (70%)**: The function `gk20a_as_ioctl_get_va_regions` is involved in managing virtual address regions, which is relevant for AI Accelerator integration. It interacts with memo...",[struct nvgpu_as_get_va_regions_args; struct nvgpu_as_va_region],[buf_addr; buf_size; offset; page_size; pages]
41,user_copy:nvmap_ioctl_alloc,user_copy_operations,AIARelevantFunction,70,"**AIARelevantFunction Score (70)**: The function `nvmap_ioctl_alloc` is involved in memory allocation for an AI Accelerator, as it handles the allocation of memory buffers that can be shared with t...",[nvmap_alloc_handle],[handle; heap_mask; flags; align]
42,user_copy:nvmap_install_fd,user_copy_operations,AIARelevantFunction,70,"**AIARelevantFunction Score (70)**: The function `nvmap_install_fd` interacts with a `dma_buf`, which is a critical structure for managing shared memory between the CPU and an AI Accelerator (AIA)....",[nvmap_handle_info; dma_buf],[fd; dma_buf->file; dma_buf->priv]
43,user_copy:nvgpu_ioctl_tsg_dev_ioctl,user_copy_operations,AIARelevantFunction,70,"**AIARelevantFunction Score (70)**: The function `nvgpu_ioctl_tsg_dev_ioctl` interacts with various aspects of the GPU's task scheduling and management, which is relevant for AI Accelerator integra...",[nvgpu_tsg_bind_channel_ex_args; nvgpu_event_id_ctrl_args; nvgpu_runlist_interleave_args; nvgpu_timeslice_args; nvgpu_tsg_read_single_sm_error_state_args; nvgpu_tsg_l2_max_ways_evict_last_args; nvgpu_tsg_set_l2_sector_promotion_args],[channel_fd; event_id; timeslice_us; max_ways; promotion_flag; record_mem; record_size]
44,gk20a_channel_ioctl,ioctl_operations,AIARelevantFunction,70,"**AIARelevantFunction Score (70)**: The function `gk20a_channel_ioctl` interacts with various structures that manage GPU channels and their operations, which may involve shared memory management an...",[nvgpu_alloc_obj_ctx_args; nvgpu_channel_setup_bind_args; nvgpu_alloc_gpfifo_ex_args; nvgpu_submit_gpfifo_args; nvgpu_wait_args; nvgpu_set_error_notifier; nvgpu_set_timeout_args; nvgpu_set_timeout_ex_args; nvgpu_get_param_args],[userd_dmabuf_fd; gpfifo_dmabuf_fd; userd_dmabuf_offset; gpfifo_dmabuf_offset; obj_id]
45,nvmap_ioctl,ioctl_operations,AIARelevantFunction,70,**AIARelevantFunction Score (70)**: The function `nvmap_ioctl` is involved in handling various IOCTL commands that can potentially relate to memory management and operations that might involve an A...,[struct nvmap_rw_handle; struct nvmap_cache_op; struct nvmap_cache_op_32; struct nvmap_cache_op_64],[addr; handle]
46,gk20a_ctrl_dev_ioctl,ioctl_operations,AIARelevantFunction,70,**AIARelevantFunction Score (70)**: The function `gk20a_ctrl_dev_ioctl` interacts with various GPU operations that could involve shared memory management and communication with an AI Accelerator (A...,[nvgpu_gpu_zcull_get_ctx_size_args; nvgpu_gpu_zcull_get_info_args; nvgpu_gpu_zbc_set_table_args; nvgpu_gpu_zbc_query_table_args; nvgpu_gpu_get_characteristics; nvgpu_gpu_prepare_compressible_read_args; nvgpu_gpu_mark_compressible_write_args; nvgpu_alloc_as_args; nvgpu_gpu_open_tsg_args; nvgpu_gpu_get_tpc_masks_args; nvgpu_gpu_get_fbp_l2_masks_args; nvgpu_channel_open_args; nvgpu_gpu_l2_fb_args; nvgpu_gpu_mmu_debug_mode_args; nvgpu_gpu_sm_debug_mode_args],[gpu_instance_id; gr_instance_id; va_range_start; va_range_end; va_range_split; handle; zbc_color; mask_buf_addr]
47,nvmap_ioctl_alloc,ioctl_operations,AIARelevantFunction,70,"**AIARelevantFunction Score (70)**: The function `nvmap_ioctl_alloc` is involved in memory allocation for an AI accelerator, specifically through the use of the `nvmap_alloc_handle` structure. It h...",[struct nvmap_alloc_handle],[handle; size; align; dma_buf; vaddr]
48,nvmap_ioctl_create_from_va,ioctl_operations,AIARelevantFunction,70,"**AIARelevantFunction (70%)**: The function `nvmap_ioctl_create_from_va` is involved in creating a handle from a virtual address, which is relevant for memory management in the context of an AI Acc...",[nvmap_create_handle_from_va],[va; size; flags; handle]
49,nvmap_handle_get_from_id,dma_operations,AIARelevantFunction,60,"**AIARelevantFunction Score (60)**: The function `nvmap_handle_get_from_id` interacts with DMA buffers, which are crucial for memory management in AI Accelerator contexts. It retrieves a `dma_buf` ...",[nvmap_handle_info; dma_buf],[dma_buf*; nvmap_handle*; nvmap_client*]
50,nvmap_ioctl_create,ioctl_operations,AIARelevantFunction,60,"**AIARelevantFunction Score (60%)**: The function `nvmap_ioctl_create` interacts with DMA buffers and handles, which are relevant for AI Accelerator integration. It uses `dma_buf_get` and `dma_buf_...",[nvmap_create_handle],[handle; fd; size; orig_size]
51,nvgpu_dma_free_sys,dma_operations,AIARelevantFunction,40,**AIARelevantFunction Score (40)**: The function `nvgpu_dma_free_sys` is primarily focused on freeing DMA memory associated with the GPU. While it does manage memory that could potentially be share...,[nvgpu_mem],[gpu_va; aligned_size; size; phys_sgt]
52,drivers/gpu/nvgpu/os/linux/linux-dma.c:nvgpu_dma_free_sys,functions_by_file,AIARelevantFunction,20,**AIARelevantFunction Score (20)**: The function `nvgpu_dma_free_sys` primarily deals with freeing DMA memory and does not directly interact with an AI Accelerator (AIA) for memory sharing or manag...,[nvgpu_mem; sg_table],[gpu_va; aligned_size; size; dma_address]
53,drivers/video/tegra/nvmap/nvmap_dmabuf.c:_nvmap_dmabuf_unmap_dma_buf,functions_by_file,AIARelevantFunction,20,**AIARelevantFunction (20%)**: The function `_nvmap_dmabuf_unmap_dma_buf` primarily deals with unmapping a DMA buffer from a device. While it does interact with DMA operations (like `dma_unmap_sg_a...,None,None
54,drivers/gpu/nvgpu/os/linux/linux-dma.c:nvgpu_iommuable,functions_by_file,AIARelevantFunction,0,**AIARelevantFunction Score (0%)**: The function `nvgpu_iommuable` does not interact with shared memory or perform any operations that would typically be associated with an AI Accelerator (AIA). It...,None,None
55,drivers/gpu/nvgpu/os/linux/linux-dma.c:nvgpu_dma_free_no_iommu,functions_by_file,AIARelevantFunction,0,**AIARelevantFunction Score (0%)**: The function `nvgpu_dma_free_no_iommu` is primarily focused on freeing DMA memory without IOMMU support. It does not involve any operations related to sharing me...,None,None
56,drivers/gpu/nvgpu/os/linux/linux-dma.c:nvgpu_free_sgtable,functions_by_file,AIARelevantFunction,0,**AIARelevantFunction Score (0)**: The function `nvgpu_free_sgtable` does not interact with any AI Accelerator (AIA) relevant memory management patterns. It primarily deals with freeing a scatter-g...,None,None
57,drivers/gpu/nvgpu/os/linux/linux-dma.c:nvgpu_dma_flags_to_attrs,functions_by_file,AIARelevantFunction,0,**AIARelevantFunction Score (0%)**: The function `nvgpu_dma_flags_to_attrs` does not interact with shared memory or AI Accelerator (AIA) specific functionalities. It primarily translates DMA flags ...,None,None
58,drivers/gpu/nvgpu/os/linux/platform_gk20a_tegra.c:gk20a_tegra_idle,functions_by_file,AIARelevantFunction,0,**AIARelevantFunction Score (0%)**: The function `gk20a_tegra_idle` does not involve any operations related to shared memory management or interactions with an AI Accelerator (AIA). It primarily ha...,None,None
59,drivers/gpu/nvgpu/os/linux/platform_gk20a_tegra.c:gk20a_tegra_busy,functions_by_file,AIARelevantFunction,0,**AIARelevantFunction Score (0%)**: The function `gk20a_tegra_busy` does not involve any operations related to shared memory (SMem) with an AI Accelerator (AIA). It primarily checks if the `nvhost`...,None,None
60,drivers/video/tegra/nvmap/nvmap_dmabuf.c:dmabuf_is_nvmap,functions_by_file,AIARelevantFunction,0,**AIARelevantFunction Score (0)**: The function `dmabuf_is_nvmap` does not involve any operations related to sharing memory with an AI Accelerator (AIA). It simply checks if the `exp_name` field of...,None,None
61,drivers/video/tegra/nvmap/nvmap_dmabuf.c:nvmap_dmabuf_attach,functions_by_file,AIARelevantFunction,0,**AIARelevantFunction Score (0)**: The function `nvmap_dmabuf_attach` does not directly involve any operations related to sharing memory with an AI Accelerator (AIA). It simply calls another functi...,None,None
62,drivers/video/tegra/nvmap/nvmap_dmabuf.c:nvmap_dmabuf_mmap,functions_by_file,AIARelevantFunction,0,**AIARelevantFunction Score (0)**: The function `nvmap_dmabuf_mmap` does not directly involve any operations related to sharing memory with an AI Accelerator (AIA). It primarily focuses on mapping ...,None,None
63,drivers/video/tegra/nvmap/nvmap_dmabuf.c:nvmap_dmabuf_vmap,functions_by_file,AIARelevantFunction,0,**AIARelevantFunction Score (0)**: The function `nvmap_dmabuf_vmap` does not interact with an AI Accelerator (AIA) or perform any operations related to shared memory management that would typically...,None,None
64,drivers/video/tegra/nvmap/nvmap_dmabuf.c:nvmap_dmabuf_get_drv_data,functions_by_file,AIARelevantFunction,0,**AIARelevantFunction Score (0)**: The function `nvmap_dmabuf_get_drv_data` does not interact with an AI Accelerator (AIA) or shared memory management relevant to AIA. It primarily retrieves driver...,None,None
65,drivers/video/tegra/nvmap/nvmap_dmabuf.c:nvmap_dmabuf_detach,functions_by_file,AIARelevantFunction,0,**AIARelevantFunction Score (0%)**: The function `nvmap_dmabuf_detach` does not involve any operations related to sharing memory with an AI Accelerator (AIA). It primarily deals with detaching a DM...,None,None
66,drivers/video/tegra/nvmap/nvmap_dmabuf.c:nvmap_dmabuf_release,functions_by_file,AIARelevantFunction,0,**AIARelevantFunction Score (0)**: The function `nvmap_dmabuf_release` does not directly involve any operations related to sharing memory with an AI Accelerator (AIA). It primarily focuses on relea...,None,None
67,drivers/video/tegra/nvmap/nvmap_dmabuf.c:nvmap_dmabuf_vunmap,functions_by_file,AIARelevantFunction,0,**AIARelevantFunction Score (0)**: The function `nvmap_dmabuf_vunmap` does not involve any operations that directly relate to sharing memory with an AI Accelerator (AIA). It primarily deals with un...,None,None
68,drivers/video/tegra/nvmap/nvmap_alloc.c:nvmap_alloc_handle,functions_by_file,AIARelevantFunction,0,**AIARelevantFunction Score (0)**: The function `nvmap_alloc_handle` does not directly involve sharing memory with an AI Accelerator (AIA). It primarily focuses on allocating a handle for memory ma...,None,None
69,drivers/video/tegra/nvmap/nvmap_alloc.c:alloc_handle,functions_by_file,AIARelevantFunction,0,**AIARelevantFunction Score (0%)**: The function `alloc_handle` does not directly interact with an AI Accelerator (AIA) or shared memory (SMem) mechanisms. It primarily focuses on allocating memory...,None,None
70,drivers/video/tegra/nvmap/nvmap_alloc.c:nvmap_altalloc,functions_by_file,AIARelevantFunction,0,**AIARelevantFunction Score (0)**: The function `nvmap_altalloc` does not interact with an AI Accelerator (AIA) or perform any operations related to shared memory management that would be relevant ...,None,None
71,drivers/video/tegra/nvmap/nvmap_alloc.c:nvmap_alloc_pages_exact,functions_by_file,AIARelevantFunction,0,"**AIARelevantFunction Score (0)**: The function `nvmap_alloc_pages_exact` is primarily focused on memory allocation using the `alloc_pages` function, which is part of the Linux kernel's memory mana...",None,None
72,drivers/video/tegra/nvmap/nvmap_alloc.c:is_nvmap_id_ro,functions_by_file,AIARelevantFunction,0,**AIARelevantFunction Score (0%)**: The function `is_nvmap_id_ro` does not interact with an AI Accelerator (AIA) or shared memory (SMem) directly. It primarily deals with checking if a given NVMAP ...,None,None
73,drivers/video/tegra/nvmap/nvmap_alloc.c:nvmap_altfree,functions_by_file,AIARelevantFunction,0,**AIARelevantFunction Score (0)**: The function `nvmap_altfree` does not interact with any AI Accelerator (AIA) relevant operations. It is primarily concerned with freeing memory based on the size ...,None,None
74,drivers/video/tegra/nvmap/nvmap_alloc.c:nvmap_alloc_handle_from_va,functions_by_file,AIARelevantFunction,0,**AIARelevantFunction Score (0)**: The function `nvmap_alloc_handle_from_va` does not directly interact with an AI Accelerator (AIA) or perform operations related to shared memory management that w...,None,None
75,drivers/video/tegra/nvmap/nvmap_alloc.c:nvmap_free_handle_from_fd,functions_by_file,AIARelevantFunction,0,**AIARelevantFunction Score (0%)**: The function `nvmap_free_handle_from_fd` does not interact with an AI Accelerator (AIA) or shared memory (SMem) directly. It primarily deals with freeing a handl...,None,None
76,drivers/video/tegra/nvmap/nvmap_alloc.c:nvmap_free_handle,functions_by_file,AIARelevantFunction,0,**AIARelevantFunction Score (0%)**: The function `nvmap_free_handle` does not interact with an AI Accelerator (AIA) or shared memory (SMem) directly. It primarily deals with freeing a handle associ...,None,None
77,drivers/video/tegra/nvmap/nvmap_alloc.c:_nvmap_handle_free,functions_by_file,AIARelevantFunction,0,**AIARelevantFunction Score (0)**: The function `_nvmap_handle_free` does not directly interact with an AI Accelerator (AIA) or manage shared memory (SMem) for an AIA. It primarily focuses on freei...,[struct nvmap_handle; struct nvmap_handle_dmabuf_priv],[vaddr; dmabuf; dmabuf_ro; ivm_id]
78,drivers/video/tegra/nvmap/nvmap_alloc.c:nvmap_heap_pgfree,functions_by_file,AIARelevantFunction,0,**AIARelevantFunction Score (0%)**: The function `nvmap_heap_pgfree` does not involve any operations related to sharing memory with an AI Accelerator (AIA). It primarily deals with freeing memory a...,None,None
79,drivers/video/tegra/nvmap/nvmap_alloc.c:nvmap_heap_pgalloc_dev,functions_by_file,AIARelevantFunction,0,**AIARelevantFunction Score (0)**: The function `nvmap_heap_pgalloc_dev` does not involve any operations related to shared memory management with an AI Accelerator (AIA). It primarily checks the va...,None,None
80,is_nvmap_id_ro,dma_operations,AIARelevantFunction,0,**AIARelevantFunction Score (0%)**: The function `is_nvmap_id_ro` does not interact with an AI Accelerator (AIA) or shared memory (SMem) directly. It primarily deals with the `nvmap_client` and `dm...,None,None
81,nvmap_get_dmabuf_fd,dma_operations,AIARelevantFunction,0,**AIARelevantFunction Score (0%)**: The function `nvmap_get_dmabuf_fd` does not directly involve sharing shared memory with an AI Accelerator (AIA). It primarily deals with exporting a DMA buffer a...,None,None
82,nvmap_ioctl_getfd,dma_operations,AIARelevantFunction,0,**AIARelevantFunction Score (0)**: The function `nvmap_ioctl_getfd` does not directly interact with an AI Accelerator (AIA) or manage shared memory (SMem) in a way that would typically be associate...,[nvmap_create_handle],[fd; handle]
83,gk20a_init_error_notifier,dma_operations,AIARelevantFunction,0,"**AIARelevantFunction Score (0)**: The function `gk20a_init_error_notifier` does not directly involve sharing memory with an AI Accelerator (AIA). Instead, it focuses on initializing an error notif...",[struct nvgpu_set_error_notifier; struct nvgpu_notification],[mem (memory handle); offset; size]
84,gk20a_channel_free_error_notifiers,dma_operations,AIARelevantFunction,0,**AIARelevantFunction Score (0)**: The function `gk20a_channel_free_error_notifiers` does not interact with an AI Accelerator (AIA) or shared memory (SMem) mechanisms. It primarily deals with freei...,None,None
85,gk20a_init_error_notifier,dma_operations,AIARelevantFunction,0,**AIARelevantFunction Score (0)**: The function `gk20a_init_error_notifier` does not directly interact with an AI Accelerator (AIA) or manage shared memory between the CPU and AIA. It primarily dea...,[struct nvgpu_set_error_notifier; struct nvgpu_notification],[mem; offset; size]
86,nvgpu_mm_unpin,dma_operations,AIARelevantFunction,0,**AIARelevantFunction Score (0%)**: The function `nvgpu_mm_unpin` does not involve any operations that directly relate to sharing memory with an AI Accelerator (AIA). It primarily deals with unpinn...,None,None
87,nvgpu_mm_unpin,dma_operations,AIARelevantFunction,0,**AIARelevantFunction Score (0%)**: The function `nvgpu_mm_unpin` does not involve any operations that directly relate to sharing memory with an AI Accelerator (AIA). It primarily deals with unmapp...,None,None
88,nvgpu_vm_unmap_system,dma_operations,AIARelevantFunction,0,**AIARelevantFunction Score (0%)**: The function `nvgpu_vm_unmap_system` does not involve any operations that directly relate to sharing memory with an AI Accelerator (AIA). It primarily focuses on...,None,None
89,nvmap_free_handle,dma_operations,AIARelevantFunction,0,"**AIARelevantFunction Score (0%)**: The function `nvmap_free_handle` does not directly interact with an AI Accelerator (AIA) or manage shared memory for an AIA. Instead, it focuses on freeing a han...",None,None
90,nvmap_free_handle,dma_operations,AIARelevantFunction,0,**AIARelevantFunction Score (0)**: The function `nvmap_free_handle` does not interact with an AI Accelerator (AIA) or shared memory (SMem) directly. It primarily deals with freeing a handle associa...,None,None
91,nvmap_ioctl_free,dma_operations,AIARelevantFunction,0,"**AIARelevantFunction Score (0)**: The function `nvmap_ioctl_free` does not directly interact with an AI Accelerator (AIA) or manage shared memory between the CPU and AIA. Instead, it focuses on fr...",[struct nvmap_client; struct dma_buf],[file descriptor (fd); dma_buf pointer]
92,nvmap_ioctl_free,dma_operations,AIARelevantFunction,0,**AIARelevantFunction Score (0)**: The function `nvmap_ioctl_free` does not directly involve operations that share memory with an AI Accelerator (AIA). It primarily deals with freeing a DMA buffer ...,[struct nvmap_client; struct dma_buf],[fd (file descriptor); dma_buf (handle)]
93,destroy_client,dma_operations,AIARelevantFunction,0,**AIARelevantFunction Score (0%)**: The function `destroy_client` does not involve any operations related to shared memory management or interactions with an AI Accelerator (AIA). It primarily focu...,None,None
94,destroy_client,dma_operations,AIARelevantFunction,0,**AIARelevantFunction Score (0%)**: The function `destroy_client` does not interact with any AI Accelerator (AIA) relevant functions or shared memory management patterns typically associated with A...,None,None
95,user_copy:nvgpu_channel_copy_user_gpfifo,user_copy_operations,AIARelevantFunction,0,**AIARelevantFunction Score (0)**: The function `nvgpu_channel_copy_user_gpfifo` does not directly interact with an AI Accelerator (AIA) or perform operations that are typically associated with AIA...,[struct nvgpu_gpfifo_userdata],[entries]
96,user_copy:nvmap_ioctl_get_available_heaps,user_copy_operations,AIARelevantFunction,0,**AIARelevantFunction Score (0)**: The function `nvmap_ioctl_get_available_heaps` does not directly interact with an AI Accelerator (AIA) or perform operations that involve sharing memory with an A...,[struct nvmap_available_heaps],[None identified]
97,user_copy:gk20a_power_write,user_copy_operations,AIARelevantFunction,0,**AIARelevantFunction Score (0%)**: The function `gk20a_power_write` does not involve any operations related to shared memory (SMem) with an AI Accelerator (AIA). It primarily handles power managem...,None,None
98,user_copy:gk20a_ctrl_dev_ioctl,user_copy_operations,AIARelevantFunction,0,"**AIARelevantFunction Score (0)**: The function `gk20a_ctrl_dev_ioctl` does not directly interact with an AI Accelerator (AIA) or manage shared memory between the CPU and an AIA. Instead, it primar...",[nvgpu_gpu_zcull_get_ctx_size_args; nvgpu_gpu_zcull_get_info_args; nvgpu_gpu_zbc_set_table_args; nvgpu_gpu_zbc_query_table_args; nvgpu_gpu_get_characteristics; nvgpu_gpu_prepare_compressible_read_args; nvgpu_gpu_mark_compressible_write_args; nvgpu_alloc_as_args; nvgpu_gpu_open_tsg_args; nvgpu_gpu_get_tpc_masks_args; nvgpu_gpu_get_fbp_l2_masks_args; nvgpu_channel_open_args; nvgpu_gpu_l2_fb_args; nvgpu_gpu_mmu_debug_mode_args; nvgpu_gpu_sm_debug_mode_args],[as_fd; gpu_characteristics_buf_addr; va_range_start; va_range_end; va_range_split; handle; offset; zbc_color]
99,user_copy:gk20a_ctrl_ioctl_gpu_characteristics,user_copy_operations,AIARelevantFunction,0,**AIARelevantFunction Score (0)**: The function `gk20a_ctrl_ioctl_gpu_characteristics` does not directly involve sharing memory with an AI Accelerator (AIA). It primarily retrieves GPU characterist...,[struct nvgpu_gpu_get_characteristics; struct nvgpu_gpu_characteristics],[gpu_characteristics_buf_addr; gpu_instance_id; gr_instance_id]
100,user_copy:gk20a_ctrl_get_tpc_masks,user_copy_operations,AIARelevantFunction,0,**AIARelevantFunction Score (0)**: The function `gk20a_ctrl_get_tpc_masks` does not interact with an AI Accelerator (AIA) directly. It primarily handles user space requests to copy TPC (Texture Pro...,[struct nvgpu_gpu_get_tpc_masks_args],[mask_buf_addr]
101,user_copy:gk20a_ctrl_get_fbp_l2_masks,user_copy_operations,AIARelevantFunction,0,"**AIARelevantFunction Score (0%)**: The function `gk20a_ctrl_get_fbp_l2_masks` does not interact with an AI Accelerator (AIA) or perform any operations related to shared memory management, DMA, or ...",[struct nvgpu_gpu_get_fbp_l2_masks_args],[mask_buf_addr]
102,user_copy:gk20a_ctrl_vsm_mapping,user_copy_operations,AIARelevantFunction,0,**AIARelevantFunction Score (0)**: The function `gk20a_ctrl_vsm_mapping` does not directly involve sharing memory with an AI Accelerator (AIA). It primarily focuses on mapping GPU virtual shared me...,[struct nvgpu_gpu_vsms_mapping],[vsms_map_buf_addr]
103,user_copy:nvgpu_gpu_get_engine_info,user_copy_operations,AIARelevantFunction,0,"**AIARelevantFunction Score (0)**: The function `nvgpu_gpu_get_engine_info` does not interact with an AI Accelerator (AIA) or perform operations related to shared memory management, DMA, or memory ...",[struct nvgpu_gpu_get_engine_info_args; struct nvgpu_gpu_get_engine_info_item],[engine_info_buf_addr; engine_info_buf_size]
104,user_copy:nvgpu_gpu_clk_get_range,user_copy_operations,AIARelevantFunction,0,**AIARelevantFunction Score (0%)**: The function `nvgpu_gpu_clk_get_range` does not involve sharing memory with an AI Accelerator (AIA) or managing DMA buffers. It primarily deals with retrieving c...,[struct nvgpu_gpu_clk_range_args; struct nvgpu_gpu_clk_range],[clk_range_entries; min_hz; max_hz; clk_domain]
105,user_copy:nvmap_ioctl_query_heap_params,user_copy_operations,AIARelevantFunction,0,**AIARelevantFunction Score (0)**: The function `nvmap_ioctl_query_heap_params` does not directly interact with an AI Accelerator (AIA) or perform operations that involve sharing memory with an AIA...,[struct nvmap_query_heap_params],[heap_mask; total; free; largest_free_block]
106,user_copy:nvmap_ioctl_query_heap_params,user_copy_operations,AIARelevantFunction,0,**AIARelevantFunction Score (0)**: The function `nvmap_ioctl_query_heap_params` does not directly interact with an AI Accelerator (AIA) or perform operations related to shared memory management for...,[nvmap_query_heap_params],[heap_mask; total; free; largest_free_block]
107,user_copy:nvgpu_gpu_clk_get_info,user_copy_operations,AIARelevantFunction,0,**AIARelevantFunction Score (0)**: The function `nvgpu_gpu_clk_get_info` does not interact with an AI Accelerator (AIA) or shared memory (SMem) in a manner typical of AIA-related functions. It prim...,[struct nvgpu_gpu_clk_get_info_args; struct nvgpu_gpu_clk_info],[clk_info_entries]
108,user_copy:nvgpu_gpu_clk_get_info,user_copy_operations,AIARelevantFunction,0,**AIARelevantFunction (0%)**: The function `nvgpu_gpu_clk_get_info` does not interact with an AI Accelerator (AIA) or manage shared memory between the CPU and an AIA. It primarily deals with GPU cl...,[struct nvgpu_gpu_clk_get_info_args; struct nvgpu_gpu_clk_info],[clk_info_entries; clk_domain; freq_hz]
109,user_copy:nvmap_ioctl_getfd,user_copy_operations,AIARelevantFunction,0,**AIARelevantFunction Score (0%)**: The function `nvmap_ioctl_getfd` does not directly interact with an AI Accelerator (AIA) or perform operations related to shared memory management that would typ...,[nvmap_create_handle],[fd; handle]
110,user_copy:nvgpu_ioctl_tsg_dev_ioctl,user_copy_operations,AIARelevantFunction,0,**AIARelevantFunction Score (0)**: The function `nvgpu_ioctl_tsg_dev_ioctl` does not directly involve sharing memory with an AI Accelerator (AIA). It primarily handles IOCTL commands related to the...,[struct nvgpu_tsg_bind_channel_ex_args; struct nvgpu_tsg_bind_scheduling_domain_args; struct nvgpu_runlist_interleave_args; struct nvgpu_timeslice_args; struct nvgpu_tsg_read_single_sm_error_state_args; struct nvgpu_tsg_l2_max_ways_evict_last_args; struct nvgpu_tsg_set_l2_sector_promotion_args],[channel_fd; domain_fd; timeslice_us; sm_id; record_mem; record_size; max_ways; promotion_flag]
111,gk20a_dbg_gpu_dev_release,ioctl_operations,AIARelevantFunction,0,**AIARelevantFunction Score (0%)**: The function `gk20a_dbg_gpu_dev_release` does not involve any operations related to sharing memory with an AI Accelerator (AIA). It primarily deals with releasin...,None,None
112,gk20a_ctrl_dev_release,ioctl_operations,AIARelevantFunction,0,**AIARelevantFunction Score (0%)**: The function `gk20a_ctrl_dev_release` does not interact with shared memory or perform any operations related to an AI Accelerator (AIA). It primarily handles the...,None,None
113,gk20a_ioctl_channel_submit_gpfifo,ioctl_operations,AIARelevantFunction,0,**AIARelevantFunction Score (0)**: The function `gk20a_ioctl_channel_submit_gpfifo` does not directly interact with an AI Accelerator (AIA) or manage shared memory (SMem) in a way that would qualif...,[struct nvgpu_submit_gpfifo_args; struct nvgpu_channel_fence; struct nvgpu_user_fence; struct nvgpu_gpfifo_userdata],[gpfifo (user virtual address); fence.id; fence.value; fence_out.syncpt_id; fence_out.syncpt_value]
114,nvmap_open,ioctl_operations,AIARelevantFunction,0,**AIARelevantFunction Score (0)**: The `nvmap_open` function does not involve any operations related to shared memory (SMem) with an AI Accelerator (AIA). It primarily focuses on opening a device a...,None,None
115,nvmap_ioctl_get_available_heaps,ioctl_operations,AIARelevantFunction,0,**AIARelevantFunction (0%)**: The function `nvmap_ioctl_get_available_heaps` does not directly interact with an AI Accelerator (AIA) or perform operations related to shared memory management for an...,[struct nvmap_available_heaps],[None identified]
116,gk20a_power_open,ioctl_operations,AIARelevantFunction,0,**AIARelevantFunction Score (0%)**: The function `gk20a_power_open` does not involve any operations related to shared memory (SMem) with an AI Accelerator (AIA). It primarily deals with opening a d...,None,None
117,gk20a_power_release,ioctl_operations,AIARelevantFunction,0,**AIARelevantFunction Score (0%)**: The function `gk20a_power_release` does not involve any operations related to shared memory (SMem) with an AI Accelerator (AIA). It primarily deals with releasin...,None,None
118,gk20a_ctrl_dev_open,ioctl_operations,AIARelevantFunction,0,**AIARelevantFunction Score (0%)**: The function `gk20a_ctrl_dev_open` does not interact with shared memory (SMem) or AI Accelerator (AIA) specific functionalities. It primarily handles device open...,None,None
119,gk20a_ctrl_ioctl_gpu_characteristics,ioctl_operations,AIARelevantFunction,0,**AIARelevantFunction Score (0)**: The function `gk20a_ctrl_ioctl_gpu_characteristics` does not directly involve sharing memory with an AI Accelerator (AIA). It primarily retrieves GPU characterist...,[struct nvgpu_gpu_get_characteristics; struct nvgpu_gpu_characteristics],[gpu_characteristics_buf_addr; gpu_instance_id; gr_instance_id]
120,nvgpu_ctrl_ioctl_gpu_characteristics_flags,ioctl_operations,AIARelevantFunction,0,**AIARelevantFunction Score (0)**: The function `nvgpu_ctrl_ioctl_gpu_characteristics_flags` does not interact with shared memory or AI Accelerator (AIA) specific memory management functions. It pr...,None,None
121,nvgpu_get_ioctl_graphics_preempt_mode_flags,ioctl_operations,AIARelevantFunction,0,**AIARelevantFunction Score (0%)**: The function `nvgpu_get_ioctl_graphics_preempt_mode_flags` does not involve any operations related to shared memory (SMem) with an AI Accelerator (AIA). It simpl...,None,None
122,nvgpu_get_ioctl_compute_preempt_mode_flags,ioctl_operations,AIARelevantFunction,0,"**AIARelevantFunction Score (0)**: The function `nvgpu_get_ioctl_compute_preempt_mode_flags` does not involve any operations related to shared memory management, DMA, or memory mapping that are typ...",None,None
123,nvgpu_get_ioctl_graphics_preempt_mode,ioctl_operations,AIARelevantFunction,0,**AIARelevantFunction Score (0)**: The function `nvgpu_get_ioctl_graphics_preempt_mode` does not involve any operations related to shared memory (SMem) with an AI Accelerator (AIA). It simply retur...,None,None
124,nvgpu_get_ioctl_compute_preempt_mode,ioctl_operations,AIARelevantFunction,0,**AIARelevantFunction Score (0)**: The function `nvgpu_get_ioctl_compute_preempt_mode` does not interact with shared memory or perform any operations related to an AI Accelerator (AIA). It simply t...,None,None
125,nvgpu_as_ioctl_get_sync_ro_map,ioctl_operations,AIARelevantFunction,0,**AIARelevantFunction Score (0%)**: The function `nvgpu_as_ioctl_get_sync_ro_map` does not directly involve sharing memory with an AI Accelerator (AIA). It primarily retrieves synchronization infor...,[struct nvgpu_as_get_sync_ro_map_args],[base_gpuva; sync_size; num_syncpoints]
126,gk20a_as_ioctl_get_va_regions,ioctl_operations,AIARelevantFunction,0,"**AIARelevantFunction Score (0)**: The function `gk20a_as_ioctl_get_va_regions` does not directly interact with an AI Accelerator (AIA) or manage shared memory between the CPU and an AIA. Instead, ...",[struct nvgpu_as_get_va_regions_args; struct nvgpu_as_va_region],[buf_addr; offset; pages]
127,gk20a_as_ioctl_alloc_space,ioctl_operations,AIARelevantFunction,0,**AIARelevantFunction Score (0)**: The function `gk20a_as_ioctl_alloc_space` does not directly involve any operations related to sharing memory with an AI Accelerator (AIA). It primarily allocates ...,None,None
128,nvmap_ioctl_query_heap_params,ioctl_operations,AIARelevantFunction,0,**AIARelevantFunction Score (0)**: The function `nvmap_ioctl_query_heap_params` does not directly interact with an AI Accelerator (AIA) or manage shared memory (SMem) in a way that is typical for A...,[struct nvmap_query_heap_params],[heap_mask; total; free; largest_free_block]
129,nvmap_ioctl_getfd,ioctl_operations,AIARelevantFunction,0,**AIARelevantFunction Score (0)**: The function `nvmap_ioctl_getfd` does not directly interact with an AI Accelerator (AIA) or shared memory management for an AIA. It primarily deals with obtaining...,[nvmap_create_handle],[fd; handle]
130,nvgpu_gpu_ioctl_register_buffer,ioctl_operations,AIARelevantFunction,0,**AIARelevantFunction Score (0)**: The function `nvgpu_gpu_ioctl_register_buffer` does not directly interact with an AI Accelerator (AIA) or shared memory (SMem) management for an AIA. It primarily...,[struct nvgpu_gpu_register_buffer_args],[dmabuf_fd; metadata_addr]
131,nvgpu_ioctl_tsg_open,ioctl_operations,AIARelevantFunction,0,**AIARelevantFunction Score (0)**: The function `nvgpu_ioctl_tsg_open` does not interact with an AI Accelerator (AIA) or shared memory (SMem) directly. It primarily deals with opening a task schedu...,None,None
132,nvgpu_ioctl_channel_get_user_syncpoint,ioctl_operations,AIARelevantFunction,0,**AIARelevantFunction Score (0)**: The function `nvgpu_ioctl_channel_get_user_syncpoint` does not directly involve sharing memory with an AI Accelerator (AIA). It primarily deals with user synchron...,[struct nvgpu_get_user_syncpoint_args],[gpu_va; syncpoint_id; syncpoint_max]
133,nvgpu_ioctl_channel_alloc_obj_ctx,ioctl_operations,AIARelevantFunction,0,**AIARelevantFunction Score (0)**: The function `nvgpu_ioctl_channel_alloc_obj_ctx` does not directly involve any operations related to sharing memory with an AI Accelerator (AIA). It primarily all...,None,None
134,gk20a_channel_open_ioctl,ioctl_operations,AIARelevantFunction,0,**AIARelevantFunction Score (0%)**: The function `gk20a_channel_open_ioctl` does not directly involve any operations related to shared memory (SMem) with an AI Accelerator (AIA). It primarily handl...,None,None
135,gk20a_as_ioctl_bind_channel,ioctl_operations,AIARelevantFunction,0,**AIARelevantFunction Score (0)**: The function `gk20a_as_ioctl_bind_channel` does not interact with an AI Accelerator (AIA) or shared memory management relevant to AIA operations. It primarily bin...,None,None
136,nvgpu_ioctl_tsg_dev_ioctl,ioctl_operations,AIARelevantFunction,0,**AIARelevantFunction Score (0)**: The function `nvgpu_ioctl_tsg_dev_ioctl` does not directly involve sharing memory with an AI Accelerator (AIA). It primarily handles IOCTL commands related to the...,[nvgpu_tsg_bind_channel_ex_args; nvgpu_tsg_bind_scheduling_domain_args; nvgpu_event_id_ctrl_args; nvgpu_runlist_interleave_args; nvgpu_timeslice_args; nvgpu_tsg_read_single_sm_error_state_args; nvgpu_tsg_l2_max_ways_evict_last_args; nvgpu_tsg_set_l2_sector_promotion_args],[channel_fd; domain_fd; event_fd; sm_id; record_mem; record_size]
137,gk20a_tsg_ioctl_bind_channel_ex,ioctl_operations,AIARelevantFunction,0,**AIARelevantFunction (0%)**: The function `gk20a_tsg_ioctl_bind_channel_ex` does not directly interact with an AI Accelerator (AIA) or manage shared memory (SMem) in a way that would qualify it as...,[nvgpu_tsg_bind_channel_ex_args],[channel_fd; subcontext_id]
138,nvgpu_gpu_ioctl_set_l2_max_ways_evict_last,ioctl_operations,AIARelevantFunction,0,**AIARelevantFunction Score (0)**: The function `nvgpu_gpu_ioctl_set_l2_max_ways_evict_last` does not involve any operations related to shared memory (SMem) with an AI Accelerator (AIA). It primari...,[struct nvgpu_tsg_l2_max_ways_evict_last_args],[None identified]
139,gk20a_as_ioctl_unmap_buffer,ioctl_operations,AIARelevantFunction,0,**AIARelevantFunction Score (0)**: The function `gk20a_as_ioctl_unmap_buffer` does not involve any operations related to sharing memory with an AI Accelerator (AIA). It primarily focuses on unmappi...,None,None
140,nvmap_ioctl_free,ioctl_operations,AIARelevantFunction,0,"**AIARelevantFunction Score (0%)**: The function `nvmap_ioctl_free` does not directly interact with an AI Accelerator (AIA) or manage shared memory between the CPU and an AIA. Instead, it primarily...",[struct nvmap_client; struct dma_buf],[file descriptor (fd); dma_buf pointer]
141,nvmap_release,ioctl_operations,AIARelevantFunction,0,**AIARelevantFunction Score (0%)**: The `nvmap_release` function does not involve any operations related to shared memory (SMem) with an AI Accelerator (AIA). It primarily handles the release of a ...,None,None
142,gk20a_event_id_release,ioctl_operations,AIARelevantFunction,0,"**AIARelevantFunction Score (0%)**: The function `gk20a_event_id_release` does not involve any operations related to shared memory management, DMA, or memory mapping that would typically be associa...",None,None
143,gk20a_channel_release,ioctl_operations,AIARelevantFunction,0,**AIARelevantFunction Score (0%)**: The function `gk20a_channel_release` does not interact with shared memory or perform any operations that would be relevant to an AI Accelerator (AIA). It primari...,None,None
144,nvgpu_ioctl_tsg_dev_release,ioctl_operations,AIARelevantFunction,0,**AIARelevantFunction Score (0)**: The function `nvgpu_ioctl_tsg_dev_release` does not involve any operations related to sharing memory with an AI Accelerator (AIA). It primarily deals with releasi...,None,None
145,nvgpu_ioctl_tsg_release,ioctl_operations,AIARelevantFunction,0,**AIARelevantFunction Score (0%)**: The function `nvgpu_ioctl_tsg_release` does not involve any operations related to shared memory management or interactions with an AI Accelerator (AIA). It prima...,None,None
146,gk20a_as_dev_release,ioctl_operations,AIARelevantFunction,0,**AIARelevantFunction Score (0%)**: The function `gk20a_as_dev_release` does not perform any operations related to sharing memory with an AI Accelerator (AIA). It simply releases a shared resource ...,None,None
1,user_copy:gk20a_ctrl_ioctl_gpu_characteristics,user_copy_operations,Relevant_KD_Entry_Point,100,**AIARelevantFunction Score (0)**: The function `gk20a_ctrl_ioctl_gpu_characteristics` does not directly involve sharing memory with an AI Accelerator (AIA). It primarily retrieves GPU characterist...,[struct nvgpu_gpu_get_characteristics; struct nvgpu_gpu_characteristics],[gpu_characteristics_buf_addr; gpu_instance_id; gr_instance_id]
2,user_copy:nvgpu_gpu_clk_get_range,user_copy_operations,Relevant_KD_Entry_Point,100,**AIARelevantFunction Score (0%)**: The function `nvgpu_gpu_clk_get_range` does not involve sharing memory with an AI Accelerator (AIA) or managing DMA buffers. It primarily deals with retrieving c...,[struct nvgpu_gpu_clk_range_args; struct nvgpu_gpu_clk_range],[clk_range_entries; min_hz; max_hz; clk_domain]
3,user_copy:nvmap_ioctl_query_heap_params,user_copy_operations,Relevant_KD_Entry_Point,100,**AIARelevantFunction Score (0)**: The function `nvmap_ioctl_query_heap_params` does not directly interact with an AI Accelerator (AIA) or perform operations that involve sharing memory with an AIA...,[struct nvmap_query_heap_params],[heap_mask; total; free; largest_free_block]
4,user_copy:nvmap_ioctl_query_heap_params,user_copy_operations,Relevant_KD_Entry_Point,100,**AIARelevantFunction Score (0)**: The function `nvmap_ioctl_query_heap_params` does not directly interact with an AI Accelerator (AIA) or perform operations related to shared memory management for...,[nvmap_query_heap_params],[heap_mask; total; free; largest_free_block]
5,user_copy:nvgpu_gpu_clk_get_info,user_copy_operations,Relevant_KD_Entry_Point,100,**AIARelevantFunction Score (0)**: The function `nvgpu_gpu_clk_get_info` does not interact with an AI Accelerator (AIA) or shared memory (SMem) in a manner typical of AIA-related functions. It prim...,[struct nvgpu_gpu_clk_get_info_args; struct nvgpu_gpu_clk_info],[clk_info_entries]
6,user_copy:nvmap_ioctl_getfd,user_copy_operations,Relevant_KD_Entry_Point,100,**AIARelevantFunction Score (0%)**: The function `nvmap_ioctl_getfd` does not directly interact with an AI Accelerator (AIA) or perform operations related to shared memory management that would typ...,[nvmap_create_handle],[fd; handle]
7,user_copy:nvgpu_ioctl_tsg_dev_ioctl,user_copy_operations,Relevant_KD_Entry_Point,100,**AIARelevantFunction Score (0)**: The function `nvgpu_ioctl_tsg_dev_ioctl` does not directly involve sharing memory with an AI Accelerator (AIA). It primarily handles IOCTL commands related to the...,[struct nvgpu_tsg_bind_channel_ex_args; struct nvgpu_tsg_bind_scheduling_domain_args; struct nvgpu_runlist_interleave_args; struct nvgpu_timeslice_args; struct nvgpu_tsg_read_single_sm_error_state_args; struct nvgpu_tsg_l2_max_ways_evict_last_args; struct nvgpu_tsg_set_l2_sector_promotion_args],[channel_fd; domain_fd; timeslice_us; sm_id; record_mem; record_size; max_ways; promotion_flag]
8,gk20a_ioctl_channel_submit_gpfifo,ioctl_operations,Relevant_KD_Entry_Point,100,**AIARelevantFunction Score (0)**: The function `gk20a_ioctl_channel_submit_gpfifo` does not directly interact with an AI Accelerator (AIA) or manage shared memory (SMem) in a way that would qualif...,[struct nvgpu_submit_gpfifo_args; struct nvgpu_channel_fence; struct nvgpu_user_fence; struct nvgpu_gpfifo_userdata],[gpfifo (user virtual address); fence.id; fence.value; fence_out.syncpt_id; fence_out.syncpt_value]
9,nvgpu_as_ioctl_get_sync_ro_map,ioctl_operations,Relevant_KD_Entry_Point,100,**AIARelevantFunction Score (0%)**: The function `nvgpu_as_ioctl_get_sync_ro_map` does not directly involve sharing memory with an AI Accelerator (AIA). It primarily retrieves synchronization infor...,[struct nvgpu_as_get_sync_ro_map_args],[base_gpuva; sync_size; num_syncpoints]
10,gk20a_as_ioctl_get_va_regions,ioctl_operations,Relevant_KD_Entry_Point,100,"**AIARelevantFunction Score (0)**: The function `gk20a_as_ioctl_get_va_regions` does not directly interact with an AI Accelerator (AIA) or manage shared memory between the CPU and an AIA. Instead, ...",[struct nvgpu_as_get_va_regions_args; struct nvgpu_as_va_region],[buf_addr; offset; pages]
11,gk20a_as_ioctl_alloc_space,ioctl_operations,Relevant_KD_Entry_Point,100,**AIARelevantFunction Score (0)**: The function `gk20a_as_ioctl_alloc_space` does not directly involve any operations related to sharing memory with an AI Accelerator (AIA). It primarily allocates ...,None,None
12,nvmap_ioctl_query_heap_params,ioctl_operations,Relevant_KD_Entry_Point,100,**AIARelevantFunction Score (0)**: The function `nvmap_ioctl_query_heap_params` does not directly interact with an AI Accelerator (AIA) or manage shared memory (SMem) in a way that is typical for A...,[struct nvmap_query_heap_params],[heap_mask; total; free; largest_free_block]
13,nvmap_ioctl_getfd,ioctl_operations,Relevant_KD_Entry_Point,100,**AIARelevantFunction Score (0)**: The function `nvmap_ioctl_getfd` does not directly interact with an AI Accelerator (AIA) or shared memory management for an AIA. It primarily deals with obtaining...,[nvmap_create_handle],[fd; handle]
14,nvgpu_ioctl_channel_get_user_syncpoint,ioctl_operations,Relevant_KD_Entry_Point,100,**AIARelevantFunction Score (0)**: The function `nvgpu_ioctl_channel_get_user_syncpoint` does not directly involve sharing memory with an AI Accelerator (AIA). It primarily deals with user synchron...,[struct nvgpu_get_user_syncpoint_args],[gpu_va; syncpoint_id; syncpoint_max]
15,nvgpu_ioctl_channel_alloc_obj_ctx,ioctl_operations,Relevant_KD_Entry_Point,100,**AIARelevantFunction Score (0)**: The function `nvgpu_ioctl_channel_alloc_obj_ctx` does not directly involve any operations related to sharing memory with an AI Accelerator (AIA). It primarily all...,None,None
16,gk20a_channel_open_ioctl,ioctl_operations,Relevant_KD_Entry_Point,100,**AIARelevantFunction Score (0%)**: The function `gk20a_channel_open_ioctl` does not directly involve any operations related to shared memory (SMem) with an AI Accelerator (AIA). It primarily handl...,None,None
17,gk20a_as_ioctl_bind_channel,ioctl_operations,Relevant_KD_Entry_Point,100,**AIARelevantFunction Score (0)**: The function `gk20a_as_ioctl_bind_channel` does not interact with an AI Accelerator (AIA) or shared memory management relevant to AIA operations. It primarily bin...,None,None
18,nvgpu_ioctl_tsg_dev_ioctl,ioctl_operations,Relevant_KD_Entry_Point,100,**AIARelevantFunction Score (0)**: The function `nvgpu_ioctl_tsg_dev_ioctl` does not directly involve sharing memory with an AI Accelerator (AIA). It primarily handles IOCTL commands related to the...,[nvgpu_tsg_bind_channel_ex_args; nvgpu_tsg_bind_scheduling_domain_args; nvgpu_event_id_ctrl_args; nvgpu_runlist_interleave_args; nvgpu_timeslice_args; nvgpu_tsg_read_single_sm_error_state_args; nvgpu_tsg_l2_max_ways_evict_last_args; nvgpu_tsg_set_l2_sector_promotion_args],[channel_fd; domain_fd; event_fd; sm_id; record_mem; record_size]
19,nvgpu_gpu_ioctl_set_l2_max_ways_evict_last,ioctl_operations,Relevant_KD_Entry_Point,100,**AIARelevantFunction Score (0)**: The function `nvgpu_gpu_ioctl_set_l2_max_ways_evict_last` does not involve any operations related to shared memory (SMem) with an AI Accelerator (AIA). It primari...,[struct nvgpu_tsg_l2_max_ways_evict_last_args],[None identified]
20,nvgpu_gpu_ioctl_register_buffer,dma_operations,Relevant_KD_Entry_Point,90,"**AIARelevantFunction Score (70)**: The function `nvgpu_gpu_ioctl_register_buffer` interacts with a DMA buffer, which is relevant for AI Accelerator integration. It uses `dma_buf_get` to retrieve a...",[struct nvgpu_gpu_register_buffer_args],[dmabuf_fd; metadata_addr; metadata_size]
21,nvgpu_gpu_ioctl_register_buffer,dma_operations,Relevant_KD_Entry_Point,90,"**AIARelevantFunction Score (80)**: The function `nvgpu_gpu_ioctl_register_buffer` is involved in registering a buffer for use with the GPU, which includes handling DMA buffers. It utilizes `dma_bu...",[struct nvgpu_gpu_register_buffer_args],[dmabuf_fd; metadata_addr; metadata_size]
22,nvgpu_vm_map_buffer,dma_operations,Relevant_KD_Entry_Point,90,"**AIARelevantFunction Score (80)**: The function `nvgpu_vm_map_buffer` is involved in mapping a DMA buffer to a virtual memory address space, which is critical for enabling the AI Accelerator (AIA)...",[vm_gk20a_mapping_batch],[dma_buf; gk20a; vm_gk20a]
23,user_copy:gk20a_channel_ioctl,user_copy_operations,Relevant_KD_Entry_Point,90,"**AIARelevantFunction Score (80)**: The function `gk20a_channel_ioctl` interacts with various structures that are relevant for managing GPU channels and their operations, which can include memory m...",[nvgpu_alloc_obj_ctx_args; nvgpu_channel_setup_bind_args; nvgpu_alloc_gpfifo_ex_args; nvgpu_wait_args; nvgpu_set_error_notifier; nvgpu_set_timeout_args; nvgpu_set_timeout_ex_args; nvgpu_get_param_args],[chid; tsgid; userd_dmabuf_fd; gpfifo_dmabuf_fd; userd_dmabuf_offset; gpfifo_dmabuf_offset; obj_id]
24,user_copy:gk20a_channel_ioctl,user_copy_operations,Relevant_KD_Entry_Point,90,"**AIARelevantFunction Score (80)**: The function `gk20a_channel_ioctl` interacts with various structures that manage GPU channels and memory, which are critical for the operation of an AI Accelerat...",[nvgpu_alloc_obj_ctx_args; nvgpu_channel_setup_bind_args; nvgpu_alloc_gpfifo_ex_args; nvgpu_wait_args; nvgpu_set_error_notifier; nvgpu_get_param_args; nvgpu_set_timeout_args; nvgpu_set_timeout_ex_args],[chid; tsgid; userd_dmabuf_fd; gpfifo_dmabuf_fd; userd_dmabuf_offset; gpfifo_dmabuf_offset; obj_id]
25,user_copy:gk20a_ctrl_dev_ioctl,user_copy_operations,Relevant_KD_Entry_Point,90,"**AIARelevantFunction Score (0)**: The function `gk20a_ctrl_dev_ioctl` does not directly interact with an AI Accelerator (AIA) or manage shared memory between the CPU and an AIA. Instead, it primar...",[nvgpu_gpu_zcull_get_ctx_size_args; nvgpu_gpu_zcull_get_info_args; nvgpu_gpu_zbc_set_table_args; nvgpu_gpu_zbc_query_table_args; nvgpu_gpu_get_characteristics; nvgpu_gpu_prepare_compressible_read_args; nvgpu_gpu_mark_compressible_write_args; nvgpu_alloc_as_args; nvgpu_gpu_open_tsg_args; nvgpu_gpu_get_tpc_masks_args; nvgpu_gpu_get_fbp_l2_masks_args; nvgpu_channel_open_args; nvgpu_gpu_l2_fb_args; nvgpu_gpu_mmu_debug_mode_args; nvgpu_gpu_sm_debug_mode_args],[as_fd; gpu_characteristics_buf_addr; va_range_start; va_range_end; va_range_split; handle; offset; zbc_color]
26,user_copy:gk20a_ctrl_dev_ioctl,user_copy_operations,Relevant_KD_Entry_Point,90,**AIARelevantFunction Score (80)**: The function `gk20a_ctrl_dev_ioctl` interacts with various GPU operations and handles commands that are likely related to memory management and configuration for...,[nvgpu_gpu_zcull_get_ctx_size_args; nvgpu_gpu_zcull_get_info_args; nvgpu_gpu_zbc_set_table_args; nvgpu_gpu_zbc_query_table_args; nvgpu_gpu_get_characteristics; nvgpu_gpu_prepare_compressible_read_args; nvgpu_gpu_mark_compressible_write_args; nvgpu_alloc_as_args; nvgpu_gpu_open_tsg_args; nvgpu_gpu_get_tpc_masks_args; nvgpu_gpu_get_fbp_l2_masks_args; nvgpu_channel_open_args; nvgpu_gpu_l2_fb_args; nvgpu_gpu_mmu_debug_mode_args; nvgpu_gpu_sm_debug_mode_args],[handle; offset; va_range_start; va_range_end; va_range_split; syncpt_unit_base; syncpt_unit_size; syncpt_size; userd_iova; userd_offset]
27,user_copy:gk20a_as_dev_ioctl,user_copy_operations,Relevant_KD_Entry_Point,90,**AIARelevantFunction Score (80)**: The function `gk20a_as_dev_ioctl` interacts with various memory management operations that are relevant for an AI Accelerator (AIA). It handles memory allocation...,[nvgpu_as_bind_channel_args; nvgpu32_as_alloc_space_args; nvgpu_as_alloc_space_args; nvgpu_as_free_space_args; nvgpu_as_map_buffer_ex_args; nvgpu_as_unmap_buffer_args; nvgpu_as_get_va_regions_args; nvgpu_as_map_buffer_batch_args; nvgpu_as_get_sync_ro_map_args; nvgpu_as_mapping_modify_args; nvgpu_as_remap_args],[channel_fd; pages; page_size; flags; offset; buffer_offset; buffer_size; base_gpuva; sync_size; num_syncpoints]
28,user_copy:gk20a_as_dev_ioctl,user_copy_operations,Relevant_KD_Entry_Point,90,**AIARelevantFunction Score (80)**: The function `gk20a_as_dev_ioctl` is involved in managing memory operations that are crucial for the AI Accelerator (AIA). It handles various IOCTL commands that...,[struct nvgpu_as_bind_channel_args; struct nvgpu32_as_alloc_space_args; struct nvgpu_as_alloc_space_args; struct nvgpu_as_free_space_args; struct nvgpu_as_map_buffer_ex_args; struct nvgpu_as_unmap_buffer_args; struct nvgpu_as_get_va_regions_args; struct nvgpu_as_map_buffer_batch_args; struct nvgpu_as_get_sync_ro_map_args; struct nvgpu_as_mapping_modify_args; struct nvgpu_as_remap_args],[channel_fd; pages; page_size; flags; offset; buffer_offset; buffer_size; base_gpuva]
29,user_copy:nvmap_ioctl_create,user_copy_operations,Relevant_KD_Entry_Point,90,**AIARelevantFunction Score (80)**: The function `nvmap_ioctl_create` is involved in creating a handle for a shared memory buffer that can be used by an AI Accelerator (AIA). It interacts with DMA ...,[nvmap_create_handle],[handle; handle64; fd; size; orig_size; vaddr; dma_buf; dma_buf_ro]
30,user_copy:nvmap_ioctl_create,user_copy_operations,Relevant_KD_Entry_Point,90,**AIARelevantFunction (80%)**: The function `nvmap_ioctl_create` is involved in creating a handle for a memory buffer that can be shared with an AI Accelerator (AIA). It interacts with DMA buffers ...,[nvmap_create_handle],[handle; handle64; fd; size; orig_size; vaddr; dma_buf; dma_buf_ro]
31,user_copy:nvmap_ioctl_alloc,user_copy_operations,Relevant_KD_Entry_Point,90,"**AIARelevantFunction Score (70)**: The function `nvmap_ioctl_alloc` is involved in memory allocation for an AI Accelerator, as it handles the allocation of memory buffers that can be shared with t...",[nvmap_alloc_handle],[handle; heap_mask; flags; align]
32,user_copy:nvgpu_gpu_ioctl_register_buffer,user_copy_operations,Relevant_KD_Entry_Point,90,"**AIARelevantFunction Score (80)**: The function `nvgpu_gpu_ioctl_register_buffer` is involved in registering a buffer for use with the GPU, which includes handling DMA buffers. It utilizes `dma_bu...",[struct nvgpu_gpu_register_buffer_args],[dmabuf_fd; metadata_addr; metadata_size]
33,user_copy:nvgpu_ioctl_tsg_dev_ioctl,user_copy_operations,Relevant_KD_Entry_Point,90,"**AIARelevantFunction Score (70)**: The function `nvgpu_ioctl_tsg_dev_ioctl` interacts with various aspects of the GPU's task scheduling and management, which is relevant for AI Accelerator integra...",[nvgpu_tsg_bind_channel_ex_args; nvgpu_event_id_ctrl_args; nvgpu_runlist_interleave_args; nvgpu_timeslice_args; nvgpu_tsg_read_single_sm_error_state_args; nvgpu_tsg_l2_max_ways_evict_last_args; nvgpu_tsg_set_l2_sector_promotion_args],[channel_fd; event_id; timeslice_us; max_ways; promotion_flag; record_mem; record_size]
34,user_copy:nvmap_ioctl_create_from_va,user_copy_operations,Relevant_KD_Entry_Point,90,"**AIARelevantFunction (80%)**: The function `nvmap_ioctl_create_from_va` is involved in creating a handle from a virtual address, which is a critical operation for sharing memory with an AI Acceler...",[nvmap_create_handle_from_va],[va; size; flags; handle]
35,user_copy:nvmap_ioctl_create_from_va,user_copy_operations,Relevant_KD_Entry_Point,90,"**AIARelevantFunction Score (80)**: The function `nvmap_ioctl_create_from_va` is involved in creating a handle from a virtual address, which is a critical operation for sharing memory with an AI Ac...",[nvmap_create_handle_from_va],[va; size; flags; handle]
36,gk20a_channel_ioctl,ioctl_operations,Relevant_KD_Entry_Point,90,"**AIARelevantFunction Score (70)**: The function `gk20a_channel_ioctl` interacts with various structures that manage GPU channels and their operations, which may involve shared memory management an...",[nvgpu_alloc_obj_ctx_args; nvgpu_channel_setup_bind_args; nvgpu_alloc_gpfifo_ex_args; nvgpu_submit_gpfifo_args; nvgpu_wait_args; nvgpu_set_error_notifier; nvgpu_set_timeout_args; nvgpu_set_timeout_ex_args; nvgpu_get_param_args],[userd_dmabuf_fd; gpfifo_dmabuf_fd; userd_dmabuf_offset; gpfifo_dmabuf_offset; obj_id]
37,nvmap_ioctl,ioctl_operations,Relevant_KD_Entry_Point,90,**AIARelevantFunction Score (70)**: The function `nvmap_ioctl` is involved in handling various IOCTL commands that can potentially relate to memory management and operations that might involve an A...,[struct nvmap_rw_handle; struct nvmap_cache_op; struct nvmap_cache_op_32; struct nvmap_cache_op_64],[addr; handle]
38,gk20a_ctrl_dev_ioctl,ioctl_operations,Relevant_KD_Entry_Point,90,**AIARelevantFunction Score (70)**: The function `gk20a_ctrl_dev_ioctl` interacts with various GPU operations that could involve shared memory management and communication with an AI Accelerator (A...,[nvgpu_gpu_zcull_get_ctx_size_args; nvgpu_gpu_zcull_get_info_args; nvgpu_gpu_zbc_set_table_args; nvgpu_gpu_zbc_query_table_args; nvgpu_gpu_get_characteristics; nvgpu_gpu_prepare_compressible_read_args; nvgpu_gpu_mark_compressible_write_args; nvgpu_alloc_as_args; nvgpu_gpu_open_tsg_args; nvgpu_gpu_get_tpc_masks_args; nvgpu_gpu_get_fbp_l2_masks_args; nvgpu_channel_open_args; nvgpu_gpu_l2_fb_args; nvgpu_gpu_mmu_debug_mode_args; nvgpu_gpu_sm_debug_mode_args],[gpu_instance_id; gr_instance_id; va_range_start; va_range_end; va_range_split; handle; zbc_color; mask_buf_addr]
39,gk20a_as_dev_ioctl,ioctl_operations,Relevant_KD_Entry_Point,90,**AIARelevantFunction Score (80)**: The function `gk20a_as_dev_ioctl` is involved in handling various IOCTL commands that are likely related to memory management and operations with the AI Accelera...,[nvgpu_as_bind_channel_args; nvgpu32_as_alloc_space_args; nvgpu_as_alloc_space_args; nvgpu_as_free_space_args; nvgpu_as_map_buffer_ex_args; nvgpu_as_unmap_buffer_args; nvgpu_as_get_va_regions_args; nvgpu_as_map_buffer_batch_args; nvgpu_as_get_sync_ro_map_args; nvgpu_as_mapping_modify_args; nvgpu_as_remap_args],[channel_fd; pages; page_size; flags; offset; buffer_offset; buffer_size; base_gpuva; num_syncpoints]
40,nvmap_ioctl_create,ioctl_operations,Relevant_KD_Entry_Point,90,"**AIARelevantFunction Score (60%)**: The function `nvmap_ioctl_create` interacts with DMA buffers and handles, which are relevant for AI Accelerator integration. It uses `dma_buf_get` and `dma_buf_...",[nvmap_create_handle],[handle; fd; size; orig_size]
41,nvmap_ioctl_alloc,ioctl_operations,Relevant_KD_Entry_Point,90,"**AIARelevantFunction Score (70)**: The function `nvmap_ioctl_alloc` is involved in memory allocation for an AI accelerator, specifically through the use of the `nvmap_alloc_handle` structure. It h...",[struct nvmap_alloc_handle],[handle; size; align; dma_buf; vaddr]
42,nvgpu_gpu_ioctl_register_buffer,ioctl_operations,Relevant_KD_Entry_Point,90,**AIARelevantFunction Score (0)**: The function `nvgpu_gpu_ioctl_register_buffer` does not directly interact with an AI Accelerator (AIA) or shared memory (SMem) management for an AIA. It primarily...,[struct nvgpu_gpu_register_buffer_args],[dmabuf_fd; metadata_addr]
43,gk20a_as_ioctl_map_buffer_ex,ioctl_operations,Relevant_KD_Entry_Point,90,**AIARelevantFunction Score (80)**: The function `gk20a_as_ioctl_map_buffer_ex` is responsible for mapping a buffer for the AI Accelerator (AIA) using the `nvgpu_vm_map_buffer` function. This funct...,[nvgpu_as_map_buffer_ex_args],[dmabuf_fd; buffer_offset; mapping_size; offset]
44,nvmap_ioctl_create_from_va,ioctl_operations,Relevant_KD_Entry_Point,90,"**AIARelevantFunction (70%)**: The function `nvmap_ioctl_create_from_va` is involved in creating a handle from a virtual address, which is relevant for memory management in the context of an AI Acc...",[nvmap_create_handle_from_va],[va; size; flags; handle]
45,nvmap_ioctl_getfd,dma_operations,Relevant_KD_Entry_Point,80,**AIARelevantFunction Score (0)**: The function `nvmap_ioctl_getfd` does not directly interact with an AI Accelerator (AIA) or manage shared memory (SMem) in a way that would typically be associate...,[nvmap_create_handle],[fd; handle]
46,gk20a_init_error_notifier,dma_operations,Relevant_KD_Entry_Point,80,"**AIARelevantFunction Score (0)**: The function `gk20a_init_error_notifier` does not directly involve sharing memory with an AI Accelerator (AIA). Instead, it focuses on initializing an error notif...",[struct nvgpu_set_error_notifier; struct nvgpu_notification],[mem (memory handle); offset; size]
47,gk20a_init_error_notifier,dma_operations,Relevant_KD_Entry_Point,80,**AIARelevantFunction Score (70)**: The function `gk20a_init_error_notifier` interacts with a DMA buffer (`dma_buf`) which is relevant for memory management in the context of AI Accelerators. It re...,[struct nvgpu_set_error_notifier; struct nvgpu_notification; struct dma_buf],[args->mem; dmabuf->size; va; priv->error_notifier.notification; priv->error_notifier.vaddr]
48,nvmap_ioctl_free,dma_operations,Relevant_KD_Entry_Point,80,"**AIARelevantFunction Score (0)**: The function `nvmap_ioctl_free` does not directly interact with an AI Accelerator (AIA) or manage shared memory between the CPU and AIA. Instead, it focuses on fr...",[struct nvmap_client; struct dma_buf],[file descriptor (fd); dma_buf pointer]
49,nvmap_ioctl_free,dma_operations,Relevant_KD_Entry_Point,80,**AIARelevantFunction Score (0)**: The function `nvmap_ioctl_free` does not directly involve operations that share memory with an AI Accelerator (AIA). It primarily deals with freeing a DMA buffer ...,[struct nvmap_client; struct dma_buf],[fd (file descriptor); dma_buf (handle)]
50,user_copy:nvmap_ioctl_get_available_heaps,user_copy_operations,Relevant_KD_Entry_Point,80,**AIARelevantFunction Score (0)**: The function `nvmap_ioctl_get_available_heaps` does not directly interact with an AI Accelerator (AIA) or perform operations that involve sharing memory with an A...,[struct nvmap_available_heaps],[None identified]
51,user_copy:gk20a_as_ioctl_get_va_regions,user_copy_operations,Relevant_KD_Entry_Point,80,"**AIARelevantFunction (70%)**: The function `gk20a_as_ioctl_get_va_regions` is involved in managing virtual address regions, which is relevant for AI Accelerator integration. It interacts with memo...",[struct nvgpu_as_get_va_regions_args; struct nvgpu_as_va_region],[buf_addr; buf_size; offset; page_size; pages]
52,user_copy:nvgpu_gpu_clk_get_info,user_copy_operations,Relevant_KD_Entry_Point,80,**AIARelevantFunction (0%)**: The function `nvgpu_gpu_clk_get_info` does not interact with an AI Accelerator (AIA) or manage shared memory between the CPU and an AIA. It primarily deals with GPU cl...,[struct nvgpu_gpu_clk_get_info_args; struct nvgpu_gpu_clk_info],[clk_info_entries; clk_domain; freq_hz]
53,user_copy:nvmap_install_fd,user_copy_operations,Relevant_KD_Entry_Point,80,"**AIARelevantFunction Score (70)**: The function `nvmap_install_fd` interacts with a `dma_buf`, which is a critical structure for managing shared memory between the CPU and an AI Accelerator (AIA)....",[nvmap_handle_info; dma_buf],[fd; dma_buf->file; dma_buf->priv]
54,nvmap_ioctl_get_available_heaps,ioctl_operations,Relevant_KD_Entry_Point,80,**AIARelevantFunction (0%)**: The function `nvmap_ioctl_get_available_heaps` does not directly interact with an AI Accelerator (AIA) or perform operations related to shared memory management for an...,[struct nvmap_available_heaps],[None identified]
55,gk20a_ctrl_ioctl_gpu_characteristics,ioctl_operations,Relevant_KD_Entry_Point,80,**AIARelevantFunction Score (0)**: The function `gk20a_ctrl_ioctl_gpu_characteristics` does not directly involve sharing memory with an AI Accelerator (AIA). It primarily retrieves GPU characterist...,[struct nvgpu_gpu_get_characteristics; struct nvgpu_gpu_characteristics],[gpu_characteristics_buf_addr; gpu_instance_id; gr_instance_id]
56,nvgpu_ctrl_ioctl_gpu_characteristics_flags,ioctl_operations,Relevant_KD_Entry_Point,80,**AIARelevantFunction Score (0)**: The function `nvgpu_ctrl_ioctl_gpu_characteristics_flags` does not interact with shared memory or AI Accelerator (AIA) specific memory management functions. It pr...,None,None
57,gk20a_tsg_ioctl_bind_channel_ex,ioctl_operations,Relevant_KD_Entry_Point,80,**AIARelevantFunction (0%)**: The function `gk20a_tsg_ioctl_bind_channel_ex` does not directly interact with an AI Accelerator (AIA) or manage shared memory (SMem) in a way that would qualify it as...,[nvgpu_tsg_bind_channel_ex_args],[channel_fd; subcontext_id]
58,nvmap_ioctl_free,ioctl_operations,Relevant_KD_Entry_Point,80,"**AIARelevantFunction Score (0%)**: The function `nvmap_ioctl_free` does not directly interact with an AI Accelerator (AIA) or manage shared memory between the CPU and an AIA. Instead, it primarily...",[struct nvmap_client; struct dma_buf],[file descriptor (fd); dma_buf pointer]
59,nvmap_handle_get_from_id,dma_operations,Relevant_KD_Entry_Point,70,"**AIARelevantFunction Score (60)**: The function `nvmap_handle_get_from_id` interacts with DMA buffers, which are crucial for memory management in AI Accelerator contexts. It retrieves a `dma_buf` ...",[nvmap_handle_info; dma_buf],[dma_buf*; nvmap_handle*; nvmap_client*]
60,nvgpu_vm_map_buffer,dma_operations,Relevant_KD_Entry_Point,70,"**AIARelevantFunction Score (80)**: The function `nvgpu_vm_map_buffer` is involved in mapping a DMA buffer to a virtual address space, which is crucial for enabling the AI Accelerator (AIA) to acce...",[vm_gk20a_mapping_batch],[buffer_offset; mapping_size; *map_addr; dmabuf->size; dmabuf->mem]
61,nvgpu_vm_map_buffer,dma_operations,Relevant_KD_Entry_Point,70,"**AIARelevantFunction Score (80)**: The function `nvgpu_vm_map_buffer` is involved in mapping a DMA buffer to a virtual memory space, which is critical for enabling access to shared memory between ...",[vm_gk20a_mapping_batch; dma_buf],[buffer_offset; mapping_size; dmabuf->size; *map_addr]
62,nvgpu_vm_map_buffer,dma_operations,Relevant_KD_Entry_Point,70,"**AIARelevantFunction Score (80)**: The function `nvgpu_vm_map_buffer` is involved in mapping a DMA buffer to a virtual memory space, which is crucial for enabling an AI Accelerator (AIA) to access...",[vm_gk20a_mapping_batch],[dma_buf; buffer_offset; mapping_size; *map_addr]
63,nvgpu_vm_map_buffer,dma_operations,Relevant_KD_Entry_Point,70,"**AIARelevantFunction Score (80)**: The function `nvgpu_vm_map_buffer` is involved in mapping a DMA buffer to a virtual address space, which is crucial for enabling an AI Accelerator (AIA) to acces...",[vm_gk20a_mapping_batch],[dma_buf; buffer_offset; mapping_size; *map_addr]
64,drivers/gpu/nvgpu/os/linux/linux-dma.c:nvgpu_dma_alloc_flags_sys,functions_by_file,Relevant_KD_Entry_Point,60,"**AIARelevantFunction Score (80)**: The function `nvgpu_dma_alloc_flags_sys` is involved in allocating DMA memory, which is critical for AI Accelerator (AIA) operations. It uses `dma_alloc_attrs`, ...",[nvgpu_mem; sg_table],[gpu_va; cpu_va; size; aligned_size]
65,drivers/video/tegra/nvmap/nvmap_dmabuf.c:nvmap_get_dmabuf_fd,functions_by_file,Relevant_KD_Entry_Point,60,**AIARelevantFunction Score (70)**: The function `nvmap_get_dmabuf_fd` is responsible for obtaining a file descriptor for a DMA buffer associated with an NVMAP handle. While it does not directly ma...,[struct nvmap_handle; struct dma_buf],[file descriptor (fd); dma_buf; nvmap_handle]
66,drivers/video/tegra/nvmap/nvmap_dmabuf.c:_nvmap_dmabuf_map_dma_buf,functions_by_file,Relevant_KD_Entry_Point,60,**AIARelevantFunction (80%)**: The function `_nvmap_dmabuf_map_dma_buf` is involved in mapping a DMA buffer for an AI Accelerator (AIA). It utilizes the `dma_map_sg_attrs` function to map the scatt...,[struct dma_buf_attachment; struct sg_table; struct nvmap_handle_info],[dma_address; size; flags; handle; vaddr]
67,nvmap_handle_get_from_id,dma_operations,Relevant_KD_Entry_Point,60,"**AIARelevantFunction Score (70)**: The function `nvmap_handle_get_from_id` interacts with DMA buffers through the `dma_buf` structure, which is crucial for memory management in AI Accelerator cont...",[struct nvmap_handle_info; struct nvmap_handle; struct dma_buf],[dma_buf; nvmap_handle; nvmap_client; size; flags; vaddr]
68,nvmap_handle_get_from_id,dma_operations,Relevant_KD_Entry_Point,60,"**AIARelevantFunction Score (70)**: The function `nvmap_handle_get_from_id` interacts with DMA buffers through the `dma_buf` structure, which is crucial for memory management in AI Accelerator cont...",[struct nvmap_handle_info; struct nvmap_handle; struct dma_buf],[handle; dma_buf; size; flags; vaddr]
69,nvmap_handle_get_from_id,dma_operations,Relevant_KD_Entry_Point,60,"**AIARelevantFunction Score (70)**: The function `nvmap_handle_get_from_id` interacts with DMA buffers through the `dma_buf` structure, which is crucial for memory management in the context of AI a...",[struct nvmap_handle_info; struct dma_buf],[dma_buf; nvmap_handle; nvmap_client]
70,nvgpu_vm_map_buffer,dma_operations,Relevant_KD_Entry_Point,60,"**AIARelevantFunction Score (80)**: The function `nvgpu_vm_map_buffer` is involved in mapping a DMA buffer to a virtual address space, which is critical for enabling the AI Accelerator (AIA) to acc...",[vm_gk20a_mapping_batch],[dma_buf_fd; buffer_offset; mapping_size; map_addr]
71,nvgpu_vm_map_buffer,dma_operations,Relevant_KD_Entry_Point,60,"**AIARelevantFunction Score (80)**: The function `nvgpu_vm_map_buffer` is involved in mapping a DMA buffer to a virtual address space, which is critical for enabling communication between the CPU a...",[vm_gk20a_mapping_batch],[dma_buf_fd; buffer_offset; mapping_size; *map_addr]
72,drivers/gpu/nvgpu/os/linux/linux-dma.c:nvgpu_iommuable,functions_by_file,Relevant_KD_Entry_Point,0,**AIARelevantFunction Score (0%)**: The function `nvgpu_iommuable` does not interact with shared memory or perform any operations that would typically be associated with an AI Accelerator (AIA). It...,None,None
73,drivers/gpu/nvgpu/os/linux/linux-dma.c:nvgpu_dma_free_sys,functions_by_file,Relevant_KD_Entry_Point,0,**AIARelevantFunction Score (20)**: The function `nvgpu_dma_free_sys` primarily deals with freeing DMA memory and does not directly interact with an AI Accelerator (AIA) for memory sharing or manag...,[nvgpu_mem; sg_table],[gpu_va; aligned_size; size; dma_address]
74,drivers/gpu/nvgpu/os/linux/linux-dma.c:nvgpu_dma_free_no_iommu,functions_by_file,Relevant_KD_Entry_Point,0,**AIARelevantFunction Score (0%)**: The function `nvgpu_dma_free_no_iommu` is primarily focused on freeing DMA memory without IOMMU support. It does not involve any operations related to sharing me...,None,None
75,drivers/gpu/nvgpu/os/linux/linux-dma.c:nvgpu_free_sgtable,functions_by_file,Relevant_KD_Entry_Point,0,**AIARelevantFunction Score (0)**: The function `nvgpu_free_sgtable` does not interact with any AI Accelerator (AIA) relevant memory management patterns. It primarily deals with freeing a scatter-g...,None,None
76,drivers/gpu/nvgpu/os/linux/linux-dma.c:nvgpu_dma_flags_to_attrs,functions_by_file,Relevant_KD_Entry_Point,0,**AIARelevantFunction Score (0%)**: The function `nvgpu_dma_flags_to_attrs` does not interact with shared memory or AI Accelerator (AIA) specific functionalities. It primarily translates DMA flags ...,None,None
77,drivers/gpu/nvgpu/os/linux/linux-dma.c:nvgpu_dma_alloc_no_iommu,functions_by_file,Relevant_KD_Entry_Point,0,"**AIARelevantFunction Score (70%)**: The function `nvgpu_dma_alloc_no_iommu` is involved in memory allocation, which is a critical aspect of managing shared memory for AI Accelerators (AIA). It all...",None,None
78,drivers/gpu/nvgpu/os/linux/linux-dma.c:nvgpu_get_sgtable_from_pages,functions_by_file,Relevant_KD_Entry_Point,0,"**AIARelevantFunction Score (70%)**: The function `nvgpu_get_sgtable_from_pages` is responsible for allocating a scatter-gather table (`sg_table`) from user pages, which is a crucial step in prepar...",None,None
79,drivers/gpu/nvgpu/os/linux/platform_gk20a_tegra.c:gk20a_tegra_idle,functions_by_file,Relevant_KD_Entry_Point,0,**AIARelevantFunction Score (0%)**: The function `gk20a_tegra_idle` does not involve any operations related to shared memory management or interactions with an AI Accelerator (AIA). It primarily ha...,None,None
80,drivers/gpu/nvgpu/os/linux/platform_gk20a_tegra.c:gk20a_tegra_busy,functions_by_file,Relevant_KD_Entry_Point,0,**AIARelevantFunction Score (0%)**: The function `gk20a_tegra_busy` does not involve any operations related to shared memory (SMem) with an AI Accelerator (AIA). It primarily checks if the `nvhost`...,None,None
81,drivers/video/tegra/nvmap/nvmap_dmabuf.c:dmabuf_is_nvmap,functions_by_file,Relevant_KD_Entry_Point,0,**AIARelevantFunction Score (0)**: The function `dmabuf_is_nvmap` does not involve any operations related to sharing memory with an AI Accelerator (AIA). It simply checks if the `exp_name` field of...,None,None
82,drivers/video/tegra/nvmap/nvmap_dmabuf.c:nvmap_dmabuf_attach,functions_by_file,Relevant_KD_Entry_Point,0,**AIARelevantFunction Score (0)**: The function `nvmap_dmabuf_attach` does not directly involve any operations related to sharing memory with an AI Accelerator (AIA). It simply calls another functi...,None,None
83,drivers/video/tegra/nvmap/nvmap_dmabuf.c:nvmap_dmabuf_mmap,functions_by_file,Relevant_KD_Entry_Point,0,**AIARelevantFunction Score (0)**: The function `nvmap_dmabuf_mmap` does not directly involve any operations related to sharing memory with an AI Accelerator (AIA). It primarily focuses on mapping ...,None,None
84,drivers/video/tegra/nvmap/nvmap_dmabuf.c:nvmap_dmabuf_vmap,functions_by_file,Relevant_KD_Entry_Point,0,**AIARelevantFunction Score (0)**: The function `nvmap_dmabuf_vmap` does not interact with an AI Accelerator (AIA) or perform any operations related to shared memory management that would typically...,None,None
85,drivers/video/tegra/nvmap/nvmap_dmabuf.c:_nvmap_dmabuf_unmap_dma_buf,functions_by_file,Relevant_KD_Entry_Point,0,**AIARelevantFunction (20%)**: The function `_nvmap_dmabuf_unmap_dma_buf` primarily deals with unmapping a DMA buffer from a device. While it does interact with DMA operations (like `dma_unmap_sg_a...,None,None
86,drivers/video/tegra/nvmap/nvmap_dmabuf.c:nvmap_dmabuf_get_drv_data,functions_by_file,Relevant_KD_Entry_Point,0,**AIARelevantFunction Score (0)**: The function `nvmap_dmabuf_get_drv_data` does not interact with an AI Accelerator (AIA) or shared memory management relevant to AIA. It primarily retrieves driver...,None,None
87,drivers/video/tegra/nvmap/nvmap_dmabuf.c:nvmap_dmabuf_detach,functions_by_file,Relevant_KD_Entry_Point,0,**AIARelevantFunction Score (0%)**: The function `nvmap_dmabuf_detach` does not involve any operations related to sharing memory with an AI Accelerator (AIA). It primarily deals with detaching a DM...,None,None
88,drivers/video/tegra/nvmap/nvmap_dmabuf.c:nvmap_dmabuf_release,functions_by_file,Relevant_KD_Entry_Point,0,**AIARelevantFunction Score (0)**: The function `nvmap_dmabuf_release` does not directly involve any operations related to sharing memory with an AI Accelerator (AIA). It primarily focuses on relea...,None,None
89,drivers/video/tegra/nvmap/nvmap_dmabuf.c:nvmap_dmabuf_vunmap,functions_by_file,Relevant_KD_Entry_Point,0,**AIARelevantFunction Score (0)**: The function `nvmap_dmabuf_vunmap` does not involve any operations that directly relate to sharing memory with an AI Accelerator (AIA). It primarily deals with un...,None,None
90,drivers/video/tegra/nvmap/nvmap_alloc.c:nvmap_alloc_handle,functions_by_file,Relevant_KD_Entry_Point,0,**AIARelevantFunction Score (0)**: The function `nvmap_alloc_handle` does not directly involve sharing memory with an AI Accelerator (AIA). It primarily focuses on allocating a handle for memory ma...,None,None
91,drivers/video/tegra/nvmap/nvmap_alloc.c:alloc_handle,functions_by_file,Relevant_KD_Entry_Point,0,**AIARelevantFunction Score (0%)**: The function `alloc_handle` does not directly interact with an AI Accelerator (AIA) or shared memory (SMem) mechanisms. It primarily focuses on allocating memory...,None,None
92,drivers/video/tegra/nvmap/nvmap_alloc.c:handle_page_alloc,functions_by_file,Relevant_KD_Entry_Point,0,"**AIARelevantFunction Score (80)**: The function `handle_page_alloc` is primarily responsible for allocating memory pages, which is a critical operation when integrating with an AI Accelerator (AIA...",[struct nvmap_handle; struct nvmap_client],[size; pages; vaddr; dma_buf; dma_buf_ro]
93,drivers/video/tegra/nvmap/nvmap_alloc.c:nvmap_altalloc,functions_by_file,Relevant_KD_Entry_Point,0,**AIARelevantFunction Score (0)**: The function `nvmap_altalloc` does not interact with an AI Accelerator (AIA) or perform any operations related to shared memory management that would be relevant ...,None,None
94,drivers/video/tegra/nvmap/nvmap_alloc.c:nvmap_alloc_pages_exact,functions_by_file,Relevant_KD_Entry_Point,0,"**AIARelevantFunction Score (0)**: The function `nvmap_alloc_pages_exact` is primarily focused on memory allocation using the `alloc_pages` function, which is part of the Linux kernel's memory mana...",None,None
95,drivers/video/tegra/nvmap/nvmap_alloc.c:is_nvmap_id_ro,functions_by_file,Relevant_KD_Entry_Point,0,**AIARelevantFunction Score (0%)**: The function `is_nvmap_id_ro` does not interact with an AI Accelerator (AIA) or shared memory (SMem) directly. It primarily deals with checking if a given NVMAP ...,None,None
96,drivers/video/tegra/nvmap/nvmap_alloc.c:nvmap_altfree,functions_by_file,Relevant_KD_Entry_Point,0,**AIARelevantFunction Score (0)**: The function `nvmap_altfree` does not interact with any AI Accelerator (AIA) relevant operations. It is primarily concerned with freeing memory based on the size ...,None,None
97,drivers/video/tegra/nvmap/nvmap_alloc.c:nvmap_alloc_handle_from_va,functions_by_file,Relevant_KD_Entry_Point,0,**AIARelevantFunction Score (0)**: The function `nvmap_alloc_handle_from_va` does not directly interact with an AI Accelerator (AIA) or perform operations related to shared memory management that w...,None,None
98,drivers/video/tegra/nvmap/nvmap_alloc.c:alloc_handle_from_va,functions_by_file,Relevant_KD_Entry_Point,0,**AIARelevantFunction Score (80)**: The function `alloc_handle_from_va` is involved in memory management that is relevant to AI Accelerator integration. It pins user pages to memory using `nvmap_ge...,None,vaddr; size; flags
99,drivers/video/tegra/nvmap/nvmap_alloc.c:nvmap_free_handle_from_fd,functions_by_file,Relevant_KD_Entry_Point,0,**AIARelevantFunction Score (0%)**: The function `nvmap_free_handle_from_fd` does not interact with an AI Accelerator (AIA) or shared memory (SMem) directly. It primarily deals with freeing a handl...,None,None
100,drivers/video/tegra/nvmap/nvmap_alloc.c:nvmap_free_handle,functions_by_file,Relevant_KD_Entry_Point,0,**AIARelevantFunction Score (0%)**: The function `nvmap_free_handle` does not interact with an AI Accelerator (AIA) or shared memory (SMem) directly. It primarily deals with freeing a handle associ...,None,None
101,drivers/video/tegra/nvmap/nvmap_alloc.c:_nvmap_handle_free,functions_by_file,Relevant_KD_Entry_Point,0,**AIARelevantFunction Score (0)**: The function `_nvmap_handle_free` does not directly interact with an AI Accelerator (AIA) or manage shared memory (SMem) for an AIA. It primarily focuses on freei...,[struct nvmap_handle; struct nvmap_handle_dmabuf_priv],[vaddr; dmabuf; dmabuf_ro; ivm_id]
102,drivers/video/tegra/nvmap/nvmap_alloc.c:nvmap_heap_pgfree,functions_by_file,Relevant_KD_Entry_Point,0,**AIARelevantFunction Score (0%)**: The function `nvmap_heap_pgfree` does not involve any operations related to sharing memory with an AI Accelerator (AIA). It primarily deals with freeing memory a...,None,None
103,drivers/video/tegra/nvmap/nvmap_alloc.c:nvmap_heap_pgalloc_dev,functions_by_file,Relevant_KD_Entry_Point,0,**AIARelevantFunction Score (0)**: The function `nvmap_heap_pgalloc_dev` does not involve any operations related to shared memory management with an AI Accelerator (AIA). It primarily checks the va...,None,None
104,nvgpu_dma_free_sys,dma_operations,Relevant_KD_Entry_Point,0,**AIARelevantFunction Score (40)**: The function `nvgpu_dma_free_sys` is primarily focused on freeing DMA memory associated with the GPU. While it does manage memory that could potentially be share...,[nvgpu_mem],[gpu_va; aligned_size; size; phys_sgt]
105,__dma_buf_export,dma_operations,Relevant_KD_Entry_Point,0,"**AIARelevantFunction Score (70)**: The function `__dma_buf_export` is involved in exporting a DMA buffer, which is relevant for AI Accelerator integration as it deals with memory management that c...",[dma_buf_export_info],[phys_addr_t; dma_buf*; size_t]
106,is_nvmap_id_ro,dma_operations,Relevant_KD_Entry_Point,0,**AIARelevantFunction Score (0%)**: The function `is_nvmap_id_ro` does not interact with an AI Accelerator (AIA) or shared memory (SMem) directly. It primarily deals with the `nvmap_client` and `dm...,None,None
107,nvmap_get_dmabuf_fd,dma_operations,Relevant_KD_Entry_Point,0,**AIARelevantFunction Score (0%)**: The function `nvmap_get_dmabuf_fd` does not directly involve sharing shared memory with an AI Accelerator (AIA). It primarily deals with exporting a DMA buffer a...,None,None
108,nvgpu_mm_pin,dma_operations,Relevant_KD_Entry_Point,0,"**AIARelevantFunction (80%)**: The function `nvgpu_mm_pin` is involved in memory management related to DMA buffers, which is crucial for AI Accelerator integration. It utilizes `dma_buf_attach` and...",[struct dma_buf; struct dma_buf_attachment],[size; file; attachments; flags; dev; sgt]
109,nvgpu_mm_pin,dma_operations,Relevant_KD_Entry_Point,0,"**AIARelevantFunction Score (80)**: The function `nvgpu_mm_pin` is involved in memory management for DMA buffers, which is critical for AI Accelerator integration. It utilizes `dma_buf_attach` and ...",[struct dma_buf; struct dma_buf_attachment],[size; file; attachments; sg_table; dev; direction]
110,nvgpu_mm_pin,dma_operations,Relevant_KD_Entry_Point,0,"**AIARelevantFunction Score (80)**: The function `nvgpu_mm_pin` is involved in memory management for DMA buffers, which is critical for AI Accelerator integration. It utilizes `dma_buf_attach` and ...",[struct dma_buf; struct dma_buf_attachment],[size; file; attachments; flags; dev; sgt]
111,nvgpu_usermode_buf_from_dmabuf,dma_operations,Relevant_KD_Entry_Point,0,"**AIARelevantFunction Score (80)**: The function `nvgpu_usermode_buf_from_dmabuf` is involved in managing DMA buffers, which is critical for AI Accelerator integration. It retrieves a DMA buffer us...",[struct nvgpu_usermode_buf_linux; struct nvgpu_mem],[gpu_va; dma_buf; sgt; attachment]
112,gk20a_channel_free_error_notifiers,dma_operations,Relevant_KD_Entry_Point,0,**AIARelevantFunction Score (0)**: The function `gk20a_channel_free_error_notifiers` does not interact with an AI Accelerator (AIA) or shared memory (SMem) mechanisms. It primarily deals with freei...,None,None
113,gk20a_init_error_notifier,dma_operations,Relevant_KD_Entry_Point,0,**AIARelevantFunction Score (0)**: The function `gk20a_init_error_notifier` does not directly interact with an AI Accelerator (AIA) or manage shared memory between the CPU and AIA. It primarily dea...,[struct nvgpu_set_error_notifier; struct nvgpu_notification],[mem; offset; size]
114,nvgpu_mm_unpin,dma_operations,Relevant_KD_Entry_Point,0,**AIARelevantFunction Score (0%)**: The function `nvgpu_mm_unpin` does not involve any operations that directly relate to sharing memory with an AI Accelerator (AIA). It primarily deals with unpinn...,None,None
115,nvgpu_mm_unpin,dma_operations,Relevant_KD_Entry_Point,0,**AIARelevantFunction Score (0%)**: The function `nvgpu_mm_unpin` does not involve any operations that directly relate to sharing memory with an AI Accelerator (AIA). It primarily deals with unmapp...,None,None
116,nvgpu_vm_unmap_system,dma_operations,Relevant_KD_Entry_Point,0,**AIARelevantFunction Score (0%)**: The function `nvgpu_vm_unmap_system` does not involve any operations that directly relate to sharing memory with an AI Accelerator (AIA). It primarily focuses on...,None,None
117,nvmap_free_handle,dma_operations,Relevant_KD_Entry_Point,0,"**AIARelevantFunction Score (0%)**: The function `nvmap_free_handle` does not directly interact with an AI Accelerator (AIA) or manage shared memory for an AIA. Instead, it focuses on freeing a han...",None,None
118,nvmap_free_handle,dma_operations,Relevant_KD_Entry_Point,0,**AIARelevantFunction Score (0)**: The function `nvmap_free_handle` does not interact with an AI Accelerator (AIA) or shared memory (SMem) directly. It primarily deals with freeing a handle associa...,None,None
119,destroy_client,dma_operations,Relevant_KD_Entry_Point,0,**AIARelevantFunction Score (0%)**: The function `destroy_client` does not involve any operations related to shared memory management or interactions with an AI Accelerator (AIA). It primarily focu...,None,None
120,destroy_client,dma_operations,Relevant_KD_Entry_Point,0,**AIARelevantFunction Score (0%)**: The function `destroy_client` does not interact with any AI Accelerator (AIA) relevant functions or shared memory management patterns typically associated with A...,None,None
121,nvgpu_os_channel_free_usermode_buffers,dma_operations,Relevant_KD_Entry_Point,0,"**AIARelevantFunction Score (70)**: The function `nvgpu_os_channel_free_usermode_buffers` is involved in managing user-mode buffers associated with a GPU channel. It interacts with `dma_buf`, which...",[nvgpu_usermode_buf_linux; gpfifo_desc],[dma_buf; userd_iova; userd_mem]
122,nvgpu_os_channel_free_usermode_buffers,dma_operations,Relevant_KD_Entry_Point,0,"**AIARelevantFunction Score (70)**: The function `nvgpu_os_channel_free_usermode_buffers` is involved in managing user-mode buffers associated with a GPU channel. It interacts with DMA buffers, whi...",[nvgpu_usermode_buf_linux; gpfifo_desc],[dmabuf; attachment; sgt; userd_iova; userd_mem]
123,user_copy:nvgpu_channel_copy_user_gpfifo,user_copy_operations,Relevant_KD_Entry_Point,0,**AIARelevantFunction Score (0)**: The function `nvgpu_channel_copy_user_gpfifo` does not directly interact with an AI Accelerator (AIA) or perform operations that are typically associated with AIA...,[struct nvgpu_gpfifo_userdata],[entries]
124,user_copy:gk20a_power_write,user_copy_operations,Relevant_KD_Entry_Point,0,**AIARelevantFunction Score (0%)**: The function `gk20a_power_write` does not involve any operations related to shared memory (SMem) with an AI Accelerator (AIA). It primarily handles power managem...,None,None
125,user_copy:gk20a_ctrl_get_tpc_masks,user_copy_operations,Relevant_KD_Entry_Point,0,**AIARelevantFunction Score (0)**: The function `gk20a_ctrl_get_tpc_masks` does not interact with an AI Accelerator (AIA) directly. It primarily handles user space requests to copy TPC (Texture Pro...,[struct nvgpu_gpu_get_tpc_masks_args],[mask_buf_addr]
126,user_copy:gk20a_ctrl_get_fbp_l2_masks,user_copy_operations,Relevant_KD_Entry_Point,0,"**AIARelevantFunction Score (0%)**: The function `gk20a_ctrl_get_fbp_l2_masks` does not interact with an AI Accelerator (AIA) or perform any operations related to shared memory management, DMA, or ...",[struct nvgpu_gpu_get_fbp_l2_masks_args],[mask_buf_addr]
127,user_copy:gk20a_ctrl_vsm_mapping,user_copy_operations,Relevant_KD_Entry_Point,0,**AIARelevantFunction Score (0)**: The function `gk20a_ctrl_vsm_mapping` does not directly involve sharing memory with an AI Accelerator (AIA). It primarily focuses on mapping GPU virtual shared me...,[struct nvgpu_gpu_vsms_mapping],[vsms_map_buf_addr]
128,user_copy:nvgpu_gpu_get_engine_info,user_copy_operations,Relevant_KD_Entry_Point,0,"**AIARelevantFunction Score (0)**: The function `nvgpu_gpu_get_engine_info` does not interact with an AI Accelerator (AIA) or perform operations related to shared memory management, DMA, or memory ...",[struct nvgpu_gpu_get_engine_info_args; struct nvgpu_gpu_get_engine_info_item],[engine_info_buf_addr; engine_info_buf_size]
129,gk20a_dbg_gpu_dev_release,ioctl_operations,Relevant_KD_Entry_Point,0,**AIARelevantFunction Score (0%)**: The function `gk20a_dbg_gpu_dev_release` does not involve any operations related to sharing memory with an AI Accelerator (AIA). It primarily deals with releasin...,None,None
130,gk20a_ctrl_dev_release,ioctl_operations,Relevant_KD_Entry_Point,0,**AIARelevantFunction Score (0%)**: The function `gk20a_ctrl_dev_release` does not interact with shared memory or perform any operations related to an AI Accelerator (AIA). It primarily handles the...,None,None
131,nvmap_open,ioctl_operations,Relevant_KD_Entry_Point,0,**AIARelevantFunction Score (0)**: The `nvmap_open` function does not involve any operations related to shared memory (SMem) with an AI Accelerator (AIA). It primarily focuses on opening a device a...,None,None
132,gk20a_power_open,ioctl_operations,Relevant_KD_Entry_Point,0,**AIARelevantFunction Score (0%)**: The function `gk20a_power_open` does not involve any operations related to shared memory (SMem) with an AI Accelerator (AIA). It primarily deals with opening a d...,None,None
133,gk20a_power_release,ioctl_operations,Relevant_KD_Entry_Point,0,**AIARelevantFunction Score (0%)**: The function `gk20a_power_release` does not involve any operations related to shared memory (SMem) with an AI Accelerator (AIA). It primarily deals with releasin...,None,None
134,gk20a_ctrl_dev_open,ioctl_operations,Relevant_KD_Entry_Point,0,**AIARelevantFunction Score (0%)**: The function `gk20a_ctrl_dev_open` does not interact with shared memory (SMem) or AI Accelerator (AIA) specific functionalities. It primarily handles device open...,None,None
135,nvgpu_get_ioctl_graphics_preempt_mode_flags,ioctl_operations,Relevant_KD_Entry_Point,0,**AIARelevantFunction Score (0%)**: The function `nvgpu_get_ioctl_graphics_preempt_mode_flags` does not involve any operations related to shared memory (SMem) with an AI Accelerator (AIA). It simpl...,None,None
136,nvgpu_get_ioctl_compute_preempt_mode_flags,ioctl_operations,Relevant_KD_Entry_Point,0,"**AIARelevantFunction Score (0)**: The function `nvgpu_get_ioctl_compute_preempt_mode_flags` does not involve any operations related to shared memory management, DMA, or memory mapping that are typ...",None,None
137,nvgpu_get_ioctl_graphics_preempt_mode,ioctl_operations,Relevant_KD_Entry_Point,0,**AIARelevantFunction Score (0)**: The function `nvgpu_get_ioctl_graphics_preempt_mode` does not involve any operations related to shared memory (SMem) with an AI Accelerator (AIA). It simply retur...,None,None
138,nvgpu_get_ioctl_compute_preempt_mode,ioctl_operations,Relevant_KD_Entry_Point,0,**AIARelevantFunction Score (0)**: The function `nvgpu_get_ioctl_compute_preempt_mode` does not interact with shared memory or perform any operations related to an AI Accelerator (AIA). It simply t...,None,None
139,nvgpu_ioctl_tsg_open,ioctl_operations,Relevant_KD_Entry_Point,0,**AIARelevantFunction Score (0)**: The function `nvgpu_ioctl_tsg_open` does not interact with an AI Accelerator (AIA) or shared memory (SMem) directly. It primarily deals with opening a task schedu...,None,None
140,gk20a_as_ioctl_unmap_buffer,ioctl_operations,Relevant_KD_Entry_Point,0,**AIARelevantFunction Score (0)**: The function `gk20a_as_ioctl_unmap_buffer` does not involve any operations related to sharing memory with an AI Accelerator (AIA). It primarily focuses on unmappi...,None,None
141,nvmap_release,ioctl_operations,Relevant_KD_Entry_Point,0,**AIARelevantFunction Score (0%)**: The `nvmap_release` function does not involve any operations related to shared memory (SMem) with an AI Accelerator (AIA). It primarily handles the release of a ...,None,None
142,gk20a_event_id_release,ioctl_operations,Relevant_KD_Entry_Point,0,"**AIARelevantFunction Score (0%)**: The function `gk20a_event_id_release` does not involve any operations related to shared memory management, DMA, or memory mapping that would typically be associa...",None,None
143,gk20a_channel_release,ioctl_operations,Relevant_KD_Entry_Point,0,**AIARelevantFunction Score (0%)**: The function `gk20a_channel_release` does not interact with shared memory or perform any operations that would be relevant to an AI Accelerator (AIA). It primari...,None,None
144,nvgpu_ioctl_tsg_dev_release,ioctl_operations,Relevant_KD_Entry_Point,0,**AIARelevantFunction Score (0)**: The function `nvgpu_ioctl_tsg_dev_release` does not involve any operations related to sharing memory with an AI Accelerator (AIA). It primarily deals with releasi...,None,None
145,nvgpu_ioctl_tsg_release,ioctl_operations,Relevant_KD_Entry_Point,0,**AIARelevantFunction Score (0%)**: The function `nvgpu_ioctl_tsg_release` does not involve any operations related to shared memory management or interactions with an AI Accelerator (AIA). It prima...,None,None
146,gk20a_as_dev_release,ioctl_operations,Relevant_KD_Entry_Point,0,**AIARelevantFunction Score (0%)**: The function `gk20a_as_dev_release` does not perform any operations related to sharing memory with an AI Accelerator (AIA). It simply releases a shared resource ...,None,None
1,user_copy:nvgpu_channel_copy_user_gpfifo,user_copy_operations,Message_Structure_Handling,100,**AIARelevantFunction Score (0)**: The function `nvgpu_channel_copy_user_gpfifo` does not directly interact with an AI Accelerator (AIA) or perform operations that are typically associated with AIA...,[struct nvgpu_gpfifo_userdata],[entries]
2,user_copy:gk20a_ctrl_ioctl_gpu_characteristics,user_copy_operations,Message_Structure_Handling,100,**AIARelevantFunction Score (0)**: The function `gk20a_ctrl_ioctl_gpu_characteristics` does not directly involve sharing memory with an AI Accelerator (AIA). It primarily retrieves GPU characterist...,[struct nvgpu_gpu_get_characteristics; struct nvgpu_gpu_characteristics],[gpu_characteristics_buf_addr; gpu_instance_id; gr_instance_id]
3,user_copy:gk20a_ctrl_get_tpc_masks,user_copy_operations,Message_Structure_Handling,100,**AIARelevantFunction Score (0)**: The function `gk20a_ctrl_get_tpc_masks` does not interact with an AI Accelerator (AIA) directly. It primarily handles user space requests to copy TPC (Texture Pro...,[struct nvgpu_gpu_get_tpc_masks_args],[mask_buf_addr]
4,user_copy:gk20a_ctrl_get_fbp_l2_masks,user_copy_operations,Message_Structure_Handling,100,"**AIARelevantFunction Score (0%)**: The function `gk20a_ctrl_get_fbp_l2_masks` does not interact with an AI Accelerator (AIA) or perform any operations related to shared memory management, DMA, or ...",[struct nvgpu_gpu_get_fbp_l2_masks_args],[mask_buf_addr]
5,user_copy:gk20a_ctrl_vsm_mapping,user_copy_operations,Message_Structure_Handling,100,**AIARelevantFunction Score (0)**: The function `gk20a_ctrl_vsm_mapping` does not directly involve sharing memory with an AI Accelerator (AIA). It primarily focuses on mapping GPU virtual shared me...,[struct nvgpu_gpu_vsms_mapping],[vsms_map_buf_addr]
6,user_copy:nvgpu_gpu_get_engine_info,user_copy_operations,Message_Structure_Handling,100,"**AIARelevantFunction Score (0)**: The function `nvgpu_gpu_get_engine_info` does not interact with an AI Accelerator (AIA) or perform operations related to shared memory management, DMA, or memory ...",[struct nvgpu_gpu_get_engine_info_args; struct nvgpu_gpu_get_engine_info_item],[engine_info_buf_addr; engine_info_buf_size]
7,user_copy:nvgpu_gpu_clk_get_range,user_copy_operations,Message_Structure_Handling,100,**AIARelevantFunction Score (0%)**: The function `nvgpu_gpu_clk_get_range` does not involve sharing memory with an AI Accelerator (AIA) or managing DMA buffers. It primarily deals with retrieving c...,[struct nvgpu_gpu_clk_range_args; struct nvgpu_gpu_clk_range],[clk_range_entries; min_hz; max_hz; clk_domain]
8,user_copy:nvmap_ioctl_query_heap_params,user_copy_operations,Message_Structure_Handling,100,**AIARelevantFunction Score (0)**: The function `nvmap_ioctl_query_heap_params` does not directly interact with an AI Accelerator (AIA) or perform operations that involve sharing memory with an AIA...,[struct nvmap_query_heap_params],[heap_mask; total; free; largest_free_block]
9,user_copy:nvmap_ioctl_query_heap_params,user_copy_operations,Message_Structure_Handling,100,**AIARelevantFunction Score (0)**: The function `nvmap_ioctl_query_heap_params` does not directly interact with an AI Accelerator (AIA) or perform operations related to shared memory management for...,[nvmap_query_heap_params],[heap_mask; total; free; largest_free_block]
10,user_copy:nvgpu_gpu_clk_get_info,user_copy_operations,Message_Structure_Handling,100,**AIARelevantFunction Score (0)**: The function `nvgpu_gpu_clk_get_info` does not interact with an AI Accelerator (AIA) or shared memory (SMem) in a manner typical of AIA-related functions. It prim...,[struct nvgpu_gpu_clk_get_info_args; struct nvgpu_gpu_clk_info],[clk_info_entries]
11,user_copy:nvmap_ioctl_getfd,user_copy_operations,Message_Structure_Handling,100,**AIARelevantFunction Score (0%)**: The function `nvmap_ioctl_getfd` does not directly interact with an AI Accelerator (AIA) or perform operations related to shared memory management that would typ...,[nvmap_create_handle],[fd; handle]
12,user_copy:nvgpu_ioctl_tsg_dev_ioctl,user_copy_operations,Message_Structure_Handling,100,**AIARelevantFunction Score (0)**: The function `nvgpu_ioctl_tsg_dev_ioctl` does not directly involve sharing memory with an AI Accelerator (AIA). It primarily handles IOCTL commands related to the...,[struct nvgpu_tsg_bind_channel_ex_args; struct nvgpu_tsg_bind_scheduling_domain_args; struct nvgpu_runlist_interleave_args; struct nvgpu_timeslice_args; struct nvgpu_tsg_read_single_sm_error_state_args; struct nvgpu_tsg_l2_max_ways_evict_last_args; struct nvgpu_tsg_set_l2_sector_promotion_args],[channel_fd; domain_fd; timeslice_us; sm_id; record_mem; record_size; max_ways; promotion_flag]
13,gk20a_ioctl_channel_submit_gpfifo,ioctl_operations,Message_Structure_Handling,100,**AIARelevantFunction Score (0)**: The function `gk20a_ioctl_channel_submit_gpfifo` does not directly interact with an AI Accelerator (AIA) or manage shared memory (SMem) in a way that would qualif...,[struct nvgpu_submit_gpfifo_args; struct nvgpu_channel_fence; struct nvgpu_user_fence; struct nvgpu_gpfifo_userdata],[gpfifo (user virtual address); fence.id; fence.value; fence_out.syncpt_id; fence_out.syncpt_value]
14,nvgpu_as_ioctl_get_sync_ro_map,ioctl_operations,Message_Structure_Handling,100,**AIARelevantFunction Score (0%)**: The function `nvgpu_as_ioctl_get_sync_ro_map` does not directly involve sharing memory with an AI Accelerator (AIA). It primarily retrieves synchronization infor...,[struct nvgpu_as_get_sync_ro_map_args],[base_gpuva; sync_size; num_syncpoints]
15,gk20a_as_ioctl_get_va_regions,ioctl_operations,Message_Structure_Handling,100,"**AIARelevantFunction Score (0)**: The function `gk20a_as_ioctl_get_va_regions` does not directly interact with an AI Accelerator (AIA) or manage shared memory between the CPU and an AIA. Instead, ...",[struct nvgpu_as_get_va_regions_args; struct nvgpu_as_va_region],[buf_addr; offset; pages]
16,nvmap_ioctl_query_heap_params,ioctl_operations,Message_Structure_Handling,100,**AIARelevantFunction Score (0)**: The function `nvmap_ioctl_query_heap_params` does not directly interact with an AI Accelerator (AIA) or manage shared memory (SMem) in a way that is typical for A...,[struct nvmap_query_heap_params],[heap_mask; total; free; largest_free_block]
17,nvmap_ioctl_getfd,ioctl_operations,Message_Structure_Handling,100,**AIARelevantFunction Score (0)**: The function `nvmap_ioctl_getfd` does not directly interact with an AI Accelerator (AIA) or shared memory management for an AIA. It primarily deals with obtaining...,[nvmap_create_handle],[fd; handle]
18,nvgpu_ioctl_channel_get_user_syncpoint,ioctl_operations,Message_Structure_Handling,100,**AIARelevantFunction Score (0)**: The function `nvgpu_ioctl_channel_get_user_syncpoint` does not directly involve sharing memory with an AI Accelerator (AIA). It primarily deals with user synchron...,[struct nvgpu_get_user_syncpoint_args],[gpu_va; syncpoint_id; syncpoint_max]
19,nvgpu_ioctl_tsg_dev_ioctl,ioctl_operations,Message_Structure_Handling,100,**AIARelevantFunction Score (0)**: The function `nvgpu_ioctl_tsg_dev_ioctl` does not directly involve sharing memory with an AI Accelerator (AIA). It primarily handles IOCTL commands related to the...,[nvgpu_tsg_bind_channel_ex_args; nvgpu_tsg_bind_scheduling_domain_args; nvgpu_event_id_ctrl_args; nvgpu_runlist_interleave_args; nvgpu_timeslice_args; nvgpu_tsg_read_single_sm_error_state_args; nvgpu_tsg_l2_max_ways_evict_last_args; nvgpu_tsg_set_l2_sector_promotion_args],[channel_fd; domain_fd; event_fd; sm_id; record_mem; record_size]
20,nvgpu_gpu_ioctl_set_l2_max_ways_evict_last,ioctl_operations,Message_Structure_Handling,100,**AIARelevantFunction Score (0)**: The function `nvgpu_gpu_ioctl_set_l2_max_ways_evict_last` does not involve any operations related to shared memory (SMem) with an AI Accelerator (AIA). It primari...,[struct nvgpu_tsg_l2_max_ways_evict_last_args],[None identified]
21,nvmap_ioctl_getfd,dma_operations,Message_Structure_Handling,90,**AIARelevantFunction Score (0)**: The function `nvmap_ioctl_getfd` does not directly interact with an AI Accelerator (AIA) or manage shared memory (SMem) in a way that would typically be associate...,[nvmap_create_handle],[fd; handle]
22,nvgpu_vm_map_buffer,dma_operations,Message_Structure_Handling,90,"**AIARelevantFunction Score (80)**: The function `nvgpu_vm_map_buffer` is involved in mapping a DMA buffer to a virtual address space, which is crucial for enabling the AI Accelerator (AIA) to acce...",[vm_gk20a_mapping_batch],[buffer_offset; mapping_size; *map_addr; dmabuf->size; dmabuf->mem]
23,nvgpu_vm_map_buffer,dma_operations,Message_Structure_Handling,90,"**AIARelevantFunction Score (80)**: The function `nvgpu_vm_map_buffer` is involved in mapping a DMA buffer to a virtual memory space, which is critical for enabling access to shared memory between ...",[vm_gk20a_mapping_batch; dma_buf],[buffer_offset; mapping_size; dmabuf->size; *map_addr]
24,nvgpu_vm_map_buffer,dma_operations,Message_Structure_Handling,90,"**AIARelevantFunction Score (80)**: The function `nvgpu_vm_map_buffer` is involved in mapping a DMA buffer to a virtual memory space, which is crucial for enabling an AI Accelerator (AIA) to access...",[vm_gk20a_mapping_batch],[dma_buf; buffer_offset; mapping_size; *map_addr]
25,nvgpu_vm_map_buffer,dma_operations,Message_Structure_Handling,90,"**AIARelevantFunction Score (80)**: The function `nvgpu_vm_map_buffer` is involved in mapping a DMA buffer to a virtual address space, which is crucial for enabling an AI Accelerator (AIA) to acces...",[vm_gk20a_mapping_batch],[dma_buf; buffer_offset; mapping_size; *map_addr]
26,gk20a_init_error_notifier,dma_operations,Message_Structure_Handling,90,"**AIARelevantFunction Score (0)**: The function `gk20a_init_error_notifier` does not directly involve sharing memory with an AI Accelerator (AIA). Instead, it focuses on initializing an error notif...",[struct nvgpu_set_error_notifier; struct nvgpu_notification],[mem (memory handle); offset; size]
27,gk20a_init_error_notifier,dma_operations,Message_Structure_Handling,90,**AIARelevantFunction Score (70)**: The function `gk20a_init_error_notifier` interacts with a DMA buffer (`dma_buf`) which is relevant for memory management in the context of AI Accelerators. It re...,[struct nvgpu_set_error_notifier; struct nvgpu_notification; struct dma_buf],[args->mem; dmabuf->size; va; priv->error_notifier.notification; priv->error_notifier.vaddr]
28,user_copy:nvmap_ioctl_get_available_heaps,user_copy_operations,Message_Structure_Handling,90,**AIARelevantFunction Score (0)**: The function `nvmap_ioctl_get_available_heaps` does not directly interact with an AI Accelerator (AIA) or perform operations that involve sharing memory with an A...,[struct nvmap_available_heaps],[None identified]
29,user_copy:gk20a_as_ioctl_get_va_regions,user_copy_operations,Message_Structure_Handling,90,"**AIARelevantFunction (70%)**: The function `gk20a_as_ioctl_get_va_regions` is involved in managing virtual address regions, which is relevant for AI Accelerator integration. It interacts with memo...",[struct nvgpu_as_get_va_regions_args; struct nvgpu_as_va_region],[buf_addr; buf_size; offset; page_size; pages]
30,user_copy:nvgpu_gpu_clk_get_info,user_copy_operations,Message_Structure_Handling,90,**AIARelevantFunction (0%)**: The function `nvgpu_gpu_clk_get_info` does not interact with an AI Accelerator (AIA) or manage shared memory between the CPU and an AIA. It primarily deals with GPU cl...,[struct nvgpu_gpu_clk_get_info_args; struct nvgpu_gpu_clk_info],[clk_info_entries; clk_domain; freq_hz]
31,user_copy:nvmap_install_fd,user_copy_operations,Message_Structure_Handling,90,"**AIARelevantFunction Score (70)**: The function `nvmap_install_fd` interacts with a `dma_buf`, which is a critical structure for managing shared memory between the CPU and an AI Accelerator (AIA)....",[nvmap_handle_info; dma_buf],[fd; dma_buf->file; dma_buf->priv]
32,nvmap_ioctl_get_available_heaps,ioctl_operations,Message_Structure_Handling,90,**AIARelevantFunction (0%)**: The function `nvmap_ioctl_get_available_heaps` does not directly interact with an AI Accelerator (AIA) or perform operations related to shared memory management for an...,[struct nvmap_available_heaps],[None identified]
33,gk20a_ctrl_ioctl_gpu_characteristics,ioctl_operations,Message_Structure_Handling,90,**AIARelevantFunction Score (0)**: The function `gk20a_ctrl_ioctl_gpu_characteristics` does not directly involve sharing memory with an AI Accelerator (AIA). It primarily retrieves GPU characterist...,[struct nvgpu_gpu_get_characteristics; struct nvgpu_gpu_characteristics],[gpu_characteristics_buf_addr; gpu_instance_id; gr_instance_id]
34,nvgpu_gpu_ioctl_register_buffer,dma_operations,Message_Structure_Handling,85,"**AIARelevantFunction Score (80)**: The function `nvgpu_gpu_ioctl_register_buffer` is involved in registering a buffer for use with the GPU, which includes handling DMA buffers. It utilizes `dma_bu...",[struct nvgpu_gpu_register_buffer_args],[dmabuf_fd; metadata_addr; metadata_size]
35,nvgpu_vm_map_buffer,dma_operations,Message_Structure_Handling,85,"**AIARelevantFunction Score (80)**: The function `nvgpu_vm_map_buffer` is involved in mapping a DMA buffer to a virtual memory address space, which is critical for enabling the AI Accelerator (AIA)...",[vm_gk20a_mapping_batch],[dma_buf; gk20a; vm_gk20a]
36,user_copy:gk20a_channel_ioctl,user_copy_operations,Message_Structure_Handling,85,"**AIARelevantFunction Score (80)**: The function `gk20a_channel_ioctl` interacts with various structures that are relevant for managing GPU channels and their operations, which can include memory m...",[nvgpu_alloc_obj_ctx_args; nvgpu_channel_setup_bind_args; nvgpu_alloc_gpfifo_ex_args; nvgpu_wait_args; nvgpu_set_error_notifier; nvgpu_set_timeout_args; nvgpu_set_timeout_ex_args; nvgpu_get_param_args],[chid; tsgid; userd_dmabuf_fd; gpfifo_dmabuf_fd; userd_dmabuf_offset; gpfifo_dmabuf_offset; obj_id]
37,user_copy:gk20a_channel_ioctl,user_copy_operations,Message_Structure_Handling,85,"**AIARelevantFunction Score (80)**: The function `gk20a_channel_ioctl` interacts with various structures that manage GPU channels and memory, which are critical for the operation of an AI Accelerat...",[nvgpu_alloc_obj_ctx_args; nvgpu_channel_setup_bind_args; nvgpu_alloc_gpfifo_ex_args; nvgpu_wait_args; nvgpu_set_error_notifier; nvgpu_get_param_args; nvgpu_set_timeout_args; nvgpu_set_timeout_ex_args],[chid; tsgid; userd_dmabuf_fd; gpfifo_dmabuf_fd; userd_dmabuf_offset; gpfifo_dmabuf_offset; obj_id]
38,user_copy:gk20a_ctrl_dev_ioctl,user_copy_operations,Message_Structure_Handling,85,**AIARelevantFunction Score (80)**: The function `gk20a_ctrl_dev_ioctl` interacts with various GPU operations and handles commands that are likely related to memory management and configuration for...,[nvgpu_gpu_zcull_get_ctx_size_args; nvgpu_gpu_zcull_get_info_args; nvgpu_gpu_zbc_set_table_args; nvgpu_gpu_zbc_query_table_args; nvgpu_gpu_get_characteristics; nvgpu_gpu_prepare_compressible_read_args; nvgpu_gpu_mark_compressible_write_args; nvgpu_alloc_as_args; nvgpu_gpu_open_tsg_args; nvgpu_gpu_get_tpc_masks_args; nvgpu_gpu_get_fbp_l2_masks_args; nvgpu_channel_open_args; nvgpu_gpu_l2_fb_args; nvgpu_gpu_mmu_debug_mode_args; nvgpu_gpu_sm_debug_mode_args],[handle; offset; va_range_start; va_range_end; va_range_split; syncpt_unit_base; syncpt_unit_size; syncpt_size; userd_iova; userd_offset]
39,user_copy:gk20a_as_dev_ioctl,user_copy_operations,Message_Structure_Handling,85,**AIARelevantFunction Score (80)**: The function `gk20a_as_dev_ioctl` interacts with various memory management operations that are relevant for an AI Accelerator (AIA). It handles memory allocation...,[nvgpu_as_bind_channel_args; nvgpu32_as_alloc_space_args; nvgpu_as_alloc_space_args; nvgpu_as_free_space_args; nvgpu_as_map_buffer_ex_args; nvgpu_as_unmap_buffer_args; nvgpu_as_get_va_regions_args; nvgpu_as_map_buffer_batch_args; nvgpu_as_get_sync_ro_map_args; nvgpu_as_mapping_modify_args; nvgpu_as_remap_args],[channel_fd; pages; page_size; flags; offset; buffer_offset; buffer_size; base_gpuva; sync_size; num_syncpoints]
40,user_copy:gk20a_as_dev_ioctl,user_copy_operations,Message_Structure_Handling,85,**AIARelevantFunction Score (80)**: The function `gk20a_as_dev_ioctl` is involved in managing memory operations that are crucial for the AI Accelerator (AIA). It handles various IOCTL commands that...,[struct nvgpu_as_bind_channel_args; struct nvgpu32_as_alloc_space_args; struct nvgpu_as_alloc_space_args; struct nvgpu_as_free_space_args; struct nvgpu_as_map_buffer_ex_args; struct nvgpu_as_unmap_buffer_args; struct nvgpu_as_get_va_regions_args; struct nvgpu_as_map_buffer_batch_args; struct nvgpu_as_get_sync_ro_map_args; struct nvgpu_as_mapping_modify_args; struct nvgpu_as_remap_args],[channel_fd; pages; page_size; flags; offset; buffer_offset; buffer_size; base_gpuva]
41,user_copy:nvmap_ioctl_create,user_copy_operations,Message_Structure_Handling,85,**AIARelevantFunction Score (80)**: The function `nvmap_ioctl_create` is involved in creating a handle for a shared memory buffer that can be used by an AI Accelerator (AIA). It interacts with DMA ...,[nvmap_create_handle],[handle; handle64; fd; size; orig_size; vaddr; dma_buf; dma_buf_ro]
42,user_copy:nvmap_ioctl_create,user_copy_operations,Message_Structure_Handling,85,**AIARelevantFunction (80%)**: The function `nvmap_ioctl_create` is involved in creating a handle for a memory buffer that can be shared with an AI Accelerator (AIA). It interacts with DMA buffers ...,[nvmap_create_handle],[handle; handle64; fd; size; orig_size; vaddr; dma_buf; dma_buf_ro]
43,user_copy:nvgpu_gpu_ioctl_register_buffer,user_copy_operations,Message_Structure_Handling,85,"**AIARelevantFunction Score (80)**: The function `nvgpu_gpu_ioctl_register_buffer` is involved in registering a buffer for use with the GPU, which includes handling DMA buffers. It utilizes `dma_bu...",[struct nvgpu_gpu_register_buffer_args],[dmabuf_fd; metadata_addr; metadata_size]
44,user_copy:nvmap_ioctl_create_from_va,user_copy_operations,Message_Structure_Handling,85,"**AIARelevantFunction (80%)**: The function `nvmap_ioctl_create_from_va` is involved in creating a handle from a virtual address, which is a critical operation for sharing memory with an AI Acceler...",[nvmap_create_handle_from_va],[va; size; flags; handle]
45,user_copy:nvmap_ioctl_create_from_va,user_copy_operations,Message_Structure_Handling,85,"**AIARelevantFunction Score (80)**: The function `nvmap_ioctl_create_from_va` is involved in creating a handle from a virtual address, which is a critical operation for sharing memory with an AI Ac...",[nvmap_create_handle_from_va],[va; size; flags; handle]
46,gk20a_channel_ioctl,ioctl_operations,Message_Structure_Handling,85,"**AIARelevantFunction Score (70)**: The function `gk20a_channel_ioctl` interacts with various structures that manage GPU channels and their operations, which may involve shared memory management an...",[nvgpu_alloc_obj_ctx_args; nvgpu_channel_setup_bind_args; nvgpu_alloc_gpfifo_ex_args; nvgpu_submit_gpfifo_args; nvgpu_wait_args; nvgpu_set_error_notifier; nvgpu_set_timeout_args; nvgpu_set_timeout_ex_args; nvgpu_get_param_args],[userd_dmabuf_fd; gpfifo_dmabuf_fd; userd_dmabuf_offset; gpfifo_dmabuf_offset; obj_id]
47,gk20a_as_dev_ioctl,ioctl_operations,Message_Structure_Handling,85,**AIARelevantFunction Score (80)**: The function `gk20a_as_dev_ioctl` is involved in handling various IOCTL commands that are likely related to memory management and operations with the AI Accelera...,[nvgpu_as_bind_channel_args; nvgpu32_as_alloc_space_args; nvgpu_as_alloc_space_args; nvgpu_as_free_space_args; nvgpu_as_map_buffer_ex_args; nvgpu_as_unmap_buffer_args; nvgpu_as_get_va_regions_args; nvgpu_as_map_buffer_batch_args; nvgpu_as_get_sync_ro_map_args; nvgpu_as_mapping_modify_args; nvgpu_as_remap_args],[channel_fd; pages; page_size; flags; offset; buffer_offset; buffer_size; base_gpuva; num_syncpoints]
48,gk20a_as_ioctl_map_buffer_ex,ioctl_operations,Message_Structure_Handling,85,**AIARelevantFunction Score (80)**: The function `gk20a_as_ioctl_map_buffer_ex` is responsible for mapping a buffer for the AI Accelerator (AIA) using the `nvgpu_vm_map_buffer` function. This funct...,[nvgpu_as_map_buffer_ex_args],[dmabuf_fd; buffer_offset; mapping_size; offset]
49,drivers/video/tegra/nvmap/nvmap_dmabuf.c:nvmap_get_dmabuf_fd,functions_by_file,Message_Structure_Handling,80,**AIARelevantFunction Score (70)**: The function `nvmap_get_dmabuf_fd` is responsible for obtaining a file descriptor for a DMA buffer associated with an NVMAP handle. While it does not directly ma...,[struct nvmap_handle; struct dma_buf],[file descriptor (fd); dma_buf; nvmap_handle]
50,nvmap_handle_get_from_id,dma_operations,Message_Structure_Handling,80,"**AIARelevantFunction Score (60)**: The function `nvmap_handle_get_from_id` interacts with DMA buffers, which are crucial for memory management in AI Accelerator contexts. It retrieves a `dma_buf` ...",[nvmap_handle_info; dma_buf],[dma_buf*; nvmap_handle*; nvmap_client*]
51,nvmap_handle_get_from_id,dma_operations,Message_Structure_Handling,80,"**AIARelevantFunction Score (70)**: The function `nvmap_handle_get_from_id` interacts with DMA buffers through the `dma_buf` structure, which is crucial for memory management in AI Accelerator cont...",[struct nvmap_handle_info; struct nvmap_handle; struct dma_buf],[dma_buf; nvmap_handle; nvmap_client; size; flags; vaddr]
52,nvmap_handle_get_from_id,dma_operations,Message_Structure_Handling,80,"**AIARelevantFunction Score (70)**: The function `nvmap_handle_get_from_id` interacts with DMA buffers through the `dma_buf` structure, which is crucial for memory management in AI Accelerator cont...",[struct nvmap_handle_info; struct nvmap_handle; struct dma_buf],[handle; dma_buf; size; flags; vaddr]
53,nvmap_handle_get_from_id,dma_operations,Message_Structure_Handling,80,"**AIARelevantFunction Score (70)**: The function `nvmap_handle_get_from_id` interacts with DMA buffers through the `dma_buf` structure, which is crucial for memory management in the context of AI a...",[struct nvmap_handle_info; struct dma_buf],[dma_buf; nvmap_handle; nvmap_client]
54,nvgpu_gpu_ioctl_register_buffer,dma_operations,Message_Structure_Handling,80,"**AIARelevantFunction Score (70)**: The function `nvgpu_gpu_ioctl_register_buffer` interacts with a DMA buffer, which is relevant for AI Accelerator integration. It uses `dma_buf_get` to retrieve a...",[struct nvgpu_gpu_register_buffer_args],[dmabuf_fd; metadata_addr; metadata_size]
55,gk20a_init_error_notifier,dma_operations,Message_Structure_Handling,80,**AIARelevantFunction Score (0)**: The function `gk20a_init_error_notifier` does not directly interact with an AI Accelerator (AIA) or manage shared memory between the CPU and AIA. It primarily dea...,[struct nvgpu_set_error_notifier; struct nvgpu_notification],[mem; offset; size]
56,nvgpu_os_channel_free_usermode_buffers,dma_operations,Message_Structure_Handling,80,"**AIARelevantFunction Score (70)**: The function `nvgpu_os_channel_free_usermode_buffers` is involved in managing user-mode buffers associated with a GPU channel. It interacts with DMA buffers, whi...",[nvgpu_usermode_buf_linux; gpfifo_desc],[dmabuf; attachment; sgt; userd_iova; userd_mem]
57,user_copy:gk20a_ctrl_dev_ioctl,user_copy_operations,Message_Structure_Handling,80,"**AIARelevantFunction Score (0)**: The function `gk20a_ctrl_dev_ioctl` does not directly interact with an AI Accelerator (AIA) or manage shared memory between the CPU and an AIA. Instead, it primar...",[nvgpu_gpu_zcull_get_ctx_size_args; nvgpu_gpu_zcull_get_info_args; nvgpu_gpu_zbc_set_table_args; nvgpu_gpu_zbc_query_table_args; nvgpu_gpu_get_characteristics; nvgpu_gpu_prepare_compressible_read_args; nvgpu_gpu_mark_compressible_write_args; nvgpu_alloc_as_args; nvgpu_gpu_open_tsg_args; nvgpu_gpu_get_tpc_masks_args; nvgpu_gpu_get_fbp_l2_masks_args; nvgpu_channel_open_args; nvgpu_gpu_l2_fb_args; nvgpu_gpu_mmu_debug_mode_args; nvgpu_gpu_sm_debug_mode_args],[as_fd; gpu_characteristics_buf_addr; va_range_start; va_range_end; va_range_split; handle; offset; zbc_color]
58,user_copy:nvmap_ioctl_alloc,user_copy_operations,Message_Structure_Handling,80,"**AIARelevantFunction Score (70)**: The function `nvmap_ioctl_alloc` is involved in memory allocation for an AI Accelerator, as it handles the allocation of memory buffers that can be shared with t...",[nvmap_alloc_handle],[handle; heap_mask; flags; align]
59,user_copy:nvgpu_ioctl_tsg_dev_ioctl,user_copy_operations,Message_Structure_Handling,80,"**AIARelevantFunction Score (70)**: The function `nvgpu_ioctl_tsg_dev_ioctl` interacts with various aspects of the GPU's task scheduling and management, which is relevant for AI Accelerator integra...",[nvgpu_tsg_bind_channel_ex_args; nvgpu_event_id_ctrl_args; nvgpu_runlist_interleave_args; nvgpu_timeslice_args; nvgpu_tsg_read_single_sm_error_state_args; nvgpu_tsg_l2_max_ways_evict_last_args; nvgpu_tsg_set_l2_sector_promotion_args],[channel_fd; event_id; timeslice_us; max_ways; promotion_flag; record_mem; record_size]
60,nvmap_ioctl,ioctl_operations,Message_Structure_Handling,80,**AIARelevantFunction Score (70)**: The function `nvmap_ioctl` is involved in handling various IOCTL commands that can potentially relate to memory management and operations that might involve an A...,[struct nvmap_rw_handle; struct nvmap_cache_op; struct nvmap_cache_op_32; struct nvmap_cache_op_64],[addr; handle]
61,gk20a_ctrl_dev_ioctl,ioctl_operations,Message_Structure_Handling,80,**AIARelevantFunction Score (70)**: The function `gk20a_ctrl_dev_ioctl` interacts with various GPU operations that could involve shared memory management and communication with an AI Accelerator (A...,[nvgpu_gpu_zcull_get_ctx_size_args; nvgpu_gpu_zcull_get_info_args; nvgpu_gpu_zbc_set_table_args; nvgpu_gpu_zbc_query_table_args; nvgpu_gpu_get_characteristics; nvgpu_gpu_prepare_compressible_read_args; nvgpu_gpu_mark_compressible_write_args; nvgpu_alloc_as_args; nvgpu_gpu_open_tsg_args; nvgpu_gpu_get_tpc_masks_args; nvgpu_gpu_get_fbp_l2_masks_args; nvgpu_channel_open_args; nvgpu_gpu_l2_fb_args; nvgpu_gpu_mmu_debug_mode_args; nvgpu_gpu_sm_debug_mode_args],[gpu_instance_id; gr_instance_id; va_range_start; va_range_end; va_range_split; handle; zbc_color; mask_buf_addr]
62,nvmap_ioctl_create,ioctl_operations,Message_Structure_Handling,80,"**AIARelevantFunction Score (60%)**: The function `nvmap_ioctl_create` interacts with DMA buffers and handles, which are relevant for AI Accelerator integration. It uses `dma_buf_get` and `dma_buf_...",[nvmap_create_handle],[handle; fd; size; orig_size]
63,nvmap_ioctl_alloc,ioctl_operations,Message_Structure_Handling,80,"**AIARelevantFunction Score (70)**: The function `nvmap_ioctl_alloc` is involved in memory allocation for an AI accelerator, specifically through the use of the `nvmap_alloc_handle` structure. It h...",[struct nvmap_alloc_handle],[handle; size; align; dma_buf; vaddr]
64,nvgpu_gpu_ioctl_register_buffer,ioctl_operations,Message_Structure_Handling,80,**AIARelevantFunction Score (0)**: The function `nvgpu_gpu_ioctl_register_buffer` does not directly interact with an AI Accelerator (AIA) or shared memory (SMem) management for an AIA. It primarily...,[struct nvgpu_gpu_register_buffer_args],[dmabuf_fd; metadata_addr]
65,nvmap_ioctl_create_from_va,ioctl_operations,Message_Structure_Handling,80,"**AIARelevantFunction (70%)**: The function `nvmap_ioctl_create_from_va` is involved in creating a handle from a virtual address, which is relevant for memory management in the context of an AI Acc...",[nvmap_create_handle_from_va],[va; size; flags; handle]
66,drivers/gpu/nvgpu/os/linux/linux-dma.c:nvgpu_dma_alloc_flags_sys,functions_by_file,Message_Structure_Handling,70,"**AIARelevantFunction Score (80)**: The function `nvgpu_dma_alloc_flags_sys` is involved in allocating DMA memory, which is critical for AI Accelerator (AIA) operations. It uses `dma_alloc_attrs`, ...",[nvgpu_mem; sg_table],[gpu_va; cpu_va; size; aligned_size]
67,drivers/video/tegra/nvmap/nvmap_dmabuf.c:_nvmap_dmabuf_map_dma_buf,functions_by_file,Message_Structure_Handling,70,**AIARelevantFunction (80%)**: The function `_nvmap_dmabuf_map_dma_buf` is involved in mapping a DMA buffer for an AI Accelerator (AIA). It utilizes the `dma_map_sg_attrs` function to map the scatt...,[struct dma_buf_attachment; struct sg_table; struct nvmap_handle_info],[dma_address; size; flags; handle; vaddr]
68,nvgpu_vm_map_buffer,dma_operations,Message_Structure_Handling,70,"**AIARelevantFunction Score (80)**: The function `nvgpu_vm_map_buffer` is involved in mapping a DMA buffer to a virtual address space, which is critical for enabling the AI Accelerator (AIA) to acc...",[vm_gk20a_mapping_batch],[dma_buf_fd; buffer_offset; mapping_size; map_addr]
69,nvgpu_vm_map_buffer,dma_operations,Message_Structure_Handling,70,"**AIARelevantFunction Score (80)**: The function `nvgpu_vm_map_buffer` is involved in mapping a DMA buffer to a virtual address space, which is critical for enabling communication between the CPU a...",[vm_gk20a_mapping_batch],[dma_buf_fd; buffer_offset; mapping_size; *map_addr]
70,nvgpu_usermode_buf_from_dmabuf,dma_operations,Message_Structure_Handling,70,"**AIARelevantFunction Score (80)**: The function `nvgpu_usermode_buf_from_dmabuf` is involved in managing DMA buffers, which is critical for AI Accelerator integration. It retrieves a DMA buffer us...",[struct nvgpu_usermode_buf_linux; struct nvgpu_mem],[gpu_va; dma_buf; sgt; attachment]
71,gk20a_tsg_ioctl_bind_channel_ex,ioctl_operations,Message_Structure_Handling,70,**AIARelevantFunction (0%)**: The function `gk20a_tsg_ioctl_bind_channel_ex` does not directly interact with an AI Accelerator (AIA) or manage shared memory (SMem) in a way that would qualify it as...,[nvgpu_tsg_bind_channel_ex_args],[channel_fd; subcontext_id]
72,drivers/gpu/nvgpu/os/linux/linux-dma.c:nvgpu_get_sgtable_from_pages,functions_by_file,Message_Structure_Handling,60,"**AIARelevantFunction Score (70%)**: The function `nvgpu_get_sgtable_from_pages` is responsible for allocating a scatter-gather table (`sg_table`) from user pages, which is a crucial step in prepar...",None,None
73,drivers/video/tegra/nvmap/nvmap_alloc.c:handle_page_alloc,functions_by_file,Message_Structure_Handling,60,"**AIARelevantFunction Score (80)**: The function `handle_page_alloc` is primarily responsible for allocating memory pages, which is a critical operation when integrating with an AI Accelerator (AIA...",[struct nvmap_handle; struct nvmap_client],[size; pages; vaddr; dma_buf; dma_buf_ro]
74,drivers/video/tegra/nvmap/nvmap_alloc.c:alloc_handle_from_va,functions_by_file,Message_Structure_Handling,60,**AIARelevantFunction Score (80)**: The function `alloc_handle_from_va` is involved in memory management that is relevant to AI Accelerator integration. It pins user pages to memory using `nvmap_ge...,None,vaddr; size; flags
75,drivers/video/tegra/nvmap/nvmap_alloc.c:_nvmap_handle_free,functions_by_file,Message_Structure_Handling,60,**AIARelevantFunction Score (0)**: The function `_nvmap_handle_free` does not directly interact with an AI Accelerator (AIA) or manage shared memory (SMem) for an AIA. It primarily focuses on freei...,[struct nvmap_handle; struct nvmap_handle_dmabuf_priv],[vaddr; dmabuf; dmabuf_ro; ivm_id]
76,nvgpu_dma_free_sys,dma_operations,Message_Structure_Handling,60,**AIARelevantFunction Score (40)**: The function `nvgpu_dma_free_sys` is primarily focused on freeing DMA memory associated with the GPU. While it does manage memory that could potentially be share...,[nvgpu_mem],[gpu_va; aligned_size; size; phys_sgt]
77,__dma_buf_export,dma_operations,Message_Structure_Handling,60,"**AIARelevantFunction Score (70)**: The function `__dma_buf_export` is involved in exporting a DMA buffer, which is relevant for AI Accelerator integration as it deals with memory management that c...",[dma_buf_export_info],[phys_addr_t; dma_buf*; size_t]
78,nvgpu_mm_pin,dma_operations,Message_Structure_Handling,60,"**AIARelevantFunction (80%)**: The function `nvgpu_mm_pin` is involved in memory management related to DMA buffers, which is crucial for AI Accelerator integration. It utilizes `dma_buf_attach` and...",[struct dma_buf; struct dma_buf_attachment],[size; file; attachments; flags; dev; sgt]
79,nvgpu_mm_pin,dma_operations,Message_Structure_Handling,60,"**AIARelevantFunction Score (80)**: The function `nvgpu_mm_pin` is involved in memory management for DMA buffers, which is critical for AI Accelerator integration. It utilizes `dma_buf_attach` and ...",[struct dma_buf; struct dma_buf_attachment],[size; file; attachments; sg_table; dev; direction]
80,nvgpu_mm_pin,dma_operations,Message_Structure_Handling,60,"**AIARelevantFunction Score (80)**: The function `nvgpu_mm_pin` is involved in memory management for DMA buffers, which is critical for AI Accelerator integration. It utilizes `dma_buf_attach` and ...",[struct dma_buf; struct dma_buf_attachment],[size; file; attachments; flags; dev; sgt]
81,nvmap_ioctl_free,dma_operations,Message_Structure_Handling,60,"**AIARelevantFunction Score (0)**: The function `nvmap_ioctl_free` does not directly interact with an AI Accelerator (AIA) or manage shared memory between the CPU and AIA. Instead, it focuses on fr...",[struct nvmap_client; struct dma_buf],[file descriptor (fd); dma_buf pointer]
82,nvmap_ioctl_free,dma_operations,Message_Structure_Handling,60,**AIARelevantFunction Score (0)**: The function `nvmap_ioctl_free` does not directly involve operations that share memory with an AI Accelerator (AIA). It primarily deals with freeing a DMA buffer ...,[struct nvmap_client; struct dma_buf],[fd (file descriptor); dma_buf (handle)]
83,nvgpu_os_channel_free_usermode_buffers,dma_operations,Message_Structure_Handling,60,"**AIARelevantFunction Score (70)**: The function `nvgpu_os_channel_free_usermode_buffers` is involved in managing user-mode buffers associated with a GPU channel. It interacts with `dma_buf`, which...",[nvgpu_usermode_buf_linux; gpfifo_desc],[dma_buf; userd_iova; userd_mem]
84,nvmap_ioctl_free,ioctl_operations,Message_Structure_Handling,60,"**AIARelevantFunction Score (0%)**: The function `nvmap_ioctl_free` does not directly interact with an AI Accelerator (AIA) or manage shared memory between the CPU and an AIA. Instead, it primarily...",[struct nvmap_client; struct dma_buf],[file descriptor (fd); dma_buf pointer]
85,drivers/gpu/nvgpu/os/linux/linux-dma.c:nvgpu_dma_free_sys,functions_by_file,Message_Structure_Handling,40,**AIARelevantFunction Score (20)**: The function `nvgpu_dma_free_sys` primarily deals with freeing DMA memory and does not directly interact with an AI Accelerator (AIA) for memory sharing or manag...,[nvgpu_mem; sg_table],[gpu_va; aligned_size; size; dma_address]
86,drivers/video/tegra/nvmap/nvmap_dmabuf.c:_nvmap_dmabuf_unmap_dma_buf,functions_by_file,Message_Structure_Handling,40,**AIARelevantFunction (20%)**: The function `_nvmap_dmabuf_unmap_dma_buf` primarily deals with unmapping a DMA buffer from a device. While it does interact with DMA operations (like `dma_unmap_sg_a...,None,None
87,drivers/gpu/nvgpu/os/linux/linux-dma.c:nvgpu_iommuable,functions_by_file,Message_Structure_Handling,0,**AIARelevantFunction Score (0%)**: The function `nvgpu_iommuable` does not interact with shared memory or perform any operations that would typically be associated with an AI Accelerator (AIA). It...,None,None
88,drivers/gpu/nvgpu/os/linux/linux-dma.c:nvgpu_dma_free_no_iommu,functions_by_file,Message_Structure_Handling,0,**AIARelevantFunction Score (0%)**: The function `nvgpu_dma_free_no_iommu` is primarily focused on freeing DMA memory without IOMMU support. It does not involve any operations related to sharing me...,None,None
89,drivers/gpu/nvgpu/os/linux/linux-dma.c:nvgpu_free_sgtable,functions_by_file,Message_Structure_Handling,0,**AIARelevantFunction Score (0)**: The function `nvgpu_free_sgtable` does not interact with any AI Accelerator (AIA) relevant memory management patterns. It primarily deals with freeing a scatter-g...,None,None
90,drivers/gpu/nvgpu/os/linux/linux-dma.c:nvgpu_dma_flags_to_attrs,functions_by_file,Message_Structure_Handling,0,**AIARelevantFunction Score (0%)**: The function `nvgpu_dma_flags_to_attrs` does not interact with shared memory or AI Accelerator (AIA) specific functionalities. It primarily translates DMA flags ...,None,None
91,drivers/gpu/nvgpu/os/linux/linux-dma.c:nvgpu_dma_alloc_no_iommu,functions_by_file,Message_Structure_Handling,0,"**AIARelevantFunction Score (70%)**: The function `nvgpu_dma_alloc_no_iommu` is involved in memory allocation, which is a critical aspect of managing shared memory for AI Accelerators (AIA). It all...",None,None
92,drivers/gpu/nvgpu/os/linux/platform_gk20a_tegra.c:gk20a_tegra_idle,functions_by_file,Message_Structure_Handling,0,**AIARelevantFunction Score (0%)**: The function `gk20a_tegra_idle` does not involve any operations related to shared memory management or interactions with an AI Accelerator (AIA). It primarily ha...,None,None
93,drivers/gpu/nvgpu/os/linux/platform_gk20a_tegra.c:gk20a_tegra_busy,functions_by_file,Message_Structure_Handling,0,**AIARelevantFunction Score (0%)**: The function `gk20a_tegra_busy` does not involve any operations related to shared memory (SMem) with an AI Accelerator (AIA). It primarily checks if the `nvhost`...,None,None
94,drivers/video/tegra/nvmap/nvmap_dmabuf.c:dmabuf_is_nvmap,functions_by_file,Message_Structure_Handling,0,**AIARelevantFunction Score (0)**: The function `dmabuf_is_nvmap` does not involve any operations related to sharing memory with an AI Accelerator (AIA). It simply checks if the `exp_name` field of...,None,None
95,drivers/video/tegra/nvmap/nvmap_dmabuf.c:nvmap_dmabuf_attach,functions_by_file,Message_Structure_Handling,0,**AIARelevantFunction Score (0)**: The function `nvmap_dmabuf_attach` does not directly involve any operations related to sharing memory with an AI Accelerator (AIA). It simply calls another functi...,None,None
96,drivers/video/tegra/nvmap/nvmap_dmabuf.c:nvmap_dmabuf_mmap,functions_by_file,Message_Structure_Handling,0,**AIARelevantFunction Score (0)**: The function `nvmap_dmabuf_mmap` does not directly involve any operations related to sharing memory with an AI Accelerator (AIA). It primarily focuses on mapping ...,None,None
97,drivers/video/tegra/nvmap/nvmap_dmabuf.c:nvmap_dmabuf_vmap,functions_by_file,Message_Structure_Handling,0,**AIARelevantFunction Score (0)**: The function `nvmap_dmabuf_vmap` does not interact with an AI Accelerator (AIA) or perform any operations related to shared memory management that would typically...,None,None
98,drivers/video/tegra/nvmap/nvmap_dmabuf.c:nvmap_dmabuf_get_drv_data,functions_by_file,Message_Structure_Handling,0,**AIARelevantFunction Score (0)**: The function `nvmap_dmabuf_get_drv_data` does not interact with an AI Accelerator (AIA) or shared memory management relevant to AIA. It primarily retrieves driver...,None,None
99,drivers/video/tegra/nvmap/nvmap_dmabuf.c:nvmap_dmabuf_detach,functions_by_file,Message_Structure_Handling,0,**AIARelevantFunction Score (0%)**: The function `nvmap_dmabuf_detach` does not involve any operations related to sharing memory with an AI Accelerator (AIA). It primarily deals with detaching a DM...,None,None
100,drivers/video/tegra/nvmap/nvmap_dmabuf.c:nvmap_dmabuf_release,functions_by_file,Message_Structure_Handling,0,**AIARelevantFunction Score (0)**: The function `nvmap_dmabuf_release` does not directly involve any operations related to sharing memory with an AI Accelerator (AIA). It primarily focuses on relea...,None,None
101,drivers/video/tegra/nvmap/nvmap_dmabuf.c:nvmap_dmabuf_vunmap,functions_by_file,Message_Structure_Handling,0,**AIARelevantFunction Score (0)**: The function `nvmap_dmabuf_vunmap` does not involve any operations that directly relate to sharing memory with an AI Accelerator (AIA). It primarily deals with un...,None,None
102,drivers/video/tegra/nvmap/nvmap_alloc.c:nvmap_alloc_handle,functions_by_file,Message_Structure_Handling,0,**AIARelevantFunction Score (0)**: The function `nvmap_alloc_handle` does not directly involve sharing memory with an AI Accelerator (AIA). It primarily focuses on allocating a handle for memory ma...,None,None
103,drivers/video/tegra/nvmap/nvmap_alloc.c:alloc_handle,functions_by_file,Message_Structure_Handling,0,**AIARelevantFunction Score (0%)**: The function `alloc_handle` does not directly interact with an AI Accelerator (AIA) or shared memory (SMem) mechanisms. It primarily focuses on allocating memory...,None,None
104,drivers/video/tegra/nvmap/nvmap_alloc.c:nvmap_altalloc,functions_by_file,Message_Structure_Handling,0,**AIARelevantFunction Score (0)**: The function `nvmap_altalloc` does not interact with an AI Accelerator (AIA) or perform any operations related to shared memory management that would be relevant ...,None,None
105,drivers/video/tegra/nvmap/nvmap_alloc.c:nvmap_alloc_pages_exact,functions_by_file,Message_Structure_Handling,0,"**AIARelevantFunction Score (0)**: The function `nvmap_alloc_pages_exact` is primarily focused on memory allocation using the `alloc_pages` function, which is part of the Linux kernel's memory mana...",None,None
106,drivers/video/tegra/nvmap/nvmap_alloc.c:is_nvmap_id_ro,functions_by_file,Message_Structure_Handling,0,**AIARelevantFunction Score (0%)**: The function `is_nvmap_id_ro` does not interact with an AI Accelerator (AIA) or shared memory (SMem) directly. It primarily deals with checking if a given NVMAP ...,None,None
107,drivers/video/tegra/nvmap/nvmap_alloc.c:nvmap_altfree,functions_by_file,Message_Structure_Handling,0,**AIARelevantFunction Score (0)**: The function `nvmap_altfree` does not interact with any AI Accelerator (AIA) relevant operations. It is primarily concerned with freeing memory based on the size ...,None,None
108,drivers/video/tegra/nvmap/nvmap_alloc.c:nvmap_alloc_handle_from_va,functions_by_file,Message_Structure_Handling,0,**AIARelevantFunction Score (0)**: The function `nvmap_alloc_handle_from_va` does not directly interact with an AI Accelerator (AIA) or perform operations related to shared memory management that w...,None,None
109,drivers/video/tegra/nvmap/nvmap_alloc.c:nvmap_free_handle_from_fd,functions_by_file,Message_Structure_Handling,0,**AIARelevantFunction Score (0%)**: The function `nvmap_free_handle_from_fd` does not interact with an AI Accelerator (AIA) or shared memory (SMem) directly. It primarily deals with freeing a handl...,None,None
110,drivers/video/tegra/nvmap/nvmap_alloc.c:nvmap_free_handle,functions_by_file,Message_Structure_Handling,0,**AIARelevantFunction Score (0%)**: The function `nvmap_free_handle` does not interact with an AI Accelerator (AIA) or shared memory (SMem) directly. It primarily deals with freeing a handle associ...,None,None
111,drivers/video/tegra/nvmap/nvmap_alloc.c:nvmap_heap_pgfree,functions_by_file,Message_Structure_Handling,0,**AIARelevantFunction Score (0%)**: The function `nvmap_heap_pgfree` does not involve any operations related to sharing memory with an AI Accelerator (AIA). It primarily deals with freeing memory a...,None,None
112,drivers/video/tegra/nvmap/nvmap_alloc.c:nvmap_heap_pgalloc_dev,functions_by_file,Message_Structure_Handling,0,**AIARelevantFunction Score (0)**: The function `nvmap_heap_pgalloc_dev` does not involve any operations related to shared memory management with an AI Accelerator (AIA). It primarily checks the va...,None,None
113,is_nvmap_id_ro,dma_operations,Message_Structure_Handling,0,**AIARelevantFunction Score (0%)**: The function `is_nvmap_id_ro` does not interact with an AI Accelerator (AIA) or shared memory (SMem) directly. It primarily deals with the `nvmap_client` and `dm...,None,None
114,nvmap_get_dmabuf_fd,dma_operations,Message_Structure_Handling,0,**AIARelevantFunction Score (0%)**: The function `nvmap_get_dmabuf_fd` does not directly involve sharing shared memory with an AI Accelerator (AIA). It primarily deals with exporting a DMA buffer a...,None,None
115,gk20a_channel_free_error_notifiers,dma_operations,Message_Structure_Handling,0,**AIARelevantFunction Score (0)**: The function `gk20a_channel_free_error_notifiers` does not interact with an AI Accelerator (AIA) or shared memory (SMem) mechanisms. It primarily deals with freei...,None,None
116,nvgpu_mm_unpin,dma_operations,Message_Structure_Handling,0,**AIARelevantFunction Score (0%)**: The function `nvgpu_mm_unpin` does not involve any operations that directly relate to sharing memory with an AI Accelerator (AIA). It primarily deals with unpinn...,None,None
117,nvgpu_mm_unpin,dma_operations,Message_Structure_Handling,0,**AIARelevantFunction Score (0%)**: The function `nvgpu_mm_unpin` does not involve any operations that directly relate to sharing memory with an AI Accelerator (AIA). It primarily deals with unmapp...,None,None
118,nvgpu_vm_unmap_system,dma_operations,Message_Structure_Handling,0,**AIARelevantFunction Score (0%)**: The function `nvgpu_vm_unmap_system` does not involve any operations that directly relate to sharing memory with an AI Accelerator (AIA). It primarily focuses on...,None,None
119,nvmap_free_handle,dma_operations,Message_Structure_Handling,0,"**AIARelevantFunction Score (0%)**: The function `nvmap_free_handle` does not directly interact with an AI Accelerator (AIA) or manage shared memory for an AIA. Instead, it focuses on freeing a han...",None,None
120,nvmap_free_handle,dma_operations,Message_Structure_Handling,0,**AIARelevantFunction Score (0)**: The function `nvmap_free_handle` does not interact with an AI Accelerator (AIA) or shared memory (SMem) directly. It primarily deals with freeing a handle associa...,None,None
121,destroy_client,dma_operations,Message_Structure_Handling,0,**AIARelevantFunction Score (0%)**: The function `destroy_client` does not involve any operations related to shared memory management or interactions with an AI Accelerator (AIA). It primarily focu...,None,None
122,destroy_client,dma_operations,Message_Structure_Handling,0,**AIARelevantFunction Score (0%)**: The function `destroy_client` does not interact with any AI Accelerator (AIA) relevant functions or shared memory management patterns typically associated with A...,None,None
123,user_copy:gk20a_power_write,user_copy_operations,Message_Structure_Handling,0,**AIARelevantFunction Score (0%)**: The function `gk20a_power_write` does not involve any operations related to shared memory (SMem) with an AI Accelerator (AIA). It primarily handles power managem...,None,None
124,gk20a_dbg_gpu_dev_release,ioctl_operations,Message_Structure_Handling,0,**AIARelevantFunction Score (0%)**: The function `gk20a_dbg_gpu_dev_release` does not involve any operations related to sharing memory with an AI Accelerator (AIA). It primarily deals with releasin...,None,None
125,gk20a_ctrl_dev_release,ioctl_operations,Message_Structure_Handling,0,**AIARelevantFunction Score (0%)**: The function `gk20a_ctrl_dev_release` does not interact with shared memory or perform any operations related to an AI Accelerator (AIA). It primarily handles the...,None,None
126,nvmap_open,ioctl_operations,Message_Structure_Handling,0,**AIARelevantFunction Score (0)**: The `nvmap_open` function does not involve any operations related to shared memory (SMem) with an AI Accelerator (AIA). It primarily focuses on opening a device a...,None,None
127,gk20a_power_open,ioctl_operations,Message_Structure_Handling,0,**AIARelevantFunction Score (0%)**: The function `gk20a_power_open` does not involve any operations related to shared memory (SMem) with an AI Accelerator (AIA). It primarily deals with opening a d...,None,None
128,gk20a_power_release,ioctl_operations,Message_Structure_Handling,0,**AIARelevantFunction Score (0%)**: The function `gk20a_power_release` does not involve any operations related to shared memory (SMem) with an AI Accelerator (AIA). It primarily deals with releasin...,None,None
129,gk20a_ctrl_dev_open,ioctl_operations,Message_Structure_Handling,0,**AIARelevantFunction Score (0%)**: The function `gk20a_ctrl_dev_open` does not interact with shared memory (SMem) or AI Accelerator (AIA) specific functionalities. It primarily handles device open...,None,None
130,nvgpu_ctrl_ioctl_gpu_characteristics_flags,ioctl_operations,Message_Structure_Handling,0,**AIARelevantFunction Score (0)**: The function `nvgpu_ctrl_ioctl_gpu_characteristics_flags` does not interact with shared memory or AI Accelerator (AIA) specific memory management functions. It pr...,None,None
131,nvgpu_get_ioctl_graphics_preempt_mode_flags,ioctl_operations,Message_Structure_Handling,0,**AIARelevantFunction Score (0%)**: The function `nvgpu_get_ioctl_graphics_preempt_mode_flags` does not involve any operations related to shared memory (SMem) with an AI Accelerator (AIA). It simpl...,None,None
132,nvgpu_get_ioctl_compute_preempt_mode_flags,ioctl_operations,Message_Structure_Handling,0,"**AIARelevantFunction Score (0)**: The function `nvgpu_get_ioctl_compute_preempt_mode_flags` does not involve any operations related to shared memory management, DMA, or memory mapping that are typ...",None,None
133,nvgpu_get_ioctl_graphics_preempt_mode,ioctl_operations,Message_Structure_Handling,0,**AIARelevantFunction Score (0)**: The function `nvgpu_get_ioctl_graphics_preempt_mode` does not involve any operations related to shared memory (SMem) with an AI Accelerator (AIA). It simply retur...,None,None
134,nvgpu_get_ioctl_compute_preempt_mode,ioctl_operations,Message_Structure_Handling,0,**AIARelevantFunction Score (0)**: The function `nvgpu_get_ioctl_compute_preempt_mode` does not interact with shared memory or perform any operations related to an AI Accelerator (AIA). It simply t...,None,None
135,gk20a_as_ioctl_alloc_space,ioctl_operations,Message_Structure_Handling,0,**AIARelevantFunction Score (0)**: The function `gk20a_as_ioctl_alloc_space` does not directly involve any operations related to sharing memory with an AI Accelerator (AIA). It primarily allocates ...,None,None
136,nvgpu_ioctl_tsg_open,ioctl_operations,Message_Structure_Handling,0,**AIARelevantFunction Score (0)**: The function `nvgpu_ioctl_tsg_open` does not interact with an AI Accelerator (AIA) or shared memory (SMem) directly. It primarily deals with opening a task schedu...,None,None
137,nvgpu_ioctl_channel_alloc_obj_ctx,ioctl_operations,Message_Structure_Handling,0,**AIARelevantFunction Score (0)**: The function `nvgpu_ioctl_channel_alloc_obj_ctx` does not directly involve any operations related to sharing memory with an AI Accelerator (AIA). It primarily all...,None,None
138,gk20a_channel_open_ioctl,ioctl_operations,Message_Structure_Handling,0,**AIARelevantFunction Score (0%)**: The function `gk20a_channel_open_ioctl` does not directly involve any operations related to shared memory (SMem) with an AI Accelerator (AIA). It primarily handl...,None,None
139,gk20a_as_ioctl_bind_channel,ioctl_operations,Message_Structure_Handling,0,**AIARelevantFunction Score (0)**: The function `gk20a_as_ioctl_bind_channel` does not interact with an AI Accelerator (AIA) or shared memory management relevant to AIA operations. It primarily bin...,None,None
140,gk20a_as_ioctl_unmap_buffer,ioctl_operations,Message_Structure_Handling,0,**AIARelevantFunction Score (0)**: The function `gk20a_as_ioctl_unmap_buffer` does not involve any operations related to sharing memory with an AI Accelerator (AIA). It primarily focuses on unmappi...,None,None
141,nvmap_release,ioctl_operations,Message_Structure_Handling,0,**AIARelevantFunction Score (0%)**: The `nvmap_release` function does not involve any operations related to shared memory (SMem) with an AI Accelerator (AIA). It primarily handles the release of a ...,None,None
142,gk20a_event_id_release,ioctl_operations,Message_Structure_Handling,0,"**AIARelevantFunction Score (0%)**: The function `gk20a_event_id_release` does not involve any operations related to shared memory management, DMA, or memory mapping that would typically be associa...",None,None
143,gk20a_channel_release,ioctl_operations,Message_Structure_Handling,0,**AIARelevantFunction Score (0%)**: The function `gk20a_channel_release` does not interact with shared memory or perform any operations that would be relevant to an AI Accelerator (AIA). It primari...,None,None
144,nvgpu_ioctl_tsg_dev_release,ioctl_operations,Message_Structure_Handling,0,**AIARelevantFunction Score (0)**: The function `nvgpu_ioctl_tsg_dev_release` does not involve any operations related to sharing memory with an AI Accelerator (AIA). It primarily deals with releasi...,None,None
145,nvgpu_ioctl_tsg_release,ioctl_operations,Message_Structure_Handling,0,**AIARelevantFunction Score (0%)**: The function `nvgpu_ioctl_tsg_release` does not involve any operations related to shared memory management or interactions with an AI Accelerator (AIA). It prima...,None,None
146,gk20a_as_dev_release,ioctl_operations,Message_Structure_Handling,0,**AIARelevantFunction Score (0%)**: The function `gk20a_as_dev_release` does not perform any operations related to sharing memory with an AI Accelerator (AIA). It simply releases a shared resource ...,None,None
