2025-08-03T20:11:41,069961+00:00 IOCTL_HANDLER: Function dma_heap_open called at drivers/dma-buf/dma-heap.c:93
2025-08-03T20:11:41,160535+00:00 IOCTL_HANDLER: Function rpmsg_ctrldev_open called at drivers/rpmsg/rpmsg_ctrl.c:57
2025-08-03T20:11:41,169218+00:00 IOCTL_HANDLER: Function rpmsg_ctrldev_ioctl called at drivers/rpmsg/rpmsg_ctrl.c:79
2025-08-03T20:11:41,178132+00:00 USER_COPY: About to call copy_from_user from function rpmsg_ctrldev_ioctl at drivers/rpmsg/rpmsg_ctrl.c:87
2025-08-03T20:11:41,189011+00:00 USER_COPY_CONTEXT: Process PID=1711, COMM=tidlrt_clasific
2025-08-03T20:11:41,195885+00:00 IOCTL_HANDLER: Function rpmsg_ctrldev_release called at drivers/rpmsg/rpmsg_ctrl.c:68
2025-08-03T20:11:41,206897+00:00 IOCTL_HANDLER: Function rpmsg_eptdev_open called at drivers/rpmsg/rpmsg_char.c:120
2025-08-03T20:11:41,215509+00:00 FUNC_ENTRY: Entering function virtio_rpmsg_create_ept at drivers/rpmsg/virtio_rpmsg_bus.c:285
2025-08-03T20:11:41,230712+00:00 IOCTL_HANDLER: Function rpmsg_ctrldev_open called at drivers/rpmsg/rpmsg_ctrl.c:57
2025-08-03T20:11:41,239392+00:00 IOCTL_HANDLER: Function rpmsg_ctrldev_ioctl called at drivers/rpmsg/rpmsg_ctrl.c:79
2025-08-03T20:11:41,248079+00:00 USER_COPY: About to call copy_from_user from function rpmsg_ctrldev_ioctl at drivers/rpmsg/rpmsg_ctrl.c:87
2025-08-03T20:11:41,258770+00:00 USER_COPY_CONTEXT: Process PID=1711, COMM=tidlrt_clasific
2025-08-03T20:11:41,266035+00:00 IOCTL_HANDLER: Function rpmsg_ctrldev_release called at drivers/rpmsg/rpmsg_ctrl.c:68
2025-08-03T20:11:41,276736+00:00 IOCTL_HANDLER: Function rpmsg_eptdev_open called at drivers/rpmsg/rpmsg_char.c:120
2025-08-03T20:11:41,285410+00:00 FUNC_ENTRY: Entering function virtio_rpmsg_create_ept at drivers/rpmsg/virtio_rpmsg_bus.c:285
2025-08-03T20:11:41,300336+00:00 IOCTL_HANDLER: Function rpmsg_ctrldev_open called at drivers/rpmsg/rpmsg_ctrl.c:57
2025-08-03T20:11:41,309035+00:00 IOCTL_HANDLER: Function rpmsg_ctrldev_ioctl called at drivers/rpmsg/rpmsg_ctrl.c:79
2025-08-03T20:11:41,317763+00:00 USER_COPY: About to call copy_from_user from function rpmsg_ctrldev_ioctl at drivers/rpmsg/rpmsg_ctrl.c:87
2025-08-03T20:11:41,328465+00:00 USER_COPY_CONTEXT: Process PID=1711, COMM=tidlrt_clasific
2025-08-03T20:11:41,335228+00:00 IOCTL_HANDLER: Function rpmsg_ctrldev_release called at drivers/rpmsg/rpmsg_ctrl.c:68
2025-08-03T20:11:41,346018+00:00 IOCTL_HANDLER: Function rpmsg_eptdev_open called at drivers/rpmsg/rpmsg_char.c:120
2025-08-03T20:11:41,354655+00:00 FUNC_ENTRY: Entering function virtio_rpmsg_create_ept at drivers/rpmsg/virtio_rpmsg_bus.c:285
2025-08-03T20:11:41,369370+00:00 IOCTL_HANDLER: Function rpmsg_ctrldev_open called at drivers/rpmsg/rpmsg_ctrl.c:57
2025-08-03T20:11:41,378053+00:00 IOCTL_HANDLER: Function rpmsg_ctrldev_ioctl called at drivers/rpmsg/rpmsg_ctrl.c:79
2025-08-03T20:11:41,386745+00:00 USER_COPY: About to call copy_from_user from function rpmsg_ctrldev_ioctl at drivers/rpmsg/rpmsg_ctrl.c:87
2025-08-03T20:11:41,397474+00:00 USER_COPY_CONTEXT: Process PID=1711, COMM=tidlrt_clasific
2025-08-03T20:11:41,404684+00:00 IOCTL_HANDLER: Function rpmsg_ctrldev_release called at drivers/rpmsg/rpmsg_ctrl.c:68
2025-08-03T20:11:41,415459+00:00 IOCTL_HANDLER: Function rpmsg_eptdev_open called at drivers/rpmsg/rpmsg_char.c:120
2025-08-03T20:11:41,424095+00:00 FUNC_ENTRY: Entering function virtio_rpmsg_create_ept at drivers/rpmsg/virtio_rpmsg_bus.c:285
2025-08-03T20:11:41,438714+00:00 IOCTL_HANDLER: Function rpmsg_ctrldev_open called at drivers/rpmsg/rpmsg_ctrl.c:57
2025-08-03T20:11:41,447408+00:00 IOCTL_HANDLER: Function rpmsg_ctrldev_ioctl called at drivers/rpmsg/rpmsg_ctrl.c:79
2025-08-03T20:11:41,456100+00:00 USER_COPY: About to call copy_from_user from function rpmsg_ctrldev_ioctl at drivers/rpmsg/rpmsg_ctrl.c:87
2025-08-03T20:11:41,466831+00:00 USER_COPY_CONTEXT: Process PID=1711, COMM=tidlrt_clasific
2025-08-03T20:11:41,473609+00:00 IOCTL_HANDLER: Function rpmsg_ctrldev_release called at drivers/rpmsg/rpmsg_ctrl.c:68
2025-08-03T20:11:41,484277+00:00 IOCTL_HANDLER: Function rpmsg_eptdev_open called at drivers/rpmsg/rpmsg_char.c:120
2025-08-03T20:11:41,492916+00:00 FUNC_ENTRY: Entering function virtio_rpmsg_create_ept at drivers/rpmsg/virtio_rpmsg_bus.c:285
2025-08-03T20:11:41,513163+00:00 IOCTL_HANDLER: Function rpmsg_ctrldev_open called at drivers/rpmsg/rpmsg_ctrl.c:57
2025-08-03T20:11:41,521841+00:00 IOCTL_HANDLER: Function rpmsg_ctrldev_ioctl called at drivers/rpmsg/rpmsg_ctrl.c:79
2025-08-03T20:11:41,530770+00:00 USER_COPY: About to call copy_from_user from function rpmsg_ctrldev_ioctl at drivers/rpmsg/rpmsg_ctrl.c:87
2025-08-03T20:11:41,541557+00:00 USER_COPY_CONTEXT: Process PID=1711, COMM=tidlrt_clasific
2025-08-03T20:11:41,548405+00:00 IOCTL_HANDLER: Function rpmsg_ctrldev_release called at drivers/rpmsg/rpmsg_ctrl.c:68
2025-08-03T20:11:41,559538+00:00 IOCTL_HANDLER: Function rpmsg_eptdev_open called at drivers/rpmsg/rpmsg_char.c:120
2025-08-03T20:11:41,568230+00:00 FUNC_ENTRY: Entering function virtio_rpmsg_create_ept at drivers/rpmsg/virtio_rpmsg_bus.c:285
2025-08-03T20:11:41,583045+00:00 IOCTL_HANDLER: Function rpmsg_ctrldev_open called at drivers/rpmsg/rpmsg_ctrl.c:57
2025-08-03T20:11:41,591717+00:00 IOCTL_HANDLER: Function rpmsg_ctrldev_ioctl called at drivers/rpmsg/rpmsg_ctrl.c:79
2025-08-03T20:11:41,600410+00:00 USER_COPY: About to call copy_from_user from function rpmsg_ctrldev_ioctl at drivers/rpmsg/rpmsg_ctrl.c:87
2025-08-03T20:11:41,611100+00:00 USER_COPY_CONTEXT: Process PID=1711, COMM=tidlrt_clasific
2025-08-03T20:11:41,617860+00:00 IOCTL_HANDLER: Function rpmsg_ctrldev_release called at drivers/rpmsg/rpmsg_ctrl.c:68
2025-08-03T20:11:41,628961+00:00 IOCTL_HANDLER: Function rpmsg_eptdev_open called at drivers/rpmsg/rpmsg_char.c:120
2025-08-03T20:11:41,637576+00:00 FUNC_ENTRY: Entering function virtio_rpmsg_create_ept at drivers/rpmsg/virtio_rpmsg_bus.c:285
2025-08-03T20:11:41,652126+00:00 IOCTL_HANDLER: Function rpmsg_ctrldev_open called at drivers/rpmsg/rpmsg_ctrl.c:57
2025-08-03T20:11:41,660800+00:00 IOCTL_HANDLER: Function rpmsg_ctrldev_ioctl called at drivers/rpmsg/rpmsg_ctrl.c:79
2025-08-03T20:11:41,669490+00:00 USER_COPY: About to call copy_from_user from function rpmsg_ctrldev_ioctl at drivers/rpmsg/rpmsg_ctrl.c:87
2025-08-03T20:11:41,680180+00:00 USER_COPY_CONTEXT: Process PID=1711, COMM=tidlrt_clasific
2025-08-03T20:11:41,686930+00:00 IOCTL_HANDLER: Function rpmsg_ctrldev_release called at drivers/rpmsg/rpmsg_ctrl.c:68
2025-08-03T20:11:41,697782+00:00 IOCTL_HANDLER: Function rpmsg_eptdev_open called at drivers/rpmsg/rpmsg_char.c:120
2025-08-03T20:11:41,706392+00:00 FUNC_ENTRY: Entering function virtio_rpmsg_create_ept at drivers/rpmsg/virtio_rpmsg_bus.c:285
2025-08-03T20:11:41,721303+00:00 IOCTL_HANDLER: Function rpmsg_ctrldev_open called at drivers/rpmsg/rpmsg_ctrl.c:57
2025-08-03T20:11:41,729982+00:00 IOCTL_HANDLER: Function rpmsg_ctrldev_ioctl called at drivers/rpmsg/rpmsg_ctrl.c:79
2025-08-03T20:11:41,738676+00:00 USER_COPY: About to call copy_from_user from function rpmsg_ctrldev_ioctl at drivers/rpmsg/rpmsg_ctrl.c:87
2025-08-03T20:11:41,749366+00:00 USER_COPY_CONTEXT: Process PID=1711, COMM=tidlrt_clasific
2025-08-03T20:11:41,756109+00:00 IOCTL_HANDLER: Function rpmsg_ctrldev_release called at drivers/rpmsg/rpmsg_ctrl.c:68
2025-08-03T20:11:41,767109+00:00 IOCTL_HANDLER: Function rpmsg_eptdev_open called at drivers/rpmsg/rpmsg_char.c:120
2025-08-03T20:11:41,775719+00:00 FUNC_ENTRY: Entering function virtio_rpmsg_create_ept at drivers/rpmsg/virtio_rpmsg_bus.c:285
2025-08-03T20:11:41,790323+00:00 IOCTL_HANDLER: Function rpmsg_ctrldev_open called at drivers/rpmsg/rpmsg_ctrl.c:57
2025-08-03T20:11:41,799001+00:00 IOCTL_HANDLER: Function rpmsg_ctrldev_ioctl called at drivers/rpmsg/rpmsg_ctrl.c:79
2025-08-03T20:11:41,807902+00:00 USER_COPY: About to call copy_from_user from function rpmsg_ctrldev_ioctl at drivers/rpmsg/rpmsg_ctrl.c:87
2025-08-03T20:11:41,818743+00:00 USER_COPY_CONTEXT: Process PID=1711, COMM=tidlrt_clasific
2025-08-03T20:11:41,825627+00:00 IOCTL_HANDLER: Function rpmsg_ctrldev_release called at drivers/rpmsg/rpmsg_ctrl.c:68
2025-08-03T20:11:41,836267+00:00 IOCTL_HANDLER: Function rpmsg_eptdev_open called at drivers/rpmsg/rpmsg_char.c:120
2025-08-03T20:11:41,845097+00:00 FUNC_ENTRY: Entering function virtio_rpmsg_create_ept at drivers/rpmsg/virtio_rpmsg_bus.c:285
2025-08-03T20:11:41,890249+00:00 IOCTL_HANDLER: Function dma_heap_ioctl called at drivers/dma-buf/dma-heap.c:143
2025-08-03T20:11:41,898607+00:00 USER_COPY: About to call copy_from_user from function dma_heap_ioctl at drivers/dma-buf/dma-heap.c:175
2025-08-03T20:11:41,909217+00:00 USER_COPY_CONTEXT: Process PID=1711, COMM=tidlrt_clasific
2025-08-03T20:11:41,915866+00:00 IOCTL_HANDLER: Function dma_heap_ioctl_allocate called at drivers/dma-buf/dma-heap.c:111
2025-08-03T20:11:41,925085+00:00 FUNC_ENTRY: Entering function carveout_dma_heap_allocate at drivers/dma-buf/heaps/carveout-heap.c:289
2025-08-03T20:11:41,935449+00:00 DMA_INSTRUMENT: About to call dma_buf_export from function carveout_dma_heap_allocate at drivers/dma-buf/heaps/carveout-heap.c:319
2025-08-03T20:11:41,948305+00:00 DMA_STACK_START: Stack trace for dma_buf_export called from carveout_dma_heap_allocate
2025-08-03T20:11:41,957353+00:00 CPU: 1 PID: 1711 Comm: tidlrt_clasific Not tainted 6.1.80-dirty #34
2025-08-03T20:11:41,964645+00:00 Hardware name: Texas Instruments J721E SK (DT)
2025-08-03T20:11:41,970114+00:00 Call trace:
2025-08-03T20:11:41,972548+00:00  dump_backtrace.part.0+0xdc/0xf0
2025-08-03T20:11:41,976814+00:00  show_stack+0x18/0x30
2025-08-03T20:11:41,980117+00:00  dump_stack_lvl+0x68/0x84
2025-08-03T20:11:41,983768+00:00  dump_stack+0x18/0x34
2025-08-03T20:11:41,987070+00:00  carveout_dma_heap_allocate+0x164/0x1f4
2025-08-03T20:11:41,991935+00:00  dma_heap_ioctl+0x1b8/0x310
2025-08-03T20:11:41,995757+00:00  __arm64_sys_ioctl+0xa8/0xf0
2025-08-03T20:11:41,999669+00:00  invoke_syscall+0x48/0x114
2025-08-03T20:11:42,003405+00:00  el0_svc_common.constprop.0+0xd4/0xfc
2025-08-03T20:11:42,008093+00:00  do_el0_svc+0x20/0x30
2025-08-03T20:11:42,011395+00:00  el0_svc+0x28/0xa0
2025-08-03T20:11:42,014437+00:00  el0t_64_sync_handler+0xbc/0x140
2025-08-03T20:11:42,018693+00:00  el0t_64_sync+0x18c/0x190
2025-08-03T20:11:42,023091+00:00 DMA_STACK_END: End of stack trace for dma_buf_export
2025-08-03T20:11:42,029144+00:00 DMA_INSTRUMENT: About to call dma_buf_put from function dma_heap_buffer_alloc at drivers/dma-buf/dma-heap.c:80
2025-08-03T20:11:42,040174+00:00 DMA_STACK_START: Stack trace for dma_buf_put called from dma_heap_buffer_alloc
2025-08-03T20:11:42,048456+00:00 CPU: 1 PID: 1711 Comm: tidlrt_clasific Not tainted 6.1.80-dirty #34
2025-08-03T20:11:42,055747+00:00 Hardware name: Texas Instruments J721E SK (DT)
2025-08-03T20:11:42,061215+00:00 Call trace:
2025-08-03T20:11:42,063649+00:00  dump_backtrace.part.0+0xdc/0xf0
2025-08-03T20:11:42,067912+00:00  show_stack+0x18/0x30
2025-08-03T20:11:42,071216+00:00  dump_stack_lvl+0x68/0x84
2025-08-03T20:11:42,074865+00:00  dump_stack+0x18/0x34
2025-08-03T20:11:42,078168+00:00  dma_heap_ioctl+0x298/0x310
2025-08-03T20:11:42,081991+00:00  __arm64_sys_ioctl+0xa8/0xf0
2025-08-03T20:11:42,085901+00:00  invoke_syscall+0x48/0x114
2025-08-03T20:11:42,089638+00:00  el0_svc_common.constprop.0+0xd4/0xfc
2025-08-03T20:11:42,094326+00:00  do_el0_svc+0x20/0x30
2025-08-03T20:11:42,097627+00:00  el0_svc+0x28/0xa0
2025-08-03T20:11:42,100669+00:00  el0t_64_sync_handler+0xbc/0x140
2025-08-03T20:11:42,104926+00:00  el0t_64_sync+0x18c/0x190
2025-08-03T20:11:42,108596+00:00 DMA_STACK_END: End of stack trace for dma_buf_put
2025-08-03T20:11:42,114366+00:00 USER_COPY: About to call copy_to_user from function dma_heap_ioctl at drivers/dma-buf/dma-heap.c:195
2025-08-03T20:11:42,124526+00:00 USER_COPY_CONTEXT: Process PID=1711, COMM=tidlrt_clasific
2025-08-03T20:11:42,131130+00:00 FUNC_ENTRY: Entering function dma_heap_mmap at drivers/dma-buf/heaps/carveout-heap.c:207
2025-08-03T20:11:42,140419+00:00 IOCTL_HANDLER: Function dma_buf_phys_open called at drivers/misc/dma-buf-phys.c:37
2025-08-03T20:11:42,149194+00:00 IOCTL_HANDLER: Function dma_buf_phys_ioctl called at drivers/misc/dma-buf-phys.c:159
2025-08-03T20:11:42,158001+00:00 USER_COPY: About to call copy_from_user from function dma_buf_phys_ioctl at drivers/misc/dma-buf-phys.c:176
2025-08-03T20:11:42,168798+00:00 USER_COPY_CONTEXT: Process PID=1711, COMM=tidlrt_clasific
2025-08-03T20:11:42,175235+00:00 DMA_INSTRUMENT: About to call dma_buf_get from function dma_buf_phys_convert at drivers/misc/dma-buf-phys.c:89
2025-08-03T20:11:42,186291+00:00 DMA_STACK_START: Stack trace for dma_buf_get called from dma_buf_phys_convert
2025-08-03T20:11:42,194459+00:00 CPU: 1 PID: 1711 Comm: tidlrt_clasific Not tainted 6.1.80-dirty #34
2025-08-03T20:11:42,201750+00:00 Hardware name: Texas Instruments J721E SK (DT)
2025-08-03T20:11:42,207218+00:00 Call trace:
2025-08-03T20:11:42,209652+00:00  dump_backtrace.part.0+0xdc/0xf0
2025-08-03T20:11:42,213915+00:00  show_stack+0x18/0x30
2025-08-03T20:11:42,217217+00:00  dump_stack_lvl+0x68/0x84
2025-08-03T20:11:42,220869+00:00  dump_stack+0x18/0x34
2025-08-03T20:11:42,224170+00:00  dma_buf_phys_ioctl+0x11c/0x39c
2025-08-03T20:11:42,228340+00:00  __arm64_sys_ioctl+0xa8/0xf0
2025-08-03T20:11:42,232251+00:00  invoke_syscall+0x48/0x114
2025-08-03T20:11:42,235987+00:00  el0_svc_common.constprop.0+0xd4/0xfc
2025-08-03T20:11:42,240677+00:00  do_el0_svc+0x20/0x30
2025-08-03T20:11:42,243979+00:00  el0_svc+0x28/0xa0
2025-08-03T20:11:42,247021+00:00  el0t_64_sync_handler+0xbc/0x140
2025-08-03T20:11:42,251277+00:00  el0t_64_sync+0x18c/0x190
2025-08-03T20:11:42,254970+00:00 DMA_STACK_END: End of stack trace for dma_buf_get
2025-08-03T20:11:42,260737+00:00 DMA_INSTRUMENT: About to call dma_buf_attach from function dma_buf_phys_convert at drivers/misc/dma-buf-phys.c:98
2025-08-03T20:11:42,272023+00:00 DMA_STACK_START: Stack trace for dma_buf_attach called from dma_buf_phys_convert
2025-08-03T20:11:42,280464+00:00 CPU: 1 PID: 1711 Comm: tidlrt_clasific Not tainted 6.1.80-dirty #34
2025-08-03T20:11:42,287755+00:00 Hardware name: Texas Instruments J721E SK (DT)
2025-08-03T20:11:42,293223+00:00 Call trace:
2025-08-03T20:11:42,295656+00:00  dump_backtrace.part.0+0xdc/0xf0
2025-08-03T20:11:42,299917+00:00  show_stack+0x18/0x30
2025-08-03T20:11:42,303219+00:00  dump_stack_lvl+0x68/0x84
2025-08-03T20:11:42,306870+00:00  dump_stack+0x18/0x34
2025-08-03T20:11:42,310171+00:00  dma_buf_phys_ioctl+0x170/0x39c
2025-08-03T20:11:42,314341+00:00  __arm64_sys_ioctl+0xa8/0xf0
2025-08-03T20:11:42,318251+00:00  invoke_syscall+0x48/0x114
2025-08-03T20:11:42,321988+00:00  el0_svc_common.constprop.0+0xd4/0xfc
2025-08-03T20:11:42,326676+00:00  do_el0_svc+0x20/0x30
2025-08-03T20:11:42,329977+00:00  el0_svc+0x28/0xa0
2025-08-03T20:11:42,333019+00:00  el0t_64_sync_handler+0xbc/0x140
2025-08-03T20:11:42,337274+00:00  el0t_64_sync+0x18c/0x190
2025-08-03T20:11:42,340938+00:00 DMA_STACK_END: End of stack trace for dma_buf_attach
2025-08-03T20:11:42,346956+00:00 FUNC_ENTRY: Entering function dma_heap_attach at drivers/dma-buf/heaps/carveout-heap.c:55
2025-08-03T20:11:42,356163+00:00 DMA_INSTRUMENT: About to call dma_buf_map_attachment from function dma_buf_phys_convert at drivers/misc/dma-buf-phys.c:108
2025-08-03T20:11:42,368252+00:00 DMA_STACK_START: Stack trace for dma_buf_map_attachment called from dma_buf_phys_convert
2025-08-03T20:11:42,377375+00:00 CPU: 1 PID: 1711 Comm: tidlrt_clasific Not tainted 6.1.80-dirty #34
2025-08-03T20:11:42,384664+00:00 Hardware name: Texas Instruments J721E SK (DT)
2025-08-03T20:11:42,390132+00:00 Call trace:
2025-08-03T20:11:42,392565+00:00  dump_backtrace.part.0+0xdc/0xf0
2025-08-03T20:11:42,396826+00:00  show_stack+0x18/0x30
2025-08-03T20:11:42,400129+00:00  dump_stack_lvl+0x68/0x84
2025-08-03T20:11:42,403779+00:00  dump_stack+0x18/0x34
2025-08-03T20:11:42,407081+00:00  dma_buf_phys_ioctl+0x1c8/0x39c
2025-08-03T20:11:42,411252+00:00  __arm64_sys_ioctl+0xa8/0xf0
2025-08-03T20:11:42,415162+00:00  invoke_syscall+0x48/0x114
2025-08-03T20:11:42,418899+00:00  el0_svc_common.constprop.0+0xd4/0xfc
2025-08-03T20:11:42,423588+00:00  do_el0_svc+0x20/0x30
2025-08-03T20:11:42,426890+00:00  el0_svc+0x28/0xa0
2025-08-03T20:11:42,429932+00:00  el0t_64_sync_handler+0xbc/0x140
2025-08-03T20:11:42,434188+00:00  el0t_64_sync+0x18c/0x190
2025-08-03T20:11:42,437871+00:00 DMA_STACK_END: End of stack trace for dma_buf_map_attachment
2025-08-03T20:11:42,444586+00:00 FUNC_ENTRY: Entering function dma_heap_map_dma_buf at drivers/dma-buf/heaps/carveout-heap.c:107
2025-08-03T20:11:42,454325+00:00 USER_COPY: About to call copy_to_user from function dma_buf_phys_ioctl at drivers/misc/dma-buf-phys.c:185
2025-08-03T20:11:42,464932+00:00 USER_COPY_CONTEXT: Process PID=1711, COMM=tidlrt_clasific
2025-08-03T20:11:42,471995+00:00 IOCTL_HANDLER: Function dma_heap_ioctl called at drivers/dma-buf/dma-heap.c:143
2025-08-03T20:11:42,480353+00:00 USER_COPY: About to call copy_from_user from function dma_heap_ioctl at drivers/dma-buf/dma-heap.c:175
2025-08-03T20:11:42,490713+00:00 USER_COPY_CONTEXT: Process PID=1711, COMM=tidlrt_clasific
2025-08-03T20:11:42,497144+00:00 IOCTL_HANDLER: Function dma_heap_ioctl_allocate called at drivers/dma-buf/dma-heap.c:111
2025-08-03T20:11:42,506280+00:00 FUNC_ENTRY: Entering function carveout_dma_heap_allocate at drivers/dma-buf/heaps/carveout-heap.c:289
2025-08-03T20:11:42,516527+00:00 DMA_INSTRUMENT: About to call dma_buf_export from function carveout_dma_heap_allocate at drivers/dma-buf/heaps/carveout-heap.c:319
2025-08-03T20:11:42,529307+00:00 DMA_STACK_START: Stack trace for dma_buf_export called from carveout_dma_heap_allocate
2025-08-03T20:11:42,538250+00:00 CPU: 1 PID: 1711 Comm: tidlrt_clasific Not tainted 6.1.80-dirty #34
2025-08-03T20:11:42,545541+00:00 Hardware name: Texas Instruments J721E SK (DT)
2025-08-03T20:11:42,551009+00:00 Call trace:
2025-08-03T20:11:42,553443+00:00  dump_backtrace.part.0+0xdc/0xf0
2025-08-03T20:11:42,557707+00:00  show_stack+0x18/0x30
2025-08-03T20:11:42,561010+00:00  dump_stack_lvl+0x68/0x84
2025-08-03T20:11:42,564660+00:00  dump_stack+0x18/0x34
2025-08-03T20:11:42,567962+00:00  carveout_dma_heap_allocate+0x164/0x1f4
2025-08-03T20:11:42,572826+00:00  dma_heap_ioctl+0x1b8/0x310
2025-08-03T20:11:42,576648+00:00  __arm64_sys_ioctl+0xa8/0xf0
2025-08-03T20:11:42,580559+00:00  invoke_syscall+0x48/0x114
2025-08-03T20:11:42,584295+00:00  el0_svc_common.constprop.0+0xd4/0xfc
2025-08-03T20:11:42,588983+00:00  do_el0_svc+0x20/0x30
2025-08-03T20:11:42,592286+00:00  el0_svc+0x28/0xa0
2025-08-03T20:11:42,595328+00:00  el0t_64_sync_handler+0xbc/0x140
2025-08-03T20:11:42,599584+00:00  el0t_64_sync+0x18c/0x190
2025-08-03T20:11:42,603276+00:00 DMA_STACK_END: End of stack trace for dma_buf_export
2025-08-03T20:11:42,609322+00:00 DMA_INSTRUMENT: About to call dma_buf_put from function dma_heap_buffer_alloc at drivers/dma-buf/dma-heap.c:80
2025-08-03T20:11:42,620349+00:00 DMA_STACK_START: Stack trace for dma_buf_put called from dma_heap_buffer_alloc
2025-08-03T20:11:42,628623+00:00 CPU: 1 PID: 1711 Comm: tidlrt_clasific Not tainted 6.1.80-dirty #34
2025-08-03T20:11:42,635913+00:00 Hardware name: Texas Instruments J721E SK (DT)
2025-08-03T20:11:42,641380+00:00 Call trace:
2025-08-03T20:11:42,643814+00:00  dump_backtrace.part.0+0xdc/0xf0
2025-08-03T20:11:42,648076+00:00  show_stack+0x18/0x30
2025-08-03T20:11:42,651379+00:00  dump_stack_lvl+0x68/0x84
2025-08-03T20:11:42,655028+00:00  dump_stack+0x18/0x34
2025-08-03T20:11:42,658329+00:00  dma_heap_ioctl+0x298/0x310
2025-08-03T20:11:42,662152+00:00  __arm64_sys_ioctl+0xa8/0xf0
2025-08-03T20:11:42,666063+00:00  invoke_syscall+0x48/0x114
2025-08-03T20:11:42,669799+00:00  el0_svc_common.constprop.0+0xd4/0xfc
2025-08-03T20:11:42,674487+00:00  do_el0_svc+0x20/0x30
2025-08-03T20:11:42,677789+00:00  el0_svc+0x28/0xa0
2025-08-03T20:11:42,680832+00:00  el0t_64_sync_handler+0xbc/0x140
2025-08-03T20:11:42,685088+00:00  el0t_64_sync+0x18c/0x190
2025-08-03T20:11:42,688786+00:00 DMA_STACK_END: End of stack trace for dma_buf_put
2025-08-03T20:11:42,694548+00:00 USER_COPY: About to call copy_to_user from function dma_heap_ioctl at drivers/dma-buf/dma-heap.c:195
2025-08-03T20:11:42,704709+00:00 USER_COPY_CONTEXT: Process PID=1711, COMM=tidlrt_clasific
2025-08-03T20:11:42,711324+00:00 FUNC_ENTRY: Entering function dma_heap_mmap at drivers/dma-buf/heaps/carveout-heap.c:207
2025-08-03T20:11:42,720628+00:00 IOCTL_HANDLER: Function dma_buf_phys_open called at drivers/misc/dma-buf-phys.c:37
2025-08-03T20:11:42,729391+00:00 IOCTL_HANDLER: Function dma_buf_phys_ioctl called at drivers/misc/dma-buf-phys.c:159
2025-08-03T20:11:42,738200+00:00 USER_COPY: About to call copy_from_user from function dma_buf_phys_ioctl at drivers/misc/dma-buf-phys.c:176
2025-08-03T20:11:42,748995+00:00 USER_COPY_CONTEXT: Process PID=1711, COMM=tidlrt_clasific
2025-08-03T20:11:42,755429+00:00 DMA_INSTRUMENT: About to call dma_buf_get from function dma_buf_phys_convert at drivers/misc/dma-buf-phys.c:89
2025-08-03T20:11:42,766475+00:00 DMA_STACK_START: Stack trace for dma_buf_get called from dma_buf_phys_convert
2025-08-03T20:11:42,774644+00:00 CPU: 1 PID: 1711 Comm: tidlrt_clasific Not tainted 6.1.80-dirty #34
2025-08-03T20:11:42,781934+00:00 Hardware name: Texas Instruments J721E SK (DT)
2025-08-03T20:11:42,787402+00:00 Call trace:
2025-08-03T20:11:42,789836+00:00  dump_backtrace.part.0+0xdc/0xf0
2025-08-03T20:11:42,794099+00:00  show_stack+0x18/0x30
2025-08-03T20:11:42,797403+00:00  dump_stack_lvl+0x68/0x84
2025-08-03T20:11:42,801054+00:00  dump_stack+0x18/0x34
2025-08-03T20:11:42,804356+00:00  dma_buf_phys_ioctl+0x11c/0x39c
2025-08-03T20:11:42,808526+00:00  __arm64_sys_ioctl+0xa8/0xf0
2025-08-03T20:11:42,812437+00:00  invoke_syscall+0x48/0x114
2025-08-03T20:11:42,816173+00:00  el0_svc_common.constprop.0+0xd4/0xfc
2025-08-03T20:11:42,820861+00:00  do_el0_svc+0x20/0x30
2025-08-03T20:11:42,824164+00:00  el0_svc+0x28/0xa0
2025-08-03T20:11:42,827206+00:00  el0t_64_sync_handler+0xbc/0x140
2025-08-03T20:11:42,831462+00:00  el0t_64_sync+0x18c/0x190
2025-08-03T20:11:42,835167+00:00 DMA_STACK_END: End of stack trace for dma_buf_get
2025-08-03T20:11:42,840936+00:00 DMA_INSTRUMENT: About to call dma_buf_attach from function dma_buf_phys_convert at drivers/misc/dma-buf-phys.c:98
2025-08-03T20:11:42,852221+00:00 DMA_STACK_START: Stack trace for dma_buf_attach called from dma_buf_phys_convert
2025-08-03T20:11:42,860673+00:00 CPU: 1 PID: 1711 Comm: tidlrt_clasific Not tainted 6.1.80-dirty #34
2025-08-03T20:11:42,867964+00:00 Hardware name: Texas Instruments J721E SK (DT)
2025-08-03T20:11:42,873432+00:00 Call trace:
2025-08-03T20:11:42,875865+00:00  dump_backtrace.part.0+0xdc/0xf0
2025-08-03T20:11:42,880127+00:00  show_stack+0x18/0x30
2025-08-03T20:11:42,883428+00:00  dump_stack_lvl+0x68/0x84
2025-08-03T20:11:42,887078+00:00  dump_stack+0x18/0x34
2025-08-03T20:11:42,890380+00:00  dma_buf_phys_ioctl+0x170/0x39c
2025-08-03T20:11:42,894550+00:00  __arm64_sys_ioctl+0xa8/0xf0
2025-08-03T20:11:42,898462+00:00  invoke_syscall+0x48/0x114
2025-08-03T20:11:42,902198+00:00  el0_svc_common.constprop.0+0xd4/0xfc
2025-08-03T20:11:42,906887+00:00  do_el0_svc+0x20/0x30
2025-08-03T20:11:42,910189+00:00  el0_svc+0x28/0xa0
2025-08-03T20:11:42,913231+00:00  el0t_64_sync_handler+0xbc/0x140
2025-08-03T20:11:42,917487+00:00  el0t_64_sync+0x18c/0x190
2025-08-03T20:11:42,921152+00:00 DMA_STACK_END: End of stack trace for dma_buf_attach
2025-08-03T20:11:42,927172+00:00 FUNC_ENTRY: Entering function dma_heap_attach at drivers/dma-buf/heaps/carveout-heap.c:55
2025-08-03T20:11:42,936380+00:00 DMA_INSTRUMENT: About to call dma_buf_map_attachment from function dma_buf_phys_convert at drivers/misc/dma-buf-phys.c:108
2025-08-03T20:11:42,948469+00:00 DMA_STACK_START: Stack trace for dma_buf_map_attachment called from dma_buf_phys_convert
2025-08-03T20:11:42,957606+00:00 CPU: 1 PID: 1711 Comm: tidlrt_clasific Not tainted 6.1.80-dirty #34
2025-08-03T20:11:42,964896+00:00 Hardware name: Texas Instruments J721E SK (DT)
2025-08-03T20:11:42,970363+00:00 Call trace:
2025-08-03T20:11:42,972796+00:00  dump_backtrace.part.0+0xdc/0xf0
2025-08-03T20:11:42,977056+00:00  show_stack+0x18/0x30
2025-08-03T20:11:42,980359+00:00  dump_stack_lvl+0x68/0x84
2025-08-03T20:11:42,984008+00:00  dump_stack+0x18/0x34
2025-08-03T20:11:42,987309+00:00  dma_buf_phys_ioctl+0x1c8/0x39c
2025-08-03T20:11:42,991479+00:00  __arm64_sys_ioctl+0xa8/0xf0
2025-08-03T20:11:42,995389+00:00  invoke_syscall+0x48/0x114
2025-08-03T20:11:42,999125+00:00  el0_svc_common.constprop.0+0xd4/0xfc
2025-08-03T20:11:43,003814+00:00  do_el0_svc+0x20/0x30
2025-08-03T20:11:43,007117+00:00  el0_svc+0x28/0xa0
2025-08-03T20:11:43,010159+00:00  el0t_64_sync_handler+0xbc/0x140
2025-08-03T20:11:43,014415+00:00  el0t_64_sync+0x18c/0x190
2025-08-03T20:11:43,018098+00:00 DMA_STACK_END: End of stack trace for dma_buf_map_attachment
2025-08-03T20:11:43,024816+00:00 FUNC_ENTRY: Entering function dma_heap_map_dma_buf at drivers/dma-buf/heaps/carveout-heap.c:107
2025-08-03T20:11:43,035273+00:00 USER_COPY: About to call copy_to_user from function dma_buf_phys_ioctl at drivers/misc/dma-buf-phys.c:185
2025-08-03T20:11:43,045869+00:00 USER_COPY_CONTEXT: Process PID=1711, COMM=tidlrt_clasific
2025-08-03T20:11:43,058026+00:00 IOCTL_HANDLER: Function dma_heap_ioctl called at drivers/dma-buf/dma-heap.c:143
2025-08-03T20:11:43,066376+00:00 USER_COPY: About to call copy_from_user from function dma_heap_ioctl at drivers/dma-buf/dma-heap.c:175
2025-08-03T20:11:43,076713+00:00 USER_COPY_CONTEXT: Process PID=1711, COMM=tidlrt_clasific
2025-08-03T20:11:43,083199+00:00 IOCTL_HANDLER: Function dma_heap_ioctl_allocate called at drivers/dma-buf/dma-heap.c:111
2025-08-03T20:11:43,092331+00:00 FUNC_ENTRY: Entering function carveout_dma_heap_allocate at drivers/dma-buf/heaps/carveout-heap.c:289
2025-08-03T20:11:43,102606+00:00 DMA_INSTRUMENT: About to call dma_buf_export from function carveout_dma_heap_allocate at drivers/dma-buf/heaps/carveout-heap.c:319
2025-08-03T20:11:43,115376+00:00 DMA_STACK_START: Stack trace for dma_buf_export called from carveout_dma_heap_allocate
2025-08-03T20:11:43,124351+00:00 CPU: 1 PID: 1711 Comm: tidlrt_clasific Not tainted 6.1.80-dirty #34
2025-08-03T20:11:43,131644+00:00 Hardware name: Texas Instruments J721E SK (DT)
2025-08-03T20:11:43,137112+00:00 Call trace:
2025-08-03T20:11:43,139546+00:00  dump_backtrace.part.0+0xdc/0xf0
2025-08-03T20:11:43,143811+00:00  show_stack+0x18/0x30
2025-08-03T20:11:43,147114+00:00  dump_stack_lvl+0x68/0x84
2025-08-03T20:11:43,150765+00:00  dump_stack+0x18/0x34
2025-08-03T20:11:43,154067+00:00  carveout_dma_heap_allocate+0x164/0x1f4
2025-08-03T20:11:43,158931+00:00  dma_heap_ioctl+0x1b8/0x310
2025-08-03T20:11:43,162753+00:00  __arm64_sys_ioctl+0xa8/0xf0
2025-08-03T20:11:43,166664+00:00  invoke_syscall+0x48/0x114
2025-08-03T20:11:43,170400+00:00  el0_svc_common.constprop.0+0xd4/0xfc
2025-08-03T20:11:43,175088+00:00  do_el0_svc+0x20/0x30
2025-08-03T20:11:43,178389+00:00  el0_svc+0x28/0xa0
2025-08-03T20:11:43,181431+00:00  el0t_64_sync_handler+0xbc/0x140
2025-08-03T20:11:43,185687+00:00  el0t_64_sync+0x18c/0x190
2025-08-03T20:11:43,189379+00:00 DMA_STACK_END: End of stack trace for dma_buf_export
2025-08-03T20:11:43,195443+00:00 DMA_INSTRUMENT: About to call dma_buf_put from function dma_heap_buffer_alloc at drivers/dma-buf/dma-heap.c:80
2025-08-03T20:11:43,206483+00:00 DMA_STACK_START: Stack trace for dma_buf_put called from dma_heap_buffer_alloc
2025-08-03T20:11:43,214757+00:00 CPU: 1 PID: 1711 Comm: tidlrt_clasific Not tainted 6.1.80-dirty #34
2025-08-03T20:11:43,222048+00:00 Hardware name: Texas Instruments J721E SK (DT)
2025-08-03T20:11:43,227515+00:00 Call trace:
2025-08-03T20:11:43,229948+00:00  dump_backtrace.part.0+0xdc/0xf0
2025-08-03T20:11:43,234210+00:00  show_stack+0x18/0x30
2025-08-03T20:11:43,237513+00:00  dump_stack_lvl+0x68/0x84
2025-08-03T20:11:43,241164+00:00  dump_stack+0x18/0x34
2025-08-03T20:11:43,244465+00:00  dma_heap_ioctl+0x298/0x310
2025-08-03T20:11:43,248288+00:00  __arm64_sys_ioctl+0xa8/0xf0
2025-08-03T20:11:43,252198+00:00  invoke_syscall+0x48/0x114
2025-08-03T20:11:43,255934+00:00  el0_svc_common.constprop.0+0xd4/0xfc
2025-08-03T20:11:43,260622+00:00  do_el0_svc+0x20/0x30
2025-08-03T20:11:43,263925+00:00  el0_svc+0x28/0xa0
2025-08-03T20:11:43,266967+00:00  el0t_64_sync_handler+0xbc/0x140
2025-08-03T20:11:43,271222+00:00  el0t_64_sync+0x18c/0x190
2025-08-03T20:11:43,274895+00:00 DMA_STACK_END: End of stack trace for dma_buf_put
2025-08-03T20:11:43,280660+00:00 USER_COPY: About to call copy_to_user from function dma_heap_ioctl at drivers/dma-buf/dma-heap.c:195
2025-08-03T20:11:43,290831+00:00 USER_COPY_CONTEXT: Process PID=1711, COMM=tidlrt_clasific
2025-08-03T20:11:43,297449+00:00 FUNC_ENTRY: Entering function dma_heap_mmap at drivers/dma-buf/heaps/carveout-heap.c:207
2025-08-03T20:11:43,306757+00:00 IOCTL_HANDLER: Function dma_buf_phys_open called at drivers/misc/dma-buf-phys.c:37
2025-08-03T20:11:43,315532+00:00 IOCTL_HANDLER: Function dma_buf_phys_ioctl called at drivers/misc/dma-buf-phys.c:159
2025-08-03T20:11:43,324349+00:00 USER_COPY: About to call copy_from_user from function dma_buf_phys_ioctl at drivers/misc/dma-buf-phys.c:176
2025-08-03T20:11:43,335119+00:00 USER_COPY_CONTEXT: Process PID=1711, COMM=tidlrt_clasific
2025-08-03T20:11:43,341570+00:00 DMA_INSTRUMENT: About to call dma_buf_get from function dma_buf_phys_convert at drivers/misc/dma-buf-phys.c:89
2025-08-03T20:11:43,352597+00:00 DMA_STACK_START: Stack trace for dma_buf_get called from dma_buf_phys_convert
2025-08-03T20:11:43,360777+00:00 CPU: 0 PID: 1711 Comm: tidlrt_clasific Not tainted 6.1.80-dirty #34
2025-08-03T20:11:43,368069+00:00 Hardware name: Texas Instruments J721E SK (DT)
2025-08-03T20:11:43,373537+00:00 Call trace:
2025-08-03T20:11:43,375971+00:00  dump_backtrace.part.0+0xdc/0xf0
2025-08-03T20:11:43,380236+00:00  show_stack+0x18/0x30
2025-08-03T20:11:43,383540+00:00  dump_stack_lvl+0x68/0x84
2025-08-03T20:11:43,387190+00:00  dump_stack+0x18/0x34
2025-08-03T20:11:43,390492+00:00  dma_buf_phys_ioctl+0x11c/0x39c
2025-08-03T20:11:43,394662+00:00  __arm64_sys_ioctl+0xa8/0xf0
2025-08-03T20:11:43,398574+00:00  invoke_syscall+0x48/0x114
2025-08-03T20:11:43,402310+00:00  el0_svc_common.constprop.0+0xd4/0xfc
2025-08-03T20:11:43,406999+00:00  do_el0_svc+0x20/0x30
2025-08-03T20:11:43,410301+00:00  el0_svc+0x28/0xa0
2025-08-03T20:11:43,413343+00:00  el0t_64_sync_handler+0xbc/0x140
2025-08-03T20:11:43,417599+00:00  el0t_64_sync+0x18c/0x190
2025-08-03T20:11:43,421280+00:00 DMA_STACK_END: End of stack trace for dma_buf_get
2025-08-03T20:11:43,427052+00:00 DMA_INSTRUMENT: About to call dma_buf_attach from function dma_buf_phys_convert at drivers/misc/dma-buf-phys.c:98
2025-08-03T20:11:43,438341+00:00 DMA_STACK_START: Stack trace for dma_buf_attach called from dma_buf_phys_convert
2025-08-03T20:11:43,446778+00:00 CPU: 0 PID: 1711 Comm: tidlrt_clasific Not tainted 6.1.80-dirty #34
2025-08-03T20:11:43,454070+00:00 Hardware name: Texas Instruments J721E SK (DT)
2025-08-03T20:11:43,459538+00:00 Call trace:
2025-08-03T20:11:43,461971+00:00  dump_backtrace.part.0+0xdc/0xf0
2025-08-03T20:11:43,466234+00:00  show_stack+0x18/0x30
2025-08-03T20:11:43,469537+00:00  dump_stack_lvl+0x68/0x84
2025-08-03T20:11:43,473187+00:00  dump_stack+0x18/0x34
2025-08-03T20:11:43,476489+00:00  dma_buf_phys_ioctl+0x170/0x39c
2025-08-03T20:11:43,480659+00:00  __arm64_sys_ioctl+0xa8/0xf0
2025-08-03T20:11:43,484570+00:00  invoke_syscall+0x48/0x114
2025-08-03T20:11:43,488305+00:00  el0_svc_common.constprop.0+0xd4/0xfc
2025-08-03T20:11:43,492994+00:00  do_el0_svc+0x20/0x30
2025-08-03T20:11:43,496296+00:00  el0_svc+0x28/0xa0
2025-08-03T20:11:43,499338+00:00  el0t_64_sync_handler+0xbc/0x140
2025-08-03T20:11:43,503595+00:00  el0t_64_sync+0x18c/0x190
2025-08-03T20:11:43,507259+00:00 DMA_STACK_END: End of stack trace for dma_buf_attach
2025-08-03T20:11:43,513280+00:00 FUNC_ENTRY: Entering function dma_heap_attach at drivers/dma-buf/heaps/carveout-heap.c:55
2025-08-03T20:11:43,522492+00:00 DMA_INSTRUMENT: About to call dma_buf_map_attachment from function dma_buf_phys_convert at drivers/misc/dma-buf-phys.c:108
2025-08-03T20:11:43,534570+00:00 DMA_STACK_START: Stack trace for dma_buf_map_attachment called from dma_buf_phys_convert
2025-08-03T20:11:43,543691+00:00 CPU: 0 PID: 1711 Comm: tidlrt_clasific Not tainted 6.1.80-dirty #34
2025-08-03T20:11:43,550980+00:00 Hardware name: Texas Instruments J721E SK (DT)
2025-08-03T20:11:43,556447+00:00 Call trace:
2025-08-03T20:11:43,558880+00:00  dump_backtrace.part.0+0xdc/0xf0
2025-08-03T20:11:43,563141+00:00  show_stack+0x18/0x30
2025-08-03T20:11:43,566444+00:00  dump_stack_lvl+0x68/0x84
2025-08-03T20:11:43,570094+00:00  dump_stack+0x18/0x34
2025-08-03T20:11:43,573397+00:00  dma_buf_phys_ioctl+0x1c8/0x39c
2025-08-03T20:11:43,577567+00:00  __arm64_sys_ioctl+0xa8/0xf0
2025-08-03T20:11:43,581477+00:00  invoke_syscall+0x48/0x114
2025-08-03T20:11:43,585213+00:00  el0_svc_common.constprop.0+0xd4/0xfc
2025-08-03T20:11:43,589901+00:00  do_el0_svc+0x20/0x30
2025-08-03T20:11:43,593204+00:00  el0_svc+0x28/0xa0
2025-08-03T20:11:43,596246+00:00  el0t_64_sync_handler+0xbc/0x140
2025-08-03T20:11:43,600502+00:00  el0t_64_sync+0x18c/0x190
2025-08-03T20:11:43,604177+00:00 DMA_STACK_END: End of stack trace for dma_buf_map_attachment
2025-08-03T20:11:43,610894+00:00 FUNC_ENTRY: Entering function dma_heap_map_dma_buf at drivers/dma-buf/heaps/carveout-heap.c:107
2025-08-03T20:11:43,621217+00:00 USER_COPY: About to call copy_to_user from function dma_buf_phys_ioctl at drivers/misc/dma-buf-phys.c:185
2025-08-03T20:11:43,632007+00:00 USER_COPY_CONTEXT: Process PID=1711, COMM=tidlrt_clasific
2025-08-03T20:11:43,638837+00:00 IOCTL_HANDLER: Function dma_heap_ioctl called at drivers/dma-buf/dma-heap.c:143
2025-08-03T20:11:43,647193+00:00 USER_COPY: About to call copy_from_user from function dma_heap_ioctl at drivers/dma-buf/dma-heap.c:175
2025-08-03T20:11:43,657559+00:00 USER_COPY_CONTEXT: Process PID=1711, COMM=tidlrt_clasific
2025-08-03T20:11:43,663994+00:00 IOCTL_HANDLER: Function dma_heap_ioctl_allocate called at drivers/dma-buf/dma-heap.c:111
2025-08-03T20:11:43,673142+00:00 FUNC_ENTRY: Entering function carveout_dma_heap_allocate at drivers/dma-buf/heaps/carveout-heap.c:289
2025-08-03T20:11:43,683403+00:00 DMA_INSTRUMENT: About to call dma_buf_export from function carveout_dma_heap_allocate at drivers/dma-buf/heaps/carveout-heap.c:319
2025-08-03T20:11:43,696183+00:00 DMA_STACK_START: Stack trace for dma_buf_export called from carveout_dma_heap_allocate
2025-08-03T20:11:43,705145+00:00 CPU: 1 PID: 1711 Comm: tidlrt_clasific Not tainted 6.1.80-dirty #34
2025-08-03T20:11:43,712435+00:00 Hardware name: Texas Instruments J721E SK (DT)
2025-08-03T20:11:43,717904+00:00 Call trace:
2025-08-03T20:11:43,720337+00:00  dump_backtrace.part.0+0xdc/0xf0
2025-08-03T20:11:43,724601+00:00  show_stack+0x18/0x30
2025-08-03T20:11:43,727904+00:00  dump_stack_lvl+0x68/0x84
2025-08-03T20:11:43,731554+00:00  dump_stack+0x18/0x34
2025-08-03T20:11:43,734857+00:00  carveout_dma_heap_allocate+0x164/0x1f4
2025-08-03T20:11:43,739721+00:00  dma_heap_ioctl+0x1b8/0x310
2025-08-03T20:11:43,743544+00:00  __arm64_sys_ioctl+0xa8/0xf0
2025-08-03T20:11:43,747455+00:00  invoke_syscall+0x48/0x114
2025-08-03T20:11:43,751191+00:00  el0_svc_common.constprop.0+0xd4/0xfc
2025-08-03T20:11:43,755880+00:00  do_el0_svc+0x20/0x30
2025-08-03T20:11:43,759181+00:00  el0_svc+0x28/0xa0
2025-08-03T20:11:43,762224+00:00  el0t_64_sync_handler+0xbc/0x140
2025-08-03T20:11:43,766480+00:00  el0t_64_sync+0x18c/0x190
2025-08-03T20:11:43,770186+00:00 DMA_STACK_END: End of stack trace for dma_buf_export
2025-08-03T20:11:43,776261+00:00 DMA_INSTRUMENT: About to call dma_buf_put from function dma_heap_buffer_alloc at drivers/dma-buf/dma-heap.c:80
2025-08-03T20:11:43,787287+00:00 DMA_STACK_START: Stack trace for dma_buf_put called from dma_heap_buffer_alloc
2025-08-03T20:11:43,795535+00:00 CPU: 1 PID: 1711 Comm: tidlrt_clasific Not tainted 6.1.80-dirty #34
2025-08-03T20:11:43,802827+00:00 Hardware name: Texas Instruments J721E SK (DT)
2025-08-03T20:11:43,808294+00:00 Call trace:
2025-08-03T20:11:43,810727+00:00  dump_backtrace.part.0+0xdc/0xf0
2025-08-03T20:11:43,814990+00:00  show_stack+0x18/0x30
2025-08-03T20:11:43,818293+00:00  dump_stack_lvl+0x68/0x84
2025-08-03T20:11:43,821943+00:00  dump_stack+0x18/0x34
2025-08-03T20:11:43,825245+00:00  dma_heap_ioctl+0x298/0x310
2025-08-03T20:11:43,829068+00:00  __arm64_sys_ioctl+0xa8/0xf0
2025-08-03T20:11:43,832978+00:00  invoke_syscall+0x48/0x114
2025-08-03T20:11:43,836715+00:00  el0_svc_common.constprop.0+0xd4/0xfc
2025-08-03T20:11:43,841404+00:00  do_el0_svc+0x20/0x30
2025-08-03T20:11:43,844705+00:00  el0_svc+0x28/0xa0
2025-08-03T20:11:43,847747+00:00  el0t_64_sync_handler+0xbc/0x140
2025-08-03T20:11:43,852002+00:00  el0t_64_sync+0x18c/0x190
2025-08-03T20:11:43,855715+00:00 DMA_STACK_END: End of stack trace for dma_buf_put
2025-08-03T20:11:43,861494+00:00 USER_COPY: About to call copy_to_user from function dma_heap_ioctl at drivers/dma-buf/dma-heap.c:195
2025-08-03T20:11:43,871665+00:00 USER_COPY_CONTEXT: Process PID=1711, COMM=tidlrt_clasific
2025-08-03T20:11:43,878287+00:00 FUNC_ENTRY: Entering function dma_heap_mmap at drivers/dma-buf/heaps/carveout-heap.c:207
2025-08-03T20:11:43,887561+00:00 IOCTL_HANDLER: Function dma_buf_phys_open called at drivers/misc/dma-buf-phys.c:37
2025-08-03T20:11:43,896353+00:00 IOCTL_HANDLER: Function dma_buf_phys_ioctl called at drivers/misc/dma-buf-phys.c:159
2025-08-03T20:11:43,905187+00:00 USER_COPY: About to call copy_from_user from function dma_buf_phys_ioctl at drivers/misc/dma-buf-phys.c:176
2025-08-03T20:11:43,915957+00:00 USER_COPY_CONTEXT: Process PID=1711, COMM=tidlrt_clasific
2025-08-03T20:11:43,922406+00:00 DMA_INSTRUMENT: About to call dma_buf_get from function dma_buf_phys_convert at drivers/misc/dma-buf-phys.c:89
2025-08-03T20:11:43,933435+00:00 DMA_STACK_START: Stack trace for dma_buf_get called from dma_buf_phys_convert
2025-08-03T20:11:43,941630+00:00 CPU: 0 PID: 1711 Comm: tidlrt_clasific Not tainted 6.1.80-dirty #34
2025-08-03T20:11:43,948921+00:00 Hardware name: Texas Instruments J721E SK (DT)
2025-08-03T20:11:43,954387+00:00 Call trace:
2025-08-03T20:11:43,956821+00:00  dump_backtrace.part.0+0xdc/0xf0
2025-08-03T20:11:43,961085+00:00  show_stack+0x18/0x30
2025-08-03T20:11:43,964388+00:00  dump_stack_lvl+0x68/0x84
2025-08-03T20:11:43,968039+00:00  dump_stack+0x18/0x34
2025-08-03T20:11:43,971342+00:00  dma_buf_phys_ioctl+0x11c/0x39c
2025-08-03T20:11:43,975513+00:00  __arm64_sys_ioctl+0xa8/0xf0
2025-08-03T20:11:43,979423+00:00  invoke_syscall+0x48/0x114
2025-08-03T20:11:43,983159+00:00  el0_svc_common.constprop.0+0xd4/0xfc
2025-08-03T20:11:43,987848+00:00  do_el0_svc+0x20/0x30
2025-08-03T20:11:43,991150+00:00  el0_svc+0x28/0xa0
2025-08-03T20:11:43,994192+00:00  el0t_64_sync_handler+0xbc/0x140
2025-08-03T20:11:43,998448+00:00  el0t_64_sync+0x18c/0x190
2025-08-03T20:11:44,002112+00:00 DMA_STACK_END: End of stack trace for dma_buf_get
2025-08-03T20:11:44,007872+00:00 DMA_INSTRUMENT: About to call dma_buf_attach from function dma_buf_phys_convert at drivers/misc/dma-buf-phys.c:98
2025-08-03T20:11:44,019163+00:00 DMA_STACK_START: Stack trace for dma_buf_attach called from dma_buf_phys_convert
2025-08-03T20:11:44,027602+00:00 CPU: 0 PID: 1711 Comm: tidlrt_clasific Not tainted 6.1.80-dirty #34
2025-08-03T20:11:44,034893+00:00 Hardware name: Texas Instruments J721E SK (DT)
2025-08-03T20:11:44,040361+00:00 Call trace:
2025-08-03T20:11:44,042794+00:00  dump_backtrace.part.0+0xdc/0xf0
2025-08-03T20:11:44,047057+00:00  show_stack+0x18/0x30
2025-08-03T20:11:44,050360+00:00  dump_stack_lvl+0x68/0x84
2025-08-03T20:11:44,054011+00:00  dump_stack+0x18/0x34
2025-08-03T20:11:44,057313+00:00  dma_buf_phys_ioctl+0x170/0x39c
2025-08-03T20:11:44,061483+00:00  __arm64_sys_ioctl+0xa8/0xf0
2025-08-03T20:11:44,065393+00:00  invoke_syscall+0x48/0x114
2025-08-03T20:11:44,069130+00:00  el0_svc_common.constprop.0+0xd4/0xfc
2025-08-03T20:11:44,073820+00:00  do_el0_svc+0x20/0x30
2025-08-03T20:11:44,077122+00:00  el0_svc+0x28/0xa0
2025-08-03T20:11:44,080164+00:00  el0t_64_sync_handler+0xbc/0x140
2025-08-03T20:11:44,084420+00:00  el0t_64_sync+0x18c/0x190
2025-08-03T20:11:44,088083+00:00 DMA_STACK_END: End of stack trace for dma_buf_attach
2025-08-03T20:11:44,094107+00:00 FUNC_ENTRY: Entering function dma_heap_attach at drivers/dma-buf/heaps/carveout-heap.c:55
2025-08-03T20:11:44,103319+00:00 DMA_INSTRUMENT: About to call dma_buf_map_attachment from function dma_buf_phys_convert at drivers/misc/dma-buf-phys.c:108
2025-08-03T20:11:44,115396+00:00 DMA_STACK_START: Stack trace for dma_buf_map_attachment called from dma_buf_phys_convert
2025-08-03T20:11:44,124519+00:00 CPU: 0 PID: 1711 Comm: tidlrt_clasific Not tainted 6.1.80-dirty #34
2025-08-03T20:11:44,131809+00:00 Hardware name: Texas Instruments J721E SK (DT)
2025-08-03T20:11:44,137276+00:00 Call trace:
2025-08-03T20:11:44,139709+00:00  dump_backtrace.part.0+0xdc/0xf0
2025-08-03T20:11:44,143971+00:00  show_stack+0x18/0x30
2025-08-03T20:11:44,147274+00:00  dump_stack_lvl+0x68/0x84
2025-08-03T20:11:44,150924+00:00  dump_stack+0x18/0x34
2025-08-03T20:11:44,154226+00:00  dma_buf_phys_ioctl+0x1c8/0x39c
2025-08-03T20:11:44,158396+00:00  __arm64_sys_ioctl+0xa8/0xf0
2025-08-03T20:11:44,162306+00:00  invoke_syscall+0x48/0x114
2025-08-03T20:11:44,166042+00:00  el0_svc_common.constprop.0+0xd4/0xfc
2025-08-03T20:11:44,170732+00:00  do_el0_svc+0x20/0x30
2025-08-03T20:11:44,174034+00:00  el0_svc+0x28/0xa0
2025-08-03T20:11:44,177076+00:00  el0t_64_sync_handler+0xbc/0x140
2025-08-03T20:11:44,181332+00:00  el0t_64_sync+0x18c/0x190
2025-08-03T20:11:44,185006+00:00 DMA_STACK_END: End of stack trace for dma_buf_map_attachment
2025-08-03T20:11:44,191723+00:00 FUNC_ENTRY: Entering function dma_heap_map_dma_buf at drivers/dma-buf/heaps/carveout-heap.c:107
2025-08-03T20:11:44,201450+00:00 USER_COPY: About to call copy_to_user from function dma_buf_phys_ioctl at drivers/misc/dma-buf-phys.c:185
2025-08-03T20:11:44,212047+00:00 USER_COPY_CONTEXT: Process PID=1711, COMM=tidlrt_clasific
2025-08-03T20:11:44,218727+00:00 IOCTL_HANDLER: Function dma_heap_ioctl called at drivers/dma-buf/dma-heap.c:143
2025-08-03T20:11:44,227096+00:00 USER_COPY: About to call copy_from_user from function dma_heap_ioctl at drivers/dma-buf/dma-heap.c:175
2025-08-03T20:11:44,237439+00:00 USER_COPY_CONTEXT: Process PID=1711, COMM=tidlrt_clasific
2025-08-03T20:11:44,243877+00:00 IOCTL_HANDLER: Function dma_heap_ioctl_allocate called at drivers/dma-buf/dma-heap.c:111
2025-08-03T20:11:44,253008+00:00 FUNC_ENTRY: Entering function carveout_dma_heap_allocate at drivers/dma-buf/heaps/carveout-heap.c:289
2025-08-03T20:11:44,263258+00:00 DMA_INSTRUMENT: About to call dma_buf_export from function carveout_dma_heap_allocate at drivers/dma-buf/heaps/carveout-heap.c:319
2025-08-03T20:11:44,276031+00:00 DMA_STACK_START: Stack trace for dma_buf_export called from carveout_dma_heap_allocate
2025-08-03T20:11:44,284978+00:00 CPU: 0 PID: 1711 Comm: tidlrt_clasific Not tainted 6.1.80-dirty #34
2025-08-03T20:11:44,292268+00:00 Hardware name: Texas Instruments J721E SK (DT)
2025-08-03T20:11:44,297736+00:00 Call trace:
2025-08-03T20:11:44,300169+00:00  dump_backtrace.part.0+0xdc/0xf0
2025-08-03T20:11:44,304433+00:00  show_stack+0x18/0x30
2025-08-03T20:11:44,307735+00:00  dump_stack_lvl+0x68/0x84
2025-08-03T20:11:44,311386+00:00  dump_stack+0x18/0x34
2025-08-03T20:11:44,314689+00:00  carveout_dma_heap_allocate+0x164/0x1f4
2025-08-03T20:11:44,319553+00:00  dma_heap_ioctl+0x1b8/0x310
2025-08-03T20:11:44,323375+00:00  __arm64_sys_ioctl+0xa8/0xf0
2025-08-03T20:11:44,327286+00:00  invoke_syscall+0x48/0x114
2025-08-03T20:11:44,331022+00:00  el0_svc_common.constprop.0+0xd4/0xfc
2025-08-03T20:11:44,335710+00:00  do_el0_svc+0x20/0x30
2025-08-03T20:11:44,339012+00:00  el0_svc+0x28/0xa0
2025-08-03T20:11:44,342055+00:00  el0t_64_sync_handler+0xbc/0x140
2025-08-03T20:11:44,346311+00:00  el0t_64_sync+0x18c/0x190
2025-08-03T20:11:44,349984+00:00 DMA_STACK_END: End of stack trace for dma_buf_export
2025-08-03T20:11:44,356020+00:00 DMA_INSTRUMENT: About to call dma_buf_put from function dma_heap_buffer_alloc at drivers/dma-buf/dma-heap.c:80
2025-08-03T20:11:44,367052+00:00 DMA_STACK_START: Stack trace for dma_buf_put called from dma_heap_buffer_alloc
2025-08-03T20:11:44,375317+00:00 CPU: 0 PID: 1711 Comm: tidlrt_clasific Not tainted 6.1.80-dirty #34
2025-08-03T20:11:44,382608+00:00 Hardware name: Texas Instruments J721E SK (DT)
2025-08-03T20:11:44,388076+00:00 Call trace:
2025-08-03T20:11:44,390509+00:00  dump_backtrace.part.0+0xdc/0xf0
2025-08-03T20:11:44,394771+00:00  show_stack+0x18/0x30
2025-08-03T20:11:44,398074+00:00  dump_stack_lvl+0x68/0x84
2025-08-03T20:11:44,401724+00:00  dump_stack+0x18/0x34
2025-08-03T20:11:44,405026+00:00  dma_heap_ioctl+0x298/0x310
2025-08-03T20:11:44,408849+00:00  __arm64_sys_ioctl+0xa8/0xf0
2025-08-03T20:11:44,412759+00:00  invoke_syscall+0x48/0x114
2025-08-03T20:11:44,416495+00:00  el0_svc_common.constprop.0+0xd4/0xfc
2025-08-03T20:11:44,421183+00:00  do_el0_svc+0x20/0x30
2025-08-03T20:11:44,424484+00:00  el0_svc+0x28/0xa0
2025-08-03T20:11:44,427526+00:00  el0t_64_sync_handler+0xbc/0x140
2025-08-03T20:11:44,431782+00:00  el0t_64_sync+0x18c/0x190
2025-08-03T20:11:44,435444+00:00 DMA_STACK_END: End of stack trace for dma_buf_put
2025-08-03T20:11:44,441201+00:00 USER_COPY: About to call copy_to_user from function dma_heap_ioctl at drivers/dma-buf/dma-heap.c:195
2025-08-03T20:11:44,451362+00:00 USER_COPY_CONTEXT: Process PID=1711, COMM=tidlrt_clasific
2025-08-03T20:11:44,457961+00:00 FUNC_ENTRY: Entering function dma_heap_mmap at drivers/dma-buf/heaps/carveout-heap.c:207
2025-08-03T20:11:44,467371+00:00 IOCTL_HANDLER: Function dma_buf_phys_open called at drivers/misc/dma-buf-phys.c:37
2025-08-03T20:11:44,476170+00:00 IOCTL_HANDLER: Function dma_buf_phys_ioctl called at drivers/misc/dma-buf-phys.c:159
2025-08-03T20:11:44,484971+00:00 USER_COPY: About to call copy_from_user from function dma_buf_phys_ioctl at drivers/misc/dma-buf-phys.c:176
2025-08-03T20:11:44,495770+00:00 USER_COPY_CONTEXT: Process PID=1711, COMM=tidlrt_clasific
2025-08-03T20:11:44,502214+00:00 DMA_INSTRUMENT: About to call dma_buf_get from function dma_buf_phys_convert at drivers/misc/dma-buf-phys.c:89
2025-08-03T20:11:44,513260+00:00 DMA_STACK_START: Stack trace for dma_buf_get called from dma_buf_phys_convert
2025-08-03T20:11:44,521440+00:00 CPU: 1 PID: 1711 Comm: tidlrt_clasific Not tainted 6.1.80-dirty #34
2025-08-03T20:11:44,528731+00:00 Hardware name: Texas Instruments J721E SK (DT)
2025-08-03T20:11:44,534199+00:00 Call trace:
2025-08-03T20:11:44,536633+00:00  dump_backtrace.part.0+0xdc/0xf0
2025-08-03T20:11:44,540897+00:00  show_stack+0x18/0x30
2025-08-03T20:11:44,544201+00:00  dump_stack_lvl+0x68/0x84
2025-08-03T20:11:44,547852+00:00  dump_stack+0x18/0x34
2025-08-03T20:11:44,551155+00:00  dma_buf_phys_ioctl+0x11c/0x39c
2025-08-03T20:11:44,555325+00:00  __arm64_sys_ioctl+0xa8/0xf0
2025-08-03T20:11:44,559237+00:00  invoke_syscall+0x48/0x114
2025-08-03T20:11:44,562973+00:00  el0_svc_common.constprop.0+0xd4/0xfc
2025-08-03T20:11:44,567661+00:00  do_el0_svc+0x20/0x30
2025-08-03T20:11:44,570963+00:00  el0_svc+0x28/0xa0
2025-08-03T20:11:44,574006+00:00  el0t_64_sync_handler+0xbc/0x140
2025-08-03T20:11:44,578262+00:00  el0t_64_sync+0x18c/0x190
2025-08-03T20:11:44,581970+00:00 DMA_STACK_END: End of stack trace for dma_buf_get
2025-08-03T20:11:44,587756+00:00 DMA_INSTRUMENT: About to call dma_buf_attach from function dma_buf_phys_convert at drivers/misc/dma-buf-phys.c:98
2025-08-03T20:11:44,599055+00:00 DMA_STACK_START: Stack trace for dma_buf_attach called from dma_buf_phys_convert
2025-08-03T20:11:44,607501+00:00 CPU: 1 PID: 1711 Comm: tidlrt_clasific Not tainted 6.1.80-dirty #34
2025-08-03T20:11:44,614792+00:00 Hardware name: Texas Instruments J721E SK (DT)
2025-08-03T20:11:44,620260+00:00 Call trace:
2025-08-03T20:11:44,622693+00:00  dump_backtrace.part.0+0xdc/0xf0
2025-08-03T20:11:44,626955+00:00  show_stack+0x18/0x30
2025-08-03T20:11:44,630257+00:00  dump_stack_lvl+0x68/0x84
2025-08-03T20:11:44,633906+00:00  dump_stack+0x18/0x34
2025-08-03T20:11:44,637208+00:00  dma_buf_phys_ioctl+0x170/0x39c
2025-08-03T20:11:44,641378+00:00  __arm64_sys_ioctl+0xa8/0xf0
2025-08-03T20:11:44,645288+00:00  invoke_syscall+0x48/0x114
2025-08-03T20:11:44,649024+00:00  el0_svc_common.constprop.0+0xd4/0xfc
2025-08-03T20:11:44,653713+00:00  do_el0_svc+0x20/0x30
2025-08-03T20:11:44,657016+00:00  el0_svc+0x28/0xa0
2025-08-03T20:11:44,660057+00:00  el0t_64_sync_handler+0xbc/0x140
2025-08-03T20:11:44,664313+00:00  el0t_64_sync+0x18c/0x190
2025-08-03T20:11:44,667988+00:00 DMA_STACK_END: End of stack trace for dma_buf_attach
2025-08-03T20:11:44,674019+00:00 FUNC_ENTRY: Entering function dma_heap_attach at drivers/dma-buf/heaps/carveout-heap.c:55
2025-08-03T20:11:44,683243+00:00 DMA_INSTRUMENT: About to call dma_buf_map_attachment from function dma_buf_phys_convert at drivers/misc/dma-buf-phys.c:108
2025-08-03T20:11:44,695332+00:00 DMA_STACK_START: Stack trace for dma_buf_map_attachment called from dma_buf_phys_convert
2025-08-03T20:11:44,704477+00:00 CPU: 1 PID: 1711 Comm: tidlrt_clasific Not tainted 6.1.80-dirty #34
2025-08-03T20:11:44,711768+00:00 Hardware name: Texas Instruments J721E SK (DT)
2025-08-03T20:11:44,717236+00:00 Call trace:
2025-08-03T20:11:44,719670+00:00  dump_backtrace.part.0+0xdc/0xf0
2025-08-03T20:11:44,723933+00:00  show_stack+0x18/0x30
2025-08-03T20:11:44,727236+00:00  dump_stack_lvl+0x68/0x84
2025-08-03T20:11:44,730885+00:00  dump_stack+0x18/0x34
2025-08-03T20:11:44,734187+00:00  dma_buf_phys_ioctl+0x1c8/0x39c
2025-08-03T20:11:44,738358+00:00  __arm64_sys_ioctl+0xa8/0xf0
2025-08-03T20:11:44,742268+00:00  invoke_syscall+0x48/0x114
2025-08-03T20:11:44,746004+00:00  el0_svc_common.constprop.0+0xd4/0xfc
2025-08-03T20:11:44,750694+00:00  do_el0_svc+0x20/0x30
2025-08-03T20:11:44,753996+00:00  el0_svc+0x28/0xa0
2025-08-03T20:11:44,757038+00:00  el0t_64_sync_handler+0xbc/0x140
2025-08-03T20:11:44,761294+00:00  el0t_64_sync+0x18c/0x190
2025-08-03T20:11:44,764984+00:00 DMA_STACK_END: End of stack trace for dma_buf_map_attachment
2025-08-03T20:11:44,771714+00:00 FUNC_ENTRY: Entering function dma_heap_map_dma_buf at drivers/dma-buf/heaps/carveout-heap.c:107
2025-08-03T20:11:44,781487+00:00 USER_COPY: About to call copy_to_user from function dma_buf_phys_ioctl at drivers/misc/dma-buf-phys.c:185
2025-08-03T20:11:44,792101+00:00 USER_COPY_CONTEXT: Process PID=1711, COMM=tidlrt_clasific
2025-08-03T20:11:44,799124+00:00 IOCTL_HANDLER: Function dma_heap_ioctl called at drivers/dma-buf/dma-heap.c:143
2025-08-03T20:11:44,807479+00:00 USER_COPY: About to call copy_from_user from function dma_heap_ioctl at drivers/dma-buf/dma-heap.c:175
2025-08-03T20:11:44,817852+00:00 USER_COPY_CONTEXT: Process PID=1711, COMM=tidlrt_clasific
2025-08-03T20:11:44,824296+00:00 IOCTL_HANDLER: Function dma_heap_ioctl_allocate called at drivers/dma-buf/dma-heap.c:111
2025-08-03T20:11:44,833435+00:00 FUNC_ENTRY: Entering function carveout_dma_heap_allocate at drivers/dma-buf/heaps/carveout-heap.c:289
2025-08-03T20:11:44,843713+00:00 DMA_INSTRUMENT: About to call dma_buf_export from function carveout_dma_heap_allocate at drivers/dma-buf/heaps/carveout-heap.c:319
2025-08-03T20:11:44,856494+00:00 DMA_STACK_START: Stack trace for dma_buf_export called from carveout_dma_heap_allocate
2025-08-03T20:11:44,865461+00:00 CPU: 1 PID: 1711 Comm: tidlrt_clasific Not tainted 6.1.80-dirty #34
2025-08-03T20:11:44,872752+00:00 Hardware name: Texas Instruments J721E SK (DT)
2025-08-03T20:11:44,878219+00:00 Call trace:
2025-08-03T20:11:44,880653+00:00  dump_backtrace.part.0+0xdc/0xf0
2025-08-03T20:11:44,884916+00:00  show_stack+0x18/0x30
2025-08-03T20:11:44,888219+00:00  dump_stack_lvl+0x68/0x84
2025-08-03T20:11:44,891870+00:00  dump_stack+0x18/0x34
2025-08-03T20:11:44,895172+00:00  carveout_dma_heap_allocate+0x164/0x1f4
2025-08-03T20:11:44,900036+00:00  dma_heap_ioctl+0x1b8/0x310
2025-08-03T20:11:44,903858+00:00  __arm64_sys_ioctl+0xa8/0xf0
2025-08-03T20:11:44,907770+00:00  invoke_syscall+0x48/0x114
2025-08-03T20:11:44,911506+00:00  el0_svc_common.constprop.0+0xd4/0xfc
2025-08-03T20:11:44,916194+00:00  do_el0_svc+0x20/0x30
2025-08-03T20:11:44,919496+00:00  el0_svc+0x28/0xa0
2025-08-03T20:11:44,922538+00:00  el0t_64_sync_handler+0xbc/0x140
2025-08-03T20:11:44,926794+00:00  el0t_64_sync+0x18c/0x190
2025-08-03T20:11:44,930494+00:00 DMA_STACK_END: End of stack trace for dma_buf_export
2025-08-03T20:11:44,936576+00:00 DMA_INSTRUMENT: About to call dma_buf_put from function dma_heap_buffer_alloc at drivers/dma-buf/dma-heap.c:80
2025-08-03T20:11:44,947619+00:00 DMA_STACK_START: Stack trace for dma_buf_put called from dma_heap_buffer_alloc
2025-08-03T20:11:44,955891+00:00 CPU: 1 PID: 1711 Comm: tidlrt_clasific Not tainted 6.1.80-dirty #34
2025-08-03T20:11:44,963183+00:00 Hardware name: Texas Instruments J721E SK (DT)
2025-08-03T20:11:44,968652+00:00 Call trace:
2025-08-03T20:11:44,971086+00:00  dump_backtrace.part.0+0xdc/0xf0
2025-08-03T20:11:44,975350+00:00  show_stack+0x18/0x30
2025-08-03T20:11:44,978652+00:00  dump_stack_lvl+0x68/0x84
2025-08-03T20:11:44,982302+00:00  dump_stack+0x18/0x34
2025-08-03T20:11:44,985604+00:00  dma_heap_ioctl+0x298/0x310
2025-08-03T20:11:44,989427+00:00  __arm64_sys_ioctl+0xa8/0xf0
2025-08-03T20:11:44,993337+00:00  invoke_syscall+0x48/0x114
2025-08-03T20:11:44,997074+00:00  el0_svc_common.constprop.0+0xd4/0xfc
2025-08-03T20:11:45,001763+00:00  do_el0_svc+0x20/0x30
2025-08-03T20:11:45,005066+00:00  el0_svc+0x28/0xa0
2025-08-03T20:11:45,008108+00:00  el0t_64_sync_handler+0xbc/0x140
2025-08-03T20:11:45,012363+00:00  el0t_64_sync+0x18c/0x190
2025-08-03T20:11:45,016056+00:00 DMA_STACK_END: End of stack trace for dma_buf_put
2025-08-03T20:11:45,021839+00:00 USER_COPY: About to call copy_to_user from function dma_heap_ioctl at drivers/dma-buf/dma-heap.c:195
2025-08-03T20:11:45,032017+00:00 USER_COPY_CONTEXT: Process PID=1711, COMM=tidlrt_clasific
2025-08-03T20:11:45,038632+00:00 FUNC_ENTRY: Entering function dma_heap_mmap at drivers/dma-buf/heaps/carveout-heap.c:207
2025-08-03T20:11:45,047930+00:00 IOCTL_HANDLER: Function dma_buf_phys_open called at drivers/misc/dma-buf-phys.c:37
2025-08-03T20:11:45,056844+00:00 IOCTL_HANDLER: Function dma_buf_phys_ioctl called at drivers/misc/dma-buf-phys.c:159
2025-08-03T20:11:45,065658+00:00 USER_COPY: About to call copy_from_user from function dma_buf_phys_ioctl at drivers/misc/dma-buf-phys.c:176
2025-08-03T20:11:45,076480+00:00 USER_COPY_CONTEXT: Process PID=1711, COMM=tidlrt_clasific
2025-08-03T20:11:45,082932+00:00 DMA_INSTRUMENT: About to call dma_buf_get from function dma_buf_phys_convert at drivers/misc/dma-buf-phys.c:89
2025-08-03T20:11:45,093961+00:00 DMA_STACK_START: Stack trace for dma_buf_get called from dma_buf_phys_convert
2025-08-03T20:11:45,102142+00:00 CPU: 0 PID: 1711 Comm: tidlrt_clasific Not tainted 6.1.80-dirty #34
2025-08-03T20:11:45,109432+00:00 Hardware name: Texas Instruments J721E SK (DT)
2025-08-03T20:11:45,114900+00:00 Call trace:
2025-08-03T20:11:45,117334+00:00  dump_backtrace.part.0+0xdc/0xf0
2025-08-03T20:11:45,121599+00:00  show_stack+0x18/0x30
2025-08-03T20:11:45,124901+00:00  dump_stack_lvl+0x68/0x84
2025-08-03T20:11:45,128553+00:00  dump_stack+0x18/0x34
2025-08-03T20:11:45,131856+00:00  dma_buf_phys_ioctl+0x11c/0x39c
2025-08-03T20:11:45,136026+00:00  __arm64_sys_ioctl+0xa8/0xf0
2025-08-03T20:11:45,139937+00:00  invoke_syscall+0x48/0x114
2025-08-03T20:11:45,143673+00:00  el0_svc_common.constprop.0+0xd4/0xfc
2025-08-03T20:11:45,148362+00:00  do_el0_svc+0x20/0x30
2025-08-03T20:11:45,151664+00:00  el0_svc+0x28/0xa0
2025-08-03T20:11:45,154706+00:00  el0t_64_sync_handler+0xbc/0x140
2025-08-03T20:11:45,158962+00:00  el0t_64_sync+0x18c/0x190
2025-08-03T20:11:45,162627+00:00 DMA_STACK_END: End of stack trace for dma_buf_get
2025-08-03T20:11:45,168394+00:00 DMA_INSTRUMENT: About to call dma_buf_attach from function dma_buf_phys_convert at drivers/misc/dma-buf-phys.c:98
2025-08-03T20:11:45,179686+00:00 DMA_STACK_START: Stack trace for dma_buf_attach called from dma_buf_phys_convert
2025-08-03T20:11:45,188126+00:00 CPU: 0 PID: 1711 Comm: tidlrt_clasific Not tainted 6.1.80-dirty #34
2025-08-03T20:11:45,195416+00:00 Hardware name: Texas Instruments J721E SK (DT)
2025-08-03T20:11:45,200884+00:00 Call trace:
2025-08-03T20:11:45,203317+00:00  dump_backtrace.part.0+0xdc/0xf0
2025-08-03T20:11:45,207579+00:00  show_stack+0x18/0x30
2025-08-03T20:11:45,210882+00:00  dump_stack_lvl+0x68/0x84
2025-08-03T20:11:45,214532+00:00  dump_stack+0x18/0x34
2025-08-03T20:11:45,217834+00:00  dma_buf_phys_ioctl+0x170/0x39c
2025-08-03T20:11:45,222004+00:00  __arm64_sys_ioctl+0xa8/0xf0
2025-08-03T20:11:45,225915+00:00  invoke_syscall+0x48/0x114
2025-08-03T20:11:45,229651+00:00  el0_svc_common.constprop.0+0xd4/0xfc
2025-08-03T20:11:45,234340+00:00  do_el0_svc+0x20/0x30
2025-08-03T20:11:45,237642+00:00  el0_svc+0x28/0xa0
2025-08-03T20:11:45,240684+00:00  el0t_64_sync_handler+0xbc/0x140
2025-08-03T20:11:45,244940+00:00  el0t_64_sync+0x18c/0x190
2025-08-03T20:11:45,248603+00:00 DMA_STACK_END: End of stack trace for dma_buf_attach
2025-08-03T20:11:45,254617+00:00 FUNC_ENTRY: Entering function dma_heap_attach at drivers/dma-buf/heaps/carveout-heap.c:55
2025-08-03T20:11:45,263824+00:00 DMA_INSTRUMENT: About to call dma_buf_map_attachment from function dma_buf_phys_convert at drivers/misc/dma-buf-phys.c:108
2025-08-03T20:11:45,275896+00:00 DMA_STACK_START: Stack trace for dma_buf_map_attachment called from dma_buf_phys_convert
2025-08-03T20:11:45,285012+00:00 CPU: 0 PID: 1711 Comm: tidlrt_clasific Not tainted 6.1.80-dirty #34
2025-08-03T20:11:45,292302+00:00 Hardware name: Texas Instruments J721E SK (DT)
2025-08-03T20:11:45,297768+00:00 Call trace:
2025-08-03T20:11:45,300201+00:00  dump_backtrace.part.0+0xdc/0xf0
2025-08-03T20:11:45,304464+00:00  show_stack+0x18/0x30
2025-08-03T20:11:45,307767+00:00  dump_stack_lvl+0x68/0x84
2025-08-03T20:11:45,311417+00:00  dump_stack+0x18/0x34
2025-08-03T20:11:45,314718+00:00  dma_buf_phys_ioctl+0x1c8/0x39c
2025-08-03T20:11:45,318888+00:00  __arm64_sys_ioctl+0xa8/0xf0
2025-08-03T20:11:45,322798+00:00  invoke_syscall+0x48/0x114
2025-08-03T20:11:45,326534+00:00  el0_svc_common.constprop.0+0xd4/0xfc
2025-08-03T20:11:45,331223+00:00  do_el0_svc+0x20/0x30
2025-08-03T20:11:45,334526+00:00  el0_svc+0x28/0xa0
2025-08-03T20:11:45,337568+00:00  el0t_64_sync_handler+0xbc/0x140
2025-08-03T20:11:45,341824+00:00  el0t_64_sync+0x18c/0x190
2025-08-03T20:11:45,345501+00:00 DMA_STACK_END: End of stack trace for dma_buf_map_attachment
2025-08-03T20:11:45,352228+00:00 FUNC_ENTRY: Entering function dma_heap_map_dma_buf at drivers/dma-buf/heaps/carveout-heap.c:107
2025-08-03T20:11:45,361979+00:00 USER_COPY: About to call copy_to_user from function dma_buf_phys_ioctl at drivers/misc/dma-buf-phys.c:185
2025-08-03T20:11:45,372579+00:00 USER_COPY_CONTEXT: Process PID=1711, COMM=tidlrt_clasific
2025-08-03T20:11:45,385244+00:00 IOCTL_HANDLER: Function dma_heap_ioctl called at drivers/dma-buf/dma-heap.c:143
2025-08-03T20:11:45,393595+00:00 USER_COPY: About to call copy_from_user from function dma_heap_ioctl at drivers/dma-buf/dma-heap.c:175
2025-08-03T20:11:45,403940+00:00 USER_COPY_CONTEXT: Process PID=1711, COMM=tidlrt_clasific
2025-08-03T20:11:45,410419+00:00 IOCTL_HANDLER: Function dma_heap_ioctl_allocate called at drivers/dma-buf/dma-heap.c:111
2025-08-03T20:11:45,419555+00:00 FUNC_ENTRY: Entering function carveout_dma_heap_allocate at drivers/dma-buf/heaps/carveout-heap.c:289
2025-08-03T20:11:45,429826+00:00 DMA_INSTRUMENT: About to call dma_buf_export from function carveout_dma_heap_allocate at drivers/dma-buf/heaps/carveout-heap.c:319
2025-08-03T20:11:45,442610+00:00 DMA_STACK_START: Stack trace for dma_buf_export called from carveout_dma_heap_allocate
2025-08-03T20:11:45,451587+00:00 CPU: 1 PID: 1711 Comm: tidlrt_clasific Not tainted 6.1.80-dirty #34
2025-08-03T20:11:45,458878+00:00 Hardware name: Texas Instruments J721E SK (DT)
2025-08-03T20:11:45,464346+00:00 Call trace:
2025-08-03T20:11:45,466781+00:00  dump_backtrace.part.0+0xdc/0xf0
2025-08-03T20:11:45,471045+00:00  show_stack+0x18/0x30
2025-08-03T20:11:45,474348+00:00  dump_stack_lvl+0x68/0x84
2025-08-03T20:11:45,477999+00:00  dump_stack+0x18/0x34
2025-08-03T20:11:45,481302+00:00  carveout_dma_heap_allocate+0x164/0x1f4
2025-08-03T20:11:45,486166+00:00  dma_heap_ioctl+0x1b8/0x310
2025-08-03T20:11:45,489989+00:00  __arm64_sys_ioctl+0xa8/0xf0
2025-08-03T20:11:45,493901+00:00  invoke_syscall+0x48/0x114
2025-08-03T20:11:45,497637+00:00  el0_svc_common.constprop.0+0xd4/0xfc
2025-08-03T20:11:45,502327+00:00  do_el0_svc+0x20/0x30
2025-08-03T20:11:45,505630+00:00  el0_svc+0x28/0xa0
2025-08-03T20:11:45,508672+00:00  el0t_64_sync_handler+0xbc/0x140
2025-08-03T20:11:45,512928+00:00  el0t_64_sync+0x18c/0x190
2025-08-03T20:11:45,516606+00:00 DMA_STACK_END: End of stack trace for dma_buf_export
2025-08-03T20:11:45,522665+00:00 DMA_INSTRUMENT: About to call dma_buf_put from function dma_heap_buffer_alloc at drivers/dma-buf/dma-heap.c:80
2025-08-03T20:11:45,533705+00:00 DMA_STACK_START: Stack trace for dma_buf_put called from dma_heap_buffer_alloc
2025-08-03T20:11:45,541991+00:00 CPU: 1 PID: 1711 Comm: tidlrt_clasific Not tainted 6.1.80-dirty #34
2025-08-03T20:11:45,549281+00:00 Hardware name: Texas Instruments J721E SK (DT)
2025-08-03T20:11:45,554749+00:00 Call trace:
2025-08-03T20:11:45,557183+00:00  dump_backtrace.part.0+0xdc/0xf0
2025-08-03T20:11:45,561445+00:00  show_stack+0x18/0x30
2025-08-03T20:11:45,564747+00:00  dump_stack_lvl+0x68/0x84
2025-08-03T20:11:45,568398+00:00  dump_stack+0x18/0x34
2025-08-03T20:11:45,571701+00:00  dma_heap_ioctl+0x298/0x310
2025-08-03T20:11:45,575524+00:00  __arm64_sys_ioctl+0xa8/0xf0
2025-08-03T20:11:45,579434+00:00  invoke_syscall+0x48/0x114
2025-08-03T20:11:45,583170+00:00  el0_svc_common.constprop.0+0xd4/0xfc
2025-08-03T20:11:45,587859+00:00  do_el0_svc+0x20/0x30
2025-08-03T20:11:45,591161+00:00  el0_svc+0x28/0xa0
2025-08-03T20:11:45,594203+00:00  el0t_64_sync_handler+0xbc/0x140
2025-08-03T20:11:45,598459+00:00  el0t_64_sync+0x18c/0x190
2025-08-03T20:11:45,602146+00:00 DMA_STACK_END: End of stack trace for dma_buf_put
2025-08-03T20:11:45,607926+00:00 USER_COPY: About to call copy_to_user from function dma_heap_ioctl at drivers/dma-buf/dma-heap.c:195
2025-08-03T20:11:45,618112+00:00 USER_COPY_CONTEXT: Process PID=1711, COMM=tidlrt_clasific
2025-08-03T20:11:45,624725+00:00 FUNC_ENTRY: Entering function dma_heap_mmap at drivers/dma-buf/heaps/carveout-heap.c:207
2025-08-03T20:11:45,634206+00:00 IOCTL_HANDLER: Function dma_buf_phys_open called at drivers/misc/dma-buf-phys.c:37
2025-08-03T20:11:45,643115+00:00 IOCTL_HANDLER: Function dma_buf_phys_ioctl called at drivers/misc/dma-buf-phys.c:159
2025-08-03T20:11:45,651933+00:00 USER_COPY: About to call copy_from_user from function dma_buf_phys_ioctl at drivers/misc/dma-buf-phys.c:176
2025-08-03T20:11:45,662737+00:00 USER_COPY_CONTEXT: Process PID=1711, COMM=tidlrt_clasific
2025-08-03T20:11:45,669191+00:00 DMA_INSTRUMENT: About to call dma_buf_get from function dma_buf_phys_convert at drivers/misc/dma-buf-phys.c:89
2025-08-03T20:11:45,680249+00:00 DMA_STACK_START: Stack trace for dma_buf_get called from dma_buf_phys_convert
2025-08-03T20:11:45,688434+00:00 CPU: 1 PID: 1711 Comm: tidlrt_clasific Not tainted 6.1.80-dirty #34
2025-08-03T20:11:45,695725+00:00 Hardware name: Texas Instruments J721E SK (DT)
2025-08-03T20:11:45,701193+00:00 Call trace:
2025-08-03T20:11:45,703627+00:00  dump_backtrace.part.0+0xdc/0xf0
2025-08-03T20:11:45,707891+00:00  show_stack+0x18/0x30
2025-08-03T20:11:45,711194+00:00  dump_stack_lvl+0x68/0x84
2025-08-03T20:11:45,714845+00:00  dump_stack+0x18/0x34
2025-08-03T20:11:45,718147+00:00  dma_buf_phys_ioctl+0x11c/0x39c
2025-08-03T20:11:45,722317+00:00  __arm64_sys_ioctl+0xa8/0xf0
2025-08-03T20:11:45,726228+00:00  invoke_syscall+0x48/0x114
2025-08-03T20:11:45,729964+00:00  el0_svc_common.constprop.0+0xd4/0xfc
2025-08-03T20:11:45,734654+00:00  do_el0_svc+0x20/0x30
2025-08-03T20:11:45,737956+00:00  el0_svc+0x28/0xa0
2025-08-03T20:11:45,740998+00:00  el0t_64_sync_handler+0xbc/0x140
2025-08-03T20:11:45,745254+00:00  el0t_64_sync+0x18c/0x190
2025-08-03T20:11:45,748964+00:00 DMA_STACK_END: End of stack trace for dma_buf_get
2025-08-03T20:11:45,754757+00:00 DMA_INSTRUMENT: About to call dma_buf_attach from function dma_buf_phys_convert at drivers/misc/dma-buf-phys.c:98
2025-08-03T20:11:45,766062+00:00 DMA_STACK_START: Stack trace for dma_buf_attach called from dma_buf_phys_convert
2025-08-03T20:11:45,774518+00:00 CPU: 1 PID: 1711 Comm: tidlrt_clasific Not tainted 6.1.80-dirty #34
2025-08-03T20:11:45,781809+00:00 Hardware name: Texas Instruments J721E SK (DT)
2025-08-03T20:11:45,787276+00:00 Call trace:
2025-08-03T20:11:45,789710+00:00  dump_backtrace.part.0+0xdc/0xf0
2025-08-03T20:11:45,793972+00:00  show_stack+0x18/0x30
2025-08-03T20:11:45,797275+00:00  dump_stack_lvl+0x68/0x84
2025-08-03T20:11:45,800923+00:00  dump_stack+0x18/0x34
2025-08-03T20:11:45,804225+00:00  dma_buf_phys_ioctl+0x170/0x39c
2025-08-03T20:11:45,808395+00:00  __arm64_sys_ioctl+0xa8/0xf0
2025-08-03T20:11:45,812305+00:00  invoke_syscall+0x48/0x114
2025-08-03T20:11:45,816041+00:00  el0_svc_common.constprop.0+0xd4/0xfc
2025-08-03T20:11:45,820730+00:00  do_el0_svc+0x20/0x30
2025-08-03T20:11:45,824032+00:00  el0_svc+0x28/0xa0
2025-08-03T20:11:45,827074+00:00  el0t_64_sync_handler+0xbc/0x140
2025-08-03T20:11:45,831331+00:00  el0t_64_sync+0x18c/0x190
2025-08-03T20:11:45,835029+00:00 DMA_STACK_END: End of stack trace for dma_buf_attach
2025-08-03T20:11:45,841080+00:00 FUNC_ENTRY: Entering function dma_heap_attach at drivers/dma-buf/heaps/carveout-heap.c:55
2025-08-03T20:11:45,850314+00:00 DMA_INSTRUMENT: About to call dma_buf_map_attachment from function dma_buf_phys_convert at drivers/misc/dma-buf-phys.c:108
2025-08-03T20:11:45,862427+00:00 DMA_STACK_START: Stack trace for dma_buf_map_attachment called from dma_buf_phys_convert
2025-08-03T20:11:45,871581+00:00 CPU: 1 PID: 1711 Comm: tidlrt_clasific Not tainted 6.1.80-dirty #34
2025-08-03T20:11:45,878873+00:00 Hardware name: Texas Instruments J721E SK (DT)
2025-08-03T20:11:45,884341+00:00 Call trace:
2025-08-03T20:11:45,886775+00:00  dump_backtrace.part.0+0xdc/0xf0
2025-08-03T20:11:45,891038+00:00  show_stack+0x18/0x30
2025-08-03T20:11:45,894340+00:00  dump_stack_lvl+0x68/0x84
2025-08-03T20:11:45,897991+00:00  dump_stack+0x18/0x34
2025-08-03T20:11:45,901293+00:00  dma_buf_phys_ioctl+0x1c8/0x39c
2025-08-03T20:11:45,905464+00:00  __arm64_sys_ioctl+0xa8/0xf0
2025-08-03T20:11:45,909374+00:00  invoke_syscall+0x48/0x114
2025-08-03T20:11:45,913111+00:00  el0_svc_common.constprop.0+0xd4/0xfc
2025-08-03T20:11:45,917800+00:00  do_el0_svc+0x20/0x30
2025-08-03T20:11:45,921101+00:00  el0_svc+0x28/0xa0
2025-08-03T20:11:45,924143+00:00  el0t_64_sync_handler+0xbc/0x140
2025-08-03T20:11:45,928399+00:00  el0t_64_sync+0x18c/0x190
2025-08-03T20:11:45,932115+00:00 DMA_STACK_END: End of stack trace for dma_buf_map_attachment
2025-08-03T20:11:45,938858+00:00 FUNC_ENTRY: Entering function dma_heap_map_dma_buf at drivers/dma-buf/heaps/carveout-heap.c:107
2025-08-03T20:11:45,948615+00:00 USER_COPY: About to call copy_to_user from function dma_buf_phys_ioctl at drivers/misc/dma-buf-phys.c:185
2025-08-03T20:11:45,959236+00:00 USER_COPY_CONTEXT: Process PID=1711, COMM=tidlrt_clasific
2025-08-03T20:11:45,966134+00:00 FUNC_ENTRY: Entering function virtio_rpmsg_sendto at drivers/rpmsg/virtio_rpmsg_bus.c:675
2025-08-03T20:11:45,975356+00:00 FUNC_ENTRY: Entering function rpmsg_send_offchannel_raw at drivers/rpmsg/virtio_rpmsg_bus.c:568
2025-08-03T20:11:45,985119+00:00 FUNC_ENTRY: Entering function get_a_tx_buf at drivers/rpmsg/virtio_rpmsg_bus.c:450
2025-08-03T20:11:45,993730+00:00 FUNC_ENTRY: Entering function rpmsg_sg_init at drivers/rpmsg/virtio_rpmsg_bus.c:178
2025-08-03T20:11:46,097117+00:00 FUNC_ENTRY: Entering function rpmsg_recv_done at drivers/rpmsg/virtio_rpmsg_bus.c:800
2025-08-03T20:11:46,105999+00:00 FUNC_ENTRY: Entering function rpmsg_recv_single at drivers/rpmsg/virtio_rpmsg_bus.c:731
2025-08-03T20:11:46,115574+00:00 FUNC_ENTRY: Entering function rpmsg_sg_init at drivers/rpmsg/virtio_rpmsg_bus.c:178
2025-08-03T20:11:46,116291+00:00 IOCTL_HANDLER: Function dma_buf_phys_release called at drivers/misc/dma-buf-phys.c:53
2025-08-03T20:11:46,133183+00:00 DMA_INSTRUMENT: About to call dma_buf_unmap_attachment from function dma_buf_phys_release at drivers/misc/dma-buf-phys.c:56
2025-08-03T20:11:46,145343+00:00 DMA_STACK_START: Stack trace for dma_buf_unmap_attachment called from dma_buf_phys_release
2025-08-03T20:11:46,154672+00:00 CPU: 1 PID: 1711 Comm: tidlrt_clasific Not tainted 6.1.80-dirty #34
2025-08-03T20:11:46,161964+00:00 Hardware name: Texas Instruments J721E SK (DT)
2025-08-03T20:11:46,167432+00:00 Call trace:
2025-08-03T20:11:46,169865+00:00  dump_backtrace.part.0+0xdc/0xf0
2025-08-03T20:11:46,174130+00:00  show_stack+0x18/0x30
2025-08-03T20:11:46,177433+00:00  dump_stack_lvl+0x68/0x84
2025-08-03T20:11:46,181084+00:00  dump_stack+0x18/0x34
2025-08-03T20:11:46,184386+00:00  dma_buf_phys_release+0x6c/0x140
2025-08-03T20:11:46,188643+00:00  __fput+0x70/0x250
2025-08-03T20:11:46,191687+00:00  ____fput+0x10/0x20
2025-08-03T20:11:46,194816+00:00  task_work_run+0x80/0xe0
2025-08-03T20:11:46,198377+00:00  ptrace_notify+0x80/0x84
2025-08-03T20:11:46,201940+00:00  syscall_trace_exit+0xe0/0x170
2025-08-03T20:11:46,206023+00:00  el0_svc_common.constprop.0+0x64/0xfc
2025-08-03T20:11:46,210712+00:00  do_el0_svc+0x20/0x30
2025-08-03T20:11:46,214015+00:00  el0_svc+0x28/0xa0
2025-08-03T20:11:46,217057+00:00  el0t_64_sync_handler+0xbc/0x140
2025-08-03T20:11:46,221314+00:00  el0t_64_sync+0x18c/0x190
2025-08-03T20:11:46,224980+00:00 DMA_STACK_END: End of stack trace for dma_buf_unmap_attachment
2025-08-03T20:11:46,231875+00:00 FUNC_ENTRY: Entering function dma_heap_unmap_dma_buf at drivers/dma-buf/heaps/carveout-heap.c:125
2025-08-03T20:11:46,242713+00:00 DMA_INSTRUMENT: About to call dma_buf_detach from function dma_buf_phys_release at drivers/misc/dma-buf-phys.c:62
2025-08-03T20:11:46,253999+00:00 DMA_STACK_START: Stack trace for dma_buf_detach called from dma_buf_phys_release
2025-08-03T20:11:46,262441+00:00 CPU: 1 PID: 1711 Comm: tidlrt_clasific Not tainted 6.1.80-dirty #34
2025-08-03T20:11:46,269732+00:00 Hardware name: Texas Instruments J721E SK (DT)
2025-08-03T20:11:46,275200+00:00 Call trace:
2025-08-03T20:11:46,277634+00:00  dump_backtrace.part.0+0xdc/0xf0
2025-08-03T20:11:46,281896+00:00  show_stack+0x18/0x30
2025-08-03T20:11:46,285198+00:00  dump_stack_lvl+0x68/0x84
2025-08-03T20:11:46,288848+00:00  dump_stack+0x18/0x34
2025-08-03T20:11:46,292150+00:00  dma_buf_phys_release+0xbc/0x140
2025-08-03T20:11:46,296407+00:00  __fput+0x70/0x250
2025-08-03T20:11:46,299450+00:00  ____fput+0x10/0x20
2025-08-03T20:11:46,302578+00:00  task_work_run+0x80/0xe0
2025-08-03T20:11:46,306140+00:00  ptrace_notify+0x80/0x84
2025-08-03T20:11:46,309701+00:00  syscall_trace_exit+0xe0/0x170
2025-08-03T20:11:46,313784+00:00  el0_svc_common.constprop.0+0x64/0xfc
2025-08-03T20:11:46,318474+00:00  do_el0_svc+0x20/0x30
2025-08-03T20:11:46,321776+00:00  el0_svc+0x28/0xa0
2025-08-03T20:11:46,324819+00:00  el0t_64_sync_handler+0xbc/0x140
2025-08-03T20:11:46,329075+00:00  el0t_64_sync+0x18c/0x190
2025-08-03T20:11:46,332742+00:00 DMA_STACK_END: End of stack trace for dma_buf_detach
2025-08-03T20:11:46,338759+00:00 FUNC_ENTRY: Entering function dma_heap_detatch at drivers/dma-buf/heaps/carveout-heap.c:91
2025-08-03T20:11:46,348056+00:00 DMA_INSTRUMENT: About to call dma_buf_put from function dma_buf_phys_release at drivers/misc/dma-buf-phys.c:68
2025-08-03T20:11:46,359095+00:00 DMA_STACK_START: Stack trace for dma_buf_put called from dma_buf_phys_release
2025-08-03T20:11:46,367257+00:00 CPU: 1 PID: 1711 Comm: tidlrt_clasific Not tainted 6.1.80-dirty #34
2025-08-03T20:11:46,374547+00:00 Hardware name: Texas Instruments J721E SK (DT)
2025-08-03T20:11:46,380014+00:00 Call trace:
2025-08-03T20:11:46,382448+00:00  dump_backtrace.part.0+0xdc/0xf0
2025-08-03T20:11:46,386710+00:00  show_stack+0x18/0x30
2025-08-03T20:11:46,390013+00:00  dump_stack_lvl+0x68/0x84
2025-08-03T20:11:46,393663+00:00  dump_stack+0x18/0x34
2025-08-03T20:11:46,396965+00:00  dma_buf_phys_release+0x108/0x140
2025-08-03T20:11:46,401309+00:00  __fput+0x70/0x250
2025-08-03T20:11:46,404352+00:00  ____fput+0x10/0x20
2025-08-03T20:11:46,407480+00:00  task_work_run+0x80/0xe0
2025-08-03T20:11:46,411043+00:00  ptrace_notify+0x80/0x84
2025-08-03T20:11:46,414604+00:00  syscall_trace_exit+0xe0/0x170
2025-08-03T20:11:46,418687+00:00  el0_svc_common.constprop.0+0x64/0xfc
2025-08-03T20:11:46,423377+00:00  do_el0_svc+0x20/0x30
2025-08-03T20:11:46,426679+00:00  el0_svc+0x28/0xa0
2025-08-03T20:11:46,429721+00:00  el0t_64_sync_handler+0xbc/0x140
2025-08-03T20:11:46,433976+00:00  el0t_64_sync+0x18c/0x190
2025-08-03T20:11:46,437670+00:00 DMA_STACK_END: End of stack trace for dma_buf_put
2025-08-03T20:11:46,443580+00:00 IOCTL_HANDLER: Function dma_buf_file_release called at drivers/dma-buf/dma-buf.c:100
2025-08-03T20:11:46,452370+00:00 FUNC_ENTRY: Entering function dma_heap_dma_buf_release at drivers/dma-buf/heaps/carveout-heap.c:135
2025-08-03T20:11:46,462691+00:00 IOCTL_HANDLER: Function dma_heap_ioctl called at drivers/dma-buf/dma-heap.c:143
2025-08-03T20:11:46,471053+00:00 USER_COPY: About to call copy_from_user from function dma_heap_ioctl at drivers/dma-buf/dma-heap.c:175
2025-08-03T20:11:46,481418+00:00 USER_COPY_CONTEXT: Process PID=1711, COMM=tidlrt_clasific
2025-08-03T20:11:46,487851+00:00 IOCTL_HANDLER: Function dma_heap_ioctl_allocate called at drivers/dma-buf/dma-heap.c:111
2025-08-03T20:11:46,496993+00:00 FUNC_ENTRY: Entering function carveout_dma_heap_allocate at drivers/dma-buf/heaps/carveout-heap.c:289
2025-08-03T20:11:46,507239+00:00 DMA_INSTRUMENT: About to call dma_buf_export from function carveout_dma_heap_allocate at drivers/dma-buf/heaps/carveout-heap.c:319
2025-08-03T20:11:46,520013+00:00 DMA_STACK_START: Stack trace for dma_buf_export called from carveout_dma_heap_allocate
2025-08-03T20:11:46,528957+00:00 CPU: 1 PID: 1711 Comm: tidlrt_clasific Not tainted 6.1.80-dirty #34
2025-08-03T20:11:46,536247+00:00 Hardware name: Texas Instruments J721E SK (DT)
2025-08-03T20:11:46,541714+00:00 Call trace:
2025-08-03T20:11:46,544148+00:00  dump_backtrace.part.0+0xdc/0xf0
2025-08-03T20:11:46,548413+00:00  show_stack+0x18/0x30
2025-08-03T20:11:46,551716+00:00  dump_stack_lvl+0x68/0x84
2025-08-03T20:11:46,555367+00:00  dump_stack+0x18/0x34
2025-08-03T20:11:46,558669+00:00  carveout_dma_heap_allocate+0x164/0x1f4
2025-08-03T20:11:46,563533+00:00  dma_heap_ioctl+0x1b8/0x310
2025-08-03T20:11:46,567355+00:00  __arm64_sys_ioctl+0xa8/0xf0
2025-08-03T20:11:46,571266+00:00  invoke_syscall+0x48/0x114
2025-08-03T20:11:46,575002+00:00  el0_svc_common.constprop.0+0xd4/0xfc
2025-08-03T20:11:46,579690+00:00  do_el0_svc+0x20/0x30
2025-08-03T20:11:46,582993+00:00  el0_svc+0x28/0xa0
2025-08-03T20:11:46,586035+00:00  el0t_64_sync_handler+0xbc/0x140
2025-08-03T20:11:46,590291+00:00  el0t_64_sync+0x18c/0x190
2025-08-03T20:11:46,593997+00:00 DMA_STACK_END: End of stack trace for dma_buf_export
2025-08-03T20:11:46,600042+00:00 DMA_INSTRUMENT: About to call dma_buf_put from function dma_heap_buffer_alloc at drivers/dma-buf/dma-heap.c:80
2025-08-03T20:11:46,611073+00:00 DMA_STACK_START: Stack trace for dma_buf_put called from dma_heap_buffer_alloc
2025-08-03T20:11:46,619342+00:00 CPU: 1 PID: 1711 Comm: tidlrt_clasific Not tainted 6.1.80-dirty #34
2025-08-03T20:11:46,626633+00:00 Hardware name: Texas Instruments J721E SK (DT)
2025-08-03T20:11:46,632101+00:00 Call trace:
2025-08-03T20:11:46,634535+00:00  dump_backtrace.part.0+0xdc/0xf0
2025-08-03T20:11:46,638799+00:00  show_stack+0x18/0x30
2025-08-03T20:11:46,642102+00:00  dump_stack_lvl+0x68/0x84
2025-08-03T20:11:46,645753+00:00  dump_stack+0x18/0x34
2025-08-03T20:11:46,649055+00:00  dma_heap_ioctl+0x298/0x310
2025-08-03T20:11:46,652879+00:00  __arm64_sys_ioctl+0xa8/0xf0
2025-08-03T20:11:46,656791+00:00  invoke_syscall+0x48/0x114
2025-08-03T20:11:46,660527+00:00  el0_svc_common.constprop.0+0xd4/0xfc
2025-08-03T20:11:46,665216+00:00  do_el0_svc+0x20/0x30
2025-08-03T20:11:46,668519+00:00  el0_svc+0x28/0xa0
2025-08-03T20:11:46,671561+00:00  el0t_64_sync_handler+0xbc/0x140
2025-08-03T20:11:46,675817+00:00  el0t_64_sync+0x18c/0x190
2025-08-03T20:11:46,679486+00:00 DMA_STACK_END: End of stack trace for dma_buf_put
2025-08-03T20:11:46,685256+00:00 USER_COPY: About to call copy_to_user from function dma_heap_ioctl at drivers/dma-buf/dma-heap.c:195
2025-08-03T20:11:46,695415+00:00 USER_COPY_CONTEXT: Process PID=1711, COMM=tidlrt_clasific
2025-08-03T20:11:46,702062+00:00 FUNC_ENTRY: Entering function dma_heap_mmap at drivers/dma-buf/heaps/carveout-heap.c:207
2025-08-03T20:11:46,711465+00:00 IOCTL_HANDLER: Function dma_buf_phys_open called at drivers/misc/dma-buf-phys.c:37
2025-08-03T20:11:46,720293+00:00 IOCTL_HANDLER: Function dma_buf_phys_ioctl called at drivers/misc/dma-buf-phys.c:159
2025-08-03T20:11:46,729100+00:00 USER_COPY: About to call copy_from_user from function dma_buf_phys_ioctl at drivers/misc/dma-buf-phys.c:176
2025-08-03T20:11:46,739883+00:00 USER_COPY_CONTEXT: Process PID=1711, COMM=tidlrt_clasific
2025-08-03T20:11:46,746317+00:00 DMA_INSTRUMENT: About to call dma_buf_get from function dma_buf_phys_convert at drivers/misc/dma-buf-phys.c:89
2025-08-03T20:11:46,757358+00:00 DMA_STACK_START: Stack trace for dma_buf_get called from dma_buf_phys_convert
2025-08-03T20:11:46,765526+00:00 CPU: 0 PID: 1711 Comm: tidlrt_clasific Not tainted 6.1.80-dirty #34
2025-08-03T20:11:46,772817+00:00 Hardware name: Texas Instruments J721E SK (DT)
2025-08-03T20:11:46,778286+00:00 Call trace:
2025-08-03T20:11:46,780719+00:00  dump_backtrace.part.0+0xdc/0xf0
2025-08-03T20:11:46,784985+00:00  show_stack+0x18/0x30
2025-08-03T20:11:46,788288+00:00  dump_stack_lvl+0x68/0x84
2025-08-03T20:11:46,791940+00:00  dump_stack+0x18/0x34
2025-08-03T20:11:46,795242+00:00  dma_buf_phys_ioctl+0x11c/0x39c
2025-08-03T20:11:46,799413+00:00  __arm64_sys_ioctl+0xa8/0xf0
2025-08-03T20:11:46,803324+00:00  invoke_syscall+0x48/0x114
2025-08-03T20:11:46,807060+00:00  el0_svc_common.constprop.0+0xd4/0xfc
2025-08-03T20:11:46,811749+00:00  do_el0_svc+0x20/0x30
2025-08-03T20:11:46,815051+00:00  el0_svc+0x28/0xa0
2025-08-03T20:11:46,818093+00:00  el0t_64_sync_handler+0xbc/0x140
2025-08-03T20:11:46,822350+00:00  el0t_64_sync+0x18c/0x190
2025-08-03T20:11:46,826036+00:00 DMA_STACK_END: End of stack trace for dma_buf_get
2025-08-03T20:11:46,831806+00:00 DMA_INSTRUMENT: About to call dma_buf_attach from function dma_buf_phys_convert at drivers/misc/dma-buf-phys.c:98
2025-08-03T20:11:46,843093+00:00 DMA_STACK_START: Stack trace for dma_buf_attach called from dma_buf_phys_convert
2025-08-03T20:11:46,851526+00:00 CPU: 0 PID: 1711 Comm: tidlrt_clasific Not tainted 6.1.80-dirty #34
2025-08-03T20:11:46,858817+00:00 Hardware name: Texas Instruments J721E SK (DT)
2025-08-03T20:11:46,864285+00:00 Call trace:
2025-08-03T20:11:46,866718+00:00  dump_backtrace.part.0+0xdc/0xf0
2025-08-03T20:11:46,870981+00:00  show_stack+0x18/0x30
2025-08-03T20:11:46,874284+00:00  dump_stack_lvl+0x68/0x84
2025-08-03T20:11:46,877933+00:00  dump_stack+0x18/0x34
2025-08-03T20:11:46,881235+00:00  dma_buf_phys_ioctl+0x170/0x39c
2025-08-03T20:11:46,885406+00:00  __arm64_sys_ioctl+0xa8/0xf0
2025-08-03T20:11:46,889317+00:00  invoke_syscall+0x48/0x114
2025-08-03T20:11:46,893053+00:00  el0_svc_common.constprop.0+0xd4/0xfc
2025-08-03T20:11:46,897742+00:00  do_el0_svc+0x20/0x30
2025-08-03T20:11:46,901045+00:00  el0_svc+0x28/0xa0
2025-08-03T20:11:46,904087+00:00  el0t_64_sync_handler+0xbc/0x140
2025-08-03T20:11:46,908343+00:00  el0t_64_sync+0x18c/0x190
2025-08-03T20:11:46,912011+00:00 DMA_STACK_END: End of stack trace for dma_buf_attach
2025-08-03T20:11:46,918037+00:00 FUNC_ENTRY: Entering function dma_heap_attach at drivers/dma-buf/heaps/carveout-heap.c:55
2025-08-03T20:11:46,927247+00:00 DMA_INSTRUMENT: About to call dma_buf_map_attachment from function dma_buf_phys_convert at drivers/misc/dma-buf-phys.c:108
2025-08-03T20:11:46,939320+00:00 DMA_STACK_START: Stack trace for dma_buf_map_attachment called from dma_buf_phys_convert
2025-08-03T20:11:46,948437+00:00 CPU: 0 PID: 1711 Comm: tidlrt_clasific Not tainted 6.1.80-dirty #34
2025-08-03T20:11:46,955728+00:00 Hardware name: Texas Instruments J721E SK (DT)
2025-08-03T20:11:46,961195+00:00 Call trace:
2025-08-03T20:11:46,963629+00:00  dump_backtrace.part.0+0xdc/0xf0
2025-08-03T20:11:46,967891+00:00  show_stack+0x18/0x30
2025-08-03T20:11:46,971194+00:00  dump_stack_lvl+0x68/0x84
2025-08-03T20:11:46,974844+00:00  dump_stack+0x18/0x34
2025-08-03T20:11:46,978146+00:00  dma_buf_phys_ioctl+0x1c8/0x39c
2025-08-03T20:11:46,982316+00:00  __arm64_sys_ioctl+0xa8/0xf0
2025-08-03T20:11:46,986228+00:00  invoke_syscall+0x48/0x114
2025-08-03T20:11:46,989964+00:00  el0_svc_common.constprop.0+0xd4/0xfc
2025-08-03T20:11:46,994654+00:00  do_el0_svc+0x20/0x30
2025-08-03T20:11:46,997956+00:00  el0_svc+0x28/0xa0
2025-08-03T20:11:47,000998+00:00  el0t_64_sync_handler+0xbc/0x140
2025-08-03T20:11:47,005255+00:00  el0t_64_sync+0x18c/0x190
2025-08-03T20:11:47,008943+00:00 DMA_STACK_END: End of stack trace for dma_buf_map_attachment
2025-08-03T20:11:47,015664+00:00 FUNC_ENTRY: Entering function dma_heap_map_dma_buf at drivers/dma-buf/heaps/carveout-heap.c:107
2025-08-03T20:11:47,025411+00:00 USER_COPY: About to call copy_to_user from function dma_buf_phys_ioctl at drivers/misc/dma-buf-phys.c:185
2025-08-03T20:11:47,036012+00:00 USER_COPY_CONTEXT: Process PID=1711, COMM=tidlrt_clasific
2025-08-03T20:11:47,042627+00:00 IOCTL_HANDLER: Function dma_heap_ioctl called at drivers/dma-buf/dma-heap.c:143
2025-08-03T20:11:47,050998+00:00 USER_COPY: About to call copy_from_user from function dma_heap_ioctl at drivers/dma-buf/dma-heap.c:175
2025-08-03T20:11:47,061344+00:00 USER_COPY_CONTEXT: Process PID=1711, COMM=tidlrt_clasific
2025-08-03T20:11:47,067777+00:00 IOCTL_HANDLER: Function dma_heap_ioctl_allocate called at drivers/dma-buf/dma-heap.c:111
2025-08-03T20:11:47,076920+00:00 FUNC_ENTRY: Entering function carveout_dma_heap_allocate at drivers/dma-buf/heaps/carveout-heap.c:289
2025-08-03T20:11:47,087170+00:00 DMA_INSTRUMENT: About to call dma_buf_export from function carveout_dma_heap_allocate at drivers/dma-buf/heaps/carveout-heap.c:319
2025-08-03T20:11:47,099941+00:00 DMA_STACK_START: Stack trace for dma_buf_export called from carveout_dma_heap_allocate
2025-08-03T20:11:47,108890+00:00 CPU: 0 PID: 1711 Comm: tidlrt_clasific Not tainted 6.1.80-dirty #34
2025-08-03T20:11:47,116181+00:00 Hardware name: Texas Instruments J721E SK (DT)
2025-08-03T20:11:47,121649+00:00 Call trace:
2025-08-03T20:11:47,124082+00:00  dump_backtrace.part.0+0xdc/0xf0
2025-08-03T20:11:47,128347+00:00  show_stack+0x18/0x30
2025-08-03T20:11:47,131648+00:00  dump_stack_lvl+0x68/0x84
2025-08-03T20:11:47,135299+00:00  dump_stack+0x18/0x34
2025-08-03T20:11:47,138602+00:00  carveout_dma_heap_allocate+0x164/0x1f4
2025-08-03T20:11:47,143465+00:00  dma_heap_ioctl+0x1b8/0x310
2025-08-03T20:11:47,147288+00:00  __arm64_sys_ioctl+0xa8/0xf0
2025-08-03T20:11:47,151199+00:00  invoke_syscall+0x48/0x114
2025-08-03T20:11:47,154935+00:00  el0_svc_common.constprop.0+0xd4/0xfc
2025-08-03T20:11:47,159624+00:00  do_el0_svc+0x20/0x30
2025-08-03T20:11:47,162926+00:00  el0_svc+0x28/0xa0
2025-08-03T20:11:47,165968+00:00  el0t_64_sync_handler+0xbc/0x140
2025-08-03T20:11:47,170225+00:00  el0t_64_sync+0x18c/0x190
2025-08-03T20:11:47,173898+00:00 DMA_STACK_END: End of stack trace for dma_buf_export
2025-08-03T20:11:47,179931+00:00 DMA_INSTRUMENT: About to call dma_buf_put from function dma_heap_buffer_alloc at drivers/dma-buf/dma-heap.c:80
2025-08-03T20:11:47,190965+00:00 DMA_STACK_START: Stack trace for dma_buf_put called from dma_heap_buffer_alloc
2025-08-03T20:11:47,199234+00:00 CPU: 0 PID: 1711 Comm: tidlrt_clasific Not tainted 6.1.80-dirty #34
2025-08-03T20:11:47,206524+00:00 Hardware name: Texas Instruments J721E SK (DT)
2025-08-03T20:11:47,211992+00:00 Call trace:
2025-08-03T20:11:47,214425+00:00  dump_backtrace.part.0+0xdc/0xf0
2025-08-03T20:11:47,218688+00:00  show_stack+0x18/0x30
2025-08-03T20:11:47,221991+00:00  dump_stack_lvl+0x68/0x84
2025-08-03T20:11:47,225642+00:00  dump_stack+0x18/0x34
2025-08-03T20:11:47,228944+00:00  dma_heap_ioctl+0x298/0x310
2025-08-03T20:11:47,232768+00:00  __arm64_sys_ioctl+0xa8/0xf0
2025-08-03T20:11:47,236678+00:00  invoke_syscall+0x48/0x114
2025-08-03T20:11:47,240413+00:00  el0_svc_common.constprop.0+0xd4/0xfc
2025-08-03T20:11:47,245103+00:00  do_el0_svc+0x20/0x30
2025-08-03T20:11:47,248405+00:00  el0_svc+0x28/0xa0
2025-08-03T20:11:47,251447+00:00  el0t_64_sync_handler+0xbc/0x140
2025-08-03T20:11:47,255703+00:00  el0t_64_sync+0x18c/0x190
2025-08-03T20:11:47,259367+00:00 DMA_STACK_END: End of stack trace for dma_buf_put
2025-08-03T20:11:47,265123+00:00 USER_COPY: About to call copy_to_user from function dma_heap_ioctl at drivers/dma-buf/dma-heap.c:195
2025-08-03T20:11:47,275286+00:00 USER_COPY_CONTEXT: Process PID=1711, COMM=tidlrt_clasific
2025-08-03T20:11:47,281883+00:00 FUNC_ENTRY: Entering function dma_heap_mmap at drivers/dma-buf/heaps/carveout-heap.c:207
2025-08-03T20:11:47,291277+00:00 IOCTL_HANDLER: Function dma_buf_phys_open called at drivers/misc/dma-buf-phys.c:37
2025-08-03T20:11:47,300076+00:00 IOCTL_HANDLER: Function dma_buf_phys_ioctl called at drivers/misc/dma-buf-phys.c:159
2025-08-03T20:11:47,308857+00:00 USER_COPY: About to call copy_from_user from function dma_buf_phys_ioctl at drivers/misc/dma-buf-phys.c:176
2025-08-03T20:11:47,319654+00:00 USER_COPY_CONTEXT: Process PID=1711, COMM=tidlrt_clasific
2025-08-03T20:11:47,326098+00:00 DMA_INSTRUMENT: About to call dma_buf_get from function dma_buf_phys_convert at drivers/misc/dma-buf-phys.c:89
2025-08-03T20:11:47,337144+00:00 DMA_STACK_START: Stack trace for dma_buf_get called from dma_buf_phys_convert
2025-08-03T20:11:47,345330+00:00 CPU: 1 PID: 1711 Comm: tidlrt_clasific Not tainted 6.1.80-dirty #34
2025-08-03T20:11:47,352621+00:00 Hardware name: Texas Instruments J721E SK (DT)
2025-08-03T20:11:47,358089+00:00 Call trace:
2025-08-03T20:11:47,360523+00:00  dump_backtrace.part.0+0xdc/0xf0
2025-08-03T20:11:47,364787+00:00  show_stack+0x18/0x30
2025-08-03T20:11:47,368090+00:00  dump_stack_lvl+0x68/0x84
2025-08-03T20:11:47,371741+00:00  dump_stack+0x18/0x34
2025-08-03T20:11:47,375044+00:00  dma_buf_phys_ioctl+0x11c/0x39c
2025-08-03T20:11:47,379214+00:00  __arm64_sys_ioctl+0xa8/0xf0
2025-08-03T20:11:47,383125+00:00  invoke_syscall+0x48/0x114
2025-08-03T20:11:47,386861+00:00  el0_svc_common.constprop.0+0xd4/0xfc
2025-08-03T20:11:47,391551+00:00  do_el0_svc+0x20/0x30
2025-08-03T20:11:47,394854+00:00  el0_svc+0x28/0xa0
2025-08-03T20:11:47,397896+00:00  el0t_64_sync_handler+0xbc/0x140
2025-08-03T20:11:47,402152+00:00  el0t_64_sync+0x18c/0x190
2025-08-03T20:11:47,406042+00:00 DMA_STACK_END: End of stack trace for dma_buf_get
2025-08-03T20:11:47,411820+00:00 DMA_INSTRUMENT: About to call dma_buf_attach from function dma_buf_phys_convert at drivers/misc/dma-buf-phys.c:98
2025-08-03T20:11:47,423122+00:00 DMA_STACK_START: Stack trace for dma_buf_attach called from dma_buf_phys_convert
2025-08-03T20:11:47,431568+00:00 CPU: 1 PID: 1711 Comm: tidlrt_clasific Not tainted 6.1.80-dirty #34
2025-08-03T20:11:47,438859+00:00 Hardware name: Texas Instruments J721E SK (DT)
2025-08-03T20:11:47,444326+00:00 Call trace:
2025-08-03T20:11:47,446760+00:00  dump_backtrace.part.0+0xdc/0xf0
2025-08-03T20:11:47,451023+00:00  show_stack+0x18/0x30
2025-08-03T20:11:47,454326+00:00  dump_stack_lvl+0x68/0x84
2025-08-03T20:11:47,457976+00:00  dump_stack+0x18/0x34
2025-08-03T20:11:47,461278+00:00  dma_buf_phys_ioctl+0x170/0x39c
2025-08-03T20:11:47,465448+00:00  __arm64_sys_ioctl+0xa8/0xf0
2025-08-03T20:11:47,469359+00:00  invoke_syscall+0x48/0x114
2025-08-03T20:11:47,473094+00:00  el0_svc_common.constprop.0+0xd4/0xfc
2025-08-03T20:11:47,477784+00:00  do_el0_svc+0x20/0x30
2025-08-03T20:11:47,481087+00:00  el0_svc+0x28/0xa0
2025-08-03T20:11:47,484129+00:00  el0t_64_sync_handler+0xbc/0x140
2025-08-03T20:11:47,488385+00:00  el0t_64_sync+0x18c/0x190
2025-08-03T20:11:47,492060+00:00 DMA_STACK_END: End of stack trace for dma_buf_attach
2025-08-03T20:11:47,498096+00:00 FUNC_ENTRY: Entering function dma_heap_attach at drivers/dma-buf/heaps/carveout-heap.c:55
2025-08-03T20:11:47,507317+00:00 DMA_INSTRUMENT: About to call dma_buf_map_attachment from function dma_buf_phys_convert at drivers/misc/dma-buf-phys.c:108
2025-08-03T20:11:47,519406+00:00 DMA_STACK_START: Stack trace for dma_buf_map_attachment called from dma_buf_phys_convert
2025-08-03T20:11:47,528548+00:00 CPU: 1 PID: 1711 Comm: tidlrt_clasific Not tainted 6.1.80-dirty #34
2025-08-03T20:11:47,535838+00:00 Hardware name: Texas Instruments J721E SK (DT)
2025-08-03T20:11:47,541306+00:00 Call trace:
2025-08-03T20:11:47,543739+00:00  dump_backtrace.part.0+0xdc/0xf0
2025-08-03T20:11:47,548001+00:00  show_stack+0x18/0x30
2025-08-03T20:11:47,551304+00:00  dump_stack_lvl+0x68/0x84
2025-08-03T20:11:47,554956+00:00  dump_stack+0x18/0x34
2025-08-03T20:11:47,558257+00:00  dma_buf_phys_ioctl+0x1c8/0x39c
2025-08-03T20:11:47,562428+00:00  __arm64_sys_ioctl+0xa8/0xf0
2025-08-03T20:11:47,566338+00:00  invoke_syscall+0x48/0x114
2025-08-03T20:11:47,570074+00:00  el0_svc_common.constprop.0+0xd4/0xfc
2025-08-03T20:11:47,574762+00:00  do_el0_svc+0x20/0x30
2025-08-03T20:11:47,578064+00:00  el0_svc+0x28/0xa0
2025-08-03T20:11:47,581106+00:00  el0t_64_sync_handler+0xbc/0x140
2025-08-03T20:11:47,585363+00:00  el0t_64_sync+0x18c/0x190
2025-08-03T20:11:47,589060+00:00 DMA_STACK_END: End of stack trace for dma_buf_map_attachment
2025-08-03T20:11:47,595789+00:00 FUNC_ENTRY: Entering function dma_heap_map_dma_buf at drivers/dma-buf/heaps/carveout-heap.c:107
2025-08-03T20:11:47,605531+00:00 USER_COPY: About to call copy_to_user from function dma_buf_phys_ioctl at drivers/misc/dma-buf-phys.c:185
2025-08-03T20:11:47,616144+00:00 USER_COPY_CONTEXT: Process PID=1711, COMM=tidlrt_clasific
2025-08-03T20:11:47,650105+00:00 IOCTL_HANDLER: Function dma_buf_phys_release called at drivers/misc/dma-buf-phys.c:53
2025-08-03T20:11:47,658980+00:00 DMA_INSTRUMENT: About to call dma_buf_unmap_attachment from function dma_buf_phys_release at drivers/misc/dma-buf-phys.c:56
2025-08-03T20:11:47,671139+00:00 DMA_STACK_START: Stack trace for dma_buf_unmap_attachment called from dma_buf_phys_release
2025-08-03T20:11:47,680500+00:00 CPU: 1 PID: 1711 Comm: tidlrt_clasific Not tainted 6.1.80-dirty #34
2025-08-03T20:11:47,687795+00:00 Hardware name: Texas Instruments J721E SK (DT)
2025-08-03T20:11:47,693263+00:00 Call trace:
2025-08-03T20:11:47,695697+00:00  dump_backtrace.part.0+0xdc/0xf0
2025-08-03T20:11:47,699962+00:00  show_stack+0x18/0x30
2025-08-03T20:11:47,703265+00:00  dump_stack_lvl+0x68/0x84
2025-08-03T20:11:47,706916+00:00  dump_stack+0x18/0x34
2025-08-03T20:11:47,710219+00:00  dma_buf_phys_release+0x6c/0x140
2025-08-03T20:11:47,714476+00:00  __fput+0x70/0x250
2025-08-03T20:11:47,717520+00:00  ____fput+0x10/0x20
2025-08-03T20:11:47,720648+00:00  task_work_run+0x80/0xe0
2025-08-03T20:11:47,724210+00:00  ptrace_notify+0x80/0x84
2025-08-03T20:11:47,727771+00:00  syscall_trace_exit+0xe0/0x170
2025-08-03T20:11:47,731854+00:00  el0_svc_common.constprop.0+0x64/0xfc
2025-08-03T20:11:47,736544+00:00  do_el0_svc+0x20/0x30
2025-08-03T20:11:47,739845+00:00  el0_svc+0x28/0xa0
2025-08-03T20:11:47,742887+00:00  el0t_64_sync_handler+0xbc/0x140
2025-08-03T20:11:47,747143+00:00  el0t_64_sync+0x18c/0x190
2025-08-03T20:11:47,750867+00:00 DMA_STACK_END: End of stack trace for dma_buf_unmap_attachment
2025-08-03T20:11:47,757771+00:00 FUNC_ENTRY: Entering function dma_heap_unmap_dma_buf at drivers/dma-buf/heaps/carveout-heap.c:125
2025-08-03T20:11:47,767708+00:00 DMA_INSTRUMENT: About to call dma_buf_detach from function dma_buf_phys_release at drivers/misc/dma-buf-phys.c:62
2025-08-03T20:11:47,779013+00:00 DMA_STACK_START: Stack trace for dma_buf_detach called from dma_buf_phys_release
2025-08-03T20:11:47,787437+00:00 CPU: 1 PID: 1711 Comm: tidlrt_clasific Not tainted 6.1.80-dirty #34
2025-08-03T20:11:47,794728+00:00 Hardware name: Texas Instruments J721E SK (DT)
2025-08-03T20:11:47,800196+00:00 Call trace:
2025-08-03T20:11:47,802629+00:00  dump_backtrace.part.0+0xdc/0xf0
2025-08-03T20:11:47,806892+00:00  show_stack+0x18/0x30
2025-08-03T20:11:47,810195+00:00  dump_stack_lvl+0x68/0x84
2025-08-03T20:11:47,813846+00:00  dump_stack+0x18/0x34
2025-08-03T20:11:47,817149+00:00  dma_buf_phys_release+0xbc/0x140
2025-08-03T20:11:47,821405+00:00  __fput+0x70/0x250
2025-08-03T20:11:47,824449+00:00  ____fput+0x10/0x20
2025-08-03T20:11:47,827577+00:00  task_work_run+0x80/0xe0
2025-08-03T20:11:47,831138+00:00  ptrace_notify+0x80/0x84
2025-08-03T20:11:47,834699+00:00  syscall_trace_exit+0xe0/0x170
2025-08-03T20:11:47,838783+00:00  el0_svc_common.constprop.0+0x64/0xfc
2025-08-03T20:11:47,843471+00:00  do_el0_svc+0x20/0x30
2025-08-03T20:11:47,846774+00:00  el0_svc+0x28/0xa0
2025-08-03T20:11:47,849816+00:00  el0t_64_sync_handler+0xbc/0x140
2025-08-03T20:11:47,854072+00:00  el0t_64_sync+0x18c/0x190
2025-08-03T20:11:47,857768+00:00 DMA_STACK_END: End of stack trace for dma_buf_detach
2025-08-03T20:11:47,863807+00:00 FUNC_ENTRY: Entering function dma_heap_detatch at drivers/dma-buf/heaps/carveout-heap.c:91
2025-08-03T20:11:47,873103+00:00 DMA_INSTRUMENT: About to call dma_buf_put from function dma_buf_phys_release at drivers/misc/dma-buf-phys.c:68
2025-08-03T20:11:47,884143+00:00 DMA_STACK_START: Stack trace for dma_buf_put called from dma_buf_phys_release
2025-08-03T20:11:47,892306+00:00 CPU: 1 PID: 1711 Comm: tidlrt_clasific Not tainted 6.1.80-dirty #34
2025-08-03T20:11:47,899597+00:00 Hardware name: Texas Instruments J721E SK (DT)
2025-08-03T20:11:47,905065+00:00 Call trace:
2025-08-03T20:11:47,907499+00:00  dump_backtrace.part.0+0xdc/0xf0
2025-08-03T20:11:47,911759+00:00  show_stack+0x18/0x30
2025-08-03T20:11:47,915062+00:00  dump_stack_lvl+0x68/0x84
2025-08-03T20:11:47,918712+00:00  dump_stack+0x18/0x34
2025-08-03T20:11:47,922014+00:00  dma_buf_phys_release+0x108/0x140
2025-08-03T20:11:47,926358+00:00  __fput+0x70/0x250
2025-08-03T20:11:47,929401+00:00  ____fput+0x10/0x20
2025-08-03T20:11:47,932529+00:00  task_work_run+0x80/0xe0
2025-08-03T20:11:47,936090+00:00  ptrace_notify+0x80/0x84
2025-08-03T20:11:47,939653+00:00  syscall_trace_exit+0xe0/0x170
2025-08-03T20:11:47,943735+00:00  el0_svc_common.constprop.0+0x64/0xfc
2025-08-03T20:11:47,948424+00:00  do_el0_svc+0x20/0x30
2025-08-03T20:11:47,951727+00:00  el0_svc+0x28/0xa0
2025-08-03T20:11:47,954769+00:00  el0t_64_sync_handler+0xbc/0x140
2025-08-03T20:11:47,959025+00:00  el0t_64_sync+0x18c/0x190
2025-08-03T20:11:47,962735+00:00 DMA_STACK_END: End of stack trace for dma_buf_put
2025-08-03T20:11:47,968639+00:00 IOCTL_HANDLER: Function dma_buf_file_release called at drivers/dma-buf/dma-buf.c:100
2025-08-03T20:11:47,977431+00:00 FUNC_ENTRY: Entering function dma_heap_dma_buf_release at drivers/dma-buf/heaps/carveout-heap.c:135
2025-08-03T20:11:47,987769+00:00 IOCTL_HANDLER: Function dma_buf_phys_release called at drivers/misc/dma-buf-phys.c:53
2025-08-03T20:11:47,996641+00:00 DMA_INSTRUMENT: About to call dma_buf_unmap_attachment from function dma_buf_phys_release at drivers/misc/dma-buf-phys.c:56
2025-08-03T20:11:48,008821+00:00 DMA_STACK_START: Stack trace for dma_buf_unmap_attachment called from dma_buf_phys_release
2025-08-03T20:11:48,018113+00:00 CPU: 1 PID: 1711 Comm: tidlrt_clasific Not tainted 6.1.80-dirty #34
2025-08-03T20:11:48,025403+00:00 Hardware name: Texas Instruments J721E SK (DT)
2025-08-03T20:11:48,030872+00:00 Call trace:
2025-08-03T20:11:48,033305+00:00  dump_backtrace.part.0+0xdc/0xf0
2025-08-03T20:11:48,037569+00:00  show_stack+0x18/0x30
2025-08-03T20:11:48,040872+00:00  dump_stack_lvl+0x68/0x84
2025-08-03T20:11:48,044523+00:00  dump_stack+0x18/0x34
2025-08-03T20:11:48,047825+00:00  dma_buf_phys_release+0x6c/0x140
2025-08-03T20:11:48,052082+00:00  __fput+0x70/0x250
2025-08-03T20:11:48,055126+00:00  ____fput+0x10/0x20
2025-08-03T20:11:48,058253+00:00  task_work_run+0x80/0xe0
2025-08-03T20:11:48,061815+00:00  ptrace_notify+0x80/0x84
2025-08-03T20:11:48,065378+00:00  syscall_trace_exit+0xe0/0x170
2025-08-03T20:11:48,069460+00:00  el0_svc_common.constprop.0+0x64/0xfc
2025-08-03T20:11:48,074151+00:00  do_el0_svc+0x20/0x30
2025-08-03T20:11:48,077453+00:00  el0_svc+0x28/0xa0
2025-08-03T20:11:48,080496+00:00  el0t_64_sync_handler+0xbc/0x140
2025-08-03T20:11:48,084752+00:00  el0t_64_sync+0x18c/0x190
2025-08-03T20:11:48,088439+00:00 DMA_STACK_END: End of stack trace for dma_buf_unmap_attachment
2025-08-03T20:11:48,095322+00:00 FUNC_ENTRY: Entering function dma_heap_unmap_dma_buf at drivers/dma-buf/heaps/carveout-heap.c:125
2025-08-03T20:11:48,105228+00:00 DMA_INSTRUMENT: About to call dma_buf_detach from function dma_buf_phys_release at drivers/misc/dma-buf-phys.c:62
2025-08-03T20:11:48,116540+00:00 DMA_STACK_START: Stack trace for dma_buf_detach called from dma_buf_phys_release
2025-08-03T20:11:48,126291+00:00 CPU: 1 PID: 1711 Comm: tidlrt_clasific Not tainted 6.1.80-dirty #34
2025-08-03T20:11:48,133588+00:00 Hardware name: Texas Instruments J721E SK (DT)
2025-08-03T20:11:48,139057+00:00 Call trace:
2025-08-03T20:11:48,141491+00:00  dump_backtrace.part.0+0xdc/0xf0
2025-08-03T20:11:48,145755+00:00  show_stack+0x18/0x30
2025-08-03T20:11:48,149058+00:00  dump_stack_lvl+0x68/0x84
2025-08-03T20:11:48,152709+00:00  dump_stack+0x18/0x34
2025-08-03T20:11:48,156011+00:00  dma_buf_phys_release+0xbc/0x140
2025-08-03T20:11:48,160269+00:00  __fput+0x70/0x250
2025-08-03T20:11:48,163313+00:00  ____fput+0x10/0x20
2025-08-03T20:11:48,166442+00:00  task_work_run+0x80/0xe0
2025-08-03T20:11:48,170003+00:00  ptrace_notify+0x80/0x84
2025-08-03T20:11:48,173566+00:00  syscall_trace_exit+0xe0/0x170
2025-08-03T20:11:48,177649+00:00  el0_svc_common.constprop.0+0x64/0xfc
2025-08-03T20:11:48,182339+00:00  do_el0_svc+0x20/0x30
2025-08-03T20:11:48,185640+00:00  el0_svc+0x28/0xa0
2025-08-03T20:11:48,188683+00:00  el0t_64_sync_handler+0xbc/0x140
2025-08-03T20:11:48,192939+00:00  el0t_64_sync+0x18c/0x190
2025-08-03T20:11:48,196633+00:00 DMA_STACK_END: End of stack trace for dma_buf_detach
2025-08-03T20:11:48,202639+00:00 FUNC_ENTRY: Entering function dma_heap_detatch at drivers/dma-buf/heaps/carveout-heap.c:91
2025-08-03T20:11:48,211932+00:00 DMA_INSTRUMENT: About to call dma_buf_put from function dma_buf_phys_release at drivers/misc/dma-buf-phys.c:68
2025-08-03T20:11:48,222957+00:00 DMA_STACK_START: Stack trace for dma_buf_put called from dma_buf_phys_release
2025-08-03T20:11:48,231118+00:00 CPU: 1 PID: 1711 Comm: tidlrt_clasific Not tainted 6.1.80-dirty #34
2025-08-03T20:11:48,238409+00:00 Hardware name: Texas Instruments J721E SK (DT)
2025-08-03T20:11:48,243877+00:00 Call trace:
2025-08-03T20:11:48,246310+00:00  dump_backtrace.part.0+0xdc/0xf0
2025-08-03T20:11:48,250572+00:00  show_stack+0x18/0x30
2025-08-03T20:11:48,253875+00:00  dump_stack_lvl+0x68/0x84
2025-08-03T20:11:48,257526+00:00  dump_stack+0x18/0x34
2025-08-03T20:11:48,260827+00:00  dma_buf_phys_release+0x108/0x140
2025-08-03T20:11:48,265170+00:00  __fput+0x70/0x250
2025-08-03T20:11:48,268213+00:00  ____fput+0x10/0x20
2025-08-03T20:11:48,271341+00:00  task_work_run+0x80/0xe0
2025-08-03T20:11:48,274902+00:00  ptrace_notify+0x80/0x84
2025-08-03T20:11:48,278464+00:00  syscall_trace_exit+0xe0/0x170
2025-08-03T20:11:48,282547+00:00  el0_svc_common.constprop.0+0x64/0xfc
2025-08-03T20:11:48,287237+00:00  do_el0_svc+0x20/0x30
2025-08-03T20:11:48,290538+00:00  el0_svc+0x28/0xa0
2025-08-03T20:11:48,293580+00:00  el0t_64_sync_handler+0xbc/0x140
2025-08-03T20:11:48,297836+00:00  el0t_64_sync+0x18c/0x190
2025-08-03T20:11:48,301501+00:00 DMA_STACK_END: End of stack trace for dma_buf_put
2025-08-03T20:11:48,307410+00:00 IOCTL_HANDLER: Function dma_buf_file_release called at drivers/dma-buf/dma-buf.c:100
2025-08-03T20:11:48,316200+00:00 FUNC_ENTRY: Entering function dma_heap_dma_buf_release at drivers/dma-buf/heaps/carveout-heap.c:135
2025-08-03T20:11:48,326493+00:00 FUNC_ENTRY: Entering function virtio_rpmsg_sendto at drivers/rpmsg/virtio_rpmsg_bus.c:675
2025-08-03T20:11:48,335707+00:00 FUNC_ENTRY: Entering function rpmsg_send_offchannel_raw at drivers/rpmsg/virtio_rpmsg_bus.c:568
2025-08-03T20:11:48,345431+00:00 FUNC_ENTRY: Entering function get_a_tx_buf at drivers/rpmsg/virtio_rpmsg_bus.c:450
2025-08-03T20:11:48,354028+00:00 FUNC_ENTRY: Entering function rpmsg_sg_init at drivers/rpmsg/virtio_rpmsg_bus.c:178
2025-08-03T20:11:48,367941+00:00 FUNC_ENTRY: Entering function rpmsg_recv_done at drivers/rpmsg/virtio_rpmsg_bus.c:800
2025-08-03T20:11:48,376814+00:00 FUNC_ENTRY: Entering function rpmsg_recv_single at drivers/rpmsg/virtio_rpmsg_bus.c:731
2025-08-03T20:11:48,386220+00:00 FUNC_ENTRY: Entering function rpmsg_sg_init at drivers/rpmsg/virtio_rpmsg_bus.c:178
2025-08-03T20:11:48,399479+00:00 FUNC_ENTRY: Entering function virtio_rpmsg_sendto at drivers/rpmsg/virtio_rpmsg_bus.c:675
2025-08-03T20:11:48,408712+00:00 FUNC_ENTRY: Entering function rpmsg_send_offchannel_raw at drivers/rpmsg/virtio_rpmsg_bus.c:568
2025-08-03T20:11:48,418442+00:00 FUNC_ENTRY: Entering function get_a_tx_buf at drivers/rpmsg/virtio_rpmsg_bus.c:450
2025-08-03T20:11:48,427079+00:00 FUNC_ENTRY: Entering function rpmsg_sg_init at drivers/rpmsg/virtio_rpmsg_bus.c:178
2025-08-03T20:11:48,436201+00:00 FUNC_ENTRY: Entering function rpmsg_recv_done at drivers/rpmsg/virtio_rpmsg_bus.c:800
2025-08-03T20:11:48,445078+00:00 FUNC_ENTRY: Entering function rpmsg_recv_single at drivers/rpmsg/virtio_rpmsg_bus.c:731
2025-08-03T20:11:48,454175+00:00 FUNC_ENTRY: Entering function rpmsg_sg_init at drivers/rpmsg/virtio_rpmsg_bus.c:178
2025-08-03T20:11:48,455140+00:00 IOCTL_HANDLER: Function dma_buf_phys_release called at drivers/misc/dma-buf-phys.c:53
2025-08-03T20:11:48,471763+00:00 DMA_INSTRUMENT: About to call dma_buf_unmap_attachment from function dma_buf_phys_release at drivers/misc/dma-buf-phys.c:56
2025-08-03T20:11:48,483933+00:00 DMA_STACK_START: Stack trace for dma_buf_unmap_attachment called from dma_buf_phys_release
2025-08-03T20:11:48,493227+00:00 CPU: 1 PID: 1711 Comm: tidlrt_clasific Not tainted 6.1.80-dirty #34
2025-08-03T20:11:48,500518+00:00 Hardware name: Texas Instruments J721E SK (DT)
2025-08-03T20:11:48,505985+00:00 Call trace:
2025-08-03T20:11:48,508419+00:00  dump_backtrace.part.0+0xdc/0xf0
2025-08-03T20:11:48,512683+00:00  show_stack+0x18/0x30
2025-08-03T20:11:48,515987+00:00  dump_stack_lvl+0x68/0x84
2025-08-03T20:11:48,519639+00:00  dump_stack+0x18/0x34
2025-08-03T20:11:48,522941+00:00  dma_buf_phys_release+0x6c/0x140
2025-08-03T20:11:48,527199+00:00  __fput+0x70/0x250
2025-08-03T20:11:48,530243+00:00  ____fput+0x10/0x20
2025-08-03T20:11:48,533371+00:00  task_work_run+0x80/0xe0
2025-08-03T20:11:48,536933+00:00  ptrace_notify+0x80/0x84
2025-08-03T20:11:48,540495+00:00  syscall_trace_exit+0xe0/0x170
2025-08-03T20:11:48,544578+00:00  el0_svc_common.constprop.0+0x64/0xfc
2025-08-03T20:11:48,549267+00:00  do_el0_svc+0x20/0x30
2025-08-03T20:11:48,552570+00:00  el0_svc+0x28/0xa0
2025-08-03T20:11:48,555612+00:00  el0t_64_sync_handler+0xbc/0x140
2025-08-03T20:11:48,559867+00:00  el0t_64_sync+0x18c/0x190
2025-08-03T20:11:48,563531+00:00 DMA_STACK_END: End of stack trace for dma_buf_unmap_attachment
2025-08-03T20:11:48,570395+00:00 FUNC_ENTRY: Entering function dma_heap_unmap_dma_buf at drivers/dma-buf/heaps/carveout-heap.c:125
2025-08-03T20:11:48,580310+00:00 DMA_INSTRUMENT: About to call dma_buf_detach from function dma_buf_phys_release at drivers/misc/dma-buf-phys.c:62
2025-08-03T20:11:48,591592+00:00 DMA_STACK_START: Stack trace for dma_buf_detach called from dma_buf_phys_release
2025-08-03T20:11:48,600016+00:00 CPU: 1 PID: 1711 Comm: tidlrt_clasific Not tainted 6.1.80-dirty #34
2025-08-03T20:11:48,607306+00:00 Hardware name: Texas Instruments J721E SK (DT)
2025-08-03T20:11:48,612773+00:00 Call trace:
2025-08-03T20:11:48,615206+00:00  dump_backtrace.part.0+0xdc/0xf0
2025-08-03T20:11:48,619468+00:00  show_stack+0x18/0x30
2025-08-03T20:11:48,622771+00:00  dump_stack_lvl+0x68/0x84
2025-08-03T20:11:48,626422+00:00  dump_stack+0x18/0x34
2025-08-03T20:11:48,629725+00:00  dma_buf_phys_release+0xbc/0x140
2025-08-03T20:11:48,633981+00:00  __fput+0x70/0x250
2025-08-03T20:11:48,637024+00:00  ____fput+0x10/0x20
2025-08-03T20:11:48,640152+00:00  task_work_run+0x80/0xe0
2025-08-03T20:11:48,643713+00:00  ptrace_notify+0x80/0x84
2025-08-03T20:11:48,647275+00:00  syscall_trace_exit+0xe0/0x170
2025-08-03T20:11:48,651358+00:00  el0_svc_common.constprop.0+0x64/0xfc
2025-08-03T20:11:48,656047+00:00  do_el0_svc+0x20/0x30
2025-08-03T20:11:48,659349+00:00  el0_svc+0x28/0xa0
2025-08-03T20:11:48,662392+00:00  el0t_64_sync_handler+0xbc/0x140
2025-08-03T20:11:48,666647+00:00  el0t_64_sync+0x18c/0x190
2025-08-03T20:11:48,670314+00:00 DMA_STACK_END: End of stack trace for dma_buf_detach
2025-08-03T20:11:48,676312+00:00 FUNC_ENTRY: Entering function dma_heap_detatch at drivers/dma-buf/heaps/carveout-heap.c:91
2025-08-03T20:11:48,685605+00:00 DMA_INSTRUMENT: About to call dma_buf_put from function dma_buf_phys_release at drivers/misc/dma-buf-phys.c:68
2025-08-03T20:11:48,696630+00:00 DMA_STACK_START: Stack trace for dma_buf_put called from dma_buf_phys_release
2025-08-03T20:11:48,704816+00:00 CPU: 1 PID: 1711 Comm: tidlrt_clasific Not tainted 6.1.80-dirty #34
2025-08-03T20:11:48,712108+00:00 Hardware name: Texas Instruments J721E SK (DT)
2025-08-03T20:11:48,717575+00:00 Call trace:
2025-08-03T20:11:48,720009+00:00  dump_backtrace.part.0+0xdc/0xf0
2025-08-03T20:11:48,724271+00:00  show_stack+0x18/0x30
2025-08-03T20:11:48,727574+00:00  dump_stack_lvl+0x68/0x84
2025-08-03T20:11:48,731225+00:00  dump_stack+0x18/0x34
2025-08-03T20:11:48,734526+00:00  dma_buf_phys_release+0x108/0x140
2025-08-03T20:11:48,738870+00:00  __fput+0x70/0x250
2025-08-03T20:11:48,741913+00:00  ____fput+0x10/0x20
2025-08-03T20:11:48,745041+00:00  task_work_run+0x80/0xe0
2025-08-03T20:11:48,748602+00:00  ptrace_notify+0x80/0x84
2025-08-03T20:11:48,752163+00:00  syscall_trace_exit+0xe0/0x170
2025-08-03T20:11:48,756246+00:00  el0_svc_common.constprop.0+0x64/0xfc
2025-08-03T20:11:48,760936+00:00  do_el0_svc+0x20/0x30
2025-08-03T20:11:48,764238+00:00  el0_svc+0x28/0xa0
2025-08-03T20:11:48,767281+00:00  el0t_64_sync_handler+0xbc/0x140
2025-08-03T20:11:48,771536+00:00  el0t_64_sync+0x18c/0x190
2025-08-03T20:11:48,775222+00:00 DMA_STACK_END: End of stack trace for dma_buf_put
2025-08-03T20:11:48,781102+00:00 IOCTL_HANDLER: Function dma_buf_file_release called at drivers/dma-buf/dma-buf.c:100
2025-08-03T20:11:48,789891+00:00 FUNC_ENTRY: Entering function dma_heap_dma_buf_release at drivers/dma-buf/heaps/carveout-heap.c:135
2025-08-03T20:11:48,800219+00:00 IOCTL_HANDLER: Function dma_buf_phys_release called at drivers/misc/dma-buf-phys.c:53
2025-08-03T20:11:48,809089+00:00 DMA_INSTRUMENT: About to call dma_buf_unmap_attachment from function dma_buf_phys_release at drivers/misc/dma-buf-phys.c:56
2025-08-03T20:11:48,821268+00:00 DMA_STACK_START: Stack trace for dma_buf_unmap_attachment called from dma_buf_phys_release
2025-08-03T20:11:48,830599+00:00 CPU: 1 PID: 1711 Comm: tidlrt_clasific Not tainted 6.1.80-dirty #34
2025-08-03T20:11:48,837897+00:00 Hardware name: Texas Instruments J721E SK (DT)
2025-08-03T20:11:48,843367+00:00 Call trace:
2025-08-03T20:11:48,845802+00:00  dump_backtrace.part.0+0xdc/0xf0
2025-08-03T20:11:48,850068+00:00  show_stack+0x18/0x30
2025-08-03T20:11:48,853372+00:00  dump_stack_lvl+0x68/0x84
2025-08-03T20:11:48,857024+00:00  dump_stack+0x18/0x34
2025-08-03T20:11:48,860324+00:00  dma_buf_phys_release+0x6c/0x140
2025-08-03T20:11:48,864581+00:00  __fput+0x70/0x250
2025-08-03T20:11:48,867624+00:00  ____fput+0x10/0x20
2025-08-03T20:11:48,870752+00:00  task_work_run+0x80/0xe0
2025-08-03T20:11:48,874315+00:00  ptrace_notify+0x80/0x84
2025-08-03T20:11:48,877876+00:00  syscall_trace_exit+0xe0/0x170
2025-08-03T20:11:48,881960+00:00  el0_svc_common.constprop.0+0x64/0xfc
2025-08-03T20:11:48,886649+00:00  do_el0_svc+0x20/0x30
2025-08-03T20:11:48,889951+00:00  el0_svc+0x28/0xa0
2025-08-03T20:11:48,892994+00:00  el0t_64_sync_handler+0xbc/0x140
2025-08-03T20:11:48,897250+00:00  el0t_64_sync+0x18c/0x190
2025-08-03T20:11:48,900958+00:00 DMA_STACK_END: End of stack trace for dma_buf_unmap_attachment
2025-08-03T20:11:48,907827+00:00 FUNC_ENTRY: Entering function dma_heap_unmap_dma_buf at drivers/dma-buf/heaps/carveout-heap.c:125
2025-08-03T20:11:48,917758+00:00 DMA_INSTRUMENT: About to call dma_buf_detach from function dma_buf_phys_release at drivers/misc/dma-buf-phys.c:62
2025-08-03T20:11:48,929041+00:00 DMA_STACK_START: Stack trace for dma_buf_detach called from dma_buf_phys_release
2025-08-03T20:11:48,937484+00:00 CPU: 1 PID: 1711 Comm: tidlrt_clasific Not tainted 6.1.80-dirty #34
2025-08-03T20:11:48,944777+00:00 Hardware name: Texas Instruments J721E SK (DT)
2025-08-03T20:11:48,950245+00:00 Call trace:
2025-08-03T20:11:48,952678+00:00  dump_backtrace.part.0+0xdc/0xf0
2025-08-03T20:11:48,956941+00:00  show_stack+0x18/0x30
2025-08-03T20:11:48,960244+00:00  dump_stack_lvl+0x68/0x84
2025-08-03T20:11:48,963895+00:00  dump_stack+0x18/0x34
2025-08-03T20:11:48,967198+00:00  dma_buf_phys_release+0xbc/0x140
2025-08-03T20:11:48,971455+00:00  __fput+0x70/0x250
2025-08-03T20:11:48,974498+00:00  ____fput+0x10/0x20
2025-08-03T20:11:48,977626+00:00  task_work_run+0x80/0xe0
2025-08-03T20:11:48,981188+00:00  ptrace_notify+0x80/0x84
2025-08-03T20:11:48,984750+00:00  syscall_trace_exit+0xe0/0x170
2025-08-03T20:11:48,988833+00:00  el0_svc_common.constprop.0+0x64/0xfc
2025-08-03T20:11:48,993523+00:00  do_el0_svc+0x20/0x30
2025-08-03T20:11:48,996825+00:00  el0_svc+0x28/0xa0
2025-08-03T20:11:48,999868+00:00  el0t_64_sync_handler+0xbc/0x140
2025-08-03T20:11:49,004124+00:00  el0t_64_sync+0x18c/0x190
2025-08-03T20:11:49,007795+00:00 DMA_STACK_END: End of stack trace for dma_buf_detach
2025-08-03T20:11:49,013792+00:00 FUNC_ENTRY: Entering function dma_heap_detatch at drivers/dma-buf/heaps/carveout-heap.c:91
2025-08-03T20:11:49,023085+00:00 DMA_INSTRUMENT: About to call dma_buf_put from function dma_buf_phys_release at drivers/misc/dma-buf-phys.c:68
2025-08-03T20:11:49,034108+00:00 DMA_STACK_START: Stack trace for dma_buf_put called from dma_buf_phys_release
2025-08-03T20:11:49,042270+00:00 CPU: 1 PID: 1711 Comm: tidlrt_clasific Not tainted 6.1.80-dirty #34
2025-08-03T20:11:49,049560+00:00 Hardware name: Texas Instruments J721E SK (DT)
2025-08-03T20:11:49,055028+00:00 Call trace:
2025-08-03T20:11:49,057463+00:00  dump_backtrace.part.0+0xdc/0xf0
2025-08-03T20:11:49,061725+00:00  show_stack+0x18/0x30
2025-08-03T20:11:49,065028+00:00  dump_stack_lvl+0x68/0x84
2025-08-03T20:11:49,068678+00:00  dump_stack+0x18/0x34
2025-08-03T20:11:49,071980+00:00  dma_buf_phys_release+0x108/0x140
2025-08-03T20:11:49,076325+00:00  __fput+0x70/0x250
2025-08-03T20:11:49,079368+00:00  ____fput+0x10/0x20
2025-08-03T20:11:49,082497+00:00  task_work_run+0x80/0xe0
2025-08-03T20:11:49,086058+00:00  ptrace_notify+0x80/0x84
2025-08-03T20:11:49,089619+00:00  syscall_trace_exit+0xe0/0x170
2025-08-03T20:11:49,093701+00:00  el0_svc_common.constprop.0+0x64/0xfc
2025-08-03T20:11:49,098391+00:00  do_el0_svc+0x20/0x30
2025-08-03T20:11:49,101692+00:00  el0_svc+0x28/0xa0
2025-08-03T20:11:49,104735+00:00  el0t_64_sync_handler+0xbc/0x140
2025-08-03T20:11:49,108990+00:00  el0t_64_sync+0x18c/0x190
2025-08-03T20:11:49,112654+00:00 DMA_STACK_END: End of stack trace for dma_buf_put
2025-08-03T20:11:49,118541+00:00 IOCTL_HANDLER: Function dma_buf_file_release called at drivers/dma-buf/dma-buf.c:100
2025-08-03T20:11:49,127332+00:00 FUNC_ENTRY: Entering function dma_heap_dma_buf_release at drivers/dma-buf/heaps/carveout-heap.c:135
2025-08-03T20:11:49,137627+00:00 IOCTL_HANDLER: Function dma_buf_phys_release called at drivers/misc/dma-buf-phys.c:53
2025-08-03T20:11:49,146493+00:00 DMA_INSTRUMENT: About to call dma_buf_unmap_attachment from function dma_buf_phys_release at drivers/misc/dma-buf-phys.c:56
2025-08-03T20:11:49,158647+00:00 DMA_STACK_START: Stack trace for dma_buf_unmap_attachment called from dma_buf_phys_release
2025-08-03T20:11:49,167938+00:00 CPU: 1 PID: 1711 Comm: tidlrt_clasific Not tainted 6.1.80-dirty #34
2025-08-03T20:11:49,175228+00:00 Hardware name: Texas Instruments J721E SK (DT)
2025-08-03T20:11:49,180696+00:00 Call trace:
2025-08-03T20:11:49,183130+00:00  dump_backtrace.part.0+0xdc/0xf0
2025-08-03T20:11:49,187393+00:00  show_stack+0x18/0x30
2025-08-03T20:11:49,190696+00:00  dump_stack_lvl+0x68/0x84
2025-08-03T20:11:49,194346+00:00  dump_stack+0x18/0x34
2025-08-03T20:11:49,197649+00:00  dma_buf_phys_release+0x6c/0x140
2025-08-03T20:11:49,201906+00:00  __fput+0x70/0x250
2025-08-03T20:11:49,204949+00:00  ____fput+0x10/0x20
2025-08-03T20:11:49,208078+00:00  task_work_run+0x80/0xe0
2025-08-03T20:11:49,211640+00:00  ptrace_notify+0x80/0x84
2025-08-03T20:11:49,215201+00:00  syscall_trace_exit+0xe0/0x170
2025-08-03T20:11:49,219284+00:00  el0_svc_common.constprop.0+0x64/0xfc
2025-08-03T20:11:49,223972+00:00  do_el0_svc+0x20/0x30
2025-08-03T20:11:49,227273+00:00  el0_svc+0x28/0xa0
2025-08-03T20:11:49,230315+00:00  el0t_64_sync_handler+0xbc/0x140
2025-08-03T20:11:49,234571+00:00  el0t_64_sync+0x18c/0x190
2025-08-03T20:11:49,238237+00:00 DMA_STACK_END: End of stack trace for dma_buf_unmap_attachment
2025-08-03T20:11:49,245104+00:00 FUNC_ENTRY: Entering function dma_heap_unmap_dma_buf at drivers/dma-buf/heaps/carveout-heap.c:125
2025-08-03T20:11:49,255004+00:00 DMA_INSTRUMENT: About to call dma_buf_detach from function dma_buf_phys_release at drivers/misc/dma-buf-phys.c:62
2025-08-03T20:11:49,266286+00:00 DMA_STACK_START: Stack trace for dma_buf_detach called from dma_buf_phys_release
2025-08-03T20:11:49,274708+00:00 CPU: 1 PID: 1711 Comm: tidlrt_clasific Not tainted 6.1.80-dirty #34
2025-08-03T20:11:49,281998+00:00 Hardware name: Texas Instruments J721E SK (DT)
2025-08-03T20:11:49,287466+00:00 Call trace:
2025-08-03T20:11:49,289899+00:00  dump_backtrace.part.0+0xdc/0xf0
2025-08-03T20:11:49,294160+00:00  show_stack+0x18/0x30
2025-08-03T20:11:49,297462+00:00  dump_stack_lvl+0x68/0x84
2025-08-03T20:11:49,301112+00:00  dump_stack+0x18/0x34
2025-08-03T20:11:49,304414+00:00  dma_buf_phys_release+0xbc/0x140
2025-08-03T20:11:49,308670+00:00  __fput+0x70/0x250
2025-08-03T20:11:49,311713+00:00  ____fput+0x10/0x20
2025-08-03T20:11:49,314841+00:00  task_work_run+0x80/0xe0
2025-08-03T20:11:49,318402+00:00  ptrace_notify+0x80/0x84
2025-08-03T20:11:49,321963+00:00  syscall_trace_exit+0xe0/0x170
2025-08-03T20:11:49,326046+00:00  el0_svc_common.constprop.0+0x64/0xfc
2025-08-03T20:11:49,330734+00:00  do_el0_svc+0x20/0x30
2025-08-03T20:11:49,334037+00:00  el0_svc+0x28/0xa0
2025-08-03T20:11:49,337079+00:00  el0t_64_sync_handler+0xbc/0x140
2025-08-03T20:11:49,341334+00:00  el0t_64_sync+0x18c/0x190
2025-08-03T20:11:49,345010+00:00 DMA_STACK_END: End of stack trace for dma_buf_detach
2025-08-03T20:11:49,351010+00:00 FUNC_ENTRY: Entering function dma_heap_detatch at drivers/dma-buf/heaps/carveout-heap.c:91
2025-08-03T20:11:49,360302+00:00 DMA_INSTRUMENT: About to call dma_buf_put from function dma_buf_phys_release at drivers/misc/dma-buf-phys.c:68
2025-08-03T20:11:49,371325+00:00 DMA_STACK_START: Stack trace for dma_buf_put called from dma_buf_phys_release
2025-08-03T20:11:49,379487+00:00 CPU: 1 PID: 1711 Comm: tidlrt_clasific Not tainted 6.1.80-dirty #34
2025-08-03T20:11:49,386778+00:00 Hardware name: Texas Instruments J721E SK (DT)
2025-08-03T20:11:49,392244+00:00 Call trace:
2025-08-03T20:11:49,394678+00:00  dump_backtrace.part.0+0xdc/0xf0
2025-08-03T20:11:49,398939+00:00  show_stack+0x18/0x30
2025-08-03T20:11:49,402242+00:00  dump_stack_lvl+0x68/0x84
2025-08-03T20:11:49,405892+00:00  dump_stack+0x18/0x34
2025-08-03T20:11:49,409195+00:00  dma_buf_phys_release+0x108/0x140
2025-08-03T20:11:49,413538+00:00  __fput+0x70/0x250
2025-08-03T20:11:49,416581+00:00  ____fput+0x10/0x20
2025-08-03T20:11:49,419709+00:00  task_work_run+0x80/0xe0
2025-08-03T20:11:49,423270+00:00  ptrace_notify+0x80/0x84
2025-08-03T20:11:49,426831+00:00  syscall_trace_exit+0xe0/0x170
2025-08-03T20:11:49,430914+00:00  el0_svc_common.constprop.0+0x64/0xfc
2025-08-03T20:11:49,435604+00:00  do_el0_svc+0x20/0x30
2025-08-03T20:11:49,438906+00:00  el0_svc+0x28/0xa0
2025-08-03T20:11:49,441948+00:00  el0t_64_sync_handler+0xbc/0x140
2025-08-03T20:11:49,446204+00:00  el0t_64_sync+0x18c/0x190
2025-08-03T20:11:49,449873+00:00 DMA_STACK_END: End of stack trace for dma_buf_put
2025-08-03T20:11:49,455746+00:00 IOCTL_HANDLER: Function dma_buf_file_release called at drivers/dma-buf/dma-buf.c:100
2025-08-03T20:11:49,464536+00:00 FUNC_ENTRY: Entering function dma_heap_dma_buf_release at drivers/dma-buf/heaps/carveout-heap.c:135
2025-08-03T20:11:49,474819+00:00 IOCTL_HANDLER: Function dma_buf_phys_release called at drivers/misc/dma-buf-phys.c:53
2025-08-03T20:11:49,483687+00:00 DMA_INSTRUMENT: About to call dma_buf_unmap_attachment from function dma_buf_phys_release at drivers/misc/dma-buf-phys.c:56
2025-08-03T20:11:49,495841+00:00 DMA_STACK_START: Stack trace for dma_buf_unmap_attachment called from dma_buf_phys_release
2025-08-03T20:11:49,505131+00:00 CPU: 1 PID: 1711 Comm: tidlrt_clasific Not tainted 6.1.80-dirty #34
2025-08-03T20:11:49,512420+00:00 Hardware name: Texas Instruments J721E SK (DT)
2025-08-03T20:11:49,517887+00:00 Call trace:
2025-08-03T20:11:49,520321+00:00  dump_backtrace.part.0+0xdc/0xf0
2025-08-03T20:11:49,524584+00:00  show_stack+0x18/0x30
2025-08-03T20:11:49,527887+00:00  dump_stack_lvl+0x68/0x84
2025-08-03T20:11:49,531536+00:00  dump_stack+0x18/0x34
2025-08-03T20:11:49,534839+00:00  dma_buf_phys_release+0x6c/0x140
2025-08-03T20:11:49,539095+00:00  __fput+0x70/0x250
2025-08-03T20:11:49,542138+00:00  ____fput+0x10/0x20
2025-08-03T20:11:49,545266+00:00  task_work_run+0x80/0xe0
2025-08-03T20:11:49,548827+00:00  ptrace_notify+0x80/0x84
2025-08-03T20:11:49,552389+00:00  syscall_trace_exit+0xe0/0x170
2025-08-03T20:11:49,556471+00:00  el0_svc_common.constprop.0+0x64/0xfc
2025-08-03T20:11:49,561161+00:00  do_el0_svc+0x20/0x30
2025-08-03T20:11:49,564464+00:00  el0_svc+0x28/0xa0
2025-08-03T20:11:49,567506+00:00  el0t_64_sync_handler+0xbc/0x140
2025-08-03T20:11:49,571762+00:00  el0t_64_sync+0x18c/0x190
2025-08-03T20:11:49,575427+00:00 DMA_STACK_END: End of stack trace for dma_buf_unmap_attachment
2025-08-03T20:11:49,582295+00:00 FUNC_ENTRY: Entering function dma_heap_unmap_dma_buf at drivers/dma-buf/heaps/carveout-heap.c:125
2025-08-03T20:11:49,592194+00:00 DMA_INSTRUMENT: About to call dma_buf_detach from function dma_buf_phys_release at drivers/misc/dma-buf-phys.c:62
2025-08-03T20:11:49,603476+00:00 DMA_STACK_START: Stack trace for dma_buf_detach called from dma_buf_phys_release
2025-08-03T20:11:49,611899+00:00 CPU: 1 PID: 1711 Comm: tidlrt_clasific Not tainted 6.1.80-dirty #34
2025-08-03T20:11:49,619189+00:00 Hardware name: Texas Instruments J721E SK (DT)
2025-08-03T20:11:49,624657+00:00 Call trace:
2025-08-03T20:11:49,627091+00:00  dump_backtrace.part.0+0xdc/0xf0
2025-08-03T20:11:49,631354+00:00  show_stack+0x18/0x30
2025-08-03T20:11:49,634657+00:00  dump_stack_lvl+0x68/0x84
2025-08-03T20:11:49,638308+00:00  dump_stack+0x18/0x34
2025-08-03T20:11:49,641610+00:00  dma_buf_phys_release+0xbc/0x140
2025-08-03T20:11:49,645867+00:00  __fput+0x70/0x250
2025-08-03T20:11:49,648910+00:00  ____fput+0x10/0x20
2025-08-03T20:11:49,652038+00:00  task_work_run+0x80/0xe0
2025-08-03T20:11:49,655599+00:00  ptrace_notify+0x80/0x84
2025-08-03T20:11:49,659161+00:00  syscall_trace_exit+0xe0/0x170
2025-08-03T20:11:49,663244+00:00  el0_svc_common.constprop.0+0x64/0xfc
2025-08-03T20:11:49,667933+00:00  do_el0_svc+0x20/0x30
2025-08-03T20:11:49,671235+00:00  el0_svc+0x28/0xa0
2025-08-03T20:11:49,674278+00:00  el0t_64_sync_handler+0xbc/0x140
2025-08-03T20:11:49,678534+00:00  el0t_64_sync+0x18c/0x190
2025-08-03T20:11:49,682202+00:00 DMA_STACK_END: End of stack trace for dma_buf_detach
2025-08-03T20:11:49,688203+00:00 FUNC_ENTRY: Entering function dma_heap_detatch at drivers/dma-buf/heaps/carveout-heap.c:91
2025-08-03T20:11:49,697494+00:00 DMA_INSTRUMENT: About to call dma_buf_put from function dma_buf_phys_release at drivers/misc/dma-buf-phys.c:68
2025-08-03T20:11:49,708518+00:00 DMA_STACK_START: Stack trace for dma_buf_put called from dma_buf_phys_release
2025-08-03T20:11:49,716690+00:00 CPU: 1 PID: 1711 Comm: tidlrt_clasific Not tainted 6.1.80-dirty #34
2025-08-03T20:11:49,723980+00:00 Hardware name: Texas Instruments J721E SK (DT)
2025-08-03T20:11:49,729448+00:00 Call trace:
2025-08-03T20:11:49,731882+00:00  dump_backtrace.part.0+0xdc/0xf0
2025-08-03T20:11:49,736144+00:00  show_stack+0x18/0x30
2025-08-03T20:11:49,739447+00:00  dump_stack_lvl+0x68/0x84
2025-08-03T20:11:49,743096+00:00  dump_stack+0x18/0x34
2025-08-03T20:11:49,746398+00:00  dma_buf_phys_release+0x108/0x140
2025-08-03T20:11:49,750742+00:00  __fput+0x70/0x250
2025-08-03T20:11:49,753786+00:00  ____fput+0x10/0x20
2025-08-03T20:11:49,756914+00:00  task_work_run+0x80/0xe0
2025-08-03T20:11:49,760475+00:00  ptrace_notify+0x80/0x84
2025-08-03T20:11:49,764037+00:00  syscall_trace_exit+0xe0/0x170
2025-08-03T20:11:49,768120+00:00  el0_svc_common.constprop.0+0x64/0xfc
2025-08-03T20:11:49,772808+00:00  do_el0_svc+0x20/0x30
2025-08-03T20:11:49,776111+00:00  el0_svc+0x28/0xa0
2025-08-03T20:11:49,779153+00:00  el0t_64_sync_handler+0xbc/0x140
2025-08-03T20:11:49,783409+00:00  el0t_64_sync+0x18c/0x190
2025-08-03T20:11:49,787073+00:00 DMA_STACK_END: End of stack trace for dma_buf_put
2025-08-03T20:11:49,792948+00:00 IOCTL_HANDLER: Function dma_buf_file_release called at drivers/dma-buf/dma-buf.c:100
2025-08-03T20:11:49,801737+00:00 FUNC_ENTRY: Entering function dma_heap_dma_buf_release at drivers/dma-buf/heaps/carveout-heap.c:135
2025-08-03T20:11:49,818083+00:00 IOCTL_HANDLER: Function rpmsg_eptdev_ioctl called at drivers/rpmsg/rpmsg_char.c:295
2025-08-03T20:11:49,826783+00:00 FUNC_ENTRY: Entering function virtio_rpmsg_destroy_ept at drivers/rpmsg/virtio_rpmsg_bus.c:319
2025-08-03T20:11:49,836825+00:00 IOCTL_HANDLER: Function rpmsg_eptdev_release called at drivers/rpmsg/rpmsg_char.c:162
2025-08-03T20:11:49,845919+00:00 IOCTL_HANDLER: Function rpmsg_eptdev_ioctl called at drivers/rpmsg/rpmsg_char.c:295
2025-08-03T20:11:49,854752+00:00 FUNC_ENTRY: Entering function virtio_rpmsg_destroy_ept at drivers/rpmsg/virtio_rpmsg_bus.c:319
2025-08-03T20:11:49,864689+00:00 IOCTL_HANDLER: Function rpmsg_eptdev_release called at drivers/rpmsg/rpmsg_char.c:162
2025-08-03T20:11:49,873701+00:00 IOCTL_HANDLER: Function rpmsg_eptdev_ioctl called at drivers/rpmsg/rpmsg_char.c:295
2025-08-03T20:11:49,882400+00:00 FUNC_ENTRY: Entering function virtio_rpmsg_destroy_ept at drivers/rpmsg/virtio_rpmsg_bus.c:319
2025-08-03T20:11:49,892271+00:00 IOCTL_HANDLER: Function rpmsg_eptdev_release called at drivers/rpmsg/rpmsg_char.c:162
2025-08-03T20:11:49,901289+00:00 IOCTL_HANDLER: Function rpmsg_eptdev_ioctl called at drivers/rpmsg/rpmsg_char.c:295
2025-08-03T20:11:49,909990+00:00 FUNC_ENTRY: Entering function virtio_rpmsg_destroy_ept at drivers/rpmsg/virtio_rpmsg_bus.c:319
2025-08-03T20:11:49,919857+00:00 IOCTL_HANDLER: Function rpmsg_eptdev_release called at drivers/rpmsg/rpmsg_char.c:162
2025-08-03T20:11:49,928884+00:00 IOCTL_HANDLER: Function rpmsg_eptdev_ioctl called at drivers/rpmsg/rpmsg_char.c:295
2025-08-03T20:11:49,937585+00:00 FUNC_ENTRY: Entering function virtio_rpmsg_destroy_ept at drivers/rpmsg/virtio_rpmsg_bus.c:319
2025-08-03T20:11:49,947436+00:00 IOCTL_HANDLER: Function rpmsg_eptdev_release called at drivers/rpmsg/rpmsg_char.c:162
2025-08-03T20:11:49,957440+00:00 IOCTL_HANDLER: Function rpmsg_eptdev_ioctl called at drivers/rpmsg/rpmsg_char.c:295
2025-08-03T20:11:49,966163+00:00 FUNC_ENTRY: Entering function virtio_rpmsg_destroy_ept at drivers/rpmsg/virtio_rpmsg_bus.c:319
2025-08-03T20:11:49,976346+00:00 IOCTL_HANDLER: Function rpmsg_eptdev_release called at drivers/rpmsg/rpmsg_char.c:162
2025-08-03T20:11:49,985600+00:00 IOCTL_HANDLER: Function rpmsg_eptdev_ioctl called at drivers/rpmsg/rpmsg_char.c:295
2025-08-03T20:11:49,994356+00:00 FUNC_ENTRY: Entering function virtio_rpmsg_destroy_ept at drivers/rpmsg/virtio_rpmsg_bus.c:319
2025-08-03T20:11:50,004645+00:00 IOCTL_HANDLER: Function rpmsg_eptdev_release called at drivers/rpmsg/rpmsg_char.c:162
2025-08-03T20:11:50,013665+00:00 IOCTL_HANDLER: Function rpmsg_eptdev_ioctl called at drivers/rpmsg/rpmsg_char.c:295
2025-08-03T20:11:50,022363+00:00 FUNC_ENTRY: Entering function virtio_rpmsg_destroy_ept at drivers/rpmsg/virtio_rpmsg_bus.c:319
2025-08-03T20:11:50,032261+00:00 IOCTL_HANDLER: Function rpmsg_eptdev_release called at drivers/rpmsg/rpmsg_char.c:162
2025-08-03T20:11:50,041276+00:00 IOCTL_HANDLER: Function rpmsg_eptdev_ioctl called at drivers/rpmsg/rpmsg_char.c:295
2025-08-03T20:11:50,049976+00:00 FUNC_ENTRY: Entering function virtio_rpmsg_destroy_ept at drivers/rpmsg/virtio_rpmsg_bus.c:319
2025-08-03T20:11:50,059866+00:00 IOCTL_HANDLER: Function rpmsg_eptdev_release called at drivers/rpmsg/rpmsg_char.c:162
2025-08-03T20:11:50,068888+00:00 IOCTL_HANDLER: Function rpmsg_eptdev_ioctl called at drivers/rpmsg/rpmsg_char.c:295
2025-08-03T20:11:50,077586+00:00 FUNC_ENTRY: Entering function virtio_rpmsg_destroy_ept at drivers/rpmsg/virtio_rpmsg_bus.c:319
2025-08-03T20:11:50,087474+00:00 IOCTL_HANDLER: Function rpmsg_eptdev_release called at drivers/rpmsg/rpmsg_char.c:162
2025-08-03T20:11:50,096998+00:00 IOCTL_HANDLER: Function dma_buf_phys_release called at drivers/misc/dma-buf-phys.c:53
2025-08-03T20:11:50,105892+00:00 DMA_INSTRUMENT: About to call dma_buf_unmap_attachment from function dma_buf_phys_release at drivers/misc/dma-buf-phys.c:56
2025-08-03T20:11:50,118050+00:00 DMA_STACK_START: Stack trace for dma_buf_unmap_attachment called from dma_buf_phys_release
2025-08-03T20:11:50,127396+00:00 CPU: 0 PID: 1711 Comm: tidlrt_clasific Not tainted 6.1.80-dirty #34
2025-08-03T20:11:50,134689+00:00 Hardware name: Texas Instruments J721E SK (DT)
2025-08-03T20:11:50,140157+00:00 Call trace:
2025-08-03T20:11:50,142591+00:00  dump_backtrace.part.0+0xdc/0xf0
2025-08-03T20:11:50,146857+00:00  show_stack+0x18/0x30
2025-08-03T20:11:50,150161+00:00  dump_stack_lvl+0x68/0x84
2025-08-03T20:11:50,153813+00:00  dump_stack+0x18/0x34
2025-08-03T20:11:50,157115+00:00  dma_buf_phys_release+0x6c/0x140
2025-08-03T20:11:50,161372+00:00  __fput+0x70/0x250
2025-08-03T20:11:50,164416+00:00  ____fput+0x10/0x20
2025-08-03T20:11:50,167544+00:00  task_work_run+0x80/0xe0
2025-08-03T20:11:50,171106+00:00  ptrace_notify+0x80/0x84
2025-08-03T20:11:50,174669+00:00  syscall_trace_exit+0xe0/0x170
2025-08-03T20:11:50,178752+00:00  el0_svc_common.constprop.0+0x64/0xfc
2025-08-03T20:11:50,183443+00:00  do_el0_svc+0x20/0x30
2025-08-03T20:11:50,186744+00:00  el0_svc+0x28/0xa0
2025-08-03T20:11:50,189786+00:00  el0t_64_sync_handler+0xbc/0x140
2025-08-03T20:11:50,194042+00:00  el0t_64_sync+0x18c/0x190
2025-08-03T20:11:50,197727+00:00 DMA_STACK_END: End of stack trace for dma_buf_unmap_attachment
2025-08-03T20:11:50,204642+00:00 FUNC_ENTRY: Entering function dma_heap_unmap_dma_buf at drivers/dma-buf/heaps/carveout-heap.c:125
2025-08-03T20:11:50,214561+00:00 DMA_INSTRUMENT: About to call dma_buf_detach from function dma_buf_phys_release at drivers/misc/dma-buf-phys.c:62
2025-08-03T20:11:50,225869+00:00 DMA_STACK_START: Stack trace for dma_buf_detach called from dma_buf_phys_release
2025-08-03T20:11:50,234294+00:00 CPU: 0 PID: 1711 Comm: tidlrt_clasific Not tainted 6.1.80-dirty #34
2025-08-03T20:11:50,241584+00:00 Hardware name: Texas Instruments J721E SK (DT)
2025-08-03T20:11:50,247052+00:00 Call trace:
2025-08-03T20:11:50,249486+00:00  dump_backtrace.part.0+0xdc/0xf0
2025-08-03T20:11:50,253749+00:00  show_stack+0x18/0x30
2025-08-03T20:11:50,257051+00:00  dump_stack_lvl+0x68/0x84
2025-08-03T20:11:50,260702+00:00  dump_stack+0x18/0x34
2025-08-03T20:11:50,264004+00:00  dma_buf_phys_release+0xbc/0x140
2025-08-03T20:11:50,268261+00:00  __fput+0x70/0x250
2025-08-03T20:11:50,271304+00:00  ____fput+0x10/0x20
2025-08-03T20:11:50,274433+00:00  task_work_run+0x80/0xe0
2025-08-03T20:11:50,277994+00:00  ptrace_notify+0x80/0x84
2025-08-03T20:11:50,281555+00:00  syscall_trace_exit+0xe0/0x170
2025-08-03T20:11:50,285639+00:00  el0_svc_common.constprop.0+0x64/0xfc
2025-08-03T20:11:50,290329+00:00  do_el0_svc+0x20/0x30
2025-08-03T20:11:50,293630+00:00  el0_svc+0x28/0xa0
2025-08-03T20:11:50,296672+00:00  el0t_64_sync_handler+0xbc/0x140
2025-08-03T20:11:50,300929+00:00  el0t_64_sync+0x18c/0x190
2025-08-03T20:11:50,304624+00:00 DMA_STACK_END: End of stack trace for dma_buf_detach
2025-08-03T20:11:50,310662+00:00 FUNC_ENTRY: Entering function dma_heap_detatch at drivers/dma-buf/heaps/carveout-heap.c:91
2025-08-03T20:11:50,319957+00:00 DMA_INSTRUMENT: About to call dma_buf_put from function dma_buf_phys_release at drivers/misc/dma-buf-phys.c:68
2025-08-03T20:11:50,331003+00:00 DMA_STACK_START: Stack trace for dma_buf_put called from dma_buf_phys_release
2025-08-03T20:11:50,339167+00:00 CPU: 0 PID: 1711 Comm: tidlrt_clasific Not tainted 6.1.80-dirty #34
2025-08-03T20:11:50,346456+00:00 Hardware name: Texas Instruments J721E SK (DT)
2025-08-03T20:11:50,351923+00:00 Call trace:
2025-08-03T20:11:50,354356+00:00  dump_backtrace.part.0+0xdc/0xf0
2025-08-03T20:11:50,358618+00:00  show_stack+0x18/0x30
2025-08-03T20:11:50,361922+00:00  dump_stack_lvl+0x68/0x84
2025-08-03T20:11:50,365572+00:00  dump_stack+0x18/0x34
2025-08-03T20:11:50,368874+00:00  dma_buf_phys_release+0x108/0x140
2025-08-03T20:11:50,373219+00:00  __fput+0x70/0x250
2025-08-03T20:11:50,376262+00:00  ____fput+0x10/0x20
2025-08-03T20:11:50,379390+00:00  task_work_run+0x80/0xe0
2025-08-03T20:11:50,382952+00:00  ptrace_notify+0x80/0x84
2025-08-03T20:11:50,386514+00:00  syscall_trace_exit+0xe0/0x170
2025-08-03T20:11:50,390597+00:00  el0_svc_common.constprop.0+0x64/0xfc
2025-08-03T20:11:50,395287+00:00  do_el0_svc+0x20/0x30
2025-08-03T20:11:50,398589+00:00  el0_svc+0x28/0xa0
2025-08-03T20:11:50,401632+00:00  el0t_64_sync_handler+0xbc/0x140
2025-08-03T20:11:50,405888+00:00  el0t_64_sync+0x18c/0x190
2025-08-03T20:11:50,409569+00:00 DMA_STACK_END: End of stack trace for dma_buf_put
2025-08-03T20:11:50,415469+00:00 IOCTL_HANDLER: Function dma_buf_file_release called at drivers/dma-buf/dma-buf.c:100
2025-08-03T20:11:50,424254+00:00 FUNC_ENTRY: Entering function dma_heap_dma_buf_release at drivers/dma-buf/heaps/carveout-heap.c:135
2025-08-03T20:11:50,434558+00:00 IOCTL_HANDLER: Function dma_buf_phys_release called at drivers/misc/dma-buf-phys.c:53
2025-08-03T20:11:50,443421+00:00 DMA_INSTRUMENT: About to call dma_buf_unmap_attachment from function dma_buf_phys_release at drivers/misc/dma-buf-phys.c:56
2025-08-03T20:11:50,455602+00:00 DMA_STACK_START: Stack trace for dma_buf_unmap_attachment called from dma_buf_phys_release
2025-08-03T20:11:50,464894+00:00 CPU: 0 PID: 1711 Comm: tidlrt_clasific Not tainted 6.1.80-dirty #34
2025-08-03T20:11:50,472183+00:00 Hardware name: Texas Instruments J721E SK (DT)
2025-08-03T20:11:50,477652+00:00 Call trace:
2025-08-03T20:11:50,480085+00:00  dump_backtrace.part.0+0xdc/0xf0
2025-08-03T20:11:50,484349+00:00  show_stack+0x18/0x30
2025-08-03T20:11:50,487652+00:00  dump_stack_lvl+0x68/0x84
2025-08-03T20:11:50,491303+00:00  dump_stack+0x18/0x34
2025-08-03T20:11:50,494604+00:00  dma_buf_phys_release+0x6c/0x140
2025-08-03T20:11:50,498861+00:00  __fput+0x70/0x250
2025-08-03T20:11:50,501905+00:00  ____fput+0x10/0x20
2025-08-03T20:11:50,505033+00:00  task_work_run+0x80/0xe0
2025-08-03T20:11:50,508594+00:00  ptrace_notify+0x80/0x84
2025-08-03T20:11:50,512157+00:00  syscall_trace_exit+0xe0/0x170
2025-08-03T20:11:50,516240+00:00  el0_svc_common.constprop.0+0x64/0xfc
2025-08-03T20:11:50,520928+00:00  do_el0_svc+0x20/0x30
2025-08-03T20:11:50,524230+00:00  el0_svc+0x28/0xa0
2025-08-03T20:11:50,527273+00:00  el0t_64_sync_handler+0xbc/0x140
2025-08-03T20:11:50,531528+00:00  el0t_64_sync+0x18c/0x190
2025-08-03T20:11:50,535215+00:00 DMA_STACK_END: End of stack trace for dma_buf_unmap_attachment
2025-08-03T20:11:50,542113+00:00 FUNC_ENTRY: Entering function dma_heap_unmap_dma_buf at drivers/dma-buf/heaps/carveout-heap.c:125
2025-08-03T20:11:50,552042+00:00 DMA_INSTRUMENT: About to call dma_buf_detach from function dma_buf_phys_release at drivers/misc/dma-buf-phys.c:62
2025-08-03T20:11:50,563379+00:00 DMA_STACK_START: Stack trace for dma_buf_detach called from dma_buf_phys_release
2025-08-03T20:11:50,571804+00:00 CPU: 0 PID: 1711 Comm: tidlrt_clasific Not tainted 6.1.80-dirty #34
2025-08-03T20:11:50,579094+00:00 Hardware name: Texas Instruments J721E SK (DT)
2025-08-03T20:11:50,584561+00:00 Call trace:
2025-08-03T20:11:50,586994+00:00  dump_backtrace.part.0+0xdc/0xf0
2025-08-03T20:11:50,591256+00:00  show_stack+0x18/0x30
2025-08-03T20:11:50,594559+00:00  dump_stack_lvl+0x68/0x84
2025-08-03T20:11:50,598210+00:00  dump_stack+0x18/0x34
2025-08-03T20:11:50,601511+00:00  dma_buf_phys_release+0xbc/0x140
2025-08-03T20:11:50,605768+00:00  __fput+0x70/0x250
2025-08-03T20:11:50,608811+00:00  ____fput+0x10/0x20
2025-08-03T20:11:50,611939+00:00  task_work_run+0x80/0xe0
2025-08-03T20:11:50,615501+00:00  ptrace_notify+0x80/0x84
2025-08-03T20:11:50,619061+00:00  syscall_trace_exit+0xe0/0x170
2025-08-03T20:11:50,623144+00:00  el0_svc_common.constprop.0+0x64/0xfc
2025-08-03T20:11:50,627834+00:00  do_el0_svc+0x20/0x30
2025-08-03T20:11:50,631137+00:00  el0_svc+0x28/0xa0
2025-08-03T20:11:50,634179+00:00  el0t_64_sync_handler+0xbc/0x140
2025-08-03T20:11:50,638435+00:00  el0t_64_sync+0x18c/0x190
2025-08-03T20:11:50,642123+00:00 DMA_STACK_END: End of stack trace for dma_buf_detach
2025-08-03T20:11:50,648144+00:00 FUNC_ENTRY: Entering function dma_heap_detatch at drivers/dma-buf/heaps/carveout-heap.c:91
2025-08-03T20:11:50,657436+00:00 DMA_INSTRUMENT: About to call dma_buf_put from function dma_buf_phys_release at drivers/misc/dma-buf-phys.c:68
2025-08-03T20:11:50,668493+00:00 DMA_STACK_START: Stack trace for dma_buf_put called from dma_buf_phys_release
2025-08-03T20:11:50,676664+00:00 CPU: 0 PID: 1711 Comm: tidlrt_clasific Not tainted 6.1.80-dirty #34
2025-08-03T20:11:50,683955+00:00 Hardware name: Texas Instruments J721E SK (DT)
2025-08-03T20:11:50,689422+00:00 Call trace:
2025-08-03T20:11:50,691855+00:00  dump_backtrace.part.0+0xdc/0xf0
2025-08-03T20:11:50,696117+00:00  show_stack+0x18/0x30
2025-08-03T20:11:50,699419+00:00  dump_stack_lvl+0x68/0x84
2025-08-03T20:11:50,703069+00:00  dump_stack+0x18/0x34
2025-08-03T20:11:50,706371+00:00  dma_buf_phys_release+0x108/0x140
2025-08-03T20:11:50,710715+00:00  __fput+0x70/0x250
2025-08-03T20:11:50,713758+00:00  ____fput+0x10/0x20
2025-08-03T20:11:50,716886+00:00  task_work_run+0x80/0xe0
2025-08-03T20:11:50,720449+00:00  ptrace_notify+0x80/0x84
2025-08-03T20:11:50,724011+00:00  syscall_trace_exit+0xe0/0x170
2025-08-03T20:11:50,728094+00:00  el0_svc_common.constprop.0+0x64/0xfc
2025-08-03T20:11:50,732784+00:00  do_el0_svc+0x20/0x30
2025-08-03T20:11:50,736087+00:00  el0_svc+0x28/0xa0
2025-08-03T20:11:50,739129+00:00  el0t_64_sync_handler+0xbc/0x140
2025-08-03T20:11:50,743386+00:00  el0t_64_sync+0x18c/0x190
2025-08-03T20:11:50,747244+00:00 DMA_STACK_END: End of stack trace for dma_buf_put
2025-08-03T20:11:50,753165+00:00 IOCTL_HANDLER: Function dma_buf_file_release called at drivers/dma-buf/dma-buf.c:100
2025-08-03T20:11:50,761969+00:00 FUNC_ENTRY: Entering function dma_heap_dma_buf_release at drivers/dma-buf/heaps/carveout-heap.c:135
