1711  20:11:40.972629 execve("./bin/Release/tidlrt_clasification", ["./bin/Release/tidlrt_clasification", "-l", "/home/root/edgeai-tidl-tools/test_data/labels.txt", "-i", "/home/root/edgeai-tidl-tools/test_data/airshow.jpg", "-f", "/home/root/edgeai-tidl-tools/model-artifacts/cl-tfl-mobilenet_v1_1.0_224/", "-d", "1"], 0xffffd4bd8e80 /* 32 vars */) = 0 <0.000320>
1711  20:11:40.973259 brk(NULL)         = 0x2157a000 <0.000013>
1711  20:11:40.973363 mmap(NULL, 8192, PROT_READ|PROT_WRITE, MAP_PRIVATE|MAP_ANONYMOUS, -1, 0) = 0xffff8485d000 <0.000020>
1711  20:11:40.973460 faccessat(AT_FDCWD, "/etc/ld.so.preload", R_OK) = -1 ENOENT (No such file or directory) <0.000022>
1711  20:11:40.973579 openat(AT_FDCWD, "/usr/lib/opencv/tls/aarch64/libopencv_imgproc.so.405", O_RDONLY|O_CLOEXEC) = -1 ENOENT (No such file or directory) <0.000019>
1711  20:11:40.973653 newfstatat(AT_FDCWD, "/usr/lib/opencv/tls/aarch64", 0xffffe30efcd0, 0) = -1 ENOENT (No such file or directory) <0.000014>
1711  20:11:40.973727 openat(AT_FDCWD, "/usr/lib/opencv/tls/libopencv_imgproc.so.405", O_RDONLY|O_CLOEXEC) = -1 ENOENT (No such file or directory) <0.000016>
1711  20:11:40.973790 newfstatat(AT_FDCWD, "/usr/lib/opencv/tls", 0xffffe30efcd0, 0) = -1 ENOENT (No such file or directory) <0.000013>
1711  20:11:40.973850 openat(AT_FDCWD, "/usr/lib/opencv/aarch64/libopencv_imgproc.so.405", O_RDONLY|O_CLOEXEC) = -1 ENOENT (No such file or directory) <0.000015>
1711  20:11:40.973911 newfstatat(AT_FDCWD, "/usr/lib/opencv/aarch64", 0xffffe30efcd0, 0) = -1 ENOENT (No such file or directory) <0.000013>
1711  20:11:40.973970 openat(AT_FDCWD, "/usr/lib/opencv/libopencv_imgproc.so.405", O_RDONLY|O_CLOEXEC) = -1 ENOENT (No such file or directory) <0.000014>
1711  20:11:40.974032 newfstatat(AT_FDCWD, "/usr/lib/opencv", 0xffffe30efcd0, 0) = -1 ENOENT (No such file or directory) <0.000013>
1711  20:11:40.974116 openat(AT_FDCWD, "/usr/lib/tflite_2.12/abseil-cpp-build/tls/aarch64/libopencv_imgproc.so.405", O_RDONLY|O_CLOEXEC) = -1 ENOENT (No such file or directory) <0.000019>
1711  20:11:40.974187 newfstatat(AT_FDCWD, "/usr/lib/tflite_2.12/abseil-cpp-build/tls/aarch64", 0xffffe30efcd0, 0) = -1 ENOENT (No such file or directory) <0.000014>
1711  20:11:40.974249 openat(AT_FDCWD, "/usr/lib/tflite_2.12/abseil-cpp-build/tls/libopencv_imgproc.so.405", O_RDONLY|O_CLOEXEC) = -1 ENOENT (No such file or directory) <0.000015>
1711  20:11:40.974311 newfstatat(AT_FDCWD, "/usr/lib/tflite_2.12/abseil-cpp-build/tls", 0xffffe30efcd0, 0) = -1 ENOENT (No such file or directory) <0.000013>
1711  20:11:40.974371 openat(AT_FDCWD, "/usr/lib/tflite_2.12/abseil-cpp-build/aarch64/libopencv_imgproc.so.405", O_RDONLY|O_CLOEXEC) = -1 ENOENT (No such file or directory) <0.000016>
1711  20:11:40.974433 newfstatat(AT_FDCWD, "/usr/lib/tflite_2.12/abseil-cpp-build/aarch64", 0xffffe30efcd0, 0) = -1 ENOENT (No such file or directory) <0.000013>
1711  20:11:40.974493 openat(AT_FDCWD, "/usr/lib/tflite_2.12/abseil-cpp-build/libopencv_imgproc.so.405", O_RDONLY|O_CLOEXEC) = -1 ENOENT (No such file or directory) <0.000016>
1711  20:11:40.974555 newfstatat(AT_FDCWD, "/usr/lib/tflite_2.12/abseil-cpp-build", {st_mode=S_IFDIR|0755, st_size=4096, ...}, 0) = 0 <0.000016>
1711  20:11:40.974626 openat(AT_FDCWD, "/usr/lib/tflite_2.12/ruy-build/tls/aarch64/libopencv_imgproc.so.405", O_RDONLY|O_CLOEXEC) = -1 ENOENT (No such file or directory) <0.000016>
1711  20:11:40.974688 newfstatat(AT_FDCWD, "/usr/lib/tflite_2.12/ruy-build/tls/aarch64", 0xffffe30efcd0, 0) = -1 ENOENT (No such file or directory) <0.000013>
1711  20:11:40.974748 openat(AT_FDCWD, "/usr/lib/tflite_2.12/ruy-build/tls/libopencv_imgproc.so.405", O_RDONLY|O_CLOEXEC) = -1 ENOENT (No such file or directory) <0.000015>
1711  20:11:40.974810 newfstatat(AT_FDCWD, "/usr/lib/tflite_2.12/ruy-build/tls", 0xffffe30efcd0, 0) = -1 ENOENT (No such file or directory) <0.000013>
1711  20:11:40.974870 openat(AT_FDCWD, "/usr/lib/tflite_2.12/ruy-build/aarch64/libopencv_imgproc.so.405", O_RDONLY|O_CLOEXEC) = -1 ENOENT (No such file or directory) <0.000015>
1711  20:11:40.974931 newfstatat(AT_FDCWD, "/usr/lib/tflite_2.12/ruy-build/aarch64", 0xffffe30efcd0, 0) = -1 ENOENT (No such file or directory) <0.000014>
1711  20:11:40.975015 openat(AT_FDCWD, "/usr/lib/tflite_2.12/ruy-build/libopencv_imgproc.so.405", O_RDONLY|O_CLOEXEC) = -1 ENOENT (No such file or directory) <0.000016>
1711  20:11:40.975080 newfstatat(AT_FDCWD, "/usr/lib/tflite_2.12/ruy-build", {st_mode=S_IFDIR|0755, st_size=4096, ...}, 0) = 0 <0.000014>
1711  20:11:40.975147 openat(AT_FDCWD, "/usr/lib/tflite_2.12/xnnpack-build/tls/aarch64/libopencv_imgproc.so.405", O_RDONLY|O_CLOEXEC) = -1 ENOENT (No such file or directory) <0.000016>
1711  20:11:40.975210 newfstatat(AT_FDCWD, "/usr/lib/tflite_2.12/xnnpack-build/tls/aarch64", 0xffffe30efcd0, 0) = -1 ENOENT (No such file or directory) <0.000013>
1711  20:11:40.975270 openat(AT_FDCWD, "/usr/lib/tflite_2.12/xnnpack-build/tls/libopencv_imgproc.so.405", O_RDONLY|O_CLOEXEC) = -1 ENOENT (No such file or directory) <0.000015>
1711  20:11:40.975331 newfstatat(AT_FDCWD, "/usr/lib/tflite_2.12/xnnpack-build/tls", 0xffffe30efcd0, 0) = -1 ENOENT (No such file or directory) <0.000013>
1711  20:11:40.975391 openat(AT_FDCWD, "/usr/lib/tflite_2.12/xnnpack-build/aarch64/libopencv_imgproc.so.405", O_RDONLY|O_CLOEXEC) = -1 ENOENT (No such file or directory) <0.000015>
1711  20:11:40.975455 newfstatat(AT_FDCWD, "/usr/lib/tflite_2.12/xnnpack-build/aarch64", 0xffffe30efcd0, 0) = -1 ENOENT (No such file or directory) <0.000013>
1711  20:11:40.975515 openat(AT_FDCWD, "/usr/lib/tflite_2.12/xnnpack-build/libopencv_imgproc.so.405", O_RDONLY|O_CLOEXEC) = -1 ENOENT (No such file or directory) <0.000015>
1711  20:11:40.975577 newfstatat(AT_FDCWD, "/usr/lib/tflite_2.12/xnnpack-build", {st_mode=S_IFDIR|0755, st_size=4096, ...}, 0) = 0 <0.000014>
1711  20:11:40.975642 openat(AT_FDCWD, "/usr/lib/tflite_2.12/fft2d-build/tls/aarch64/libopencv_imgproc.so.405", O_RDONLY|O_CLOEXEC) = -1 ENOENT (No such file or directory) <0.000017>
1711  20:11:40.975706 newfstatat(AT_FDCWD, "/usr/lib/tflite_2.12/fft2d-build/tls/aarch64", 0xffffe30efcd0, 0) = -1 ENOENT (No such file or directory) <0.000013>
1711  20:11:40.975765 openat(AT_FDCWD, "/usr/lib/tflite_2.12/fft2d-build/tls/libopencv_imgproc.so.405", O_RDONLY|O_CLOEXEC) = -1 ENOENT (No such file or directory) <0.000015>
1711  20:11:40.975828 newfstatat(AT_FDCWD, "/usr/lib/tflite_2.12/fft2d-build/tls", 0xffffe30efcd0, 0) = -1 ENOENT (No such file or directory) <0.000013>
1711  20:11:40.975888 openat(AT_FDCWD, "/usr/lib/tflite_2.12/fft2d-build/aarch64/libopencv_imgproc.so.405", O_RDONLY|O_CLOEXEC) = -1 ENOENT (No such file or directory) <0.000015>
1711  20:11:40.975949 newfstatat(AT_FDCWD, "/usr/lib/tflite_2.12/fft2d-build/aarch64", 0xffffe30efcd0, 0) = -1 ENOENT (No such file or directory) <0.000013>
1711  20:11:40.976009 openat(AT_FDCWD, "/usr/lib/tflite_2.12/fft2d-build/libopencv_imgproc.so.405", O_RDONLY|O_CLOEXEC) = -1 ENOENT (No such file or directory) <0.000015>
1711  20:11:40.976071 newfstatat(AT_FDCWD, "/usr/lib/tflite_2.12/fft2d-build", {st_mode=S_IFDIR|0755, st_size=4096, ...}, 0) = 0 <0.000014>
1711  20:11:40.976137 openat(AT_FDCWD, "/usr/lib/tflite_2.12/cpuinfo-build/tls/aarch64/libopencv_imgproc.so.405", O_RDONLY|O_CLOEXEC) = -1 ENOENT (No such file or directory) <0.000016>
1711  20:11:40.976199 newfstatat(AT_FDCWD, "/usr/lib/tflite_2.12/cpuinfo-build/tls/aarch64", 0xffffe30efcd0, 0) = -1 ENOENT (No such file or directory) <0.000013>
1711  20:11:40.976259 openat(AT_FDCWD, "/usr/lib/tflite_2.12/cpuinfo-build/tls/libopencv_imgproc.so.405", O_RDONLY|O_CLOEXEC) = -1 ENOENT (No such file or directory) <0.000016>
1711  20:11:40.976322 newfstatat(AT_FDCWD, "/usr/lib/tflite_2.12/cpuinfo-build/tls", 0xffffe30efcd0, 0) = -1 ENOENT (No such file or directory) <0.000013>
1711  20:11:40.976383 openat(AT_FDCWD, "/usr/lib/tflite_2.12/cpuinfo-build/aarch64/libopencv_imgproc.so.405", O_RDONLY|O_CLOEXEC) = -1 ENOENT (No such file or directory) <0.000015>
1711  20:11:40.976445 newfstatat(AT_FDCWD, "/usr/lib/tflite_2.12/cpuinfo-build/aarch64", 0xffffe30efcd0, 0) = -1 ENOENT (No such file or directory) <0.000013>
1711  20:11:40.976517 openat(AT_FDCWD, "/usr/lib/tflite_2.12/cpuinfo-build/libopencv_imgproc.so.405", O_RDONLY|O_CLOEXEC) = -1 ENOENT (No such file or directory) <0.000015>
1711  20:11:40.976579 newfstatat(AT_FDCWD, "/usr/lib/tflite_2.12/cpuinfo-build", {st_mode=S_IFDIR|0755, st_size=4096, ...}, 0) = 0 <0.000014>
1711  20:11:40.976645 openat(AT_FDCWD, "/usr/lib/tflite_2.12/flatbuffers-build/tls/aarch64/libopencv_imgproc.so.405", O_RDONLY|O_CLOEXEC) = -1 ENOENT (No such file or directory) <0.000017>
1711  20:11:40.976709 newfstatat(AT_FDCWD, "/usr/lib/tflite_2.12/flatbuffers-build/tls/aarch64", 0xffffe30efcd0, 0) = -1 ENOENT (No such file or directory) <0.000013>
1711  20:11:40.976769 openat(AT_FDCWD, "/usr/lib/tflite_2.12/flatbuffers-build/tls/libopencv_imgproc.so.405", O_RDONLY|O_CLOEXEC) = -1 ENOENT (No such file or directory) <0.000014>
1711  20:11:40.976831 newfstatat(AT_FDCWD, "/usr/lib/tflite_2.12/flatbuffers-build/tls", 0xffffe30efcd0, 0) = -1 ENOENT (No such file or directory) <0.000013>
1711  20:11:40.976890 openat(AT_FDCWD, "/usr/lib/tflite_2.12/flatbuffers-build/aarch64/libopencv_imgproc.so.405", O_RDONLY|O_CLOEXEC) = -1 ENOENT (No such file or directory) <0.000015>
1711  20:11:40.976951 newfstatat(AT_FDCWD, "/usr/lib/tflite_2.12/flatbuffers-build/aarch64", 0xffffe30efcd0, 0) = -1 ENOENT (No such file or directory) <0.000013>
1711  20:11:40.977011 openat(AT_FDCWD, "/usr/lib/tflite_2.12/flatbuffers-build/libopencv_imgproc.so.405", O_RDONLY|O_CLOEXEC) = -1 ENOENT (No such file or directory) <0.000015>
1711  20:11:40.977073 newfstatat(AT_FDCWD, "/usr/lib/tflite_2.12/flatbuffers-build", {st_mode=S_IFDIR|0755, st_size=4096, ...}, 0) = 0 <0.000014>
1711  20:11:40.977138 openat(AT_FDCWD, "/usr/lib/tflite_2.12/farmhash-build/tls/aarch64/libopencv_imgproc.so.405", O_RDONLY|O_CLOEXEC) = -1 ENOENT (No such file or directory) <0.000017>
1711  20:11:40.977202 newfstatat(AT_FDCWD, "/usr/lib/tflite_2.12/farmhash-build/tls/aarch64", 0xffffe30efcd0, 0) = -1 ENOENT (No such file or directory) <0.000013>
1711  20:11:40.977262 openat(AT_FDCWD, "/usr/lib/tflite_2.12/farmhash-build/tls/libopencv_imgproc.so.405", O_RDONLY|O_CLOEXEC) = -1 ENOENT (No such file or directory) <0.000015>
1711  20:11:40.977323 newfstatat(AT_FDCWD, "/usr/lib/tflite_2.12/farmhash-build/tls", 0xffffe30efcd0, 0) = -1 ENOENT (No such file or directory) <0.000013>
1711  20:11:40.977383 openat(AT_FDCWD, "/usr/lib/tflite_2.12/farmhash-build/aarch64/libopencv_imgproc.so.405", O_RDONLY|O_CLOEXEC) = -1 ENOENT (No such file or directory) <0.000015>
1711  20:11:40.977444 newfstatat(AT_FDCWD, "/usr/lib/tflite_2.12/farmhash-build/aarch64", 0xffffe30efcd0, 0) = -1 ENOENT (No such file or directory) <0.000013>
1711  20:11:40.977504 openat(AT_FDCWD, "/usr/lib/tflite_2.12/farmhash-build/libopencv_imgproc.so.405", O_RDONLY|O_CLOEXEC) = -1 ENOENT (No such file or directory) <0.000016>
1711  20:11:40.977569 newfstatat(AT_FDCWD, "/usr/lib/tflite_2.12/farmhash-build", {st_mode=S_IFDIR|0755, st_size=4096, ...}, 0) = 0 <0.000014>
1711  20:11:40.977635 openat(AT_FDCWD, "/usr/lib/tflite_2.12/pthreadpool/tls/aarch64/libopencv_imgproc.so.405", O_RDONLY|O_CLOEXEC) = -1 ENOENT (No such file or directory) <0.000016>
1711  20:11:40.977698 newfstatat(AT_FDCWD, "/usr/lib/tflite_2.12/pthreadpool/tls/aarch64", 0xffffe30efcd0, 0) = -1 ENOENT (No such file or directory) <0.000013>
1711  20:11:40.977759 openat(AT_FDCWD, "/usr/lib/tflite_2.12/pthreadpool/tls/libopencv_imgproc.so.405", O_RDONLY|O_CLOEXEC) = -1 ENOENT (No such file or directory) <0.000014>
1711  20:11:40.977820 newfstatat(AT_FDCWD, "/usr/lib/tflite_2.12/pthreadpool/tls", 0xffffe30efcd0, 0) = -1 ENOENT (No such file or directory) <0.000013>
1711  20:11:40.977879 openat(AT_FDCWD, "/usr/lib/tflite_2.12/pthreadpool/aarch64/libopencv_imgproc.so.405", O_RDONLY|O_CLOEXEC) = -1 ENOENT (No such file or directory) <0.000015>
1711  20:11:40.977940 newfstatat(AT_FDCWD, "/usr/lib/tflite_2.12/pthreadpool/aarch64", 0xffffe30efcd0, 0) = -1 ENOENT (No such file or directory) <0.000013>
1711  20:11:40.978000 openat(AT_FDCWD, "/usr/lib/tflite_2.12/pthreadpool/libopencv_imgproc.so.405", O_RDONLY|O_CLOEXEC) = -1 ENOENT (No such file or directory) <0.000015>
1711  20:11:40.978074 newfstatat(AT_FDCWD, "/usr/lib/tflite_2.12/pthreadpool", {st_mode=S_IFDIR|0755, st_size=4096, ...}, 0) = 0 <0.000016>
1711  20:11:40.978157 openat(AT_FDCWD, "/usr/local/dlr/tls/aarch64/libopencv_imgproc.so.405", O_RDONLY|O_CLOEXEC) = -1 ENOENT (No such file or directory) <0.000015>
1711  20:11:40.978219 newfstatat(AT_FDCWD, "/usr/local/dlr/tls/aarch64", 0xffffe30efcd0, 0) = -1 ENOENT (No such file or directory) <0.000013>
1711  20:11:40.978280 openat(AT_FDCWD, "/usr/local/dlr/tls/libopencv_imgproc.so.405", O_RDONLY|O_CLOEXEC) = -1 ENOENT (No such file or directory) <0.000014>
1711  20:11:40.978340 newfstatat(AT_FDCWD, "/usr/local/dlr/tls", 0xffffe30efcd0, 0) = -1 ENOENT (No such file or directory) <0.000013>
1711  20:11:40.978400 openat(AT_FDCWD, "/usr/local/dlr/aarch64/libopencv_imgproc.so.405", O_RDONLY|O_CLOEXEC) = -1 ENOENT (No such file or directory) <0.000014>
1711  20:11:40.978460 newfstatat(AT_FDCWD, "/usr/local/dlr/aarch64", 0xffffe30efcd0, 0) = -1 ENOENT (No such file or directory) <0.000013>
1711  20:11:40.978521 openat(AT_FDCWD, "/usr/local/dlr/libopencv_imgproc.so.405", O_RDONLY|O_CLOEXEC) = -1 ENOENT (No such file or directory) <0.000014>
1711  20:11:40.978581 newfstatat(AT_FDCWD, "/usr/local/dlr", 0xffffe30efcd0, 0) = -1 ENOENT (No such file or directory) <0.000013>
1711  20:11:40.978641 openat(AT_FDCWD, "/usr/lib/aarch64-linux-gnu/tls/aarch64/libopencv_imgproc.so.405", O_RDONLY|O_CLOEXEC) = -1 ENOENT (No such file or directory) <0.000017>
1711  20:11:40.978707 newfstatat(AT_FDCWD, "/usr/lib/aarch64-linux-gnu/tls/aarch64", 0xffffe30efcd0, 0) = -1 ENOENT (No such file or directory) <0.000013>
1711  20:11:40.978767 openat(AT_FDCWD, "/usr/lib/aarch64-linux-gnu/tls/libopencv_imgproc.so.405", O_RDONLY|O_CLOEXEC) = -1 ENOENT (No such file or directory) <0.000015>
1711  20:11:40.978828 newfstatat(AT_FDCWD, "/usr/lib/aarch64-linux-gnu/tls", 0xffffe30efcd0, 0) = -1 ENOENT (No such file or directory) <0.000013>
1711  20:11:40.978887 openat(AT_FDCWD, "/usr/lib/aarch64-linux-gnu/aarch64/libopencv_imgproc.so.405", O_RDONLY|O_CLOEXEC) = -1 ENOENT (No such file or directory) <0.000014>
1711  20:11:40.978947 newfstatat(AT_FDCWD, "/usr/lib/aarch64-linux-gnu/aarch64", 0xffffe30efcd0, 0) = -1 ENOENT (No such file or directory) <0.000013>
1711  20:11:40.979007 openat(AT_FDCWD, "/usr/lib/aarch64-linux-gnu/libopencv_imgproc.so.405", O_RDONLY|O_CLOEXEC) = -1 ENOENT (No such file or directory) <0.000014>
1711  20:11:40.979067 newfstatat(AT_FDCWD, "/usr/lib/aarch64-linux-gnu", 0xffffe30efcd0, 0) = -1 ENOENT (No such file or directory) <0.000013>
1711  20:11:40.979127 openat(AT_FDCWD, "/usr/lib/python3.10/site-packages/dlr/tls/aarch64/libopencv_imgproc.so.405", O_RDONLY|O_CLOEXEC) = -1 ENOENT (No such file or directory) <0.000018>
1711  20:11:40.979191 newfstatat(AT_FDCWD, "/usr/lib/python3.10/site-packages/dlr/tls/aarch64", 0xffffe30efcd0, 0) = -1 ENOENT (No such file or directory) <0.000013>
1711  20:11:40.979252 openat(AT_FDCWD, "/usr/lib/python3.10/site-packages/dlr/tls/libopencv_imgproc.so.405", O_RDONLY|O_CLOEXEC) = -1 ENOENT (No such file or directory) <0.000015>
1711  20:11:40.979313 newfstatat(AT_FDCWD, "/usr/lib/python3.10/site-packages/dlr/tls", 0xffffe30efcd0, 0) = -1 ENOENT (No such file or directory) <0.000013>
1711  20:11:40.979373 openat(AT_FDCWD, "/usr/lib/python3.10/site-packages/dlr/aarch64/libopencv_imgproc.so.405", O_RDONLY|O_CLOEXEC) = -1 ENOENT (No such file or directory) <0.000016>
1711  20:11:40.979437 newfstatat(AT_FDCWD, "/usr/lib/python3.10/site-packages/dlr/aarch64", 0xffffe30efcd0, 0) = -1 ENOENT (No such file or directory) <0.000013>
1711  20:11:40.979497 openat(AT_FDCWD, "/usr/lib/python3.10/site-packages/dlr/libopencv_imgproc.so.405", O_RDONLY|O_CLOEXEC) = -1 ENOENT (No such file or directory) <0.000016>
1711  20:11:40.979559 newfstatat(AT_FDCWD, "/usr/lib/python3.10/site-packages/dlr", {st_mode=S_IFDIR|0755, st_size=4096, ...}, 0) = 0 <0.000014>
1711  20:11:40.979626 openat(AT_FDCWD, "/usr/local/lib/python3.10/dist-packages/dlr/tls/aarch64/libopencv_imgproc.so.405", O_RDONLY|O_CLOEXEC) = -1 ENOENT (No such file or directory) <0.000015>
1711  20:11:40.979699 newfstatat(AT_FDCWD, "/usr/local/lib/python3.10/dist-packages/dlr/tls/aarch64", 0xffffe30efcd0, 0) = -1 ENOENT (No such file or directory) <0.000013>
1711  20:11:40.979759 openat(AT_FDCWD, "/usr/local/lib/python3.10/dist-packages/dlr/tls/libopencv_imgproc.so.405", O_RDONLY|O_CLOEXEC) = -1 ENOENT (No such file or directory) <0.000015>
1711  20:11:40.979821 newfstatat(AT_FDCWD, "/usr/local/lib/python3.10/dist-packages/dlr/tls", 0xffffe30efcd0, 0) = -1 ENOENT (No such file or directory) <0.000013>
1711  20:11:40.979880 openat(AT_FDCWD, "/usr/local/lib/python3.10/dist-packages/dlr/aarch64/libopencv_imgproc.so.405", O_RDONLY|O_CLOEXEC) = -1 ENOENT (No such file or directory) <0.000014>
1711  20:11:40.979941 newfstatat(AT_FDCWD, "/usr/local/lib/python3.10/dist-packages/dlr/aarch64", 0xffffe30efcd0, 0) = -1 ENOENT (No such file or directory) <0.000013>
1711  20:11:40.980001 openat(AT_FDCWD, "/usr/local/lib/python3.10/dist-packages/dlr/libopencv_imgproc.so.405", O_RDONLY|O_CLOEXEC) = -1 ENOENT (No such file or directory) <0.000014>
1711  20:11:40.980062 newfstatat(AT_FDCWD, "/usr/local/lib/python3.10/dist-packages/dlr", 0xffffe30efcd0, 0) = -1 ENOENT (No such file or directory) <0.000013>
1711  20:11:40.980121 openat(AT_FDCWD, "/home/root/.local/dlr/tls/aarch64/libopencv_imgproc.so.405", O_RDONLY|O_CLOEXEC) = -1 ENOENT (No such file or directory) <0.000019>
1711  20:11:40.980186 newfstatat(AT_FDCWD, "/home/root/.local/dlr/tls/aarch64", 0xffffe30efcd0, 0) = -1 ENOENT (No such file or directory) <0.000013>
1711  20:11:40.980246 openat(AT_FDCWD, "/home/root/.local/dlr/tls/libopencv_imgproc.so.405", O_RDONLY|O_CLOEXEC) = -1 ENOENT (No such file or directory) <0.000015>
1711  20:11:40.980307 newfstatat(AT_FDCWD, "/home/root/.local/dlr/tls", 0xffffe30efcd0, 0) = -1 ENOENT (No such file or directory) <0.000013>
1711  20:11:40.980366 openat(AT_FDCWD, "/home/root/.local/dlr/aarch64/libopencv_imgproc.so.405", O_RDONLY|O_CLOEXEC) = -1 ENOENT (No such file or directory) <0.000014>
1711  20:11:40.980428 newfstatat(AT_FDCWD, "/home/root/.local/dlr/aarch64", 0xffffe30efcd0, 0) = -1 ENOENT (No such file or directory) <0.000013>
1711  20:11:40.980487 openat(AT_FDCWD, "/home/root/.local/dlr/libopencv_imgproc.so.405", O_RDONLY|O_CLOEXEC) = -1 ENOENT (No such file or directory) <0.000015>
1711  20:11:40.980549 newfstatat(AT_FDCWD, "/home/root/.local/dlr", 0xffffe30efcd0, 0) = -1 ENOENT (No such file or directory) <0.000013>
1711  20:11:40.980610 openat(AT_FDCWD, "/etc/ld.so.cache", O_RDONLY|O_CLOEXEC) = 3 <0.000018>
1711  20:11:40.980676 newfstatat(3, "", {st_mode=S_IFREG|0644, st_size=41887, ...}, AT_EMPTY_PATH) = 0 <0.000015>
1711  20:11:40.980745 mmap(NULL, 41887, PROT_READ, MAP_PRIVATE, 3, 0) = 0xffff8481e000 <0.000028>
1711  20:11:40.980815 close(3)          = 0 <0.000012>
1711  20:11:40.980883 openat(AT_FDCWD, "/usr/lib/libopencv_imgproc.so.405", O_RDONLY|O_CLOEXEC) = 3 <0.000020>
1711  20:11:40.980952 read(3, "\177ELF\2\1\1\3\0\0\0\0\0\0\0\0\3\0\267\0\1\0\0\0\0\0\0\0\0\0\0\0@\0\0\0\0\0\0\0x\241)\0\0\0\0\0\0\0\0\0@\08\0\t\0@\0\34\0\33\0\1\0\0\0\5\0\0\0\0\0\0\0\0\0\0\0\0\0\0\0\0\0\0\0\0\0\0\0\0\0\0\0t=(\0\0\0\0\0t=(\0\0\0\0\0\0\0\1\0\0\0\0\0\1\0\0\0\6\0\0\0\10C(\0\0\0\0\0\10C)\0\0\0\0\0\10C)\0\0\0\0\08]\1\0\0\0\0\0\0&\v\0\0\0\0\0\0\0\1\0\0\0\0\0\2\0\0\0\6\0\0\0\340\r)\0\0\0\0\0\340\r*\0\0\0\0\0"..., 832) = 832 <0.000018>
1711  20:11:40.981018 newfstatat(3, "", {st_mode=S_IFREG|0755, st_size=2730104, ...}, AT_EMPTY_PATH) = 0 <0.000014>
1711  20:11:40.981087 mmap(NULL, 3500296, PROT_NONE, MAP_PRIVATE|MAP_ANONYMOUS, -1, 0) = 0xffff844c7000 <0.000021>
1711  20:11:40.981149 mmap(0xffff844d0000, 3434760, PROT_READ|PROT_EXEC, MAP_PRIVATE|MAP_FIXED|MAP_DENYWRITE, 3, 0) = 0xffff844d0000 <0.000042>
1711  20:11:40.981233 munmap(0xffff844c7000, 36864) = 0 <0.000017>
1711  20:11:40.981290 munmap(0xffff84817000, 26888) = 0 <0.000015>
1711  20:11:40.981344 mprotect(0xffff84754000, 65536, PROT_NONE) = 0 <0.000023>
1711  20:11:40.981420 mmap(0xffff84764000, 94208, PROT_READ|PROT_WRITE, MAP_PRIVATE|MAP_FIXED|MAP_DENYWRITE, 3, 0x284000) = 0xffff84764000 <0.000024>
1711  20:11:40.981507 mmap(0xffff8477b000, 637192, PROT_READ|PROT_WRITE, MAP_PRIVATE|MAP_FIXED|MAP_ANONYMOUS, -1, 0) = 0xffff8477b000 <0.000024>
1711  20:11:40.981608 close(3)          = 0 <0.000013>
1711  20:11:40.981675 openat(AT_FDCWD, "/usr/lib/tflite_2.12/abseil-cpp-build/libopencv_imgcodecs.so.405", O_RDONLY|O_CLOEXEC) = -1 ENOENT (No such file or directory) <0.000019>
1711  20:11:40.981746 openat(AT_FDCWD, "/usr/lib/tflite_2.12/ruy-build/libopencv_imgcodecs.so.405", O_RDONLY|O_CLOEXEC) = -1 ENOENT (No such file or directory) <0.000016>
1711  20:11:40.981809 openat(AT_FDCWD, "/usr/lib/tflite_2.12/xnnpack-build/libopencv_imgcodecs.so.405", O_RDONLY|O_CLOEXEC) = -1 ENOENT (No such file or directory) <0.000016>
1711  20:11:40.981872 openat(AT_FDCWD, "/usr/lib/tflite_2.12/fft2d-build/libopencv_imgcodecs.so.405", O_RDONLY|O_CLOEXEC) = -1 ENOENT (No such file or directory) <0.000017>
1711  20:11:40.981937 openat(AT_FDCWD, "/usr/lib/tflite_2.12/cpuinfo-build/libopencv_imgcodecs.so.405", O_RDONLY|O_CLOEXEC) = -1 ENOENT (No such file or directory) <0.000016>
1711  20:11:40.981999 openat(AT_FDCWD, "/usr/lib/tflite_2.12/flatbuffers-build/libopencv_imgcodecs.so.405", O_RDONLY|O_CLOEXEC) = -1 ENOENT (No such file or directory) <0.000015>
1711  20:11:40.982061 openat(AT_FDCWD, "/usr/lib/tflite_2.12/farmhash-build/libopencv_imgcodecs.so.405", O_RDONLY|O_CLOEXEC) = -1 ENOENT (No such file or directory) <0.000038>
1711  20:11:40.982150 openat(AT_FDCWD, "/usr/lib/tflite_2.12/pthreadpool/libopencv_imgcodecs.so.405", O_RDONLY|O_CLOEXEC) = -1 ENOENT (No such file or directory) <0.000016>
1711  20:11:40.982215 openat(AT_FDCWD, "/usr/lib/python3.10/site-packages/dlr/libopencv_imgcodecs.so.405", O_RDONLY|O_CLOEXEC) = -1 ENOENT (No such file or directory) <0.000018>
1711  20:11:40.982283 openat(AT_FDCWD, "/usr/lib/libopencv_imgcodecs.so.405", O_RDONLY|O_CLOEXEC) = 3 <0.000021>
1711  20:11:40.982349 read(3, "\177ELF\2\1\1\3\0\0\0\0\0\0\0\0\3\0\267\0\1\0\0\0\0\0\0\0\0\0\0\0@\0\0\0\0\0\0\0x\363\t\0\0\0\0\0\0\0\0\0@\08\0\t\0@\0\34\0\33\0\1\0\0\0\5\0\0\0\0\0\0\0\0\0\0\0\0\0\0\0\0\0\0\0\0\0\0\0\0\0\0\0\314\242\t\0\0\0\0\0\314\242\t\0\0\0\0\0\0\0\1\0\0\0\0\0\1\0\0\0\6\0\0\0\0\250\t\0\0\0\0\0\0\250\n\0\0\0\0\0\0\250\n\0\0\0\0\08J\0\0\0\0\0\0XK\0\0\0\0\0\0\0\0\1\0\0\0\0\0\2\0\0\0\6\0\0\0\20\331\t\0\0\0\0\0\20\331\n\0\0\0\0\0"..., 832) = 832 <0.000016>
1711  20:11:40.982416 newfstatat(3, "", {st_mode=S_IFREG|0755, st_size=653944, ...}, AT_EMPTY_PATH) = 0 <0.000015>
1711  20:11:40.982493 mmap(NULL, 783192, PROT_NONE, MAP_PRIVATE|MAP_ANONYMOUS, -1, 0) = 0xffff84410000 <0.000021>
1711  20:11:40.982555 mmap(0xffff84410000, 717656, PROT_READ|PROT_EXEC, MAP_PRIVATE|MAP_FIXED|MAP_DENYWRITE, 3, 0) = 0xffff84410000 <0.000029>
1711  20:11:40.982625 munmap(0xffff844c0000, 62296) = 0 <0.000017>
1711  20:11:40.982682 mprotect(0xffff844ab000, 61440, PROT_NONE) = 0 <0.000022>
1711  20:11:40.982745 mmap(0xffff844ba000, 24576, PROT_READ|PROT_WRITE, MAP_PRIVATE|MAP_FIXED|MAP_DENYWRITE, 3, 0x9a000) = 0xffff844ba000 <0.000022>
1711  20:11:40.982845 close(3)          = 0 <0.000013>
1711  20:11:40.982909 openat(AT_FDCWD, "/usr/lib/tflite_2.12/abseil-cpp-build/libopencv_core.so.405", O_RDONLY|O_CLOEXEC) = -1 ENOENT (No such file or directory) <0.000017>
1711  20:11:40.982976 openat(AT_FDCWD, "/usr/lib/tflite_2.12/ruy-build/libopencv_core.so.405", O_RDONLY|O_CLOEXEC) = -1 ENOENT (No such file or directory) <0.000018>
1711  20:11:40.983041 openat(AT_FDCWD, "/usr/lib/tflite_2.12/xnnpack-build/libopencv_core.so.405", O_RDONLY|O_CLOEXEC) = -1 ENOENT (No such file or directory) <0.000016>
1711  20:11:40.983103 openat(AT_FDCWD, "/usr/lib/tflite_2.12/fft2d-build/libopencv_core.so.405", O_RDONLY|O_CLOEXEC) = -1 ENOENT (No such file or directory) <0.000016>
1711  20:11:40.983165 openat(AT_FDCWD, "/usr/lib/tflite_2.12/cpuinfo-build/libopencv_core.so.405", O_RDONLY|O_CLOEXEC) = -1 ENOENT (No such file or directory) <0.000015>
1711  20:11:40.983242 openat(AT_FDCWD, "/usr/lib/tflite_2.12/flatbuffers-build/libopencv_core.so.405", O_RDONLY|O_CLOEXEC) = -1 ENOENT (No such file or directory) <0.000015>
1711  20:11:40.983304 openat(AT_FDCWD, "/usr/lib/tflite_2.12/farmhash-build/libopencv_core.so.405", O_RDONLY|O_CLOEXEC) = -1 ENOENT (No such file or directory) <0.000016>
1711  20:11:40.983366 openat(AT_FDCWD, "/usr/lib/tflite_2.12/pthreadpool/libopencv_core.so.405", O_RDONLY|O_CLOEXEC) = -1 ENOENT (No such file or directory) <0.000016>
1711  20:11:40.983429 openat(AT_FDCWD, "/usr/lib/python3.10/site-packages/dlr/libopencv_core.so.405", O_RDONLY|O_CLOEXEC) = -1 ENOENT (No such file or directory) <0.000016>
1711  20:11:40.983495 openat(AT_FDCWD, "/usr/lib/libopencv_core.so.405", O_RDONLY|O_CLOEXEC) = 3 <0.000018>
1711  20:11:40.983560 read(3, "\177ELF\2\1\1\3\0\0\0\0\0\0\0\0\3\0\267\0\1\0\0\0\0\0\0\0\0\0\0\0@\0\0\0\0\0\0\0\10\200'\0\0\0\0\0\0\0\0\0@\08\0\t\0@\0\34\0\33\0\1\0\0\0\5\0\0\0\0\0\0\0\0\0\0\0\0\0\0\0\0\0\0\0\0\0\0\0\0\0\0\0\267\213&\0\0\0\0\0\267\213&\0\0\0\0\0\0\0\1\0\0\0\0\0\1\0\0\0\6\0\0\0\350\221&\0\0\0\0\0\350\221'\0\0\0\0\0\350\221'\0\0\0\0\0\350\354\0\0\0\0\0\0`C\1\0\0\0\0\0\0\0\1\0\0\0\0\0\2\0\0\0\6\0\0\0\330\32'\0\0\0\0\0\330\32(\0\0\0\0\0"..., 832) = 832 <0.000016>
1711  20:11:40.983624 newfstatat(3, "", {st_mode=S_IFREG|0755, st_size=2590472, ...}, AT_EMPTY_PATH) = 0 <0.000015>
1711  20:11:40.983694 mmap(NULL, 2741576, PROT_NONE, MAP_PRIVATE|MAP_ANONYMOUS, -1, 0) = 0xffff84172000 <0.000026>
1711  20:11:40.983761 mmap(0xffff84180000, 2676040, PROT_READ|PROT_EXEC, MAP_PRIVATE|MAP_FIXED|MAP_DENYWRITE, 3, 0) = 0xffff84180000 <0.000030>
1711  20:11:40.983833 munmap(0xffff84172000, 57344) = 0 <0.000017>
1711  20:11:40.983890 munmap(0xffff8440e000, 5448) = 0 <0.000015>
1711  20:11:40.983944 mprotect(0xffff843e9000, 65536, PROT_NONE) = 0 <0.000019>
1711  20:11:40.984002 mmap(0xffff843f9000, 61440, PROT_READ|PROT_WRITE, MAP_PRIVATE|MAP_FIXED|MAP_DENYWRITE, 3, 0x269000) = 0xffff843f9000 <0.000026>
1711  20:11:40.984084 mmap(0xffff84408000, 21832, PROT_READ|PROT_WRITE, MAP_PRIVATE|MAP_FIXED|MAP_ANONYMOUS, -1, 0) = 0xffff84408000 <0.000022>
1711  20:11:40.984179 close(3)          = 0 <0.000013>
1711  20:11:40.984242 openat(AT_FDCWD, "/usr/lib/tflite_2.12/abseil-cpp-build/libdlr.so", O_RDONLY|O_CLOEXEC) = -1 ENOENT (No such file or directory) <0.000017>
1711  20:11:40.984310 openat(AT_FDCWD, "/usr/lib/tflite_2.12/ruy-build/libdlr.so", O_RDONLY|O_CLOEXEC) = -1 ENOENT (No such file or directory) <0.000016>
1711  20:11:40.984373 openat(AT_FDCWD, "/usr/lib/tflite_2.12/xnnpack-build/libdlr.so", O_RDONLY|O_CLOEXEC) = -1 ENOENT (No such file or directory) <0.000016>
1711  20:11:40.984435 openat(AT_FDCWD, "/usr/lib/tflite_2.12/fft2d-build/libdlr.so", O_RDONLY|O_CLOEXEC) = -1 ENOENT (No such file or directory) <0.000016>
1711  20:11:40.984497 openat(AT_FDCWD, "/usr/lib/tflite_2.12/cpuinfo-build/libdlr.so", O_RDONLY|O_CLOEXEC) = -1 ENOENT (No such file or directory) <0.000016>
1711  20:11:40.984561 openat(AT_FDCWD, "/usr/lib/tflite_2.12/flatbuffers-build/libdlr.so", O_RDONLY|O_CLOEXEC) = -1 ENOENT (No such file or directory) <0.000015>
1711  20:11:40.984626 openat(AT_FDCWD, "/usr/lib/tflite_2.12/farmhash-build/libdlr.so", O_RDONLY|O_CLOEXEC) = -1 ENOENT (No such file or directory) <0.000016>
1711  20:11:40.984689 openat(AT_FDCWD, "/usr/lib/tflite_2.12/pthreadpool/libdlr.so", O_RDONLY|O_CLOEXEC) = -1 ENOENT (No such file or directory) <0.000015>
1711  20:11:40.984751 openat(AT_FDCWD, "/usr/lib/python3.10/site-packages/dlr/libdlr.so", O_RDONLY|O_CLOEXEC) = 3 <0.000019>
1711  20:11:40.984815 read(3, "\177ELF\2\1\1\3\0\0\0\0\0\0\0\0\3\0\267\0\1\0\0\0\0\0\0\0\0\0\0\0@\0\0\0\0\0\0\0P\f*\0\0\0\0\0\0\0\0\0@\08\0\7\0@\0\34\0\33\0\1\0\0\0\5\0\0\0\0\0\0\0\0\0\0\0\0\0\0\0\0\0\0\0\0\0\0\0\0\0\0\0l\222)\0\0\0\0\0l\222)\0\0\0\0\0\0\0\1\0\0\0\0\0\1\0\0\0\6\0\0\0 \233)\0\0\0\0\0 \233*\0\0\0\0\0 \233*\0\0\0\0\0(p\0\0\0\0\0\0\30y\0\0\0\0\0\0\0\0\1\0\0\0\0\0\2\0\0\0\6\0\0\0\250\332)\0\0\0\0\0\250\332*\0\0\0\0\0"..., 832) = 832 <0.000016>
1711  20:11:40.984892 newfstatat(3, "", {st_mode=S_IFREG|0755, st_size=2757456, ...}, AT_EMPTY_PATH) = 0 <0.000015>
1711  20:11:40.984961 mmap(NULL, 2888760, PROT_NONE, MAP_PRIVATE|MAP_ANONYMOUS, -1, 0) = 0xffff83ebe000 <0.000020>
1711  20:11:40.985023 mmap(0xffff83ec0000, 2823224, PROT_READ|PROT_EXEC, MAP_PRIVATE|MAP_FIXED|MAP_DENYWRITE, 3, 0) = 0xffff83ec0000 <0.000033>
1711  20:11:40.985098 munmap(0xffff83ebe000, 8192) = 0 <0.000016>
1711  20:11:40.985153 munmap(0xffff84172000, 54328) = 0 <0.000015>
1711  20:11:40.985207 mprotect(0xffff8415a000, 61440, PROT_NONE) = 0 <0.000019>
1711  20:11:40.985265 mmap(0xffff84169000, 32768, PROT_READ|PROT_WRITE, MAP_PRIVATE|MAP_FIXED|MAP_DENYWRITE, 3, 0x299000) = 0xffff84169000 <0.000023>
1711  20:11:40.985346 mmap(0xffff84171000, 1080, PROT_READ|PROT_WRITE, MAP_PRIVATE|MAP_FIXED|MAP_ANONYMOUS, -1, 0) = 0xffff84171000 <0.000023>
1711  20:11:40.985437 close(3)          = 0 <0.000013>
1711  20:11:40.985502 openat(AT_FDCWD, "/usr/lib/tflite_2.12/abseil-cpp-build/libonnxruntime.so.1.14.0", O_RDONLY|O_CLOEXEC) = -1 ENOENT (No such file or directory) <0.000018>
1711  20:11:40.985570 openat(AT_FDCWD, "/usr/lib/tflite_2.12/ruy-build/libonnxruntime.so.1.14.0", O_RDONLY|O_CLOEXEC) = -1 ENOENT (No such file or directory) <0.000016>
1711  20:11:40.985632 openat(AT_FDCWD, "/usr/lib/tflite_2.12/xnnpack-build/libonnxruntime.so.1.14.0", O_RDONLY|O_CLOEXEC) = -1 ENOENT (No such file or directory) <0.000015>
1711  20:11:40.985694 openat(AT_FDCWD, "/usr/lib/tflite_2.12/fft2d-build/libonnxruntime.so.1.14.0", O_RDONLY|O_CLOEXEC) = -1 ENOENT (No such file or directory) <0.000015>
1711  20:11:40.985757 openat(AT_FDCWD, "/usr/lib/tflite_2.12/cpuinfo-build/libonnxruntime.so.1.14.0", O_RDONLY|O_CLOEXEC) = -1 ENOENT (No such file or directory) <0.000015>
1711  20:11:40.985818 openat(AT_FDCWD, "/usr/lib/tflite_2.12/flatbuffers-build/libonnxruntime.so.1.14.0", O_RDONLY|O_CLOEXEC) = -1 ENOENT (No such file or directory) <0.000016>
1711  20:11:40.985880 openat(AT_FDCWD, "/usr/lib/tflite_2.12/farmhash-build/libonnxruntime.so.1.14.0", O_RDONLY|O_CLOEXEC) = -1 ENOENT (No such file or directory) <0.000016>
1711  20:11:40.985942 openat(AT_FDCWD, "/usr/lib/tflite_2.12/pthreadpool/libonnxruntime.so.1.14.0", O_RDONLY|O_CLOEXEC) = -1 ENOENT (No such file or directory) <0.000016>
1711  20:11:40.986005 openat(AT_FDCWD, "/usr/lib/python3.10/site-packages/dlr/libonnxruntime.so.1.14.0", O_RDONLY|O_CLOEXEC) = -1 ENOENT (No such file or directory) <0.000016>
1711  20:11:40.986071 openat(AT_FDCWD, "/usr/lib/libonnxruntime.so.1.14.0", O_RDONLY|O_CLOEXEC) = 3 <0.000021>
1711  20:11:40.986210 read(3, "\177ELF\2\1\1\0\0\0\0\0\0\0\0\0\3\0\267\0\1\0\0\0\0\0\0\0\0\0\0\0@\0\0\0\0\0\0\0@:\314\0\0\0\0\0\0\0\0\0@\08\0\7\0@\0\36\0\35\0\1\0\0\0\5\0\0\0\0\0\0\0\0\0\0\0\0\0\0\0\0\0\0\0\0\0\0\0\0\0\0\0Du\311\0\0\0\0\0Du\311\0\0\0\0\0\0\0\1\0\0\0\0\0\1\0\0\0\6\0\0\0@\203\311\0\0\0\0\0@\203\312\0\0\0\0\0@\203\312\0\0\0\0\0\320\265\2\0\0\0\0\0`\374\2\0\0\0\0\0\0\0\1\0\0\0\0\0\2\0\0\0\6\0\0\0`\235\313\0\0\0\0\0`\235\314\0\0\0\0\0"..., 832) = 832 <0.000017>
1711  20:11:40.986277 newfstatat(3, "", {st_mode=S_IFREG|0755, st_size=13386176, ...}, AT_EMPTY_PATH) = 0 <0.000016>
1711  20:11:40.986347 mmap(NULL, 8192, PROT_READ|PROT_WRITE, MAP_PRIVATE|MAP_ANONYMOUS, -1, 0) = 0xffff8485b000 <0.000023>
1711  20:11:40.986420 mmap(NULL, 13533088, PROT_NONE, MAP_PRIVATE|MAP_ANONYMOUS, -1, 0) = 0xffff831d8000 <0.000017>
1711  20:11:40.986478 mmap(0xffff831e0000, 13467552, PROT_READ|PROT_EXEC, MAP_PRIVATE|MAP_FIXED|MAP_DENYWRITE, 3, 0) = 0xffff831e0000 <0.000032>
1711  20:11:40.986552 munmap(0xffff831d8000, 32768) = 0 <0.000017>
1711  20:11:40.986609 munmap(0xffff83eb8000, 32672) = 0 <0.000016>
1711  20:11:40.986664 mprotect(0xffff83e78000, 65536, PROT_NONE) = 0 <0.000022>
1711  20:11:40.986726 mmap(0xffff83e88000, 180224, PROT_READ|PROT_WRITE, MAP_PRIVATE|MAP_FIXED|MAP_DENYWRITE, 3, 0xc98000) = 0xffff83e88000 <0.000030>
1711  20:11:40.986811 mmap(0xffff83eb4000, 16288, PROT_READ|PROT_WRITE, MAP_PRIVATE|MAP_FIXED|MAP_ANONYMOUS, -1, 0) = 0xffff83eb4000 <0.000022>
1711  20:11:40.986927 close(3)          = 0 <0.000013>
1711  20:11:40.986984 openat(AT_FDCWD, "/usr/lib/tflite_2.12/abseil-cpp-build/libvx_tidl_rt.so.1.0", O_RDONLY|O_CLOEXEC) = -1 ENOENT (No such file or directory) <0.000020>
1711  20:11:40.987055 openat(AT_FDCWD, "/usr/lib/tflite_2.12/ruy-build/libvx_tidl_rt.so.1.0", O_RDONLY|O_CLOEXEC) = -1 ENOENT (No such file or directory) <0.000017>
1711  20:11:40.987118 openat(AT_FDCWD, "/usr/lib/tflite_2.12/xnnpack-build/libvx_tidl_rt.so.1.0", O_RDONLY|O_CLOEXEC) = -1 ENOENT (No such file or directory) <0.000016>
1711  20:11:40.987181 openat(AT_FDCWD, "/usr/lib/tflite_2.12/fft2d-build/libvx_tidl_rt.so.1.0", O_RDONLY|O_CLOEXEC) = -1 ENOENT (No such file or directory) <0.000016>
1711  20:11:40.987243 openat(AT_FDCWD, "/usr/lib/tflite_2.12/cpuinfo-build/libvx_tidl_rt.so.1.0", O_RDONLY|O_CLOEXEC) = -1 ENOENT (No such file or directory) <0.000017>
1711  20:11:40.987306 openat(AT_FDCWD, "/usr/lib/tflite_2.12/flatbuffers-build/libvx_tidl_rt.so.1.0", O_RDONLY|O_CLOEXEC) = -1 ENOENT (No such file or directory) <0.000015>
1711  20:11:40.987367 openat(AT_FDCWD, "/usr/lib/tflite_2.12/farmhash-build/libvx_tidl_rt.so.1.0", O_RDONLY|O_CLOEXEC) = -1 ENOENT (No such file or directory) <0.000015>
1711  20:11:40.987429 openat(AT_FDCWD, "/usr/lib/tflite_2.12/pthreadpool/libvx_tidl_rt.so.1.0", O_RDONLY|O_CLOEXEC) = -1 ENOENT (No such file or directory) <0.000015>
1711  20:11:40.987490 openat(AT_FDCWD, "/usr/lib/python3.10/site-packages/dlr/libvx_tidl_rt.so.1.0", O_RDONLY|O_CLOEXEC) = -1 ENOENT (No such file or directory) <0.000015>
1711  20:11:40.987556 openat(AT_FDCWD, "/usr/lib/libvx_tidl_rt.so.1.0", O_RDONLY|O_CLOEXEC) = 3 <0.000018>
1711  20:11:40.987621 read(3, "\177ELF\2\1\1\0\0\0\0\0\0\0\0\0\3\0\267\0\1\0\0\0\0\0\0\0\0\0\0\0@\0\0\0\0\0\0\0\30/\10\0\0\0\0\0\0\0\0\0@\08\0\7\0@\0\31\0\30\0\1\0\0\0\5\0\0\0\0\0\0\0\0\0\0\0\0\0\0\0\0\0\0\0\0\0\0\0\0\0\0\0\230\33\10\0\0\0\0\0\230\33\10\0\0\0\0\0\0\0\1\0\0\0\0\0\1\0\0\0\6\0\0\0H\35\10\0\0\0\0\0H\35\t\0\0\0\0\0H\35\t\0\0\0\0\0\320\20\0\0\0\0\0\0x\324/\0\0\0\0\0\0\0\1\0\0\0\0\0\2\0\0\0\6\0\0\0h\35\10\0\0\0\0\0h\35\t\0\0\0\0\0"..., 832) = 832 <0.000016>
1711  20:11:40.987685 newfstatat(3, "", {st_mode=S_IFREG|0755, st_size=537944, ...}, AT_EMPTY_PATH) = 0 <0.000015>
1711  20:11:40.987754 mmap(NULL, 3797440, PROT_NONE, MAP_PRIVATE|MAP_ANONYMOUS, -1, 0) = 0xffff82e40000 <0.000022>
1711  20:11:40.987817 mmap(0xffff82e40000, 3731904, PROT_READ|PROT_EXEC, MAP_PRIVATE|MAP_FIXED|MAP_DENYWRITE, 3, 0) = 0xffff82e40000 <0.000032>
1711  20:11:40.987890 munmap(0xffff831d0000, 61888) = 0 <0.000017>
1711  20:11:40.987946 mprotect(0xffff82ec2000, 61440, PROT_NONE) = 0 <0.000021>
1711  20:11:40.988006 mmap(0xffff82ed1000, 8192, PROT_READ|PROT_WRITE, MAP_PRIVATE|MAP_FIXED|MAP_DENYWRITE, 3, 0x81000) = 0xffff82ed1000 <0.000024>
1711  20:11:40.988088 mmap(0xffff82ed3000, 3129792, PROT_READ|PROT_WRITE, MAP_PRIVATE|MAP_FIXED|MAP_ANONYMOUS, -1, 0) = 0xffff82ed3000 <0.000026>
1711  20:11:40.988180 close(3)          = 0 <0.000012>
1711  20:11:40.988236 openat(AT_FDCWD, "/usr/lib/tflite_2.12/abseil-cpp-build/libpthread.so.0", O_RDONLY|O_CLOEXEC) = -1 ENOENT (No such file or directory) <0.000017>
1711  20:11:40.988303 openat(AT_FDCWD, "/usr/lib/tflite_2.12/ruy-build/libpthread.so.0", O_RDONLY|O_CLOEXEC) = -1 ENOENT (No such file or directory) <0.000015>
1711  20:11:40.988364 openat(AT_FDCWD, "/usr/lib/tflite_2.12/xnnpack-build/libpthread.so.0", O_RDONLY|O_CLOEXEC) = -1 ENOENT (No such file or directory) <0.000016>
1711  20:11:40.988426 openat(AT_FDCWD, "/usr/lib/tflite_2.12/fft2d-build/libpthread.so.0", O_RDONLY|O_CLOEXEC) = -1 ENOENT (No such file or directory) <0.000016>
1711  20:11:40.988488 openat(AT_FDCWD, "/usr/lib/tflite_2.12/cpuinfo-build/libpthread.so.0", O_RDONLY|O_CLOEXEC) = -1 ENOENT (No such file or directory) <0.000016>
1711  20:11:40.988550 openat(AT_FDCWD, "/usr/lib/tflite_2.12/flatbuffers-build/libpthread.so.0", O_RDONLY|O_CLOEXEC) = -1 ENOENT (No such file or directory) <0.000016>
1711  20:11:40.988613 openat(AT_FDCWD, "/usr/lib/tflite_2.12/farmhash-build/libpthread.so.0", O_RDONLY|O_CLOEXEC) = -1 ENOENT (No such file or directory) <0.000017>
1711  20:11:40.988696 openat(AT_FDCWD, "/usr/lib/tflite_2.12/pthreadpool/libpthread.so.0", O_RDONLY|O_CLOEXEC) = -1 ENOENT (No such file or directory) <0.000016>
1711  20:11:40.988759 openat(AT_FDCWD, "/usr/lib/python3.10/site-packages/dlr/libpthread.so.0", O_RDONLY|O_CLOEXEC) = -1 ENOENT (No such file or directory) <0.000017>
1711  20:11:40.988826 openat(AT_FDCWD, "/lib/libpthread.so.0", O_RDONLY|O_CLOEXEC) = 3 <0.000018>
1711  20:11:40.988894 read(3, "\177ELF\2\1\1\0\0\0\0\0\0\0\0\0\3\0\267\0\1\0\0\0\0\0\0\0\0\0\0\0@\0\0\0\0\0\0\0 \21\0\0\0\0\0\0\0\0\0\0@\08\0\t\0@\0\33\0\32\0\1\0\0\0\5\0\0\0\0\0\0\0\0\0\0\0\0\0\0\0\0\0\0\0\0\0\0\0\0\0\0\08\n\0\0\0\0\0\08\n\0\0\0\0\0\0\0\0\1\0\0\0\0\0\1\0\0\0\6\0\0\0p\r\0\0\0\0\0\0p\r\1\0\0\0\0\0p\r\1\0\0\0\0\0\230\2\0\0\0\0\0\0\240\2\0\0\0\0\0\0\0\0\1\0\0\0\0\0\2\0\0\0\6\0\0\0\200\r\0\0\0\0\0\0\200\r\1\0\0\0\0\0"..., 832) = 832 <0.000016>
1711  20:11:40.988958 newfstatat(3, "", {st_mode=S_IFREG|0755, st_size=6112, ...}, AT_EMPTY_PATH) = 0 <0.000015>
1711  20:11:40.989027 mmap(NULL, 135184, PROT_NONE, MAP_PRIVATE|MAP_ANONYMOUS, -1, 0) = 0xffff82e1e000 <0.000023>
1711  20:11:40.989093 mmap(0xffff82e20000, 69648, PROT_READ|PROT_EXEC, MAP_PRIVATE|MAP_FIXED|MAP_DENYWRITE, 3, 0) = 0xffff82e20000 <0.000036>
1711  20:11:40.989170 munmap(0xffff82e1e000, 8192) = 0 <0.000017>
1711  20:11:40.989226 munmap(0xffff82e32000, 53264) = 0 <0.000016>
1711  20:11:40.989281 mprotect(0xffff82e21000, 61440, PROT_NONE) = 0 <0.000022>
1711  20:11:40.989343 mmap(0xffff82e30000, 8192, PROT_READ|PROT_WRITE, MAP_PRIVATE|MAP_FIXED|MAP_DENYWRITE, 3, 0) = 0xffff82e30000 <0.000025>
1711  20:11:40.989438 close(3)          = 0 <0.000012>
1711  20:11:40.989493 openat(AT_FDCWD, "/usr/lib/tflite_2.12/abseil-cpp-build/libyaml-cpp.so.0.7", O_RDONLY|O_CLOEXEC) = -1 ENOENT (No such file or directory) <0.000017>
1711  20:11:40.989558 openat(AT_FDCWD, "/usr/lib/tflite_2.12/ruy-build/libyaml-cpp.so.0.7", O_RDONLY|O_CLOEXEC) = -1 ENOENT (No such file or directory) <0.000015>
1711  20:11:40.989621 openat(AT_FDCWD, "/usr/lib/tflite_2.12/xnnpack-build/libyaml-cpp.so.0.7", O_RDONLY|O_CLOEXEC) = -1 ENOENT (No such file or directory) <0.000016>
1711  20:11:40.989684 openat(AT_FDCWD, "/usr/lib/tflite_2.12/fft2d-build/libyaml-cpp.so.0.7", O_RDONLY|O_CLOEXEC) = -1 ENOENT (No such file or directory) <0.000015>
1711  20:11:40.989746 openat(AT_FDCWD, "/usr/lib/tflite_2.12/cpuinfo-build/libyaml-cpp.so.0.7", O_RDONLY|O_CLOEXEC) = -1 ENOENT (No such file or directory) <0.000016>
1711  20:11:40.989808 openat(AT_FDCWD, "/usr/lib/tflite_2.12/flatbuffers-build/libyaml-cpp.so.0.7", O_RDONLY|O_CLOEXEC) = -1 ENOENT (No such file or directory) <0.000015>
1711  20:11:40.989870 openat(AT_FDCWD, "/usr/lib/tflite_2.12/farmhash-build/libyaml-cpp.so.0.7", O_RDONLY|O_CLOEXEC) = -1 ENOENT (No such file or directory) <0.000017>
1711  20:11:40.989933 openat(AT_FDCWD, "/usr/lib/tflite_2.12/pthreadpool/libyaml-cpp.so.0.7", O_RDONLY|O_CLOEXEC) = -1 ENOENT (No such file or directory) <0.000015>
1711  20:11:40.989996 openat(AT_FDCWD, "/usr/lib/python3.10/site-packages/dlr/libyaml-cpp.so.0.7", O_RDONLY|O_CLOEXEC) = -1 ENOENT (No such file or directory) <0.000015>
1711  20:11:40.990061 openat(AT_FDCWD, "/usr/lib/libyaml-cpp.so.0.7", O_RDONLY|O_CLOEXEC) = 3 <0.000045>
1711  20:11:40.990154 read(3, "\177ELF\2\1\1\3\0\0\0\0\0\0\0\0\3\0\267\0\1\0\0\0\0\0\0\0\0\0\0\0@\0\0\0\0\0\0\0\30-\5\0\0\0\0\0\0\0\0\0@\08\0\t\0@\0\34\0\33\0\1\0\0\0\5\0\0\0\0\0\0\0\0\0\0\0\0\0\0\0\0\0\0\0\0\0\0\0\0\0\0\0\3\6\5\0\0\0\0\0\3\6\5\0\0\0\0\0\0\0\1\0\0\0\0\0\1\0\0\0\6\0\0\0\360\21\5\0\0\0\0\0\360\21\6\0\0\0\0\0\360\21\6\0\0\0\0\0\360\31\0\0\0\0\0\0\3200\0\0\0\0\0\0\0\0\1\0\0\0\0\0\2\0\0\0\6\0\0\0\350\31\5\0\0\0\0\0\350\31\6\0\0\0\0\0"..., 832) = 832 <0.000016>
1711  20:11:40.990219 newfstatat(3, "", {st_mode=S_IFREG|0755, st_size=341016, ...}, AT_EMPTY_PATH) = 0 <0.000015>
1711  20:11:40.990296 mmap(NULL, 475840, PROT_NONE, MAP_PRIVATE|MAP_ANONYMOUS, -1, 0) = 0xffff82dab000 <0.000020>
1711  20:11:40.990359 mmap(0xffff82db0000, 410304, PROT_READ|PROT_EXEC, MAP_PRIVATE|MAP_FIXED|MAP_DENYWRITE, 3, 0) = 0xffff82db0000 <0.000031>
1711  20:11:40.990445 munmap(0xffff82dab000, 20480) = 0 <0.000017>
1711  20:11:40.990501 munmap(0xffff82e15000, 41664) = 0 <0.000015>
1711  20:11:40.990555 mprotect(0xffff82e01000, 65536, PROT_NONE) = 0 <0.000020>
1711  20:11:40.990616 mmap(0xffff82e11000, 8192, PROT_READ|PROT_WRITE, MAP_PRIVATE|MAP_FIXED|MAP_DENYWRITE, 3, 0x51000) = 0xffff82e11000 <0.000031>
1711  20:11:40.990704 mmap(0xffff82e13000, 4800, PROT_READ|PROT_WRITE, MAP_PRIVATE|MAP_FIXED|MAP_ANONYMOUS, -1, 0) = 0xffff82e13000 <0.000021>
1711  20:11:40.990793 close(3)          = 0 <0.000012>
1711  20:11:40.990850 openat(AT_FDCWD, "/usr/lib/tflite_2.12/abseil-cpp-build/libjpeg.so.62", O_RDONLY|O_CLOEXEC) = -1 ENOENT (No such file or directory) <0.000017>
1711  20:11:40.990917 openat(AT_FDCWD, "/usr/lib/tflite_2.12/ruy-build/libjpeg.so.62", O_RDONLY|O_CLOEXEC) = -1 ENOENT (No such file or directory) <0.000016>
1711  20:11:40.990979 openat(AT_FDCWD, "/usr/lib/tflite_2.12/xnnpack-build/libjpeg.so.62", O_RDONLY|O_CLOEXEC) = -1 ENOENT (No such file or directory) <0.000016>
1711  20:11:40.991041 openat(AT_FDCWD, "/usr/lib/tflite_2.12/fft2d-build/libjpeg.so.62", O_RDONLY|O_CLOEXEC) = -1 ENOENT (No such file or directory) <0.000015>
1711  20:11:40.991103 openat(AT_FDCWD, "/usr/lib/tflite_2.12/cpuinfo-build/libjpeg.so.62", O_RDONLY|O_CLOEXEC) = -1 ENOENT (No such file or directory) <0.000016>
1711  20:11:40.991165 openat(AT_FDCWD, "/usr/lib/tflite_2.12/flatbuffers-build/libjpeg.so.62", O_RDONLY|O_CLOEXEC) = -1 ENOENT (No such file or directory) <0.000015>
1711  20:11:40.991227 openat(AT_FDCWD, "/usr/lib/tflite_2.12/farmhash-build/libjpeg.so.62", O_RDONLY|O_CLOEXEC) = -1 ENOENT (No such file or directory) <0.000015>
1711  20:11:40.991288 openat(AT_FDCWD, "/usr/lib/tflite_2.12/pthreadpool/libjpeg.so.62", O_RDONLY|O_CLOEXEC) = -1 ENOENT (No such file or directory) <0.000016>
1711  20:11:40.991350 openat(AT_FDCWD, "/usr/lib/python3.10/site-packages/dlr/libjpeg.so.62", O_RDONLY|O_CLOEXEC) = -1 ENOENT (No such file or directory) <0.000017>
1711  20:11:40.991421 openat(AT_FDCWD, "/usr/lib/libjpeg.so.62", O_RDONLY|O_CLOEXEC) = 3 <0.000019>
1711  20:11:40.991487 read(3, "\177ELF\2\1\1\0\0\0\0\0\0\0\0\0\3\0\267\0\1\0\0\0\0\0\0\0\0\0\0\0@\0\0\0\0\0\0\0\370\263\4\0\0\0\0\0\0\0\0\0@\08\0\10\0@\0\34\0\33\0\1\0\0\0\5\0\0\0\0\0\0\0\0\0\0\0\0\0\0\0\0\0\0\0\0\0\0\0\0\0\0\0\254\236\4\0\0\0\0\0\254\236\4\0\0\0\0\0\0\0\1\0\0\0\0\0\1\0\0\0\6\0\0\0\304\246\4\0\0\0\0\0\304\246\5\0\0\0\0\0\304\246\5\0\0\0\0\0\24\f\0\0\0\0\0\0\34\f\0\0\0\0\0\0\0\0\1\0\0\0\0\0\2\0\0\0\6\0\0\0\360\252\4\0\0\0\0\0\360\252\5\0\0\0\0\0"..., 832) = 832 <0.000016>
1711  20:11:40.991550 newfstatat(3, "", {st_mode=S_IFREG|0755, st_size=310008, ...}, AT_EMPTY_PATH) = 0 <0.000014>
1711  20:11:40.991619 mmap(NULL, 439008, PROT_NONE, MAP_PRIVATE|MAP_ANONYMOUS, -1, 0) = 0xffff82d44000 <0.000019>
1711  20:11:40.991680 mmap(0xffff82d50000, 373472, PROT_READ|PROT_EXEC, MAP_PRIVATE|MAP_FIXED|MAP_DENYWRITE, 3, 0) = 0xffff82d50000 <0.000028>
1711  20:11:40.991750 munmap(0xffff82d44000, 49152) = 0 <0.000017>
1711  20:11:40.991806 munmap(0xffff82dac000, 13024) = 0 <0.000015>
1711  20:11:40.991860 mprotect(0xffff82d9a000, 65536, PROT_NONE) = 0 <0.000020>
1711  20:11:40.991920 mmap(0xffff82daa000, 8192, PROT_READ|PROT_WRITE, MAP_PRIVATE|MAP_FIXED|MAP_DENYWRITE, 3, 0x4a000) = 0xffff82daa000 <0.000020>
1711  20:11:40.992023 close(3)          = 0 <0.000012>
1711  20:11:40.992079 openat(AT_FDCWD, "/usr/lib/tflite_2.12/abseil-cpp-build/libwebp.so.7", O_RDONLY|O_CLOEXEC) = -1 ENOENT (No such file or directory) <0.000018>
1711  20:11:40.992145 openat(AT_FDCWD, "/usr/lib/tflite_2.12/ruy-build/libwebp.so.7", O_RDONLY|O_CLOEXEC) = -1 ENOENT (No such file or directory) <0.000015>
1711  20:11:40.992207 openat(AT_FDCWD, "/usr/lib/tflite_2.12/xnnpack-build/libwebp.so.7", O_RDONLY|O_CLOEXEC) = -1 ENOENT (No such file or directory) <0.000016>
1711  20:11:40.992269 openat(AT_FDCWD, "/usr/lib/tflite_2.12/fft2d-build/libwebp.so.7", O_RDONLY|O_CLOEXEC) = -1 ENOENT (No such file or directory) <0.000015>
1711  20:11:40.992343 openat(AT_FDCWD, "/usr/lib/tflite_2.12/cpuinfo-build/libwebp.so.7", O_RDONLY|O_CLOEXEC) = -1 ENOENT (No such file or directory) <0.000016>
1711  20:11:40.992406 openat(AT_FDCWD, "/usr/lib/tflite_2.12/flatbuffers-build/libwebp.so.7", O_RDONLY|O_CLOEXEC) = -1 ENOENT (No such file or directory) <0.000015>
1711  20:11:40.992471 openat(AT_FDCWD, "/usr/lib/tflite_2.12/farmhash-build/libwebp.so.7", O_RDONLY|O_CLOEXEC) = -1 ENOENT (No such file or directory) <0.000015>
1711  20:11:40.992532 openat(AT_FDCWD, "/usr/lib/tflite_2.12/pthreadpool/libwebp.so.7", O_RDONLY|O_CLOEXEC) = -1 ENOENT (No such file or directory) <0.000016>
1711  20:11:40.992595 openat(AT_FDCWD, "/usr/lib/python3.10/site-packages/dlr/libwebp.so.7", O_RDONLY|O_CLOEXEC) = -1 ENOENT (No such file or directory) <0.000017>
1711  20:11:40.992662 openat(AT_FDCWD, "/usr/lib/libwebp.so.7", O_RDONLY|O_CLOEXEC) = 3 <0.000020>
1711  20:11:40.992729 read(3, "\177ELF\2\1\1\0\0\0\0\0\0\0\0\0\3\0\267\0\1\0\0\0\0\0\0\0\0\0\0\0@\0\0\0\0\0\0\0\240#\5\0\0\0\0\0\0\0\0\0@\08\0\t\0@\0\33\0\32\0\1\0\0\0\5\0\0\0\0\0\0\0\0\0\0\0\0\0\0\0\0\0\0\0\0\0\0\0\0\0\0\0\230\f\5\0\0\0\0\0\230\f\5\0\0\0\0\0\0\0\1\0\0\0\0\0\1\0\0\0\6\0\0\0\260\31\5\0\0\0\0\0\260\31\6\0\0\0\0\0\260\31\6\0\0\0\0\0\320\10\0\0\0\0\0\0(1\0\0\0\0\0\0\0\0\1\0\0\0\0\0\2\0\0\0\6\0\0\0\0\32\5\0\0\0\0\0\0\32\6\0\0\0\0\0"..., 832) = 832 <0.000016>
1711  20:11:40.992791 newfstatat(3, "", {st_mode=S_IFREG|0755, st_size=338528, ...}, AT_EMPTY_PATH) = 0 <0.000015>
1711  20:11:40.992861 mmap(NULL, 477912, PROT_NONE, MAP_PRIVATE|MAP_ANONYMOUS, -1, 0) = 0xffff82cdb000 <0.000022>
1711  20:11:40.992925 mmap(0xffff82ce0000, 412376, PROT_READ|PROT_EXEC, MAP_PRIVATE|MAP_FIXED|MAP_DENYWRITE, 3, 0) = 0xffff82ce0000 <0.000035>
1711  20:11:40.993001 munmap(0xffff82cdb000, 20480) = 0 <0.000017>
1711  20:11:40.993057 munmap(0xffff82d45000, 43736) = 0 <0.000016>
1711  20:11:40.993111 mprotect(0xffff82d31000, 65536, PROT_NONE) = 0 <0.000020>
1711  20:11:40.993170 mmap(0xffff82d41000, 8192, PROT_READ|PROT_WRITE, MAP_PRIVATE|MAP_FIXED|MAP_DENYWRITE, 3, 0x51000) = 0xffff82d41000 <0.000025>
1711  20:11:40.993251 mmap(0xffff82d43000, 6872, PROT_READ|PROT_WRITE, MAP_PRIVATE|MAP_FIXED|MAP_ANONYMOUS, -1, 0) = 0xffff82d43000 <0.000022>
1711  20:11:40.993337 close(3)          = 0 <0.000012>
1711  20:11:40.993392 openat(AT_FDCWD, "/usr/lib/tflite_2.12/abseil-cpp-build/libpng16.so.16", O_RDONLY|O_CLOEXEC) = -1 ENOENT (No such file or directory) <0.000017>
1711  20:11:40.993458 openat(AT_FDCWD, "/usr/lib/tflite_2.12/ruy-build/libpng16.so.16", O_RDONLY|O_CLOEXEC) = -1 ENOENT (No such file or directory) <0.000016>
1711  20:11:40.993523 openat(AT_FDCWD, "/usr/lib/tflite_2.12/xnnpack-build/libpng16.so.16", O_RDONLY|O_CLOEXEC) = -1 ENOENT (No such file or directory) <0.000017>
1711  20:11:40.993586 openat(AT_FDCWD, "/usr/lib/tflite_2.12/fft2d-build/libpng16.so.16", O_RDONLY|O_CLOEXEC) = -1 ENOENT (No such file or directory) <0.000015>
1711  20:11:40.993648 openat(AT_FDCWD, "/usr/lib/tflite_2.12/cpuinfo-build/libpng16.so.16", O_RDONLY|O_CLOEXEC) = -1 ENOENT (No such file or directory) <0.000015>
1711  20:11:40.993710 openat(AT_FDCWD, "/usr/lib/tflite_2.12/flatbuffers-build/libpng16.so.16", O_RDONLY|O_CLOEXEC) = -1 ENOENT (No such file or directory) <0.000015>
1711  20:11:40.993772 openat(AT_FDCWD, "/usr/lib/tflite_2.12/farmhash-build/libpng16.so.16", O_RDONLY|O_CLOEXEC) = -1 ENOENT (No such file or directory) <0.000015>
1711  20:11:40.993833 openat(AT_FDCWD, "/usr/lib/tflite_2.12/pthreadpool/libpng16.so.16", O_RDONLY|O_CLOEXEC) = -1 ENOENT (No such file or directory) <0.000015>
1711  20:11:40.993895 openat(AT_FDCWD, "/usr/lib/python3.10/site-packages/dlr/libpng16.so.16", O_RDONLY|O_CLOEXEC) = -1 ENOENT (No such file or directory) <0.000016>
1711  20:11:40.993960 openat(AT_FDCWD, "/usr/lib/libpng16.so.16", O_RDONLY|O_CLOEXEC) = 3 <0.000019>
1711  20:11:40.994024 read(3, "\177ELF\2\1\1\0\0\0\0\0\0\0\0\0\3\0\267\0\1\0\0\0\0\0\0\0\0\0\0\0@\0\0\0\0\0\0\0\240\25\3\0\0\0\0\0\0\0\0\0@\08\0\t\0@\0\33\0\32\0\1\0\0\0\5\0\0\0\0\0\0\0\0\0\0\0\0\0\0\0\0\0\0\0\0\0\0\0\0\0\0\0\314\v\3\0\0\0\0\0\314\v\3\0\0\0\0\0\0\0\1\0\0\0\0\0\1\0\0\0\6\0\0\0(\r\3\0\0\0\0\0(\r\4\0\0\0\0\0(\r\4\0\0\0\0\0X\7\0\0\0\0\0\0`\7\0\0\0\0\0\0\0\0\1\0\0\0\0\0\2\0\0\0\6\0\0\08\r\3\0\0\0\0\08\r\4\0\0\0\0\0"..., 832) = 832 <0.000015>
1711  20:11:40.994305 newfstatat(3, "", {st_mode=S_IFREG|0755, st_size=203872, ...}, AT_EMPTY_PATH) = 0 <0.000016>
1711  20:11:40.994388 mmap(NULL, 8192, PROT_READ|PROT_WRITE, MAP_PRIVATE|MAP_ANONYMOUS, -1, 0) = 0xffff84859000 <0.000025>
1711  20:11:40.994465 mmap(NULL, 332936, PROT_NONE, MAP_PRIVATE|MAP_ANONYMOUS, -1, 0) = 0xffff82c8e000 <0.000018>
1711  20:11:40.994525 mmap(0xffff82c90000, 267400, PROT_READ|PROT_EXEC, MAP_PRIVATE|MAP_FIXED|MAP_DENYWRITE, 3, 0) = 0xffff82c90000 <0.000034>
1711  20:11:40.994600 munmap(0xffff82c8e000, 8192) = 0 <0.000017>
1711  20:11:40.994656 munmap(0xffff82cd2000, 54408) = 0 <0.000017>
1711  20:11:40.994712 mprotect(0xffff82cc1000, 61440, PROT_NONE) = 0 <0.000023>
1711  20:11:40.994776 mmap(0xffff82cd0000, 8192, PROT_READ|PROT_WRITE, MAP_PRIVATE|MAP_FIXED|MAP_DENYWRITE, 3, 0x30000) = 0xffff82cd0000 <0.000023>
1711  20:11:40.994879 close(3)          = 0 <0.000012>
1711  20:11:40.994937 openat(AT_FDCWD, "/usr/lib/tflite_2.12/abseil-cpp-build/libtiff.so.5", O_RDONLY|O_CLOEXEC) = -1 ENOENT (No such file or directory) <0.000018>
1711  20:11:40.995006 openat(AT_FDCWD, "/usr/lib/tflite_2.12/ruy-build/libtiff.so.5", O_RDONLY|O_CLOEXEC) = -1 ENOENT (No such file or directory) <0.000017>
1711  20:11:40.995070 openat(AT_FDCWD, "/usr/lib/tflite_2.12/xnnpack-build/libtiff.so.5", O_RDONLY|O_CLOEXEC) = -1 ENOENT (No such file or directory) <0.000015>
1711  20:11:40.995132 openat(AT_FDCWD, "/usr/lib/tflite_2.12/fft2d-build/libtiff.so.5", O_RDONLY|O_CLOEXEC) = -1 ENOENT (No such file or directory) <0.000015>
1711  20:11:40.995194 openat(AT_FDCWD, "/usr/lib/tflite_2.12/cpuinfo-build/libtiff.so.5", O_RDONLY|O_CLOEXEC) = -1 ENOENT (No such file or directory) <0.000016>
1711  20:11:40.995256 openat(AT_FDCWD, "/usr/lib/tflite_2.12/flatbuffers-build/libtiff.so.5", O_RDONLY|O_CLOEXEC) = -1 ENOENT (No such file or directory) <0.000016>
1711  20:11:40.995319 openat(AT_FDCWD, "/usr/lib/tflite_2.12/farmhash-build/libtiff.so.5", O_RDONLY|O_CLOEXEC) = -1 ENOENT (No such file or directory) <0.000015>
1711  20:11:40.995380 openat(AT_FDCWD, "/usr/lib/tflite_2.12/pthreadpool/libtiff.so.5", O_RDONLY|O_CLOEXEC) = -1 ENOENT (No such file or directory) <0.000015>
1711  20:11:40.995441 openat(AT_FDCWD, "/usr/lib/python3.10/site-packages/dlr/libtiff.so.5", O_RDONLY|O_CLOEXEC) = -1 ENOENT (No such file or directory) <0.000016>
1711  20:11:40.995507 openat(AT_FDCWD, "/usr/lib/libtiff.so.5", O_RDONLY|O_CLOEXEC) = 3 <0.000019>
1711  20:11:40.995574 read(3, "\177ELF\2\1\1\0\0\0\0\0\0\0\0\0\3\0\267\0\1\0\0\0\0\0\0\0\0\0\0\0@\0\0\0\0\0\0\0\370\267\7\0\0\0\0\0\0\0\0\0@\08\0\t\0@\0\33\0\32\0\1\0\0\0\5\0\0\0\0\0\0\0\0\0\0\0\0\0\0\0\0\0\0\0\0\0\0\0\0\0\0\0pg\7\0\0\0\0\0pg\7\0\0\0\0\0\0\0\1\0\0\0\0\0\1\0\0\0\6\0\0\08s\7\0\0\0\0\08s\10\0\0\0\0\08s\10\0\0\0\0\0\240C\0\0\0\0\0\0xE\0\0\0\0\0\0\0\0\1\0\0\0\0\0\2\0\0\0\6\0\0\0\320\254\7\0\0\0\0\0\320\254\10\0\0\0\0\0"..., 832) = 832 <0.000016>
1711  20:11:40.995639 newfstatat(3, "", {st_mode=S_IFREG|0755, st_size=507576, ...}, AT_EMPTY_PATH) = 0 <0.000015>
1711  20:11:40.995708 mmap(NULL, 637104, PROT_NONE, MAP_PRIVATE|MAP_ANONYMOUS, -1, 0) = 0xffff82bf4000 <0.000027>
1711  20:11:40.995777 mmap(0xffff82c00000, 571568, PROT_READ|PROT_EXEC, MAP_PRIVATE|MAP_FIXED|MAP_DENYWRITE, 3, 0) = 0xffff82c00000 <0.000036>
1711  20:11:40.995856 munmap(0xffff82bf4000, 49152) = 0 <0.000017>
1711  20:11:40.995912 munmap(0xffff82c8c000, 14512) = 0 <0.000016>
1711  20:11:40.995967 mprotect(0xffff82c77000, 65536, PROT_NONE) = 0 <0.000021>
1711  20:11:40.996026 mmap(0xffff82c87000, 20480, PROT_READ|PROT_WRITE, MAP_PRIVATE|MAP_FIXED|MAP_DENYWRITE, 3, 0x77000) = 0xffff82c87000 <0.000024>
1711  20:11:40.996130 close(3)          = 0 <0.000013>
1711  20:11:40.996187 openat(AT_FDCWD, "/usr/lib/tflite_2.12/abseil-cpp-build/libstdc++.so.6", O_RDONLY|O_CLOEXEC) = -1 ENOENT (No such file or directory) <0.000018>
1711  20:11:40.996271 openat(AT_FDCWD, "/usr/lib/tflite_2.12/ruy-build/libstdc++.so.6", O_RDONLY|O_CLOEXEC) = -1 ENOENT (No such file or directory) <0.000016>
1711  20:11:40.996334 openat(AT_FDCWD, "/usr/lib/tflite_2.12/xnnpack-build/libstdc++.so.6", O_RDONLY|O_CLOEXEC) = -1 ENOENT (No such file or directory) <0.000015>
1711  20:11:40.996396 openat(AT_FDCWD, "/usr/lib/tflite_2.12/fft2d-build/libstdc++.so.6", O_RDONLY|O_CLOEXEC) = -1 ENOENT (No such file or directory) <0.000015>
1711  20:11:40.996457 openat(AT_FDCWD, "/usr/lib/tflite_2.12/cpuinfo-build/libstdc++.so.6", O_RDONLY|O_CLOEXEC) = -1 ENOENT (No such file or directory) <0.000015>
1711  20:11:40.996519 openat(AT_FDCWD, "/usr/lib/tflite_2.12/flatbuffers-build/libstdc++.so.6", O_RDONLY|O_CLOEXEC) = -1 ENOENT (No such file or directory) <0.000016>
1711  20:11:40.996581 openat(AT_FDCWD, "/usr/lib/tflite_2.12/farmhash-build/libstdc++.so.6", O_RDONLY|O_CLOEXEC) = -1 ENOENT (No such file or directory) <0.000015>
1711  20:11:40.996643 openat(AT_FDCWD, "/usr/lib/tflite_2.12/pthreadpool/libstdc++.so.6", O_RDONLY|O_CLOEXEC) = -1 ENOENT (No such file or directory) <0.000015>
1711  20:11:40.996704 openat(AT_FDCWD, "/usr/lib/python3.10/site-packages/dlr/libstdc++.so.6", O_RDONLY|O_CLOEXEC) = -1 ENOENT (No such file or directory) <0.000016>
1711  20:11:40.996770 openat(AT_FDCWD, "/usr/lib/libstdc++.so.6", O_RDONLY|O_CLOEXEC) = 3 <0.000019>
1711  20:11:40.996837 read(3, "\177ELF\2\1\1\3\0\0\0\0\0\0\0\0\3\0\267\0\1\0\0\0\0\0\0\0\0\0\0\0@\0\0\0\0\0\0\0HT \0\0\0\0\0\0\0\0\0@\08\0\n\0@\0\36\0\35\0\1\0\0\0\5\0\0\0\0\0\0\0\0\0\0\0\0\0\0\0\0\0\0\0\0\0\0\0\0\0\0\0\354\202\37\0\0\0\0\0\354\202\37\0\0\0\0\0\0\0\1\0\0\0\0\0\1\0\0\0\6\0\0\0\370\206\37\0\0\0\0\0\370\206 \0\0\0\0\0\370\206 \0\0\0\0\0\10\314\0\0\0\0\0\0p\377\0\0\0\0\0\0\0\0\1\0\0\0\0\0\2\0\0\0\6\0\0\0\210\31 \0\0\0\0\0\210\31!\0\0\0\0\0"..., 832) = 832 <0.000016>
1711  20:11:40.996901 newfstatat(3, "", {st_mode=S_IFREG|0755, st_size=2120648, ...}, AT_EMPTY_PATH) = 0 <0.000015>
1711  20:11:40.996971 mmap(NULL, 2262632, PROT_NONE, MAP_PRIVATE|MAP_ANONYMOUS, -1, 0) = 0xffff829d7000 <0.000019>
1711  20:11:40.997031 mmap(0xffff829e0000, 2197096, PROT_READ|PROT_EXEC, MAP_PRIVATE|MAP_FIXED|MAP_DENYWRITE, 3, 0) = 0xffff829e0000 <0.000035>
1711  20:11:40.997107 munmap(0xffff829d7000, 36864) = 0 <0.000017>
1711  20:11:40.997163 munmap(0xffff82bf9000, 26216) = 0 <0.000016>
1711  20:11:40.997218 mprotect(0xffff82bd9000, 61440, PROT_NONE) = 0 <0.000020>
1711  20:11:40.997277 mmap(0xffff82be8000, 57344, PROT_READ|PROT_WRITE, MAP_PRIVATE|MAP_FIXED|MAP_DENYWRITE, 3, 0x1f8000) = 0xffff82be8000 <0.000025>
1711  20:11:40.997364 mmap(0xffff82bf6000, 9832, PROT_READ|PROT_WRITE, MAP_PRIVATE|MAP_FIXED|MAP_ANONYMOUS, -1, 0) = 0xffff82bf6000 <0.000022>
1711  20:11:40.997457 close(3)          = 0 <0.000013>
1711  20:11:40.997525 openat(AT_FDCWD, "/usr/lib/tflite_2.12/abseil-cpp-build/libm.so.6", O_RDONLY|O_CLOEXEC) = -1 ENOENT (No such file or directory) <0.000018>
1711  20:11:40.997593 openat(AT_FDCWD, "/usr/lib/tflite_2.12/ruy-build/libm.so.6", O_RDONLY|O_CLOEXEC) = -1 ENOENT (No such file or directory) <0.000015>
1711  20:11:40.997655 openat(AT_FDCWD, "/usr/lib/tflite_2.12/xnnpack-build/libm.so.6", O_RDONLY|O_CLOEXEC) = -1 ENOENT (No such file or directory) <0.000016>
1711  20:11:40.997717 openat(AT_FDCWD, "/usr/lib/tflite_2.12/fft2d-build/libm.so.6", O_RDONLY|O_CLOEXEC) = -1 ENOENT (No such file or directory) <0.000015>
1711  20:11:40.997778 openat(AT_FDCWD, "/usr/lib/tflite_2.12/cpuinfo-build/libm.so.6", O_RDONLY|O_CLOEXEC) = -1 ENOENT (No such file or directory) <0.000015>
1711  20:11:40.997840 openat(AT_FDCWD, "/usr/lib/tflite_2.12/flatbuffers-build/libm.so.6", O_RDONLY|O_CLOEXEC) = -1 ENOENT (No such file or directory) <0.000015>
1711  20:11:40.997902 openat(AT_FDCWD, "/usr/lib/tflite_2.12/farmhash-build/libm.so.6", O_RDONLY|O_CLOEXEC) = -1 ENOENT (No such file or directory) <0.000015>
1711  20:11:40.997963 openat(AT_FDCWD, "/usr/lib/tflite_2.12/pthreadpool/libm.so.6", O_RDONLY|O_CLOEXEC) = -1 ENOENT (No such file or directory) <0.000016>
1711  20:11:40.998041 openat(AT_FDCWD, "/usr/lib/python3.10/site-packages/dlr/libm.so.6", O_RDONLY|O_CLOEXEC) = -1 ENOENT (No such file or directory) <0.000017>
1711  20:11:40.998215 openat(AT_FDCWD, "/lib/libm.so.6", O_RDONLY|O_CLOEXEC) = 3 <0.000021>
1711  20:11:40.998288 read(3, "\177ELF\2\1\1\0\0\0\0\0\0\0\0\0\3\0\267\0\1\0\0\0\0\0\0\0\0\0\0\0@\0\0\0\0\0\0\0(q\10\0\0\0\0\0\0\0\0\0@\08\0\t\0@\0\34\0\33\0\1\0\0\0\5\0\0\0\0\0\0\0\0\0\0\0\0\0\0\0\0\0\0\0\0\0\0\0\0\0\0\0Ph\10\0\0\0\0\0Ph\10\0\0\0\0\0\0\0\1\0\0\0\0\0\1\0\0\0\6\0\0\0\0m\10\0\0\0\0\0\0m\t\0\0\0\0\0\0m\t\0\0\0\0\0\f\3\0\0\0\0\0\0\30\3\0\0\0\0\0\0\0\0\1\0\0\0\0\0\2\0\0\0\6\0\0\0\20m\10\0\0\0\0\0\20m\t\0\0\0\0\0"..., 832) = 832 <0.000016>
1711  20:11:40.998352 newfstatat(3, "", {st_mode=S_IFREG|0755, st_size=555048, ...}, AT_EMPTY_PATH) = 0 <0.000015>
1711  20:11:40.998430 mmap(NULL, 684056, PROT_NONE, MAP_PRIVATE|MAP_ANONYMOUS, -1, 0) = 0xffff82938000 <0.000022>
1711  20:11:40.998494 mmap(0xffff82940000, 618520, PROT_READ|PROT_EXEC, MAP_PRIVATE|MAP_FIXED|MAP_DENYWRITE, 3, 0) = 0xffff82940000 <0.000034>
1711  20:11:40.998570 munmap(0xffff82938000, 32768) = 0 <0.000017>
1711  20:11:40.998626 munmap(0xffff829d8000, 28696) = 0 <0.000015>
1711  20:11:40.998680 mprotect(0xffff829c7000, 61440, PROT_NONE) = 0 <0.000022>
1711  20:11:40.998741 mmap(0xffff829d6000, 8192, PROT_READ|PROT_WRITE, MAP_PRIVATE|MAP_FIXED|MAP_DENYWRITE, 3, 0x86000) = 0xffff829d6000 <0.000022>
1711  20:11:40.998840 close(3)          = 0 <0.000013>
1711  20:11:40.998898 openat(AT_FDCWD, "/usr/lib/tflite_2.12/abseil-cpp-build/libgcc_s.so.1", O_RDONLY|O_CLOEXEC) = -1 ENOENT (No such file or directory) <0.000019>
1711  20:11:40.998968 openat(AT_FDCWD, "/usr/lib/tflite_2.12/ruy-build/libgcc_s.so.1", O_RDONLY|O_CLOEXEC) = -1 ENOENT (No such file or directory) <0.000016>
1711  20:11:40.999029 openat(AT_FDCWD, "/usr/lib/tflite_2.12/xnnpack-build/libgcc_s.so.1", O_RDONLY|O_CLOEXEC) = -1 ENOENT (No such file or directory) <0.000016>
1711  20:11:40.999091 openat(AT_FDCWD, "/usr/lib/tflite_2.12/fft2d-build/libgcc_s.so.1", O_RDONLY|O_CLOEXEC) = -1 ENOENT (No such file or directory) <0.000015>
1711  20:11:40.999153 openat(AT_FDCWD, "/usr/lib/tflite_2.12/cpuinfo-build/libgcc_s.so.1", O_RDONLY|O_CLOEXEC) = -1 ENOENT (No such file or directory) <0.000016>
1711  20:11:40.999215 openat(AT_FDCWD, "/usr/lib/tflite_2.12/flatbuffers-build/libgcc_s.so.1", O_RDONLY|O_CLOEXEC) = -1 ENOENT (No such file or directory) <0.000015>
1711  20:11:40.999277 openat(AT_FDCWD, "/usr/lib/tflite_2.12/farmhash-build/libgcc_s.so.1", O_RDONLY|O_CLOEXEC) = -1 ENOENT (No such file or directory) <0.000015>
1711  20:11:40.999338 openat(AT_FDCWD, "/usr/lib/tflite_2.12/pthreadpool/libgcc_s.so.1", O_RDONLY|O_CLOEXEC) = -1 ENOENT (No such file or directory) <0.000015>
1711  20:11:40.999400 openat(AT_FDCWD, "/usr/lib/python3.10/site-packages/dlr/libgcc_s.so.1", O_RDONLY|O_CLOEXEC) = -1 ENOENT (No such file or directory) <0.000016>
1711  20:11:40.999466 openat(AT_FDCWD, "/lib/libgcc_s.so.1", O_RDONLY|O_CLOEXEC) = 3 <0.000019>
1711  20:11:40.999532 read(3, "\177ELF\2\1\1\0\0\0\0\0\0\0\0\0\3\0\267\0\1\0\0\0\0\0\0\0\0\0\0\0@\0\0\0\0\0\0\0\300B\1\0\0\0\0\0\0\0\0\0@\08\0\t\0@\0\33\0\32\0\1\0\0\0\5\0\0\0\0\0\0\0\0\0\0\0\0\0\0\0\0\0\0\0\0\0\0\0\0\0\0\0\2306\1\0\0\0\0\0\2306\1\0\0\0\0\0\0\0\1\0\0\0\0\0\1\0\0\0\6\0\0\0\250=\1\0\0\0\0\0\250=\2\0\0\0\0\0\250=\2\0\0\0\0\0\370\3\0\0\0\0\0\0\260\6\0\0\0\0\0\0\0\0\1\0\0\0\0\0\2\0\0\0\6\0\0\0\270=\1\0\0\0\0\0\270=\2\0\0\0\0\0"..., 832) = 832 <0.000015>
1711  20:11:40.999593 newfstatat(3, "", {st_mode=S_IFREG|0644, st_size=84352, ...}, AT_EMPTY_PATH) = 0 <0.000015>
1711  20:11:40.999661 mmap(NULL, 214104, PROT_NONE, MAP_PRIVATE|MAP_ANONYMOUS, -1, 0) = 0xffff8290b000 <0.000021>
1711  20:11:40.999724 mmap(0xffff82910000, 148568, PROT_READ|PROT_EXEC, MAP_PRIVATE|MAP_FIXED|MAP_DENYWRITE, 3, 0) = 0xffff82910000 <0.000035>
1711  20:11:40.999800 munmap(0xffff8290b000, 20480) = 0 <0.000016>
1711  20:11:40.999856 munmap(0xffff82935000, 42072) = 0 <0.000015>
1711  20:11:40.999925 mprotect(0xffff82924000, 61440, PROT_NONE) = 0 <0.000019>
1711  20:11:40.999984 mmap(0xffff82933000, 8192, PROT_READ|PROT_WRITE, MAP_PRIVATE|MAP_FIXED|MAP_DENYWRITE, 3, 0x13000) = 0xffff82933000 <0.000021>
1711  20:11:41.000081 close(3)          = 0 <0.000012>
1711  20:11:41.000138 openat(AT_FDCWD, "/usr/lib/tflite_2.12/abseil-cpp-build/libc.so.6", O_RDONLY|O_CLOEXEC) = -1 ENOENT (No such file or directory) <0.000017>
1711  20:11:41.000205 openat(AT_FDCWD, "/usr/lib/tflite_2.12/ruy-build/libc.so.6", O_RDONLY|O_CLOEXEC) = -1 ENOENT (No such file or directory) <0.000015>
1711  20:11:41.000267 openat(AT_FDCWD, "/usr/lib/tflite_2.12/xnnpack-build/libc.so.6", O_RDONLY|O_CLOEXEC) = -1 ENOENT (No such file or directory) <0.000016>
1711  20:11:41.000329 openat(AT_FDCWD, "/usr/lib/tflite_2.12/fft2d-build/libc.so.6", O_RDONLY|O_CLOEXEC) = -1 ENOENT (No such file or directory) <0.000015>
1711  20:11:41.000392 openat(AT_FDCWD, "/usr/lib/tflite_2.12/cpuinfo-build/libc.so.6", O_RDONLY|O_CLOEXEC) = -1 ENOENT (No such file or directory) <0.000016>
1711  20:11:41.000454 openat(AT_FDCWD, "/usr/lib/tflite_2.12/flatbuffers-build/libc.so.6", O_RDONLY|O_CLOEXEC) = -1 ENOENT (No such file or directory) <0.000015>
1711  20:11:41.000516 openat(AT_FDCWD, "/usr/lib/tflite_2.12/farmhash-build/libc.so.6", O_RDONLY|O_CLOEXEC) = -1 ENOENT (No such file or directory) <0.000015>
1711  20:11:41.000577 openat(AT_FDCWD, "/usr/lib/tflite_2.12/pthreadpool/libc.so.6", O_RDONLY|O_CLOEXEC) = -1 ENOENT (No such file or directory) <0.000015>
1711  20:11:41.000640 openat(AT_FDCWD, "/usr/lib/python3.10/site-packages/dlr/libc.so.6", O_RDONLY|O_CLOEXEC) = -1 ENOENT (No such file or directory) <0.000016>
1711  20:11:41.000705 openat(AT_FDCWD, "/lib/libc.so.6", O_RDONLY|O_CLOEXEC) = 3 <0.000018>
1711  20:11:41.000769 read(3, "\177ELF\2\1\1\3\0\0\0\0\0\0\0\0\3\0\267\0\1\0\0\0@\264\2\0\0\0\0\0@\0\0\0\0\0\0\0H\317\30\0\0\0\0\0\0\0\0\0@\08\0\f\0@\0A\0@\0\6\0\0\0\4\0\0\0@\0\0\0\0\0\0\0@\0\0\0\0\0\0\0@\0\0\0\0\0\0\0\240\2\0\0\0\0\0\0\240\2\0\0\0\0\0\0\10\0\0\0\0\0\0\0\3\0\0\0\4\0\0\0PM\25\0\0\0\0\0PM\25\0\0\0\0\0PM\25\0\0\0\0\0\33\0\0\0\0\0\0\0\33\0\0\0\0\0\0\0\10\0\0\0\0\0\0\0\1\0\0\0\5\0\0\0\0\0\0\0\0\0\0\0\0\0\0\0\0\0\0\0"..., 832) = 832 <0.000015>
1711  20:11:41.000830 pread64(3, "\4\0\0\0\24\0\0\0\3\0\0\0GNU\0\343\375\0\277\32]\302\374\225&y\36']\345F\323\221\261{\4\0\0\0\20\0\0\0\1\0\0\0GNU\0\0\0\0\0\3\0\0\0\16\0\0\0\0\0\0\0", 68, 768) = 68 <0.000012>
1711  20:11:41.000889 newfstatat(3, "", {st_mode=S_IFREG|0755, st_size=1630088, ...}, AT_EMPTY_PATH) = 0 <0.000015>
1711  20:11:41.000960 mmap(NULL, 1805328, PROT_NONE, MAP_PRIVATE|MAP_ANONYMOUS, -1, 0) = 0xffff82757000 <0.000019>
1711  20:11:41.001022 mmap(0xffff82760000, 1739792, PROT_READ|PROT_EXEC, MAP_PRIVATE|MAP_FIXED|MAP_DENYWRITE, 3, 0) = 0xffff82760000 <0.000035>
1711  20:11:41.001099 munmap(0xffff82757000, 36864) = 0 <0.000016>
1711  20:11:41.001155 munmap(0xffff82909000, 27664) = 0 <0.000015>
1711  20:11:41.001209 mprotect(0xffff828e7000, 65536, PROT_NONE) = 0 <0.000023>
1711  20:11:41.001272 mmap(0xffff828f7000, 24576, PROT_READ|PROT_WRITE, MAP_PRIVATE|MAP_FIXED|MAP_DENYWRITE, 3, 0x187000) = 0xffff828f7000 <0.000029>
1711  20:11:41.001357 mmap(0xffff828fd000, 48144, PROT_READ|PROT_WRITE, MAP_PRIVATE|MAP_FIXED|MAP_ANONYMOUS, -1, 0) = 0xffff828fd000 <0.000032>
1711  20:11:41.001457 close(3)          = 0 <0.000012>
1711  20:11:41.001539 openat(AT_FDCWD, "/usr/lib/tflite_2.12/abseil-cpp-build/libz.so.1", O_RDONLY|O_CLOEXEC) = -1 ENOENT (No such file or directory) <0.000018>
1711  20:11:41.001608 openat(AT_FDCWD, "/usr/lib/tflite_2.12/ruy-build/libz.so.1", O_RDONLY|O_CLOEXEC) = -1 ENOENT (No such file or directory) <0.000015>
1711  20:11:41.001670 openat(AT_FDCWD, "/usr/lib/tflite_2.12/xnnpack-build/libz.so.1", O_RDONLY|O_CLOEXEC) = -1 ENOENT (No such file or directory) <0.000016>
1711  20:11:41.001732 openat(AT_FDCWD, "/usr/lib/tflite_2.12/fft2d-build/libz.so.1", O_RDONLY|O_CLOEXEC) = -1 ENOENT (No such file or directory) <0.000015>
1711  20:11:41.001794 openat(AT_FDCWD, "/usr/lib/tflite_2.12/cpuinfo-build/libz.so.1", O_RDONLY|O_CLOEXEC) = -1 ENOENT (No such file or directory) <0.000016>
1711  20:11:41.001872 openat(AT_FDCWD, "/usr/lib/tflite_2.12/flatbuffers-build/libz.so.1", O_RDONLY|O_CLOEXEC) = -1 ENOENT (No such file or directory) <0.000015>
1711  20:11:41.001934 openat(AT_FDCWD, "/usr/lib/tflite_2.12/farmhash-build/libz.so.1", O_RDONLY|O_CLOEXEC) = -1 ENOENT (No such file or directory) <0.000016>
1711  20:11:41.001998 openat(AT_FDCWD, "/usr/lib/tflite_2.12/pthreadpool/libz.so.1", O_RDONLY|O_CLOEXEC) = -1 ENOENT (No such file or directory) <0.000015>
1711  20:11:41.002061 openat(AT_FDCWD, "/usr/lib/python3.10/site-packages/dlr/libz.so.1", O_RDONLY|O_CLOEXEC) = -1 ENOENT (No such file or directory) <0.000088>
1711  20:11:41.002207 openat(AT_FDCWD, "/lib/libz.so.1", O_RDONLY|O_CLOEXEC) = 3 <0.000022>
1711  20:11:41.002278 read(3, "\177ELF\2\1\1\0\0\0\0\0\0\0\0\0\3\0\267\0\1\0\0\0\0\0\0\0\0\0\0\0@\0\0\0\0\0\0\0\230b\1\0\0\0\0\0\0\0\0\0@\08\0\t\0@\0\34\0\33\0\1\0\0\0\5\0\0\0\0\0\0\0\0\0\0\0\0\0\0\0\0\0\0\0\0\0\0\0\0\0\0\0 P\1\0\0\0\0\0 P\1\0\0\0\0\0\0\0\1\0\0\0\0\0\1\0\0\0\6\0\0\0X\\\1\0\0\0\0\0X\\\2\0\0\0\0\0X\\\2\0\0\0\0\0\30\5\0\0\0\0\0\0 \5\0\0\0\0\0\0\0\0\1\0\0\0\0\0\2\0\0\0\6\0\0\0\270]\1\0\0\0\0\0\270]\2\0\0\0\0\0"..., 832) = 832 <0.000016>
1711  20:11:41.002342 newfstatat(3, "", {st_mode=S_IFREG|0755, st_size=92568, ...}, AT_EMPTY_PATH) = 0 <0.000016>
1711  20:11:41.002414 mmap(NULL, 8192, PROT_READ|PROT_WRITE, MAP_PRIVATE|MAP_ANONYMOUS, -1, 0) = 0xffff84857000 <0.000024>
1711  20:11:41.002489 mmap(NULL, 221560, PROT_NONE, MAP_PRIVATE|MAP_ANONYMOUS, -1, 0) = 0xffff82729000 <0.000019>
1711  20:11:41.002548 mmap(0xffff82730000, 156024, PROT_READ|PROT_EXEC, MAP_PRIVATE|MAP_FIXED|MAP_DENYWRITE, 3, 0) = 0xffff82730000 <0.000033>
1711  20:11:41.002623 munmap(0xffff82729000, 28672) = 0 <0.000017>
1711  20:11:41.002679 munmap(0xffff82757000, 33144) = 0 <0.000016>
1711  20:11:41.002734 mprotect(0xffff82746000, 61440, PROT_NONE) = 0 <0.000022>
1711  20:11:41.002795 mmap(0xffff82755000, 8192, PROT_READ|PROT_WRITE, MAP_PRIVATE|MAP_FIXED|MAP_DENYWRITE, 3, 0x15000) = 0xffff82755000 <0.000022>
1711  20:11:41.002894 close(3)          = 0 <0.000013>
1711  20:11:41.002956 openat(AT_FDCWD, "/usr/lib/tflite_2.12/abseil-cpp-build/libtbb.so.12", O_RDONLY|O_CLOEXEC) = -1 ENOENT (No such file or directory) <0.000019>
1711  20:11:41.003025 openat(AT_FDCWD, "/usr/lib/tflite_2.12/ruy-build/libtbb.so.12", O_RDONLY|O_CLOEXEC) = -1 ENOENT (No such file or directory) <0.000016>
1711  20:11:41.003088 openat(AT_FDCWD, "/usr/lib/tflite_2.12/xnnpack-build/libtbb.so.12", O_RDONLY|O_CLOEXEC) = -1 ENOENT (No such file or directory) <0.000015>
1711  20:11:41.003150 openat(AT_FDCWD, "/usr/lib/tflite_2.12/fft2d-build/libtbb.so.12", O_RDONLY|O_CLOEXEC) = -1 ENOENT (No such file or directory) <0.000015>
1711  20:11:41.003211 openat(AT_FDCWD, "/usr/lib/tflite_2.12/cpuinfo-build/libtbb.so.12", O_RDONLY|O_CLOEXEC) = -1 ENOENT (No such file or directory) <0.000016>
1711  20:11:41.003274 openat(AT_FDCWD, "/usr/lib/tflite_2.12/flatbuffers-build/libtbb.so.12", O_RDONLY|O_CLOEXEC) = -1 ENOENT (No such file or directory) <0.000015>
1711  20:11:41.003335 openat(AT_FDCWD, "/usr/lib/tflite_2.12/farmhash-build/libtbb.so.12", O_RDONLY|O_CLOEXEC) = -1 ENOENT (No such file or directory) <0.000016>
1711  20:11:41.003397 openat(AT_FDCWD, "/usr/lib/tflite_2.12/pthreadpool/libtbb.so.12", O_RDONLY|O_CLOEXEC) = -1 ENOENT (No such file or directory) <0.000015>
1711  20:11:41.003459 openat(AT_FDCWD, "/usr/lib/python3.10/site-packages/dlr/libtbb.so.12", O_RDONLY|O_CLOEXEC) = -1 ENOENT (No such file or directory) <0.000015>
1711  20:11:41.003525 openat(AT_FDCWD, "/usr/lib/libtbb.so.12", O_RDONLY|O_CLOEXEC) = 3 <0.000020>
1711  20:11:41.003591 read(3, "\177ELF\2\1\1\0\0\0\0\0\0\0\0\0\3\0\267\0\1\0\0\0\0\0\0\0\0\0\0\0@\0\0\0\0\0\0\0\310E\2\0\0\0\0\0\0\0\0\0@\08\0\t\0@\0\34\0\33\0\1\0\0\0\5\0\0\0\0\0\0\0\0\0\0\0\0\0\0\0\0\0\0\0\0\0\0\0\0\0\0\0k)\2\0\0\0\0\0k)\2\0\0\0\0\0\0\0\1\0\0\0\0\0\1\0\0\0\6\0\0\00002\2\0\0\0\0\00002\3\0\0\0\0\00002\3\0\0\0\0\0h\22\0\0\0\0\0\0\0g\1\0\0\0\0\0\0\0\1\0\0\0\0\0\2\0\0\0\6\0\0\0\270<\2\0\0\0\0\0\270<\3\0\0\0\0\0"..., 832) = 832 <0.000015>
1711  20:11:41.003669 newfstatat(3, "", {st_mode=S_IFREG|0755, st_size=150728, ...}, AT_EMPTY_PATH) = 0 <0.000015>
1711  20:11:41.003738 mmap(NULL, 366896, PROT_NONE, MAP_PRIVATE|MAP_ANONYMOUS, -1, 0) = 0xffff826d6000 <0.000021>
1711  20:11:41.003801 mmap(0xffff826e0000, 301360, PROT_READ|PROT_EXEC, MAP_PRIVATE|MAP_FIXED|MAP_DENYWRITE, 3, 0) = 0xffff826e0000 <0.000034>
1711  20:11:41.003876 munmap(0xffff826d6000, 40960) = 0 <0.000017>
1711  20:11:41.003934 munmap(0xffff8272a000, 22832) = 0 <0.000015>
1711  20:11:41.003989 mprotect(0xffff82703000, 65536, PROT_NONE) = 0 <0.000024>
1711  20:11:41.004053 mmap(0xffff82713000, 8192, PROT_READ|PROT_WRITE, MAP_PRIVATE|MAP_FIXED|MAP_DENYWRITE, 3, 0x23000) = 0xffff82713000 <0.000025>
1711  20:11:41.004134 mmap(0xffff82715000, 84272, PROT_READ|PROT_WRITE, MAP_PRIVATE|MAP_FIXED|MAP_ANONYMOUS, -1, 0) = 0xffff82715000 <0.000022>
1711  20:11:41.004219 close(3)          = 0 <0.000012>
1711  20:11:41.004293 openat(AT_FDCWD, "/usr/lib/tflite_2.12/abseil-cpp-build/libti_rpmsg_char.so.0", O_RDONLY|O_CLOEXEC) = -1 ENOENT (No such file or directory) <0.000017>
1711  20:11:41.004360 openat(AT_FDCWD, "/usr/lib/tflite_2.12/ruy-build/libti_rpmsg_char.so.0", O_RDONLY|O_CLOEXEC) = -1 ENOENT (No such file or directory) <0.000016>
1711  20:11:41.004422 openat(AT_FDCWD, "/usr/lib/tflite_2.12/xnnpack-build/libti_rpmsg_char.so.0", O_RDONLY|O_CLOEXEC) = -1 ENOENT (No such file or directory) <0.000016>
1711  20:11:41.004484 openat(AT_FDCWD, "/usr/lib/tflite_2.12/fft2d-build/libti_rpmsg_char.so.0", O_RDONLY|O_CLOEXEC) = -1 ENOENT (No such file or directory) <0.000015>
1711  20:11:41.004546 openat(AT_FDCWD, "/usr/lib/tflite_2.12/cpuinfo-build/libti_rpmsg_char.so.0", O_RDONLY|O_CLOEXEC) = -1 ENOENT (No such file or directory) <0.000016>
1711  20:11:41.004608 openat(AT_FDCWD, "/usr/lib/tflite_2.12/flatbuffers-build/libti_rpmsg_char.so.0", O_RDONLY|O_CLOEXEC) = -1 ENOENT (No such file or directory) <0.000016>
1711  20:11:41.004671 openat(AT_FDCWD, "/usr/lib/tflite_2.12/farmhash-build/libti_rpmsg_char.so.0", O_RDONLY|O_CLOEXEC) = -1 ENOENT (No such file or directory) <0.000015>
1711  20:11:41.004733 openat(AT_FDCWD, "/usr/lib/tflite_2.12/pthreadpool/libti_rpmsg_char.so.0", O_RDONLY|O_CLOEXEC) = -1 ENOENT (No such file or directory) <0.000015>
1711  20:11:41.004794 openat(AT_FDCWD, "/usr/lib/python3.10/site-packages/dlr/libti_rpmsg_char.so.0", O_RDONLY|O_CLOEXEC) = -1 ENOENT (No such file or directory) <0.000016>
1711  20:11:41.004859 openat(AT_FDCWD, "/usr/lib/libti_rpmsg_char.so.0", O_RDONLY|O_CLOEXEC) = 3 <0.000019>
1711  20:11:41.004927 read(3, "\177ELF\2\1\1\0\0\0\0\0\0\0\0\0\3\0\267\0\1\0\0\0\0\0\0\0\0\0\0\0@\0\0\0\0\0\0\0\200R\0\0\0\0\0\0\0\0\0\0@\08\0\t\0@\0\33\0\32\0\1\0\0\0\5\0\0\0\0\0\0\0\0\0\0\0\0\0\0\0\0\0\0\0\0\0\0\0\0\0\0\0\\D\0\0\0\0\0\0\\D\0\0\0\0\0\0\0\0\1\0\0\0\0\0\1\0\0\0\6\0\0\0\210I\0\0\0\0\0\0\210I\1\0\0\0\0\0\210I\1\0\0\0\0\0\320\7\0\0\0\0\0\0000\10\0\0\0\0\0\0\0\0\1\0\0\0\0\0\2\0\0\0\6\0\0\0\310M\0\0\0\0\0\0\310M\1\0\0\0\0\0"..., 832) = 832 <0.000015>
1711  20:11:41.004990 newfstatat(3, "", {st_mode=S_IFREG|0755, st_size=22848, ...}, AT_EMPTY_PATH) = 0 <0.000015>
1711  20:11:41.005066 mmap(NULL, 151992, PROT_NONE, MAP_PRIVATE|MAP_ANONYMOUS, -1, 0) = 0xffff826ba000 <0.000021>
1711  20:11:41.005129 mmap(0xffff826c0000, 86456, PROT_READ|PROT_EXEC, MAP_PRIVATE|MAP_FIXED|MAP_DENYWRITE, 3, 0) = 0xffff826c0000 <0.000031>
1711  20:11:41.005201 munmap(0xffff826ba000, 24576) = 0 <0.000018>
1711  20:11:41.005259 munmap(0xffff826d6000, 37304) = 0 <0.000017>
1711  20:11:41.005314 mprotect(0xffff826c5000, 61440, PROT_NONE) = 0 <0.000021>
1711  20:11:41.005375 mmap(0xffff826d4000, 8192, PROT_READ|PROT_WRITE, MAP_PRIVATE|MAP_FIXED|MAP_DENYWRITE, 3, 0x4000) = 0xffff826d4000 <0.000022>
1711  20:11:41.005468 close(3)          = 0 <0.000012>
1711  20:11:41.005525 openat(AT_FDCWD, "/usr/lib/tflite_2.12/abseil-cpp-build/libtivision_apps.so.9.2.0", O_RDONLY|O_CLOEXEC) = -1 ENOENT (No such file or directory) <0.000018>
1711  20:11:41.005605 openat(AT_FDCWD, "/usr/lib/tflite_2.12/ruy-build/libtivision_apps.so.9.2.0", O_RDONLY|O_CLOEXEC) = -1 ENOENT (No such file or directory) <0.000016>
1711  20:11:41.005668 openat(AT_FDCWD, "/usr/lib/tflite_2.12/xnnpack-build/libtivision_apps.so.9.2.0", O_RDONLY|O_CLOEXEC) = -1 ENOENT (No such file or directory) <0.000016>
1711  20:11:41.005731 openat(AT_FDCWD, "/usr/lib/tflite_2.12/fft2d-build/libtivision_apps.so.9.2.0", O_RDONLY|O_CLOEXEC) = -1 ENOENT (No such file or directory) <0.000015>
1711  20:11:41.005793 openat(AT_FDCWD, "/usr/lib/tflite_2.12/cpuinfo-build/libtivision_apps.so.9.2.0", O_RDONLY|O_CLOEXEC) = -1 ENOENT (No such file or directory) <0.000015>
1711  20:11:41.005855 openat(AT_FDCWD, "/usr/lib/tflite_2.12/flatbuffers-build/libtivision_apps.so.9.2.0", O_RDONLY|O_CLOEXEC) = -1 ENOENT (No such file or directory) <0.000016>
1711  20:11:41.005917 openat(AT_FDCWD, "/usr/lib/tflite_2.12/farmhash-build/libtivision_apps.so.9.2.0", O_RDONLY|O_CLOEXEC) = -1 ENOENT (No such file or directory) <0.000016>
1711  20:11:41.005980 openat(AT_FDCWD, "/usr/lib/tflite_2.12/pthreadpool/libtivision_apps.so.9.2.0", O_RDONLY|O_CLOEXEC) = -1 ENOENT (No such file or directory) <0.000016>
1711  20:11:41.006043 openat(AT_FDCWD, "/usr/lib/python3.10/site-packages/dlr/libtivision_apps.so.9.2.0", O_RDONLY|O_CLOEXEC) = -1 ENOENT (No such file or directory) <0.000015>
1711  20:11:41.006179 openat(AT_FDCWD, "/usr/lib/libtivision_apps.so.9.2.0", O_RDONLY|O_CLOEXEC) = 3 <0.000020>
1711  20:11:41.006248 read(3, "\177ELF\2\1\1\3\0\0\0\0\0\0\0\0\3\0\267\0\1\0\0\0\0\0\0\0\0\0\0\0@\0\0\0\0\0\0\08\201\261\1\0\0\0\0\0\0\0\0@\08\0\7\0@\0\34\0\33\0\1\0\0\0\5\0\0\0\0\0\0\0\0\0\0\0\0\0\0\0\0\0\0\0\0\0\0\0\0\0\0\0A\201\217\0\0\0\0\0A\201\217\0\0\0\0\0\0\0\1\0\0\0\0\0\1\0\0\0\6\0\0\0\330\205\217\0\0\0\0\0\330\205\220\0\0\0\0\0\330\205\220\0\0\0\0\0(\372!\1\0\0\0\08\237A\2\0\0\0\0\0\0\1\0\0\0\0\0\2\0\0\0\6\0\0\0\310\214\217\0\0\0\0\0\310\214\220\0\0\0\0\0"..., 832) = 832 <0.000016>
1711  20:11:41.006313 newfstatat(3, "", {st_mode=S_IFREG|0755, st_size=28411960, ...}, AT_EMPTY_PATH) = 0 <0.000015>
1711  20:11:41.006383 mmap(NULL, 47392016, PROT_NONE, MAP_PRIVATE|MAP_ANONYMOUS, -1, 0) = 0xffff7f98d000 <0.000022>
1711  20:11:41.006447 mmap(0xffff7f990000, 47326480, PROT_READ|PROT_EXEC, MAP_PRIVATE|MAP_FIXED|MAP_DENYWRITE, 3, 0) = 0xffff7f990000 <0.000036>
1711  20:11:41.006525 munmap(0xffff7f98d000, 12288) = 0 <0.000016>
1711  20:11:41.006581 munmap(0xffff826b3000, 50448) = 0 <0.000015>
1711  20:11:41.006636 mprotect(0xffff80289000, 61440, PROT_NONE) = 0 <0.000020>
1711  20:11:41.006695 mmap(0xffff80298000, 19005440, PROT_READ|PROT_WRITE, MAP_PRIVATE|MAP_FIXED|MAP_DENYWRITE, 3, 0x8f8000) = 0xffff80298000 <0.000023>
1711  20:11:41.006760 mmap(0xffff814b8000, 18851088, PROT_READ|PROT_WRITE, MAP_PRIVATE|MAP_FIXED|MAP_ANONYMOUS, -1, 0) = 0xffff814b8000 <0.000021>
1711  20:11:41.006866 close(3)          = 0 <0.000013>
1711  20:11:41.006935 openat(AT_FDCWD, "/usr/lib/tflite_2.12/abseil-cpp-build/librt.so.1", O_RDONLY|O_CLOEXEC) = -1 ENOENT (No such file or directory) <0.000018>
1711  20:11:41.007003 openat(AT_FDCWD, "/usr/lib/tflite_2.12/ruy-build/librt.so.1", O_RDONLY|O_CLOEXEC) = -1 ENOENT (No such file or directory) <0.000015>
1711  20:11:41.007065 openat(AT_FDCWD, "/usr/lib/tflite_2.12/xnnpack-build/librt.so.1", O_RDONLY|O_CLOEXEC) = -1 ENOENT (No such file or directory) <0.000016>
1711  20:11:41.007129 openat(AT_FDCWD, "/usr/lib/tflite_2.12/fft2d-build/librt.so.1", O_RDONLY|O_CLOEXEC) = -1 ENOENT (No such file or directory) <0.000016>
1711  20:11:41.007191 openat(AT_FDCWD, "/usr/lib/tflite_2.12/cpuinfo-build/librt.so.1", O_RDONLY|O_CLOEXEC) = -1 ENOENT (No such file or directory) <0.000016>
1711  20:11:41.007253 openat(AT_FDCWD, "/usr/lib/tflite_2.12/flatbuffers-build/librt.so.1", O_RDONLY|O_CLOEXEC) = -1 ENOENT (No such file or directory) <0.000016>
1711  20:11:41.007315 openat(AT_FDCWD, "/usr/lib/tflite_2.12/farmhash-build/librt.so.1", O_RDONLY|O_CLOEXEC) = -1 ENOENT (No such file or directory) <0.000015>
1711  20:11:41.007392 openat(AT_FDCWD, "/usr/lib/tflite_2.12/pthreadpool/librt.so.1", O_RDONLY|O_CLOEXEC) = -1 ENOENT (No such file or directory) <0.000015>
1711  20:11:41.007454 openat(AT_FDCWD, "/usr/lib/python3.10/site-packages/dlr/librt.so.1", O_RDONLY|O_CLOEXEC) = -1 ENOENT (No such file or directory) <0.000016>
1711  20:11:41.007518 openat(AT_FDCWD, "/lib/librt.so.1", O_RDONLY|O_CLOEXEC) = 3 <0.000019>
1711  20:11:41.007586 read(3, "\177ELF\2\1\1\0\0\0\0\0\0\0\0\0\3\0\267\0\1\0\0\0\0\0\0\0\0\0\0\0@\0\0\0\0\0\0\0(\21\0\0\0\0\0\0\0\0\0\0@\08\0\t\0@\0\34\0\33\0\1\0\0\0\5\0\0\0\0\0\0\0\0\0\0\0\0\0\0\0\0\0\0\0\0\0\0\0\0\0\0\0,\f\0\0\0\0\0\0,\f\0\0\0\0\0\0\0\0\1\0\0\0\0\0\1\0\0\0\6\0\0\0H\r\0\0\0\0\0\0H\r\1\0\0\0\0\0H\r\1\0\0\0\0\0\300\2\0\0\0\0\0\0\310\2\0\0\0\0\0\0\0\0\1\0\0\0\0\0\2\0\0\0\6\0\0\0X\r\0\0\0\0\0\0X\r\1\0\0\0\0\0"..., 832) = 832 <0.000016>
1711  20:11:41.007650 newfstatat(3, "", {st_mode=S_IFREG|0755, st_size=6184, ...}, AT_EMPTY_PATH) = 0 <0.000015>
1711  20:11:41.007720 mmap(NULL, 135184, PROT_NONE, MAP_PRIVATE|MAP_ANONYMOUS, -1, 0) = 0xffff7f96e000 <0.000020>
1711  20:11:41.007781 mmap(0xffff7f970000, 69648, PROT_READ|PROT_EXEC, MAP_PRIVATE|MAP_FIXED|MAP_DENYWRITE, 3, 0) = 0xffff7f970000 <0.000029>
1711  20:11:41.007851 munmap(0xffff7f96e000, 8192) = 0 <0.000017>
1711  20:11:41.007909 munmap(0xffff7f982000, 53264) = 0 <0.000016>
1711  20:11:41.007964 mprotect(0xffff7f971000, 61440, PROT_NONE) = 0 <0.000021>
1711  20:11:41.008024 mmap(0xffff7f980000, 8192, PROT_READ|PROT_WRITE, MAP_PRIVATE|MAP_FIXED|MAP_DENYWRITE, 3, 0) = 0xffff7f980000 <0.000021>
1711  20:11:41.008117 close(3)          = 0 <0.000013>
1711  20:11:41.008219 openat(AT_FDCWD, "/usr/lib/tflite_2.12/abseil-cpp-build/libGLESv2.so.2", O_RDONLY|O_CLOEXEC) = -1 ENOENT (No such file or directory) <0.000017>
1711  20:11:41.008285 openat(AT_FDCWD, "/usr/lib/tflite_2.12/ruy-build/libGLESv2.so.2", O_RDONLY|O_CLOEXEC) = -1 ENOENT (No such file or directory) <0.000016>
1711  20:11:41.008347 openat(AT_FDCWD, "/usr/lib/tflite_2.12/xnnpack-build/libGLESv2.so.2", O_RDONLY|O_CLOEXEC) = -1 ENOENT (No such file or directory) <0.000016>
1711  20:11:41.008410 openat(AT_FDCWD, "/usr/lib/tflite_2.12/fft2d-build/libGLESv2.so.2", O_RDONLY|O_CLOEXEC) = -1 ENOENT (No such file or directory) <0.000015>
1711  20:11:41.008471 openat(AT_FDCWD, "/usr/lib/tflite_2.12/cpuinfo-build/libGLESv2.so.2", O_RDONLY|O_CLOEXEC) = -1 ENOENT (No such file or directory) <0.000016>
1711  20:11:41.008533 openat(AT_FDCWD, "/usr/lib/tflite_2.12/flatbuffers-build/libGLESv2.so.2", O_RDONLY|O_CLOEXEC) = -1 ENOENT (No such file or directory) <0.000015>
1711  20:11:41.008595 openat(AT_FDCWD, "/usr/lib/tflite_2.12/farmhash-build/libGLESv2.so.2", O_RDONLY|O_CLOEXEC) = -1 ENOENT (No such file or directory) <0.000015>
1711  20:11:41.008657 openat(AT_FDCWD, "/usr/lib/tflite_2.12/pthreadpool/libGLESv2.so.2", O_RDONLY|O_CLOEXEC) = -1 ENOENT (No such file or directory) <0.000015>
1711  20:11:41.008718 openat(AT_FDCWD, "/usr/lib/python3.10/site-packages/dlr/libGLESv2.so.2", O_RDONLY|O_CLOEXEC) = -1 ENOENT (No such file or directory) <0.000016>
1711  20:11:41.008784 openat(AT_FDCWD, "/usr/lib/libGLESv2.so.2", O_RDONLY|O_CLOEXEC) = 3 <0.000020>
1711  20:11:41.008848 read(3, "\177ELF\2\1\1\0\0\0\0\0\0\0\0\0\3\0\267\0\1\0\0\0\0\0\0\0\0\0\0\0@\0\0\0\0\0\0\0\10\261\0\0\0\0\0\0\0\0\0\0@\08\0\t\0@\0\27\0\26\0\1\0\0\0\5\0\0\0\0\0\0\0\0\0\0\0\0\0\0\0\0\0\0\0\0\0\0\0\0\0\0\0\354\247\0\0\0\0\0\0\354\247\0\0\0\0\0\0\0\0\1\0\0\0\0\0\1\0\0\0\6\0\0\0\350\255\0\0\0\0\0\0\350\255\1\0\0\0\0\0\350\255\1\0\0\0\0\0000\2\0\0\0\0\0\08\2\0\0\0\0\0\0\0\0\1\0\0\0\0\0\2\0\0\0\6\0\0\0\370\255\0\0\0\0\0\0\370\255\1\0\0\0\0\0"..., 832) = 832 <0.000015>
1711  20:11:41.008910 newfstatat(3, "", {st_mode=S_IFREG|0755, st_size=46792, ...}, AT_EMPTY_PATH) = 0 <0.000014>
1711  20:11:41.008979 mmap(NULL, 8192, PROT_READ|PROT_WRITE, MAP_PRIVATE|MAP_ANONYMOUS, -1, 0) = 0xffff84855000 <0.000020>
1711  20:11:41.009048 mmap(NULL, 176160, PROT_NONE, MAP_PRIVATE|MAP_ANONYMOUS, -1, 0) = 0xffff7f944000 <0.000022>
1711  20:11:41.009112 mmap(0xffff7f950000, 110624, PROT_READ|PROT_EXEC, MAP_PRIVATE|MAP_FIXED|MAP_DENYWRITE, 3, 0) = 0xffff7f950000 <0.000034>
1711  20:11:41.009202 munmap(0xffff7f944000, 49152) = 0 <0.000018>
1711  20:11:41.009260 munmap(0xffff7f96c000, 12320) = 0 <0.000016>
1711  20:11:41.009315 mprotect(0xffff7f95b000, 61440, PROT_NONE) = 0 <0.000021>
1711  20:11:41.009376 mmap(0xffff7f96a000, 8192, PROT_READ|PROT_WRITE, MAP_PRIVATE|MAP_FIXED|MAP_DENYWRITE, 3, 0xa000) = 0xffff7f96a000 <0.000022>
1711  20:11:41.009471 close(3)          = 0 <0.000012>
1711  20:11:41.009529 openat(AT_FDCWD, "/usr/lib/tflite_2.12/abseil-cpp-build/libEGL.so.1", O_RDONLY|O_CLOEXEC) = -1 ENOENT (No such file or directory) <0.000019>
1711  20:11:41.009598 openat(AT_FDCWD, "/usr/lib/tflite_2.12/ruy-build/libEGL.so.1", O_RDONLY|O_CLOEXEC) = -1 ENOENT (No such file or directory) <0.000016>
1711  20:11:41.009660 openat(AT_FDCWD, "/usr/lib/tflite_2.12/xnnpack-build/libEGL.so.1", O_RDONLY|O_CLOEXEC) = -1 ENOENT (No such file or directory) <0.000016>
1711  20:11:41.009722 openat(AT_FDCWD, "/usr/lib/tflite_2.12/fft2d-build/libEGL.so.1", O_RDONLY|O_CLOEXEC) = -1 ENOENT (No such file or directory) <0.000017>
1711  20:11:41.009786 openat(AT_FDCWD, "/usr/lib/tflite_2.12/cpuinfo-build/libEGL.so.1", O_RDONLY|O_CLOEXEC) = -1 ENOENT (No such file or directory) <0.000015>
1711  20:11:41.009849 openat(AT_FDCWD, "/usr/lib/tflite_2.12/flatbuffers-build/libEGL.so.1", O_RDONLY|O_CLOEXEC) = -1 ENOENT (No such file or directory) <0.000015>
1711  20:11:41.009911 openat(AT_FDCWD, "/usr/lib/tflite_2.12/farmhash-build/libEGL.so.1", O_RDONLY|O_CLOEXEC) = -1 ENOENT (No such file or directory) <0.000016>
1711  20:11:41.009973 openat(AT_FDCWD, "/usr/lib/tflite_2.12/pthreadpool/libEGL.so.1", O_RDONLY|O_CLOEXEC) = -1 ENOENT (No such file or directory) <0.000015>
1711  20:11:41.010035 openat(AT_FDCWD, "/usr/lib/python3.10/site-packages/dlr/libEGL.so.1", O_RDONLY|O_CLOEXEC) = -1 ENOENT (No such file or directory) <0.000016>
1711  20:11:41.010220 openat(AT_FDCWD, "/usr/lib/libEGL.so.1", O_RDONLY|O_CLOEXEC) = 3 <0.000022>
1711  20:11:41.010294 read(3, "\177ELF\2\1\1\0\0\0\0\0\0\0\0\0\3\0\267\0\1\0\0\0\0\0\0\0\0\0\0\0@\0\0\0\0\0\0\0`\251\3\0\0\0\0\0\0\0\0\0@\08\0\n\0@\0\34\0\33\0\1\0\0\0\5\0\0\0\0\0\0\0\0\0\0\0\0\0\0\0\0\0\0\0\0\0\0\0\0\0\0\0`{\3\0\0\0\0\0`{\3\0\0\0\0\0\0\0\1\0\0\0\0\0\1\0\0\0\6\0\0\0\0\202\3\0\0\0\0\0\0\202\4\0\0\0\0\0\0\202\4\0\0\0\0\0@&\0\0\0\0\0\0x&\0\0\0\0\0\0\0\0\1\0\0\0\0\0\2\0\0\0\6\0\0\0p\234\3\0\0\0\0\0p\234\4\0\0\0\0\0"..., 832) = 832 <0.000016>
1711  20:11:41.010358 newfstatat(3, "", {st_mode=S_IFREG|0755, st_size=241760, ...}, AT_EMPTY_PATH) = 0 <0.000015>
1711  20:11:41.010430 mmap(NULL, 370808, PROT_NONE, MAP_PRIVATE|MAP_ANONYMOUS, -1, 0) = 0xffff7f8f5000 <0.000024>
1711  20:11:41.010497 mmap(0xffff7f900000, 305272, PROT_READ|PROT_EXEC, MAP_PRIVATE|MAP_FIXED|MAP_DENYWRITE, 3, 0) = 0xffff7f900000 <0.000035>
1711  20:11:41.010574 munmap(0xffff7f8f5000, 45056) = 0 <0.000017>
1711  20:11:41.010630 munmap(0xffff7f94b000, 18552) = 0 <0.000015>
1711  20:11:41.010684 mprotect(0xffff7f938000, 65536, PROT_NONE) = 0 <0.000019>
1711  20:11:41.010744 mmap(0xffff7f948000, 12288, PROT_READ|PROT_WRITE, MAP_PRIVATE|MAP_FIXED|MAP_DENYWRITE, 3, 0x38000) = 0xffff7f948000 <0.000019>
1711  20:11:41.010843 close(3)          = 0 <0.000013>
1711  20:11:41.010906 openat(AT_FDCWD, "/usr/lib/tflite_2.12/abseil-cpp-build/libgbm.so.1", O_RDONLY|O_CLOEXEC) = -1 ENOENT (No such file or directory) <0.000018>
1711  20:11:41.010974 openat(AT_FDCWD, "/usr/lib/tflite_2.12/ruy-build/libgbm.so.1", O_RDONLY|O_CLOEXEC) = -1 ENOENT (No such file or directory) <0.000016>
1711  20:11:41.011037 openat(AT_FDCWD, "/usr/lib/tflite_2.12/xnnpack-build/libgbm.so.1", O_RDONLY|O_CLOEXEC) = -1 ENOENT (No such file or directory) <0.000015>
1711  20:11:41.011099 openat(AT_FDCWD, "/usr/lib/tflite_2.12/fft2d-build/libgbm.so.1", O_RDONLY|O_CLOEXEC) = -1 ENOENT (No such file or directory) <0.000017>
1711  20:11:41.011163 openat(AT_FDCWD, "/usr/lib/tflite_2.12/cpuinfo-build/libgbm.so.1", O_RDONLY|O_CLOEXEC) = -1 ENOENT (No such file or directory) <0.000016>
1711  20:11:41.011242 openat(AT_FDCWD, "/usr/lib/tflite_2.12/flatbuffers-build/libgbm.so.1", O_RDONLY|O_CLOEXEC) = -1 ENOENT (No such file or directory) <0.000015>
1711  20:11:41.011304 openat(AT_FDCWD, "/usr/lib/tflite_2.12/farmhash-build/libgbm.so.1", O_RDONLY|O_CLOEXEC) = -1 ENOENT (No such file or directory) <0.000016>
1711  20:11:41.011367 openat(AT_FDCWD, "/usr/lib/tflite_2.12/pthreadpool/libgbm.so.1", O_RDONLY|O_CLOEXEC) = -1 ENOENT (No such file or directory) <0.000015>
1711  20:11:41.011428 openat(AT_FDCWD, "/usr/lib/python3.10/site-packages/dlr/libgbm.so.1", O_RDONLY|O_CLOEXEC) = -1 ENOENT (No such file or directory) <0.000016>
1711  20:11:41.011494 openat(AT_FDCWD, "/usr/lib/libgbm.so.1", O_RDONLY|O_CLOEXEC) = 3 <0.000019>
1711  20:11:41.011560 read(3, "\177ELF\2\1\1\0\0\0\0\0\0\0\0\0\3\0\267\0\1\0\0\0\0\0\0\0\0\0\0\0@\0\0\0\0\0\0\0\10\365\0\0\0\0\0\0\0\0\0\0@\08\0\t\0@\0\33\0\32\0\1\0\0\0\5\0\0\0\0\0\0\0\0\0\0\0\0\0\0\0\0\0\0\0\0\0\0\0\0\0\0\0\240\344\0\0\0\0\0\0\240\344\0\0\0\0\0\0\0\0\1\0\0\0\0\0\1\0\0\0\6\0\0\0X\351\0\0\0\0\0\0X\351\1\0\0\0\0\0X\351\1\0\0\0\0\0\230\n\0\0\0\0\0\0\260\n\0\0\0\0\0\0\0\0\1\0\0\0\0\0\2\0\0\0\6\0\0\0h\355\0\0\0\0\0\0h\355\1\0\0\0\0\0"..., 832) = 832 <0.000016>
1711  20:11:41.011623 newfstatat(3, "", {st_mode=S_IFREG|0755, st_size=64456, ...}, AT_EMPTY_PATH) = 0 <0.000015>
1711  20:11:41.011693 mmap(NULL, 193544, PROT_NONE, MAP_PRIVATE|MAP_ANONYMOUS, -1, 0) = 0xffff7f8d0000 <0.000021>
1711  20:11:41.011756 mmap(0xffff7f8d0000, 128008, PROT_READ|PROT_EXEC, MAP_PRIVATE|MAP_FIXED|MAP_DENYWRITE, 3, 0) = 0xffff7f8d0000 <0.000029>
1711  20:11:41.011827 munmap(0xffff7f8f0000, 62472) = 0 <0.000017>
1711  20:11:41.011883 mprotect(0xffff7f8df000, 61440, PROT_NONE) = 0 <0.000020>
1711  20:11:41.011943 mmap(0xffff7f8ee000, 8192, PROT_READ|PROT_WRITE, MAP_PRIVATE|MAP_FIXED|MAP_DENYWRITE, 3, 0xe000) = 0xffff7f8ee000 <0.000023>
1711  20:11:41.012041 close(3)          = 0 <0.000013>
1711  20:11:41.012117 openat(AT_FDCWD, "/usr/lib/../shared-glapi/tls/aarch64/libglapi.so.0", O_RDONLY|O_CLOEXEC) = -1 ENOENT (No such file or directory) <0.000018>
1711  20:11:41.012184 newfstatat(AT_FDCWD, "/usr/lib/../shared-glapi/tls/aarch64", 0xffffe30ef9b0, 0) = -1 ENOENT (No such file or directory) <0.000014>
1711  20:11:41.012246 openat(AT_FDCWD, "/usr/lib/../shared-glapi/tls/libglapi.so.0", O_RDONLY|O_CLOEXEC) = -1 ENOENT (No such file or directory) <0.000015>
1711  20:11:41.012307 newfstatat(AT_FDCWD, "/usr/lib/../shared-glapi/tls", 0xffffe30ef9b0, 0) = -1 ENOENT (No such file or directory) <0.000013>
1711  20:11:41.012367 openat(AT_FDCWD, "/usr/lib/../shared-glapi/aarch64/libglapi.so.0", O_RDONLY|O_CLOEXEC) = -1 ENOENT (No such file or directory) <0.000014>
1711  20:11:41.012428 newfstatat(AT_FDCWD, "/usr/lib/../shared-glapi/aarch64", 0xffffe30ef9b0, 0) = -1 ENOENT (No such file or directory) <0.000013>
1711  20:11:41.012490 openat(AT_FDCWD, "/usr/lib/../shared-glapi/libglapi.so.0", O_RDONLY|O_CLOEXEC) = -1 ENOENT (No such file or directory) <0.000014>
1711  20:11:41.012551 newfstatat(AT_FDCWD, "/usr/lib/../shared-glapi", 0xffffe30ef9b0, 0) = -1 ENOENT (No such file or directory) <0.000013>
1711  20:11:41.012611 openat(AT_FDCWD, "/usr/lib/tflite_2.12/abseil-cpp-build/libglapi.so.0", O_RDONLY|O_CLOEXEC) = -1 ENOENT (No such file or directory) <0.000016>
1711  20:11:41.012673 openat(AT_FDCWD, "/usr/lib/tflite_2.12/ruy-build/libglapi.so.0", O_RDONLY|O_CLOEXEC) = -1 ENOENT (No such file or directory) <0.000016>
1711  20:11:41.012736 openat(AT_FDCWD, "/usr/lib/tflite_2.12/xnnpack-build/libglapi.so.0", O_RDONLY|O_CLOEXEC) = -1 ENOENT (No such file or directory) <0.000017>
1711  20:11:41.012800 openat(AT_FDCWD, "/usr/lib/tflite_2.12/fft2d-build/libglapi.so.0", O_RDONLY|O_CLOEXEC) = -1 ENOENT (No such file or directory) <0.000016>
1711  20:11:41.012862 openat(AT_FDCWD, "/usr/lib/tflite_2.12/cpuinfo-build/libglapi.so.0", O_RDONLY|O_CLOEXEC) = -1 ENOENT (No such file or directory) <0.000016>
1711  20:11:41.012925 openat(AT_FDCWD, "/usr/lib/tflite_2.12/flatbuffers-build/libglapi.so.0", O_RDONLY|O_CLOEXEC) = -1 ENOENT (No such file or directory) <0.000016>
1711  20:11:41.013001 openat(AT_FDCWD, "/usr/lib/tflite_2.12/farmhash-build/libglapi.so.0", O_RDONLY|O_CLOEXEC) = -1 ENOENT (No such file or directory) <0.000015>
1711  20:11:41.013063 openat(AT_FDCWD, "/usr/lib/tflite_2.12/pthreadpool/libglapi.so.0", O_RDONLY|O_CLOEXEC) = -1 ENOENT (No such file or directory) <0.000016>
1711  20:11:41.013125 openat(AT_FDCWD, "/usr/lib/python3.10/site-packages/dlr/libglapi.so.0", O_RDONLY|O_CLOEXEC) = -1 ENOENT (No such file or directory) <0.000015>
1711  20:11:41.013190 openat(AT_FDCWD, "/usr/lib/libglapi.so.0", O_RDONLY|O_CLOEXEC) = 3 <0.000019>
1711  20:11:41.013255 read(3, "\177ELF\2\1\1\0\0\0\0\0\0\0\0\0\3\0\267\0\1\0\0\0\0\0\0\0\0\0\0\0@\0\0\0\0\0\0\0\220\21\5\0\0\0\0\0\0\0\0\0@\08\0\n\0@\0\35\0\34\0\1\0\0\0\5\0\0\0\0\0\0\0\0\0\0\0\0\0\0\0\0\0\0\0\0\0\0\0\0\0\0\0\340\221\4\0\0\0\0\0\340\221\4\0\0\0\0\0\0\0\1\0\0\0\0\0\1\0\0\0\6\0\0\0\270\232\4\0\0\0\0\0\270\232\5\0\0\0\0\0\270\232\5\0\0\0\0\0\254u\0\0\0\0\0\0\360\215\0\0\0\0\0\0\0\0\1\0\0\0\0\0\2\0\0\0\6\0\0\0\270\r\5\0\0\0\0\0\270\r\6\0\0\0\0\0"..., 832) = 832 <0.000016>
1711  20:11:41.013320 newfstatat(3, "", {st_mode=S_IFREG|0755, st_size=334032, ...}, AT_EMPTY_PATH) = 0 <0.000015>
1711  20:11:41.013389 mmap(NULL, 469160, PROT_NONE, MAP_PRIVATE|MAP_ANONYMOUS, -1, 0) = 0xffff7f85d000 <0.000021>
1711  20:11:41.013451 mmap(0xffff7f860000, 403624, PROT_READ|PROT_EXEC, MAP_PRIVATE|MAP_FIXED|MAP_DENYWRITE, 3, 0) = 0xffff7f860000 <0.000038>
1711  20:11:41.013531 munmap(0xffff7f85d000, 12288) = 0 <0.000017>
1711  20:11:41.013588 munmap(0xffff7f8c3000, 51368) = 0 <0.000016>
1711  20:11:41.013643 mprotect(0xffff7f8aa000, 61440, PROT_NONE) = 0 <0.000021>
1711  20:11:41.013704 mmap(0xffff7f8b9000, 36864, PROT_READ|PROT_WRITE, MAP_PRIVATE|MAP_FIXED|MAP_DENYWRITE, 3, 0x49000) = 0xffff7f8b9000 <0.000025>
1711  20:11:41.013789 mmap(0xffff7f8c2000, 2216, PROT_READ|PROT_WRITE, MAP_PRIVATE|MAP_FIXED|MAP_ANONYMOUS, -1, 0) = 0xffff7f8c2000 <0.000023>
1711  20:11:41.013878 close(3)          = 0 <0.000012>
1711  20:11:41.013944 openat(AT_FDCWD, "/usr/lib/../gbm/tls/aarch64/libexpat.so.1", O_RDONLY|O_CLOEXEC) = -1 ENOENT (No such file or directory) <0.000017>
1711  20:11:41.014012 newfstatat(AT_FDCWD, "/usr/lib/../gbm/tls/aarch64", 0xffffe30ef990, 0) = -1 ENOENT (No such file or directory) <0.000014>
1711  20:11:41.014073 openat(AT_FDCWD, "/usr/lib/../gbm/tls/libexpat.so.1", O_RDONLY|O_CLOEXEC) = -1 ENOENT (No such file or directory) <0.000062>
1711  20:11:41.014201 newfstatat(AT_FDCWD, "/usr/lib/../gbm/tls", 0xffffe30ef990, 0) = -1 ENOENT (No such file or directory) <0.000013>
1711  20:11:41.014263 openat(AT_FDCWD, "/usr/lib/../gbm/aarch64/libexpat.so.1", O_RDONLY|O_CLOEXEC) = -1 ENOENT (No such file or directory) <0.000015>
1711  20:11:41.014324 newfstatat(AT_FDCWD, "/usr/lib/../gbm/aarch64", 0xffffe30ef990, 0) = -1 ENOENT (No such file or directory) <0.000013>
1711  20:11:41.014384 openat(AT_FDCWD, "/usr/lib/../gbm/libexpat.so.1", O_RDONLY|O_CLOEXEC) = -1 ENOENT (No such file or directory) <0.000015>
1711  20:11:41.014445 newfstatat(AT_FDCWD, "/usr/lib/../gbm", 0xffffe30ef990, 0) = -1 ENOENT (No such file or directory) <0.000013>
1711  20:11:41.014505 openat(AT_FDCWD, "/usr/lib/../mapi/shared-glapi/tls/aarch64/libexpat.so.1", O_RDONLY|O_CLOEXEC) = -1 ENOENT (No such file or directory) <0.000015>
1711  20:11:41.014566 newfstatat(AT_FDCWD, "/usr/lib/../mapi/shared-glapi/tls/aarch64", 0xffffe30ef990, 0) = -1 ENOENT (No such file or directory) <0.000013>
1711  20:11:41.014626 openat(AT_FDCWD, "/usr/lib/../mapi/shared-glapi/tls/libexpat.so.1", O_RDONLY|O_CLOEXEC) = -1 ENOENT (No such file or directory) <0.000014>
1711  20:11:41.014687 newfstatat(AT_FDCWD, "/usr/lib/../mapi/shared-glapi/tls", 0xffffe30ef990, 0) = -1 ENOENT (No such file or directory) <0.000013>
1711  20:11:41.014747 openat(AT_FDCWD, "/usr/lib/../mapi/shared-glapi/aarch64/libexpat.so.1", O_RDONLY|O_CLOEXEC) = -1 ENOENT (No such file or directory) <0.000014>
1711  20:11:41.014809 newfstatat(AT_FDCWD, "/usr/lib/../mapi/shared-glapi/aarch64", 0xffffe30ef990, 0) = -1 ENOENT (No such file or directory) <0.000013>
1711  20:11:41.014885 openat(AT_FDCWD, "/usr/lib/../mapi/shared-glapi/libexpat.so.1", O_RDONLY|O_CLOEXEC) = -1 ENOENT (No such file or directory) <0.000014>
1711  20:11:41.014946 newfstatat(AT_FDCWD, "/usr/lib/../mapi/shared-glapi", 0xffffe30ef990, 0) = -1 ENOENT (No such file or directory) <0.000013>
1711  20:11:41.015007 openat(AT_FDCWD, "/usr/lib/tflite_2.12/abseil-cpp-build/libexpat.so.1", O_RDONLY|O_CLOEXEC) = -1 ENOENT (No such file or directory) <0.000016>
1711  20:11:41.015069 openat(AT_FDCWD, "/usr/lib/tflite_2.12/ruy-build/libexpat.so.1", O_RDONLY|O_CLOEXEC) = -1 ENOENT (No such file or directory) <0.000016>
1711  20:11:41.015132 openat(AT_FDCWD, "/usr/lib/tflite_2.12/xnnpack-build/libexpat.so.1", O_RDONLY|O_CLOEXEC) = -1 ENOENT (No such file or directory) <0.000016>
1711  20:11:41.015194 openat(AT_FDCWD, "/usr/lib/tflite_2.12/fft2d-build/libexpat.so.1", O_RDONLY|O_CLOEXEC) = -1 ENOENT (No such file or directory) <0.000016>
1711  20:11:41.015255 openat(AT_FDCWD, "/usr/lib/tflite_2.12/cpuinfo-build/libexpat.so.1", O_RDONLY|O_CLOEXEC) = -1 ENOENT (No such file or directory) <0.000016>
1711  20:11:41.015317 openat(AT_FDCWD, "/usr/lib/tflite_2.12/flatbuffers-build/libexpat.so.1", O_RDONLY|O_CLOEXEC) = -1 ENOENT (No such file or directory) <0.000016>
1711  20:11:41.015380 openat(AT_FDCWD, "/usr/lib/tflite_2.12/farmhash-build/libexpat.so.1", O_RDONLY|O_CLOEXEC) = -1 ENOENT (No such file or directory) <0.000016>
1711  20:11:41.015442 openat(AT_FDCWD, "/usr/lib/tflite_2.12/pthreadpool/libexpat.so.1", O_RDONLY|O_CLOEXEC) = -1 ENOENT (No such file or directory) <0.000015>
1711  20:11:41.015503 openat(AT_FDCWD, "/usr/lib/python3.10/site-packages/dlr/libexpat.so.1", O_RDONLY|O_CLOEXEC) = -1 ENOENT (No such file or directory) <0.000016>
1711  20:11:41.015570 openat(AT_FDCWD, "/usr/lib/libexpat.so.1", O_RDONLY|O_CLOEXEC) = 3 <0.000020>
1711  20:11:41.015637 read(3, "\177ELF\2\1\1\0\0\0\0\0\0\0\0\0\3\0\267\0\1\0\0\0\0\0\0\0\0\0\0\0@\0\0\0\0\0\0\0\350\241\2\0\0\0\0\0\0\0\0\0@\08\0\t\0@\0\33\0\32\0\1\0\0\0\5\0\0\0\0\0\0\0\0\0\0\0\0\0\0\0\0\0\0\0\0\0\0\0\0\0\0\0\324x\2\0\0\0\0\0\324x\2\0\0\0\0\0\0\0\1\0\0\0\0\0\1\0\0\0\6\0\0\0h\202\2\0\0\0\0\0h\202\3\0\0\0\0\0h\202\3\0\0\0\0\0`\36\0\0\0\0\0\0h\36\0\0\0\0\0\0\0\0\1\0\0\0\0\0\2\0\0\0\6\0\0\0\220\235\2\0\0\0\0\0\220\235\3\0\0\0\0\0"..., 832) = 832 <0.000016>
1711  20:11:41.015701 newfstatat(3, "", {st_mode=S_IFREG|0755, st_size=174248, ...}, AT_EMPTY_PATH) = 0 <0.000015>
1711  20:11:41.015775 mmap(NULL, 303312, PROT_NONE, MAP_PRIVATE|MAP_ANONYMOUS, -1, 0) = 0xffff7f815000 <0.000025>
1711  20:11:41.015842 mmap(0xffff7f820000, 237776, PROT_READ|PROT_EXEC, MAP_PRIVATE|MAP_FIXED|MAP_DENYWRITE, 3, 0) = 0xffff7f820000 <0.000030>
1711  20:11:41.015915 munmap(0xffff7f815000, 45056) = 0 <0.000017>
1711  20:11:41.015971 munmap(0xffff7f85b000, 16592) = 0 <0.000016>
1711  20:11:41.016026 mprotect(0xffff7f848000, 65536, PROT_NONE) = 0 <0.000023>
1711  20:11:41.016089 mmap(0xffff7f858000, 12288, PROT_READ|PROT_WRITE, MAP_PRIVATE|MAP_FIXED|MAP_DENYWRITE, 3, 0x28000) = 0xffff7f858000 <0.000022>
1711  20:11:41.016193 close(3)          = 0 <0.000012>
1711  20:11:41.016255 openat(AT_FDCWD, "/usr/lib/tflite_2.12/abseil-cpp-build/libdrm.so.2", O_RDONLY|O_CLOEXEC) = -1 ENOENT (No such file or directory) <0.000017>
1711  20:11:41.016323 openat(AT_FDCWD, "/usr/lib/tflite_2.12/ruy-build/libdrm.so.2", O_RDONLY|O_CLOEXEC) = -1 ENOENT (No such file or directory) <0.000015>
1711  20:11:41.016385 openat(AT_FDCWD, "/usr/lib/tflite_2.12/xnnpack-build/libdrm.so.2", O_RDONLY|O_CLOEXEC) = -1 ENOENT (No such file or directory) <0.000015>
1711  20:11:41.016447 openat(AT_FDCWD, "/usr/lib/tflite_2.12/fft2d-build/libdrm.so.2", O_RDONLY|O_CLOEXEC) = -1 ENOENT (No such file or directory) <0.000015>
1711  20:11:41.016509 openat(AT_FDCWD, "/usr/lib/tflite_2.12/cpuinfo-build/libdrm.so.2", O_RDONLY|O_CLOEXEC) = -1 ENOENT (No such file or directory) <0.000017>
1711  20:11:41.016572 openat(AT_FDCWD, "/usr/lib/tflite_2.12/flatbuffers-build/libdrm.so.2", O_RDONLY|O_CLOEXEC) = -1 ENOENT (No such file or directory) <0.000016>
1711  20:11:41.016652 openat(AT_FDCWD, "/usr/lib/tflite_2.12/farmhash-build/libdrm.so.2", O_RDONLY|O_CLOEXEC) = -1 ENOENT (No such file or directory) <0.000015>
1711  20:11:41.016714 openat(AT_FDCWD, "/usr/lib/tflite_2.12/pthreadpool/libdrm.so.2", O_RDONLY|O_CLOEXEC) = -1 ENOENT (No such file or directory) <0.000015>
1711  20:11:41.016779 openat(AT_FDCWD, "/usr/lib/python3.10/site-packages/dlr/libdrm.so.2", O_RDONLY|O_CLOEXEC) = -1 ENOENT (No such file or directory) <0.000016>
1711  20:11:41.016843 openat(AT_FDCWD, "/usr/lib/libdrm.so.2", O_RDONLY|O_CLOEXEC) = 3 <0.000019>
1711  20:11:41.016908 read(3, "\177ELF\2\1\1\0\0\0\0\0\0\0\0\0\3\0\267\0\1\0\0\0\0\0\0\0\0\0\0\0@\0\0\0\0\0\0\0x4\1\0\0\0\0\0\0\0\0\0@\08\0\t\0@\0\33\0\32\0\1\0\0\0\5\0\0\0\0\0\0\0\0\0\0\0\0\0\0\0\0\0\0\0\0\0\0\0\0\0\0\0\314!\1\0\0\0\0\0\314!\1\0\0\0\0\0\0\0\1\0\0\0\0\0\1\0\0\0\6\0\0\0 *\1\0\0\0\0\0 *\2\0\0\0\0\0 *\2\0\0\0\0\0@\t\0\0\0\0\0\0\370\22\0\0\0\0\0\0\0\0\1\0\0\0\0\0\2\0\0\0\6\0\0\0\330-\1\0\0\0\0\0\330-\2\0\0\0\0\0"..., 832) = 832 <0.000016>
1711  20:11:41.016971 newfstatat(3, "", {st_mode=S_IFREG|0755, st_size=80696, ...}, AT_EMPTY_PATH) = 0 <0.000015>
1711  20:11:41.017040 mmap(NULL, 8192, PROT_READ|PROT_WRITE, MAP_PRIVATE|MAP_ANONYMOUS, -1, 0) = 0xffff84853000 <0.000022>
1711  20:11:41.017112 mmap(NULL, 212248, PROT_NONE, MAP_PRIVATE|MAP_ANONYMOUS, -1, 0) = 0xffff7f7ec000 <0.000022>
1711  20:11:41.017175 mmap(0xffff7f7f0000, 146712, PROT_READ|PROT_EXEC, MAP_PRIVATE|MAP_FIXED|MAP_DENYWRITE, 3, 0) = 0xffff7f7f0000 <0.000027>
1711  20:11:41.017242 munmap(0xffff7f7ec000, 16384) = 0 <0.000016>
1711  20:11:41.017297 munmap(0xffff7f814000, 48408) = 0 <0.000015>
1711  20:11:41.017351 mprotect(0xffff7f803000, 61440, PROT_NONE) = 0 <0.000019>
1711  20:11:41.017410 mmap(0xffff7f812000, 8192, PROT_READ|PROT_WRITE, MAP_PRIVATE|MAP_FIXED|MAP_DENYWRITE, 3, 0x12000) = 0xffff7f812000 <0.000021>
1711  20:11:41.017513 close(3)          = 0 <0.000013>
1711  20:11:41.017572 openat(AT_FDCWD, "/usr/lib/tflite_2.12/abseil-cpp-build/libwayland-client.so.0", O_RDONLY|O_CLOEXEC) = -1 ENOENT (No such file or directory) <0.000017>
1711  20:11:41.017639 openat(AT_FDCWD, "/usr/lib/tflite_2.12/ruy-build/libwayland-client.so.0", O_RDONLY|O_CLOEXEC) = -1 ENOENT (No such file or directory) <0.000016>
1711  20:11:41.017702 openat(AT_FDCWD, "/usr/lib/tflite_2.12/xnnpack-build/libwayland-client.so.0", O_RDONLY|O_CLOEXEC) = -1 ENOENT (No such file or directory) <0.000016>
1711  20:11:41.017764 openat(AT_FDCWD, "/usr/lib/tflite_2.12/fft2d-build/libwayland-client.so.0", O_RDONLY|O_CLOEXEC) = -1 ENOENT (No such file or directory) <0.000016>
1711  20:11:41.017828 openat(AT_FDCWD, "/usr/lib/tflite_2.12/cpuinfo-build/libwayland-client.so.0", O_RDONLY|O_CLOEXEC) = -1 ENOENT (No such file or directory) <0.000016>
1711  20:11:41.017890 openat(AT_FDCWD, "/usr/lib/tflite_2.12/flatbuffers-build/libwayland-client.so.0", O_RDONLY|O_CLOEXEC) = -1 ENOENT (No such file or directory) <0.000015>
1711  20:11:41.017952 openat(AT_FDCWD, "/usr/lib/tflite_2.12/farmhash-build/libwayland-client.so.0", O_RDONLY|O_CLOEXEC) = -1 ENOENT (No such file or directory) <0.000015>
1711  20:11:41.018013 openat(AT_FDCWD, "/usr/lib/tflite_2.12/pthreadpool/libwayland-client.so.0", O_RDONLY|O_CLOEXEC) = -1 ENOENT (No such file or directory) <0.000015>
1711  20:11:41.018076 openat(AT_FDCWD, "/usr/lib/python3.10/site-packages/dlr/libwayland-client.so.0", O_RDONLY|O_CLOEXEC) = -1 ENOENT (No such file or directory) <0.000018>
1711  20:11:41.018286 openat(AT_FDCWD, "/usr/lib/libwayland-client.so.0", O_RDONLY|O_CLOEXEC) = 3 <0.000020>
1711  20:11:41.018357 read(3, "\177ELF\2\1\1\0\0\0\0\0\0\0\0\0\3\0\267\0\1\0\0\0\0\0\0\0\0\0\0\0@\0\0\0\0\0\0\0h\366\0\0\0\0\0\0\0\0\0\0@\08\0\t\0@\0\33\0\32\0\1\0\0\0\5\0\0\0\0\0\0\0\0\0\0\0\0\0\0\0\0\0\0\0\0\0\0\0\0\0\0\0\300\326\0\0\0\0\0\0\300\326\0\0\0\0\0\0\0\0\1\0\0\0\0\0\1\0\0\0\6\0\0\0\210\336\0\0\0\0\0\0\210\336\1\0\0\0\0\0\210\336\1\0\0\0\0\0\270\26\0\0\0\0\0\0\300\26\0\0\0\0\0\0\0\0\1\0\0\0\0\0\2\0\0\0\6\0\0\0\220\355\0\0\0\0\0\0\220\355\1\0\0\0\0\0"..., 832) = 832 <0.000015>
1711  20:11:41.018436 newfstatat(3, "", {st_mode=S_IFREG|0755, st_size=64808, ...}, AT_EMPTY_PATH) = 0 <0.000016>
1711  20:11:41.018509 mmap(NULL, 193864, PROT_NONE, MAP_PRIVATE|MAP_ANONYMOUS, -1, 0) = 0xffff7f7c0000 <0.000025>
1711  20:11:41.018577 mmap(0xffff7f7c0000, 128328, PROT_READ|PROT_EXEC, MAP_PRIVATE|MAP_FIXED|MAP_DENYWRITE, 3, 0) = 0xffff7f7c0000 <0.000030>
1711  20:11:41.018648 munmap(0xffff7f7e0000, 62792) = 0 <0.000017>
1711  20:11:41.018704 mprotect(0xffff7f7ce000, 61440, PROT_NONE) = 0 <0.000022>
1711  20:11:41.018766 mmap(0xffff7f7dd000, 12288, PROT_READ|PROT_WRITE, MAP_PRIVATE|MAP_FIXED|MAP_DENYWRITE, 3, 0xd000) = 0xffff7f7dd000 <0.000022>
1711  20:11:41.018866 close(3)          = 0 <0.000013>
1711  20:11:41.018928 openat(AT_FDCWD, "/usr/lib/tflite_2.12/abseil-cpp-build/libwayland-server.so.0", O_RDONLY|O_CLOEXEC) = -1 ENOENT (No such file or directory) <0.000018>
1711  20:11:41.018996 openat(AT_FDCWD, "/usr/lib/tflite_2.12/ruy-build/libwayland-server.so.0", O_RDONLY|O_CLOEXEC) = -1 ENOENT (No such file or directory) <0.000016>
1711  20:11:41.019059 openat(AT_FDCWD, "/usr/lib/tflite_2.12/xnnpack-build/libwayland-server.so.0", O_RDONLY|O_CLOEXEC) = -1 ENOENT (No such file or directory) <0.000015>
1711  20:11:41.019121 openat(AT_FDCWD, "/usr/lib/tflite_2.12/fft2d-build/libwayland-server.so.0", O_RDONLY|O_CLOEXEC) = -1 ENOENT (No such file or directory) <0.000015>
1711  20:11:41.019182 openat(AT_FDCWD, "/usr/lib/tflite_2.12/cpuinfo-build/libwayland-server.so.0", O_RDONLY|O_CLOEXEC) = -1 ENOENT (No such file or directory) <0.000016>
1711  20:11:41.019244 openat(AT_FDCWD, "/usr/lib/tflite_2.12/flatbuffers-build/libwayland-server.so.0", O_RDONLY|O_CLOEXEC) = -1 ENOENT (No such file or directory) <0.000015>
1711  20:11:41.019306 openat(AT_FDCWD, "/usr/lib/tflite_2.12/farmhash-build/libwayland-server.so.0", O_RDONLY|O_CLOEXEC) = -1 ENOENT (No such file or directory) <0.000015>
1711  20:11:41.019369 openat(AT_FDCWD, "/usr/lib/tflite_2.12/pthreadpool/libwayland-server.so.0", O_RDONLY|O_CLOEXEC) = -1 ENOENT (No such file or directory) <0.000016>
1711  20:11:41.019431 openat(AT_FDCWD, "/usr/lib/python3.10/site-packages/dlr/libwayland-server.so.0", O_RDONLY|O_CLOEXEC) = -1 ENOENT (No such file or directory) <0.000015>
1711  20:11:41.019497 openat(AT_FDCWD, "/usr/lib/libwayland-server.so.0", O_RDONLY|O_CLOEXEC) = 3 <0.000019>
1711  20:11:41.019564 read(3, "\177ELF\2\1\1\0\0\0\0\0\0\0\0\0\3\0\267\0\1\0\0\0\0\0\0\0\0\0\0\0@\0\0\0\0\0\0\0hG\1\0\0\0\0\0\0\0\0\0@\08\0\t\0@\0\33\0\32\0\1\0\0\0\5\0\0\0\0\0\0\0\0\0\0\0\0\0\0\0\0\0\0\0\0\0\0\0\0\0\0\0h%\1\0\0\0\0\0h%\1\0\0\0\0\0\0\0\1\0\0\0\0\0\1\0\0\0\6\0\0\0000.\1\0\0\0\0\0000.\2\0\0\0\0\0000.\2\0\0\0\0\0\20\30\0\0\0\0\0\0\300\30\0\0\0\0\0\0\0\0\1\0\0\0\0\0\2\0\0\0\6\0\0\0`=\1\0\0\0\0\0`=\2\0\0\0\0\0"..., 832) = 832 <0.000015>
1711  20:11:41.019627 newfstatat(3, "", {st_mode=S_IFREG|0755, st_size=85544, ...}, AT_EMPTY_PATH) = 0 <0.000015>
1711  20:11:41.019696 mmap(NULL, 214768, PROT_NONE, MAP_PRIVATE|MAP_ANONYMOUS, -1, 0) = 0xffff7f78b000 <0.000025>
1711  20:11:41.019763 mmap(0xffff7f790000, 149232, PROT_READ|PROT_EXEC, MAP_PRIVATE|MAP_FIXED|MAP_DENYWRITE, 3, 0) = 0xffff7f790000 <0.000032>
1711  20:11:41.019838 munmap(0xffff7f78b000, 20480) = 0 <0.000016>
1711  20:11:41.019893 munmap(0xffff7f7b5000, 42736) = 0 <0.000015>
1711  20:11:41.019947 mprotect(0xffff7f7a3000, 61440, PROT_NONE) = 0 <0.000019>
1711  20:11:41.020006 mmap(0xffff7f7b2000, 12288, PROT_READ|PROT_WRITE, MAP_PRIVATE|MAP_FIXED|MAP_DENYWRITE, 3, 0x12000) = 0xffff7f7b2000 <0.000020>
1711  20:11:41.020104 close(3)          = 0 <0.000012>
1711  20:11:41.020187 openat(AT_FDCWD, "/usr/lib/tflite_2.12/abseil-cpp-build/libffi.so.8", O_RDONLY|O_CLOEXEC) = -1 ENOENT (No such file or directory) <0.000019>
1711  20:11:41.020256 openat(AT_FDCWD, "/usr/lib/tflite_2.12/ruy-build/libffi.so.8", O_RDONLY|O_CLOEXEC) = -1 ENOENT (No such file or directory) <0.000016>
1711  20:11:41.020318 openat(AT_FDCWD, "/usr/lib/tflite_2.12/xnnpack-build/libffi.so.8", O_RDONLY|O_CLOEXEC) = -1 ENOENT (No such file or directory) <0.000016>
1711  20:11:41.020395 openat(AT_FDCWD, "/usr/lib/tflite_2.12/fft2d-build/libffi.so.8", O_RDONLY|O_CLOEXEC) = -1 ENOENT (No such file or directory) <0.000015>
1711  20:11:41.020458 openat(AT_FDCWD, "/usr/lib/tflite_2.12/cpuinfo-build/libffi.so.8", O_RDONLY|O_CLOEXEC) = -1 ENOENT (No such file or directory) <0.000015>
1711  20:11:41.020520 openat(AT_FDCWD, "/usr/lib/tflite_2.12/flatbuffers-build/libffi.so.8", O_RDONLY|O_CLOEXEC) = -1 ENOENT (No such file or directory) <0.000015>
1711  20:11:41.020582 openat(AT_FDCWD, "/usr/lib/tflite_2.12/farmhash-build/libffi.so.8", O_RDONLY|O_CLOEXEC) = -1 ENOENT (No such file or directory) <0.000015>
1711  20:11:41.020644 openat(AT_FDCWD, "/usr/lib/tflite_2.12/pthreadpool/libffi.so.8", O_RDONLY|O_CLOEXEC) = -1 ENOENT (No such file or directory) <0.000015>
1711  20:11:41.020705 openat(AT_FDCWD, "/usr/lib/python3.10/site-packages/dlr/libffi.so.8", O_RDONLY|O_CLOEXEC) = -1 ENOENT (No such file or directory) <0.000016>
1711  20:11:41.020771 openat(AT_FDCWD, "/usr/lib/libffi.so.8", O_RDONLY|O_CLOEXEC) = 3 <0.000022>
1711  20:11:41.020839 read(3, "\177ELF\2\1\1\0\0\0\0\0\0\0\0\0\3\0\267\0\1\0\0\0\0\0\0\0\0\0\0\0@\0\0\0\0\0\0\0\260\202\0\0\0\0\0\0\0\0\0\0@\08\0\7\0@\0\33\0\32\0\1\0\0\0\5\0\0\0\0\0\0\0\0\0\0\0\0\0\0\0\0\0\0\0\0\0\0\0\0\0\0\0Xv\0\0\0\0\0\0Xv\0\0\0\0\0\0\0\0\1\0\0\0\0\0\1\0\0\0\6\0\0\0\220|\0\0\0\0\0\0\220|\1\0\0\0\0\0\220|\1\0\0\0\0\0\f\5\0\0\0\0\0\0\220\t\0\0\0\0\0\0\0\0\1\0\0\0\0\0\2\0\0\0\6\0\0\0\300}\0\0\0\0\0\0\300}\1\0\0\0\0\0"..., 832) = 832 <0.000015>
1711  20:11:41.020901 newfstatat(3, "", {st_mode=S_IFREG|0755, st_size=35184, ...}, AT_EMPTY_PATH) = 0 <0.000015>
1711  20:11:41.020971 mmap(NULL, 165408, PROT_NONE, MAP_PRIVATE|MAP_ANONYMOUS, -1, 0) = 0xffff7f767000 <0.000021>
1711  20:11:41.021033 mmap(0xffff7f770000, 99872, PROT_READ|PROT_EXEC, MAP_PRIVATE|MAP_FIXED|MAP_DENYWRITE, 3, 0) = 0xffff7f770000 <0.000037>
1711  20:11:41.021112 munmap(0xffff7f767000, 36864) = 0 <0.000017>
1711  20:11:41.021169 munmap(0xffff7f789000, 26144) = 0 <0.000016>
1711  20:11:41.021224 mprotect(0xffff7f778000, 61440, PROT_NONE) = 0 <0.000020>
1711  20:11:41.021284 mmap(0xffff7f787000, 8192, PROT_READ|PROT_WRITE, MAP_PRIVATE|MAP_FIXED|MAP_DENYWRITE, 3, 0x7000) = 0xffff7f787000 <0.000022>
1711  20:11:41.021379 close(3)          = 0 <0.000012>
1711  20:11:41.021496 mmap(NULL, 8192, PROT_READ|PROT_WRITE, MAP_PRIVATE|MAP_ANONYMOUS, -1, 0) = 0xffff8481c000 <0.000021>
1711  20:11:41.021634 mmap(NULL, 8192, PROT_READ|PROT_WRITE, MAP_PRIVATE|MAP_ANONYMOUS, -1, 0) = 0xffff8481a000 <0.000019>
1711  20:11:41.021710 set_tid_address(0xffff8481a750) = 1711 <0.000012>
1711  20:11:41.021762 set_robust_list(0xffff8481a760, 24) = 0 <0.000012>
1711  20:11:41.021812 rseq(0xffff8481ae20, 0x20, 0, 0xd428bc00) = 0 <0.000012>
1711  20:11:41.022227 mprotect(0xffff828f7000, 12288, PROT_READ) = 0 <0.000032>
1711  20:11:41.022340 mprotect(0xffff7f787000, 4096, PROT_READ) = 0 <0.000021>
1711  20:11:41.022497 mprotect(0xffff7f7b2000, 8192, PROT_READ) = 0 <0.000021>
1711  20:11:41.022619 mprotect(0xffff7f7dd000, 8192, PROT_READ) = 0 <0.000019>
1711  20:11:41.022691 mprotect(0xffff7f812000, 4096, PROT_READ) = 0 <0.000020>
1711  20:11:41.022783 mprotect(0xffff7f858000, 8192, PROT_READ) = 0 <0.000026>
1711  20:11:41.022984 mprotect(0xffff7f8b9000, 32768, PROT_READ) = 0 <0.000029>
1711  20:11:41.023085 mprotect(0xffff829d6000, 4096, PROT_READ) = 0 <0.000026>
1711  20:11:41.023173 mprotect(0xffff7f8ee000, 4096, PROT_READ) = 0 <0.000022>
1711  20:11:41.023296 mprotect(0xffff7f948000, 8192, PROT_READ) = 0 <0.000025>
1711  20:11:41.023374 mprotect(0xffff7f96a000, 4096, PROT_READ) = 0 <0.000020>
1711  20:11:41.023449 mprotect(0xffff7f980000, 4096, PROT_READ) = 0 <0.000019>
1711  20:11:41.023518 mprotect(0xffff82933000, 4096, PROT_READ) = 0 <0.000020>
1711  20:11:41.024019 mmap(NULL, 8192, PROT_READ|PROT_WRITE, MAP_PRIVATE|MAP_ANONYMOUS, -1, 0) = 0xffff84818000 <0.000029>
1711  20:11:41.025916 mprotect(0xffff82be8000, 45056, PROT_READ) = 0 <0.000038>
1711  20:11:41.026033 mprotect(0xffff82e30000, 4096, PROT_READ) = 0 <0.000057>
1711  20:11:41.026208 mprotect(0xffff826d4000, 4096, PROT_READ) = 0 <0.000034>
1711  20:11:41.034005 mprotect(0xffff80298000, 12288, PROT_READ) = 0 <0.000080>
1711  20:11:41.034341 mprotect(0xffff82713000, 4096, PROT_READ) = 0 <0.000033>
1711  20:11:41.034432 mprotect(0xffff82755000, 4096, PROT_READ) = 0 <0.000025>
1711  20:11:41.034534 mprotect(0xffff82daa000, 4096, PROT_READ) = 0 <0.000024>
1711  20:11:41.034701 mprotect(0xffff82c87000, 16384, PROT_READ) = 0 <0.000027>
1711  20:11:41.034788 mprotect(0xffff82cd0000, 4096, PROT_READ) = 0 <0.000021>
1711  20:11:41.034868 mprotect(0xffff82d41000, 4096, PROT_READ) = 0 <0.000020>
1711  20:11:41.035089 mmap(NULL, 12288, PROT_READ|PROT_WRITE, MAP_PRIVATE|MAP_ANONYMOUS, -1, 0) = 0xffff844cd000 <0.000027>
1711  20:11:41.035291 mprotect(0xffff82e11000, 4096, PROT_READ) = 0 <0.000026>
1711  20:11:41.035379 mprotect(0xffff82ed1000, 4096, PROT_READ) = 0 <0.000022>
1711  20:11:41.036284 mprotect(0xffff83e88000, 167936, PROT_READ) = 0 <0.000054>
1711  20:11:41.036976 mprotect(0xffff84169000, 24576, PROT_READ) = 0 <0.000029>
1711  20:11:41.037900 mprotect(0xffff843f9000, 40960, PROT_READ) = 0 <0.000041>
1711  20:11:41.038374 mmap(NULL, 20480, PROT_READ|PROT_WRITE, MAP_PRIVATE|MAP_ANONYMOUS, -1, 0) = 0xffff844c8000 <0.000035>
1711  20:11:41.038920 mmap(NULL, 36864, PROT_READ|PROT_WRITE, MAP_PRIVATE|MAP_ANONYMOUS, -1, 0) = 0xffff84177000 <0.000026>
1711  20:11:41.039212 mprotect(0xffff84764000, 57344, PROT_READ) = 0 <0.000033>
1711  20:11:41.039544 mprotect(0xffff844ba000, 16384, PROT_READ) = 0 <0.000024>
1711  20:11:41.039677 mprotect(0x45e000, 4096, PROT_READ) = 0 <0.000023>
1711  20:11:41.039797 mprotect(0xffff84862000, 8192, PROT_READ) = 0 <0.000029>
1711  20:11:41.039904 prlimit64(0, RLIMIT_STACK, NULL, {rlim_cur=8192*1024, rlim_max=RLIM64_INFINITY}) = 0 <0.000014>
1711  20:11:41.040008 munmap(0xffff8481e000, 41887) = 0 <0.000051>
1711  20:11:41.040180 getrandom("\x85\x4f\xe3\xb6\x82\x87\x11\xd2", 8, GRND_NONBLOCK) = 8 <0.000016>
1711  20:11:41.040256 brk(NULL)         = 0x2157a000 <0.000012>
1711  20:11:41.040308 brk(0x2159b000)   = 0x2159b000 <0.000018>
1711  20:11:41.040475 futex(0xffff82bf66c8, FUTEX_WAKE_PRIVATE, 2147483647) = 0 <0.000015>
1711  20:11:41.040697 futex(0xffff82bf66cc, FUTEX_WAKE_PRIVATE, 2147483647) = 0 <0.000014>
1711  20:11:41.040903 futex(0xffff82714598, FUTEX_WAKE_PRIVATE, 2147483647) = 0 <0.000013>
1711  20:11:41.043608 pipe2([3, 4], O_CLOEXEC) = 0 <0.000050>
1711  20:11:41.043790 prlimit64(0, RLIMIT_NOFILE, NULL, {rlim_cur=10*1024, rlim_max=40*1024}) = 0 <0.000014>
1711  20:11:41.043855 prlimit64(0, RLIMIT_NOFILE, NULL, {rlim_cur=10*1024, rlim_max=40*1024}) = 0 <0.000011>
1711  20:11:41.043916 mmap(NULL, 36864, PROT_READ|PROT_WRITE, MAP_PRIVATE|MAP_ANONYMOUS|MAP_STACK, -1, 0) = 0xffff84820000 <0.000051>
1711  20:11:41.044013 rt_sigprocmask(SIG_BLOCK, ~[], [], 8) = 0 <0.000014>
1711  20:11:41.044086 clone(child_stack=0xffff84829000, flags=CLONE_VM|CLONE_VFORK|SIGCHLD <unfinished ...>
1712  20:11:41.044272 rt_sigprocmask(SIG_BLOCK, NULL, ~[KILL STOP], 8) = 0 <0.000013>
1712  20:11:41.044353 rt_sigaction(SIGHUP, NULL, {sa_handler=SIG_DFL, sa_mask=[], sa_flags=0}, 8) = 0 <0.000013>
1712  20:11:41.044419 rt_sigaction(SIGHUP, {sa_handler=SIG_DFL, sa_mask=[], sa_flags=0}, NULL, 8) = 0 <0.000011>
1712  20:11:41.044478 rt_sigaction(SIGINT, NULL, {sa_handler=SIG_DFL, sa_mask=[], sa_flags=0}, 8) = 0 <0.000011>
1712  20:11:41.044535 rt_sigaction(SIGINT, {sa_handler=SIG_DFL, sa_mask=[], sa_flags=0}, NULL, 8) = 0 <0.000011>
1712  20:11:41.044592 rt_sigaction(SIGQUIT, NULL, {sa_handler=SIG_DFL, sa_mask=[], sa_flags=0}, 8) = 0 <0.000012>
1712  20:11:41.044649 rt_sigaction(SIGQUIT, {sa_handler=SIG_DFL, sa_mask=[], sa_flags=0}, NULL, 8) = 0 <0.000011>
1712  20:11:41.044706 rt_sigaction(SIGILL, NULL, {sa_handler=SIG_DFL, sa_mask=[], sa_flags=0}, 8) = 0 <0.000012>
1712  20:11:41.044765 rt_sigaction(SIGILL, {sa_handler=SIG_DFL, sa_mask=[], sa_flags=0}, NULL, 8) = 0 <0.000011>
1712  20:11:41.044821 rt_sigaction(SIGTRAP, NULL, {sa_handler=SIG_DFL, sa_mask=[], sa_flags=0}, 8) = 0 <0.000011>
1712  20:11:41.044910 rt_sigaction(SIGTRAP, {sa_handler=SIG_DFL, sa_mask=[], sa_flags=0}, NULL, 8) = 0 <0.000011>
1712  20:11:41.044967 rt_sigaction(SIGABRT, NULL, {sa_handler=SIG_DFL, sa_mask=[], sa_flags=0}, 8) = 0 <0.000011>
1712  20:11:41.045024 rt_sigaction(SIGABRT, {sa_handler=SIG_DFL, sa_mask=[], sa_flags=0}, NULL, 8) = 0 <0.000011>
1712  20:11:41.045081 rt_sigaction(SIGBUS, NULL, {sa_handler=SIG_DFL, sa_mask=[], sa_flags=0}, 8) = 0 <0.000011>
1712  20:11:41.045138 rt_sigaction(SIGBUS, {sa_handler=SIG_DFL, sa_mask=[], sa_flags=0}, NULL, 8) = 0 <0.000011>
1712  20:11:41.045194 rt_sigaction(SIGFPE, NULL, {sa_handler=SIG_DFL, sa_mask=[], sa_flags=0}, 8) = 0 <0.000011>
1712  20:11:41.045250 rt_sigaction(SIGFPE, {sa_handler=SIG_DFL, sa_mask=[], sa_flags=0}, NULL, 8) = 0 <0.000012>
1712  20:11:41.045307 rt_sigaction(SIGUSR1, NULL, {sa_handler=SIG_DFL, sa_mask=[], sa_flags=0}, 8) = 0 <0.000011>
1712  20:11:41.045363 rt_sigaction(SIGUSR1, {sa_handler=SIG_DFL, sa_mask=[], sa_flags=0}, NULL, 8) = 0 <0.000011>
1712  20:11:41.045419 rt_sigaction(SIGSEGV, NULL, {sa_handler=SIG_DFL, sa_mask=[], sa_flags=0}, 8) = 0 <0.000011>
1712  20:11:41.045476 rt_sigaction(SIGSEGV, {sa_handler=SIG_DFL, sa_mask=[], sa_flags=0}, NULL, 8) = 0 <0.000011>
1712  20:11:41.045532 rt_sigaction(SIGUSR2, NULL, {sa_handler=SIG_DFL, sa_mask=[], sa_flags=0}, 8) = 0 <0.000011>
1712  20:11:41.045589 rt_sigaction(SIGUSR2, {sa_handler=SIG_DFL, sa_mask=[], sa_flags=0}, NULL, 8) = 0 <0.000011>
1712  20:11:41.045644 rt_sigaction(SIGPIPE, NULL, {sa_handler=SIG_DFL, sa_mask=[], sa_flags=0}, 8) = 0 <0.000011>
1712  20:11:41.045701 rt_sigaction(SIGPIPE, {sa_handler=SIG_DFL, sa_mask=[], sa_flags=0}, NULL, 8) = 0 <0.000011>
1712  20:11:41.045757 rt_sigaction(SIGALRM, NULL, {sa_handler=SIG_DFL, sa_mask=[], sa_flags=0}, 8) = 0 <0.000011>
1712  20:11:41.045815 rt_sigaction(SIGALRM, {sa_handler=SIG_DFL, sa_mask=[], sa_flags=0}, NULL, 8) = 0 <0.000011>
1712  20:11:41.045870 rt_sigaction(SIGTERM, NULL, {sa_handler=SIG_DFL, sa_mask=[], sa_flags=0}, 8) = 0 <0.000011>
1712  20:11:41.045927 rt_sigaction(SIGTERM, {sa_handler=SIG_DFL, sa_mask=[], sa_flags=0}, NULL, 8) = 0 <0.000011>
1712  20:11:41.045984 rt_sigaction(SIGSTKFLT, NULL, {sa_handler=SIG_DFL, sa_mask=[], sa_flags=0}, 8) = 0 <0.000011>
1712  20:11:41.046041 rt_sigaction(SIGSTKFLT, {sa_handler=SIG_DFL, sa_mask=[], sa_flags=0}, NULL, 8) = 0 <0.000011>
1712  20:11:41.046116 rt_sigaction(SIGCHLD, NULL, {sa_handler=SIG_DFL, sa_mask=[], sa_flags=0}, 8) = 0 <0.000013>
1712  20:11:41.046178 rt_sigaction(SIGCHLD, {sa_handler=SIG_DFL, sa_mask=[], sa_flags=0}, NULL, 8) = 0 <0.000012>
1712  20:11:41.046235 rt_sigaction(SIGCONT, NULL, {sa_handler=SIG_DFL, sa_mask=[], sa_flags=0}, 8) = 0 <0.000011>
1712  20:11:41.046292 rt_sigaction(SIGCONT, {sa_handler=SIG_DFL, sa_mask=[], sa_flags=0}, NULL, 8) = 0 <0.000011>
1712  20:11:41.046347 rt_sigaction(SIGTSTP, NULL, {sa_handler=SIG_DFL, sa_mask=[], sa_flags=0}, 8) = 0 <0.000011>
1712  20:11:41.046404 rt_sigaction(SIGTSTP, {sa_handler=SIG_DFL, sa_mask=[], sa_flags=0}, NULL, 8) = 0 <0.000011>
1712  20:11:41.046460 rt_sigaction(SIGTTIN, NULL, {sa_handler=SIG_DFL, sa_mask=[], sa_flags=0}, 8) = 0 <0.000012>
1712  20:11:41.046520 rt_sigaction(SIGTTIN, {sa_handler=SIG_DFL, sa_mask=[], sa_flags=0}, NULL, 8) = 0 <0.000011>
1712  20:11:41.046576 rt_sigaction(SIGTTOU, NULL, {sa_handler=SIG_DFL, sa_mask=[], sa_flags=0}, 8) = 0 <0.000011>
1712  20:11:41.046632 rt_sigaction(SIGTTOU, {sa_handler=SIG_DFL, sa_mask=[], sa_flags=0}, NULL, 8) = 0 <0.000011>
1712  20:11:41.046688 rt_sigaction(SIGURG, NULL, {sa_handler=SIG_DFL, sa_mask=[], sa_flags=0}, 8) = 0 <0.000011>
1712  20:11:41.046744 rt_sigaction(SIGURG, {sa_handler=SIG_DFL, sa_mask=[], sa_flags=0}, NULL, 8) = 0 <0.000011>
1712  20:11:41.046800 rt_sigaction(SIGXCPU, NULL, {sa_handler=SIG_DFL, sa_mask=[], sa_flags=0}, 8) = 0 <0.000011>
1712  20:11:41.046856 rt_sigaction(SIGXCPU, {sa_handler=SIG_DFL, sa_mask=[], sa_flags=0}, NULL, 8) = 0 <0.000011>
1712  20:11:41.046912 rt_sigaction(SIGXFSZ, NULL, {sa_handler=SIG_DFL, sa_mask=[], sa_flags=0}, 8) = 0 <0.000011>
1712  20:11:41.046982 rt_sigaction(SIGXFSZ, {sa_handler=SIG_DFL, sa_mask=[], sa_flags=0}, NULL, 8) = 0 <0.000011>
1712  20:11:41.047038 rt_sigaction(SIGVTALRM, NULL, {sa_handler=SIG_DFL, sa_mask=[], sa_flags=0}, 8) = 0 <0.000011>
1712  20:11:41.047095 rt_sigaction(SIGVTALRM, {sa_handler=SIG_DFL, sa_mask=[], sa_flags=0}, NULL, 8) = 0 <0.000011>
1712  20:11:41.047151 rt_sigaction(SIGPROF, NULL, {sa_handler=SIG_DFL, sa_mask=[], sa_flags=0}, 8) = 0 <0.000011>
1712  20:11:41.047208 rt_sigaction(SIGPROF, {sa_handler=SIG_DFL, sa_mask=[], sa_flags=0}, NULL, 8) = 0 <0.000011>
1712  20:11:41.047263 rt_sigaction(SIGWINCH, NULL, {sa_handler=SIG_DFL, sa_mask=[], sa_flags=0}, 8) = 0 <0.000011>
1712  20:11:41.047319 rt_sigaction(SIGWINCH, {sa_handler=SIG_DFL, sa_mask=[], sa_flags=0}, NULL, 8) = 0 <0.000011>
1712  20:11:41.047375 rt_sigaction(SIGIO, NULL, {sa_handler=SIG_DFL, sa_mask=[], sa_flags=0}, 8) = 0 <0.000011>
1712  20:11:41.047432 rt_sigaction(SIGIO, {sa_handler=SIG_DFL, sa_mask=[], sa_flags=0}, NULL, 8) = 0 <0.000011>
1712  20:11:41.047488 rt_sigaction(SIGPWR, NULL, {sa_handler=SIG_DFL, sa_mask=[], sa_flags=0}, 8) = 0 <0.000011>
1712  20:11:41.047544 rt_sigaction(SIGPWR, {sa_handler=SIG_DFL, sa_mask=[], sa_flags=0}, NULL, 8) = 0 <0.000011>
1712  20:11:41.047600 rt_sigaction(SIGSYS, NULL, {sa_handler=SIG_DFL, sa_mask=[], sa_flags=0}, 8) = 0 <0.000011>
1712  20:11:41.047657 rt_sigaction(SIGSYS, {sa_handler=SIG_DFL, sa_mask=[], sa_flags=0}, NULL, 8) = 0 <0.000011>
1712  20:11:41.047712 rt_sigaction(SIGRTMIN, {sa_handler=SIG_IGN, sa_mask=[], sa_flags=0}, NULL, 8) = 0 <0.000011>
1712  20:11:41.047768 rt_sigaction(SIGRT_1, {sa_handler=SIG_IGN, sa_mask=[], sa_flags=0}, NULL, 8) = 0 <0.000011>
1712  20:11:41.047825 rt_sigaction(SIGRT_2, NULL, {sa_handler=SIG_DFL, sa_mask=[], sa_flags=0}, 8) = 0 <0.000011>
1712  20:11:41.047883 rt_sigaction(SIGRT_2, {sa_handler=SIG_DFL, sa_mask=[], sa_flags=0}, NULL, 8) = 0 <0.000011>
1712  20:11:41.047941 rt_sigaction(SIGRT_3, NULL, {sa_handler=SIG_DFL, sa_mask=[], sa_flags=0}, 8) = 0 <0.000011>
1712  20:11:41.047998 rt_sigaction(SIGRT_3, {sa_handler=SIG_DFL, sa_mask=[], sa_flags=0}, NULL, 8) = 0 <0.000011>
1712  20:11:41.048053 rt_sigaction(SIGRT_4, NULL, {sa_handler=SIG_DFL, sa_mask=[], sa_flags=0}, 8) = 0 <0.000011>
1712  20:11:41.048110 rt_sigaction(SIGRT_4, {sa_handler=SIG_DFL, sa_mask=[], sa_flags=0}, NULL, 8) = 0 <0.000012>
1712  20:11:41.048167 rt_sigaction(SIGRT_5, NULL, {sa_handler=SIG_DFL, sa_mask=[], sa_flags=0}, 8) = 0 <0.000011>
1712  20:11:41.048224 rt_sigaction(SIGRT_5, {sa_handler=SIG_DFL, sa_mask=[], sa_flags=0}, NULL, 8) = 0 <0.000011>
1712  20:11:41.048280 rt_sigaction(SIGRT_6, NULL, {sa_handler=SIG_DFL, sa_mask=[], sa_flags=0}, 8) = 0 <0.000011>
1712  20:11:41.048339 rt_sigaction(SIGRT_6, {sa_handler=SIG_DFL, sa_mask=[], sa_flags=0}, NULL, 8) = 0 <0.000011>
1712  20:11:41.048395 rt_sigaction(SIGRT_7, NULL, {sa_handler=SIG_DFL, sa_mask=[], sa_flags=0}, 8) = 0 <0.000011>
1712  20:11:41.048454 rt_sigaction(SIGRT_7, {sa_handler=SIG_DFL, sa_mask=[], sa_flags=0}, NULL, 8) = 0 <0.000011>
1712  20:11:41.048511 rt_sigaction(SIGRT_8, NULL, {sa_handler=SIG_DFL, sa_mask=[], sa_flags=0}, 8) = 0 <0.000011>
1712  20:11:41.048568 rt_sigaction(SIGRT_8, {sa_handler=SIG_DFL, sa_mask=[], sa_flags=0}, NULL, 8) = 0 <0.000011>
1712  20:11:41.048624 rt_sigaction(SIGRT_9, NULL, {sa_handler=SIG_DFL, sa_mask=[], sa_flags=0}, 8) = 0 <0.000011>
1712  20:11:41.048682 rt_sigaction(SIGRT_9, {sa_handler=SIG_DFL, sa_mask=[], sa_flags=0}, NULL, 8) = 0 <0.000011>
1712  20:11:41.048738 rt_sigaction(SIGRT_10, NULL, {sa_handler=SIG_DFL, sa_mask=[], sa_flags=0}, 8) = 0 <0.000011>
1712  20:11:41.048795 rt_sigaction(SIGRT_10, {sa_handler=SIG_DFL, sa_mask=[], sa_flags=0}, NULL, 8) = 0 <0.000011>
1712  20:11:41.048852 rt_sigaction(SIGRT_11, NULL, {sa_handler=SIG_DFL, sa_mask=[], sa_flags=0}, 8) = 0 <0.000011>
1712  20:11:41.048910 rt_sigaction(SIGRT_11, {sa_handler=SIG_DFL, sa_mask=[], sa_flags=0}, NULL, 8) = 0 <0.000011>
1712  20:11:41.048966 rt_sigaction(SIGRT_12, NULL, {sa_handler=SIG_DFL, sa_mask=[], sa_flags=0}, 8) = 0 <0.000012>
1712  20:11:41.049034 rt_sigaction(SIGRT_12, {sa_handler=SIG_DFL, sa_mask=[], sa_flags=0}, NULL, 8) = 0 <0.000011>
1712  20:11:41.049092 rt_sigaction(SIGRT_13, NULL, {sa_handler=SIG_DFL, sa_mask=[], sa_flags=0}, 8) = 0 <0.000011>
1712  20:11:41.049149 rt_sigaction(SIGRT_13, {sa_handler=SIG_DFL, sa_mask=[], sa_flags=0}, NULL, 8) = 0 <0.000010>
1712  20:11:41.049204 rt_sigaction(SIGRT_14, NULL, {sa_handler=SIG_DFL, sa_mask=[], sa_flags=0}, 8) = 0 <0.000011>
1712  20:11:41.049262 rt_sigaction(SIGRT_14, {sa_handler=SIG_DFL, sa_mask=[], sa_flags=0}, NULL, 8) = 0 <0.000011>
1712  20:11:41.049318 rt_sigaction(SIGRT_15, NULL, {sa_handler=SIG_DFL, sa_mask=[], sa_flags=0}, 8) = 0 <0.000011>
1712  20:11:41.049376 rt_sigaction(SIGRT_15, {sa_handler=SIG_DFL, sa_mask=[], sa_flags=0}, NULL, 8) = 0 <0.000011>
1712  20:11:41.049432 rt_sigaction(SIGRT_16, NULL, {sa_handler=SIG_DFL, sa_mask=[], sa_flags=0}, 8) = 0 <0.000011>
1712  20:11:41.049489 rt_sigaction(SIGRT_16, {sa_handler=SIG_DFL, sa_mask=[], sa_flags=0}, NULL, 8) = 0 <0.000011>
1712  20:11:41.049545 rt_sigaction(SIGRT_17, NULL, {sa_handler=SIG_DFL, sa_mask=[], sa_flags=0}, 8) = 0 <0.000011>
1712  20:11:41.049602 rt_sigaction(SIGRT_17, {sa_handler=SIG_DFL, sa_mask=[], sa_flags=0}, NULL, 8) = 0 <0.000011>
1712  20:11:41.049658 rt_sigaction(SIGRT_18, NULL, {sa_handler=SIG_DFL, sa_mask=[], sa_flags=0}, 8) = 0 <0.000011>
1712  20:11:41.049715 rt_sigaction(SIGRT_18, {sa_handler=SIG_DFL, sa_mask=[], sa_flags=0}, NULL, 8) = 0 <0.000011>
1712  20:11:41.049773 rt_sigaction(SIGRT_19, NULL, {sa_handler=SIG_DFL, sa_mask=[], sa_flags=0}, 8) = 0 <0.000011>
1712  20:11:41.049830 rt_sigaction(SIGRT_19, {sa_handler=SIG_DFL, sa_mask=[], sa_flags=0}, NULL, 8) = 0 <0.000011>
1712  20:11:41.049886 rt_sigaction(SIGRT_20, NULL, {sa_handler=SIG_DFL, sa_mask=[], sa_flags=0}, 8) = 0 <0.000012>
1712  20:11:41.049944 rt_sigaction(SIGRT_20, {sa_handler=SIG_DFL, sa_mask=[], sa_flags=0}, NULL, 8) = 0 <0.000011>
1712  20:11:41.050001 rt_sigaction(SIGRT_21, NULL, {sa_handler=SIG_DFL, sa_mask=[], sa_flags=0}, 8) = 0 <0.000011>
1712  20:11:41.050058 rt_sigaction(SIGRT_21, {sa_handler=SIG_DFL, sa_mask=[], sa_flags=0}, NULL, 8) = 0 <0.000026>
1712  20:11:41.050138 rt_sigaction(SIGRT_22, NULL, {sa_handler=SIG_DFL, sa_mask=[], sa_flags=0}, 8) = 0 <0.000013>
1712  20:11:41.050201 rt_sigaction(SIGRT_22, {sa_handler=SIG_DFL, sa_mask=[], sa_flags=0}, NULL, 8) = 0 <0.000012>
1712  20:11:41.050260 rt_sigaction(SIGRT_23, NULL, {sa_handler=SIG_DFL, sa_mask=[], sa_flags=0}, 8) = 0 <0.000025>
1712  20:11:41.050335 rt_sigaction(SIGRT_23, {sa_handler=SIG_DFL, sa_mask=[], sa_flags=0}, NULL, 8) = 0 <0.000012>
1712  20:11:41.050394 rt_sigaction(SIGRT_24, NULL, {sa_handler=SIG_DFL, sa_mask=[], sa_flags=0}, 8) = 0 <0.000012>
1712  20:11:41.050452 rt_sigaction(SIGRT_24, {sa_handler=SIG_DFL, sa_mask=[], sa_flags=0}, NULL, 8) = 0 <0.000011>
1712  20:11:41.050510 rt_sigaction(SIGRT_25, NULL, {sa_handler=SIG_DFL, sa_mask=[], sa_flags=0}, 8) = 0 <0.000011>
1712  20:11:41.050567 rt_sigaction(SIGRT_25, {sa_handler=SIG_DFL, sa_mask=[], sa_flags=0}, NULL, 8) = 0 <0.000011>
1712  20:11:41.050624 rt_sigaction(SIGRT_26, NULL, {sa_handler=SIG_DFL, sa_mask=[], sa_flags=0}, 8) = 0 <0.000011>
1712  20:11:41.050681 rt_sigaction(SIGRT_26, {sa_handler=SIG_DFL, sa_mask=[], sa_flags=0}, NULL, 8) = 0 <0.000011>
1712  20:11:41.050736 rt_sigaction(SIGRT_27, NULL, {sa_handler=SIG_DFL, sa_mask=[], sa_flags=0}, 8) = 0 <0.000012>
1712  20:11:41.050793 rt_sigaction(SIGRT_27, {sa_handler=SIG_DFL, sa_mask=[], sa_flags=0}, NULL, 8) = 0 <0.000011>
1712  20:11:41.050850 rt_sigaction(SIGRT_28, NULL, {sa_handler=SIG_DFL, sa_mask=[], sa_flags=0}, 8) = 0 <0.000011>
1712  20:11:41.050907 rt_sigaction(SIGRT_28, {sa_handler=SIG_DFL, sa_mask=[], sa_flags=0}, NULL, 8) = 0 <0.000011>
1712  20:11:41.050963 rt_sigaction(SIGRT_29, NULL, {sa_handler=SIG_DFL, sa_mask=[], sa_flags=0}, 8) = 0 <0.000011>
1712  20:11:41.051020 rt_sigaction(SIGRT_29, {sa_handler=SIG_DFL, sa_mask=[], sa_flags=0}, NULL, 8) = 0 <0.000011>
1712  20:11:41.051093 rt_sigaction(SIGRT_30, NULL, {sa_handler=SIG_DFL, sa_mask=[], sa_flags=0}, 8) = 0 <0.000011>
1712  20:11:41.051151 rt_sigaction(SIGRT_30, {sa_handler=SIG_DFL, sa_mask=[], sa_flags=0}, NULL, 8) = 0 <0.000011>
1712  20:11:41.051207 rt_sigaction(SIGRT_31, NULL, {sa_handler=SIG_DFL, sa_mask=[], sa_flags=0}, 8) = 0 <0.000012>
1712  20:11:41.051265 rt_sigaction(SIGRT_31, {sa_handler=SIG_DFL, sa_mask=[], sa_flags=0}, NULL, 8) = 0 <0.000011>
1712  20:11:41.051322 rt_sigaction(SIGRT_32, NULL, {sa_handler=SIG_DFL, sa_mask=[], sa_flags=0}, 8) = 0 <0.000011>
1712  20:11:41.051378 rt_sigaction(SIGRT_32, {sa_handler=SIG_DFL, sa_mask=[], sa_flags=0}, NULL, 8) = 0 <0.000011>
1712  20:11:41.051436 dup3(4, 1, 0)     = 1 <0.000014>
1712  20:11:41.051491 rt_sigprocmask(SIG_SETMASK, [], NULL, 8) = 0 <0.000012>
1712  20:11:41.051548 execve("/bin/sh", ["sh", "-c", "ls /home/root/edgeai-tidl-tools/model-artifacts/cl-tfl-mobilenet_v1_1.0_224//*net.bin | head -1"], 0xffffe30f0d48 /* 32 vars */ <unfinished ...>
1711  20:11:41.051721 <... clone resumed>) = 1712 <0.007610>
1711  20:11:41.051764 munmap(0xffff84820000, 36864) = 0 <0.000046>
1711  20:11:41.051866 rt_sigprocmask(SIG_SETMASK, [], NULL, 8) = 0 <0.000021>
1712  20:11:41.051935 <... execve resumed>) = 0 <0.000336>
1711  20:11:41.051961 close(4 <unfinished ...>
1712  20:11:41.052052 brk(NULL <unfinished ...>
1711  20:11:41.052073 <... close resumed>) = 0 <0.000092>
1712  20:11:41.052097 <... brk resumed>) = 0x3e34b000 <0.000027>
1711  20:11:41.052120 fcntl(3, F_SETFD, 0 <unfinished ...>
1712  20:11:41.052171 mmap(NULL, 8192, PROT_READ|PROT_WRITE, MAP_PRIVATE|MAP_ANONYMOUS, -1, 0 <unfinished ...>
1711  20:11:41.052196 <... fcntl resumed>) = 0 <0.000055>
1712  20:11:41.052219 <... mmap resumed>) = 0xffffa4817000 <0.000026>
1711  20:11:41.052247 newfstatat(3, "",  <unfinished ...>
1712  20:11:41.052290 faccessat(AT_FDCWD, "/etc/ld.so.preload", R_OK <unfinished ...>
1711  20:11:41.052325 <... newfstatat resumed>{st_mode=S_IFIFO|0600, st_size=0, ...}, AT_EMPTY_PATH) = 0 <0.000041>
1712  20:11:41.052362 <... faccessat resumed>) = -1 ENOENT (No such file or directory) <0.000042>
1711  20:11:41.052392 read(3,  <unfinished ...>
1712  20:11:41.052419 openat(AT_FDCWD, "/etc/ld.so.cache", O_RDONLY|O_CLOEXEC) = 3 <0.000021>
1712  20:11:41.052493 newfstatat(3, "", {st_mode=S_IFREG|0644, st_size=41887, ...}, AT_EMPTY_PATH) = 0 <0.000015>
1712  20:11:41.052562 mmap(NULL, 41887, PROT_READ, MAP_PRIVATE, 3, 0) = 0xffffa47d8000 <0.000023>
1712  20:11:41.052627 close(3)          = 0 <0.000011>
1712  20:11:41.052690 openat(AT_FDCWD, "/lib/libtinfo.so.5", O_RDONLY|O_CLOEXEC) = 3 <0.000020>
1712  20:11:41.052758 read(3, "\177ELF\2\1\1\0\0\0\0\0\0\0\0\0\3\0\267\0\1\0\0\0\0\0\0\0\0\0\0\0@\0\0\0\0\0\0\0\230\351\2\0\0\0\0\0\0\0\0\0@\08\0\t\0@\0\33\0\32\0\1\0\0\0\5\0\0\0\0\0\0\0\0\0\0\0\0\0\0\0\0\0\0\0\0\0\0\0\0\0\0\0 \237\2\0\0\0\0\0 \237\2\0\0\0\0\0\0\0\1\0\0\0\0\0\1\0\0\0\6\0\0\0\260\255\2\0\0\0\0\0\260\255\3\0\0\0\0\0\260\255\3\0\0\0\0\0\320:\0\0\0\0\0\0\270@\0\0\0\0\0\0\0\0\1\0\0\0\0\0\2\0\0\0\6\0\0\0\0\335\2\0\0\0\0\0\0\335\3\0\0\0\0\0"..., 832) = 832 <0.000015>
1712  20:11:41.052823 newfstatat(3, "", {st_mode=S_IFREG|0755, st_size=192600, ...}, AT_EMPTY_PATH) = 0 <0.000014>
1712  20:11:41.052891 mmap(NULL, 323176, PROT_NONE, MAP_PRIVATE|MAP_ANONYMOUS, -1, 0) = 0xffffa4789000 <0.000022>
1712  20:11:41.052955 mmap(0xffffa4790000, 257640, PROT_READ|PROT_EXEC, MAP_PRIVATE|MAP_FIXED|MAP_DENYWRITE, 3, 0) = 0xffffa4790000 <0.000040>
1712  20:11:41.053036 munmap(0xffffa4789000, 28672) = 0 <0.000017>
1712  20:11:41.053092 munmap(0xffffa47cf000, 36456) = 0 <0.000016>
1712  20:11:41.053147 mprotect(0xffffa47ba000, 65536, PROT_NONE) = 0 <0.000023>
1712  20:11:41.053209 mmap(0xffffa47ca000, 20480, PROT_READ|PROT_WRITE, MAP_PRIVATE|MAP_FIXED|MAP_DENYWRITE, 3, 0x2a000) = 0xffffa47ca000 <0.000022>
1712  20:11:41.053309 close(3)          = 0 <0.000013>
1712  20:11:41.053370 openat(AT_FDCWD, "/lib/libc.so.6", O_RDONLY|O_CLOEXEC) = 3 <0.000018>
1712  20:11:41.053439 read(3, "\177ELF\2\1\1\3\0\0\0\0\0\0\0\0\3\0\267\0\1\0\0\0@\264\2\0\0\0\0\0@\0\0\0\0\0\0\0H\317\30\0\0\0\0\0\0\0\0\0@\08\0\f\0@\0A\0@\0\6\0\0\0\4\0\0\0@\0\0\0\0\0\0\0@\0\0\0\0\0\0\0@\0\0\0\0\0\0\0\240\2\0\0\0\0\0\0\240\2\0\0\0\0\0\0\10\0\0\0\0\0\0\0\3\0\0\0\4\0\0\0PM\25\0\0\0\0\0PM\25\0\0\0\0\0PM\25\0\0\0\0\0\33\0\0\0\0\0\0\0\33\0\0\0\0\0\0\0\10\0\0\0\0\0\0\0\1\0\0\0\5\0\0\0\0\0\0\0\0\0\0\0\0\0\0\0\0\0\0\0"..., 832) = 832 <0.000015>
1712  20:11:41.053523 pread64(3, "\4\0\0\0\24\0\0\0\3\0\0\0GNU\0\343\375\0\277\32]\302\374\225&y\36']\345F\323\221\261{\4\0\0\0\20\0\0\0\1\0\0\0GNU\0\0\0\0\0\3\0\0\0\16\0\0\0\0\0\0\0", 68, 768) = 68 <0.000013>
1712  20:11:41.053583 newfstatat(3, "", {st_mode=S_IFREG|0755, st_size=1630088, ...}, AT_EMPTY_PATH) = 0 <0.000015>
1712  20:11:41.053653 mmap(NULL, 1805328, PROT_NONE, MAP_PRIVATE|MAP_ANONYMOUS, -1, 0) = 0xffffa45d7000 <0.000020>
1712  20:11:41.053713 mmap(0xffffa45e0000, 1739792, PROT_READ|PROT_EXEC, MAP_PRIVATE|MAP_FIXED|MAP_DENYWRITE, 3, 0) = 0xffffa45e0000 <0.000037>
1712  20:11:41.053792 munmap(0xffffa45d7000, 36864) = 0 <0.000017>
1712  20:11:41.053849 munmap(0xffffa4789000, 27664) = 0 <0.000016>
1712  20:11:41.053904 mprotect(0xffffa4767000, 65536, PROT_NONE) = 0 <0.000026>
1712  20:11:41.053970 mmap(0xffffa4777000, 24576, PROT_READ|PROT_WRITE, MAP_PRIVATE|MAP_FIXED|MAP_DENYWRITE, 3, 0x187000) = 0xffffa4777000 <0.000031>
1712  20:11:41.054058 mmap(0xffffa477d000, 48144, PROT_READ|PROT_WRITE, MAP_PRIVATE|MAP_FIXED|MAP_ANONYMOUS, -1, 0) = 0xffffa477d000 <0.000071>
1712  20:11:41.054204 close(3)          = 0 <0.000013>
1712  20:11:41.054282 mmap(NULL, 8192, PROT_READ|PROT_WRITE, MAP_PRIVATE|MAP_ANONYMOUS, -1, 0) = 0xffffa4815000 <0.000019>
1712  20:11:41.054347 set_tid_address(0xffffa48150f0) = 1712 <0.000012>
1712  20:11:41.054398 set_robust_list(0xffffa4815100, 24) = 0 <0.000012>
1712  20:11:41.054448 rseq(0xffffa48157c0, 0x20, 0, 0xd428bc00) = 0 <0.000011>
1712  20:11:41.054642 mprotect(0xffffa4777000, 12288, PROT_READ) = 0 <0.000024>
1712  20:11:41.054774 mprotect(0xffffa47ca000, 16384, PROT_READ) = 0 <0.000022>
1712  20:11:41.054859 mprotect(0x522000, 4096, PROT_READ) = 0 <0.000020>
1712  20:11:41.054936 mprotect(0xffffa481c000, 8192, PROT_READ) = 0 <0.000022>
1712  20:11:41.055030 prlimit64(0, RLIMIT_STACK, NULL, {rlim_cur=8192*1024, rlim_max=RLIM64_INFINITY}) = 0 <0.000013>
1712  20:11:41.055112 munmap(0xffffa47d8000, 41887) = 0 <0.000038>
1712  20:11:41.055236 openat(AT_FDCWD, "/dev/tty", O_RDWR|O_NONBLOCK) = 3 <0.000032>
1712  20:11:41.055339 close(3)          = 0 <0.000016>
1712  20:11:41.055438 getrandom("\x76\x7a\x94\x90\xe9\x44\x97\x8e", 8, GRND_NONBLOCK) = 8 <0.000015>
1712  20:11:41.055505 brk(NULL)         = 0x3e34b000 <0.000012>
1712  20:11:41.055557 brk(0x3e36c000)   = 0x3e36c000 <0.000024>
1712  20:11:41.055654 getuid()          = 0 <0.000013>
1712  20:11:41.055706 getgid()          = 0 <0.000012>
1712  20:11:41.055758 geteuid()         = 0 <0.000011>
1712  20:11:41.055809 getegid()         = 0 <0.000011>
1712  20:11:41.055930 ioctl(-1, TIOCGPGRP, 0xffffeaa5448c) = -1 EBADF (Bad file descriptor) <0.000013>
1712  20:11:41.056028 sysinfo({uptime=263, loads=[6976, 37920, 21120], totalram=2275356672, freeram=1875210240, sharedram=10067968, bufferram=11972608, totalswap=0, freeswap=0, procs=166, totalhigh=0, freehigh=0, mem_unit=1}) = 0 <0.000019>
1712  20:11:41.056190 rt_sigaction(SIGCHLD, {sa_handler=SIG_DFL, sa_mask=[], sa_flags=SA_RESTART}, {sa_handler=SIG_DFL, sa_mask=[], sa_flags=0}, 8) = 0 <0.000014>
1712  20:11:41.056261 rt_sigaction(SIGCHLD, {sa_handler=SIG_DFL, sa_mask=[], sa_flags=SA_RESTART}, {sa_handler=SIG_DFL, sa_mask=[], sa_flags=SA_RESTART}, 8) = 0 <0.000011>
1712  20:11:41.056323 rt_sigaction(SIGINT, {sa_handler=SIG_DFL, sa_mask=[], sa_flags=0}, {sa_handler=SIG_DFL, sa_mask=[], sa_flags=0}, 8) = 0 <0.000011>
1712  20:11:41.056385 rt_sigaction(SIGINT, {sa_handler=SIG_DFL, sa_mask=[], sa_flags=0}, {sa_handler=SIG_DFL, sa_mask=[], sa_flags=0}, 8) = 0 <0.000011>
1712  20:11:41.056446 rt_sigaction(SIGQUIT, {sa_handler=SIG_DFL, sa_mask=[], sa_flags=0}, {sa_handler=SIG_DFL, sa_mask=[], sa_flags=0}, 8) = 0 <0.000011>
1712  20:11:41.056530 rt_sigaction(SIGQUIT, {sa_handler=SIG_DFL, sa_mask=[], sa_flags=0}, {sa_handler=SIG_DFL, sa_mask=[], sa_flags=0}, 8) = 0 <0.000011>
1712  20:11:41.056594 rt_sigaction(SIGTSTP, {sa_handler=SIG_DFL, sa_mask=[], sa_flags=0}, {sa_handler=SIG_DFL, sa_mask=[], sa_flags=0}, 8) = 0 <0.000011>
1712  20:11:41.056657 rt_sigaction(SIGTSTP, {sa_handler=SIG_DFL, sa_mask=[], sa_flags=0}, {sa_handler=SIG_DFL, sa_mask=[], sa_flags=0}, 8) = 0 <0.000011>
1712  20:11:41.056719 rt_sigaction(SIGTTIN, {sa_handler=SIG_DFL, sa_mask=[], sa_flags=0}, {sa_handler=SIG_DFL, sa_mask=[], sa_flags=0}, 8) = 0 <0.000011>
1712  20:11:41.056781 rt_sigaction(SIGTTIN, {sa_handler=SIG_DFL, sa_mask=[], sa_flags=0}, {sa_handler=SIG_DFL, sa_mask=[], sa_flags=0}, 8) = 0 <0.000011>
1712  20:11:41.056844 rt_sigaction(SIGTTOU, {sa_handler=SIG_DFL, sa_mask=[], sa_flags=0}, {sa_handler=SIG_DFL, sa_mask=[], sa_flags=0}, 8) = 0 <0.000011>
1712  20:11:41.056906 rt_sigaction(SIGTTOU, {sa_handler=SIG_DFL, sa_mask=[], sa_flags=0}, {sa_handler=SIG_DFL, sa_mask=[], sa_flags=0}, 8) = 0 <0.000011>
1712  20:11:41.056970 rt_sigprocmask(SIG_BLOCK, NULL, [], 8) = 0 <0.000012>
1712  20:11:41.057029 rt_sigaction(SIGQUIT, {sa_handler=SIG_IGN, sa_mask=[], sa_flags=0}, {sa_handler=SIG_DFL, sa_mask=[], sa_flags=0}, 8) = 0 <0.000012>
1712  20:11:41.057094 uname({sysname="Linux", nodename="tda4vm-sk", ...}) = 0 <0.000013>
1712  20:11:41.057218 newfstatat(AT_FDCWD, "/home/sri/edgeai-tidl-tools", {st_mode=S_IFDIR|S_ISGID|0755, st_size=4096, ...}, 0) = 0 <0.000023>
1712  20:11:41.057299 newfstatat(AT_FDCWD, ".", {st_mode=S_IFDIR|S_ISGID|0755, st_size=4096, ...}, 0) = 0 <0.000014>
1712  20:11:41.057374 newfstatat(AT_FDCWD, "/home", {st_mode=S_IFDIR|0755, st_size=4096, ...}, 0) = 0 <0.000014>
1712  20:11:41.057442 newfstatat(AT_FDCWD, "/home/sri", {st_mode=S_IFDIR|S_ISGID|0755, st_size=4096, ...}, 0) = 0 <0.000014>
1712  20:11:41.057509 newfstatat(AT_FDCWD, "/home/sri/edgeai-tidl-tools", {st_mode=S_IFDIR|S_ISGID|0755, st_size=4096, ...}, 0) = 0 <0.000014>
1712  20:11:41.057579 newfstatat(AT_FDCWD, "/home/sri/edgeai-tidl-tools/examples", {st_mode=S_IFDIR|S_ISGID|0755, st_size=4096, ...}, 0) = 0 <0.000015>
1712  20:11:41.057648 getpid()          = 1712 <0.000012>
1712  20:11:41.057713 getppid()         = 1711 <0.000012>
1712  20:11:41.057776 newfstatat(AT_FDCWD, ".", {st_mode=S_IFDIR|S_ISGID|0755, st_size=4096, ...}, 0) = 0 <0.000015>
1712  20:11:41.057848 newfstatat(AT_FDCWD, "/usr/local/bin/sh", 0xffffeaa540f0, 0) = -1 ENOENT (No such file or directory) <0.000015>
1712  20:11:41.057913 newfstatat(AT_FDCWD, "/usr/bin/sh", 0xffffeaa540f0, 0) = -1 ENOENT (No such file or directory) <0.000014>
1712  20:11:41.057976 newfstatat(AT_FDCWD, "/bin/sh", {st_mode=S_IFREG|0755, st_size=1163112, ...}, 0) = 0 <0.000017>
1712  20:11:41.058048 newfstatat(AT_FDCWD, "/bin/sh", {st_mode=S_IFREG|0755, st_size=1163112, ...}, 0) = 0 <0.000014>
1712  20:11:41.058141 geteuid()         = 0 <0.000011>
1712  20:11:41.058193 getegid()         = 0 <0.000012>
1712  20:11:41.058243 getuid()          = 0 <0.000011>
1712  20:11:41.058292 getgid()          = 0 <0.000011>
1712  20:11:41.058340 faccessat(AT_FDCWD, "/bin/sh", X_OK) = 0 <0.000021>
1712  20:11:41.058408 newfstatat(AT_FDCWD, "/bin/sh", {st_mode=S_IFREG|0755, st_size=1163112, ...}, 0) = 0 <0.000014>
1712  20:11:41.058474 geteuid()         = 0 <0.000011>
1712  20:11:41.058523 getegid()         = 0 <0.000011>
1712  20:11:41.058574 getuid()          = 0 <0.000011>
1712  20:11:41.058623 getgid()          = 0 <0.000011>
1712  20:11:41.058672 faccessat(AT_FDCWD, "/bin/sh", R_OK) = 0 <0.000015>
1712  20:11:41.058732 newfstatat(AT_FDCWD, "/bin/sh", {st_mode=S_IFREG|0755, st_size=1163112, ...}, 0) = 0 <0.000014>
1712  20:11:41.058798 newfstatat(AT_FDCWD, "/bin/sh", {st_mode=S_IFREG|0755, st_size=1163112, ...}, 0) = 0 <0.000014>
1712  20:11:41.058863 geteuid()         = 0 <0.000011>
1712  20:11:41.058912 getegid()         = 0 <0.000011>
1712  20:11:41.058963 getuid()          = 0 <0.000011>
1712  20:11:41.059012 getgid()          = 0 <0.000011>
1712  20:11:41.059077 faccessat(AT_FDCWD, "/bin/sh", X_OK) = 0 <0.000015>
1712  20:11:41.059139 newfstatat(AT_FDCWD, "/bin/sh", {st_mode=S_IFREG|0755, st_size=1163112, ...}, 0) = 0 <0.000014>
1712  20:11:41.059204 geteuid()         = 0 <0.000011>
1712  20:11:41.059254 getegid()         = 0 <0.000011>
1712  20:11:41.059302 getuid()          = 0 <0.000011>
1712  20:11:41.059351 getgid()          = 0 <0.000011>
1712  20:11:41.059401 faccessat(AT_FDCWD, "/bin/sh", R_OK) = 0 <0.000015>
1712  20:11:41.059477 getpid()          = 1712 <0.000012>
1712  20:11:41.059527 getppid()         = 1711 <0.000011>
1712  20:11:41.059592 getpid()          = 1712 <0.000011>
1712  20:11:41.059642 getppid()         = 1711 <0.000011>
1712  20:11:41.059740 getpgid(0)        = 1708 <0.000013>
1712  20:11:41.059795 ioctl(2, TIOCGPGRP, [1708]) = 0 <0.000015>
1712  20:11:41.059859 rt_sigaction(SIGCHLD, {sa_handler=0x44cb50, sa_mask=[], sa_flags=SA_RESTART}, {sa_handler=SIG_DFL, sa_mask=[], sa_flags=SA_RESTART}, 8) = 0 <0.000013>
1712  20:11:41.059928 prlimit64(0, RLIMIT_NPROC, NULL, {rlim_cur=6624, rlim_max=6624}) = 0 <0.000012>
1712  20:11:41.060094 rt_sigprocmask(SIG_BLOCK, NULL, [], 8) = 0 <0.000013>
1712  20:11:41.060194 rt_sigprocmask(SIG_BLOCK, [CHLD], [], 8) = 0 <0.000014>
1712  20:11:41.060260 pipe2([3, 4], 0)  = 0 <0.000031>
1712  20:11:41.060367 rt_sigprocmask(SIG_BLOCK, NULL, [CHLD], 8) = 0 <0.000012>
1712  20:11:41.060426 rt_sigprocmask(SIG_BLOCK, [INT TERM CHLD], [CHLD], 8) = 0 <0.000012>
1712  20:11:41.060491 clone(child_stack=NULL, flags=CLONE_CHILD_CLEARTID|CLONE_CHILD_SETTID|SIGCHLD, child_tidptr=0xffffa48150f0) = 1713 <0.000207>
1713  20:11:41.060794 set_robust_list(0xffffa4815100, 24 <unfinished ...>
1712  20:11:41.060826 rt_sigprocmask(SIG_SETMASK, [CHLD],  <unfinished ...>
1713  20:11:41.060858 <... set_robust_list resumed>) = 0 <0.000038>
1712  20:11:41.060881 <... rt_sigprocmask resumed>NULL, 8) = 0 <0.000028>
1713  20:11:41.060959 getpid( <unfinished ...>
1712  20:11:41.060980 close(4 <unfinished ...>
1713  20:11:41.061012 <... getpid resumed>) = 1713 <0.000035>
1712  20:11:41.061361 <... close resumed>) = 0 <0.000355>
1713  20:11:41.061412 rt_sigprocmask(SIG_SETMASK, [],  <unfinished ...>
1712  20:11:41.061453 close(4 <unfinished ...>
1713  20:11:41.061476 <... rt_sigprocmask resumed>NULL, 8) = 0 <0.000030>
1712  20:11:41.061499 <... close resumed>) = -1 EBADF (Bad file descriptor) <0.000027>
1713  20:11:41.061526 rt_sigaction(SIGTSTP, {sa_handler=SIG_DFL, sa_mask=[], sa_flags=0}, {sa_handler=SIG_DFL, sa_mask=[], sa_flags=0}, 8) = 0 <0.000019>
1712  20:11:41.061597 rt_sigprocmask(SIG_BLOCK, NULL,  <unfinished ...>
1713  20:11:41.061619 rt_sigaction(SIGTTIN, {sa_handler=SIG_DFL, sa_mask=[], sa_flags=0},  <unfinished ...>
1712  20:11:41.061648 <... rt_sigprocmask resumed>[CHLD], 8) = 0 <0.000032>
1713  20:11:41.061679 <... rt_sigaction resumed>{sa_handler=SIG_DFL, sa_mask=[], sa_flags=0}, 8) = 0 <0.000037>
1712  20:11:41.061709 rt_sigprocmask(SIG_BLOCK, [INT TERM CHLD],  <unfinished ...>
1713  20:11:41.061736 rt_sigaction(SIGTTOU, {sa_handler=SIG_DFL, sa_mask=[], sa_flags=0},  <unfinished ...>
1712  20:11:41.061762 <... rt_sigprocmask resumed>[CHLD], 8) = 0 <0.000031>
1713  20:11:41.061791 <... rt_sigaction resumed>{sa_handler=SIG_DFL, sa_mask=[], sa_flags=0}, 8) = 0 <0.000032>
1712  20:11:41.061820 clone(child_stack=NULL, flags=CLONE_CHILD_CLEARTID|CLONE_CHILD_SETTID|SIGCHLD <unfinished ...>
1713  20:11:41.061844 close(3)          = 0 <0.000161>
1712  20:11:41.062043 <... clone resumed>, child_tidptr=0xffffa48150f0) = 1714 <0.000204>
1713  20:11:41.062221 dup3(4, 1, 0 <unfinished ...>
1712  20:11:41.062253 rt_sigprocmask(SIG_SETMASK, [CHLD],  <unfinished ...>
1713  20:11:41.062290 <... dup3 resumed>) = 1 <0.000041>
1712  20:11:41.062314 <... rt_sigprocmask resumed>NULL, 8) = 0 <0.000029>
1713  20:11:41.062337 close(4 <unfinished ...>
1712  20:11:41.062358 close(3 <unfinished ...>
1713  20:11:41.062379 <... close resumed>) = 0 <0.000025>
1712  20:11:41.062401 <... close resumed>) = 0 <0.000026>
1714  20:11:41.062472 set_robust_list(0xffffa4815100, 24 <unfinished ...>
1713  20:11:41.062524 openat(AT_FDCWD, "/home/root/edgeai-tidl-tools/model-artifacts/cl-tfl-mobilenet_v1_1.0_224//", O_RDONLY|O_NONBLOCK|O_CLOEXEC|O_DIRECTORY <unfinished ...>
1712  20:11:41.062564 rt_sigprocmask(SIG_BLOCK, [CHLD],  <unfinished ...>
1714  20:11:41.062610 <... set_robust_list resumed>) = 0 <0.000094>
1712  20:11:41.062738 <... rt_sigprocmask resumed>[CHLD], 8) = 0 <0.000144>
1714  20:11:41.062789 getpid( <unfinished ...>
1712  20:11:41.062818 rt_sigprocmask(SIG_SETMASK, [CHLD],  <unfinished ...>
1714  20:11:41.062857 <... getpid resumed>) = 1714 <0.000048>
1712  20:11:41.062880 <... rt_sigprocmask resumed>NULL, 8) = 0 <0.000038>
1714  20:11:41.062929 rt_sigprocmask(SIG_SETMASK, [],  <unfinished ...>
1712  20:11:41.062956 rt_sigprocmask(SIG_BLOCK, [CHLD],  <unfinished ...>
1714  20:11:41.062983 <... rt_sigprocmask resumed>NULL, 8) = 0 <0.000029>
1712  20:11:41.063006 <... rt_sigprocmask resumed>[CHLD], 8) = 0 <0.000029>
1714  20:11:41.063034 rt_sigaction(SIGTSTP, {sa_handler=SIG_DFL, sa_mask=[], sa_flags=0},  <unfinished ...>
1712  20:11:41.063064 rt_sigaction(SIGINT, {sa_handler=0x44a140, sa_mask=[], sa_flags=0},  <unfinished ...>
1714  20:11:41.063092 <... rt_sigaction resumed>{sa_handler=SIG_DFL, sa_mask=[], sa_flags=0}, 8) = 0 <0.000033>
1712  20:11:41.063121 <... rt_sigaction resumed>{sa_handler=SIG_DFL, sa_mask=[], sa_flags=0}, 8) = 0 <0.000034>
1714  20:11:41.063150 rt_sigaction(SIGTTIN, {sa_handler=SIG_DFL, sa_mask=[], sa_flags=0},  <unfinished ...>
1712  20:11:41.063178 wait4(-1,  <unfinished ...>
1714  20:11:41.063203 <... rt_sigaction resumed>{sa_handler=SIG_DFL, sa_mask=[], sa_flags=0}, 8) = 0 <0.000029>
1714  20:11:41.063241 rt_sigaction(SIGTTOU, {sa_handler=SIG_DFL, sa_mask=[], sa_flags=0}, {sa_handler=SIG_DFL, sa_mask=[], sa_flags=0}, 8) = 0 <0.000012>
1714  20:11:41.063375 dup3(3, 0, 0)     = 0 <0.000014>
1714  20:11:41.063430 close(3)          = 0 <0.000012>
1714  20:11:41.063592 newfstatat(AT_FDCWD, ".", {st_mode=S_IFDIR|S_ISGID|0755, st_size=4096, ...}, 0) = 0 <0.000021>
1714  20:11:41.063682 newfstatat(AT_FDCWD, "/usr/local/bin/head", 0xffffeaa53c50, 0) = -1 ENOENT (No such file or directory) <0.000014>
1714  20:11:41.063750 newfstatat(AT_FDCWD, "/usr/bin/head", {st_mode=S_IFREG|0755, st_size=47736, ...}, 0) = 0 <0.000019>
1714  20:11:41.063823 newfstatat(AT_FDCWD, "/usr/bin/head", {st_mode=S_IFREG|0755, st_size=47736, ...}, 0) = 0 <0.000014>
1714  20:11:41.063888 geteuid()         = 0 <0.000011>
1714  20:11:41.063938 getegid()         = 0 <0.000011>
1714  20:11:41.063987 getuid()          = 0 <0.000011>
1714  20:11:41.064037 getgid()          = 0 <0.000011>
1714  20:11:41.064086 faccessat(AT_FDCWD, "/usr/bin/head", X_OK) = 0 <0.000020>
1714  20:11:41.064151 newfstatat(AT_FDCWD, "/usr/bin/head", {st_mode=S_IFREG|0755, st_size=47736, ...}, 0) = 0 <0.000015>
1714  20:11:41.064218 geteuid()         = 0 <0.000011>
1714  20:11:41.064268 getegid()         = 0 <0.000011>
1714  20:11:41.064316 getuid()          = 0 <0.000011>
1714  20:11:41.064366 getgid()          = 0 <0.000011>
1714  20:11:41.064414 faccessat(AT_FDCWD, "/usr/bin/head", R_OK) = 0 <0.000016>
1714  20:11:41.064478 newfstatat(AT_FDCWD, "/usr/bin/head", {st_mode=S_IFREG|0755, st_size=47736, ...}, 0) = 0 <0.000014>
1714  20:11:41.064545 newfstatat(AT_FDCWD, "/usr/bin/head", {st_mode=S_IFREG|0755, st_size=47736, ...}, 0) = 0 <0.000014>
1714  20:11:41.064611 geteuid()         = 0 <0.000011>
1714  20:11:41.064660 getegid()         = 0 <0.000011>
1714  20:11:41.064709 getuid()          = 0 <0.000011>
1714  20:11:41.064758 getgid()          = 0 <0.000011>
1714  20:11:41.064806 faccessat(AT_FDCWD, "/usr/bin/head", X_OK) = 0 <0.000015>
1714  20:11:41.064866 newfstatat(AT_FDCWD, "/usr/bin/head", {st_mode=S_IFREG|0755, st_size=47736, ...}, 0) = 0 <0.000014>
1714  20:11:41.064932 geteuid()         = 0 <0.000011>
1714  20:11:41.064982 getegid()         = 0 <0.000011>
1714  20:11:41.065031 getuid()          = 0 <0.000011>
1714  20:11:41.065079 getgid()          = 0 <0.000010>
1714  20:11:41.065127 faccessat(AT_FDCWD, "/usr/bin/head", R_OK) = 0 <0.000016>
1714  20:11:41.065207 newfstatat(AT_FDCWD, "/usr/bin/head", {st_mode=S_IFREG|0755, st_size=47736, ...}, 0) = 0 <0.000014>
1714  20:11:41.065274 newfstatat(AT_FDCWD, "/usr/bin/head", {st_mode=S_IFREG|0755, st_size=47736, ...}, 0) = 0 <0.000014>
1714  20:11:41.065341 geteuid()         = 0 <0.000011>
1714  20:11:41.065390 getegid()         = 0 <0.000010>
1714  20:11:41.065438 getuid()          = 0 <0.000010>
1714  20:11:41.065487 getgid()          = 0 <0.000011>
1714  20:11:41.065536 faccessat(AT_FDCWD, "/usr/bin/head", X_OK) = 0 <0.000015>
1714  20:11:41.065596 newfstatat(AT_FDCWD, "/usr/bin/head", {st_mode=S_IFREG|0755, st_size=47736, ...}, 0) = 0 <0.000014>
1714  20:11:41.065664 geteuid()         = 0 <0.000011>
1714  20:11:41.065714 getegid()         = 0 <0.000010>
1714  20:11:41.065764 getuid()          = 0 <0.000011>
1714  20:11:41.065813 getgid()          = 0 <0.000011>
1714  20:11:41.065861 faccessat(AT_FDCWD, "/usr/bin/head", R_OK) = 0 <0.000015>
1714  20:11:41.066015 rt_sigaction(SIGINT, {sa_handler=SIG_DFL, sa_mask=[], sa_flags=0}, {sa_handler=SIG_DFL, sa_mask=[], sa_flags=0}, 8) = 0 <0.000014>
1714  20:11:41.066143 rt_sigaction(SIGQUIT, {sa_handler=SIG_DFL, sa_mask=[], sa_flags=0}, {sa_handler=SIG_IGN, sa_mask=[], sa_flags=0}, 8) = 0 <0.000015>
1714  20:11:41.066216 rt_sigaction(SIGCHLD, {sa_handler=SIG_DFL, sa_mask=[], sa_flags=SA_RESTART}, {sa_handler=0x44cb50, sa_mask=[], sa_flags=SA_RESTART}, 8) = 0 <0.000012>
1714  20:11:41.066287 execve("/usr/bin/head", ["head", "-1"], 0x3e357ce0 /* 31 vars */) = 0 <0.000552>
1714  20:11:41.066979 brk(NULL)         = 0x23fac000 <0.000013>
1714  20:11:41.067079 mmap(NULL, 8192, PROT_READ|PROT_WRITE, MAP_PRIVATE|MAP_ANONYMOUS, -1, 0) = 0xffff9fd8f000 <0.000274>
1714  20:11:41.067424 faccessat(AT_FDCWD, "/etc/ld.so.preload", R_OK) = -1 ENOENT (No such file or directory) <0.000022>
1714  20:11:41.067528 openat(AT_FDCWD, "/etc/ld.so.cache", O_RDONLY|O_CLOEXEC) = 3 <0.000021>
1714  20:11:41.067601 newfstatat(3, "", {st_mode=S_IFREG|0644, st_size=41887, ...}, AT_EMPTY_PATH) = 0 <0.000016>
1714  20:11:41.067677 mmap(NULL, 41887, PROT_READ, MAP_PRIVATE, 3, 0) = 0xffff9fd50000 <0.000024>
1714  20:11:41.067742 close(3)          = 0 <0.000013>
1714  20:11:41.067824 openat(AT_FDCWD, "/lib/libc.so.6", O_RDONLY|O_CLOEXEC) = 3 <0.000019>
1714  20:11:41.067895 read(3, "\177ELF\2\1\1\3\0\0\0\0\0\0\0\0\3\0\267\0\1\0\0\0@\264\2\0\0\0\0\0@\0\0\0\0\0\0\0H\317\30\0\0\0\0\0\0\0\0\0@\08\0\f\0@\0A\0@\0\6\0\0\0\4\0\0\0@\0\0\0\0\0\0\0@\0\0\0\0\0\0\0@\0\0\0\0\0\0\0\240\2\0\0\0\0\0\0\240\2\0\0\0\0\0\0\10\0\0\0\0\0\0\0\3\0\0\0\4\0\0\0PM\25\0\0\0\0\0PM\25\0\0\0\0\0PM\25\0\0\0\0\0\33\0\0\0\0\0\0\0\33\0\0\0\0\0\0\0\10\0\0\0\0\0\0\0\1\0\0\0\5\0\0\0\0\0\0\0\0\0\0\0\0\0\0\0\0\0\0\0"..., 832) = 832 <0.000016>
1714  20:11:41.067961 pread64(3, "\4\0\0\0\24\0\0\0\3\0\0\0GNU\0\343\375\0\277\32]\302\374\225&y\36']\345F\323\221\261{\4\0\0\0\20\0\0\0\1\0\0\0GNU\0\0\0\0\0\3\0\0\0\16\0\0\0\0\0\0\0", 68, 768) = 68 <0.000013>
1714  20:11:41.068023 newfstatat(3, "", {st_mode=S_IFREG|0755, st_size=1630088, ...}, AT_EMPTY_PATH) = 0 <0.000014>
1714  20:11:41.068119 mmap(NULL, 1805328, PROT_NONE, MAP_PRIVATE|MAP_ANONYMOUS, -1, 0 <unfinished ...>
1713  20:11:41.068143 <... openat resumed>) = 3 <0.005583>
1714  20:11:41.068167 <... mmap resumed>) = 0xffff9fb97000 <0.000027>
1713  20:11:41.068190 newfstatat(3, "",  <unfinished ...>
1714  20:11:41.068233 mmap(0xffff9fba0000, 1739792, PROT_READ|PROT_EXEC, MAP_PRIVATE|MAP_FIXED|MAP_DENYWRITE, 3, 0 <unfinished ...>
1713  20:11:41.068257 <... newfstatat resumed>{st_mode=S_IFDIR|0775, st_size=4096, ...}, AT_EMPTY_PATH) = 0 <0.000029>
1714  20:11:41.068298 <... mmap resumed>) = 0xffff9fba0000 <0.000044>
1714  20:11:41.068348 munmap(0xffff9fb97000, 36864 <unfinished ...>
1713  20:11:41.068372 getdents64(3,  <unfinished ...>
1714  20:11:41.068394 <... munmap resumed>) = 0 <0.000026>
1714  20:11:41.068456 munmap(0xffff9fd49000, 27664) = 0 <0.000020>
1714  20:11:41.068516 mprotect(0xffff9fd27000, 65536, PROT_NONE) = 0 <0.000027>
1714  20:11:41.068601 mmap(0xffff9fd37000, 24576, PROT_READ|PROT_WRITE, MAP_PRIVATE|MAP_FIXED|MAP_DENYWRITE, 3, 0x187000) = 0xffff9fd37000 <0.000028>
1714  20:11:41.068690 mmap(0xffff9fd3d000, 48144, PROT_READ|PROT_WRITE, MAP_PRIVATE|MAP_FIXED|MAP_ANONYMOUS, -1, 0) = 0xffff9fd3d000 <0.000022>
1714  20:11:41.068780 close(3)          = 0 <0.000013>
1714  20:11:41.068860 set_tid_address(0xffff9fd8fe70) = 1714 <0.000012>
1714  20:11:41.068911 set_robust_list(0xffff9fd8fe80, 24) = 0 <0.000012>
1714  20:11:41.068961 rseq(0xffff9fd90540, 0x20, 0, 0xd428bc00) = 0 <0.000012>
1714  20:11:41.069134 mprotect(0xffff9fd37000, 12288, PROT_READ) = 0 <0.000025>
1714  20:11:41.069208 mprotect(0x41a000, 4096, PROT_READ) = 0 <0.000019>
1714  20:11:41.069279 mprotect(0xffff9fd94000, 8192, PROT_READ) = 0 <0.000021>
1714  20:11:41.069365 prlimit64(0, RLIMIT_STACK, NULL, {rlim_cur=8192*1024, rlim_max=RLIM64_INFINITY}) = 0 <0.000013>
1714  20:11:41.069446 munmap(0xffff9fd50000, 41887) = 0 <0.000034>
1714  20:11:41.069564 getrandom("\x17\x5f\xb1\xf7\x20\x7e\xf3\xa3", 8, GRND_NONBLOCK) = 8 <0.000015>
1714  20:11:41.069633 brk(NULL)         = 0x23fac000 <0.000012>
1714  20:11:41.069684 brk(0x23fcd000)   = 0x23fcd000 <0.000016>
1714  20:11:41.069774 read(0,  <unfinished ...>
1713  20:11:41.073114 <... getdents64 resumed>0x3e35a660 /* 8 entries */, 32768) = 280 <0.004723>
1713  20:11:41.073189 getdents64(3, 0x3e35a660 /* 0 entries */, 32768) = 0 <0.000014>
1713  20:11:41.073250 close(3)          = 0 <0.000020>
1713  20:11:41.073365 newfstatat(AT_FDCWD, ".", {st_mode=S_IFDIR|S_ISGID|0755, st_size=4096, ...}, 0) = 0 <0.000020>
1713  20:11:41.073453 newfstatat(AT_FDCWD, "/usr/local/bin/ls", 0xffffeaa53c50, 0) = -1 ENOENT (No such file or directory) <0.000015>
1713  20:11:41.073523 newfstatat(AT_FDCWD, "/usr/bin/ls", 0xffffeaa53c50, 0) = -1 ENOENT (No such file or directory) <0.000015>
1713  20:11:41.073587 newfstatat(AT_FDCWD, "/bin/ls", {st_mode=S_IFREG|0755, st_size=159344, ...}, 0) = 0 <0.000018>
1713  20:11:41.073658 newfstatat(AT_FDCWD, "/bin/ls", {st_mode=S_IFREG|0755, st_size=159344, ...}, 0) = 0 <0.000014>
1713  20:11:41.073725 geteuid()         = 0 <0.000012>
1713  20:11:41.073775 getegid()         = 0 <0.000011>
1713  20:11:41.073824 getuid()          = 0 <0.000011>
1713  20:11:41.073874 getgid()          = 0 <0.000010>
1713  20:11:41.073924 faccessat(AT_FDCWD, "/bin/ls", X_OK) = 0 <0.000020>
1713  20:11:41.073989 newfstatat(AT_FDCWD, "/bin/ls", {st_mode=S_IFREG|0755, st_size=159344, ...}, 0) = 0 <0.000014>
1713  20:11:41.074054 geteuid()         = 0 <0.000011>
1713  20:11:41.074214 getegid()         = 0 <0.000012>
1713  20:11:41.074267 getuid()          = 0 <0.000011>
1713  20:11:41.074316 getgid()          = 0 <0.000011>
1713  20:11:41.074365 faccessat(AT_FDCWD, "/bin/ls", R_OK) = 0 <0.000016>
1713  20:11:41.074428 newfstatat(AT_FDCWD, "/bin/ls", {st_mode=S_IFREG|0755, st_size=159344, ...}, 0) = 0 <0.000014>
1713  20:11:41.074495 newfstatat(AT_FDCWD, "/bin/ls", {st_mode=S_IFREG|0755, st_size=159344, ...}, 0) = 0 <0.000014>
1713  20:11:41.074562 geteuid()         = 0 <0.000011>
1713  20:11:41.074611 getegid()         = 0 <0.000010>
1713  20:11:41.074659 getuid()          = 0 <0.000011>
1713  20:11:41.074708 getgid()          = 0 <0.000011>
1713  20:11:41.074756 faccessat(AT_FDCWD, "/bin/ls", X_OK) = 0 <0.000015>
1713  20:11:41.074816 newfstatat(AT_FDCWD, "/bin/ls", {st_mode=S_IFREG|0755, st_size=159344, ...}, 0) = 0 <0.000014>
1713  20:11:41.074881 geteuid()         = 0 <0.000011>
1713  20:11:41.074930 getegid()         = 0 <0.000011>
1713  20:11:41.074979 getuid()          = 0 <0.000011>
1713  20:11:41.075027 getgid()          = 0 <0.000012>
1713  20:11:41.075076 faccessat(AT_FDCWD, "/bin/ls", R_OK) = 0 <0.000015>
1713  20:11:41.075136 newfstatat(AT_FDCWD, "/bin/ls", {st_mode=S_IFREG|0755, st_size=159344, ...}, 0) = 0 <0.000014>
1713  20:11:41.075203 newfstatat(AT_FDCWD, "/bin/ls", {st_mode=S_IFREG|0755, st_size=159344, ...}, 0) = 0 <0.000014>
1713  20:11:41.075269 geteuid()         = 0 <0.000011>
1713  20:11:41.075319 getegid()         = 0 <0.000011>
1713  20:11:41.075390 getuid()          = 0 <0.000011>
1713  20:11:41.075440 getgid()          = 0 <0.000011>
1713  20:11:41.075488 faccessat(AT_FDCWD, "/bin/ls", X_OK) = 0 <0.000015>
1713  20:11:41.075549 newfstatat(AT_FDCWD, "/bin/ls", {st_mode=S_IFREG|0755, st_size=159344, ...}, 0) = 0 <0.000014>
1713  20:11:41.075614 geteuid()         = 0 <0.000011>
1713  20:11:41.075664 getegid()         = 0 <0.000010>
1713  20:11:41.075712 getuid()          = 0 <0.000011>
1713  20:11:41.075760 getgid()          = 0 <0.000011>
1713  20:11:41.075809 faccessat(AT_FDCWD, "/bin/ls", R_OK) = 0 <0.000015>
1713  20:11:41.075946 rt_sigaction(SIGINT, {sa_handler=SIG_DFL, sa_mask=[], sa_flags=0}, {sa_handler=SIG_DFL, sa_mask=[], sa_flags=0}, 8) = 0 <0.000014>
1713  20:11:41.076017 rt_sigaction(SIGQUIT, {sa_handler=SIG_DFL, sa_mask=[], sa_flags=0}, {sa_handler=SIG_IGN, sa_mask=[], sa_flags=0}, 8) = 0 <0.000011>
1713  20:11:41.076080 rt_sigaction(SIGCHLD, {sa_handler=SIG_DFL, sa_mask=[], sa_flags=SA_RESTART}, {sa_handler=0x44cb50, sa_mask=[], sa_flags=SA_RESTART}, 8) = 0 <0.000012>
1713  20:11:41.076148 execve("/bin/ls", ["ls", "/home/root/edgeai-tidl-tools/model-artifacts/cl-tfl-mobilenet_v1_1.0_224//86_tidl_net.bin"], 0x3e357ce0 /* 31 vars */) = 0 <0.000396>
1713  20:11:41.076681 brk(NULL)         = 0x1bd79000 <0.000013>
1713  20:11:41.076776 mmap(NULL, 8192, PROT_READ|PROT_WRITE, MAP_PRIVATE|MAP_ANONYMOUS, -1, 0) = 0xffff8542b000 <0.000022>
1713  20:11:41.076856 faccessat(AT_FDCWD, "/etc/ld.so.preload", R_OK) = -1 ENOENT (No such file or directory) <0.000019>
1713  20:11:41.076949 openat(AT_FDCWD, "/etc/ld.so.cache", O_RDONLY|O_CLOEXEC) = 3 <0.000020>
1713  20:11:41.077020 newfstatat(3, "", {st_mode=S_IFREG|0644, st_size=41887, ...}, AT_EMPTY_PATH) = 0 <0.000016>
1713  20:11:41.077094 mmap(NULL, 41887, PROT_READ, MAP_PRIVATE, 3, 0) = 0xffff853ec000 <0.000021>
1713  20:11:41.077156 close(3)          = 0 <0.000012>
1713  20:11:41.077218 openat(AT_FDCWD, "/lib/libcap.so.2", O_RDONLY|O_CLOEXEC) = 3 <0.000019>
1713  20:11:41.077285 read(3, "\177ELF\2\1\1\0\0\0\0\0\0\0\0\0\3\0\267\0\1\0\0\0\340w\0\0\0\0\0\0@\0\0\0\0\0\0\0\300\263\0\0\0\0\0\0\0\0\0\0@\08\0\v\0@\0\34\0\33\0\6\0\0\0\4\0\0\0@\0\0\0\0\0\0\0@\0\0\0\0\0\0\0@\0\0\0\0\0\0\0h\2\0\0\0\0\0\0h\2\0\0\0\0\0\0\10\0\0\0\0\0\0\0\3\0\0\0\4\0\0\0\220\203\0\0\0\0\0\0\220\203\0\0\0\0\0\0\220\203\0\0\0\0\0\0\33\0\0\0\0\0\0\0\33\0\0\0\0\0\0\0\10\0\0\0\0\0\0\0\1\0\0\0\5\0\0\0\0\0\0\0\0\0\0\0\0\0\0\0\0\0\0\0"..., 832) = 832 <0.000016>
1713  20:11:41.077349 newfstatat(3, "", {st_mode=S_IFREG|0755, st_size=47808, ...}, AT_EMPTY_PATH) = 0 <0.000014>
1713  20:11:41.077416 mmap(NULL, 176832, PROT_NONE, MAP_PRIVATE|MAP_ANONYMOUS, -1, 0) = 0xffff853c0000 <0.000023>
1713  20:11:41.077481 mmap(0xffff853c0000, 111296, PROT_READ|PROT_EXEC, MAP_PRIVATE|MAP_FIXED|MAP_DENYWRITE, 3, 0) = 0xffff853c0000 <0.000033>
1713  20:11:41.077556 munmap(0xffff853dc000, 62144) = 0 <0.000016>
1713  20:11:41.077611 mprotect(0xffff853ca000, 65536, PROT_NONE) = 0 <0.000025>
1713  20:11:41.077675 mmap(0xffff853da000, 8192, PROT_READ|PROT_WRITE, MAP_PRIVATE|MAP_FIXED|MAP_DENYWRITE, 3, 0xa000) = 0xffff853da000 <0.000020>
1713  20:11:41.077761 close(3)          = 0 <0.000012>
1713  20:11:41.077816 openat(AT_FDCWD, "/lib/libc.so.6", O_RDONLY|O_CLOEXEC) = 3 <0.000017>
1713  20:11:41.077882 read(3, "\177ELF\2\1\1\3\0\0\0\0\0\0\0\0\3\0\267\0\1\0\0\0@\264\2\0\0\0\0\0@\0\0\0\0\0\0\0H\317\30\0\0\0\0\0\0\0\0\0@\08\0\f\0@\0A\0@\0\6\0\0\0\4\0\0\0@\0\0\0\0\0\0\0@\0\0\0\0\0\0\0@\0\0\0\0\0\0\0\240\2\0\0\0\0\0\0\240\2\0\0\0\0\0\0\10\0\0\0\0\0\0\0\3\0\0\0\4\0\0\0PM\25\0\0\0\0\0PM\25\0\0\0\0\0PM\25\0\0\0\0\0\33\0\0\0\0\0\0\0\33\0\0\0\0\0\0\0\10\0\0\0\0\0\0\0\1\0\0\0\5\0\0\0\0\0\0\0\0\0\0\0\0\0\0\0\0\0\0\0"..., 832) = 832 <0.000014>
1713  20:11:41.077944 pread64(3, "\4\0\0\0\24\0\0\0\3\0\0\0GNU\0\343\375\0\277\32]\302\374\225&y\36']\345F\323\221\261{\4\0\0\0\20\0\0\0\1\0\0\0GNU\0\0\0\0\0\3\0\0\0\16\0\0\0\0\0\0\0", 68, 768) = 68 <0.000012>
1713  20:11:41.078005 newfstatat(3, "", {st_mode=S_IFREG|0755, st_size=1630088, ...}, AT_EMPTY_PATH) = 0 <0.000014>
1713  20:11:41.078123 mmap(NULL, 1805328, PROT_NONE, MAP_PRIVATE|MAP_ANONYMOUS, -1, 0) = 0xffff85207000 <0.000024>
1713  20:11:41.078194 mmap(0xffff85210000, 1739792, PROT_READ|PROT_EXEC, MAP_PRIVATE|MAP_FIXED|MAP_DENYWRITE, 3, 0) = 0xffff85210000 <0.000034>
1713  20:11:41.078269 munmap(0xffff85207000, 36864) = 0 <0.000017>
1713  20:11:41.078326 munmap(0xffff853b9000, 27664) = 0 <0.000016>
1713  20:11:41.078381 mprotect(0xffff85397000, 65536, PROT_NONE) = 0 <0.000024>
1713  20:11:41.078444 mmap(0xffff853a7000, 24576, PROT_READ|PROT_WRITE, MAP_PRIVATE|MAP_FIXED|MAP_DENYWRITE, 3, 0x187000) = 0xffff853a7000 <0.000033>
1713  20:11:41.078532 mmap(0xffff853ad000, 48144, PROT_READ|PROT_WRITE, MAP_PRIVATE|MAP_FIXED|MAP_ANONYMOUS, -1, 0) = 0xffff853ad000 <0.000029>
1713  20:11:41.078622 close(3)          = 0 <0.000013>
1713  20:11:41.078697 mmap(NULL, 8192, PROT_READ|PROT_WRITE, MAP_PRIVATE|MAP_ANONYMOUS, -1, 0) = 0xffff85429000 <0.000018>
1713  20:11:41.078762 set_tid_address(0xffff854290f0) = 1713 <0.000012>
1713  20:11:41.078812 set_robust_list(0xffff85429100, 24) = 0 <0.000012>
1713  20:11:41.078862 rseq(0xffff854297c0, 0x20, 0, 0xd428bc00) = 0 <0.000012>
1713  20:11:41.079030 mprotect(0xffff853a7000, 12288, PROT_READ) = 0 <0.000023>
1713  20:11:41.079103 mprotect(0xffff853da000, 4096, PROT_READ) = 0 <0.000020>
1713  20:11:41.079173 mprotect(0x435000, 4096, PROT_READ) = 0 <0.000019>
1713  20:11:41.079248 mprotect(0xffff85430000, 8192, PROT_READ) = 0 <0.000021>
1713  20:11:41.079336 prlimit64(0, RLIMIT_STACK, NULL, {rlim_cur=8192*1024, rlim_max=RLIM64_INFINITY}) = 0 <0.000013>
1713  20:11:41.079415 munmap(0xffff853ec000, 41887) = 0 <0.000033>
1713  20:11:41.079504 prctl(PR_CAPBSET_READ, CAP_MAC_OVERRIDE) = 1 <0.000013>
1713  20:11:41.079560 prctl(PR_CAPBSET_READ, 0x30 /* CAP_??? */) = -1 EINVAL (Invalid argument) <0.000012>
1713  20:11:41.079617 prctl(PR_CAPBSET_READ, CAP_CHECKPOINT_RESTORE) = 1 <0.000011>
1713  20:11:41.079667 prctl(PR_CAPBSET_READ, 0x2c /* CAP_??? */) = -1 EINVAL (Invalid argument) <0.000011>
1713  20:11:41.079719 prctl(PR_CAPBSET_READ, 0x2a /* CAP_??? */) = -1 EINVAL (Invalid argument) <0.000011>
1713  20:11:41.079771 prctl(PR_CAPBSET_READ, 0x29 /* CAP_??? */) = -1 EINVAL (Invalid argument) <0.000011>
1713  20:11:41.079872 getrandom("\x05\x4b\x4d\x89\x81\x5a\x64\xd7", 8, GRND_NONBLOCK) = 8 <0.000015>
1713  20:11:41.079940 brk(NULL)         = 0x1bd79000 <0.000012>
1713  20:11:41.079991 brk(0x1bd9a000)   = 0x1bd9a000 <0.000022>
1713  20:11:41.080075 ioctl(1, TCGETS, 0xffffd85e6a88) = -1 ENOTTY (Inappropriate ioctl for device) <0.000014>
1713  20:11:41.080150 statx(AT_FDCWD, "/home/root/edgeai-tidl-tools/model-artifacts/cl-tfl-mobilenet_v1_1.0_224//86_tidl_net.bin", AT_STATX_SYNC_AS_STAT, STATX_MODE, {stx_mask=STATX_BASIC_STATS|STATX_MNT_ID, stx_attributes=0, stx_mode=S_IFREG|0644, stx_size=5630332, ...}) = 0 <0.002236>
1713  20:11:41.082468 statx(AT_FDCWD, "/home/root/edgeai-tidl-tools/model-artifacts/cl-tfl-mobilenet_v1_1.0_224//86_tidl_net.bin", AT_STATX_SYNC_AS_STAT|AT_SYMLINK_NOFOLLOW, STATX_MODE, {stx_mask=STATX_BASIC_STATS|STATX_MNT_ID, stx_attributes=0, stx_mode=S_IFREG|0644, stx_size=5630332, ...}) = 0 <0.000016>
1713  20:11:41.082591 newfstatat(1, "", {st_mode=S_IFIFO|0600, st_size=0, ...}, AT_EMPTY_PATH) = 0 <0.000018>
1713  20:11:41.082697 write(1, "/home/root/edgeai-tidl-tools/model-artifacts/cl-tfl-mobilenet_v1_1.0_224//86_tidl_net.bin\n", 90) = 90 <0.000022>
1714  20:11:41.082761 <... read resumed>"/home/root/edgeai-tidl-tools/model-artifacts/cl-tfl-mobilenet_v1_1.0_224//86_tidl_net.bin\n", 8192) = 90 <0.012968>
1713  20:11:41.082795 close(1 <unfinished ...>
1714  20:11:41.082818 lseek(0, 0, SEEK_CUR <unfinished ...>
1713  20:11:41.082841 <... close resumed>) = 0 <0.000028>
1714  20:11:41.082863 <... lseek resumed>) = -1 ESPIPE (Illegal seek) <0.000027>
1713  20:11:41.082889 close(2 <unfinished ...>
1714  20:11:41.082910 newfstatat(0, "",  <unfinished ...>
1713  20:11:41.082946 <... close resumed>) = 0 <0.000041>
1714  20:11:41.082969 <... newfstatat resumed>{st_mode=S_IFIFO|0600, st_size=0, ...}, AT_EMPTY_PATH) = 0 <0.000028>
1713  20:11:41.083021 exit_group(0 <unfinished ...>
1714  20:11:41.083043 newfstatat(1, "",  <unfinished ...>
1713  20:11:41.083074 <... exit_group resumed>) = ?
1714  20:11:41.083096 <... newfstatat resumed>{st_mode=S_IFIFO|0600, st_size=0, ...}, AT_EMPTY_PATH) = 0 <0.000030>
1714  20:11:41.083293 close(0 <unfinished ...>
1713  20:11:41.083319 +++ exited with 0 +++
1712  20:11:41.083343 <... wait4 resumed>[{WIFEXITED(s) && WEXITSTATUS(s) == 0}], 0, NULL) = 1713 <0.020143>
1714  20:11:41.083379 <... close resumed>) = 0 <0.000060>
1712  20:11:41.083402 wait4(-1,  <unfinished ...>
1714  20:11:41.083426 write(1, "/home/root/edgeai-tidl-tools/model-artifacts/cl-tfl-mobilenet_v1_1.0_224//86_tidl_net.bin\n", 90 <unfinished ...>
1711  20:11:41.083480 <... read resumed>"/home/root/edgeai-tidl-tools/model-artifacts/cl-tfl-mobilenet_v1_1.0_224//86_tidl_net.bin\n", 4096) = 90 <0.031068>
1714  20:11:41.083511 <... write resumed>) = 90 <0.000060>
1711  20:11:41.083550 close(3 <unfinished ...>
1714  20:11:41.083570 close(1 <unfinished ...>
1711  20:11:41.083591 <... close resumed>) = 0 <0.000024>
1714  20:11:41.083614 <... close resumed>) = 0 <0.000028>
1711  20:11:41.083637 wait4(1712,  <unfinished ...>
1714  20:11:41.083658 close(2)          = 0 <0.000012>
1714  20:11:41.083723 exit_group(0)     = ?
1714  20:11:41.083890 +++ exited with 0 +++
1712  20:11:41.083913 <... wait4 resumed>[{WIFEXITED(s) && WEXITSTATUS(s) == 0}], 0, NULL) = 1714 <0.000493>
1712  20:11:41.083957 rt_sigaction(SIGINT, {sa_handler=SIG_DFL, sa_mask=[], sa_flags=0}, {sa_handler=0x44a140, sa_mask=[], sa_flags=0}, 8) = 0 <0.000013>
1712  20:11:41.084032 ioctl(2, TIOCGWINSZ, {ws_row=68, ws_col=255, ws_xpixel=4080, ws_ypixel=2312}) = 0 <0.000015>
1712  20:11:41.084157 ioctl(1, TCGETS, 0xffffeaa53b88) = -1 ENOTTY (Inappropriate ioctl for device) <0.000013>
1712  20:11:41.084265 newfstatat(AT_FDCWD, "/home/root/.terminfo", 0x3e35c0c0, 0) = -1 ENOENT (No such file or directory) <0.000019>
1712  20:11:41.084339 newfstatat(AT_FDCWD, "/etc/terminfo", {st_mode=S_IFDIR|0755, st_size=4096, ...}, 0) = 0 <0.000016>
1712  20:11:41.084411 newfstatat(AT_FDCWD, "/usr/share/terminfo", {st_mode=S_IFDIR|0755, st_size=4096, ...}, 0) = 0 <0.000017>
1712  20:11:41.084496 faccessat(AT_FDCWD, "/etc/terminfo/t/tmux-256color", R_OK) = -1 ENOENT (No such file or directory) <0.000020>
1712  20:11:41.084567 faccessat(AT_FDCWD, "/usr/share/terminfo/t/tmux-256color", R_OK) = 0 <0.000017>
1712  20:11:41.084639 openat(AT_FDCWD, "/usr/share/terminfo/t/tmux-256color", O_RDONLY) = 3 <0.000021>
1712  20:11:41.084709 newfstatat(3, "", {st_mode=S_IFREG|0644, st_size=3213, ...}, AT_EMPTY_PATH) = 0 <0.000015>
1712  20:11:41.084784 read(3, "\32\1#\0+\0\17\0i\1\r\5tmux-256color|tmux with 256 colors\0\0\1\0\0\1\0\0\0\1\1\0\0\0\1\1\0\0\0\0\0\0\0\0\0\0\0\0\0\0\0\0\0\0\0\0\0\0\1\0\0\0\0\1P\0\10\0\30\0\377\377\377\377\377\377\377\377\377\377\377\377\377\377\377\377\377\377\377\377\0\1\377\177\0\0\4\0\6\0\10\0\31\0\36\0%\0)\0-\0\377\3778\0I\0K\0O\0V\0\377\377X\0d\0\377\377h\0k\0q\0u\0y\0\377\377\177\0\201\0\206\0\213\0\377\377\224\0\231\0\236\0\377\377\243\0\250\0\255\0\377\377\262\0\264\0"..., 4096) = 3213 <0.000019>
1712  20:11:41.084852 read(3, "", 4096) = 0 <0.000012>
1712  20:11:41.084938 close(3)          = 0 <0.000060>
1712  20:11:41.085051 ioctl(2, TCGETS, {B38400 opost isig icanon echo ...}) = 0 <0.000017>
1712  20:11:41.085123 ioctl(2, TCGETS, {B38400 opost isig icanon echo ...}) = 0 <0.000013>
1712  20:11:41.085182 ioctl(2, TCGETS, {B38400 opost isig icanon echo ...}) = 0 <0.000012>
1712  20:11:41.085243 ioctl(2, TCGETS, {B38400 opost isig icanon echo ...}) = 0 <0.000012>
1712  20:11:41.085302 ioctl(2, TIOCGWINSZ, {ws_row=68, ws_col=255, ws_xpixel=4080, ws_ypixel=2312}) = 0 <0.000012>
1712  20:11:41.085424 ioctl(0, TIOCGWINSZ, {ws_row=68, ws_col=255, ws_xpixel=4080, ws_ypixel=2312}) = 0 <0.000012>
1712  20:11:41.085572 brk(0x3e38e000)   = 0x3e38e000 <0.000031>
1712  20:11:41.085699 rt_sigprocmask(SIG_SETMASK, [CHLD], NULL, 8) = 0 <0.000013>
1712  20:11:41.085766 close(3)          = -1 EBADF (Bad file descriptor) <0.000012>
1712  20:11:41.085842 rt_sigprocmask(SIG_SETMASK, [], NULL, 8) = 0 <0.000012>
1712  20:11:41.085902 --- SIGCHLD {si_signo=SIGCHLD, si_code=CLD_EXITED, si_pid=1713, si_uid=0, si_status=0, si_utime=0, si_stime=0} ---
1712  20:11:41.085945 wait4(-1, 0xffffeaa52da8, WNOHANG, NULL) = -1 ECHILD (No child processes) <0.000012>
1712  20:11:41.086000 rt_sigreturn({mask=[]}) = 0 <0.000015>
1712  20:11:41.086081 rt_sigprocmask(SIG_BLOCK, [CHLD], [], 8) = 0 <0.000015>
1712  20:11:41.086268 rt_sigprocmask(SIG_SETMASK, [], NULL, 8) = 0 <0.000011>
1712  20:11:41.086347 exit_group(0)     = ?
1712  20:11:41.086635 +++ exited with 0 +++
1711  20:11:41.086660 <... wait4 resumed>[{WIFEXITED(s) && WEXITSTATUS(s) == 0}], 0, NULL) = 1712 <0.003007>
1711  20:11:41.086709 --- SIGCHLD {si_signo=SIGCHLD, si_code=CLD_EXITED, si_pid=1712, si_uid=0, si_status=0, si_utime=0, si_stime=0} ---
1711  20:11:41.086757 pipe2([3, 4], O_CLOEXEC) = 0 <0.000028>
1711  20:11:41.086837 prlimit64(0, RLIMIT_NOFILE, NULL, {rlim_cur=10*1024, rlim_max=40*1024}) = 0 <0.000012>
1711  20:11:41.086898 prlimit64(0, RLIMIT_NOFILE, NULL, {rlim_cur=10*1024, rlim_max=40*1024}) = 0 <0.000012>
1711  20:11:41.086960 mmap(NULL, 36864, PROT_READ|PROT_WRITE, MAP_PRIVATE|MAP_ANONYMOUS|MAP_STACK, -1, 0) = 0xffff84820000 <0.000031>
1711  20:11:41.087036 rt_sigprocmask(SIG_BLOCK, ~[], [], 8) = 0 <0.000012>
1711  20:11:41.087102 clone(child_stack=0xffff84829000, flags=CLONE_VM|CLONE_VFORK|SIGCHLD <unfinished ...>
1715  20:11:41.087232 rt_sigprocmask(SIG_BLOCK, NULL, ~[KILL STOP], 8) = 0 <0.000013>
1715  20:11:41.087311 rt_sigaction(SIGHUP, NULL, {sa_handler=SIG_DFL, sa_mask=[], sa_flags=0}, 8) = 0 <0.000012>
1715  20:11:41.087375 rt_sigaction(SIGHUP, {sa_handler=SIG_DFL, sa_mask=[], sa_flags=0}, NULL, 8) = 0 <0.000012>
1715  20:11:41.087434 rt_sigaction(SIGINT, NULL, {sa_handler=SIG_DFL, sa_mask=[], sa_flags=0}, 8) = 0 <0.000011>
1715  20:11:41.087491 rt_sigaction(SIGINT, {sa_handler=SIG_DFL, sa_mask=[], sa_flags=0}, NULL, 8) = 0 <0.000011>
1715  20:11:41.087548 rt_sigaction(SIGQUIT, NULL, {sa_handler=SIG_DFL, sa_mask=[], sa_flags=0}, 8) = 0 <0.000011>
1715  20:11:41.087604 rt_sigaction(SIGQUIT, {sa_handler=SIG_DFL, sa_mask=[], sa_flags=0}, NULL, 8) = 0 <0.000011>
1715  20:11:41.087660 rt_sigaction(SIGILL, NULL, {sa_handler=SIG_DFL, sa_mask=[], sa_flags=0}, 8) = 0 <0.000011>
1715  20:11:41.087716 rt_sigaction(SIGILL, {sa_handler=SIG_DFL, sa_mask=[], sa_flags=0}, NULL, 8) = 0 <0.000011>
1715  20:11:41.087772 rt_sigaction(SIGTRAP, NULL, {sa_handler=SIG_DFL, sa_mask=[], sa_flags=0}, 8) = 0 <0.000011>
1715  20:11:41.087829 rt_sigaction(SIGTRAP, {sa_handler=SIG_DFL, sa_mask=[], sa_flags=0}, NULL, 8) = 0 <0.000011>
1715  20:11:41.087884 rt_sigaction(SIGABRT, NULL, {sa_handler=SIG_DFL, sa_mask=[], sa_flags=0}, 8) = 0 <0.000011>
1715  20:11:41.087941 rt_sigaction(SIGABRT, {sa_handler=SIG_DFL, sa_mask=[], sa_flags=0}, NULL, 8) = 0 <0.000012>
1715  20:11:41.087997 rt_sigaction(SIGBUS, NULL, {sa_handler=SIG_DFL, sa_mask=[], sa_flags=0}, 8) = 0 <0.000011>
1715  20:11:41.088053 rt_sigaction(SIGBUS, {sa_handler=SIG_DFL, sa_mask=[], sa_flags=0}, NULL, 8) = 0 <0.000012>
1715  20:11:41.088109 rt_sigaction(SIGFPE, NULL, {sa_handler=SIG_DFL, sa_mask=[], sa_flags=0}, 8) = 0 <0.000011>
1715  20:11:41.088166 rt_sigaction(SIGFPE, {sa_handler=SIG_DFL, sa_mask=[], sa_flags=0}, NULL, 8) = 0 <0.000011>
1715  20:11:41.088221 rt_sigaction(SIGUSR1, NULL, {sa_handler=SIG_DFL, sa_mask=[], sa_flags=0}, 8) = 0 <0.000011>
1715  20:11:41.088278 rt_sigaction(SIGUSR1, {sa_handler=SIG_DFL, sa_mask=[], sa_flags=0}, NULL, 8) = 0 <0.000011>
1715  20:11:41.088336 rt_sigaction(SIGSEGV, NULL, {sa_handler=SIG_DFL, sa_mask=[], sa_flags=0}, 8) = 0 <0.000011>
1715  20:11:41.088392 rt_sigaction(SIGSEGV, {sa_handler=SIG_DFL, sa_mask=[], sa_flags=0}, NULL, 8) = 0 <0.000011>
1715  20:11:41.088447 rt_sigaction(SIGUSR2, NULL, {sa_handler=SIG_DFL, sa_mask=[], sa_flags=0}, 8) = 0 <0.000011>
1715  20:11:41.088503 rt_sigaction(SIGUSR2, {sa_handler=SIG_DFL, sa_mask=[], sa_flags=0}, NULL, 8) = 0 <0.000011>
1715  20:11:41.088580 rt_sigaction(SIGPIPE, NULL, {sa_handler=SIG_DFL, sa_mask=[], sa_flags=0}, 8) = 0 <0.000011>
1715  20:11:41.088638 rt_sigaction(SIGPIPE, {sa_handler=SIG_DFL, sa_mask=[], sa_flags=0}, NULL, 8) = 0 <0.000011>
1715  20:11:41.088693 rt_sigaction(SIGALRM, NULL, {sa_handler=SIG_DFL, sa_mask=[], sa_flags=0}, 8) = 0 <0.000011>
1715  20:11:41.088751 rt_sigaction(SIGALRM, {sa_handler=SIG_DFL, sa_mask=[], sa_flags=0}, NULL, 8) = 0 <0.000011>
1715  20:11:41.088806 rt_sigaction(SIGTERM, NULL, {sa_handler=SIG_DFL, sa_mask=[], sa_flags=0}, 8) = 0 <0.000011>
1715  20:11:41.088863 rt_sigaction(SIGTERM, {sa_handler=SIG_DFL, sa_mask=[], sa_flags=0}, NULL, 8) = 0 <0.000012>
1715  20:11:41.088919 rt_sigaction(SIGSTKFLT, NULL, {sa_handler=SIG_DFL, sa_mask=[], sa_flags=0}, 8) = 0 <0.000011>
1715  20:11:41.088975 rt_sigaction(SIGSTKFLT, {sa_handler=SIG_DFL, sa_mask=[], sa_flags=0}, NULL, 8) = 0 <0.000011>
1715  20:11:41.089030 rt_sigaction(SIGCHLD, NULL, {sa_handler=SIG_DFL, sa_mask=[], sa_flags=0}, 8) = 0 <0.000011>
1715  20:11:41.089086 rt_sigaction(SIGCHLD, {sa_handler=SIG_DFL, sa_mask=[], sa_flags=0}, NULL, 8) = 0 <0.000011>
1715  20:11:41.089142 rt_sigaction(SIGCONT, NULL, {sa_handler=SIG_DFL, sa_mask=[], sa_flags=0}, 8) = 0 <0.000011>
1715  20:11:41.089199 rt_sigaction(SIGCONT, {sa_handler=SIG_DFL, sa_mask=[], sa_flags=0}, NULL, 8) = 0 <0.000012>
1715  20:11:41.089255 rt_sigaction(SIGTSTP, NULL, {sa_handler=SIG_DFL, sa_mask=[], sa_flags=0}, 8) = 0 <0.000011>
1715  20:11:41.089311 rt_sigaction(SIGTSTP, {sa_handler=SIG_DFL, sa_mask=[], sa_flags=0}, NULL, 8) = 0 <0.000011>
1715  20:11:41.089367 rt_sigaction(SIGTTIN, NULL, {sa_handler=SIG_DFL, sa_mask=[], sa_flags=0}, 8) = 0 <0.000011>
1715  20:11:41.089423 rt_sigaction(SIGTTIN, {sa_handler=SIG_DFL, sa_mask=[], sa_flags=0}, NULL, 8) = 0 <0.000011>
1715  20:11:41.089478 rt_sigaction(SIGTTOU, NULL, {sa_handler=SIG_DFL, sa_mask=[], sa_flags=0}, 8) = 0 <0.000011>
1715  20:11:41.089534 rt_sigaction(SIGTTOU, {sa_handler=SIG_DFL, sa_mask=[], sa_flags=0}, NULL, 8) = 0 <0.000011>
1715  20:11:41.089589 rt_sigaction(SIGURG, NULL, {sa_handler=SIG_DFL, sa_mask=[], sa_flags=0}, 8) = 0 <0.000011>
1715  20:11:41.089645 rt_sigaction(SIGURG, {sa_handler=SIG_DFL, sa_mask=[], sa_flags=0}, NULL, 8) = 0 <0.000011>
1715  20:11:41.089701 rt_sigaction(SIGXCPU, NULL, {sa_handler=SIG_DFL, sa_mask=[], sa_flags=0}, 8) = 0 <0.000011>
1715  20:11:41.089757 rt_sigaction(SIGXCPU, {sa_handler=SIG_DFL, sa_mask=[], sa_flags=0}, NULL, 8) = 0 <0.000011>
1715  20:11:41.089812 rt_sigaction(SIGXFSZ, NULL, {sa_handler=SIG_DFL, sa_mask=[], sa_flags=0}, 8) = 0 <0.000011>
1715  20:11:41.089868 rt_sigaction(SIGXFSZ, {sa_handler=SIG_DFL, sa_mask=[], sa_flags=0}, NULL, 8) = 0 <0.000011>
1715  20:11:41.089923 rt_sigaction(SIGVTALRM, NULL, {sa_handler=SIG_DFL, sa_mask=[], sa_flags=0}, 8) = 0 <0.000011>
1715  20:11:41.089979 rt_sigaction(SIGVTALRM, {sa_handler=SIG_DFL, sa_mask=[], sa_flags=0}, NULL, 8) = 0 <0.000011>
1715  20:11:41.090035 rt_sigaction(SIGPROF, NULL, {sa_handler=SIG_DFL, sa_mask=[], sa_flags=0}, 8) = 0 <0.000011>
1715  20:11:41.090111 rt_sigaction(SIGPROF, {sa_handler=SIG_DFL, sa_mask=[], sa_flags=0}, NULL, 8) = 0 <0.000013>
1715  20:11:41.090171 rt_sigaction(SIGWINCH, NULL, {sa_handler=SIG_DFL, sa_mask=[], sa_flags=0}, 8) = 0 <0.000011>
1715  20:11:41.090227 rt_sigaction(SIGWINCH, {sa_handler=SIG_DFL, sa_mask=[], sa_flags=0}, NULL, 8) = 0 <0.000011>
1715  20:11:41.090282 rt_sigaction(SIGIO, NULL, {sa_handler=SIG_DFL, sa_mask=[], sa_flags=0}, 8) = 0 <0.000011>
1715  20:11:41.090339 rt_sigaction(SIGIO, {sa_handler=SIG_DFL, sa_mask=[], sa_flags=0}, NULL, 8) = 0 <0.000012>
1715  20:11:41.090394 rt_sigaction(SIGPWR, NULL, {sa_handler=SIG_DFL, sa_mask=[], sa_flags=0}, 8) = 0 <0.000011>
1715  20:11:41.090451 rt_sigaction(SIGPWR, {sa_handler=SIG_DFL, sa_mask=[], sa_flags=0}, NULL, 8) = 0 <0.000011>
1715  20:11:41.090506 rt_sigaction(SIGSYS, NULL, {sa_handler=SIG_DFL, sa_mask=[], sa_flags=0}, 8) = 0 <0.000011>
1715  20:11:41.090562 rt_sigaction(SIGSYS, {sa_handler=SIG_DFL, sa_mask=[], sa_flags=0}, NULL, 8) = 0 <0.000011>
1715  20:11:41.090629 rt_sigaction(SIGRTMIN, {sa_handler=SIG_IGN, sa_mask=[], sa_flags=0}, NULL, 8) = 0 <0.000011>
1715  20:11:41.090686 rt_sigaction(SIGRT_1, {sa_handler=SIG_IGN, sa_mask=[], sa_flags=0}, NULL, 8) = 0 <0.000011>
1715  20:11:41.090743 rt_sigaction(SIGRT_2, NULL, {sa_handler=SIG_DFL, sa_mask=[], sa_flags=0}, 8) = 0 <0.000011>
1715  20:11:41.090801 rt_sigaction(SIGRT_2, {sa_handler=SIG_DFL, sa_mask=[], sa_flags=0}, NULL, 8) = 0 <0.000011>
1715  20:11:41.090859 rt_sigaction(SIGRT_3, NULL, {sa_handler=SIG_DFL, sa_mask=[], sa_flags=0}, 8) = 0 <0.000011>
1715  20:11:41.090917 rt_sigaction(SIGRT_3, {sa_handler=SIG_DFL, sa_mask=[], sa_flags=0}, NULL, 8) = 0 <0.000011>
1715  20:11:41.090973 rt_sigaction(SIGRT_4, NULL, {sa_handler=SIG_DFL, sa_mask=[], sa_flags=0}, 8) = 0 <0.000011>
1715  20:11:41.091030 rt_sigaction(SIGRT_4, {sa_handler=SIG_DFL, sa_mask=[], sa_flags=0}, NULL, 8) = 0 <0.000011>
1715  20:11:41.091087 rt_sigaction(SIGRT_5, NULL, {sa_handler=SIG_DFL, sa_mask=[], sa_flags=0}, 8) = 0 <0.000011>
1715  20:11:41.091145 rt_sigaction(SIGRT_5, {sa_handler=SIG_DFL, sa_mask=[], sa_flags=0}, NULL, 8) = 0 <0.000011>
1715  20:11:41.091201 rt_sigaction(SIGRT_6, NULL, {sa_handler=SIG_DFL, sa_mask=[], sa_flags=0}, 8) = 0 <0.000011>
1715  20:11:41.091258 rt_sigaction(SIGRT_6, {sa_handler=SIG_DFL, sa_mask=[], sa_flags=0}, NULL, 8) = 0 <0.000011>
1715  20:11:41.091314 rt_sigaction(SIGRT_7, NULL, {sa_handler=SIG_DFL, sa_mask=[], sa_flags=0}, 8) = 0 <0.000011>
1715  20:11:41.091371 rt_sigaction(SIGRT_7, {sa_handler=SIG_DFL, sa_mask=[], sa_flags=0}, NULL, 8) = 0 <0.000011>
1715  20:11:41.091426 rt_sigaction(SIGRT_8, NULL, {sa_handler=SIG_DFL, sa_mask=[], sa_flags=0}, 8) = 0 <0.000011>
1715  20:11:41.091484 rt_sigaction(SIGRT_8, {sa_handler=SIG_DFL, sa_mask=[], sa_flags=0}, NULL, 8) = 0 <0.000012>
1715  20:11:41.091541 rt_sigaction(SIGRT_9, NULL, {sa_handler=SIG_DFL, sa_mask=[], sa_flags=0}, 8) = 0 <0.000011>
1715  20:11:41.091598 rt_sigaction(SIGRT_9, {sa_handler=SIG_DFL, sa_mask=[], sa_flags=0}, NULL, 8) = 0 <0.000011>
1715  20:11:41.091654 rt_sigaction(SIGRT_10, NULL, {sa_handler=SIG_DFL, sa_mask=[], sa_flags=0}, 8) = 0 <0.000011>
1715  20:11:41.091711 rt_sigaction(SIGRT_10, {sa_handler=SIG_DFL, sa_mask=[], sa_flags=0}, NULL, 8) = 0 <0.000012>
1715  20:11:41.091767 rt_sigaction(SIGRT_11, NULL, {sa_handler=SIG_DFL, sa_mask=[], sa_flags=0}, 8) = 0 <0.000011>
1715  20:11:41.091825 rt_sigaction(SIGRT_11, {sa_handler=SIG_DFL, sa_mask=[], sa_flags=0}, NULL, 8) = 0 <0.000011>
1715  20:11:41.091881 rt_sigaction(SIGRT_12, NULL, {sa_handler=SIG_DFL, sa_mask=[], sa_flags=0}, 8) = 0 <0.000011>
1715  20:11:41.091938 rt_sigaction(SIGRT_12, {sa_handler=SIG_DFL, sa_mask=[], sa_flags=0}, NULL, 8) = 0 <0.000011>
1715  20:11:41.091994 rt_sigaction(SIGRT_13, NULL, {sa_handler=SIG_DFL, sa_mask=[], sa_flags=0}, 8) = 0 <0.000011>
1715  20:11:41.092051 rt_sigaction(SIGRT_13, {sa_handler=SIG_DFL, sa_mask=[], sa_flags=0}, NULL, 8) = 0 <0.000012>
1715  20:11:41.092108 rt_sigaction(SIGRT_14, NULL, {sa_handler=SIG_DFL, sa_mask=[], sa_flags=0}, 8) = 0 <0.000011>
1715  20:11:41.092165 rt_sigaction(SIGRT_14, {sa_handler=SIG_DFL, sa_mask=[], sa_flags=0}, NULL, 8) = 0 <0.000011>
1715  20:11:41.092223 rt_sigaction(SIGRT_15, NULL, {sa_handler=SIG_DFL, sa_mask=[], sa_flags=0}, 8) = 0 <0.000011>
1715  20:11:41.092281 rt_sigaction(SIGRT_15, {sa_handler=SIG_DFL, sa_mask=[], sa_flags=0}, NULL, 8) = 0 <0.000012>
1715  20:11:41.092337 rt_sigaction(SIGRT_16, NULL, {sa_handler=SIG_DFL, sa_mask=[], sa_flags=0}, 8) = 0 <0.000011>
1715  20:11:41.092394 rt_sigaction(SIGRT_16, {sa_handler=SIG_DFL, sa_mask=[], sa_flags=0}, NULL, 8) = 0 <0.000012>
1715  20:11:41.092451 rt_sigaction(SIGRT_17, NULL, {sa_handler=SIG_DFL, sa_mask=[], sa_flags=0}, 8) = 0 <0.000010>
1715  20:11:41.092507 rt_sigaction(SIGRT_17, {sa_handler=SIG_DFL, sa_mask=[], sa_flags=0}, NULL, 8) = 0 <0.000011>
1715  20:11:41.092564 rt_sigaction(SIGRT_18, NULL, {sa_handler=SIG_DFL, sa_mask=[], sa_flags=0}, 8) = 0 <0.000011>
1715  20:11:41.092621 rt_sigaction(SIGRT_18, {sa_handler=SIG_DFL, sa_mask=[], sa_flags=0}, NULL, 8) = 0 <0.000011>
1715  20:11:41.092688 rt_sigaction(SIGRT_19, NULL, {sa_handler=SIG_DFL, sa_mask=[], sa_flags=0}, 8) = 0 <0.000011>
1715  20:11:41.092746 rt_sigaction(SIGRT_19, {sa_handler=SIG_DFL, sa_mask=[], sa_flags=0}, NULL, 8) = 0 <0.000011>
1715  20:11:41.092802 rt_sigaction(SIGRT_20, NULL, {sa_handler=SIG_DFL, sa_mask=[], sa_flags=0}, 8) = 0 <0.000011>
1715  20:11:41.092859 rt_sigaction(SIGRT_20, {sa_handler=SIG_DFL, sa_mask=[], sa_flags=0}, NULL, 8) = 0 <0.000012>
1715  20:11:41.092916 rt_sigaction(SIGRT_21, NULL, {sa_handler=SIG_DFL, sa_mask=[], sa_flags=0}, 8) = 0 <0.000011>
1715  20:11:41.092973 rt_sigaction(SIGRT_21, {sa_handler=SIG_DFL, sa_mask=[], sa_flags=0}, NULL, 8) = 0 <0.000011>
1715  20:11:41.093029 rt_sigaction(SIGRT_22, NULL, {sa_handler=SIG_DFL, sa_mask=[], sa_flags=0}, 8) = 0 <0.000011>
1715  20:11:41.093086 rt_sigaction(SIGRT_22, {sa_handler=SIG_DFL, sa_mask=[], sa_flags=0}, NULL, 8) = 0 <0.000011>
1715  20:11:41.093142 rt_sigaction(SIGRT_23, NULL, {sa_handler=SIG_DFL, sa_mask=[], sa_flags=0}, 8) = 0 <0.000011>
1715  20:11:41.093201 rt_sigaction(SIGRT_23, {sa_handler=SIG_DFL, sa_mask=[], sa_flags=0}, NULL, 8) = 0 <0.000011>
1715  20:11:41.093257 rt_sigaction(SIGRT_24, NULL, {sa_handler=SIG_DFL, sa_mask=[], sa_flags=0}, 8) = 0 <0.000011>
1715  20:11:41.093313 rt_sigaction(SIGRT_24, {sa_handler=SIG_DFL, sa_mask=[], sa_flags=0}, NULL, 8) = 0 <0.000011>
1715  20:11:41.093369 rt_sigaction(SIGRT_25, NULL, {sa_handler=SIG_DFL, sa_mask=[], sa_flags=0}, 8) = 0 <0.000011>
1715  20:11:41.093427 rt_sigaction(SIGRT_25, {sa_handler=SIG_DFL, sa_mask=[], sa_flags=0}, NULL, 8) = 0 <0.000011>
1715  20:11:41.093483 rt_sigaction(SIGRT_26, NULL, {sa_handler=SIG_DFL, sa_mask=[], sa_flags=0}, 8) = 0 <0.000011>
1715  20:11:41.093541 rt_sigaction(SIGRT_26, {sa_handler=SIG_DFL, sa_mask=[], sa_flags=0}, NULL, 8) = 0 <0.000011>
1715  20:11:41.093597 rt_sigaction(SIGRT_27, NULL, {sa_handler=SIG_DFL, sa_mask=[], sa_flags=0}, 8) = 0 <0.000011>
1715  20:11:41.093654 rt_sigaction(SIGRT_27, {sa_handler=SIG_DFL, sa_mask=[], sa_flags=0}, NULL, 8) = 0 <0.000011>
1715  20:11:41.093710 rt_sigaction(SIGRT_28, NULL, {sa_handler=SIG_DFL, sa_mask=[], sa_flags=0}, 8) = 0 <0.000011>
1715  20:11:41.093768 rt_sigaction(SIGRT_28, {sa_handler=SIG_DFL, sa_mask=[], sa_flags=0}, NULL, 8) = 0 <0.000011>
1715  20:11:41.093823 rt_sigaction(SIGRT_29, NULL, {sa_handler=SIG_DFL, sa_mask=[], sa_flags=0}, 8) = 0 <0.000011>
1715  20:11:41.093880 rt_sigaction(SIGRT_29, {sa_handler=SIG_DFL, sa_mask=[], sa_flags=0}, NULL, 8) = 0 <0.000011>
1715  20:11:41.093936 rt_sigaction(SIGRT_30, NULL, {sa_handler=SIG_DFL, sa_mask=[], sa_flags=0}, 8) = 0 <0.000011>
1715  20:11:41.093993 rt_sigaction(SIGRT_30, {sa_handler=SIG_DFL, sa_mask=[], sa_flags=0}, NULL, 8) = 0 <0.000011>
1715  20:11:41.094050 rt_sigaction(SIGRT_31, NULL, {sa_handler=SIG_DFL, sa_mask=[], sa_flags=0}, 8) = 0 <0.000011>
1715  20:11:41.094178 rt_sigaction(SIGRT_31, {sa_handler=SIG_DFL, sa_mask=[], sa_flags=0}, NULL, 8) = 0 <0.000012>
1715  20:11:41.094238 rt_sigaction(SIGRT_32, NULL, {sa_handler=SIG_DFL, sa_mask=[], sa_flags=0}, 8) = 0 <0.000011>
1715  20:11:41.094295 rt_sigaction(SIGRT_32, {sa_handler=SIG_DFL, sa_mask=[], sa_flags=0}, NULL, 8) = 0 <0.000011>
1715  20:11:41.094352 dup3(4, 1, 0)     = 1 <0.000013>
1715  20:11:41.094405 rt_sigprocmask(SIG_SETMASK, [], NULL, 8) = 0 <0.000012>
1715  20:11:41.094463 execve("/bin/sh", ["sh", "-c", "ls /home/root/edgeai-tidl-tools/model-artifacts/cl-tfl-mobilenet_v1_1.0_224//*io_1.bin | head -1"], 0xffffe30f0d48 /* 32 vars */ <unfinished ...>
1711  20:11:41.094622 <... clone resumed>) = 1715 <0.007499>
1711  20:11:41.094663 munmap(0xffff84820000, 36864) = 0 <0.000035>
1711  20:11:41.094749 rt_sigprocmask(SIG_SETMASK, [], NULL, 8) = 0 <0.000022>
1715  20:11:41.094814 <... execve resumed>) = 0 <0.000305>
1711  20:11:41.094838 close(4)          = 0 <0.000017>
1711  20:11:41.094900 fcntl(3, F_SETFD, 0) = 0 <0.000016>
1715  20:11:41.094953 brk(NULL <unfinished ...>
1711  20:11:41.094977 newfstatat(3, "",  <unfinished ...>
1715  20:11:41.095013 <... brk resumed>) = 0x1ce7b000 <0.000040>
1711  20:11:41.095061 <... newfstatat resumed>{st_mode=S_IFIFO|0600, st_size=0, ...}, AT_EMPTY_PATH) = 0 <0.000052>
1715  20:11:41.095109 mmap(NULL, 8192, PROT_READ|PROT_WRITE, MAP_PRIVATE|MAP_ANONYMOUS, -1, 0 <unfinished ...>
1711  20:11:41.095135 read(3,  <unfinished ...>
1715  20:11:41.095158 <... mmap resumed>) = 0xffffac216000 <0.000027>
1715  20:11:41.095209 faccessat(AT_FDCWD, "/etc/ld.so.preload", R_OK) = -1 ENOENT (No such file or directory) <0.000022>
1715  20:11:41.095302 openat(AT_FDCWD, "/etc/ld.so.cache", O_RDONLY|O_CLOEXEC) = 3 <0.000020>
1715  20:11:41.095372 newfstatat(3, "", {st_mode=S_IFREG|0644, st_size=41887, ...}, AT_EMPTY_PATH) = 0 <0.000014>
1715  20:11:41.095443 mmap(NULL, 41887, PROT_READ, MAP_PRIVATE, 3, 0) = 0xffffac1d7000 <0.000022>
1715  20:11:41.095507 close(3)          = 0 <0.000012>
1715  20:11:41.095570 openat(AT_FDCWD, "/lib/libtinfo.so.5", O_RDONLY|O_CLOEXEC) = 3 <0.000020>
1715  20:11:41.095638 read(3, "\177ELF\2\1\1\0\0\0\0\0\0\0\0\0\3\0\267\0\1\0\0\0\0\0\0\0\0\0\0\0@\0\0\0\0\0\0\0\230\351\2\0\0\0\0\0\0\0\0\0@\08\0\t\0@\0\33\0\32\0\1\0\0\0\5\0\0\0\0\0\0\0\0\0\0\0\0\0\0\0\0\0\0\0\0\0\0\0\0\0\0\0 \237\2\0\0\0\0\0 \237\2\0\0\0\0\0\0\0\1\0\0\0\0\0\1\0\0\0\6\0\0\0\260\255\2\0\0\0\0\0\260\255\3\0\0\0\0\0\260\255\3\0\0\0\0\0\320:\0\0\0\0\0\0\270@\0\0\0\0\0\0\0\0\1\0\0\0\0\0\2\0\0\0\6\0\0\0\0\335\2\0\0\0\0\0\0\335\3\0\0\0\0\0"..., 832) = 832 <0.000015>
1715  20:11:41.095702 newfstatat(3, "", {st_mode=S_IFREG|0755, st_size=192600, ...}, AT_EMPTY_PATH) = 0 <0.000014>
1715  20:11:41.095774 mmap(NULL, 323176, PROT_NONE, MAP_PRIVATE|MAP_ANONYMOUS, -1, 0) = 0xffffac188000 <0.000022>
1715  20:11:41.095838 mmap(0xffffac190000, 257640, PROT_READ|PROT_EXEC, MAP_PRIVATE|MAP_FIXED|MAP_DENYWRITE, 3, 0) = 0xffffac190000 <0.000038>
1715  20:11:41.095918 munmap(0xffffac188000, 32768) = 0 <0.000017>
1715  20:11:41.095974 munmap(0xffffac1cf000, 32360) = 0 <0.000017>
1715  20:11:41.096030 mprotect(0xffffac1ba000, 65536, PROT_NONE) = 0 <0.000023>
1715  20:11:41.096092 mmap(0xffffac1ca000, 20480, PROT_READ|PROT_WRITE, MAP_PRIVATE|MAP_FIXED|MAP_DENYWRITE, 3, 0x2a000) = 0xffffac1ca000 <0.000021>
1715  20:11:41.096189 close(3)          = 0 <0.000012>
1715  20:11:41.096246 openat(AT_FDCWD, "/lib/libc.so.6", O_RDONLY|O_CLOEXEC) = 3 <0.000018>
1715  20:11:41.096313 read(3, "\177ELF\2\1\1\3\0\0\0\0\0\0\0\0\3\0\267\0\1\0\0\0@\264\2\0\0\0\0\0@\0\0\0\0\0\0\0H\317\30\0\0\0\0\0\0\0\0\0@\08\0\f\0@\0A\0@\0\6\0\0\0\4\0\0\0@\0\0\0\0\0\0\0@\0\0\0\0\0\0\0@\0\0\0\0\0\0\0\240\2\0\0\0\0\0\0\240\2\0\0\0\0\0\0\10\0\0\0\0\0\0\0\3\0\0\0\4\0\0\0PM\25\0\0\0\0\0PM\25\0\0\0\0\0PM\25\0\0\0\0\0\33\0\0\0\0\0\0\0\33\0\0\0\0\0\0\0\10\0\0\0\0\0\0\0\1\0\0\0\5\0\0\0\0\0\0\0\0\0\0\0\0\0\0\0\0\0\0\0"..., 832) = 832 <0.000015>
1715  20:11:41.096376 pread64(3, "\4\0\0\0\24\0\0\0\3\0\0\0GNU\0\343\375\0\277\32]\302\374\225&y\36']\345F\323\221\261{\4\0\0\0\20\0\0\0\1\0\0\0GNU\0\0\0\0\0\3\0\0\0\16\0\0\0\0\0\0\0", 68, 768) = 68 <0.000012>
1715  20:11:41.096435 newfstatat(3, "", {st_mode=S_IFREG|0755, st_size=1630088, ...}, AT_EMPTY_PATH) = 0 <0.000014>
1715  20:11:41.096505 mmap(NULL, 1805328, PROT_NONE, MAP_PRIVATE|MAP_ANONYMOUS, -1, 0) = 0xffffabfd7000 <0.000018>
1715  20:11:41.096565 mmap(0xffffabfe0000, 1739792, PROT_READ|PROT_EXEC, MAP_PRIVATE|MAP_FIXED|MAP_DENYWRITE, 3, 0) = 0xffffabfe0000 <0.000035>
1715  20:11:41.096642 munmap(0xffffabfd7000, 36864) = 0 <0.000017>
1715  20:11:41.096698 munmap(0xffffac189000, 27664) = 0 <0.000016>
1715  20:11:41.096752 mprotect(0xffffac167000, 65536, PROT_NONE) = 0 <0.000025>
1715  20:11:41.096816 mmap(0xffffac177000, 24576, PROT_READ|PROT_WRITE, MAP_PRIVATE|MAP_FIXED|MAP_DENYWRITE, 3, 0x187000) = 0xffffac177000 <0.000031>
1715  20:11:41.096905 mmap(0xffffac17d000, 48144, PROT_READ|PROT_WRITE, MAP_PRIVATE|MAP_FIXED|MAP_ANONYMOUS, -1, 0) = 0xffffac17d000 <0.000031>
1715  20:11:41.097002 close(3)          = 0 <0.000012>
1715  20:11:41.097075 mmap(NULL, 8192, PROT_READ|PROT_WRITE, MAP_PRIVATE|MAP_ANONYMOUS, -1, 0) = 0xffffac214000 <0.000019>
1715  20:11:41.097140 set_tid_address(0xffffac2140f0) = 1715 <0.000012>
1715  20:11:41.097206 set_robust_list(0xffffac214100, 24) = 0 <0.000011>
1715  20:11:41.097256 rseq(0xffffac2147c0, 0x20, 0, 0xd428bc00) = 0 <0.000011>
1715  20:11:41.097443 mprotect(0xffffac177000, 12288, PROT_READ) = 0 <0.000025>
1715  20:11:41.097573 mprotect(0xffffac1ca000, 16384, PROT_READ) = 0 <0.000022>
1715  20:11:41.097658 mprotect(0x522000, 4096, PROT_READ) = 0 <0.000020>
1715  20:11:41.097736 mprotect(0xffffac21b000, 8192, PROT_READ) = 0 <0.000023>
1715  20:11:41.097827 prlimit64(0, RLIMIT_STACK, NULL, {rlim_cur=8192*1024, rlim_max=RLIM64_INFINITY}) = 0 <0.000013>
1715  20:11:41.097908 munmap(0xffffac1d7000, 41887) = 0 <0.000038>
1715  20:11:41.098030 openat(AT_FDCWD, "/dev/tty", O_RDWR|O_NONBLOCK) = 3 <0.000056>
1715  20:11:41.098159 close(3)          = 0 <0.000016>
1715  20:11:41.098258 getrandom("\x7b\xdf\x00\x65\xde\x23\xad\xe4", 8, GRND_NONBLOCK) = 8 <0.000014>
1715  20:11:41.098326 brk(NULL)         = 0x1ce7b000 <0.000012>
1715  20:11:41.098380 brk(0x1ce9c000)   = 0x1ce9c000 <0.000026>
1715  20:11:41.098479 getuid()          = 0 <0.000012>
1715  20:11:41.098532 getgid()          = 0 <0.000011>
1715  20:11:41.098582 geteuid()         = 0 <0.000011>
1715  20:11:41.098634 getegid()         = 0 <0.000011>
1715  20:11:41.098743 ioctl(-1, TIOCGPGRP, 0xffffebd0cf0c) = -1 EBADF (Bad file descriptor) <0.000012>
1715  20:11:41.098823 sysinfo({uptime=263, loads=[6976, 37920, 21120], totalram=2275356672, freeram=1874952192, sharedram=10067968, bufferram=12251136, totalswap=0, freeswap=0, procs=166, totalhigh=0, freehigh=0, mem_unit=1}) = 0 <0.000018>
1715  20:11:41.098985 rt_sigaction(SIGCHLD, {sa_handler=SIG_DFL, sa_mask=[], sa_flags=SA_RESTART}, {sa_handler=SIG_DFL, sa_mask=[], sa_flags=0}, 8) = 0 <0.000014>
1715  20:11:41.099055 rt_sigaction(SIGCHLD, {sa_handler=SIG_DFL, sa_mask=[], sa_flags=SA_RESTART}, {sa_handler=SIG_DFL, sa_mask=[], sa_flags=SA_RESTART}, 8) = 0 <0.000011>
1715  20:11:41.099116 rt_sigaction(SIGINT, {sa_handler=SIG_DFL, sa_mask=[], sa_flags=0}, {sa_handler=SIG_DFL, sa_mask=[], sa_flags=0}, 8) = 0 <0.000012>
1715  20:11:41.099180 rt_sigaction(SIGINT, {sa_handler=SIG_DFL, sa_mask=[], sa_flags=0}, {sa_handler=SIG_DFL, sa_mask=[], sa_flags=0}, 8) = 0 <0.000012>
1715  20:11:41.099243 rt_sigaction(SIGQUIT, {sa_handler=SIG_DFL, sa_mask=[], sa_flags=0}, {sa_handler=SIG_DFL, sa_mask=[], sa_flags=0}, 8) = 0 <0.000011>
1715  20:11:41.099306 rt_sigaction(SIGQUIT, {sa_handler=SIG_DFL, sa_mask=[], sa_flags=0}, {sa_handler=SIG_DFL, sa_mask=[], sa_flags=0}, 8) = 0 <0.000011>
1715  20:11:41.099369 rt_sigaction(SIGTSTP, {sa_handler=SIG_DFL, sa_mask=[], sa_flags=0}, {sa_handler=SIG_DFL, sa_mask=[], sa_flags=0}, 8) = 0 <0.000012>
1715  20:11:41.099431 rt_sigaction(SIGTSTP, {sa_handler=SIG_DFL, sa_mask=[], sa_flags=0}, {sa_handler=SIG_DFL, sa_mask=[], sa_flags=0}, 8) = 0 <0.000012>
1715  20:11:41.099493 rt_sigaction(SIGTTIN, {sa_handler=SIG_DFL, sa_mask=[], sa_flags=0}, {sa_handler=SIG_DFL, sa_mask=[], sa_flags=0}, 8) = 0 <0.000012>
1715  20:11:41.099556 rt_sigaction(SIGTTIN, {sa_handler=SIG_DFL, sa_mask=[], sa_flags=0}, {sa_handler=SIG_DFL, sa_mask=[], sa_flags=0}, 8) = 0 <0.000012>
1715  20:11:41.099623 rt_sigaction(SIGTTOU, {sa_handler=SIG_DFL, sa_mask=[], sa_flags=0}, {sa_handler=SIG_DFL, sa_mask=[], sa_flags=0}, 8) = 0 <0.000011>
1715  20:11:41.099685 rt_sigaction(SIGTTOU, {sa_handler=SIG_DFL, sa_mask=[], sa_flags=0}, {sa_handler=SIG_DFL, sa_mask=[], sa_flags=0}, 8) = 0 <0.000012>
1715  20:11:41.099749 rt_sigprocmask(SIG_BLOCK, NULL, [], 8) = 0 <0.000011>
1715  20:11:41.099807 rt_sigaction(SIGQUIT, {sa_handler=SIG_IGN, sa_mask=[], sa_flags=0}, {sa_handler=SIG_DFL, sa_mask=[], sa_flags=0}, 8) = 0 <0.000012>
1715  20:11:41.099872 uname({sysname="Linux", nodename="tda4vm-sk", ...}) = 0 <0.000013>
1715  20:11:41.099994 newfstatat(AT_FDCWD, "/home/sri/edgeai-tidl-tools", {st_mode=S_IFDIR|S_ISGID|0755, st_size=4096, ...}, 0) = 0 <0.000023>
1715  20:11:41.100074 newfstatat(AT_FDCWD, ".", {st_mode=S_IFDIR|S_ISGID|0755, st_size=4096, ...}, 0) = 0 <0.000014>
1715  20:11:41.100166 newfstatat(AT_FDCWD, "/home", {st_mode=S_IFDIR|0755, st_size=4096, ...}, 0) = 0 <0.000014>
1715  20:11:41.100234 newfstatat(AT_FDCWD, "/home/sri", {st_mode=S_IFDIR|S_ISGID|0755, st_size=4096, ...}, 0) = 0 <0.000014>
1715  20:11:41.100300 newfstatat(AT_FDCWD, "/home/sri/edgeai-tidl-tools", {st_mode=S_IFDIR|S_ISGID|0755, st_size=4096, ...}, 0) = 0 <0.000014>
1715  20:11:41.100369 newfstatat(AT_FDCWD, "/home/sri/edgeai-tidl-tools/examples", {st_mode=S_IFDIR|S_ISGID|0755, st_size=4096, ...}, 0) = 0 <0.000015>
1715  20:11:41.100438 getpid()          = 1715 <0.000012>
1715  20:11:41.100499 getppid()         = 1711 <0.000012>
1715  20:11:41.100564 newfstatat(AT_FDCWD, ".", {st_mode=S_IFDIR|S_ISGID|0755, st_size=4096, ...}, 0) = 0 <0.000014>
1715  20:11:41.100635 newfstatat(AT_FDCWD, "/usr/local/bin/sh", 0xffffebd0cb70, 0) = -1 ENOENT (No such file or directory) <0.000014>
1715  20:11:41.100701 newfstatat(AT_FDCWD, "/usr/bin/sh", 0xffffebd0cb70, 0) = -1 ENOENT (No such file or directory) <0.000014>
1715  20:11:41.100763 newfstatat(AT_FDCWD, "/bin/sh", {st_mode=S_IFREG|0755, st_size=1163112, ...}, 0) = 0 <0.000017>
1715  20:11:41.100833 newfstatat(AT_FDCWD, "/bin/sh", {st_mode=S_IFREG|0755, st_size=1163112, ...}, 0) = 0 <0.000014>
1715  20:11:41.100898 geteuid()         = 0 <0.000011>
1715  20:11:41.100947 getegid()         = 0 <0.000011>
1715  20:11:41.100996 getuid()          = 0 <0.000011>
1715  20:11:41.101046 getgid()          = 0 <0.000011>
1715  20:11:41.101094 faccessat(AT_FDCWD, "/bin/sh", X_OK) = 0 <0.000021>
1715  20:11:41.101161 newfstatat(AT_FDCWD, "/bin/sh", {st_mode=S_IFREG|0755, st_size=1163112, ...}, 0) = 0 <0.000014>
1715  20:11:41.101228 geteuid()         = 0 <0.000011>
1715  20:11:41.101277 getegid()         = 0 <0.000011>
1715  20:11:41.101326 getuid()          = 0 <0.000011>
1715  20:11:41.101375 getgid()          = 0 <0.000011>
1715  20:11:41.101424 faccessat(AT_FDCWD, "/bin/sh", R_OK) = 0 <0.000016>
1715  20:11:41.101485 newfstatat(AT_FDCWD, "/bin/sh", {st_mode=S_IFREG|0755, st_size=1163112, ...}, 0) = 0 <0.000014>
1715  20:11:41.101550 newfstatat(AT_FDCWD, "/bin/sh", {st_mode=S_IFREG|0755, st_size=1163112, ...}, 0) = 0 <0.000014>
1715  20:11:41.101616 geteuid()         = 0 <0.000011>
1715  20:11:41.101665 getegid()         = 0 <0.000011>
1715  20:11:41.101714 getuid()          = 0 <0.000011>
1715  20:11:41.101762 getgid()          = 0 <0.000011>
1715  20:11:41.101811 faccessat(AT_FDCWD, "/bin/sh", X_OK) = 0 <0.000016>
1715  20:11:41.101871 newfstatat(AT_FDCWD, "/bin/sh", {st_mode=S_IFREG|0755, st_size=1163112, ...}, 0) = 0 <0.000014>
1715  20:11:41.101936 geteuid()         = 0 <0.000011>
1715  20:11:41.101985 getegid()         = 0 <0.000011>
1715  20:11:41.102035 getuid()          = 0 <0.000011>
1715  20:11:41.102083 getgid()          = 0 <0.000015>
1715  20:11:41.102261 faccessat(AT_FDCWD, "/bin/sh", R_OK) = 0 <0.000017>
1715  20:11:41.102343 getpid()          = 1715 <0.000012>
1715  20:11:41.102393 getppid()         = 1711 <0.000011>
1715  20:11:41.102458 getpid()          = 1715 <0.000011>
1715  20:11:41.102507 getppid()         = 1711 <0.000011>
1715  20:11:41.102606 getpgid(0)        = 1708 <0.000012>
1715  20:11:41.102659 ioctl(2, TIOCGPGRP, [1708]) = 0 <0.000015>
1715  20:11:41.102722 rt_sigaction(SIGCHLD, {sa_handler=0x44cb50, sa_mask=[], sa_flags=SA_RESTART}, {sa_handler=SIG_DFL, sa_mask=[], sa_flags=SA_RESTART}, 8) = 0 <0.000012>
1715  20:11:41.102791 prlimit64(0, RLIMIT_NPROC, NULL, {rlim_cur=6624, rlim_max=6624}) = 0 <0.000012>
1715  20:11:41.102945 rt_sigprocmask(SIG_BLOCK, NULL, [], 8) = 0 <0.000012>
1715  20:11:41.103038 rt_sigprocmask(SIG_BLOCK, [CHLD], [], 8) = 0 <0.000013>
1715  20:11:41.103102 pipe2([3, 4], 0)  = 0 <0.000032>
1715  20:11:41.103210 rt_sigprocmask(SIG_BLOCK, NULL, [CHLD], 8) = 0 <0.000012>
1715  20:11:41.103267 rt_sigprocmask(SIG_BLOCK, [INT TERM CHLD], [CHLD], 8) = 0 <0.000012>
1715  20:11:41.103331 clone(child_stack=NULL, flags=CLONE_CHILD_CLEARTID|CLONE_CHILD_SETTID|SIGCHLD, child_tidptr=0xffffac2140f0) = 1716 <0.000231>
1716  20:11:41.103657 set_robust_list(0xffffac214100, 24 <unfinished ...>
1715  20:11:41.103713 rt_sigprocmask(SIG_SETMASK, [CHLD],  <unfinished ...>
1716  20:11:41.103746 <... set_robust_list resumed>) = 0 <0.000040>
1715  20:11:41.103769 <... rt_sigprocmask resumed>NULL, 8) = 0 <0.000028>
1716  20:11:41.103838 getpid( <unfinished ...>
1715  20:11:41.103859 close(4 <unfinished ...>
1716  20:11:41.103880 <... getpid resumed>) = 1716 <0.000024>
1715  20:11:41.103903 <... close resumed>) = 0 <0.000027>
1716  20:11:41.103945 rt_sigprocmask(SIG_SETMASK, [],  <unfinished ...>
1715  20:11:41.103977 close(4 <unfinished ...>
1716  20:11:41.103999 <... rt_sigprocmask resumed>NULL, 8) = 0 <0.000027>
1715  20:11:41.104022 <... close resumed>) = -1 EBADF (Bad file descriptor) <0.000027>
1716  20:11:41.104050 rt_sigaction(SIGTSTP, {sa_handler=SIG_DFL, sa_mask=[], sa_flags=0},  <unfinished ...>
1715  20:11:41.104094 rt_sigprocmask(SIG_BLOCK, NULL,  <unfinished ...>
1716  20:11:41.104114 <... rt_sigaction resumed>{sa_handler=SIG_DFL, sa_mask=[], sa_flags=0}, 8) = 0 <0.000038>
1715  20:11:41.104143 <... rt_sigprocmask resumed>[CHLD], 8) = 0 <0.000032>
1716  20:11:41.104174 rt_sigaction(SIGTTIN, {sa_handler=SIG_DFL, sa_mask=[], sa_flags=0},  <unfinished ...>
1715  20:11:41.104201 rt_sigprocmask(SIG_BLOCK, [INT TERM CHLD],  <unfinished ...>
1716  20:11:41.104227 <... rt_sigaction resumed>{sa_handler=SIG_DFL, sa_mask=[], sa_flags=0}, 8) = 0 <0.000031>
1715  20:11:41.104255 <... rt_sigprocmask resumed>[CHLD], 8) = 0 <0.000033>
1716  20:11:41.104283 rt_sigaction(SIGTTOU, {sa_handler=SIG_DFL, sa_mask=[], sa_flags=0},  <unfinished ...>
1715  20:11:41.104310 clone(child_stack=NULL, flags=CLONE_CHILD_CLEARTID|CLONE_CHILD_SETTID|SIGCHLD <unfinished ...>
1716  20:11:41.104333 <... rt_sigaction resumed>{sa_handler=SIG_DFL, sa_mask=[], sa_flags=0}, 8) = 0 <0.000027>
1716  20:11:41.104544 close(3 <unfinished ...>
1715  20:11:41.104571 <... clone resumed>, child_tidptr=0xffffac2140f0) = 1717 <0.000243>
1717  20:11:41.104599 set_robust_list(0xffffac214100, 24 <unfinished ...>
1716  20:11:41.104622 <... close resumed>) = 0 <0.000053>
1715  20:11:41.104671 rt_sigprocmask(SIG_SETMASK, [CHLD],  <unfinished ...>
1717  20:11:41.104732 <... set_robust_list resumed>) = 0 <0.000114>
1716  20:11:41.104755 dup3(4, 1, 0 <unfinished ...>
1715  20:11:41.104781 <... rt_sigprocmask resumed>NULL, 8) = 0 <0.000078>
1717  20:11:41.104829 getpid( <unfinished ...>
1716  20:11:41.104849 <... dup3 resumed>) = 1 <0.000075>
1717  20:11:41.104873 <... getpid resumed>) = 1717 <0.000026>
1715  20:11:41.104894 close(3 <unfinished ...>
1716  20:11:41.104917 close(4 <unfinished ...>
1717  20:11:41.104941 rt_sigprocmask(SIG_SETMASK, [],  <unfinished ...>
1715  20:11:41.104968 <... close resumed>) = 0 <0.000057>
1717  20:11:41.104991 <... rt_sigprocmask resumed>NULL, 8) = 0 <0.000025>
1716  20:11:41.105011 <... close resumed>) = 0 <0.000077>
1717  20:11:41.105034 rt_sigaction(SIGTSTP, {sa_handler=SIG_DFL, sa_mask=[], sa_flags=0},  <unfinished ...>
1715  20:11:41.105065 rt_sigprocmask(SIG_BLOCK, [CHLD],  <unfinished ...>
1716  20:11:41.105132 openat(AT_FDCWD, "/home/root/edgeai-tidl-tools/model-artifacts/cl-tfl-mobilenet_v1_1.0_224//", O_RDONLY|O_NONBLOCK|O_CLOEXEC|O_DIRECTORY <unfinished ...>
1715  20:11:41.105169 <... rt_sigprocmask resumed>[CHLD], 8) = 0 <0.000077>
1717  20:11:41.105200 <... rt_sigaction resumed>{sa_handler=SIG_DFL, sa_mask=[], sa_flags=0}, 8) = 0 <0.000139>
1716  20:11:41.105232 <... openat resumed>) = 3 <0.000066>
1717  20:11:41.105257 rt_sigaction(SIGTTIN, {sa_handler=SIG_DFL, sa_mask=[], sa_flags=0},  <unfinished ...>
1715  20:11:41.105283 rt_sigprocmask(SIG_SETMASK, [CHLD],  <unfinished ...>
1717  20:11:41.105312 <... rt_sigaction resumed>{sa_handler=SIG_DFL, sa_mask=[], sa_flags=0}, 8) = 0 <0.000031>
1716  20:11:41.105338 newfstatat(3, "",  <unfinished ...>
1715  20:11:41.105375 <... rt_sigprocmask resumed>NULL, 8) = 0 <0.000071>
1717  20:11:41.105400 rt_sigaction(SIGTTOU, {sa_handler=SIG_DFL, sa_mask=[], sa_flags=0},  <unfinished ...>
1716  20:11:41.105425 <... newfstatat resumed>{st_mode=S_IFDIR|0775, st_size=4096, ...}, AT_EMPTY_PATH) = 0 <0.000052>
1717  20:11:41.105479 <... rt_sigaction resumed>{sa_handler=SIG_DFL, sa_mask=[], sa_flags=0}, 8) = 0 <0.000056>
1715  20:11:41.105510 rt_sigprocmask(SIG_BLOCK, [CHLD],  <unfinished ...>
1716  20:11:41.105540 getdents64(3,  <unfinished ...>
1717  20:11:41.105582 dup3(3, 0, 0 <unfinished ...>
1716  20:11:41.105608 <... getdents64 resumed>0x1ce8a660 /* 8 entries */, 32768) = 280 <0.000048>
1717  20:11:41.105644 <... dup3 resumed>) = 0 <0.000043>
1715  20:11:41.105665 <... rt_sigprocmask resumed>[CHLD], 8) = 0 <0.000132>
1717  20:11:41.105694 close(3 <unfinished ...>
1716  20:11:41.105713 getdents64(3,  <unfinished ...>
1717  20:11:41.105734 <... close resumed>) = 0 <0.000024>
1715  20:11:41.105754 rt_sigaction(SIGINT, {sa_handler=0x44a140, sa_mask=[], sa_flags=0},  <unfinished ...>
1716  20:11:41.105785 <... getdents64 resumed>0x1ce8a660 /* 0 entries */, 32768) = 0 <0.000056>
1717  20:11:41.105868 newfstatat(AT_FDCWD, ".",  <unfinished ...>
1715  20:11:41.105900 <... rt_sigaction resumed>{sa_handler=SIG_DFL, sa_mask=[], sa_flags=0}, 8) = 0 <0.000122>
1717  20:11:41.105933 <... newfstatat resumed>{st_mode=S_IFDIR|S_ISGID|0755, st_size=4096, ...}, 0) = 0 <0.000036>
1716  20:11:41.105962 close(3 <unfinished ...>
1717  20:11:41.105985 newfstatat(AT_FDCWD, "/usr/local/bin/head",  <unfinished ...>
1715  20:11:41.106011 wait4(-1,  <unfinished ...>
1717  20:11:41.106034 <... newfstatat resumed>0xffffebd0c6d0, 0) = -1 ENOENT (No such file or directory) <0.000026>
1716  20:11:41.106059 <... close resumed>) = 0 <0.000081>
1717  20:11:41.106081 newfstatat(AT_FDCWD, "/usr/bin/head",  <unfinished ...>
1716  20:11:41.106153 newfstatat(AT_FDCWD, ".",  <unfinished ...>
1717  20:11:41.106181 <... newfstatat resumed>{st_mode=S_IFREG|0755, st_size=47736, ...}, 0) = 0 <0.000035>
1716  20:11:41.106212 <... newfstatat resumed>{st_mode=S_IFDIR|S_ISGID|0755, st_size=4096, ...}, 0) = 0 <0.000035>
1717  20:11:41.106242 newfstatat(AT_FDCWD, "/usr/bin/head",  <unfinished ...>
1716  20:11:41.106270 newfstatat(AT_FDCWD, "/usr/local/bin/ls",  <unfinished ...>
1717  20:11:41.106299 <... newfstatat resumed>{st_mode=S_IFREG|0755, st_size=47736, ...}, 0) = 0 <0.000034>
1716  20:11:41.106328 <... newfstatat resumed>0xffffebd0c6d0, 0) = -1 ENOENT (No such file or directory) <0.000033>
1717  20:11:41.106354 geteuid( <unfinished ...>
1716  20:11:41.106375 newfstatat(AT_FDCWD, "/usr/bin/ls",  <unfinished ...>
1717  20:11:41.106401 <... geteuid resumed>) = 0 <0.000031>
1716  20:11:41.106424 <... newfstatat resumed>0xffffebd0c6d0, 0) = -1 ENOENT (No such file or directory) <0.000027>
1717  20:11:41.106448 getegid( <unfinished ...>
1716  20:11:41.106469 newfstatat(AT_FDCWD, "/bin/ls",  <unfinished ...>
1717  20:11:41.106495 <... getegid resumed>) = 0 <0.000031>
1716  20:11:41.106517 <... newfstatat resumed>{st_mode=S_IFREG|0755, st_size=159344, ...}, 0) = 0 <0.000027>
1717  20:11:41.106547 getuid( <unfinished ...>
1716  20:11:41.106567 newfstatat(AT_FDCWD, "/bin/ls",  <unfinished ...>
1717  20:11:41.106596 <... getuid resumed>) = 0 <0.000032>
1716  20:11:41.106618 <... newfstatat resumed>{st_mode=S_IFREG|0755, st_size=159344, ...}, 0) = 0 <0.000027>
1717  20:11:41.106647 getgid( <unfinished ...>
1716  20:11:41.106667 geteuid( <unfinished ...>
1717  20:11:41.106688 <... getgid resumed>) = 0 <0.000024>
1716  20:11:41.106710 <... geteuid resumed>) = 0 <0.000027>
1717  20:11:41.106732 faccessat(AT_FDCWD, "/usr/bin/head", X_OK <unfinished ...>
1716  20:11:41.106771 getegid( <unfinished ...>
1717  20:11:41.106792 <... faccessat resumed>) = 0 <0.000026>
1716  20:11:41.106814 <... getegid resumed>) = 0 <0.000027>
1717  20:11:41.106836 newfstatat(AT_FDCWD, "/usr/bin/head",  <unfinished ...>
1716  20:11:41.106862 getuid( <unfinished ...>
1717  20:11:41.106883 <... newfstatat resumed>{st_mode=S_IFREG|0755, st_size=47736, ...}, 0) = 0 <0.000025>
1716  20:11:41.106911 <... getuid resumed>) = 0 <0.000033>
1717  20:11:41.106935 geteuid( <unfinished ...>
1716  20:11:41.106955 getgid( <unfinished ...>
1717  20:11:41.106975 <... geteuid resumed>) = 0 <0.000025>
1716  20:11:41.107013 <... getgid resumed>) = 0 <0.000042>
1717  20:11:41.107036 getegid( <unfinished ...>
1716  20:11:41.107056 faccessat(AT_FDCWD, "/bin/ls", X_OK <unfinished ...>
1717  20:11:41.107083 <... getegid resumed>) = 0 <0.000031>
1716  20:11:41.107105 <... faccessat resumed>) = 0 <0.000027>
1717  20:11:41.107127 getuid( <unfinished ...>
1716  20:11:41.107147 newfstatat(AT_FDCWD, "/bin/ls",  <unfinished ...>
1717  20:11:41.107173 <... getuid resumed>) = 0 <0.000030>
1716  20:11:41.107195 <... newfstatat resumed>{st_mode=S_IFREG|0755, st_size=159344, ...}, 0) = 0 <0.000027>
1717  20:11:41.107223 getgid( <unfinished ...>
1716  20:11:41.107245 geteuid( <unfinished ...>
1717  20:11:41.107265 <... getgid resumed>) = 0 <0.000025>
1716  20:11:41.107287 <... geteuid resumed>) = 0 <0.000027>
1717  20:11:41.107309 faccessat(AT_FDCWD, "/usr/bin/head", R_OK <unfinished ...>
1716  20:11:41.107337 getegid( <unfinished ...>
1717  20:11:41.107357 <... faccessat resumed>) = 0 <0.000026>
1716  20:11:41.107379 <... getegid resumed>) = 0 <0.000026>
1717  20:11:41.107400 newfstatat(AT_FDCWD, "/usr/bin/head",  <unfinished ...>
1716  20:11:41.107426 getuid( <unfinished ...>
1717  20:11:41.107447 <... newfstatat resumed>{st_mode=S_IFREG|0755, st_size=47736, ...}, 0) = 0 <0.000025>
1716  20:11:41.107477 <... getuid resumed>) = 0 <0.000034>
1717  20:11:41.107499 newfstatat(AT_FDCWD, "/usr/bin/head",  <unfinished ...>
1716  20:11:41.107526 getgid( <unfinished ...>
1717  20:11:41.107546 <... newfstatat resumed>{st_mode=S_IFREG|0755, st_size=47736, ...}, 0) = 0 <0.000025>
1716  20:11:41.107575 <... getgid resumed>) = 0 <0.000033>
1717  20:11:41.107597 geteuid( <unfinished ...>
1716  20:11:41.107617 faccessat(AT_FDCWD, "/bin/ls", R_OK <unfinished ...>
1717  20:11:41.107644 <... geteuid resumed>) = 0 <0.000031>
1716  20:11:41.107667 <... faccessat resumed>) = 0 <0.000028>
1717  20:11:41.107689 getegid( <unfinished ...>
1716  20:11:41.107709 newfstatat(AT_FDCWD, "/bin/ls",  <unfinished ...>
1717  20:11:41.107735 <... getegid resumed>) = 0 <0.000030>
1716  20:11:41.107757 <... newfstatat resumed>{st_mode=S_IFREG|0755, st_size=159344, ...}, 0) = 0 <0.000027>
1717  20:11:41.107786 getuid( <unfinished ...>
1716  20:11:41.107806 newfstatat(AT_FDCWD, "/bin/ls",  <unfinished ...>
1717  20:11:41.107836 <... getuid resumed>) = 0 <0.000034>
1716  20:11:41.107858 <... newfstatat resumed>{st_mode=S_IFREG|0755, st_size=159344, ...}, 0) = 0 <0.000027>
1717  20:11:41.107886 getgid( <unfinished ...>
1716  20:11:41.107907 geteuid( <unfinished ...>
1717  20:11:41.107927 <... getgid resumed>) = 0 <0.000025>
1716  20:11:41.107949 <... geteuid resumed>) = 0 <0.000026>
1717  20:11:41.107970 faccessat(AT_FDCWD, "/usr/bin/head", X_OK <unfinished ...>
1716  20:11:41.107997 getegid( <unfinished ...>
1717  20:11:41.108018 <... faccessat resumed>) = 0 <0.000026>
1716  20:11:41.108040 <... getegid resumed>) = 0 <0.000026>
1717  20:11:41.108061 newfstatat(AT_FDCWD, "/usr/bin/head",  <unfinished ...>
1716  20:11:41.108087 getuid( <unfinished ...>
1717  20:11:41.108107 <... newfstatat resumed>{st_mode=S_IFREG|0755, st_size=47736, ...}, 0) = 0 <0.000025>
1716  20:11:41.108136 <... getuid resumed>) = 0 <0.000033>
1717  20:11:41.108158 geteuid( <unfinished ...>
1716  20:11:41.108178 getgid( <unfinished ...>
1717  20:11:41.108200 <... geteuid resumed>) = 0 <0.000027>
1716  20:11:41.108222 <... getgid resumed>) = 0 <0.000026>
1717  20:11:41.108243 getegid( <unfinished ...>
1716  20:11:41.108263 faccessat(AT_FDCWD, "/bin/ls", X_OK <unfinished ...>
1717  20:11:41.108290 <... getegid resumed>) = 0 <0.000030>
1716  20:11:41.108312 <... faccessat resumed>) = 0 <0.000027>
1717  20:11:41.108334 getuid( <unfinished ...>
1716  20:11:41.108355 newfstatat(AT_FDCWD, "/bin/ls",  <unfinished ...>
1717  20:11:41.108381 <... getuid resumed>) = 0 <0.000030>
1716  20:11:41.108403 <... newfstatat resumed>{st_mode=S_IFREG|0755, st_size=159344, ...}, 0) = 0 <0.000027>
1717  20:11:41.108431 getgid( <unfinished ...>
1716  20:11:41.108452 geteuid( <unfinished ...>
1717  20:11:41.108472 <... getgid resumed>) = 0 <0.000024>
1716  20:11:41.108504 <... geteuid resumed>) = 0 <0.000037>
1717  20:11:41.108526 faccessat(AT_FDCWD, "/usr/bin/head", R_OK <unfinished ...>
1716  20:11:41.108553 getegid( <unfinished ...>
1717  20:11:41.108576 <... faccessat resumed>) = 0 <0.000027>
1716  20:11:41.108598 <... getegid resumed>) = 0 <0.000026>
1717  20:11:41.108619 newfstatat(AT_FDCWD, "/usr/bin/head",  <unfinished ...>
1716  20:11:41.108646 getuid( <unfinished ...>
1717  20:11:41.108666 <... newfstatat resumed>{st_mode=S_IFREG|0755, st_size=47736, ...}, 0) = 0 <0.000025>
1716  20:11:41.108694 <... getuid resumed>) = 0 <0.000033>
1717  20:11:41.108717 newfstatat(AT_FDCWD, "/usr/bin/head",  <unfinished ...>
1716  20:11:41.108744 getgid( <unfinished ...>
1717  20:11:41.108764 <... newfstatat resumed>{st_mode=S_IFREG|0755, st_size=47736, ...}, 0) = 0 <0.000025>
1716  20:11:41.108793 <... getgid resumed>) = 0 <0.000033>
1717  20:11:41.108815 geteuid( <unfinished ...>
1716  20:11:41.108835 faccessat(AT_FDCWD, "/bin/ls", R_OK <unfinished ...>
1717  20:11:41.108862 <... geteuid resumed>) = 0 <0.000031>
1716  20:11:41.108884 <... faccessat resumed>) = 0 <0.000027>
1717  20:11:41.108905 getegid( <unfinished ...>
1716  20:11:41.108925 newfstatat(AT_FDCWD, "/bin/ls",  <unfinished ...>
1717  20:11:41.108953 <... getegid resumed>) = 0 <0.000032>
1716  20:11:41.108976 <... newfstatat resumed>{st_mode=S_IFREG|0755, st_size=159344, ...}, 0) = 0 <0.000027>
1717  20:11:41.109004 getuid( <unfinished ...>
1716  20:11:41.109025 newfstatat(AT_FDCWD, "/bin/ls",  <unfinished ...>
1717  20:11:41.109051 <... getuid resumed>) = 0 <0.000030>
1716  20:11:41.109073 <... newfstatat resumed>{st_mode=S_IFREG|0755, st_size=159344, ...}, 0) = 0 <0.000027>
1717  20:11:41.109102 getgid( <unfinished ...>
1716  20:11:41.109123 geteuid( <unfinished ...>
1717  20:11:41.109143 <... getgid resumed>) = 0 <0.000024>
1716  20:11:41.109164 <... geteuid resumed>) = 0 <0.000026>
1717  20:11:41.109186 faccessat(AT_FDCWD, "/usr/bin/head", X_OK <unfinished ...>
1716  20:11:41.109212 getegid( <unfinished ...>
1717  20:11:41.109233 <... faccessat resumed>) = 0 <0.000025>
1716  20:11:41.109254 <... getegid resumed>) = 0 <0.000026>
1717  20:11:41.109276 newfstatat(AT_FDCWD, "/usr/bin/head",  <unfinished ...>
1716  20:11:41.109302 getuid( <unfinished ...>
1717  20:11:41.109324 <... newfstatat resumed>{st_mode=S_IFREG|0755, st_size=47736, ...}, 0) = 0 <0.000027>
1716  20:11:41.109353 <... getuid resumed>) = 0 <0.000033>
1717  20:11:41.109375 geteuid( <unfinished ...>
1716  20:11:41.109395 getgid( <unfinished ...>
1717  20:11:41.109416 <... geteuid resumed>) = 0 <0.000024>
1716  20:11:41.109438 <... getgid resumed>) = 0 <0.000027>
1717  20:11:41.109460 getegid( <unfinished ...>
1716  20:11:41.109480 faccessat(AT_FDCWD, "/bin/ls", X_OK <unfinished ...>
1717  20:11:41.109506 <... getegid resumed>) = 0 <0.000030>
1716  20:11:41.109528 <... faccessat resumed>) = 0 <0.000027>
1717  20:11:41.109550 getuid( <unfinished ...>
1716  20:11:41.109570 newfstatat(AT_FDCWD, "/bin/ls",  <unfinished ...>
1717  20:11:41.109596 <... getuid resumed>) = 0 <0.000030>
1716  20:11:41.109618 <... newfstatat resumed>{st_mode=S_IFREG|0755, st_size=159344, ...}, 0) = 0 <0.000027>
1717  20:11:41.109646 getgid( <unfinished ...>
1716  20:11:41.109666 geteuid( <unfinished ...>
1717  20:11:41.109688 <... getgid resumed>) = 0 <0.000026>
1716  20:11:41.109710 <... geteuid resumed>) = 0 <0.000026>
1717  20:11:41.109731 faccessat(AT_FDCWD, "/usr/bin/head", R_OK <unfinished ...>
1716  20:11:41.109758 getegid( <unfinished ...>
1717  20:11:41.109779 <... faccessat resumed>) = 0 <0.000025>
1716  20:11:41.109801 <... getegid resumed>) = 0 <0.000027>
1717  20:11:41.109915 rt_sigaction(SIGINT, {sa_handler=SIG_DFL, sa_mask=[], sa_flags=0},  <unfinished ...>
1716  20:11:41.109946 getuid( <unfinished ...>
1717  20:11:41.109966 <... rt_sigaction resumed>{sa_handler=SIG_DFL, sa_mask=[], sa_flags=0}, 8) = 0 <0.000024>
1716  20:11:41.109995 <... getuid resumed>) = 0 <0.000033>
1717  20:11:41.110016 rt_sigaction(SIGQUIT, {sa_handler=SIG_DFL, sa_mask=[], sa_flags=0},  <unfinished ...>
1716  20:11:41.110055 getgid( <unfinished ...>
1717  20:11:41.110076 <... rt_sigaction resumed>{sa_handler=SIG_IGN, sa_mask=[], sa_flags=0}, 8) = 0 <0.000026>
1716  20:11:41.110224 <... getgid resumed>) = 0 <0.000153>
1717  20:11:41.110248 rt_sigaction(SIGCHLD, {sa_handler=SIG_DFL, sa_mask=[], sa_flags=SA_RESTART},  <unfinished ...>
1716  20:11:41.110276 faccessat(AT_FDCWD, "/bin/ls", R_OK <unfinished ...>
1717  20:11:41.110307 <... rt_sigaction resumed>{sa_handler=0x44cb50, sa_mask=[], sa_flags=SA_RESTART}, 8) = 0 <0.000036>
1716  20:11:41.110336 <... faccessat resumed>) = 0 <0.000034>
1717  20:11:41.110359 execve("/usr/bin/head", ["head", "-1"], 0x1ce87ce0 /* 31 vars */ <unfinished ...>
1716  20:11:41.110438 rt_sigaction(SIGINT, {sa_handler=SIG_DFL, sa_mask=[], sa_flags=0}, {sa_handler=SIG_DFL, sa_mask=[], sa_flags=0}, 8) = 0 <0.000373>
1717  20:11:41.110886 <... execve resumed>) = 0 <0.000487>
1716  20:11:41.110919 rt_sigaction(SIGQUIT, {sa_handler=SIG_DFL, sa_mask=[], sa_flags=0},  <unfinished ...>
1717  20:11:41.111000 brk(NULL <unfinished ...>
1716  20:11:41.111022 <... rt_sigaction resumed>{sa_handler=SIG_IGN, sa_mask=[], sa_flags=0}, 8) = 0 <0.000077>
1717  20:11:41.111051 <... brk resumed>) = 0x20ad6000 <0.000032>
1716  20:11:41.111074 rt_sigaction(SIGCHLD, {sa_handler=SIG_DFL, sa_mask=[], sa_flags=SA_RESTART},  <unfinished ...>
1717  20:11:41.111114 mmap(NULL, 8192, PROT_READ|PROT_WRITE, MAP_PRIVATE|MAP_ANONYMOUS, -1, 0 <unfinished ...>
1716  20:11:41.111139 <... rt_sigaction resumed>{sa_handler=0x44cb50, sa_mask=[], sa_flags=SA_RESTART}, 8) = 0 <0.000041>
1717  20:11:41.111169 <... mmap resumed>) = 0xffffaae80000 <0.000032>
1716  20:11:41.111193 execve("/bin/ls", ["ls", "/home/root/edgeai-tidl-tools/model-artifacts/cl-tfl-mobilenet_v1_1.0_224//86_tidl_io_1.bin"], 0x1ce87ce0 /* 31 vars */ <unfinished ...>
1717  20:11:41.111243 faccessat(AT_FDCWD, "/etc/ld.so.preload", R_OK) = -1 ENOENT (No such file or directory) <0.000305>
1716  20:11:41.111611 <... execve resumed>) = 0 <0.000374>
1717  20:11:41.111642 openat(AT_FDCWD, "/etc/ld.so.cache", O_RDONLY|O_CLOEXEC <unfinished ...>
1716  20:11:41.111713 brk(NULL <unfinished ...>
1717  20:11:41.111736 <... openat resumed>) = 3 <0.000057>
1716  20:11:41.111759 <... brk resumed>) = 0x1d36000 <0.000027>
1717  20:11:41.111782 newfstatat(3, "",  <unfinished ...>
1716  20:11:41.111822 mmap(NULL, 8192, PROT_READ|PROT_WRITE, MAP_PRIVATE|MAP_ANONYMOUS, -1, 0 <unfinished ...>
1717  20:11:41.111848 <... newfstatat resumed>{st_mode=S_IFREG|0644, st_size=41887, ...}, AT_EMPTY_PATH) = 0 <0.000041>
1716  20:11:41.111883 <... mmap resumed>) = 0xffffbe677000 <0.000039>
1717  20:11:41.111906 mmap(NULL, 41887, PROT_READ, MAP_PRIVATE, 3, 0 <unfinished ...>
1716  20:11:41.111931 faccessat(AT_FDCWD, "/etc/ld.so.preload", R_OK <unfinished ...>
1717  20:11:41.111963 <... mmap resumed>) = 0xffffaae41000 <0.000038>
1716  20:11:41.111986 <... faccessat resumed>) = -1 ENOENT (No such file or directory) <0.000028>
1717  20:11:41.112010 close(3 <unfinished ...>
1716  20:11:41.112033 openat(AT_FDCWD, "/etc/ld.so.cache", O_RDONLY|O_CLOEXEC <unfinished ...>
1717  20:11:41.112061 <... close resumed>) = 0 <0.000032>
1716  20:11:41.112084 <... openat resumed>) = 3 <0.000027>
1717  20:11:41.112106 openat(AT_FDCWD, "/lib/libc.so.6", O_RDONLY|O_CLOEXEC <unfinished ...>
1716  20:11:41.112136 newfstatat(3, "",  <unfinished ...>
1717  20:11:41.112163 <... openat resumed>) = 3 <0.000032>
1716  20:11:41.112185 <... newfstatat resumed>{st_mode=S_IFREG|0644, st_size=41887, ...}, AT_EMPTY_PATH) = 0 <0.000027>
1717  20:11:41.112217 read(3,  <unfinished ...>
1716  20:11:41.112238 mmap(NULL, 41887, PROT_READ, MAP_PRIVATE, 3, 0 <unfinished ...>
1717  20:11:41.112261 <... read resumed>"\177ELF\2\1\1\3\0\0\0\0\0\0\0\0\3\0\267\0\1\0\0\0@\264\2\0\0\0\0\0@\0\0\0\0\0\0\0H\317\30\0\0\0\0\0\0\0\0\0@\08\0\f\0@\0A\0@\0\6\0\0\0\4\0\0\0@\0\0\0\0\0\0\0@\0\0\0\0\0\0\0@\0\0\0\0\0\0\0\240\2\0\0\0\0\0\0\240\2\0\0\0\0\0\0\10\0\0\0\0\0\0\0\3\0\0\0\4\0\0\0PM\25\0\0\0\0\0PM\25\0\0\0\0\0PM\25\0\0\0\0\0\33\0\0\0\0\0\0\0\33\0\0\0\0\0\0\0\10\0\0\0\0\0\0\0\1\0\0\0\5\0\0\0\0\0\0\0\0\0\0\0\0\0\0\0\0\0\0\0"..., 832) = 832 <0.000027>
1716  20:11:41.112315 <... mmap resumed>) = 0xffffbe638000 <0.000058>
1717  20:11:41.112339 pread64(3,  <unfinished ...>
1716  20:11:41.112361 close(3 <unfinished ...>
1717  20:11:41.112382 <... pread64 resumed>"\4\0\0\0\24\0\0\0\3\0\0\0GNU\0\343\375\0\277\32]\302\374\225&y\36']\345F\323\221\261{\4\0\0\0\20\0\0\0\1\0\0\0GNU\0\0\0\0\0\3\0\0\0\16\0\0\0\0\0\0\0", 68, 768) = 68 <0.000025>
1716  20:11:41.112411 <... close resumed>) = 0 <0.000033>
1717  20:11:41.112434 newfstatat(3, "",  <unfinished ...>
1716  20:11:41.112462 openat(AT_FDCWD, "/lib/libcap.so.2", O_RDONLY|O_CLOEXEC <unfinished ...>
1717  20:11:41.112493 <... newfstatat resumed>{st_mode=S_IFREG|0755, st_size=1630088, ...}, AT_EMPTY_PATH) = 0 <0.000036>
1716  20:11:41.112523 <... openat resumed>) = 3 <0.000035>
1717  20:11:41.112546 mmap(NULL, 1805328, PROT_NONE, MAP_PRIVATE|MAP_ANONYMOUS, -1, 0 <unfinished ...>
1716  20:11:41.112568 read(3,  <unfinished ...>
1717  20:11:41.112589 <... mmap resumed>) = 0xffffaac88000 <0.000025>
1716  20:11:41.112611 <... read resumed>"\177ELF\2\1\1\0\0\0\0\0\0\0\0\0\3\0\267\0\1\0\0\0\340w\0\0\0\0\0\0@\0\0\0\0\0\0\0\300\263\0\0\0\0\0\0\0\0\0\0@\08\0\v\0@\0\34\0\33\0\6\0\0\0\4\0\0\0@\0\0\0\0\0\0\0@\0\0\0\0\0\0\0@\0\0\0\0\0\0\0h\2\0\0\0\0\0\0h\2\0\0\0\0\0\0\10\0\0\0\0\0\0\0\3\0\0\0\4\0\0\0\220\203\0\0\0\0\0\0\220\203\0\0\0\0\0\0\220\203\0\0\0\0\0\0\33\0\0\0\0\0\0\0\33\0\0\0\0\0\0\0\10\0\0\0\0\0\0\0\1\0\0\0\5\0\0\0\0\0\0\0\0\0\0\0\0\0\0\0\0\0\0\0"..., 832) = 832 <0.000026>
1717  20:11:41.112640 mmap(0xffffaac90000, 1739792, PROT_READ|PROT_EXEC, MAP_PRIVATE|MAP_FIXED|MAP_DENYWRITE, 3, 0 <unfinished ...>
1716  20:11:41.112665 newfstatat(3, "",  <unfinished ...>
1717  20:11:41.112713 <... mmap resumed>) = 0xffffaac90000 <0.000053>
1716  20:11:41.112735 <... newfstatat resumed>{st_mode=S_IFREG|0755, st_size=47808, ...}, AT_EMPTY_PATH) = 0 <0.000047>
1717  20:11:41.112765 munmap(0xffffaac88000, 32768 <unfinished ...>
1716  20:11:41.112787 mmap(NULL, 176832, PROT_NONE, MAP_PRIVATE|MAP_ANONYMOUS, -1, 0 <unfinished ...>
1717  20:11:41.112810 <... munmap resumed>) = 0 <0.000028>
1716  20:11:41.112833 <... mmap resumed>) = 0xffffbe60c000 <0.000027>
1717  20:11:41.112856 munmap(0xffffaae39000, 31760 <unfinished ...>
1716  20:11:41.112877 mmap(0xffffbe610000, 111296, PROT_READ|PROT_EXEC, MAP_PRIVATE|MAP_FIXED|MAP_DENYWRITE, 3, 0 <unfinished ...>
1717  20:11:41.112900 <... munmap resumed>) = 0 <0.000027>
1716  20:11:41.112923 <... mmap resumed>) = 0xffffbe610000 <0.000027>
1717  20:11:41.112945 mprotect(0xffffaae17000, 65536, PROT_NONE <unfinished ...>
1716  20:11:41.112969 munmap(0xffffbe60c000, 16384 <unfinished ...>
1717  20:11:41.112990 <... mprotect resumed>) = 0 <0.000026>
1716  20:11:41.113012 <... munmap resumed>) = 0 <0.000026>
1717  20:11:41.113033 mmap(0xffffaae27000, 24576, PROT_READ|PROT_WRITE, MAP_PRIVATE|MAP_FIXED|MAP_DENYWRITE, 3, 0x187000 <unfinished ...>
1716  20:11:41.113056 munmap(0xffffbe62c000, 45760 <unfinished ...>
1717  20:11:41.113077 <... mmap resumed>) = 0xffffaae27000 <0.000026>
1716  20:11:41.113099 <... munmap resumed>) = 0 <0.000026>
1717  20:11:41.113123 mmap(0xffffaae2d000, 48144, PROT_READ|PROT_WRITE, MAP_PRIVATE|MAP_FIXED|MAP_ANONYMOUS, -1, 0 <unfinished ...>
1716  20:11:41.113145 mprotect(0xffffbe61a000, 65536, PROT_NONE <unfinished ...>
1717  20:11:41.113168 <... mmap resumed>) = 0xffffaae2d000 <0.000027>
1716  20:11:41.113191 <... mprotect resumed>) = 0 <0.000028>
1717  20:11:41.113227 close(3 <unfinished ...>
1716  20:11:41.113247 mmap(0xffffbe62a000, 8192, PROT_READ|PROT_WRITE, MAP_PRIVATE|MAP_FIXED|MAP_DENYWRITE, 3, 0xa000 <unfinished ...>
1717  20:11:41.113269 <... close resumed>) = 0 <0.000025>
1716  20:11:41.113291 <... mmap resumed>) = 0xffffbe62a000 <0.000026>
1717  20:11:41.113328 set_tid_address(0xffffaae80e70) = 1717 <0.000017>
1716  20:11:41.113377 close(3 <unfinished ...>
1717  20:11:41.113398 set_robust_list(0xffffaae80e80, 24 <unfinished ...>
1716  20:11:41.113437 <... close resumed>) = 0 <0.000043>
1717  20:11:41.113460 <... set_robust_list resumed>) = 0 <0.000028>
1716  20:11:41.113482 openat(AT_FDCWD, "/lib/libc.so.6", O_RDONLY|O_CLOEXEC <unfinished ...>
1717  20:11:41.113518 rseq(0xffffaae81540, 0x20, 0, 0xd428bc00 <unfinished ...>
1716  20:11:41.113542 <... openat resumed>) = 3 <0.000028>
1717  20:11:41.113564 <... rseq resumed>) = 0 <0.000027>
1716  20:11:41.113586 read(3,  <unfinished ...>
1717  20:11:41.113714 mprotect(0xffffaae27000, 12288, PROT_READ <unfinished ...>
1716  20:11:41.113739 <... read resumed>"\177ELF\2\1\1\3\0\0\0\0\0\0\0\0\3\0\267\0\1\0\0\0@\264\2\0\0\0\0\0@\0\0\0\0\0\0\0H\317\30\0\0\0\0\0\0\0\0\0@\08\0\f\0@\0A\0@\0\6\0\0\0\4\0\0\0@\0\0\0\0\0\0\0@\0\0\0\0\0\0\0@\0\0\0\0\0\0\0\240\2\0\0\0\0\0\0\240\2\0\0\0\0\0\0\10\0\0\0\0\0\0\0\3\0\0\0\4\0\0\0PM\25\0\0\0\0\0PM\25\0\0\0\0\0PM\25\0\0\0\0\0\33\0\0\0\0\0\0\0\33\0\0\0\0\0\0\0\10\0\0\0\0\0\0\0\1\0\0\0\5\0\0\0\0\0\0\0\0\0\0\0\0\0\0\0\0\0\0\0"..., 832) = 832 <0.000135>
1717  20:11:41.113776 <... mprotect resumed>) = 0 <0.000041>
1716  20:11:41.113799 pread64(3,  <unfinished ...>
1717  20:11:41.113821 mprotect(0x41a000, 4096, PROT_READ <unfinished ...>
1716  20:11:41.113844 <... pread64 resumed>"\4\0\0\0\24\0\0\0\3\0\0\0GNU\0\343\375\0\277\32]\302\374\225&y\36']\345F\323\221\261{\4\0\0\0\20\0\0\0\1\0\0\0GNU\0\0\0\0\0\3\0\0\0\16\0\0\0\0\0\0\0", 68, 768) = 68 <0.000028>
1717  20:11:41.113874 <... mprotect resumed>) = 0 <0.000034>
1716  20:11:41.113896 newfstatat(3, "",  <unfinished ...>
1717  20:11:41.113927 mprotect(0xffffaae85000, 8192, PROT_READ <unfinished ...>
1716  20:11:41.113949 <... newfstatat resumed>{st_mode=S_IFREG|0755, st_size=1630088, ...}, AT_EMPTY_PATH) = 0 <0.000027>
1717  20:11:41.113982 <... mprotect resumed>) = 0 <0.000037>
1716  20:11:41.114006 mmap(NULL, 1805328, PROT_NONE, MAP_PRIVATE|MAP_ANONYMOUS, -1, 0 <unfinished ...>
1717  20:11:41.114044 prlimit64(0, RLIMIT_STACK, NULL,  <unfinished ...>
1716  20:11:41.114068 <... mmap resumed>) = 0xffffbe457000 <0.000043>
1717  20:11:41.114124 <... prlimit64 resumed>{rlim_cur=8192*1024, rlim_max=RLIM64_INFINITY}) = 0 <0.000061>
1716  20:11:41.114162 mmap(0xffffbe460000, 1739792, PROT_READ|PROT_EXEC, MAP_PRIVATE|MAP_FIXED|MAP_DENYWRITE, 3, 0 <unfinished ...>
1717  20:11:41.114189 munmap(0xffffaae41000, 41887 <unfinished ...>
1716  20:11:41.114222 <... mmap resumed>) = 0xffffbe460000 <0.000037>
1717  20:11:41.114247 <... munmap resumed>) = 0 <0.000041>
1716  20:11:41.114269 munmap(0xffffbe457000, 36864 <unfinished ...>
1717  20:11:41.114322 getrandom( <unfinished ...>
1716  20:11:41.114344 <... munmap resumed>) = 0 <0.000057>
1717  20:11:41.114366 <... getrandom resumed>"\xaf\x86\x2f\x8f\x34\xa1\x8d\x75", 8, GRND_NONBLOCK) = 8 <0.000027>
1716  20:11:41.114398 munmap(0xffffbe609000, 27664 <unfinished ...>
1717  20:11:41.114420 brk(NULL <unfinished ...>
1716  20:11:41.114441 <... munmap resumed>) = 0 <0.000025>
1717  20:11:41.114462 <... brk resumed>) = 0x20ad6000 <0.000026>
1716  20:11:41.114485 mprotect(0xffffbe5e7000, 65536, PROT_NONE <unfinished ...>
1717  20:11:41.114507 brk(0x20af7000 <unfinished ...>
1716  20:11:41.114528 <... mprotect resumed>) = 0 <0.000026>
1717  20:11:41.114550 <... brk resumed>) = 0x20af7000 <0.000027>
1716  20:11:41.114573 mmap(0xffffbe5f7000, 24576, PROT_READ|PROT_WRITE, MAP_PRIVATE|MAP_FIXED|MAP_DENYWRITE, 3, 0x187000 <unfinished ...>
1717  20:11:41.114618 read(0,  <unfinished ...>
1716  20:11:41.114654 <... mmap resumed>) = 0xffffbe5f7000 <0.000060>
1716  20:11:41.114703 mmap(0xffffbe5fd000, 48144, PROT_READ|PROT_WRITE, MAP_PRIVATE|MAP_FIXED|MAP_ANONYMOUS, -1, 0) = 0xffffbe5fd000 <0.000030>
1716  20:11:41.114798 close(3)          = 0 <0.000013>
1716  20:11:41.114878 mmap(NULL, 8192, PROT_READ|PROT_WRITE, MAP_PRIVATE|MAP_ANONYMOUS, -1, 0) = 0xffffbe675000 <0.000018>
1716  20:11:41.114942 set_tid_address(0xffffbe6750f0) = 1716 <0.000012>
1716  20:11:41.114992 set_robust_list(0xffffbe675100, 24) = 0 <0.000011>
1716  20:11:41.115041 rseq(0xffffbe6757c0, 0x20, 0, 0xd428bc00) = 0 <0.000011>
1716  20:11:41.115212 mprotect(0xffffbe5f7000, 12288, PROT_READ) = 0 <0.000022>
1716  20:11:41.115289 mprotect(0xffffbe62a000, 4096, PROT_READ) = 0 <0.000021>
1716  20:11:41.115355 mprotect(0x435000, 4096, PROT_READ) = 0 <0.000020>
1716  20:11:41.115431 mprotect(0xffffbe67c000, 8192, PROT_READ) = 0 <0.000025>
1716  20:11:41.115523 prlimit64(0, RLIMIT_STACK, NULL, {rlim_cur=8192*1024, rlim_max=RLIM64_INFINITY}) = 0 <0.000012>
1716  20:11:41.115602 munmap(0xffffbe638000, 41887) = 0 <0.000034>
1716  20:11:41.115693 prctl(PR_CAPBSET_READ, CAP_MAC_OVERRIDE) = 1 <0.000013>
1716  20:11:41.115748 prctl(PR_CAPBSET_READ, 0x30 /* CAP_??? */) = -1 EINVAL (Invalid argument) <0.000012>
1716  20:11:41.115805 prctl(PR_CAPBSET_READ, CAP_CHECKPOINT_RESTORE) = 1 <0.000011>
1716  20:11:41.115855 prctl(PR_CAPBSET_READ, 0x2c /* CAP_??? */) = -1 EINVAL (Invalid argument) <0.000011>
1716  20:11:41.115907 prctl(PR_CAPBSET_READ, 0x2a /* CAP_??? */) = -1 EINVAL (Invalid argument) <0.000011>
1716  20:11:41.115959 prctl(PR_CAPBSET_READ, 0x29 /* CAP_??? */) = -1 EINVAL (Invalid argument) <0.000011>
1716  20:11:41.116066 getrandom("\x84\x61\x17\x33\xb0\xc5\x41\x38", 8, GRND_NONBLOCK) = 8 <0.000014>
1716  20:11:41.116134 brk(NULL)         = 0x1d36000 <0.000011>
1716  20:11:41.116185 brk(0x1d57000)    = 0x1d57000 <0.000023>
1716  20:11:41.116269 ioctl(1, TCGETS, 0xffffe0d189c8) = -1 ENOTTY (Inappropriate ioctl for device) <0.000014>
1716  20:11:41.116343 statx(AT_FDCWD, "/home/root/edgeai-tidl-tools/model-artifacts/cl-tfl-mobilenet_v1_1.0_224//86_tidl_io_1.bin", AT_STATX_SYNC_AS_STAT, STATX_MODE, {stx_mask=STATX_BASIC_STATS|STATX_MNT_ID, stx_attributes=0, stx_mode=S_IFREG|0644, stx_size=93976, ...}) = 0 <0.000058>
1716  20:11:41.116468 statx(AT_FDCWD, "/home/root/edgeai-tidl-tools/model-artifacts/cl-tfl-mobilenet_v1_1.0_224//86_tidl_io_1.bin", AT_STATX_SYNC_AS_STAT|AT_SYMLINK_NOFOLLOW, STATX_MODE, {stx_mask=STATX_BASIC_STATS|STATX_MNT_ID, stx_attributes=0, stx_mode=S_IFREG|0644, stx_size=93976, ...}) = 0 <0.000015>
1716  20:11:41.116573 newfstatat(1, "", {st_mode=S_IFIFO|0600, st_size=0, ...}, AT_EMPTY_PATH) = 0 <0.000017>
1716  20:11:41.116674 write(1, "/home/root/edgeai-tidl-tools/model-artifacts/cl-tfl-mobilenet_v1_1.0_224//86_tidl_io_1.bin\n", 91) = 91 <0.000022>
1717  20:11:41.116737 <... read resumed>"/home/root/edgeai-tidl-tools/model-artifacts/cl-tfl-mobilenet_v1_1.0_224//86_tidl_io_1.bin\n", 8192) = 91 <0.002100>
1716  20:11:41.116770 close(1 <unfinished ...>
1717  20:11:41.116794 lseek(0, 0, SEEK_CUR <unfinished ...>
1716  20:11:41.116817 <... close resumed>) = 0 <0.000028>
1717  20:11:41.116838 <... lseek resumed>) = -1 ESPIPE (Illegal seek) <0.000026>
1716  20:11:41.116863 close(2 <unfinished ...>
1717  20:11:41.116883 newfstatat(0, "",  <unfinished ...>
1716  20:11:41.116918 <... close resumed>) = 0 <0.000039>
1717  20:11:41.116944 <... newfstatat resumed>{st_mode=S_IFIFO|0600, st_size=0, ...}, AT_EMPTY_PATH) = 0 <0.000031>
1716  20:11:41.116975 exit_group(0 <unfinished ...>
1717  20:11:41.116997 newfstatat(1, "",  <unfinished ...>
1716  20:11:41.117026 <... exit_group resumed>) = ?
1717  20:11:41.117047 <... newfstatat resumed>{st_mode=S_IFIFO|0600, st_size=0, ...}, AT_EMPTY_PATH) = 0 <0.000028>
1717  20:11:41.117236 close(0 <unfinished ...>
1716  20:11:41.117260 +++ exited with 0 +++
1715  20:11:41.117282 <... wait4 resumed>[{WIFEXITED(s) && WEXITSTATUS(s) == 0}], 0, NULL) = 1716 <0.011253>
1717  20:11:41.117317 <... close resumed>) = 0 <0.000058>
1715  20:11:41.117340 wait4(-1,  <unfinished ...>
1717  20:11:41.117362 write(1, "/home/root/edgeai-tidl-tools/model-artifacts/cl-tfl-mobilenet_v1_1.0_224//86_tidl_io_1.bin\n", 91 <unfinished ...>
1711  20:11:41.117417 <... read resumed>"/home/root/edgeai-tidl-tools/model-artifacts/cl-tfl-mobilenet_v1_1.0_224//86_tidl_io_1.bin\n", 4096) = 91 <0.022264>
1717  20:11:41.117449 <... write resumed>) = 91 <0.000062>
1711  20:11:41.117472 close(3 <unfinished ...>
1717  20:11:41.117493 close(1 <unfinished ...>
1711  20:11:41.117514 <... close resumed>) = 0 <0.000025>
1717  20:11:41.117540 <... close resumed>) = 0 <0.000030>
1711  20:11:41.117582 wait4(1715,  <unfinished ...>
1717  20:11:41.117604 close(2)          = 0 <0.000012>
1717  20:11:41.117668 exit_group(0)     = ?
1717  20:11:41.117836 +++ exited with 0 +++
1715  20:11:41.117858 <... wait4 resumed>[{WIFEXITED(s) && WEXITSTATUS(s) == 0}], 0, NULL) = 1717 <0.000500>
1715  20:11:41.117903 rt_sigaction(SIGINT, {sa_handler=SIG_DFL, sa_mask=[], sa_flags=0}, {sa_handler=0x44a140, sa_mask=[], sa_flags=0}, 8) = 0 <0.000013>
1715  20:11:41.117978 ioctl(2, TIOCGWINSZ, {ws_row=68, ws_col=255, ws_xpixel=4080, ws_ypixel=2312}) = 0 <0.000014>
1715  20:11:41.118232 ioctl(1, TCGETS, 0xffffebd0c608) = -1 ENOTTY (Inappropriate ioctl for device) <0.000015>
1715  20:11:41.118351 newfstatat(AT_FDCWD, "/home/root/.terminfo", 0x1ce8c0c0, 0) = -1 ENOENT (No such file or directory) <0.000020>
1715  20:11:41.118428 newfstatat(AT_FDCWD, "/etc/terminfo", {st_mode=S_IFDIR|0755, st_size=4096, ...}, 0) = 0 <0.000017>
1715  20:11:41.118502 newfstatat(AT_FDCWD, "/usr/share/terminfo", {st_mode=S_IFDIR|0755, st_size=4096, ...}, 0) = 0 <0.000016>
1715  20:11:41.118586 faccessat(AT_FDCWD, "/etc/terminfo/t/tmux-256color", R_OK) = -1 ENOENT (No such file or directory) <0.000018>
1715  20:11:41.118654 faccessat(AT_FDCWD, "/usr/share/terminfo/t/tmux-256color", R_OK) = 0 <0.000017>
1715  20:11:41.118724 openat(AT_FDCWD, "/usr/share/terminfo/t/tmux-256color", O_RDONLY) = 3 <0.000020>
1715  20:11:41.118794 newfstatat(3, "", {st_mode=S_IFREG|0644, st_size=3213, ...}, AT_EMPTY_PATH) = 0 <0.000015>
1715  20:11:41.118869 read(3, "\32\1#\0+\0\17\0i\1\r\5tmux-256color|tmux with 256 colors\0\0\1\0\0\1\0\0\0\1\1\0\0\0\1\1\0\0\0\0\0\0\0\0\0\0\0\0\0\0\0\0\0\0\0\0\0\0\1\0\0\0\0\1P\0\10\0\30\0\377\377\377\377\377\377\377\377\377\377\377\377\377\377\377\377\377\377\377\377\0\1\377\177\0\0\4\0\6\0\10\0\31\0\36\0%\0)\0-\0\377\3778\0I\0K\0O\0V\0\377\377X\0d\0\377\377h\0k\0q\0u\0y\0\377\377\177\0\201\0\206\0\213\0\377\377\224\0\231\0\236\0\377\377\243\0\250\0\255\0\377\377\262\0\264\0"..., 4096) = 3213 <0.000019>
1715  20:11:41.118936 read(3, "", 4096) = 0 <0.000012>
1715  20:11:41.119020 close(3)          = 0 <0.000014>
1715  20:11:41.119085 ioctl(2, TCGETS, {B38400 opost isig icanon echo ...}) = 0 <0.000016>
1715  20:11:41.119154 ioctl(2, TCGETS, {B38400 opost isig icanon echo ...}) = 0 <0.000012>
1715  20:11:41.119212 ioctl(2, TCGETS, {B38400 opost isig icanon echo ...}) = 0 <0.000012>
1715  20:11:41.119274 ioctl(2, TCGETS, {B38400 opost isig icanon echo ...}) = 0 <0.000012>
1715  20:11:41.119333 ioctl(2, TIOCGWINSZ, {ws_row=68, ws_col=255, ws_xpixel=4080, ws_ypixel=2312}) = 0 <0.000012>
1715  20:11:41.119449 ioctl(0, TIOCGWINSZ, {ws_row=68, ws_col=255, ws_xpixel=4080, ws_ypixel=2312}) = 0 <0.000012>
1715  20:11:41.119595 brk(0x1cebe000)   = 0x1cebe000 <0.000032>
1715  20:11:41.119721 rt_sigprocmask(SIG_SETMASK, [CHLD], NULL, 8) = 0 <0.000013>
1715  20:11:41.119788 close(3)          = -1 EBADF (Bad file descriptor) <0.000011>
1715  20:11:41.119842 rt_sigprocmask(SIG_SETMASK, [], NULL, 8) = 0 <0.000012>
1715  20:11:41.119900 --- SIGCHLD {si_signo=SIGCHLD, si_code=CLD_EXITED, si_pid=1716, si_uid=0, si_status=0, si_utime=0, si_stime=0} ---
1715  20:11:41.119942 wait4(-1, 0xffffebd0b828, WNOHANG, NULL) = -1 ECHILD (No child processes) <0.000012>
1715  20:11:41.119997 rt_sigreturn({mask=[]}) = 0 <0.000015>
1715  20:11:41.120075 rt_sigprocmask(SIG_BLOCK, [CHLD], [], 8) = 0 <0.000012>
1715  20:11:41.120135 rt_sigprocmask(SIG_SETMASK, [], NULL, 8) = 0 <0.000011>
1715  20:11:41.120211 exit_group(0)     = ?
1715  20:11:41.120508 +++ exited with 0 +++
1711  20:11:41.120533 <... wait4 resumed>[{WIFEXITED(s) && WEXITSTATUS(s) == 0}], 0, NULL) = 1715 <0.002933>
1711  20:11:41.120580 --- SIGCHLD {si_signo=SIGCHLD, si_code=CLD_EXITED, si_pid=1715, si_uid=0, si_status=0, si_utime=0, si_stime=0} ---
1711  20:11:41.120637 newfstatat(1, "", {st_mode=S_IFCHR|0600, st_rdev=makedev(0x88, 0x1), ...}, AT_EMPTY_PATH) = 0 <0.000020>
1711  20:11:41.120722 write(1, "Model Files names : /home/root/edgeai-tidl-tools/model-artifacts/cl-tfl-mobilenet_v1_1.0_224//86_tidl_net.bin,/home/root/edgeai-tidl-tools/model-artifacts/cl-tfl-mobilenet_v1_1.0_224//86_tidl_io_1.bin"..., 201) = 201 <0.000041>
1711  20:11:41.120975 openat(AT_FDCWD, "/home/root/edgeai-tidl-tools/model-artifacts/cl-tfl-mobilenet_v1_1.0_224//86_tidl_net.bin", O_RDONLY) = 3 <0.000030>
1711  20:11:41.121079 newfstatat(3, "", {st_mode=S_IFREG|0644, st_size=5630332, ...}, AT_EMPTY_PATH) = 0 <0.000059>
1711  20:11:41.121211 newfstatat(3, "", {st_mode=S_IFREG|0644, st_size=5630332, ...}, AT_EMPTY_PATH) = 0 <0.000014>
1711  20:11:41.121279 lseek(3, 5627904, SEEK_SET) = 5627904 <0.000012>
1711  20:11:41.121332 read(3, "\1\0\0\0\1\0\0\0\0\0\0\0\0\0\0\0\0\0\0\0\n\0\0\0\n\0\0\0\0x\0\0\0\0\0\0\0\0\0\0\0\0\0\0\2\0\0\0\1\0\0\0\1\0\0\0\0\0\0\0\1\0\0\0\300\1\0b\3\0\0\0\1\0\0\0\2\0\0\0\0\0\0\0\1\0\0\0\1\0\0\0\10\0\0\0\377\377\377\377\1\0\0\0\377\377\377\377\207\0\0\0\206\0\0\0\0\0\0\0\210\0\0\0\377\377\377\377\0\0\0\0\0\0\0\0\0\0\0\0\1\0\0\0\1\0\0\0\1\0\0\0\1\4\0\0\0\4\0\0\1\0\0\0\1\0\0\0\0\0\0\0\1\0\0\0\1\0\0\0\1\0\0\0\0\0\0\0\0\0\0\0\0\0\0\0@\4\0\0"..., 2428) = 2428 <0.002711>
1711  20:11:41.124113 lseek(3, 0, SEEK_SET) = 0 <0.000012>
1711  20:11:41.124173 close(3)          = 0 <0.000014>
1711  20:11:41.124230 mmap(NULL, 5632000, PROT_READ|PROT_WRITE, MAP_PRIVATE|MAP_ANONYMOUS, -1, 0) = 0xffff7f211000 <0.000035>
1711  20:11:41.124325 openat(AT_FDCWD, "/home/root/edgeai-tidl-tools/model-artifacts/cl-tfl-mobilenet_v1_1.0_224//86_tidl_net.bin", O_RDONLY) = 3 <0.000023>
1711  20:11:41.124403 newfstatat(3, "", {st_mode=S_IFREG|0644, st_size=5630332, ...}, AT_EMPTY_PATH) = 0 <0.000015>
1711  20:11:41.124473 read(3, "\1\4$ \0\0\0\0!\0\0\0\1\0\0\0\1\0\0\0\2\0\0\0\1\0\0\0\4\0\0\0\2\0\0\0\7\0\0\0\0\0\0\0\1\0\0\0\n\327#<\n\327#<\315\314L=\5\0\0\0\300\353\0\0\0\0N\0\1\0\0\0ra\202>\0\0\0\0\0\0\0\0\0\0\0\0\1\0\0\0\0\0\0\0\0\0\0\0\300\353\0\0\0\0\0\0\0\0\0\0\0\0\0\0R\233@\0\200d\r\0\0\0\0\0\0\0\0\0\300x\f\0\300\353\0\0\0\0\0\0\0\0\0\0|\351\7\0\0\0N\0\0\0\0\0\0\0\0\0\0\0\0\0\0\0\0\0\0\0\0\0\0\0\0\0\0\0\0\0\0\0\0\0\0\0\0\0\0\0\0\0"..., 5627904) = 5627904 <0.124171>
1711  20:11:41.248780 read(3, "\1\0\0\0\1\0\0\0\0\0\0\0\0\0\0\0\0\0\0\0\n\0\0\0\n\0\0\0\0x\0\0\0\0\0\0\0\0\0\0\0\0\0\0\2\0\0\0\1\0\0\0\1\0\0\0\0\0\0\0\1\0\0\0\300\1\0b\3\0\0\0\1\0\0\0\2\0\0\0\0\0\0\0\1\0\0\0\1\0\0\0\10\0\0\0\377\377\377\377\1\0\0\0\377\377\377\377\207\0\0\0\206\0\0\0\0\0\0\0\210\0\0\0\377\377\377\377\0\0\0\0\0\0\0\0\0\0\0\0\1\0\0\0\1\0\0\0\1\0\0\0\1\4\0\0\0\4\0\0\1\0\0\0\1\0\0\0\0\0\0\0\1\0\0\0\1\0\0\0\1\0\0\0\0\0\0\0\0\0\0\0\0\0\0\0@\4\0\0"..., 4096) = 2428 <0.000023>
1711  20:11:41.248892 close(3)          = 0 <0.000018>
1711  20:11:41.248956 openat(AT_FDCWD, "/home/root/edgeai-tidl-tools/model-artifacts/cl-tfl-mobilenet_v1_1.0_224//86_tidl_io_1.bin", O_RDONLY) = 3 <0.000033>
1711  20:11:41.249050 newfstatat(3, "", {st_mode=S_IFREG|0644, st_size=93976, ...}, AT_EMPTY_PATH) = 0 <0.000018>
1711  20:11:41.249134 newfstatat(3, "", {st_mode=S_IFREG|0644, st_size=93976, ...}, AT_EMPTY_PATH) = 0 <0.000013>
1711  20:11:41.249200 lseek(3, 90112, SEEK_SET) = 90112 <0.000012>
1711  20:11:41.249253 read(3, "\0\0\0\0\0\0\0\0\0\0\0\0\0\0\0\0\0\0\0\0\0\0\0\0\0\0\0\0\0\0\0\0\0\0\0\0\0\0\0\0\0\0\0\0\0\0\0\0\0\0\0\0\0\0\0\0\0\0\0\0\0\0\0\0\0\0\0\0\0\0\0\0\0\0\0\0\0\0\0\0\0\0\0\0\0\0\0\0\0\0\0\0\0\0\0\0\0\0\0\0\0\0\0\0\0\0\0\0\0\0\0\0\0\0\0\0\0\0\0\0\0\0\0\0\0\0\0\0\0\0\0\0\0\0\0\0\0\0\0\0\0\0\0\0\0\0\0\0\0\0\0\0\0\0\0\0\0\0\0\0\0\0\0\0\0\0\0\0\0\0\0\0\0\0\0\0\0\0\0\0\0\0\0\0\0\0\0\0\0\0\0\0\0\0\0\0\0\0\0\0"..., 3864) = 3864 <0.000669>
1711  20:11:41.249977 lseek(3, 0, SEEK_SET) = 0 <0.000012>
1711  20:11:41.250032 close(3)          = 0 <0.000014>
1711  20:11:41.250132 brk(0x215d1000)   = 0x215d1000 <0.000031>
1711  20:11:41.250218 openat(AT_FDCWD, "/home/root/edgeai-tidl-tools/model-artifacts/cl-tfl-mobilenet_v1_1.0_224//86_tidl_io_1.bin", O_RDONLY) = 3 <0.000022>
1711  20:11:41.250294 newfstatat(3, "", {st_mode=S_IFREG|0644, st_size=93976, ...}, AT_EMPTY_PATH) = 0 <0.000015>
1711  20:11:41.250370 read(3, "\1\0\0\0\1\0\0\0\1\0\0\0\1\0\0\0\1\0\0\0\0\0\0\0\1\0\0\0\0\0\0\0\0\0\0\0\0\0\0\0\0\0\0\0\0\0\0\0\0\0\0\0\0\0\0\0\0\0\0\0\0\0\0\0\0\0\0\0\0\0\0\0\0\0\0\0\0\0\0\0\0\0\0\0\0\0\0\0\0\0\0\0\0\0\0\0\0\0\0\0\0\0\0\0\0\0\0\0\0\0\0\0\0\0\0\0\0\0\0\0\0\0\0\0\0\0\0\0\0\0\0\0\0\0\0\0\0\0\0\0\0\0\0\0\0\0\0\0\0\0\0\0\0\0\0\0\0\0\0\0\0\0\0\0\0\0\0\0\0\0\0\0\0\0\0\0\0\0\0\0\0\0\0\0\0\0\0\0\0\0\0\0\0\0\0\0\0\0\0\0"..., 90112) = 90112 <0.002362>
1711  20:11:41.252819 read(3, "\0\0\0\0\0\0\0\0\0\0\0\0\0\0\0\0\0\0\0\0\0\0\0\0\0\0\0\0\0\0\0\0\0\0\0\0\0\0\0\0\0\0\0\0\0\0\0\0\0\0\0\0\0\0\0\0\0\0\0\0\0\0\0\0\0\0\0\0\0\0\0\0\0\0\0\0\0\0\0\0\0\0\0\0\0\0\0\0\0\0\0\0\0\0\0\0\0\0\0\0\0\0\0\0\0\0\0\0\0\0\0\0\0\0\0\0\0\0\0\0\0\0\0\0\0\0\0\0\0\0\0\0\0\0\0\0\0\0\0\0\0\0\0\0\0\0\0\0\0\0\0\0\0\0\0\0\0\0\0\0\0\0\0\0\0\0\0\0\0\0\0\0\0\0\0\0\0\0\0\0\0\0\0\0\0\0\0\0\0\0\0\0\0\0\0\0\0\0\0\0"..., 4096) = 3864 <0.000016>
1711  20:11:41.252892 close(3)          = 0 <0.000015>
1711  20:11:41.259433 write(1, "APP: Init ... !!!\n", 18) = 18 <0.000176>
1711  20:11:41.259736 openat(AT_FDCWD, "/dev/mem", O_RDWR|O_SYNC) = 3 <0.000036>
1711  20:11:41.263054 mmap(NULL, 4096, PROT_READ|PROT_WRITE, MAP_SHARED, 3, 0xa90000) = 0xffff84828000 <0.000043>
1711  20:11:41.263180 mmap(NULL, 262144, PROT_READ|PROT_WRITE, MAP_SHARED, 3, 0xac000000) = 0xffff7f1d1000 <0.000281>
1711  20:11:41.263527 openat(AT_FDCWD, "/dev/mem", O_RDWR|O_SYNC) = 4 <0.000021>
1711  20:11:41.263603 mmap(NULL, 3289088, PROT_READ|PROT_WRITE, MAP_SHARED, 4, 0xb0000000) = 0xffff7eeae000 <0.002659>
1711  20:11:41.266325 write(1, "MEM: Init ... !!!\n", 18) = 18 <0.000120>
1711  20:11:41.266504 openat(AT_FDCWD, "/dev/dma_heap/carveout_vision_apps_shared-memories", O_RDONLY|O_CLOEXEC) = 5 <0.008243>
1711  20:11:41.274821 write(1, "MEM: Initialized DMA HEAP (fd=5) !!!\n", 37) = 37 <0.000025>
1711  20:11:41.274946 write(1, "MEM: Init ... Done !!!\n", 23) = 23 <0.000049>
1711  20:11:41.275064 write(1, "IPC: Init ... !!!\n", 18) = 18 <0.000079>
1711  20:11:41.275218 mmap(NULL, 66846720, PROT_READ|PROT_WRITE, MAP_SHARED, 3, 0xac040000) = 0xffff7aeee000 <0.053514>
1711  20:11:41.328816 mmap(NULL, 29360128, PROT_READ|PROT_WRITE, MAP_SHARED, 3, 0xb0400000) = 0xffff792ee000 <0.023427>
1711  20:11:41.352333 mmap(NULL, 4096, PROT_READ|PROT_WRITE, MAP_SHARED, 3, 0x30e00000) = 0xffff84827000 <0.000027>
1711  20:11:41.352427 newfstatat(AT_FDCWD, "/sys/class/remoteproc", {st_mode=S_IFDIR|0755, st_size=0, ...}, 0) = 0 <0.000029>
1711  20:11:41.352541 newfstatat(AT_FDCWD, "/sys/bus/virtio", {st_mode=S_IFDIR|0755, st_size=0, ...}, 0) = 0 <0.000019>
1711  20:11:41.352613 newfstatat(AT_FDCWD, "/sys/bus/rpmsg", {st_mode=S_IFDIR|0755, st_size=0, ...}, 0) = 0 <0.000017>
1711  20:11:41.352681 newfstatat(AT_FDCWD, "/sys/class/rpmsg", {st_mode=S_IFDIR|0755, st_size=0, ...}, 0) = 0 <0.000017>
1711  20:11:41.352754 newfstatat(AT_FDCWD, "/sys/devices/soc0", {st_mode=S_IFDIR|0755, st_size=0, ...}, 0) = 0 <0.000018>
1711  20:11:41.352830 openat(AT_FDCWD, "/sys/devices/soc0/family", O_RDONLY) = 6 <0.000049>
1711  20:11:41.352931 read(6, "J721E\n", 32) = 6 <0.000024>
1711  20:11:41.353003 close(6)          = 0 <0.000022>
1711  20:11:41.353073 rt_sigaction(SIGINT, NULL, {sa_handler=SIG_DFL, sa_mask=[], sa_flags=0}, 8) = 0 <0.000013>
1711  20:11:41.353135 rt_sigaction(SIGTERM, NULL, {sa_handler=SIG_DFL, sa_mask=[], sa_flags=0}, 8) = 0 <0.000011>
1711  20:11:41.353197 rt_sigaction(SIGINT, {sa_handler=0xffff826c2c90, sa_mask=[INT], sa_flags=SA_RESTART}, {sa_handler=SIG_DFL, sa_mask=[], sa_flags=0}, 8) = 0 <0.000012>
1711  20:11:41.353260 rt_sigaction(SIGTERM, {sa_handler=0xffff826c2c90, sa_mask=[TERM], sa_flags=SA_RESTART}, {sa_handler=SIG_DFL, sa_mask=[], sa_flags=0}, 8) = 0 <0.000012>
1711  20:11:41.353339 getpid()          = 1711 <0.000012>
1711  20:11:41.353431 readlinkat(AT_FDCWD, "/sys/bus/platform/devices/5c00000.r5f", "../../../devices/platform/bus@100000/bus@100000:r5fss@5c00000/5c00000.r5f", 256) = 73 <0.000034>
1711  20:11:41.353654 readlinkat(AT_FDCWD, "/sys", 0xffffe30ee440, 1023) = -1 EINVAL (Invalid argument) <0.000015>
1711  20:11:41.353727 readlinkat(AT_FDCWD, "/sys/bus", 0xffffe30ee440, 1023) = -1 EINVAL (Invalid argument) <0.000014>
1711  20:11:41.353809 readlinkat(AT_FDCWD, "/sys/bus/platform", 0xffffe30ee440, 1023) = -1 EINVAL (Invalid argument) <0.000014>
1711  20:11:41.353872 readlinkat(AT_FDCWD, "/sys/bus/platform/devices", 0xffffe30ee440, 1023) = -1 EINVAL (Invalid argument) <0.000014>
1711  20:11:41.353934 faccessat2(AT_FDCWD, "/sys/bus/platform/devices/", F_OK, AT_EACCESS) = 0 <0.000015>
1711  20:11:41.353997 readlinkat(AT_FDCWD, "/sys/devices", 0xffffe30ee440, 1023) = -1 EINVAL (Invalid argument) <0.000014>
1711  20:11:41.354057 readlinkat(AT_FDCWD, "/sys/devices/platform", 0xffffe30ee440, 1023) = -1 EINVAL (Invalid argument) <0.000035>
1711  20:11:41.354144 readlinkat(AT_FDCWD, "/sys/devices/platform/bus@100000", 0xffffe30ee440, 1023) = -1 EINVAL (Invalid argument) <0.000016>
1711  20:11:41.354208 readlinkat(AT_FDCWD, "/sys/devices/platform/bus@100000/bus@100000:r5fss@5c00000", 0xffffe30ee440, 1023) = -1 EINVAL (Invalid argument) <0.000016>
1711  20:11:41.354272 readlinkat(AT_FDCWD, "/sys/devices/platform/bus@100000/bus@100000:r5fss@5c00000/5c00000.r5f", 0xffffe30ee440, 1023) = -1 EINVAL (Invalid argument) <0.000017>
1711  20:11:41.354338 newfstatat(AT_FDCWD, "/sys/devices/platform/bus@100000/bus@100000:r5fss@5c00000/5c00000.r5f", {st_mode=S_IFDIR|0755, st_size=0, ...}, 0) = 0 <0.000017>
1711  20:11:41.354424 openat(AT_FDCWD, "/sys/devices/platform/bus@100000/bus@100000:r5fss@5c00000/5c00000.r5f/remoteproc", O_RDONLY|O_NONBLOCK|O_CLOEXEC|O_DIRECTORY) = 6 <0.000024>
1711  20:11:41.354501 newfstatat(6, "", {st_mode=S_IFDIR|0755, st_size=0, ...}, AT_EMPTY_PATH) = 0 <0.000014>
1711  20:11:41.354582 getdents64(6, 0x215b0280 /* 3 entries */, 32768) = 80 <0.000019>
1711  20:11:41.354664 close(6)          = 0 <0.000015>
1711  20:11:41.354722 openat(AT_FDCWD, "/sys/devices/platform/bus@100000/bus@100000:r5fss@5c00000/5c00000.r5f/remoteproc/remoteproc6/", O_RDONLY|O_NONBLOCK|O_CLOEXEC|O_DIRECTORY) = 6 <0.000022>
1711  20:11:41.354795 newfstatat(6, "", {st_mode=S_IFDIR|0755, st_size=0, ...}, AT_EMPTY_PATH) = 0 <0.000014>
1711  20:11:41.354862 getdents64(6, 0x215b0280 /* 12 entries */, 32768) = 368 <0.000022>
1711  20:11:41.354939 close(6)          = 0 <0.000013>
1711  20:11:41.354995 openat(AT_FDCWD, "/sys/devices/platform/bus@100000/bus@100000:r5fss@5c00000/5c00000.r5f/remoteproc/remoteproc6/rproc-virtio.2.auto", O_RDONLY|O_NONBLOCK|O_CLOEXEC|O_DIRECTORY) = 6 <0.000021>
1711  20:11:41.355066 newfstatat(6, "", {st_mode=S_IFDIR|0755, st_size=0, ...}, AT_EMPTY_PATH) = 0 <0.000013>
1711  20:11:41.355130 getdents64(6, 0x215b0280 /* 9 entries */, 32768) = 280 <0.000017>
1711  20:11:41.355197 close(6)          = 0 <0.000013>
1711  20:11:41.355252 readlinkat(AT_FDCWD, "/sys/bus/virtio/devices/virtio2", "../../../devices/platform/bus@100000/bus@100000:r5fss@5c00000/5c00000.r5f/remoteproc/remoteproc6/rproc-virtio.2.auto/virtio2", 256) = 124 <0.000024>
1711  20:11:41.355327 readlinkat(AT_FDCWD, "/sys", 0xffffe30ee410, 1023) = -1 EINVAL (Invalid argument) <0.000014>
1711  20:11:41.355388 readlinkat(AT_FDCWD, "/sys/bus", 0xffffe30ee410, 1023) = -1 EINVAL (Invalid argument) <0.000014>
1711  20:11:41.355449 readlinkat(AT_FDCWD, "/sys/bus/virtio", 0xffffe30ee410, 1023) = -1 EINVAL (Invalid argument) <0.000014>
1711  20:11:41.355510 readlinkat(AT_FDCWD, "/sys/bus/virtio/devices", 0xffffe30ee410, 1023) = -1 EINVAL (Invalid argument) <0.000014>
1711  20:11:41.355570 faccessat2(AT_FDCWD, "/sys/bus/virtio/devices/", F_OK, AT_EACCESS) = 0 <0.000015>
1711  20:11:41.355630 readlinkat(AT_FDCWD, "/sys/devices", 0xffffe30ee410, 1023) = -1 EINVAL (Invalid argument) <0.000014>
1711  20:11:41.355690 readlinkat(AT_FDCWD, "/sys/devices/platform", 0xffffe30ee410, 1023) = -1 EINVAL (Invalid argument) <0.000014>
1711  20:11:41.355753 readlinkat(AT_FDCWD, "/sys/devices/platform/bus@100000", 0xffffe30ee410, 1023) = -1 EINVAL (Invalid argument) <0.000014>
1711  20:11:41.355816 readlinkat(AT_FDCWD, "/sys/devices/platform/bus@100000/bus@100000:r5fss@5c00000", 0xffffe30ee410, 1023) = -1 EINVAL (Invalid argument) <0.000015>
1711  20:11:41.355877 readlinkat(AT_FDCWD, "/sys/devices/platform/bus@100000/bus@100000:r5fss@5c00000/5c00000.r5f", 0xffffe30ee410, 1023) = -1 EINVAL (Invalid argument) <0.000016>
1711  20:11:41.355955 readlinkat(AT_FDCWD, "/sys/devices/platform/bus@100000/bus@100000:r5fss@5c00000/5c00000.r5f/remoteproc", 0xffffe30ee410, 1023) = -1 EINVAL (Invalid argument) <0.000016>
1711  20:11:41.356018 readlinkat(AT_FDCWD, "/sys/devices/platform/bus@100000/bus@100000:r5fss@5c00000/5c00000.r5f/remoteproc/remoteproc6", 0xffffe30ee410, 1023) = -1 EINVAL (Invalid argument) <0.000041>
1711  20:11:41.356108 readlinkat(AT_FDCWD, "/sys/devices/platform/bus@100000/bus@100000:r5fss@5c00000/5c00000.r5f/remoteproc/remoteproc6/rproc-virtio.2.auto", 0xffffe30ee410, 1023) = -1 EINVAL (Invalid argument) <0.000017>
1711  20:11:41.356175 readlinkat(AT_FDCWD, "/sys/devices/platform/bus@100000/bus@100000:r5fss@5c00000/5c00000.r5f/remoteproc/remoteproc6/rproc-virtio.2.auto/virtio2", 0xffffe30ee410, 1023) = -1 EINVAL (Invalid argument) <0.000018>
1711  20:11:41.356243 openat(AT_FDCWD, "/sys/devices/platform/bus@100000/bus@100000:r5fss@5c00000/5c00000.r5f/remoteproc/remoteproc6/rproc-virtio.2.auto/virtio2", O_RDONLY|O_NONBLOCK|O_CLOEXEC|O_DIRECTORY) = 6 <0.000020>
1711  20:11:41.356312 newfstatat(6, "", {st_mode=S_IFDIR|0755, st_size=0, ...}, AT_EMPTY_PATH) = 0 <0.000014>
1711  20:11:41.356379 getdents64(6, 0x215b0310 /* 16 entries */, 32768) = 584 <0.000023>
1711  20:11:41.356452 newfstatat(AT_FDCWD, "/sys/devices/platform/bus@100000/bus@100000:r5fss@5c00000/5c00000.r5f/remoteproc/remoteproc6/rproc-virtio.2.auto/virtio2/virtio2.rpmsg_chrdev.-1.13/rpmsg", {st_mode=S_IFDIR|0755, st_size=0, ...}, 0) = 0 <0.000023>
1711  20:11:41.356532 openat(AT_FDCWD, "/sys/devices/platform/bus@100000/bus@100000:r5fss@5c00000/5c00000.r5f/remoteproc/remoteproc6/rproc-virtio.2.auto/virtio2", O_RDONLY|O_NONBLOCK|O_CLOEXEC|O_DIRECTORY) = 7 <0.000019>
1711  20:11:41.356598 newfstatat(7, "", {st_mode=S_IFDIR|0755, st_size=0, ...}, AT_EMPTY_PATH) = 0 <0.000013>
1711  20:11:41.356671 getdents64(7, 0x215b8350 /* 16 entries */, 32768) = 584 <0.000017>
1711  20:11:41.356738 newfstatat(AT_FDCWD, "/sys/devices/platform/bus@100000/bus@100000:r5fss@5c00000/5c00000.r5f/remoteproc/remoteproc6/rproc-virtio.2.auto/virtio2/virtio2.rpmsg_ctrl.0.0/rpmsg", {st_mode=S_IFDIR|0755, st_size=0, ...}, 0) = 0 <0.000023>
1711  20:11:41.356816 openat(AT_FDCWD, "/sys/devices/platform/bus@100000/bus@100000:r5fss@5c00000/5c00000.r5f/remoteproc/remoteproc6/rproc-virtio.2.auto/virtio2/virtio2.rpmsg_ctrl.0.0/rpmsg", O_RDONLY|O_NONBLOCK|O_CLOEXEC|O_DIRECTORY) = 8 <0.000020>
1711  20:11:41.356885 newfstatat(8, "", {st_mode=S_IFDIR|0755, st_size=0, ...}, AT_EMPTY_PATH) = 0 <0.000013>
1711  20:11:41.356955 getdents64(8, 0x215c0390 /* 3 entries */, 32768) = 80 <0.000014>
1711  20:11:41.357020 close(8)          = 0 <0.000014>
1711  20:11:41.357073 close(7)          = 0 <0.000012>
1711  20:11:41.357131 openat(AT_FDCWD, "/dev/rpmsg_ctrl2", O_RDWR) = 7 <0.008644>
1711  20:11:41.365830 ioctl(7, RPMSG_CREATE_EPT_IOCTL, 0xffffe30ef468) = 0 <0.026510>
1711  20:11:41.392469 close(7)          = 0 <0.009095>
1711  20:11:41.401674 readlinkat(AT_FDCWD, "/sys/class/rpmsg/rpmsg_ctrl2", "../../devices/platform/bus@100000/bus@100000:r5fss@5c00000/5c00000.r5f/remoteproc/remoteproc6/rproc-virtio.2.auto/virtio2/virtio2.rpmsg_ctrl.0.0/rpmsg/rpmsg_ctrl2", 256) = 162 <0.000066>
1711  20:11:41.401889 readlinkat(AT_FDCWD, "/sys", 0xffffe30ee5f0, 1023) = -1 EINVAL (Invalid argument) <0.000016>
1711  20:11:41.401965 readlinkat(AT_FDCWD, "/sys/class", 0xffffe30ee5f0, 1023) = -1 EINVAL (Invalid argument) <0.000015>
1711  20:11:41.402029 readlinkat(AT_FDCWD, "/sys/class/rpmsg", 0xffffe30ee5f0, 1023) = -1 EINVAL (Invalid argument) <0.000015>
1711  20:11:41.402116 faccessat2(AT_FDCWD, "/sys/class/rpmsg/", F_OK, AT_EACCESS) = 0 <0.000017>
1711  20:11:41.402184 readlinkat(AT_FDCWD, "/sys/devices", 0xffffe30ee5f0, 1023) = -1 EINVAL (Invalid argument) <0.000014>
1711  20:11:41.402246 readlinkat(AT_FDCWD, "/sys/devices/platform", 0xffffe30ee5f0, 1023) = -1 EINVAL (Invalid argument) <0.000015>
1711  20:11:41.402337 readlinkat(AT_FDCWD, "/sys/devices/platform/bus@100000", 0xffffe30ee5f0, 1023) = -1 EINVAL (Invalid argument) <0.000015>
1711  20:11:41.402401 readlinkat(AT_FDCWD, "/sys/devices/platform/bus@100000/bus@100000:r5fss@5c00000", 0xffffe30ee5f0, 1023) = -1 EINVAL (Invalid argument) <0.000016>
1711  20:11:41.402464 readlinkat(AT_FDCWD, "/sys/devices/platform/bus@100000/bus@100000:r5fss@5c00000/5c00000.r5f", 0xffffe30ee5f0, 1023) = -1 EINVAL (Invalid argument) <0.000017>
1711  20:11:41.402529 readlinkat(AT_FDCWD, "/sys/devices/platform/bus@100000/bus@100000:r5fss@5c00000/5c00000.r5f/remoteproc", 0xffffe30ee5f0, 1023) = -1 EINVAL (Invalid argument) <0.000016>
1711  20:11:41.402593 readlinkat(AT_FDCWD, "/sys/devices/platform/bus@100000/bus@100000:r5fss@5c00000/5c00000.r5f/remoteproc/remoteproc6", 0xffffe30ee5f0, 1023) = -1 EINVAL (Invalid argument) <0.000018>
1711  20:11:41.402660 readlinkat(AT_FDCWD, "/sys/devices/platform/bus@100000/bus@100000:r5fss@5c00000/5c00000.r5f/remoteproc/remoteproc6/rproc-virtio.2.auto", 0xffffe30ee5f0, 1023) = -1 EINVAL (Invalid argument) <0.000017>
1711  20:11:41.402725 readlinkat(AT_FDCWD, "/sys/devices/platform/bus@100000/bus@100000:r5fss@5c00000/5c00000.r5f/remoteproc/remoteproc6/rproc-virtio.2.auto/virtio2", 0xffffe30ee5f0, 1023) = -1 EINVAL (Invalid argument) <0.000018>
1711  20:11:41.402790 readlinkat(AT_FDCWD, "/sys/devices/platform/bus@100000/bus@100000:r5fss@5c00000/5c00000.r5f/remoteproc/remoteproc6/rproc-virtio.2.auto/virtio2/virtio2.rpmsg_ctrl.0.0", 0xffffe30ee5f0, 1023) = -1 EINVAL (Invalid argument) <0.000018>
1711  20:11:41.402856 readlinkat(AT_FDCWD, "/sys/devices/platform/bus@100000/bus@100000:r5fss@5c00000/5c00000.r5f/remoteproc/remoteproc6/rproc-virtio.2.auto/virtio2/virtio2.rpmsg_ctrl.0.0/rpmsg", 0xffffe30ee5f0, 1023) = -1 EINVAL (Invalid argument) <0.000018>
1711  20:11:41.402922 readlinkat(AT_FDCWD, "/sys/devices/platform/bus@100000/bus@100000:r5fss@5c00000/5c00000.r5f/remoteproc/remoteproc6/rproc-virtio.2.auto/virtio2/virtio2.rpmsg_ctrl.0.0/rpmsg/rpmsg_ctrl2", 0xffffe30ee5f0, 1023) = -1 EINVAL (Invalid argument) <0.000018>
1711  20:11:41.402993 openat(AT_FDCWD, "/sys/devices/platform/bus@100000/bus@100000:r5fss@5c00000/5c00000.r5f/remoteproc/remoteproc6/rproc-virtio.2.auto/virtio2/virtio2.rpmsg_ctrl.0.0/rpmsg/rpmsg_ctrl2", O_RDONLY|O_NONBLOCK|O_CLOEXEC|O_DIRECTORY) = 7 <0.000026>
1711  20:11:41.403075 newfstatat(7, "", {st_mode=S_IFDIR|0755, st_size=0, ...}, AT_EMPTY_PATH) = 0 <0.000015>
1711  20:11:41.403154 getdents64(7, 0x215b8400 /* 8 entries */, 32768) = 232 <0.000021>
1711  20:11:41.403227 openat(AT_FDCWD, "/sys/devices/platform/bus@100000/bus@100000:r5fss@5c00000/5c00000.r5f/remoteproc/remoteproc6/rproc-virtio.2.auto/virtio2/virtio2.rpmsg_ctrl.0.0/rpmsg/rpmsg_ctrl2/rpmsg11/name", O_RDONLY) = 8 <0.000036>
1711  20:11:41.403312 read(8, "rpmsg-char-3-1711-ipc\n", 32) = 22 <0.000022>
1711  20:11:41.403380 close(8)          = 0 <0.000019>
1711  20:11:41.403447 close(7)          = 0 <0.000014>
1711  20:11:41.403502 openat(AT_FDCWD, "/dev/rpmsg11", O_RDWR) = 7 <0.018457>
1711  20:11:41.422259 readlinkat(AT_FDCWD, "/sys/class/rpmsg/rpmsg11", "../../devices/platform/bus@100000/bus@100000:r5fss@5c00000/5c00000.r5f/remoteproc/remoteproc6/rproc-virtio.2.auto/virtio2/virtio2.rpmsg_ctrl.0.0/rpmsg/rpmsg_ctrl2/rpmsg11", 256) = 170 <0.000056>
1711  20:11:41.422431 readlinkat(AT_FDCWD, "/sys", 0xffffe30ee650, 1023) = -1 EINVAL (Invalid argument) <0.000014>
1711  20:11:41.422503 readlinkat(AT_FDCWD, "/sys/class", 0xffffe30ee650, 1023) = -1 EINVAL (Invalid argument) <0.000014>
1711  20:11:41.422565 readlinkat(AT_FDCWD, "/sys/class/rpmsg", 0xffffe30ee650, 1023) = -1 EINVAL (Invalid argument) <0.000014>
1711  20:11:41.422627 faccessat2(AT_FDCWD, "/sys/class/rpmsg/", F_OK, AT_EACCESS) = 0 <0.000015>
1711  20:11:41.422691 readlinkat(AT_FDCWD, "/sys/devices", 0xffffe30ee650, 1023) = -1 EINVAL (Invalid argument) <0.000014>
1711  20:11:41.422752 readlinkat(AT_FDCWD, "/sys/devices/platform", 0xffffe30ee650, 1023) = -1 EINVAL (Invalid argument) <0.000015>
1711  20:11:41.422838 readlinkat(AT_FDCWD, "/sys/devices/platform/bus@100000", 0xffffe30ee650, 1023) = -1 EINVAL (Invalid argument) <0.000015>
1711  20:11:41.422902 readlinkat(AT_FDCWD, "/sys/devices/platform/bus@100000/bus@100000:r5fss@5c00000", 0xffffe30ee650, 1023) = -1 EINVAL (Invalid argument) <0.000016>
1711  20:11:41.422966 readlinkat(AT_FDCWD, "/sys/devices/platform/bus@100000/bus@100000:r5fss@5c00000/5c00000.r5f", 0xffffe30ee650, 1023) = -1 EINVAL (Invalid argument) <0.000016>
1711  20:11:41.423029 readlinkat(AT_FDCWD, "/sys/devices/platform/bus@100000/bus@100000:r5fss@5c00000/5c00000.r5f/remoteproc", 0xffffe30ee650, 1023) = -1 EINVAL (Invalid argument) <0.000017>
1711  20:11:41.423093 readlinkat(AT_FDCWD, "/sys/devices/platform/bus@100000/bus@100000:r5fss@5c00000/5c00000.r5f/remoteproc/remoteproc6", 0xffffe30ee650, 1023) = -1 EINVAL (Invalid argument) <0.000017>
1711  20:11:41.423158 readlinkat(AT_FDCWD, "/sys/devices/platform/bus@100000/bus@100000:r5fss@5c00000/5c00000.r5f/remoteproc/remoteproc6/rproc-virtio.2.auto", 0xffffe30ee650, 1023) = -1 EINVAL (Invalid argument) <0.000017>
1711  20:11:41.423223 readlinkat(AT_FDCWD, "/sys/devices/platform/bus@100000/bus@100000:r5fss@5c00000/5c00000.r5f/remoteproc/remoteproc6/rproc-virtio.2.auto/virtio2", 0xffffe30ee650, 1023) = -1 EINVAL (Invalid argument) <0.000017>
1711  20:11:41.423288 readlinkat(AT_FDCWD, "/sys/devices/platform/bus@100000/bus@100000:r5fss@5c00000/5c00000.r5f/remoteproc/remoteproc6/rproc-virtio.2.auto/virtio2/virtio2.rpmsg_ctrl.0.0", 0xffffe30ee650, 1023) = -1 EINVAL (Invalid argument) <0.000018>
1711  20:11:41.423353 readlinkat(AT_FDCWD, "/sys/devices/platform/bus@100000/bus@100000:r5fss@5c00000/5c00000.r5f/remoteproc/remoteproc6/rproc-virtio.2.auto/virtio2/virtio2.rpmsg_ctrl.0.0/rpmsg", 0xffffe30ee650, 1023) = -1 EINVAL (Invalid argument) <0.000019>
1711  20:11:41.423419 readlinkat(AT_FDCWD, "/sys/devices/platform/bus@100000/bus@100000:r5fss@5c00000/5c00000.r5f/remoteproc/remoteproc6/rproc-virtio.2.auto/virtio2/virtio2.rpmsg_ctrl.0.0/rpmsg/rpmsg_ctrl2", 0xffffe30ee650, 1023) = -1 EINVAL (Invalid argument) <0.000018>
1711  20:11:41.423485 readlinkat(AT_FDCWD, "/sys/devices/platform/bus@100000/bus@100000:r5fss@5c00000/5c00000.r5f/remoteproc/remoteproc6/rproc-virtio.2.auto/virtio2/virtio2.rpmsg_ctrl.0.0/rpmsg/rpmsg_ctrl2/rpmsg11", 0xffffe30ee650, 1023) = -1 EINVAL (Invalid argument) <0.000019>
1711  20:11:41.423572 openat(AT_FDCWD, "/sys/devices/platform/bus@100000/bus@100000:r5fss@5c00000/5c00000.r5f/remoteproc/remoteproc6/rproc-virtio.2.auto/virtio2/virtio2.rpmsg_ctrl.0.0/rpmsg/rpmsg_ctrl2/rpmsg11/src", O_RDONLY) = 8 <0.000038>
1711  20:11:41.423662 read(8, "1026\n", 32) = 5 <0.000022>
1711  20:11:41.423732 close(8)          = 0 <0.000019>
1711  20:11:41.423804 getpid()          = 1711 <0.000012>
1711  20:11:41.423861 readlinkat(AT_FDCWD, "/sys/bus/platform/devices/5d00000.r5f", "../../../devices/platform/bus@100000/bus@100000:r5fss@5c00000/5d00000.r5f", 256) = 73 <0.000025>
1711  20:11:41.423940 readlinkat(AT_FDCWD, "/sys", 0xffffe30ee440, 1023) = -1 EINVAL (Invalid argument) <0.000013>
1711  20:11:41.424000 readlinkat(AT_FDCWD, "/sys/bus", 0xffffe30ee440, 1023) = -1 EINVAL (Invalid argument) <0.000013>
1711  20:11:41.424061 readlinkat(AT_FDCWD, "/sys/bus/platform", 0xffffe30ee440, 1023) = -1 EINVAL (Invalid argument) <0.000014>
1711  20:11:41.424123 readlinkat(AT_FDCWD, "/sys/bus/platform/devices", 0xffffe30ee440, 1023) = -1 EINVAL (Invalid argument) <0.000015>
1711  20:11:41.424184 faccessat2(AT_FDCWD, "/sys/bus/platform/devices/", F_OK, AT_EACCESS) = 0 <0.000015>
1711  20:11:41.424245 readlinkat(AT_FDCWD, "/sys/devices", 0xffffe30ee440, 1023) = -1 EINVAL (Invalid argument) <0.000014>
1711  20:11:41.424306 readlinkat(AT_FDCWD, "/sys/devices/platform", 0xffffe30ee440, 1023) = -1 EINVAL (Invalid argument) <0.000014>
1711  20:11:41.424366 readlinkat(AT_FDCWD, "/sys/devices/platform/bus@100000", 0xffffe30ee440, 1023) = -1 EINVAL (Invalid argument) <0.000014>
1711  20:11:41.424427 readlinkat(AT_FDCWD, "/sys/devices/platform/bus@100000/bus@100000:r5fss@5c00000", 0xffffe30ee440, 1023) = -1 EINVAL (Invalid argument) <0.000015>
1711  20:11:41.424504 readlinkat(AT_FDCWD, "/sys/devices/platform/bus@100000/bus@100000:r5fss@5c00000/5d00000.r5f", 0xffffe30ee440, 1023) = -1 EINVAL (Invalid argument) <0.000017>
1711  20:11:41.424570 newfstatat(AT_FDCWD, "/sys/devices/platform/bus@100000/bus@100000:r5fss@5c00000/5d00000.r5f", {st_mode=S_IFDIR|0755, st_size=0, ...}, 0) = 0 <0.000018>
1711  20:11:41.424648 openat(AT_FDCWD, "/sys/devices/platform/bus@100000/bus@100000:r5fss@5c00000/5d00000.r5f/remoteproc", O_RDONLY|O_NONBLOCK|O_CLOEXEC|O_DIRECTORY) = 8 <0.000020>
1711  20:11:41.424722 newfstatat(8, "", {st_mode=S_IFDIR|0755, st_size=0, ...}, AT_EMPTY_PATH) = 0 <0.000014>
1711  20:11:41.424792 getdents64(8, 0x215b8590 /* 3 entries */, 32768) = 80 <0.000018>
1711  20:11:41.424866 close(8)          = 0 <0.000015>
1711  20:11:41.424921 openat(AT_FDCWD, "/sys/devices/platform/bus@100000/bus@100000:r5fss@5c00000/5d00000.r5f/remoteproc/remoteproc17/", O_RDONLY|O_NONBLOCK|O_CLOEXEC|O_DIRECTORY) = 8 <0.000020>
1711  20:11:41.424990 newfstatat(8, "", {st_mode=S_IFDIR|0755, st_size=0, ...}, AT_EMPTY_PATH) = 0 <0.000014>
1711  20:11:41.425057 getdents64(8, 0x215b8590 /* 12 entries */, 32768) = 368 <0.000021>
1711  20:11:41.425126 close(8)          = 0 <0.000013>
1711  20:11:41.425180 openat(AT_FDCWD, "/sys/devices/platform/bus@100000/bus@100000:r5fss@5c00000/5d00000.r5f/remoteproc/remoteproc17/rproc-virtio.5.auto", O_RDONLY|O_NONBLOCK|O_CLOEXEC|O_DIRECTORY) = 8 <0.000021>
1711  20:11:41.425250 newfstatat(8, "", {st_mode=S_IFDIR|0755, st_size=0, ...}, AT_EMPTY_PATH) = 0 <0.000013>
1711  20:11:41.425316 getdents64(8, 0x215b8590 /* 9 entries */, 32768) = 280 <0.000017>
1711  20:11:41.425383 close(8)          = 0 <0.000013>
1711  20:11:41.425437 readlinkat(AT_FDCWD, "/sys/bus/virtio/devices/virtio4", "../../../devices/platform/bus@100000/bus@100000:r5fss@5c00000/5d00000.r5f/remoteproc/remoteproc17/rproc-virtio.5.auto/virtio4", 256) = 125 <0.000024>
1711  20:11:41.425514 readlinkat(AT_FDCWD, "/sys", 0xffffe30ee410, 1023) = -1 EINVAL (Invalid argument) <0.000013>
1711  20:11:41.425574 readlinkat(AT_FDCWD, "/sys/bus", 0xffffe30ee410, 1023) = -1 EINVAL (Invalid argument) <0.000014>
1711  20:11:41.425635 readlinkat(AT_FDCWD, "/sys/bus/virtio", 0xffffe30ee410, 1023) = -1 EINVAL (Invalid argument) <0.000014>
1711  20:11:41.425696 readlinkat(AT_FDCWD, "/sys/bus/virtio/devices", 0xffffe30ee410, 1023) = -1 EINVAL (Invalid argument) <0.000014>
1711  20:11:41.425758 faccessat2(AT_FDCWD, "/sys/bus/virtio/devices/", F_OK, AT_EACCESS) = 0 <0.000015>
1711  20:11:41.425819 readlinkat(AT_FDCWD, "/sys/devices", 0xffffe30ee410, 1023) = -1 EINVAL (Invalid argument) <0.000014>
1711  20:11:41.425879 readlinkat(AT_FDCWD, "/sys/devices/platform", 0xffffe30ee410, 1023) = -1 EINVAL (Invalid argument) <0.000014>
1711  20:11:41.425940 readlinkat(AT_FDCWD, "/sys/devices/platform/bus@100000", 0xffffe30ee410, 1023) = -1 EINVAL (Invalid argument) <0.000014>
1711  20:11:41.426001 readlinkat(AT_FDCWD, "/sys/devices/platform/bus@100000/bus@100000:r5fss@5c00000", 0xffffe30ee410, 1023) = -1 EINVAL (Invalid argument) <0.000015>
1711  20:11:41.426063 readlinkat(AT_FDCWD, "/sys/devices/platform/bus@100000/bus@100000:r5fss@5c00000/5d00000.r5f", 0xffffe30ee410, 1023) = -1 EINVAL (Invalid argument) <0.000035>
1711  20:11:41.426148 readlinkat(AT_FDCWD, "/sys/devices/platform/bus@100000/bus@100000:r5fss@5c00000/5d00000.r5f/remoteproc", 0xffffe30ee410, 1023) = -1 EINVAL (Invalid argument) <0.000016>
1711  20:11:41.426212 readlinkat(AT_FDCWD, "/sys/devices/platform/bus@100000/bus@100000:r5fss@5c00000/5d00000.r5f/remoteproc/remoteproc17", 0xffffe30ee410, 1023) = -1 EINVAL (Invalid argument) <0.000016>
1711  20:11:41.426276 readlinkat(AT_FDCWD, "/sys/devices/platform/bus@100000/bus@100000:r5fss@5c00000/5d00000.r5f/remoteproc/remoteproc17/rproc-virtio.5.auto", 0xffffe30ee410, 1023) = -1 EINVAL (Invalid argument) <0.000016>
1711  20:11:41.426342 readlinkat(AT_FDCWD, "/sys/devices/platform/bus@100000/bus@100000:r5fss@5c00000/5d00000.r5f/remoteproc/remoteproc17/rproc-virtio.5.auto/virtio4", 0xffffe30ee410, 1023) = -1 EINVAL (Invalid argument) <0.000019>
1711  20:11:41.426431 openat(AT_FDCWD, "/sys/devices/platform/bus@100000/bus@100000:r5fss@5c00000/5d00000.r5f/remoteproc/remoteproc17/rproc-virtio.5.auto/virtio4", O_RDONLY|O_NONBLOCK|O_CLOEXEC|O_DIRECTORY) = 8 <0.000020>
1711  20:11:41.426502 newfstatat(8, "", {st_mode=S_IFDIR|0755, st_size=0, ...}, AT_EMPTY_PATH) = 0 <0.000014>
1711  20:11:41.426570 getdents64(8, 0x215b8590 /* 16 entries */, 32768) = 584 <0.000024>
1711  20:11:41.426644 newfstatat(AT_FDCWD, "/sys/devices/platform/bus@100000/bus@100000:r5fss@5c00000/5d00000.r5f/remoteproc/remoteproc17/rproc-virtio.5.auto/virtio4/virtio4.rpmsg_chrdev.-1.13/rpmsg", {st_mode=S_IFDIR|0755, st_size=0, ...}, 0) = 0 <0.000021>
1711  20:11:41.426722 openat(AT_FDCWD, "/sys/devices/platform/bus@100000/bus@100000:r5fss@5c00000/5d00000.r5f/remoteproc/remoteproc17/rproc-virtio.5.auto/virtio4", O_RDONLY|O_NONBLOCK|O_CLOEXEC|O_DIRECTORY) = 9 <0.000019>
1711  20:11:41.426791 newfstatat(9, "", {st_mode=S_IFDIR|0755, st_size=0, ...}, AT_EMPTY_PATH) = 0 <0.000013>
1711  20:11:41.426857 getdents64(9, 0x215c05d0 /* 16 entries */, 32768) = 584 <0.000017>
1711  20:11:41.426923 newfstatat(AT_FDCWD, "/sys/devices/platform/bus@100000/bus@100000:r5fss@5c00000/5d00000.r5f/remoteproc/remoteproc17/rproc-virtio.5.auto/virtio4/virtio4.rpmsg_ctrl.0.0/rpmsg", {st_mode=S_IFDIR|0755, st_size=0, ...}, 0) = 0 <0.000021>
1711  20:11:41.426999 openat(AT_FDCWD, "/sys/devices/platform/bus@100000/bus@100000:r5fss@5c00000/5d00000.r5f/remoteproc/remoteproc17/rproc-virtio.5.auto/virtio4/virtio4.rpmsg_ctrl.0.0/rpmsg", O_RDONLY|O_NONBLOCK|O_CLOEXEC|O_DIRECTORY) = 10 <0.000019>
1711  20:11:41.427068 newfstatat(10, "", {st_mode=S_IFDIR|0755, st_size=0, ...}, AT_EMPTY_PATH) = 0 <0.000013>
1711  20:11:41.427146 getdents64(10, 0x215c8610 /* 3 entries */, 32768) = 80 <0.000015>
1711  20:11:41.427213 close(10)         = 0 <0.000014>
1711  20:11:41.427267 close(9)          = 0 <0.000012>
1711  20:11:41.427319 openat(AT_FDCWD, "/dev/rpmsg_ctrl4", O_RDWR) = 9 <0.008642>
1711  20:11:41.436013 ioctl(9, RPMSG_CREATE_EPT_IOCTL, 0xffffe30ef468) = 0 <0.026517>
1711  20:11:41.462631 close(9)          = 0 <0.008910>
1711  20:11:41.471650 readlinkat(AT_FDCWD, "/sys/class/rpmsg/rpmsg_ctrl4", "../../devices/platform/bus@100000/bus@100000:r5fss@5c00000/5d00000.r5f/remoteproc/remoteproc17/rproc-virtio.5.auto/virtio4/virtio4.rpmsg_ctrl.0.0/rpmsg/rpmsg_ctrl4", 256) = 163 <0.000051>
1711  20:11:41.471791 readlinkat(AT_FDCWD, "/sys", 0xffffe30ee5f0, 1023) = -1 EINVAL (Invalid argument) <0.000014>
1711  20:11:41.471860 readlinkat(AT_FDCWD, "/sys/class", 0xffffe30ee5f0, 1023) = -1 EINVAL (Invalid argument) <0.000014>
1711  20:11:41.471922 readlinkat(AT_FDCWD, "/sys/class/rpmsg", 0xffffe30ee5f0, 1023) = -1 EINVAL (Invalid argument) <0.000014>
1711  20:11:41.471985 faccessat2(AT_FDCWD, "/sys/class/rpmsg/", F_OK, AT_EACCESS) = 0 <0.000015>
1711  20:11:41.472046 readlinkat(AT_FDCWD, "/sys/devices", 0xffffe30ee5f0, 1023) = -1 EINVAL (Invalid argument) <0.000014>
1711  20:11:41.472109 readlinkat(AT_FDCWD, "/sys/devices/platform", 0xffffe30ee5f0, 1023) = -1 EINVAL (Invalid argument) <0.000015>
1711  20:11:41.472170 readlinkat(AT_FDCWD, "/sys/devices/platform/bus@100000", 0xffffe30ee5f0, 1023) = -1 EINVAL (Invalid argument) <0.000015>
1711  20:11:41.472233 readlinkat(AT_FDCWD, "/sys/devices/platform/bus@100000/bus@100000:r5fss@5c00000", 0xffffe30ee5f0, 1023) = -1 EINVAL (Invalid argument) <0.000016>
1711  20:11:41.472295 readlinkat(AT_FDCWD, "/sys/devices/platform/bus@100000/bus@100000:r5fss@5c00000/5d00000.r5f", 0xffffe30ee5f0, 1023) = -1 EINVAL (Invalid argument) <0.000016>
1711  20:11:41.472358 readlinkat(AT_FDCWD, "/sys/devices/platform/bus@100000/bus@100000:r5fss@5c00000/5d00000.r5f/remoteproc", 0xffffe30ee5f0, 1023) = -1 EINVAL (Invalid argument) <0.000016>
1711  20:11:41.472420 readlinkat(AT_FDCWD, "/sys/devices/platform/bus@100000/bus@100000:r5fss@5c00000/5d00000.r5f/remoteproc/remoteproc17", 0xffffe30ee5f0, 1023) = -1 EINVAL (Invalid argument) <0.000016>
1711  20:11:41.472517 readlinkat(AT_FDCWD, "/sys/devices/platform/bus@100000/bus@100000:r5fss@5c00000/5d00000.r5f/remoteproc/remoteproc17/rproc-virtio.5.auto", 0xffffe30ee5f0, 1023) = -1 EINVAL (Invalid argument) <0.000017>
1711  20:11:41.472583 readlinkat(AT_FDCWD, "/sys/devices/platform/bus@100000/bus@100000:r5fss@5c00000/5d00000.r5f/remoteproc/remoteproc17/rproc-virtio.5.auto/virtio4", 0xffffe30ee5f0, 1023) = -1 EINVAL (Invalid argument) <0.000017>
1711  20:11:41.472647 readlinkat(AT_FDCWD, "/sys/devices/platform/bus@100000/bus@100000:r5fss@5c00000/5d00000.r5f/remoteproc/remoteproc17/rproc-virtio.5.auto/virtio4/virtio4.rpmsg_ctrl.0.0", 0xffffe30ee5f0, 1023) = -1 EINVAL (Invalid argument) <0.000018>
1711  20:11:41.472712 readlinkat(AT_FDCWD, "/sys/devices/platform/bus@100000/bus@100000:r5fss@5c00000/5d00000.r5f/remoteproc/remoteproc17/rproc-virtio.5.auto/virtio4/virtio4.rpmsg_ctrl.0.0/rpmsg", 0xffffe30ee5f0, 1023) = -1 EINVAL (Invalid argument) <0.000018>
1711  20:11:41.472778 readlinkat(AT_FDCWD, "/sys/devices/platform/bus@100000/bus@100000:r5fss@5c00000/5d00000.r5f/remoteproc/remoteproc17/rproc-virtio.5.auto/virtio4/virtio4.rpmsg_ctrl.0.0/rpmsg/rpmsg_ctrl4", 0xffffe30ee5f0, 1023) = -1 EINVAL (Invalid argument) <0.000019>
1711  20:11:41.472846 openat(AT_FDCWD, "/sys/devices/platform/bus@100000/bus@100000:r5fss@5c00000/5d00000.r5f/remoteproc/remoteproc17/rproc-virtio.5.auto/virtio4/virtio4.rpmsg_ctrl.0.0/rpmsg/rpmsg_ctrl4", O_RDONLY|O_NONBLOCK|O_CLOEXEC|O_DIRECTORY) = 9 <0.000023>
1711  20:11:41.472924 newfstatat(9, "", {st_mode=S_IFDIR|0755, st_size=0, ...}, AT_EMPTY_PATH) = 0 <0.000015>
1711  20:11:41.473003 getdents64(9, 0x215c05d0 /* 8 entries */, 32768) = 232 <0.000021>
1711  20:11:41.473076 openat(AT_FDCWD, "/sys/devices/platform/bus@100000/bus@100000:r5fss@5c00000/5d00000.r5f/remoteproc/remoteproc17/rproc-virtio.5.auto/virtio4/virtio4.rpmsg_ctrl.0.0/rpmsg/rpmsg_ctrl4/rpmsg12/name", O_RDONLY) = 10 <0.000036>
1711  20:11:41.473161 read(10, "rpmsg-char-4-1711-ipc\n", 32) = 22 <0.000021>
1711  20:11:41.473227 close(10)         = 0 <0.000017>
1711  20:11:41.473294 close(9)          = 0 <0.000014>
1711  20:11:41.473349 openat(AT_FDCWD, "/dev/rpmsg12", O_RDWR) = 9 <0.018370>
1711  20:11:41.491807 readlinkat(AT_FDCWD, "/sys/class/rpmsg/rpmsg12", "../../devices/platform/bus@100000/bus@100000:r5fss@5c00000/5d00000.r5f/remoteproc/remoteproc17/rproc-virtio.5.auto/virtio4/virtio4.rpmsg_ctrl.0.0/rpmsg/rpmsg_ctrl4/rpmsg12", 256) = 171 <0.000066>
1711  20:11:41.491978 readlinkat(AT_FDCWD, "/sys", 0xffffe30ee650, 1023) = -1 EINVAL (Invalid argument) <0.000014>
1711  20:11:41.492052 readlinkat(AT_FDCWD, "/sys/class", 0xffffe30ee650, 1023) = -1 EINVAL (Invalid argument) <0.000014>
1711  20:11:41.492114 readlinkat(AT_FDCWD, "/sys/class/rpmsg", 0xffffe30ee650, 1023) = -1 EINVAL (Invalid argument) <0.000014>
1711  20:11:41.492176 faccessat2(AT_FDCWD, "/sys/class/rpmsg/", F_OK, AT_EACCESS) = 0 <0.000015>
1711  20:11:41.492239 readlinkat(AT_FDCWD, "/sys/devices", 0xffffe30ee650, 1023) = -1 EINVAL (Invalid argument) <0.000014>
1711  20:11:41.492300 readlinkat(AT_FDCWD, "/sys/devices/platform", 0xffffe30ee650, 1023) = -1 EINVAL (Invalid argument) <0.000015>
1711  20:11:41.492362 readlinkat(AT_FDCWD, "/sys/devices/platform/bus@100000", 0xffffe30ee650, 1023) = -1 EINVAL (Invalid argument) <0.000015>
1711  20:11:41.492424 readlinkat(AT_FDCWD, "/sys/devices/platform/bus@100000/bus@100000:r5fss@5c00000", 0xffffe30ee650, 1023) = -1 EINVAL (Invalid argument) <0.000016>
1711  20:11:41.492488 readlinkat(AT_FDCWD, "/sys/devices/platform/bus@100000/bus@100000:r5fss@5c00000/5d00000.r5f", 0xffffe30ee650, 1023) = -1 EINVAL (Invalid argument) <0.000016>
1711  20:11:41.492552 readlinkat(AT_FDCWD, "/sys/devices/platform/bus@100000/bus@100000:r5fss@5c00000/5d00000.r5f/remoteproc", 0xffffe30ee650, 1023) = -1 EINVAL (Invalid argument) <0.000016>
1711  20:11:41.492616 readlinkat(AT_FDCWD, "/sys/devices/platform/bus@100000/bus@100000:r5fss@5c00000/5d00000.r5f/remoteproc/remoteproc17", 0xffffe30ee650, 1023) = -1 EINVAL (Invalid argument) <0.000017>
1711  20:11:41.492705 readlinkat(AT_FDCWD, "/sys/devices/platform/bus@100000/bus@100000:r5fss@5c00000/5d00000.r5f/remoteproc/remoteproc17/rproc-virtio.5.auto", 0xffffe30ee650, 1023) = -1 EINVAL (Invalid argument) <0.000017>
1711  20:11:41.492772 readlinkat(AT_FDCWD, "/sys/devices/platform/bus@100000/bus@100000:r5fss@5c00000/5d00000.r5f/remoteproc/remoteproc17/rproc-virtio.5.auto/virtio4", 0xffffe30ee650, 1023) = -1 EINVAL (Invalid argument) <0.000017>
1711  20:11:41.492837 readlinkat(AT_FDCWD, "/sys/devices/platform/bus@100000/bus@100000:r5fss@5c00000/5d00000.r5f/remoteproc/remoteproc17/rproc-virtio.5.auto/virtio4/virtio4.rpmsg_ctrl.0.0", 0xffffe30ee650, 1023) = -1 EINVAL (Invalid argument) <0.000018>
1711  20:11:41.492903 readlinkat(AT_FDCWD, "/sys/devices/platform/bus@100000/bus@100000:r5fss@5c00000/5d00000.r5f/remoteproc/remoteproc17/rproc-virtio.5.auto/virtio4/virtio4.rpmsg_ctrl.0.0/rpmsg", 0xffffe30ee650, 1023) = -1 EINVAL (Invalid argument) <0.000019>
1711  20:11:41.492970 readlinkat(AT_FDCWD, "/sys/devices/platform/bus@100000/bus@100000:r5fss@5c00000/5d00000.r5f/remoteproc/remoteproc17/rproc-virtio.5.auto/virtio4/virtio4.rpmsg_ctrl.0.0/rpmsg/rpmsg_ctrl4", 0xffffe30ee650, 1023) = -1 EINVAL (Invalid argument) <0.000018>
1711  20:11:41.493036 readlinkat(AT_FDCWD, "/sys/devices/platform/bus@100000/bus@100000:r5fss@5c00000/5d00000.r5f/remoteproc/remoteproc17/rproc-virtio.5.auto/virtio4/virtio4.rpmsg_ctrl.0.0/rpmsg/rpmsg_ctrl4/rpmsg12", 0xffffe30ee650, 1023) = -1 EINVAL (Invalid argument) <0.000019>
1711  20:11:41.493107 openat(AT_FDCWD, "/sys/devices/platform/bus@100000/bus@100000:r5fss@5c00000/5d00000.r5f/remoteproc/remoteproc17/rproc-virtio.5.auto/virtio4/virtio4.rpmsg_ctrl.0.0/rpmsg/rpmsg_ctrl4/rpmsg12/src", O_RDONLY) = 10 <0.000038>
1711  20:11:41.493195 read(10, "1026\n", 32) = 5 <0.000022>
1711  20:11:41.493265 close(10)         = 0 <0.000018>
1711  20:11:41.493328 getpid()          = 1711 <0.000012>
1711  20:11:41.493386 readlinkat(AT_FDCWD, "/sys/bus/platform/devices/4d80800000.dsp", "../../../devices/platform/bus@100000/4d80800000.dsp", 256) = 51 <0.000023>
1711  20:11:41.493461 readlinkat(AT_FDCWD, "/sys", 0xffffe30ee440, 1023) = -1 EINVAL (Invalid argument) <0.000013>
1711  20:11:41.493521 readlinkat(AT_FDCWD, "/sys/bus", 0xffffe30ee440, 1023) = -1 EINVAL (Invalid argument) <0.000014>
1711  20:11:41.493581 readlinkat(AT_FDCWD, "/sys/bus/platform", 0xffffe30ee440, 1023) = -1 EINVAL (Invalid argument) <0.000014>
1711  20:11:41.493642 readlinkat(AT_FDCWD, "/sys/bus/platform/devices", 0xffffe30ee440, 1023) = -1 EINVAL (Invalid argument) <0.000014>
1711  20:11:41.493704 faccessat2(AT_FDCWD, "/sys/bus/platform/devices/", F_OK, AT_EACCESS) = 0 <0.000014>
1711  20:11:41.493764 readlinkat(AT_FDCWD, "/sys/devices", 0xffffe30ee440, 1023) = -1 EINVAL (Invalid argument) <0.000014>
1711  20:11:41.493824 readlinkat(AT_FDCWD, "/sys/devices/platform", 0xffffe30ee440, 1023) = -1 EINVAL (Invalid argument) <0.000014>
1711  20:11:41.493885 readlinkat(AT_FDCWD, "/sys/devices/platform/bus@100000", 0xffffe30ee440, 1023) = -1 EINVAL (Invalid argument) <0.000014>
1711  20:11:41.493947 readlinkat(AT_FDCWD, "/sys/devices/platform/bus@100000/4d80800000.dsp", 0xffffe30ee440, 1023) = -1 EINVAL (Invalid argument) <0.000015>
1711  20:11:41.494012 newfstatat(AT_FDCWD, "/sys/devices/platform/bus@100000/4d80800000.dsp", {st_mode=S_IFDIR|0755, st_size=0, ...}, 0) = 0 <0.000017>
1711  20:11:41.494123 openat(AT_FDCWD, "/sys/devices/platform/bus@100000/4d80800000.dsp/remoteproc", O_RDONLY|O_NONBLOCK|O_CLOEXEC|O_DIRECTORY) = 10 <0.000024>
1711  20:11:41.494204 newfstatat(10, "", {st_mode=S_IFDIR|0755, st_size=0, ...}, AT_EMPTY_PATH) = 0 <0.000015>
1711  20:11:41.494277 getdents64(10, 0x215c0690 /* 3 entries */, 32768) = 80 <0.000018>
1711  20:11:41.494353 close(10)         = 0 <0.000015>
1711  20:11:41.494409 openat(AT_FDCWD, "/sys/devices/platform/bus@100000/4d80800000.dsp/remoteproc/remoteproc0/", O_RDONLY|O_NONBLOCK|O_CLOEXEC|O_DIRECTORY) = 10 <0.000020>
1711  20:11:41.494479 newfstatat(10, "", {st_mode=S_IFDIR|0755, st_size=0, ...}, AT_EMPTY_PATH) = 0 <0.000013>
1711  20:11:41.494564 getdents64(10, 0x215c0690 /* 12 entries */, 32768) = 368 <0.000021>
1711  20:11:41.494635 close(10)         = 0 <0.000013>
1711  20:11:41.494688 openat(AT_FDCWD, "/sys/devices/platform/bus@100000/4d80800000.dsp/remoteproc/remoteproc0/rproc-virtio.0.auto", O_RDONLY|O_NONBLOCK|O_CLOEXEC|O_DIRECTORY) = 10 <0.000020>
1711  20:11:41.494758 newfstatat(10, "", {st_mode=S_IFDIR|0755, st_size=0, ...}, AT_EMPTY_PATH) = 0 <0.000013>
1711  20:11:41.494823 getdents64(10, 0x215c0690 /* 9 entries */, 32768) = 280 <0.000017>
1711  20:11:41.494890 close(10)         = 0 <0.000013>
1711  20:11:41.494944 readlinkat(AT_FDCWD, "/sys/bus/virtio/devices/virtio0", "../../../devices/platform/bus@100000/4d80800000.dsp/remoteproc/remoteproc0/rproc-virtio.0.auto/virtio0", 256) = 102 <0.000025>
1711  20:11:41.495023 readlinkat(AT_FDCWD, "/sys", 0xffffe30ee410, 1023) = -1 EINVAL (Invalid argument) <0.000013>
1711  20:11:41.495084 readlinkat(AT_FDCWD, "/sys/bus", 0xffffe30ee410, 1023) = -1 EINVAL (Invalid argument) <0.000014>
1711  20:11:41.495145 readlinkat(AT_FDCWD, "/sys/bus/virtio", 0xffffe30ee410, 1023) = -1 EINVAL (Invalid argument) <0.000014>
1711  20:11:41.495206 readlinkat(AT_FDCWD, "/sys/bus/virtio/devices", 0xffffe30ee410, 1023) = -1 EINVAL (Invalid argument) <0.000014>
1711  20:11:41.495268 faccessat2(AT_FDCWD, "/sys/bus/virtio/devices/", F_OK, AT_EACCESS) = 0 <0.000015>
1711  20:11:41.495330 readlinkat(AT_FDCWD, "/sys/devices", 0xffffe30ee410, 1023) = -1 EINVAL (Invalid argument) <0.000014>
1711  20:11:41.495390 readlinkat(AT_FDCWD, "/sys/devices/platform", 0xffffe30ee410, 1023) = -1 EINVAL (Invalid argument) <0.000014>
1711  20:11:41.495451 readlinkat(AT_FDCWD, "/sys/devices/platform/bus@100000", 0xffffe30ee410, 1023) = -1 EINVAL (Invalid argument) <0.000015>
1711  20:11:41.495512 readlinkat(AT_FDCWD, "/sys/devices/platform/bus@100000/4d80800000.dsp", 0xffffe30ee410, 1023) = -1 EINVAL (Invalid argument) <0.000015>
1711  20:11:41.495573 readlinkat(AT_FDCWD, "/sys/devices/platform/bus@100000/4d80800000.dsp/remoteproc", 0xffffe30ee410, 1023) = -1 EINVAL (Invalid argument) <0.000015>
1711  20:11:41.495636 readlinkat(AT_FDCWD, "/sys/devices/platform/bus@100000/4d80800000.dsp/remoteproc/remoteproc0", 0xffffe30ee410, 1023) = -1 EINVAL (Invalid argument) <0.000016>
1711  20:11:41.495698 readlinkat(AT_FDCWD, "/sys/devices/platform/bus@100000/4d80800000.dsp/remoteproc/remoteproc0/rproc-virtio.0.auto", 0xffffe30ee410, 1023) = -1 EINVAL (Invalid argument) <0.000016>
1711  20:11:41.495761 readlinkat(AT_FDCWD, "/sys/devices/platform/bus@100000/4d80800000.dsp/remoteproc/remoteproc0/rproc-virtio.0.auto/virtio0", 0xffffe30ee410, 1023) = -1 EINVAL (Invalid argument) <0.000017>
1711  20:11:41.495829 openat(AT_FDCWD, "/sys/devices/platform/bus@100000/4d80800000.dsp/remoteproc/remoteproc0/rproc-virtio.0.auto/virtio0", O_RDONLY|O_NONBLOCK|O_CLOEXEC|O_DIRECTORY) = 10 <0.000020>
1711  20:11:41.495896 newfstatat(10, "", {st_mode=S_IFDIR|0755, st_size=0, ...}, AT_EMPTY_PATH) = 0 <0.000014>
1711  20:11:41.495963 getdents64(10, 0x215c0700 /* 16 entries */, 32768) = 584 <0.000022>
1711  20:11:41.496034 newfstatat(AT_FDCWD, "/sys/devices/platform/bus@100000/4d80800000.dsp/remoteproc/remoteproc0/rproc-virtio.0.auto/virtio0/virtio0.rpmsg_chrdev.-1.13/rpmsg", {st_mode=S_IFDIR|0755, st_size=0, ...}, 0) = 0 <0.000021>
1711  20:11:41.496112 openat(AT_FDCWD, "/sys/devices/platform/bus@100000/4d80800000.dsp/remoteproc/remoteproc0/rproc-virtio.0.auto/virtio0", O_RDONLY|O_NONBLOCK|O_CLOEXEC|O_DIRECTORY) = 11 <0.000019>
1711  20:11:41.496178 newfstatat(11, "", {st_mode=S_IFDIR|0755, st_size=0, ...}, AT_EMPTY_PATH) = 0 <0.000014>
1711  20:11:41.496244 getdents64(11, 0x215c8740 /* 16 entries */, 32768) = 584 <0.000016>
1711  20:11:41.496313 newfstatat(AT_FDCWD, "/sys/devices/platform/bus@100000/4d80800000.dsp/remoteproc/remoteproc0/rproc-virtio.0.auto/virtio0/virtio0.rpmsg_ctrl.0.0/rpmsg", {st_mode=S_IFDIR|0755, st_size=0, ...}, 0) = 0 <0.000021>
1711  20:11:41.496389 openat(AT_FDCWD, "/sys/devices/platform/bus@100000/4d80800000.dsp/remoteproc/remoteproc0/rproc-virtio.0.auto/virtio0/virtio0.rpmsg_ctrl.0.0/rpmsg", O_RDONLY|O_NONBLOCK|O_CLOEXEC|O_DIRECTORY) = 12 <0.000020>
1711  20:11:41.496472 newfstatat(12, "", {st_mode=S_IFDIR|0755, st_size=0, ...}, AT_EMPTY_PATH) = 0 <0.000014>
1711  20:11:41.496540 brk(0x215f9000)   = 0x215f9000 <0.000031>
1711  20:11:41.496625 getdents64(12, 0x215d0780 /* 3 entries */, 32768) = 80 <0.000016>
1711  20:11:41.496697 brk(0x215f1000)   = 0x215f1000 <0.000040>
1711  20:11:41.496777 close(12)         = 0 <0.000015>
1711  20:11:41.496831 brk(0x215e9000)   = 0x215e9000 <0.000023>
1711  20:11:41.496894 close(11)         = 0 <0.000013>
1711  20:11:41.496947 openat(AT_FDCWD, "/dev/rpmsg_ctrl1", O_RDWR) = 11 <0.008663>
1711  20:11:41.505664 ioctl(11, RPMSG_CREATE_EPT_IOCTL, 0xffffe30ef468) = 0 <0.026079>
1711  20:11:41.531833 close(11)         = 0 <0.008934>
1711  20:11:41.540872 readlinkat(AT_FDCWD, "/sys/class/rpmsg/rpmsg_ctrl1", "../../devices/platform/bus@100000/4d80800000.dsp/remoteproc/remoteproc0/rproc-virtio.0.auto/virtio0/virtio0.rpmsg_ctrl.0.0/rpmsg/rpmsg_ctrl1", 256) = 140 <0.000051>
1711  20:11:41.541025 readlinkat(AT_FDCWD, "/sys", 0xffffe30ee5f0, 1023) = -1 EINVAL (Invalid argument) <0.000016>
1711  20:11:41.541103 readlinkat(AT_FDCWD, "/sys/class", 0xffffe30ee5f0, 1023) = -1 EINVAL (Invalid argument) <0.000030>
1711  20:11:41.541224 readlinkat(AT_FDCWD, "/sys/class/rpmsg", 0xffffe30ee5f0, 1023) = -1 EINVAL (Invalid argument) <0.000017>
1711  20:11:41.541291 faccessat2(AT_FDCWD, "/sys/class/rpmsg/", F_OK, AT_EACCESS) = 0 <0.000015>
1711  20:11:41.541353 readlinkat(AT_FDCWD, "/sys/devices", 0xffffe30ee5f0, 1023) = -1 EINVAL (Invalid argument) <0.000014>
1711  20:11:41.541414 readlinkat(AT_FDCWD, "/sys/devices/platform", 0xffffe30ee5f0, 1023) = -1 EINVAL (Invalid argument) <0.000015>
1711  20:11:41.541476 readlinkat(AT_FDCWD, "/sys/devices/platform/bus@100000", 0xffffe30ee5f0, 1023) = -1 EINVAL (Invalid argument) <0.000015>
1711  20:11:41.541539 readlinkat(AT_FDCWD, "/sys/devices/platform/bus@100000/4d80800000.dsp", 0xffffe30ee5f0, 1023) = -1 EINVAL (Invalid argument) <0.000016>
1711  20:11:41.541601 readlinkat(AT_FDCWD, "/sys/devices/platform/bus@100000/4d80800000.dsp/remoteproc", 0xffffe30ee5f0, 1023) = -1 EINVAL (Invalid argument) <0.000016>
1711  20:11:41.541666 readlinkat(AT_FDCWD, "/sys/devices/platform/bus@100000/4d80800000.dsp/remoteproc/remoteproc0", 0xffffe30ee5f0, 1023) = -1 EINVAL (Invalid argument) <0.000016>
1711  20:11:41.541729 readlinkat(AT_FDCWD, "/sys/devices/platform/bus@100000/4d80800000.dsp/remoteproc/remoteproc0/rproc-virtio.0.auto", 0xffffe30ee5f0, 1023) = -1 EINVAL (Invalid argument) <0.000017>
1711  20:11:41.541793 readlinkat(AT_FDCWD, "/sys/devices/platform/bus@100000/4d80800000.dsp/remoteproc/remoteproc0/rproc-virtio.0.auto/virtio0", 0xffffe30ee5f0, 1023) = -1 EINVAL (Invalid argument) <0.000017>
1711  20:11:41.541857 readlinkat(AT_FDCWD, "/sys/devices/platform/bus@100000/4d80800000.dsp/remoteproc/remoteproc0/rproc-virtio.0.auto/virtio0/virtio0.rpmsg_ctrl.0.0", 0xffffe30ee5f0, 1023) = -1 EINVAL (Invalid argument) <0.000018>
1711  20:11:41.541924 readlinkat(AT_FDCWD, "/sys/devices/platform/bus@100000/4d80800000.dsp/remoteproc/remoteproc0/rproc-virtio.0.auto/virtio0/virtio0.rpmsg_ctrl.0.0/rpmsg", 0xffffe30ee5f0, 1023) = -1 EINVAL (Invalid argument) <0.000018>
1711  20:11:41.541990 readlinkat(AT_FDCWD, "/sys/devices/platform/bus@100000/4d80800000.dsp/remoteproc/remoteproc0/rproc-virtio.0.auto/virtio0/virtio0.rpmsg_ctrl.0.0/rpmsg/rpmsg_ctrl1", 0xffffe30ee5f0, 1023) = -1 EINVAL (Invalid argument) <0.000018>
1711  20:11:41.542059 openat(AT_FDCWD, "/sys/devices/platform/bus@100000/4d80800000.dsp/remoteproc/remoteproc0/rproc-virtio.0.auto/virtio0/virtio0.rpmsg_ctrl.0.0/rpmsg/rpmsg_ctrl1", O_RDONLY|O_NONBLOCK|O_CLOEXEC|O_DIRECTORY) = 11 <0.000036>
1711  20:11:41.542175 newfstatat(11, "", {st_mode=S_IFDIR|0755, st_size=0, ...}, AT_EMPTY_PATH) = 0 <0.000017>
1711  20:11:41.542256 getdents64(11, 0x215c87e0 /* 8 entries */, 32768) = 232 <0.000022>
1711  20:11:41.542334 openat(AT_FDCWD, "/sys/devices/platform/bus@100000/4d80800000.dsp/remoteproc/remoteproc0/rproc-virtio.0.auto/virtio0/virtio0.rpmsg_ctrl.0.0/rpmsg/rpmsg_ctrl1/rpmsg13/name", O_RDONLY) = 12 <0.000041>
1711  20:11:41.542449 read(12, "rpmsg-char-7-1711-ipc\n", 32) = 22 <0.000020>
1711  20:11:41.542516 close(12)         = 0 <0.000019>
1711  20:11:41.542584 close(11)         = 0 <0.000014>
1711  20:11:41.542638 openat(AT_FDCWD, "/dev/rpmsg13", O_RDWR) = 11 <0.018415>
1711  20:11:41.561167 readlinkat(AT_FDCWD, "/sys/class/rpmsg/rpmsg13", "../../devices/platform/bus@100000/4d80800000.dsp/remoteproc/remoteproc0/rproc-virtio.0.auto/virtio0/virtio0.rpmsg_ctrl.0.0/rpmsg/rpmsg_ctrl1/rpmsg13", 256) = 148 <0.000101>
1711  20:11:41.561360 readlinkat(AT_FDCWD, "/sys", 0xffffe30ee650, 1023) = -1 EINVAL (Invalid argument) <0.000015>
1711  20:11:41.561431 readlinkat(AT_FDCWD, "/sys/class", 0xffffe30ee650, 1023) = -1 EINVAL (Invalid argument) <0.000015>
1711  20:11:41.561497 readlinkat(AT_FDCWD, "/sys/class/rpmsg", 0xffffe30ee650, 1023) = -1 EINVAL (Invalid argument) <0.000015>
1711  20:11:41.561559 faccessat2(AT_FDCWD, "/sys/class/rpmsg/", F_OK, AT_EACCESS) = 0 <0.000015>
1711  20:11:41.561622 readlinkat(AT_FDCWD, "/sys/devices", 0xffffe30ee650, 1023) = -1 EINVAL (Invalid argument) <0.000014>
1711  20:11:41.561683 readlinkat(AT_FDCWD, "/sys/devices/platform", 0xffffe30ee650, 1023) = -1 EINVAL (Invalid argument) <0.000015>
1711  20:11:41.561745 readlinkat(AT_FDCWD, "/sys/devices/platform/bus@100000", 0xffffe30ee650, 1023) = -1 EINVAL (Invalid argument) <0.000015>
1711  20:11:41.561807 readlinkat(AT_FDCWD, "/sys/devices/platform/bus@100000/4d80800000.dsp", 0xffffe30ee650, 1023) = -1 EINVAL (Invalid argument) <0.000015>
1711  20:11:41.561869 readlinkat(AT_FDCWD, "/sys/devices/platform/bus@100000/4d80800000.dsp/remoteproc", 0xffffe30ee650, 1023) = -1 EINVAL (Invalid argument) <0.000016>
1711  20:11:41.561931 readlinkat(AT_FDCWD, "/sys/devices/platform/bus@100000/4d80800000.dsp/remoteproc/remoteproc0", 0xffffe30ee650, 1023) = -1 EINVAL (Invalid argument) <0.000016>
1711  20:11:41.561994 readlinkat(AT_FDCWD, "/sys/devices/platform/bus@100000/4d80800000.dsp/remoteproc/remoteproc0/rproc-virtio.0.auto", 0xffffe30ee650, 1023) = -1 EINVAL (Invalid argument) <0.000017>
1711  20:11:41.562059 readlinkat(AT_FDCWD, "/sys/devices/platform/bus@100000/4d80800000.dsp/remoteproc/remoteproc0/rproc-virtio.0.auto/virtio0", 0xffffe30ee650, 1023) = -1 EINVAL (Invalid argument) <0.000045>
1711  20:11:41.562156 readlinkat(AT_FDCWD, "/sys/devices/platform/bus@100000/4d80800000.dsp/remoteproc/remoteproc0/rproc-virtio.0.auto/virtio0/virtio0.rpmsg_ctrl.0.0", 0xffffe30ee650, 1023) = -1 EINVAL (Invalid argument) <0.000018>
1711  20:11:41.562225 readlinkat(AT_FDCWD, "/sys/devices/platform/bus@100000/4d80800000.dsp/remoteproc/remoteproc0/rproc-virtio.0.auto/virtio0/virtio0.rpmsg_ctrl.0.0/rpmsg", 0xffffe30ee650, 1023) = -1 EINVAL (Invalid argument) <0.000018>
1711  20:11:41.562290 readlinkat(AT_FDCWD, "/sys/devices/platform/bus@100000/4d80800000.dsp/remoteproc/remoteproc0/rproc-virtio.0.auto/virtio0/virtio0.rpmsg_ctrl.0.0/rpmsg/rpmsg_ctrl1", 0xffffe30ee650, 1023) = -1 EINVAL (Invalid argument) <0.000019>
1711  20:11:41.562358 readlinkat(AT_FDCWD, "/sys/devices/platform/bus@100000/4d80800000.dsp/remoteproc/remoteproc0/rproc-virtio.0.auto/virtio0/virtio0.rpmsg_ctrl.0.0/rpmsg/rpmsg_ctrl1/rpmsg13", 0xffffe30ee650, 1023) = -1 EINVAL (Invalid argument) <0.000019>
1711  20:11:41.562430 openat(AT_FDCWD, "/sys/devices/platform/bus@100000/4d80800000.dsp/remoteproc/remoteproc0/rproc-virtio.0.auto/virtio0/virtio0.rpmsg_ctrl.0.0/rpmsg/rpmsg_ctrl1/rpmsg13/src", O_RDONLY) = 12 <0.000036>
1711  20:11:41.562516 read(12, "1026\n", 32) = 5 <0.000023>
1711  20:11:41.562585 close(12)         = 0 <0.000018>
1711  20:11:41.562649 getpid()          = 1711 <0.000012>
1711  20:11:41.562707 readlinkat(AT_FDCWD, "/sys/bus/platform/devices/4d81800000.dsp", "../../../devices/platform/bus@100000/4d81800000.dsp", 256) = 51 <0.000023>
1711  20:11:41.562782 readlinkat(AT_FDCWD, "/sys", 0xffffe30ee440, 1023) = -1 EINVAL (Invalid argument) <0.000013>
1711  20:11:41.562868 readlinkat(AT_FDCWD, "/sys/bus", 0xffffe30ee440, 1023) = -1 EINVAL (Invalid argument) <0.000014>
1711  20:11:41.562930 readlinkat(AT_FDCWD, "/sys/bus/platform", 0xffffe30ee440, 1023) = -1 EINVAL (Invalid argument) <0.000014>
1711  20:11:41.562990 readlinkat(AT_FDCWD, "/sys/bus/platform/devices", 0xffffe30ee440, 1023) = -1 EINVAL (Invalid argument) <0.000014>
1711  20:11:41.563051 faccessat2(AT_FDCWD, "/sys/bus/platform/devices/", F_OK, AT_EACCESS) = 0 <0.000015>
1711  20:11:41.563111 readlinkat(AT_FDCWD, "/sys/devices", 0xffffe30ee440, 1023) = -1 EINVAL (Invalid argument) <0.000014>
1711  20:11:41.563171 readlinkat(AT_FDCWD, "/sys/devices/platform", 0xffffe30ee440, 1023) = -1 EINVAL (Invalid argument) <0.000014>
1711  20:11:41.563232 readlinkat(AT_FDCWD, "/sys/devices/platform/bus@100000", 0xffffe30ee440, 1023) = -1 EINVAL (Invalid argument) <0.000015>
1711  20:11:41.563293 readlinkat(AT_FDCWD, "/sys/devices/platform/bus@100000/4d81800000.dsp", 0xffffe30ee440, 1023) = -1 EINVAL (Invalid argument) <0.000016>
1711  20:11:41.563356 newfstatat(AT_FDCWD, "/sys/devices/platform/bus@100000/4d81800000.dsp", {st_mode=S_IFDIR|0755, st_size=0, ...}, 0) = 0 <0.000017>
1711  20:11:41.563435 openat(AT_FDCWD, "/sys/devices/platform/bus@100000/4d81800000.dsp/remoteproc", O_RDONLY|O_NONBLOCK|O_CLOEXEC|O_DIRECTORY) = 12 <0.000020>
1711  20:11:41.563506 newfstatat(12, "", {st_mode=S_IFDIR|0755, st_size=0, ...}, AT_EMPTY_PATH) = 0 <0.000014>
1711  20:11:41.563576 getdents64(12, 0x215c88a0 /* 3 entries */, 32768) = 80 <0.000018>
1711  20:11:41.563654 close(12)         = 0 <0.000015>
1711  20:11:41.563709 openat(AT_FDCWD, "/sys/devices/platform/bus@100000/4d81800000.dsp/remoteproc/remoteproc16/", O_RDONLY|O_NONBLOCK|O_CLOEXEC|O_DIRECTORY) = 12 <0.000020>
1711  20:11:41.563778 newfstatat(12, "", {st_mode=S_IFDIR|0755, st_size=0, ...}, AT_EMPTY_PATH) = 0 <0.000013>
1711  20:11:41.563844 getdents64(12, 0x215c88a0 /* 12 entries */, 32768) = 368 <0.000020>
1711  20:11:41.563912 close(12)         = 0 <0.000013>
1711  20:11:41.563965 openat(AT_FDCWD, "/sys/devices/platform/bus@100000/4d81800000.dsp/remoteproc/remoteproc16/rproc-virtio.4.auto", O_RDONLY|O_NONBLOCK|O_CLOEXEC|O_DIRECTORY) = 12 <0.000019>
1711  20:11:41.564032 newfstatat(12, "", {st_mode=S_IFDIR|0755, st_size=0, ...}, AT_EMPTY_PATH) = 0 <0.000013>
1711  20:11:41.564097 getdents64(12, 0x215c88a0 /* 9 entries */, 32768) = 280 <0.000016>
1711  20:11:41.564163 close(12)         = 0 <0.000013>
1711  20:11:41.564220 readlinkat(AT_FDCWD, "/sys/bus/virtio/devices/virtio3", "../../../devices/platform/bus@100000/4d81800000.dsp/remoteproc/remoteproc16/rproc-virtio.4.auto/virtio3", 256) = 103 <0.000023>
1711  20:11:41.564294 readlinkat(AT_FDCWD, "/sys", 0xffffe30ee410, 1023) = -1 EINVAL (Invalid argument) <0.000013>
1711  20:11:41.564354 readlinkat(AT_FDCWD, "/sys/bus", 0xffffe30ee410, 1023) = -1 EINVAL (Invalid argument) <0.000014>
1711  20:11:41.564415 readlinkat(AT_FDCWD, "/sys/bus/virtio", 0xffffe30ee410, 1023) = -1 EINVAL (Invalid argument) <0.000014>
1711  20:11:41.564477 readlinkat(AT_FDCWD, "/sys/bus/virtio/devices", 0xffffe30ee410, 1023) = -1 EINVAL (Invalid argument) <0.000014>
1711  20:11:41.564537 faccessat2(AT_FDCWD, "/sys/bus/virtio/devices/", F_OK, AT_EACCESS) = 0 <0.000015>
1711  20:11:41.564597 readlinkat(AT_FDCWD, "/sys/devices", 0xffffe30ee410, 1023) = -1 EINVAL (Invalid argument) <0.000014>
1711  20:11:41.564658 readlinkat(AT_FDCWD, "/sys/devices/platform", 0xffffe30ee410, 1023) = -1 EINVAL (Invalid argument) <0.000014>
1711  20:11:41.564719 readlinkat(AT_FDCWD, "/sys/devices/platform/bus@100000", 0xffffe30ee410, 1023) = -1 EINVAL (Invalid argument) <0.000014>
1711  20:11:41.564779 readlinkat(AT_FDCWD, "/sys/devices/platform/bus@100000/4d81800000.dsp", 0xffffe30ee410, 1023) = -1 EINVAL (Invalid argument) <0.000015>
1711  20:11:41.564840 readlinkat(AT_FDCWD, "/sys/devices/platform/bus@100000/4d81800000.dsp/remoteproc", 0xffffe30ee410, 1023) = -1 EINVAL (Invalid argument) <0.000015>
1711  20:11:41.564902 readlinkat(AT_FDCWD, "/sys/devices/platform/bus@100000/4d81800000.dsp/remoteproc/remoteproc16", 0xffffe30ee410, 1023) = -1 EINVAL (Invalid argument) <0.000016>
1711  20:11:41.564980 readlinkat(AT_FDCWD, "/sys/devices/platform/bus@100000/4d81800000.dsp/remoteproc/remoteproc16/rproc-virtio.4.auto", 0xffffe30ee410, 1023) = -1 EINVAL (Invalid argument) <0.000016>
1711  20:11:41.565043 readlinkat(AT_FDCWD, "/sys/devices/platform/bus@100000/4d81800000.dsp/remoteproc/remoteproc16/rproc-virtio.4.auto/virtio3", 0xffffe30ee410, 1023) = -1 EINVAL (Invalid argument) <0.000017>
1711  20:11:41.565109 openat(AT_FDCWD, "/sys/devices/platform/bus@100000/4d81800000.dsp/remoteproc/remoteproc16/rproc-virtio.4.auto/virtio3", O_RDONLY|O_NONBLOCK|O_CLOEXEC|O_DIRECTORY) = 12 <0.000019>
1711  20:11:41.565177 newfstatat(12, "", {st_mode=S_IFDIR|0755, st_size=0, ...}, AT_EMPTY_PATH) = 0 <0.000014>
1711  20:11:41.565243 getdents64(12, 0x215c88a0 /* 16 entries */, 32768) = 584 <0.000022>
1711  20:11:41.565316 newfstatat(AT_FDCWD, "/sys/devices/platform/bus@100000/4d81800000.dsp/remoteproc/remoteproc16/rproc-virtio.4.auto/virtio3/virtio3.rpmsg_chrdev.-1.13/rpmsg", {st_mode=S_IFDIR|0755, st_size=0, ...}, 0) = 0 <0.000022>
1711  20:11:41.565396 openat(AT_FDCWD, "/sys/devices/platform/bus@100000/4d81800000.dsp/remoteproc/remoteproc16/rproc-virtio.4.auto/virtio3", O_RDONLY|O_NONBLOCK|O_CLOEXEC|O_DIRECTORY) = 13 <0.000019>
1711  20:11:41.565462 newfstatat(13, "", {st_mode=S_IFDIR|0755, st_size=0, ...}, AT_EMPTY_PATH) = 0 <0.000013>
1711  20:11:41.565528 getdents64(13, 0x215d08e0 /* 16 entries */, 32768) = 584 <0.000017>
1711  20:11:41.565595 newfstatat(AT_FDCWD, "/sys/devices/platform/bus@100000/4d81800000.dsp/remoteproc/remoteproc16/rproc-virtio.4.auto/virtio3/virtio3.rpmsg_ctrl.0.0/rpmsg", {st_mode=S_IFDIR|0755, st_size=0, ...}, 0) = 0 <0.000021>
1711  20:11:41.565673 openat(AT_FDCWD, "/sys/devices/platform/bus@100000/4d81800000.dsp/remoteproc/remoteproc16/rproc-virtio.4.auto/virtio3/virtio3.rpmsg_ctrl.0.0/rpmsg", O_RDONLY|O_NONBLOCK|O_CLOEXEC|O_DIRECTORY) = 14 <0.000019>
1711  20:11:41.565741 newfstatat(14, "", {st_mode=S_IFDIR|0755, st_size=0, ...}, AT_EMPTY_PATH) = 0 <0.000013>
1711  20:11:41.565819 getdents64(14, 0x215d8920 /* 3 entries */, 32768) = 80 <0.000015>
1711  20:11:41.565887 close(14)         = 0 <0.000014>
1711  20:11:41.565940 close(13)         = 0 <0.000012>
1711  20:11:41.565992 openat(AT_FDCWD, "/dev/rpmsg_ctrl3", O_RDWR) = 13 <0.008646>
1711  20:11:41.574689 ioctl(13, RPMSG_CREATE_EPT_IOCTL, 0xffffe30ef468) = 0 <0.026509>
1711  20:11:41.601297 close(13)         = 0 <0.008921>
1711  20:11:41.610331 readlinkat(AT_FDCWD, "/sys/class/rpmsg/rpmsg_ctrl3", "../../devices/platform/bus@100000/4d81800000.dsp/remoteproc/remoteproc16/rproc-virtio.4.auto/virtio3/virtio3.rpmsg_ctrl.0.0/rpmsg/rpmsg_ctrl3", 256) = 141 <0.000051>
1711  20:11:41.610483 readlinkat(AT_FDCWD, "/sys", 0xffffe30ee5f0, 1023) = -1 EINVAL (Invalid argument) <0.000018>
1711  20:11:41.610565 readlinkat(AT_FDCWD, "/sys/class", 0xffffe30ee5f0, 1023) = -1 EINVAL (Invalid argument) <0.000018>
1711  20:11:41.610649 readlinkat(AT_FDCWD, "/sys/class/rpmsg", 0xffffe30ee5f0, 1023) = -1 EINVAL (Invalid argument) <0.000020>
1711  20:11:41.610763 faccessat2(AT_FDCWD, "/sys/class/rpmsg/", F_OK, AT_EACCESS) = 0 <0.000016>
1711  20:11:41.610829 readlinkat(AT_FDCWD, "/sys/devices", 0xffffe30ee5f0, 1023) = -1 EINVAL (Invalid argument) <0.000015>
1711  20:11:41.610891 readlinkat(AT_FDCWD, "/sys/devices/platform", 0xffffe30ee5f0, 1023) = -1 EINVAL (Invalid argument) <0.000016>
1711  20:11:41.610955 readlinkat(AT_FDCWD, "/sys/devices/platform/bus@100000", 0xffffe30ee5f0, 1023) = -1 EINVAL (Invalid argument) <0.000015>
1711  20:11:41.611018 readlinkat(AT_FDCWD, "/sys/devices/platform/bus@100000/4d81800000.dsp", 0xffffe30ee5f0, 1023) = -1 EINVAL (Invalid argument) <0.000016>
1711  20:11:41.611080 readlinkat(AT_FDCWD, "/sys/devices/platform/bus@100000/4d81800000.dsp/remoteproc", 0xffffe30ee5f0, 1023) = -1 EINVAL (Invalid argument) <0.000017>
1711  20:11:41.611144 readlinkat(AT_FDCWD, "/sys/devices/platform/bus@100000/4d81800000.dsp/remoteproc/remoteproc16", 0xffffe30ee5f0, 1023) = -1 EINVAL (Invalid argument) <0.000017>
1711  20:11:41.611235 readlinkat(AT_FDCWD, "/sys/devices/platform/bus@100000/4d81800000.dsp/remoteproc/remoteproc16/rproc-virtio.4.auto", 0xffffe30ee5f0, 1023) = -1 EINVAL (Invalid argument) <0.000017>
1711  20:11:41.611301 readlinkat(AT_FDCWD, "/sys/devices/platform/bus@100000/4d81800000.dsp/remoteproc/remoteproc16/rproc-virtio.4.auto/virtio3", 0xffffe30ee5f0, 1023) = -1 EINVAL (Invalid argument) <0.000017>
1711  20:11:41.611365 readlinkat(AT_FDCWD, "/sys/devices/platform/bus@100000/4d81800000.dsp/remoteproc/remoteproc16/rproc-virtio.4.auto/virtio3/virtio3.rpmsg_ctrl.0.0", 0xffffe30ee5f0, 1023) = -1 EINVAL (Invalid argument) <0.000018>
1711  20:11:41.611432 readlinkat(AT_FDCWD, "/sys/devices/platform/bus@100000/4d81800000.dsp/remoteproc/remoteproc16/rproc-virtio.4.auto/virtio3/virtio3.rpmsg_ctrl.0.0/rpmsg", 0xffffe30ee5f0, 1023) = -1 EINVAL (Invalid argument) <0.000018>
1711  20:11:41.611498 readlinkat(AT_FDCWD, "/sys/devices/platform/bus@100000/4d81800000.dsp/remoteproc/remoteproc16/rproc-virtio.4.auto/virtio3/virtio3.rpmsg_ctrl.0.0/rpmsg/rpmsg_ctrl3", 0xffffe30ee5f0, 1023) = -1 EINVAL (Invalid argument) <0.000019>
1711  20:11:41.611567 openat(AT_FDCWD, "/sys/devices/platform/bus@100000/4d81800000.dsp/remoteproc/remoteproc16/rproc-virtio.4.auto/virtio3/virtio3.rpmsg_ctrl.0.0/rpmsg/rpmsg_ctrl3", O_RDONLY|O_NONBLOCK|O_CLOEXEC|O_DIRECTORY) = 13 <0.000030>
1711  20:11:41.611654 newfstatat(13, "", {st_mode=S_IFDIR|0755, st_size=0, ...}, AT_EMPTY_PATH) = 0 <0.000016>
1711  20:11:41.611735 getdents64(13, 0x215d08e0 /* 8 entries */, 32768) = 232 <0.000021>
1711  20:11:41.611812 openat(AT_FDCWD, "/sys/devices/platform/bus@100000/4d81800000.dsp/remoteproc/remoteproc16/rproc-virtio.4.auto/virtio3/virtio3.rpmsg_ctrl.0.0/rpmsg/rpmsg_ctrl3/rpmsg14/name", O_RDONLY) = 14 <0.000039>
1711  20:11:41.611901 read(14, "rpmsg-char-8-1711-ipc\n", 32) = 22 <0.000020>
1711  20:11:41.611967 close(14)         = 0 <0.000018>
1711  20:11:41.612033 close(13)         = 0 <0.000014>
1711  20:11:41.612087 openat(AT_FDCWD, "/dev/rpmsg14", O_RDWR) = 13 <0.018298>
1711  20:11:41.630468 readlinkat(AT_FDCWD, "/sys/class/rpmsg/rpmsg14", "../../devices/platform/bus@100000/4d81800000.dsp/remoteproc/remoteproc16/rproc-virtio.4.auto/virtio3/virtio3.rpmsg_ctrl.0.0/rpmsg/rpmsg_ctrl3/rpmsg14", 256) = 149 <0.000057>
1711  20:11:41.630661 readlinkat(AT_FDCWD, "/sys", 0xffffe30ee650, 1023) = -1 EINVAL (Invalid argument) <0.000015>
1711  20:11:41.630734 readlinkat(AT_FDCWD, "/sys/class", 0xffffe30ee650, 1023) = -1 EINVAL (Invalid argument) <0.000014>
1711  20:11:41.630797 readlinkat(AT_FDCWD, "/sys/class/rpmsg", 0xffffe30ee650, 1023) = -1 EINVAL (Invalid argument) <0.000014>
1711  20:11:41.630858 faccessat2(AT_FDCWD, "/sys/class/rpmsg/", F_OK, AT_EACCESS) = 0 <0.000014>
1711  20:11:41.630921 readlinkat(AT_FDCWD, "/sys/devices", 0xffffe30ee650, 1023) = -1 EINVAL (Invalid argument) <0.000014>
1711  20:11:41.630983 readlinkat(AT_FDCWD, "/sys/devices/platform", 0xffffe30ee650, 1023) = -1 EINVAL (Invalid argument) <0.000015>
1711  20:11:41.631044 readlinkat(AT_FDCWD, "/sys/devices/platform/bus@100000", 0xffffe30ee650, 1023) = -1 EINVAL (Invalid argument) <0.000015>
1711  20:11:41.631105 readlinkat(AT_FDCWD, "/sys/devices/platform/bus@100000/4d81800000.dsp", 0xffffe30ee650, 1023) = -1 EINVAL (Invalid argument) <0.000016>
1711  20:11:41.631168 readlinkat(AT_FDCWD, "/sys/devices/platform/bus@100000/4d81800000.dsp/remoteproc", 0xffffe30ee650, 1023) = -1 EINVAL (Invalid argument) <0.000016>
1711  20:11:41.631231 readlinkat(AT_FDCWD, "/sys/devices/platform/bus@100000/4d81800000.dsp/remoteproc/remoteproc16", 0xffffe30ee650, 1023) = -1 EINVAL (Invalid argument) <0.000016>
1711  20:11:41.631293 readlinkat(AT_FDCWD, "/sys/devices/platform/bus@100000/4d81800000.dsp/remoteproc/remoteproc16/rproc-virtio.4.auto", 0xffffe30ee650, 1023) = -1 EINVAL (Invalid argument) <0.000017>
1711  20:11:41.631358 readlinkat(AT_FDCWD, "/sys/devices/platform/bus@100000/4d81800000.dsp/remoteproc/remoteproc16/rproc-virtio.4.auto/virtio3", 0xffffe30ee650, 1023) = -1 EINVAL (Invalid argument) <0.000017>
1711  20:11:41.631449 readlinkat(AT_FDCWD, "/sys/devices/platform/bus@100000/4d81800000.dsp/remoteproc/remoteproc16/rproc-virtio.4.auto/virtio3/virtio3.rpmsg_ctrl.0.0", 0xffffe30ee650, 1023) = -1 EINVAL (Invalid argument) <0.000018>
1711  20:11:41.631515 readlinkat(AT_FDCWD, "/sys/devices/platform/bus@100000/4d81800000.dsp/remoteproc/remoteproc16/rproc-virtio.4.auto/virtio3/virtio3.rpmsg_ctrl.0.0/rpmsg", 0xffffe30ee650, 1023) = -1 EINVAL (Invalid argument) <0.000018>
1711  20:11:41.631580 readlinkat(AT_FDCWD, "/sys/devices/platform/bus@100000/4d81800000.dsp/remoteproc/remoteproc16/rproc-virtio.4.auto/virtio3/virtio3.rpmsg_ctrl.0.0/rpmsg/rpmsg_ctrl3", 0xffffe30ee650, 1023) = -1 EINVAL (Invalid argument) <0.000018>
1711  20:11:41.631646 readlinkat(AT_FDCWD, "/sys/devices/platform/bus@100000/4d81800000.dsp/remoteproc/remoteproc16/rproc-virtio.4.auto/virtio3/virtio3.rpmsg_ctrl.0.0/rpmsg/rpmsg_ctrl3/rpmsg14", 0xffffe30ee650, 1023) = -1 EINVAL (Invalid argument) <0.000018>
1711  20:11:41.631716 openat(AT_FDCWD, "/sys/devices/platform/bus@100000/4d81800000.dsp/remoteproc/remoteproc16/rproc-virtio.4.auto/virtio3/virtio3.rpmsg_ctrl.0.0/rpmsg/rpmsg_ctrl3/rpmsg14/src", O_RDONLY) = 14 <0.000037>
1711  20:11:41.631804 read(14, "1026\n", 32) = 5 <0.000022>
1711  20:11:41.631873 close(14)         = 0 <0.000018>
1711  20:11:41.631936 getpid()          = 1711 <0.000011>
1711  20:11:41.631993 readlinkat(AT_FDCWD, "/sys/bus/platform/devices/64800000.dsp", "../../../devices/platform/bus@100000/64800000.dsp", 256) = 49 <0.000024>
1711  20:11:41.632068 readlinkat(AT_FDCWD, "/sys", 0xffffe30ee440, 1023) = -1 EINVAL (Invalid argument) <0.000013>
1711  20:11:41.632128 readlinkat(AT_FDCWD, "/sys/bus", 0xffffe30ee440, 1023) = -1 EINVAL (Invalid argument) <0.000013>
1711  20:11:41.632188 readlinkat(AT_FDCWD, "/sys/bus/platform", 0xffffe30ee440, 1023) = -1 EINVAL (Invalid argument) <0.000014>
1711  20:11:41.632249 readlinkat(AT_FDCWD, "/sys/bus/platform/devices", 0xffffe30ee440, 1023) = -1 EINVAL (Invalid argument) <0.000014>
1711  20:11:41.632312 faccessat2(AT_FDCWD, "/sys/bus/platform/devices/", F_OK, AT_EACCESS) = 0 <0.000014>
1711  20:11:41.632372 readlinkat(AT_FDCWD, "/sys/devices", 0xffffe30ee440, 1023) = -1 EINVAL (Invalid argument) <0.000014>
1711  20:11:41.632433 readlinkat(AT_FDCWD, "/sys/devices/platform", 0xffffe30ee440, 1023) = -1 EINVAL (Invalid argument) <0.000014>
1711  20:11:41.632493 readlinkat(AT_FDCWD, "/sys/devices/platform/bus@100000", 0xffffe30ee440, 1023) = -1 EINVAL (Invalid argument) <0.000014>
1711  20:11:41.632554 readlinkat(AT_FDCWD, "/sys/devices/platform/bus@100000/64800000.dsp", 0xffffe30ee440, 1023) = -1 EINVAL (Invalid argument) <0.000015>
1711  20:11:41.632617 newfstatat(AT_FDCWD, "/sys/devices/platform/bus@100000/64800000.dsp", {st_mode=S_IFDIR|0755, st_size=0, ...}, 0) = 0 <0.000017>
1711  20:11:41.632695 openat(AT_FDCWD, "/sys/devices/platform/bus@100000/64800000.dsp/remoteproc", O_RDONLY|O_NONBLOCK|O_CLOEXEC|O_DIRECTORY) = 14 <0.000021>
1711  20:11:41.632767 newfstatat(14, "", {st_mode=S_IFDIR|0755, st_size=0, ...}, AT_EMPTY_PATH) = 0 <0.000014>
1711  20:11:41.632840 getdents64(14, 0x215d09a0 /* 3 entries */, 32768) = 80 <0.000018>
1711  20:11:41.632913 close(14)         = 0 <0.000015>
1711  20:11:41.632968 openat(AT_FDCWD, "/sys/devices/platform/bus@100000/64800000.dsp/remoteproc/remoteproc18/", O_RDONLY|O_NONBLOCK|O_CLOEXEC|O_DIRECTORY) = 14 <0.000020>
1711  20:11:41.633037 newfstatat(14, "", {st_mode=S_IFDIR|0755, st_size=0, ...}, AT_EMPTY_PATH) = 0 <0.000013>
1711  20:11:41.633103 getdents64(14, 0x215d09a0 /* 12 entries */, 32768) = 368 <0.000020>
1711  20:11:41.633172 close(14)         = 0 <0.000013>
1711  20:11:41.633224 openat(AT_FDCWD, "/sys/devices/platform/bus@100000/64800000.dsp/remoteproc/remoteproc18/rproc-virtio.6.auto", O_RDONLY|O_NONBLOCK|O_CLOEXEC|O_DIRECTORY) = 14 <0.000021>
1711  20:11:41.633293 newfstatat(14, "", {st_mode=S_IFDIR|0755, st_size=0, ...}, AT_EMPTY_PATH) = 0 <0.000013>
1711  20:11:41.633359 getdents64(14, 0x215d09a0 /* 9 entries */, 32768) = 280 <0.000017>
1711  20:11:41.633442 close(14)         = 0 <0.000013>
1711  20:11:41.633497 readlinkat(AT_FDCWD, "/sys/bus/virtio/devices/virtio5", "../../../devices/platform/bus@100000/64800000.dsp/remoteproc/remoteproc18/rproc-virtio.6.auto/virtio5", 256) = 101 <0.000023>
1711  20:11:41.633571 readlinkat(AT_FDCWD, "/sys", 0xffffe30ee410, 1023) = -1 EINVAL (Invalid argument) <0.000013>
1711  20:11:41.633632 readlinkat(AT_FDCWD, "/sys/bus", 0xffffe30ee410, 1023) = -1 EINVAL (Invalid argument) <0.000014>
1711  20:11:41.633693 readlinkat(AT_FDCWD, "/sys/bus/virtio", 0xffffe30ee410, 1023) = -1 EINVAL (Invalid argument) <0.000014>
1711  20:11:41.633754 readlinkat(AT_FDCWD, "/sys/bus/virtio/devices", 0xffffe30ee410, 1023) = -1 EINVAL (Invalid argument) <0.000014>
1711  20:11:41.633816 faccessat2(AT_FDCWD, "/sys/bus/virtio/devices/", F_OK, AT_EACCESS) = 0 <0.000015>
1711  20:11:41.633876 readlinkat(AT_FDCWD, "/sys/devices", 0xffffe30ee410, 1023) = -1 EINVAL (Invalid argument) <0.000014>
1711  20:11:41.633936 readlinkat(AT_FDCWD, "/sys/devices/platform", 0xffffe30ee410, 1023) = -1 EINVAL (Invalid argument) <0.000014>
1711  20:11:41.633997 readlinkat(AT_FDCWD, "/sys/devices/platform/bus@100000", 0xffffe30ee410, 1023) = -1 EINVAL (Invalid argument) <0.000014>
1711  20:11:41.634057 readlinkat(AT_FDCWD, "/sys/devices/platform/bus@100000/64800000.dsp", 0xffffe30ee410, 1023) = -1 EINVAL (Invalid argument) <0.000085>
1711  20:11:41.634195 readlinkat(AT_FDCWD, "/sys/devices/platform/bus@100000/64800000.dsp/remoteproc", 0xffffe30ee410, 1023) = -1 EINVAL (Invalid argument) <0.000017>
1711  20:11:41.634265 readlinkat(AT_FDCWD, "/sys/devices/platform/bus@100000/64800000.dsp/remoteproc/remoteproc18", 0xffffe30ee410, 1023) = -1 EINVAL (Invalid argument) <0.000016>
1711  20:11:41.634329 readlinkat(AT_FDCWD, "/sys/devices/platform/bus@100000/64800000.dsp/remoteproc/remoteproc18/rproc-virtio.6.auto", 0xffffe30ee410, 1023) = -1 EINVAL (Invalid argument) <0.000016>
1711  20:11:41.634392 readlinkat(AT_FDCWD, "/sys/devices/platform/bus@100000/64800000.dsp/remoteproc/remoteproc18/rproc-virtio.6.auto/virtio5", 0xffffe30ee410, 1023) = -1 EINVAL (Invalid argument) <0.000017>
1711  20:11:41.634459 openat(AT_FDCWD, "/sys/devices/platform/bus@100000/64800000.dsp/remoteproc/remoteproc18/rproc-virtio.6.auto/virtio5", O_RDONLY|O_NONBLOCK|O_CLOEXEC|O_DIRECTORY) = 14 <0.000020>
1711  20:11:41.634530 newfstatat(14, "", {st_mode=S_IFDIR|0755, st_size=0, ...}, AT_EMPTY_PATH) = 0 <0.000014>
1711  20:11:41.634598 getdents64(14, 0x215d09a0 /* 16 entries */, 32768) = 584 <0.000025>
1711  20:11:41.634674 newfstatat(AT_FDCWD, "/sys/devices/platform/bus@100000/64800000.dsp/remoteproc/remoteproc18/rproc-virtio.6.auto/virtio5/virtio5.rpmsg_chrdev.-1.13/rpmsg", {st_mode=S_IFDIR|0755, st_size=0, ...}, 0) = 0 <0.000021>
1711  20:11:41.634753 openat(AT_FDCWD, "/sys/devices/platform/bus@100000/64800000.dsp/remoteproc/remoteproc18/rproc-virtio.6.auto/virtio5", O_RDONLY|O_NONBLOCK|O_CLOEXEC|O_DIRECTORY) = 15 <0.000019>
1711  20:11:41.634818 newfstatat(15, "", {st_mode=S_IFDIR|0755, st_size=0, ...}, AT_EMPTY_PATH) = 0 <0.000014>
1711  20:11:41.634883 getdents64(15, 0x215d89e0 /* 16 entries */, 32768) = 584 <0.000017>
1711  20:11:41.634951 newfstatat(AT_FDCWD, "/sys/devices/platform/bus@100000/64800000.dsp/remoteproc/remoteproc18/rproc-virtio.6.auto/virtio5/virtio5.rpmsg_ctrl.0.0/rpmsg", {st_mode=S_IFDIR|0755, st_size=0, ...}, 0) = 0 <0.000020>
1711  20:11:41.635027 openat(AT_FDCWD, "/sys/devices/platform/bus@100000/64800000.dsp/remoteproc/remoteproc18/rproc-virtio.6.auto/virtio5/virtio5.rpmsg_ctrl.0.0/rpmsg", O_RDONLY|O_NONBLOCK|O_CLOEXEC|O_DIRECTORY) = 16 <0.000019>
1711  20:11:41.635094 newfstatat(16, "", {st_mode=S_IFDIR|0755, st_size=0, ...}, AT_EMPTY_PATH) = 0 <0.000013>
1711  20:11:41.635172 getdents64(16, 0x215e0a20 /* 3 entries */, 32768) = 80 <0.000014>
1711  20:11:41.635238 close(16)         = 0 <0.000014>
1711  20:11:41.635293 close(15)         = 0 <0.000012>
1711  20:11:41.635345 openat(AT_FDCWD, "/dev/rpmsg_ctrl5", O_RDWR) = 15 <0.008639>
1711  20:11:41.644052 ioctl(15, RPMSG_CREATE_EPT_IOCTL, 0xffffe30ef468) = 0 <0.026104>
1711  20:11:41.670233 close(15)         = 0 <0.008956>
1711  20:11:41.679302 readlinkat(AT_FDCWD, "/sys/class/rpmsg/rpmsg_ctrl5", "../../devices/platform/bus@100000/64800000.dsp/remoteproc/remoteproc18/rproc-virtio.6.auto/virtio5/virtio5.rpmsg_ctrl.0.0/rpmsg/rpmsg_ctrl5", 256) = 139 <0.000057>
1711  20:11:41.679450 readlinkat(AT_FDCWD, "/sys", 0xffffe30ee5f0, 1023) = -1 EINVAL (Invalid argument) <0.000014>
1711  20:11:41.679521 readlinkat(AT_FDCWD, "/sys/class", 0xffffe30ee5f0, 1023) = -1 EINVAL (Invalid argument) <0.000014>
1711  20:11:41.679582 readlinkat(AT_FDCWD, "/sys/class/rpmsg", 0xffffe30ee5f0, 1023) = -1 EINVAL (Invalid argument) <0.000014>
1711  20:11:41.679643 faccessat2(AT_FDCWD, "/sys/class/rpmsg/", F_OK, AT_EACCESS) = 0 <0.000015>
1711  20:11:41.679705 readlinkat(AT_FDCWD, "/sys/devices", 0xffffe30ee5f0, 1023) = -1 EINVAL (Invalid argument) <0.000014>
1711  20:11:41.679768 readlinkat(AT_FDCWD, "/sys/devices/platform", 0xffffe30ee5f0, 1023) = -1 EINVAL (Invalid argument) <0.000015>
1711  20:11:41.679830 readlinkat(AT_FDCWD, "/sys/devices/platform/bus@100000", 0xffffe30ee5f0, 1023) = -1 EINVAL (Invalid argument) <0.000015>
1711  20:11:41.679892 readlinkat(AT_FDCWD, "/sys/devices/platform/bus@100000/64800000.dsp", 0xffffe30ee5f0, 1023) = -1 EINVAL (Invalid argument) <0.000015>
1711  20:11:41.679955 readlinkat(AT_FDCWD, "/sys/devices/platform/bus@100000/64800000.dsp/remoteproc", 0xffffe30ee5f0, 1023) = -1 EINVAL (Invalid argument) <0.000016>
1711  20:11:41.680019 readlinkat(AT_FDCWD, "/sys/devices/platform/bus@100000/64800000.dsp/remoteproc/remoteproc18", 0xffffe30ee5f0, 1023) = -1 EINVAL (Invalid argument) <0.000016>
1711  20:11:41.680082 readlinkat(AT_FDCWD, "/sys/devices/platform/bus@100000/64800000.dsp/remoteproc/remoteproc18/rproc-virtio.6.auto", 0xffffe30ee5f0, 1023) = -1 EINVAL (Invalid argument) <0.000016>
1711  20:11:41.680146 readlinkat(AT_FDCWD, "/sys/devices/platform/bus@100000/64800000.dsp/remoteproc/remoteproc18/rproc-virtio.6.auto/virtio5", 0xffffe30ee5f0, 1023) = -1 EINVAL (Invalid argument) <0.000017>
1711  20:11:41.680211 readlinkat(AT_FDCWD, "/sys/devices/platform/bus@100000/64800000.dsp/remoteproc/remoteproc18/rproc-virtio.6.auto/virtio5/virtio5.rpmsg_ctrl.0.0", 0xffffe30ee5f0, 1023) = -1 EINVAL (Invalid argument) <0.000018>
1711  20:11:41.680276 readlinkat(AT_FDCWD, "/sys/devices/platform/bus@100000/64800000.dsp/remoteproc/remoteproc18/rproc-virtio.6.auto/virtio5/virtio5.rpmsg_ctrl.0.0/rpmsg", 0xffffe30ee5f0, 1023) = -1 EINVAL (Invalid argument) <0.000018>
1711  20:11:41.680342 readlinkat(AT_FDCWD, "/sys/devices/platform/bus@100000/64800000.dsp/remoteproc/remoteproc18/rproc-virtio.6.auto/virtio5/virtio5.rpmsg_ctrl.0.0/rpmsg/rpmsg_ctrl5", 0xffffe30ee5f0, 1023) = -1 EINVAL (Invalid argument) <0.000018>
1711  20:11:41.680410 openat(AT_FDCWD, "/sys/devices/platform/bus@100000/64800000.dsp/remoteproc/remoteproc18/rproc-virtio.6.auto/virtio5/virtio5.rpmsg_ctrl.0.0/rpmsg/rpmsg_ctrl5", O_RDONLY|O_NONBLOCK|O_CLOEXEC|O_DIRECTORY) = 15 <0.000024>
1711  20:11:41.680487 newfstatat(15, "", {st_mode=S_IFDIR|0755, st_size=0, ...}, AT_EMPTY_PATH) = 0 <0.000015>
1711  20:11:41.680565 getdents64(15, 0x215d89e0 /* 8 entries */, 32768) = 232 <0.000021>
1711  20:11:41.680638 openat(AT_FDCWD, "/sys/devices/platform/bus@100000/64800000.dsp/remoteproc/remoteproc18/rproc-virtio.6.auto/virtio5/virtio5.rpmsg_ctrl.0.0/rpmsg/rpmsg_ctrl5/rpmsg15/name", O_RDONLY) = 16 <0.000034>
1711  20:11:41.680721 read(16, "rpmsg-char-9-1711-ipc\n", 32) = 22 <0.000021>
1711  20:11:41.680791 close(16)         = 0 <0.000018>
1711  20:11:41.680859 close(15)         = 0 <0.000015>
1711  20:11:41.680914 openat(AT_FDCWD, "/dev/rpmsg15", O_RDWR) = 15 <0.018306>
1711  20:11:41.699387 readlinkat(AT_FDCWD, "/sys/class/rpmsg/rpmsg15", "../../devices/platform/bus@100000/64800000.dsp/remoteproc/remoteproc18/rproc-virtio.6.auto/virtio5/virtio5.rpmsg_ctrl.0.0/rpmsg/rpmsg_ctrl5/rpmsg15", 256) = 147 <0.000047>
1711  20:11:41.699556 readlinkat(AT_FDCWD, "/sys", 0xffffe30ee650, 1023) = -1 EINVAL (Invalid argument) <0.000014>
1711  20:11:41.699648 readlinkat(AT_FDCWD, "/sys/class", 0xffffe30ee650, 1023) = -1 EINVAL (Invalid argument) <0.000015>
1711  20:11:41.699712 readlinkat(AT_FDCWD, "/sys/class/rpmsg", 0xffffe30ee650, 1023) = -1 EINVAL (Invalid argument) <0.000014>
1711  20:11:41.699775 faccessat2(AT_FDCWD, "/sys/class/rpmsg/", F_OK, AT_EACCESS) = 0 <0.000015>
1711  20:11:41.699837 readlinkat(AT_FDCWD, "/sys/devices", 0xffffe30ee650, 1023) = -1 EINVAL (Invalid argument) <0.000014>
1711  20:11:41.699898 readlinkat(AT_FDCWD, "/sys/devices/platform", 0xffffe30ee650, 1023) = -1 EINVAL (Invalid argument) <0.000015>
1711  20:11:41.699960 readlinkat(AT_FDCWD, "/sys/devices/platform/bus@100000", 0xffffe30ee650, 1023) = -1 EINVAL (Invalid argument) <0.000015>
1711  20:11:41.700022 readlinkat(AT_FDCWD, "/sys/devices/platform/bus@100000/64800000.dsp", 0xffffe30ee650, 1023) = -1 EINVAL (Invalid argument) <0.000016>
1711  20:11:41.700085 readlinkat(AT_FDCWD, "/sys/devices/platform/bus@100000/64800000.dsp/remoteproc", 0xffffe30ee650, 1023) = -1 EINVAL (Invalid argument) <0.000017>
1711  20:11:41.700150 readlinkat(AT_FDCWD, "/sys/devices/platform/bus@100000/64800000.dsp/remoteproc/remoteproc18", 0xffffe30ee650, 1023) = -1 EINVAL (Invalid argument) <0.000016>
1711  20:11:41.700214 readlinkat(AT_FDCWD, "/sys/devices/platform/bus@100000/64800000.dsp/remoteproc/remoteproc18/rproc-virtio.6.auto", 0xffffe30ee650, 1023) = -1 EINVAL (Invalid argument) <0.000017>
1711  20:11:41.700279 readlinkat(AT_FDCWD, "/sys/devices/platform/bus@100000/64800000.dsp/remoteproc/remoteproc18/rproc-virtio.6.auto/virtio5", 0xffffe30ee650, 1023) = -1 EINVAL (Invalid argument) <0.000017>
1711  20:11:41.700343 readlinkat(AT_FDCWD, "/sys/devices/platform/bus@100000/64800000.dsp/remoteproc/remoteproc18/rproc-virtio.6.auto/virtio5/virtio5.rpmsg_ctrl.0.0", 0xffffe30ee650, 1023) = -1 EINVAL (Invalid argument) <0.000018>
1711  20:11:41.700409 readlinkat(AT_FDCWD, "/sys/devices/platform/bus@100000/64800000.dsp/remoteproc/remoteproc18/rproc-virtio.6.auto/virtio5/virtio5.rpmsg_ctrl.0.0/rpmsg", 0xffffe30ee650, 1023) = -1 EINVAL (Invalid argument) <0.000018>
1711  20:11:41.700474 readlinkat(AT_FDCWD, "/sys/devices/platform/bus@100000/64800000.dsp/remoteproc/remoteproc18/rproc-virtio.6.auto/virtio5/virtio5.rpmsg_ctrl.0.0/rpmsg/rpmsg_ctrl5", 0xffffe30ee650, 1023) = -1 EINVAL (Invalid argument) <0.000018>
1711  20:11:41.700540 readlinkat(AT_FDCWD, "/sys/devices/platform/bus@100000/64800000.dsp/remoteproc/remoteproc18/rproc-virtio.6.auto/virtio5/virtio5.rpmsg_ctrl.0.0/rpmsg/rpmsg_ctrl5/rpmsg15", 0xffffe30ee650, 1023) = -1 EINVAL (Invalid argument) <0.000019>
1711  20:11:41.700609 openat(AT_FDCWD, "/sys/devices/platform/bus@100000/64800000.dsp/remoteproc/remoteproc18/rproc-virtio.6.auto/virtio5/virtio5.rpmsg_ctrl.0.0/rpmsg/rpmsg_ctrl5/rpmsg15/src", O_RDONLY) = 16 <0.000036>
1711  20:11:41.700695 read(16, "1026\n", 32) = 5 <0.000020>
1711  20:11:41.700764 close(16)         = 0 <0.000018>
1711  20:11:41.700847 eventfd2(0, 0)    = 16 <0.000023>
1711  20:11:41.700925 rt_sigaction(SIGRT_1, {sa_handler=0xffff827dd380, sa_mask=[], sa_flags=SA_ONSTACK|SA_RESTART|SA_SIGINFO}, NULL, 8) = 0 <0.000013>
1711  20:11:41.700988 rt_sigprocmask(SIG_UNBLOCK, [RTMIN RT_1], NULL, 8) = 0 <0.000012>
1711  20:11:41.701048 mmap(NULL, 8454144, PROT_NONE, MAP_PRIVATE|MAP_ANONYMOUS|MAP_STACK, -1, 0) = 0xffff78ade000 <0.000036>
1711  20:11:41.701129 mprotect(0xffff78aee000, 8388608, PROT_READ|PROT_WRITE) = 0 <0.000029>
1711  20:11:41.701228 rt_sigprocmask(SIG_BLOCK, ~[], [], 8) = 0 <0.000013>
1711  20:11:41.701297 clone(child_stack=0xffff792ec1c0, flags=CLONE_VM|CLONE_FS|CLONE_FILES|CLONE_SIGHAND|CLONE_THREAD|CLONE_SYSVSEM|CLONE_SETTLS|CLONE_PARENT_SETTID|CLONE_CHILD_CLEARTID, parent_tid=[1719], tls=0xffff792ed140, child_tidptr=0xffff792eca50) = 1719 <0.004075>
1719  20:11:41.705426 rseq(0xffff792ed120, 0x20, 0, 0xd428bc00 <unfinished ...>
1711  20:11:41.705452 rt_sigprocmask(SIG_SETMASK, [],  <unfinished ...>
1719  20:11:41.705479 <... rseq resumed>) = 0 <0.000032>
1711  20:11:41.705522 <... rt_sigprocmask resumed>NULL, 8) = 0 <0.000047>
1719  20:11:41.705546 set_robust_list(0xffff792eca60, 24 <unfinished ...>
1711  20:11:41.705569 write(1, "IPC: Init ... Done !!!\n", 23 <unfinished ...>
1719  20:11:41.705600 <... set_robust_list resumed>) = 0 <0.000036>
1711  20:11:41.705646 <... write resumed>) = 23 <0.000050>
1719  20:11:41.705738 rt_sigprocmask(SIG_SETMASK, [],  <unfinished ...>
1711  20:11:41.705809 write(1, "REMOTE_SERVICE: Init ... !!!\n", 29 <unfinished ...>
1719  20:11:41.705840 <... rt_sigprocmask resumed>NULL, 8) = 0 <0.000073>
1711  20:11:41.705879 <... write resumed>) = 29 <0.000044>
1719  20:11:41.705934 pselect6(17, [7 9 11 13 15 16], NULL, NULL, NULL, NULL <unfinished ...>
1711  20:11:41.705999 getpid()          = 1711 <0.000013>
1711  20:11:41.706062 readlinkat(AT_FDCWD, "/sys/bus/platform/devices/5c00000.r5f", "../../../devices/platform/bus@100000/bus@100000:r5fss@5c00000/5c00000.r5f", 256) = 73 <0.000035>
1711  20:11:41.706196 readlinkat(AT_FDCWD, "/sys", 0xffffe30ee440, 1023) = -1 EINVAL (Invalid argument) <0.000014>
1711  20:11:41.706266 readlinkat(AT_FDCWD, "/sys/bus", 0xffffe30ee440, 1023) = -1 EINVAL (Invalid argument) <0.000014>
1711  20:11:41.706328 readlinkat(AT_FDCWD, "/sys/bus/platform", 0xffffe30ee440, 1023) = -1 EINVAL (Invalid argument) <0.000014>
1711  20:11:41.706390 readlinkat(AT_FDCWD, "/sys/bus/platform/devices", 0xffffe30ee440, 1023) = -1 EINVAL (Invalid argument) <0.000015>
1711  20:11:41.706452 faccessat2(AT_FDCWD, "/sys/bus/platform/devices/", F_OK, AT_EACCESS) = 0 <0.000015>
1711  20:11:41.706515 readlinkat(AT_FDCWD, "/sys/devices", 0xffffe30ee440, 1023) = -1 EINVAL (Invalid argument) <0.000014>
1711  20:11:41.706576 readlinkat(AT_FDCWD, "/sys/devices/platform", 0xffffe30ee440, 1023) = -1 EINVAL (Invalid argument) <0.000015>
1711  20:11:41.706637 readlinkat(AT_FDCWD, "/sys/devices/platform/bus@100000", 0xffffe30ee440, 1023) = -1 EINVAL (Invalid argument) <0.000015>
1711  20:11:41.706699 readlinkat(AT_FDCWD, "/sys/devices/platform/bus@100000/bus@100000:r5fss@5c00000", 0xffffe30ee440, 1023) = -1 EINVAL (Invalid argument) <0.000016>
1711  20:11:41.706762 readlinkat(AT_FDCWD, "/sys/devices/platform/bus@100000/bus@100000:r5fss@5c00000/5c00000.r5f", 0xffffe30ee440, 1023) = -1 EINVAL (Invalid argument) <0.000016>
1711  20:11:41.706828 newfstatat(AT_FDCWD, "/sys/devices/platform/bus@100000/bus@100000:r5fss@5c00000/5c00000.r5f", {st_mode=S_IFDIR|0755, st_size=0, ...}, 0) = 0 <0.000018>
1711  20:11:41.706908 openat(AT_FDCWD, "/sys/devices/platform/bus@100000/bus@100000:r5fss@5c00000/5c00000.r5f/remoteproc", O_RDONLY|O_NONBLOCK|O_CLOEXEC|O_DIRECTORY) = 17 <0.000024>
1711  20:11:41.706986 newfstatat(17, "", {st_mode=S_IFDIR|0755, st_size=0, ...}, AT_EMPTY_PATH) = 0 <0.000014>
1711  20:11:41.707057 getdents64(17, 0x215d8c30 /* 3 entries */, 32768) = 80 <0.000016>
1711  20:11:41.707129 close(17)         = 0 <0.000015>
1711  20:11:41.707186 openat(AT_FDCWD, "/sys/devices/platform/bus@100000/bus@100000:r5fss@5c00000/5c00000.r5f/remoteproc/remoteproc6/", O_RDONLY|O_NONBLOCK|O_CLOEXEC|O_DIRECTORY) = 17 <0.000020>
1711  20:11:41.707257 newfstatat(17, "", {st_mode=S_IFDIR|0755, st_size=0, ...}, AT_EMPTY_PATH) = 0 <0.000014>
1711  20:11:41.707325 getdents64(17, 0x215d8c30 /* 12 entries */, 32768) = 368 <0.000019>
1711  20:11:41.707393 close(17)         = 0 <0.000013>
1711  20:11:41.707446 openat(AT_FDCWD, "/sys/devices/platform/bus@100000/bus@100000:r5fss@5c00000/5c00000.r5f/remoteproc/remoteproc6/rproc-virtio.2.auto", O_RDONLY|O_NONBLOCK|O_CLOEXEC|O_DIRECTORY) = 17 <0.000020>
1711  20:11:41.707514 newfstatat(17, "", {st_mode=S_IFDIR|0755, st_size=0, ...}, AT_EMPTY_PATH) = 0 <0.000014>
1711  20:11:41.707581 getdents64(17, 0x215d8c30 /* 9 entries */, 32768) = 280 <0.000017>
1711  20:11:41.707648 close(17)         = 0 <0.000013>
1711  20:11:41.707703 readlinkat(AT_FDCWD, "/sys/bus/virtio/devices/virtio2", "../../../devices/platform/bus@100000/bus@100000:r5fss@5c00000/5c00000.r5f/remoteproc/remoteproc6/rproc-virtio.2.auto/virtio2", 256) = 124 <0.000023>
1711  20:11:41.707777 readlinkat(AT_FDCWD, "/sys", 0xffffe30ee410, 1023) = -1 EINVAL (Invalid argument) <0.000014>
1711  20:11:41.707861 readlinkat(AT_FDCWD, "/sys/bus", 0xffffe30ee410, 1023) = -1 EINVAL (Invalid argument) <0.000014>
1711  20:11:41.707922 readlinkat(AT_FDCWD, "/sys/bus/virtio", 0xffffe30ee410, 1023) = -1 EINVAL (Invalid argument) <0.000014>
1711  20:11:41.707983 readlinkat(AT_FDCWD, "/sys/bus/virtio/devices", 0xffffe30ee410, 1023) = -1 EINVAL (Invalid argument) <0.000014>
1711  20:11:41.708045 faccessat2(AT_FDCWD, "/sys/bus/virtio/devices/", F_OK, AT_EACCESS) = 0 <0.000015>
1711  20:11:41.708106 readlinkat(AT_FDCWD, "/sys/devices", 0xffffe30ee410, 1023) = -1 EINVAL (Invalid argument) <0.000014>
1711  20:11:41.708166 readlinkat(AT_FDCWD, "/sys/devices/platform", 0xffffe30ee410, 1023) = -1 EINVAL (Invalid argument) <0.000014>
1711  20:11:41.708227 readlinkat(AT_FDCWD, "/sys/devices/platform/bus@100000", 0xffffe30ee410, 1023) = -1 EINVAL (Invalid argument) <0.000015>
1711  20:11:41.708290 readlinkat(AT_FDCWD, "/sys/devices/platform/bus@100000/bus@100000:r5fss@5c00000", 0xffffe30ee410, 1023) = -1 EINVAL (Invalid argument) <0.000015>
1711  20:11:41.708352 readlinkat(AT_FDCWD, "/sys/devices/platform/bus@100000/bus@100000:r5fss@5c00000/5c00000.r5f", 0xffffe30ee410, 1023) = -1 EINVAL (Invalid argument) <0.000015>
1711  20:11:41.708414 readlinkat(AT_FDCWD, "/sys/devices/platform/bus@100000/bus@100000:r5fss@5c00000/5c00000.r5f/remoteproc", 0xffffe30ee410, 1023) = -1 EINVAL (Invalid argument) <0.000016>
1711  20:11:41.708477 readlinkat(AT_FDCWD, "/sys/devices/platform/bus@100000/bus@100000:r5fss@5c00000/5c00000.r5f/remoteproc/remoteproc6", 0xffffe30ee410, 1023) = -1 EINVAL (Invalid argument) <0.000017>
1711  20:11:41.708541 readlinkat(AT_FDCWD, "/sys/devices/platform/bus@100000/bus@100000:r5fss@5c00000/5c00000.r5f/remoteproc/remoteproc6/rproc-virtio.2.auto", 0xffffe30ee410, 1023) = -1 EINVAL (Invalid argument) <0.000017>
1711  20:11:41.708605 readlinkat(AT_FDCWD, "/sys/devices/platform/bus@100000/bus@100000:r5fss@5c00000/5c00000.r5f/remoteproc/remoteproc6/rproc-virtio.2.auto/virtio2", 0xffffe30ee410, 1023) = -1 EINVAL (Invalid argument) <0.000017>
1711  20:11:41.708673 openat(AT_FDCWD, "/sys/devices/platform/bus@100000/bus@100000:r5fss@5c00000/5c00000.r5f/remoteproc/remoteproc6/rproc-virtio.2.auto/virtio2", O_RDONLY|O_NONBLOCK|O_CLOEXEC|O_DIRECTORY) = 17 <0.000020>
1711  20:11:41.708743 newfstatat(17, "", {st_mode=S_IFDIR|0755, st_size=0, ...}, AT_EMPTY_PATH) = 0 <0.000014>
1711  20:11:41.708810 getdents64(17, 0x215d8c30 /* 16 entries */, 32768) = 584 <0.000022>
1711  20:11:41.708882 newfstatat(AT_FDCWD, "/sys/devices/platform/bus@100000/bus@100000:r5fss@5c00000/5c00000.r5f/remoteproc/remoteproc6/rproc-virtio.2.auto/virtio2/virtio2.rpmsg_chrdev.-1.21/rpmsg", {st_mode=S_IFDIR|0755, st_size=0, ...}, 0) = 0 <0.000022>
1711  20:11:41.708961 openat(AT_FDCWD, "/sys/devices/platform/bus@100000/bus@100000:r5fss@5c00000/5c00000.r5f/remoteproc/remoteproc6/rproc-virtio.2.auto/virtio2", O_RDONLY|O_NONBLOCK|O_CLOEXEC|O_DIRECTORY) = 18 <0.000020>
1711  20:11:41.709028 newfstatat(18, "", {st_mode=S_IFDIR|0755, st_size=0, ...}, AT_EMPTY_PATH) = 0 <0.000014>
1711  20:11:41.709094 getdents64(18, 0x215e0c70 /* 16 entries */, 32768) = 584 <0.000017>
1711  20:11:41.709162 newfstatat(AT_FDCWD, "/sys/devices/platform/bus@100000/bus@100000:r5fss@5c00000/5c00000.r5f/remoteproc/remoteproc6/rproc-virtio.2.auto/virtio2/virtio2.rpmsg_ctrl.0.0/rpmsg", {st_mode=S_IFDIR|0755, st_size=0, ...}, 0) = 0 <0.000021>
1711  20:11:41.709239 openat(AT_FDCWD, "/sys/devices/platform/bus@100000/bus@100000:r5fss@5c00000/5c00000.r5f/remoteproc/remoteproc6/rproc-virtio.2.auto/virtio2/virtio2.rpmsg_ctrl.0.0/rpmsg", O_RDONLY|O_NONBLOCK|O_CLOEXEC|O_DIRECTORY) = 19 <0.000021>
1711  20:11:41.709310 newfstatat(19, "", {st_mode=S_IFDIR|0755, st_size=0, ...}, AT_EMPTY_PATH) = 0 <0.000013>
1711  20:11:41.709378 brk(0x21611000)   = 0x21611000 <0.000026>
1711  20:11:41.709457 getdents64(19, 0x215e8cb0 /* 3 entries */, 32768) = 80 <0.000014>
1711  20:11:41.709524 brk(0x21609000)   = 0x21609000 <0.000045>
1711  20:11:41.709629 close(19)         = 0 <0.000015>
1711  20:11:41.709684 brk(0x21601000)   = 0x21601000 <0.000022>
1711  20:11:41.709747 close(18)         = 0 <0.000013>
1711  20:11:41.709801 openat(AT_FDCWD, "/dev/rpmsg_ctrl2", O_RDWR) = 18 <0.008640>
1711  20:11:41.718493 ioctl(18, RPMSG_CREATE_EPT_IOCTL, 0xffffe30ef468) = 0 <0.026443>
1711  20:11:41.745027 close(18)         = 0 <0.009074>
1711  20:11:41.754205 readlinkat(AT_FDCWD, "/sys/class/rpmsg/rpmsg_ctrl2", "../../devices/platform/bus@100000/bus@100000:r5fss@5c00000/5c00000.r5f/remoteproc/remoteproc6/rproc-virtio.2.auto/virtio2/virtio2.rpmsg_ctrl.0.0/rpmsg/rpmsg_ctrl2", 256) = 162 <0.000082>
1711  20:11:41.754411 readlinkat(AT_FDCWD, "/sys", 0xffffe30ee5f0, 1023) = -1 EINVAL (Invalid argument) <0.000015>
1711  20:11:41.754485 readlinkat(AT_FDCWD, "/sys/class", 0xffffe30ee5f0, 1023) = -1 EINVAL (Invalid argument) <0.000014>
1711  20:11:41.754548 readlinkat(AT_FDCWD, "/sys/class/rpmsg", 0xffffe30ee5f0, 1023) = -1 EINVAL (Invalid argument) <0.000014>
1711  20:11:41.754610 faccessat2(AT_FDCWD, "/sys/class/rpmsg/", F_OK, AT_EACCESS) = 0 <0.000015>
1711  20:11:41.754672 readlinkat(AT_FDCWD, "/sys/devices", 0xffffe30ee5f0, 1023) = -1 EINVAL (Invalid argument) <0.000014>
1711  20:11:41.754733 readlinkat(AT_FDCWD, "/sys/devices/platform", 0xffffe30ee5f0, 1023) = -1 EINVAL (Invalid argument) <0.000016>
1711  20:11:41.754796 readlinkat(AT_FDCWD, "/sys/devices/platform/bus@100000", 0xffffe30ee5f0, 1023) = -1 EINVAL (Invalid argument) <0.000015>
1711  20:11:41.754858 readlinkat(AT_FDCWD, "/sys/devices/platform/bus@100000/bus@100000:r5fss@5c00000", 0xffffe30ee5f0, 1023) = -1 EINVAL (Invalid argument) <0.000016>
1711  20:11:41.754921 readlinkat(AT_FDCWD, "/sys/devices/platform/bus@100000/bus@100000:r5fss@5c00000/5c00000.r5f", 0xffffe30ee5f0, 1023) = -1 EINVAL (Invalid argument) <0.000016>
1711  20:11:41.754984 readlinkat(AT_FDCWD, "/sys/devices/platform/bus@100000/bus@100000:r5fss@5c00000/5c00000.r5f/remoteproc", 0xffffe30ee5f0, 1023) = -1 EINVAL (Invalid argument) <0.000017>
1711  20:11:41.755049 readlinkat(AT_FDCWD, "/sys/devices/platform/bus@100000/bus@100000:r5fss@5c00000/5c00000.r5f/remoteproc/remoteproc6", 0xffffe30ee5f0, 1023) = -1 EINVAL (Invalid argument) <0.000016>
1711  20:11:41.755113 readlinkat(AT_FDCWD, "/sys/devices/platform/bus@100000/bus@100000:r5fss@5c00000/5c00000.r5f/remoteproc/remoteproc6/rproc-virtio.2.auto", 0xffffe30ee5f0, 1023) = -1 EINVAL (Invalid argument) <0.000017>
1711  20:11:41.755178 readlinkat(AT_FDCWD, "/sys/devices/platform/bus@100000/bus@100000:r5fss@5c00000/5c00000.r5f/remoteproc/remoteproc6/rproc-virtio.2.auto/virtio2", 0xffffe30ee5f0, 1023) = -1 EINVAL (Invalid argument) <0.000018>
1711  20:11:41.755243 readlinkat(AT_FDCWD, "/sys/devices/platform/bus@100000/bus@100000:r5fss@5c00000/5c00000.r5f/remoteproc/remoteproc6/rproc-virtio.2.auto/virtio2/virtio2.rpmsg_ctrl.0.0", 0xffffe30ee5f0, 1023) = -1 EINVAL (Invalid argument) <0.000018>
1711  20:11:41.755308 readlinkat(AT_FDCWD, "/sys/devices/platform/bus@100000/bus@100000:r5fss@5c00000/5c00000.r5f/remoteproc/remoteproc6/rproc-virtio.2.auto/virtio2/virtio2.rpmsg_ctrl.0.0/rpmsg", 0xffffe30ee5f0, 1023) = -1 EINVAL (Invalid argument) <0.000019>
1711  20:11:41.755376 readlinkat(AT_FDCWD, "/sys/devices/platform/bus@100000/bus@100000:r5fss@5c00000/5c00000.r5f/remoteproc/remoteproc6/rproc-virtio.2.auto/virtio2/virtio2.rpmsg_ctrl.0.0/rpmsg/rpmsg_ctrl2", 0xffffe30ee5f0, 1023) = -1 EINVAL (Invalid argument) <0.000019>
1711  20:11:41.755447 openat(AT_FDCWD, "/sys/devices/platform/bus@100000/bus@100000:r5fss@5c00000/5c00000.r5f/remoteproc/remoteproc6/rproc-virtio.2.auto/virtio2/virtio2.rpmsg_ctrl.0.0/rpmsg/rpmsg_ctrl2", O_RDONLY|O_NONBLOCK|O_CLOEXEC|O_DIRECTORY) = 18 <0.000031>
1711  20:11:41.755532 newfstatat(18, "", {st_mode=S_IFDIR|0755, st_size=0, ...}, AT_EMPTY_PATH) = 0 <0.000016>
1711  20:11:41.755612 getdents64(18, 0x215e0c70 /* 9 entries */, 32768) = 264 <0.000021>
1711  20:11:41.755687 openat(AT_FDCWD, "/sys/devices/platform/bus@100000/bus@100000:r5fss@5c00000/5c00000.r5f/remoteproc/remoteproc6/rproc-virtio.2.auto/virtio2/virtio2.rpmsg_ctrl.0.0/rpmsg/rpmsg_ctrl2/rpmsg11/name", O_RDONLY) = 19 <0.000032>
1711  20:11:41.755793 read(19, "rpmsg-char-3-1711-ipc\n", 32) = 22 <0.000021>
1711  20:11:41.755860 close(19)         = 0 <0.000017>
1711  20:11:41.755919 openat(AT_FDCWD, "/sys/devices/platform/bus@100000/bus@100000:r5fss@5c00000/5c00000.r5f/remoteproc/remoteproc6/rproc-virtio.2.auto/virtio2/virtio2.rpmsg_ctrl.0.0/rpmsg/rpmsg_ctrl2/rpmsg16/name", O_RDONLY) = 19 <0.000037>
1711  20:11:41.756005 read(19, "rpmsg-char-3-1711-rs-tx\n", 32) = 24 <0.000016>
1711  20:11:41.756066 close(19)         = 0 <0.000016>
1711  20:11:41.756129 close(18)         = 0 <0.000014>
1711  20:11:41.756183 openat(AT_FDCWD, "/dev/rpmsg16", O_RDWR) = 18 <0.018354>
1711  20:11:41.774628 readlinkat(AT_FDCWD, "/sys/class/rpmsg/rpmsg16", "../../devices/platform/bus@100000/bus@100000:r5fss@5c00000/5c00000.r5f/remoteproc/remoteproc6/rproc-virtio.2.auto/virtio2/virtio2.rpmsg_ctrl.0.0/rpmsg/rpmsg_ctrl2/rpmsg16", 256) = 170 <0.000052>
1711  20:11:41.774813 readlinkat(AT_FDCWD, "/sys", 0xffffe30ee650, 1023) = -1 EINVAL (Invalid argument) <0.000017>
1711  20:11:41.774891 readlinkat(AT_FDCWD, "/sys/class", 0xffffe30ee650, 1023) = -1 EINVAL (Invalid argument) <0.000015>
1711  20:11:41.774955 readlinkat(AT_FDCWD, "/sys/class/rpmsg", 0xffffe30ee650, 1023) = -1 EINVAL (Invalid argument) <0.000015>
1711  20:11:41.775019 faccessat2(AT_FDCWD, "/sys/class/rpmsg/", F_OK, AT_EACCESS) = 0 <0.000015>
1711  20:11:41.775082 readlinkat(AT_FDCWD, "/sys/devices", 0xffffe30ee650, 1023) = -1 EINVAL (Invalid argument) <0.000014>
1711  20:11:41.775143 readlinkat(AT_FDCWD, "/sys/devices/platform", 0xffffe30ee650, 1023) = -1 EINVAL (Invalid argument) <0.000015>
1711  20:11:41.775205 readlinkat(AT_FDCWD, "/sys/devices/platform/bus@100000", 0xffffe30ee650, 1023) = -1 EINVAL (Invalid argument) <0.000015>
1711  20:11:41.775267 readlinkat(AT_FDCWD, "/sys/devices/platform/bus@100000/bus@100000:r5fss@5c00000", 0xffffe30ee650, 1023) = -1 EINVAL (Invalid argument) <0.000016>
1711  20:11:41.775330 readlinkat(AT_FDCWD, "/sys/devices/platform/bus@100000/bus@100000:r5fss@5c00000/5c00000.r5f", 0xffffe30ee650, 1023) = -1 EINVAL (Invalid argument) <0.000017>
1711  20:11:41.775395 readlinkat(AT_FDCWD, "/sys/devices/platform/bus@100000/bus@100000:r5fss@5c00000/5c00000.r5f/remoteproc", 0xffffe30ee650, 1023) = -1 EINVAL (Invalid argument) <0.000018>
1711  20:11:41.775465 readlinkat(AT_FDCWD, "/sys/devices/platform/bus@100000/bus@100000:r5fss@5c00000/5c00000.r5f/remoteproc/remoteproc6", 0xffffe30ee650, 1023) = -1 EINVAL (Invalid argument) <0.000017>
1711  20:11:41.775530 readlinkat(AT_FDCWD, "/sys/devices/platform/bus@100000/bus@100000:r5fss@5c00000/5c00000.r5f/remoteproc/remoteproc6/rproc-virtio.2.auto", 0xffffe30ee650, 1023) = -1 EINVAL (Invalid argument) <0.000018>
1711  20:11:41.775595 readlinkat(AT_FDCWD, "/sys/devices/platform/bus@100000/bus@100000:r5fss@5c00000/5c00000.r5f/remoteproc/remoteproc6/rproc-virtio.2.auto/virtio2", 0xffffe30ee650, 1023) = -1 EINVAL (Invalid argument) <0.000018>
1711  20:11:41.775660 readlinkat(AT_FDCWD, "/sys/devices/platform/bus@100000/bus@100000:r5fss@5c00000/5c00000.r5f/remoteproc/remoteproc6/rproc-virtio.2.auto/virtio2/virtio2.rpmsg_ctrl.0.0", 0xffffe30ee650, 1023) = -1 EINVAL (Invalid argument) <0.000019>
1711  20:11:41.775726 readlinkat(AT_FDCWD, "/sys/devices/platform/bus@100000/bus@100000:r5fss@5c00000/5c00000.r5f/remoteproc/remoteproc6/rproc-virtio.2.auto/virtio2/virtio2.rpmsg_ctrl.0.0/rpmsg", 0xffffe30ee650, 1023) = -1 EINVAL (Invalid argument) <0.000019>
1711  20:11:41.775792 readlinkat(AT_FDCWD, "/sys/devices/platform/bus@100000/bus@100000:r5fss@5c00000/5c00000.r5f/remoteproc/remoteproc6/rproc-virtio.2.auto/virtio2/virtio2.rpmsg_ctrl.0.0/rpmsg/rpmsg_ctrl2", 0xffffe30ee650, 1023) = -1 EINVAL (Invalid argument) <0.000018>
1711  20:11:41.775858 readlinkat(AT_FDCWD, "/sys/devices/platform/bus@100000/bus@100000:r5fss@5c00000/5c00000.r5f/remoteproc/remoteproc6/rproc-virtio.2.auto/virtio2/virtio2.rpmsg_ctrl.0.0/rpmsg/rpmsg_ctrl2/rpmsg16", 0xffffe30ee650, 1023) = -1 EINVAL (Invalid argument) <0.000020>
1711  20:11:41.775958 openat(AT_FDCWD, "/sys/devices/platform/bus@100000/bus@100000:r5fss@5c00000/5c00000.r5f/remoteproc/remoteproc6/rproc-virtio.2.auto/virtio2/virtio2.rpmsg_ctrl.0.0/rpmsg/rpmsg_ctrl2/rpmsg16/src", O_RDONLY) = 19 <0.000039>
1711  20:11:41.776049 read(19, "1027\n", 32) = 5 <0.000023>
1711  20:11:41.776118 close(19)         = 0 <0.000018>
1711  20:11:41.776183 getpid()          = 1711 <0.000012>
1711  20:11:41.776241 readlinkat(AT_FDCWD, "/sys/bus/platform/devices/5d00000.r5f", "../../../devices/platform/bus@100000/bus@100000:r5fss@5c00000/5d00000.r5f", 256) = 73 <0.000025>
1711  20:11:41.776317 readlinkat(AT_FDCWD, "/sys", 0xffffe30ee440, 1023) = -1 EINVAL (Invalid argument) <0.000013>
1711  20:11:41.776378 readlinkat(AT_FDCWD, "/sys/bus", 0xffffe30ee440, 1023) = -1 EINVAL (Invalid argument) <0.000014>
1711  20:11:41.776438 readlinkat(AT_FDCWD, "/sys/bus/platform", 0xffffe30ee440, 1023) = -1 EINVAL (Invalid argument) <0.000014>
1711  20:11:41.776500 readlinkat(AT_FDCWD, "/sys/bus/platform/devices", 0xffffe30ee440, 1023) = -1 EINVAL (Invalid argument) <0.000014>
1711  20:11:41.776563 faccessat2(AT_FDCWD, "/sys/bus/platform/devices/", F_OK, AT_EACCESS) = 0 <0.000015>
1711  20:11:41.776623 readlinkat(AT_FDCWD, "/sys/devices", 0xffffe30ee440, 1023) = -1 EINVAL (Invalid argument) <0.000014>
1711  20:11:41.776684 readlinkat(AT_FDCWD, "/sys/devices/platform", 0xffffe30ee440, 1023) = -1 EINVAL (Invalid argument) <0.000014>
1711  20:11:41.776744 readlinkat(AT_FDCWD, "/sys/devices/platform/bus@100000", 0xffffe30ee440, 1023) = -1 EINVAL (Invalid argument) <0.000015>
1711  20:11:41.776806 readlinkat(AT_FDCWD, "/sys/devices/platform/bus@100000/bus@100000:r5fss@5c00000", 0xffffe30ee440, 1023) = -1 EINVAL (Invalid argument) <0.000015>
1711  20:11:41.776867 readlinkat(AT_FDCWD, "/sys/devices/platform/bus@100000/bus@100000:r5fss@5c00000/5d00000.r5f", 0xffffe30ee440, 1023) = -1 EINVAL (Invalid argument) <0.000016>
1711  20:11:41.776933 newfstatat(AT_FDCWD, "/sys/devices/platform/bus@100000/bus@100000:r5fss@5c00000/5d00000.r5f", {st_mode=S_IFDIR|0755, st_size=0, ...}, 0) = 0 <0.000017>
1711  20:11:41.777012 openat(AT_FDCWD, "/sys/devices/platform/bus@100000/bus@100000:r5fss@5c00000/5d00000.r5f/remoteproc", O_RDONLY|O_NONBLOCK|O_CLOEXEC|O_DIRECTORY) = 19 <0.000021>
1711  20:11:41.777085 newfstatat(19, "", {st_mode=S_IFDIR|0755, st_size=0, ...}, AT_EMPTY_PATH) = 0 <0.000014>
1711  20:11:41.777157 getdents64(19, 0x215e0d40 /* 3 entries */, 32768) = 80 <0.000016>
1711  20:11:41.777230 close(19)         = 0 <0.000014>
1711  20:11:41.777285 openat(AT_FDCWD, "/sys/devices/platform/bus@100000/bus@100000:r5fss@5c00000/5d00000.r5f/remoteproc/remoteproc17/", O_RDONLY|O_NONBLOCK|O_CLOEXEC|O_DIRECTORY) = 19 <0.000020>
1711  20:11:41.777355 newfstatat(19, "", {st_mode=S_IFDIR|0755, st_size=0, ...}, AT_EMPTY_PATH) = 0 <0.000013>
1711  20:11:41.777420 getdents64(19, 0x215e0d40 /* 12 entries */, 32768) = 368 <0.000019>
1711  20:11:41.777486 close(19)         = 0 <0.000013>
1711  20:11:41.777541 openat(AT_FDCWD, "/sys/devices/platform/bus@100000/bus@100000:r5fss@5c00000/5d00000.r5f/remoteproc/remoteproc17/rproc-virtio.5.auto", O_RDONLY|O_NONBLOCK|O_CLOEXEC|O_DIRECTORY) = 19 <0.000020>
1711  20:11:41.777609 newfstatat(19, "", {st_mode=S_IFDIR|0755, st_size=0, ...}, AT_EMPTY_PATH) = 0 <0.000014>
1711  20:11:41.777674 getdents64(19, 0x215e0d40 /* 9 entries */, 32768) = 280 <0.000016>
1711  20:11:41.777740 close(19)         = 0 <0.000013>
1711  20:11:41.777795 readlinkat(AT_FDCWD, "/sys/bus/virtio/devices/virtio4", "../../../devices/platform/bus@100000/bus@100000:r5fss@5c00000/5d00000.r5f/remoteproc/remoteproc17/rproc-virtio.5.auto/virtio4", 256) = 125 <0.000023>
1711  20:11:41.777870 readlinkat(AT_FDCWD, "/sys", 0xffffe30ee410, 1023) = -1 EINVAL (Invalid argument) <0.000013>
1711  20:11:41.777930 readlinkat(AT_FDCWD, "/sys/bus", 0xffffe30ee410, 1023) = -1 EINVAL (Invalid argument) <0.000014>
1711  20:11:41.777990 readlinkat(AT_FDCWD, "/sys/bus/virtio", 0xffffe30ee410, 1023) = -1 EINVAL (Invalid argument) <0.000014>
1711  20:11:41.778068 readlinkat(AT_FDCWD, "/sys/bus/virtio/devices", 0xffffe30ee410, 1023) = -1 EINVAL (Invalid argument) <0.000027>
1711  20:11:41.778173 faccessat2(AT_FDCWD, "/sys/bus/virtio/devices/", F_OK, AT_EACCESS) = 0 <0.000015>
1711  20:11:41.778235 readlinkat(AT_FDCWD, "/sys/devices", 0xffffe30ee410, 1023) = -1 EINVAL (Invalid argument) <0.000014>
1711  20:11:41.778296 readlinkat(AT_FDCWD, "/sys/devices/platform", 0xffffe30ee410, 1023) = -1 EINVAL (Invalid argument) <0.000014>
1711  20:11:41.778356 readlinkat(AT_FDCWD, "/sys/devices/platform/bus@100000", 0xffffe30ee410, 1023) = -1 EINVAL (Invalid argument) <0.000014>
1711  20:11:41.778418 readlinkat(AT_FDCWD, "/sys/devices/platform/bus@100000/bus@100000:r5fss@5c00000", 0xffffe30ee410, 1023) = -1 EINVAL (Invalid argument) <0.000015>
1711  20:11:41.778480 readlinkat(AT_FDCWD, "/sys/devices/platform/bus@100000/bus@100000:r5fss@5c00000/5d00000.r5f", 0xffffe30ee410, 1023) = -1 EINVAL (Invalid argument) <0.000016>
1711  20:11:41.778545 readlinkat(AT_FDCWD, "/sys/devices/platform/bus@100000/bus@100000:r5fss@5c00000/5d00000.r5f/remoteproc", 0xffffe30ee410, 1023) = -1 EINVAL (Invalid argument) <0.000016>
1711  20:11:41.778609 readlinkat(AT_FDCWD, "/sys/devices/platform/bus@100000/bus@100000:r5fss@5c00000/5d00000.r5f/remoteproc/remoteproc17", 0xffffe30ee410, 1023) = -1 EINVAL (Invalid argument) <0.000016>
1711  20:11:41.778672 readlinkat(AT_FDCWD, "/sys/devices/platform/bus@100000/bus@100000:r5fss@5c00000/5d00000.r5f/remoteproc/remoteproc17/rproc-virtio.5.auto", 0xffffe30ee410, 1023) = -1 EINVAL (Invalid argument) <0.000016>
1711  20:11:41.778736 readlinkat(AT_FDCWD, "/sys/devices/platform/bus@100000/bus@100000:r5fss@5c00000/5d00000.r5f/remoteproc/remoteproc17/rproc-virtio.5.auto/virtio4", 0xffffe30ee410, 1023) = -1 EINVAL (Invalid argument) <0.000018>
1711  20:11:41.778803 openat(AT_FDCWD, "/sys/devices/platform/bus@100000/bus@100000:r5fss@5c00000/5d00000.r5f/remoteproc/remoteproc17/rproc-virtio.5.auto/virtio4", O_RDONLY|O_NONBLOCK|O_CLOEXEC|O_DIRECTORY) = 19 <0.000021>
1711  20:11:41.778874 newfstatat(19, "", {st_mode=S_IFDIR|0755, st_size=0, ...}, AT_EMPTY_PATH) = 0 <0.000014>
1711  20:11:41.778943 getdents64(19, 0x215e0d40 /* 16 entries */, 32768) = 584 <0.000022>
1711  20:11:41.779016 newfstatat(AT_FDCWD, "/sys/devices/platform/bus@100000/bus@100000:r5fss@5c00000/5d00000.r5f/remoteproc/remoteproc17/rproc-virtio.5.auto/virtio4/virtio4.rpmsg_chrdev.-1.21/rpmsg", {st_mode=S_IFDIR|0755, st_size=0, ...}, 0) = 0 <0.000021>
1711  20:11:41.779094 openat(AT_FDCWD, "/sys/devices/platform/bus@100000/bus@100000:r5fss@5c00000/5d00000.r5f/remoteproc/remoteproc17/rproc-virtio.5.auto/virtio4", O_RDONLY|O_NONBLOCK|O_CLOEXEC|O_DIRECTORY) = 20 <0.000019>
1711  20:11:41.779160 newfstatat(20, "", {st_mode=S_IFDIR|0755, st_size=0, ...}, AT_EMPTY_PATH) = 0 <0.000013>
1711  20:11:41.779227 getdents64(20, 0x215e8d80 /* 16 entries */, 32768) = 584 <0.000017>
1711  20:11:41.779296 newfstatat(AT_FDCWD, "/sys/devices/platform/bus@100000/bus@100000:r5fss@5c00000/5d00000.r5f/remoteproc/remoteproc17/rproc-virtio.5.auto/virtio4/virtio4.rpmsg_ctrl.0.0/rpmsg", {st_mode=S_IFDIR|0755, st_size=0, ...}, 0) = 0 <0.000021>
1711  20:11:41.779372 openat(AT_FDCWD, "/sys/devices/platform/bus@100000/bus@100000:r5fss@5c00000/5d00000.r5f/remoteproc/remoteproc17/rproc-virtio.5.auto/virtio4/virtio4.rpmsg_ctrl.0.0/rpmsg", O_RDONLY|O_NONBLOCK|O_CLOEXEC|O_DIRECTORY) = 21 <0.000020>
1711  20:11:41.779442 newfstatat(21, "", {st_mode=S_IFDIR|0755, st_size=0, ...}, AT_EMPTY_PATH) = 0 <0.000013>
1711  20:11:41.779520 getdents64(21, 0x215f0dc0 /* 3 entries */, 32768) = 80 <0.000014>
1711  20:11:41.779588 close(21)         = 0 <0.000014>
1711  20:11:41.779642 close(20)         = 0 <0.000012>
1711  20:11:41.779694 openat(AT_FDCWD, "/dev/rpmsg_ctrl4", O_RDWR) = 20 <0.008634>
1711  20:11:41.788379 ioctl(20, RPMSG_CREATE_EPT_IOCTL, 0xffffe30ef468) = 0 <0.026050>
1711  20:11:41.814503 close(20)         = 0 <0.008928>
1711  20:11:41.823544 readlinkat(AT_FDCWD, "/sys/class/rpmsg/rpmsg_ctrl4", "../../devices/platform/bus@100000/bus@100000:r5fss@5c00000/5d00000.r5f/remoteproc/remoteproc17/rproc-virtio.5.auto/virtio4/virtio4.rpmsg_ctrl.0.0/rpmsg/rpmsg_ctrl4", 256) = 163 <0.000084>
1711  20:11:41.823787 readlinkat(AT_FDCWD, "/sys", 0xffffe30ee5f0, 1023) = -1 EINVAL (Invalid argument) <0.000019>
1711  20:11:41.823888 readlinkat(AT_FDCWD, "/sys/class", 0xffffe30ee5f0, 1023) = -1 EINVAL (Invalid argument) <0.000016>
1711  20:11:41.823991 readlinkat(AT_FDCWD, "/sys/class/rpmsg", 0xffffe30ee5f0, 1023) = -1 EINVAL (Invalid argument) <0.000014>
1711  20:11:41.824055 faccessat2(AT_FDCWD, "/sys/class/rpmsg/", F_OK, AT_EACCESS) = 0 <0.000015>
1711  20:11:41.824117 readlinkat(AT_FDCWD, "/sys/devices", 0xffffe30ee5f0, 1023) = -1 EINVAL (Invalid argument) <0.000014>
1711  20:11:41.824179 readlinkat(AT_FDCWD, "/sys/devices/platform", 0xffffe30ee5f0, 1023) = -1 EINVAL (Invalid argument) <0.000015>
1711  20:11:41.824241 readlinkat(AT_FDCWD, "/sys/devices/platform/bus@100000", 0xffffe30ee5f0, 1023) = -1 EINVAL (Invalid argument) <0.000015>
1711  20:11:41.824305 readlinkat(AT_FDCWD, "/sys/devices/platform/bus@100000/bus@100000:r5fss@5c00000", 0xffffe30ee5f0, 1023) = -1 EINVAL (Invalid argument) <0.000016>
1711  20:11:41.824368 readlinkat(AT_FDCWD, "/sys/devices/platform/bus@100000/bus@100000:r5fss@5c00000/5d00000.r5f", 0xffffe30ee5f0, 1023) = -1 EINVAL (Invalid argument) <0.000016>
1711  20:11:41.824432 readlinkat(AT_FDCWD, "/sys/devices/platform/bus@100000/bus@100000:r5fss@5c00000/5d00000.r5f/remoteproc", 0xffffe30ee5f0, 1023) = -1 EINVAL (Invalid argument) <0.000016>
1711  20:11:41.824495 readlinkat(AT_FDCWD, "/sys/devices/platform/bus@100000/bus@100000:r5fss@5c00000/5d00000.r5f/remoteproc/remoteproc17", 0xffffe30ee5f0, 1023) = -1 EINVAL (Invalid argument) <0.000017>
1711  20:11:41.824560 readlinkat(AT_FDCWD, "/sys/devices/platform/bus@100000/bus@100000:r5fss@5c00000/5d00000.r5f/remoteproc/remoteproc17/rproc-virtio.5.auto", 0xffffe30ee5f0, 1023) = -1 EINVAL (Invalid argument) <0.000017>
1711  20:11:41.824626 readlinkat(AT_FDCWD, "/sys/devices/platform/bus@100000/bus@100000:r5fss@5c00000/5d00000.r5f/remoteproc/remoteproc17/rproc-virtio.5.auto/virtio4", 0xffffe30ee5f0, 1023) = -1 EINVAL (Invalid argument) <0.000018>
1711  20:11:41.824692 readlinkat(AT_FDCWD, "/sys/devices/platform/bus@100000/bus@100000:r5fss@5c00000/5d00000.r5f/remoteproc/remoteproc17/rproc-virtio.5.auto/virtio4/virtio4.rpmsg_ctrl.0.0", 0xffffe30ee5f0, 1023) = -1 EINVAL (Invalid argument) <0.000018>
1711  20:11:41.824757 readlinkat(AT_FDCWD, "/sys/devices/platform/bus@100000/bus@100000:r5fss@5c00000/5d00000.r5f/remoteproc/remoteproc17/rproc-virtio.5.auto/virtio4/virtio4.rpmsg_ctrl.0.0/rpmsg", 0xffffe30ee5f0, 1023) = -1 EINVAL (Invalid argument) <0.000019>
1711  20:11:41.824824 readlinkat(AT_FDCWD, "/sys/devices/platform/bus@100000/bus@100000:r5fss@5c00000/5d00000.r5f/remoteproc/remoteproc17/rproc-virtio.5.auto/virtio4/virtio4.rpmsg_ctrl.0.0/rpmsg/rpmsg_ctrl4", 0xffffe30ee5f0, 1023) = -1 EINVAL (Invalid argument) <0.000019>
1711  20:11:41.824893 openat(AT_FDCWD, "/sys/devices/platform/bus@100000/bus@100000:r5fss@5c00000/5d00000.r5f/remoteproc/remoteproc17/rproc-virtio.5.auto/virtio4/virtio4.rpmsg_ctrl.0.0/rpmsg/rpmsg_ctrl4", O_RDONLY|O_NONBLOCK|O_CLOEXEC|O_DIRECTORY) = 20 <0.000024>
1711  20:11:41.824972 newfstatat(20, "", {st_mode=S_IFDIR|0755, st_size=0, ...}, AT_EMPTY_PATH) = 0 <0.000016>
1711  20:11:41.825052 getdents64(20, 0x215e8d80 /* 9 entries */, 32768) = 264 <0.000020>
1711  20:11:41.825126 openat(AT_FDCWD, "/sys/devices/platform/bus@100000/bus@100000:r5fss@5c00000/5d00000.r5f/remoteproc/remoteproc17/rproc-virtio.5.auto/virtio4/virtio4.rpmsg_ctrl.0.0/rpmsg/rpmsg_ctrl4/rpmsg12/name", O_RDONLY) = 21 <0.000029>
1711  20:11:41.825202 read(21, "rpmsg-char-4-1711-ipc\n", 32) = 22 <0.000021>
1711  20:11:41.825268 close(21)         = 0 <0.000017>
1711  20:11:41.825326 openat(AT_FDCWD, "/sys/devices/platform/bus@100000/bus@100000:r5fss@5c00000/5d00000.r5f/remoteproc/remoteproc17/rproc-virtio.5.auto/virtio4/virtio4.rpmsg_ctrl.0.0/rpmsg/rpmsg_ctrl4/rpmsg17/name", O_RDONLY) = 21 <0.000038>
1711  20:11:41.825434 read(21, "rpmsg-char-4-1711-rs-tx\n", 32) = 24 <0.000016>
1711  20:11:41.825495 close(21)         = 0 <0.000016>
1711  20:11:41.825559 close(20)         = 0 <0.000014>
1711  20:11:41.825615 openat(AT_FDCWD, "/dev/rpmsg17", O_RDWR) = 20 <0.018217>
1711  20:11:41.843904 readlinkat(AT_FDCWD, "/sys/class/rpmsg/rpmsg17", "../../devices/platform/bus@100000/bus@100000:r5fss@5c00000/5d00000.r5f/remoteproc/remoteproc17/rproc-virtio.5.auto/virtio4/virtio4.rpmsg_ctrl.0.0/rpmsg/rpmsg_ctrl4/rpmsg17", 256) = 171 <0.000044>
1711  20:11:41.844037 readlinkat(AT_FDCWD, "/sys", 0xffffe30ee650, 1023) = -1 EINVAL (Invalid argument) <0.000014>
1711  20:11:41.844104 readlinkat(AT_FDCWD, "/sys/class", 0xffffe30ee650, 1023) = -1 EINVAL (Invalid argument) <0.000014>
1711  20:11:41.844166 readlinkat(AT_FDCWD, "/sys/class/rpmsg", 0xffffe30ee650, 1023) = -1 EINVAL (Invalid argument) <0.000014>
1711  20:11:41.844227 faccessat2(AT_FDCWD, "/sys/class/rpmsg/", F_OK, AT_EACCESS) = 0 <0.000015>
1711  20:11:41.844291 readlinkat(AT_FDCWD, "/sys/devices", 0xffffe30ee650, 1023) = -1 EINVAL (Invalid argument) <0.000014>
1711  20:11:41.844351 readlinkat(AT_FDCWD, "/sys/devices/platform", 0xffffe30ee650, 1023) = -1 EINVAL (Invalid argument) <0.000015>
1711  20:11:41.844414 readlinkat(AT_FDCWD, "/sys/devices/platform/bus@100000", 0xffffe30ee650, 1023) = -1 EINVAL (Invalid argument) <0.000015>
1711  20:11:41.844476 readlinkat(AT_FDCWD, "/sys/devices/platform/bus@100000/bus@100000:r5fss@5c00000", 0xffffe30ee650, 1023) = -1 EINVAL (Invalid argument) <0.000016>
1711  20:11:41.844539 readlinkat(AT_FDCWD, "/sys/devices/platform/bus@100000/bus@100000:r5fss@5c00000/5d00000.r5f", 0xffffe30ee650, 1023) = -1 EINVAL (Invalid argument) <0.000016>
1711  20:11:41.844602 readlinkat(AT_FDCWD, "/sys/devices/platform/bus@100000/bus@100000:r5fss@5c00000/5d00000.r5f/remoteproc", 0xffffe30ee650, 1023) = -1 EINVAL (Invalid argument) <0.000016>
1711  20:11:41.844666 readlinkat(AT_FDCWD, "/sys/devices/platform/bus@100000/bus@100000:r5fss@5c00000/5d00000.r5f/remoteproc/remoteproc17", 0xffffe30ee650, 1023) = -1 EINVAL (Invalid argument) <0.000017>
1711  20:11:41.844730 readlinkat(AT_FDCWD, "/sys/devices/platform/bus@100000/bus@100000:r5fss@5c00000/5d00000.r5f/remoteproc/remoteproc17/rproc-virtio.5.auto", 0xffffe30ee650, 1023) = -1 EINVAL (Invalid argument) <0.000017>
1711  20:11:41.844797 readlinkat(AT_FDCWD, "/sys/devices/platform/bus@100000/bus@100000:r5fss@5c00000/5d00000.r5f/remoteproc/remoteproc17/rproc-virtio.5.auto/virtio4", 0xffffe30ee650, 1023) = -1 EINVAL (Invalid argument) <0.000017>
1711  20:11:41.844863 readlinkat(AT_FDCWD, "/sys/devices/platform/bus@100000/bus@100000:r5fss@5c00000/5d00000.r5f/remoteproc/remoteproc17/rproc-virtio.5.auto/virtio4/virtio4.rpmsg_ctrl.0.0", 0xffffe30ee650, 1023) = -1 EINVAL (Invalid argument) <0.000018>
1711  20:11:41.844928 readlinkat(AT_FDCWD, "/sys/devices/platform/bus@100000/bus@100000:r5fss@5c00000/5d00000.r5f/remoteproc/remoteproc17/rproc-virtio.5.auto/virtio4/virtio4.rpmsg_ctrl.0.0/rpmsg", 0xffffe30ee650, 1023) = -1 EINVAL (Invalid argument) <0.000018>
1711  20:11:41.844994 readlinkat(AT_FDCWD, "/sys/devices/platform/bus@100000/bus@100000:r5fss@5c00000/5d00000.r5f/remoteproc/remoteproc17/rproc-virtio.5.auto/virtio4/virtio4.rpmsg_ctrl.0.0/rpmsg/rpmsg_ctrl4", 0xffffe30ee650, 1023) = -1 EINVAL (Invalid argument) <0.000018>
1711  20:11:41.845060 readlinkat(AT_FDCWD, "/sys/devices/platform/bus@100000/bus@100000:r5fss@5c00000/5d00000.r5f/remoteproc/remoteproc17/rproc-virtio.5.auto/virtio4/virtio4.rpmsg_ctrl.0.0/rpmsg/rpmsg_ctrl4/rpmsg17", 0xffffe30ee650, 1023) = -1 EINVAL (Invalid argument) <0.000019>
1711  20:11:41.845130 openat(AT_FDCWD, "/sys/devices/platform/bus@100000/bus@100000:r5fss@5c00000/5d00000.r5f/remoteproc/remoteproc17/rproc-virtio.5.auto/virtio4/virtio4.rpmsg_ctrl.0.0/rpmsg/rpmsg_ctrl4/rpmsg17/src", O_RDONLY) = 21 <0.000036>
1711  20:11:41.845216 read(21, "1027\n", 32) = 5 <0.000021>
1711  20:11:41.845284 close(21)         = 0 <0.000017>
1711  20:11:41.845348 getpid()          = 1711 <0.000012>
1711  20:11:41.845430 readlinkat(AT_FDCWD, "/sys/bus/platform/devices/4d80800000.dsp", "../../../devices/platform/bus@100000/4d80800000.dsp", 256) = 51 <0.000023>
1711  20:11:41.845507 readlinkat(AT_FDCWD, "/sys", 0xffffe30ee440, 1023) = -1 EINVAL (Invalid argument) <0.000014>
1711  20:11:41.845569 readlinkat(AT_FDCWD, "/sys/bus", 0xffffe30ee440, 1023) = -1 EINVAL (Invalid argument) <0.000014>
1711  20:11:41.845630 readlinkat(AT_FDCWD, "/sys/bus/platform", 0xffffe30ee440, 1023) = -1 EINVAL (Invalid argument) <0.000014>
1711  20:11:41.845692 readlinkat(AT_FDCWD, "/sys/bus/platform/devices", 0xffffe30ee440, 1023) = -1 EINVAL (Invalid argument) <0.000015>
1711  20:11:41.845753 faccessat2(AT_FDCWD, "/sys/bus/platform/devices/", F_OK, AT_EACCESS) = 0 <0.000015>
1711  20:11:41.845813 readlinkat(AT_FDCWD, "/sys/devices", 0xffffe30ee440, 1023) = -1 EINVAL (Invalid argument) <0.000014>
1711  20:11:41.845875 readlinkat(AT_FDCWD, "/sys/devices/platform", 0xffffe30ee440, 1023) = -1 EINVAL (Invalid argument) <0.000014>
1711  20:11:41.845936 readlinkat(AT_FDCWD, "/sys/devices/platform/bus@100000", 0xffffe30ee440, 1023) = -1 EINVAL (Invalid argument) <0.000015>
1711  20:11:41.845998 readlinkat(AT_FDCWD, "/sys/devices/platform/bus@100000/4d80800000.dsp", 0xffffe30ee440, 1023) = -1 EINVAL (Invalid argument) <0.000015>
1711  20:11:41.846063 newfstatat(AT_FDCWD, "/sys/devices/platform/bus@100000/4d80800000.dsp", {st_mode=S_IFDIR|0755, st_size=0, ...}, 0) = 0 <0.000020>
1711  20:11:41.846186 openat(AT_FDCWD, "/sys/devices/platform/bus@100000/4d80800000.dsp/remoteproc", O_RDONLY|O_NONBLOCK|O_CLOEXEC|O_DIRECTORY) = 21 <0.000021>
1711  20:11:41.846260 newfstatat(21, "", {st_mode=S_IFDIR|0755, st_size=0, ...}, AT_EMPTY_PATH) = 0 <0.000014>
1711  20:11:41.846332 getdents64(21, 0x215e8e40 /* 3 entries */, 32768) = 80 <0.000016>
1711  20:11:41.846403 close(21)         = 0 <0.000014>
1711  20:11:41.846458 openat(AT_FDCWD, "/sys/devices/platform/bus@100000/4d80800000.dsp/remoteproc/remoteproc0/", O_RDONLY|O_NONBLOCK|O_CLOEXEC|O_DIRECTORY) = 21 <0.000020>
1711  20:11:41.846527 newfstatat(21, "", {st_mode=S_IFDIR|0755, st_size=0, ...}, AT_EMPTY_PATH) = 0 <0.000013>
1711  20:11:41.846595 getdents64(21, 0x215e8e40 /* 12 entries */, 32768) = 368 <0.000018>
1711  20:11:41.846662 close(21)         = 0 <0.000013>
1711  20:11:41.846715 openat(AT_FDCWD, "/sys/devices/platform/bus@100000/4d80800000.dsp/remoteproc/remoteproc0/rproc-virtio.0.auto", O_RDONLY|O_NONBLOCK|O_CLOEXEC|O_DIRECTORY) = 21 <0.000019>
1711  20:11:41.846783 newfstatat(21, "", {st_mode=S_IFDIR|0755, st_size=0, ...}, AT_EMPTY_PATH) = 0 <0.000014>
1711  20:11:41.846849 getdents64(21, 0x215e8e40 /* 9 entries */, 32768) = 280 <0.000017>
1711  20:11:41.846915 close(21)         = 0 <0.000013>
1711  20:11:41.846971 readlinkat(AT_FDCWD, "/sys/bus/virtio/devices/virtio0", "../../../devices/platform/bus@100000/4d80800000.dsp/remoteproc/remoteproc0/rproc-virtio.0.auto/virtio0", 256) = 102 <0.000023>
1711  20:11:41.847046 readlinkat(AT_FDCWD, "/sys", 0xffffe30ee410, 1023) = -1 EINVAL (Invalid argument) <0.000013>
1711  20:11:41.847107 readlinkat(AT_FDCWD, "/sys/bus", 0xffffe30ee410, 1023) = -1 EINVAL (Invalid argument) <0.000014>
1711  20:11:41.847169 readlinkat(AT_FDCWD, "/sys/bus/virtio", 0xffffe30ee410, 1023) = -1 EINVAL (Invalid argument) <0.000014>
1711  20:11:41.847230 readlinkat(AT_FDCWD, "/sys/bus/virtio/devices", 0xffffe30ee410, 1023) = -1 EINVAL (Invalid argument) <0.000014>
1711  20:11:41.847291 faccessat2(AT_FDCWD, "/sys/bus/virtio/devices/", F_OK, AT_EACCESS) = 0 <0.000015>
1711  20:11:41.847351 readlinkat(AT_FDCWD, "/sys/devices", 0xffffe30ee410, 1023) = -1 EINVAL (Invalid argument) <0.000014>
1711  20:11:41.847412 readlinkat(AT_FDCWD, "/sys/devices/platform", 0xffffe30ee410, 1023) = -1 EINVAL (Invalid argument) <0.000014>
1711  20:11:41.847472 readlinkat(AT_FDCWD, "/sys/devices/platform/bus@100000", 0xffffe30ee410, 1023) = -1 EINVAL (Invalid argument) <0.000014>
1711  20:11:41.847535 readlinkat(AT_FDCWD, "/sys/devices/platform/bus@100000/4d80800000.dsp", 0xffffe30ee410, 1023) = -1 EINVAL (Invalid argument) <0.000015>
1711  20:11:41.847614 readlinkat(AT_FDCWD, "/sys/devices/platform/bus@100000/4d80800000.dsp/remoteproc", 0xffffe30ee410, 1023) = -1 EINVAL (Invalid argument) <0.000015>
1711  20:11:41.847677 readlinkat(AT_FDCWD, "/sys/devices/platform/bus@100000/4d80800000.dsp/remoteproc/remoteproc0", 0xffffe30ee410, 1023) = -1 EINVAL (Invalid argument) <0.000016>
1711  20:11:41.847741 readlinkat(AT_FDCWD, "/sys/devices/platform/bus@100000/4d80800000.dsp/remoteproc/remoteproc0/rproc-virtio.0.auto", 0xffffe30ee410, 1023) = -1 EINVAL (Invalid argument) <0.000016>
1711  20:11:41.847807 readlinkat(AT_FDCWD, "/sys/devices/platform/bus@100000/4d80800000.dsp/remoteproc/remoteproc0/rproc-virtio.0.auto/virtio0", 0xffffe30ee410, 1023) = -1 EINVAL (Invalid argument) <0.000017>
1711  20:11:41.847874 openat(AT_FDCWD, "/sys/devices/platform/bus@100000/4d80800000.dsp/remoteproc/remoteproc0/rproc-virtio.0.auto/virtio0", O_RDONLY|O_NONBLOCK|O_CLOEXEC|O_DIRECTORY) = 21 <0.000020>
1711  20:11:41.847944 newfstatat(21, "", {st_mode=S_IFDIR|0755, st_size=0, ...}, AT_EMPTY_PATH) = 0 <0.000014>
1711  20:11:41.848013 getdents64(21, 0x215e8e40 /* 16 entries */, 32768) = 584 <0.000034>
1711  20:11:41.848101 newfstatat(AT_FDCWD, "/sys/devices/platform/bus@100000/4d80800000.dsp/remoteproc/remoteproc0/rproc-virtio.0.auto/virtio0/virtio0.rpmsg_chrdev.-1.21/rpmsg", {st_mode=S_IFDIR|0755, st_size=0, ...}, 0) = 0 <0.000021>
1711  20:11:41.848180 openat(AT_FDCWD, "/sys/devices/platform/bus@100000/4d80800000.dsp/remoteproc/remoteproc0/rproc-virtio.0.auto/virtio0", O_RDONLY|O_NONBLOCK|O_CLOEXEC|O_DIRECTORY) = 22 <0.000019>
1711  20:11:41.848246 newfstatat(22, "", {st_mode=S_IFDIR|0755, st_size=0, ...}, AT_EMPTY_PATH) = 0 <0.000013>
1711  20:11:41.848312 getdents64(22, 0x215f0e80 /* 16 entries */, 32768) = 584 <0.000021>
1711  20:11:41.848389 newfstatat(AT_FDCWD, "/sys/devices/platform/bus@100000/4d80800000.dsp/remoteproc/remoteproc0/rproc-virtio.0.auto/virtio0/virtio0.rpmsg_ctrl.0.0/rpmsg", {st_mode=S_IFDIR|0755, st_size=0, ...}, 0) = 0 <0.000021>
1711  20:11:41.848468 openat(AT_FDCWD, "/sys/devices/platform/bus@100000/4d80800000.dsp/remoteproc/remoteproc0/rproc-virtio.0.auto/virtio0/virtio0.rpmsg_ctrl.0.0/rpmsg", O_RDONLY|O_NONBLOCK|O_CLOEXEC|O_DIRECTORY) = 23 <0.000020>
1711  20:11:41.848536 newfstatat(23, "", {st_mode=S_IFDIR|0755, st_size=0, ...}, AT_EMPTY_PATH) = 0 <0.000013>
1711  20:11:41.848611 getdents64(23, 0x215f8ec0 /* 3 entries */, 32768) = 80 <0.000014>
1711  20:11:41.848677 close(23)         = 0 <0.000013>
1711  20:11:41.848730 close(22)         = 0 <0.000012>
1711  20:11:41.848782 openat(AT_FDCWD, "/dev/rpmsg_ctrl1", O_RDWR) = 22 <0.008635>
1711  20:11:41.857469 ioctl(22, RPMSG_CREATE_EPT_IOCTL, 0xffffe30ef468) = 0 <0.026037>
1711  20:11:41.883580 close(22)         = 0 <0.008928>
1711  20:11:41.892621 readlinkat(AT_FDCWD, "/sys/class/rpmsg/rpmsg_ctrl1", "../../devices/platform/bus@100000/4d80800000.dsp/remoteproc/remoteproc0/rproc-virtio.0.auto/virtio0/virtio0.rpmsg_ctrl.0.0/rpmsg/rpmsg_ctrl1", 256) = 140 <0.000038>
1711  20:11:41.892760 readlinkat(AT_FDCWD, "/sys", 0xffffe30ee5f0, 1023) = -1 EINVAL (Invalid argument) <0.000017>
1711  20:11:41.892837 readlinkat(AT_FDCWD, "/sys/class", 0xffffe30ee5f0, 1023) = -1 EINVAL (Invalid argument) <0.000043>
1711  20:11:41.892941 readlinkat(AT_FDCWD, "/sys/class/rpmsg", 0xffffe30ee5f0, 1023) = -1 EINVAL (Invalid argument) <0.000017>
1711  20:11:41.893055 faccessat2(AT_FDCWD, "/sys/class/rpmsg/", F_OK, AT_EACCESS) = 0 <0.000015>
1711  20:11:41.893120 readlinkat(AT_FDCWD, "/sys/devices", 0xffffe30ee5f0, 1023) = -1 EINVAL (Invalid argument) <0.000015>
1711  20:11:41.893185 readlinkat(AT_FDCWD, "/sys/devices/platform", 0xffffe30ee5f0, 1023) = -1 EINVAL (Invalid argument) <0.000016>
1711  20:11:41.893248 readlinkat(AT_FDCWD, "/sys/devices/platform/bus@100000", 0xffffe30ee5f0, 1023) = -1 EINVAL (Invalid argument) <0.000015>
1711  20:11:41.893311 readlinkat(AT_FDCWD, "/sys/devices/platform/bus@100000/4d80800000.dsp", 0xffffe30ee5f0, 1023) = -1 EINVAL (Invalid argument) <0.000016>
1711  20:11:41.893374 readlinkat(AT_FDCWD, "/sys/devices/platform/bus@100000/4d80800000.dsp/remoteproc", 0xffffe30ee5f0, 1023) = -1 EINVAL (Invalid argument) <0.000016>
1711  20:11:41.893463 readlinkat(AT_FDCWD, "/sys/devices/platform/bus@100000/4d80800000.dsp/remoteproc/remoteproc0", 0xffffe30ee5f0, 1023) = -1 EINVAL (Invalid argument) <0.000016>
1711  20:11:41.893527 readlinkat(AT_FDCWD, "/sys/devices/platform/bus@100000/4d80800000.dsp/remoteproc/remoteproc0/rproc-virtio.0.auto", 0xffffe30ee5f0, 1023) = -1 EINVAL (Invalid argument) <0.000017>
1711  20:11:41.893593 readlinkat(AT_FDCWD, "/sys/devices/platform/bus@100000/4d80800000.dsp/remoteproc/remoteproc0/rproc-virtio.0.auto/virtio0", 0xffffe30ee5f0, 1023) = -1 EINVAL (Invalid argument) <0.000018>
1711  20:11:41.893661 readlinkat(AT_FDCWD, "/sys/devices/platform/bus@100000/4d80800000.dsp/remoteproc/remoteproc0/rproc-virtio.0.auto/virtio0/virtio0.rpmsg_ctrl.0.0", 0xffffe30ee5f0, 1023) = -1 EINVAL (Invalid argument) <0.000017>
1711  20:11:41.893726 readlinkat(AT_FDCWD, "/sys/devices/platform/bus@100000/4d80800000.dsp/remoteproc/remoteproc0/rproc-virtio.0.auto/virtio0/virtio0.rpmsg_ctrl.0.0/rpmsg", 0xffffe30ee5f0, 1023) = -1 EINVAL (Invalid argument) <0.000018>
1711  20:11:41.893792 readlinkat(AT_FDCWD, "/sys/devices/platform/bus@100000/4d80800000.dsp/remoteproc/remoteproc0/rproc-virtio.0.auto/virtio0/virtio0.rpmsg_ctrl.0.0/rpmsg/rpmsg_ctrl1", 0xffffe30ee5f0, 1023) = -1 EINVAL (Invalid argument) <0.000019>
1711  20:11:41.893862 openat(AT_FDCWD, "/sys/devices/platform/bus@100000/4d80800000.dsp/remoteproc/remoteproc0/rproc-virtio.0.auto/virtio0/virtio0.rpmsg_ctrl.0.0/rpmsg/rpmsg_ctrl1", O_RDONLY|O_NONBLOCK|O_CLOEXEC|O_DIRECTORY) = 22 <0.000023>
1711  20:11:41.893940 newfstatat(22, "", {st_mode=S_IFDIR|0755, st_size=0, ...}, AT_EMPTY_PATH) = 0 <0.000016>
1711  20:11:41.894021 getdents64(22, 0x215f0e80 /* 9 entries */, 32768) = 264 <0.000020>
1711  20:11:41.894154 openat(AT_FDCWD, "/sys/devices/platform/bus@100000/4d80800000.dsp/remoteproc/remoteproc0/rproc-virtio.0.auto/virtio0/virtio0.rpmsg_ctrl.0.0/rpmsg/rpmsg_ctrl1/rpmsg18/name", O_RDONLY) = 23 <0.000045>
1711  20:11:41.894255 read(23, "rpmsg-char-7-1711-rs-tx\n", 32) = 24 <0.000022>
1711  20:11:41.894323 close(23)         = 0 <0.000019>
1711  20:11:41.894390 close(22)         = 0 <0.000014>
1711  20:11:41.894445 openat(AT_FDCWD, "/dev/rpmsg18", O_RDWR) = 22 <0.018290>
1711  20:11:41.912807 readlinkat(AT_FDCWD, "/sys/class/rpmsg/rpmsg18", "../../devices/platform/bus@100000/4d80800000.dsp/remoteproc/remoteproc0/rproc-virtio.0.auto/virtio0/virtio0.rpmsg_ctrl.0.0/rpmsg/rpmsg_ctrl1/rpmsg18", 256) = 148 <0.000044>
1711  20:11:41.912935 readlinkat(AT_FDCWD, "/sys", 0xffffe30ee650, 1023) = -1 EINVAL (Invalid argument) <0.000016>
1711  20:11:41.913047 readlinkat(AT_FDCWD, "/sys/class", 0xffffe30ee650, 1023) = -1 EINVAL (Invalid argument) <0.000052>
1711  20:11:41.913167 readlinkat(AT_FDCWD, "/sys/class/rpmsg", 0xffffe30ee650, 1023) = -1 EINVAL (Invalid argument) <0.000015>
1711  20:11:41.913235 faccessat2(AT_FDCWD, "/sys/class/rpmsg/", F_OK, AT_EACCESS) = 0 <0.000015>
1711  20:11:41.913299 readlinkat(AT_FDCWD, "/sys/devices", 0xffffe30ee650, 1023) = -1 EINVAL (Invalid argument) <0.000014>
1711  20:11:41.913360 readlinkat(AT_FDCWD, "/sys/devices/platform", 0xffffe30ee650, 1023) = -1 EINVAL (Invalid argument) <0.000015>
1711  20:11:41.913423 readlinkat(AT_FDCWD, "/sys/devices/platform/bus@100000", 0xffffe30ee650, 1023) = -1 EINVAL (Invalid argument) <0.000015>
1711  20:11:41.913485 readlinkat(AT_FDCWD, "/sys/devices/platform/bus@100000/4d80800000.dsp", 0xffffe30ee650, 1023) = -1 EINVAL (Invalid argument) <0.000016>
1711  20:11:41.913548 readlinkat(AT_FDCWD, "/sys/devices/platform/bus@100000/4d80800000.dsp/remoteproc", 0xffffe30ee650, 1023) = -1 EINVAL (Invalid argument) <0.000016>
1711  20:11:41.913611 readlinkat(AT_FDCWD, "/sys/devices/platform/bus@100000/4d80800000.dsp/remoteproc/remoteproc0", 0xffffe30ee650, 1023) = -1 EINVAL (Invalid argument) <0.000016>
1711  20:11:41.913674 readlinkat(AT_FDCWD, "/sys/devices/platform/bus@100000/4d80800000.dsp/remoteproc/remoteproc0/rproc-virtio.0.auto", 0xffffe30ee650, 1023) = -1 EINVAL (Invalid argument) <0.000017>
1711  20:11:41.913763 readlinkat(AT_FDCWD, "/sys/devices/platform/bus@100000/4d80800000.dsp/remoteproc/remoteproc0/rproc-virtio.0.auto/virtio0", 0xffffe30ee650, 1023) = -1 EINVAL (Invalid argument) <0.000017>
1711  20:11:41.913830 readlinkat(AT_FDCWD, "/sys/devices/platform/bus@100000/4d80800000.dsp/remoteproc/remoteproc0/rproc-virtio.0.auto/virtio0/virtio0.rpmsg_ctrl.0.0", 0xffffe30ee650, 1023) = -1 EINVAL (Invalid argument) <0.000017>
1711  20:11:41.913896 readlinkat(AT_FDCWD, "/sys/devices/platform/bus@100000/4d80800000.dsp/remoteproc/remoteproc0/rproc-virtio.0.auto/virtio0/virtio0.rpmsg_ctrl.0.0/rpmsg", 0xffffe30ee650, 1023) = -1 EINVAL (Invalid argument) <0.000018>
1711  20:11:41.913961 readlinkat(AT_FDCWD, "/sys/devices/platform/bus@100000/4d80800000.dsp/remoteproc/remoteproc0/rproc-virtio.0.auto/virtio0/virtio0.rpmsg_ctrl.0.0/rpmsg/rpmsg_ctrl1", 0xffffe30ee650, 1023) = -1 EINVAL (Invalid argument) <0.000018>
1711  20:11:41.914027 readlinkat(AT_FDCWD, "/sys/devices/platform/bus@100000/4d80800000.dsp/remoteproc/remoteproc0/rproc-virtio.0.auto/virtio0/virtio0.rpmsg_ctrl.0.0/rpmsg/rpmsg_ctrl1/rpmsg18", 0xffffe30ee650, 1023) = -1 EINVAL (Invalid argument) <0.000019>
1711  20:11:41.914134 openat(AT_FDCWD, "/sys/devices/platform/bus@100000/4d80800000.dsp/remoteproc/remoteproc0/rproc-virtio.0.auto/virtio0/virtio0.rpmsg_ctrl.0.0/rpmsg/rpmsg_ctrl1/rpmsg18/src", O_RDONLY) = 23 <0.000042>
1711  20:11:41.914234 read(23, "1027\n", 32) = 5 <0.000022>
1711  20:11:41.914304 close(23)         = 0 <0.000018>
1711  20:11:41.914370 getpid()          = 1711 <0.000012>
1711  20:11:41.914428 readlinkat(AT_FDCWD, "/sys/bus/platform/devices/4d81800000.dsp", "../../../devices/platform/bus@100000/4d81800000.dsp", 256) = 51 <0.000024>
1711  20:11:41.914505 readlinkat(AT_FDCWD, "/sys", 0xffffe30ee440, 1023) = -1 EINVAL (Invalid argument) <0.000013>
1711  20:11:41.914566 readlinkat(AT_FDCWD, "/sys/bus", 0xffffe30ee440, 1023) = -1 EINVAL (Invalid argument) <0.000014>
1711  20:11:41.914627 readlinkat(AT_FDCWD, "/sys/bus/platform", 0xffffe30ee440, 1023) = -1 EINVAL (Invalid argument) <0.000014>
1711  20:11:41.914688 readlinkat(AT_FDCWD, "/sys/bus/platform/devices", 0xffffe30ee440, 1023) = -1 EINVAL (Invalid argument) <0.000015>
1711  20:11:41.914752 faccessat2(AT_FDCWD, "/sys/bus/platform/devices/", F_OK, AT_EACCESS) = 0 <0.000015>
1711  20:11:41.914813 readlinkat(AT_FDCWD, "/sys/devices", 0xffffe30ee440, 1023) = -1 EINVAL (Invalid argument) <0.000014>
1711  20:11:41.914874 readlinkat(AT_FDCWD, "/sys/devices/platform", 0xffffe30ee440, 1023) = -1 EINVAL (Invalid argument) <0.000014>
1711  20:11:41.914935 readlinkat(AT_FDCWD, "/sys/devices/platform/bus@100000", 0xffffe30ee440, 1023) = -1 EINVAL (Invalid argument) <0.000014>
1711  20:11:41.914996 readlinkat(AT_FDCWD, "/sys/devices/platform/bus@100000/4d81800000.dsp", 0xffffe30ee440, 1023) = -1 EINVAL (Invalid argument) <0.000015>
1711  20:11:41.915060 newfstatat(AT_FDCWD, "/sys/devices/platform/bus@100000/4d81800000.dsp", {st_mode=S_IFDIR|0755, st_size=0, ...}, 0) = 0 <0.000017>
1711  20:11:41.915141 openat(AT_FDCWD, "/sys/devices/platform/bus@100000/4d81800000.dsp/remoteproc", O_RDONLY|O_NONBLOCK|O_CLOEXEC|O_DIRECTORY) = 23 <0.000020>
1711  20:11:41.915212 newfstatat(23, "", {st_mode=S_IFDIR|0755, st_size=0, ...}, AT_EMPTY_PATH) = 0 <0.000014>
1711  20:11:41.915283 getdents64(23, 0x215f0f40 /* 3 entries */, 32768) = 80 <0.000016>
1711  20:11:41.915355 close(23)         = 0 <0.000015>
1711  20:11:41.915411 openat(AT_FDCWD, "/sys/devices/platform/bus@100000/4d81800000.dsp/remoteproc/remoteproc16/", O_RDONLY|O_NONBLOCK|O_CLOEXEC|O_DIRECTORY) = 23 <0.000020>
1711  20:11:41.915481 newfstatat(23, "", {st_mode=S_IFDIR|0755, st_size=0, ...}, AT_EMPTY_PATH) = 0 <0.000013>
1711  20:11:41.915546 getdents64(23, 0x215f0f40 /* 12 entries */, 32768) = 368 <0.000018>
1711  20:11:41.915623 close(23)         = 0 <0.000013>
1711  20:11:41.915676 openat(AT_FDCWD, "/sys/devices/platform/bus@100000/4d81800000.dsp/remoteproc/remoteproc16/rproc-virtio.4.auto", O_RDONLY|O_NONBLOCK|O_CLOEXEC|O_DIRECTORY) = 23 <0.000020>
1711  20:11:41.915762 newfstatat(23, "", {st_mode=S_IFDIR|0755, st_size=0, ...}, AT_EMPTY_PATH) = 0 <0.000014>
1711  20:11:41.915829 getdents64(23, 0x215f0f40 /* 9 entries */, 32768) = 280 <0.000016>
1711  20:11:41.915897 close(23)         = 0 <0.000013>
1711  20:11:41.915951 readlinkat(AT_FDCWD, "/sys/bus/virtio/devices/virtio3", "../../../devices/platform/bus@100000/4d81800000.dsp/remoteproc/remoteproc16/rproc-virtio.4.auto/virtio3", 256) = 103 <0.000023>
1711  20:11:41.916026 readlinkat(AT_FDCWD, "/sys", 0xffffe30ee410, 1023) = -1 EINVAL (Invalid argument) <0.000013>
1711  20:11:41.916086 readlinkat(AT_FDCWD, "/sys/bus", 0xffffe30ee410, 1023) = -1 EINVAL (Invalid argument) <0.000014>
1711  20:11:41.916147 readlinkat(AT_FDCWD, "/sys/bus/virtio", 0xffffe30ee410, 1023) = -1 EINVAL (Invalid argument) <0.000014>
1711  20:11:41.916207 readlinkat(AT_FDCWD, "/sys/bus/virtio/devices", 0xffffe30ee410, 1023) = -1 EINVAL (Invalid argument) <0.000015>
1711  20:11:41.916269 faccessat2(AT_FDCWD, "/sys/bus/virtio/devices/", F_OK, AT_EACCESS) = 0 <0.000015>
1711  20:11:41.916330 readlinkat(AT_FDCWD, "/sys/devices", 0xffffe30ee410, 1023) = -1 EINVAL (Invalid argument) <0.000014>
1711  20:11:41.916393 readlinkat(AT_FDCWD, "/sys/devices/platform", 0xffffe30ee410, 1023) = -1 EINVAL (Invalid argument) <0.000014>
1711  20:11:41.916454 readlinkat(AT_FDCWD, "/sys/devices/platform/bus@100000", 0xffffe30ee410, 1023) = -1 EINVAL (Invalid argument) <0.000014>
1711  20:11:41.916515 readlinkat(AT_FDCWD, "/sys/devices/platform/bus@100000/4d81800000.dsp", 0xffffe30ee410, 1023) = -1 EINVAL (Invalid argument) <0.000015>
1711  20:11:41.916576 readlinkat(AT_FDCWD, "/sys/devices/platform/bus@100000/4d81800000.dsp/remoteproc", 0xffffe30ee410, 1023) = -1 EINVAL (Invalid argument) <0.000015>
1711  20:11:41.916638 readlinkat(AT_FDCWD, "/sys/devices/platform/bus@100000/4d81800000.dsp/remoteproc/remoteproc16", 0xffffe30ee410, 1023) = -1 EINVAL (Invalid argument) <0.000016>
1711  20:11:41.916704 readlinkat(AT_FDCWD, "/sys/devices/platform/bus@100000/4d81800000.dsp/remoteproc/remoteproc16/rproc-virtio.4.auto", 0xffffe30ee410, 1023) = -1 EINVAL (Invalid argument) <0.000016>
1711  20:11:41.916767 readlinkat(AT_FDCWD, "/sys/devices/platform/bus@100000/4d81800000.dsp/remoteproc/remoteproc16/rproc-virtio.4.auto/virtio3", 0xffffe30ee410, 1023) = -1 EINVAL (Invalid argument) <0.000017>
1711  20:11:41.916833 openat(AT_FDCWD, "/sys/devices/platform/bus@100000/4d81800000.dsp/remoteproc/remoteproc16/rproc-virtio.4.auto/virtio3", O_RDONLY|O_NONBLOCK|O_CLOEXEC|O_DIRECTORY) = 23 <0.000020>
1711  20:11:41.916902 newfstatat(23, "", {st_mode=S_IFDIR|0755, st_size=0, ...}, AT_EMPTY_PATH) = 0 <0.000014>
1711  20:11:41.916969 getdents64(23, 0x215f0f40 /* 16 entries */, 32768) = 584 <0.000020>
1711  20:11:41.917041 newfstatat(AT_FDCWD, "/sys/devices/platform/bus@100000/4d81800000.dsp/remoteproc/remoteproc16/rproc-virtio.4.auto/virtio3/virtio3.rpmsg_chrdev.-1.21/rpmsg", {st_mode=S_IFDIR|0755, st_size=0, ...}, 0) = 0 <0.000021>
1711  20:11:41.917119 openat(AT_FDCWD, "/sys/devices/platform/bus@100000/4d81800000.dsp/remoteproc/remoteproc16/rproc-virtio.4.auto/virtio3", O_RDONLY|O_NONBLOCK|O_CLOEXEC|O_DIRECTORY) = 24 <0.000019>
1711  20:11:41.917185 newfstatat(24, "", {st_mode=S_IFDIR|0755, st_size=0, ...}, AT_EMPTY_PATH) = 0 <0.000013>
1711  20:11:41.917251 getdents64(24, 0x215f8f80 /* 16 entries */, 32768) = 584 <0.000030>
1711  20:11:41.917335 newfstatat(AT_FDCWD, "/sys/devices/platform/bus@100000/4d81800000.dsp/remoteproc/remoteproc16/rproc-virtio.4.auto/virtio3/virtio3.rpmsg_ctrl.0.0/rpmsg", {st_mode=S_IFDIR|0755, st_size=0, ...}, 0) = 0 <0.000021>
1711  20:11:41.917414 openat(AT_FDCWD, "/sys/devices/platform/bus@100000/4d81800000.dsp/remoteproc/remoteproc16/rproc-virtio.4.auto/virtio3/virtio3.rpmsg_ctrl.0.0/rpmsg", O_RDONLY|O_NONBLOCK|O_CLOEXEC|O_DIRECTORY) = 25 <0.000019>
1711  20:11:41.917483 newfstatat(25, "", {st_mode=S_IFDIR|0755, st_size=0, ...}, AT_EMPTY_PATH) = 0 <0.000014>
1711  20:11:41.917566 brk(0x21629000)   = 0x21629000 <0.000030>
1711  20:11:41.917643 getdents64(25, 0x21600fc0 /* 3 entries */, 32768) = 80 <0.000019>
1711  20:11:41.917717 brk(0x21621000)   = 0x21621000 <0.000039>
1711  20:11:41.917797 close(25)         = 0 <0.000014>
1711  20:11:41.917851 brk(0x21619000)   = 0x21619000 <0.000022>
1711  20:11:41.917913 close(24)         = 0 <0.000013>
1711  20:11:41.917967 openat(AT_FDCWD, "/dev/rpmsg_ctrl3", O_RDWR) = 24 <0.008639>
1711  20:11:41.926659 ioctl(24, RPMSG_CREATE_EPT_IOCTL, 0xffffe30ef468) = 0 <0.026035>
1711  20:11:41.952767 close(24)         = 0 <0.008927>
1711  20:11:41.961808 readlinkat(AT_FDCWD, "/sys/class/rpmsg/rpmsg_ctrl3", "../../devices/platform/bus@100000/4d81800000.dsp/remoteproc/remoteproc16/rproc-virtio.4.auto/virtio3/virtio3.rpmsg_ctrl.0.0/rpmsg/rpmsg_ctrl3", 256) = 141 <0.000036>
1711  20:11:41.961948 readlinkat(AT_FDCWD, "/sys", 0xffffe30ee5f0, 1023) = -1 EINVAL (Invalid argument) <0.000017>
1711  20:11:41.962027 readlinkat(AT_FDCWD, "/sys/class", 0xffffe30ee5f0, 1023) = -1 EINVAL (Invalid argument) <0.000059>
1711  20:11:41.962164 readlinkat(AT_FDCWD, "/sys/class/rpmsg", 0xffffe30ee5f0, 1023) = -1 EINVAL (Invalid argument) <0.000025>
1711  20:11:41.962257 faccessat2(AT_FDCWD, "/sys/class/rpmsg/", F_OK, AT_EACCESS) = 0 <0.000016>
1711  20:11:41.962331 readlinkat(AT_FDCWD, "/sys/devices", 0xffffe30ee5f0, 1023) = -1 EINVAL (Invalid argument) <0.000015>
1711  20:11:41.962395 readlinkat(AT_FDCWD, "/sys/devices/platform", 0xffffe30ee5f0, 1023) = -1 EINVAL (Invalid argument) <0.000016>
1711  20:11:41.962459 readlinkat(AT_FDCWD, "/sys/devices/platform/bus@100000", 0xffffe30ee5f0, 1023) = -1 EINVAL (Invalid argument) <0.000015>
1711  20:11:41.962521 readlinkat(AT_FDCWD, "/sys/devices/platform/bus@100000/4d81800000.dsp", 0xffffe30ee5f0, 1023) = -1 EINVAL (Invalid argument) <0.000016>
1711  20:11:41.962585 readlinkat(AT_FDCWD, "/sys/devices/platform/bus@100000/4d81800000.dsp/remoteproc", 0xffffe30ee5f0, 1023) = -1 EINVAL (Invalid argument) <0.000016>
1711  20:11:41.962648 readlinkat(AT_FDCWD, "/sys/devices/platform/bus@100000/4d81800000.dsp/remoteproc/remoteproc16", 0xffffe30ee5f0, 1023) = -1 EINVAL (Invalid argument) <0.000016>
1711  20:11:41.962712 readlinkat(AT_FDCWD, "/sys/devices/platform/bus@100000/4d81800000.dsp/remoteproc/remoteproc16/rproc-virtio.4.auto", 0xffffe30ee5f0, 1023) = -1 EINVAL (Invalid argument) <0.000017>
1711  20:11:41.962779 readlinkat(AT_FDCWD, "/sys/devices/platform/bus@100000/4d81800000.dsp/remoteproc/remoteproc16/rproc-virtio.4.auto/virtio3", 0xffffe30ee5f0, 1023) = -1 EINVAL (Invalid argument) <0.000017>
1711  20:11:41.962843 readlinkat(AT_FDCWD, "/sys/devices/platform/bus@100000/4d81800000.dsp/remoteproc/remoteproc16/rproc-virtio.4.auto/virtio3/virtio3.rpmsg_ctrl.0.0", 0xffffe30ee5f0, 1023) = -1 EINVAL (Invalid argument) <0.000018>
1711  20:11:41.962909 readlinkat(AT_FDCWD, "/sys/devices/platform/bus@100000/4d81800000.dsp/remoteproc/remoteproc16/rproc-virtio.4.auto/virtio3/virtio3.rpmsg_ctrl.0.0/rpmsg", 0xffffe30ee5f0, 1023) = -1 EINVAL (Invalid argument) <0.000018>
1711  20:11:41.962975 readlinkat(AT_FDCWD, "/sys/devices/platform/bus@100000/4d81800000.dsp/remoteproc/remoteproc16/rproc-virtio.4.auto/virtio3/virtio3.rpmsg_ctrl.0.0/rpmsg/rpmsg_ctrl3", 0xffffe30ee5f0, 1023) = -1 EINVAL (Invalid argument) <0.000019>
1711  20:11:41.963045 openat(AT_FDCWD, "/sys/devices/platform/bus@100000/4d81800000.dsp/remoteproc/remoteproc16/rproc-virtio.4.auto/virtio3/virtio3.rpmsg_ctrl.0.0/rpmsg/rpmsg_ctrl3", O_RDONLY|O_NONBLOCK|O_CLOEXEC|O_DIRECTORY) = 24 <0.000022>
1711  20:11:41.963121 newfstatat(24, "", {st_mode=S_IFDIR|0755, st_size=0, ...}, AT_EMPTY_PATH) = 0 <0.000016>
1711  20:11:41.963202 getdents64(24, 0x215f8f80 /* 9 entries */, 32768) = 264 <0.000020>
1711  20:11:41.963283 openat(AT_FDCWD, "/sys/devices/platform/bus@100000/4d81800000.dsp/remoteproc/remoteproc16/rproc-virtio.4.auto/virtio3/virtio3.rpmsg_ctrl.0.0/rpmsg/rpmsg_ctrl3/rpmsg14/name", O_RDONLY) = 25 <0.000029>
1711  20:11:41.963359 read(25, "rpmsg-char-8-1711-ipc\n", 32) = 22 <0.000022>
1711  20:11:41.963453 close(25)         = 0 <0.000018>
1711  20:11:41.963514 openat(AT_FDCWD, "/sys/devices/platform/bus@100000/4d81800000.dsp/remoteproc/remoteproc16/rproc-virtio.4.auto/virtio3/virtio3.rpmsg_ctrl.0.0/rpmsg/rpmsg_ctrl3/rpmsg19/name", O_RDONLY) = 25 <0.000038>
1711  20:11:41.963599 read(25, "rpmsg-char-8-1711-rs-tx\n", 32) = 24 <0.000016>
1711  20:11:41.963660 close(25)         = 0 <0.000017>
1711  20:11:41.963724 close(24)         = 0 <0.000014>
1711  20:11:41.963778 openat(AT_FDCWD, "/dev/rpmsg19", O_RDWR) = 24 <0.018282>
1711  20:11:41.982145 readlinkat(AT_FDCWD, "/sys/class/rpmsg/rpmsg19", "../../devices/platform/bus@100000/4d81800000.dsp/remoteproc/remoteproc16/rproc-virtio.4.auto/virtio3/virtio3.rpmsg_ctrl.0.0/rpmsg/rpmsg_ctrl3/rpmsg19", 256) = 149 <0.000042>
1711  20:11:41.982266 readlinkat(AT_FDCWD, "/sys", 0xffffe30ee650, 1023) = -1 EINVAL (Invalid argument) <0.000017>
1711  20:11:41.982367 readlinkat(AT_FDCWD, "/sys/class", 0xffffe30ee650, 1023) = -1 EINVAL (Invalid argument) <0.000027>
1711  20:11:41.982447 readlinkat(AT_FDCWD, "/sys/class/rpmsg", 0xffffe30ee650, 1023) = -1 EINVAL (Invalid argument) <0.000016>
1711  20:11:41.982514 faccessat2(AT_FDCWD, "/sys/class/rpmsg/", F_OK, AT_EACCESS) = 0 <0.000020>
1711  20:11:41.982585 readlinkat(AT_FDCWD, "/sys/devices", 0xffffe30ee650, 1023) = -1 EINVAL (Invalid argument) <0.000015>
1711  20:11:41.982648 readlinkat(AT_FDCWD, "/sys/devices/platform", 0xffffe30ee650, 1023) = -1 EINVAL (Invalid argument) <0.000015>
1711  20:11:41.982710 readlinkat(AT_FDCWD, "/sys/devices/platform/bus@100000", 0xffffe30ee650, 1023) = -1 EINVAL (Invalid argument) <0.000015>
1711  20:11:41.982773 readlinkat(AT_FDCWD, "/sys/devices/platform/bus@100000/4d81800000.dsp", 0xffffe30ee650, 1023) = -1 EINVAL (Invalid argument) <0.000016>
1711  20:11:41.982836 readlinkat(AT_FDCWD, "/sys/devices/platform/bus@100000/4d81800000.dsp/remoteproc", 0xffffe30ee650, 1023) = -1 EINVAL (Invalid argument) <0.000017>
1711  20:11:41.982900 readlinkat(AT_FDCWD, "/sys/devices/platform/bus@100000/4d81800000.dsp/remoteproc/remoteproc16", 0xffffe30ee650, 1023) = -1 EINVAL (Invalid argument) <0.000017>
1711  20:11:41.982963 readlinkat(AT_FDCWD, "/sys/devices/platform/bus@100000/4d81800000.dsp/remoteproc/remoteproc16/rproc-virtio.4.auto", 0xffffe30ee650, 1023) = -1 EINVAL (Invalid argument) <0.000017>
1711  20:11:41.983027 readlinkat(AT_FDCWD, "/sys/devices/platform/bus@100000/4d81800000.dsp/remoteproc/remoteproc16/rproc-virtio.4.auto/virtio3", 0xffffe30ee650, 1023) = -1 EINVAL (Invalid argument) <0.000017>
1711  20:11:41.983091 readlinkat(AT_FDCWD, "/sys/devices/platform/bus@100000/4d81800000.dsp/remoteproc/remoteproc16/rproc-virtio.4.auto/virtio3/virtio3.rpmsg_ctrl.0.0", 0xffffe30ee650, 1023) = -1 EINVAL (Invalid argument) <0.000018>
1711  20:11:41.983156 readlinkat(AT_FDCWD, "/sys/devices/platform/bus@100000/4d81800000.dsp/remoteproc/remoteproc16/rproc-virtio.4.auto/virtio3/virtio3.rpmsg_ctrl.0.0/rpmsg", 0xffffe30ee650, 1023) = -1 EINVAL (Invalid argument) <0.000018>
1711  20:11:41.983222 readlinkat(AT_FDCWD, "/sys/devices/platform/bus@100000/4d81800000.dsp/remoteproc/remoteproc16/rproc-virtio.4.auto/virtio3/virtio3.rpmsg_ctrl.0.0/rpmsg/rpmsg_ctrl3", 0xffffe30ee650, 1023) = -1 EINVAL (Invalid argument) <0.000018>
1711  20:11:41.983288 readlinkat(AT_FDCWD, "/sys/devices/platform/bus@100000/4d81800000.dsp/remoteproc/remoteproc16/rproc-virtio.4.auto/virtio3/virtio3.rpmsg_ctrl.0.0/rpmsg/rpmsg_ctrl3/rpmsg19", 0xffffe30ee650, 1023) = -1 EINVAL (Invalid argument) <0.000020>
1711  20:11:41.983361 openat(AT_FDCWD, "/sys/devices/platform/bus@100000/4d81800000.dsp/remoteproc/remoteproc16/rproc-virtio.4.auto/virtio3/virtio3.rpmsg_ctrl.0.0/rpmsg/rpmsg_ctrl3/rpmsg19/src", O_RDONLY) = 25 <0.000045>
1711  20:11:41.983456 read(25, "1027\n", 32) = 5 <0.000022>
1711  20:11:41.983523 close(25)         = 0 <0.000018>
1711  20:11:41.983590 getpid()          = 1711 <0.000012>
1711  20:11:41.983648 readlinkat(AT_FDCWD, "/sys/bus/platform/devices/64800000.dsp", "../../../devices/platform/bus@100000/64800000.dsp", 256) = 49 <0.000025>
1711  20:11:41.983749 readlinkat(AT_FDCWD, "/sys", 0xffffe30ee440, 1023) = -1 EINVAL (Invalid argument) <0.000013>
1711  20:11:41.983811 readlinkat(AT_FDCWD, "/sys/bus", 0xffffe30ee440, 1023) = -1 EINVAL (Invalid argument) <0.000014>
1711  20:11:41.983871 readlinkat(AT_FDCWD, "/sys/bus/platform", 0xffffe30ee440, 1023) = -1 EINVAL (Invalid argument) <0.000014>
1711  20:11:41.983934 readlinkat(AT_FDCWD, "/sys/bus/platform/devices", 0xffffe30ee440, 1023) = -1 EINVAL (Invalid argument) <0.000014>
1711  20:11:41.983996 faccessat2(AT_FDCWD, "/sys/bus/platform/devices/", F_OK, AT_EACCESS) = 0 <0.000015>
1711  20:11:41.984055 readlinkat(AT_FDCWD, "/sys/devices", 0xffffe30ee440, 1023) = -1 EINVAL (Invalid argument) <0.000014>
1711  20:11:41.984116 readlinkat(AT_FDCWD, "/sys/devices/platform", 0xffffe30ee440, 1023) = -1 EINVAL (Invalid argument) <0.000014>
1711  20:11:41.984176 readlinkat(AT_FDCWD, "/sys/devices/platform/bus@100000", 0xffffe30ee440, 1023) = -1 EINVAL (Invalid argument) <0.000014>
1711  20:11:41.984237 readlinkat(AT_FDCWD, "/sys/devices/platform/bus@100000/64800000.dsp", 0xffffe30ee440, 1023) = -1 EINVAL (Invalid argument) <0.000015>
1711  20:11:41.984300 newfstatat(AT_FDCWD, "/sys/devices/platform/bus@100000/64800000.dsp", {st_mode=S_IFDIR|0755, st_size=0, ...}, 0) = 0 <0.000017>
1711  20:11:41.984379 openat(AT_FDCWD, "/sys/devices/platform/bus@100000/64800000.dsp/remoteproc", O_RDONLY|O_NONBLOCK|O_CLOEXEC|O_DIRECTORY) = 25 <0.000021>
1711  20:11:41.984453 newfstatat(25, "", {st_mode=S_IFDIR|0755, st_size=0, ...}, AT_EMPTY_PATH) = 0 <0.000014>
1711  20:11:41.984525 getdents64(25, 0x215f9040 /* 3 entries */, 32768) = 80 <0.000016>
1711  20:11:41.984598 close(25)         = 0 <0.000014>
1711  20:11:41.984653 openat(AT_FDCWD, "/sys/devices/platform/bus@100000/64800000.dsp/remoteproc/remoteproc18/", O_RDONLY|O_NONBLOCK|O_CLOEXEC|O_DIRECTORY) = 25 <0.000020>
1711  20:11:41.984723 newfstatat(25, "", {st_mode=S_IFDIR|0755, st_size=0, ...}, AT_EMPTY_PATH) = 0 <0.000014>
1711  20:11:41.984789 getdents64(25, 0x215f9040 /* 12 entries */, 32768) = 368 <0.000019>
1711  20:11:41.984857 close(25)         = 0 <0.000013>
1711  20:11:41.984909 openat(AT_FDCWD, "/sys/devices/platform/bus@100000/64800000.dsp/remoteproc/remoteproc18/rproc-virtio.6.auto", O_RDONLY|O_NONBLOCK|O_CLOEXEC|O_DIRECTORY) = 25 <0.000020>
1711  20:11:41.984978 newfstatat(25, "", {st_mode=S_IFDIR|0755, st_size=0, ...}, AT_EMPTY_PATH) = 0 <0.000013>
1711  20:11:41.985044 getdents64(25, 0x215f9040 /* 9 entries */, 32768) = 280 <0.000015>
1711  20:11:41.985108 close(25)         = 0 <0.000013>
1711  20:11:41.985163 readlinkat(AT_FDCWD, "/sys/bus/virtio/devices/virtio5", "../../../devices/platform/bus@100000/64800000.dsp/remoteproc/remoteproc18/rproc-virtio.6.auto/virtio5", 256) = 101 <0.000023>
1711  20:11:41.985237 readlinkat(AT_FDCWD, "/sys", 0xffffe30ee410, 1023) = -1 EINVAL (Invalid argument) <0.000013>
1711  20:11:41.985297 readlinkat(AT_FDCWD, "/sys/bus", 0xffffe30ee410, 1023) = -1 EINVAL (Invalid argument) <0.000014>
1711  20:11:41.985358 readlinkat(AT_FDCWD, "/sys/bus/virtio", 0xffffe30ee410, 1023) = -1 EINVAL (Invalid argument) <0.000014>
1711  20:11:41.985419 readlinkat(AT_FDCWD, "/sys/bus/virtio/devices", 0xffffe30ee410, 1023) = -1 EINVAL (Invalid argument) <0.000014>
1711  20:11:41.985479 faccessat2(AT_FDCWD, "/sys/bus/virtio/devices/", F_OK, AT_EACCESS) = 0 <0.000015>
1711  20:11:41.985541 readlinkat(AT_FDCWD, "/sys/devices", 0xffffe30ee410, 1023) = -1 EINVAL (Invalid argument) <0.000014>
1711  20:11:41.985601 readlinkat(AT_FDCWD, "/sys/devices/platform", 0xffffe30ee410, 1023) = -1 EINVAL (Invalid argument) <0.000014>
1711  20:11:41.985661 readlinkat(AT_FDCWD, "/sys/devices/platform/bus@100000", 0xffffe30ee410, 1023) = -1 EINVAL (Invalid argument) <0.000014>
1711  20:11:41.985722 readlinkat(AT_FDCWD, "/sys/devices/platform/bus@100000/64800000.dsp", 0xffffe30ee410, 1023) = -1 EINVAL (Invalid argument) <0.000015>
1711  20:11:41.985783 readlinkat(AT_FDCWD, "/sys/devices/platform/bus@100000/64800000.dsp/remoteproc", 0xffffe30ee410, 1023) = -1 EINVAL (Invalid argument) <0.000015>
1711  20:11:41.985861 readlinkat(AT_FDCWD, "/sys/devices/platform/bus@100000/64800000.dsp/remoteproc/remoteproc18", 0xffffe30ee410, 1023) = -1 EINVAL (Invalid argument) <0.000016>
1711  20:11:41.985925 readlinkat(AT_FDCWD, "/sys/devices/platform/bus@100000/64800000.dsp/remoteproc/remoteproc18/rproc-virtio.6.auto", 0xffffe30ee410, 1023) = -1 EINVAL (Invalid argument) <0.000016>
1711  20:11:41.985987 readlinkat(AT_FDCWD, "/sys/devices/platform/bus@100000/64800000.dsp/remoteproc/remoteproc18/rproc-virtio.6.auto/virtio5", 0xffffe30ee410, 1023) = -1 EINVAL (Invalid argument) <0.000017>
1711  20:11:41.986053 openat(AT_FDCWD, "/sys/devices/platform/bus@100000/64800000.dsp/remoteproc/remoteproc18/rproc-virtio.6.auto/virtio5", O_RDONLY|O_NONBLOCK|O_CLOEXEC|O_DIRECTORY) = 25 <0.000062>
1711  20:11:41.986169 newfstatat(25, "", {st_mode=S_IFDIR|0755, st_size=0, ...}, AT_EMPTY_PATH) = 0 <0.000015>
1711  20:11:41.986240 getdents64(25, 0x215f9040 /* 16 entries */, 32768) = 584 <0.000023>
1711  20:11:41.986314 newfstatat(AT_FDCWD, "/sys/devices/platform/bus@100000/64800000.dsp/remoteproc/remoteproc18/rproc-virtio.6.auto/virtio5/virtio5.rpmsg_chrdev.-1.21/rpmsg", {st_mode=S_IFDIR|0755, st_size=0, ...}, 0) = 0 <0.000021>
1711  20:11:41.986392 openat(AT_FDCWD, "/sys/devices/platform/bus@100000/64800000.dsp/remoteproc/remoteproc18/rproc-virtio.6.auto/virtio5", O_RDONLY|O_NONBLOCK|O_CLOEXEC|O_DIRECTORY) = 26 <0.000019>
1711  20:11:41.986458 newfstatat(26, "", {st_mode=S_IFDIR|0755, st_size=0, ...}, AT_EMPTY_PATH) = 0 <0.000013>
1711  20:11:41.986538 getdents64(26, 0x21601080 /* 16 entries */, 32768) = 584 <0.000017>
1711  20:11:41.986606 newfstatat(AT_FDCWD, "/sys/devices/platform/bus@100000/64800000.dsp/remoteproc/remoteproc18/rproc-virtio.6.auto/virtio5/virtio5.rpmsg_ctrl.0.0/rpmsg", {st_mode=S_IFDIR|0755, st_size=0, ...}, 0) = 0 <0.000021>
1711  20:11:41.986684 openat(AT_FDCWD, "/sys/devices/platform/bus@100000/64800000.dsp/remoteproc/remoteproc18/rproc-virtio.6.auto/virtio5/virtio5.rpmsg_ctrl.0.0/rpmsg", O_RDONLY|O_NONBLOCK|O_CLOEXEC|O_DIRECTORY) = 27 <0.000019>
1711  20:11:41.986752 newfstatat(27, "", {st_mode=S_IFDIR|0755, st_size=0, ...}, AT_EMPTY_PATH) = 0 <0.000014>
1711  20:11:41.986824 getdents64(27, 0x216090c0 /* 3 entries */, 32768) = 80 <0.000014>
1711  20:11:41.986890 close(27)         = 0 <0.000014>
1711  20:11:41.986943 close(26)         = 0 <0.000012>
1711  20:11:41.986996 openat(AT_FDCWD, "/dev/rpmsg_ctrl5", O_RDWR) = 26 <0.008638>
1711  20:11:41.995684 ioctl(26, RPMSG_CREATE_EPT_IOCTL, 0xffffe30ef468) = 0 <0.026470>
1711  20:11:42.022289 close(26)         = 0 <0.008929>
1711  20:11:42.031327 readlinkat(AT_FDCWD, "/sys/class/rpmsg/rpmsg_ctrl5", "../../devices/platform/bus@100000/64800000.dsp/remoteproc/remoteproc18/rproc-virtio.6.auto/virtio5/virtio5.rpmsg_ctrl.0.0/rpmsg/rpmsg_ctrl5", 256) = 139 <0.000035>
1711  20:11:42.031459 readlinkat(AT_FDCWD, "/sys", 0xffffe30ee5f0, 1023) = -1 EINVAL (Invalid argument) <0.000014>
1711  20:11:42.031527 readlinkat(AT_FDCWD, "/sys/class", 0xffffe30ee5f0, 1023) = -1 EINVAL (Invalid argument) <0.000014>
1711  20:11:42.031589 readlinkat(AT_FDCWD, "/sys/class/rpmsg", 0xffffe30ee5f0, 1023) = -1 EINVAL (Invalid argument) <0.000014>
1711  20:11:42.031650 faccessat2(AT_FDCWD, "/sys/class/rpmsg/", F_OK, AT_EACCESS) = 0 <0.000014>
1711  20:11:42.031711 readlinkat(AT_FDCWD, "/sys/devices", 0xffffe30ee5f0, 1023) = -1 EINVAL (Invalid argument) <0.000014>
1711  20:11:42.031772 readlinkat(AT_FDCWD, "/sys/devices/platform", 0xffffe30ee5f0, 1023) = -1 EINVAL (Invalid argument) <0.000015>
1711  20:11:42.031835 readlinkat(AT_FDCWD, "/sys/devices/platform/bus@100000", 0xffffe30ee5f0, 1023) = -1 EINVAL (Invalid argument) <0.000015>
1711  20:11:42.031897 readlinkat(AT_FDCWD, "/sys/devices/platform/bus@100000/64800000.dsp", 0xffffe30ee5f0, 1023) = -1 EINVAL (Invalid argument) <0.000015>
1711  20:11:42.031960 readlinkat(AT_FDCWD, "/sys/devices/platform/bus@100000/64800000.dsp/remoteproc", 0xffffe30ee5f0, 1023) = -1 EINVAL (Invalid argument) <0.000016>
1711  20:11:42.032022 readlinkat(AT_FDCWD, "/sys/devices/platform/bus@100000/64800000.dsp/remoteproc/remoteproc18", 0xffffe30ee5f0, 1023) = -1 EINVAL (Invalid argument) <0.000017>
1711  20:11:42.032113 readlinkat(AT_FDCWD, "/sys/devices/platform/bus@100000/64800000.dsp/remoteproc/remoteproc18/rproc-virtio.6.auto", 0xffffe30ee5f0, 1023) = -1 EINVAL (Invalid argument) <0.000016>
1711  20:11:42.032178 readlinkat(AT_FDCWD, "/sys/devices/platform/bus@100000/64800000.dsp/remoteproc/remoteproc18/rproc-virtio.6.auto/virtio5", 0xffffe30ee5f0, 1023) = -1 EINVAL (Invalid argument) <0.000017>
1711  20:11:42.032242 readlinkat(AT_FDCWD, "/sys/devices/platform/bus@100000/64800000.dsp/remoteproc/remoteproc18/rproc-virtio.6.auto/virtio5/virtio5.rpmsg_ctrl.0.0", 0xffffe30ee5f0, 1023) = -1 EINVAL (Invalid argument) <0.000017>
1711  20:11:42.032306 readlinkat(AT_FDCWD, "/sys/devices/platform/bus@100000/64800000.dsp/remoteproc/remoteproc18/rproc-virtio.6.auto/virtio5/virtio5.rpmsg_ctrl.0.0/rpmsg", 0xffffe30ee5f0, 1023) = -1 EINVAL (Invalid argument) <0.000018>
1711  20:11:42.032372 readlinkat(AT_FDCWD, "/sys/devices/platform/bus@100000/64800000.dsp/remoteproc/remoteproc18/rproc-virtio.6.auto/virtio5/virtio5.rpmsg_ctrl.0.0/rpmsg/rpmsg_ctrl5", 0xffffe30ee5f0, 1023) = -1 EINVAL (Invalid argument) <0.000018>
1711  20:11:42.032440 openat(AT_FDCWD, "/sys/devices/platform/bus@100000/64800000.dsp/remoteproc/remoteproc18/rproc-virtio.6.auto/virtio5/virtio5.rpmsg_ctrl.0.0/rpmsg/rpmsg_ctrl5", O_RDONLY|O_NONBLOCK|O_CLOEXEC|O_DIRECTORY) = 26 <0.000025>
1711  20:11:42.032519 newfstatat(26, "", {st_mode=S_IFDIR|0755, st_size=0, ...}, AT_EMPTY_PATH) = 0 <0.000015>
1711  20:11:42.032598 getdents64(26, 0x21601080 /* 9 entries */, 32768) = 264 <0.000019>
1711  20:11:42.032671 openat(AT_FDCWD, "/sys/devices/platform/bus@100000/64800000.dsp/remoteproc/remoteproc18/rproc-virtio.6.auto/virtio5/virtio5.rpmsg_ctrl.0.0/rpmsg/rpmsg_ctrl5/rpmsg20/name", O_RDONLY) = 27 <0.000037>
1711  20:11:42.032757 read(27, "rpmsg-char-9-1711-rs-tx\n", 32) = 24 <0.000023>
1711  20:11:42.032825 close(27)         = 0 <0.000019>
1711  20:11:42.032892 close(26)         = 0 <0.000014>
1711  20:11:42.032946 openat(AT_FDCWD, "/dev/rpmsg20", O_RDWR) = 26 <0.018585>
1711  20:11:42.051607 readlinkat(AT_FDCWD, "/sys/class/rpmsg/rpmsg20", "../../devices/platform/bus@100000/64800000.dsp/remoteproc/remoteproc18/rproc-virtio.6.auto/virtio5/virtio5.rpmsg_ctrl.0.0/rpmsg/rpmsg_ctrl5/rpmsg20", 256) = 147 <0.000048>
1711  20:11:42.051756 readlinkat(AT_FDCWD, "/sys", 0xffffe30ee650, 1023) = -1 EINVAL (Invalid argument) <0.000015>
1711  20:11:42.051825 readlinkat(AT_FDCWD, "/sys/class", 0xffffe30ee650, 1023) = -1 EINVAL (Invalid argument) <0.000014>
1711  20:11:42.051888 readlinkat(AT_FDCWD, "/sys/class/rpmsg", 0xffffe30ee650, 1023) = -1 EINVAL (Invalid argument) <0.000014>
1711  20:11:42.051949 faccessat2(AT_FDCWD, "/sys/class/rpmsg/", F_OK, AT_EACCESS) = 0 <0.000014>
1711  20:11:42.052013 readlinkat(AT_FDCWD, "/sys/devices", 0xffffe30ee650, 1023) = -1 EINVAL (Invalid argument) <0.000015>
1711  20:11:42.052074 readlinkat(AT_FDCWD, "/sys/devices/platform", 0xffffe30ee650, 1023) = -1 EINVAL (Invalid argument) <0.000014>
1711  20:11:42.052135 readlinkat(AT_FDCWD, "/sys/devices/platform/bus@100000", 0xffffe30ee650, 1023) = -1 EINVAL (Invalid argument) <0.000015>
1711  20:11:42.052198 readlinkat(AT_FDCWD, "/sys/devices/platform/bus@100000/64800000.dsp", 0xffffe30ee650, 1023) = -1 EINVAL (Invalid argument) <0.000015>
1711  20:11:42.052259 readlinkat(AT_FDCWD, "/sys/devices/platform/bus@100000/64800000.dsp/remoteproc", 0xffffe30ee650, 1023) = -1 EINVAL (Invalid argument) <0.000016>
1711  20:11:42.052322 readlinkat(AT_FDCWD, "/sys/devices/platform/bus@100000/64800000.dsp/remoteproc/remoteproc18", 0xffffe30ee650, 1023) = -1 EINVAL (Invalid argument) <0.000016>
1711  20:11:42.052384 readlinkat(AT_FDCWD, "/sys/devices/platform/bus@100000/64800000.dsp/remoteproc/remoteproc18/rproc-virtio.6.auto", 0xffffe30ee650, 1023) = -1 EINVAL (Invalid argument) <0.000016>
1711  20:11:42.052448 readlinkat(AT_FDCWD, "/sys/devices/platform/bus@100000/64800000.dsp/remoteproc/remoteproc18/rproc-virtio.6.auto/virtio5", 0xffffe30ee650, 1023) = -1 EINVAL (Invalid argument) <0.000018>
1711  20:11:42.052538 readlinkat(AT_FDCWD, "/sys/devices/platform/bus@100000/64800000.dsp/remoteproc/remoteproc18/rproc-virtio.6.auto/virtio5/virtio5.rpmsg_ctrl.0.0", 0xffffe30ee650, 1023) = -1 EINVAL (Invalid argument) <0.000017>
1711  20:11:42.052603 readlinkat(AT_FDCWD, "/sys/devices/platform/bus@100000/64800000.dsp/remoteproc/remoteproc18/rproc-virtio.6.auto/virtio5/virtio5.rpmsg_ctrl.0.0/rpmsg", 0xffffe30ee650, 1023) = -1 EINVAL (Invalid argument) <0.000017>
1711  20:11:42.052667 readlinkat(AT_FDCWD, "/sys/devices/platform/bus@100000/64800000.dsp/remoteproc/remoteproc18/rproc-virtio.6.auto/virtio5/virtio5.rpmsg_ctrl.0.0/rpmsg/rpmsg_ctrl5", 0xffffe30ee650, 1023) = -1 EINVAL (Invalid argument) <0.000018>
1711  20:11:42.052732 readlinkat(AT_FDCWD, "/sys/devices/platform/bus@100000/64800000.dsp/remoteproc/remoteproc18/rproc-virtio.6.auto/virtio5/virtio5.rpmsg_ctrl.0.0/rpmsg/rpmsg_ctrl5/rpmsg20", 0xffffe30ee650, 1023) = -1 EINVAL (Invalid argument) <0.000018>
1711  20:11:42.052802 openat(AT_FDCWD, "/sys/devices/platform/bus@100000/64800000.dsp/remoteproc/remoteproc18/rproc-virtio.6.auto/virtio5/virtio5.rpmsg_ctrl.0.0/rpmsg/rpmsg_ctrl5/rpmsg20/src", O_RDONLY) = 27 <0.000036>
1711  20:11:42.052888 read(27, "1027\n", 32) = 5 <0.000021>
1711  20:11:42.052955 close(27)         = 0 <0.000019>
1711  20:11:42.053020 write(1, "REMOTE_SERVICE: Init ... Done !!!\n", 34) = 34 <0.000116>
1711  20:11:42.058555 openat(AT_FDCWD, "/proc/stat", O_RDONLY) = 27 <0.000034>
1711  20:11:42.058697 newfstatat(27, "", {st_mode=S_IFREG|0444, st_size=0, ...}, AT_EMPTY_PATH) = 0 <0.000018>
1711  20:11:42.058780 read(27, "cpu  418 16 2612 46388 1302 30 20 0 0 0\ncpu0 229 15 1153 23243 890 21 11 0 0 0\ncpu1 189 1 1459 23144 412 9 9 0 0 0\nintr 75533 0 4445 32587 0 0 0 0 0 0 0 0 18479 0 0 0 0 0 2669 157 0 2 0 668 0 1049 0 0"..., 1024) = 1024 <0.000174>
1711  20:11:42.059017 close(27)         = 0 <0.000018>
1711  20:11:42.059091 openat(AT_FDCWD, "/proc/stat", O_RDONLY) = 27 <0.000021>
1711  20:11:42.059161 newfstatat(27, "", {st_mode=S_IFREG|0444, st_size=0, ...}, AT_EMPTY_PATH) = 0 <0.000015>
1711  20:11:42.059232 read(27, "cpu  418 16 2612 46388 1302 30 20 0 0 0\ncpu0 229 15 1153 23243 890 21 11 0 0 0\ncpu1 189 1 1459 23144 412 9 9 0 0 0\nintr 75549 0 4445 32603 0 0 0 0 0 0 0 0 18479 0 0 0 0 0 2669 157 0 2 0 668 0 1049 0 0"..., 1024) = 1024 <0.000087>
1711  20:11:42.059369 close(27)         = 0 <0.000016>
1711  20:11:42.059469 write(1, "   269.821801 s: GTC Frequency = 200 MHz\n", 41) = 41 <0.000127>
1711  20:11:42.059654 write(1, "APP: Init ... Done !!!\n", 23) = 23 <0.000045>
1711  20:11:42.063063 write(1, "   269.825397 s:  VX_ZONE_INIT:Enabled\n", 39) = 39 <0.000092>
1711  20:11:42.063244 write(1, "   269.825587 s:  VX_ZONE_ERROR:Enabled\n", 40) = 40 <0.000069>
1711  20:11:42.063373 write(1, "   269.825717 s:  VX_ZONE_WARNING:Enabled\n", 42) = 42 <0.000066>
1711  20:11:42.063688 openat(AT_FDCWD, "/dev/shm/sem.tiovxsem", O_RDWR|O_NOFOLLOW) = -1 ENOENT (No such file or directory) <0.000041>
1711  20:11:42.063804 getrandom("\xb3\x8c\xba\xd4\x9e\x37\xf2\x7d", 8, GRND_NONBLOCK) = 8 <0.000014>
1711  20:11:42.063865 newfstatat(AT_FDCWD, "/dev/shm/sem.FK1VkN", 0xffffe30ef340, AT_SYMLINK_NOFOLLOW) = -1 ENOENT (No such file or directory) <0.000018>
1711  20:11:42.063936 openat(AT_FDCWD, "/dev/shm/sem.FK1VkN", O_RDWR|O_CREAT|O_EXCL, 0777) = 27 <0.000035>
1711  20:11:42.064019 write(27, "\1\0\0\0\0\0\0\0\200\0\0\0\0\0\0\0\0\0\0\0\0\0\0\0\0\0\0\0\0\0\0\0", 32) = 32 <0.000028>
1711  20:11:42.064092 mmap(NULL, 32, PROT_READ|PROT_WRITE, MAP_SHARED, 27, 0) = 0xffff84826000 <0.000038>
1711  20:11:42.064177 linkat(AT_FDCWD, "/dev/shm/sem.FK1VkN", AT_FDCWD, "/dev/shm/sem.tiovxsem", 0) = 0 <0.000022>
1711  20:11:42.064247 newfstatat(27, "", {st_mode=S_IFREG|0755, st_size=32, ...}, AT_EMPTY_PATH) = 0 <0.000015>
1711  20:11:42.064320 unlinkat(AT_FDCWD, "/dev/shm/sem.FK1VkN", 0) = 0 <0.000017>
1711  20:11:42.064383 close(27)         = 0 <0.000012>
1711  20:11:42.064456 openat(AT_FDCWD, "/dev/shm/sem.tiovxsem_data_ref", O_RDWR|O_NOFOLLOW) = -1 ENOENT (No such file or directory) <0.000021>
1711  20:11:42.064527 getrandom("\x3e\x20\xb9\xce\x23\x09\xe2\xf4", 8, GRND_NONBLOCK) = 8 <0.000013>
1711  20:11:42.064584 getrandom("\x9c\xab\xfd\x5b\x2c\xbf\xf6\xf6", 8, GRND_NONBLOCK) = 8 <0.000012>
1711  20:11:42.064640 getrandom("\x3a\xbd\x54\x36\x60\x77\x42\x89", 8, GRND_NONBLOCK) = 8 <0.000012>
1711  20:11:42.064696 newfstatat(AT_FDCWD, "/dev/shm/sem.GrXthN", 0xffffe30ef340, AT_SYMLINK_NOFOLLOW) = -1 ENOENT (No such file or directory) <0.000017>
1711  20:11:42.064761 openat(AT_FDCWD, "/dev/shm/sem.GrXthN", O_RDWR|O_CREAT|O_EXCL, 0777) = 27 <0.000024>
1711  20:11:42.064833 write(27, "\1\0\0\0\0\0\0\0\200\0\0\0\0\0\0\0\0\0\0\0\0\0\0\0\0\0\0\0\0\0\0\0", 32) = 32 <0.000022>
1711  20:11:42.064899 mmap(NULL, 32, PROT_READ|PROT_WRITE, MAP_SHARED, 27, 0) = 0xffff84825000 <0.000026>
1711  20:11:42.064968 linkat(AT_FDCWD, "/dev/shm/sem.GrXthN", AT_FDCWD, "/dev/shm/sem.tiovxsem_data_ref", 0) = 0 <0.000019>
1711  20:11:42.065034 newfstatat(27, "", {st_mode=S_IFREG|0755, st_size=32, ...}, AT_EMPTY_PATH) = 0 <0.000015>
1711  20:11:42.065103 unlinkat(AT_FDCWD, "/dev/shm/sem.GrXthN", 0) = 0 <0.000016>
1711  20:11:42.065164 close(27)         = 0 <0.000011>
1711  20:11:42.065214 openat(AT_FDCWD, "/dev/shm/sem.tiovxsem_log_mem", O_RDWR|O_NOFOLLOW) = -1 ENOENT (No such file or directory) <0.000019>
1711  20:11:42.065281 getrandom("\x31\xec\x53\xa3\x01\xef\x15\xfc", 8, GRND_NONBLOCK) = 8 <0.000012>
1711  20:11:42.065337 getrandom("\xcc\xb3\x55\x23\xce\xc5\xd1\xf1", 8, GRND_NONBLOCK) = 8 <0.000012>
1711  20:11:42.065392 newfstatat(AT_FDCWD, "/dev/shm/sem.2L82SB", 0xffffe30ef340, AT_SYMLINK_NOFOLLOW) = -1 ENOENT (No such file or directory) <0.000017>
1711  20:11:42.065457 openat(AT_FDCWD, "/dev/shm/sem.2L82SB", O_RDWR|O_CREAT|O_EXCL, 0777) = 27 <0.000025>
1711  20:11:42.065528 write(27, "\1\0\0\0\0\0\0\0\200\0\0\0\0\0\0\0\0\0\0\0\0\0\0\0\0\0\0\0\0\0\0\0", 32) = 32 <0.000022>
1711  20:11:42.065595 mmap(NULL, 32, PROT_READ|PROT_WRITE, MAP_SHARED, 27, 0) = 0xffff84824000 <0.000024>
1711  20:11:42.065660 linkat(AT_FDCWD, "/dev/shm/sem.2L82SB", AT_FDCWD, "/dev/shm/sem.tiovxsem_log_mem", 0) = 0 <0.000018>
1711  20:11:42.065726 newfstatat(27, "", {st_mode=S_IFREG|0755, st_size=32, ...}, AT_EMPTY_PATH) = 0 <0.000014>
1711  20:11:42.065793 unlinkat(AT_FDCWD, "/dev/shm/sem.2L82SB", 0) = 0 <0.000015>
1711  20:11:42.065853 close(27)         = 0 <0.000012>
1711  20:11:42.067797 mmap(NULL, 8454144, PROT_NONE, MAP_PRIVATE|MAP_ANONYMOUS|MAP_STACK, -1, 0) = 0xffff782ce000 <0.000031>
1711  20:11:42.067899 mprotect(0xffff782de000, 8388608, PROT_READ|PROT_WRITE) = 0 <0.000031>
1711  20:11:42.067999 rt_sigprocmask(SIG_BLOCK, ~[], [], 8) = 0 <0.000014>
1711  20:11:42.068076 clone(child_stack=0xffff78adc1c0, flags=CLONE_VM|CLONE_FS|CLONE_FILES|CLONE_SIGHAND|CLONE_THREAD|CLONE_SYSVSEM|CLONE_SETTLS|CLONE_PARENT_SETTID|CLONE_CHILD_CLEARTID, parent_tid=[1720], tls=0xffff78add140, child_tidptr=0xffff78adca50) = 1720 <0.004077>
1720  20:11:42.072206 rseq(0xffff78add120, 0x20, 0, 0xd428bc00 <unfinished ...>
1711  20:11:42.072232 rt_sigprocmask(SIG_SETMASK, [],  <unfinished ...>
1720  20:11:42.072259 <... rseq resumed>) = 0 <0.000032>
1711  20:11:42.072285 <... rt_sigprocmask resumed>NULL, 8) = 0 <0.000030>
1720  20:11:42.072308 set_robust_list(0xffff78adca60, 24 <unfinished ...>
1711  20:11:42.072336 write(1, "   269.834676 s:  VX_ZONE_INIT:[tivxPlatformCreateTargetId:116] Added target MPU-0 \n", 84 <unfinished ...>
1720  20:11:42.072368 <... set_robust_list resumed>) = 0 <0.000040>
1711  20:11:42.072521 <... write resumed>) = 84 <0.000156>
1720  20:11:42.072548 rt_sigprocmask(SIG_SETMASK, [],  <unfinished ...>
1711  20:11:42.072616 mmap(NULL, 8454144, PROT_NONE, MAP_PRIVATE|MAP_ANONYMOUS|MAP_STACK, -1, 0 <unfinished ...>
1720  20:11:42.072643 <... rt_sigprocmask resumed>NULL, 8) = 0 <0.000067>
1711  20:11:42.072669 <... mmap resumed>) = 0xffff77abe000 <0.000029>
1720  20:11:42.072711 futex(0xffff82682858, FUTEX_WAIT_BITSET_PRIVATE|FUTEX_CLOCK_REALTIME, 0, NULL, FUTEX_BITSET_MATCH_ANY <unfinished ...>
1711  20:11:42.072757 mprotect(0xffff77ace000, 8388608, PROT_READ|PROT_WRITE) = 0 <0.000037>
1711  20:11:42.072860 rt_sigprocmask(SIG_BLOCK, ~[], [], 8) = 0 <0.000013>
1711  20:11:42.072929 clone(child_stack=0xffff782cc1c0, flags=CLONE_VM|CLONE_FS|CLONE_FILES|CLONE_SIGHAND|CLONE_THREAD|CLONE_SYSVSEM|CLONE_SETTLS|CLONE_PARENT_SETTID|CLONE_CHILD_CLEARTID, parent_tid=[1721], tls=0xffff782cd140, child_tidptr=0xffff782cca50) = 1721 <0.000066>
1721  20:11:42.073041 rseq(0xffff782cd120, 0x20, 0, 0xd428bc00 <unfinished ...>
1711  20:11:42.073064 rt_sigprocmask(SIG_SETMASK, [],  <unfinished ...>
1721  20:11:42.073090 <... rseq resumed>) = 0 <0.000030>
1711  20:11:42.073113 <... rt_sigprocmask resumed>NULL, 8) = 0 <0.000028>
1721  20:11:42.073139 set_robust_list(0xffff782cca60, 24 <unfinished ...>
1711  20:11:42.073161 write(1, "   269.835500 s:  VX_ZONE_INIT:[tivxPlatformCreateTargetId:116] Added target MPU-1 \n", 84 <unfinished ...>
1721  20:11:42.073191 <... set_robust_list resumed>) = 0 <0.000034>
1711  20:11:42.073322 <... write resumed>) = 84 <0.000135>
1721  20:11:42.073347 rt_sigprocmask(SIG_SETMASK, [],  <unfinished ...>
1711  20:11:42.073397 mmap(NULL, 8454144, PROT_NONE, MAP_PRIVATE|MAP_ANONYMOUS|MAP_STACK, -1, 0 <unfinished ...>
1721  20:11:42.073422 <... rt_sigprocmask resumed>NULL, 8) = 0 <0.000047>
1711  20:11:42.073447 <... mmap resumed>) = 0xffff772ae000 <0.000027>
1721  20:11:42.073471 futex(0xffff826828e8, FUTEX_WAIT_BITSET_PRIVATE|FUTEX_CLOCK_REALTIME, 0, NULL, FUTEX_BITSET_MATCH_ANY <unfinished ...>
1711  20:11:42.073495 mprotect(0xffff772be000, 8388608, PROT_READ|PROT_WRITE) = 0 <0.000027>
1711  20:11:42.073588 rt_sigprocmask(SIG_BLOCK, ~[], [], 8) = 0 <0.000013>
1711  20:11:42.073653 clone(child_stack=0xffff77abc1c0, flags=CLONE_VM|CLONE_FS|CLONE_FILES|CLONE_SIGHAND|CLONE_THREAD|CLONE_SYSVSEM|CLONE_SETTLS|CLONE_PARENT_SETTID|CLONE_CHILD_CLEARTID, parent_tid=[1722], tls=0xffff77abd140, child_tidptr=0xffff77abca50) = 1722 <0.004091>
1722  20:11:42.077793 rseq(0xffff77abd120, 0x20, 0, 0xd428bc00 <unfinished ...>
1711  20:11:42.077818 rt_sigprocmask(SIG_SETMASK, [],  <unfinished ...>
1722  20:11:42.077845 <... rseq resumed>) = 0 <0.000031>
1711  20:11:42.077867 <... rt_sigprocmask resumed>NULL, 8) = 0 <0.000027>
1722  20:11:42.077891 set_robust_list(0xffff77abca60, 24 <unfinished ...>
1711  20:11:42.077913 write(1, "   269.840252 s:  VX_ZONE_INIT:[tivxPlatformCreateTargetId:116] Added target MPU-2 \n", 84 <unfinished ...>
1722  20:11:42.077943 <... set_robust_list resumed>) = 0 <0.000035>
1711  20:11:42.078063 <... write resumed>) = 84 <0.000124>
1722  20:11:42.078111 rt_sigprocmask(SIG_SETMASK, [],  <unfinished ...>
1711  20:11:42.078150 mmap(NULL, 8454144, PROT_NONE, MAP_PRIVATE|MAP_ANONYMOUS|MAP_STACK, -1, 0 <unfinished ...>
1722  20:11:42.078177 <... rt_sigprocmask resumed>NULL, 8) = 0 <0.000033>
1711  20:11:42.078200 <... mmap resumed>) = 0xffff76a9e000 <0.000028>
1722  20:11:42.078225 futex(0xffff82682978, FUTEX_WAIT_BITSET_PRIVATE|FUTEX_CLOCK_REALTIME, 0, NULL, FUTEX_BITSET_MATCH_ANY <unfinished ...>
1711  20:11:42.078249 mprotect(0xffff76aae000, 8388608, PROT_READ|PROT_WRITE) = 0 <0.000028>
1711  20:11:42.078339 rt_sigprocmask(SIG_BLOCK, ~[], [], 8) = 0 <0.000012>
1711  20:11:42.078407 clone(child_stack=0xffff772ac1c0, flags=CLONE_VM|CLONE_FS|CLONE_FILES|CLONE_SIGHAND|CLONE_THREAD|CLONE_SYSVSEM|CLONE_SETTLS|CLONE_PARENT_SETTID|CLONE_CHILD_CLEARTID, parent_tid=[1723], tls=0xffff772ad140, child_tidptr=0xffff772aca50) = 1723 <0.000073>
1723  20:11:42.078524 rseq(0xffff772ad120, 0x20, 0, 0xd428bc00 <unfinished ...>
1711  20:11:42.078548 rt_sigprocmask(SIG_SETMASK, [],  <unfinished ...>
1723  20:11:42.078574 <... rseq resumed>) = 0 <0.000031>
1711  20:11:42.078598 <... rt_sigprocmask resumed>NULL, 8) = 0 <0.000028>
1723  20:11:42.078621 set_robust_list(0xffff772aca60, 24 <unfinished ...>
1711  20:11:42.078644 write(1, "   269.840981 s:  VX_ZONE_INIT:[tivxPlatformCreateTargetId:116] Added target MPU-3 \n", 84 <unfinished ...>
1723  20:11:42.078674 <... set_robust_list resumed>) = 0 <0.000034>
1711  20:11:42.078808 <... write resumed>) = 84 <0.000138>
1711  20:11:42.078854 write(1, "   269.841193 s:  VX_ZONE_INIT:[tivxInitLocal:136] Initialization Done !!!\n", 75 <unfinished ...>
1723  20:11:42.078884 rt_sigprocmask(SIG_SETMASK, [],  <unfinished ...>
1711  20:11:42.078973 <... write resumed>) = 75 <0.000092>
1723  20:11:42.079000 <... rt_sigprocmask resumed>NULL, 8) = 0 <0.000033>
1723  20:11:42.079544 futex(0xffff82682a08, FUTEX_WAIT_BITSET_PRIVATE|FUTEX_CLOCK_REALTIME, 0, NULL, FUTEX_BITSET_MATCH_ANY <unfinished ...>
1711  20:11:42.083698 write(1, "   269.846036 s:  VX_ZONE_INIT:[tivxHostInitLocal:101] Initialization Done for HOST !!!\n", 88) = 88 <0.000123>
1711  20:11:42.086900 ioctl(5, DMA_HEAP_IOCTL_ALLOC, 0xffffe30ef5c8) = 0 <0.240790>
1711  20:11:42.327806 mmap(NULL, 94116, PROT_READ|PROT_WRITE, MAP_SHARED, 27, 0) = 0xffff76a87000 <0.009189>
1711  20:11:42.337085 openat(AT_FDCWD, "/dev/dma-buf-phys", O_RDONLY|O_CLOEXEC) = 28 <0.008695>
1711  20:11:42.345900 ioctl(28, _IOC(_IOC_READ|_IOC_WRITE, 0x44, 0, 0x10), 0xffffe30ef540) = 0 <0.322242>
1711  20:11:42.668699 ioctl(5, DMA_HEAP_IOCTL_ALLOC, 0xffffe30ef5c8) = 0 <0.239240>
1711  20:11:42.908067 mmap(NULL, 5630332, PROT_READ|PROT_WRITE, MAP_SHARED, 29, 0) = 0xffff76528000 <0.009203>
1711  20:11:42.917364 openat(AT_FDCWD, "/dev/dma-buf-phys", O_RDONLY|O_CLOEXEC) = 30 <0.008694>
1711  20:11:42.926163 ioctl(30, _IOC(_IOC_READ|_IOC_WRITE, 0x44, 0, 0x10), 0xffffe30ef540) = 0 <0.323009>
1711  20:11:43.254761 ioctl(5, DMA_HEAP_IOCTL_ALLOC, 0xffffe30ef5c8) = 0 <0.239344>
1711  20:11:43.494256 mmap(NULL, 656, PROT_READ|PROT_WRITE, MAP_SHARED, 31, 0) = 0xffff84823000 <0.009198>
1711  20:11:43.503550 openat(AT_FDCWD, "/dev/dma-buf-phys", O_RDONLY|O_CLOEXEC) = 32 <0.008691>
1711  20:11:43.512350 ioctl(32, _IOC(_IOC_READ|_IOC_WRITE, 0x44, 0, 0x10), 0xffffe30ef540) = 0 <0.323136>
1711  20:11:43.835695 ioctl(5, DMA_HEAP_IOCTL_ALLOC, 0xffffe30ef5c8) = 0 <0.239349>
1711  20:11:44.075163 mmap(NULL, 112, PROT_READ|PROT_WRITE, MAP_SHARED, 33, 0) = 0xffff84822000 <0.009175>
1711  20:11:44.084427 openat(AT_FDCWD, "/dev/dma-buf-phys", O_RDONLY|O_CLOEXEC) = 34 <0.008697>
1711  20:11:44.093229 ioctl(34, _IOC(_IOC_READ|_IOC_WRITE, 0x44, 0, 0x10), 0xffffe30ef540) = 0 <0.322200>
1711  20:11:44.415628 ioctl(5, DMA_HEAP_IOCTL_ALLOC, 0xffffe30ef5c8) = 0 <0.239148>
1711  20:11:44.654901 mmap(NULL, 233808, PROT_READ|PROT_WRITE, MAP_SHARED, 35, 0) = 0xffff764ee000 <0.009285>
1711  20:11:44.664275 openat(AT_FDCWD, "/dev/dma-buf-phys", O_RDONLY|O_CLOEXEC) = 36 <0.008733>
1711  20:11:44.673136 ioctl(36, _IOC(_IOC_READ|_IOC_WRITE, 0x44, 0, 0x10), 0xffffe30ef540) = 0 <0.322536>
1711  20:11:44.996094 ioctl(5, DMA_HEAP_IOCTL_ALLOC, 0xffffe30ef588) = 0 <0.239420>
1711  20:11:45.235634 mmap(NULL, 150528, PROT_READ|PROT_WRITE, MAP_SHARED, 37, 0) = 0xffff764c9000 <0.009195>
1711  20:11:45.244921 openat(AT_FDCWD, "/dev/dma-buf-phys", O_RDONLY|O_CLOEXEC) = 38 <0.008778>
1711  20:11:45.253839 ioctl(38, _IOC(_IOC_READ|_IOC_WRITE, 0x44, 0, 0x10), 0xffffe30ef500) = 0 <0.322330>
1711  20:11:45.582270 ioctl(5, DMA_HEAP_IOCTL_ALLOC, 0xffffe30ef438) = 0 <0.239395>
1711  20:11:45.821792 mmap(NULL, 28028, PROT_READ|PROT_WRITE, MAP_SHARED, 39, 0) = 0xffff844c1000 <0.009351>
1711  20:11:45.831250 openat(AT_FDCWD, "/dev/dma-buf-phys", O_RDONLY|O_CLOEXEC) = 40 <0.008847>
1711  20:11:45.840207 ioctl(40, _IOC(_IOC_READ|_IOC_WRITE, 0x44, 0, 0x10), 0xffffe30ef3b0) = 0 <0.322728>
1711  20:11:46.163216 write(15, "\0\2\0\0", 4) = 4 <0.036356>
1711  20:11:46.199711 futex(0xffff8265a860, FUTEX_WAIT_BITSET_PRIVATE|FUTEX_CLOCK_REALTIME, 0, NULL, FUTEX_BITSET_MATCH_ANY <unfinished ...>
1719  20:11:46.312301 <... pselect6 resumed>) = 1 (in [15]) <4.606298>
1719  20:11:46.312447 read(15, "\0\5\0\0", 4) = 4 <0.000020>
1719  20:11:46.312546 futex(0xffff82682858, FUTEX_WAKE_PRIVATE, 1) = 1 <0.000022>
1720  20:11:46.312609 <... futex resumed>) = 0 <4.239856>
1719  20:11:46.312648 pselect6(17, [7 9 11 13 15 16], NULL, NULL, NULL, NULL <unfinished ...>
1720  20:11:46.312688 futex(0xffff82682800, FUTEX_WAKE_PRIVATE, 1) = 0 <0.000069>
1720  20:11:46.312864 futex(0xffff8265a860, FUTEX_WAKE_PRIVATE, 1) = 1 <0.000018>
1720  20:11:46.312999 futex(0xffff8268285c, FUTEX_WAIT_BITSET_PRIVATE|FUTEX_CLOCK_REALTIME, 0, NULL, FUTEX_BITSET_MATCH_ANY <unfinished ...>
1711  20:11:46.313047 <... futex resumed>) = 0 <0.113276>
1711  20:11:46.313088 futex(0xffff8265a808, FUTEX_WAKE_PRIVATE, 1) = 0 <0.000015>
1711  20:11:46.313307 munmap(0xffff76528000, 5630332) = 0 <0.000089>
1711  20:11:46.313449 close(30)         = 0 <0.327224>
1711  20:11:46.640750 close(29)         = 0 <0.018940>
1711  20:11:46.659860 ioctl(5, DMA_HEAP_IOCTL_ALLOC, 0xffffe30efa78) = 0 <0.239257>
1711  20:11:46.899237 mmap(NULL, 150592, PROT_READ|PROT_WRITE, MAP_SHARED, 29, 0) = 0xffff76a62000 <0.009290>
1711  20:11:46.908627 openat(AT_FDCWD, "/dev/dma-buf-phys", O_RDONLY|O_CLOEXEC) = 30 <0.008763>
1711  20:11:46.917498 ioctl(30, _IOC(_IOC_READ|_IOC_WRITE, 0x44, 0, 0x10), 0xffffe30ef9f0) = 0 <0.322221>
1711  20:11:47.239864 ioctl(5, DMA_HEAP_IOCTL_ALLOC, 0xffffe30efa78) = 0 <0.239163>
1711  20:11:47.479126 mmap(NULL, 4068, PROT_READ|PROT_WRITE, MAP_SHARED, 41, 0) = 0xffff84821000 <0.009271>
1711  20:11:47.488485 openat(AT_FDCWD, "/dev/dma-buf-phys", O_RDONLY|O_CLOEXEC) = 42 <0.008738>
1711  20:11:47.497345 ioctl(42, _IOC(_IOC_READ|_IOC_WRITE, 0x44, 0, 0x10), 0xffffe30ef9f0) = 0 <0.322660>
1711  20:11:47.820553 openat(AT_FDCWD, "/home/root/edgeai-tidl-tools/test_data/airshow.jpg", O_RDONLY) = 43 <0.008116>
1711  20:11:47.828823 newfstatat(43, "", {st_mode=S_IFREG|0644, st_size=19198, ...}, AT_EMPTY_PATH) = 0 <0.000020>
1711  20:11:47.828942 read(43, "\377\330\377\340\0\20JFIF\0\1\1\1\0`\0`\0\0\377\341\0:Exif\0\0MM\0*\0\0\0\10\0\3Q\20\0\1\0\0\0\1\1\0\0\0Q\21\0\4\0\0\0\1\0\0\0\0Q\22\0\4\0\0\0\1\0\0\0\0\0\0\0\0\377\333\0C\0\2\1\1\2\1\1\2\2\2\2\2\2\2\2\3\5\3\3\3\3\3\6\4\4\3\5\7\6\7\7\7\6\7\7\10\t\v\t\10\10\n\10\7\7\n\r\n\n\v\f\f\f\f\7\t\16\17\r\f\16\v\f\f\f\377\333\0C\1\2\2\2\3\3\3\6\3\3\6\f\10\7\10\f\f\f\f\f\f\f\f\f\f\f\f\f\f\f\f\f\f\f\f\f\f\f\f\f\f\f\f\f\f\f\f"..., 4096) = 4096 <0.000917>
1711  20:11:47.829925 close(43)         = 0 <0.000019>
1711  20:11:47.830108 openat(AT_FDCWD, "/home/root/edgeai-tidl-tools/test_data/airshow.jpg", O_RDONLY) = 43 <0.000024>
1711  20:11:47.830214 newfstatat(43, "", {st_mode=S_IFREG|0644, st_size=19198, ...}, AT_EMPTY_PATH) = 0 <0.000017>
1711  20:11:47.830295 read(43, "\377\330\377\340\0\20JFIF\0\1\1\1\0`\0`\0\0\377\341\0:Exif\0\0MM\0*\0\0\0\10\0\3Q\20\0\1\0\0\0\1\1\0\0\0Q\21\0\4\0\0\0\1\0\0\0\0Q\22\0\4\0\0\0\1\0\0\0\0\0\0\0\0\377\333\0C\0\2\1\1\2\1\1\2\2\2\2\2\2\2\2\3\5\3\3\3\3\3\6\4\4\3\5\7\6\7\7\7\6\7\7\10\t\v\t\10\10\n\10\7\7\n\r\n\n\v\f\f\f\f\7\t\16\17\r\f\16\v\f\f\f\377\333\0C\1\2\2\2\3\3\3\6\3\3\6\f\10\7\10\f\f\f\f\f\f\f\f\f\f\f\f\f\f\f\f\f\f\f\f\f\f\f\f\f\f\f\f\f\f\f\f"..., 4096) = 4096 <0.000016>
1711  20:11:47.830413 mmap(NULL, 200704, PROT_READ|PROT_WRITE, MAP_PRIVATE|MAP_ANONYMOUS, -1, 0) = 0xffff76a31000 <0.000037>
1711  20:11:47.830589 openat(AT_FDCWD, "/proc/cpuinfo", O_RDONLY) = 44 <0.000027>
1711  20:11:47.830674 newfstatat(44, "", {st_mode=S_IFREG|0444, st_size=0, ...}, AT_EMPTY_PATH) = 0 <0.000015>
1711  20:11:47.830749 read(44, "processor\t: 0\nBogoMIPS\t: 400.00\nFeatures\t: fp asimd evtstrm aes pmull sha1 sha2 crc32 cpuid\nCPU implementer\t: 0x41\nCPU architecture: 8\nCPU variant\t: 0x1\nCPU part\t: 0xd08\nCPU revision\t: 0\n\nprocessor\t: "..., 1024) = 376 <0.000033>
1711  20:11:47.830848 read(44, "", 1024) = 0 <0.000012>
1711  20:11:47.830903 close(44)         = 0 <0.000017>
1711  20:11:47.831376 read(43, "\303\3162z\1\332\2700ug:\315\245\356\255-\333\241\346\342*{Y:\322~\364\265o\273g\335?\f\177\340\241^\23\36147_\360\221=\277\205\344\266\1\223\314\271\27\v?\250\33\6\340\303\320\217\306\244?\267\377\0\205\357\374[=\216\221c\253\370\206\325b\6)t\313I$\222Y\t\345v2\256\0\376\361?\207z\371B\307\341\6\217\360\257\341\365\2747\23h\272\376\255\256\332\266\245\35\355\234\376|VV\361\272D6\235\243,\354\355\220{(<W\321\237\263\227\306\237\207\277\3~\23\351\332.\236\332\325\346\240\303\315\275\th\322\313-\313\362\377\0006\25O<\08\0`W\243N\274&\337/C\226KK\236\201i\373Ax"..., 4096) = 4096 <0.000082>
1711  20:11:47.831729 read(43, "\37\2054\1\6\257\v&\33700\344\327\337^\21\370\215p|1\247\255\323=\274\361\300\212\313\235\330\302\201_:\376\305?\3t\177\212\377\0\25\254\341\361&\271k\341\3755f\215\23\316\33\245\274\225\316#\215\27\334\343$\360\7\326\277F\241\375\201\364\230\376U\327\263\267\201\272\310\34\177\343\365\344b1P\214\255-\316\3524\333\325\37?\237\210@\266Z\342~\243\356\346\273\37\0\370\7\305\377\0\22\264\206\3244-'T\324,\374\306\204N\233\25\v\2567\f\263\16\231\31\355^\254\277\260\226\233\273\v\2571\372Y/\377\0\25]f\203\360\2_\5\370n\33\30|@\337g\266\373G\225\376\201\271\342\363\225D\230\332\3039\n>\207\275r"..., 4096) = 4096 <0.000017>
1711  20:11:47.832046 read(43, "F\30\200[\200\16O$\223^\365\377\0\4\317\277\321\37\302^ \321\357\374Cgg;j\21\311ijn\212<\373\243\371\266 9?tt\372W\314?\31\274\v\177\341\235w\355SEpn/\7\332\200u;\302\263\35\240\376\3\360\256?\303\367\372\267\207\274Mo\252Z\254\366\327V\322\211b\221\27iV\7 \212\332T\375\244\23\213\261\2377+\263;\217\216\336-\271\377\0\205\335\342\311\243fa&\245<?9\334\305Q\312.I\347\242\212\366\257\331\273\366^\265\375\251|1q\342\217\23K\250X\247\230\226v\221\331\225Q0\211\2\263\35\300\365#\34w\6\276r\325'\177\20j\327\27\367fV\236\356C4\214z\263\23\222\177:"..., 4096) = 4096 <0.000017>
1711  20:11:47.832328 read(43, "sB\34\214\f\365=Mk\\\300c\371YY[=\17QXz\366\236\232\235\205\313\234l\205\30\250\307\336`\247\371W^_\233\272\225c\355\251\302\327Z\333S\fV\5F\17\222o\357c|\1\361W\341\214^\27\262\264\261\327\365\353\33kx\204Q\275\346\237\275F8\373\312\0005\323Y\353>\27\326\237\375\7\306\336\37\231\273,\354\3201\3749\256\27\340f\215ok\360\317Fe\211\30O\10w\35\213s\222GL\232\351\257\274-\245\352)\213\213\vI\225\2734*\303\371T\3431\231|j\313\332\341\372\275Sh\326\206\37\24\340\234*v\335\35M\247\201./\321\232\316\373E\276R8\362u\30\317\345\222)\367_\16u\333A\270\351"..., 4096) = 2814 <0.000017>
1711  20:11:47.832396 read(43, "", 4096) = 0 <0.000012>
1711  20:11:47.832631 close(43)         = 0 <0.000016>
1711  20:11:47.838552 mmap(NULL, 200704, PROT_READ|PROT_WRITE, MAP_PRIVATE|MAP_ANONYMOUS, -1, 0) = 0xffff76a00000 <0.000039>
1711  20:11:47.839055 munmap(0xffff76a00000, 200704) = 0 <0.000081>
1711  20:11:47.842394 brk(0x21652000)   = 0x21652000 <0.000025>
1711  20:11:47.846591 munmap(0xffff76a31000, 200704) = 0 <0.000060>
1711  20:11:47.847041 write(2, "invoked \n", 9) = 9 <0.000041>
1711  20:11:47.847310 munmap(0xffff764c9000, 150528) = 0 <0.000037>
1711  20:11:47.847398 close(38)         = 0 <0.318498>
1711  20:11:48.165971 close(37)         = 0 <0.018922>
1711  20:11:48.185013 munmap(0xffff844c1000, 28028) = 0 <0.000053>
1711  20:11:48.185130 close(40)         = 0 <0.319572>
1711  20:11:48.504779 close(39)         = 0 <0.018899>
1711  20:11:48.523848 write(15, "\0\262\0\0", 4) = 4 <0.036266>
1711  20:11:48.560236 futex(0xffff8265aa00, FUTEX_WAIT_BITSET_PRIVATE|FUTEX_CLOCK_REALTIME, 0, NULL, FUTEX_BITSET_MATCH_ANY <unfinished ...>
1719  20:11:48.583317 <... pselect6 resumed>) = 1 (in [15]) <2.270636>
1719  20:11:48.583402 read(15, "\0\305\0\0", 4) = 4 <0.000017>
1719  20:11:48.583478 futex(0xffff8268285c, FUTEX_WAKE_PRIVATE, 1) = 1 <0.000020>
1720  20:11:48.583546 <... futex resumed>) = 0 <2.270521>
1719  20:11:48.583572 pselect6(17, [7 9 11 13 15 16], NULL, NULL, NULL, NULL <unfinished ...>
1720  20:11:48.583618 futex(0xffff82682800, FUTEX_WAKE_PRIVATE, 1) = 0 <0.000031>
1720  20:11:48.583756 futex(0xffff8265aa00, FUTEX_WAKE_PRIVATE, 1) = 1 <0.000018>
1720  20:11:48.583851 futex(0xffff82682858, FUTEX_WAIT_BITSET_PRIVATE|FUTEX_CLOCK_REALTIME, 0, NULL, FUTEX_BITSET_MATCH_ANY <unfinished ...>
1711  20:11:48.583892 <... futex resumed>) = 0 <0.023609>
1711  20:11:48.583930 futex(0xffff8265a9a8, FUTEX_WAKE_PRIVATE, 1) = 0 <0.000014>
1711  20:11:48.584013 openat(AT_FDCWD, "/tmp/tidl_traceperf.csv", O_WRONLY|O_CREAT|O_TRUNC, 0666) = 37 <0.000053>
1711  20:11:48.584148 newfstatat(37, "", {st_mode=S_IFREG|0644, st_size=0, ...}, AT_EMPTY_PATH) = 0 <0.000019>
1711  20:11:48.584285 write(1, " Layer,   Layer Cycles,kernelOnlyCycles, coreLoopCycles,LayerSetupCycles,dmaPipeupCycles, dmaPipeDownCycles, PrefetchCycles,copyKerCoeffCycles,LayerDeinitCycles,LastBlockCycles, paddingTrigger,    pad"..., 300) = 300 <0.000123>
1711  20:11:48.584490 write(1, "     1,         145294,          65951,          72975,           8299,          11240,                 0,              0,                 0,              0,              0,           6915,           "..., 286) = 286 <0.000059>
1711  20:11:48.584621 write(1, "     2,          85171,          17401,          25481,           7237,           3795,                 0,              0,                 0,              0,              0,           7969,           "..., 286) = 286 <0.000054>
1711  20:11:48.584741 write(1, "     3,          84784,          24556,          25322,           6123,           7756,                 0,              0,                 0,              0,              0,            655,           "..., 286) = 286 <0.000058>
1711  20:11:48.584864 write(1, "     4,          80629,          17012,          21621,           6974,           5537,                 0,              0,                 0,              0,              0,           3471,           "..., 286) = 286 <0.000054>
1711  20:11:48.584982 write(1, "     5,          86504,          27012,          30363,           4822,           4520,                 0,              0,                 0,              0,              0,            703,           "..., 286) = 286 <0.000064>
1711  20:11:48.585111 write(1, "     6,          80331,          15401,          19993,           6655,           4721,                 0,              0,                 0,              0,              0,           4483,           "..., 286) = 286 <0.000055>
1711  20:11:48.585233 write(1, "     7,          86377,          24991,          25364,           6001,           8519,                 0,              0,                 0,              0,              0,            272,           "..., 286) = 286 <0.000051>
1711  20:11:48.585347 write(1, "     8,          83224,          24869,          26535,           6665,           5042,                 0,              0,                 0,              0,              0,            720,           "..., 286) = 286 <0.000051>
1711  20:11:48.585461 write(1, "     9,          88006,          26572,          27508,           5921,           8642,                 0,              0,                 0,              0,              0,            812,           "..., 286) = 286 <0.000052>
1711  20:11:48.585578 write(1, "    10,          77528,          14016,          19927,           6804,           4587,                 0,              0,                 0,              0,              0,           5777,           "..., 286) = 286 <0.000053>
1711  20:11:48.585693 write(1, "    11,          84547,          26580,          26961,           5764,           6444,                 0,              0,                 0,              0,              0,            281,           "..., 286) = 286 <0.000051>
1711  20:11:48.585808 write(1, "    12,          79041,          19878,          21523,           6530,           5834,                 0,              0,                 0,              0,              0,            788,           "..., 286) = 286 <0.000054>
1711  20:11:48.585925 write(1, "    13,          86652,          28047,          28690,           5586,           6293,                 0,              0,                 0,              0,              0,            452,           "..., 286) = 286 <0.000053>
1711  20:11:48.586033 write(37, " Layer,   Layer Cycles,kernelOnlyCycles, coreLoopCycles,LayerSetupCycles,dmaPipeupCycles, dmaPipeDownCycles, PrefetchCycles,copyKerCoeffCycles,LayerDeinitCycles,LastBlockCycles, paddingTrigger,    pad"..., 4096) = 4096 <0.000067>
1711  20:11:48.586165 write(1, "    14,          79719,          12609,          20555,           5967,           6181,                 0,              0,                 0,              0,              0,           7832,           "..., 286) = 286 <0.000088>
1711  20:11:48.586336 write(1, "    15,          89393,          30589,          31259,           6429,           6227,                 0,              0,                 0,              0,              0,            572,           "..., 286) = 286 <0.000057>
1711  20:11:48.586460 write(1, "    16,          95447,          23459,          34015,           6873,           7790,                 0,              0,                 0,              0,              0,           7750,           "..., 286) = 286 <0.000052>
1711  20:11:48.586576 write(1, "    17,          90886,          31113,          31632,           6119,           6698,                 0,              0,                 0,              0,              0,            421,           "..., 286) = 286 <0.000053>
1711  20:11:48.586691 write(1, "    18,          94015,          23944,          34334,           6524,           7699,                 0,              0,                 0,              0,              0,           7541,           "..., 286) = 286 <0.000054>
1711  20:11:48.586808 write(1, "    19,         103517,          30732,          31095,           5634,           6343,                 0,              0,                 0,              0,              0,            265,           "..., 286) = 286 <0.000051>
1711  20:11:48.586921 write(1, "    20,          93844,          23274,          33536,           6563,           7534,                 0,              0,                 0,              0,              0,           7793,           "..., 286) = 286 <0.000051>
1711  20:11:48.587036 write(1, "    21,          89322,          30800,          31412,           6533,           6271,                 0,              0,                 0,              0,              0,            514,           "..., 286) = 286 <0.000053>
1711  20:11:48.587153 write(1, "    22,          92388,          23264,          33380,           6722,           7637,                 0,              0,                 0,              0,              0,           7844,           "..., 286) = 286 <0.000052>
1711  20:11:48.587271 write(1, "    23,          89510,          30719,          31200,           5944,           6326,                 0,              0,                 0,              0,              0,            205,           "..., 286) = 286 <0.000051>
1711  20:11:48.587387 write(1, "    24,          93946,          23276,          33182,           6484,           7650,                 0,              0,                 0,              0,              0,           7627,           "..., 286) = 286 <0.000054>
1711  20:11:48.587503 write(1, "    25,          90511,          31373,          32616,           6027,           5615,                 0,              0,                 0,              0,              0,            772,           "..., 286) = 286 <0.000051>
1711  20:11:48.587616 write(1, "    26,          91586,          14210,          29941,           6718,           7541,                 0,              0,                 0,              0,              0,          13211,           "..., 286) = 286 <0.000050>
1711  20:11:48.587730 write(1, "    27,         100756,          38404,          38964,           6155,           8966,                 0,              0,                 0,              0,              0,            462,           "..., 286) = 286 <0.000053>
1711  20:11:48.587841 write(37, "    6181,                 0,              0,                 0,              0,              0,           7832,              1,              0,           3306,              0,              0,         "..., 4096) = 4096 <0.000027>
1711  20:11:48.587927 write(1, "    28,          88595,          25656,          31696,           6000,           5214,                 0,              0,                 0,              0,              0,            928,           "..., 286) = 286 <0.000053>
1711  20:11:48.588042 write(1, "    29,          59414,           4760,           5598,           4964,           1736,                 0,              0,                 0,              0,              0,            727,           "..., 286) = 286 <0.000052>
1711  20:11:48.588170 write(1, "    30,         149943,          26526,              0,              0,              0,                 0,              0,                 0,              0,              0,              0,           "..., 286) = 286 <0.000055>
1711  20:11:48.588288 write(1, "    31,          62245,           3106,           4991,           7824,           1065,                 0,              0,                 0,              0,              0,            673,           "..., 286) = 286 <0.000051>
1711  20:11:48.588393 write(1, " Sum of Layer Cycles 2803125 \n", 30) = 30 <0.000047>
1711  20:11:48.588500 write(37, " 0,            928,              1,              0,           2852,              0,              0,              0,\n    29,          59414,           4760,           5598,           4964,           17"..., 1004) = 1004 <0.000024>
1711  20:11:48.588576 close(37)         = 0 <0.000016>
1711  20:11:48.588653 write(2, "average time: ", 14) = 14 <0.000049>
1711  20:11:48.588805 write(2, "741.364", 7) = 7 <0.000047>
1711  20:11:48.588911 write(2, " ms \n", 5) = 5 <0.000048>
1711  20:11:48.589064 openat(AT_FDCWD, "/home/root/edgeai-tidl-tools/test_data/labels.txt", O_RDONLY) = 37 <0.000059>
1711  20:11:48.589213 read(37, "background\r\ntench, Tinca tinca\r\ngoldfish, Carassius auratus\r\ngreat white shark, white shark, man-eater, man-eating shark, Carcharodon carcharias\r\ntiger shark, Galeocerdo cuvieri\r\nhammerhead, hammerhea"..., 8191) = 8191 <0.003529>
1711  20:11:48.592987 read(37, "inus\r\nmongoose\r\nmeerkat, mierkat\r\ntiger beetle\r\nladybug, ladybeetle, lady beetle, ladybird, ladybird beetle\r\nground beetle, carabid beetle\r\nlong-horned beetle, longicorn, longicorn beetle\r\nleaf beetle"..., 8191) = 8191 <0.000111>
1711  20:11:48.593267 read(37, "one, mike\r\nmicrowave, microwave oven\r\nmilitary uniform\r\nmilk can\r\nminibus\r\nminiskirt, mini\r\nminivan\r\nmissile\r\nmitten\r\nmixing bowl\r\nmobile home, manufactured home\r\nModel T\r\nmodem\r\nmonastery\r\nmonitor\r\nm"..., 8191) = 6303 <0.000271>
1711  20:11:48.593640 read(37, "", 8191) = 0 <0.000013>
1711  20:11:48.593729 close(37)         = 0 <0.000018>
1711  20:11:48.593827 write(2, "0.705051", 8) = 8 <0.000109>
1711  20:11:48.593996 write(2, ": ", 2) = 2 <0.000102>
1711  20:11:48.594185 write(2, "896", 3) = 3 <0.000023>
1711  20:11:48.594301 write(2, " ", 1)  = 1 <0.000034>
1711  20:11:48.594416 write(2, "warplane, military plane\r", 25) = 25 <0.000034>
1711  20:11:48.594525 write(2, "\n", 1) = 1 <0.000019>
1711  20:11:48.594637 write(2, "0.184867", 8) = 8 <0.000021>
1711  20:11:48.594732 write(2, ": ", 2) = 2 <0.000021>
1711  20:11:48.594829 write(2, "658", 3) = 3 <0.000019>
1711  20:11:48.594925 write(2, " ", 1)  = 1 <0.000019>
1711  20:11:48.594999 write(2, "missile\r", 8) = 8 <0.000034>
1711  20:11:48.595094 write(2, "\n", 1) = 1 <0.000019>
1711  20:11:48.595202 write(2, "0.0945579", 9) = 9 <0.000019>
1711  20:11:48.595308 write(2, ": ", 2) = 2 <0.000018>
1711  20:11:48.595379 write(2, "745", 3) = 3 <0.000019>
1711  20:11:48.595475 write(2, " ", 1)  = 1 <0.000018>
1711  20:11:48.595548 write(2, "projectile, missile\r", 20) = 20 <0.000020>
1711  20:11:48.595626 write(2, "\n", 1) = 1 <0.000018>
1711  20:11:48.595725 write(2, "0.0064748", 9) = 9 <0.000019>
1711  20:11:48.595801 write(2, ": ", 2) = 2 <0.000029>
1711  20:11:48.595885 write(2, "472", 3) = 3 <0.000018>
1711  20:11:48.595979 write(2, " ", 1)  = 1 <0.000019>
1711  20:11:48.596051 write(2, "cannon\r", 7) = 7 <0.000030>
1711  20:11:48.596136 write(2, "\n", 1) = 1 <0.000018>
1711  20:11:48.596236 write(2, "0.00391501", 10) = 10 <0.000019>
1711  20:11:48.596309 write(2, ": ", 2) = 2 <0.000026>
1711  20:11:48.596389 write(2, "404", 3) = 3 <0.000018>
1711  20:11:48.596485 write(2, " ", 1)  = 1 <0.000018>
1711  20:11:48.596557 write(2, "aircraft carrier, carrier, flattop, attack aircraft carrier\r", 60) = 60 <0.000020>
1711  20:11:48.596636 write(2, "\n", 1) = 1 <0.000038>
1711  20:11:48.596865 write(15, "\0\22\0\0", 4) = 4 <0.036437>
1711  20:11:48.633447 futex(0xffff8265a8c8, FUTEX_WAIT_BITSET_PRIVATE|FUTEX_CLOCK_REALTIME, 0, NULL, FUTEX_BITSET_MATCH_ANY <unfinished ...>
1719  20:11:48.651633 <... pselect6 resumed>) = 1 (in [15]) <0.068021>
1719  20:11:48.651727 read(15, "\0\25\0\0", 4) = 4 <0.000016>
1719  20:11:48.651800 futex(0xffff82682858, FUTEX_WAKE_PRIVATE, 1 <unfinished ...>
1720  20:11:48.651845 <... futex resumed>) = 0 <0.067973>
1719  20:11:48.651877 <... futex resumed>) = 1 <0.000055>
1720  20:11:48.651910 futex(0xffff82682800, FUTEX_WAIT_PRIVATE, 2, NULL <unfinished ...>
1719  20:11:48.651941 futex(0xffff82682800, FUTEX_WAKE_PRIVATE, 1 <unfinished ...>
1720  20:11:48.651973 <... futex resumed>) = -1 EAGAIN (Resource temporarily unavailable) <0.000043>
1719  20:11:48.652009 <... futex resumed>) = 0 <0.000048>
1720  20:11:48.652043 futex(0xffff82682800, FUTEX_WAKE_PRIVATE, 1 <unfinished ...>
1719  20:11:48.652070 pselect6(17, [7 9 11 13 15 16], NULL, NULL, NULL, NULL <unfinished ...>
1720  20:11:48.652113 <... futex resumed>) = 0 <0.000052>
1720  20:11:48.652149 futex(0xffff8265a8c8, FUTEX_WAKE_PRIVATE, 1) = 1 <0.000016>
1720  20:11:48.652208 futex(0xffff8268285c, FUTEX_WAIT_BITSET_PRIVATE|FUTEX_CLOCK_REALTIME, 0, NULL, FUTEX_BITSET_MATCH_ANY <unfinished ...>
1711  20:11:48.652258 <... futex resumed>) = 0 <0.018760>
1711  20:11:48.652294 futex(0xffff8265a870, FUTEX_WAKE_PRIVATE, 1) = 0 <0.000014>
1711  20:11:48.652451 munmap(0xffff76a87000, 94116) = 0 <0.000050>
1711  20:11:48.652549 close(28)         = 0 <0.325898>
1711  20:11:48.978521 close(27)         = 0 <0.018895>
1711  20:11:48.997540 munmap(0xffff764ee000, 233808) = 0 <0.000059>
1711  20:11:48.997664 close(36)         = 0 <0.318250>
1711  20:11:49.315994 close(35)         = 0 <0.018897>
1711  20:11:49.335005 munmap(0xffff84822000, 112) = 0 <0.000040>
1711  20:11:49.335108 close(34)         = 0 <0.318055>
1711  20:11:49.653236 close(33)         = 0 <0.018894>
1711  20:11:49.672234 munmap(0xffff84823000, 656) = 0 <0.000039>
1711  20:11:49.672336 close(32)         = 0 <0.318063>
1711  20:11:49.990471 close(31)         = 0 <0.018893>
1711  20:11:50.009741 write(1, "   277.771215 s:  VX_ZONE_INIT:[tivxHostDeInitLocal:115] De-Initialization Done for HOST !!!\n", 93) = 93 <0.000038>
1711  20:11:50.010015 futex(0xffff8268285c, FUTEX_WAKE_PRIVATE, 1) = 1 <0.000030>
1720  20:11:50.010129 <... futex resumed>) = 0 <1.357901>
1711  20:11:50.010155 clock_nanosleep(CLOCK_REALTIME, 0, {tv_sec=0, tv_nsec=1000000},  <unfinished ...>
1720  20:11:50.010196 futex(0xffff82682800, FUTEX_WAKE_PRIVATE, 1) = 0 <0.000014>
1720  20:11:50.010279 rt_sigprocmask(SIG_BLOCK, ~[RT_1], NULL, 8) = 0 <0.000015>
1720  20:11:50.010352 madvise(0xffff782ce000, 8314880, MADV_DONTNEED) = 0 <0.000027>
1720  20:11:50.010423 exit(0)           = ?
1720  20:11:50.010504 +++ exited with 0 +++
1711  20:11:50.011261 <... clock_nanosleep resumed>0xffffe30ef9d0) = 0 <0.001070>
1711  20:11:50.011316 futex(0xffff826828e8, FUTEX_WAKE_PRIVATE, 1) = 1 <0.000026>
1721  20:11:50.011372 <... futex resumed>) = 0 <7.937883>
1711  20:11:50.011396 clock_nanosleep(CLOCK_REALTIME, 0, {tv_sec=0, tv_nsec=1000000},  <unfinished ...>
1721  20:11:50.011428 futex(0xffff82682890, FUTEX_WAKE_PRIVATE, 1) = 0 <0.000013>
1721  20:11:50.011483 rt_sigprocmask(SIG_BLOCK, ~[RT_1], NULL, 8) = 0 <0.000013>
1721  20:11:50.011548 madvise(0xffff77abe000, 8314880, MADV_DONTNEED) = 0 <0.000021>
1721  20:11:50.011610 exit(0)           = ?
1721  20:11:50.011675 +++ exited with 0 +++
1711  20:11:50.012492 <... clock_nanosleep resumed>0xffffe30ef9d0) = 0 <0.001069>
1711  20:11:50.012528 futex(0xffff82682978, FUTEX_WAKE_PRIVATE, 1) = 1 <0.000024>
1722  20:11:50.012581 <... futex resumed>) = 0 <7.934337>
1711  20:11:50.012605 clock_nanosleep(CLOCK_REALTIME, 0, {tv_sec=0, tv_nsec=1000000},  <unfinished ...>
1722  20:11:50.012636 futex(0xffff82682920, FUTEX_WAKE_PRIVATE, 1) = 0 <0.000012>
1722  20:11:50.012689 rt_sigprocmask(SIG_BLOCK, ~[RT_1], NULL, 8) = 0 <0.000012>
1722  20:11:50.012750 madvise(0xffff772ae000, 8314880, MADV_DONTNEED) = 0 <0.000021>
1722  20:11:50.012836 exit(0)           = ?
1722  20:11:50.012899 +++ exited with 0 +++
1711  20:11:50.013699 <... clock_nanosleep resumed>0xffffe30ef9d0) = 0 <0.001068>
1711  20:11:50.013735 futex(0xffff82682a08, FUTEX_WAKE_PRIVATE, 1) = 1 <0.000022>
1723  20:11:50.013787 <... futex resumed>) = 0 <7.934199>
1711  20:11:50.013812 clock_nanosleep(CLOCK_REALTIME, 0, {tv_sec=0, tv_nsec=1000000},  <unfinished ...>
1723  20:11:50.013842 futex(0xffff826829b0, FUTEX_WAKE_PRIVATE, 1) = 0 <0.000012>
1723  20:11:50.013896 rt_sigprocmask(SIG_BLOCK, ~[RT_1], NULL, 8) = 0 <0.000012>
1723  20:11:50.013957 madvise(0xffff76a9e000, 8314880, MADV_DONTNEED) = 0 <0.000018>
1723  20:11:50.014016 exit(0)           = ?
1723  20:11:50.014071 +++ exited with 0 +++
1711  20:11:50.014906 <... clock_nanosleep resumed>0xffffe30ef9e0) = 0 <0.001067>
1711  20:11:50.014972 munmap(0xffff84826000, 32) = 0 <0.000047>
1711  20:11:50.015061 munmap(0xffff84825000, 32) = 0 <0.000023>
1711  20:11:50.015124 munmap(0xffff84824000, 32) = 0 <0.000031>
1711  20:11:50.015220 write(1, "   277.776705 s:  VX_ZONE_INIT:[tivxDeInitLocal:204] De-Initialization Done !!!\n", 80) = 80 <0.000031>
1711  20:11:50.015380 write(1, "APP: Deinit ... !!!\n", 20) = 20 <0.000058>
1711  20:11:50.015517 write(1, "REMOTE_SERVICE: Deinit ... !!!\n", 31) = 31 <0.000032>
1711  20:11:50.015628 ioctl(18, RPMSG_DESTROY_EPT_IOCTL, 0) = 0 <0.018652>
1711  20:11:50.034356 close(18)         = 0 <0.008980>
1711  20:11:50.043449 ioctl(20, RPMSG_DESTROY_EPT_IOCTL, 0) = 0 <0.018666>
1711  20:11:50.062220 close(20)         = 0 <0.008926>
1711  20:11:50.071239 ioctl(22, RPMSG_DESTROY_EPT_IOCTL, 0) = 0 <0.018472>
1711  20:11:50.089807 close(22)         = 0 <0.008920>
1711  20:11:50.098830 ioctl(24, RPMSG_DESTROY_EPT_IOCTL, 0) = 0 <0.018476>
1711  20:11:50.117399 close(24)         = 0 <0.008935>
1711  20:11:50.126430 ioctl(26, RPMSG_DESTROY_EPT_IOCTL, 0) = 0 <0.018464>
1711  20:11:50.144980 close(26)         = 0 <0.008913>
1711  20:11:50.153989 write(1, "REMOTE_SERVICE: Deinit ... Done !!!\n", 36) = 36 <0.000032>
1711  20:11:50.154242 write(1, "IPC: Deinit ... !!!\n", 20) = 20 <0.000023>
1711  20:11:50.154399 write(16, "\1\0\0\0\0\0\0\0", 8) = 8 <0.000045>
1719  20:11:50.154501 <... pselect6 resumed>) = 1 (in [16]) <1.502403>
1711  20:11:50.154542 futex(0xffff792eca50, FUTEX_WAIT_BITSET|FUTEX_CLOCK_REALTIME, 1719, NULL, FUTEX_BITSET_MATCH_ANY <unfinished ...>
1719  20:11:50.154571 rt_sigprocmask(SIG_BLOCK, ~[RT_1], NULL, 8) = 0 <0.000015>
1719  20:11:50.154640 madvise(0xffff78ade000, 8314880, MADV_DONTNEED) = 0 <0.000037>
1719  20:11:50.154718 exit(0)           = ?
1711  20:11:50.154784 <... futex resumed>) = 0 <0.000219>
1719  20:11:50.154822 +++ exited with 0 +++
1711  20:11:50.154840 munmap(0xffff782ce000, 8454144) = 0 <0.000055>
1711  20:11:50.154939 close(16)         = 0 <0.000022>
1711  20:11:50.155005 ioctl(7, RPMSG_DESTROY_EPT_IOCTL, 0) = 0 <0.018789>
1711  20:11:50.173882 close(7)          = 0 <0.009114>
1711  20:11:50.183108 ioctl(9, RPMSG_DESTROY_EPT_IOCTL, 0) = 0 <0.018932>
1711  20:11:50.202190 close(9)          = 0 <0.008927>
1711  20:11:50.211211 ioctl(11, RPMSG_DESTROY_EPT_IOCTL, 0) = 0 <0.018491>
1711  20:11:50.229808 close(11)         = 0 <0.008918>
1711  20:11:50.238830 ioctl(13, RPMSG_DESTROY_EPT_IOCTL, 0) = 0 <0.018503>
1711  20:11:50.257422 close(13)         = 0 <0.008928>
1711  20:11:50.266447 ioctl(15, RPMSG_DESTROY_EPT_IOCTL, 0) = 0 <0.018497>
1711  20:11:50.285035 close(15)         = 0 <0.008925>
1711  20:11:50.294074 write(1, "IPC: DeInit ... Done !!!\n", 25) = 25 <0.000032>
1711  20:11:50.294320 write(1, "MEM: Deinit ... !!!\n", 20) = 20 <0.000024>
1711  20:11:50.294455 munmap(0xffff84821000, 4068) = 0 <0.000049>
1711  20:11:50.294571 close(42)         = 0 <0.318409>
1711  20:11:50.613057 close(41)         = 0 <0.018923>
1711  20:11:50.632071 munmap(0xffff76a62000, 150592) = 0 <0.000042>
1711  20:11:50.632174 close(30)         = 0 <0.318537>
1711  20:11:50.950785 close(29)         = 0 <0.018948>
1711  20:11:50.969842 write(1, "DDR_SHARED_MEM: Alloc's: 9 alloc's of 6292240 bytes \n", 53) = 53 <0.000034>
1711  20:11:50.970049 write(1, "DDR_SHARED_MEM: Free's : 9 free's  of 6292240 bytes \n", 53) = 53 <0.000061>
1711  20:11:50.970194 write(1, "DDR_SHARED_MEM: Open's : 0 allocs  of 0 bytes \n", 47) = 47 <0.000021>
1711  20:11:50.970312 close(5)          = 0 <0.000018>
1711  20:11:50.970387 write(1, "MEM: Deinit ... Done !!!\n", 25) = 25 <0.000019>
1711  20:11:50.970490 munmap(0xffff84828000, 4096) = 0 <0.000054>
1711  20:11:50.970591 write(1, "APP: Deinit ... Done !!!\n", 25) = 25 <0.000021>
1711  20:11:50.971377 exit_group(0)     = ?
1711  20:11:50.974329 +++ exited with 0 +++
