Rank,Function_Name,Operation_Type,Category,Score,Reasoning_Summary,Message_Structures,SMIDs_Identified
1,nvgpu_mm_pin,dma_operations,AIARelevantFunction,90,"**AIARelevantFunction Score (90)**: The function `nvgpu_mm_pin` is highly relevant to AIA operations as it deals with pinning a DMA buffer to memory, which is crucial for enabling the AI Accelerato...",[struct dma_buf; struct dma_buf_attachment; struct sg_table],[dma_address; usermode_regs_bus_addr; usermode_regs; gpu_va]
2,nvgpu_mm_pin,dma_operations,AIARelevantFunction,90,"**AIARelevantFunction Score (90)**: The function `nvgpu_mm_pin` is heavily involved in memory management for a GPU, specifically in pinning a DMA buffer to memory. It utilizes the `dma_buf_attach` ...",[struct dma_buf; struct dma_buf_attachment; struct sg_table],[dma_address; usermode_regs_bus_addr; usermode_regs; userd_iova]
3,nvgpu_usermode_buf_from_dmabuf,dma_operations,AIARelevantFunction,90,"**AIARelevantFunction Score (90)**: The function `nvgpu_usermode_buf_from_dmabuf` is heavily involved in managing DMA buffers, which are crucial for sharing memory with an AI Accelerator (AIA). It ...",[nvgpu_usermode_buf_linux; nvgpu_mem],[dma_buf; dma_buf_attachment; sg_table]
4,drivers/gpu/nvgpu/os/linux/linux-dma.c:nvgpu_dma_alloc_flags_sys,functions_by_file,AIARelevantFunction,80,"**AIARelevantFunction Score (80)**: The function `nvgpu_dma_alloc_flags_sys` is involved in allocating DMA memory, which is critical for AI Accelerator (AIA) operations. It uses `dma_alloc_attrs`, ...",[nvgpu_mem; sg_table],[gpu_va; cpu_va; size; aligned_size]
5,drivers/video/tegra/nvmap/nvmap_dmabuf.c:_nvmap_dmabuf_map_dma_buf,functions_by_file,AIARelevantFunction,80,**AIARelevantFunction Score (80)**: The function `_nvmap_dmabuf_map_dma_buf` is involved in mapping a DMA buffer for an AI Accelerator (AIA) by utilizing the `dma_buf_attachment` structure. It inte...,[struct dma_buf_attachment; struct nvmap_handle_info; struct sg_table],[dma_buf*; device*; sg_table*; nvmap_handle*]
6,drivers/video/tegra/nvmap/nvmap_alloc.c:handle_page_alloc,functions_by_file,AIARelevantFunction,80,**AIARelevantFunction Score (80)**: The function `handle_page_alloc` is involved in memory allocation for an AI Accelerator (AIA) by allocating pages and managing memory buffers. It uses functions ...,[nvmap_handle],[size; pages; vaddr; dma_buf; dma_buf_ro]
7,drivers/video/tegra/nvmap/nvmap_alloc.c:alloc_handle_from_va,functions_by_file,AIARelevantFunction,80,**AIARelevantFunction Score (80)**: The function `alloc_handle_from_va` is involved in memory management that is relevant to AI Accelerator integration. It pins user pages to memory using `nvmap_ge...,None,vaddr; size; flags
8,__dma_buf_export,dma_operations,AIARelevantFunction,80,"**AIARelevantFunction (80%)**: The function `__dma_buf_export` is involved in exporting a DMA buffer, which is a critical operation for sharing memory with an AI Accelerator (AIA). It utilizes the ...",[struct nvmap_handle_info; struct nvmap_handle],[phys_addr_t; dma_buf*; nvmap_handle*; size_t]
9,nvgpu_gpu_ioctl_register_buffer,dma_operations,AIARelevantFunction,80,**AIARelevantFunction Score (80)**: The function `nvgpu_gpu_ioctl_register_buffer` is involved in registering a buffer for use with an AI Accelerator. It utilizes the `dma_buf_get` function to obta...,[struct nvgpu_gpu_register_buffer_args],[dmabuf_fd; metadata_addr; metadata_size]
10,nvgpu_vm_map_buffer,dma_operations,AIARelevantFunction,80,"**AIARelevantFunction Score (80)**: The function `nvgpu_vm_map_buffer` is involved in mapping a DMA buffer to a virtual address space, which is critical for enabling an AI Accelerator (AIA) to acce...",[vm_gk20a_mapping_batch],[dma_buf_fd; map_addr; buffer_offset; mapping_size]
11,nvgpu_vm_map_buffer,dma_operations,AIARelevantFunction,80,"**AIARelevantFunction Score (80)**: The function `nvgpu_vm_map_buffer` is involved in mapping a DMA buffer to a virtual address space, which is critical for enabling the AI Accelerator (AIA) to acc...",[vm_gk20a_mapping_batch; dma_buf],[dma_buf->size; dma_buf->file; dma_buf->priv; vm_gk20a->handle; vm_gk20a->virtaddr_start; vm_gk20a->va_limit]
12,nvgpu_vm_map_buffer,dma_operations,AIARelevantFunction,80,"**AIARelevantFunction Score (80)**: The function `nvgpu_vm_map_buffer` is involved in mapping a DMA buffer to a virtual address space, which is critical for enabling an AI Accelerator (AIA) to acce...",[vm_gk20a_mapping_batch],[dma_buf_fd; buffer_offset; mapping_size; map_addr]
13,nvgpu_vm_map_buffer,dma_operations,AIARelevantFunction,80,"**AIARelevantFunction Score (80)**: The function `nvgpu_vm_map_buffer` is involved in mapping a DMA buffer to a virtual address space, which is critical for enabling the AI Accelerator (AIA) to acc...",[vm_gk20a_mapping_batch],[buffer_offset; mapping_size; dmabuf->size; *map_addr]
14,nvgpu_vm_map_buffer,dma_operations,AIARelevantFunction,80,"**AIARelevantFunction Score (80)**: The function `nvgpu_vm_map_buffer` is involved in mapping a DMA buffer, which is critical for enabling the AI Accelerator (AIA) to access shared memory. The func...",[vm_gk20a_mapping_batch],[dma_buf->size; dma_buf->file; buffer_offset; mapping_size]
15,nvgpu_vm_map_buffer,dma_operations,AIARelevantFunction,80,"**AIARelevantFunction Score (80)**: The function `nvgpu_vm_map_buffer` is involved in mapping a DMA buffer to a virtual memory space, which is a critical operation for enabling an AI Accelerator (A...",[vm_gk20a_mapping_batch; dma_buf],[buffer_offset; *map_addr; dmabuf->size; dmabuf->file; dmabuf->priv]
16,nvgpu_vm_map_buffer,dma_operations,AIARelevantFunction,80,"**AIARelevantFunction Score (80)**: The function `nvgpu_vm_map_buffer` is involved in mapping a DMA buffer to a virtual memory space, which is crucial for enabling an AI Accelerator (AIA) to access...",[vm_gk20a_mapping_batch],[dma_buf->size; dma_buf->file; buffer_offset; mapping_size; *map_addr]
17,nvgpu_mm_pin,dma_operations,AIARelevantFunction,80,"**AIARelevantFunction Score (80)**: The function `nvgpu_mm_pin` is involved in managing DMA buffers, which is critical for enabling the AI Accelerator (AIA) to access shared memory. It uses `dma_bu...",[struct dma_buf; struct dma_buf_attachment],[size; file; attachments; flags; dev; sgt]
18,user_copy:gk20a_channel_ioctl,user_copy_operations,AIARelevantFunction,80,"**AIARelevantFunction Score (80)**: The function `gk20a_channel_ioctl` interacts with various structures that are critical for managing GPU channels and their operations, which can include memory m...",[nvgpu_alloc_obj_ctx_args; nvgpu_channel_setup_bind_args; nvgpu_alloc_gpfifo_ex_args; nvgpu_wait_args; nvgpu_set_error_notifier; nvgpu_set_timeout_args; nvgpu_set_timeout_ex_args; nvgpu_get_param_args],[chid; tsgid; userd_dmabuf_fd; gpfifo_dmabuf_fd; userd_dmabuf_offset; gpfifo_dmabuf_offset; obj_id]
19,user_copy:gk20a_channel_ioctl,user_copy_operations,AIARelevantFunction,80,"**AIARelevantFunction Score (80)**: The function `gk20a_channel_ioctl` interacts with various structures that manage GPU channels and their operations, including memory allocation and synchronizati...",[nvgpu_alloc_obj_ctx_args; nvgpu_channel_setup_bind_args; nvgpu_alloc_gpfifo_ex_args; nvgpu_submit_gpfifo_args; nvgpu_wait_args; nvgpu_set_error_notifier; nvgpu_set_timeout_args; nvgpu_set_timeout_ex_args; nvgpu_get_param_args],[chid; tsgid; userd_dmabuf_fd; gpfifo_dmabuf_fd; userd_dmabuf_offset; gpfifo_dmabuf_offset; timeout]
20,user_copy:gk20a_as_dev_ioctl,user_copy_operations,AIARelevantFunction,80,**AIARelevantFunction Score (80)**: The function `gk20a_as_dev_ioctl` interacts with various memory management operations that are relevant for an AI Accelerator (AIA). It handles memory allocation...,[struct nvgpu_as_bind_channel_args; struct nvgpu32_as_alloc_space_args; struct nvgpu_as_alloc_space_args; struct nvgpu_as_free_space_args; struct nvgpu_as_map_buffer_ex_args; struct nvgpu_as_unmap_buffer_args; struct nvgpu_as_get_va_regions_args; struct nvgpu_as_map_buffer_batch_args; struct nvgpu_as_get_sync_ro_map_args; struct nvgpu_as_mapping_modify_args; struct nvgpu_as_remap_args],[channel_fd; pages; page_size; flags; offset; buffer_offset; buffer_size; base_gpuva; num_syncpoints]
21,user_copy:gk20a_as_dev_ioctl,user_copy_operations,AIARelevantFunction,80,**AIARelevantFunction Score (80)**: The function `gk20a_as_dev_ioctl` interacts with various memory management operations that are relevant for an AI Accelerator (AIA). It handles memory allocation...,[nvgpu_as_bind_channel_args; nvgpu32_as_alloc_space_args; nvgpu_as_alloc_space_args; nvgpu_as_free_space_args; nvgpu_as_map_buffer_ex_args; nvgpu_as_unmap_buffer_args; nvgpu_as_get_va_regions_args; nvgpu_as_map_buffer_batch_args; nvgpu_as_get_sync_ro_map_args; nvgpu_as_mapping_modify_args; nvgpu_as_remap_args],[channel_fd; pages; page_size; flags; buffer_offset; mapping_size; offset; base_gpuva; sync_size; num_syncpoints]
22,user_copy:nvmap_ioctl_create_from_va,user_copy_operations,AIARelevantFunction,80,"**AIARelevantFunction Score (80)**: The function `nvmap_ioctl_create_from_va` is involved in creating a handle from a virtual address, which is a critical operation for sharing memory with an AI Ac...",[nvmap_create_handle_from_va],[handle; fd; va; size; flags]
23,user_copy:nvmap_ioctl_create_from_va,user_copy_operations,AIARelevantFunction,80,"**AIARelevantFunction (80%)**: The function `nvmap_ioctl_create_from_va` is involved in creating a handle for a virtual address, which is a critical operation for managing shared memory between the...",[struct nvmap_create_handle_from_va],[op.handle; op.va; op.size; op.size64; fd]
24,gk20a_channel_ioctl,ioctl_operations,AIARelevantFunction,80,"**AIARelevantFunction Score (80)**: The function `gk20a_channel_ioctl` interacts with various structures that are relevant for managing channels and memory operations, which are critical for AI Acc...",[nvgpu_alloc_obj_ctx_args; nvgpu_channel_setup_bind_args; nvgpu_alloc_gpfifo_ex_args; nvgpu_wait_args; nvgpu_set_error_notifier; nvgpu_set_timeout_args; nvgpu_set_timeout_ex_args; nvgpu_get_param_args],[chid; tsgid; userd_dmabuf_fd; gpfifo_dmabuf_fd; userd_dmabuf_offset; gpfifo_dmabuf_offset; timeout; flags]
25,drivers/gpu/nvgpu/os/linux/linux-dma.c:nvgpu_dma_alloc_no_iommu,functions_by_file,AIARelevantFunction,70,"**AIARelevantFunction Score (70%)**: The function `nvgpu_dma_alloc_no_iommu` is involved in memory allocation that could be relevant for an AI Accelerator (AIA) context, particularly in terms of ma...",None,None
26,drivers/gpu/nvgpu/os/linux/linux-dma.c:nvgpu_get_sgtable_from_pages,functions_by_file,AIARelevantFunction,70,**AIARelevantFunction Score (70)**: The function `nvgpu_get_sgtable_from_pages` is involved in managing memory for an AI Accelerator (AIA) by allocating a scatter-gather table (`sg_table`) from use...,None,None
27,drivers/video/tegra/nvmap/nvmap_dmabuf.c:nvmap_dmabuf_mmap,functions_by_file,AIARelevantFunction,70,"**AIARelevantFunction Score (70%)**: The function `nvmap_dmabuf_mmap` is responsible for mapping a DMA buffer to a virtual memory area. It utilizes the `__nvmap_map` function, which likely interact...",None,None
28,nvmap_handle_get_from_id,dma_operations,AIARelevantFunction,70,"**AIARelevantFunction Score (70)**: The function `nvmap_handle_get_from_id` interacts with DMA buffers, which are crucial for memory management in AI Accelerator contexts. It uses `dma_buf_get` and...",[nvmap_handle_info; nvmap_handle; dma_buf],[dma_buf*; nvmap_handle*; nvmap_client*; size_t; u32]
29,nvmap_handle_get_from_id,dma_operations,AIARelevantFunction,70,"**AIARelevantFunction Score (70)**: The function `nvmap_handle_get_from_id` interacts with DMA buffers, which are crucial for memory management in AI Accelerator contexts. It uses `dma_buf_get` and...",[struct nvmap_handle_info; struct dma_buf],[dma_buf*; nvmap_handle*; nvmap_client*; size_t; u32]
30,nvgpu_gpu_ioctl_register_buffer,dma_operations,AIARelevantFunction,70,"**AIARelevantFunction Score (70)**: The function `nvgpu_gpu_ioctl_register_buffer` interacts with a DMA buffer, which is relevant for AI Accelerator integration. It uses `dma_buf_get()` to obtain a...",[struct nvgpu_gpu_register_buffer_args],[dmabuf_fd; metadata_addr; metadata_size]
31,gk20a_init_error_notifier,dma_operations,AIARelevantFunction,70,"**AIARelevantFunction Score (70)**: The function `gk20a_init_error_notifier` interacts with a DMA buffer through the `dma_buf_get` and `dma_buf_put` functions, which are relevant for managing share...",struct nvgpu_set_error_notifier; struct nvgpu_notification,mem (memory handle); offset; size
32,nvgpu_os_channel_free_usermode_buffers,dma_operations,AIARelevantFunction,70,**AIARelevantFunction Score (70%)**: The function `nvgpu_os_channel_free_usermode_buffers` is involved in managing user-mode buffers associated with a GPU channel. It interacts with `dma_buf` struc...,[gpfifo_desc; nvgpu_usermode_buf_linux],[dma_buf; dma_buf_attachment; sg_table]
33,nvgpu_os_channel_free_usermode_buffers,dma_operations,AIARelevantFunction,70,**AIARelevantFunction Score (70)**: The function `nvgpu_os_channel_free_usermode_buffers` is involved in managing user-mode buffers associated with a GPU channel. It interacts with DMA buffers thro...,[nvgpu_usermode_buf_linux; gpfifo_desc],[dma_buf; attachment; sgt; userd_iova; userd_mem]
34,user_copy:nvmap_ioctl_create,user_copy_operations,AIARelevantFunction,70,**AIARelevantFunction Score (70)**: The function `nvmap_ioctl_create` is involved in creating a handle for a shared memory buffer that can be used by an AI Accelerator (AIA). It interacts with DMA ...,[nvmap_create_handle],[handle; handle64; fd; size; orig_size]
35,user_copy:nvmap_install_fd,user_copy_operations,AIARelevantFunction,70,"**AIARelevantFunction Score (70)**: The function `nvmap_install_fd` interacts with a `dma_buf`, which is a critical structure for managing shared memory buffers between the CPU and devices like AI ...",[nvmap_handle_info; dma_buf],[file descriptor (fd); dma_buf; nvmap_handle]
36,user_copy:nvgpu_gpu_ioctl_register_buffer,user_copy_operations,AIARelevantFunction,70,"**AIARelevantFunction Score (70)**: The function `nvgpu_gpu_ioctl_register_buffer` interacts with a DMA buffer, which is relevant for AI Accelerator integration. It utilizes `dma_buf_get` to retrie...",[struct nvgpu_gpu_register_buffer_args],[dmabuf_fd; metadata_addr; metadata_size; flags]
37,nvmap_ioctl,ioctl_operations,AIARelevantFunction,70,**AIARelevantFunction Score (70)**: The function `nvmap_ioctl` is involved in handling various IOCTL commands that can potentially relate to memory management for an AI Accelerator (AIA). The prese...,[struct nvmap_rw_handle; struct nvmap_rw_handle_32; struct nvmap_cache_op; struct nvmap_cache_op_32; struct nvmap_cache_op_64],[addr; handle; offset; elem_size; hmem_stride; user_stride; count; len]
38,gk20a_ctrl_dev_ioctl,ioctl_operations,AIARelevantFunction,70,**AIARelevantFunction Score (70)**: The function `gk20a_ctrl_dev_ioctl` interacts with various GPU operations and handles memory management through user commands. It does not directly manage shared...,[nvgpu_gpu_zcull_get_ctx_size_args; nvgpu_gpu_zcull_get_info_args; nvgpu_gpu_zbc_set_table_args; nvgpu_gpu_zbc_query_table_args; nvgpu_gpu_get_characteristics; nvgpu_gpu_prepare_compressible_read_args; nvgpu_gpu_mark_compressible_write_args; nvgpu_alloc_as_args; nvgpu_gpu_open_tsg_args; nvgpu_gpu_get_tpc_masks_args; nvgpu_gpu_get_fbp_l2_masks_args; nvgpu_channel_open_args; nvgpu_gpu_l2_fb_args; nvgpu_gpu_mmu_debug_mode_args; nvgpu_gpu_sm_debug_mode_args],[gpu_instance_id; gr_instance_id; va_range_start; va_range_end; va_range_split; as_fd; handle; mask_buf_addr]
39,gk20a_as_dev_ioctl,ioctl_operations,AIARelevantFunction,70,**AIARelevantFunction Score (70%)**: The function `gk20a_as_dev_ioctl` interacts with various memory management operations that are relevant for an AI Accelerator (AIA). It handles memory allocatio...,[nvgpu_as_alloc_space_args; nvgpu32_as_alloc_space_args; nvgpu_as_free_space_args; nvgpu_as_map_buffer_ex_args; nvgpu_as_unmap_buffer_args; nvgpu_as_get_va_regions_args; nvgpu_as_map_buffer_batch_args; nvgpu_as_get_sync_ro_map_args; nvgpu_as_mapping_modify_args; nvgpu_as_remap_args],[offset; pages; page_size; buffer_offset; buffer_size; base_gpuva; sync_size; num_syncpoints; num_maps; num_unmaps]
40,gk20a_as_ioctl_get_va_regions,ioctl_operations,AIARelevantFunction,70,**AIARelevantFunction Score (70)**: The function `gk20a_as_ioctl_get_va_regions` is involved in managing virtual address regions for an AI accelerator. It interacts with user space by copying data ...,[struct nvgpu_as_get_va_regions_args; struct nvgpu_as_va_region],[buf_addr; buf_size; offset; pages]
41,nvmap_ioctl_create,ioctl_operations,AIARelevantFunction,70,**AIARelevantFunction (70%)**: The function `nvmap_ioctl_create` is involved in creating a handle for a memory buffer that can be shared with an AI Accelerator (AIA). It interacts with DMA buffers ...,[nvmap_create_handle],[handle; handle64; fd; size; orig_size; vaddr]
42,nvmap_ioctl_alloc,ioctl_operations,AIARelevantFunction,70,"**AIARelevantFunction Score (70)**: The function `nvmap_ioctl_alloc` is involved in memory allocation for an AI Accelerator (AIA) by interacting with the `nvmap_alloc_handle` structure, which conta...",[struct nvmap_alloc_handle],[handle; heap_mask; flags; align; size; orig_size; vaddr]
43,nvgpu_gpu_ioctl_register_buffer,ioctl_operations,AIARelevantFunction,70,"**AIARelevantFunction Score (70)**: The function `nvgpu_gpu_ioctl_register_buffer` interacts with a DMA buffer, which is relevant for AI Accelerator integration. It uses `dma_buf_get` to retrieve a...",[nvgpu_gpu_register_buffer_args],[dmabuf_fd; metadata_addr; metadata_size]
44,gk20a_as_ioctl_map_buffer_ex,ioctl_operations,AIARelevantFunction,70,"**AIARelevantFunction Score (70)**: The function `gk20a_as_ioctl_map_buffer_ex` interacts with the AI Accelerator by mapping a buffer, which is a critical operation for shared memory access. It use...",[nvgpu_as_map_buffer_ex_args],[dmabuf_fd; buffer_offset; mapping_size; offset]
45,nvmap_ioctl_create_from_va,ioctl_operations,AIARelevantFunction,70,"**AIARelevantFunction Score (70%)**: The function `nvmap_ioctl_create_from_va` is involved in creating a handle from a virtual address, which is relevant for memory management in the context of AI ...",[nvmap_create_handle_from_va],[handle; fd; va; size; flags]
46,drivers/video/tegra/nvmap/nvmap_alloc.c:alloc_handle,functions_by_file,AIARelevantFunction,60,**AIARelevantFunction Score (60)**: The function alloc_handle is primarily responsible for allocating memory handles for the NVMAP (NVIDIA Memory Map) client. It interacts with memory management fu...,[None identified],[None identified]
47,nvmap_handle_get_from_id,dma_operations,AIARelevantFunction,60,"**AIARelevantFunction Score (60)**: The function `nvmap_handle_get_from_id` interacts with DMA buffers through the `dma_buf` structure, which is relevant for AI Accelerator integration. It retrieve...",[struct nvmap_handle_info; struct nvmap_handle; struct dma_buf],[dma_buf; nvmap_handle; nvmap_client]
48,nvmap_handle_get_from_id,dma_operations,AIARelevantFunction,60,"**AIARelevantFunction Score (60)**: The function `nvmap_handle_get_from_id` interacts with DMA buffers, which are crucial for memory management in AI Accelerator contexts. It retrieves a `dma_buf` ...",[struct nvmap_handle_info; struct nvmap_handle; struct dma_buf],[dma_buf; nvmap_handle; nvmap_client; file descriptor]
49,nvmap_get_dmabuf_fd,dma_operations,AIARelevantFunction,60,"**AIARelevantFunction Score (60)**: The function `nvmap_get_dmabuf_fd` is involved in managing DMA buffers, which is relevant for AI Accelerator integration. It utilizes the `__nvmap_dmabuf_export`...",[struct dma_buf],[fd; dma_buf; size; file]
50,user_copy:nvmap_ioctl_create,user_copy_operations,AIARelevantFunction,60,"**AIARelevantFunction Score (60%)**: The function `nvmap_ioctl_create` interacts with memory management and handles DMA buffers, which are relevant for AI Accelerator integration. It creates handle...",[nvmap_create_handle],[handle; fd; size; orig_size]
51,user_copy:nvmap_ioctl_alloc,user_copy_operations,AIARelevantFunction,60,"**AIARelevantFunction Score (60)**: The function `nvmap_ioctl_alloc` is involved in memory allocation for an AI Accelerator (AIA) context, specifically through the use of the `nvmap_alloc_handle` s...",[nvmap_alloc_handle],[handle; heap_mask; flags; align; size; orig_size; vaddr]
52,gk20a_as_ioctl_alloc_space,ioctl_operations,AIARelevantFunction,60,"**AIARelevantFunction Score (60)**: The function `gk20a_as_ioctl_alloc_space` is involved in allocating space for shared memory, which is relevant for AI Accelerator integration. It utilizes the `n...",[nvgpu_as_alloc_space_args],[pages; page_size; flags]
53,drivers/video/tegra/nvmap/nvmap_dmabuf.c:_nvmap_dmabuf_unmap_dma_buf,functions_by_file,AIARelevantFunction,20,"**AIARelevantFunction (20%)**: The function `_nvmap_dmabuf_unmap_dma_buf` primarily deals with unmapping a DMA buffer from a device. While it interacts with DMA buffers and handles, it does not dir...",[struct nvmap_handle_info; struct dma_buf_attachment; struct sg_table],[dma_buf; dma_buf_attachment; sg_table; nvmap_handle]
54,drivers/gpu/nvgpu/os/linux/linux-dma.c:nvgpu_iommuable,functions_by_file,AIARelevantFunction,0,**AIARelevantFunction Score (0%)**: The function `nvgpu_iommuable` does not involve any operations related to shared memory management or direct interactions with an AI Accelerator (AIA). It primar...,None,None
55,drivers/gpu/nvgpu/os/linux/linux-dma.c:nvgpu_dma_free_sys,functions_by_file,AIARelevantFunction,0,**AIARelevantFunction Score (0%)**: The function `nvgpu_dma_free_sys` is primarily focused on freeing DMA memory associated with the GPU. It does not involve any operations that directly relate to ...,None,None
56,drivers/gpu/nvgpu/os/linux/linux-dma.c:nvgpu_dma_free_no_iommu,functions_by_file,AIARelevantFunction,0,**AIARelevantFunction Score (0%)**: The function `nvgpu_dma_free_no_iommu` is primarily focused on freeing DMA memory without IOMMU support. It does not involve any operations related to shared mem...,None,None
57,drivers/gpu/nvgpu/os/linux/linux-dma.c:nvgpu_free_sgtable,functions_by_file,AIARelevantFunction,0,**AIARelevantFunction Score (0)**: The function `nvgpu_free_sgtable` does not interact with an AI Accelerator (AIA) or perform any operations related to shared memory management for an AIA. It simp...,None,None
58,drivers/gpu/nvgpu/os/linux/linux-dma.c:nvgpu_dma_flags_to_attrs,functions_by_file,AIARelevantFunction,0,**AIARelevantFunction Score (0%)**: The function `nvgpu_dma_flags_to_attrs` does not interact with shared memory or AI Accelerator (AIA) specific operations. It primarily translates DMA flags into ...,None,None
59,drivers/gpu/nvgpu/os/linux/platform_gk20a_tegra.c:gk20a_tegra_idle,functions_by_file,AIARelevantFunction,0,**AIARelevantFunction Score (0%)**: The function `gk20a_tegra_idle` does not interact with shared memory or perform any operations related to AI Accelerator integration. It primarily logs an entry ...,None,None
60,drivers/gpu/nvgpu/os/linux/platform_gk20a_tegra.c:gk20a_tegra_busy,functions_by_file,AIARelevantFunction,0,**AIARelevantFunction Score (0%)**: The function `gk20a_tegra_busy` does not interact with shared memory or perform any operations related to an AI Accelerator (AIA). It primarily checks if the `nv...,None,None
61,drivers/video/tegra/nvmap/nvmap_dmabuf.c:dmabuf_is_nvmap,functions_by_file,AIARelevantFunction,0,**AIARelevantFunction Score (0%)**: The function `dmabuf_is_nvmap` does not interact with shared memory or AI Accelerator (AIA) functionalities. It simply checks if the `exp_name` field of the `dma...,None,None
62,drivers/video/tegra/nvmap/nvmap_dmabuf.c:nvmap_get_dmabuf_fd,functions_by_file,AIARelevantFunction,0,**AIARelevantFunction Score (0%)**: The function `nvmap_get_dmabuf_fd` does not directly interact with an AI Accelerator (AIA) or shared memory (SMem) management. It primarily deals with exporting ...,None,None
63,drivers/video/tegra/nvmap/nvmap_dmabuf.c:nvmap_dmabuf_attach,functions_by_file,AIARelevantFunction,0,**AIARelevantFunction Score (0)**: The function `nvmap_dmabuf_attach` does not directly involve any operations related to sharing memory with an AI Accelerator (AIA). It simply calls another functi...,None,None
64,drivers/video/tegra/nvmap/nvmap_dmabuf.c:nvmap_dmabuf_vmap,functions_by_file,AIARelevantFunction,0,**AIARelevantFunction Score (0)**: The function `nvmap_dmabuf_vmap` does not involve any operations that directly relate to sharing memory with an AI Accelerator (AIA). It primarily focuses on mapp...,None,None
65,drivers/video/tegra/nvmap/nvmap_dmabuf.c:nvmap_dmabuf_get_drv_data,functions_by_file,AIARelevantFunction,0,**AIARelevantFunction Score (0%)**: The function `nvmap_dmabuf_get_drv_data` does not involve any operations related to sharing memory with an AI Accelerator (AIA). It primarily retrieves driver-sp...,None,None
66,drivers/video/tegra/nvmap/nvmap_dmabuf.c:nvmap_dmabuf_detach,functions_by_file,AIARelevantFunction,0,**AIARelevantFunction Score (0)**: The function `nvmap_dmabuf_detach` does not involve any operations related to sharing memory with an AI Accelerator (AIA). It primarily deals with detaching a DMA...,None,None
67,drivers/video/tegra/nvmap/nvmap_dmabuf.c:nvmap_dmabuf_release,functions_by_file,AIARelevantFunction,0,**AIARelevantFunction Score (0)**: The function `nvmap_dmabuf_release` does not involve any operations related to sharing memory with an AI Accelerator (AIA). It primarily deals with releasing a DM...,None,None
68,drivers/video/tegra/nvmap/nvmap_dmabuf.c:nvmap_dmabuf_vunmap,functions_by_file,AIARelevantFunction,0,**AIARelevantFunction Score (0)**: The function `nvmap_dmabuf_vunmap` does not directly involve any operations that share memory with an AI Accelerator (AIA). It primarily deals with unmapping a DM...,None,None
69,drivers/video/tegra/nvmap/nvmap_alloc.c:nvmap_alloc_handle,functions_by_file,AIARelevantFunction,0,**AIARelevantFunction Score (0)**: The function `nvmap_alloc_handle` does not interact with an AI Accelerator (AIA) or shared memory (SMem) directly. It primarily focuses on allocating a handle for...,None,None
70,drivers/video/tegra/nvmap/nvmap_alloc.c:nvmap_altalloc,functions_by_file,AIARelevantFunction,0,**AIARelevantFunction Score (0)**: The function `nvmap_altalloc` does not interact with any AI Accelerator (AIA) relevant operations. It is primarily focused on memory allocation using `vzalloc` an...,None,None
71,drivers/video/tegra/nvmap/nvmap_alloc.c:nvmap_alloc_pages_exact,functions_by_file,AIARelevantFunction,0,"**AIARelevantFunction Score (0)**: The function `nvmap_alloc_pages_exact` is primarily focused on memory allocation using the `alloc_pages` function, which is part of the Linux kernel's memory mana...",None,None
72,drivers/video/tegra/nvmap/nvmap_alloc.c:is_nvmap_id_ro,functions_by_file,AIARelevantFunction,0,**AIARelevantFunction Score (0%)**: The function `is_nvmap_id_ro` does not interact with an AI Accelerator (AIA) or shared memory (SMem) directly. It primarily deals with checking if a given NVMAP ...,None,None
73,drivers/video/tegra/nvmap/nvmap_alloc.c:nvmap_altfree,functions_by_file,AIARelevantFunction,0,**AIARelevantFunction Score (0)**: The function `nvmap_altfree` does not interact with any AI Accelerator (AIA) relevant operations. It is primarily focused on freeing memory based on the size of t...,None,None
74,drivers/video/tegra/nvmap/nvmap_alloc.c:nvmap_alloc_handle_from_va,functions_by_file,AIARelevantFunction,0,**AIARelevantFunction Score (0)**: The function `nvmap_alloc_handle_from_va` does not directly interact with an AI Accelerator (AIA) or perform operations related to shared memory management that w...,None,None
75,drivers/video/tegra/nvmap/nvmap_alloc.c:nvmap_free_handle_from_fd,functions_by_file,AIARelevantFunction,0,**AIARelevantFunction Score (0%)**: The function `nvmap_free_handle_from_fd` does not interact with an AI Accelerator (AIA) or shared memory (SMem) directly. It primarily deals with freeing a handl...,None,None
76,drivers/video/tegra/nvmap/nvmap_alloc.c:nvmap_free_handle,functions_by_file,AIARelevantFunction,0,**AIARelevantFunction Score (0%)**: The function `nvmap_free_handle` does not interact with an AI Accelerator (AIA) or shared memory (SMem) directly. It primarily deals with freeing a handle associ...,None,None
77,drivers/video/tegra/nvmap/nvmap_alloc.c:_nvmap_handle_free,functions_by_file,AIARelevantFunction,0,**AIARelevantFunction Score (0%)**: The function `_nvmap_handle_free` does not interact with an AI Accelerator (AIA) or shared memory (SMem) directly. It primarily deals with freeing resources asso...,None,None
78,drivers/video/tegra/nvmap/nvmap_alloc.c:nvmap_heap_pgfree,functions_by_file,AIARelevantFunction,0,**AIARelevantFunction Score (0%)**: The function `nvmap_heap_pgfree` does not involve any operations related to sharing memory with an AI Accelerator (AIA). It primarily focuses on freeing DMA memo...,None,None
79,drivers/video/tegra/nvmap/nvmap_alloc.c:nvmap_heap_pgalloc_dev,functions_by_file,AIARelevantFunction,0,**AIARelevantFunction Score (0)**: The function `nvmap_heap_pgalloc_dev` does not involve any operations related to shared memory (SMem) with an AI Accelerator (AIA). It primarily focuses on alloca...,None,None
80,nvgpu_dma_free_sys,dma_operations,AIARelevantFunction,0,**AIARelevantFunction Score (0%)**: The function `nvgpu_dma_free_sys` is primarily focused on freeing DMA memory and managing memory resources associated with the GPU. It does not involve any opera...,None,None
81,is_nvmap_id_ro,dma_operations,AIARelevantFunction,0,**AIARelevantFunction Score (0%)**: The function `is_nvmap_id_ro` does not interact with an AI Accelerator (AIA) or shared memory (SMem) directly. It primarily deals with checking if a given NVMAP ...,None,None
82,nvmap_ioctl_getfd,dma_operations,AIARelevantFunction,0,**AIARelevantFunction Score (0)**: The function `nvmap_ioctl_getfd` does not directly interact with an AI Accelerator (AIA) or manage shared memory (SMem) in a way that would qualify it as an AIA r...,[nvmap_create_handle],[fd; handle]
83,gk20a_init_error_notifier,dma_operations,AIARelevantFunction,0,**AIARelevantFunction Score (0)**: The function `gk20a_init_error_notifier` does not directly interact with an AI Accelerator (AIA) or manage shared memory (SMem) in a way that would qualify it as ...,[nvgpu_set_error_notifier; nvgpu_notification],[mem; vaddr; notification]
84,gk20a_channel_free_error_notifiers,dma_operations,AIARelevantFunction,0,**AIARelevantFunction Score (0)**: The function `gk20a_channel_free_error_notifiers` does not involve any operations that directly relate to sharing memory with an AI Accelerator (AIA). It primaril...,None,None
85,gk20a_init_error_notifier,dma_operations,AIARelevantFunction,0,**AIARelevantFunction Score (0)**: The function `gk20a_init_error_notifier` does not directly interact with an AI Accelerator (AIA) or manage shared memory in a way that would qualify it as an AIA ...,[struct nvgpu_set_error_notifier; struct nvgpu_notification],[mem (memory handle); offset; size]
86,nvgpu_mm_unpin,dma_operations,AIARelevantFunction,0,**AIARelevantFunction Score (0)**: The function `nvgpu_mm_unpin` does not involve any operations that directly relate to sharing memory with an AI Accelerator (AIA). It primarily deals with unmappi...,None,None
87,nvgpu_mm_unpin,dma_operations,AIARelevantFunction,0,**AIARelevantFunction Score (0)**: The function `nvgpu_mm_unpin` does not involve any operations that directly relate to sharing memory with an AI Accelerator (AIA). The function primarily deals wi...,None,None
88,nvgpu_vm_unmap_system,dma_operations,AIARelevantFunction,0,**AIARelevantFunction Score (0%)**: The function `nvgpu_vm_unmap_system` does not involve any operations that directly relate to sharing memory with an AI Accelerator (AIA). It primarily deals with...,None,None
89,nvmap_free_handle,dma_operations,AIARelevantFunction,0,**AIARelevantFunction Score (0%)**: The function `nvmap_free_handle` does not interact with an AI Accelerator (AIA) or shared memory management relevant to AIA operations. It primarily deals with f...,None,None
90,nvmap_free_handle,dma_operations,AIARelevantFunction,0,**AIARelevantFunction Score (0)**: The function `nvmap_free_handle` does not interact with an AI Accelerator (AIA) or shared memory management that would typically involve functions like `get_user_...,None,None
91,nvmap_ioctl_free,dma_operations,AIARelevantFunction,0,**AIARelevantFunction Score (0)**: The function `nvmap_ioctl_free` does not directly involve any operations related to sharing memory with an AI Accelerator (AIA). It primarily deals with freeing a...,[None identified],[None identified]
92,nvmap_ioctl_free,dma_operations,AIARelevantFunction,0,**AIARelevantFunction Score (0%)**: The function `nvmap_ioctl_free` does not interact with an AI Accelerator (AIA) or shared memory (SMem) directly. It primarily deals with freeing a DMA buffer ass...,[None identified],[None identified]
93,destroy_client,dma_operations,AIARelevantFunction,0,**AIARelevantFunction Score (0%)**: The `destroy_client` function does not interact with any AI Accelerator (AIA) relevant functions or memory management patterns typically associated with AIA inte...,None,None
94,destroy_client,dma_operations,AIARelevantFunction,0,**AIARelevantFunction Score (0%)**: The `destroy_client` function does not involve any operations related to sharing memory with an AI Accelerator (AIA). It primarily focuses on cleaning up resourc...,None,None
95,user_copy:nvgpu_channel_copy_user_gpfifo,user_copy_operations,AIARelevantFunction,0,**AIARelevantFunction Score (0)**: The function `nvgpu_channel_copy_user_gpfifo` does not directly interact with an AI Accelerator (AIA) or perform operations that are typical for AIA memory manage...,[struct nvgpu_gpfifo_userdata],[None identified]
96,user_copy:nvmap_ioctl_get_available_heaps,user_copy_operations,AIARelevantFunction,0,**AIARelevantFunction Score (0)**: The function `nvmap_ioctl_get_available_heaps` does not involve any operations that directly relate to sharing memory with an AI Accelerator (AIA). It primarily r...,[struct nvmap_available_heaps],[None identified]
97,user_copy:gk20a_power_write,user_copy_operations,AIARelevantFunction,0,**AIARelevantFunction Score (0)**: The function `gk20a_power_write` does not involve any operations related to sharing memory with an AI Accelerator (AIA). It primarily handles power management for...,None,None
98,user_copy:gk20a_ctrl_dev_ioctl,user_copy_operations,AIARelevantFunction,0,**AIARelevantFunction Score (0)**: The function `gk20a_ctrl_dev_ioctl` does not directly involve operations related to sharing memory with an AI Accelerator (AIA). It primarily handles various IOCT...,[nvgpu_gpu_zcull_get_ctx_size_args; nvgpu_gpu_zcull_get_info_args; nvgpu_gpu_zbc_set_table_args; nvgpu_gpu_zbc_query_table_args; nvgpu_gpu_get_characteristics; nvgpu_gpu_prepare_compressible_read_args; nvgpu_gpu_mark_compressible_write_args; nvgpu_alloc_as_args; nvgpu_gpu_open_tsg_args; nvgpu_gpu_get_tpc_masks_args; nvgpu_gpu_get_fbp_l2_masks_args; nvgpu_channel_open_args; nvgpu_gpu_l2_fb_args; nvgpu_gpu_mmu_debug_mode_args; nvgpu_gpu_sm_debug_mode_args],[as_fd; va_range_start; va_range_end; va_range_split; gpu_characteristics_buf_addr; handle; offset; zbc_color]
99,user_copy:gk20a_ctrl_ioctl_gpu_characteristics,user_copy_operations,AIARelevantFunction,0,**AIARelevantFunction Score (0)**: The function `gk20a_ctrl_ioctl_gpu_characteristics` does not directly involve sharing memory with an AI Accelerator (AIA). It primarily retrieves GPU characterist...,[struct nvgpu_gpu_get_characteristics],[gpu_characteristics_buf_addr; gpu_characteristics_buf_size]
100,user_copy:gk20a_ctrl_dev_ioctl,user_copy_operations,AIARelevantFunction,0,**AIARelevantFunction Score (0)**: The function `gk20a_ctrl_dev_ioctl` does not directly interact with an AI Accelerator (AIA) or manage shared memory (SMem) for an AIA. It primarily serves as an i...,[nvgpu_gpu_zcull_get_ctx_size_args; nvgpu_gpu_zcull_get_info_args; nvgpu_gpu_zbc_set_table_args; nvgpu_gpu_zbc_query_table_args; nvgpu_gpu_get_characteristics; nvgpu_gpu_prepare_compressible_read_args; nvgpu_gpu_mark_compressible_write_args; nvgpu_alloc_as_args; nvgpu_gpu_open_tsg_args; nvgpu_gpu_get_tpc_masks_args; nvgpu_gpu_get_fbp_l2_masks_args; nvgpu_channel_open_args; nvgpu_gpu_l2_fb_args; nvgpu_gpu_mmu_debug_mode_args; nvgpu_gpu_sm_debug_mode_args],[as_fd; va_range_start; va_range_end; va_range_split; gpu_characteristics_buf_addr; handle; offset; compbits_hoffset; compbits_voffset; zbc_color; tsg_fd; mask_buf_addr]
101,user_copy:gk20a_ctrl_get_tpc_masks,user_copy_operations,AIARelevantFunction,0,**AIARelevantFunction Score (0)**: The function `gk20a_ctrl_get_tpc_masks` does not interact with an AI Accelerator (AIA) directly. It primarily handles user space requests to copy data related to ...,[struct nvgpu_gpu_get_tpc_masks_args],[mask_buf_addr]
102,user_copy:gk20a_ctrl_get_fbp_l2_masks,user_copy_operations,AIARelevantFunction,0,**AIARelevantFunction Score (0%)**: The function `gk20a_ctrl_get_fbp_l2_masks` does not interact with an AI Accelerator (AIA) or shared memory (SMem) in a manner typical of AIA relevant functions. ...,[struct nvgpu_gpu_get_fbp_l2_masks_args],[mask_buf_addr; mask_buf_size]
103,user_copy:gk20a_ctrl_vsm_mapping,user_copy_operations,AIARelevantFunction,0,**AIARelevantFunction Score (0)**: The function `gk20a_ctrl_vsm_mapping` does not directly interact with an AI Accelerator (AIA) or perform operations that would typically be associated with memory...,[struct nvgpu_gpu_vsms_mapping],[vsms_map_buf_addr]
104,user_copy:nvgpu_gpu_get_engine_info,user_copy_operations,AIARelevantFunction,0,**AIARelevantFunction Score (0)**: The function `nvgpu_gpu_get_engine_info` does not interact with an AI Accelerator (AIA) or manage shared memory (SMem) in a way that would be relevant to AIA oper...,[struct nvgpu_gpu_get_engine_info_args; struct nvgpu_gpu_get_engine_info_item],[engine_info_buf_addr; engine_info_buf_size; engine_id; runlist_id]
105,user_copy:nvgpu_gpu_clk_get_range,user_copy_operations,AIARelevantFunction,0,**AIARelevantFunction (0%)**: The function `nvgpu_gpu_clk_get_range` does not directly involve sharing memory with an AI Accelerator (AIA). It primarily deals with retrieving clock range informatio...,[struct nvgpu_gpu_clk_range_args; struct nvgpu_gpu_clk_range],[clk_range_entries; min_hz; max_hz; clk_domain]
106,user_copy:gk20a_as_ioctl_get_va_regions,user_copy_operations,AIARelevantFunction,0,**AIARelevantFunction Score (0)**: The function `gk20a_as_ioctl_get_va_regions` does not directly interact with an AI Accelerator (AIA) or manage shared memory between the CPU and AIA. It primarily...,[struct nvgpu_as_get_va_regions_args; struct nvgpu_as_va_region],[buf_addr; offset; pages]
107,user_copy:nvmap_ioctl_query_heap_params,user_copy_operations,AIARelevantFunction,0,**AIARelevantFunction Score (0)**: The function `nvmap_ioctl_query_heap_params` does not directly interact with an AI Accelerator (AIA) or perform operations related to shared memory management for...,[struct nvmap_query_heap_params],[heap_mask; total; free; largest_free_block]
108,user_copy:nvmap_ioctl_query_heap_params,user_copy_operations,AIARelevantFunction,0,**AIARelevantFunction Score (0)**: The function `nvmap_ioctl_query_heap_params` does not directly interact with an AI Accelerator (AIA) or perform operations related to shared memory management for...,[struct nvmap_query_heap_params],[heap_mask; total; free; largest_free_block]
109,user_copy:nvgpu_gpu_clk_get_info,user_copy_operations,AIARelevantFunction,0,**AIARelevantFunction Score (0)**: The function `nvgpu_gpu_clk_get_info` does not interact with an AI Accelerator (AIA) or shared memory (SMem) directly. It primarily deals with clock information r...,[struct nvgpu_gpu_clk_get_info_args; struct nvgpu_gpu_clk_info],[clk_info_entries]
110,user_copy:nvgpu_gpu_clk_get_info,user_copy_operations,AIARelevantFunction,0,**AIARelevantFunction Score (0)**: The function `nvgpu_gpu_clk_get_info` does not directly interact with an AI Accelerator (AIA) or manage shared memory between the CPU and AIA. It primarily deals ...,[nvgpu_gpu_clk_get_info_args; nvgpu_gpu_clk_info],[clk_info_entries; clk_domain; freq_hz]
111,user_copy:nvmap_ioctl_getfd,user_copy_operations,AIARelevantFunction,0,**AIARelevantFunction Score (0)**: The function `nvmap_ioctl_getfd` does not directly interact with an AI Accelerator (AIA) or shared memory management patterns typical for AIA integration. It prim...,[nvmap_create_handle],[handle; fd]
112,user_copy:nvgpu_ioctl_tsg_dev_ioctl,user_copy_operations,AIARelevantFunction,0,**AIARelevantFunction Score (0)**: The function `nvgpu_ioctl_tsg_dev_ioctl` does not directly interact with an AI Accelerator (AIA) or manage shared memory (SMem) for an AIA. It primarily handles I...,[nvgpu_tsg_bind_channel_ex_args; nvgpu_event_id_ctrl_args; nvgpu_runlist_interleave_args; nvgpu_timeslice_args; nvgpu_tsg_read_single_sm_error_state_args; nvgpu_tsg_l2_max_ways_evict_last_args; nvgpu_tsg_set_l2_sector_promotion_args],[channel_fd; event_id; timeslice_us; max_ways; promotion_flag]
113,user_copy:nvgpu_ioctl_tsg_dev_ioctl,user_copy_operations,AIARelevantFunction,0,**AIARelevantFunction Score (0)**: The function `nvgpu_ioctl_tsg_dev_ioctl` does not directly interact with an AI Accelerator (AIA) or manage shared memory (SMem) in a way that would qualify it as ...,[nvgpu_tsg_bind_channel_ex_args; nvgpu_event_id_ctrl_args; nvgpu_runlist_interleave_args; nvgpu_timeslice_args; nvgpu_tsg_read_single_sm_error_state_args; nvgpu_tsg_l2_max_ways_evict_last_args; nvgpu_tsg_set_l2_sector_promotion_args],[channel_fd; event_fd; record_mem; record_size; max_ways; promotion_flag]
114,gk20a_dbg_gpu_dev_release,ioctl_operations,AIARelevantFunction,0,"**AIARelevantFunction Score (0%)**: The function `gk20a_dbg_gpu_dev_release` does not interact with any AI Accelerator (AIA) relevant memory management functions such as pinning user pages, obtaini...",None,None
115,gk20a_ctrl_dev_release,ioctl_operations,AIARelevantFunction,0,**AIARelevantFunction Score (0%)**: The function `gk20a_ctrl_dev_release` does not interact with shared memory or perform any operations related to an AI Accelerator (AIA). It primarily handles the...,None,None
116,gk20a_ioctl_channel_submit_gpfifo,ioctl_operations,AIARelevantFunction,0,**AIARelevantFunction Score (0)**: The function `gk20a_ioctl_channel_submit_gpfifo` does not directly involve sharing memory with an AI Accelerator (AIA) or managing DMA buffers. It primarily handl...,[nvgpu_submit_gpfifo_args; nvgpu_gpfifo_userdata],[fence.id; fence.value; args.gpfifo]
117,nvmap_open,ioctl_operations,AIARelevantFunction,0,**AIARelevantFunction Score (0)**: The `nvmap_open` function does not involve any operations related to shared memory (SMem) with an AI Accelerator (AIA). It primarily handles the opening of a devi...,None,None
118,nvmap_ioctl_get_available_heaps,ioctl_operations,AIARelevantFunction,0,"**AIARelevantFunction Score (0)**: The function `nvmap_ioctl_get_available_heaps` does not directly interact with an AI Accelerator (AIA) or perform operations related to shared memory management, ...",[struct nvmap_available_heaps],[None identified]
119,gk20a_power_open,ioctl_operations,AIARelevantFunction,0,**AIARelevantFunction Score (0%)**: The function `gk20a_power_open` does not involve any operations related to shared memory management or interactions with an AI Accelerator (AIA). It primarily de...,None,None
120,gk20a_power_release,ioctl_operations,AIARelevantFunction,0,**AIARelevantFunction Score (0%)**: The function `gk20a_power_release` does not interact with shared memory or perform any operations related to an AI Accelerator (AIA). It primarily handles the re...,None,None
121,gk20a_ctrl_dev_open,ioctl_operations,AIARelevantFunction,0,**AIARelevantFunction Score (0%)**: The function `gk20a_ctrl_dev_open` does not directly interact with shared memory or perform operations that would typically be associated with an AI Accelerator ...,None,None
122,gk20a_ctrl_ioctl_gpu_characteristics,ioctl_operations,AIARelevantFunction,0,**AIARelevantFunction Score (0)**: The function `gk20a_ctrl_ioctl_gpu_characteristics` does not involve any operations related to sharing memory with an AI Accelerator (AIA). It primarily retrieves...,[struct nvgpu_gpu_get_characteristics; struct nvgpu_gpu_characteristics],[gpu_characteristics_buf_addr; gpu_instance_id; gr_instance_id]
123,nvgpu_ctrl_ioctl_gpu_characteristics_flags,ioctl_operations,AIARelevantFunction,0,**AIARelevantFunction Score (0%)**: The function `nvgpu_ctrl_ioctl_gpu_characteristics_flags` does not involve any operations related to shared memory management or direct interaction with an AI Ac...,None,None
124,nvgpu_get_ioctl_graphics_preempt_mode_flags,ioctl_operations,AIARelevantFunction,0,**AIARelevantFunction Score (0)**: The function `nvgpu_get_ioctl_graphics_preempt_mode_flags` does not interact with shared memory or AI Accelerator (AIA) functionalities. It simply processes a fla...,None,None
125,nvgpu_get_ioctl_compute_preempt_mode_flags,ioctl_operations,AIARelevantFunction,0,"**AIARelevantFunction Score (0)**: The function `nvgpu_get_ioctl_compute_preempt_mode_flags` does not involve any operations related to shared memory management, DMA, or memory mapping that are typ...",None,None
126,nvgpu_get_ioctl_graphics_preempt_mode,ioctl_operations,AIARelevantFunction,0,**AIARelevantFunction Score (0)**: The function `nvgpu_get_ioctl_graphics_preempt_mode` does not involve any operations related to shared memory (SMem) with an AI Accelerator (AIA). It simply retur...,None,None
127,nvgpu_get_ioctl_compute_preempt_mode,ioctl_operations,AIARelevantFunction,0,**AIARelevantFunction Score (0)**: The function `nvgpu_get_ioctl_compute_preempt_mode` does not involve any operations related to shared memory (SMem) with an AI Accelerator (AIA). It simply transl...,None,None
128,nvgpu_as_ioctl_get_sync_ro_map,ioctl_operations,AIARelevantFunction,0,**AIARelevantFunction Score (0%)**: The function `nvgpu_as_ioctl_get_sync_ro_map` does not directly interact with shared memory or AI Accelerator (AIA) memory management functions such as pinning u...,[struct nvgpu_as_get_sync_ro_map_args],[base_gpuva; sync_size; num_syncpoints]
129,nvmap_ioctl_query_heap_params,ioctl_operations,AIARelevantFunction,0,**AIARelevantFunction Score (0)**: The function `nvmap_ioctl_query_heap_params` does not interact with an AI Accelerator (AIA) or shared memory (SMem) directly. It primarily queries heap parameters...,[struct nvmap_query_heap_params],[heap_mask; total; free; largest_free_block]
130,nvmap_ioctl_getfd,ioctl_operations,AIARelevantFunction,0,**AIARelevantFunction Score (0)**: The function `nvmap_ioctl_getfd` does not directly interact with an AI Accelerator (AIA) or shared memory management for an AIA. It primarily deals with file desc...,[struct nvmap_create_handle],[op.fd; op.handle]
131,nvgpu_ioctl_tsg_open,ioctl_operations,AIARelevantFunction,0,**AIARelevantFunction Score (0%)**: The function `nvgpu_ioctl_tsg_open` does not directly involve any operations related to shared memory management or interactions with an AI Accelerator (AIA). It...,None,None
132,nvgpu_ioctl_channel_get_user_syncpoint,ioctl_operations,AIARelevantFunction,0,"**AIARelevantFunction Score (0%)**: The function `nvgpu_ioctl_channel_get_user_syncpoint` does not directly involve sharing memory with an AI Accelerator (AIA). Instead, it focuses on managing user...",[struct nvgpu_get_user_syncpoint_args],[syncpoint_id; gpu_va]
133,nvgpu_ioctl_channel_alloc_obj_ctx,ioctl_operations,AIARelevantFunction,0,**AIARelevantFunction Score (0%)**: The function `nvgpu_ioctl_channel_alloc_obj_ctx` does not directly involve any operations related to sharing memory with an AI Accelerator (AIA). It primarily fo...,None,None
134,gk20a_channel_open_ioctl,ioctl_operations,AIARelevantFunction,0,**AIARelevantFunction Score (0)**: The function `gk20a_channel_open_ioctl` does not directly interact with shared memory or AI Accelerator (AIA) specific memory management functions. It primarily f...,[nvgpu_channel_open_args],[channel_fd]
135,gk20a_as_ioctl_bind_channel,ioctl_operations,AIARelevantFunction,0,**AIARelevantFunction Score (0%)**: The function `gk20a_as_ioctl_bind_channel` does not involve any operations related to sharing memory with an AI Accelerator (AIA). It primarily focuses on bindin...,None,None
136,nvgpu_ioctl_tsg_dev_ioctl,ioctl_operations,AIARelevantFunction,0,**AIARelevantFunction Score (0)**: The function `nvgpu_ioctl_tsg_dev_ioctl` does not directly interact with an AI Accelerator (AIA) or manage shared memory (SMem) in a way that would qualify it as ...,[nvgpu_tsg_bind_channel_ex_args; nvgpu_tsg_bind_scheduling_domain_args; nvgpu_runlist_interleave_args; nvgpu_timeslice_args; nvgpu_tsg_read_single_sm_error_state_args; nvgpu_tsg_l2_max_ways_evict_last_args; nvgpu_tsg_set_l2_sector_promotion_args],[channel_fd; domain_fd; timeslice_us; sm_id; record_mem; record_size; max_ways; promotion_flag]
137,gk20a_tsg_ioctl_bind_channel_ex,ioctl_operations,AIARelevantFunction,0,**AIARelevantFunction Score (0%)**: The function `gk20a_tsg_ioctl_bind_channel_ex` does not directly interact with an AI Accelerator (AIA) or shared memory management patterns typically associated ...,[nvgpu_tsg_bind_channel_ex_args],[channel_fd; subcontext_id]
138,nvgpu_gpu_ioctl_set_l2_max_ways_evict_last,ioctl_operations,AIARelevantFunction,0,**AIARelevantFunction Score (0)**: The function `nvgpu_gpu_ioctl_set_l2_max_ways_evict_last` does not involve any operations related to shared memory (SMem) with an AI Accelerator (AIA). It primari...,None,None
139,gk20a_as_ioctl_unmap_buffer,ioctl_operations,AIARelevantFunction,0,**AIARelevantFunction Score (0%)**: The function `gk20a_as_ioctl_unmap_buffer` does not involve any operations that directly relate to sharing memory with an AI Accelerator (AIA). It primarily hand...,None,None
140,nvmap_ioctl_free,ioctl_operations,AIARelevantFunction,0,**AIARelevantFunction Score (0%)**: The function `nvmap_ioctl_free` does not directly interact with an AI Accelerator (AIA) or manage shared memory between the CPU and an AIA. It primarily deals wi...,[struct nvmap_client; struct dma_buf],[file descriptor (fd); dma_buf pointer]
141,nvmap_release,ioctl_operations,AIARelevantFunction,0,**AIARelevantFunction Score (0)**: The `nvmap_release` function does not involve any operations related to shared memory management or interactions with an AI Accelerator (AIA). It primarily focuse...,None,None
142,gk20a_event_id_release,ioctl_operations,AIARelevantFunction,0,"**AIARelevantFunction Score (0%)**: The function `gk20a_event_id_release` does not interact with any AI Accelerator (AIA) relevant functions such as memory mapping, DMA operations, or shared memory...",None,None
143,gk20a_channel_release,ioctl_operations,AIARelevantFunction,0,**AIARelevantFunction Score (0%)**: The function `gk20a_channel_release` does not involve any operations related to shared memory management or interactions with an AI Accelerator (AIA). It primari...,None,None
144,nvgpu_ioctl_tsg_dev_release,ioctl_operations,AIARelevantFunction,0,**AIARelevantFunction Score (0%)**: The function `nvgpu_ioctl_tsg_dev_release` does not involve any operations related to sharing memory with an AI Accelerator (AIA). It primarily deals with releas...,None,None
145,nvgpu_ioctl_tsg_release,ioctl_operations,AIARelevantFunction,0,**AIARelevantFunction Score (0%)**: The function `nvgpu_ioctl_tsg_release` does not involve any operations related to shared memory (SMem) with an AI Accelerator (AIA). It primarily deals with rele...,None,None
146,gk20a_as_dev_release,ioctl_operations,AIARelevantFunction,0,**AIARelevantFunction Score (0)**: The function `gk20a_as_dev_release` does not interact with any AI Accelerator (AIA) relevant functions. It primarily deals with releasing a shared resource associ...,None,None
1,nvmap_ioctl_getfd,dma_operations,Relevant_KD_Entry_Point,100,**AIARelevantFunction Score (0)**: The function `nvmap_ioctl_getfd` does not directly interact with an AI Accelerator (AIA) or manage shared memory (SMem) in a way that would qualify it as an AIA r...,[nvmap_create_handle],[fd; handle]
2,user_copy:nvmap_ioctl_get_available_heaps,user_copy_operations,Relevant_KD_Entry_Point,100,**AIARelevantFunction Score (0)**: The function `nvmap_ioctl_get_available_heaps` does not involve any operations that directly relate to sharing memory with an AI Accelerator (AIA). It primarily r...,[struct nvmap_available_heaps],[None identified]
3,user_copy:gk20a_ctrl_ioctl_gpu_characteristics,user_copy_operations,Relevant_KD_Entry_Point,100,**AIARelevantFunction Score (0)**: The function `gk20a_ctrl_ioctl_gpu_characteristics` does not directly involve sharing memory with an AI Accelerator (AIA). It primarily retrieves GPU characterist...,[struct nvgpu_gpu_get_characteristics],[gpu_characteristics_buf_addr; gpu_characteristics_buf_size]
4,user_copy:nvmap_ioctl_query_heap_params,user_copy_operations,Relevant_KD_Entry_Point,100,**AIARelevantFunction Score (0)**: The function `nvmap_ioctl_query_heap_params` does not directly interact with an AI Accelerator (AIA) or perform operations related to shared memory management for...,[struct nvmap_query_heap_params],[heap_mask; total; free; largest_free_block]
5,user_copy:nvmap_ioctl_query_heap_params,user_copy_operations,Relevant_KD_Entry_Point,100,**AIARelevantFunction Score (0)**: The function `nvmap_ioctl_query_heap_params` does not directly interact with an AI Accelerator (AIA) or perform operations related to shared memory management for...,[struct nvmap_query_heap_params],[heap_mask; total; free; largest_free_block]
6,user_copy:nvgpu_ioctl_tsg_dev_ioctl,user_copy_operations,Relevant_KD_Entry_Point,100,**AIARelevantFunction Score (0)**: The function `nvgpu_ioctl_tsg_dev_ioctl` does not directly interact with an AI Accelerator (AIA) or manage shared memory (SMem) in a way that would qualify it as ...,[nvgpu_tsg_bind_channel_ex_args; nvgpu_event_id_ctrl_args; nvgpu_runlist_interleave_args; nvgpu_timeslice_args; nvgpu_tsg_read_single_sm_error_state_args; nvgpu_tsg_l2_max_ways_evict_last_args; nvgpu_tsg_set_l2_sector_promotion_args],[channel_fd; event_fd; record_mem; record_size; max_ways; promotion_flag]
7,gk20a_ioctl_channel_submit_gpfifo,ioctl_operations,Relevant_KD_Entry_Point,100,**AIARelevantFunction Score (0)**: The function `gk20a_ioctl_channel_submit_gpfifo` does not directly involve sharing memory with an AI Accelerator (AIA) or managing DMA buffers. It primarily handl...,[nvgpu_submit_gpfifo_args; nvgpu_gpfifo_userdata],[fence.id; fence.value; args.gpfifo]
8,nvmap_ioctl_get_available_heaps,ioctl_operations,Relevant_KD_Entry_Point,100,"**AIARelevantFunction Score (0)**: The function `nvmap_ioctl_get_available_heaps` does not directly interact with an AI Accelerator (AIA) or perform operations related to shared memory management, ...",[struct nvmap_available_heaps],[None identified]
9,gk20a_ctrl_dev_open,ioctl_operations,Relevant_KD_Entry_Point,100,**AIARelevantFunction Score (0%)**: The function `gk20a_ctrl_dev_open` does not directly interact with shared memory or perform operations that would typically be associated with an AI Accelerator ...,None,None
10,gk20a_ctrl_ioctl_gpu_characteristics,ioctl_operations,Relevant_KD_Entry_Point,100,**AIARelevantFunction Score (0)**: The function `gk20a_ctrl_ioctl_gpu_characteristics` does not involve any operations related to sharing memory with an AI Accelerator (AIA). It primarily retrieves...,[struct nvgpu_gpu_get_characteristics; struct nvgpu_gpu_characteristics],[gpu_characteristics_buf_addr; gpu_instance_id; gr_instance_id]
11,nvgpu_as_ioctl_get_sync_ro_map,ioctl_operations,Relevant_KD_Entry_Point,100,**AIARelevantFunction Score (0%)**: The function `nvgpu_as_ioctl_get_sync_ro_map` does not directly interact with shared memory or AI Accelerator (AIA) memory management functions such as pinning u...,[struct nvgpu_as_get_sync_ro_map_args],[base_gpuva; sync_size; num_syncpoints]
12,nvmap_ioctl_query_heap_params,ioctl_operations,Relevant_KD_Entry_Point,100,**AIARelevantFunction Score (0)**: The function `nvmap_ioctl_query_heap_params` does not interact with an AI Accelerator (AIA) or shared memory (SMem) directly. It primarily queries heap parameters...,[struct nvmap_query_heap_params],[heap_mask; total; free; largest_free_block]
13,nvmap_ioctl_getfd,ioctl_operations,Relevant_KD_Entry_Point,100,**AIARelevantFunction Score (0)**: The function `nvmap_ioctl_getfd` does not directly interact with an AI Accelerator (AIA) or shared memory management for an AIA. It primarily deals with file desc...,[struct nvmap_create_handle],[op.fd; op.handle]
14,nvgpu_ioctl_tsg_open,ioctl_operations,Relevant_KD_Entry_Point,100,**AIARelevantFunction Score (0%)**: The function `nvgpu_ioctl_tsg_open` does not directly involve any operations related to shared memory management or interactions with an AI Accelerator (AIA). It...,None,None
15,nvgpu_ioctl_channel_get_user_syncpoint,ioctl_operations,Relevant_KD_Entry_Point,100,"**AIARelevantFunction Score (0%)**: The function `nvgpu_ioctl_channel_get_user_syncpoint` does not directly involve sharing memory with an AI Accelerator (AIA). Instead, it focuses on managing user...",[struct nvgpu_get_user_syncpoint_args],[syncpoint_id; gpu_va]
16,gk20a_as_ioctl_bind_channel,ioctl_operations,Relevant_KD_Entry_Point,100,**AIARelevantFunction Score (0%)**: The function `gk20a_as_ioctl_bind_channel` does not involve any operations related to sharing memory with an AI Accelerator (AIA). It primarily focuses on bindin...,None,None
17,nvgpu_ioctl_tsg_dev_ioctl,ioctl_operations,Relevant_KD_Entry_Point,100,**AIARelevantFunction Score (0)**: The function `nvgpu_ioctl_tsg_dev_ioctl` does not directly interact with an AI Accelerator (AIA) or manage shared memory (SMem) in a way that would qualify it as ...,[nvgpu_tsg_bind_channel_ex_args; nvgpu_tsg_bind_scheduling_domain_args; nvgpu_runlist_interleave_args; nvgpu_timeslice_args; nvgpu_tsg_read_single_sm_error_state_args; nvgpu_tsg_l2_max_ways_evict_last_args; nvgpu_tsg_set_l2_sector_promotion_args],[channel_fd; domain_fd; timeslice_us; sm_id; record_mem; record_size; max_ways; promotion_flag]
18,gk20a_tsg_ioctl_bind_channel_ex,ioctl_operations,Relevant_KD_Entry_Point,100,**AIARelevantFunction Score (0%)**: The function `gk20a_tsg_ioctl_bind_channel_ex` does not directly interact with an AI Accelerator (AIA) or shared memory management patterns typically associated ...,[nvgpu_tsg_bind_channel_ex_args],[channel_fd; subcontext_id]
19,nvgpu_gpu_ioctl_set_l2_max_ways_evict_last,ioctl_operations,Relevant_KD_Entry_Point,100,**AIARelevantFunction Score (0)**: The function `nvgpu_gpu_ioctl_set_l2_max_ways_evict_last` does not involve any operations related to shared memory (SMem) with an AI Accelerator (AIA). It primari...,None,None
20,nvgpu_gpu_ioctl_register_buffer,dma_operations,Relevant_KD_Entry_Point,90,"**AIARelevantFunction Score (70)**: The function `nvgpu_gpu_ioctl_register_buffer` interacts with a DMA buffer, which is relevant for AI Accelerator integration. It uses `dma_buf_get()` to obtain a...",[struct nvgpu_gpu_register_buffer_args],[dmabuf_fd; metadata_addr; metadata_size]
21,nvgpu_gpu_ioctl_register_buffer,dma_operations,Relevant_KD_Entry_Point,90,**AIARelevantFunction Score (80)**: The function `nvgpu_gpu_ioctl_register_buffer` is involved in registering a buffer for use with an AI Accelerator. It utilizes the `dma_buf_get` function to obta...,[struct nvgpu_gpu_register_buffer_args],[dmabuf_fd; metadata_addr; metadata_size]
22,nvgpu_vm_map_buffer,dma_operations,Relevant_KD_Entry_Point,90,"**AIARelevantFunction Score (80)**: The function `nvgpu_vm_map_buffer` is involved in mapping a DMA buffer to a virtual address space, which is critical for enabling the AI Accelerator (AIA) to acc...",[vm_gk20a_mapping_batch; dma_buf],[dma_buf->size; dma_buf->file; dma_buf->priv; vm_gk20a->handle; vm_gk20a->virtaddr_start; vm_gk20a->va_limit]
23,user_copy:gk20a_channel_ioctl,user_copy_operations,Relevant_KD_Entry_Point,90,"**AIARelevantFunction Score (80)**: The function `gk20a_channel_ioctl` interacts with various structures that are critical for managing GPU channels and their operations, which can include memory m...",[nvgpu_alloc_obj_ctx_args; nvgpu_channel_setup_bind_args; nvgpu_alloc_gpfifo_ex_args; nvgpu_wait_args; nvgpu_set_error_notifier; nvgpu_set_timeout_args; nvgpu_set_timeout_ex_args; nvgpu_get_param_args],[chid; tsgid; userd_dmabuf_fd; gpfifo_dmabuf_fd; userd_dmabuf_offset; gpfifo_dmabuf_offset; obj_id]
24,user_copy:gk20a_channel_ioctl,user_copy_operations,Relevant_KD_Entry_Point,90,"**AIARelevantFunction Score (80)**: The function `gk20a_channel_ioctl` interacts with various structures that manage GPU channels and their operations, including memory allocation and synchronizati...",[nvgpu_alloc_obj_ctx_args; nvgpu_channel_setup_bind_args; nvgpu_alloc_gpfifo_ex_args; nvgpu_submit_gpfifo_args; nvgpu_wait_args; nvgpu_set_error_notifier; nvgpu_set_timeout_args; nvgpu_set_timeout_ex_args; nvgpu_get_param_args],[chid; tsgid; userd_dmabuf_fd; gpfifo_dmabuf_fd; userd_dmabuf_offset; gpfifo_dmabuf_offset; timeout]
25,user_copy:gk20a_ctrl_dev_ioctl,user_copy_operations,Relevant_KD_Entry_Point,90,**AIARelevantFunction Score (0)**: The function `gk20a_ctrl_dev_ioctl` does not directly involve operations related to sharing memory with an AI Accelerator (AIA). It primarily handles various IOCT...,[nvgpu_gpu_zcull_get_ctx_size_args; nvgpu_gpu_zcull_get_info_args; nvgpu_gpu_zbc_set_table_args; nvgpu_gpu_zbc_query_table_args; nvgpu_gpu_get_characteristics; nvgpu_gpu_prepare_compressible_read_args; nvgpu_gpu_mark_compressible_write_args; nvgpu_alloc_as_args; nvgpu_gpu_open_tsg_args; nvgpu_gpu_get_tpc_masks_args; nvgpu_gpu_get_fbp_l2_masks_args; nvgpu_channel_open_args; nvgpu_gpu_l2_fb_args; nvgpu_gpu_mmu_debug_mode_args; nvgpu_gpu_sm_debug_mode_args],[as_fd; va_range_start; va_range_end; va_range_split; gpu_characteristics_buf_addr; handle; offset; zbc_color]
26,user_copy:gk20a_ctrl_dev_ioctl,user_copy_operations,Relevant_KD_Entry_Point,90,**AIARelevantFunction Score (0)**: The function `gk20a_ctrl_dev_ioctl` does not directly interact with an AI Accelerator (AIA) or manage shared memory (SMem) for an AIA. It primarily serves as an i...,[nvgpu_gpu_zcull_get_ctx_size_args; nvgpu_gpu_zcull_get_info_args; nvgpu_gpu_zbc_set_table_args; nvgpu_gpu_zbc_query_table_args; nvgpu_gpu_get_characteristics; nvgpu_gpu_prepare_compressible_read_args; nvgpu_gpu_mark_compressible_write_args; nvgpu_alloc_as_args; nvgpu_gpu_open_tsg_args; nvgpu_gpu_get_tpc_masks_args; nvgpu_gpu_get_fbp_l2_masks_args; nvgpu_channel_open_args; nvgpu_gpu_l2_fb_args; nvgpu_gpu_mmu_debug_mode_args; nvgpu_gpu_sm_debug_mode_args],[as_fd; va_range_start; va_range_end; va_range_split; gpu_characteristics_buf_addr; handle; offset; compbits_hoffset; compbits_voffset; zbc_color; tsg_fd; mask_buf_addr]
27,user_copy:gk20a_as_dev_ioctl,user_copy_operations,Relevant_KD_Entry_Point,90,**AIARelevantFunction Score (80)**: The function `gk20a_as_dev_ioctl` interacts with various memory management operations that are relevant for an AI Accelerator (AIA). It handles memory allocation...,[struct nvgpu_as_bind_channel_args; struct nvgpu32_as_alloc_space_args; struct nvgpu_as_alloc_space_args; struct nvgpu_as_free_space_args; struct nvgpu_as_map_buffer_ex_args; struct nvgpu_as_unmap_buffer_args; struct nvgpu_as_get_va_regions_args; struct nvgpu_as_map_buffer_batch_args; struct nvgpu_as_get_sync_ro_map_args; struct nvgpu_as_mapping_modify_args; struct nvgpu_as_remap_args],[channel_fd; pages; page_size; flags; offset; buffer_offset; buffer_size; base_gpuva; num_syncpoints]
28,user_copy:gk20a_as_dev_ioctl,user_copy_operations,Relevant_KD_Entry_Point,90,**AIARelevantFunction Score (80)**: The function `gk20a_as_dev_ioctl` interacts with various memory management operations that are relevant for an AI Accelerator (AIA). It handles memory allocation...,[nvgpu_as_bind_channel_args; nvgpu32_as_alloc_space_args; nvgpu_as_alloc_space_args; nvgpu_as_free_space_args; nvgpu_as_map_buffer_ex_args; nvgpu_as_unmap_buffer_args; nvgpu_as_get_va_regions_args; nvgpu_as_map_buffer_batch_args; nvgpu_as_get_sync_ro_map_args; nvgpu_as_mapping_modify_args; nvgpu_as_remap_args],[channel_fd; pages; page_size; flags; buffer_offset; mapping_size; offset; base_gpuva; sync_size; num_syncpoints]
29,user_copy:nvmap_ioctl_create,user_copy_operations,Relevant_KD_Entry_Point,90,**AIARelevantFunction Score (70)**: The function `nvmap_ioctl_create` is involved in creating a handle for a shared memory buffer that can be used by an AI Accelerator (AIA). It interacts with DMA ...,[nvmap_create_handle],[handle; handle64; fd; size; orig_size]
30,user_copy:nvmap_ioctl_create,user_copy_operations,Relevant_KD_Entry_Point,90,"**AIARelevantFunction Score (60%)**: The function `nvmap_ioctl_create` interacts with memory management and handles DMA buffers, which are relevant for AI Accelerator integration. It creates handle...",[nvmap_create_handle],[handle; fd; size; orig_size]
31,user_copy:nvmap_ioctl_alloc,user_copy_operations,Relevant_KD_Entry_Point,90,"**AIARelevantFunction Score (60)**: The function `nvmap_ioctl_alloc` is involved in memory allocation for an AI Accelerator (AIA) context, specifically through the use of the `nvmap_alloc_handle` s...",[nvmap_alloc_handle],[handle; heap_mask; flags; align; size; orig_size; vaddr]
32,user_copy:nvmap_ioctl_getfd,user_copy_operations,Relevant_KD_Entry_Point,90,**AIARelevantFunction Score (0)**: The function `nvmap_ioctl_getfd` does not directly interact with an AI Accelerator (AIA) or shared memory management patterns typical for AIA integration. It prim...,[nvmap_create_handle],[handle; fd]
33,user_copy:nvgpu_gpu_ioctl_register_buffer,user_copy_operations,Relevant_KD_Entry_Point,90,"**AIARelevantFunction Score (70)**: The function `nvgpu_gpu_ioctl_register_buffer` interacts with a DMA buffer, which is relevant for AI Accelerator integration. It utilizes `dma_buf_get` to retrie...",[struct nvgpu_gpu_register_buffer_args],[dmabuf_fd; metadata_addr; metadata_size; flags]
34,user_copy:nvgpu_ioctl_tsg_dev_ioctl,user_copy_operations,Relevant_KD_Entry_Point,90,**AIARelevantFunction Score (0)**: The function `nvgpu_ioctl_tsg_dev_ioctl` does not directly interact with an AI Accelerator (AIA) or manage shared memory (SMem) for an AIA. It primarily handles I...,[nvgpu_tsg_bind_channel_ex_args; nvgpu_event_id_ctrl_args; nvgpu_runlist_interleave_args; nvgpu_timeslice_args; nvgpu_tsg_read_single_sm_error_state_args; nvgpu_tsg_l2_max_ways_evict_last_args; nvgpu_tsg_set_l2_sector_promotion_args],[channel_fd; event_id; timeslice_us; max_ways; promotion_flag]
35,user_copy:nvmap_ioctl_create_from_va,user_copy_operations,Relevant_KD_Entry_Point,90,"**AIARelevantFunction Score (80)**: The function `nvmap_ioctl_create_from_va` is involved in creating a handle from a virtual address, which is a critical operation for sharing memory with an AI Ac...",[nvmap_create_handle_from_va],[handle; fd; va; size; flags]
36,user_copy:nvmap_ioctl_create_from_va,user_copy_operations,Relevant_KD_Entry_Point,90,"**AIARelevantFunction (80%)**: The function `nvmap_ioctl_create_from_va` is involved in creating a handle for a virtual address, which is a critical operation for managing shared memory between the...",[struct nvmap_create_handle_from_va],[op.handle; op.va; op.size; op.size64; fd]
37,gk20a_channel_ioctl,ioctl_operations,Relevant_KD_Entry_Point,90,"**AIARelevantFunction Score (80)**: The function `gk20a_channel_ioctl` interacts with various structures that are relevant for managing channels and memory operations, which are critical for AI Acc...",[nvgpu_alloc_obj_ctx_args; nvgpu_channel_setup_bind_args; nvgpu_alloc_gpfifo_ex_args; nvgpu_wait_args; nvgpu_set_error_notifier; nvgpu_set_timeout_args; nvgpu_set_timeout_ex_args; nvgpu_get_param_args],[chid; tsgid; userd_dmabuf_fd; gpfifo_dmabuf_fd; userd_dmabuf_offset; gpfifo_dmabuf_offset; timeout; flags]
38,nvmap_ioctl,ioctl_operations,Relevant_KD_Entry_Point,90,**AIARelevantFunction Score (70)**: The function `nvmap_ioctl` is involved in handling various IOCTL commands that can potentially relate to memory management for an AI Accelerator (AIA). The prese...,[struct nvmap_rw_handle; struct nvmap_rw_handle_32; struct nvmap_cache_op; struct nvmap_cache_op_32; struct nvmap_cache_op_64],[addr; handle; offset; elem_size; hmem_stride; user_stride; count; len]
39,gk20a_ctrl_dev_ioctl,ioctl_operations,Relevant_KD_Entry_Point,90,**AIARelevantFunction Score (70)**: The function `gk20a_ctrl_dev_ioctl` interacts with various GPU operations and handles memory management through user commands. It does not directly manage shared...,[nvgpu_gpu_zcull_get_ctx_size_args; nvgpu_gpu_zcull_get_info_args; nvgpu_gpu_zbc_set_table_args; nvgpu_gpu_zbc_query_table_args; nvgpu_gpu_get_characteristics; nvgpu_gpu_prepare_compressible_read_args; nvgpu_gpu_mark_compressible_write_args; nvgpu_alloc_as_args; nvgpu_gpu_open_tsg_args; nvgpu_gpu_get_tpc_masks_args; nvgpu_gpu_get_fbp_l2_masks_args; nvgpu_channel_open_args; nvgpu_gpu_l2_fb_args; nvgpu_gpu_mmu_debug_mode_args; nvgpu_gpu_sm_debug_mode_args],[gpu_instance_id; gr_instance_id; va_range_start; va_range_end; va_range_split; as_fd; handle; mask_buf_addr]
40,gk20a_as_dev_ioctl,ioctl_operations,Relevant_KD_Entry_Point,90,**AIARelevantFunction Score (70%)**: The function `gk20a_as_dev_ioctl` interacts with various memory management operations that are relevant for an AI Accelerator (AIA). It handles memory allocatio...,[nvgpu_as_alloc_space_args; nvgpu32_as_alloc_space_args; nvgpu_as_free_space_args; nvgpu_as_map_buffer_ex_args; nvgpu_as_unmap_buffer_args; nvgpu_as_get_va_regions_args; nvgpu_as_map_buffer_batch_args; nvgpu_as_get_sync_ro_map_args; nvgpu_as_mapping_modify_args; nvgpu_as_remap_args],[offset; pages; page_size; buffer_offset; buffer_size; base_gpuva; sync_size; num_syncpoints; num_maps; num_unmaps]
41,gk20a_as_ioctl_get_va_regions,ioctl_operations,Relevant_KD_Entry_Point,90,**AIARelevantFunction Score (70)**: The function `gk20a_as_ioctl_get_va_regions` is involved in managing virtual address regions for an AI accelerator. It interacts with user space by copying data ...,[struct nvgpu_as_get_va_regions_args; struct nvgpu_as_va_region],[buf_addr; buf_size; offset; pages]
42,nvmap_ioctl_create,ioctl_operations,Relevant_KD_Entry_Point,90,**AIARelevantFunction (70%)**: The function `nvmap_ioctl_create` is involved in creating a handle for a memory buffer that can be shared with an AI Accelerator (AIA). It interacts with DMA buffers ...,[nvmap_create_handle],[handle; handle64; fd; size; orig_size; vaddr]
43,nvmap_ioctl_alloc,ioctl_operations,Relevant_KD_Entry_Point,90,"**AIARelevantFunction Score (70)**: The function `nvmap_ioctl_alloc` is involved in memory allocation for an AI Accelerator (AIA) by interacting with the `nvmap_alloc_handle` structure, which conta...",[struct nvmap_alloc_handle],[handle; heap_mask; flags; align; size; orig_size; vaddr]
44,nvgpu_gpu_ioctl_register_buffer,ioctl_operations,Relevant_KD_Entry_Point,90,"**AIARelevantFunction Score (70)**: The function `nvgpu_gpu_ioctl_register_buffer` interacts with a DMA buffer, which is relevant for AI Accelerator integration. It uses `dma_buf_get` to retrieve a...",[nvgpu_gpu_register_buffer_args],[dmabuf_fd; metadata_addr; metadata_size]
45,gk20a_as_ioctl_map_buffer_ex,ioctl_operations,Relevant_KD_Entry_Point,90,"**AIARelevantFunction Score (70)**: The function `gk20a_as_ioctl_map_buffer_ex` interacts with the AI Accelerator by mapping a buffer, which is a critical operation for shared memory access. It use...",[nvgpu_as_map_buffer_ex_args],[dmabuf_fd; buffer_offset; mapping_size; offset]
46,nvmap_ioctl_create_from_va,ioctl_operations,Relevant_KD_Entry_Point,90,"**AIARelevantFunction Score (70%)**: The function `nvmap_ioctl_create_from_va` is involved in creating a handle from a virtual address, which is relevant for memory management in the context of AI ...",[nvmap_create_handle_from_va],[handle; fd; va; size; flags]
47,nvmap_handle_get_from_id,dma_operations,Relevant_KD_Entry_Point,80,"**AIARelevantFunction Score (60)**: The function `nvmap_handle_get_from_id` interacts with DMA buffers, which are crucial for memory management in AI Accelerator contexts. It retrieves a `dma_buf` ...",[struct nvmap_handle_info; struct nvmap_handle; struct dma_buf],[dma_buf; nvmap_handle; nvmap_client; file descriptor]
48,nvgpu_usermode_buf_from_dmabuf,dma_operations,Relevant_KD_Entry_Point,80,"**AIARelevantFunction Score (90)**: The function `nvgpu_usermode_buf_from_dmabuf` is heavily involved in managing DMA buffers, which are crucial for sharing memory with an AI Accelerator (AIA). It ...",[nvgpu_usermode_buf_linux; nvgpu_mem],[dma_buf; dma_buf_attachment; sg_table]
49,gk20a_init_error_notifier,dma_operations,Relevant_KD_Entry_Point,80,"**AIARelevantFunction Score (70)**: The function `gk20a_init_error_notifier` interacts with a DMA buffer through the `dma_buf_get` and `dma_buf_put` functions, which are relevant for managing share...",struct nvgpu_set_error_notifier; struct nvgpu_notification,mem (memory handle); offset; size
50,nvmap_ioctl_free,dma_operations,Relevant_KD_Entry_Point,80,**AIARelevantFunction Score (0)**: The function `nvmap_ioctl_free` does not directly involve any operations related to sharing memory with an AI Accelerator (AIA). It primarily deals with freeing a...,[None identified],[None identified]
51,nvmap_ioctl_free,dma_operations,Relevant_KD_Entry_Point,80,**AIARelevantFunction Score (0%)**: The function `nvmap_ioctl_free` does not interact with an AI Accelerator (AIA) or shared memory (SMem) directly. It primarily deals with freeing a DMA buffer ass...,[None identified],[None identified]
52,user_copy:nvgpu_gpu_get_engine_info,user_copy_operations,Relevant_KD_Entry_Point,80,**AIARelevantFunction Score (0)**: The function `nvgpu_gpu_get_engine_info` does not interact with an AI Accelerator (AIA) or manage shared memory (SMem) in a way that would be relevant to AIA oper...,[struct nvgpu_gpu_get_engine_info_args; struct nvgpu_gpu_get_engine_info_item],[engine_info_buf_addr; engine_info_buf_size; engine_id; runlist_id]
53,user_copy:nvgpu_gpu_clk_get_range,user_copy_operations,Relevant_KD_Entry_Point,80,**AIARelevantFunction (0%)**: The function `nvgpu_gpu_clk_get_range` does not directly involve sharing memory with an AI Accelerator (AIA). It primarily deals with retrieving clock range informatio...,[struct nvgpu_gpu_clk_range_args; struct nvgpu_gpu_clk_range],[clk_range_entries; min_hz; max_hz; clk_domain]
54,user_copy:gk20a_as_ioctl_get_va_regions,user_copy_operations,Relevant_KD_Entry_Point,80,**AIARelevantFunction Score (0)**: The function `gk20a_as_ioctl_get_va_regions` does not directly interact with an AI Accelerator (AIA) or manage shared memory between the CPU and AIA. It primarily...,[struct nvgpu_as_get_va_regions_args; struct nvgpu_as_va_region],[buf_addr; offset; pages]
55,user_copy:nvgpu_gpu_clk_get_info,user_copy_operations,Relevant_KD_Entry_Point,80,**AIARelevantFunction Score (0)**: The function `nvgpu_gpu_clk_get_info` does not interact with an AI Accelerator (AIA) or shared memory (SMem) directly. It primarily deals with clock information r...,[struct nvgpu_gpu_clk_get_info_args; struct nvgpu_gpu_clk_info],[clk_info_entries]
56,user_copy:nvgpu_gpu_clk_get_info,user_copy_operations,Relevant_KD_Entry_Point,80,**AIARelevantFunction Score (0)**: The function `nvgpu_gpu_clk_get_info` does not directly interact with an AI Accelerator (AIA) or manage shared memory between the CPU and AIA. It primarily deals ...,[nvgpu_gpu_clk_get_info_args; nvgpu_gpu_clk_info],[clk_info_entries; clk_domain; freq_hz]
57,user_copy:nvmap_install_fd,user_copy_operations,Relevant_KD_Entry_Point,80,"**AIARelevantFunction Score (70)**: The function `nvmap_install_fd` interacts with a `dma_buf`, which is a critical structure for managing shared memory buffers between the CPU and devices like AI ...",[nvmap_handle_info; dma_buf],[file descriptor (fd); dma_buf; nvmap_handle]
58,nvgpu_ctrl_ioctl_gpu_characteristics_flags,ioctl_operations,Relevant_KD_Entry_Point,80,**AIARelevantFunction Score (0%)**: The function `nvgpu_ctrl_ioctl_gpu_characteristics_flags` does not involve any operations related to shared memory management or direct interaction with an AI Ac...,None,None
59,gk20a_as_ioctl_alloc_space,ioctl_operations,Relevant_KD_Entry_Point,80,"**AIARelevantFunction Score (60)**: The function `gk20a_as_ioctl_alloc_space` is involved in allocating space for shared memory, which is relevant for AI Accelerator integration. It utilizes the `n...",[nvgpu_as_alloc_space_args],[pages; page_size; flags]
60,gk20a_channel_open_ioctl,ioctl_operations,Relevant_KD_Entry_Point,80,**AIARelevantFunction Score (0)**: The function `gk20a_channel_open_ioctl` does not directly interact with shared memory or AI Accelerator (AIA) specific memory management functions. It primarily f...,[nvgpu_channel_open_args],[channel_fd]
61,nvmap_ioctl_free,ioctl_operations,Relevant_KD_Entry_Point,80,**AIARelevantFunction Score (0%)**: The function `nvmap_ioctl_free` does not directly interact with an AI Accelerator (AIA) or manage shared memory between the CPU and an AIA. It primarily deals wi...,[struct nvmap_client; struct dma_buf],[file descriptor (fd); dma_buf pointer]
62,drivers/video/tegra/nvmap/nvmap_dmabuf.c:_nvmap_dmabuf_map_dma_buf,functions_by_file,Relevant_KD_Entry_Point,70,**AIARelevantFunction Score (80)**: The function `_nvmap_dmabuf_map_dma_buf` is involved in mapping a DMA buffer for an AI Accelerator (AIA) by utilizing the `dma_buf_attachment` structure. It inte...,[struct dma_buf_attachment; struct nvmap_handle_info; struct sg_table],[dma_buf*; device*; sg_table*; nvmap_handle*]
63,nvmap_get_dmabuf_fd,dma_operations,Relevant_KD_Entry_Point,70,"**AIARelevantFunction Score (60)**: The function `nvmap_get_dmabuf_fd` is involved in managing DMA buffers, which is relevant for AI Accelerator integration. It utilizes the `__nvmap_dmabuf_export`...",[struct dma_buf],[fd; dma_buf; size; file]
64,nvgpu_vm_map_buffer,dma_operations,Relevant_KD_Entry_Point,70,"**AIARelevantFunction Score (80)**: The function `nvgpu_vm_map_buffer` is involved in mapping a DMA buffer to a virtual address space, which is critical for enabling the AI Accelerator (AIA) to acc...",[vm_gk20a_mapping_batch],[buffer_offset; mapping_size; dmabuf->size; *map_addr]
65,nvgpu_vm_map_buffer,dma_operations,Relevant_KD_Entry_Point,70,"**AIARelevantFunction Score (80)**: The function `nvgpu_vm_map_buffer` is involved in mapping a DMA buffer, which is critical for enabling the AI Accelerator (AIA) to access shared memory. The func...",[vm_gk20a_mapping_batch],[dma_buf->size; dma_buf->file; buffer_offset; mapping_size]
66,nvgpu_vm_map_buffer,dma_operations,Relevant_KD_Entry_Point,70,"**AIARelevantFunction Score (80)**: The function `nvgpu_vm_map_buffer` is involved in mapping a DMA buffer to a virtual memory space, which is a critical operation for enabling an AI Accelerator (A...",[vm_gk20a_mapping_batch; dma_buf],[buffer_offset; *map_addr; dmabuf->size; dmabuf->file; dmabuf->priv]
67,nvgpu_vm_map_buffer,dma_operations,Relevant_KD_Entry_Point,70,"**AIARelevantFunction Score (80)**: The function `nvgpu_vm_map_buffer` is involved in mapping a DMA buffer to a virtual memory space, which is crucial for enabling an AI Accelerator (AIA) to access...",[vm_gk20a_mapping_batch],[dma_buf->size; dma_buf->file; buffer_offset; mapping_size; *map_addr]
68,drivers/video/tegra/nvmap/nvmap_alloc.c:handle_page_alloc,functions_by_file,Relevant_KD_Entry_Point,60,**AIARelevantFunction Score (80)**: The function `handle_page_alloc` is involved in memory allocation for an AI Accelerator (AIA) by allocating pages and managing memory buffers. It uses functions ...,[nvmap_handle],[size; pages; vaddr; dma_buf; dma_buf_ro]
69,__dma_buf_export,dma_operations,Relevant_KD_Entry_Point,60,"**AIARelevantFunction (80%)**: The function `__dma_buf_export` is involved in exporting a DMA buffer, which is a critical operation for sharing memory with an AI Accelerator (AIA). It utilizes the ...",[struct nvmap_handle_info; struct nvmap_handle],[phys_addr_t; dma_buf*; nvmap_handle*; size_t]
70,nvmap_handle_get_from_id,dma_operations,Relevant_KD_Entry_Point,60,"**AIARelevantFunction Score (70)**: The function `nvmap_handle_get_from_id` interacts with DMA buffers, which are crucial for memory management in AI Accelerator contexts. It uses `dma_buf_get` and...",[nvmap_handle_info; nvmap_handle; dma_buf],[dma_buf*; nvmap_handle*; nvmap_client*; size_t; u32]
71,nvmap_handle_get_from_id,dma_operations,Relevant_KD_Entry_Point,60,"**AIARelevantFunction Score (70)**: The function `nvmap_handle_get_from_id` interacts with DMA buffers, which are crucial for memory management in AI Accelerator contexts. It uses `dma_buf_get` and...",[struct nvmap_handle_info; struct dma_buf],[dma_buf*; nvmap_handle*; nvmap_client*; size_t; u32]
72,nvgpu_vm_map_buffer,dma_operations,Relevant_KD_Entry_Point,60,"**AIARelevantFunction Score (80)**: The function `nvgpu_vm_map_buffer` is involved in mapping a DMA buffer to a virtual address space, which is critical for enabling an AI Accelerator (AIA) to acce...",[vm_gk20a_mapping_batch],[dma_buf_fd; map_addr; buffer_offset; mapping_size]
73,nvgpu_vm_map_buffer,dma_operations,Relevant_KD_Entry_Point,60,"**AIARelevantFunction Score (80)**: The function `nvgpu_vm_map_buffer` is involved in mapping a DMA buffer to a virtual address space, which is critical for enabling an AI Accelerator (AIA) to acce...",[vm_gk20a_mapping_batch],[dma_buf_fd; buffer_offset; mapping_size; map_addr]
74,nvgpu_mm_pin,dma_operations,Relevant_KD_Entry_Point,60,"**AIARelevantFunction Score (80)**: The function `nvgpu_mm_pin` is involved in managing DMA buffers, which is critical for enabling the AI Accelerator (AIA) to access shared memory. It uses `dma_bu...",[struct dma_buf; struct dma_buf_attachment],[size; file; attachments; flags; dev; sgt]
75,nvmap_handle_get_from_id,dma_operations,Relevant_KD_Entry_Point,40,"**AIARelevantFunction Score (60)**: The function `nvmap_handle_get_from_id` interacts with DMA buffers through the `dma_buf` structure, which is relevant for AI Accelerator integration. It retrieve...",[struct nvmap_handle_info; struct nvmap_handle; struct dma_buf],[dma_buf; nvmap_handle; nvmap_client]
76,drivers/gpu/nvgpu/os/linux/linux-dma.c:nvgpu_iommuable,functions_by_file,Relevant_KD_Entry_Point,0,**AIARelevantFunction Score (0%)**: The function `nvgpu_iommuable` does not involve any operations related to shared memory management or direct interactions with an AI Accelerator (AIA). It primar...,None,None
77,drivers/gpu/nvgpu/os/linux/linux-dma.c:nvgpu_dma_free_sys,functions_by_file,Relevant_KD_Entry_Point,0,**AIARelevantFunction Score (0%)**: The function `nvgpu_dma_free_sys` is primarily focused on freeing DMA memory associated with the GPU. It does not involve any operations that directly relate to ...,None,None
78,drivers/gpu/nvgpu/os/linux/linux-dma.c:nvgpu_dma_free_no_iommu,functions_by_file,Relevant_KD_Entry_Point,0,**AIARelevantFunction Score (0%)**: The function `nvgpu_dma_free_no_iommu` is primarily focused on freeing DMA memory without IOMMU support. It does not involve any operations related to shared mem...,None,None
79,drivers/gpu/nvgpu/os/linux/linux-dma.c:nvgpu_free_sgtable,functions_by_file,Relevant_KD_Entry_Point,0,**AIARelevantFunction Score (0)**: The function `nvgpu_free_sgtable` does not interact with an AI Accelerator (AIA) or perform any operations related to shared memory management for an AIA. It simp...,None,None
80,drivers/gpu/nvgpu/os/linux/linux-dma.c:nvgpu_dma_alloc_flags_sys,functions_by_file,Relevant_KD_Entry_Point,0,"**AIARelevantFunction Score (80)**: The function `nvgpu_dma_alloc_flags_sys` is involved in allocating DMA memory, which is critical for AI Accelerator (AIA) operations. It uses `dma_alloc_attrs`, ...",[nvgpu_mem; sg_table],[gpu_va; cpu_va; size; aligned_size]
81,drivers/gpu/nvgpu/os/linux/linux-dma.c:nvgpu_dma_flags_to_attrs,functions_by_file,Relevant_KD_Entry_Point,0,**AIARelevantFunction Score (0%)**: The function `nvgpu_dma_flags_to_attrs` does not interact with shared memory or AI Accelerator (AIA) specific operations. It primarily translates DMA flags into ...,None,None
82,drivers/gpu/nvgpu/os/linux/linux-dma.c:nvgpu_dma_alloc_no_iommu,functions_by_file,Relevant_KD_Entry_Point,0,"**AIARelevantFunction Score (70%)**: The function `nvgpu_dma_alloc_no_iommu` is involved in memory allocation that could be relevant for an AI Accelerator (AIA) context, particularly in terms of ma...",None,None
83,drivers/gpu/nvgpu/os/linux/linux-dma.c:nvgpu_get_sgtable_from_pages,functions_by_file,Relevant_KD_Entry_Point,0,**AIARelevantFunction Score (70)**: The function `nvgpu_get_sgtable_from_pages` is involved in managing memory for an AI Accelerator (AIA) by allocating a scatter-gather table (`sg_table`) from use...,None,None
84,drivers/gpu/nvgpu/os/linux/platform_gk20a_tegra.c:gk20a_tegra_idle,functions_by_file,Relevant_KD_Entry_Point,0,**AIARelevantFunction Score (0%)**: The function `gk20a_tegra_idle` does not interact with shared memory or perform any operations related to AI Accelerator integration. It primarily logs an entry ...,None,None
85,drivers/gpu/nvgpu/os/linux/platform_gk20a_tegra.c:gk20a_tegra_busy,functions_by_file,Relevant_KD_Entry_Point,0,**AIARelevantFunction Score (0%)**: The function `gk20a_tegra_busy` does not interact with shared memory or perform any operations related to an AI Accelerator (AIA). It primarily checks if the `nv...,None,None
86,drivers/video/tegra/nvmap/nvmap_dmabuf.c:dmabuf_is_nvmap,functions_by_file,Relevant_KD_Entry_Point,0,**AIARelevantFunction Score (0%)**: The function `dmabuf_is_nvmap` does not interact with shared memory or AI Accelerator (AIA) functionalities. It simply checks if the `exp_name` field of the `dma...,None,None
87,drivers/video/tegra/nvmap/nvmap_dmabuf.c:nvmap_get_dmabuf_fd,functions_by_file,Relevant_KD_Entry_Point,0,**AIARelevantFunction Score (0%)**: The function `nvmap_get_dmabuf_fd` does not directly interact with an AI Accelerator (AIA) or shared memory (SMem) management. It primarily deals with exporting ...,None,None
88,drivers/video/tegra/nvmap/nvmap_dmabuf.c:nvmap_dmabuf_attach,functions_by_file,Relevant_KD_Entry_Point,0,**AIARelevantFunction Score (0)**: The function `nvmap_dmabuf_attach` does not directly involve any operations related to sharing memory with an AI Accelerator (AIA). It simply calls another functi...,None,None
89,drivers/video/tegra/nvmap/nvmap_dmabuf.c:nvmap_dmabuf_mmap,functions_by_file,Relevant_KD_Entry_Point,0,"**AIARelevantFunction Score (70%)**: The function `nvmap_dmabuf_mmap` is responsible for mapping a DMA buffer to a virtual memory area. It utilizes the `__nvmap_map` function, which likely interact...",None,None
90,drivers/video/tegra/nvmap/nvmap_dmabuf.c:nvmap_dmabuf_vmap,functions_by_file,Relevant_KD_Entry_Point,0,**AIARelevantFunction Score (0)**: The function `nvmap_dmabuf_vmap` does not involve any operations that directly relate to sharing memory with an AI Accelerator (AIA). It primarily focuses on mapp...,None,None
91,drivers/video/tegra/nvmap/nvmap_dmabuf.c:_nvmap_dmabuf_unmap_dma_buf,functions_by_file,Relevant_KD_Entry_Point,0,"**AIARelevantFunction (20%)**: The function `_nvmap_dmabuf_unmap_dma_buf` primarily deals with unmapping a DMA buffer from a device. While it interacts with DMA buffers and handles, it does not dir...",[struct nvmap_handle_info; struct dma_buf_attachment; struct sg_table],[dma_buf; dma_buf_attachment; sg_table; nvmap_handle]
92,drivers/video/tegra/nvmap/nvmap_dmabuf.c:nvmap_dmabuf_get_drv_data,functions_by_file,Relevant_KD_Entry_Point,0,**AIARelevantFunction Score (0%)**: The function `nvmap_dmabuf_get_drv_data` does not involve any operations related to sharing memory with an AI Accelerator (AIA). It primarily retrieves driver-sp...,None,None
93,drivers/video/tegra/nvmap/nvmap_dmabuf.c:nvmap_dmabuf_detach,functions_by_file,Relevant_KD_Entry_Point,0,**AIARelevantFunction Score (0)**: The function `nvmap_dmabuf_detach` does not involve any operations related to sharing memory with an AI Accelerator (AIA). It primarily deals with detaching a DMA...,None,None
94,drivers/video/tegra/nvmap/nvmap_dmabuf.c:nvmap_dmabuf_release,functions_by_file,Relevant_KD_Entry_Point,0,**AIARelevantFunction Score (0)**: The function `nvmap_dmabuf_release` does not involve any operations related to sharing memory with an AI Accelerator (AIA). It primarily deals with releasing a DM...,None,None
95,drivers/video/tegra/nvmap/nvmap_dmabuf.c:nvmap_dmabuf_vunmap,functions_by_file,Relevant_KD_Entry_Point,0,**AIARelevantFunction Score (0)**: The function `nvmap_dmabuf_vunmap` does not directly involve any operations that share memory with an AI Accelerator (AIA). It primarily deals with unmapping a DM...,None,None
96,drivers/video/tegra/nvmap/nvmap_alloc.c:nvmap_alloc_handle,functions_by_file,Relevant_KD_Entry_Point,0,**AIARelevantFunction Score (0)**: The function `nvmap_alloc_handle` does not interact with an AI Accelerator (AIA) or shared memory (SMem) directly. It primarily focuses on allocating a handle for...,None,None
97,drivers/video/tegra/nvmap/nvmap_alloc.c:alloc_handle,functions_by_file,Relevant_KD_Entry_Point,0,**AIARelevantFunction Score (60)**: The function alloc_handle is primarily responsible for allocating memory handles for the NVMAP (NVIDIA Memory Map) client. It interacts with memory management fu...,[None identified],[None identified]
98,drivers/video/tegra/nvmap/nvmap_alloc.c:nvmap_altalloc,functions_by_file,Relevant_KD_Entry_Point,0,**AIARelevantFunction Score (0)**: The function `nvmap_altalloc` does not interact with any AI Accelerator (AIA) relevant operations. It is primarily focused on memory allocation using `vzalloc` an...,None,None
99,drivers/video/tegra/nvmap/nvmap_alloc.c:nvmap_alloc_pages_exact,functions_by_file,Relevant_KD_Entry_Point,0,"**AIARelevantFunction Score (0)**: The function `nvmap_alloc_pages_exact` is primarily focused on memory allocation using the `alloc_pages` function, which is part of the Linux kernel's memory mana...",None,None
100,drivers/video/tegra/nvmap/nvmap_alloc.c:is_nvmap_id_ro,functions_by_file,Relevant_KD_Entry_Point,0,**AIARelevantFunction Score (0%)**: The function `is_nvmap_id_ro` does not interact with an AI Accelerator (AIA) or shared memory (SMem) directly. It primarily deals with checking if a given NVMAP ...,None,None
101,drivers/video/tegra/nvmap/nvmap_alloc.c:nvmap_altfree,functions_by_file,Relevant_KD_Entry_Point,0,**AIARelevantFunction Score (0)**: The function `nvmap_altfree` does not interact with any AI Accelerator (AIA) relevant operations. It is primarily focused on freeing memory based on the size of t...,None,None
102,drivers/video/tegra/nvmap/nvmap_alloc.c:nvmap_alloc_handle_from_va,functions_by_file,Relevant_KD_Entry_Point,0,**AIARelevantFunction Score (0)**: The function `nvmap_alloc_handle_from_va` does not directly interact with an AI Accelerator (AIA) or perform operations related to shared memory management that w...,None,None
103,drivers/video/tegra/nvmap/nvmap_alloc.c:alloc_handle_from_va,functions_by_file,Relevant_KD_Entry_Point,0,**AIARelevantFunction Score (80)**: The function `alloc_handle_from_va` is involved in memory management that is relevant to AI Accelerator integration. It pins user pages to memory using `nvmap_ge...,None,vaddr; size; flags
104,drivers/video/tegra/nvmap/nvmap_alloc.c:nvmap_free_handle_from_fd,functions_by_file,Relevant_KD_Entry_Point,0,**AIARelevantFunction Score (0%)**: The function `nvmap_free_handle_from_fd` does not interact with an AI Accelerator (AIA) or shared memory (SMem) directly. It primarily deals with freeing a handl...,None,None
105,drivers/video/tegra/nvmap/nvmap_alloc.c:nvmap_free_handle,functions_by_file,Relevant_KD_Entry_Point,0,**AIARelevantFunction Score (0%)**: The function `nvmap_free_handle` does not interact with an AI Accelerator (AIA) or shared memory (SMem) directly. It primarily deals with freeing a handle associ...,None,None
106,drivers/video/tegra/nvmap/nvmap_alloc.c:_nvmap_handle_free,functions_by_file,Relevant_KD_Entry_Point,0,**AIARelevantFunction Score (0%)**: The function `_nvmap_handle_free` does not interact with an AI Accelerator (AIA) or shared memory (SMem) directly. It primarily deals with freeing resources asso...,None,None
107,drivers/video/tegra/nvmap/nvmap_alloc.c:nvmap_heap_pgfree,functions_by_file,Relevant_KD_Entry_Point,0,**AIARelevantFunction Score (0%)**: The function `nvmap_heap_pgfree` does not involve any operations related to sharing memory with an AI Accelerator (AIA). It primarily focuses on freeing DMA memo...,None,None
108,drivers/video/tegra/nvmap/nvmap_alloc.c:nvmap_heap_pgalloc_dev,functions_by_file,Relevant_KD_Entry_Point,0,**AIARelevantFunction Score (0)**: The function `nvmap_heap_pgalloc_dev` does not involve any operations related to shared memory (SMem) with an AI Accelerator (AIA). It primarily focuses on alloca...,None,None
109,nvgpu_dma_free_sys,dma_operations,Relevant_KD_Entry_Point,0,**AIARelevantFunction Score (0%)**: The function `nvgpu_dma_free_sys` is primarily focused on freeing DMA memory and managing memory resources associated with the GPU. It does not involve any opera...,None,None
110,is_nvmap_id_ro,dma_operations,Relevant_KD_Entry_Point,0,**AIARelevantFunction Score (0%)**: The function `is_nvmap_id_ro` does not interact with an AI Accelerator (AIA) or shared memory (SMem) directly. It primarily deals with checking if a given NVMAP ...,None,None
111,nvgpu_mm_pin,dma_operations,Relevant_KD_Entry_Point,0,"**AIARelevantFunction Score (90)**: The function `nvgpu_mm_pin` is highly relevant to AIA operations as it deals with pinning a DMA buffer to memory, which is crucial for enabling the AI Accelerato...",[struct dma_buf; struct dma_buf_attachment; struct sg_table],[dma_address; usermode_regs_bus_addr; usermode_regs; gpu_va]
112,nvgpu_mm_pin,dma_operations,Relevant_KD_Entry_Point,0,"**AIARelevantFunction Score (90)**: The function `nvgpu_mm_pin` is heavily involved in memory management for a GPU, specifically in pinning a DMA buffer to memory. It utilizes the `dma_buf_attach` ...",[struct dma_buf; struct dma_buf_attachment; struct sg_table],[dma_address; usermode_regs_bus_addr; usermode_regs; userd_iova]
113,gk20a_init_error_notifier,dma_operations,Relevant_KD_Entry_Point,0,**AIARelevantFunction Score (0)**: The function `gk20a_init_error_notifier` does not directly interact with an AI Accelerator (AIA) or manage shared memory (SMem) in a way that would qualify it as ...,[nvgpu_set_error_notifier; nvgpu_notification],[mem; vaddr; notification]
114,gk20a_channel_free_error_notifiers,dma_operations,Relevant_KD_Entry_Point,0,**AIARelevantFunction Score (0)**: The function `gk20a_channel_free_error_notifiers` does not involve any operations that directly relate to sharing memory with an AI Accelerator (AIA). It primaril...,None,None
115,gk20a_init_error_notifier,dma_operations,Relevant_KD_Entry_Point,0,**AIARelevantFunction Score (0)**: The function `gk20a_init_error_notifier` does not directly interact with an AI Accelerator (AIA) or manage shared memory in a way that would qualify it as an AIA ...,[struct nvgpu_set_error_notifier; struct nvgpu_notification],[mem (memory handle); offset; size]
116,nvgpu_mm_unpin,dma_operations,Relevant_KD_Entry_Point,0,**AIARelevantFunction Score (0)**: The function `nvgpu_mm_unpin` does not involve any operations that directly relate to sharing memory with an AI Accelerator (AIA). It primarily deals with unmappi...,None,None
117,nvgpu_mm_unpin,dma_operations,Relevant_KD_Entry_Point,0,**AIARelevantFunction Score (0)**: The function `nvgpu_mm_unpin` does not involve any operations that directly relate to sharing memory with an AI Accelerator (AIA). The function primarily deals wi...,None,None
118,nvgpu_vm_unmap_system,dma_operations,Relevant_KD_Entry_Point,0,**AIARelevantFunction Score (0%)**: The function `nvgpu_vm_unmap_system` does not involve any operations that directly relate to sharing memory with an AI Accelerator (AIA). It primarily deals with...,None,None
119,nvmap_free_handle,dma_operations,Relevant_KD_Entry_Point,0,**AIARelevantFunction Score (0%)**: The function `nvmap_free_handle` does not interact with an AI Accelerator (AIA) or shared memory management relevant to AIA operations. It primarily deals with f...,None,None
120,nvmap_free_handle,dma_operations,Relevant_KD_Entry_Point,0,**AIARelevantFunction Score (0)**: The function `nvmap_free_handle` does not interact with an AI Accelerator (AIA) or shared memory management that would typically involve functions like `get_user_...,None,None
121,destroy_client,dma_operations,Relevant_KD_Entry_Point,0,**AIARelevantFunction Score (0%)**: The `destroy_client` function does not interact with any AI Accelerator (AIA) relevant functions or memory management patterns typically associated with AIA inte...,None,None
122,destroy_client,dma_operations,Relevant_KD_Entry_Point,0,**AIARelevantFunction Score (0%)**: The `destroy_client` function does not involve any operations related to sharing memory with an AI Accelerator (AIA). It primarily focuses on cleaning up resourc...,None,None
123,nvgpu_os_channel_free_usermode_buffers,dma_operations,Relevant_KD_Entry_Point,0,**AIARelevantFunction Score (70%)**: The function `nvgpu_os_channel_free_usermode_buffers` is involved in managing user-mode buffers associated with a GPU channel. It interacts with `dma_buf` struc...,[gpfifo_desc; nvgpu_usermode_buf_linux],[dma_buf; dma_buf_attachment; sg_table]
124,nvgpu_os_channel_free_usermode_buffers,dma_operations,Relevant_KD_Entry_Point,0,**AIARelevantFunction Score (70)**: The function `nvgpu_os_channel_free_usermode_buffers` is involved in managing user-mode buffers associated with a GPU channel. It interacts with DMA buffers thro...,[nvgpu_usermode_buf_linux; gpfifo_desc],[dma_buf; attachment; sgt; userd_iova; userd_mem]
125,user_copy:nvgpu_channel_copy_user_gpfifo,user_copy_operations,Relevant_KD_Entry_Point,0,**AIARelevantFunction Score (0)**: The function `nvgpu_channel_copy_user_gpfifo` does not directly interact with an AI Accelerator (AIA) or perform operations that are typical for AIA memory manage...,[struct nvgpu_gpfifo_userdata],[None identified]
126,user_copy:gk20a_power_write,user_copy_operations,Relevant_KD_Entry_Point,0,**AIARelevantFunction Score (0)**: The function `gk20a_power_write` does not involve any operations related to sharing memory with an AI Accelerator (AIA). It primarily handles power management for...,None,None
127,user_copy:gk20a_ctrl_get_tpc_masks,user_copy_operations,Relevant_KD_Entry_Point,0,**AIARelevantFunction Score (0)**: The function `gk20a_ctrl_get_tpc_masks` does not interact with an AI Accelerator (AIA) directly. It primarily handles user space requests to copy data related to ...,[struct nvgpu_gpu_get_tpc_masks_args],[mask_buf_addr]
128,user_copy:gk20a_ctrl_get_fbp_l2_masks,user_copy_operations,Relevant_KD_Entry_Point,0,**AIARelevantFunction Score (0%)**: The function `gk20a_ctrl_get_fbp_l2_masks` does not interact with an AI Accelerator (AIA) or shared memory (SMem) in a manner typical of AIA relevant functions. ...,[struct nvgpu_gpu_get_fbp_l2_masks_args],[mask_buf_addr; mask_buf_size]
129,user_copy:gk20a_ctrl_vsm_mapping,user_copy_operations,Relevant_KD_Entry_Point,0,**AIARelevantFunction Score (0)**: The function `gk20a_ctrl_vsm_mapping` does not directly interact with an AI Accelerator (AIA) or perform operations that would typically be associated with memory...,[struct nvgpu_gpu_vsms_mapping],[vsms_map_buf_addr]
130,gk20a_dbg_gpu_dev_release,ioctl_operations,Relevant_KD_Entry_Point,0,"**AIARelevantFunction Score (0%)**: The function `gk20a_dbg_gpu_dev_release` does not interact with any AI Accelerator (AIA) relevant memory management functions such as pinning user pages, obtaini...",None,None
131,gk20a_ctrl_dev_release,ioctl_operations,Relevant_KD_Entry_Point,0,**AIARelevantFunction Score (0%)**: The function `gk20a_ctrl_dev_release` does not interact with shared memory or perform any operations related to an AI Accelerator (AIA). It primarily handles the...,None,None
132,nvmap_open,ioctl_operations,Relevant_KD_Entry_Point,0,**AIARelevantFunction Score (0)**: The `nvmap_open` function does not involve any operations related to shared memory (SMem) with an AI Accelerator (AIA). It primarily handles the opening of a devi...,None,None
133,gk20a_power_open,ioctl_operations,Relevant_KD_Entry_Point,0,**AIARelevantFunction Score (0%)**: The function `gk20a_power_open` does not involve any operations related to shared memory management or interactions with an AI Accelerator (AIA). It primarily de...,None,None
134,gk20a_power_release,ioctl_operations,Relevant_KD_Entry_Point,0,**AIARelevantFunction Score (0%)**: The function `gk20a_power_release` does not interact with shared memory or perform any operations related to an AI Accelerator (AIA). It primarily handles the re...,None,None
135,nvgpu_get_ioctl_graphics_preempt_mode_flags,ioctl_operations,Relevant_KD_Entry_Point,0,**AIARelevantFunction Score (0)**: The function `nvgpu_get_ioctl_graphics_preempt_mode_flags` does not interact with shared memory or AI Accelerator (AIA) functionalities. It simply processes a fla...,None,None
136,nvgpu_get_ioctl_compute_preempt_mode_flags,ioctl_operations,Relevant_KD_Entry_Point,0,"**AIARelevantFunction Score (0)**: The function `nvgpu_get_ioctl_compute_preempt_mode_flags` does not involve any operations related to shared memory management, DMA, or memory mapping that are typ...",None,None
137,nvgpu_get_ioctl_graphics_preempt_mode,ioctl_operations,Relevant_KD_Entry_Point,0,**AIARelevantFunction Score (0)**: The function `nvgpu_get_ioctl_graphics_preempt_mode` does not involve any operations related to shared memory (SMem) with an AI Accelerator (AIA). It simply retur...,None,None
138,nvgpu_get_ioctl_compute_preempt_mode,ioctl_operations,Relevant_KD_Entry_Point,0,**AIARelevantFunction Score (0)**: The function `nvgpu_get_ioctl_compute_preempt_mode` does not involve any operations related to shared memory (SMem) with an AI Accelerator (AIA). It simply transl...,None,None
139,nvgpu_ioctl_channel_alloc_obj_ctx,ioctl_operations,Relevant_KD_Entry_Point,0,**AIARelevantFunction Score (0%)**: The function `nvgpu_ioctl_channel_alloc_obj_ctx` does not directly involve any operations related to sharing memory with an AI Accelerator (AIA). It primarily fo...,None,None
140,gk20a_as_ioctl_unmap_buffer,ioctl_operations,Relevant_KD_Entry_Point,0,**AIARelevantFunction Score (0%)**: The function `gk20a_as_ioctl_unmap_buffer` does not involve any operations that directly relate to sharing memory with an AI Accelerator (AIA). It primarily hand...,None,None
141,nvmap_release,ioctl_operations,Relevant_KD_Entry_Point,0,**AIARelevantFunction Score (0)**: The `nvmap_release` function does not involve any operations related to shared memory management or interactions with an AI Accelerator (AIA). It primarily focuse...,None,None
142,gk20a_event_id_release,ioctl_operations,Relevant_KD_Entry_Point,0,"**AIARelevantFunction Score (0%)**: The function `gk20a_event_id_release` does not interact with any AI Accelerator (AIA) relevant functions such as memory mapping, DMA operations, or shared memory...",None,None
143,gk20a_channel_release,ioctl_operations,Relevant_KD_Entry_Point,0,**AIARelevantFunction Score (0%)**: The function `gk20a_channel_release` does not involve any operations related to shared memory management or interactions with an AI Accelerator (AIA). It primari...,None,None
144,nvgpu_ioctl_tsg_dev_release,ioctl_operations,Relevant_KD_Entry_Point,0,**AIARelevantFunction Score (0%)**: The function `nvgpu_ioctl_tsg_dev_release` does not involve any operations related to sharing memory with an AI Accelerator (AIA). It primarily deals with releas...,None,None
145,nvgpu_ioctl_tsg_release,ioctl_operations,Relevant_KD_Entry_Point,0,**AIARelevantFunction Score (0%)**: The function `nvgpu_ioctl_tsg_release` does not involve any operations related to shared memory (SMem) with an AI Accelerator (AIA). It primarily deals with rele...,None,None
146,gk20a_as_dev_release,ioctl_operations,Relevant_KD_Entry_Point,0,**AIARelevantFunction Score (0)**: The function `gk20a_as_dev_release` does not interact with any AI Accelerator (AIA) relevant functions. It primarily deals with releasing a shared resource associ...,None,None
1,nvmap_ioctl_getfd,dma_operations,Message_Structure_Handling,100,**AIARelevantFunction Score (0)**: The function `nvmap_ioctl_getfd` does not directly interact with an AI Accelerator (AIA) or manage shared memory (SMem) in a way that would qualify it as an AIA r...,[nvmap_create_handle],[fd; handle]
2,gk20a_init_error_notifier,dma_operations,Message_Structure_Handling,100,**AIARelevantFunction Score (0)**: The function `gk20a_init_error_notifier` does not directly interact with an AI Accelerator (AIA) or manage shared memory in a way that would qualify it as an AIA ...,[struct nvgpu_set_error_notifier; struct nvgpu_notification],[mem (memory handle); offset; size]
3,user_copy:nvgpu_channel_copy_user_gpfifo,user_copy_operations,Message_Structure_Handling,100,**AIARelevantFunction Score (0)**: The function `nvgpu_channel_copy_user_gpfifo` does not directly interact with an AI Accelerator (AIA) or perform operations that are typical for AIA memory manage...,[struct nvgpu_gpfifo_userdata],[None identified]
4,user_copy:nvmap_ioctl_get_available_heaps,user_copy_operations,Message_Structure_Handling,100,**AIARelevantFunction Score (0)**: The function `nvmap_ioctl_get_available_heaps` does not involve any operations that directly relate to sharing memory with an AI Accelerator (AIA). It primarily r...,[struct nvmap_available_heaps],[None identified]
5,user_copy:gk20a_ctrl_ioctl_gpu_characteristics,user_copy_operations,Message_Structure_Handling,100,**AIARelevantFunction Score (0)**: The function `gk20a_ctrl_ioctl_gpu_characteristics` does not directly involve sharing memory with an AI Accelerator (AIA). It primarily retrieves GPU characterist...,[struct nvgpu_gpu_get_characteristics],[gpu_characteristics_buf_addr; gpu_characteristics_buf_size]
6,user_copy:gk20a_ctrl_get_tpc_masks,user_copy_operations,Message_Structure_Handling,100,**AIARelevantFunction Score (0)**: The function `gk20a_ctrl_get_tpc_masks` does not interact with an AI Accelerator (AIA) directly. It primarily handles user space requests to copy data related to ...,[struct nvgpu_gpu_get_tpc_masks_args],[mask_buf_addr]
7,user_copy:gk20a_ctrl_get_fbp_l2_masks,user_copy_operations,Message_Structure_Handling,100,**AIARelevantFunction Score (0%)**: The function `gk20a_ctrl_get_fbp_l2_masks` does not interact with an AI Accelerator (AIA) or shared memory (SMem) in a manner typical of AIA relevant functions. ...,[struct nvgpu_gpu_get_fbp_l2_masks_args],[mask_buf_addr; mask_buf_size]
8,user_copy:gk20a_ctrl_vsm_mapping,user_copy_operations,Message_Structure_Handling,100,**AIARelevantFunction Score (0)**: The function `gk20a_ctrl_vsm_mapping` does not directly interact with an AI Accelerator (AIA) or perform operations that would typically be associated with memory...,[struct nvgpu_gpu_vsms_mapping],[vsms_map_buf_addr]
9,user_copy:nvmap_ioctl_query_heap_params,user_copy_operations,Message_Structure_Handling,100,**AIARelevantFunction Score (0)**: The function `nvmap_ioctl_query_heap_params` does not directly interact with an AI Accelerator (AIA) or perform operations related to shared memory management for...,[struct nvmap_query_heap_params],[heap_mask; total; free; largest_free_block]
10,user_copy:nvmap_ioctl_query_heap_params,user_copy_operations,Message_Structure_Handling,100,**AIARelevantFunction Score (0)**: The function `nvmap_ioctl_query_heap_params` does not directly interact with an AI Accelerator (AIA) or perform operations related to shared memory management for...,[struct nvmap_query_heap_params],[heap_mask; total; free; largest_free_block]
11,user_copy:nvgpu_ioctl_tsg_dev_ioctl,user_copy_operations,Message_Structure_Handling,100,**AIARelevantFunction Score (0)**: The function `nvgpu_ioctl_tsg_dev_ioctl` does not directly interact with an AI Accelerator (AIA) or manage shared memory (SMem) in a way that would qualify it as ...,[nvgpu_tsg_bind_channel_ex_args; nvgpu_event_id_ctrl_args; nvgpu_runlist_interleave_args; nvgpu_timeslice_args; nvgpu_tsg_read_single_sm_error_state_args; nvgpu_tsg_l2_max_ways_evict_last_args; nvgpu_tsg_set_l2_sector_promotion_args],[channel_fd; event_fd; record_mem; record_size; max_ways; promotion_flag]
12,gk20a_ioctl_channel_submit_gpfifo,ioctl_operations,Message_Structure_Handling,100,**AIARelevantFunction Score (0)**: The function `gk20a_ioctl_channel_submit_gpfifo` does not directly involve sharing memory with an AI Accelerator (AIA) or managing DMA buffers. It primarily handl...,[nvgpu_submit_gpfifo_args; nvgpu_gpfifo_userdata],[fence.id; fence.value; args.gpfifo]
13,nvmap_ioctl_get_available_heaps,ioctl_operations,Message_Structure_Handling,100,"**AIARelevantFunction Score (0)**: The function `nvmap_ioctl_get_available_heaps` does not directly interact with an AI Accelerator (AIA) or perform operations related to shared memory management, ...",[struct nvmap_available_heaps],[None identified]
14,gk20a_ctrl_ioctl_gpu_characteristics,ioctl_operations,Message_Structure_Handling,100,**AIARelevantFunction Score (0)**: The function `gk20a_ctrl_ioctl_gpu_characteristics` does not involve any operations related to sharing memory with an AI Accelerator (AIA). It primarily retrieves...,[struct nvgpu_gpu_get_characteristics; struct nvgpu_gpu_characteristics],[gpu_characteristics_buf_addr; gpu_instance_id; gr_instance_id]
15,nvgpu_as_ioctl_get_sync_ro_map,ioctl_operations,Message_Structure_Handling,100,**AIARelevantFunction Score (0%)**: The function `nvgpu_as_ioctl_get_sync_ro_map` does not directly interact with shared memory or AI Accelerator (AIA) memory management functions such as pinning u...,[struct nvgpu_as_get_sync_ro_map_args],[base_gpuva; sync_size; num_syncpoints]
16,nvmap_ioctl_query_heap_params,ioctl_operations,Message_Structure_Handling,100,**AIARelevantFunction Score (0)**: The function `nvmap_ioctl_query_heap_params` does not interact with an AI Accelerator (AIA) or shared memory (SMem) directly. It primarily queries heap parameters...,[struct nvmap_query_heap_params],[heap_mask; total; free; largest_free_block]
17,nvmap_ioctl_getfd,ioctl_operations,Message_Structure_Handling,100,**AIARelevantFunction Score (0)**: The function `nvmap_ioctl_getfd` does not directly interact with an AI Accelerator (AIA) or shared memory management for an AIA. It primarily deals with file desc...,[struct nvmap_create_handle],[op.fd; op.handle]
18,nvgpu_ioctl_channel_get_user_syncpoint,ioctl_operations,Message_Structure_Handling,100,"**AIARelevantFunction Score (0%)**: The function `nvgpu_ioctl_channel_get_user_syncpoint` does not directly involve sharing memory with an AI Accelerator (AIA). Instead, it focuses on managing user...",[struct nvgpu_get_user_syncpoint_args],[syncpoint_id; gpu_va]
19,nvgpu_ioctl_tsg_dev_ioctl,ioctl_operations,Message_Structure_Handling,100,**AIARelevantFunction Score (0)**: The function `nvgpu_ioctl_tsg_dev_ioctl` does not directly interact with an AI Accelerator (AIA) or manage shared memory (SMem) in a way that would qualify it as ...,[nvgpu_tsg_bind_channel_ex_args; nvgpu_tsg_bind_scheduling_domain_args; nvgpu_runlist_interleave_args; nvgpu_timeslice_args; nvgpu_tsg_read_single_sm_error_state_args; nvgpu_tsg_l2_max_ways_evict_last_args; nvgpu_tsg_set_l2_sector_promotion_args],[channel_fd; domain_fd; timeslice_us; sm_id; record_mem; record_size; max_ways; promotion_flag]
20,gk20a_tsg_ioctl_bind_channel_ex,ioctl_operations,Message_Structure_Handling,100,**AIARelevantFunction Score (0%)**: The function `gk20a_tsg_ioctl_bind_channel_ex` does not directly interact with an AI Accelerator (AIA) or shared memory management patterns typically associated ...,[nvgpu_tsg_bind_channel_ex_args],[channel_fd; subcontext_id]
21,nvgpu_vm_map_buffer,dma_operations,Message_Structure_Handling,90,"**AIARelevantFunction Score (80)**: The function `nvgpu_vm_map_buffer` is involved in mapping a DMA buffer to a virtual address space, which is critical for enabling the AI Accelerator (AIA) to acc...",[vm_gk20a_mapping_batch],[buffer_offset; mapping_size; dmabuf->size; *map_addr]
22,nvgpu_vm_map_buffer,dma_operations,Message_Structure_Handling,90,"**AIARelevantFunction Score (80)**: The function `nvgpu_vm_map_buffer` is involved in mapping a DMA buffer to a virtual memory space, which is a critical operation for enabling an AI Accelerator (A...",[vm_gk20a_mapping_batch; dma_buf],[buffer_offset; *map_addr; dmabuf->size; dmabuf->file; dmabuf->priv]
23,gk20a_init_error_notifier,dma_operations,Message_Structure_Handling,90,"**AIARelevantFunction Score (70)**: The function `gk20a_init_error_notifier` interacts with a DMA buffer through the `dma_buf_get` and `dma_buf_put` functions, which are relevant for managing share...",struct nvgpu_set_error_notifier; struct nvgpu_notification,mem (memory handle); offset; size
24,user_copy:nvgpu_gpu_get_engine_info,user_copy_operations,Message_Structure_Handling,90,**AIARelevantFunction Score (0)**: The function `nvgpu_gpu_get_engine_info` does not interact with an AI Accelerator (AIA) or manage shared memory (SMem) in a way that would be relevant to AIA oper...,[struct nvgpu_gpu_get_engine_info_args; struct nvgpu_gpu_get_engine_info_item],[engine_info_buf_addr; engine_info_buf_size; engine_id; runlist_id]
25,user_copy:nvgpu_gpu_clk_get_range,user_copy_operations,Message_Structure_Handling,90,**AIARelevantFunction (0%)**: The function `nvgpu_gpu_clk_get_range` does not directly involve sharing memory with an AI Accelerator (AIA). It primarily deals with retrieving clock range informatio...,[struct nvgpu_gpu_clk_range_args; struct nvgpu_gpu_clk_range],[clk_range_entries; min_hz; max_hz; clk_domain]
26,user_copy:gk20a_as_ioctl_get_va_regions,user_copy_operations,Message_Structure_Handling,90,**AIARelevantFunction Score (0)**: The function `gk20a_as_ioctl_get_va_regions` does not directly interact with an AI Accelerator (AIA) or manage shared memory between the CPU and AIA. It primarily...,[struct nvgpu_as_get_va_regions_args; struct nvgpu_as_va_region],[buf_addr; offset; pages]
27,user_copy:nvgpu_gpu_clk_get_info,user_copy_operations,Message_Structure_Handling,90,**AIARelevantFunction Score (0)**: The function `nvgpu_gpu_clk_get_info` does not interact with an AI Accelerator (AIA) or shared memory (SMem) directly. It primarily deals with clock information r...,[struct nvgpu_gpu_clk_get_info_args; struct nvgpu_gpu_clk_info],[clk_info_entries]
28,user_copy:nvgpu_gpu_clk_get_info,user_copy_operations,Message_Structure_Handling,90,**AIARelevantFunction Score (0)**: The function `nvgpu_gpu_clk_get_info` does not directly interact with an AI Accelerator (AIA) or manage shared memory between the CPU and AIA. It primarily deals ...,[nvgpu_gpu_clk_get_info_args; nvgpu_gpu_clk_info],[clk_info_entries; clk_domain; freq_hz]
29,user_copy:nvmap_install_fd,user_copy_operations,Message_Structure_Handling,90,"**AIARelevantFunction Score (70)**: The function `nvmap_install_fd` interacts with a `dma_buf`, which is a critical structure for managing shared memory buffers between the CPU and devices like AI ...",[nvmap_handle_info; dma_buf],[file descriptor (fd); dma_buf; nvmap_handle]
30,nvgpu_gpu_ioctl_register_buffer,dma_operations,Message_Structure_Handling,85,**AIARelevantFunction Score (80)**: The function `nvgpu_gpu_ioctl_register_buffer` is involved in registering a buffer for use with an AI Accelerator. It utilizes the `dma_buf_get` function to obta...,[struct nvgpu_gpu_register_buffer_args],[dmabuf_fd; metadata_addr; metadata_size]
31,nvgpu_vm_map_buffer,dma_operations,Message_Structure_Handling,85,"**AIARelevantFunction Score (80)**: The function `nvgpu_vm_map_buffer` is involved in mapping a DMA buffer to a virtual address space, which is critical for enabling the AI Accelerator (AIA) to acc...",[vm_gk20a_mapping_batch; dma_buf],[dma_buf->size; dma_buf->file; dma_buf->priv; vm_gk20a->handle; vm_gk20a->virtaddr_start; vm_gk20a->va_limit]
32,nvgpu_usermode_buf_from_dmabuf,dma_operations,Message_Structure_Handling,85,"**AIARelevantFunction Score (90)**: The function `nvgpu_usermode_buf_from_dmabuf` is heavily involved in managing DMA buffers, which are crucial for sharing memory with an AI Accelerator (AIA). It ...",[nvgpu_usermode_buf_linux; nvgpu_mem],[dma_buf; dma_buf_attachment; sg_table]
33,user_copy:gk20a_channel_ioctl,user_copy_operations,Message_Structure_Handling,85,"**AIARelevantFunction Score (80)**: The function `gk20a_channel_ioctl` interacts with various structures that are critical for managing GPU channels and their operations, which can include memory m...",[nvgpu_alloc_obj_ctx_args; nvgpu_channel_setup_bind_args; nvgpu_alloc_gpfifo_ex_args; nvgpu_wait_args; nvgpu_set_error_notifier; nvgpu_set_timeout_args; nvgpu_set_timeout_ex_args; nvgpu_get_param_args],[chid; tsgid; userd_dmabuf_fd; gpfifo_dmabuf_fd; userd_dmabuf_offset; gpfifo_dmabuf_offset; obj_id]
34,user_copy:gk20a_channel_ioctl,user_copy_operations,Message_Structure_Handling,85,"**AIARelevantFunction Score (80)**: The function `gk20a_channel_ioctl` interacts with various structures that manage GPU channels and their operations, including memory allocation and synchronizati...",[nvgpu_alloc_obj_ctx_args; nvgpu_channel_setup_bind_args; nvgpu_alloc_gpfifo_ex_args; nvgpu_submit_gpfifo_args; nvgpu_wait_args; nvgpu_set_error_notifier; nvgpu_set_timeout_args; nvgpu_set_timeout_ex_args; nvgpu_get_param_args],[chid; tsgid; userd_dmabuf_fd; gpfifo_dmabuf_fd; userd_dmabuf_offset; gpfifo_dmabuf_offset; timeout]
35,user_copy:gk20a_as_dev_ioctl,user_copy_operations,Message_Structure_Handling,85,**AIARelevantFunction Score (80)**: The function `gk20a_as_dev_ioctl` interacts with various memory management operations that are relevant for an AI Accelerator (AIA). It handles memory allocation...,[struct nvgpu_as_bind_channel_args; struct nvgpu32_as_alloc_space_args; struct nvgpu_as_alloc_space_args; struct nvgpu_as_free_space_args; struct nvgpu_as_map_buffer_ex_args; struct nvgpu_as_unmap_buffer_args; struct nvgpu_as_get_va_regions_args; struct nvgpu_as_map_buffer_batch_args; struct nvgpu_as_get_sync_ro_map_args; struct nvgpu_as_mapping_modify_args; struct nvgpu_as_remap_args],[channel_fd; pages; page_size; flags; offset; buffer_offset; buffer_size; base_gpuva; num_syncpoints]
36,user_copy:gk20a_as_dev_ioctl,user_copy_operations,Message_Structure_Handling,85,**AIARelevantFunction Score (80)**: The function `gk20a_as_dev_ioctl` interacts with various memory management operations that are relevant for an AI Accelerator (AIA). It handles memory allocation...,[nvgpu_as_bind_channel_args; nvgpu32_as_alloc_space_args; nvgpu_as_alloc_space_args; nvgpu_as_free_space_args; nvgpu_as_map_buffer_ex_args; nvgpu_as_unmap_buffer_args; nvgpu_as_get_va_regions_args; nvgpu_as_map_buffer_batch_args; nvgpu_as_get_sync_ro_map_args; nvgpu_as_mapping_modify_args; nvgpu_as_remap_args],[channel_fd; pages; page_size; flags; buffer_offset; mapping_size; offset; base_gpuva; sync_size; num_syncpoints]
37,user_copy:nvmap_ioctl_create_from_va,user_copy_operations,Message_Structure_Handling,85,"**AIARelevantFunction Score (80)**: The function `nvmap_ioctl_create_from_va` is involved in creating a handle from a virtual address, which is a critical operation for sharing memory with an AI Ac...",[nvmap_create_handle_from_va],[handle; fd; va; size; flags]
38,user_copy:nvmap_ioctl_create_from_va,user_copy_operations,Message_Structure_Handling,85,"**AIARelevantFunction (80%)**: The function `nvmap_ioctl_create_from_va` is involved in creating a handle for a virtual address, which is a critical operation for managing shared memory between the...",[struct nvmap_create_handle_from_va],[op.handle; op.va; op.size; op.size64; fd]
39,gk20a_channel_ioctl,ioctl_operations,Message_Structure_Handling,85,"**AIARelevantFunction Score (80)**: The function `gk20a_channel_ioctl` interacts with various structures that are relevant for managing channels and memory operations, which are critical for AI Acc...",[nvgpu_alloc_obj_ctx_args; nvgpu_channel_setup_bind_args; nvgpu_alloc_gpfifo_ex_args; nvgpu_wait_args; nvgpu_set_error_notifier; nvgpu_set_timeout_args; nvgpu_set_timeout_ex_args; nvgpu_get_param_args],[chid; tsgid; userd_dmabuf_fd; gpfifo_dmabuf_fd; userd_dmabuf_offset; gpfifo_dmabuf_offset; timeout; flags]
40,gk20a_ctrl_dev_ioctl,ioctl_operations,Message_Structure_Handling,85,**AIARelevantFunction Score (70)**: The function `gk20a_ctrl_dev_ioctl` interacts with various GPU operations and handles memory management through user commands. It does not directly manage shared...,[nvgpu_gpu_zcull_get_ctx_size_args; nvgpu_gpu_zcull_get_info_args; nvgpu_gpu_zbc_set_table_args; nvgpu_gpu_zbc_query_table_args; nvgpu_gpu_get_characteristics; nvgpu_gpu_prepare_compressible_read_args; nvgpu_gpu_mark_compressible_write_args; nvgpu_alloc_as_args; nvgpu_gpu_open_tsg_args; nvgpu_gpu_get_tpc_masks_args; nvgpu_gpu_get_fbp_l2_masks_args; nvgpu_channel_open_args; nvgpu_gpu_l2_fb_args; nvgpu_gpu_mmu_debug_mode_args; nvgpu_gpu_sm_debug_mode_args],[gpu_instance_id; gr_instance_id; va_range_start; va_range_end; va_range_split; as_fd; handle; mask_buf_addr]
41,nvmap_handle_get_from_id,dma_operations,Message_Structure_Handling,80,"**AIARelevantFunction Score (70)**: The function `nvmap_handle_get_from_id` interacts with DMA buffers, which are crucial for memory management in AI Accelerator contexts. It uses `dma_buf_get` and...",[nvmap_handle_info; nvmap_handle; dma_buf],[dma_buf*; nvmap_handle*; nvmap_client*; size_t; u32]
42,nvmap_handle_get_from_id,dma_operations,Message_Structure_Handling,80,"**AIARelevantFunction Score (70)**: The function `nvmap_handle_get_from_id` interacts with DMA buffers, which are crucial for memory management in AI Accelerator contexts. It uses `dma_buf_get` and...",[struct nvmap_handle_info; struct dma_buf],[dma_buf*; nvmap_handle*; nvmap_client*; size_t; u32]
43,nvmap_get_dmabuf_fd,dma_operations,Message_Structure_Handling,80,"**AIARelevantFunction Score (60)**: The function `nvmap_get_dmabuf_fd` is involved in managing DMA buffers, which is relevant for AI Accelerator integration. It utilizes the `__nvmap_dmabuf_export`...",[struct dma_buf],[fd; dma_buf; size; file]
44,nvgpu_gpu_ioctl_register_buffer,dma_operations,Message_Structure_Handling,80,"**AIARelevantFunction Score (70)**: The function `nvgpu_gpu_ioctl_register_buffer` interacts with a DMA buffer, which is relevant for AI Accelerator integration. It uses `dma_buf_get()` to obtain a...",[struct nvgpu_gpu_register_buffer_args],[dmabuf_fd; metadata_addr; metadata_size]
45,nvgpu_mm_pin,dma_operations,Message_Structure_Handling,80,"**AIARelevantFunction Score (90)**: The function `nvgpu_mm_pin` is heavily involved in memory management for a GPU, specifically in pinning a DMA buffer to memory. It utilizes the `dma_buf_attach` ...",[struct dma_buf; struct dma_buf_attachment; struct sg_table],[dma_address; usermode_regs_bus_addr; usermode_regs; userd_iova]
46,gk20a_init_error_notifier,dma_operations,Message_Structure_Handling,80,**AIARelevantFunction Score (0)**: The function `gk20a_init_error_notifier` does not directly interact with an AI Accelerator (AIA) or manage shared memory (SMem) in a way that would qualify it as ...,[nvgpu_set_error_notifier; nvgpu_notification],[mem; vaddr; notification]
47,nvgpu_os_channel_free_usermode_buffers,dma_operations,Message_Structure_Handling,80,**AIARelevantFunction Score (70)**: The function `nvgpu_os_channel_free_usermode_buffers` is involved in managing user-mode buffers associated with a GPU channel. It interacts with DMA buffers thro...,[nvgpu_usermode_buf_linux; gpfifo_desc],[dma_buf; attachment; sgt; userd_iova; userd_mem]
48,user_copy:gk20a_ctrl_dev_ioctl,user_copy_operations,Message_Structure_Handling,80,**AIARelevantFunction Score (0)**: The function `gk20a_ctrl_dev_ioctl` does not directly involve operations related to sharing memory with an AI Accelerator (AIA). It primarily handles various IOCT...,[nvgpu_gpu_zcull_get_ctx_size_args; nvgpu_gpu_zcull_get_info_args; nvgpu_gpu_zbc_set_table_args; nvgpu_gpu_zbc_query_table_args; nvgpu_gpu_get_characteristics; nvgpu_gpu_prepare_compressible_read_args; nvgpu_gpu_mark_compressible_write_args; nvgpu_alloc_as_args; nvgpu_gpu_open_tsg_args; nvgpu_gpu_get_tpc_masks_args; nvgpu_gpu_get_fbp_l2_masks_args; nvgpu_channel_open_args; nvgpu_gpu_l2_fb_args; nvgpu_gpu_mmu_debug_mode_args; nvgpu_gpu_sm_debug_mode_args],[as_fd; va_range_start; va_range_end; va_range_split; gpu_characteristics_buf_addr; handle; offset; zbc_color]
49,user_copy:gk20a_ctrl_dev_ioctl,user_copy_operations,Message_Structure_Handling,80,**AIARelevantFunction Score (0)**: The function `gk20a_ctrl_dev_ioctl` does not directly interact with an AI Accelerator (AIA) or manage shared memory (SMem) for an AIA. It primarily serves as an i...,[nvgpu_gpu_zcull_get_ctx_size_args; nvgpu_gpu_zcull_get_info_args; nvgpu_gpu_zbc_set_table_args; nvgpu_gpu_zbc_query_table_args; nvgpu_gpu_get_characteristics; nvgpu_gpu_prepare_compressible_read_args; nvgpu_gpu_mark_compressible_write_args; nvgpu_alloc_as_args; nvgpu_gpu_open_tsg_args; nvgpu_gpu_get_tpc_masks_args; nvgpu_gpu_get_fbp_l2_masks_args; nvgpu_channel_open_args; nvgpu_gpu_l2_fb_args; nvgpu_gpu_mmu_debug_mode_args; nvgpu_gpu_sm_debug_mode_args],[as_fd; va_range_start; va_range_end; va_range_split; gpu_characteristics_buf_addr; handle; offset; compbits_hoffset; compbits_voffset; zbc_color; tsg_fd; mask_buf_addr]
50,user_copy:nvmap_ioctl_create,user_copy_operations,Message_Structure_Handling,80,**AIARelevantFunction Score (70)**: The function `nvmap_ioctl_create` is involved in creating a handle for a shared memory buffer that can be used by an AI Accelerator (AIA). It interacts with DMA ...,[nvmap_create_handle],[handle; handle64; fd; size; orig_size]
51,user_copy:nvmap_ioctl_create,user_copy_operations,Message_Structure_Handling,80,"**AIARelevantFunction Score (60%)**: The function `nvmap_ioctl_create` interacts with memory management and handles DMA buffers, which are relevant for AI Accelerator integration. It creates handle...",[nvmap_create_handle],[handle; fd; size; orig_size]
52,user_copy:nvmap_ioctl_alloc,user_copy_operations,Message_Structure_Handling,80,"**AIARelevantFunction Score (60)**: The function `nvmap_ioctl_alloc` is involved in memory allocation for an AI Accelerator (AIA) context, specifically through the use of the `nvmap_alloc_handle` s...",[nvmap_alloc_handle],[handle; heap_mask; flags; align; size; orig_size; vaddr]
53,user_copy:nvmap_ioctl_getfd,user_copy_operations,Message_Structure_Handling,80,**AIARelevantFunction Score (0)**: The function `nvmap_ioctl_getfd` does not directly interact with an AI Accelerator (AIA) or shared memory management patterns typical for AIA integration. It prim...,[nvmap_create_handle],[handle; fd]
54,user_copy:nvgpu_gpu_ioctl_register_buffer,user_copy_operations,Message_Structure_Handling,80,"**AIARelevantFunction Score (70)**: The function `nvgpu_gpu_ioctl_register_buffer` interacts with a DMA buffer, which is relevant for AI Accelerator integration. It utilizes `dma_buf_get` to retrie...",[struct nvgpu_gpu_register_buffer_args],[dmabuf_fd; metadata_addr; metadata_size; flags]
55,user_copy:nvgpu_ioctl_tsg_dev_ioctl,user_copy_operations,Message_Structure_Handling,80,**AIARelevantFunction Score (0)**: The function `nvgpu_ioctl_tsg_dev_ioctl` does not directly interact with an AI Accelerator (AIA) or manage shared memory (SMem) for an AIA. It primarily handles I...,[nvgpu_tsg_bind_channel_ex_args; nvgpu_event_id_ctrl_args; nvgpu_runlist_interleave_args; nvgpu_timeslice_args; nvgpu_tsg_read_single_sm_error_state_args; nvgpu_tsg_l2_max_ways_evict_last_args; nvgpu_tsg_set_l2_sector_promotion_args],[channel_fd; event_id; timeslice_us; max_ways; promotion_flag]
56,nvmap_ioctl,ioctl_operations,Message_Structure_Handling,80,**AIARelevantFunction Score (70)**: The function `nvmap_ioctl` is involved in handling various IOCTL commands that can potentially relate to memory management for an AI Accelerator (AIA). The prese...,[struct nvmap_rw_handle; struct nvmap_rw_handle_32; struct nvmap_cache_op; struct nvmap_cache_op_32; struct nvmap_cache_op_64],[addr; handle; offset; elem_size; hmem_stride; user_stride; count; len]
57,gk20a_as_dev_ioctl,ioctl_operations,Message_Structure_Handling,80,**AIARelevantFunction Score (70%)**: The function `gk20a_as_dev_ioctl` interacts with various memory management operations that are relevant for an AI Accelerator (AIA). It handles memory allocatio...,[nvgpu_as_alloc_space_args; nvgpu32_as_alloc_space_args; nvgpu_as_free_space_args; nvgpu_as_map_buffer_ex_args; nvgpu_as_unmap_buffer_args; nvgpu_as_get_va_regions_args; nvgpu_as_map_buffer_batch_args; nvgpu_as_get_sync_ro_map_args; nvgpu_as_mapping_modify_args; nvgpu_as_remap_args],[offset; pages; page_size; buffer_offset; buffer_size; base_gpuva; sync_size; num_syncpoints; num_maps; num_unmaps]
58,gk20a_as_ioctl_get_va_regions,ioctl_operations,Message_Structure_Handling,80,**AIARelevantFunction Score (70)**: The function `gk20a_as_ioctl_get_va_regions` is involved in managing virtual address regions for an AI accelerator. It interacts with user space by copying data ...,[struct nvgpu_as_get_va_regions_args; struct nvgpu_as_va_region],[buf_addr; buf_size; offset; pages]
59,nvmap_ioctl_create,ioctl_operations,Message_Structure_Handling,80,**AIARelevantFunction (70%)**: The function `nvmap_ioctl_create` is involved in creating a handle for a memory buffer that can be shared with an AI Accelerator (AIA). It interacts with DMA buffers ...,[nvmap_create_handle],[handle; handle64; fd; size; orig_size; vaddr]
60,nvmap_ioctl_alloc,ioctl_operations,Message_Structure_Handling,80,"**AIARelevantFunction Score (70)**: The function `nvmap_ioctl_alloc` is involved in memory allocation for an AI Accelerator (AIA) by interacting with the `nvmap_alloc_handle` structure, which conta...",[struct nvmap_alloc_handle],[handle; heap_mask; flags; align; size; orig_size; vaddr]
61,nvgpu_gpu_ioctl_register_buffer,ioctl_operations,Message_Structure_Handling,80,"**AIARelevantFunction Score (70)**: The function `nvgpu_gpu_ioctl_register_buffer` interacts with a DMA buffer, which is relevant for AI Accelerator integration. It uses `dma_buf_get` to retrieve a...",[nvgpu_gpu_register_buffer_args],[dmabuf_fd; metadata_addr; metadata_size]
62,gk20a_as_ioctl_map_buffer_ex,ioctl_operations,Message_Structure_Handling,80,"**AIARelevantFunction Score (70)**: The function `gk20a_as_ioctl_map_buffer_ex` interacts with the AI Accelerator by mapping a buffer, which is a critical operation for shared memory access. It use...",[nvgpu_as_map_buffer_ex_args],[dmabuf_fd; buffer_offset; mapping_size; offset]
63,nvmap_ioctl_create_from_va,ioctl_operations,Message_Structure_Handling,80,"**AIARelevantFunction Score (70%)**: The function `nvmap_ioctl_create_from_va` is involved in creating a handle from a virtual address, which is relevant for memory management in the context of AI ...",[nvmap_create_handle_from_va],[handle; fd; va; size; flags]
64,drivers/gpu/nvgpu/os/linux/linux-dma.c:nvgpu_dma_alloc_flags_sys,functions_by_file,Message_Structure_Handling,70,"**AIARelevantFunction Score (80)**: The function `nvgpu_dma_alloc_flags_sys` is involved in allocating DMA memory, which is critical for AI Accelerator (AIA) operations. It uses `dma_alloc_attrs`, ...",[nvgpu_mem; sg_table],[gpu_va; cpu_va; size; aligned_size]
65,drivers/video/tegra/nvmap/nvmap_alloc.c:handle_page_alloc,functions_by_file,Message_Structure_Handling,70,**AIARelevantFunction Score (80)**: The function `handle_page_alloc` is involved in memory allocation for an AI Accelerator (AIA) by allocating pages and managing memory buffers. It uses functions ...,[nvmap_handle],[size; pages; vaddr; dma_buf; dma_buf_ro]
66,__dma_buf_export,dma_operations,Message_Structure_Handling,70,"**AIARelevantFunction (80%)**: The function `__dma_buf_export` is involved in exporting a DMA buffer, which is a critical operation for sharing memory with an AI Accelerator (AIA). It utilizes the ...",[struct nvmap_handle_info; struct nvmap_handle],[phys_addr_t; dma_buf*; nvmap_handle*; size_t]
67,nvmap_handle_get_from_id,dma_operations,Message_Structure_Handling,70,"**AIARelevantFunction Score (60)**: The function `nvmap_handle_get_from_id` interacts with DMA buffers through the `dma_buf` structure, which is relevant for AI Accelerator integration. It retrieve...",[struct nvmap_handle_info; struct nvmap_handle; struct dma_buf],[dma_buf; nvmap_handle; nvmap_client]
68,nvmap_handle_get_from_id,dma_operations,Message_Structure_Handling,70,"**AIARelevantFunction Score (60)**: The function `nvmap_handle_get_from_id` interacts with DMA buffers, which are crucial for memory management in AI Accelerator contexts. It retrieves a `dma_buf` ...",[struct nvmap_handle_info; struct nvmap_handle; struct dma_buf],[dma_buf; nvmap_handle; nvmap_client; file descriptor]
69,nvgpu_vm_map_buffer,dma_operations,Message_Structure_Handling,70,"**AIARelevantFunction Score (80)**: The function `nvgpu_vm_map_buffer` is involved in mapping a DMA buffer to a virtual address space, which is critical for enabling an AI Accelerator (AIA) to acce...",[vm_gk20a_mapping_batch],[dma_buf_fd; map_addr; buffer_offset; mapping_size]
70,nvgpu_vm_map_buffer,dma_operations,Message_Structure_Handling,70,"**AIARelevantFunction Score (80)**: The function `nvgpu_vm_map_buffer` is involved in mapping a DMA buffer to a virtual address space, which is critical for enabling an AI Accelerator (AIA) to acce...",[vm_gk20a_mapping_batch],[dma_buf_fd; buffer_offset; mapping_size; map_addr]
71,nvgpu_mm_pin,dma_operations,Message_Structure_Handling,70,"**AIARelevantFunction Score (90)**: The function `nvgpu_mm_pin` is highly relevant to AIA operations as it deals with pinning a DMA buffer to memory, which is crucial for enabling the AI Accelerato...",[struct dma_buf; struct dma_buf_attachment; struct sg_table],[dma_address; usermode_regs_bus_addr; usermode_regs; gpu_va]
72,nvgpu_mm_pin,dma_operations,Message_Structure_Handling,70,"**AIARelevantFunction Score (80)**: The function `nvgpu_mm_pin` is involved in managing DMA buffers, which is critical for enabling the AI Accelerator (AIA) to access shared memory. It uses `dma_bu...",[struct dma_buf; struct dma_buf_attachment],[size; file; attachments; flags; dev; sgt]
73,gk20a_as_ioctl_alloc_space,ioctl_operations,Message_Structure_Handling,70,"**AIARelevantFunction Score (60)**: The function `gk20a_as_ioctl_alloc_space` is involved in allocating space for shared memory, which is relevant for AI Accelerator integration. It utilizes the `n...",[nvgpu_as_alloc_space_args],[pages; page_size; flags]
74,drivers/gpu/nvgpu/os/linux/linux-dma.c:nvgpu_get_sgtable_from_pages,functions_by_file,Message_Structure_Handling,60,**AIARelevantFunction Score (70)**: The function `nvgpu_get_sgtable_from_pages` is involved in managing memory for an AI Accelerator (AIA) by allocating a scatter-gather table (`sg_table`) from use...,None,None
75,drivers/video/tegra/nvmap/nvmap_dmabuf.c:_nvmap_dmabuf_map_dma_buf,functions_by_file,Message_Structure_Handling,60,**AIARelevantFunction Score (80)**: The function `_nvmap_dmabuf_map_dma_buf` is involved in mapping a DMA buffer for an AI Accelerator (AIA) by utilizing the `dma_buf_attachment` structure. It inte...,[struct dma_buf_attachment; struct nvmap_handle_info; struct sg_table],[dma_buf*; device*; sg_table*; nvmap_handle*]
76,drivers/video/tegra/nvmap/nvmap_alloc.c:alloc_handle_from_va,functions_by_file,Message_Structure_Handling,60,**AIARelevantFunction Score (80)**: The function `alloc_handle_from_va` is involved in memory management that is relevant to AI Accelerator integration. It pins user pages to memory using `nvmap_ge...,None,vaddr; size; flags
77,nvgpu_vm_map_buffer,dma_operations,Message_Structure_Handling,60,"**AIARelevantFunction Score (80)**: The function `nvgpu_vm_map_buffer` is involved in mapping a DMA buffer, which is critical for enabling the AI Accelerator (AIA) to access shared memory. The func...",[vm_gk20a_mapping_batch],[dma_buf->size; dma_buf->file; buffer_offset; mapping_size]
78,nvgpu_vm_map_buffer,dma_operations,Message_Structure_Handling,60,"**AIARelevantFunction Score (80)**: The function `nvgpu_vm_map_buffer` is involved in mapping a DMA buffer to a virtual memory space, which is crucial for enabling an AI Accelerator (AIA) to access...",[vm_gk20a_mapping_batch],[dma_buf->size; dma_buf->file; buffer_offset; mapping_size; *map_addr]
79,nvmap_ioctl_free,dma_operations,Message_Structure_Handling,60,**AIARelevantFunction Score (0)**: The function `nvmap_ioctl_free` does not directly involve any operations related to sharing memory with an AI Accelerator (AIA). It primarily deals with freeing a...,[None identified],[None identified]
80,nvmap_ioctl_free,dma_operations,Message_Structure_Handling,60,**AIARelevantFunction Score (0%)**: The function `nvmap_ioctl_free` does not interact with an AI Accelerator (AIA) or shared memory (SMem) directly. It primarily deals with freeing a DMA buffer ass...,[None identified],[None identified]
81,nvgpu_os_channel_free_usermode_buffers,dma_operations,Message_Structure_Handling,60,**AIARelevantFunction Score (70%)**: The function `nvgpu_os_channel_free_usermode_buffers` is involved in managing user-mode buffers associated with a GPU channel. It interacts with `dma_buf` struc...,[gpfifo_desc; nvgpu_usermode_buf_linux],[dma_buf; dma_buf_attachment; sg_table]
82,gk20a_channel_open_ioctl,ioctl_operations,Message_Structure_Handling,60,**AIARelevantFunction Score (0)**: The function `gk20a_channel_open_ioctl` does not directly interact with shared memory or AI Accelerator (AIA) specific memory management functions. It primarily f...,[nvgpu_channel_open_args],[channel_fd]
83,nvmap_ioctl_free,ioctl_operations,Message_Structure_Handling,60,**AIARelevantFunction Score (0%)**: The function `nvmap_ioctl_free` does not directly interact with an AI Accelerator (AIA) or manage shared memory between the CPU and an AIA. It primarily deals wi...,[struct nvmap_client; struct dma_buf],[file descriptor (fd); dma_buf pointer]
84,drivers/video/tegra/nvmap/nvmap_dmabuf.c:_nvmap_dmabuf_unmap_dma_buf,functions_by_file,Message_Structure_Handling,40,"**AIARelevantFunction (20%)**: The function `_nvmap_dmabuf_unmap_dma_buf` primarily deals with unmapping a DMA buffer from a device. While it interacts with DMA buffers and handles, it does not dir...",[struct nvmap_handle_info; struct dma_buf_attachment; struct sg_table],[dma_buf; dma_buf_attachment; sg_table; nvmap_handle]
85,drivers/video/tegra/nvmap/nvmap_alloc.c:alloc_handle,functions_by_file,Message_Structure_Handling,40,**AIARelevantFunction Score (60)**: The function alloc_handle is primarily responsible for allocating memory handles for the NVMAP (NVIDIA Memory Map) client. It interacts with memory management fu...,[None identified],[None identified]
86,drivers/gpu/nvgpu/os/linux/linux-dma.c:nvgpu_iommuable,functions_by_file,Message_Structure_Handling,0,**AIARelevantFunction Score (0%)**: The function `nvgpu_iommuable` does not involve any operations related to shared memory management or direct interactions with an AI Accelerator (AIA). It primar...,None,None
87,drivers/gpu/nvgpu/os/linux/linux-dma.c:nvgpu_dma_free_sys,functions_by_file,Message_Structure_Handling,0,**AIARelevantFunction Score (0%)**: The function `nvgpu_dma_free_sys` is primarily focused on freeing DMA memory associated with the GPU. It does not involve any operations that directly relate to ...,None,None
88,drivers/gpu/nvgpu/os/linux/linux-dma.c:nvgpu_dma_free_no_iommu,functions_by_file,Message_Structure_Handling,0,**AIARelevantFunction Score (0%)**: The function `nvgpu_dma_free_no_iommu` is primarily focused on freeing DMA memory without IOMMU support. It does not involve any operations related to shared mem...,None,None
89,drivers/gpu/nvgpu/os/linux/linux-dma.c:nvgpu_free_sgtable,functions_by_file,Message_Structure_Handling,0,**AIARelevantFunction Score (0)**: The function `nvgpu_free_sgtable` does not interact with an AI Accelerator (AIA) or perform any operations related to shared memory management for an AIA. It simp...,None,None
90,drivers/gpu/nvgpu/os/linux/linux-dma.c:nvgpu_dma_flags_to_attrs,functions_by_file,Message_Structure_Handling,0,**AIARelevantFunction Score (0%)**: The function `nvgpu_dma_flags_to_attrs` does not interact with shared memory or AI Accelerator (AIA) specific operations. It primarily translates DMA flags into ...,None,None
91,drivers/gpu/nvgpu/os/linux/linux-dma.c:nvgpu_dma_alloc_no_iommu,functions_by_file,Message_Structure_Handling,0,"**AIARelevantFunction Score (70%)**: The function `nvgpu_dma_alloc_no_iommu` is involved in memory allocation that could be relevant for an AI Accelerator (AIA) context, particularly in terms of ma...",None,None
92,drivers/gpu/nvgpu/os/linux/platform_gk20a_tegra.c:gk20a_tegra_idle,functions_by_file,Message_Structure_Handling,0,**AIARelevantFunction Score (0%)**: The function `gk20a_tegra_idle` does not interact with shared memory or perform any operations related to AI Accelerator integration. It primarily logs an entry ...,None,None
93,drivers/gpu/nvgpu/os/linux/platform_gk20a_tegra.c:gk20a_tegra_busy,functions_by_file,Message_Structure_Handling,0,**AIARelevantFunction Score (0%)**: The function `gk20a_tegra_busy` does not interact with shared memory or perform any operations related to an AI Accelerator (AIA). It primarily checks if the `nv...,None,None
94,drivers/video/tegra/nvmap/nvmap_dmabuf.c:dmabuf_is_nvmap,functions_by_file,Message_Structure_Handling,0,**AIARelevantFunction Score (0%)**: The function `dmabuf_is_nvmap` does not interact with shared memory or AI Accelerator (AIA) functionalities. It simply checks if the `exp_name` field of the `dma...,None,None
95,drivers/video/tegra/nvmap/nvmap_dmabuf.c:nvmap_get_dmabuf_fd,functions_by_file,Message_Structure_Handling,0,**AIARelevantFunction Score (0%)**: The function `nvmap_get_dmabuf_fd` does not directly interact with an AI Accelerator (AIA) or shared memory (SMem) management. It primarily deals with exporting ...,None,None
96,drivers/video/tegra/nvmap/nvmap_dmabuf.c:nvmap_dmabuf_attach,functions_by_file,Message_Structure_Handling,0,**AIARelevantFunction Score (0)**: The function `nvmap_dmabuf_attach` does not directly involve any operations related to sharing memory with an AI Accelerator (AIA). It simply calls another functi...,None,None
97,drivers/video/tegra/nvmap/nvmap_dmabuf.c:nvmap_dmabuf_mmap,functions_by_file,Message_Structure_Handling,0,"**AIARelevantFunction Score (70%)**: The function `nvmap_dmabuf_mmap` is responsible for mapping a DMA buffer to a virtual memory area. It utilizes the `__nvmap_map` function, which likely interact...",None,None
98,drivers/video/tegra/nvmap/nvmap_dmabuf.c:nvmap_dmabuf_vmap,functions_by_file,Message_Structure_Handling,0,**AIARelevantFunction Score (0)**: The function `nvmap_dmabuf_vmap` does not involve any operations that directly relate to sharing memory with an AI Accelerator (AIA). It primarily focuses on mapp...,None,None
99,drivers/video/tegra/nvmap/nvmap_dmabuf.c:nvmap_dmabuf_get_drv_data,functions_by_file,Message_Structure_Handling,0,**AIARelevantFunction Score (0%)**: The function `nvmap_dmabuf_get_drv_data` does not involve any operations related to sharing memory with an AI Accelerator (AIA). It primarily retrieves driver-sp...,None,None
100,drivers/video/tegra/nvmap/nvmap_dmabuf.c:nvmap_dmabuf_detach,functions_by_file,Message_Structure_Handling,0,**AIARelevantFunction Score (0)**: The function `nvmap_dmabuf_detach` does not involve any operations related to sharing memory with an AI Accelerator (AIA). It primarily deals with detaching a DMA...,None,None
101,drivers/video/tegra/nvmap/nvmap_dmabuf.c:nvmap_dmabuf_release,functions_by_file,Message_Structure_Handling,0,**AIARelevantFunction Score (0)**: The function `nvmap_dmabuf_release` does not involve any operations related to sharing memory with an AI Accelerator (AIA). It primarily deals with releasing a DM...,None,None
102,drivers/video/tegra/nvmap/nvmap_dmabuf.c:nvmap_dmabuf_vunmap,functions_by_file,Message_Structure_Handling,0,**AIARelevantFunction Score (0)**: The function `nvmap_dmabuf_vunmap` does not directly involve any operations that share memory with an AI Accelerator (AIA). It primarily deals with unmapping a DM...,None,None
103,drivers/video/tegra/nvmap/nvmap_alloc.c:nvmap_alloc_handle,functions_by_file,Message_Structure_Handling,0,**AIARelevantFunction Score (0)**: The function `nvmap_alloc_handle` does not interact with an AI Accelerator (AIA) or shared memory (SMem) directly. It primarily focuses on allocating a handle for...,None,None
104,drivers/video/tegra/nvmap/nvmap_alloc.c:nvmap_altalloc,functions_by_file,Message_Structure_Handling,0,**AIARelevantFunction Score (0)**: The function `nvmap_altalloc` does not interact with any AI Accelerator (AIA) relevant operations. It is primarily focused on memory allocation using `vzalloc` an...,None,None
105,drivers/video/tegra/nvmap/nvmap_alloc.c:nvmap_alloc_pages_exact,functions_by_file,Message_Structure_Handling,0,"**AIARelevantFunction Score (0)**: The function `nvmap_alloc_pages_exact` is primarily focused on memory allocation using the `alloc_pages` function, which is part of the Linux kernel's memory mana...",None,None
106,drivers/video/tegra/nvmap/nvmap_alloc.c:is_nvmap_id_ro,functions_by_file,Message_Structure_Handling,0,**AIARelevantFunction Score (0%)**: The function `is_nvmap_id_ro` does not interact with an AI Accelerator (AIA) or shared memory (SMem) directly. It primarily deals with checking if a given NVMAP ...,None,None
107,drivers/video/tegra/nvmap/nvmap_alloc.c:nvmap_altfree,functions_by_file,Message_Structure_Handling,0,**AIARelevantFunction Score (0)**: The function `nvmap_altfree` does not interact with any AI Accelerator (AIA) relevant operations. It is primarily focused on freeing memory based on the size of t...,None,None
108,drivers/video/tegra/nvmap/nvmap_alloc.c:nvmap_alloc_handle_from_va,functions_by_file,Message_Structure_Handling,0,**AIARelevantFunction Score (0)**: The function `nvmap_alloc_handle_from_va` does not directly interact with an AI Accelerator (AIA) or perform operations related to shared memory management that w...,None,None
109,drivers/video/tegra/nvmap/nvmap_alloc.c:nvmap_free_handle_from_fd,functions_by_file,Message_Structure_Handling,0,**AIARelevantFunction Score (0%)**: The function `nvmap_free_handle_from_fd` does not interact with an AI Accelerator (AIA) or shared memory (SMem) directly. It primarily deals with freeing a handl...,None,None
110,drivers/video/tegra/nvmap/nvmap_alloc.c:nvmap_free_handle,functions_by_file,Message_Structure_Handling,0,**AIARelevantFunction Score (0%)**: The function `nvmap_free_handle` does not interact with an AI Accelerator (AIA) or shared memory (SMem) directly. It primarily deals with freeing a handle associ...,None,None
111,drivers/video/tegra/nvmap/nvmap_alloc.c:_nvmap_handle_free,functions_by_file,Message_Structure_Handling,0,**AIARelevantFunction Score (0%)**: The function `_nvmap_handle_free` does not interact with an AI Accelerator (AIA) or shared memory (SMem) directly. It primarily deals with freeing resources asso...,None,None
112,drivers/video/tegra/nvmap/nvmap_alloc.c:nvmap_heap_pgfree,functions_by_file,Message_Structure_Handling,0,**AIARelevantFunction Score (0%)**: The function `nvmap_heap_pgfree` does not involve any operations related to sharing memory with an AI Accelerator (AIA). It primarily focuses on freeing DMA memo...,None,None
113,drivers/video/tegra/nvmap/nvmap_alloc.c:nvmap_heap_pgalloc_dev,functions_by_file,Message_Structure_Handling,0,**AIARelevantFunction Score (0)**: The function `nvmap_heap_pgalloc_dev` does not involve any operations related to shared memory (SMem) with an AI Accelerator (AIA). It primarily focuses on alloca...,None,None
114,nvgpu_dma_free_sys,dma_operations,Message_Structure_Handling,0,**AIARelevantFunction Score (0%)**: The function `nvgpu_dma_free_sys` is primarily focused on freeing DMA memory and managing memory resources associated with the GPU. It does not involve any opera...,None,None
115,is_nvmap_id_ro,dma_operations,Message_Structure_Handling,0,**AIARelevantFunction Score (0%)**: The function `is_nvmap_id_ro` does not interact with an AI Accelerator (AIA) or shared memory (SMem) directly. It primarily deals with checking if a given NVMAP ...,None,None
116,gk20a_channel_free_error_notifiers,dma_operations,Message_Structure_Handling,0,**AIARelevantFunction Score (0)**: The function `gk20a_channel_free_error_notifiers` does not involve any operations that directly relate to sharing memory with an AI Accelerator (AIA). It primaril...,None,None
117,nvgpu_mm_unpin,dma_operations,Message_Structure_Handling,0,**AIARelevantFunction Score (0)**: The function `nvgpu_mm_unpin` does not involve any operations that directly relate to sharing memory with an AI Accelerator (AIA). It primarily deals with unmappi...,None,None
118,nvgpu_mm_unpin,dma_operations,Message_Structure_Handling,0,**AIARelevantFunction Score (0)**: The function `nvgpu_mm_unpin` does not involve any operations that directly relate to sharing memory with an AI Accelerator (AIA). The function primarily deals wi...,None,None
119,nvgpu_vm_unmap_system,dma_operations,Message_Structure_Handling,0,**AIARelevantFunction Score (0%)**: The function `nvgpu_vm_unmap_system` does not involve any operations that directly relate to sharing memory with an AI Accelerator (AIA). It primarily deals with...,None,None
120,nvmap_free_handle,dma_operations,Message_Structure_Handling,0,**AIARelevantFunction Score (0%)**: The function `nvmap_free_handle` does not interact with an AI Accelerator (AIA) or shared memory management relevant to AIA operations. It primarily deals with f...,None,None
121,nvmap_free_handle,dma_operations,Message_Structure_Handling,0,**AIARelevantFunction Score (0)**: The function `nvmap_free_handle` does not interact with an AI Accelerator (AIA) or shared memory management that would typically involve functions like `get_user_...,None,None
122,destroy_client,dma_operations,Message_Structure_Handling,0,**AIARelevantFunction Score (0%)**: The `destroy_client` function does not interact with any AI Accelerator (AIA) relevant functions or memory management patterns typically associated with AIA inte...,None,None
123,destroy_client,dma_operations,Message_Structure_Handling,0,**AIARelevantFunction Score (0%)**: The `destroy_client` function does not involve any operations related to sharing memory with an AI Accelerator (AIA). It primarily focuses on cleaning up resourc...,None,None
124,user_copy:gk20a_power_write,user_copy_operations,Message_Structure_Handling,0,**AIARelevantFunction Score (0)**: The function `gk20a_power_write` does not involve any operations related to sharing memory with an AI Accelerator (AIA). It primarily handles power management for...,None,None
125,gk20a_dbg_gpu_dev_release,ioctl_operations,Message_Structure_Handling,0,"**AIARelevantFunction Score (0%)**: The function `gk20a_dbg_gpu_dev_release` does not interact with any AI Accelerator (AIA) relevant memory management functions such as pinning user pages, obtaini...",None,None
126,gk20a_ctrl_dev_release,ioctl_operations,Message_Structure_Handling,0,**AIARelevantFunction Score (0%)**: The function `gk20a_ctrl_dev_release` does not interact with shared memory or perform any operations related to an AI Accelerator (AIA). It primarily handles the...,None,None
127,nvmap_open,ioctl_operations,Message_Structure_Handling,0,**AIARelevantFunction Score (0)**: The `nvmap_open` function does not involve any operations related to shared memory (SMem) with an AI Accelerator (AIA). It primarily handles the opening of a devi...,None,None
128,gk20a_power_open,ioctl_operations,Message_Structure_Handling,0,**AIARelevantFunction Score (0%)**: The function `gk20a_power_open` does not involve any operations related to shared memory management or interactions with an AI Accelerator (AIA). It primarily de...,None,None
129,gk20a_power_release,ioctl_operations,Message_Structure_Handling,0,**AIARelevantFunction Score (0%)**: The function `gk20a_power_release` does not interact with shared memory or perform any operations related to an AI Accelerator (AIA). It primarily handles the re...,None,None
130,gk20a_ctrl_dev_open,ioctl_operations,Message_Structure_Handling,0,**AIARelevantFunction Score (0%)**: The function `gk20a_ctrl_dev_open` does not directly interact with shared memory or perform operations that would typically be associated with an AI Accelerator ...,None,None
131,nvgpu_ctrl_ioctl_gpu_characteristics_flags,ioctl_operations,Message_Structure_Handling,0,**AIARelevantFunction Score (0%)**: The function `nvgpu_ctrl_ioctl_gpu_characteristics_flags` does not involve any operations related to shared memory management or direct interaction with an AI Ac...,None,None
132,nvgpu_get_ioctl_graphics_preempt_mode_flags,ioctl_operations,Message_Structure_Handling,0,**AIARelevantFunction Score (0)**: The function `nvgpu_get_ioctl_graphics_preempt_mode_flags` does not interact with shared memory or AI Accelerator (AIA) functionalities. It simply processes a fla...,None,None
133,nvgpu_get_ioctl_compute_preempt_mode_flags,ioctl_operations,Message_Structure_Handling,0,"**AIARelevantFunction Score (0)**: The function `nvgpu_get_ioctl_compute_preempt_mode_flags` does not involve any operations related to shared memory management, DMA, or memory mapping that are typ...",None,None
134,nvgpu_get_ioctl_graphics_preempt_mode,ioctl_operations,Message_Structure_Handling,0,**AIARelevantFunction Score (0)**: The function `nvgpu_get_ioctl_graphics_preempt_mode` does not involve any operations related to shared memory (SMem) with an AI Accelerator (AIA). It simply retur...,None,None
135,nvgpu_get_ioctl_compute_preempt_mode,ioctl_operations,Message_Structure_Handling,0,**AIARelevantFunction Score (0)**: The function `nvgpu_get_ioctl_compute_preempt_mode` does not involve any operations related to shared memory (SMem) with an AI Accelerator (AIA). It simply transl...,None,None
136,nvgpu_ioctl_tsg_open,ioctl_operations,Message_Structure_Handling,0,**AIARelevantFunction Score (0%)**: The function `nvgpu_ioctl_tsg_open` does not directly involve any operations related to shared memory management or interactions with an AI Accelerator (AIA). It...,None,None
137,nvgpu_ioctl_channel_alloc_obj_ctx,ioctl_operations,Message_Structure_Handling,0,**AIARelevantFunction Score (0%)**: The function `nvgpu_ioctl_channel_alloc_obj_ctx` does not directly involve any operations related to sharing memory with an AI Accelerator (AIA). It primarily fo...,None,None
138,gk20a_as_ioctl_bind_channel,ioctl_operations,Message_Structure_Handling,0,**AIARelevantFunction Score (0%)**: The function `gk20a_as_ioctl_bind_channel` does not involve any operations related to sharing memory with an AI Accelerator (AIA). It primarily focuses on bindin...,None,None
139,nvgpu_gpu_ioctl_set_l2_max_ways_evict_last,ioctl_operations,Message_Structure_Handling,0,**AIARelevantFunction Score (0)**: The function `nvgpu_gpu_ioctl_set_l2_max_ways_evict_last` does not involve any operations related to shared memory (SMem) with an AI Accelerator (AIA). It primari...,None,None
140,gk20a_as_ioctl_unmap_buffer,ioctl_operations,Message_Structure_Handling,0,**AIARelevantFunction Score (0%)**: The function `gk20a_as_ioctl_unmap_buffer` does not involve any operations that directly relate to sharing memory with an AI Accelerator (AIA). It primarily hand...,None,None
141,nvmap_release,ioctl_operations,Message_Structure_Handling,0,**AIARelevantFunction Score (0)**: The `nvmap_release` function does not involve any operations related to shared memory management or interactions with an AI Accelerator (AIA). It primarily focuse...,None,None
142,gk20a_event_id_release,ioctl_operations,Message_Structure_Handling,0,"**AIARelevantFunction Score (0%)**: The function `gk20a_event_id_release` does not interact with any AI Accelerator (AIA) relevant functions such as memory mapping, DMA operations, or shared memory...",None,None
143,gk20a_channel_release,ioctl_operations,Message_Structure_Handling,0,**AIARelevantFunction Score (0%)**: The function `gk20a_channel_release` does not involve any operations related to shared memory management or interactions with an AI Accelerator (AIA). It primari...,None,None
144,nvgpu_ioctl_tsg_dev_release,ioctl_operations,Message_Structure_Handling,0,**AIARelevantFunction Score (0%)**: The function `nvgpu_ioctl_tsg_dev_release` does not involve any operations related to sharing memory with an AI Accelerator (AIA). It primarily deals with releas...,None,None
145,nvgpu_ioctl_tsg_release,ioctl_operations,Message_Structure_Handling,0,**AIARelevantFunction Score (0%)**: The function `nvgpu_ioctl_tsg_release` does not involve any operations related to shared memory (SMem) with an AI Accelerator (AIA). It primarily deals with rele...,None,None
146,gk20a_as_dev_release,ioctl_operations,Message_Structure_Handling,0,**AIARelevantFunction Score (0)**: The function `gk20a_as_dev_release` does not interact with any AI Accelerator (AIA) relevant functions. It primarily deals with releasing a shared resource associ...,None,None
