Rank,Function_Name,Operation_Type,Category,Score,Reasoning_Summary,Message_Structures,SMIDs_Identified
1,nvgpu_mm_pin,dma_operations,AIARelevantFunction,90,"**AIARelevantFunction Score (90)**: The function `nvgpu_mm_pin` is heavily involved in memory management for DMA buffers, which is crucial for AI Accelerator integration. It uses `dma_buf_attach` a...",[struct dma_buf; struct dma_buf_attachment; struct sg_table],[dma_addr_t; u64 regs_bus_addr; u64 usermode_regs_bus_addr; u64 gpu_va; u64 pa_base]
2,nvgpu_mm_pin,dma_operations,AIARelevantFunction,90,"**AIARelevantFunction Score (90)**: The function `nvgpu_mm_pin` is primarily responsible for pinning a DMA buffer to memory, which is a crucial operation when integrating with an AI Accelerator (AI...",None,None
3,nvgpu_mm_pin,dma_operations,AIARelevantFunction,90,"**AIARelevantFunction Score (90)**: The function `nvgpu_mm_pin` is heavily involved in memory management for DMA operations, specifically attaching a DMA buffer (`dma_buf`) to a device and mapping ...",[struct dma_buf; struct dma_buf_attachment; struct sg_table],[dma_address; user virtual address; physical address; dma_buf; device; sg_table]
4,drivers/video/tegra/nvmap/nvmap_dmabuf.c:_nvmap_dmabuf_map_dma_buf,functions_by_file,AIARelevantFunction,85,"**AIARelevantFunction Score (85)**: The function `_nvmap_dmabuf_map_dma_buf` is involved in mapping a DMA buffer to a device, which is a critical operation for enabling an AI Accelerator (AIA) to a...",[struct dma_buf_attachment; struct nvmap_handle_info; struct sg_table; struct dma_buf],[dma_address; phys_addr; device; dma_buf; nvmap_handle]
5,drivers/gpu/nvgpu/os/linux/linux-dma.c:nvgpu_dma_alloc_flags_sys,functions_by_file,AIARelevantFunction,80,"**AIARelevantFunction Score (80)**: The function `nvgpu_dma_alloc_flags_sys` is responsible for allocating DMA memory, which is crucial for enabling the AI Accelerator (AIA) to access shared memory...",[nvgpu_mem; sg_table],[gpu_va; cpu_va; size; aligned_size; dma_address; dma_length]
6,drivers/video/tegra/nvmap/nvmap_alloc.c:handle_page_alloc,functions_by_file,AIARelevantFunction,80,**AIARelevantFunction Score (80)**: The function `handle_page_alloc` is primarily responsible for allocating memory pages for a given `nvmap_handle`. It utilizes various memory management technique...,[nvmap_handle],[size; vaddr; pages; dma_buf]
7,drivers/video/tegra/nvmap/nvmap_alloc.c:alloc_handle_from_va,functions_by_file,AIARelevantFunction,80,**AIARelevantFunction Score (80)**: The function `alloc_handle_from_va` is involved in memory management that is relevant to AI Accelerator integration. It pins user pages to memory using `nvmap_ge...,None,vaddr; size; flags
8,__dma_buf_export,dma_operations,AIARelevantFunction,80,"**AIARelevantFunction Score (80)**: The function `__dma_buf_export` is involved in exporting a DMA buffer, which is critical for sharing memory with an AI Accelerator (AIA). It utilizes the `dma_bu...",[dma_buf_export_info],[phys_addr_t; size_t; dma_buf*; module*; void*]
9,nvgpu_vm_map_buffer,dma_operations,AIARelevantFunction,80,"**AIARelevantFunction Score (80)**: The function `nvgpu_vm_map_buffer` is involved in mapping a DMA buffer to a virtual address space, which is critical for enabling an AI Accelerator (AIA) to acce...",[vm_gk20a_mapping_batch],[buffer_offset; mapping_size; dmabuf->size; *map_addr]
10,nvgpu_vm_map_buffer,dma_operations,AIARelevantFunction,80,"**AIARelevantFunction Score (80)**: The function `nvgpu_vm_map_buffer` is involved in mapping a DMA buffer to a virtual address space, which is critical for enabling the AI Accelerator (AIA) to acc...",[vm_gk20a_mapping_batch],[buffer_offset; mapping_size; dmabuf->size; *map_addr]
11,nvgpu_vm_map_buffer,dma_operations,AIARelevantFunction,80,"**AIARelevantFunction Score (80)**: The function `nvgpu_vm_map_buffer` is involved in mapping a DMA buffer to a virtual address space, which is critical for enabling an AI Accelerator (AIA) to acce...",[vm_gk20a_mapping_batch],[buffer_offset; mapping_size; dmabuf->size; *map_addr]
12,nvgpu_vm_map_buffer,dma_operations,AIARelevantFunction,80,"**AIARelevantFunction Score (80)**: The function `nvgpu_vm_map_buffer` is involved in mapping a DMA buffer to a virtual address space, which is critical for enabling an AI Accelerator (AIA) to acce...",[vm_gk20a_mapping_batch],[dma_buf; u64 buffer_offset; u64 mapping_size; u64 *map_addr]
13,nvgpu_vm_map_buffer,dma_operations,AIARelevantFunction,80,"**AIARelevantFunction Score (80)**: The function `nvgpu_vm_map_buffer` is involved in mapping a DMA buffer to a virtual address space, which is critical for enabling an AI Accelerator (AIA) to acce...",[vm_gk20a_mapping_batch],[dma_buf; buffer_offset; mapping_size; *map_addr]
14,nvgpu_vm_map_buffer,dma_operations,AIARelevantFunction,80,"**AIARelevantFunction Score (80)**: The function `nvgpu_vm_map_buffer` is involved in mapping a DMA buffer to a virtual memory space, which is critical for enabling an AI Accelerator (AIA) to acces...",[vm_gk20a_mapping_batch; dma_buf],[buffer_offset; *map_addr; dmabuf->size; dmabuf->file]
15,nvgpu_vm_map_buffer,dma_operations,AIARelevantFunction,80,"**AIARelevantFunction Score (80)**: The function `nvgpu_vm_map_buffer` is involved in mapping a DMA buffer to a virtual address space, which is critical for enabling the AI Accelerator (AIA) to acc...",[vm_gk20a_mapping_batch],[buffer_offset; mapping_size; *map_addr; dmabuf->size]
16,nvgpu_usermode_buf_from_dmabuf,dma_operations,AIARelevantFunction,80,"**AIARelevantFunction Score (80)**: The function `nvgpu_usermode_buf_from_dmabuf` is involved in managing DMA buffers, which are critical for sharing memory with AI Accelerators (AIA). It uses `dma...",[struct nvgpu_usermode_buf_linux; struct nvgpu_mem],[dma_buf; dma_buf_attachment; sg_table]
17,user_copy:gk20a_channel_ioctl,user_copy_operations,AIARelevantFunction,80,"**AIARelevantFunction Score (80)**: The function `gk20a_channel_ioctl` interacts with various structures that are relevant to the AI Accelerator (AIA) operations, particularly in managing channels ...",[nvgpu_alloc_obj_ctx_args; nvgpu_channel_setup_bind_args; nvgpu_alloc_gpfifo_ex_args; nvgpu_set_error_notifier; nvgpu_set_timeout_args; nvgpu_set_timeout_ex_args; nvgpu_get_param_args],[chid; tsgid; userd_dmabuf_fd; gpfifo_dmabuf_fd; userd_dmabuf_offset; gpfifo_dmabuf_offset; obj_id]
18,user_copy:gk20a_as_dev_ioctl,user_copy_operations,AIARelevantFunction,80,**AIARelevantFunction Score (80)**: The function `gk20a_as_dev_ioctl` is involved in handling various IOCTL commands that are likely related to memory management and operations with the AI Accelera...,[nvgpu_as_bind_channel_args; nvgpu32_as_alloc_space_args; nvgpu_as_alloc_space_args; nvgpu_as_free_space_args; nvgpu_as_map_buffer_ex_args; nvgpu_as_unmap_buffer_args; nvgpu_as_get_va_regions_args; nvgpu_as_map_buffer_batch_args; nvgpu_as_get_sync_ro_map_args; nvgpu_as_mapping_modify_args; nvgpu_as_remap_args],[channel_fd; pages; page_size; flags; buffer_offset; mapping_size; offset; base_gpuva; sync_size; num_syncpoints]
19,user_copy:gk20a_as_dev_ioctl,user_copy_operations,AIARelevantFunction,80,**AIARelevantFunction Score (80)**: The function `gk20a_as_dev_ioctl` interacts with various memory management operations that are relevant to the AI Accelerator (AIA). It handles commands that inv...,[nvgpu_as_bind_channel_args; nvgpu32_as_alloc_space_args; nvgpu_as_alloc_space_args; nvgpu_as_free_space_args; nvgpu_as_map_buffer_ex_args; nvgpu_as_unmap_buffer_args; nvgpu_as_get_va_regions_args; nvgpu_as_map_buffer_batch_args; nvgpu_as_get_sync_ro_map_args; nvgpu_as_mapping_modify_args; nvgpu_as_remap_args],[channel_fd; pages; page_size; flags; offset; buffer_offset; buffer_size; base_gpuva; num_syncpoints]
20,user_copy:nvmap_ioctl_create,user_copy_operations,AIARelevantFunction,80,**AIARelevantFunction Score (80)**: The function `nvmap_ioctl_create` is involved in creating a handle for a shared memory buffer that can be used by an AI Accelerator. It interacts with DMA buffer...,[nvmap_create_handle],[handle; handle64; fd; size; orig_size; vaddr; dma_buf; dma_buf_ro]
21,user_copy:nvgpu_gpu_ioctl_register_buffer,user_copy_operations,AIARelevantFunction,80,"**AIARelevantFunction Score (80)**: The function `nvgpu_gpu_ioctl_register_buffer` is involved in managing a DMA buffer, which is critical for AI Accelerator (AIA) operations. It uses `dma_buf_get`...",[struct nvgpu_gpu_register_buffer_args],[dmabuf_fd; metadata_addr; metadata_size]
22,user_copy:nvmap_ioctl_create_from_va,user_copy_operations,AIARelevantFunction,80,"**AIARelevantFunction Score (80)**: The function `nvmap_ioctl_create_from_va` is involved in creating a handle from a virtual address, which is a critical operation for managing shared memory betwe...",[nvmap_create_handle_from_va],[handle; va; size; flags]
23,gk20a_ioctl_channel_submit_gpfifo,ioctl_operations,AIARelevantFunction,80,"**AIARelevantFunction Score (80)**: The function `gk20a_ioctl_channel_submit_gpfifo` is involved in submitting a GPU FIFO command, which is relevant for AI Accelerator operations. It handles user c...",[nvgpu_submit_gpfifo_args; nvgpu_channel_fence; nvgpu_user_fence; nvgpu_gpfifo_userdata],[fence.id; fence.value; args.gpfifo; args.num_entries; args.flags; userdata.entries; userdata.context]
24,gk20a_ctrl_dev_ioctl,ioctl_operations,AIARelevantFunction,80,"**AIARelevantFunction Score (80)**: The function `gk20a_ctrl_dev_ioctl` handles various IOCTL commands that interact with the GPU and its subsystems, including memory management and configuration. ...",[nvgpu_gpu_zcull_get_ctx_size_args; nvgpu_gpu_zcull_get_info_args; nvgpu_gpu_zbc_set_table_args; nvgpu_gpu_zbc_query_table_args; nvgpu_gpu_get_characteristics; nvgpu_gpu_prepare_compressible_read_args; nvgpu_gpu_mark_compressible_write_args; nvgpu_alloc_as_args; nvgpu_gpu_open_tsg_args; nvgpu_gpu_get_tpc_masks_args; nvgpu_gpu_get_fbp_l2_masks_args; nvgpu_channel_open_args; nvgpu_gpu_l2_fb_args; nvgpu_gpu_mmu_debug_mode_args; nvgpu_gpu_sm_debug_mode_args],[handle; offset; va_range_start; va_range_end; va_range_split; zbc_color; syncpt_unit_base; syncpt_size]
25,gk20a_as_dev_ioctl,ioctl_operations,AIARelevantFunction,80,"**AIARelevantFunction Score (80)**: The function `gk20a_as_dev_ioctl` is involved in handling various IOCTL commands that interact with the GPU's memory management and resource allocation, which is...",[struct nvgpu_as_bind_channel_args; struct nvgpu32_as_alloc_space_args; struct nvgpu_as_alloc_space_args; struct nvgpu_as_free_space_args; struct nvgpu_as_map_buffer_ex_args; struct nvgpu_as_unmap_buffer_args; struct nvgpu_as_get_va_regions_args; struct nvgpu_as_map_buffer_batch_args; struct nvgpu_as_get_sync_ro_map_args; struct nvgpu_as_mapping_modify_args; struct nvgpu_as_remap_args],[channel_fd; offset; pages; page_size; buffer_offset; buffer_size; map_address; base_gpuva]
26,nvmap_ioctl_alloc,ioctl_operations,AIARelevantFunction,80,"**AIARelevantFunction (80%)**: The function `nvmap_ioctl_alloc` is involved in memory allocation for an AI Accelerator (AIA) context. It utilizes the `nvmap_alloc_handle` structure, which contains ...",[nvmap_alloc_handle],[handle; heap_mask; flags; align; size; orig_size; vaddr]
27,nvgpu_gpu_ioctl_register_buffer,ioctl_operations,AIARelevantFunction,80,"**AIARelevantFunction Score (80)**: The function `nvgpu_gpu_ioctl_register_buffer` is involved in registering a buffer for use with the GPU, which includes handling DMA buffers. It uses `dma_buf_ge...",[struct nvgpu_gpu_register_buffer_args],[dmabuf_fd; metadata_addr; metadata_size]
28,gk20a_as_ioctl_map_buffer_ex,ioctl_operations,AIARelevantFunction,80,**AIARelevantFunction Score (80)**: The function `gk20a_as_ioctl_map_buffer_ex` is involved in mapping a buffer for an AI Accelerator (AIA) by utilizing the `nvgpu_vm_map_buffer` function. This fun...,[nvgpu_as_map_buffer_ex_args],[dmabuf_fd; buffer_offset; mapping_size; offset]
29,nvmap_ioctl_create_from_va,ioctl_operations,AIARelevantFunction,80,"**AIARelevantFunction (80%)**: The function `nvmap_ioctl_create_from_va` is involved in creating a handle from a virtual address, which is a critical operation for managing shared memory between th...",[nvmap_create_handle_from_va],[va; size; flags; handle]
30,drivers/gpu/nvgpu/os/linux/linux-dma.c:nvgpu_dma_alloc_no_iommu,functions_by_file,AIARelevantFunction,70,"**AIARelevantFunction Score (70%)**: The function `nvgpu_dma_alloc_no_iommu` is involved in memory allocation that could be relevant for an AI Accelerator (AIA) context, particularly in the context...",None,None
31,drivers/gpu/nvgpu/os/linux/linux-dma.c:nvgpu_get_sgtable_from_pages,functions_by_file,AIARelevantFunction,70,**AIARelevantFunction Score (70)**: The function `nvgpu_get_sgtable_from_pages` is involved in memory management that could be relevant for AI Accelerator integration. It allocates a scatter-gather...,None,None
32,drivers/video/tegra/nvmap/nvmap_dmabuf.c:nvmap_get_dmabuf_fd,functions_by_file,AIARelevantFunction,70,No reasoning provided,[struct nvmap_handle; struct dma_buf],[size; vaddr; dma_buf; file]
33,drivers/video/tegra/nvmap/nvmap_dmabuf.c:_nvmap_dmabuf_unmap_dma_buf,functions_by_file,AIARelevantFunction,70,"**AIARelevantFunction (70%)**: The function `_nvmap_dmabuf_unmap_dma_buf` is involved in unmapping a DMA buffer, which is relevant to the interaction with AI Accelerators (AIA) as it deals with DMA...",[struct nvmap_handle_info; struct dma_buf_attachment; struct sg_table],[dma_buf; dma_addr_t; nvmap_handle; phys_addr_t]
34,nvmap_handle_get_from_id,dma_operations,AIARelevantFunction,70,"**AIARelevantFunction Score (70)**: The function `nvmap_handle_get_from_id` interacts with DMA buffers, which are crucial for memory sharing between the CPU and AI Accelerators (AIA). It uses `dma_...",[struct nvmap_handle_info; struct dma_buf],[dma_buf*; nvmap_handle*; nvmap_client*; size_t]
35,nvgpu_gpu_ioctl_register_buffer,dma_operations,AIARelevantFunction,70,"**AIARelevantFunction Score (70)**: The function `nvgpu_gpu_ioctl_register_buffer` is involved in registering a buffer for use with the GPU, which includes handling a DMA buffer (`dma_buf`). It uti...",[struct nvgpu_gpu_register_buffer_args],[dmabuf_fd; metadata_addr; metadata_size]
36,gk20a_init_error_notifier,dma_operations,AIARelevantFunction,70,"**AIARelevantFunction (70%)**: The function `gk20a_init_error_notifier` interacts with a DMA buffer, which is crucial for memory management in the context of AI Accelerators. It uses `dma_buf_get` ...",[nvgpu_set_error_notifier; nvgpu_notification; dma_buf],[mem (handle); vaddr (virtual address); notification (pointer to notification structure)]
37,nvgpu_os_channel_free_usermode_buffers,dma_operations,AIARelevantFunction,70,**AIARelevantFunction Score (70)**: The function `nvgpu_os_channel_free_usermode_buffers` is involved in managing user-mode buffers associated with a GPU channel. It interacts with DMA buffers thro...,[gpfifo_desc; nvgpu_usermode_buf_linux],[dma_buf; attachment; sgt; userd; gpfifo]
38,user_copy:gk20a_channel_ioctl,user_copy_operations,AIARelevantFunction,70,"**AIARelevantFunction Score (70)**: The function `gk20a_channel_ioctl` interacts with various structures that are relevant for managing GPU channels and their operations, which may involve shared m...",[nvgpu_channel_open_args; nvgpu_alloc_obj_ctx_args; nvgpu_channel_setup_bind_args; nvgpu_alloc_gpfifo_ex_args; nvgpu_submit_gpfifo_args; nvgpu_wait_args; nvgpu_set_error_notifier; nvgpu_set_timeout_args; nvgpu_set_timeout_ex_args; nvgpu_get_param_args],[userd_dmabuf_fd; gpfifo_dmabuf_fd; userd_dmabuf_offset; gpfifo_dmabuf_offset]
39,user_copy:nvmap_ioctl_create,user_copy_operations,AIARelevantFunction,70,**AIARelevantFunction Score (70%)**: The function `nvmap_ioctl_create` is involved in creating a handle for a memory buffer that can be shared with an AI Accelerator (AIA). It utilizes the `nvmap_c...,[nvmap_create_handle],[handle; handle64; fd]
40,user_copy:nvmap_install_fd,user_copy_operations,AIARelevantFunction,70,**AIARelevantFunction Score (70%)**: The function `nvmap_install_fd` interacts with a DMA buffer (`dma_buf`) which is crucial for memory management between the CPU and an AI Accelerator (AIA). It u...,[nvmap_handle_info; dma_buf],[dma_buf->file; nvmap_handle_info->handle; nvmap_handle->dmabuf; nvmap_handle->vaddr]
41,user_copy:nvgpu_ioctl_tsg_dev_ioctl,user_copy_operations,AIARelevantFunction,70,"**AIARelevantFunction Score (70)**: The function `nvgpu_ioctl_tsg_dev_ioctl` interacts with the GPU's task scheduling and channel binding, which can involve shared memory operations. It handles var...",[nvgpu_tsg_bind_channel_ex_args; nvgpu_tsg_bind_scheduling_domain_args; nvgpu_runlist_interleave_args; nvgpu_timeslice_args; nvgpu_tsg_read_single_sm_error_state_args; nvgpu_tsg_l2_max_ways_evict_last_args; nvgpu_tsg_set_l2_sector_promotion_args],[channel_fd; domain_fd; timeslice_us; max_ways; promotion_flag; record_mem; record_size]
42,user_copy:nvmap_ioctl_create_from_va,user_copy_operations,AIARelevantFunction,70,"**AIARelevantFunction Score (70%)**: The function `nvmap_ioctl_create_from_va` is involved in creating a handle from a virtual address, which is relevant for memory management in the context of an ...",[nvmap_create_handle_from_va],[va; size; flags; handle]
43,gk20a_channel_ioctl,ioctl_operations,AIARelevantFunction,70,"**AIARelevantFunction Score (70)**: The function `gk20a_channel_ioctl` interacts with various structures that manage GPU channels and their operations, which can involve shared memory and DMA opera...",[nvgpu_channel_open_args; nvgpu_alloc_obj_ctx_args; nvgpu_channel_setup_bind_args; nvgpu_alloc_gpfifo_ex_args; nvgpu_set_error_notifier; nvgpu_set_timeout_args; nvgpu_set_timeout_ex_args; nvgpu_get_param_args],[userd_dmabuf_fd; gpfifo_dmabuf_fd; userd_dmabuf_offset; gpfifo_dmabuf_offset; offset; size; mem]
44,nvmap_ioctl,ioctl_operations,AIARelevantFunction,70,**AIARelevantFunction Score (70)**: The function `nvmap_ioctl` is involved in handling various IOCTL commands that can potentially relate to memory management and operations that may involve an AI ...,[struct nvmap_rw_handle; struct nvmap_cache_op; struct nvmap_cache_op_32; struct nvmap_cache_op_64],[addr; handle]
45,nvmap_ioctl_create,ioctl_operations,AIARelevantFunction,70,"**AIARelevantFunction Score (70)**: The function `nvmap_ioctl_create` is involved in creating a handle for shared memory, which is relevant for AI Accelerator integration. It interacts with DMA buf...",[nvmap_create_handle],[handle; fd; size; orig_size; dma_buf]
46,nvmap_handle_get_from_id,dma_operations,AIARelevantFunction,60,"**AIARelevantFunction Score (60)**: The function `nvmap_handle_get_from_id` interacts with DMA buffers through the `dma_buf` structure, which is relevant for AI Accelerator integration. It retrieve...",[struct nvmap_handle_info; struct dma_buf],[dma_buf* dmabuf; nvmap_handle* handle]
47,nvmap_handle_get_from_id,dma_operations,AIARelevantFunction,60,"**AIARelevantFunction Score (60)**: The function `nvmap_handle_get_from_id` interacts with DMA buffers, which are crucial for memory management in AI Accelerator contexts. It retrieves a DMA buffer...",[struct nvmap_handle_info; struct dma_buf],[dma_buf* dmabuf; nvmap_handle* handle; nvmap_client* client]
48,nvmap_handle_get_from_id,dma_operations,AIARelevantFunction,60,"**AIARelevantFunction Score (60)**: The function `nvmap_handle_get_from_id` interacts with DMA buffers through the `dma_buf` structure, which is relevant for AI Accelerator integration. It retrieve...",[nvmap_handle_info; dma_buf],[dma_buf*; nvmap_handle*; nvmap_client*; nvmap_handle_info*]
49,user_copy:gk20a_as_ioctl_get_va_regions,user_copy_operations,AIARelevantFunction,60,"**AIARelevantFunction Score (60)**: The function `gk20a_as_ioctl_get_va_regions` interacts with the GPU's virtual address regions, which is relevant for memory management in the context of an AI Ac...",[struct nvgpu_as_get_va_regions_args; struct nvgpu_as_va_region],[buf_addr; buf_size; offset; page_size; pages]
50,user_copy:nvmap_ioctl_alloc,user_copy_operations,AIARelevantFunction,60,"**AIARelevantFunction (60%)**: The function `nvmap_ioctl_alloc` is responsible for allocating memory for an NVMAP handle, which is relevant for AI Accelerator integration. It does not directly inte...",[nvmap_alloc_handle],[handle; heap_mask; flags; align; size; vaddr]
51,nvgpu_ioctl_tsg_dev_ioctl,ioctl_operations,AIARelevantFunction,60,"**AIARelevantFunction Score (60)**: The function `nvgpu_ioctl_tsg_dev_ioctl` interacts with various structures that manage GPU resources and operations, including binding channels and managing time...",[nvgpu_tsg_bind_channel_ex_args; nvgpu_tsg_read_single_sm_error_state_args; nvgpu_tsg_l2_max_ways_evict_last_args; nvgpu_tsg_set_l2_sector_promotion_args; nvgpu_runlist_interleave_args; nvgpu_timeslice_args; nvgpu_event_id_ctrl_args],[channel_fd; subcontext_id; sm_id; record_mem; record_size; max_ways; promotion_flag; level; timeslice_us; event_id; event_fd]
52,drivers/gpu/nvgpu/os/linux/linux-dma.c:nvgpu_iommuable,functions_by_file,AIARelevantFunction,0,**AIARelevantFunction Score (0%)**: The function `nvgpu_iommuable` does not interact with shared memory or perform any operations related to an AI Accelerator (AIA). It primarily checks if the devi...,None,None
53,drivers/gpu/nvgpu/os/linux/linux-dma.c:nvgpu_dma_free_sys,functions_by_file,AIARelevantFunction,0,**AIARelevantFunction Score (0%)**: The function `nvgpu_dma_free_sys` is primarily focused on freeing DMA memory and does not involve any operations related to sharing memory with an AI Accelerator...,None,None
54,drivers/gpu/nvgpu/os/linux/linux-dma.c:nvgpu_dma_free_no_iommu,functions_by_file,AIARelevantFunction,0,**AIARelevantFunction Score (0)**: The function `nvgpu_dma_free_no_iommu` is primarily concerned with freeing DMA memory and does not involve any operations that directly relate to sharing memory w...,None,None
55,drivers/gpu/nvgpu/os/linux/linux-dma.c:nvgpu_free_sgtable,functions_by_file,AIARelevantFunction,0,**AIARelevantFunction Score (0%)**: The function `nvgpu_free_sgtable` does not involve any operations related to sharing memory with an AI Accelerator (AIA). It simply frees a scatter-gather table ...,None,None
56,drivers/gpu/nvgpu/os/linux/linux-dma.c:nvgpu_dma_flags_to_attrs,functions_by_file,AIARelevantFunction,0,**AIARelevantFunction Score (0%)**: The function `nvgpu_dma_flags_to_attrs` does not interact with shared memory or AI Accelerator (AIA) specific memory management functions. It primarily translate...,None,None
57,drivers/gpu/nvgpu/os/linux/platform_gk20a_tegra.c:gk20a_tegra_idle,functions_by_file,AIARelevantFunction,0,**AIARelevantFunction Score (0)**: The function `gk20a_tegra_idle` does not involve any operations related to shared memory management or interactions with an AI Accelerator (AIA). It primarily han...,None,None
58,drivers/gpu/nvgpu/os/linux/platform_gk20a_tegra.c:gk20a_tegra_busy,functions_by_file,AIARelevantFunction,0,**AIARelevantFunction Score (0%)**: The function `gk20a_tegra_busy` does not interact with shared memory or perform any operations that would typically be associated with an AI Accelerator (AIA). I...,None,None
59,drivers/video/tegra/nvmap/nvmap_dmabuf.c:dmabuf_is_nvmap,functions_by_file,AIARelevantFunction,0,**AIARelevantFunction Score (0%)**: The function `dmabuf_is_nvmap` does not involve any operations related to shared memory (SMem) with an AI Accelerator (AIA). It simply checks if the `exp_name` f...,None,None
60,drivers/video/tegra/nvmap/nvmap_dmabuf.c:nvmap_dmabuf_attach,functions_by_file,AIARelevantFunction,0,**AIARelevantFunction Score (0%)**: The function `nvmap_dmabuf_attach` does not directly involve any operations related to sharing memory with an AI Accelerator (AIA). It simply calls another funct...,None,None
61,drivers/video/tegra/nvmap/nvmap_dmabuf.c:nvmap_dmabuf_mmap,functions_by_file,AIARelevantFunction,0,**AIARelevantFunction Score (0)**: The function `nvmap_dmabuf_mmap` does not directly involve any operations related to sharing memory with an AI Accelerator (AIA). It primarily handles memory mapp...,None,None
62,drivers/video/tegra/nvmap/nvmap_dmabuf.c:nvmap_dmabuf_vmap,functions_by_file,AIARelevantFunction,0,**AIARelevantFunction Score (0)**: The function `nvmap_dmabuf_vmap` does not interact with an AI Accelerator (AIA) or perform any operations related to shared memory management that would typically...,None,None
63,drivers/video/tegra/nvmap/nvmap_dmabuf.c:nvmap_dmabuf_get_drv_data,functions_by_file,AIARelevantFunction,0,**AIARelevantFunction Score (0)**: The function `nvmap_dmabuf_get_drv_data` does not involve any operations related to sharing memory with an AI Accelerator (AIA). It primarily retrieves driver-spe...,None,None
64,drivers/video/tegra/nvmap/nvmap_dmabuf.c:nvmap_dmabuf_detach,functions_by_file,AIARelevantFunction,0,**AIARelevantFunction Score (0)**: The function `nvmap_dmabuf_detach` does not involve any operations related to sharing memory with an AI Accelerator (AIA). It primarily deals with detaching a DMA...,None,None
65,drivers/video/tegra/nvmap/nvmap_dmabuf.c:nvmap_dmabuf_release,functions_by_file,AIARelevantFunction,0,**AIARelevantFunction Score (0%)**: The function `nvmap_dmabuf_release` does not involve any operations related to sharing memory with an AI Accelerator (AIA). It primarily deals with releasing a D...,None,None
66,drivers/video/tegra/nvmap/nvmap_dmabuf.c:nvmap_dmabuf_vunmap,functions_by_file,AIARelevantFunction,0,**AIARelevantFunction Score (0)**: The function `nvmap_dmabuf_vunmap` does not involve any operations that directly relate to sharing memory with an AI Accelerator (AIA). It primarily deals with un...,None,None
67,drivers/video/tegra/nvmap/nvmap_alloc.c:nvmap_alloc_handle,functions_by_file,AIARelevantFunction,0,**AIARelevantFunction Score (0)**: The function `nvmap_alloc_handle` does not directly interact with an AI Accelerator (AIA) or shared memory (SMem) management for an AIA. It primarily focuses on a...,None,None
68,drivers/video/tegra/nvmap/nvmap_alloc.c:alloc_handle,functions_by_file,AIARelevantFunction,0,**AIARelevantFunction Score (0)**: The function `alloc_handle` does not involve any operations that directly relate to sharing memory with an AI Accelerator (AIA). It primarily focuses on allocatin...,None,None
69,drivers/video/tegra/nvmap/nvmap_alloc.c:nvmap_altalloc,functions_by_file,AIARelevantFunction,0,**AIARelevantFunction Score (0)**: The function `nvmap_altalloc` does not interact with any AI Accelerator (AIA) relevant operations. It is primarily focused on memory allocation using `vzalloc` an...,None,None
70,drivers/video/tegra/nvmap/nvmap_alloc.c:nvmap_alloc_pages_exact,functions_by_file,AIARelevantFunction,0,"**AIARelevantFunction Score (0)**: The function `nvmap_alloc_pages_exact` is primarily focused on memory allocation using the `alloc_pages` function, which is part of the Linux kernel's memory mana...",None,None
71,drivers/video/tegra/nvmap/nvmap_alloc.c:is_nvmap_id_ro,functions_by_file,AIARelevantFunction,0,**AIARelevantFunction Score (0%)**: The function `is_nvmap_id_ro` does not interact with an AI Accelerator (AIA) or shared memory (SMem) directly. It primarily deals with the `nvmap_client` and `dm...,None,None
72,drivers/video/tegra/nvmap/nvmap_alloc.c:nvmap_altfree,functions_by_file,AIARelevantFunction,0,**AIARelevantFunction Score (0)**: The function `nvmap_altfree` does not involve any operations related to AI Accelerator integration or shared memory management. It simply frees memory based on th...,None,None
73,drivers/video/tegra/nvmap/nvmap_alloc.c:nvmap_alloc_handle_from_va,functions_by_file,AIARelevantFunction,0,**AIARelevantFunction Score (0)**: The function `nvmap_alloc_handle_from_va` does not interact with an AI Accelerator (AIA) or shared memory management that is typical for AIA integration. It prima...,None,None
74,drivers/video/tegra/nvmap/nvmap_alloc.c:nvmap_free_handle_from_fd,functions_by_file,AIARelevantFunction,0,**AIARelevantFunction Score (0%)**: The function `nvmap_free_handle_from_fd` does not interact with an AI Accelerator (AIA) or shared memory (SMem) directly. It primarily deals with freeing a handl...,None,None
75,drivers/video/tegra/nvmap/nvmap_alloc.c:nvmap_free_handle,functions_by_file,AIARelevantFunction,0,**AIARelevantFunction Score (0%)**: The function `nvmap_free_handle` does not interact with an AI Accelerator (AIA) or shared memory management that is typically associated with AIA operations. It ...,None,None
76,drivers/video/tegra/nvmap/nvmap_alloc.c:_nvmap_handle_free,functions_by_file,AIARelevantFunction,0,**AIARelevantFunction Score (0%)**: The function `_nvmap_handle_free` does not interact with an AI Accelerator (AIA) or shared memory (SMem) directly. It primarily deals with freeing resources asso...,None,None
77,drivers/video/tegra/nvmap/nvmap_alloc.c:nvmap_heap_pgfree,functions_by_file,AIARelevantFunction,0,**AIARelevantFunction Score (0%)**: The function `nvmap_heap_pgfree` does not interact with any AI Accelerator (AIA) related memory management functions. It primarily deals with freeing memory allo...,None,None
78,drivers/video/tegra/nvmap/nvmap_alloc.c:nvmap_heap_pgalloc_dev,functions_by_file,AIARelevantFunction,0,**AIARelevantFunction Score (0)**: The function `nvmap_heap_pgalloc_dev` does not interact with any AI Accelerator (AIA) relevant functions or memory management patterns that would typically involv...,None,None
79,nvgpu_dma_free_sys,dma_operations,AIARelevantFunction,0,**AIARelevantFunction Score (0%)**: The function `nvgpu_dma_free_sys` is primarily focused on freeing system memory allocated for GPU operations. It does not involve any operations related to shari...,None,None
80,is_nvmap_id_ro,dma_operations,AIARelevantFunction,0,**AIARelevantFunction Score (0%)**: The function `is_nvmap_id_ro` does not interact with an AI Accelerator (AIA) or shared memory (SMem) directly. It primarily deals with the `nvmap_client` and `dm...,None,None
81,nvmap_get_dmabuf_fd,dma_operations,AIARelevantFunction,0,**AIARelevantFunction Score (0%)**: The function `nvmap_get_dmabuf_fd` does not directly involve operations that share memory with an AI Accelerator (AIA). It primarily deals with exporting a DMA b...,None,None
82,nvmap_ioctl_getfd,dma_operations,AIARelevantFunction,0,**AIARelevantFunction Score (0)**: The function `nvmap_ioctl_getfd` does not directly interact with an AI Accelerator (AIA) or manage shared memory (SMem) in a way that is typical for AIA integrati...,[nvmap_create_handle],[fd; handle]
83,nvgpu_gpu_ioctl_register_buffer,dma_operations,AIARelevantFunction,0,**AIARelevantFunction Score (0)**: The function `nvgpu_gpu_ioctl_register_buffer` does not directly interact with an AI Accelerator (AIA) or manage shared memory (SMem) in a way that would qualify ...,[nvgpu_gpu_register_buffer_args],[dmabuf_fd; metadata_addr; metadata_size]
84,gk20a_init_error_notifier,dma_operations,AIARelevantFunction,0,**AIARelevantFunction Score (0)**: The function `gk20a_init_error_notifier` does not directly interact with an AI Accelerator (AIA) or manage shared memory (SMem) in a way that would qualify it as ...,[struct nvgpu_set_error_notifier; struct nvgpu_notification],[args->mem]
85,gk20a_channel_free_error_notifiers,dma_operations,AIARelevantFunction,0,**AIARelevantFunction Score (0%)**: The function `gk20a_channel_free_error_notifiers` does not interact with an AI Accelerator (AIA) or shared memory (SMem) mechanisms. It primarily deals with free...,None,None
86,gk20a_init_error_notifier,dma_operations,AIARelevantFunction,0,**AIARelevantFunction Score (0)**: The function `gk20a_init_error_notifier` does not directly interact with an AI Accelerator (AIA) or perform operations related to shared memory management for an ...,[struct nvgpu_set_error_notifier; struct nvgpu_notification],[mem (memory handle); offset; size]
87,nvgpu_mm_unpin,dma_operations,AIARelevantFunction,0,**AIARelevantFunction Score (0)**: The function `nvgpu_mm_unpin` does not involve any operations that directly relate to sharing memory with an AI Accelerator (AIA). It primarily deals with unmappi...,None,None
88,nvgpu_mm_unpin,dma_operations,AIARelevantFunction,0,**AIARelevantFunction Score (0)**: The function `nvgpu_mm_unpin` does not involve any operations that directly relate to sharing memory with an AI Accelerator (AIA). It primarily deals with unmappi...,None,None
89,nvgpu_vm_unmap_system,dma_operations,AIARelevantFunction,0,**AIARelevantFunction Score (0%)**: The function `nvgpu_vm_unmap_system` does not involve any operations that directly relate to sharing memory with an AI Accelerator (AIA). It primarily deals with...,None,None
90,nvmap_free_handle,dma_operations,AIARelevantFunction,0,**AIARelevantFunction Score (0%)**: The function `nvmap_free_handle` does not interact with an AI Accelerator (AIA) or shared memory (SMem) directly. It primarily deals with freeing a handle associ...,None,None
91,nvmap_free_handle,dma_operations,AIARelevantFunction,0,**AIARelevantFunction Score (0%)**: The function `nvmap_free_handle` does not interact with an AI Accelerator (AIA) or shared memory (SMem) in any way that would qualify it as relevant to AIA opera...,None,None
92,nvmap_ioctl_free,dma_operations,AIARelevantFunction,0,**AIARelevantFunction (0%)**: The function `nvmap_ioctl_free` does not directly interact with an AI Accelerator (AIA) or shared memory management that would typically involve functions like `get_us...,[None identified],[None identified]
93,nvmap_ioctl_free,dma_operations,AIARelevantFunction,0,**AIARelevantFunction Score (0%)**: The function `nvmap_ioctl_free` does not directly involve sharing memory with an AI Accelerator (AIA). It primarily deals with freeing a DMA buffer associated wi...,[None identified],[None identified]
94,destroy_client,dma_operations,AIARelevantFunction,0,**AIARelevantFunction Score (0%)**: The function `destroy_client` does not interact with any AI Accelerator (AIA) relevant functions or shared memory management patterns. It primarily focuses on cl...,None,None
95,destroy_client,dma_operations,AIARelevantFunction,0,**AIARelevantFunction Score (0%)**: The function `destroy_client` does not involve any operations related to shared memory (SMem) with an AI Accelerator (AIA). It primarily focuses on cleaning up a...,None,None
96,nvgpu_os_channel_free_usermode_buffers,dma_operations,AIARelevantFunction,0,**AIARelevantFunction**: The function `nvgpu_os_channel_free_usermode_buffers` does not involve any operations that directly relate to sharing memory with an AI Accelerator (AIA). It primarily focu...,None,None
97,user_copy:nvgpu_channel_copy_user_gpfifo,user_copy_operations,AIARelevantFunction,0,**AIARelevantFunction Score (0)**: The function `nvgpu_channel_copy_user_gpfifo` does not directly interact with an AI Accelerator (AIA) or manage shared memory in a way that is typical for AIA int...,[struct nvgpu_gpfifo_userdata; struct nvgpu_gpfifo_entry],[entries (pointer to nvgpu_gpfifo_entry); context (pointer to _resmgr_context)]
98,user_copy:nvmap_ioctl_get_available_heaps,user_copy_operations,AIARelevantFunction,0,**AIARelevantFunction Score (0)**: The function `nvmap_ioctl_get_available_heaps` does not involve any operations that directly relate to sharing memory with an AI Accelerator (AIA). It primarily r...,[struct nvmap_available_heaps],[None identified]
99,user_copy:gk20a_power_write,user_copy_operations,AIARelevantFunction,0,**AIARelevantFunction Score (0)**: The function `gk20a_power_write` does not involve any operations related to sharing memory with an AI Accelerator (AIA). It primarily handles power management for...,None,None
100,user_copy:gk20a_ctrl_dev_ioctl,user_copy_operations,AIARelevantFunction,0,**AIARelevantFunction Score (0)**: The function `gk20a_ctrl_dev_ioctl` does not directly interact with an AI Accelerator (AIA) or manage shared memory for an AIA. It primarily serves as an ioctl ha...,[nvgpu_gpu_zcull_get_ctx_size_args; nvgpu_gpu_zcull_get_info_args; nvgpu_gpu_zbc_set_table_args; nvgpu_gpu_zbc_query_table_args; nvgpu_gpu_get_characteristics; nvgpu_gpu_prepare_compressible_read_args; nvgpu_gpu_mark_compressible_write_args; nvgpu_alloc_as_args; nvgpu_gpu_open_tsg_args; nvgpu_gpu_get_tpc_masks_args; nvgpu_gpu_get_fbp_l2_masks_args; nvgpu_channel_open_args; nvgpu_gpu_l2_fb_args; nvgpu_gpu_mmu_debug_mode_args; nvgpu_gpu_sm_debug_mode_args],[as_fd; va_range_start; va_range_end; va_range_split; gpu_characteristics_buf_addr; handle; offset; zbc_color; tsg_fd; mask_buf_addr]
101,user_copy:gk20a_ctrl_ioctl_gpu_characteristics,user_copy_operations,AIARelevantFunction,0,**AIARelevantFunction Score (0%)**: The function `gk20a_ctrl_ioctl_gpu_characteristics` does not involve any direct interaction with an AI Accelerator (AIA) for memory management or DMA operations....,[struct nvgpu_gpu_get_characteristics; struct nvgpu_gpu_characteristics],[gpu_characteristics_buf_addr; gpu_instance_id; gr_instance_id]
102,user_copy:gk20a_ctrl_dev_ioctl,user_copy_operations,AIARelevantFunction,0,**AIARelevantFunction Score (0)**: The function `gk20a_ctrl_dev_ioctl` does not directly involve sharing memory with an AI Accelerator (AIA) or managing DMA buffers. It primarily serves as an ioctl...,[nvgpu_gpu_zcull_get_ctx_size_args; nvgpu_gpu_zcull_get_info_args; nvgpu_gpu_zbc_set_table_args; nvgpu_gpu_zbc_query_table_args; nvgpu_gpu_get_characteristics; nvgpu_gpu_prepare_compressible_read_args; nvgpu_gpu_mark_compressible_write_args; nvgpu_alloc_as_args; nvgpu_gpu_open_tsg_args; nvgpu_gpu_get_tpc_masks_args; nvgpu_gpu_get_fbp_l2_masks_args; nvgpu_channel_open_args; nvgpu_gpu_l2_fb_args; nvgpu_gpu_mmu_debug_mode_args; nvgpu_gpu_sm_debug_mode_args],[as_fd; gpu_characteristics_buf_addr; va_range_start; va_range_end; va_range_split; handle]
103,user_copy:gk20a_ctrl_get_tpc_masks,user_copy_operations,AIARelevantFunction,0,**AIARelevantFunction Score (0)**: The function `gk20a_ctrl_get_tpc_masks` does not directly interact with an AI Accelerator (AIA) or perform operations that would typically be associated with shar...,[struct nvgpu_gpu_get_tpc_masks_args],[mask_buf_addr]
104,user_copy:gk20a_ctrl_get_fbp_l2_masks,user_copy_operations,AIARelevantFunction,0,**AIARelevantFunction Score (0)**: The function `gk20a_ctrl_get_fbp_l2_masks` does not interact with an AI Accelerator (AIA) or shared memory management relevant to AIA operations. It primarily ret...,[struct nvgpu_gpu_get_fbp_l2_masks_args],[mask_buf_addr]
105,user_copy:gk20a_ctrl_vsm_mapping,user_copy_operations,AIARelevantFunction,0,"**AIARelevantFunction Score (0)**: The function `gk20a_ctrl_vsm_mapping` does not directly interact with an AI Accelerator (AIA) or perform operations that are typical for AIA memory management, su...",[struct nvgpu_gpu_vsms_mapping; struct nvgpu_gpu_vsms_mapping_entry],[vsms_map_buf_addr]
106,user_copy:nvgpu_gpu_get_engine_info,user_copy_operations,AIARelevantFunction,0,**AIARelevantFunction Score (0)**: The function `nvgpu_gpu_get_engine_info` does not involve any operations related to sharing memory with an AI Accelerator (AIA). It primarily retrieves engine inf...,[struct nvgpu_gpu_get_engine_info_args; struct nvgpu_gpu_get_engine_info_item],[engine_info_buf_addr; engine_info_buf_size; engine_id; runlist_id]
107,user_copy:nvgpu_gpu_clk_get_range,user_copy_operations,AIARelevantFunction,0,**AIARelevantFunction Score (0)**: The function `nvgpu_gpu_clk_get_range` does not directly interact with an AI Accelerator (AIA) or manage shared memory between the CPU and AIA. It primarily deals...,[struct nvgpu_gpu_clk_range_args; struct nvgpu_gpu_clk_range],[clk_range_entries; min_hz; max_hz; clk_domain]
108,user_copy:nvmap_ioctl_query_heap_params,user_copy_operations,AIARelevantFunction,0,**AIARelevantFunction Score (0)**: The function `nvmap_ioctl_query_heap_params` does not directly interact with an AI Accelerator (AIA) or manage shared memory (SMem) in a way that would qualify it...,[struct nvmap_query_heap_params],[heap_mask; total; free; largest_free_block]
109,user_copy:nvmap_ioctl_query_heap_params,user_copy_operations,AIARelevantFunction,0,**AIARelevantFunction Score (0)**: The function `nvmap_ioctl_query_heap_params` does not directly interact with an AI Accelerator (AIA) or manage shared memory (SMem) in a way that is typical for A...,[struct nvmap_query_heap_params],[heap_mask; total; free; largest_free_block]
110,user_copy:nvgpu_gpu_clk_get_info,user_copy_operations,AIARelevantFunction,0,**AIARelevantFunction Score (0%)**: The function `nvgpu_gpu_clk_get_info` does not interact with an AI Accelerator (AIA) or manage shared memory in a way that would qualify as an AIA relevant funct...,[nvgpu_gpu_clk_get_info_args; nvgpu_gpu_clk_info],[clk_info_entries]
111,user_copy:nvgpu_gpu_clk_get_info,user_copy_operations,AIARelevantFunction,0,**AIARelevantFunction (0%)**: The function `nvgpu_gpu_clk_get_info` does not interact with an AI Accelerator (AIA) or shared memory (SMem) directly. It primarily deals with GPU clock information re...,[struct nvgpu_gpu_clk_get_info_args; struct nvgpu_gpu_clk_info],[clk_info_entries; clk_domain; freq_hz]
112,user_copy:nvmap_ioctl_getfd,user_copy_operations,AIARelevantFunction,0,**AIARelevantFunction Score (0)**: The function `nvmap_ioctl_getfd` does not directly interact with an AI Accelerator (AIA) or manage shared memory (SMem) in a way that would qualify it as an AIA r...,[nvmap_create_handle],[handle; fd]
113,user_copy:nvgpu_ioctl_tsg_dev_ioctl,user_copy_operations,AIARelevantFunction,0,**AIARelevantFunction Score (0)**: The function `nvgpu_ioctl_tsg_dev_ioctl` does not directly interact with an AI Accelerator (AIA) or manage shared memory (SMem) in a way that would qualify it as ...,[nvgpu_tsg_bind_channel_ex_args; nvgpu_event_id_ctrl_args; nvgpu_runlist_interleave_args; nvgpu_timeslice_args; nvgpu_tsg_read_single_sm_error_state_args; nvgpu_tsg_l2_max_ways_evict_last_args; nvgpu_tsg_set_l2_sector_promotion_args],[channel_fd; event_fd; sm_id; record_mem; record_size; max_ways; promotion_flag]
114,gk20a_dbg_gpu_dev_release,ioctl_operations,AIARelevantFunction,0,**AIARelevantFunction Score (0%)**: The function `gk20a_dbg_gpu_dev_release` does not interact with an AI Accelerator (AIA) or shared memory management relevant to AIA operations. It primarily deal...,None,None
115,gk20a_ctrl_dev_release,ioctl_operations,AIARelevantFunction,0,**AIARelevantFunction Score (0%)**: The function `gk20a_ctrl_dev_release` does not interact with shared memory or perform any operations related to AI Accelerator integration. It primarily handles ...,None,None
116,nvmap_open,ioctl_operations,AIARelevantFunction,0,**AIARelevantFunction Score (0%)**: The `nvmap_open` function does not involve any operations related to shared memory (SMem) with an AI Accelerator (AIA). It primarily handles the opening of a dev...,None,None
117,nvmap_ioctl_get_available_heaps,ioctl_operations,AIARelevantFunction,0,**AIARelevantFunction Score (0)**: The function `nvmap_ioctl_get_available_heaps` does not directly interact with an AI Accelerator (AIA) or perform operations related to shared memory management f...,[struct nvmap_available_heaps],[None identified]
118,gk20a_power_open,ioctl_operations,AIARelevantFunction,0,**AIARelevantFunction Score (0)**: The function `gk20a_power_open` does not interact with shared memory or perform any operations that would typically be associated with an AI Accelerator (AIA). It...,None,None
119,gk20a_power_release,ioctl_operations,AIARelevantFunction,0,**AIARelevantFunction Score (0%)**: The function `gk20a_power_release` does not involve any operations related to shared memory management or interactions with an AI Accelerator (AIA). It primarily...,None,None
120,gk20a_ctrl_dev_open,ioctl_operations,AIARelevantFunction,0,"**AIARelevantFunction Score (0%)**: The function `gk20a_ctrl_dev_open` does not interact with any AI Accelerator (AIA) relevant functions such as memory mapping, DMA operations, or shared memory ma...",None,None
121,gk20a_ctrl_ioctl_gpu_characteristics,ioctl_operations,AIARelevantFunction,0,**AIARelevantFunction Score (0%)**: The function `gk20a_ctrl_ioctl_gpu_characteristics` does not involve any direct interaction with an AI Accelerator (AIA) or shared memory management relevant to ...,[struct nvgpu_gpu_get_characteristics; struct nvgpu_gpu_characteristics],[gpu_characteristics_buf_addr; gpu_instance_id; gr_instance_id]
122,nvgpu_ctrl_ioctl_gpu_characteristics_flags,ioctl_operations,AIARelevantFunction,0,**AIARelevantFunction Score (0)**: The function `nvgpu_ctrl_ioctl_gpu_characteristics_flags` does not interact with shared memory or perform any operations that would typically be associated with A...,None,None
123,nvgpu_get_ioctl_graphics_preempt_mode_flags,ioctl_operations,AIARelevantFunction,0,**AIARelevantFunction Score (0)**: The function `nvgpu_get_ioctl_graphics_preempt_mode_flags` does not interact with shared memory or AI Accelerator (AIA) functionalities. It simply processes a fla...,None,None
124,nvgpu_get_ioctl_compute_preempt_mode_flags,ioctl_operations,AIARelevantFunction,0,**AIARelevantFunction Score (0)**: The function `nvgpu_get_ioctl_compute_preempt_mode_flags` does not involve any operations related to shared memory (SMem) with an AI Accelerator (AIA). It primari...,None,None
125,nvgpu_get_ioctl_graphics_preempt_mode,ioctl_operations,AIARelevantFunction,0,**AIARelevantFunction Score (0)**: The function `nvgpu_get_ioctl_graphics_preempt_mode` does not involve any operations related to shared memory (SMem) with an AI Accelerator (AIA). It simply retur...,None,None
126,nvgpu_get_ioctl_compute_preempt_mode,ioctl_operations,AIARelevantFunction,0,**AIARelevantFunction Score (0)**: The function `nvgpu_get_ioctl_compute_preempt_mode` does not involve any operations related to shared memory (SMem) with an AI Accelerator (AIA). It simply transl...,None,None
127,nvgpu_as_ioctl_get_sync_ro_map,ioctl_operations,AIARelevantFunction,0,**AIARelevantFunction Score (0)**: The function `nvgpu_as_ioctl_get_sync_ro_map` does not directly interact with an AI Accelerator (AIA) or manage shared memory between the CPU and AIA. It primaril...,[struct nvgpu_as_get_sync_ro_map_args],[base_gpuva; sync_size; num_syncpoints]
128,gk20a_as_ioctl_get_va_regions,ioctl_operations,AIARelevantFunction,0,**AIARelevantFunction Score (0%)**: The function `gk20a_as_ioctl_get_va_regions` does not directly interact with an AI Accelerator (AIA) or manage shared memory between the CPU and AIA. It primaril...,[struct nvgpu_as_get_va_regions_args; struct nvgpu_as_va_region],[buf_addr; buf_size; offset; page_size; pages]
129,gk20a_as_ioctl_alloc_space,ioctl_operations,AIARelevantFunction,0,**AIARelevantFunction Score (0)**: The function `gk20a_as_ioctl_alloc_space` does not directly involve operations related to sharing memory with an AI Accelerator (AIA). It primarily allocates spac...,None,None
130,nvmap_ioctl_query_heap_params,ioctl_operations,AIARelevantFunction,0,**AIARelevantFunction Score (0)**: The function `nvmap_ioctl_query_heap_params` does not directly interact with an AI Accelerator (AIA) or manage shared memory (SMem) in a way that would be relevan...,[struct nvmap_query_heap_params],[heap_mask; total; free; largest_free_block]
131,nvmap_ioctl_getfd,ioctl_operations,AIARelevantFunction,0,**AIARelevantFunction Score (0)**: The function `nvmap_ioctl_getfd` does not directly interact with an AI Accelerator (AIA) or shared memory management that is typical for AIA functions. It primari...,[nvmap_create_handle],[fd; handle]
132,nvgpu_ioctl_tsg_open,ioctl_operations,AIARelevantFunction,0,**AIARelevantFunction (0%)**: The function `nvgpu_ioctl_tsg_open` does not involve any operations related to shared memory management or direct interactions with an AI Accelerator (AIA). It primari...,None,None
133,nvgpu_ioctl_channel_get_user_syncpoint,ioctl_operations,AIARelevantFunction,0,**AIARelevantFunction Score (0)**: The function `nvgpu_ioctl_channel_get_user_syncpoint` does not directly interact with an AI Accelerator (AIA) or manage shared memory (SMem) in a way that would q...,[nvgpu_get_user_syncpoint_args],[gpu_va; syncpoint_id; syncpoint_max]
134,nvgpu_ioctl_channel_alloc_obj_ctx,ioctl_operations,AIARelevantFunction,0,**AIARelevantFunction Score (0%)**: The function `nvgpu_ioctl_channel_alloc_obj_ctx` does not directly involve any operations related to sharing memory with an AI Accelerator (AIA). It primarily ca...,None,None
135,gk20a_channel_open_ioctl,ioctl_operations,AIARelevantFunction,0,**AIARelevantFunction Score (0%)**: The function `gk20a_channel_open_ioctl` does not directly interact with shared memory (SMem) or AI Accelerator (AIA) memory management functions such as `get_use...,None,None
136,gk20a_as_ioctl_bind_channel,ioctl_operations,AIARelevantFunction,0,**AIARelevantFunction Score (0%)**: The function `gk20a_as_ioctl_bind_channel` does not directly interact with shared memory or perform operations that would typically be associated with an AI Acce...,None,None
137,gk20a_tsg_ioctl_bind_channel_ex,ioctl_operations,AIARelevantFunction,0,**AIARelevantFunction Score (0)**: The function `gk20a_tsg_ioctl_bind_channel_ex` does not directly interact with an AI Accelerator (AIA) or manage shared memory (SMem) relevant to AIA operations. ...,[nvgpu_tsg_bind_channel_ex_args],[channel_fd; subcontext_id]
138,nvgpu_gpu_ioctl_set_l2_max_ways_evict_last,ioctl_operations,AIARelevantFunction,0,**AIARelevantFunction Score (0)**: The function `nvgpu_gpu_ioctl_set_l2_max_ways_evict_last` does not involve any operations related to shared memory (SMem) with an AI Accelerator (AIA). It primari...,struct nvgpu_tsg_l2_max_ways_evict_last_args,None
139,gk20a_as_ioctl_unmap_buffer,ioctl_operations,AIARelevantFunction,0,**AIARelevantFunction Score (0)**: The function `gk20a_as_ioctl_unmap_buffer` does not involve any operations that directly relate to sharing memory with an AI Accelerator (AIA). It primarily deals...,None,None
140,nvmap_ioctl_free,ioctl_operations,AIARelevantFunction,0,**AIARelevantFunction Score (0%)**: The function `nvmap_ioctl_free` does not directly involve sharing memory with an AI Accelerator (AIA). It primarily deals with freeing a DMA buffer associated wi...,[None identified],[None identified]
141,nvmap_release,ioctl_operations,AIARelevantFunction,0,**AIARelevantFunction Score (0%)**: The `nvmap_release` function does not involve any operations related to shared memory management or interactions with an AI Accelerator (AIA). It primarily handl...,None,None
142,gk20a_event_id_release,ioctl_operations,AIARelevantFunction,0,**AIARelevantFunction Score (0%)**: The function `gk20a_event_id_release` does not involve any operations related to shared memory (SMem) with an AI Accelerator (AIA). It primarily deals with relea...,None,None
143,gk20a_channel_release,ioctl_operations,AIARelevantFunction,0,**AIARelevantFunction Score (0%)**: The function `gk20a_channel_release` does not involve any operations related to sharing memory with an AI Accelerator (AIA). It primarily focuses on releasing a ...,None,None
144,nvgpu_ioctl_tsg_dev_release,ioctl_operations,AIARelevantFunction,0,**AIARelevantFunction Score (0)**: The function `nvgpu_ioctl_tsg_dev_release` does not involve any operations related to shared memory (SMem) with an AI Accelerator (AIA). It primarily handles the ...,None,None
145,nvgpu_ioctl_tsg_release,ioctl_operations,AIARelevantFunction,0,**AIARelevantFunction Score (0%)**: The function `nvgpu_ioctl_tsg_release` does not involve any operations related to sharing memory with an AI Accelerator (AIA). It primarily deals with releasing ...,None,None
146,gk20a_as_dev_release,ioctl_operations,AIARelevantFunction,0,**AIARelevantFunction Score (0%)**: The function `gk20a_as_dev_release` does not perform any operations related to shared memory management or interactions with an AI Accelerator (AIA). It simply r...,None,None
1,nvmap_ioctl_getfd,dma_operations,Relevant_KD_Entry_Point,100,**AIARelevantFunction Score (0)**: The function `nvmap_ioctl_getfd` does not directly interact with an AI Accelerator (AIA) or manage shared memory (SMem) in a way that is typical for AIA integrati...,[nvmap_create_handle],[fd; handle]
2,nvgpu_gpu_ioctl_register_buffer,dma_operations,Relevant_KD_Entry_Point,100,**AIARelevantFunction Score (0)**: The function `nvgpu_gpu_ioctl_register_buffer` does not directly interact with an AI Accelerator (AIA) or manage shared memory (SMem) in a way that would qualify ...,[nvgpu_gpu_register_buffer_args],[dmabuf_fd; metadata_addr; metadata_size]
3,gk20a_init_error_notifier,dma_operations,Relevant_KD_Entry_Point,100,**AIARelevantFunction Score (0)**: The function `gk20a_init_error_notifier` does not directly interact with an AI Accelerator (AIA) or perform operations related to shared memory management for an ...,[struct nvgpu_set_error_notifier; struct nvgpu_notification],[mem (memory handle); offset; size]
4,user_copy:nvmap_ioctl_get_available_heaps,user_copy_operations,Relevant_KD_Entry_Point,100,**AIARelevantFunction Score (0)**: The function `nvmap_ioctl_get_available_heaps` does not involve any operations that directly relate to sharing memory with an AI Accelerator (AIA). It primarily r...,[struct nvmap_available_heaps],[None identified]
5,user_copy:gk20a_ctrl_ioctl_gpu_characteristics,user_copy_operations,Relevant_KD_Entry_Point,100,**AIARelevantFunction Score (0%)**: The function `gk20a_ctrl_ioctl_gpu_characteristics` does not involve any direct interaction with an AI Accelerator (AIA) for memory management or DMA operations....,[struct nvgpu_gpu_get_characteristics; struct nvgpu_gpu_characteristics],[gpu_characteristics_buf_addr; gpu_instance_id; gr_instance_id]
6,user_copy:nvmap_ioctl_query_heap_params,user_copy_operations,Relevant_KD_Entry_Point,100,**AIARelevantFunction Score (0)**: The function `nvmap_ioctl_query_heap_params` does not directly interact with an AI Accelerator (AIA) or manage shared memory (SMem) in a way that would qualify it...,[struct nvmap_query_heap_params],[heap_mask; total; free; largest_free_block]
7,user_copy:nvmap_ioctl_query_heap_params,user_copy_operations,Relevant_KD_Entry_Point,100,**AIARelevantFunction Score (0)**: The function `nvmap_ioctl_query_heap_params` does not directly interact with an AI Accelerator (AIA) or manage shared memory (SMem) in a way that is typical for A...,[struct nvmap_query_heap_params],[heap_mask; total; free; largest_free_block]
8,user_copy:nvgpu_gpu_clk_get_info,user_copy_operations,Relevant_KD_Entry_Point,100,**AIARelevantFunction Score (0%)**: The function `nvgpu_gpu_clk_get_info` does not interact with an AI Accelerator (AIA) or manage shared memory in a way that would qualify as an AIA relevant funct...,[nvgpu_gpu_clk_get_info_args; nvgpu_gpu_clk_info],[clk_info_entries]
9,user_copy:nvgpu_ioctl_tsg_dev_ioctl,user_copy_operations,Relevant_KD_Entry_Point,100,**AIARelevantFunction Score (0)**: The function `nvgpu_ioctl_tsg_dev_ioctl` does not directly interact with an AI Accelerator (AIA) or manage shared memory (SMem) in a way that would qualify it as ...,[nvgpu_tsg_bind_channel_ex_args; nvgpu_event_id_ctrl_args; nvgpu_runlist_interleave_args; nvgpu_timeslice_args; nvgpu_tsg_read_single_sm_error_state_args; nvgpu_tsg_l2_max_ways_evict_last_args; nvgpu_tsg_set_l2_sector_promotion_args],[channel_fd; event_fd; sm_id; record_mem; record_size; max_ways; promotion_flag]
10,gk20a_ctrl_ioctl_gpu_characteristics,ioctl_operations,Relevant_KD_Entry_Point,100,**AIARelevantFunction Score (0%)**: The function `gk20a_ctrl_ioctl_gpu_characteristics` does not involve any direct interaction with an AI Accelerator (AIA) or shared memory management relevant to ...,[struct nvgpu_gpu_get_characteristics; struct nvgpu_gpu_characteristics],[gpu_characteristics_buf_addr; gpu_instance_id; gr_instance_id]
11,nvgpu_as_ioctl_get_sync_ro_map,ioctl_operations,Relevant_KD_Entry_Point,100,**AIARelevantFunction Score (0)**: The function `nvgpu_as_ioctl_get_sync_ro_map` does not directly interact with an AI Accelerator (AIA) or manage shared memory between the CPU and AIA. It primaril...,[struct nvgpu_as_get_sync_ro_map_args],[base_gpuva; sync_size; num_syncpoints]
12,gk20a_as_ioctl_alloc_space,ioctl_operations,Relevant_KD_Entry_Point,100,**AIARelevantFunction Score (0)**: The function `gk20a_as_ioctl_alloc_space` does not directly involve operations related to sharing memory with an AI Accelerator (AIA). It primarily allocates spac...,None,None
13,nvmap_ioctl_query_heap_params,ioctl_operations,Relevant_KD_Entry_Point,100,**AIARelevantFunction Score (0)**: The function `nvmap_ioctl_query_heap_params` does not directly interact with an AI Accelerator (AIA) or manage shared memory (SMem) in a way that would be relevan...,[struct nvmap_query_heap_params],[heap_mask; total; free; largest_free_block]
14,nvgpu_ioctl_tsg_open,ioctl_operations,Relevant_KD_Entry_Point,100,**AIARelevantFunction (0%)**: The function `nvgpu_ioctl_tsg_open` does not involve any operations related to shared memory management or direct interactions with an AI Accelerator (AIA). It primari...,None,None
15,nvgpu_ioctl_channel_get_user_syncpoint,ioctl_operations,Relevant_KD_Entry_Point,100,**AIARelevantFunction Score (0)**: The function `nvgpu_ioctl_channel_get_user_syncpoint` does not directly interact with an AI Accelerator (AIA) or manage shared memory (SMem) in a way that would q...,[nvgpu_get_user_syncpoint_args],[gpu_va; syncpoint_id; syncpoint_max]
16,gk20a_channel_open_ioctl,ioctl_operations,Relevant_KD_Entry_Point,100,**AIARelevantFunction Score (0%)**: The function `gk20a_channel_open_ioctl` does not directly interact with shared memory (SMem) or AI Accelerator (AIA) memory management functions such as `get_use...,None,None
17,gk20a_as_ioctl_bind_channel,ioctl_operations,Relevant_KD_Entry_Point,100,**AIARelevantFunction Score (0%)**: The function `gk20a_as_ioctl_bind_channel` does not directly interact with shared memory or perform operations that would typically be associated with an AI Acce...,None,None
18,nvgpu_gpu_ioctl_set_l2_max_ways_evict_last,ioctl_operations,Relevant_KD_Entry_Point,100,**AIARelevantFunction Score (0)**: The function `nvgpu_gpu_ioctl_set_l2_max_ways_evict_last` does not involve any operations related to shared memory (SMem) with an AI Accelerator (AIA). It primari...,struct nvgpu_tsg_l2_max_ways_evict_last_args,None
19,nvgpu_gpu_ioctl_register_buffer,dma_operations,Relevant_KD_Entry_Point,90,"**AIARelevantFunction Score (70)**: The function `nvgpu_gpu_ioctl_register_buffer` is involved in registering a buffer for use with the GPU, which includes handling a DMA buffer (`dma_buf`). It uti...",[struct nvgpu_gpu_register_buffer_args],[dmabuf_fd; metadata_addr; metadata_size]
20,nvgpu_vm_map_buffer,dma_operations,Relevant_KD_Entry_Point,90,"**AIARelevantFunction Score (80)**: The function `nvgpu_vm_map_buffer` is involved in mapping a DMA buffer to a virtual address space, which is critical for enabling an AI Accelerator (AIA) to acce...",[vm_gk20a_mapping_batch],[dma_buf; buffer_offset; mapping_size; *map_addr]
21,user_copy:gk20a_channel_ioctl,user_copy_operations,Relevant_KD_Entry_Point,90,"**AIARelevantFunction Score (80)**: The function `gk20a_channel_ioctl` interacts with various structures that are relevant to the AI Accelerator (AIA) operations, particularly in managing channels ...",[nvgpu_alloc_obj_ctx_args; nvgpu_channel_setup_bind_args; nvgpu_alloc_gpfifo_ex_args; nvgpu_set_error_notifier; nvgpu_set_timeout_args; nvgpu_set_timeout_ex_args; nvgpu_get_param_args],[chid; tsgid; userd_dmabuf_fd; gpfifo_dmabuf_fd; userd_dmabuf_offset; gpfifo_dmabuf_offset; obj_id]
22,user_copy:gk20a_channel_ioctl,user_copy_operations,Relevant_KD_Entry_Point,90,"**AIARelevantFunction Score (70)**: The function `gk20a_channel_ioctl` interacts with various structures that are relevant for managing GPU channels and their operations, which may involve shared m...",[nvgpu_channel_open_args; nvgpu_alloc_obj_ctx_args; nvgpu_channel_setup_bind_args; nvgpu_alloc_gpfifo_ex_args; nvgpu_submit_gpfifo_args; nvgpu_wait_args; nvgpu_set_error_notifier; nvgpu_set_timeout_args; nvgpu_set_timeout_ex_args; nvgpu_get_param_args],[userd_dmabuf_fd; gpfifo_dmabuf_fd; userd_dmabuf_offset; gpfifo_dmabuf_offset]
23,user_copy:gk20a_ctrl_dev_ioctl,user_copy_operations,Relevant_KD_Entry_Point,90,**AIARelevantFunction Score (0)**: The function `gk20a_ctrl_dev_ioctl` does not directly interact with an AI Accelerator (AIA) or manage shared memory for an AIA. It primarily serves as an ioctl ha...,[nvgpu_gpu_zcull_get_ctx_size_args; nvgpu_gpu_zcull_get_info_args; nvgpu_gpu_zbc_set_table_args; nvgpu_gpu_zbc_query_table_args; nvgpu_gpu_get_characteristics; nvgpu_gpu_prepare_compressible_read_args; nvgpu_gpu_mark_compressible_write_args; nvgpu_alloc_as_args; nvgpu_gpu_open_tsg_args; nvgpu_gpu_get_tpc_masks_args; nvgpu_gpu_get_fbp_l2_masks_args; nvgpu_channel_open_args; nvgpu_gpu_l2_fb_args; nvgpu_gpu_mmu_debug_mode_args; nvgpu_gpu_sm_debug_mode_args],[as_fd; va_range_start; va_range_end; va_range_split; gpu_characteristics_buf_addr; handle; offset; zbc_color; tsg_fd; mask_buf_addr]
24,user_copy:gk20a_ctrl_dev_ioctl,user_copy_operations,Relevant_KD_Entry_Point,90,**AIARelevantFunction Score (0)**: The function `gk20a_ctrl_dev_ioctl` does not directly involve sharing memory with an AI Accelerator (AIA) or managing DMA buffers. It primarily serves as an ioctl...,[nvgpu_gpu_zcull_get_ctx_size_args; nvgpu_gpu_zcull_get_info_args; nvgpu_gpu_zbc_set_table_args; nvgpu_gpu_zbc_query_table_args; nvgpu_gpu_get_characteristics; nvgpu_gpu_prepare_compressible_read_args; nvgpu_gpu_mark_compressible_write_args; nvgpu_alloc_as_args; nvgpu_gpu_open_tsg_args; nvgpu_gpu_get_tpc_masks_args; nvgpu_gpu_get_fbp_l2_masks_args; nvgpu_channel_open_args; nvgpu_gpu_l2_fb_args; nvgpu_gpu_mmu_debug_mode_args; nvgpu_gpu_sm_debug_mode_args],[as_fd; gpu_characteristics_buf_addr; va_range_start; va_range_end; va_range_split; handle]
25,user_copy:gk20a_as_dev_ioctl,user_copy_operations,Relevant_KD_Entry_Point,90,**AIARelevantFunction Score (80)**: The function `gk20a_as_dev_ioctl` is involved in handling various IOCTL commands that are likely related to memory management and operations with the AI Accelera...,[nvgpu_as_bind_channel_args; nvgpu32_as_alloc_space_args; nvgpu_as_alloc_space_args; nvgpu_as_free_space_args; nvgpu_as_map_buffer_ex_args; nvgpu_as_unmap_buffer_args; nvgpu_as_get_va_regions_args; nvgpu_as_map_buffer_batch_args; nvgpu_as_get_sync_ro_map_args; nvgpu_as_mapping_modify_args; nvgpu_as_remap_args],[channel_fd; pages; page_size; flags; buffer_offset; mapping_size; offset; base_gpuva; sync_size; num_syncpoints]
26,user_copy:gk20a_as_dev_ioctl,user_copy_operations,Relevant_KD_Entry_Point,90,**AIARelevantFunction Score (80)**: The function `gk20a_as_dev_ioctl` interacts with various memory management operations that are relevant to the AI Accelerator (AIA). It handles commands that inv...,[nvgpu_as_bind_channel_args; nvgpu32_as_alloc_space_args; nvgpu_as_alloc_space_args; nvgpu_as_free_space_args; nvgpu_as_map_buffer_ex_args; nvgpu_as_unmap_buffer_args; nvgpu_as_get_va_regions_args; nvgpu_as_map_buffer_batch_args; nvgpu_as_get_sync_ro_map_args; nvgpu_as_mapping_modify_args; nvgpu_as_remap_args],[channel_fd; pages; page_size; flags; offset; buffer_offset; buffer_size; base_gpuva; num_syncpoints]
27,user_copy:nvmap_ioctl_create,user_copy_operations,Relevant_KD_Entry_Point,90,**AIARelevantFunction Score (80)**: The function `nvmap_ioctl_create` is involved in creating a handle for a shared memory buffer that can be used by an AI Accelerator. It interacts with DMA buffer...,[nvmap_create_handle],[handle; handle64; fd; size; orig_size; vaddr; dma_buf; dma_buf_ro]
28,user_copy:nvmap_ioctl_create,user_copy_operations,Relevant_KD_Entry_Point,90,**AIARelevantFunction Score (70%)**: The function `nvmap_ioctl_create` is involved in creating a handle for a memory buffer that can be shared with an AI Accelerator (AIA). It utilizes the `nvmap_c...,[nvmap_create_handle],[handle; handle64; fd]
29,user_copy:nvmap_ioctl_alloc,user_copy_operations,Relevant_KD_Entry_Point,90,"**AIARelevantFunction (60%)**: The function `nvmap_ioctl_alloc` is responsible for allocating memory for an NVMAP handle, which is relevant for AI Accelerator integration. It does not directly inte...",[nvmap_alloc_handle],[handle; heap_mask; flags; align; size; vaddr]
30,user_copy:nvgpu_gpu_ioctl_register_buffer,user_copy_operations,Relevant_KD_Entry_Point,90,"**AIARelevantFunction Score (80)**: The function `nvgpu_gpu_ioctl_register_buffer` is involved in managing a DMA buffer, which is critical for AI Accelerator (AIA) operations. It uses `dma_buf_get`...",[struct nvgpu_gpu_register_buffer_args],[dmabuf_fd; metadata_addr; metadata_size]
31,user_copy:nvgpu_ioctl_tsg_dev_ioctl,user_copy_operations,Relevant_KD_Entry_Point,90,"**AIARelevantFunction Score (70)**: The function `nvgpu_ioctl_tsg_dev_ioctl` interacts with the GPU's task scheduling and channel binding, which can involve shared memory operations. It handles var...",[nvgpu_tsg_bind_channel_ex_args; nvgpu_tsg_bind_scheduling_domain_args; nvgpu_runlist_interleave_args; nvgpu_timeslice_args; nvgpu_tsg_read_single_sm_error_state_args; nvgpu_tsg_l2_max_ways_evict_last_args; nvgpu_tsg_set_l2_sector_promotion_args],[channel_fd; domain_fd; timeslice_us; max_ways; promotion_flag; record_mem; record_size]
32,user_copy:nvmap_ioctl_create_from_va,user_copy_operations,Relevant_KD_Entry_Point,90,"**AIARelevantFunction Score (80)**: The function `nvmap_ioctl_create_from_va` is involved in creating a handle from a virtual address, which is a critical operation for managing shared memory betwe...",[nvmap_create_handle_from_va],[handle; va; size; flags]
33,user_copy:nvmap_ioctl_create_from_va,user_copy_operations,Relevant_KD_Entry_Point,90,"**AIARelevantFunction Score (70%)**: The function `nvmap_ioctl_create_from_va` is involved in creating a handle from a virtual address, which is relevant for memory management in the context of an ...",[nvmap_create_handle_from_va],[va; size; flags; handle]
34,gk20a_channel_ioctl,ioctl_operations,Relevant_KD_Entry_Point,90,"**AIARelevantFunction Score (70)**: The function `gk20a_channel_ioctl` interacts with various structures that manage GPU channels and their operations, which can involve shared memory and DMA opera...",[nvgpu_channel_open_args; nvgpu_alloc_obj_ctx_args; nvgpu_channel_setup_bind_args; nvgpu_alloc_gpfifo_ex_args; nvgpu_set_error_notifier; nvgpu_set_timeout_args; nvgpu_set_timeout_ex_args; nvgpu_get_param_args],[userd_dmabuf_fd; gpfifo_dmabuf_fd; userd_dmabuf_offset; gpfifo_dmabuf_offset; offset; size; mem]
35,gk20a_ioctl_channel_submit_gpfifo,ioctl_operations,Relevant_KD_Entry_Point,90,"**AIARelevantFunction Score (80)**: The function `gk20a_ioctl_channel_submit_gpfifo` is involved in submitting a GPU FIFO command, which is relevant for AI Accelerator operations. It handles user c...",[nvgpu_submit_gpfifo_args; nvgpu_channel_fence; nvgpu_user_fence; nvgpu_gpfifo_userdata],[fence.id; fence.value; args.gpfifo; args.num_entries; args.flags; userdata.entries; userdata.context]
36,nvmap_ioctl,ioctl_operations,Relevant_KD_Entry_Point,90,**AIARelevantFunction Score (70)**: The function `nvmap_ioctl` is involved in handling various IOCTL commands that can potentially relate to memory management and operations that may involve an AI ...,[struct nvmap_rw_handle; struct nvmap_cache_op; struct nvmap_cache_op_32; struct nvmap_cache_op_64],[addr; handle]
37,gk20a_ctrl_dev_ioctl,ioctl_operations,Relevant_KD_Entry_Point,90,"**AIARelevantFunction Score (80)**: The function `gk20a_ctrl_dev_ioctl` handles various IOCTL commands that interact with the GPU and its subsystems, including memory management and configuration. ...",[nvgpu_gpu_zcull_get_ctx_size_args; nvgpu_gpu_zcull_get_info_args; nvgpu_gpu_zbc_set_table_args; nvgpu_gpu_zbc_query_table_args; nvgpu_gpu_get_characteristics; nvgpu_gpu_prepare_compressible_read_args; nvgpu_gpu_mark_compressible_write_args; nvgpu_alloc_as_args; nvgpu_gpu_open_tsg_args; nvgpu_gpu_get_tpc_masks_args; nvgpu_gpu_get_fbp_l2_masks_args; nvgpu_channel_open_args; nvgpu_gpu_l2_fb_args; nvgpu_gpu_mmu_debug_mode_args; nvgpu_gpu_sm_debug_mode_args],[handle; offset; va_range_start; va_range_end; va_range_split; zbc_color; syncpt_unit_base; syncpt_size]
38,gk20a_as_dev_ioctl,ioctl_operations,Relevant_KD_Entry_Point,90,"**AIARelevantFunction Score (80)**: The function `gk20a_as_dev_ioctl` is involved in handling various IOCTL commands that interact with the GPU's memory management and resource allocation, which is...",[struct nvgpu_as_bind_channel_args; struct nvgpu32_as_alloc_space_args; struct nvgpu_as_alloc_space_args; struct nvgpu_as_free_space_args; struct nvgpu_as_map_buffer_ex_args; struct nvgpu_as_unmap_buffer_args; struct nvgpu_as_get_va_regions_args; struct nvgpu_as_map_buffer_batch_args; struct nvgpu_as_get_sync_ro_map_args; struct nvgpu_as_mapping_modify_args; struct nvgpu_as_remap_args],[channel_fd; offset; pages; page_size; buffer_offset; buffer_size; map_address; base_gpuva]
39,nvmap_ioctl_create,ioctl_operations,Relevant_KD_Entry_Point,90,"**AIARelevantFunction Score (70)**: The function `nvmap_ioctl_create` is involved in creating a handle for shared memory, which is relevant for AI Accelerator integration. It interacts with DMA buf...",[nvmap_create_handle],[handle; fd; size; orig_size; dma_buf]
40,nvmap_ioctl_alloc,ioctl_operations,Relevant_KD_Entry_Point,90,"**AIARelevantFunction (80%)**: The function `nvmap_ioctl_alloc` is involved in memory allocation for an AI Accelerator (AIA) context. It utilizes the `nvmap_alloc_handle` structure, which contains ...",[nvmap_alloc_handle],[handle; heap_mask; flags; align; size; orig_size; vaddr]
41,nvgpu_gpu_ioctl_register_buffer,ioctl_operations,Relevant_KD_Entry_Point,90,"**AIARelevantFunction Score (80)**: The function `nvgpu_gpu_ioctl_register_buffer` is involved in registering a buffer for use with the GPU, which includes handling DMA buffers. It uses `dma_buf_ge...",[struct nvgpu_gpu_register_buffer_args],[dmabuf_fd; metadata_addr; metadata_size]
42,gk20a_as_ioctl_map_buffer_ex,ioctl_operations,Relevant_KD_Entry_Point,90,**AIARelevantFunction Score (80)**: The function `gk20a_as_ioctl_map_buffer_ex` is involved in mapping a buffer for an AI Accelerator (AIA) by utilizing the `nvgpu_vm_map_buffer` function. This fun...,[nvgpu_as_map_buffer_ex_args],[dmabuf_fd; buffer_offset; mapping_size; offset]
43,nvgpu_ioctl_tsg_dev_ioctl,ioctl_operations,Relevant_KD_Entry_Point,90,"**AIARelevantFunction Score (60)**: The function `nvgpu_ioctl_tsg_dev_ioctl` interacts with various structures that manage GPU resources and operations, including binding channels and managing time...",[nvgpu_tsg_bind_channel_ex_args; nvgpu_tsg_read_single_sm_error_state_args; nvgpu_tsg_l2_max_ways_evict_last_args; nvgpu_tsg_set_l2_sector_promotion_args; nvgpu_runlist_interleave_args; nvgpu_timeslice_args; nvgpu_event_id_ctrl_args],[channel_fd; subcontext_id; sm_id; record_mem; record_size; max_ways; promotion_flag; level; timeslice_us; event_id; event_fd]
44,nvmap_ioctl_create_from_va,ioctl_operations,Relevant_KD_Entry_Point,90,"**AIARelevantFunction (80%)**: The function `nvmap_ioctl_create_from_va` is involved in creating a handle from a virtual address, which is a critical operation for managing shared memory between th...",[nvmap_create_handle_from_va],[va; size; flags; handle]
45,nvgpu_mm_pin,dma_operations,Relevant_KD_Entry_Point,80,"**AIARelevantFunction Score (90)**: The function `nvgpu_mm_pin` is heavily involved in memory management for DMA operations, specifically attaching a DMA buffer (`dma_buf`) to a device and mapping ...",[struct dma_buf; struct dma_buf_attachment; struct sg_table],[dma_address; user virtual address; physical address; dma_buf; device; sg_table]
46,gk20a_init_error_notifier,dma_operations,Relevant_KD_Entry_Point,80,"**AIARelevantFunction (70%)**: The function `gk20a_init_error_notifier` interacts with a DMA buffer, which is crucial for memory management in the context of AI Accelerators. It uses `dma_buf_get` ...",[nvgpu_set_error_notifier; nvgpu_notification; dma_buf],[mem (handle); vaddr (virtual address); notification (pointer to notification structure)]
47,nvmap_ioctl_free,dma_operations,Relevant_KD_Entry_Point,80,**AIARelevantFunction (0%)**: The function `nvmap_ioctl_free` does not directly interact with an AI Accelerator (AIA) or shared memory management that would typically involve functions like `get_us...,[None identified],[None identified]
48,nvmap_ioctl_free,dma_operations,Relevant_KD_Entry_Point,80,**AIARelevantFunction Score (0%)**: The function `nvmap_ioctl_free` does not directly involve sharing memory with an AI Accelerator (AIA). It primarily deals with freeing a DMA buffer associated wi...,[None identified],[None identified]
49,user_copy:gk20a_ctrl_get_fbp_l2_masks,user_copy_operations,Relevant_KD_Entry_Point,80,**AIARelevantFunction Score (0)**: The function `gk20a_ctrl_get_fbp_l2_masks` does not interact with an AI Accelerator (AIA) or shared memory management relevant to AIA operations. It primarily ret...,[struct nvgpu_gpu_get_fbp_l2_masks_args],[mask_buf_addr]
50,user_copy:nvgpu_gpu_clk_get_range,user_copy_operations,Relevant_KD_Entry_Point,80,**AIARelevantFunction Score (0)**: The function `nvgpu_gpu_clk_get_range` does not directly interact with an AI Accelerator (AIA) or manage shared memory between the CPU and AIA. It primarily deals...,[struct nvgpu_gpu_clk_range_args; struct nvgpu_gpu_clk_range],[clk_range_entries; min_hz; max_hz; clk_domain]
51,user_copy:gk20a_as_ioctl_get_va_regions,user_copy_operations,Relevant_KD_Entry_Point,80,"**AIARelevantFunction Score (60)**: The function `gk20a_as_ioctl_get_va_regions` interacts with the GPU's virtual address regions, which is relevant for memory management in the context of an AI Ac...",[struct nvgpu_as_get_va_regions_args; struct nvgpu_as_va_region],[buf_addr; buf_size; offset; page_size; pages]
52,user_copy:nvgpu_gpu_clk_get_info,user_copy_operations,Relevant_KD_Entry_Point,80,**AIARelevantFunction (0%)**: The function `nvgpu_gpu_clk_get_info` does not interact with an AI Accelerator (AIA) or shared memory (SMem) directly. It primarily deals with GPU clock information re...,[struct nvgpu_gpu_clk_get_info_args; struct nvgpu_gpu_clk_info],[clk_info_entries; clk_domain; freq_hz]
53,user_copy:nvmap_ioctl_getfd,user_copy_operations,Relevant_KD_Entry_Point,80,**AIARelevantFunction Score (0)**: The function `nvmap_ioctl_getfd` does not directly interact with an AI Accelerator (AIA) or manage shared memory (SMem) in a way that would qualify it as an AIA r...,[nvmap_create_handle],[handle; fd]
54,user_copy:nvmap_install_fd,user_copy_operations,Relevant_KD_Entry_Point,80,**AIARelevantFunction Score (70%)**: The function `nvmap_install_fd` interacts with a DMA buffer (`dma_buf`) which is crucial for memory management between the CPU and an AI Accelerator (AIA). It u...,[nvmap_handle_info; dma_buf],[dma_buf->file; nvmap_handle_info->handle; nvmap_handle->dmabuf; nvmap_handle->vaddr]
55,nvmap_ioctl_get_available_heaps,ioctl_operations,Relevant_KD_Entry_Point,80,**AIARelevantFunction Score (0)**: The function `nvmap_ioctl_get_available_heaps` does not directly interact with an AI Accelerator (AIA) or perform operations related to shared memory management f...,[struct nvmap_available_heaps],[None identified]
56,gk20a_power_open,ioctl_operations,Relevant_KD_Entry_Point,80,**AIARelevantFunction Score (0)**: The function `gk20a_power_open` does not interact with shared memory or perform any operations that would typically be associated with an AI Accelerator (AIA). It...,None,None
57,nvgpu_ctrl_ioctl_gpu_characteristics_flags,ioctl_operations,Relevant_KD_Entry_Point,80,**AIARelevantFunction Score (0)**: The function `nvgpu_ctrl_ioctl_gpu_characteristics_flags` does not interact with shared memory or perform any operations that would typically be associated with A...,None,None
58,gk20a_as_ioctl_get_va_regions,ioctl_operations,Relevant_KD_Entry_Point,80,**AIARelevantFunction Score (0%)**: The function `gk20a_as_ioctl_get_va_regions` does not directly interact with an AI Accelerator (AIA) or manage shared memory between the CPU and AIA. It primaril...,[struct nvgpu_as_get_va_regions_args; struct nvgpu_as_va_region],[buf_addr; buf_size; offset; page_size; pages]
59,nvmap_ioctl_getfd,ioctl_operations,Relevant_KD_Entry_Point,80,**AIARelevantFunction Score (0)**: The function `nvmap_ioctl_getfd` does not directly interact with an AI Accelerator (AIA) or shared memory management that is typical for AIA functions. It primari...,[nvmap_create_handle],[fd; handle]
60,gk20a_tsg_ioctl_bind_channel_ex,ioctl_operations,Relevant_KD_Entry_Point,80,**AIARelevantFunction Score (0)**: The function `gk20a_tsg_ioctl_bind_channel_ex` does not directly interact with an AI Accelerator (AIA) or manage shared memory (SMem) relevant to AIA operations. ...,[nvgpu_tsg_bind_channel_ex_args],[channel_fd; subcontext_id]
61,nvmap_ioctl_free,ioctl_operations,Relevant_KD_Entry_Point,80,**AIARelevantFunction Score (0%)**: The function `nvmap_ioctl_free` does not directly involve sharing memory with an AI Accelerator (AIA). It primarily deals with freeing a DMA buffer associated wi...,[None identified],[None identified]
62,drivers/video/tegra/nvmap/nvmap_dmabuf.c:_nvmap_dmabuf_map_dma_buf,functions_by_file,Relevant_KD_Entry_Point,70,"**AIARelevantFunction Score (85)**: The function `_nvmap_dmabuf_map_dma_buf` is involved in mapping a DMA buffer to a device, which is a critical operation for enabling an AI Accelerator (AIA) to a...",[struct dma_buf_attachment; struct nvmap_handle_info; struct sg_table; struct dma_buf],[dma_address; phys_addr; device; dma_buf; nvmap_handle]
63,nvmap_handle_get_from_id,dma_operations,Relevant_KD_Entry_Point,70,"**AIARelevantFunction Score (60)**: The function `nvmap_handle_get_from_id` interacts with DMA buffers through the `dma_buf` structure, which is relevant for AI Accelerator integration. It retrieve...",[struct nvmap_handle_info; struct dma_buf],[dma_buf* dmabuf; nvmap_handle* handle]
64,nvmap_handle_get_from_id,dma_operations,Relevant_KD_Entry_Point,70,"**AIARelevantFunction Score (60)**: The function `nvmap_handle_get_from_id` interacts with DMA buffers, which are crucial for memory management in AI Accelerator contexts. It retrieves a DMA buffer...",[struct nvmap_handle_info; struct dma_buf],[dma_buf* dmabuf; nvmap_handle* handle; nvmap_client* client]
65,nvmap_handle_get_from_id,dma_operations,Relevant_KD_Entry_Point,70,"**AIARelevantFunction Score (60)**: The function `nvmap_handle_get_from_id` interacts with DMA buffers through the `dma_buf` structure, which is relevant for AI Accelerator integration. It retrieve...",[nvmap_handle_info; dma_buf],[dma_buf*; nvmap_handle*; nvmap_client*; nvmap_handle_info*]
66,nvgpu_vm_map_buffer,dma_operations,Relevant_KD_Entry_Point,70,"**AIARelevantFunction Score (80)**: The function `nvgpu_vm_map_buffer` is involved in mapping a DMA buffer to a virtual address space, which is critical for enabling an AI Accelerator (AIA) to acce...",[vm_gk20a_mapping_batch],[buffer_offset; mapping_size; dmabuf->size; *map_addr]
67,nvgpu_vm_map_buffer,dma_operations,Relevant_KD_Entry_Point,70,"**AIARelevantFunction Score (80)**: The function `nvgpu_vm_map_buffer` is involved in mapping a DMA buffer to a virtual address space, which is critical for enabling the AI Accelerator (AIA) to acc...",[vm_gk20a_mapping_batch],[buffer_offset; mapping_size; dmabuf->size; *map_addr]
68,nvgpu_vm_map_buffer,dma_operations,Relevant_KD_Entry_Point,70,"**AIARelevantFunction Score (80)**: The function `nvgpu_vm_map_buffer` is involved in mapping a DMA buffer to a virtual address space, which is critical for enabling an AI Accelerator (AIA) to acce...",[vm_gk20a_mapping_batch],[buffer_offset; mapping_size; dmabuf->size; *map_addr]
69,nvgpu_vm_map_buffer,dma_operations,Relevant_KD_Entry_Point,70,"**AIARelevantFunction Score (80)**: The function `nvgpu_vm_map_buffer` is involved in mapping a DMA buffer to a virtual address space, which is critical for enabling an AI Accelerator (AIA) to acce...",[vm_gk20a_mapping_batch],[dma_buf; u64 buffer_offset; u64 mapping_size; u64 *map_addr]
70,nvgpu_vm_map_buffer,dma_operations,Relevant_KD_Entry_Point,70,"**AIARelevantFunction Score (80)**: The function `nvgpu_vm_map_buffer` is involved in mapping a DMA buffer to a virtual address space, which is critical for enabling the AI Accelerator (AIA) to acc...",[vm_gk20a_mapping_batch],[buffer_offset; mapping_size; *map_addr; dmabuf->size]
71,nvgpu_mm_pin,dma_operations,Relevant_KD_Entry_Point,70,"**AIARelevantFunction Score (90)**: The function `nvgpu_mm_pin` is heavily involved in memory management for DMA buffers, which is crucial for AI Accelerator integration. It uses `dma_buf_attach` a...",[struct dma_buf; struct dma_buf_attachment; struct sg_table],[dma_addr_t; u64 regs_bus_addr; u64 usermode_regs_bus_addr; u64 gpu_va; u64 pa_base]
72,drivers/gpu/nvgpu/os/linux/linux-dma.c:nvgpu_dma_alloc_flags_sys,functions_by_file,Relevant_KD_Entry_Point,60,"**AIARelevantFunction Score (80)**: The function `nvgpu_dma_alloc_flags_sys` is responsible for allocating DMA memory, which is crucial for enabling the AI Accelerator (AIA) to access shared memory...",[nvgpu_mem; sg_table],[gpu_va; cpu_va; size; aligned_size; dma_address; dma_length]
73,drivers/video/tegra/nvmap/nvmap_dmabuf.c:nvmap_get_dmabuf_fd,functions_by_file,Relevant_KD_Entry_Point,60,No reasoning provided,[struct nvmap_handle; struct dma_buf],[size; vaddr; dma_buf; file]
74,__dma_buf_export,dma_operations,Relevant_KD_Entry_Point,60,"**AIARelevantFunction Score (80)**: The function `__dma_buf_export` is involved in exporting a DMA buffer, which is critical for sharing memory with an AI Accelerator (AIA). It utilizes the `dma_bu...",[dma_buf_export_info],[phys_addr_t; size_t; dma_buf*; module*; void*]
75,nvmap_handle_get_from_id,dma_operations,Relevant_KD_Entry_Point,60,"**AIARelevantFunction Score (70)**: The function `nvmap_handle_get_from_id` interacts with DMA buffers, which are crucial for memory sharing between the CPU and AI Accelerators (AIA). It uses `dma_...",[struct nvmap_handle_info; struct dma_buf],[dma_buf*; nvmap_handle*; nvmap_client*; size_t]
76,nvgpu_vm_map_buffer,dma_operations,Relevant_KD_Entry_Point,60,"**AIARelevantFunction Score (80)**: The function `nvgpu_vm_map_buffer` is involved in mapping a DMA buffer to a virtual memory space, which is critical for enabling an AI Accelerator (AIA) to acces...",[vm_gk20a_mapping_batch; dma_buf],[buffer_offset; *map_addr; dmabuf->size; dmabuf->file]
77,drivers/gpu/nvgpu/os/linux/linux-dma.c:nvgpu_iommuable,functions_by_file,Relevant_KD_Entry_Point,0,**AIARelevantFunction Score (0%)**: The function `nvgpu_iommuable` does not interact with shared memory or perform any operations related to an AI Accelerator (AIA). It primarily checks if the devi...,None,None
78,drivers/gpu/nvgpu/os/linux/linux-dma.c:nvgpu_dma_free_sys,functions_by_file,Relevant_KD_Entry_Point,0,**AIARelevantFunction Score (0%)**: The function `nvgpu_dma_free_sys` is primarily focused on freeing DMA memory and does not involve any operations related to sharing memory with an AI Accelerator...,None,None
79,drivers/gpu/nvgpu/os/linux/linux-dma.c:nvgpu_dma_free_no_iommu,functions_by_file,Relevant_KD_Entry_Point,0,**AIARelevantFunction Score (0)**: The function `nvgpu_dma_free_no_iommu` is primarily concerned with freeing DMA memory and does not involve any operations that directly relate to sharing memory w...,None,None
80,drivers/gpu/nvgpu/os/linux/linux-dma.c:nvgpu_free_sgtable,functions_by_file,Relevant_KD_Entry_Point,0,**AIARelevantFunction Score (0%)**: The function `nvgpu_free_sgtable` does not involve any operations related to sharing memory with an AI Accelerator (AIA). It simply frees a scatter-gather table ...,None,None
81,drivers/gpu/nvgpu/os/linux/linux-dma.c:nvgpu_dma_flags_to_attrs,functions_by_file,Relevant_KD_Entry_Point,0,**AIARelevantFunction Score (0%)**: The function `nvgpu_dma_flags_to_attrs` does not interact with shared memory or AI Accelerator (AIA) specific memory management functions. It primarily translate...,None,None
82,drivers/gpu/nvgpu/os/linux/linux-dma.c:nvgpu_dma_alloc_no_iommu,functions_by_file,Relevant_KD_Entry_Point,0,"**AIARelevantFunction Score (70%)**: The function `nvgpu_dma_alloc_no_iommu` is involved in memory allocation that could be relevant for an AI Accelerator (AIA) context, particularly in the context...",None,None
83,drivers/gpu/nvgpu/os/linux/linux-dma.c:nvgpu_get_sgtable_from_pages,functions_by_file,Relevant_KD_Entry_Point,0,**AIARelevantFunction Score (70)**: The function `nvgpu_get_sgtable_from_pages` is involved in memory management that could be relevant for AI Accelerator integration. It allocates a scatter-gather...,None,None
84,drivers/gpu/nvgpu/os/linux/platform_gk20a_tegra.c:gk20a_tegra_idle,functions_by_file,Relevant_KD_Entry_Point,0,**AIARelevantFunction Score (0)**: The function `gk20a_tegra_idle` does not involve any operations related to shared memory management or interactions with an AI Accelerator (AIA). It primarily han...,None,None
85,drivers/gpu/nvgpu/os/linux/platform_gk20a_tegra.c:gk20a_tegra_busy,functions_by_file,Relevant_KD_Entry_Point,0,**AIARelevantFunction Score (0%)**: The function `gk20a_tegra_busy` does not interact with shared memory or perform any operations that would typically be associated with an AI Accelerator (AIA). I...,None,None
86,drivers/video/tegra/nvmap/nvmap_dmabuf.c:dmabuf_is_nvmap,functions_by_file,Relevant_KD_Entry_Point,0,**AIARelevantFunction Score (0%)**: The function `dmabuf_is_nvmap` does not involve any operations related to shared memory (SMem) with an AI Accelerator (AIA). It simply checks if the `exp_name` f...,None,None
87,drivers/video/tegra/nvmap/nvmap_dmabuf.c:nvmap_dmabuf_attach,functions_by_file,Relevant_KD_Entry_Point,0,**AIARelevantFunction Score (0%)**: The function `nvmap_dmabuf_attach` does not directly involve any operations related to sharing memory with an AI Accelerator (AIA). It simply calls another funct...,None,None
88,drivers/video/tegra/nvmap/nvmap_dmabuf.c:nvmap_dmabuf_mmap,functions_by_file,Relevant_KD_Entry_Point,0,**AIARelevantFunction Score (0)**: The function `nvmap_dmabuf_mmap` does not directly involve any operations related to sharing memory with an AI Accelerator (AIA). It primarily handles memory mapp...,None,None
89,drivers/video/tegra/nvmap/nvmap_dmabuf.c:nvmap_dmabuf_vmap,functions_by_file,Relevant_KD_Entry_Point,0,**AIARelevantFunction Score (0)**: The function `nvmap_dmabuf_vmap` does not interact with an AI Accelerator (AIA) or perform any operations related to shared memory management that would typically...,None,None
90,drivers/video/tegra/nvmap/nvmap_dmabuf.c:_nvmap_dmabuf_unmap_dma_buf,functions_by_file,Relevant_KD_Entry_Point,0,"**AIARelevantFunction (70%)**: The function `_nvmap_dmabuf_unmap_dma_buf` is involved in unmapping a DMA buffer, which is relevant to the interaction with AI Accelerators (AIA) as it deals with DMA...",[struct nvmap_handle_info; struct dma_buf_attachment; struct sg_table],[dma_buf; dma_addr_t; nvmap_handle; phys_addr_t]
91,drivers/video/tegra/nvmap/nvmap_dmabuf.c:nvmap_dmabuf_get_drv_data,functions_by_file,Relevant_KD_Entry_Point,0,**AIARelevantFunction Score (0)**: The function `nvmap_dmabuf_get_drv_data` does not involve any operations related to sharing memory with an AI Accelerator (AIA). It primarily retrieves driver-spe...,None,None
92,drivers/video/tegra/nvmap/nvmap_dmabuf.c:nvmap_dmabuf_detach,functions_by_file,Relevant_KD_Entry_Point,0,**AIARelevantFunction Score (0)**: The function `nvmap_dmabuf_detach` does not involve any operations related to sharing memory with an AI Accelerator (AIA). It primarily deals with detaching a DMA...,None,None
93,drivers/video/tegra/nvmap/nvmap_dmabuf.c:nvmap_dmabuf_release,functions_by_file,Relevant_KD_Entry_Point,0,**AIARelevantFunction Score (0%)**: The function `nvmap_dmabuf_release` does not involve any operations related to sharing memory with an AI Accelerator (AIA). It primarily deals with releasing a D...,None,None
94,drivers/video/tegra/nvmap/nvmap_dmabuf.c:nvmap_dmabuf_vunmap,functions_by_file,Relevant_KD_Entry_Point,0,**AIARelevantFunction Score (0)**: The function `nvmap_dmabuf_vunmap` does not involve any operations that directly relate to sharing memory with an AI Accelerator (AIA). It primarily deals with un...,None,None
95,drivers/video/tegra/nvmap/nvmap_alloc.c:nvmap_alloc_handle,functions_by_file,Relevant_KD_Entry_Point,0,**AIARelevantFunction Score (0)**: The function `nvmap_alloc_handle` does not directly interact with an AI Accelerator (AIA) or shared memory (SMem) management for an AIA. It primarily focuses on a...,None,None
96,drivers/video/tegra/nvmap/nvmap_alloc.c:alloc_handle,functions_by_file,Relevant_KD_Entry_Point,0,**AIARelevantFunction Score (0)**: The function `alloc_handle` does not involve any operations that directly relate to sharing memory with an AI Accelerator (AIA). It primarily focuses on allocatin...,None,None
97,drivers/video/tegra/nvmap/nvmap_alloc.c:handle_page_alloc,functions_by_file,Relevant_KD_Entry_Point,0,**AIARelevantFunction Score (80)**: The function `handle_page_alloc` is primarily responsible for allocating memory pages for a given `nvmap_handle`. It utilizes various memory management technique...,[nvmap_handle],[size; vaddr; pages; dma_buf]
98,drivers/video/tegra/nvmap/nvmap_alloc.c:nvmap_altalloc,functions_by_file,Relevant_KD_Entry_Point,0,**AIARelevantFunction Score (0)**: The function `nvmap_altalloc` does not interact with any AI Accelerator (AIA) relevant operations. It is primarily focused on memory allocation using `vzalloc` an...,None,None
99,drivers/video/tegra/nvmap/nvmap_alloc.c:nvmap_alloc_pages_exact,functions_by_file,Relevant_KD_Entry_Point,0,"**AIARelevantFunction Score (0)**: The function `nvmap_alloc_pages_exact` is primarily focused on memory allocation using the `alloc_pages` function, which is part of the Linux kernel's memory mana...",None,None
100,drivers/video/tegra/nvmap/nvmap_alloc.c:is_nvmap_id_ro,functions_by_file,Relevant_KD_Entry_Point,0,**AIARelevantFunction Score (0%)**: The function `is_nvmap_id_ro` does not interact with an AI Accelerator (AIA) or shared memory (SMem) directly. It primarily deals with the `nvmap_client` and `dm...,None,None
101,drivers/video/tegra/nvmap/nvmap_alloc.c:nvmap_altfree,functions_by_file,Relevant_KD_Entry_Point,0,**AIARelevantFunction Score (0)**: The function `nvmap_altfree` does not involve any operations related to AI Accelerator integration or shared memory management. It simply frees memory based on th...,None,None
102,drivers/video/tegra/nvmap/nvmap_alloc.c:nvmap_alloc_handle_from_va,functions_by_file,Relevant_KD_Entry_Point,0,**AIARelevantFunction Score (0)**: The function `nvmap_alloc_handle_from_va` does not interact with an AI Accelerator (AIA) or shared memory management that is typical for AIA integration. It prima...,None,None
103,drivers/video/tegra/nvmap/nvmap_alloc.c:alloc_handle_from_va,functions_by_file,Relevant_KD_Entry_Point,0,**AIARelevantFunction Score (80)**: The function `alloc_handle_from_va` is involved in memory management that is relevant to AI Accelerator integration. It pins user pages to memory using `nvmap_ge...,None,vaddr; size; flags
104,drivers/video/tegra/nvmap/nvmap_alloc.c:nvmap_free_handle_from_fd,functions_by_file,Relevant_KD_Entry_Point,0,**AIARelevantFunction Score (0%)**: The function `nvmap_free_handle_from_fd` does not interact with an AI Accelerator (AIA) or shared memory (SMem) directly. It primarily deals with freeing a handl...,None,None
105,drivers/video/tegra/nvmap/nvmap_alloc.c:nvmap_free_handle,functions_by_file,Relevant_KD_Entry_Point,0,**AIARelevantFunction Score (0%)**: The function `nvmap_free_handle` does not interact with an AI Accelerator (AIA) or shared memory management that is typically associated with AIA operations. It ...,None,None
106,drivers/video/tegra/nvmap/nvmap_alloc.c:_nvmap_handle_free,functions_by_file,Relevant_KD_Entry_Point,0,**AIARelevantFunction Score (0%)**: The function `_nvmap_handle_free` does not interact with an AI Accelerator (AIA) or shared memory (SMem) directly. It primarily deals with freeing resources asso...,None,None
107,drivers/video/tegra/nvmap/nvmap_alloc.c:nvmap_heap_pgfree,functions_by_file,Relevant_KD_Entry_Point,0,**AIARelevantFunction Score (0%)**: The function `nvmap_heap_pgfree` does not interact with any AI Accelerator (AIA) related memory management functions. It primarily deals with freeing memory allo...,None,None
108,drivers/video/tegra/nvmap/nvmap_alloc.c:nvmap_heap_pgalloc_dev,functions_by_file,Relevant_KD_Entry_Point,0,**AIARelevantFunction Score (0)**: The function `nvmap_heap_pgalloc_dev` does not interact with any AI Accelerator (AIA) relevant functions or memory management patterns that would typically involv...,None,None
109,nvgpu_dma_free_sys,dma_operations,Relevant_KD_Entry_Point,0,**AIARelevantFunction Score (0%)**: The function `nvgpu_dma_free_sys` is primarily focused on freeing system memory allocated for GPU operations. It does not involve any operations related to shari...,None,None
110,is_nvmap_id_ro,dma_operations,Relevant_KD_Entry_Point,0,**AIARelevantFunction Score (0%)**: The function `is_nvmap_id_ro` does not interact with an AI Accelerator (AIA) or shared memory (SMem) directly. It primarily deals with the `nvmap_client` and `dm...,None,None
111,nvmap_get_dmabuf_fd,dma_operations,Relevant_KD_Entry_Point,0,**AIARelevantFunction Score (0%)**: The function `nvmap_get_dmabuf_fd` does not directly involve operations that share memory with an AI Accelerator (AIA). It primarily deals with exporting a DMA b...,None,None
112,nvgpu_mm_pin,dma_operations,Relevant_KD_Entry_Point,0,"**AIARelevantFunction Score (90)**: The function `nvgpu_mm_pin` is primarily responsible for pinning a DMA buffer to memory, which is a crucial operation when integrating with an AI Accelerator (AI...",None,None
113,nvgpu_usermode_buf_from_dmabuf,dma_operations,Relevant_KD_Entry_Point,0,"**AIARelevantFunction Score (80)**: The function `nvgpu_usermode_buf_from_dmabuf` is involved in managing DMA buffers, which are critical for sharing memory with AI Accelerators (AIA). It uses `dma...",[struct nvgpu_usermode_buf_linux; struct nvgpu_mem],[dma_buf; dma_buf_attachment; sg_table]
114,gk20a_init_error_notifier,dma_operations,Relevant_KD_Entry_Point,0,**AIARelevantFunction Score (0)**: The function `gk20a_init_error_notifier` does not directly interact with an AI Accelerator (AIA) or manage shared memory (SMem) in a way that would qualify it as ...,[struct nvgpu_set_error_notifier; struct nvgpu_notification],[args->mem]
115,gk20a_channel_free_error_notifiers,dma_operations,Relevant_KD_Entry_Point,0,**AIARelevantFunction Score (0%)**: The function `gk20a_channel_free_error_notifiers` does not interact with an AI Accelerator (AIA) or shared memory (SMem) mechanisms. It primarily deals with free...,None,None
116,nvgpu_mm_unpin,dma_operations,Relevant_KD_Entry_Point,0,**AIARelevantFunction Score (0)**: The function `nvgpu_mm_unpin` does not involve any operations that directly relate to sharing memory with an AI Accelerator (AIA). It primarily deals with unmappi...,None,None
117,nvgpu_mm_unpin,dma_operations,Relevant_KD_Entry_Point,0,**AIARelevantFunction Score (0)**: The function `nvgpu_mm_unpin` does not involve any operations that directly relate to sharing memory with an AI Accelerator (AIA). It primarily deals with unmappi...,None,None
118,nvgpu_vm_unmap_system,dma_operations,Relevant_KD_Entry_Point,0,**AIARelevantFunction Score (0%)**: The function `nvgpu_vm_unmap_system` does not involve any operations that directly relate to sharing memory with an AI Accelerator (AIA). It primarily deals with...,None,None
119,nvmap_free_handle,dma_operations,Relevant_KD_Entry_Point,0,**AIARelevantFunction Score (0%)**: The function `nvmap_free_handle` does not interact with an AI Accelerator (AIA) or shared memory (SMem) directly. It primarily deals with freeing a handle associ...,None,None
120,nvmap_free_handle,dma_operations,Relevant_KD_Entry_Point,0,**AIARelevantFunction Score (0%)**: The function `nvmap_free_handle` does not interact with an AI Accelerator (AIA) or shared memory (SMem) in any way that would qualify it as relevant to AIA opera...,None,None
121,destroy_client,dma_operations,Relevant_KD_Entry_Point,0,**AIARelevantFunction Score (0%)**: The function `destroy_client` does not interact with any AI Accelerator (AIA) relevant functions or shared memory management patterns. It primarily focuses on cl...,None,None
122,destroy_client,dma_operations,Relevant_KD_Entry_Point,0,**AIARelevantFunction Score (0%)**: The function `destroy_client` does not involve any operations related to shared memory (SMem) with an AI Accelerator (AIA). It primarily focuses on cleaning up a...,None,None
123,nvgpu_os_channel_free_usermode_buffers,dma_operations,Relevant_KD_Entry_Point,0,**AIARelevantFunction**: The function `nvgpu_os_channel_free_usermode_buffers` does not involve any operations that directly relate to sharing memory with an AI Accelerator (AIA). It primarily focu...,None,None
124,nvgpu_os_channel_free_usermode_buffers,dma_operations,Relevant_KD_Entry_Point,0,**AIARelevantFunction Score (70)**: The function `nvgpu_os_channel_free_usermode_buffers` is involved in managing user-mode buffers associated with a GPU channel. It interacts with DMA buffers thro...,[gpfifo_desc; nvgpu_usermode_buf_linux],[dma_buf; attachment; sgt; userd; gpfifo]
125,user_copy:nvgpu_channel_copy_user_gpfifo,user_copy_operations,Relevant_KD_Entry_Point,0,**AIARelevantFunction Score (0)**: The function `nvgpu_channel_copy_user_gpfifo` does not directly interact with an AI Accelerator (AIA) or manage shared memory in a way that is typical for AIA int...,[struct nvgpu_gpfifo_userdata; struct nvgpu_gpfifo_entry],[entries (pointer to nvgpu_gpfifo_entry); context (pointer to _resmgr_context)]
126,user_copy:gk20a_power_write,user_copy_operations,Relevant_KD_Entry_Point,0,**AIARelevantFunction Score (0)**: The function `gk20a_power_write` does not involve any operations related to sharing memory with an AI Accelerator (AIA). It primarily handles power management for...,None,None
127,user_copy:gk20a_ctrl_get_tpc_masks,user_copy_operations,Relevant_KD_Entry_Point,0,**AIARelevantFunction Score (0)**: The function `gk20a_ctrl_get_tpc_masks` does not directly interact with an AI Accelerator (AIA) or perform operations that would typically be associated with shar...,[struct nvgpu_gpu_get_tpc_masks_args],[mask_buf_addr]
128,user_copy:gk20a_ctrl_vsm_mapping,user_copy_operations,Relevant_KD_Entry_Point,0,"**AIARelevantFunction Score (0)**: The function `gk20a_ctrl_vsm_mapping` does not directly interact with an AI Accelerator (AIA) or perform operations that are typical for AIA memory management, su...",[struct nvgpu_gpu_vsms_mapping; struct nvgpu_gpu_vsms_mapping_entry],[vsms_map_buf_addr]
129,user_copy:nvgpu_gpu_get_engine_info,user_copy_operations,Relevant_KD_Entry_Point,0,**AIARelevantFunction Score (0)**: The function `nvgpu_gpu_get_engine_info` does not involve any operations related to sharing memory with an AI Accelerator (AIA). It primarily retrieves engine inf...,[struct nvgpu_gpu_get_engine_info_args; struct nvgpu_gpu_get_engine_info_item],[engine_info_buf_addr; engine_info_buf_size; engine_id; runlist_id]
130,gk20a_dbg_gpu_dev_release,ioctl_operations,Relevant_KD_Entry_Point,0,**AIARelevantFunction Score (0%)**: The function `gk20a_dbg_gpu_dev_release` does not interact with an AI Accelerator (AIA) or shared memory management relevant to AIA operations. It primarily deal...,None,None
131,gk20a_ctrl_dev_release,ioctl_operations,Relevant_KD_Entry_Point,0,**AIARelevantFunction Score (0%)**: The function `gk20a_ctrl_dev_release` does not interact with shared memory or perform any operations related to AI Accelerator integration. It primarily handles ...,None,None
132,nvmap_open,ioctl_operations,Relevant_KD_Entry_Point,0,**AIARelevantFunction Score (0%)**: The `nvmap_open` function does not involve any operations related to shared memory (SMem) with an AI Accelerator (AIA). It primarily handles the opening of a dev...,None,None
133,gk20a_power_release,ioctl_operations,Relevant_KD_Entry_Point,0,**AIARelevantFunction Score (0%)**: The function `gk20a_power_release` does not involve any operations related to shared memory management or interactions with an AI Accelerator (AIA). It primarily...,None,None
134,gk20a_ctrl_dev_open,ioctl_operations,Relevant_KD_Entry_Point,0,"**AIARelevantFunction Score (0%)**: The function `gk20a_ctrl_dev_open` does not interact with any AI Accelerator (AIA) relevant functions such as memory mapping, DMA operations, or shared memory ma...",None,None
135,nvgpu_get_ioctl_graphics_preempt_mode_flags,ioctl_operations,Relevant_KD_Entry_Point,0,**AIARelevantFunction Score (0)**: The function `nvgpu_get_ioctl_graphics_preempt_mode_flags` does not interact with shared memory or AI Accelerator (AIA) functionalities. It simply processes a fla...,None,None
136,nvgpu_get_ioctl_compute_preempt_mode_flags,ioctl_operations,Relevant_KD_Entry_Point,0,**AIARelevantFunction Score (0)**: The function `nvgpu_get_ioctl_compute_preempt_mode_flags` does not involve any operations related to shared memory (SMem) with an AI Accelerator (AIA). It primari...,None,None
137,nvgpu_get_ioctl_graphics_preempt_mode,ioctl_operations,Relevant_KD_Entry_Point,0,**AIARelevantFunction Score (0)**: The function `nvgpu_get_ioctl_graphics_preempt_mode` does not involve any operations related to shared memory (SMem) with an AI Accelerator (AIA). It simply retur...,None,None
138,nvgpu_get_ioctl_compute_preempt_mode,ioctl_operations,Relevant_KD_Entry_Point,0,**AIARelevantFunction Score (0)**: The function `nvgpu_get_ioctl_compute_preempt_mode` does not involve any operations related to shared memory (SMem) with an AI Accelerator (AIA). It simply transl...,None,None
139,nvgpu_ioctl_channel_alloc_obj_ctx,ioctl_operations,Relevant_KD_Entry_Point,0,**AIARelevantFunction Score (0%)**: The function `nvgpu_ioctl_channel_alloc_obj_ctx` does not directly involve any operations related to sharing memory with an AI Accelerator (AIA). It primarily ca...,None,None
140,gk20a_as_ioctl_unmap_buffer,ioctl_operations,Relevant_KD_Entry_Point,0,**AIARelevantFunction Score (0)**: The function `gk20a_as_ioctl_unmap_buffer` does not involve any operations that directly relate to sharing memory with an AI Accelerator (AIA). It primarily deals...,None,None
141,nvmap_release,ioctl_operations,Relevant_KD_Entry_Point,0,**AIARelevantFunction Score (0%)**: The `nvmap_release` function does not involve any operations related to shared memory management or interactions with an AI Accelerator (AIA). It primarily handl...,None,None
142,gk20a_event_id_release,ioctl_operations,Relevant_KD_Entry_Point,0,**AIARelevantFunction Score (0%)**: The function `gk20a_event_id_release` does not involve any operations related to shared memory (SMem) with an AI Accelerator (AIA). It primarily deals with relea...,None,None
143,gk20a_channel_release,ioctl_operations,Relevant_KD_Entry_Point,0,**AIARelevantFunction Score (0%)**: The function `gk20a_channel_release` does not involve any operations related to sharing memory with an AI Accelerator (AIA). It primarily focuses on releasing a ...,None,None
144,nvgpu_ioctl_tsg_dev_release,ioctl_operations,Relevant_KD_Entry_Point,0,**AIARelevantFunction Score (0)**: The function `nvgpu_ioctl_tsg_dev_release` does not involve any operations related to shared memory (SMem) with an AI Accelerator (AIA). It primarily handles the ...,None,None
145,nvgpu_ioctl_tsg_release,ioctl_operations,Relevant_KD_Entry_Point,0,**AIARelevantFunction Score (0%)**: The function `nvgpu_ioctl_tsg_release` does not involve any operations related to sharing memory with an AI Accelerator (AIA). It primarily deals with releasing ...,None,None
146,gk20a_as_dev_release,ioctl_operations,Relevant_KD_Entry_Point,0,**AIARelevantFunction Score (0%)**: The function `gk20a_as_dev_release` does not perform any operations related to shared memory management or interactions with an AI Accelerator (AIA). It simply r...,None,None
1,nvmap_ioctl_getfd,dma_operations,Message_Structure_Handling,100,**AIARelevantFunction Score (0)**: The function `nvmap_ioctl_getfd` does not directly interact with an AI Accelerator (AIA) or manage shared memory (SMem) in a way that is typical for AIA integrati...,[nvmap_create_handle],[fd; handle]
2,nvgpu_gpu_ioctl_register_buffer,dma_operations,Message_Structure_Handling,100,**AIARelevantFunction Score (0)**: The function `nvgpu_gpu_ioctl_register_buffer` does not directly interact with an AI Accelerator (AIA) or manage shared memory (SMem) in a way that would qualify ...,[nvgpu_gpu_register_buffer_args],[dmabuf_fd; metadata_addr; metadata_size]
3,gk20a_init_error_notifier,dma_operations,Message_Structure_Handling,100,**AIARelevantFunction Score (0)**: The function `gk20a_init_error_notifier` does not directly interact with an AI Accelerator (AIA) or perform operations related to shared memory management for an ...,[struct nvgpu_set_error_notifier; struct nvgpu_notification],[mem (memory handle); offset; size]
4,user_copy:nvgpu_channel_copy_user_gpfifo,user_copy_operations,Message_Structure_Handling,100,**AIARelevantFunction Score (0)**: The function `nvgpu_channel_copy_user_gpfifo` does not directly interact with an AI Accelerator (AIA) or manage shared memory in a way that is typical for AIA int...,[struct nvgpu_gpfifo_userdata; struct nvgpu_gpfifo_entry],[entries (pointer to nvgpu_gpfifo_entry); context (pointer to _resmgr_context)]
5,user_copy:nvmap_ioctl_get_available_heaps,user_copy_operations,Message_Structure_Handling,100,**AIARelevantFunction Score (0)**: The function `nvmap_ioctl_get_available_heaps` does not involve any operations that directly relate to sharing memory with an AI Accelerator (AIA). It primarily r...,[struct nvmap_available_heaps],[None identified]
6,user_copy:gk20a_ctrl_ioctl_gpu_characteristics,user_copy_operations,Message_Structure_Handling,100,**AIARelevantFunction Score (0%)**: The function `gk20a_ctrl_ioctl_gpu_characteristics` does not involve any direct interaction with an AI Accelerator (AIA) for memory management or DMA operations....,[struct nvgpu_gpu_get_characteristics; struct nvgpu_gpu_characteristics],[gpu_characteristics_buf_addr; gpu_instance_id; gr_instance_id]
7,user_copy:gk20a_ctrl_get_tpc_masks,user_copy_operations,Message_Structure_Handling,100,**AIARelevantFunction Score (0)**: The function `gk20a_ctrl_get_tpc_masks` does not directly interact with an AI Accelerator (AIA) or perform operations that would typically be associated with shar...,[struct nvgpu_gpu_get_tpc_masks_args],[mask_buf_addr]
8,user_copy:gk20a_ctrl_vsm_mapping,user_copy_operations,Message_Structure_Handling,100,"**AIARelevantFunction Score (0)**: The function `gk20a_ctrl_vsm_mapping` does not directly interact with an AI Accelerator (AIA) or perform operations that are typical for AIA memory management, su...",[struct nvgpu_gpu_vsms_mapping; struct nvgpu_gpu_vsms_mapping_entry],[vsms_map_buf_addr]
9,user_copy:nvgpu_gpu_get_engine_info,user_copy_operations,Message_Structure_Handling,100,**AIARelevantFunction Score (0)**: The function `nvgpu_gpu_get_engine_info` does not involve any operations related to sharing memory with an AI Accelerator (AIA). It primarily retrieves engine inf...,[struct nvgpu_gpu_get_engine_info_args; struct nvgpu_gpu_get_engine_info_item],[engine_info_buf_addr; engine_info_buf_size; engine_id; runlist_id]
10,user_copy:nvmap_ioctl_query_heap_params,user_copy_operations,Message_Structure_Handling,100,**AIARelevantFunction Score (0)**: The function `nvmap_ioctl_query_heap_params` does not directly interact with an AI Accelerator (AIA) or manage shared memory (SMem) in a way that would qualify it...,[struct nvmap_query_heap_params],[heap_mask; total; free; largest_free_block]
11,user_copy:nvmap_ioctl_query_heap_params,user_copy_operations,Message_Structure_Handling,100,**AIARelevantFunction Score (0)**: The function `nvmap_ioctl_query_heap_params` does not directly interact with an AI Accelerator (AIA) or manage shared memory (SMem) in a way that is typical for A...,[struct nvmap_query_heap_params],[heap_mask; total; free; largest_free_block]
12,user_copy:nvgpu_gpu_clk_get_info,user_copy_operations,Message_Structure_Handling,100,**AIARelevantFunction Score (0%)**: The function `nvgpu_gpu_clk_get_info` does not interact with an AI Accelerator (AIA) or manage shared memory in a way that would qualify as an AIA relevant funct...,[nvgpu_gpu_clk_get_info_args; nvgpu_gpu_clk_info],[clk_info_entries]
13,user_copy:nvgpu_ioctl_tsg_dev_ioctl,user_copy_operations,Message_Structure_Handling,100,**AIARelevantFunction Score (0)**: The function `nvgpu_ioctl_tsg_dev_ioctl` does not directly interact with an AI Accelerator (AIA) or manage shared memory (SMem) in a way that would qualify it as ...,[nvgpu_tsg_bind_channel_ex_args; nvgpu_event_id_ctrl_args; nvgpu_runlist_interleave_args; nvgpu_timeslice_args; nvgpu_tsg_read_single_sm_error_state_args; nvgpu_tsg_l2_max_ways_evict_last_args; nvgpu_tsg_set_l2_sector_promotion_args],[channel_fd; event_fd; sm_id; record_mem; record_size; max_ways; promotion_flag]
14,gk20a_ctrl_ioctl_gpu_characteristics,ioctl_operations,Message_Structure_Handling,100,**AIARelevantFunction Score (0%)**: The function `gk20a_ctrl_ioctl_gpu_characteristics` does not involve any direct interaction with an AI Accelerator (AIA) or shared memory management relevant to ...,[struct nvgpu_gpu_get_characteristics; struct nvgpu_gpu_characteristics],[gpu_characteristics_buf_addr; gpu_instance_id; gr_instance_id]
15,nvgpu_as_ioctl_get_sync_ro_map,ioctl_operations,Message_Structure_Handling,100,**AIARelevantFunction Score (0)**: The function `nvgpu_as_ioctl_get_sync_ro_map` does not directly interact with an AI Accelerator (AIA) or manage shared memory between the CPU and AIA. It primaril...,[struct nvgpu_as_get_sync_ro_map_args],[base_gpuva; sync_size; num_syncpoints]
16,nvmap_ioctl_query_heap_params,ioctl_operations,Message_Structure_Handling,100,**AIARelevantFunction Score (0)**: The function `nvmap_ioctl_query_heap_params` does not directly interact with an AI Accelerator (AIA) or manage shared memory (SMem) in a way that would be relevan...,[struct nvmap_query_heap_params],[heap_mask; total; free; largest_free_block]
17,nvgpu_ioctl_channel_get_user_syncpoint,ioctl_operations,Message_Structure_Handling,100,**AIARelevantFunction Score (0)**: The function `nvgpu_ioctl_channel_get_user_syncpoint` does not directly interact with an AI Accelerator (AIA) or manage shared memory (SMem) in a way that would q...,[nvgpu_get_user_syncpoint_args],[gpu_va; syncpoint_id; syncpoint_max]
18,nvgpu_vm_map_buffer,dma_operations,Message_Structure_Handling,90,"**AIARelevantFunction Score (80)**: The function `nvgpu_vm_map_buffer` is involved in mapping a DMA buffer to a virtual address space, which is critical for enabling an AI Accelerator (AIA) to acce...",[vm_gk20a_mapping_batch],[buffer_offset; mapping_size; dmabuf->size; *map_addr]
19,nvgpu_vm_map_buffer,dma_operations,Message_Structure_Handling,90,"**AIARelevantFunction Score (80)**: The function `nvgpu_vm_map_buffer` is involved in mapping a DMA buffer to a virtual address space, which is critical for enabling the AI Accelerator (AIA) to acc...",[vm_gk20a_mapping_batch],[buffer_offset; mapping_size; dmabuf->size; *map_addr]
20,nvgpu_vm_map_buffer,dma_operations,Message_Structure_Handling,90,"**AIARelevantFunction Score (80)**: The function `nvgpu_vm_map_buffer` is involved in mapping a DMA buffer to a virtual address space, which is critical for enabling an AI Accelerator (AIA) to acce...",[vm_gk20a_mapping_batch],[buffer_offset; mapping_size; dmabuf->size; *map_addr]
21,nvgpu_vm_map_buffer,dma_operations,Message_Structure_Handling,90,"**AIARelevantFunction Score (80)**: The function `nvgpu_vm_map_buffer` is involved in mapping a DMA buffer to a virtual address space, which is critical for enabling an AI Accelerator (AIA) to acce...",[vm_gk20a_mapping_batch],[dma_buf; u64 buffer_offset; u64 mapping_size; u64 *map_addr]
22,nvgpu_vm_map_buffer,dma_operations,Message_Structure_Handling,90,"**AIARelevantFunction Score (80)**: The function `nvgpu_vm_map_buffer` is involved in mapping a DMA buffer to a virtual address space, which is critical for enabling the AI Accelerator (AIA) to acc...",[vm_gk20a_mapping_batch],[buffer_offset; mapping_size; *map_addr; dmabuf->size]
23,gk20a_init_error_notifier,dma_operations,Message_Structure_Handling,90,"**AIARelevantFunction (70%)**: The function `gk20a_init_error_notifier` interacts with a DMA buffer, which is crucial for memory management in the context of AI Accelerators. It uses `dma_buf_get` ...",[nvgpu_set_error_notifier; nvgpu_notification; dma_buf],[mem (handle); vaddr (virtual address); notification (pointer to notification structure)]
24,user_copy:gk20a_ctrl_get_fbp_l2_masks,user_copy_operations,Message_Structure_Handling,90,**AIARelevantFunction Score (0)**: The function `gk20a_ctrl_get_fbp_l2_masks` does not interact with an AI Accelerator (AIA) or shared memory management relevant to AIA operations. It primarily ret...,[struct nvgpu_gpu_get_fbp_l2_masks_args],[mask_buf_addr]
25,user_copy:nvgpu_gpu_clk_get_range,user_copy_operations,Message_Structure_Handling,90,**AIARelevantFunction Score (0)**: The function `nvgpu_gpu_clk_get_range` does not directly interact with an AI Accelerator (AIA) or manage shared memory between the CPU and AIA. It primarily deals...,[struct nvgpu_gpu_clk_range_args; struct nvgpu_gpu_clk_range],[clk_range_entries; min_hz; max_hz; clk_domain]
26,user_copy:gk20a_as_ioctl_get_va_regions,user_copy_operations,Message_Structure_Handling,90,"**AIARelevantFunction Score (60)**: The function `gk20a_as_ioctl_get_va_regions` interacts with the GPU's virtual address regions, which is relevant for memory management in the context of an AI Ac...",[struct nvgpu_as_get_va_regions_args; struct nvgpu_as_va_region],[buf_addr; buf_size; offset; page_size; pages]
27,user_copy:nvgpu_gpu_clk_get_info,user_copy_operations,Message_Structure_Handling,90,**AIARelevantFunction (0%)**: The function `nvgpu_gpu_clk_get_info` does not interact with an AI Accelerator (AIA) or shared memory (SMem) directly. It primarily deals with GPU clock information re...,[struct nvgpu_gpu_clk_get_info_args; struct nvgpu_gpu_clk_info],[clk_info_entries; clk_domain; freq_hz]
28,user_copy:nvmap_ioctl_getfd,user_copy_operations,Message_Structure_Handling,90,**AIARelevantFunction Score (0)**: The function `nvmap_ioctl_getfd` does not directly interact with an AI Accelerator (AIA) or manage shared memory (SMem) in a way that would qualify it as an AIA r...,[nvmap_create_handle],[handle; fd]
29,user_copy:nvmap_install_fd,user_copy_operations,Message_Structure_Handling,90,**AIARelevantFunction Score (70%)**: The function `nvmap_install_fd` interacts with a DMA buffer (`dma_buf`) which is crucial for memory management between the CPU and an AI Accelerator (AIA). It u...,[nvmap_handle_info; dma_buf],[dma_buf->file; nvmap_handle_info->handle; nvmap_handle->dmabuf; nvmap_handle->vaddr]
30,nvmap_ioctl_get_available_heaps,ioctl_operations,Message_Structure_Handling,90,**AIARelevantFunction Score (0)**: The function `nvmap_ioctl_get_available_heaps` does not directly interact with an AI Accelerator (AIA) or perform operations related to shared memory management f...,[struct nvmap_available_heaps],[None identified]
31,gk20a_as_ioctl_get_va_regions,ioctl_operations,Message_Structure_Handling,90,**AIARelevantFunction Score (0%)**: The function `gk20a_as_ioctl_get_va_regions` does not directly interact with an AI Accelerator (AIA) or manage shared memory between the CPU and AIA. It primaril...,[struct nvgpu_as_get_va_regions_args; struct nvgpu_as_va_region],[buf_addr; buf_size; offset; page_size; pages]
32,nvmap_ioctl_getfd,ioctl_operations,Message_Structure_Handling,90,**AIARelevantFunction Score (0)**: The function `nvmap_ioctl_getfd` does not directly interact with an AI Accelerator (AIA) or shared memory management that is typical for AIA functions. It primari...,[nvmap_create_handle],[fd; handle]
33,nvgpu_vm_map_buffer,dma_operations,Message_Structure_Handling,85,"**AIARelevantFunction Score (80)**: The function `nvgpu_vm_map_buffer` is involved in mapping a DMA buffer to a virtual address space, which is critical for enabling an AI Accelerator (AIA) to acce...",[vm_gk20a_mapping_batch],[dma_buf; buffer_offset; mapping_size; *map_addr]
34,user_copy:gk20a_channel_ioctl,user_copy_operations,Message_Structure_Handling,85,"**AIARelevantFunction Score (80)**: The function `gk20a_channel_ioctl` interacts with various structures that are relevant to the AI Accelerator (AIA) operations, particularly in managing channels ...",[nvgpu_alloc_obj_ctx_args; nvgpu_channel_setup_bind_args; nvgpu_alloc_gpfifo_ex_args; nvgpu_set_error_notifier; nvgpu_set_timeout_args; nvgpu_set_timeout_ex_args; nvgpu_get_param_args],[chid; tsgid; userd_dmabuf_fd; gpfifo_dmabuf_fd; userd_dmabuf_offset; gpfifo_dmabuf_offset; obj_id]
35,user_copy:gk20a_channel_ioctl,user_copy_operations,Message_Structure_Handling,85,"**AIARelevantFunction Score (70)**: The function `gk20a_channel_ioctl` interacts with various structures that are relevant for managing GPU channels and their operations, which may involve shared m...",[nvgpu_channel_open_args; nvgpu_alloc_obj_ctx_args; nvgpu_channel_setup_bind_args; nvgpu_alloc_gpfifo_ex_args; nvgpu_submit_gpfifo_args; nvgpu_wait_args; nvgpu_set_error_notifier; nvgpu_set_timeout_args; nvgpu_set_timeout_ex_args; nvgpu_get_param_args],[userd_dmabuf_fd; gpfifo_dmabuf_fd; userd_dmabuf_offset; gpfifo_dmabuf_offset]
36,user_copy:gk20a_ctrl_dev_ioctl,user_copy_operations,Message_Structure_Handling,85,**AIARelevantFunction Score (0)**: The function `gk20a_ctrl_dev_ioctl` does not directly interact with an AI Accelerator (AIA) or manage shared memory for an AIA. It primarily serves as an ioctl ha...,[nvgpu_gpu_zcull_get_ctx_size_args; nvgpu_gpu_zcull_get_info_args; nvgpu_gpu_zbc_set_table_args; nvgpu_gpu_zbc_query_table_args; nvgpu_gpu_get_characteristics; nvgpu_gpu_prepare_compressible_read_args; nvgpu_gpu_mark_compressible_write_args; nvgpu_alloc_as_args; nvgpu_gpu_open_tsg_args; nvgpu_gpu_get_tpc_masks_args; nvgpu_gpu_get_fbp_l2_masks_args; nvgpu_channel_open_args; nvgpu_gpu_l2_fb_args; nvgpu_gpu_mmu_debug_mode_args; nvgpu_gpu_sm_debug_mode_args],[as_fd; va_range_start; va_range_end; va_range_split; gpu_characteristics_buf_addr; handle; offset; zbc_color; tsg_fd; mask_buf_addr]
37,user_copy:gk20a_as_dev_ioctl,user_copy_operations,Message_Structure_Handling,85,**AIARelevantFunction Score (80)**: The function `gk20a_as_dev_ioctl` is involved in handling various IOCTL commands that are likely related to memory management and operations with the AI Accelera...,[nvgpu_as_bind_channel_args; nvgpu32_as_alloc_space_args; nvgpu_as_alloc_space_args; nvgpu_as_free_space_args; nvgpu_as_map_buffer_ex_args; nvgpu_as_unmap_buffer_args; nvgpu_as_get_va_regions_args; nvgpu_as_map_buffer_batch_args; nvgpu_as_get_sync_ro_map_args; nvgpu_as_mapping_modify_args; nvgpu_as_remap_args],[channel_fd; pages; page_size; flags; buffer_offset; mapping_size; offset; base_gpuva; sync_size; num_syncpoints]
38,user_copy:gk20a_as_dev_ioctl,user_copy_operations,Message_Structure_Handling,85,**AIARelevantFunction Score (80)**: The function `gk20a_as_dev_ioctl` interacts with various memory management operations that are relevant to the AI Accelerator (AIA). It handles commands that inv...,[nvgpu_as_bind_channel_args; nvgpu32_as_alloc_space_args; nvgpu_as_alloc_space_args; nvgpu_as_free_space_args; nvgpu_as_map_buffer_ex_args; nvgpu_as_unmap_buffer_args; nvgpu_as_get_va_regions_args; nvgpu_as_map_buffer_batch_args; nvgpu_as_get_sync_ro_map_args; nvgpu_as_mapping_modify_args; nvgpu_as_remap_args],[channel_fd; pages; page_size; flags; offset; buffer_offset; buffer_size; base_gpuva; num_syncpoints]
39,user_copy:nvmap_ioctl_create,user_copy_operations,Message_Structure_Handling,85,**AIARelevantFunction Score (80)**: The function `nvmap_ioctl_create` is involved in creating a handle for a shared memory buffer that can be used by an AI Accelerator. It interacts with DMA buffer...,[nvmap_create_handle],[handle; handle64; fd; size; orig_size; vaddr; dma_buf; dma_buf_ro]
40,user_copy:nvgpu_gpu_ioctl_register_buffer,user_copy_operations,Message_Structure_Handling,85,"**AIARelevantFunction Score (80)**: The function `nvgpu_gpu_ioctl_register_buffer` is involved in managing a DMA buffer, which is critical for AI Accelerator (AIA) operations. It uses `dma_buf_get`...",[struct nvgpu_gpu_register_buffer_args],[dmabuf_fd; metadata_addr; metadata_size]
41,user_copy:nvgpu_ioctl_tsg_dev_ioctl,user_copy_operations,Message_Structure_Handling,85,"**AIARelevantFunction Score (70)**: The function `nvgpu_ioctl_tsg_dev_ioctl` interacts with the GPU's task scheduling and channel binding, which can involve shared memory operations. It handles var...",[nvgpu_tsg_bind_channel_ex_args; nvgpu_tsg_bind_scheduling_domain_args; nvgpu_runlist_interleave_args; nvgpu_timeslice_args; nvgpu_tsg_read_single_sm_error_state_args; nvgpu_tsg_l2_max_ways_evict_last_args; nvgpu_tsg_set_l2_sector_promotion_args],[channel_fd; domain_fd; timeslice_us; max_ways; promotion_flag; record_mem; record_size]
42,user_copy:nvmap_ioctl_create_from_va,user_copy_operations,Message_Structure_Handling,85,"**AIARelevantFunction Score (80)**: The function `nvmap_ioctl_create_from_va` is involved in creating a handle from a virtual address, which is a critical operation for managing shared memory betwe...",[nvmap_create_handle_from_va],[handle; va; size; flags]
43,gk20a_channel_ioctl,ioctl_operations,Message_Structure_Handling,85,"**AIARelevantFunction Score (70)**: The function `gk20a_channel_ioctl` interacts with various structures that manage GPU channels and their operations, which can involve shared memory and DMA opera...",[nvgpu_channel_open_args; nvgpu_alloc_obj_ctx_args; nvgpu_channel_setup_bind_args; nvgpu_alloc_gpfifo_ex_args; nvgpu_set_error_notifier; nvgpu_set_timeout_args; nvgpu_set_timeout_ex_args; nvgpu_get_param_args],[userd_dmabuf_fd; gpfifo_dmabuf_fd; userd_dmabuf_offset; gpfifo_dmabuf_offset; offset; size; mem]
44,gk20a_ioctl_channel_submit_gpfifo,ioctl_operations,Message_Structure_Handling,85,"**AIARelevantFunction Score (80)**: The function `gk20a_ioctl_channel_submit_gpfifo` is involved in submitting a GPU FIFO command, which is relevant for AI Accelerator operations. It handles user c...",[nvgpu_submit_gpfifo_args; nvgpu_channel_fence; nvgpu_user_fence; nvgpu_gpfifo_userdata],[fence.id; fence.value; args.gpfifo; args.num_entries; args.flags; userdata.entries; userdata.context]
45,gk20a_ctrl_dev_ioctl,ioctl_operations,Message_Structure_Handling,85,"**AIARelevantFunction Score (80)**: The function `gk20a_ctrl_dev_ioctl` handles various IOCTL commands that interact with the GPU and its subsystems, including memory management and configuration. ...",[nvgpu_gpu_zcull_get_ctx_size_args; nvgpu_gpu_zcull_get_info_args; nvgpu_gpu_zbc_set_table_args; nvgpu_gpu_zbc_query_table_args; nvgpu_gpu_get_characteristics; nvgpu_gpu_prepare_compressible_read_args; nvgpu_gpu_mark_compressible_write_args; nvgpu_alloc_as_args; nvgpu_gpu_open_tsg_args; nvgpu_gpu_get_tpc_masks_args; nvgpu_gpu_get_fbp_l2_masks_args; nvgpu_channel_open_args; nvgpu_gpu_l2_fb_args; nvgpu_gpu_mmu_debug_mode_args; nvgpu_gpu_sm_debug_mode_args],[handle; offset; va_range_start; va_range_end; va_range_split; zbc_color; syncpt_unit_base; syncpt_size]
46,gk20a_as_dev_ioctl,ioctl_operations,Message_Structure_Handling,85,"**AIARelevantFunction Score (80)**: The function `gk20a_as_dev_ioctl` is involved in handling various IOCTL commands that interact with the GPU's memory management and resource allocation, which is...",[struct nvgpu_as_bind_channel_args; struct nvgpu32_as_alloc_space_args; struct nvgpu_as_alloc_space_args; struct nvgpu_as_free_space_args; struct nvgpu_as_map_buffer_ex_args; struct nvgpu_as_unmap_buffer_args; struct nvgpu_as_get_va_regions_args; struct nvgpu_as_map_buffer_batch_args; struct nvgpu_as_get_sync_ro_map_args; struct nvgpu_as_mapping_modify_args; struct nvgpu_as_remap_args],[channel_fd; offset; pages; page_size; buffer_offset; buffer_size; map_address; base_gpuva]
47,nvmap_ioctl_alloc,ioctl_operations,Message_Structure_Handling,85,"**AIARelevantFunction (80%)**: The function `nvmap_ioctl_alloc` is involved in memory allocation for an AI Accelerator (AIA) context. It utilizes the `nvmap_alloc_handle` structure, which contains ...",[nvmap_alloc_handle],[handle; heap_mask; flags; align; size; orig_size; vaddr]
48,nvgpu_gpu_ioctl_register_buffer,ioctl_operations,Message_Structure_Handling,85,"**AIARelevantFunction Score (80)**: The function `nvgpu_gpu_ioctl_register_buffer` is involved in registering a buffer for use with the GPU, which includes handling DMA buffers. It uses `dma_buf_ge...",[struct nvgpu_gpu_register_buffer_args],[dmabuf_fd; metadata_addr; metadata_size]
49,gk20a_as_ioctl_map_buffer_ex,ioctl_operations,Message_Structure_Handling,85,**AIARelevantFunction Score (80)**: The function `gk20a_as_ioctl_map_buffer_ex` is involved in mapping a buffer for an AI Accelerator (AIA) by utilizing the `nvgpu_vm_map_buffer` function. This fun...,[nvgpu_as_map_buffer_ex_args],[dmabuf_fd; buffer_offset; mapping_size; offset]
50,nvmap_ioctl_create_from_va,ioctl_operations,Message_Structure_Handling,85,"**AIARelevantFunction (80%)**: The function `nvmap_ioctl_create_from_va` is involved in creating a handle from a virtual address, which is a critical operation for managing shared memory between th...",[nvmap_create_handle_from_va],[va; size; flags; handle]
51,drivers/video/tegra/nvmap/nvmap_dmabuf.c:nvmap_get_dmabuf_fd,functions_by_file,Message_Structure_Handling,80,No reasoning provided,[struct nvmap_handle; struct dma_buf],[size; vaddr; dma_buf; file]
52,drivers/video/tegra/nvmap/nvmap_dmabuf.c:_nvmap_dmabuf_map_dma_buf,functions_by_file,Message_Structure_Handling,80,"**AIARelevantFunction Score (85)**: The function `_nvmap_dmabuf_map_dma_buf` is involved in mapping a DMA buffer to a device, which is a critical operation for enabling an AI Accelerator (AIA) to a...",[struct dma_buf_attachment; struct nvmap_handle_info; struct sg_table; struct dma_buf],[dma_address; phys_addr; device; dma_buf; nvmap_handle]
53,nvmap_handle_get_from_id,dma_operations,Message_Structure_Handling,80,"**AIARelevantFunction Score (60)**: The function `nvmap_handle_get_from_id` interacts with DMA buffers through the `dma_buf` structure, which is relevant for AI Accelerator integration. It retrieve...",[struct nvmap_handle_info; struct dma_buf],[dma_buf* dmabuf; nvmap_handle* handle]
54,nvmap_handle_get_from_id,dma_operations,Message_Structure_Handling,80,"**AIARelevantFunction Score (70)**: The function `nvmap_handle_get_from_id` interacts with DMA buffers, which are crucial for memory sharing between the CPU and AI Accelerators (AIA). It uses `dma_...",[struct nvmap_handle_info; struct dma_buf],[dma_buf*; nvmap_handle*; nvmap_client*; size_t]
55,nvmap_handle_get_from_id,dma_operations,Message_Structure_Handling,80,"**AIARelevantFunction Score (60)**: The function `nvmap_handle_get_from_id` interacts with DMA buffers, which are crucial for memory management in AI Accelerator contexts. It retrieves a DMA buffer...",[struct nvmap_handle_info; struct dma_buf],[dma_buf* dmabuf; nvmap_handle* handle; nvmap_client* client]
56,nvmap_handle_get_from_id,dma_operations,Message_Structure_Handling,80,"**AIARelevantFunction Score (60)**: The function `nvmap_handle_get_from_id` interacts with DMA buffers through the `dma_buf` structure, which is relevant for AI Accelerator integration. It retrieve...",[nvmap_handle_info; dma_buf],[dma_buf*; nvmap_handle*; nvmap_client*; nvmap_handle_info*]
57,nvgpu_gpu_ioctl_register_buffer,dma_operations,Message_Structure_Handling,80,"**AIARelevantFunction Score (70)**: The function `nvgpu_gpu_ioctl_register_buffer` is involved in registering a buffer for use with the GPU, which includes handling a DMA buffer (`dma_buf`). It uti...",[struct nvgpu_gpu_register_buffer_args],[dmabuf_fd; metadata_addr; metadata_size]
58,nvgpu_mm_pin,dma_operations,Message_Structure_Handling,80,"**AIARelevantFunction Score (90)**: The function `nvgpu_mm_pin` is heavily involved in memory management for DMA buffers, which is crucial for AI Accelerator integration. It uses `dma_buf_attach` a...",[struct dma_buf; struct dma_buf_attachment; struct sg_table],[dma_addr_t; u64 regs_bus_addr; u64 usermode_regs_bus_addr; u64 gpu_va; u64 pa_base]
59,gk20a_init_error_notifier,dma_operations,Message_Structure_Handling,80,**AIARelevantFunction Score (0)**: The function `gk20a_init_error_notifier` does not directly interact with an AI Accelerator (AIA) or manage shared memory (SMem) in a way that would qualify it as ...,[struct nvgpu_set_error_notifier; struct nvgpu_notification],[args->mem]
60,user_copy:gk20a_ctrl_dev_ioctl,user_copy_operations,Message_Structure_Handling,80,**AIARelevantFunction Score (0)**: The function `gk20a_ctrl_dev_ioctl` does not directly involve sharing memory with an AI Accelerator (AIA) or managing DMA buffers. It primarily serves as an ioctl...,[nvgpu_gpu_zcull_get_ctx_size_args; nvgpu_gpu_zcull_get_info_args; nvgpu_gpu_zbc_set_table_args; nvgpu_gpu_zbc_query_table_args; nvgpu_gpu_get_characteristics; nvgpu_gpu_prepare_compressible_read_args; nvgpu_gpu_mark_compressible_write_args; nvgpu_alloc_as_args; nvgpu_gpu_open_tsg_args; nvgpu_gpu_get_tpc_masks_args; nvgpu_gpu_get_fbp_l2_masks_args; nvgpu_channel_open_args; nvgpu_gpu_l2_fb_args; nvgpu_gpu_mmu_debug_mode_args; nvgpu_gpu_sm_debug_mode_args],[as_fd; gpu_characteristics_buf_addr; va_range_start; va_range_end; va_range_split; handle]
61,user_copy:nvmap_ioctl_create,user_copy_operations,Message_Structure_Handling,80,**AIARelevantFunction Score (70%)**: The function `nvmap_ioctl_create` is involved in creating a handle for a memory buffer that can be shared with an AI Accelerator (AIA). It utilizes the `nvmap_c...,[nvmap_create_handle],[handle; handle64; fd]
62,user_copy:nvmap_ioctl_alloc,user_copy_operations,Message_Structure_Handling,80,"**AIARelevantFunction (60%)**: The function `nvmap_ioctl_alloc` is responsible for allocating memory for an NVMAP handle, which is relevant for AI Accelerator integration. It does not directly inte...",[nvmap_alloc_handle],[handle; heap_mask; flags; align; size; vaddr]
63,user_copy:nvmap_ioctl_create_from_va,user_copy_operations,Message_Structure_Handling,80,"**AIARelevantFunction Score (70%)**: The function `nvmap_ioctl_create_from_va` is involved in creating a handle from a virtual address, which is relevant for memory management in the context of an ...",[nvmap_create_handle_from_va],[va; size; flags; handle]
64,nvmap_ioctl,ioctl_operations,Message_Structure_Handling,80,**AIARelevantFunction Score (70)**: The function `nvmap_ioctl` is involved in handling various IOCTL commands that can potentially relate to memory management and operations that may involve an AI ...,[struct nvmap_rw_handle; struct nvmap_cache_op; struct nvmap_cache_op_32; struct nvmap_cache_op_64],[addr; handle]
65,nvmap_ioctl_create,ioctl_operations,Message_Structure_Handling,80,"**AIARelevantFunction Score (70)**: The function `nvmap_ioctl_create` is involved in creating a handle for shared memory, which is relevant for AI Accelerator integration. It interacts with DMA buf...",[nvmap_create_handle],[handle; fd; size; orig_size; dma_buf]
66,nvgpu_ioctl_tsg_dev_ioctl,ioctl_operations,Message_Structure_Handling,80,"**AIARelevantFunction Score (60)**: The function `nvgpu_ioctl_tsg_dev_ioctl` interacts with various structures that manage GPU resources and operations, including binding channels and managing time...",[nvgpu_tsg_bind_channel_ex_args; nvgpu_tsg_read_single_sm_error_state_args; nvgpu_tsg_l2_max_ways_evict_last_args; nvgpu_tsg_set_l2_sector_promotion_args; nvgpu_runlist_interleave_args; nvgpu_timeslice_args; nvgpu_event_id_ctrl_args],[channel_fd; subcontext_id; sm_id; record_mem; record_size; max_ways; promotion_flag; level; timeslice_us; event_id; event_fd]
67,drivers/gpu/nvgpu/os/linux/linux-dma.c:nvgpu_dma_alloc_flags_sys,functions_by_file,Message_Structure_Handling,70,"**AIARelevantFunction Score (80)**: The function `nvgpu_dma_alloc_flags_sys` is responsible for allocating DMA memory, which is crucial for enabling the AI Accelerator (AIA) to access shared memory...",[nvgpu_mem; sg_table],[gpu_va; cpu_va; size; aligned_size; dma_address; dma_length]
68,__dma_buf_export,dma_operations,Message_Structure_Handling,70,"**AIARelevantFunction Score (80)**: The function `__dma_buf_export` is involved in exporting a DMA buffer, which is critical for sharing memory with an AI Accelerator (AIA). It utilizes the `dma_bu...",[dma_buf_export_info],[phys_addr_t; size_t; dma_buf*; module*; void*]
69,nvgpu_vm_map_buffer,dma_operations,Message_Structure_Handling,70,"**AIARelevantFunction Score (80)**: The function `nvgpu_vm_map_buffer` is involved in mapping a DMA buffer to a virtual memory space, which is critical for enabling an AI Accelerator (AIA) to acces...",[vm_gk20a_mapping_batch; dma_buf],[buffer_offset; *map_addr; dmabuf->size; dmabuf->file]
70,nvgpu_mm_pin,dma_operations,Message_Structure_Handling,70,"**AIARelevantFunction Score (90)**: The function `nvgpu_mm_pin` is heavily involved in memory management for DMA operations, specifically attaching a DMA buffer (`dma_buf`) to a device and mapping ...",[struct dma_buf; struct dma_buf_attachment; struct sg_table],[dma_address; user virtual address; physical address; dma_buf; device; sg_table]
71,nvgpu_usermode_buf_from_dmabuf,dma_operations,Message_Structure_Handling,70,"**AIARelevantFunction Score (80)**: The function `nvgpu_usermode_buf_from_dmabuf` is involved in managing DMA buffers, which are critical for sharing memory with AI Accelerators (AIA). It uses `dma...",[struct nvgpu_usermode_buf_linux; struct nvgpu_mem],[dma_buf; dma_buf_attachment; sg_table]
72,gk20a_tsg_ioctl_bind_channel_ex,ioctl_operations,Message_Structure_Handling,70,**AIARelevantFunction Score (0)**: The function `gk20a_tsg_ioctl_bind_channel_ex` does not directly interact with an AI Accelerator (AIA) or manage shared memory (SMem) relevant to AIA operations. ...,[nvgpu_tsg_bind_channel_ex_args],[channel_fd; subcontext_id]
73,drivers/gpu/nvgpu/os/linux/linux-dma.c:nvgpu_get_sgtable_from_pages,functions_by_file,Message_Structure_Handling,60,**AIARelevantFunction Score (70)**: The function `nvgpu_get_sgtable_from_pages` is involved in memory management that could be relevant for AI Accelerator integration. It allocates a scatter-gather...,None,None
74,drivers/video/tegra/nvmap/nvmap_dmabuf.c:_nvmap_dmabuf_unmap_dma_buf,functions_by_file,Message_Structure_Handling,60,"**AIARelevantFunction (70%)**: The function `_nvmap_dmabuf_unmap_dma_buf` is involved in unmapping a DMA buffer, which is relevant to the interaction with AI Accelerators (AIA) as it deals with DMA...",[struct nvmap_handle_info; struct dma_buf_attachment; struct sg_table],[dma_buf; dma_addr_t; nvmap_handle; phys_addr_t]
75,drivers/video/tegra/nvmap/nvmap_alloc.c:handle_page_alloc,functions_by_file,Message_Structure_Handling,60,**AIARelevantFunction Score (80)**: The function `handle_page_alloc` is primarily responsible for allocating memory pages for a given `nvmap_handle`. It utilizes various memory management technique...,[nvmap_handle],[size; vaddr; pages; dma_buf]
76,drivers/video/tegra/nvmap/nvmap_alloc.c:alloc_handle_from_va,functions_by_file,Message_Structure_Handling,60,**AIARelevantFunction Score (80)**: The function `alloc_handle_from_va` is involved in memory management that is relevant to AI Accelerator integration. It pins user pages to memory using `nvmap_ge...,None,vaddr; size; flags
77,nvmap_ioctl_free,dma_operations,Message_Structure_Handling,60,**AIARelevantFunction (0%)**: The function `nvmap_ioctl_free` does not directly interact with an AI Accelerator (AIA) or shared memory management that would typically involve functions like `get_us...,[None identified],[None identified]
78,nvmap_ioctl_free,dma_operations,Message_Structure_Handling,60,**AIARelevantFunction Score (0%)**: The function `nvmap_ioctl_free` does not directly involve sharing memory with an AI Accelerator (AIA). It primarily deals with freeing a DMA buffer associated wi...,[None identified],[None identified]
79,nvgpu_os_channel_free_usermode_buffers,dma_operations,Message_Structure_Handling,60,**AIARelevantFunction Score (70)**: The function `nvgpu_os_channel_free_usermode_buffers` is involved in managing user-mode buffers associated with a GPU channel. It interacts with DMA buffers thro...,[gpfifo_desc; nvgpu_usermode_buf_linux],[dma_buf; attachment; sgt; userd; gpfifo]
80,nvmap_ioctl_free,ioctl_operations,Message_Structure_Handling,60,**AIARelevantFunction Score (0%)**: The function `nvmap_ioctl_free` does not directly involve sharing memory with an AI Accelerator (AIA). It primarily deals with freeing a DMA buffer associated wi...,[None identified],[None identified]
81,drivers/gpu/nvgpu/os/linux/linux-dma.c:nvgpu_iommuable,functions_by_file,Message_Structure_Handling,0,**AIARelevantFunction Score (0%)**: The function `nvgpu_iommuable` does not interact with shared memory or perform any operations related to an AI Accelerator (AIA). It primarily checks if the devi...,None,None
82,drivers/gpu/nvgpu/os/linux/linux-dma.c:nvgpu_dma_free_sys,functions_by_file,Message_Structure_Handling,0,**AIARelevantFunction Score (0%)**: The function `nvgpu_dma_free_sys` is primarily focused on freeing DMA memory and does not involve any operations related to sharing memory with an AI Accelerator...,None,None
83,drivers/gpu/nvgpu/os/linux/linux-dma.c:nvgpu_dma_free_no_iommu,functions_by_file,Message_Structure_Handling,0,**AIARelevantFunction Score (0)**: The function `nvgpu_dma_free_no_iommu` is primarily concerned with freeing DMA memory and does not involve any operations that directly relate to sharing memory w...,None,None
84,drivers/gpu/nvgpu/os/linux/linux-dma.c:nvgpu_free_sgtable,functions_by_file,Message_Structure_Handling,0,**AIARelevantFunction Score (0%)**: The function `nvgpu_free_sgtable` does not involve any operations related to sharing memory with an AI Accelerator (AIA). It simply frees a scatter-gather table ...,None,None
85,drivers/gpu/nvgpu/os/linux/linux-dma.c:nvgpu_dma_flags_to_attrs,functions_by_file,Message_Structure_Handling,0,**AIARelevantFunction Score (0%)**: The function `nvgpu_dma_flags_to_attrs` does not interact with shared memory or AI Accelerator (AIA) specific memory management functions. It primarily translate...,None,None
86,drivers/gpu/nvgpu/os/linux/linux-dma.c:nvgpu_dma_alloc_no_iommu,functions_by_file,Message_Structure_Handling,0,"**AIARelevantFunction Score (70%)**: The function `nvgpu_dma_alloc_no_iommu` is involved in memory allocation that could be relevant for an AI Accelerator (AIA) context, particularly in the context...",None,None
87,drivers/gpu/nvgpu/os/linux/platform_gk20a_tegra.c:gk20a_tegra_idle,functions_by_file,Message_Structure_Handling,0,**AIARelevantFunction Score (0)**: The function `gk20a_tegra_idle` does not involve any operations related to shared memory management or interactions with an AI Accelerator (AIA). It primarily han...,None,None
88,drivers/gpu/nvgpu/os/linux/platform_gk20a_tegra.c:gk20a_tegra_busy,functions_by_file,Message_Structure_Handling,0,**AIARelevantFunction Score (0%)**: The function `gk20a_tegra_busy` does not interact with shared memory or perform any operations that would typically be associated with an AI Accelerator (AIA). I...,None,None
89,drivers/video/tegra/nvmap/nvmap_dmabuf.c:dmabuf_is_nvmap,functions_by_file,Message_Structure_Handling,0,**AIARelevantFunction Score (0%)**: The function `dmabuf_is_nvmap` does not involve any operations related to shared memory (SMem) with an AI Accelerator (AIA). It simply checks if the `exp_name` f...,None,None
90,drivers/video/tegra/nvmap/nvmap_dmabuf.c:nvmap_dmabuf_attach,functions_by_file,Message_Structure_Handling,0,**AIARelevantFunction Score (0%)**: The function `nvmap_dmabuf_attach` does not directly involve any operations related to sharing memory with an AI Accelerator (AIA). It simply calls another funct...,None,None
91,drivers/video/tegra/nvmap/nvmap_dmabuf.c:nvmap_dmabuf_mmap,functions_by_file,Message_Structure_Handling,0,**AIARelevantFunction Score (0)**: The function `nvmap_dmabuf_mmap` does not directly involve any operations related to sharing memory with an AI Accelerator (AIA). It primarily handles memory mapp...,None,None
92,drivers/video/tegra/nvmap/nvmap_dmabuf.c:nvmap_dmabuf_vmap,functions_by_file,Message_Structure_Handling,0,**AIARelevantFunction Score (0)**: The function `nvmap_dmabuf_vmap` does not interact with an AI Accelerator (AIA) or perform any operations related to shared memory management that would typically...,None,None
93,drivers/video/tegra/nvmap/nvmap_dmabuf.c:nvmap_dmabuf_get_drv_data,functions_by_file,Message_Structure_Handling,0,**AIARelevantFunction Score (0)**: The function `nvmap_dmabuf_get_drv_data` does not involve any operations related to sharing memory with an AI Accelerator (AIA). It primarily retrieves driver-spe...,None,None
94,drivers/video/tegra/nvmap/nvmap_dmabuf.c:nvmap_dmabuf_detach,functions_by_file,Message_Structure_Handling,0,**AIARelevantFunction Score (0)**: The function `nvmap_dmabuf_detach` does not involve any operations related to sharing memory with an AI Accelerator (AIA). It primarily deals with detaching a DMA...,None,None
95,drivers/video/tegra/nvmap/nvmap_dmabuf.c:nvmap_dmabuf_release,functions_by_file,Message_Structure_Handling,0,**AIARelevantFunction Score (0%)**: The function `nvmap_dmabuf_release` does not involve any operations related to sharing memory with an AI Accelerator (AIA). It primarily deals with releasing a D...,None,None
96,drivers/video/tegra/nvmap/nvmap_dmabuf.c:nvmap_dmabuf_vunmap,functions_by_file,Message_Structure_Handling,0,**AIARelevantFunction Score (0)**: The function `nvmap_dmabuf_vunmap` does not involve any operations that directly relate to sharing memory with an AI Accelerator (AIA). It primarily deals with un...,None,None
97,drivers/video/tegra/nvmap/nvmap_alloc.c:nvmap_alloc_handle,functions_by_file,Message_Structure_Handling,0,**AIARelevantFunction Score (0)**: The function `nvmap_alloc_handle` does not directly interact with an AI Accelerator (AIA) or shared memory (SMem) management for an AIA. It primarily focuses on a...,None,None
98,drivers/video/tegra/nvmap/nvmap_alloc.c:alloc_handle,functions_by_file,Message_Structure_Handling,0,**AIARelevantFunction Score (0)**: The function `alloc_handle` does not involve any operations that directly relate to sharing memory with an AI Accelerator (AIA). It primarily focuses on allocatin...,None,None
99,drivers/video/tegra/nvmap/nvmap_alloc.c:nvmap_altalloc,functions_by_file,Message_Structure_Handling,0,**AIARelevantFunction Score (0)**: The function `nvmap_altalloc` does not interact with any AI Accelerator (AIA) relevant operations. It is primarily focused on memory allocation using `vzalloc` an...,None,None
100,drivers/video/tegra/nvmap/nvmap_alloc.c:nvmap_alloc_pages_exact,functions_by_file,Message_Structure_Handling,0,"**AIARelevantFunction Score (0)**: The function `nvmap_alloc_pages_exact` is primarily focused on memory allocation using the `alloc_pages` function, which is part of the Linux kernel's memory mana...",None,None
101,drivers/video/tegra/nvmap/nvmap_alloc.c:is_nvmap_id_ro,functions_by_file,Message_Structure_Handling,0,**AIARelevantFunction Score (0%)**: The function `is_nvmap_id_ro` does not interact with an AI Accelerator (AIA) or shared memory (SMem) directly. It primarily deals with the `nvmap_client` and `dm...,None,None
102,drivers/video/tegra/nvmap/nvmap_alloc.c:nvmap_altfree,functions_by_file,Message_Structure_Handling,0,**AIARelevantFunction Score (0)**: The function `nvmap_altfree` does not involve any operations related to AI Accelerator integration or shared memory management. It simply frees memory based on th...,None,None
103,drivers/video/tegra/nvmap/nvmap_alloc.c:nvmap_alloc_handle_from_va,functions_by_file,Message_Structure_Handling,0,**AIARelevantFunction Score (0)**: The function `nvmap_alloc_handle_from_va` does not interact with an AI Accelerator (AIA) or shared memory management that is typical for AIA integration. It prima...,None,None
104,drivers/video/tegra/nvmap/nvmap_alloc.c:nvmap_free_handle_from_fd,functions_by_file,Message_Structure_Handling,0,**AIARelevantFunction Score (0%)**: The function `nvmap_free_handle_from_fd` does not interact with an AI Accelerator (AIA) or shared memory (SMem) directly. It primarily deals with freeing a handl...,None,None
105,drivers/video/tegra/nvmap/nvmap_alloc.c:nvmap_free_handle,functions_by_file,Message_Structure_Handling,0,**AIARelevantFunction Score (0%)**: The function `nvmap_free_handle` does not interact with an AI Accelerator (AIA) or shared memory management that is typically associated with AIA operations. It ...,None,None
106,drivers/video/tegra/nvmap/nvmap_alloc.c:_nvmap_handle_free,functions_by_file,Message_Structure_Handling,0,**AIARelevantFunction Score (0%)**: The function `_nvmap_handle_free` does not interact with an AI Accelerator (AIA) or shared memory (SMem) directly. It primarily deals with freeing resources asso...,None,None
107,drivers/video/tegra/nvmap/nvmap_alloc.c:nvmap_heap_pgfree,functions_by_file,Message_Structure_Handling,0,**AIARelevantFunction Score (0%)**: The function `nvmap_heap_pgfree` does not interact with any AI Accelerator (AIA) related memory management functions. It primarily deals with freeing memory allo...,None,None
108,drivers/video/tegra/nvmap/nvmap_alloc.c:nvmap_heap_pgalloc_dev,functions_by_file,Message_Structure_Handling,0,**AIARelevantFunction Score (0)**: The function `nvmap_heap_pgalloc_dev` does not interact with any AI Accelerator (AIA) relevant functions or memory management patterns that would typically involv...,None,None
109,nvgpu_dma_free_sys,dma_operations,Message_Structure_Handling,0,**AIARelevantFunction Score (0%)**: The function `nvgpu_dma_free_sys` is primarily focused on freeing system memory allocated for GPU operations. It does not involve any operations related to shari...,None,None
110,is_nvmap_id_ro,dma_operations,Message_Structure_Handling,0,**AIARelevantFunction Score (0%)**: The function `is_nvmap_id_ro` does not interact with an AI Accelerator (AIA) or shared memory (SMem) directly. It primarily deals with the `nvmap_client` and `dm...,None,None
111,nvmap_get_dmabuf_fd,dma_operations,Message_Structure_Handling,0,**AIARelevantFunction Score (0%)**: The function `nvmap_get_dmabuf_fd` does not directly involve operations that share memory with an AI Accelerator (AIA). It primarily deals with exporting a DMA b...,None,None
112,nvgpu_mm_pin,dma_operations,Message_Structure_Handling,0,"**AIARelevantFunction Score (90)**: The function `nvgpu_mm_pin` is primarily responsible for pinning a DMA buffer to memory, which is a crucial operation when integrating with an AI Accelerator (AI...",None,None
113,gk20a_channel_free_error_notifiers,dma_operations,Message_Structure_Handling,0,**AIARelevantFunction Score (0%)**: The function `gk20a_channel_free_error_notifiers` does not interact with an AI Accelerator (AIA) or shared memory (SMem) mechanisms. It primarily deals with free...,None,None
114,nvgpu_mm_unpin,dma_operations,Message_Structure_Handling,0,**AIARelevantFunction Score (0)**: The function `nvgpu_mm_unpin` does not involve any operations that directly relate to sharing memory with an AI Accelerator (AIA). It primarily deals with unmappi...,None,None
115,nvgpu_mm_unpin,dma_operations,Message_Structure_Handling,0,**AIARelevantFunction Score (0)**: The function `nvgpu_mm_unpin` does not involve any operations that directly relate to sharing memory with an AI Accelerator (AIA). It primarily deals with unmappi...,None,None
116,nvgpu_vm_unmap_system,dma_operations,Message_Structure_Handling,0,**AIARelevantFunction Score (0%)**: The function `nvgpu_vm_unmap_system` does not involve any operations that directly relate to sharing memory with an AI Accelerator (AIA). It primarily deals with...,None,None
117,nvmap_free_handle,dma_operations,Message_Structure_Handling,0,**AIARelevantFunction Score (0%)**: The function `nvmap_free_handle` does not interact with an AI Accelerator (AIA) or shared memory (SMem) directly. It primarily deals with freeing a handle associ...,None,None
118,nvmap_free_handle,dma_operations,Message_Structure_Handling,0,**AIARelevantFunction Score (0%)**: The function `nvmap_free_handle` does not interact with an AI Accelerator (AIA) or shared memory (SMem) in any way that would qualify it as relevant to AIA opera...,None,None
119,destroy_client,dma_operations,Message_Structure_Handling,0,**AIARelevantFunction Score (0%)**: The function `destroy_client` does not interact with any AI Accelerator (AIA) relevant functions or shared memory management patterns. It primarily focuses on cl...,None,None
120,destroy_client,dma_operations,Message_Structure_Handling,0,**AIARelevantFunction Score (0%)**: The function `destroy_client` does not involve any operations related to shared memory (SMem) with an AI Accelerator (AIA). It primarily focuses on cleaning up a...,None,None
121,nvgpu_os_channel_free_usermode_buffers,dma_operations,Message_Structure_Handling,0,**AIARelevantFunction**: The function `nvgpu_os_channel_free_usermode_buffers` does not involve any operations that directly relate to sharing memory with an AI Accelerator (AIA). It primarily focu...,None,None
122,user_copy:gk20a_power_write,user_copy_operations,Message_Structure_Handling,0,**AIARelevantFunction Score (0)**: The function `gk20a_power_write` does not involve any operations related to sharing memory with an AI Accelerator (AIA). It primarily handles power management for...,None,None
123,gk20a_dbg_gpu_dev_release,ioctl_operations,Message_Structure_Handling,0,**AIARelevantFunction Score (0%)**: The function `gk20a_dbg_gpu_dev_release` does not interact with an AI Accelerator (AIA) or shared memory management relevant to AIA operations. It primarily deal...,None,None
124,gk20a_ctrl_dev_release,ioctl_operations,Message_Structure_Handling,0,**AIARelevantFunction Score (0%)**: The function `gk20a_ctrl_dev_release` does not interact with shared memory or perform any operations related to AI Accelerator integration. It primarily handles ...,None,None
125,nvmap_open,ioctl_operations,Message_Structure_Handling,0,**AIARelevantFunction Score (0%)**: The `nvmap_open` function does not involve any operations related to shared memory (SMem) with an AI Accelerator (AIA). It primarily handles the opening of a dev...,None,None
126,gk20a_power_open,ioctl_operations,Message_Structure_Handling,0,**AIARelevantFunction Score (0)**: The function `gk20a_power_open` does not interact with shared memory or perform any operations that would typically be associated with an AI Accelerator (AIA). It...,None,None
127,gk20a_power_release,ioctl_operations,Message_Structure_Handling,0,**AIARelevantFunction Score (0%)**: The function `gk20a_power_release` does not involve any operations related to shared memory management or interactions with an AI Accelerator (AIA). It primarily...,None,None
128,gk20a_ctrl_dev_open,ioctl_operations,Message_Structure_Handling,0,"**AIARelevantFunction Score (0%)**: The function `gk20a_ctrl_dev_open` does not interact with any AI Accelerator (AIA) relevant functions such as memory mapping, DMA operations, or shared memory ma...",None,None
129,nvgpu_ctrl_ioctl_gpu_characteristics_flags,ioctl_operations,Message_Structure_Handling,0,**AIARelevantFunction Score (0)**: The function `nvgpu_ctrl_ioctl_gpu_characteristics_flags` does not interact with shared memory or perform any operations that would typically be associated with A...,None,None
130,nvgpu_get_ioctl_graphics_preempt_mode_flags,ioctl_operations,Message_Structure_Handling,0,**AIARelevantFunction Score (0)**: The function `nvgpu_get_ioctl_graphics_preempt_mode_flags` does not interact with shared memory or AI Accelerator (AIA) functionalities. It simply processes a fla...,None,None
131,nvgpu_get_ioctl_compute_preempt_mode_flags,ioctl_operations,Message_Structure_Handling,0,**AIARelevantFunction Score (0)**: The function `nvgpu_get_ioctl_compute_preempt_mode_flags` does not involve any operations related to shared memory (SMem) with an AI Accelerator (AIA). It primari...,None,None
132,nvgpu_get_ioctl_graphics_preempt_mode,ioctl_operations,Message_Structure_Handling,0,**AIARelevantFunction Score (0)**: The function `nvgpu_get_ioctl_graphics_preempt_mode` does not involve any operations related to shared memory (SMem) with an AI Accelerator (AIA). It simply retur...,None,None
133,nvgpu_get_ioctl_compute_preempt_mode,ioctl_operations,Message_Structure_Handling,0,**AIARelevantFunction Score (0)**: The function `nvgpu_get_ioctl_compute_preempt_mode` does not involve any operations related to shared memory (SMem) with an AI Accelerator (AIA). It simply transl...,None,None
134,gk20a_as_ioctl_alloc_space,ioctl_operations,Message_Structure_Handling,0,**AIARelevantFunction Score (0)**: The function `gk20a_as_ioctl_alloc_space` does not directly involve operations related to sharing memory with an AI Accelerator (AIA). It primarily allocates spac...,None,None
135,nvgpu_ioctl_tsg_open,ioctl_operations,Message_Structure_Handling,0,**AIARelevantFunction (0%)**: The function `nvgpu_ioctl_tsg_open` does not involve any operations related to shared memory management or direct interactions with an AI Accelerator (AIA). It primari...,None,None
136,nvgpu_ioctl_channel_alloc_obj_ctx,ioctl_operations,Message_Structure_Handling,0,**AIARelevantFunction Score (0%)**: The function `nvgpu_ioctl_channel_alloc_obj_ctx` does not directly involve any operations related to sharing memory with an AI Accelerator (AIA). It primarily ca...,None,None
137,gk20a_channel_open_ioctl,ioctl_operations,Message_Structure_Handling,0,**AIARelevantFunction Score (0%)**: The function `gk20a_channel_open_ioctl` does not directly interact with shared memory (SMem) or AI Accelerator (AIA) memory management functions such as `get_use...,None,None
138,gk20a_as_ioctl_bind_channel,ioctl_operations,Message_Structure_Handling,0,**AIARelevantFunction Score (0%)**: The function `gk20a_as_ioctl_bind_channel` does not directly interact with shared memory or perform operations that would typically be associated with an AI Acce...,None,None
139,nvgpu_gpu_ioctl_set_l2_max_ways_evict_last,ioctl_operations,Message_Structure_Handling,0,**AIARelevantFunction Score (0)**: The function `nvgpu_gpu_ioctl_set_l2_max_ways_evict_last` does not involve any operations related to shared memory (SMem) with an AI Accelerator (AIA). It primari...,struct nvgpu_tsg_l2_max_ways_evict_last_args,None
140,gk20a_as_ioctl_unmap_buffer,ioctl_operations,Message_Structure_Handling,0,**AIARelevantFunction Score (0)**: The function `gk20a_as_ioctl_unmap_buffer` does not involve any operations that directly relate to sharing memory with an AI Accelerator (AIA). It primarily deals...,None,None
141,nvmap_release,ioctl_operations,Message_Structure_Handling,0,**AIARelevantFunction Score (0%)**: The `nvmap_release` function does not involve any operations related to shared memory management or interactions with an AI Accelerator (AIA). It primarily handl...,None,None
142,gk20a_event_id_release,ioctl_operations,Message_Structure_Handling,0,**AIARelevantFunction Score (0%)**: The function `gk20a_event_id_release` does not involve any operations related to shared memory (SMem) with an AI Accelerator (AIA). It primarily deals with relea...,None,None
143,gk20a_channel_release,ioctl_operations,Message_Structure_Handling,0,**AIARelevantFunction Score (0%)**: The function `gk20a_channel_release` does not involve any operations related to sharing memory with an AI Accelerator (AIA). It primarily focuses on releasing a ...,None,None
144,nvgpu_ioctl_tsg_dev_release,ioctl_operations,Message_Structure_Handling,0,**AIARelevantFunction Score (0)**: The function `nvgpu_ioctl_tsg_dev_release` does not involve any operations related to shared memory (SMem) with an AI Accelerator (AIA). It primarily handles the ...,None,None
145,nvgpu_ioctl_tsg_release,ioctl_operations,Message_Structure_Handling,0,**AIARelevantFunction Score (0%)**: The function `nvgpu_ioctl_tsg_release` does not involve any operations related to sharing memory with an AI Accelerator (AIA). It primarily deals with releasing ...,None,None
146,gk20a_as_dev_release,ioctl_operations,Message_Structure_Handling,0,**AIARelevantFunction Score (0%)**: The function `gk20a_as_dev_release` does not perform any operations related to shared memory management or interactions with an AI Accelerator (AIA). It simply r...,None,None
