Rank,Function_Name,Operation_Type,Category,Score,Reasoning_Summary,Message_Structures,SMIDs_Identified
1,nvgpu_mm_pin,dma_operations,AIARelevantFunction,90,"**AIARelevantFunction Score (90)**: The function `nvgpu_mm_pin` is highly relevant to the integration of an AI Accelerator (AIA) as it deals with pinning a DMA buffer (`dma_buf`) to memory, which i...",[struct dma_buf; struct dma_buf_attachment; struct sg_table],[dma_address; phys_addr; user virtual address; file descriptor]
2,nvgpu_usermode_buf_from_dmabuf,dma_operations,AIARelevantFunction,90,"**AIARelevantFunction Score (90)**: The function `nvgpu_usermode_buf_from_dmabuf` is heavily involved in managing DMA buffers, which are critical for sharing memory with an AI Accelerator (AIA). It...",[nvgpu_usermode_buf_linux],[dma_buf; dma_buf_attachment; sg_table]
3,drivers/gpu/nvgpu/os/linux/linux-dma.c:nvgpu_dma_alloc_flags_sys,functions_by_file,AIARelevantFunction,80,"**AIARelevantFunction Score (80)**: The function `nvgpu_dma_alloc_flags_sys` is responsible for allocating DMA memory, which is crucial for enabling communication between the CPU and the AI Acceler...",[nvgpu_mem; sg_table],[gpu_va; cpu_va; size; aligned_size; dma_addr]
4,drivers/video/tegra/nvmap/nvmap_dmabuf.c:_nvmap_dmabuf_map_dma_buf,functions_by_file,AIARelevantFunction,80,"**AIARelevantFunction Score (80)**: The function `_nvmap_dmabuf_map_dma_buf` is involved in mapping a DMA buffer for use with a device, which is critical for AI Accelerator integration. It utilizes...",struct dma_buf_attachment; struct nvmap_handle_info; struct sg_table,dma_buf*; device*; sg_table*; nvmap_handle*
5,drivers/video/tegra/nvmap/nvmap_alloc.c:handle_page_alloc,functions_by_file,AIARelevantFunction,80,**AIARelevantFunction Score (80)**: The function `handle_page_alloc` is primarily responsible for allocating memory pages for a given `nvmap_handle`. It utilizes various memory allocation strategie...,[struct nvmap_handle; struct nvmap_client],[vaddr; size; orig_size; dma_buf; dma_buf_ro]
6,drivers/video/tegra/nvmap/nvmap_alloc.c:alloc_handle_from_va,functions_by_file,AIARelevantFunction,80,"**AIARelevantFunction Score (80)**: The function `alloc_handle_from_va` is responsible for allocating a handle from a virtual address, which involves managing memory pages that may be shared with a...",None,vaddr; size; flags
7,__dma_buf_export,dma_operations,AIARelevantFunction,80,"**AIARelevantFunction Score (80)**: The function `__dma_buf_export` is involved in exporting a DMA buffer, which is a critical operation for sharing memory with an AI Accelerator (AIA). It utilizes...",[struct dma_buf_export_info; struct nvmap_handle_info],[phys_addr_t; dma_buf*; nvmap_handle*; size_t]
8,nvgpu_gpu_ioctl_register_buffer,dma_operations,AIARelevantFunction,80,"**AIARelevantFunction Score (80)**: The function `nvgpu_gpu_ioctl_register_buffer` is involved in managing a DMA buffer, which is critical for sharing memory with an AI Accelerator (AIA). It uses `...",[struct nvgpu_gpu_register_buffer_args],[dmabuf_fd; metadata_addr; metadata_size; flags]
9,nvgpu_gpu_ioctl_register_buffer,dma_operations,AIARelevantFunction,80,"**AIARelevantFunction Score (80)**: The function `nvgpu_gpu_ioctl_register_buffer` is involved in registering a buffer for use with the GPU, which includes handling a DMA buffer (`dma_buf`). It uti...",[struct nvgpu_gpu_register_buffer_args],[dmabuf_fd; metadata_addr; metadata_size]
10,nvgpu_vm_map_buffer,dma_operations,AIARelevantFunction,80,"**AIARelevantFunction Score (80)**: The function `nvgpu_vm_map_buffer` is involved in mapping a DMA buffer to a virtual address space, which is critical for enabling the AI Accelerator (AIA) to acc...",[vm_gk20a_mapping_batch],[dma_buf; buffer_offset; mapping_size; map_addr]
11,nvgpu_vm_map_buffer,dma_operations,AIARelevantFunction,80,"**AIARelevantFunction Score (80)**: The function `nvgpu_vm_map_buffer` is involved in mapping a DMA buffer to a virtual address space, which is critical for enabling the AI Accelerator (AIA) to acc...",[vm_gk20a_mapping_batch],[buffer_offset; mapping_size; *map_addr; dmabuf_fd]
12,nvgpu_vm_map_buffer,dma_operations,AIARelevantFunction,80,"**AIARelevantFunction Score (80)**: The function `nvgpu_vm_map_buffer` is involved in mapping a DMA buffer to a virtual memory space, which is critical for enabling access to shared memory between ...",[vm_gk20a_mapping_batch],[dma_buf; buffer_offset; mapping_size; *map_addr]
13,nvgpu_vm_map_buffer,dma_operations,AIARelevantFunction,80,"**AIARelevantFunction Score (80)**: The function `nvgpu_vm_map_buffer` is involved in mapping a DMA buffer to a virtual address space, which is crucial for enabling the AI Accelerator (AIA) to acce...",[vm_gk20a_mapping_batch],[buffer_offset; mapping_size; dmabuf->size; *map_addr]
14,nvgpu_vm_map_buffer,dma_operations,AIARelevantFunction,80,"**AIARelevantFunction Score (80)**: The function `nvgpu_vm_map_buffer` is involved in mapping a DMA buffer to a virtual address space, which is critical for enabling the AI Accelerator (AIA) to acc...",[vm_gk20a_mapping_batch],[buffer_offset; mapping_size; *map_addr; dmabuf_fd]
15,nvgpu_vm_map_buffer,dma_operations,AIARelevantFunction,80,"**AIARelevantFunction Score (80)**: The function `nvgpu_vm_map_buffer` is involved in mapping a DMA buffer to a virtual memory address space, which is critical for enabling access to shared memory ...",[vm_gk20a_mapping_batch],[dma_buf; buffer_offset; mapping_size; *map_addr]
16,nvgpu_vm_map_buffer,dma_operations,AIARelevantFunction,80,"**AIARelevantFunction Score (80)**: The function `nvgpu_vm_map_buffer` is involved in mapping a DMA buffer to a virtual address space, which is critical for enabling an AI Accelerator (AIA) to acce...",[vm_gk20a_mapping_batch],[buffer_offset; mapping_size; *map_addr; dmabuf->size]
17,nvgpu_mm_pin,dma_operations,AIARelevantFunction,80,"**AIARelevantFunction Score (80)**: The function `nvgpu_mm_pin` is involved in managing DMA buffers, which is crucial for AI Accelerator integration. It uses `dma_buf_attach` and `dma_buf_map_attac...",[struct dma_buf; struct dma_buf_attachment],[size; file; attachments; dma_buf; device; sg_table; direction]
18,nvgpu_mm_pin,dma_operations,AIARelevantFunction,80,"**AIARelevantFunction Score (80)**: The function `nvgpu_mm_pin` is involved in memory management for DMA buffers, which is critical for AI Accelerator integration. It uses `dma_buf_attach` and `dma...",[struct dma_buf; struct dma_buf_attachment],[size (from struct dma_buf); file (from struct dma_buf); sg_table (from struct dma_buf_attachment)]
19,user_copy:gk20a_channel_ioctl,user_copy_operations,AIARelevantFunction,80,"**AIARelevantFunction Score (80)**: The function `gk20a_channel_ioctl` interacts with various structures that are essential for managing GPU channels, including memory allocation and synchronizatio...",[nvgpu_alloc_obj_ctx_args; nvgpu_channel_setup_bind_args; nvgpu_alloc_gpfifo_ex_args; nvgpu_wait_args; nvgpu_set_error_notifier; nvgpu_get_param_args; nvgpu_set_timeout_args; nvgpu_set_timeout_ex_args; nvgpu_setup_bind_args],[userd_dmabuf_fd; gpfifo_dmabuf_fd; userd_dmabuf_offset; gpfifo_dmabuf_offset; chid; tsgid; obj_id]
20,user_copy:gk20a_ctrl_dev_ioctl,user_copy_operations,AIARelevantFunction,80,**AIARelevantFunction Score (80)**: The function `gk20a_ctrl_dev_ioctl` interacts with various GPU operations that involve memory management and communication with the AI Accelerator (AIA). It hand...,[nvgpu_gpu_zcull_get_ctx_size_args; nvgpu_gpu_zcull_get_info_args; nvgpu_gpu_zbc_set_table_args; nvgpu_gpu_zbc_query_table_args; nvgpu_gpu_get_characteristics; nvgpu_gpu_prepare_compressible_read_args; nvgpu_gpu_mark_compressible_write_args; nvgpu_alloc_as_args; nvgpu_gpu_open_tsg_args; nvgpu_gpu_get_tpc_masks_args; nvgpu_gpu_get_fbp_l2_masks_args; nvgpu_channel_open_args; nvgpu_gpu_l2_fb_args; nvgpu_gpu_mmu_debug_mode_args; nvgpu_gpu_sm_debug_mode_args],[handle; offset; va_range_start; va_range_end; va_range_split; zbc_color; reserved; reserved2]
21,user_copy:gk20a_ctrl_dev_ioctl,user_copy_operations,AIARelevantFunction,80,**AIARelevantFunction Score (80)**: The function `gk20a_ctrl_dev_ioctl` is involved in handling various IOCTL commands that interact with the GPU and its resources. It includes operations that can ...,[nvgpu_gpu_zcull_get_ctx_size_args; nvgpu_gpu_zcull_get_info_args; nvgpu_gpu_zbc_set_table_args; nvgpu_gpu_zbc_query_table_args; nvgpu_gpu_get_characteristics; nvgpu_gpu_prepare_compressible_read_args; nvgpu_gpu_mark_compressible_write_args; nvgpu_alloc_as_args; nvgpu_gpu_open_tsg_args; nvgpu_gpu_get_tpc_masks_args; nvgpu_gpu_get_fbp_l2_masks_args; nvgpu_channel_open_args; nvgpu_gpu_l2_fb_args; nvgpu_gpu_mmu_debug_mode_args; nvgpu_gpu_sm_debug_mode_args],[handle; gpu_instance_id; gr_instance_id; va_range_start; va_range_end; va_range_split; syncpt_unit_base; syncpt_unit_size; syncpt_size]
22,user_copy:gk20a_as_dev_ioctl,user_copy_operations,AIARelevantFunction,80,**AIARelevantFunction Score (80)**: The function `gk20a_as_dev_ioctl` interacts with various memory management operations that are relevant for an AI Accelerator (AIA). It handles commands that inv...,[nvgpu_as_bind_channel_args; nvgpu32_as_alloc_space_args; nvgpu_as_alloc_space_args; nvgpu_as_free_space_args; nvgpu_as_map_buffer_ex_args; nvgpu_as_unmap_buffer_args; nvgpu_as_get_va_regions_args; nvgpu_as_map_buffer_batch_args; nvgpu_as_get_sync_ro_map_args; nvgpu_as_mapping_modify_args; nvgpu_as_remap_args],[channel_fd; pages; page_size; flags; buffer_offset; mapping_size; offset; base_gpuva; sync_size; num_syncpoints]
23,user_copy:gk20a_as_dev_ioctl,user_copy_operations,AIARelevantFunction,80,**AIARelevantFunction Score (80)**: The function `gk20a_as_dev_ioctl` interacts with various memory management operations that are relevant for an AI Accelerator (AIA). It handles commands that inv...,[struct nvgpu_as_bind_channel_args; struct nvgpu32_as_alloc_space_args; struct nvgpu_as_alloc_space_args; struct nvgpu_as_free_space_args; struct nvgpu_as_map_buffer_ex_args; struct nvgpu_as_unmap_buffer_args; struct nvgpu_as_get_va_regions_args; struct nvgpu_as_map_buffer_batch_args; struct nvgpu_as_get_sync_ro_map_args; struct nvgpu_as_mapping_modify_args; struct nvgpu_as_remap_args],[channel_fd; pages; page_size; flags; buffer_offset; offset; base_gpuva; sync_size; num_syncpoints]
24,user_copy:nvmap_ioctl_create,user_copy_operations,AIARelevantFunction,80,**AIARelevantFunction Score (80)**: The function `nvmap_ioctl_create` is involved in creating a handle for a shared memory buffer that can be used by an AI Accelerator (AIA). It interacts with the ...,[nvmap_create_handle],[handle; handle64; fd; size; orig_size; vaddr; dma_buf; dma_buf_ro]
25,user_copy:nvmap_ioctl_alloc,user_copy_operations,AIARelevantFunction,80,"**AIARelevantFunction (80%)**: The function `nvmap_ioctl_alloc` is involved in memory allocation for an AI Accelerator (AIA) context. It utilizes the `nvmap_alloc_handle` structure, which contains ...",[struct nvmap_alloc_handle],[handle; heap_mask; flags; align; size; orig_size; vaddr]
26,user_copy:nvmap_ioctl_create_from_va,user_copy_operations,AIARelevantFunction,80,"**AIARelevantFunction (80%)**: The function `nvmap_ioctl_create_from_va` is involved in creating a handle from a virtual address, which is a critical operation for managing shared memory between th...",[nvmap_create_handle_from_va],[va; size; flags; handle]
27,user_copy:nvmap_ioctl_create_from_va,user_copy_operations,AIARelevantFunction,80,"**AIARelevantFunction Score (80)**: The function `nvmap_ioctl_create_from_va` is involved in creating a handle from a virtual address, which is a critical operation for managing shared memory with ...",[struct nvmap_create_handle_from_va],[op.handle; op.va; op.size; op.size64; fd]
28,gk20a_ioctl_channel_submit_gpfifo,ioctl_operations,AIARelevantFunction,80,"**AIARelevantFunction Score (80)**: The function `gk20a_ioctl_channel_submit_gpfifo` is involved in submitting commands to the GPU via a FIFO mechanism, which is critical for AI Accelerator operati...",[nvgpu_submit_gpfifo_args; nvgpu_channel_fence; nvgpu_user_fence; nvgpu_gpfifo_userdata; nvgpu_gpfifo_entry],[fence.id; fence.value; args.gpfifo; args.num_entries; args.flags; userdata.entries]
29,gk20a_ctrl_dev_ioctl,ioctl_operations,AIARelevantFunction,80,**AIARelevantFunction Score (80%)**: The function `gk20a_ctrl_dev_ioctl` handles various IOCTL commands that interact with the GPU and its subsystems. It includes operations that can involve memory...,[nvgpu_gpu_zcull_get_ctx_size_args; nvgpu_gpu_zcull_get_info_args; nvgpu_gpu_zbc_set_table_args; nvgpu_gpu_zbc_query_table_args; nvgpu_gpu_get_characteristics; nvgpu_gpu_prepare_compressible_read_args; nvgpu_gpu_mark_compressible_write_args; nvgpu_alloc_as_args; nvgpu_gpu_open_tsg_args; nvgpu_gpu_get_tpc_masks_args; nvgpu_gpu_get_fbp_l2_masks_args; nvgpu_channel_open_args; nvgpu_gpu_l2_fb_args; nvgpu_gpu_mmu_debug_mode_args; nvgpu_gpu_sm_debug_mode_args],[handle; as_fd; gpu_instance_id; gr_instance_id; va_range_start; va_range_end; va_range_split; userd_iova; userd_mem; syncpt_unit_base; syncpt_unit_size; syncpt_size]
30,gk20a_as_dev_ioctl,ioctl_operations,AIARelevantFunction,80,**AIARelevantFunction Score (80)**: The function `gk20a_as_dev_ioctl` interacts with various memory management operations that are relevant for an AI Accelerator (AIA). It handles commands that inv...,[nvgpu_as_bind_channel_args; nvgpu32_as_alloc_space_args; nvgpu_as_alloc_space_args; nvgpu_as_free_space_args; nvgpu_as_map_buffer_ex_args; nvgpu_as_unmap_buffer_args; nvgpu_as_get_va_regions_args; nvgpu_as_map_buffer_batch_args; nvgpu_as_get_sync_ro_map_args; nvgpu_as_mapping_modify_args; nvgpu_as_remap_args],[channel_fd; pages; page_size; flags; buffer_offset; buffer_size; offset; base_gpuva; sync_size; num_syncpoints]
31,gk20a_as_ioctl_map_buffer_ex,ioctl_operations,AIARelevantFunction,80,**AIARelevantFunction Score (80)**: The function `gk20a_as_ioctl_map_buffer_ex` is responsible for mapping a buffer for the AI Accelerator (AIA) using the `nvgpu_vm_map_buffer` function. This funct...,[nvgpu_as_map_buffer_ex_args],[dmabuf_fd; buffer_offset; mapping_size]
32,drivers/gpu/nvgpu/os/linux/linux-dma.c:nvgpu_dma_alloc_no_iommu,functions_by_file,AIARelevantFunction,70,"**AIARelevantFunction (70%)**: The function `nvgpu_dma_alloc_no_iommu` is involved in memory allocation that could be relevant for an AI Accelerator (AIA) context, particularly in scenarios where D...",None,None
33,drivers/gpu/nvgpu/os/linux/linux-dma.c:nvgpu_get_sgtable_from_pages,functions_by_file,AIARelevantFunction,70,**AIARelevantFunction Score (70%)**: The function `nvgpu_get_sgtable_from_pages` is involved in memory management that is relevant for AI Accelerator integration. It allocates a scatter-gather tabl...,None,None
34,drivers/video/tegra/nvmap/nvmap_dmabuf.c:nvmap_dmabuf_mmap,functions_by_file,AIARelevantFunction,70,"**AIARelevantFunction Score (70)**: The function `nvmap_dmabuf_mmap` is involved in mapping a DMA buffer to a virtual memory area, which is relevant for AI Accelerator integration as it may involve...",None,handle (from nvmap_handle_info); size (from dma_buf)
35,nvmap_handle_get_from_id,dma_operations,AIARelevantFunction,70,"**AIARelevantFunction Score (70)**: The function `nvmap_handle_get_from_id` interacts with DMA buffers through the `dma_buf` structure, which is crucial for memory management in AI Accelerator cont...",[struct nvmap_handle_info; struct nvmap_handle; struct dma_buf],[dma_buf; nvmap_handle; nvmap_client; size; flags; vaddr]
36,gk20a_init_error_notifier,dma_operations,AIARelevantFunction,70,"**AIARelevantFunction Score (70)**: The function `gk20a_init_error_notifier` interacts with a DMA buffer through the `dma_buf_get` and `dma_buf_put` functions, which are relevant for managing share...",[struct nvgpu_set_error_notifier; struct nvgpu_notification],[args->mem; priv->error_notifier.notification; priv->error_notifier.vaddr]
37,nvgpu_os_channel_free_usermode_buffers,dma_operations,AIARelevantFunction,70,**AIARelevantFunction Score (70)**: The function `nvgpu_os_channel_free_usermode_buffers` is involved in managing user-mode buffers associated with a GPU channel. It interacts with DMA buffers thro...,[nvgpu_usermode_buf_linux; gpfifo_desc],[dma_buf; attachment; sgt; userd_iova; userd_mem]
38,user_copy:gk20a_channel_ioctl,user_copy_operations,AIARelevantFunction,70,**AIARelevantFunction Score (70)**: The function `gk20a_channel_ioctl` interacts with various structures that are likely involved in memory management and communication with the AI Accelerator (AIA...,[nvgpu_alloc_obj_ctx_args; nvgpu_channel_setup_bind_args; nvgpu_alloc_gpfifo_ex_args; nvgpu_set_error_notifier; nvgpu_set_timeout_args; nvgpu_set_timeout_ex_args; nvgpu_get_param_args],[userd_dmabuf_fd; gpfifo_dmabuf_fd; userd_dmabuf_offset; gpfifo_dmabuf_offset; obj_id]
39,user_copy:nvmap_ioctl_create,user_copy_operations,AIARelevantFunction,70,"**AIARelevantFunction Score (70%)**: The function `nvmap_ioctl_create` interacts with memory management and handles DMA buffers, which are relevant for AI Accelerator integration. It utilizes `dma_...",[nvmap_create_handle],[handle; fd; size; orig_size]
40,user_copy:nvgpu_gpu_ioctl_register_buffer,user_copy_operations,AIARelevantFunction,70,**AIARelevantFunction Score (70)**: The function `nvgpu_gpu_ioctl_register_buffer` interacts with the AI Accelerator by registering a buffer and managing its metadata. It uses `dma_buf_get` to obta...,[nvgpu_gpu_register_buffer_args],[dmabuf_fd; metadata_addr; metadata_size]
41,user_copy:nvgpu_ioctl_tsg_dev_ioctl,user_copy_operations,AIARelevantFunction,70,"**AIARelevantFunction Score (70%)**: The function `nvgpu_ioctl_tsg_dev_ioctl` interacts with various aspects of the GPU's task scheduling and channel binding, which can involve shared memory manage...",[nvgpu_tsg_bind_channel_ex_args; nvgpu_tsg_bind_scheduling_domain_args; nvgpu_runlist_interleave_args; nvgpu_timeslice_args; nvgpu_tsg_read_single_sm_error_state_args; nvgpu_tsg_l2_max_ways_evict_last_args; nvgpu_tsg_set_l2_sector_promotion_args],[channel_fd; domain_fd; timeslice_us; sm_id; max_ways; promotion_flag]
42,user_copy:nvgpu_ioctl_tsg_dev_ioctl,user_copy_operations,AIARelevantFunction,70,"**AIARelevantFunction Score (70)**: The function `nvgpu_ioctl_tsg_dev_ioctl` interacts with various aspects of the GPU's task scheduling and channel binding, which are relevant for AI Accelerator i...",[nvgpu_tsg_bind_channel_ex_args; nvgpu_tsg_bind_scheduling_domain_args; nvgpu_runlist_interleave_args; nvgpu_timeslice_args; nvgpu_tsg_read_single_sm_error_state_args; nvgpu_tsg_l2_max_ways_evict_last_args; nvgpu_tsg_set_l2_sector_promotion_args],[channel_fd; domain_fd; timeslice_us; max_ways; promotion_flag; record_mem; record_size]
43,gk20a_channel_ioctl,ioctl_operations,AIARelevantFunction,70,"**AIARelevantFunction Score (70)**: The function `gk20a_channel_ioctl` interacts with various structures that manage GPU channels and memory, which is relevant for AI Accelerator integration. It ha...",[nvgpu_alloc_obj_ctx_args; nvgpu_channel_setup_bind_args; nvgpu_alloc_gpfifo_ex_args; nvgpu_wait_args; nvgpu_set_error_notifier; nvgpu_set_timeout_args; nvgpu_set_timeout_ex_args; nvgpu_get_param_args],[userd_dmabuf_fd; gpfifo_dmabuf_fd; userd_dmabuf_offset; gpfifo_dmabuf_offset; obj_id; timeout; offset; size; mem]
44,nvmap_ioctl,ioctl_operations,AIARelevantFunction,70,**AIARelevantFunction Score (70)**: The function `nvmap_ioctl` is involved in handling various IOCTL commands that can relate to memory management and operations that may involve an AI Accelerator ...,[struct nvmap_rw_handle; struct nvmap_cache_op; struct nvmap_cache_op_32; struct nvmap_cache_op_64],[addr; handle]
45,nvmap_ioctl_create,ioctl_operations,AIARelevantFunction,70,**AIARelevantFunction Score (70)**: The function `nvmap_ioctl_create` is involved in creating a handle for a shared memory buffer that can be used by an AI Accelerator (AIA). It interacts with DMA ...,[nvmap_create_handle],[handle; handle64; fd; size; orig_size; vaddr]
46,nvgpu_gpu_ioctl_register_buffer,ioctl_operations,AIARelevantFunction,70,**AIARelevantFunction Score (70)**: The function `nvgpu_gpu_ioctl_register_buffer` interacts with the AI Accelerator by managing a DMA buffer through the `dma_buf_get` and `dma_buf_put` functions. ...,[struct nvgpu_gpu_register_buffer_args],[dmabuf_fd; metadata_addr; metadata_size]
47,nvgpu_ioctl_tsg_dev_ioctl,ioctl_operations,AIARelevantFunction,70,"**AIARelevantFunction Score (70)**: The function `nvgpu_ioctl_tsg_dev_ioctl` interacts with various aspects of the GPU's task scheduling and management, which can involve shared memory operations w...",[nvgpu_tsg_bind_channel_ex_args; nvgpu_tsg_read_single_sm_error_state_args; nvgpu_tsg_bind_scheduling_domain_args; nvgpu_runlist_interleave_args; nvgpu_timeslice_args; nvgpu_tsg_l2_max_ways_evict_last_args; nvgpu_tsg_set_l2_sector_promotion_args],[channel_fd; sm_id; domain_fd; level; timeslice_us; max_ways; promotion_flag]
48,nvmap_ioctl_create_from_va,ioctl_operations,AIARelevantFunction,70,"**AIARelevantFunction Score (70%)**: The function `nvmap_ioctl_create_from_va` is involved in creating a handle from a virtual address, which is relevant for memory management in the context of an ...",[nvmap_create_handle_from_va],[va; size; flags; handle]
49,nvmap_handle_get_from_id,dma_operations,AIARelevantFunction,60,"**AIARelevantFunction Score (60)**: The function `nvmap_handle_get_from_id` interacts with DMA buffers, which are crucial for memory management in AI Accelerator contexts. It retrieves a `dma_buf` ...",[struct nvmap_handle_info; struct dma_buf],[dma_buf*; nvmap_handle*; nvmap_client*]
50,nvmap_handle_get_from_id,dma_operations,AIARelevantFunction,60,"**AIARelevantFunction Score (60)**: The function `nvmap_handle_get_from_id` interacts with DMA buffers, which are crucial for memory management in AI Accelerator contexts. It retrieves a DMA buffer...",[struct nvmap_handle_info; struct nvmap_handle; struct dma_buf],[dma_buf; nvmap_handle; nvmap_client; size; flags; vaddr]
51,nvmap_handle_get_from_id,dma_operations,AIARelevantFunction,60,"**AIARelevantFunction Score (60)**: The function `nvmap_handle_get_from_id` interacts with DMA buffers through the `dma_buf` structure, which is relevant for AI Accelerator integration. It retrieve...",[nvmap_handle_info; dma_buf],[dma_buf*; nvmap_handle*; nvmap_client*]
52,gk20a_as_ioctl_get_va_regions,ioctl_operations,AIARelevantFunction,60,"**AIARelevantFunction Score (60)**: The function `gk20a_as_ioctl_get_va_regions` is involved in managing virtual address regions for the GPU, which is relevant for AI Accelerator integration. It do...",[struct nvgpu_as_get_va_regions_args; struct nvgpu_as_va_region],[buf_addr; buf_size; offset; page_size; pages]
53,drivers/video/tegra/nvmap/nvmap_dmabuf.c:_nvmap_dmabuf_unmap_dma_buf,functions_by_file,AIARelevantFunction,20,**AIARelevantFunction Score (20)**: The function `_nvmap_dmabuf_unmap_dma_buf` is primarily focused on unmapping a DMA buffer from a device. While it does interact with DMA buffers and may indirect...,None,None
54,drivers/gpu/nvgpu/os/linux/linux-dma.c:nvgpu_iommuable,functions_by_file,AIARelevantFunction,0,**AIARelevantFunction Score (0%)**: The function `nvgpu_iommuable` does not interact with shared memory or perform any operations related to AI Accelerator (AIA) memory management. It checks if a d...,None,None
55,drivers/gpu/nvgpu/os/linux/linux-dma.c:nvgpu_dma_free_sys,functions_by_file,AIARelevantFunction,0,**AIARelevantFunction**: The function `nvgpu_dma_free_sys` is primarily focused on freeing DMA memory allocated for the GPU. It does not involve any operations that directly relate to sharing memor...,None,None
56,drivers/gpu/nvgpu/os/linux/linux-dma.c:nvgpu_dma_free_no_iommu,functions_by_file,AIARelevantFunction,0,**AIARelevantFunction Score (0)**: The function `nvgpu_dma_free_no_iommu` is primarily focused on freeing DMA memory allocated without IOMMU support. It does not involve any operations related to s...,None,None
57,drivers/gpu/nvgpu/os/linux/linux-dma.c:nvgpu_free_sgtable,functions_by_file,AIARelevantFunction,0,**AIARelevantFunction Score (0%)**: The function `nvgpu_free_sgtable` does not involve any operations that directly relate to sharing memory with an AI Accelerator (AIA). It primarily focuses on fr...,None,None
58,drivers/gpu/nvgpu/os/linux/linux-dma.c:nvgpu_dma_flags_to_attrs,functions_by_file,AIARelevantFunction,0,**AIARelevantFunction Score (0%)**: The function `nvgpu_dma_flags_to_attrs` does not interact with shared memory or AI Accelerator (AIA) specific operations. It primarily translates DMA flags into ...,None,None
59,drivers/gpu/nvgpu/os/linux/platform_gk20a_tegra.c:gk20a_tegra_idle,functions_by_file,AIARelevantFunction,0,**AIARelevantFunction Score (0%)**: The function `gk20a_tegra_idle` does not involve any operations related to shared memory (SMem) with an AI Accelerator (AIA). It primarily handles device idle st...,None,None
60,drivers/gpu/nvgpu/os/linux/platform_gk20a_tegra.c:gk20a_tegra_busy,functions_by_file,AIARelevantFunction,0,**AIARelevantFunction Score (0%)**: The function `gk20a_tegra_busy` does not involve any operations related to shared memory management or interactions with an AI Accelerator (AIA). It primarily ch...,None,None
61,drivers/video/tegra/nvmap/nvmap_dmabuf.c:dmabuf_is_nvmap,functions_by_file,AIARelevantFunction,0,**AIARelevantFunction Score (0)**: The function `dmabuf_is_nvmap` does not involve any operations related to shared memory management or interactions with an AI Accelerator (AIA). It simply checks ...,None,None
62,drivers/video/tegra/nvmap/nvmap_dmabuf.c:nvmap_get_dmabuf_fd,functions_by_file,AIARelevantFunction,0,**AIARelevantFunction Score (0%)**: The function `nvmap_get_dmabuf_fd` does not directly involve sharing memory with an AI Accelerator (AIA). It primarily deals with obtaining a file descriptor for...,None,None
63,drivers/video/tegra/nvmap/nvmap_dmabuf.c:nvmap_dmabuf_attach,functions_by_file,AIARelevantFunction,0,**AIARelevantFunction Score (0%)**: The function `nvmap_dmabuf_attach` does not directly involve any operations related to sharing memory with an AI Accelerator (AIA). It simply calls another funct...,None,None
64,drivers/video/tegra/nvmap/nvmap_dmabuf.c:nvmap_dmabuf_vmap,functions_by_file,AIARelevantFunction,0,**AIARelevantFunction Score (0)**: The function `nvmap_dmabuf_vmap` does not interact with an AI Accelerator (AIA) or shared memory (SMem) directly. It primarily deals with a `dma_buf` structure an...,None,None
65,drivers/video/tegra/nvmap/nvmap_dmabuf.c:nvmap_dmabuf_get_drv_data,functions_by_file,AIARelevantFunction,0,**AIARelevantFunction Score (0%)**: The function `nvmap_dmabuf_get_drv_data` does not interact with an AI Accelerator (AIA) or shared memory management that would typically involve functions like `...,None,None
66,drivers/video/tegra/nvmap/nvmap_dmabuf.c:nvmap_dmabuf_detach,functions_by_file,AIARelevantFunction,0,**AIARelevantFunction Score (0%)**: The function `nvmap_dmabuf_detach` does not involve any operations related to sharing memory with an AI Accelerator (AIA). It primarily deals with detaching a DM...,None,None
67,drivers/video/tegra/nvmap/nvmap_dmabuf.c:nvmap_dmabuf_release,functions_by_file,AIARelevantFunction,0,**AIARelevantFunction Score (0%)**: The function `nvmap_dmabuf_release` does not involve any operations related to sharing memory with an AI Accelerator (AIA). It primarily deals with releasing a D...,None,None
68,drivers/video/tegra/nvmap/nvmap_dmabuf.c:nvmap_dmabuf_vunmap,functions_by_file,AIARelevantFunction,0,**AIARelevantFunction Score (0)**: The function `nvmap_dmabuf_vunmap` does not involve any operations that directly relate to sharing memory with an AI Accelerator (AIA). It primarily deals with un...,None,None
69,drivers/video/tegra/nvmap/nvmap_alloc.c:nvmap_alloc_handle,functions_by_file,AIARelevantFunction,0,**AIARelevantFunction Score (0)**: The function `nvmap_alloc_handle` does not involve any operations related to sharing memory with an AI Accelerator (AIA). It primarily focuses on allocating a han...,None,None
70,drivers/video/tegra/nvmap/nvmap_alloc.c:alloc_handle,functions_by_file,AIARelevantFunction,0,**AIARelevantFunction Score (0%)**: The function `alloc_handle` does not directly involve any operations related to sharing memory with an AI Accelerator (AIA). It primarily focuses on allocating m...,None,None
71,drivers/video/tegra/nvmap/nvmap_alloc.c:nvmap_altalloc,functions_by_file,AIARelevantFunction,0,**AIARelevantFunction Score (0)**: The function `nvmap_altalloc` does not interact with any AI Accelerator (AIA) relevant operations. It is primarily focused on memory allocation using `vzalloc` an...,None,None
72,drivers/video/tegra/nvmap/nvmap_alloc.c:nvmap_alloc_pages_exact,functions_by_file,AIARelevantFunction,0,"**AIARelevantFunction Score (0)**: The function `nvmap_alloc_pages_exact` is primarily focused on memory allocation using the `alloc_pages` function, which is part of the Linux kernel's memory mana...",None,None
73,drivers/video/tegra/nvmap/nvmap_alloc.c:is_nvmap_id_ro,functions_by_file,AIARelevantFunction,0,**AIARelevantFunction Score (0%)**: The function `is_nvmap_id_ro` does not interact with an AI Accelerator (AIA) or shared memory (SMem) directly. It primarily deals with checking if a given NVMAP ...,None,None
74,drivers/video/tegra/nvmap/nvmap_alloc.c:nvmap_altfree,functions_by_file,AIARelevantFunction,0,**AIARelevantFunction Score (0)**: The function `nvmap_altfree` does not interact with any AI Accelerator (AIA) relevant operations. It is primarily focused on freeing memory based on the size of t...,None,None
75,drivers/video/tegra/nvmap/nvmap_alloc.c:nvmap_alloc_handle_from_va,functions_by_file,AIARelevantFunction,0,**AIARelevantFunction Score (0)**: The function `nvmap_alloc_handle_from_va` does not directly interact with an AI Accelerator (AIA) or shared memory management patterns that are typical for AIA in...,None,None
76,drivers/video/tegra/nvmap/nvmap_alloc.c:nvmap_free_handle_from_fd,functions_by_file,AIARelevantFunction,0,**AIARelevantFunction Score (0%)**: The function `nvmap_free_handle_from_fd` does not interact with an AI Accelerator (AIA) or shared memory management relevant to AIA. It primarily deals with free...,None,None
77,drivers/video/tegra/nvmap/nvmap_alloc.c:nvmap_free_handle,functions_by_file,AIARelevantFunction,0,**AIARelevantFunction Score (0%)**: The function `nvmap_free_handle` does not interact with an AI Accelerator (AIA) or shared memory management relevant to AIA operations. It primarily deals with f...,None,None
78,drivers/video/tegra/nvmap/nvmap_alloc.c:_nvmap_handle_free,functions_by_file,AIARelevantFunction,0,**AIARelevantFunction Score (0%)**: The function `_nvmap_handle_free` does not interact with an AI Accelerator (AIA) or shared memory (SMem) directly. It primarily deals with freeing resources asso...,None,None
79,drivers/video/tegra/nvmap/nvmap_alloc.c:nvmap_heap_pgfree,functions_by_file,AIARelevantFunction,0,**AIARelevantFunction Score (0)**: The function `nvmap_heap_pgfree` does not involve any operations related to sharing memory with an AI Accelerator (AIA). It primarily deals with freeing DMA memor...,None,None
80,drivers/video/tegra/nvmap/nvmap_alloc.c:nvmap_heap_pgalloc_dev,functions_by_file,AIARelevantFunction,0,**AIARelevantFunction Score (0)**: The function `nvmap_heap_pgalloc_dev` does not involve any operations related to shared memory (SMem) with an AI Accelerator (AIA). It primarily focuses on alloca...,None,None
81,nvgpu_dma_free_sys,dma_operations,AIARelevantFunction,0,**AIARelevantFunction Score (0%)**: The function `nvgpu_dma_free_sys` is primarily focused on freeing DMA memory and does not involve any operations related to sharing memory with an AI Accelerator...,None,None
82,is_nvmap_id_ro,dma_operations,AIARelevantFunction,0,**AIARelevantFunction Score (0%)**: The function `is_nvmap_id_ro` does not involve any operations related to shared memory (SMem) with an AI Accelerator (AIA). It primarily deals with checking if a...,None,None
83,nvmap_get_dmabuf_fd,dma_operations,AIARelevantFunction,0,**AIARelevantFunction Score (0%)**: The function `nvmap_get_dmabuf_fd` does not directly involve operations that share memory with an AI Accelerator (AIA). It primarily deals with exporting a DMA b...,None,None
84,nvmap_ioctl_getfd,dma_operations,AIARelevantFunction,0,**AIARelevantFunction Score (0)**: The function `nvmap_ioctl_getfd` does not directly interact with an AI Accelerator (AIA) or shared memory management patterns typically associated with AIA integr...,[nvmap_create_handle],[fd; handle]
85,gk20a_channel_free_error_notifiers,dma_operations,AIARelevantFunction,0,**AIARelevantFunction Score (0)**: The function `gk20a_channel_free_error_notifiers` does not involve any operations related to sharing memory with an AI Accelerator (AIA). It primarily focuses on ...,None,None
86,gk20a_init_error_notifier,dma_operations,AIARelevantFunction,0,**AIARelevantFunction Score (0)**: The function `gk20a_init_error_notifier` does not directly involve sharing memory with an AI Accelerator (AIA). It primarily deals with initializing an error noti...,[struct nvgpu_set_error_notifier; struct nvgpu_notification],[args->mem; priv->error_notifier.dmabuf]
87,gk20a_init_error_notifier,dma_operations,AIARelevantFunction,0,**AIARelevantFunction Score (0)**: The function `gk20a_init_error_notifier` does not directly interact with an AI Accelerator (AIA) or manage shared memory between the CPU and AIA. It primarily dea...,[struct nvgpu_set_error_notifier; struct nvgpu_notification],[mem (memory handle); notification (pointer to nvgpu_notification)]
88,nvgpu_mm_unpin,dma_operations,AIARelevantFunction,0,**AIARelevantFunction Score (0%)**: The function `nvgpu_mm_unpin` does not involve any operations that directly relate to sharing memory with an AI Accelerator (AIA). It primarily deals with unmapp...,None,None
89,nvgpu_mm_unpin,dma_operations,AIARelevantFunction,0,**AIARelevantFunction Score (0)**: The function `nvgpu_mm_unpin` does not involve any operations related to sharing memory with an AI Accelerator (AIA). It primarily deals with unmapping and detach...,None,None
90,nvgpu_vm_unmap_system,dma_operations,AIARelevantFunction,0,**AIARelevantFunction Score (0%)**: The function `nvgpu_vm_unmap_system` does not involve any operations that directly relate to sharing memory with an AI Accelerator (AIA). It primarily deals with...,None,None
91,nvmap_free_handle,dma_operations,AIARelevantFunction,0,**AIARelevantFunction Score (0)**: The function `nvmap_free_handle` does not interact with an AI Accelerator (AIA) or shared memory (SMem) directly. It primarily deals with freeing a handle associa...,None,None
92,nvmap_free_handle,dma_operations,AIARelevantFunction,0,**AIARelevantFunction Score (0%)**: The function `nvmap_free_handle` does not interact with an AI Accelerator (AIA) or shared memory (SMem) directly. It primarily deals with freeing a handle associ...,None,None
93,nvmap_ioctl_free,dma_operations,AIARelevantFunction,0,**AIARelevantFunction Score (0%)**: The function `nvmap_ioctl_free` does not involve any operations related to sharing memory with an AI Accelerator (AIA). It primarily deals with freeing a DMA buf...,None,None
94,nvmap_ioctl_free,dma_operations,AIARelevantFunction,0,**AIARelevantFunction Score (0)**: The function `nvmap_ioctl_free` does not directly interact with an AI Accelerator (AIA) or manage shared memory (SMem) in a way that would qualify it as an AIA re...,[struct nvmap_client; struct dma_buf],[file descriptor (fd); dma_buf]
95,destroy_client,dma_operations,AIARelevantFunction,0,"**AIARelevantFunction Score (0%)**: The function `destroy_client` does not interact with any AI Accelerator (AIA) relevant operations. It primarily deals with the destruction of a client object, ma...",None,None
96,destroy_client,dma_operations,AIARelevantFunction,0,"**AIARelevantFunction Score (0%)**: The function `destroy_client` does not interact with any AI Accelerator (AIA) relevant operations such as memory mapping, DMA address handling, or shared memory ...",None,None
97,nvgpu_os_channel_free_usermode_buffers,dma_operations,AIARelevantFunction,0,**AIARelevantFunction Score (0%)**: The function `nvgpu_os_channel_free_usermode_buffers` does not involve any operations that directly relate to sharing memory with an AI Accelerator (AIA). It pri...,None,None
98,user_copy:nvgpu_channel_copy_user_gpfifo,user_copy_operations,AIARelevantFunction,0,**AIARelevantFunction Score (0)**: The function `nvgpu_channel_copy_user_gpfifo` does not directly interact with an AI Accelerator (AIA) or perform operations that would typically be associated wit...,[struct nvgpu_gpfifo_userdata],[entries]
99,user_copy:nvmap_ioctl_get_available_heaps,user_copy_operations,AIARelevantFunction,0,**AIARelevantFunction Score (0)**: The function `nvmap_ioctl_get_available_heaps` does not directly interact with an AI Accelerator (AIA) or manage shared memory (SMem) in a way that is typical for...,[struct nvmap_available_heaps],[None identified]
100,user_copy:gk20a_power_write,user_copy_operations,AIARelevantFunction,0,**AIARelevantFunction Score (0%)**: The function `gk20a_power_write` does not involve any operations related to shared memory (SMem) with an AI Accelerator (AIA). It primarily handles power managem...,struct file; struct gk20a,None
101,user_copy:gk20a_ctrl_ioctl_gpu_characteristics,user_copy_operations,AIARelevantFunction,0,**AIARelevantFunction Score (0)**: The function `gk20a_ctrl_ioctl_gpu_characteristics` does not directly involve sharing memory with an AI Accelerator (AIA). It primarily retrieves GPU characterist...,[struct nvgpu_gpu_get_characteristics],[gpu_characteristics_buf_addr; gpu_characteristics_buf_size]
102,user_copy:gk20a_ctrl_get_tpc_masks,user_copy_operations,AIARelevantFunction,0,**AIARelevantFunction Score (0%)**: The function `gk20a_ctrl_get_tpc_masks` does not interact with an AI Accelerator (AIA) directly. It primarily handles user space requests to copy TPC (Texture Pr...,[struct nvgpu_gpu_get_tpc_masks_args],[mask_buf_addr]
103,user_copy:gk20a_ctrl_get_fbp_l2_masks,user_copy_operations,AIARelevantFunction,0,**AIARelevantFunction Score (0%)**: The function `gk20a_ctrl_get_fbp_l2_masks` does not interact with an AI Accelerator (AIA) or shared memory in a way that would qualify it as an AIA relevant func...,[struct nvgpu_gpu_get_fbp_l2_masks_args],[mask_buf_addr]
104,user_copy:gk20a_ctrl_vsm_mapping,user_copy_operations,AIARelevantFunction,0,**AIARelevantFunction Score (0)**: The function `gk20a_ctrl_vsm_mapping` does not interact with an AI Accelerator (AIA) directly. It primarily focuses on configuring and mapping virtual streaming m...,[struct nvgpu_gpu_vsms_mapping; struct nvgpu_gpu_vsms_mapping_entry],[vsms_map_buf_addr]
105,user_copy:nvgpu_gpu_get_engine_info,user_copy_operations,AIARelevantFunction,0,**AIARelevantFunction Score (0)**: The function `nvgpu_gpu_get_engine_info` does not involve any direct interaction with an AI Accelerator (AIA) or shared memory management patterns typically assoc...,[struct nvgpu_gpu_get_engine_info_args; struct nvgpu_gpu_get_engine_info_item],[engine_info_buf_addr; engine_id; runlist_id]
106,user_copy:nvgpu_gpu_clk_get_range,user_copy_operations,AIARelevantFunction,0,**AIARelevantFunction Score (0)**: The function `nvgpu_gpu_clk_get_range` does not interact with an AI Accelerator (AIA) or manage shared memory directly. It primarily deals with clock range retrie...,[struct nvgpu_gpu_clk_range; struct nvgpu_gpu_clk_range_args],[clk_range_entries]
107,user_copy:gk20a_as_ioctl_get_va_regions,user_copy_operations,AIARelevantFunction,0,"**AIARelevantFunction Score (0%)**: The function `gk20a_as_ioctl_get_va_regions` does not directly interact with an AI Accelerator (AIA) or manage shared memory between the CPU and AIA. Instead, it...",[struct nvgpu_as_get_va_regions_args; struct nvgpu_as_va_region],[buf_addr; buf_size; offset; page_size; pages]
108,user_copy:nvmap_ioctl_query_heap_params,user_copy_operations,AIARelevantFunction,0,**AIARelevantFunction Score (0)**: The function `nvmap_ioctl_query_heap_params` does not directly interact with an AI Accelerator (AIA) or manage shared memory (SMem) in a way that is typical for A...,[nvmap_query_heap_params],[heap_mask; total; free; largest_free_block]
109,user_copy:nvmap_ioctl_query_heap_params,user_copy_operations,AIARelevantFunction,0,**AIARelevantFunction Score (0)**: The function `nvmap_ioctl_query_heap_params` does not directly interact with an AI Accelerator (AIA) or perform operations related to shared memory management for...,[struct nvmap_query_heap_params],[heap_mask; total; free; largest_free_block]
110,user_copy:nvgpu_gpu_clk_get_info,user_copy_operations,AIARelevantFunction,0,"**AIARelevantFunction Score (0)**: The function `nvgpu_gpu_clk_get_info` does not directly interact with an AI Accelerator (AIA) or manage shared memory for an AIA. Instead, it focuses on retrievin...",[nvgpu_gpu_clk_get_info_args; nvgpu_gpu_clk_info],[clk_info_entries]
111,user_copy:nvgpu_gpu_clk_get_info,user_copy_operations,AIARelevantFunction,0,**AIARelevantFunction Score (0)**: The function `nvgpu_gpu_clk_get_info` does not interact with an AI Accelerator (AIA) or manage shared memory between the CPU and AIA. It primarily deals with GPU ...,[nvgpu_gpu_clk_get_info_args; nvgpu_gpu_clk_info],[clk_info_entries; clk_domain; freq_hz]
112,user_copy:nvmap_ioctl_getfd,user_copy_operations,AIARelevantFunction,0,"**AIARelevantFunction Score (0)**: The function `nvmap_ioctl_getfd` does not directly interact with an AI Accelerator (AIA) or perform operations that are typical for AIA memory management, such as...",[nvmap_create_handle],[fd; handle]
113,user_copy:nvmap_install_fd,user_copy_operations,AIARelevantFunction,0,**AIARelevantFunction Score (0)**: The function `nvmap_install_fd` does not directly interact with an AI Accelerator (AIA) or perform operations that would typically be associated with AIA memory m...,[struct nvmap_handle_info; struct nvmap_handle; struct dma_buf],[fd; dma_buf->file; dma_buf->priv]
114,gk20a_dbg_gpu_dev_release,ioctl_operations,AIARelevantFunction,0,**AIARelevantFunction Score (0%)**: The function `gk20a_dbg_gpu_dev_release` does not interact with an AI Accelerator (AIA) or shared memory management relevant to AIA operations. It primarily focu...,None,None
115,gk20a_ctrl_dev_release,ioctl_operations,AIARelevantFunction,0,**AIARelevantFunction Score (0%)**: The function `gk20a_ctrl_dev_release` does not involve any operations related to sharing memory with an AI Accelerator (AIA). It primarily handles the release of...,None,None
116,nvmap_open,ioctl_operations,AIARelevantFunction,0,**AIARelevantFunction Score (0)**: The `nvmap_open` function does not involve any operations related to shared memory management or interactions with an AI Accelerator (AIA). It primarily handles t...,None,None
117,nvmap_ioctl_get_available_heaps,ioctl_operations,AIARelevantFunction,0,**AIARelevantFunction (0%)**: The function `nvmap_ioctl_get_available_heaps` does not involve any operations that directly relate to sharing memory with an AI Accelerator (AIA). It primarily retrie...,[struct nvmap_available_heaps],[None identified]
118,gk20a_power_open,ioctl_operations,AIARelevantFunction,0,**AIARelevantFunction Score (0)**: The function `gk20a_power_open` does not involve any operations related to shared memory (SMem) with an AI Accelerator (AIA). It primarily focuses on opening a de...,None,None
119,gk20a_power_release,ioctl_operations,AIARelevantFunction,0,**AIARelevantFunction Score (0%)**: The function `gk20a_power_release` does not involve any operations related to shared memory (SMem) with an AI Accelerator (AIA). It primarily deals with releasin...,None,None
120,gk20a_ctrl_dev_open,ioctl_operations,AIARelevantFunction,0,**AIARelevantFunction Score (0%)**: The function `gk20a_ctrl_dev_open` does not perform any operations related to shared memory management or direct interactions with an AI Accelerator (AIA). It pr...,None,None
121,gk20a_ctrl_ioctl_gpu_characteristics,ioctl_operations,AIARelevantFunction,0,**AIARelevantFunction Score (0%)**: The function `gk20a_ctrl_ioctl_gpu_characteristics` does not interact with an AI Accelerator (AIA) or shared memory (SMem) directly. It primarily retrieves GPU c...,[struct nvgpu_gpu_get_characteristics; struct nvgpu_gpu_characteristics],[gpu_characteristics_buf_addr; gpu_instance_id; gr_instance_id]
122,nvgpu_ctrl_ioctl_gpu_characteristics_flags,ioctl_operations,AIARelevantFunction,0,**AIARelevantFunction Score (0%)**: The function `nvgpu_ctrl_ioctl_gpu_characteristics_flags` does not interact with shared memory or perform operations that would typically be associated with AI A...,None,None
123,nvgpu_get_ioctl_graphics_preempt_mode_flags,ioctl_operations,AIARelevantFunction,0,**AIARelevantFunction Score (0%)**: The function `nvgpu_get_ioctl_graphics_preempt_mode_flags` does not involve any operations related to shared memory (SMem) with an AI Accelerator (AIA). It simpl...,None,None
124,nvgpu_get_ioctl_compute_preempt_mode_flags,ioctl_operations,AIARelevantFunction,0,**AIARelevantFunction Score (0)**: The function `nvgpu_get_ioctl_compute_preempt_mode_flags` does not interact with shared memory or perform any operations that would typically be associated with A...,None,None
125,nvgpu_get_ioctl_graphics_preempt_mode,ioctl_operations,AIARelevantFunction,0,**AIARelevantFunction Score (0)**: The function `nvgpu_get_ioctl_graphics_preempt_mode` does not involve any operations related to shared memory management or interactions with an AI Accelerator (A...,None,None
126,nvgpu_get_ioctl_compute_preempt_mode,ioctl_operations,AIARelevantFunction,0,**AIARelevantFunction Score (0)**: The function `nvgpu_get_ioctl_compute_preempt_mode` does not involve any operations related to shared memory (SMem) with an AI Accelerator (AIA). It simply transl...,None,None
127,nvgpu_as_ioctl_get_sync_ro_map,ioctl_operations,AIARelevantFunction,0,**AIARelevantFunction Score (0%)**: The function `nvgpu_as_ioctl_get_sync_ro_map` does not directly involve operations related to sharing memory with an AI Accelerator (AIA). It primarily retrieves...,[struct nvgpu_as_get_sync_ro_map_args],[base_gpuva; sync_size; num_syncpoints]
128,gk20a_as_ioctl_alloc_space,ioctl_operations,AIARelevantFunction,0,**AIARelevantFunction Score (0)**: The function `gk20a_as_ioctl_alloc_space` does not directly involve any operations that share memory with an AI Accelerator (AIA). It primarily allocates space in...,None,None
129,nvmap_ioctl_query_heap_params,ioctl_operations,AIARelevantFunction,0,**AIARelevantFunction Score (0)**: The function `nvmap_ioctl_query_heap_params` does not directly interact with an AI Accelerator (AIA) or manage shared memory (SMem) in a way that is typical for A...,[struct nvmap_query_heap_params],[heap_mask; total; free; largest_free_block]
130,nvmap_ioctl_alloc,ioctl_operations,AIARelevantFunction,0,**AIARelevantFunction Score (0)**: The function `nvmap_ioctl_alloc` does not directly interact with an AI Accelerator (AIA) or shared memory (SMem) management for an AIA. It primarily focuses on al...,[struct nvmap_alloc_handle],[handle; heap_mask; flags; align]
131,nvmap_ioctl_getfd,ioctl_operations,AIARelevantFunction,0,**AIARelevantFunction Score (0)**: The function `nvmap_ioctl_getfd` does not directly interact with an AI Accelerator (AIA) or perform operations related to shared memory management for an AIA. It ...,[nvmap_create_handle],[fd; handle]
132,nvgpu_ioctl_tsg_open,ioctl_operations,AIARelevantFunction,0,**AIARelevantFunction Score (0%)**: The function `nvgpu_ioctl_tsg_open` does not involve any operations that directly relate to sharing memory with an AI Accelerator (AIA). It primarily focuses on ...,None,None
133,nvgpu_ioctl_channel_get_user_syncpoint,ioctl_operations,AIARelevantFunction,0,**AIARelevantFunction Score (0)**: The function `nvgpu_ioctl_channel_get_user_syncpoint` does not directly interact with an AI Accelerator (AIA) or manage shared memory (SMem) in a way that would b...,[nvgpu_get_user_syncpoint_args],[gpu_va; syncpoint_id; syncpoint_max]
134,nvgpu_ioctl_channel_alloc_obj_ctx,ioctl_operations,AIARelevantFunction,0,**AIARelevantFunction Score (0%)**: The function `nvgpu_ioctl_channel_alloc_obj_ctx` does not interact with any AI Accelerator (AIA) specific memory management or DMA operations. It primarily calls...,None,None
135,gk20a_channel_open_ioctl,ioctl_operations,AIARelevantFunction,0,**AIARelevantFunction Score (0%)**: The function `gk20a_channel_open_ioctl` does not directly involve operations related to sharing memory with an AI Accelerator (AIA). It primarily handles the ope...,None,None
136,gk20a_as_ioctl_bind_channel,ioctl_operations,AIARelevantFunction,0,**AIARelevantFunction Score (0)**: The function `gk20a_as_ioctl_bind_channel` does not involve any operations that directly relate to sharing memory with an AI Accelerator (AIA). It primarily focus...,None,None
137,gk20a_tsg_ioctl_bind_channel_ex,ioctl_operations,AIARelevantFunction,0,**AIARelevantFunction Score (0)**: The function `gk20a_tsg_ioctl_bind_channel_ex` does not directly involve sharing memory with an AI Accelerator (AIA). It primarily handles binding a channel to a ...,[struct nvgpu_tsg_bind_channel_ex_args],[channel_fd; subcontext_id]
138,nvgpu_gpu_ioctl_set_l2_max_ways_evict_last,ioctl_operations,AIARelevantFunction,0,**AIARelevantFunction Score (0%)**: The function `nvgpu_gpu_ioctl_set_l2_max_ways_evict_last` does not directly interact with shared memory or memory management patterns that are typical for AI Acc...,struct nvgpu_tsg_l2_max_ways_evict_last_args,None
139,gk20a_as_ioctl_unmap_buffer,ioctl_operations,AIARelevantFunction,0,**AIARelevantFunction Score (0%)**: The function `gk20a_as_ioctl_unmap_buffer` does not involve any operations that directly relate to sharing memory with an AI Accelerator (AIA). It primarily focu...,None,None
140,nvmap_ioctl_free,ioctl_operations,AIARelevantFunction,0,**AIARelevantFunction Score (0)**: The function `nvmap_ioctl_free` does not directly interact with an AI Accelerator (AIA) or shared memory management relevant to AIA operations. It primarily deals...,[None identified],[None identified]
141,nvmap_release,ioctl_operations,AIARelevantFunction,0,**AIARelevantFunction Score (0%)**: The `nvmap_release` function does not involve any operations related to shared memory (SMem) with an AI Accelerator (AIA). It primarily handles the release of a ...,None,None
142,gk20a_event_id_release,ioctl_operations,AIARelevantFunction,0,**AIARelevantFunction**: The function `gk20a_event_id_release` does not interact with shared memory or AI Accelerator (AIA) specific operations. It primarily deals with releasing an event ID associ...,None,None
143,gk20a_channel_release,ioctl_operations,AIARelevantFunction,0,"**AIARelevantFunction**: The function `gk20a_channel_release` does not interact with shared memory or AI Accelerator (AIA) specific operations. It primarily deals with releasing a channel, cleaning...",None,None
144,nvgpu_ioctl_tsg_dev_release,ioctl_operations,AIARelevantFunction,0,**AIARelevantFunction Score (0%)**: The function `nvgpu_ioctl_tsg_dev_release` does not involve any operations related to sharing memory with an AI Accelerator (AIA). It primarily deals with releas...,None,None
145,nvgpu_ioctl_tsg_release,ioctl_operations,AIARelevantFunction,0,**AIARelevantFunction Score (0)**: The function `nvgpu_ioctl_tsg_release` does not involve any operations related to sharing memory with an AI Accelerator (AIA). It primarily deals with releasing a...,None,None
146,gk20a_as_dev_release,ioctl_operations,AIARelevantFunction,0,**AIARelevantFunction Score (0)**: The function `gk20a_as_dev_release` does not involve any operations related to shared memory management or interactions with an AI Accelerator (AIA). It primarily...,None,None
1,nvmap_ioctl_getfd,dma_operations,Relevant_KD_Entry_Point,100,**AIARelevantFunction Score (0)**: The function `nvmap_ioctl_getfd` does not directly interact with an AI Accelerator (AIA) or shared memory management patterns typically associated with AIA integr...,[nvmap_create_handle],[fd; handle]
2,gk20a_init_error_notifier,dma_operations,Relevant_KD_Entry_Point,100,**AIARelevantFunction Score (0)**: The function `gk20a_init_error_notifier` does not directly involve sharing memory with an AI Accelerator (AIA). It primarily deals with initializing an error noti...,[struct nvgpu_set_error_notifier; struct nvgpu_notification],[args->mem; priv->error_notifier.dmabuf]
3,nvmap_ioctl_free,dma_operations,Relevant_KD_Entry_Point,100,**AIARelevantFunction Score (0%)**: The function `nvmap_ioctl_free` does not involve any operations related to sharing memory with an AI Accelerator (AIA). It primarily deals with freeing a DMA buf...,None,None
4,user_copy:gk20a_power_write,user_copy_operations,Relevant_KD_Entry_Point,100,**AIARelevantFunction Score (0%)**: The function `gk20a_power_write` does not involve any operations related to shared memory (SMem) with an AI Accelerator (AIA). It primarily handles power managem...,struct file; struct gk20a,None
5,user_copy:gk20a_ctrl_ioctl_gpu_characteristics,user_copy_operations,Relevant_KD_Entry_Point,100,**AIARelevantFunction Score (0)**: The function `gk20a_ctrl_ioctl_gpu_characteristics` does not directly involve sharing memory with an AI Accelerator (AIA). It primarily retrieves GPU characterist...,[struct nvgpu_gpu_get_characteristics],[gpu_characteristics_buf_addr; gpu_characteristics_buf_size]
6,user_copy:gk20a_as_ioctl_get_va_regions,user_copy_operations,Relevant_KD_Entry_Point,100,"**AIARelevantFunction Score (0%)**: The function `gk20a_as_ioctl_get_va_regions` does not directly interact with an AI Accelerator (AIA) or manage shared memory between the CPU and AIA. Instead, it...",[struct nvgpu_as_get_va_regions_args; struct nvgpu_as_va_region],[buf_addr; buf_size; offset; page_size; pages]
7,user_copy:nvmap_ioctl_query_heap_params,user_copy_operations,Relevant_KD_Entry_Point,100,**AIARelevantFunction Score (0)**: The function `nvmap_ioctl_query_heap_params` does not directly interact with an AI Accelerator (AIA) or manage shared memory (SMem) in a way that is typical for A...,[nvmap_query_heap_params],[heap_mask; total; free; largest_free_block]
8,user_copy:nvmap_ioctl_query_heap_params,user_copy_operations,Relevant_KD_Entry_Point,100,**AIARelevantFunction Score (0)**: The function `nvmap_ioctl_query_heap_params` does not directly interact with an AI Accelerator (AIA) or perform operations related to shared memory management for...,[struct nvmap_query_heap_params],[heap_mask; total; free; largest_free_block]
9,user_copy:nvgpu_gpu_clk_get_info,user_copy_operations,Relevant_KD_Entry_Point,100,"**AIARelevantFunction Score (0)**: The function `nvgpu_gpu_clk_get_info` does not directly interact with an AI Accelerator (AIA) or manage shared memory for an AIA. Instead, it focuses on retrievin...",[nvgpu_gpu_clk_get_info_args; nvgpu_gpu_clk_info],[clk_info_entries]
10,user_copy:nvmap_ioctl_getfd,user_copy_operations,Relevant_KD_Entry_Point,100,"**AIARelevantFunction Score (0)**: The function `nvmap_ioctl_getfd` does not directly interact with an AI Accelerator (AIA) or perform operations that are typical for AIA memory management, such as...",[nvmap_create_handle],[fd; handle]
11,nvmap_ioctl_get_available_heaps,ioctl_operations,Relevant_KD_Entry_Point,100,**AIARelevantFunction (0%)**: The function `nvmap_ioctl_get_available_heaps` does not involve any operations that directly relate to sharing memory with an AI Accelerator (AIA). It primarily retrie...,[struct nvmap_available_heaps],[None identified]
12,gk20a_ctrl_ioctl_gpu_characteristics,ioctl_operations,Relevant_KD_Entry_Point,100,**AIARelevantFunction Score (0%)**: The function `gk20a_ctrl_ioctl_gpu_characteristics` does not interact with an AI Accelerator (AIA) or shared memory (SMem) directly. It primarily retrieves GPU c...,[struct nvgpu_gpu_get_characteristics; struct nvgpu_gpu_characteristics],[gpu_characteristics_buf_addr; gpu_instance_id; gr_instance_id]
13,nvgpu_as_ioctl_get_sync_ro_map,ioctl_operations,Relevant_KD_Entry_Point,100,**AIARelevantFunction Score (0%)**: The function `nvgpu_as_ioctl_get_sync_ro_map` does not directly involve operations related to sharing memory with an AI Accelerator (AIA). It primarily retrieves...,[struct nvgpu_as_get_sync_ro_map_args],[base_gpuva; sync_size; num_syncpoints]
14,gk20a_as_ioctl_alloc_space,ioctl_operations,Relevant_KD_Entry_Point,100,**AIARelevantFunction Score (0)**: The function `gk20a_as_ioctl_alloc_space` does not directly involve any operations that share memory with an AI Accelerator (AIA). It primarily allocates space in...,None,None
15,nvmap_ioctl_query_heap_params,ioctl_operations,Relevant_KD_Entry_Point,100,**AIARelevantFunction Score (0)**: The function `nvmap_ioctl_query_heap_params` does not directly interact with an AI Accelerator (AIA) or manage shared memory (SMem) in a way that is typical for A...,[struct nvmap_query_heap_params],[heap_mask; total; free; largest_free_block]
16,nvmap_ioctl_getfd,ioctl_operations,Relevant_KD_Entry_Point,100,**AIARelevantFunction Score (0)**: The function `nvmap_ioctl_getfd` does not directly interact with an AI Accelerator (AIA) or perform operations related to shared memory management for an AIA. It ...,[nvmap_create_handle],[fd; handle]
17,nvgpu_ioctl_tsg_open,ioctl_operations,Relevant_KD_Entry_Point,100,**AIARelevantFunction Score (0%)**: The function `nvgpu_ioctl_tsg_open` does not involve any operations that directly relate to sharing memory with an AI Accelerator (AIA). It primarily focuses on ...,None,None
18,nvgpu_ioctl_channel_get_user_syncpoint,ioctl_operations,Relevant_KD_Entry_Point,100,**AIARelevantFunction Score (0)**: The function `nvgpu_ioctl_channel_get_user_syncpoint` does not directly interact with an AI Accelerator (AIA) or manage shared memory (SMem) in a way that would b...,[nvgpu_get_user_syncpoint_args],[gpu_va; syncpoint_id; syncpoint_max]
19,gk20a_channel_open_ioctl,ioctl_operations,Relevant_KD_Entry_Point,100,**AIARelevantFunction Score (0%)**: The function `gk20a_channel_open_ioctl` does not directly involve operations related to sharing memory with an AI Accelerator (AIA). It primarily handles the ope...,None,None
20,gk20a_as_ioctl_bind_channel,ioctl_operations,Relevant_KD_Entry_Point,100,**AIARelevantFunction Score (0)**: The function `gk20a_as_ioctl_bind_channel` does not involve any operations that directly relate to sharing memory with an AI Accelerator (AIA). It primarily focus...,None,None
21,nvgpu_gpu_ioctl_set_l2_max_ways_evict_last,ioctl_operations,Relevant_KD_Entry_Point,100,**AIARelevantFunction Score (0%)**: The function `nvgpu_gpu_ioctl_set_l2_max_ways_evict_last` does not directly interact with shared memory or memory management patterns that are typical for AI Acc...,struct nvgpu_tsg_l2_max_ways_evict_last_args,None
22,nvgpu_gpu_ioctl_register_buffer,dma_operations,Relevant_KD_Entry_Point,90,"**AIARelevantFunction Score (80)**: The function `nvgpu_gpu_ioctl_register_buffer` is involved in managing a DMA buffer, which is critical for sharing memory with an AI Accelerator (AIA). It uses `...",[struct nvgpu_gpu_register_buffer_args],[dmabuf_fd; metadata_addr; metadata_size; flags]
23,nvgpu_gpu_ioctl_register_buffer,dma_operations,Relevant_KD_Entry_Point,90,"**AIARelevantFunction Score (80)**: The function `nvgpu_gpu_ioctl_register_buffer` is involved in registering a buffer for use with the GPU, which includes handling a DMA buffer (`dma_buf`). It uti...",[struct nvgpu_gpu_register_buffer_args],[dmabuf_fd; metadata_addr; metadata_size]
24,user_copy:gk20a_channel_ioctl,user_copy_operations,Relevant_KD_Entry_Point,90,"**AIARelevantFunction Score (80)**: The function `gk20a_channel_ioctl` interacts with various structures that are essential for managing GPU channels, including memory allocation and synchronizatio...",[nvgpu_alloc_obj_ctx_args; nvgpu_channel_setup_bind_args; nvgpu_alloc_gpfifo_ex_args; nvgpu_wait_args; nvgpu_set_error_notifier; nvgpu_get_param_args; nvgpu_set_timeout_args; nvgpu_set_timeout_ex_args; nvgpu_setup_bind_args],[userd_dmabuf_fd; gpfifo_dmabuf_fd; userd_dmabuf_offset; gpfifo_dmabuf_offset; chid; tsgid; obj_id]
25,user_copy:gk20a_channel_ioctl,user_copy_operations,Relevant_KD_Entry_Point,90,**AIARelevantFunction Score (70)**: The function `gk20a_channel_ioctl` interacts with various structures that are likely involved in memory management and communication with the AI Accelerator (AIA...,[nvgpu_alloc_obj_ctx_args; nvgpu_channel_setup_bind_args; nvgpu_alloc_gpfifo_ex_args; nvgpu_set_error_notifier; nvgpu_set_timeout_args; nvgpu_set_timeout_ex_args; nvgpu_get_param_args],[userd_dmabuf_fd; gpfifo_dmabuf_fd; userd_dmabuf_offset; gpfifo_dmabuf_offset; obj_id]
26,user_copy:gk20a_ctrl_dev_ioctl,user_copy_operations,Relevant_KD_Entry_Point,90,**AIARelevantFunction Score (80)**: The function `gk20a_ctrl_dev_ioctl` interacts with various GPU operations that involve memory management and communication with the AI Accelerator (AIA). It hand...,[nvgpu_gpu_zcull_get_ctx_size_args; nvgpu_gpu_zcull_get_info_args; nvgpu_gpu_zbc_set_table_args; nvgpu_gpu_zbc_query_table_args; nvgpu_gpu_get_characteristics; nvgpu_gpu_prepare_compressible_read_args; nvgpu_gpu_mark_compressible_write_args; nvgpu_alloc_as_args; nvgpu_gpu_open_tsg_args; nvgpu_gpu_get_tpc_masks_args; nvgpu_gpu_get_fbp_l2_masks_args; nvgpu_channel_open_args; nvgpu_gpu_l2_fb_args; nvgpu_gpu_mmu_debug_mode_args; nvgpu_gpu_sm_debug_mode_args],[handle; offset; va_range_start; va_range_end; va_range_split; zbc_color; reserved; reserved2]
27,user_copy:gk20a_ctrl_dev_ioctl,user_copy_operations,Relevant_KD_Entry_Point,90,**AIARelevantFunction Score (80)**: The function `gk20a_ctrl_dev_ioctl` is involved in handling various IOCTL commands that interact with the GPU and its resources. It includes operations that can ...,[nvgpu_gpu_zcull_get_ctx_size_args; nvgpu_gpu_zcull_get_info_args; nvgpu_gpu_zbc_set_table_args; nvgpu_gpu_zbc_query_table_args; nvgpu_gpu_get_characteristics; nvgpu_gpu_prepare_compressible_read_args; nvgpu_gpu_mark_compressible_write_args; nvgpu_alloc_as_args; nvgpu_gpu_open_tsg_args; nvgpu_gpu_get_tpc_masks_args; nvgpu_gpu_get_fbp_l2_masks_args; nvgpu_channel_open_args; nvgpu_gpu_l2_fb_args; nvgpu_gpu_mmu_debug_mode_args; nvgpu_gpu_sm_debug_mode_args],[handle; gpu_instance_id; gr_instance_id; va_range_start; va_range_end; va_range_split; syncpt_unit_base; syncpt_unit_size; syncpt_size]
28,user_copy:gk20a_as_dev_ioctl,user_copy_operations,Relevant_KD_Entry_Point,90,**AIARelevantFunction Score (80)**: The function `gk20a_as_dev_ioctl` interacts with various memory management operations that are relevant for an AI Accelerator (AIA). It handles commands that inv...,[nvgpu_as_bind_channel_args; nvgpu32_as_alloc_space_args; nvgpu_as_alloc_space_args; nvgpu_as_free_space_args; nvgpu_as_map_buffer_ex_args; nvgpu_as_unmap_buffer_args; nvgpu_as_get_va_regions_args; nvgpu_as_map_buffer_batch_args; nvgpu_as_get_sync_ro_map_args; nvgpu_as_mapping_modify_args; nvgpu_as_remap_args],[channel_fd; pages; page_size; flags; buffer_offset; mapping_size; offset; base_gpuva; sync_size; num_syncpoints]
29,user_copy:gk20a_as_dev_ioctl,user_copy_operations,Relevant_KD_Entry_Point,90,**AIARelevantFunction Score (80)**: The function `gk20a_as_dev_ioctl` interacts with various memory management operations that are relevant for an AI Accelerator (AIA). It handles commands that inv...,[struct nvgpu_as_bind_channel_args; struct nvgpu32_as_alloc_space_args; struct nvgpu_as_alloc_space_args; struct nvgpu_as_free_space_args; struct nvgpu_as_map_buffer_ex_args; struct nvgpu_as_unmap_buffer_args; struct nvgpu_as_get_va_regions_args; struct nvgpu_as_map_buffer_batch_args; struct nvgpu_as_get_sync_ro_map_args; struct nvgpu_as_mapping_modify_args; struct nvgpu_as_remap_args],[channel_fd; pages; page_size; flags; buffer_offset; offset; base_gpuva; sync_size; num_syncpoints]
30,user_copy:nvmap_ioctl_create,user_copy_operations,Relevant_KD_Entry_Point,90,"**AIARelevantFunction Score (70%)**: The function `nvmap_ioctl_create` interacts with memory management and handles DMA buffers, which are relevant for AI Accelerator integration. It utilizes `dma_...",[nvmap_create_handle],[handle; fd; size; orig_size]
31,user_copy:nvmap_ioctl_create,user_copy_operations,Relevant_KD_Entry_Point,90,**AIARelevantFunction Score (80)**: The function `nvmap_ioctl_create` is involved in creating a handle for a shared memory buffer that can be used by an AI Accelerator (AIA). It interacts with the ...,[nvmap_create_handle],[handle; handle64; fd; size; orig_size; vaddr; dma_buf; dma_buf_ro]
32,user_copy:nvmap_ioctl_alloc,user_copy_operations,Relevant_KD_Entry_Point,90,"**AIARelevantFunction (80%)**: The function `nvmap_ioctl_alloc` is involved in memory allocation for an AI Accelerator (AIA) context. It utilizes the `nvmap_alloc_handle` structure, which contains ...",[struct nvmap_alloc_handle],[handle; heap_mask; flags; align; size; orig_size; vaddr]
33,user_copy:nvgpu_gpu_ioctl_register_buffer,user_copy_operations,Relevant_KD_Entry_Point,90,**AIARelevantFunction Score (70)**: The function `nvgpu_gpu_ioctl_register_buffer` interacts with the AI Accelerator by registering a buffer and managing its metadata. It uses `dma_buf_get` to obta...,[nvgpu_gpu_register_buffer_args],[dmabuf_fd; metadata_addr; metadata_size]
34,user_copy:nvgpu_ioctl_tsg_dev_ioctl,user_copy_operations,Relevant_KD_Entry_Point,90,"**AIARelevantFunction Score (70%)**: The function `nvgpu_ioctl_tsg_dev_ioctl` interacts with various aspects of the GPU's task scheduling and channel binding, which can involve shared memory manage...",[nvgpu_tsg_bind_channel_ex_args; nvgpu_tsg_bind_scheduling_domain_args; nvgpu_runlist_interleave_args; nvgpu_timeslice_args; nvgpu_tsg_read_single_sm_error_state_args; nvgpu_tsg_l2_max_ways_evict_last_args; nvgpu_tsg_set_l2_sector_promotion_args],[channel_fd; domain_fd; timeslice_us; sm_id; max_ways; promotion_flag]
35,user_copy:nvgpu_ioctl_tsg_dev_ioctl,user_copy_operations,Relevant_KD_Entry_Point,90,"**AIARelevantFunction Score (70)**: The function `nvgpu_ioctl_tsg_dev_ioctl` interacts with various aspects of the GPU's task scheduling and channel binding, which are relevant for AI Accelerator i...",[nvgpu_tsg_bind_channel_ex_args; nvgpu_tsg_bind_scheduling_domain_args; nvgpu_runlist_interleave_args; nvgpu_timeslice_args; nvgpu_tsg_read_single_sm_error_state_args; nvgpu_tsg_l2_max_ways_evict_last_args; nvgpu_tsg_set_l2_sector_promotion_args],[channel_fd; domain_fd; timeslice_us; max_ways; promotion_flag; record_mem; record_size]
36,user_copy:nvmap_ioctl_create_from_va,user_copy_operations,Relevant_KD_Entry_Point,90,"**AIARelevantFunction (80%)**: The function `nvmap_ioctl_create_from_va` is involved in creating a handle from a virtual address, which is a critical operation for managing shared memory between th...",[nvmap_create_handle_from_va],[va; size; flags; handle]
37,user_copy:nvmap_ioctl_create_from_va,user_copy_operations,Relevant_KD_Entry_Point,90,"**AIARelevantFunction Score (80)**: The function `nvmap_ioctl_create_from_va` is involved in creating a handle from a virtual address, which is a critical operation for managing shared memory with ...",[struct nvmap_create_handle_from_va],[op.handle; op.va; op.size; op.size64; fd]
38,gk20a_channel_ioctl,ioctl_operations,Relevant_KD_Entry_Point,90,"**AIARelevantFunction Score (70)**: The function `gk20a_channel_ioctl` interacts with various structures that manage GPU channels and memory, which is relevant for AI Accelerator integration. It ha...",[nvgpu_alloc_obj_ctx_args; nvgpu_channel_setup_bind_args; nvgpu_alloc_gpfifo_ex_args; nvgpu_wait_args; nvgpu_set_error_notifier; nvgpu_set_timeout_args; nvgpu_set_timeout_ex_args; nvgpu_get_param_args],[userd_dmabuf_fd; gpfifo_dmabuf_fd; userd_dmabuf_offset; gpfifo_dmabuf_offset; obj_id; timeout; offset; size; mem]
39,gk20a_ioctl_channel_submit_gpfifo,ioctl_operations,Relevant_KD_Entry_Point,90,"**AIARelevantFunction Score (80)**: The function `gk20a_ioctl_channel_submit_gpfifo` is involved in submitting commands to the GPU via a FIFO mechanism, which is critical for AI Accelerator operati...",[nvgpu_submit_gpfifo_args; nvgpu_channel_fence; nvgpu_user_fence; nvgpu_gpfifo_userdata; nvgpu_gpfifo_entry],[fence.id; fence.value; args.gpfifo; args.num_entries; args.flags; userdata.entries]
40,nvmap_ioctl,ioctl_operations,Relevant_KD_Entry_Point,90,**AIARelevantFunction Score (70)**: The function `nvmap_ioctl` is involved in handling various IOCTL commands that can relate to memory management and operations that may involve an AI Accelerator ...,[struct nvmap_rw_handle; struct nvmap_cache_op; struct nvmap_cache_op_32; struct nvmap_cache_op_64],[addr; handle]
41,gk20a_ctrl_dev_ioctl,ioctl_operations,Relevant_KD_Entry_Point,90,**AIARelevantFunction Score (80%)**: The function `gk20a_ctrl_dev_ioctl` handles various IOCTL commands that interact with the GPU and its subsystems. It includes operations that can involve memory...,[nvgpu_gpu_zcull_get_ctx_size_args; nvgpu_gpu_zcull_get_info_args; nvgpu_gpu_zbc_set_table_args; nvgpu_gpu_zbc_query_table_args; nvgpu_gpu_get_characteristics; nvgpu_gpu_prepare_compressible_read_args; nvgpu_gpu_mark_compressible_write_args; nvgpu_alloc_as_args; nvgpu_gpu_open_tsg_args; nvgpu_gpu_get_tpc_masks_args; nvgpu_gpu_get_fbp_l2_masks_args; nvgpu_channel_open_args; nvgpu_gpu_l2_fb_args; nvgpu_gpu_mmu_debug_mode_args; nvgpu_gpu_sm_debug_mode_args],[handle; as_fd; gpu_instance_id; gr_instance_id; va_range_start; va_range_end; va_range_split; userd_iova; userd_mem; syncpt_unit_base; syncpt_unit_size; syncpt_size]
42,gk20a_as_dev_ioctl,ioctl_operations,Relevant_KD_Entry_Point,90,**AIARelevantFunction Score (80)**: The function `gk20a_as_dev_ioctl` interacts with various memory management operations that are relevant for an AI Accelerator (AIA). It handles commands that inv...,[nvgpu_as_bind_channel_args; nvgpu32_as_alloc_space_args; nvgpu_as_alloc_space_args; nvgpu_as_free_space_args; nvgpu_as_map_buffer_ex_args; nvgpu_as_unmap_buffer_args; nvgpu_as_get_va_regions_args; nvgpu_as_map_buffer_batch_args; nvgpu_as_get_sync_ro_map_args; nvgpu_as_mapping_modify_args; nvgpu_as_remap_args],[channel_fd; pages; page_size; flags; buffer_offset; buffer_size; offset; base_gpuva; sync_size; num_syncpoints]
43,nvmap_ioctl_create,ioctl_operations,Relevant_KD_Entry_Point,90,**AIARelevantFunction Score (70)**: The function `nvmap_ioctl_create` is involved in creating a handle for a shared memory buffer that can be used by an AI Accelerator (AIA). It interacts with DMA ...,[nvmap_create_handle],[handle; handle64; fd; size; orig_size; vaddr]
44,nvgpu_gpu_ioctl_register_buffer,ioctl_operations,Relevant_KD_Entry_Point,90,**AIARelevantFunction Score (70)**: The function `nvgpu_gpu_ioctl_register_buffer` interacts with the AI Accelerator by managing a DMA buffer through the `dma_buf_get` and `dma_buf_put` functions. ...,[struct nvgpu_gpu_register_buffer_args],[dmabuf_fd; metadata_addr; metadata_size]
45,gk20a_as_ioctl_map_buffer_ex,ioctl_operations,Relevant_KD_Entry_Point,90,**AIARelevantFunction Score (80)**: The function `gk20a_as_ioctl_map_buffer_ex` is responsible for mapping a buffer for the AI Accelerator (AIA) using the `nvgpu_vm_map_buffer` function. This funct...,[nvgpu_as_map_buffer_ex_args],[dmabuf_fd; buffer_offset; mapping_size]
46,nvgpu_ioctl_tsg_dev_ioctl,ioctl_operations,Relevant_KD_Entry_Point,90,"**AIARelevantFunction Score (70)**: The function `nvgpu_ioctl_tsg_dev_ioctl` interacts with various aspects of the GPU's task scheduling and management, which can involve shared memory operations w...",[nvgpu_tsg_bind_channel_ex_args; nvgpu_tsg_read_single_sm_error_state_args; nvgpu_tsg_bind_scheduling_domain_args; nvgpu_runlist_interleave_args; nvgpu_timeslice_args; nvgpu_tsg_l2_max_ways_evict_last_args; nvgpu_tsg_set_l2_sector_promotion_args],[channel_fd; sm_id; domain_fd; level; timeslice_us; max_ways; promotion_flag]
47,gk20a_tsg_ioctl_bind_channel_ex,ioctl_operations,Relevant_KD_Entry_Point,90,**AIARelevantFunction Score (0)**: The function `gk20a_tsg_ioctl_bind_channel_ex` does not directly involve sharing memory with an AI Accelerator (AIA). It primarily handles binding a channel to a ...,[struct nvgpu_tsg_bind_channel_ex_args],[channel_fd; subcontext_id]
48,nvmap_ioctl_create_from_va,ioctl_operations,Relevant_KD_Entry_Point,90,"**AIARelevantFunction Score (70%)**: The function `nvmap_ioctl_create_from_va` is involved in creating a handle from a virtual address, which is relevant for memory management in the context of an ...",[nvmap_create_handle_from_va],[va; size; flags; handle]
49,nvgpu_usermode_buf_from_dmabuf,dma_operations,Relevant_KD_Entry_Point,80,"**AIARelevantFunction Score (90)**: The function `nvgpu_usermode_buf_from_dmabuf` is heavily involved in managing DMA buffers, which are critical for sharing memory with an AI Accelerator (AIA). It...",[nvgpu_usermode_buf_linux],[dma_buf; dma_buf_attachment; sg_table]
50,gk20a_init_error_notifier,dma_operations,Relevant_KD_Entry_Point,80,"**AIARelevantFunction Score (70)**: The function `gk20a_init_error_notifier` interacts with a DMA buffer through the `dma_buf_get` and `dma_buf_put` functions, which are relevant for managing share...",[struct nvgpu_set_error_notifier; struct nvgpu_notification],[args->mem; priv->error_notifier.notification; priv->error_notifier.vaddr]
51,nvmap_ioctl_free,dma_operations,Relevant_KD_Entry_Point,80,**AIARelevantFunction Score (0)**: The function `nvmap_ioctl_free` does not directly interact with an AI Accelerator (AIA) or manage shared memory (SMem) in a way that would qualify it as an AIA re...,[struct nvmap_client; struct dma_buf],[file descriptor (fd); dma_buf]
52,user_copy:nvmap_ioctl_get_available_heaps,user_copy_operations,Relevant_KD_Entry_Point,80,**AIARelevantFunction Score (0)**: The function `nvmap_ioctl_get_available_heaps` does not directly interact with an AI Accelerator (AIA) or manage shared memory (SMem) in a way that is typical for...,[struct nvmap_available_heaps],[None identified]
53,user_copy:nvgpu_gpu_get_engine_info,user_copy_operations,Relevant_KD_Entry_Point,80,**AIARelevantFunction Score (0)**: The function `nvgpu_gpu_get_engine_info` does not involve any direct interaction with an AI Accelerator (AIA) or shared memory management patterns typically assoc...,[struct nvgpu_gpu_get_engine_info_args; struct nvgpu_gpu_get_engine_info_item],[engine_info_buf_addr; engine_id; runlist_id]
54,user_copy:nvgpu_gpu_clk_get_range,user_copy_operations,Relevant_KD_Entry_Point,80,**AIARelevantFunction Score (0)**: The function `nvgpu_gpu_clk_get_range` does not interact with an AI Accelerator (AIA) or manage shared memory directly. It primarily deals with clock range retrie...,[struct nvgpu_gpu_clk_range; struct nvgpu_gpu_clk_range_args],[clk_range_entries]
55,user_copy:nvgpu_gpu_clk_get_info,user_copy_operations,Relevant_KD_Entry_Point,80,**AIARelevantFunction Score (0)**: The function `nvgpu_gpu_clk_get_info` does not interact with an AI Accelerator (AIA) or manage shared memory between the CPU and AIA. It primarily deals with GPU ...,[nvgpu_gpu_clk_get_info_args; nvgpu_gpu_clk_info],[clk_info_entries; clk_domain; freq_hz]
56,gk20a_power_open,ioctl_operations,Relevant_KD_Entry_Point,80,**AIARelevantFunction Score (0)**: The function `gk20a_power_open` does not involve any operations related to shared memory (SMem) with an AI Accelerator (AIA). It primarily focuses on opening a de...,None,None
57,nvgpu_ctrl_ioctl_gpu_characteristics_flags,ioctl_operations,Relevant_KD_Entry_Point,80,**AIARelevantFunction Score (0%)**: The function `nvgpu_ctrl_ioctl_gpu_characteristics_flags` does not interact with shared memory or perform operations that would typically be associated with AI A...,None,None
58,gk20a_as_ioctl_get_va_regions,ioctl_operations,Relevant_KD_Entry_Point,80,"**AIARelevantFunction Score (60)**: The function `gk20a_as_ioctl_get_va_regions` is involved in managing virtual address regions for the GPU, which is relevant for AI Accelerator integration. It do...",[struct nvgpu_as_get_va_regions_args; struct nvgpu_as_va_region],[buf_addr; buf_size; offset; page_size; pages]
59,nvmap_ioctl_alloc,ioctl_operations,Relevant_KD_Entry_Point,80,**AIARelevantFunction Score (0)**: The function `nvmap_ioctl_alloc` does not directly interact with an AI Accelerator (AIA) or shared memory (SMem) management for an AIA. It primarily focuses on al...,[struct nvmap_alloc_handle],[handle; heap_mask; flags; align]
60,nvmap_ioctl_free,ioctl_operations,Relevant_KD_Entry_Point,80,**AIARelevantFunction Score (0)**: The function `nvmap_ioctl_free` does not directly interact with an AI Accelerator (AIA) or shared memory management relevant to AIA operations. It primarily deals...,[None identified],[None identified]
61,nvmap_handle_get_from_id,dma_operations,Relevant_KD_Entry_Point,70,"**AIARelevantFunction Score (60)**: The function `nvmap_handle_get_from_id` interacts with DMA buffers, which are crucial for memory management in AI Accelerator contexts. It retrieves a `dma_buf` ...",[struct nvmap_handle_info; struct dma_buf],[dma_buf*; nvmap_handle*; nvmap_client*]
62,nvmap_handle_get_from_id,dma_operations,Relevant_KD_Entry_Point,70,"**AIARelevantFunction Score (60)**: The function `nvmap_handle_get_from_id` interacts with DMA buffers through the `dma_buf` structure, which is relevant for AI Accelerator integration. It retrieve...",[nvmap_handle_info; dma_buf],[dma_buf*; nvmap_handle*; nvmap_client*]
63,nvgpu_vm_map_buffer,dma_operations,Relevant_KD_Entry_Point,70,"**AIARelevantFunction Score (80)**: The function `nvgpu_vm_map_buffer` is involved in mapping a DMA buffer to a virtual address space, which is critical for enabling the AI Accelerator (AIA) to acc...",[vm_gk20a_mapping_batch],[dma_buf; buffer_offset; mapping_size; map_addr]
64,nvgpu_vm_map_buffer,dma_operations,Relevant_KD_Entry_Point,70,"**AIARelevantFunction Score (80)**: The function `nvgpu_vm_map_buffer` is involved in mapping a DMA buffer to a virtual address space, which is critical for enabling the AI Accelerator (AIA) to acc...",[vm_gk20a_mapping_batch],[buffer_offset; mapping_size; *map_addr; dmabuf_fd]
65,nvgpu_vm_map_buffer,dma_operations,Relevant_KD_Entry_Point,70,"**AIARelevantFunction Score (80)**: The function `nvgpu_vm_map_buffer` is involved in mapping a DMA buffer to a virtual address space, which is critical for enabling an AI Accelerator (AIA) to acce...",[vm_gk20a_mapping_batch],[buffer_offset; mapping_size; *map_addr; dmabuf->size]
66,nvgpu_mm_pin,dma_operations,Relevant_KD_Entry_Point,70,"**AIARelevantFunction Score (90)**: The function `nvgpu_mm_pin` is highly relevant to the integration of an AI Accelerator (AIA) as it deals with pinning a DMA buffer (`dma_buf`) to memory, which i...",[struct dma_buf; struct dma_buf_attachment; struct sg_table],[dma_address; phys_addr; user virtual address; file descriptor]
67,drivers/gpu/nvgpu/os/linux/linux-dma.c:nvgpu_dma_alloc_flags_sys,functions_by_file,Relevant_KD_Entry_Point,60,"**AIARelevantFunction Score (80)**: The function `nvgpu_dma_alloc_flags_sys` is responsible for allocating DMA memory, which is crucial for enabling communication between the CPU and the AI Acceler...",[nvgpu_mem; sg_table],[gpu_va; cpu_va; size; aligned_size; dma_addr]
68,drivers/video/tegra/nvmap/nvmap_dmabuf.c:_nvmap_dmabuf_map_dma_buf,functions_by_file,Relevant_KD_Entry_Point,60,"**AIARelevantFunction Score (80)**: The function `_nvmap_dmabuf_map_dma_buf` is involved in mapping a DMA buffer for use with a device, which is critical for AI Accelerator integration. It utilizes...",struct dma_buf_attachment; struct nvmap_handle_info; struct sg_table,dma_buf*; device*; sg_table*; nvmap_handle*
69,drivers/video/tegra/nvmap/nvmap_dmabuf.c:nvmap_dmabuf_mmap,functions_by_file,Relevant_KD_Entry_Point,60,"**AIARelevantFunction Score (70)**: The function `nvmap_dmabuf_mmap` is involved in mapping a DMA buffer to a virtual memory area, which is relevant for AI Accelerator integration as it may involve...",None,handle (from nvmap_handle_info); size (from dma_buf)
70,drivers/video/tegra/nvmap/nvmap_alloc.c:alloc_handle_from_va,functions_by_file,Relevant_KD_Entry_Point,60,"**AIARelevantFunction Score (80)**: The function `alloc_handle_from_va` is responsible for allocating a handle from a virtual address, which involves managing memory pages that may be shared with a...",None,vaddr; size; flags
71,nvmap_handle_get_from_id,dma_operations,Relevant_KD_Entry_Point,60,"**AIARelevantFunction Score (70)**: The function `nvmap_handle_get_from_id` interacts with DMA buffers through the `dma_buf` structure, which is crucial for memory management in AI Accelerator cont...",[struct nvmap_handle_info; struct nvmap_handle; struct dma_buf],[dma_buf; nvmap_handle; nvmap_client; size; flags; vaddr]
72,nvgpu_vm_map_buffer,dma_operations,Relevant_KD_Entry_Point,60,"**AIARelevantFunction Score (80)**: The function `nvgpu_vm_map_buffer` is involved in mapping a DMA buffer to a virtual address space, which is critical for enabling the AI Accelerator (AIA) to acc...",[vm_gk20a_mapping_batch],[buffer_offset; mapping_size; *map_addr; dmabuf_fd]
73,nvgpu_vm_map_buffer,dma_operations,Relevant_KD_Entry_Point,60,"**AIARelevantFunction Score (80)**: The function `nvgpu_vm_map_buffer` is involved in mapping a DMA buffer to a virtual memory space, which is critical for enabling access to shared memory between ...",[vm_gk20a_mapping_batch],[dma_buf; buffer_offset; mapping_size; *map_addr]
74,nvgpu_vm_map_buffer,dma_operations,Relevant_KD_Entry_Point,60,"**AIARelevantFunction Score (80)**: The function `nvgpu_vm_map_buffer` is involved in mapping a DMA buffer to a virtual address space, which is crucial for enabling the AI Accelerator (AIA) to acce...",[vm_gk20a_mapping_batch],[buffer_offset; mapping_size; dmabuf->size; *map_addr]
75,nvgpu_vm_map_buffer,dma_operations,Relevant_KD_Entry_Point,60,"**AIARelevantFunction Score (80)**: The function `nvgpu_vm_map_buffer` is involved in mapping a DMA buffer to a virtual memory address space, which is critical for enabling access to shared memory ...",[vm_gk20a_mapping_batch],[dma_buf; buffer_offset; mapping_size; *map_addr]
76,nvmap_handle_get_from_id,dma_operations,Relevant_KD_Entry_Point,40,"**AIARelevantFunction Score (60)**: The function `nvmap_handle_get_from_id` interacts with DMA buffers, which are crucial for memory management in AI Accelerator contexts. It retrieves a DMA buffer...",[struct nvmap_handle_info; struct nvmap_handle; struct dma_buf],[dma_buf; nvmap_handle; nvmap_client; size; flags; vaddr]
77,drivers/gpu/nvgpu/os/linux/linux-dma.c:nvgpu_iommuable,functions_by_file,Relevant_KD_Entry_Point,0,**AIARelevantFunction Score (0%)**: The function `nvgpu_iommuable` does not interact with shared memory or perform any operations related to AI Accelerator (AIA) memory management. It checks if a d...,None,None
78,drivers/gpu/nvgpu/os/linux/linux-dma.c:nvgpu_dma_free_sys,functions_by_file,Relevant_KD_Entry_Point,0,**AIARelevantFunction**: The function `nvgpu_dma_free_sys` is primarily focused on freeing DMA memory allocated for the GPU. It does not involve any operations that directly relate to sharing memor...,None,None
79,drivers/gpu/nvgpu/os/linux/linux-dma.c:nvgpu_dma_free_no_iommu,functions_by_file,Relevant_KD_Entry_Point,0,**AIARelevantFunction Score (0)**: The function `nvgpu_dma_free_no_iommu` is primarily focused on freeing DMA memory allocated without IOMMU support. It does not involve any operations related to s...,None,None
80,drivers/gpu/nvgpu/os/linux/linux-dma.c:nvgpu_free_sgtable,functions_by_file,Relevant_KD_Entry_Point,0,**AIARelevantFunction Score (0%)**: The function `nvgpu_free_sgtable` does not involve any operations that directly relate to sharing memory with an AI Accelerator (AIA). It primarily focuses on fr...,None,None
81,drivers/gpu/nvgpu/os/linux/linux-dma.c:nvgpu_dma_flags_to_attrs,functions_by_file,Relevant_KD_Entry_Point,0,**AIARelevantFunction Score (0%)**: The function `nvgpu_dma_flags_to_attrs` does not interact with shared memory or AI Accelerator (AIA) specific operations. It primarily translates DMA flags into ...,None,None
82,drivers/gpu/nvgpu/os/linux/linux-dma.c:nvgpu_dma_alloc_no_iommu,functions_by_file,Relevant_KD_Entry_Point,0,"**AIARelevantFunction (70%)**: The function `nvgpu_dma_alloc_no_iommu` is involved in memory allocation that could be relevant for an AI Accelerator (AIA) context, particularly in scenarios where D...",None,None
83,drivers/gpu/nvgpu/os/linux/linux-dma.c:nvgpu_get_sgtable_from_pages,functions_by_file,Relevant_KD_Entry_Point,0,**AIARelevantFunction Score (70%)**: The function `nvgpu_get_sgtable_from_pages` is involved in memory management that is relevant for AI Accelerator integration. It allocates a scatter-gather tabl...,None,None
84,drivers/gpu/nvgpu/os/linux/platform_gk20a_tegra.c:gk20a_tegra_idle,functions_by_file,Relevant_KD_Entry_Point,0,**AIARelevantFunction Score (0%)**: The function `gk20a_tegra_idle` does not involve any operations related to shared memory (SMem) with an AI Accelerator (AIA). It primarily handles device idle st...,None,None
85,drivers/gpu/nvgpu/os/linux/platform_gk20a_tegra.c:gk20a_tegra_busy,functions_by_file,Relevant_KD_Entry_Point,0,**AIARelevantFunction Score (0%)**: The function `gk20a_tegra_busy` does not involve any operations related to shared memory management or interactions with an AI Accelerator (AIA). It primarily ch...,None,None
86,drivers/video/tegra/nvmap/nvmap_dmabuf.c:dmabuf_is_nvmap,functions_by_file,Relevant_KD_Entry_Point,0,**AIARelevantFunction Score (0)**: The function `dmabuf_is_nvmap` does not involve any operations related to shared memory management or interactions with an AI Accelerator (AIA). It simply checks ...,None,None
87,drivers/video/tegra/nvmap/nvmap_dmabuf.c:nvmap_get_dmabuf_fd,functions_by_file,Relevant_KD_Entry_Point,0,**AIARelevantFunction Score (0%)**: The function `nvmap_get_dmabuf_fd` does not directly involve sharing memory with an AI Accelerator (AIA). It primarily deals with obtaining a file descriptor for...,None,None
88,drivers/video/tegra/nvmap/nvmap_dmabuf.c:nvmap_dmabuf_attach,functions_by_file,Relevant_KD_Entry_Point,0,**AIARelevantFunction Score (0%)**: The function `nvmap_dmabuf_attach` does not directly involve any operations related to sharing memory with an AI Accelerator (AIA). It simply calls another funct...,None,None
89,drivers/video/tegra/nvmap/nvmap_dmabuf.c:nvmap_dmabuf_vmap,functions_by_file,Relevant_KD_Entry_Point,0,**AIARelevantFunction Score (0)**: The function `nvmap_dmabuf_vmap` does not interact with an AI Accelerator (AIA) or shared memory (SMem) directly. It primarily deals with a `dma_buf` structure an...,None,None
90,drivers/video/tegra/nvmap/nvmap_dmabuf.c:_nvmap_dmabuf_unmap_dma_buf,functions_by_file,Relevant_KD_Entry_Point,0,**AIARelevantFunction Score (20)**: The function `_nvmap_dmabuf_unmap_dma_buf` is primarily focused on unmapping a DMA buffer from a device. While it does interact with DMA buffers and may indirect...,None,None
91,drivers/video/tegra/nvmap/nvmap_dmabuf.c:nvmap_dmabuf_get_drv_data,functions_by_file,Relevant_KD_Entry_Point,0,**AIARelevantFunction Score (0%)**: The function `nvmap_dmabuf_get_drv_data` does not interact with an AI Accelerator (AIA) or shared memory management that would typically involve functions like `...,None,None
92,drivers/video/tegra/nvmap/nvmap_dmabuf.c:nvmap_dmabuf_detach,functions_by_file,Relevant_KD_Entry_Point,0,**AIARelevantFunction Score (0%)**: The function `nvmap_dmabuf_detach` does not involve any operations related to sharing memory with an AI Accelerator (AIA). It primarily deals with detaching a DM...,None,None
93,drivers/video/tegra/nvmap/nvmap_dmabuf.c:nvmap_dmabuf_release,functions_by_file,Relevant_KD_Entry_Point,0,**AIARelevantFunction Score (0%)**: The function `nvmap_dmabuf_release` does not involve any operations related to sharing memory with an AI Accelerator (AIA). It primarily deals with releasing a D...,None,None
94,drivers/video/tegra/nvmap/nvmap_dmabuf.c:nvmap_dmabuf_vunmap,functions_by_file,Relevant_KD_Entry_Point,0,**AIARelevantFunction Score (0)**: The function `nvmap_dmabuf_vunmap` does not involve any operations that directly relate to sharing memory with an AI Accelerator (AIA). It primarily deals with un...,None,None
95,drivers/video/tegra/nvmap/nvmap_alloc.c:nvmap_alloc_handle,functions_by_file,Relevant_KD_Entry_Point,0,**AIARelevantFunction Score (0)**: The function `nvmap_alloc_handle` does not involve any operations related to sharing memory with an AI Accelerator (AIA). It primarily focuses on allocating a han...,None,None
96,drivers/video/tegra/nvmap/nvmap_alloc.c:alloc_handle,functions_by_file,Relevant_KD_Entry_Point,0,**AIARelevantFunction Score (0%)**: The function `alloc_handle` does not directly involve any operations related to sharing memory with an AI Accelerator (AIA). It primarily focuses on allocating m...,None,None
97,drivers/video/tegra/nvmap/nvmap_alloc.c:handle_page_alloc,functions_by_file,Relevant_KD_Entry_Point,0,**AIARelevantFunction Score (80)**: The function `handle_page_alloc` is primarily responsible for allocating memory pages for a given `nvmap_handle`. It utilizes various memory allocation strategie...,[struct nvmap_handle; struct nvmap_client],[vaddr; size; orig_size; dma_buf; dma_buf_ro]
98,drivers/video/tegra/nvmap/nvmap_alloc.c:nvmap_altalloc,functions_by_file,Relevant_KD_Entry_Point,0,**AIARelevantFunction Score (0)**: The function `nvmap_altalloc` does not interact with any AI Accelerator (AIA) relevant operations. It is primarily focused on memory allocation using `vzalloc` an...,None,None
99,drivers/video/tegra/nvmap/nvmap_alloc.c:nvmap_alloc_pages_exact,functions_by_file,Relevant_KD_Entry_Point,0,"**AIARelevantFunction Score (0)**: The function `nvmap_alloc_pages_exact` is primarily focused on memory allocation using the `alloc_pages` function, which is part of the Linux kernel's memory mana...",None,None
100,drivers/video/tegra/nvmap/nvmap_alloc.c:is_nvmap_id_ro,functions_by_file,Relevant_KD_Entry_Point,0,**AIARelevantFunction Score (0%)**: The function `is_nvmap_id_ro` does not interact with an AI Accelerator (AIA) or shared memory (SMem) directly. It primarily deals with checking if a given NVMAP ...,None,None
101,drivers/video/tegra/nvmap/nvmap_alloc.c:nvmap_altfree,functions_by_file,Relevant_KD_Entry_Point,0,**AIARelevantFunction Score (0)**: The function `nvmap_altfree` does not interact with any AI Accelerator (AIA) relevant operations. It is primarily focused on freeing memory based on the size of t...,None,None
102,drivers/video/tegra/nvmap/nvmap_alloc.c:nvmap_alloc_handle_from_va,functions_by_file,Relevant_KD_Entry_Point,0,**AIARelevantFunction Score (0)**: The function `nvmap_alloc_handle_from_va` does not directly interact with an AI Accelerator (AIA) or shared memory management patterns that are typical for AIA in...,None,None
103,drivers/video/tegra/nvmap/nvmap_alloc.c:nvmap_free_handle_from_fd,functions_by_file,Relevant_KD_Entry_Point,0,**AIARelevantFunction Score (0%)**: The function `nvmap_free_handle_from_fd` does not interact with an AI Accelerator (AIA) or shared memory management relevant to AIA. It primarily deals with free...,None,None
104,drivers/video/tegra/nvmap/nvmap_alloc.c:nvmap_free_handle,functions_by_file,Relevant_KD_Entry_Point,0,**AIARelevantFunction Score (0%)**: The function `nvmap_free_handle` does not interact with an AI Accelerator (AIA) or shared memory management relevant to AIA operations. It primarily deals with f...,None,None
105,drivers/video/tegra/nvmap/nvmap_alloc.c:_nvmap_handle_free,functions_by_file,Relevant_KD_Entry_Point,0,**AIARelevantFunction Score (0%)**: The function `_nvmap_handle_free` does not interact with an AI Accelerator (AIA) or shared memory (SMem) directly. It primarily deals with freeing resources asso...,None,None
106,drivers/video/tegra/nvmap/nvmap_alloc.c:nvmap_heap_pgfree,functions_by_file,Relevant_KD_Entry_Point,0,**AIARelevantFunction Score (0)**: The function `nvmap_heap_pgfree` does not involve any operations related to sharing memory with an AI Accelerator (AIA). It primarily deals with freeing DMA memor...,None,None
107,drivers/video/tegra/nvmap/nvmap_alloc.c:nvmap_heap_pgalloc_dev,functions_by_file,Relevant_KD_Entry_Point,0,**AIARelevantFunction Score (0)**: The function `nvmap_heap_pgalloc_dev` does not involve any operations related to shared memory (SMem) with an AI Accelerator (AIA). It primarily focuses on alloca...,None,None
108,nvgpu_dma_free_sys,dma_operations,Relevant_KD_Entry_Point,0,**AIARelevantFunction Score (0%)**: The function `nvgpu_dma_free_sys` is primarily focused on freeing DMA memory and does not involve any operations related to sharing memory with an AI Accelerator...,None,None
109,__dma_buf_export,dma_operations,Relevant_KD_Entry_Point,0,"**AIARelevantFunction Score (80)**: The function `__dma_buf_export` is involved in exporting a DMA buffer, which is a critical operation for sharing memory with an AI Accelerator (AIA). It utilizes...",[struct dma_buf_export_info; struct nvmap_handle_info],[phys_addr_t; dma_buf*; nvmap_handle*; size_t]
110,is_nvmap_id_ro,dma_operations,Relevant_KD_Entry_Point,0,**AIARelevantFunction Score (0%)**: The function `is_nvmap_id_ro` does not involve any operations related to shared memory (SMem) with an AI Accelerator (AIA). It primarily deals with checking if a...,None,None
111,nvmap_get_dmabuf_fd,dma_operations,Relevant_KD_Entry_Point,0,**AIARelevantFunction Score (0%)**: The function `nvmap_get_dmabuf_fd` does not directly involve operations that share memory with an AI Accelerator (AIA). It primarily deals with exporting a DMA b...,None,None
112,nvgpu_mm_pin,dma_operations,Relevant_KD_Entry_Point,0,"**AIARelevantFunction Score (80)**: The function `nvgpu_mm_pin` is involved in managing DMA buffers, which is crucial for AI Accelerator integration. It uses `dma_buf_attach` and `dma_buf_map_attac...",[struct dma_buf; struct dma_buf_attachment],[size; file; attachments; dma_buf; device; sg_table; direction]
113,nvgpu_mm_pin,dma_operations,Relevant_KD_Entry_Point,0,"**AIARelevantFunction Score (80)**: The function `nvgpu_mm_pin` is involved in memory management for DMA buffers, which is critical for AI Accelerator integration. It uses `dma_buf_attach` and `dma...",[struct dma_buf; struct dma_buf_attachment],[size (from struct dma_buf); file (from struct dma_buf); sg_table (from struct dma_buf_attachment)]
114,gk20a_channel_free_error_notifiers,dma_operations,Relevant_KD_Entry_Point,0,**AIARelevantFunction Score (0)**: The function `gk20a_channel_free_error_notifiers` does not involve any operations related to sharing memory with an AI Accelerator (AIA). It primarily focuses on ...,None,None
115,gk20a_init_error_notifier,dma_operations,Relevant_KD_Entry_Point,0,**AIARelevantFunction Score (0)**: The function `gk20a_init_error_notifier` does not directly interact with an AI Accelerator (AIA) or manage shared memory between the CPU and AIA. It primarily dea...,[struct nvgpu_set_error_notifier; struct nvgpu_notification],[mem (memory handle); notification (pointer to nvgpu_notification)]
116,nvgpu_mm_unpin,dma_operations,Relevant_KD_Entry_Point,0,**AIARelevantFunction Score (0%)**: The function `nvgpu_mm_unpin` does not involve any operations that directly relate to sharing memory with an AI Accelerator (AIA). It primarily deals with unmapp...,None,None
117,nvgpu_mm_unpin,dma_operations,Relevant_KD_Entry_Point,0,**AIARelevantFunction Score (0)**: The function `nvgpu_mm_unpin` does not involve any operations related to sharing memory with an AI Accelerator (AIA). It primarily deals with unmapping and detach...,None,None
118,nvgpu_vm_unmap_system,dma_operations,Relevant_KD_Entry_Point,0,**AIARelevantFunction Score (0%)**: The function `nvgpu_vm_unmap_system` does not involve any operations that directly relate to sharing memory with an AI Accelerator (AIA). It primarily deals with...,None,None
119,nvmap_free_handle,dma_operations,Relevant_KD_Entry_Point,0,**AIARelevantFunction Score (0)**: The function `nvmap_free_handle` does not interact with an AI Accelerator (AIA) or shared memory (SMem) directly. It primarily deals with freeing a handle associa...,None,None
120,nvmap_free_handle,dma_operations,Relevant_KD_Entry_Point,0,**AIARelevantFunction Score (0%)**: The function `nvmap_free_handle` does not interact with an AI Accelerator (AIA) or shared memory (SMem) directly. It primarily deals with freeing a handle associ...,None,None
121,destroy_client,dma_operations,Relevant_KD_Entry_Point,0,"**AIARelevantFunction Score (0%)**: The function `destroy_client` does not interact with any AI Accelerator (AIA) relevant operations. It primarily deals with the destruction of a client object, ma...",None,None
122,destroy_client,dma_operations,Relevant_KD_Entry_Point,0,"**AIARelevantFunction Score (0%)**: The function `destroy_client` does not interact with any AI Accelerator (AIA) relevant operations such as memory mapping, DMA address handling, or shared memory ...",None,None
123,nvgpu_os_channel_free_usermode_buffers,dma_operations,Relevant_KD_Entry_Point,0,**AIARelevantFunction Score (0%)**: The function `nvgpu_os_channel_free_usermode_buffers` does not involve any operations that directly relate to sharing memory with an AI Accelerator (AIA). It pri...,None,None
124,nvgpu_os_channel_free_usermode_buffers,dma_operations,Relevant_KD_Entry_Point,0,**AIARelevantFunction Score (70)**: The function `nvgpu_os_channel_free_usermode_buffers` is involved in managing user-mode buffers associated with a GPU channel. It interacts with DMA buffers thro...,[nvgpu_usermode_buf_linux; gpfifo_desc],[dma_buf; attachment; sgt; userd_iova; userd_mem]
125,user_copy:nvgpu_channel_copy_user_gpfifo,user_copy_operations,Relevant_KD_Entry_Point,0,**AIARelevantFunction Score (0)**: The function `nvgpu_channel_copy_user_gpfifo` does not directly interact with an AI Accelerator (AIA) or perform operations that would typically be associated wit...,[struct nvgpu_gpfifo_userdata],[entries]
126,user_copy:gk20a_ctrl_get_tpc_masks,user_copy_operations,Relevant_KD_Entry_Point,0,**AIARelevantFunction Score (0%)**: The function `gk20a_ctrl_get_tpc_masks` does not interact with an AI Accelerator (AIA) directly. It primarily handles user space requests to copy TPC (Texture Pr...,[struct nvgpu_gpu_get_tpc_masks_args],[mask_buf_addr]
127,user_copy:gk20a_ctrl_get_fbp_l2_masks,user_copy_operations,Relevant_KD_Entry_Point,0,**AIARelevantFunction Score (0%)**: The function `gk20a_ctrl_get_fbp_l2_masks` does not interact with an AI Accelerator (AIA) or shared memory in a way that would qualify it as an AIA relevant func...,[struct nvgpu_gpu_get_fbp_l2_masks_args],[mask_buf_addr]
128,user_copy:gk20a_ctrl_vsm_mapping,user_copy_operations,Relevant_KD_Entry_Point,0,**AIARelevantFunction Score (0)**: The function `gk20a_ctrl_vsm_mapping` does not interact with an AI Accelerator (AIA) directly. It primarily focuses on configuring and mapping virtual streaming m...,[struct nvgpu_gpu_vsms_mapping; struct nvgpu_gpu_vsms_mapping_entry],[vsms_map_buf_addr]
129,user_copy:nvmap_install_fd,user_copy_operations,Relevant_KD_Entry_Point,0,**AIARelevantFunction Score (0)**: The function `nvmap_install_fd` does not directly interact with an AI Accelerator (AIA) or perform operations that would typically be associated with AIA memory m...,[struct nvmap_handle_info; struct nvmap_handle; struct dma_buf],[fd; dma_buf->file; dma_buf->priv]
130,gk20a_dbg_gpu_dev_release,ioctl_operations,Relevant_KD_Entry_Point,0,**AIARelevantFunction Score (0%)**: The function `gk20a_dbg_gpu_dev_release` does not interact with an AI Accelerator (AIA) or shared memory management relevant to AIA operations. It primarily focu...,None,None
131,gk20a_ctrl_dev_release,ioctl_operations,Relevant_KD_Entry_Point,0,**AIARelevantFunction Score (0%)**: The function `gk20a_ctrl_dev_release` does not involve any operations related to sharing memory with an AI Accelerator (AIA). It primarily handles the release of...,None,None
132,nvmap_open,ioctl_operations,Relevant_KD_Entry_Point,0,**AIARelevantFunction Score (0)**: The `nvmap_open` function does not involve any operations related to shared memory management or interactions with an AI Accelerator (AIA). It primarily handles t...,None,None
133,gk20a_power_release,ioctl_operations,Relevant_KD_Entry_Point,0,**AIARelevantFunction Score (0%)**: The function `gk20a_power_release` does not involve any operations related to shared memory (SMem) with an AI Accelerator (AIA). It primarily deals with releasin...,None,None
134,gk20a_ctrl_dev_open,ioctl_operations,Relevant_KD_Entry_Point,0,**AIARelevantFunction Score (0%)**: The function `gk20a_ctrl_dev_open` does not perform any operations related to shared memory management or direct interactions with an AI Accelerator (AIA). It pr...,None,None
135,nvgpu_get_ioctl_graphics_preempt_mode_flags,ioctl_operations,Relevant_KD_Entry_Point,0,**AIARelevantFunction Score (0%)**: The function `nvgpu_get_ioctl_graphics_preempt_mode_flags` does not involve any operations related to shared memory (SMem) with an AI Accelerator (AIA). It simpl...,None,None
136,nvgpu_get_ioctl_compute_preempt_mode_flags,ioctl_operations,Relevant_KD_Entry_Point,0,**AIARelevantFunction Score (0)**: The function `nvgpu_get_ioctl_compute_preempt_mode_flags` does not interact with shared memory or perform any operations that would typically be associated with A...,None,None
137,nvgpu_get_ioctl_graphics_preempt_mode,ioctl_operations,Relevant_KD_Entry_Point,0,**AIARelevantFunction Score (0)**: The function `nvgpu_get_ioctl_graphics_preempt_mode` does not involve any operations related to shared memory management or interactions with an AI Accelerator (A...,None,None
138,nvgpu_get_ioctl_compute_preempt_mode,ioctl_operations,Relevant_KD_Entry_Point,0,**AIARelevantFunction Score (0)**: The function `nvgpu_get_ioctl_compute_preempt_mode` does not involve any operations related to shared memory (SMem) with an AI Accelerator (AIA). It simply transl...,None,None
139,nvgpu_ioctl_channel_alloc_obj_ctx,ioctl_operations,Relevant_KD_Entry_Point,0,**AIARelevantFunction Score (0%)**: The function `nvgpu_ioctl_channel_alloc_obj_ctx` does not interact with any AI Accelerator (AIA) specific memory management or DMA operations. It primarily calls...,None,None
140,gk20a_as_ioctl_unmap_buffer,ioctl_operations,Relevant_KD_Entry_Point,0,**AIARelevantFunction Score (0%)**: The function `gk20a_as_ioctl_unmap_buffer` does not involve any operations that directly relate to sharing memory with an AI Accelerator (AIA). It primarily focu...,None,None
141,nvmap_release,ioctl_operations,Relevant_KD_Entry_Point,0,**AIARelevantFunction Score (0%)**: The `nvmap_release` function does not involve any operations related to shared memory (SMem) with an AI Accelerator (AIA). It primarily handles the release of a ...,None,None
142,gk20a_event_id_release,ioctl_operations,Relevant_KD_Entry_Point,0,**AIARelevantFunction**: The function `gk20a_event_id_release` does not interact with shared memory or AI Accelerator (AIA) specific operations. It primarily deals with releasing an event ID associ...,None,None
143,gk20a_channel_release,ioctl_operations,Relevant_KD_Entry_Point,0,"**AIARelevantFunction**: The function `gk20a_channel_release` does not interact with shared memory or AI Accelerator (AIA) specific operations. It primarily deals with releasing a channel, cleaning...",None,None
144,nvgpu_ioctl_tsg_dev_release,ioctl_operations,Relevant_KD_Entry_Point,0,**AIARelevantFunction Score (0%)**: The function `nvgpu_ioctl_tsg_dev_release` does not involve any operations related to sharing memory with an AI Accelerator (AIA). It primarily deals with releas...,None,None
145,nvgpu_ioctl_tsg_release,ioctl_operations,Relevant_KD_Entry_Point,0,**AIARelevantFunction Score (0)**: The function `nvgpu_ioctl_tsg_release` does not involve any operations related to sharing memory with an AI Accelerator (AIA). It primarily deals with releasing a...,None,None
146,gk20a_as_dev_release,ioctl_operations,Relevant_KD_Entry_Point,0,**AIARelevantFunction Score (0)**: The function `gk20a_as_dev_release` does not involve any operations related to shared memory management or interactions with an AI Accelerator (AIA). It primarily...,None,None
1,nvmap_ioctl_getfd,dma_operations,Message_Structure_Handling,100,**AIARelevantFunction Score (0)**: The function `nvmap_ioctl_getfd` does not directly interact with an AI Accelerator (AIA) or shared memory management patterns typically associated with AIA integr...,[nvmap_create_handle],[fd; handle]
2,gk20a_init_error_notifier,dma_operations,Message_Structure_Handling,100,**AIARelevantFunction Score (0)**: The function `gk20a_init_error_notifier` does not directly involve sharing memory with an AI Accelerator (AIA). It primarily deals with initializing an error noti...,[struct nvgpu_set_error_notifier; struct nvgpu_notification],[args->mem; priv->error_notifier.dmabuf]
3,user_copy:nvgpu_channel_copy_user_gpfifo,user_copy_operations,Message_Structure_Handling,100,**AIARelevantFunction Score (0)**: The function `nvgpu_channel_copy_user_gpfifo` does not directly interact with an AI Accelerator (AIA) or perform operations that would typically be associated wit...,[struct nvgpu_gpfifo_userdata],[entries]
4,user_copy:gk20a_power_write,user_copy_operations,Message_Structure_Handling,100,**AIARelevantFunction Score (0%)**: The function `gk20a_power_write` does not involve any operations related to shared memory (SMem) with an AI Accelerator (AIA). It primarily handles power managem...,struct file; struct gk20a,None
5,user_copy:gk20a_ctrl_ioctl_gpu_characteristics,user_copy_operations,Message_Structure_Handling,100,**AIARelevantFunction Score (0)**: The function `gk20a_ctrl_ioctl_gpu_characteristics` does not directly involve sharing memory with an AI Accelerator (AIA). It primarily retrieves GPU characterist...,[struct nvgpu_gpu_get_characteristics],[gpu_characteristics_buf_addr; gpu_characteristics_buf_size]
6,user_copy:gk20a_ctrl_get_fbp_l2_masks,user_copy_operations,Message_Structure_Handling,100,**AIARelevantFunction Score (0%)**: The function `gk20a_ctrl_get_fbp_l2_masks` does not interact with an AI Accelerator (AIA) or shared memory in a way that would qualify it as an AIA relevant func...,[struct nvgpu_gpu_get_fbp_l2_masks_args],[mask_buf_addr]
7,user_copy:gk20a_as_ioctl_get_va_regions,user_copy_operations,Message_Structure_Handling,100,"**AIARelevantFunction Score (0%)**: The function `gk20a_as_ioctl_get_va_regions` does not directly interact with an AI Accelerator (AIA) or manage shared memory between the CPU and AIA. Instead, it...",[struct nvgpu_as_get_va_regions_args; struct nvgpu_as_va_region],[buf_addr; buf_size; offset; page_size; pages]
8,user_copy:nvmap_ioctl_query_heap_params,user_copy_operations,Message_Structure_Handling,100,**AIARelevantFunction Score (0)**: The function `nvmap_ioctl_query_heap_params` does not directly interact with an AI Accelerator (AIA) or manage shared memory (SMem) in a way that is typical for A...,[nvmap_query_heap_params],[heap_mask; total; free; largest_free_block]
9,user_copy:nvmap_ioctl_query_heap_params,user_copy_operations,Message_Structure_Handling,100,**AIARelevantFunction Score (0)**: The function `nvmap_ioctl_query_heap_params` does not directly interact with an AI Accelerator (AIA) or perform operations related to shared memory management for...,[struct nvmap_query_heap_params],[heap_mask; total; free; largest_free_block]
10,user_copy:nvgpu_gpu_clk_get_info,user_copy_operations,Message_Structure_Handling,100,"**AIARelevantFunction Score (0)**: The function `nvgpu_gpu_clk_get_info` does not directly interact with an AI Accelerator (AIA) or manage shared memory for an AIA. Instead, it focuses on retrievin...",[nvgpu_gpu_clk_get_info_args; nvgpu_gpu_clk_info],[clk_info_entries]
11,user_copy:nvmap_ioctl_getfd,user_copy_operations,Message_Structure_Handling,100,"**AIARelevantFunction Score (0)**: The function `nvmap_ioctl_getfd` does not directly interact with an AI Accelerator (AIA) or perform operations that are typical for AIA memory management, such as...",[nvmap_create_handle],[fd; handle]
12,nvmap_ioctl_get_available_heaps,ioctl_operations,Message_Structure_Handling,100,**AIARelevantFunction (0%)**: The function `nvmap_ioctl_get_available_heaps` does not involve any operations that directly relate to sharing memory with an AI Accelerator (AIA). It primarily retrie...,[struct nvmap_available_heaps],[None identified]
13,gk20a_ctrl_ioctl_gpu_characteristics,ioctl_operations,Message_Structure_Handling,100,**AIARelevantFunction Score (0%)**: The function `gk20a_ctrl_ioctl_gpu_characteristics` does not interact with an AI Accelerator (AIA) or shared memory (SMem) directly. It primarily retrieves GPU c...,[struct nvgpu_gpu_get_characteristics; struct nvgpu_gpu_characteristics],[gpu_characteristics_buf_addr; gpu_instance_id; gr_instance_id]
14,nvgpu_as_ioctl_get_sync_ro_map,ioctl_operations,Message_Structure_Handling,100,**AIARelevantFunction Score (0%)**: The function `nvgpu_as_ioctl_get_sync_ro_map` does not directly involve operations related to sharing memory with an AI Accelerator (AIA). It primarily retrieves...,[struct nvgpu_as_get_sync_ro_map_args],[base_gpuva; sync_size; num_syncpoints]
15,nvmap_ioctl_query_heap_params,ioctl_operations,Message_Structure_Handling,100,**AIARelevantFunction Score (0)**: The function `nvmap_ioctl_query_heap_params` does not directly interact with an AI Accelerator (AIA) or manage shared memory (SMem) in a way that is typical for A...,[struct nvmap_query_heap_params],[heap_mask; total; free; largest_free_block]
16,nvmap_ioctl_getfd,ioctl_operations,Message_Structure_Handling,100,**AIARelevantFunction Score (0)**: The function `nvmap_ioctl_getfd` does not directly interact with an AI Accelerator (AIA) or perform operations related to shared memory management for an AIA. It ...,[nvmap_create_handle],[fd; handle]
17,nvgpu_ioctl_channel_get_user_syncpoint,ioctl_operations,Message_Structure_Handling,100,**AIARelevantFunction Score (0)**: The function `nvgpu_ioctl_channel_get_user_syncpoint` does not directly interact with an AI Accelerator (AIA) or manage shared memory (SMem) in a way that would b...,[nvgpu_get_user_syncpoint_args],[gpu_va; syncpoint_id; syncpoint_max]
18,nvgpu_gpu_ioctl_set_l2_max_ways_evict_last,ioctl_operations,Message_Structure_Handling,100,**AIARelevantFunction Score (0%)**: The function `nvgpu_gpu_ioctl_set_l2_max_ways_evict_last` does not directly interact with shared memory or memory management patterns that are typical for AI Acc...,struct nvgpu_tsg_l2_max_ways_evict_last_args,None
19,nvgpu_vm_map_buffer,dma_operations,Message_Structure_Handling,90,"**AIARelevantFunction Score (80)**: The function `nvgpu_vm_map_buffer` is involved in mapping a DMA buffer to a virtual address space, which is critical for enabling the AI Accelerator (AIA) to acc...",[vm_gk20a_mapping_batch],[dma_buf; buffer_offset; mapping_size; map_addr]
20,nvgpu_vm_map_buffer,dma_operations,Message_Structure_Handling,90,"**AIARelevantFunction Score (80)**: The function `nvgpu_vm_map_buffer` is involved in mapping a DMA buffer to a virtual address space, which is critical for enabling the AI Accelerator (AIA) to acc...",[vm_gk20a_mapping_batch],[buffer_offset; mapping_size; *map_addr; dmabuf_fd]
21,nvgpu_vm_map_buffer,dma_operations,Message_Structure_Handling,90,"**AIARelevantFunction Score (80)**: The function `nvgpu_vm_map_buffer` is involved in mapping a DMA buffer to a virtual address space, which is critical for enabling an AI Accelerator (AIA) to acce...",[vm_gk20a_mapping_batch],[buffer_offset; mapping_size; *map_addr; dmabuf->size]
22,gk20a_init_error_notifier,dma_operations,Message_Structure_Handling,90,"**AIARelevantFunction Score (70)**: The function `gk20a_init_error_notifier` interacts with a DMA buffer through the `dma_buf_get` and `dma_buf_put` functions, which are relevant for managing share...",[struct nvgpu_set_error_notifier; struct nvgpu_notification],[args->mem; priv->error_notifier.notification; priv->error_notifier.vaddr]
23,user_copy:nvmap_ioctl_get_available_heaps,user_copy_operations,Message_Structure_Handling,90,**AIARelevantFunction Score (0)**: The function `nvmap_ioctl_get_available_heaps` does not directly interact with an AI Accelerator (AIA) or manage shared memory (SMem) in a way that is typical for...,[struct nvmap_available_heaps],[None identified]
24,user_copy:nvgpu_gpu_get_engine_info,user_copy_operations,Message_Structure_Handling,90,**AIARelevantFunction Score (0)**: The function `nvgpu_gpu_get_engine_info` does not involve any direct interaction with an AI Accelerator (AIA) or shared memory management patterns typically assoc...,[struct nvgpu_gpu_get_engine_info_args; struct nvgpu_gpu_get_engine_info_item],[engine_info_buf_addr; engine_id; runlist_id]
25,user_copy:nvgpu_gpu_clk_get_range,user_copy_operations,Message_Structure_Handling,90,**AIARelevantFunction Score (0)**: The function `nvgpu_gpu_clk_get_range` does not interact with an AI Accelerator (AIA) or manage shared memory directly. It primarily deals with clock range retrie...,[struct nvgpu_gpu_clk_range; struct nvgpu_gpu_clk_range_args],[clk_range_entries]
26,user_copy:nvgpu_gpu_clk_get_info,user_copy_operations,Message_Structure_Handling,90,**AIARelevantFunction Score (0)**: The function `nvgpu_gpu_clk_get_info` does not interact with an AI Accelerator (AIA) or manage shared memory between the CPU and AIA. It primarily deals with GPU ...,[nvgpu_gpu_clk_get_info_args; nvgpu_gpu_clk_info],[clk_info_entries; clk_domain; freq_hz]
27,gk20a_as_ioctl_get_va_regions,ioctl_operations,Message_Structure_Handling,90,"**AIARelevantFunction Score (60)**: The function `gk20a_as_ioctl_get_va_regions` is involved in managing virtual address regions for the GPU, which is relevant for AI Accelerator integration. It do...",[struct nvgpu_as_get_va_regions_args; struct nvgpu_as_va_region],[buf_addr; buf_size; offset; page_size; pages]
28,nvmap_ioctl_alloc,ioctl_operations,Message_Structure_Handling,90,**AIARelevantFunction Score (0)**: The function `nvmap_ioctl_alloc` does not directly interact with an AI Accelerator (AIA) or shared memory (SMem) management for an AIA. It primarily focuses on al...,[struct nvmap_alloc_handle],[handle; heap_mask; flags; align]
29,nvgpu_gpu_ioctl_register_buffer,dma_operations,Message_Structure_Handling,85,"**AIARelevantFunction Score (80)**: The function `nvgpu_gpu_ioctl_register_buffer` is involved in managing a DMA buffer, which is critical for sharing memory with an AI Accelerator (AIA). It uses `...",[struct nvgpu_gpu_register_buffer_args],[dmabuf_fd; metadata_addr; metadata_size; flags]
30,nvgpu_gpu_ioctl_register_buffer,dma_operations,Message_Structure_Handling,85,"**AIARelevantFunction Score (80)**: The function `nvgpu_gpu_ioctl_register_buffer` is involved in registering a buffer for use with the GPU, which includes handling a DMA buffer (`dma_buf`). It uti...",[struct nvgpu_gpu_register_buffer_args],[dmabuf_fd; metadata_addr; metadata_size]
31,nvgpu_usermode_buf_from_dmabuf,dma_operations,Message_Structure_Handling,85,"**AIARelevantFunction Score (90)**: The function `nvgpu_usermode_buf_from_dmabuf` is heavily involved in managing DMA buffers, which are critical for sharing memory with an AI Accelerator (AIA). It...",[nvgpu_usermode_buf_linux],[dma_buf; dma_buf_attachment; sg_table]
32,user_copy:gk20a_channel_ioctl,user_copy_operations,Message_Structure_Handling,85,"**AIARelevantFunction Score (80)**: The function `gk20a_channel_ioctl` interacts with various structures that are essential for managing GPU channels, including memory allocation and synchronizatio...",[nvgpu_alloc_obj_ctx_args; nvgpu_channel_setup_bind_args; nvgpu_alloc_gpfifo_ex_args; nvgpu_wait_args; nvgpu_set_error_notifier; nvgpu_get_param_args; nvgpu_set_timeout_args; nvgpu_set_timeout_ex_args; nvgpu_setup_bind_args],[userd_dmabuf_fd; gpfifo_dmabuf_fd; userd_dmabuf_offset; gpfifo_dmabuf_offset; chid; tsgid; obj_id]
33,user_copy:gk20a_channel_ioctl,user_copy_operations,Message_Structure_Handling,85,**AIARelevantFunction Score (70)**: The function `gk20a_channel_ioctl` interacts with various structures that are likely involved in memory management and communication with the AI Accelerator (AIA...,[nvgpu_alloc_obj_ctx_args; nvgpu_channel_setup_bind_args; nvgpu_alloc_gpfifo_ex_args; nvgpu_set_error_notifier; nvgpu_set_timeout_args; nvgpu_set_timeout_ex_args; nvgpu_get_param_args],[userd_dmabuf_fd; gpfifo_dmabuf_fd; userd_dmabuf_offset; gpfifo_dmabuf_offset; obj_id]
34,user_copy:gk20a_ctrl_dev_ioctl,user_copy_operations,Message_Structure_Handling,85,**AIARelevantFunction Score (80)**: The function `gk20a_ctrl_dev_ioctl` interacts with various GPU operations that involve memory management and communication with the AI Accelerator (AIA). It hand...,[nvgpu_gpu_zcull_get_ctx_size_args; nvgpu_gpu_zcull_get_info_args; nvgpu_gpu_zbc_set_table_args; nvgpu_gpu_zbc_query_table_args; nvgpu_gpu_get_characteristics; nvgpu_gpu_prepare_compressible_read_args; nvgpu_gpu_mark_compressible_write_args; nvgpu_alloc_as_args; nvgpu_gpu_open_tsg_args; nvgpu_gpu_get_tpc_masks_args; nvgpu_gpu_get_fbp_l2_masks_args; nvgpu_channel_open_args; nvgpu_gpu_l2_fb_args; nvgpu_gpu_mmu_debug_mode_args; nvgpu_gpu_sm_debug_mode_args],[handle; offset; va_range_start; va_range_end; va_range_split; zbc_color; reserved; reserved2]
35,user_copy:gk20a_ctrl_dev_ioctl,user_copy_operations,Message_Structure_Handling,85,**AIARelevantFunction Score (80)**: The function `gk20a_ctrl_dev_ioctl` is involved in handling various IOCTL commands that interact with the GPU and its resources. It includes operations that can ...,[nvgpu_gpu_zcull_get_ctx_size_args; nvgpu_gpu_zcull_get_info_args; nvgpu_gpu_zbc_set_table_args; nvgpu_gpu_zbc_query_table_args; nvgpu_gpu_get_characteristics; nvgpu_gpu_prepare_compressible_read_args; nvgpu_gpu_mark_compressible_write_args; nvgpu_alloc_as_args; nvgpu_gpu_open_tsg_args; nvgpu_gpu_get_tpc_masks_args; nvgpu_gpu_get_fbp_l2_masks_args; nvgpu_channel_open_args; nvgpu_gpu_l2_fb_args; nvgpu_gpu_mmu_debug_mode_args; nvgpu_gpu_sm_debug_mode_args],[handle; gpu_instance_id; gr_instance_id; va_range_start; va_range_end; va_range_split; syncpt_unit_base; syncpt_unit_size; syncpt_size]
36,user_copy:gk20a_as_dev_ioctl,user_copy_operations,Message_Structure_Handling,85,**AIARelevantFunction Score (80)**: The function `gk20a_as_dev_ioctl` interacts with various memory management operations that are relevant for an AI Accelerator (AIA). It handles commands that inv...,[nvgpu_as_bind_channel_args; nvgpu32_as_alloc_space_args; nvgpu_as_alloc_space_args; nvgpu_as_free_space_args; nvgpu_as_map_buffer_ex_args; nvgpu_as_unmap_buffer_args; nvgpu_as_get_va_regions_args; nvgpu_as_map_buffer_batch_args; nvgpu_as_get_sync_ro_map_args; nvgpu_as_mapping_modify_args; nvgpu_as_remap_args],[channel_fd; pages; page_size; flags; buffer_offset; mapping_size; offset; base_gpuva; sync_size; num_syncpoints]
37,user_copy:gk20a_as_dev_ioctl,user_copy_operations,Message_Structure_Handling,85,**AIARelevantFunction Score (80)**: The function `gk20a_as_dev_ioctl` interacts with various memory management operations that are relevant for an AI Accelerator (AIA). It handles commands that inv...,[struct nvgpu_as_bind_channel_args; struct nvgpu32_as_alloc_space_args; struct nvgpu_as_alloc_space_args; struct nvgpu_as_free_space_args; struct nvgpu_as_map_buffer_ex_args; struct nvgpu_as_unmap_buffer_args; struct nvgpu_as_get_va_regions_args; struct nvgpu_as_map_buffer_batch_args; struct nvgpu_as_get_sync_ro_map_args; struct nvgpu_as_mapping_modify_args; struct nvgpu_as_remap_args],[channel_fd; pages; page_size; flags; buffer_offset; offset; base_gpuva; sync_size; num_syncpoints]
38,user_copy:nvmap_ioctl_create,user_copy_operations,Message_Structure_Handling,85,**AIARelevantFunction Score (80)**: The function `nvmap_ioctl_create` is involved in creating a handle for a shared memory buffer that can be used by an AI Accelerator (AIA). It interacts with the ...,[nvmap_create_handle],[handle; handle64; fd; size; orig_size; vaddr; dma_buf; dma_buf_ro]
39,user_copy:nvmap_ioctl_alloc,user_copy_operations,Message_Structure_Handling,85,"**AIARelevantFunction (80%)**: The function `nvmap_ioctl_alloc` is involved in memory allocation for an AI Accelerator (AIA) context. It utilizes the `nvmap_alloc_handle` structure, which contains ...",[struct nvmap_alloc_handle],[handle; heap_mask; flags; align; size; orig_size; vaddr]
40,user_copy:nvmap_ioctl_create_from_va,user_copy_operations,Message_Structure_Handling,85,"**AIARelevantFunction (80%)**: The function `nvmap_ioctl_create_from_va` is involved in creating a handle from a virtual address, which is a critical operation for managing shared memory between th...",[nvmap_create_handle_from_va],[va; size; flags; handle]
41,user_copy:nvmap_ioctl_create_from_va,user_copy_operations,Message_Structure_Handling,85,"**AIARelevantFunction Score (80)**: The function `nvmap_ioctl_create_from_va` is involved in creating a handle from a virtual address, which is a critical operation for managing shared memory with ...",[struct nvmap_create_handle_from_va],[op.handle; op.va; op.size; op.size64; fd]
42,gk20a_ioctl_channel_submit_gpfifo,ioctl_operations,Message_Structure_Handling,85,"**AIARelevantFunction Score (80)**: The function `gk20a_ioctl_channel_submit_gpfifo` is involved in submitting commands to the GPU via a FIFO mechanism, which is critical for AI Accelerator operati...",[nvgpu_submit_gpfifo_args; nvgpu_channel_fence; nvgpu_user_fence; nvgpu_gpfifo_userdata; nvgpu_gpfifo_entry],[fence.id; fence.value; args.gpfifo; args.num_entries; args.flags; userdata.entries]
43,nvmap_ioctl,ioctl_operations,Message_Structure_Handling,85,**AIARelevantFunction Score (70)**: The function `nvmap_ioctl` is involved in handling various IOCTL commands that can relate to memory management and operations that may involve an AI Accelerator ...,[struct nvmap_rw_handle; struct nvmap_cache_op; struct nvmap_cache_op_32; struct nvmap_cache_op_64],[addr; handle]
44,gk20a_ctrl_dev_ioctl,ioctl_operations,Message_Structure_Handling,85,**AIARelevantFunction Score (80%)**: The function `gk20a_ctrl_dev_ioctl` handles various IOCTL commands that interact with the GPU and its subsystems. It includes operations that can involve memory...,[nvgpu_gpu_zcull_get_ctx_size_args; nvgpu_gpu_zcull_get_info_args; nvgpu_gpu_zbc_set_table_args; nvgpu_gpu_zbc_query_table_args; nvgpu_gpu_get_characteristics; nvgpu_gpu_prepare_compressible_read_args; nvgpu_gpu_mark_compressible_write_args; nvgpu_alloc_as_args; nvgpu_gpu_open_tsg_args; nvgpu_gpu_get_tpc_masks_args; nvgpu_gpu_get_fbp_l2_masks_args; nvgpu_channel_open_args; nvgpu_gpu_l2_fb_args; nvgpu_gpu_mmu_debug_mode_args; nvgpu_gpu_sm_debug_mode_args],[handle; as_fd; gpu_instance_id; gr_instance_id; va_range_start; va_range_end; va_range_split; userd_iova; userd_mem; syncpt_unit_base; syncpt_unit_size; syncpt_size]
45,gk20a_as_dev_ioctl,ioctl_operations,Message_Structure_Handling,85,**AIARelevantFunction Score (80)**: The function `gk20a_as_dev_ioctl` interacts with various memory management operations that are relevant for an AI Accelerator (AIA). It handles commands that inv...,[nvgpu_as_bind_channel_args; nvgpu32_as_alloc_space_args; nvgpu_as_alloc_space_args; nvgpu_as_free_space_args; nvgpu_as_map_buffer_ex_args; nvgpu_as_unmap_buffer_args; nvgpu_as_get_va_regions_args; nvgpu_as_map_buffer_batch_args; nvgpu_as_get_sync_ro_map_args; nvgpu_as_mapping_modify_args; nvgpu_as_remap_args],[channel_fd; pages; page_size; flags; buffer_offset; buffer_size; offset; base_gpuva; sync_size; num_syncpoints]
46,gk20a_as_ioctl_map_buffer_ex,ioctl_operations,Message_Structure_Handling,85,**AIARelevantFunction Score (80)**: The function `gk20a_as_ioctl_map_buffer_ex` is responsible for mapping a buffer for the AI Accelerator (AIA) using the `nvgpu_vm_map_buffer` function. This funct...,[nvgpu_as_map_buffer_ex_args],[dmabuf_fd; buffer_offset; mapping_size]
47,nvmap_handle_get_from_id,dma_operations,Message_Structure_Handling,80,"**AIARelevantFunction Score (60)**: The function `nvmap_handle_get_from_id` interacts with DMA buffers, which are crucial for memory management in AI Accelerator contexts. It retrieves a `dma_buf` ...",[struct nvmap_handle_info; struct dma_buf],[dma_buf*; nvmap_handle*; nvmap_client*]
48,nvmap_handle_get_from_id,dma_operations,Message_Structure_Handling,80,"**AIARelevantFunction Score (60)**: The function `nvmap_handle_get_from_id` interacts with DMA buffers through the `dma_buf` structure, which is relevant for AI Accelerator integration. It retrieve...",[nvmap_handle_info; dma_buf],[dma_buf*; nvmap_handle*; nvmap_client*]
49,nvmap_handle_get_from_id,dma_operations,Message_Structure_Handling,80,"**AIARelevantFunction Score (70)**: The function `nvmap_handle_get_from_id` interacts with DMA buffers through the `dma_buf` structure, which is crucial for memory management in AI Accelerator cont...",[struct nvmap_handle_info; struct nvmap_handle; struct dma_buf],[dma_buf; nvmap_handle; nvmap_client; size; flags; vaddr]
50,nvgpu_mm_pin,dma_operations,Message_Structure_Handling,80,"**AIARelevantFunction Score (90)**: The function `nvgpu_mm_pin` is highly relevant to the integration of an AI Accelerator (AIA) as it deals with pinning a DMA buffer (`dma_buf`) to memory, which i...",[struct dma_buf; struct dma_buf_attachment; struct sg_table],[dma_address; phys_addr; user virtual address; file descriptor]
51,gk20a_init_error_notifier,dma_operations,Message_Structure_Handling,80,**AIARelevantFunction Score (0)**: The function `gk20a_init_error_notifier` does not directly interact with an AI Accelerator (AIA) or manage shared memory between the CPU and AIA. It primarily dea...,[struct nvgpu_set_error_notifier; struct nvgpu_notification],[mem (memory handle); notification (pointer to nvgpu_notification)]
52,user_copy:gk20a_ctrl_get_tpc_masks,user_copy_operations,Message_Structure_Handling,80,**AIARelevantFunction Score (0%)**: The function `gk20a_ctrl_get_tpc_masks` does not interact with an AI Accelerator (AIA) directly. It primarily handles user space requests to copy TPC (Texture Pr...,[struct nvgpu_gpu_get_tpc_masks_args],[mask_buf_addr]
53,user_copy:gk20a_ctrl_vsm_mapping,user_copy_operations,Message_Structure_Handling,80,**AIARelevantFunction Score (0)**: The function `gk20a_ctrl_vsm_mapping` does not interact with an AI Accelerator (AIA) directly. It primarily focuses on configuring and mapping virtual streaming m...,[struct nvgpu_gpu_vsms_mapping; struct nvgpu_gpu_vsms_mapping_entry],[vsms_map_buf_addr]
54,user_copy:nvmap_ioctl_create,user_copy_operations,Message_Structure_Handling,80,"**AIARelevantFunction Score (70%)**: The function `nvmap_ioctl_create` interacts with memory management and handles DMA buffers, which are relevant for AI Accelerator integration. It utilizes `dma_...",[nvmap_create_handle],[handle; fd; size; orig_size]
55,user_copy:nvmap_install_fd,user_copy_operations,Message_Structure_Handling,80,**AIARelevantFunction Score (0)**: The function `nvmap_install_fd` does not directly interact with an AI Accelerator (AIA) or perform operations that would typically be associated with AIA memory m...,[struct nvmap_handle_info; struct nvmap_handle; struct dma_buf],[fd; dma_buf->file; dma_buf->priv]
56,user_copy:nvgpu_gpu_ioctl_register_buffer,user_copy_operations,Message_Structure_Handling,80,**AIARelevantFunction Score (70)**: The function `nvgpu_gpu_ioctl_register_buffer` interacts with the AI Accelerator by registering a buffer and managing its metadata. It uses `dma_buf_get` to obta...,[nvgpu_gpu_register_buffer_args],[dmabuf_fd; metadata_addr; metadata_size]
57,user_copy:nvgpu_ioctl_tsg_dev_ioctl,user_copy_operations,Message_Structure_Handling,80,"**AIARelevantFunction Score (70%)**: The function `nvgpu_ioctl_tsg_dev_ioctl` interacts with various aspects of the GPU's task scheduling and channel binding, which can involve shared memory manage...",[nvgpu_tsg_bind_channel_ex_args; nvgpu_tsg_bind_scheduling_domain_args; nvgpu_runlist_interleave_args; nvgpu_timeslice_args; nvgpu_tsg_read_single_sm_error_state_args; nvgpu_tsg_l2_max_ways_evict_last_args; nvgpu_tsg_set_l2_sector_promotion_args],[channel_fd; domain_fd; timeslice_us; sm_id; max_ways; promotion_flag]
58,user_copy:nvgpu_ioctl_tsg_dev_ioctl,user_copy_operations,Message_Structure_Handling,80,"**AIARelevantFunction Score (70)**: The function `nvgpu_ioctl_tsg_dev_ioctl` interacts with various aspects of the GPU's task scheduling and channel binding, which are relevant for AI Accelerator i...",[nvgpu_tsg_bind_channel_ex_args; nvgpu_tsg_bind_scheduling_domain_args; nvgpu_runlist_interleave_args; nvgpu_timeslice_args; nvgpu_tsg_read_single_sm_error_state_args; nvgpu_tsg_l2_max_ways_evict_last_args; nvgpu_tsg_set_l2_sector_promotion_args],[channel_fd; domain_fd; timeslice_us; max_ways; promotion_flag; record_mem; record_size]
59,gk20a_channel_ioctl,ioctl_operations,Message_Structure_Handling,80,"**AIARelevantFunction Score (70)**: The function `gk20a_channel_ioctl` interacts with various structures that manage GPU channels and memory, which is relevant for AI Accelerator integration. It ha...",[nvgpu_alloc_obj_ctx_args; nvgpu_channel_setup_bind_args; nvgpu_alloc_gpfifo_ex_args; nvgpu_wait_args; nvgpu_set_error_notifier; nvgpu_set_timeout_args; nvgpu_set_timeout_ex_args; nvgpu_get_param_args],[userd_dmabuf_fd; gpfifo_dmabuf_fd; userd_dmabuf_offset; gpfifo_dmabuf_offset; obj_id; timeout; offset; size; mem]
60,nvmap_ioctl_create,ioctl_operations,Message_Structure_Handling,80,**AIARelevantFunction Score (70)**: The function `nvmap_ioctl_create` is involved in creating a handle for a shared memory buffer that can be used by an AI Accelerator (AIA). It interacts with DMA ...,[nvmap_create_handle],[handle; handle64; fd; size; orig_size; vaddr]
61,nvgpu_gpu_ioctl_register_buffer,ioctl_operations,Message_Structure_Handling,80,**AIARelevantFunction Score (70)**: The function `nvgpu_gpu_ioctl_register_buffer` interacts with the AI Accelerator by managing a DMA buffer through the `dma_buf_get` and `dma_buf_put` functions. ...,[struct nvgpu_gpu_register_buffer_args],[dmabuf_fd; metadata_addr; metadata_size]
62,nvgpu_ioctl_tsg_dev_ioctl,ioctl_operations,Message_Structure_Handling,80,"**AIARelevantFunction Score (70)**: The function `nvgpu_ioctl_tsg_dev_ioctl` interacts with various aspects of the GPU's task scheduling and management, which can involve shared memory operations w...",[nvgpu_tsg_bind_channel_ex_args; nvgpu_tsg_read_single_sm_error_state_args; nvgpu_tsg_bind_scheduling_domain_args; nvgpu_runlist_interleave_args; nvgpu_timeslice_args; nvgpu_tsg_l2_max_ways_evict_last_args; nvgpu_tsg_set_l2_sector_promotion_args],[channel_fd; sm_id; domain_fd; level; timeslice_us; max_ways; promotion_flag]
63,gk20a_tsg_ioctl_bind_channel_ex,ioctl_operations,Message_Structure_Handling,80,**AIARelevantFunction Score (0)**: The function `gk20a_tsg_ioctl_bind_channel_ex` does not directly involve sharing memory with an AI Accelerator (AIA). It primarily handles binding a channel to a ...,[struct nvgpu_tsg_bind_channel_ex_args],[channel_fd; subcontext_id]
64,nvmap_ioctl_create_from_va,ioctl_operations,Message_Structure_Handling,80,"**AIARelevantFunction Score (70%)**: The function `nvmap_ioctl_create_from_va` is involved in creating a handle from a virtual address, which is relevant for memory management in the context of an ...",[nvmap_create_handle_from_va],[va; size; flags; handle]
65,drivers/gpu/nvgpu/os/linux/linux-dma.c:nvgpu_dma_alloc_flags_sys,functions_by_file,Message_Structure_Handling,70,"**AIARelevantFunction Score (80)**: The function `nvgpu_dma_alloc_flags_sys` is responsible for allocating DMA memory, which is crucial for enabling communication between the CPU and the AI Acceler...",[nvgpu_mem; sg_table],[gpu_va; cpu_va; size; aligned_size; dma_addr]
66,drivers/video/tegra/nvmap/nvmap_dmabuf.c:_nvmap_dmabuf_map_dma_buf,functions_by_file,Message_Structure_Handling,70,"**AIARelevantFunction Score (80)**: The function `_nvmap_dmabuf_map_dma_buf` is involved in mapping a DMA buffer for use with a device, which is critical for AI Accelerator integration. It utilizes...",struct dma_buf_attachment; struct nvmap_handle_info; struct sg_table,dma_buf*; device*; sg_table*; nvmap_handle*
67,drivers/video/tegra/nvmap/nvmap_alloc.c:handle_page_alloc,functions_by_file,Message_Structure_Handling,70,**AIARelevantFunction Score (80)**: The function `handle_page_alloc` is primarily responsible for allocating memory pages for a given `nvmap_handle`. It utilizes various memory allocation strategie...,[struct nvmap_handle; struct nvmap_client],[vaddr; size; orig_size; dma_buf; dma_buf_ro]
68,drivers/video/tegra/nvmap/nvmap_alloc.c:alloc_handle_from_va,functions_by_file,Message_Structure_Handling,70,"**AIARelevantFunction Score (80)**: The function `alloc_handle_from_va` is responsible for allocating a handle from a virtual address, which involves managing memory pages that may be shared with a...",None,vaddr; size; flags
69,nvmap_handle_get_from_id,dma_operations,Message_Structure_Handling,70,"**AIARelevantFunction Score (60)**: The function `nvmap_handle_get_from_id` interacts with DMA buffers, which are crucial for memory management in AI Accelerator contexts. It retrieves a DMA buffer...",[struct nvmap_handle_info; struct nvmap_handle; struct dma_buf],[dma_buf; nvmap_handle; nvmap_client; size; flags; vaddr]
70,nvgpu_vm_map_buffer,dma_operations,Message_Structure_Handling,70,"**AIARelevantFunction Score (80)**: The function `nvgpu_vm_map_buffer` is involved in mapping a DMA buffer to a virtual address space, which is critical for enabling the AI Accelerator (AIA) to acc...",[vm_gk20a_mapping_batch],[buffer_offset; mapping_size; *map_addr; dmabuf_fd]
71,nvgpu_vm_map_buffer,dma_operations,Message_Structure_Handling,70,"**AIARelevantFunction Score (80)**: The function `nvgpu_vm_map_buffer` is involved in mapping a DMA buffer to a virtual memory space, which is critical for enabling access to shared memory between ...",[vm_gk20a_mapping_batch],[dma_buf; buffer_offset; mapping_size; *map_addr]
72,nvgpu_vm_map_buffer,dma_operations,Message_Structure_Handling,70,"**AIARelevantFunction Score (80)**: The function `nvgpu_vm_map_buffer` is involved in mapping a DMA buffer to a virtual address space, which is crucial for enabling the AI Accelerator (AIA) to acce...",[vm_gk20a_mapping_batch],[buffer_offset; mapping_size; dmabuf->size; *map_addr]
73,nvgpu_vm_map_buffer,dma_operations,Message_Structure_Handling,70,"**AIARelevantFunction Score (80)**: The function `nvgpu_vm_map_buffer` is involved in mapping a DMA buffer to a virtual memory address space, which is critical for enabling access to shared memory ...",[vm_gk20a_mapping_batch],[dma_buf; buffer_offset; mapping_size; *map_addr]
74,drivers/gpu/nvgpu/os/linux/linux-dma.c:nvgpu_get_sgtable_from_pages,functions_by_file,Message_Structure_Handling,60,**AIARelevantFunction Score (70%)**: The function `nvgpu_get_sgtable_from_pages` is involved in memory management that is relevant for AI Accelerator integration. It allocates a scatter-gather tabl...,None,None
75,__dma_buf_export,dma_operations,Message_Structure_Handling,60,"**AIARelevantFunction Score (80)**: The function `__dma_buf_export` is involved in exporting a DMA buffer, which is a critical operation for sharing memory with an AI Accelerator (AIA). It utilizes...",[struct dma_buf_export_info; struct nvmap_handle_info],[phys_addr_t; dma_buf*; nvmap_handle*; size_t]
76,nvgpu_mm_pin,dma_operations,Message_Structure_Handling,60,"**AIARelevantFunction Score (80)**: The function `nvgpu_mm_pin` is involved in managing DMA buffers, which is crucial for AI Accelerator integration. It uses `dma_buf_attach` and `dma_buf_map_attac...",[struct dma_buf; struct dma_buf_attachment],[size; file; attachments; dma_buf; device; sg_table; direction]
77,nvgpu_mm_pin,dma_operations,Message_Structure_Handling,60,"**AIARelevantFunction Score (80)**: The function `nvgpu_mm_pin` is involved in memory management for DMA buffers, which is critical for AI Accelerator integration. It uses `dma_buf_attach` and `dma...",[struct dma_buf; struct dma_buf_attachment],[size (from struct dma_buf); file (from struct dma_buf); sg_table (from struct dma_buf_attachment)]
78,nvmap_ioctl_free,dma_operations,Message_Structure_Handling,60,**AIARelevantFunction Score (0)**: The function `nvmap_ioctl_free` does not directly interact with an AI Accelerator (AIA) or manage shared memory (SMem) in a way that would qualify it as an AIA re...,[struct nvmap_client; struct dma_buf],[file descriptor (fd); dma_buf]
79,nvgpu_os_channel_free_usermode_buffers,dma_operations,Message_Structure_Handling,60,**AIARelevantFunction Score (70)**: The function `nvgpu_os_channel_free_usermode_buffers` is involved in managing user-mode buffers associated with a GPU channel. It interacts with DMA buffers thro...,[nvgpu_usermode_buf_linux; gpfifo_desc],[dma_buf; attachment; sgt; userd_iova; userd_mem]
80,nvmap_ioctl_free,ioctl_operations,Message_Structure_Handling,60,**AIARelevantFunction Score (0)**: The function `nvmap_ioctl_free` does not directly interact with an AI Accelerator (AIA) or shared memory management relevant to AIA operations. It primarily deals...,[None identified],[None identified]
81,drivers/video/tegra/nvmap/nvmap_dmabuf.c:nvmap_dmabuf_mmap,functions_by_file,Message_Structure_Handling,50,"**AIARelevantFunction Score (70)**: The function `nvmap_dmabuf_mmap` is involved in mapping a DMA buffer to a virtual memory area, which is relevant for AI Accelerator integration as it may involve...",None,handle (from nvmap_handle_info); size (from dma_buf)
82,drivers/gpu/nvgpu/os/linux/linux-dma.c:nvgpu_iommuable,functions_by_file,Message_Structure_Handling,0,**AIARelevantFunction Score (0%)**: The function `nvgpu_iommuable` does not interact with shared memory or perform any operations related to AI Accelerator (AIA) memory management. It checks if a d...,None,None
83,drivers/gpu/nvgpu/os/linux/linux-dma.c:nvgpu_dma_free_sys,functions_by_file,Message_Structure_Handling,0,**AIARelevantFunction**: The function `nvgpu_dma_free_sys` is primarily focused on freeing DMA memory allocated for the GPU. It does not involve any operations that directly relate to sharing memor...,None,None
84,drivers/gpu/nvgpu/os/linux/linux-dma.c:nvgpu_dma_free_no_iommu,functions_by_file,Message_Structure_Handling,0,**AIARelevantFunction Score (0)**: The function `nvgpu_dma_free_no_iommu` is primarily focused on freeing DMA memory allocated without IOMMU support. It does not involve any operations related to s...,None,None
85,drivers/gpu/nvgpu/os/linux/linux-dma.c:nvgpu_free_sgtable,functions_by_file,Message_Structure_Handling,0,**AIARelevantFunction Score (0%)**: The function `nvgpu_free_sgtable` does not involve any operations that directly relate to sharing memory with an AI Accelerator (AIA). It primarily focuses on fr...,None,None
86,drivers/gpu/nvgpu/os/linux/linux-dma.c:nvgpu_dma_flags_to_attrs,functions_by_file,Message_Structure_Handling,0,**AIARelevantFunction Score (0%)**: The function `nvgpu_dma_flags_to_attrs` does not interact with shared memory or AI Accelerator (AIA) specific operations. It primarily translates DMA flags into ...,None,None
87,drivers/gpu/nvgpu/os/linux/linux-dma.c:nvgpu_dma_alloc_no_iommu,functions_by_file,Message_Structure_Handling,0,"**AIARelevantFunction (70%)**: The function `nvgpu_dma_alloc_no_iommu` is involved in memory allocation that could be relevant for an AI Accelerator (AIA) context, particularly in scenarios where D...",None,None
88,drivers/gpu/nvgpu/os/linux/platform_gk20a_tegra.c:gk20a_tegra_idle,functions_by_file,Message_Structure_Handling,0,**AIARelevantFunction Score (0%)**: The function `gk20a_tegra_idle` does not involve any operations related to shared memory (SMem) with an AI Accelerator (AIA). It primarily handles device idle st...,None,None
89,drivers/gpu/nvgpu/os/linux/platform_gk20a_tegra.c:gk20a_tegra_busy,functions_by_file,Message_Structure_Handling,0,**AIARelevantFunction Score (0%)**: The function `gk20a_tegra_busy` does not involve any operations related to shared memory management or interactions with an AI Accelerator (AIA). It primarily ch...,None,None
90,drivers/video/tegra/nvmap/nvmap_dmabuf.c:dmabuf_is_nvmap,functions_by_file,Message_Structure_Handling,0,**AIARelevantFunction Score (0)**: The function `dmabuf_is_nvmap` does not involve any operations related to shared memory management or interactions with an AI Accelerator (AIA). It simply checks ...,None,None
91,drivers/video/tegra/nvmap/nvmap_dmabuf.c:nvmap_get_dmabuf_fd,functions_by_file,Message_Structure_Handling,0,**AIARelevantFunction Score (0%)**: The function `nvmap_get_dmabuf_fd` does not directly involve sharing memory with an AI Accelerator (AIA). It primarily deals with obtaining a file descriptor for...,None,None
92,drivers/video/tegra/nvmap/nvmap_dmabuf.c:nvmap_dmabuf_attach,functions_by_file,Message_Structure_Handling,0,**AIARelevantFunction Score (0%)**: The function `nvmap_dmabuf_attach` does not directly involve any operations related to sharing memory with an AI Accelerator (AIA). It simply calls another funct...,None,None
93,drivers/video/tegra/nvmap/nvmap_dmabuf.c:nvmap_dmabuf_vmap,functions_by_file,Message_Structure_Handling,0,**AIARelevantFunction Score (0)**: The function `nvmap_dmabuf_vmap` does not interact with an AI Accelerator (AIA) or shared memory (SMem) directly. It primarily deals with a `dma_buf` structure an...,None,None
94,drivers/video/tegra/nvmap/nvmap_dmabuf.c:_nvmap_dmabuf_unmap_dma_buf,functions_by_file,Message_Structure_Handling,0,**AIARelevantFunction Score (20)**: The function `_nvmap_dmabuf_unmap_dma_buf` is primarily focused on unmapping a DMA buffer from a device. While it does interact with DMA buffers and may indirect...,None,None
95,drivers/video/tegra/nvmap/nvmap_dmabuf.c:nvmap_dmabuf_get_drv_data,functions_by_file,Message_Structure_Handling,0,**AIARelevantFunction Score (0%)**: The function `nvmap_dmabuf_get_drv_data` does not interact with an AI Accelerator (AIA) or shared memory management that would typically involve functions like `...,None,None
96,drivers/video/tegra/nvmap/nvmap_dmabuf.c:nvmap_dmabuf_detach,functions_by_file,Message_Structure_Handling,0,**AIARelevantFunction Score (0%)**: The function `nvmap_dmabuf_detach` does not involve any operations related to sharing memory with an AI Accelerator (AIA). It primarily deals with detaching a DM...,None,None
97,drivers/video/tegra/nvmap/nvmap_dmabuf.c:nvmap_dmabuf_release,functions_by_file,Message_Structure_Handling,0,**AIARelevantFunction Score (0%)**: The function `nvmap_dmabuf_release` does not involve any operations related to sharing memory with an AI Accelerator (AIA). It primarily deals with releasing a D...,None,None
98,drivers/video/tegra/nvmap/nvmap_dmabuf.c:nvmap_dmabuf_vunmap,functions_by_file,Message_Structure_Handling,0,**AIARelevantFunction Score (0)**: The function `nvmap_dmabuf_vunmap` does not involve any operations that directly relate to sharing memory with an AI Accelerator (AIA). It primarily deals with un...,None,None
99,drivers/video/tegra/nvmap/nvmap_alloc.c:nvmap_alloc_handle,functions_by_file,Message_Structure_Handling,0,**AIARelevantFunction Score (0)**: The function `nvmap_alloc_handle` does not involve any operations related to sharing memory with an AI Accelerator (AIA). It primarily focuses on allocating a han...,None,None
100,drivers/video/tegra/nvmap/nvmap_alloc.c:alloc_handle,functions_by_file,Message_Structure_Handling,0,**AIARelevantFunction Score (0%)**: The function `alloc_handle` does not directly involve any operations related to sharing memory with an AI Accelerator (AIA). It primarily focuses on allocating m...,None,None
101,drivers/video/tegra/nvmap/nvmap_alloc.c:nvmap_altalloc,functions_by_file,Message_Structure_Handling,0,**AIARelevantFunction Score (0)**: The function `nvmap_altalloc` does not interact with any AI Accelerator (AIA) relevant operations. It is primarily focused on memory allocation using `vzalloc` an...,None,None
102,drivers/video/tegra/nvmap/nvmap_alloc.c:nvmap_alloc_pages_exact,functions_by_file,Message_Structure_Handling,0,"**AIARelevantFunction Score (0)**: The function `nvmap_alloc_pages_exact` is primarily focused on memory allocation using the `alloc_pages` function, which is part of the Linux kernel's memory mana...",None,None
103,drivers/video/tegra/nvmap/nvmap_alloc.c:is_nvmap_id_ro,functions_by_file,Message_Structure_Handling,0,**AIARelevantFunction Score (0%)**: The function `is_nvmap_id_ro` does not interact with an AI Accelerator (AIA) or shared memory (SMem) directly. It primarily deals with checking if a given NVMAP ...,None,None
104,drivers/video/tegra/nvmap/nvmap_alloc.c:nvmap_altfree,functions_by_file,Message_Structure_Handling,0,**AIARelevantFunction Score (0)**: The function `nvmap_altfree` does not interact with any AI Accelerator (AIA) relevant operations. It is primarily focused on freeing memory based on the size of t...,None,None
105,drivers/video/tegra/nvmap/nvmap_alloc.c:nvmap_alloc_handle_from_va,functions_by_file,Message_Structure_Handling,0,**AIARelevantFunction Score (0)**: The function `nvmap_alloc_handle_from_va` does not directly interact with an AI Accelerator (AIA) or shared memory management patterns that are typical for AIA in...,None,None
106,drivers/video/tegra/nvmap/nvmap_alloc.c:nvmap_free_handle_from_fd,functions_by_file,Message_Structure_Handling,0,**AIARelevantFunction Score (0%)**: The function `nvmap_free_handle_from_fd` does not interact with an AI Accelerator (AIA) or shared memory management relevant to AIA. It primarily deals with free...,None,None
107,drivers/video/tegra/nvmap/nvmap_alloc.c:nvmap_free_handle,functions_by_file,Message_Structure_Handling,0,**AIARelevantFunction Score (0%)**: The function `nvmap_free_handle` does not interact with an AI Accelerator (AIA) or shared memory management relevant to AIA operations. It primarily deals with f...,None,None
108,drivers/video/tegra/nvmap/nvmap_alloc.c:_nvmap_handle_free,functions_by_file,Message_Structure_Handling,0,**AIARelevantFunction Score (0%)**: The function `_nvmap_handle_free` does not interact with an AI Accelerator (AIA) or shared memory (SMem) directly. It primarily deals with freeing resources asso...,None,None
109,drivers/video/tegra/nvmap/nvmap_alloc.c:nvmap_heap_pgfree,functions_by_file,Message_Structure_Handling,0,**AIARelevantFunction Score (0)**: The function `nvmap_heap_pgfree` does not involve any operations related to sharing memory with an AI Accelerator (AIA). It primarily deals with freeing DMA memor...,None,None
110,drivers/video/tegra/nvmap/nvmap_alloc.c:nvmap_heap_pgalloc_dev,functions_by_file,Message_Structure_Handling,0,**AIARelevantFunction Score (0)**: The function `nvmap_heap_pgalloc_dev` does not involve any operations related to shared memory (SMem) with an AI Accelerator (AIA). It primarily focuses on alloca...,None,None
111,nvgpu_dma_free_sys,dma_operations,Message_Structure_Handling,0,**AIARelevantFunction Score (0%)**: The function `nvgpu_dma_free_sys` is primarily focused on freeing DMA memory and does not involve any operations related to sharing memory with an AI Accelerator...,None,None
112,is_nvmap_id_ro,dma_operations,Message_Structure_Handling,0,**AIARelevantFunction Score (0%)**: The function `is_nvmap_id_ro` does not involve any operations related to shared memory (SMem) with an AI Accelerator (AIA). It primarily deals with checking if a...,None,None
113,nvmap_get_dmabuf_fd,dma_operations,Message_Structure_Handling,0,**AIARelevantFunction Score (0%)**: The function `nvmap_get_dmabuf_fd` does not directly involve operations that share memory with an AI Accelerator (AIA). It primarily deals with exporting a DMA b...,None,None
114,gk20a_channel_free_error_notifiers,dma_operations,Message_Structure_Handling,0,**AIARelevantFunction Score (0)**: The function `gk20a_channel_free_error_notifiers` does not involve any operations related to sharing memory with an AI Accelerator (AIA). It primarily focuses on ...,None,None
115,nvgpu_mm_unpin,dma_operations,Message_Structure_Handling,0,**AIARelevantFunction Score (0%)**: The function `nvgpu_mm_unpin` does not involve any operations that directly relate to sharing memory with an AI Accelerator (AIA). It primarily deals with unmapp...,None,None
116,nvgpu_mm_unpin,dma_operations,Message_Structure_Handling,0,**AIARelevantFunction Score (0)**: The function `nvgpu_mm_unpin` does not involve any operations related to sharing memory with an AI Accelerator (AIA). It primarily deals with unmapping and detach...,None,None
117,nvgpu_vm_unmap_system,dma_operations,Message_Structure_Handling,0,**AIARelevantFunction Score (0%)**: The function `nvgpu_vm_unmap_system` does not involve any operations that directly relate to sharing memory with an AI Accelerator (AIA). It primarily deals with...,None,None
118,nvmap_free_handle,dma_operations,Message_Structure_Handling,0,**AIARelevantFunction Score (0)**: The function `nvmap_free_handle` does not interact with an AI Accelerator (AIA) or shared memory (SMem) directly. It primarily deals with freeing a handle associa...,None,None
119,nvmap_free_handle,dma_operations,Message_Structure_Handling,0,**AIARelevantFunction Score (0%)**: The function `nvmap_free_handle` does not interact with an AI Accelerator (AIA) or shared memory (SMem) directly. It primarily deals with freeing a handle associ...,None,None
120,nvmap_ioctl_free,dma_operations,Message_Structure_Handling,0,**AIARelevantFunction Score (0%)**: The function `nvmap_ioctl_free` does not involve any operations related to sharing memory with an AI Accelerator (AIA). It primarily deals with freeing a DMA buf...,None,None
121,destroy_client,dma_operations,Message_Structure_Handling,0,"**AIARelevantFunction Score (0%)**: The function `destroy_client` does not interact with any AI Accelerator (AIA) relevant operations. It primarily deals with the destruction of a client object, ma...",None,None
122,destroy_client,dma_operations,Message_Structure_Handling,0,"**AIARelevantFunction Score (0%)**: The function `destroy_client` does not interact with any AI Accelerator (AIA) relevant operations such as memory mapping, DMA address handling, or shared memory ...",None,None
123,nvgpu_os_channel_free_usermode_buffers,dma_operations,Message_Structure_Handling,0,**AIARelevantFunction Score (0%)**: The function `nvgpu_os_channel_free_usermode_buffers` does not involve any operations that directly relate to sharing memory with an AI Accelerator (AIA). It pri...,None,None
124,gk20a_dbg_gpu_dev_release,ioctl_operations,Message_Structure_Handling,0,**AIARelevantFunction Score (0%)**: The function `gk20a_dbg_gpu_dev_release` does not interact with an AI Accelerator (AIA) or shared memory management relevant to AIA operations. It primarily focu...,None,None
125,gk20a_ctrl_dev_release,ioctl_operations,Message_Structure_Handling,0,**AIARelevantFunction Score (0%)**: The function `gk20a_ctrl_dev_release` does not involve any operations related to sharing memory with an AI Accelerator (AIA). It primarily handles the release of...,None,None
126,nvmap_open,ioctl_operations,Message_Structure_Handling,0,**AIARelevantFunction Score (0)**: The `nvmap_open` function does not involve any operations related to shared memory management or interactions with an AI Accelerator (AIA). It primarily handles t...,None,None
127,gk20a_power_open,ioctl_operations,Message_Structure_Handling,0,**AIARelevantFunction Score (0)**: The function `gk20a_power_open` does not involve any operations related to shared memory (SMem) with an AI Accelerator (AIA). It primarily focuses on opening a de...,None,None
128,gk20a_power_release,ioctl_operations,Message_Structure_Handling,0,**AIARelevantFunction Score (0%)**: The function `gk20a_power_release` does not involve any operations related to shared memory (SMem) with an AI Accelerator (AIA). It primarily deals with releasin...,None,None
129,gk20a_ctrl_dev_open,ioctl_operations,Message_Structure_Handling,0,**AIARelevantFunction Score (0%)**: The function `gk20a_ctrl_dev_open` does not perform any operations related to shared memory management or direct interactions with an AI Accelerator (AIA). It pr...,None,None
130,nvgpu_ctrl_ioctl_gpu_characteristics_flags,ioctl_operations,Message_Structure_Handling,0,**AIARelevantFunction Score (0%)**: The function `nvgpu_ctrl_ioctl_gpu_characteristics_flags` does not interact with shared memory or perform operations that would typically be associated with AI A...,None,None
131,nvgpu_get_ioctl_graphics_preempt_mode_flags,ioctl_operations,Message_Structure_Handling,0,**AIARelevantFunction Score (0%)**: The function `nvgpu_get_ioctl_graphics_preempt_mode_flags` does not involve any operations related to shared memory (SMem) with an AI Accelerator (AIA). It simpl...,None,None
132,nvgpu_get_ioctl_compute_preempt_mode_flags,ioctl_operations,Message_Structure_Handling,0,**AIARelevantFunction Score (0)**: The function `nvgpu_get_ioctl_compute_preempt_mode_flags` does not interact with shared memory or perform any operations that would typically be associated with A...,None,None
133,nvgpu_get_ioctl_graphics_preempt_mode,ioctl_operations,Message_Structure_Handling,0,**AIARelevantFunction Score (0)**: The function `nvgpu_get_ioctl_graphics_preempt_mode` does not involve any operations related to shared memory management or interactions with an AI Accelerator (A...,None,None
134,nvgpu_get_ioctl_compute_preempt_mode,ioctl_operations,Message_Structure_Handling,0,**AIARelevantFunction Score (0)**: The function `nvgpu_get_ioctl_compute_preempt_mode` does not involve any operations related to shared memory (SMem) with an AI Accelerator (AIA). It simply transl...,None,None
135,gk20a_as_ioctl_alloc_space,ioctl_operations,Message_Structure_Handling,0,**AIARelevantFunction Score (0)**: The function `gk20a_as_ioctl_alloc_space` does not directly involve any operations that share memory with an AI Accelerator (AIA). It primarily allocates space in...,None,None
136,nvgpu_ioctl_tsg_open,ioctl_operations,Message_Structure_Handling,0,**AIARelevantFunction Score (0%)**: The function `nvgpu_ioctl_tsg_open` does not involve any operations that directly relate to sharing memory with an AI Accelerator (AIA). It primarily focuses on ...,None,None
137,nvgpu_ioctl_channel_alloc_obj_ctx,ioctl_operations,Message_Structure_Handling,0,**AIARelevantFunction Score (0%)**: The function `nvgpu_ioctl_channel_alloc_obj_ctx` does not interact with any AI Accelerator (AIA) specific memory management or DMA operations. It primarily calls...,None,None
138,gk20a_channel_open_ioctl,ioctl_operations,Message_Structure_Handling,0,**AIARelevantFunction Score (0%)**: The function `gk20a_channel_open_ioctl` does not directly involve operations related to sharing memory with an AI Accelerator (AIA). It primarily handles the ope...,None,None
139,gk20a_as_ioctl_bind_channel,ioctl_operations,Message_Structure_Handling,0,**AIARelevantFunction Score (0)**: The function `gk20a_as_ioctl_bind_channel` does not involve any operations that directly relate to sharing memory with an AI Accelerator (AIA). It primarily focus...,None,None
140,gk20a_as_ioctl_unmap_buffer,ioctl_operations,Message_Structure_Handling,0,**AIARelevantFunction Score (0%)**: The function `gk20a_as_ioctl_unmap_buffer` does not involve any operations that directly relate to sharing memory with an AI Accelerator (AIA). It primarily focu...,None,None
141,nvmap_release,ioctl_operations,Message_Structure_Handling,0,**AIARelevantFunction Score (0%)**: The `nvmap_release` function does not involve any operations related to shared memory (SMem) with an AI Accelerator (AIA). It primarily handles the release of a ...,None,None
142,gk20a_event_id_release,ioctl_operations,Message_Structure_Handling,0,**AIARelevantFunction**: The function `gk20a_event_id_release` does not interact with shared memory or AI Accelerator (AIA) specific operations. It primarily deals with releasing an event ID associ...,None,None
143,gk20a_channel_release,ioctl_operations,Message_Structure_Handling,0,"**AIARelevantFunction**: The function `gk20a_channel_release` does not interact with shared memory or AI Accelerator (AIA) specific operations. It primarily deals with releasing a channel, cleaning...",None,None
144,nvgpu_ioctl_tsg_dev_release,ioctl_operations,Message_Structure_Handling,0,**AIARelevantFunction Score (0%)**: The function `nvgpu_ioctl_tsg_dev_release` does not involve any operations related to sharing memory with an AI Accelerator (AIA). It primarily deals with releas...,None,None
145,nvgpu_ioctl_tsg_release,ioctl_operations,Message_Structure_Handling,0,**AIARelevantFunction Score (0)**: The function `nvgpu_ioctl_tsg_release` does not involve any operations related to sharing memory with an AI Accelerator (AIA). It primarily deals with releasing a...,None,None
146,gk20a_as_dev_release,ioctl_operations,Message_Structure_Handling,0,**AIARelevantFunction Score (0)**: The function `gk20a_as_dev_release` does not involve any operations related to shared memory management or interactions with an AI Accelerator (AIA). It primarily...,None,None
