Rank,Function_Name,Operation_Type,Category,Score,Reasoning_Summary,Message_Structures,SMIDs_Identified
1,drivers/video/tegra/nvmap/nvmap_dmabuf.c:_nvmap_dmabuf_map_dma_buf,functions_by_file,AIARelevantFunction,90,**AIARelevantFunction Score (90)**: The function `_nvmap_dmabuf_map_dma_buf` is heavily involved in mapping DMA buffers for an AI Accelerator (AIA). It utilizes the `dma_map_sg_attrs` function to m...,[struct dma_buf_attachment; struct nvmap_handle_info; struct sg_table],[dma_address; phys_addr; device; dma_buf; nvmap_handle]
2,nvgpu_mm_pin,dma_operations,AIARelevantFunction,90,"**AIARelevantFunction Score (90%)**: The function `nvgpu_mm_pin` is primarily responsible for pinning a DMA buffer to memory, which is a critical operation for enabling an AI Accelerator (AIA) to a...",None,None
3,nvgpu_mm_pin,dma_operations,AIARelevantFunction,90,"**AIARelevantFunction Score (90)**: The function `nvgpu_mm_pin` is heavily involved in memory management for DMA operations, specifically attaching and mapping a DMA buffer to a device. It uses `dm...",[struct dma_buf; struct dma_buf_attachment; struct sg_table],[dma_address; usermode_regs_bus_addr; usermode_regs; dma_mask; coherent_dma_mask]
4,drivers/gpu/nvgpu/os/linux/linux-dma.c:nvgpu_get_sgtable_from_pages,functions_by_file,AIARelevantFunction,80,**AIARelevantFunction Score (80)**: The function `nvgpu_get_sgtable_from_pages` is involved in creating a scatter-gather table (`sg_table`) from an array of pages. It allocates memory for the `sg_t...,[sg_table; scatterlist],[dma_address; phys_addr; gpu_va]
5,drivers/video/tegra/nvmap/nvmap_alloc.c:handle_page_alloc,functions_by_file,AIARelevantFunction,80,"**AIARelevantFunction Score (80)**: The function `handle_page_alloc` is primarily responsible for allocating memory pages for an `nvmap_handle`, which is likely used in the context of an AI Acceler...",[struct nvmap_handle; struct page],[size; pages; vaddr; dma_buf; dma_buf_ro]
6,drivers/video/tegra/nvmap/nvmap_alloc.c:alloc_handle_from_va,functions_by_file,AIARelevantFunction,80,**AIARelevantFunction Score (80)**: The function `alloc_handle_from_va` is involved in memory management that is relevant to AI Accelerator integration. It pins user pages to memory using `nvmap_ge...,None,vaddr; size; flags; pages
7,__dma_buf_export,dma_operations,AIARelevantFunction,80,"**AIARelevantFunction (80%)**: The function `__dma_buf_export` is involved in exporting DMA buffers, which is relevant for AI Accelerator integration as it deals with memory management and buffer a...",[struct dma_buf_export_info; struct nvmap_handle_info; struct nvmap_handle],[phys_addr_t; dma_buf*; nvmap_handle*; size_t]
8,nvgpu_gpu_ioctl_register_buffer,dma_operations,AIARelevantFunction,80,"**AIARelevantFunction Score (80)**: The function `nvgpu_gpu_ioctl_register_buffer` is involved in registering a buffer for use with the GPU, which includes handling DMA buffers. It utilizes `dma_bu...",[struct nvgpu_gpu_register_buffer_args],[dmabuf_fd; metadata_addr; metadata_size]
9,nvgpu_vm_map_buffer,dma_operations,AIARelevantFunction,80,"**AIARelevantFunction Score (80)**: The function `nvgpu_vm_map_buffer` is involved in mapping a DMA buffer to a virtual address space, which is critical for enabling an AI Accelerator (AIA) to acce...",[vm_gk20a_mapping_batch],[buffer_offset; mapping_size; dmabuf->size; *map_addr]
10,nvgpu_vm_map_buffer,dma_operations,AIARelevantFunction,80,"**AIARelevantFunction Score (80%)**: The function `nvgpu_vm_map_buffer` is involved in mapping a DMA buffer to a virtual address space, which is a critical operation for enabling an AI Accelerator ...",[vm_gk20a_mapping_batch],[buffer_offset; mapping_size; *map_addr; dmabuf_fd]
11,nvgpu_vm_map_buffer,dma_operations,AIARelevantFunction,80,"**AIARelevantFunction Score (80)**: The function `nvgpu_vm_map_buffer` is involved in mapping a DMA buffer to a virtual address space, which is critical for enabling an AI Accelerator (AIA) to acce...",[vm_gk20a_mapping_batch],[dma_buf_fd; buffer_offset; mapping_size; map_addr]
12,nvgpu_vm_map_buffer,dma_operations,AIARelevantFunction,80,"**AIARelevantFunction Score (80)**: The function `nvgpu_vm_map_buffer` is involved in mapping a DMA buffer to a virtual address space, which is critical for enabling the AI Accelerator (AIA) to acc...",[vm_gk20a_mapping_batch],[dma_buf_fd; buffer_offset; mapping_size; *map_addr]
13,nvgpu_vm_map_buffer,dma_operations,AIARelevantFunction,80,"**AIARelevantFunction Score (80)**: The function `nvgpu_vm_map_buffer` is involved in mapping a DMA buffer to a virtual address space, which is critical for enabling an AI Accelerator (AIA) to acce...",[vm_gk20a_mapping_batch],[buffer_offset; mapping_size; *map_addr]
14,nvgpu_vm_map_buffer,dma_operations,AIARelevantFunction,80,"**AIARelevantFunction Score (80%)**: The function `nvgpu_vm_map_buffer` is involved in mapping a DMA buffer to a virtual address space, which is critical for enabling an AI Accelerator (AIA) to acc...",[vm_gk20a_mapping_batch],[dma_buf; buffer_offset; mapping_size; *map_addr]
15,nvgpu_vm_map_buffer,dma_operations,AIARelevantFunction,80,"**AIARelevantFunction Score (80)**: The function `nvgpu_vm_map_buffer` is involved in mapping a DMA buffer to a virtual address space, which is critical for enabling the AI Accelerator (AIA) to acc...",[vm_gk20a_mapping_batch],[buffer_offset; mapping_size; *map_addr; dmabuf->size]
16,nvgpu_mm_pin,dma_operations,AIARelevantFunction,80,"**AIARelevantFunction Score (80)**: The function `nvgpu_mm_pin` is involved in memory management for DMA buffers, which is critical for AI Accelerator integration. It uses `dma_buf_attach` and `dma...",[struct dma_buf; struct dma_buf_attachment],[size; file; attachments; dma_buf_ops; sg_table; device; direction]
17,nvgpu_usermode_buf_from_dmabuf,dma_operations,AIARelevantFunction,80,"**AIARelevantFunction Score (80)**: The function `nvgpu_usermode_buf_from_dmabuf` is involved in managing DMA buffers, which is critical for sharing memory with an AI Accelerator (AIA). It uses `dm...",[struct nvgpu_usermode_buf_linux; struct nvgpu_mem],[gpu_va; cpu_va; size; dmabuf; attachment; sgt]
18,nvgpu_os_channel_free_usermode_buffers,dma_operations,AIARelevantFunction,80,**AIARelevantFunction Score (80)**: The function `nvgpu_os_channel_free_usermode_buffers` is involved in managing user-mode buffers associated with a GPU channel. It interacts with DMA buffers thro...,[nvgpu_usermode_buf_linux; gpfifo_desc],[dmabuf; attachment; sgt; userd_iova; userd_mem]
19,user_copy:gk20a_channel_ioctl,user_copy_operations,AIARelevantFunction,80,**AIARelevantFunction Score (80)**: The function `gk20a_channel_ioctl` interacts with various structures that are critical for managing GPU channels and their associated resources. It handles comma...,[nvgpu_alloc_obj_ctx_args; nvgpu_channel_setup_bind_args; nvgpu_alloc_gpfifo_ex_args; nvgpu_set_timeout_args; nvgpu_set_timeout_ex_args; nvgpu_get_param_args],[userd_dmabuf_fd; gpfifo_dmabuf_fd; userd_dmabuf_offset; gpfifo_dmabuf_offset; obj_id]
20,user_copy:gk20a_as_dev_ioctl,user_copy_operations,AIARelevantFunction,80,**AIARelevantFunction Score (80)**: The function `gk20a_as_dev_ioctl` interacts with various memory management operations that are relevant for an AI Accelerator (AIA). It handles commands that inv...,[nvgpu_as_alloc_space_args; nvgpu32_as_alloc_space_args; nvgpu_as_free_space_args; nvgpu_as_map_buffer_ex_args; nvgpu_as_unmap_buffer_args; nvgpu_as_get_va_regions_args; nvgpu_as_map_buffer_batch_args; nvgpu_as_get_sync_ro_map_args; nvgpu_as_mapping_modify_args; nvgpu_as_remap_args],[offset; pages; page_size; buffer_offset; buffer_size; base_gpuva; sync_size; num_syncpoints]
21,user_copy:gk20a_as_dev_ioctl,user_copy_operations,AIARelevantFunction,80,**AIARelevantFunction Score (80)**: The function `gk20a_as_dev_ioctl` is involved in handling various IOCTL commands that are likely related to memory management and operations involving the AI Acc...,[struct nvgpu32_as_alloc_space_args; struct nvgpu_as_alloc_space_args; struct nvgpu_as_free_space_args; struct nvgpu_as_map_buffer_ex_args; struct nvgpu_as_unmap_buffer_args; struct nvgpu_as_get_va_regions_args; struct nvgpu_as_map_buffer_batch_args; struct nvgpu_as_get_sync_ro_map_args; struct nvgpu_as_mapping_modify_args; struct nvgpu_as_remap_args],[channel_fd; offset; pages; page_size; buffer_offset; mapping_size; base_gpuva; sync_size; num_syncpoints; map_address]
22,user_copy:nvgpu_gpu_ioctl_register_buffer,user_copy_operations,AIARelevantFunction,80,"**AIARelevantFunction Score (80)**: The function `nvgpu_gpu_ioctl_register_buffer` is involved in managing a DMA buffer, which is critical for AI Accelerator (AIA) operations. It utilizes `dma_buf_...",[struct nvgpu_gpu_register_buffer_args],[dmabuf_fd; metadata_addr; metadata_size]
23,user_copy:nvmap_ioctl_create_from_va,user_copy_operations,AIARelevantFunction,80,"**AIARelevantFunction Score (80)**: The function `nvmap_ioctl_create_from_va` is involved in creating a handle from a virtual address, which is a critical operation for sharing memory with an AI Ac...",[struct nvmap_create_handle_from_va],[va; size; flags; handle]
24,gk20a_channel_ioctl,ioctl_operations,AIARelevantFunction,80,"**AIARelevantFunction Score (80)**: The function `gk20a_channel_ioctl` interacts with various structures that are relevant to AI Accelerator operations, particularly in managing channels and memory...",[nvgpu_channel_open_args; nvgpu_alloc_obj_ctx_args; nvgpu_channel_setup_bind_args; nvgpu_alloc_gpfifo_ex_args; nvgpu_wait_args; nvgpu_set_timeout_args; nvgpu_set_timeout_ex_args; nvgpu_get_param_args],[userd_dmabuf_fd; gpfifo_dmabuf_fd; userd_dmabuf_offset; gpfifo_dmabuf_offset; obj_id]
25,gk20a_ioctl_channel_submit_gpfifo,ioctl_operations,AIARelevantFunction,80,"**AIARelevantFunction (80%)**: The function `gk20a_ioctl_channel_submit_gpfifo` is involved in submitting a GPU FIFO command, which is relevant for AI Accelerator integration. It handles user comma...",[nvgpu_submit_gpfifo_args; nvgpu_channel_fence; nvgpu_user_fence; nvgpu_gpfifo_userdata],[fence.id; fence.value; args.gpfifo; args.num_entries; args.flags; userdata.entries; userdata.context]
26,gk20a_ctrl_dev_ioctl,ioctl_operations,AIARelevantFunction,80,**AIARelevantFunction Score (80)**: The function `gk20a_ctrl_dev_ioctl` interacts with various GPU operations and handles commands that can involve memory management and data transfer between the C...,[nvgpu_gpu_zcull_get_ctx_size_args; nvgpu_gpu_zcull_get_info_args; nvgpu_gpu_zbc_set_table_args; nvgpu_gpu_zbc_query_table_args; nvgpu_gpu_get_characteristics; nvgpu_gpu_prepare_compressible_read_args; nvgpu_gpu_mark_compressible_write_args; nvgpu_alloc_as_args; nvgpu_gpu_open_tsg_args; nvgpu_gpu_get_tpc_masks_args; nvgpu_gpu_get_fbp_l2_masks_args; nvgpu_channel_open_args; nvgpu_gpu_l2_fb_args; nvgpu_gpu_mmu_debug_mode_args; nvgpu_gpu_sm_debug_mode_args],[handle; as_fd; gpu_instance_id; gr_instance_id; userd_iova; userd_mem; userd_offset; l2_flush; l2_invalidate; fb_flush; state; sms]
27,gk20a_as_dev_ioctl,ioctl_operations,AIARelevantFunction,80,**AIARelevantFunction Score (80)**: The function `gk20a_as_dev_ioctl` interacts with various memory management operations that are relevant for an AI Accelerator (AIA). It handles memory allocation...,[nvgpu_as_bind_channel_args; nvgpu32_as_alloc_space_args; nvgpu_as_alloc_space_args; nvgpu_as_free_space_args; nvgpu_as_map_buffer_ex_args; nvgpu_as_unmap_buffer_args; nvgpu_as_get_va_regions_args; nvgpu_as_map_buffer_batch_args; nvgpu_as_get_sync_ro_map_args; nvgpu_as_mapping_modify_args; nvgpu_as_remap_args],[channel_fd; pages; page_size; flags; offset; buffer_offset; buffer_size; base_gpuva; num_syncpoints]
28,gk20a_as_ioctl_map_buffer_ex,ioctl_operations,AIARelevantFunction,80,**AIARelevantFunction Score (80)**: The function `gk20a_as_ioctl_map_buffer_ex` is involved in mapping a buffer for an AI Accelerator (AIA) by utilizing the `nvgpu_vm_map_buffer` function. This fun...,[nvgpu_as_map_buffer_ex_args],[dmabuf_fd; buffer_offset; mapping_size; offset]
29,nvmap_ioctl_create_from_va,ioctl_operations,AIARelevantFunction,80,**AIARelevantFunction Score (80)**: The function `nvmap_ioctl_create_from_va` is involved in managing memory for an AI Accelerator (AIA) by creating a handle from a virtual address. It uses the `nv...,[nvmap_create_handle_from_va],[handle; va; size; flags; fd]
30,drivers/gpu/nvgpu/os/linux/linux-dma.c:nvgpu_dma_alloc_flags_sys,functions_by_file,AIARelevantFunction,70,"**AIARelevantFunction Score (70)**: The function `nvgpu_dma_alloc_flags_sys` is involved in allocating DMA memory, which is relevant for AI Accelerator integration. It uses `dma_alloc_attrs`, which...",[nvgpu_mem],[gpu_va; cpu_va; size; aligned_size]
31,drivers/gpu/nvgpu/os/linux/linux-dma.c:nvgpu_dma_alloc_no_iommu,functions_by_file,AIARelevantFunction,70,"**AIARelevantFunction Score (70)**: The function `nvgpu_dma_alloc_no_iommu` is involved in memory allocation that could be relevant for an AI Accelerator (AIA) context, particularly in the manageme...",None,None
32,drivers/video/tegra/nvmap/nvmap_dmabuf.c:nvmap_get_dmabuf_fd,functions_by_file,AIARelevantFunction,70,"**AIARelevantFunction Score (70)**: The function `nvmap_get_dmabuf_fd` is involved in managing DMA buffers, which are crucial for sharing memory between the CPU and an AI Accelerator (AIA). It util...",[struct nvmap_handle; struct dma_buf],[size; vaddr; dma_buf; file; flags]
33,drivers/video/tegra/nvmap/nvmap_alloc.c:nvmap_alloc_handle,functions_by_file,AIARelevantFunction,70,"**AIARelevantFunction Score (70)**: The function `nvmap_alloc_handle` is involved in memory allocation for the `nvmap_handle`, which is relevant for AI Accelerator integration as it manages memory ...",[struct nvmap_handle; struct nvmap_client],[size; flags; userflags; vaddr; ivm_id; peer]
34,nvmap_handle_get_from_id,dma_operations,AIARelevantFunction,70,"**AIARelevantFunction Score (70)**: The function `nvmap_handle_get_from_id` interacts with DMA buffers through the `dma_buf` structure, which is crucial for memory management in the context of AI a...",[struct nvmap_handle_info; struct nvmap_handle; struct dma_buf],[dma_buf; nvmap_handle; nvmap_client; file descriptor]
35,nvmap_handle_get_from_id,dma_operations,AIARelevantFunction,70,"**AIARelevantFunction Score (70)**: The function `nvmap_handle_get_from_id` interacts with DMA buffers through the `dma_buf` structure, which is crucial for memory management in the context of AI a...",[struct nvmap_handle_info; struct dma_buf],[dma_buf* dmabuf; nvmap_handle* handle; u32 id]
36,gk20a_init_error_notifier,dma_operations,AIARelevantFunction,70,"**AIARelevantFunction Score (70)**: The function `gk20a_init_error_notifier` interacts with a DMA buffer through the `dma_buf_get` and `dma_buf_put` functions, which are relevant for managing memor...",[struct nvgpu_set_error_notifier; struct nvgpu_notification],[args->mem; priv->error_notifier.notification; priv->error_notifier.vaddr]
37,user_copy:gk20a_channel_ioctl,user_copy_operations,AIARelevantFunction,70,"**AIARelevantFunction Score (70)**: The function `gk20a_channel_ioctl` interacts with various structures that are relevant for managing GPU channels and their operations, which may involve shared m...",[nvgpu_alloc_obj_ctx_args; nvgpu_channel_setup_bind_args; nvgpu_alloc_gpfifo_ex_args; nvgpu_submit_gpfifo_args; nvgpu_wait_args; nvgpu_zcull_bind_args; nvgpu_set_error_notifier; nvgpu_set_timeout_args; nvgpu_set_timeout_ex_args; nvgpu_get_param_args],[userd_dmabuf_fd; gpfifo_dmabuf_fd; userd_dmabuf_offset; gpfifo_dmabuf_offset; obj_id]
38,user_copy:gk20a_ctrl_dev_ioctl,user_copy_operations,AIARelevantFunction,70,**AIARelevantFunction Score (70)**: The function `gk20a_ctrl_dev_ioctl` interacts with various GPU operations that could involve shared memory management and communication with the AI Accelerator (...,[nvgpu_gpu_zcull_get_ctx_size_args; nvgpu_gpu_zcull_get_info_args; nvgpu_gpu_zbc_set_table_args; nvgpu_gpu_zbc_query_table_args; nvgpu_gpu_get_characteristics; nvgpu_gpu_prepare_compressible_read_args; nvgpu_gpu_mark_compressible_write_args; nvgpu_alloc_as_args; nvgpu_gpu_open_tsg_args; nvgpu_gpu_get_tpc_masks_args; nvgpu_gpu_get_fbp_l2_masks_args; nvgpu_channel_open_args; nvgpu_gpu_l2_fb_args; nvgpu_gpu_mmu_debug_mode_args; nvgpu_gpu_sm_debug_mode_args],[handle; offset; va_range_start; va_range_end; va_range_split; zbc_color; tsg_fd; mask_buf_addr; syncpt_unit_base; syncpt_unit_size]
39,user_copy:nvmap_ioctl_create,user_copy_operations,AIARelevantFunction,70,**AIARelevantFunction Score (70)**: The function `nvmap_ioctl_create` is involved in creating a handle for a shared memory buffer that can be used by an AI Accelerator (AIA). It interacts with the ...,[nvmap_create_handle],[handle; handle64; fd; size; orig_size; vaddr; dma_buf]
40,user_copy:nvmap_ioctl_create,user_copy_operations,AIARelevantFunction,70,"**AIARelevantFunction Score (70)**: The function `nvmap_ioctl_create` is involved in creating a handle for shared memory, which is relevant for AI Accelerator integration. It interacts with DMA buf...",[nvmap_create_handle],[handle; handle64; fd; size; orig_size; vaddr]
41,user_copy:nvmap_install_fd,user_copy_operations,AIARelevantFunction,70,**AIARelevantFunction Score (70)**: The function `nvmap_install_fd` interacts with a DMA buffer (`dma_buf`) which is crucial for memory management in the context of AI Accelerators. It checks for t...,[struct nvmap_handle_info; struct dma_buf],[dma_buf->file; nvmap_handle_info->handle; nvmap_handle->dmabuf; nvmap_handle->is_ro]
42,user_copy:nvmap_ioctl_create_from_va,user_copy_operations,AIARelevantFunction,70,"**AIARelevantFunction (70%)**: The function `nvmap_ioctl_create_from_va` is involved in creating a handle from a virtual address, which is relevant for memory management in the context of an AI Acc...",[nvmap_create_handle_from_va],[handle; fd; va; size; flags]
43,nvmap_ioctl,ioctl_operations,AIARelevantFunction,70,"**AIARelevantFunction Score (70)**: The function `nvmap_ioctl` handles various IOCTL commands that can be related to memory management and operations involving shared memory, which is relevant for ...",[struct nvmap_rw_handle; struct nvmap_cache_op; struct nvmap_cache_op_32; struct nvmap_cache_op_64],[addr; handle]
44,gk20a_as_ioctl_get_va_regions,ioctl_operations,AIARelevantFunction,70,"**AIARelevantFunction Score (70)**: The function `gk20a_as_ioctl_get_va_regions` is involved in managing virtual address regions, which is relevant for AI Accelerator integration. It interacts with...",[struct nvgpu_as_get_va_regions_args; struct nvgpu_as_va_region],[buf_addr; buf_size; offset; page_size; pages]
45,nvmap_ioctl_create,ioctl_operations,AIARelevantFunction,70,**AIARelevantFunction Score (70)**: The function `nvmap_ioctl_create` interacts with DMA buffers and handles that are crucial for memory management in the context of AI accelerators. It utilizes `d...,[nvmap_create_handle],[handle; handle64; fd; size; orig_size; vaddr; dma_buf; ivm_id]
46,nvmap_ioctl_alloc,ioctl_operations,AIARelevantFunction,70,"**AIARelevantFunction (70%)**: The function `nvmap_ioctl_alloc` is involved in memory allocation for an AI accelerator, specifically through the use of the `nvmap_alloc_handle` structure. It checks...",[nvmap_alloc_handle],[handle; size; align; heap_mask]
47,nvgpu_ioctl_tsg_dev_ioctl,ioctl_operations,AIARelevantFunction,70,**AIARelevantFunction Score (70%)**: The function `nvgpu_ioctl_tsg_dev_ioctl` interacts with the GPU's task scheduling group (TSG) and handles various commands that could involve memory management ...,[nvgpu_tsg_bind_channel_ex_args; nvgpu_event_id_ctrl_args; nvgpu_runlist_interleave_args; nvgpu_timeslice_args; nvgpu_tsg_read_single_sm_error_state_args; nvgpu_tsg_l2_max_ways_evict_last_args; nvgpu_tsg_set_l2_sector_promotion_args],[channel_fd; event_id; event_fd; max_ways; promotion_flag; record_mem; record_size]
48,nvmap_handle_get_from_id,dma_operations,AIARelevantFunction,60,"**AIARelevantFunction Score (60)**: The function `nvmap_handle_get_from_id` interacts with DMA buffers through the `dma_buf` structure, which is relevant for AI Accelerator integration as it manage...",[struct nvmap_handle_info; struct dma_buf],[dma_buf*; nvmap_handle*; nvmap_client*; u32 id]
49,nvgpu_dma_free_sys,dma_operations,AIARelevantFunction,20,**AIARelevantFunction Score (20)**: The function `nvgpu_dma_free_sys` primarily deals with freeing DMA memory and does not directly interact with an AI Accelerator (AIA) for memory sharing or manag...,[nvgpu_mem; sg_table],[gpu_va; cpu_va; aligned_size; phys_sgt; dma_address]
50,drivers/gpu/nvgpu/os/linux/linux-dma.c:nvgpu_iommuable,functions_by_file,AIARelevantFunction,0,**AIARelevantFunction Score (0%)**: The function `nvgpu_iommuable` does not perform any operations related to shared memory management or interactions with an AI Accelerator (AIA). It checks if the...,None,None
51,drivers/gpu/nvgpu/os/linux/linux-dma.c:nvgpu_dma_free_sys,functions_by_file,AIARelevantFunction,0,**AIARelevantFunction Score (0)**: The function `nvgpu_dma_free_sys` is primarily focused on freeing DMA memory allocated for the GPU. It does not involve any operations that directly relate to sha...,None,None
52,drivers/gpu/nvgpu/os/linux/linux-dma.c:nvgpu_dma_free_no_iommu,functions_by_file,AIARelevantFunction,0,**AIARelevantFunction Score (0)**: The function `nvgpu_dma_free_no_iommu` is primarily focused on freeing DMA memory that was previously allocated. It does not involve any operations related to sha...,None,None
53,drivers/gpu/nvgpu/os/linux/linux-dma.c:nvgpu_free_sgtable,functions_by_file,AIARelevantFunction,0,**AIARelevantFunction Score (0)**: The function `nvgpu_free_sgtable` does not involve any operations related to sharing memory with an AI Accelerator (AIA). It primarily deals with freeing a scatte...,None,None
54,drivers/gpu/nvgpu/os/linux/linux-dma.c:nvgpu_dma_flags_to_attrs,functions_by_file,AIARelevantFunction,0,**AIARelevantFunction Score (0%)**: The function `nvgpu_dma_flags_to_attrs` does not interact with shared memory or AI Accelerator (AIA) specific operations. It primarily translates DMA flags into ...,None,None
55,drivers/gpu/nvgpu/os/linux/platform_gk20a_tegra.c:gk20a_tegra_idle,functions_by_file,AIARelevantFunction,0,**AIARelevantFunction Score (0%)**: The function `gk20a_tegra_idle` does not interact with shared memory or perform any operations that would typically be associated with an AI Accelerator (AIA). I...,None,None
56,drivers/gpu/nvgpu/os/linux/platform_gk20a_tegra.c:gk20a_tegra_busy,functions_by_file,AIARelevantFunction,0,**AIARelevantFunction Score (0)**: The function `gk20a_tegra_busy` does not interact with shared memory or perform any operations that would typically be associated with an AI Accelerator (AIA). It...,None,None
57,drivers/video/tegra/nvmap/nvmap_dmabuf.c:dmabuf_is_nvmap,functions_by_file,AIARelevantFunction,0,**AIARelevantFunction Score (0)**: The function `dmabuf_is_nvmap` does not involve any operations related to shared memory management or AI Accelerator integration. It simply checks if the `exp_nam...,None,None
58,drivers/video/tegra/nvmap/nvmap_dmabuf.c:nvmap_dmabuf_attach,functions_by_file,AIARelevantFunction,0,**AIARelevantFunction Score (0%)**: The function `nvmap_dmabuf_attach` does not directly involve any operations related to sharing memory with an AI Accelerator (AIA). It simply calls another funct...,None,None
59,drivers/video/tegra/nvmap/nvmap_dmabuf.c:nvmap_dmabuf_mmap,functions_by_file,AIARelevantFunction,0,**AIARelevantFunction Score (0)**: The function `nvmap_dmabuf_mmap` does not directly involve any operations related to sharing memory with an AI Accelerator (AIA). It primarily deals with mapping ...,None,None
60,drivers/video/tegra/nvmap/nvmap_dmabuf.c:nvmap_dmabuf_vmap,functions_by_file,AIARelevantFunction,0,**AIARelevantFunction Score (0)**: The function `nvmap_dmabuf_vmap` does not interact with an AI Accelerator (AIA) or perform any operations related to shared memory management that would typically...,None,None
61,drivers/video/tegra/nvmap/nvmap_dmabuf.c:_nvmap_dmabuf_unmap_dma_buf,functions_by_file,AIARelevantFunction,0,**AIARelevantFunction Score (0%)**: The function `_nvmap_dmabuf_unmap_dma_buf` does not directly involve sharing memory with an AI Accelerator (AIA). It primarily deals with unmapping a DMA buffer ...,None,None
62,drivers/video/tegra/nvmap/nvmap_dmabuf.c:nvmap_dmabuf_get_drv_data,functions_by_file,AIARelevantFunction,0,**AIARelevantFunction Score (0%)**: The function `nvmap_dmabuf_get_drv_data` does not interact with an AI Accelerator (AIA) or shared memory management relevant to AIA operations. It primarily retr...,None,None
63,drivers/video/tegra/nvmap/nvmap_dmabuf.c:nvmap_dmabuf_detach,functions_by_file,AIARelevantFunction,0,**AIARelevantFunction Score (0%)**: The function `nvmap_dmabuf_detach` does not involve any operations related to sharing memory with an AI Accelerator (AIA). It primarily deals with detaching a DM...,None,None
64,drivers/video/tegra/nvmap/nvmap_dmabuf.c:nvmap_dmabuf_release,functions_by_file,AIARelevantFunction,0,**AIARelevantFunction Score (0%)**: The function `nvmap_dmabuf_release` does not involve any operations related to sharing memory with an AI Accelerator (AIA). It primarily deals with releasing a D...,None,None
65,drivers/video/tegra/nvmap/nvmap_dmabuf.c:nvmap_dmabuf_vunmap,functions_by_file,AIARelevantFunction,0,**AIARelevantFunction Score (0)**: The function `nvmap_dmabuf_vunmap` does not interact with an AI Accelerator (AIA) or shared memory management relevant to AIA operations. It primarily deals with ...,None,None
66,drivers/video/tegra/nvmap/nvmap_alloc.c:alloc_handle,functions_by_file,AIARelevantFunction,0,**AIARelevantFunction Score (0)**: The function `alloc_handle` does not interact with an AI Accelerator (AIA) or shared memory (SMem) directly. It primarily deals with memory allocation for a `nvma...,None,None
67,drivers/video/tegra/nvmap/nvmap_alloc.c:nvmap_altalloc,functions_by_file,AIARelevantFunction,0,**AIARelevantFunction Score (0)**: The function `nvmap_altalloc` does not interact with any AI Accelerator (AIA) relevant operations. It simply allocates memory using either `vzalloc` or `kzalloc` ...,None,None
68,drivers/video/tegra/nvmap/nvmap_alloc.c:nvmap_alloc_pages_exact,functions_by_file,AIARelevantFunction,0,"**AIARelevantFunction Score (0)**: The function `nvmap_alloc_pages_exact` is primarily focused on memory allocation using the `alloc_pages` function, which is part of the Linux kernel's memory mana...",None,None
69,drivers/video/tegra/nvmap/nvmap_alloc.c:is_nvmap_id_ro,functions_by_file,AIARelevantFunction,0,**AIARelevantFunction Score (0%)**: The function `is_nvmap_id_ro` does not interact with an AI Accelerator (AIA) or shared memory (SMem) directly. It primarily deals with checking if a given NVMAP ...,None,None
70,drivers/video/tegra/nvmap/nvmap_alloc.c:nvmap_altfree,functions_by_file,AIARelevantFunction,0,**AIARelevantFunction Score (0)**: The function `nvmap_altfree` does not interact with any AI Accelerator (AIA) relevant operations. It is primarily concerned with freeing memory allocated to a poi...,None,None
71,drivers/video/tegra/nvmap/nvmap_alloc.c:nvmap_alloc_handle_from_va,functions_by_file,AIARelevantFunction,0,**AIARelevantFunction Score (0)**: The function `nvmap_alloc_handle_from_va` does not interact with an AI Accelerator (AIA) or shared memory (SMem) directly. It primarily deals with allocating a ha...,None,None
72,drivers/video/tegra/nvmap/nvmap_alloc.c:nvmap_free_handle_from_fd,functions_by_file,AIARelevantFunction,0,**AIARelevantFunction Score (0)**: The function `nvmap_free_handle_from_fd` does not interact with an AI Accelerator (AIA) or shared memory management relevant to AIA. It primarily deals with freei...,None,None
73,drivers/video/tegra/nvmap/nvmap_alloc.c:nvmap_free_handle,functions_by_file,AIARelevantFunction,0,**AIARelevantFunction Score (0%)**: The function `nvmap_free_handle` does not interact with an AI Accelerator (AIA) or shared memory (SMem) management relevant to AIA operations. It primarily deals...,None,None
74,drivers/video/tegra/nvmap/nvmap_alloc.c:_nvmap_handle_free,functions_by_file,AIARelevantFunction,0,**AIARelevantFunction Score (0%)**: The function `_nvmap_handle_free` does not interact with an AI Accelerator (AIA) or shared memory (SMem) in any capacity. It primarily deals with freeing resourc...,None,None
75,drivers/video/tegra/nvmap/nvmap_alloc.c:nvmap_heap_pgfree,functions_by_file,AIARelevantFunction,0,**AIARelevantFunction Score (0%)**: The function `nvmap_heap_pgfree` does not involve any operations related to sharing memory with an AI Accelerator (AIA). It primarily deals with freeing memory a...,None,None
76,drivers/video/tegra/nvmap/nvmap_alloc.c:nvmap_heap_pgalloc_dev,functions_by_file,AIARelevantFunction,0,"**AIARelevantFunction Score (0%)**: The function `nvmap_heap_pgalloc_dev` does not interact with any AI Accelerator (AIA) relevant memory management functions. It does not pin user pages, obtain ph...",None,None
77,nvmap_handle_get_from_id,dma_operations,AIARelevantFunction,0,**AIARelevantFunction Score (0)**: The function `nvmap_handle_get_from_id` does not directly interact with an AI Accelerator (AIA) or manage shared memory (SMem) in a way that would facilitate AIA ...,None,None
78,is_nvmap_id_ro,dma_operations,AIARelevantFunction,0,**AIARelevantFunction Score (0%)**: The function `is_nvmap_id_ro` does not interact with an AI Accelerator (AIA) or shared memory management relevant to AIA operations. It primarily deals with the ...,None,None
79,nvmap_get_dmabuf_fd,dma_operations,AIARelevantFunction,0,**AIARelevantFunction Score (0)**: The function `nvmap_get_dmabuf_fd` does not directly interact with an AI Accelerator (AIA) or shared memory (SMem) management. It primarily deals with exporting a...,None,None
80,nvmap_ioctl_getfd,dma_operations,AIARelevantFunction,0,**AIARelevantFunction Score (0)**: The function `nvmap_ioctl_getfd` does not directly interact with an AI Accelerator (AIA) or shared memory management patterns typically associated with AIA integr...,[struct nvmap_create_handle],[op.fd; op.handle]
81,nvgpu_gpu_ioctl_register_buffer,dma_operations,AIARelevantFunction,0,**AIARelevantFunction Score (0)**: The function `nvgpu_gpu_ioctl_register_buffer` does not directly interact with an AI Accelerator (AIA) or manage shared memory (SMem) in a way that would qualify ...,[struct nvgpu_gpu_register_buffer_args],[dmabuf_fd; metadata_addr]
82,gk20a_init_error_notifier,dma_operations,AIARelevantFunction,0,**AIARelevantFunction Score (0)**: The function `gk20a_init_error_notifier` does not directly involve sharing memory with an AI Accelerator (AIA). It primarily deals with initializing an error noti...,[struct nvgpu_set_error_notifier; struct nvgpu_notification],[args->mem; priv->error_notifier.notification; priv->error_notifier.vaddr]
83,gk20a_channel_free_error_notifiers,dma_operations,AIARelevantFunction,0,**AIARelevantFunction Score (0%)**: The function `gk20a_channel_free_error_notifiers` does not interact with an AI Accelerator (AIA) or shared memory management relevant to AIA operations. It prima...,None,None
84,gk20a_init_error_notifier,dma_operations,AIARelevantFunction,0,**AIARelevantFunction Score (0)**: The function `gk20a_init_error_notifier` does not directly interact with an AI Accelerator (AIA) or manage shared memory for an AIA. It primarily deals with error...,[struct nvgpu_set_error_notifier; struct nvgpu_notification; struct dma_buf],[mem (memory handle); size; offset]
85,nvgpu_mm_unpin,dma_operations,AIARelevantFunction,0,**AIARelevantFunction Score (0%)**: The function `nvgpu_mm_unpin` does not involve any operations that directly relate to sharing memory with an AI Accelerator (AIA). It primarily deals with unmapp...,None,None
86,nvgpu_mm_unpin,dma_operations,AIARelevantFunction,0,**AIARelevantFunction Score (0)**: The function `nvgpu_mm_unpin` does not involve any operations that directly relate to sharing memory with an AI Accelerator (AIA). It primarily deals with unpinni...,None,None
87,nvgpu_vm_unmap_system,dma_operations,AIARelevantFunction,0,**AIARelevantFunction Score (0%)**: The function `nvgpu_vm_unmap_system` does not involve any operations that directly relate to sharing memory with an AI Accelerator (AIA). It primarily deals with...,None,None
88,nvmap_free_handle,dma_operations,AIARelevantFunction,0,**AIARelevantFunction Score (0%)**: The function `nvmap_free_handle` does not interact with an AI Accelerator (AIA) or shared memory (SMem) directly. It primarily deals with freeing a handle associ...,None,None
89,nvmap_free_handle,dma_operations,AIARelevantFunction,0,**AIARelevantFunction Score (0%)**: The function `nvmap_free_handle` does not interact with an AI Accelerator (AIA) or shared memory (SMem) in a manner that would qualify it as relevant to AIA oper...,None,None
90,nvmap_ioctl_free,dma_operations,AIARelevantFunction,0,**AIARelevantFunction Score (0%)**: The function `nvmap_ioctl_free` does not directly involve any operations related to sharing memory with an AI Accelerator (AIA). It primarily deals with freeing ...,[None identified],[None identified]
91,nvmap_ioctl_free,dma_operations,AIARelevantFunction,0,**AIARelevantFunction Score (0)**: The function `nvmap_ioctl_free` does not directly interact with an AI Accelerator (AIA) or manage shared memory (SMem) for an AIA. It primarily deals with freeing...,[None identified],[None identified]
92,destroy_client,dma_operations,AIARelevantFunction,0,**AIARelevantFunction Score (0%)**: The function `destroy_client` does not involve any operations related to sharing memory with an AI Accelerator (AIA). It primarily focuses on cleaning up resourc...,None,None
93,destroy_client,dma_operations,AIARelevantFunction,0,**AIARelevantFunction Score (0%)**: The `destroy_client` function does not involve any operations related to shared memory (SMem) with an AI Accelerator (AIA). It primarily deals with the destructi...,None,None
94,nvgpu_os_channel_free_usermode_buffers,dma_operations,AIARelevantFunction,0,**AIARelevantFunction Score (0%)**: The function `nvgpu_os_channel_free_usermode_buffers` does not involve any operations that directly relate to sharing memory with an AI Accelerator (AIA). It pri...,None,None
95,user_copy:nvgpu_channel_copy_user_gpfifo,user_copy_operations,AIARelevantFunction,0,**AIARelevantFunction Score (0)**: The function `nvgpu_channel_copy_user_gpfifo` does not directly interact with an AI Accelerator (AIA) or perform operations related to shared memory management fo...,[struct nvgpu_gpfifo_userdata],[entries]
96,user_copy:nvmap_ioctl_get_available_heaps,user_copy_operations,AIARelevantFunction,0,**AIARelevantFunction Score (0)**: The function `nvmap_ioctl_get_available_heaps` does not directly involve sharing memory with an AI Accelerator (AIA). It primarily retrieves available heap inform...,[struct nvmap_available_heaps],[None identified]
97,user_copy:gk20a_power_write,user_copy_operations,AIARelevantFunction,0,**AIARelevantFunction Score (0%)**: The function `gk20a_power_write` does not involve any operations related to shared memory management or interactions with an AI Accelerator (AIA). It primarily h...,None,None
98,user_copy:gk20a_ctrl_dev_ioctl,user_copy_operations,AIARelevantFunction,0,**AIARelevantFunction Score (0)**: The function `gk20a_ctrl_dev_ioctl` does not directly interact with an AI Accelerator (AIA) or manage shared memory (SMem) in a way that would qualify it as an AI...,[nvgpu_gpu_zcull_get_ctx_size_args; nvgpu_gpu_zcull_get_info_args; nvgpu_gpu_zbc_set_table_args; nvgpu_gpu_zbc_query_table_args; nvgpu_gpu_get_characteristics; nvgpu_gpu_prepare_compressible_read_args; nvgpu_gpu_mark_compressible_write_args; nvgpu_alloc_as_args; nvgpu_gpu_open_tsg_args; nvgpu_gpu_get_tpc_masks_args; nvgpu_gpu_get_fbp_l2_masks_args; nvgpu_channel_open_args; nvgpu_gpu_l2_fb_args; nvgpu_gpu_mmu_debug_mode_args; nvgpu_gpu_sm_debug_mode_args],[as_fd; gpu_characteristics_buf_addr; va_range_start; va_range_end; va_range_split; handle; zbc_color; tsg_fd; mask_buf_addr; l2_flush; l2_invalidate; fb_flush; state; enable; sms]
99,user_copy:gk20a_ctrl_ioctl_gpu_characteristics,user_copy_operations,AIARelevantFunction,0,**AIARelevantFunction Score (0)**: The function `gk20a_ctrl_ioctl_gpu_characteristics` does not involve any operations related to sharing memory with an AI Accelerator (AIA). It primarily retrieves...,[struct nvgpu_gpu_get_characteristics],[gpu_characteristics_buf_addr; gpu_characteristics_buf_size]
100,user_copy:gk20a_ctrl_get_tpc_masks,user_copy_operations,AIARelevantFunction,0,**AIARelevantFunction Score (0)**: The function `gk20a_ctrl_get_tpc_masks` does not directly interact with an AI Accelerator (AIA) or perform operations that involve sharing memory with an AIA. It ...,[struct nvgpu_gpu_get_tpc_masks_args],[mask_buf_addr]
101,user_copy:gk20a_ctrl_get_fbp_l2_masks,user_copy_operations,AIARelevantFunction,0,**AIARelevantFunction Score (0)**: The function `gk20a_ctrl_get_fbp_l2_masks` does not interact with an AI Accelerator (AIA) or manage shared memory between the CPU and AIA. It primarily retrieves ...,[struct nvgpu_gpu_get_fbp_l2_masks_args],[mask_buf_addr]
102,user_copy:gk20a_ctrl_vsm_mapping,user_copy_operations,AIARelevantFunction,0,**AIARelevantFunction Score (0)**: The function `gk20a_ctrl_vsm_mapping` does not interact with an AI Accelerator (AIA) directly. It primarily focuses on configuring and mapping virtual streaming m...,[struct nvgpu_gpu_vsms_mapping; struct nvgpu_gpu_vsms_mapping_entry],[vsms_map_buf_addr]
103,user_copy:nvgpu_gpu_get_engine_info,user_copy_operations,AIARelevantFunction,0,**AIARelevantFunction Score (0)**: The function `nvgpu_gpu_get_engine_info` does not interact with an AI Accelerator (AIA) or shared memory (SMem) mechanisms. It primarily retrieves engine informat...,[struct nvgpu_gpu_get_engine_info_args; struct nvgpu_gpu_get_engine_info_item],[engine_info_buf_addr; engine_info_buf_size; engine_id; runlist_id]
104,user_copy:nvgpu_gpu_clk_get_range,user_copy_operations,AIARelevantFunction,0,**AIARelevantFunction Score (0)**: The function `nvgpu_gpu_clk_get_range` does not interact with an AI Accelerator (AIA) or manage shared memory between the CPU and AIA. It primarily deals with que...,[struct nvgpu_gpu_clk_range_args; struct nvgpu_gpu_clk_range],[clk_range_entries; min_hz; max_hz; clk_domain]
105,user_copy:gk20a_as_ioctl_get_va_regions,user_copy_operations,AIARelevantFunction,0,**AIARelevantFunction Score (0)**: The function `gk20a_as_ioctl_get_va_regions` does not directly interact with an AI Accelerator (AIA) or manage shared memory (SMem) in a way that would qualify it...,[struct nvgpu_as_get_va_regions_args; struct nvgpu_as_va_region],[buf_addr; offset; pages]
106,user_copy:nvmap_ioctl_query_heap_params,user_copy_operations,AIARelevantFunction,0,**AIARelevantFunction Score (0)**: The function `nvmap_ioctl_query_heap_params` does not directly interact with an AI Accelerator (AIA) or manage shared memory (SMem) in a way that would qualify as...,[struct nvmap_query_heap_params],[heap_mask; total; free; largest_free_block]
107,user_copy:nvmap_ioctl_query_heap_params,user_copy_operations,AIARelevantFunction,0,**AIARelevantFunction Score (0)**: The function `nvmap_ioctl_query_heap_params` does not directly interact with an AI Accelerator (AIA) or manage shared memory (SMem) in a way that is typical for A...,[struct nvmap_query_heap_params],[heap_mask; total; free; largest_free_block]
108,user_copy:nvgpu_gpu_clk_get_info,user_copy_operations,AIARelevantFunction,0,**AIARelevantFunction Score (0%)**: The function `nvgpu_gpu_clk_get_info` does not directly interact with an AI Accelerator (AIA) or manage shared memory between the CPU and AIA. It primarily retri...,[struct nvgpu_gpu_clk_get_info_args; struct nvgpu_gpu_clk_info],[clk_info_entries; freq_hz; clk_domain]
109,user_copy:nvgpu_gpu_clk_get_info,user_copy_operations,AIARelevantFunction,0,"**AIARelevantFunction Score (0%)**: The function `nvgpu_gpu_clk_get_info` does not directly interact with an AI Accelerator (AIA) or manage shared memory for an AIA. Instead, it focuses on retrievi...",[struct nvgpu_gpu_clk_get_info_args; struct nvgpu_gpu_clk_info],[clk_info_entries; clk_domain; freq_hz]
110,user_copy:nvmap_ioctl_alloc,user_copy_operations,AIARelevantFunction,0,**AIARelevantFunction Score (0)**: The function `nvmap_ioctl_alloc` does not directly interact with an AI Accelerator (AIA) or manage shared memory specifically for an AIA. It primarily deals with ...,[struct nvmap_alloc_handle],[handle; heap_mask; flags; align]
111,user_copy:nvmap_ioctl_getfd,user_copy_operations,AIARelevantFunction,0,**AIARelevantFunction Score (0)**: The function `nvmap_ioctl_getfd` does not directly interact with an AI Accelerator (AIA) or shared memory management patterns that are typical for AIA integration...,[nvmap_create_handle],[handle; fd]
112,user_copy:nvgpu_ioctl_tsg_dev_ioctl,user_copy_operations,AIARelevantFunction,0,**AIARelevantFunction Score (0)**: The function `nvgpu_ioctl_tsg_dev_ioctl` does not directly interact with an AI Accelerator (AIA) or manage shared memory (SMem) for an AIA. It primarily handles I...,[struct nvgpu_tsg_bind_channel_ex_args; struct nvgpu_tsg_read_single_sm_error_state_args; struct nvgpu_tsg_bind_scheduling_domain_args; struct nvgpu_runlist_interleave_args; struct nvgpu_timeslice_args; struct nvgpu_tsg_l2_max_ways_evict_last_args; struct nvgpu_tsg_set_l2_sector_promotion_args],[channel_fd; domain_fd; sm_id; record_mem; record_size; level; timeslice_us; max_ways; promotion_flag]
113,user_copy:nvgpu_ioctl_tsg_dev_ioctl,user_copy_operations,AIARelevantFunction,0,**AIARelevantFunction Score (0)**: The function `nvgpu_ioctl_tsg_dev_ioctl` does not directly involve sharing memory with an AI Accelerator (AIA). It primarily handles IOCTL commands related to the...,[struct nvgpu_tsg_bind_channel_ex_args; struct nvgpu_tsg_bind_scheduling_domain_args; struct nvgpu_runlist_interleave_args; struct nvgpu_timeslice_args; struct nvgpu_tsg_read_single_sm_error_state_args; struct nvgpu_tsg_l2_max_ways_evict_last_args; struct nvgpu_tsg_set_l2_sector_promotion_args],[channel_fd; domain_fd; timeslice_us; sm_id; record_mem; record_size; max_ways; promotion_flag]
114,gk20a_dbg_gpu_dev_release,ioctl_operations,AIARelevantFunction,0,**AIARelevantFunction Score (0%)**: The function `gk20a_dbg_gpu_dev_release` does not interact with an AI Accelerator (AIA) or shared memory management relevant to AIA operations. It primarily hand...,None,None
115,gk20a_ctrl_dev_release,ioctl_operations,AIARelevantFunction,0,**AIARelevantFunction Score (0%)**: The function `gk20a_ctrl_dev_release` does not involve any operations related to sharing memory with an AI Accelerator (AIA). It primarily handles the release of...,None,None
116,nvmap_open,ioctl_operations,AIARelevantFunction,0,**AIARelevantFunction Score (0%)**: The `nvmap_open` function does not involve any operations related to shared memory (SMem) with an AI Accelerator (AIA). It primarily handles the opening of a dev...,None,None
117,nvmap_ioctl_get_available_heaps,ioctl_operations,AIARelevantFunction,0,**AIARelevantFunction (0%)**: The function `nvmap_ioctl_get_available_heaps` does not involve any operations that directly relate to sharing memory with an AI Accelerator (AIA). It primarily retrie...,[struct nvmap_available_heaps],[None identified]
118,gk20a_power_open,ioctl_operations,AIARelevantFunction,0,**AIARelevantFunction Score (0%)**: The function `gk20a_power_open` does not involve any operations related to shared memory (SMem) with an AI Accelerator (AIA). It primarily deals with opening a d...,None,None
119,gk20a_power_release,ioctl_operations,AIARelevantFunction,0,**AIARelevantFunction Score (0%)**: The function `gk20a_power_release` does not involve any operations related to shared memory (SMem) with an AI Accelerator (AIA). It primarily handles the release...,None,None
120,gk20a_ctrl_dev_open,ioctl_operations,AIARelevantFunction,0,**AIARelevantFunction Score (0%)**: The function `gk20a_ctrl_dev_open` does not directly interact with shared memory or perform operations that would typically be associated with AI Accelerator int...,None,None
121,gk20a_ctrl_ioctl_gpu_characteristics,ioctl_operations,AIARelevantFunction,0,**AIARelevantFunction Score (0)**: The function `gk20a_ctrl_ioctl_gpu_characteristics` does not involve any operations related to sharing memory with an AI Accelerator (AIA). It primarily retrieves...,[struct nvgpu_gpu_get_characteristics],[gpu_characteristics_buf_addr; gpu_characteristics_buf_size]
122,nvgpu_ctrl_ioctl_gpu_characteristics_flags,ioctl_operations,AIARelevantFunction,0,**AIARelevantFunction Score (0)**: The function `nvgpu_ctrl_ioctl_gpu_characteristics_flags` does not interact with shared memory or AI Accelerator (AIA) specific functions. It primarily checks fla...,None,None
123,nvgpu_get_ioctl_graphics_preempt_mode_flags,ioctl_operations,AIARelevantFunction,0,**AIARelevantFunction Score (0)**: The function `nvgpu_get_ioctl_graphics_preempt_mode_flags` does not involve any operations related to shared memory (SMem) with an AI Accelerator (AIA). It simply...,None,None
124,nvgpu_get_ioctl_compute_preempt_mode_flags,ioctl_operations,AIARelevantFunction,0,**AIARelevantFunction Score (0)**: The function `nvgpu_get_ioctl_compute_preempt_mode_flags` does not involve any operations related to shared memory (SMem) with an AI Accelerator (AIA). It primari...,None,None
125,nvgpu_get_ioctl_graphics_preempt_mode,ioctl_operations,AIARelevantFunction,0,**AIARelevantFunction Score (0)**: The function `nvgpu_get_ioctl_graphics_preempt_mode` does not involve any operations related to shared memory (SMem) with an AI Accelerator (AIA). It simply retur...,None,None
126,nvgpu_get_ioctl_compute_preempt_mode,ioctl_operations,AIARelevantFunction,0,**AIARelevantFunction Score (0)**: The function `nvgpu_get_ioctl_compute_preempt_mode` does not involve any operations related to shared memory (SMem) with an AI Accelerator (AIA). It simply maps s...,None,None
127,nvgpu_as_ioctl_get_sync_ro_map,ioctl_operations,AIARelevantFunction,0,**AIARelevantFunction Score (0%)**: The function `nvgpu_as_ioctl_get_sync_ro_map` does not involve any operations that directly relate to sharing memory with an AI Accelerator (AIA). It primarily r...,[struct nvgpu_as_get_sync_ro_map_args],[base_gpuva; sync_size; num_syncpoints]
128,gk20a_as_ioctl_alloc_space,ioctl_operations,AIARelevantFunction,0,**AIARelevantFunction Score (0)**: The function `gk20a_as_ioctl_alloc_space` does not directly interact with an AI Accelerator (AIA) or manage shared memory (SMem) in a way that would qualify it as...,None,None
129,nvmap_ioctl_query_heap_params,ioctl_operations,AIARelevantFunction,0,**AIARelevantFunction Score (0)**: The function `nvmap_ioctl_query_heap_params` does not directly interact with an AI Accelerator (AIA) or manage shared memory (SMem) in a way that would typically ...,[struct nvmap_query_heap_params],[heap_mask; total; free; largest_free_block]
130,nvmap_ioctl_getfd,ioctl_operations,AIARelevantFunction,0,**AIARelevantFunction Score (0)**: The function `nvmap_ioctl_getfd` does not directly interact with an AI Accelerator (AIA) or manage shared memory (SMem) in a way that would qualify it as an AIA r...,[struct nvmap_create_handle],[fd; handle]
131,nvgpu_gpu_ioctl_register_buffer,ioctl_operations,AIARelevantFunction,0,**AIARelevantFunction Score (0)**: The function `nvgpu_gpu_ioctl_register_buffer` does not directly interact with an AI Accelerator (AIA) or manage shared memory (SMem) in a way that would qualify ...,[struct nvgpu_gpu_register_buffer_args],[dmabuf_fd; metadata_addr]
132,nvgpu_ioctl_tsg_open,ioctl_operations,AIARelevantFunction,0,**AIARelevantFunction Score (0%)**: The function `nvgpu_ioctl_tsg_open` does not interact with an AI Accelerator (AIA) or shared memory (SMem) directly. It primarily manages the opening of a task s...,None,None
133,nvgpu_ioctl_channel_get_user_syncpoint,ioctl_operations,AIARelevantFunction,0,**AIARelevantFunction Score (0)**: The function `nvgpu_ioctl_channel_get_user_syncpoint` does not directly involve sharing memory with an AI Accelerator (AIA). It primarily deals with user synchron...,[struct nvgpu_get_user_syncpoint_args],[syncpoint_id; gpu_va]
134,nvgpu_ioctl_channel_alloc_obj_ctx,ioctl_operations,AIARelevantFunction,0,**AIARelevantFunction Score (0%)**: The function `nvgpu_ioctl_channel_alloc_obj_ctx` does not directly involve any operations related to sharing memory with an AI Accelerator (AIA). It primarily ca...,None,None
135,gk20a_channel_open_ioctl,ioctl_operations,AIARelevantFunction,0,**AIARelevantFunction Score (0)**: The function `gk20a_channel_open_ioctl` does not interact with shared memory or perform operations that are directly related to an AI Accelerator (AIA). It primar...,None,None
136,gk20a_as_ioctl_bind_channel,ioctl_operations,AIARelevantFunction,0,**AIARelevantFunction Score (0)**: The function `gk20a_as_ioctl_bind_channel` does not involve any operations related to sharing memory with an AI Accelerator (AIA). It primarily deals with binding...,None,None
137,gk20a_tsg_ioctl_bind_channel_ex,ioctl_operations,AIARelevantFunction,0,**AIARelevantFunction Score (0%)**: The function `gk20a_tsg_ioctl_bind_channel_ex` does not directly interact with an AI Accelerator (AIA) or manage shared memory (SMem) in a way that would qualify...,[nvgpu_tsg_bind_channel_ex_args],[channel_fd; subcontext_id]
138,nvgpu_gpu_ioctl_set_l2_max_ways_evict_last,ioctl_operations,AIARelevantFunction,0,**AIARelevantFunction Score (0)**: The function `nvgpu_gpu_ioctl_set_l2_max_ways_evict_last` does not involve any direct interaction with an AI Accelerator (AIA) or shared memory management pattern...,[struct nvgpu_tsg_l2_max_ways_evict_last_args],[None identified]
139,gk20a_as_ioctl_unmap_buffer,ioctl_operations,AIARelevantFunction,0,**AIARelevantFunction Score (0%)**: The function `gk20a_as_ioctl_unmap_buffer` does not involve any operations that directly relate to sharing memory with an AI Accelerator (AIA). It primarily focu...,[struct nvgpu_as_unmap_buffer_args],[None identified]
140,nvmap_ioctl_free,ioctl_operations,AIARelevantFunction,0,**AIARelevantFunction Score (0)**: The function `nvmap_ioctl_free` does not directly interact with an AI Accelerator (AIA) or shared memory management for an AIA. It primarily deals with freeing a ...,[struct nvmap_client; struct dma_buf],[file descriptor (fd); dma_buf]
141,nvmap_release,ioctl_operations,AIARelevantFunction,0,**AIARelevantFunction Score (0%)**: The `nvmap_release` function does not involve any operations related to shared memory management or interactions with an AI Accelerator (AIA). It primarily handl...,None,None
142,gk20a_event_id_release,ioctl_operations,AIARelevantFunction,0,**AIARelevantFunction Score (0%)**: The function `gk20a_event_id_release` does not interact with shared memory or AI Accelerator (AIA) specific operations. It primarily deals with releasing an even...,None,None
143,gk20a_channel_release,ioctl_operations,AIARelevantFunction,0,**AIARelevantFunction Score (0%)**: The function `gk20a_channel_release` does not involve any operations related to sharing memory with an AI Accelerator (AIA). It primarily handles the release of ...,None,None
144,nvgpu_ioctl_tsg_dev_release,ioctl_operations,AIARelevantFunction,0,**AIARelevantFunction Score (0)**: The function `nvgpu_ioctl_tsg_dev_release` does not involve any operations related to shared memory (SMem) with an AI Accelerator (AIA). It primarily handles the ...,None,None
145,nvgpu_ioctl_tsg_release,ioctl_operations,AIARelevantFunction,0,**AIARelevantFunction Score (0%)**: The function `nvgpu_ioctl_tsg_release` does not involve any operations related to shared memory (SMem) with an AI Accelerator (AIA). It primarily deals with rele...,None,None
146,gk20a_as_dev_release,ioctl_operations,AIARelevantFunction,0,**AIARelevantFunction Score (0%)**: The function `gk20a_as_dev_release` does not involve any operations related to shared memory management or interactions with an AI Accelerator (AIA). It simply r...,None,None
1,nvmap_ioctl_getfd,dma_operations,Relevant_KD_Entry_Point,100,**AIARelevantFunction Score (0)**: The function `nvmap_ioctl_getfd` does not directly interact with an AI Accelerator (AIA) or shared memory management patterns typically associated with AIA integr...,[struct nvmap_create_handle],[op.fd; op.handle]
2,user_copy:gk20a_ctrl_dev_ioctl,user_copy_operations,Relevant_KD_Entry_Point,100,**AIARelevantFunction Score (0)**: The function `gk20a_ctrl_dev_ioctl` does not directly interact with an AI Accelerator (AIA) or manage shared memory (SMem) in a way that would qualify it as an AI...,[nvgpu_gpu_zcull_get_ctx_size_args; nvgpu_gpu_zcull_get_info_args; nvgpu_gpu_zbc_set_table_args; nvgpu_gpu_zbc_query_table_args; nvgpu_gpu_get_characteristics; nvgpu_gpu_prepare_compressible_read_args; nvgpu_gpu_mark_compressible_write_args; nvgpu_alloc_as_args; nvgpu_gpu_open_tsg_args; nvgpu_gpu_get_tpc_masks_args; nvgpu_gpu_get_fbp_l2_masks_args; nvgpu_channel_open_args; nvgpu_gpu_l2_fb_args; nvgpu_gpu_mmu_debug_mode_args; nvgpu_gpu_sm_debug_mode_args],[as_fd; gpu_characteristics_buf_addr; va_range_start; va_range_end; va_range_split; handle; zbc_color; tsg_fd; mask_buf_addr; l2_flush; l2_invalidate; fb_flush; state; enable; sms]
3,user_copy:gk20a_ctrl_ioctl_gpu_characteristics,user_copy_operations,Relevant_KD_Entry_Point,100,**AIARelevantFunction Score (0)**: The function `gk20a_ctrl_ioctl_gpu_characteristics` does not involve any operations related to sharing memory with an AI Accelerator (AIA). It primarily retrieves...,[struct nvgpu_gpu_get_characteristics],[gpu_characteristics_buf_addr; gpu_characteristics_buf_size]
4,user_copy:nvmap_ioctl_query_heap_params,user_copy_operations,Relevant_KD_Entry_Point,100,**AIARelevantFunction Score (0)**: The function `nvmap_ioctl_query_heap_params` does not directly interact with an AI Accelerator (AIA) or manage shared memory (SMem) in a way that would qualify as...,[struct nvmap_query_heap_params],[heap_mask; total; free; largest_free_block]
5,user_copy:nvmap_ioctl_query_heap_params,user_copy_operations,Relevant_KD_Entry_Point,100,**AIARelevantFunction Score (0)**: The function `nvmap_ioctl_query_heap_params` does not directly interact with an AI Accelerator (AIA) or manage shared memory (SMem) in a way that is typical for A...,[struct nvmap_query_heap_params],[heap_mask; total; free; largest_free_block]
6,user_copy:nvmap_ioctl_getfd,user_copy_operations,Relevant_KD_Entry_Point,100,**AIARelevantFunction Score (0)**: The function `nvmap_ioctl_getfd` does not directly interact with an AI Accelerator (AIA) or shared memory management patterns that are typical for AIA integration...,[nvmap_create_handle],[handle; fd]
7,user_copy:nvgpu_ioctl_tsg_dev_ioctl,user_copy_operations,Relevant_KD_Entry_Point,100,**AIARelevantFunction Score (0)**: The function `nvgpu_ioctl_tsg_dev_ioctl` does not directly interact with an AI Accelerator (AIA) or manage shared memory (SMem) for an AIA. It primarily handles I...,[struct nvgpu_tsg_bind_channel_ex_args; struct nvgpu_tsg_read_single_sm_error_state_args; struct nvgpu_tsg_bind_scheduling_domain_args; struct nvgpu_runlist_interleave_args; struct nvgpu_timeslice_args; struct nvgpu_tsg_l2_max_ways_evict_last_args; struct nvgpu_tsg_set_l2_sector_promotion_args],[channel_fd; domain_fd; sm_id; record_mem; record_size; level; timeslice_us; max_ways; promotion_flag]
8,user_copy:nvgpu_ioctl_tsg_dev_ioctl,user_copy_operations,Relevant_KD_Entry_Point,100,**AIARelevantFunction Score (0)**: The function `nvgpu_ioctl_tsg_dev_ioctl` does not directly involve sharing memory with an AI Accelerator (AIA). It primarily handles IOCTL commands related to the...,[struct nvgpu_tsg_bind_channel_ex_args; struct nvgpu_tsg_bind_scheduling_domain_args; struct nvgpu_runlist_interleave_args; struct nvgpu_timeslice_args; struct nvgpu_tsg_read_single_sm_error_state_args; struct nvgpu_tsg_l2_max_ways_evict_last_args; struct nvgpu_tsg_set_l2_sector_promotion_args],[channel_fd; domain_fd; timeslice_us; sm_id; record_mem; record_size; max_ways; promotion_flag]
9,gk20a_ctrl_dev_open,ioctl_operations,Relevant_KD_Entry_Point,100,**AIARelevantFunction Score (0%)**: The function `gk20a_ctrl_dev_open` does not directly interact with shared memory or perform operations that would typically be associated with AI Accelerator int...,None,None
10,gk20a_ctrl_ioctl_gpu_characteristics,ioctl_operations,Relevant_KD_Entry_Point,100,**AIARelevantFunction Score (0)**: The function `gk20a_ctrl_ioctl_gpu_characteristics` does not involve any operations related to sharing memory with an AI Accelerator (AIA). It primarily retrieves...,[struct nvgpu_gpu_get_characteristics],[gpu_characteristics_buf_addr; gpu_characteristics_buf_size]
11,nvgpu_as_ioctl_get_sync_ro_map,ioctl_operations,Relevant_KD_Entry_Point,100,**AIARelevantFunction Score (0%)**: The function `nvgpu_as_ioctl_get_sync_ro_map` does not involve any operations that directly relate to sharing memory with an AI Accelerator (AIA). It primarily r...,[struct nvgpu_as_get_sync_ro_map_args],[base_gpuva; sync_size; num_syncpoints]
12,gk20a_as_ioctl_alloc_space,ioctl_operations,Relevant_KD_Entry_Point,100,**AIARelevantFunction Score (0)**: The function `gk20a_as_ioctl_alloc_space` does not directly interact with an AI Accelerator (AIA) or manage shared memory (SMem) in a way that would qualify it as...,None,None
13,nvmap_ioctl_query_heap_params,ioctl_operations,Relevant_KD_Entry_Point,100,**AIARelevantFunction Score (0)**: The function `nvmap_ioctl_query_heap_params` does not directly interact with an AI Accelerator (AIA) or manage shared memory (SMem) in a way that would typically ...,[struct nvmap_query_heap_params],[heap_mask; total; free; largest_free_block]
14,nvmap_ioctl_getfd,ioctl_operations,Relevant_KD_Entry_Point,100,**AIARelevantFunction Score (0)**: The function `nvmap_ioctl_getfd` does not directly interact with an AI Accelerator (AIA) or manage shared memory (SMem) in a way that would qualify it as an AIA r...,[struct nvmap_create_handle],[fd; handle]
15,nvgpu_gpu_ioctl_register_buffer,ioctl_operations,Relevant_KD_Entry_Point,100,**AIARelevantFunction Score (0)**: The function `nvgpu_gpu_ioctl_register_buffer` does not directly interact with an AI Accelerator (AIA) or manage shared memory (SMem) in a way that would qualify ...,[struct nvgpu_gpu_register_buffer_args],[dmabuf_fd; metadata_addr]
16,nvgpu_ioctl_tsg_open,ioctl_operations,Relevant_KD_Entry_Point,100,**AIARelevantFunction Score (0%)**: The function `nvgpu_ioctl_tsg_open` does not interact with an AI Accelerator (AIA) or shared memory (SMem) directly. It primarily manages the opening of a task s...,None,None
17,nvgpu_ioctl_channel_get_user_syncpoint,ioctl_operations,Relevant_KD_Entry_Point,100,**AIARelevantFunction Score (0)**: The function `nvgpu_ioctl_channel_get_user_syncpoint` does not directly involve sharing memory with an AI Accelerator (AIA). It primarily deals with user synchron...,[struct nvgpu_get_user_syncpoint_args],[syncpoint_id; gpu_va]
18,nvgpu_ioctl_channel_alloc_obj_ctx,ioctl_operations,Relevant_KD_Entry_Point,100,**AIARelevantFunction Score (0%)**: The function `nvgpu_ioctl_channel_alloc_obj_ctx` does not directly involve any operations related to sharing memory with an AI Accelerator (AIA). It primarily ca...,None,None
19,gk20a_channel_open_ioctl,ioctl_operations,Relevant_KD_Entry_Point,100,**AIARelevantFunction Score (0)**: The function `gk20a_channel_open_ioctl` does not interact with shared memory or perform operations that are directly related to an AI Accelerator (AIA). It primar...,None,None
20,gk20a_as_ioctl_bind_channel,ioctl_operations,Relevant_KD_Entry_Point,100,**AIARelevantFunction Score (0)**: The function `gk20a_as_ioctl_bind_channel` does not involve any operations related to sharing memory with an AI Accelerator (AIA). It primarily deals with binding...,None,None
21,gk20a_tsg_ioctl_bind_channel_ex,ioctl_operations,Relevant_KD_Entry_Point,100,**AIARelevantFunction Score (0%)**: The function `gk20a_tsg_ioctl_bind_channel_ex` does not directly interact with an AI Accelerator (AIA) or manage shared memory (SMem) in a way that would qualify...,[nvgpu_tsg_bind_channel_ex_args],[channel_fd; subcontext_id]
22,nvgpu_gpu_ioctl_set_l2_max_ways_evict_last,ioctl_operations,Relevant_KD_Entry_Point,100,**AIARelevantFunction Score (0)**: The function `nvgpu_gpu_ioctl_set_l2_max_ways_evict_last` does not involve any direct interaction with an AI Accelerator (AIA) or shared memory management pattern...,[struct nvgpu_tsg_l2_max_ways_evict_last_args],[None identified]
23,nvgpu_gpu_ioctl_register_buffer,dma_operations,Relevant_KD_Entry_Point,90,**AIARelevantFunction Score (0)**: The function `nvgpu_gpu_ioctl_register_buffer` does not directly interact with an AI Accelerator (AIA) or manage shared memory (SMem) in a way that would qualify ...,[struct nvgpu_gpu_register_buffer_args],[dmabuf_fd; metadata_addr]
24,nvgpu_gpu_ioctl_register_buffer,dma_operations,Relevant_KD_Entry_Point,90,"**AIARelevantFunction Score (80)**: The function `nvgpu_gpu_ioctl_register_buffer` is involved in registering a buffer for use with the GPU, which includes handling DMA buffers. It utilizes `dma_bu...",[struct nvgpu_gpu_register_buffer_args],[dmabuf_fd; metadata_addr; metadata_size]
25,user_copy:gk20a_channel_ioctl,user_copy_operations,Relevant_KD_Entry_Point,90,"**AIARelevantFunction Score (70)**: The function `gk20a_channel_ioctl` interacts with various structures that are relevant for managing GPU channels and their operations, which may involve shared m...",[nvgpu_alloc_obj_ctx_args; nvgpu_channel_setup_bind_args; nvgpu_alloc_gpfifo_ex_args; nvgpu_submit_gpfifo_args; nvgpu_wait_args; nvgpu_zcull_bind_args; nvgpu_set_error_notifier; nvgpu_set_timeout_args; nvgpu_set_timeout_ex_args; nvgpu_get_param_args],[userd_dmabuf_fd; gpfifo_dmabuf_fd; userd_dmabuf_offset; gpfifo_dmabuf_offset; obj_id]
26,user_copy:gk20a_channel_ioctl,user_copy_operations,Relevant_KD_Entry_Point,90,**AIARelevantFunction Score (80)**: The function `gk20a_channel_ioctl` interacts with various structures that are critical for managing GPU channels and their associated resources. It handles comma...,[nvgpu_alloc_obj_ctx_args; nvgpu_channel_setup_bind_args; nvgpu_alloc_gpfifo_ex_args; nvgpu_set_timeout_args; nvgpu_set_timeout_ex_args; nvgpu_get_param_args],[userd_dmabuf_fd; gpfifo_dmabuf_fd; userd_dmabuf_offset; gpfifo_dmabuf_offset; obj_id]
27,user_copy:gk20a_ctrl_dev_ioctl,user_copy_operations,Relevant_KD_Entry_Point,90,**AIARelevantFunction Score (70)**: The function `gk20a_ctrl_dev_ioctl` interacts with various GPU operations that could involve shared memory management and communication with the AI Accelerator (...,[nvgpu_gpu_zcull_get_ctx_size_args; nvgpu_gpu_zcull_get_info_args; nvgpu_gpu_zbc_set_table_args; nvgpu_gpu_zbc_query_table_args; nvgpu_gpu_get_characteristics; nvgpu_gpu_prepare_compressible_read_args; nvgpu_gpu_mark_compressible_write_args; nvgpu_alloc_as_args; nvgpu_gpu_open_tsg_args; nvgpu_gpu_get_tpc_masks_args; nvgpu_gpu_get_fbp_l2_masks_args; nvgpu_channel_open_args; nvgpu_gpu_l2_fb_args; nvgpu_gpu_mmu_debug_mode_args; nvgpu_gpu_sm_debug_mode_args],[handle; offset; va_range_start; va_range_end; va_range_split; zbc_color; tsg_fd; mask_buf_addr; syncpt_unit_base; syncpt_unit_size]
28,user_copy:gk20a_as_dev_ioctl,user_copy_operations,Relevant_KD_Entry_Point,90,**AIARelevantFunction Score (80)**: The function `gk20a_as_dev_ioctl` interacts with various memory management operations that are relevant for an AI Accelerator (AIA). It handles commands that inv...,[nvgpu_as_alloc_space_args; nvgpu32_as_alloc_space_args; nvgpu_as_free_space_args; nvgpu_as_map_buffer_ex_args; nvgpu_as_unmap_buffer_args; nvgpu_as_get_va_regions_args; nvgpu_as_map_buffer_batch_args; nvgpu_as_get_sync_ro_map_args; nvgpu_as_mapping_modify_args; nvgpu_as_remap_args],[offset; pages; page_size; buffer_offset; buffer_size; base_gpuva; sync_size; num_syncpoints]
29,user_copy:gk20a_as_dev_ioctl,user_copy_operations,Relevant_KD_Entry_Point,90,**AIARelevantFunction Score (80)**: The function `gk20a_as_dev_ioctl` is involved in handling various IOCTL commands that are likely related to memory management and operations involving the AI Acc...,[struct nvgpu32_as_alloc_space_args; struct nvgpu_as_alloc_space_args; struct nvgpu_as_free_space_args; struct nvgpu_as_map_buffer_ex_args; struct nvgpu_as_unmap_buffer_args; struct nvgpu_as_get_va_regions_args; struct nvgpu_as_map_buffer_batch_args; struct nvgpu_as_get_sync_ro_map_args; struct nvgpu_as_mapping_modify_args; struct nvgpu_as_remap_args],[channel_fd; offset; pages; page_size; buffer_offset; mapping_size; base_gpuva; sync_size; num_syncpoints; map_address]
30,user_copy:nvmap_ioctl_create,user_copy_operations,Relevant_KD_Entry_Point,90,**AIARelevantFunction Score (70)**: The function `nvmap_ioctl_create` is involved in creating a handle for a shared memory buffer that can be used by an AI Accelerator (AIA). It interacts with the ...,[nvmap_create_handle],[handle; handle64; fd; size; orig_size; vaddr; dma_buf]
31,user_copy:nvmap_ioctl_create,user_copy_operations,Relevant_KD_Entry_Point,90,"**AIARelevantFunction Score (70)**: The function `nvmap_ioctl_create` is involved in creating a handle for shared memory, which is relevant for AI Accelerator integration. It interacts with DMA buf...",[nvmap_create_handle],[handle; handle64; fd; size; orig_size; vaddr]
32,user_copy:nvgpu_gpu_ioctl_register_buffer,user_copy_operations,Relevant_KD_Entry_Point,90,"**AIARelevantFunction Score (80)**: The function `nvgpu_gpu_ioctl_register_buffer` is involved in managing a DMA buffer, which is critical for AI Accelerator (AIA) operations. It utilizes `dma_buf_...",[struct nvgpu_gpu_register_buffer_args],[dmabuf_fd; metadata_addr; metadata_size]
33,user_copy:nvmap_ioctl_create_from_va,user_copy_operations,Relevant_KD_Entry_Point,90,"**AIARelevantFunction (70%)**: The function `nvmap_ioctl_create_from_va` is involved in creating a handle from a virtual address, which is relevant for memory management in the context of an AI Acc...",[nvmap_create_handle_from_va],[handle; fd; va; size; flags]
34,user_copy:nvmap_ioctl_create_from_va,user_copy_operations,Relevant_KD_Entry_Point,90,"**AIARelevantFunction Score (80)**: The function `nvmap_ioctl_create_from_va` is involved in creating a handle from a virtual address, which is a critical operation for sharing memory with an AI Ac...",[struct nvmap_create_handle_from_va],[va; size; flags; handle]
35,gk20a_channel_ioctl,ioctl_operations,Relevant_KD_Entry_Point,90,"**AIARelevantFunction Score (80)**: The function `gk20a_channel_ioctl` interacts with various structures that are relevant to AI Accelerator operations, particularly in managing channels and memory...",[nvgpu_channel_open_args; nvgpu_alloc_obj_ctx_args; nvgpu_channel_setup_bind_args; nvgpu_alloc_gpfifo_ex_args; nvgpu_wait_args; nvgpu_set_timeout_args; nvgpu_set_timeout_ex_args; nvgpu_get_param_args],[userd_dmabuf_fd; gpfifo_dmabuf_fd; userd_dmabuf_offset; gpfifo_dmabuf_offset; obj_id]
36,gk20a_ioctl_channel_submit_gpfifo,ioctl_operations,Relevant_KD_Entry_Point,90,"**AIARelevantFunction (80%)**: The function `gk20a_ioctl_channel_submit_gpfifo` is involved in submitting a GPU FIFO command, which is relevant for AI Accelerator integration. It handles user comma...",[nvgpu_submit_gpfifo_args; nvgpu_channel_fence; nvgpu_user_fence; nvgpu_gpfifo_userdata],[fence.id; fence.value; args.gpfifo; args.num_entries; args.flags; userdata.entries; userdata.context]
37,nvmap_ioctl,ioctl_operations,Relevant_KD_Entry_Point,90,"**AIARelevantFunction Score (70)**: The function `nvmap_ioctl` handles various IOCTL commands that can be related to memory management and operations involving shared memory, which is relevant for ...",[struct nvmap_rw_handle; struct nvmap_cache_op; struct nvmap_cache_op_32; struct nvmap_cache_op_64],[addr; handle]
38,gk20a_ctrl_dev_ioctl,ioctl_operations,Relevant_KD_Entry_Point,90,**AIARelevantFunction Score (80)**: The function `gk20a_ctrl_dev_ioctl` interacts with various GPU operations and handles commands that can involve memory management and data transfer between the C...,[nvgpu_gpu_zcull_get_ctx_size_args; nvgpu_gpu_zcull_get_info_args; nvgpu_gpu_zbc_set_table_args; nvgpu_gpu_zbc_query_table_args; nvgpu_gpu_get_characteristics; nvgpu_gpu_prepare_compressible_read_args; nvgpu_gpu_mark_compressible_write_args; nvgpu_alloc_as_args; nvgpu_gpu_open_tsg_args; nvgpu_gpu_get_tpc_masks_args; nvgpu_gpu_get_fbp_l2_masks_args; nvgpu_channel_open_args; nvgpu_gpu_l2_fb_args; nvgpu_gpu_mmu_debug_mode_args; nvgpu_gpu_sm_debug_mode_args],[handle; as_fd; gpu_instance_id; gr_instance_id; userd_iova; userd_mem; userd_offset; l2_flush; l2_invalidate; fb_flush; state; sms]
39,gk20a_as_dev_ioctl,ioctl_operations,Relevant_KD_Entry_Point,90,**AIARelevantFunction Score (80)**: The function `gk20a_as_dev_ioctl` interacts with various memory management operations that are relevant for an AI Accelerator (AIA). It handles memory allocation...,[nvgpu_as_bind_channel_args; nvgpu32_as_alloc_space_args; nvgpu_as_alloc_space_args; nvgpu_as_free_space_args; nvgpu_as_map_buffer_ex_args; nvgpu_as_unmap_buffer_args; nvgpu_as_get_va_regions_args; nvgpu_as_map_buffer_batch_args; nvgpu_as_get_sync_ro_map_args; nvgpu_as_mapping_modify_args; nvgpu_as_remap_args],[channel_fd; pages; page_size; flags; offset; buffer_offset; buffer_size; base_gpuva; num_syncpoints]
40,gk20a_as_ioctl_get_va_regions,ioctl_operations,Relevant_KD_Entry_Point,90,"**AIARelevantFunction Score (70)**: The function `gk20a_as_ioctl_get_va_regions` is involved in managing virtual address regions, which is relevant for AI Accelerator integration. It interacts with...",[struct nvgpu_as_get_va_regions_args; struct nvgpu_as_va_region],[buf_addr; buf_size; offset; page_size; pages]
41,nvmap_ioctl_create,ioctl_operations,Relevant_KD_Entry_Point,90,**AIARelevantFunction Score (70)**: The function `nvmap_ioctl_create` interacts with DMA buffers and handles that are crucial for memory management in the context of AI accelerators. It utilizes `d...,[nvmap_create_handle],[handle; handle64; fd; size; orig_size; vaddr; dma_buf; ivm_id]
42,nvmap_ioctl_alloc,ioctl_operations,Relevant_KD_Entry_Point,90,"**AIARelevantFunction (70%)**: The function `nvmap_ioctl_alloc` is involved in memory allocation for an AI accelerator, specifically through the use of the `nvmap_alloc_handle` structure. It checks...",[nvmap_alloc_handle],[handle; size; align; heap_mask]
43,gk20a_as_ioctl_map_buffer_ex,ioctl_operations,Relevant_KD_Entry_Point,90,**AIARelevantFunction Score (80)**: The function `gk20a_as_ioctl_map_buffer_ex` is involved in mapping a buffer for an AI Accelerator (AIA) by utilizing the `nvgpu_vm_map_buffer` function. This fun...,[nvgpu_as_map_buffer_ex_args],[dmabuf_fd; buffer_offset; mapping_size; offset]
44,nvgpu_ioctl_tsg_dev_ioctl,ioctl_operations,Relevant_KD_Entry_Point,90,**AIARelevantFunction Score (70%)**: The function `nvgpu_ioctl_tsg_dev_ioctl` interacts with the GPU's task scheduling group (TSG) and handles various commands that could involve memory management ...,[nvgpu_tsg_bind_channel_ex_args; nvgpu_event_id_ctrl_args; nvgpu_runlist_interleave_args; nvgpu_timeslice_args; nvgpu_tsg_read_single_sm_error_state_args; nvgpu_tsg_l2_max_ways_evict_last_args; nvgpu_tsg_set_l2_sector_promotion_args],[channel_fd; event_id; event_fd; max_ways; promotion_flag; record_mem; record_size]
45,nvmap_ioctl_create_from_va,ioctl_operations,Relevant_KD_Entry_Point,90,**AIARelevantFunction Score (80)**: The function `nvmap_ioctl_create_from_va` is involved in managing memory for an AI Accelerator (AIA) by creating a handle from a virtual address. It uses the `nv...,[nvmap_create_handle_from_va],[handle; va; size; flags; fd]
46,nvmap_handle_get_from_id,dma_operations,Relevant_KD_Entry_Point,80,"**AIARelevantFunction Score (70)**: The function `nvmap_handle_get_from_id` interacts with DMA buffers through the `dma_buf` structure, which is crucial for memory management in the context of AI a...",[struct nvmap_handle_info; struct dma_buf],[dma_buf* dmabuf; nvmap_handle* handle; u32 id]
47,gk20a_init_error_notifier,dma_operations,Relevant_KD_Entry_Point,80,**AIARelevantFunction Score (0)**: The function `gk20a_init_error_notifier` does not directly involve sharing memory with an AI Accelerator (AIA). It primarily deals with initializing an error noti...,[struct nvgpu_set_error_notifier; struct nvgpu_notification],[args->mem; priv->error_notifier.notification; priv->error_notifier.vaddr]
48,gk20a_init_error_notifier,dma_operations,Relevant_KD_Entry_Point,80,"**AIARelevantFunction Score (70)**: The function `gk20a_init_error_notifier` interacts with a DMA buffer through the `dma_buf_get` and `dma_buf_put` functions, which are relevant for managing memor...",[struct nvgpu_set_error_notifier; struct nvgpu_notification],[args->mem; priv->error_notifier.notification; priv->error_notifier.vaddr]
49,gk20a_init_error_notifier,dma_operations,Relevant_KD_Entry_Point,80,**AIARelevantFunction Score (0)**: The function `gk20a_init_error_notifier` does not directly interact with an AI Accelerator (AIA) or manage shared memory for an AIA. It primarily deals with error...,[struct nvgpu_set_error_notifier; struct nvgpu_notification; struct dma_buf],[mem (memory handle); size; offset]
50,nvmap_ioctl_free,dma_operations,Relevant_KD_Entry_Point,80,**AIARelevantFunction Score (0%)**: The function `nvmap_ioctl_free` does not directly involve any operations related to sharing memory with an AI Accelerator (AIA). It primarily deals with freeing ...,[None identified],[None identified]
51,nvmap_ioctl_free,dma_operations,Relevant_KD_Entry_Point,80,**AIARelevantFunction Score (0)**: The function `nvmap_ioctl_free` does not directly interact with an AI Accelerator (AIA) or manage shared memory (SMem) for an AIA. It primarily deals with freeing...,[None identified],[None identified]
52,user_copy:nvmap_ioctl_get_available_heaps,user_copy_operations,Relevant_KD_Entry_Point,80,**AIARelevantFunction Score (0)**: The function `nvmap_ioctl_get_available_heaps` does not directly involve sharing memory with an AI Accelerator (AIA). It primarily retrieves available heap inform...,[struct nvmap_available_heaps],[None identified]
53,user_copy:nvgpu_gpu_get_engine_info,user_copy_operations,Relevant_KD_Entry_Point,80,**AIARelevantFunction Score (0)**: The function `nvgpu_gpu_get_engine_info` does not interact with an AI Accelerator (AIA) or shared memory (SMem) mechanisms. It primarily retrieves engine informat...,[struct nvgpu_gpu_get_engine_info_args; struct nvgpu_gpu_get_engine_info_item],[engine_info_buf_addr; engine_info_buf_size; engine_id; runlist_id]
54,user_copy:nvgpu_gpu_clk_get_range,user_copy_operations,Relevant_KD_Entry_Point,80,**AIARelevantFunction Score (0)**: The function `nvgpu_gpu_clk_get_range` does not interact with an AI Accelerator (AIA) or manage shared memory between the CPU and AIA. It primarily deals with que...,[struct nvgpu_gpu_clk_range_args; struct nvgpu_gpu_clk_range],[clk_range_entries; min_hz; max_hz; clk_domain]
55,user_copy:gk20a_as_ioctl_get_va_regions,user_copy_operations,Relevant_KD_Entry_Point,80,**AIARelevantFunction Score (0)**: The function `gk20a_as_ioctl_get_va_regions` does not directly interact with an AI Accelerator (AIA) or manage shared memory (SMem) in a way that would qualify it...,[struct nvgpu_as_get_va_regions_args; struct nvgpu_as_va_region],[buf_addr; offset; pages]
56,user_copy:nvgpu_gpu_clk_get_info,user_copy_operations,Relevant_KD_Entry_Point,80,**AIARelevantFunction Score (0%)**: The function `nvgpu_gpu_clk_get_info` does not directly interact with an AI Accelerator (AIA) or manage shared memory between the CPU and AIA. It primarily retri...,[struct nvgpu_gpu_clk_get_info_args; struct nvgpu_gpu_clk_info],[clk_info_entries; freq_hz; clk_domain]
57,user_copy:nvgpu_gpu_clk_get_info,user_copy_operations,Relevant_KD_Entry_Point,80,"**AIARelevantFunction Score (0%)**: The function `nvgpu_gpu_clk_get_info` does not directly interact with an AI Accelerator (AIA) or manage shared memory for an AIA. Instead, it focuses on retrievi...",[struct nvgpu_gpu_clk_get_info_args; struct nvgpu_gpu_clk_info],[clk_info_entries; clk_domain; freq_hz]
58,user_copy:nvmap_ioctl_alloc,user_copy_operations,Relevant_KD_Entry_Point,80,**AIARelevantFunction Score (0)**: The function `nvmap_ioctl_alloc` does not directly interact with an AI Accelerator (AIA) or manage shared memory specifically for an AIA. It primarily deals with ...,[struct nvmap_alloc_handle],[handle; heap_mask; flags; align]
59,user_copy:nvmap_install_fd,user_copy_operations,Relevant_KD_Entry_Point,80,**AIARelevantFunction Score (70)**: The function `nvmap_install_fd` interacts with a DMA buffer (`dma_buf`) which is crucial for memory management in the context of AI Accelerators. It checks for t...,[struct nvmap_handle_info; struct dma_buf],[dma_buf->file; nvmap_handle_info->handle; nvmap_handle->dmabuf; nvmap_handle->is_ro]
60,nvmap_ioctl_get_available_heaps,ioctl_operations,Relevant_KD_Entry_Point,80,**AIARelevantFunction (0%)**: The function `nvmap_ioctl_get_available_heaps` does not involve any operations that directly relate to sharing memory with an AI Accelerator (AIA). It primarily retrie...,[struct nvmap_available_heaps],[None identified]
61,nvgpu_ctrl_ioctl_gpu_characteristics_flags,ioctl_operations,Relevant_KD_Entry_Point,80,**AIARelevantFunction Score (0)**: The function `nvgpu_ctrl_ioctl_gpu_characteristics_flags` does not interact with shared memory or AI Accelerator (AIA) specific functions. It primarily checks fla...,None,None
62,nvmap_ioctl_free,ioctl_operations,Relevant_KD_Entry_Point,80,**AIARelevantFunction Score (0)**: The function `nvmap_ioctl_free` does not directly interact with an AI Accelerator (AIA) or shared memory management for an AIA. It primarily deals with freeing a ...,[struct nvmap_client; struct dma_buf],[file descriptor (fd); dma_buf]
63,drivers/video/tegra/nvmap/nvmap_dmabuf.c:_nvmap_dmabuf_map_dma_buf,functions_by_file,Relevant_KD_Entry_Point,70,**AIARelevantFunction Score (90)**: The function `_nvmap_dmabuf_map_dma_buf` is heavily involved in mapping DMA buffers for an AI Accelerator (AIA). It utilizes the `dma_map_sg_attrs` function to m...,[struct dma_buf_attachment; struct nvmap_handle_info; struct sg_table],[dma_address; phys_addr; device; dma_buf; nvmap_handle]
64,nvmap_handle_get_from_id,dma_operations,Relevant_KD_Entry_Point,70,"**AIARelevantFunction Score (60)**: The function `nvmap_handle_get_from_id` interacts with DMA buffers through the `dma_buf` structure, which is relevant for AI Accelerator integration as it manage...",[struct nvmap_handle_info; struct dma_buf],[dma_buf*; nvmap_handle*; nvmap_client*; u32 id]
65,nvgpu_vm_map_buffer,dma_operations,Relevant_KD_Entry_Point,70,"**AIARelevantFunction Score (80%)**: The function `nvgpu_vm_map_buffer` is involved in mapping a DMA buffer to a virtual address space, which is a critical operation for enabling an AI Accelerator ...",[vm_gk20a_mapping_batch],[buffer_offset; mapping_size; *map_addr; dmabuf_fd]
66,nvgpu_vm_map_buffer,dma_operations,Relevant_KD_Entry_Point,70,"**AIARelevantFunction Score (80)**: The function `nvgpu_vm_map_buffer` is involved in mapping a DMA buffer to a virtual address space, which is critical for enabling an AI Accelerator (AIA) to acce...",[vm_gk20a_mapping_batch],[dma_buf_fd; buffer_offset; mapping_size; map_addr]
67,nvgpu_vm_map_buffer,dma_operations,Relevant_KD_Entry_Point,70,"**AIARelevantFunction Score (80)**: The function `nvgpu_vm_map_buffer` is involved in mapping a DMA buffer to a virtual address space, which is critical for enabling the AI Accelerator (AIA) to acc...",[vm_gk20a_mapping_batch],[dma_buf_fd; buffer_offset; mapping_size; *map_addr]
68,nvgpu_vm_map_buffer,dma_operations,Relevant_KD_Entry_Point,70,"**AIARelevantFunction Score (80)**: The function `nvgpu_vm_map_buffer` is involved in mapping a DMA buffer to a virtual address space, which is critical for enabling an AI Accelerator (AIA) to acce...",[vm_gk20a_mapping_batch],[buffer_offset; mapping_size; *map_addr]
69,nvgpu_vm_map_buffer,dma_operations,Relevant_KD_Entry_Point,70,"**AIARelevantFunction Score (80)**: The function `nvgpu_vm_map_buffer` is involved in mapping a DMA buffer to a virtual address space, which is critical for enabling the AI Accelerator (AIA) to acc...",[vm_gk20a_mapping_batch],[buffer_offset; mapping_size; *map_addr; dmabuf->size]
70,nvgpu_mm_pin,dma_operations,Relevant_KD_Entry_Point,70,"**AIARelevantFunction Score (90)**: The function `nvgpu_mm_pin` is heavily involved in memory management for DMA operations, specifically attaching and mapping a DMA buffer to a device. It uses `dm...",[struct dma_buf; struct dma_buf_attachment; struct sg_table],[dma_address; usermode_regs_bus_addr; usermode_regs; dma_mask; coherent_dma_mask]
71,drivers/gpu/nvgpu/os/linux/linux-dma.c:nvgpu_dma_alloc_flags_sys,functions_by_file,Relevant_KD_Entry_Point,60,"**AIARelevantFunction Score (70)**: The function `nvgpu_dma_alloc_flags_sys` is involved in allocating DMA memory, which is relevant for AI Accelerator integration. It uses `dma_alloc_attrs`, which...",[nvgpu_mem],[gpu_va; cpu_va; size; aligned_size]
72,drivers/video/tegra/nvmap/nvmap_dmabuf.c:nvmap_get_dmabuf_fd,functions_by_file,Relevant_KD_Entry_Point,60,"**AIARelevantFunction Score (70)**: The function `nvmap_get_dmabuf_fd` is involved in managing DMA buffers, which are crucial for sharing memory between the CPU and an AI Accelerator (AIA). It util...",[struct nvmap_handle; struct dma_buf],[size; vaddr; dma_buf; file; flags]
73,drivers/video/tegra/nvmap/nvmap_alloc.c:nvmap_alloc_handle,functions_by_file,Relevant_KD_Entry_Point,60,"**AIARelevantFunction Score (70)**: The function `nvmap_alloc_handle` is involved in memory allocation for the `nvmap_handle`, which is relevant for AI Accelerator integration as it manages memory ...",[struct nvmap_handle; struct nvmap_client],[size; flags; userflags; vaddr; ivm_id; peer]
74,drivers/video/tegra/nvmap/nvmap_alloc.c:alloc_handle_from_va,functions_by_file,Relevant_KD_Entry_Point,60,**AIARelevantFunction Score (80)**: The function `alloc_handle_from_va` is involved in memory management that is relevant to AI Accelerator integration. It pins user pages to memory using `nvmap_ge...,None,vaddr; size; flags; pages
75,nvmap_handle_get_from_id,dma_operations,Relevant_KD_Entry_Point,60,"**AIARelevantFunction Score (70)**: The function `nvmap_handle_get_from_id` interacts with DMA buffers through the `dma_buf` structure, which is crucial for memory management in the context of AI a...",[struct nvmap_handle_info; struct nvmap_handle; struct dma_buf],[dma_buf; nvmap_handle; nvmap_client; file descriptor]
76,nvgpu_vm_map_buffer,dma_operations,Relevant_KD_Entry_Point,60,"**AIARelevantFunction Score (80)**: The function `nvgpu_vm_map_buffer` is involved in mapping a DMA buffer to a virtual address space, which is critical for enabling an AI Accelerator (AIA) to acce...",[vm_gk20a_mapping_batch],[buffer_offset; mapping_size; dmabuf->size; *map_addr]
77,nvgpu_vm_map_buffer,dma_operations,Relevant_KD_Entry_Point,60,"**AIARelevantFunction Score (80%)**: The function `nvgpu_vm_map_buffer` is involved in mapping a DMA buffer to a virtual address space, which is critical for enabling an AI Accelerator (AIA) to acc...",[vm_gk20a_mapping_batch],[dma_buf; buffer_offset; mapping_size; *map_addr]
78,nvgpu_mm_pin,dma_operations,Relevant_KD_Entry_Point,60,"**AIARelevantFunction Score (80)**: The function `nvgpu_mm_pin` is involved in memory management for DMA buffers, which is critical for AI Accelerator integration. It uses `dma_buf_attach` and `dma...",[struct dma_buf; struct dma_buf_attachment],[size; file; attachments; dma_buf_ops; sg_table; device; direction]
79,drivers/gpu/nvgpu/os/linux/linux-dma.c:nvgpu_iommuable,functions_by_file,Relevant_KD_Entry_Point,0,**AIARelevantFunction Score (0%)**: The function `nvgpu_iommuable` does not perform any operations related to shared memory management or interactions with an AI Accelerator (AIA). It checks if the...,None,None
80,drivers/gpu/nvgpu/os/linux/linux-dma.c:nvgpu_dma_free_sys,functions_by_file,Relevant_KD_Entry_Point,0,**AIARelevantFunction Score (0)**: The function `nvgpu_dma_free_sys` is primarily focused on freeing DMA memory allocated for the GPU. It does not involve any operations that directly relate to sha...,None,None
81,drivers/gpu/nvgpu/os/linux/linux-dma.c:nvgpu_dma_free_no_iommu,functions_by_file,Relevant_KD_Entry_Point,0,**AIARelevantFunction Score (0)**: The function `nvgpu_dma_free_no_iommu` is primarily focused on freeing DMA memory that was previously allocated. It does not involve any operations related to sha...,None,None
82,drivers/gpu/nvgpu/os/linux/linux-dma.c:nvgpu_free_sgtable,functions_by_file,Relevant_KD_Entry_Point,0,**AIARelevantFunction Score (0)**: The function `nvgpu_free_sgtable` does not involve any operations related to sharing memory with an AI Accelerator (AIA). It primarily deals with freeing a scatte...,None,None
83,drivers/gpu/nvgpu/os/linux/linux-dma.c:nvgpu_dma_flags_to_attrs,functions_by_file,Relevant_KD_Entry_Point,0,**AIARelevantFunction Score (0%)**: The function `nvgpu_dma_flags_to_attrs` does not interact with shared memory or AI Accelerator (AIA) specific operations. It primarily translates DMA flags into ...,None,None
84,drivers/gpu/nvgpu/os/linux/linux-dma.c:nvgpu_dma_alloc_no_iommu,functions_by_file,Relevant_KD_Entry_Point,0,"**AIARelevantFunction Score (70)**: The function `nvgpu_dma_alloc_no_iommu` is involved in memory allocation that could be relevant for an AI Accelerator (AIA) context, particularly in the manageme...",None,None
85,drivers/gpu/nvgpu/os/linux/linux-dma.c:nvgpu_get_sgtable_from_pages,functions_by_file,Relevant_KD_Entry_Point,0,**AIARelevantFunction Score (80)**: The function `nvgpu_get_sgtable_from_pages` is involved in creating a scatter-gather table (`sg_table`) from an array of pages. It allocates memory for the `sg_t...,[sg_table; scatterlist],[dma_address; phys_addr; gpu_va]
86,drivers/gpu/nvgpu/os/linux/platform_gk20a_tegra.c:gk20a_tegra_idle,functions_by_file,Relevant_KD_Entry_Point,0,**AIARelevantFunction Score (0%)**: The function `gk20a_tegra_idle` does not interact with shared memory or perform any operations that would typically be associated with an AI Accelerator (AIA). I...,None,None
87,drivers/gpu/nvgpu/os/linux/platform_gk20a_tegra.c:gk20a_tegra_busy,functions_by_file,Relevant_KD_Entry_Point,0,**AIARelevantFunction Score (0)**: The function `gk20a_tegra_busy` does not interact with shared memory or perform any operations that would typically be associated with an AI Accelerator (AIA). It...,None,None
88,drivers/video/tegra/nvmap/nvmap_dmabuf.c:dmabuf_is_nvmap,functions_by_file,Relevant_KD_Entry_Point,0,**AIARelevantFunction Score (0)**: The function `dmabuf_is_nvmap` does not involve any operations related to shared memory management or AI Accelerator integration. It simply checks if the `exp_nam...,None,None
89,drivers/video/tegra/nvmap/nvmap_dmabuf.c:nvmap_dmabuf_attach,functions_by_file,Relevant_KD_Entry_Point,0,**AIARelevantFunction Score (0%)**: The function `nvmap_dmabuf_attach` does not directly involve any operations related to sharing memory with an AI Accelerator (AIA). It simply calls another funct...,None,None
90,drivers/video/tegra/nvmap/nvmap_dmabuf.c:nvmap_dmabuf_mmap,functions_by_file,Relevant_KD_Entry_Point,0,**AIARelevantFunction Score (0)**: The function `nvmap_dmabuf_mmap` does not directly involve any operations related to sharing memory with an AI Accelerator (AIA). It primarily deals with mapping ...,None,None
91,drivers/video/tegra/nvmap/nvmap_dmabuf.c:nvmap_dmabuf_vmap,functions_by_file,Relevant_KD_Entry_Point,0,**AIARelevantFunction Score (0)**: The function `nvmap_dmabuf_vmap` does not interact with an AI Accelerator (AIA) or perform any operations related to shared memory management that would typically...,None,None
92,drivers/video/tegra/nvmap/nvmap_dmabuf.c:_nvmap_dmabuf_unmap_dma_buf,functions_by_file,Relevant_KD_Entry_Point,0,**AIARelevantFunction Score (0%)**: The function `_nvmap_dmabuf_unmap_dma_buf` does not directly involve sharing memory with an AI Accelerator (AIA). It primarily deals with unmapping a DMA buffer ...,None,None
93,drivers/video/tegra/nvmap/nvmap_dmabuf.c:nvmap_dmabuf_get_drv_data,functions_by_file,Relevant_KD_Entry_Point,0,**AIARelevantFunction Score (0%)**: The function `nvmap_dmabuf_get_drv_data` does not interact with an AI Accelerator (AIA) or shared memory management relevant to AIA operations. It primarily retr...,None,None
94,drivers/video/tegra/nvmap/nvmap_dmabuf.c:nvmap_dmabuf_detach,functions_by_file,Relevant_KD_Entry_Point,0,**AIARelevantFunction Score (0%)**: The function `nvmap_dmabuf_detach` does not involve any operations related to sharing memory with an AI Accelerator (AIA). It primarily deals with detaching a DM...,None,None
95,drivers/video/tegra/nvmap/nvmap_dmabuf.c:nvmap_dmabuf_release,functions_by_file,Relevant_KD_Entry_Point,0,**AIARelevantFunction Score (0%)**: The function `nvmap_dmabuf_release` does not involve any operations related to sharing memory with an AI Accelerator (AIA). It primarily deals with releasing a D...,None,None
96,drivers/video/tegra/nvmap/nvmap_dmabuf.c:nvmap_dmabuf_vunmap,functions_by_file,Relevant_KD_Entry_Point,0,**AIARelevantFunction Score (0)**: The function `nvmap_dmabuf_vunmap` does not interact with an AI Accelerator (AIA) or shared memory management relevant to AIA operations. It primarily deals with ...,None,None
97,drivers/video/tegra/nvmap/nvmap_alloc.c:alloc_handle,functions_by_file,Relevant_KD_Entry_Point,0,**AIARelevantFunction Score (0)**: The function `alloc_handle` does not interact with an AI Accelerator (AIA) or shared memory (SMem) directly. It primarily deals with memory allocation for a `nvma...,None,None
98,drivers/video/tegra/nvmap/nvmap_alloc.c:handle_page_alloc,functions_by_file,Relevant_KD_Entry_Point,0,"**AIARelevantFunction Score (80)**: The function `handle_page_alloc` is primarily responsible for allocating memory pages for an `nvmap_handle`, which is likely used in the context of an AI Acceler...",[struct nvmap_handle; struct page],[size; pages; vaddr; dma_buf; dma_buf_ro]
99,drivers/video/tegra/nvmap/nvmap_alloc.c:nvmap_altalloc,functions_by_file,Relevant_KD_Entry_Point,0,**AIARelevantFunction Score (0)**: The function `nvmap_altalloc` does not interact with any AI Accelerator (AIA) relevant operations. It simply allocates memory using either `vzalloc` or `kzalloc` ...,None,None
100,drivers/video/tegra/nvmap/nvmap_alloc.c:nvmap_alloc_pages_exact,functions_by_file,Relevant_KD_Entry_Point,0,"**AIARelevantFunction Score (0)**: The function `nvmap_alloc_pages_exact` is primarily focused on memory allocation using the `alloc_pages` function, which is part of the Linux kernel's memory mana...",None,None
101,drivers/video/tegra/nvmap/nvmap_alloc.c:is_nvmap_id_ro,functions_by_file,Relevant_KD_Entry_Point,0,**AIARelevantFunction Score (0%)**: The function `is_nvmap_id_ro` does not interact with an AI Accelerator (AIA) or shared memory (SMem) directly. It primarily deals with checking if a given NVMAP ...,None,None
102,drivers/video/tegra/nvmap/nvmap_alloc.c:nvmap_altfree,functions_by_file,Relevant_KD_Entry_Point,0,**AIARelevantFunction Score (0)**: The function `nvmap_altfree` does not interact with any AI Accelerator (AIA) relevant operations. It is primarily concerned with freeing memory allocated to a poi...,None,None
103,drivers/video/tegra/nvmap/nvmap_alloc.c:nvmap_alloc_handle_from_va,functions_by_file,Relevant_KD_Entry_Point,0,**AIARelevantFunction Score (0)**: The function `nvmap_alloc_handle_from_va` does not interact with an AI Accelerator (AIA) or shared memory (SMem) directly. It primarily deals with allocating a ha...,None,None
104,drivers/video/tegra/nvmap/nvmap_alloc.c:nvmap_free_handle_from_fd,functions_by_file,Relevant_KD_Entry_Point,0,**AIARelevantFunction Score (0)**: The function `nvmap_free_handle_from_fd` does not interact with an AI Accelerator (AIA) or shared memory management relevant to AIA. It primarily deals with freei...,None,None
105,drivers/video/tegra/nvmap/nvmap_alloc.c:nvmap_free_handle,functions_by_file,Relevant_KD_Entry_Point,0,**AIARelevantFunction Score (0%)**: The function `nvmap_free_handle` does not interact with an AI Accelerator (AIA) or shared memory (SMem) management relevant to AIA operations. It primarily deals...,None,None
106,drivers/video/tegra/nvmap/nvmap_alloc.c:_nvmap_handle_free,functions_by_file,Relevant_KD_Entry_Point,0,**AIARelevantFunction Score (0%)**: The function `_nvmap_handle_free` does not interact with an AI Accelerator (AIA) or shared memory (SMem) in any capacity. It primarily deals with freeing resourc...,None,None
107,drivers/video/tegra/nvmap/nvmap_alloc.c:nvmap_heap_pgfree,functions_by_file,Relevant_KD_Entry_Point,0,**AIARelevantFunction Score (0%)**: The function `nvmap_heap_pgfree` does not involve any operations related to sharing memory with an AI Accelerator (AIA). It primarily deals with freeing memory a...,None,None
108,drivers/video/tegra/nvmap/nvmap_alloc.c:nvmap_heap_pgalloc_dev,functions_by_file,Relevant_KD_Entry_Point,0,"**AIARelevantFunction Score (0%)**: The function `nvmap_heap_pgalloc_dev` does not interact with any AI Accelerator (AIA) relevant memory management functions. It does not pin user pages, obtain ph...",None,None
109,nvgpu_dma_free_sys,dma_operations,Relevant_KD_Entry_Point,0,**AIARelevantFunction Score (20)**: The function `nvgpu_dma_free_sys` primarily deals with freeing DMA memory and does not directly interact with an AI Accelerator (AIA) for memory sharing or manag...,[nvgpu_mem; sg_table],[gpu_va; cpu_va; aligned_size; phys_sgt; dma_address]
110,__dma_buf_export,dma_operations,Relevant_KD_Entry_Point,0,"**AIARelevantFunction (80%)**: The function `__dma_buf_export` is involved in exporting DMA buffers, which is relevant for AI Accelerator integration as it deals with memory management and buffer a...",[struct dma_buf_export_info; struct nvmap_handle_info; struct nvmap_handle],[phys_addr_t; dma_buf*; nvmap_handle*; size_t]
111,nvmap_handle_get_from_id,dma_operations,Relevant_KD_Entry_Point,0,**AIARelevantFunction Score (0)**: The function `nvmap_handle_get_from_id` does not directly interact with an AI Accelerator (AIA) or manage shared memory (SMem) in a way that would facilitate AIA ...,None,None
112,is_nvmap_id_ro,dma_operations,Relevant_KD_Entry_Point,0,**AIARelevantFunction Score (0%)**: The function `is_nvmap_id_ro` does not interact with an AI Accelerator (AIA) or shared memory management relevant to AIA operations. It primarily deals with the ...,None,None
113,nvmap_get_dmabuf_fd,dma_operations,Relevant_KD_Entry_Point,0,**AIARelevantFunction Score (0)**: The function `nvmap_get_dmabuf_fd` does not directly interact with an AI Accelerator (AIA) or shared memory (SMem) management. It primarily deals with exporting a...,None,None
114,nvgpu_mm_pin,dma_operations,Relevant_KD_Entry_Point,0,"**AIARelevantFunction Score (90%)**: The function `nvgpu_mm_pin` is primarily responsible for pinning a DMA buffer to memory, which is a critical operation for enabling an AI Accelerator (AIA) to a...",None,None
115,nvgpu_usermode_buf_from_dmabuf,dma_operations,Relevant_KD_Entry_Point,0,"**AIARelevantFunction Score (80)**: The function `nvgpu_usermode_buf_from_dmabuf` is involved in managing DMA buffers, which is critical for sharing memory with an AI Accelerator (AIA). It uses `dm...",[struct nvgpu_usermode_buf_linux; struct nvgpu_mem],[gpu_va; cpu_va; size; dmabuf; attachment; sgt]
116,gk20a_channel_free_error_notifiers,dma_operations,Relevant_KD_Entry_Point,0,**AIARelevantFunction Score (0%)**: The function `gk20a_channel_free_error_notifiers` does not interact with an AI Accelerator (AIA) or shared memory management relevant to AIA operations. It prima...,None,None
117,nvgpu_mm_unpin,dma_operations,Relevant_KD_Entry_Point,0,**AIARelevantFunction Score (0%)**: The function `nvgpu_mm_unpin` does not involve any operations that directly relate to sharing memory with an AI Accelerator (AIA). It primarily deals with unmapp...,None,None
118,nvgpu_mm_unpin,dma_operations,Relevant_KD_Entry_Point,0,**AIARelevantFunction Score (0)**: The function `nvgpu_mm_unpin` does not involve any operations that directly relate to sharing memory with an AI Accelerator (AIA). It primarily deals with unpinni...,None,None
119,nvgpu_vm_unmap_system,dma_operations,Relevant_KD_Entry_Point,0,**AIARelevantFunction Score (0%)**: The function `nvgpu_vm_unmap_system` does not involve any operations that directly relate to sharing memory with an AI Accelerator (AIA). It primarily deals with...,None,None
120,nvmap_free_handle,dma_operations,Relevant_KD_Entry_Point,0,**AIARelevantFunction Score (0%)**: The function `nvmap_free_handle` does not interact with an AI Accelerator (AIA) or shared memory (SMem) directly. It primarily deals with freeing a handle associ...,None,None
121,nvmap_free_handle,dma_operations,Relevant_KD_Entry_Point,0,**AIARelevantFunction Score (0%)**: The function `nvmap_free_handle` does not interact with an AI Accelerator (AIA) or shared memory (SMem) in a manner that would qualify it as relevant to AIA oper...,None,None
122,destroy_client,dma_operations,Relevant_KD_Entry_Point,0,**AIARelevantFunction Score (0%)**: The function `destroy_client` does not involve any operations related to sharing memory with an AI Accelerator (AIA). It primarily focuses on cleaning up resourc...,None,None
123,destroy_client,dma_operations,Relevant_KD_Entry_Point,0,**AIARelevantFunction Score (0%)**: The `destroy_client` function does not involve any operations related to shared memory (SMem) with an AI Accelerator (AIA). It primarily deals with the destructi...,None,None
124,nvgpu_os_channel_free_usermode_buffers,dma_operations,Relevant_KD_Entry_Point,0,**AIARelevantFunction Score (0%)**: The function `nvgpu_os_channel_free_usermode_buffers` does not involve any operations that directly relate to sharing memory with an AI Accelerator (AIA). It pri...,None,None
125,nvgpu_os_channel_free_usermode_buffers,dma_operations,Relevant_KD_Entry_Point,0,**AIARelevantFunction Score (80)**: The function `nvgpu_os_channel_free_usermode_buffers` is involved in managing user-mode buffers associated with a GPU channel. It interacts with DMA buffers thro...,[nvgpu_usermode_buf_linux; gpfifo_desc],[dmabuf; attachment; sgt; userd_iova; userd_mem]
126,user_copy:nvgpu_channel_copy_user_gpfifo,user_copy_operations,Relevant_KD_Entry_Point,0,**AIARelevantFunction Score (0)**: The function `nvgpu_channel_copy_user_gpfifo` does not directly interact with an AI Accelerator (AIA) or perform operations related to shared memory management fo...,[struct nvgpu_gpfifo_userdata],[entries]
127,user_copy:gk20a_power_write,user_copy_operations,Relevant_KD_Entry_Point,0,**AIARelevantFunction Score (0%)**: The function `gk20a_power_write` does not involve any operations related to shared memory management or interactions with an AI Accelerator (AIA). It primarily h...,None,None
128,user_copy:gk20a_ctrl_get_tpc_masks,user_copy_operations,Relevant_KD_Entry_Point,0,**AIARelevantFunction Score (0)**: The function `gk20a_ctrl_get_tpc_masks` does not directly interact with an AI Accelerator (AIA) or perform operations that involve sharing memory with an AIA. It ...,[struct nvgpu_gpu_get_tpc_masks_args],[mask_buf_addr]
129,user_copy:gk20a_ctrl_get_fbp_l2_masks,user_copy_operations,Relevant_KD_Entry_Point,0,**AIARelevantFunction Score (0)**: The function `gk20a_ctrl_get_fbp_l2_masks` does not interact with an AI Accelerator (AIA) or manage shared memory between the CPU and AIA. It primarily retrieves ...,[struct nvgpu_gpu_get_fbp_l2_masks_args],[mask_buf_addr]
130,user_copy:gk20a_ctrl_vsm_mapping,user_copy_operations,Relevant_KD_Entry_Point,0,**AIARelevantFunction Score (0)**: The function `gk20a_ctrl_vsm_mapping` does not interact with an AI Accelerator (AIA) directly. It primarily focuses on configuring and mapping virtual streaming m...,[struct nvgpu_gpu_vsms_mapping; struct nvgpu_gpu_vsms_mapping_entry],[vsms_map_buf_addr]
131,gk20a_dbg_gpu_dev_release,ioctl_operations,Relevant_KD_Entry_Point,0,**AIARelevantFunction Score (0%)**: The function `gk20a_dbg_gpu_dev_release` does not interact with an AI Accelerator (AIA) or shared memory management relevant to AIA operations. It primarily hand...,None,None
132,gk20a_ctrl_dev_release,ioctl_operations,Relevant_KD_Entry_Point,0,**AIARelevantFunction Score (0%)**: The function `gk20a_ctrl_dev_release` does not involve any operations related to sharing memory with an AI Accelerator (AIA). It primarily handles the release of...,None,None
133,nvmap_open,ioctl_operations,Relevant_KD_Entry_Point,0,**AIARelevantFunction Score (0%)**: The `nvmap_open` function does not involve any operations related to shared memory (SMem) with an AI Accelerator (AIA). It primarily handles the opening of a dev...,None,None
134,gk20a_power_open,ioctl_operations,Relevant_KD_Entry_Point,0,**AIARelevantFunction Score (0%)**: The function `gk20a_power_open` does not involve any operations related to shared memory (SMem) with an AI Accelerator (AIA). It primarily deals with opening a d...,None,None
135,gk20a_power_release,ioctl_operations,Relevant_KD_Entry_Point,0,**AIARelevantFunction Score (0%)**: The function `gk20a_power_release` does not involve any operations related to shared memory (SMem) with an AI Accelerator (AIA). It primarily handles the release...,None,None
136,nvgpu_get_ioctl_graphics_preempt_mode_flags,ioctl_operations,Relevant_KD_Entry_Point,0,**AIARelevantFunction Score (0)**: The function `nvgpu_get_ioctl_graphics_preempt_mode_flags` does not involve any operations related to shared memory (SMem) with an AI Accelerator (AIA). It simply...,None,None
137,nvgpu_get_ioctl_compute_preempt_mode_flags,ioctl_operations,Relevant_KD_Entry_Point,0,**AIARelevantFunction Score (0)**: The function `nvgpu_get_ioctl_compute_preempt_mode_flags` does not involve any operations related to shared memory (SMem) with an AI Accelerator (AIA). It primari...,None,None
138,nvgpu_get_ioctl_graphics_preempt_mode,ioctl_operations,Relevant_KD_Entry_Point,0,**AIARelevantFunction Score (0)**: The function `nvgpu_get_ioctl_graphics_preempt_mode` does not involve any operations related to shared memory (SMem) with an AI Accelerator (AIA). It simply retur...,None,None
139,nvgpu_get_ioctl_compute_preempt_mode,ioctl_operations,Relevant_KD_Entry_Point,0,**AIARelevantFunction Score (0)**: The function `nvgpu_get_ioctl_compute_preempt_mode` does not involve any operations related to shared memory (SMem) with an AI Accelerator (AIA). It simply maps s...,None,None
140,gk20a_as_ioctl_unmap_buffer,ioctl_operations,Relevant_KD_Entry_Point,0,**AIARelevantFunction Score (0%)**: The function `gk20a_as_ioctl_unmap_buffer` does not involve any operations that directly relate to sharing memory with an AI Accelerator (AIA). It primarily focu...,[struct nvgpu_as_unmap_buffer_args],[None identified]
141,nvmap_release,ioctl_operations,Relevant_KD_Entry_Point,0,**AIARelevantFunction Score (0%)**: The `nvmap_release` function does not involve any operations related to shared memory management or interactions with an AI Accelerator (AIA). It primarily handl...,None,None
142,gk20a_event_id_release,ioctl_operations,Relevant_KD_Entry_Point,0,**AIARelevantFunction Score (0%)**: The function `gk20a_event_id_release` does not interact with shared memory or AI Accelerator (AIA) specific operations. It primarily deals with releasing an even...,None,None
143,gk20a_channel_release,ioctl_operations,Relevant_KD_Entry_Point,0,**AIARelevantFunction Score (0%)**: The function `gk20a_channel_release` does not involve any operations related to sharing memory with an AI Accelerator (AIA). It primarily handles the release of ...,None,None
144,nvgpu_ioctl_tsg_dev_release,ioctl_operations,Relevant_KD_Entry_Point,0,**AIARelevantFunction Score (0)**: The function `nvgpu_ioctl_tsg_dev_release` does not involve any operations related to shared memory (SMem) with an AI Accelerator (AIA). It primarily handles the ...,None,None
145,nvgpu_ioctl_tsg_release,ioctl_operations,Relevant_KD_Entry_Point,0,**AIARelevantFunction Score (0%)**: The function `nvgpu_ioctl_tsg_release` does not involve any operations related to shared memory (SMem) with an AI Accelerator (AIA). It primarily deals with rele...,None,None
146,gk20a_as_dev_release,ioctl_operations,Relevant_KD_Entry_Point,0,**AIARelevantFunction Score (0%)**: The function `gk20a_as_dev_release` does not involve any operations related to shared memory management or interactions with an AI Accelerator (AIA). It simply r...,None,None
1,nvmap_ioctl_getfd,dma_operations,Message_Structure_Handling,100,**AIARelevantFunction Score (0)**: The function `nvmap_ioctl_getfd` does not directly interact with an AI Accelerator (AIA) or shared memory management patterns typically associated with AIA integr...,[struct nvmap_create_handle],[op.fd; op.handle]
2,user_copy:nvgpu_channel_copy_user_gpfifo,user_copy_operations,Message_Structure_Handling,100,**AIARelevantFunction Score (0)**: The function `nvgpu_channel_copy_user_gpfifo` does not directly interact with an AI Accelerator (AIA) or perform operations related to shared memory management fo...,[struct nvgpu_gpfifo_userdata],[entries]
3,user_copy:gk20a_ctrl_dev_ioctl,user_copy_operations,Message_Structure_Handling,100,**AIARelevantFunction Score (0)**: The function `gk20a_ctrl_dev_ioctl` does not directly interact with an AI Accelerator (AIA) or manage shared memory (SMem) in a way that would qualify it as an AI...,[nvgpu_gpu_zcull_get_ctx_size_args; nvgpu_gpu_zcull_get_info_args; nvgpu_gpu_zbc_set_table_args; nvgpu_gpu_zbc_query_table_args; nvgpu_gpu_get_characteristics; nvgpu_gpu_prepare_compressible_read_args; nvgpu_gpu_mark_compressible_write_args; nvgpu_alloc_as_args; nvgpu_gpu_open_tsg_args; nvgpu_gpu_get_tpc_masks_args; nvgpu_gpu_get_fbp_l2_masks_args; nvgpu_channel_open_args; nvgpu_gpu_l2_fb_args; nvgpu_gpu_mmu_debug_mode_args; nvgpu_gpu_sm_debug_mode_args],[as_fd; gpu_characteristics_buf_addr; va_range_start; va_range_end; va_range_split; handle; zbc_color; tsg_fd; mask_buf_addr; l2_flush; l2_invalidate; fb_flush; state; enable; sms]
4,user_copy:gk20a_ctrl_ioctl_gpu_characteristics,user_copy_operations,Message_Structure_Handling,100,**AIARelevantFunction Score (0)**: The function `gk20a_ctrl_ioctl_gpu_characteristics` does not involve any operations related to sharing memory with an AI Accelerator (AIA). It primarily retrieves...,[struct nvgpu_gpu_get_characteristics],[gpu_characteristics_buf_addr; gpu_characteristics_buf_size]
5,user_copy:gk20a_ctrl_get_fbp_l2_masks,user_copy_operations,Message_Structure_Handling,100,**AIARelevantFunction Score (0)**: The function `gk20a_ctrl_get_fbp_l2_masks` does not interact with an AI Accelerator (AIA) or manage shared memory between the CPU and AIA. It primarily retrieves ...,[struct nvgpu_gpu_get_fbp_l2_masks_args],[mask_buf_addr]
6,user_copy:nvmap_ioctl_query_heap_params,user_copy_operations,Message_Structure_Handling,100,**AIARelevantFunction Score (0)**: The function `nvmap_ioctl_query_heap_params` does not directly interact with an AI Accelerator (AIA) or manage shared memory (SMem) in a way that would qualify as...,[struct nvmap_query_heap_params],[heap_mask; total; free; largest_free_block]
7,user_copy:nvmap_ioctl_query_heap_params,user_copy_operations,Message_Structure_Handling,100,**AIARelevantFunction Score (0)**: The function `nvmap_ioctl_query_heap_params` does not directly interact with an AI Accelerator (AIA) or manage shared memory (SMem) in a way that is typical for A...,[struct nvmap_query_heap_params],[heap_mask; total; free; largest_free_block]
8,user_copy:nvmap_ioctl_getfd,user_copy_operations,Message_Structure_Handling,100,**AIARelevantFunction Score (0)**: The function `nvmap_ioctl_getfd` does not directly interact with an AI Accelerator (AIA) or shared memory management patterns that are typical for AIA integration...,[nvmap_create_handle],[handle; fd]
9,user_copy:nvgpu_ioctl_tsg_dev_ioctl,user_copy_operations,Message_Structure_Handling,100,**AIARelevantFunction Score (0)**: The function `nvgpu_ioctl_tsg_dev_ioctl` does not directly interact with an AI Accelerator (AIA) or manage shared memory (SMem) for an AIA. It primarily handles I...,[struct nvgpu_tsg_bind_channel_ex_args; struct nvgpu_tsg_read_single_sm_error_state_args; struct nvgpu_tsg_bind_scheduling_domain_args; struct nvgpu_runlist_interleave_args; struct nvgpu_timeslice_args; struct nvgpu_tsg_l2_max_ways_evict_last_args; struct nvgpu_tsg_set_l2_sector_promotion_args],[channel_fd; domain_fd; sm_id; record_mem; record_size; level; timeslice_us; max_ways; promotion_flag]
10,user_copy:nvgpu_ioctl_tsg_dev_ioctl,user_copy_operations,Message_Structure_Handling,100,**AIARelevantFunction Score (0)**: The function `nvgpu_ioctl_tsg_dev_ioctl` does not directly involve sharing memory with an AI Accelerator (AIA). It primarily handles IOCTL commands related to the...,[struct nvgpu_tsg_bind_channel_ex_args; struct nvgpu_tsg_bind_scheduling_domain_args; struct nvgpu_runlist_interleave_args; struct nvgpu_timeslice_args; struct nvgpu_tsg_read_single_sm_error_state_args; struct nvgpu_tsg_l2_max_ways_evict_last_args; struct nvgpu_tsg_set_l2_sector_promotion_args],[channel_fd; domain_fd; timeslice_us; sm_id; record_mem; record_size; max_ways; promotion_flag]
11,gk20a_ctrl_ioctl_gpu_characteristics,ioctl_operations,Message_Structure_Handling,100,**AIARelevantFunction Score (0)**: The function `gk20a_ctrl_ioctl_gpu_characteristics` does not involve any operations related to sharing memory with an AI Accelerator (AIA). It primarily retrieves...,[struct nvgpu_gpu_get_characteristics],[gpu_characteristics_buf_addr; gpu_characteristics_buf_size]
12,nvgpu_as_ioctl_get_sync_ro_map,ioctl_operations,Message_Structure_Handling,100,**AIARelevantFunction Score (0%)**: The function `nvgpu_as_ioctl_get_sync_ro_map` does not involve any operations that directly relate to sharing memory with an AI Accelerator (AIA). It primarily r...,[struct nvgpu_as_get_sync_ro_map_args],[base_gpuva; sync_size; num_syncpoints]
13,nvmap_ioctl_query_heap_params,ioctl_operations,Message_Structure_Handling,100,**AIARelevantFunction Score (0)**: The function `nvmap_ioctl_query_heap_params` does not directly interact with an AI Accelerator (AIA) or manage shared memory (SMem) in a way that would typically ...,[struct nvmap_query_heap_params],[heap_mask; total; free; largest_free_block]
14,nvmap_ioctl_getfd,ioctl_operations,Message_Structure_Handling,100,**AIARelevantFunction Score (0)**: The function `nvmap_ioctl_getfd` does not directly interact with an AI Accelerator (AIA) or manage shared memory (SMem) in a way that would qualify it as an AIA r...,[struct nvmap_create_handle],[fd; handle]
15,nvgpu_gpu_ioctl_register_buffer,ioctl_operations,Message_Structure_Handling,100,**AIARelevantFunction Score (0)**: The function `nvgpu_gpu_ioctl_register_buffer` does not directly interact with an AI Accelerator (AIA) or manage shared memory (SMem) in a way that would qualify ...,[struct nvgpu_gpu_register_buffer_args],[dmabuf_fd; metadata_addr]
16,nvgpu_ioctl_channel_get_user_syncpoint,ioctl_operations,Message_Structure_Handling,100,**AIARelevantFunction Score (0)**: The function `nvgpu_ioctl_channel_get_user_syncpoint` does not directly involve sharing memory with an AI Accelerator (AIA). It primarily deals with user synchron...,[struct nvgpu_get_user_syncpoint_args],[syncpoint_id; gpu_va]
17,gk20a_tsg_ioctl_bind_channel_ex,ioctl_operations,Message_Structure_Handling,100,**AIARelevantFunction Score (0%)**: The function `gk20a_tsg_ioctl_bind_channel_ex` does not directly interact with an AI Accelerator (AIA) or manage shared memory (SMem) in a way that would qualify...,[nvgpu_tsg_bind_channel_ex_args],[channel_fd; subcontext_id]
18,nvgpu_gpu_ioctl_set_l2_max_ways_evict_last,ioctl_operations,Message_Structure_Handling,100,**AIARelevantFunction Score (0)**: The function `nvgpu_gpu_ioctl_set_l2_max_ways_evict_last` does not involve any direct interaction with an AI Accelerator (AIA) or shared memory management pattern...,[struct nvgpu_tsg_l2_max_ways_evict_last_args],[None identified]
19,gk20a_as_ioctl_unmap_buffer,ioctl_operations,Message_Structure_Handling,100,**AIARelevantFunction Score (0%)**: The function `gk20a_as_ioctl_unmap_buffer` does not involve any operations that directly relate to sharing memory with an AI Accelerator (AIA). It primarily focu...,[struct nvgpu_as_unmap_buffer_args],[None identified]
20,nvmap_handle_get_from_id,dma_operations,Message_Structure_Handling,90,"**AIARelevantFunction Score (70)**: The function `nvmap_handle_get_from_id` interacts with DMA buffers through the `dma_buf` structure, which is crucial for memory management in the context of AI a...",[struct nvmap_handle_info; struct dma_buf],[dma_buf* dmabuf; nvmap_handle* handle; u32 id]
21,nvgpu_vm_map_buffer,dma_operations,Message_Structure_Handling,90,"**AIARelevantFunction Score (80%)**: The function `nvgpu_vm_map_buffer` is involved in mapping a DMA buffer to a virtual address space, which is a critical operation for enabling an AI Accelerator ...",[vm_gk20a_mapping_batch],[buffer_offset; mapping_size; *map_addr; dmabuf_fd]
22,nvgpu_vm_map_buffer,dma_operations,Message_Structure_Handling,90,"**AIARelevantFunction Score (80)**: The function `nvgpu_vm_map_buffer` is involved in mapping a DMA buffer to a virtual address space, which is critical for enabling an AI Accelerator (AIA) to acce...",[vm_gk20a_mapping_batch],[dma_buf_fd; buffer_offset; mapping_size; map_addr]
23,nvgpu_vm_map_buffer,dma_operations,Message_Structure_Handling,90,"**AIARelevantFunction Score (80)**: The function `nvgpu_vm_map_buffer` is involved in mapping a DMA buffer to a virtual address space, which is critical for enabling the AI Accelerator (AIA) to acc...",[vm_gk20a_mapping_batch],[dma_buf_fd; buffer_offset; mapping_size; *map_addr]
24,nvgpu_vm_map_buffer,dma_operations,Message_Structure_Handling,90,"**AIARelevantFunction Score (80)**: The function `nvgpu_vm_map_buffer` is involved in mapping a DMA buffer to a virtual address space, which is critical for enabling an AI Accelerator (AIA) to acce...",[vm_gk20a_mapping_batch],[buffer_offset; mapping_size; *map_addr]
25,nvgpu_vm_map_buffer,dma_operations,Message_Structure_Handling,90,"**AIARelevantFunction Score (80)**: The function `nvgpu_vm_map_buffer` is involved in mapping a DMA buffer to a virtual address space, which is critical for enabling the AI Accelerator (AIA) to acc...",[vm_gk20a_mapping_batch],[buffer_offset; mapping_size; *map_addr; dmabuf->size]
26,gk20a_init_error_notifier,dma_operations,Message_Structure_Handling,90,**AIARelevantFunction Score (0)**: The function `gk20a_init_error_notifier` does not directly involve sharing memory with an AI Accelerator (AIA). It primarily deals with initializing an error noti...,[struct nvgpu_set_error_notifier; struct nvgpu_notification],[args->mem; priv->error_notifier.notification; priv->error_notifier.vaddr]
27,gk20a_init_error_notifier,dma_operations,Message_Structure_Handling,90,"**AIARelevantFunction Score (70)**: The function `gk20a_init_error_notifier` interacts with a DMA buffer through the `dma_buf_get` and `dma_buf_put` functions, which are relevant for managing memor...",[struct nvgpu_set_error_notifier; struct nvgpu_notification],[args->mem; priv->error_notifier.notification; priv->error_notifier.vaddr]
28,gk20a_init_error_notifier,dma_operations,Message_Structure_Handling,90,**AIARelevantFunction Score (0)**: The function `gk20a_init_error_notifier` does not directly interact with an AI Accelerator (AIA) or manage shared memory for an AIA. It primarily deals with error...,[struct nvgpu_set_error_notifier; struct nvgpu_notification; struct dma_buf],[mem (memory handle); size; offset]
29,user_copy:nvmap_ioctl_get_available_heaps,user_copy_operations,Message_Structure_Handling,90,**AIARelevantFunction Score (0)**: The function `nvmap_ioctl_get_available_heaps` does not directly involve sharing memory with an AI Accelerator (AIA). It primarily retrieves available heap inform...,[struct nvmap_available_heaps],[None identified]
30,user_copy:nvgpu_gpu_get_engine_info,user_copy_operations,Message_Structure_Handling,90,**AIARelevantFunction Score (0)**: The function `nvgpu_gpu_get_engine_info` does not interact with an AI Accelerator (AIA) or shared memory (SMem) mechanisms. It primarily retrieves engine informat...,[struct nvgpu_gpu_get_engine_info_args; struct nvgpu_gpu_get_engine_info_item],[engine_info_buf_addr; engine_info_buf_size; engine_id; runlist_id]
31,user_copy:nvgpu_gpu_clk_get_range,user_copy_operations,Message_Structure_Handling,90,**AIARelevantFunction Score (0)**: The function `nvgpu_gpu_clk_get_range` does not interact with an AI Accelerator (AIA) or manage shared memory between the CPU and AIA. It primarily deals with que...,[struct nvgpu_gpu_clk_range_args; struct nvgpu_gpu_clk_range],[clk_range_entries; min_hz; max_hz; clk_domain]
32,user_copy:gk20a_as_ioctl_get_va_regions,user_copy_operations,Message_Structure_Handling,90,**AIARelevantFunction Score (0)**: The function `gk20a_as_ioctl_get_va_regions` does not directly interact with an AI Accelerator (AIA) or manage shared memory (SMem) in a way that would qualify it...,[struct nvgpu_as_get_va_regions_args; struct nvgpu_as_va_region],[buf_addr; offset; pages]
33,user_copy:nvgpu_gpu_clk_get_info,user_copy_operations,Message_Structure_Handling,90,**AIARelevantFunction Score (0%)**: The function `nvgpu_gpu_clk_get_info` does not directly interact with an AI Accelerator (AIA) or manage shared memory between the CPU and AIA. It primarily retri...,[struct nvgpu_gpu_clk_get_info_args; struct nvgpu_gpu_clk_info],[clk_info_entries; freq_hz; clk_domain]
34,user_copy:nvgpu_gpu_clk_get_info,user_copy_operations,Message_Structure_Handling,90,"**AIARelevantFunction Score (0%)**: The function `nvgpu_gpu_clk_get_info` does not directly interact with an AI Accelerator (AIA) or manage shared memory for an AIA. Instead, it focuses on retrievi...",[struct nvgpu_gpu_clk_get_info_args; struct nvgpu_gpu_clk_info],[clk_info_entries; clk_domain; freq_hz]
35,user_copy:nvmap_ioctl_alloc,user_copy_operations,Message_Structure_Handling,90,**AIARelevantFunction Score (0)**: The function `nvmap_ioctl_alloc` does not directly interact with an AI Accelerator (AIA) or manage shared memory specifically for an AIA. It primarily deals with ...,[struct nvmap_alloc_handle],[handle; heap_mask; flags; align]
36,user_copy:nvmap_install_fd,user_copy_operations,Message_Structure_Handling,90,**AIARelevantFunction Score (70)**: The function `nvmap_install_fd` interacts with a DMA buffer (`dma_buf`) which is crucial for memory management in the context of AI Accelerators. It checks for t...,[struct nvmap_handle_info; struct dma_buf],[dma_buf->file; nvmap_handle_info->handle; nvmap_handle->dmabuf; nvmap_handle->is_ro]
37,nvmap_ioctl_get_available_heaps,ioctl_operations,Message_Structure_Handling,90,**AIARelevantFunction (0%)**: The function `nvmap_ioctl_get_available_heaps` does not involve any operations that directly relate to sharing memory with an AI Accelerator (AIA). It primarily retrie...,[struct nvmap_available_heaps],[None identified]
38,nvgpu_gpu_ioctl_register_buffer,dma_operations,Message_Structure_Handling,85,"**AIARelevantFunction Score (80)**: The function `nvgpu_gpu_ioctl_register_buffer` is involved in registering a buffer for use with the GPU, which includes handling DMA buffers. It utilizes `dma_bu...",[struct nvgpu_gpu_register_buffer_args],[dmabuf_fd; metadata_addr; metadata_size]
39,user_copy:gk20a_channel_ioctl,user_copy_operations,Message_Structure_Handling,85,"**AIARelevantFunction Score (70)**: The function `gk20a_channel_ioctl` interacts with various structures that are relevant for managing GPU channels and their operations, which may involve shared m...",[nvgpu_alloc_obj_ctx_args; nvgpu_channel_setup_bind_args; nvgpu_alloc_gpfifo_ex_args; nvgpu_submit_gpfifo_args; nvgpu_wait_args; nvgpu_zcull_bind_args; nvgpu_set_error_notifier; nvgpu_set_timeout_args; nvgpu_set_timeout_ex_args; nvgpu_get_param_args],[userd_dmabuf_fd; gpfifo_dmabuf_fd; userd_dmabuf_offset; gpfifo_dmabuf_offset; obj_id]
40,user_copy:gk20a_channel_ioctl,user_copy_operations,Message_Structure_Handling,85,**AIARelevantFunction Score (80)**: The function `gk20a_channel_ioctl` interacts with various structures that are critical for managing GPU channels and their associated resources. It handles comma...,[nvgpu_alloc_obj_ctx_args; nvgpu_channel_setup_bind_args; nvgpu_alloc_gpfifo_ex_args; nvgpu_set_timeout_args; nvgpu_set_timeout_ex_args; nvgpu_get_param_args],[userd_dmabuf_fd; gpfifo_dmabuf_fd; userd_dmabuf_offset; gpfifo_dmabuf_offset; obj_id]
41,user_copy:gk20a_as_dev_ioctl,user_copy_operations,Message_Structure_Handling,85,**AIARelevantFunction Score (80)**: The function `gk20a_as_dev_ioctl` interacts with various memory management operations that are relevant for an AI Accelerator (AIA). It handles commands that inv...,[nvgpu_as_alloc_space_args; nvgpu32_as_alloc_space_args; nvgpu_as_free_space_args; nvgpu_as_map_buffer_ex_args; nvgpu_as_unmap_buffer_args; nvgpu_as_get_va_regions_args; nvgpu_as_map_buffer_batch_args; nvgpu_as_get_sync_ro_map_args; nvgpu_as_mapping_modify_args; nvgpu_as_remap_args],[offset; pages; page_size; buffer_offset; buffer_size; base_gpuva; sync_size; num_syncpoints]
42,user_copy:gk20a_as_dev_ioctl,user_copy_operations,Message_Structure_Handling,85,**AIARelevantFunction Score (80)**: The function `gk20a_as_dev_ioctl` is involved in handling various IOCTL commands that are likely related to memory management and operations involving the AI Acc...,[struct nvgpu32_as_alloc_space_args; struct nvgpu_as_alloc_space_args; struct nvgpu_as_free_space_args; struct nvgpu_as_map_buffer_ex_args; struct nvgpu_as_unmap_buffer_args; struct nvgpu_as_get_va_regions_args; struct nvgpu_as_map_buffer_batch_args; struct nvgpu_as_get_sync_ro_map_args; struct nvgpu_as_mapping_modify_args; struct nvgpu_as_remap_args],[channel_fd; offset; pages; page_size; buffer_offset; mapping_size; base_gpuva; sync_size; num_syncpoints; map_address]
43,user_copy:nvgpu_gpu_ioctl_register_buffer,user_copy_operations,Message_Structure_Handling,85,"**AIARelevantFunction Score (80)**: The function `nvgpu_gpu_ioctl_register_buffer` is involved in managing a DMA buffer, which is critical for AI Accelerator (AIA) operations. It utilizes `dma_buf_...",[struct nvgpu_gpu_register_buffer_args],[dmabuf_fd; metadata_addr; metadata_size]
44,user_copy:nvmap_ioctl_create_from_va,user_copy_operations,Message_Structure_Handling,85,"**AIARelevantFunction Score (80)**: The function `nvmap_ioctl_create_from_va` is involved in creating a handle from a virtual address, which is a critical operation for sharing memory with an AI Ac...",[struct nvmap_create_handle_from_va],[va; size; flags; handle]
45,gk20a_channel_ioctl,ioctl_operations,Message_Structure_Handling,85,"**AIARelevantFunction Score (80)**: The function `gk20a_channel_ioctl` interacts with various structures that are relevant to AI Accelerator operations, particularly in managing channels and memory...",[nvgpu_channel_open_args; nvgpu_alloc_obj_ctx_args; nvgpu_channel_setup_bind_args; nvgpu_alloc_gpfifo_ex_args; nvgpu_wait_args; nvgpu_set_timeout_args; nvgpu_set_timeout_ex_args; nvgpu_get_param_args],[userd_dmabuf_fd; gpfifo_dmabuf_fd; userd_dmabuf_offset; gpfifo_dmabuf_offset; obj_id]
46,gk20a_ioctl_channel_submit_gpfifo,ioctl_operations,Message_Structure_Handling,85,"**AIARelevantFunction (80%)**: The function `gk20a_ioctl_channel_submit_gpfifo` is involved in submitting a GPU FIFO command, which is relevant for AI Accelerator integration. It handles user comma...",[nvgpu_submit_gpfifo_args; nvgpu_channel_fence; nvgpu_user_fence; nvgpu_gpfifo_userdata],[fence.id; fence.value; args.gpfifo; args.num_entries; args.flags; userdata.entries; userdata.context]
47,gk20a_ctrl_dev_ioctl,ioctl_operations,Message_Structure_Handling,85,**AIARelevantFunction Score (80)**: The function `gk20a_ctrl_dev_ioctl` interacts with various GPU operations and handles commands that can involve memory management and data transfer between the C...,[nvgpu_gpu_zcull_get_ctx_size_args; nvgpu_gpu_zcull_get_info_args; nvgpu_gpu_zbc_set_table_args; nvgpu_gpu_zbc_query_table_args; nvgpu_gpu_get_characteristics; nvgpu_gpu_prepare_compressible_read_args; nvgpu_gpu_mark_compressible_write_args; nvgpu_alloc_as_args; nvgpu_gpu_open_tsg_args; nvgpu_gpu_get_tpc_masks_args; nvgpu_gpu_get_fbp_l2_masks_args; nvgpu_channel_open_args; nvgpu_gpu_l2_fb_args; nvgpu_gpu_mmu_debug_mode_args; nvgpu_gpu_sm_debug_mode_args],[handle; as_fd; gpu_instance_id; gr_instance_id; userd_iova; userd_mem; userd_offset; l2_flush; l2_invalidate; fb_flush; state; sms]
48,gk20a_as_dev_ioctl,ioctl_operations,Message_Structure_Handling,85,**AIARelevantFunction Score (80)**: The function `gk20a_as_dev_ioctl` interacts with various memory management operations that are relevant for an AI Accelerator (AIA). It handles memory allocation...,[nvgpu_as_bind_channel_args; nvgpu32_as_alloc_space_args; nvgpu_as_alloc_space_args; nvgpu_as_free_space_args; nvgpu_as_map_buffer_ex_args; nvgpu_as_unmap_buffer_args; nvgpu_as_get_va_regions_args; nvgpu_as_map_buffer_batch_args; nvgpu_as_get_sync_ro_map_args; nvgpu_as_mapping_modify_args; nvgpu_as_remap_args],[channel_fd; pages; page_size; flags; offset; buffer_offset; buffer_size; base_gpuva; num_syncpoints]
49,gk20a_as_ioctl_map_buffer_ex,ioctl_operations,Message_Structure_Handling,85,**AIARelevantFunction Score (80)**: The function `gk20a_as_ioctl_map_buffer_ex` is involved in mapping a buffer for an AI Accelerator (AIA) by utilizing the `nvgpu_vm_map_buffer` function. This fun...,[nvgpu_as_map_buffer_ex_args],[dmabuf_fd; buffer_offset; mapping_size; offset]
50,nvgpu_ioctl_tsg_dev_ioctl,ioctl_operations,Message_Structure_Handling,85,**AIARelevantFunction Score (70%)**: The function `nvgpu_ioctl_tsg_dev_ioctl` interacts with the GPU's task scheduling group (TSG) and handles various commands that could involve memory management ...,[nvgpu_tsg_bind_channel_ex_args; nvgpu_event_id_ctrl_args; nvgpu_runlist_interleave_args; nvgpu_timeslice_args; nvgpu_tsg_read_single_sm_error_state_args; nvgpu_tsg_l2_max_ways_evict_last_args; nvgpu_tsg_set_l2_sector_promotion_args],[channel_fd; event_id; event_fd; max_ways; promotion_flag; record_mem; record_size]
51,nvmap_ioctl_create_from_va,ioctl_operations,Message_Structure_Handling,85,**AIARelevantFunction Score (80)**: The function `nvmap_ioctl_create_from_va` is involved in managing memory for an AI Accelerator (AIA) by creating a handle from a virtual address. It uses the `nv...,[nvmap_create_handle_from_va],[handle; va; size; flags; fd]
52,drivers/gpu/nvgpu/os/linux/linux-dma.c:nvgpu_dma_alloc_flags_sys,functions_by_file,Message_Structure_Handling,80,"**AIARelevantFunction Score (70)**: The function `nvgpu_dma_alloc_flags_sys` is involved in allocating DMA memory, which is relevant for AI Accelerator integration. It uses `dma_alloc_attrs`, which...",[nvgpu_mem],[gpu_va; cpu_va; size; aligned_size]
53,drivers/video/tegra/nvmap/nvmap_dmabuf.c:nvmap_get_dmabuf_fd,functions_by_file,Message_Structure_Handling,80,"**AIARelevantFunction Score (70)**: The function `nvmap_get_dmabuf_fd` is involved in managing DMA buffers, which are crucial for sharing memory between the CPU and an AI Accelerator (AIA). It util...",[struct nvmap_handle; struct dma_buf],[size; vaddr; dma_buf; file; flags]
54,drivers/video/tegra/nvmap/nvmap_dmabuf.c:_nvmap_dmabuf_map_dma_buf,functions_by_file,Message_Structure_Handling,80,**AIARelevantFunction Score (90)**: The function `_nvmap_dmabuf_map_dma_buf` is heavily involved in mapping DMA buffers for an AI Accelerator (AIA). It utilizes the `dma_map_sg_attrs` function to m...,[struct dma_buf_attachment; struct nvmap_handle_info; struct sg_table],[dma_address; phys_addr; device; dma_buf; nvmap_handle]
55,drivers/video/tegra/nvmap/nvmap_alloc.c:nvmap_alloc_handle,functions_by_file,Message_Structure_Handling,80,"**AIARelevantFunction Score (70)**: The function `nvmap_alloc_handle` is involved in memory allocation for the `nvmap_handle`, which is relevant for AI Accelerator integration as it manages memory ...",[struct nvmap_handle; struct nvmap_client],[size; flags; userflags; vaddr; ivm_id; peer]
56,nvmap_handle_get_from_id,dma_operations,Message_Structure_Handling,80,"**AIARelevantFunction Score (60)**: The function `nvmap_handle_get_from_id` interacts with DMA buffers through the `dma_buf` structure, which is relevant for AI Accelerator integration as it manage...",[struct nvmap_handle_info; struct dma_buf],[dma_buf*; nvmap_handle*; nvmap_client*; u32 id]
57,nvmap_handle_get_from_id,dma_operations,Message_Structure_Handling,80,"**AIARelevantFunction Score (70)**: The function `nvmap_handle_get_from_id` interacts with DMA buffers through the `dma_buf` structure, which is crucial for memory management in the context of AI a...",[struct nvmap_handle_info; struct nvmap_handle; struct dma_buf],[dma_buf; nvmap_handle; nvmap_client; file descriptor]
58,nvgpu_gpu_ioctl_register_buffer,dma_operations,Message_Structure_Handling,80,**AIARelevantFunction Score (0)**: The function `nvgpu_gpu_ioctl_register_buffer` does not directly interact with an AI Accelerator (AIA) or manage shared memory (SMem) in a way that would qualify ...,[struct nvgpu_gpu_register_buffer_args],[dmabuf_fd; metadata_addr]
59,nvgpu_mm_pin,dma_operations,Message_Structure_Handling,80,"**AIARelevantFunction Score (90)**: The function `nvgpu_mm_pin` is heavily involved in memory management for DMA operations, specifically attaching and mapping a DMA buffer to a device. It uses `dm...",[struct dma_buf; struct dma_buf_attachment; struct sg_table],[dma_address; usermode_regs_bus_addr; usermode_regs; dma_mask; coherent_dma_mask]
60,user_copy:gk20a_ctrl_dev_ioctl,user_copy_operations,Message_Structure_Handling,80,**AIARelevantFunction Score (70)**: The function `gk20a_ctrl_dev_ioctl` interacts with various GPU operations that could involve shared memory management and communication with the AI Accelerator (...,[nvgpu_gpu_zcull_get_ctx_size_args; nvgpu_gpu_zcull_get_info_args; nvgpu_gpu_zbc_set_table_args; nvgpu_gpu_zbc_query_table_args; nvgpu_gpu_get_characteristics; nvgpu_gpu_prepare_compressible_read_args; nvgpu_gpu_mark_compressible_write_args; nvgpu_alloc_as_args; nvgpu_gpu_open_tsg_args; nvgpu_gpu_get_tpc_masks_args; nvgpu_gpu_get_fbp_l2_masks_args; nvgpu_channel_open_args; nvgpu_gpu_l2_fb_args; nvgpu_gpu_mmu_debug_mode_args; nvgpu_gpu_sm_debug_mode_args],[handle; offset; va_range_start; va_range_end; va_range_split; zbc_color; tsg_fd; mask_buf_addr; syncpt_unit_base; syncpt_unit_size]
61,user_copy:gk20a_ctrl_get_tpc_masks,user_copy_operations,Message_Structure_Handling,80,**AIARelevantFunction Score (0)**: The function `gk20a_ctrl_get_tpc_masks` does not directly interact with an AI Accelerator (AIA) or perform operations that involve sharing memory with an AIA. It ...,[struct nvgpu_gpu_get_tpc_masks_args],[mask_buf_addr]
62,user_copy:gk20a_ctrl_vsm_mapping,user_copy_operations,Message_Structure_Handling,80,**AIARelevantFunction Score (0)**: The function `gk20a_ctrl_vsm_mapping` does not interact with an AI Accelerator (AIA) directly. It primarily focuses on configuring and mapping virtual streaming m...,[struct nvgpu_gpu_vsms_mapping; struct nvgpu_gpu_vsms_mapping_entry],[vsms_map_buf_addr]
63,user_copy:nvmap_ioctl_create,user_copy_operations,Message_Structure_Handling,80,**AIARelevantFunction Score (70)**: The function `nvmap_ioctl_create` is involved in creating a handle for a shared memory buffer that can be used by an AI Accelerator (AIA). It interacts with the ...,[nvmap_create_handle],[handle; handle64; fd; size; orig_size; vaddr; dma_buf]
64,user_copy:nvmap_ioctl_create,user_copy_operations,Message_Structure_Handling,80,"**AIARelevantFunction Score (70)**: The function `nvmap_ioctl_create` is involved in creating a handle for shared memory, which is relevant for AI Accelerator integration. It interacts with DMA buf...",[nvmap_create_handle],[handle; handle64; fd; size; orig_size; vaddr]
65,user_copy:nvmap_ioctl_create_from_va,user_copy_operations,Message_Structure_Handling,80,"**AIARelevantFunction (70%)**: The function `nvmap_ioctl_create_from_va` is involved in creating a handle from a virtual address, which is relevant for memory management in the context of an AI Acc...",[nvmap_create_handle_from_va],[handle; fd; va; size; flags]
66,nvmap_ioctl,ioctl_operations,Message_Structure_Handling,80,"**AIARelevantFunction Score (70)**: The function `nvmap_ioctl` handles various IOCTL commands that can be related to memory management and operations involving shared memory, which is relevant for ...",[struct nvmap_rw_handle; struct nvmap_cache_op; struct nvmap_cache_op_32; struct nvmap_cache_op_64],[addr; handle]
67,gk20a_as_ioctl_get_va_regions,ioctl_operations,Message_Structure_Handling,80,"**AIARelevantFunction Score (70)**: The function `gk20a_as_ioctl_get_va_regions` is involved in managing virtual address regions, which is relevant for AI Accelerator integration. It interacts with...",[struct nvgpu_as_get_va_regions_args; struct nvgpu_as_va_region],[buf_addr; buf_size; offset; page_size; pages]
68,nvmap_ioctl_create,ioctl_operations,Message_Structure_Handling,80,**AIARelevantFunction Score (70)**: The function `nvmap_ioctl_create` interacts with DMA buffers and handles that are crucial for memory management in the context of AI accelerators. It utilizes `d...,[nvmap_create_handle],[handle; handle64; fd; size; orig_size; vaddr; dma_buf; ivm_id]
69,nvmap_ioctl_alloc,ioctl_operations,Message_Structure_Handling,80,"**AIARelevantFunction (70%)**: The function `nvmap_ioctl_alloc` is involved in memory allocation for an AI accelerator, specifically through the use of the `nvmap_alloc_handle` structure. It checks...",[nvmap_alloc_handle],[handle; size; align; heap_mask]
70,drivers/video/tegra/nvmap/nvmap_alloc.c:alloc_handle_from_va,functions_by_file,Message_Structure_Handling,70,**AIARelevantFunction Score (80)**: The function `alloc_handle_from_va` is involved in memory management that is relevant to AI Accelerator integration. It pins user pages to memory using `nvmap_ge...,None,vaddr; size; flags; pages
71,nvgpu_vm_map_buffer,dma_operations,Message_Structure_Handling,70,"**AIARelevantFunction Score (80)**: The function `nvgpu_vm_map_buffer` is involved in mapping a DMA buffer to a virtual address space, which is critical for enabling an AI Accelerator (AIA) to acce...",[vm_gk20a_mapping_batch],[buffer_offset; mapping_size; dmabuf->size; *map_addr]
72,nvgpu_vm_map_buffer,dma_operations,Message_Structure_Handling,70,"**AIARelevantFunction Score (80%)**: The function `nvgpu_vm_map_buffer` is involved in mapping a DMA buffer to a virtual address space, which is critical for enabling an AI Accelerator (AIA) to acc...",[vm_gk20a_mapping_batch],[dma_buf; buffer_offset; mapping_size; *map_addr]
73,nvgpu_mm_pin,dma_operations,Message_Structure_Handling,70,"**AIARelevantFunction Score (80)**: The function `nvgpu_mm_pin` is involved in memory management for DMA buffers, which is critical for AI Accelerator integration. It uses `dma_buf_attach` and `dma...",[struct dma_buf; struct dma_buf_attachment],[size; file; attachments; dma_buf_ops; sg_table; device; direction]
74,nvgpu_usermode_buf_from_dmabuf,dma_operations,Message_Structure_Handling,70,"**AIARelevantFunction Score (80)**: The function `nvgpu_usermode_buf_from_dmabuf` is involved in managing DMA buffers, which is critical for sharing memory with an AI Accelerator (AIA). It uses `dm...",[struct nvgpu_usermode_buf_linux; struct nvgpu_mem],[gpu_va; cpu_va; size; dmabuf; attachment; sgt]
75,nvgpu_os_channel_free_usermode_buffers,dma_operations,Message_Structure_Handling,70,**AIARelevantFunction Score (80)**: The function `nvgpu_os_channel_free_usermode_buffers` is involved in managing user-mode buffers associated with a GPU channel. It interacts with DMA buffers thro...,[nvgpu_usermode_buf_linux; gpfifo_desc],[dmabuf; attachment; sgt; userd_iova; userd_mem]
76,drivers/gpu/nvgpu/os/linux/linux-dma.c:nvgpu_get_sgtable_from_pages,functions_by_file,Message_Structure_Handling,60,**AIARelevantFunction Score (80)**: The function `nvgpu_get_sgtable_from_pages` is involved in creating a scatter-gather table (`sg_table`) from an array of pages. It allocates memory for the `sg_t...,[sg_table; scatterlist],[dma_address; phys_addr; gpu_va]
77,drivers/video/tegra/nvmap/nvmap_alloc.c:handle_page_alloc,functions_by_file,Message_Structure_Handling,60,"**AIARelevantFunction Score (80)**: The function `handle_page_alloc` is primarily responsible for allocating memory pages for an `nvmap_handle`, which is likely used in the context of an AI Acceler...",[struct nvmap_handle; struct page],[size; pages; vaddr; dma_buf; dma_buf_ro]
78,__dma_buf_export,dma_operations,Message_Structure_Handling,60,"**AIARelevantFunction (80%)**: The function `__dma_buf_export` is involved in exporting DMA buffers, which is relevant for AI Accelerator integration as it deals with memory management and buffer a...",[struct dma_buf_export_info; struct nvmap_handle_info; struct nvmap_handle],[phys_addr_t; dma_buf*; nvmap_handle*; size_t]
79,nvmap_ioctl_free,dma_operations,Message_Structure_Handling,60,**AIARelevantFunction Score (0%)**: The function `nvmap_ioctl_free` does not directly involve any operations related to sharing memory with an AI Accelerator (AIA). It primarily deals with freeing ...,[None identified],[None identified]
80,nvmap_ioctl_free,dma_operations,Message_Structure_Handling,60,**AIARelevantFunction Score (0)**: The function `nvmap_ioctl_free` does not directly interact with an AI Accelerator (AIA) or manage shared memory (SMem) for an AIA. It primarily deals with freeing...,[None identified],[None identified]
81,nvmap_ioctl_free,ioctl_operations,Message_Structure_Handling,60,**AIARelevantFunction Score (0)**: The function `nvmap_ioctl_free` does not directly interact with an AI Accelerator (AIA) or shared memory management for an AIA. It primarily deals with freeing a ...,[struct nvmap_client; struct dma_buf],[file descriptor (fd); dma_buf]
82,nvgpu_dma_free_sys,dma_operations,Message_Structure_Handling,40,**AIARelevantFunction Score (20)**: The function `nvgpu_dma_free_sys` primarily deals with freeing DMA memory and does not directly interact with an AI Accelerator (AIA) for memory sharing or manag...,[nvgpu_mem; sg_table],[gpu_va; cpu_va; aligned_size; phys_sgt; dma_address]
83,drivers/gpu/nvgpu/os/linux/linux-dma.c:nvgpu_iommuable,functions_by_file,Message_Structure_Handling,0,**AIARelevantFunction Score (0%)**: The function `nvgpu_iommuable` does not perform any operations related to shared memory management or interactions with an AI Accelerator (AIA). It checks if the...,None,None
84,drivers/gpu/nvgpu/os/linux/linux-dma.c:nvgpu_dma_free_sys,functions_by_file,Message_Structure_Handling,0,**AIARelevantFunction Score (0)**: The function `nvgpu_dma_free_sys` is primarily focused on freeing DMA memory allocated for the GPU. It does not involve any operations that directly relate to sha...,None,None
85,drivers/gpu/nvgpu/os/linux/linux-dma.c:nvgpu_dma_free_no_iommu,functions_by_file,Message_Structure_Handling,0,**AIARelevantFunction Score (0)**: The function `nvgpu_dma_free_no_iommu` is primarily focused on freeing DMA memory that was previously allocated. It does not involve any operations related to sha...,None,None
86,drivers/gpu/nvgpu/os/linux/linux-dma.c:nvgpu_free_sgtable,functions_by_file,Message_Structure_Handling,0,**AIARelevantFunction Score (0)**: The function `nvgpu_free_sgtable` does not involve any operations related to sharing memory with an AI Accelerator (AIA). It primarily deals with freeing a scatte...,None,None
87,drivers/gpu/nvgpu/os/linux/linux-dma.c:nvgpu_dma_flags_to_attrs,functions_by_file,Message_Structure_Handling,0,**AIARelevantFunction Score (0%)**: The function `nvgpu_dma_flags_to_attrs` does not interact with shared memory or AI Accelerator (AIA) specific operations. It primarily translates DMA flags into ...,None,None
88,drivers/gpu/nvgpu/os/linux/linux-dma.c:nvgpu_dma_alloc_no_iommu,functions_by_file,Message_Structure_Handling,0,"**AIARelevantFunction Score (70)**: The function `nvgpu_dma_alloc_no_iommu` is involved in memory allocation that could be relevant for an AI Accelerator (AIA) context, particularly in the manageme...",None,None
89,drivers/gpu/nvgpu/os/linux/platform_gk20a_tegra.c:gk20a_tegra_idle,functions_by_file,Message_Structure_Handling,0,**AIARelevantFunction Score (0%)**: The function `gk20a_tegra_idle` does not interact with shared memory or perform any operations that would typically be associated with an AI Accelerator (AIA). I...,None,None
90,drivers/gpu/nvgpu/os/linux/platform_gk20a_tegra.c:gk20a_tegra_busy,functions_by_file,Message_Structure_Handling,0,**AIARelevantFunction Score (0)**: The function `gk20a_tegra_busy` does not interact with shared memory or perform any operations that would typically be associated with an AI Accelerator (AIA). It...,None,None
91,drivers/video/tegra/nvmap/nvmap_dmabuf.c:dmabuf_is_nvmap,functions_by_file,Message_Structure_Handling,0,**AIARelevantFunction Score (0)**: The function `dmabuf_is_nvmap` does not involve any operations related to shared memory management or AI Accelerator integration. It simply checks if the `exp_nam...,None,None
92,drivers/video/tegra/nvmap/nvmap_dmabuf.c:nvmap_dmabuf_attach,functions_by_file,Message_Structure_Handling,0,**AIARelevantFunction Score (0%)**: The function `nvmap_dmabuf_attach` does not directly involve any operations related to sharing memory with an AI Accelerator (AIA). It simply calls another funct...,None,None
93,drivers/video/tegra/nvmap/nvmap_dmabuf.c:nvmap_dmabuf_mmap,functions_by_file,Message_Structure_Handling,0,**AIARelevantFunction Score (0)**: The function `nvmap_dmabuf_mmap` does not directly involve any operations related to sharing memory with an AI Accelerator (AIA). It primarily deals with mapping ...,None,None
94,drivers/video/tegra/nvmap/nvmap_dmabuf.c:nvmap_dmabuf_vmap,functions_by_file,Message_Structure_Handling,0,**AIARelevantFunction Score (0)**: The function `nvmap_dmabuf_vmap` does not interact with an AI Accelerator (AIA) or perform any operations related to shared memory management that would typically...,None,None
95,drivers/video/tegra/nvmap/nvmap_dmabuf.c:_nvmap_dmabuf_unmap_dma_buf,functions_by_file,Message_Structure_Handling,0,**AIARelevantFunction Score (0%)**: The function `_nvmap_dmabuf_unmap_dma_buf` does not directly involve sharing memory with an AI Accelerator (AIA). It primarily deals with unmapping a DMA buffer ...,None,None
96,drivers/video/tegra/nvmap/nvmap_dmabuf.c:nvmap_dmabuf_get_drv_data,functions_by_file,Message_Structure_Handling,0,**AIARelevantFunction Score (0%)**: The function `nvmap_dmabuf_get_drv_data` does not interact with an AI Accelerator (AIA) or shared memory management relevant to AIA operations. It primarily retr...,None,None
97,drivers/video/tegra/nvmap/nvmap_dmabuf.c:nvmap_dmabuf_detach,functions_by_file,Message_Structure_Handling,0,**AIARelevantFunction Score (0%)**: The function `nvmap_dmabuf_detach` does not involve any operations related to sharing memory with an AI Accelerator (AIA). It primarily deals with detaching a DM...,None,None
98,drivers/video/tegra/nvmap/nvmap_dmabuf.c:nvmap_dmabuf_release,functions_by_file,Message_Structure_Handling,0,**AIARelevantFunction Score (0%)**: The function `nvmap_dmabuf_release` does not involve any operations related to sharing memory with an AI Accelerator (AIA). It primarily deals with releasing a D...,None,None
99,drivers/video/tegra/nvmap/nvmap_dmabuf.c:nvmap_dmabuf_vunmap,functions_by_file,Message_Structure_Handling,0,**AIARelevantFunction Score (0)**: The function `nvmap_dmabuf_vunmap` does not interact with an AI Accelerator (AIA) or shared memory management relevant to AIA operations. It primarily deals with ...,None,None
100,drivers/video/tegra/nvmap/nvmap_alloc.c:alloc_handle,functions_by_file,Message_Structure_Handling,0,**AIARelevantFunction Score (0)**: The function `alloc_handle` does not interact with an AI Accelerator (AIA) or shared memory (SMem) directly. It primarily deals with memory allocation for a `nvma...,None,None
101,drivers/video/tegra/nvmap/nvmap_alloc.c:nvmap_altalloc,functions_by_file,Message_Structure_Handling,0,**AIARelevantFunction Score (0)**: The function `nvmap_altalloc` does not interact with any AI Accelerator (AIA) relevant operations. It simply allocates memory using either `vzalloc` or `kzalloc` ...,None,None
102,drivers/video/tegra/nvmap/nvmap_alloc.c:nvmap_alloc_pages_exact,functions_by_file,Message_Structure_Handling,0,"**AIARelevantFunction Score (0)**: The function `nvmap_alloc_pages_exact` is primarily focused on memory allocation using the `alloc_pages` function, which is part of the Linux kernel's memory mana...",None,None
103,drivers/video/tegra/nvmap/nvmap_alloc.c:is_nvmap_id_ro,functions_by_file,Message_Structure_Handling,0,**AIARelevantFunction Score (0%)**: The function `is_nvmap_id_ro` does not interact with an AI Accelerator (AIA) or shared memory (SMem) directly. It primarily deals with checking if a given NVMAP ...,None,None
104,drivers/video/tegra/nvmap/nvmap_alloc.c:nvmap_altfree,functions_by_file,Message_Structure_Handling,0,**AIARelevantFunction Score (0)**: The function `nvmap_altfree` does not interact with any AI Accelerator (AIA) relevant operations. It is primarily concerned with freeing memory allocated to a poi...,None,None
105,drivers/video/tegra/nvmap/nvmap_alloc.c:nvmap_alloc_handle_from_va,functions_by_file,Message_Structure_Handling,0,**AIARelevantFunction Score (0)**: The function `nvmap_alloc_handle_from_va` does not interact with an AI Accelerator (AIA) or shared memory (SMem) directly. It primarily deals with allocating a ha...,None,None
106,drivers/video/tegra/nvmap/nvmap_alloc.c:nvmap_free_handle_from_fd,functions_by_file,Message_Structure_Handling,0,**AIARelevantFunction Score (0)**: The function `nvmap_free_handle_from_fd` does not interact with an AI Accelerator (AIA) or shared memory management relevant to AIA. It primarily deals with freei...,None,None
107,drivers/video/tegra/nvmap/nvmap_alloc.c:nvmap_free_handle,functions_by_file,Message_Structure_Handling,0,**AIARelevantFunction Score (0%)**: The function `nvmap_free_handle` does not interact with an AI Accelerator (AIA) or shared memory (SMem) management relevant to AIA operations. It primarily deals...,None,None
108,drivers/video/tegra/nvmap/nvmap_alloc.c:_nvmap_handle_free,functions_by_file,Message_Structure_Handling,0,**AIARelevantFunction Score (0%)**: The function `_nvmap_handle_free` does not interact with an AI Accelerator (AIA) or shared memory (SMem) in any capacity. It primarily deals with freeing resourc...,None,None
109,drivers/video/tegra/nvmap/nvmap_alloc.c:nvmap_heap_pgfree,functions_by_file,Message_Structure_Handling,0,**AIARelevantFunction Score (0%)**: The function `nvmap_heap_pgfree` does not involve any operations related to sharing memory with an AI Accelerator (AIA). It primarily deals with freeing memory a...,None,None
110,drivers/video/tegra/nvmap/nvmap_alloc.c:nvmap_heap_pgalloc_dev,functions_by_file,Message_Structure_Handling,0,"**AIARelevantFunction Score (0%)**: The function `nvmap_heap_pgalloc_dev` does not interact with any AI Accelerator (AIA) relevant memory management functions. It does not pin user pages, obtain ph...",None,None
111,nvmap_handle_get_from_id,dma_operations,Message_Structure_Handling,0,**AIARelevantFunction Score (0)**: The function `nvmap_handle_get_from_id` does not directly interact with an AI Accelerator (AIA) or manage shared memory (SMem) in a way that would facilitate AIA ...,None,None
112,is_nvmap_id_ro,dma_operations,Message_Structure_Handling,0,**AIARelevantFunction Score (0%)**: The function `is_nvmap_id_ro` does not interact with an AI Accelerator (AIA) or shared memory management relevant to AIA operations. It primarily deals with the ...,None,None
113,nvmap_get_dmabuf_fd,dma_operations,Message_Structure_Handling,0,**AIARelevantFunction Score (0)**: The function `nvmap_get_dmabuf_fd` does not directly interact with an AI Accelerator (AIA) or shared memory (SMem) management. It primarily deals with exporting a...,None,None
114,nvgpu_mm_pin,dma_operations,Message_Structure_Handling,0,"**AIARelevantFunction Score (90%)**: The function `nvgpu_mm_pin` is primarily responsible for pinning a DMA buffer to memory, which is a critical operation for enabling an AI Accelerator (AIA) to a...",None,None
115,gk20a_channel_free_error_notifiers,dma_operations,Message_Structure_Handling,0,**AIARelevantFunction Score (0%)**: The function `gk20a_channel_free_error_notifiers` does not interact with an AI Accelerator (AIA) or shared memory management relevant to AIA operations. It prima...,None,None
116,nvgpu_mm_unpin,dma_operations,Message_Structure_Handling,0,**AIARelevantFunction Score (0%)**: The function `nvgpu_mm_unpin` does not involve any operations that directly relate to sharing memory with an AI Accelerator (AIA). It primarily deals with unmapp...,None,None
117,nvgpu_mm_unpin,dma_operations,Message_Structure_Handling,0,**AIARelevantFunction Score (0)**: The function `nvgpu_mm_unpin` does not involve any operations that directly relate to sharing memory with an AI Accelerator (AIA). It primarily deals with unpinni...,None,None
118,nvgpu_vm_unmap_system,dma_operations,Message_Structure_Handling,0,**AIARelevantFunction Score (0%)**: The function `nvgpu_vm_unmap_system` does not involve any operations that directly relate to sharing memory with an AI Accelerator (AIA). It primarily deals with...,None,None
119,nvmap_free_handle,dma_operations,Message_Structure_Handling,0,**AIARelevantFunction Score (0%)**: The function `nvmap_free_handle` does not interact with an AI Accelerator (AIA) or shared memory (SMem) directly. It primarily deals with freeing a handle associ...,None,None
120,nvmap_free_handle,dma_operations,Message_Structure_Handling,0,**AIARelevantFunction Score (0%)**: The function `nvmap_free_handle` does not interact with an AI Accelerator (AIA) or shared memory (SMem) in a manner that would qualify it as relevant to AIA oper...,None,None
121,destroy_client,dma_operations,Message_Structure_Handling,0,**AIARelevantFunction Score (0%)**: The function `destroy_client` does not involve any operations related to sharing memory with an AI Accelerator (AIA). It primarily focuses on cleaning up resourc...,None,None
122,destroy_client,dma_operations,Message_Structure_Handling,0,**AIARelevantFunction Score (0%)**: The `destroy_client` function does not involve any operations related to shared memory (SMem) with an AI Accelerator (AIA). It primarily deals with the destructi...,None,None
123,nvgpu_os_channel_free_usermode_buffers,dma_operations,Message_Structure_Handling,0,**AIARelevantFunction Score (0%)**: The function `nvgpu_os_channel_free_usermode_buffers` does not involve any operations that directly relate to sharing memory with an AI Accelerator (AIA). It pri...,None,None
124,user_copy:gk20a_power_write,user_copy_operations,Message_Structure_Handling,0,**AIARelevantFunction Score (0%)**: The function `gk20a_power_write` does not involve any operations related to shared memory management or interactions with an AI Accelerator (AIA). It primarily h...,None,None
125,gk20a_dbg_gpu_dev_release,ioctl_operations,Message_Structure_Handling,0,**AIARelevantFunction Score (0%)**: The function `gk20a_dbg_gpu_dev_release` does not interact with an AI Accelerator (AIA) or shared memory management relevant to AIA operations. It primarily hand...,None,None
126,gk20a_ctrl_dev_release,ioctl_operations,Message_Structure_Handling,0,**AIARelevantFunction Score (0%)**: The function `gk20a_ctrl_dev_release` does not involve any operations related to sharing memory with an AI Accelerator (AIA). It primarily handles the release of...,None,None
127,nvmap_open,ioctl_operations,Message_Structure_Handling,0,**AIARelevantFunction Score (0%)**: The `nvmap_open` function does not involve any operations related to shared memory (SMem) with an AI Accelerator (AIA). It primarily handles the opening of a dev...,None,None
128,gk20a_power_open,ioctl_operations,Message_Structure_Handling,0,**AIARelevantFunction Score (0%)**: The function `gk20a_power_open` does not involve any operations related to shared memory (SMem) with an AI Accelerator (AIA). It primarily deals with opening a d...,None,None
129,gk20a_power_release,ioctl_operations,Message_Structure_Handling,0,**AIARelevantFunction Score (0%)**: The function `gk20a_power_release` does not involve any operations related to shared memory (SMem) with an AI Accelerator (AIA). It primarily handles the release...,None,None
130,gk20a_ctrl_dev_open,ioctl_operations,Message_Structure_Handling,0,**AIARelevantFunction Score (0%)**: The function `gk20a_ctrl_dev_open` does not directly interact with shared memory or perform operations that would typically be associated with AI Accelerator int...,None,None
131,nvgpu_ctrl_ioctl_gpu_characteristics_flags,ioctl_operations,Message_Structure_Handling,0,**AIARelevantFunction Score (0)**: The function `nvgpu_ctrl_ioctl_gpu_characteristics_flags` does not interact with shared memory or AI Accelerator (AIA) specific functions. It primarily checks fla...,None,None
132,nvgpu_get_ioctl_graphics_preempt_mode_flags,ioctl_operations,Message_Structure_Handling,0,**AIARelevantFunction Score (0)**: The function `nvgpu_get_ioctl_graphics_preempt_mode_flags` does not involve any operations related to shared memory (SMem) with an AI Accelerator (AIA). It simply...,None,None
133,nvgpu_get_ioctl_compute_preempt_mode_flags,ioctl_operations,Message_Structure_Handling,0,**AIARelevantFunction Score (0)**: The function `nvgpu_get_ioctl_compute_preempt_mode_flags` does not involve any operations related to shared memory (SMem) with an AI Accelerator (AIA). It primari...,None,None
134,nvgpu_get_ioctl_graphics_preempt_mode,ioctl_operations,Message_Structure_Handling,0,**AIARelevantFunction Score (0)**: The function `nvgpu_get_ioctl_graphics_preempt_mode` does not involve any operations related to shared memory (SMem) with an AI Accelerator (AIA). It simply retur...,None,None
135,nvgpu_get_ioctl_compute_preempt_mode,ioctl_operations,Message_Structure_Handling,0,**AIARelevantFunction Score (0)**: The function `nvgpu_get_ioctl_compute_preempt_mode` does not involve any operations related to shared memory (SMem) with an AI Accelerator (AIA). It simply maps s...,None,None
136,gk20a_as_ioctl_alloc_space,ioctl_operations,Message_Structure_Handling,0,**AIARelevantFunction Score (0)**: The function `gk20a_as_ioctl_alloc_space` does not directly interact with an AI Accelerator (AIA) or manage shared memory (SMem) in a way that would qualify it as...,None,None
137,nvgpu_ioctl_tsg_open,ioctl_operations,Message_Structure_Handling,0,**AIARelevantFunction Score (0%)**: The function `nvgpu_ioctl_tsg_open` does not interact with an AI Accelerator (AIA) or shared memory (SMem) directly. It primarily manages the opening of a task s...,None,None
138,nvgpu_ioctl_channel_alloc_obj_ctx,ioctl_operations,Message_Structure_Handling,0,**AIARelevantFunction Score (0%)**: The function `nvgpu_ioctl_channel_alloc_obj_ctx` does not directly involve any operations related to sharing memory with an AI Accelerator (AIA). It primarily ca...,None,None
139,gk20a_channel_open_ioctl,ioctl_operations,Message_Structure_Handling,0,**AIARelevantFunction Score (0)**: The function `gk20a_channel_open_ioctl` does not interact with shared memory or perform operations that are directly related to an AI Accelerator (AIA). It primar...,None,None
140,gk20a_as_ioctl_bind_channel,ioctl_operations,Message_Structure_Handling,0,**AIARelevantFunction Score (0)**: The function `gk20a_as_ioctl_bind_channel` does not involve any operations related to sharing memory with an AI Accelerator (AIA). It primarily deals with binding...,None,None
141,nvmap_release,ioctl_operations,Message_Structure_Handling,0,**AIARelevantFunction Score (0%)**: The `nvmap_release` function does not involve any operations related to shared memory management or interactions with an AI Accelerator (AIA). It primarily handl...,None,None
142,gk20a_event_id_release,ioctl_operations,Message_Structure_Handling,0,**AIARelevantFunction Score (0%)**: The function `gk20a_event_id_release` does not interact with shared memory or AI Accelerator (AIA) specific operations. It primarily deals with releasing an even...,None,None
143,gk20a_channel_release,ioctl_operations,Message_Structure_Handling,0,**AIARelevantFunction Score (0%)**: The function `gk20a_channel_release` does not involve any operations related to sharing memory with an AI Accelerator (AIA). It primarily handles the release of ...,None,None
144,nvgpu_ioctl_tsg_dev_release,ioctl_operations,Message_Structure_Handling,0,**AIARelevantFunction Score (0)**: The function `nvgpu_ioctl_tsg_dev_release` does not involve any operations related to shared memory (SMem) with an AI Accelerator (AIA). It primarily handles the ...,None,None
145,nvgpu_ioctl_tsg_release,ioctl_operations,Message_Structure_Handling,0,**AIARelevantFunction Score (0%)**: The function `nvgpu_ioctl_tsg_release` does not involve any operations related to shared memory (SMem) with an AI Accelerator (AIA). It primarily deals with rele...,None,None
146,gk20a_as_dev_release,ioctl_operations,Message_Structure_Handling,0,**AIARelevantFunction Score (0%)**: The function `gk20a_as_dev_release` does not involve any operations related to shared memory management or interactions with an AI Accelerator (AIA). It simply r...,None,None
